2025-08-25 11:43:00,780 - INFO - 加载配置文件: /home/hypnosis/data/git/quant_base/backend/strategies_config.json
2025-08-25 11:43:00,780 - INFO - 配置加载成功: 10 个策略
2025-08-25 11:43:00,780 - INFO - 配置管理器初始化完成，配置文件: /home/hypnosis/data/git/quant_base/config/unified_strategy_config.json
2025-08-25 11:43:00,781 - ERROR - 加载策略文件失败 /home/hypnosis/data/git/quant_base/backend/strategies/value_reversal_final_strategy.py: No module named 'talib'
2025-08-25 11:43:00,782 - ERROR - 加载策略文件失败 /home/hypnosis/data/git/quant_base/backend/strategies/reversed_short_optimized_strategy.py: No module named 'talib'
2025-08-25 11:43:00,782 - WARNING - 配置中的策略未找到对应实现: 价值反转策略（最终版）_v1.0
2025-08-25 11:43:00,782 - WARNING - 配置中的策略未找到对应实现: 反转做多策略（优化版）_v1.0
2025-08-25 11:43:00,782 - ERROR - 加载策略文件失败 /home/hypnosis/data/git/quant_base/backend/strategies/value_reversal_final_strategy.py: No module named 'talib'
2025-08-25 11:43:00,783 - ERROR - 加载策略文件失败 /home/hypnosis/data/git/quant_base/backend/strategies/reversed_short_optimized_strategy.py: No module named 'talib'
2025-08-25 11:43:00,783 - WARNING - 配置中的策略未找到对应实现: 价值反转策略（最终版）_v1.0
2025-08-25 11:43:00,783 - WARNING - 配置中的策略未找到对应实现: 反转做多策略（优化版）_v1.0
2025-08-25 11:43:00,783 - INFO - 通用筛选器初始化完成
2025-08-25 11:43:00,783 - INFO - ===== 开始执行通用股票筛选 =====
2025-08-25 11:43:00,799 - INFO - 共找到 11848 个股票文件
2025-08-25 11:43:00,799 - INFO - 启用的策略: ['深渊筑底策略_v2.0', '临界金叉_v1.0', '三重金叉_v1.0', 'MACD零轴启动_v1.0', '周线金叉+日线MA_v1.0', '价值反转策略（最终版）_v1.0', '反转做多策略（优化版）_v1.0', '年度见底机会策略_v1.0', '强势股MA13回调策略_v1.0', '长周期横盘突破策略_v1.0']
2025-08-25 11:43:00,844 - ERROR - 加载策略文件失败 /home/hypnosis/data/git/quant_base/backend/strategies/value_reversal_final_strategy.py: No module named 'talib'
2025-08-25 11:43:00,845 - ERROR - 加载策略文件失败 /home/hypnosis/data/git/quant_base/backend/strategies/reversed_short_optimized_strategy.py: No module named 'talib'
2025-08-25 11:43:00,845 - WARNING - 配置中的策略未找到对应实现: 价值反转策略（最终版）_v1.0
2025-08-25 11:43:00,845 - WARNING - 配置中的策略未找到对应实现: 反转做多策略（优化版）_v1.0
2025-08-25 11:43:00,846 - ERROR - 加载策略文件失败 /home/hypnosis/data/git/quant_base/backend/strategies/value_reversal_final_strategy.py: No module named 'talib'
2025-08-25 11:43:00,846 - ERROR - 加载策略文件失败 /home/hypnosis/data/git/quant_base/backend/strategies/value_reversal_final_strategy.py: No module named 'talib'
2025-08-25 11:43:00,846 - ERROR - 加载策略文件失败 /home/hypnosis/data/git/quant_base/backend/strategies/value_reversal_final_strategy.py: No module named 'talib'
2025-08-25 11:43:00,846 - ERROR - 加载策略文件失败 /home/hypnosis/data/git/quant_base/backend/strategies/value_reversal_final_strategy.py: No module named 'talib'
2025-08-25 11:43:00,846 - ERROR - 加载策略文件失败 /home/hypnosis/data/git/quant_base/backend/strategies/value_reversal_final_strategy.py: No module named 'talib'
2025-08-25 11:43:00,847 - ERROR - 加载策略文件失败 /home/hypnosis/data/git/quant_base/backend/strategies/reversed_short_optimized_strategy.py: No module named 'talib'
2025-08-25 11:43:00,847 - ERROR - 加载策略文件失败 /home/hypnosis/data/git/quant_base/backend/strategies/reversed_short_optimized_strategy.py: No module named 'talib'
2025-08-25 11:43:00,847 - WARNING - 配置中的策略未找到对应实现: 价值反转策略（最终版）_v1.0
2025-08-25 11:43:00,847 - ERROR - 加载策略文件失败 /home/hypnosis/data/git/quant_base/backend/strategies/value_reversal_final_strategy.py: No module named 'talib'
2025-08-25 11:43:00,847 - WARNING - 配置中的策略未找到对应实现: 反转做多策略（优化版）_v1.0
2025-08-25 11:43:00,847 - ERROR - 加载策略文件失败 /home/hypnosis/data/git/quant_base/backend/strategies/reversed_short_optimized_strategy.py: No module named 'talib'
2025-08-25 11:43:00,847 - ERROR - 加载策略文件失败 /home/hypnosis/data/git/quant_base/backend/strategies/value_reversal_final_strategy.py: No module named 'talib'
2025-08-25 11:43:00,847 - WARNING - 配置中的策略未找到对应实现: 价值反转策略（最终版）_v1.0
2025-08-25 11:43:00,847 - ERROR - 加载策略文件失败 /home/hypnosis/data/git/quant_base/backend/strategies/reversed_short_optimized_strategy.py: No module named 'talib'
2025-08-25 11:43:00,847 - WARNING - 配置中的策略未找到对应实现: 反转做多策略（优化版）_v1.0
2025-08-25 11:43:00,847 - ERROR - 加载策略文件失败 /home/hypnosis/data/git/quant_base/backend/strategies/value_reversal_final_strategy.py: No module named 'talib'
2025-08-25 11:43:00,847 - WARNING - 配置中的策略未找到对应实现: 价值反转策略（最终版）_v1.0
2025-08-25 11:43:00,847 - WARNING - 配置中的策略未找到对应实现: 反转做多策略（优化版）_v1.0
2025-08-25 11:43:00,847 - ERROR - 加载策略文件失败 /home/hypnosis/data/git/quant_base/backend/strategies/reversed_short_optimized_strategy.py: No module named 'talib'
2025-08-25 11:43:00,847 - WARNING - 配置中的策略未找到对应实现: 价值反转策略（最终版）_v1.0
2025-08-25 11:43:00,847 - WARNING - 配置中的策略未找到对应实现: 反转做多策略（优化版）_v1.0
2025-08-25 11:43:00,848 - WARNING - 配置中的策略未找到对应实现: 价值反转策略（最终版）_v1.0
2025-08-25 11:43:00,848 - WARNING - 配置中的策略未找到对应实现: 反转做多策略（优化版）_v1.0
2025-08-25 11:43:00,848 - ERROR - 加载策略文件失败 /home/hypnosis/data/git/quant_base/backend/strategies/reversed_short_optimized_strategy.py: No module named 'talib'
2025-08-25 11:43:00,848 - ERROR - 加载策略文件失败 /home/hypnosis/data/git/quant_base/backend/strategies/reversed_short_optimized_strategy.py: No module named 'talib'
2025-08-25 11:43:00,848 - ERROR - 加载策略文件失败 /home/hypnosis/data/git/quant_base/backend/strategies/value_reversal_final_strategy.py: No module named 'talib'
2025-08-25 11:43:00,848 - ERROR - 加载策略文件失败 /home/hypnosis/data/git/quant_base/backend/strategies/value_reversal_final_strategy.py: No module named 'talib'
2025-08-25 11:43:00,848 - WARNING - 配置中的策略未找到对应实现: 价值反转策略（最终版）_v1.0
2025-08-25 11:43:00,848 - WARNING - 配置中的策略未找到对应实现: 价值反转策略（最终版）_v1.0
2025-08-25 11:43:00,848 - WARNING - 配置中的策略未找到对应实现: 反转做多策略（优化版）_v1.0
2025-08-25 11:43:00,848 - WARNING - 配置中的策略未找到对应实现: 反转做多策略（优化版）_v1.0
2025-08-25 11:43:00,848 - ERROR - 加载策略文件失败 /home/hypnosis/data/git/quant_base/backend/strategies/reversed_short_optimized_strategy.py: No module named 'talib'
2025-08-25 11:43:00,849 - WARNING - 配置中的策略未找到对应实现: 价值反转策略（最终版）_v1.0
2025-08-25 11:43:00,849 - WARNING - 配置中的策略未找到对应实现: 反转做多策略（优化版）_v1.0
2025-08-25 11:43:00,849 - ERROR - 加载策略文件失败 /home/hypnosis/data/git/quant_base/backend/strategies/reversed_short_optimized_strategy.py: No module named 'talib'
2025-08-25 11:43:00,849 - ERROR - 加载策略文件失败 /home/hypnosis/data/git/quant_base/backend/strategies/value_reversal_final_strategy.py: No module named 'talib'
2025-08-25 11:43:00,849 - WARNING - 配置中的策略未找到对应实现: 价值反转策略（最终版）_v1.0
2025-08-25 11:43:00,849 - ERROR - 加载策略文件失败 /home/hypnosis/data/git/quant_base/backend/strategies/reversed_short_optimized_strategy.py: No module named 'talib'
2025-08-25 11:43:00,849 - WARNING - 配置中的策略未找到对应实现: 反转做多策略（优化版）_v1.0
2025-08-25 11:43:00,849 - ERROR - 加载策略文件失败 /home/hypnosis/data/git/quant_base/backend/strategies/value_reversal_final_strategy.py: No module named 'talib'
2025-08-25 11:43:00,849 - WARNING - 配置中的策略未找到对应实现: 价值反转策略（最终版）_v1.0
2025-08-25 11:43:00,849 - WARNING - 配置中的策略未找到对应实现: 反转做多策略（优化版）_v1.0
2025-08-25 11:43:00,849 - ERROR - 加载策略文件失败 /home/hypnosis/data/git/quant_base/backend/strategies/value_reversal_final_strategy.py: No module named 'talib'
2025-08-25 11:43:00,850 - ERROR - 加载策略文件失败 /home/hypnosis/data/git/quant_base/backend/strategies/value_reversal_final_strategy.py: No module named 'talib'
2025-08-25 11:43:00,850 - ERROR - 加载策略文件失败 /home/hypnosis/data/git/quant_base/backend/strategies/reversed_short_optimized_strategy.py: No module named 'talib'
2025-08-25 11:43:00,850 - WARNING - 配置中的策略未找到对应实现: 价值反转策略（最终版）_v1.0
2025-08-25 11:43:00,850 - WARNING - 配置中的策略未找到对应实现: 反转做多策略（优化版）_v1.0
2025-08-25 11:43:00,851 - ERROR - 加载策略文件失败 /home/hypnosis/data/git/quant_base/backend/strategies/reversed_short_optimized_strategy.py: No module named 'talib'
2025-08-25 11:43:00,851 - ERROR - 加载策略文件失败 /home/hypnosis/data/git/quant_base/backend/strategies/value_reversal_final_strategy.py: No module named 'talib'
2025-08-25 11:43:00,851 - WARNING - 配置中的策略未找到对应实现: 价值反转策略（最终版）_v1.0
2025-08-25 11:43:00,851 - ERROR - 加载策略文件失败 /home/hypnosis/data/git/quant_base/backend/strategies/value_reversal_final_strategy.py: No module named 'talib'
2025-08-25 11:43:00,851 - WARNING - 配置中的策略未找到对应实现: 反转做多策略（优化版）_v1.0
2025-08-25 11:43:00,851 - ERROR - 加载策略文件失败 /home/hypnosis/data/git/quant_base/backend/strategies/value_reversal_final_strategy.py: No module named 'talib'
2025-08-25 11:43:00,851 - ERROR - 加载策略文件失败 /home/hypnosis/data/git/quant_base/backend/strategies/value_reversal_final_strategy.py: No module named 'talib'
2025-08-25 11:43:00,852 - ERROR - 加载策略文件失败 /home/hypnosis/data/git/quant_base/backend/strategies/reversed_short_optimized_strategy.py: No module named 'talib'
2025-08-25 11:43:00,852 - ERROR - 加载策略文件失败 /home/hypnosis/data/git/quant_base/backend/strategies/value_reversal_final_strategy.py: No module named 'talib'
2025-08-25 11:43:00,852 - ERROR - 加载策略文件失败 /home/hypnosis/data/git/quant_base/backend/strategies/reversed_short_optimized_strategy.py: No module named 'talib'
2025-08-25 11:43:00,852 - WARNING - 配置中的策略未找到对应实现: 价值反转策略（最终版）_v1.0
2025-08-25 11:43:00,852 - WARNING - 配置中的策略未找到对应实现: 反转做多策略（优化版）_v1.0
2025-08-25 11:43:00,852 - WARNING - 配置中的策略未找到对应实现: 价值反转策略（最终版）_v1.0
2025-08-25 11:43:00,852 - ERROR - 加载策略文件失败 /home/hypnosis/data/git/quant_base/backend/strategies/reversed_short_optimized_strategy.py: No module named 'talib'
2025-08-25 11:43:00,852 - ERROR - 加载策略文件失败 /home/hypnosis/data/git/quant_base/backend/strategies/reversed_short_optimized_strategy.py: No module named 'talib'
2025-08-25 11:43:00,852 - WARNING - 配置中的策略未找到对应实现: 反转做多策略（优化版）_v1.0
2025-08-25 11:43:00,852 - WARNING - 配置中的策略未找到对应实现: 价值反转策略（最终版）_v1.0
2025-08-25 11:43:00,852 - WARNING - 配置中的策略未找到对应实现: 反转做多策略（优化版）_v1.0
2025-08-25 11:43:00,852 - WARNING - 配置中的策略未找到对应实现: 价值反转策略（最终版）_v1.0
2025-08-25 11:43:00,852 - ERROR - 加载策略文件失败 /home/hypnosis/data/git/quant_base/backend/strategies/reversed_short_optimized_strategy.py: No module named 'talib'
2025-08-25 11:43:00,852 - WARNING - 配置中的策略未找到对应实现: 反转做多策略（优化版）_v1.0
2025-08-25 11:43:00,853 - WARNING - 配置中的策略未找到对应实现: 价值反转策略（最终版）_v1.0
2025-08-25 11:43:00,853 - ERROR - 加载策略文件失败 /home/hypnosis/data/git/quant_base/backend/strategies/reversed_short_optimized_strategy.py: No module named 'talib'
2025-08-25 11:43:00,853 - ERROR - 加载策略文件失败 /home/hypnosis/data/git/quant_base/backend/strategies/value_reversal_final_strategy.py: No module named 'talib'
2025-08-25 11:43:00,853 - WARNING - 配置中的策略未找到对应实现: 反转做多策略（优化版）_v1.0
2025-08-25 11:43:00,853 - WARNING - 配置中的策略未找到对应实现: 价值反转策略（最终版）_v1.0
2025-08-25 11:43:00,853 - ERROR - 加载策略文件失败 /home/hypnosis/data/git/quant_base/backend/strategies/value_reversal_final_strategy.py: No module named 'talib'
2025-08-25 11:43:00,853 - WARNING - 配置中的策略未找到对应实现: 反转做多策略（优化版）_v1.0
2025-08-25 11:43:00,853 - ERROR - 加载策略文件失败 /home/hypnosis/data/git/quant_base/backend/strategies/reversed_short_optimized_strategy.py: No module named 'talib'
2025-08-25 11:43:00,853 - WARNING - 配置中的策略未找到对应实现: 价值反转策略（最终版）_v1.0
2025-08-25 11:43:00,854 - WARNING - 配置中的策略未找到对应实现: 反转做多策略（优化版）_v1.0
2025-08-25 11:43:00,854 - ERROR - 加载策略文件失败 /home/hypnosis/data/git/quant_base/backend/strategies/reversed_short_optimized_strategy.py: No module named 'talib'
2025-08-25 11:43:00,854 - WARNING - 配置中的策略未找到对应实现: 价值反转策略（最终版）_v1.0
2025-08-25 11:43:00,854 - WARNING - 配置中的策略未找到对应实现: 反转做多策略（优化版）_v1.0
2025-08-25 11:43:00,854 - ERROR - 加载策略文件失败 /home/hypnosis/data/git/quant_base/backend/strategies/value_reversal_final_strategy.py: No module named 'talib'
2025-08-25 11:43:00,855 - ERROR - 加载策略文件失败 /home/hypnosis/data/git/quant_base/backend/strategies/reversed_short_optimized_strategy.py: No module named 'talib'
2025-08-25 11:43:00,855 - WARNING - 配置中的策略未找到对应实现: 价值反转策略（最终版）_v1.0
2025-08-25 11:43:00,855 - WARNING - 配置中的策略未找到对应实现: 反转做多策略（优化版）_v1.0
2025-08-25 11:43:00,855 - ERROR - 加载策略文件失败 /home/hypnosis/data/git/quant_base/backend/strategies/reversed_short_optimized_strategy.py: No module named 'talib'
2025-08-25 11:43:00,856 - WARNING - 配置中的策略未找到对应实现: 价值反转策略（最终版）_v1.0
2025-08-25 11:43:00,856 - WARNING - 配置中的策略未找到对应实现: 反转做多策略（优化版）_v1.0
2025-08-25 11:43:00,856 - ERROR - 加载策略文件失败 /home/hypnosis/data/git/quant_base/backend/strategies/value_reversal_final_strategy.py: No module named 'talib'
2025-08-25 11:43:00,856 - ERROR - 加载策略文件失败 /home/hypnosis/data/git/quant_base/backend/strategies/value_reversal_final_strategy.py: No module named 'talib'
2025-08-25 11:43:00,857 - ERROR - 加载策略文件失败 /home/hypnosis/data/git/quant_base/backend/strategies/reversed_short_optimized_strategy.py: No module named 'talib'
2025-08-25 11:43:00,857 - ERROR - 加载策略文件失败 /home/hypnosis/data/git/quant_base/backend/strategies/reversed_short_optimized_strategy.py: No module named 'talib'
2025-08-25 11:43:00,857 - ERROR - 加载策略文件失败 /home/hypnosis/data/git/quant_base/backend/strategies/value_reversal_final_strategy.py: No module named 'talib'
2025-08-25 11:43:00,857 - WARNING - 配置中的策略未找到对应实现: 价值反转策略（最终版）_v1.0
2025-08-25 11:43:00,857 - WARNING - 配置中的策略未找到对应实现: 价值反转策略（最终版）_v1.0
2025-08-25 11:43:00,857 - WARNING - 配置中的策略未找到对应实现: 反转做多策略（优化版）_v1.0
2025-08-25 11:43:00,857 - WARNING - 配置中的策略未找到对应实现: 反转做多策略（优化版）_v1.0
2025-08-25 11:43:00,858 - ERROR - 加载策略文件失败 /home/hypnosis/data/git/quant_base/backend/strategies/reversed_short_optimized_strategy.py: No module named 'talib'
2025-08-25 11:43:00,858 - WARNING - 配置中的策略未找到对应实现: 价值反转策略（最终版）_v1.0
2025-08-25 11:43:00,859 - WARNING - 配置中的策略未找到对应实现: 反转做多策略（优化版）_v1.0
2025-08-25 11:43:00,859 - ERROR - 加载策略文件失败 /home/hypnosis/data/git/quant_base/backend/strategies/value_reversal_final_strategy.py: No module named 'talib'
2025-08-25 11:43:00,859 - ERROR - 加载策略文件失败 /home/hypnosis/data/git/quant_base/backend/strategies/value_reversal_final_strategy.py: No module named 'talib'
2025-08-25 11:43:00,860 - ERROR - 加载策略文件失败 /home/hypnosis/data/git/quant_base/backend/strategies/reversed_short_optimized_strategy.py: No module named 'talib'
2025-08-25 11:43:00,860 - ERROR - 加载策略文件失败 /home/hypnosis/data/git/quant_base/backend/strategies/reversed_short_optimized_strategy.py: No module named 'talib'
2025-08-25 11:43:00,860 - WARNING - 配置中的策略未找到对应实现: 价值反转策略（最终版）_v1.0
2025-08-25 11:43:00,860 - WARNING - 配置中的策略未找到对应实现: 反转做多策略（优化版）_v1.0
2025-08-25 11:43:00,860 - WARNING - 配置中的策略未找到对应实现: 价值反转策略（最终版）_v1.0
2025-08-25 11:43:00,860 - WARNING - 配置中的策略未找到对应实现: 反转做多策略（优化版）_v1.0
2025-08-25 11:43:00,863 - ERROR - 加载策略文件失败 /home/hypnosis/data/git/quant_base/backend/strategies/value_reversal_final_strategy.py: No module named 'talib'
2025-08-25 11:43:00,864 - ERROR - 加载策略文件失败 /home/hypnosis/data/git/quant_base/backend/strategies/reversed_short_optimized_strategy.py: No module named 'talib'
2025-08-25 11:43:00,864 - WARNING - 配置中的策略未找到对应实现: 价值反转策略（最终版）_v1.0
2025-08-25 11:43:00,864 - WARNING - 配置中的策略未找到对应实现: 反转做多策略（优化版）_v1.0
2025-08-25 11:43:00,865 - ERROR - 加载策略文件失败 /home/hypnosis/data/git/quant_base/backend/strategies/value_reversal_final_strategy.py: No module named 'talib'
2025-08-25 11:43:00,865 - ERROR - 加载策略文件失败 /home/hypnosis/data/git/quant_base/backend/strategies/value_reversal_final_strategy.py: No module named 'talib'
2025-08-25 11:43:00,866 - ERROR - 加载策略文件失败 /home/hypnosis/data/git/quant_base/backend/strategies/reversed_short_optimized_strategy.py: No module named 'talib'
2025-08-25 11:43:00,866 - ERROR - 加载策略文件失败 /home/hypnosis/data/git/quant_base/backend/strategies/reversed_short_optimized_strategy.py: No module named 'talib'
2025-08-25 11:43:00,866 - WARNING - 配置中的策略未找到对应实现: 价值反转策略（最终版）_v1.0
2025-08-25 11:43:00,866 - WARNING - 配置中的策略未找到对应实现: 价值反转策略（最终版）_v1.0
2025-08-25 11:43:00,866 - WARNING - 配置中的策略未找到对应实现: 反转做多策略（优化版）_v1.0
2025-08-25 11:43:00,866 - WARNING - 配置中的策略未找到对应实现: 反转做多策略（优化版）_v1.0
2025-08-25 11:43:00,868 - ERROR - 策略未注册: 价值反转策略（最终版）_v1.0
2025-08-25 11:43:00,868 - ERROR - 可用策略: ['强势股MA13回调策略_v1.0', 'STRONG_STOCK_MA13_PULLBACK_v1.0', '周线金叉+日线MA_v1.0', 'WEEKLY_GOLDEN_CROSS_MA_v1.0', '年度见底机会策略_v1.0', 'ANNUAL_BOTTOM_OPPORTUNITY_v1.0', 'MACD零轴启动_v1.0', 'MACD_ZERO_AXIS_v1.0', '长周期横盘突破策略_v1.0', 'LONG_TERM_CONSOLIDATION_BREAKOUT_v1.0', '深渊筑底策略_v2.0', 'ABYSS_BOTTOMING_v2.0', '临界金叉_v1.0', 'PRE_CROSS_v1.0', '三重金叉_v1.0', 'TRIPLE_CROSS_v1.0']
2025-08-25 11:43:00,868 - ERROR - 策略未注册: 反转做多策略（优化版）_v1.0
2025-08-25 11:43:00,868 - ERROR - 可用策略: ['强势股MA13回调策略_v1.0', 'STRONG_STOCK_MA13_PULLBACK_v1.0', '周线金叉+日线MA_v1.0', 'WEEKLY_GOLDEN_CROSS_MA_v1.0', '年度见底机会策略_v1.0', 'ANNUAL_BOTTOM_OPPORTUNITY_v1.0', 'MACD零轴启动_v1.0', 'MACD_ZERO_AXIS_v1.0', '长周期横盘突破策略_v1.0', 'LONG_TERM_CONSOLIDATION_BREAKOUT_v1.0', '深渊筑底策略_v2.0', 'ABYSS_BOTTOMING_v2.0', '临界金叉_v1.0', 'PRE_CROSS_v1.0', '三重金叉_v1.0', 'TRIPLE_CROSS_v1.0']
2025-08-25 11:43:00,868 - ERROR - 策略未注册: 价值反转策略（最终版）_v1.0
2025-08-25 11:43:00,868 - ERROR - 可用策略: ['强势股MA13回调策略_v1.0', 'STRONG_STOCK_MA13_PULLBACK_v1.0', '周线金叉+日线MA_v1.0', 'WEEKLY_GOLDEN_CROSS_MA_v1.0', '年度见底机会策略_v1.0', 'ANNUAL_BOTTOM_OPPORTUNITY_v1.0', 'MACD零轴启动_v1.0', 'MACD_ZERO_AXIS_v1.0', '长周期横盘突破策略_v1.0', 'LONG_TERM_CONSOLIDATION_BREAKOUT_v1.0', '深渊筑底策略_v2.0', 'ABYSS_BOTTOMING_v2.0', '临界金叉_v1.0', 'PRE_CROSS_v1.0', '三重金叉_v1.0', 'TRIPLE_CROSS_v1.0']
2025-08-25 11:43:00,869 - ERROR - 策略未注册: 反转做多策略（优化版）_v1.0
2025-08-25 11:43:00,869 - ERROR - 可用策略: ['强势股MA13回调策略_v1.0', 'STRONG_STOCK_MA13_PULLBACK_v1.0', '周线金叉+日线MA_v1.0', 'WEEKLY_GOLDEN_CROSS_MA_v1.0', '年度见底机会策略_v1.0', 'ANNUAL_BOTTOM_OPPORTUNITY_v1.0', 'MACD零轴启动_v1.0', 'MACD_ZERO_AXIS_v1.0', '长周期横盘突破策略_v1.0', 'LONG_TERM_CONSOLIDATION_BREAKOUT_v1.0', '深渊筑底策略_v2.0', 'ABYSS_BOTTOMING_v2.0', '临界金叉_v1.0', 'PRE_CROSS_v1.0', '三重金叉_v1.0', 'TRIPLE_CROSS_v1.0']
2025-08-25 11:43:00,869 - ERROR - 策略未注册: 价值反转策略（最终版）_v1.0
2025-08-25 11:43:00,869 - ERROR - 可用策略: ['强势股MA13回调策略_v1.0', 'STRONG_STOCK_MA13_PULLBACK_v1.0', '周线金叉+日线MA_v1.0', 'WEEKLY_GOLDEN_CROSS_MA_v1.0', '年度见底机会策略_v1.0', 'ANNUAL_BOTTOM_OPPORTUNITY_v1.0', 'MACD零轴启动_v1.0', 'MACD_ZERO_AXIS_v1.0', '长周期横盘突破策略_v1.0', 'LONG_TERM_CONSOLIDATION_BREAKOUT_v1.0', '深渊筑底策略_v2.0', 'ABYSS_BOTTOMING_v2.0', '临界金叉_v1.0', 'PRE_CROSS_v1.0', '三重金叉_v1.0', 'TRIPLE_CROSS_v1.0']
2025-08-25 11:43:00,869 - ERROR - 策略未注册: 反转做多策略（优化版）_v1.0
2025-08-25 11:43:00,869 - ERROR - 可用策略: ['强势股MA13回调策略_v1.0', 'STRONG_STOCK_MA13_PULLBACK_v1.0', '周线金叉+日线MA_v1.0', 'WEEKLY_GOLDEN_CROSS_MA_v1.0', '年度见底机会策略_v1.0', 'ANNUAL_BOTTOM_OPPORTUNITY_v1.0', 'MACD零轴启动_v1.0', 'MACD_ZERO_AXIS_v1.0', '长周期横盘突破策略_v1.0', 'LONG_TERM_CONSOLIDATION_BREAKOUT_v1.0', '深渊筑底策略_v2.0', 'ABYSS_BOTTOMING_v2.0', '临界金叉_v1.0', 'PRE_CROSS_v1.0', '三重金叉_v1.0', 'TRIPLE_CROSS_v1.0']
2025-08-25 11:43:00,870 - ERROR - 策略未注册: 价值反转策略（最终版）_v1.0
2025-08-25 11:43:00,870 - ERROR - 可用策略: ['强势股MA13回调策略_v1.0', 'STRONG_STOCK_MA13_PULLBACK_v1.0', '周线金叉+日线MA_v1.0', 'WEEKLY_GOLDEN_CROSS_MA_v1.0', '年度见底机会策略_v1.0', 'ANNUAL_BOTTOM_OPPORTUNITY_v1.0', 'MACD零轴启动_v1.0', 'MACD_ZERO_AXIS_v1.0', '长周期横盘突破策略_v1.0', 'LONG_TERM_CONSOLIDATION_BREAKOUT_v1.0', '深渊筑底策略_v2.0', 'ABYSS_BOTTOMING_v2.0', '临界金叉_v1.0', 'PRE_CROSS_v1.0', '三重金叉_v1.0', 'TRIPLE_CROSS_v1.0']
2025-08-25 11:43:00,870 - ERROR - 策略未注册: 反转做多策略（优化版）_v1.0
2025-08-25 11:43:00,870 - ERROR - 策略未注册: 价值反转策略（最终版）_v1.0
2025-08-25 11:43:00,870 - ERROR - 可用策略: ['强势股MA13回调策略_v1.0', 'STRONG_STOCK_MA13_PULLBACK_v1.0', '周线金叉+日线MA_v1.0', 'WEEKLY_GOLDEN_CROSS_MA_v1.0', '年度见底机会策略_v1.0', 'ANNUAL_BOTTOM_OPPORTUNITY_v1.0', 'MACD零轴启动_v1.0', 'MACD_ZERO_AXIS_v1.0', '长周期横盘突破策略_v1.0', 'LONG_TERM_CONSOLIDATION_BREAKOUT_v1.0', '深渊筑底策略_v2.0', 'ABYSS_BOTTOMING_v2.0', '临界金叉_v1.0', 'PRE_CROSS_v1.0', '三重金叉_v1.0', 'TRIPLE_CROSS_v1.0']
2025-08-25 11:43:00,870 - ERROR - 加载策略文件失败 /home/hypnosis/data/git/quant_base/backend/strategies/value_reversal_final_strategy.py: No module named 'talib'
2025-08-25 11:43:00,870 - ERROR - 可用策略: ['强势股MA13回调策略_v1.0', 'STRONG_STOCK_MA13_PULLBACK_v1.0', '周线金叉+日线MA_v1.0', 'WEEKLY_GOLDEN_CROSS_MA_v1.0', '年度见底机会策略_v1.0', 'ANNUAL_BOTTOM_OPPORTUNITY_v1.0', 'MACD零轴启动_v1.0', 'MACD_ZERO_AXIS_v1.0', '长周期横盘突破策略_v1.0', 'LONG_TERM_CONSOLIDATION_BREAKOUT_v1.0', '深渊筑底策略_v2.0', 'ABYSS_BOTTOMING_v2.0', '临界金叉_v1.0', 'PRE_CROSS_v1.0', '三重金叉_v1.0', 'TRIPLE_CROSS_v1.0']
2025-08-25 11:43:00,870 - ERROR - 策略未注册: 反转做多策略（优化版）_v1.0
2025-08-25 11:43:00,870 - ERROR - 可用策略: ['强势股MA13回调策略_v1.0', 'STRONG_STOCK_MA13_PULLBACK_v1.0', '周线金叉+日线MA_v1.0', 'WEEKLY_GOLDEN_CROSS_MA_v1.0', '年度见底机会策略_v1.0', 'ANNUAL_BOTTOM_OPPORTUNITY_v1.0', 'MACD零轴启动_v1.0', 'MACD_ZERO_AXIS_v1.0', '长周期横盘突破策略_v1.0', 'LONG_TERM_CONSOLIDATION_BREAKOUT_v1.0', '深渊筑底策略_v2.0', 'ABYSS_BOTTOMING_v2.0', '临界金叉_v1.0', 'PRE_CROSS_v1.0', '三重金叉_v1.0', 'TRIPLE_CROSS_v1.0']
2025-08-25 11:43:00,871 - ERROR - 加载策略文件失败 /home/hypnosis/data/git/quant_base/backend/strategies/reversed_short_optimized_strategy.py: No module named 'talib'
2025-08-25 11:43:00,871 - ERROR - 策略未注册: 价值反转策略（最终版）_v1.0
2025-08-25 11:43:00,872 - ERROR - 可用策略: ['强势股MA13回调策略_v1.0', 'STRONG_STOCK_MA13_PULLBACK_v1.0', '周线金叉+日线MA_v1.0', 'WEEKLY_GOLDEN_CROSS_MA_v1.0', '年度见底机会策略_v1.0', 'ANNUAL_BOTTOM_OPPORTUNITY_v1.0', 'MACD零轴启动_v1.0', 'MACD_ZERO_AXIS_v1.0', '长周期横盘突破策略_v1.0', 'LONG_TERM_CONSOLIDATION_BREAKOUT_v1.0', '深渊筑底策略_v2.0', 'ABYSS_BOTTOMING_v2.0', '临界金叉_v1.0', 'PRE_CROSS_v1.0', '三重金叉_v1.0', 'TRIPLE_CROSS_v1.0']
2025-08-25 11:43:00,872 - ERROR - 策略未注册: 反转做多策略（优化版）_v1.0
2025-08-25 11:43:00,872 - WARNING - 配置中的策略未找到对应实现: 价值反转策略（最终版）_v1.0
2025-08-25 11:43:00,872 - ERROR - 可用策略: ['强势股MA13回调策略_v1.0', 'STRONG_STOCK_MA13_PULLBACK_v1.0', '周线金叉+日线MA_v1.0', 'WEEKLY_GOLDEN_CROSS_MA_v1.0', '年度见底机会策略_v1.0', 'ANNUAL_BOTTOM_OPPORTUNITY_v1.0', 'MACD零轴启动_v1.0', 'MACD_ZERO_AXIS_v1.0', '长周期横盘突破策略_v1.0', 'LONG_TERM_CONSOLIDATION_BREAKOUT_v1.0', '深渊筑底策略_v2.0', 'ABYSS_BOTTOMING_v2.0', '临界金叉_v1.0', 'PRE_CROSS_v1.0', '三重金叉_v1.0', 'TRIPLE_CROSS_v1.0']
2025-08-25 11:43:00,872 - WARNING - 配置中的策略未找到对应实现: 反转做多策略（优化版）_v1.0
2025-08-25 11:43:00,872 - ERROR - 策略未注册: 价值反转策略（最终版）_v1.0
2025-08-25 11:43:00,872 - ERROR - 可用策略: ['强势股MA13回调策略_v1.0', 'STRONG_STOCK_MA13_PULLBACK_v1.0', '周线金叉+日线MA_v1.0', 'WEEKLY_GOLDEN_CROSS_MA_v1.0', '年度见底机会策略_v1.0', 'ANNUAL_BOTTOM_OPPORTUNITY_v1.0', 'MACD零轴启动_v1.0', 'MACD_ZERO_AXIS_v1.0', '长周期横盘突破策略_v1.0', 'LONG_TERM_CONSOLIDATION_BREAKOUT_v1.0', '深渊筑底策略_v2.0', 'ABYSS_BOTTOMING_v2.0', '临界金叉_v1.0', 'PRE_CROSS_v1.0', '三重金叉_v1.0', 'TRIPLE_CROSS_v1.0']
2025-08-25 11:43:00,872 - ERROR - 策略未注册: 反转做多策略（优化版）_v1.0
2025-08-25 11:43:00,872 - ERROR - 可用策略: ['强势股MA13回调策略_v1.0', 'STRONG_STOCK_MA13_PULLBACK_v1.0', '周线金叉+日线MA_v1.0', 'WEEKLY_GOLDEN_CROSS_MA_v1.0', '年度见底机会策略_v1.0', 'ANNUAL_BOTTOM_OPPORTUNITY_v1.0', 'MACD零轴启动_v1.0', 'MACD_ZERO_AXIS_v1.0', '长周期横盘突破策略_v1.0', 'LONG_TERM_CONSOLIDATION_BREAKOUT_v1.0', '深渊筑底策略_v2.0', 'ABYSS_BOTTOMING_v2.0', '临界金叉_v1.0', 'PRE_CROSS_v1.0', '三重金叉_v1.0', 'TRIPLE_CROSS_v1.0']
2025-08-25 11:43:00,872 - ERROR - 策略未注册: 价值反转策略（最终版）_v1.0
2025-08-25 11:43:00,873 - ERROR - 可用策略: ['强势股MA13回调策略_v1.0', 'STRONG_STOCK_MA13_PULLBACK_v1.0', '周线金叉+日线MA_v1.0', 'WEEKLY_GOLDEN_CROSS_MA_v1.0', '年度见底机会策略_v1.0', 'ANNUAL_BOTTOM_OPPORTUNITY_v1.0', 'MACD零轴启动_v1.0', 'MACD_ZERO_AXIS_v1.0', '长周期横盘突破策略_v1.0', 'LONG_TERM_CONSOLIDATION_BREAKOUT_v1.0', '深渊筑底策略_v2.0', 'ABYSS_BOTTOMING_v2.0', '临界金叉_v1.0', 'PRE_CROSS_v1.0', '三重金叉_v1.0', 'TRIPLE_CROSS_v1.0']
2025-08-25 11:43:00,873 - ERROR - 策略未注册: 反转做多策略（优化版）_v1.0
2025-08-25 11:43:00,873 - ERROR - 可用策略: ['强势股MA13回调策略_v1.0', 'STRONG_STOCK_MA13_PULLBACK_v1.0', '周线金叉+日线MA_v1.0', 'WEEKLY_GOLDEN_CROSS_MA_v1.0', '年度见底机会策略_v1.0', 'ANNUAL_BOTTOM_OPPORTUNITY_v1.0', 'MACD零轴启动_v1.0', 'MACD_ZERO_AXIS_v1.0', '长周期横盘突破策略_v1.0', 'LONG_TERM_CONSOLIDATION_BREAKOUT_v1.0', '深渊筑底策略_v2.0', 'ABYSS_BOTTOMING_v2.0', '临界金叉_v1.0', 'PRE_CROSS_v1.0', '三重金叉_v1.0', 'TRIPLE_CROSS_v1.0']
2025-08-25 11:43:00,873 - ERROR - 策略未注册: 价值反转策略（最终版）_v1.0
2025-08-25 11:43:00,873 - ERROR - 可用策略: ['强势股MA13回调策略_v1.0', 'STRONG_STOCK_MA13_PULLBACK_v1.0', '周线金叉+日线MA_v1.0', 'WEEKLY_GOLDEN_CROSS_MA_v1.0', '年度见底机会策略_v1.0', 'ANNUAL_BOTTOM_OPPORTUNITY_v1.0', 'MACD零轴启动_v1.0', 'MACD_ZERO_AXIS_v1.0', '长周期横盘突破策略_v1.0', 'LONG_TERM_CONSOLIDATION_BREAKOUT_v1.0', '深渊筑底策略_v2.0', 'ABYSS_BOTTOMING_v2.0', '临界金叉_v1.0', 'PRE_CROSS_v1.0', '三重金叉_v1.0', 'TRIPLE_CROSS_v1.0']
2025-08-25 11:43:00,873 - ERROR - 策略未注册: 反转做多策略（优化版）_v1.0
2025-08-25 11:43:00,873 - ERROR - 可用策略: ['强势股MA13回调策略_v1.0', 'STRONG_STOCK_MA13_PULLBACK_v1.0', '周线金叉+日线MA_v1.0', 'WEEKLY_GOLDEN_CROSS_MA_v1.0', '年度见底机会策略_v1.0', 'ANNUAL_BOTTOM_OPPORTUNITY_v1.0', 'MACD零轴启动_v1.0', 'MACD_ZERO_AXIS_v1.0', '长周期横盘突破策略_v1.0', 'LONG_TERM_CONSOLIDATION_BREAKOUT_v1.0', '深渊筑底策略_v2.0', 'ABYSS_BOTTOMING_v2.0', '临界金叉_v1.0', 'PRE_CROSS_v1.0', '三重金叉_v1.0', 'TRIPLE_CROSS_v1.0']
2025-08-25 11:43:00,873 - ERROR - 策略未注册: 价值反转策略（最终版）_v1.0
2025-08-25 11:43:00,874 - ERROR - 可用策略: ['强势股MA13回调策略_v1.0', 'STRONG_STOCK_MA13_PULLBACK_v1.0', '周线金叉+日线MA_v1.0', 'WEEKLY_GOLDEN_CROSS_MA_v1.0', '年度见底机会策略_v1.0', 'ANNUAL_BOTTOM_OPPORTUNITY_v1.0', 'MACD零轴启动_v1.0', 'MACD_ZERO_AXIS_v1.0', '长周期横盘突破策略_v1.0', 'LONG_TERM_CONSOLIDATION_BREAKOUT_v1.0', '深渊筑底策略_v2.0', 'ABYSS_BOTTOMING_v2.0', '临界金叉_v1.0', 'PRE_CROSS_v1.0', '三重金叉_v1.0', 'TRIPLE_CROSS_v1.0']
2025-08-25 11:43:00,874 - ERROR - 策略未注册: 反转做多策略（优化版）_v1.0
2025-08-25 11:43:00,874 - ERROR - 可用策略: ['强势股MA13回调策略_v1.0', 'STRONG_STOCK_MA13_PULLBACK_v1.0', '周线金叉+日线MA_v1.0', 'WEEKLY_GOLDEN_CROSS_MA_v1.0', '年度见底机会策略_v1.0', 'ANNUAL_BOTTOM_OPPORTUNITY_v1.0', 'MACD零轴启动_v1.0', 'MACD_ZERO_AXIS_v1.0', '长周期横盘突破策略_v1.0', 'LONG_TERM_CONSOLIDATION_BREAKOUT_v1.0', '深渊筑底策略_v2.0', 'ABYSS_BOTTOMING_v2.0', '临界金叉_v1.0', 'PRE_CROSS_v1.0', '三重金叉_v1.0', 'TRIPLE_CROSS_v1.0']
2025-08-25 11:43:00,874 - ERROR - 策略未注册: 价值反转策略（最终版）_v1.0
2025-08-25 11:43:00,874 - ERROR - 可用策略: ['强势股MA13回调策略_v1.0', 'STRONG_STOCK_MA13_PULLBACK_v1.0', '周线金叉+日线MA_v1.0', 'WEEKLY_GOLDEN_CROSS_MA_v1.0', '年度见底机会策略_v1.0', 'ANNUAL_BOTTOM_OPPORTUNITY_v1.0', 'MACD零轴启动_v1.0', 'MACD_ZERO_AXIS_v1.0', '长周期横盘突破策略_v1.0', 'LONG_TERM_CONSOLIDATION_BREAKOUT_v1.0', '深渊筑底策略_v2.0', 'ABYSS_BOTTOMING_v2.0', '临界金叉_v1.0', 'PRE_CROSS_v1.0', '三重金叉_v1.0', 'TRIPLE_CROSS_v1.0']
2025-08-25 11:43:00,874 - ERROR - 策略未注册: 反转做多策略（优化版）_v1.0
2025-08-25 11:43:00,874 - ERROR - 可用策略: ['强势股MA13回调策略_v1.0', 'STRONG_STOCK_MA13_PULLBACK_v1.0', '周线金叉+日线MA_v1.0', 'WEEKLY_GOLDEN_CROSS_MA_v1.0', '年度见底机会策略_v1.0', 'ANNUAL_BOTTOM_OPPORTUNITY_v1.0', 'MACD零轴启动_v1.0', 'MACD_ZERO_AXIS_v1.0', '长周期横盘突破策略_v1.0', 'LONG_TERM_CONSOLIDATION_BREAKOUT_v1.0', '深渊筑底策略_v2.0', 'ABYSS_BOTTOMING_v2.0', '临界金叉_v1.0', 'PRE_CROSS_v1.0', '三重金叉_v1.0', 'TRIPLE_CROSS_v1.0']
2025-08-25 11:43:00,875 - ERROR - 策略未注册: 价值反转策略（最终版）_v1.0
2025-08-25 11:43:00,876 - ERROR - 可用策略: ['强势股MA13回调策略_v1.0', 'STRONG_STOCK_MA13_PULLBACK_v1.0', '周线金叉+日线MA_v1.0', 'WEEKLY_GOLDEN_CROSS_MA_v1.0', '年度见底机会策略_v1.0', 'ANNUAL_BOTTOM_OPPORTUNITY_v1.0', 'MACD零轴启动_v1.0', 'MACD_ZERO_AXIS_v1.0', '长周期横盘突破策略_v1.0', 'LONG_TERM_CONSOLIDATION_BREAKOUT_v1.0', '深渊筑底策略_v2.0', 'ABYSS_BOTTOMING_v2.0', '临界金叉_v1.0', 'PRE_CROSS_v1.0', '三重金叉_v1.0', 'TRIPLE_CROSS_v1.0']
2025-08-25 11:43:00,876 - ERROR - 策略未注册: 反转做多策略（优化版）_v1.0
2025-08-25 11:43:00,876 - ERROR - 可用策略: ['强势股MA13回调策略_v1.0', 'STRONG_STOCK_MA13_PULLBACK_v1.0', '周线金叉+日线MA_v1.0', 'WEEKLY_GOLDEN_CROSS_MA_v1.0', '年度见底机会策略_v1.0', 'ANNUAL_BOTTOM_OPPORTUNITY_v1.0', 'MACD零轴启动_v1.0', 'MACD_ZERO_AXIS_v1.0', '长周期横盘突破策略_v1.0', 'LONG_TERM_CONSOLIDATION_BREAKOUT_v1.0', '深渊筑底策略_v2.0', 'ABYSS_BOTTOMING_v2.0', '临界金叉_v1.0', 'PRE_CROSS_v1.0', '三重金叉_v1.0', 'TRIPLE_CROSS_v1.0']
2025-08-25 11:43:00,876 - ERROR - 策略未注册: 价值反转策略（最终版）_v1.0
2025-08-25 11:43:00,876 - ERROR - 可用策略: ['强势股MA13回调策略_v1.0', 'STRONG_STOCK_MA13_PULLBACK_v1.0', '周线金叉+日线MA_v1.0', 'WEEKLY_GOLDEN_CROSS_MA_v1.0', '年度见底机会策略_v1.0', 'ANNUAL_BOTTOM_OPPORTUNITY_v1.0', 'MACD零轴启动_v1.0', 'MACD_ZERO_AXIS_v1.0', '长周期横盘突破策略_v1.0', 'LONG_TERM_CONSOLIDATION_BREAKOUT_v1.0', '深渊筑底策略_v2.0', 'ABYSS_BOTTOMING_v2.0', '临界金叉_v1.0', 'PRE_CROSS_v1.0', '三重金叉_v1.0', 'TRIPLE_CROSS_v1.0']
2025-08-25 11:43:00,876 - ERROR - 策略未注册: 反转做多策略（优化版）_v1.0
2025-08-25 11:43:00,876 - ERROR - 可用策略: ['强势股MA13回调策略_v1.0', 'STRONG_STOCK_MA13_PULLBACK_v1.0', '周线金叉+日线MA_v1.0', 'WEEKLY_GOLDEN_CROSS_MA_v1.0', '年度见底机会策略_v1.0', 'ANNUAL_BOTTOM_OPPORTUNITY_v1.0', 'MACD零轴启动_v1.0', 'MACD_ZERO_AXIS_v1.0', '长周期横盘突破策略_v1.0', 'LONG_TERM_CONSOLIDATION_BREAKOUT_v1.0', '深渊筑底策略_v2.0', 'ABYSS_BOTTOMING_v2.0', '临界金叉_v1.0', 'PRE_CROSS_v1.0', '三重金叉_v1.0', 'TRIPLE_CROSS_v1.0']
2025-08-25 11:43:00,877 - ERROR - 策略未注册: 价值反转策略（最终版）_v1.0
2025-08-25 11:43:00,877 - ERROR - 可用策略: ['强势股MA13回调策略_v1.0', 'STRONG_STOCK_MA13_PULLBACK_v1.0', '周线金叉+日线MA_v1.0', 'WEEKLY_GOLDEN_CROSS_MA_v1.0', '年度见底机会策略_v1.0', 'ANNUAL_BOTTOM_OPPORTUNITY_v1.0', 'MACD零轴启动_v1.0', 'MACD_ZERO_AXIS_v1.0', '长周期横盘突破策略_v1.0', 'LONG_TERM_CONSOLIDATION_BREAKOUT_v1.0', '深渊筑底策略_v2.0', 'ABYSS_BOTTOMING_v2.0', '临界金叉_v1.0', 'PRE_CROSS_v1.0', '三重金叉_v1.0', 'TRIPLE_CROSS_v1.0']
2025-08-25 11:43:00,877 - ERROR - 策略未注册: 反转做多策略（优化版）_v1.0
2025-08-25 11:43:00,877 - ERROR - 可用策略: ['强势股MA13回调策略_v1.0', 'STRONG_STOCK_MA13_PULLBACK_v1.0', '周线金叉+日线MA_v1.0', 'WEEKLY_GOLDEN_CROSS_MA_v1.0', '年度见底机会策略_v1.0', 'ANNUAL_BOTTOM_OPPORTUNITY_v1.0', 'MACD零轴启动_v1.0', 'MACD_ZERO_AXIS_v1.0', '长周期横盘突破策略_v1.0', 'LONG_TERM_CONSOLIDATION_BREAKOUT_v1.0', '深渊筑底策略_v2.0', 'ABYSS_BOTTOMING_v2.0', '临界金叉_v1.0', 'PRE_CROSS_v1.0', '三重金叉_v1.0', 'TRIPLE_CROSS_v1.0']
2025-08-25 11:43:00,877 - ERROR - 策略未注册: 价值反转策略（最终版）_v1.0
2025-08-25 11:43:00,877 - ERROR - 可用策略: ['强势股MA13回调策略_v1.0', 'STRONG_STOCK_MA13_PULLBACK_v1.0', '周线金叉+日线MA_v1.0', 'WEEKLY_GOLDEN_CROSS_MA_v1.0', '年度见底机会策略_v1.0', 'ANNUAL_BOTTOM_OPPORTUNITY_v1.0', 'MACD零轴启动_v1.0', 'MACD_ZERO_AXIS_v1.0', '长周期横盘突破策略_v1.0', 'LONG_TERM_CONSOLIDATION_BREAKOUT_v1.0', '深渊筑底策略_v2.0', 'ABYSS_BOTTOMING_v2.0', '临界金叉_v1.0', 'PRE_CROSS_v1.0', '三重金叉_v1.0', 'TRIPLE_CROSS_v1.0']
2025-08-25 11:43:00,878 - ERROR - 策略未注册: 反转做多策略（优化版）_v1.0
2025-08-25 11:43:00,878 - ERROR - 可用策略: ['强势股MA13回调策略_v1.0', 'STRONG_STOCK_MA13_PULLBACK_v1.0', '周线金叉+日线MA_v1.0', 'WEEKLY_GOLDEN_CROSS_MA_v1.0', '年度见底机会策略_v1.0', 'ANNUAL_BOTTOM_OPPORTUNITY_v1.0', 'MACD零轴启动_v1.0', 'MACD_ZERO_AXIS_v1.0', '长周期横盘突破策略_v1.0', 'LONG_TERM_CONSOLIDATION_BREAKOUT_v1.0', '深渊筑底策略_v2.0', 'ABYSS_BOTTOMING_v2.0', '临界金叉_v1.0', 'PRE_CROSS_v1.0', '三重金叉_v1.0', 'TRIPLE_CROSS_v1.0']
2025-08-25 11:43:00,878 - ERROR - 策略未注册: 价值反转策略（最终版）_v1.0
2025-08-25 11:43:00,878 - ERROR - 策略未注册: 价值反转策略（最终版）_v1.0
2025-08-25 11:43:00,878 - ERROR - 可用策略: ['强势股MA13回调策略_v1.0', 'STRONG_STOCK_MA13_PULLBACK_v1.0', '周线金叉+日线MA_v1.0', 'WEEKLY_GOLDEN_CROSS_MA_v1.0', '年度见底机会策略_v1.0', 'ANNUAL_BOTTOM_OPPORTUNITY_v1.0', 'MACD零轴启动_v1.0', 'MACD_ZERO_AXIS_v1.0', '长周期横盘突破策略_v1.0', 'LONG_TERM_CONSOLIDATION_BREAKOUT_v1.0', '深渊筑底策略_v2.0', 'ABYSS_BOTTOMING_v2.0', '临界金叉_v1.0', 'PRE_CROSS_v1.0', '三重金叉_v1.0', 'TRIPLE_CROSS_v1.0']
2025-08-25 11:43:00,878 - ERROR - 策略未注册: 价值反转策略（最终版）_v1.0
2025-08-25 11:43:00,878 - ERROR - 策略未注册: 反转做多策略（优化版）_v1.0
2025-08-25 11:43:00,878 - ERROR - 可用策略: ['强势股MA13回调策略_v1.0', 'STRONG_STOCK_MA13_PULLBACK_v1.0', '周线金叉+日线MA_v1.0', 'WEEKLY_GOLDEN_CROSS_MA_v1.0', '年度见底机会策略_v1.0', 'ANNUAL_BOTTOM_OPPORTUNITY_v1.0', 'MACD零轴启动_v1.0', 'MACD_ZERO_AXIS_v1.0', '长周期横盘突破策略_v1.0', 'LONG_TERM_CONSOLIDATION_BREAKOUT_v1.0', '深渊筑底策略_v2.0', 'ABYSS_BOTTOMING_v2.0', '临界金叉_v1.0', 'PRE_CROSS_v1.0', '三重金叉_v1.0', 'TRIPLE_CROSS_v1.0']
2025-08-25 11:43:00,878 - ERROR - 可用策略: ['强势股MA13回调策略_v1.0', 'STRONG_STOCK_MA13_PULLBACK_v1.0', '周线金叉+日线MA_v1.0', 'WEEKLY_GOLDEN_CROSS_MA_v1.0', '年度见底机会策略_v1.0', 'ANNUAL_BOTTOM_OPPORTUNITY_v1.0', 'MACD零轴启动_v1.0', 'MACD_ZERO_AXIS_v1.0', '长周期横盘突破策略_v1.0', 'LONG_TERM_CONSOLIDATION_BREAKOUT_v1.0', '深渊筑底策略_v2.0', 'ABYSS_BOTTOMING_v2.0', '临界金叉_v1.0', 'PRE_CROSS_v1.0', '三重金叉_v1.0', 'TRIPLE_CROSS_v1.0']
2025-08-25 11:43:00,878 - ERROR - 可用策略: ['强势股MA13回调策略_v1.0', 'STRONG_STOCK_MA13_PULLBACK_v1.0', '周线金叉+日线MA_v1.0', 'WEEKLY_GOLDEN_CROSS_MA_v1.0', '年度见底机会策略_v1.0', 'ANNUAL_BOTTOM_OPPORTUNITY_v1.0', 'MACD零轴启动_v1.0', 'MACD_ZERO_AXIS_v1.0', '长周期横盘突破策略_v1.0', 'LONG_TERM_CONSOLIDATION_BREAKOUT_v1.0', '深渊筑底策略_v2.0', 'ABYSS_BOTTOMING_v2.0', '临界金叉_v1.0', 'PRE_CROSS_v1.0', '三重金叉_v1.0', 'TRIPLE_CROSS_v1.0']
2025-08-25 11:43:00,878 - ERROR - 策略未注册: 反转做多策略（优化版）_v1.0
2025-08-25 11:43:00,878 - ERROR - 策略未注册: 反转做多策略（优化版）_v1.0
2025-08-25 11:43:00,878 - ERROR - 可用策略: ['强势股MA13回调策略_v1.0', 'STRONG_STOCK_MA13_PULLBACK_v1.0', '周线金叉+日线MA_v1.0', 'WEEKLY_GOLDEN_CROSS_MA_v1.0', '年度见底机会策略_v1.0', 'ANNUAL_BOTTOM_OPPORTUNITY_v1.0', 'MACD零轴启动_v1.0', 'MACD_ZERO_AXIS_v1.0', '长周期横盘突破策略_v1.0', 'LONG_TERM_CONSOLIDATION_BREAKOUT_v1.0', '深渊筑底策略_v2.0', 'ABYSS_BOTTOMING_v2.0', '临界金叉_v1.0', 'PRE_CROSS_v1.0', '三重金叉_v1.0', 'TRIPLE_CROSS_v1.0']
2025-08-25 11:43:00,878 - ERROR - 可用策略: ['强势股MA13回调策略_v1.0', 'STRONG_STOCK_MA13_PULLBACK_v1.0', '周线金叉+日线MA_v1.0', 'WEEKLY_GOLDEN_CROSS_MA_v1.0', '年度见底机会策略_v1.0', 'ANNUAL_BOTTOM_OPPORTUNITY_v1.0', 'MACD零轴启动_v1.0', 'MACD_ZERO_AXIS_v1.0', '长周期横盘突破策略_v1.0', 'LONG_TERM_CONSOLIDATION_BREAKOUT_v1.0', '深渊筑底策略_v2.0', 'ABYSS_BOTTOMING_v2.0', '临界金叉_v1.0', 'PRE_CROSS_v1.0', '三重金叉_v1.0', 'TRIPLE_CROSS_v1.0']
2025-08-25 11:43:00,878 - ERROR - 策略未注册: 价值反转策略（最终版）_v1.0
2025-08-25 11:43:00,879 - ERROR - 可用策略: ['强势股MA13回调策略_v1.0', 'STRONG_STOCK_MA13_PULLBACK_v1.0', '周线金叉+日线MA_v1.0', 'WEEKLY_GOLDEN_CROSS_MA_v1.0', '年度见底机会策略_v1.0', 'ANNUAL_BOTTOM_OPPORTUNITY_v1.0', 'MACD零轴启动_v1.0', 'MACD_ZERO_AXIS_v1.0', '长周期横盘突破策略_v1.0', 'LONG_TERM_CONSOLIDATION_BREAKOUT_v1.0', '深渊筑底策略_v2.0', 'ABYSS_BOTTOMING_v2.0', '临界金叉_v1.0', 'PRE_CROSS_v1.0', '三重金叉_v1.0', 'TRIPLE_CROSS_v1.0']
2025-08-25 11:43:00,879 - ERROR - 策略未注册: 反转做多策略（优化版）_v1.0
2025-08-25 11:43:00,879 - ERROR - 可用策略: ['强势股MA13回调策略_v1.0', 'STRONG_STOCK_MA13_PULLBACK_v1.0', '周线金叉+日线MA_v1.0', 'WEEKLY_GOLDEN_CROSS_MA_v1.0', '年度见底机会策略_v1.0', 'ANNUAL_BOTTOM_OPPORTUNITY_v1.0', 'MACD零轴启动_v1.0', 'MACD_ZERO_AXIS_v1.0', '长周期横盘突破策略_v1.0', 'LONG_TERM_CONSOLIDATION_BREAKOUT_v1.0', '深渊筑底策略_v2.0', 'ABYSS_BOTTOMING_v2.0', '临界金叉_v1.0', 'PRE_CROSS_v1.0', '三重金叉_v1.0', 'TRIPLE_CROSS_v1.0']
2025-08-25 11:43:00,880 - ERROR - 策略未注册: 价值反转策略（最终版）_v1.0
2025-08-25 11:43:00,880 - ERROR - 可用策略: ['强势股MA13回调策略_v1.0', 'STRONG_STOCK_MA13_PULLBACK_v1.0', '周线金叉+日线MA_v1.0', 'WEEKLY_GOLDEN_CROSS_MA_v1.0', '年度见底机会策略_v1.0', 'ANNUAL_BOTTOM_OPPORTUNITY_v1.0', 'MACD零轴启动_v1.0', 'MACD_ZERO_AXIS_v1.0', '长周期横盘突破策略_v1.0', 'LONG_TERM_CONSOLIDATION_BREAKOUT_v1.0', '深渊筑底策略_v2.0', 'ABYSS_BOTTOMING_v2.0', '临界金叉_v1.0', 'PRE_CROSS_v1.0', '三重金叉_v1.0', 'TRIPLE_CROSS_v1.0']
2025-08-25 11:43:00,880 - ERROR - 策略未注册: 反转做多策略（优化版）_v1.0
2025-08-25 11:43:00,880 - ERROR - 可用策略: ['强势股MA13回调策略_v1.0', 'STRONG_STOCK_MA13_PULLBACK_v1.0', '周线金叉+日线MA_v1.0', 'WEEKLY_GOLDEN_CROSS_MA_v1.0', '年度见底机会策略_v1.0', 'ANNUAL_BOTTOM_OPPORTUNITY_v1.0', 'MACD零轴启动_v1.0', 'MACD_ZERO_AXIS_v1.0', '长周期横盘突破策略_v1.0', 'LONG_TERM_CONSOLIDATION_BREAKOUT_v1.0', '深渊筑底策略_v2.0', 'ABYSS_BOTTOMING_v2.0', '临界金叉_v1.0', 'PRE_CROSS_v1.0', '三重金叉_v1.0', 'TRIPLE_CROSS_v1.0']
2025-08-25 11:43:00,880 - ERROR - 策略未注册: 价值反转策略（最终版）_v1.0
2025-08-25 11:43:00,880 - ERROR - 可用策略: ['强势股MA13回调策略_v1.0', 'STRONG_STOCK_MA13_PULLBACK_v1.0', '周线金叉+日线MA_v1.0', 'WEEKLY_GOLDEN_CROSS_MA_v1.0', '年度见底机会策略_v1.0', 'ANNUAL_BOTTOM_OPPORTUNITY_v1.0', 'MACD零轴启动_v1.0', 'MACD_ZERO_AXIS_v1.0', '长周期横盘突破策略_v1.0', 'LONG_TERM_CONSOLIDATION_BREAKOUT_v1.0', '深渊筑底策略_v2.0', 'ABYSS_BOTTOMING_v2.0', '临界金叉_v1.0', 'PRE_CROSS_v1.0', '三重金叉_v1.0', 'TRIPLE_CROSS_v1.0']
2025-08-25 11:43:00,880 - ERROR - 策略未注册: 反转做多策略（优化版）_v1.0
2025-08-25 11:43:00,880 - ERROR - 可用策略: ['强势股MA13回调策略_v1.0', 'STRONG_STOCK_MA13_PULLBACK_v1.0', '周线金叉+日线MA_v1.0', 'WEEKLY_GOLDEN_CROSS_MA_v1.0', '年度见底机会策略_v1.0', 'ANNUAL_BOTTOM_OPPORTUNITY_v1.0', 'MACD零轴启动_v1.0', 'MACD_ZERO_AXIS_v1.0', '长周期横盘突破策略_v1.0', 'LONG_TERM_CONSOLIDATION_BREAKOUT_v1.0', '深渊筑底策略_v2.0', 'ABYSS_BOTTOMING_v2.0', '临界金叉_v1.0', 'PRE_CROSS_v1.0', '三重金叉_v1.0', 'TRIPLE_CROSS_v1.0']
2025-08-25 11:43:00,880 - ERROR - 策略未注册: 价值反转策略（最终版）_v1.0
2025-08-25 11:43:00,881 - ERROR - 可用策略: ['强势股MA13回调策略_v1.0', 'STRONG_STOCK_MA13_PULLBACK_v1.0', '周线金叉+日线MA_v1.0', 'WEEKLY_GOLDEN_CROSS_MA_v1.0', '年度见底机会策略_v1.0', 'ANNUAL_BOTTOM_OPPORTUNITY_v1.0', 'MACD零轴启动_v1.0', 'MACD_ZERO_AXIS_v1.0', '长周期横盘突破策略_v1.0', 'LONG_TERM_CONSOLIDATION_BREAKOUT_v1.0', '深渊筑底策略_v2.0', 'ABYSS_BOTTOMING_v2.0', '临界金叉_v1.0', 'PRE_CROSS_v1.0', '三重金叉_v1.0', 'TRIPLE_CROSS_v1.0']
2025-08-25 11:43:00,880 - ERROR - 策略未注册: 价值反转策略（最终版）_v1.0
2025-08-25 11:43:00,881 - ERROR - 策略未注册: 反转做多策略（优化版）_v1.0
2025-08-25 11:43:00,881 - ERROR - 可用策略: ['强势股MA13回调策略_v1.0', 'STRONG_STOCK_MA13_PULLBACK_v1.0', '周线金叉+日线MA_v1.0', 'WEEKLY_GOLDEN_CROSS_MA_v1.0', '年度见底机会策略_v1.0', 'ANNUAL_BOTTOM_OPPORTUNITY_v1.0', 'MACD零轴启动_v1.0', 'MACD_ZERO_AXIS_v1.0', '长周期横盘突破策略_v1.0', 'LONG_TERM_CONSOLIDATION_BREAKOUT_v1.0', '深渊筑底策略_v2.0', 'ABYSS_BOTTOMING_v2.0', '临界金叉_v1.0', 'PRE_CROSS_v1.0', '三重金叉_v1.0', 'TRIPLE_CROSS_v1.0']
2025-08-25 11:43:00,881 - ERROR - 可用策略: ['强势股MA13回调策略_v1.0', 'STRONG_STOCK_MA13_PULLBACK_v1.0', '周线金叉+日线MA_v1.0', 'WEEKLY_GOLDEN_CROSS_MA_v1.0', '年度见底机会策略_v1.0', 'ANNUAL_BOTTOM_OPPORTUNITY_v1.0', 'MACD零轴启动_v1.0', 'MACD_ZERO_AXIS_v1.0', '长周期横盘突破策略_v1.0', 'LONG_TERM_CONSOLIDATION_BREAKOUT_v1.0', '深渊筑底策略_v2.0', 'ABYSS_BOTTOMING_v2.0', '临界金叉_v1.0', 'PRE_CROSS_v1.0', '三重金叉_v1.0', 'TRIPLE_CROSS_v1.0']
2025-08-25 11:43:00,881 - ERROR - 策略未注册: 反转做多策略（优化版）_v1.0
2025-08-25 11:43:00,881 - ERROR - 可用策略: ['强势股MA13回调策略_v1.0', 'STRONG_STOCK_MA13_PULLBACK_v1.0', '周线金叉+日线MA_v1.0', 'WEEKLY_GOLDEN_CROSS_MA_v1.0', '年度见底机会策略_v1.0', 'ANNUAL_BOTTOM_OPPORTUNITY_v1.0', 'MACD零轴启动_v1.0', 'MACD_ZERO_AXIS_v1.0', '长周期横盘突破策略_v1.0', 'LONG_TERM_CONSOLIDATION_BREAKOUT_v1.0', '深渊筑底策略_v2.0', 'ABYSS_BOTTOMING_v2.0', '临界金叉_v1.0', 'PRE_CROSS_v1.0', '三重金叉_v1.0', 'TRIPLE_CROSS_v1.0']
2025-08-25 11:43:00,883 - ERROR - 策略未注册: 价值反转策略（最终版）_v1.0
2025-08-25 11:43:00,883 - ERROR - 可用策略: ['强势股MA13回调策略_v1.0', 'STRONG_STOCK_MA13_PULLBACK_v1.0', '周线金叉+日线MA_v1.0', 'WEEKLY_GOLDEN_CROSS_MA_v1.0', '年度见底机会策略_v1.0', 'ANNUAL_BOTTOM_OPPORTUNITY_v1.0', 'MACD零轴启动_v1.0', 'MACD_ZERO_AXIS_v1.0', '长周期横盘突破策略_v1.0', 'LONG_TERM_CONSOLIDATION_BREAKOUT_v1.0', '深渊筑底策略_v2.0', 'ABYSS_BOTTOMING_v2.0', '临界金叉_v1.0', 'PRE_CROSS_v1.0', '三重金叉_v1.0', 'TRIPLE_CROSS_v1.0']
2025-08-25 11:43:00,883 - ERROR - 策略未注册: 反转做多策略（优化版）_v1.0
2025-08-25 11:43:00,883 - ERROR - 可用策略: ['强势股MA13回调策略_v1.0', 'STRONG_STOCK_MA13_PULLBACK_v1.0', '周线金叉+日线MA_v1.0', 'WEEKLY_GOLDEN_CROSS_MA_v1.0', '年度见底机会策略_v1.0', 'ANNUAL_BOTTOM_OPPORTUNITY_v1.0', 'MACD零轴启动_v1.0', 'MACD_ZERO_AXIS_v1.0', '长周期横盘突破策略_v1.0', 'LONG_TERM_CONSOLIDATION_BREAKOUT_v1.0', '深渊筑底策略_v2.0', 'ABYSS_BOTTOMING_v2.0', '临界金叉_v1.0', 'PRE_CROSS_v1.0', '三重金叉_v1.0', 'TRIPLE_CROSS_v1.0']
2025-08-25 11:43:00,883 - ERROR - 策略未注册: 价值反转策略（最终版）_v1.0
2025-08-25 11:43:00,883 - ERROR - 可用策略: ['强势股MA13回调策略_v1.0', 'STRONG_STOCK_MA13_PULLBACK_v1.0', '周线金叉+日线MA_v1.0', 'WEEKLY_GOLDEN_CROSS_MA_v1.0', '年度见底机会策略_v1.0', 'ANNUAL_BOTTOM_OPPORTUNITY_v1.0', 'MACD零轴启动_v1.0', 'MACD_ZERO_AXIS_v1.0', '长周期横盘突破策略_v1.0', 'LONG_TERM_CONSOLIDATION_BREAKOUT_v1.0', '深渊筑底策略_v2.0', 'ABYSS_BOTTOMING_v2.0', '临界金叉_v1.0', 'PRE_CROSS_v1.0', '三重金叉_v1.0', 'TRIPLE_CROSS_v1.0']
2025-08-25 11:43:00,883 - ERROR - 策略未注册: 反转做多策略（优化版）_v1.0
2025-08-25 11:43:00,883 - ERROR - 可用策略: ['强势股MA13回调策略_v1.0', 'STRONG_STOCK_MA13_PULLBACK_v1.0', '周线金叉+日线MA_v1.0', 'WEEKLY_GOLDEN_CROSS_MA_v1.0', '年度见底机会策略_v1.0', 'ANNUAL_BOTTOM_OPPORTUNITY_v1.0', 'MACD零轴启动_v1.0', 'MACD_ZERO_AXIS_v1.0', '长周期横盘突破策略_v1.0', 'LONG_TERM_CONSOLIDATION_BREAKOUT_v1.0', '深渊筑底策略_v2.0', 'ABYSS_BOTTOMING_v2.0', '临界金叉_v1.0', 'PRE_CROSS_v1.0', '三重金叉_v1.0', 'TRIPLE_CROSS_v1.0']
2025-08-25 11:43:00,885 - ERROR - 策略未注册: 价值反转策略（最终版）_v1.0
2025-08-25 11:43:00,885 - ERROR - 可用策略: ['强势股MA13回调策略_v1.0', 'STRONG_STOCK_MA13_PULLBACK_v1.0', '周线金叉+日线MA_v1.0', 'WEEKLY_GOLDEN_CROSS_MA_v1.0', '年度见底机会策略_v1.0', 'ANNUAL_BOTTOM_OPPORTUNITY_v1.0', 'MACD零轴启动_v1.0', 'MACD_ZERO_AXIS_v1.0', '长周期横盘突破策略_v1.0', 'LONG_TERM_CONSOLIDATION_BREAKOUT_v1.0', '深渊筑底策略_v2.0', 'ABYSS_BOTTOMING_v2.0', '临界金叉_v1.0', 'PRE_CROSS_v1.0', '三重金叉_v1.0', 'TRIPLE_CROSS_v1.0']
2025-08-25 11:43:00,886 - ERROR - 策略未注册: 反转做多策略（优化版）_v1.0
2025-08-25 11:43:00,886 - ERROR - 可用策略: ['强势股MA13回调策略_v1.0', 'STRONG_STOCK_MA13_PULLBACK_v1.0', '周线金叉+日线MA_v1.0', 'WEEKLY_GOLDEN_CROSS_MA_v1.0', '年度见底机会策略_v1.0', 'ANNUAL_BOTTOM_OPPORTUNITY_v1.0', 'MACD零轴启动_v1.0', 'MACD_ZERO_AXIS_v1.0', '长周期横盘突破策略_v1.0', 'LONG_TERM_CONSOLIDATION_BREAKOUT_v1.0', '深渊筑底策略_v2.0', 'ABYSS_BOTTOMING_v2.0', '临界金叉_v1.0', 'PRE_CROSS_v1.0', '三重金叉_v1.0', 'TRIPLE_CROSS_v1.0']
2025-08-25 11:43:00,886 - ERROR - 策略未注册: 价值反转策略（最终版）_v1.0
2025-08-25 11:43:00,886 - ERROR - 可用策略: ['强势股MA13回调策略_v1.0', 'STRONG_STOCK_MA13_PULLBACK_v1.0', '周线金叉+日线MA_v1.0', 'WEEKLY_GOLDEN_CROSS_MA_v1.0', '年度见底机会策略_v1.0', 'ANNUAL_BOTTOM_OPPORTUNITY_v1.0', 'MACD零轴启动_v1.0', 'MACD_ZERO_AXIS_v1.0', '长周期横盘突破策略_v1.0', 'LONG_TERM_CONSOLIDATION_BREAKOUT_v1.0', '深渊筑底策略_v2.0', 'ABYSS_BOTTOMING_v2.0', '临界金叉_v1.0', 'PRE_CROSS_v1.0', '三重金叉_v1.0', 'TRIPLE_CROSS_v1.0']
2025-08-25 11:43:00,886 - ERROR - 策略未注册: 反转做多策略（优化版）_v1.0
2025-08-25 11:43:00,886 - ERROR - 可用策略: ['强势股MA13回调策略_v1.0', 'STRONG_STOCK_MA13_PULLBACK_v1.0', '周线金叉+日线MA_v1.0', 'WEEKLY_GOLDEN_CROSS_MA_v1.0', '年度见底机会策略_v1.0', 'ANNUAL_BOTTOM_OPPORTUNITY_v1.0', 'MACD零轴启动_v1.0', 'MACD_ZERO_AXIS_v1.0', '长周期横盘突破策略_v1.0', 'LONG_TERM_CONSOLIDATION_BREAKOUT_v1.0', '深渊筑底策略_v2.0', 'ABYSS_BOTTOMING_v2.0', '临界金叉_v1.0', 'PRE_CROSS_v1.0', '三重金叉_v1.0', 'TRIPLE_CROSS_v1.0']
2025-08-25 11:43:00,887 - ERROR - 策略未注册: 价值反转策略（最终版）_v1.0
2025-08-25 11:43:00,887 - ERROR - 可用策略: ['强势股MA13回调策略_v1.0', 'STRONG_STOCK_MA13_PULLBACK_v1.0', '周线金叉+日线MA_v1.0', 'WEEKLY_GOLDEN_CROSS_MA_v1.0', '年度见底机会策略_v1.0', 'ANNUAL_BOTTOM_OPPORTUNITY_v1.0', 'MACD零轴启动_v1.0', 'MACD_ZERO_AXIS_v1.0', '长周期横盘突破策略_v1.0', 'LONG_TERM_CONSOLIDATION_BREAKOUT_v1.0', '深渊筑底策略_v2.0', 'ABYSS_BOTTOMING_v2.0', '临界金叉_v1.0', 'PRE_CROSS_v1.0', '三重金叉_v1.0', 'TRIPLE_CROSS_v1.0']
2025-08-25 11:43:00,887 - ERROR - 策略未注册: 反转做多策略（优化版）_v1.0
2025-08-25 11:43:00,887 - ERROR - 可用策略: ['强势股MA13回调策略_v1.0', 'STRONG_STOCK_MA13_PULLBACK_v1.0', '周线金叉+日线MA_v1.0', 'WEEKLY_GOLDEN_CROSS_MA_v1.0', '年度见底机会策略_v1.0', 'ANNUAL_BOTTOM_OPPORTUNITY_v1.0', 'MACD零轴启动_v1.0', 'MACD_ZERO_AXIS_v1.0', '长周期横盘突破策略_v1.0', 'LONG_TERM_CONSOLIDATION_BREAKOUT_v1.0', '深渊筑底策略_v2.0', 'ABYSS_BOTTOMING_v2.0', '临界金叉_v1.0', 'PRE_CROSS_v1.0', '三重金叉_v1.0', 'TRIPLE_CROSS_v1.0']
2025-08-25 11:43:00,890 - ERROR - 策略未注册: 价值反转策略（最终版）_v1.0
2025-08-25 11:43:00,890 - ERROR - 可用策略: ['强势股MA13回调策略_v1.0', 'STRONG_STOCK_MA13_PULLBACK_v1.0', '周线金叉+日线MA_v1.0', 'WEEKLY_GOLDEN_CROSS_MA_v1.0', '年度见底机会策略_v1.0', 'ANNUAL_BOTTOM_OPPORTUNITY_v1.0', 'MACD零轴启动_v1.0', 'MACD_ZERO_AXIS_v1.0', '长周期横盘突破策略_v1.0', 'LONG_TERM_CONSOLIDATION_BREAKOUT_v1.0', '深渊筑底策略_v2.0', 'ABYSS_BOTTOMING_v2.0', '临界金叉_v1.0', 'PRE_CROSS_v1.0', '三重金叉_v1.0', 'TRIPLE_CROSS_v1.0']
2025-08-25 11:43:00,890 - ERROR - 策略未注册: 反转做多策略（优化版）_v1.0
2025-08-25 11:43:00,890 - ERROR - 可用策略: ['强势股MA13回调策略_v1.0', 'STRONG_STOCK_MA13_PULLBACK_v1.0', '周线金叉+日线MA_v1.0', 'WEEKLY_GOLDEN_CROSS_MA_v1.0', '年度见底机会策略_v1.0', 'ANNUAL_BOTTOM_OPPORTUNITY_v1.0', 'MACD零轴启动_v1.0', 'MACD_ZERO_AXIS_v1.0', '长周期横盘突破策略_v1.0', 'LONG_TERM_CONSOLIDATION_BREAKOUT_v1.0', '深渊筑底策略_v2.0', 'ABYSS_BOTTOMING_v2.0', '临界金叉_v1.0', 'PRE_CROSS_v1.0', '三重金叉_v1.0', 'TRIPLE_CROSS_v1.0']
2025-08-25 11:43:00,890 - ERROR - 策略未注册: 价值反转策略（最终版）_v1.0
2025-08-25 11:43:00,891 - ERROR - 可用策略: ['强势股MA13回调策略_v1.0', 'STRONG_STOCK_MA13_PULLBACK_v1.0', '周线金叉+日线MA_v1.0', 'WEEKLY_GOLDEN_CROSS_MA_v1.0', '年度见底机会策略_v1.0', 'ANNUAL_BOTTOM_OPPORTUNITY_v1.0', 'MACD零轴启动_v1.0', 'MACD_ZERO_AXIS_v1.0', '长周期横盘突破策略_v1.0', 'LONG_TERM_CONSOLIDATION_BREAKOUT_v1.0', '深渊筑底策略_v2.0', 'ABYSS_BOTTOMING_v2.0', '临界金叉_v1.0', 'PRE_CROSS_v1.0', '三重金叉_v1.0', 'TRIPLE_CROSS_v1.0']
2025-08-25 11:43:00,891 - ERROR - 策略未注册: 反转做多策略（优化版）_v1.0
2025-08-25 11:43:00,891 - ERROR - 可用策略: ['强势股MA13回调策略_v1.0', 'STRONG_STOCK_MA13_PULLBACK_v1.0', '周线金叉+日线MA_v1.0', 'WEEKLY_GOLDEN_CROSS_MA_v1.0', '年度见底机会策略_v1.0', 'ANNUAL_BOTTOM_OPPORTUNITY_v1.0', 'MACD零轴启动_v1.0', 'MACD_ZERO_AXIS_v1.0', '长周期横盘突破策略_v1.0', 'LONG_TERM_CONSOLIDATION_BREAKOUT_v1.0', '深渊筑底策略_v2.0', 'ABYSS_BOTTOMING_v2.0', '临界金叉_v1.0', 'PRE_CROSS_v1.0', '三重金叉_v1.0', 'TRIPLE_CROSS_v1.0']
2025-08-25 11:43:00,891 - ERROR - 策略未注册: 价值反转策略（最终版）_v1.0
2025-08-25 11:43:00,891 - ERROR - 可用策略: ['强势股MA13回调策略_v1.0', 'STRONG_STOCK_MA13_PULLBACK_v1.0', '周线金叉+日线MA_v1.0', 'WEEKLY_GOLDEN_CROSS_MA_v1.0', '年度见底机会策略_v1.0', 'ANNUAL_BOTTOM_OPPORTUNITY_v1.0', 'MACD零轴启动_v1.0', 'MACD_ZERO_AXIS_v1.0', '长周期横盘突破策略_v1.0', 'LONG_TERM_CONSOLIDATION_BREAKOUT_v1.0', '深渊筑底策略_v2.0', 'ABYSS_BOTTOMING_v2.0', '临界金叉_v1.0', 'PRE_CROSS_v1.0', '三重金叉_v1.0', 'TRIPLE_CROSS_v1.0']
2025-08-25 11:43:00,891 - ERROR - 策略未注册: 反转做多策略（优化版）_v1.0
2025-08-25 11:43:00,891 - ERROR - 可用策略: ['强势股MA13回调策略_v1.0', 'STRONG_STOCK_MA13_PULLBACK_v1.0', '周线金叉+日线MA_v1.0', 'WEEKLY_GOLDEN_CROSS_MA_v1.0', '年度见底机会策略_v1.0', 'ANNUAL_BOTTOM_OPPORTUNITY_v1.0', 'MACD零轴启动_v1.0', 'MACD_ZERO_AXIS_v1.0', '长周期横盘突破策略_v1.0', 'LONG_TERM_CONSOLIDATION_BREAKOUT_v1.0', '深渊筑底策略_v2.0', 'ABYSS_BOTTOMING_v2.0', '临界金叉_v1.0', 'PRE_CROSS_v1.0', '三重金叉_v1.0', 'TRIPLE_CROSS_v1.0']
2025-08-25 11:43:00,893 - ERROR - 策略未注册: 价值反转策略（最终版）_v1.0
2025-08-25 11:43:00,893 - ERROR - 可用策略: ['强势股MA13回调策略_v1.0', 'STRONG_STOCK_MA13_PULLBACK_v1.0', '周线金叉+日线MA_v1.0', 'WEEKLY_GOLDEN_CROSS_MA_v1.0', '年度见底机会策略_v1.0', 'ANNUAL_BOTTOM_OPPORTUNITY_v1.0', 'MACD零轴启动_v1.0', 'MACD_ZERO_AXIS_v1.0', '长周期横盘突破策略_v1.0', 'LONG_TERM_CONSOLIDATION_BREAKOUT_v1.0', '深渊筑底策略_v2.0', 'ABYSS_BOTTOMING_v2.0', '临界金叉_v1.0', 'PRE_CROSS_v1.0', '三重金叉_v1.0', 'TRIPLE_CROSS_v1.0']
2025-08-25 11:43:00,893 - ERROR - 策略未注册: 反转做多策略（优化版）_v1.0
2025-08-25 11:43:00,893 - ERROR - 可用策略: ['强势股MA13回调策略_v1.0', 'STRONG_STOCK_MA13_PULLBACK_v1.0', '周线金叉+日线MA_v1.0', 'WEEKLY_GOLDEN_CROSS_MA_v1.0', '年度见底机会策略_v1.0', 'ANNUAL_BOTTOM_OPPORTUNITY_v1.0', 'MACD零轴启动_v1.0', 'MACD_ZERO_AXIS_v1.0', '长周期横盘突破策略_v1.0', 'LONG_TERM_CONSOLIDATION_BREAKOUT_v1.0', '深渊筑底策略_v2.0', 'ABYSS_BOTTOMING_v2.0', '临界金叉_v1.0', 'PRE_CROSS_v1.0', '三重金叉_v1.0', 'TRIPLE_CROSS_v1.0']
2025-08-25 11:43:00,895 - ERROR - 加载策略文件失败 /home/hypnosis/data/git/quant_base/backend/strategies/value_reversal_final_strategy.py: No module named 'talib'
2025-08-25 11:43:00,895 - ERROR - 加载策略文件失败 /home/hypnosis/data/git/quant_base/backend/strategies/value_reversal_final_strategy.py: No module named 'talib'
2025-08-25 11:43:00,896 - ERROR - 加载策略文件失败 /home/hypnosis/data/git/quant_base/backend/strategies/reversed_short_optimized_strategy.py: No module named 'talib'
2025-08-25 11:43:00,896 - ERROR - 加载策略文件失败 /home/hypnosis/data/git/quant_base/backend/strategies/reversed_short_optimized_strategy.py: No module named 'talib'
2025-08-25 11:43:00,896 - WARNING - 配置中的策略未找到对应实现: 价值反转策略（最终版）_v1.0
2025-08-25 11:43:00,896 - WARNING - 配置中的策略未找到对应实现: 价值反转策略（最终版）_v1.0
2025-08-25 11:43:00,896 - WARNING - 配置中的策略未找到对应实现: 反转做多策略（优化版）_v1.0
2025-08-25 11:43:00,896 - WARNING - 配置中的策略未找到对应实现: 反转做多策略（优化版）_v1.0
2025-08-25 11:43:00,896 - ERROR - 加载策略文件失败 /home/hypnosis/data/git/quant_base/backend/strategies/value_reversal_final_strategy.py: No module named 'talib'
2025-08-25 11:43:00,897 - ERROR - 加载策略文件失败 /home/hypnosis/data/git/quant_base/backend/strategies/value_reversal_final_strategy.py: No module named 'talib'
2025-08-25 11:43:00,897 - ERROR - 加载策略文件失败 /home/hypnosis/data/git/quant_base/backend/strategies/reversed_short_optimized_strategy.py: No module named 'talib'
2025-08-25 11:43:00,897 - WARNING - 配置中的策略未找到对应实现: 价值反转策略（最终版）_v1.0
2025-08-25 11:43:00,897 - WARNING - 配置中的策略未找到对应实现: 反转做多策略（优化版）_v1.0
2025-08-25 11:43:00,897 - ERROR - 加载策略文件失败 /home/hypnosis/data/git/quant_base/backend/strategies/value_reversal_final_strategy.py: No module named 'talib'
2025-08-25 11:43:00,898 - ERROR - 加载策略文件失败 /home/hypnosis/data/git/quant_base/backend/strategies/value_reversal_final_strategy.py: No module named 'talib'
2025-08-25 11:43:00,898 - ERROR - 加载策略文件失败 /home/hypnosis/data/git/quant_base/backend/strategies/reversed_short_optimized_strategy.py: No module named 'talib'
2025-08-25 11:43:00,898 - WARNING - 配置中的策略未找到对应实现: 价值反转策略（最终版）_v1.0
2025-08-25 11:43:00,898 - WARNING - 配置中的策略未找到对应实现: 反转做多策略（优化版）_v1.0
2025-08-25 11:43:00,898 - ERROR - 加载策略文件失败 /home/hypnosis/data/git/quant_base/backend/strategies/reversed_short_optimized_strategy.py: No module named 'talib'
2025-08-25 11:43:00,898 - ERROR - 加载策略文件失败 /home/hypnosis/data/git/quant_base/backend/strategies/reversed_short_optimized_strategy.py: No module named 'talib'
2025-08-25 11:43:00,899 - WARNING - 配置中的策略未找到对应实现: 价值反转策略（最终版）_v1.0
2025-08-25 11:43:00,899 - WARNING - 配置中的策略未找到对应实现: 反转做多策略（优化版）_v1.0
2025-08-25 11:43:00,899 - WARNING - 配置中的策略未找到对应实现: 价值反转策略（最终版）_v1.0
2025-08-25 11:43:00,899 - WARNING - 配置中的策略未找到对应实现: 反转做多策略（优化版）_v1.0
2025-08-25 11:43:00,899 - ERROR - 加载策略文件失败 /home/hypnosis/data/git/quant_base/backend/strategies/value_reversal_final_strategy.py: No module named 'talib'
2025-08-25 11:43:00,900 - ERROR - 加载策略文件失败 /home/hypnosis/data/git/quant_base/backend/strategies/reversed_short_optimized_strategy.py: No module named 'talib'
2025-08-25 11:43:00,900 - WARNING - 配置中的策略未找到对应实现: 价值反转策略（最终版）_v1.0
2025-08-25 11:43:00,901 - WARNING - 配置中的策略未找到对应实现: 反转做多策略（优化版）_v1.0
2025-08-25 11:43:00,901 - ERROR - 加载策略文件失败 /home/hypnosis/data/git/quant_base/backend/strategies/value_reversal_final_strategy.py: No module named 'talib'
2025-08-25 11:43:00,901 - ERROR - 加载策略文件失败 /home/hypnosis/data/git/quant_base/backend/strategies/value_reversal_final_strategy.py: No module named 'talib'
2025-08-25 11:43:00,902 - ERROR - 加载策略文件失败 /home/hypnosis/data/git/quant_base/backend/strategies/reversed_short_optimized_strategy.py: No module named 'talib'
2025-08-25 11:43:00,902 - ERROR - 加载策略文件失败 /home/hypnosis/data/git/quant_base/backend/strategies/reversed_short_optimized_strategy.py: No module named 'talib'
2025-08-25 11:43:00,902 - WARNING - 配置中的策略未找到对应实现: 价值反转策略（最终版）_v1.0
2025-08-25 11:43:00,902 - WARNING - 配置中的策略未找到对应实现: 价值反转策略（最终版）_v1.0
2025-08-25 11:43:00,902 - WARNING - 配置中的策略未找到对应实现: 反转做多策略（优化版）_v1.0
2025-08-25 11:43:00,902 - WARNING - 配置中的策略未找到对应实现: 反转做多策略（优化版）_v1.0
2025-08-25 11:43:00,906 - ERROR - 加载策略文件失败 /home/hypnosis/data/git/quant_base/backend/strategies/value_reversal_final_strategy.py: No module named 'talib'
2025-08-25 11:43:00,906 - ERROR - 加载策略文件失败 /home/hypnosis/data/git/quant_base/backend/strategies/value_reversal_final_strategy.py: No module named 'talib'
2025-08-25 11:43:00,907 - ERROR - 加载策略文件失败 /home/hypnosis/data/git/quant_base/backend/strategies/value_reversal_final_strategy.py: No module named 'talib'
2025-08-25 11:43:00,907 - ERROR - 加载策略文件失败 /home/hypnosis/data/git/quant_base/backend/strategies/value_reversal_final_strategy.py: No module named 'talib'
2025-08-25 11:43:00,907 - ERROR - 加载策略文件失败 /home/hypnosis/data/git/quant_base/backend/strategies/reversed_short_optimized_strategy.py: No module named 'talib'
2025-08-25 11:43:00,907 - ERROR - 加载策略文件失败 /home/hypnosis/data/git/quant_base/backend/strategies/reversed_short_optimized_strategy.py: No module named 'talib'
2025-08-25 11:43:00,907 - WARNING - 配置中的策略未找到对应实现: 价值反转策略（最终版）_v1.0
2025-08-25 11:43:00,907 - WARNING - 配置中的策略未找到对应实现: 价值反转策略（最终版）_v1.0
2025-08-25 11:43:00,907 - WARNING - 配置中的策略未找到对应实现: 反转做多策略（优化版）_v1.0
2025-08-25 11:43:00,907 - WARNING - 配置中的策略未找到对应实现: 反转做多策略（优化版）_v1.0
2025-08-25 11:43:00,908 - ERROR - 加载策略文件失败 /home/hypnosis/data/git/quant_base/backend/strategies/reversed_short_optimized_strategy.py: No module named 'talib'
2025-08-25 11:43:00,908 - ERROR - 加载策略文件失败 /home/hypnosis/data/git/quant_base/backend/strategies/reversed_short_optimized_strategy.py: No module named 'talib'
2025-08-25 11:43:00,908 - WARNING - 配置中的策略未找到对应实现: 价值反转策略（最终版）_v1.0
2025-08-25 11:43:00,908 - WARNING - 配置中的策略未找到对应实现: 反转做多策略（优化版）_v1.0
2025-08-25 11:43:00,908 - WARNING - 配置中的策略未找到对应实现: 价值反转策略（最终版）_v1.0
2025-08-25 11:43:00,908 - WARNING - 配置中的策略未找到对应实现: 反转做多策略（优化版）_v1.0
2025-08-25 11:43:00,909 - ERROR - 加载策略文件失败 /home/hypnosis/data/git/quant_base/backend/strategies/value_reversal_final_strategy.py: No module named 'talib'
2025-08-25 11:43:00,910 - ERROR - 加载策略文件失败 /home/hypnosis/data/git/quant_base/backend/strategies/reversed_short_optimized_strategy.py: No module named 'talib'
2025-08-25 11:43:00,910 - WARNING - 配置中的策略未找到对应实现: 价值反转策略（最终版）_v1.0
2025-08-25 11:43:00,910 - WARNING - 配置中的策略未找到对应实现: 反转做多策略（优化版）_v1.0
2025-08-25 11:43:00,911 - ERROR - 加载策略文件失败 /home/hypnosis/data/git/quant_base/backend/strategies/value_reversal_final_strategy.py: No module named 'talib'
2025-08-25 11:43:00,911 - ERROR - 加载策略文件失败 /home/hypnosis/data/git/quant_base/backend/strategies/value_reversal_final_strategy.py: No module named 'talib'
2025-08-25 11:43:00,912 - ERROR - 加载策略文件失败 /home/hypnosis/data/git/quant_base/backend/strategies/reversed_short_optimized_strategy.py: No module named 'talib'
2025-08-25 11:43:00,912 - ERROR - 加载策略文件失败 /home/hypnosis/data/git/quant_base/backend/strategies/reversed_short_optimized_strategy.py: No module named 'talib'
2025-08-25 11:43:00,912 - WARNING - 配置中的策略未找到对应实现: 价值反转策略（最终版）_v1.0
2025-08-25 11:43:00,912 - WARNING - 配置中的策略未找到对应实现: 价值反转策略（最终版）_v1.0
2025-08-25 11:43:00,912 - WARNING - 配置中的策略未找到对应实现: 反转做多策略（优化版）_v1.0
2025-08-25 11:43:00,912 - WARNING - 配置中的策略未找到对应实现: 反转做多策略（优化版）_v1.0
2025-08-25 11:43:00,913 - ERROR - 加载策略文件失败 /home/hypnosis/data/git/quant_base/backend/strategies/value_reversal_final_strategy.py: No module named 'talib'
2025-08-25 11:43:00,914 - ERROR - 加载策略文件失败 /home/hypnosis/data/git/quant_base/backend/strategies/reversed_short_optimized_strategy.py: No module named 'talib'
2025-08-25 11:43:00,914 - ERROR - 加载策略文件失败 /home/hypnosis/data/git/quant_base/backend/strategies/value_reversal_final_strategy.py: No module named 'talib'
2025-08-25 11:43:00,914 - ERROR - 加载策略文件失败 /home/hypnosis/data/git/quant_base/backend/strategies/value_reversal_final_strategy.py: No module named 'talib'
2025-08-25 11:43:00,914 - WARNING - 配置中的策略未找到对应实现: 价值反转策略（最终版）_v1.0
2025-08-25 11:43:00,914 - WARNING - 配置中的策略未找到对应实现: 反转做多策略（优化版）_v1.0
2025-08-25 11:43:00,915 - ERROR - 加载策略文件失败 /home/hypnosis/data/git/quant_base/backend/strategies/reversed_short_optimized_strategy.py: No module named 'talib'
2025-08-25 11:43:00,915 - ERROR - 加载策略文件失败 /home/hypnosis/data/git/quant_base/backend/strategies/reversed_short_optimized_strategy.py: No module named 'talib'
2025-08-25 11:43:00,915 - WARNING - 配置中的策略未找到对应实现: 价值反转策略（最终版）_v1.0
2025-08-25 11:43:00,915 - ERROR - 加载策略文件失败 /home/hypnosis/data/git/quant_base/backend/strategies/value_reversal_final_strategy.py: No module named 'talib'
2025-08-25 11:43:00,915 - WARNING - 配置中的策略未找到对应实现: 反转做多策略（优化版）_v1.0
2025-08-25 11:43:00,915 - WARNING - 配置中的策略未找到对应实现: 价值反转策略（最终版）_v1.0
2025-08-25 11:43:00,915 - WARNING - 配置中的策略未找到对应实现: 反转做多策略（优化版）_v1.0
2025-08-25 11:43:00,916 - ERROR - 加载策略文件失败 /home/hypnosis/data/git/quant_base/backend/strategies/value_reversal_final_strategy.py: No module named 'talib'
2025-08-25 11:43:00,916 - ERROR - 加载策略文件失败 /home/hypnosis/data/git/quant_base/backend/strategies/reversed_short_optimized_strategy.py: No module named 'talib'
2025-08-25 11:43:00,916 - WARNING - 配置中的策略未找到对应实现: 价值反转策略（最终版）_v1.0
2025-08-25 11:43:00,916 - ERROR - 加载策略文件失败 /home/hypnosis/data/git/quant_base/backend/strategies/value_reversal_final_strategy.py: No module named 'talib'
2025-08-25 11:43:00,916 - WARNING - 配置中的策略未找到对应实现: 反转做多策略（优化版）_v1.0
2025-08-25 11:43:00,917 - ERROR - 加载策略文件失败 /home/hypnosis/data/git/quant_base/backend/strategies/reversed_short_optimized_strategy.py: No module named 'talib'
2025-08-25 11:43:00,917 - WARNING - 配置中的策略未找到对应实现: 价值反转策略（最终版）_v1.0
2025-08-25 11:43:00,917 - WARNING - 配置中的策略未找到对应实现: 反转做多策略（优化版）_v1.0
2025-08-25 11:43:00,917 - ERROR - 加载策略文件失败 /home/hypnosis/data/git/quant_base/backend/strategies/reversed_short_optimized_strategy.py: No module named 'talib'
2025-08-25 11:43:00,917 - WARNING - 配置中的策略未找到对应实现: 价值反转策略（最终版）_v1.0
2025-08-25 11:43:00,917 - WARNING - 配置中的策略未找到对应实现: 反转做多策略（优化版）_v1.0
2025-08-25 11:43:00,918 - ERROR - 加载策略文件失败 /home/hypnosis/data/git/quant_base/backend/strategies/value_reversal_final_strategy.py: No module named 'talib'
2025-08-25 11:43:00,918 - ERROR - 策略未注册: 价值反转策略（最终版）_v1.0
2025-08-25 11:43:00,918 - ERROR - 策略未注册: 价值反转策略（最终版）_v1.0
2025-08-25 11:43:00,919 - ERROR - 可用策略: ['强势股MA13回调策略_v1.0', 'STRONG_STOCK_MA13_PULLBACK_v1.0', '周线金叉+日线MA_v1.0', 'WEEKLY_GOLDEN_CROSS_MA_v1.0', '年度见底机会策略_v1.0', 'ANNUAL_BOTTOM_OPPORTUNITY_v1.0', 'MACD零轴启动_v1.0', 'MACD_ZERO_AXIS_v1.0', '长周期横盘突破策略_v1.0', 'LONG_TERM_CONSOLIDATION_BREAKOUT_v1.0', '深渊筑底策略_v2.0', 'ABYSS_BOTTOMING_v2.0', '临界金叉_v1.0', 'PRE_CROSS_v1.0', '三重金叉_v1.0', 'TRIPLE_CROSS_v1.0']
2025-08-25 11:43:00,919 - ERROR - 可用策略: ['强势股MA13回调策略_v1.0', 'STRONG_STOCK_MA13_PULLBACK_v1.0', '周线金叉+日线MA_v1.0', 'WEEKLY_GOLDEN_CROSS_MA_v1.0', '年度见底机会策略_v1.0', 'ANNUAL_BOTTOM_OPPORTUNITY_v1.0', 'MACD零轴启动_v1.0', 'MACD_ZERO_AXIS_v1.0', '长周期横盘突破策略_v1.0', 'LONG_TERM_CONSOLIDATION_BREAKOUT_v1.0', '深渊筑底策略_v2.0', 'ABYSS_BOTTOMING_v2.0', '临界金叉_v1.0', 'PRE_CROSS_v1.0', '三重金叉_v1.0', 'TRIPLE_CROSS_v1.0']
2025-08-25 11:43:00,919 - ERROR - 策略未注册: 反转做多策略（优化版）_v1.0
2025-08-25 11:43:00,919 - ERROR - 策略未注册: 反转做多策略（优化版）_v1.0
2025-08-25 11:43:00,919 - ERROR - 可用策略: ['强势股MA13回调策略_v1.0', 'STRONG_STOCK_MA13_PULLBACK_v1.0', '周线金叉+日线MA_v1.0', 'WEEKLY_GOLDEN_CROSS_MA_v1.0', '年度见底机会策略_v1.0', 'ANNUAL_BOTTOM_OPPORTUNITY_v1.0', 'MACD零轴启动_v1.0', 'MACD_ZERO_AXIS_v1.0', '长周期横盘突破策略_v1.0', 'LONG_TERM_CONSOLIDATION_BREAKOUT_v1.0', '深渊筑底策略_v2.0', 'ABYSS_BOTTOMING_v2.0', '临界金叉_v1.0', 'PRE_CROSS_v1.0', '三重金叉_v1.0', 'TRIPLE_CROSS_v1.0']
2025-08-25 11:43:00,918 - ERROR - 加载策略文件失败 /home/hypnosis/data/git/quant_base/backend/strategies/value_reversal_final_strategy.py: No module named 'talib'
2025-08-25 11:43:00,919 - ERROR - 可用策略: ['强势股MA13回调策略_v1.0', 'STRONG_STOCK_MA13_PULLBACK_v1.0', '周线金叉+日线MA_v1.0', 'WEEKLY_GOLDEN_CROSS_MA_v1.0', '年度见底机会策略_v1.0', 'ANNUAL_BOTTOM_OPPORTUNITY_v1.0', 'MACD零轴启动_v1.0', 'MACD_ZERO_AXIS_v1.0', '长周期横盘突破策略_v1.0', 'LONG_TERM_CONSOLIDATION_BREAKOUT_v1.0', '深渊筑底策略_v2.0', 'ABYSS_BOTTOMING_v2.0', '临界金叉_v1.0', 'PRE_CROSS_v1.0', '三重金叉_v1.0', 'TRIPLE_CROSS_v1.0']
2025-08-25 11:43:00,919 - ERROR - 加载策略文件失败 /home/hypnosis/data/git/quant_base/backend/strategies/reversed_short_optimized_strategy.py: No module named 'talib'
2025-08-25 11:43:00,920 - WARNING - 配置中的策略未找到对应实现: 价值反转策略（最终版）_v1.0
2025-08-25 11:43:00,920 - ERROR - 加载策略文件失败 /home/hypnosis/data/git/quant_base/backend/strategies/value_reversal_final_strategy.py: No module named 'talib'
2025-08-25 11:43:00,920 - ERROR - 加载策略文件失败 /home/hypnosis/data/git/quant_base/backend/strategies/value_reversal_final_strategy.py: No module named 'talib'
2025-08-25 11:43:00,920 - ERROR - 加载策略文件失败 /home/hypnosis/data/git/quant_base/backend/strategies/reversed_short_optimized_strategy.py: No module named 'talib'
2025-08-25 11:43:00,920 - WARNING - 配置中的策略未找到对应实现: 反转做多策略（优化版）_v1.0
2025-08-25 11:43:00,920 - ERROR - 策略未注册: 价值反转策略（最终版）_v1.0
2025-08-25 11:43:00,920 - ERROR - 可用策略: ['强势股MA13回调策略_v1.0', 'STRONG_STOCK_MA13_PULLBACK_v1.0', '周线金叉+日线MA_v1.0', 'WEEKLY_GOLDEN_CROSS_MA_v1.0', '年度见底机会策略_v1.0', 'ANNUAL_BOTTOM_OPPORTUNITY_v1.0', 'MACD零轴启动_v1.0', 'MACD_ZERO_AXIS_v1.0', '长周期横盘突破策略_v1.0', 'LONG_TERM_CONSOLIDATION_BREAKOUT_v1.0', '深渊筑底策略_v2.0', 'ABYSS_BOTTOMING_v2.0', '临界金叉_v1.0', 'PRE_CROSS_v1.0', '三重金叉_v1.0', 'TRIPLE_CROSS_v1.0']
2025-08-25 11:43:00,920 - ERROR - 策略未注册: 价值反转策略（最终版）_v1.0
2025-08-25 11:43:00,920 - ERROR - 策略未注册: 反转做多策略（优化版）_v1.0
2025-08-25 11:43:00,920 - ERROR - 可用策略: ['强势股MA13回调策略_v1.0', 'STRONG_STOCK_MA13_PULLBACK_v1.0', '周线金叉+日线MA_v1.0', 'WEEKLY_GOLDEN_CROSS_MA_v1.0', '年度见底机会策略_v1.0', 'ANNUAL_BOTTOM_OPPORTUNITY_v1.0', 'MACD零轴启动_v1.0', 'MACD_ZERO_AXIS_v1.0', '长周期横盘突破策略_v1.0', 'LONG_TERM_CONSOLIDATION_BREAKOUT_v1.0', '深渊筑底策略_v2.0', 'ABYSS_BOTTOMING_v2.0', '临界金叉_v1.0', 'PRE_CROSS_v1.0', '三重金叉_v1.0', 'TRIPLE_CROSS_v1.0']
2025-08-25 11:43:00,920 - ERROR - 可用策略: ['强势股MA13回调策略_v1.0', 'STRONG_STOCK_MA13_PULLBACK_v1.0', '周线金叉+日线MA_v1.0', 'WEEKLY_GOLDEN_CROSS_MA_v1.0', '年度见底机会策略_v1.0', 'ANNUAL_BOTTOM_OPPORTUNITY_v1.0', 'MACD零轴启动_v1.0', 'MACD_ZERO_AXIS_v1.0', '长周期横盘突破策略_v1.0', 'LONG_TERM_CONSOLIDATION_BREAKOUT_v1.0', '深渊筑底策略_v2.0', 'ABYSS_BOTTOMING_v2.0', '临界金叉_v1.0', 'PRE_CROSS_v1.0', '三重金叉_v1.0', 'TRIPLE_CROSS_v1.0']
2025-08-25 11:43:00,920 - ERROR - 策略未注册: 反转做多策略（优化版）_v1.0
2025-08-25 11:43:00,920 - ERROR - 可用策略: ['强势股MA13回调策略_v1.0', 'STRONG_STOCK_MA13_PULLBACK_v1.0', '周线金叉+日线MA_v1.0', 'WEEKLY_GOLDEN_CROSS_MA_v1.0', '年度见底机会策略_v1.0', 'ANNUAL_BOTTOM_OPPORTUNITY_v1.0', 'MACD零轴启动_v1.0', 'MACD_ZERO_AXIS_v1.0', '长周期横盘突破策略_v1.0', 'LONG_TERM_CONSOLIDATION_BREAKOUT_v1.0', '深渊筑底策略_v2.0', 'ABYSS_BOTTOMING_v2.0', '临界金叉_v1.0', 'PRE_CROSS_v1.0', '三重金叉_v1.0', 'TRIPLE_CROSS_v1.0']
2025-08-25 11:43:00,920 - ERROR - 策略未注册: 价值反转策略（最终版）_v1.0
2025-08-25 11:43:00,920 - ERROR - 可用策略: ['强势股MA13回调策略_v1.0', 'STRONG_STOCK_MA13_PULLBACK_v1.0', '周线金叉+日线MA_v1.0', 'WEEKLY_GOLDEN_CROSS_MA_v1.0', '年度见底机会策略_v1.0', 'ANNUAL_BOTTOM_OPPORTUNITY_v1.0', 'MACD零轴启动_v1.0', 'MACD_ZERO_AXIS_v1.0', '长周期横盘突破策略_v1.0', 'LONG_TERM_CONSOLIDATION_BREAKOUT_v1.0', '深渊筑底策略_v2.0', 'ABYSS_BOTTOMING_v2.0', '临界金叉_v1.0', 'PRE_CROSS_v1.0', '三重金叉_v1.0', 'TRIPLE_CROSS_v1.0']
2025-08-25 11:43:00,920 - ERROR - 加载策略文件失败 /home/hypnosis/data/git/quant_base/backend/strategies/value_reversal_final_strategy.py: No module named 'talib'
2025-08-25 11:43:00,920 - ERROR - 策略未注册: 反转做多策略（优化版）_v1.0
2025-08-25 11:43:00,920 - ERROR - 可用策略: ['强势股MA13回调策略_v1.0', 'STRONG_STOCK_MA13_PULLBACK_v1.0', '周线金叉+日线MA_v1.0', 'WEEKLY_GOLDEN_CROSS_MA_v1.0', '年度见底机会策略_v1.0', 'ANNUAL_BOTTOM_OPPORTUNITY_v1.0', 'MACD零轴启动_v1.0', 'MACD_ZERO_AXIS_v1.0', '长周期横盘突破策略_v1.0', 'LONG_TERM_CONSOLIDATION_BREAKOUT_v1.0', '深渊筑底策略_v2.0', 'ABYSS_BOTTOMING_v2.0', '临界金叉_v1.0', 'PRE_CROSS_v1.0', '三重金叉_v1.0', 'TRIPLE_CROSS_v1.0']
2025-08-25 11:43:00,920 - ERROR - 策略未注册: 价值反转策略（最终版）_v1.0
2025-08-25 11:43:00,920 - WARNING - 配置中的策略未找到对应实现: 价值反转策略（最终版）_v1.0
2025-08-25 11:43:00,920 - ERROR - 可用策略: ['强势股MA13回调策略_v1.0', 'STRONG_STOCK_MA13_PULLBACK_v1.0', '周线金叉+日线MA_v1.0', 'WEEKLY_GOLDEN_CROSS_MA_v1.0', '年度见底机会策略_v1.0', 'ANNUAL_BOTTOM_OPPORTUNITY_v1.0', 'MACD零轴启动_v1.0', 'MACD_ZERO_AXIS_v1.0', '长周期横盘突破策略_v1.0', 'LONG_TERM_CONSOLIDATION_BREAKOUT_v1.0', '深渊筑底策略_v2.0', 'ABYSS_BOTTOMING_v2.0', '临界金叉_v1.0', 'PRE_CROSS_v1.0', '三重金叉_v1.0', 'TRIPLE_CROSS_v1.0']
2025-08-25 11:43:00,920 - ERROR - 策略未注册: 反转做多策略（优化版）_v1.0
2025-08-25 11:43:00,920 - ERROR - 可用策略: ['强势股MA13回调策略_v1.0', 'STRONG_STOCK_MA13_PULLBACK_v1.0', '周线金叉+日线MA_v1.0', 'WEEKLY_GOLDEN_CROSS_MA_v1.0', '年度见底机会策略_v1.0', 'ANNUAL_BOTTOM_OPPORTUNITY_v1.0', 'MACD零轴启动_v1.0', 'MACD_ZERO_AXIS_v1.0', '长周期横盘突破策略_v1.0', 'LONG_TERM_CONSOLIDATION_BREAKOUT_v1.0', '深渊筑底策略_v2.0', 'ABYSS_BOTTOMING_v2.0', '临界金叉_v1.0', 'PRE_CROSS_v1.0', '三重金叉_v1.0', 'TRIPLE_CROSS_v1.0']
2025-08-25 11:43:00,920 - WARNING - 配置中的策略未找到对应实现: 反转做多策略（优化版）_v1.0
2025-08-25 11:43:00,921 - ERROR - 加载策略文件失败 /home/hypnosis/data/git/quant_base/backend/strategies/reversed_short_optimized_strategy.py: No module named 'talib'
2025-08-25 11:43:00,921 - ERROR - 加载策略文件失败 /home/hypnosis/data/git/quant_base/backend/strategies/reversed_short_optimized_strategy.py: No module named 'talib'
2025-08-25 11:43:00,921 - WARNING - 配置中的策略未找到对应实现: 价值反转策略（最终版）_v1.0
2025-08-25 11:43:00,921 - ERROR - 策略未注册: 价值反转策略（最终版）_v1.0
2025-08-25 11:43:00,921 - ERROR - 可用策略: ['强势股MA13回调策略_v1.0', 'STRONG_STOCK_MA13_PULLBACK_v1.0', '周线金叉+日线MA_v1.0', 'WEEKLY_GOLDEN_CROSS_MA_v1.0', '年度见底机会策略_v1.0', 'ANNUAL_BOTTOM_OPPORTUNITY_v1.0', 'MACD零轴启动_v1.0', 'MACD_ZERO_AXIS_v1.0', '长周期横盘突破策略_v1.0', 'LONG_TERM_CONSOLIDATION_BREAKOUT_v1.0', '深渊筑底策略_v2.0', 'ABYSS_BOTTOMING_v2.0', '临界金叉_v1.0', 'PRE_CROSS_v1.0', '三重金叉_v1.0', 'TRIPLE_CROSS_v1.0']
2025-08-25 11:43:00,921 - WARNING - 配置中的策略未找到对应实现: 反转做多策略（优化版）_v1.0
2025-08-25 11:43:00,921 - ERROR - 策略未注册: 反转做多策略（优化版）_v1.0
2025-08-25 11:43:00,921 - WARNING - 配置中的策略未找到对应实现: 价值反转策略（最终版）_v1.0
2025-08-25 11:43:00,921 - ERROR - 可用策略: ['强势股MA13回调策略_v1.0', 'STRONG_STOCK_MA13_PULLBACK_v1.0', '周线金叉+日线MA_v1.0', 'WEEKLY_GOLDEN_CROSS_MA_v1.0', '年度见底机会策略_v1.0', 'ANNUAL_BOTTOM_OPPORTUNITY_v1.0', 'MACD零轴启动_v1.0', 'MACD_ZERO_AXIS_v1.0', '长周期横盘突破策略_v1.0', 'LONG_TERM_CONSOLIDATION_BREAKOUT_v1.0', '深渊筑底策略_v2.0', 'ABYSS_BOTTOMING_v2.0', '临界金叉_v1.0', 'PRE_CROSS_v1.0', '三重金叉_v1.0', 'TRIPLE_CROSS_v1.0']
2025-08-25 11:43:00,921 - ERROR - 加载策略文件失败 /home/hypnosis/data/git/quant_base/backend/strategies/reversed_short_optimized_strategy.py: No module named 'talib'
2025-08-25 11:43:00,921 - WARNING - 配置中的策略未找到对应实现: 反转做多策略（优化版）_v1.0
2025-08-25 11:43:00,921 - WARNING - 配置中的策略未找到对应实现: 价值反转策略（最终版）_v1.0
2025-08-25 11:43:00,921 - WARNING - 配置中的策略未找到对应实现: 反转做多策略（优化版）_v1.0
2025-08-25 11:43:00,922 - ERROR - 加载策略文件失败 /home/hypnosis/data/git/quant_base/backend/strategies/value_reversal_final_strategy.py: No module named 'talib'
2025-08-25 11:43:00,922 - ERROR - 加载策略文件失败 /home/hypnosis/data/git/quant_base/backend/strategies/value_reversal_final_strategy.py: No module named 'talib'
2025-08-25 11:43:00,922 - ERROR - 策略未注册: 价值反转策略（最终版）_v1.0
2025-08-25 11:43:00,922 - ERROR - 可用策略: ['强势股MA13回调策略_v1.0', 'STRONG_STOCK_MA13_PULLBACK_v1.0', '周线金叉+日线MA_v1.0', 'WEEKLY_GOLDEN_CROSS_MA_v1.0', '年度见底机会策略_v1.0', 'ANNUAL_BOTTOM_OPPORTUNITY_v1.0', 'MACD零轴启动_v1.0', 'MACD_ZERO_AXIS_v1.0', '长周期横盘突破策略_v1.0', 'LONG_TERM_CONSOLIDATION_BREAKOUT_v1.0', '深渊筑底策略_v2.0', 'ABYSS_BOTTOMING_v2.0', '临界金叉_v1.0', 'PRE_CROSS_v1.0', '三重金叉_v1.0', 'TRIPLE_CROSS_v1.0']
2025-08-25 11:43:00,922 - ERROR - 策略未注册: 反转做多策略（优化版）_v1.0
2025-08-25 11:43:00,922 - ERROR - 可用策略: ['强势股MA13回调策略_v1.0', 'STRONG_STOCK_MA13_PULLBACK_v1.0', '周线金叉+日线MA_v1.0', 'WEEKLY_GOLDEN_CROSS_MA_v1.0', '年度见底机会策略_v1.0', 'ANNUAL_BOTTOM_OPPORTUNITY_v1.0', 'MACD零轴启动_v1.0', 'MACD_ZERO_AXIS_v1.0', '长周期横盘突破策略_v1.0', 'LONG_TERM_CONSOLIDATION_BREAKOUT_v1.0', '深渊筑底策略_v2.0', 'ABYSS_BOTTOMING_v2.0', '临界金叉_v1.0', 'PRE_CROSS_v1.0', '三重金叉_v1.0', 'TRIPLE_CROSS_v1.0']
2025-08-25 11:43:00,922 - ERROR - 加载策略文件失败 /home/hypnosis/data/git/quant_base/backend/strategies/value_reversal_final_strategy.py: No module named 'talib'
2025-08-25 11:43:00,923 - ERROR - 加载策略文件失败 /home/hypnosis/data/git/quant_base/backend/strategies/reversed_short_optimized_strategy.py: No module named 'talib'
2025-08-25 11:43:00,923 - ERROR - 加载策略文件失败 /home/hypnosis/data/git/quant_base/backend/strategies/reversed_short_optimized_strategy.py: No module named 'talib'
2025-08-25 11:43:00,923 - WARNING - 配置中的策略未找到对应实现: 价值反转策略（最终版）_v1.0
2025-08-25 11:43:00,923 - WARNING - 配置中的策略未找到对应实现: 价值反转策略（最终版）_v1.0
2025-08-25 11:43:00,923 - WARNING - 配置中的策略未找到对应实现: 反转做多策略（优化版）_v1.0
2025-08-25 11:43:00,923 - ERROR - 加载策略文件失败 /home/hypnosis/data/git/quant_base/backend/strategies/reversed_short_optimized_strategy.py: No module named 'talib'
2025-08-25 11:43:00,923 - WARNING - 配置中的策略未找到对应实现: 反转做多策略（优化版）_v1.0
2025-08-25 11:43:00,923 - ERROR - 策略未注册: 价值反转策略（最终版）_v1.0
2025-08-25 11:43:00,923 - WARNING - 配置中的策略未找到对应实现: 价值反转策略（最终版）_v1.0
2025-08-25 11:43:00,923 - ERROR - 可用策略: ['强势股MA13回调策略_v1.0', 'STRONG_STOCK_MA13_PULLBACK_v1.0', '周线金叉+日线MA_v1.0', 'WEEKLY_GOLDEN_CROSS_MA_v1.0', '年度见底机会策略_v1.0', 'ANNUAL_BOTTOM_OPPORTUNITY_v1.0', 'MACD零轴启动_v1.0', 'MACD_ZERO_AXIS_v1.0', '长周期横盘突破策略_v1.0', 'LONG_TERM_CONSOLIDATION_BREAKOUT_v1.0', '深渊筑底策略_v2.0', 'ABYSS_BOTTOMING_v2.0', '临界金叉_v1.0', 'PRE_CROSS_v1.0', '三重金叉_v1.0', 'TRIPLE_CROSS_v1.0']
2025-08-25 11:43:00,924 - WARNING - 配置中的策略未找到对应实现: 反转做多策略（优化版）_v1.0
2025-08-25 11:43:00,924 - ERROR - 策略未注册: 反转做多策略（优化版）_v1.0
2025-08-25 11:43:00,924 - ERROR - 可用策略: ['强势股MA13回调策略_v1.0', 'STRONG_STOCK_MA13_PULLBACK_v1.0', '周线金叉+日线MA_v1.0', 'WEEKLY_GOLDEN_CROSS_MA_v1.0', '年度见底机会策略_v1.0', 'ANNUAL_BOTTOM_OPPORTUNITY_v1.0', 'MACD零轴启动_v1.0', 'MACD_ZERO_AXIS_v1.0', '长周期横盘突破策略_v1.0', 'LONG_TERM_CONSOLIDATION_BREAKOUT_v1.0', '深渊筑底策略_v2.0', 'ABYSS_BOTTOMING_v2.0', '临界金叉_v1.0', 'PRE_CROSS_v1.0', '三重金叉_v1.0', 'TRIPLE_CROSS_v1.0']
2025-08-25 11:43:00,927 - ERROR - 加载策略文件失败 /home/hypnosis/data/git/quant_base/backend/strategies/value_reversal_final_strategy.py: No module named 'talib'
2025-08-25 11:43:00,928 - ERROR - 策略未注册: 价值反转策略（最终版）_v1.0
2025-08-25 11:43:00,928 - ERROR - 可用策略: ['强势股MA13回调策略_v1.0', 'STRONG_STOCK_MA13_PULLBACK_v1.0', '周线金叉+日线MA_v1.0', 'WEEKLY_GOLDEN_CROSS_MA_v1.0', '年度见底机会策略_v1.0', 'ANNUAL_BOTTOM_OPPORTUNITY_v1.0', 'MACD零轴启动_v1.0', 'MACD_ZERO_AXIS_v1.0', '长周期横盘突破策略_v1.0', 'LONG_TERM_CONSOLIDATION_BREAKOUT_v1.0', '深渊筑底策略_v2.0', 'ABYSS_BOTTOMING_v2.0', '临界金叉_v1.0', 'PRE_CROSS_v1.0', '三重金叉_v1.0', 'TRIPLE_CROSS_v1.0']
2025-08-25 11:43:00,928 - ERROR - 策略未注册: 反转做多策略（优化版）_v1.0
2025-08-25 11:43:00,928 - ERROR - 可用策略: ['强势股MA13回调策略_v1.0', 'STRONG_STOCK_MA13_PULLBACK_v1.0', '周线金叉+日线MA_v1.0', 'WEEKLY_GOLDEN_CROSS_MA_v1.0', '年度见底机会策略_v1.0', 'ANNUAL_BOTTOM_OPPORTUNITY_v1.0', 'MACD零轴启动_v1.0', 'MACD_ZERO_AXIS_v1.0', '长周期横盘突破策略_v1.0', 'LONG_TERM_CONSOLIDATION_BREAKOUT_v1.0', '深渊筑底策略_v2.0', 'ABYSS_BOTTOMING_v2.0', '临界金叉_v1.0', 'PRE_CROSS_v1.0', '三重金叉_v1.0', 'TRIPLE_CROSS_v1.0']
2025-08-25 11:43:00,928 - ERROR - 加载策略文件失败 /home/hypnosis/data/git/quant_base/backend/strategies/reversed_short_optimized_strategy.py: No module named 'talib'
2025-08-25 11:43:00,928 - WARNING - 配置中的策略未找到对应实现: 价值反转策略（最终版）_v1.0
2025-08-25 11:43:00,928 - WARNING - 配置中的策略未找到对应实现: 反转做多策略（优化版）_v1.0
2025-08-25 11:43:00,929 - ERROR - 策略未注册: 价值反转策略（最终版）_v1.0
2025-08-25 11:43:00,929 - ERROR - 可用策略: ['强势股MA13回调策略_v1.0', 'STRONG_STOCK_MA13_PULLBACK_v1.0', '周线金叉+日线MA_v1.0', 'WEEKLY_GOLDEN_CROSS_MA_v1.0', '年度见底机会策略_v1.0', 'ANNUAL_BOTTOM_OPPORTUNITY_v1.0', 'MACD零轴启动_v1.0', 'MACD_ZERO_AXIS_v1.0', '长周期横盘突破策略_v1.0', 'LONG_TERM_CONSOLIDATION_BREAKOUT_v1.0', '深渊筑底策略_v2.0', 'ABYSS_BOTTOMING_v2.0', '临界金叉_v1.0', 'PRE_CROSS_v1.0', '三重金叉_v1.0', 'TRIPLE_CROSS_v1.0']
2025-08-25 11:43:00,929 - ERROR - 策略未注册: 反转做多策略（优化版）_v1.0
2025-08-25 11:43:00,929 - ERROR - 可用策略: ['强势股MA13回调策略_v1.0', 'STRONG_STOCK_MA13_PULLBACK_v1.0', '周线金叉+日线MA_v1.0', 'WEEKLY_GOLDEN_CROSS_MA_v1.0', '年度见底机会策略_v1.0', 'ANNUAL_BOTTOM_OPPORTUNITY_v1.0', 'MACD零轴启动_v1.0', 'MACD_ZERO_AXIS_v1.0', '长周期横盘突破策略_v1.0', 'LONG_TERM_CONSOLIDATION_BREAKOUT_v1.0', '深渊筑底策略_v2.0', 'ABYSS_BOTTOMING_v2.0', '临界金叉_v1.0', 'PRE_CROSS_v1.0', '三重金叉_v1.0', 'TRIPLE_CROSS_v1.0']
2025-08-25 11:43:00,930 - ERROR - 加载策略文件失败 /home/hypnosis/data/git/quant_base/backend/strategies/value_reversal_final_strategy.py: No module named 'talib'
2025-08-25 11:43:00,930 - ERROR - 策略未注册: 价值反转策略（最终版）_v1.0
2025-08-25 11:43:00,931 - ERROR - 可用策略: ['强势股MA13回调策略_v1.0', 'STRONG_STOCK_MA13_PULLBACK_v1.0', '周线金叉+日线MA_v1.0', 'WEEKLY_GOLDEN_CROSS_MA_v1.0', '年度见底机会策略_v1.0', 'ANNUAL_BOTTOM_OPPORTUNITY_v1.0', 'MACD零轴启动_v1.0', 'MACD_ZERO_AXIS_v1.0', '长周期横盘突破策略_v1.0', 'LONG_TERM_CONSOLIDATION_BREAKOUT_v1.0', '深渊筑底策略_v2.0', 'ABYSS_BOTTOMING_v2.0', '临界金叉_v1.0', 'PRE_CROSS_v1.0', '三重金叉_v1.0', 'TRIPLE_CROSS_v1.0']
2025-08-25 11:43:00,931 - ERROR - 策略未注册: 反转做多策略（优化版）_v1.0
2025-08-25 11:43:00,931 - ERROR - 可用策略: ['强势股MA13回调策略_v1.0', 'STRONG_STOCK_MA13_PULLBACK_v1.0', '周线金叉+日线MA_v1.0', 'WEEKLY_GOLDEN_CROSS_MA_v1.0', '年度见底机会策略_v1.0', 'ANNUAL_BOTTOM_OPPORTUNITY_v1.0', 'MACD零轴启动_v1.0', 'MACD_ZERO_AXIS_v1.0', '长周期横盘突破策略_v1.0', 'LONG_TERM_CONSOLIDATION_BREAKOUT_v1.0', '深渊筑底策略_v2.0', 'ABYSS_BOTTOMING_v2.0', '临界金叉_v1.0', 'PRE_CROSS_v1.0', '三重金叉_v1.0', 'TRIPLE_CROSS_v1.0']
2025-08-25 11:43:00,931 - ERROR - 加载策略文件失败 /home/hypnosis/data/git/quant_base/backend/strategies/reversed_short_optimized_strategy.py: No module named 'talib'
2025-08-25 11:43:00,931 - WARNING - 配置中的策略未找到对应实现: 价值反转策略（最终版）_v1.0
2025-08-25 11:43:00,931 - WARNING - 配置中的策略未找到对应实现: 反转做多策略（优化版）_v1.0
2025-08-25 11:43:00,933 - ERROR - 策略未注册: 价值反转策略（最终版）_v1.0
2025-08-25 11:43:00,933 - ERROR - 可用策略: ['强势股MA13回调策略_v1.0', 'STRONG_STOCK_MA13_PULLBACK_v1.0', '周线金叉+日线MA_v1.0', 'WEEKLY_GOLDEN_CROSS_MA_v1.0', '年度见底机会策略_v1.0', 'ANNUAL_BOTTOM_OPPORTUNITY_v1.0', 'MACD零轴启动_v1.0', 'MACD_ZERO_AXIS_v1.0', '长周期横盘突破策略_v1.0', 'LONG_TERM_CONSOLIDATION_BREAKOUT_v1.0', '深渊筑底策略_v2.0', 'ABYSS_BOTTOMING_v2.0', '临界金叉_v1.0', 'PRE_CROSS_v1.0', '三重金叉_v1.0', 'TRIPLE_CROSS_v1.0']
2025-08-25 11:43:00,933 - ERROR - 策略未注册: 反转做多策略（优化版）_v1.0
2025-08-25 11:43:00,933 - ERROR - 可用策略: ['强势股MA13回调策略_v1.0', 'STRONG_STOCK_MA13_PULLBACK_v1.0', '周线金叉+日线MA_v1.0', 'WEEKLY_GOLDEN_CROSS_MA_v1.0', '年度见底机会策略_v1.0', 'ANNUAL_BOTTOM_OPPORTUNITY_v1.0', 'MACD零轴启动_v1.0', 'MACD_ZERO_AXIS_v1.0', '长周期横盘突破策略_v1.0', 'LONG_TERM_CONSOLIDATION_BREAKOUT_v1.0', '深渊筑底策略_v2.0', 'ABYSS_BOTTOMING_v2.0', '临界金叉_v1.0', 'PRE_CROSS_v1.0', '三重金叉_v1.0', 'TRIPLE_CROSS_v1.0']
2025-08-25 11:43:00,933 - ERROR - 策略未注册: 价值反转策略（最终版）_v1.0
2025-08-25 11:43:00,933 - ERROR - 可用策略: ['强势股MA13回调策略_v1.0', 'STRONG_STOCK_MA13_PULLBACK_v1.0', '周线金叉+日线MA_v1.0', 'WEEKLY_GOLDEN_CROSS_MA_v1.0', '年度见底机会策略_v1.0', 'ANNUAL_BOTTOM_OPPORTUNITY_v1.0', 'MACD零轴启动_v1.0', 'MACD_ZERO_AXIS_v1.0', '长周期横盘突破策略_v1.0', 'LONG_TERM_CONSOLIDATION_BREAKOUT_v1.0', '深渊筑底策略_v2.0', 'ABYSS_BOTTOMING_v2.0', '临界金叉_v1.0', 'PRE_CROSS_v1.0', '三重金叉_v1.0', 'TRIPLE_CROSS_v1.0']
2025-08-25 11:43:00,933 - ERROR - 策略未注册: 反转做多策略（优化版）_v1.0
2025-08-25 11:43:00,933 - ERROR - 可用策略: ['强势股MA13回调策略_v1.0', 'STRONG_STOCK_MA13_PULLBACK_v1.0', '周线金叉+日线MA_v1.0', 'WEEKLY_GOLDEN_CROSS_MA_v1.0', '年度见底机会策略_v1.0', 'ANNUAL_BOTTOM_OPPORTUNITY_v1.0', 'MACD零轴启动_v1.0', 'MACD_ZERO_AXIS_v1.0', '长周期横盘突破策略_v1.0', 'LONG_TERM_CONSOLIDATION_BREAKOUT_v1.0', '深渊筑底策略_v2.0', 'ABYSS_BOTTOMING_v2.0', '临界金叉_v1.0', 'PRE_CROSS_v1.0', '三重金叉_v1.0', 'TRIPLE_CROSS_v1.0']
2025-08-25 11:43:00,934 - ERROR - 策略未注册: 价值反转策略（最终版）_v1.0
2025-08-25 11:43:00,934 - ERROR - 可用策略: ['强势股MA13回调策略_v1.0', 'STRONG_STOCK_MA13_PULLBACK_v1.0', '周线金叉+日线MA_v1.0', 'WEEKLY_GOLDEN_CROSS_MA_v1.0', '年度见底机会策略_v1.0', 'ANNUAL_BOTTOM_OPPORTUNITY_v1.0', 'MACD零轴启动_v1.0', 'MACD_ZERO_AXIS_v1.0', '长周期横盘突破策略_v1.0', 'LONG_TERM_CONSOLIDATION_BREAKOUT_v1.0', '深渊筑底策略_v2.0', 'ABYSS_BOTTOMING_v2.0', '临界金叉_v1.0', 'PRE_CROSS_v1.0', '三重金叉_v1.0', 'TRIPLE_CROSS_v1.0']
2025-08-25 11:43:00,934 - ERROR - 策略未注册: 反转做多策略（优化版）_v1.0
2025-08-25 11:43:00,934 - ERROR - 可用策略: ['强势股MA13回调策略_v1.0', 'STRONG_STOCK_MA13_PULLBACK_v1.0', '周线金叉+日线MA_v1.0', 'WEEKLY_GOLDEN_CROSS_MA_v1.0', '年度见底机会策略_v1.0', 'ANNUAL_BOTTOM_OPPORTUNITY_v1.0', 'MACD零轴启动_v1.0', 'MACD_ZERO_AXIS_v1.0', '长周期横盘突破策略_v1.0', 'LONG_TERM_CONSOLIDATION_BREAKOUT_v1.0', '深渊筑底策略_v2.0', 'ABYSS_BOTTOMING_v2.0', '临界金叉_v1.0', 'PRE_CROSS_v1.0', '三重金叉_v1.0', 'TRIPLE_CROSS_v1.0']
2025-08-25 11:43:00,935 - ERROR - 策略未注册: 价值反转策略（最终版）_v1.0
2025-08-25 11:43:00,935 - ERROR - 可用策略: ['强势股MA13回调策略_v1.0', 'STRONG_STOCK_MA13_PULLBACK_v1.0', '周线金叉+日线MA_v1.0', 'WEEKLY_GOLDEN_CROSS_MA_v1.0', '年度见底机会策略_v1.0', 'ANNUAL_BOTTOM_OPPORTUNITY_v1.0', 'MACD零轴启动_v1.0', 'MACD_ZERO_AXIS_v1.0', '长周期横盘突破策略_v1.0', 'LONG_TERM_CONSOLIDATION_BREAKOUT_v1.0', '深渊筑底策略_v2.0', 'ABYSS_BOTTOMING_v2.0', '临界金叉_v1.0', 'PRE_CROSS_v1.0', '三重金叉_v1.0', 'TRIPLE_CROSS_v1.0']
2025-08-25 11:43:00,935 - ERROR - 策略未注册: 反转做多策略（优化版）_v1.0
2025-08-25 11:43:00,935 - ERROR - 可用策略: ['强势股MA13回调策略_v1.0', 'STRONG_STOCK_MA13_PULLBACK_v1.0', '周线金叉+日线MA_v1.0', 'WEEKLY_GOLDEN_CROSS_MA_v1.0', '年度见底机会策略_v1.0', 'ANNUAL_BOTTOM_OPPORTUNITY_v1.0', 'MACD零轴启动_v1.0', 'MACD_ZERO_AXIS_v1.0', '长周期横盘突破策略_v1.0', 'LONG_TERM_CONSOLIDATION_BREAKOUT_v1.0', '深渊筑底策略_v2.0', 'ABYSS_BOTTOMING_v2.0', '临界金叉_v1.0', 'PRE_CROSS_v1.0', '三重金叉_v1.0', 'TRIPLE_CROSS_v1.0']
2025-08-25 11:43:00,936 - ERROR - 策略未注册: 价值反转策略（最终版）_v1.0
2025-08-25 11:43:00,936 - ERROR - 可用策略: ['强势股MA13回调策略_v1.0', 'STRONG_STOCK_MA13_PULLBACK_v1.0', '周线金叉+日线MA_v1.0', 'WEEKLY_GOLDEN_CROSS_MA_v1.0', '年度见底机会策略_v1.0', 'ANNUAL_BOTTOM_OPPORTUNITY_v1.0', 'MACD零轴启动_v1.0', 'MACD_ZERO_AXIS_v1.0', '长周期横盘突破策略_v1.0', 'LONG_TERM_CONSOLIDATION_BREAKOUT_v1.0', '深渊筑底策略_v2.0', 'ABYSS_BOTTOMING_v2.0', '临界金叉_v1.0', 'PRE_CROSS_v1.0', '三重金叉_v1.0', 'TRIPLE_CROSS_v1.0']
2025-08-25 11:43:00,936 - ERROR - 策略未注册: 反转做多策略（优化版）_v1.0
2025-08-25 11:43:00,936 - ERROR - 可用策略: ['强势股MA13回调策略_v1.0', 'STRONG_STOCK_MA13_PULLBACK_v1.0', '周线金叉+日线MA_v1.0', 'WEEKLY_GOLDEN_CROSS_MA_v1.0', '年度见底机会策略_v1.0', 'ANNUAL_BOTTOM_OPPORTUNITY_v1.0', 'MACD零轴启动_v1.0', 'MACD_ZERO_AXIS_v1.0', '长周期横盘突破策略_v1.0', 'LONG_TERM_CONSOLIDATION_BREAKOUT_v1.0', '深渊筑底策略_v2.0', 'ABYSS_BOTTOMING_v2.0', '临界金叉_v1.0', 'PRE_CROSS_v1.0', '三重金叉_v1.0', 'TRIPLE_CROSS_v1.0']
2025-08-25 11:43:00,936 - ERROR - 策略未注册: 价值反转策略（最终版）_v1.0
2025-08-25 11:43:00,936 - ERROR - 可用策略: ['强势股MA13回调策略_v1.0', 'STRONG_STOCK_MA13_PULLBACK_v1.0', '周线金叉+日线MA_v1.0', 'WEEKLY_GOLDEN_CROSS_MA_v1.0', '年度见底机会策略_v1.0', 'ANNUAL_BOTTOM_OPPORTUNITY_v1.0', 'MACD零轴启动_v1.0', 'MACD_ZERO_AXIS_v1.0', '长周期横盘突破策略_v1.0', 'LONG_TERM_CONSOLIDATION_BREAKOUT_v1.0', '深渊筑底策略_v2.0', 'ABYSS_BOTTOMING_v2.0', '临界金叉_v1.0', 'PRE_CROSS_v1.0', '三重金叉_v1.0', 'TRIPLE_CROSS_v1.0']
2025-08-25 11:43:00,937 - ERROR - 策略未注册: 反转做多策略（优化版）_v1.0
2025-08-25 11:43:00,937 - ERROR - 可用策略: ['强势股MA13回调策略_v1.0', 'STRONG_STOCK_MA13_PULLBACK_v1.0', '周线金叉+日线MA_v1.0', 'WEEKLY_GOLDEN_CROSS_MA_v1.0', '年度见底机会策略_v1.0', 'ANNUAL_BOTTOM_OPPORTUNITY_v1.0', 'MACD零轴启动_v1.0', 'MACD_ZERO_AXIS_v1.0', '长周期横盘突破策略_v1.0', 'LONG_TERM_CONSOLIDATION_BREAKOUT_v1.0', '深渊筑底策略_v2.0', 'ABYSS_BOTTOMING_v2.0', '临界金叉_v1.0', 'PRE_CROSS_v1.0', '三重金叉_v1.0', 'TRIPLE_CROSS_v1.0']
2025-08-25 11:43:00,938 - ERROR - 策略未注册: 价值反转策略（最终版）_v1.0
2025-08-25 11:43:00,938 - ERROR - 可用策略: ['强势股MA13回调策略_v1.0', 'STRONG_STOCK_MA13_PULLBACK_v1.0', '周线金叉+日线MA_v1.0', 'WEEKLY_GOLDEN_CROSS_MA_v1.0', '年度见底机会策略_v1.0', 'ANNUAL_BOTTOM_OPPORTUNITY_v1.0', 'MACD零轴启动_v1.0', 'MACD_ZERO_AXIS_v1.0', '长周期横盘突破策略_v1.0', 'LONG_TERM_CONSOLIDATION_BREAKOUT_v1.0', '深渊筑底策略_v2.0', 'ABYSS_BOTTOMING_v2.0', '临界金叉_v1.0', 'PRE_CROSS_v1.0', '三重金叉_v1.0', 'TRIPLE_CROSS_v1.0']
2025-08-25 11:43:00,939 - ERROR - 策略未注册: 反转做多策略（优化版）_v1.0
2025-08-25 11:43:00,939 - ERROR - 可用策略: ['强势股MA13回调策略_v1.0', 'STRONG_STOCK_MA13_PULLBACK_v1.0', '周线金叉+日线MA_v1.0', 'WEEKLY_GOLDEN_CROSS_MA_v1.0', '年度见底机会策略_v1.0', 'ANNUAL_BOTTOM_OPPORTUNITY_v1.0', 'MACD零轴启动_v1.0', 'MACD_ZERO_AXIS_v1.0', '长周期横盘突破策略_v1.0', 'LONG_TERM_CONSOLIDATION_BREAKOUT_v1.0', '深渊筑底策略_v2.0', 'ABYSS_BOTTOMING_v2.0', '临界金叉_v1.0', 'PRE_CROSS_v1.0', '三重金叉_v1.0', 'TRIPLE_CROSS_v1.0']
2025-08-25 11:43:00,940 - ERROR - 策略未注册: 价值反转策略（最终版）_v1.0
2025-08-25 11:43:00,940 - ERROR - 可用策略: ['强势股MA13回调策略_v1.0', 'STRONG_STOCK_MA13_PULLBACK_v1.0', '周线金叉+日线MA_v1.0', 'WEEKLY_GOLDEN_CROSS_MA_v1.0', '年度见底机会策略_v1.0', 'ANNUAL_BOTTOM_OPPORTUNITY_v1.0', 'MACD零轴启动_v1.0', 'MACD_ZERO_AXIS_v1.0', '长周期横盘突破策略_v1.0', 'LONG_TERM_CONSOLIDATION_BREAKOUT_v1.0', '深渊筑底策略_v2.0', 'ABYSS_BOTTOMING_v2.0', '临界金叉_v1.0', 'PRE_CROSS_v1.0', '三重金叉_v1.0', 'TRIPLE_CROSS_v1.0']
2025-08-25 11:43:00,940 - ERROR - 策略未注册: 反转做多策略（优化版）_v1.0
2025-08-25 11:43:00,940 - ERROR - 可用策略: ['强势股MA13回调策略_v1.0', 'STRONG_STOCK_MA13_PULLBACK_v1.0', '周线金叉+日线MA_v1.0', 'WEEKLY_GOLDEN_CROSS_MA_v1.0', '年度见底机会策略_v1.0', 'ANNUAL_BOTTOM_OPPORTUNITY_v1.0', 'MACD零轴启动_v1.0', 'MACD_ZERO_AXIS_v1.0', '长周期横盘突破策略_v1.0', 'LONG_TERM_CONSOLIDATION_BREAKOUT_v1.0', '深渊筑底策略_v2.0', 'ABYSS_BOTTOMING_v2.0', '临界金叉_v1.0', 'PRE_CROSS_v1.0', '三重金叉_v1.0', 'TRIPLE_CROSS_v1.0']
2025-08-25 11:43:00,941 - ERROR - 策略未注册: 价值反转策略（最终版）_v1.0
2025-08-25 11:43:00,941 - ERROR - 可用策略: ['强势股MA13回调策略_v1.0', 'STRONG_STOCK_MA13_PULLBACK_v1.0', '周线金叉+日线MA_v1.0', 'WEEKLY_GOLDEN_CROSS_MA_v1.0', '年度见底机会策略_v1.0', 'ANNUAL_BOTTOM_OPPORTUNITY_v1.0', 'MACD零轴启动_v1.0', 'MACD_ZERO_AXIS_v1.0', '长周期横盘突破策略_v1.0', 'LONG_TERM_CONSOLIDATION_BREAKOUT_v1.0', '深渊筑底策略_v2.0', 'ABYSS_BOTTOMING_v2.0', '临界金叉_v1.0', 'PRE_CROSS_v1.0', '三重金叉_v1.0', 'TRIPLE_CROSS_v1.0']
2025-08-25 11:43:00,941 - ERROR - 策略未注册: 反转做多策略（优化版）_v1.0
2025-08-25 11:43:00,941 - ERROR - 可用策略: ['强势股MA13回调策略_v1.0', 'STRONG_STOCK_MA13_PULLBACK_v1.0', '周线金叉+日线MA_v1.0', 'WEEKLY_GOLDEN_CROSS_MA_v1.0', '年度见底机会策略_v1.0', 'ANNUAL_BOTTOM_OPPORTUNITY_v1.0', 'MACD零轴启动_v1.0', 'MACD_ZERO_AXIS_v1.0', '长周期横盘突破策略_v1.0', 'LONG_TERM_CONSOLIDATION_BREAKOUT_v1.0', '深渊筑底策略_v2.0', 'ABYSS_BOTTOMING_v2.0', '临界金叉_v1.0', 'PRE_CROSS_v1.0', '三重金叉_v1.0', 'TRIPLE_CROSS_v1.0']
2025-08-25 11:43:00,943 - ERROR - 策略未注册: 价值反转策略（最终版）_v1.0
2025-08-25 11:43:00,943 - ERROR - 可用策略: ['强势股MA13回调策略_v1.0', 'STRONG_STOCK_MA13_PULLBACK_v1.0', '周线金叉+日线MA_v1.0', 'WEEKLY_GOLDEN_CROSS_MA_v1.0', '年度见底机会策略_v1.0', 'ANNUAL_BOTTOM_OPPORTUNITY_v1.0', 'MACD零轴启动_v1.0', 'MACD_ZERO_AXIS_v1.0', '长周期横盘突破策略_v1.0', 'LONG_TERM_CONSOLIDATION_BREAKOUT_v1.0', '深渊筑底策略_v2.0', 'ABYSS_BOTTOMING_v2.0', '临界金叉_v1.0', 'PRE_CROSS_v1.0', '三重金叉_v1.0', 'TRIPLE_CROSS_v1.0']
2025-08-25 11:43:00,943 - ERROR - 策略未注册: 反转做多策略（优化版）_v1.0
2025-08-25 11:43:00,943 - ERROR - 可用策略: ['强势股MA13回调策略_v1.0', 'STRONG_STOCK_MA13_PULLBACK_v1.0', '周线金叉+日线MA_v1.0', 'WEEKLY_GOLDEN_CROSS_MA_v1.0', '年度见底机会策略_v1.0', 'ANNUAL_BOTTOM_OPPORTUNITY_v1.0', 'MACD零轴启动_v1.0', 'MACD_ZERO_AXIS_v1.0', '长周期横盘突破策略_v1.0', 'LONG_TERM_CONSOLIDATION_BREAKOUT_v1.0', '深渊筑底策略_v2.0', 'ABYSS_BOTTOMING_v2.0', '临界金叉_v1.0', 'PRE_CROSS_v1.0', '三重金叉_v1.0', 'TRIPLE_CROSS_v1.0']
2025-08-25 11:43:00,943 - ERROR - 策略未注册: 价值反转策略（最终版）_v1.0
2025-08-25 11:43:00,943 - ERROR - 可用策略: ['强势股MA13回调策略_v1.0', 'STRONG_STOCK_MA13_PULLBACK_v1.0', '周线金叉+日线MA_v1.0', 'WEEKLY_GOLDEN_CROSS_MA_v1.0', '年度见底机会策略_v1.0', 'ANNUAL_BOTTOM_OPPORTUNITY_v1.0', 'MACD零轴启动_v1.0', 'MACD_ZERO_AXIS_v1.0', '长周期横盘突破策略_v1.0', 'LONG_TERM_CONSOLIDATION_BREAKOUT_v1.0', '深渊筑底策略_v2.0', 'ABYSS_BOTTOMING_v2.0', '临界金叉_v1.0', 'PRE_CROSS_v1.0', '三重金叉_v1.0', 'TRIPLE_CROSS_v1.0']
2025-08-25 11:43:00,944 - ERROR - 策略未注册: 反转做多策略（优化版）_v1.0
2025-08-25 11:43:00,944 - ERROR - 可用策略: ['强势股MA13回调策略_v1.0', 'STRONG_STOCK_MA13_PULLBACK_v1.0', '周线金叉+日线MA_v1.0', 'WEEKLY_GOLDEN_CROSS_MA_v1.0', '年度见底机会策略_v1.0', 'ANNUAL_BOTTOM_OPPORTUNITY_v1.0', 'MACD零轴启动_v1.0', 'MACD_ZERO_AXIS_v1.0', '长周期横盘突破策略_v1.0', 'LONG_TERM_CONSOLIDATION_BREAKOUT_v1.0', '深渊筑底策略_v2.0', 'ABYSS_BOTTOMING_v2.0', '临界金叉_v1.0', 'PRE_CROSS_v1.0', '三重金叉_v1.0', 'TRIPLE_CROSS_v1.0']
2025-08-25 11:43:00,944 - ERROR - 策略未注册: 价值反转策略（最终版）_v1.0
2025-08-25 11:43:00,944 - ERROR - 可用策略: ['强势股MA13回调策略_v1.0', 'STRONG_STOCK_MA13_PULLBACK_v1.0', '周线金叉+日线MA_v1.0', 'WEEKLY_GOLDEN_CROSS_MA_v1.0', '年度见底机会策略_v1.0', 'ANNUAL_BOTTOM_OPPORTUNITY_v1.0', 'MACD零轴启动_v1.0', 'MACD_ZERO_AXIS_v1.0', '长周期横盘突破策略_v1.0', 'LONG_TERM_CONSOLIDATION_BREAKOUT_v1.0', '深渊筑底策略_v2.0', 'ABYSS_BOTTOMING_v2.0', '临界金叉_v1.0', 'PRE_CROSS_v1.0', '三重金叉_v1.0', 'TRIPLE_CROSS_v1.0']
2025-08-25 11:43:00,944 - ERROR - 策略未注册: 反转做多策略（优化版）_v1.0
2025-08-25 11:43:00,944 - ERROR - 可用策略: ['强势股MA13回调策略_v1.0', 'STRONG_STOCK_MA13_PULLBACK_v1.0', '周线金叉+日线MA_v1.0', 'WEEKLY_GOLDEN_CROSS_MA_v1.0', '年度见底机会策略_v1.0', 'ANNUAL_BOTTOM_OPPORTUNITY_v1.0', 'MACD零轴启动_v1.0', 'MACD_ZERO_AXIS_v1.0', '长周期横盘突破策略_v1.0', 'LONG_TERM_CONSOLIDATION_BREAKOUT_v1.0', '深渊筑底策略_v2.0', 'ABYSS_BOTTOMING_v2.0', '临界金叉_v1.0', 'PRE_CROSS_v1.0', '三重金叉_v1.0', 'TRIPLE_CROSS_v1.0']
2025-08-25 11:43:00,944 - ERROR - 策略未注册: 价值反转策略（最终版）_v1.0
2025-08-25 11:43:00,944 - ERROR - 可用策略: ['强势股MA13回调策略_v1.0', 'STRONG_STOCK_MA13_PULLBACK_v1.0', '周线金叉+日线MA_v1.0', 'WEEKLY_GOLDEN_CROSS_MA_v1.0', '年度见底机会策略_v1.0', 'ANNUAL_BOTTOM_OPPORTUNITY_v1.0', 'MACD零轴启动_v1.0', 'MACD_ZERO_AXIS_v1.0', '长周期横盘突破策略_v1.0', 'LONG_TERM_CONSOLIDATION_BREAKOUT_v1.0', '深渊筑底策略_v2.0', 'ABYSS_BOTTOMING_v2.0', '临界金叉_v1.0', 'PRE_CROSS_v1.0', '三重金叉_v1.0', 'TRIPLE_CROSS_v1.0']
2025-08-25 11:43:00,944 - ERROR - 策略未注册: 反转做多策略（优化版）_v1.0
2025-08-25 11:43:00,944 - ERROR - 可用策略: ['强势股MA13回调策略_v1.0', 'STRONG_STOCK_MA13_PULLBACK_v1.0', '周线金叉+日线MA_v1.0', 'WEEKLY_GOLDEN_CROSS_MA_v1.0', '年度见底机会策略_v1.0', 'ANNUAL_BOTTOM_OPPORTUNITY_v1.0', 'MACD零轴启动_v1.0', 'MACD_ZERO_AXIS_v1.0', '长周期横盘突破策略_v1.0', 'LONG_TERM_CONSOLIDATION_BREAKOUT_v1.0', '深渊筑底策略_v2.0', 'ABYSS_BOTTOMING_v2.0', '临界金叉_v1.0', 'PRE_CROSS_v1.0', '三重金叉_v1.0', 'TRIPLE_CROSS_v1.0']
2025-08-25 11:43:00,944 - ERROR - 策略未注册: 价值反转策略（最终版）_v1.0
2025-08-25 11:43:00,944 - ERROR - 可用策略: ['强势股MA13回调策略_v1.0', 'STRONG_STOCK_MA13_PULLBACK_v1.0', '周线金叉+日线MA_v1.0', 'WEEKLY_GOLDEN_CROSS_MA_v1.0', '年度见底机会策略_v1.0', 'ANNUAL_BOTTOM_OPPORTUNITY_v1.0', 'MACD零轴启动_v1.0', 'MACD_ZERO_AXIS_v1.0', '长周期横盘突破策略_v1.0', 'LONG_TERM_CONSOLIDATION_BREAKOUT_v1.0', '深渊筑底策略_v2.0', 'ABYSS_BOTTOMING_v2.0', '临界金叉_v1.0', 'PRE_CROSS_v1.0', '三重金叉_v1.0', 'TRIPLE_CROSS_v1.0']
2025-08-25 11:43:00,945 - ERROR - 策略未注册: 反转做多策略（优化版）_v1.0
2025-08-25 11:43:00,945 - ERROR - 可用策略: ['强势股MA13回调策略_v1.0', 'STRONG_STOCK_MA13_PULLBACK_v1.0', '周线金叉+日线MA_v1.0', 'WEEKLY_GOLDEN_CROSS_MA_v1.0', '年度见底机会策略_v1.0', 'ANNUAL_BOTTOM_OPPORTUNITY_v1.0', 'MACD零轴启动_v1.0', 'MACD_ZERO_AXIS_v1.0', '长周期横盘突破策略_v1.0', 'LONG_TERM_CONSOLIDATION_BREAKOUT_v1.0', '深渊筑底策略_v2.0', 'ABYSS_BOTTOMING_v2.0', '临界金叉_v1.0', 'PRE_CROSS_v1.0', '三重金叉_v1.0', 'TRIPLE_CROSS_v1.0']
2025-08-25 11:43:00,945 - ERROR - 加载策略文件失败 /home/hypnosis/data/git/quant_base/backend/strategies/value_reversal_final_strategy.py: No module named 'talib'
2025-08-25 11:43:00,945 - ERROR - 加载策略文件失败 /home/hypnosis/data/git/quant_base/backend/strategies/value_reversal_final_strategy.py: No module named 'talib'
2025-08-25 11:43:00,946 - ERROR - 加载策略文件失败 /home/hypnosis/data/git/quant_base/backend/strategies/reversed_short_optimized_strategy.py: No module named 'talib'
2025-08-25 11:43:00,946 - ERROR - 策略未注册: 价值反转策略（最终版）_v1.0
2025-08-25 11:43:00,946 - ERROR - 可用策略: ['强势股MA13回调策略_v1.0', 'STRONG_STOCK_MA13_PULLBACK_v1.0', '周线金叉+日线MA_v1.0', 'WEEKLY_GOLDEN_CROSS_MA_v1.0', '年度见底机会策略_v1.0', 'ANNUAL_BOTTOM_OPPORTUNITY_v1.0', 'MACD零轴启动_v1.0', 'MACD_ZERO_AXIS_v1.0', '长周期横盘突破策略_v1.0', 'LONG_TERM_CONSOLIDATION_BREAKOUT_v1.0', '深渊筑底策略_v2.0', 'ABYSS_BOTTOMING_v2.0', '临界金叉_v1.0', 'PRE_CROSS_v1.0', '三重金叉_v1.0', 'TRIPLE_CROSS_v1.0']
2025-08-25 11:43:00,946 - WARNING - 配置中的策略未找到对应实现: 价值反转策略（最终版）_v1.0
2025-08-25 11:43:00,946 - ERROR - 策略未注册: 反转做多策略（优化版）_v1.0
2025-08-25 11:43:00,946 - ERROR - 可用策略: ['强势股MA13回调策略_v1.0', 'STRONG_STOCK_MA13_PULLBACK_v1.0', '周线金叉+日线MA_v1.0', 'WEEKLY_GOLDEN_CROSS_MA_v1.0', '年度见底机会策略_v1.0', 'ANNUAL_BOTTOM_OPPORTUNITY_v1.0', 'MACD零轴启动_v1.0', 'MACD_ZERO_AXIS_v1.0', '长周期横盘突破策略_v1.0', 'LONG_TERM_CONSOLIDATION_BREAKOUT_v1.0', '深渊筑底策略_v2.0', 'ABYSS_BOTTOMING_v2.0', '临界金叉_v1.0', 'PRE_CROSS_v1.0', '三重金叉_v1.0', 'TRIPLE_CROSS_v1.0']
2025-08-25 11:43:00,946 - WARNING - 配置中的策略未找到对应实现: 反转做多策略（优化版）_v1.0
2025-08-25 11:43:00,947 - ERROR - 加载策略文件失败 /home/hypnosis/data/git/quant_base/backend/strategies/reversed_short_optimized_strategy.py: No module named 'talib'
2025-08-25 11:43:00,947 - ERROR - 加载策略文件失败 /home/hypnosis/data/git/quant_base/backend/strategies/value_reversal_final_strategy.py: No module named 'talib'
2025-08-25 11:43:00,947 - WARNING - 配置中的策略未找到对应实现: 价值反转策略（最终版）_v1.0
2025-08-25 11:43:00,947 - WARNING - 配置中的策略未找到对应实现: 反转做多策略（优化版）_v1.0
2025-08-25 11:43:00,947 - ERROR - 策略未注册: 价值反转策略（最终版）_v1.0
2025-08-25 11:43:00,947 - ERROR - 可用策略: ['强势股MA13回调策略_v1.0', 'STRONG_STOCK_MA13_PULLBACK_v1.0', '周线金叉+日线MA_v1.0', 'WEEKLY_GOLDEN_CROSS_MA_v1.0', '年度见底机会策略_v1.0', 'ANNUAL_BOTTOM_OPPORTUNITY_v1.0', 'MACD零轴启动_v1.0', 'MACD_ZERO_AXIS_v1.0', '长周期横盘突破策略_v1.0', 'LONG_TERM_CONSOLIDATION_BREAKOUT_v1.0', '深渊筑底策略_v2.0', 'ABYSS_BOTTOMING_v2.0', '临界金叉_v1.0', 'PRE_CROSS_v1.0', '三重金叉_v1.0', 'TRIPLE_CROSS_v1.0']
2025-08-25 11:43:00,947 - ERROR - 策略未注册: 反转做多策略（优化版）_v1.0
2025-08-25 11:43:00,947 - ERROR - 可用策略: ['强势股MA13回调策略_v1.0', 'STRONG_STOCK_MA13_PULLBACK_v1.0', '周线金叉+日线MA_v1.0', 'WEEKLY_GOLDEN_CROSS_MA_v1.0', '年度见底机会策略_v1.0', 'ANNUAL_BOTTOM_OPPORTUNITY_v1.0', 'MACD零轴启动_v1.0', 'MACD_ZERO_AXIS_v1.0', '长周期横盘突破策略_v1.0', 'LONG_TERM_CONSOLIDATION_BREAKOUT_v1.0', '深渊筑底策略_v2.0', 'ABYSS_BOTTOMING_v2.0', '临界金叉_v1.0', 'PRE_CROSS_v1.0', '三重金叉_v1.0', 'TRIPLE_CROSS_v1.0']
2025-08-25 11:43:00,948 - ERROR - 加载策略文件失败 /home/hypnosis/data/git/quant_base/backend/strategies/reversed_short_optimized_strategy.py: No module named 'talib'
2025-08-25 11:43:00,948 - WARNING - 配置中的策略未找到对应实现: 价值反转策略（最终版）_v1.0
2025-08-25 11:43:00,948 - WARNING - 配置中的策略未找到对应实现: 反转做多策略（优化版）_v1.0
2025-08-25 11:43:00,948 - ERROR - 加载策略文件失败 /home/hypnosis/data/git/quant_base/backend/strategies/value_reversal_final_strategy.py: No module named 'talib'
2025-08-25 11:43:00,948 - ERROR - 策略未注册: 价值反转策略（最终版）_v1.0
2025-08-25 11:43:00,948 - ERROR - 可用策略: ['强势股MA13回调策略_v1.0', 'STRONG_STOCK_MA13_PULLBACK_v1.0', '周线金叉+日线MA_v1.0', 'WEEKLY_GOLDEN_CROSS_MA_v1.0', '年度见底机会策略_v1.0', 'ANNUAL_BOTTOM_OPPORTUNITY_v1.0', 'MACD零轴启动_v1.0', 'MACD_ZERO_AXIS_v1.0', '长周期横盘突破策略_v1.0', 'LONG_TERM_CONSOLIDATION_BREAKOUT_v1.0', '深渊筑底策略_v2.0', 'ABYSS_BOTTOMING_v2.0', '临界金叉_v1.0', 'PRE_CROSS_v1.0', '三重金叉_v1.0', 'TRIPLE_CROSS_v1.0']
2025-08-25 11:43:00,948 - ERROR - 策略未注册: 反转做多策略（优化版）_v1.0
2025-08-25 11:43:00,948 - ERROR - 可用策略: ['强势股MA13回调策略_v1.0', 'STRONG_STOCK_MA13_PULLBACK_v1.0', '周线金叉+日线MA_v1.0', 'WEEKLY_GOLDEN_CROSS_MA_v1.0', '年度见底机会策略_v1.0', 'ANNUAL_BOTTOM_OPPORTUNITY_v1.0', 'MACD零轴启动_v1.0', 'MACD_ZERO_AXIS_v1.0', '长周期横盘突破策略_v1.0', 'LONG_TERM_CONSOLIDATION_BREAKOUT_v1.0', '深渊筑底策略_v2.0', 'ABYSS_BOTTOMING_v2.0', '临界金叉_v1.0', 'PRE_CROSS_v1.0', '三重金叉_v1.0', 'TRIPLE_CROSS_v1.0']
2025-08-25 11:43:00,949 - ERROR - 加载策略文件失败 /home/hypnosis/data/git/quant_base/backend/strategies/reversed_short_optimized_strategy.py: No module named 'talib'
2025-08-25 11:43:00,949 - WARNING - 配置中的策略未找到对应实现: 价值反转策略（最终版）_v1.0
2025-08-25 11:43:00,949 - WARNING - 配置中的策略未找到对应实现: 反转做多策略（优化版）_v1.0
2025-08-25 11:43:00,951 - ERROR - 加载策略文件失败 /home/hypnosis/data/git/quant_base/backend/strategies/value_reversal_final_strategy.py: No module named 'talib'
2025-08-25 11:43:00,951 - ERROR - 策略未注册: 价值反转策略（最终版）_v1.0
2025-08-25 11:43:00,951 - ERROR - 可用策略: ['强势股MA13回调策略_v1.0', 'STRONG_STOCK_MA13_PULLBACK_v1.0', '周线金叉+日线MA_v1.0', 'WEEKLY_GOLDEN_CROSS_MA_v1.0', '年度见底机会策略_v1.0', 'ANNUAL_BOTTOM_OPPORTUNITY_v1.0', 'MACD零轴启动_v1.0', 'MACD_ZERO_AXIS_v1.0', '长周期横盘突破策略_v1.0', 'LONG_TERM_CONSOLIDATION_BREAKOUT_v1.0', '深渊筑底策略_v2.0', 'ABYSS_BOTTOMING_v2.0', '临界金叉_v1.0', 'PRE_CROSS_v1.0', '三重金叉_v1.0', 'TRIPLE_CROSS_v1.0']
2025-08-25 11:43:00,951 - ERROR - 加载策略文件失败 /home/hypnosis/data/git/quant_base/backend/strategies/value_reversal_final_strategy.py: No module named 'talib'
2025-08-25 11:43:00,951 - ERROR - 策略未注册: 价值反转策略（最终版）_v1.0
2025-08-25 11:43:00,951 - ERROR - 策略未注册: 反转做多策略（优化版）_v1.0
2025-08-25 11:43:00,951 - ERROR - 可用策略: ['强势股MA13回调策略_v1.0', 'STRONG_STOCK_MA13_PULLBACK_v1.0', '周线金叉+日线MA_v1.0', 'WEEKLY_GOLDEN_CROSS_MA_v1.0', '年度见底机会策略_v1.0', 'ANNUAL_BOTTOM_OPPORTUNITY_v1.0', 'MACD零轴启动_v1.0', 'MACD_ZERO_AXIS_v1.0', '长周期横盘突破策略_v1.0', 'LONG_TERM_CONSOLIDATION_BREAKOUT_v1.0', '深渊筑底策略_v2.0', 'ABYSS_BOTTOMING_v2.0', '临界金叉_v1.0', 'PRE_CROSS_v1.0', '三重金叉_v1.0', 'TRIPLE_CROSS_v1.0']
2025-08-25 11:43:00,951 - ERROR - 可用策略: ['强势股MA13回调策略_v1.0', 'STRONG_STOCK_MA13_PULLBACK_v1.0', '周线金叉+日线MA_v1.0', 'WEEKLY_GOLDEN_CROSS_MA_v1.0', '年度见底机会策略_v1.0', 'ANNUAL_BOTTOM_OPPORTUNITY_v1.0', 'MACD零轴启动_v1.0', 'MACD_ZERO_AXIS_v1.0', '长周期横盘突破策略_v1.0', 'LONG_TERM_CONSOLIDATION_BREAKOUT_v1.0', '深渊筑底策略_v2.0', 'ABYSS_BOTTOMING_v2.0', '临界金叉_v1.0', 'PRE_CROSS_v1.0', '三重金叉_v1.0', 'TRIPLE_CROSS_v1.0']
2025-08-25 11:43:00,951 - ERROR - 策略未注册: 反转做多策略（优化版）_v1.0
2025-08-25 11:43:00,951 - ERROR - 可用策略: ['强势股MA13回调策略_v1.0', 'STRONG_STOCK_MA13_PULLBACK_v1.0', '周线金叉+日线MA_v1.0', 'WEEKLY_GOLDEN_CROSS_MA_v1.0', '年度见底机会策略_v1.0', 'ANNUAL_BOTTOM_OPPORTUNITY_v1.0', 'MACD零轴启动_v1.0', 'MACD_ZERO_AXIS_v1.0', '长周期横盘突破策略_v1.0', 'LONG_TERM_CONSOLIDATION_BREAKOUT_v1.0', '深渊筑底策略_v2.0', 'ABYSS_BOTTOMING_v2.0', '临界金叉_v1.0', 'PRE_CROSS_v1.0', '三重金叉_v1.0', 'TRIPLE_CROSS_v1.0']
2025-08-25 11:43:00,951 - ERROR - 加载策略文件失败 /home/hypnosis/data/git/quant_base/backend/strategies/value_reversal_final_strategy.py: No module named 'talib'
2025-08-25 11:43:00,951 - ERROR - 加载策略文件失败 /home/hypnosis/data/git/quant_base/backend/strategies/reversed_short_optimized_strategy.py: No module named 'talib'
2025-08-25 11:43:00,952 - WARNING - 配置中的策略未找到对应实现: 价值反转策略（最终版）_v1.0
2025-08-25 11:43:00,952 - ERROR - 加载策略文件失败 /home/hypnosis/data/git/quant_base/backend/strategies/reversed_short_optimized_strategy.py: No module named 'talib'
2025-08-25 11:43:00,952 - WARNING - 配置中的策略未找到对应实现: 反转做多策略（优化版）_v1.0
2025-08-25 11:43:00,952 - WARNING - 配置中的策略未找到对应实现: 价值反转策略（最终版）_v1.0
2025-08-25 11:43:00,952 - WARNING - 配置中的策略未找到对应实现: 反转做多策略（优化版）_v1.0
2025-08-25 11:43:00,952 - ERROR - 加载策略文件失败 /home/hypnosis/data/git/quant_base/backend/strategies/reversed_short_optimized_strategy.py: No module named 'talib'
2025-08-25 11:43:00,952 - WARNING - 配置中的策略未找到对应实现: 价值反转策略（最终版）_v1.0
2025-08-25 11:43:00,953 - WARNING - 配置中的策略未找到对应实现: 反转做多策略（优化版）_v1.0
2025-08-25 11:43:00,955 - ERROR - 策略未注册: 价值反转策略（最终版）_v1.0
2025-08-25 11:43:00,955 - ERROR - 可用策略: ['强势股MA13回调策略_v1.0', 'STRONG_STOCK_MA13_PULLBACK_v1.0', '周线金叉+日线MA_v1.0', 'WEEKLY_GOLDEN_CROSS_MA_v1.0', '年度见底机会策略_v1.0', 'ANNUAL_BOTTOM_OPPORTUNITY_v1.0', 'MACD零轴启动_v1.0', 'MACD_ZERO_AXIS_v1.0', '长周期横盘突破策略_v1.0', 'LONG_TERM_CONSOLIDATION_BREAKOUT_v1.0', '深渊筑底策略_v2.0', 'ABYSS_BOTTOMING_v2.0', '临界金叉_v1.0', 'PRE_CROSS_v1.0', '三重金叉_v1.0', 'TRIPLE_CROSS_v1.0']
2025-08-25 11:43:00,955 - ERROR - 策略未注册: 反转做多策略（优化版）_v1.0
2025-08-25 11:43:00,955 - ERROR - 可用策略: ['强势股MA13回调策略_v1.0', 'STRONG_STOCK_MA13_PULLBACK_v1.0', '周线金叉+日线MA_v1.0', 'WEEKLY_GOLDEN_CROSS_MA_v1.0', '年度见底机会策略_v1.0', 'ANNUAL_BOTTOM_OPPORTUNITY_v1.0', 'MACD零轴启动_v1.0', 'MACD_ZERO_AXIS_v1.0', '长周期横盘突破策略_v1.0', 'LONG_TERM_CONSOLIDATION_BREAKOUT_v1.0', '深渊筑底策略_v2.0', 'ABYSS_BOTTOMING_v2.0', '临界金叉_v1.0', 'PRE_CROSS_v1.0', '三重金叉_v1.0', 'TRIPLE_CROSS_v1.0']
2025-08-25 11:43:00,956 - ERROR - 加载策略文件失败 /home/hypnosis/data/git/quant_base/backend/strategies/value_reversal_final_strategy.py: No module named 'talib'
2025-08-25 11:43:00,957 - ERROR - 加载策略文件失败 /home/hypnosis/data/git/quant_base/backend/strategies/value_reversal_final_strategy.py: No module named 'talib'
2025-08-25 11:43:00,957 - ERROR - 加载策略文件失败 /home/hypnosis/data/git/quant_base/backend/strategies/reversed_short_optimized_strategy.py: No module named 'talib'
2025-08-25 11:43:00,958 - WARNING - 配置中的策略未找到对应实现: 价值反转策略（最终版）_v1.0
2025-08-25 11:43:00,958 - WARNING - 配置中的策略未找到对应实现: 反转做多策略（优化版）_v1.0
2025-08-25 11:43:00,958 - ERROR - 加载策略文件失败 /home/hypnosis/data/git/quant_base/backend/strategies/value_reversal_final_strategy.py: No module named 'talib'
2025-08-25 11:43:00,958 - ERROR - 加载策略文件失败 /home/hypnosis/data/git/quant_base/backend/strategies/reversed_short_optimized_strategy.py: No module named 'talib'
2025-08-25 11:43:00,958 - WARNING - 配置中的策略未找到对应实现: 价值反转策略（最终版）_v1.0
2025-08-25 11:43:00,958 - WARNING - 配置中的策略未找到对应实现: 反转做多策略（优化版）_v1.0
2025-08-25 11:43:00,959 - ERROR - 加载策略文件失败 /home/hypnosis/data/git/quant_base/backend/strategies/reversed_short_optimized_strategy.py: No module named 'talib'
2025-08-25 11:43:00,959 - WARNING - 配置中的策略未找到对应实现: 价值反转策略（最终版）_v1.0
2025-08-25 11:43:00,959 - WARNING - 配置中的策略未找到对应实现: 反转做多策略（优化版）_v1.0
2025-08-25 11:43:00,959 - ERROR - 加载策略文件失败 /home/hypnosis/data/git/quant_base/backend/strategies/value_reversal_final_strategy.py: No module named 'talib'
2025-08-25 11:43:00,960 - ERROR - 加载策略文件失败 /home/hypnosis/data/git/quant_base/backend/strategies/value_reversal_final_strategy.py: No module named 'talib'
2025-08-25 11:43:00,960 - ERROR - 加载策略文件失败 /home/hypnosis/data/git/quant_base/backend/strategies/reversed_short_optimized_strategy.py: No module named 'talib'
2025-08-25 11:43:00,961 - WARNING - 配置中的策略未找到对应实现: 价值反转策略（最终版）_v1.0
2025-08-25 11:43:00,961 - WARNING - 配置中的策略未找到对应实现: 反转做多策略（优化版）_v1.0
2025-08-25 11:43:00,961 - ERROR - 加载策略文件失败 /home/hypnosis/data/git/quant_base/backend/strategies/reversed_short_optimized_strategy.py: No module named 'talib'
2025-08-25 11:43:00,961 - WARNING - 配置中的策略未找到对应实现: 价值反转策略（最终版）_v1.0
2025-08-25 11:43:00,961 - WARNING - 配置中的策略未找到对应实现: 反转做多策略（优化版）_v1.0
2025-08-25 11:43:00,961 - ERROR - 加载策略文件失败 /home/hypnosis/data/git/quant_base/backend/strategies/value_reversal_final_strategy.py: No module named 'talib'
2025-08-25 11:43:00,962 - ERROR - 加载策略文件失败 /home/hypnosis/data/git/quant_base/backend/strategies/reversed_short_optimized_strategy.py: No module named 'talib'
2025-08-25 11:43:00,963 - WARNING - 配置中的策略未找到对应实现: 价值反转策略（最终版）_v1.0
2025-08-25 11:43:00,963 - WARNING - 配置中的策略未找到对应实现: 反转做多策略（优化版）_v1.0
2025-08-25 11:43:00,963 - ERROR - 加载策略文件失败 /home/hypnosis/data/git/quant_base/backend/strategies/value_reversal_final_strategy.py: No module named 'talib'
2025-08-25 11:43:00,963 - ERROR - 策略未注册: 价值反转策略（最终版）_v1.0
2025-08-25 11:43:00,963 - ERROR - 可用策略: ['强势股MA13回调策略_v1.0', 'STRONG_STOCK_MA13_PULLBACK_v1.0', '周线金叉+日线MA_v1.0', 'WEEKLY_GOLDEN_CROSS_MA_v1.0', '年度见底机会策略_v1.0', 'ANNUAL_BOTTOM_OPPORTUNITY_v1.0', 'MACD零轴启动_v1.0', 'MACD_ZERO_AXIS_v1.0', '长周期横盘突破策略_v1.0', 'LONG_TERM_CONSOLIDATION_BREAKOUT_v1.0', '深渊筑底策略_v2.0', 'ABYSS_BOTTOMING_v2.0', '临界金叉_v1.0', 'PRE_CROSS_v1.0', '三重金叉_v1.0', 'TRIPLE_CROSS_v1.0']
2025-08-25 11:43:00,964 - ERROR - 策略未注册: 反转做多策略（优化版）_v1.0
2025-08-25 11:43:00,964 - ERROR - 可用策略: ['强势股MA13回调策略_v1.0', 'STRONG_STOCK_MA13_PULLBACK_v1.0', '周线金叉+日线MA_v1.0', 'WEEKLY_GOLDEN_CROSS_MA_v1.0', '年度见底机会策略_v1.0', 'ANNUAL_BOTTOM_OPPORTUNITY_v1.0', 'MACD零轴启动_v1.0', 'MACD_ZERO_AXIS_v1.0', '长周期横盘突破策略_v1.0', 'LONG_TERM_CONSOLIDATION_BREAKOUT_v1.0', '深渊筑底策略_v2.0', 'ABYSS_BOTTOMING_v2.0', '临界金叉_v1.0', 'PRE_CROSS_v1.0', '三重金叉_v1.0', 'TRIPLE_CROSS_v1.0']
2025-08-25 11:43:00,964 - ERROR - 加载策略文件失败 /home/hypnosis/data/git/quant_base/backend/strategies/reversed_short_optimized_strategy.py: No module named 'talib'
2025-08-25 11:43:00,965 - WARNING - 配置中的策略未找到对应实现: 价值反转策略（最终版）_v1.0
2025-08-25 11:43:00,965 - WARNING - 配置中的策略未找到对应实现: 反转做多策略（优化版）_v1.0
2025-08-25 11:43:00,965 - ERROR - 加载策略文件失败 /home/hypnosis/data/git/quant_base/backend/strategies/value_reversal_final_strategy.py: No module named 'talib'
2025-08-25 11:43:00,966 - ERROR - 策略未注册: 价值反转策略（最终版）_v1.0
2025-08-25 11:43:00,966 - ERROR - 可用策略: ['强势股MA13回调策略_v1.0', 'STRONG_STOCK_MA13_PULLBACK_v1.0', '周线金叉+日线MA_v1.0', 'WEEKLY_GOLDEN_CROSS_MA_v1.0', '年度见底机会策略_v1.0', 'ANNUAL_BOTTOM_OPPORTUNITY_v1.0', 'MACD零轴启动_v1.0', 'MACD_ZERO_AXIS_v1.0', '长周期横盘突破策略_v1.0', 'LONG_TERM_CONSOLIDATION_BREAKOUT_v1.0', '深渊筑底策略_v2.0', 'ABYSS_BOTTOMING_v2.0', '临界金叉_v1.0', 'PRE_CROSS_v1.0', '三重金叉_v1.0', 'TRIPLE_CROSS_v1.0']
2025-08-25 11:43:00,966 - ERROR - 策略未注册: 反转做多策略（优化版）_v1.0
2025-08-25 11:43:00,966 - ERROR - 可用策略: ['强势股MA13回调策略_v1.0', 'STRONG_STOCK_MA13_PULLBACK_v1.0', '周线金叉+日线MA_v1.0', 'WEEKLY_GOLDEN_CROSS_MA_v1.0', '年度见底机会策略_v1.0', 'ANNUAL_BOTTOM_OPPORTUNITY_v1.0', 'MACD零轴启动_v1.0', 'MACD_ZERO_AXIS_v1.0', '长周期横盘突破策略_v1.0', 'LONG_TERM_CONSOLIDATION_BREAKOUT_v1.0', '深渊筑底策略_v2.0', 'ABYSS_BOTTOMING_v2.0', '临界金叉_v1.0', 'PRE_CROSS_v1.0', '三重金叉_v1.0', 'TRIPLE_CROSS_v1.0']
2025-08-25 11:43:00,966 - ERROR - 加载策略文件失败 /home/hypnosis/data/git/quant_base/backend/strategies/reversed_short_optimized_strategy.py: No module named 'talib'
2025-08-25 11:43:00,966 - WARNING - 配置中的策略未找到对应实现: 价值反转策略（最终版）_v1.0
2025-08-25 11:43:00,966 - WARNING - 配置中的策略未找到对应实现: 反转做多策略（优化版）_v1.0
2025-08-25 11:43:00,967 - ERROR - 加载策略文件失败 /home/hypnosis/data/git/quant_base/backend/strategies/value_reversal_final_strategy.py: No module named 'talib'
2025-08-25 11:43:00,967 - ERROR - 加载策略文件失败 /home/hypnosis/data/git/quant_base/backend/strategies/value_reversal_final_strategy.py: No module named 'talib'
2025-08-25 11:43:00,967 - ERROR - 策略未注册: 价值反转策略（最终版）_v1.0
2025-08-25 11:43:00,968 - ERROR - 加载策略文件失败 /home/hypnosis/data/git/quant_base/backend/strategies/reversed_short_optimized_strategy.py: No module named 'talib'
2025-08-25 11:43:00,968 - ERROR - 可用策略: ['强势股MA13回调策略_v1.0', 'STRONG_STOCK_MA13_PULLBACK_v1.0', '周线金叉+日线MA_v1.0', 'WEEKLY_GOLDEN_CROSS_MA_v1.0', '年度见底机会策略_v1.0', 'ANNUAL_BOTTOM_OPPORTUNITY_v1.0', 'MACD零轴启动_v1.0', 'MACD_ZERO_AXIS_v1.0', '长周期横盘突破策略_v1.0', 'LONG_TERM_CONSOLIDATION_BREAKOUT_v1.0', '深渊筑底策略_v2.0', 'ABYSS_BOTTOMING_v2.0', '临界金叉_v1.0', 'PRE_CROSS_v1.0', '三重金叉_v1.0', 'TRIPLE_CROSS_v1.0']
2025-08-25 11:43:00,968 - ERROR - 策略未注册: 反转做多策略（优化版）_v1.0
2025-08-25 11:43:00,968 - ERROR - 可用策略: ['强势股MA13回调策略_v1.0', 'STRONG_STOCK_MA13_PULLBACK_v1.0', '周线金叉+日线MA_v1.0', 'WEEKLY_GOLDEN_CROSS_MA_v1.0', '年度见底机会策略_v1.0', 'ANNUAL_BOTTOM_OPPORTUNITY_v1.0', 'MACD零轴启动_v1.0', 'MACD_ZERO_AXIS_v1.0', '长周期横盘突破策略_v1.0', 'LONG_TERM_CONSOLIDATION_BREAKOUT_v1.0', '深渊筑底策略_v2.0', 'ABYSS_BOTTOMING_v2.0', '临界金叉_v1.0', 'PRE_CROSS_v1.0', '三重金叉_v1.0', 'TRIPLE_CROSS_v1.0']
2025-08-25 11:43:00,968 - WARNING - 配置中的策略未找到对应实现: 价值反转策略（最终版）_v1.0
2025-08-25 11:43:00,968 - WARNING - 配置中的策略未找到对应实现: 反转做多策略（优化版）_v1.0
2025-08-25 11:43:00,968 - ERROR - 加载策略文件失败 /home/hypnosis/data/git/quant_base/backend/strategies/reversed_short_optimized_strategy.py: No module named 'talib'
2025-08-25 11:43:00,968 - ERROR - 加载策略文件失败 /home/hypnosis/data/git/quant_base/backend/strategies/value_reversal_final_strategy.py: No module named 'talib'
2025-08-25 11:43:00,968 - WARNING - 配置中的策略未找到对应实现: 价值反转策略（最终版）_v1.0
2025-08-25 11:43:00,968 - WARNING - 配置中的策略未找到对应实现: 反转做多策略（优化版）_v1.0
2025-08-25 11:43:00,969 - ERROR - 加载策略文件失败 /home/hypnosis/data/git/quant_base/backend/strategies/reversed_short_optimized_strategy.py: No module named 'talib'
2025-08-25 11:43:00,969 - WARNING - 配置中的策略未找到对应实现: 价值反转策略（最终版）_v1.0
2025-08-25 11:43:00,969 - WARNING - 配置中的策略未找到对应实现: 反转做多策略（优化版）_v1.0
2025-08-25 11:43:00,971 - ERROR - 策略未注册: 价值反转策略（最终版）_v1.0
2025-08-25 11:43:00,971 - ERROR - 可用策略: ['强势股MA13回调策略_v1.0', 'STRONG_STOCK_MA13_PULLBACK_v1.0', '周线金叉+日线MA_v1.0', 'WEEKLY_GOLDEN_CROSS_MA_v1.0', '年度见底机会策略_v1.0', 'ANNUAL_BOTTOM_OPPORTUNITY_v1.0', 'MACD零轴启动_v1.0', 'MACD_ZERO_AXIS_v1.0', '长周期横盘突破策略_v1.0', 'LONG_TERM_CONSOLIDATION_BREAKOUT_v1.0', '深渊筑底策略_v2.0', 'ABYSS_BOTTOMING_v2.0', '临界金叉_v1.0', 'PRE_CROSS_v1.0', '三重金叉_v1.0', 'TRIPLE_CROSS_v1.0']
2025-08-25 11:43:00,971 - ERROR - 策略未注册: 反转做多策略（优化版）_v1.0
2025-08-25 11:43:00,971 - ERROR - 可用策略: ['强势股MA13回调策略_v1.0', 'STRONG_STOCK_MA13_PULLBACK_v1.0', '周线金叉+日线MA_v1.0', 'WEEKLY_GOLDEN_CROSS_MA_v1.0', '年度见底机会策略_v1.0', 'ANNUAL_BOTTOM_OPPORTUNITY_v1.0', 'MACD零轴启动_v1.0', 'MACD_ZERO_AXIS_v1.0', '长周期横盘突破策略_v1.0', 'LONG_TERM_CONSOLIDATION_BREAKOUT_v1.0', '深渊筑底策略_v2.0', 'ABYSS_BOTTOMING_v2.0', '临界金叉_v1.0', 'PRE_CROSS_v1.0', '三重金叉_v1.0', 'TRIPLE_CROSS_v1.0']
2025-08-25 11:43:00,971 - ERROR - 加载策略文件失败 /home/hypnosis/data/git/quant_base/backend/strategies/value_reversal_final_strategy.py: No module named 'talib'
2025-08-25 11:43:00,971 - ERROR - 策略未注册: 价值反转策略（最终版）_v1.0
2025-08-25 11:43:00,971 - ERROR - 可用策略: ['强势股MA13回调策略_v1.0', 'STRONG_STOCK_MA13_PULLBACK_v1.0', '周线金叉+日线MA_v1.0', 'WEEKLY_GOLDEN_CROSS_MA_v1.0', '年度见底机会策略_v1.0', 'ANNUAL_BOTTOM_OPPORTUNITY_v1.0', 'MACD零轴启动_v1.0', 'MACD_ZERO_AXIS_v1.0', '长周期横盘突破策略_v1.0', 'LONG_TERM_CONSOLIDATION_BREAKOUT_v1.0', '深渊筑底策略_v2.0', 'ABYSS_BOTTOMING_v2.0', '临界金叉_v1.0', 'PRE_CROSS_v1.0', '三重金叉_v1.0', 'TRIPLE_CROSS_v1.0']
2025-08-25 11:43:00,971 - ERROR - 策略未注册: 反转做多策略（优化版）_v1.0
2025-08-25 11:43:00,971 - ERROR - 可用策略: ['强势股MA13回调策略_v1.0', 'STRONG_STOCK_MA13_PULLBACK_v1.0', '周线金叉+日线MA_v1.0', 'WEEKLY_GOLDEN_CROSS_MA_v1.0', '年度见底机会策略_v1.0', 'ANNUAL_BOTTOM_OPPORTUNITY_v1.0', 'MACD零轴启动_v1.0', 'MACD_ZERO_AXIS_v1.0', '长周期横盘突破策略_v1.0', 'LONG_TERM_CONSOLIDATION_BREAKOUT_v1.0', '深渊筑底策略_v2.0', 'ABYSS_BOTTOMING_v2.0', '临界金叉_v1.0', 'PRE_CROSS_v1.0', '三重金叉_v1.0', 'TRIPLE_CROSS_v1.0']
2025-08-25 11:43:00,972 - ERROR - 策略未注册: 价值反转策略（最终版）_v1.0
2025-08-25 11:43:00,972 - ERROR - 可用策略: ['强势股MA13回调策略_v1.0', 'STRONG_STOCK_MA13_PULLBACK_v1.0', '周线金叉+日线MA_v1.0', 'WEEKLY_GOLDEN_CROSS_MA_v1.0', '年度见底机会策略_v1.0', 'ANNUAL_BOTTOM_OPPORTUNITY_v1.0', 'MACD零轴启动_v1.0', 'MACD_ZERO_AXIS_v1.0', '长周期横盘突破策略_v1.0', 'LONG_TERM_CONSOLIDATION_BREAKOUT_v1.0', '深渊筑底策略_v2.0', 'ABYSS_BOTTOMING_v2.0', '临界金叉_v1.0', 'PRE_CROSS_v1.0', '三重金叉_v1.0', 'TRIPLE_CROSS_v1.0']
2025-08-25 11:43:00,972 - ERROR - 策略未注册: 反转做多策略（优化版）_v1.0
2025-08-25 11:43:00,972 - ERROR - 可用策略: ['强势股MA13回调策略_v1.0', 'STRONG_STOCK_MA13_PULLBACK_v1.0', '周线金叉+日线MA_v1.0', 'WEEKLY_GOLDEN_CROSS_MA_v1.0', '年度见底机会策略_v1.0', 'ANNUAL_BOTTOM_OPPORTUNITY_v1.0', 'MACD零轴启动_v1.0', 'MACD_ZERO_AXIS_v1.0', '长周期横盘突破策略_v1.0', 'LONG_TERM_CONSOLIDATION_BREAKOUT_v1.0', '深渊筑底策略_v2.0', 'ABYSS_BOTTOMING_v2.0', '临界金叉_v1.0', 'PRE_CROSS_v1.0', '三重金叉_v1.0', 'TRIPLE_CROSS_v1.0']
2025-08-25 11:43:00,972 - ERROR - 加载策略文件失败 /home/hypnosis/data/git/quant_base/backend/strategies/reversed_short_optimized_strategy.py: No module named 'talib'
2025-08-25 11:43:00,972 - WARNING - 配置中的策略未找到对应实现: 价值反转策略（最终版）_v1.0
2025-08-25 11:43:00,972 - ERROR - 策略未注册: 价值反转策略（最终版）_v1.0
2025-08-25 11:43:00,972 - ERROR - 可用策略: ['强势股MA13回调策略_v1.0', 'STRONG_STOCK_MA13_PULLBACK_v1.0', '周线金叉+日线MA_v1.0', 'WEEKLY_GOLDEN_CROSS_MA_v1.0', '年度见底机会策略_v1.0', 'ANNUAL_BOTTOM_OPPORTUNITY_v1.0', 'MACD零轴启动_v1.0', 'MACD_ZERO_AXIS_v1.0', '长周期横盘突破策略_v1.0', 'LONG_TERM_CONSOLIDATION_BREAKOUT_v1.0', '深渊筑底策略_v2.0', 'ABYSS_BOTTOMING_v2.0', '临界金叉_v1.0', 'PRE_CROSS_v1.0', '三重金叉_v1.0', 'TRIPLE_CROSS_v1.0']
2025-08-25 11:43:00,972 - WARNING - 配置中的策略未找到对应实现: 反转做多策略（优化版）_v1.0
2025-08-25 11:43:00,973 - ERROR - 策略未注册: 反转做多策略（优化版）_v1.0
2025-08-25 11:43:00,973 - ERROR - 可用策略: ['强势股MA13回调策略_v1.0', 'STRONG_STOCK_MA13_PULLBACK_v1.0', '周线金叉+日线MA_v1.0', 'WEEKLY_GOLDEN_CROSS_MA_v1.0', '年度见底机会策略_v1.0', 'ANNUAL_BOTTOM_OPPORTUNITY_v1.0', 'MACD零轴启动_v1.0', 'MACD_ZERO_AXIS_v1.0', '长周期横盘突破策略_v1.0', 'LONG_TERM_CONSOLIDATION_BREAKOUT_v1.0', '深渊筑底策略_v2.0', 'ABYSS_BOTTOMING_v2.0', '临界金叉_v1.0', 'PRE_CROSS_v1.0', '三重金叉_v1.0', 'TRIPLE_CROSS_v1.0']
2025-08-25 11:43:00,973 - ERROR - 加载策略文件失败 /home/hypnosis/data/git/quant_base/backend/strategies/value_reversal_final_strategy.py: No module named 'talib'
2025-08-25 11:43:00,974 - ERROR - 加载策略文件失败 /home/hypnosis/data/git/quant_base/backend/strategies/value_reversal_final_strategy.py: No module named 'talib'
2025-08-25 11:43:00,974 - ERROR - 加载策略文件失败 /home/hypnosis/data/git/quant_base/backend/strategies/reversed_short_optimized_strategy.py: No module named 'talib'
2025-08-25 11:43:00,974 - WARNING - 配置中的策略未找到对应实现: 价值反转策略（最终版）_v1.0
2025-08-25 11:43:00,974 - ERROR - 加载策略文件失败 /home/hypnosis/data/git/quant_base/backend/strategies/value_reversal_final_strategy.py: No module named 'talib'
2025-08-25 11:43:00,974 - WARNING - 配置中的策略未找到对应实现: 反转做多策略（优化版）_v1.0
2025-08-25 11:43:00,975 - ERROR - 加载策略文件失败 /home/hypnosis/data/git/quant_base/backend/strategies/value_reversal_final_strategy.py: No module named 'talib'
2025-08-25 11:43:00,975 - ERROR - 加载策略文件失败 /home/hypnosis/data/git/quant_base/backend/strategies/reversed_short_optimized_strategy.py: No module named 'talib'
2025-08-25 11:43:00,975 - WARNING - 配置中的策略未找到对应实现: 价值反转策略（最终版）_v1.0
2025-08-25 11:43:00,975 - WARNING - 配置中的策略未找到对应实现: 反转做多策略（优化版）_v1.0
2025-08-25 11:43:00,975 - ERROR - 加载策略文件失败 /home/hypnosis/data/git/quant_base/backend/strategies/value_reversal_final_strategy.py: No module named 'talib'
2025-08-25 11:43:00,975 - ERROR - 加载策略文件失败 /home/hypnosis/data/git/quant_base/backend/strategies/reversed_short_optimized_strategy.py: No module named 'talib'
2025-08-25 11:43:00,976 - WARNING - 配置中的策略未找到对应实现: 价值反转策略（最终版）_v1.0
2025-08-25 11:43:00,976 - ERROR - 加载策略文件失败 /home/hypnosis/data/git/quant_base/backend/strategies/reversed_short_optimized_strategy.py: No module named 'talib'
2025-08-25 11:43:00,976 - WARNING - 配置中的策略未找到对应实现: 反转做多策略（优化版）_v1.0
2025-08-25 11:43:00,976 - ERROR - 加载策略文件失败 /home/hypnosis/data/git/quant_base/backend/strategies/value_reversal_final_strategy.py: No module named 'talib'
2025-08-25 11:43:00,976 - WARNING - 配置中的策略未找到对应实现: 价值反转策略（最终版）_v1.0
2025-08-25 11:43:00,976 - WARNING - 配置中的策略未找到对应实现: 反转做多策略（优化版）_v1.0
2025-08-25 11:43:00,976 - ERROR - 加载策略文件失败 /home/hypnosis/data/git/quant_base/backend/strategies/reversed_short_optimized_strategy.py: No module named 'talib'
2025-08-25 11:43:00,976 - WARNING - 配置中的策略未找到对应实现: 价值反转策略（最终版）_v1.0
2025-08-25 11:43:00,977 - WARNING - 配置中的策略未找到对应实现: 反转做多策略（优化版）_v1.0
2025-08-25 11:43:00,977 - ERROR - 加载策略文件失败 /home/hypnosis/data/git/quant_base/backend/strategies/reversed_short_optimized_strategy.py: No module named 'talib'
2025-08-25 11:43:00,977 - ERROR - 加载策略文件失败 /home/hypnosis/data/git/quant_base/backend/strategies/value_reversal_final_strategy.py: No module named 'talib'
2025-08-25 11:43:00,977 - WARNING - 配置中的策略未找到对应实现: 价值反转策略（最终版）_v1.0
2025-08-25 11:43:00,977 - WARNING - 配置中的策略未找到对应实现: 反转做多策略（优化版）_v1.0
2025-08-25 11:43:00,978 - ERROR - 加载策略文件失败 /home/hypnosis/data/git/quant_base/backend/strategies/value_reversal_final_strategy.py: No module named 'talib'
2025-08-25 11:43:00,978 - ERROR - 加载策略文件失败 /home/hypnosis/data/git/quant_base/backend/strategies/reversed_short_optimized_strategy.py: No module named 'talib'
2025-08-25 11:43:00,978 - WARNING - 配置中的策略未找到对应实现: 价值反转策略（最终版）_v1.0
2025-08-25 11:43:00,978 - ERROR - 策略未注册: 价值反转策略（最终版）_v1.0
2025-08-25 11:43:00,978 - WARNING - 配置中的策略未找到对应实现: 反转做多策略（优化版）_v1.0
2025-08-25 11:43:00,978 - ERROR - 可用策略: ['强势股MA13回调策略_v1.0', 'STRONG_STOCK_MA13_PULLBACK_v1.0', '周线金叉+日线MA_v1.0', 'WEEKLY_GOLDEN_CROSS_MA_v1.0', '年度见底机会策略_v1.0', 'ANNUAL_BOTTOM_OPPORTUNITY_v1.0', 'MACD零轴启动_v1.0', 'MACD_ZERO_AXIS_v1.0', '长周期横盘突破策略_v1.0', 'LONG_TERM_CONSOLIDATION_BREAKOUT_v1.0', '深渊筑底策略_v2.0', 'ABYSS_BOTTOMING_v2.0', '临界金叉_v1.0', 'PRE_CROSS_v1.0', '三重金叉_v1.0', 'TRIPLE_CROSS_v1.0']
2025-08-25 11:43:00,978 - ERROR - 加载策略文件失败 /home/hypnosis/data/git/quant_base/backend/strategies/value_reversal_final_strategy.py: No module named 'talib'
2025-08-25 11:43:00,979 - ERROR - 策略未注册: 反转做多策略（优化版）_v1.0
2025-08-25 11:43:00,979 - ERROR - 可用策略: ['强势股MA13回调策略_v1.0', 'STRONG_STOCK_MA13_PULLBACK_v1.0', '周线金叉+日线MA_v1.0', 'WEEKLY_GOLDEN_CROSS_MA_v1.0', '年度见底机会策略_v1.0', 'ANNUAL_BOTTOM_OPPORTUNITY_v1.0', 'MACD零轴启动_v1.0', 'MACD_ZERO_AXIS_v1.0', '长周期横盘突破策略_v1.0', 'LONG_TERM_CONSOLIDATION_BREAKOUT_v1.0', '深渊筑底策略_v2.0', 'ABYSS_BOTTOMING_v2.0', '临界金叉_v1.0', 'PRE_CROSS_v1.0', '三重金叉_v1.0', 'TRIPLE_CROSS_v1.0']
2025-08-25 11:43:00,979 - ERROR - 加载策略文件失败 /home/hypnosis/data/git/quant_base/backend/strategies/reversed_short_optimized_strategy.py: No module named 'talib'
2025-08-25 11:43:00,979 - WARNING - 配置中的策略未找到对应实现: 价值反转策略（最终版）_v1.0
2025-08-25 11:43:00,979 - WARNING - 配置中的策略未找到对应实现: 反转做多策略（优化版）_v1.0
2025-08-25 11:43:00,979 - ERROR - 加载策略文件失败 /home/hypnosis/data/git/quant_base/backend/strategies/reversed_short_optimized_strategy.py: No module named 'talib'
2025-08-25 11:43:00,980 - WARNING - 配置中的策略未找到对应实现: 价值反转策略（最终版）_v1.0
2025-08-25 11:43:00,980 - ERROR - 策略未注册: 价值反转策略（最终版）_v1.0
2025-08-25 11:43:00,980 - WARNING - 配置中的策略未找到对应实现: 反转做多策略（优化版）_v1.0
2025-08-25 11:43:00,980 - ERROR - 可用策略: ['强势股MA13回调策略_v1.0', 'STRONG_STOCK_MA13_PULLBACK_v1.0', '周线金叉+日线MA_v1.0', 'WEEKLY_GOLDEN_CROSS_MA_v1.0', '年度见底机会策略_v1.0', 'ANNUAL_BOTTOM_OPPORTUNITY_v1.0', 'MACD零轴启动_v1.0', 'MACD_ZERO_AXIS_v1.0', '长周期横盘突破策略_v1.0', 'LONG_TERM_CONSOLIDATION_BREAKOUT_v1.0', '深渊筑底策略_v2.0', 'ABYSS_BOTTOMING_v2.0', '临界金叉_v1.0', 'PRE_CROSS_v1.0', '三重金叉_v1.0', 'TRIPLE_CROSS_v1.0']
2025-08-25 11:43:00,980 - ERROR - 策略未注册: 反转做多策略（优化版）_v1.0
2025-08-25 11:43:00,980 - ERROR - 可用策略: ['强势股MA13回调策略_v1.0', 'STRONG_STOCK_MA13_PULLBACK_v1.0', '周线金叉+日线MA_v1.0', 'WEEKLY_GOLDEN_CROSS_MA_v1.0', '年度见底机会策略_v1.0', 'ANNUAL_BOTTOM_OPPORTUNITY_v1.0', 'MACD零轴启动_v1.0', 'MACD_ZERO_AXIS_v1.0', '长周期横盘突破策略_v1.0', 'LONG_TERM_CONSOLIDATION_BREAKOUT_v1.0', '深渊筑底策略_v2.0', 'ABYSS_BOTTOMING_v2.0', '临界金叉_v1.0', 'PRE_CROSS_v1.0', '三重金叉_v1.0', 'TRIPLE_CROSS_v1.0']
2025-08-25 11:43:00,980 - ERROR - 策略未注册: 价值反转策略（最终版）_v1.0
2025-08-25 11:43:00,980 - ERROR - 可用策略: ['强势股MA13回调策略_v1.0', 'STRONG_STOCK_MA13_PULLBACK_v1.0', '周线金叉+日线MA_v1.0', 'WEEKLY_GOLDEN_CROSS_MA_v1.0', '年度见底机会策略_v1.0', 'ANNUAL_BOTTOM_OPPORTUNITY_v1.0', 'MACD零轴启动_v1.0', 'MACD_ZERO_AXIS_v1.0', '长周期横盘突破策略_v1.0', 'LONG_TERM_CONSOLIDATION_BREAKOUT_v1.0', '深渊筑底策略_v2.0', 'ABYSS_BOTTOMING_v2.0', '临界金叉_v1.0', 'PRE_CROSS_v1.0', '三重金叉_v1.0', 'TRIPLE_CROSS_v1.0']
2025-08-25 11:43:00,980 - ERROR - 策略未注册: 反转做多策略（优化版）_v1.0
2025-08-25 11:43:00,980 - ERROR - 可用策略: ['强势股MA13回调策略_v1.0', 'STRONG_STOCK_MA13_PULLBACK_v1.0', '周线金叉+日线MA_v1.0', 'WEEKLY_GOLDEN_CROSS_MA_v1.0', '年度见底机会策略_v1.0', 'ANNUAL_BOTTOM_OPPORTUNITY_v1.0', 'MACD零轴启动_v1.0', 'MACD_ZERO_AXIS_v1.0', '长周期横盘突破策略_v1.0', 'LONG_TERM_CONSOLIDATION_BREAKOUT_v1.0', '深渊筑底策略_v2.0', 'ABYSS_BOTTOMING_v2.0', '临界金叉_v1.0', 'PRE_CROSS_v1.0', '三重金叉_v1.0', 'TRIPLE_CROSS_v1.0']
2025-08-25 11:43:00,980 - ERROR - 策略未注册: 价值反转策略（最终版）_v1.0
2025-08-25 11:43:00,980 - ERROR - 可用策略: ['强势股MA13回调策略_v1.0', 'STRONG_STOCK_MA13_PULLBACK_v1.0', '周线金叉+日线MA_v1.0', 'WEEKLY_GOLDEN_CROSS_MA_v1.0', '年度见底机会策略_v1.0', 'ANNUAL_BOTTOM_OPPORTUNITY_v1.0', 'MACD零轴启动_v1.0', 'MACD_ZERO_AXIS_v1.0', '长周期横盘突破策略_v1.0', 'LONG_TERM_CONSOLIDATION_BREAKOUT_v1.0', '深渊筑底策略_v2.0', 'ABYSS_BOTTOMING_v2.0', '临界金叉_v1.0', 'PRE_CROSS_v1.0', '三重金叉_v1.0', 'TRIPLE_CROSS_v1.0']
2025-08-25 11:43:00,980 - ERROR - 策略未注册: 价值反转策略（最终版）_v1.0
2025-08-25 11:43:00,980 - ERROR - 策略未注册: 反转做多策略（优化版）_v1.0
2025-08-25 11:43:00,981 - ERROR - 可用策略: ['强势股MA13回调策略_v1.0', 'STRONG_STOCK_MA13_PULLBACK_v1.0', '周线金叉+日线MA_v1.0', 'WEEKLY_GOLDEN_CROSS_MA_v1.0', '年度见底机会策略_v1.0', 'ANNUAL_BOTTOM_OPPORTUNITY_v1.0', 'MACD零轴启动_v1.0', 'MACD_ZERO_AXIS_v1.0', '长周期横盘突破策略_v1.0', 'LONG_TERM_CONSOLIDATION_BREAKOUT_v1.0', '深渊筑底策略_v2.0', 'ABYSS_BOTTOMING_v2.0', '临界金叉_v1.0', 'PRE_CROSS_v1.0', '三重金叉_v1.0', 'TRIPLE_CROSS_v1.0']
2025-08-25 11:43:00,981 - ERROR - 可用策略: ['强势股MA13回调策略_v1.0', 'STRONG_STOCK_MA13_PULLBACK_v1.0', '周线金叉+日线MA_v1.0', 'WEEKLY_GOLDEN_CROSS_MA_v1.0', '年度见底机会策略_v1.0', 'ANNUAL_BOTTOM_OPPORTUNITY_v1.0', 'MACD零轴启动_v1.0', 'MACD_ZERO_AXIS_v1.0', '长周期横盘突破策略_v1.0', 'LONG_TERM_CONSOLIDATION_BREAKOUT_v1.0', '深渊筑底策略_v2.0', 'ABYSS_BOTTOMING_v2.0', '临界金叉_v1.0', 'PRE_CROSS_v1.0', '三重金叉_v1.0', 'TRIPLE_CROSS_v1.0']
2025-08-25 11:43:00,981 - ERROR - 策略未注册: 反转做多策略（优化版）_v1.0
2025-08-25 11:43:00,981 - ERROR - 可用策略: ['强势股MA13回调策略_v1.0', 'STRONG_STOCK_MA13_PULLBACK_v1.0', '周线金叉+日线MA_v1.0', 'WEEKLY_GOLDEN_CROSS_MA_v1.0', '年度见底机会策略_v1.0', 'ANNUAL_BOTTOM_OPPORTUNITY_v1.0', 'MACD零轴启动_v1.0', 'MACD_ZERO_AXIS_v1.0', '长周期横盘突破策略_v1.0', 'LONG_TERM_CONSOLIDATION_BREAKOUT_v1.0', '深渊筑底策略_v2.0', 'ABYSS_BOTTOMING_v2.0', '临界金叉_v1.0', 'PRE_CROSS_v1.0', '三重金叉_v1.0', 'TRIPLE_CROSS_v1.0']
2025-08-25 11:43:00,981 - ERROR - 策略未注册: 价值反转策略（最终版）_v1.0
2025-08-25 11:43:00,981 - ERROR - 可用策略: ['强势股MA13回调策略_v1.0', 'STRONG_STOCK_MA13_PULLBACK_v1.0', '周线金叉+日线MA_v1.0', 'WEEKLY_GOLDEN_CROSS_MA_v1.0', '年度见底机会策略_v1.0', 'ANNUAL_BOTTOM_OPPORTUNITY_v1.0', 'MACD零轴启动_v1.0', 'MACD_ZERO_AXIS_v1.0', '长周期横盘突破策略_v1.0', 'LONG_TERM_CONSOLIDATION_BREAKOUT_v1.0', '深渊筑底策略_v2.0', 'ABYSS_BOTTOMING_v2.0', '临界金叉_v1.0', 'PRE_CROSS_v1.0', '三重金叉_v1.0', 'TRIPLE_CROSS_v1.0']
2025-08-25 11:43:00,981 - ERROR - 策略未注册: 反转做多策略（优化版）_v1.0
2025-08-25 11:43:00,981 - ERROR - 可用策略: ['强势股MA13回调策略_v1.0', 'STRONG_STOCK_MA13_PULLBACK_v1.0', '周线金叉+日线MA_v1.0', 'WEEKLY_GOLDEN_CROSS_MA_v1.0', '年度见底机会策略_v1.0', 'ANNUAL_BOTTOM_OPPORTUNITY_v1.0', 'MACD零轴启动_v1.0', 'MACD_ZERO_AXIS_v1.0', '长周期横盘突破策略_v1.0', 'LONG_TERM_CONSOLIDATION_BREAKOUT_v1.0', '深渊筑底策略_v2.0', 'ABYSS_BOTTOMING_v2.0', '临界金叉_v1.0', 'PRE_CROSS_v1.0', '三重金叉_v1.0', 'TRIPLE_CROSS_v1.0']
2025-08-25 11:43:00,983 - ERROR - 策略未注册: 价值反转策略（最终版）_v1.0
2025-08-25 11:43:00,983 - ERROR - 可用策略: ['强势股MA13回调策略_v1.0', 'STRONG_STOCK_MA13_PULLBACK_v1.0', '周线金叉+日线MA_v1.0', 'WEEKLY_GOLDEN_CROSS_MA_v1.0', '年度见底机会策略_v1.0', 'ANNUAL_BOTTOM_OPPORTUNITY_v1.0', 'MACD零轴启动_v1.0', 'MACD_ZERO_AXIS_v1.0', '长周期横盘突破策略_v1.0', 'LONG_TERM_CONSOLIDATION_BREAKOUT_v1.0', '深渊筑底策略_v2.0', 'ABYSS_BOTTOMING_v2.0', '临界金叉_v1.0', 'PRE_CROSS_v1.0', '三重金叉_v1.0', 'TRIPLE_CROSS_v1.0']
2025-08-25 11:43:00,983 - ERROR - 策略未注册: 反转做多策略（优化版）_v1.0
2025-08-25 11:43:00,983 - ERROR - 可用策略: ['强势股MA13回调策略_v1.0', 'STRONG_STOCK_MA13_PULLBACK_v1.0', '周线金叉+日线MA_v1.0', 'WEEKLY_GOLDEN_CROSS_MA_v1.0', '年度见底机会策略_v1.0', 'ANNUAL_BOTTOM_OPPORTUNITY_v1.0', 'MACD零轴启动_v1.0', 'MACD_ZERO_AXIS_v1.0', '长周期横盘突破策略_v1.0', 'LONG_TERM_CONSOLIDATION_BREAKOUT_v1.0', '深渊筑底策略_v2.0', 'ABYSS_BOTTOMING_v2.0', '临界金叉_v1.0', 'PRE_CROSS_v1.0', '三重金叉_v1.0', 'TRIPLE_CROSS_v1.0']
2025-08-25 11:43:00,984 - ERROR - 加载策略文件失败 /home/hypnosis/data/git/quant_base/backend/strategies/value_reversal_final_strategy.py: No module named 'talib'
2025-08-25 11:43:00,985 - ERROR - 加载策略文件失败 /home/hypnosis/data/git/quant_base/backend/strategies/reversed_short_optimized_strategy.py: No module named 'talib'
2025-08-25 11:43:00,985 - WARNING - 配置中的策略未找到对应实现: 价值反转策略（最终版）_v1.0
2025-08-25 11:43:00,985 - WARNING - 配置中的策略未找到对应实现: 反转做多策略（优化版）_v1.0
2025-08-25 11:43:00,986 - ERROR - 加载策略文件失败 /home/hypnosis/data/git/quant_base/backend/strategies/value_reversal_final_strategy.py: No module named 'talib'
2025-08-25 11:43:00,987 - ERROR - 加载策略文件失败 /home/hypnosis/data/git/quant_base/backend/strategies/reversed_short_optimized_strategy.py: No module named 'talib'
2025-08-25 11:43:00,987 - ERROR - 策略未注册: 价值反转策略（最终版）_v1.0
2025-08-25 11:43:00,987 - ERROR - 可用策略: ['强势股MA13回调策略_v1.0', 'STRONG_STOCK_MA13_PULLBACK_v1.0', '周线金叉+日线MA_v1.0', 'WEEKLY_GOLDEN_CROSS_MA_v1.0', '年度见底机会策略_v1.0', 'ANNUAL_BOTTOM_OPPORTUNITY_v1.0', 'MACD零轴启动_v1.0', 'MACD_ZERO_AXIS_v1.0', '长周期横盘突破策略_v1.0', 'LONG_TERM_CONSOLIDATION_BREAKOUT_v1.0', '深渊筑底策略_v2.0', 'ABYSS_BOTTOMING_v2.0', '临界金叉_v1.0', 'PRE_CROSS_v1.0', '三重金叉_v1.0', 'TRIPLE_CROSS_v1.0']
2025-08-25 11:43:00,987 - ERROR - 策略未注册: 反转做多策略（优化版）_v1.0
2025-08-25 11:43:00,987 - ERROR - 可用策略: ['强势股MA13回调策略_v1.0', 'STRONG_STOCK_MA13_PULLBACK_v1.0', '周线金叉+日线MA_v1.0', 'WEEKLY_GOLDEN_CROSS_MA_v1.0', '年度见底机会策略_v1.0', 'ANNUAL_BOTTOM_OPPORTUNITY_v1.0', 'MACD零轴启动_v1.0', 'MACD_ZERO_AXIS_v1.0', '长周期横盘突破策略_v1.0', 'LONG_TERM_CONSOLIDATION_BREAKOUT_v1.0', '深渊筑底策略_v2.0', 'ABYSS_BOTTOMING_v2.0', '临界金叉_v1.0', 'PRE_CROSS_v1.0', '三重金叉_v1.0', 'TRIPLE_CROSS_v1.0']
2025-08-25 11:43:00,987 - WARNING - 配置中的策略未找到对应实现: 价值反转策略（最终版）_v1.0
2025-08-25 11:43:00,987 - WARNING - 配置中的策略未找到对应实现: 反转做多策略（优化版）_v1.0
2025-08-25 11:43:00,987 - ERROR - 加载策略文件失败 /home/hypnosis/data/git/quant_base/backend/strategies/value_reversal_final_strategy.py: No module named 'talib'
2025-08-25 11:43:00,989 - ERROR - 加载策略文件失败 /home/hypnosis/data/git/quant_base/backend/strategies/value_reversal_final_strategy.py: No module named 'talib'
2025-08-25 11:43:00,989 - ERROR - 加载策略文件失败 /home/hypnosis/data/git/quant_base/backend/strategies/reversed_short_optimized_strategy.py: No module named 'talib'
2025-08-25 11:43:00,989 - WARNING - 配置中的策略未找到对应实现: 价值反转策略（最终版）_v1.0
2025-08-25 11:43:00,989 - WARNING - 配置中的策略未找到对应实现: 反转做多策略（优化版）_v1.0
2025-08-25 11:43:00,990 - ERROR - 加载策略文件失败 /home/hypnosis/data/git/quant_base/backend/strategies/reversed_short_optimized_strategy.py: No module named 'talib'
2025-08-25 11:43:00,990 - ERROR - 加载策略文件失败 /home/hypnosis/data/git/quant_base/backend/strategies/value_reversal_final_strategy.py: No module named 'talib'
2025-08-25 11:43:00,990 - WARNING - 配置中的策略未找到对应实现: 价值反转策略（最终版）_v1.0
2025-08-25 11:43:00,990 - WARNING - 配置中的策略未找到对应实现: 反转做多策略（优化版）_v1.0
2025-08-25 11:43:00,991 - ERROR - 加载策略文件失败 /home/hypnosis/data/git/quant_base/backend/strategies/reversed_short_optimized_strategy.py: No module named 'talib'
2025-08-25 11:43:00,991 - WARNING - 配置中的策略未找到对应实现: 价值反转策略（最终版）_v1.0
2025-08-25 11:43:00,991 - WARNING - 配置中的策略未找到对应实现: 反转做多策略（优化版）_v1.0
2025-08-25 11:43:00,991 - ERROR - 策略未注册: 价值反转策略（最终版）_v1.0
2025-08-25 11:43:00,991 - ERROR - 可用策略: ['强势股MA13回调策略_v1.0', 'STRONG_STOCK_MA13_PULLBACK_v1.0', '周线金叉+日线MA_v1.0', 'WEEKLY_GOLDEN_CROSS_MA_v1.0', '年度见底机会策略_v1.0', 'ANNUAL_BOTTOM_OPPORTUNITY_v1.0', 'MACD零轴启动_v1.0', 'MACD_ZERO_AXIS_v1.0', '长周期横盘突破策略_v1.0', 'LONG_TERM_CONSOLIDATION_BREAKOUT_v1.0', '深渊筑底策略_v2.0', 'ABYSS_BOTTOMING_v2.0', '临界金叉_v1.0', 'PRE_CROSS_v1.0', '三重金叉_v1.0', 'TRIPLE_CROSS_v1.0']
2025-08-25 11:43:00,992 - ERROR - 策略未注册: 反转做多策略（优化版）_v1.0
2025-08-25 11:43:00,992 - ERROR - 可用策略: ['强势股MA13回调策略_v1.0', 'STRONG_STOCK_MA13_PULLBACK_v1.0', '周线金叉+日线MA_v1.0', 'WEEKLY_GOLDEN_CROSS_MA_v1.0', '年度见底机会策略_v1.0', 'ANNUAL_BOTTOM_OPPORTUNITY_v1.0', 'MACD零轴启动_v1.0', 'MACD_ZERO_AXIS_v1.0', '长周期横盘突破策略_v1.0', 'LONG_TERM_CONSOLIDATION_BREAKOUT_v1.0', '深渊筑底策略_v2.0', 'ABYSS_BOTTOMING_v2.0', '临界金叉_v1.0', 'PRE_CROSS_v1.0', '三重金叉_v1.0', 'TRIPLE_CROSS_v1.0']
2025-08-25 11:43:00,993 - ERROR - 加载策略文件失败 /home/hypnosis/data/git/quant_base/backend/strategies/value_reversal_final_strategy.py: No module named 'talib'
2025-08-25 11:43:00,993 - ERROR - 策略未注册: 价值反转策略（最终版）_v1.0
2025-08-25 11:43:00,993 - ERROR - 可用策略: ['强势股MA13回调策略_v1.0', 'STRONG_STOCK_MA13_PULLBACK_v1.0', '周线金叉+日线MA_v1.0', 'WEEKLY_GOLDEN_CROSS_MA_v1.0', '年度见底机会策略_v1.0', 'ANNUAL_BOTTOM_OPPORTUNITY_v1.0', 'MACD零轴启动_v1.0', 'MACD_ZERO_AXIS_v1.0', '长周期横盘突破策略_v1.0', 'LONG_TERM_CONSOLIDATION_BREAKOUT_v1.0', '深渊筑底策略_v2.0', 'ABYSS_BOTTOMING_v2.0', '临界金叉_v1.0', 'PRE_CROSS_v1.0', '三重金叉_v1.0', 'TRIPLE_CROSS_v1.0']
2025-08-25 11:43:00,993 - ERROR - 策略未注册: 反转做多策略（优化版）_v1.0
2025-08-25 11:43:00,993 - ERROR - 可用策略: ['强势股MA13回调策略_v1.0', 'STRONG_STOCK_MA13_PULLBACK_v1.0', '周线金叉+日线MA_v1.0', 'WEEKLY_GOLDEN_CROSS_MA_v1.0', '年度见底机会策略_v1.0', 'ANNUAL_BOTTOM_OPPORTUNITY_v1.0', 'MACD零轴启动_v1.0', 'MACD_ZERO_AXIS_v1.0', '长周期横盘突破策略_v1.0', 'LONG_TERM_CONSOLIDATION_BREAKOUT_v1.0', '深渊筑底策略_v2.0', 'ABYSS_BOTTOMING_v2.0', '临界金叉_v1.0', 'PRE_CROSS_v1.0', '三重金叉_v1.0', 'TRIPLE_CROSS_v1.0']
2025-08-25 11:43:00,993 - ERROR - 策略未注册: 价值反转策略（最终版）_v1.0
2025-08-25 11:43:00,993 - ERROR - 可用策略: ['强势股MA13回调策略_v1.0', 'STRONG_STOCK_MA13_PULLBACK_v1.0', '周线金叉+日线MA_v1.0', 'WEEKLY_GOLDEN_CROSS_MA_v1.0', '年度见底机会策略_v1.0', 'ANNUAL_BOTTOM_OPPORTUNITY_v1.0', 'MACD零轴启动_v1.0', 'MACD_ZERO_AXIS_v1.0', '长周期横盘突破策略_v1.0', 'LONG_TERM_CONSOLIDATION_BREAKOUT_v1.0', '深渊筑底策略_v2.0', 'ABYSS_BOTTOMING_v2.0', '临界金叉_v1.0', 'PRE_CROSS_v1.0', '三重金叉_v1.0', 'TRIPLE_CROSS_v1.0']
2025-08-25 11:43:00,993 - ERROR - 策略未注册: 反转做多策略（优化版）_v1.0
2025-08-25 11:43:00,994 - ERROR - 可用策略: ['强势股MA13回调策略_v1.0', 'STRONG_STOCK_MA13_PULLBACK_v1.0', '周线金叉+日线MA_v1.0', 'WEEKLY_GOLDEN_CROSS_MA_v1.0', '年度见底机会策略_v1.0', 'ANNUAL_BOTTOM_OPPORTUNITY_v1.0', 'MACD零轴启动_v1.0', 'MACD_ZERO_AXIS_v1.0', '长周期横盘突破策略_v1.0', 'LONG_TERM_CONSOLIDATION_BREAKOUT_v1.0', '深渊筑底策略_v2.0', 'ABYSS_BOTTOMING_v2.0', '临界金叉_v1.0', 'PRE_CROSS_v1.0', '三重金叉_v1.0', 'TRIPLE_CROSS_v1.0']
2025-08-25 11:43:00,994 - ERROR - 加载策略文件失败 /home/hypnosis/data/git/quant_base/backend/strategies/reversed_short_optimized_strategy.py: No module named 'talib'
2025-08-25 11:43:00,994 - ERROR - 策略未注册: 价值反转策略（最终版）_v1.0
2025-08-25 11:43:00,994 - WARNING - 配置中的策略未找到对应实现: 价值反转策略（最终版）_v1.0
2025-08-25 11:43:00,994 - ERROR - 可用策略: ['强势股MA13回调策略_v1.0', 'STRONG_STOCK_MA13_PULLBACK_v1.0', '周线金叉+日线MA_v1.0', 'WEEKLY_GOLDEN_CROSS_MA_v1.0', '年度见底机会策略_v1.0', 'ANNUAL_BOTTOM_OPPORTUNITY_v1.0', 'MACD零轴启动_v1.0', 'MACD_ZERO_AXIS_v1.0', '长周期横盘突破策略_v1.0', 'LONG_TERM_CONSOLIDATION_BREAKOUT_v1.0', '深渊筑底策略_v2.0', 'ABYSS_BOTTOMING_v2.0', '临界金叉_v1.0', 'PRE_CROSS_v1.0', '三重金叉_v1.0', 'TRIPLE_CROSS_v1.0']
2025-08-25 11:43:00,994 - ERROR - 策略未注册: 反转做多策略（优化版）_v1.0
2025-08-25 11:43:00,994 - WARNING - 配置中的策略未找到对应实现: 反转做多策略（优化版）_v1.0
2025-08-25 11:43:00,994 - ERROR - 可用策略: ['强势股MA13回调策略_v1.0', 'STRONG_STOCK_MA13_PULLBACK_v1.0', '周线金叉+日线MA_v1.0', 'WEEKLY_GOLDEN_CROSS_MA_v1.0', '年度见底机会策略_v1.0', 'ANNUAL_BOTTOM_OPPORTUNITY_v1.0', 'MACD零轴启动_v1.0', 'MACD_ZERO_AXIS_v1.0', '长周期横盘突破策略_v1.0', 'LONG_TERM_CONSOLIDATION_BREAKOUT_v1.0', '深渊筑底策略_v2.0', 'ABYSS_BOTTOMING_v2.0', '临界金叉_v1.0', 'PRE_CROSS_v1.0', '三重金叉_v1.0', 'TRIPLE_CROSS_v1.0']
2025-08-25 11:43:00,995 - ERROR - 加载策略文件失败 /home/hypnosis/data/git/quant_base/backend/strategies/value_reversal_final_strategy.py: No module named 'talib'
2025-08-25 11:43:00,995 - ERROR - 策略未注册: 价值反转策略（最终版）_v1.0
2025-08-25 11:43:00,995 - ERROR - 可用策略: ['强势股MA13回调策略_v1.0', 'STRONG_STOCK_MA13_PULLBACK_v1.0', '周线金叉+日线MA_v1.0', 'WEEKLY_GOLDEN_CROSS_MA_v1.0', '年度见底机会策略_v1.0', 'ANNUAL_BOTTOM_OPPORTUNITY_v1.0', 'MACD零轴启动_v1.0', 'MACD_ZERO_AXIS_v1.0', '长周期横盘突破策略_v1.0', 'LONG_TERM_CONSOLIDATION_BREAKOUT_v1.0', '深渊筑底策略_v2.0', 'ABYSS_BOTTOMING_v2.0', '临界金叉_v1.0', 'PRE_CROSS_v1.0', '三重金叉_v1.0', 'TRIPLE_CROSS_v1.0']
2025-08-25 11:43:00,996 - ERROR - 策略未注册: 反转做多策略（优化版）_v1.0
2025-08-25 11:43:00,996 - ERROR - 可用策略: ['强势股MA13回调策略_v1.0', 'STRONG_STOCK_MA13_PULLBACK_v1.0', '周线金叉+日线MA_v1.0', 'WEEKLY_GOLDEN_CROSS_MA_v1.0', '年度见底机会策略_v1.0', 'ANNUAL_BOTTOM_OPPORTUNITY_v1.0', 'MACD零轴启动_v1.0', 'MACD_ZERO_AXIS_v1.0', '长周期横盘突破策略_v1.0', 'LONG_TERM_CONSOLIDATION_BREAKOUT_v1.0', '深渊筑底策略_v2.0', 'ABYSS_BOTTOMING_v2.0', '临界金叉_v1.0', 'PRE_CROSS_v1.0', '三重金叉_v1.0', 'TRIPLE_CROSS_v1.0']
2025-08-25 11:43:00,996 - ERROR - 策略未注册: 价值反转策略（最终版）_v1.0
2025-08-25 11:43:00,996 - ERROR - 加载策略文件失败 /home/hypnosis/data/git/quant_base/backend/strategies/reversed_short_optimized_strategy.py: No module named 'talib'
2025-08-25 11:43:00,996 - ERROR - 可用策略: ['强势股MA13回调策略_v1.0', 'STRONG_STOCK_MA13_PULLBACK_v1.0', '周线金叉+日线MA_v1.0', 'WEEKLY_GOLDEN_CROSS_MA_v1.0', '年度见底机会策略_v1.0', 'ANNUAL_BOTTOM_OPPORTUNITY_v1.0', 'MACD零轴启动_v1.0', 'MACD_ZERO_AXIS_v1.0', '长周期横盘突破策略_v1.0', 'LONG_TERM_CONSOLIDATION_BREAKOUT_v1.0', '深渊筑底策略_v2.0', 'ABYSS_BOTTOMING_v2.0', '临界金叉_v1.0', 'PRE_CROSS_v1.0', '三重金叉_v1.0', 'TRIPLE_CROSS_v1.0']
2025-08-25 11:43:00,996 - ERROR - 策略未注册: 反转做多策略（优化版）_v1.0
2025-08-25 11:43:00,996 - ERROR - 可用策略: ['强势股MA13回调策略_v1.0', 'STRONG_STOCK_MA13_PULLBACK_v1.0', '周线金叉+日线MA_v1.0', 'WEEKLY_GOLDEN_CROSS_MA_v1.0', '年度见底机会策略_v1.0', 'ANNUAL_BOTTOM_OPPORTUNITY_v1.0', 'MACD零轴启动_v1.0', 'MACD_ZERO_AXIS_v1.0', '长周期横盘突破策略_v1.0', 'LONG_TERM_CONSOLIDATION_BREAKOUT_v1.0', '深渊筑底策略_v2.0', 'ABYSS_BOTTOMING_v2.0', '临界金叉_v1.0', 'PRE_CROSS_v1.0', '三重金叉_v1.0', 'TRIPLE_CROSS_v1.0']
2025-08-25 11:43:00,996 - WARNING - 配置中的策略未找到对应实现: 价值反转策略（最终版）_v1.0
2025-08-25 11:43:00,997 - WARNING - 配置中的策略未找到对应实现: 反转做多策略（优化版）_v1.0
2025-08-25 11:43:00,998 - ERROR - 加载策略文件失败 /home/hypnosis/data/git/quant_base/backend/strategies/value_reversal_final_strategy.py: No module named 'talib'
2025-08-25 11:43:00,999 - ERROR - 加载策略文件失败 /home/hypnosis/data/git/quant_base/backend/strategies/reversed_short_optimized_strategy.py: No module named 'talib'
2025-08-25 11:43:00,999 - ERROR - 策略未注册: 价值反转策略（最终版）_v1.0
2025-08-25 11:43:00,999 - ERROR - 可用策略: ['强势股MA13回调策略_v1.0', 'STRONG_STOCK_MA13_PULLBACK_v1.0', '周线金叉+日线MA_v1.0', 'WEEKLY_GOLDEN_CROSS_MA_v1.0', '年度见底机会策略_v1.0', 'ANNUAL_BOTTOM_OPPORTUNITY_v1.0', 'MACD零轴启动_v1.0', 'MACD_ZERO_AXIS_v1.0', '长周期横盘突破策略_v1.0', 'LONG_TERM_CONSOLIDATION_BREAKOUT_v1.0', '深渊筑底策略_v2.0', 'ABYSS_BOTTOMING_v2.0', '临界金叉_v1.0', 'PRE_CROSS_v1.0', '三重金叉_v1.0', 'TRIPLE_CROSS_v1.0']
2025-08-25 11:43:00,999 - ERROR - 策略未注册: 反转做多策略（优化版）_v1.0
2025-08-25 11:43:00,999 - ERROR - 可用策略: ['强势股MA13回调策略_v1.0', 'STRONG_STOCK_MA13_PULLBACK_v1.0', '周线金叉+日线MA_v1.0', 'WEEKLY_GOLDEN_CROSS_MA_v1.0', '年度见底机会策略_v1.0', 'ANNUAL_BOTTOM_OPPORTUNITY_v1.0', 'MACD零轴启动_v1.0', 'MACD_ZERO_AXIS_v1.0', '长周期横盘突破策略_v1.0', 'LONG_TERM_CONSOLIDATION_BREAKOUT_v1.0', '深渊筑底策略_v2.0', 'ABYSS_BOTTOMING_v2.0', '临界金叉_v1.0', 'PRE_CROSS_v1.0', '三重金叉_v1.0', 'TRIPLE_CROSS_v1.0']
2025-08-25 11:43:00,999 - WARNING - 配置中的策略未找到对应实现: 价值反转策略（最终版）_v1.0
2025-08-25 11:43:00,999 - WARNING - 配置中的策略未找到对应实现: 反转做多策略（优化版）_v1.0
2025-08-25 11:43:01,000 - ERROR - 策略未注册: 价值反转策略（最终版）_v1.0
2025-08-25 11:43:01,000 - ERROR - 可用策略: ['强势股MA13回调策略_v1.0', 'STRONG_STOCK_MA13_PULLBACK_v1.0', '周线金叉+日线MA_v1.0', 'WEEKLY_GOLDEN_CROSS_MA_v1.0', '年度见底机会策略_v1.0', 'ANNUAL_BOTTOM_OPPORTUNITY_v1.0', 'MACD零轴启动_v1.0', 'MACD_ZERO_AXIS_v1.0', '长周期横盘突破策略_v1.0', 'LONG_TERM_CONSOLIDATION_BREAKOUT_v1.0', '深渊筑底策略_v2.0', 'ABYSS_BOTTOMING_v2.0', '临界金叉_v1.0', 'PRE_CROSS_v1.0', '三重金叉_v1.0', 'TRIPLE_CROSS_v1.0']
2025-08-25 11:43:01,000 - ERROR - 策略未注册: 反转做多策略（优化版）_v1.0
2025-08-25 11:43:01,000 - ERROR - 可用策略: ['强势股MA13回调策略_v1.0', 'STRONG_STOCK_MA13_PULLBACK_v1.0', '周线金叉+日线MA_v1.0', 'WEEKLY_GOLDEN_CROSS_MA_v1.0', '年度见底机会策略_v1.0', 'ANNUAL_BOTTOM_OPPORTUNITY_v1.0', 'MACD零轴启动_v1.0', 'MACD_ZERO_AXIS_v1.0', '长周期横盘突破策略_v1.0', 'LONG_TERM_CONSOLIDATION_BREAKOUT_v1.0', '深渊筑底策略_v2.0', 'ABYSS_BOTTOMING_v2.0', '临界金叉_v1.0', 'PRE_CROSS_v1.0', '三重金叉_v1.0', 'TRIPLE_CROSS_v1.0']
2025-08-25 11:43:01,000 - ERROR - 策略未注册: 价值反转策略（最终版）_v1.0
2025-08-25 11:43:01,000 - ERROR - 可用策略: ['强势股MA13回调策略_v1.0', 'STRONG_STOCK_MA13_PULLBACK_v1.0', '周线金叉+日线MA_v1.0', 'WEEKLY_GOLDEN_CROSS_MA_v1.0', '年度见底机会策略_v1.0', 'ANNUAL_BOTTOM_OPPORTUNITY_v1.0', 'MACD零轴启动_v1.0', 'MACD_ZERO_AXIS_v1.0', '长周期横盘突破策略_v1.0', 'LONG_TERM_CONSOLIDATION_BREAKOUT_v1.0', '深渊筑底策略_v2.0', 'ABYSS_BOTTOMING_v2.0', '临界金叉_v1.0', 'PRE_CROSS_v1.0', '三重金叉_v1.0', 'TRIPLE_CROSS_v1.0']
2025-08-25 11:43:01,000 - ERROR - 策略未注册: 反转做多策略（优化版）_v1.0
2025-08-25 11:43:01,000 - ERROR - 可用策略: ['强势股MA13回调策略_v1.0', 'STRONG_STOCK_MA13_PULLBACK_v1.0', '周线金叉+日线MA_v1.0', 'WEEKLY_GOLDEN_CROSS_MA_v1.0', '年度见底机会策略_v1.0', 'ANNUAL_BOTTOM_OPPORTUNITY_v1.0', 'MACD零轴启动_v1.0', 'MACD_ZERO_AXIS_v1.0', '长周期横盘突破策略_v1.0', 'LONG_TERM_CONSOLIDATION_BREAKOUT_v1.0', '深渊筑底策略_v2.0', 'ABYSS_BOTTOMING_v2.0', '临界金叉_v1.0', 'PRE_CROSS_v1.0', '三重金叉_v1.0', 'TRIPLE_CROSS_v1.0']
2025-08-25 11:43:01,000 - ERROR - 策略未注册: 价值反转策略（最终版）_v1.0
2025-08-25 11:43:01,000 - ERROR - 可用策略: ['强势股MA13回调策略_v1.0', 'STRONG_STOCK_MA13_PULLBACK_v1.0', '周线金叉+日线MA_v1.0', 'WEEKLY_GOLDEN_CROSS_MA_v1.0', '年度见底机会策略_v1.0', 'ANNUAL_BOTTOM_OPPORTUNITY_v1.0', 'MACD零轴启动_v1.0', 'MACD_ZERO_AXIS_v1.0', '长周期横盘突破策略_v1.0', 'LONG_TERM_CONSOLIDATION_BREAKOUT_v1.0', '深渊筑底策略_v2.0', 'ABYSS_BOTTOMING_v2.0', '临界金叉_v1.0', 'PRE_CROSS_v1.0', '三重金叉_v1.0', 'TRIPLE_CROSS_v1.0']
2025-08-25 11:43:01,000 - ERROR - 策略未注册: 反转做多策略（优化版）_v1.0
2025-08-25 11:43:01,001 - ERROR - 可用策略: ['强势股MA13回调策略_v1.0', 'STRONG_STOCK_MA13_PULLBACK_v1.0', '周线金叉+日线MA_v1.0', 'WEEKLY_GOLDEN_CROSS_MA_v1.0', '年度见底机会策略_v1.0', 'ANNUAL_BOTTOM_OPPORTUNITY_v1.0', 'MACD零轴启动_v1.0', 'MACD_ZERO_AXIS_v1.0', '长周期横盘突破策略_v1.0', 'LONG_TERM_CONSOLIDATION_BREAKOUT_v1.0', '深渊筑底策略_v2.0', 'ABYSS_BOTTOMING_v2.0', '临界金叉_v1.0', 'PRE_CROSS_v1.0', '三重金叉_v1.0', 'TRIPLE_CROSS_v1.0']
2025-08-25 11:43:01,001 - ERROR - 策略未注册: 价值反转策略（最终版）_v1.0
2025-08-25 11:43:01,001 - ERROR - 策略未注册: 价值反转策略（最终版）_v1.0
2025-08-25 11:43:01,001 - ERROR - 可用策略: ['强势股MA13回调策略_v1.0', 'STRONG_STOCK_MA13_PULLBACK_v1.0', '周线金叉+日线MA_v1.0', 'WEEKLY_GOLDEN_CROSS_MA_v1.0', '年度见底机会策略_v1.0', 'ANNUAL_BOTTOM_OPPORTUNITY_v1.0', 'MACD零轴启动_v1.0', 'MACD_ZERO_AXIS_v1.0', '长周期横盘突破策略_v1.0', 'LONG_TERM_CONSOLIDATION_BREAKOUT_v1.0', '深渊筑底策略_v2.0', 'ABYSS_BOTTOMING_v2.0', '临界金叉_v1.0', 'PRE_CROSS_v1.0', '三重金叉_v1.0', 'TRIPLE_CROSS_v1.0']
2025-08-25 11:43:01,001 - ERROR - 可用策略: ['强势股MA13回调策略_v1.0', 'STRONG_STOCK_MA13_PULLBACK_v1.0', '周线金叉+日线MA_v1.0', 'WEEKLY_GOLDEN_CROSS_MA_v1.0', '年度见底机会策略_v1.0', 'ANNUAL_BOTTOM_OPPORTUNITY_v1.0', 'MACD零轴启动_v1.0', 'MACD_ZERO_AXIS_v1.0', '长周期横盘突破策略_v1.0', 'LONG_TERM_CONSOLIDATION_BREAKOUT_v1.0', '深渊筑底策略_v2.0', 'ABYSS_BOTTOMING_v2.0', '临界金叉_v1.0', 'PRE_CROSS_v1.0', '三重金叉_v1.0', 'TRIPLE_CROSS_v1.0']
2025-08-25 11:43:01,001 - ERROR - 策略未注册: 反转做多策略（优化版）_v1.0
2025-08-25 11:43:01,001 - ERROR - 策略未注册: 反转做多策略（优化版）_v1.0
2025-08-25 11:43:01,001 - ERROR - 可用策略: ['强势股MA13回调策略_v1.0', 'STRONG_STOCK_MA13_PULLBACK_v1.0', '周线金叉+日线MA_v1.0', 'WEEKLY_GOLDEN_CROSS_MA_v1.0', '年度见底机会策略_v1.0', 'ANNUAL_BOTTOM_OPPORTUNITY_v1.0', 'MACD零轴启动_v1.0', 'MACD_ZERO_AXIS_v1.0', '长周期横盘突破策略_v1.0', 'LONG_TERM_CONSOLIDATION_BREAKOUT_v1.0', '深渊筑底策略_v2.0', 'ABYSS_BOTTOMING_v2.0', '临界金叉_v1.0', 'PRE_CROSS_v1.0', '三重金叉_v1.0', 'TRIPLE_CROSS_v1.0']
2025-08-25 11:43:01,001 - ERROR - 可用策略: ['强势股MA13回调策略_v1.0', 'STRONG_STOCK_MA13_PULLBACK_v1.0', '周线金叉+日线MA_v1.0', 'WEEKLY_GOLDEN_CROSS_MA_v1.0', '年度见底机会策略_v1.0', 'ANNUAL_BOTTOM_OPPORTUNITY_v1.0', 'MACD零轴启动_v1.0', 'MACD_ZERO_AXIS_v1.0', '长周期横盘突破策略_v1.0', 'LONG_TERM_CONSOLIDATION_BREAKOUT_v1.0', '深渊筑底策略_v2.0', 'ABYSS_BOTTOMING_v2.0', '临界金叉_v1.0', 'PRE_CROSS_v1.0', '三重金叉_v1.0', 'TRIPLE_CROSS_v1.0']
2025-08-25 11:43:01,002 - ERROR - 加载策略文件失败 /home/hypnosis/data/git/quant_base/backend/strategies/value_reversal_final_strategy.py: No module named 'talib'
2025-08-25 11:43:01,003 - ERROR - 加载策略文件失败 /home/hypnosis/data/git/quant_base/backend/strategies/reversed_short_optimized_strategy.py: No module named 'talib'
2025-08-25 11:43:01,003 - WARNING - 配置中的策略未找到对应实现: 价值反转策略（最终版）_v1.0
2025-08-25 11:43:01,003 - WARNING - 配置中的策略未找到对应实现: 反转做多策略（优化版）_v1.0
2025-08-25 11:43:01,005 - ERROR - 策略未注册: 价值反转策略（最终版）_v1.0
2025-08-25 11:43:01,005 - ERROR - 可用策略: ['强势股MA13回调策略_v1.0', 'STRONG_STOCK_MA13_PULLBACK_v1.0', '周线金叉+日线MA_v1.0', 'WEEKLY_GOLDEN_CROSS_MA_v1.0', '年度见底机会策略_v1.0', 'ANNUAL_BOTTOM_OPPORTUNITY_v1.0', 'MACD零轴启动_v1.0', 'MACD_ZERO_AXIS_v1.0', '长周期横盘突破策略_v1.0', 'LONG_TERM_CONSOLIDATION_BREAKOUT_v1.0', '深渊筑底策略_v2.0', 'ABYSS_BOTTOMING_v2.0', '临界金叉_v1.0', 'PRE_CROSS_v1.0', '三重金叉_v1.0', 'TRIPLE_CROSS_v1.0']
2025-08-25 11:43:01,005 - ERROR - 策略未注册: 反转做多策略（优化版）_v1.0
2025-08-25 11:43:01,005 - ERROR - 可用策略: ['强势股MA13回调策略_v1.0', 'STRONG_STOCK_MA13_PULLBACK_v1.0', '周线金叉+日线MA_v1.0', 'WEEKLY_GOLDEN_CROSS_MA_v1.0', '年度见底机会策略_v1.0', 'ANNUAL_BOTTOM_OPPORTUNITY_v1.0', 'MACD零轴启动_v1.0', 'MACD_ZERO_AXIS_v1.0', '长周期横盘突破策略_v1.0', 'LONG_TERM_CONSOLIDATION_BREAKOUT_v1.0', '深渊筑底策略_v2.0', 'ABYSS_BOTTOMING_v2.0', '临界金叉_v1.0', 'PRE_CROSS_v1.0', '三重金叉_v1.0', 'TRIPLE_CROSS_v1.0']
2025-08-25 11:43:01,005 - ERROR - 加载策略文件失败 /home/hypnosis/data/git/quant_base/backend/strategies/value_reversal_final_strategy.py: No module named 'talib'
2025-08-25 11:43:01,006 - ERROR - 加载策略文件失败 /home/hypnosis/data/git/quant_base/backend/strategies/reversed_short_optimized_strategy.py: No module named 'talib'
2025-08-25 11:43:01,006 - ERROR - 加载策略文件失败 /home/hypnosis/data/git/quant_base/backend/strategies/value_reversal_final_strategy.py: No module named 'talib'
2025-08-25 11:43:01,007 - WARNING - 配置中的策略未找到对应实现: 价值反转策略（最终版）_v1.0
2025-08-25 11:43:01,007 - WARNING - 配置中的策略未找到对应实现: 反转做多策略（优化版）_v1.0
2025-08-25 11:43:01,007 - ERROR - 加载策略文件失败 /home/hypnosis/data/git/quant_base/backend/strategies/value_reversal_final_strategy.py: No module named 'talib'
2025-08-25 11:43:01,007 - ERROR - 加载策略文件失败 /home/hypnosis/data/git/quant_base/backend/strategies/value_reversal_final_strategy.py: No module named 'talib'
2025-08-25 11:43:01,007 - ERROR - 加载策略文件失败 /home/hypnosis/data/git/quant_base/backend/strategies/reversed_short_optimized_strategy.py: No module named 'talib'
2025-08-25 11:43:01,008 - WARNING - 配置中的策略未找到对应实现: 价值反转策略（最终版）_v1.0
2025-08-25 11:43:01,008 - WARNING - 配置中的策略未找到对应实现: 反转做多策略（优化版）_v1.0
2025-08-25 11:43:01,008 - ERROR - 加载策略文件失败 /home/hypnosis/data/git/quant_base/backend/strategies/reversed_short_optimized_strategy.py: No module named 'talib'
2025-08-25 11:43:01,008 - ERROR - 加载策略文件失败 /home/hypnosis/data/git/quant_base/backend/strategies/value_reversal_final_strategy.py: No module named 'talib'
2025-08-25 11:43:01,008 - ERROR - 加载策略文件失败 /home/hypnosis/data/git/quant_base/backend/strategies/reversed_short_optimized_strategy.py: No module named 'talib'
2025-08-25 11:43:01,008 - WARNING - 配置中的策略未找到对应实现: 价值反转策略（最终版）_v1.0
2025-08-25 11:43:01,008 - WARNING - 配置中的策略未找到对应实现: 反转做多策略（优化版）_v1.0
2025-08-25 11:43:01,008 - WARNING - 配置中的策略未找到对应实现: 价值反转策略（最终版）_v1.0
2025-08-25 11:43:01,008 - WARNING - 配置中的策略未找到对应实现: 反转做多策略（优化版）_v1.0
2025-08-25 11:43:01,009 - ERROR - 加载策略文件失败 /home/hypnosis/data/git/quant_base/backend/strategies/value_reversal_final_strategy.py: No module named 'talib'
2025-08-25 11:43:01,009 - ERROR - 加载策略文件失败 /home/hypnosis/data/git/quant_base/backend/strategies/reversed_short_optimized_strategy.py: No module named 'talib'
2025-08-25 11:43:01,009 - WARNING - 配置中的策略未找到对应实现: 价值反转策略（最终版）_v1.0
2025-08-25 11:43:01,009 - WARNING - 配置中的策略未找到对应实现: 反转做多策略（优化版）_v1.0
2025-08-25 11:43:01,010 - ERROR - 加载策略文件失败 /home/hypnosis/data/git/quant_base/backend/strategies/reversed_short_optimized_strategy.py: No module named 'talib'
2025-08-25 11:43:01,010 - ERROR - 策略未注册: 价值反转策略（最终版）_v1.0
2025-08-25 11:43:01,010 - WARNING - 配置中的策略未找到对应实现: 价值反转策略（最终版）_v1.0
2025-08-25 11:43:01,010 - WARNING - 配置中的策略未找到对应实现: 反转做多策略（优化版）_v1.0
2025-08-25 11:43:01,010 - ERROR - 可用策略: ['强势股MA13回调策略_v1.0', 'STRONG_STOCK_MA13_PULLBACK_v1.0', '周线金叉+日线MA_v1.0', 'WEEKLY_GOLDEN_CROSS_MA_v1.0', '年度见底机会策略_v1.0', 'ANNUAL_BOTTOM_OPPORTUNITY_v1.0', 'MACD零轴启动_v1.0', 'MACD_ZERO_AXIS_v1.0', '长周期横盘突破策略_v1.0', 'LONG_TERM_CONSOLIDATION_BREAKOUT_v1.0', '深渊筑底策略_v2.0', 'ABYSS_BOTTOMING_v2.0', '临界金叉_v1.0', 'PRE_CROSS_v1.0', '三重金叉_v1.0', 'TRIPLE_CROSS_v1.0']
2025-08-25 11:43:01,010 - ERROR - 策略未注册: 反转做多策略（优化版）_v1.0
2025-08-25 11:43:01,010 - ERROR - 可用策略: ['强势股MA13回调策略_v1.0', 'STRONG_STOCK_MA13_PULLBACK_v1.0', '周线金叉+日线MA_v1.0', 'WEEKLY_GOLDEN_CROSS_MA_v1.0', '年度见底机会策略_v1.0', 'ANNUAL_BOTTOM_OPPORTUNITY_v1.0', 'MACD零轴启动_v1.0', 'MACD_ZERO_AXIS_v1.0', '长周期横盘突破策略_v1.0', 'LONG_TERM_CONSOLIDATION_BREAKOUT_v1.0', '深渊筑底策略_v2.0', 'ABYSS_BOTTOMING_v2.0', '临界金叉_v1.0', 'PRE_CROSS_v1.0', '三重金叉_v1.0', 'TRIPLE_CROSS_v1.0']
2025-08-25 11:43:01,010 - ERROR - 策略未注册: 价值反转策略（最终版）_v1.0
2025-08-25 11:43:01,010 - ERROR - 可用策略: ['强势股MA13回调策略_v1.0', 'STRONG_STOCK_MA13_PULLBACK_v1.0', '周线金叉+日线MA_v1.0', 'WEEKLY_GOLDEN_CROSS_MA_v1.0', '年度见底机会策略_v1.0', 'ANNUAL_BOTTOM_OPPORTUNITY_v1.0', 'MACD零轴启动_v1.0', 'MACD_ZERO_AXIS_v1.0', '长周期横盘突破策略_v1.0', 'LONG_TERM_CONSOLIDATION_BREAKOUT_v1.0', '深渊筑底策略_v2.0', 'ABYSS_BOTTOMING_v2.0', '临界金叉_v1.0', 'PRE_CROSS_v1.0', '三重金叉_v1.0', 'TRIPLE_CROSS_v1.0']
2025-08-25 11:43:01,010 - ERROR - 策略未注册: 反转做多策略（优化版）_v1.0
2025-08-25 11:43:01,011 - ERROR - 可用策略: ['强势股MA13回调策略_v1.0', 'STRONG_STOCK_MA13_PULLBACK_v1.0', '周线金叉+日线MA_v1.0', 'WEEKLY_GOLDEN_CROSS_MA_v1.0', '年度见底机会策略_v1.0', 'ANNUAL_BOTTOM_OPPORTUNITY_v1.0', 'MACD零轴启动_v1.0', 'MACD_ZERO_AXIS_v1.0', '长周期横盘突破策略_v1.0', 'LONG_TERM_CONSOLIDATION_BREAKOUT_v1.0', '深渊筑底策略_v2.0', 'ABYSS_BOTTOMING_v2.0', '临界金叉_v1.0', 'PRE_CROSS_v1.0', '三重金叉_v1.0', 'TRIPLE_CROSS_v1.0']
2025-08-25 11:43:01,011 - ERROR - 策略未注册: 价值反转策略（最终版）_v1.0
2025-08-25 11:43:01,011 - ERROR - 可用策略: ['强势股MA13回调策略_v1.0', 'STRONG_STOCK_MA13_PULLBACK_v1.0', '周线金叉+日线MA_v1.0', 'WEEKLY_GOLDEN_CROSS_MA_v1.0', '年度见底机会策略_v1.0', 'ANNUAL_BOTTOM_OPPORTUNITY_v1.0', 'MACD零轴启动_v1.0', 'MACD_ZERO_AXIS_v1.0', '长周期横盘突破策略_v1.0', 'LONG_TERM_CONSOLIDATION_BREAKOUT_v1.0', '深渊筑底策略_v2.0', 'ABYSS_BOTTOMING_v2.0', '临界金叉_v1.0', 'PRE_CROSS_v1.0', '三重金叉_v1.0', 'TRIPLE_CROSS_v1.0']
2025-08-25 11:43:01,011 - ERROR - 策略未注册: 反转做多策略（优化版）_v1.0
2025-08-25 11:43:01,011 - ERROR - 可用策略: ['强势股MA13回调策略_v1.0', 'STRONG_STOCK_MA13_PULLBACK_v1.0', '周线金叉+日线MA_v1.0', 'WEEKLY_GOLDEN_CROSS_MA_v1.0', '年度见底机会策略_v1.0', 'ANNUAL_BOTTOM_OPPORTUNITY_v1.0', 'MACD零轴启动_v1.0', 'MACD_ZERO_AXIS_v1.0', '长周期横盘突破策略_v1.0', 'LONG_TERM_CONSOLIDATION_BREAKOUT_v1.0', '深渊筑底策略_v2.0', 'ABYSS_BOTTOMING_v2.0', '临界金叉_v1.0', 'PRE_CROSS_v1.0', '三重金叉_v1.0', 'TRIPLE_CROSS_v1.0']
2025-08-25 11:43:01,013 - ERROR - 加载策略文件失败 /home/hypnosis/data/git/quant_base/backend/strategies/value_reversal_final_strategy.py: No module named 'talib'
2025-08-25 11:43:01,013 - ERROR - 策略未注册: 价值反转策略（最终版）_v1.0
2025-08-25 11:43:01,013 - ERROR - 可用策略: ['强势股MA13回调策略_v1.0', 'STRONG_STOCK_MA13_PULLBACK_v1.0', '周线金叉+日线MA_v1.0', 'WEEKLY_GOLDEN_CROSS_MA_v1.0', '年度见底机会策略_v1.0', 'ANNUAL_BOTTOM_OPPORTUNITY_v1.0', 'MACD零轴启动_v1.0', 'MACD_ZERO_AXIS_v1.0', '长周期横盘突破策略_v1.0', 'LONG_TERM_CONSOLIDATION_BREAKOUT_v1.0', '深渊筑底策略_v2.0', 'ABYSS_BOTTOMING_v2.0', '临界金叉_v1.0', 'PRE_CROSS_v1.0', '三重金叉_v1.0', 'TRIPLE_CROSS_v1.0']
2025-08-25 11:43:01,013 - ERROR - 策略未注册: 反转做多策略（优化版）_v1.0
2025-08-25 11:43:01,013 - ERROR - 可用策略: ['强势股MA13回调策略_v1.0', 'STRONG_STOCK_MA13_PULLBACK_v1.0', '周线金叉+日线MA_v1.0', 'WEEKLY_GOLDEN_CROSS_MA_v1.0', '年度见底机会策略_v1.0', 'ANNUAL_BOTTOM_OPPORTUNITY_v1.0', 'MACD零轴启动_v1.0', 'MACD_ZERO_AXIS_v1.0', '长周期横盘突破策略_v1.0', 'LONG_TERM_CONSOLIDATION_BREAKOUT_v1.0', '深渊筑底策略_v2.0', 'ABYSS_BOTTOMING_v2.0', '临界金叉_v1.0', 'PRE_CROSS_v1.0', '三重金叉_v1.0', 'TRIPLE_CROSS_v1.0']
2025-08-25 11:43:01,013 - ERROR - 加载策略文件失败 /home/hypnosis/data/git/quant_base/backend/strategies/value_reversal_final_strategy.py: No module named 'talib'
2025-08-25 11:43:01,014 - ERROR - 加载策略文件失败 /home/hypnosis/data/git/quant_base/backend/strategies/reversed_short_optimized_strategy.py: No module named 'talib'
2025-08-25 11:43:01,014 - ERROR - 加载策略文件失败 /home/hypnosis/data/git/quant_base/backend/strategies/reversed_short_optimized_strategy.py: No module named 'talib'
2025-08-25 11:43:01,015 - WARNING - 配置中的策略未找到对应实现: 价值反转策略（最终版）_v1.0
2025-08-25 11:43:01,015 - WARNING - 配置中的策略未找到对应实现: 反转做多策略（优化版）_v1.0
2025-08-25 11:43:01,015 - WARNING - 配置中的策略未找到对应实现: 价值反转策略（最终版）_v1.0
2025-08-25 11:43:01,015 - WARNING - 配置中的策略未找到对应实现: 反转做多策略（优化版）_v1.0
2025-08-25 11:43:01,015 - ERROR - 策略未注册: 价值反转策略（最终版）_v1.0
2025-08-25 11:43:01,015 - ERROR - 可用策略: ['强势股MA13回调策略_v1.0', 'STRONG_STOCK_MA13_PULLBACK_v1.0', '周线金叉+日线MA_v1.0', 'WEEKLY_GOLDEN_CROSS_MA_v1.0', '年度见底机会策略_v1.0', 'ANNUAL_BOTTOM_OPPORTUNITY_v1.0', 'MACD零轴启动_v1.0', 'MACD_ZERO_AXIS_v1.0', '长周期横盘突破策略_v1.0', 'LONG_TERM_CONSOLIDATION_BREAKOUT_v1.0', '深渊筑底策略_v2.0', 'ABYSS_BOTTOMING_v2.0', '临界金叉_v1.0', 'PRE_CROSS_v1.0', '三重金叉_v1.0', 'TRIPLE_CROSS_v1.0']
2025-08-25 11:43:01,015 - ERROR - 策略未注册: 反转做多策略（优化版）_v1.0
2025-08-25 11:43:01,015 - ERROR - 可用策略: ['强势股MA13回调策略_v1.0', 'STRONG_STOCK_MA13_PULLBACK_v1.0', '周线金叉+日线MA_v1.0', 'WEEKLY_GOLDEN_CROSS_MA_v1.0', '年度见底机会策略_v1.0', 'ANNUAL_BOTTOM_OPPORTUNITY_v1.0', 'MACD零轴启动_v1.0', 'MACD_ZERO_AXIS_v1.0', '长周期横盘突破策略_v1.0', 'LONG_TERM_CONSOLIDATION_BREAKOUT_v1.0', '深渊筑底策略_v2.0', 'ABYSS_BOTTOMING_v2.0', '临界金叉_v1.0', 'PRE_CROSS_v1.0', '三重金叉_v1.0', 'TRIPLE_CROSS_v1.0']
2025-08-25 11:43:01,016 - ERROR - 加载策略文件失败 /home/hypnosis/data/git/quant_base/backend/strategies/value_reversal_final_strategy.py: No module named 'talib'
2025-08-25 11:43:01,017 - ERROR - 策略未注册: 价值反转策略（最终版）_v1.0
2025-08-25 11:43:01,017 - ERROR - 可用策略: ['强势股MA13回调策略_v1.0', 'STRONG_STOCK_MA13_PULLBACK_v1.0', '周线金叉+日线MA_v1.0', 'WEEKLY_GOLDEN_CROSS_MA_v1.0', '年度见底机会策略_v1.0', 'ANNUAL_BOTTOM_OPPORTUNITY_v1.0', 'MACD零轴启动_v1.0', 'MACD_ZERO_AXIS_v1.0', '长周期横盘突破策略_v1.0', 'LONG_TERM_CONSOLIDATION_BREAKOUT_v1.0', '深渊筑底策略_v2.0', 'ABYSS_BOTTOMING_v2.0', '临界金叉_v1.0', 'PRE_CROSS_v1.0', '三重金叉_v1.0', 'TRIPLE_CROSS_v1.0']
2025-08-25 11:43:01,017 - ERROR - 策略未注册: 反转做多策略（优化版）_v1.0
2025-08-25 11:43:01,017 - ERROR - 可用策略: ['强势股MA13回调策略_v1.0', 'STRONG_STOCK_MA13_PULLBACK_v1.0', '周线金叉+日线MA_v1.0', 'WEEKLY_GOLDEN_CROSS_MA_v1.0', '年度见底机会策略_v1.0', 'ANNUAL_BOTTOM_OPPORTUNITY_v1.0', 'MACD零轴启动_v1.0', 'MACD_ZERO_AXIS_v1.0', '长周期横盘突破策略_v1.0', 'LONG_TERM_CONSOLIDATION_BREAKOUT_v1.0', '深渊筑底策略_v2.0', 'ABYSS_BOTTOMING_v2.0', '临界金叉_v1.0', 'PRE_CROSS_v1.0', '三重金叉_v1.0', 'TRIPLE_CROSS_v1.0']
2025-08-25 11:43:01,017 - ERROR - 加载策略文件失败 /home/hypnosis/data/git/quant_base/backend/strategies/reversed_short_optimized_strategy.py: No module named 'talib'
2025-08-25 11:43:01,018 - WARNING - 配置中的策略未找到对应实现: 价值反转策略（最终版）_v1.0
2025-08-25 11:43:01,018 - WARNING - 配置中的策略未找到对应实现: 反转做多策略（优化版）_v1.0
2025-08-25 11:43:01,019 - ERROR - 策略未注册: 价值反转策略（最终版）_v1.0
2025-08-25 11:43:01,020 - ERROR - 可用策略: ['强势股MA13回调策略_v1.0', 'STRONG_STOCK_MA13_PULLBACK_v1.0', '周线金叉+日线MA_v1.0', 'WEEKLY_GOLDEN_CROSS_MA_v1.0', '年度见底机会策略_v1.0', 'ANNUAL_BOTTOM_OPPORTUNITY_v1.0', 'MACD零轴启动_v1.0', 'MACD_ZERO_AXIS_v1.0', '长周期横盘突破策略_v1.0', 'LONG_TERM_CONSOLIDATION_BREAKOUT_v1.0', '深渊筑底策略_v2.0', 'ABYSS_BOTTOMING_v2.0', '临界金叉_v1.0', 'PRE_CROSS_v1.0', '三重金叉_v1.0', 'TRIPLE_CROSS_v1.0']
2025-08-25 11:43:01,020 - ERROR - 策略未注册: 反转做多策略（优化版）_v1.0
2025-08-25 11:43:01,020 - ERROR - 可用策略: ['强势股MA13回调策略_v1.0', 'STRONG_STOCK_MA13_PULLBACK_v1.0', '周线金叉+日线MA_v1.0', 'WEEKLY_GOLDEN_CROSS_MA_v1.0', '年度见底机会策略_v1.0', 'ANNUAL_BOTTOM_OPPORTUNITY_v1.0', 'MACD零轴启动_v1.0', 'MACD_ZERO_AXIS_v1.0', '长周期横盘突破策略_v1.0', 'LONG_TERM_CONSOLIDATION_BREAKOUT_v1.0', '深渊筑底策略_v2.0', 'ABYSS_BOTTOMING_v2.0', '临界金叉_v1.0', 'PRE_CROSS_v1.0', '三重金叉_v1.0', 'TRIPLE_CROSS_v1.0']
2025-08-25 11:43:01,020 - ERROR - 加载策略文件失败 /home/hypnosis/data/git/quant_base/backend/strategies/value_reversal_final_strategy.py: No module named 'talib'
2025-08-25 11:43:01,021 - ERROR - 策略未注册: 价值反转策略（最终版）_v1.0
2025-08-25 11:43:01,021 - ERROR - 可用策略: ['强势股MA13回调策略_v1.0', 'STRONG_STOCK_MA13_PULLBACK_v1.0', '周线金叉+日线MA_v1.0', 'WEEKLY_GOLDEN_CROSS_MA_v1.0', '年度见底机会策略_v1.0', 'ANNUAL_BOTTOM_OPPORTUNITY_v1.0', 'MACD零轴启动_v1.0', 'MACD_ZERO_AXIS_v1.0', '长周期横盘突破策略_v1.0', 'LONG_TERM_CONSOLIDATION_BREAKOUT_v1.0', '深渊筑底策略_v2.0', 'ABYSS_BOTTOMING_v2.0', '临界金叉_v1.0', 'PRE_CROSS_v1.0', '三重金叉_v1.0', 'TRIPLE_CROSS_v1.0']
2025-08-25 11:43:01,021 - ERROR - 策略未注册: 反转做多策略（优化版）_v1.0
2025-08-25 11:43:01,021 - ERROR - 可用策略: ['强势股MA13回调策略_v1.0', 'STRONG_STOCK_MA13_PULLBACK_v1.0', '周线金叉+日线MA_v1.0', 'WEEKLY_GOLDEN_CROSS_MA_v1.0', '年度见底机会策略_v1.0', 'ANNUAL_BOTTOM_OPPORTUNITY_v1.0', 'MACD零轴启动_v1.0', 'MACD_ZERO_AXIS_v1.0', '长周期横盘突破策略_v1.0', 'LONG_TERM_CONSOLIDATION_BREAKOUT_v1.0', '深渊筑底策略_v2.0', 'ABYSS_BOTTOMING_v2.0', '临界金叉_v1.0', 'PRE_CROSS_v1.0', '三重金叉_v1.0', 'TRIPLE_CROSS_v1.0']
2025-08-25 11:43:01,021 - ERROR - 加载策略文件失败 /home/hypnosis/data/git/quant_base/backend/strategies/reversed_short_optimized_strategy.py: No module named 'talib'
2025-08-25 11:43:01,022 - WARNING - 配置中的策略未找到对应实现: 价值反转策略（最终版）_v1.0
2025-08-25 11:43:01,022 - WARNING - 配置中的策略未找到对应实现: 反转做多策略（优化版）_v1.0
2025-08-25 11:43:01,023 - ERROR - 加载策略文件失败 /home/hypnosis/data/git/quant_base/backend/strategies/value_reversal_final_strategy.py: No module named 'talib'
2025-08-25 11:43:01,024 - ERROR - 策略未注册: 价值反转策略（最终版）_v1.0
2025-08-25 11:43:01,024 - ERROR - 可用策略: ['强势股MA13回调策略_v1.0', 'STRONG_STOCK_MA13_PULLBACK_v1.0', '周线金叉+日线MA_v1.0', 'WEEKLY_GOLDEN_CROSS_MA_v1.0', '年度见底机会策略_v1.0', 'ANNUAL_BOTTOM_OPPORTUNITY_v1.0', 'MACD零轴启动_v1.0', 'MACD_ZERO_AXIS_v1.0', '长周期横盘突破策略_v1.0', 'LONG_TERM_CONSOLIDATION_BREAKOUT_v1.0', '深渊筑底策略_v2.0', 'ABYSS_BOTTOMING_v2.0', '临界金叉_v1.0', 'PRE_CROSS_v1.0', '三重金叉_v1.0', 'TRIPLE_CROSS_v1.0']
2025-08-25 11:43:01,024 - ERROR - 策略未注册: 反转做多策略（优化版）_v1.0
2025-08-25 11:43:01,024 - ERROR - 可用策略: ['强势股MA13回调策略_v1.0', 'STRONG_STOCK_MA13_PULLBACK_v1.0', '周线金叉+日线MA_v1.0', 'WEEKLY_GOLDEN_CROSS_MA_v1.0', '年度见底机会策略_v1.0', 'ANNUAL_BOTTOM_OPPORTUNITY_v1.0', 'MACD零轴启动_v1.0', 'MACD_ZERO_AXIS_v1.0', '长周期横盘突破策略_v1.0', 'LONG_TERM_CONSOLIDATION_BREAKOUT_v1.0', '深渊筑底策略_v2.0', 'ABYSS_BOTTOMING_v2.0', '临界金叉_v1.0', 'PRE_CROSS_v1.0', '三重金叉_v1.0', 'TRIPLE_CROSS_v1.0']
2025-08-25 11:43:01,024 - ERROR - 加载策略文件失败 /home/hypnosis/data/git/quant_base/backend/strategies/reversed_short_optimized_strategy.py: No module named 'talib'
2025-08-25 11:43:01,024 - WARNING - 配置中的策略未找到对应实现: 价值反转策略（最终版）_v1.0
2025-08-25 11:43:01,025 - WARNING - 配置中的策略未找到对应实现: 反转做多策略（优化版）_v1.0
2025-08-25 11:43:01,025 - ERROR - 加载策略文件失败 /home/hypnosis/data/git/quant_base/backend/strategies/value_reversal_final_strategy.py: No module named 'talib'
2025-08-25 11:43:01,026 - ERROR - 加载策略文件失败 /home/hypnosis/data/git/quant_base/backend/strategies/reversed_short_optimized_strategy.py: No module named 'talib'
2025-08-25 11:43:01,026 - ERROR - 加载策略文件失败 /home/hypnosis/data/git/quant_base/backend/strategies/value_reversal_final_strategy.py: No module named 'talib'
2025-08-25 11:43:01,026 - WARNING - 配置中的策略未找到对应实现: 价值反转策略（最终版）_v1.0
2025-08-25 11:43:01,026 - WARNING - 配置中的策略未找到对应实现: 反转做多策略（优化版）_v1.0
2025-08-25 11:43:01,026 - ERROR - 加载策略文件失败 /home/hypnosis/data/git/quant_base/backend/strategies/value_reversal_final_strategy.py: No module named 'talib'
2025-08-25 11:43:01,027 - ERROR - 加载策略文件失败 /home/hypnosis/data/git/quant_base/backend/strategies/value_reversal_final_strategy.py: No module named 'talib'
2025-08-25 11:43:01,027 - ERROR - 加载策略文件失败 /home/hypnosis/data/git/quant_base/backend/strategies/reversed_short_optimized_strategy.py: No module named 'talib'
2025-08-25 11:43:01,027 - WARNING - 配置中的策略未找到对应实现: 价值反转策略（最终版）_v1.0
2025-08-25 11:43:01,027 - ERROR - 加载策略文件失败 /home/hypnosis/data/git/quant_base/backend/strategies/reversed_short_optimized_strategy.py: No module named 'talib'
2025-08-25 11:43:01,027 - WARNING - 配置中的策略未找到对应实现: 反转做多策略（优化版）_v1.0
2025-08-25 11:43:01,028 - ERROR - 加载策略文件失败 /home/hypnosis/data/git/quant_base/backend/strategies/value_reversal_final_strategy.py: No module named 'talib'
2025-08-25 11:43:01,028 - ERROR - 加载策略文件失败 /home/hypnosis/data/git/quant_base/backend/strategies/reversed_short_optimized_strategy.py: No module named 'talib'
2025-08-25 11:43:01,028 - WARNING - 配置中的策略未找到对应实现: 价值反转策略（最终版）_v1.0
2025-08-25 11:43:01,028 - WARNING - 配置中的策略未找到对应实现: 反转做多策略（优化版）_v1.0
2025-08-25 11:43:01,028 - WARNING - 配置中的策略未找到对应实现: 价值反转策略（最终版）_v1.0
2025-08-25 11:43:01,028 - WARNING - 配置中的策略未找到对应实现: 反转做多策略（优化版）_v1.0
2025-08-25 11:43:01,029 - ERROR - 策略未注册: 价值反转策略（最终版）_v1.0
2025-08-25 11:43:01,029 - ERROR - 加载策略文件失败 /home/hypnosis/data/git/quant_base/backend/strategies/reversed_short_optimized_strategy.py: No module named 'talib'
2025-08-25 11:43:01,029 - ERROR - 可用策略: ['强势股MA13回调策略_v1.0', 'STRONG_STOCK_MA13_PULLBACK_v1.0', '周线金叉+日线MA_v1.0', 'WEEKLY_GOLDEN_CROSS_MA_v1.0', '年度见底机会策略_v1.0', 'ANNUAL_BOTTOM_OPPORTUNITY_v1.0', 'MACD零轴启动_v1.0', 'MACD_ZERO_AXIS_v1.0', '长周期横盘突破策略_v1.0', 'LONG_TERM_CONSOLIDATION_BREAKOUT_v1.0', '深渊筑底策略_v2.0', 'ABYSS_BOTTOMING_v2.0', '临界金叉_v1.0', 'PRE_CROSS_v1.0', '三重金叉_v1.0', 'TRIPLE_CROSS_v1.0']
2025-08-25 11:43:01,029 - ERROR - 策略未注册: 反转做多策略（优化版）_v1.0
2025-08-25 11:43:01,029 - ERROR - 可用策略: ['强势股MA13回调策略_v1.0', 'STRONG_STOCK_MA13_PULLBACK_v1.0', '周线金叉+日线MA_v1.0', 'WEEKLY_GOLDEN_CROSS_MA_v1.0', '年度见底机会策略_v1.0', 'ANNUAL_BOTTOM_OPPORTUNITY_v1.0', 'MACD零轴启动_v1.0', 'MACD_ZERO_AXIS_v1.0', '长周期横盘突破策略_v1.0', 'LONG_TERM_CONSOLIDATION_BREAKOUT_v1.0', '深渊筑底策略_v2.0', 'ABYSS_BOTTOMING_v2.0', '临界金叉_v1.0', 'PRE_CROSS_v1.0', '三重金叉_v1.0', 'TRIPLE_CROSS_v1.0']
2025-08-25 11:43:01,029 - WARNING - 配置中的策略未找到对应实现: 价值反转策略（最终版）_v1.0
2025-08-25 11:43:01,029 - WARNING - 配置中的策略未找到对应实现: 反转做多策略（优化版）_v1.0
2025-08-25 11:43:01,029 - ERROR - 策略未注册: 价值反转策略（最终版）_v1.0
2025-08-25 11:43:01,029 - ERROR - 可用策略: ['强势股MA13回调策略_v1.0', 'STRONG_STOCK_MA13_PULLBACK_v1.0', '周线金叉+日线MA_v1.0', 'WEEKLY_GOLDEN_CROSS_MA_v1.0', '年度见底机会策略_v1.0', 'ANNUAL_BOTTOM_OPPORTUNITY_v1.0', 'MACD零轴启动_v1.0', 'MACD_ZERO_AXIS_v1.0', '长周期横盘突破策略_v1.0', 'LONG_TERM_CONSOLIDATION_BREAKOUT_v1.0', '深渊筑底策略_v2.0', 'ABYSS_BOTTOMING_v2.0', '临界金叉_v1.0', 'PRE_CROSS_v1.0', '三重金叉_v1.0', 'TRIPLE_CROSS_v1.0']
2025-08-25 11:43:01,030 - ERROR - 策略未注册: 反转做多策略（优化版）_v1.0
2025-08-25 11:43:01,030 - ERROR - 可用策略: ['强势股MA13回调策略_v1.0', 'STRONG_STOCK_MA13_PULLBACK_v1.0', '周线金叉+日线MA_v1.0', 'WEEKLY_GOLDEN_CROSS_MA_v1.0', '年度见底机会策略_v1.0', 'ANNUAL_BOTTOM_OPPORTUNITY_v1.0', 'MACD零轴启动_v1.0', 'MACD_ZERO_AXIS_v1.0', '长周期横盘突破策略_v1.0', 'LONG_TERM_CONSOLIDATION_BREAKOUT_v1.0', '深渊筑底策略_v2.0', 'ABYSS_BOTTOMING_v2.0', '临界金叉_v1.0', 'PRE_CROSS_v1.0', '三重金叉_v1.0', 'TRIPLE_CROSS_v1.0']
2025-08-25 11:43:01,030 - ERROR - 策略未注册: 价值反转策略（最终版）_v1.0
2025-08-25 11:43:01,030 - ERROR - 可用策略: ['强势股MA13回调策略_v1.0', 'STRONG_STOCK_MA13_PULLBACK_v1.0', '周线金叉+日线MA_v1.0', 'WEEKLY_GOLDEN_CROSS_MA_v1.0', '年度见底机会策略_v1.0', 'ANNUAL_BOTTOM_OPPORTUNITY_v1.0', 'MACD零轴启动_v1.0', 'MACD_ZERO_AXIS_v1.0', '长周期横盘突破策略_v1.0', 'LONG_TERM_CONSOLIDATION_BREAKOUT_v1.0', '深渊筑底策略_v2.0', 'ABYSS_BOTTOMING_v2.0', '临界金叉_v1.0', 'PRE_CROSS_v1.0', '三重金叉_v1.0', 'TRIPLE_CROSS_v1.0']
2025-08-25 11:43:01,030 - ERROR - 策略未注册: 反转做多策略（优化版）_v1.0
2025-08-25 11:43:01,030 - ERROR - 可用策略: ['强势股MA13回调策略_v1.0', 'STRONG_STOCK_MA13_PULLBACK_v1.0', '周线金叉+日线MA_v1.0', 'WEEKLY_GOLDEN_CROSS_MA_v1.0', '年度见底机会策略_v1.0', 'ANNUAL_BOTTOM_OPPORTUNITY_v1.0', 'MACD零轴启动_v1.0', 'MACD_ZERO_AXIS_v1.0', '长周期横盘突破策略_v1.0', 'LONG_TERM_CONSOLIDATION_BREAKOUT_v1.0', '深渊筑底策略_v2.0', 'ABYSS_BOTTOMING_v2.0', '临界金叉_v1.0', 'PRE_CROSS_v1.0', '三重金叉_v1.0', 'TRIPLE_CROSS_v1.0']
2025-08-25 11:43:01,031 - ERROR - 策略未注册: 价值反转策略（最终版）_v1.0
2025-08-25 11:43:01,031 - ERROR - 可用策略: ['强势股MA13回调策略_v1.0', 'STRONG_STOCK_MA13_PULLBACK_v1.0', '周线金叉+日线MA_v1.0', 'WEEKLY_GOLDEN_CROSS_MA_v1.0', '年度见底机会策略_v1.0', 'ANNUAL_BOTTOM_OPPORTUNITY_v1.0', 'MACD零轴启动_v1.0', 'MACD_ZERO_AXIS_v1.0', '长周期横盘突破策略_v1.0', 'LONG_TERM_CONSOLIDATION_BREAKOUT_v1.0', '深渊筑底策略_v2.0', 'ABYSS_BOTTOMING_v2.0', '临界金叉_v1.0', 'PRE_CROSS_v1.0', '三重金叉_v1.0', 'TRIPLE_CROSS_v1.0']
2025-08-25 11:43:01,031 - ERROR - 策略未注册: 反转做多策略（优化版）_v1.0
2025-08-25 11:43:01,031 - ERROR - 可用策略: ['强势股MA13回调策略_v1.0', 'STRONG_STOCK_MA13_PULLBACK_v1.0', '周线金叉+日线MA_v1.0', 'WEEKLY_GOLDEN_CROSS_MA_v1.0', '年度见底机会策略_v1.0', 'ANNUAL_BOTTOM_OPPORTUNITY_v1.0', 'MACD零轴启动_v1.0', 'MACD_ZERO_AXIS_v1.0', '长周期横盘突破策略_v1.0', 'LONG_TERM_CONSOLIDATION_BREAKOUT_v1.0', '深渊筑底策略_v2.0', 'ABYSS_BOTTOMING_v2.0', '临界金叉_v1.0', 'PRE_CROSS_v1.0', '三重金叉_v1.0', 'TRIPLE_CROSS_v1.0']
2025-08-25 11:43:01,031 - ERROR - 加载策略文件失败 /home/hypnosis/data/git/quant_base/backend/strategies/value_reversal_final_strategy.py: No module named 'talib'
2025-08-25 11:43:01,031 - ERROR - 策略未注册: 价值反转策略（最终版）_v1.0
2025-08-25 11:43:01,032 - ERROR - 可用策略: ['强势股MA13回调策略_v1.0', 'STRONG_STOCK_MA13_PULLBACK_v1.0', '周线金叉+日线MA_v1.0', 'WEEKLY_GOLDEN_CROSS_MA_v1.0', '年度见底机会策略_v1.0', 'ANNUAL_BOTTOM_OPPORTUNITY_v1.0', 'MACD零轴启动_v1.0', 'MACD_ZERO_AXIS_v1.0', '长周期横盘突破策略_v1.0', 'LONG_TERM_CONSOLIDATION_BREAKOUT_v1.0', '深渊筑底策略_v2.0', 'ABYSS_BOTTOMING_v2.0', '临界金叉_v1.0', 'PRE_CROSS_v1.0', '三重金叉_v1.0', 'TRIPLE_CROSS_v1.0']
2025-08-25 11:43:01,032 - ERROR - 策略未注册: 反转做多策略（优化版）_v1.0
2025-08-25 11:43:01,032 - ERROR - 可用策略: ['强势股MA13回调策略_v1.0', 'STRONG_STOCK_MA13_PULLBACK_v1.0', '周线金叉+日线MA_v1.0', 'WEEKLY_GOLDEN_CROSS_MA_v1.0', '年度见底机会策略_v1.0', 'ANNUAL_BOTTOM_OPPORTUNITY_v1.0', 'MACD零轴启动_v1.0', 'MACD_ZERO_AXIS_v1.0', '长周期横盘突破策略_v1.0', 'LONG_TERM_CONSOLIDATION_BREAKOUT_v1.0', '深渊筑底策略_v2.0', 'ABYSS_BOTTOMING_v2.0', '临界金叉_v1.0', 'PRE_CROSS_v1.0', '三重金叉_v1.0', 'TRIPLE_CROSS_v1.0']
2025-08-25 11:43:01,032 - ERROR - 加载策略文件失败 /home/hypnosis/data/git/quant_base/backend/strategies/value_reversal_final_strategy.py: No module named 'talib'
2025-08-25 11:43:01,032 - ERROR - 加载策略文件失败 /home/hypnosis/data/git/quant_base/backend/strategies/value_reversal_final_strategy.py: No module named 'talib'
2025-08-25 11:43:01,032 - ERROR - 策略未注册: 价值反转策略（最终版）_v1.0
2025-08-25 11:43:01,032 - ERROR - 可用策略: ['强势股MA13回调策略_v1.0', 'STRONG_STOCK_MA13_PULLBACK_v1.0', '周线金叉+日线MA_v1.0', 'WEEKLY_GOLDEN_CROSS_MA_v1.0', '年度见底机会策略_v1.0', 'ANNUAL_BOTTOM_OPPORTUNITY_v1.0', 'MACD零轴启动_v1.0', 'MACD_ZERO_AXIS_v1.0', '长周期横盘突破策略_v1.0', 'LONG_TERM_CONSOLIDATION_BREAKOUT_v1.0', '深渊筑底策略_v2.0', 'ABYSS_BOTTOMING_v2.0', '临界金叉_v1.0', 'PRE_CROSS_v1.0', '三重金叉_v1.0', 'TRIPLE_CROSS_v1.0']
2025-08-25 11:43:01,032 - ERROR - 策略未注册: 反转做多策略（优化版）_v1.0
2025-08-25 11:43:01,032 - ERROR - 可用策略: ['强势股MA13回调策略_v1.0', 'STRONG_STOCK_MA13_PULLBACK_v1.0', '周线金叉+日线MA_v1.0', 'WEEKLY_GOLDEN_CROSS_MA_v1.0', '年度见底机会策略_v1.0', 'ANNUAL_BOTTOM_OPPORTUNITY_v1.0', 'MACD零轴启动_v1.0', 'MACD_ZERO_AXIS_v1.0', '长周期横盘突破策略_v1.0', 'LONG_TERM_CONSOLIDATION_BREAKOUT_v1.0', '深渊筑底策略_v2.0', 'ABYSS_BOTTOMING_v2.0', '临界金叉_v1.0', 'PRE_CROSS_v1.0', '三重金叉_v1.0', 'TRIPLE_CROSS_v1.0']
2025-08-25 11:43:01,032 - ERROR - 加载策略文件失败 /home/hypnosis/data/git/quant_base/backend/strategies/reversed_short_optimized_strategy.py: No module named 'talib'
2025-08-25 11:43:01,032 - WARNING - 配置中的策略未找到对应实现: 价值反转策略（最终版）_v1.0
2025-08-25 11:43:01,032 - WARNING - 配置中的策略未找到对应实现: 反转做多策略（优化版）_v1.0
2025-08-25 11:43:01,033 - ERROR - 加载策略文件失败 /home/hypnosis/data/git/quant_base/backend/strategies/reversed_short_optimized_strategy.py: No module named 'talib'
2025-08-25 11:43:01,033 - ERROR - 加载策略文件失败 /home/hypnosis/data/git/quant_base/backend/strategies/reversed_short_optimized_strategy.py: No module named 'talib'
2025-08-25 11:43:01,033 - WARNING - 配置中的策略未找到对应实现: 价值反转策略（最终版）_v1.0
2025-08-25 11:43:01,033 - WARNING - 配置中的策略未找到对应实现: 反转做多策略（优化版）_v1.0
2025-08-25 11:43:01,033 - ERROR - 策略未注册: 价值反转策略（最终版）_v1.0
2025-08-25 11:43:01,033 - ERROR - 可用策略: ['强势股MA13回调策略_v1.0', 'STRONG_STOCK_MA13_PULLBACK_v1.0', '周线金叉+日线MA_v1.0', 'WEEKLY_GOLDEN_CROSS_MA_v1.0', '年度见底机会策略_v1.0', 'ANNUAL_BOTTOM_OPPORTUNITY_v1.0', 'MACD零轴启动_v1.0', 'MACD_ZERO_AXIS_v1.0', '长周期横盘突破策略_v1.0', 'LONG_TERM_CONSOLIDATION_BREAKOUT_v1.0', '深渊筑底策略_v2.0', 'ABYSS_BOTTOMING_v2.0', '临界金叉_v1.0', 'PRE_CROSS_v1.0', '三重金叉_v1.0', 'TRIPLE_CROSS_v1.0']
2025-08-25 11:43:01,033 - WARNING - 配置中的策略未找到对应实现: 价值反转策略（最终版）_v1.0
2025-08-25 11:43:01,033 - ERROR - 策略未注册: 反转做多策略（优化版）_v1.0
2025-08-25 11:43:01,033 - ERROR - 可用策略: ['强势股MA13回调策略_v1.0', 'STRONG_STOCK_MA13_PULLBACK_v1.0', '周线金叉+日线MA_v1.0', 'WEEKLY_GOLDEN_CROSS_MA_v1.0', '年度见底机会策略_v1.0', 'ANNUAL_BOTTOM_OPPORTUNITY_v1.0', 'MACD零轴启动_v1.0', 'MACD_ZERO_AXIS_v1.0', '长周期横盘突破策略_v1.0', 'LONG_TERM_CONSOLIDATION_BREAKOUT_v1.0', '深渊筑底策略_v2.0', 'ABYSS_BOTTOMING_v2.0', '临界金叉_v1.0', 'PRE_CROSS_v1.0', '三重金叉_v1.0', 'TRIPLE_CROSS_v1.0']
2025-08-25 11:43:01,033 - WARNING - 配置中的策略未找到对应实现: 反转做多策略（优化版）_v1.0
2025-08-25 11:43:01,034 - ERROR - 加载策略文件失败 /home/hypnosis/data/git/quant_base/backend/strategies/value_reversal_final_strategy.py: No module named 'talib'
2025-08-25 11:43:01,035 - ERROR - 策略未注册: 价值反转策略（最终版）_v1.0
2025-08-25 11:43:01,035 - ERROR - 可用策略: ['强势股MA13回调策略_v1.0', 'STRONG_STOCK_MA13_PULLBACK_v1.0', '周线金叉+日线MA_v1.0', 'WEEKLY_GOLDEN_CROSS_MA_v1.0', '年度见底机会策略_v1.0', 'ANNUAL_BOTTOM_OPPORTUNITY_v1.0', 'MACD零轴启动_v1.0', 'MACD_ZERO_AXIS_v1.0', '长周期横盘突破策略_v1.0', 'LONG_TERM_CONSOLIDATION_BREAKOUT_v1.0', '深渊筑底策略_v2.0', 'ABYSS_BOTTOMING_v2.0', '临界金叉_v1.0', 'PRE_CROSS_v1.0', '三重金叉_v1.0', 'TRIPLE_CROSS_v1.0']
2025-08-25 11:43:01,035 - ERROR - 策略未注册: 反转做多策略（优化版）_v1.0
2025-08-25 11:43:01,035 - ERROR - 可用策略: ['强势股MA13回调策略_v1.0', 'STRONG_STOCK_MA13_PULLBACK_v1.0', '周线金叉+日线MA_v1.0', 'WEEKLY_GOLDEN_CROSS_MA_v1.0', '年度见底机会策略_v1.0', 'ANNUAL_BOTTOM_OPPORTUNITY_v1.0', 'MACD零轴启动_v1.0', 'MACD_ZERO_AXIS_v1.0', '长周期横盘突破策略_v1.0', 'LONG_TERM_CONSOLIDATION_BREAKOUT_v1.0', '深渊筑底策略_v2.0', 'ABYSS_BOTTOMING_v2.0', '临界金叉_v1.0', 'PRE_CROSS_v1.0', '三重金叉_v1.0', 'TRIPLE_CROSS_v1.0']
2025-08-25 11:43:01,035 - ERROR - 加载策略文件失败 /home/hypnosis/data/git/quant_base/backend/strategies/reversed_short_optimized_strategy.py: No module named 'talib'
2025-08-25 11:43:01,036 - WARNING - 配置中的策略未找到对应实现: 价值反转策略（最终版）_v1.0
2025-08-25 11:43:01,036 - WARNING - 配置中的策略未找到对应实现: 反转做多策略（优化版）_v1.0
2025-08-25 11:43:01,037 - ERROR - 加载策略文件失败 /home/hypnosis/data/git/quant_base/backend/strategies/value_reversal_final_strategy.py: No module named 'talib'
2025-08-25 11:43:01,037 - ERROR - 策略未注册: 价值反转策略（最终版）_v1.0
2025-08-25 11:43:01,037 - ERROR - 可用策略: ['强势股MA13回调策略_v1.0', 'STRONG_STOCK_MA13_PULLBACK_v1.0', '周线金叉+日线MA_v1.0', 'WEEKLY_GOLDEN_CROSS_MA_v1.0', '年度见底机会策略_v1.0', 'ANNUAL_BOTTOM_OPPORTUNITY_v1.0', 'MACD零轴启动_v1.0', 'MACD_ZERO_AXIS_v1.0', '长周期横盘突破策略_v1.0', 'LONG_TERM_CONSOLIDATION_BREAKOUT_v1.0', '深渊筑底策略_v2.0', 'ABYSS_BOTTOMING_v2.0', '临界金叉_v1.0', 'PRE_CROSS_v1.0', '三重金叉_v1.0', 'TRIPLE_CROSS_v1.0']
2025-08-25 11:43:01,037 - ERROR - 策略未注册: 反转做多策略（优化版）_v1.0
2025-08-25 11:43:01,037 - ERROR - 可用策略: ['强势股MA13回调策略_v1.0', 'STRONG_STOCK_MA13_PULLBACK_v1.0', '周线金叉+日线MA_v1.0', 'WEEKLY_GOLDEN_CROSS_MA_v1.0', '年度见底机会策略_v1.0', 'ANNUAL_BOTTOM_OPPORTUNITY_v1.0', 'MACD零轴启动_v1.0', 'MACD_ZERO_AXIS_v1.0', '长周期横盘突破策略_v1.0', 'LONG_TERM_CONSOLIDATION_BREAKOUT_v1.0', '深渊筑底策略_v2.0', 'ABYSS_BOTTOMING_v2.0', '临界金叉_v1.0', 'PRE_CROSS_v1.0', '三重金叉_v1.0', 'TRIPLE_CROSS_v1.0']
2025-08-25 11:43:01,038 - ERROR - 加载策略文件失败 /home/hypnosis/data/git/quant_base/backend/strategies/reversed_short_optimized_strategy.py: No module named 'talib'
2025-08-25 11:43:01,038 - ERROR - 加载策略文件失败 /home/hypnosis/data/git/quant_base/backend/strategies/value_reversal_final_strategy.py: No module named 'talib'
2025-08-25 11:43:01,038 - WARNING - 配置中的策略未找到对应实现: 价值反转策略（最终版）_v1.0
2025-08-25 11:43:01,038 - WARNING - 配置中的策略未找到对应实现: 反转做多策略（优化版）_v1.0
2025-08-25 11:43:01,039 - ERROR - 加载策略文件失败 /home/hypnosis/data/git/quant_base/backend/strategies/reversed_short_optimized_strategy.py: No module named 'talib'
2025-08-25 11:43:01,040 - WARNING - 配置中的策略未找到对应实现: 价值反转策略（最终版）_v1.0
2025-08-25 11:43:01,040 - WARNING - 配置中的策略未找到对应实现: 反转做多策略（优化版）_v1.0
2025-08-25 11:43:01,040 - ERROR - 加载策略文件失败 /home/hypnosis/data/git/quant_base/backend/strategies/value_reversal_final_strategy.py: No module named 'talib'
2025-08-25 11:43:01,041 - ERROR - 加载策略文件失败 /home/hypnosis/data/git/quant_base/backend/strategies/value_reversal_final_strategy.py: No module named 'talib'
2025-08-25 11:43:01,041 - ERROR - 加载策略文件失败 /home/hypnosis/data/git/quant_base/backend/strategies/value_reversal_final_strategy.py: No module named 'talib'
2025-08-25 11:43:01,041 - ERROR - 加载策略文件失败 /home/hypnosis/data/git/quant_base/backend/strategies/value_reversal_final_strategy.py: No module named 'talib'
2025-08-25 11:43:01,041 - ERROR - 加载策略文件失败 /home/hypnosis/data/git/quant_base/backend/strategies/reversed_short_optimized_strategy.py: No module named 'talib'
2025-08-25 11:43:01,042 - WARNING - 配置中的策略未找到对应实现: 价值反转策略（最终版）_v1.0
2025-08-25 11:43:01,042 - WARNING - 配置中的策略未找到对应实现: 反转做多策略（优化版）_v1.0
2025-08-25 11:43:01,042 - ERROR - 加载策略文件失败 /home/hypnosis/data/git/quant_base/backend/strategies/reversed_short_optimized_strategy.py: No module named 'talib'
2025-08-25 11:43:01,042 - ERROR - 加载策略文件失败 /home/hypnosis/data/git/quant_base/backend/strategies/reversed_short_optimized_strategy.py: No module named 'talib'
2025-08-25 11:43:01,042 - ERROR - 加载策略文件失败 /home/hypnosis/data/git/quant_base/backend/strategies/reversed_short_optimized_strategy.py: No module named 'talib'
2025-08-25 11:43:01,043 - WARNING - 配置中的策略未找到对应实现: 价值反转策略（最终版）_v1.0
2025-08-25 11:43:01,043 - WARNING - 配置中的策略未找到对应实现: 价值反转策略（最终版）_v1.0
2025-08-25 11:43:01,043 - WARNING - 配置中的策略未找到对应实现: 反转做多策略（优化版）_v1.0
2025-08-25 11:43:01,043 - WARNING - 配置中的策略未找到对应实现: 反转做多策略（优化版）_v1.0
2025-08-25 11:43:01,043 - WARNING - 配置中的策略未找到对应实现: 价值反转策略（最终版）_v1.0
2025-08-25 11:43:01,043 - WARNING - 配置中的策略未找到对应实现: 反转做多策略（优化版）_v1.0
2025-08-25 11:43:01,045 - ERROR - 策略未注册: 价值反转策略（最终版）_v1.0
2025-08-25 11:43:01,045 - ERROR - 可用策略: ['强势股MA13回调策略_v1.0', 'STRONG_STOCK_MA13_PULLBACK_v1.0', '周线金叉+日线MA_v1.0', 'WEEKLY_GOLDEN_CROSS_MA_v1.0', '年度见底机会策略_v1.0', 'ANNUAL_BOTTOM_OPPORTUNITY_v1.0', 'MACD零轴启动_v1.0', 'MACD_ZERO_AXIS_v1.0', '长周期横盘突破策略_v1.0', 'LONG_TERM_CONSOLIDATION_BREAKOUT_v1.0', '深渊筑底策略_v2.0', 'ABYSS_BOTTOMING_v2.0', '临界金叉_v1.0', 'PRE_CROSS_v1.0', '三重金叉_v1.0', 'TRIPLE_CROSS_v1.0']
2025-08-25 11:43:01,045 - ERROR - 策略未注册: 反转做多策略（优化版）_v1.0
2025-08-25 11:43:01,045 - ERROR - 加载策略文件失败 /home/hypnosis/data/git/quant_base/backend/strategies/value_reversal_final_strategy.py: No module named 'talib'
2025-08-25 11:43:01,045 - ERROR - 可用策略: ['强势股MA13回调策略_v1.0', 'STRONG_STOCK_MA13_PULLBACK_v1.0', '周线金叉+日线MA_v1.0', 'WEEKLY_GOLDEN_CROSS_MA_v1.0', '年度见底机会策略_v1.0', 'ANNUAL_BOTTOM_OPPORTUNITY_v1.0', 'MACD零轴启动_v1.0', 'MACD_ZERO_AXIS_v1.0', '长周期横盘突破策略_v1.0', 'LONG_TERM_CONSOLIDATION_BREAKOUT_v1.0', '深渊筑底策略_v2.0', 'ABYSS_BOTTOMING_v2.0', '临界金叉_v1.0', 'PRE_CROSS_v1.0', '三重金叉_v1.0', 'TRIPLE_CROSS_v1.0']
2025-08-25 11:43:01,045 - ERROR - 加载策略文件失败 /home/hypnosis/data/git/quant_base/backend/strategies/value_reversal_final_strategy.py: No module named 'talib'
2025-08-25 11:43:01,046 - ERROR - 加载策略文件失败 /home/hypnosis/data/git/quant_base/backend/strategies/reversed_short_optimized_strategy.py: No module named 'talib'
2025-08-25 11:43:01,046 - ERROR - 加载策略文件失败 /home/hypnosis/data/git/quant_base/backend/strategies/reversed_short_optimized_strategy.py: No module named 'talib'
2025-08-25 11:43:01,047 - WARNING - 配置中的策略未找到对应实现: 价值反转策略（最终版）_v1.0
2025-08-25 11:43:01,047 - WARNING - 配置中的策略未找到对应实现: 反转做多策略（优化版）_v1.0
2025-08-25 11:43:01,047 - WARNING - 配置中的策略未找到对应实现: 价值反转策略（最终版）_v1.0
2025-08-25 11:43:01,047 - WARNING - 配置中的策略未找到对应实现: 反转做多策略（优化版）_v1.0
2025-08-25 11:43:01,048 - ERROR - 加载策略文件失败 /home/hypnosis/data/git/quant_base/backend/strategies/value_reversal_final_strategy.py: No module named 'talib'
2025-08-25 11:43:01,049 - ERROR - 策略未注册: 价值反转策略（最终版）_v1.0
2025-08-25 11:43:01,049 - ERROR - 可用策略: ['强势股MA13回调策略_v1.0', 'STRONG_STOCK_MA13_PULLBACK_v1.0', '周线金叉+日线MA_v1.0', 'WEEKLY_GOLDEN_CROSS_MA_v1.0', '年度见底机会策略_v1.0', 'ANNUAL_BOTTOM_OPPORTUNITY_v1.0', 'MACD零轴启动_v1.0', 'MACD_ZERO_AXIS_v1.0', '长周期横盘突破策略_v1.0', 'LONG_TERM_CONSOLIDATION_BREAKOUT_v1.0', '深渊筑底策略_v2.0', 'ABYSS_BOTTOMING_v2.0', '临界金叉_v1.0', 'PRE_CROSS_v1.0', '三重金叉_v1.0', 'TRIPLE_CROSS_v1.0']
2025-08-25 11:43:01,049 - ERROR - 策略未注册: 反转做多策略（优化版）_v1.0
2025-08-25 11:43:01,049 - ERROR - 可用策略: ['强势股MA13回调策略_v1.0', 'STRONG_STOCK_MA13_PULLBACK_v1.0', '周线金叉+日线MA_v1.0', 'WEEKLY_GOLDEN_CROSS_MA_v1.0', '年度见底机会策略_v1.0', 'ANNUAL_BOTTOM_OPPORTUNITY_v1.0', 'MACD零轴启动_v1.0', 'MACD_ZERO_AXIS_v1.0', '长周期横盘突破策略_v1.0', 'LONG_TERM_CONSOLIDATION_BREAKOUT_v1.0', '深渊筑底策略_v2.0', 'ABYSS_BOTTOMING_v2.0', '临界金叉_v1.0', 'PRE_CROSS_v1.0', '三重金叉_v1.0', 'TRIPLE_CROSS_v1.0']
2025-08-25 11:43:01,049 - ERROR - 加载策略文件失败 /home/hypnosis/data/git/quant_base/backend/strategies/reversed_short_optimized_strategy.py: No module named 'talib'
2025-08-25 11:43:01,050 - WARNING - 配置中的策略未找到对应实现: 价值反转策略（最终版）_v1.0
2025-08-25 11:43:01,050 - WARNING - 配置中的策略未找到对应实现: 反转做多策略（优化版）_v1.0
2025-08-25 11:43:01,050 - ERROR - 策略未注册: 价值反转策略（最终版）_v1.0
2025-08-25 11:43:01,050 - ERROR - 可用策略: ['强势股MA13回调策略_v1.0', 'STRONG_STOCK_MA13_PULLBACK_v1.0', '周线金叉+日线MA_v1.0', 'WEEKLY_GOLDEN_CROSS_MA_v1.0', '年度见底机会策略_v1.0', 'ANNUAL_BOTTOM_OPPORTUNITY_v1.0', 'MACD零轴启动_v1.0', 'MACD_ZERO_AXIS_v1.0', '长周期横盘突破策略_v1.0', 'LONG_TERM_CONSOLIDATION_BREAKOUT_v1.0', '深渊筑底策略_v2.0', 'ABYSS_BOTTOMING_v2.0', '临界金叉_v1.0', 'PRE_CROSS_v1.0', '三重金叉_v1.0', 'TRIPLE_CROSS_v1.0']
2025-08-25 11:43:01,050 - ERROR - 策略未注册: 反转做多策略（优化版）_v1.0
2025-08-25 11:43:01,050 - ERROR - 可用策略: ['强势股MA13回调策略_v1.0', 'STRONG_STOCK_MA13_PULLBACK_v1.0', '周线金叉+日线MA_v1.0', 'WEEKLY_GOLDEN_CROSS_MA_v1.0', '年度见底机会策略_v1.0', 'ANNUAL_BOTTOM_OPPORTUNITY_v1.0', 'MACD零轴启动_v1.0', 'MACD_ZERO_AXIS_v1.0', '长周期横盘突破策略_v1.0', 'LONG_TERM_CONSOLIDATION_BREAKOUT_v1.0', '深渊筑底策略_v2.0', 'ABYSS_BOTTOMING_v2.0', '临界金叉_v1.0', 'PRE_CROSS_v1.0', '三重金叉_v1.0', 'TRIPLE_CROSS_v1.0']
2025-08-25 11:43:01,051 - ERROR - 加载策略文件失败 /home/hypnosis/data/git/quant_base/backend/strategies/value_reversal_final_strategy.py: No module named 'talib'
2025-08-25 11:43:01,051 - ERROR - 策略未注册: 价值反转策略（最终版）_v1.0
2025-08-25 11:43:01,051 - ERROR - 加载策略文件失败 /home/hypnosis/data/git/quant_base/backend/strategies/value_reversal_final_strategy.py: No module named 'talib'
2025-08-25 11:43:01,051 - ERROR - 可用策略: ['强势股MA13回调策略_v1.0', 'STRONG_STOCK_MA13_PULLBACK_v1.0', '周线金叉+日线MA_v1.0', 'WEEKLY_GOLDEN_CROSS_MA_v1.0', '年度见底机会策略_v1.0', 'ANNUAL_BOTTOM_OPPORTUNITY_v1.0', 'MACD零轴启动_v1.0', 'MACD_ZERO_AXIS_v1.0', '长周期横盘突破策略_v1.0', 'LONG_TERM_CONSOLIDATION_BREAKOUT_v1.0', '深渊筑底策略_v2.0', 'ABYSS_BOTTOMING_v2.0', '临界金叉_v1.0', 'PRE_CROSS_v1.0', '三重金叉_v1.0', 'TRIPLE_CROSS_v1.0']
2025-08-25 11:43:01,051 - ERROR - 策略未注册: 价值反转策略（最终版）_v1.0
2025-08-25 11:43:01,051 - ERROR - 策略未注册: 反转做多策略（优化版）_v1.0
2025-08-25 11:43:01,051 - ERROR - 可用策略: ['强势股MA13回调策略_v1.0', 'STRONG_STOCK_MA13_PULLBACK_v1.0', '周线金叉+日线MA_v1.0', 'WEEKLY_GOLDEN_CROSS_MA_v1.0', '年度见底机会策略_v1.0', 'ANNUAL_BOTTOM_OPPORTUNITY_v1.0', 'MACD零轴启动_v1.0', 'MACD_ZERO_AXIS_v1.0', '长周期横盘突破策略_v1.0', 'LONG_TERM_CONSOLIDATION_BREAKOUT_v1.0', '深渊筑底策略_v2.0', 'ABYSS_BOTTOMING_v2.0', '临界金叉_v1.0', 'PRE_CROSS_v1.0', '三重金叉_v1.0', 'TRIPLE_CROSS_v1.0']
2025-08-25 11:43:01,051 - ERROR - 可用策略: ['强势股MA13回调策略_v1.0', 'STRONG_STOCK_MA13_PULLBACK_v1.0', '周线金叉+日线MA_v1.0', 'WEEKLY_GOLDEN_CROSS_MA_v1.0', '年度见底机会策略_v1.0', 'ANNUAL_BOTTOM_OPPORTUNITY_v1.0', 'MACD零轴启动_v1.0', 'MACD_ZERO_AXIS_v1.0', '长周期横盘突破策略_v1.0', 'LONG_TERM_CONSOLIDATION_BREAKOUT_v1.0', '深渊筑底策略_v2.0', 'ABYSS_BOTTOMING_v2.0', '临界金叉_v1.0', 'PRE_CROSS_v1.0', '三重金叉_v1.0', 'TRIPLE_CROSS_v1.0']
2025-08-25 11:43:01,051 - ERROR - 策略未注册: 反转做多策略（优化版）_v1.0
2025-08-25 11:43:01,051 - ERROR - 可用策略: ['强势股MA13回调策略_v1.0', 'STRONG_STOCK_MA13_PULLBACK_v1.0', '周线金叉+日线MA_v1.0', 'WEEKLY_GOLDEN_CROSS_MA_v1.0', '年度见底机会策略_v1.0', 'ANNUAL_BOTTOM_OPPORTUNITY_v1.0', 'MACD零轴启动_v1.0', 'MACD_ZERO_AXIS_v1.0', '长周期横盘突破策略_v1.0', 'LONG_TERM_CONSOLIDATION_BREAKOUT_v1.0', '深渊筑底策略_v2.0', 'ABYSS_BOTTOMING_v2.0', '临界金叉_v1.0', 'PRE_CROSS_v1.0', '三重金叉_v1.0', 'TRIPLE_CROSS_v1.0']
2025-08-25 11:43:01,052 - ERROR - 加载策略文件失败 /home/hypnosis/data/git/quant_base/backend/strategies/reversed_short_optimized_strategy.py: No module named 'talib'
2025-08-25 11:43:01,052 - ERROR - 加载策略文件失败 /home/hypnosis/data/git/quant_base/backend/strategies/reversed_short_optimized_strategy.py: No module named 'talib'
2025-08-25 11:43:01,052 - WARNING - 配置中的策略未找到对应实现: 价值反转策略（最终版）_v1.0
2025-08-25 11:43:01,052 - WARNING - 配置中的策略未找到对应实现: 反转做多策略（优化版）_v1.0
2025-08-25 11:43:01,052 - WARNING - 配置中的策略未找到对应实现: 价值反转策略（最终版）_v1.0
2025-08-25 11:43:01,052 - WARNING - 配置中的策略未找到对应实现: 反转做多策略（优化版）_v1.0
2025-08-25 11:43:01,054 - ERROR - 加载策略文件失败 /home/hypnosis/data/git/quant_base/backend/strategies/value_reversal_final_strategy.py: No module named 'talib'
2025-08-25 11:43:01,054 - ERROR - 策略未注册: 价值反转策略（最终版）_v1.0
2025-08-25 11:43:01,054 - ERROR - 可用策略: ['强势股MA13回调策略_v1.0', 'STRONG_STOCK_MA13_PULLBACK_v1.0', '周线金叉+日线MA_v1.0', 'WEEKLY_GOLDEN_CROSS_MA_v1.0', '年度见底机会策略_v1.0', 'ANNUAL_BOTTOM_OPPORTUNITY_v1.0', 'MACD零轴启动_v1.0', 'MACD_ZERO_AXIS_v1.0', '长周期横盘突破策略_v1.0', 'LONG_TERM_CONSOLIDATION_BREAKOUT_v1.0', '深渊筑底策略_v2.0', 'ABYSS_BOTTOMING_v2.0', '临界金叉_v1.0', 'PRE_CROSS_v1.0', '三重金叉_v1.0', 'TRIPLE_CROSS_v1.0']
2025-08-25 11:43:01,054 - ERROR - 策略未注册: 反转做多策略（优化版）_v1.0
2025-08-25 11:43:01,054 - ERROR - 可用策略: ['强势股MA13回调策略_v1.0', 'STRONG_STOCK_MA13_PULLBACK_v1.0', '周线金叉+日线MA_v1.0', 'WEEKLY_GOLDEN_CROSS_MA_v1.0', '年度见底机会策略_v1.0', 'ANNUAL_BOTTOM_OPPORTUNITY_v1.0', 'MACD零轴启动_v1.0', 'MACD_ZERO_AXIS_v1.0', '长周期横盘突破策略_v1.0', 'LONG_TERM_CONSOLIDATION_BREAKOUT_v1.0', '深渊筑底策略_v2.0', 'ABYSS_BOTTOMING_v2.0', '临界金叉_v1.0', 'PRE_CROSS_v1.0', '三重金叉_v1.0', 'TRIPLE_CROSS_v1.0']
2025-08-25 11:43:01,054 - ERROR - 策略未注册: 价值反转策略（最终版）_v1.0
2025-08-25 11:43:01,054 - ERROR - 可用策略: ['强势股MA13回调策略_v1.0', 'STRONG_STOCK_MA13_PULLBACK_v1.0', '周线金叉+日线MA_v1.0', 'WEEKLY_GOLDEN_CROSS_MA_v1.0', '年度见底机会策略_v1.0', 'ANNUAL_BOTTOM_OPPORTUNITY_v1.0', 'MACD零轴启动_v1.0', 'MACD_ZERO_AXIS_v1.0', '长周期横盘突破策略_v1.0', 'LONG_TERM_CONSOLIDATION_BREAKOUT_v1.0', '深渊筑底策略_v2.0', 'ABYSS_BOTTOMING_v2.0', '临界金叉_v1.0', 'PRE_CROSS_v1.0', '三重金叉_v1.0', 'TRIPLE_CROSS_v1.0']
2025-08-25 11:43:01,054 - ERROR - 策略未注册: 反转做多策略（优化版）_v1.0
2025-08-25 11:43:01,054 - ERROR - 可用策略: ['强势股MA13回调策略_v1.0', 'STRONG_STOCK_MA13_PULLBACK_v1.0', '周线金叉+日线MA_v1.0', 'WEEKLY_GOLDEN_CROSS_MA_v1.0', '年度见底机会策略_v1.0', 'ANNUAL_BOTTOM_OPPORTUNITY_v1.0', 'MACD零轴启动_v1.0', 'MACD_ZERO_AXIS_v1.0', '长周期横盘突破策略_v1.0', 'LONG_TERM_CONSOLIDATION_BREAKOUT_v1.0', '深渊筑底策略_v2.0', 'ABYSS_BOTTOMING_v2.0', '临界金叉_v1.0', 'PRE_CROSS_v1.0', '三重金叉_v1.0', 'TRIPLE_CROSS_v1.0']
2025-08-25 11:43:01,055 - ERROR - 加载策略文件失败 /home/hypnosis/data/git/quant_base/backend/strategies/reversed_short_optimized_strategy.py: No module named 'talib'
2025-08-25 11:43:01,055 - WARNING - 配置中的策略未找到对应实现: 价值反转策略（最终版）_v1.0
2025-08-25 11:43:01,055 - WARNING - 配置中的策略未找到对应实现: 反转做多策略（优化版）_v1.0
2025-08-25 11:43:01,057 - ERROR - 策略未注册: 价值反转策略（最终版）_v1.0
2025-08-25 11:43:01,057 - ERROR - 可用策略: ['强势股MA13回调策略_v1.0', 'STRONG_STOCK_MA13_PULLBACK_v1.0', '周线金叉+日线MA_v1.0', 'WEEKLY_GOLDEN_CROSS_MA_v1.0', '年度见底机会策略_v1.0', 'ANNUAL_BOTTOM_OPPORTUNITY_v1.0', 'MACD零轴启动_v1.0', 'MACD_ZERO_AXIS_v1.0', '长周期横盘突破策略_v1.0', 'LONG_TERM_CONSOLIDATION_BREAKOUT_v1.0', '深渊筑底策略_v2.0', 'ABYSS_BOTTOMING_v2.0', '临界金叉_v1.0', 'PRE_CROSS_v1.0', '三重金叉_v1.0', 'TRIPLE_CROSS_v1.0']
2025-08-25 11:43:01,057 - ERROR - 策略未注册: 反转做多策略（优化版）_v1.0
2025-08-25 11:43:01,057 - ERROR - 可用策略: ['强势股MA13回调策略_v1.0', 'STRONG_STOCK_MA13_PULLBACK_v1.0', '周线金叉+日线MA_v1.0', 'WEEKLY_GOLDEN_CROSS_MA_v1.0', '年度见底机会策略_v1.0', 'ANNUAL_BOTTOM_OPPORTUNITY_v1.0', 'MACD零轴启动_v1.0', 'MACD_ZERO_AXIS_v1.0', '长周期横盘突破策略_v1.0', 'LONG_TERM_CONSOLIDATION_BREAKOUT_v1.0', '深渊筑底策略_v2.0', 'ABYSS_BOTTOMING_v2.0', '临界金叉_v1.0', 'PRE_CROSS_v1.0', '三重金叉_v1.0', 'TRIPLE_CROSS_v1.0']
2025-08-25 11:43:01,057 - ERROR - 策略未注册: 价值反转策略（最终版）_v1.0
2025-08-25 11:43:01,057 - ERROR - 可用策略: ['强势股MA13回调策略_v1.0', 'STRONG_STOCK_MA13_PULLBACK_v1.0', '周线金叉+日线MA_v1.0', 'WEEKLY_GOLDEN_CROSS_MA_v1.0', '年度见底机会策略_v1.0', 'ANNUAL_BOTTOM_OPPORTUNITY_v1.0', 'MACD零轴启动_v1.0', 'MACD_ZERO_AXIS_v1.0', '长周期横盘突破策略_v1.0', 'LONG_TERM_CONSOLIDATION_BREAKOUT_v1.0', '深渊筑底策略_v2.0', 'ABYSS_BOTTOMING_v2.0', '临界金叉_v1.0', 'PRE_CROSS_v1.0', '三重金叉_v1.0', 'TRIPLE_CROSS_v1.0']
2025-08-25 11:43:01,057 - ERROR - 策略未注册: 反转做多策略（优化版）_v1.0
2025-08-25 11:43:01,057 - ERROR - 可用策略: ['强势股MA13回调策略_v1.0', 'STRONG_STOCK_MA13_PULLBACK_v1.0', '周线金叉+日线MA_v1.0', 'WEEKLY_GOLDEN_CROSS_MA_v1.0', '年度见底机会策略_v1.0', 'ANNUAL_BOTTOM_OPPORTUNITY_v1.0', 'MACD零轴启动_v1.0', 'MACD_ZERO_AXIS_v1.0', '长周期横盘突破策略_v1.0', 'LONG_TERM_CONSOLIDATION_BREAKOUT_v1.0', '深渊筑底策略_v2.0', 'ABYSS_BOTTOMING_v2.0', '临界金叉_v1.0', 'PRE_CROSS_v1.0', '三重金叉_v1.0', 'TRIPLE_CROSS_v1.0']
2025-08-25 11:43:01,058 - ERROR - 加载策略文件失败 /home/hypnosis/data/git/quant_base/backend/strategies/value_reversal_final_strategy.py: No module named 'talib'
2025-08-25 11:43:01,058 - ERROR - 策略未注册: 价值反转策略（最终版）_v1.0
2025-08-25 11:43:01,058 - ERROR - 可用策略: ['强势股MA13回调策略_v1.0', 'STRONG_STOCK_MA13_PULLBACK_v1.0', '周线金叉+日线MA_v1.0', 'WEEKLY_GOLDEN_CROSS_MA_v1.0', '年度见底机会策略_v1.0', 'ANNUAL_BOTTOM_OPPORTUNITY_v1.0', 'MACD零轴启动_v1.0', 'MACD_ZERO_AXIS_v1.0', '长周期横盘突破策略_v1.0', 'LONG_TERM_CONSOLIDATION_BREAKOUT_v1.0', '深渊筑底策略_v2.0', 'ABYSS_BOTTOMING_v2.0', '临界金叉_v1.0', 'PRE_CROSS_v1.0', '三重金叉_v1.0', 'TRIPLE_CROSS_v1.0']
2025-08-25 11:43:01,058 - ERROR - 策略未注册: 反转做多策略（优化版）_v1.0
2025-08-25 11:43:01,058 - ERROR - 可用策略: ['强势股MA13回调策略_v1.0', 'STRONG_STOCK_MA13_PULLBACK_v1.0', '周线金叉+日线MA_v1.0', 'WEEKLY_GOLDEN_CROSS_MA_v1.0', '年度见底机会策略_v1.0', 'ANNUAL_BOTTOM_OPPORTUNITY_v1.0', 'MACD零轴启动_v1.0', 'MACD_ZERO_AXIS_v1.0', '长周期横盘突破策略_v1.0', 'LONG_TERM_CONSOLIDATION_BREAKOUT_v1.0', '深渊筑底策略_v2.0', 'ABYSS_BOTTOMING_v2.0', '临界金叉_v1.0', 'PRE_CROSS_v1.0', '三重金叉_v1.0', 'TRIPLE_CROSS_v1.0']
2025-08-25 11:43:01,059 - ERROR - 加载策略文件失败 /home/hypnosis/data/git/quant_base/backend/strategies/reversed_short_optimized_strategy.py: No module named 'talib'
2025-08-25 11:43:01,059 - ERROR - 策略未注册: 价值反转策略（最终版）_v1.0
2025-08-25 11:43:01,059 - ERROR - 可用策略: ['强势股MA13回调策略_v1.0', 'STRONG_STOCK_MA13_PULLBACK_v1.0', '周线金叉+日线MA_v1.0', 'WEEKLY_GOLDEN_CROSS_MA_v1.0', '年度见底机会策略_v1.0', 'ANNUAL_BOTTOM_OPPORTUNITY_v1.0', 'MACD零轴启动_v1.0', 'MACD_ZERO_AXIS_v1.0', '长周期横盘突破策略_v1.0', 'LONG_TERM_CONSOLIDATION_BREAKOUT_v1.0', '深渊筑底策略_v2.0', 'ABYSS_BOTTOMING_v2.0', '临界金叉_v1.0', 'PRE_CROSS_v1.0', '三重金叉_v1.0', 'TRIPLE_CROSS_v1.0']
2025-08-25 11:43:01,059 - ERROR - 加载策略文件失败 /home/hypnosis/data/git/quant_base/backend/strategies/value_reversal_final_strategy.py: No module named 'talib'
2025-08-25 11:43:01,059 - ERROR - 策略未注册: 反转做多策略（优化版）_v1.0
2025-08-25 11:43:01,059 - ERROR - 可用策略: ['强势股MA13回调策略_v1.0', 'STRONG_STOCK_MA13_PULLBACK_v1.0', '周线金叉+日线MA_v1.0', 'WEEKLY_GOLDEN_CROSS_MA_v1.0', '年度见底机会策略_v1.0', 'ANNUAL_BOTTOM_OPPORTUNITY_v1.0', 'MACD零轴启动_v1.0', 'MACD_ZERO_AXIS_v1.0', '长周期横盘突破策略_v1.0', 'LONG_TERM_CONSOLIDATION_BREAKOUT_v1.0', '深渊筑底策略_v2.0', 'ABYSS_BOTTOMING_v2.0', '临界金叉_v1.0', 'PRE_CROSS_v1.0', '三重金叉_v1.0', 'TRIPLE_CROSS_v1.0']
2025-08-25 11:43:01,059 - WARNING - 配置中的策略未找到对应实现: 价值反转策略（最终版）_v1.0
2025-08-25 11:43:01,060 - WARNING - 配置中的策略未找到对应实现: 反转做多策略（优化版）_v1.0
2025-08-25 11:43:01,060 - ERROR - 加载策略文件失败 /home/hypnosis/data/git/quant_base/backend/strategies/value_reversal_final_strategy.py: No module named 'talib'
2025-08-25 11:43:01,060 - ERROR - 策略未注册: 价值反转策略（最终版）_v1.0
2025-08-25 11:43:01,060 - ERROR - 可用策略: ['强势股MA13回调策略_v1.0', 'STRONG_STOCK_MA13_PULLBACK_v1.0', '周线金叉+日线MA_v1.0', 'WEEKLY_GOLDEN_CROSS_MA_v1.0', '年度见底机会策略_v1.0', 'ANNUAL_BOTTOM_OPPORTUNITY_v1.0', 'MACD零轴启动_v1.0', 'MACD_ZERO_AXIS_v1.0', '长周期横盘突破策略_v1.0', 'LONG_TERM_CONSOLIDATION_BREAKOUT_v1.0', '深渊筑底策略_v2.0', 'ABYSS_BOTTOMING_v2.0', '临界金叉_v1.0', 'PRE_CROSS_v1.0', '三重金叉_v1.0', 'TRIPLE_CROSS_v1.0']
2025-08-25 11:43:01,060 - ERROR - 策略未注册: 反转做多策略（优化版）_v1.0
2025-08-25 11:43:01,060 - ERROR - 可用策略: ['强势股MA13回调策略_v1.0', 'STRONG_STOCK_MA13_PULLBACK_v1.0', '周线金叉+日线MA_v1.0', 'WEEKLY_GOLDEN_CROSS_MA_v1.0', '年度见底机会策略_v1.0', 'ANNUAL_BOTTOM_OPPORTUNITY_v1.0', 'MACD零轴启动_v1.0', 'MACD_ZERO_AXIS_v1.0', '长周期横盘突破策略_v1.0', 'LONG_TERM_CONSOLIDATION_BREAKOUT_v1.0', '深渊筑底策略_v2.0', 'ABYSS_BOTTOMING_v2.0', '临界金叉_v1.0', 'PRE_CROSS_v1.0', '三重金叉_v1.0', 'TRIPLE_CROSS_v1.0']
2025-08-25 11:43:01,060 - ERROR - 加载策略文件失败 /home/hypnosis/data/git/quant_base/backend/strategies/value_reversal_final_strategy.py: No module named 'talib'
2025-08-25 11:43:01,060 - ERROR - 加载策略文件失败 /home/hypnosis/data/git/quant_base/backend/strategies/reversed_short_optimized_strategy.py: No module named 'talib'
2025-08-25 11:43:01,060 - ERROR - 策略未注册: 价值反转策略（最终版）_v1.0
2025-08-25 11:43:01,061 - ERROR - 可用策略: ['强势股MA13回调策略_v1.0', 'STRONG_STOCK_MA13_PULLBACK_v1.0', '周线金叉+日线MA_v1.0', 'WEEKLY_GOLDEN_CROSS_MA_v1.0', '年度见底机会策略_v1.0', 'ANNUAL_BOTTOM_OPPORTUNITY_v1.0', 'MACD零轴启动_v1.0', 'MACD_ZERO_AXIS_v1.0', '长周期横盘突破策略_v1.0', 'LONG_TERM_CONSOLIDATION_BREAKOUT_v1.0', '深渊筑底策略_v2.0', 'ABYSS_BOTTOMING_v2.0', '临界金叉_v1.0', 'PRE_CROSS_v1.0', '三重金叉_v1.0', 'TRIPLE_CROSS_v1.0']
2025-08-25 11:43:01,061 - ERROR - 策略未注册: 反转做多策略（优化版）_v1.0
2025-08-25 11:43:01,061 - ERROR - 可用策略: ['强势股MA13回调策略_v1.0', 'STRONG_STOCK_MA13_PULLBACK_v1.0', '周线金叉+日线MA_v1.0', 'WEEKLY_GOLDEN_CROSS_MA_v1.0', '年度见底机会策略_v1.0', 'ANNUAL_BOTTOM_OPPORTUNITY_v1.0', 'MACD零轴启动_v1.0', 'MACD_ZERO_AXIS_v1.0', '长周期横盘突破策略_v1.0', 'LONG_TERM_CONSOLIDATION_BREAKOUT_v1.0', '深渊筑底策略_v2.0', 'ABYSS_BOTTOMING_v2.0', '临界金叉_v1.0', 'PRE_CROSS_v1.0', '三重金叉_v1.0', 'TRIPLE_CROSS_v1.0']
2025-08-25 11:43:01,061 - WARNING - 配置中的策略未找到对应实现: 价值反转策略（最终版）_v1.0
2025-08-25 11:43:01,061 - ERROR - 加载策略文件失败 /home/hypnosis/data/git/quant_base/backend/strategies/reversed_short_optimized_strategy.py: No module named 'talib'
2025-08-25 11:43:01,061 - WARNING - 配置中的策略未找到对应实现: 反转做多策略（优化版）_v1.0
2025-08-25 11:43:01,061 - WARNING - 配置中的策略未找到对应实现: 价值反转策略（最终版）_v1.0
2025-08-25 11:43:01,061 - WARNING - 配置中的策略未找到对应实现: 反转做多策略（优化版）_v1.0
2025-08-25 11:43:01,061 - ERROR - 策略未注册: 价值反转策略（最终版）_v1.0
2025-08-25 11:43:01,061 - ERROR - 加载策略文件失败 /home/hypnosis/data/git/quant_base/backend/strategies/reversed_short_optimized_strategy.py: No module named 'talib'
2025-08-25 11:43:01,061 - ERROR - 可用策略: ['强势股MA13回调策略_v1.0', 'STRONG_STOCK_MA13_PULLBACK_v1.0', '周线金叉+日线MA_v1.0', 'WEEKLY_GOLDEN_CROSS_MA_v1.0', '年度见底机会策略_v1.0', 'ANNUAL_BOTTOM_OPPORTUNITY_v1.0', 'MACD零轴启动_v1.0', 'MACD_ZERO_AXIS_v1.0', '长周期横盘突破策略_v1.0', 'LONG_TERM_CONSOLIDATION_BREAKOUT_v1.0', '深渊筑底策略_v2.0', 'ABYSS_BOTTOMING_v2.0', '临界金叉_v1.0', 'PRE_CROSS_v1.0', '三重金叉_v1.0', 'TRIPLE_CROSS_v1.0']
2025-08-25 11:43:01,061 - ERROR - 策略未注册: 反转做多策略（优化版）_v1.0
2025-08-25 11:43:01,061 - ERROR - 可用策略: ['强势股MA13回调策略_v1.0', 'STRONG_STOCK_MA13_PULLBACK_v1.0', '周线金叉+日线MA_v1.0', 'WEEKLY_GOLDEN_CROSS_MA_v1.0', '年度见底机会策略_v1.0', 'ANNUAL_BOTTOM_OPPORTUNITY_v1.0', 'MACD零轴启动_v1.0', 'MACD_ZERO_AXIS_v1.0', '长周期横盘突破策略_v1.0', 'LONG_TERM_CONSOLIDATION_BREAKOUT_v1.0', '深渊筑底策略_v2.0', 'ABYSS_BOTTOMING_v2.0', '临界金叉_v1.0', 'PRE_CROSS_v1.0', '三重金叉_v1.0', 'TRIPLE_CROSS_v1.0']
2025-08-25 11:43:01,062 - WARNING - 配置中的策略未找到对应实现: 价值反转策略（最终版）_v1.0
2025-08-25 11:43:01,062 - WARNING - 配置中的策略未找到对应实现: 反转做多策略（优化版）_v1.0
2025-08-25 11:43:01,062 - ERROR - 策略未注册: 价值反转策略（最终版）_v1.0
2025-08-25 11:43:01,062 - ERROR - 可用策略: ['强势股MA13回调策略_v1.0', 'STRONG_STOCK_MA13_PULLBACK_v1.0', '周线金叉+日线MA_v1.0', 'WEEKLY_GOLDEN_CROSS_MA_v1.0', '年度见底机会策略_v1.0', 'ANNUAL_BOTTOM_OPPORTUNITY_v1.0', 'MACD零轴启动_v1.0', 'MACD_ZERO_AXIS_v1.0', '长周期横盘突破策略_v1.0', 'LONG_TERM_CONSOLIDATION_BREAKOUT_v1.0', '深渊筑底策略_v2.0', 'ABYSS_BOTTOMING_v2.0', '临界金叉_v1.0', 'PRE_CROSS_v1.0', '三重金叉_v1.0', 'TRIPLE_CROSS_v1.0']
2025-08-25 11:43:01,062 - ERROR - 策略未注册: 反转做多策略（优化版）_v1.0
2025-08-25 11:43:01,062 - ERROR - 可用策略: ['强势股MA13回调策略_v1.0', 'STRONG_STOCK_MA13_PULLBACK_v1.0', '周线金叉+日线MA_v1.0', 'WEEKLY_GOLDEN_CROSS_MA_v1.0', '年度见底机会策略_v1.0', 'ANNUAL_BOTTOM_OPPORTUNITY_v1.0', 'MACD零轴启动_v1.0', 'MACD_ZERO_AXIS_v1.0', '长周期横盘突破策略_v1.0', 'LONG_TERM_CONSOLIDATION_BREAKOUT_v1.0', '深渊筑底策略_v2.0', 'ABYSS_BOTTOMING_v2.0', '临界金叉_v1.0', 'PRE_CROSS_v1.0', '三重金叉_v1.0', 'TRIPLE_CROSS_v1.0']
2025-08-25 11:43:01,067 - ERROR - 加载策略文件失败 /home/hypnosis/data/git/quant_base/backend/strategies/value_reversal_final_strategy.py: No module named 'talib'
2025-08-25 11:43:01,067 - ERROR - 加载策略文件失败 /home/hypnosis/data/git/quant_base/backend/strategies/value_reversal_final_strategy.py: No module named 'talib'
2025-08-25 11:43:01,067 - ERROR - 策略未注册: 价值反转策略（最终版）_v1.0
2025-08-25 11:43:01,067 - ERROR - 可用策略: ['强势股MA13回调策略_v1.0', 'STRONG_STOCK_MA13_PULLBACK_v1.0', '周线金叉+日线MA_v1.0', 'WEEKLY_GOLDEN_CROSS_MA_v1.0', '年度见底机会策略_v1.0', 'ANNUAL_BOTTOM_OPPORTUNITY_v1.0', 'MACD零轴启动_v1.0', 'MACD_ZERO_AXIS_v1.0', '长周期横盘突破策略_v1.0', 'LONG_TERM_CONSOLIDATION_BREAKOUT_v1.0', '深渊筑底策略_v2.0', 'ABYSS_BOTTOMING_v2.0', '临界金叉_v1.0', 'PRE_CROSS_v1.0', '三重金叉_v1.0', 'TRIPLE_CROSS_v1.0']
2025-08-25 11:43:01,067 - ERROR - 策略未注册: 反转做多策略（优化版）_v1.0
2025-08-25 11:43:01,067 - ERROR - 可用策略: ['强势股MA13回调策略_v1.0', 'STRONG_STOCK_MA13_PULLBACK_v1.0', '周线金叉+日线MA_v1.0', 'WEEKLY_GOLDEN_CROSS_MA_v1.0', '年度见底机会策略_v1.0', 'ANNUAL_BOTTOM_OPPORTUNITY_v1.0', 'MACD零轴启动_v1.0', 'MACD_ZERO_AXIS_v1.0', '长周期横盘突破策略_v1.0', 'LONG_TERM_CONSOLIDATION_BREAKOUT_v1.0', '深渊筑底策略_v2.0', 'ABYSS_BOTTOMING_v2.0', '临界金叉_v1.0', 'PRE_CROSS_v1.0', '三重金叉_v1.0', 'TRIPLE_CROSS_v1.0']
2025-08-25 11:43:01,067 - ERROR - 加载策略文件失败 /home/hypnosis/data/git/quant_base/backend/strategies/value_reversal_final_strategy.py: No module named 'talib'
2025-08-25 11:43:01,068 - ERROR - 加载策略文件失败 /home/hypnosis/data/git/quant_base/backend/strategies/reversed_short_optimized_strategy.py: No module named 'talib'
2025-08-25 11:43:01,068 - ERROR - 加载策略文件失败 /home/hypnosis/data/git/quant_base/backend/strategies/reversed_short_optimized_strategy.py: No module named 'talib'
2025-08-25 11:43:01,068 - WARNING - 配置中的策略未找到对应实现: 价值反转策略（最终版）_v1.0
2025-08-25 11:43:01,068 - WARNING - 配置中的策略未找到对应实现: 反转做多策略（优化版）_v1.0
2025-08-25 11:43:01,068 - WARNING - 配置中的策略未找到对应实现: 价值反转策略（最终版）_v1.0
2025-08-25 11:43:01,068 - ERROR - 加载策略文件失败 /home/hypnosis/data/git/quant_base/backend/strategies/reversed_short_optimized_strategy.py: No module named 'talib'
2025-08-25 11:43:01,068 - WARNING - 配置中的策略未找到对应实现: 反转做多策略（优化版）_v1.0
2025-08-25 11:43:01,068 - ERROR - 加载策略文件失败 /home/hypnosis/data/git/quant_base/backend/strategies/value_reversal_final_strategy.py: No module named 'talib'
2025-08-25 11:43:01,068 - WARNING - 配置中的策略未找到对应实现: 价值反转策略（最终版）_v1.0
2025-08-25 11:43:01,068 - WARNING - 配置中的策略未找到对应实现: 反转做多策略（优化版）_v1.0
2025-08-25 11:43:01,069 - ERROR - 策略未注册: 价值反转策略（最终版）_v1.0
2025-08-25 11:43:01,069 - ERROR - 可用策略: ['强势股MA13回调策略_v1.0', 'STRONG_STOCK_MA13_PULLBACK_v1.0', '周线金叉+日线MA_v1.0', 'WEEKLY_GOLDEN_CROSS_MA_v1.0', '年度见底机会策略_v1.0', 'ANNUAL_BOTTOM_OPPORTUNITY_v1.0', 'MACD零轴启动_v1.0', 'MACD_ZERO_AXIS_v1.0', '长周期横盘突破策略_v1.0', 'LONG_TERM_CONSOLIDATION_BREAKOUT_v1.0', '深渊筑底策略_v2.0', 'ABYSS_BOTTOMING_v2.0', '临界金叉_v1.0', 'PRE_CROSS_v1.0', '三重金叉_v1.0', 'TRIPLE_CROSS_v1.0']
2025-08-25 11:43:01,069 - ERROR - 策略未注册: 反转做多策略（优化版）_v1.0
2025-08-25 11:43:01,069 - ERROR - 可用策略: ['强势股MA13回调策略_v1.0', 'STRONG_STOCK_MA13_PULLBACK_v1.0', '周线金叉+日线MA_v1.0', 'WEEKLY_GOLDEN_CROSS_MA_v1.0', '年度见底机会策略_v1.0', 'ANNUAL_BOTTOM_OPPORTUNITY_v1.0', 'MACD零轴启动_v1.0', 'MACD_ZERO_AXIS_v1.0', '长周期横盘突破策略_v1.0', 'LONG_TERM_CONSOLIDATION_BREAKOUT_v1.0', '深渊筑底策略_v2.0', 'ABYSS_BOTTOMING_v2.0', '临界金叉_v1.0', 'PRE_CROSS_v1.0', '三重金叉_v1.0', 'TRIPLE_CROSS_v1.0']
2025-08-25 11:43:01,069 - ERROR - 加载策略文件失败 /home/hypnosis/data/git/quant_base/backend/strategies/reversed_short_optimized_strategy.py: No module named 'talib'
2025-08-25 11:43:01,069 - WARNING - 配置中的策略未找到对应实现: 价值反转策略（最终版）_v1.0
2025-08-25 11:43:01,070 - WARNING - 配置中的策略未找到对应实现: 反转做多策略（优化版）_v1.0
2025-08-25 11:43:01,070 - ERROR - 策略未注册: 价值反转策略（最终版）_v1.0
2025-08-25 11:43:01,070 - ERROR - 可用策略: ['强势股MA13回调策略_v1.0', 'STRONG_STOCK_MA13_PULLBACK_v1.0', '周线金叉+日线MA_v1.0', 'WEEKLY_GOLDEN_CROSS_MA_v1.0', '年度见底机会策略_v1.0', 'ANNUAL_BOTTOM_OPPORTUNITY_v1.0', 'MACD零轴启动_v1.0', 'MACD_ZERO_AXIS_v1.0', '长周期横盘突破策略_v1.0', 'LONG_TERM_CONSOLIDATION_BREAKOUT_v1.0', '深渊筑底策略_v2.0', 'ABYSS_BOTTOMING_v2.0', '临界金叉_v1.0', 'PRE_CROSS_v1.0', '三重金叉_v1.0', 'TRIPLE_CROSS_v1.0']
2025-08-25 11:43:01,070 - ERROR - 策略未注册: 反转做多策略（优化版）_v1.0
2025-08-25 11:43:01,070 - ERROR - 可用策略: ['强势股MA13回调策略_v1.0', 'STRONG_STOCK_MA13_PULLBACK_v1.0', '周线金叉+日线MA_v1.0', 'WEEKLY_GOLDEN_CROSS_MA_v1.0', '年度见底机会策略_v1.0', 'ANNUAL_BOTTOM_OPPORTUNITY_v1.0', 'MACD零轴启动_v1.0', 'MACD_ZERO_AXIS_v1.0', '长周期横盘突破策略_v1.0', 'LONG_TERM_CONSOLIDATION_BREAKOUT_v1.0', '深渊筑底策略_v2.0', 'ABYSS_BOTTOMING_v2.0', '临界金叉_v1.0', 'PRE_CROSS_v1.0', '三重金叉_v1.0', 'TRIPLE_CROSS_v1.0']
2025-08-25 11:43:01,070 - ERROR - 策略未注册: 价值反转策略（最终版）_v1.0
2025-08-25 11:43:01,070 - ERROR - 可用策略: ['强势股MA13回调策略_v1.0', 'STRONG_STOCK_MA13_PULLBACK_v1.0', '周线金叉+日线MA_v1.0', 'WEEKLY_GOLDEN_CROSS_MA_v1.0', '年度见底机会策略_v1.0', 'ANNUAL_BOTTOM_OPPORTUNITY_v1.0', 'MACD零轴启动_v1.0', 'MACD_ZERO_AXIS_v1.0', '长周期横盘突破策略_v1.0', 'LONG_TERM_CONSOLIDATION_BREAKOUT_v1.0', '深渊筑底策略_v2.0', 'ABYSS_BOTTOMING_v2.0', '临界金叉_v1.0', 'PRE_CROSS_v1.0', '三重金叉_v1.0', 'TRIPLE_CROSS_v1.0']
2025-08-25 11:43:01,070 - ERROR - 策略未注册: 反转做多策略（优化版）_v1.0
2025-08-25 11:43:01,070 - ERROR - 策略未注册: 价值反转策略（最终版）_v1.0
2025-08-25 11:43:01,070 - ERROR - 可用策略: ['强势股MA13回调策略_v1.0', 'STRONG_STOCK_MA13_PULLBACK_v1.0', '周线金叉+日线MA_v1.0', 'WEEKLY_GOLDEN_CROSS_MA_v1.0', '年度见底机会策略_v1.0', 'ANNUAL_BOTTOM_OPPORTUNITY_v1.0', 'MACD零轴启动_v1.0', 'MACD_ZERO_AXIS_v1.0', '长周期横盘突破策略_v1.0', 'LONG_TERM_CONSOLIDATION_BREAKOUT_v1.0', '深渊筑底策略_v2.0', 'ABYSS_BOTTOMING_v2.0', '临界金叉_v1.0', 'PRE_CROSS_v1.0', '三重金叉_v1.0', 'TRIPLE_CROSS_v1.0']
2025-08-25 11:43:01,070 - ERROR - 可用策略: ['强势股MA13回调策略_v1.0', 'STRONG_STOCK_MA13_PULLBACK_v1.0', '周线金叉+日线MA_v1.0', 'WEEKLY_GOLDEN_CROSS_MA_v1.0', '年度见底机会策略_v1.0', 'ANNUAL_BOTTOM_OPPORTUNITY_v1.0', 'MACD零轴启动_v1.0', 'MACD_ZERO_AXIS_v1.0', '长周期横盘突破策略_v1.0', 'LONG_TERM_CONSOLIDATION_BREAKOUT_v1.0', '深渊筑底策略_v2.0', 'ABYSS_BOTTOMING_v2.0', '临界金叉_v1.0', 'PRE_CROSS_v1.0', '三重金叉_v1.0', 'TRIPLE_CROSS_v1.0']
2025-08-25 11:43:01,070 - ERROR - 策略未注册: 反转做多策略（优化版）_v1.0
2025-08-25 11:43:01,070 - ERROR - 可用策略: ['强势股MA13回调策略_v1.0', 'STRONG_STOCK_MA13_PULLBACK_v1.0', '周线金叉+日线MA_v1.0', 'WEEKLY_GOLDEN_CROSS_MA_v1.0', '年度见底机会策略_v1.0', 'ANNUAL_BOTTOM_OPPORTUNITY_v1.0', 'MACD零轴启动_v1.0', 'MACD_ZERO_AXIS_v1.0', '长周期横盘突破策略_v1.0', 'LONG_TERM_CONSOLIDATION_BREAKOUT_v1.0', '深渊筑底策略_v2.0', 'ABYSS_BOTTOMING_v2.0', '临界金叉_v1.0', 'PRE_CROSS_v1.0', '三重金叉_v1.0', 'TRIPLE_CROSS_v1.0']
2025-08-25 11:43:01,071 - ERROR - 策略未注册: 价值反转策略（最终版）_v1.0
2025-08-25 11:43:01,071 - ERROR - 可用策略: ['强势股MA13回调策略_v1.0', 'STRONG_STOCK_MA13_PULLBACK_v1.0', '周线金叉+日线MA_v1.0', 'WEEKLY_GOLDEN_CROSS_MA_v1.0', '年度见底机会策略_v1.0', 'ANNUAL_BOTTOM_OPPORTUNITY_v1.0', 'MACD零轴启动_v1.0', 'MACD_ZERO_AXIS_v1.0', '长周期横盘突破策略_v1.0', 'LONG_TERM_CONSOLIDATION_BREAKOUT_v1.0', '深渊筑底策略_v2.0', 'ABYSS_BOTTOMING_v2.0', '临界金叉_v1.0', 'PRE_CROSS_v1.0', '三重金叉_v1.0', 'TRIPLE_CROSS_v1.0']
2025-08-25 11:43:01,071 - ERROR - 策略未注册: 反转做多策略（优化版）_v1.0
2025-08-25 11:43:01,071 - ERROR - 策略未注册: 价值反转策略（最终版）_v1.0
2025-08-25 11:43:01,072 - ERROR - 可用策略: ['强势股MA13回调策略_v1.0', 'STRONG_STOCK_MA13_PULLBACK_v1.0', '周线金叉+日线MA_v1.0', 'WEEKLY_GOLDEN_CROSS_MA_v1.0', '年度见底机会策略_v1.0', 'ANNUAL_BOTTOM_OPPORTUNITY_v1.0', 'MACD零轴启动_v1.0', 'MACD_ZERO_AXIS_v1.0', '长周期横盘突破策略_v1.0', 'LONG_TERM_CONSOLIDATION_BREAKOUT_v1.0', '深渊筑底策略_v2.0', 'ABYSS_BOTTOMING_v2.0', '临界金叉_v1.0', 'PRE_CROSS_v1.0', '三重金叉_v1.0', 'TRIPLE_CROSS_v1.0']
2025-08-25 11:43:01,072 - ERROR - 可用策略: ['强势股MA13回调策略_v1.0', 'STRONG_STOCK_MA13_PULLBACK_v1.0', '周线金叉+日线MA_v1.0', 'WEEKLY_GOLDEN_CROSS_MA_v1.0', '年度见底机会策略_v1.0', 'ANNUAL_BOTTOM_OPPORTUNITY_v1.0', 'MACD零轴启动_v1.0', 'MACD_ZERO_AXIS_v1.0', '长周期横盘突破策略_v1.0', 'LONG_TERM_CONSOLIDATION_BREAKOUT_v1.0', '深渊筑底策略_v2.0', 'ABYSS_BOTTOMING_v2.0', '临界金叉_v1.0', 'PRE_CROSS_v1.0', '三重金叉_v1.0', 'TRIPLE_CROSS_v1.0']
2025-08-25 11:43:01,072 - ERROR - 策略未注册: 反转做多策略（优化版）_v1.0
2025-08-25 11:43:01,072 - ERROR - 可用策略: ['强势股MA13回调策略_v1.0', 'STRONG_STOCK_MA13_PULLBACK_v1.0', '周线金叉+日线MA_v1.0', 'WEEKLY_GOLDEN_CROSS_MA_v1.0', '年度见底机会策略_v1.0', 'ANNUAL_BOTTOM_OPPORTUNITY_v1.0', 'MACD零轴启动_v1.0', 'MACD_ZERO_AXIS_v1.0', '长周期横盘突破策略_v1.0', 'LONG_TERM_CONSOLIDATION_BREAKOUT_v1.0', '深渊筑底策略_v2.0', 'ABYSS_BOTTOMING_v2.0', '临界金叉_v1.0', 'PRE_CROSS_v1.0', '三重金叉_v1.0', 'TRIPLE_CROSS_v1.0']
2025-08-25 11:43:01,072 - ERROR - 加载策略文件失败 /home/hypnosis/data/git/quant_base/backend/strategies/value_reversal_final_strategy.py: No module named 'talib'
2025-08-25 11:43:01,073 - ERROR - 加载策略文件失败 /home/hypnosis/data/git/quant_base/backend/strategies/reversed_short_optimized_strategy.py: No module named 'talib'
2025-08-25 11:43:01,073 - WARNING - 配置中的策略未找到对应实现: 价值反转策略（最终版）_v1.0
2025-08-25 11:43:01,074 - WARNING - 配置中的策略未找到对应实现: 反转做多策略（优化版）_v1.0
2025-08-25 11:43:01,075 - ERROR - 加载策略文件失败 /home/hypnosis/data/git/quant_base/backend/strategies/value_reversal_final_strategy.py: No module named 'talib'
2025-08-25 11:43:01,076 - ERROR - 加载策略文件失败 /home/hypnosis/data/git/quant_base/backend/strategies/reversed_short_optimized_strategy.py: No module named 'talib'
2025-08-25 11:43:01,076 - WARNING - 配置中的策略未找到对应实现: 价值反转策略（最终版）_v1.0
2025-08-25 11:43:01,076 - WARNING - 配置中的策略未找到对应实现: 反转做多策略（优化版）_v1.0
2025-08-25 11:43:01,077 - ERROR - 加载策略文件失败 /home/hypnosis/data/git/quant_base/backend/strategies/value_reversal_final_strategy.py: No module named 'talib'
2025-08-25 11:43:01,078 - ERROR - 加载策略文件失败 /home/hypnosis/data/git/quant_base/backend/strategies/reversed_short_optimized_strategy.py: No module named 'talib'
2025-08-25 11:43:01,079 - WARNING - 配置中的策略未找到对应实现: 价值反转策略（最终版）_v1.0
2025-08-25 11:43:01,079 - WARNING - 配置中的策略未找到对应实现: 反转做多策略（优化版）_v1.0
2025-08-25 11:43:01,081 - ERROR - 策略未注册: 价值反转策略（最终版）_v1.0
2025-08-25 11:43:01,081 - ERROR - 可用策略: ['强势股MA13回调策略_v1.0', 'STRONG_STOCK_MA13_PULLBACK_v1.0', '周线金叉+日线MA_v1.0', 'WEEKLY_GOLDEN_CROSS_MA_v1.0', '年度见底机会策略_v1.0', 'ANNUAL_BOTTOM_OPPORTUNITY_v1.0', 'MACD零轴启动_v1.0', 'MACD_ZERO_AXIS_v1.0', '长周期横盘突破策略_v1.0', 'LONG_TERM_CONSOLIDATION_BREAKOUT_v1.0', '深渊筑底策略_v2.0', 'ABYSS_BOTTOMING_v2.0', '临界金叉_v1.0', 'PRE_CROSS_v1.0', '三重金叉_v1.0', 'TRIPLE_CROSS_v1.0']
2025-08-25 11:43:01,081 - ERROR - 策略未注册: 反转做多策略（优化版）_v1.0
2025-08-25 11:43:01,081 - ERROR - 可用策略: ['强势股MA13回调策略_v1.0', 'STRONG_STOCK_MA13_PULLBACK_v1.0', '周线金叉+日线MA_v1.0', 'WEEKLY_GOLDEN_CROSS_MA_v1.0', '年度见底机会策略_v1.0', 'ANNUAL_BOTTOM_OPPORTUNITY_v1.0', 'MACD零轴启动_v1.0', 'MACD_ZERO_AXIS_v1.0', '长周期横盘突破策略_v1.0', 'LONG_TERM_CONSOLIDATION_BREAKOUT_v1.0', '深渊筑底策略_v2.0', 'ABYSS_BOTTOMING_v2.0', '临界金叉_v1.0', 'PRE_CROSS_v1.0', '三重金叉_v1.0', 'TRIPLE_CROSS_v1.0']
2025-08-25 11:43:01,081 - ERROR - 策略未注册: 价值反转策略（最终版）_v1.0
2025-08-25 11:43:01,081 - ERROR - 可用策略: ['强势股MA13回调策略_v1.0', 'STRONG_STOCK_MA13_PULLBACK_v1.0', '周线金叉+日线MA_v1.0', 'WEEKLY_GOLDEN_CROSS_MA_v1.0', '年度见底机会策略_v1.0', 'ANNUAL_BOTTOM_OPPORTUNITY_v1.0', 'MACD零轴启动_v1.0', 'MACD_ZERO_AXIS_v1.0', '长周期横盘突破策略_v1.0', 'LONG_TERM_CONSOLIDATION_BREAKOUT_v1.0', '深渊筑底策略_v2.0', 'ABYSS_BOTTOMING_v2.0', '临界金叉_v1.0', 'PRE_CROSS_v1.0', '三重金叉_v1.0', 'TRIPLE_CROSS_v1.0']
2025-08-25 11:43:01,081 - ERROR - 策略未注册: 反转做多策略（优化版）_v1.0
2025-08-25 11:43:01,081 - ERROR - 可用策略: ['强势股MA13回调策略_v1.0', 'STRONG_STOCK_MA13_PULLBACK_v1.0', '周线金叉+日线MA_v1.0', 'WEEKLY_GOLDEN_CROSS_MA_v1.0', '年度见底机会策略_v1.0', 'ANNUAL_BOTTOM_OPPORTUNITY_v1.0', 'MACD零轴启动_v1.0', 'MACD_ZERO_AXIS_v1.0', '长周期横盘突破策略_v1.0', 'LONG_TERM_CONSOLIDATION_BREAKOUT_v1.0', '深渊筑底策略_v2.0', 'ABYSS_BOTTOMING_v2.0', '临界金叉_v1.0', 'PRE_CROSS_v1.0', '三重金叉_v1.0', 'TRIPLE_CROSS_v1.0']
2025-08-25 11:43:01,082 - ERROR - 策略未注册: 价值反转策略（最终版）_v1.0
2025-08-25 11:43:01,082 - ERROR - 加载策略文件失败 /home/hypnosis/data/git/quant_base/backend/strategies/value_reversal_final_strategy.py: No module named 'talib'
2025-08-25 11:43:01,082 - ERROR - 加载策略文件失败 /home/hypnosis/data/git/quant_base/backend/strategies/value_reversal_final_strategy.py: No module named 'talib'
2025-08-25 11:43:01,082 - ERROR - 可用策略: ['强势股MA13回调策略_v1.0', 'STRONG_STOCK_MA13_PULLBACK_v1.0', '周线金叉+日线MA_v1.0', 'WEEKLY_GOLDEN_CROSS_MA_v1.0', '年度见底机会策略_v1.0', 'ANNUAL_BOTTOM_OPPORTUNITY_v1.0', 'MACD零轴启动_v1.0', 'MACD_ZERO_AXIS_v1.0', '长周期横盘突破策略_v1.0', 'LONG_TERM_CONSOLIDATION_BREAKOUT_v1.0', '深渊筑底策略_v2.0', 'ABYSS_BOTTOMING_v2.0', '临界金叉_v1.0', 'PRE_CROSS_v1.0', '三重金叉_v1.0', 'TRIPLE_CROSS_v1.0']
2025-08-25 11:43:01,082 - ERROR - 策略未注册: 反转做多策略（优化版）_v1.0
2025-08-25 11:43:01,082 - ERROR - 可用策略: ['强势股MA13回调策略_v1.0', 'STRONG_STOCK_MA13_PULLBACK_v1.0', '周线金叉+日线MA_v1.0', 'WEEKLY_GOLDEN_CROSS_MA_v1.0', '年度见底机会策略_v1.0', 'ANNUAL_BOTTOM_OPPORTUNITY_v1.0', 'MACD零轴启动_v1.0', 'MACD_ZERO_AXIS_v1.0', '长周期横盘突破策略_v1.0', 'LONG_TERM_CONSOLIDATION_BREAKOUT_v1.0', '深渊筑底策略_v2.0', 'ABYSS_BOTTOMING_v2.0', '临界金叉_v1.0', 'PRE_CROSS_v1.0', '三重金叉_v1.0', 'TRIPLE_CROSS_v1.0']
2025-08-25 11:43:01,083 - ERROR - 策略未注册: 价值反转策略（最终版）_v1.0
2025-08-25 11:43:01,083 - ERROR - 可用策略: ['强势股MA13回调策略_v1.0', 'STRONG_STOCK_MA13_PULLBACK_v1.0', '周线金叉+日线MA_v1.0', 'WEEKLY_GOLDEN_CROSS_MA_v1.0', '年度见底机会策略_v1.0', 'ANNUAL_BOTTOM_OPPORTUNITY_v1.0', 'MACD零轴启动_v1.0', 'MACD_ZERO_AXIS_v1.0', '长周期横盘突破策略_v1.0', 'LONG_TERM_CONSOLIDATION_BREAKOUT_v1.0', '深渊筑底策略_v2.0', 'ABYSS_BOTTOMING_v2.0', '临界金叉_v1.0', 'PRE_CROSS_v1.0', '三重金叉_v1.0', 'TRIPLE_CROSS_v1.0']
2025-08-25 11:43:01,083 - ERROR - 策略未注册: 反转做多策略（优化版）_v1.0
2025-08-25 11:43:01,083 - ERROR - 策略未注册: 价值反转策略（最终版）_v1.0
2025-08-25 11:43:01,083 - ERROR - 可用策略: ['强势股MA13回调策略_v1.0', 'STRONG_STOCK_MA13_PULLBACK_v1.0', '周线金叉+日线MA_v1.0', 'WEEKLY_GOLDEN_CROSS_MA_v1.0', '年度见底机会策略_v1.0', 'ANNUAL_BOTTOM_OPPORTUNITY_v1.0', 'MACD零轴启动_v1.0', 'MACD_ZERO_AXIS_v1.0', '长周期横盘突破策略_v1.0', 'LONG_TERM_CONSOLIDATION_BREAKOUT_v1.0', '深渊筑底策略_v2.0', 'ABYSS_BOTTOMING_v2.0', '临界金叉_v1.0', 'PRE_CROSS_v1.0', '三重金叉_v1.0', 'TRIPLE_CROSS_v1.0']
2025-08-25 11:43:01,083 - ERROR - 可用策略: ['强势股MA13回调策略_v1.0', 'STRONG_STOCK_MA13_PULLBACK_v1.0', '周线金叉+日线MA_v1.0', 'WEEKLY_GOLDEN_CROSS_MA_v1.0', '年度见底机会策略_v1.0', 'ANNUAL_BOTTOM_OPPORTUNITY_v1.0', 'MACD零轴启动_v1.0', 'MACD_ZERO_AXIS_v1.0', '长周期横盘突破策略_v1.0', 'LONG_TERM_CONSOLIDATION_BREAKOUT_v1.0', '深渊筑底策略_v2.0', 'ABYSS_BOTTOMING_v2.0', '临界金叉_v1.0', 'PRE_CROSS_v1.0', '三重金叉_v1.0', 'TRIPLE_CROSS_v1.0']
2025-08-25 11:43:01,083 - ERROR - 策略未注册: 反转做多策略（优化版）_v1.0
2025-08-25 11:43:01,083 - ERROR - 可用策略: ['强势股MA13回调策略_v1.0', 'STRONG_STOCK_MA13_PULLBACK_v1.0', '周线金叉+日线MA_v1.0', 'WEEKLY_GOLDEN_CROSS_MA_v1.0', '年度见底机会策略_v1.0', 'ANNUAL_BOTTOM_OPPORTUNITY_v1.0', 'MACD零轴启动_v1.0', 'MACD_ZERO_AXIS_v1.0', '长周期横盘突破策略_v1.0', 'LONG_TERM_CONSOLIDATION_BREAKOUT_v1.0', '深渊筑底策略_v2.0', 'ABYSS_BOTTOMING_v2.0', '临界金叉_v1.0', 'PRE_CROSS_v1.0', '三重金叉_v1.0', 'TRIPLE_CROSS_v1.0']
2025-08-25 11:43:01,083 - ERROR - 加载策略文件失败 /home/hypnosis/data/git/quant_base/backend/strategies/reversed_short_optimized_strategy.py: No module named 'talib'
2025-08-25 11:43:01,083 - ERROR - 加载策略文件失败 /home/hypnosis/data/git/quant_base/backend/strategies/reversed_short_optimized_strategy.py: No module named 'talib'
2025-08-25 11:43:01,084 - WARNING - 配置中的策略未找到对应实现: 价值反转策略（最终版）_v1.0
2025-08-25 11:43:01,084 - WARNING - 配置中的策略未找到对应实现: 价值反转策略（最终版）_v1.0
2025-08-25 11:43:01,084 - WARNING - 配置中的策略未找到对应实现: 反转做多策略（优化版）_v1.0
2025-08-25 11:43:01,084 - WARNING - 配置中的策略未找到对应实现: 反转做多策略（优化版）_v1.0
2025-08-25 11:43:01,085 - ERROR - 策略未注册: 价值反转策略（最终版）_v1.0
2025-08-25 11:43:01,085 - ERROR - 可用策略: ['强势股MA13回调策略_v1.0', 'STRONG_STOCK_MA13_PULLBACK_v1.0', '周线金叉+日线MA_v1.0', 'WEEKLY_GOLDEN_CROSS_MA_v1.0', '年度见底机会策略_v1.0', 'ANNUAL_BOTTOM_OPPORTUNITY_v1.0', 'MACD零轴启动_v1.0', 'MACD_ZERO_AXIS_v1.0', '长周期横盘突破策略_v1.0', 'LONG_TERM_CONSOLIDATION_BREAKOUT_v1.0', '深渊筑底策略_v2.0', 'ABYSS_BOTTOMING_v2.0', '临界金叉_v1.0', 'PRE_CROSS_v1.0', '三重金叉_v1.0', 'TRIPLE_CROSS_v1.0']
2025-08-25 11:43:01,085 - ERROR - 策略未注册: 反转做多策略（优化版）_v1.0
2025-08-25 11:43:01,085 - ERROR - 可用策略: ['强势股MA13回调策略_v1.0', 'STRONG_STOCK_MA13_PULLBACK_v1.0', '周线金叉+日线MA_v1.0', 'WEEKLY_GOLDEN_CROSS_MA_v1.0', '年度见底机会策略_v1.0', 'ANNUAL_BOTTOM_OPPORTUNITY_v1.0', 'MACD零轴启动_v1.0', 'MACD_ZERO_AXIS_v1.0', '长周期横盘突破策略_v1.0', 'LONG_TERM_CONSOLIDATION_BREAKOUT_v1.0', '深渊筑底策略_v2.0', 'ABYSS_BOTTOMING_v2.0', '临界金叉_v1.0', 'PRE_CROSS_v1.0', '三重金叉_v1.0', 'TRIPLE_CROSS_v1.0']
2025-08-25 11:43:01,086 - ERROR - 加载策略文件失败 /home/hypnosis/data/git/quant_base/backend/strategies/value_reversal_final_strategy.py: No module named 'talib'
2025-08-25 11:43:01,086 - ERROR - 策略未注册: 价值反转策略（最终版）_v1.0
2025-08-25 11:43:01,086 - ERROR - 可用策略: ['强势股MA13回调策略_v1.0', 'STRONG_STOCK_MA13_PULLBACK_v1.0', '周线金叉+日线MA_v1.0', 'WEEKLY_GOLDEN_CROSS_MA_v1.0', '年度见底机会策略_v1.0', 'ANNUAL_BOTTOM_OPPORTUNITY_v1.0', 'MACD零轴启动_v1.0', 'MACD_ZERO_AXIS_v1.0', '长周期横盘突破策略_v1.0', 'LONG_TERM_CONSOLIDATION_BREAKOUT_v1.0', '深渊筑底策略_v2.0', 'ABYSS_BOTTOMING_v2.0', '临界金叉_v1.0', 'PRE_CROSS_v1.0', '三重金叉_v1.0', 'TRIPLE_CROSS_v1.0']
2025-08-25 11:43:01,086 - ERROR - 策略未注册: 反转做多策略（优化版）_v1.0
2025-08-25 11:43:01,086 - ERROR - 可用策略: ['强势股MA13回调策略_v1.0', 'STRONG_STOCK_MA13_PULLBACK_v1.0', '周线金叉+日线MA_v1.0', 'WEEKLY_GOLDEN_CROSS_MA_v1.0', '年度见底机会策略_v1.0', 'ANNUAL_BOTTOM_OPPORTUNITY_v1.0', 'MACD零轴启动_v1.0', 'MACD_ZERO_AXIS_v1.0', '长周期横盘突破策略_v1.0', 'LONG_TERM_CONSOLIDATION_BREAKOUT_v1.0', '深渊筑底策略_v2.0', 'ABYSS_BOTTOMING_v2.0', '临界金叉_v1.0', 'PRE_CROSS_v1.0', '三重金叉_v1.0', 'TRIPLE_CROSS_v1.0']
2025-08-25 11:43:01,086 - ERROR - 策略未注册: 价值反转策略（最终版）_v1.0
2025-08-25 11:43:01,086 - ERROR - 可用策略: ['强势股MA13回调策略_v1.0', 'STRONG_STOCK_MA13_PULLBACK_v1.0', '周线金叉+日线MA_v1.0', 'WEEKLY_GOLDEN_CROSS_MA_v1.0', '年度见底机会策略_v1.0', 'ANNUAL_BOTTOM_OPPORTUNITY_v1.0', 'MACD零轴启动_v1.0', 'MACD_ZERO_AXIS_v1.0', '长周期横盘突破策略_v1.0', 'LONG_TERM_CONSOLIDATION_BREAKOUT_v1.0', '深渊筑底策略_v2.0', 'ABYSS_BOTTOMING_v2.0', '临界金叉_v1.0', 'PRE_CROSS_v1.0', '三重金叉_v1.0', 'TRIPLE_CROSS_v1.0']
2025-08-25 11:43:01,086 - ERROR - 策略未注册: 反转做多策略（优化版）_v1.0
2025-08-25 11:43:01,087 - ERROR - 可用策略: ['强势股MA13回调策略_v1.0', 'STRONG_STOCK_MA13_PULLBACK_v1.0', '周线金叉+日线MA_v1.0', 'WEEKLY_GOLDEN_CROSS_MA_v1.0', '年度见底机会策略_v1.0', 'ANNUAL_BOTTOM_OPPORTUNITY_v1.0', 'MACD零轴启动_v1.0', 'MACD_ZERO_AXIS_v1.0', '长周期横盘突破策略_v1.0', 'LONG_TERM_CONSOLIDATION_BREAKOUT_v1.0', '深渊筑底策略_v2.0', 'ABYSS_BOTTOMING_v2.0', '临界金叉_v1.0', 'PRE_CROSS_v1.0', '三重金叉_v1.0', 'TRIPLE_CROSS_v1.0']
2025-08-25 11:43:01,087 - ERROR - 加载策略文件失败 /home/hypnosis/data/git/quant_base/backend/strategies/reversed_short_optimized_strategy.py: No module named 'talib'
2025-08-25 11:43:01,088 - WARNING - 配置中的策略未找到对应实现: 价值反转策略（最终版）_v1.0
2025-08-25 11:43:01,088 - WARNING - 配置中的策略未找到对应实现: 反转做多策略（优化版）_v1.0
2025-08-25 11:43:01,088 - ERROR - 加载策略文件失败 /home/hypnosis/data/git/quant_base/backend/strategies/value_reversal_final_strategy.py: No module named 'talib'
2025-08-25 11:43:01,088 - ERROR - 加载策略文件失败 /home/hypnosis/data/git/quant_base/backend/strategies/value_reversal_final_strategy.py: No module named 'talib'
2025-08-25 11:43:01,088 - ERROR - 加载策略文件失败 /home/hypnosis/data/git/quant_base/backend/strategies/value_reversal_final_strategy.py: No module named 'talib'
2025-08-25 11:43:01,089 - ERROR - 策略未注册: 价值反转策略（最终版）_v1.0
2025-08-25 11:43:01,089 - ERROR - 可用策略: ['强势股MA13回调策略_v1.0', 'STRONG_STOCK_MA13_PULLBACK_v1.0', '周线金叉+日线MA_v1.0', 'WEEKLY_GOLDEN_CROSS_MA_v1.0', '年度见底机会策略_v1.0', 'ANNUAL_BOTTOM_OPPORTUNITY_v1.0', 'MACD零轴启动_v1.0', 'MACD_ZERO_AXIS_v1.0', '长周期横盘突破策略_v1.0', 'LONG_TERM_CONSOLIDATION_BREAKOUT_v1.0', '深渊筑底策略_v2.0', 'ABYSS_BOTTOMING_v2.0', '临界金叉_v1.0', 'PRE_CROSS_v1.0', '三重金叉_v1.0', 'TRIPLE_CROSS_v1.0']
2025-08-25 11:43:01,089 - ERROR - 策略未注册: 反转做多策略（优化版）_v1.0
2025-08-25 11:43:01,089 - ERROR - 可用策略: ['强势股MA13回调策略_v1.0', 'STRONG_STOCK_MA13_PULLBACK_v1.0', '周线金叉+日线MA_v1.0', 'WEEKLY_GOLDEN_CROSS_MA_v1.0', '年度见底机会策略_v1.0', 'ANNUAL_BOTTOM_OPPORTUNITY_v1.0', 'MACD零轴启动_v1.0', 'MACD_ZERO_AXIS_v1.0', '长周期横盘突破策略_v1.0', 'LONG_TERM_CONSOLIDATION_BREAKOUT_v1.0', '深渊筑底策略_v2.0', 'ABYSS_BOTTOMING_v2.0', '临界金叉_v1.0', 'PRE_CROSS_v1.0', '三重金叉_v1.0', 'TRIPLE_CROSS_v1.0']
2025-08-25 11:43:01,089 - ERROR - 加载策略文件失败 /home/hypnosis/data/git/quant_base/backend/strategies/reversed_short_optimized_strategy.py: No module named 'talib'
2025-08-25 11:43:01,089 - ERROR - 加载策略文件失败 /home/hypnosis/data/git/quant_base/backend/strategies/value_reversal_final_strategy.py: No module named 'talib'
2025-08-25 11:43:01,089 - ERROR - 加载策略文件失败 /home/hypnosis/data/git/quant_base/backend/strategies/reversed_short_optimized_strategy.py: No module named 'talib'
2025-08-25 11:43:01,089 - WARNING - 配置中的策略未找到对应实现: 价值反转策略（最终版）_v1.0
2025-08-25 11:43:01,089 - ERROR - 加载策略文件失败 /home/hypnosis/data/git/quant_base/backend/strategies/reversed_short_optimized_strategy.py: No module named 'talib'
2025-08-25 11:43:01,089 - WARNING - 配置中的策略未找到对应实现: 反转做多策略（优化版）_v1.0
2025-08-25 11:43:01,089 - WARNING - 配置中的策略未找到对应实现: 价值反转策略（最终版）_v1.0
2025-08-25 11:43:01,089 - WARNING - 配置中的策略未找到对应实现: 反转做多策略（优化版）_v1.0
2025-08-25 11:43:01,089 - WARNING - 配置中的策略未找到对应实现: 价值反转策略（最终版）_v1.0
2025-08-25 11:43:01,090 - WARNING - 配置中的策略未找到对应实现: 反转做多策略（优化版）_v1.0
2025-08-25 11:43:01,090 - ERROR - 加载策略文件失败 /home/hypnosis/data/git/quant_base/backend/strategies/value_reversal_final_strategy.py: No module named 'talib'
2025-08-25 11:43:01,090 - ERROR - 加载策略文件失败 /home/hypnosis/data/git/quant_base/backend/strategies/value_reversal_final_strategy.py: No module named 'talib'
2025-08-25 11:43:01,090 - ERROR - 加载策略文件失败 /home/hypnosis/data/git/quant_base/backend/strategies/value_reversal_final_strategy.py: No module named 'talib'
2025-08-25 11:43:01,090 - ERROR - 加载策略文件失败 /home/hypnosis/data/git/quant_base/backend/strategies/reversed_short_optimized_strategy.py: No module named 'talib'
2025-08-25 11:43:01,090 - WARNING - 配置中的策略未找到对应实现: 价值反转策略（最终版）_v1.0
2025-08-25 11:43:01,091 - WARNING - 配置中的策略未找到对应实现: 反转做多策略（优化版）_v1.0
2025-08-25 11:43:01,091 - ERROR - 加载策略文件失败 /home/hypnosis/data/git/quant_base/backend/strategies/reversed_short_optimized_strategy.py: No module named 'talib'
2025-08-25 11:43:01,091 - ERROR - 加载策略文件失败 /home/hypnosis/data/git/quant_base/backend/strategies/reversed_short_optimized_strategy.py: No module named 'talib'
2025-08-25 11:43:01,091 - ERROR - 加载策略文件失败 /home/hypnosis/data/git/quant_base/backend/strategies/reversed_short_optimized_strategy.py: No module named 'talib'
2025-08-25 11:43:01,091 - WARNING - 配置中的策略未找到对应实现: 价值反转策略（最终版）_v1.0
2025-08-25 11:43:01,091 - WARNING - 配置中的策略未找到对应实现: 价值反转策略（最终版）_v1.0
2025-08-25 11:43:01,091 - WARNING - 配置中的策略未找到对应实现: 价值反转策略（最终版）_v1.0
2025-08-25 11:43:01,091 - WARNING - 配置中的策略未找到对应实现: 反转做多策略（优化版）_v1.0
2025-08-25 11:43:01,091 - WARNING - 配置中的策略未找到对应实现: 反转做多策略（优化版）_v1.0
2025-08-25 11:43:01,091 - WARNING - 配置中的策略未找到对应实现: 反转做多策略（优化版）_v1.0
2025-08-25 11:43:01,093 - ERROR - 加载策略文件失败 /home/hypnosis/data/git/quant_base/backend/strategies/value_reversal_final_strategy.py: No module named 'talib'
2025-08-25 11:43:01,093 - ERROR - 策略未注册: 价值反转策略（最终版）_v1.0
2025-08-25 11:43:01,093 - ERROR - 可用策略: ['强势股MA13回调策略_v1.0', 'STRONG_STOCK_MA13_PULLBACK_v1.0', '周线金叉+日线MA_v1.0', 'WEEKLY_GOLDEN_CROSS_MA_v1.0', '年度见底机会策略_v1.0', 'ANNUAL_BOTTOM_OPPORTUNITY_v1.0', 'MACD零轴启动_v1.0', 'MACD_ZERO_AXIS_v1.0', '长周期横盘突破策略_v1.0', 'LONG_TERM_CONSOLIDATION_BREAKOUT_v1.0', '深渊筑底策略_v2.0', 'ABYSS_BOTTOMING_v2.0', '临界金叉_v1.0', 'PRE_CROSS_v1.0', '三重金叉_v1.0', 'TRIPLE_CROSS_v1.0']
2025-08-25 11:43:01,093 - ERROR - 策略未注册: 反转做多策略（优化版）_v1.0
2025-08-25 11:43:01,093 - ERROR - 可用策略: ['强势股MA13回调策略_v1.0', 'STRONG_STOCK_MA13_PULLBACK_v1.0', '周线金叉+日线MA_v1.0', 'WEEKLY_GOLDEN_CROSS_MA_v1.0', '年度见底机会策略_v1.0', 'ANNUAL_BOTTOM_OPPORTUNITY_v1.0', 'MACD零轴启动_v1.0', 'MACD_ZERO_AXIS_v1.0', '长周期横盘突破策略_v1.0', 'LONG_TERM_CONSOLIDATION_BREAKOUT_v1.0', '深渊筑底策略_v2.0', 'ABYSS_BOTTOMING_v2.0', '临界金叉_v1.0', 'PRE_CROSS_v1.0', '三重金叉_v1.0', 'TRIPLE_CROSS_v1.0']
2025-08-25 11:43:01,093 - ERROR - 加载策略文件失败 /home/hypnosis/data/git/quant_base/backend/strategies/value_reversal_final_strategy.py: No module named 'talib'
2025-08-25 11:43:01,093 - ERROR - 加载策略文件失败 /home/hypnosis/data/git/quant_base/backend/strategies/value_reversal_final_strategy.py: No module named 'talib'
2025-08-25 11:43:01,094 - ERROR - 加载策略文件失败 /home/hypnosis/data/git/quant_base/backend/strategies/reversed_short_optimized_strategy.py: No module named 'talib'
2025-08-25 11:43:01,094 - ERROR - 加载策略文件失败 /home/hypnosis/data/git/quant_base/backend/strategies/reversed_short_optimized_strategy.py: No module named 'talib'
2025-08-25 11:43:01,094 - WARNING - 配置中的策略未找到对应实现: 价值反转策略（最终版）_v1.0
2025-08-25 11:43:01,094 - WARNING - 配置中的策略未找到对应实现: 反转做多策略（优化版）_v1.0
2025-08-25 11:43:01,094 - ERROR - 加载策略文件失败 /home/hypnosis/data/git/quant_base/backend/strategies/reversed_short_optimized_strategy.py: No module named 'talib'
2025-08-25 11:43:01,094 - WARNING - 配置中的策略未找到对应实现: 价值反转策略（最终版）_v1.0
2025-08-25 11:43:01,095 - WARNING - 配置中的策略未找到对应实现: 反转做多策略（优化版）_v1.0
2025-08-25 11:43:01,095 - WARNING - 配置中的策略未找到对应实现: 价值反转策略（最终版）_v1.0
2025-08-25 11:43:01,095 - WARNING - 配置中的策略未找到对应实现: 反转做多策略（优化版）_v1.0
2025-08-25 11:43:29,002 - INFO - 加载配置文件: /home/hypnosis/data/git/quant_base/backend/strategies_config.json
2025-08-25 11:43:29,011 - INFO - 配置加载成功: 10 个策略
2025-08-25 11:43:29,011 - INFO - 配置管理器初始化完成，配置文件: /home/hypnosis/data/git/quant_base/config/unified_strategy_config.json
2025-08-25 11:43:29,012 - ERROR - 配置缺少必要参数: macd
2025-08-25 11:43:29,013 - ERROR - 配置缺少必要参数: macd
2025-08-25 11:43:29,013 - ERROR - 配置缺少必要参数: macd
2025-08-25 11:43:29,013 - ERROR - 配置缺少必要参数: macd
2025-08-25 11:43:29,013 - INFO - 通用筛选器初始化完成
2025-08-25 11:43:29,014 - ERROR - 配置缺少必要参数: macd
2025-08-25 11:43:29,014 - ERROR - 获取策略信息失败 价值反转策略（最终版）_v1.0: 'divergence'
2025-08-25 11:43:29,014 - ERROR - 配置缺少必要参数: macd
2025-08-25 11:43:29,014 - ERROR - 获取策略信息失败 反转做多策略（优化版）_v1.0: 'divergence'
2025-08-25 11:43:29,014 - INFO - ===== 开始执行通用股票筛选 =====
2025-08-25 11:43:29,022 - INFO - 共找到 11848 个股票文件
2025-08-25 11:43:29,022 - INFO - 启用的策略: ['深渊筑底策略_v2.0', '临界金叉_v1.0', '三重金叉_v1.0', 'MACD零轴启动_v1.0', '周线金叉+日线MA_v1.0', '价值反转策略（最终版）_v1.0', '反转做多策略（优化版）_v1.0', '年度见底机会策略_v1.0', '强势股MA13回调策略_v1.0', '长周期横盘突破策略_v1.0']
2025-08-25 11:43:29,065 - ERROR - 配置缺少必要参数: macd
2025-08-25 11:43:29,066 - ERROR - 配置缺少必要参数: macd
2025-08-25 11:43:29,066 - ERROR - 配置缺少必要参数: macd
2025-08-25 11:43:29,066 - ERROR - 配置缺少必要参数: macd
2025-08-25 11:43:29,067 - ERROR - 配置缺少必要参数: macd
2025-08-25 11:43:29,067 - ERROR - 配置缺少必要参数: macd
2025-08-25 11:43:29,069 - ERROR - 配置缺少必要参数: macd
2025-08-25 11:43:29,069 - ERROR - 配置缺少必要参数: macd
2025-08-25 11:43:29,069 - ERROR - 配置缺少必要参数: macd
2025-08-25 11:43:29,069 - ERROR - 配置缺少必要参数: macd
2025-08-25 11:43:29,069 - ERROR - 配置缺少必要参数: macd
2025-08-25 11:43:29,070 - ERROR - 配置缺少必要参数: macd
2025-08-25 11:43:29,070 - ERROR - 配置缺少必要参数: macd
2025-08-25 11:43:29,070 - ERROR - 配置缺少必要参数: macd
2025-08-25 11:43:29,070 - ERROR - 配置缺少必要参数: macd
2025-08-25 11:43:29,070 - ERROR - 配置缺少必要参数: macd
2025-08-25 11:43:29,070 - ERROR - 配置缺少必要参数: macd
2025-08-25 11:43:29,070 - ERROR - 配置缺少必要参数: macd
2025-08-25 11:43:29,071 - ERROR - 配置缺少必要参数: macd
2025-08-25 11:43:29,071 - ERROR - 配置缺少必要参数: macd
2025-08-25 11:43:29,071 - ERROR - 配置缺少必要参数: macd
2025-08-25 11:43:29,071 - ERROR - 配置缺少必要参数: macd
2025-08-25 11:43:29,071 - ERROR - 配置缺少必要参数: macd
2025-08-25 11:43:29,071 - ERROR - 配置缺少必要参数: macd
2025-08-25 11:43:29,071 - ERROR - 配置缺少必要参数: macd
2025-08-25 11:43:29,071 - ERROR - 配置缺少必要参数: macd
2025-08-25 11:43:29,072 - ERROR - 配置缺少必要参数: macd
2025-08-25 11:43:29,072 - ERROR - 配置缺少必要参数: macd
2025-08-25 11:43:29,072 - ERROR - 配置缺少必要参数: macd
2025-08-25 11:43:29,072 - ERROR - 配置缺少必要参数: macd
2025-08-25 11:43:29,072 - ERROR - 配置缺少必要参数: macd
2025-08-25 11:43:29,072 - ERROR - 配置缺少必要参数: macd
2025-08-25 11:43:29,072 - ERROR - 配置缺少必要参数: macd
2025-08-25 11:43:29,073 - ERROR - 配置缺少必要参数: macd
2025-08-25 11:43:29,073 - ERROR - 配置缺少必要参数: macd
2025-08-25 11:43:29,073 - ERROR - 配置缺少必要参数: macd
2025-08-25 11:43:29,073 - ERROR - 配置缺少必要参数: macd
2025-08-25 11:43:29,074 - ERROR - 配置缺少必要参数: macd
2025-08-25 11:43:29,074 - ERROR - 配置缺少必要参数: macd
2025-08-25 11:43:29,075 - ERROR - 配置缺少必要参数: macd
2025-08-25 11:43:29,075 - ERROR - 配置缺少必要参数: macd
2025-08-25 11:43:29,075 - ERROR - 配置缺少必要参数: macd
2025-08-25 11:43:29,076 - ERROR - 配置缺少必要参数: macd
2025-08-25 11:43:29,076 - ERROR - 配置缺少必要参数: macd
2025-08-25 11:43:29,076 - ERROR - 配置缺少必要参数: macd
2025-08-25 11:43:29,076 - ERROR - 配置缺少必要参数: macd
2025-08-25 11:43:29,076 - ERROR - 配置缺少必要参数: macd
2025-08-25 11:43:29,077 - ERROR - 配置缺少必要参数: macd
2025-08-25 11:43:29,080 - ERROR - 配置缺少必要参数: macd
2025-08-25 11:43:29,081 - ERROR - 配置缺少必要参数: macd
2025-08-25 11:43:29,084 - ERROR - 配置缺少必要参数: macd
2025-08-25 11:43:29,085 - ERROR - 配置缺少必要参数: macd
2025-08-25 11:43:29,087 - ERROR - 配置缺少必要参数: macd
2025-08-25 11:43:29,088 - ERROR - 配置缺少必要参数: macd
2025-08-25 11:43:29,088 - ERROR - 配置缺少必要参数: macd
2025-08-25 11:43:29,088 - ERROR - 配置缺少必要参数: macd
2025-08-25 11:43:29,089 - ERROR - 配置缺少必要参数: macd
2025-08-25 11:43:29,089 - ERROR - 配置缺少必要参数: macd
2025-08-25 11:43:29,089 - ERROR - 配置缺少必要参数: macd
2025-08-25 11:43:29,090 - ERROR - 配置缺少必要参数: macd
2025-08-25 11:43:29,103 - ERROR - 配置缺少必要参数: macd
2025-08-25 11:43:29,104 - ERROR - 配置缺少必要参数: macd
2025-08-25 11:43:29,105 - ERROR - 配置缺少必要参数: macd
2025-08-25 11:43:29,106 - ERROR - 配置缺少必要参数: macd
2025-08-25 11:43:29,110 - ERROR - 配置缺少必要参数: macd
2025-08-25 11:43:29,110 - ERROR - 配置缺少必要参数: macd
2025-08-25 11:43:29,120 - ERROR - 配置缺少必要参数: macd
2025-08-25 11:43:29,121 - ERROR - 配置缺少必要参数: macd
2025-08-25 11:43:29,123 - ERROR - 配置缺少必要参数: macd
2025-08-25 11:43:29,123 - ERROR - 配置缺少必要参数: macd
2025-08-25 11:43:29,124 - ERROR - 配置缺少必要参数: macd
2025-08-25 11:43:29,124 - ERROR - 配置缺少必要参数: macd
2025-08-25 11:43:29,124 - ERROR - 配置缺少必要参数: macd
2025-08-25 11:43:29,124 - ERROR - 配置缺少必要参数: macd
2025-08-25 11:43:29,124 - ERROR - 配置缺少必要参数: macd
2025-08-25 11:43:29,125 - ERROR - 配置缺少必要参数: macd
2025-08-25 11:43:29,125 - ERROR - 配置缺少必要参数: macd
2025-08-25 11:43:29,125 - ERROR - 配置缺少必要参数: macd
2025-08-25 11:43:29,126 - ERROR - 配置缺少必要参数: macd
2025-08-25 11:43:29,127 - ERROR - 配置缺少必要参数: macd
2025-08-25 11:43:29,128 - ERROR - 配置缺少必要参数: macd
2025-08-25 11:43:29,128 - ERROR - 配置缺少必要参数: macd
2025-08-25 11:43:29,128 - ERROR - 配置缺少必要参数: macd
2025-08-25 11:43:29,129 - ERROR - 配置缺少必要参数: macd
2025-08-25 11:43:29,129 - ERROR - 配置缺少必要参数: macd
2025-08-25 11:43:29,129 - ERROR - 配置缺少必要参数: macd
2025-08-25 11:43:29,129 - ERROR - 配置缺少必要参数: macd
2025-08-25 11:43:29,129 - ERROR - 配置缺少必要参数: macd
2025-08-25 11:43:29,129 - ERROR - 配置缺少必要参数: macd
2025-08-25 11:43:29,129 - ERROR - 配置缺少必要参数: macd
2025-08-25 11:43:29,130 - ERROR - 配置缺少必要参数: macd
2025-08-25 11:43:29,130 - ERROR - 配置缺少必要参数: macd
2025-08-25 11:43:29,130 - ERROR - 配置缺少必要参数: macd
2025-08-25 11:43:29,131 - ERROR - 配置缺少必要参数: macd
2025-08-25 11:43:29,131 - ERROR - 配置缺少必要参数: macd
2025-08-25 11:43:29,132 - ERROR - 配置缺少必要参数: macd
2025-08-25 11:43:29,132 - ERROR - 配置缺少必要参数: macd
2025-08-25 11:43:29,132 - ERROR - 配置缺少必要参数: macd
2025-08-25 11:43:29,132 - ERROR - 配置缺少必要参数: macd
2025-08-25 11:43:29,133 - ERROR - 配置缺少必要参数: macd
2025-08-25 11:43:29,134 - ERROR - 配置缺少必要参数: macd
2025-08-25 11:43:29,134 - ERROR - 配置缺少必要参数: macd
2025-08-25 11:43:29,134 - ERROR - 配置缺少必要参数: macd
2025-08-25 11:43:29,135 - ERROR - 配置缺少必要参数: macd
2025-08-25 11:43:29,135 - ERROR - 配置缺少必要参数: macd
2025-08-25 11:43:29,135 - ERROR - 配置缺少必要参数: macd
2025-08-25 11:43:29,136 - ERROR - 配置缺少必要参数: macd
2025-08-25 11:43:29,136 - ERROR - 配置缺少必要参数: macd
2025-08-25 11:43:29,137 - ERROR - 配置缺少必要参数: macd
2025-08-25 11:43:29,137 - ERROR - 配置缺少必要参数: macd
2025-08-25 11:43:29,138 - ERROR - 配置缺少必要参数: macd
2025-08-25 11:43:29,139 - ERROR - 配置缺少必要参数: macd
2025-08-25 11:43:29,142 - ERROR - 配置缺少必要参数: macd
2025-08-25 11:43:29,143 - ERROR - 配置缺少必要参数: macd
2025-08-25 11:43:29,143 - ERROR - 配置缺少必要参数: macd
2025-08-25 11:43:29,143 - ERROR - 配置缺少必要参数: macd
2025-08-25 11:43:29,145 - ERROR - 配置缺少必要参数: macd
2025-08-25 11:43:29,145 - ERROR - 配置缺少必要参数: macd
2025-08-25 11:43:29,147 - ERROR - 配置缺少必要参数: macd
2025-08-25 11:43:29,148 - ERROR - 配置缺少必要参数: macd
2025-08-25 11:43:29,150 - ERROR - 配置缺少必要参数: macd
2025-08-25 11:43:29,151 - ERROR - 配置缺少必要参数: macd
2025-08-25 11:43:29,155 - ERROR - 配置缺少必要参数: macd
2025-08-25 11:43:29,156 - ERROR - 配置缺少必要参数: macd
2025-08-25 11:43:29,165 - ERROR - 配置缺少必要参数: macd
2025-08-25 11:43:29,165 - ERROR - 配置缺少必要参数: macd
2025-08-25 11:43:29,171 - ERROR - 配置缺少必要参数: macd
2025-08-25 11:43:29,172 - ERROR - 配置缺少必要参数: macd
2025-08-25 11:43:29,174 - ERROR - 配置缺少必要参数: macd
2025-08-25 11:43:29,174 - ERROR - 配置缺少必要参数: macd
2025-08-25 11:43:29,175 - ERROR - 配置缺少必要参数: macd
2025-08-25 11:43:29,175 - ERROR - 配置缺少必要参数: macd
2025-08-25 11:43:29,175 - ERROR - 配置缺少必要参数: macd
2025-08-25 11:43:29,175 - ERROR - 配置缺少必要参数: macd
2025-08-25 11:43:29,177 - ERROR - 配置缺少必要参数: macd
2025-08-25 11:43:29,178 - ERROR - 配置缺少必要参数: macd
2025-08-25 11:43:29,179 - ERROR - 配置缺少必要参数: macd
2025-08-25 11:43:29,180 - ERROR - 配置缺少必要参数: macd
2025-08-25 11:43:29,180 - ERROR - 配置缺少必要参数: macd
2025-08-25 11:43:29,180 - ERROR - 配置缺少必要参数: macd
2025-08-25 11:43:29,181 - ERROR - 配置缺少必要参数: macd
2025-08-25 11:43:29,181 - ERROR - 配置缺少必要参数: macd
2025-08-25 11:43:29,183 - ERROR - 配置缺少必要参数: macd
2025-08-25 11:43:29,184 - ERROR - 配置缺少必要参数: macd
2025-08-25 11:43:29,184 - ERROR - 配置缺少必要参数: macd
2025-08-25 11:43:29,184 - ERROR - 配置缺少必要参数: macd
2025-08-25 11:43:29,185 - ERROR - 配置缺少必要参数: macd
2025-08-25 11:43:29,185 - ERROR - 配置缺少必要参数: macd
2025-08-25 11:43:29,185 - ERROR - 配置缺少必要参数: macd
2025-08-25 11:43:29,185 - ERROR - 配置缺少必要参数: macd
2025-08-25 11:43:29,185 - ERROR - 配置缺少必要参数: macd
2025-08-25 11:43:29,186 - ERROR - 配置缺少必要参数: macd
2025-08-25 11:43:29,186 - ERROR - 配置缺少必要参数: macd
2025-08-25 11:43:29,186 - ERROR - 配置缺少必要参数: macd
2025-08-25 11:43:29,186 - ERROR - 配置缺少必要参数: macd
2025-08-25 11:43:29,187 - ERROR - 配置缺少必要参数: macd
2025-08-25 11:43:29,188 - ERROR - 配置缺少必要参数: macd
2025-08-25 11:43:29,189 - ERROR - 配置缺少必要参数: macd
2025-08-25 11:43:29,189 - ERROR - 配置缺少必要参数: macd
2025-08-25 11:43:29,189 - ERROR - 配置缺少必要参数: macd
2025-08-25 11:43:29,189 - ERROR - 配置缺少必要参数: macd
2025-08-25 11:43:29,189 - ERROR - 配置缺少必要参数: macd
2025-08-25 11:43:29,190 - ERROR - 配置缺少必要参数: macd
2025-08-25 11:43:29,190 - ERROR - 配置缺少必要参数: macd
2025-08-25 11:43:29,191 - ERROR - 配置缺少必要参数: macd
2025-08-25 11:43:29,192 - ERROR - 配置缺少必要参数: macd
2025-08-25 11:43:29,195 - ERROR - 配置缺少必要参数: macd
2025-08-25 11:43:29,195 - ERROR - 配置缺少必要参数: macd
2025-08-25 11:43:29,195 - ERROR - 配置缺少必要参数: macd
2025-08-25 11:43:29,196 - ERROR - 配置缺少必要参数: macd
2025-08-25 11:43:29,196 - ERROR - 配置缺少必要参数: macd
2025-08-25 11:43:29,196 - ERROR - 配置缺少必要参数: macd
2025-08-25 11:43:29,197 - ERROR - 配置缺少必要参数: macd
2025-08-25 11:43:29,197 - ERROR - 配置缺少必要参数: macd
2025-08-25 11:43:29,197 - ERROR - 配置缺少必要参数: macd
2025-08-25 11:43:29,198 - ERROR - 配置缺少必要参数: macd
2025-08-25 11:43:29,198 - ERROR - 配置缺少必要参数: macd
2025-08-25 11:43:29,199 - ERROR - 配置缺少必要参数: macd
2025-08-25 11:43:29,199 - ERROR - 配置缺少必要参数: macd
2025-08-25 11:43:29,199 - ERROR - 配置缺少必要参数: macd
2025-08-25 11:43:29,205 - ERROR - 配置缺少必要参数: macd
2025-08-25 11:43:29,206 - ERROR - 配置缺少必要参数: macd
2025-08-25 11:43:29,206 - ERROR - 配置缺少必要参数: macd
2025-08-25 11:43:29,206 - ERROR - 配置缺少必要参数: macd
2025-08-25 11:43:29,207 - ERROR - 配置缺少必要参数: macd
2025-08-25 11:43:29,207 - ERROR - 配置缺少必要参数: macd
2025-08-25 11:43:29,211 - ERROR - 配置缺少必要参数: macd
2025-08-25 11:43:29,212 - ERROR - 配置缺少必要参数: macd
2025-08-25 11:43:29,224 - ERROR - 配置缺少必要参数: macd
2025-08-25 11:43:29,224 - ERROR - 配置缺少必要参数: macd
2025-08-25 11:43:29,225 - ERROR - 配置缺少必要参数: macd
2025-08-25 11:43:29,225 - ERROR - 配置缺少必要参数: macd
2025-08-25 11:43:29,226 - ERROR - 配置缺少必要参数: macd
2025-08-25 11:43:29,227 - ERROR - 配置缺少必要参数: macd
2025-08-25 11:43:29,231 - ERROR - 配置缺少必要参数: macd
2025-08-25 11:43:29,232 - ERROR - 配置缺少必要参数: macd
2025-08-25 11:43:29,232 - ERROR - 配置缺少必要参数: macd
2025-08-25 11:43:29,233 - ERROR - 配置缺少必要参数: macd
2025-08-25 11:43:29,234 - ERROR - 配置缺少必要参数: macd
2025-08-25 11:43:29,234 - ERROR - 配置缺少必要参数: macd
2025-08-25 11:43:29,234 - ERROR - 配置缺少必要参数: macd
2025-08-25 11:43:29,235 - ERROR - 配置缺少必要参数: macd
2025-08-25 11:43:29,235 - ERROR - 配置缺少必要参数: macd
2025-08-25 11:43:29,236 - ERROR - 配置缺少必要参数: macd
2025-08-25 11:43:29,236 - ERROR - 配置缺少必要参数: macd
2025-08-25 11:43:29,236 - ERROR - 配置缺少必要参数: macd
2025-08-25 11:43:29,236 - ERROR - 配置缺少必要参数: macd
2025-08-25 11:43:29,237 - ERROR - 配置缺少必要参数: macd
2025-08-25 11:43:29,237 - ERROR - 配置缺少必要参数: macd
2025-08-25 11:43:29,237 - ERROR - 配置缺少必要参数: macd
2025-08-25 11:43:29,239 - ERROR - 配置缺少必要参数: macd
2025-08-25 11:43:29,239 - ERROR - 配置缺少必要参数: macd
2025-08-25 11:43:29,240 - ERROR - 配置缺少必要参数: macd
2025-08-25 11:43:29,240 - ERROR - 配置缺少必要参数: macd
2025-08-25 11:43:29,241 - ERROR - 配置缺少必要参数: macd
2025-08-25 11:43:29,242 - ERROR - 配置缺少必要参数: macd
2025-08-25 11:43:29,242 - ERROR - 配置缺少必要参数: macd
2025-08-25 11:43:29,242 - ERROR - 配置缺少必要参数: macd
2025-08-25 11:43:29,243 - ERROR - 配置缺少必要参数: macd
2025-08-25 11:43:29,244 - ERROR - 配置缺少必要参数: macd
2025-08-25 11:43:29,245 - ERROR - 配置缺少必要参数: macd
2025-08-25 11:43:29,245 - ERROR - 配置缺少必要参数: macd
2025-08-25 11:43:29,246 - ERROR - 配置缺少必要参数: macd
2025-08-25 11:43:29,247 - ERROR - 配置缺少必要参数: macd
2025-08-25 11:43:29,247 - ERROR - 配置缺少必要参数: macd
2025-08-25 11:43:29,247 - ERROR - 配置缺少必要参数: macd
2025-08-25 11:43:29,247 - ERROR - 配置缺少必要参数: macd
2025-08-25 11:43:29,247 - ERROR - 配置缺少必要参数: macd
2025-08-25 11:43:29,248 - ERROR - 配置缺少必要参数: macd
2025-08-25 11:43:29,248 - ERROR - 配置缺少必要参数: macd
2025-08-25 11:43:29,248 - ERROR - 配置缺少必要参数: macd
2025-08-25 11:43:29,248 - ERROR - 配置缺少必要参数: macd
2025-08-25 11:43:29,248 - ERROR - 配置缺少必要参数: macd
2025-08-25 11:43:29,248 - ERROR - 配置缺少必要参数: macd
2025-08-25 11:43:29,248 - ERROR - 配置缺少必要参数: macd
2025-08-25 11:43:29,249 - ERROR - 配置缺少必要参数: macd
2025-08-25 11:43:29,250 - ERROR - 配置缺少必要参数: macd
2025-08-25 11:43:29,251 - ERROR - 配置缺少必要参数: macd
2025-08-25 11:43:29,251 - ERROR - 配置缺少必要参数: macd
2025-08-25 11:43:29,253 - ERROR - 配置缺少必要参数: macd
2025-08-25 11:43:29,261 - ERROR - 配置缺少必要参数: macd
2025-08-25 11:43:29,262 - ERROR - 配置缺少必要参数: macd
2025-08-25 11:43:29,262 - ERROR - 配置缺少必要参数: macd
2025-08-25 11:43:29,263 - ERROR - 配置缺少必要参数: macd
2025-08-25 11:43:29,263 - ERROR - 配置缺少必要参数: macd
2025-08-25 11:43:29,263 - ERROR - 配置缺少必要参数: macd
2025-08-25 11:43:29,264 - ERROR - 配置缺少必要参数: macd
2025-08-25 11:43:29,264 - ERROR - 配置缺少必要参数: macd
2025-08-25 11:43:29,265 - ERROR - 配置缺少必要参数: macd
2025-08-25 11:43:29,265 - ERROR - 配置缺少必要参数: macd
2025-08-25 11:43:29,273 - ERROR - 配置缺少必要参数: macd
2025-08-25 11:43:29,274 - ERROR - 配置缺少必要参数: macd
2025-08-25 11:43:29,279 - ERROR - 配置缺少必要参数: macd
2025-08-25 11:43:29,279 - ERROR - 配置缺少必要参数: macd
2025-08-25 11:43:29,285 - ERROR - 配置缺少必要参数: macd
2025-08-25 11:43:29,286 - ERROR - 配置缺少必要参数: macd
2025-08-25 11:43:29,286 - ERROR - 配置缺少必要参数: macd
2025-08-25 11:43:29,286 - ERROR - 配置缺少必要参数: macd
2025-08-25 11:43:29,287 - ERROR - 配置缺少必要参数: macd
2025-08-25 11:43:29,287 - ERROR - 配置缺少必要参数: macd
2025-08-25 11:43:29,287 - ERROR - 配置缺少必要参数: macd
2025-08-25 11:43:29,288 - ERROR - 配置缺少必要参数: macd
2025-08-25 11:43:29,292 - ERROR - 配置缺少必要参数: macd
2025-08-25 11:43:29,292 - ERROR - 配置缺少必要参数: macd
2025-08-25 11:43:29,292 - ERROR - 配置缺少必要参数: macd
2025-08-25 11:43:29,292 - ERROR - 配置缺少必要参数: macd
2025-08-25 11:43:29,293 - ERROR - 配置缺少必要参数: macd
2025-08-25 11:43:29,293 - ERROR - 配置缺少必要参数: macd
2025-08-25 11:43:29,293 - ERROR - 配置缺少必要参数: macd
2025-08-25 11:43:29,294 - ERROR - 配置缺少必要参数: macd
2025-08-25 11:43:29,294 - ERROR - 配置缺少必要参数: macd
2025-08-25 11:43:29,295 - ERROR - 配置缺少必要参数: macd
2025-08-25 11:43:29,295 - ERROR - 配置缺少必要参数: macd
2025-08-25 11:43:29,296 - ERROR - 配置缺少必要参数: macd
2025-08-25 11:43:29,296 - ERROR - 配置缺少必要参数: macd
2025-08-25 11:43:29,296 - ERROR - 配置缺少必要参数: macd
2025-08-25 11:43:29,298 - ERROR - 配置缺少必要参数: macd
2025-08-25 11:43:29,298 - ERROR - 配置缺少必要参数: macd
2025-08-25 11:43:29,298 - ERROR - 配置缺少必要参数: macd
2025-08-25 11:43:29,299 - ERROR - 配置缺少必要参数: macd
2025-08-25 11:43:29,299 - ERROR - 配置缺少必要参数: macd
2025-08-25 11:43:29,300 - ERROR - 配置缺少必要参数: macd
2025-08-25 11:43:29,302 - ERROR - 配置缺少必要参数: macd
2025-08-25 11:43:29,302 - ERROR - 配置缺少必要参数: macd
2025-08-25 11:43:29,303 - ERROR - 配置缺少必要参数: macd
2025-08-25 11:43:29,303 - ERROR - 配置缺少必要参数: macd
2025-08-25 11:43:29,303 - ERROR - 配置缺少必要参数: macd
2025-08-25 11:43:29,303 - ERROR - 配置缺少必要参数: macd
2025-08-25 11:43:29,304 - ERROR - 配置缺少必要参数: macd
2025-08-25 11:43:29,304 - ERROR - 配置缺少必要参数: macd
2025-08-25 11:43:29,304 - ERROR - 配置缺少必要参数: macd
2025-08-25 11:43:29,304 - ERROR - 配置缺少必要参数: macd
2025-08-25 11:43:29,304 - ERROR - 配置缺少必要参数: macd
2025-08-25 11:43:29,305 - ERROR - 配置缺少必要参数: macd
2025-08-25 11:43:29,305 - ERROR - 配置缺少必要参数: macd
2025-08-25 11:43:29,305 - ERROR - 配置缺少必要参数: macd
2025-08-25 11:43:29,306 - ERROR - 配置缺少必要参数: macd
2025-08-25 11:43:29,307 - ERROR - 配置缺少必要参数: macd
2025-08-25 11:43:29,307 - ERROR - 配置缺少必要参数: macd
2025-08-25 11:43:29,308 - ERROR - 配置缺少必要参数: macd
2025-08-25 11:43:29,310 - ERROR - 配置缺少必要参数: macd
2025-08-25 11:43:29,313 - ERROR - 配置缺少必要参数: macd
2025-08-25 11:43:29,317 - ERROR - 配置缺少必要参数: macd
2025-08-25 11:43:29,318 - ERROR - 配置缺少必要参数: macd
2025-08-25 11:43:29,318 - ERROR - 配置缺少必要参数: macd
2025-08-25 11:43:29,318 - ERROR - 配置缺少必要参数: macd
2025-08-25 11:43:29,319 - ERROR - 配置缺少必要参数: macd
2025-08-25 11:43:29,319 - ERROR - 配置缺少必要参数: macd
2025-08-25 11:43:29,320 - ERROR - 配置缺少必要参数: macd
2025-08-25 11:43:29,321 - ERROR - 配置缺少必要参数: macd
2025-08-25 11:43:29,322 - ERROR - 配置缺少必要参数: macd
2025-08-25 11:43:29,323 - ERROR - 配置缺少必要参数: macd
2025-08-25 11:43:29,331 - ERROR - 配置缺少必要参数: macd
2025-08-25 11:43:29,332 - ERROR - 配置缺少必要参数: macd
2025-08-25 11:43:29,335 - ERROR - 配置缺少必要参数: macd
2025-08-25 11:43:29,335 - ERROR - 配置缺少必要参数: macd
2025-08-25 11:43:29,338 - ERROR - 配置缺少必要参数: macd
2025-08-25 11:43:29,338 - ERROR - 配置缺少必要参数: macd
2025-08-25 11:43:29,338 - ERROR - 配置缺少必要参数: macd
2025-08-25 11:43:29,338 - ERROR - 配置缺少必要参数: macd
2025-08-25 11:43:29,338 - ERROR - 配置缺少必要参数: macd
2025-08-25 11:43:29,339 - ERROR - 配置缺少必要参数: macd
2025-08-25 11:43:29,339 - ERROR - 配置缺少必要参数: macd
2025-08-25 11:43:29,339 - ERROR - 配置缺少必要参数: macd
2025-08-25 11:43:29,342 - ERROR - 配置缺少必要参数: macd
2025-08-25 11:43:29,343 - ERROR - 配置缺少必要参数: macd
2025-08-25 11:43:29,343 - ERROR - 配置缺少必要参数: macd
2025-08-25 11:43:29,343 - ERROR - 配置缺少必要参数: macd
2025-08-25 11:43:29,346 - ERROR - 配置缺少必要参数: macd
2025-08-25 11:43:29,346 - ERROR - 配置缺少必要参数: macd
2025-08-25 11:43:29,346 - ERROR - 配置缺少必要参数: macd
2025-08-25 11:43:29,347 - ERROR - 配置缺少必要参数: macd
2025-08-25 11:43:29,347 - ERROR - 配置缺少必要参数: macd
2025-08-25 11:43:29,347 - ERROR - 配置缺少必要参数: macd
2025-08-25 11:43:29,348 - ERROR - 配置缺少必要参数: macd
2025-08-25 11:43:29,348 - ERROR - 配置缺少必要参数: macd
2025-08-25 11:43:29,349 - ERROR - 配置缺少必要参数: macd
2025-08-25 11:43:29,350 - ERROR - 配置缺少必要参数: macd
2025-08-25 11:43:29,350 - ERROR - 配置缺少必要参数: macd
2025-08-25 11:43:29,351 - ERROR - 配置缺少必要参数: macd
2025-08-25 11:43:29,351 - ERROR - 配置缺少必要参数: macd
2025-08-25 11:43:29,352 - ERROR - 配置缺少必要参数: macd
2025-08-25 11:43:29,353 - ERROR - 配置缺少必要参数: macd
2025-08-25 11:43:29,354 - ERROR - 配置缺少必要参数: macd
2025-08-25 11:43:29,355 - ERROR - 配置缺少必要参数: macd
2025-08-25 11:43:29,356 - ERROR - 配置缺少必要参数: macd
2025-08-25 11:43:29,356 - ERROR - 配置缺少必要参数: macd
2025-08-25 11:43:29,356 - ERROR - 配置缺少必要参数: macd
2025-08-25 11:43:29,356 - ERROR - 配置缺少必要参数: macd
2025-08-25 11:43:29,356 - ERROR - 配置缺少必要参数: macd
2025-08-25 11:43:29,357 - ERROR - 配置缺少必要参数: macd
2025-08-25 11:43:29,357 - ERROR - 配置缺少必要参数: macd
2025-08-25 11:43:29,357 - ERROR - 配置缺少必要参数: macd
2025-08-25 11:43:29,358 - ERROR - 配置缺少必要参数: macd
2025-08-25 11:43:29,361 - ERROR - 配置缺少必要参数: macd
2025-08-25 11:43:29,361 - ERROR - 配置缺少必要参数: macd
2025-08-25 11:43:29,361 - ERROR - 配置缺少必要参数: macd
2025-08-25 11:43:29,362 - ERROR - 配置缺少必要参数: macd
2025-08-25 11:43:29,362 - ERROR - 配置缺少必要参数: macd
2025-08-25 11:43:29,362 - ERROR - 配置缺少必要参数: macd
2025-08-25 11:43:29,363 - ERROR - 配置缺少必要参数: macd
2025-08-25 11:43:29,364 - ERROR - 配置缺少必要参数: macd
2025-08-25 11:43:29,364 - ERROR - 配置缺少必要参数: macd
2025-08-25 11:43:29,364 - ERROR - 配置缺少必要参数: macd
2025-08-25 11:43:29,373 - ERROR - 配置缺少必要参数: macd
2025-08-25 11:43:29,374 - ERROR - 配置缺少必要参数: macd
2025-08-25 11:43:29,374 - ERROR - 配置缺少必要参数: macd
2025-08-25 11:43:29,375 - ERROR - 配置缺少必要参数: macd
2025-08-25 11:43:29,375 - ERROR - 配置缺少必要参数: macd
2025-08-25 11:43:29,376 - ERROR - 配置缺少必要参数: macd
2025-08-25 11:43:29,377 - ERROR - 配置缺少必要参数: macd
2025-08-25 11:43:29,380 - ERROR - 配置缺少必要参数: macd
2025-08-25 11:43:29,381 - ERROR - 配置缺少必要参数: macd
2025-08-25 11:43:29,382 - ERROR - 配置缺少必要参数: macd
2025-08-25 11:43:29,383 - ERROR - 配置缺少必要参数: macd
2025-08-25 11:43:29,384 - ERROR - 配置缺少必要参数: macd
2025-08-25 11:43:29,385 - ERROR - 配置缺少必要参数: macd
2025-08-25 11:43:29,386 - ERROR - 配置缺少必要参数: macd
2025-08-25 11:43:29,387 - ERROR - 配置缺少必要参数: macd
2025-08-25 11:43:29,388 - ERROR - 配置缺少必要参数: macd
2025-08-25 11:43:29,389 - ERROR - 配置缺少必要参数: macd
2025-08-25 11:43:29,390 - ERROR - 配置缺少必要参数: macd
2025-08-25 11:43:29,396 - ERROR - 配置缺少必要参数: macd
2025-08-25 11:43:29,397 - ERROR - 配置缺少必要参数: macd
2025-08-25 11:43:29,398 - ERROR - 配置缺少必要参数: macd
2025-08-25 11:43:29,398 - ERROR - 配置缺少必要参数: macd
2025-08-25 11:43:29,398 - ERROR - 配置缺少必要参数: macd
2025-08-25 11:43:29,398 - ERROR - 配置缺少必要参数: macd
2025-08-25 11:43:29,399 - ERROR - 配置缺少必要参数: macd
2025-08-25 11:43:29,399 - ERROR - 配置缺少必要参数: macd
2025-08-25 11:43:29,399 - ERROR - 配置缺少必要参数: macd
2025-08-25 11:43:29,399 - ERROR - 配置缺少必要参数: macd
2025-08-25 11:43:29,399 - ERROR - 配置缺少必要参数: macd
2025-08-25 11:43:29,399 - ERROR - 配置缺少必要参数: macd
2025-08-25 11:43:29,400 - ERROR - 配置缺少必要参数: macd
2025-08-25 11:43:29,400 - ERROR - 配置缺少必要参数: macd
2025-08-25 11:43:29,400 - ERROR - 配置缺少必要参数: macd
2025-08-25 11:43:29,400 - ERROR - 配置缺少必要参数: macd
2025-08-25 11:43:29,401 - ERROR - 配置缺少必要参数: macd
2025-08-25 11:43:29,402 - ERROR - 配置缺少必要参数: macd
2025-08-25 11:43:29,402 - ERROR - 配置缺少必要参数: macd
2025-08-25 11:43:29,402 - ERROR - 配置缺少必要参数: macd
2025-08-25 11:43:29,403 - ERROR - 配置缺少必要参数: macd
2025-08-25 11:43:29,403 - ERROR - 配置缺少必要参数: macd
2025-08-25 11:43:29,403 - ERROR - 配置缺少必要参数: macd
2025-08-25 11:43:29,404 - ERROR - 配置缺少必要参数: macd
2025-08-25 11:43:29,404 - ERROR - 配置缺少必要参数: macd
2025-08-25 11:43:29,405 - ERROR - 配置缺少必要参数: macd
2025-08-25 11:43:29,405 - ERROR - 配置缺少必要参数: macd
2025-08-25 11:43:29,406 - ERROR - 配置缺少必要参数: macd
2025-08-25 11:43:29,410 - ERROR - 配置缺少必要参数: macd
2025-08-25 11:43:29,410 - ERROR - 配置缺少必要参数: macd
2025-08-25 11:43:29,411 - ERROR - 配置缺少必要参数: macd
2025-08-25 11:43:29,411 - ERROR - 配置缺少必要参数: macd
2025-08-25 11:43:29,412 - ERROR - 配置缺少必要参数: macd
2025-08-25 11:43:29,412 - ERROR - 配置缺少必要参数: macd
2025-08-25 11:43:29,413 - ERROR - 配置缺少必要参数: macd
2025-08-25 11:43:29,413 - ERROR - 配置缺少必要参数: macd
2025-08-25 11:43:29,417 - ERROR - 配置缺少必要参数: macd
2025-08-25 11:43:29,417 - ERROR - 配置缺少必要参数: macd
2025-08-25 11:43:29,418 - ERROR - 配置缺少必要参数: macd
2025-08-25 11:43:29,419 - ERROR - 配置缺少必要参数: macd
2025-08-25 11:43:29,419 - ERROR - 配置缺少必要参数: macd
2025-08-25 11:43:29,420 - ERROR - 配置缺少必要参数: macd
2025-08-25 11:43:29,420 - ERROR - 配置缺少必要参数: macd
2025-08-25 11:43:29,421 - ERROR - 配置缺少必要参数: macd
2025-08-25 11:43:29,429 - ERROR - 配置缺少必要参数: macd
2025-08-25 11:43:29,430 - ERROR - 配置缺少必要参数: macd
2025-08-25 11:43:29,430 - ERROR - 配置缺少必要参数: macd
2025-08-25 11:43:29,431 - ERROR - 配置缺少必要参数: macd
2025-08-25 11:43:29,431 - ERROR - 配置缺少必要参数: macd
2025-08-25 11:43:29,431 - ERROR - 配置缺少必要参数: macd
2025-08-25 11:43:29,432 - ERROR - 配置缺少必要参数: macd
2025-08-25 11:43:29,433 - ERROR - 配置缺少必要参数: macd
2025-08-25 11:43:29,434 - ERROR - 配置缺少必要参数: macd
2025-08-25 11:43:29,435 - ERROR - 配置缺少必要参数: macd
2025-08-25 11:43:29,435 - ERROR - 配置缺少必要参数: macd
2025-08-25 11:43:29,435 - ERROR - 配置缺少必要参数: macd
2025-08-25 11:43:29,436 - ERROR - 配置缺少必要参数: macd
2025-08-25 11:43:29,436 - ERROR - 配置缺少必要参数: macd
2025-08-25 11:43:29,440 - ERROR - 配置缺少必要参数: macd
2025-08-25 11:43:29,441 - ERROR - 配置缺少必要参数: macd
2025-08-25 11:43:29,441 - ERROR - 配置缺少必要参数: macd
2025-08-25 11:43:29,442 - ERROR - 配置缺少必要参数: macd
2025-08-25 11:43:29,442 - ERROR - 配置缺少必要参数: macd
2025-08-25 11:43:29,442 - ERROR - 配置缺少必要参数: macd
2025-08-25 11:43:29,442 - ERROR - 配置缺少必要参数: macd
2025-08-25 11:43:29,442 - ERROR - 配置缺少必要参数: macd
2025-08-25 11:43:29,447 - ERROR - 配置缺少必要参数: macd
2025-08-25 11:43:29,447 - ERROR - 配置缺少必要参数: macd
2025-08-25 11:43:29,448 - ERROR - 配置缺少必要参数: macd
2025-08-25 11:43:29,448 - ERROR - 配置缺少必要参数: macd
2025-08-25 11:43:29,448 - ERROR - 配置缺少必要参数: macd
2025-08-25 11:43:29,449 - ERROR - 配置缺少必要参数: macd
2025-08-25 11:43:29,449 - ERROR - 配置缺少必要参数: macd
2025-08-25 11:43:29,450 - ERROR - 配置缺少必要参数: macd
2025-08-25 11:43:29,451 - ERROR - 配置缺少必要参数: macd
2025-08-25 11:43:29,452 - ERROR - 配置缺少必要参数: macd
2025-08-25 11:43:29,452 - ERROR - 配置缺少必要参数: macd
2025-08-25 11:43:29,453 - ERROR - 配置缺少必要参数: macd
2025-08-25 11:43:29,453 - ERROR - 配置缺少必要参数: macd
2025-08-25 11:43:29,454 - ERROR - 配置缺少必要参数: macd
2025-08-25 11:43:29,454 - ERROR - 配置缺少必要参数: macd
2025-08-25 11:43:29,454 - ERROR - 配置缺少必要参数: macd
2025-08-25 11:43:29,454 - ERROR - 配置缺少必要参数: macd
2025-08-25 11:43:29,455 - ERROR - 配置缺少必要参数: macd
2025-08-25 11:43:29,458 - ERROR - 配置缺少必要参数: macd
2025-08-25 11:43:29,459 - ERROR - 配置缺少必要参数: macd
2025-08-25 11:43:29,462 - ERROR - 配置缺少必要参数: macd
2025-08-25 11:43:29,462 - ERROR - 配置缺少必要参数: macd
2025-08-25 11:43:29,463 - ERROR - 配置缺少必要参数: macd
2025-08-25 11:43:29,463 - ERROR - 配置缺少必要参数: macd
2025-08-25 11:43:29,463 - ERROR - 配置缺少必要参数: macd
2025-08-25 11:43:29,464 - ERROR - 配置缺少必要参数: macd
2025-08-25 11:43:29,466 - ERROR - 配置缺少必要参数: macd
2025-08-25 11:43:29,466 - ERROR - 配置缺少必要参数: macd
2025-08-25 11:43:29,467 - ERROR - 配置缺少必要参数: macd
2025-08-25 11:43:29,467 - ERROR - 配置缺少必要参数: macd
2025-08-25 11:43:29,467 - ERROR - 配置缺少必要参数: macd
2025-08-25 11:43:29,468 - ERROR - 配置缺少必要参数: macd
2025-08-25 11:43:29,469 - ERROR - 配置缺少必要参数: macd
2025-08-25 11:43:29,470 - ERROR - 配置缺少必要参数: macd
2025-08-25 11:43:29,470 - ERROR - 配置缺少必要参数: macd
2025-08-25 11:43:29,470 - ERROR - 配置缺少必要参数: macd
2025-08-25 11:43:29,476 - ERROR - 配置缺少必要参数: macd
2025-08-25 11:43:29,476 - ERROR - 配置缺少必要参数: macd
2025-08-25 11:43:29,477 - ERROR - 配置缺少必要参数: macd
2025-08-25 11:43:29,477 - ERROR - 配置缺少必要参数: macd
2025-08-25 11:43:29,477 - ERROR - 配置缺少必要参数: macd
2025-08-25 11:43:29,478 - ERROR - 配置缺少必要参数: macd
2025-08-25 11:43:29,483 - ERROR - 配置缺少必要参数: macd
2025-08-25 11:43:29,483 - ERROR - 配置缺少必要参数: macd
2025-08-25 11:43:29,484 - ERROR - 配置缺少必要参数: macd
2025-08-25 11:43:29,484 - ERROR - 配置缺少必要参数: macd
2025-08-25 11:43:29,485 - ERROR - 配置缺少必要参数: macd
2025-08-25 11:43:29,485 - ERROR - 配置缺少必要参数: macd
2025-08-25 11:43:29,485 - ERROR - 配置缺少必要参数: macd
2025-08-25 11:43:29,486 - ERROR - 配置缺少必要参数: macd
2025-08-25 11:43:29,490 - ERROR - 配置缺少必要参数: macd
2025-08-25 11:43:29,491 - ERROR - 配置缺少必要参数: macd
2025-08-25 11:43:29,494 - ERROR - 配置缺少必要参数: macd
2025-08-25 11:43:29,494 - ERROR - 配置缺少必要参数: macd
2025-08-25 11:43:29,495 - ERROR - 配置缺少必要参数: macd
2025-08-25 11:43:29,495 - ERROR - 配置缺少必要参数: macd
2025-08-25 11:43:29,498 - ERROR - 配置缺少必要参数: macd
2025-08-25 11:43:29,499 - ERROR - 配置缺少必要参数: macd
2025-08-25 11:43:29,499 - ERROR - 配置缺少必要参数: macd
2025-08-25 11:43:29,499 - ERROR - 配置缺少必要参数: macd
2025-08-25 11:43:29,500 - ERROR - 配置缺少必要参数: macd
2025-08-25 11:43:29,501 - ERROR - 配置缺少必要参数: macd
2025-08-25 11:43:29,501 - ERROR - 配置缺少必要参数: macd
2025-08-25 11:43:29,502 - ERROR - 配置缺少必要参数: macd
2025-08-25 11:43:29,502 - ERROR - 配置缺少必要参数: macd
2025-08-25 11:43:29,503 - ERROR - 配置缺少必要参数: macd
2025-08-25 11:43:29,503 - ERROR - 配置缺少必要参数: macd
2025-08-25 11:43:29,503 - ERROR - 配置缺少必要参数: macd
2025-08-25 11:43:29,505 - ERROR - 配置缺少必要参数: macd
2025-08-25 11:43:29,505 - ERROR - 配置缺少必要参数: macd
2025-08-25 11:43:29,506 - ERROR - 配置缺少必要参数: macd
2025-08-25 11:43:29,506 - ERROR - 配置缺少必要参数: macd
2025-08-25 11:43:29,506 - ERROR - 配置缺少必要参数: macd
2025-08-25 11:43:29,507 - ERROR - 配置缺少必要参数: macd
2025-08-25 11:43:29,507 - ERROR - 配置缺少必要参数: macd
2025-08-25 11:43:29,508 - ERROR - 配置缺少必要参数: macd
2025-08-25 11:43:29,511 - ERROR - 配置缺少必要参数: macd
2025-08-25 11:43:29,512 - ERROR - 配置缺少必要参数: macd
2025-08-25 11:43:29,513 - ERROR - 配置缺少必要参数: macd
2025-08-25 11:43:29,514 - ERROR - 配置缺少必要参数: macd
2025-08-25 11:43:29,514 - ERROR - 配置缺少必要参数: macd
2025-08-25 11:43:29,515 - ERROR - 配置缺少必要参数: macd
2025-08-25 11:43:29,515 - ERROR - 配置缺少必要参数: macd
2025-08-25 11:43:29,515 - ERROR - 配置缺少必要参数: macd
2025-08-25 11:43:29,516 - ERROR - 配置缺少必要参数: macd
2025-08-25 11:43:29,516 - ERROR - 配置缺少必要参数: macd
2025-08-25 11:43:29,517 - ERROR - 配置缺少必要参数: macd
2025-08-25 11:43:29,518 - ERROR - 配置缺少必要参数: macd
2025-08-25 11:43:29,518 - ERROR - 配置缺少必要参数: macd
2025-08-25 11:43:29,518 - ERROR - 配置缺少必要参数: macd
2025-08-25 11:43:29,519 - ERROR - 配置缺少必要参数: macd
2025-08-25 11:43:29,519 - ERROR - 配置缺少必要参数: macd
2025-08-25 11:43:29,519 - ERROR - 配置缺少必要参数: macd
2025-08-25 11:43:29,519 - ERROR - 配置缺少必要参数: macd
2025-08-25 11:43:29,520 - ERROR - 配置缺少必要参数: macd
2025-08-25 11:43:29,521 - ERROR - 配置缺少必要参数: macd
2025-08-25 11:43:29,522 - ERROR - 配置缺少必要参数: macd
2025-08-25 11:43:29,522 - ERROR - 配置缺少必要参数: macd
2025-08-25 11:43:29,527 - ERROR - 配置缺少必要参数: macd
2025-08-25 11:43:29,529 - ERROR - 配置缺少必要参数: macd
2025-08-25 11:43:29,534 - ERROR - 配置缺少必要参数: macd
2025-08-25 11:43:29,534 - ERROR - 配置缺少必要参数: macd
2025-08-25 11:43:29,535 - ERROR - 配置缺少必要参数: macd
2025-08-25 11:43:29,536 - ERROR - 配置缺少必要参数: macd
2025-08-25 11:43:29,536 - ERROR - 配置缺少必要参数: macd
2025-08-25 11:43:29,536 - ERROR - 配置缺少必要参数: macd
2025-08-25 11:43:29,536 - ERROR - 配置缺少必要参数: macd
2025-08-25 11:43:29,537 - ERROR - 配置缺少必要参数: macd
2025-08-25 11:43:29,537 - ERROR - 配置缺少必要参数: macd
2025-08-25 11:43:29,537 - ERROR - 配置缺少必要参数: macd
2025-08-25 11:43:29,539 - ERROR - 配置缺少必要参数: macd
2025-08-25 11:43:29,540 - ERROR - 配置缺少必要参数: macd
2025-08-25 11:43:29,548 - ERROR - 配置缺少必要参数: macd
2025-08-25 11:43:29,549 - ERROR - 配置缺少必要参数: macd
2025-08-25 11:43:29,549 - ERROR - 配置缺少必要参数: macd
2025-08-25 11:43:29,549 - ERROR - 配置缺少必要参数: macd
2025-08-25 11:43:29,550 - ERROR - 配置缺少必要参数: macd
2025-08-25 11:43:29,550 - ERROR - 配置缺少必要参数: macd
2025-08-25 11:43:29,551 - ERROR - 配置缺少必要参数: macd
2025-08-25 11:43:29,551 - ERROR - 配置缺少必要参数: macd
2025-08-25 11:43:29,553 - ERROR - 配置缺少必要参数: macd
2025-08-25 11:43:29,554 - ERROR - 配置缺少必要参数: macd
2025-08-25 11:43:29,555 - ERROR - 配置缺少必要参数: macd
2025-08-25 11:43:29,555 - ERROR - 配置缺少必要参数: macd
2025-08-25 11:43:29,555 - ERROR - 配置缺少必要参数: macd
2025-08-25 11:43:29,556 - ERROR - 配置缺少必要参数: macd
2025-08-25 11:43:29,557 - ERROR - 配置缺少必要参数: macd
2025-08-25 11:43:29,558 - ERROR - 配置缺少必要参数: macd
2025-08-25 11:43:29,558 - ERROR - 配置缺少必要参数: macd
2025-08-25 11:43:29,558 - ERROR - 配置缺少必要参数: macd
2025-08-25 11:43:29,559 - ERROR - 配置缺少必要参数: macd
2025-08-25 11:43:29,559 - ERROR - 配置缺少必要参数: macd
2025-08-25 11:43:29,561 - ERROR - 配置缺少必要参数: macd
2025-08-25 11:43:29,561 - ERROR - 配置缺少必要参数: macd
2025-08-25 11:43:29,562 - ERROR - 配置缺少必要参数: macd
2025-08-25 11:43:29,563 - ERROR - 配置缺少必要参数: macd
2025-08-25 11:43:29,564 - ERROR - 配置缺少必要参数: macd
2025-08-25 11:43:29,564 - ERROR - 配置缺少必要参数: macd
2025-08-25 11:43:29,566 - ERROR - 配置缺少必要参数: macd
2025-08-25 11:43:29,567 - ERROR - 配置缺少必要参数: macd
2025-08-25 11:43:29,567 - ERROR - 配置缺少必要参数: macd
2025-08-25 11:43:29,567 - ERROR - 配置缺少必要参数: macd
2025-08-25 11:43:29,569 - ERROR - 配置缺少必要参数: macd
2025-08-25 11:43:29,570 - ERROR - 配置缺少必要参数: macd
2025-08-25 11:43:29,571 - ERROR - 配置缺少必要参数: macd
2025-08-25 11:43:29,571 - ERROR - 配置缺少必要参数: macd
2025-08-25 11:43:29,571 - ERROR - 配置缺少必要参数: macd
2025-08-25 11:43:29,572 - ERROR - 配置缺少必要参数: macd
2025-08-25 11:43:29,572 - ERROR - 配置缺少必要参数: macd
2025-08-25 11:43:29,573 - ERROR - 配置缺少必要参数: macd
2025-08-25 11:43:29,573 - ERROR - 配置缺少必要参数: macd
2025-08-25 11:43:29,573 - ERROR - 配置缺少必要参数: macd
2025-08-25 11:43:29,574 - ERROR - 配置缺少必要参数: macd
2025-08-25 11:43:29,574 - ERROR - 配置缺少必要参数: macd
2025-08-25 11:43:29,574 - ERROR - 配置缺少必要参数: macd
2025-08-25 11:43:29,575 - ERROR - 配置缺少必要参数: macd
2025-08-25 11:43:29,578 - ERROR - 配置缺少必要参数: macd
2025-08-25 11:43:29,579 - ERROR - 配置缺少必要参数: macd
2025-08-25 11:43:29,582 - ERROR - 配置缺少必要参数: macd
2025-08-25 11:43:29,583 - ERROR - 配置缺少必要参数: macd
2025-08-25 11:43:29,584 - ERROR - 配置缺少必要参数: macd
2025-08-25 11:43:29,585 - ERROR - 配置缺少必要参数: macd
2025-08-25 11:43:29,588 - ERROR - 配置缺少必要参数: macd
2025-08-25 11:43:29,588 - ERROR - 配置缺少必要参数: macd
2025-08-25 11:43:29,589 - ERROR - 配置缺少必要参数: macd
2025-08-25 11:43:29,589 - ERROR - 配置缺少必要参数: macd
2025-08-25 11:43:29,589 - ERROR - 配置缺少必要参数: macd
2025-08-25 11:43:29,589 - ERROR - 配置缺少必要参数: macd
2025-08-25 11:43:29,589 - ERROR - 配置缺少必要参数: macd
2025-08-25 11:43:29,590 - ERROR - 配置缺少必要参数: macd
2025-08-25 11:43:29,590 - ERROR - 配置缺少必要参数: macd
2025-08-25 11:43:29,590 - ERROR - 配置缺少必要参数: macd
2025-08-25 11:43:29,591 - ERROR - 配置缺少必要参数: macd
2025-08-25 11:43:29,592 - ERROR - 配置缺少必要参数: macd
2025-08-25 11:43:29,600 - ERROR - 配置缺少必要参数: macd
2025-08-25 11:43:29,601 - ERROR - 配置缺少必要参数: macd
2025-08-25 11:43:29,602 - ERROR - 配置缺少必要参数: macd
2025-08-25 11:43:29,602 - ERROR - 配置缺少必要参数: macd
2025-08-25 11:43:29,607 - ERROR - 配置缺少必要参数: macd
2025-08-25 11:43:29,607 - ERROR - 配置缺少必要参数: macd
2025-08-25 11:43:29,609 - ERROR - 配置缺少必要参数: macd
2025-08-25 11:43:29,609 - ERROR - 配置缺少必要参数: macd
2025-08-25 11:43:29,610 - ERROR - 配置缺少必要参数: macd
2025-08-25 11:43:29,610 - ERROR - 配置缺少必要参数: macd
2025-08-25 11:43:29,611 - ERROR - 配置缺少必要参数: macd
2025-08-25 11:43:29,611 - ERROR - 配置缺少必要参数: macd
2025-08-25 11:43:29,611 - ERROR - 配置缺少必要参数: macd
2025-08-25 11:43:29,612 - ERROR - 配置缺少必要参数: macd
2025-08-25 11:43:29,612 - ERROR - 配置缺少必要参数: macd
2025-08-25 11:43:29,612 - ERROR - 配置缺少必要参数: macd
2025-08-25 11:43:29,613 - ERROR - 配置缺少必要参数: macd
2025-08-25 11:43:29,613 - ERROR - 配置缺少必要参数: macd
2025-08-25 11:43:29,614 - ERROR - 配置缺少必要参数: macd
2025-08-25 11:43:29,614 - ERROR - 配置缺少必要参数: macd
2025-08-25 11:43:29,614 - ERROR - 配置缺少必要参数: macd
2025-08-25 11:43:29,614 - ERROR - 配置缺少必要参数: macd
2025-08-25 11:43:29,615 - ERROR - 配置缺少必要参数: macd
2025-08-25 11:43:29,615 - ERROR - 配置缺少必要参数: macd
2025-08-25 11:43:29,616 - ERROR - 配置缺少必要参数: macd
2025-08-25 11:43:29,617 - ERROR - 配置缺少必要参数: macd
2025-08-25 11:43:29,618 - ERROR - 配置缺少必要参数: macd
2025-08-25 11:43:29,619 - ERROR - 配置缺少必要参数: macd
2025-08-25 11:43:29,620 - ERROR - 配置缺少必要参数: macd
2025-08-25 11:43:29,620 - ERROR - 配置缺少必要参数: macd
2025-08-25 11:43:29,620 - ERROR - 配置缺少必要参数: macd
2025-08-25 11:43:29,620 - ERROR - 配置缺少必要参数: macd
2025-08-25 11:43:29,622 - ERROR - 配置缺少必要参数: macd
2025-08-25 11:43:29,623 - ERROR - 配置缺少必要参数: macd
2025-08-25 11:43:29,627 - ERROR - 配置缺少必要参数: macd
2025-08-25 11:43:29,628 - ERROR - 配置缺少必要参数: macd
2025-08-25 11:43:29,628 - ERROR - 配置缺少必要参数: macd
2025-08-25 11:43:29,629 - ERROR - 配置缺少必要参数: macd
2025-08-25 11:43:29,631 - ERROR - 配置缺少必要参数: macd
2025-08-25 11:43:29,631 - ERROR - 配置缺少必要参数: macd
2025-08-25 11:43:29,632 - ERROR - 配置缺少必要参数: macd
2025-08-25 11:43:29,632 - ERROR - 配置缺少必要参数: macd
2025-08-25 11:43:29,632 - ERROR - 配置缺少必要参数: macd
2025-08-25 11:43:29,633 - ERROR - 配置缺少必要参数: macd
2025-08-25 11:43:29,633 - ERROR - 配置缺少必要参数: macd
2025-08-25 11:43:29,633 - ERROR - 配置缺少必要参数: macd
2025-08-25 11:43:29,634 - ERROR - 配置缺少必要参数: macd
2025-08-25 11:43:29,635 - ERROR - 配置缺少必要参数: macd
2025-08-25 11:43:29,636 - ERROR - 配置缺少必要参数: macd
2025-08-25 11:43:29,637 - ERROR - 配置缺少必要参数: macd
2025-08-25 11:43:29,638 - ERROR - 配置缺少必要参数: macd
2025-08-25 11:43:29,639 - ERROR - 配置缺少必要参数: macd
2025-08-25 11:43:29,640 - ERROR - 配置缺少必要参数: macd
2025-08-25 11:43:29,641 - ERROR - 配置缺少必要参数: macd
2025-08-25 11:43:29,641 - ERROR - 配置缺少必要参数: macd
2025-08-25 11:43:29,642 - ERROR - 配置缺少必要参数: macd
2025-08-25 11:43:29,642 - ERROR - 配置缺少必要参数: macd
2025-08-25 11:43:29,643 - ERROR - 配置缺少必要参数: macd
2025-08-25 11:43:29,645 - ERROR - 配置缺少必要参数: macd
2025-08-25 11:43:29,646 - ERROR - 配置缺少必要参数: macd
2025-08-25 11:43:29,649 - ERROR - 配置缺少必要参数: macd
2025-08-25 11:43:29,649 - ERROR - 配置缺少必要参数: macd
2025-08-25 11:43:29,649 - ERROR - 配置缺少必要参数: macd
2025-08-25 11:43:29,649 - ERROR - 配置缺少必要参数: macd
2025-08-25 11:43:29,655 - ERROR - 配置缺少必要参数: macd
2025-08-25 11:43:29,656 - ERROR - 配置缺少必要参数: macd
2025-08-25 11:43:29,656 - ERROR - 配置缺少必要参数: macd
2025-08-25 11:43:29,657 - ERROR - 配置缺少必要参数: macd
2025-08-25 11:43:29,664 - ERROR - 配置缺少必要参数: macd
2025-08-25 11:43:29,665 - ERROR - 配置缺少必要参数: macd
2025-08-25 11:43:29,665 - ERROR - 配置缺少必要参数: macd
2025-08-25 11:43:29,666 - ERROR - 配置缺少必要参数: macd
2025-08-25 11:43:29,666 - ERROR - 配置缺少必要参数: macd
2025-08-25 11:43:29,666 - ERROR - 配置缺少必要参数: macd
2025-08-25 11:43:29,666 - ERROR - 配置缺少必要参数: macd
2025-08-25 11:43:29,666 - ERROR - 配置缺少必要参数: macd
2025-08-25 11:43:29,666 - ERROR - 配置缺少必要参数: macd
2025-08-25 11:43:29,666 - ERROR - 配置缺少必要参数: macd
2025-08-25 11:43:29,667 - ERROR - 配置缺少必要参数: macd
2025-08-25 11:43:29,667 - ERROR - 配置缺少必要参数: macd
2025-08-25 11:43:29,668 - ERROR - 配置缺少必要参数: macd
2025-08-25 11:43:29,669 - ERROR - 配置缺少必要参数: macd
2025-08-25 11:43:29,669 - ERROR - 配置缺少必要参数: macd
2025-08-25 11:43:29,669 - ERROR - 配置缺少必要参数: macd
2025-08-25 11:43:29,670 - ERROR - 配置缺少必要参数: macd
2025-08-25 11:43:29,670 - ERROR - 配置缺少必要参数: macd
2025-08-25 11:43:29,670 - ERROR - 配置缺少必要参数: macd
2025-08-25 11:43:29,671 - ERROR - 配置缺少必要参数: macd
2025-08-25 11:43:29,673 - ERROR - 配置缺少必要参数: macd
2025-08-25 11:43:29,674 - ERROR - 配置缺少必要参数: macd
2025-08-25 11:43:29,674 - ERROR - 配置缺少必要参数: macd
2025-08-25 11:43:29,675 - ERROR - 配置缺少必要参数: macd
2025-08-25 11:43:29,677 - ERROR - 配置缺少必要参数: macd
2025-08-25 11:43:29,678 - ERROR - 配置缺少必要参数: macd
2025-08-25 11:43:29,678 - ERROR - 配置缺少必要参数: macd
2025-08-25 11:43:29,678 - ERROR - 配置缺少必要参数: macd
2025-08-25 11:43:29,678 - ERROR - 配置缺少必要参数: macd
2025-08-25 11:43:29,678 - ERROR - 配置缺少必要参数: macd
2025-08-25 11:43:29,680 - ERROR - 配置缺少必要参数: macd
2025-08-25 11:43:29,681 - ERROR - 配置缺少必要参数: macd
2025-08-25 11:43:29,682 - ERROR - 配置缺少必要参数: macd
2025-08-25 11:43:29,683 - ERROR - 配置缺少必要参数: macd
2025-08-25 11:43:29,689 - ERROR - 配置缺少必要参数: macd
2025-08-25 11:43:29,689 - ERROR - 配置缺少必要参数: macd
2025-08-25 11:43:29,690 - ERROR - 配置缺少必要参数: macd
2025-08-25 11:43:29,690 - ERROR - 配置缺少必要参数: macd
2025-08-25 11:43:29,690 - ERROR - 配置缺少必要参数: macd
2025-08-25 11:43:29,690 - ERROR - 配置缺少必要参数: macd
2025-08-25 11:43:29,690 - ERROR - 配置缺少必要参数: macd
2025-08-25 11:43:29,691 - ERROR - 配置缺少必要参数: macd
2025-08-25 11:43:29,692 - ERROR - 配置缺少必要参数: macd
2025-08-25 11:43:29,692 - ERROR - 配置缺少必要参数: macd
2025-08-25 11:43:29,693 - ERROR - 配置缺少必要参数: macd
2025-08-25 11:43:29,693 - ERROR - 配置缺少必要参数: macd
2025-08-25 11:43:29,694 - ERROR - 配置缺少必要参数: macd
2025-08-25 11:43:29,694 - ERROR - 配置缺少必要参数: macd
2025-08-25 11:43:29,701 - ERROR - 配置缺少必要参数: macd
2025-08-25 11:43:29,701 - ERROR - 配置缺少必要参数: macd
2025-08-25 11:43:29,702 - ERROR - 配置缺少必要参数: macd
2025-08-25 11:43:29,702 - ERROR - 配置缺少必要参数: macd
2025-08-25 11:43:29,702 - ERROR - 配置缺少必要参数: macd
2025-08-25 11:43:29,703 - ERROR - 配置缺少必要参数: macd
2025-08-25 11:43:29,706 - ERROR - 配置缺少必要参数: macd
2025-08-25 11:43:29,707 - ERROR - 配置缺少必要参数: macd
2025-08-25 11:43:29,707 - ERROR - 配置缺少必要参数: macd
2025-08-25 11:43:29,707 - ERROR - 配置缺少必要参数: macd
2025-08-25 11:43:29,708 - ERROR - 配置缺少必要参数: macd
2025-08-25 11:43:29,708 - ERROR - 配置缺少必要参数: macd
2025-08-25 11:43:29,714 - ERROR - 配置缺少必要参数: macd
2025-08-25 11:43:29,715 - ERROR - 配置缺少必要参数: macd
2025-08-25 11:43:29,715 - ERROR - 配置缺少必要参数: macd
2025-08-25 11:43:29,716 - ERROR - 配置缺少必要参数: macd
2025-08-25 11:43:29,716 - ERROR - 配置缺少必要参数: macd
2025-08-25 11:43:29,717 - ERROR - 配置缺少必要参数: macd
2025-08-25 11:43:29,717 - ERROR - 配置缺少必要参数: macd
2025-08-25 11:43:29,718 - ERROR - 配置缺少必要参数: macd
2025-08-25 11:43:29,718 - ERROR - 配置缺少必要参数: macd
2025-08-25 11:43:29,719 - ERROR - 配置缺少必要参数: macd
2025-08-25 11:43:29,719 - ERROR - 配置缺少必要参数: macd
2025-08-25 11:43:29,719 - ERROR - 配置缺少必要参数: macd
2025-08-25 11:43:29,720 - ERROR - 配置缺少必要参数: macd
2025-08-25 11:43:29,720 - ERROR - 配置缺少必要参数: macd
2025-08-25 11:43:29,723 - ERROR - 配置缺少必要参数: macd
2025-08-25 11:43:29,724 - ERROR - 配置缺少必要参数: macd
2025-08-25 11:43:29,724 - ERROR - 配置缺少必要参数: macd
2025-08-25 11:43:29,725 - ERROR - 配置缺少必要参数: macd
2025-08-25 11:43:29,726 - ERROR - 配置缺少必要参数: macd
2025-08-25 11:43:29,726 - ERROR - 配置缺少必要参数: macd
2025-08-25 11:43:29,727 - ERROR - 配置缺少必要参数: macd
2025-08-25 11:43:29,727 - ERROR - 配置缺少必要参数: macd
2025-08-25 11:43:29,727 - ERROR - 配置缺少必要参数: macd
2025-08-25 11:43:29,728 - ERROR - 配置缺少必要参数: macd
2025-08-25 11:43:29,728 - ERROR - 配置缺少必要参数: macd
2025-08-25 11:43:29,729 - ERROR - 配置缺少必要参数: macd
2025-08-25 11:43:29,729 - ERROR - 配置缺少必要参数: macd
2025-08-25 11:43:29,729 - ERROR - 配置缺少必要参数: macd
2025-08-25 11:43:29,731 - ERROR - 配置缺少必要参数: macd
2025-08-25 11:43:29,732 - ERROR - 配置缺少必要参数: macd
2025-08-25 11:43:29,732 - ERROR - 配置缺少必要参数: macd
2025-08-25 11:43:29,732 - ERROR - 配置缺少必要参数: macd
2025-08-25 11:43:29,733 - ERROR - 配置缺少必要参数: macd
2025-08-25 11:43:29,734 - ERROR - 配置缺少必要参数: macd
2025-08-25 11:43:29,740 - ERROR - 配置缺少必要参数: macd
2025-08-25 11:43:29,741 - ERROR - 配置缺少必要参数: macd
2025-08-25 11:43:29,744 - ERROR - 配置缺少必要参数: macd
2025-08-25 11:43:29,744 - ERROR - 配置缺少必要参数: macd
2025-08-25 11:43:29,744 - ERROR - 配置缺少必要参数: macd
2025-08-25 11:43:29,745 - ERROR - 配置缺少必要参数: macd
2025-08-25 11:43:29,745 - ERROR - 配置缺少必要参数: macd
2025-08-25 11:43:29,745 - ERROR - 配置缺少必要参数: macd
2025-08-25 11:43:29,746 - ERROR - 配置缺少必要参数: macd
2025-08-25 11:43:29,746 - ERROR - 配置缺少必要参数: macd
2025-08-25 11:43:29,746 - ERROR - 配置缺少必要参数: macd
2025-08-25 11:43:29,746 - ERROR - 配置缺少必要参数: macd
2025-08-25 11:43:29,747 - ERROR - 配置缺少必要参数: macd
2025-08-25 11:43:29,747 - ERROR - 配置缺少必要参数: macd
2025-08-25 11:43:29,747 - ERROR - 配置缺少必要参数: macd
2025-08-25 11:43:29,747 - ERROR - 配置缺少必要参数: macd
2025-08-25 11:43:29,749 - ERROR - 配置缺少必要参数: macd
2025-08-25 11:43:29,750 - ERROR - 配置缺少必要参数: macd
2025-08-25 11:43:29,751 - ERROR - 配置缺少必要参数: macd
2025-08-25 11:43:29,752 - ERROR - 配置缺少必要参数: macd
2025-08-25 11:43:29,753 - ERROR - 配置缺少必要参数: macd
2025-08-25 11:43:29,754 - ERROR - 配置缺少必要参数: macd
2025-08-25 11:43:29,756 - ERROR - 配置缺少必要参数: macd
2025-08-25 11:43:29,757 - ERROR - 配置缺少必要参数: macd
2025-08-25 11:43:29,759 - ERROR - 配置缺少必要参数: macd
2025-08-25 11:43:29,760 - ERROR - 配置缺少必要参数: macd
2025-08-25 11:43:29,762 - ERROR - 配置缺少必要参数: macd
2025-08-25 11:43:29,763 - ERROR - 配置缺少必要参数: macd
2025-08-25 11:43:29,763 - ERROR - 配置缺少必要参数: macd
2025-08-25 11:43:29,764 - ERROR - 配置缺少必要参数: macd
2025-08-25 11:43:29,769 - ERROR - 配置缺少必要参数: macd
2025-08-25 11:43:29,770 - ERROR - 配置缺少必要参数: macd
2025-08-25 11:43:29,770 - ERROR - 配置缺少必要参数: macd
2025-08-25 11:43:29,771 - ERROR - 配置缺少必要参数: macd
2025-08-25 11:43:29,772 - ERROR - 配置缺少必要参数: macd
2025-08-25 11:43:29,772 - ERROR - 配置缺少必要参数: macd
2025-08-25 11:43:29,773 - ERROR - 配置缺少必要参数: macd
2025-08-25 11:43:29,773 - ERROR - 配置缺少必要参数: macd
2025-08-25 11:43:29,773 - ERROR - 配置缺少必要参数: macd
2025-08-25 11:43:29,773 - ERROR - 配置缺少必要参数: macd
2025-08-25 11:43:29,773 - ERROR - 配置缺少必要参数: macd
2025-08-25 11:43:29,774 - ERROR - 配置缺少必要参数: macd
2025-08-25 11:43:29,774 - ERROR - 配置缺少必要参数: macd
2025-08-25 11:43:29,775 - ERROR - 配置缺少必要参数: macd
2025-08-25 11:43:29,776 - ERROR - 配置缺少必要参数: macd
2025-08-25 11:43:29,777 - ERROR - 配置缺少必要参数: macd
2025-08-25 11:43:29,777 - ERROR - 配置缺少必要参数: macd
2025-08-25 11:43:29,778 - ERROR - 配置缺少必要参数: macd
2025-08-25 11:43:29,778 - ERROR - 配置缺少必要参数: macd
2025-08-25 11:43:29,779 - ERROR - 配置缺少必要参数: macd
2025-08-25 11:43:29,779 - ERROR - 配置缺少必要参数: macd
2025-08-25 11:43:29,780 - ERROR - 配置缺少必要参数: macd
2025-08-25 11:43:29,782 - ERROR - 配置缺少必要参数: macd
2025-08-25 11:43:29,782 - ERROR - 配置缺少必要参数: macd
2025-08-25 11:43:29,782 - ERROR - 配置缺少必要参数: macd
2025-08-25 11:43:29,782 - ERROR - 配置缺少必要参数: macd
2025-08-25 11:43:29,783 - ERROR - 配置缺少必要参数: macd
2025-08-25 11:43:29,783 - ERROR - 配置缺少必要参数: macd
2025-08-25 11:43:29,785 - ERROR - 配置缺少必要参数: macd
2025-08-25 11:43:29,786 - ERROR - 配置缺少必要参数: macd
2025-08-25 11:43:29,787 - ERROR - 配置缺少必要参数: macd
2025-08-25 11:43:29,788 - ERROR - 配置缺少必要参数: macd
2025-08-25 11:43:29,788 - ERROR - 配置缺少必要参数: macd
2025-08-25 11:43:29,789 - ERROR - 配置缺少必要参数: macd
2025-08-25 11:43:29,790 - ERROR - 配置缺少必要参数: macd
2025-08-25 11:43:29,790 - ERROR - 配置缺少必要参数: macd
2025-08-25 11:43:29,792 - ERROR - 配置缺少必要参数: macd
2025-08-25 11:43:29,793 - ERROR - 配置缺少必要参数: macd
2025-08-25 11:43:29,795 - ERROR - 配置缺少必要参数: macd
2025-08-25 11:43:29,796 - ERROR - 配置缺少必要参数: macd
2025-08-25 11:43:29,799 - ERROR - 配置缺少必要参数: macd
2025-08-25 11:43:29,800 - ERROR - 配置缺少必要参数: macd
2025-08-25 11:43:29,800 - ERROR - 配置缺少必要参数: macd
2025-08-25 11:43:29,800 - ERROR - 配置缺少必要参数: macd
2025-08-25 11:43:29,801 - ERROR - 配置缺少必要参数: macd
2025-08-25 11:43:29,801 - ERROR - 配置缺少必要参数: macd
2025-08-25 11:43:29,802 - ERROR - 配置缺少必要参数: macd
2025-08-25 11:43:29,802 - ERROR - 配置缺少必要参数: macd
2025-08-25 11:43:29,803 - ERROR - 配置缺少必要参数: macd
2025-08-25 11:43:29,803 - ERROR - 配置缺少必要参数: macd
2025-08-25 11:43:29,805 - ERROR - 配置缺少必要参数: macd
2025-08-25 11:43:29,805 - ERROR - 配置缺少必要参数: macd
2025-08-25 11:43:29,806 - ERROR - 配置缺少必要参数: macd
2025-08-25 11:43:29,806 - ERROR - 配置缺少必要参数: macd
2025-08-25 11:43:29,807 - ERROR - 配置缺少必要参数: macd
2025-08-25 11:43:29,807 - ERROR - 配置缺少必要参数: macd
2025-08-25 11:43:29,808 - ERROR - 配置缺少必要参数: macd
2025-08-25 11:43:29,808 - ERROR - 配置缺少必要参数: macd
2025-08-25 11:43:29,814 - ERROR - 配置缺少必要参数: macd
2025-08-25 11:43:29,815 - ERROR - 配置缺少必要参数: macd
2025-08-25 11:43:29,818 - ERROR - 配置缺少必要参数: macd
2025-08-25 11:43:29,819 - ERROR - 配置缺少必要参数: macd
2025-08-25 11:43:29,819 - ERROR - 配置缺少必要参数: macd
2025-08-25 11:43:29,820 - ERROR - 配置缺少必要参数: macd
2025-08-25 11:43:29,824 - ERROR - 配置缺少必要参数: macd
2025-08-25 11:43:29,825 - ERROR - 配置缺少必要参数: macd
2025-08-25 11:43:29,826 - ERROR - 配置缺少必要参数: macd
2025-08-25 11:43:29,827 - ERROR - 配置缺少必要参数: macd
2025-08-25 11:43:29,827 - ERROR - 配置缺少必要参数: macd
2025-08-25 11:43:29,828 - ERROR - 配置缺少必要参数: macd
2025-08-25 11:43:29,829 - ERROR - 配置缺少必要参数: macd
2025-08-25 11:43:29,829 - ERROR - 配置缺少必要参数: macd
2025-08-25 11:43:29,831 - ERROR - 配置缺少必要参数: macd
2025-08-25 11:43:29,831 - ERROR - 配置缺少必要参数: macd
2025-08-25 11:43:29,832 - ERROR - 配置缺少必要参数: macd
2025-08-25 11:43:29,832 - ERROR - 配置缺少必要参数: macd
2025-08-25 11:43:29,832 - ERROR - 配置缺少必要参数: macd
2025-08-25 11:43:29,832 - ERROR - 配置缺少必要参数: macd
2025-08-25 11:43:29,833 - ERROR - 配置缺少必要参数: macd
2025-08-25 11:43:29,833 - ERROR - 配置缺少必要参数: macd
2025-08-25 11:43:29,833 - ERROR - 配置缺少必要参数: macd
2025-08-25 11:43:29,834 - ERROR - 配置缺少必要参数: macd
2025-08-25 11:43:29,835 - ERROR - 配置缺少必要参数: macd
2025-08-25 11:43:29,835 - ERROR - 配置缺少必要参数: macd
2025-08-25 11:43:29,835 - ERROR - 配置缺少必要参数: macd
2025-08-25 11:43:29,835 - ERROR - 配置缺少必要参数: macd
2025-08-25 11:43:29,836 - ERROR - 配置缺少必要参数: macd
2025-08-25 11:43:29,836 - ERROR - 配置缺少必要参数: macd
2025-08-25 11:43:29,836 - ERROR - 配置缺少必要参数: macd
2025-08-25 11:43:29,837 - ERROR - 配置缺少必要参数: macd
2025-08-25 11:43:29,837 - ERROR - 配置缺少必要参数: macd
2025-08-25 11:43:29,838 - ERROR - 配置缺少必要参数: macd
2025-08-25 11:43:29,840 - ERROR - 配置缺少必要参数: macd
2025-08-25 11:43:29,841 - ERROR - 配置缺少必要参数: macd
2025-08-25 11:43:29,844 - ERROR - 配置缺少必要参数: macd
2025-08-25 11:43:29,844 - ERROR - 配置缺少必要参数: macd
2025-08-25 11:43:29,845 - ERROR - 配置缺少必要参数: macd
2025-08-25 11:43:29,845 - ERROR - 配置缺少必要参数: macd
2025-08-25 11:43:29,845 - ERROR - 配置缺少必要参数: macd
2025-08-25 11:43:29,846 - ERROR - 配置缺少必要参数: macd
2025-08-25 11:43:29,848 - ERROR - 配置缺少必要参数: macd
2025-08-25 11:43:29,848 - ERROR - 配置缺少必要参数: macd
2025-08-25 11:43:29,849 - ERROR - 配置缺少必要参数: macd
2025-08-25 11:43:29,849 - ERROR - 配置缺少必要参数: macd
2025-08-25 11:43:29,852 - ERROR - 配置缺少必要参数: macd
2025-08-25 11:43:29,853 - ERROR - 配置缺少必要参数: macd
2025-08-25 11:43:29,853 - ERROR - 配置缺少必要参数: macd
2025-08-25 11:43:29,853 - ERROR - 配置缺少必要参数: macd
2025-08-25 11:43:29,855 - ERROR - 配置缺少必要参数: macd
2025-08-25 11:43:29,856 - ERROR - 配置缺少必要参数: macd
2025-08-25 11:43:29,856 - ERROR - 配置缺少必要参数: macd
2025-08-25 11:43:29,857 - ERROR - 配置缺少必要参数: macd
2025-08-25 11:43:29,857 - ERROR - 配置缺少必要参数: macd
2025-08-25 11:43:29,858 - ERROR - 配置缺少必要参数: macd
2025-08-25 11:43:29,858 - ERROR - 配置缺少必要参数: macd
2025-08-25 11:43:29,858 - ERROR - 配置缺少必要参数: macd
2025-08-25 11:43:29,862 - ERROR - 配置缺少必要参数: macd
2025-08-25 11:43:29,863 - ERROR - 配置缺少必要参数: macd
2025-08-25 11:43:29,867 - ERROR - 配置缺少必要参数: macd
2025-08-25 11:43:29,867 - ERROR - 配置缺少必要参数: macd
2025-08-25 11:43:29,867 - ERROR - 配置缺少必要参数: macd
2025-08-25 11:43:29,868 - ERROR - 配置缺少必要参数: macd
2025-08-25 11:43:29,869 - ERROR - 配置缺少必要参数: macd
2025-08-25 11:43:29,870 - ERROR - 配置缺少必要参数: macd
2025-08-25 11:43:29,872 - ERROR - 配置缺少必要参数: macd
2025-08-25 11:43:29,872 - ERROR - 配置缺少必要参数: macd
2025-08-25 11:43:29,873 - ERROR - 配置缺少必要参数: macd
2025-08-25 11:43:29,873 - ERROR - 配置缺少必要参数: macd
2025-08-25 11:43:29,873 - ERROR - 配置缺少必要参数: macd
2025-08-25 11:43:29,873 - ERROR - 配置缺少必要参数: macd
2025-08-25 11:43:29,876 - ERROR - 配置缺少必要参数: macd
2025-08-25 11:43:29,876 - ERROR - 配置缺少必要参数: macd
2025-08-25 11:43:29,876 - ERROR - 配置缺少必要参数: macd
2025-08-25 11:43:29,877 - ERROR - 配置缺少必要参数: macd
2025-08-25 11:43:29,884 - ERROR - 配置缺少必要参数: macd
2025-08-25 11:43:29,884 - ERROR - 配置缺少必要参数: macd
2025-08-25 11:43:29,885 - ERROR - 配置缺少必要参数: macd
2025-08-25 11:43:29,885 - ERROR - 配置缺少必要参数: macd
2025-08-25 11:43:29,885 - ERROR - 配置缺少必要参数: macd
2025-08-25 11:43:29,885 - ERROR - 配置缺少必要参数: macd
2025-08-25 11:43:29,886 - ERROR - 配置缺少必要参数: macd
2025-08-25 11:43:29,887 - ERROR - 配置缺少必要参数: macd
2025-08-25 11:43:29,887 - ERROR - 配置缺少必要参数: macd
2025-08-25 11:43:29,887 - ERROR - 配置缺少必要参数: macd
2025-08-25 11:43:29,888 - ERROR - 配置缺少必要参数: macd
2025-08-25 11:43:29,888 - ERROR - 配置缺少必要参数: macd
2025-08-25 11:43:29,888 - ERROR - 配置缺少必要参数: macd
2025-08-25 11:43:29,888 - ERROR - 配置缺少必要参数: macd
2025-08-25 11:43:29,888 - ERROR - 配置缺少必要参数: macd
2025-08-25 11:43:29,888 - ERROR - 配置缺少必要参数: macd
2025-08-25 11:43:29,889 - ERROR - 配置缺少必要参数: macd
2025-08-25 11:43:29,889 - ERROR - 配置缺少必要参数: macd
2025-08-25 11:43:29,889 - ERROR - 配置缺少必要参数: macd
2025-08-25 11:43:29,890 - ERROR - 配置缺少必要参数: macd
2025-08-25 11:43:29,892 - ERROR - 配置缺少必要参数: macd
2025-08-25 11:43:29,892 - ERROR - 配置缺少必要参数: macd
2025-08-25 11:43:29,894 - ERROR - 配置缺少必要参数: macd
2025-08-25 11:43:29,895 - ERROR - 配置缺少必要参数: macd
2025-08-25 11:43:29,901 - ERROR - 配置缺少必要参数: macd
2025-08-25 11:43:29,902 - ERROR - 配置缺少必要参数: macd
2025-08-25 11:43:29,902 - ERROR - 配置缺少必要参数: macd
2025-08-25 11:43:29,902 - ERROR - 配置缺少必要参数: macd
2025-08-25 11:43:29,902 - ERROR - 配置缺少必要参数: macd
2025-08-25 11:43:29,902 - ERROR - 配置缺少必要参数: macd
2025-08-25 11:43:29,903 - ERROR - 配置缺少必要参数: macd
2025-08-25 11:43:29,903 - ERROR - 配置缺少必要参数: macd
2025-08-25 11:43:29,906 - ERROR - 配置缺少必要参数: macd
2025-08-25 11:43:29,906 - ERROR - 配置缺少必要参数: macd
2025-08-25 11:43:29,907 - ERROR - 配置缺少必要参数: macd
2025-08-25 11:43:29,907 - ERROR - 配置缺少必要参数: macd
2025-08-25 11:43:29,907 - ERROR - 配置缺少必要参数: macd
2025-08-25 11:43:29,907 - ERROR - 配置缺少必要参数: macd
2025-08-25 11:43:29,908 - ERROR - 配置缺少必要参数: macd
2025-08-25 11:43:29,908 - ERROR - 配置缺少必要参数: macd
2025-08-25 11:43:29,909 - ERROR - 配置缺少必要参数: macd
2025-08-25 11:43:29,910 - ERROR - 配置缺少必要参数: macd
2025-08-25 11:43:29,910 - ERROR - 配置缺少必要参数: macd
2025-08-25 11:43:29,913 - ERROR - 配置缺少必要参数: macd
2025-08-25 11:43:29,913 - ERROR - 配置缺少必要参数: macd
2025-08-25 11:43:29,914 - ERROR - 配置缺少必要参数: macd
2025-08-25 11:43:29,916 - ERROR - 配置缺少必要参数: macd
2025-08-25 11:43:29,916 - ERROR - 配置缺少必要参数: macd
2025-08-25 11:43:29,917 - ERROR - 配置缺少必要参数: macd
2025-08-25 11:43:29,917 - ERROR - 配置缺少必要参数: macd
2025-08-25 11:43:29,919 - ERROR - 配置缺少必要参数: macd
2025-08-25 11:43:29,920 - ERROR - 配置缺少必要参数: macd
2025-08-25 11:43:29,920 - ERROR - 配置缺少必要参数: macd
2025-08-25 11:43:29,921 - ERROR - 配置缺少必要参数: macd
2025-08-25 11:43:29,926 - ERROR - 配置缺少必要参数: macd
2025-08-25 11:43:29,926 - ERROR - 配置缺少必要参数: macd
2025-08-25 11:43:29,927 - ERROR - 配置缺少必要参数: macd
2025-08-25 11:43:29,928 - ERROR - 配置缺少必要参数: macd
2025-08-25 11:43:29,930 - ERROR - 配置缺少必要参数: macd
2025-08-25 11:43:29,931 - ERROR - 配置缺少必要参数: macd
2025-08-25 11:43:29,931 - ERROR - 配置缺少必要参数: macd
2025-08-25 11:43:29,932 - ERROR - 配置缺少必要参数: macd
2025-08-25 11:43:29,933 - ERROR - 配置缺少必要参数: macd
2025-08-25 11:43:29,933 - ERROR - 配置缺少必要参数: macd
2025-08-25 11:43:29,937 - ERROR - 配置缺少必要参数: macd
2025-08-25 11:43:29,938 - ERROR - 配置缺少必要参数: macd
2025-08-25 11:43:29,939 - ERROR - 配置缺少必要参数: macd
2025-08-25 11:43:29,940 - ERROR - 配置缺少必要参数: macd
2025-08-25 11:43:29,940 - ERROR - 配置缺少必要参数: macd
2025-08-25 11:43:29,941 - ERROR - 配置缺少必要参数: macd
2025-08-25 11:43:29,942 - ERROR - 配置缺少必要参数: macd
2025-08-25 11:43:29,942 - ERROR - 配置缺少必要参数: macd
2025-08-25 11:43:29,942 - ERROR - 配置缺少必要参数: macd
2025-08-25 11:43:29,943 - ERROR - 配置缺少必要参数: macd
2025-08-25 11:43:29,943 - ERROR - 配置缺少必要参数: macd
2025-08-25 11:43:29,943 - ERROR - 配置缺少必要参数: macd
2025-08-25 11:43:29,944 - ERROR - 配置缺少必要参数: macd
2025-08-25 11:43:29,945 - ERROR - 配置缺少必要参数: macd
2025-08-25 11:43:29,949 - ERROR - 配置缺少必要参数: macd
2025-08-25 11:43:29,950 - ERROR - 配置缺少必要参数: macd
2025-08-25 11:43:29,950 - ERROR - 配置缺少必要参数: macd
2025-08-25 11:43:29,951 - ERROR - 配置缺少必要参数: macd
2025-08-25 11:43:29,956 - ERROR - 配置缺少必要参数: macd
2025-08-25 11:43:29,956 - ERROR - 配置缺少必要参数: macd
2025-08-25 11:43:29,956 - ERROR - 配置缺少必要参数: macd
2025-08-25 11:43:29,956 - ERROR - 配置缺少必要参数: macd
2025-08-25 11:43:29,956 - ERROR - 配置缺少必要参数: macd
2025-08-25 11:43:29,956 - ERROR - 配置缺少必要参数: macd
2025-08-25 11:43:29,959 - ERROR - 配置缺少必要参数: macd
2025-08-25 11:43:29,959 - ERROR - 配置缺少必要参数: macd
2025-08-25 11:43:29,959 - ERROR - 配置缺少必要参数: macd
2025-08-25 11:43:29,960 - ERROR - 配置缺少必要参数: macd
2025-08-25 11:43:29,960 - ERROR - 配置缺少必要参数: macd
2025-08-25 11:43:29,960 - ERROR - 配置缺少必要参数: macd
2025-08-25 11:43:29,961 - ERROR - 配置缺少必要参数: macd
2025-08-25 11:43:29,961 - ERROR - 配置缺少必要参数: macd
2025-08-25 11:43:29,961 - ERROR - 配置缺少必要参数: macd
2025-08-25 11:43:29,962 - ERROR - 配置缺少必要参数: macd
2025-08-25 11:43:29,962 - ERROR - 配置缺少必要参数: macd
2025-08-25 11:43:29,963 - ERROR - 配置缺少必要参数: macd
2025-08-25 11:43:29,964 - ERROR - 配置缺少必要参数: macd
2025-08-25 11:43:29,965 - ERROR - 配置缺少必要参数: macd
2025-08-25 11:43:29,965 - ERROR - 配置缺少必要参数: macd
2025-08-25 11:43:29,965 - ERROR - 配置缺少必要参数: macd
2025-08-25 11:43:29,965 - ERROR - 配置缺少必要参数: macd
2025-08-25 11:43:29,966 - ERROR - 配置缺少必要参数: macd
2025-08-25 11:43:29,966 - ERROR - 配置缺少必要参数: macd
2025-08-25 11:43:29,966 - ERROR - 配置缺少必要参数: macd
2025-08-25 11:43:29,966 - ERROR - 配置缺少必要参数: macd
2025-08-25 11:43:29,966 - ERROR - 配置缺少必要参数: macd
2025-08-25 11:43:29,967 - ERROR - 配置缺少必要参数: macd
2025-08-25 11:43:29,968 - ERROR - 配置缺少必要参数: macd
2025-08-25 11:43:29,971 - ERROR - 配置缺少必要参数: macd
2025-08-25 11:43:29,972 - ERROR - 配置缺少必要参数: macd
2025-08-25 11:43:29,975 - ERROR - 配置缺少必要参数: macd
2025-08-25 11:43:29,976 - ERROR - 配置缺少必要参数: macd
2025-08-25 11:43:29,978 - ERROR - 配置缺少必要参数: macd
2025-08-25 11:43:29,979 - ERROR - 配置缺少必要参数: macd
2025-08-25 11:43:29,983 - ERROR - 配置缺少必要参数: macd
2025-08-25 11:43:29,983 - ERROR - 配置缺少必要参数: macd
2025-08-25 11:43:29,983 - ERROR - 配置缺少必要参数: macd
2025-08-25 11:43:29,984 - ERROR - 配置缺少必要参数: macd
2025-08-25 11:43:29,986 - ERROR - 配置缺少必要参数: macd
2025-08-25 11:43:29,987 - ERROR - 配置缺少必要参数: macd
2025-08-25 11:43:29,988 - ERROR - 配置缺少必要参数: macd
2025-08-25 11:43:29,988 - ERROR - 配置缺少必要参数: macd
2025-08-25 11:43:29,991 - ERROR - 配置缺少必要参数: macd
2025-08-25 11:43:29,992 - ERROR - 配置缺少必要参数: macd
2025-08-25 11:43:29,995 - ERROR - 配置缺少必要参数: macd
2025-08-25 11:43:29,995 - ERROR - 配置缺少必要参数: macd
2025-08-25 11:43:29,995 - ERROR - 配置缺少必要参数: macd
2025-08-25 11:43:29,996 - ERROR - 配置缺少必要参数: macd
2025-08-25 11:43:29,996 - ERROR - 配置缺少必要参数: macd
2025-08-25 11:43:29,996 - ERROR - 配置缺少必要参数: macd
2025-08-25 11:43:29,997 - ERROR - 配置缺少必要参数: macd
2025-08-25 11:43:29,997 - ERROR - 配置缺少必要参数: macd
2025-08-25 11:43:29,998 - ERROR - 配置缺少必要参数: macd
2025-08-25 11:43:29,999 - ERROR - 配置缺少必要参数: macd
2025-08-25 11:43:29,999 - ERROR - 配置缺少必要参数: macd
2025-08-25 11:43:30,000 - ERROR - 配置缺少必要参数: macd
2025-08-25 11:43:30,001 - ERROR - 配置缺少必要参数: macd
2025-08-25 11:43:30,003 - ERROR - 配置缺少必要参数: macd
2025-08-25 11:43:30,006 - ERROR - 配置缺少必要参数: macd
2025-08-25 11:43:30,006 - ERROR - 配置缺少必要参数: macd
2025-08-25 11:43:30,007 - ERROR - 配置缺少必要参数: macd
2025-08-25 11:43:30,007 - ERROR - 配置缺少必要参数: macd
2025-08-25 11:43:30,007 - ERROR - 配置缺少必要参数: macd
2025-08-25 11:43:30,008 - ERROR - 配置缺少必要参数: macd
2025-08-25 11:43:30,009 - ERROR - 配置缺少必要参数: macd
2025-08-25 11:43:30,010 - ERROR - 配置缺少必要参数: macd
2025-08-25 11:43:30,010 - ERROR - 配置缺少必要参数: macd
2025-08-25 11:43:30,012 - ERROR - 配置缺少必要参数: macd
2025-08-25 11:43:30,013 - ERROR - 配置缺少必要参数: macd
2025-08-25 11:43:30,013 - ERROR - 配置缺少必要参数: macd
2025-08-25 11:43:30,014 - ERROR - 配置缺少必要参数: macd
2025-08-25 11:43:30,014 - ERROR - 配置缺少必要参数: macd
2025-08-25 11:43:30,014 - ERROR - 配置缺少必要参数: macd
2025-08-25 11:43:30,014 - ERROR - 配置缺少必要参数: macd
2025-08-25 11:43:30,015 - ERROR - 配置缺少必要参数: macd
2025-08-25 11:43:30,015 - ERROR - 配置缺少必要参数: macd
2025-08-25 11:43:30,015 - ERROR - 配置缺少必要参数: macd
2025-08-25 11:43:30,016 - ERROR - 配置缺少必要参数: macd
2025-08-25 11:43:30,017 - ERROR - 配置缺少必要参数: macd
2025-08-25 11:43:30,017 - ERROR - 配置缺少必要参数: macd
2025-08-25 11:43:30,017 - ERROR - 配置缺少必要参数: macd
2025-08-25 11:43:30,017 - ERROR - 配置缺少必要参数: macd
2025-08-25 11:43:30,017 - ERROR - 配置缺少必要参数: macd
2025-08-25 11:43:30,018 - ERROR - 配置缺少必要参数: macd
2025-08-25 11:43:30,018 - ERROR - 配置缺少必要参数: macd
2025-08-25 11:43:30,018 - ERROR - 配置缺少必要参数: macd
2025-08-25 11:43:30,020 - ERROR - 配置缺少必要参数: macd
2025-08-25 11:43:30,020 - ERROR - 配置缺少必要参数: macd
2025-08-25 11:43:30,021 - ERROR - 配置缺少必要参数: macd
2025-08-25 11:43:30,021 - ERROR - 配置缺少必要参数: macd
2025-08-25 11:43:30,027 - ERROR - 配置缺少必要参数: macd
2025-08-25 11:43:30,028 - ERROR - 配置缺少必要参数: macd
2025-08-25 11:43:30,029 - ERROR - 配置缺少必要参数: macd
2025-08-25 11:43:30,030 - ERROR - 配置缺少必要参数: macd
2025-08-25 11:43:30,031 - ERROR - 配置缺少必要参数: macd
2025-08-25 11:43:30,031 - ERROR - 配置缺少必要参数: macd
2025-08-25 11:43:30,032 - ERROR - 配置缺少必要参数: macd
2025-08-25 11:43:30,033 - ERROR - 配置缺少必要参数: macd
2025-08-25 11:43:30,034 - ERROR - 配置缺少必要参数: macd
2025-08-25 11:43:30,035 - ERROR - 配置缺少必要参数: macd
2025-08-25 11:43:30,040 - ERROR - 配置缺少必要参数: macd
2025-08-25 11:43:30,041 - ERROR - 配置缺少必要参数: macd
2025-08-25 11:43:30,041 - ERROR - 配置缺少必要参数: macd
2025-08-25 11:43:30,042 - ERROR - 配置缺少必要参数: macd
2025-08-25 11:43:30,042 - ERROR - 配置缺少必要参数: macd
2025-08-25 11:43:30,042 - ERROR - 配置缺少必要参数: macd
2025-08-25 11:43:30,043 - ERROR - 配置缺少必要参数: macd
2025-08-25 11:43:30,043 - ERROR - 配置缺少必要参数: macd
2025-08-25 11:43:30,044 - ERROR - 配置缺少必要参数: macd
2025-08-25 11:43:30,045 - ERROR - 配置缺少必要参数: macd
2025-08-25 11:43:30,045 - ERROR - 配置缺少必要参数: macd
2025-08-25 11:43:30,045 - ERROR - 配置缺少必要参数: macd
2025-08-25 11:43:30,046 - ERROR - 配置缺少必要参数: macd
2025-08-25 11:43:30,047 - ERROR - 配置缺少必要参数: macd
2025-08-25 11:43:30,049 - ERROR - 配置缺少必要参数: macd
2025-08-25 11:43:30,050 - ERROR - 配置缺少必要参数: macd
2025-08-25 11:43:30,051 - ERROR - 配置缺少必要参数: macd
2025-08-25 11:43:30,052 - ERROR - 配置缺少必要参数: macd
2025-08-25 11:43:30,054 - ERROR - 配置缺少必要参数: macd
2025-08-25 11:43:30,054 - ERROR - 配置缺少必要参数: macd
2025-08-25 11:43:30,054 - ERROR - 配置缺少必要参数: macd
2025-08-25 11:43:30,055 - ERROR - 配置缺少必要参数: macd
2025-08-25 11:43:30,058 - ERROR - 配置缺少必要参数: macd
2025-08-25 11:43:30,059 - ERROR - 配置缺少必要参数: macd
2025-08-25 11:43:30,059 - ERROR - 配置缺少必要参数: macd
2025-08-25 11:43:30,059 - ERROR - 配置缺少必要参数: macd
2025-08-25 11:43:30,060 - ERROR - 配置缺少必要参数: macd
2025-08-25 11:43:30,060 - ERROR - 配置缺少必要参数: macd
2025-08-25 11:43:30,061 - ERROR - 配置缺少必要参数: macd
2025-08-25 11:43:30,061 - ERROR - 配置缺少必要参数: macd
2025-08-25 11:43:30,062 - ERROR - 配置缺少必要参数: macd
2025-08-25 11:43:30,063 - ERROR - 配置缺少必要参数: macd
2025-08-25 11:43:30,065 - ERROR - 配置缺少必要参数: macd
2025-08-25 11:43:30,066 - ERROR - 配置缺少必要参数: macd
2025-08-25 11:43:30,066 - ERROR - 配置缺少必要参数: macd
2025-08-25 11:43:30,067 - ERROR - 配置缺少必要参数: macd
2025-08-25 11:43:30,067 - ERROR - 配置缺少必要参数: macd
2025-08-25 11:43:30,068 - ERROR - 配置缺少必要参数: macd
2025-08-25 11:43:30,068 - ERROR - 配置缺少必要参数: macd
2025-08-25 11:43:30,069 - ERROR - 配置缺少必要参数: macd
2025-08-25 11:43:30,069 - ERROR - 配置缺少必要参数: macd
2025-08-25 11:43:30,069 - ERROR - 配置缺少必要参数: macd
2025-08-25 11:43:30,073 - ERROR - 配置缺少必要参数: macd
2025-08-25 11:43:30,073 - ERROR - 配置缺少必要参数: macd
2025-08-25 11:43:30,074 - ERROR - 配置缺少必要参数: macd
2025-08-25 11:43:30,074 - ERROR - 配置缺少必要参数: macd
2025-08-25 11:43:30,075 - ERROR - 配置缺少必要参数: macd
2025-08-25 11:43:30,075 - ERROR - 配置缺少必要参数: macd
2025-08-25 11:43:30,076 - ERROR - 配置缺少必要参数: macd
2025-08-25 11:43:30,076 - ERROR - 配置缺少必要参数: macd
2025-08-25 11:43:30,077 - ERROR - 配置缺少必要参数: macd
2025-08-25 11:43:30,078 - ERROR - 配置缺少必要参数: macd
2025-08-25 11:43:30,081 - ERROR - 配置缺少必要参数: macd
2025-08-25 11:43:30,082 - ERROR - 配置缺少必要参数: macd
2025-08-25 11:43:30,082 - ERROR - 配置缺少必要参数: macd
2025-08-25 11:43:30,083 - ERROR - 配置缺少必要参数: macd
2025-08-25 11:43:30,086 - ERROR - 配置缺少必要参数: macd
2025-08-25 11:43:30,087 - ERROR - 配置缺少必要参数: macd
2025-08-25 11:43:30,087 - ERROR - 配置缺少必要参数: macd
2025-08-25 11:43:30,088 - ERROR - 配置缺少必要参数: macd
2025-08-25 11:43:30,088 - ERROR - 配置缺少必要参数: macd
2025-08-25 11:43:30,088 - ERROR - 配置缺少必要参数: macd
2025-08-25 11:43:30,088 - ERROR - 配置缺少必要参数: macd
2025-08-25 11:43:30,089 - ERROR - 配置缺少必要参数: macd
2025-08-25 11:43:30,093 - ERROR - 配置缺少必要参数: macd
2025-08-25 11:43:30,093 - ERROR - 配置缺少必要参数: macd
2025-08-25 11:43:30,093 - ERROR - 配置缺少必要参数: macd
2025-08-25 11:43:30,093 - ERROR - 配置缺少必要参数: macd
2025-08-25 11:43:30,093 - ERROR - 配置缺少必要参数: macd
2025-08-25 11:43:30,094 - ERROR - 配置缺少必要参数: macd
2025-08-25 11:43:30,096 - ERROR - 配置缺少必要参数: macd
2025-08-25 11:43:30,097 - ERROR - 配置缺少必要参数: macd
2025-08-25 11:43:30,097 - ERROR - 配置缺少必要参数: macd
2025-08-25 11:43:30,097 - ERROR - 配置缺少必要参数: macd
2025-08-25 11:43:30,099 - ERROR - 配置缺少必要参数: macd
2025-08-25 11:43:30,099 - ERROR - 配置缺少必要参数: macd
2025-08-25 11:43:30,100 - ERROR - 配置缺少必要参数: macd
2025-08-25 11:43:30,100 - ERROR - 配置缺少必要参数: macd
2025-08-25 11:43:30,105 - ERROR - 配置缺少必要参数: macd
2025-08-25 11:43:30,106 - ERROR - 配置缺少必要参数: macd
2025-08-25 11:43:30,106 - ERROR - 配置缺少必要参数: macd
2025-08-25 11:43:30,107 - ERROR - 配置缺少必要参数: macd
2025-08-25 11:43:30,108 - ERROR - 配置缺少必要参数: macd
2025-08-25 11:43:30,109 - ERROR - 配置缺少必要参数: macd
2025-08-25 11:43:30,113 - ERROR - 配置缺少必要参数: macd
2025-08-25 11:43:30,114 - ERROR - 配置缺少必要参数: macd
2025-08-25 11:43:30,114 - ERROR - 配置缺少必要参数: macd
2025-08-25 11:43:30,114 - ERROR - 配置缺少必要参数: macd
2025-08-25 11:43:30,118 - ERROR - 配置缺少必要参数: macd
2025-08-25 11:43:30,119 - ERROR - 配置缺少必要参数: macd
2025-08-25 11:43:30,120 - ERROR - 配置缺少必要参数: macd
2025-08-25 11:43:30,120 - ERROR - 配置缺少必要参数: macd
2025-08-25 11:43:30,121 - ERROR - 配置缺少必要参数: macd
2025-08-25 11:43:30,121 - ERROR - 配置缺少必要参数: macd
2025-08-25 11:43:30,121 - ERROR - 配置缺少必要参数: macd
2025-08-25 11:43:30,122 - ERROR - 配置缺少必要参数: macd
2025-08-25 11:43:30,122 - ERROR - 配置缺少必要参数: macd
2025-08-25 11:43:30,122 - ERROR - 配置缺少必要参数: macd
2025-08-25 11:43:30,123 - ERROR - 配置缺少必要参数: macd
2025-08-25 11:43:30,123 - ERROR - 配置缺少必要参数: macd
2025-08-25 11:43:30,124 - ERROR - 配置缺少必要参数: macd
2025-08-25 11:43:30,124 - ERROR - 配置缺少必要参数: macd
2025-08-25 11:43:30,125 - ERROR - 配置缺少必要参数: macd
2025-08-25 11:43:30,126 - ERROR - 配置缺少必要参数: macd
2025-08-25 11:43:30,126 - ERROR - 配置缺少必要参数: macd
2025-08-25 11:43:30,126 - ERROR - 配置缺少必要参数: macd
2025-08-25 11:43:30,127 - ERROR - 配置缺少必要参数: macd
2025-08-25 11:43:30,127 - ERROR - 配置缺少必要参数: macd
2025-08-25 11:43:30,129 - ERROR - 配置缺少必要参数: macd
2025-08-25 11:43:30,129 - ERROR - 配置缺少必要参数: macd
2025-08-25 11:43:30,129 - ERROR - 配置缺少必要参数: macd
2025-08-25 11:43:30,129 - ERROR - 配置缺少必要参数: macd
2025-08-25 11:43:30,130 - ERROR - 配置缺少必要参数: macd
2025-08-25 11:43:30,131 - ERROR - 配置缺少必要参数: macd
2025-08-25 11:43:30,131 - ERROR - 配置缺少必要参数: macd
2025-08-25 11:43:30,132 - ERROR - 配置缺少必要参数: macd
2025-08-25 11:43:30,134 - ERROR - 配置缺少必要参数: macd
2025-08-25 11:43:30,135 - ERROR - 配置缺少必要参数: macd
2025-08-25 11:43:30,136 - ERROR - 配置缺少必要参数: macd
2025-08-25 11:43:30,137 - ERROR - 配置缺少必要参数: macd
2025-08-25 11:43:30,139 - ERROR - 配置缺少必要参数: macd
2025-08-25 11:43:30,139 - ERROR - 配置缺少必要参数: macd
2025-08-25 11:43:30,139 - ERROR - 配置缺少必要参数: macd
2025-08-25 11:43:30,140 - ERROR - 配置缺少必要参数: macd
2025-08-25 11:43:30,140 - ERROR - 配置缺少必要参数: macd
2025-08-25 11:43:30,140 - ERROR - 配置缺少必要参数: macd
2025-08-25 11:43:30,140 - ERROR - 配置缺少必要参数: macd
2025-08-25 11:43:30,141 - ERROR - 配置缺少必要参数: macd
2025-08-25 11:43:30,146 - ERROR - 配置缺少必要参数: macd
2025-08-25 11:43:30,147 - ERROR - 配置缺少必要参数: macd
2025-08-25 11:43:30,147 - ERROR - 配置缺少必要参数: macd
2025-08-25 11:43:30,147 - ERROR - 配置缺少必要参数: macd
2025-08-25 11:43:30,148 - ERROR - 配置缺少必要参数: macd
2025-08-25 11:43:30,149 - ERROR - 配置缺少必要参数: macd
2025-08-25 11:43:30,149 - ERROR - 配置缺少必要参数: macd
2025-08-25 11:43:30,150 - ERROR - 配置缺少必要参数: macd
2025-08-25 11:43:30,150 - ERROR - 配置缺少必要参数: macd
2025-08-25 11:43:30,151 - ERROR - 配置缺少必要参数: macd
2025-08-25 11:43:30,151 - ERROR - 配置缺少必要参数: macd
2025-08-25 11:43:30,152 - ERROR - 配置缺少必要参数: macd
2025-08-25 11:43:30,158 - ERROR - 配置缺少必要参数: macd
2025-08-25 11:43:30,159 - ERROR - 配置缺少必要参数: macd
2025-08-25 11:43:30,159 - ERROR - 配置缺少必要参数: macd
2025-08-25 11:43:30,160 - ERROR - 配置缺少必要参数: macd
2025-08-25 11:43:30,162 - ERROR - 配置缺少必要参数: macd
2025-08-25 11:43:30,163 - ERROR - 配置缺少必要参数: macd
2025-08-25 11:43:30,167 - ERROR - 配置缺少必要参数: macd
2025-08-25 11:43:30,167 - ERROR - 配置缺少必要参数: macd
2025-08-25 11:43:30,171 - ERROR - 配置缺少必要参数: macd
2025-08-25 11:43:30,172 - ERROR - 配置缺少必要参数: macd
2025-08-25 11:43:30,172 - ERROR - 配置缺少必要参数: macd
2025-08-25 11:43:30,173 - ERROR - 配置缺少必要参数: macd
2025-08-25 11:43:30,173 - ERROR - 配置缺少必要参数: macd
2025-08-25 11:43:30,174 - ERROR - 配置缺少必要参数: macd
2025-08-25 11:43:30,175 - ERROR - 配置缺少必要参数: macd
2025-08-25 11:43:30,175 - ERROR - 配置缺少必要参数: macd
2025-08-25 11:43:30,175 - ERROR - 配置缺少必要参数: macd
2025-08-25 11:43:30,175 - ERROR - 配置缺少必要参数: macd
2025-08-25 11:43:30,176 - ERROR - 配置缺少必要参数: macd
2025-08-25 11:43:30,176 - ERROR - 配置缺少必要参数: macd
2025-08-25 11:43:30,176 - ERROR - 配置缺少必要参数: macd
2025-08-25 11:43:30,177 - ERROR - 配置缺少必要参数: macd
2025-08-25 11:43:30,178 - ERROR - 配置缺少必要参数: macd
2025-08-25 11:43:30,179 - ERROR - 配置缺少必要参数: macd
2025-08-25 11:43:30,181 - ERROR - 配置缺少必要参数: macd
2025-08-25 11:43:30,182 - ERROR - 配置缺少必要参数: macd
2025-08-25 11:43:30,182 - ERROR - 配置缺少必要参数: macd
2025-08-25 11:43:30,183 - ERROR - 配置缺少必要参数: macd
2025-08-25 11:43:30,184 - ERROR - 配置缺少必要参数: macd
2025-08-25 11:43:30,184 - ERROR - 配置缺少必要参数: macd
2025-08-25 11:43:30,184 - ERROR - 配置缺少必要参数: macd
2025-08-25 11:43:30,184 - ERROR - 配置缺少必要参数: macd
2025-08-25 11:43:30,185 - ERROR - 配置缺少必要参数: macd
2025-08-25 11:43:30,185 - ERROR - 配置缺少必要参数: macd
2025-08-25 11:43:30,185 - ERROR - 配置缺少必要参数: macd
2025-08-25 11:43:30,185 - ERROR - 配置缺少必要参数: macd
2025-08-25 11:43:30,185 - ERROR - 配置缺少必要参数: macd
2025-08-25 11:43:30,185 - ERROR - 配置缺少必要参数: macd
2025-08-25 11:43:30,185 - ERROR - 配置缺少必要参数: macd
2025-08-25 11:43:30,186 - ERROR - 配置缺少必要参数: macd
2025-08-25 11:43:30,187 - ERROR - 配置缺少必要参数: macd
2025-08-25 11:43:30,188 - ERROR - 配置缺少必要参数: macd
2025-08-25 11:43:30,190 - ERROR - 配置缺少必要参数: macd
2025-08-25 11:43:30,191 - ERROR - 配置缺少必要参数: macd
2025-08-25 11:43:30,193 - ERROR - 配置缺少必要参数: macd
2025-08-25 11:43:30,193 - ERROR - 配置缺少必要参数: macd
2025-08-25 11:43:30,194 - ERROR - 配置缺少必要参数: macd
2025-08-25 11:43:30,195 - ERROR - 配置缺少必要参数: macd
2025-08-25 11:43:30,195 - ERROR - 配置缺少必要参数: macd
2025-08-25 11:43:30,196 - ERROR - 配置缺少必要参数: macd
2025-08-25 11:43:30,201 - ERROR - 配置缺少必要参数: macd
2025-08-25 11:43:30,201 - ERROR - 配置缺少必要参数: macd
2025-08-25 11:43:30,201 - ERROR - 配置缺少必要参数: macd
2025-08-25 11:43:30,202 - ERROR - 配置缺少必要参数: macd
2025-08-25 11:43:30,204 - ERROR - 配置缺少必要参数: macd
2025-08-25 11:43:30,205 - ERROR - 配置缺少必要参数: macd
2025-08-25 11:43:30,208 - ERROR - 配置缺少必要参数: macd
2025-08-25 11:43:30,208 - ERROR - 配置缺少必要参数: macd
2025-08-25 11:43:30,208 - ERROR - 配置缺少必要参数: macd
2025-08-25 11:43:30,209 - ERROR - 配置缺少必要参数: macd
2025-08-25 11:43:30,211 - ERROR - 配置缺少必要参数: macd
2025-08-25 11:43:30,212 - ERROR - 配置缺少必要参数: macd
2025-08-25 11:43:30,213 - ERROR - 配置缺少必要参数: macd
2025-08-25 11:43:30,214 - ERROR - 配置缺少必要参数: macd
2025-08-25 11:43:30,214 - ERROR - 配置缺少必要参数: macd
2025-08-25 11:43:30,214 - ERROR - 配置缺少必要参数: macd
2025-08-25 11:43:30,214 - ERROR - 配置缺少必要参数: macd
2025-08-25 11:43:30,215 - ERROR - 配置缺少必要参数: macd
2025-08-25 11:43:30,220 - ERROR - 配置缺少必要参数: macd
2025-08-25 11:43:30,220 - ERROR - 配置缺少必要参数: macd
2025-08-25 11:43:30,221 - ERROR - 配置缺少必要参数: macd
2025-08-25 11:43:30,221 - ERROR - 配置缺少必要参数: macd
2025-08-25 11:43:30,222 - ERROR - 配置缺少必要参数: macd
2025-08-25 11:43:30,223 - ERROR - 配置缺少必要参数: macd
2025-08-25 11:43:30,225 - ERROR - 配置缺少必要参数: macd
2025-08-25 11:43:30,226 - ERROR - 配置缺少必要参数: macd
2025-08-25 11:43:30,226 - ERROR - 配置缺少必要参数: macd
2025-08-25 11:43:30,227 - ERROR - 配置缺少必要参数: macd
2025-08-25 11:43:30,227 - ERROR - 配置缺少必要参数: macd
2025-08-25 11:43:30,227 - ERROR - 配置缺少必要参数: macd
2025-08-25 11:43:30,227 - ERROR - 配置缺少必要参数: macd
2025-08-25 11:43:30,228 - ERROR - 配置缺少必要参数: macd
2025-08-25 11:43:30,228 - ERROR - 配置缺少必要参数: macd
2025-08-25 11:43:30,229 - ERROR - 配置缺少必要参数: macd
2025-08-25 11:43:30,229 - ERROR - 配置缺少必要参数: macd
2025-08-25 11:43:30,230 - ERROR - 配置缺少必要参数: macd
2025-08-25 11:43:30,230 - ERROR - 配置缺少必要参数: macd
2025-08-25 11:43:30,231 - ERROR - 配置缺少必要参数: macd
2025-08-25 11:43:30,236 - ERROR - 配置缺少必要参数: macd
2025-08-25 11:43:30,237 - ERROR - 配置缺少必要参数: macd
2025-08-25 11:43:30,237 - ERROR - 配置缺少必要参数: macd
2025-08-25 11:43:30,238 - ERROR - 配置缺少必要参数: macd
2025-08-25 11:43:30,238 - ERROR - 配置缺少必要参数: macd
2025-08-25 11:43:30,238 - ERROR - 配置缺少必要参数: macd
2025-08-25 11:43:30,238 - ERROR - 配置缺少必要参数: macd
2025-08-25 11:43:30,239 - ERROR - 配置缺少必要参数: macd
2025-08-25 11:43:30,239 - ERROR - 配置缺少必要参数: macd
2025-08-25 11:43:30,240 - ERROR - 配置缺少必要参数: macd
2025-08-25 11:43:30,240 - ERROR - 配置缺少必要参数: macd
2025-08-25 11:43:30,241 - ERROR - 配置缺少必要参数: macd
2025-08-25 11:43:30,241 - ERROR - 配置缺少必要参数: macd
2025-08-25 11:43:30,241 - ERROR - 配置缺少必要参数: macd
2025-08-25 11:43:30,242 - ERROR - 配置缺少必要参数: macd
2025-08-25 11:43:30,243 - ERROR - 配置缺少必要参数: macd
2025-08-25 11:43:30,243 - ERROR - 配置缺少必要参数: macd
2025-08-25 11:43:30,243 - ERROR - 配置缺少必要参数: macd
2025-08-25 11:43:30,244 - ERROR - 配置缺少必要参数: macd
2025-08-25 11:43:30,244 - ERROR - 配置缺少必要参数: macd
2025-08-25 11:43:30,245 - ERROR - 配置缺少必要参数: macd
2025-08-25 11:43:30,245 - ERROR - 配置缺少必要参数: macd
2025-08-25 11:43:30,246 - ERROR - 配置缺少必要参数: macd
2025-08-25 11:43:30,247 - ERROR - 配置缺少必要参数: macd
2025-08-25 11:43:30,251 - ERROR - 配置缺少必要参数: macd
2025-08-25 11:43:30,252 - ERROR - 配置缺少必要参数: macd
2025-08-25 11:43:30,254 - ERROR - 配置缺少必要参数: macd
2025-08-25 11:43:30,255 - ERROR - 配置缺少必要参数: macd
2025-08-25 11:43:30,255 - ERROR - 配置缺少必要参数: macd
2025-08-25 11:43:30,256 - ERROR - 配置缺少必要参数: macd
2025-08-25 11:43:30,256 - ERROR - 配置缺少必要参数: macd
2025-08-25 11:43:30,258 - ERROR - 配置缺少必要参数: macd
2025-08-25 11:43:30,265 - ERROR - 配置缺少必要参数: macd
2025-08-25 11:43:30,265 - ERROR - 配置缺少必要参数: macd
2025-08-25 11:43:30,265 - ERROR - 配置缺少必要参数: macd
2025-08-25 11:43:30,266 - ERROR - 配置缺少必要参数: macd
2025-08-25 11:43:30,267 - ERROR - 配置缺少必要参数: macd
2025-08-25 11:43:30,268 - ERROR - 配置缺少必要参数: macd
2025-08-25 11:43:30,268 - ERROR - 配置缺少必要参数: macd
2025-08-25 11:43:30,268 - ERROR - 配置缺少必要参数: macd
2025-08-25 11:43:30,269 - ERROR - 配置缺少必要参数: macd
2025-08-25 11:43:30,270 - ERROR - 配置缺少必要参数: macd
2025-08-25 11:43:30,270 - ERROR - 配置缺少必要参数: macd
2025-08-25 11:43:30,271 - ERROR - 配置缺少必要参数: macd
2025-08-25 11:43:30,273 - ERROR - 配置缺少必要参数: macd
2025-08-25 11:43:30,274 - ERROR - 配置缺少必要参数: macd
2025-08-25 11:43:30,277 - ERROR - 配置缺少必要参数: macd
2025-08-25 11:43:30,278 - ERROR - 配置缺少必要参数: macd
2025-08-25 11:43:30,279 - ERROR - 配置缺少必要参数: macd
2025-08-25 11:43:30,279 - ERROR - 配置缺少必要参数: macd
2025-08-25 11:43:30,280 - ERROR - 配置缺少必要参数: macd
2025-08-25 11:43:30,280 - ERROR - 配置缺少必要参数: macd
2025-08-25 11:43:30,280 - ERROR - 配置缺少必要参数: macd
2025-08-25 11:43:30,280 - ERROR - 配置缺少必要参数: macd
2025-08-25 11:43:30,280 - ERROR - 配置缺少必要参数: macd
2025-08-25 11:43:30,281 - ERROR - 配置缺少必要参数: macd
2025-08-25 11:43:30,281 - ERROR - 配置缺少必要参数: macd
2025-08-25 11:43:30,281 - ERROR - 配置缺少必要参数: macd
2025-08-25 11:43:30,282 - ERROR - 配置缺少必要参数: macd
2025-08-25 11:43:30,282 - ERROR - 配置缺少必要参数: macd
2025-08-25 11:43:30,286 - ERROR - 配置缺少必要参数: macd
2025-08-25 11:43:30,286 - ERROR - 配置缺少必要参数: macd
2025-08-25 11:43:30,289 - ERROR - 配置缺少必要参数: macd
2025-08-25 11:43:30,289 - ERROR - 配置缺少必要参数: macd
2025-08-25 11:43:30,290 - ERROR - 配置缺少必要参数: macd
2025-08-25 11:43:30,290 - ERROR - 配置缺少必要参数: macd
2025-08-25 11:43:30,291 - ERROR - 配置缺少必要参数: macd
2025-08-25 11:43:30,292 - ERROR - 配置缺少必要参数: macd
2025-08-25 11:43:30,292 - ERROR - 配置缺少必要参数: macd
2025-08-25 11:43:30,293 - ERROR - 配置缺少必要参数: macd
2025-08-25 11:43:30,293 - ERROR - 配置缺少必要参数: macd
2025-08-25 11:43:30,293 - ERROR - 配置缺少必要参数: macd
2025-08-25 11:43:30,294 - ERROR - 配置缺少必要参数: macd
2025-08-25 11:43:30,294 - ERROR - 配置缺少必要参数: macd
2025-08-25 11:43:30,296 - ERROR - 配置缺少必要参数: macd
2025-08-25 11:43:30,296 - ERROR - 配置缺少必要参数: macd
2025-08-25 11:43:30,297 - ERROR - 配置缺少必要参数: macd
2025-08-25 11:43:30,297 - ERROR - 配置缺少必要参数: macd
2025-08-25 11:43:30,298 - ERROR - 配置缺少必要参数: macd
2025-08-25 11:43:30,299 - ERROR - 配置缺少必要参数: macd
2025-08-25 11:43:30,300 - ERROR - 配置缺少必要参数: macd
2025-08-25 11:43:30,301 - ERROR - 配置缺少必要参数: macd
2025-08-25 11:43:30,301 - ERROR - 配置缺少必要参数: macd
2025-08-25 11:43:30,302 - ERROR - 配置缺少必要参数: macd
2025-08-25 11:43:30,302 - ERROR - 配置缺少必要参数: macd
2025-08-25 11:43:30,303 - ERROR - 配置缺少必要参数: macd
2025-08-25 11:43:30,303 - ERROR - 配置缺少必要参数: macd
2025-08-25 11:43:30,304 - ERROR - 配置缺少必要参数: macd
2025-08-25 11:43:30,304 - ERROR - 配置缺少必要参数: macd
2025-08-25 11:43:30,305 - ERROR - 配置缺少必要参数: macd
2025-08-25 11:43:30,310 - ERROR - 配置缺少必要参数: macd
2025-08-25 11:43:30,311 - ERROR - 配置缺少必要参数: macd
2025-08-25 11:43:30,314 - ERROR - 配置缺少必要参数: macd
2025-08-25 11:43:30,315 - ERROR - 配置缺少必要参数: macd
2025-08-25 11:43:30,319 - ERROR - 配置缺少必要参数: macd
2025-08-25 11:43:30,319 - ERROR - 配置缺少必要参数: macd
2025-08-25 11:43:30,320 - ERROR - 配置缺少必要参数: macd
2025-08-25 11:43:30,320 - ERROR - 配置缺少必要参数: macd
2025-08-25 11:43:30,320 - ERROR - 配置缺少必要参数: macd
2025-08-25 11:43:30,321 - ERROR - 配置缺少必要参数: macd
2025-08-25 11:43:30,321 - ERROR - 配置缺少必要参数: macd
2025-08-25 11:43:30,321 - ERROR - 配置缺少必要参数: macd
2025-08-25 11:43:30,321 - ERROR - 配置缺少必要参数: macd
2025-08-25 11:43:30,322 - ERROR - 配置缺少必要参数: macd
2025-08-25 11:43:30,324 - ERROR - 配置缺少必要参数: macd
2025-08-25 11:43:30,325 - ERROR - 配置缺少必要参数: macd
2025-08-25 11:43:30,325 - ERROR - 配置缺少必要参数: macd
2025-08-25 11:43:30,327 - ERROR - 配置缺少必要参数: macd
2025-08-25 11:43:30,328 - ERROR - 配置缺少必要参数: macd
2025-08-25 11:43:30,329 - ERROR - 配置缺少必要参数: macd
2025-08-25 11:43:30,330 - ERROR - 配置缺少必要参数: macd
2025-08-25 11:43:30,331 - ERROR - 配置缺少必要参数: macd
2025-08-25 11:43:30,332 - ERROR - 配置缺少必要参数: macd
2025-08-25 11:43:30,333 - ERROR - 配置缺少必要参数: macd
2025-08-25 11:43:30,334 - ERROR - 配置缺少必要参数: macd
2025-08-25 11:43:30,334 - ERROR - 配置缺少必要参数: macd
2025-08-25 11:43:30,335 - ERROR - 配置缺少必要参数: macd
2025-08-25 11:43:30,335 - ERROR - 配置缺少必要参数: macd
2025-08-25 11:43:30,335 - ERROR - 配置缺少必要参数: macd
2025-08-25 11:43:30,335 - ERROR - 配置缺少必要参数: macd
2025-08-25 11:43:30,335 - ERROR - 配置缺少必要参数: macd
2025-08-25 11:43:30,335 - ERROR - 配置缺少必要参数: macd
2025-08-25 11:43:30,342 - ERROR - 配置缺少必要参数: macd
2025-08-25 11:43:30,342 - ERROR - 配置缺少必要参数: macd
2025-08-25 11:43:30,343 - ERROR - 配置缺少必要参数: macd
2025-08-25 11:43:30,343 - ERROR - 配置缺少必要参数: macd
2025-08-25 11:43:30,344 - ERROR - 配置缺少必要参数: macd
2025-08-25 11:43:30,344 - ERROR - 配置缺少必要参数: macd
2025-08-25 11:43:30,345 - ERROR - 配置缺少必要参数: macd
2025-08-25 11:43:30,346 - ERROR - 配置缺少必要参数: macd
2025-08-25 11:43:30,348 - ERROR - 配置缺少必要参数: macd
2025-08-25 11:43:30,348 - ERROR - 配置缺少必要参数: macd
2025-08-25 11:43:30,349 - ERROR - 配置缺少必要参数: macd
2025-08-25 11:43:30,350 - ERROR - 配置缺少必要参数: macd
2025-08-25 11:43:30,351 - ERROR - 配置缺少必要参数: macd
2025-08-25 11:43:30,352 - ERROR - 配置缺少必要参数: macd
2025-08-25 11:43:30,353 - ERROR - 配置缺少必要参数: macd
2025-08-25 11:43:30,354 - ERROR - 配置缺少必要参数: macd
2025-08-25 11:43:30,354 - ERROR - 配置缺少必要参数: macd
2025-08-25 11:43:30,355 - ERROR - 配置缺少必要参数: macd
2025-08-25 11:43:30,356 - ERROR - 配置缺少必要参数: macd
2025-08-25 11:43:30,356 - ERROR - 配置缺少必要参数: macd
2025-08-25 11:43:30,357 - ERROR - 配置缺少必要参数: macd
2025-08-25 11:43:30,357 - ERROR - 配置缺少必要参数: macd
2025-08-25 11:43:30,357 - ERROR - 配置缺少必要参数: macd
2025-08-25 11:43:30,357 - ERROR - 配置缺少必要参数: macd
2025-08-25 11:43:30,358 - ERROR - 配置缺少必要参数: macd
2025-08-25 11:43:30,359 - ERROR - 配置缺少必要参数: macd
2025-08-25 11:43:30,359 - ERROR - 配置缺少必要参数: macd
2025-08-25 11:43:30,360 - ERROR - 配置缺少必要参数: macd
2025-08-25 11:43:30,362 - ERROR - 配置缺少必要参数: macd
2025-08-25 11:43:30,363 - ERROR - 配置缺少必要参数: macd
2025-08-25 11:43:30,365 - ERROR - 配置缺少必要参数: macd
2025-08-25 11:43:30,366 - ERROR - 配置缺少必要参数: macd
2025-08-25 11:43:30,366 - ERROR - 配置缺少必要参数: macd
2025-08-25 11:43:30,367 - ERROR - 配置缺少必要参数: macd
2025-08-25 11:43:30,368 - ERROR - 配置缺少必要参数: macd
2025-08-25 11:43:30,368 - ERROR - 配置缺少必要参数: macd
2025-08-25 11:43:30,372 - ERROR - 配置缺少必要参数: macd
2025-08-25 11:43:30,372 - ERROR - 配置缺少必要参数: macd
2025-08-25 11:43:30,372 - ERROR - 配置缺少必要参数: macd
2025-08-25 11:43:30,373 - ERROR - 配置缺少必要参数: macd
2025-08-25 11:43:30,374 - ERROR - 配置缺少必要参数: macd
2025-08-25 11:43:30,374 - ERROR - 配置缺少必要参数: macd
2025-08-25 11:43:30,377 - ERROR - 配置缺少必要参数: macd
2025-08-25 11:43:30,379 - ERROR - 配置缺少必要参数: macd
2025-08-25 11:43:30,379 - ERROR - 配置缺少必要参数: macd
2025-08-25 11:43:30,380 - ERROR - 配置缺少必要参数: macd
2025-08-25 11:43:30,380 - ERROR - 配置缺少必要参数: macd
2025-08-25 11:43:30,381 - ERROR - 配置缺少必要参数: macd
2025-08-25 11:43:30,382 - ERROR - 配置缺少必要参数: macd
2025-08-25 11:43:30,383 - ERROR - 配置缺少必要参数: macd
2025-08-25 11:43:30,383 - ERROR - 配置缺少必要参数: macd
2025-08-25 11:43:30,384 - ERROR - 配置缺少必要参数: macd
2025-08-25 11:43:30,386 - ERROR - 配置缺少必要参数: macd
2025-08-25 11:43:30,386 - ERROR - 配置缺少必要参数: macd
2025-08-25 11:43:30,387 - ERROR - 配置缺少必要参数: macd
2025-08-25 11:43:30,387 - ERROR - 配置缺少必要参数: macd
2025-08-25 11:43:30,389 - ERROR - 配置缺少必要参数: macd
2025-08-25 11:43:30,389 - ERROR - 配置缺少必要参数: macd
2025-08-25 11:43:30,389 - ERROR - 配置缺少必要参数: macd
2025-08-25 11:43:30,389 - ERROR - 配置缺少必要参数: macd
2025-08-25 11:43:30,390 - ERROR - 配置缺少必要参数: macd
2025-08-25 11:43:30,391 - ERROR - 配置缺少必要参数: macd
2025-08-25 11:43:30,395 - ERROR - 配置缺少必要参数: macd
2025-08-25 11:43:30,396 - ERROR - 配置缺少必要参数: macd
2025-08-25 11:43:30,397 - ERROR - 配置缺少必要参数: macd
2025-08-25 11:43:30,398 - ERROR - 配置缺少必要参数: macd
2025-08-25 11:43:30,398 - ERROR - 配置缺少必要参数: macd
2025-08-25 11:43:30,399 - ERROR - 配置缺少必要参数: macd
2025-08-25 11:43:30,401 - ERROR - 配置缺少必要参数: macd
2025-08-25 11:43:30,401 - ERROR - 配置缺少必要参数: macd
2025-08-25 11:43:30,403 - ERROR - 配置缺少必要参数: macd
2025-08-25 11:43:30,403 - ERROR - 配置缺少必要参数: macd
2025-08-25 11:43:30,404 - ERROR - 配置缺少必要参数: macd
2025-08-25 11:43:30,404 - ERROR - 配置缺少必要参数: macd
2025-08-25 11:43:30,405 - ERROR - 配置缺少必要参数: macd
2025-08-25 11:43:30,405 - ERROR - 配置缺少必要参数: macd
2025-08-25 11:43:30,405 - ERROR - 配置缺少必要参数: macd
2025-08-25 11:43:30,405 - ERROR - 配置缺少必要参数: macd
2025-08-25 11:43:30,407 - ERROR - 配置缺少必要参数: macd
2025-08-25 11:43:30,407 - ERROR - 配置缺少必要参数: macd
2025-08-25 11:43:30,408 - ERROR - 配置缺少必要参数: macd
2025-08-25 11:43:30,408 - ERROR - 配置缺少必要参数: macd
2025-08-25 11:43:30,409 - ERROR - 配置缺少必要参数: macd
2025-08-25 11:43:30,409 - ERROR - 配置缺少必要参数: macd
2025-08-25 11:43:30,411 - ERROR - 配置缺少必要参数: macd
2025-08-25 11:43:30,411 - ERROR - 配置缺少必要参数: macd
2025-08-25 11:43:30,412 - ERROR - 配置缺少必要参数: macd
2025-08-25 11:43:30,413 - ERROR - 配置缺少必要参数: macd
2025-08-25 11:43:30,414 - ERROR - 配置缺少必要参数: macd
2025-08-25 11:43:30,415 - ERROR - 配置缺少必要参数: macd
2025-08-25 11:43:30,415 - ERROR - 配置缺少必要参数: macd
2025-08-25 11:43:30,416 - ERROR - 配置缺少必要参数: macd
2025-08-25 11:43:30,417 - ERROR - 配置缺少必要参数: macd
2025-08-25 11:43:30,418 - ERROR - 配置缺少必要参数: macd
2025-08-25 11:43:30,422 - ERROR - 配置缺少必要参数: macd
2025-08-25 11:43:30,423 - ERROR - 配置缺少必要参数: macd
2025-08-25 11:43:30,424 - ERROR - 配置缺少必要参数: macd
2025-08-25 11:43:30,424 - ERROR - 配置缺少必要参数: macd
2025-08-25 11:43:30,425 - ERROR - 配置缺少必要参数: macd
2025-08-25 11:43:30,425 - ERROR - 配置缺少必要参数: macd
2025-08-25 11:43:30,426 - ERROR - 配置缺少必要参数: macd
2025-08-25 11:43:30,426 - ERROR - 配置缺少必要参数: macd
2025-08-25 11:43:30,428 - ERROR - 配置缺少必要参数: macd
2025-08-25 11:43:30,428 - ERROR - 配置缺少必要参数: macd
2025-08-25 11:43:30,429 - ERROR - 配置缺少必要参数: macd
2025-08-25 11:43:30,429 - ERROR - 配置缺少必要参数: macd
2025-08-25 11:43:30,430 - ERROR - 配置缺少必要参数: macd
2025-08-25 11:43:30,431 - ERROR - 配置缺少必要参数: macd
2025-08-25 11:43:30,433 - ERROR - 配置缺少必要参数: macd
2025-08-25 11:43:30,433 - ERROR - 配置缺少必要参数: macd
2025-08-25 11:43:30,435 - ERROR - 配置缺少必要参数: macd
2025-08-25 11:43:30,435 - ERROR - 配置缺少必要参数: macd
2025-08-25 11:43:30,438 - ERROR - 配置缺少必要参数: macd
2025-08-25 11:43:30,439 - ERROR - 配置缺少必要参数: macd
2025-08-25 11:43:30,439 - ERROR - 配置缺少必要参数: macd
2025-08-25 11:43:30,439 - ERROR - 配置缺少必要参数: macd
2025-08-25 11:43:30,440 - ERROR - 配置缺少必要参数: macd
2025-08-25 11:43:30,441 - ERROR - 配置缺少必要参数: macd
2025-08-25 11:43:30,441 - ERROR - 配置缺少必要参数: macd
2025-08-25 11:43:30,441 - ERROR - 配置缺少必要参数: macd
2025-08-25 11:43:30,441 - ERROR - 配置缺少必要参数: macd
2025-08-25 11:43:30,442 - ERROR - 配置缺少必要参数: macd
2025-08-25 11:43:30,442 - ERROR - 配置缺少必要参数: macd
2025-08-25 11:43:30,443 - ERROR - 配置缺少必要参数: macd
2025-08-25 11:43:30,444 - ERROR - 配置缺少必要参数: macd
2025-08-25 11:43:30,445 - ERROR - 配置缺少必要参数: macd
2025-08-25 11:43:30,445 - ERROR - 配置缺少必要参数: macd
2025-08-25 11:43:30,446 - ERROR - 配置缺少必要参数: macd
2025-08-25 11:43:30,454 - ERROR - 配置缺少必要参数: macd
2025-08-25 11:43:30,454 - ERROR - 配置缺少必要参数: macd
2025-08-25 11:43:30,454 - ERROR - 配置缺少必要参数: macd
2025-08-25 11:43:30,454 - ERROR - 配置缺少必要参数: macd
2025-08-25 11:43:30,455 - ERROR - 配置缺少必要参数: macd
2025-08-25 11:43:30,456 - ERROR - 配置缺少必要参数: macd
2025-08-25 11:43:30,457 - ERROR - 配置缺少必要参数: macd
2025-08-25 11:43:30,457 - ERROR - 配置缺少必要参数: macd
2025-08-25 11:43:30,458 - ERROR - 配置缺少必要参数: macd
2025-08-25 11:43:30,459 - ERROR - 配置缺少必要参数: macd
2025-08-25 11:43:30,459 - ERROR - 配置缺少必要参数: macd
2025-08-25 11:43:30,460 - ERROR - 配置缺少必要参数: macd
2025-08-25 11:43:30,461 - ERROR - 配置缺少必要参数: macd
2025-08-25 11:43:30,461 - ERROR - 配置缺少必要参数: macd
2025-08-25 11:43:30,461 - ERROR - 配置缺少必要参数: macd
2025-08-25 11:43:30,462 - ERROR - 配置缺少必要参数: macd
2025-08-25 11:43:30,462 - ERROR - 配置缺少必要参数: macd
2025-08-25 11:43:30,462 - ERROR - 配置缺少必要参数: macd
2025-08-25 11:43:30,462 - ERROR - 配置缺少必要参数: macd
2025-08-25 11:43:30,463 - ERROR - 配置缺少必要参数: macd
2025-08-25 11:43:30,464 - ERROR - 配置缺少必要参数: macd
2025-08-25 11:43:30,465 - ERROR - 配置缺少必要参数: macd
2025-08-25 11:43:30,466 - ERROR - 配置缺少必要参数: macd
2025-08-25 11:43:30,467 - ERROR - 配置缺少必要参数: macd
2025-08-25 11:43:30,467 - ERROR - 配置缺少必要参数: macd
2025-08-25 11:43:30,468 - ERROR - 配置缺少必要参数: macd
2025-08-25 11:43:30,468 - ERROR - 配置缺少必要参数: macd
2025-08-25 11:43:30,469 - ERROR - 配置缺少必要参数: macd
2025-08-25 11:43:30,473 - ERROR - 配置缺少必要参数: macd
2025-08-25 11:43:30,474 - ERROR - 配置缺少必要参数: macd
2025-08-25 11:43:30,478 - ERROR - 配置缺少必要参数: macd
2025-08-25 11:43:30,479 - ERROR - 配置缺少必要参数: macd
2025-08-25 11:43:30,480 - ERROR - 配置缺少必要参数: macd
2025-08-25 11:43:30,480 - ERROR - 配置缺少必要参数: macd
2025-08-25 11:43:30,480 - ERROR - 配置缺少必要参数: macd
2025-08-25 11:43:30,480 - ERROR - 配置缺少必要参数: macd
2025-08-25 11:43:30,480 - ERROR - 配置缺少必要参数: macd
2025-08-25 11:43:30,481 - ERROR - 配置缺少必要参数: macd
2025-08-25 11:43:30,481 - ERROR - 配置缺少必要参数: macd
2025-08-25 11:43:30,481 - ERROR - 配置缺少必要参数: macd
2025-08-25 11:43:30,481 - ERROR - 配置缺少必要参数: macd
2025-08-25 11:43:30,481 - ERROR - 配置缺少必要参数: macd
2025-08-25 11:43:30,483 - ERROR - 配置缺少必要参数: macd
2025-08-25 11:43:30,484 - ERROR - 配置缺少必要参数: macd
2025-08-25 11:43:30,490 - ERROR - 配置缺少必要参数: macd
2025-08-25 11:43:30,491 - ERROR - 配置缺少必要参数: macd
2025-08-25 11:43:30,491 - ERROR - 配置缺少必要参数: macd
2025-08-25 11:43:30,492 - ERROR - 配置缺少必要参数: macd
2025-08-25 11:43:30,493 - ERROR - 配置缺少必要参数: macd
2025-08-25 11:43:30,493 - ERROR - 配置缺少必要参数: macd
2025-08-25 11:43:30,494 - ERROR - 配置缺少必要参数: macd
2025-08-25 11:43:30,494 - ERROR - 配置缺少必要参数: macd
2025-08-25 11:43:30,495 - ERROR - 配置缺少必要参数: macd
2025-08-25 11:43:30,496 - ERROR - 配置缺少必要参数: macd
2025-08-25 11:43:30,499 - ERROR - 配置缺少必要参数: macd
2025-08-25 11:43:30,499 - ERROR - 配置缺少必要参数: macd
2025-08-25 11:43:30,500 - ERROR - 配置缺少必要参数: macd
2025-08-25 11:43:30,500 - ERROR - 配置缺少必要参数: macd
2025-08-25 11:43:30,501 - ERROR - 配置缺少必要参数: macd
2025-08-25 11:43:30,501 - ERROR - 配置缺少必要参数: macd
2025-08-25 11:43:30,502 - ERROR - 配置缺少必要参数: macd
2025-08-25 11:43:30,502 - ERROR - 配置缺少必要参数: macd
2025-08-25 11:43:30,502 - ERROR - 配置缺少必要参数: macd
2025-08-25 11:43:30,503 - ERROR - 配置缺少必要参数: macd
2025-08-25 11:43:30,504 - ERROR - 配置缺少必要参数: macd
2025-08-25 11:43:30,504 - ERROR - 配置缺少必要参数: macd
2025-08-25 11:43:30,504 - ERROR - 配置缺少必要参数: macd
2025-08-25 11:43:30,504 - ERROR - 配置缺少必要参数: macd
2025-08-25 11:43:30,505 - ERROR - 配置缺少必要参数: macd
2025-08-25 11:43:30,505 - ERROR - 配置缺少必要参数: macd
2025-08-25 11:43:30,510 - ERROR - 配置缺少必要参数: macd
2025-08-25 11:43:30,511 - ERROR - 配置缺少必要参数: macd
2025-08-25 11:43:30,514 - ERROR - 配置缺少必要参数: macd
2025-08-25 11:43:30,515 - ERROR - 配置缺少必要参数: macd
2025-08-25 11:43:30,515 - ERROR - 配置缺少必要参数: macd
2025-08-25 11:43:30,515 - ERROR - 配置缺少必要参数: macd
2025-08-25 11:43:30,517 - ERROR - 配置缺少必要参数: macd
2025-08-25 11:43:30,517 - ERROR - 配置缺少必要参数: macd
2025-08-25 11:43:30,517 - ERROR - 配置缺少必要参数: macd
2025-08-25 11:43:30,518 - ERROR - 配置缺少必要参数: macd
2025-08-25 11:43:30,519 - ERROR - 配置缺少必要参数: macd
2025-08-25 11:43:30,519 - ERROR - 配置缺少必要参数: macd
2025-08-25 11:43:30,520 - ERROR - 配置缺少必要参数: macd
2025-08-25 11:43:30,520 - ERROR - 配置缺少必要参数: macd
2025-08-25 11:43:30,520 - ERROR - 配置缺少必要参数: macd
2025-08-25 11:43:30,521 - ERROR - 配置缺少必要参数: macd
2025-08-25 11:43:30,525 - ERROR - 配置缺少必要参数: macd
2025-08-25 11:43:30,525 - ERROR - 配置缺少必要参数: macd
2025-08-25 11:43:30,526 - ERROR - 配置缺少必要参数: macd
2025-08-25 11:43:30,527 - ERROR - 配置缺少必要参数: macd
2025-08-25 11:43:30,529 - ERROR - 配置缺少必要参数: macd
2025-08-25 11:43:30,530 - ERROR - 配置缺少必要参数: macd
2025-08-25 11:43:30,531 - ERROR - 配置缺少必要参数: macd
2025-08-25 11:43:30,532 - ERROR - 配置缺少必要参数: macd
2025-08-25 11:43:30,533 - ERROR - 配置缺少必要参数: macd
2025-08-25 11:43:30,534 - ERROR - 配置缺少必要参数: macd
2025-08-25 11:43:30,534 - ERROR - 配置缺少必要参数: macd
2025-08-25 11:43:30,535 - ERROR - 配置缺少必要参数: macd
2025-08-25 11:43:30,536 - ERROR - 配置缺少必要参数: macd
2025-08-25 11:43:30,537 - ERROR - 配置缺少必要参数: macd
2025-08-25 11:43:30,539 - ERROR - 配置缺少必要参数: macd
2025-08-25 11:43:30,539 - ERROR - 配置缺少必要参数: macd
2025-08-25 11:43:30,540 - ERROR - 配置缺少必要参数: macd
2025-08-25 11:43:30,540 - ERROR - 配置缺少必要参数: macd
2025-08-25 11:43:30,541 - ERROR - 配置缺少必要参数: macd
2025-08-25 11:43:30,542 - ERROR - 配置缺少必要参数: macd
2025-08-25 11:43:30,545 - ERROR - 配置缺少必要参数: macd
2025-08-25 11:43:30,545 - ERROR - 配置缺少必要参数: macd
2025-08-25 11:43:30,546 - ERROR - 配置缺少必要参数: macd
2025-08-25 11:43:30,547 - ERROR - 配置缺少必要参数: macd
2025-08-25 11:43:30,547 - ERROR - 配置缺少必要参数: macd
2025-08-25 11:43:30,547 - ERROR - 配置缺少必要参数: macd
2025-08-25 11:43:30,550 - ERROR - 配置缺少必要参数: macd
2025-08-25 11:43:30,550 - ERROR - 配置缺少必要参数: macd
2025-08-25 11:43:30,551 - ERROR - 配置缺少必要参数: macd
2025-08-25 11:43:30,551 - ERROR - 配置缺少必要参数: macd
2025-08-25 11:43:30,554 - ERROR - 配置缺少必要参数: macd
2025-08-25 11:43:30,554 - ERROR - 配置缺少必要参数: macd
2025-08-25 11:43:30,555 - ERROR - 配置缺少必要参数: macd
2025-08-25 11:43:30,555 - ERROR - 配置缺少必要参数: macd
2025-08-25 11:43:30,555 - ERROR - 配置缺少必要参数: macd
2025-08-25 11:43:30,555 - ERROR - 配置缺少必要参数: macd
2025-08-25 11:43:30,556 - ERROR - 配置缺少必要参数: macd
2025-08-25 11:43:30,556 - ERROR - 配置缺少必要参数: macd
2025-08-25 11:43:30,558 - ERROR - 配置缺少必要参数: macd
2025-08-25 11:43:30,559 - ERROR - 配置缺少必要参数: macd
2025-08-25 11:43:30,559 - ERROR - 配置缺少必要参数: macd
2025-08-25 11:43:30,560 - ERROR - 配置缺少必要参数: macd
2025-08-25 11:43:30,560 - ERROR - 配置缺少必要参数: macd
2025-08-25 11:43:30,560 - ERROR - 配置缺少必要参数: macd
2025-08-25 11:43:30,562 - ERROR - 配置缺少必要参数: macd
2025-08-25 11:43:30,562 - ERROR - 配置缺少必要参数: macd
2025-08-25 11:43:30,563 - ERROR - 配置缺少必要参数: macd
2025-08-25 11:43:30,563 - ERROR - 配置缺少必要参数: macd
2025-08-25 11:43:30,565 - ERROR - 配置缺少必要参数: macd
2025-08-25 11:43:30,566 - ERROR - 配置缺少必要参数: macd
2025-08-25 11:43:30,567 - ERROR - 配置缺少必要参数: macd
2025-08-25 11:43:30,568 - ERROR - 配置缺少必要参数: macd
2025-08-25 11:43:30,568 - ERROR - 配置缺少必要参数: macd
2025-08-25 11:43:30,568 - ERROR - 配置缺少必要参数: macd
2025-08-25 11:43:30,569 - ERROR - 配置缺少必要参数: macd
2025-08-25 11:43:30,570 - ERROR - 配置缺少必要参数: macd
2025-08-25 11:43:30,571 - ERROR - 配置缺少必要参数: macd
2025-08-25 11:43:30,572 - ERROR - 配置缺少必要参数: macd
2025-08-25 11:43:30,572 - ERROR - 配置缺少必要参数: macd
2025-08-25 11:43:30,573 - ERROR - 配置缺少必要参数: macd
2025-08-25 11:43:30,574 - ERROR - 配置缺少必要参数: macd
2025-08-25 11:43:30,575 - ERROR - 配置缺少必要参数: macd
2025-08-25 11:43:30,576 - ERROR - 配置缺少必要参数: macd
2025-08-25 11:43:30,577 - ERROR - 配置缺少必要参数: macd
2025-08-25 11:43:30,577 - ERROR - 配置缺少必要参数: macd
2025-08-25 11:43:30,579 - ERROR - 配置缺少必要参数: macd
2025-08-25 11:43:30,581 - ERROR - 配置缺少必要参数: macd
2025-08-25 11:43:30,582 - ERROR - 配置缺少必要参数: macd
2025-08-25 11:43:30,583 - ERROR - 配置缺少必要参数: macd
2025-08-25 11:43:30,584 - ERROR - 配置缺少必要参数: macd
2025-08-25 11:43:30,589 - ERROR - 配置缺少必要参数: macd
2025-08-25 11:43:30,589 - ERROR - 配置缺少必要参数: macd
2025-08-25 11:43:30,590 - ERROR - 配置缺少必要参数: macd
2025-08-25 11:43:30,590 - ERROR - 配置缺少必要参数: macd
2025-08-25 11:43:30,592 - ERROR - 配置缺少必要参数: macd
2025-08-25 11:43:30,592 - ERROR - 配置缺少必要参数: macd
2025-08-25 11:43:30,592 - ERROR - 配置缺少必要参数: macd
2025-08-25 11:43:30,593 - ERROR - 配置缺少必要参数: macd
2025-08-25 11:43:30,594 - ERROR - 配置缺少必要参数: macd
2025-08-25 11:43:30,594 - ERROR - 配置缺少必要参数: macd
2025-08-25 11:43:30,595 - ERROR - 配置缺少必要参数: macd
2025-08-25 11:43:30,596 - ERROR - 配置缺少必要参数: macd
2025-08-25 11:43:30,598 - ERROR - 配置缺少必要参数: macd
2025-08-25 11:43:30,599 - ERROR - 配置缺少必要参数: macd
2025-08-25 11:43:30,600 - ERROR - 配置缺少必要参数: macd
2025-08-25 11:43:30,600 - ERROR - 配置缺少必要参数: macd
2025-08-25 11:43:30,602 - ERROR - 配置缺少必要参数: macd
2025-08-25 11:43:30,602 - ERROR - 配置缺少必要参数: macd
2025-08-25 11:43:30,603 - ERROR - 配置缺少必要参数: macd
2025-08-25 11:43:30,603 - ERROR - 配置缺少必要参数: macd
2025-08-25 11:43:30,604 - ERROR - 配置缺少必要参数: macd
2025-08-25 11:43:30,604 - ERROR - 配置缺少必要参数: macd
2025-08-25 11:43:30,609 - ERROR - 配置缺少必要参数: macd
2025-08-25 11:43:30,609 - ERROR - 配置缺少必要参数: macd
2025-08-25 11:43:30,610 - ERROR - 配置缺少必要参数: macd
2025-08-25 11:43:30,610 - ERROR - 配置缺少必要参数: macd
2025-08-25 11:43:30,610 - ERROR - 配置缺少必要参数: macd
2025-08-25 11:43:30,611 - ERROR - 配置缺少必要参数: macd
2025-08-25 11:43:30,612 - ERROR - 配置缺少必要参数: macd
2025-08-25 11:43:30,612 - ERROR - 配置缺少必要参数: macd
2025-08-25 11:43:30,612 - ERROR - 配置缺少必要参数: macd
2025-08-25 11:43:30,612 - ERROR - 配置缺少必要参数: macd
2025-08-25 11:43:30,613 - ERROR - 配置缺少必要参数: macd
2025-08-25 11:43:30,613 - ERROR - 配置缺少必要参数: macd
2025-08-25 11:43:30,619 - ERROR - 配置缺少必要参数: macd
2025-08-25 11:43:30,620 - ERROR - 配置缺少必要参数: macd
2025-08-25 11:43:30,620 - ERROR - 配置缺少必要参数: macd
2025-08-25 11:43:30,620 - ERROR - 配置缺少必要参数: macd
2025-08-25 11:43:30,620 - ERROR - 配置缺少必要参数: macd
2025-08-25 11:43:30,620 - ERROR - 配置缺少必要参数: macd
2025-08-25 11:43:30,620 - ERROR - 配置缺少必要参数: macd
2025-08-25 11:43:30,621 - ERROR - 配置缺少必要参数: macd
2025-08-25 11:43:30,621 - ERROR - 配置缺少必要参数: macd
2025-08-25 11:43:30,621 - ERROR - 配置缺少必要参数: macd
2025-08-25 11:43:30,622 - ERROR - 配置缺少必要参数: macd
2025-08-25 11:43:30,623 - ERROR - 配置缺少必要参数: macd
2025-08-25 11:43:30,624 - ERROR - 配置缺少必要参数: macd
2025-08-25 11:43:30,624 - ERROR - 配置缺少必要参数: macd
2025-08-25 11:43:30,625 - ERROR - 配置缺少必要参数: macd
2025-08-25 11:43:30,625 - ERROR - 配置缺少必要参数: macd
2025-08-25 11:43:30,628 - ERROR - 配置缺少必要参数: macd
2025-08-25 11:43:30,628 - ERROR - 配置缺少必要参数: macd
2025-08-25 11:43:30,630 - ERROR - 配置缺少必要参数: macd
2025-08-25 11:43:30,631 - ERROR - 配置缺少必要参数: macd
2025-08-25 11:43:30,634 - ERROR - 配置缺少必要参数: macd
2025-08-25 11:43:30,635 - ERROR - 配置缺少必要参数: macd
2025-08-25 11:43:30,638 - ERROR - 配置缺少必要参数: macd
2025-08-25 11:43:30,639 - ERROR - 配置缺少必要参数: macd
2025-08-25 11:43:30,639 - ERROR - 配置缺少必要参数: macd
2025-08-25 11:43:30,640 - ERROR - 配置缺少必要参数: macd
2025-08-25 11:43:30,640 - ERROR - 配置缺少必要参数: macd
2025-08-25 11:43:30,641 - ERROR - 配置缺少必要参数: macd
2025-08-25 11:43:30,643 - ERROR - 配置缺少必要参数: macd
2025-08-25 11:43:30,644 - ERROR - 配置缺少必要参数: macd
2025-08-25 11:43:30,644 - ERROR - 配置缺少必要参数: macd
2025-08-25 11:43:30,646 - ERROR - 配置缺少必要参数: macd
2025-08-25 11:43:30,647 - ERROR - 配置缺少必要参数: macd
2025-08-25 11:43:30,647 - ERROR - 配置缺少必要参数: macd
2025-08-25 11:43:30,649 - ERROR - 配置缺少必要参数: macd
2025-08-25 11:43:30,650 - ERROR - 配置缺少必要参数: macd
2025-08-25 11:43:30,651 - ERROR - 配置缺少必要参数: macd
2025-08-25 11:43:30,652 - ERROR - 配置缺少必要参数: macd
2025-08-25 11:43:30,652 - ERROR - 配置缺少必要参数: macd
2025-08-25 11:43:30,653 - ERROR - 配置缺少必要参数: macd
2025-08-25 11:43:30,653 - ERROR - 配置缺少必要参数: macd
2025-08-25 11:43:30,654 - ERROR - 配置缺少必要参数: macd
2025-08-25 11:43:30,654 - ERROR - 配置缺少必要参数: macd
2025-08-25 11:43:30,654 - ERROR - 配置缺少必要参数: macd
2025-08-25 11:43:30,655 - ERROR - 配置缺少必要参数: macd
2025-08-25 11:43:30,655 - ERROR - 配置缺少必要参数: macd
2025-08-25 11:43:30,656 - ERROR - 配置缺少必要参数: macd
2025-08-25 11:43:30,657 - ERROR - 配置缺少必要参数: macd
2025-08-25 11:43:30,658 - ERROR - 配置缺少必要参数: macd
2025-08-25 11:43:30,659 - ERROR - 配置缺少必要参数: macd
2025-08-25 11:43:30,659 - ERROR - 配置缺少必要参数: macd
2025-08-25 11:43:30,660 - ERROR - 配置缺少必要参数: macd
2025-08-25 11:43:30,660 - ERROR - 配置缺少必要参数: macd
2025-08-25 11:43:30,662 - ERROR - 配置缺少必要参数: macd
2025-08-25 11:43:30,662 - ERROR - 配置缺少必要参数: macd
2025-08-25 11:43:30,662 - ERROR - 配置缺少必要参数: macd
2025-08-25 11:43:30,663 - ERROR - 配置缺少必要参数: macd
2025-08-25 11:43:30,663 - ERROR - 配置缺少必要参数: macd
2025-08-25 11:43:30,663 - ERROR - 配置缺少必要参数: macd
2025-08-25 11:43:30,664 - ERROR - 配置缺少必要参数: macd
2025-08-25 11:43:30,669 - ERROR - 配置缺少必要参数: macd
2025-08-25 11:43:30,670 - ERROR - 配置缺少必要参数: macd
2025-08-25 11:43:30,671 - ERROR - 配置缺少必要参数: macd
2025-08-25 11:43:30,672 - ERROR - 配置缺少必要参数: macd
2025-08-25 11:43:30,673 - ERROR - 配置缺少必要参数: macd
2025-08-25 11:43:30,673 - ERROR - 配置缺少必要参数: macd
2025-08-25 11:43:30,673 - ERROR - 配置缺少必要参数: macd
2025-08-25 11:43:30,674 - ERROR - 配置缺少必要参数: macd
2025-08-25 11:43:30,674 - ERROR - 配置缺少必要参数: macd
2025-08-25 11:43:30,675 - ERROR - 配置缺少必要参数: macd
2025-08-25 11:43:30,675 - ERROR - 配置缺少必要参数: macd
2025-08-25 11:43:30,676 - ERROR - 配置缺少必要参数: macd
2025-08-25 11:43:30,677 - ERROR - 配置缺少必要参数: macd
2025-08-25 11:43:30,678 - ERROR - 配置缺少必要参数: macd
2025-08-25 11:43:30,679 - ERROR - 配置缺少必要参数: macd
2025-08-25 11:43:30,679 - ERROR - 配置缺少必要参数: macd
2025-08-25 11:43:30,687 - ERROR - 配置缺少必要参数: macd
2025-08-25 11:43:30,688 - ERROR - 配置缺少必要参数: macd
2025-08-25 11:43:30,688 - ERROR - 配置缺少必要参数: macd
2025-08-25 11:43:30,688 - ERROR - 配置缺少必要参数: macd
2025-08-25 11:43:30,688 - ERROR - 配置缺少必要参数: macd
2025-08-25 11:43:30,688 - ERROR - 配置缺少必要参数: macd
2025-08-25 11:43:30,688 - ERROR - 配置缺少必要参数: macd
2025-08-25 11:43:30,688 - ERROR - 配置缺少必要参数: macd
2025-08-25 11:43:30,689 - ERROR - 配置缺少必要参数: macd
2025-08-25 11:43:30,690 - ERROR - 配置缺少必要参数: macd
2025-08-25 11:43:30,690 - ERROR - 配置缺少必要参数: macd
2025-08-25 11:43:30,691 - ERROR - 配置缺少必要参数: macd
2025-08-25 11:43:30,693 - ERROR - 配置缺少必要参数: macd
2025-08-25 11:43:30,694 - ERROR - 配置缺少必要参数: macd
2025-08-25 11:43:30,694 - ERROR - 配置缺少必要参数: macd
2025-08-25 11:43:30,694 - ERROR - 配置缺少必要参数: macd
2025-08-25 11:43:30,695 - ERROR - 配置缺少必要参数: macd
2025-08-25 11:43:30,695 - ERROR - 配置缺少必要参数: macd
2025-08-25 11:43:30,701 - ERROR - 配置缺少必要参数: macd
2025-08-25 11:43:30,702 - ERROR - 配置缺少必要参数: macd
2025-08-25 11:43:30,703 - ERROR - 配置缺少必要参数: macd
2025-08-25 11:43:30,704 - ERROR - 配置缺少必要参数: macd
2025-08-25 11:43:30,706 - ERROR - 配置缺少必要参数: macd
2025-08-25 11:43:30,707 - ERROR - 配置缺少必要参数: macd
2025-08-25 11:43:30,708 - ERROR - 配置缺少必要参数: macd
2025-08-25 11:43:30,709 - ERROR - 配置缺少必要参数: macd
2025-08-25 11:43:30,709 - ERROR - 配置缺少必要参数: macd
2025-08-25 11:43:30,710 - ERROR - 配置缺少必要参数: macd
2025-08-25 11:43:30,710 - ERROR - 配置缺少必要参数: macd
2025-08-25 11:43:30,711 - ERROR - 配置缺少必要参数: macd
2025-08-25 11:43:30,711 - ERROR - 配置缺少必要参数: macd
2025-08-25 11:43:30,711 - ERROR - 配置缺少必要参数: macd
2025-08-25 11:43:30,711 - ERROR - 配置缺少必要参数: macd
2025-08-25 11:43:30,711 - ERROR - 配置缺少必要参数: macd
2025-08-25 11:43:30,712 - ERROR - 配置缺少必要参数: macd
2025-08-25 11:43:30,712 - ERROR - 配置缺少必要参数: macd
2025-08-25 11:43:30,712 - ERROR - 配置缺少必要参数: macd
2025-08-25 11:43:30,712 - ERROR - 配置缺少必要参数: macd
2025-08-25 11:43:30,714 - ERROR - 配置缺少必要参数: macd
2025-08-25 11:43:30,714 - ERROR - 配置缺少必要参数: macd
2025-08-25 11:43:30,714 - ERROR - 配置缺少必要参数: macd
2025-08-25 11:43:30,715 - ERROR - 配置缺少必要参数: macd
2025-08-25 11:43:30,716 - ERROR - 配置缺少必要参数: macd
2025-08-25 11:43:30,717 - ERROR - 配置缺少必要参数: macd
2025-08-25 11:43:30,717 - ERROR - 配置缺少必要参数: macd
2025-08-25 11:43:30,718 - ERROR - 配置缺少必要参数: macd
2025-08-25 11:43:30,718 - ERROR - 配置缺少必要参数: macd
2025-08-25 11:43:30,719 - ERROR - 配置缺少必要参数: macd
2025-08-25 11:43:30,725 - ERROR - 配置缺少必要参数: macd
2025-08-25 11:43:30,725 - ERROR - 配置缺少必要参数: macd
2025-08-25 11:43:30,726 - ERROR - 配置缺少必要参数: macd
2025-08-25 11:43:30,726 - ERROR - 配置缺少必要参数: macd
2025-08-25 11:43:30,727 - ERROR - 配置缺少必要参数: macd
2025-08-25 11:43:30,728 - ERROR - 配置缺少必要参数: macd
2025-08-25 11:43:30,729 - ERROR - 配置缺少必要参数: macd
2025-08-25 11:43:30,729 - ERROR - 配置缺少必要参数: macd
2025-08-25 11:43:30,729 - ERROR - 配置缺少必要参数: macd
2025-08-25 11:43:30,729 - ERROR - 配置缺少必要参数: macd
2025-08-25 11:43:30,731 - ERROR - 配置缺少必要参数: macd
2025-08-25 11:43:30,732 - ERROR - 配置缺少必要参数: macd
2025-08-25 11:43:30,738 - ERROR - 配置缺少必要参数: macd
2025-08-25 11:43:30,739 - ERROR - 配置缺少必要参数: macd
2025-08-25 11:43:30,740 - ERROR - 配置缺少必要参数: macd
2025-08-25 11:43:30,741 - ERROR - 配置缺少必要参数: macd
2025-08-25 11:43:30,741 - ERROR - 配置缺少必要参数: macd
2025-08-25 11:43:30,742 - ERROR - 配置缺少必要参数: macd
2025-08-25 11:43:30,742 - ERROR - 配置缺少必要参数: macd
2025-08-25 11:43:30,743 - ERROR - 配置缺少必要参数: macd
2025-08-25 11:43:30,743 - ERROR - 配置缺少必要参数: macd
2025-08-25 11:43:30,743 - ERROR - 配置缺少必要参数: macd
2025-08-25 11:43:30,744 - ERROR - 配置缺少必要参数: macd
2025-08-25 11:43:30,744 - ERROR - 配置缺少必要参数: macd
2025-08-25 11:43:30,747 - ERROR - 配置缺少必要参数: macd
2025-08-25 11:43:30,748 - ERROR - 配置缺少必要参数: macd
2025-08-25 11:43:30,748 - ERROR - 配置缺少必要参数: macd
2025-08-25 11:43:30,748 - ERROR - 配置缺少必要参数: macd
2025-08-25 11:43:30,749 - ERROR - 配置缺少必要参数: macd
2025-08-25 11:43:30,750 - ERROR - 配置缺少必要参数: macd
2025-08-25 11:43:30,753 - ERROR - 配置缺少必要参数: macd
2025-08-25 11:43:30,754 - ERROR - 配置缺少必要参数: macd
2025-08-25 11:43:30,755 - ERROR - 配置缺少必要参数: macd
2025-08-25 11:43:30,755 - ERROR - 配置缺少必要参数: macd
2025-08-25 11:43:30,756 - ERROR - 配置缺少必要参数: macd
2025-08-25 11:43:30,757 - ERROR - 配置缺少必要参数: macd
2025-08-25 11:43:30,757 - ERROR - 配置缺少必要参数: macd
2025-08-25 11:43:30,758 - ERROR - 配置缺少必要参数: macd
2025-08-25 11:43:30,760 - ERROR - 配置缺少必要参数: macd
2025-08-25 11:43:30,761 - ERROR - 配置缺少必要参数: macd
2025-08-25 11:43:30,762 - ERROR - 配置缺少必要参数: macd
2025-08-25 11:43:30,762 - ERROR - 配置缺少必要参数: macd
2025-08-25 11:43:30,763 - ERROR - 配置缺少必要参数: macd
2025-08-25 11:43:30,763 - ERROR - 配置缺少必要参数: macd
2025-08-25 11:43:30,763 - ERROR - 配置缺少必要参数: macd
2025-08-25 11:43:30,763 - ERROR - 配置缺少必要参数: macd
2025-08-25 11:43:30,764 - ERROR - 配置缺少必要参数: macd
2025-08-25 11:43:30,764 - ERROR - 配置缺少必要参数: macd
2025-08-25 11:43:30,765 - ERROR - 配置缺少必要参数: macd
2025-08-25 11:43:30,765 - ERROR - 配置缺少必要参数: macd
2025-08-25 11:43:30,765 - ERROR - 配置缺少必要参数: macd
2025-08-25 11:43:30,765 - ERROR - 配置缺少必要参数: macd
2025-08-25 11:43:30,768 - ERROR - 配置缺少必要参数: macd
2025-08-25 11:43:30,769 - ERROR - 配置缺少必要参数: macd
2025-08-25 11:43:30,769 - ERROR - 配置缺少必要参数: macd
2025-08-25 11:43:30,769 - ERROR - 配置缺少必要参数: macd
2025-08-25 11:43:30,770 - ERROR - 配置缺少必要参数: macd
2025-08-25 11:43:30,771 - ERROR - 配置缺少必要参数: macd
2025-08-25 11:43:30,772 - ERROR - 配置缺少必要参数: macd
2025-08-25 11:43:30,772 - ERROR - 配置缺少必要参数: macd
2025-08-25 11:43:30,775 - ERROR - 配置缺少必要参数: macd
2025-08-25 11:43:30,776 - ERROR - 配置缺少必要参数: macd
2025-08-25 11:43:30,777 - ERROR - 配置缺少必要参数: macd
2025-08-25 11:43:30,779 - ERROR - 配置缺少必要参数: macd
2025-08-25 11:43:30,782 - ERROR - 配置缺少必要参数: macd
2025-08-25 11:43:30,782 - ERROR - 配置缺少必要参数: macd
2025-08-25 11:43:30,783 - ERROR - 配置缺少必要参数: macd
2025-08-25 11:43:30,783 - ERROR - 配置缺少必要参数: macd
2025-08-25 11:43:30,783 - ERROR - 配置缺少必要参数: macd
2025-08-25 11:43:30,784 - ERROR - 配置缺少必要参数: macd
2025-08-25 11:43:30,786 - ERROR - 配置缺少必要参数: macd
2025-08-25 11:43:30,786 - ERROR - 配置缺少必要参数: macd
2025-08-25 11:43:30,787 - ERROR - 配置缺少必要参数: macd
2025-08-25 11:43:30,787 - ERROR - 配置缺少必要参数: macd
2025-08-25 11:43:30,792 - ERROR - 配置缺少必要参数: macd
2025-08-25 11:43:30,793 - ERROR - 配置缺少必要参数: macd
2025-08-25 11:43:30,795 - ERROR - 配置缺少必要参数: macd
2025-08-25 11:43:30,795 - ERROR - 配置缺少必要参数: macd
2025-08-25 11:43:30,795 - ERROR - 配置缺少必要参数: macd
2025-08-25 11:43:30,796 - ERROR - 配置缺少必要参数: macd
2025-08-25 11:43:30,796 - ERROR - 配置缺少必要参数: macd
2025-08-25 11:43:30,796 - ERROR - 配置缺少必要参数: macd
2025-08-25 11:43:30,802 - ERROR - 配置缺少必要参数: macd
2025-08-25 11:43:30,803 - ERROR - 配置缺少必要参数: macd
2025-08-25 11:43:30,803 - ERROR - 配置缺少必要参数: macd
2025-08-25 11:43:30,803 - ERROR - 配置缺少必要参数: macd
2025-08-25 11:43:30,804 - ERROR - 配置缺少必要参数: macd
2025-08-25 11:43:30,804 - ERROR - 配置缺少必要参数: macd
2025-08-25 11:43:30,804 - ERROR - 配置缺少必要参数: macd
2025-08-25 11:43:30,804 - ERROR - 配置缺少必要参数: macd
2025-08-25 11:43:30,804 - ERROR - 配置缺少必要参数: macd
2025-08-25 11:43:30,805 - ERROR - 配置缺少必要参数: macd
2025-08-25 11:43:30,805 - ERROR - 配置缺少必要参数: macd
2025-08-25 11:43:30,805 - ERROR - 配置缺少必要参数: macd
2025-08-25 11:43:30,806 - ERROR - 配置缺少必要参数: macd
2025-08-25 11:43:30,806 - ERROR - 配置缺少必要参数: macd
2025-08-25 11:43:30,808 - ERROR - 配置缺少必要参数: macd
2025-08-25 11:43:30,809 - ERROR - 配置缺少必要参数: macd
2025-08-25 11:43:30,809 - ERROR - 配置缺少必要参数: macd
2025-08-25 11:43:30,810 - ERROR - 配置缺少必要参数: macd
2025-08-25 11:43:30,815 - ERROR - 配置缺少必要参数: macd
2025-08-25 11:43:30,816 - ERROR - 配置缺少必要参数: macd
2025-08-25 11:43:30,816 - ERROR - 配置缺少必要参数: macd
2025-08-25 11:43:30,816 - ERROR - 配置缺少必要参数: macd
2025-08-25 11:43:30,817 - ERROR - 配置缺少必要参数: macd
2025-08-25 11:43:30,817 - ERROR - 配置缺少必要参数: macd
2025-08-25 11:43:30,817 - ERROR - 配置缺少必要参数: macd
2025-08-25 11:43:30,818 - ERROR - 配置缺少必要参数: macd
2025-08-25 11:43:30,818 - ERROR - 配置缺少必要参数: macd
2025-08-25 11:43:30,818 - ERROR - 配置缺少必要参数: macd
2025-08-25 11:43:30,818 - ERROR - 配置缺少必要参数: macd
2025-08-25 11:43:30,819 - ERROR - 配置缺少必要参数: macd
2025-08-25 11:43:30,819 - ERROR - 配置缺少必要参数: macd
2025-08-25 11:43:30,819 - ERROR - 配置缺少必要参数: macd
2025-08-25 11:43:30,819 - ERROR - 配置缺少必要参数: macd
2025-08-25 11:43:30,820 - ERROR - 配置缺少必要参数: macd
2025-08-25 11:43:30,820 - ERROR - 配置缺少必要参数: macd
2025-08-25 11:43:30,821 - ERROR - 配置缺少必要参数: macd
2025-08-25 11:43:30,823 - ERROR - 配置缺少必要参数: macd
2025-08-25 11:43:30,824 - ERROR - 配置缺少必要参数: macd
2025-08-25 11:43:30,824 - ERROR - 配置缺少必要参数: macd
2025-08-25 11:43:30,825 - ERROR - 配置缺少必要参数: macd
2025-08-25 11:43:30,825 - ERROR - 配置缺少必要参数: macd
2025-08-25 11:43:30,826 - ERROR - 配置缺少必要参数: macd
2025-08-25 11:43:30,827 - ERROR - 配置缺少必要参数: macd
2025-08-25 11:43:30,827 - ERROR - 配置缺少必要参数: macd
2025-08-25 11:43:30,828 - ERROR - 配置缺少必要参数: macd
2025-08-25 11:43:30,828 - ERROR - 配置缺少必要参数: macd
2025-08-25 11:43:30,828 - ERROR - 配置缺少必要参数: macd
2025-08-25 11:43:30,828 - ERROR - 配置缺少必要参数: macd
2025-08-25 11:43:30,832 - ERROR - 配置缺少必要参数: macd
2025-08-25 11:43:30,833 - ERROR - 配置缺少必要参数: macd
2025-08-25 11:43:30,841 - ERROR - 配置缺少必要参数: macd
2025-08-25 11:43:30,842 - ERROR - 配置缺少必要参数: macd
2025-08-25 11:43:30,842 - ERROR - 配置缺少必要参数: macd
2025-08-25 11:43:30,843 - ERROR - 配置缺少必要参数: macd
2025-08-25 11:43:30,846 - ERROR - 配置缺少必要参数: macd
2025-08-25 11:43:30,846 - ERROR - 配置缺少必要参数: macd
2025-08-25 11:43:30,848 - ERROR - 配置缺少必要参数: macd
2025-08-25 11:43:30,849 - ERROR - 配置缺少必要参数: macd
2025-08-25 11:43:30,850 - ERROR - 配置缺少必要参数: macd
2025-08-25 11:43:30,850 - ERROR - 配置缺少必要参数: macd
2025-08-25 11:43:30,851 - ERROR - 配置缺少必要参数: macd
2025-08-25 11:43:30,851 - ERROR - 配置缺少必要参数: macd
2025-08-25 11:43:30,853 - ERROR - 配置缺少必要参数: macd
2025-08-25 11:43:30,854 - ERROR - 配置缺少必要参数: macd
2025-08-25 11:43:30,854 - ERROR - 配置缺少必要参数: macd
2025-08-25 11:43:30,855 - ERROR - 配置缺少必要参数: macd
2025-08-25 11:43:30,855 - ERROR - 配置缺少必要参数: macd
2025-08-25 11:43:30,855 - ERROR - 配置缺少必要参数: macd
2025-08-25 11:43:30,856 - ERROR - 配置缺少必要参数: macd
2025-08-25 11:43:30,856 - ERROR - 配置缺少必要参数: macd
2025-08-25 11:43:30,856 - ERROR - 配置缺少必要参数: macd
2025-08-25 11:43:30,857 - ERROR - 配置缺少必要参数: macd
2025-08-25 11:43:30,858 - ERROR - 配置缺少必要参数: macd
2025-08-25 11:43:30,858 - ERROR - 配置缺少必要参数: macd
2025-08-25 11:43:30,859 - ERROR - 配置缺少必要参数: macd
2025-08-25 11:43:30,859 - ERROR - 配置缺少必要参数: macd
2025-08-25 11:43:30,863 - ERROR - 配置缺少必要参数: macd
2025-08-25 11:43:30,863 - ERROR - 配置缺少必要参数: macd
2025-08-25 11:43:30,864 - ERROR - 配置缺少必要参数: macd
2025-08-25 11:43:30,864 - ERROR - 配置缺少必要参数: macd
2025-08-25 11:43:30,866 - ERROR - 配置缺少必要参数: macd
2025-08-25 11:43:30,867 - ERROR - 配置缺少必要参数: macd
2025-08-25 11:43:30,869 - ERROR - 配置缺少必要参数: macd
2025-08-25 11:43:30,870 - ERROR - 配置缺少必要参数: macd
2025-08-25 11:43:30,871 - ERROR - 配置缺少必要参数: macd
2025-08-25 11:43:30,871 - ERROR - 配置缺少必要参数: macd
2025-08-25 11:43:30,871 - ERROR - 配置缺少必要参数: macd
2025-08-25 11:43:30,872 - ERROR - 配置缺少必要参数: macd
2025-08-25 11:43:30,872 - ERROR - 配置缺少必要参数: macd
2025-08-25 11:43:30,873 - ERROR - 配置缺少必要参数: macd
2025-08-25 11:43:30,873 - ERROR - 配置缺少必要参数: macd
2025-08-25 11:43:30,873 - ERROR - 配置缺少必要参数: macd
2025-08-25 11:43:30,876 - ERROR - 配置缺少必要参数: macd
2025-08-25 11:43:30,876 - ERROR - 配置缺少必要参数: macd
2025-08-25 11:43:30,876 - ERROR - 配置缺少必要参数: macd
2025-08-25 11:43:30,876 - ERROR - 配置缺少必要参数: macd
2025-08-25 11:43:30,876 - ERROR - 配置缺少必要参数: macd
2025-08-25 11:43:30,877 - ERROR - 配置缺少必要参数: macd
2025-08-25 11:43:30,877 - ERROR - 配置缺少必要参数: macd
2025-08-25 11:43:30,877 - ERROR - 配置缺少必要参数: macd
2025-08-25 11:43:30,878 - ERROR - 配置缺少必要参数: macd
2025-08-25 11:43:30,878 - ERROR - 配置缺少必要参数: macd
2025-08-25 11:43:30,879 - ERROR - 配置缺少必要参数: macd
2025-08-25 11:43:30,879 - ERROR - 配置缺少必要参数: macd
2025-08-25 11:43:30,880 - ERROR - 配置缺少必要参数: macd
2025-08-25 11:43:30,881 - ERROR - 配置缺少必要参数: macd
2025-08-25 11:43:30,882 - ERROR - 配置缺少必要参数: macd
2025-08-25 11:43:30,882 - ERROR - 配置缺少必要参数: macd
2025-08-25 11:43:30,883 - ERROR - 配置缺少必要参数: macd
2025-08-25 11:43:30,883 - ERROR - 配置缺少必要参数: macd
2025-08-25 11:43:30,887 - ERROR - 配置缺少必要参数: macd
2025-08-25 11:43:30,888 - ERROR - 配置缺少必要参数: macd
2025-08-25 11:43:30,889 - ERROR - 配置缺少必要参数: macd
2025-08-25 11:43:30,890 - ERROR - 配置缺少必要参数: macd
2025-08-25 11:43:30,898 - ERROR - 配置缺少必要参数: macd
2025-08-25 11:43:30,899 - ERROR - 配置缺少必要参数: macd
2025-08-25 11:43:30,900 - ERROR - 配置缺少必要参数: macd
2025-08-25 11:43:30,900 - ERROR - 配置缺少必要参数: macd
2025-08-25 11:43:30,901 - ERROR - 配置缺少必要参数: macd
2025-08-25 11:43:30,902 - ERROR - 配置缺少必要参数: macd
2025-08-25 11:43:30,904 - ERROR - 配置缺少必要参数: macd
2025-08-25 11:43:30,905 - ERROR - 配置缺少必要参数: macd
2025-08-25 11:43:30,905 - ERROR - 配置缺少必要参数: macd
2025-08-25 11:43:30,905 - ERROR - 配置缺少必要参数: macd
2025-08-25 11:43:30,906 - ERROR - 配置缺少必要参数: macd
2025-08-25 11:43:30,906 - ERROR - 配置缺少必要参数: macd
2025-08-25 11:43:30,906 - ERROR - 配置缺少必要参数: macd
2025-08-25 11:43:30,906 - ERROR - 配置缺少必要参数: macd
2025-08-25 11:43:30,906 - ERROR - 配置缺少必要参数: macd
2025-08-25 11:43:30,907 - ERROR - 配置缺少必要参数: macd
2025-08-25 11:43:30,907 - ERROR - 配置缺少必要参数: macd
2025-08-25 11:43:30,908 - ERROR - 配置缺少必要参数: macd
2025-08-25 11:43:30,908 - ERROR - 配置缺少必要参数: macd
2025-08-25 11:43:30,909 - ERROR - 配置缺少必要参数: macd
2025-08-25 11:43:30,911 - ERROR - 配置缺少必要参数: macd
2025-08-25 11:43:30,911 - ERROR - 配置缺少必要参数: macd
2025-08-25 11:43:30,911 - ERROR - 配置缺少必要参数: macd
2025-08-25 11:43:30,912 - ERROR - 配置缺少必要参数: macd
2025-08-25 11:43:30,912 - ERROR - 配置缺少必要参数: macd
2025-08-25 11:43:30,912 - ERROR - 配置缺少必要参数: macd
2025-08-25 11:43:30,915 - ERROR - 配置缺少必要参数: macd
2025-08-25 11:43:30,916 - ERROR - 配置缺少必要参数: macd
2025-08-25 11:43:30,919 - ERROR - 配置缺少必要参数: macd
2025-08-25 11:43:30,920 - ERROR - 配置缺少必要参数: macd
2025-08-25 11:43:30,925 - ERROR - 配置缺少必要参数: macd
2025-08-25 11:43:30,926 - ERROR - 配置缺少必要参数: macd
2025-08-25 11:43:30,926 - ERROR - 配置缺少必要参数: macd
2025-08-25 11:43:30,926 - ERROR - 配置缺少必要参数: macd
2025-08-25 11:43:30,927 - ERROR - 配置缺少必要参数: macd
2025-08-25 11:43:30,927 - ERROR - 配置缺少必要参数: macd
2025-08-25 11:43:30,927 - ERROR - 配置缺少必要参数: macd
2025-08-25 11:43:30,929 - ERROR - 配置缺少必要参数: macd
2025-08-25 11:43:30,929 - ERROR - 配置缺少必要参数: macd
2025-08-25 11:43:30,929 - ERROR - 配置缺少必要参数: macd
2025-08-25 11:43:30,930 - ERROR - 配置缺少必要参数: macd
2025-08-25 11:43:30,930 - ERROR - 配置缺少必要参数: macd
2025-08-25 11:43:30,931 - ERROR - 配置缺少必要参数: macd
2025-08-25 11:43:30,932 - ERROR - 配置缺少必要参数: macd
2025-08-25 11:43:30,933 - ERROR - 配置缺少必要参数: macd
2025-08-25 11:43:30,934 - ERROR - 配置缺少必要参数: macd
2025-08-25 11:43:30,934 - ERROR - 配置缺少必要参数: macd
2025-08-25 11:43:30,935 - ERROR - 配置缺少必要参数: macd
2025-08-25 11:43:30,935 - ERROR - 配置缺少必要参数: macd
2025-08-25 11:43:30,936 - ERROR - 配置缺少必要参数: macd
2025-08-25 11:43:30,936 - ERROR - 配置缺少必要参数: macd
2025-08-25 11:43:30,936 - ERROR - 配置缺少必要参数: macd
2025-08-25 11:43:30,937 - ERROR - 配置缺少必要参数: macd
2025-08-25 11:43:30,938 - ERROR - 配置缺少必要参数: macd
2025-08-25 11:43:30,939 - ERROR - 配置缺少必要参数: macd
2025-08-25 11:43:30,939 - ERROR - 配置缺少必要参数: macd
2025-08-25 11:43:30,941 - ERROR - 配置缺少必要参数: macd
2025-08-25 11:43:30,942 - ERROR - 配置缺少必要参数: macd
2025-08-25 11:43:30,943 - ERROR - 配置缺少必要参数: macd
2025-08-25 11:43:30,944 - ERROR - 配置缺少必要参数: macd
2025-08-25 11:43:30,948 - ERROR - 配置缺少必要参数: macd
2025-08-25 11:43:30,949 - ERROR - 配置缺少必要参数: macd
2025-08-25 11:43:30,951 - ERROR - 配置缺少必要参数: macd
2025-08-25 11:43:30,953 - ERROR - 配置缺少必要参数: macd
2025-08-25 11:43:30,956 - ERROR - 配置缺少必要参数: macd
2025-08-25 11:43:30,957 - ERROR - 配置缺少必要参数: macd
2025-08-25 11:43:30,960 - ERROR - 配置缺少必要参数: macd
2025-08-25 11:43:30,960 - ERROR - 配置缺少必要参数: macd
2025-08-25 11:43:30,961 - ERROR - 配置缺少必要参数: macd
2025-08-25 11:43:30,961 - ERROR - 配置缺少必要参数: macd
2025-08-25 11:43:30,961 - ERROR - 配置缺少必要参数: macd
2025-08-25 11:43:30,962 - ERROR - 配置缺少必要参数: macd
2025-08-25 11:43:30,963 - ERROR - 配置缺少必要参数: macd
2025-08-25 11:43:30,963 - ERROR - 配置缺少必要参数: macd
2025-08-25 11:43:30,963 - ERROR - 配置缺少必要参数: macd
2025-08-25 11:43:30,963 - ERROR - 配置缺少必要参数: macd
2025-08-25 11:43:30,965 - ERROR - 配置缺少必要参数: macd
2025-08-25 11:43:30,966 - ERROR - 配置缺少必要参数: macd
2025-08-25 11:43:30,967 - ERROR - 配置缺少必要参数: macd
2025-08-25 11:43:30,967 - ERROR - 配置缺少必要参数: macd
2025-08-25 11:43:30,968 - ERROR - 配置缺少必要参数: macd
2025-08-25 11:43:30,968 - ERROR - 配置缺少必要参数: macd
2025-08-25 11:43:30,969 - ERROR - 配置缺少必要参数: macd
2025-08-25 11:43:30,969 - ERROR - 配置缺少必要参数: macd
2025-08-25 11:43:30,970 - ERROR - 配置缺少必要参数: macd
2025-08-25 11:43:30,970 - ERROR - 配置缺少必要参数: macd
2025-08-25 11:43:30,971 - ERROR - 配置缺少必要参数: macd
2025-08-25 11:43:30,971 - ERROR - 配置缺少必要参数: macd
2025-08-25 11:43:30,974 - ERROR - 配置缺少必要参数: macd
2025-08-25 11:43:30,975 - ERROR - 配置缺少必要参数: macd
2025-08-25 11:43:30,976 - ERROR - 配置缺少必要参数: macd
2025-08-25 11:43:30,976 - ERROR - 配置缺少必要参数: macd
2025-08-25 11:43:30,977 - ERROR - 配置缺少必要参数: macd
2025-08-25 11:43:30,977 - ERROR - 配置缺少必要参数: macd
2025-08-25 11:43:30,979 - ERROR - 配置缺少必要参数: macd
2025-08-25 11:43:30,980 - ERROR - 配置缺少必要参数: macd
2025-08-25 11:43:30,980 - ERROR - 配置缺少必要参数: macd
2025-08-25 11:43:30,981 - ERROR - 配置缺少必要参数: macd
2025-08-25 11:43:30,981 - ERROR - 配置缺少必要参数: macd
2025-08-25 11:43:30,982 - ERROR - 配置缺少必要参数: macd
2025-08-25 11:43:30,984 - ERROR - 配置缺少必要参数: macd
2025-08-25 11:43:30,984 - ERROR - 配置缺少必要参数: macd
2025-08-25 11:43:30,985 - ERROR - 配置缺少必要参数: macd
2025-08-25 11:43:30,985 - ERROR - 配置缺少必要参数: macd
2025-08-25 11:43:30,986 - ERROR - 配置缺少必要参数: macd
2025-08-25 11:43:30,987 - ERROR - 配置缺少必要参数: macd
2025-08-25 11:43:30,990 - ERROR - 配置缺少必要参数: macd
2025-08-25 11:43:30,990 - ERROR - 配置缺少必要参数: macd
2025-08-25 11:43:30,990 - ERROR - 配置缺少必要参数: macd
2025-08-25 11:43:30,991 - ERROR - 配置缺少必要参数: macd
2025-08-25 11:43:30,991 - ERROR - 配置缺少必要参数: macd
2025-08-25 11:43:30,991 - ERROR - 配置缺少必要参数: macd
2025-08-25 11:43:30,991 - ERROR - 配置缺少必要参数: macd
2025-08-25 11:43:30,994 - ERROR - 配置缺少必要参数: macd
2025-08-25 11:43:30,996 - ERROR - 配置缺少必要参数: macd
2025-08-25 11:43:30,997 - ERROR - 配置缺少必要参数: macd
2025-08-25 11:43:30,999 - ERROR - 配置缺少必要参数: macd
2025-08-25 11:43:31,000 - ERROR - 配置缺少必要参数: macd
2025-08-25 11:43:31,003 - ERROR - 配置缺少必要参数: macd
2025-08-25 11:43:31,003 - ERROR - 配置缺少必要参数: macd
2025-08-25 11:43:31,004 - ERROR - 配置缺少必要参数: macd
2025-08-25 11:43:31,005 - ERROR - 配置缺少必要参数: macd
2025-08-25 11:43:31,006 - ERROR - 配置缺少必要参数: macd
2025-08-25 11:43:31,007 - ERROR - 配置缺少必要参数: macd
2025-08-25 11:43:31,009 - ERROR - 配置缺少必要参数: macd
2025-08-25 11:43:31,010 - ERROR - 配置缺少必要参数: macd
2025-08-25 11:43:31,010 - ERROR - 配置缺少必要参数: macd
2025-08-25 11:43:31,010 - ERROR - 配置缺少必要参数: macd
2025-08-25 11:43:31,010 - ERROR - 配置缺少必要参数: macd
2025-08-25 11:43:31,011 - ERROR - 配置缺少必要参数: macd
2025-08-25 11:43:31,016 - ERROR - 配置缺少必要参数: macd
2025-08-25 11:43:31,017 - ERROR - 配置缺少必要参数: macd
2025-08-25 11:43:31,017 - ERROR - 配置缺少必要参数: macd
2025-08-25 11:43:31,018 - ERROR - 配置缺少必要参数: macd
2025-08-25 11:43:31,019 - ERROR - 配置缺少必要参数: macd
2025-08-25 11:43:31,019 - ERROR - 配置缺少必要参数: macd
2025-08-25 11:43:31,022 - ERROR - 配置缺少必要参数: macd
2025-08-25 11:43:31,022 - ERROR - 配置缺少必要参数: macd
2025-08-25 11:43:31,025 - ERROR - 配置缺少必要参数: macd
2025-08-25 11:43:31,025 - ERROR - 配置缺少必要参数: macd
2025-08-25 11:43:31,025 - ERROR - 配置缺少必要参数: macd
2025-08-25 11:43:31,026 - ERROR - 配置缺少必要参数: macd
2025-08-25 11:43:31,026 - ERROR - 配置缺少必要参数: macd
2025-08-25 11:43:31,026 - ERROR - 配置缺少必要参数: macd
2025-08-25 11:43:31,029 - ERROR - 配置缺少必要参数: macd
2025-08-25 11:43:31,029 - ERROR - 配置缺少必要参数: macd
2025-08-25 11:43:31,030 - ERROR - 配置缺少必要参数: macd
2025-08-25 11:43:31,030 - ERROR - 配置缺少必要参数: macd
2025-08-25 11:43:31,030 - ERROR - 配置缺少必要参数: macd
2025-08-25 11:43:31,031 - ERROR - 配置缺少必要参数: macd
2025-08-25 11:43:31,033 - ERROR - 配置缺少必要参数: macd
2025-08-25 11:43:31,034 - ERROR - 配置缺少必要参数: macd
2025-08-25 11:43:31,037 - ERROR - 配置缺少必要参数: macd
2025-08-25 11:43:31,037 - ERROR - 配置缺少必要参数: macd
2025-08-25 11:43:31,039 - ERROR - 配置缺少必要参数: macd
2025-08-25 11:43:31,039 - ERROR - 配置缺少必要参数: macd
2025-08-25 11:43:31,039 - ERROR - 配置缺少必要参数: macd
2025-08-25 11:43:31,039 - ERROR - 配置缺少必要参数: macd
2025-08-25 11:43:31,040 - ERROR - 配置缺少必要参数: macd
2025-08-25 11:43:31,041 - ERROR - 配置缺少必要参数: macd
2025-08-25 11:43:31,041 - ERROR - 配置缺少必要参数: macd
2025-08-25 11:43:31,041 - ERROR - 配置缺少必要参数: macd
2025-08-25 11:43:31,042 - ERROR - 配置缺少必要参数: macd
2025-08-25 11:43:31,042 - ERROR - 配置缺少必要参数: macd
2025-08-25 11:43:31,042 - ERROR - 配置缺少必要参数: macd
2025-08-25 11:43:31,042 - ERROR - 配置缺少必要参数: macd
2025-08-25 11:43:31,043 - ERROR - 配置缺少必要参数: macd
2025-08-25 11:43:31,043 - ERROR - 配置缺少必要参数: macd
2025-08-25 11:43:31,043 - ERROR - 配置缺少必要参数: macd
2025-08-25 11:43:31,044 - ERROR - 配置缺少必要参数: macd
2025-08-25 11:43:31,045 - ERROR - 配置缺少必要参数: macd
2025-08-25 11:43:31,046 - ERROR - 配置缺少必要参数: macd
2025-08-25 11:43:31,046 - ERROR - 配置缺少必要参数: macd
2025-08-25 11:43:31,047 - ERROR - 配置缺少必要参数: macd
2025-08-25 11:43:31,049 - ERROR - 配置缺少必要参数: macd
2025-08-25 11:43:31,049 - ERROR - 配置缺少必要参数: macd
2025-08-25 11:43:31,050 - ERROR - 配置缺少必要参数: macd
2025-08-25 11:43:31,050 - ERROR - 配置缺少必要参数: macd
2025-08-25 11:43:31,051 - ERROR - 配置缺少必要参数: macd
2025-08-25 11:43:31,052 - ERROR - 配置缺少必要参数: macd
2025-08-25 11:43:31,052 - ERROR - 配置缺少必要参数: macd
2025-08-25 11:43:31,053 - ERROR - 配置缺少必要参数: macd
2025-08-25 11:43:31,059 - ERROR - 配置缺少必要参数: macd
2025-08-25 11:43:31,061 - ERROR - 配置缺少必要参数: macd
2025-08-25 11:43:31,064 - ERROR - 配置缺少必要参数: macd
2025-08-25 11:43:31,065 - ERROR - 配置缺少必要参数: macd
2025-08-25 11:43:31,067 - ERROR - 配置缺少必要参数: macd
2025-08-25 11:43:31,068 - ERROR - 配置缺少必要参数: macd
2025-08-25 11:43:31,070 - ERROR - 配置缺少必要参数: macd
2025-08-25 11:43:31,070 - ERROR - 配置缺少必要参数: macd
2025-08-25 11:43:31,070 - ERROR - 配置缺少必要参数: macd
2025-08-25 11:43:31,071 - ERROR - 配置缺少必要参数: macd
2025-08-25 11:43:31,071 - ERROR - 配置缺少必要参数: macd
2025-08-25 11:43:31,072 - ERROR - 配置缺少必要参数: macd
2025-08-25 11:43:31,074 - ERROR - 配置缺少必要参数: macd
2025-08-25 11:43:31,075 - ERROR - 配置缺少必要参数: macd
2025-08-25 11:43:31,075 - ERROR - 配置缺少必要参数: macd
2025-08-25 11:43:31,075 - ERROR - 配置缺少必要参数: macd
2025-08-25 11:43:31,075 - ERROR - 配置缺少必要参数: macd
2025-08-25 11:43:31,076 - ERROR - 配置缺少必要参数: macd
2025-08-25 11:43:31,077 - ERROR - 配置缺少必要参数: macd
2025-08-25 11:43:31,077 - ERROR - 配置缺少必要参数: macd
2025-08-25 11:43:31,080 - ERROR - 配置缺少必要参数: macd
2025-08-25 11:43:31,081 - ERROR - 配置缺少必要参数: macd
2025-08-25 11:43:31,083 - ERROR - 配置缺少必要参数: macd
2025-08-25 11:43:31,083 - ERROR - 配置缺少必要参数: macd
2025-08-25 11:43:31,084 - ERROR - 配置缺少必要参数: macd
2025-08-25 11:43:31,084 - ERROR - 配置缺少必要参数: macd
2025-08-25 11:43:31,086 - ERROR - 配置缺少必要参数: macd
2025-08-25 11:43:31,087 - ERROR - 配置缺少必要参数: macd
2025-08-25 11:43:31,088 - ERROR - 配置缺少必要参数: macd
2025-08-25 11:43:31,088 - ERROR - 配置缺少必要参数: macd
2025-08-25 11:43:31,089 - ERROR - 配置缺少必要参数: macd
2025-08-25 11:43:31,089 - ERROR - 配置缺少必要参数: macd
2025-08-25 11:43:31,091 - ERROR - 配置缺少必要参数: macd
2025-08-25 11:43:31,091 - ERROR - 配置缺少必要参数: macd
2025-08-25 11:43:31,092 - ERROR - 配置缺少必要参数: macd
2025-08-25 11:43:31,092 - ERROR - 配置缺少必要参数: macd
2025-08-25 11:43:31,093 - ERROR - 配置缺少必要参数: macd
2025-08-25 11:43:31,094 - ERROR - 配置缺少必要参数: macd
2025-08-25 11:43:31,097 - ERROR - 配置缺少必要参数: macd
2025-08-25 11:43:31,097 - ERROR - 配置缺少必要参数: macd
2025-08-25 11:43:31,097 - ERROR - 配置缺少必要参数: macd
2025-08-25 11:43:31,098 - ERROR - 配置缺少必要参数: macd
2025-08-25 11:43:31,098 - ERROR - 配置缺少必要参数: macd
2025-08-25 11:43:31,098 - ERROR - 配置缺少必要参数: macd
2025-08-25 11:43:31,098 - ERROR - 配置缺少必要参数: macd
2025-08-25 11:43:31,098 - ERROR - 配置缺少必要参数: macd
2025-08-25 11:43:31,098 - ERROR - 配置缺少必要参数: macd
2025-08-25 11:43:31,099 - ERROR - 配置缺少必要参数: macd
2025-08-25 11:43:31,099 - ERROR - 配置缺少必要参数: macd
2025-08-25 11:43:31,100 - ERROR - 配置缺少必要参数: macd
2025-08-25 11:43:31,104 - ERROR - 配置缺少必要参数: macd
2025-08-25 11:43:31,105 - ERROR - 配置缺少必要参数: macd
2025-08-25 11:43:31,107 - ERROR - 配置缺少必要参数: macd
2025-08-25 11:43:31,108 - ERROR - 配置缺少必要参数: macd
2025-08-25 11:43:31,108 - ERROR - 配置缺少必要参数: macd
2025-08-25 11:43:31,109 - ERROR - 配置缺少必要参数: macd
2025-08-25 11:43:31,113 - ERROR - 配置缺少必要参数: macd
2025-08-25 11:43:31,114 - ERROR - 配置缺少必要参数: macd
2025-08-25 11:43:31,116 - ERROR - 配置缺少必要参数: macd
2025-08-25 11:43:31,116 - ERROR - 配置缺少必要参数: macd
2025-08-25 11:43:31,116 - ERROR - 配置缺少必要参数: macd
2025-08-25 11:43:31,117 - ERROR - 配置缺少必要参数: macd
2025-08-25 11:43:31,117 - ERROR - 配置缺少必要参数: macd
2025-08-25 11:43:31,117 - ERROR - 配置缺少必要参数: macd
2025-08-25 11:43:31,120 - ERROR - 配置缺少必要参数: macd
2025-08-25 11:43:31,121 - ERROR - 配置缺少必要参数: macd
2025-08-25 11:43:31,121 - ERROR - 配置缺少必要参数: macd
2025-08-25 11:43:31,122 - ERROR - 配置缺少必要参数: macd
2025-08-25 11:43:31,123 - ERROR - 配置缺少必要参数: macd
2025-08-25 11:43:31,124 - ERROR - 配置缺少必要参数: macd
2025-08-25 11:43:31,129 - ERROR - 配置缺少必要参数: macd
2025-08-25 11:43:31,131 - ERROR - 配置缺少必要参数: macd
2025-08-25 11:43:31,132 - ERROR - 配置缺少必要参数: macd
2025-08-25 11:43:31,133 - ERROR - 配置缺少必要参数: macd
2025-08-25 11:43:31,138 - ERROR - 配置缺少必要参数: macd
2025-08-25 11:43:31,138 - ERROR - 配置缺少必要参数: macd
2025-08-25 11:43:31,139 - ERROR - 配置缺少必要参数: macd
2025-08-25 11:43:31,139 - ERROR - 配置缺少必要参数: macd
2025-08-25 11:43:31,139 - ERROR - 配置缺少必要参数: macd
2025-08-25 11:43:31,140 - ERROR - 配置缺少必要参数: macd
2025-08-25 11:43:31,140 - ERROR - 配置缺少必要参数: macd
2025-08-25 11:43:31,141 - ERROR - 配置缺少必要参数: macd
2025-08-25 11:43:31,142 - ERROR - 配置缺少必要参数: macd
2025-08-25 11:43:31,143 - ERROR - 配置缺少必要参数: macd
2025-08-25 11:43:31,145 - ERROR - 配置缺少必要参数: macd
2025-08-25 11:43:31,145 - ERROR - 配置缺少必要参数: macd
2025-08-25 11:43:31,145 - ERROR - 配置缺少必要参数: macd
2025-08-25 11:43:31,146 - ERROR - 配置缺少必要参数: macd
2025-08-25 11:43:31,147 - ERROR - 配置缺少必要参数: macd
2025-08-25 11:43:31,147 - ERROR - 配置缺少必要参数: macd
2025-08-25 11:43:31,148 - ERROR - 配置缺少必要参数: macd
2025-08-25 11:43:31,148 - ERROR - 配置缺少必要参数: macd
2025-08-25 11:43:31,149 - ERROR - 配置缺少必要参数: macd
2025-08-25 11:43:31,149 - ERROR - 配置缺少必要参数: macd
2025-08-25 11:43:31,150 - ERROR - 配置缺少必要参数: macd
2025-08-25 11:43:31,150 - ERROR - 配置缺少必要参数: macd
2025-08-25 11:43:31,151 - ERROR - 配置缺少必要参数: macd
2025-08-25 11:43:31,152 - ERROR - 配置缺少必要参数: macd
2025-08-25 11:43:31,152 - ERROR - 配置缺少必要参数: macd
2025-08-25 11:43:31,153 - ERROR - 配置缺少必要参数: macd
2025-08-25 11:43:31,154 - ERROR - 配置缺少必要参数: macd
2025-08-25 11:43:31,154 - ERROR - 配置缺少必要参数: macd
2025-08-25 11:43:31,155 - ERROR - 配置缺少必要参数: macd
2025-08-25 11:43:31,156 - ERROR - 配置缺少必要参数: macd
2025-08-25 11:43:31,156 - ERROR - 配置缺少必要参数: macd
2025-08-25 11:43:31,156 - ERROR - 配置缺少必要参数: macd
2025-08-25 11:43:31,156 - ERROR - 配置缺少必要参数: macd
2025-08-25 11:43:31,158 - ERROR - 配置缺少必要参数: macd
2025-08-25 11:43:31,162 - ERROR - 配置缺少必要参数: macd
2025-08-25 11:43:31,162 - ERROR - 配置缺少必要参数: macd
2025-08-25 11:43:31,163 - ERROR - 配置缺少必要参数: macd
2025-08-25 11:43:31,163 - ERROR - 配置缺少必要参数: macd
2025-08-25 11:43:31,165 - ERROR - 配置缺少必要参数: macd
2025-08-25 11:43:31,165 - ERROR - 配置缺少必要参数: macd
2025-08-25 11:43:31,167 - ERROR - 配置缺少必要参数: macd
2025-08-25 11:43:31,168 - ERROR - 配置缺少必要参数: macd
2025-08-25 11:43:31,170 - ERROR - 配置缺少必要参数: macd
2025-08-25 11:43:31,170 - ERROR - 配置缺少必要参数: macd
2025-08-25 11:43:31,170 - ERROR - 配置缺少必要参数: macd
2025-08-25 11:43:31,171 - ERROR - 配置缺少必要参数: macd
2025-08-25 11:43:31,172 - ERROR - 配置缺少必要参数: macd
2025-08-25 11:43:31,173 - ERROR - 配置缺少必要参数: macd
2025-08-25 11:43:31,174 - ERROR - 配置缺少必要参数: macd
2025-08-25 11:43:31,174 - ERROR - 配置缺少必要参数: macd
2025-08-25 11:43:31,175 - ERROR - 配置缺少必要参数: macd
2025-08-25 11:43:31,176 - ERROR - 配置缺少必要参数: macd
2025-08-25 11:43:31,179 - ERROR - 配置缺少必要参数: macd
2025-08-25 11:43:31,179 - ERROR - 配置缺少必要参数: macd
2025-08-25 11:43:31,181 - ERROR - 配置缺少必要参数: macd
2025-08-25 11:43:31,182 - ERROR - 配置缺少必要参数: macd
2025-08-25 11:43:31,182 - ERROR - 配置缺少必要参数: macd
2025-08-25 11:43:31,183 - ERROR - 配置缺少必要参数: macd
2025-08-25 11:43:31,189 - ERROR - 配置缺少必要参数: macd
2025-08-25 11:43:31,189 - ERROR - 配置缺少必要参数: macd
2025-08-25 11:43:31,190 - ERROR - 配置缺少必要参数: macd
2025-08-25 11:43:31,190 - ERROR - 配置缺少必要参数: macd
2025-08-25 11:43:31,190 - ERROR - 配置缺少必要参数: macd
2025-08-25 11:43:31,190 - ERROR - 配置缺少必要参数: macd
2025-08-25 11:43:31,190 - ERROR - 配置缺少必要参数: macd
2025-08-25 11:43:31,191 - ERROR - 配置缺少必要参数: macd
2025-08-25 11:43:31,192 - ERROR - 配置缺少必要参数: macd
2025-08-25 11:43:31,193 - ERROR - 配置缺少必要参数: macd
2025-08-25 11:43:31,193 - ERROR - 配置缺少必要参数: macd
2025-08-25 11:43:31,193 - ERROR - 配置缺少必要参数: macd
2025-08-25 11:43:31,194 - ERROR - 配置缺少必要参数: macd
2025-08-25 11:43:31,195 - ERROR - 配置缺少必要参数: macd
2025-08-25 11:43:31,195 - ERROR - 配置缺少必要参数: macd
2025-08-25 11:43:31,195 - ERROR - 配置缺少必要参数: macd
2025-08-25 11:43:31,196 - ERROR - 配置缺少必要参数: macd
2025-08-25 11:43:31,197 - ERROR - 配置缺少必要参数: macd
2025-08-25 11:43:31,197 - ERROR - 配置缺少必要参数: macd
2025-08-25 11:43:31,198 - ERROR - 配置缺少必要参数: macd
2025-08-25 11:43:31,199 - ERROR - 配置缺少必要参数: macd
2025-08-25 11:43:31,199 - ERROR - 配置缺少必要参数: macd
2025-08-25 11:43:31,200 - ERROR - 配置缺少必要参数: macd
2025-08-25 11:43:31,200 - ERROR - 配置缺少必要参数: macd
2025-08-25 11:43:31,205 - ERROR - 配置缺少必要参数: macd
2025-08-25 11:43:31,206 - ERROR - 配置缺少必要参数: macd
2025-08-25 11:43:31,206 - ERROR - 配置缺少必要参数: macd
2025-08-25 11:43:31,207 - ERROR - 配置缺少必要参数: macd
2025-08-25 11:43:31,208 - ERROR - 配置缺少必要参数: macd
2025-08-25 11:43:31,208 - ERROR - 配置缺少必要参数: macd
2025-08-25 11:43:31,209 - ERROR - 配置缺少必要参数: macd
2025-08-25 11:43:31,209 - ERROR - 配置缺少必要参数: macd
2025-08-25 11:43:31,211 - ERROR - 配置缺少必要参数: macd
2025-08-25 11:43:31,212 - ERROR - 配置缺少必要参数: macd
2025-08-25 11:43:31,212 - ERROR - 配置缺少必要参数: macd
2025-08-25 11:43:31,212 - ERROR - 配置缺少必要参数: macd
2025-08-25 11:43:31,213 - ERROR - 配置缺少必要参数: macd
2025-08-25 11:43:31,213 - ERROR - 配置缺少必要参数: macd
2025-08-25 11:43:31,213 - ERROR - 配置缺少必要参数: macd
2025-08-25 11:43:31,214 - ERROR - 配置缺少必要参数: macd
2025-08-25 11:43:31,215 - ERROR - 配置缺少必要参数: macd
2025-08-25 11:43:31,216 - ERROR - 配置缺少必要参数: macd
2025-08-25 11:43:31,217 - ERROR - 配置缺少必要参数: macd
2025-08-25 11:43:31,218 - ERROR - 配置缺少必要参数: macd
2025-08-25 11:43:31,223 - ERROR - 配置缺少必要参数: macd
2025-08-25 11:43:31,223 - ERROR - 配置缺少必要参数: macd
2025-08-25 11:43:31,223 - ERROR - 配置缺少必要参数: macd
2025-08-25 11:43:31,223 - ERROR - 配置缺少必要参数: macd
2025-08-25 11:43:31,224 - ERROR - 配置缺少必要参数: macd
2025-08-25 11:43:31,224 - ERROR - 配置缺少必要参数: macd
2025-08-25 11:43:31,224 - ERROR - 配置缺少必要参数: macd
2025-08-25 11:43:31,224 - ERROR - 配置缺少必要参数: macd
2025-08-25 11:43:31,228 - ERROR - 配置缺少必要参数: macd
2025-08-25 11:43:31,228 - ERROR - 配置缺少必要参数: macd
2025-08-25 11:43:31,229 - ERROR - 配置缺少必要参数: macd
2025-08-25 11:43:31,230 - ERROR - 配置缺少必要参数: macd
2025-08-25 11:43:31,231 - ERROR - 配置缺少必要参数: macd
2025-08-25 11:43:31,232 - ERROR - 配置缺少必要参数: macd
2025-08-25 11:43:31,234 - ERROR - 配置缺少必要参数: macd
2025-08-25 11:43:31,235 - ERROR - 配置缺少必要参数: macd
2025-08-25 11:43:31,235 - ERROR - 配置缺少必要参数: macd
2025-08-25 11:43:31,236 - ERROR - 配置缺少必要参数: macd
2025-08-25 11:43:31,240 - ERROR - 配置缺少必要参数: macd
2025-08-25 11:43:31,240 - ERROR - 配置缺少必要参数: macd
2025-08-25 11:43:31,240 - ERROR - 配置缺少必要参数: macd
2025-08-25 11:43:31,241 - ERROR - 配置缺少必要参数: macd
2025-08-25 11:43:31,243 - ERROR - 配置缺少必要参数: macd
2025-08-25 11:43:31,245 - ERROR - 配置缺少必要参数: macd
2025-08-25 11:43:31,245 - ERROR - 配置缺少必要参数: macd
2025-08-25 11:43:31,246 - ERROR - 配置缺少必要参数: macd
2025-08-25 11:43:31,246 - ERROR - 配置缺少必要参数: macd
2025-08-25 11:43:31,246 - ERROR - 配置缺少必要参数: macd
2025-08-25 11:43:31,247 - ERROR - 配置缺少必要参数: macd
2025-08-25 11:43:31,247 - ERROR - 配置缺少必要参数: macd
2025-08-25 11:43:31,247 - ERROR - 配置缺少必要参数: macd
2025-08-25 11:43:31,248 - ERROR - 配置缺少必要参数: macd
2025-08-25 11:43:31,251 - ERROR - 配置缺少必要参数: macd
2025-08-25 11:43:31,252 - ERROR - 配置缺少必要参数: macd
2025-08-25 11:43:31,256 - ERROR - 配置缺少必要参数: macd
2025-08-25 11:43:31,257 - ERROR - 配置缺少必要参数: macd
2025-08-25 11:43:31,258 - ERROR - 配置缺少必要参数: macd
2025-08-25 11:43:31,258 - ERROR - 配置缺少必要参数: macd
2025-08-25 11:43:31,259 - ERROR - 配置缺少必要参数: macd
2025-08-25 11:43:31,259 - ERROR - 配置缺少必要参数: macd
2025-08-25 11:43:31,260 - ERROR - 配置缺少必要参数: macd
2025-08-25 11:43:31,260 - ERROR - 配置缺少必要参数: macd
2025-08-25 11:43:31,260 - ERROR - 配置缺少必要参数: macd
2025-08-25 11:43:31,261 - ERROR - 配置缺少必要参数: macd
2025-08-25 11:43:31,262 - ERROR - 配置缺少必要参数: macd
2025-08-25 11:43:31,262 - ERROR - 配置缺少必要参数: macd
2025-08-25 11:43:31,265 - ERROR - 配置缺少必要参数: macd
2025-08-25 11:43:31,265 - ERROR - 配置缺少必要参数: macd
2025-08-25 11:43:31,265 - ERROR - 配置缺少必要参数: macd
2025-08-25 11:43:31,266 - ERROR - 配置缺少必要参数: macd
2025-08-25 11:43:31,266 - ERROR - 配置缺少必要参数: macd
2025-08-25 11:43:31,267 - ERROR - 配置缺少必要参数: macd
2025-08-25 11:43:31,267 - ERROR - 配置缺少必要参数: macd
2025-08-25 11:43:31,267 - ERROR - 配置缺少必要参数: macd
2025-08-25 11:43:31,268 - ERROR - 配置缺少必要参数: macd
2025-08-25 11:43:31,268 - ERROR - 配置缺少必要参数: macd
2025-08-25 11:43:31,268 - ERROR - 配置缺少必要参数: macd
2025-08-25 11:43:31,268 - ERROR - 配置缺少必要参数: macd
2025-08-25 11:43:31,270 - ERROR - 配置缺少必要参数: macd
2025-08-25 11:43:31,270 - ERROR - 配置缺少必要参数: macd
2025-08-25 11:43:31,273 - ERROR - 配置缺少必要参数: macd
2025-08-25 11:43:31,274 - ERROR - 配置缺少必要参数: macd
2025-08-25 11:43:31,279 - ERROR - 配置缺少必要参数: macd
2025-08-25 11:43:31,279 - ERROR - 配置缺少必要参数: macd
2025-08-25 11:43:31,284 - ERROR - 配置缺少必要参数: macd
2025-08-25 11:43:31,284 - ERROR - 配置缺少必要参数: macd
2025-08-25 11:43:31,285 - ERROR - 配置缺少必要参数: macd
2025-08-25 11:43:31,285 - ERROR - 配置缺少必要参数: macd
2025-08-25 11:43:31,290 - ERROR - 配置缺少必要参数: macd
2025-08-25 11:43:31,290 - ERROR - 配置缺少必要参数: macd
2025-08-25 11:43:31,291 - ERROR - 配置缺少必要参数: macd
2025-08-25 11:43:31,291 - ERROR - 配置缺少必要参数: macd
2025-08-25 11:43:31,292 - ERROR - 配置缺少必要参数: macd
2025-08-25 11:43:31,292 - ERROR - 配置缺少必要参数: macd
2025-08-25 11:43:31,294 - ERROR - 配置缺少必要参数: macd
2025-08-25 11:43:31,295 - ERROR - 配置缺少必要参数: macd
2025-08-25 11:43:31,295 - ERROR - 配置缺少必要参数: macd
2025-08-25 11:43:31,295 - ERROR - 配置缺少必要参数: macd
2025-08-25 11:43:31,296 - ERROR - 配置缺少必要参数: macd
2025-08-25 11:43:31,297 - ERROR - 配置缺少必要参数: macd
2025-08-25 11:43:31,298 - ERROR - 配置缺少必要参数: macd
2025-08-25 11:43:31,299 - ERROR - 配置缺少必要参数: macd
2025-08-25 11:43:31,299 - ERROR - 配置缺少必要参数: macd
2025-08-25 11:43:31,299 - ERROR - 配置缺少必要参数: macd
2025-08-25 11:43:31,300 - ERROR - 配置缺少必要参数: macd
2025-08-25 11:43:31,300 - ERROR - 配置缺少必要参数: macd
2025-08-25 11:43:31,303 - ERROR - 配置缺少必要参数: macd
2025-08-25 11:43:31,303 - ERROR - 配置缺少必要参数: macd
2025-08-25 11:43:31,303 - ERROR - 配置缺少必要参数: macd
2025-08-25 11:43:31,304 - ERROR - 配置缺少必要参数: macd
2025-08-25 11:43:31,304 - ERROR - 配置缺少必要参数: macd
2025-08-25 11:43:31,304 - ERROR - 配置缺少必要参数: macd
2025-08-25 11:43:31,311 - ERROR - 配置缺少必要参数: macd
2025-08-25 11:43:31,311 - ERROR - 配置缺少必要参数: macd
2025-08-25 11:43:31,312 - ERROR - 配置缺少必要参数: macd
2025-08-25 11:43:31,312 - ERROR - 配置缺少必要参数: macd
2025-08-25 11:43:31,312 - ERROR - 配置缺少必要参数: macd
2025-08-25 11:43:31,312 - ERROR - 配置缺少必要参数: macd
2025-08-25 11:43:31,313 - ERROR - 配置缺少必要参数: macd
2025-08-25 11:43:31,313 - ERROR - 配置缺少必要参数: macd
2025-08-25 11:43:31,314 - ERROR - 配置缺少必要参数: macd
2025-08-25 11:43:31,314 - ERROR - 配置缺少必要参数: macd
2025-08-25 11:43:31,314 - ERROR - 配置缺少必要参数: macd
2025-08-25 11:43:31,315 - ERROR - 配置缺少必要参数: macd
2025-08-25 11:43:31,315 - ERROR - 配置缺少必要参数: macd
2025-08-25 11:43:31,316 - ERROR - 配置缺少必要参数: macd
2025-08-25 11:43:31,319 - ERROR - 配置缺少必要参数: macd
2025-08-25 11:43:31,319 - ERROR - 配置缺少必要参数: macd
2025-08-25 11:43:31,319 - ERROR - 配置缺少必要参数: macd
2025-08-25 11:43:31,320 - ERROR - 配置缺少必要参数: macd
2025-08-25 11:43:31,320 - ERROR - 配置缺少必要参数: macd
2025-08-25 11:43:31,320 - ERROR - 配置缺少必要参数: macd
2025-08-25 11:43:31,320 - ERROR - 配置缺少必要参数: macd
2025-08-25 11:43:31,320 - ERROR - 配置缺少必要参数: macd
2025-08-25 11:43:31,320 - ERROR - 配置缺少必要参数: macd
2025-08-25 11:43:31,320 - ERROR - 配置缺少必要参数: macd
2025-08-25 11:43:31,321 - ERROR - 配置缺少必要参数: macd
2025-08-25 11:43:31,321 - ERROR - 配置缺少必要参数: macd
2025-08-25 11:43:31,324 - ERROR - 配置缺少必要参数: macd
2025-08-25 11:43:31,324 - ERROR - 配置缺少必要参数: macd
2025-08-25 11:43:31,329 - ERROR - 配置缺少必要参数: macd
2025-08-25 11:43:31,330 - ERROR - 配置缺少必要参数: macd
2025-08-25 11:43:31,333 - ERROR - 配置缺少必要参数: macd
2025-08-25 11:43:31,334 - ERROR - 配置缺少必要参数: macd
2025-08-25 11:43:31,339 - ERROR - 配置缺少必要参数: macd
2025-08-25 11:43:31,340 - ERROR - 配置缺少必要参数: macd
2025-08-25 11:43:31,342 - ERROR - 配置缺少必要参数: macd
2025-08-25 11:43:31,342 - ERROR - 配置缺少必要参数: macd
2025-08-25 11:43:31,342 - ERROR - 配置缺少必要参数: macd
2025-08-25 11:43:31,343 - ERROR - 配置缺少必要参数: macd
2025-08-25 11:43:31,343 - ERROR - 配置缺少必要参数: macd
2025-08-25 11:43:31,343 - ERROR - 配置缺少必要参数: macd
2025-08-25 11:43:31,343 - ERROR - 配置缺少必要参数: macd
2025-08-25 11:43:31,344 - ERROR - 配置缺少必要参数: macd
2025-08-25 11:43:31,345 - ERROR - 配置缺少必要参数: macd
2025-08-25 11:43:31,346 - ERROR - 配置缺少必要参数: macd
2025-08-25 11:43:31,347 - ERROR - 配置缺少必要参数: macd
2025-08-25 11:43:31,348 - ERROR - 配置缺少必要参数: macd
2025-08-25 11:43:31,353 - ERROR - 配置缺少必要参数: macd
2025-08-25 11:43:31,354 - ERROR - 配置缺少必要参数: macd
2025-08-25 11:43:31,354 - ERROR - 配置缺少必要参数: macd
2025-08-25 11:43:31,354 - ERROR - 配置缺少必要参数: macd
2025-08-25 11:43:31,355 - ERROR - 配置缺少必要参数: macd
2025-08-25 11:43:31,355 - ERROR - 配置缺少必要参数: macd
2025-08-25 11:43:31,356 - ERROR - 配置缺少必要参数: macd
2025-08-25 11:43:31,356 - ERROR - 配置缺少必要参数: macd
2025-08-25 11:43:31,357 - ERROR - 配置缺少必要参数: macd
2025-08-25 11:43:31,357 - ERROR - 配置缺少必要参数: macd
2025-08-25 11:43:31,357 - ERROR - 配置缺少必要参数: macd
2025-08-25 11:43:31,358 - ERROR - 配置缺少必要参数: macd
2025-08-25 11:43:31,360 - ERROR - 配置缺少必要参数: macd
2025-08-25 11:43:31,362 - ERROR - 配置缺少必要参数: macd
2025-08-25 11:43:31,363 - ERROR - 配置缺少必要参数: macd
2025-08-25 11:43:31,363 - ERROR - 配置缺少必要参数: macd
2025-08-25 11:43:31,365 - ERROR - 配置缺少必要参数: macd
2025-08-25 11:43:31,366 - ERROR - 配置缺少必要参数: macd
2025-08-25 11:43:31,366 - ERROR - 配置缺少必要参数: macd
2025-08-25 11:43:31,367 - ERROR - 配置缺少必要参数: macd
2025-08-25 11:43:31,367 - ERROR - 配置缺少必要参数: macd
2025-08-25 11:43:31,367 - ERROR - 配置缺少必要参数: macd
2025-08-25 11:43:31,368 - ERROR - 配置缺少必要参数: macd
2025-08-25 11:43:31,368 - ERROR - 配置缺少必要参数: macd
2025-08-25 11:43:31,370 - ERROR - 配置缺少必要参数: macd
2025-08-25 11:43:31,370 - ERROR - 配置缺少必要参数: macd
2025-08-25 11:43:31,372 - ERROR - 配置缺少必要参数: macd
2025-08-25 11:43:31,373 - ERROR - 配置缺少必要参数: macd
2025-08-25 11:43:31,373 - ERROR - 配置缺少必要参数: macd
2025-08-25 11:43:31,374 - ERROR - 配置缺少必要参数: macd
2025-08-25 11:43:31,375 - ERROR - 配置缺少必要参数: macd
2025-08-25 11:43:31,376 - ERROR - 配置缺少必要参数: macd
2025-08-25 11:43:31,378 - ERROR - 配置缺少必要参数: macd
2025-08-25 11:43:31,379 - ERROR - 配置缺少必要参数: macd
2025-08-25 11:43:31,382 - ERROR - 配置缺少必要参数: macd
2025-08-25 11:43:31,383 - ERROR - 配置缺少必要参数: macd
2025-08-25 11:43:31,388 - ERROR - 配置缺少必要参数: macd
2025-08-25 11:43:31,389 - ERROR - 配置缺少必要参数: macd
2025-08-25 11:43:31,390 - ERROR - 配置缺少必要参数: macd
2025-08-25 11:43:31,391 - ERROR - 配置缺少必要参数: macd
2025-08-25 11:43:31,392 - ERROR - 配置缺少必要参数: macd
2025-08-25 11:43:31,392 - ERROR - 配置缺少必要参数: macd
2025-08-25 11:43:31,394 - ERROR - 配置缺少必要参数: macd
2025-08-25 11:43:31,394 - ERROR - 配置缺少必要参数: macd
2025-08-25 11:43:31,394 - ERROR - 配置缺少必要参数: macd
2025-08-25 11:43:31,395 - ERROR - 配置缺少必要参数: macd
2025-08-25 11:43:31,395 - ERROR - 配置缺少必要参数: macd
2025-08-25 11:43:31,395 - ERROR - 配置缺少必要参数: macd
2025-08-25 11:43:31,395 - ERROR - 配置缺少必要参数: macd
2025-08-25 11:43:31,396 - ERROR - 配置缺少必要参数: macd
2025-08-25 11:43:31,397 - ERROR - 配置缺少必要参数: macd
2025-08-25 11:43:31,398 - ERROR - 配置缺少必要参数: macd
2025-08-25 11:43:31,398 - ERROR - 配置缺少必要参数: macd
2025-08-25 11:43:31,398 - ERROR - 配置缺少必要参数: macd
2025-08-25 11:43:31,398 - ERROR - 配置缺少必要参数: macd
2025-08-25 11:43:31,398 - ERROR - 配置缺少必要参数: macd
2025-08-25 11:43:31,398 - ERROR - 配置缺少必要参数: macd
2025-08-25 11:43:31,399 - ERROR - 配置缺少必要参数: macd
2025-08-25 11:43:31,399 - ERROR - 配置缺少必要参数: macd
2025-08-25 11:43:31,400 - ERROR - 配置缺少必要参数: macd
2025-08-25 11:43:31,403 - ERROR - 配置缺少必要参数: macd
2025-08-25 11:43:31,404 - ERROR - 配置缺少必要参数: macd
2025-08-25 11:43:31,406 - ERROR - 配置缺少必要参数: macd
2025-08-25 11:43:31,406 - ERROR - 配置缺少必要参数: macd
2025-08-25 11:43:31,410 - ERROR - 配置缺少必要参数: macd
2025-08-25 11:43:31,411 - ERROR - 配置缺少必要参数: macd
2025-08-25 11:43:31,412 - ERROR - 配置缺少必要参数: macd
2025-08-25 11:43:31,412 - ERROR - 配置缺少必要参数: macd
2025-08-25 11:43:31,415 - ERROR - 配置缺少必要参数: macd
2025-08-25 11:43:31,416 - ERROR - 配置缺少必要参数: macd
