stock_code,cluster_id
31#00001,0
31#00002,0
31#00003,0
31#00004,0
31#00005,0
31#00006,0
31#00007,0
31#00008,0
31#00009,0
31#00010,0
31#00011,0
31#00012,0
31#00013,0
31#00014,0
31#00016,0
31#00017,0
31#00018,0
31#00019,0
31#00020,0
31#00021,0
31#00022,0
31#00023,0
31#00025,0
31#00026,0
31#00027,0
31#00028,0
31#00029,0
31#00030,0
31#00031,0
31#00032,0
31#00033,0
31#00034,0
31#00035,0
31#00036,0
31#00037,0
31#00039,0
31#00040,0
31#00041,0
31#00042,0
31#00045,0
31#00046,0
31#00048,0
31#00050,0
31#00051,0
31#00052,0
31#00053,0
31#00055,0
31#00057,0
31#00058,0
31#00059,0
31#00060,0
31#00061,0
31#00062,0
31#00063,0
31#00064,0
31#00065,0
31#00066,0
31#00069,0
31#00070,0
31#00071,0
31#00072,0
31#00073,0
31#00075,0
31#00076,0
31#00077,0
31#00078,0
31#00080,0
31#00081,0
31#00082,0
31#00083,0
31#00084,0
31#00085,0
31#00086,0
31#00087,0
31#00088,0
31#00089,0
31#00090,0
31#00092,0
31#00093,0
31#00094,0
31#00095,0
31#00097,0
31#00098,0
31#00101,0
31#00102,0
31#00103,0
31#00104,0
31#00106,0
31#00107,0
31#00108,0
31#00110,0
31#00111,0
31#00113,0
31#00114,0
31#00116,0
31#00117,0
31#00118,0
31#00119,0
31#00120,0
31#00122,0
31#00123,0
31#00124,0
31#00125,0
31#00126,0
31#00127,0
31#00128,0
31#00129,0
31#00131,0
31#00132,0
31#00133,0
31#00135,0
31#00136,0
31#00137,0
31#00138,0
31#00139,0
31#00142,0
31#00144,0
31#00145,0
31#00147,0
31#00148,0
31#00149,0
31#00150,0
31#00151,0
31#00152,0
31#00154,0
31#00156,0
31#00159,0
31#00160,0
31#00162,0
31#00163,0
31#00164,0
31#00165,0
31#00166,0
31#00167,0
31#00168,0
31#00169,0
31#00171,0
31#00173,0
31#00175,0
31#00176,0
31#00177,0
31#00178,0
31#00179,0
31#00180,0
31#00182,0
31#00183,0
31#00184,0
31#00185,0
31#00187,0
31#00188,0
31#00189,0
31#00191,0
31#00193,0
31#00194,0
31#00195,0
31#00196,0
31#00197,0
31#00199,0
31#00200,0
31#00201,0
31#00202,0
31#00204,0
31#00205,0
31#00206,0
31#00207,0
31#00209,0
31#00210,0
31#00211,0
31#00212,0
31#00213,0
31#00214,0
31#00215,0
31#00216,0
31#00217,0
31#00218,0
31#00219,0
31#00220,0
31#00222,0
31#00223,0
31#00226,0
31#00227,0
31#00228,0
31#00229,0
31#00230,0
31#00232,0
31#00234,0
31#00235,0
31#00236,0
31#00237,0
31#00239,0
31#00240,0
31#00241,0
31#00242,0
31#00243,0
31#00244,0
31#00245,0
31#00248,0
31#00251,0
31#00254,0
31#00255,0
31#00256,0
31#00257,0
31#00258,0
31#00259,0
31#00261,0
31#00262,0
31#00264,0
31#00265,0
31#00267,0
31#00268,0
31#00269,0
31#00270,0
31#00271,0
31#00272,0
31#00274,0
31#00276,0
31#00279,0
31#00280,0
31#00285,0
31#00286,0
31#00288,0
31#00289,0
31#00290,0
31#00291,0
31#00293,0
31#00295,0
31#00296,0
31#00297,0
31#00298,0
31#00299,0
31#00301,0
31#00302,0
31#00303,0
31#00305,0
31#00306,0
31#00308,0
31#00309,0
31#00310,0
31#00312,0
31#00313,0
31#00314,0
31#00315,0
31#00316,0
31#00317,0
31#00318,0
31#00320,0
31#00321,0
31#00322,0
31#00323,0
31#00326,0
31#00327,0
31#00328,0
31#00329,0
31#00330,0
31#00331,0
31#00332,0
31#00333,0
31#00334,0
31#00335,0
31#00336,0
31#00337,0
31#00338,0
31#00339,0
31#00340,0
31#00341,0
31#00343,0
31#00345,0
31#00346,0
31#00347,0
31#00348,0
31#00351,0
31#00353,0
31#00354,0
31#00355,0
31#00356,0
31#00357,0
31#00358,0
31#00360,0
31#00361,0
31#00362,0
31#00363,0
31#00365,0
31#00366,0
31#00367,0
31#00368,0
31#00369,0
31#00370,0
31#00371,0
31#00372,0
31#00373,0
31#00376,0
31#00377,0
31#00379,0
31#00380,0
31#00381,0
31#00382,0
31#00383,0
31#00384,0
31#00385,0
31#00386,0
31#00387,0
31#00388,0
31#00389,0
31#00390,0
31#00391,0
31#00392,0
31#00393,0
31#00396,0
31#00397,0
31#00398,0
31#00399,0
31#00400,0
31#00401,0
31#00403,0
31#00408,0
31#00410,0
31#00411,0
31#00412,0
31#00413,0
31#00417,0
31#00418,0
31#00419,0
31#00420,0
31#00422,0
31#00423,0
31#00425,0
31#00426,0
31#00428,0
31#00431,0
31#00432,0
31#00433,0
31#00434,0
31#00436,0
31#00438,0
31#00439,0
31#00440,0
31#00444,0
31#00450,0
31#00451,0
31#00455,0
31#00456,0
31#00459,0
31#00460,0
31#00464,0
31#00465,0
31#00467,0
31#00468,0
31#00471,0
31#00472,0
31#00474,0
31#00475,0
31#00476,0
31#00480,0
31#00482,0
31#00483,0
31#00484,0
31#00485,0
31#00486,0
31#00487,0
31#00488,0
31#00489,0
31#00491,0
31#00493,0
31#00496,0
31#00497,0
31#00498,0
31#00499,0
31#00500,0
31#00505,0
31#00506,0
31#00508,0
31#00509,0
31#00510,0
31#00511,0
31#00512,0
31#00513,0
31#00515,0
31#00517,0
31#00518,0
31#00519,0
31#00520,0
31#00521,0
31#00522,0
31#00524,0
31#00525,0
31#00526,0
31#00527,0
31#00528,0
31#00532,0
31#00533,0
31#00535,0
31#00536,0
31#00538,0
31#00540,0
31#00542,0
31#00543,0
31#00544,0
31#00546,0
31#00547,0
31#00548,0
31#00550,0
31#00551,0
31#00552,0
31#00553,0
31#00554,0
31#00556,0
31#00558,0
31#00559,0
31#00560,0
31#00563,0
31#00564,0
31#00565,0
31#00567,0
31#00568,0
31#00570,0
31#00571,0
31#00572,0
31#00573,0
31#00574,0
31#00575,0
31#00576,0
31#00579,0
31#00580,0
31#00581,0
31#00582,0
31#00583,0
31#00585,0
31#00586,0
31#00587,0
31#00588,0
31#00589,0
31#00590,0
31#00591,0
31#00593,0
31#00595,0
31#00596,0
31#00598,0
31#00601,0
31#00602,0
31#00603,0
31#00604,0
31#00605,0
31#00606,0
31#00607,0
31#00609,0
31#00610,0
31#00611,0
31#00612,0
31#00613,0
31#00616,0
31#00617,0
31#00618,0
31#00619,0
31#00620,0
31#00621,0
31#00622,0
31#00623,0
31#00626,0
31#00627,0
31#00628,0
31#00629,0
31#00630,0
31#00631,0
31#00632,0
31#00635,0
31#00636,0
31#00637,0
31#00639,0
31#00640,0
31#00641,0
31#00643,0
31#00646,0
31#00650,0
31#00653,0
31#00655,0
31#00656,0
31#00657,0
31#00658,0
31#00659,0
31#00660,0
31#00661,0
31#00662,0
31#00663,0
31#00667,0
31#00669,0
31#00670,0
31#00672,0
31#00673,0
31#00674,0
31#00675,0
31#00677,0
31#00679,0
31#00681,0
31#00682,0
31#00683,0
31#00684,0
31#00685,0
31#00686,0
31#00687,0
31#00688,0
31#00689,0
31#00690,0
31#00691,0
31#00693,0
31#00694,0
31#00695,0
31#00696,0
31#00697,0
31#00698,0
31#00700,0
31#00701,0
31#00702,0
31#00703,0
31#00707,0
31#00708,0
31#00709,0
31#00710,0
31#00711,0
31#00712,0
31#00713,0
31#00716,0
31#00717,0
31#00718,0
31#00719,0
31#00720,0
31#00721,0
31#00722,0
31#00723,0
31#00724,0
31#00726,0
31#00727,0
31#00728,0
31#00730,0
31#00731,0
31#00732,0
31#00733,0
31#00736,0
31#00737,0
31#00738,0
31#00743,0
31#00745,0
31#00747,0
31#00750,0
31#00751,0
31#00752,0
31#00753,0
31#00754,0
31#00755,0
31#00756,0
31#00757,0
31#00759,0
31#00760,0
31#00762,0
31#00763,0
31#00764,0
31#00765,0
31#00767,0
31#00768,0
31#00769,0
31#00771,0
31#00772,0
31#00775,0
31#00776,0
31#00777,0
31#00780,0
31#00784,0
31#00788,0
31#00789,0
31#00797,0
31#00798,0
31#00799,0
31#00802,0
31#00804,0
31#00806,0
31#00807,0
31#00809,0
31#00810,0
31#00811,0
31#00812,0
31#00813,0
31#00814,0
31#00815,0
31#00816,0
31#00817,0
31#00818,0
31#00819,0
31#00821,0
31#00822,0
31#00825,0
31#00827,0
31#00828,0
31#00829,0
31#00830,0
31#00831,0
31#00832,0
31#00833,0
31#00836,0
31#00837,0
31#00838,0
31#00839,0
31#00840,0
31#00841,0
31#00842,0
31#00844,0
31#00845,0
31#00846,0
31#00848,0
31#00851,0
31#00852,0
31#00853,0
31#00855,0
31#00856,0
31#00857,0
31#00858,0
31#00859,0
31#00860,0
31#00861,0
31#00862,0
31#00863,0
31#00865,0
31#00867,0
31#00868,0
31#00869,0
31#00871,0
31#00873,0
31#00874,0
31#00875,0
31#00876,0
31#00878,0
31#00880,0
31#00881,0
31#00882,0
31#00883,0
31#00884,0
31#00887,0
31#00888,0
31#00893,0
31#00894,0
31#00895,0
31#00896,0
31#00897,0
31#00899,0
31#00900,0
31#00902,0
31#00905,0
31#00907,0
31#00909,0
31#00910,0
31#00911,0
31#00912,0
31#00913,0
31#00914,0
31#00915,0
31#00916,0
31#00918,0
31#00919,0
31#00921,0
31#00922,0
31#00923,0
31#00924,0
31#00925,0
31#00926,0
31#00927,0
31#00928,0
31#00929,0
31#00931,0
31#00932,0
31#00934,0
31#00938,0
31#00939,0
31#00941,0
31#00943,0
31#00945,0
31#00947,0
31#00948,0
31#00950,0
31#00951,0
31#00952,0
31#00953,0
31#00954,0
31#00956,0
31#00959,0
31#00960,0
31#00966,0
31#00968,0
31#00969,0
31#00970,0
31#00975,0
31#00976,0
31#00978,0
31#00979,0
31#00980,0
31#00981,0
31#00983,0
31#00984,0
31#00986,0
31#00987,0
31#00989,0
31#00990,0
31#00991,0
31#00992,0
31#00993,0
31#00994,0
31#00995,0
31#00997,0
31#00998,0
31#01001,0
31#01002,0
31#01003,0
31#01007,0
31#01008,0
31#01009,0
31#01010,0
31#01011,0
31#01013,0
31#01020,0
31#01022,0
31#01023,0
31#01024,0
31#01025,0
31#01026,0
31#01027,0
31#01028,0
31#01029,0
31#01030,0
31#01033,0
31#01034,0
31#01036,0
31#01037,0
31#01038,0
31#01039,0
31#01044,0
31#01045,0
31#01046,0
31#01049,0
31#01050,0
31#01051,0
31#01052,0
31#01053,0
31#01055,0
31#01057,0
31#01058,0
31#01059,0
31#01060,0
31#01061,0
31#01062,0
31#01063,0
31#01064,0
31#01065,0
31#01066,0
31#01068,0
31#01069,0
31#01070,0
31#01071,0
31#01072,0
31#01073,0
31#01075,0
31#01079,0
31#01080,0
31#01082,0
31#01083,0
31#01084,0
31#01085,0
31#01086,0
31#01087,0
31#01088,0
31#01090,0
31#01091,0
31#01093,0
31#01094,0
31#01097,0
31#01098,0
31#01099,0
31#01100,0
31#01101,0
31#01102,0
31#01104,0
31#01105,0
31#01107,0
31#01108,0
31#01109,0
31#01110,0
31#01112,0
31#01113,0
31#01114,0
31#01115,0
31#01116,0
31#01117,0
31#01119,0
31#01120,0
31#01121,0
31#01122,0
31#01123,0
31#01124,0
31#01126,0
31#01127,0
31#01128,0
31#01129,0
31#01130,0
31#01132,0
31#01133,0
31#01134,0
31#01137,0
31#01138,0
31#01140,0
31#01141,0
31#01142,0
31#01143,0
31#01145,0
31#01146,0
31#01147,0
31#01148,0
31#01150,0
31#01152,0
31#01153,0
31#01156,0
31#01157,0
31#01159,0
31#01161,0
31#01162,0
31#01163,0
31#01164,0
31#01165,0
31#01166,0
31#01167,0
31#01168,0
31#01170,0
31#01171,0
31#01172,0
31#01173,0
31#01176,0
31#01177,0
31#01179,0
31#01180,0
31#01181,0
31#01182,0
31#01183,0
31#01184,0
31#01185,0
31#01186,0
31#01188,0
31#01189,0
31#01193,0
31#01195,0
31#01196,0
31#01198,0
31#01199,0
31#01200,0
31#01201,0
31#01202,0
31#01203,0
31#01204,0
31#01205,0
31#01206,0
31#01208,0
31#01209,0
31#01211,0
31#01215,0
31#01216,0
31#01217,0
31#01218,0
31#01220,0
31#01221,0
31#01222,0
31#01223,0
31#01224,0
31#01225,0
31#01226,0
31#01228,0
31#01229,0
31#01232,0
31#01233,0
31#01234,0
31#01235,0
31#01237,0
31#01238,0
31#01239,0
31#01240,0
31#01241,0
31#01243,0
31#01244,0
31#01245,0
31#01246,0
31#01247,0
31#01250,0
31#01251,0
31#01252,0
31#01253,0
31#01255,0
31#01257,0
31#01258,0
31#01259,0
31#01260,0
31#01262,0
31#01263,0
31#01265,0
31#01268,0
31#01269,0
31#01270,0
31#01271,0
31#01272,0
31#01273,0
31#01277,0
31#01278,0
31#01280,0
31#01281,0
31#01282,0
31#01283,0
31#01285,0
31#01286,0
31#01288,0
31#01289,0
31#01290,0
31#01292,0
31#01293,0
31#01299,0
31#01300,0
31#01301,0
31#01303,0
31#01305,0
31#01308,0
31#01310,0
31#01312,0
31#01313,0
31#01314,0
31#01315,0
31#01316,0
31#01317,0
31#01319,0
31#01321,0
31#01323,0
31#01326,0
31#01327,0
31#01328,0
31#01330,0
31#01332,0
31#01335,0
31#01336,0
31#01338,0
31#01339,0
31#01340,0
31#01341,0
31#01343,0
31#01345,0
31#01346,0
31#01347,0
31#01348,0
31#01349,0
31#01351,0
31#01355,0
31#01357,0
31#01358,0
31#01359,0
31#01360,0
31#01361,0
31#01368,0
31#01370,0
31#01371,0
31#01372,0
31#01373,0
31#01375,0
31#01376,0
31#01378,0
31#01380,0
31#01381,0
31#01382,0
31#01383,0
31#01385,0
31#01388,0
31#01389,0
31#01393,0
31#01395,0
31#01396,0
31#01397,0
31#01398,0
31#01399,0
31#01400,0
31#01401,0
31#01402,0
31#01405,0
31#01406,0
31#01407,0
31#01408,0
31#01410,0
31#01412,0
31#01413,0
31#01415,0
31#01416,0
31#01417,0
31#01418,0
31#01419,0
31#01420,0
31#01421,0
31#01425,0
31#01427,0
31#01428,0
31#01429,0
31#01431,0
31#01432,0
31#01433,0
31#01440,0
31#01442,0
31#01443,0
31#01446,0
31#01447,0
31#01448,0
31#01449,0
31#01450,0
31#01451,0
31#01452,0
31#01455,0
31#01456,0
31#01458,0
31#01459,0
31#01460,0
31#01461,0
31#01463,0
31#01466,0
31#01468,0
31#01470,0
31#01472,0
31#01473,0
31#01475,0
31#01477,0
31#01478,0
31#01480,0
31#01481,0
31#01483,0
31#01488,0
31#01489,0
31#01490,0
31#01495,0
31#01498,0
31#01499,0
31#01500,0
31#01501,0
31#01502,0
31#01508,0
31#01513,0
31#01515,0
31#01516,0
31#01518,0
31#01520,0
31#01521,0
31#01522,0
31#01523,0
31#01525,0
31#01526,0
31#01527,0
31#01528,0
31#01529,0
31#01530,0
31#01532,0
31#01536,0
31#01538,0
31#01539,0
31#01540,0
31#01543,0
31#01545,0
31#01546,0
31#01547,0
31#01548,0
31#01549,0
31#01551,0
31#01552,0
31#01553,0
31#01555,0
31#01556,0
31#01558,0
31#01559,0
31#01560,0
31#01561,0
31#01563,0
31#01565,0
31#01566,0
31#01568,0
31#01569,0
31#01571,0
31#01572,0
31#01575,0
31#01576,0
31#01578,0
31#01579,0
31#01580,0
31#01581,0
31#01582,0
31#01583,0
31#01585,0
31#01586,0
31#01587,0
31#01588,0
31#01591,0
31#01592,0
31#01593,0
31#01596,0
31#01597,0
31#01598,0
31#01599,0
31#01600,0
31#01601,0
31#01606,0
31#01608,0
31#01610,0
31#01611,0
31#01612,0
31#01613,0
31#01615,0
31#01616,0
31#01617,0
31#01618,0
31#01620,0
31#01621,0
31#01622,0
31#01623,0
31#01626,0
31#01627,0
31#01628,0
31#01629,0
31#01630,0
31#01631,0
31#01632,0
31#01633,0
31#01635,0
31#01636,0
31#01637,0
31#01638,0
31#01640,0
31#01643,0
31#01645,0
31#01647,0
31#01650,0
31#01651,0
31#01652,0
31#01653,0
31#01655,0
31#01658,0
31#01660,0
31#01661,0
31#01662,0
31#01663,0
31#01666,0
31#01667,0
31#01668,0
31#01669,0
31#01671,0
31#01672,0
31#01673,0
31#01675,0
31#01676,0
31#01679,0
31#01680,0
31#01682,0
31#01683,0
31#01685,0
31#01686,0
31#01689,0
31#01690,0
31#01691,0
31#01692,0
31#01693,0
31#01695,0
31#01696,0
31#01697,0
31#01699,0
31#01701,0
31#01703,0
31#01705,0
31#01707,0
31#01708,0
31#01709,0
31#01710,0
31#01711,0
31#01712,0
31#01713,0
31#01715,0
31#01716,0
31#01717,0
31#01718,0
31#01719,0
31#01720,0
31#01722,0
31#01723,0
31#01725,0
31#01726,0
31#01727,0
31#01728,0
31#01729,0
31#01730,0
31#01731,0
31#01732,0
31#01733,0
31#01735,0
31#01736,0
31#01737,0
31#01738,0
31#01739,0
31#01740,0
31#01741,0
31#01742,0
31#01745,0
31#01746,0
31#01747,0
31#01749,0
31#01750,0
31#01751,0
31#01752,0
31#01753,0
31#01755,0
31#01756,0
31#01757,0
31#01758,0
31#01759,0
31#01760,0
31#01762,0
31#01763,0
31#01765,0
31#01766,0
31#01767,0
31#01769,0
31#01771,0
31#01772,0
31#01773,0
31#01775,0
31#01776,0
31#01777,0
31#01778,0
31#01780,0
31#01782,0
31#01783,0
31#01785,0
31#01786,0
31#01787,0
31#01788,0
31#01789,0
31#01792,0
31#01793,0
31#01795,0
31#01796,0
31#01797,0
31#01798,0
31#01799,0
31#01800,0
31#01801,0
31#01802,0
31#01803,0
31#01808,0
31#01809,0
31#01810,0
31#01811,0
31#01812,0
31#01813,0
31#01815,0
31#01816,0
31#01817,0
31#01818,0
31#01820,0
31#01821,0
31#01822,0
31#01823,0
31#01825,0
31#01826,0
31#01827,0
31#01830,0
31#01831,0
31#01832,0
31#01833,0
31#01836,0
31#01837,0
31#01842,0
31#01843,0
31#01845,0
31#01846,0
31#01847,0
31#01848,0
31#01849,0
31#01850,0
31#01851,0
31#01853,0
31#01854,0
31#01855,0
31#01856,0
31#01857,0
31#01858,0
31#01860,0
31#01861,0
31#01862,0
31#01865,0
31#01866,0
31#01867,0
31#01868,0
31#01869,0
31#01870,0
31#01871,0
31#01872,0
31#01873,0
31#01875,0
31#01876,0
31#01877,0
31#01878,0
31#01880,0
31#01882,0
31#01883,0
31#01884,0
31#01888,0
31#01889,0
31#01890,0
31#01891,0
31#01894,0
31#01895,0
31#01896,0
31#01897,0
31#01898,0
31#01899,0
31#01900,0
31#01901,0
31#01903,0
31#01905,0
31#01906,0
31#01907,0
31#01908,0
31#01909,0
31#01910,0
31#01911,0
31#01912,0
31#01913,0
31#01915,0
31#01916,0
31#01917,0
31#01918,0
31#01919,0
31#01920,0
31#01921,0
31#01922,0
31#01925,0
31#01927,0
31#01928,0
31#01929,0
31#01930,0
31#01931,0
31#01933,0
31#01935,0
31#01936,0
31#01937,0
31#01938,0
31#01939,0
31#01940,0
31#01941,0
31#01942,0
31#01943,0
31#01945,0
31#01948,0
31#01949,0
31#01950,0
31#01951,0
31#01952,0
31#01953,0
31#01955,0
31#01957,0
31#01958,0
31#01959,0
31#01960,0
31#01961,0
31#01962,0
31#01963,0
31#01965,0
31#01966,0
31#01967,0
31#01968,0
31#01969,0
31#01970,0
31#01971,0
31#01972,0
31#01975,0
31#01977,0
31#01978,0
31#01979,0
31#01980,0
31#01981,0
31#01982,0
31#01985,0
31#01986,0
31#01987,0
31#01988,0
31#01991,0
31#01993,0
31#01995,0
31#01996,0
31#01997,0
31#01999,0
31#02000,0
31#02001,0
31#02002,0
31#02003,0
31#02005,0
31#02007,0
31#02008,0
31#02009,0
31#02011,0
31#02012,0
31#02013,0
31#02015,0
31#02016,0
31#02017,0
31#02018,0
31#02019,0
31#02020,0
31#02022,0
31#02023,0
31#02025,0
31#02030,0
31#02031,0
31#02033,0
31#02038,0
31#02039,0
31#02048,0
31#02051,0
31#02057,0
31#02060,0
31#02066,0
31#02068,0
31#02078,0
31#02080,0
31#02086,0
31#02088,0
31#02096,0
31#02098,0
31#02099,0
31#02100,0
31#02101,0
31#02102,0
31#02107,0
31#02108,0
31#02110,0
31#02111,0
31#02112,0
31#02113,0
31#02116,0
31#02119,0
31#02120,0
31#02121,0
31#02122,0
31#02125,0
31#02126,0
31#02127,0
31#02128,0
31#02129,0
31#02130,0
31#02131,0
31#02132,0
31#02135,0
31#02136,0
31#02137,0
31#02138,0
31#02139,0
31#02142,0
31#02145,0
31#02146,0
31#02147,0
31#02150,0
31#02153,0
31#02155,0
31#02156,0
31#02157,0
31#02159,0
31#02160,0
31#02161,0
31#02162,0
31#02163,0
31#02165,0
31#02166,0
31#02167,0
31#02168,0
31#02169,0
31#02170,0
31#02171,0
31#02172,0
31#02175,0
31#02176,0
31#02177,0
31#02178,0
31#02179,0
31#02180,0
31#02181,0
31#02182,0
31#02185,0
31#02186,0
31#02187,0
31#02188,0
31#02189,0
31#02190,0
31#02192,0
31#02193,0
31#02195,0
31#02196,0
31#02197,0
31#02198,0
31#02199,0
31#02202,0
31#02203,0
31#02205,0
31#02208,0
31#02209,0
31#02210,0
31#02211,0
31#02212,0
31#02215,0
31#02216,0
31#02217,0
31#02218,0
31#02219,0
31#02221,0
31#02222,0
31#02223,0
31#02225,0
31#02226,0
31#02227,0
31#02230,0
31#02231,0
31#02232,0
31#02233,0
31#02235,0
31#02236,0
31#02237,0
31#02238,0
31#02239,0
31#02245,0
31#02246,0
31#02250,0
31#02251,0
31#02252,0
31#02255,0
31#02256,0
31#02257,0
31#02258,0
31#02260,0
31#02262,0
31#02263,0
31#02265,0
31#02266,0
31#02269,0
31#02270,0
31#02273,0
31#02276,0
31#02279,0
31#02280,0
31#02281,0
31#02282,0
31#02283,0
31#02285,0
31#02286,0
31#02288,0
31#02289,0
31#02291,0
31#02293,0
31#02297,0
31#02298,0
31#02299,0
31#02302,0
31#02306,0
31#02309,0
31#02310,0
31#02312,0
31#02313,0
31#02314,0
31#02315,0
31#02317,0
31#02318,0
31#02319,0
31#02320,0
31#02321,0
31#02322,0
31#02323,0
31#02324,0
31#02325,0
31#02326,0
31#02327,0
31#02328,0
31#02329,0
31#02331,0
31#02333,0
31#02337,0
31#02338,0
31#02339,0
31#02340,0
31#02342,0
31#02343,0
31#02347,0
31#02348,0
31#02349,0
31#02350,0
31#02355,0
31#02356,0
31#02357,0
31#02358,0
31#02360,0
31#02361,0
31#02362,0
31#02363,0
31#02367,0
31#02368,0
31#02369,0
31#02371,0
31#02372,0
31#02373,0
31#02377,0
31#02378,0
31#02380,0
31#02381,0
31#02382,0
31#02383,0
31#02385,0
31#02386,0
31#02388,0
31#02389,0
31#02390,0
31#02392,0
31#02393,0
31#02399,0
31#02400,0
31#02402,0
31#02405,0
31#02407,0
31#02411,0
31#02415,0
31#02422,0
31#02423,0
31#02425,0
31#02427,0
31#02433,0
31#02439,0
31#02440,0
31#02448,0
31#02450,0
31#02455,0
31#02457,0
31#02459,0
31#02469,0
31#02480,0
31#02486,0
31#02488,0
31#02500,0
31#02518,0
31#02528,0
31#02552,0
31#02558,0
31#02588,0
31#02600,0
31#02601,0
31#02602,0
31#02607,0
31#02608,0
31#02611,0
31#02616,0
31#02618,0
31#02623,0
31#02628,0
31#02633,0
31#02638,0
31#02660,0
31#02663,0
31#02666,0
31#02668,0
31#02669,0
31#02678,0
31#02680,0
31#02682,0
31#02683,0
31#02688,0
31#02689,0
31#02699,0
31#02700,0
31#02708,0
31#02722,0
31#02727,0
31#02728,0
31#02738,0
31#02772,0
31#02777,0
31#02779,0
31#02789,0
31#02798,0
31#02799,0
31#02858,0
31#02863,0
31#02866,0
31#02869,0
31#02877,0
31#02878,0
31#02880,0
31#02882,0
31#02883,0
31#02885,0
31#02886,0
31#02888,0
31#02899,0
31#03300,0
31#03301,0
31#03302,0
31#03303,0
31#03306,0
31#03309,0
31#03311,0
31#03313,0
31#03315,0
31#03316,0
31#03318,0
31#03319,0
31#03320,0
31#03321,0
31#03322,0
31#03323,0
31#03326,0
31#03328,0
31#03329,0
31#03330,0
31#03332,0
31#03333,0
31#03336,0
31#03337,0
31#03339,0
31#03347,0
31#03348,0
31#03360,0
31#03366,0
31#03368,0
31#03369,0
31#03377,0
31#03380,0
31#03382,0
31#03383,0
31#03389,0
31#03390,0
31#03393,0
31#03395,0
31#03396,0
31#03398,0
31#03399,0
31#03600,0
31#03601,0
31#03603,0
31#03606,0
31#03613,0
31#03616,0
31#03618,0
31#03623,0
31#03633,0
31#03638,0
31#03658,0
31#03660,0
31#03662,0
31#03666,0
31#03668,0
31#03669,0
31#03678,0
31#03680,0
31#03681,0
31#03683,0
31#03686,0
31#03688,0
31#03689,0
31#03690,0
31#03692,0
31#03698,0
31#03699,0
31#03700,0
31#03708,0
31#03709,0
31#03718,0
31#03728,0
31#03737,0
31#03738,0
31#03759,0
31#03768,0
31#03773,0
31#03778,0
31#03788,0
31#03789,0
31#03798,0
31#03800,0
31#03808,0
31#03813,0
31#03816,0
31#03818,0
31#03822,0
31#03828,0
31#03830,0
31#03833,0
31#03836,0
31#03838,0
31#03839,0
31#03848,0
31#03860,0
31#03866,0
31#03868,0
31#03877,0
31#03878,0
31#03882,0
31#03883,0
31#03886,0
31#03888,0
31#03889,0
31#03893,0
31#03896,0
31#03898,0
31#03899,0
31#03900,0
31#03903,0
31#03908,0
31#03913,0
31#03918,0
31#03919,0
31#03928,0
31#03931,0
31#03933,0
31#03938,0
31#03939,0
31#03958,0
31#03968,0
31#03969,0
31#03978,0
31#03983,0
31#03988,0
31#03989,0
31#03990,0
31#03991,0
31#03993,0
31#03996,0
31#03997,0
31#03998,0
31#03999,0
31#06030,0
31#06033,0
31#06036,0
31#06038,0
31#06049,0
31#06058,0
31#06060,0
31#06063,0
31#06066,0
31#06068,0
31#06069,0
31#06078,0
31#06080,0
31#06083,0
31#06088,0
31#06093,0
31#06098,0
31#06099,0
31#06100,0
31#06108,0
31#06110,0
31#06113,0
31#06117,0
31#06118,0
31#06122,0
31#06123,0
31#06127,0
31#06128,0
31#06133,0
31#06136,0
31#06138,0
31#06158,0
31#06162,0
31#06163,0
31#06169,0
31#06178,0
31#06185,0
31#06186,0
31#06189,0
31#06193,0
31#06196,0
31#06198,0
31#06199,0
31#06288,0
31#06601,0
31#06606,0
31#06608,0
31#06609,0
31#06610,0
31#06611,0
31#06616,0
31#06618,0
31#06622,0
31#06626,0
31#06628,0
31#06633,0
31#06638,0
31#06639,0
31#06655,0
31#06660,0
31#06666,0
31#06667,0
31#06668,0
31#06669,0
31#06677,0
31#06680,0
31#06690,0
31#06696,0
31#06698,0
31#06699,0
31#06805,0
31#06806,0
31#06808,0
31#06811,0
31#06812,0
31#06818,0
31#06820,0
31#06821,0
31#06822,0
31#06823,0
31#06828,0
31#06829,0
31#06830,0
31#06833,0
31#06838,0
31#06839,0
31#06855,0
31#06858,0
31#06860,0
31#06862,0
31#06865,0
31#06866,0
31#06868,0
31#06869,0
31#06877,0
31#06878,0
31#06881,0
31#06882,0
31#06885,0
31#06886,0
31#06888,0
31#06889,0
31#06890,0
31#06893,0
31#06896,0
31#06898,0
31#06899,0
31#06900,0
31#06908,0
31#06909,0
31#06913,0
31#06918,0
31#06919,0
31#06922,0
31#06928,0
31#06929,0
31#06933,0
31#06939,0
31#06955,0
31#06958,0
31#06963,0
31#06968,0
31#06969,0
31#06978,0
31#06979,0
31#06988,0
31#06989,0
31#06993,0
31#06996,0
31#06998,0
31#06999,0
31#09600,0
31#09608,0
31#09616,0
31#09618,0
31#09626,0
31#09633,0
31#09636,0
31#09638,0
31#09658,0
31#09666,0
31#09668,0
31#09669,0
31#09688,0
31#09696,0
31#09698,0
31#09699,0
31#09857,0
31#09858,0
31#09863,0
31#09866,0
31#09868,0
31#09869,0
31#09877,0
31#09878,0
31#09886,0
31#09888,0
31#09889,0
31#09896,0
31#09898,0
31#09899,0
31#09900,0
31#09901,0
31#09906,0
31#09908,0
31#09909,0
31#09911,0
31#09913,0
31#09916,0
31#09918,0
31#09919,0
31#09922,0
31#09923,0
31#09926,0
31#09928,0
31#09929,0
31#09933,0
31#09936,0
31#09938,0
31#09939,0
31#09955,0
31#09956,0
31#09958,0
31#09959,0
31#09960,0
31#09961,0
31#09966,0
31#09968,0
31#09969,0
31#09977,0
31#09978,0
31#09979,0
31#09982,0
31#09983,0
31#09985,0
31#09986,0
31#09987,0
31#09988,0
31#09989,0
31#09990,0
31#09991,0
31#09992,0
31#09993,0
31#09995,0
31#09996,0
31#09997,0
31#09998,0
31#09999,0
31#80737,0
43#299901,0
43#299902,0
43#299903,0
43#299904,0
43#299905,0
43#299906,0
43#299907,0
43#299908,0
43#299909,0
43#299910,0
43#299911,0
43#299913,0
43#299915,0
43#299916,0
43#299917,0
43#299918,0
43#299919,0
43#299920,0
43#299921,0
43#299922,0
43#299923,0
43#299924,0
43#299925,0
43#299926,0
43#299927,0
43#299928,0
43#299929,0
43#299930,0
43#299931,0
43#299934,0
43#299935,0
43#299936,0
43#299937,0
43#299939,0
43#299940,0
43#299941,0
43#299942,0
43#299943,0
43#299944,0
43#299945,0
43#299946,0
43#299947,0
43#901033,0
48#08001,0
48#08003,0
48#08005,0
48#08006,0
48#08007,0
48#08013,0
48#08017,0
48#08018,0
48#08019,0
48#08020,0
48#08021,0
48#08026,0
48#08028,0
48#08029,0
48#08035,0
48#08036,0
48#08037,0
48#08039,0
48#08040,0
48#08041,0
48#08042,0
48#08043,0
48#08047,0
48#08048,0
48#08049,0
48#08050,0
48#08052,0
48#08056,0
48#08057,0
48#08059,0
48#08062,0
48#08063,0
48#08065,0
48#08066,0
48#08069,0
48#08071,0
48#08072,0
48#08073,0
48#08076,0
48#08079,0
48#08080,0
48#08081,0
48#08082,0
48#08083,0
48#08087,0
48#08091,0
48#08092,0
48#08093,0
48#08095,0
48#08096,0
48#08098,0
48#08103,0
48#08107,0
48#08111,0
48#08112,0
48#08113,0
48#08118,0
48#08120,0
48#08121,0
48#08123,0
48#08125,0
48#08128,0
48#08130,0
48#08131,0
48#08132,0
48#08133,0
48#08136,0
48#08137,0
48#08139,0
48#08140,0
48#08143,0
48#08146,0
48#08147,0
48#08148,0
48#08153,0
48#08156,0
48#08158,0
48#08160,0
48#08161,0
48#08162,0
48#08163,0
48#08167,0
48#08168,0
48#08172,0
48#08173,0
48#08178,0
48#08179,0
48#08181,0
48#08186,0
48#08187,0
48#08188,0
48#08189,0
48#08191,0
48#08193,0
48#08195,0
48#08196,0
48#08198,0
48#08200,0
48#08201,0
48#08203,0
48#08206,0
48#08208,0
48#08210,0
48#08213,0
48#08217,0
48#08219,0
48#08220,0
48#08221,0
48#08222,0
48#08223,0
48#08225,0
48#08226,0
48#08227,0
48#08229,0
48#08232,0
48#08237,0
48#08238,0
48#08239,0
48#08241,0
48#08245,0
48#08246,0
48#08249,0
48#08250,0
48#08257,0
48#08262,0
48#08267,0
48#08268,0
48#08269,0
48#08270,0
48#08271,0
48#08275,0
48#08279,0
48#08280,0
48#08282,0
48#08283,0
48#08285,0
48#08290,0
48#08291,0
48#08292,0
48#08293,0
48#08295,0
48#08296,0
48#08297,0
48#08299,0
48#08300,0
48#08305,0
48#08307,0
48#08308,0
48#08309,0
48#08310,0
48#08313,0
48#08315,0
48#08316,0
48#08319,0
48#08320,0
48#08321,0
48#08326,0
48#08328,0
48#08329,0
48#08340,0
48#08341,0
48#08347,0
48#08349,0
48#08350,0
48#08356,0
48#08357,0
48#08360,0
48#08362,0
48#08363,0
48#08365,0
48#08366,0
48#08367,0
48#08368,0
48#08370,0
48#08371,0
48#08372,0
48#08373,0
48#08375,0
48#08377,0
48#08379,0
48#08385,0
48#08391,0
48#08392,0
48#08395,0
48#08400,0
48#08401,0
48#08402,0
48#08403,0
48#08406,0
48#08411,0
48#08412,0
48#08413,0
48#08416,0
48#08417,0
48#08418,0
48#08420,0
48#08422,0
48#08423,0
48#08425,0
48#08426,0
48#08427,0
48#08428,0
48#08429,0
48#08430,0
48#08431,0
48#08432,0
48#08436,0
48#08437,0
48#08445,0
48#08446,0
48#08447,0
48#08448,0
48#08450,0
48#08451,0
48#08455,0
48#08456,0
48#08460,0
48#08462,0
48#08471,0
48#08472,0
48#08473,0
48#08475,0
48#08476,0
48#08480,0
48#08482,0
48#08483,0
48#08487,0
48#08489,0
48#08490,0
48#08491,0
48#08493,0
48#08495,0
48#08496,0
48#08500,0
48#08502,0
48#08507,0
48#08509,0
48#08510,0
48#08511,0
48#08512,0
48#08513,0
48#08516,0
48#08519,0
48#08521,0
48#08526,0
48#08527,0
48#08532,0
48#08535,0
48#08536,0
48#08537,0
48#08540,0
48#08545,0
48#08547,0
48#08601,0
48#08606,0
48#08611,0
48#08612,0
48#08613,0
48#08616,0
48#08619,0
48#08620,0
48#08621,0
48#08622,0
48#08623,0
48#08627,0
48#08631,0
48#08635,0
48#08645,0
48#08646,0
48#08657,0
48#08659,0
48#08668,0
sh000001,0
sh000002,0
sh000003,0
sh000009,0
sh000010,0
sh000011,0
sh000015,0
sh000016,0
sh000017,0
sh000019,0
sh000043,0
sh000044,0
sh000122,0
sh000159,0
sh000300,0
sh000682,0
sh000683,0
sh000685,0
sh000687,0
sh000688,0
sh000689,0
sh000690,0
sh000698,0
sh000847,0
sh000852,0
sh000903,0
sh000905,0
sh000906,0
sh000986,0
sh000987,0
sh000989,0
sh000991,0
sh000992,0
sh000993,0
sh110059,0
sh110060,0
sh110062,0
sh110063,0
sh110064,0
sh110067,0
sh110070,0
sh110073,0
sh110074,0
sh110075,0
sh110076,0
sh110077,0
sh110081,0
sh110082,0
sh110084,0
sh110085,0
sh110086,0
sh110087,0
sh110089,0
sh110090,0
sh110092,0
sh110093,0
sh111000,0
sh111001,0
sh111002,0
sh111003,0
sh111004,3
sh111005,0
sh111007,0
sh111009,0
sh111010,0
sh111011,0
sh111012,0
sh111013,0
sh113030,0
sh113033,0
sh113037,0
sh113039,0
sh113042,0
sh113043,0
sh113045,0
sh113046,0
sh113047,0
sh113048,0
sh113049,0
sh113050,0
sh113051,0
sh113052,0
sh113053,0
sh113054,0
sh113056,0
sh113058,0
sh113059,0
sh113062,3
sh113064,0
sh113065,0
sh113066,0
sh113542,0
sh113545,0
sh113549,0
sh113563,0
sh113565,0
sh113569,0
sh113574,0
sh113575,0
sh113577,5
sh113579,0
sh113584,0
sh113588,0
sh113589,0
sh113597,0
sh113601,0
sh113605,0
sh113606,0
sh113609,0
sh113610,0
sh113615,0
sh113616,5
sh113618,0
sh113621,0
sh113623,0
sh113624,0
sh113625,0
sh113627,0
sh113628,0
sh113629,0
sh113631,0
sh113632,0
sh113633,0
sh113634,0
sh113636,0
sh113638,0
sh113639,0
sh113640,0
sh113641,0
sh113643,0
sh113644,0
sh113646,0
sh113647,0
sh113648,0
sh113649,0
sh113650,0
sh113651,0
sh113652,0
sh113653,0
sh113654,0
sh113655,0
sh113656,0
sh113657,0
sh113658,0
sh113659,0
sh113660,0
sh113661,0
sh113663,0
sh113664,0
sh113665,0
sh113666,0
sh113667,0
sh113668,0
sh113669,0
sh113670,0
sh118000,0
sh118003,0
sh118004,0
sh118005,0
sh118006,0
sh118007,0
sh118008,0
sh118009,0
sh118010,0
sh118011,0
sh118012,0
sh118013,0
sh118014,0
sh118015,0
sh118016,0
sh118018,0
sh118020,0
sh118021,0
sh118022,0
sh118023,2
sh118024,0
sh118025,0
sh118027,0
sh118028,0
sh118029,0
sh118030,0
sh118031,0
sh118032,0
sh118033,0
sh118034,0
sh132026,0
sh204001,0
sh204002,0
sh204003,0
sh204004,0
sh204007,0
sh204014,0
sh204028,0
sh204091,0
sh204182,0
sh501001,0
sh501005,0
sh501007,0
sh501008,0
sh501009,0
sh501010,0
sh501011,0
sh501012,0
sh501015,0
sh501016,0
sh501017,0
sh501018,0
sh501019,0
sh501021,2
sh501022,0
sh501025,0
sh501026,0
sh501028,0
sh501029,0
sh501030,0
sh501031,0
sh501032,0
sh501036,0
sh501037,0
sh501038,0
sh501043,0
sh501045,0
sh501046,0
sh501047,0
sh501048,0
sh501050,0
sh501051,0
sh501053,0
sh501057,0
sh501058,0
sh501059,0
sh501060,0
sh501061,0
sh501062,0
sh501064,0
sh501065,0
sh501070,0
sh501071,0
sh501073,0
sh501075,0
sh501076,0
sh501077,0
sh501078,0
sh501079,0
sh501080,0
sh501081,0
sh501082,0
sh501083,0
sh501085,0
sh501087,0
sh501088,0
sh501089,0
sh501090,3
sh501091,0
sh501092,0
sh501093,0
sh501095,0
sh501096,0
sh501097,0
sh501098,0
sh501099,0
sh501186,0
sh501188,0
sh501189,0
sh501200,0
sh501201,0
sh501202,0
sh501203,0
sh501205,0
sh501206,0
sh501207,0
sh501208,0
sh501209,0
sh501210,0
sh501211,0
sh501212,0
sh501213,0
sh501215,0
sh501216,0
sh501217,0
sh501218,0
sh501219,0
sh501220,0
sh501225,0
sh501300,0
sh501301,5
sh501302,0
sh501303,0
sh501305,0
sh501306,0
sh501307,0
sh501310,0
sh501311,0
sh501312,0
sh502000,0
sh502003,0
sh502006,0
sh502010,0
sh502013,0
sh502023,0
sh502048,0
sh502053,0
sh502056,0
sh506000,0
sh506001,0
sh506002,0
sh506003,0
sh506005,0
sh506006,0
sh506008,0
sh508000,0
sh508001,0
sh508006,0
sh508008,0
sh508009,0
sh508018,0
sh508021,0
sh508027,0
sh508028,0
sh508056,0
sh508058,0
sh508066,3
sh508068,0
sh508077,0
sh508088,0
sh508096,0
sh508098,0
sh508099,0
sh510010,0
sh510020,0
sh510030,0
sh510050,0
sh510060,0
sh510090,0
sh510100,0
sh510130,0
sh510150,0
sh510160,0
sh510170,0
sh510180,0
sh510190,0
sh510200,0
sh510210,0
sh510230,0
sh510270,0
sh510290,0
sh510300,0
sh510310,0
sh510330,0
sh510350,0
sh510360,0
sh510370,0
sh510380,0
sh510390,0
sh510410,0
sh510500,0
sh510510,0
sh510530,0
sh510550,0
sh510560,0
sh510570,0
sh510580,0
sh510590,0
sh510600,0
sh510630,0
sh510650,0
sh510660,0
sh510680,0
sh510710,0
sh510760,0
sh510770,0
sh510800,0
sh510810,0
sh510850,0
sh510880,0
sh510900,0
sh510990,0
sh511010,0
sh511020,0
sh511030,0
sh511060,0
sh511180,0
sh511220,0
sh511260,0
sh511270,0
sh511360,0
sh511380,0
sh511520,0
sh511580,0
sh511600,0
sh511620,0
sh511650,0
sh511660,0
sh511670,1
sh511690,0
sh511700,0
sh511770,0
sh511800,0
sh511810,0
sh511820,0
sh511830,0
sh511850,0
sh511860,0
sh511880,0
sh511900,0
sh511910,0
sh511920,0
sh511930,0
sh511950,0
sh511960,0
sh511970,0
sh511980,6
sh511990,0
sh512000,0
sh512010,0
sh512040,0
sh512070,0
sh512090,0
sh512100,0
sh512120,0
sh512150,0
sh512160,0
sh512170,0
sh512180,0
sh512190,0
sh512200,0
sh512220,0
sh512260,0
sh512280,0
sh512290,0
sh512330,0
sh512360,1
sh512380,0
sh512390,0
sh512400,0
sh512480,0
sh512500,0
sh512510,0
sh512520,0
sh512530,0
sh512550,0
sh512560,0
sh512570,0
sh512580,0
sh512600,0
sh512640,0
sh512650,0
sh512660,0
sh512670,0
sh512680,0
sh512690,0
sh512700,0
sh512710,0
sh512720,0
sh512730,0
sh512750,0
sh512760,0
sh512770,0
sh512800,0
sh512810,0
sh512820,0
sh512870,0
sh512880,0
sh512890,0
sh512900,0
sh512910,0
sh512930,0
sh512950,0
sh512960,0
sh512970,0
sh512980,0
sh512990,0
sh513000,0
sh513010,0
sh513020,0
sh513030,0
sh513050,0
sh513060,0
sh513070,0
sh513080,0
sh513090,0
sh513100,0
sh513110,0
sh513120,0
sh513130,0
sh513140,0
sh513150,0
sh513160,0
sh513180,0
sh513200,0
sh513220,0
sh513230,0
sh513260,0
sh513280,0
sh513290,0
sh513300,0
sh513310,0
sh513320,0
sh513330,0
sh513360,0
sh513380,0
sh513390,0
sh513500,0
sh513520,0
sh513530,0
sh513550,0
sh513560,0
sh513580,0
sh513590,0
sh513600,0
sh513650,0
sh513660,0
sh513690,0
sh513700,0
sh513770,0
sh513800,0
sh513860,0
sh513880,0
sh513890,0
sh513900,0
sh513950,0
sh513970,0
sh513980,0
sh513990,0
sh515000,0
sh515010,0
sh515020,0
sh515030,0
sh515050,0
sh515060,0
sh515070,0
sh515080,0
sh515090,0
sh515100,0
sh515110,0
sh515120,0
sh515130,0
sh515150,0
sh515160,0
sh515170,0
sh515180,0
sh515190,0
sh515200,0
sh515210,0
sh515220,0
sh515230,0
sh515250,0
sh515260,0
sh515290,0
sh515300,0
sh515310,0
sh515320,0
sh515330,0
sh515350,0
sh515360,0
sh515380,0
sh515390,0
sh515400,0
sh515450,0
sh515530,0
sh515550,0
sh515560,0
sh515580,0
sh515590,0
sh515600,0
sh515630,0
sh515650,0
sh515660,0
sh515680,0
sh515700,0
sh515710,0
sh515750,0
sh515760,0
sh515770,0
sh515790,6
sh515800,0
sh515810,0
sh515850,0
sh515860,0
sh515880,0
sh515890,0
sh515900,0
sh515910,0
sh515920,0
sh515950,0
sh515960,0
sh515980,0
sh515990,0
sh516000,0
sh516010,0
sh516020,0
sh516050,0
sh516060,0
sh516070,0
sh516080,0
sh516090,0
sh516100,0
sh516110,0
sh516120,0
sh516130,0
sh516150,0
sh516160,0
sh516180,0
sh516190,0
sh516200,0
sh516210,0
sh516220,0
sh516260,0
sh516270,0
sh516290,0
sh516300,0
sh516310,0
sh516320,0
sh516330,0
sh516350,0
sh516360,0
sh516380,0
sh516390,0
sh516480,0
sh516500,0
sh516510,0
sh516520,0
sh516530,0
sh516550,0
sh516560,0
sh516570,0
sh516580,0
sh516590,0
sh516600,0
sh516610,0
sh516620,0
sh516630,0
sh516640,0
sh516650,0
sh516660,0
sh516670,0
sh516700,0
sh516710,0
sh516720,0
sh516730,0
sh516750,0
sh516760,0
sh516770,0
sh516780,0
sh516790,0
sh516800,0
sh516810,0
sh516820,0
sh516830,0
sh516850,0
sh516860,0
sh516880,0
sh516890,0
sh516900,0
sh516910,0
sh516920,0
sh516930,0
sh516950,0
sh516960,0
sh516970,0
sh516980,0
sh517000,0
sh517010,0
sh517030,0
sh517050,0
sh517080,0
sh517090,0
sh517100,0
sh517110,0
sh517120,0
sh517160,0
sh517170,0
sh517180,0
sh517200,0
sh517300,0
sh517330,0
sh517350,0
sh517360,0
sh517380,0
sh517390,0
sh517550,0
sh517660,0
sh517770,0
sh517800,0
sh517850,0
sh517880,0
sh517900,0
sh517990,0
sh518600,0
sh518660,0
sh518680,0
sh518800,0
sh518850,0
sh518860,0
sh518880,0
sh518890,0
sh560000,0
sh560010,0
sh560050,0
sh560060,0
sh560080,0
sh560090,0
sh560100,0
sh560110,0
sh560180,0
sh560500,0
sh560550,0
sh560560,0
sh560580,0
sh560650,0
sh560660,0
sh560680,0
sh560800,0
sh560860,0
sh560880,0
sh560900,0
sh560980,0
sh560990,2
sh561000,0
sh561100,0
sh561120,0
sh561130,0
sh561160,0
sh561170,0
sh561180,0
sh561190,0
sh561300,0
sh561310,0
sh561320,0
sh561330,0
sh561350,0
sh561500,0
sh561510,0
sh561550,0
sh561560,0
sh561590,0
sh561600,0
sh561700,0
sh561800,0
sh561900,0
sh561910,0
sh561920,0
sh561950,0
sh561990,0
sh562000,0
sh562010,0
sh562300,0
sh562310,0
sh562320,0
sh562330,0
sh562350,0
sh562360,0
sh562390,0
sh562500,0
sh562510,0
sh562520,0
sh562530,0
sh562550,0
sh562800,0
sh562860,0
sh562880,0
sh562900,0
sh562910,0
sh562950,0
sh562960,0
sh562990,0
sh563000,0
sh563030,0
sh588000,0
sh588010,0
sh588050,0
sh588060,0
sh588080,0
sh588090,0
sh588100,0
sh588150,0
sh588160,0
sh588180,0
sh588200,0
sh588260,0
sh588280,0
sh588290,0
sh588300,0
sh588310,0
sh588320,0
sh588330,0
sh588350,0
sh588360,0
sh588370,0
sh588380,0
sh588390,0
sh588400,0
sh588460,0
sh600000,0
sh600004,0
sh600006,1
sh600007,0
sh600008,0
sh600009,0
sh600010,0
sh600011,0
sh600012,0
sh600015,0
sh600016,0
sh600017,0
sh600018,0
sh600019,0
sh600020,0
sh600022,0
sh600023,0
sh600025,0
sh600026,0
sh600027,0
sh600028,0
sh600029,0
sh600030,0
sh600031,0
sh600032,0
sh600033,0
sh600035,0
sh600036,0
sh600037,0
sh600038,0
sh600039,0
sh600048,0
sh600050,0
sh600051,0
sh600052,0
sh600053,0
sh600054,0
sh600055,0
sh600056,0
sh600057,0
sh600058,0
sh600059,0
sh600060,0
sh600061,0
sh600063,0
sh600064,0
sh600066,0
sh600067,0
sh600071,7
sh600072,0
sh600073,0
sh600075,0
sh600076,0
sh600078,0
sh600079,0
sh600080,0
sh600081,0
sh600082,0
sh600084,0
sh600085,0
sh600088,0
sh600089,0
sh600094,0
sh600095,0
sh600096,0
sh600097,0
sh600098,0
sh600099,0
sh600100,0
sh600101,0
sh600103,0
sh600104,0
sh600105,0
sh600106,0
sh600107,0
sh600108,5
sh600109,0
sh600110,0
sh600111,0
sh600113,0
sh600114,0
sh600115,0
sh600116,0
sh600118,0
sh600119,0
sh600120,0
sh600121,0
sh600123,0
sh600125,0
sh600126,0
sh600127,0
sh600129,0
sh600131,0
sh600132,0
sh600133,0
sh600135,0
sh600136,0
sh600137,0
sh600138,0
sh600141,0
sh600143,2
sh600148,0
sh600149,0
sh600150,0
sh600151,0
sh600152,0
sh600153,0
sh600155,0
sh600156,0
sh600157,0
sh600158,0
sh600159,0
sh600160,0
sh600161,0
sh600162,0
sh600163,0
sh600165,0
sh600166,0
sh600167,0
sh600168,0
sh600169,0
sh600170,0
sh600171,0
sh600172,0
sh600173,0
sh600176,0
sh600177,0
sh600178,0
sh600179,0
sh600180,0
sh600182,0
sh600183,0
sh600184,0
sh600185,0
sh600186,0
sh600187,0
sh600188,0
sh600189,0
sh600190,0
sh600191,0
sh600192,0
sh600193,0
sh600195,0
sh600196,0
sh600197,0
sh600198,0
sh600199,0
sh600200,0
sh600201,0
sh600202,0
sh600203,0
sh600206,0
sh600207,0
sh600208,0
sh600210,0
sh600211,0
sh600212,0
sh600215,0
sh600216,0
sh600217,0
sh600218,0
sh600219,0
sh600221,0
sh600222,0
sh600223,0
sh600226,0
sh600227,0
sh600228,0
sh600229,0
sh600230,0
sh600231,0
sh600232,0
sh600233,0
sh600234,0
sh600235,0
sh600236,0
sh600237,0
sh600238,0
sh600239,0
sh600241,0
sh600243,0
sh600246,0
sh600248,0
sh600249,6
sh600250,0
sh600251,0
sh600252,0
sh600255,0
sh600256,0
sh600257,0
sh600258,0
sh600259,0
sh600261,0
sh600262,0
sh600265,0
sh600266,0
sh600267,0
sh600268,0
sh600269,0
sh600271,0
sh600272,0
sh600273,0
sh600276,0
sh600278,0
sh600279,0
sh600280,0
sh600281,0
sh600282,0
sh600283,0
sh600284,0
sh600285,0
sh600287,0
sh600288,0
sh600289,0
sh600292,0
sh600293,0
sh600295,0
sh600298,0
sh600299,0
sh600300,0
sh600301,0
sh600302,0
sh600303,0
sh600305,0
sh600307,3
sh600308,0
sh600309,0
sh600310,0
sh600312,0
sh600313,0
sh600315,0
sh600316,0
sh600318,0
sh600320,0
sh600322,0
sh600323,0
sh600325,0
sh600326,0
sh600327,0
sh600328,0
sh600329,0
sh600330,0
sh600331,0
sh600332,0
sh600333,0
sh600335,0
sh600336,0
sh600337,0
sh600338,0
sh600339,0
sh600340,0
sh600343,0
sh600345,0
sh600346,0
sh600348,0
sh600350,0
sh600351,0
sh600352,0
sh600353,0
sh600354,0
sh600355,0
sh600356,0
sh600358,0
sh600359,0
sh600360,0
sh600361,0
sh600362,0
sh600363,0
sh600365,0
sh600366,0
sh600367,0
sh600368,0
sh600369,0
sh600370,0
sh600371,0
sh600372,0
sh600373,0
sh600375,0
sh600376,0
sh600377,0
sh600378,0
sh600379,0
sh600380,3
sh600381,0
sh600382,0
sh600383,0
sh600386,0
sh600388,0
sh600389,0
sh600390,0
sh600391,0
sh600392,0
sh600395,0
sh600396,0
sh600397,0
sh600398,0
sh600399,0
sh600403,0
sh600405,0
sh600406,0
sh600408,0
sh600409,0
sh600410,0
sh600415,0
sh600416,0
sh600419,0
sh600420,0
sh600421,0
sh600422,0
sh600423,0
sh600425,0
sh600426,0
sh600428,0
sh600429,0
sh600433,0
sh600435,0
sh600436,0
sh600438,0
sh600439,0
sh600444,0
sh600446,0
sh600448,0
sh600449,0
sh600452,0
sh600455,0
sh600456,0
sh600458,0
sh600459,0
sh600460,0
sh600461,0
sh600462,0
sh600467,0
sh600468,0
sh600469,0
sh600470,0
sh600476,0
sh600477,0
sh600478,0
sh600479,0
sh600480,0
sh600481,0
sh600482,0
sh600483,0
sh600486,0
sh600487,0
sh600488,0
sh600489,0
sh600490,0
sh600491,0
sh600493,0
sh600495,0
sh600496,0
sh600497,0
sh600498,0
sh600499,0
sh600500,0
sh600501,0
sh600502,0
sh600503,0
sh600505,0
sh600506,0
sh600507,0
sh600508,0
sh600509,0
sh600510,0
sh600511,0
sh600512,0
sh600513,0
sh600515,0
sh600516,0
sh600517,0
sh600518,0
sh600519,0
sh600520,0
sh600521,0
sh600522,0
sh600523,0
sh600525,0
sh600526,0
sh600527,0
sh600528,0
sh600529,0
sh600530,0
sh600531,0
sh600533,0
sh600535,0
sh600536,0
sh600537,0
sh600538,0
sh600539,0
sh600540,0
sh600543,0
sh600545,0
sh600546,0
sh600547,0
sh600548,0
sh600549,0
sh600550,0
sh600551,0
sh600552,0
sh600556,0
sh600557,0
sh600558,0
sh600559,0
sh600560,0
sh600561,0
sh600562,0
sh600563,0
sh600566,0
sh600567,0
sh600568,0
sh600569,0
sh600570,0
sh600571,0
sh600572,0
sh600573,0
sh600575,0
sh600576,0
sh600577,0
sh600578,0
sh600579,0
sh600580,0
sh600581,0
sh600582,0
sh600583,0
sh600584,0
sh600585,0
sh600586,0
sh600587,0
sh600588,0
sh600589,0
sh600590,0
sh600592,0
sh600593,0
sh600594,0
sh600595,0
sh600596,0
sh600597,0
sh600598,0
sh600599,0
sh600600,0
sh600601,0
sh600602,0
sh600603,0
sh600604,0
sh600605,0
sh600606,0
sh600608,0
sh600609,0
sh600610,0
sh600611,0
sh600612,0
sh600613,0
sh600615,0
sh600616,0
sh600617,0
sh600618,0
sh600619,0
sh600620,0
sh600621,0
sh600622,0
sh600623,0
sh600624,0
sh600626,0
sh600628,0
sh600629,0
sh600630,0
sh600633,0
sh600635,0
sh600636,0
sh600637,0
sh600638,0
sh600639,0
sh600640,0
sh600641,0
sh600642,0
sh600643,0
sh600644,0
sh600645,0
sh600648,0
sh600649,0
sh600650,0
sh600651,0
sh600653,0
sh600654,0
sh600655,0
sh600657,0
sh600658,0
sh600660,0
sh600661,0
sh600662,0
sh600663,0
sh600664,0
sh600665,3
sh600666,0
sh600667,0
sh600668,0
sh600671,0
sh600673,0
sh600674,0
sh600675,0
sh600676,0
sh600678,0
sh600679,0
sh600681,0
sh600682,0
sh600683,0
sh600684,0
sh600685,0
sh600686,0
sh600688,0
sh600689,0
sh600690,0
sh600691,0
sh600692,0
sh600693,0
sh600694,0
sh600696,0
sh600697,0
sh600699,0
sh600702,0
sh600703,0
sh600704,0
sh600706,0
sh600707,0
sh600708,0
sh600710,0
sh600711,0
sh600712,0
sh600713,0
sh600714,0
sh600715,0
sh600716,0
sh600717,0
sh600718,0
sh600719,0
sh600720,0
sh600721,0
sh600722,0
sh600724,0
sh600725,0
sh600726,0
sh600727,0
sh600728,0
sh600729,0
sh600730,0
sh600731,0
sh600732,0
sh600733,0
sh600734,0
sh600735,0
sh600736,0
sh600737,0
sh600738,0
sh600739,0
sh600740,0
sh600741,0
sh600742,0
sh600743,0
sh600744,0
sh600745,0
sh600746,0
sh600748,0
sh600749,0
sh600750,0
sh600753,0
sh600754,0
sh600755,0
sh600756,0
sh600757,0
sh600758,0
sh600759,0
sh600760,0
sh600761,0
sh600763,0
sh600764,0
sh600765,0
sh600768,0
sh600769,0
sh600770,0
sh600771,0
sh600773,0
sh600774,0
sh600775,0
sh600776,0
sh600777,0
sh600778,0
sh600779,0
sh600780,0
sh600782,0
sh600783,0
sh600784,0
sh600785,0
sh600787,0
sh600789,0
sh600790,0
sh600791,0
sh600792,0
sh600793,0
sh600794,0
sh600795,0
sh600796,0
sh600797,0
sh600798,0
sh600800,0
sh600801,0
sh600802,0
sh600803,0
sh600807,0
sh600808,0
sh600809,0
sh600810,0
sh600812,0
sh600814,0
sh600815,0
sh600816,0
sh600817,0
sh600818,0
sh600819,0
sh600820,0
sh600821,0
sh600822,0
sh600824,0
sh600825,0
sh600826,0
sh600827,0
sh600828,0
sh600829,0
sh600830,0
sh600831,0
sh600833,5
sh600834,0
sh600835,0
sh600838,0
sh600839,0
sh600841,0
sh600843,0
sh600845,0
sh600846,0
sh600847,0
sh600848,0
sh600850,0
sh600851,0
sh600853,0
sh600854,0
sh600855,0
sh600857,0
sh600858,0
sh600859,0
sh600860,0
sh600861,0
sh600862,0
sh600863,0
sh600864,0
sh600865,0
sh600866,0
sh600867,0
sh600868,5
sh600869,3
sh600871,0
sh600872,0
sh600873,0
sh600874,0
sh600875,0
sh600876,0
sh600877,0
sh600881,0
sh600882,0
sh600883,0
sh600884,0
sh600885,0
sh600886,0
sh600887,0
sh600888,0
sh600889,0
sh600892,0
sh600893,0
sh600894,0
sh600895,0
sh600897,0
sh600900,0
sh600901,0
sh600903,0
sh600905,0
sh600906,0
sh600908,0
sh600909,0
sh600916,0
sh600917,0
sh600918,0
sh600919,0
sh600925,0
sh600926,0
sh600927,0
sh600928,0
sh600929,0
sh600933,0
sh600935,0
sh600936,0
sh600938,0
sh600939,0
sh600941,0
sh600955,0
sh600956,0
sh600958,0
sh600959,0
sh600960,0
sh600961,0
sh600962,0
sh600963,0
sh600965,0
sh600966,0
sh600967,0
sh600968,0
sh600969,0
sh600970,0
sh600971,0
sh600973,0
sh600975,0
sh600976,0
sh600977,0
sh600979,0
sh600980,0
sh600981,0
sh600982,0
sh600983,0
sh600984,0
sh600985,0
sh600986,0
sh600987,0
sh600988,0
sh600989,0
sh600990,0
sh600992,0
sh600993,0
sh600995,0
sh600996,0
sh600997,0
sh600998,0
sh600999,0
sh601000,0
sh601001,0
sh601002,0
sh601003,0
sh601005,0
sh601006,0
sh601007,0
sh601008,0
sh601009,0
sh601010,0
sh601011,0
sh601012,0
sh601015,0
sh601016,0
sh601018,0
sh601019,0
sh601020,0
sh601021,0
sh601022,0
sh601038,0
sh601058,0
sh601059,0
sh601061,0
sh601065,0
sh601066,0
sh601068,0
sh601069,0
sh601077,0
sh601086,0
sh601088,0
sh601089,0
sh601098,0
sh601099,0
sh601100,0
sh601101,5
sh601106,0
sh601107,0
sh601108,0
sh601111,0
sh601113,0
sh601116,0
sh601117,0
sh601118,0
sh601121,0
sh601126,0
sh601127,0
sh601128,0
sh601133,0
sh601136,0
sh601137,0
sh601138,0
sh601139,0
sh601155,0
sh601156,0
sh601158,0
sh601162,0
sh601163,0
sh601166,0
sh601168,0
sh601169,0
sh601177,0
sh601179,0
sh601186,0
sh601187,0
sh601188,0
sh601198,0
sh601199,0
sh601200,0
sh601208,0
sh601211,0
sh601212,0
sh601216,3
sh601218,0
sh601222,0
sh601225,0
sh601226,0
sh601228,0
sh601229,0
sh601231,0
sh601233,0
sh601236,0
sh601238,0
sh601279,0
sh601288,0
sh601298,0
sh601311,0
sh601318,0
sh601319,0
sh601326,0
sh601328,0
sh601330,0
sh601333,0
sh601336,0
sh601339,0
sh601360,0
sh601366,0
sh601368,0
sh601369,0
sh601375,0
sh601377,0
sh601388,0
sh601390,0
sh601398,0
sh601399,0
sh601456,0
sh601500,0
sh601512,0
sh601515,0
sh601518,0
sh601519,0
sh601528,0
sh601555,0
sh601566,0
sh601567,0
sh601568,0
sh601577,0
sh601579,0
sh601588,0
sh601595,0
sh601598,0
sh601600,0
sh601601,0
sh601606,0
sh601607,0
sh601608,0
sh601609,0
sh601611,0
sh601615,0
sh601616,0
sh601618,0
sh601619,0
sh601628,0
sh601633,0
sh601636,0
sh601658,0
sh601665,0
sh601666,0
sh601668,0
sh601669,0
sh601677,0
sh601678,0
sh601686,0
sh601688,0
sh601689,0
sh601696,0
sh601698,0
sh601699,0
sh601700,0
sh601702,0
sh601717,0
sh601718,0
sh601727,0
sh601728,0
sh601766,0
sh601777,0
sh601778,0
sh601788,0
sh601789,0
sh601798,0
sh601799,0
sh601800,0
sh601801,0
sh601808,0
sh601811,0
sh601816,0
sh601818,0
sh601825,0
sh601827,0
sh601828,0
sh601838,7
sh601857,0
sh601858,0
sh601860,0
sh601865,0
sh601866,2
sh601868,0
sh601869,0
sh601872,0
sh601877,0
sh601878,0
sh601880,0
sh601881,0
sh601882,0
sh601886,0
sh601888,0
sh601890,0
sh601898,0
sh601899,0
sh601900,0
sh601901,0
sh601908,0
sh601916,0
sh601918,0
sh601919,0
sh601921,0
sh601928,0
sh601929,0
sh601933,0
sh601939,0
sh601949,0
sh601952,0
sh601956,0
sh601958,0
sh601963,0
sh601965,0
sh601966,7
sh601968,0
sh601969,0
sh601975,0
sh601985,0
sh601988,0
sh601989,0
sh601990,0
sh601991,0
sh601992,0
sh601995,0
sh601996,0
sh601997,4
sh601998,0
sh601999,0
sh603000,0
sh603001,0
sh603002,0
sh603005,0
sh603006,0
sh603007,0
sh603008,0
sh603009,0
sh603010,0
sh603011,0
sh603012,0
sh603013,6
sh603015,0
sh603016,0
sh603017,0
sh603018,1
sh603019,0
sh603020,0
sh603021,0
sh603022,0
sh603023,0
sh603025,0
sh603026,0
sh603027,0
sh603028,3
sh603029,0
sh603030,0
sh603031,0
sh603032,0
sh603033,0
sh603035,0
sh603036,0
sh603037,0
sh603038,0
sh603039,0
sh603040,0
sh603041,0
sh603042,0
sh603043,0
sh603045,0
sh603048,0
sh603050,0
sh603051,6
sh603052,0
sh603053,0
sh603055,3
sh603056,0
sh603057,0
sh603058,0
sh603059,0
sh603060,0
sh603061,0
sh603063,0
sh603065,0
sh603066,0
sh603067,0
sh603068,0
sh603069,0
sh603070,0
sh603071,0
sh603073,0
sh603076,0
sh603077,0
sh603078,0
sh603079,0
sh603080,0
sh603081,0
sh603083,0
sh603085,0
sh603086,0
sh603087,0
sh603088,0
sh603089,0
sh603090,0
sh603093,0
sh603095,0
sh603096,0
sh603097,0
sh603098,0
sh603099,0
sh603100,0
sh603101,0
sh603102,0
sh603103,0
sh603105,0
sh603108,0
sh603109,0
sh603110,0
sh603111,0
sh603112,0
sh603113,0
sh603115,0
sh603116,0
sh603117,0
sh603118,0
sh603121,0
sh603122,0
sh603123,0
sh603125,0
sh603126,0
sh603127,0
sh603128,0
sh603129,0
sh603130,0
sh603131,0
sh603132,0
sh603135,0
sh603136,0
sh603138,0
sh603139,0
sh603150,0
sh603151,0
sh603153,0
sh603155,0
sh603156,0
sh603158,0
sh603159,0
sh603160,0
sh603161,0
sh603162,0
sh603163,0
sh603165,0
sh603167,0
sh603168,7
sh603169,0
sh603170,0
sh603171,0
sh603172,0
sh603173,0
sh603176,0
sh603177,0
sh603178,0
sh603179,0
sh603180,0
sh603181,0
sh603182,0
sh603183,0
sh603185,0
sh603186,0
sh603187,0
sh603188,0
sh603189,0
sh603190,0
sh603191,0
sh603192,0
sh603195,0
sh603196,0
sh603197,0
sh603198,0
sh603199,0
sh603200,0
sh603201,0
sh603203,0
sh603206,0
sh603208,0
sh603209,0
sh603211,0
sh603212,0
sh603213,0
sh603214,0
sh603215,0
sh603216,0
sh603217,0
sh603218,0
sh603219,0
sh603220,0
sh603221,0
sh603222,0
sh603223,0
sh603225,0
sh603226,0
sh603227,0
sh603228,0
sh603229,0
sh603230,0
sh603232,0
sh603233,0
sh603235,0
sh603236,0
sh603237,0
sh603239,0
sh603255,0
sh603256,0
sh603258,0
sh603259,0
sh603260,0
sh603261,0
sh603266,0
sh603267,7
sh603268,2
sh603269,0
sh603272,0
sh603277,0
sh603278,7
sh603279,3
sh603280,0
sh603281,0
sh603282,0
sh603286,0
sh603288,0
sh603289,0
sh603290,0
sh603291,0
sh603297,0
sh603298,0
sh603299,0
sh603300,0
sh603301,0
sh603303,0
sh603305,0
sh603306,0
sh603307,0
sh603308,0
sh603309,0
sh603311,0
sh603313,0
sh603315,0
sh603316,0
sh603317,0
sh603318,0
sh603319,0
sh603320,0
sh603321,0
sh603322,0
sh603323,0
sh603324,0
sh603326,0
sh603327,0
sh603328,0
sh603329,0
sh603330,0
sh603331,0
sh603332,0
sh603333,0
sh603335,0
sh603336,0
sh603337,0
sh603338,0
sh603339,0
sh603345,0
sh603348,0
sh603351,4
sh603353,0
sh603355,0
sh603356,0
sh603357,0
sh603358,0
sh603359,0
sh603360,0
sh603363,0
sh603365,0
sh603366,0
sh603367,0
sh603368,0
sh603369,7
sh603377,0
sh603378,0
sh603379,0
sh603380,0
sh603383,0
sh603385,0
sh603386,0
sh603387,0
sh603388,0
sh603389,0
sh603390,0
sh603392,0
sh603393,0
sh603396,0
sh603398,0
sh603399,0
sh603408,0
sh603416,0
sh603421,0
sh603429,0
sh603439,0
sh603444,0
sh603456,0
sh603458,0
sh603466,0
sh603477,0
sh603486,0
sh603488,0
sh603489,0
sh603496,0
sh603499,0
sh603500,0
sh603501,0
sh603505,0
sh603506,0
sh603507,0
sh603508,0
sh603511,0
sh603515,0
sh603516,0
sh603517,0
sh603518,0
sh603519,0
sh603520,0
sh603527,0
sh603528,0
sh603529,0
sh603530,0
sh603533,0
sh603535,0
sh603536,0
sh603538,0
sh603551,0
sh603556,0
sh603557,0
sh603558,0
sh603559,0
sh603565,0
sh603566,0
sh603567,0
sh603568,0
sh603569,0
sh603577,0
sh603578,0
sh603579,0
sh603580,0
sh603583,0
sh603585,0
sh603586,0
sh603587,0
sh603588,0
sh603589,0
sh603590,0
sh603595,0
sh603596,0
sh603598,0
sh603599,0
sh603600,0
sh603601,0
sh603602,0
sh603605,0
sh603606,0
sh603607,0
sh603608,0
sh603609,0
sh603610,0
sh603611,0
sh603612,0
sh603613,0
sh603615,0
sh603617,0
sh603618,0
sh603619,0
sh603626,0
sh603628,0
sh603629,0
sh603630,0
sh603633,0
sh603636,0
sh603637,0
sh603638,0
sh603639,0
sh603648,0
sh603650,0
sh603655,0
sh603656,0
sh603657,0
sh603658,0
sh603659,0
sh603660,0
sh603661,0
sh603662,0
sh603663,0
sh603665,0
sh603666,0
sh603667,0
sh603668,0
sh603669,0
sh603676,0
sh603677,0
sh603678,0
sh603679,0
sh603680,0
sh603681,0
sh603682,0
sh603685,0
sh603686,0
sh603687,0
sh603688,0
sh603689,0
sh603690,0
sh603693,0
sh603696,0
sh603697,0
sh603698,0
sh603699,0
sh603700,0
sh603701,0
sh603703,0
sh603707,0
sh603708,0
sh603709,0
sh603711,0
sh603712,0
sh603713,0
sh603716,0
sh603717,0
sh603718,0
sh603719,0
sh603721,0
sh603722,0
sh603726,0
sh603727,0
sh603728,0
sh603729,0
sh603730,0
sh603733,0
sh603737,0
sh603738,2
sh603739,0
sh603755,0
sh603757,0
sh603758,0
sh603759,0
sh603766,0
sh603767,0
sh603768,2
sh603773,0
sh603776,0
sh603777,0
sh603778,0
sh603779,0
sh603786,0
sh603787,0
sh603788,0
sh603789,0
sh603790,0
sh603797,0
sh603798,0
sh603799,0
sh603800,0
sh603801,0
sh603803,0
sh603806,0
sh603808,0
sh603809,0
sh603810,0
sh603811,0
sh603813,0
sh603815,0
sh603816,0
sh603817,2
sh603818,0
sh603819,0
sh603822,0
sh603823,0
sh603825,0
sh603826,0
sh603828,0
sh603829,0
sh603833,0
sh603836,0
sh603838,0
sh603839,0
sh603843,0
sh603848,0
sh603855,0
sh603856,0
sh603858,0
sh603859,0
sh603860,0
sh603863,0
sh603866,0
sh603867,0
sh603868,0
sh603869,0
sh603871,0
sh603876,0
sh603877,3
sh603878,0
sh603879,0
sh603881,0
sh603882,0
sh603883,0
sh603885,0
sh603886,0
sh603887,0
sh603888,0
sh603889,0
sh603890,0
sh603893,0
sh603895,0
sh603896,0
sh603897,0
sh603898,0
sh603899,0
sh603900,0
sh603901,0
sh603903,0
sh603906,0
sh603908,0
sh603909,0
sh603912,0
sh603915,0
sh603916,0
sh603917,0
sh603918,0
sh603919,0
sh603920,0
sh603922,0
sh603926,0
sh603927,0
sh603928,0
sh603929,0
sh603931,0
sh603933,0
sh603936,0
sh603937,0
sh603938,0
sh603939,0
sh603948,0
sh603949,0
sh603950,0
sh603955,0
sh603956,0
sh603958,0
sh603959,0
sh603960,0
sh603966,0
sh603967,0
sh603968,0
sh603969,0
sh603970,0
sh603976,0
sh603977,0
sh603978,0
sh603979,0
sh603980,0
sh603982,0
sh603983,0
sh603985,4
sh603986,0
sh603987,0
sh603988,0
sh603989,0
sh603990,0
sh603991,0
sh603992,0
sh603993,0
sh603995,0
sh603997,0
sh603998,0
sh603999,0
sh605001,0
sh605003,0
sh605005,0
sh605006,0
sh605007,0
sh605008,0
sh605009,0
sh605011,0
sh605016,0
sh605018,0
sh605020,0
sh605028,0
sh605033,0
sh605050,0
sh605055,0
sh605056,0
sh605058,0
sh605060,0
sh605068,0
sh605069,0
sh605077,0
sh605080,5
sh605081,0
sh605086,0
sh605088,0
sh605089,0
sh605090,0
sh605098,0
sh605099,0
sh605100,0
sh605108,0
sh605111,0
sh605116,0
sh605117,0
sh605118,0
sh605122,0
sh605123,3
sh605128,0
sh605133,0
sh605136,0
sh605138,0
sh605151,0
sh605155,0
sh605158,0
sh605162,0
sh605166,0
sh605167,0
sh605169,0
sh605177,0
sh605178,0
sh605179,0
sh605180,0
sh605183,0
sh605186,0
sh605188,0
sh605189,0
sh605196,0
sh605199,0
sh605208,0
sh605218,0
sh605222,7
sh605228,0
sh605255,0
sh605258,0
sh605259,0
sh605266,0
sh605268,0
sh605277,0
sh605286,0
sh605287,0
sh605288,0
sh605289,0
sh605296,0
sh605298,0
sh605299,0
sh605303,0
sh605305,0
sh605318,0
sh605319,0
sh605333,0
sh605336,0
sh605337,0
sh605338,0
sh605339,0
sh605358,0
sh605365,3
sh605366,0
sh605368,0
sh605369,0
sh605376,0
sh605377,0
sh605378,0
sh605388,0
sh605389,0
sh605398,0
sh605399,0
sh605488,0
sh605499,0
sh605507,0
sh605555,0
sh605566,0
sh605567,0
sh605577,0
sh605580,0
sh605588,0
sh605589,0
sh605598,0
sh605599,0
sh688001,0
sh688002,0
sh688003,0
sh688004,0
sh688005,0
sh688006,0
sh688007,0
sh688008,0
sh688009,0
sh688010,0
sh688011,0
sh688012,0
sh688013,0
sh688015,0
sh688016,0
sh688017,0
sh688018,0
sh688019,0
sh688020,0
sh688021,0
sh688022,0
sh688023,0
sh688025,0
sh688026,0
sh688027,0
sh688028,0
sh688029,0
sh688030,0
sh688031,0
sh688032,0
sh688033,0
sh688035,0
sh688036,0
sh688037,0
sh688038,0
sh688039,0
sh688041,0
sh688045,0
sh688046,0
sh688047,0
sh688048,0
sh688049,0
sh688050,0
sh688051,0
sh688052,0
sh688053,0
sh688055,0
sh688056,0
sh688057,0
sh688058,0
sh688059,0
sh688060,5
sh688061,0
sh688062,0
sh688063,0
sh688065,0
sh688066,0
sh688067,0
sh688068,0
sh688069,0
sh688070,0
sh688071,0
sh688072,0
sh688073,0
sh688075,0
sh688076,0
sh688077,4
sh688078,0
sh688079,0
sh688080,0
sh688081,0
sh688082,7
sh688083,0
sh688084,0
sh688085,0
sh688087,0
sh688088,0
sh688089,0
sh688090,0
sh688091,0
sh688092,0
sh688093,0
sh688095,0
sh688096,0
sh688097,0
sh688098,0
sh688099,0
sh688100,0
sh688101,0
sh688102,0
sh688103,0
sh688105,0
sh688106,0
sh688107,0
sh688108,0
sh688109,0
sh688110,0
sh688111,0
sh688112,0
sh688113,0
sh688114,0
sh688115,0
sh688116,0
sh688117,0
sh688118,0
sh688119,0
sh688120,0
sh688121,0
sh688122,0
sh688123,0
sh688125,0
sh688126,0
sh688127,0
sh688128,0
sh688129,0
sh688130,0
sh688131,0
sh688133,0
sh688135,0
sh688136,0
sh688137,0
sh688138,0
sh688139,0
sh688141,0
sh688143,0
sh688146,0
sh688147,0
sh688148,0
sh688150,0
sh688151,0
sh688152,0
sh688153,0
sh688155,0
sh688156,0
sh688157,0
sh688158,0
sh688159,0
sh688160,0
sh688161,0
sh688162,0
sh688163,0
sh688165,0
sh688166,0
sh688167,0
sh688168,0
sh688169,0
sh688170,0
sh688171,0
sh688172,0
sh688173,0
sh688175,0
sh688176,0
sh688177,0
sh688178,0
sh688179,0
sh688180,0
sh688181,0
sh688182,0
sh688183,0
sh688184,0
sh688185,0
sh688186,0
sh688187,0
sh688188,3
sh688189,0
sh688190,0
sh688191,0
sh688192,0
sh688193,0
sh688195,0
sh688196,0
sh688197,0
sh688198,0
sh688199,0
sh688200,0
sh688201,0
sh688202,0
sh688203,0
sh688205,0
sh688206,0
sh688207,0
sh688208,0
sh688209,0
sh688210,7
sh688211,0
sh688212,0
sh688213,0
sh688215,0
sh688216,0
sh688217,0
sh688218,0
sh688219,0
sh688220,0
sh688221,0
sh688222,0
sh688223,0
sh688225,0
sh688226,0
sh688227,0
sh688228,0
sh688229,5
sh688230,0
sh688231,0
sh688232,0
sh688233,0
sh688234,0
sh688235,0
sh688236,0
sh688237,0
sh688238,0
sh688239,0
sh688244,0
sh688246,0
sh688248,0
sh688249,0
sh688251,0
sh688252,0
sh688253,0
sh688255,0
sh688256,0
sh688257,0
sh688258,0
sh688259,0
sh688261,0
sh688262,0
sh688265,0
sh688266,0
sh688267,0
sh688268,0
sh688269,0
sh688270,0
sh688271,5
sh688272,0
sh688273,0
sh688275,0
sh688276,0
sh688277,0
sh688278,0
sh688279,0
sh688280,0
sh688281,0
sh688283,0
sh688285,0
sh688286,0
sh688287,0
sh688288,0
sh688289,0
sh688290,0
sh688291,0
sh688292,0
sh688293,0
sh688295,0
sh688296,0
sh688297,0
sh688298,0
sh688299,0
sh688300,0
sh688301,0
sh688302,0
sh688303,0
sh688305,0
sh688306,0
sh688307,0
sh688308,0
sh688309,0
sh688310,0
sh688311,0
sh688312,0
sh688313,0
sh688314,0
sh688315,0
sh688316,0
sh688317,0
sh688318,0
sh688319,0
sh688320,0
sh688321,0
sh688322,0
sh688323,3
sh688325,0
sh688326,0
sh688327,0
sh688328,0
sh688329,0
sh688330,0
sh688331,0
sh688332,0
sh688333,1
sh688335,0
sh688336,0
sh688337,0
sh688338,0
sh688339,0
sh688343,0
sh688345,0
sh688348,0
sh688349,0
sh688350,0
sh688351,0
sh688352,0
sh688353,0
sh688355,0
sh688356,0
sh688357,0
sh688358,0
sh688359,0
sh688360,0
sh688361,0
sh688362,0
sh688363,0
sh688365,0
sh688366,0
sh688367,0
sh688368,0
sh688369,0
sh688370,0
sh688371,0
sh688372,0
sh688373,0
sh688375,0
sh688376,0
sh688377,0
sh688378,0
sh688379,0
sh688380,0
sh688381,0
sh688382,0
sh688383,0
sh688385,0
sh688386,0
sh688387,0
sh688388,0
sh688389,0
sh688390,0
sh688391,0
sh688392,0
sh688393,0
sh688395,4
sh688396,0
sh688398,0
sh688399,0
sh688400,0
sh688401,0
sh688403,0
sh688408,0
sh688409,0
sh688410,0
sh688416,0
sh688418,0
sh688419,0
sh688420,0
sh688425,0
sh688426,0
sh688428,0
sh688432,0
sh688433,0
sh688435,0
sh688439,0
sh688448,0
sh688455,0
sh688456,0
sh688459,0
sh688466,0
sh688468,0
sh688469,0
sh688475,0
sh688478,0
sh688479,0
sh688480,0
sh688484,0
sh688485,0
sh688486,0
sh688488,0
sh688489,0
sh688496,0
sh688498,0
sh688499,0
sh688500,0
sh688502,0
sh688503,0
sh688505,0
sh688506,0
sh688507,0
sh688508,0
sh688509,0
sh688510,0
sh688511,0
sh688512,0
sh688513,0
sh688515,0
sh688516,0
sh688517,0
sh688518,0
sh688519,0
sh688520,0
sh688521,0
sh688522,0
sh688525,0
sh688526,0
sh688528,0
sh688529,0
sh688531,0
sh688533,0
sh688535,0
sh688536,0
sh688538,0
sh688539,0
sh688550,0
sh688551,0
sh688552,0
sh688553,0
sh688556,0
sh688557,0
sh688558,0
sh688559,0
sh688560,0
sh688561,0
sh688565,0
sh688566,0
sh688567,0
sh688568,0
sh688569,0
sh688571,0
sh688575,0
sh688577,0
sh688578,0
sh688579,0
sh688580,0
sh688581,0
sh688585,0
sh688586,0
sh688588,0
sh688589,0
sh688590,0
sh688595,0
sh688596,0
sh688597,0
sh688598,0
sh688599,0
sh688600,0
sh688601,0
sh688606,0
sh688607,0
sh688608,0
sh688609,0
sh688611,0
sh688613,0
sh688616,0
sh688617,0
sh688618,0
sh688619,0
sh688621,0
sh688622,0
sh688625,0
sh688626,0
sh688628,0
sh688630,0
sh688633,0
sh688636,0
sh688639,0
sh688655,0
sh688656,0
sh688658,0
sh688659,0
sh688660,0
sh688661,0
sh688662,0
sh688663,0
sh688665,0
sh688667,0
sh688668,0
sh688669,0
sh688670,0
sh688676,0
sh688677,0
sh688678,0
sh688679,0
sh688680,0
sh688681,0
sh688682,0
sh688683,0
sh688685,0
sh688686,0
sh688687,5
sh688689,0
sh688690,0
sh688696,0
sh688697,0
sh688698,0
sh688699,0
sh688700,0
sh688701,0
sh688707,0
sh688711,0
sh688718,0
sh688722,0
sh688728,0
sh688733,0
sh688737,0
sh688739,0
sh688766,0
sh688767,0
sh688768,0
sh688772,0
sh688776,0
sh688777,0
sh688778,0
sh688779,0
sh688786,0
sh688787,0
sh688788,0
sh688789,0
sh688793,0
sh688798,0
sh688799,0
sh688800,0
sh688819,0
sh689009,0
sh880001,0
sh880002,0
sh880003,0
sh880004,0
sh880005,0
sh880006,0
sh880007,0
sh880008,0
sh880011,0
sh880012,0
sh880013,0
sh880014,0
sh880015,0
sh880016,0
sh880017,0
sh880018,0
sh880031,0
sh880032,0
sh880033,0
sh880034,0
sh880035,0
sh880036,0
sh880037,0
sh880038,0
sh880041,0
sh880042,0
sh880043,0
sh880044,0
sh880045,0
sh880046,0
sh880047,0
sh880048,2
sh880081,0
sh880097,0
sh880098,0
sh880099,0
sh880201,0
sh880202,0
sh880203,0
sh880204,0
sh880206,0
sh880207,0
sh880208,0
sh880209,0
sh880210,0
sh880211,0
sh880212,0
sh880213,0
sh880214,0
sh880215,0
sh880216,1
sh880217,0
sh880218,0
sh880219,0
sh880220,0
sh880221,0
sh880222,0
sh880223,6
sh880224,0
sh880225,0
sh880226,0
sh880227,0
sh880228,0
sh880229,0
sh880230,0
sh880231,0
sh880232,0
sh880301,0
sh880302,0
sh880303,0
sh880305,0
sh880306,0
sh880307,0
sh880308,0
sh880310,0
sh880311,0
sh880312,0
sh880313,0
sh880318,0
sh880319,0
sh880320,0
sh880321,0
sh880324,0
sh880325,0
sh880326,0
sh880327,0
sh880328,0
sh880329,0
sh880330,0
sh880335,0
sh880336,0
sh880337,0
sh880338,0
sh880339,0
sh880340,0
sh880344,0
sh880345,0
sh880346,0
sh880347,0
sh880348,0
sh880350,0
sh880351,0
sh880355,0
sh880360,0
sh880361,0
sh880362,0
sh880363,0
sh880364,0
sh880366,0
sh880367,0
sh880368,0
sh880369,0
sh880372,0
sh880373,0
sh880374,0
sh880375,0
sh880380,0
sh880381,0
sh880382,5
sh880383,0
sh880387,0
sh880390,0
sh880391,0
sh880392,0
sh880393,0
sh880394,0
sh880398,0
sh880399,0
sh880400,0
sh880401,0
sh880402,0
sh880403,0
sh880406,0
sh880407,0
sh880408,0
sh880409,0
sh880410,0
sh880411,0
sh880412,0
sh880413,0
sh880414,0
sh880418,0
sh880419,0
sh880420,0
sh880421,0
sh880422,0
sh880423,0
sh880424,0
sh880425,0
sh880426,0
sh880430,0
sh880431,7
sh880432,0
sh880437,0
sh880438,0
sh880439,0
sh880440,0
sh880441,0
sh880442,0
sh880443,0
sh880444,0
sh880445,0
sh880446,0
sh880447,0
sh880448,0
sh880452,0
sh880453,0
sh880454,0
sh880455,0
sh880456,0
sh880459,0
sh880460,0
sh880461,0
sh880462,0
sh880463,0
sh880464,0
sh880465,0
sh880466,0
sh880467,0
sh880468,0
sh880471,0
sh880472,0
sh880473,0
sh880474,0
sh880476,0
sh880477,0
sh880478,0
sh880482,0
sh880483,0
sh880484,0
sh880485,0
sh880486,0
sh880489,0
sh880490,0
sh880491,0
sh880492,0
sh880493,0
sh880494,0
sh880497,0
sh880501,0
sh880502,0
sh880505,0
sh880506,0
sh880507,0
sh880513,0
sh880515,0
sh880516,0
sh880519,0
sh880520,0
sh880521,0
sh880524,0
sh880525,0
sh880529,0
sh880532,0
sh880533,0
sh880534,0
sh880535,0
sh880537,0
sh880538,0
sh880539,0
sh880540,0
sh880542,0
sh880543,0
sh880544,0
sh880545,0
sh880546,0
sh880549,0
sh880553,0
sh880557,0
sh880558,0
sh880559,0
sh880560,0
sh880562,0
sh880563,0
sh880564,0
sh880565,0
sh880567,0
sh880568,0
sh880571,0
sh880572,0
sh880573,0
sh880574,0
sh880575,0
sh880576,0
sh880577,0
sh880580,0
sh880582,0
sh880583,0
sh880584,0
sh880585,0
sh880586,0
sh880587,0
sh880589,0
sh880590,0
sh880591,0
sh880592,0
sh880593,0
sh880594,0
sh880596,6
sh880597,0
sh880598,0
sh880599,0
sh880601,0
sh880602,0
sh880603,0
sh880604,0
sh880605,0
sh880606,0
sh880607,0
sh880608,0
sh880609,0
sh880610,0
sh880611,0
sh880612,0
sh880613,0
sh880614,0
sh880615,0
sh880616,0
sh880618,0
sh880619,0
sh880620,0
sh880621,0
sh880622,0
sh880623,0
sh880624,0
sh880626,0
sh880627,0
sh880628,0
sh880630,0
sh880631,0
sh880632,0
sh880633,0
sh880634,0
sh880635,0
sh880636,0
sh880637,0
sh880638,0
sh880639,0
sh880640,0
sh880642,0
sh880643,0
sh880644,0
sh880645,0
sh880646,0
sh880647,0
sh880649,0
sh880650,0
sh880651,0
sh880652,0
sh880654,0
sh880655,0
sh880656,0
sh880657,6
sh880658,0
sh880659,0
sh880660,0
sh880661,0
sh880662,0
sh880664,0
sh880666,0
sh880667,0
sh880668,0
sh880669,0
sh880670,0
sh880671,0
sh880675,0
sh880702,0
sh880704,0
sh880705,0
sh880706,0
sh880708,0
sh880709,0
sh880710,0
sh880711,0
sh880713,0
sh880714,0
sh880715,0
sh880716,0
sh880717,0
sh880719,0
sh880720,0
sh880721,0
sh880722,0
sh880723,0
sh880724,0
sh880725,0
sh880726,0
sh880727,0
sh880728,0
sh880729,0
sh880730,0
sh880731,0
sh880733,0
sh880734,0
sh880735,0
sh880736,0
sh880737,0
sh880738,0
sh880739,0
sh880740,0
sh880741,0
sh880742,0
sh880743,0
sh880744,0
sh880745,0
sh880746,0
sh880748,0
sh880749,0
sh880750,0
sh880751,0
sh880752,0
sh880753,0
sh880754,0
sh880755,0
sh880756,0
sh880757,0
sh880758,0
sh880759,0
sh880760,0
sh880761,0
sh880762,0
sh880764,0
sh880766,0
sh880767,0
sh880768,0
sh880769,0
sh880770,0
sh880771,0
sh880774,0
sh880778,0
sh880779,0
sh880780,0
sh880781,0
sh880782,0
sh880783,0
sh880784,0
sh880785,0
sh880786,0
sh880787,0
sh880789,0
sh880790,0
sh880791,0
sh880792,0
sh880793,0
sh880794,0
sh880795,0
sh880796,0
sh880797,0
sh880798,0
sh880799,0
sh880801,0
sh880802,0
sh880803,0
sh880804,0
sh880805,0
sh880806,0
sh880807,0
sh880808,0
sh880809,0
sh880813,0
sh880814,0
sh880815,0
sh880816,0
sh880817,0
sh880818,0
sh880821,0
sh880822,0
sh880823,0
sh880824,0
sh880825,0
sh880826,5
sh880827,0
sh880829,0
sh880833,0
sh880834,0
sh880835,0
sh880836,0
sh880837,0
sh880842,0
sh880843,0
sh880844,0
sh880845,0
sh880846,0
sh880847,0
sh880848,0
sh880849,0
sh880850,0
sh880851,0
sh880852,0
sh880853,0
sh880854,0
sh880856,0
sh880857,0
sh880858,0
sh880859,0
sh880860,0
sh880861,0
sh880864,0
sh880865,0
sh880866,0
sh880867,0
sh880868,0
sh880869,0
sh880870,0
sh880871,0
sh880872,0
sh880873,0
sh880874,0
sh880875,0
sh880876,0
sh880877,0
sh880878,0
sh880879,0
sh880880,0
sh880881,0
sh880882,0
sh880883,0
sh880884,0
sh880885,0
sh880886,0
sh880887,0
sh880889,0
sh880890,0
sh880891,0
sh880892,0
sh880893,0
sh880894,0
sh880895,0
sh880896,0
sh880897,0
sh880898,0
sh880899,0
sh880901,0
sh880902,0
sh880903,0
sh880904,0
sh880905,0
sh880906,0
sh880908,0
sh880909,0
sh880910,0
sh880911,0
sh880913,0
sh880916,0
sh880919,0
sh880920,0
sh880921,0
sh880922,0
sh880923,0
sh880926,0
sh880930,0
sh880933,0
sh880936,0
sh880939,0
sh880940,0
sh880941,0
sh880942,0
sh880943,0
sh880944,0
sh880945,0
sh880946,0
sh880947,0
sh880948,0
sh880949,0
sh880950,0
sh880951,0
sh880952,0
sh880953,0
sh880954,0
sh880955,0
sh880956,0
sh880959,0
sh880960,0
sh880962,0
sh880964,0
sh880965,0
sh880967,0
sh880968,0
sh880969,0
sh880970,0
sh880971,0
sh880973,0
sh880974,0
sh880975,0
sh880976,0
sh880977,0
sh880981,0
sh880982,0
sh880983,0
sh880984,0
sh880985,0
sh880986,0
sh880987,0
sh880988,0
sh880989,0
sh880990,0
sh880991,0
sh880992,0
sh880993,0
sh881001,0
sh881002,0
sh881003,4
sh881004,0
sh881005,0
sh881006,0
sh881007,0
sh881008,0
sh881009,0
sh881010,0
sh881011,0
sh881012,0
sh881013,0
sh881014,0
sh881015,0
sh881016,0
sh881017,0
sh881018,0
sh881019,0
sh881020,0
sh881021,0
sh881022,0
sh881023,0
sh881024,5
sh881025,0
sh881026,0
sh881027,0
sh881028,0
sh881029,0
sh881030,0
sh881031,0
sh881032,0
sh881033,0
sh881034,0
sh881035,0
sh881036,0
sh881037,0
sh881038,0
sh881039,0
sh881040,0
sh881041,0
sh881043,0
sh881044,5
sh881045,0
sh881046,0
sh881047,0
sh881048,0
sh881049,0
sh881050,0
sh881051,0
sh881052,0
sh881053,0
sh881054,0
sh881055,0
sh881056,0
sh881057,0
sh881058,0
sh881059,0
sh881060,0
sh881061,0
sh881062,0
sh881063,0
sh881064,0
sh881065,0
sh881066,0
sh881067,0
sh881068,0
sh881069,0
sh881070,0
sh881071,0
sh881072,0
sh881073,0
sh881074,0
sh881075,0
sh881076,0
sh881077,0
sh881078,0
sh881079,0
sh881081,0
sh881082,0
sh881083,0
sh881084,0
sh881085,0
sh881086,0
sh881087,0
sh881088,0
sh881089,0
sh881090,0
sh881091,0
sh881092,0
sh881093,0
sh881094,0
sh881095,0
sh881096,0
sh881097,0
sh881098,0
sh881099,0
sh881100,0
sh881101,0
sh881102,0
sh881103,0
sh881104,0
sh881105,0
sh881106,0
sh881107,0
sh881108,0
sh881109,0
sh881110,0
sh881111,0
sh881112,0
sh881113,0
sh881114,0
sh881115,0
sh881116,0
sh881117,0
sh881118,0
sh881119,0
sh881120,0
sh881121,0
sh881122,0
sh881123,0
sh881124,0
sh881125,0
sh881126,0
sh881127,0
sh881129,0
sh881130,0
sh881131,0
sh881132,0
sh881133,0
sh881134,0
sh881135,0
sh881136,0
sh881137,0
sh881138,0
sh881139,0
sh881140,0
sh881141,0
sh881142,0
sh881143,0
sh881144,0
sh881145,5
sh881146,1
sh881147,0
sh881148,0
sh881149,0
sh881150,0
sh881151,0
sh881152,0
sh881153,0
sh881154,0
sh881155,0
sh881157,0
sh881158,0
sh881159,0
sh881160,0
sh881161,0
sh881162,0
sh881163,0
sh881165,0
sh881166,0
sh881167,0
sh881168,0
sh881169,0
sh881170,0
sh881171,0
sh881172,0
sh881173,0
sh881174,0
sh881175,0
sh881176,0
sh881177,0
sh881178,0
sh881179,0
sh881180,0
sh881181,0
sh881182,0
sh881183,0
sh881184,0
sh881185,0
sh881186,0
sh881187,0
sh881188,0
sh881189,0
sh881190,0
sh881191,0
sh881192,0
sh881193,0
sh881194,0
sh881195,0
sh881196,0
sh881198,0
sh881199,0
sh881200,0
sh881201,0
sh881202,0
sh881203,0
sh881204,0
sh881205,0
sh881206,0
sh881207,0
sh881208,1
sh881209,0
sh881210,0
sh881211,0
sh881212,0
sh881213,0
sh881214,0
sh881215,0
sh881216,0
sh881217,0
sh881218,0
sh881219,0
sh881220,0
sh881221,0
sh881222,4
sh881223,0
sh881224,0
sh881225,0
sh881226,0
sh881227,0
sh881228,0
sh881229,0
sh881230,0
sh881231,0
sh881232,0
sh881233,0
sh881234,0
sh881235,0
sh881236,0
sh881237,0
sh881238,0
sh881239,0
sh881240,0
sh881241,0
sh881242,0
sh881243,0
sh881244,0
sh881245,0
sh881246,0
sh881247,0
sh881248,0
sh881249,0
sh881250,0
sh881251,0
sh881252,0
sh881253,0
sh881254,0
sh881256,0
sh881257,0
sh881258,0
sh881260,0
sh881261,0
sh881262,0
sh881263,0
sh881264,0
sh881265,0
sh881266,0
sh881267,0
sh881268,0
sh881269,0
sh881270,0
sh881271,0
sh881272,0
sh881273,5
sh881275,0
sh881276,0
sh881277,0
sh881278,0
sh881279,0
sh881280,0
sh881281,0
sh881282,0
sh881283,0
sh881284,0
sh881285,0
sh881286,0
sh881287,0
sh881288,0
sh881289,0
sh881290,0
sh881291,0
sh881292,0
sh881293,0
sh881294,0
sh881295,0
sh881296,0
sh881297,0
sh881298,0
sh881299,0
sh881300,0
sh881301,0
sh881302,0
sh881303,0
sh881304,0
sh881305,0
sh881306,0
sh881307,0
sh881308,0
sh881309,3
sh881310,0
sh881311,0
sh881312,0
sh881313,0
sh881314,0
sh881315,0
sh881316,0
sh881317,0
sh881318,0
sh881319,0
sh881320,0
sh881321,0
sh881322,0
sh881323,0
sh881325,0
sh881326,0
sh881327,0
sh881328,0
sh881329,0
sh881330,0
sh881331,4
sh881332,0
sh881333,0
sh881334,0
sh881335,0
sh881336,0
sh881337,0
sh881338,0
sh881339,0
sh881340,0
sh881341,0
sh881342,0
sh881343,0
sh881344,0
sh881345,0
sh881346,0
sh881347,0
sh881348,0
sh881349,0
sh881350,0
sh881351,0
sh881352,0
sh881353,0
sh881354,0
sh881355,0
sh881356,0
sh881357,7
sh881358,0
sh881359,0
sh881360,0
sh881361,0
sh881362,0
sh881363,0
sh881364,0
sh881365,0
sh881366,0
sh881367,0
sh881368,0
sh881369,0
sh881370,0
sh881371,0
sh881372,0
sh881373,0
sh881374,0
sh881375,0
sh881376,0
sh881377,1
sh881378,0
sh881380,0
sh881381,0
sh881382,0
sh881383,0
sh881384,0
sh881385,0
sh881386,0
sh881387,0
sh881388,0
sh881389,0
sh881390,0
sh881391,0
sh881393,0
sh881394,0
sh881395,3
sh881396,0
sh881397,0
sh881398,0
sh881399,0
sh881400,0
sh881401,0
sh881402,0
sh881404,0
sh881405,0
sh881406,0
sh881407,0
sh881408,0
sh881409,0
sh881410,0
sh881411,0
sh881412,0
sh881413,0
sh881414,0
sh881415,0
sh881416,0
sh881417,0
sh881418,0
sh881419,0
sh881420,0
sh881421,0
sh881422,0
sh881423,0
sh881424,0
sh881426,0
sh881427,0
sh881428,0
sh881429,0
sh881430,0
sh881431,0
sh881432,0
sh881433,0
sh881434,0
sh881435,0
sh881436,0
sh881437,0
sh881438,0
sh881439,0
sh881440,0
sh881441,0
sh881442,0
sh881443,0
sh881444,0
sh881445,0
sh881446,0
sh881447,0
sh881448,0
sh881449,0
sh881450,0
sh881451,0
sh881452,0
sh881453,0
sh881454,0
sh881455,0
sh881456,0
sh881457,0
sh881458,0
sh881459,0
sh881460,0
sh881461,0
sh881462,0
sh881463,0
sh881464,0
sh881465,0
sh881466,0
sh881467,0
sh881468,0
sh881469,0
sh881470,0
sh881471,0
sh881472,0
sh881473,0
sh881474,0
sh881475,0
sh881476,0
sh881477,0
sh881478,0
sh900901,0
sh900902,0
sh900903,0
sh900904,0
sh900905,0
sh900906,0
sh900908,0
sh900909,0
sh900910,0
sh900911,0
sh900912,0
sh900913,0
sh900914,0
sh900915,0
sh900916,0
sh900917,0
sh900918,0
sh900920,0
sh900921,0
sh900922,0
sh900923,0
sh900924,0
sh900925,0
sh900926,0
sh900927,0
sh900928,0
sh900929,0
sh900932,0
sh900934,0
sh900936,0
sh900937,0
sh900938,0
sh900939,0
sh900940,0
sh900941,0
sh900942,0
sh900943,0
sh900945,0
sh900946,0
sh900947,0
sh900948,0
sh900952,0
sh999997,0
sh999998,0
sh999999,0
sz000001,7
sz000002,0
sz000004,0
sz000006,0
sz000007,0
sz000008,0
sz000009,0
sz000010,0
sz000011,0
sz000012,0
sz000014,0
sz000016,0
sz000017,0
sz000019,0
sz000020,0
sz000021,0
sz000025,0
sz000026,0
sz000027,0
sz000028,0
sz000029,0
sz000030,0
sz000031,0
sz000032,0
sz000034,0
sz000035,0
sz000036,0
sz000037,0
sz000039,0
sz000042,0
sz000045,0
sz000048,0
sz000049,0
sz000050,0
sz000055,0
sz000056,0
sz000058,0
sz000059,0
sz000060,0
sz000061,0
sz000062,0
sz000063,0
sz000065,0
sz000066,0
sz000068,0
sz000069,0
sz000070,0
sz000078,0
sz000088,0
sz000089,0
sz000090,0
sz000096,0
sz000099,0
sz000100,0
sz000151,0
sz000153,0
sz000155,0
sz000156,0
sz000157,0
sz000158,0
sz000159,0
sz000166,0
sz000301,0
sz000333,0
sz000338,0
sz000400,0
sz000401,0
sz000402,0
sz000403,0
sz000404,0
sz000407,0
sz000408,0
sz000409,0
sz000410,0
sz000411,0
sz000415,0
sz000417,0
sz000419,0
sz000420,0
sz000421,0
sz000422,0
sz000423,0
sz000425,0
sz000426,0
sz000428,0
sz000429,0
sz000430,0
sz000488,0
sz000498,0
sz000501,0
sz000503,0
sz000505,0
sz000506,0
sz000507,0
sz000509,0
sz000510,0
sz000513,0
sz000516,0
sz000517,0
sz000518,0
sz000519,0
sz000520,0
sz000521,0
sz000523,0
sz000524,0
sz000525,0
sz000526,0
sz000528,0
sz000529,0
sz000530,0
sz000531,0
sz000532,0
sz000533,0
sz000534,0
sz000536,0
sz000537,0
sz000538,0
sz000539,0
sz000541,0
sz000543,0
sz000544,0
sz000545,0
sz000546,0
sz000547,0
sz000548,0
sz000550,0
sz000551,0
sz000552,0
sz000553,0
sz000554,0
sz000555,0
sz000557,0
sz000558,0
sz000559,0
sz000560,0
sz000561,0
sz000563,0
sz000564,0
sz000565,0
sz000566,0
sz000567,0
sz000568,0
sz000570,0
sz000571,0
sz000573,0
sz000576,0
sz000581,0
sz000582,0
sz000586,0
sz000589,0
sz000590,0
sz000591,0
sz000592,0
sz000593,0
sz000595,0
sz000596,0
sz000597,0
sz000598,0
sz000599,0
sz000600,0
sz000601,0
sz000603,0
sz000605,0
sz000607,0
sz000608,0
sz000609,0
sz000610,0
sz000612,0
sz000615,0
sz000617,0
sz000619,0
sz000620,0
sz000623,0
sz000625,0
sz000626,0
sz000627,0
sz000628,0
sz000629,0
sz000630,0
sz000631,0
sz000632,0
sz000633,0
sz000635,0
sz000636,0
sz000637,0
sz000638,0
sz000639,0
sz000650,0
sz000651,0
sz000652,0
sz000655,0
sz000656,0
sz000657,0
sz000659,0
sz000661,0
sz000663,0
sz000665,0
sz000668,0
sz000669,0
sz000670,0
sz000672,0
sz000676,0
sz000677,0
sz000678,0
sz000679,0
sz000680,0
sz000681,0
sz000682,0
sz000683,0
sz000685,0
sz000686,0
sz000688,0
sz000690,0
sz000691,0
sz000692,0
sz000695,0
sz000697,0
sz000698,0
sz000700,0
sz000701,0
sz000702,0
sz000703,0
sz000705,0
sz000707,0
sz000708,0
sz000709,0
sz000711,0
sz000712,0
sz000713,0
sz000715,0
sz000716,0
sz000717,0
sz000718,0
sz000719,0
sz000720,0
sz000721,0
sz000722,0
sz000723,0
sz000725,0
sz000726,0
sz000727,0
sz000728,0
sz000729,0
sz000731,0
sz000733,0
sz000735,0
sz000736,0
sz000737,0
sz000738,0
sz000739,0
sz000750,0
sz000751,0
sz000752,0
sz000753,0
sz000755,0
sz000756,0
sz000757,0
sz000758,0
sz000759,0
sz000761,0
sz000762,0
sz000766,0
sz000767,0
sz000768,0
sz000776,0
sz000777,0
sz000778,0
sz000779,0
sz000782,0
sz000783,0
sz000785,0
sz000786,0
sz000788,0
sz000789,0
sz000790,0
sz000791,0
sz000792,0
sz000793,0
sz000795,0
sz000796,0
sz000797,0
sz000798,0
sz000799,0
sz000800,0
sz000801,0
sz000802,0
sz000803,0
sz000807,0
sz000809,0
sz000810,0
sz000811,0
sz000812,0
sz000815,0
sz000816,0
sz000818,0
sz000819,0
sz000820,0
sz000821,0
sz000822,0
sz000823,0
sz000825,0
sz000826,0
sz000828,0
sz000829,0
sz000830,0
sz000831,0
sz000837,0
sz000838,0
sz000839,0
sz000848,0
sz000850,0
sz000851,0
sz000852,0
sz000856,0
sz000858,0
sz000859,0
sz000860,0
sz000862,0
sz000863,0
sz000868,0
sz000869,0
sz000875,0
sz000876,0
sz000877,0
sz000878,0
sz000880,0
sz000881,0
sz000882,0
sz000883,0
sz000885,0
sz000886,0
sz000887,0
sz000888,0
sz000889,0
sz000892,0
sz000893,0
sz000895,0
sz000897,0
sz000898,0
sz000899,0
sz000900,0
sz000901,0
sz000902,0
sz000903,0
sz000905,0
sz000906,0
sz000908,0
sz000909,0
sz000910,0
sz000911,0
sz000912,0
sz000913,0
sz000915,0
sz000917,0
sz000919,0
sz000920,0
sz000921,0
sz000922,0
sz000923,0
sz000925,0
sz000926,0
sz000927,0
sz000928,0
sz000929,0
sz000930,0
sz000931,0
sz000932,0
sz000933,0
sz000935,0
sz000936,0
sz000937,0
sz000938,0
sz000948,0
sz000949,0
sz000950,0
sz000951,0
sz000952,0
sz000953,0
sz000955,0
sz000957,0
sz000958,0
sz000959,0
sz000960,0
sz000962,0
sz000963,0
sz000965,0
sz000966,0
sz000967,0
sz000968,0
sz000969,0
sz000970,0
sz000972,0
sz000973,0
sz000975,0
sz000977,0
sz000978,0
sz000980,0
sz000981,0
sz000983,0
sz000985,0
sz000987,0
sz000988,0
sz000989,0
sz000990,0
sz000993,0
sz000995,0
sz000997,0
sz000998,0
sz000999,0
sz001201,0
sz001202,0
sz001203,0
sz001205,0
sz001206,0
sz001207,0
sz001208,0
sz001209,0
sz001210,0
sz001211,0
sz001212,0
sz001213,0
sz001215,0
sz001216,0
sz001217,0
sz001218,0
sz001219,0
sz001222,0
sz001223,0
sz001225,0
sz001226,0
sz001227,0
sz001228,0
sz001229,0
sz001230,0
sz001231,0
sz001234,0
sz001236,0
sz001238,0
sz001255,0
sz001256,0
sz001258,0
sz001259,0
sz001260,0
sz001266,0
sz001267,0
sz001268,0
sz001269,0
sz001270,0
sz001278,0
sz001283,0
sz001286,0
sz001287,0
sz001288,0
sz001289,0
sz001296,0
sz001298,0
sz001299,0
sz001300,0
sz001301,0
sz001308,0
sz001309,0
sz001311,0
sz001313,0
sz001314,0
sz001316,0
sz001317,0
sz001318,0
sz001319,0
sz001322,0
sz001323,0
sz001328,0
sz001330,0
sz001331,0
sz001332,0
sz001333,0
sz001336,0
sz001337,0
sz001338,0
sz001339,0
sz001360,0
sz001366,0
sz001367,0
sz001368,0
sz001380,0
sz001696,0
sz001872,0
sz001896,0
sz001914,0
sz001965,0
sz001979,0
sz002001,0
sz002003,0
sz002004,0
sz002005,0
sz002006,0
sz002007,0
sz002008,0
sz002009,0
sz002010,0
sz002011,0
sz002012,0
sz002014,0
sz002015,0
sz002016,0
sz002017,0
sz002019,0
sz002020,0
sz002021,0
sz002022,0
sz002023,0
sz002024,0
sz002025,0
sz002026,0
sz002027,0
sz002028,0
sz002029,0
sz002030,0
sz002031,0
sz002032,0
sz002033,0
sz002034,0
sz002035,0
sz002036,0
sz002037,0
sz002038,0
sz002039,0
sz002040,0
sz002041,0
sz002042,0
sz002043,0
sz002044,0
sz002045,0
sz002046,0
sz002047,0
sz002048,0
sz002049,0
sz002050,0
sz002051,0
sz002052,0
sz002053,0
sz002054,0
sz002055,0
sz002056,0
sz002057,0
sz002058,0
sz002059,0
sz002060,0
sz002061,0
sz002062,0
sz002063,0
sz002064,0
sz002065,0
sz002066,0
sz002067,0
sz002068,0
sz002069,0
sz002072,0
sz002074,0
sz002075,0
sz002076,0
sz002077,0
sz002078,0
sz002079,0
sz002080,0
sz002081,0
sz002082,0
sz002083,0
sz002084,0
sz002085,0
sz002086,0
sz002088,0
sz002090,0
sz002091,0
sz002092,0
sz002093,0
sz002094,0
sz002095,0
sz002096,0
sz002097,0
sz002098,0
sz002099,0
sz002100,0
sz002101,0
sz002102,0
sz002103,0
sz002104,0
sz002105,0
sz002106,0
sz002107,0
sz002108,0
sz002109,0
sz002110,0
sz002111,0
sz002112,0
sz002114,0
sz002115,0
sz002116,0
sz002117,0
sz002119,0
sz002120,0
sz002121,0
sz002122,0
sz002123,0
sz002124,0
sz002125,0
sz002126,0
sz002127,0
sz002128,0
sz002129,0
sz002130,0
sz002131,0
sz002132,0
sz002134,0
sz002135,0
sz002136,0
sz002137,0
sz002138,0
sz002139,0
sz002140,0
sz002141,0
sz002142,0
sz002144,0
sz002145,0
sz002146,0
sz002148,0
sz002149,0
sz002150,0
sz002151,0
sz002152,0
sz002153,0
sz002154,0
sz002155,0
sz002156,0
sz002157,0
sz002158,0
sz002159,0
sz002160,0
sz002161,0
sz002162,0
sz002163,0
sz002164,0
sz002165,0
sz002166,0
sz002167,0
sz002168,0
sz002169,0
sz002170,0
sz002171,0
sz002172,0
sz002173,0
sz002174,0
sz002175,0
sz002176,0
sz002177,0
sz002178,0
sz002179,0
sz002180,0
sz002181,0
sz002182,0
sz002183,0
sz002184,0
sz002185,0
sz002186,0
sz002187,0
sz002188,0
sz002189,0
sz002190,0
sz002191,0
sz002192,0
sz002193,0
sz002194,0
sz002195,0
sz002196,0
sz002197,0
sz002198,0
sz002199,0
sz002200,0
sz002201,0
sz002202,0
sz002203,0
sz002204,0
sz002205,0
sz002206,0
sz002207,0
sz002208,0
sz002209,0
sz002210,0
sz002211,0
sz002212,0
sz002213,0
sz002214,0
sz002216,0
sz002217,0
sz002218,0
sz002219,0
sz002221,0
sz002222,0
sz002223,0
sz002224,0
sz002225,0
sz002226,0
sz002227,0
sz002228,0
sz002229,0
sz002230,0
sz002231,0
sz002232,0
sz002233,0
sz002234,0
sz002235,0
sz002236,0
sz002237,0
sz002238,0
sz002239,0
sz002240,0
sz002242,0
sz002243,0
sz002244,0
sz002245,0
sz002246,0
sz002247,0
sz002248,0
sz002249,0
sz002250,0
sz002251,0
sz002252,0
sz002253,0
sz002254,0
sz002255,0
sz002256,0
sz002258,0
sz002259,0
sz002261,0
sz002262,0
sz002263,0
sz002264,0
sz002265,0
sz002266,0
sz002267,0
sz002268,0
sz002269,0
sz002270,0
sz002271,0
sz002272,0
sz002273,0
sz002274,0
sz002275,0
sz002276,0
sz002277,0
sz002278,0
sz002279,0
sz002281,0
sz002282,0
sz002283,0
sz002284,0
sz002285,0
sz002286,0
sz002287,0
sz002289,0
sz002290,0
sz002291,0
sz002292,0
sz002293,0
sz002294,0
sz002295,0
sz002296,0
sz002297,0
sz002298,0
sz002299,0
sz002300,0
sz002301,0
sz002302,0
sz002303,0
sz002304,0
sz002305,0
sz002306,0
sz002307,0
sz002309,0
sz002310,0
sz002311,0
sz002312,0
sz002313,0
sz002314,0
sz002315,0
sz002316,0
sz002317,0
sz002318,0
sz002319,0
sz002320,0
sz002321,0
sz002322,0
sz002323,0
sz002324,0
sz002326,0
sz002327,0
sz002328,0
sz002329,0
sz002330,0
sz002331,0
sz002332,0
sz002333,0
sz002334,0
sz002335,0
sz002337,0
sz002338,0
sz002339,0
sz002340,0
sz002342,0
sz002343,0
sz002344,0
sz002345,0
sz002346,0
sz002347,0
sz002348,0
sz002349,0
sz002350,0
sz002351,0
sz002352,0
sz002353,0
sz002354,0
sz002355,0
sz002356,0
sz002357,0
sz002360,0
sz002361,0
sz002362,0
sz002363,0
sz002364,0
sz002365,0
sz002366,0
sz002367,0
sz002368,0
sz002369,0
sz002370,0
sz002371,0
sz002372,0
sz002373,0
sz002374,0
sz002375,0
sz002376,0
sz002377,0
sz002378,0
sz002380,0
sz002381,0
sz002382,0
sz002383,0
sz002384,0
sz002385,0
sz002386,0
sz002387,0
sz002388,0
sz002389,0
sz002390,0
sz002391,0
sz002392,0
sz002393,0
sz002394,0
sz002395,0
sz002396,0
sz002397,0
sz002398,0
sz002399,0
sz002400,0
sz002401,0
sz002402,0
sz002403,0
sz002405,0
sz002406,0
sz002407,0
sz002408,0
sz002409,0
sz002410,0
sz002412,0
sz002414,0
sz002415,0
sz002416,0
sz002418,0
sz002419,0
sz002420,0
sz002421,0
sz002422,0
sz002423,0
sz002424,0
sz002425,0
sz002426,0
sz002427,0
sz002428,0
sz002429,0
sz002430,0
sz002431,0
sz002432,0
sz002434,0
sz002436,0
sz002437,0
sz002438,0
sz002439,0
sz002440,0
sz002441,0
sz002442,0
sz002443,0
sz002445,0
sz002446,0
sz002448,0
sz002449,0
sz002451,0
sz002452,0
sz002453,0
sz002454,0
sz002455,0
sz002456,0
sz002457,0
sz002458,0
sz002459,0
sz002460,0
sz002461,0
sz002462,0
sz002463,0
sz002465,0
sz002466,0
sz002467,0
sz002468,0
sz002469,0
sz002470,0
sz002471,0
sz002472,0
sz002474,0
sz002475,0
sz002476,0
sz002478,0
sz002479,0
sz002480,0
sz002481,0
sz002482,0
sz002483,0
sz002484,0
sz002485,0
sz002486,0
sz002487,0
sz002488,0
sz002489,0
sz002490,0
sz002491,0
sz002492,0
sz002493,0
sz002494,0
sz002495,0
sz002496,0
sz002497,0
sz002498,0
sz002500,0
sz002501,0
sz002506,0
sz002507,0
sz002508,0
sz002510,0
sz002511,0
sz002512,0
sz002513,0
sz002514,0
sz002515,0
sz002516,0
sz002517,0
sz002518,0
sz002519,0
sz002520,0
sz002521,0
sz002522,0
sz002523,0
sz002524,0
sz002526,0
sz002527,0
sz002528,0
sz002529,0
sz002530,0
sz002531,0
sz002532,0
sz002533,0
sz002534,0
sz002535,0
sz002536,0
sz002537,0
sz002538,0
sz002539,0
sz002540,0
sz002541,0
sz002542,0
sz002543,0
sz002544,0
sz002545,0
sz002547,0
sz002548,0
sz002549,0
sz002550,0
sz002551,0
sz002552,0
sz002553,0
sz002554,0
sz002555,0
sz002556,0
sz002557,0
sz002558,0
sz002559,0
sz002560,0
sz002561,0
sz002562,0
sz002563,0
sz002564,0
sz002565,0
sz002566,0
sz002567,0
sz002568,0
sz002569,0
sz002570,0
sz002571,0
sz002572,0
sz002573,0
sz002574,0
sz002575,0
sz002576,0
sz002577,0
sz002578,0
sz002579,0
sz002580,0
sz002581,0
sz002582,0
sz002583,0
sz002584,0
sz002585,0
sz002586,0
sz002587,0
sz002588,0
sz002589,0
sz002590,0
sz002591,0
sz002592,0
sz002593,0
sz002594,0
sz002595,0
sz002596,0
sz002597,0
sz002598,0
sz002599,0
sz002600,0
sz002601,0
sz002602,0
sz002603,0
sz002605,0
sz002606,0
sz002607,0
sz002608,0
sz002609,0
sz002611,0
sz002612,0
sz002613,0
sz002614,0
sz002615,0
sz002616,0
sz002617,0
sz002620,0
sz002622,0
sz002623,0
sz002624,0
sz002625,0
sz002626,0
sz002627,0
sz002628,0
sz002629,0
sz002630,0
sz002631,0
sz002632,0
sz002633,0
sz002634,0
sz002635,0
sz002636,0
sz002637,0
sz002638,0
sz002639,0
sz002640,0
sz002641,0
sz002642,0
sz002643,0
sz002644,0
sz002645,0
sz002646,0
sz002647,0
sz002648,0
sz002649,0
sz002650,0
sz002651,0
sz002652,0
sz002653,0
sz002654,0
sz002655,0
sz002656,0
sz002657,0
sz002658,0
sz002659,0
sz002660,0
sz002661,0
sz002662,0
sz002663,0
sz002664,0
sz002666,0
sz002667,0
sz002668,0
sz002669,0
sz002670,0
sz002671,0
sz002672,0
sz002673,0
sz002674,0
sz002675,0
sz002677,0
sz002678,0
sz002679,0
sz002681,0
sz002682,0
sz002683,0
sz002685,0
sz002686,0
sz002687,0
sz002688,0
sz002689,0
sz002690,0
sz002691,0
sz002692,0
sz002693,0
sz002694,0
sz002695,0
sz002696,0
sz002697,0
sz002698,0
sz002700,0
sz002701,0
sz002702,0
sz002703,0
sz002705,0
sz002706,0
sz002707,0
sz002708,0
sz002709,0
sz002712,0
sz002713,0
sz002714,0
sz002715,0
sz002716,0
sz002717,0
sz002718,0
sz002719,0
sz002721,0
sz002722,0
sz002723,0
sz002724,0
sz002725,0
sz002726,0
sz002727,0
sz002728,0
sz002729,0
sz002730,0
sz002731,0
sz002732,0
sz002733,0
sz002734,0
sz002736,0
sz002737,0
sz002738,0
sz002739,0
sz002741,0
sz002742,0
sz002743,0
sz002745,0
sz002746,0
sz002747,0
sz002749,0
sz002752,0
sz002753,0
sz002755,0
sz002756,0
sz002757,0
sz002758,0
sz002759,0
sz002760,0
sz002761,0
sz002762,0
sz002763,0
sz002765,0
sz002766,0
sz002767,0
sz002768,0
sz002769,0
sz002771,0
sz002772,0
sz002773,0
sz002774,0
sz002775,0
sz002777,0
sz002778,0
sz002779,0
sz002780,0
sz002782,0
sz002783,0
sz002785,0
sz002786,0
sz002787,0
sz002788,0
sz002789,0
sz002790,0
sz002791,0
sz002792,0
sz002793,0
sz002795,0
sz002796,0
sz002797,0
sz002798,0
sz002799,0
sz002800,0
sz002801,0
sz002802,0
sz002803,0
sz002805,0
sz002806,0
sz002807,0
sz002808,0
sz002809,0
sz002810,0
sz002811,0
sz002812,0
sz002813,0
sz002815,0
sz002816,0
sz002817,0
sz002818,0
sz002819,0
sz002820,0
sz002821,0
sz002822,0
sz002823,0
sz002824,0
sz002825,0
sz002826,0
sz002827,0
sz002828,0
sz002829,0
sz002830,0
sz002831,0
sz002832,0
sz002833,0
sz002835,0
sz002836,0
sz002837,0
sz002838,0
sz002839,0
sz002840,0
sz002841,0
sz002842,0
sz002843,0
sz002845,0
sz002847,0
sz002848,0
sz002849,0
sz002850,0
sz002851,0
sz002852,0
sz002853,0
sz002855,0
sz002856,0
sz002857,0
sz002858,0
sz002859,0
sz002860,0
sz002861,0
sz002862,0
sz002863,0
sz002864,0
sz002865,0
sz002866,0
sz002867,0
sz002868,0
sz002869,0
sz002870,0
sz002871,0
sz002872,0
sz002873,0
sz002875,0
sz002876,0
sz002877,0
sz002878,0
sz002879,0
sz002880,0
sz002881,0
sz002882,0
sz002883,0
sz002884,0
sz002885,0
sz002886,0
sz002887,0
sz002888,0
sz002889,0
sz002890,0
sz002891,0
sz002892,0
sz002893,0
sz002895,0
sz002896,0
sz002897,0
sz002898,0
sz002899,0
sz002900,0
sz002901,0
sz002902,0
sz002903,0
sz002905,0
sz002906,0
sz002907,0
sz002908,0
sz002909,0
sz002910,0
sz002911,0
sz002912,0
sz002913,0
sz002915,0
sz002916,0
sz002917,0
sz002918,0
sz002919,0
sz002920,0
sz002921,0
sz002922,0
sz002923,0
sz002925,0
sz002926,0
sz002927,0
sz002928,0
sz002929,0
sz002930,0
sz002931,0
sz002932,0
sz002933,0
sz002936,0
sz002937,0
sz002938,0
sz002939,0
sz002941,0
sz002942,0
sz002943,0
sz002945,0
sz002946,0
sz002947,0
sz002948,0
sz002949,0
sz002950,0
sz002951,0
sz002952,0
sz002953,0
sz002955,0
sz002956,0
sz002957,0
sz002958,0
sz002959,0
sz002960,0
sz002962,0
sz002963,0
sz002965,0
sz002966,0
sz002967,0
sz002968,0
sz002969,0
sz002970,0
sz002971,0
sz002972,0
sz002973,0
sz002975,0
sz002976,0
sz002977,0
sz002978,0
sz002979,0
sz002980,0
sz002981,0
sz002982,0
sz002983,0
sz002984,0
sz002985,0
sz002986,0
sz002987,0
sz002988,0
sz002989,0
sz002990,0
sz002991,0
sz002992,0
sz002993,0
sz002995,0
sz002996,0
sz002997,0
sz002998,0
sz002999,0
sz003000,0
sz003001,0
sz003002,0
sz003003,0
sz003004,0
sz003005,0
sz003006,0
sz003007,0
sz003008,0
sz003009,0
sz003010,0
sz003011,0
sz003012,0
sz003013,0
sz003015,0
sz003016,0
sz003017,0
sz003018,0
sz003019,0
sz003020,0
sz003021,0
sz003022,0
sz003023,0
sz003025,0
sz003026,0
sz003027,0
sz003028,0
sz003029,0
sz003030,0
sz003031,0
sz003032,0
sz003033,0
sz003035,0
sz003036,0
sz003037,0
sz003038,0
sz003039,0
sz003040,0
sz003041,0
sz003042,0
sz003043,0
sz003816,0
sz123031,0
sz123034,0
sz123038,0
sz123039,0
sz123048,0
sz123049,0
sz123052,0
sz123054,0
sz123056,0
sz123059,0
sz123061,0
sz123063,0
sz123064,0
sz123065,0
sz123071,0
sz123072,0
sz123076,0
sz123080,0
sz123082,0
sz123085,0
sz123087,0
sz123088,0
sz123089,0
sz123090,0
sz123091,0
sz123092,0
sz123093,0
sz123104,0
sz123107,0
sz123108,0
sz123109,0
sz123112,0
sz123113,0
sz123114,0
sz123117,0
sz123118,0
sz123119,0
sz123120,0
sz123121,0
sz123122,0
sz123124,0
sz123126,0
sz123128,0
sz123129,0
sz123130,0
sz123131,0
sz123133,0
sz123138,0
sz123141,0
sz123142,0
sz123144,0
sz123145,0
sz123146,0
sz123147,0
sz123149,0
sz123150,0
sz123151,0
sz123154,0
sz123155,0
sz123156,0
sz123157,0
sz123158,0
sz123159,0
sz123160,0
sz123161,0
sz123162,0
sz123165,0
sz123166,0
sz123168,0
sz123169,0
sz123171,0
sz123172,0
sz123173,0
sz123174,0
sz123175,0
sz123176,0
sz123177,0
sz123178,0
sz123179,0
sz123180,0
sz123182,0
sz123183,0
sz123185,0
sz123186,0
sz123187,0
sz123188,0
sz123189,0
sz123192,0
sz123193,0
sz123194,0
sz123195,0
sz123196,0
sz127015,0
sz127016,0
sz127017,0
sz127018,0
sz127019,0
sz127020,0
sz127022,0
sz127024,0
sz127025,0
sz127026,0
sz127027,0
sz127028,0
sz127030,0
sz127031,0
sz127033,0
sz127034,0
sz127035,0
sz127037,0
sz127038,0
sz127039,0
sz127040,0
sz127041,0
sz127042,0
sz127043,0
sz127044,0
sz127045,0
sz127046,0
sz127047,0
sz127049,0
sz127050,0
sz127052,0
sz127053,0
sz127054,0
sz127055,0
sz127056,0
sz127059,0
sz127060,0
sz127061,0
sz127062,0
sz127064,0
sz127066,0
sz127067,0
sz127068,0
sz127069,0
sz127070,0
sz127071,0
sz127072,0
sz127073,0
sz127075,0
sz127076,0
sz127077,0
sz127078,0
sz127079,0
sz127080,0
sz127081,0
sz127082,0
sz127083,0
sz127084,0
sz128044,0
sz128071,0
sz128074,0
sz128076,0
sz128081,0
sz128082,0
sz128095,0
sz128097,0
sz128101,0
sz128105,0
sz128108,0
sz128109,0
sz128116,0
sz128119,0
sz128120,0
sz128121,0
sz128122,0
sz128124,0
sz128125,0
sz128127,0
sz128128,0
sz128129,0
sz128130,0
sz128131,0
sz128132,0
sz128133,0
sz128134,0
sz128135,0
sz128136,0
sz128137,0
sz128138,0
sz128141,0
sz128142,0
sz128144,0
sz131800,0
sz131801,0
sz131802,0
sz131803,0
sz131805,0
sz131806,0
sz131809,0
sz131810,0
sz131811,0
sz159001,0
sz159003,0
sz159005,0
sz159601,0
sz159602,0
sz159603,0
sz159605,0
sz159606,0
sz159607,0
sz159608,0
sz159609,0
sz159610,0
sz159611,0
sz159612,0
sz159613,0
sz159615,0
sz159616,0
sz159617,0
sz159618,0
sz159619,0
sz159620,0
sz159621,0
sz159622,0
sz159623,0
sz159625,0
sz159627,0
sz159628,0
sz159629,0
sz159630,0
sz159631,0
sz159632,0
sz159633,0
sz159635,0
sz159636,0
sz159637,0
sz159638,0
sz159639,0
sz159640,0
sz159641,0
sz159642,0
sz159643,0
sz159645,0
sz159647,0
sz159649,0
sz159650,0
sz159651,0
sz159652,0
sz159653,0
sz159655,0
sz159656,0
sz159657,0
sz159658,0
sz159659,0
sz159660,0
sz159662,0
sz159663,0
sz159665,0
sz159666,0
sz159667,0
sz159669,0
sz159670,0
sz159671,0
sz159672,0
sz159675,0
sz159676,0
sz159677,0
sz159678,0
sz159679,0
sz159680,0
sz159681,0
sz159682,0
sz159685,0
sz159687,0
sz159688,0
sz159689,0
sz159691,0
sz159695,0
sz159697,0
sz159701,0
sz159703,0
sz159706,0
sz159707,0
sz159708,0
sz159709,0
sz159711,0
sz159712,0
sz159713,0
sz159715,0
sz159716,0
sz159717,0
sz159718,0
sz159719,0
sz159720,0
sz159721,0
sz159723,0
sz159725,0
sz159726,0
sz159728,0
sz159729,0
sz159730,0
sz159731,0
sz159732,0
sz159735,0
sz159736,0
sz159738,0
sz159739,0
sz159740,0
sz159741,0
sz159742,0
sz159743,0
sz159745,0
sz159747,0
sz159748,0
sz159750,0
sz159751,0
sz159752,0
sz159755,0
sz159757,0
sz159758,0
sz159760,0
sz159761,0
sz159763,0
sz159766,0
sz159767,0
sz159768,0
sz159770,0
sz159773,0
sz159775,0
sz159776,0
sz159777,0
sz159778,0
sz159779,0
sz159780,0
sz159781,0
sz159782,0
sz159783,0
sz159786,0
sz159787,0
sz159788,0
sz159790,0
sz159791,0
sz159792,0
sz159793,0
sz159795,0
sz159796,0
sz159797,0
sz159798,0
sz159801,0
sz159804,0
sz159805,0
sz159806,0
sz159807,0
sz159808,0
sz159810,0
sz159811,0
sz159812,0
sz159813,0
sz159814,0
sz159816,0
sz159819,0
sz159820,0
sz159821,0
sz159822,0
sz159824,0
sz159825,0
sz159827,0
sz159828,0
sz159830,0
sz159831,0
sz159834,0
sz159835,0
sz159836,0
sz159837,0
sz159838,0
sz159839,0
sz159840,0
sz159841,0
sz159842,0
sz159843,0
sz159845,0
sz159847,0
sz159848,0
sz159849,0
sz159850,0
sz159851,0
sz159852,0
sz159855,0
sz159856,0
sz159857,0
sz159858,0
sz159859,0
sz159861,0
sz159862,0
sz159863,0
sz159864,0
sz159865,0
sz159866,0
sz159867,0
sz159869,0
sz159870,0
sz159871,0
sz159872,0
sz159873,0
sz159875,0
sz159876,0
sz159877,0
sz159880,0
sz159881,0
sz159883,0
sz159885,0
sz159886,0
sz159887,0
sz159888,0
sz159889,0
sz159890,0
sz159891,0
sz159892,0
sz159895,0
sz159896,0
sz159898,0
sz159899,0
sz159901,0
sz159902,0
sz159903,0
sz159905,0
sz159906,0
sz159907,0
sz159908,0
sz159909,0
sz159910,0
sz159912,0
sz159913,0
sz159915,0
sz159916,0
sz159918,0
sz159919,0
sz159920,0
sz159922,0
sz159923,0
sz159925,0
sz159928,0
sz159929,0
sz159930,0
sz159931,0
sz159933,0
sz159934,0
sz159935,0
sz159936,0
sz159937,0
sz159938,0
sz159939,0
sz159940,0
sz159941,0
sz159943,0
sz159944,0
sz159945,0
sz159948,0
sz159949,0
sz159952,0
sz159954,0
sz159956,0
sz159957,0
sz159958,0
sz159959,0
sz159960,0
sz159961,0
sz159964,0
sz159965,0
sz159966,0
sz159967,0
sz159968,0
sz159969,0
sz159970,0
sz159971,0
sz159972,0
sz159973,0
sz159974,0
sz159975,0
sz159976,0
sz159977,0
sz159980,0
sz159981,0
sz159982,0
sz159985,0
sz159991,0
sz159992,0
sz159993,0
sz159994,0
sz159995,0
sz159996,0
sz159997,0
sz159998,0
sz160105,0
sz160106,0
sz160119,0
sz160125,0
sz160127,0
sz160128,0
sz160133,0
sz160135,0
sz160140,0
sz160142,0
sz160143,0
sz160211,0
sz160212,0
sz160215,0
sz160216,0
sz160218,0
sz160219,0
sz160220,0
sz160221,0
sz160222,0
sz160223,0
sz160225,0
sz160311,0
sz160314,0
sz160322,0
sz160323,0
sz160324,0
sz160325,0
sz160326,0
sz160416,0
sz160421,0
sz160505,0
sz160512,0
sz160513,0
sz160515,0
sz160518,0
sz160526,0
sz160527,0
sz160529,0
sz160607,0
sz160610,0
sz160611,0
sz160613,0
sz160615,0
sz160616,0
sz160618,0
sz160620,0
sz160621,0
sz160622,0
sz160625,0
sz160626,0
sz160628,0
sz160629,0
sz160630,0
sz160631,0
sz160632,0
sz160633,0
sz160635,0
sz160637,0
sz160638,0
sz160639,0
sz160641,0
sz160642,0
sz160643,0
sz160644,0
sz160645,0
sz160706,0
sz160716,0
sz160717,0
sz160719,0
sz160722,0
sz160723,0
sz160726,0
sz160805,0
sz160806,0
sz160807,0
sz160812,0
sz160813,0
sz160910,0
sz160916,0
sz160918,0
sz160919,0
sz160921,0
sz160924,0
sz160925,0
sz160926,0
sz161005,0
sz161010,0
sz161014,0
sz161015,0
sz161017,0
sz161019,0
sz161022,0
sz161024,0
sz161025,0
sz161026,0
sz161027,0
sz161028,0
sz161029,0
sz161030,0
sz161031,0
sz161032,0
sz161033,0
sz161035,0
sz161036,0
sz161037,0
sz161038,0
sz161039,0
sz161040,0
sz161115,0
sz161116,0
sz161117,0
sz161118,0
sz161119,0
sz161121,0
sz161122,0
sz161123,0
sz161124,0
sz161125,0
sz161126,0
sz161127,0
sz161128,0
sz161129,0
sz161130,0
sz161131,0
sz161132,0
sz161133,0
sz161216,0
sz161217,0
sz161219,0
sz161222,0
sz161224,0
sz161225,0
sz161226,0
sz161227,0
sz161229,0
sz161232,0
sz161233,0
sz161505,0
sz161607,0
sz161610,0
sz161614,0
sz161631,0
sz161706,0
sz161713,0
sz161715,0
sz161716,0
sz161720,0
sz161722,0
sz161724,0
sz161725,0
sz161726,0
sz161727,0
sz161728,0
sz161729,0
sz161810,0
sz161811,0
sz161812,0
sz161815,0
sz161816,0
sz161820,0
sz161831,0
sz161834,0
sz161837,0
sz161903,0
sz161907,0
sz161908,0
sz161912,0
sz161914,0
sz162006,0
sz162105,0
sz162108,0
sz162207,0
sz162216,0
sz162307,0
sz162411,0
sz162412,0
sz162414,0
sz162415,0
sz162509,0
sz162605,0
sz162607,0
sz162703,0
sz162711,0
sz162712,0
sz162715,0
sz162719,0
sz162720,0
sz163001,0
sz163003,0
sz163109,0
sz163110,0
sz163111,0
sz163113,0
sz163114,0
sz163115,0
sz163116,0
sz163118,0
sz163208,0
sz163302,0
sz163402,0
sz163406,0
sz163407,0
sz163409,0
sz163412,0
sz163415,0
sz163417,0
sz163418,0
sz163503,0
sz163801,0
sz163819,0
sz163821,0
sz163907,0
sz164105,0
sz164206,0
sz164208,0
sz164210,0
sz164403,0
sz164508,0
sz164509,0
sz164701,0
sz164703,0
sz164705,0
sz164808,0
sz164810,0
sz164814,0
sz164824,0
sz164902,0
sz164906,0
sz165309,0
sz165311,0
sz165313,0
sz165508,0
sz165509,0
sz165511,0
sz165512,0
sz165513,0
sz165515,0
sz165516,0
sz165519,0
sz165520,0
sz165521,0
sz165522,0
sz165525,0
sz165528,0
sz166001,0
sz166006,0
sz166008,0
sz166009,0
sz166011,0
sz166016,0
sz166023,0
sz166024,0
sz166025,0
sz166027,0
sz166105,0
sz166107,0
sz167001,0
sz167002,0
sz167003,0
sz167301,0
sz167302,0
sz167501,0
sz167506,0
sz167508,0
sz168002,0
sz168101,0
sz168102,0
sz168103,0
sz168104,0
sz168105,0
sz168203,0
sz168204,0
sz168301,0
sz168401,0
sz168701,0
sz169101,0
sz169103,0
sz169104,0
sz169105,0
sz169106,0
sz169201,0
sz180101,0
sz180102,0
sz180103,0
sz180201,0
sz180202,0
sz180301,0
sz180401,0
sz180501,0
sz180801,0
sz200011,0
sz200012,0
sz200016,0
sz200017,0
sz200019,0
sz200020,0
sz200025,0
sz200026,0
sz200028,0
sz200029,0
sz200030,0
sz200037,0
sz200045,0
sz200055,0
sz200056,0
sz200058,0
sz200429,0
sz200488,0
sz200505,0
sz200512,0
sz200521,0
sz200530,0
sz200539,0
sz200541,0
sz200550,0
sz200553,0
sz200570,0
sz200581,0
sz200596,0
sz200625,0
sz200706,0
sz200725,0
sz200726,0
sz200761,0
sz200771,0
sz200869,0
sz200992,0
sz201872,0
sz300001,0
sz300002,0
sz300003,0
sz300004,0
sz300006,0
sz300007,0
sz300008,0
sz300009,0
sz300010,0
sz300011,0
sz300012,0
sz300013,0
sz300014,0
sz300015,0
sz300016,0
sz300017,0
sz300018,0
sz300019,0
sz300020,0
sz300021,0
sz300022,0
sz300024,0
sz300025,0
sz300026,0
sz300027,0
sz300029,0
sz300030,0
sz300031,0
sz300032,0
sz300033,0
sz300034,0
sz300035,0
sz300036,0
sz300037,0
sz300039,0
sz300040,0
sz300041,0
sz300042,0
sz300043,0
sz300044,0
sz300045,0
sz300046,0
sz300047,0
sz300048,0
sz300049,0
sz300050,0
sz300051,0
sz300052,0
sz300053,0
sz300054,0
sz300055,0
sz300056,0
sz300057,0
sz300058,0
sz300059,0
sz300061,0
sz300062,0
sz300063,0
sz300065,0
sz300066,0
sz300067,0
sz300068,0
sz300069,0
sz300070,0
sz300071,0
sz300072,0
sz300073,0
sz300074,0
sz300075,0
sz300076,0
sz300077,0
sz300078,0
sz300079,0
sz300080,0
sz300081,0
sz300082,0
sz300083,0
sz300084,0
sz300085,0
sz300086,0
sz300087,0
sz300088,0
sz300091,0
sz300092,0
sz300093,0
sz300094,0
sz300095,0
sz300096,0
sz300097,0
sz300098,0
sz300099,0
sz300100,0
sz300101,0
sz300102,0
sz300103,0
sz300105,0
sz300106,0
sz300107,0
sz300109,0
sz300110,0
sz300111,0
sz300112,0
sz300113,0
sz300115,0
sz300118,0
sz300119,0
sz300120,0
sz300121,0
sz300122,0
sz300123,0
sz300124,0
sz300125,0
sz300126,0
sz300127,0
sz300128,0
sz300129,0
sz300130,0
sz300132,0
sz300133,0
sz300134,0
sz300135,0
sz300136,0
sz300137,0
sz300138,0
sz300139,0
sz300140,0
sz300141,0
sz300142,0
sz300143,0
sz300144,0
sz300145,0
sz300146,0
sz300147,0
sz300148,0
sz300149,0
sz300150,0
sz300151,0
sz300152,0
sz300153,0
sz300154,0
sz300155,0
sz300157,0
sz300158,0
sz300159,0
sz300160,0
sz300161,0
sz300162,0
sz300163,0
sz300164,0
sz300165,0
sz300166,0
sz300167,0
sz300168,0
sz300169,0
sz300170,0
sz300171,0
sz300172,0
sz300173,0
sz300174,0
sz300175,0
sz300177,0
sz300179,0
sz300180,0
sz300181,0
sz300182,0
sz300183,0
sz300184,0
sz300185,0
sz300187,0
sz300188,0
sz300189,0
sz300190,0
sz300191,0
sz300192,0
sz300193,0
sz300194,0
sz300195,0
sz300196,0
sz300197,0
sz300198,0
sz300199,0
sz300200,0
sz300201,0
sz300203,0
sz300204,0
sz300205,0
sz300206,0
sz300207,0
sz300208,0
sz300209,0
sz300210,0
sz300211,0
sz300212,0
sz300213,0
sz300214,0
sz300215,0
sz300217,0
sz300218,0
sz300219,0
sz300220,0
sz300222,0
sz300223,0
sz300224,0
sz300225,0
sz300226,0
sz300227,0
sz300228,0
sz300229,0
sz300230,0
sz300231,0
sz300232,0
sz300233,0
sz300234,0
sz300235,0
sz300236,0
sz300237,0
sz300238,0
sz300239,0
sz300240,0
sz300241,0
sz300242,0
sz300243,0
sz300244,0
sz300245,0
sz300246,0
sz300247,0
sz300248,0
sz300249,0
sz300250,0
sz300251,0
sz300252,0
sz300253,0
sz300254,0
sz300255,0
sz300256,0
sz300257,0
sz300258,0
sz300259,0
sz300260,0
sz300261,0
sz300263,0
sz300264,0
sz300265,0
sz300266,0
sz300267,0
sz300268,0
sz300269,0
sz300270,0
sz300271,0
sz300272,0
sz300274,0
sz300275,0
sz300276,0
sz300277,0
sz300278,0
sz300279,0
sz300280,0
sz300281,0
sz300283,0
sz300284,0
sz300285,0
sz300286,0
sz300287,0
sz300288,0
sz300289,0
sz300290,1
sz300291,0
sz300292,0
sz300293,0
sz300294,0
sz300295,0
sz300296,0
sz300298,0
sz300299,0
sz300300,0
sz300301,0
sz300302,0
sz300303,0
sz300304,0
sz300305,0
sz300306,0
sz300307,0
sz300308,0
sz300310,0
sz300311,0
sz300313,0
sz300314,0
sz300315,0
sz300316,0
sz300317,0
sz300318,0
sz300319,0
sz300320,0
sz300321,0
sz300322,0
sz300323,0
sz300324,0
sz300326,0
sz300327,0
sz300328,0
sz300329,0
sz300331,0
sz300332,0
sz300333,0
sz300334,0
sz300335,0
sz300337,0
sz300338,0
sz300339,0
sz300340,0
sz300341,0
sz300342,0
sz300343,0
sz300344,0
sz300345,0
sz300346,0
sz300347,0
sz300348,0
sz300349,0
sz300350,0
sz300351,0
sz300352,0
sz300353,0
sz300354,0
sz300355,0
sz300357,0
sz300358,0
sz300359,0
sz300360,0
sz300363,0
sz300364,0
sz300365,0
sz300366,0
sz300368,0
sz300369,0
sz300370,0
sz300371,0
sz300373,0
sz300374,0
sz300375,0
sz300376,0
sz300377,0
sz300378,0
sz300379,0
sz300380,0
sz300381,0
sz300382,0
sz300383,0
sz300384,0
sz300385,0
sz300386,0
sz300387,0
sz300388,0
sz300389,0
sz300390,0
sz300391,0
sz300393,0
sz300394,0
sz300395,0
sz300396,0
sz300397,0
sz300398,0
sz300399,0
sz300400,0
sz300401,0
sz300402,0
sz300403,0
sz300404,0
sz300405,0
sz300406,0
sz300407,0
sz300408,0
sz300409,0
sz300410,0
sz300411,0
sz300412,0
sz300413,0
sz300414,0
sz300415,0
sz300416,0
sz300417,0
sz300418,0
sz300419,0
sz300420,0
sz300421,0
sz300422,0
sz300423,0
sz300424,0
sz300425,0
sz300426,0
sz300427,0
sz300428,0
sz300429,0
sz300430,0
sz300432,0
sz300433,0
sz300434,0
sz300435,0
sz300437,0
sz300438,0
sz300440,0
sz300441,0
sz300442,0
sz300443,0
sz300444,0
sz300445,0
sz300446,0
sz300447,0
sz300448,0
sz300449,0
sz300450,0
sz300451,0
sz300452,0
sz300453,0
sz300454,0
sz300455,0
sz300456,0
sz300457,0
sz300458,0
sz300459,0
sz300460,0
sz300461,0
sz300462,0
sz300463,0
sz300464,0
sz300465,0
sz300466,0
sz300467,0
sz300468,0
sz300469,0
sz300470,0
sz300471,0
sz300472,0
sz300473,0
sz300474,0
sz300475,0
sz300476,0
sz300477,0
sz300478,0
sz300479,0
sz300480,0
sz300481,0
sz300482,0
sz300483,0
sz300484,0
sz300485,0
sz300486,0
sz300487,0
sz300488,0
sz300489,0
sz300490,0
sz300491,0
sz300492,0
sz300493,0
sz300494,0
sz300496,0
sz300497,0
sz300498,0
sz300499,0
sz300500,0
sz300501,0
sz300502,0
sz300503,0
sz300504,0
sz300505,0
sz300506,0
sz300507,0
sz300508,0
sz300509,0
sz300510,0
sz300511,0
sz300512,0
sz300513,0
sz300514,0
sz300515,0
sz300516,0
sz300517,0
sz300518,0
sz300519,0
sz300520,0
sz300521,0
sz300522,0
sz300523,0
sz300525,0
sz300527,0
sz300528,0
sz300529,0
sz300530,0
sz300531,0
sz300532,0
sz300533,0
sz300534,0
sz300535,0
sz300536,0
sz300537,0
sz300538,0
sz300539,0
sz300540,0
sz300541,0
sz300542,0
sz300543,0
sz300545,0
sz300546,0
sz300547,0
sz300548,0
sz300549,0
sz300550,0
sz300551,0
sz300552,0
sz300553,0
sz300554,0
sz300555,0
sz300556,0
sz300557,0
sz300558,0
sz300559,0
sz300560,0
sz300561,0
sz300562,0
sz300563,0
sz300564,0
sz300565,0
sz300566,0
sz300567,0
sz300568,0
sz300569,0
sz300570,0
sz300571,0
sz300572,0
sz300573,0
sz300575,0
sz300576,0
sz300577,0
sz300578,0
sz300579,0
sz300580,0
sz300581,0
sz300582,0
sz300583,0
sz300584,0
sz300585,0
sz300586,0
sz300587,0
sz300588,0
sz300589,0
sz300590,0
sz300591,0
sz300592,0
sz300593,0
sz300594,0
sz300595,0
sz300596,0
sz300597,0
sz300598,0
sz300599,0
sz300600,0
sz300601,0
sz300602,0
sz300603,0
sz300604,0
sz300605,0
sz300606,0
sz300607,0
sz300608,0
sz300609,0
sz300610,0
sz300611,0
sz300612,0
sz300613,0
sz300614,0
sz300615,0
sz300616,0
sz300617,0
sz300618,0
sz300619,0
sz300620,0
sz300621,0
sz300622,0
sz300623,0
sz300624,0
sz300625,0
sz300626,0
sz300627,0
sz300628,0
sz300629,0
sz300631,0
sz300632,0
sz300633,0
sz300634,0
sz300636,0
sz300637,0
sz300638,0
sz300639,0
sz300640,0
sz300641,0
sz300642,0
sz300643,0
sz300644,0
sz300645,0
sz300647,0
sz300648,0
sz300649,0
sz300650,0
sz300651,0
sz300652,0
sz300653,0
sz300654,0
sz300655,0
sz300656,0
sz300657,0
sz300658,0
sz300659,0
sz300660,0
sz300661,0
sz300662,0
sz300663,0
sz300664,0
sz300665,0
sz300666,0
sz300667,0
sz300668,0
sz300669,0
sz300670,0
sz300671,0
sz300672,0
sz300673,0
sz300674,0
sz300675,0
sz300676,0
sz300677,0
sz300678,0
sz300679,0
sz300680,0
sz300681,0
sz300682,0
sz300683,0
sz300684,0
sz300685,0
sz300686,0
sz300687,0
sz300688,0
sz300689,0
sz300690,0
sz300691,0
sz300692,0
sz300693,0
sz300694,0
sz300695,0
sz300696,0
sz300697,0
sz300698,0
sz300699,0
sz300700,0
sz300701,0
sz300702,0
sz300703,0
sz300705,0
sz300706,0
sz300707,0
sz300708,0
sz300709,0
sz300710,0
sz300711,0
sz300712,0
sz300713,0
sz300715,0
sz300716,0
sz300717,0
sz300718,0
sz300719,0
sz300720,0
sz300721,0
sz300722,0
sz300723,0
sz300724,0
sz300725,0
sz300726,0
sz300727,0
sz300729,0
sz300730,0
sz300731,0
sz300732,0
sz300733,0
sz300735,0
sz300736,0
sz300737,0
sz300738,0
sz300739,0
sz300740,0
sz300741,0
sz300743,0
sz300745,0
sz300746,0
sz300747,0
sz300748,0
sz300749,0
sz300750,0
sz300751,0
sz300752,0
sz300753,0
sz300755,0
sz300756,0
sz300757,0
sz300758,0
sz300759,0
sz300760,0
sz300761,0
sz300762,0
sz300763,0
sz300765,0
sz300766,0
sz300767,0
sz300768,0
sz300769,0
sz300770,0
sz300771,0
sz300772,0
sz300773,0
sz300774,0
sz300775,0
sz300776,0
sz300777,0
sz300778,0
sz300779,0
sz300780,0
sz300781,0
sz300782,0
sz300783,0
sz300785,0
sz300786,0
sz300787,0
sz300788,0
sz300789,0
sz300790,0
sz300791,0
sz300792,0
sz300793,0
sz300795,0
sz300796,0
sz300797,0
sz300798,0
sz300800,0
sz300801,0
sz300802,0
sz300803,0
sz300805,0
sz300806,0
sz300807,0
sz300808,0
sz300809,0
sz300810,0
sz300811,0
sz300812,0
sz300813,0
sz300814,0
sz300815,0
sz300816,0
sz300817,0
sz300818,0
sz300819,0
sz300820,0
sz300821,0
sz300822,0
sz300823,0
sz300824,0
sz300825,0
sz300826,0
sz300827,0
sz300828,0
sz300829,0
sz300830,0
sz300831,0
sz300832,0
sz300833,0
sz300834,0
sz300835,0
sz300836,0
sz300837,0
sz300838,0
sz300839,0
sz300840,0
sz300841,0
sz300842,0
sz300843,0
sz300844,0
sz300845,0
sz300846,0
sz300847,0
sz300848,0
sz300849,0
sz300850,0
sz300851,0
sz300852,0
sz300853,0
sz300854,0
sz300855,0
sz300856,0
sz300857,0
sz300858,0
sz300859,0
sz300860,0
sz300861,0
sz300862,0
sz300863,0
sz300864,0
sz300865,0
sz300866,0
sz300867,0
sz300868,0
sz300869,0
sz300870,0
sz300871,0
sz300872,0
sz300873,0
sz300875,0
sz300876,0
sz300877,0
sz300878,0
sz300879,0
sz300880,0
sz300881,0
sz300882,0
sz300883,0
sz300884,0
sz300885,0
sz300886,0
sz300887,0
sz300888,0
sz300889,0
sz300890,0
sz300891,0
sz300892,0
sz300894,0
sz300895,0
sz300896,0
sz300897,0
sz300898,0
sz300899,0
sz300900,0
sz300901,0
sz300902,0
sz300903,0
sz300905,0
sz300906,0
sz300907,0
sz300908,0
sz300909,0
sz300910,0
sz300911,0
sz300912,0
sz300913,0
sz300915,0
sz300916,0
sz300917,0
sz300918,0
sz300919,0
sz300920,0
sz300921,0
sz300922,0
sz300923,0
sz300925,0
sz300926,0
sz300927,0
sz300928,0
sz300929,0
sz300930,0
sz300931,0
sz300932,0
sz300933,0
sz300935,0
sz300936,0
sz300937,0
sz300938,0
sz300939,0
sz300940,0
sz300941,0
sz300942,0
sz300943,0
sz300945,0
sz300946,0
sz300947,0
sz300948,0
sz300949,0
sz300950,0
sz300951,0
sz300952,0
sz300953,0
sz300955,0
sz300956,0
sz300957,0
sz300958,0
sz300959,0
sz300960,0
sz300961,0
sz300962,0
sz300963,0
sz300964,0
sz300965,0
sz300966,0
sz300967,0
sz300968,0
sz300969,0
sz300970,0
sz300971,0
sz300972,0
sz300973,0
sz300975,0
sz300976,0
sz300977,0
sz300978,0
sz300979,0
sz300980,0
sz300981,0
sz300982,0
sz300983,0
sz300984,0
sz300985,0
sz300986,0
sz300987,0
sz300988,0
sz300989,0
sz300990,0
sz300991,0
sz300992,0
sz300993,0
sz300994,0
sz300995,0
sz300996,0
sz300997,0
sz300998,0
sz300999,0
sz301000,0
sz301001,0
sz301002,0
sz301003,0
sz301004,0
sz301005,0
sz301006,0
sz301007,0
sz301008,0
sz301009,0
sz301010,0
sz301011,0
sz301012,0
sz301013,0
sz301015,0
sz301016,0
sz301017,0
sz301018,0
sz301019,0
sz301020,0
sz301021,0
sz301022,0
sz301023,0
sz301024,0
sz301025,0
sz301026,0
sz301027,0
sz301028,0
sz301029,0
sz301030,0
sz301031,0
sz301032,0
sz301033,0
sz301035,0
sz301036,0
sz301037,0
sz301038,0
sz301039,0
sz301040,0
sz301041,0
sz301042,0
sz301043,0
sz301045,0
sz301046,0
sz301047,0
sz301048,0
sz301049,0
sz301050,0
sz301051,0
sz301052,0
sz301053,0
sz301055,0
sz301056,0
sz301057,0
sz301058,0
sz301059,0
sz301060,0
sz301061,0
sz301062,0
sz301063,0
sz301065,0
sz301066,0
sz301067,0
sz301068,0
sz301069,0
sz301070,0
sz301071,0
sz301072,0
sz301073,0
sz301075,0
sz301076,0
sz301077,0
sz301078,0
sz301079,0
sz301080,0
sz301081,0
sz301082,0
sz301083,0
sz301085,0
sz301086,0
sz301087,0
sz301088,0
sz301089,0
sz301090,0
sz301091,0
sz301092,0
sz301093,0
sz301095,0
sz301096,0
sz301097,0
sz301098,0
sz301099,0
sz301100,0
sz301101,0
sz301102,0
sz301103,0
sz301105,0
sz301106,0
sz301107,0
sz301108,0
sz301109,0
sz301110,0
sz301111,0
sz301112,0
sz301113,0
sz301115,0
sz301116,0
sz301117,0
sz301118,0
sz301119,0
sz301120,0
sz301121,0
sz301122,0
sz301123,0
sz301125,0
sz301126,0
sz301127,0
sz301128,0
sz301129,0
sz301130,0
sz301131,0
sz301132,0
sz301133,0
sz301135,0
sz301136,0
sz301137,0
sz301138,0
sz301139,0
sz301141,0
sz301148,0
sz301149,0
sz301150,0
sz301151,0
sz301152,0
sz301153,0
sz301155,0
sz301156,0
sz301157,0
sz301158,0
sz301159,0
sz301160,0
sz301161,0
sz301162,0
sz301163,0
sz301165,0
sz301166,0
sz301167,0
sz301168,0
sz301169,0
sz301171,0
sz301175,0
sz301176,0
sz301177,0
sz301178,0
sz301179,0
sz301180,0
sz301181,0
sz301182,0
sz301183,0
sz301185,0
sz301186,0
sz301187,0
sz301188,0
sz301189,0
sz301190,0
sz301191,0
sz301192,0
sz301193,0
sz301195,0
sz301196,0
sz301197,0
sz301198,0
sz301199,0
sz301200,0
sz301201,0
sz301203,0
sz301205,0
sz301206,0
sz301207,0
sz301208,0
sz301209,0
sz301211,0
sz301212,0
sz301213,0
sz301215,0
sz301216,0
sz301217,0
sz301218,0
sz301219,0
sz301220,0
sz301221,0
sz301222,0
sz301223,0
sz301226,0
sz301227,0
sz301228,0
sz301229,0
sz301230,0
sz301231,0
sz301233,0
sz301234,0
sz301235,0
sz301236,0
sz301237,0
sz301238,0
sz301239,0
sz301246,0
sz301248,0
sz301255,0
sz301256,0
sz301257,0
sz301258,0
sz301259,0
sz301260,0
sz301263,0
sz301265,0
sz301266,0
sz301267,0
sz301268,0
sz301269,0
sz301270,0
sz301273,0
sz301276,0
sz301277,0
sz301278,0
sz301279,0
sz301280,0
sz301281,0
sz301282,0
sz301283,0
sz301285,0
sz301286,0
sz301288,0
sz301289,0
sz301290,0
sz301293,0
sz301296,0
sz301297,0
sz301298,0
sz301299,0
sz301300,0
sz301301,0
sz301302,0
sz301303,0
sz301306,0
sz301307,0
sz301308,0
sz301309,0
sz301311,0
sz301312,0
sz301313,0
sz301314,0
sz301316,0
sz301317,0
sz301318,0
sz301319,0
sz301321,0
sz301322,0
sz301325,0
sz301326,0
sz301327,0
sz301328,0
sz301330,0
sz301331,0
sz301332,0
sz301333,0
sz301335,0
sz301336,0
sz301338,0
sz301339,0
sz301345,0
sz301349,0
sz301356,0
sz301357,0
sz301358,0
sz301359,0
sz301360,0
sz301361,0
sz301363,0
sz301365,0
sz301366,0
sz301367,0
sz301368,0
sz301369,0
sz301373,0
sz301377,0
sz301378,0
sz301379,0
sz301380,0
sz301382,0
sz301386,0
sz301387,0
sz301388,0
sz301389,0
sz301390,0
sz301391,0
sz301396,0
sz301398,0
sz301408,0
sz301419,0
sz301428,0
sz301429,0
sz301439,0
sz302132,0
sz399001,0
sz399002,0
sz399003,0
sz399006,0
sz399012,0
sz399016,0
sz399018,0
sz399019,0
sz399020,0
sz399100,0
sz399102,0
sz399106,0
sz399107,0
sz399108,0
sz399262,0
sz399269,0
sz399275,0
sz399276,0
sz399286,0
sz399293,0
sz399295,0
sz399296,0
sz399300,0
sz399303,0
sz399306,0
sz399319,0
sz399320,0
sz399321,0
sz399322,0
sz399324,0
sz399328,0
sz399330,0
sz399346,0
sz399348,0
sz399354,0
sz399355,0
sz399356,0
sz399357,0
sz399359,0
sz399360,0
sz399361,0
sz399362,0
sz399363,0
sz399364,0
sz399365,0
sz399366,0
sz399370,0
sz399371,0
sz399372,0
sz399373,0
sz399374,0
sz399375,0
sz399376,0
sz399377,0
sz399391,0
sz399438,0
sz399550,0
sz399608,0
sz399612,0
sz399673,0
sz399678,0
sz399699,0
sz399750,0
sz399850,0
sz399852,0
sz399903,0
sz399905,0
sz399974,0
