{
  "evaluation_time": "2025-08-12T09:40:59.113620",
  "stock_code": "sh000003",
  "current_price": 267.24,
  "grade": "A",
  "evaluation_details": {
    "entry_strategy": "参数化分批建仓",
    "target_price_1": 244.48,
    "target_price_2": 244.48,
    "position_allocation": "首次30%，回调后加仓20%",
    "discount_1": 0.08516689118395457,
    "discount_2": 0.08516689118395457,
    "stop_loss": {
      "conservative": 249.63,
      "moderate": 236.76,
      "aggressive": 236.76,
      "technical": 244.48
    },
    "take_profit": {
      "conservative": 277.94,
      "moderate": 308.82,
      "aggressive": 308.82
    }
  }
}