trade_idx,stock_code,t0_date,entry_price,day_idx,date,code,type,severity,day_high,day_low,day_close,current_stop,pnl_at_signal,level
0,bj920152,2025-02-21 00:00:00,18.92,2,2025-02-26,D4,danger,exit,21.18,19.49,19.62,17.4064,0.036997885835095,
2,bj920906,2025-02-21 00:00:00,25.0226961080058,3,2025-02-28,D4,danger,exit,27.41384192958764,24.030519418552757,24.060284719236346,23.020880419365337,-0.038461538461538436,
4,bj920790,2025-02-21 00:00:00,42.623089469547175,5,2025-03-10,D5,danger,reduce,45.12219529476049,43.363931117337685,43.94672654693289,39.2132423119834,0.031054461181923676,
5,bj920152,2025-02-24 00:00:00,20.4,1,2025-02-26,D4,danger,exit,21.18,19.49,19.62,18.768,-0.03823529411764692,
7,bj920978,2025-02-24 00:00:00,22.8396294209292,5,2025-03-10,D5,danger,reduce,23.89899946641059,23.09232319324586,23.646305694093925,21.012459067254863,0.03531914893616994,
7,bj920978,2025-02-24 00:00:00,22.8396294209292,5,2025-03-10,S2,strength,,23.89899946641059,23.09232319324586,23.646305694093925,23.646305694093925,0.03531914893616994,moderate
8,bj920407,2025-02-24 00:00:00,19.603038031177277,6,2025-03-11,D5,danger,reduce,21.90882718607542,20.85168797220185,21.533466160859444,18.03479498868309,0.09847596717467733,
8,bj920407,2025-02-24 00:00:00,19.603038031177277,6,2025-03-11,E1,exhaustion,reduce,21.90882718607542,20.85168797220185,21.533466160859444,21.533466160859444,0.09847596717467733,
9,bj920924,2025-02-24 00:00:00,36.90455079819935,3,2025-02-28,D4,danger,exit,34.77064810411271,31.789167237141186,32.088312474629966,33.95218673434341,-0.1305052688462579,
10,bj920184,2025-02-24 00:00:00,14.483396880415944,4,2025-03-07,E1,exhaustion,reduce,16.45615251299827,15.514384748700175,15.891091854419413,13.32472512998267,0.09719370294318974,
11,bj920415,2025-02-24 00:00:00,20.98060802302051,2,2025-02-27,D4,danger,exit,21.090037462685384,19.69729913967786,20.393668301181624,19.302159381178868,-0.027975343764817362,
12,bj920895,2025-02-24 00:00:00,16.27,7,2025-03-07,D5,danger,reduce,18.25,17.32,17.55,14.9684,0.07867240319606639,
12,bj920895,2025-02-24 00:00:00,16.27,7,2025-03-07,E1,exhaustion,reduce,18.25,17.32,17.55,17.55,0.07867240319606639,
13,bj920146,2025-02-25 00:00:00,8.76,7,2025-03-12,S1,strength,,10.16,9.46,9.94,8.0592,0.13470319634703198,strong
13,bj920146,2025-02-25 00:00:00,8.76,9,2025-03-14,S1,strength,,10.82,9.53,10.42,9.08211338733346,0.1894977168949772,strong
14,bj920273,2025-02-25 00:00:00,18.836449483034368,4,2025-03-10,E1,exhaustion,reduce,19.646396042944332,18.829526862864196,19.217193592393755,17.329533524391618,0.020213156927600284,
15,bj920010,2025-02-25 00:00:00,11.891678655105324,1,2025-02-28,D4,danger,exit,12.62745141470214,10.738305140061664,10.768133765450722,10.940344362696898,-0.09448160535117067,
16,bj920837,2025-02-25 00:00:00,14.303707871554607,1,2025-02-28,D4,danger,exit,14.332780448529313,13.150495651557998,13.179568228532702,13.159411241830242,-0.07859078590785895,
19,bj920454,2025-02-25 00:00:00,16.682717555485297,1,2025-02-28,D4,danger,exit,17.113491952457924,15.253329783712497,15.370813710159576,15.348100151046474,-0.07863849765258213,
20,bj920834,2025-02-25 00:00:00,10.101604722124478,1,2025-03-06,D4,danger,exit,10.227270618189186,9.685940604371988,9.9372723965014,9.343269633249662,-0.016267942583731987,
21,bj920570,2025-02-25 00:00:00,34.4578540577404,4,2025-03-10,E1,exhaustion,reduce,38.63923619004319,36.90681973175721,37.659649920436465,31.701225733121166,0.0929191892603316,
22,bj920152,2025-02-26 00:00:00,20.81,5,2025-03-10,D5,danger,reduce,21.48,20.22,20.73,19.1452,-0.003844305622296873,
25,bj920092,2025-02-27 00:00:00,49.961633605600944,5,2025-03-10,D5,danger,reduce,54.37647607934656,51.839439906651116,53.387631271878654,45.96470291715287,0.06857257097161118,
26,bj920839,2025-02-27 00:00:00,25.61593552101324,5,2025-03-10,D5,danger,reduce,29.262682786413357,26.670535405872194,27.390028785261944,23.56666067933218,0.06925740669488278,
31,bj920651,2025-03-04 00:00:00,27.29460304527596,7,2025-03-18,S1,strength,,35.426120202514426,30.32733671697329,33.2179109978098,25.111034801653883,0.21701388888888884,strong
34,bj920006,2025-03-05 00:00:00,32.252239008870106,2,2025-03-13,E1,exhaustion,reduce,35.24317307460767,31.90329670120072,34.1863763713804,29.672059888160497,0.0599690880989181,
39,bj920089,2025-03-07 00:00:00,12.489517433938529,5,2025-03-21,D2,danger,exit,12.018787901473978,11.43417219180026,11.472134250869981,11.490356039223448,-0.08145896656534946,
40,bj920870,2025-03-07 00:00:00,21.36221903560795,5,2025-03-20,D4,danger,exit,21.36221903560795,19.367226781704666,19.386979180258162,19.653241512759315,-0.09246417013407304,
41,bj920374,2025-03-07 00:00:00,39.64126188665685,4,2025-03-20,D4,danger,exit,39.2227266932834,36.063782495679014,36.063782495679014,36.4699609357243,-0.09024635495223743,
43,bj920001,2025-03-11 00:00:00,24.88556614774417,5,2025-03-21,D4,danger,exit,22.992637778879523,20.812301437778878,21.575419157164102,22.89472085592464,-0.13301473516527285,
44,bj920263,2025-03-11 00:00:00,14.76,3,2025-03-19,D4,danger,exit,15.0,13.98,14.0,13.5792,-0.051490514905149,
45,bj920553,2025-03-13 00:00:00,12.713543155524096,1,2025-03-17,D4,danger,exit,13.245737985290221,12.26019200424184,12.27990292386281,11.69645970308217,-0.03410852713178292,
46,bj920943,2025-03-13 00:00:00,22.799747807017543,3,2025-03-19,D4,danger,exit,24.256315789473685,21.016195175438597,21.303545321637426,20.975767982456144,-0.06562364189482828,
47,bj920634,2025-03-14 00:00:00,31.21565772852292,2,2025-03-20,D4,danger,exit,31.70123462652216,27.776980512079284,27.895897303426036,28.71840511024109,-0.10634920634920642,
48,bj920026,2025-03-14 00:00:00,20.80033597395881,1,2025-03-24,D4,danger,exit,20.955299533534525,18.77876590131195,19.849423222016906,19.136309096042105,-0.04571622079241455,
51,bj920000,2025-03-14 00:00:00,25.029771829228867,4,2025-03-28,D4,danger,exit,24.604700664672453,23.01315514156588,23.03292589340571,23.02739008289056,-0.07977883096366511,
52,bj920541,2025-03-17 00:00:00,14.60462856651665,5,2025-03-31,D2,danger,exit,14.224908223787216,13.494676795461384,13.669932338259583,13.436258281195318,-0.06400000000000006,
54,bj920221,2025-03-17 00:00:00,16.147471264367816,3,2025-03-27,E1,exhaustion,reduce,17.096360153256704,16.360153256704983,16.752796934865902,14.85567356321839,0.037487335359675855,
55,bj920871,2025-03-17 00:00:00,14.777385215190051,3,2025-03-28,D4,danger,exit,15.564922511089401,14.299553597453368,14.299553597453368,13.595194397974849,-0.03233532934131733,
58,bj920519,2025-03-17 00:00:00,12.993334777528323,3,2025-03-28,D4,danger,exit,12.8954196699358,11.91626859401053,11.91626859401053,11.95386799532606,-0.08289374529012783,
59,bj920873,2025-03-17 00:00:00,5.62,5,2025-03-31,D4,danger,exit,5.51,5.17,5.2,5.1704,-0.07473309608540923,
60,bj920634,2025-03-18 00:00:00,30.918365750156035,1,2025-03-20,D4,danger,exit,31.70123462652216,27.776980512079284,27.895897303426036,28.444896490143552,-0.09775641025641035,
65,bj920300,2025-03-18 00:00:00,16.1,5,2025-03-31,D5,danger,reduce,17.39,15.66,16.56,14.812,0.02857142857142847,
66,bj920873,2025-03-18 00:00:00,5.62,5,2025-03-31,D4,danger,exit,5.51,5.17,5.2,5.1704,-0.07473309608540923,
68,bj920260,2025-03-18 00:00:00,12.814650207722678,3,2025-03-28,D4,danger,exit,12.968811413229117,11.783697145898373,12.14019493363201,11.789478191104864,-0.052631578947368474,
69,bj920802,2025-03-18 00:00:00,15.311969035711044,7,2025-04-03,S2,strength,,15.694004191292656,15.1591549734784,15.625237863287966,14.08701151285416,0.020459081836327275,moderate
70,bj920768,2025-03-18 00:00:00,7.02369633761824,1,2025-03-26,D4,danger,exit,7.164734416686879,6.734568275527529,6.840346834829008,6.461800630608781,-0.026104417670682833,
71,bj920405,2025-03-19 00:00:00,20.37620865264425,4,2025-03-28,D4,danger,exit,20.912947807396836,19.730133744145782,19.730133744145782,18.74611196043272,-0.03170731707317043,
73,bj920547,2025-03-19 00:00:00,21.848797250859107,5,2025-03-31,D4,danger,exit,21.848797250859107,19.79302405498282,20.031374570446737,20.10089347079038,-0.08318181818181813,
75,bj920981,2025-03-19 00:00:00,37.09833121988334,2,2025-03-26,D4,danger,exit,38.66235861019529,36.660005072279986,36.739700735480604,34.13046472229268,-0.009667024704618665,
77,bj920651,2025-03-19 00:00:00,26.56485150552379,8,2025-04-02,D5,danger,reduce,28.13808209771678,27.171398239863258,27.351466801620283,24.43966338508189,0.02961113093114509,
78,bj920471,2025-03-19 00:00:00,16.494420370330964,6,2025-03-31,D4,danger,exit,16.464825118470326,15.192229288462732,15.320475379858845,15.174866740704488,-0.07117224880382766,
80,bj920405,2025-03-20 00:00:00,20.37620865264425,4,2025-03-28,D4,danger,exit,20.912947807396836,19.730133744145782,19.730133744145782,18.74611196043272,-0.03170731707317043,
81,sz301255,2025-03-20 00:00:00,34.6570021111893,1,2025-03-28,D4,danger,exit,36.36284306826178,31.408796622097114,31.486980999296268,31.88444194229416,-0.0914684167350287,
83,sz300753,2025-03-20 00:00:00,22.77442579745825,1,2025-03-28,D4,danger,exit,23.063593200315644,21.936837458147178,22.006636486423098,20.95247173366159,-0.0337127845884414,
84,bj920553,2025-03-21 00:00:00,10.446787399112823,5,2025-03-31,D4,danger,exit,10.436931939302339,9.313409520907186,9.53022963673783,9.611044407183796,-0.0877358490566037,
85,bj920427,2025-03-21 00:00:00,14.767325330194488,1,2025-03-25,D4,danger,exit,15.024664779648278,14.23285108902123,14.727734645663135,13.585939303778927,-0.002680965147453085,
88,sz300198,2025-03-21 00:00:00,2.72,1,2025-03-27,D4,danger,exit,3.04,2.68,2.69,2.5024,-0.011029411764705954,
89,sz300084,2025-03-21 00:00:00,9.59,1,2025-03-25,D4,danger,exit,10.13,8.88,9.05,8.8228,-0.056308654848800765,
90,bj920819,2025-03-21 00:00:00,4.01,1,2025-03-25,D4,danger,exit,4.02,3.89,3.96,3.7486822974057543,-0.012468827930174564,
92,bj920547,2025-03-24 00:00:00,20.488213058419245,1,2025-04-02,D4,danger,exit,21.30257731958763,20.408762886597938,20.855670103092784,18.849156013745706,0.017935046049442516,
93,bj920682,2025-03-24 00:00:00,8.012902882578452,2,2025-03-27,D4,danger,exit,8.701250669822471,8.032951847255461,8.086415753060821,7.371870651972176,0.009174311926605228,
94,bj920299,2025-03-24 00:00:00,16.578039628319658,2,2025-04-02,E1,exhaustion,reduce,17.78335597793527,16.785512114728903,17.012743885558073,15.251796458054086,0.026221692491060544,
95,bj920006,2025-03-24 00:00:00,28.02505219596101,4,2025-04-07,D4,danger,exit,27.795747250921128,22.93049450398802,24.00723076765354,25.783048020284127,-0.14336535040910725,
96,bj920533,2025-03-24 00:00:00,36.77249341197138,4,2025-04-07,D4,danger,exit,33.30208934621658,25.281089220730326,26.50683900112937,33.83069393901367,-0.2791666666666667,
98,bj920471,2025-03-24 00:00:00,18.11229413871271,1,2025-03-28,D4,danger,exit,18.497032412901053,16.80023797289093,16.80023797289093,16.663310607615692,-0.07244008714596939,
99,bj920876,2025-03-24 00:00:00,28.504986876640416,1,2025-03-28,D4,danger,exit,28.814173228346455,27.118635170603675,27.118635170603675,26.224587926509184,-0.04863540937718669,
100,sz002052,2025-03-25 00:00:00,6.25,1,2025-03-31,E1,exhaustion,reduce,6.65,6.13,6.28,5.75,0.0048000000000001375,
101,bj920781,2025-03-25 00:00:00,9.947221805955794,3,2025-04-07,D4,danger,exit,10.410094353495706,8.776426538648952,9.175767560055936,9.15144406147933,-0.07755474452554756,
102,bj920304,2025-03-25 00:00:00,14.679883412590607,3,2025-04-07,D4,danger,exit,14.067411455641464,10.936999231234726,11.617523627844886,13.50549273958336,-0.20860927152317876,
103,bj920225,2025-03-25 00:00:00,15.332685229022845,1,2025-04-02,E1,exhaustion,reduce,15.638549606178385,15.184686336850811,15.322818636211377,14.106070410701015,-0.0006435006435006052,
104,bj920576,2025-03-25 00:00:00,33.80526918671248,1,2025-03-27,D4,danger,exit,34.49131729667812,31.995693012600224,32.015578465063,31.10084765177548,-0.05294117647058805,
105,bj920694,2025-03-25 00:00:00,15.883680265493457,1,2025-04-02,D4,danger,exit,16.04789124568183,15.52540176326428,15.607507253358467,14.61298584425398,-0.017387218045112784,
106,bj920299,2025-03-25 00:00:00,17.081901381027823,1,2025-04-02,E1,exhaustion,reduce,17.78335597793527,16.785512114728903,17.012743885558073,15.715349270545598,-0.004048582995951455,
107,sz002052,2025-03-26 00:00:00,6.25,1,2025-03-31,E1,exhaustion,reduce,6.65,6.13,6.28,5.75,0.0048000000000001375,
108,bj920576,2025-03-26 00:00:00,31.249988545246275,5,2025-04-09,S1,strength,,40.655807560137454,34.11349369988545,38.11046964490263,28.749989461626573,0.21953547566019727,strong
110,sz002342,2025-03-26 00:00:00,6.316608229056135,1,2025-03-31,D4,danger,exit,6.346592128877603,5.986785331019975,5.986785331019975,5.811279570731644,-0.05221518987341789,
111,bj920304,2025-03-26 00:00:00,14.679883412590607,3,2025-04-07,D4,danger,exit,14.067411455641464,10.936999231234726,11.617523627844886,13.50549273958336,-0.20860927152317876,
112,bj920957,2025-03-26 00:00:00,14.89291450777202,1,2025-04-02,D4,danger,exit,14.982331606217617,13.790103626943006,14.108031088082901,13.70148134715026,-0.05270180120080048,
113,bj920834,2025-03-27 00:00:00,10.55593526943534,3,2025-04-07,D4,danger,exit,10.62360152116249,8.07161717030999,8.777279509750265,9.711460447880514,-0.16849816849816834,
114,bj920489,2025-03-27 00:00:00,23.934223368207665,1,2025-04-02,D4,danger,exit,24.479987168063147,22.505314510404222,22.763311943063176,22.01948549875105,-0.04892205638474301,
115,bj920304,2025-03-27 00:00:00,14.679883412590607,1,2025-04-02,D4,danger,exit,14.952093171234674,14.281290551718943,14.553500310363008,13.50549273958336,-0.008609271523178696,
116,bj920957,2025-03-27 00:00:00,14.89291450777202,1,2025-04-02,D4,danger,exit,14.982331606217617,13.790103626943006,14.108031088082901,13.70148134715026,-0.05270180120080048,
118,bj920171,2025-03-27 00:00:00,28.44,3,2025-04-10,E1,exhaustion,reduce,32.6,29.7,31.2,26.164800000000003,0.09704641350210963,
122,bj920489,2025-03-28 00:00:00,23.934223368207665,1,2025-04-02,D4,danger,exit,24.479987168063147,22.505314510404222,22.763311943063176,22.01948549875105,-0.04892205638474301,
123,bj920834,2025-03-28 00:00:00,10.55593526943534,3,2025-04-07,D4,danger,exit,10.62360152116249,8.07161717030999,8.777279509750265,9.711460447880514,-0.16849816849816834,
124,sh600589,2025-03-28 00:00:00,7.26,1,2025-04-02,E1,exhaustion,reduce,7.58,7.2,7.25,6.6792,-0.0013774104683195176,
125,sz300167,2025-03-28 00:00:00,3.48,6,2025-04-16,D2,danger,exit,3.59,3.41,3.46,3.2016,-0.005747126436781658,
130,bj920002,2025-03-31 00:00:00,72.04305213254185,6,2025-04-16,D5,danger,reduce,115.84807297081939,107.25676118265802,111.66165019527534,66.2796079619385,0.5499294781382225,
131,sh688393,2025-03-31 00:00:00,30.731663107442778,6,2025-04-17,D5,danger,reduce,30.20608126017125,29.254083951905837,29.353250338183486,28.27313005884736,-0.044853178444659525,
132,sh600289,2025-03-31 00:00:00,6.93,1,2025-04-02,D4,danger,exit,6.93,6.93,6.93,6.3756,0.0,
133,bj920130,2025-03-31 00:00:00,31.3,1,2025-04-07,D4,danger,exit,32.32,25.2,26.96,28.796000000000003,-0.13865814696485623,
134,bj920682,2025-03-31 00:00:00,7.043869589856286,6,2025-04-16,S1,strength,,10.024482338505152,8.433931140795668,9.115595939814018,6.480360022667784,0.2941176470588236,strong
135,bj920299,2025-03-31 00:00:00,16.192733582131062,1,2025-04-07,D4,danger,exit,17.081901381027823,12.873173799583142,14.23656442455818,14.897314895560578,-0.12080536912751694,
136,sz300718,2025-03-31 00:00:00,74.1581018563589,6,2025-04-17,D5,danger,reduce,76.22025228231112,73.52359403298898,74.09861674791797,68.22545370785019,-0.0008021390374330917,
136,sz300718,2025-03-31 00:00:00,74.1581018563589,6,2025-04-17,S2,strength,,76.22025228231112,73.52359403298898,74.09861674791797,74.09861674791797,-0.0008021390374330917,moderate
137,bj920834,2025-03-31 00:00:00,10.55593526943534,3,2025-04-07,D4,danger,exit,10.62360152116249,8.07161717030999,8.777279509750265,9.711460447880514,-0.16849816849816834,
139,bj920639,2025-04-01 00:00:00,7.21,9,2025-04-21,D5,danger,reduce,9.63,9.32,9.6,6.6332,0.3314840499306517,
139,bj920639,2025-04-01 00:00:00,7.21,9,2025-04-21,E1,exhaustion,reduce,9.63,9.32,9.6,9.6,0.3314840499306517,
140,sh603353,2025-04-01 00:00:00,13.92998764480539,4,2025-04-16,E1,exhaustion,reduce,14.9179300309618,14.236249784513877,14.433838261745159,12.81558863322096,0.03617021276595733,
142,sz300871,2025-04-01 00:00:00,25.75870347046476,5,2025-04-17,D2,danger,exit,25.42172928116279,23.826057384762322,23.885523418168553,23.69800719282757,-0.0727202770296268,
143,bj920810,2025-04-01 00:00:00,11.285714285714286,7,2025-04-18,S2,strength,,12.135714285714284,11.357142857142858,11.950000000000001,10.382857142857144,0.05886075949367098,moderate
144,bj920682,2025-04-01 00:00:00,8.293588388056596,2,2025-04-07,D4,danger,exit,8.139879658866183,6.535962484705358,6.836696954860514,7.630101317012069,-0.17566478646253025,
145,sh688776,2025-04-01 00:00:00,74.5,10,2025-04-23,E1,exhaustion,reduce,83.4,79.03,80.9,68.54,0.08590604026845639,
148,sz001333,2025-04-01 00:00:00,19.157059119978825,7,2025-04-21,S2,strength,,20.98434783603834,20.493141191936317,20.98434783603834,17.624494390380516,0.09538461538461518,moderate
149,bj920367,2025-04-01 00:00:00,25.77528998619545,2,2025-04-07,D4,danger,exit,24.860426298413817,19.411020853801507,20.097168619637728,23.71326678729981,-0.22029320987654344,
151,sh605208,2025-04-02 00:00:00,9.382234607706188,1,2025-04-08,D4,danger,exit,9.382234607706188,9.382234607706188,9.382234607706188,8.631655839089694,0.0,
153,sz300871,2025-04-02 00:00:00,25.75870347046476,5,2025-04-17,D2,danger,exit,25.42172928116279,23.826057384762322,23.885523418168553,23.69800719282757,-0.0727202770296268,
154,bj920735,2025-04-02 00:00:00,23.72781790144426,5,2025-04-15,S1,strength,,31.190216631448482,27.198011269530486,31.02412190613837,21.82959246932872,0.3074999999999999,strong
155,sz300100,2025-04-02 00:00:00,42.36061528511561,1,2025-04-08,D4,danger,exit,43.01384636225785,36.353729510524964,37.81639909629999,38.97176606230636,-0.1072745558162923,
156,sh603985,2025-04-02 00:00:00,16.110593735725715,5,2025-04-16,S2,strength,,16.699154126071114,15.901106139162101,16.330056932125697,14.82174623686766,0.013622291021672117,moderate
158,bj920284,2025-04-02 00:00:00,21.32,1,2025-04-10,E1,exhaustion,reduce,22.69,21.0,21.28,19.6144,-0.0018761726078798668,
159,bj920263,2025-04-02 00:00:00,10.5,7,2025-04-17,S2,strength,,12.8,12.21,12.68,9.66,0.2076190476190476,moderate
163,sh603119,2025-04-02 00:00:00,21.69522641180948,2,2025-04-10,E1,exhaustion,reduce,27.147669797248398,25.406553422066224,26.46038701757122,19.959608298864723,0.21964097148891226,
164,sz300233,2025-04-02 00:00:00,16.144608205134737,6,2025-04-17,S2,strength,,15.82230205221916,15.509762752422239,15.7930014928632,14.85303954872396,-0.021778584392014633,moderate
166,sz300871,2025-04-03 00:00:00,25.75870347046476,5,2025-04-17,D2,danger,exit,25.42172928116279,23.826057384762322,23.885523418168553,23.69800719282757,-0.0727202770296268,
169,bj920299,2025-04-03 00:00:00,16.182853939921095,12,2025-04-25,S1,strength,,24.303919836511536,18.820718409981495,22.01184284379988,14.888225624727408,0.36019536019536025,strong
173,bj920230,2025-04-07 00:00:00,17.59650031497165,13,2025-04-28,D4,danger,exit,17.267235948764608,15.475425211730942,15.551998320151183,16.18878028977392,-0.11618798955613585,
177,bj920230,2025-04-08 00:00:00,17.59650031497165,5,2025-04-16,D4,danger,exit,17.550556449919505,16.310072093511582,16.639336459718624,16.18878028977392,-0.05439512619669262,
181,bj920639,2025-04-08 00:00:00,8.43,8,2025-04-21,D5,danger,reduce,9.63,9.32,9.6,7.7556,0.1387900355871885,
181,bj920639,2025-04-08 00:00:00,8.43,8,2025-04-21,E1,exhaustion,reduce,9.63,9.32,9.6,9.6,0.1387900355871885,
182,bj920508,2025-04-08 00:00:00,24.52342237708092,10,2025-04-23,D5,danger,reduce,27.174603174603174,26.346109175377467,26.76035617499032,22.561548586914444,0.091216216216216,
183,bj920570,2025-04-08 00:00:00,33.95899067969993,6,2025-04-17,S2,strength,,35.26510570584224,33.92270970675153,34.47599454421459,31.24227142532394,0.015224358974359031,moderate
184,bj920706,2025-04-09 00:00:00,18.61761094995055,3,2025-04-21,E1,exhaustion,reduce,19.512593832383462,18.588106019760453,19.0011750424218,17.128202073954505,0.020602218700475516,
185,bj920230,2025-04-09 00:00:00,17.458668719815215,1,2025-04-16,D4,danger,exit,17.550556449919505,16.310072093511582,16.639336459718624,16.06197522223,-0.04692982456140349,
186,bj920639,2025-04-09 00:00:00,9.02,1,2025-04-15,D4,danger,exit,9.05,8.56,8.84,8.298399999999999,-0.019955654101995512,
187,bj920608,2025-04-09 00:00:00,19.70333652007648,5,2025-04-24,D4,danger,exit,19.654053537284895,17.939005736137666,18.155850860420653,18.127069598470364,-0.07853926963481717,
188,bj920953,2025-04-09 00:00:00,33.80342506186326,5,2025-04-17,D5,danger,reduce,36.83505855162194,35.2124941486525,35.248076701349206,31.0991510569142,0.042736842105263184,
189,bj920026,2025-04-10 00:00:00,23.8432567801729,1,2025-04-14,D4,danger,exit,24.58285558723882,20.539715441945102,20.694679001520818,21.93579623775907,-0.13205317577548026,
190,bj920765,2025-04-10 00:00:00,18.09409940964688,1,2025-04-15,E1,exhaustion,reduce,18.659304514071497,17.574110713576225,18.08656334158788,16.646571456875126,-0.00041649312786362636,
192,bj920639,2025-04-10 00:00:00,9.02,1,2025-04-15,D4,danger,exit,9.05,8.56,8.84,8.298399999999999,-0.019955654101995512,
193,bj920706,2025-04-10 00:00:00,18.61761094995055,3,2025-04-21,E1,exhaustion,reduce,19.512593832383462,18.588106019760453,19.0011750424218,17.128202073954505,0.020602218700475516,
194,bj920230,2025-04-10 00:00:00,17.458668719815215,1,2025-04-16,D4,danger,exit,17.550556449919505,16.310072093511582,16.639336459718624,16.06197522223,-0.04692982456140349,
196,bj920663,2025-04-10 00:00:00,17.539805730494923,5,2025-04-18,S1,strength,,19.747869939980063,18.33206797177198,19.285716965901777,16.13662127205533,0.09953994144709322,strong
196,bj920663,2025-04-10 00:00:00,17.539805730494923,8,2025-04-23,S1,strength,,20.950934824882264,19.461775241741126,19.9092566928328,17.304933528422236,0.13508992053534086,strong
196,bj920663,2025-04-10 00:00:00,17.539805730494923,11,2025-04-28,D2,danger,exit,19.777212985953287,18.37608254073182,18.90425736824986,18.43464079839138,0.07779171894604753,
197,bj920608,2025-04-10 00:00:00,19.70333652007648,5,2025-04-24,D4,danger,exit,19.654053537284895,17.939005736137666,18.155850860420653,18.127069598470364,-0.07853926963481717,
198,bj920856,2025-04-10 00:00:00,20.113767410957927,4,2025-04-17,D2,danger,exit,22.111764705882347,20.702463042498156,20.943293073582797,18.50466601808129,0.041241685144124185,
199,bj920953,2025-04-10 00:00:00,34.8709016427642,5,2025-04-18,D5,danger,reduce,35.924145202586466,34.44391101040382,35.36905738051798,32.08122951134307,0.014285714285714457,
199,bj920953,2025-04-10 00:00:00,34.8709016427642,5,2025-04-18,E1,exhaustion,reduce,35.924145202586466,34.44391101040382,35.36905738051798,35.36905738051798,0.014285714285714457,
200,bj920249,2025-04-11 00:00:00,15.24,1,2025-04-15,D4,danger,exit,15.44,14.73,14.89,14.0208,-0.02296587926509186,
201,bj920706,2025-04-11 00:00:00,18.61761094995055,3,2025-04-21,E1,exhaustion,reduce,19.512593832383462,18.588106019760453,19.0011750424218,17.128202073954505,0.020602218700475516,
202,bj920445,2025-04-11 00:00:00,9.743579347761989,6,2025-04-23,D2,danger,exit,9.928707355369463,9.499989864067937,9.607169236893318,8.964092999941029,-0.014000000000000234,
203,bj920837,2025-04-11 00:00:00,16.241879669868243,1,2025-04-16,D4,danger,exit,16.542296298606853,15.573210399450039,15.951153900121197,14.942529296278783,-0.017899761336515607,
204,bj920427,2025-04-11 00:00:00,14.034897666364463,1,2025-04-15,D4,danger,exit,14.23285108902123,13.421242056128502,13.559809451988235,12.912105853055309,-0.033850493653032276,
205,bj920570,2025-04-11 00:00:00,35.60070470561491,1,2025-04-16,D4,danger,exit,36.26283246192316,34.01341213912253,34.530416003637185,32.75264832916572,-0.030063694267515984,
207,bj920371,2025-04-11 00:00:00,14.527303182579566,1,2025-04-18,D4,danger,exit,14.775209380234505,12.81179229480737,12.891122278056951,13.3651189279732,-0.11262798634812299,
209,bj920445,2025-04-14 00:00:00,10.912808869493425,1,2025-04-21,D4,danger,exit,11.03947540101433,10.143066101020228,10.298963370584419,10.03978415993395,-0.05625000000000013,
210,bj920857,2025-04-14 00:00:00,17.924097924427883,2,2025-04-22,D4,danger,exit,17.93404470463012,17.317344332091537,17.357131452900475,16.490170090473654,-0.03163152053274143,
211,bj920706,2025-04-14 00:00:00,18.61761094995055,3,2025-04-21,E1,exhaustion,reduce,19.512593832383462,18.588106019760453,19.0011750424218,17.128202073954505,0.020602218700475516,
212,bj920753,2025-04-14 00:00:00,27.43245598677259,1,2025-04-22,D4,danger,exit,28.024802824009097,27.092584850653285,27.092584850653285,25.237859507830784,-0.012389380530973493,
213,bj920564,2025-04-14 00:00:00,15.912666612674528,5,2025-04-22,D5,danger,reduce,16.75672979821639,15.829644004260572,16.078711829502435,14.639653283660566,0.01043478260869568,
214,sh603709,2025-04-14 00:00:00,11.18,2,2025-04-23,S3,strength,,11.68,11.2,11.39,10.2856,0.01878354203935606,moderate
215,bj920346,2025-04-14 00:00:00,26.352756123577187,1,2025-04-17,E1,exhaustion,reduce,26.609567090298707,25.97741701836882,26.382388158198903,24.24453563369101,0.0011244377811094886,
218,bj920634,2025-04-14 00:00:00,29.44181559093384,3,2025-04-24,D2,danger,exit,29.60037131272951,26.67700019212181,26.776097518244104,27.086470343659133,-0.09054190508246385,
219,bj920533,2025-04-15 00:00:00,38.84094616639477,1,2025-04-22,D4,danger,exit,39.28528046178943,37.50794328021081,37.53092608859329,35.733670473083194,-0.03372781065088759,
220,bj920002,2025-04-15 00:00:00,109.73609894293168,1,2025-04-17,D4,danger,exit,113.2976066682428,107.71401609746258,109.01973290973785,100.95721102749717,-0.006528080003703862,
221,bj920026,2025-04-15 00:00:00,18.94781705721273,2,2025-04-22,D4,danger,exit,19.201393791063907,18.278656231772132,18.35613801155999,17.431991692635712,-0.03122676579925654,
222,bj920075,2025-04-15 00:00:00,27.481210234784555,2,2025-04-18,E1,exhaustion,reduce,28.97454346560912,27.743028398630422,28.27636169535348,25.28271341600179,0.028934368383909614,
223,bj920245,2025-04-15 00:00:00,24.44162120740005,1,2025-04-22,D4,danger,exit,25.005116797196017,23.807688668879585,23.913344091966334,22.486291510808048,-0.02161383285302587,
224,bj920627,2025-04-15 00:00:00,26.933958648546582,4,2025-04-24,D4,danger,exit,28.79113057600905,26.129515193335568,26.298349004923065,24.779241956662855,-0.02359882005899705,
225,bj920957,2025-04-15 00:00:00,14.376282383419689,2,2025-04-22,D4,danger,exit,14.793562176165803,13.949067357512952,13.949067357512952,13.226179792746114,-0.02971665514858335,
226,bj920779,2025-04-15 00:00:00,48.59890815959741,2,2025-04-24,D4,danger,exit,48.12216211358734,43.938472322070446,44.90169392523364,44.71099550682962,-0.07607607607607614,
227,bj920239,2025-04-15 00:00:00,29.80451116699289,6,2025-04-25,D5,danger,reduce,31.057971917006615,30.04127597532882,30.500878250333844,27.42015027363346,0.02336448598130847,
228,bj920346,2025-04-15 00:00:00,26.352756123577187,1,2025-04-17,E1,exhaustion,reduce,26.609567090298707,25.97741701836882,26.382388158198903,24.24453563369101,0.0011244377811094886,
229,bj920726,2025-04-16 00:00:00,23.6860879497931,1,2025-04-25,D4,danger,exit,23.963581867196538,22.774322221181823,22.774322221181823,21.791200913809654,-0.03849372384937222,
230,sz002693,2025-04-16 00:00:00,9.48,2,2025-04-28,D4,danger,exit,9.48,8.53,8.53,8.7216,-0.10021097046413507,
231,bj920639,2025-04-16 00:00:00,9.08,2,2025-04-21,E1,exhaustion,reduce,9.63,9.32,9.6,8.3536,0.05726872246696035,
232,bj920826,2025-04-16 00:00:00,14.716372281546407,2,2025-04-23,D4,danger,exit,14.431665946546511,13.626634240684734,13.685538999650229,13.539062499022696,-0.07004669779853234,
233,bj920445,2025-04-16 00:00:00,10.912808869493425,1,2025-04-21,D4,danger,exit,11.03947540101433,10.143066101020228,10.298963370584419,10.03978415993395,-0.05625000000000013,
234,bj920564,2025-04-16 00:00:00,15.912666612674528,1,2025-04-24,D4,danger,exit,16.23783849562918,15.040929224328009,15.047847775029172,14.639653283660566,-0.05434782608695654,
235,bj920779,2025-04-16 00:00:00,44.8977429575683,5,2025-04-25,D2,danger,exit,45.24222681524083,43.28659507548526,43.34497214234363,41.30592352096284,-0.03458460744211911,
236,bj920799,2025-04-16 00:00:00,63.39441516271419,3,2025-04-24,D2,danger,exit,61.274664405710936,57.12431128802699,57.15402742013451,58.32286194969706,-0.09843749999999996,
237,bj920765,2025-04-17 00:00:00,17.348028671806375,1,2025-04-23,D4,danger,exit,17.619327121930194,16.760215363204768,16.82050390767673,15.960186378061866,-0.03040834057341435,
238,bj920261,2025-04-17 00:00:00,13.22741547826682,5,2025-04-25,D2,danger,exit,13.684847713826477,12.960580007523681,13.227415478266819,12.169222240005476,-1.1102230246251565e-16,
239,bj920526,2025-04-17 00:00:00,30.38179335457442,3,2025-04-23,D4,danger,exit,30.620081929904412,29.756285844333178,29.825786678804427,27.95124988620847,-0.0183006535947714,
241,bj920378,2025-04-17 00:00:00,13.382813149583905,2,2025-04-22,D4,danger,exit,13.80439627444259,13.000447059595793,13.029859835748724,12.312188097617192,-0.026373626373626502,
242,bj920046,2025-04-17 00:00:00,18.35845984134239,2,2025-04-29,D4,danger,exit,17.356187168923157,15.728734512717669,16.076056725932254,16.889783054035,-0.12432432432432439,
243,bj920826,2025-04-17 00:00:00,14.716372281546407,2,2025-04-23,D4,danger,exit,14.431665946546511,13.626634240684734,13.685538999650229,13.539062499022696,-0.07004669779853234,
245,bj920026,2025-04-18 00:00:00,19.194349992901373,1,2025-04-22,D4,danger,exit,19.201393791063907,18.278656231772132,18.35613801155999,17.658801993469265,-0.04366972477064224,
246,bj920924,2025-04-18 00:00:00,30.19372597053436,3,2025-04-24,D4,danger,exit,29.575492479724204,27.31196018272576,27.471504309386443,27.778227892891607,-0.0901585204755615,
247,bj920570,2025-04-18 00:00:00,36.29004319163446,1,2025-04-22,D4,danger,exit,36.797976812912026,35.44651057058422,35.44651057058422,33.386839736303706,-0.023244188952761702,
248,sz002693,2025-04-18 00:00:00,9.48,2,2025-04-28,D4,danger,exit,9.48,8.53,8.53,8.7216,-0.10021097046413507,
249,bj920407,2025-04-18 00:00:00,18.461634097357265,3,2025-04-24,D4,danger,exit,18.155216933915646,16.914227421977106,17.052115145525836,16.98470336956868,-0.0763485477178425,
250,bj920261,2025-04-18 00:00:00,13.151176772340207,4,2025-04-25,D2,danger,exit,13.684847713826477,12.960580007523681,13.227415478266819,12.09908263055299,0.005797101449275477,
251,bj920579,2025-04-18 00:00:00,29.648224825066205,4,2025-04-25,D4,danger,exit,28.94897423956936,28.049937772501988,28.179798595522833,27.27636683906091,-0.04952830188679236,
252,bj920779,2025-04-18 00:00:00,48.59890815959741,2,2025-04-24,D4,danger,exit,48.12216211358734,43.938472322070446,44.90169392523364,44.71099550682962,-0.07607607607607614,
253,bj920701,2025-04-18 00:00:00,24.032088469905734,1,2025-04-22,D4,danger,exit,24.251269035532996,23.332124728063818,23.47353154459754,22.10952139231328,-0.02324213003824649,
254,bj920639,2025-04-18 00:00:00,9.5,1,2025-04-22,D4,danger,exit,9.75,9.05,9.08,8.74,-0.04421052631578948,
255,bj920924,2025-04-21 00:00:00,29.4458628768124,1,2025-04-24,D4,danger,exit,29.575492479724204,27.31196018272576,27.471504309386443,27.090193846667407,-0.06705045716220781,
256,bj920249,2025-04-21 00:00:00,14.21,6,2025-05-12,S1,strength,,16.97,15.4,16.9,13.073200000000002,0.18930330752990843,strong
256,bj920249,2025-04-21 00:00:00,14.21,10,2025-05-16,S2,strength,,16.4,15.72,16.09,14.831288261967993,0.1323011963406051,moderate
257,bj920876,2025-04-21 00:00:00,26.38057742782152,1,2025-04-28,D4,danger,exit,26.38057742782152,25.034120734908136,25.33333333333333,24.2701312335958,-0.03969754253308144,
258,bj920932,2025-04-21 00:00:00,20.15861240559379,1,2025-04-24,D4,danger,exit,20.322735621639332,19.059700437288853,19.188144693324496,18.60127349188235,-0.048141592920353915,
259,bj920261,2025-04-21 00:00:00,13.865914640402176,1,2025-04-24,D4,danger,exit,14.237578331794397,12.912930816319552,13.236945316507644,12.756641469170004,-0.0453608247422681,
260,bj920981,2025-04-21 00:00:00,38.33361399949277,1,2025-04-24,D4,danger,exit,38.33361399949277,35.364950545270105,35.803276692873446,35.26692487953335,-0.06600831600831591,
261,bj920533,2025-04-21 00:00:00,41.33841134395783,3,2025-04-28,D2,danger,exit,40.097339691303794,37.69180574727067,37.822041661438064,38.0313384364412,-0.08506300963676805,
262,bj920953,2025-04-22 00:00:00,35.582552696698166,1,2025-04-28,D4,danger,exit,35.81028103395703,34.009803867504104,34.016920378043444,32.735948480962314,-0.04400000000000004,
264,bj920057,2025-04-22 00:00:00,6.41,3,2025-05-07,E1,exhaustion,reduce,6.8,6.58,6.71,5.897200000000001,0.046801872074883066,
265,bj920261,2025-04-22 00:00:00,13.2941243459526,5,2025-05-07,S1,strength,,15.714703259122464,13.818265449198044,15.200091994117848,12.230594398276391,0.14336917562724016,strong
265,bj920261,2025-04-22 00:00:00,13.2941243459526,8,2025-05-12,D5,danger,reduce,14.43770493485175,14.008862214014568,14.313817037721007,13.189427334492422,0.07670250896057351,
266,bj920260,2025-04-22 00:00:00,13.016986789949875,10,2025-05-16,S2,strength,,13.739617440761307,13.392754728371822,13.71071221472885,12.115526012373326,0.05329385640266504,moderate
266,bj920260,2025-04-22 00:00:00,13.016986789949875,12,2025-05-20,S1,strength,,14.047939851774183,13.566186084566565,14.02866970108588,13.34457935165106,0.07772020725388629,strong
267,bj920799,2025-04-22 00:00:00,57.90683610019174,4,2025-05-09,E1,exhaustion,reduce,61.51239346257111,58.32286194969706,59.5313179887363,53.274289212176406,0.028053369825521868,
268,bj920792,2025-04-22 00:00:00,12.449872551033977,1,2025-04-25,D4,danger,exit,12.67587655156577,11.82099185390203,11.93890698461427,11.484412643489444,-0.04104183109707982,
269,bj920227,2025-04-22 00:00:00,57.69279504935907,6,2025-05-12,S2,strength,,60.75681576122419,59.68053000484119,60.65015681239344,53.07737144541035,0.05126050420168071,moderate
270,bj920026,2025-04-23 00:00:00,19.173218598413776,5,2025-05-12,E1,exhaustion,reduce,23.864388174660498,21.751248725900712,23.13887696391964,17.639361110540673,0.20683321087435713,
270,bj920026,2025-04-23 00:00:00,19.173218598413776,5,2025-05-12,S1,strength,,23.864388174660498,21.751248725900712,23.13887696391964,23.13887696391964,0.20683321087435713,strong
271,bj920779,2025-04-23 00:00:00,42.333102983465125,7,2025-05-14,D5,danger,reduce,46.604358375269584,45.01844805895039,45.96221063982746,38.94645474478792,0.08572741898414171,
272,bj920720,2025-04-23 00:00:00,14.884057969286822,5,2025-05-12,S2,strength,,15.167563835368474,14.777743269506203,15.167563835368474,13.693333331743876,0.01904761904761898,moderate
273,bj920792,2025-04-23 00:00:00,11.17245863498471,4,2025-05-08,E1,exhaustion,reduce,12.331957420321737,11.870123158365464,12.096127158897257,10.278661944185934,0.08267370272647345,
274,bj920221,2025-04-23 00:00:00,15.779367816091954,6,2025-05-12,S1,strength,,18.650574712643678,17.161800766283527,18.16795019157088,14.517018390804598,0.1513737687921204,strong
274,bj920221,2025-04-23 00:00:00,15.779367816091954,9,2025-05-15,D2,danger,exit,17.628065134099618,17.096360153256704,17.161800766283527,16.679330744084634,0.08761016070502858,
275,bj920579,2025-04-23 00:00:00,27.240804952141357,5,2025-05-09,S1,strength,,31.24651187763042,29.46841753165273,30.966811643431683,25.061540555970048,0.13678034470113665,strong
275,bj920579,2025-04-23 00:00:00,27.240804952141357,6,2025-05-12,S1,strength,,32.515152225603266,30.767025761861156,32.33534493218979,28.512408665519605,0.18701870187018677,strong
276,bj920950,2025-04-23 00:00:00,16.79759028548261,4,2025-05-08,E1,exhaustion,reduce,18.49092796523644,17.87589494004283,18.155455406039927,15.453783062644002,0.08083689966714203,
277,bj920876,2025-04-23 00:00:00,26.38057742782152,1,2025-04-28,D4,danger,exit,26.38057742782152,25.034120734908136,25.33333333333333,24.2701312335958,-0.03969754253308144,
278,bj920245,2025-04-23 00:00:00,24.638844663828635,6,2025-05-14,D5,danger,reduce,25.3291267613287,24.4064027330378,24.892417679236825,22.667737090722344,0.010291595197255754,
278,bj920245,2025-04-23 00:00:00,24.638844663828635,6,2025-05-14,E1,exhaustion,reduce,25.3291267613287,24.4064027330378,24.892417679236825,24.892417679236825,0.010291595197255754,
279,bj920533,2025-04-23 00:00:00,38.04420880913539,2,2025-05-06,E1,exhaustion,reduce,42.732701719161746,40.80214581503324,42.09684402057974,35.00067210440456,0.10652436568666945,
280,bj920799,2025-04-23 00:00:00,57.90683610019174,4,2025-05-09,E1,exhaustion,reduce,61.51239346257111,58.32286194969706,59.5313179887363,53.274289212176406,0.028053369825521868,
281,bj920706,2025-04-23 00:00:00,18.588106019760453,1,2025-04-28,D4,danger,exit,18.597940996490486,16.758800347974503,17.309559044856297,17.101057538179617,-0.06878306878306872,
282,bj920261,2025-04-23 00:00:00,13.2941243459526,5,2025-05-07,S1,strength,,15.714703259122464,13.818265449198044,15.200091994117848,12.230594398276391,0.14336917562724016,strong
282,bj920261,2025-04-23 00:00:00,13.2941243459526,8,2025-05-12,D5,danger,reduce,14.43770493485175,14.008862214014568,14.313817037721007,13.189427334492422,0.07670250896057351,
283,bj920792,2025-04-24 00:00:00,11.17245863498471,4,2025-05-08,E1,exhaustion,reduce,12.331957420321737,11.870123158365464,12.096127158897257,10.278661944185934,0.08267370272647345,
284,bj920346,2025-04-24 00:00:00,27.96276333802362,1,2025-04-28,D4,danger,exit,27.96276333802362,25.513181809295304,25.582323223412637,25.725742270981733,-0.0851289297068174,
285,bj920252,2025-04-24 00:00:00,16.856787493548413,5,2025-05-12,S1,strength,,19.21653860753009,18.290560322296777,18.91783593487418,15.508244494064542,0.1222681630242175,strong
285,bj920252,2025-04-24 00:00:00,16.856787493548413,9,2025-05-16,D5,danger,reduce,18.619133262218273,18.220863032010396,18.33038734531756,17.827780555700617,0.08741878322504437,
285,bj920252,2025-04-24 00:00:00,16.856787493548413,9,2025-05-16,S2,strength,,18.619133262218273,18.220863032010396,18.33038734531756,18.33038734531756,0.08741878322504437,moderate
286,bj920720,2025-04-24 00:00:00,14.884057969286822,5,2025-05-12,S2,strength,,15.167563835368474,14.777743269506203,15.167563835368474,13.693333331743876,0.01904761904761898,moderate
287,sz002196,2025-04-24 00:00:00,10.88,2,2025-05-08,E1,exhaustion,reduce,11.29,10.58,10.71,10.0096,-0.015625,
288,bj920263,2025-04-24 00:00:00,13.6,10,2025-05-16,D5,danger,reduce,14.15,13.7,13.87,12.512,0.019852941176470518,
288,bj920263,2025-04-24 00:00:00,13.6,10,2025-05-16,E1,exhaustion,reduce,14.15,13.7,13.87,13.87,0.019852941176470518,
288,bj920263,2025-04-24 00:00:00,13.6,10,2025-05-16,S2,strength,,14.15,13.7,13.87,13.87,0.019852941176470518,moderate
290,bj920299,2025-04-24 00:00:00,19.95687726412736,5,2025-05-13,S1,strength,,21.69569429308103,19.75928441992808,21.656175724241177,18.36032708299717,0.08514851485148522,strong
290,bj920299,2025-04-24 00:00:00,19.95687726412736,6,2025-05-14,S1,strength,,22.515704596508044,20.747248640924482,21.913046421700237,18.73937712383221,0.09801980198019788,strong
290,bj920299,2025-04-24 00:00:00,19.95687726412736,7,2025-05-15,S1,strength,,23.315955615515133,21.112795402693152,22.861492073856787,19.727341344828613,0.14554455445544545,strong
290,bj920299,2025-04-24 00:00:00,19.95687726412736,9,2025-05-19,D5,danger,reduce,22.624380660817646,21.26099003584261,21.754972146340812,20.092888106597282,0.09009900990098996,
290,bj920299,2025-04-24 00:00:00,19.95687726412736,9,2025-05-19,E1,exhaustion,reduce,22.624380660817646,21.26099003584261,21.754972146340812,21.754972146340812,0.09009900990098996,
291,bj920856,2025-04-25 00:00:00,23.904610492845784,5,2025-05-12,D5,danger,reduce,25.22471584842085,24.44870797048145,24.707377263127917,21.992241653418123,0.033582089552238736,
293,bj920706,2025-04-25 00:00:00,18.283221741129463,8,2025-05-14,S1,strength,,22.42374694447293,20.33873187770615,22.138532619302005,16.820564001839106,0.21086605701990346,strong
294,bj920198,2025-04-25 00:00:00,12.6,7,2025-05-19,S1,strength,,16.38,13.27,15.16,11.738796683569266,0.20317460317460312,strong
295,bj920110,2025-04-25 00:00:00,36.1681512507779,12,2025-05-20,S1,strength,,39.37352973464314,37.823466109609804,39.335256558716395,33.27469915071567,0.08756613756613763,strong
295,bj920110,2025-04-25 00:00:00,36.1681512507779,14,2025-05-22,D1,danger,exit,40.7609323619878,36.943183063294576,37.23980017672688,36.66230235654667,0.029629629629629672,
296,bj920392,2025-04-25 00:00:00,18.516539870386023,7,2025-05-15,E2,exhaustion,exit,18.991715976331363,17.918737672583827,18.24829529444914,17.035216680755145,-0.01448675496688745,
297,bj920208,2025-04-25 00:00:00,25.44160024524832,4,2025-05-09,D2,danger,exit,25.8239193746168,25.163549969343965,25.337331391784186,23.436468699799097,-0.004098360655737765,
298,bj920163,2025-04-28 00:00:00,15.65173995593733,5,2025-05-09,S2,strength,,16.24274335263729,15.789640748500656,16.055592277015638,14.399600759462343,0.025802391441158035,moderate
299,bj920146,2025-04-28 00:00:00,9.2,1,2025-04-30,E1,exhaustion,reduce,9.4,8.78,9.19,8.464,-0.0010869565217390686,
301,bj920508,2025-04-28 00:00:00,28.69074719318622,8,2025-05-16,D5,danger,reduce,29.080139372822302,28.18536585365854,28.500193573364303,26.395487417731324,-0.006641640196361709,
301,bj920508,2025-04-28 00:00:00,28.69074719318622,8,2025-05-16,S2,strength,,29.080139372822302,28.18536585365854,28.500193573364303,28.500193573364303,-0.006641640196361709,moderate
302,bj920469,2025-04-28 00:00:00,15.944289693593314,7,2025-05-13,D5,danger,reduce,16.24324512534819,15.06735376044568,15.28658774373259,14.668746518105849,-0.04125000000000001,
304,sz301076,2025-04-28 00:00:00,22.891123743838904,3,2025-05-08,D4,danger,exit,23.0908922775377,21.504495098164885,22.180182785675527,21.05983384433179,-0.031057494866529867,
305,bj920768,2025-04-28 00:00:00,8.236623817608537,1,2025-05-07,E1,exhaustion,reduce,8.504596167838953,7.982755275284987,8.2507276255154,7.577693912199854,0.001712328767123239,
306,bj920249,2025-04-29 00:00:00,16.45,8,2025-05-16,S2,strength,,16.4,15.72,16.09,15.134,-0.021884498480243098,moderate
310,bj920768,2025-04-29 00:00:00,8.236623817608537,1,2025-05-07,E1,exhaustion,reduce,8.504596167838953,7.982755275284987,8.2507276255154,7.577693912199854,0.001712328767123239,
311,bj920810,2025-04-30 00:00:00,17.378571428571426,2,2025-05-13,D4,danger,exit,18.28571428571429,16.28571428571429,16.37857142857143,15.988285714285713,-0.05754212905877498,
312,bj920981,2025-04-30 00:00:00,38.851635810296735,5,2025-05-14,D5,danger,reduce,39.84783160030434,38.00486938879026,38.771940147096124,35.743504945473,-0.002051282051282133,
312,bj920981,2025-04-30 00:00:00,38.851635810296735,5,2025-05-14,E1,exhaustion,reduce,39.84783160030434,38.00486938879026,38.771940147096124,38.771940147096124,-0.002051282051282133,
315,bj920491,2025-04-30 00:00:00,31.30153444194119,5,2025-05-15,D2,danger,exit,31.076624947356798,30.216101663729546,30.372560442570865,28.815810120662174,-0.02967822555451416,
316,bj920249,2025-04-30 00:00:00,16.45,8,2025-05-16,S2,strength,,16.4,15.72,16.09,15.134,-0.021884498480243098,moderate
317,bj920179,2025-04-30 00:00:00,35.5597978615908,1,2025-05-08,D4,danger,exit,35.729225149608475,34.94188657587931,35.33057270721396,33.11892206612905,-0.006446188340807013,
318,bj920810,2025-05-06 00:00:00,17.378571428571426,2,2025-05-13,D4,danger,exit,18.28571428571429,16.28571428571429,16.37857142857143,15.988285714285713,-0.05754212905877498,
319,bj920425,2025-05-06 00:00:00,22.373914261697955,1,2025-05-09,D4,danger,exit,23.006066124964978,22.05428691510227,22.25316615298403,20.58400112076212,-0.0053968253968254,
320,bj920961,2025-05-06 00:00:00,23.89465790526563,1,2025-05-13,D4,danger,exit,25.09984907097515,22.639665451716873,22.858791118209513,22.302870461913344,-0.04335139641517294,
321,bj920810,2025-05-07 00:00:00,17.378571428571426,2,2025-05-13,D4,danger,exit,18.28571428571429,16.28571428571429,16.37857142857143,15.988285714285713,-0.05754212905877498,
322,bj920876,2025-05-08 00:00:00,39.09711286089239,1,2025-05-13,D4,danger,exit,40.892388451443566,37.441469816272964,37.511286089238844,35.969343832021,-0.04056122448979593,
323,bj920961,2025-05-08 00:00:00,23.89465790526563,1,2025-05-13,D4,danger,exit,25.09984907097515,22.639665451716873,22.858791118209513,22.25752151900676,-0.04335139641517294,
324,bj920247,2025-05-08 00:00:00,17.43906881450555,1,2025-05-13,D4,danger,exit,18.39063677455496,17.191661144892706,17.22972386329468,16.043943309345106,-0.012004365223717728,
325,bj920510,2025-05-08 00:00:00,24.49,5,2025-05-22,D4,danger,exit,24.96,23.0,23.08,22.5308,-0.05757452021233156,
326,bj920284,2025-05-09 00:00:00,27.98,1,2025-05-14,D4,danger,exit,28.68,27.01,27.79,25.7416,-0.006790564689063694,
327,sh603610,2025-05-09 00:00:00,12.221972841137722,4,2025-05-22,D2,danger,exit,12.231813398980828,11.946437221530754,12.05468335780492,11.244215013846706,-0.013687600644122222,
328,bj920223,2025-05-09 00:00:00,11.82,1,2025-05-15,E1,exhaustion,reduce,12.1,11.6,11.77,10.8744,-0.004230118443316444,
329,bj920510,2025-05-12 00:00:00,24.49,5,2025-05-22,D4,danger,exit,24.96,23.0,23.08,22.5308,-0.05757452021233156,
330,bj920008,2025-05-12 00:00:00,42.29,2,2025-05-19,E1,exhaustion,reduce,43.25,41.65,42.19,38.9068,-0.0023646252069047247,
332,bj920770,2025-05-13 00:00:00,19.03847779643964,1,2025-05-15,D4,danger,exit,19.267019022597317,18.58139534412428,18.71057081977862,17.51539957272447,-0.017223382045929103,
333,bj920261,2025-05-13 00:00:00,15.447867788379332,5,2025-05-22,D4,danger,exit,15.75282261208577,14.6378315379091,14.6378315379091,14.393048879706384,-0.05243676742751391,
335,bj920425,2025-05-14 00:00:00,23.510367049593725,6,2025-05-30,D5,danger,reduce,23.396721770804145,22.615410479125806,22.6438217988232,21.62953768562623,-0.036858006042296054,
336,bj920247,2025-05-14 00:00:00,18.6570758033688,3,2025-05-21,D4,danger,exit,18.70782609457143,17.204348717693364,17.267786581696654,17.164509739099294,-0.07446446786807237,
337,bj920171,2025-05-14 00:00:00,29.75,4,2025-05-22,D2,danger,exit,30.59,28.07,29.26,27.37,-0.016470588235294015,
338,bj920770,2025-05-14 00:00:00,18.97885834613764,1,2025-05-21,D4,danger,exit,19.694291749761675,18.680761094627623,18.76025369503029,17.46054967844663,-0.011518324607330044,
339,bj920706,2025-05-15 00:00:00,20.12236238964545,1,2025-05-26,E1,exhaustion,reduce,20.33873187770615,19.610943599683782,20.14203234310551,18.51257339847381,0.0009775171065491417,
340,bj920304,2025-05-15 00:00:00,16.23536774769955,2,2025-05-20,D4,danger,exit,15.895105549394469,15.370129586295201,15.69094823041142,14.936538327883586,-0.033532934131736525,
341,bj920275,2025-05-15 00:00:00,11.402521023452326,5,2025-05-23,D2,danger,exit,11.83841235710298,11.194481977846333,11.194481977846333,10.57199988823359,-0.018245004344048632,
342,bj920876,2025-05-16 00:00:00,32.584251968503935,1,2025-05-27,D4,danger,exit,32.584251968503935,31.616797900262466,31.90603674540682,29.97751181102362,-0.020814202632384537,
343,bj920247,2025-05-16 00:00:00,18.70782609457143,2,2025-05-21,D4,danger,exit,18.70782609457143,17.204348717693364,17.267786581696654,17.21120000700572,-0.07697524584604953,
344,bj920010,2025-05-16 00:00:00,13.770882054616113,2,2025-05-28,D4,danger,exit,13.969739557209849,13.224023922483344,13.313509798650525,12.710133905867284,-0.033212996389891614,
345,bj920429,2025-05-16 00:00:00,29.337084193272236,2,2025-05-21,D4,danger,exit,28.738167815832607,25.83195064005999,25.91049705021601,26.990117457810456,-0.11680053547523428,
346,bj920171,2025-05-16 00:00:00,30.85,3,2025-05-22,D2,danger,exit,30.59,28.07,29.26,28.382,-0.05153970826580223,
347,bj920300,2025-05-16 00:00:00,21.14,1,2025-05-21,D4,danger,exit,21.7,19.48,19.77,19.4488,-0.06480605487228008,
348,bj920371,2025-05-19 00:00:00,11.721005025125628,1,2025-05-28,D4,danger,exit,12.038324958123953,11.611926298157455,11.661507537688442,10.783324623115575,-0.005076142131979711,
349,bj920436,2025-05-19 00:00:00,25.6,2,2025-05-23,D4,danger,exit,24.49,22.56,22.72,23.552000000000003,-0.11250000000000004,
350,bj920198,2025-05-19 00:00:00,15.31,1,2025-05-21,D4,danger,exit,15.5,14.3,14.35,14.0852,-0.06270411495754413,
351,bj920873,2025-05-20 00:00:00,6.08,6,2025-06-04,S1,strength,,6.51,6.03,6.38,5.5936,0.049342105263157965,strong
351,bj920873,2025-05-20 00:00:00,6.08,8,2025-06-06,S1,strength,,7.61,6.18,6.86,5.825599504985148,0.12828947368421062,strong
351,bj920873,2025-05-20 00:00:00,6.08,19,2025-06-23,S2,strength,,6.38,6.09,6.34,5.975599504985148,0.042763157894736725,moderate
351,bj920873,2025-05-20 00:00:00,6.08,21,2025-06-25,S1,strength,,7.06,6.52,6.92,6.06,0.13815789473684204,strong
352,bj920427,2025-05-20 00:00:00,14.321930129216772,1,2025-05-27,D4,danger,exit,14.450599853943666,13.866637257106218,14.024999995231628,13.176175718879431,-0.020732550103662817,
353,bj920857,2025-05-20 00:00:00,18.859095263438,2,2025-05-28,D4,danger,exit,18.78946780202235,17.904204364023414,18.013618946248002,17.350367642362958,-0.044831223628692185,
355,bj920436,2025-05-20 00:00:00,25.6,2,2025-05-23,D4,danger,exit,24.49,22.56,22.72,23.552000000000003,-0.11250000000000004,
356,bj920198,2025-05-20 00:00:00,14.0,1,2025-05-27,D4,danger,exit,14.15,13.53,13.54,12.88,-0.03285714285714292,
357,bj920284,2025-05-21 00:00:00,27.25,8,2025-06-06,S1,strength,,30.97,28.05,29.3,25.07,0.07522935779816509,strong
357,bj920284,2025-05-21 00:00:00,27.25,9,2025-06-09,S1,strength,,31.77,29.22,30.7,26.66019739996891,0.12660550458715591,strong
357,bj920284,2025-05-21 00:00:00,27.25,10,2025-06-10,S1,strength,,33.1,30.25,30.93,27.83019739996891,0.135045871559633,strong
358,bj920175,2025-05-21 00:00:00,12.52,1,2025-05-27,E1,exhaustion,reduce,12.76,12.34,12.57,11.5184,0.003993610223642197,
359,bj920198,2025-05-21 00:00:00,14.0,1,2025-05-27,D4,danger,exit,14.15,13.53,13.54,12.88,-0.03285714285714292,
360,bj920719,2025-05-22 00:00:00,14.99,3,2025-05-29,D4,danger,exit,15.28,14.7,14.83,13.7908,-0.010673782521681163,
363,bj920580,2025-05-22 00:00:00,13.538849889187782,2,2025-05-28,D4,danger,exit,13.419477223008316,12.772875281202873,12.882300225200717,12.45574189805276,-0.048493754592211724,
364,bj920075,2025-05-22 00:00:00,33.744469290595546,3,2025-05-29,E1,exhaustion,reduce,34.393212364635545,32.92862572778767,33.71498096904827,31.044911747347903,-0.0008738712496360046,
365,bj920670,2025-05-23 00:00:00,15.349174915472142,1,2025-05-27,D4,danger,exit,15.448844882455727,15.050165014521385,15.119933991409894,14.314704688083983,-0.014935064935065023,
366,bj920263,2025-05-26 00:00:00,15.23,3,2025-06-06,D4,danger,exit,14.87,14.54,14.54,14.0116,-0.045305318450426846,
367,bj920198,2025-05-26 00:00:00,13.85,1,2025-05-30,D4,danger,exit,14.06,13.29,13.37,12.742,-0.034657039711191384,
368,bj920810,2025-05-26 00:00:00,16.928571428571427,7,2025-06-10,S1,strength,,17.42142857142857,15.964285714285715,17.314285714285713,15.574285714285711,0.0227848101265824,strong
369,bj920263,2025-05-27 00:00:00,15.23,2,2025-06-05,D4,danger,exit,15.06,14.54,14.68,14.0116,-0.03611293499671708,
370,sz002717,2025-05-27 00:00:00,2.07,1,2025-06-03,D4,danger,exit,2.16,2.06,2.08,1.9044,0.004830917874396157,
371,bj920436,2025-05-28 00:00:00,22.29,7,2025-06-17,D4,danger,exit,22.16,21.28,21.38,20.5068,-0.04082548227904892,
372,bj920075,2025-05-28 00:00:00,32.142270486527075,3,2025-06-06,D4,danger,exit,32.42732426148404,31.355915245266466,31.4640390909398,29.57088884760491,-0.02110091743119291,
373,bj920576,2025-05-28 00:00:00,38.8462313860252,2,2025-06-05,D4,danger,exit,36.93722794959908,35.49553264604811,35.55518900343642,35.73853287514318,-0.08471973381110853,
374,sz300205,2025-05-28 00:00:00,4.0,2,2025-06-09,D4,danger,exit,3.95,3.71,3.91,3.68,-0.022499999999999964,
375,bj920571,2025-05-29 00:00:00,9.949700598802396,2,2025-06-05,D4,danger,exit,9.999201596806387,9.514091816367266,9.523992015968064,9.153724550898206,-0.042786069651741365,
376,bj920436,2025-05-29 00:00:00,22.6,1,2025-06-05,D4,danger,exit,22.6,21.68,21.83,20.792,-0.03407079646017708,
377,sh603577,2025-05-29 00:00:00,11.61306842816539,1,2025-06-04,D4,danger,exit,12.7863065056684,11.076162867274181,11.115933649562418,10.68402295391216,-0.04280821917808231,
379,bj920475,2025-05-30 00:00:00,20.88208333333333,1,2025-06-10,E1,exhaustion,reduce,21.390915750915752,20.17370879120879,20.902037545787547,19.211516666666668,0.000955566172957667,
380,sz002630,2025-05-30 00:00:00,2.83,5,2025-06-11,D5,danger,reduce,2.77,2.72,2.75,2.6036,-0.028268551236749095,
381,bj920394,2025-05-30 00:00:00,40.61985862949146,5,2025-06-13,S1,strength,,43.807292362065574,41.167698802277634,42.65184763400746,38.046283381018426,0.05002452182442374,strong
382,bj920174,2025-05-30 00:00:00,41.98,5,2025-06-13,D4,danger,exit,41.53,39.35,39.86,38.6216,-0.05050023820867078,
383,sz002630,2025-06-03 00:00:00,2.68,3,2025-06-11,E1,exhaustion,reduce,2.77,2.72,2.75,2.492737035357382,0.026119402985074647,
385,sz002630,2025-06-04 00:00:00,2.68,3,2025-06-11,E1,exhaustion,reduce,2.77,2.72,2.75,2.469438763976397,0.026119402985074647,
387,bj920344,2025-06-04 00:00:00,25.24,5,2025-06-13,D4,danger,exit,26.88,24.58,24.7,23.2208,-0.021394611727416746,
388,sz002076,2025-06-04 00:00:00,1.92,1,2025-06-11,E1,exhaustion,reduce,1.94,1.91,1.92,1.8081998135063704,0.0,
389,bj920982,2025-06-04 00:00:00,370.86670786544926,2,2025-06-10,D4,danger,exit,375.35373717048805,349.95776178414616,353.3154027607058,341.1973712362133,-0.04732510288065839,
390,sh603076,2025-06-05 00:00:00,38.83564233888178,1,2025-06-10,D4,danger,exit,38.94470337174563,35.93065300896287,35.93065300896287,35.728790951771245,-0.07480214449834066,
391,bj920493,2025-06-06 00:00:00,155.5,2,2025-06-13,D4,danger,exit,152.0,145.38,146.38,143.06,-0.058649517684887464,
393,bj920207,2025-06-06 00:00:00,28.388732740104327,6,2025-06-24,S1,strength,,29.075556919300404,27.57250690395827,29.025787051242716,26.117634120895985,0.02244039270687237,strong
393,bj920207,2025-06-06 00:00:00,28.388732740104327,7,2025-06-25,S1,strength,,31.145983430500156,28.667444001227373,30.65823872353483,26.46833710016553,0.07994389901823284,strong
393,bj920207,2025-06-06 00:00:00,28.388732740104327,9,2025-06-27,S2,strength,,30.58856090825407,29.234820497085,29.911690702669535,27.563274197434634,0.05364656381486688,moderate
394,bj920174,2025-06-09 00:00:00,40.8,1,2025-06-17,D4,danger,exit,40.93,40.06,40.15,37.85252532859987,-0.01593137254901955,
395,bj920719,2025-06-10 00:00:00,16.98,1,2025-06-13,D4,danger,exit,18.15,16.05,16.15,15.6216,-0.04888103651354547,
396,bj920719,2025-06-11 00:00:00,16.98,1,2025-06-13,D4,danger,exit,18.15,16.05,16.15,15.6216,-0.04888103651354547,
397,bj920527,2025-06-12 00:00:00,20.1592420212766,4,2025-06-26,E1,exhaustion,reduce,21.231123670212767,20.700099734042553,20.86727393617021,18.54650265957447,0.03512195121951178,
398,bj920199,2025-06-12 00:00:00,37.54,1,2025-06-20,D4,danger,exit,38.59,33.64,33.66,34.5368,-0.1033564198188599,
400,bj920527,2025-06-13 00:00:00,20.1592420212766,4,2025-06-26,E1,exhaustion,reduce,21.231123670212767,20.700099734042553,20.86727393617021,18.54650265957447,0.03512195121951178,
401,bj920075,2025-06-13 00:00:00,33.87225201730039,9,2025-07-04,D4,danger,exit,34.766731104234324,33.06623789500828,33.10555565707131,31.16247185591636,-0.022634939059779424,
402,sz002190,2025-06-13 00:00:00,35.4,1,2025-06-24,D4,danger,exit,36.0,34.85,35.01,32.568,-0.011016949152542366,
403,bj920019,2025-06-13 00:00:00,22.404760147601475,7,2025-07-02,S1,strength,,27.96,24.02,26.24,20.850200054248194,0.17117968802755068,strong
403,bj920019,2025-06-13 00:00:00,22.404760147601475,10,2025-07-07,D2,danger,exit,24.23,23.55,23.75,23.36054821839285,0.06004259110725352,
404,bj920061,2025-06-16 00:00:00,40.52613102159447,5,2025-06-30,S1,strength,,43.86674467617965,40.296775457249815,43.00915430515182,37.28404053986692,0.061269685039370136,strong
404,bj920061,2025-06-16 00:00:00,40.52613102159447,6,2025-07-01,D5,danger,reduce,42.99918232409335,41.682880824376205,42.10170402883166,38.699083711512664,0.038877952755905554,
404,bj920061,2025-06-16 00:00:00,40.52613102159447,6,2025-07-01,E1,exhaustion,reduce,42.99918232409335,41.682880824376205,42.10170402883166,42.10170402883166,0.038877952755905554,
405,bj920075,2025-06-16 00:00:00,33.87225201730039,9,2025-07-04,D4,danger,exit,34.766731104234324,33.06623789500828,33.10555565707131,31.16247185591636,-0.022634939059779424,
406,bj920781,2025-06-16 00:00:00,13.3,9,2025-07-07,S2,strength,,13.0,12.76,12.9,12.236,-0.03007518796992481,moderate
407,bj920527,2025-06-16 00:00:00,20.1592420212766,4,2025-06-26,E1,exhaustion,reduce,21.231123670212767,20.700099734042553,20.86727393617021,18.54650265957447,0.03512195121951178,
408,bj920169,2025-06-16 00:00:00,43.0,1,2025-06-20,D4,danger,exit,44.9,39.97,40.03,39.56,-0.06906976744186044,
409,bj920199,2025-06-17 00:00:00,33.92,6,2025-07-01,S1,strength,,44.04,36.01,40.59,31.2064,0.19663915094339623,strong
410,bj920781,2025-06-17 00:00:00,13.3,9,2025-07-07,S2,strength,,13.0,12.76,12.9,12.236,-0.03007518796992481,moderate
412,bj920363,2025-06-18 00:00:00,16.906947067531007,8,2025-07-03,D2,danger,exit,18.24731764585779,17.539053647082845,17.714215711296006,15.554391302128527,0.04774774774774815,
413,sh603398,2025-06-19 00:00:00,5.34,6,2025-07-03,D1,danger,exit,6.16,5.58,5.63,4.9128,0.054307116104868935,
414,bj920204,2025-06-19 00:00:00,22.94211409165955,1,2025-06-24,D4,danger,exit,23.73012583654699,22.453347313185066,23.450830534561568,21.106744964326783,0.022173913043478377,
415,bj920010,2025-06-19 00:00:00,14.0013932156978,5,2025-07-02,S2,strength,,14.071200731730482,13.80194316989014,13.96150320653627,12.881281758441975,-0.002849002849002691,moderate
415,bj920010,2025-06-19 00:00:00,14.0013932156978,6,2025-07-03,D4,danger,exit,14.021338220278569,13.791970667599758,13.83186067676129,13.752080658438224,-0.012108262108261991,
416,sz300804,2025-06-19 00:00:00,63.5,2,2025-06-25,D4,danger,exit,62.53,55.5,56.5,58.42,-0.11023622047244097,
417,bj920895,2025-06-20 00:00:00,37.0,2,2025-06-27,D4,danger,exit,36.7,35.04,35.04,34.04,-0.05297297297297299,
418,sz300483,2025-06-20 00:00:00,11.39,1,2025-06-27,D4,danger,exit,11.53,11.2,11.25,10.4788,-0.012291483757682187,
419,bj920895,2025-06-23 00:00:00,37.0,1,2025-06-26,D4,danger,exit,37.02,36.13,36.49,34.04,-0.013783783783783754,
420,sz301292,2025-06-23 00:00:00,25.5,1,2025-06-25,D4,danger,exit,25.7,23.33,24.63,23.46,-0.034117647058823586,
422,bj920152,2025-06-23 00:00:00,24.27,2,2025-06-26,D4,danger,exit,23.75,22.8,23.0,22.3284,-0.052327976926246356,
423,bj920571,2025-06-23 00:00:00,12.27624750499002,1,2025-06-27,D4,danger,exit,12.64255489021956,12.187145708582836,12.21684630738523,11.29414770459082,-0.004838709677419173,
424,bj920895,2025-06-24 00:00:00,37.0,1,2025-06-26,D4,danger,exit,37.02,36.13,36.49,34.04,-0.013783783783783754,
425,sh603398,2025-06-24 00:00:00,5.34,6,2025-07-03,D1,danger,exit,6.16,5.58,5.63,4.9128,0.054307116104868935,
426,bj920227,2025-06-24 00:00:00,82.27955945189333,1,2025-06-27,D4,danger,exit,89.65920141446884,78.69319139531459,79.02818181818182,75.69719469574187,-0.03951622560172441,
428,sz002235,2025-06-24 00:00:00,10.41,3,2025-07-03,D4,danger,exit,10.46,9.48,9.84,9.5772,-0.05475504322766578,
429,bj920305,2025-06-25 00:00:00,12.1,2,2025-06-30,E1,exhaustion,reduce,12.44,11.21,11.67,11.132,-0.035537190082644554,
431,bj920748,2025-06-26 00:00:00,67.55048235674975,1,2025-07-07,D4,danger,exit,69.88669472321139,67.52053091615409,67.60040142440918,62.14644376820978,0.0007389890629618812,
432,bj920305,2025-06-26 00:00:00,11.67,1,2025-07-01,D4,danger,exit,11.99,11.05,11.14,10.7364,-0.045415595544130216,
433,bj920871,2025-06-26 00:00:00,18.751077389984825,1,2025-07-01,D4,danger,exit,19.322276176024282,17.332928679817908,17.332928679817908,17.62121289896564,-0.07563025210084029,
434,sz002365,2025-06-26 00:00:00,27.146634144042228,7,2025-07-09,D5,danger,reduce,28.737556561085974,27.4889592760181,27.984434389140272,24.97490341251885,0.030862030285324193,
437,bj920106,2025-06-27 00:00:00,106.93992130209264,5,2025-07-14,D4,danger,exit,102.38928635306743,97.3736952244679,97.54187086388838,98.38472759792523,-0.08788159111933402,
438,sz300414,2025-06-27 00:00:00,12.59058295950093,6,2025-07-14,S1,strength,,14.86,13.01,14.01,11.583336322740855,0.11273640347431013,strong
438,sz300414,2025-06-27 00:00:00,12.59058295950093,12,2025-07-22,S1,strength,,14.79,13.51,14.04,12.505818604836955,0.11511913667232787,strong
438,sz300414,2025-06-27 00:00:00,12.59058295950093,14,2025-07-24,S1,strength,,15.89,13.56,15.16,13.005818604836955,0.2040745093983256,strong
439,bj920088,2025-06-30 00:00:00,42.95,4,2025-07-07,D4,danger,exit,40.58,39.5,40.17,39.514,-0.06472642607683354,
440,bj920807,2025-07-01 00:00:00,14.359232693911594,5,2025-07-14,E1,exhaustion,reduce,20.70585487906589,18.405204336947456,18.76220183486239,13.210494078398666,0.3066298342541438,
441,sh688136,2025-07-01 00:00:00,48.85,2,2025-07-07,D4,danger,exit,50.16,41.45,42.86,44.942,-0.12262026612077792,
442,sz002015,2025-07-01 00:00:00,12.91969183359014,6,2025-07-11,D2,danger,exit,13.36,12.93,13.01,11.886116486902928,0.006989962885574963,
443,sz002235,2025-07-01 00:00:00,9.97,1,2025-07-04,D4,danger,exit,10.12,9.35,9.43,9.1724,-0.054162487462387277,
444,bj920047,2025-07-01 00:00:00,21.79,5,2025-07-10,D2,danger,exit,22.7,21.56,22.09,20.09622055974578,0.013767783386874788,
445,bj920634,2025-07-01 00:00:00,28.72791995787256,2,2025-07-09,D4,danger,exit,30.130494997367034,28.399657714586624,28.4493944181148,26.42968636124276,-0.009695290858725558,
446,sh605151,2025-07-02 00:00:00,18.58,4,2025-07-11,E1,exhaustion,reduce,19.36,19.04,19.21,17.35701679763812,0.0339074273412272,
447,bj920088,2025-07-02 00:00:00,40.3,1,2025-07-08,E1,exhaustion,reduce,40.77,39.86,40.33,37.076,0.0007444168734491718,
448,bj920634,2025-07-02 00:00:00,28.72791995787256,7,2025-07-16,D2,danger,exit,28.976603475513425,28.250447604002105,28.737867298578198,26.42968636124276,0.0003462603878117143,
451,sz002015,2025-07-02 00:00:00,12.91969183359014,6,2025-07-11,D2,danger,exit,13.36,12.93,13.01,11.886116486902928,0.006989962885574963,
452,bj920392,2025-07-03 00:00:00,21.65,5,2025-07-17,S1,strength,,26.6,22.9,25.97,19.918,0.1995381062355659,strong
454,sh603151,2025-07-03 00:00:00,21.101502472027065,1,2025-07-07,E1,exhaustion,reduce,21.537197501951603,20.59649232370544,21.200524069737188,19.4133822742649,0.004692632566870136,
455,bj920305,2025-07-04 00:00:00,15.1,9,2025-07-28,D4,danger,exit,16.6,15.15,15.26,13.892,0.01059602649006619,
456,bj920392,2025-07-04 00:00:00,21.65,5,2025-07-17,S1,strength,,26.6,22.9,25.97,19.918,0.1995381062355659,strong
457,bj920047,2025-07-04 00:00:00,22.03,5,2025-07-17,S1,strength,,23.55,22.24,22.89,20.2676,0.03903767589650475,strong
457,bj920047,2025-07-04 00:00:00,22.03,6,2025-07-18,E1,exhaustion,reduce,22.99,22.23,22.59,21.56391766072818,0.025419881979119374,
458,bj920299,2025-07-07 00:00:00,22.54026282644211,2,2025-07-15,D4,danger,exit,22.043781266388322,21.08060703988397,21.408284869519466,20.737041800326743,-0.05022026431718063,
459,sz301024,2025-07-07 00:00:00,57.02,1,2025-07-11,D4,danger,exit,62.53,53.24,53.48,52.458400000000005,-0.062083479480883996,
460,bj920106,2025-07-07 00:00:00,100.90538365229834,1,2025-07-14,D4,danger,exit,102.38928635306743,97.3736952244679,97.54187086388838,92.83295296011448,-0.03333333333333355,
461,bj920505,2025-07-07 00:00:00,76.97678778304372,3,2025-07-15,E1,exhaustion,reduce,78.79199578725645,73.5159241706161,74.71276461295419,70.81864476040022,-0.02941176470588247,
463,sz002882,2025-07-07 00:00:00,31.92,1,2025-07-16,E1,exhaustion,reduce,32.37,31.62,31.96,29.3664,0.0012531328320801727,
464,bj920914,2025-07-08 00:00:00,28.88,2,2025-07-15,D4,danger,exit,30.5,28.1,28.58,26.5696,-0.010387811634349098,
465,sz002721,2025-07-08 00:00:00,4.79,1,2025-07-10,D4,danger,exit,5.05,4.41,4.5,4.4068000000000005,-0.06054279749478075,
466,bj920299,2025-07-08 00:00:00,22.54026282644211,2,2025-07-15,D4,danger,exit,22.043781266388322,21.08060703988397,21.408284869519466,20.737041800326743,-0.05022026431718063,
467,sz300591,2025-07-08 00:00:00,11.37,6,2025-07-22,S1,strength,,13.31,11.9,13.0,10.4604,0.14335971855760787,strong
467,sz300591,2025-07-08 00:00:00,11.37,8,2025-07-24,D5,danger,reduce,11.94,11.35,11.56,11.35480624179935,0.01671064204045747,
468,bj920641,2025-07-08 00:00:00,18.3,1,2025-07-14,D4,danger,exit,18.5,17.7,17.93,17.143283096805394,-0.020218579234972722,
469,bj920770,2025-07-10 00:00:00,22.0,1,2025-07-14,D4,danger,exit,22.5,21.58,22.18,20.24,0.008181818181818068,
470,sz300996,2025-07-11 00:00:00,14.61590389016018,3,2025-07-18,D4,danger,exit,15.752222948676037,14.19688623733246,14.402844066688461,13.589255362728826,-0.014577259475218374,
472,sz300066,2025-07-14 00:00:00,6.256434634974533,1,2025-07-16,D4,danger,exit,6.345670628183362,5.86974533106961,5.899490662139219,5.869317224025337,-0.05705229793977806,
474,sz300204,2025-07-14 00:00:00,45.69,5,2025-07-25,D5,danger,reduce,47.44,43.65,44.7,42.0348,-0.02166776099803014,
475,sz002623,2025-07-14 00:00:00,26.395833791964776,1,2025-07-17,D4,danger,exit,27.090203632361035,24.283384700055034,24.958194826637314,24.2841670886076,-0.05446461652463874,
477,sz300066,2025-07-15 00:00:00,6.256434634974533,8,2025-07-29,D5,danger,reduce,6.454736842105263,6.20685908319185,6.325840407470289,5.766216215774644,0.01109350237717921,
478,bj920564,2025-07-15 00:00:00,18.69201893389868,1,2025-07-18,D4,danger,exit,18.891666666169964,18.04316380401702,18.04316380401702,17.196657419186785,-0.03471295060080093,
479,sz300591,2025-07-16 00:00:00,11.65,1,2025-07-25,D4,danger,exit,11.65,11.02,11.17,10.718,-0.0412017167381975,
480,sh600604,2025-07-16 00:00:00,6.75,1,2025-07-18,D4,danger,exit,7.2,6.34,6.42,6.264076036877323,-0.04888888888888887,
481,sz300204,2025-07-16 00:00:00,45.69,5,2025-07-25,D5,danger,reduce,47.44,43.65,44.7,42.0348,-0.02166776099803014,
482,sz301176,2025-07-17 00:00:00,31.76,2,2025-07-25,D4,danger,exit,32.3,30.88,30.99,29.219200000000004,-0.024244332493702836,
483,sh603590,2025-07-17 00:00:00,54.0,5,2025-07-25,D5,danger,reduce,58.5,56.0,57.59,49.68,0.06648148148148159,
485,bj920060,2025-07-21 00:00:00,40.087232761216505,1,2025-07-24,D4,danger,exit,40.87518819632641,36.43308943089431,36.94526046371575,36.88025414031919,-0.07837837837837847,
486,bj920682,2025-07-22 00:00:00,8.716517022072578,1,2025-07-30,D4,danger,exit,8.781687242798355,8.472128694350918,8.521006359895251,8.019195660306773,-0.02242990654205579,
487,bj920184,2025-07-24 00:00:00,21.64083188908145,2,2025-07-30,D4,danger,exit,22.186065857885616,20.827937608318894,20.90724436741768,19.909565337954938,-0.03389830508474545,
490,sz300706,2025-07-28 00:00:00,36.0,2,2025-08-01,D4,danger,exit,36.79,33.54,33.71,33.21394875125456,-0.06361111111111106,
491,bj920786,2025-07-29 00:00:00,12.24,2,2025-08-01,D4,danger,exit,11.98,11.15,11.16,11.2608,-0.08823529411764708,
492,bj920786,2025-07-30 00:00:00,10.96,3,2025-08-08,E1,exhaustion,reduce,11.06,10.71,10.86,10.0832,-0.009124087591241059,
493,bj920873,2025-07-30 00:00:00,8.6,4,2025-08-12,D2,danger,exit,8.88,8.51,8.53,7.912,-0.008139534883720989,
494,bj920885,2025-07-31 00:00:00,26.5,5,2025-08-11,S2,strength,,26.6,24.65,25.85,24.380000000000003,-0.024528301886792447,moderate
495,bj920786,2025-07-31 00:00:00,10.96,3,2025-08-08,E1,exhaustion,reduce,11.06,10.71,10.86,10.0832,-0.009124087591241059,
496,sh600326,2025-07-31 00:00:00,16.4,5,2025-08-15,D5,danger,reduce,16.37,14.81,16.02,15.088,-0.023170731707316983,
496,sh600326,2025-07-31 00:00:00,16.4,5,2025-08-15,E1,exhaustion,reduce,16.37,14.81,16.02,16.02,-0.023170731707316983,
497,sh603716,2025-08-01 00:00:00,27.59,6,2025-08-18,S2,strength,,30.51,27.8,29.87,25.3828,0.08263863718738684,moderate
498,sh600326,2025-08-01 00:00:00,16.4,5,2025-08-15,D5,danger,reduce,16.37,14.81,16.02,15.088,-0.023170731707316983,
498,sh600326,2025-08-01 00:00:00,16.4,5,2025-08-15,E1,exhaustion,reduce,16.37,14.81,16.02,16.02,-0.023170731707316983,
499,sz300950,2025-08-01 00:00:00,31.27886178861789,1,2025-08-07,D4,danger,exit,31.466930894308945,29.42786585365854,29.54664634146342,28.77655284552846,-0.055379746835443,
501,sz300732,2025-08-05 00:00:00,11.81,1,2025-08-12,D4,danger,exit,12.07,11.35,11.37,10.865200000000002,-0.037256562235393864,
502,sz301038,2025-08-05 00:00:00,35.1,6,2025-08-18,D5,danger,reduce,37.78,36.03,36.15,32.292,0.029914529914529808,
502,sz301038,2025-08-05 00:00:00,35.1,6,2025-08-18,E1,exhaustion,reduce,37.78,36.03,36.15,36.15,0.029914529914529808,
504,bj920663,2025-08-06 00:00:00,24.063748872226864,1,2025-08-14,D4,danger,exit,24.063748872226864,22.632304003621726,22.86443019853067,22.13864896244872,-0.04983922829581988,
505,bj920305,2025-08-06 00:00:00,17.31,1,2025-08-13,E1,exhaustion,reduce,18.05,16.7,17.34,15.9252,0.0017331022530329143,
507,bj920663,2025-08-07 00:00:00,24.063748872226864,1,2025-08-14,D4,danger,exit,24.063748872226864,22.632304003621726,22.86443019853067,22.13864896244872,-0.04983922829581988,
508,sz300689,2025-08-07 00:00:00,60.89307285331378,4,2025-08-14,D4,danger,exit,60.60334371258431,56.94676214337794,56.94676214337794,56.02162702504868,-0.06480721903199349,
509,sz301161,2025-08-07 00:00:00,38.800525085768896,1,2025-08-12,E1,exhaustion,reduce,39.56639035918705,37.80589486055052,38.661276854238324,35.696483078907384,-0.0035888233786208756,
510,bj920879,2025-08-08 00:00:00,24.109303297440245,3,2025-08-21,D4,danger,exit,24.512358862631164,23.097551572573256,23.138679691470287,22.180559033645025,-0.04025929716820198,
511,bj920174,2025-08-08 00:00:00,64.98,4,2025-08-22,D4,danger,exit,63.89,61.68,62.58,59.781600000000005,-0.03693444136657442,
512,sz300732,2025-08-08 00:00:00,11.81,1,2025-08-12,D4,danger,exit,12.07,11.35,11.37,10.865200000000002,-0.037256562235393864,
513,sh600326,2025-08-08 00:00:00,16.2,6,2025-08-25,D5,danger,reduce,15.72,15.28,15.41,14.904,-0.04876543209876538,
514,bj920199,2025-08-08 00:00:00,47.3,2,2025-08-15,E1,exhaustion,reduce,51.02,45.95,48.15,43.516,0.017970401691332016,
515,sh603716,2025-08-11 00:00:00,29.8,6,2025-08-26,S1,strength,,38.12,34.6,36.4,27.416,0.2214765100671141,strong
516,bj920199,2025-08-11 00:00:00,47.3,2,2025-08-15,E1,exhaustion,reduce,51.02,45.95,48.15,43.516,0.017970401691332016,
517,sz002176,2025-08-12 00:00:00,9.97,1,2025-08-14,D4,danger,exit,9.97,9.1,9.18,9.1724,-0.0792377131394183,
518,bj920199,2025-08-12 00:00:00,46.11,1,2025-08-18,D4,danger,exit,47.96,45.0,47.01,42.4212,0.01951854261548469,
519,bj920305,2025-08-12 00:00:00,17.01,1,2025-08-14,D4,danger,exit,17.3,16.26,16.4,15.649200000000002,-0.03586125808348051,
520,sh688273,2025-08-12 00:00:00,49.929235161404485,2,2025-08-15,D4,danger,exit,48.92967049281503,46.058371984023765,46.93054115563613,46.25964471368759,-0.060058881256133456,
521,sh688788,2025-08-13 00:00:00,58.05714285714286,3,2025-08-20,D4,danger,exit,57.5,50.885714285714286,55.42142857142858,53.41257142857143,-0.045398622047243986,
522,bj920679,2025-08-21 00:00:00,22.81241050779393,2,2025-09-01,E1,exhaustion,reduce,24.523341295878478,22.891073992303564,23.972696904311036,20.98741766717042,0.05086206896551726,
523,sz002177,2025-08-21 00:00:00,8.385454746017041,4,2025-09-03,D4,danger,exit,8.12559560013332,7.715817716239756,7.745801463841724,7.714618366335678,-0.07628128724672234,
525,bj920981,2025-08-22 00:00:00,40.15,6,2025-09-05,S1,strength,,40.98,39.34,40.88,36.938,0.0181818181818183,strong
525,bj920981,2025-08-22 00:00:00,40.15,9,2025-09-10,D5,danger,reduce,39.59,38.0,38.67,37.79931867460187,-0.03686176836861765,
525,bj920981,2025-08-22 00:00:00,40.15,9,2025-09-10,S2,strength,,39.59,38.0,38.67,38.67,-0.03686176836861765,moderate
527,bj920263,2025-08-25 00:00:00,16.63,1,2025-09-03,D4,danger,exit,16.63,15.46,15.59,15.2996,-0.06253758268190013,
528,bj920981,2025-08-25 00:00:00,40.15,6,2025-09-05,S1,strength,,40.98,39.34,40.88,36.938,0.0181818181818183,strong
528,bj920981,2025-08-25 00:00:00,40.15,9,2025-09-10,D5,danger,reduce,39.59,38.0,38.67,37.79931867460187,-0.03686176836861765,
528,bj920981,2025-08-25 00:00:00,40.15,9,2025-09-10,S2,strength,,39.59,38.0,38.67,38.67,-0.03686176836861765,moderate
529,sh603389,2025-08-26 00:00:00,24.82,2,2025-09-05,D4,danger,exit,23.38,23.38,23.38,22.8344,-0.058017727639000816,
530,sz300322,2025-08-26 00:00:00,28.52,1,2025-08-29,D4,danger,exit,29.08,27.0,27.26,26.2384,-0.044179523141654964,
531,sh600749,2025-08-27 00:00:00,24.77,1,2025-08-29,D4,danger,exit,25.47,24.4,24.43,22.7884,-0.013726281792490913,
532,sh603757,2025-08-27 00:00:00,48.2634992354353,2,2025-09-05,D4,danger,exit,49.37651462596676,44.48121684637261,46.99288874535955,44.40241929660048,-0.02632653061224488,
534,sh688585,2025-08-28 00:00:00,88.0,2,2025-09-03,D4,danger,exit,91.5,80.88,82.66,80.96000000000001,-0.06068181818181817,
535,sz300870,2025-08-28 00:00:00,152.98676058022127,2,2025-09-09,D4,danger,exit,148.84890350200757,143.9347530993097,144.93182709406,140.74781973380357,-0.05265118011265768,
536,sz300539,2025-08-28 00:00:00,34.79725610010507,3,2025-09-10,E1,exhaustion,reduce,40.2653963444073,37.03422256368326,38.57524390525934,32.01347561209667,0.10857142857142876,
538,sh603757,2025-08-28 00:00:00,51.28735520794114,1,2025-09-02,D4,danger,exit,52.40037059847261,46.89439180814438,47.22928139467597,47.18436679130585,-0.07912425580948712,
539,bj920247,2025-08-29 00:00:00,28.10792545965556,1,2025-09-03,D4,danger,exit,28.356668162838357,25.943863941965265,26.159440951390355,25.85929142288312,-0.06932153392330376,
541,sz002131,2025-09-01 00:00:00,5.377374214950269,1,2025-09-09,E1,exhaustion,reduce,5.635806247461741,5.277977279368932,5.387313908508402,4.947184277754247,0.001848428835489635,
543,bj920247,2025-09-02 00:00:00,28.522496631626883,5,2025-09-15,D5,danger,reduce,29.36822182244838,27.361697350107185,27.96697126118531,26.240696901096733,-0.019476744186046613,
545,bj920679,2025-09-04 00:00:00,25.811455854723736,6,2025-09-15,D4,danger,exit,25.51646778781261,24.08085919551178,24.08085919551178,23.74653938634584,-0.06704761904761913,
546,sh603367,2025-09-04 00:00:00,21.554820776205432,1,2025-09-15,D4,danger,exit,22.27951715850402,21.437302443940794,21.49606161007311,19.830435114109,-0.0027260336210814806,
547,bj920679,2025-09-05 00:00:00,25.64429595014076,3,2025-09-15,D4,danger,exit,25.51646778781261,24.08085919551178,24.08085919551178,23.592752274129506,-0.060966257668711554,
548,bj920839,2025-09-08 00:00:00,40.51,6,2025-09-17,S1,strength,,47.23,40.1,45.91,37.2692,0.13330041964946915,strong
548,bj920839,2025-09-08 00:00:00,40.51,13,2025-09-26,D2,danger,exit,43.57,41.01,41.01,38.536710332706924,0.012342631449024921,
549,bj920974,2025-09-09 00:00:00,9.45,2,2025-09-19,D4,danger,exit,9.38,9.05,9.13,8.693999999999999,-0.033862433862433705,
550,sz300450,2025-09-10 00:00:00,57.08,1,2025-09-19,D4,danger,exit,59.88,55.18,55.6,52.56207742932423,-0.02592852137351076,
551,bj920679,2025-09-10 00:00:00,25.437804303302972,2,2025-09-18,E3,exhaustion,exit,26.273603826217837,24.366014326859208,24.965823396245167,23.40277995903874,-0.018554310011596464,
553,bj920906,2025-09-12 00:00:00,34.15497862465874,3,2025-09-19,D4,danger,exit,33.63717719944526,31.46639430143488,31.575929218306964,31.42258033468604,-0.07551020408163245,
555,bj920634,2025-09-12 00:00:00,32.90580305423907,3,2025-09-22,D2,danger,exit,32.52780410742496,30.200126382306475,30.97601895734597,30.273338809899947,-0.05864570737605801,
557,bj920926,2025-09-15 00:00:00,20.191269841269843,3,2025-09-25,D4,danger,exit,19.956031746031744,19.279722222222222,19.40714285714286,18.575968253968256,-0.03883495145631066,
558,sh600103,2025-09-15 00:00:00,4.301216587379433,2,2025-09-19,D4,danger,exit,4.8001976299988565,4.361094312493765,4.361094312493765,3.957119260389079,0.013921113689095321,
559,bj920523,2025-09-15 00:00:00,30.66023138832998,2,2025-09-18,D4,danger,exit,31.359517102615694,30.049587525150905,30.4829476861167,28.207412877263582,-0.005782203662062391,
560,bj920906,2025-09-16 00:00:00,30.669776724183365,1,2025-09-25,D4,danger,exit,30.839057959349308,29.315526842855785,29.385230880865294,28.216194586248697,-0.041883116883116966,
561,sh600410,2025-09-16 00:00:00,21.7,3,2025-09-22,D4,danger,exit,22.44,21.2,21.34,19.964,-0.01658986175115207,
562,bj920634,2025-09-17 00:00:00,31.035703001579776,4,2025-09-30,E1,exhaustion,reduce,32.02048973143759,30.389125855713534,30.787019483938913,28.552846761453395,-0.008012820512820484,
563,bj920000,2025-09-18 00:00:00,22.779473682414544,1,2025-09-29,D4,danger,exit,22.829210524515887,22.003578945633613,22.033421050894415,20.95711578782138,-0.0327510917030569,
564,bj920834,2025-09-19 00:00:00,16.34178405208578,2,2025-10-09,D4,danger,exit,16.10565953838918,15.426801561511443,15.495671211339618,15.03444132791892,-0.05177603853100543,
565,bj920834,2025-09-22 00:00:00,16.34178405208578,2,2025-10-09,D4,danger,exit,16.10565953838918,15.426801561511443,15.495671211339618,15.03444132791892,-0.05177603853100543,
566,bj920808,2025-09-22 00:00:00,95.13652271548908,1,2025-09-30,D4,danger,exit,95.55633086363474,89.95888888835907,90.34871074020863,87.52560089824996,-0.05032569867619252,
567,bj920834,2025-09-23 00:00:00,16.34178405208578,2,2025-10-09,D4,danger,exit,16.10565953838918,15.426801561511443,15.495671211339618,15.03444132791892,-0.05177603853100543,
568,sz300250,2025-09-23 00:00:00,26.39,2,2025-10-09,D4,danger,exit,27.59,24.6,24.8,24.2788,-0.060250094732853365,
569,bj920237,2025-09-23 00:00:00,26.707785547785544,1,2025-09-25,D4,danger,exit,26.997202797202792,26.228438228438222,26.228438228438222,24.571162703962703,-0.017947849644429525,
570,bj920926,2025-09-23 00:00:00,18.59361111111111,5,2025-10-16,D2,danger,exit,19.260119047619046,18.534801587301587,18.691626984126984,17.106122222222222,0.005271481286241553,
571,bj920252,2025-09-25 00:00:00,30.663633026683,1,2025-10-14,D4,danger,exit,30.923155962455713,28.188183485466407,28.188183485466407,28.21054238454836,-0.08072916666666663,
572,sh688585,2025-09-25 00:00:00,84.71,1,2025-10-16,D4,danger,exit,87.0,82.07,82.35,77.9332,-0.027859756817376957,
573,sz002364,2025-09-25 00:00:00,29.37,1,2025-09-30,D4,danger,exit,30.19,27.88,28.27,27.0204,-0.03745318352059934,
574,bj920925,2025-09-25 00:00:00,31.98,9,2025-10-17,D5,danger,reduce,33.46,32.19,32.73,29.4216,0.023452157598498946,
576,sh605028,2025-09-26 00:00:00,25.15771635832812,1,2025-10-14,D4,danger,exit,25.671336915720794,24.721623432239998,24.86698774093604,23.315704345462283,-0.01155624036979963,
578,bj920690,2025-09-26 00:00:00,23.76671257897416,1,2025-10-13,D4,danger,exit,24.34749228972662,23.54043476959008,24.106129293050273,21.865375572656227,0.014281180577594199,
579,bj920252,2025-09-29 00:00:00,30.663633026683,1,2025-10-14,D4,danger,exit,30.923155962455713,28.188183485466407,28.188183485466407,28.21054238454836,-0.08072916666666663,
580,sz000559,2025-09-29 00:00:00,11.432827282728274,1,2025-10-14,E1,exhaustion,reduce,12.164686468646865,11.235027502750274,11.422937293729374,10.518201100110012,-0.0008650519031141446,
582,sh603179,2025-09-29 00:00:00,49.24509491992789,1,2025-10-16,D4,danger,exit,51.849676529854705,49.17393148796267,50.17021953547567,45.305487326333655,0.018786127167630173,
584,sh601929,2025-09-29 00:00:00,3.69,5,2025-10-20,D5,danger,reduce,3.59,3.5,3.55,3.3948,-0.03794037940379402,
585,sz301488,2025-09-29 00:00:00,164.68419327140737,1,2025-10-10,D4,danger,exit,165.03310046054173,157.90542502536883,158.50355163531339,151.5094578096948,-0.03753026634382561,
586,sh603496,2025-09-30 00:00:00,30.094683857215028,1,2025-10-14,D4,danger,exit,30.3646361708844,28.99487813485833,29.054867537895966,27.687109148637827,-0.03455149501661148,
587,sh688228,2025-09-30 00:00:00,219.0,2,2025-10-14,D4,danger,exit,260.0,185.44,192.0,201.48,-0.12328767123287676,
588,sz300593,2025-09-30 00:00:00,20.62,1,2025-10-14,D4,danger,exit,20.7,19.28,19.4,18.9704,-0.05916585838991284,
590,bj920978,2025-10-10 00:00:00,39.85715113174516,4,2025-10-20,D4,danger,exit,42.64567369547418,37.1178957511209,37.78792944134554,36.668579041205554,-0.05191594561186641,
591,sh600635,2025-10-10 00:00:00,7.19,5,2025-10-27,D5,danger,reduce,7.4,6.97,7.04,6.614800000000001,-0.020862308762169768,
592,sz301489,2025-10-10 00:00:00,185.58806967125577,1,2025-10-14,D4,danger,exit,189.1570710110876,149.91233227829667,160.5979222897532,170.7410240975553,-0.13465384615384624,
593,bj920505,2025-10-13 00:00:00,56.99952606635071,2,2025-10-22,D4,danger,exit,55.21423907319642,52.32187467087941,52.700874144286466,52.43956398104265,-0.07541557305336832,
594,sh688228,2025-10-13 00:00:00,188.0,3,2025-10-20,D4,danger,exit,190.0,176.0,180.29,172.96,-0.04101063829787244,
595,sh600635,2025-10-13 00:00:00,7.19,5,2025-10-27,D5,danger,reduce,7.4,6.97,7.04,6.614800000000001,-0.020862308762169768,
596,sz300469,2025-10-13 00:00:00,80.0,1,2025-10-20,D4,danger,exit,80.3,71.0,72.67,73.60000000000001,-0.09162499999999996,
597,bj920396,2025-10-13 00:00:00,35.51,1,2025-10-16,D4,danger,exit,35.98,33.59,34.05,32.6692,-0.04111517882286686,
598,bj920807,2025-10-13 00:00:00,18.77211843202669,1,2025-10-21,E1,exhaustion,reduce,19.32744787322769,18.593619683069225,18.8018682235196,17.341958400517274,0.0015847860538826808,
599,bj920061,2025-10-13 00:00:00,35.051513420498175,5,2025-10-27,D5,danger,reduce,35.24098106060898,34.5030544622827,34.80221389403659,32.24739234685832,-0.00711237553342825,
600,bj920505,2025-10-14 00:00:00,56.99952606635071,2,2025-10-22,D4,danger,exit,55.21423907319642,52.32187467087941,52.700874144286466,52.43956398104265,-0.07541557305336832,
601,bj920505,2025-10-15 00:00:00,56.99952606635071,2,2025-10-22,D4,danger,exit,55.21423907319642,52.32187467087941,52.700874144286466,52.43956398104265,-0.07541557305336832,
602,sz300948,2025-10-15 00:00:00,19.99,2,2025-10-20,D4,danger,exit,19.47,18.0,18.36,18.3908,-0.08154077038519258,
603,bj920225,2025-10-15 00:00:00,30.876494023904375,5,2025-10-24,D5,danger,reduce,34.44223107569721,31.78286852589641,32.74900398406374,28.40637450199203,0.06064516129032271,
604,sz002370,2025-10-16 00:00:00,7.08,7,2025-10-30,D5,danger,reduce,7.44,7.06,7.21,6.552268187503007,0.01836158192090398,
605,bj920047,2025-10-16 00:00:00,25.84,1,2025-10-22,E1,exhaustion,reduce,26.66,25.52,25.92,23.90067267574775,0.003095975232198178,
608,sz300620,2025-10-17 00:00:00,107.91881530481848,8,2025-10-31,D4,danger,exit,110.76667293091784,104.19161918364279,104.62129594828235,99.285310080433,-0.03055555555555567,
609,bj920169,2025-10-17 00:00:00,31.8,5,2025-11-03,D5,danger,reduce,33.5,32.39,32.8,29.256,0.03144654088050314,
611,sz002571,2025-10-17 00:00:00,7.76,1,2025-10-24,D4,danger,exit,7.81,7.5,7.5,7.1392,-0.03350515463917525,
612,sh600408,2025-10-20 00:00:00,3.09,1,2025-10-24,D4,danger,exit,3.09,2.87,2.87,2.8428,-0.07119741100323618,
613,sz300250,2025-10-20 00:00:00,25.5,1,2025-10-22,D4,danger,exit,25.52,24.42,24.61,23.46,-0.034901960784313735,
614,sh603083,2025-10-20 00:00:00,110.48189365451776,3,2025-10-28,E1,exhaustion,reduce,128.4545469376747,117.52118285708755,119.09878242305355,101.64334216215632,0.07799367374604582,
615,sz301617,2025-10-20 00:00:00,69.03242534879196,9,2025-11-05,D5,danger,reduce,67.74396323807125,65.22072493790988,65.83427832396735,63.50983132088861,-0.04632818575713815,
616,bj920839,2025-10-21 00:00:00,48.96,5,2025-11-05,D2,danger,exit,49.2,47.35,48.04,45.043200000000006,-0.01879084967320266,
617,sh688148,2025-10-21 00:00:00,7.4,1,2025-10-24,D4,danger,exit,7.45,7.02,7.12,6.808000000000001,-0.037837837837837895,
619,bj920225,2025-10-21 00:00:00,31.87250996015936,1,2025-10-28,D4,danger,exit,33.96414342629482,31.075697211155376,32.86852589641434,29.32270916334661,0.03125,
620,sh688195,2025-10-21 00:00:00,85.67311313290641,5,2025-10-31,D4,danger,exit,84.50938667951776,77.64839820279084,78.26952827300441,78.8192640822739,-0.0864166666666667,
621,sz000969,2025-10-21 00:00:00,22.58,4,2025-10-31,D2,danger,exit,23.45,20.93,21.24,20.7736,-0.05934455270150574,
622,bj920694,2025-10-22 00:00:00,22.05728254690165,5,2025-11-05,D4,danger,exit,21.25126776577601,20.720477544059122,20.877748720864126,20.29269994314952,-0.05347593582887711,
623,bj920396,2025-10-22 00:00:00,33.52,1,2025-10-24,D4,danger,exit,35.58,33.16,34.06,30.838400000000004,0.01610978520286399,
625,sz000969,2025-10-22 00:00:00,22.58,4,2025-10-31,D2,danger,exit,23.45,20.93,21.24,20.7736,-0.05934455270150574,
626,bj920174,2025-10-22 00:00:00,56.87,5,2025-11-03,D4,danger,exit,56.0,53.85,54.01,52.3204,-0.05029013539651839,
627,sh688411,2025-10-22 00:00:00,275.53560982366906,7,2025-11-07,D4,danger,exit,284.9853870558888,259.20241591282195,267.57790268074723,253.49276103777555,-0.028880866425992746,
628,bj920225,2025-10-23 00:00:00,31.87250996015936,1,2025-10-28,D4,danger,exit,33.96414342629482,31.075697211155376,32.86852589641434,29.32270916334661,0.03125,
630,sh688577,2025-10-23 00:00:00,81.4304400873325,1,2025-10-30,D4,danger,exit,82.91434992936341,78.50522068581702,79.73352883256989,74.98116749349383,-0.020838782805824296,
631,bj920834,2025-10-23 00:00:00,16.253237359449553,8,2025-11-10,S1,strength,,17.88643191251773,16.73532490824679,17.729015570053328,14.95297837069359,0.09079903147699775,strong
631,bj920834,2025-10-23 00:00:00,16.253237359449553,9,2025-11-11,S1,strength,,18.466904675355213,17.15838132861987,18.181587554638487,16.30547947801955,0.1186440677966103,strong
631,bj920834,2025-10-23 00:00:00,16.253237359449553,10,2025-11-12,S1,strength,,21.939902730976094,17.955301562345905,19.037538916788677,16.728535898392632,0.17130750605326917,strong
632,bj920694,2025-10-23 00:00:00,22.05728254690165,5,2025-11-05,D4,danger,exit,21.25126776577601,20.720477544059122,20.877748720864126,20.29269994314952,-0.05347593582887711,
634,bj920896,2025-10-23 00:00:00,25.8,3,2025-11-03,D4,danger,exit,24.55,23.33,23.5,23.736,-0.08914728682170547,
635,bj920642,2025-10-24 00:00:00,16.85,5,2025-11-04,D5,danger,reduce,16.97,16.33,16.7,15.502000000000002,-0.008902077151335397,
636,sh688249,2025-10-24 00:00:00,33.5,1,2025-11-04,D4,danger,exit,34.12,32.16,32.37,30.82,-0.03373134328358218,
637,sh688228,2025-10-24 00:00:00,198.0,1,2025-10-28,D4,danger,exit,201.0,188.0,191.55,182.16,-0.03257575757575748,
639,bj920396,2025-10-27 00:00:00,38.14,1,2025-10-30,D4,danger,exit,38.6,36.2,36.22,35.0888,-0.05034084950183537,
641,sz301097,2025-10-28 00:00:00,40.5995804582457,1,2025-10-30,D4,danger,exit,41.53997478094627,39.4470671153871,39.59555042949772,38.47394987449659,-0.02473005921281779,
642,sz000969,2025-10-28 00:00:00,20.63,3,2025-11-07,D4,danger,exit,21.29,20.17,20.26,18.9796,-0.017935046049442405,
643,bj920706,2025-10-28 00:00:00,25.259328859060403,1,2025-11-03,D4,danger,exit,25.944697986577182,24.583892617449663,24.81234899328859,23.23858255033557,-0.017695635076681038,
644,sh603192,2025-10-28 00:00:00,25.64325113236034,5,2025-11-12,D4,danger,exit,25.4358933064922,24.912561650729742,25.149542023150477,23.591791041771515,-0.019252984212552948,
646,bj920553,2025-10-29 00:00:00,12.46751445086705,1,2025-11-06,D4,danger,exit,12.527167630057802,12.059884393063584,12.089710982658959,11.4964682312527,-0.030303030303030165,
647,bj920357,2025-10-29 00:00:00,21.30104908768449,2,2025-11-10,E1,exhaustion,reduce,20.994559172753778,20.580797787597316,20.91027444614783,19.596965160669733,-0.01834532374100728,
648,sh603011,2025-10-29 00:00:00,24.35,2,2025-11-07,D4,danger,exit,23.79,22.75,22.78,22.402,-0.06447638603696104,
649,sz300260,2025-10-29 00:00:00,55.6,1,2025-11-07,D4,danger,exit,56.53,55.2,55.64,51.152,0.0007194244604316058,
650,bj920706,2025-10-29 00:00:00,25.259328859060403,1,2025-11-03,D4,danger,exit,25.944697986577182,24.583892617449663,24.81234899328859,23.23858255033557,-0.017695635076681038,
651,bj920748,2025-10-30 00:00:00,60.15,4,2025-11-10,D4,danger,exit,58.35,54.98,54.98,55.338,-0.08595178719867003,
652,bj920641,2025-10-30 00:00:00,21.55,1,2025-11-03,E1,exhaustion,reduce,22.08,21.05,21.51,19.826,-0.001856148491879317,
653,bj920971,2025-10-30 00:00:00,38.92834372834373,1,2025-11-03,D4,danger,exit,40.14981981981982,36.98192654192655,37.11102564102564,35.81407623007624,-0.04668367346938773,
654,sh603232,2025-10-30 00:00:00,23.7,1,2025-11-05,D4,danger,exit,25.45,23.11,23.22,21.804,-0.020253164556962022,
655,bj920505,2025-10-30 00:00:00,54.236819378620325,1,2025-11-03,D4,danger,exit,54.84521327014218,52.67095313322802,52.700874144286466,49.8978738283307,-0.028319235012872368,
656,bj920748,2025-10-31 00:00:00,60.15,2,2025-11-06,D4,danger,exit,60.79,56.56,56.65,55.338,-0.058187863674147966,
658,bj920670,2025-10-31 00:00:00,18.040264024028943,3,2025-11-07,D2,danger,exit,17.721320129681473,16.80435643343249,16.80435643343249,16.597042902106633,-0.06850828729281744,
659,bj920396,2025-11-03 00:00:00,36.16,3,2025-11-07,D4,danger,exit,38.33,35.22,35.47,33.267199999999995,-0.019081858407079544,
660,bj920284,2025-11-03 00:00:00,41.8,2,2025-11-07,D4,danger,exit,43.27,40.05,40.1,38.456,-0.04066985645933008,
661,bj920748,2025-11-04 00:00:00,56.01,5,2025-11-19,D2,danger,exit,56.85,53.8,54.07,51.5292,-0.03463667202285303,
662,sz300402,2025-11-04 00:00:00,25.31,2,2025-11-10,D4,danger,exit,26.47,24.7,25.06,23.2852,-0.009877518767285709,
663,bj920953,2025-11-04 00:00:00,38.88,2,2025-11-14,D4,danger,exit,39.7,37.51,37.76,35.769600000000004,-0.02880658436214001,
664,sz300111,2025-11-05 00:00:00,7.89,1,2025-11-11,E1,exhaustion,reduce,8.08,7.6,7.86,7.2588,-0.0038022813688212143,
665,sh605255,2025-11-05 00:00:00,91.4969799032276,5,2025-11-17,S1,strength,,104.14779000742024,92.07152485777887,103.45800333910462,84.17722151096939,0.1307258824119406,strong
665,sh605255,2025-11-05 00:00:00,91.4969799032276,6,2025-11-18,S1,strength,,113.80480336383873,101.48861241652237,113.80480336383873,88.1673375993997,0.24380939659653422,strong
668,bj920971,2025-11-05 00:00:00,36.04844074844075,1,2025-11-12,D4,danger,exit,36.544975744975744,34.18146916146917,34.27084546084546,33.164565488565486,-0.049311294765840286,
669,sh688228,2025-11-06 00:00:00,176.9,2,2025-11-11,D2,danger,exit,171.5,163.05,164.3,162.74800000000002,-0.07122668174109659,
673,sz300821,2025-11-10 00:00:00,14.570990227729762,1,2025-11-18,E1,exhaustion,reduce,15.629609120217326,14.18149837105981,14.521055374310537,13.40531100951138,-0.0034270047978067764,
674,bj920225,2025-11-10 00:00:00,44.5019920318725,1,2025-11-18,D4,danger,exit,45.80677290836653,41.83266932270916,42.70916334661354,40.94183266932271,-0.04028648164726922,
675,bj920304,2025-11-11 00:00:00,14.919523326572008,2,2025-11-17,E1,exhaustion,reduce,15.953549695740364,14.998306288032454,15.786135902636916,13.725961460446246,0.05808580858085799,
676,sz300131,2025-11-11 00:00:00,11.23,1,2025-11-19,E1,exhaustion,reduce,11.62,11.0,11.21,10.331600000000002,-0.0017809439002670624,
677,bj920748,2025-11-12 00:00:00,63.5,2,2025-11-18,D4,danger,exit,60.52,55.02,55.85,58.42,-0.12047244094488185,
678,bj920765,2025-11-12 00:00:00,25.74559397564795,6,2025-11-25,D4,danger,exit,24.923082697750033,24.407774427259774,24.506872171584828,23.685946457596117,-0.048113933795227104,
679,bj920834,2025-11-13 00:00:00,16.951772379135342,1,2025-11-24,D4,danger,exit,16.951772379135342,15.8400194604805,16.400815180509934,15.595630588804514,-0.032501450957632017,
680,bj920304,2025-11-13 00:00:00,15.815679513184582,1,2025-11-17,E1,exhaustion,reduce,15.953549695740364,14.998306288032454,15.786135902636916,14.550425152129815,-0.0018679950186798466,
681,bj920748,2025-11-14 00:00:00,59.98,1,2025-11-18,D4,danger,exit,60.52,55.02,55.85,55.1816,-0.0688562854284761,
682,bj920304,2025-11-14 00:00:00,14.968762677484785,2,2025-11-26,D4,danger,exit,16.052028397565923,14.348346855983772,14.505912778904664,13.771261663286005,-0.03092105263157885,
683,bj920834,2025-11-14 00:00:00,16.951772379135342,1,2025-11-24,D4,danger,exit,16.951772379135342,15.8400194604805,16.400815180509934,15.595630588804514,-0.032501450957632017,
684,bj920522,2025-11-17 00:00:00,44.93751168151517,2,2025-11-21,D4,danger,exit,44.75220235499346,42.61401781820447,42.7636907357797,41.34251074699396,-0.04837430610626492,
685,sz002047,2025-11-17 00:00:00,3.66,1,2025-11-24,D4,danger,exit,3.79,3.52,3.52,3.3672000000000004,-0.03825136612021862,
686,sz002620,2025-11-18 00:00:00,6.07,2,2025-11-26,E1,exhaustion,reduce,6.24,5.95,5.99,5.588223140028976,-0.01317957166392092,
688,sz002682,2025-11-18 00:00:00,5.44,2,2025-11-26,D4,danger,exit,5.53,5.32,5.34,5.041777929422223,-0.018382352941176516,
689,sz300612,2025-11-18 00:00:00,21.86,1,2025-11-20,D4,danger,exit,21.86,20.34,20.55,20.1112,-0.05992680695333941,
690,bj920670,2025-11-18 00:00:00,16.963828380606223,3,2025-11-27,D4,danger,exit,17.033597357494735,16.256171615022765,16.30600659851456,15.606722110157726,-0.03877790834312567,
691,bj920304,2025-11-19 00:00:00,14.968762677484785,5,2025-12-01,D4,danger,exit,14.555152129817442,14.151389452332655,14.200628803245435,13.771261663286005,-0.051315789473684204,
692,sz000547,2025-11-20 00:00:00,13.27,2,2025-11-26,D4,danger,exit,14.5,12.69,12.69,12.28034124109179,-0.04370761115297661,
693,sz002877,2025-11-20 00:00:00,9.3,4,2025-12-04,D4,danger,exit,9.39,9.11,9.11,8.556000000000001,-0.020430107526881902,
694,sz002213,2025-11-20 00:00:00,29.3,1,2025-11-26,D4,danger,exit,29.66,27.48,27.62,26.956000000000003,-0.05733788395904438,
696,sh605598,2025-11-21 00:00:00,43.91998203838145,5,2025-12-03,D4,danger,exit,46.20581746719721,41.30474674427783,41.753928378761266,40.40638347531093,-0.04931818181818193,
697,sz000547,2025-11-24 00:00:00,14.39,1,2025-11-26,D4,danger,exit,14.5,12.69,12.69,13.2388,-0.11813759555246706,
698,sh600403,2025-11-25 00:00:00,7.92,8,2025-12-09,D4,danger,exit,8.0,7.52,7.67,7.2864,-0.031565656565656575,
699,sz000620,2025-11-25 00:00:00,3.25,3,2025-12-03,D4,danger,exit,3.21,3.05,3.07,2.99,-0.055384615384615477,
700,sh688028,2025-11-26 00:00:00,66.02710383708168,1,2025-12-05,D4,danger,exit,66.78626569663058,63.320092469479704,63.92941975148605,60.74493553011515,-0.0317700453857791,
701,bj920857,2025-11-26 00:00:00,33.39,1,2025-12-04,D4,danger,exit,33.79,33.08,33.08,30.7188,-0.009284216831386694,
702,sz301111,2025-11-27 00:00:00,24.21620938628159,1,2025-12-02,D4,danger,exit,24.904963898916968,23.10821299638989,24.236173285198557,22.278912635379065,0.0008244023083263663,
705,sz001203,2025-11-28 00:00:00,27.8,4,2025-12-12,D4,danger,exit,28.1,25.94,26.23,25.576,-0.05647482014388494,
706,sz300475,2025-11-28 00:00:00,127.01,5,2025-12-12,D5,danger,reduce,149.92,137.8,141.99,116.8492,0.11794346901818753,
708,sz301308,2025-11-28 00:00:00,245.52812379808756,1,2025-12-02,E1,exhaustion,reduce,248.51226708558104,241.78546917330468,244.92929905812227,225.88587389424052,-0.002438925246941337,
709,bj920821,2025-12-01 00:00:00,27.26,5,2025-12-11,S1,strength,,29.55,26.19,28.3,25.079200000000004,0.03815113719735863,strong
709,bj920821,2025-12-01 00:00:00,27.26,6,2025-12-12,E1,exhaustion,reduce,29.3,27.21,28.0,25.341505095731026,0.027146001467351466,
710,bj920701,2025-12-01 00:00:00,20.5,1,2025-12-04,D4,danger,exit,20.98,19.71,19.94,18.86,-0.02731707317073162,
711,sz300390,2025-12-01 00:00:00,50.9,5,2025-12-15,D5,danger,reduce,50.16,46.71,47.84,46.828,-0.060117878192534335,
712,sh600734,2025-12-02 00:00:00,6.03,1,2025-12-04,D4,danger,exit,6.03,5.54,5.54,5.5476,-0.08126036484245447,
715,sz003041,2025-12-02 00:00:00,46.41,1,2025-12-08,E1,exhaustion,reduce,46.88,45.01,46.3,42.6972,-0.0023701788407670676,
716,sh600734,2025-12-03 00:00:00,6.13,4,2025-12-11,D2,danger,exit,6.25,5.67,5.69,5.6396,-0.07177814029363772,
717,sh688670,2025-12-03 00:00:00,25.38,1,2025-12-11,D4,danger,exit,25.68,23.33,23.4,23.3496,-0.07801418439716312,
718,sh600408,2025-12-03 00:00:00,5.26,2,2025-12-09,D4,danger,exit,5.11,4.74,4.81,4.8392,-0.0855513307984791,
719,bj920982,2025-12-03 00:00:00,228.89,5,2025-12-12,S1,strength,,283.0,246.3,275.5,220.51580284927667,0.20363493381100106,strong
720,sz002474,2025-12-03 00:00:00,10.6,6,2025-12-15,D2,danger,exit,10.33,9.91,10.22,9.752,-0.035849056603773466,
721,sh600829,2025-12-03 00:00:00,13.26,2,2025-12-09,D4,danger,exit,13.44,12.62,12.77,12.1992,-0.036953242835595757,
722,bj920225,2025-12-04 00:00:00,32.49003984063744,4,2025-12-11,E1,exhaustion,reduce,34.16334661354581,30.876494023904378,31.85258964143426,29.89083665338645,-0.01961986511342717,
724,sz000692,2025-12-04 00:00:00,3.81,1,2025-12-11,D4,danger,exit,3.83,3.65,3.66,3.5484900082043787,-0.03937007874015741,
725,sh603353,2025-12-04 00:00:00,30.86080629521544,2,2025-12-12,D4,danger,exit,29.89640609848996,29.011544062319153,29.508657565785896,28.391941791598207,-0.04381443298969079,
727,sh600151,2025-12-05 00:00:00,14.64,5,2025-12-16,S1,strength,,18.26,15.28,17.18,13.468800000000002,0.17349726775956276,strong
728,bj920225,2025-12-05 00:00:00,33.85458167330677,3,2025-12-11,E1,exhaustion,reduce,34.16334661354581,30.876494023904378,31.85258964143426,31.146215139442223,-0.05913503971756395,
729,sz301111,2025-12-05 00:00:00,20.98205776173285,1,2025-12-16,D4,danger,exit,21.0120036101083,19.96389891696751,20.10364620938628,19.303493140794224,-0.04186489058039966,
731,sz001203,2025-12-08 00:00:00,28.11,1,2025-12-11,D4,danger,exit,28.46,26.9,27.1,25.8612,-0.03593027392387049,
732,sz002240,2025-12-08 00:00:00,32.51,2,2025-12-12,D4,danger,exit,33.68,29.57,29.99,29.9092,-0.07751461088895728,
733,sz300390,2025-12-08 00:00:00,52.9,2,2025-12-12,D4,danger,exit,53.87,48.42,49.62,48.668,-0.062003780718336454,
735,sh600734,2025-12-09 00:00:00,5.65,1,2025-12-16,D4,danger,exit,5.68,5.27,5.27,5.198,-0.06725663716814168,
736,sz300959,2025-12-09 00:00:00,128.98,1,2025-12-12,D4,danger,exit,128.98,113.46,115.17,118.6616,-0.10707086369979835,
737,sh688109,2025-12-09 00:00:00,123.39805194805194,5,2025-12-24,S1,strength,,149.512987012987,121.73347402597402,143.90126623376622,113.5262077922078,0.16615508885298857,strong
739,sz300300,2025-12-10 00:00:00,17.5,1,2025-12-12,D4,danger,exit,18.13,16.56,16.58,16.1,-0.05257142857142871,
740,sh600828,2025-12-10 00:00:00,6.4,6,2025-12-23,D4,danger,exit,6.26,5.76,5.79,5.888000000000001,-0.09531250000000002,
741,bj920790,2025-12-10 00:00:00,33.98139453805926,2,2025-12-15,S3,strength,,35.591981406159206,33.802440441603714,34.86622312608948,32.20346990534719,0.026038619075482883,moderate
741,bj920790,2025-12-10 00:00:00,33.98139453805926,6,2025-12-19,S1,strength,,37.27216153399186,34.418837884950605,36.04930854154561,33.38488088320744,0.06085430076067877,strong
741,bj920790,2025-12-10 00:00:00,33.98139453805926,7,2025-12-22,D5,danger,reduce,36.65576409064497,35.4925624636839,35.7510517141197,33.5897798410291,0.052077238150965544,
741,bj920790,2025-12-10 00:00:00,33.98139453805926,7,2025-12-22,E1,exhaustion,reduce,36.65576409064497,35.4925624636839,35.7510517141197,35.7510517141197,0.052077238150965544,
743,sz002713,2025-12-11 00:00:00,10.33,1,2025-12-16,D4,danger,exit,10.37,9.67,9.67,9.5036,-0.06389157792836397,
744,bj920961,2025-12-12 00:00:00,29.14773269482046,3,2025-12-23,D4,danger,exit,29.24755369719998,27.390883052940872,27.67038185960353,26.815914079234823,-0.050684931506849384,
745,sz300265,2025-12-12 00:00:00,13.11,1,2025-12-17,D4,danger,exit,13.7,12.45,12.85,12.0612,-0.019832189168573544,
747,sh603709,2025-12-12 00:00:00,17.35,1,2025-12-22,D4,danger,exit,17.55,16.9,16.91,15.962000000000002,-0.025360230547550544,
748,bj920665,2025-12-15 00:00:00,16.3,2,2025-12-22,D4,danger,exit,16.25,15.37,15.46,14.996,-0.05153374233128838,
749,sh600408,2025-12-15 00:00:00,4.8,1,2025-12-18,E1,exhaustion,reduce,5.0,4.62,4.79,4.416,-0.002083333333333326,
750,bj920943,2025-12-15 00:00:00,27.0,5,2025-12-25,S1,strength,,31.08,27.0,28.66,24.84,0.06148148148148147,strong
751,sh688670,2025-12-15 00:00:00,21.39,5,2025-12-30,D4,danger,exit,21.21,20.5,20.71,19.678800000000003,-0.03179055633473582,
752,bj920857,2025-12-15 00:00:00,37.76,5,2025-12-25,D5,danger,reduce,37.8,35.91,36.58,34.7392,-0.03125,
753,bj920665,2025-12-16 00:00:00,16.3,2,2025-12-22,D4,danger,exit,16.25,15.37,15.46,14.996,-0.05153374233128838,
755,bj920961,2025-12-16 00:00:00,29.14773269482046,3,2025-12-23,D4,danger,exit,29.24755369719998,27.390883052940872,27.67038185960353,26.815914079234823,-0.050684931506849384,
756,sz002565,2025-12-16 00:00:00,17.31,2,2025-12-22,D4,danger,exit,16.5,15.47,15.7,15.9252,-0.09300982091276722,
757,bj920942,2025-12-16 00:00:00,31.8,1,2025-12-18,D4,danger,exit,32.0,31.14,31.16,30.307315204666043,-0.020125786163522008,
758,bj920726,2025-12-17 00:00:00,23.115482352128804,1,2025-12-22,D4,danger,exit,23.634258822698808,22.846117646255916,23.374870587413803,21.2662437639585,0.01122140699179952,
759,bj920171,2025-12-17 00:00:00,24.99,3,2025-12-29,D4,danger,exit,24.65,23.3,23.3,22.9908,-0.06762705082032805,
761,bj920662,2025-12-17 00:00:00,30.645957640143003,5,2025-12-30,D5,danger,reduce,32.11759999275207,29.930023522657507,30.059289404981275,28.194281028931563,-0.019143413367943007,
762,sh603843,2025-12-17 00:00:00,4.47,1,2025-12-23,D4,danger,exit,4.62,4.46,4.46,4.1124,-0.0022371364653243075,
763,bj920116,2025-12-18 00:00:00,58.14529880648252,6,2026-01-05,S1,strength,,69.62312800285478,60.84890183036386,64.55833078133563,53.49367490196392,0.11029321555637317,strong
763,bj920116,2025-12-18 00:00:00,58.14529880648252,10,2026-01-09,S1,strength,,76.6282419064207,67.46167228719239,71.42790785784682,58.40620111647958,0.22843822843822825,strong
764,bj920943,2025-12-18 00:00:00,26.5,1,2025-12-23,D4,danger,exit,27.92,25.46,25.6,24.380000000000003,-0.03396226415094339,
765,bj920171,2025-12-18 00:00:00,24.99,3,2025-12-29,D4,danger,exit,24.65,23.3,23.3,22.9908,-0.06762705082032805,
766,bj920665,2025-12-18 00:00:00,15.44,3,2025-12-29,D2,danger,exit,15.19,14.5,14.6,14.2048,-0.05440414507772018,
768,bj920751,2025-12-19 00:00:00,21.1,5,2025-12-31,D5,danger,reduce,21.59,20.72,20.87,19.412000000000003,-0.010900473933649346,
770,bj920075,2025-12-19 00:00:00,28.456230293118,1,2025-12-23,D4,danger,exit,28.908384556842847,27.55192176566831,28.279300363834366,26.239602932534037,-0.006217616580310836,
771,bj920171,2025-12-19 00:00:00,24.99,3,2025-12-29,D4,danger,exit,24.65,23.3,23.3,22.9908,-0.06762705082032805,
772,bj920665,2025-12-19 00:00:00,15.44,3,2025-12-29,D2,danger,exit,15.19,14.5,14.6,14.2048,-0.05440414507772018,
773,bj920651,2025-12-19 00:00:00,43.52674620390456,2,2025-12-25,D4,danger,exit,43.97277657266812,41.461431670281996,41.59718004338394,40.04460650759219,-0.044330585876587336,
775,bj920075,2025-12-22 00:00:00,27.876293302688307,1,2025-12-24,E1,exhaustion,reduce,28.259641482802852,27.32584463380589,27.964758267330126,25.679702499992477,0.003173483779971731,
776,sz002149,2025-12-23 00:00:00,42.04,6,2026-01-05,S2,strength,,46.86,43.71,46.03,38.6768,0.09490960989533792,moderate
777,sz002853,2025-12-23 00:00:00,22.72,1,2025-12-29,D4,danger,exit,23.48,20.89,21.08,20.9024,-0.07218309859154937,
778,bj920786,2025-12-23 00:00:00,10.61,1,2025-12-25,D4,danger,exit,10.65,10.31,10.32,9.7612,-0.027332704995287394,
779,bj920098,2025-12-25 00:00:00,31.11,3,2026-01-07,E1,exhaustion,reduce,31.56,30.88,31.13,28.6212,0.0006428801028608433,
780,sh603122,2025-12-25 00:00:00,25.48,1,2025-12-29,D4,danger,exit,25.95,24.0,24.49,23.4416,-0.03885400313971754,
781,sz000609,2025-12-25 00:00:00,9.3,1,2025-12-30,D4,danger,exit,9.41,8.74,8.74,8.556000000000001,-0.06021505376344094,
782,bj920662,2025-12-25 00:00:00,32.81364705141853,1,2025-12-29,D4,danger,exit,33.77816940414204,30.178611757895528,30.65590116955252,30.188555287305046,-0.06575757575757579,
783,bj920857,2025-12-26 00:00:00,36.2,7,2026-01-12,D1,danger,exit,37.0,31.96,33.23,33.304,-0.08204419889502779,
784,bj920662,2025-12-26 00:00:00,29.134541169895844,11,2026-01-20,D4,danger,exit,29.900192934428944,28.05069646425808,28.229679993629457,26.803777876304174,-0.031058020477815584,
785,sz301292,2025-12-26 00:00:00,68.53,4,2026-01-07,D4,danger,exit,64.84,61.5,62.15,63.0476,-0.09309791332263251,
787,bj920023,2025-12-26 00:00:00,4.64,5,2026-01-13,S1,strength,,5.04,4.72,4.86,4.2688,0.0474137931034484,strong
787,bj920023,2025-12-26 00:00:00,4.64,6,2026-01-14,E1,exhaustion,reduce,4.95,4.71,4.85,4.558104436398242,0.04525862068965525,
788,sh603843,2025-12-29 00:00:00,6.0,6,2026-01-14,D4,danger,exit,5.84,5.84,5.84,5.56904879683397,-0.026666666666666727,
789,sz002591,2025-12-30 00:00:00,6.95,1,2026-01-07,D4,danger,exit,6.98,6.79,6.82,6.407676584545949,-0.018705035971222972,
790,sh603843,2025-12-30 00:00:00,6.0,9,2026-01-19,D4,danger,exit,5.92,5.51,5.62,5.5200000000000005,-0.06333333333333335,
791,bj920533,2025-12-30 00:00:00,30.3,9,2026-01-21,D5,danger,reduce,30.8,30.12,30.3,28.16489951552846,0.0,
793,bj920130,2025-12-31 00:00:00,28.78,5,2026-01-16,D4,danger,exit,28.0,26.41,26.63,26.4776,-0.07470465601111886,
795,bj920533,2025-12-31 00:00:00,30.3,9,2026-01-21,D5,danger,reduce,30.8,30.12,30.3,28.142190691235776,0.0,
796,sz002347,2026-01-05 00:00:00,12.75,1,2026-01-07,D4,danger,exit,13.38,12.23,12.71,11.73,-0.0031372549019607066,
798,sz300599,2026-01-05 00:00:00,9.826174496644295,5,2026-01-15,D5,danger,reduce,10.421700223713646,9.935354213273676,10.14378821774795,9.040080536912752,0.03232323232323231,
801,bj920576,2026-01-07 00:00:00,94.0,1,2026-01-15,D4,danger,exit,95.0,88.1,89.6,86.48,-0.04680851063829794,
802,sz301363,2026-01-07 00:00:00,28.420340681362728,1,2026-01-09,D4,danger,exit,28.484111079301464,26.37968794732322,26.606427139994274,26.14671342685371,-0.06382448267265028,
803,bj920751,2026-01-09 00:00:00,27.99,1,2026-01-13,D4,danger,exit,27.99,24.55,24.69,25.7508,-0.11789924973204702,
804,bj920751,2026-01-12 00:00:00,26.52,5,2026-01-27,D5,danger,reduce,27.38,26.2,26.68,24.3984,0.006033182503770718,
805,bj920092,2026-01-12 00:00:00,42.36,2,2026-01-21,D4,danger,exit,41.85,40.09,40.36,38.9712,-0.047214353163361644,
809,bj920130,2026-01-14 00:00:00,27.45,2,2026-01-21,D4,danger,exit,26.69,25.81,26.0,25.254,-0.05282331511839711,
810,sh603828,2026-01-14 00:00:00,7.44,5,2026-01-29,D4,danger,exit,7.32,6.99,6.99,6.8448,-0.06048387096774199,
811,bj920270,2026-01-15 00:00:00,20.909259260804564,1,2026-01-21,D4,danger,exit,21.108395063288416,19.953407408882068,20.132629631117535,19.2365185199402,-0.037142857142857255,
812,sz301348,2026-01-16 00:00:00,34.46,2,2026-01-22,D4,danger,exit,36.54,32.66,33.2,31.874388725043108,-0.03656413232733602,
813,sz002112,2026-01-19 00:00:00,21.97,6,2026-01-28,D5,danger,reduce,23.88,21.8,22.63,20.2124,0.03004096495220754,
814,bj920299,2026-01-19 00:00:00,24.94323357710246,2,2026-01-27,D4,danger,exit,25.32055956274334,23.483577790544313,24.129003818614244,22.947774890934262,-0.03264331210191085,
815,sh688523,2026-01-19 00:00:00,65.01,5,2026-01-29,D5,danger,reduce,64.17,60.86,61.81,59.8092,-0.04922319643131834,
816,bj920021,2026-01-20 00:00:00,12.000099336957565,4,2026-01-28,D4,danger,exit,11.990115893249612,10.582450330428467,10.832036423127251,11.040091390000958,-0.09733777038269564,
818,bj920706,2026-01-20 00:00:00,28.745771812080537,2,2026-01-29,E1,exhaustion,reduce,28.517315436241613,27.514093959731543,28.259060402684565,26.44611006711409,-0.016931582584657878,
819,bj920471,2026-01-21 00:00:00,18.16271567891973,1,2026-01-27,D4,danger,exit,18.341365341335337,16.326594148537133,17.03126781695424,16.709698424606152,-0.06229508196721312,
820,sz002718,2026-01-21 00:00:00,75.0,5,2026-02-03,S2,strength,,79.5,73.35,78.5,69.0,0.046666666666666634,moderate
820,sz002718,2026-01-21 00:00:00,75.0,9,2026-02-09,D1,danger,exit,79.18,71.28,73.98,73.0,-0.013599999999999945,
824,bj920471,2026-01-22 00:00:00,18.16271567891973,1,2026-01-27,D4,danger,exit,18.341365341335337,16.326594148537133,17.03126781695424,16.709698424606152,-0.06229508196721312,
825,bj920427,2026-01-22 00:00:00,20.5,1,2026-01-26,D4,danger,exit,21.44,16.1,16.15,18.86,-0.2121951219512196,
826,bj920640,2026-01-22 00:00:00,46.53845862286797,5,2026-02-06,D5,danger,reduce,46.13040113708149,43.791535060012635,44.368787113076436,42.81538193303854,-0.04662104362703168,
830,bj920471,2026-01-23 00:00:00,19.155213803450863,4,2026-02-04,D4,danger,exit,20.47523630907727,17.46796699174794,17.864966241560392,17.622796699174796,-0.06735751295336778,
831,bj920640,2026-01-23 00:00:00,45.24461781427669,1,2026-01-28,E1,exhaustion,reduce,47.16547378395452,44.78679722046747,45.354096651926724,41.62504838913456,0.0024197096348439473,
832,bj920116,2026-01-23 00:00:00,79.4745152745702,1,2026-02-02,E1,exhaustion,reduce,82.0354479541834,77.76247114335246,79.55298396391767,73.11655405260458,0.0009873440445202775,
833,bj920471,2026-01-26 00:00:00,19.155213803450863,4,2026-02-04,D4,danger,exit,20.47523630907727,17.46796699174794,17.864966241560392,17.622796699174796,-0.06735751295336778,
834,bj920634,2026-01-26 00:00:00,27.454660347551343,6,2026-02-10,D4,danger,exit,27.305450236966823,26.2908214849921,26.410189573459714,25.25828751974724,-0.03804347826086962,
836,sz301636,2026-01-26 00:00:00,70.87,1,2026-01-28,D4,danger,exit,71.75,64.62,66.18,65.2004,-0.06617750811344714,
837,bj920427,2026-01-26 00:00:00,15.9,3,2026-01-30,D4,danger,exit,15.63,14.86,14.87,14.628,-0.06477987421383657,
838,bj920207,2026-01-27 00:00:00,31.45455661245781,4,2026-02-04,D4,danger,exit,30.678146670757904,28.896385394292732,29.11537281374655,28.93819208346119,-0.07436708860759489,
839,bj920414,2026-01-27 00:00:00,17.89,1,2026-02-05,D4,danger,exit,18.29,16.91,16.93,16.4588,-0.05366126327557297,
841,bj920471,2026-01-27 00:00:00,19.155213803450863,4,2026-02-04,D4,danger,exit,20.47523630907727,17.46796699174794,17.864966241560392,17.622796699174796,-0.06735751295336778,
842,bj920427,2026-01-27 00:00:00,15.34,1,2026-01-30,D4,danger,exit,15.63,14.86,14.87,14.1128,-0.030638852672751016,
843,bj920227,2026-01-27 00:00:00,82.76233976720201,4,2026-02-04,D4,danger,exit,83.71804773832326,78.00350523058789,79.2843509650803,76.14135258582586,-0.04202380952380946,
844,sh603601,2026-01-27 00:00:00,11.762231022986542,6,2026-02-05,D5,danger,reduce,12.421795379415695,11.24257425731509,11.79221122100605,10.82125254114762,0.002548853016142827,
845,sz001331,2026-01-27 00:00:00,52.34,8,2026-02-11,D4,danger,exit,53.88,50.5,51.33,48.152800000000006,-0.019296904852885044,
846,bj920634,2026-01-28 00:00:00,29.235234333859925,2,2026-02-05,D4,danger,exit,27.84260663507109,26.85781990521327,26.937398630858343,26.89641558715113,-0.07859816264035391,
847,bj920427,2026-01-28 00:00:00,15.34,1,2026-01-30,D4,danger,exit,15.63,14.86,14.87,14.1128,-0.030638852672751016,
849,bj920227,2026-01-29 00:00:00,82.06280094297924,2,2026-02-04,D4,danger,exit,83.71804773832326,78.00350523058789,79.2843509650803,75.4977768675409,-0.03385760595509668,
850,bj920021,2026-01-29 00:00:00,13.12822847595607,1,2026-02-04,D4,danger,exit,13.667334436185444,12.379470197859716,13.038377482584508,12.077970197879583,-0.00684410646387823,
851,bj920019,2026-01-29 00:00:00,23.7,7,2026-02-11,D2,danger,exit,23.75,22.99,22.99,21.804,-0.029957805907173007,
853,bj920564,2026-01-29 00:00:00,25.27207544333965,1,2026-02-04,D4,danger,exit,25.272075443339652,24.19065022687021,24.398616614652795,23.25030940787248,-0.03456221198156684,
854,sz000603,2026-01-29 00:00:00,48.39857556245775,5,2026-02-13,D5,danger,reduce,46.34753533084567,44.90384196393427,45.00340702372126,44.52668951746113,-0.07015017486113961,
855,bj920471,2026-01-30 00:00:00,18.877314328582145,1,2026-02-04,D4,danger,exit,20.47523630907727,17.46796699174794,17.864966241560392,17.367129182295574,-0.05362776025236582,
856,bj920088,2026-01-30 00:00:00,47.0,1,2026-02-04,E1,exhaustion,reduce,48.89,43.89,46.87,43.24,-0.00276595744680852,
857,sz301611,2026-01-30 00:00:00,128.37619335347435,2,2026-02-09,E1,exhaustion,reduce,130.35397784491443,122.44283987915409,127.3573346760658,118.1060978851964,-0.00793650793650813,
858,bj920087,2026-01-30 00:00:00,17.590933100448947,3,2026-02-12,D4,danger,exit,17.183459508856625,16.756109156698827,16.775985917264308,16.18365845241303,-0.04632768361581918,
859,sz000547,2026-01-30 00:00:00,31.5,1,2026-02-06,D4,danger,exit,32.58,30.27,30.35,28.98,-0.03650793650793649,
860,sz300785,2026-01-30 00:00:00,66.72587595281715,1,2026-02-09,E1,exhaustion,reduce,67.71182546316474,63.73815016388504,66.91509858611619,61.38780587659178,0.0028358208955223674,
861,sz002995,2026-01-30 00:00:00,36.1,6,2026-02-10,D2,danger,exit,33.98,30.6,30.6,33.212,-0.1523545706371191,
862,sh688365,2026-01-30 00:00:00,25.41,5,2026-02-24,D4,danger,exit,25.4,22.69,23.07,23.3772,-0.09208972845336483,
863,bj920087,2026-02-02 00:00:00,17.392165494794156,3,2026-02-11,D4,danger,exit,17.55117957931799,17.034383804615537,17.054260565181014,16.000792255210623,-0.01942857142857135,
864,sz300427,2026-02-02 00:00:00,15.49,2,2026-02-05,D4,danger,exit,15.15,14.6,14.6,14.250800000000002,-0.057456423499031684,
866,sz002131,2026-02-02 00:00:00,8.795278244428651,5,2026-02-13,E1,exhaustion,reduce,9.292748733366922,8.705733556419762,8.914671161773837,8.09165598487436,0.013574660633484337,
867,bj920021,2026-02-03 00:00:00,12.589122515726697,2,2026-02-06,D4,danger,exit,12.958509932920897,12.089950330329126,12.489288078647181,11.58199271446856,-0.007930214115781209,
868,sz300342,2026-02-03 00:00:00,51.7422191684056,1,2026-02-06,D4,danger,exit,54.731192029949895,50.69257986920108,50.69257986920108,47.60284163493315,-0.020285935085007645,
869,sh600986,2026-02-04 00:00:00,13.11,1,2026-02-13,D4,danger,exit,13.41,12.54,12.56,12.0612,-0.04195270785659799,
870,bj920985,2026-02-04 00:00:00,8.7,1,2026-02-13,D4,danger,exit,8.74,8.44,8.53,8.004,-0.019540229885057436,
871,bj920985,2026-02-05 00:00:00,9.0,1,2026-02-10,D4,danger,exit,9.02,8.62,8.73,8.280000000000001,-0.029999999999999916,
872,sz001331,2026-02-05 00:00:00,57.0,1,2026-02-10,D4,danger,exit,57.6,55.02,55.2,52.440000000000005,-0.03157894736842104,
873,bj920046,2026-02-06 00:00:00,27.96087477836239,2,2026-02-11,D4,danger,exit,27.970846559667084,26.18589770612683,26.37536155091602,25.7240047960934,-0.05670470756062773,
874,bj920471,2026-02-06 00:00:00,18.470390097524383,1,2026-02-10,D4,danger,exit,18.52993998499625,17.279392348087022,17.48781695423856,16.992758889722435,-0.05319720580333165,
875,sz000510,2026-02-06 00:00:00,17.55,2,2026-02-24,E1,exhaustion,reduce,18.18,17.1,17.54,16.146,-0.0005698005698006048,
876,bj920167,2026-02-09 00:00:00,22.66,1,2026-02-12,D4,danger,exit,23.45,22.0,22.01,20.8472,-0.02868490732568396,
877,sz002342,2026-02-09 00:00:00,16.081364937581203,2,2026-02-27,E1,exhaustion,reduce,16.4711556352603,15.44170840805653,15.70156887317593,14.794855742574708,-0.023617153511497735,
880,sz002931,2026-02-13 00:00:00,87.51,1,2026-02-26,D4,danger,exit,87.6,83.24,83.94,80.5092,-0.04079533767569432,
882,sz300806,2026-02-13 00:00:00,55.15,1,2026-02-25,D4,danger,exit,55.3,50.55,51.45,50.738,-0.06708975521305527,
884,sz000603,2026-02-24 00:00:00,53.37682855180745,1,2026-03-03,D4,danger,exit,54.48200071544308,50.688571937558606,50.688571937558606,49.106682267662855,-0.050363738108561984,
885,sz002716,2026-02-24 00:00:00,16.67,3,2026-03-04,D4,danger,exit,15.67,14.26,15.1,15.336400000000005,-0.09418116376724661,
886,sz301232,2026-02-25 00:00:00,151.32142857142858,1,2026-03-03,D4,danger,exit,151.32142857142858,133.21428571428572,134.57142857142858,139.2157142857143,-0.11069152702383767,
887,sh688387,2026-02-25 00:00:00,17.0,1,2026-03-03,D4,danger,exit,17.1,15.28,15.35,15.64,-0.09705882352941175,
888,sh603616,2026-02-25 00:00:00,8.03,1,2026-02-27,D4,danger,exit,8.08,7.68,7.72,7.3876,-0.038605230386052236,
889,sh600078,2026-02-26 00:00:00,12.74,7,2026-03-13,S1,strength,,14.19,12.83,13.66,11.7208,0.07221350078492939,strong
889,sh600078,2026-02-26 00:00:00,12.74,10,2026-03-18,D2,danger,exit,12.49,11.98,12.25,12.30880718662942,-0.038461538461538436,
890,sh603616,2026-02-26 00:00:00,7.69,1,2026-03-04,D4,danger,exit,7.75,7.35,7.35,7.074800000000001,-0.044213263979193895,
892,sz001209,2026-02-27 00:00:00,22.37,1,2026-03-05,D4,danger,exit,22.5,21.34,21.49,20.5804,-0.039338399642378286,
893,sh688503,2026-02-27 00:00:00,90.5,5,2026-03-16,D5,danger,reduce,88.89,84.39,87.35,83.26,-0.0348066298342542,
894,sz000826,2026-02-27 00:00:00,2.48,1,2026-03-05,E1,exhaustion,reduce,2.58,2.42,2.47,2.2816,-0.004032258064516014,
895,sz301312,2026-02-27 00:00:00,60.05716539997424,5,2026-03-12,D4,danger,exit,62.46600863068402,59.50840525570012,60.17832023702177,55.2525921679763,0.0020173252640323103,
896,bj920010,2026-03-03 00:00:00,12.784747936271067,3,2026-03-13,D4,danger,exit,13.462878092017117,12.615215397334557,12.804692940851835,11.761968101369384,0.0015600624024962872,
897,sh603616,2026-03-03 00:00:00,7.17,3,2026-03-10,E1,exhaustion,reduce,7.39,7.19,7.29,6.5964,0.01673640167364021,
898,bj920351,2026-03-03 00:00:00,22.61,1,2026-03-11,E1,exhaustion,reduce,22.98,22.18,22.6,20.8012,-0.0004422821760282636,
899,bj920260,2026-03-03 00:00:00,11.753448275862068,3,2026-03-13,D4,danger,exit,11.802298850574713,11.343103448275862,11.362643678160921,10.813172413793104,-0.033250207813798616,
901,bj920571,2026-03-04 00:00:00,11.11,1,2026-03-11,E1,exhaustion,reduce,11.48,10.82,11.15,10.2212,0.0036003600360037247,
902,bj920010,2026-03-04 00:00:00,12.784747936271067,3,2026-03-13,D4,danger,exit,13.462878092017117,12.615215397334557,12.804692940851835,11.761968101369384,0.0015600624024962872,
903,bj920021,2026-03-04 00:00:00,10.8420198668352,3,2026-03-12,D4,danger,exit,10.53253311188871,10.053327813907044,10.123211919862705,9.974658277488386,-0.06629834254143607,
904,bj920571,2026-03-05 00:00:00,11.11,1,2026-03-11,E1,exhaustion,reduce,11.48,10.82,11.15,10.2212,0.0036003600360037247,
905,bj920010,2026-03-05 00:00:00,12.784747936271067,3,2026-03-13,D4,danger,exit,13.462878092017117,12.615215397334557,12.804692940851835,11.761968101369384,0.0015600624024962872,
906,sz002969,2026-03-05 00:00:00,26.5,5,2026-03-20,D5,danger,reduce,28.6,26.73,27.46,24.380000000000003,0.03622641509433966,
907,sh600714,2026-03-05 00:00:00,24.31,3,2026-03-17,E1,exhaustion,reduce,26.36,24.65,25.11,22.3652,0.03290826820238579,
909,bj920351,2026-03-05 00:00:00,22.61,1,2026-03-11,E1,exhaustion,reduce,22.98,22.18,22.6,20.8012,-0.0004422821760282636,
910,sz300323,2026-03-06 00:00:00,12.16,4,2026-03-17,D4,danger,exit,12.73,11.09,11.19,11.1872,-0.07976973684210531,
911,bj920014,2026-03-09 00:00:00,14.65,1,2026-03-18,D4,danger,exit,14.75,14.09,14.26,13.478000000000002,-0.02662116040955631,
912,bj920571,2026-03-09 00:00:00,11.11,1,2026-03-11,E1,exhaustion,reduce,11.48,10.82,11.15,10.2212,0.0036003600360037247,
913,bj920207,2026-03-09 00:00:00,32.38,1,2026-03-17,D4,danger,exit,32.5,30.61,30.7,29.789600000000004,-0.051883878937615924,
914,bj920010,2026-03-09 00:00:00,12.784747936271067,3,2026-03-13,D4,danger,exit,13.462878092017117,12.615215397334557,12.804692940851835,11.761968101369384,0.0015600624024962872,
915,sz300017,2026-03-09 00:00:00,19.8470999301188,2,2026-03-12,D4,danger,exit,20.14185883997205,18.6680642907058,18.746666666666666,18.25933193570929,-0.055445544554455606,
916,bj920014,2026-03-10 00:00:00,14.65,1,2026-03-18,D4,danger,exit,14.75,14.09,14.26,13.478000000000002,-0.02662116040955631,
917,bj920368,2026-03-10 00:00:00,41.85,1,2026-03-13,E1,exhaustion,reduce,43.48,40.7,42.0,38.502,0.0035842293906809264,
918,sh688530,2026-03-10 00:00:00,33.43,1,2026-03-13,D4,danger,exit,34.44,32.23,32.23,30.7556,-0.03589590188453495,
919,sh688035,2026-03-10 00:00:00,62.697504477611936,1,2026-03-19,D4,danger,exit,64.16487164179104,61.10037014925373,61.55954626865672,57.68170411940299,-0.01814997611845237,
920,bj920375,2026-03-11 00:00:00,14.64658430232558,1,2026-03-13,D4,danger,exit,14.931260382059802,12.874475705980068,12.874475705980068,13.474857558139536,-0.12099125364431473,
921,bj920014,2026-03-11 00:00:00,14.65,1,2026-03-18,D4,danger,exit,14.75,14.09,14.26,13.478000000000002,-0.02662116040955631,
922,sh601789,2026-03-11 00:00:00,7.35,1,2026-03-13,D4,danger,exit,7.5,6.73,6.79,6.8329681942060985,-0.07619047619047614,
923,bj920779,2026-03-11 00:00:00,36.29600434900788,3,2026-03-17,D4,danger,exit,37.38488447947812,34.33405816798043,35.41312856754553,34.40206751497977,-0.024324324324324298,
