signal_idx,signal_idx_x,stock_code,t0_date,buy_price,fine_score,operable_score,status,pipeline_stage,trend,structure_strength,atr,n_supports,n_resistances,fused_supports_count,top_support_source,top_support_confidence,top_support_price,realtime_style,entry_price,entry_day_idx,entry_type,confirmation_type,entry_confidence,support_used_price,support_used_type,initial_stop,stop_reason,initial_tp,tp_levels,exit_date,exit_price,exit_reason,trigger_signal,total_pnl_pct,weighted_pnl_pct,total_hold_days,month,hold_return,future_mfe,filter_reason,shallow_features,signal_idx_y,path_label,path_label_name,final_return,ma20_slope,close_ma20_ratio,close_ma60_ratio,volatility_20,avg_amplitude,gap_freq,up_down_vol_ratio,volume_trend,drawdown_depth_80,rebound_ratio_80,new_high_freq,ma20_touch_freq,momentum_20,vol_5_20_ratio,p_smooth,p_pullback,p_failure,pred_path,pred_path_name,path_quality,final_score,original_pnl
0,0,bj920152,2025-02-21,20.5,2.176198812616781,0.2672924351486956,traded,completed,RANGE,0.6083333333333333,1.987905381805232,3.0,0.0,4.0,ma60_washed,0.9,13.892166666666666,deep_pullback,18.92,1.0,pullback,long_lower_shadow,0.67125,19.6343,poc,17.4064,"无有效支撑, 使用最大止损 8%",22.704,"[20.812, 22.704]",2.0,20.4,dynamic_stop,D4,0.0782241014799152,0.0782241014799152,1.0,2025-02,0.0507317073170732,0.4384999999999999,,,0,0.0,Smooth,0.0824121270570252,0.20710000753402716,0.08657266934762786,0.3235245443621293,0.07564854177432945,0.02876513751074864,0.1111111111111111,1.6183156341439682e-33,2.437671412438493,0.5017937203238353,0.794459399168113,0.23,0.25,0.11482716859632425,1.3308570329481693,0.4285062722841483,0.2912433209189723,0.2802504067968794,0,Smooth,0.5741279327436344,0.15346005322993256,0.0782241014799152
1,1,bj920171,2025-02-21,27.51,1.7515919905138555,0.2669838101776057,traded,completed,UP,0.8833333333333334,3.018771633210346,4.0,2.0,5.0,ma60_washed,0.9,22.62133333333333,deep_pullback,27.27,2.0,pullback,bullish_candle,0.8625,25.994000000000003,poc,25.0884,"形态止损: washout, 支撑 25.99 下方 0.75xATR=2.26 (被硬性止损 8% 截断)",32.0,"[29.68, 32.0]",3.0,32.0,initial_tp,,0.1734506784011735,0.1734506784011735,1.0,2025-02,0.1813885859687385,0.3754423213021938,,,1,1.0,Pullback,0.180101631066982,-0.02252499103546146,0.07626393018259225,0.11138786748193863,0.036557053631516394,0.04347698214735357,0.1717171717171717,3.657360965918486e-33,0.7971590690517407,0.4544262495197234,0.8383838620147546,0.11,0.56,0.08775984321858266,1.6475027929051764,0.3899234046524561,0.3577975480302644,0.25227904731727957,0,Smooth,0.5688221786675883,0.15186631257419952,0.1734506784011735
2,2,bj920249,2025-02-21,14.96,1.383759578185085,0.2669838101776057,traded,completed,UP,0.7749999999999999,1.5826827971381603,4.0,1.0,5.0,ma60_washed,0.9,11.700166666666666,deep_pullback,19.0,7.0,pullback,bullish_candle,0.8462500000000001,15.086,poc,17.48,"形态止损: washout, 支撑 15.09 下方 0.75xATR=1.19 (被硬性止损 8% 截断)",22.8,"[20.9, 22.8]",8.0,17.48,initial_stop,,-0.0799999999999999,-0.0799999999999999,1.0,2025-02,-0.0033422459893048,0.4688524590163934,,,2,0.0,Smooth,0.0233356321008484,0.008099994659423793,0.024246091914502,0.074511187651366,0.02025656916413993,0.04422130649577565,0.15151515151515152,6.510256757573536e-33,0.7186190636865686,0.5083333121405708,0.6994535393825818,0.17,0.47,0.006600685411728646,1.135522522897338,0.4558039883892916,0.27792244581815045,0.266273565792558,0,Smooth,0.5947652112983668,0.1587926822735267,-0.0799999999999999
6,6,bj920906,2025-02-21,25.67753272304481,1.1574932210421298,0.2669838101776057,traded,completed,UP,0.8333333333333334,2.6768222125589047,4.0,0.0,5.0,ma60_washed,0.9,21.035468718657164,deep_pullback,25.0226961080058,2.0,pullback,bullish_candle,0.8550000000000001,24.37282037641405,poc,23.020880419365337,"形态止损: washout, 支撑 24.37 下方 0.75xATR=2.01 (被硬性止损 8% 截断)",30.02723532960696,"[27.525, 30.0272]",4.0,26.2926822705057,dynamic_stop,D4,0.0507533703409992,0.0507533703409992,2.0,2025-02,0.044049459041731,0.4908684308609767,,,6,1.0,Pullback,0.0692520763078319,0.07265000820159902,0.06053718442266187,0.14569173633236687,0.04223754203479422,0.03289439904164253,0.12121212121212122,1.728918627482827e-33,1.1193139002188917,0.41151980346764194,0.8322091341731243,0.09,0.5,0.1197830112227889,1.1497716699794112,0.3798926210876431,0.37586370886577414,0.24424367004658276,0,Smooth,0.5678244755205302,0.15159994198657173,0.0507533703409992
10,10,bj920876,2025-02-21,27.926509186351705,1.0897368459111674,0.2672924351486956,traded,completed,UP,0.75,3.118403072825884,3.0,0.0,4.0,ma60_washed,0.9,21.898538932633414,deep_pullback,30.37007874015748,3.0,pullback,bullish_candle,0.8425,29.22628871391076,poc,27.94047244094488,"形态止损: washout, 支撑 29.23 下方 0.75xATR=2.34 (被硬性止损 8% 截断)",36.44409448818897,"[33.4071, 36.4441]",6.0,36.44409448818897,initial_tp,,0.1999999999999999,0.1999999999999999,3.0,2025-02,0.0457142857142858,0.4016954678839257,,,10,0.0,Smooth,0.0241343312478143,0.030900001525878906,0.07531028486889002,0.0745316934609428,0.03447060786095934,0.04132415568208505,0.15151515151515152,2.2912724610072707e-33,1.0250196188904763,0.4934806843100025,0.7352096927941324,0.12,0.54,0.0686410892329441,1.4384339345588177,0.4910864004124368,0.26436344558063496,0.24455015400692828,0,Smooth,0.6232681232027543,0.1665948544014214,0.1999999999999999
16,16,bj920152,2025-02-24,18.92,2.107613945543807,0.2672924351486956,traded,completed,UP,0.8083333333333333,2.1041846642312008,3.0,0.0,4.0,ma60_washed,0.9,13.903833333333331,deep_pullback,20.4,1.0,pullback,bullish_candle,0.8512500000000001,19.6343,poc,18.768,"形态止损: washout, 支撑 19.63 下方 0.75xATR=1.58 (被硬性止损 8% 截断)",24.48,"[22.44, 24.48]",2.0,24.48,initial_tp,,0.1999999999999999,0.1999999999999999,1.0,2025-02,0.1527484143763211,0.4457286432160805,,,16,0.0,Smooth,0.1043037704274625,0.1785249972343445,0.05207504934338125,0.2626235647238133,0.03877910706558491,0.030798806518748615,0.12121212121212122,1.6662867515726877e-33,1.8079487315665552,0.5017937203238353,0.7855228142512527,0.22,0.2,0.03753906683516561,0.8183256695676696,0.4421030475778187,0.2757580626463224,0.2821388897758589,0,Smooth,0.57998207890098,0.15502482221204586,0.1999999999999999
23,23,bj920407,2025-02-24,21.39557843731072,1.0950640199660993,0.2515629325089319,traded,completed,UP,0.65,1.9603583442743773,2.0,0.0,3.0,ma60_washed,0.9,18.64982530523765,deep_pullback,19.603038031177277,5.0,pullback,bullish_candle,0.9275,18.64982530523765,ma60_washed,18.03479498868309,"形态止损: washout, 支撑 18.65 下方 0.75xATR=1.47 (被硬性止损 8% 截断)",23.523645637412727,"[21.5633, 23.5236]",6.0,21.219388568331787,initial_stop,,0.0824540836264164,0.0824540836264164,1.0,2025-02,-0.0973863229502327,0.2041811846689898,,,23,0.0,Smooth,-0.0738427729458355,0.12237502098083493,0.048689162069115,0.10333695258497144,0.027016991098914308,0.03382578479465158,0.08080808080808081,1.2000415418376793e-33,1.7294396271820924,0.2964841271258829,0.8996580256746076,0.16,0.41,0.10982212241136069,0.8942020982882385,0.47149932777534376,0.27568172184519407,0.2528189503794622,0,Smooth,0.6093401886979408,0.15328740476439992,0.0824540836264164
25,25,bj920924,2025-02-24,33.90312691539525,1.056623807237184,0.2135552021861164,traded,completed,UP,0.825,5.733634643898099,5.0,1.0,6.0,swing_low,1.0,16.263529411473424,deep_pullback,36.90455079819935,1.0,pullback,bullish_candle,0.8537500000000001,34.42912395797969,poc,33.95218673434341,"形态止损: washout, 支撑 34.43 下方 0.75xATR=4.30 (被硬性止损 8% 截断)",44.28546095783922,"[39.6866, 44.2855]",3.0,34.77064810411271,dynamic_stop,D4,-0.0578222102134559,-0.0578222102134559,2.0,2025-02,-0.1411764705882353,0.1795698924731181,,,25,1.0,Pullback,-0.1788526536764573,0.2388750171661375,0.01749156396490026,0.15521374427134993,0.05427593496301227,0.04765535704755308,0.18181818181818182,4.8905583318929324e-33,0.9920704503086539,0.6677588369656007,0.7193327324280196,0.29,0.32,0.19845359747817048,1.1168687017973535,0.36002070863517144,0.3545001749166891,0.2854791164481395,0,Smooth,0.537270796093516,0.11473697348844653,-0.0578222102134559
28,28,bj920184,2025-02-24,15.11785095320624,0.964611251638816,0.2545118522553845,traded,completed,UP,0.7749999999999999,1.442185462711404,4.0,2.0,5.0,ma60_washed,0.9,13.097841709994224,deep_pullback,14.483396880415944,5.0,pullback,long_lower_shadow,0.8462500000000001,14.079923743500864,ma_ma20,13.32472512998267,"形态止损: washout, 支撑 14.08 下方 0.75xATR=1.08 (被硬性止损 8% 截断)",17.64575389948007,"[16.8229, 17.6458]",8.0,15.891091854419413,initial_stop,,0.0971937029431897,0.0971937029431897,3.0,2025-02,-0.0537704918032787,0.0638820638820638,,,28,0.0,Smooth,-0.0629869699598775,0.007574992179870588,0.03198001483592128,0.045936439233580595,0.02101463407590853,0.033587901235778025,0.10101010101010101,2.380225552952644e-33,1.045857889681103,0.39634146696041905,0.5641026236680197,0.09,0.46,0.07600796850668656,1.9104202536556976,0.4855061589478667,0.26669105735999293,0.24780278369214045,0,Smooth,0.6188516876278631,0.15750508928953805,0.0971937029431897
32,32,bj920415,2025-02-24,19.90620988812899,0.9070441068549396,0.2622305247285537,traded,completed,UP,0.7749999999999999,1.9869848743056249,4.0,1.0,5.0,ma60_washed,0.9,17.75360016817581,deep_pullback,20.98060802302051,1.0,pullback,bullish_candle,0.8462500000000001,20.59760498419344,poc,19.302159381178868,"形态止损: washout, 支撑 20.60 下方 0.75xATR=1.49 (被硬性止损 8% 截断)",25.803461872977994,"[23.4577, 25.8035]",2.0,20.71200848929763,dynamic_stop,D4,-0.0128022759601705,-0.0128022759601705,1.0,2025-02,-0.1424287856071965,0.0542817033224147,,,32,1.0,Pullback,-0.1832460894587351,-0.02182498931884762,0.07368054115246814,0.05881190835531491,0.03933267061132385,0.03519546552963508,0.15151515151515152,4.062271967447068e-33,1.0473051493086216,0.3940643169588844,0.6976988218830737,0.13,0.51,0.13248542071085367,1.7921665134532776,0.3785653461192284,0.3452675332992021,0.2761671205815695,0,Smooth,0.5511991127688294,0.14454123257128337,-0.0128022759601705
34,34,bj920895,2025-02-24,15.68,0.8260525426854821,0.2798085490893736,traded,completed,RANGE,0.65,1.6057571195949034,4.0,1.0,5.0,swing_low,1.0,11.81,deep_pullback,16.27,2.0,pullback,bullish_candle,0.6775000000000001,16.0561,poc,14.9684,"形态止损: washout, 支撑 16.06 下方 0.75xATR=1.20 (被硬性止损 8% 截断)",21.758000000000003,"[19.78, 21.758]",8.0,17.55,initial_stop,,0.0786724031960663,0.0786724031960663,6.0,2025-02,0.1033163265306122,0.2881758764111706,,,34,0.0,Smooth,0.0778816236398107,0.0655250072479248,0.01811800601584701,0.10115151576060977,0.024778574387751516,0.029713820925658014,0.08080808080808081,7.923942444767034e-34,1.472948939954135,0.42519303850865214,0.5584563421727365,0.13,0.37,0.07129216313427755,1.5829057113352927,0.4265247492947862,0.3276229744881393,0.24585227621707442,0,Smooth,0.5903362365388558,0.16518112582081848,0.0786724031960663
37,37,bj920146,2025-02-25,9.5,1.7943706973630502,0.2749412260822217,traded,completed,UP,0.85,0.7718048924227902,3.0,2.0,4.0,ma60_washed,0.9,8.140666666666666,deep_pullback,8.76,4.0,pullback,bullish_candle,0.8575000000000002,8.6815,ma_ma20,8.102646330682907,"形态止损: washout, 支撑 8.68 下方 0.75xATR=0.58",10.5,"[9.9543, 10.5]",12.0,10.5,initial_tp,,0.1986301369863015,0.1986301369863015,8.0,2025-02,-0.0831578947368419,0.1692627206645898,,,37,0.0,Smooth,-0.0831578907213712,-0.008449990749359149,0.02989145012958061,-0.0069605456945252,0.019684836889646274,0.035862126507968155,0.10101010101010101,6.903313381125883e-33,0.8871103248089686,0.45652173913043476,0.6438095456077939,0.11,0.7,0.028846203810601434,1.27626979076367,0.4610878548239197,0.25590270552663347,0.2830094396494469,0,Smooth,0.5890392075872364,0.16195116194453507,0.1986301369863015
43,43,bj920273,2025-02-25,20.760937890341808,1.1104027457052623,0.2419470201856432,traded,completed,UP,0.6749999999999999,1.1224176445502048,2.0,0.0,3.0,ma60_washed,0.9,16.48402777220754,deep_pullback,18.836449483034368,5.0,pullback,bullish_candle,0.83125,18.26782546225655,poc,17.426012228843895,"形态止损: washout, 支撑 18.27 下方 0.75xATR=0.84",22.60373937964124,"[20.7201, 22.6037]",8.0,19.217193592393755,initial_stop,,0.0202131569276002,0.0202131569276002,3.0,2025-02,0.1553851283761254,0.2708476912474156,,,43,0.0,Smooth,0.1781707482371131,0.09409999370574962,0.11521022728226415,0.16748582354789732,0.019350715718711102,0.022917544472289806,0.0707070707070707,6.215895591808223e-34,1.74654343476573,0.26310380831323016,0.9778645742788087,0.1,0.48,0.16219468385179936,1.590555085361579,0.47218140490253785,0.32245742534729227,0.2053611697501698,0,Smooth,0.6334101175761839,0.1532516905029956,0.0202131569276002
44,44,bj920010,2025-02-25,11.314991897583493,1.0176079550504316,0.2324098976042125,traded,completed,RANGE,0.6000000000000001,1.0199626017931918,3.0,0.0,4.0,ma60_washed,0.9,8.982393392158986,deep_pullback,11.891678655105324,2.0,pullback,bullish_candle,0.67,11.270547245753797,poc,10.940344362696898,"形态止损: washout, 支撑 11.27 下方 0.75xATR=0.76 (被硬性止损 8% 截断)",14.270014386126388,"[13.0808, 14.27]",3.0,10.940344362696898,dynamic_stop,D4,-0.0799999999999999,-0.0799999999999999,1.0,2025-02,0.1555360281195079,0.759581881533101,,,44,1.0,Pullback,0.1688888549804688,0.05749999761581419,0.10061833671729015,0.20301797946756306,0.03867379144505464,0.029979493207117014,0.13131313131313133,4.1510197309205946e-33,1.4321588734005586,0.42656249662395573,0.7582416411582078,0.15,0.37,0.27272715738670406,0.9649190764100578,0.36158163733161947,0.3662433165391281,0.2721750461292525,1,Smooth,0.5447032956011835,0.12659443715534813,-0.0799999999999999
45,45,bj920837,2025-02-25,14.642887936259491,0.9305014520932414,0.2377563712355002,traded,completed,UP,0.7916666666666666,1.2187693179640269,3.0,0.0,4.0,ma60_washed,0.9,11.664563939517546,deep_pullback,14.303707871554607,2.0,pullback,long_lower_shadow,0.8487500000000001,13.598697879918026,poc,13.159411241830242,"形态止损: washout, 支撑 13.60 下方 0.75xATR=0.91 (被硬性止损 8% 截断)",17.16444944586553,"[15.7341, 17.1644]",3.0,13.159411241830242,dynamic_stop,D4,-0.0799999999999999,-0.0799999999999999,1.0,2025-02,0.242223692918597,0.7834224598930479,,,45,0.0,Smooth,0.2538410235772876,0.1026499938964844,0.06624853401164188,0.1701059827909197,0.04623831791714881,0.024308309012378997,0.04040404040404041,1.4042326117215461e-33,4.970515043224947,0.3536736949180321,0.8063381067984394,0.16,0.41,0.24562862223523796,1.2253556217300003,0.44665645425667283,0.2825114227224453,0.27083212302088183,0,Smooth,0.5879121656178955,0.13977986310251525,-0.0799999999999999
46,46,bj920706,2025-02-25,18.342231601509653,0.8671578519242897,0.2582802123168373,traded,completed,UP,0.8833333333333334,1.5938473598494782,5.0,1.0,6.0,ma60_washed,0.9,14.142204788949496,deep_pullback,19.66011848333394,2.0,pullback,bullish_candle,0.8625,18.20050958682989,poc,18.087309004667222,"形态止损: washout, 支撑 18.20 下方 0.75xATR=1.20 (被硬性止损 8% 截断)",23.592142180000724,"[21.6261, 23.5921]",5.0,23.592142180000724,initial_tp,,0.1999999999999999,0.1999999999999999,3.0,2025-02,0.0010723860589814,0.3705636743215033,,,46,1.0,Pullback,0.0146739382261595,0.08702500343322743,0.1284860153029439,0.24301236997410935,0.055421535805271795,0.030669609375209763,0.1414141414141414,1.5748959890802564e-33,1.8723486505457838,0.40199003832631963,0.8836632991419056,0.1,0.37,0.22663252162542014,1.4095408856289051,0.38087747031630526,0.38272354648206786,0.2363989832016269,1,Smooth,0.5722392435573391,0.14779807332201592,0.1999999999999999
62,62,bj920924,2025-02-26,35.199422944513294,1.2339774277320936,0.236633622471284,traded,completed,UP,0.825,5.300733868431364,5.0,1.0,6.0,swing_low,1.0,16.263529411473424,shallow_pullback,34.77064810411271,1.0,pullback,bullish_candle,0.8537500000000001,34.42912395797969,poc,31.988996255783693,"形态止损: washout, 支撑 34.43 下方 0.75xATR=3.98 (被硬性止损 8% 截断)",43.65526165752952,"[39.6866, 43.6553]",2.0,31.988996255783693,dynamic_stop,D4,-0.0799999999999999,-0.0799999999999999,1.0,2025-02,-0.190084985835694,0.194663762591887,,"{'structure_strength': np.float64(0.825), 'trend': 'UP', 'atr_ratio': 0.15244852073391144, 'n_supports': 5, 'n_resistances': 1, 'top_support_source': 'swing_low', 'top_support_dist': -0.5322626899913966, 'v2_pattern': '', 'fine_score': 1.2339774277320936, 'operable_score': 0.23663362247128403, 'entry_day': 1}",62,1.0,Pullback,-0.2018425350037348,0.26779999732971194,-0.04728557323417715,0.06698812733292558,0.05349623759838966,0.050663569472225584,0.1919191919191919,4.862141333606391e-33,1.0002575434150256,0.6465705387372602,0.6942567667706859,0.27,0.35,-0.03087076349703244,0.7062897075502397,0.3739730416837275,0.3551913884156269,0.27083556990064556,0,Smooth,0.551568735891541,0.13051970801592228,-0.0799999999999999
72,72,bj920152,2025-02-27,24.0,2.1202996906407434,0.2423509200536797,traded,completed,UP,0.7749999999999999,2.6204366540195405,4.0,0.0,5.0,ma60_washed,0.9,14.144000000000002,shallow_pullback,20.7,8.0,pullback,bullish_candle,0.8462500000000001,19.731900000000003,poc,19.044,"形态止损: washout, 支撑 19.73 下方 0.75xATR=1.97 (被硬性止损 8% 截断)",24.84,"[22.77, 24.84]",9.0,22.0,initial_stop,,0.0628019323671498,0.0628019323671498,1.0,2025-02,-0.1541666666666666,0.128235294117647,,"{'structure_strength': np.float64(0.7749999999999999), 'trend': 'UP', 'atr_ratio': 0.126591142706258, 'n_supports': 4, 'n_resistances': 0, 'top_support_source': 'ma60_washed', 'top_support_dist': -0.31671497584541053, 'v2_pattern': '', 'fine_score': 2.1202996906407434, 'operable_score': 0.24235092005367975, 'entry_day': 8}",72,0.0,Smooth,-0.0726359158027105,0.13679999828338615,0.19952018632683566,0.4237590900726991,0.07019073785703986,0.03639369945001952,0.1414141414141414,2.4499809300795434e-33,1.1997302535905854,0.5380392261579925,1.0,0.29,0.1,0.25863769555383476,1.864220563132576,0.42542903161961,0.3110117794079216,0.26355918897246844,0,Smooth,0.5809349213235708,0.14079011267407943,0.0628019323671498
75,75,bj920171,2025-02-27,33.12,1.399443598233567,0.2672924351486956,traded,completed,UP,0.85,3.4533060072320136,5.0,0.0,6.0,ma60_washed,0.9,23.073500000000003,shallow_pullback,26.5,2.0,pullback,long_lower_shadow,0.8575000000000002,26.106,poc,24.380000000000003,"形态止损: washout, 支撑 26.11 下方 0.75xATR=2.59 (被硬性止损 8% 截断)",31.8,"[29.15, 31.8]",4.0,31.8,initial_tp,,0.1999999999999999,0.1999999999999999,2.0,2025-02,0.038647342995169,0.1432352941176469,,"{'structure_strength': np.float64(0.85), 'trend': 'UP', 'atr_ratio': 0.13031343423517033, 'n_supports': 5, 'n_resistances': 0, 'top_support_source': 'ma60_washed', 'top_support_dist': -0.12930188679245272, 'v2_pattern': '', 'fine_score': 1.399443598233567, 'operable_score': 0.2672924351486956, 'entry_day': 2}",75,1.0,Pullback,0.2070175973992598,0.11104999542236324,0.19041366970384632,0.25148767571032127,0.026736377316316784,0.048811269649523537,0.16161616161616163,4.212020280108169e-33,1.255551458586295,0.5313888655768501,0.8954521647809704,0.12,0.45,0.23010132962352636,1.5016610549943883,0.3360826529595594,0.3711345913353043,0.29278275570513634,1,Smooth,0.5216499486272116,0.13943308506375934,0.1999999999999999
78,78,bj920508,2025-02-27,31.90530391018196,1.2450102355081345,0.2669838101776057,traded,completed,UP,0.725,2.661809955786586,3.0,0.0,4.0,ma60_washed,0.9,27.02326493741128,shallow_pullback,32.725512969415405,1.0,pullback,bullish_candle,0.8387500000000001,32.30612930700735,poc,30.30977184016741,"形态止损: washout, 支撑 32.31 下方 0.75xATR=2.00",39.270615563298485,"[35.9981, 39.2706]",9.0,33.80255516840882,dynamic_stop,D4,0.0329113924050632,0.0329113924050632,8.0,2025-02,-0.1625551804726044,0.2305374183827222,,"{'structure_strength': np.float64(0.725), 'trend': 'UP', 'atr_ratio': 0.08133745552817642, 'n_supports': 3, 'n_resistances': 0, 'top_support_source': 'ma60_washed', 'top_support_dist': -0.1742447257383965, 'v2_pattern': '', 'fine_score': 1.2450102355081345, 'operable_score': 0.26698381017760575, 'entry_day': 1}",78,2.0,Failure,-0.1747697418383248,0.03932499885559082,0.07628893463214759,0.0803917826698739,0.02875117647833645,0.036362611058645154,0.1111111111111111,1.0436623674326946e-33,1.311527148592653,0.33394581097360637,0.7441539899264713,0.13,0.37,0.06813307399939905,1.9187715880629266,0.36005771078391485,0.3181901921074853,0.32175209710859987,0,Smooth,0.5191528068376575,0.13860539443391634,0.0329113924050632
80,80,bj920026,2025-02-27,19.44792672675255,1.1003255150804148,0.2749412260822217,traded,completed,RANGE,0.6583333333333333,1.1548555369450122,5.0,0.0,6.0,swing_low,1.0,14.28482267361614,deep_pullback,18.525189167460777,2.0,pullback,bullish_candle,0.6787500000000001,17.905334929157906,swing_low,17.043174034063917,"形态止损: washout, 支撑 17.91 下方 0.75xATR=0.87 (被硬性止损 8% 截断)",22.230227000952933,"[20.3777, 22.2302]",3.0,22.230227000952933,initial_tp,,0.1999999999999999,0.1999999999999999,1.0,2025-02,-0.0575878304961972,0.5406664278036546,,,80,0.0,Smooth,0.0325396694443818,0.026424999237060653,0.06071257943010644,0.09768087607891629,0.020672756572770703,0.025896080570374392,0.1111111111111111,6.077631625271636e-34,0.840809695266532,0.2750177401018895,0.9651612312563004,0.12,0.4,0.06893907295991863,1.4279059565712375,0.4624127715339588,0.31542262825421385,0.2221646002118274,0,Pullback,0.6201240856610657,0.1704976764347701,0.1999999999999999
87,87,bj920092,2025-02-27,57.27309218203035,1.0611260622836165,0.2672924351486956,traded,completed,UP,0.7749999999999999,5.913635763948848,5.0,0.0,6.0,ma60_washed,0.9,40.95548813691172,deep_pullback,49.961633605600944,2.0,pullback,bullish_candle,0.8462500000000001,49.37212228704784,poc,45.96470291715287,"形态止损: washout, 支撑 49.37 下方 0.75xATR=4.44 (被硬性止损 8% 截断)",59.95396032672113,"[54.9578, 59.954]",7.0,51.54977829638273,initial_stop,,0.0317872850859655,0.0317872850859655,5.0,2025-02,-0.2443320544122776,0.0237160894045385,,,87,2.0,Failure,-0.1470471952400387,0.0631250190734864,0.14814634539503913,0.16306991661522563,0.036769937498276374,0.04706606315096311,0.16161616161616163,1.814467026841813e-33,1.0387638506220107,0.45004503700244697,0.7316665990617626,0.1,0.54,0.1345335033578714,1.5961695238313947,0.436048188182515,0.28403456681243944,0.27991724500504567,0,Smooth,0.5780654715887348,0.15451252757633202,0.0317872850859655
88,88,bj920839,2025-02-27,24.640184225676453,1.055387181377187,0.2669838101776057,traded,completed,UP,0.825,1.5419178284984232,5.0,1.0,6.0,ma60_washed,0.9,18.860089810017268,deep_pullback,25.61593552101324,2.0,pullback,bullish_candle,0.8537500000000001,22.780343120322392,poc,23.56666067933218,"形态止损: washout, 支撑 22.78 下方 0.75xATR=1.16 (被硬性止损 8% 截断)",30.739122625215884,"[28.1775, 30.7391]",8.0,30.739122625215884,initial_tp,,0.1999999999999999,0.1999999999999999,6.0,2025-02,0.0343999999999999,0.6266775111834078,,,88,0.0,Smooth,0.0888421309621709,0.11085000991821285,0.08185398466019933,0.1836246908564978,0.02965406224346832,0.025294111923263644,0.050505050505050504,7.164418658553492e-34,1.3621986795639491,0.2941411328510506,0.932249332298851,0.16,0.39,0.1284992711985291,1.3770964833183048,0.4796143552697171,0.2796866727266608,0.24069897200362209,0,Smooth,0.6194576916330474,0.16538517475601533,0.1999999999999999
91,91,bj920152,2025-02-28,22.04,2.168416613318315,0.2590002529440866,traded,completed,UP,0.75,2.796378433483602,4.0,0.0,5.0,ma60_washed,0.9,14.238499999999998,shallow_pullback,20.7,7.0,pullback,bullish_candle,0.8425,19.731900000000003,poc,19.044,"形态止损: washout, 支撑 19.73 下方 0.75xATR=2.10 (被硬性止损 8% 截断)",24.84,"[22.77, 24.84]",8.0,22.0,initial_stop,,0.0628019323671498,0.0628019323671498,1.0,2025-02,-0.0812159709618874,0.3142987665600729,,"{'structure_strength': np.float64(0.75), 'trend': 'UP', 'atr_ratio': 0.13509074557891798, 'n_supports': 4, 'n_resistances': 0, 'top_support_source': 'ma60_washed', 'top_support_dist': -0.3121497584541063, 'v2_pattern': '', 'fine_score': 2.168416613318315, 'operable_score': 0.2590002529440866, 'entry_day': 7}",91,0.0,Smooth,-0.0919282200536418,0.15192499637603749,-0.0031422480788015905,0.17351676119203518,0.0747580046299968,0.03821653901228657,0.15151515151515152,2.494287911523769e-33,1.516252785266988,0.5207843032537722,0.7281625991762063,0.31,0.12,0.13478477712399917,1.1507452625271515,0.43743851106196513,0.2741997219363556,0.28836176700167926,0,Smooth,0.5745383720301429,0.14880558368189073,0.0628019323671498
92,92,bj920455,2025-02-28,9.755678599867148,1.454021889078464,0.2496822514226694,traded,completed,RANGE,0.65,0.6800337382014101,3.0,0.0,4.0,ma60_washed,0.9,7.856862938391355,deep_pullback,9.369315090961518,1.0,pullback,long_lower_shadow,0.6775000000000001,9.689996803353193,poc,8.619769883684597,"无有效支撑, 使用最大止损 8%",11.24317810915382,"[10.3062, 11.2432]",2.0,11.24317810915382,initial_tp,,0.1999999999999999,0.1999999999999999,1.0,2025-02,0.0138613861386138,0.4763779527559055,,,92,0.0,Smooth,-0.0019493623116469,0.050049995183944686,0.10554949258637314,0.20262776227117096,0.045173616046322265,0.022669709073060876,0.050505050505050504,1.099909993214764e-33,3.270784783536285,0.34212919293465294,0.7792553248827468,0.15,0.36,0.23751520099934842,1.6676735138968333,0.4448251693643261,0.29202826210121186,0.2631465685344621,0,Smooth,0.590839300414932,0.14752208675659514,0.1999999999999999
101,101,bj920508,2025-02-28,32.725512969415405,0.8850253562854032,0.2717630626246351,traded,completed,UP,0.75,2.9144642277805595,3.0,1.0,4.0,ma60_washed,0.9,26.96347528713382,shallow_pullback,36.45373596593109,1.0,pullback,bullish_candle,0.8425,32.288482384823844,poc,33.5374370886566,"形态止损: washout, 支撑 32.29 下方 0.75xATR=2.19 (被硬性止损 8% 截断)",43.7444831591173,"[40.0991, 43.7445]",4.0,33.5374370886566,initial_stop,,-0.0799999999999999,-0.0799999999999999,3.0,2025-02,-0.1825316455696202,0.2538382804503583,,"{'structure_strength': np.float64(0.75), 'trend': 'UP', 'atr_ratio': 0.07994967183896756, 'n_supports': 3, 'n_resistances': 1, 'top_support_source': 'ma60_washed', 'top_support_dist': -0.26033712121212127, 'v2_pattern': '', 'fine_score': 0.8850253562854032, 'operable_score': 0.2717630626246351, 'entry_day': 1}",101,2.0,Failure,-0.3272916475931803,0.09212501525878913,0.024135900192028492,0.05589759840613295,0.03212361582793069,0.03811972732530842,0.12121212121212122,1.099822573749028e-33,1.5772102620830497,0.29384968285876706,0.6263566570007967,0.15,0.36,0.10582913588903664,1.3533041548930087,0.3905936919953162,0.27412742723943256,0.3352788807652513,0,Smooth,0.5276574056150325,0.14339779256651058,-0.0799999999999999
106,106,bj920299,2025-02-28,13.653665534170305,0.8110558624758345,0.2798085490893736,traded,completed,UP,0.7749999999999999,0.949435226427143,4.0,0.0,5.0,ma60_washed,0.9,11.492823122147666,deep_pullback,14.70090760842649,1.0,pullback,bullish_candle,0.8462500000000001,13.21757812702249,poc,13.524834999752372,"形态止损: washout, 支撑 13.22 下方 0.75xATR=0.71 (被硬性止损 8% 截断)",17.641089130111787,"[16.171, 17.6411]",2.0,17.641089130111787,initial_tp,,0.1999999999999999,0.1999999999999999,1.0,2025-02,0.2662807525325614,0.5897988505747127,,,106,0.0,Smooth,0.1290322580645162,0.00032499551773073064,0.0671164214606792,0.06398971337531423,0.019647111432508173,0.029872030145569443,0.15151515151515152,2.196939563540014e-33,0.8776684756259677,0.32229732407367134,0.8155136205472211,0.15,0.48,0.09176471186619173,1.949749639159643,0.4606397282401905,0.26731624276639826,0.27204402899341124,0,Pullback,0.5942978496233896,0.16628961903005537,0.1999999999999999
114,114,bj920152,2025-03-03,20.81,1.3050410386264797,0.236633622471284,traded,completed,UP,0.75,3.0795279756857887,4.0,0.0,5.0,ma60_washed,0.9,14.334833333333334,shallow_pullback,20.7,6.0,pullback,bullish_candle,0.8425,19.731900000000003,poc,19.044,"形态止损: washout, 支撑 19.73 下方 0.75xATR=2.31 (被硬性止损 8% 截断)",24.84,"[22.77, 24.84]",7.0,22.0,initial_stop,,0.0628019323671498,0.0628019323671498,1.0,2025-03,-0.0177799135031233,0.290134529147982,,"{'structure_strength': np.float64(0.75), 'trend': 'UP', 'atr_ratio': 0.14876946742443425, 'n_supports': 4, 'n_resistances': 0, 'top_support_source': 'ma60_washed', 'top_support_dist': -0.3074959742351046, 'v2_pattern': '', 'fine_score': 1.3050410386264797, 'operable_score': 0.23663362247128403, 'entry_day': 6}",114,0.0,Smooth,-0.0335696972708501,0.160999994277954,-0.017859143948030787,0.1495141184355,0.07494590276963659,0.04124846210088503,0.15151515151515152,2.913749539722722e-33,1.5889718942752245,0.5074509639366,0.7527047243656352,0.26,0.19,0.11444272773537478,0.9831044328227947,0.4318170753844069,0.288908331139883,0.27927459347571015,0,Smooth,0.5762712409543485,0.13636515127304963,0.0628019323671498
122,122,bj920810,2025-03-03,14.071428571428571,0.9289589649428412,0.2661602333556022,traded,completed,UP,0.7749999999999999,1.592852089242911,4.0,0.0,5.0,ma60_washed,0.9,7.628571428571429,deep_pullback,13.3,2.0,pullback,long_lower_shadow,0.8462500000000001,13.094142857142856,poc,12.236,"形态止损: washout, 支撑 13.09 下方 0.75xATR=1.19 (被硬性止损 8% 截断)",15.96,"[14.63, 15.96]",3.0,15.96,initial_tp,,0.1999999999999999,0.1999999999999999,1.0,2025-03,-0.099492385786802,0.7680360721442883,,,122,0.0,Smooth,-0.0613756545410086,0.2388999962806701,0.1809951549468114,0.5043524536658084,0.061334253094641224,0.04114714221445499,0.08080808080808081,1.5563425226481913e-33,5.092343410891838,0.5803738456864017,0.884057928726897,0.22,0.2,0.5030120094744097,1.1163967149877199,0.40131619645067285,0.3011461819444408,0.2975376216048864,0,Smooth,0.5518892874228932,0.14689098152693428,0.1999999999999999
141,141,bj920810,2025-03-04,13.928571428571429,1.000102294512156,0.2508814891593486,traded,completed,UP,0.7749999999999999,1.672852763058142,4.0,0.0,5.0,ma60_washed,0.9,7.695238095238095,deep_pullback,13.3,1.0,pullback,long_lower_shadow,0.8462500000000001,13.094142857142856,poc,12.236,"形态止损: washout, 支撑 13.09 下方 0.75xATR=1.25 (被硬性止损 8% 截断)",15.96,"[14.63, 15.96]",2.0,15.96,initial_tp,,0.1999999999999999,0.1999999999999999,1.0,2025-03,-0.144102564102564,0.8671957671957671,,,141,1.0,Pullback,-0.1261779999622524,0.2375749945640564,0.05480520632516117,0.3560051387979013,0.058082848791927634,0.043871132776515005,0.09090909090909091,1.71656367075051e-33,2.37004896986809,0.5621495302530009,0.7921861965509333,0.25,0.16,0.15314217952119602,0.875017450983677,0.42817558325917515,0.3148898871662099,0.2569345295746149,0,Smooth,0.58562052684228,0.1469213498564735,0.1999999999999999
144,144,bj920651,2025-03-04,27.379898679792447,0.955637052603884,0.2652808463436953,traded,completed,RANGE,0.7749999999999999,1.9868597107226496,5.0,0.0,6.0,swing_low,1.0,22.91609380676294,deep_pullback,27.29460304527596,3.0,pullback,bullish_candle,0.69625,25.318777058165143,poc,25.111034801653883,"形态止损: washout, 支撑 25.32 下方 0.75xATR=1.49 (被硬性止损 8% 截断)",32.75352365433115,"[30.0241, 32.7535]",9.0,32.75352365433115,initial_tp,,0.1999999999999997,0.1999999999999997,6.0,2025-03,0.0218068535825544,0.2801369863013701,,,144,0.0,Smooth,0.0438472327090049,0.15994999408721924,0.13081871429736713,0.24553012666467877,0.03994414745791802,0.022950240592534074,0.030303030303030304,7.788856487764965e-34,3.2192175916068213,0.3015025194196107,0.9169435279103382,0.2,0.31,0.27622385638064406,1.1159535320008658,0.4543858179080374,0.31054696570790524,0.23506721638405725,0,Smooth,0.60965930076199,0.1617309352874462,0.1999999999999997
145,145,bj920527,2025-03-04,18.54746205241308,0.9368726328300572,0.2571727859252783,traded,completed,UP,0.7749999999999999,1.1811375810133025,3.0,0.0,4.0,ma60_washed,0.9,14.207193235112872,deep_pullback,19.42602604436949,8.0,pullback,bullish_candle,0.8462500000000001,18.46614607404645,poc,17.87194396081993,"形态止损: washout, 支撑 18.47 下方 0.75xATR=0.89 (被硬性止损 8% 截断)",23.31123125324339,"[21.3686, 23.3112]",9.0,19.738404352620652,initial_stop,,0.0160804020100502,0.0160804020100502,1.0,2025-03,-0.1252631578947368,0.0926216640502355,,,145,1.0,Pullback,-0.0842974551765179,0.10877500772476197,0.07221009117015109,0.19152035018690872,0.02127593757847203,0.024861154520093832,0.08080808080808081,1.2689318113846949e-33,1.513527991958444,0.26873388425972156,0.953846204633536,0.16,0.25,0.13953488901096534,0.8465836557925338,0.44012533563255146,0.3223218509893709,0.23755281337807765,0,Smooth,0.6012862611272369,0.1546344629126859,0.0160804020100502
151,151,bj920455,2025-03-05,11.204541758263256,1.2693559695106376,0.2206551088971846,traded,completed,UP,0.7999999999999999,1.0208883708991103,4.0,0.0,5.0,ma60_washed,0.9,7.850262561780885,deep_pullback,12.363632284980149,1.0,pullback,bullish_candle,0.8500000000000001,11.41124623552777,poc,11.374541702181736,"形态止损: washout, 支撑 11.41 下方 0.75xATR=0.77 (被硬性止损 8% 截断)",14.836358741976175,"[13.6, 14.8364]",2.0,11.374541702181736,initial_stop,,-0.0799999999999999,-0.0799999999999999,1.0,2025-03,-0.2905172413793102,0.2690355329949239,,,151,2.0,Failure,-0.4117226821385046,0.08432499647140501,0.12240050339442088,0.2978551700822176,0.061862051736070116,0.029092950100843708,0.057692307692307696,1.5971947017186934e-33,1.720003812428517,0.4257575732398405,0.7544483732131545,0.13333333333333333,0.24761904761904763,0.13763227182378968,1.3868520271213791,0.41171089755804313,0.27546745837524866,0.31282164406670826,0,Smooth,0.5494446267456674,0.12123776394753819,-0.0799999999999999
154,154,bj920906,2025-03-05,28.77312399413832,1.1409659036376223,0.2549378820054092,traded,completed,UP,0.7999999999999999,3.026756020633553,4.0,0.0,5.0,ma60_washed,0.9,21.496830879252837,deep_pullback,28.227426814939136,6.0,pullback,long_lower_shadow,0.8500000000000001,26.740153957449024,poc,25.96923266974401,"形态止损: washout, 支撑 26.74 下方 0.75xATR=2.27 (被硬性止损 8% 截断)",33.87291217792696,"[31.0502, 33.8729]",7.0,28.72351515966566,initial_stop,,0.0175746924428823,0.0175746924428823,1.0,2025-03,-0.3724137931034482,0.3029315960912053,,,154,2.0,Failure,-0.3680555123237904,0.05560000419616706,0.1558735210409028,0.1911690831335351,0.0456656170961237,0.04219870844323539,0.125,2.158543668581662e-33,1.4226627244475138,0.29750001430511475,0.8634454648581049,0.17142857142857143,0.44761904761904764,0.1973479521740502,1.4694821792917225,0.3522950034802511,0.33021421431978193,0.317490782199967,0,Smooth,0.5174021106401421,0.1319053982317262,0.0175746924428823
163,163,bj920145,2025-03-05,16.1,1.0135060311360515,0.2423509200536797,traded,completed,UP,0.7749999999999999,1.2890278122830952,4.0,0.0,5.0,ma60_washed,0.9,10.709333333333335,shallow_pullback,15.78,1.0,pullback,long_lower_shadow,0.8462500000000001,14.6564,poc,14.5176,"形态止损: washout, 支撑 14.66 下方 0.75xATR=0.97 (被硬性止损 8% 截断)",18.936,"[17.358, 18.936]",7.0,18.936,initial_tp,,0.1999999999999999,0.1999999999999999,6.0,2025-03,0.0993788819875776,0.6007416563658838,,"{'structure_strength': np.float64(0.7749999999999999), 'trend': 'UP', 'atr_ratio': 0.08168744057560806, 'n_supports': 4, 'n_resistances': 0, 'top_support_source': 'ma60_washed', 'top_support_dist': -0.32133502323616375, 'v2_pattern': '', 'fine_score': 1.0135060311360515, 'operable_score': 0.24235092005367975, 'entry_day': 1}",163,0.0,Smooth,0.1382637006966482,0.14667500257492067,0.15451855237975787,0.3647098742916459,0.07122001458570176,0.02866072786453014,0.09615384615384616,1.1198513553927155e-33,3.051407468198605,0.4135293960571289,0.8833570802316872,0.2761904761904762,0.22857142857142856,0.38290603153369007,1.5576067603694321,0.43271272097744645,0.2900245845428404,0.27726269447971325,0,Smooth,0.5777250132488667,0.14001218849888714,0.1999999999999999
167,167,bj920541,2025-03-06,15.626952566172816,1.3653627002074584,0.2515629325089319,traded,completed,UP,0.7749999999999999,0.9625223724425688,4.0,0.0,5.0,ma60_washed,0.9,11.946099346458402,deep_pullback,16.970578394292346,1.0,pullback,long_lower_shadow,0.8462500000000001,14.88026658966204,poc,15.612932122748958,"形态止损: washout, 支撑 14.88 下方 0.75xATR=0.72 (被硬性止损 8% 截断)",20.36469407315081,"[18.6676, 20.3647]",4.0,15.612932122748958,initial_stop,,-0.0799999999999999,-0.0799999999999999,3.0,2025-03,-0.0741433021806855,0.2738853503184715,,,167,1.0,Pullback,-0.0983009666600541,0.0963749957084656,0.09077012648115979,0.2017298642548322,0.0295337807579337,0.02405656565800319,0.07339449541284404,1.6306566514630233e-33,2.5615563676086195,0.32157796222195517,0.8085502056427039,0.15454545454545454,0.37272727272727274,0.1725167592765835,1.0589716513686946,0.377555691357824,0.36194927385434417,0.26049503478783176,0,Smooth,0.558530328284996,0.14050552727855004,-0.0799999999999999
173,173,bj920152,2025-03-06,22.39,1.0945664370642167,0.2135552021861164,traded,completed,UP,0.75,2.524794951876053,4.0,0.0,5.0,ma60_washed,0.9,14.5605,shallow_pullback,20.7,3.0,pullback,bullish_candle,0.8425,19.731900000000003,poc,19.044,"形态止损: washout, 支撑 19.73 下方 0.75xATR=1.89 (被硬性止损 8% 截断)",24.84,"[22.77, 24.84]",4.0,22.0,initial_stop,,0.0628019323671498,0.0628019323671498,1.0,2025-03,-0.2349263063867799,0.3130990415335464,,"{'structure_strength': np.float64(0.75), 'trend': 'UP', 'atr_ratio': 0.12197077062203156, 'n_supports': 4, 'n_resistances': 0, 'top_support_source': 'ma60_washed', 'top_support_dist': -0.2965942028985507, 'v2_pattern': '', 'fine_score': 1.0945664370642167, 'operable_score': 0.2135552021861164, 'entry_day': 3}",173,1.0,Pullback,-0.1869957565792213,-0.03449999809265129,0.020778970013345388,0.054413029446130246,0.033476458880647555,0.04093065826917776,0.13761467889908258,2.94805170924655e-33,0.6258549618638134,0.4741176530426624,0.7030603716064103,0.21818181818181817,0.2636363636363636,-0.055196233599290156,0.7175056381899305,0.3990720166806984,0.31342221536922005,0.2875057679500814,0,Smooth,0.5557831243653084,0.11869037749546492,0.0628019323671498
174,174,bj920837,2025-03-06,17.73427195456974,1.0914514886195388,0.2672924351486956,traded,completed,UP,0.7999999999999999,1.498506528034507,4.0,0.0,5.0,ma60_washed,0.9,11.77843153266847,deep_pullback,18.548304109861466,2.0,pullback,bullish_candle,0.8500000000000001,17.807244122776247,poc,17.06443978107255,"形态止损: washout, 支撑 17.81 下方 0.75xATR=1.12 (被硬性止损 8% 截断)",22.25796493183376,"[20.4031, 22.258]",3.0,22.25796493183376,initial_tp,,0.1999999999999999,0.1999999999999999,1.0,2025-03,-0.2497267759562841,0.3543147208121826,,,174,2.0,Failure,-0.2735449831028081,0.04239999771118166,0.2823434182548057,0.37116612130919835,0.04340249641049317,0.030356445627125167,0.09174311926605505,2.1503929198963752e-33,1.2511485451761102,0.42335029356708453,1.0,0.14545454545454545,0.38181818181818183,0.4296082107899877,2.4170206638346894,0.3676451591106994,0.29684502911381005,0.3355098117754906,0,Smooth,0.5160676736676044,0.13794098519613637,0.1999999999999999
182,182,bj920810,2025-03-06,13.692857142857145,0.9070862798890224,0.2390380051633315,traded,completed,UP,0.7749999999999999,1.5796729007604966,4.0,0.0,5.0,ma60_washed,0.9,7.831785714285715,deep_pullback,15.714285714285715,1.0,pullback,bullish_candle,0.8462500000000001,13.665857142857142,poc,14.45714285714286,"形态止损: washout, 支撑 13.67 下方 0.75xATR=1.18 (被硬性止损 8% 截断)",18.857142857142858,"[17.2857, 18.8571]",2.0,14.45714285714286,initial_stop,,-0.0799999999999999,-0.0799999999999999,1.0,2025-03,-0.2905581637976006,0.807889344262295,,,182,2.0,Failure,-0.3674418427223382,0.18134998798370372,0.024671950299440137,0.27835144787482835,0.04155155226534188,0.04527534119244727,0.10091743119266056,1.7534644357565116e-33,1.0179273206927968,0.5219626296919107,0.831692108511573,0.22727272727272727,0.21818181818181817,0.041066691080729134,0.7555395247764597,0.4076067424113209,0.3077641448663783,0.2846291127223008,0,Smooth,0.5614888148445101,0.1342171662219549,-0.0799999999999999
186,186,bj920001,2025-03-07,25.63877324739712,1.8059184164875448,0.2135552021861164,traded,completed,UP,0.95,2.3241499596920123,4.0,0.0,5.0,swing_low,1.0,16.29305883986118,shallow_pullback,24.578336936043627,8.0,pullback,long_lower_shadow,0.8725,22.903937732275654,ma_ma20,22.612069981160136,"形态止损: washout, 支撑 22.90 下方 0.75xATR=1.74 (被硬性止损 8% 截断)",29.49400432325235,"[27.0362, 29.494]",9.0,22.79442538423401,dynamic_stop,D4,-0.0725806451612902,-0.0725806451612902,1.0,2025-03,-0.2686509470429068,0.0404078549848943,,"{'structure_strength': np.float64(0.9500000000000001), 'trend': 'UP', 'atr_ratio': 0.09456091214551193, 'n_supports': 4, 'n_resistances': 0, 'top_support_source': 'swing_low', 'top_support_dist': -0.3370967741935483, 'v2_pattern': '', 'fine_score': 1.8059184164875448, 'operable_score': 0.2135552021861164, 'entry_day': 8}",186,2.0,Failure,-0.2803347501932015,-0.01225000381469723,0.04571032488099758,0.026157702874013644,0.01941836826686683,0.03607257815476799,0.12280701754385964,3.418125319341401e-33,0.8183450208925375,0.42764646634792314,0.6661619869000803,0.14782608695652175,0.43478260869565216,0.07076425525245877,1.1779044001266223,0.43383379635010266,0.25468759166005184,0.3114786119898456,0,Smooth,0.5611775921801285,0.11984239416034533,-0.0725806451612902
191,191,bj920089,2025-03-07,13.142464849937747,1.269705243118853,0.238599210391315,traded,completed,UP,0.85,1.1356752596229265,6.0,0.0,7.0,ma60_washed,0.9,9.909742439757126,deep_pullback,12.489517433938529,5.0,pullback,bullish_candle,0.8575000000000002,12.068366350619034,poc,11.490356039223448,"形态止损: washout, 支撑 12.07 下方 0.75xATR=0.85 (被硬性止损 8% 截断)",14.987420920726231,"[13.7385, 14.9874]",9.0,11.927678959706643,dynamic_stop,D2,-0.0449848024316108,-0.0449848024316108,4.0,2025-03,-0.2027729636048525,0.03023516237402,,,191,2.0,Failure,-0.2329071502885779,0.008900003433227433,0.0759036481354507,0.14982245696481833,0.02174299003850736,0.027975711613461695,0.09649122807017543,2.5018910172824767e-33,0.7127656743820271,0.4180171446826701,0.6442418348564394,0.1565217391304348,0.3565217391304348,0.11764712903440655,1.2811670427395805,0.4000088427226149,0.2889822815592607,0.3110088757181245,0,Smooth,0.5444999835022453,0.12991726612171975,-0.0449848024316108
195,195,bj920870,2025-03-07,21.62887641608017,0.9515691601541264,0.238599210391315,traded,completed,UP,0.825,2.1620365099368195,5.0,0.0,6.0,ma60_washed,0.9,17.03150565275354,deep_pullback,21.36221903560795,4.0,pullback,bullish_candle,0.8537500000000001,20.57706119310641,poc,19.653241512759315,"形态止损: washout, 支撑 20.58 下方 0.75xATR=1.62 (被硬性止损 8% 截断)",25.63466284272954,"[23.4984, 25.6347]",8.0,20.848656673217004,dynamic_stop,D4,-0.024040684234859,-0.024040684234859,4.0,2025-03,-0.2493150684931505,0.0839130434782609,,,195,1.0,Pullback,-0.2757709259244633,0.10584999561309819,0.10092621421150705,0.18656600482402963,0.05789338434710556,0.03589780411186334,0.09649122807017543,2.4938810432854435e-33,1.593098368504401,0.3991531973932608,0.7126326349929688,0.20869565217391303,0.3217391304347826,0.18986032544123832,1.4554272794943754,0.39655758899718174,0.3268809364608236,0.2765614745419947,0,Smooth,0.5599980572275935,0.13361509427517423,-0.024040684234859
196,196,bj920374,2025-03-07,42.90982244443047,0.9240727742461674,0.2598663287023454,traded,completed,UP,0.9166666666666666,4.014984595032832,5.0,0.0,5.0,swing_low,0.8,34.877932781120904,deep_pullback,39.64126188665685,5.0,pullback,bullish_candle,0.8675,37.47848127489954,ma_ma20,36.4699609357243,"形态止损: pit_rebound, 支撑 37.48 下方 1.25xATR=5.02 (被硬性止损 8% 截断)",47.56951426398822,"[43.6054, 47.5695]",8.0,38.76433100530295,dynamic_stop,D4,-0.0221216691804927,-0.0221216691804927,3.0,2025-03,-0.3539247561542035,0.0562137049941928,,,196,2.0,Failure,-0.3339717646650542,0.2488250255584717,0.06468483861786689,0.14436851527006755,0.037473892856581724,0.036047949941277906,0.12280701754385964,2.0936413790383486e-33,2.1108477868738724,0.2836549317419613,0.8405003307661427,0.09565217391304348,0.5130434782608696,0.09849453293220778,0.9080200461714021,0.4040017994335241,0.2923154548820622,0.3036827456844138,0,Smooth,0.5501595268745552,0.14296793644950997,-0.0221216691804927
199,199,sh601177,2025-03-07,21.927432652421547,0.8229251157049456,0.2150847765199191,traded,completed,UP,0.725,2.1729986875349105,3.0,0.0,3.0,poc,0.44,17.504171135686022,shallow_pullback,19.017064318554684,5.0,pullback,bullish_candle,0.84675,17.504171135686022,poc,17.49569917307031,"形态止损: pit_rebound, 支撑 17.50 下方 1.25xATR=2.72 (被硬性止损 8% 截断)",22.82047718226562,"[20.9188, 22.8205]",8.0,21.050335346324687,initial_stop,,0.1069182389937108,0.1069182389937108,3.0,2025-03,-0.2990909090909091,0.0,,"{'structure_strength': np.float64(0.725), 'trend': 'UP', 'atr_ratio': 0.11426572740855412, 'n_supports': 3, 'n_resistances': 0, 'top_support_source': 'poc', 'top_support_dist': -0.079554507337526, 'v2_pattern': '', 'fine_score': 0.8229251157049456, 'operable_score': 0.21508477651991914, 'entry_day': 5}",199,2.0,Failure,-0.2851182060983516,0.18644998550415046,0.0980553519309646,0.2326125161106789,0.03750064387866964,0.024079716860758476,0.14912280701754385,3.785971242143201e-32,1.4424597163361137,0.5227091888380744,0.9138718753175583,0.5130434782608696,0.2956521739130435,0.23239066185681412,0.8403803496663181,0.3538969732311736,0.32579100238692765,0.3203120243818988,0,Smooth,0.5167924744246374,0.11115419386879914,0.1069182389937108
218,218,bj920300,2025-03-10,16.3,0.8350047738549764,0.2717630626246351,traded,completed,UP,0.8416666666666667,1.776442555421053,5.0,1.0,6.0,ma60_washed,0.9,13.9125,deep_pullback,16.65,1.0,pullback,bullish_candle,0.8562500000000001,16.278,ma_ma20,15.318,"形态止损: washout, 支撑 16.28 下方 0.75xATR=1.33 (被硬性止损 8% 截断)",19.98,"[17.3265, 19.98]",2.0,19.98,initial_tp,,0.1999999999999999,0.1999999999999999,1.0,2025-03,0.2466257668711655,0.3154205607476634,,,218,0.0,Smooth,0.2204204300527126,0.03814998865127563,0.0032818211526766117,0.032517517142785834,0.024873843665086656,0.04073383987520158,0.11764705882352941,4.073468240908841e-33,0.9029869415119828,0.29186600665710316,0.38032801083999485,0.14166666666666666,0.43333333333333335,-0.0034924019136546303,1.4059880722114764,0.41039040414477146,0.30352291889108224,0.2860866769641464,0,Smooth,0.5621518635903126,0.15277211210944944,0.1999999999999999
224,224,bj920001,2025-03-11,27.155098066435297,1.6254414507563713,0.2135552021861164,traded,completed,UP,0.95,2.131107848201609,4.0,0.0,5.0,swing_low,1.0,16.29305883986118,deep_pullback,24.88556614774417,3.0,pullback,bullish_candle,0.8725,23.62493531779871,ma_ma20,22.89472085592464,"形态止损: washout, 支撑 23.62 下方 0.75xATR=1.60 (被硬性止损 8% 截断)",29.86267937729301,"[27.3741, 29.8627]",7.0,22.89472085592464,dynamic_stop,D4,-0.0799999999999999,-0.0799999999999999,4.0,2025-03,-0.2051094890510948,0.0,,,224,2.0,Failure,-0.164556925907077,0.07887498378753666,0.051685574189718864,0.06159161634649535,0.02019665204380073,0.0353854201604516,0.12903225806451613,3.3206837604399844e-33,1.0152332553103605,0.42764646634792314,0.7433762585469728,0.136,0.408,0.11426254699975913,1.216809685850964,0.4091004039953709,0.2809968622417934,0.30990273376283567,0,Smooth,0.5495988351162676,0.11736969035450857,-0.0799999999999999
236,236,bj920145,2025-03-11,16.79,0.9713169320901588,0.2672924351486956,traded,completed,UP,0.7749999999999999,1.3658161648714569,4.0,0.0,5.0,ma60_washed,0.9,10.816166666666668,shallow_pullback,17.5,1.0,pullback,bullish_candle,0.8462500000000001,16.0195,poc,16.1,"形态止损: washout, 支撑 16.02 下方 0.75xATR=1.02 (被硬性止损 8% 截断)",21.0,"[19.25, 21.0]",3.0,21.0,initial_tp,,0.1999999999999999,0.1999999999999999,2.0,2025-03,0.1709350804050029,0.5696969696969696,,"{'structure_strength': np.float64(0.7749999999999999), 'trend': 'UP', 'atr_ratio': 0.07804663799265468, 'n_supports': 4, 'n_resistances': 0, 'top_support_source': 'ma60_washed', 'top_support_dist': -0.3819333333333333, 'v2_pattern': '', 'fine_score': 0.9713169320901588, 'operable_score': 0.2672924351486956, 'entry_day': 1}",236,0.0,Smooth,0.0784421470698708,0.08002500295639034,0.04473358384953796,0.21176513256567886,0.018341671522403312,0.030576019819792796,0.10483870967741936,1.2214630382236408e-33,0.6182752903837476,0.4193360382802758,0.9069444313829325,0.24,0.248,0.08055006583912472,0.9821071276281694,0.4335779410284084,0.3035933269784982,0.26282873199309337,0,Smooth,0.5853746045176575,0.15646620351572932,0.1999999999999999
239,239,bj920263,2025-03-11,16.41,0.9234359829596176,0.2508814891593486,traded,completed,UP,0.7749999999999999,2.4509338158051266,4.0,0.0,5.0,ma60_washed,0.9,9.024275134677664,deep_pullback,14.76,3.0,pullback,long_lower_shadow,0.8462500000000001,14.4238,poc,13.5792,"形态止损: washout, 支撑 14.42 下方 0.75xATR=1.84 (被硬性止损 8% 截断)",17.712,"[16.236, 17.712]",5.0,15.0,dynamic_stop,D4,0.0162601626016261,0.0162601626016261,2.0,2025-03,-0.1980499695307739,0.0,,,239,1.0,Pullback,-0.2024242516719934,0.2886249995231629,0.03469804195149595,0.41965484337634207,0.07260949736356245,0.03930637956615705,0.08064516129032258,2.1413307519213045e-33,1.9398384735079033,0.6078610487750384,0.6631579098325979,0.192,0.328,0.36150234601648057,0.829131761090484,0.3940031447499958,0.36518351089774537,0.24081334435225885,0,Smooth,0.5765949001988685,0.1446569872035781,0.0162601626016261
241,241,bj920026,2025-03-12,25.70986329324404,1.9682407787055427,0.2521161877068337,traded,completed,UP,0.95,2.483940484199314,3.0,0.0,4.0,swing_low,1.0,14.28482267361614,shallow_pullback,19.849423222016902,8.0,pullback,long_lower_shadow,0.8725,19.398725796587257,ma_ma20,18.261469364255557,"形态止损: washout, 支撑 19.40 下方 0.75xATR=1.86 (被硬性止损 8% 截断)",23.819307866420285,"[21.8344, 23.8193]",11.0,19.933948799967297,dynamic_stop,D4,0.0042583392476933,0.0042583392476933,3.0,2025-03,-0.1950684931506849,0.0766324878575281,,"{'structure_strength': 0.95, 'trend': 'UP', 'atr_ratio': 0.12513917691291587, 'n_supports': 3, 'n_resistances': 0, 'top_support_source': 'swing_low', 'top_support_dist': -0.2803406671398155, 'v2_pattern': '', 'fine_score': 1.9682407787055427, 'operable_score': 0.2521161877068337, 'entry_day': 8}",241,1.0,Pullback,-0.2175765710330678,0.2796749877929686,0.10243486659544021,0.26435022168116706,0.06980160912090455,0.03127597292791529,0.10077519379844961,9.066171000254588e-34,2.141329100821199,0.4318604580191679,0.6801293094062589,0.18461538461538463,0.3076923076923077,0.28680563732797926,1.615146632291331,0.3383703959266936,0.3349695160363216,0.32666008803698493,0,Smooth,0.5058551539448544,0.12753427294443015,0.0042583392476933
245,245,bj920006,2025-03-12,34.19634615159952,1.3427825874716752,0.2215983374541582,traded,completed,UP,0.8666666666666667,3.350498548950875,4.0,0.0,5.0,ma60_washed,0.9,24.381928340889,deep_pullback,27.85556593223588,8.0,pullback,bullish_candle,0.8600000000000001,26.585914421330283,ma_ma20,25.62712065765701,"形态止损: washout, 支撑 26.59 下方 0.75xATR=2.51 (被硬性止损 8% 截断)",33.426679118683055,"[30.6411, 33.4267]",11.0,26.569464283968724,dynamic_stop,D2,-0.0461703650680029,-0.0461703650680029,3.0,2025-03,-0.0335276967930028,0.1629297458893868,,,245,0.0,Smooth,-0.0332458255821223,0.1504250097274779,0.03331636920491876,0.17311483465831534,0.03855169608418545,0.03517647554744013,0.10077519379844961,2.318908735863688e-33,0.8803568614745058,0.3908913473203431,0.8327376789246863,0.16923076923076924,0.4,-0.01762110095638547,0.9298342641436579,0.4403044777416388,0.309674528015255,0.2500209942431062,0,Smooth,0.5951417417492663,0.13188242052120938,-0.0461703650680029
247,247,bj920455,2025-03-12,12.759654881608418,1.2352456133085434,0.2672924351486956,traded,completed,UP,0.85,1.4201112071302464,3.0,0.0,4.0,ma60_washed,0.9,8.039097726758511,deep_pullback,10.113064845604857,8.0,pullback,long_lower_shadow,0.8575000000000002,9.62214171210164,ma_ma20,9.304019657956466,"形态止损: washout, 支撑 9.62 下方 0.75xATR=1.07 (被硬性止损 8% 截断)",12.135677814725826,"[11.1244, 12.1357]",12.0,9.304019657956466,initial_stop,,-0.08,-0.08,4.0,2025-03,-0.2089326267978803,0.0511869436201779,,,247,2.0,Failure,-0.2213114940494844,0.06327499389648432,0.0758609432085322,0.23198777769828616,0.03063683210454345,0.03494571505770856,0.10077519379844961,2.2055503629496403e-33,0.7826410877258335,0.49466667175292967,0.7951481883915473,0.11538461538461539,0.27692307692307694,0.02822272274970139,1.3959447881960971,0.3975305564429124,0.30586103238362505,0.2966084111734624,0,Smooth,0.550461072634725,0.14713408055909866,-0.08
248,248,bj920943,2025-03-12,23.285270467836256,1.186378885841145,0.238599210391315,traded,completed,UP,0.85,2.1392292378215023,6.0,0.0,7.0,swing_low,1.0,14.46659356725146,shallow_pullback,20.57030701754386,8.0,pullback,long_lower_shadow,0.8575000000000002,19.591830226608188,poc,18.924682456140356,"形态止损: washout, 支撑 19.59 下方 0.75xATR=1.60 (被硬性止损 8% 截断)",24.684368421052632,"[22.6273, 24.6844]",9.0,21.50171783625731,initial_stop,,0.0452793834296723,0.0452793834296723,1.0,2025-03,-0.2042553191489361,0.0416666666666665,,"{'structure_strength': np.float64(0.85), 'trend': 'UP', 'atr_ratio': 0.10399598003068264, 'n_supports': 6, 'n_resistances': 0, 'top_support_source': 'swing_low', 'top_support_dist': -0.29672447013487485, 'v2_pattern': '', 'fine_score': 1.186378885841145, 'operable_score': 0.23859921039131504, 'entry_day': 8}",248,2.0,Failure,-0.1932700381041843,0.10609999656677242,0.07483542060121229,0.18816783356759825,0.03987981414900759,0.028410811256502713,0.13953488372093023,1.1219835178438663e-33,1.1799643166448182,0.39000001320472133,0.8027613479010371,0.19230769230769232,0.3769230769230769,0.13314445959356735,1.4003128384069305,0.3627287376903866,0.29469848494792694,0.34257277736168634,0,Smooth,0.51007798016435,0.12170420330521074,0.0452793834296723
249,249,bj920145,2025-03-12,17.5,1.1357233315044255,0.2661602333556022,traded,completed,UP,0.7749999999999999,1.5290406762219293,4.0,0.0,5.0,ma60_washed,0.9,10.914833333333332,shallow_pullback,17.06,1.0,pullback,long_lower_shadow,0.8462500000000001,15.9704,poc,15.6952,"形态止损: washout, 支撑 15.97 下方 0.75xATR=1.15 (被硬性止损 8% 截断)",20.472,"[18.766, 20.472]",2.0,20.472,initial_tp,,0.1999999999999999,0.1999999999999999,1.0,2025-03,0.1342857142857143,0.4207350521119033,,"{'structure_strength': np.float64(0.7749999999999999), 'trend': 'UP', 'atr_ratio': 0.08962723776212951, 'n_supports': 4, 'n_resistances': 0, 'top_support_source': 'ma60_washed', 'top_support_dist': -0.36020906604142244, 'v2_pattern': '', 'fine_score': 1.1357233315044255, 'operable_score': 0.26616023335560224, 'entry_day': 1}",249,0.0,Smooth,0.1447520303803016,0.06309999704360951,0.11741086422309133,0.28750511572096626,0.017158482198661285,0.03187312144258027,0.10852713178294573,1.2662112614965651e-33,0.6650633401126163,0.46702123061732964,0.9350797523835344,0.24615384615384617,0.23846153846153847,0.1604073518758944,1.3094822571262361,0.4281544640354448,0.32398075777899277,0.2478647781855624,0,Smooth,0.5901448429249412,0.15707308910650755,0.1999999999999999
260,260,bj920026,2025-03-13,24.87165131190266,1.894050318897099,0.2521161877068337,traded,completed,UP,0.7999999999999999,2.547201116741232,4.0,0.0,5.0,swing_low,1.0,14.28482267361614,deep_pullback,20.54675924010764,8.0,pullback,bullish_candle,0.8500000000000001,19.993821084348827,ma_ma20,18.903018500899027,"形态止损: washout, 支撑 19.99 下方 0.75xATR=1.91 (被硬性止损 8% 截断)",24.65611108812916,"[22.6014, 24.6561]",9.0,19.581758891840668,dynamic_stop,D4,-0.0469660610215976,-0.0469660610215976,1.0,2025-03,-0.2254318889832908,0.0,,,260,1.0,Pullback,-0.1879453642027815,0.34617498397827157,0.05065822380725904,0.23704885352241778,0.07045578780827319,0.03244967640331567,0.10852713178294573,1.0319705678751721e-33,2.1628093585847705,0.4318604580191679,0.7065158399297948,0.16923076923076924,0.3153846153846154,0.2454394597730678,1.1297874606233618,0.39106166915659196,0.3544389902162078,0.2544993406272002,0,Smooth,0.5682811642646959,0.14327288068001606,-0.0469660610215976
261,261,bj920000,2025-03-13,30.753404486860585,1.8098149154354664,0.2325812095824171,traded,completed,UP,0.825,2.514836014760351,4.0,0.0,5.0,ma60_washed,0.9,21.727232490650056,deep_pullback,25.029771829228867,7.0,pullback,bullish_candle,0.8537500000000001,24.394241011337428,poc,23.02739008289056,"形态止损: washout, 支撑 24.39 下方 0.75xATR=1.89 (被硬性止损 8% 截断)",30.03572619507464,"[27.5327, 30.0357]",9.0,24.46630540179362,initial_stop,,-0.0225118483412323,-0.0225118483412323,2.0,2025-03,-0.2970106075216971,0.0,,,261,2.0,Failure,-0.2618966770612771,0.12782499313354484,0.22448215988831022,0.3199742606740241,0.033528112001369036,0.028621882804860277,0.06201550387596899,1.5980666388415168e-33,2.0966180322651717,0.37612805656102416,0.8854489356048304,0.14615384615384616,0.4153846153846154,0.3460277980831694,2.0202405868427427,0.36519957474842485,0.29647718506410403,0.3383232401874711,0,Smooth,0.5134381672804769,0.11941606999187272,-0.0225118483412323
264,264,bj920396,2025-03-13,21.638985300122503,1.423327615118558,0.2215983374541582,traded,completed,UP,0.8666666666666667,1.7426445607478744,5.0,0.0,6.0,ma60_washed,0.9,15.523001083208568,deep_pullback,19.897917517354024,7.0,pullback,bullish_candle,0.8600000000000001,17.42933212535729,ma_ma20,18.306084115965703,"形态止损: washout, 支撑 17.43 下方 0.75xATR=1.31 (被硬性止损 8% 截断)",23.877501020824827,"[21.8877, 23.8775]",8.0,23.877501020824827,initial_tp,,0.1999999999999999,0.1999999999999999,1.0,2025-03,0.4555555555555555,0.537037037037037,,,264,2.0,Failure,0.4974379354263645,0.05374999523162849,0.13538403623260598,0.21033718009977243,0.04578260340346115,0.02991382578219708,0.03875968992248062,1.0849290616572835e-33,1.2008898087333602,0.3596551829370959,0.8082454514399658,0.14615384615384616,0.47692307692307695,0.2069735801103023,2.26472829591418,0.3489810289876021,0.30831862427224027,0.34270034674015765,0,Smooth,0.5031403411237222,0.11149506309913486,0.1999999999999999
265,265,bj920553,2025-03-13,13.413280802068446,1.2380824723202974,0.2059063748399846,traded,completed,UP,0.7999999999999999,0.9468142555101976,5.0,0.0,6.0,ma60_washed,0.9,8.034170837506391,deep_pullback,12.713543155524096,1.0,pullback,long_lower_shadow,0.8500000000000001,12.333122406839422,poc,11.69645970308217,"形态止损: washout, 支撑 12.33 下方 0.75xATR=0.71 (被硬性止损 8% 截断)",15.256251786628916,"[13.9849, 15.2563]",2.0,12.467156660262,dynamic_stop,D4,-0.0193798449612403,-0.0193798449612403,1.0,2025-03,-0.2703894195444526,0.1229946524064169,,,265,1.0,Pullback,-0.3007041944678964,0.0733249926567078,0.20606258151752788,0.3595762488640264,0.06831560451851997,0.026854652432053205,0.05426356589147287,2.05408021675743e-33,1.2399302247258932,0.37127582533990583,1.0,0.2076923076923077,0.3,0.25503353495513426,2.1004519991735404,0.381357124141746,0.323357530258701,0.29528534559955294,0,Pullback,0.5430358892710965,0.11181455136781877,-0.0193798449612403
266,266,bj920455,2025-03-13,12.585791302600883,1.2111997001330606,0.2075736957232398,traded,completed,UP,0.7999999999999999,1.4368235842625492,4.0,0.0,5.0,ma60_washed,0.9,8.105101492863222,deep_pullback,10.113064845604857,7.0,pullback,long_lower_shadow,0.8500000000000001,9.802042220935824,ma_ma20,9.304019657956466,"形态止损: washout, 支撑 9.80 下方 0.75xATR=1.08 (被硬性止损 8% 截断)",12.135677814725826,"[11.1244, 12.1357]",10.0,10.624996494904812,dynamic_stop,D4,0.0506208213944603,0.0506208213944603,3.0,2025-03,-0.2110514198004605,0.0014903129657228,,,266,1.0,Pullback,-0.1834789826544899,0.040074999332427995,0.058818903261509625,0.18323023735210642,0.031129473480799894,0.03663282945413716,0.10852713178294573,2.2382159647230178e-33,0.7439061598853974,0.46866668065389,0.7752489507039249,0.12307692307692308,0.27692307692307694,0.10090242315430564,1.1879947081081486,0.3951330587462682,0.32703390996765824,0.2778330312860735,0,Smooth,0.5586500137300974,0.11596104796579497,0.0506208213944603
271,271,bj920943,2025-03-13,22.74029605263157,0.9164326144713356,0.2626690559683532,traded,completed,UP,0.85,2.0918056903224955,6.0,0.0,7.0,swing_low,1.0,14.46659356725146,deep_pullback,22.799747807017543,1.0,pullback,bullish_candle,0.8575000000000002,22.85176809210526,poc,20.975767982456144,"无有效支撑, 使用最大止损 8%",27.359697368421056,"[25.0797, 27.3597]",3.0,24.17704678362573,dynamic_stop,D4,0.0604085180356366,0.0604085180356366,2.0,2025-03,-0.1795206971677561,0.0785159620362381,,,271,2.0,Failure,-0.1970149547515103,0.09492500782012954,0.01869961095184336,0.12689295801950973,0.04240123681212226,0.02906556716979207,0.13953488372093023,1.157775034057931e-33,1.291088758791403,0.37346150324894833,0.7095777589378247,0.17692307692307693,0.4076923076923077,0.09598112166711115,0.8765958094310625,0.39263767127262444,0.2556534335151562,0.35170889521221943,0,Smooth,0.5204643880302026,0.13670988946903997,0.0604085180356366
272,272,bj920422,2025-03-13,15.163104190684038,0.8960020845379828,0.2375491439317055,traded,completed,UP,0.7749999999999999,0.9117926241791888,4.0,0.0,5.0,ma60_washed,0.9,11.001891877193303,shallow_pullback,12.648963689389976,7.0,pullback,bullish_candle,0.8462500000000001,11.822819077194318,ma_ma20,11.637046594238775,"形态止损: washout, 支撑 11.82 下方 0.75xATR=0.68 (被硬性止损 8% 截断)",15.178756427267968,"[13.9139, 15.1788]",8.0,15.178756427267968,initial_tp,,0.1999999999999999,0.1999999999999999,1.0,2025-03,0.1187096774193547,0.4109677419354838,,"{'structure_strength': np.float64(0.7749999999999999), 'trend': 'UP', 'atr_ratio': 0.07208437359528558, 'n_supports': 4, 'n_resistances': 0, 'top_support_source': 'ma60_washed', 'top_support_dist': -0.1302139726733695, 'v2_pattern': '', 'fine_score': 0.8960020845379828, 'operable_score': 0.23754914393170554, 'entry_day': 7}",272,0.0,Smooth,-0.052458968551676,0.058799993991851804,0.1271087921494516,0.2231531077641269,0.020258228117500332,0.0264221925274567,0.08527131782945736,1.3927426490532002e-33,1.3137731833384008,0.3272840858607693,0.9082218768166312,0.2076923076923077,0.3,0.1769172293248551,1.5293099162573822,0.409726767275014,0.32952805172249183,0.26074518100249405,0,Smooth,0.57449079313626,0.13646979610616508,0.1999999999999999
274,274,bj920634,2025-03-14,32.69220788774512,2.0033748826508395,0.2363364710246881,traded,completed,UP,0.7749999999999999,5.060511678567679,3.0,0.0,4.0,ma60_washed,0.9,19.419937837975947,deep_pullback,31.21565772852292,2.0,pullback,bullish_candle,0.8462500000000001,31.10466872326595,poc,28.71840511024109,"形态止损: washout, 支撑 31.10 下方 0.75xATR=3.80 (被硬性止损 8% 截断)",37.45878927422751,"[34.3372, 37.4588]",3.0,30.918365750156035,dynamic_stop,D4,-0.0095238095238096,-0.0095238095238096,1.0,2025-03,-0.1633828432858443,0.0740633168748183,,,274,1.0,Pullback,-0.1179290644324172,0.3887249898910522,0.024885409475572162,0.30000567546255175,0.05378777532343238,0.04166405943252837,0.10077519379844961,1.4947510589106391e-33,1.2180112317987692,0.574835343348755,0.6207033316204121,0.13846153846153847,0.3384615384615385,0.18316150700465572,1.0102153506350082,0.40806482403715,0.3660454743336042,0.22588970162924582,0,Smooth,0.5910875612039521,0.13969554828153138,-0.0095238095238096
276,276,bj920026,2025-03-14,23.31497191798295,1.7705478500194378,0.2105183725557647,traded,completed,UP,0.7999999999999999,2.681856710786264,4.0,0.0,5.0,swing_low,1.0,14.28482267361614,deep_pullback,20.80033597395881,5.0,pullback,long_lower_shadow,0.8500000000000001,20.35939420898427,ma_ma20,19.136309096042105,"形态止损: washout, 支撑 20.36 下方 0.75xATR=2.01 (被硬性止损 8% 截断)",24.96040316875057,"[22.8804, 24.9604]",6.0,19.849423222016902,dynamic_stop,D4,-0.0457162207924145,-0.0457162207924145,1.0,2025-03,-0.216012084592145,0.0362232779097386,,,276,0.0,Smooth,-0.219079111633564,0.3576249885559081,-0.08343763773172674,0.08829470785156723,0.07566202699744042,0.033419527478093874,0.10852713178294573,1.0837469855584833e-33,1.843626785771528,0.4318604580191679,0.4981152478197474,0.13076923076923078,0.35384615384615387,-0.12994055536711457,0.9274282120905648,0.4063268449558177,0.3478369324383971,0.24583622260578522,0,Smooth,0.5802453111750163,0.1221522985916777,-0.0457162207924145
277,277,bj920576,2025-03-14,34.799541809851085,1.3743687020273363,0.2680795446295174,traded,completed,UP,0.7749999999999999,2.850140115804293,4.0,0.0,5.0,ma60_washed,0.9,23.68688812523864,deep_pullback,29.808293241695303,5.0,pullback,bullish_candle,0.8462500000000001,26.12003894616265,ma_ma20,27.42362978235968,"形态止损: washout, 支撑 26.12 下方 0.75xATR=2.14 (被硬性止损 8% 截断)",35.76995189003436,"[32.7891, 35.77]",6.0,35.76995189003436,initial_tp,,0.1999999999999999,0.1999999999999999,1.0,2025-03,-0.0142857142857142,0.2205970149253733,,,277,1.0,Pullback,0.0589318005229577,0.1446499919891357,0.09911743212811497,0.20309572927767783,0.02398805276727986,0.027535570329116472,0.12403100775193798,9.955104550256365e-34,1.460730046907625,0.4029464667511507,0.667094341829457,0.13076923076923078,0.3230769230769231,0.15916956547363648,1.6073490397941002,0.40175853387924365,0.3690352937982231,0.2292061723225332,0,Smooth,0.5862761807783552,0.15716865157019408,0.1999999999999999
278,278,bj920422,2025-03-14,17.902245592872124,1.2765435200848323,0.215547469236389,traded,completed,UP,0.7749999999999999,1.2989179632664172,4.0,0.0,5.0,ma60_washed,0.9,11.02944633534627,deep_pullback,12.648963689389976,6.0,pullback,bullish_candle,0.8462500000000001,12.19945101999518,ma_ma20,11.637046594238775,"形态止损: washout, 支撑 12.20 下方 0.75xATR=0.97 (被硬性止损 8% 截断)",15.178756427267968,"[13.9139, 15.1788]",7.0,15.178756427267968,initial_tp,,0.1999999999999999,0.1999999999999999,1.0,2025-03,-0.0371584699453553,0.1950819672131145,,,278,0.0,Smooth,0.080981697175275,0.10967499256134028,0.22346645063778015,0.38203599855040715,0.038653950977662305,0.028765409495074827,0.08527131782945736,1.6194906444949366e-33,1.9661689893652927,0.44020619225661667,0.8711943341471577,0.18461538461538463,0.3,0.40229877161634353,1.6720047690238171,0.42063627037406864,0.2970675806668808,0.28229614895905053,0,Smooth,0.5691700607075091,0.12268316615062548,0.1999999999999999
286,286,bj920000,2025-03-14,28.183206747682267,1.0064995152364995,0.236633622471284,traded,completed,UP,0.825,2.730469497395657,4.0,0.0,5.0,ma60_washed,0.9,21.813070504888,deep_pullback,25.029771829228867,6.0,pullback,bullish_candle,0.8537500000000001,23.90185043676638,ma_ma20,23.02739008289056,"形态止损: washout, 支撑 23.90 下方 0.75xATR=2.05 (被硬性止损 8% 截断)",30.03572619507464,"[27.5327, 30.0357]",8.0,24.46630540179362,initial_stop,,-0.0225118483412323,-0.0225118483412323,2.0,2025-03,-0.2606103121711681,0.0084373945325684,,,286,2.0,Failure,-0.2538053124351839,0.20024999618530276,0.05061605179840156,0.16212785713056266,0.045743447362149005,0.029736739448078957,0.06201550387596899,1.6448307917248102e-33,2.835847782031074,0.37554580157842965,0.6341085154408032,0.11538461538461539,0.4307692307692308,0.20790861522061066,1.155807153733337,0.34938759860202784,0.30715757705981483,0.3434548243381574,0,Smooth,0.5029663871319352,0.11901875816832402,-0.0225118483412323
288,288,bj920871,2025-03-14,16.732955354445743,0.9713218816006902,0.2355160499810289,traded,completed,UP,0.8416666666666667,1.315156966059283,4.0,0.0,4.0,swing_low,1.0,9.521237420086525,deep_pullback,14.777385215190051,7.0,pullback,bullish_candle,0.8562500000000001,14.27278617812645,ma_ma20,13.595194397974849,"形态止损: pit_rebound, 支撑 14.27 下方 1.25xATR=1.64 (被硬性止损 8% 截断)",17.73286225822806,"[16.2551, 17.7329]",10.0,13.910209316334589,dynamic_stop,D2,-0.0586826347305389,-0.0586826347305389,3.0,2025-03,-0.1205711263881545,0.0600522193211487,,,288,0.0,Smooth,-0.1685000419616699,0.0653499794006347,0.06356390493798858,0.1469469443128768,0.03411610699054231,0.03020536763250113,0.10077519379844961,1.395452422293962e-33,1.8114116459981122,0.315513144135281,0.7276851772766412,0.07692307692307693,0.5153846153846153,0.14945977154405243,1.0589556529864155,0.43999450066066775,0.30392699080267505,0.2560785085366573,0,Smooth,0.5919579960620053,0.13941560898720895,-0.0586826347305389
293,293,bj920781,2025-03-17,11.13616893787204,1.5648662846511017,0.2521161877068337,traded,completed,UP,0.8666666666666666,1.054848013380379,3.0,0.0,4.0,ma60_washed,0.9,7.987122959216511,shallow_pullback,9.493425190720584,5.0,pullback,long_lower_shadow,0.8600000000000001,8.855840946315116,ma_ma20,8.733951175462938,"形态止损: washout, 支撑 8.86 下方 0.75xATR=0.79 (被硬性止损 8% 截断)",11.3921102288647,"[10.4428, 11.3921]",6.0,10.845739104121508,initial_stop,,0.1424474187380495,0.1424474187380495,1.0,2025-03,0.0684596577017113,0.0942812982998455,,"{'structure_strength': np.float64(0.8666666666666666), 'trend': 'UP', 'atr_ratio': 0.11111353301771922, 'n_supports': 3, 'n_resistances': 0, 'top_support_source': 'ma60_washed', 'top_support_dist': -0.1586679413639262, 'v2_pattern': '', 'fine_score': 1.5648662846511017, 'operable_score': 0.2521161877068337, 'entry_day': 5}",293,0.0,Smooth,0.004597660158272,0.07467499732971197,0.10395423931910885,0.23461497828907762,0.0547158523150529,0.028711044849086313,0.09302325581395349,2.9092169183725455e-33,1.7414556671324208,0.417687038728974,0.7133549830885879,0.16153846153846155,0.35384615384615387,0.19703969269985722,1.4392994818019909,0.4185485676856206,0.2790449724750741,0.30240645983930525,0,Smooth,0.5580710539231577,0.14069874658464135,0.1424474187380495
294,294,bj920471,2025-03-17,20.864652561752383,1.5243340696706975,0.218101786456465,traded,completed,UP,0.7999999999999999,1.833472119377964,4.0,0.0,5.0,ma60_washed,0.9,14.288094344120127,shallow_pullback,16.494420370330964,4.0,pullback,long_lower_shadow,0.8500000000000001,15.819155373710656,ma_ma20,15.174866740704488,"形态止损: washout, 支撑 15.82 下方 0.75xATR=1.38 (被硬性止损 8% 截断)",19.793304444397155,"[18.1439, 19.7933]",5.0,19.793304444397155,initial_tp,,0.1999999999999999,0.1999999999999999,1.0,2025-03,-0.2070921985815602,0.0,,"{'structure_strength': np.float64(0.7999999999999999), 'trend': 'UP', 'atr_ratio': 0.11115711120567098, 'n_supports': 4, 'n_resistances': 0, 'top_support_source': 'ma60_washed', 'top_support_dist': -0.1337619617224879, 'v2_pattern': '', 'fine_score': 1.5243340696706975, 'operable_score': 0.21810178645646502, 'entry_day': 4}",294,1.0,Pullback,-0.1606606185193819,0.06967501163482677,0.28128294230702267,0.3745138527821785,0.0385766925821826,0.027466486330096684,0.12403100775193798,1.332634839572901e-33,2.279806302696557,0.4170159475445565,0.9226130252540607,0.15384615384615385,0.4230769230769231,0.3818073858569919,1.8036736827558029,0.3765094923532005,0.36759219456051295,0.25589831308628647,0,Smooth,0.560305589633457,0.12220365006059995,0.1999999999999999
297,297,bj920576,2025-03-17,31.369301260022908,1.329287280440807,0.2521161877068337,traded,completed,UP,0.7749999999999999,3.049450948779147,4.0,0.0,5.0,ma60_washed,0.9,23.818463535700648,deep_pullback,29.808293241695303,4.0,pullback,bullish_candle,0.8462500000000001,26.593809851088203,ma_ma20,27.42362978235968,"形态止损: washout, 支撑 26.59 下方 0.75xATR=2.29 (被硬性止损 8% 截断)",35.76995189003436,"[32.7891, 35.77]",5.0,35.76995189003436,initial_tp,,0.1999999999999999,0.1999999999999999,1.0,2025-03,0.1026941362916005,0.2550644567219153,,,297,1.0,Pullback,0.0882077467231874,0.17422499179840098,0.03285945070197149,0.1379606096203847,0.024339068548314146,0.027879518889759706,0.12403100775193798,1.025357687679857e-33,1.5139245002386423,0.4029464667511507,0.608082265338284,0.13846153846153847,0.33076923076923076,0.11843469858161493,1.1019399680337845,0.3937730947387506,0.35093590168012306,0.2552910035811263,0,Smooth,0.5692410455788122,0.14351488229758208,0.1999999999999999
301,301,bj920553,2025-03-17,12.467156660262,1.2093358922983792,0.2105183725557647,traded,completed,UP,0.7916666666666666,1.185013215160165,3.0,1.0,4.0,ma60_washed,0.9,8.177567777748928,shallow_pullback,10.446787399112823,5.0,pullback,long_lower_shadow,0.8487500000000001,9.535157366643071,ma_ma20,9.611044407183796,"形态止损: washout, 支撑 9.54 下方 0.75xATR=0.89 (被硬性止损 8% 截断)",14.981077493260395,"[13.6192, 14.9811]",9.0,10.348232801007985,dynamic_stop,D4,-0.009433962264151,-0.009433962264151,4.0,2025-03,-0.2158102766798418,0.0152487961476723,,"{'structure_strength': np.float64(0.7916666666666666), 'trend': 'UP', 'atr_ratio': 0.11343326612167871, 'n_supports': 3, 'n_resistances': 1, 'top_support_source': 'ma60_washed', 'top_support_dist': -0.21721698113207558, 'v2_pattern': '', 'fine_score': 1.2093358922983792, 'operable_score': 0.21051837255576475, 'entry_day': 5}",301,1.0,Pullback,-0.162869218822456,0.12774999618530272,0.004555174053790578,0.20401984876223112,0.07397773530239762,0.029783895732046182,0.06976744186046512,2.2604919830672938e-33,2.377804815344051,0.44013607829783014,0.6537867575472559,0.16153846153846155,0.3,0.23122531413532887,0.9707358101303858,0.3663279718777636,0.35882426778030985,0.2748477603419266,0,Smooth,0.5457401057679185,0.1148883189046731,-0.009433962264151
303,303,bj920221,2025-03-17,22.49521072796935,1.1790274635076154,0.2236829163902548,traded,completed,UP,0.8166666666666667,1.4766463840405435,5.0,0.0,6.0,ma60_washed,0.9,13.734348659003834,deep_pullback,16.147471264367816,5.0,pullback,long_lower_shadow,0.8525,15.50165421455939,ma_ma20,14.85567356321839,"形态止损: washout, 支撑 15.50 下方 0.75xATR=1.11 (被硬性止损 8% 截断)",19.376965517241377,"[17.7622, 19.377]",7.0,16.752796934865902,initial_stop,,0.0374873353596758,0.0374873353596758,2.0,2025-03,-0.3327272727272727,0.0670160988393857,,,303,1.0,Pullback,-0.2280185095462917,0.10924998760223392,0.23700356210666862,0.35183462692973366,0.06787962313265442,0.024987439502492673,0.06201550387596899,1.2072479078792636e-33,1.073647972694639,0.36989889552299343,1.0,0.19230769230769232,0.36923076923076925,0.3361680535416336,1.5766724218257557,0.3810754216245162,0.3569810778171003,0.26194350055838356,0,Smooth,0.5595659605330663,0.12516534596475049,0.0374873353596758
305,305,bj920871,2025-03-17,17.573585052315835,1.1328134672438264,0.2355160499810289,traded,completed,UP,0.9416666666666668,1.3403740002519615,3.0,0.0,3.0,swing_low,1.0,9.521237420086525,deep_pullback,14.777385215190051,6.0,pullback,bullish_candle,0.8712500000000001,14.376980016994032,ma_ma20,13.595194397974849,"形态止损: pit_rebound, 支撑 14.38 下方 1.25xATR=1.68 (被硬性止损 8% 截断)",17.73286225822806,"[16.2551, 17.7329]",8.0,15.485283908133288,dynamic_stop,D4,0.0479041916167664,0.0479041916167664,2.0,2025-03,-0.1440080563947634,0.0035,,,305,0.0,Smooth,-0.1232593844703453,0.09967498779296875,0.0682048951900045,0.17536436730021032,0.03349680944273765,0.029029079241967105,0.10077519379844961,1.2696642512685852e-33,1.709376712328767,0.315513144135281,0.8562782639608674,0.06153846153846154,0.47692307692307695,0.0723860809159691,0.83720333855567,0.4391212255391315,0.2928670987308771,0.2680116757299914,0,Smooth,0.5855547749045701,0.13790754763305485,0.0479041916167664
306,306,bj920422,2025-03-17,15.838106893366104,1.0503770539279638,0.2075736957232398,traded,completed,UP,0.7749999999999999,1.419208337446285,4.0,0.0,5.0,ma60_washed,0.9,11.03629418885174,deep_pullback,12.648963689389976,5.0,pullback,bullish_candle,0.8462500000000001,12.45184333491108,ma_ma20,11.637046594238775,"形态止损: washout, 支撑 12.45 下方 0.75xATR=1.06 (被硬性止损 8% 截断)",15.178756427267968,"[13.9139, 15.1788]",6.0,15.178756427267968,initial_tp,,0.1999999999999999,0.1999999999999999,1.0,2025-03,0.1105620753551572,0.3417177914110427,,,306,1.0,Pullback,0.1408628985478131,0.14807498931884763,0.027451195057121902,0.19428496948708007,0.04541943037661995,0.02943240330275057,0.08527131782945736,1.6464587678938118e-33,2.3122006799819648,0.44020619225661667,0.6370022956303291,0.16153846153846155,0.3153846153846154,0.18718133871151021,1.0143063062113455,0.39131348099544433,0.35552007800087654,0.25316644100367913,0,Smooth,0.5690735199958826,0.11812469368377836,0.1999999999999999
307,307,bj920694,2025-03-17,16.883874417549904,0.9947734937095236,0.2236829163902548,traded,completed,UP,0.825,0.8359316838543467,5.0,0.0,6.0,swing_low,1.0,10.93869052118452,deep_pullback,15.129802583719565,4.0,pullback,long_lower_shadow,0.8537500000000001,14.709347833082704,poc,14.082399070191943,"形态止损: washout, 支撑 14.71 下方 0.75xATR=0.63",18.15576310046348,"[16.6428, 18.1558]",5.0,18.15576310046348,initial_tp,,0.1999999999999999,0.1999999999999999,1.0,2025-03,0.0340406719717063,0.1494913754975673,,,307,0.0,Smooth,0.0729357893685083,0.07600000858306881,0.10322283703414059,0.17907804460599763,0.019522106426171314,0.019430717585310422,0.05426356589147287,4.723669331049395e-34,1.4905442222074556,0.255066111054068,0.9844559346533897,0.18461538461538463,0.4230769230769231,0.1401916640111589,1.2006847605121438,0.43857704063503067,0.3497516996987423,0.211671259666227,0,Smooth,0.6134528904844019,0.1372189316115826,0.1999999999999999
308,308,bj920519,2025-03-17,14.677474628119793,0.9602312642848,0.2092597375777474,traded,completed,UP,0.8083333333333333,0.9438647215333228,3.0,0.0,4.0,ma60_washed,0.9,10.702774027247148,deep_pullback,12.993334777528323,6.0,pullback,bullish_candle,0.8512500000000001,12.099859420746515,ma_ma20,11.95386799532606,"形态止损: washout, 支撑 12.10 下方 0.75xATR=0.71 (被硬性止损 8% 截断)",15.592001733033989,"[14.2927, 15.592]",8.0,12.582091325639713,dynamic_stop,D4,-0.0316503391107761,-0.0316503391107761,2.0,2025-03,-0.1254169446297532,0.0,,,308,0.0,Smooth,-0.1242485355493402,0.09572499990463257,0.04452696402132128,0.1672440685964829,0.03802385543380462,0.02388280660872776,0.09302325581395349,1.1905691994047022e-33,3.3213161221128433,0.31063017839537344,0.9221311259160794,0.23076923076923078,0.24615384615384617,0.15090092154152712,0.7707843191526659,0.47457752718963203,0.28392822729349554,0.24149424551687235,0,Smooth,0.6165416408363797,0.12901734196717463,-0.0316503391107761
309,309,bj920943,2025-03-17,24.67247807017544,0.957039633957072,0.2672924351486956,traded,completed,UP,0.85,2.004691881601814,6.0,0.0,7.0,swing_low,1.0,14.46659356725146,shallow_pullback,20.57030701754386,5.0,pullback,long_lower_shadow,0.8575000000000002,19.797434210526315,ma_ma20,18.924682456140356,"形态止损: washout, 支撑 19.80 下方 0.75xATR=1.50 (被硬性止损 8% 截断)",24.684368421052632,"[22.6273, 24.6844]",6.0,21.50171783625731,initial_stop,,0.0452793834296723,0.0452793834296723,1.0,2025-03,-0.208433734939759,0.0101091791346543,,"{'structure_strength': np.float64(0.85), 'trend': 'UP', 'atr_ratio': 0.09745561307821347, 'n_supports': 6, 'n_resistances': 0, 'top_support_source': 'swing_low', 'top_support_dist': -0.29672447013487485, 'v2_pattern': '', 'fine_score': 0.957039633957072, 'operable_score': 0.2672924351486956, 'entry_day': 5}",309,1.0,Pullback,-0.1895559485279377,0.0894500112533569,0.05543934946411988,0.1536487695210036,0.02578507735962715,0.02991453586149752,0.13178294573643412,1.2774587125401114e-33,1.1563223033458752,0.33461541395920974,0.8540229486905724,0.13076923076923078,0.45384615384615384,0.031706309998032145,0.9166562254393859,0.44458594761057224,0.31651299603059274,0.23890105635883488,0,Smooth,0.6028424456258686,0.16113522530233354,0.0452793834296723
310,310,bj920873,2025-03-17,6.93,0.9403555003182356,0.2092597375777474,traded,completed,UP,0.7999999999999999,0.4400804359034344,4.0,0.0,5.0,ma60_washed,0.9,5.163833333333333,deep_pullback,5.62,5.0,pullback,long_lower_shadow,0.8500000000000001,5.4295,poc,5.1704,"形态止损: washout, 支撑 5.43 下方 0.75xATR=0.33 (被硬性止损 8% 截断)",6.744,"[6.182, 6.744]",9.0,5.49,dynamic_stop,D4,-0.0231316725978647,-0.0231316725978647,4.0,2025-03,-0.1269841269841269,0.0488505747126437,,,310,0.0,Smooth,-0.1585535267612086,0.01322499990463255,0.05199517143276067,0.12318451770122718,0.015989003823102574,0.026505934801613715,0.09302325581395349,3.949800243077702e-33,0.7561001931916594,0.3012552056385162,0.9027777532491157,0.15384615384615385,0.3769230769230769,0.07906980526561314,1.1305201315968008,0.4694764387817072,0.2821261162547643,0.24839744496352864,0,Smooth,0.6105394969090894,0.12776133490404595,-0.0231316725978647
313,313,bj920781,2025-03-18,11.490130297755506,1.564610456018824,0.2521161877068337,traded,completed,UP,0.8666666666666666,1.1598568459769885,3.0,0.0,4.0,ma60_washed,0.9,8.043998801659324,deep_pullback,9.493425190720584,4.0,pullback,long_lower_shadow,0.8600000000000001,9.07502471147372,ma_ma20,8.733951175462938,"形态止损: washout, 支撑 9.08 下方 0.75xATR=0.87 (被硬性止损 8% 截断)",11.3921102288647,"[10.4428, 11.3921]",5.0,10.845739104121508,initial_stop,,0.1424474187380495,0.1424474187380495,1.0,2025-03,0.0110584518167455,0.0191570881226053,,,313,1.0,Pullback,0.1337466992014053,0.09199999570846558,0.0626603362768805,0.2060626769385392,0.0544399678892503,0.030698152809768054,0.10077519379844961,3.2328613757615865e-33,1.9119551382560735,0.417687038728974,0.7312703937215296,0.13846153846153847,0.3769230769230769,0.21057518682683796,1.0269949541240146,0.388476440980878,0.35574237465479147,0.2557811843643305,0,Smooth,0.5663476283082738,0.14278540496588885,0.1424474187380495
316,316,bj920639,2025-03-18,8.59,1.3211640973613823,0.2669452234701934,traded,completed,UP,0.7749999999999999,0.4117280234929196,4.0,0.0,5.0,ma60_washed,0.9,6.602833333333334,deep_pullback,9.08,3.0,pullback,bullish_candle,0.8462500000000001,7.3375,ma_ma20,8.3536,"形态止损: washout, 支撑 7.34 下方 0.75xATR=0.31 (被硬性止损 8% 截断)",10.896,"[9.988, 10.896]",4.0,10.896,initial_tp,,0.1999999999999999,0.1999999999999999,1.0,2025-03,0.1152502910360884,0.5239179954441915,,,316,0.0,Smooth,0.2172808212214472,0.030949999094009372,0.07518978386135289,0.15067053978454026,0.012214625025033602,0.019083601306379233,0.031007751937984496,1.9886707969170718e-33,1.5695058013388252,0.24204546230391022,0.9906101142304766,0.16153846153846155,0.36923076923076925,0.1299870983943352,1.3249420968421817,0.48106325849711373,0.2868164069757315,0.23212033452715464,0,Smooth,0.6244714619849795,0.16669967397033872,0.1999999999999999
317,317,bj920427,2025-03-18,16.232180657854528,1.317761534075776,0.2669838101776057,traded,completed,UP,0.8833333333333333,1.5062622975024986,3.0,1.0,4.0,swing_low,1.0,12.659121378899965,deep_pullback,15.717501758946948,2.0,pullback,long_lower_shadow,0.8625,14.587682599133476,ma_ma20,14.460101618231192,"形态止损: washout, 支撑 14.59 下方 0.75xATR=1.13 (被硬性止损 8% 截断)",20.23974769954069,"[18.3998, 20.2397]",3.0,14.460101618231192,initial_stop,,-0.0799999999999999,-0.0799999999999999,1.0,2025-03,-0.0609756097560973,0.0,,,317,0.0,Smooth,0.0198674986411719,-0.0565249967575074,0.05650120966770933,0.09202378071166839,0.022412688776492457,0.029962701628660722,0.10852713178294573,1.778587387974631e-33,0.5788650696706947,0.381390556654253,0.6702413691185389,0.08461538461538462,0.5923076923076923,0.061452497430821706,1.253092678243237,0.49005509374672535,0.28116133388765807,0.22878357236561664,0,Smooth,0.6306357606905544,0.16836953822341694,-0.0799999999999999
318,318,bj920370,2025-03-18,5.03,1.242420496421298,0.238599210391315,traded,completed,UP,0.7749999999999999,0.4536653348588296,3.0,0.0,4.0,ma60_washed,0.9,3.8885,shallow_pullback,4.49,4.0,pullback,bullish_candle,0.8462500000000001,4.308,ma_ma20,4.130800000000001,"形态止损: washout, 支撑 4.31 下方 0.75xATR=0.34 (被硬性止损 8% 截断)",5.388,"[4.939, 5.388]",7.0,4.5,dynamic_stop,D2,0.0022271714922048,0.0022271714922048,3.0,2025-03,-0.1650099403578528,0.0,,"{'structure_strength': np.float64(0.7749999999999999), 'trend': 'UP', 'atr_ratio': 0.10103905007991751, 'n_supports': 3, 'n_resistances': 0, 'top_support_source': 'ma60_washed', 'top_support_dist': -0.13396436525612473, 'v2_pattern': '', 'fine_score': 1.242420496421298, 'operable_score': 0.23859921039131504, 'entry_day': 4}",318,1.0,Pullback,-0.146341515419479,0.021475001573562615,0.1306403429424181,0.19899719394769932,0.04214885943839624,0.02716271163991642,0.10852713178294573,5.559506932941085e-33,2.766598592826572,0.3799999952316284,0.7807017516341346,0.1,0.4461538461538462,0.24434386992400392,1.925851128409771,0.3472738219788304,0.35034165291663016,0.30238452510453956,1,Smooth,0.5224446484371454,0.12465488059027106,0.0022271714922048
319,319,bj920471,2025-03-18,18.74365951173973,1.2037905373519309,0.2590002529440866,traded,completed,UP,0.8166666666666667,2.0309649312464844,3.0,0.0,4.0,ma60_washed,0.9,14.356985513729065,deep_pullback,16.494420370330964,3.0,pullback,long_lower_shadow,0.8525,16.12349321367759,ma_ma20,15.174866740704488,"形态止损: washout, 支撑 16.12 下方 0.75xATR=1.52 (被硬性止损 8% 截断)",19.793304444397155,"[18.1439, 19.7933]",4.0,19.793304444397155,initial_tp,,0.1999999999999999,0.1999999999999999,1.0,2025-03,-0.0999999999999998,0.0385385385385386,,,319,0.0,Smooth,-0.0228571210588727,0.11907499790191664,0.053992001974550785,0.15541416597392566,0.049450944440173804,0.02863774588317551,0.13178294573643412,1.3933584599379885e-33,2.3925931024198315,0.4170159475445565,0.6100501738083289,0.11538461538461539,0.4230769230769231,0.12310278324929858,1.1144261909955868,0.4918133419406999,0.2908281064094604,0.21735855164983967,0,Smooth,0.6372273951454301,0.1650420565255678,0.1999999999999999
321,321,bj920547,2025-03-18,23.388144329896907,1.1843375820252695,0.236633622471284,traded,completed,UP,0.9166666666666666,2.2759408715528715,3.0,1.0,4.0,ma60_washed,0.9,17.858412371134023,shallow_pullback,21.848797250859107,4.0,pullback,bullish_candle,0.8675,20.221558419243983,ma_ma20,20.10089347079038,"形态止损: washout, 支撑 20.22 下方 0.75xATR=1.71 (被硬性止损 8% 截断)",29.50406958762887,"[26.8219, 29.5041]",8.0,21.848797250859107,dynamic_stop,D4,0.0,0.0,4.0,2025-03,-0.0348195329087047,0.0248962655601658,,"{'structure_strength': np.float64(0.9166666666666666), 'trend': 'UP', 'atr_ratio': 0.10416778760960767, 'n_supports': 3, 'n_resistances': 1, 'top_support_source': 'ma60_washed', 'top_support_dist': -0.18263636363636357, 'v2_pattern': '', 'fine_score': 1.1843375820252695, 'operable_score': 0.23663362247128403, 'entry_day': 4}",321,0.0,Smooth,0.0165473578615857,0.17047500133514415,0.012201027087550775,0.12290621412769909,0.05365087507028705,0.027240502810409684,0.06976744186046512,9.075253711622857e-34,4.709347796772695,0.4274193548387097,0.47924531180903596,0.1076923076923077,0.4846153846153846,0.1860236586326487,0.8598098728667964,0.4979554523277733,0.278917857559744,0.22312669011248268,0,Smooth,0.6374143811076453,0.15083367401679368,0.0
323,323,bj920300,2025-03-18,19.51,1.0774335363144802,0.2355160499810289,traded,completed,UP,0.8666666666666667,1.8890354580621649,5.0,1.0,5.0,ma_ma20,0.4,17.215600000000002,deep_pullback,16.1,4.0,pullback,long_lower_shadow,0.8600000000000001,14.8,swing_low,14.812,"形态止损: pit_rebound, 支撑 14.80 下方 1.25xATR=2.36 (被硬性止损 8% 截断)",22.99,"[20.9, 22.99]",6.0,17.03,initial_stop,,0.0577639751552794,0.0577639751552794,2.0,2025-03,-0.0630445925166581,0.1176178660049629,,,323,1.0,Pullback,-0.0503895747197138,0.10582499504089356,0.051286049500080644,0.1355631147275771,0.03298071124648288,0.042941954899074306,0.13178294573643412,4.643679941017014e-33,1.1824813576220843,0.31034478927618514,0.8033033508197519,0.07692307692307693,0.49230769230769234,0.07754004258997127,1.0073531220028036,0.35564482535635505,0.35751933406001174,0.28683584058363315,1,Smooth,0.5344044923863609,0.12586083513895255,0.0577639751552794
324,324,bj920873,2025-03-18,7.0,1.0715864767129162,0.2672924351486956,traded,completed,UP,0.7999999999999999,0.4480697111163098,4.0,0.0,5.0,ma60_washed,0.9,5.182,deep_pullback,5.62,4.0,pullback,long_lower_shadow,0.8500000000000001,5.4212,poc,5.1704,"形态止损: washout, 支撑 5.42 下方 0.75xATR=0.34 (被硬性止损 8% 截断)",6.744,"[6.182, 6.744]",8.0,5.49,dynamic_stop,D4,-0.0231316725978647,-0.0231316725978647,4.0,2025-03,-0.0728571428571428,0.011126564673157,,,324,0.0,Smooth,0.0236592452555455,0.018424999713897706,0.06360947742068479,0.13412904181560892,0.01842487026639225,0.026715800787847074,0.09302325581395349,3.989571039214953e-33,0.9046967595108262,0.31369861671503624,0.95196500639878,0.13076923076923078,0.3923076923076923,0.12872844370379566,1.0448279029670928,0.49537153548597196,0.2734024710475268,0.23122599346650138,0,Smooth,0.6320727710097354,0.16894827015437602,-0.0231316725978647
325,325,bj920422,2025-03-18,15.30006126079344,1.0255161380399538,0.2075736957232398,traded,completed,UP,0.7749999999999999,1.3865029249594327,4.0,0.0,5.0,ma60_washed,0.9,11.055207308057325,deep_pullback,12.648963689389976,4.0,pullback,bullish_candle,0.8462500000000001,12.700322590681,ma_ma20,11.637046594238775,"无有效支撑, 使用最大止损 8%",15.178756427267968,"[13.9139, 15.1788]",5.0,15.178756427267968,initial_tp,,0.1999999999999999,0.1999999999999999,1.0,2025-03,-0.0025575447570332,0.3876903553299491,,,325,1.0,Pullback,0.1040339883314269,0.14949999332427985,-0.033128809000130155,0.1289802875710031,0.047366724628080434,0.029587383582848736,0.07751937984496124,1.6634555368744953e-33,1.873438887524326,0.44020619225661667,0.5737705613691101,0.12307692307692308,0.36923076923076925,0.06486486660641755,0.7791398359142963,0.4213798475935601,0.34485139518600383,0.23376875722043608,0,Smooth,0.593805545186562,0.12325841155532795,0.1999999999999999
326,326,bj920260,2025-03-18,14.163560755904012,1.0050417918992995,0.224008461990219,traded,completed,UP,0.7999999999999999,0.7994230768499717,4.0,0.0,5.0,ma60_washed,0.9,10.94833611356036,deep_pullback,12.814650207722678,5.0,pullback,bullish_candle,0.8500000000000001,12.26400565180437,ma_ma20,11.789478191104864,"形态止损: washout, 支撑 12.26 下方 0.75xATR=0.60 (被硬性止损 8% 截断)",15.377580249267211,"[14.0961, 15.3776]",7.0,12.86282558444344,dynamic_stop,D4,0.0037593984962405,0.0037593984962405,2.0,2025-03,-0.1251700680272108,0.0,,,326,0.0,Smooth,-0.0578754566982243,0.06087500095367426,0.05204984328274853,0.13792584885285764,0.01933905264538988,0.02159608814931028,0.07751937984496124,9.993846560299213e-34,1.7123381864928697,0.3151515035918265,0.7557691337794207,0.2153846153846154,0.3230769230769231,0.10442346514624656,1.3255988546686222,0.46225264131202104,0.31729829478781196,0.22044906390016708,0,Smooth,0.620901788705927,0.13908725473499065,0.0037593984962405
327,327,bj920802,2025-03-18,17.596539266089092,0.9575387415058584,0.2236829163902548,traded,completed,UP,0.8166666666666667,1.2172252034980222,4.0,0.0,5.0,ma60_washed,0.9,13.289602267113846,deep_pullback,15.311969035711044,5.0,pullback,bullish_candle,0.8525,15.069758747072305,ma_ma20,14.156839844448786,"形态止损: washout, 支撑 15.07 下方 0.75xATR=0.91",18.37436284285325,"[16.8432, 18.3744]",12.0,14.51733591210129,dynamic_stop,D4,-0.0518962075848303,-0.0518962075848303,7.0,2025-03,-0.062092922275293,0.0,,,327,0.0,Smooth,0.0495627046426145,0.10262500286102298,0.07092591684489147,0.14499073566685117,0.0211220164083165,0.026877793524516438,0.09302325581395349,7.767991878010053e-34,1.8215091632426792,0.3261905147555362,0.850364809376543,0.1076923076923077,0.4,0.15685328705128398,1.1916417226415366,0.454345980608889,0.3232521539840732,0.2224018654070379,0,Smooth,0.6159720576009255,0.13778242625908105,-0.0518962075848303
328,328,bj920768,2025-03-18,8.144949066213922,0.9455628204715232,0.2318653088687943,traded,completed,UP,0.7999999999999999,0.5178827870847866,4.0,0.0,5.0,ma60_washed,0.9,5.966263339801116,deep_pullback,7.02369633761824,5.0,pullback,bullish_candle,0.8500000000000001,6.890415352898375,ma_ma20,6.502003262584785,"形态止损: washout, 支撑 6.89 下方 0.75xATR=0.39",8.428435605141887,"[7.7261, 8.4284]",6.0,6.805087315061849,dynamic_stop,D4,-0.0311244979919679,-0.0311244979919679,1.0,2025-03,-0.135064935064935,0.0,,,328,0.0,Smooth,-0.0403458292459395,0.03502499818801885,0.08095826239714943,0.14558246306097788,0.019575094616567125,0.025529291329837223,0.07751937984496124,1.8896549264616336e-33,1.1827010353995806,0.2860738108713431,0.9912024239549575,0.12307692307692308,0.38461538461538464,0.14436958137003253,1.1628791480460208,0.49281220723749136,0.2749868583369753,0.2322009344255334,0,Smooth,0.630305636405979,0.14614601106701428,-0.0311244979919679
329,329,bj920717,2025-03-18,13.403581936620895,0.899560597591704,0.2661602333556022,traded,completed,UP,0.7749999999999999,0.7234556030873573,3.0,0.0,4.0,ma60_washed,0.9,9.825470473951777,deep_pullback,11.089868388037528,7.0,pullback,bullish_candle,0.8462500000000001,11.3676137428998,ma_ma20,10.202678916994524,"无有效支撑, 使用最大止损 8%",13.307842065645032,"[12.1989, 13.3078]",8.0,10.581250323478251,dynamic_stop,D4,-0.0458633093525178,-0.0458633093525178,1.0,2025-03,-0.1138392857142857,0.0,,,329,0.0,Smooth,-0.0197530682019227,0.05779999494552612,0.07678661664900055,0.1642226704987111,0.013529510043218443,0.0243929311451315,0.046511627906976744,9.2102093190829e-34,1.4427818016981702,0.2891396539655364,0.9463414032781272,0.2,0.3076923076923077,0.14991759829934903,1.2986851529033392,0.4663795803014388,0.3308117478555419,0.20280867184301937,0,Smooth,0.6317854542292097,0.16815616392832158,-0.0458633093525178
332,332,bj920833,2025-03-19,22.397185527718538,1.3147518059195906,0.2075736957232398,traded,completed,UP,0.65,3.7314109422388286,2.0,1.0,3.0,ma60_washed,0.9,13.760449140975776,shallow_pullback,18.78727464116926,8.0,pullback,bullish_candle,0.8275000000000001,17.596102411302454,ma_ma20,17.28429266987572,"形态止损: washout, 支撑 17.60 下方 0.75xATR=2.80 (被硬性止损 8% 截断)",33.04255698914677,"[30.0387, 33.0426]",11.0,18.216771013322237,dynamic_stop,D4,-0.030366492146597,-0.030366492146597,3.0,2025-03,-0.077733860342556,0.0134373645426959,,"{'structure_strength': np.float64(0.65), 'trend': 'UP', 'atr_ratio': 0.19861374326545733, 'n_supports': 2, 'n_resistances': 1, 'top_support_source': 'ma60_washed', 'top_support_dist': -0.2675654450261782, 'v2_pattern': '', 'fine_score': 1.3147518059195906, 'operable_score': 0.20757369572323983, 'entry_day': 8}",332,0.0,Smooth,-0.0916955347006679,0.3800749897956848,-0.16450883569025387,0.11142334799253084,0.05734660190337242,0.03568937273576643,0.12403100775193798,2.31644827414451e-33,1.24437303076274,0.6280346689845915,0.4693971685131216,0.18461538461538463,0.36153846153846153,-0.151214148793402,0.7955771134086063,0.3776882619802752,0.3804588035178027,0.24185293450192213,1,Smooth,0.5679176637391765,0.11788476832884905,-0.030366492146597
334,334,bj920405,2025-03-19,23.80537547467463,0.91610131771351,0.2549378820054092,traded,completed,UP,0.7749999999999999,2.441838956147257,3.0,0.0,3.0,poc,0.4,20.270376006240568,deep_pullback,20.37620865264425,3.0,pullback,long_lower_shadow,0.8462500000000001,20.270376006240568,poc,18.74611196043272,"形态止损: pit_rebound, 支撑 20.27 下方 1.25xATR=3.05 (被硬性止损 8% 截断)",24.451450383173107,"[22.4138, 24.4515]",6.0,20.694276299905045,dynamic_stop,D4,0.0156097560975609,0.0156097560975609,3.0,2025-03,-0.1144050104384132,0.0774561761108847,,,334,0.0,Smooth,-0.0652270345857191,0.2006249952316285,0.009776715446544015,0.14764711832042932,0.05480235507278487,0.02955084114461974,0.11627906976744186,2.0300654643250635e-33,1.9911291573992655,0.43886832105976886,0.6039908230626103,0.05384615384615385,0.4230769230769231,0.06052752168939146,1.1503634718379683,0.4429036658882307,0.320492095728056,0.23660423838371336,0,Smooth,0.6031497137522587,0.15376571055616964,0.0156097560975609
335,335,bj920509,2025-03-19,23.5454852646569,0.8340156650008768,0.2515266875842168,traded,completed,UP,0.8416666666666667,2.003027212519076,4.0,0.0,4.0,poc,0.4,22.932321585889795,deep_pullback,20.50419341797205,3.0,pullback,bullish_candle,0.8562500000000001,19.208210666529894,ma_ma20,18.86385794453429,"形态止损: pit_rebound, 支撑 19.21 下方 1.25xATR=2.50 (被硬性止损 8% 截断)",24.60503210156646,"[22.5546, 24.605]",5.0,24.60503210156646,initial_tp,,0.1999999999999999,0.1999999999999999,2.0,2025-03,0.1391666666666666,0.4935335836462242,,,335,1.0,Pullback,0.2326420097572319,0.13110000133514407,0.06242932590255146,0.16867916807826533,0.0451390968925592,0.031463262436784906,0.10852713178294573,2.201144057778486e-33,1.8125974999493506,0.32599998474121095,0.8736195417354814,0.1,0.4230769230769231,0.16415731596494343,1.113166718826843,0.36723028357828685,0.3546079636174485,0.2781617528042647,0,Smooth,0.5445342653870111,0.13696490004889975,0.1999999999999999
350,350,bj920571,2025-03-20,8.217165668662675,1.0536896980774948,0.236633622471284,traded,completed,UP,0.9,0.6969496651636209,4.0,0.0,5.0,swing_low,1.0,5.474810379241518,deep_pullback,6.900439121756487,7.0,pullback,long_lower_shadow,0.8650000000000001,6.8336127744510975,ma_ma20,6.348403992015968,"形态止损: washout, 支撑 6.83 下方 0.75xATR=0.52 (被硬性止损 8% 截断)",8.280526946107784,"[7.5905, 8.2805]",8.0,6.890538922155689,dynamic_stop,D4,-0.0014347202295551,-0.0014347202295551,1.0,2025-03,-0.0759036144578313,0.1314837153196626,,,350,0.0,Smooth,-0.0976470498477711,0.03967500329017639,0.03231428692170035,0.1365765508654,0.046222110448825376,0.024225639780600133,0.06201550387596899,9.134300543364655e-33,1.2901835689174137,0.3432836063692023,0.6614906639142404,0.08461538461538462,0.4307692307692308,0.09511225546427338,0.9463812541322136,0.48305357323180304,0.27590807740908874,0.24103834935910817,0,Smooth,0.6210076119363475,0.1469512807947393,-0.0014347202295551
352,352,bj920786,2025-03-20,9.52,0.8914645161826668,0.2545118522553845,traded,completed,UP,0.825,1.1972031411237976,5.0,0.0,6.0,ma60_washed,0.9,7.765166666666667,shallow_pullback,9.68,2.0,pullback,bullish_candle,0.8537500000000001,8.894000000000002,ma_ma20,8.9056,"形态止损: washout, 支撑 8.89 下方 0.75xATR=0.90 (被硬性止损 8% 截断)",11.616,"[10.648, 11.616]",4.0,10.08,initial_stop,,0.0413223140495868,0.0413223140495868,2.0,2025-03,0.207983193277311,0.5234215885947047,,"{'structure_strength': np.float64(0.825), 'trend': 'UP', 'atr_ratio': 0.1236780104466733, 'n_supports': 5, 'n_resistances': 0, 'top_support_source': 'ma60_washed', 'top_support_dist': -0.19781336088154258, 'v2_pattern': '', 'fine_score': 0.8914645161826668, 'operable_score': 0.2545118522553845, 'entry_day': 2}",352,1.0,Pullback,0.2352308788052091,0.10714999675750736,-0.13331276192323738,0.02699967169872619,0.0766522849825292,0.03219655804867759,0.10852713178294573,6.77010812445621e-33,1.386324232039204,0.4465183152018832,0.3392282260600542,0.1076923076923077,0.5153846153846153,-0.28840582905084045,0.7142946401876712,0.37231122108703785,0.3615415333815938,0.26614724553136837,0,Smooth,0.5530819877778348,0.14076592115842665,0.0413223140495868
383,383,bj920571,2025-03-24,8.43497005988024,1.45736767229535,0.2215983374541582,traded,completed,UP,0.825,0.7865239405609992,4.0,0.0,5.0,ma60_washed,0.9,6.308407185628743,deep_pullback,6.5341317365269465,8.0,pullback,bullish_candle,0.8537500000000001,7.0717125748503,ma_ma20,6.011401197604791,"无有效支撑, 使用最大止损 8%",7.840958083832335,"[7.1875, 7.841]",9.0,6.011401197604791,dynamic_stop,D4,-0.0799999999999998,-0.0799999999999998,1.0,2025-03,-0.1596244131455398,0.0575620767494358,,,383,0.0,Smooth,-0.1016311121835128,0.033999996185302715,0.05338243881134974,0.1606226211320796,0.032623350396309765,0.027778796896252067,0.06976744186046512,1.0671055961649201e-32,0.9744327461196238,0.3422174839001375,0.8380060898491917,0.11538461538461539,0.36923076923076925,0.08445527220806293,0.9712320260926796,0.4465289954735389,0.29844570358106787,0.2550253009453932,0,Smooth,0.5957518472640728,0.13201761888896213,-0.0799999999999998
384,384,bj920634,2025-03-24,30.12558714117767,1.1600261207442073,0.2135552021861164,traded,completed,UP,0.7749999999999999,4.368194690393473,3.0,0.0,3.0,poc,0.4,31.10466872326595,deep_pullback,34.88225879504784,1.0,pullback,bullish_candle,0.8462500000000001,31.10466872326595,poc,32.09167809144402,"形态止损: pit_rebound, 支撑 31.10 下方 1.25xATR=5.46 (被硬性止损 8% 截断)",41.8587105540574,"[38.3705, 41.8587]",2.0,32.09167809144402,dynamic_stop,D4,-0.0799999999999998,-0.0799999999999998,1.0,2025-03,-0.1111842105263157,0.1747141041931383,,,384,0.0,Smooth,-0.2255660381071753,-0.24022498607635506,0.06791503382400799,0.006045417906068717,0.03582921017780792,0.04573159498029824,0.12403100775193798,1.723217061990564e-33,0.7101461137468849,0.5639336521633658,0.49456301894213195,0.16153846153846155,0.43846153846153846,0.00031777022879042605,1.2565119587940257,0.376268007749054,0.3235083173779574,0.3002236748729886,0,Smooth,0.5380221664380327,0.11489743253428644,-0.0799999999999998
403,403,bj920634,2025-03-25,34.88225879504784,1.1297059630634652,0.2135552021861164,traded,completed,UP,0.7749999999999999,4.675002071411736,3.0,0.0,3.0,poc,0.4,31.10466872326595,deep_pullback,26.359888748530462,7.0,pullback,bullish_candle,0.8462500000000001,27.5703625871143,ma_ma20,24.25109764864803,"无有效支撑, 使用最大止损 8%",31.63186649823656,"[28.9959, 31.6319]",8.0,24.25109764864803,dynamic_stop,D4,-0.0799999999999999,-0.0799999999999999,1.0,2025-03,-0.247443181818182,0.0375465749498424,,,403,0.0,Smooth,-0.1943430988265281,-0.14820000648498527,0.16428068811578345,0.09758397326652601,0.03776441904807719,0.04770376527324103,0.13178294573643412,1.8551917759965736e-33,0.8971371247781464,0.5389507199667308,0.6148335623277016,0.14615384615384616,0.4,0.1827118437168962,1.3479413957222317,0.45190016622437873,0.31395236742915283,0.23414746634646846,0,,0.6088763499389551,0.1300287120175581,-0.0799999999999999
404,404,sz002052,2025-03-25,6.55,0.945279766247622,0.2280072531152581,traded,completed,RANGE,0.675,0.3580679018324852,5.0,0.0,6.0,ma60_washed,0.9,5.5645,deep_pullback,6.25,3.0,pullback,bullish_candle,0.72125,5.891166666666667,swing_low,5.75,"形态止损: washout, 支撑 5.89 下方 0.75xATR=0.27 (被硬性止损 8% 截断)",7.5,"[6.875, 7.5]",8.0,5.98,dynamic_stop,D4,-0.0431999999999999,-0.0431999999999999,5.0,2025-03,0.2549618320610689,0.3026941362916009,,,404,1.0,Pullback,0.2511415604651636,0.020150001049041723,0.04401057855818413,0.16589165833879305,0.021446514381504193,0.0131354673690976,0.13953488372093023,1.0359148834702848e-32,1.6626205542630266,0.44303799282948597,0.9964284899283484,0.1076923076923077,0.46923076923076923,-0.0015823146535147714,0.6814598199887798,0.37619999973906754,0.3614330158590194,0.26236698440191314,0,,0.5569165076685773,0.12698100312805488,-0.0431999999999999
422,422,sz002300,2025-03-26,8.364884390135032,0.895918563213106,0.224008461990219,traded,completed,UP,0.85,0.3647783064634576,4.0,0.0,5.0,swing_low,1.0,5.127182079129826,shallow_pullback,5.589710980701998,6.0,pullback,bullish_candle,0.8575000000000002,5.724041182967108,ma_ma20,5.142534102245838,"无有效支撑, 使用最大止损 8%",6.707653176842397,"[6.1487, 6.7077]",7.0,5.284638726473544,dynamic_stop,D4,-0.0545774647887323,-0.0545774647887323,1.0,2025-03,-0.3447058823529411,0.0427046263345196,,"{'structure_strength': np.float64(0.85), 'trend': 'UP', 'atr_ratio': 0.06525888506987637, 'n_supports': 4, 'n_resistances': 0, 'top_support_source': 'swing_low', 'top_support_dist': -0.08274647887323942, 'v2_pattern': '', 'fine_score': 0.895918563213106, 'operable_score': 0.22400846199021907, 'entry_day': 6}",422,1.0,Pullback,-0.270942373167399,0.08187500357627871,0.147719574178252,0.36995210748637164,0.04119292523397449,0.00885984309987781,0.031007751937984496,7.077470187808348e-32,35.17731005934501,0.3784104885617913,1.0,0.3,0.3769230769230769,0.331753618764695,3.926421925206517,0.3719468550324669,0.37028679560760747,0.25776634935992576,0,,0.5570902528362707,0.12479293072759523,-0.0545774647887323
439,439,bj920639,2025-03-27,10.6,1.461400603884984,0.2105183725557647,traded,completed,UP,0.825,1.589810865464783,3.0,1.0,3.0,swing_low,0.6,5.96,deep_pullback,8.43,8.0,pullback,bullish_candle,0.8537500000000001,6.992333333333333,ma_ma60,7.7556,"形态止损: pit_rebound, 支撑 6.99 下方 1.25xATR=1.99 (被硬性止损 8% 截断)",12.58125,"[11.4375, 12.5813]",15.0,9.6,initial_stop,,0.1387900355871885,0.1387900355871885,7.0,2025-03,-0.2471698113207546,0.0136363636363636,,,439,0.0,Smooth,-0.1865443753584177,0.1442499959468842,-0.02034999257470027,0.201813654228862,0.08936432207015593,0.034317070793984446,0.05426356589147287,4.81213017895571e-33,2.0460151482831908,0.47085202816518124,0.6222222154943613,0.23846153846153847,0.2846153846153846,0.06796114527209496,0.7864274864251096,0.4572745748720288,0.28462315012447303,0.258102275003498,0,,0.5995861499342654,0.12622390049113827,0.1387900355871885
440,440,sz300927,2025-03-27,31.700934582063592,1.0415015761585198,0.224008461990219,traded,completed,UP,0.8166666666666667,2.400364497105968,3.0,0.0,3.0,ma_ma20,0.4,20.790529596736704,deep_pullback,23.975077883604698,8.0,pullback,bullish_candle,0.8525,20.790529596736704,ma_ma20,22.057071652916324,"形态止损: pit_rebound, 支撑 20.79 下方 1.25xATR=3.00 (被硬性止损 8% 截断)",28.77009346032564,"[26.3726, 28.7701]",11.0,28.77009346032564,initial_tp,,0.1999999999999999,0.1999999999999999,3.0,2025-03,-0.1977987421383646,0.0,,,440,0.0,Smooth,-0.116689717098846,0.3582749938964843,0.2733998840209493,0.568307222692727,0.06943463551729012,0.02084558377998652,0.031007751937984496,2.585527553593577e-33,5.364650662671709,0.493028444067348,0.9089366186334149,0.13846153846153847,0.4846153846153846,0.7456676113648031,1.4850187202657432,0.44553387615354884,0.2662157239226467,0.2882503999238046,0,,0.5786417381148722,0.1296206457984596,0.1999999999999999
441,441,bj920834,2025-03-27,12.083259236991005,0.9675110745856038,0.201322537736363,traded,completed,UP,0.8666666666666667,1.1232147334171194,5.0,0.0,5.0,ma_ma20,0.4,10.575751814584006,deep_pullback,10.55593526943534,3.0,pullback,bullish_candle,0.8600000000000001,10.050081704737948,poc,9.711460447880514,"形态止损: pit_rebound, 支撑 10.05 下方 1.25xATR=1.40 (被硬性止损 8% 截断)",12.66712232332241,"[11.6115, 12.6671]",5.0,10.265937047747556,dynamic_stop,D4,-0.0274725274725275,-0.0274725274725275,2.0,2025-03,-0.1359999999999999,0.0,,,441,0.0,Smooth,-0.0784982982365732,0.012324998378753626,0.23537003721931415,0.23066010691620398,0.06308298769844808,0.032467687369864454,0.12403100775193798,2.0212027231290386e-33,1.892801515604239,0.3184438069056876,1.0,0.11538461538461539,0.4461538461538462,0.36748774739863,3.0208644015423265,0.41140615332170655,0.32242061612525663,0.2661732305530369,0,,0.5726164613843349,0.1152805991555104,-0.0274725274725275
442,442,sz002141,2025-03-27,1.79,0.9539940448956128,0.2324098976042125,traded,completed,RANGE,0.7749999999999999,0.0652056568738272,4.0,0.0,5.0,swing_low,1.0,1.52,deep_pullback,1.62,7.0,pullback,bullish_candle,0.79625,1.562,ma60_washed,1.5130957573446295,"形态止损: washout, 支撑 1.56 下方 0.75xATR=0.05",1.944,"[1.782, 1.944]",11.0,1.944,initial_tp,,0.1999999999999999,0.1999999999999999,4.0,2025-03,0.2011173184357542,0.2513966480446927,,,442,2.0,Failure,0.264705902977385,0.0096249982714653,0.07669171023796095,0.17634170610376776,0.02073592427157992,0.014875508817578036,0.05426356589147287,3.726556326628216e-33,0.24478948138167153,0.2513966134438246,1.0,0.16153846153846155,0.5692307692307692,0.16233766635889002,0.7477056582336752,0.4780056301449517,0.2714069197487853,0.250587450106263,0,,0.6137090900193443,0.14263206677017023,0.1999999999999999
458,458,bj920639,2025-03-28,9.3,1.5219846821718004,0.2105183725557647,traded,completed,UP,0.825,1.5671694167361452,3.0,1.0,3.0,swing_low,0.6,5.96,deep_pullback,8.43,7.0,pullback,bullish_candle,0.8537500000000001,7.056333333333333,ma_ma60,7.7556,"形态止损: pit_rebound, 支撑 7.06 下方 1.25xATR=1.96 (被硬性止损 8% 截断)",12.58125,"[11.4375, 12.5813]",14.0,9.6,initial_stop,,0.1387900355871885,0.1387900355871885,7.0,2025-03,-0.1000000000000002,0.0,,,458,0.0,Smooth,-0.0852458760098264,0.11665000319480896,-0.1264080846919522,0.04794635123088131,0.07271592940832915,0.03614141791887157,0.06201550387596899,5.003958146716451e-33,1.3959307428258036,0.46860986003724747,0.4306220565096904,0.2153846153846154,0.3,-0.21645366925418097,0.7083885455098311,0.4402361824746101,0.319819217148765,0.23994460037662485,0,,0.6001457910489926,0.12634171522782592,0.1387900355871885
460,460,bj920509,2025-03-28,30.216706089643026,0.969790808678428,0.2549378820054092,traded,completed,UP,0.825,3.622035937478679,5.0,0.0,5.0,poc,0.4,22.858349519683333,deep_pullback,25.51741965557192,5.0,pullback,long_lower_shadow,0.8537500000000001,22.858349519683333,poc,23.476026083126165,"形态止损: pit_rebound, 支撑 22.86 下方 1.25xATR=4.53 (被硬性止损 8% 截断)",30.6209035866863,"[28.0692, 30.6209]",7.0,30.6209035866863,initial_tp,,0.1999999999999999,0.1999999999999999,2.0,2025-03,-0.172077922077922,0.1819082205348299,,,460,1.0,Pullback,-0.1102581948442489,0.22827500820159904,0.16133734872559735,0.3037022510729539,0.04747676892884224,0.03988095617961262,0.12403100775193798,2.6533996032310755e-33,1.6238562734843751,0.46989001214209053,0.7381392716937384,0.13846153846153847,0.3769230769230769,0.38690479413472834,1.4650484925152858,0.3771471310090656,0.3448218192817149,0.2780310497092195,0,,0.5495580406499231,0.14010316292233396,0.1999999999999999
477,477,bj920509,2025-03-31,26.9792018657527,1.1934154782280042,0.2590002529440866,traded,completed,UP,0.825,4.120159698508893,5.0,0.0,5.0,poc,0.4,23.00688228922787,deep_pullback,25.51741965557192,4.0,pullback,long_lower_shadow,0.8537500000000001,23.00688228922787,poc,23.476026083126165,"形态止损: pit_rebound, 支撑 23.01 下方 1.25xATR=5.15 (被硬性止损 8% 截断)",30.6209035866863,"[28.0692, 30.6209]",6.0,30.6209035866863,initial_tp,,0.1999999999999999,0.1999999999999999,2.0,2025-03,-0.0243636363636364,0.2058618283321704,,,477,1.0,Pullback,-0.179510724840293,0.34157500267028806,0.010275471338699216,0.18607008004281123,0.055536990750452334,0.04228631121532468,0.13178294573643412,2.96010739635737e-33,2.043457179508303,0.4885474900516849,0.591766753397049,0.11538461538461539,0.34615384615384615,0.21957446159200456,1.0680083347443425,0.3573663168805506,0.3910762289659105,0.2515574541535389,1,,0.5529044313635059,0.14320238757705436,0.1999999999999999
497,497,bj920509,2025-04-01,31.393980352875868,1.1193933031388394,0.2549378820054092,traded,completed,UP,0.825,4.337341425657092,5.0,0.0,5.0,poc,0.4,23.00688228922787,deep_pullback,25.51741965557192,3.0,pullback,long_lower_shadow,0.8537500000000001,23.00688228922787,poc,23.476026083126165,"形态止损: pit_rebound, 支撑 23.01 下方 1.25xATR=5.42 (被硬性止损 8% 截断)",30.6209035866863,"[28.0692, 30.6209]",5.0,30.6209035866863,initial_tp,,0.1999999999999999,0.1999999999999999,2.0,2025-04,-0.1468749999999999,0.0568807339449541,,,497,1.0,Pullback,-0.1247195008140323,0.442925009727478,0.07341574453470923,0.30428715272417217,0.05790483386767523,0.04447159313352064,0.13178294573643412,3.200492393828979e-33,2.119250702995138,0.4885474900516849,0.8227559454151493,0.14615384615384616,0.3153846153846154,0.36363642148301367,0.8742486386915458,0.34421641789504936,0.3405101803663861,0.3152734017385645,0,,0.5144715080782424,0.13115827662159588,0.1999999999999999
499,499,bj920639,2025-04-01,9.44,0.9637472284982588,0.2626690559683532,traded,completed,UP,0.85,1.3515183619040378,3.0,2.0,3.0,swing_low,0.6,5.96,deep_pullback,7.21,4.0,pullback,bullish_candle,0.8575000000000002,7.162999999999999,ma_ma60,6.6332,"形态止损: pit_rebound, 支撑 7.16 下方 1.25xATR=1.69 (被硬性止损 8% 截断)",13.38,"[11.4375, 13.38]",12.0,9.6,initial_stop,,0.3314840499306517,0.3314840499306517,8.0,2025-04,-0.0667372881355931,0.0328389830508475,,,499,0.0,Smooth,-0.0178372176866286,-0.02759999513626097,-0.0661325046425405,-0.016256813701431727,0.03526871936855817,0.03847580112791205,0.06976744186046512,5.6554207431179735e-33,0.6113597745564133,0.4529147900558712,0.3498348892309632,0.2153846153846154,0.3076923076923077,-0.17265559100560568,0.7973690642846033,0.45543897934335276,0.2907510471227485,0.2538099735338986,0,,0.600814502904727,0.15781537829008008,0.3314840499306517
500,500,sh603353,2025-04-01,21.240761302362827,0.9468829392447766,0.2236829163902548,traded,completed,UP,0.9666666666666668,1.1376151318284418,3.0,0.0,4.0,swing_low,1.0,13.947477786381404,deep_pullback,13.92998764480539,6.0,pullback,bullish_candle,0.995,13.947477786381404,swing_low,12.81558863322096,"无有效支撑, 使用最大止损 8%",16.715985173766466,"[15.323, 16.716]",9.0,14.43383826174516,initial_stop,,0.0361702127659573,0.0361702127659573,3.0,2025-04,-0.2693023255813953,0.0228245363766048,,,500,0.0,Smooth,-0.1701003811472948,0.16680000066757206,0.14234501169112912,0.2972939958185641,0.0373622009294592,0.011710891597912724,0.046511627906976744,1.2413845714102965e-33,1.3285847734703409,0.32667620613041604,1.0,0.17692307692307693,0.4461538461538462,0.30136144091692474,0.3156713913613193,0.4553159214518022,0.3262558822500092,0.21842819629818855,0,,0.6184438625768068,0.13833532680483412,0.0361702127659573
501,501,bj920230,2025-04-01,19.05138937495625,0.8290742736171948,0.2598663287023454,traded,completed,UP,0.8416666666666667,1.7408821698344898,3.0,0.0,3.0,ma_ma20,0.4,14.809047735703782,deep_pullback,16.233498985091337,4.0,pullback,bullish_candle,0.8562500000000001,14.809047735703782,ma_ma20,14.934819066284032,"形态止损: pit_rebound, 支撑 14.81 下方 1.25xATR=2.18 (被硬性止损 8% 截断)",19.480198782109603,"[17.8568, 19.4802]",5.0,19.480198782109603,initial_tp,,0.1999999999999999,0.1999999999999999,1.0,2025-04,-0.1479099678456592,0.228876127973749,,,501,1.0,Pullback,-0.2282489518435076,0.13119998931884763,0.18340894880049974,0.24200816675006176,0.0706472137543578,0.030717820683787263,0.10077519379844961,1.1459715041362109e-33,2.8047299682315567,0.31583261364430265,1.0,0.13846153846153847,0.4153846153846154,0.31926405653018186,1.9997482946965692,0.38227433990014476,0.3399129390351645,0.2778127210646907,0,,0.5522308094177271,0.14350619303970932,0.1999999999999999
515,515,bj920230,2025-04-02,20.41439070483656,1.2238860502297375,0.2672924351486956,traded,completed,UP,0.825,2.083573347731176,4.0,0.0,4.0,ma_ma20,0.4,15.212779449849512,deep_pullback,16.233498985091337,3.0,pullback,bullish_candle,0.8537500000000001,15.212779449849512,ma_ma20,14.934819066284032,"形态止损: pit_rebound, 支撑 15.21 下方 1.25xATR=2.60 (被硬性止损 8% 截断)",19.480198782109603,"[17.8568, 19.4802]",4.0,19.480198782109603,initial_tp,,0.1999999999999999,0.1999999999999999,1.0,2025-04,-0.2033008252063016,0.0906443392792137,,,515,1.0,Pullback,-0.2414285796029227,0.2050749969482421,0.22289985899519893,0.36738094368202834,0.0720228576106414,0.03398551070572372,0.10077519379844961,1.4247816787715112e-33,3.0693528258156535,0.42443062219977457,0.8772357461346725,0.14615384615384616,0.4230769230769231,0.3478901101348817,1.779739776951673,0.4018736803434903,0.3123848008603384,0.2857415187961713,0,,0.5580660807736595,0.14916684170388012,0.1999999999999999
534,534,bj920230,2025-04-03,18.392860642542168,1.6287996598219117,0.2672924351486956,traded,completed,UP,0.825,2.212111530050437,4.0,0.0,4.0,ma_ma20,0.4,15.581478966892975,deep_pullback,16.233498985091337,2.0,pullback,bullish_candle,0.8537500000000001,15.581478966892975,ma_ma20,14.934819066284032,"形态止损: pit_rebound, 支撑 15.58 下方 1.25xATR=2.77 (被硬性止损 8% 截断)",19.480198782109603,"[17.8568, 19.4802]",3.0,19.480198782109603,initial_tp,,0.1999999999999999,0.1999999999999999,1.0,2025-04,-0.123646960865945,0.0,,,534,0.0,Smooth,0.0524999618530273,0.28312500476837155,0.13888267686782507,0.3536051874498116,0.07134638622154044,0.03636565765009483,0.10852713178294573,1.6305330583806293e-33,3.3167751283533087,0.4432576497033169,0.8524096939279665,0.14615384615384616,0.4153846153846154,0.41987834558585635,1.2559890710658488,0.45487875101469205,0.2919188793345913,0.2532023696507166,0,,0.6008381906819877,0.1605995031177248,0.1999999999999999
556,556,bj920505,2025-04-07,30.314095080919945,0.9160336479054036,0.2769419411029528,traded,completed,UP,0.825,3.198133581120337,4.0,1.0,4.0,ma_ma20,0.4,28.88088442168432,deep_pullback,39.63692169924877,1.0,pullback,bullish_candle,0.8537500000000001,28.88088442168432,ma_ma20,36.46596796330887,"形态止损: pit_rebound, 支撑 28.88 下方 1.25xATR=4.00 (被硬性止损 8% 截断)",47.56430603909852,"[43.6006, 47.5643]",2.0,47.56430603909852,initial_tp,,0.1999999999999999,0.1999999999999999,1.0,2025-04,0.3731147540983608,0.6636533665835413,,,556,0.0,Smooth,0.0043165540019787,0.1455500078201295,0.07683534094511257,0.1526784458651318,0.05137890842546756,0.03547153541258912,0.11290322580645161,1.1936322141109866e-33,1.6629344354687206,0.3363660704870737,0.5791569427795397,0.072,0.536,0.19790892488856993,1.7389999774057254,0.4204857355077605,0.336303461503,0.24321080298923947,0,,0.5886374662592605,0.16301840251176347,0.1999999999999999
573,573,bj920230,2025-04-08,16.233498985091337,1.105180191858323,0.23116407774106,traded,completed,UP,0.825,2.7999284277521514,4.0,0.0,4.0,poc,0.4,16.7391112199902,deep_pullback,17.59650031497165,1.0,pullback,bullish_candle,0.8537500000000001,16.7391112199902,poc,16.18878028977392,"形态止损: pit_rebound, 支撑 16.74 下方 1.25xATR=3.50 (被硬性止损 8% 截断)",21.11580037796598,"[19.3562, 21.1158]",5.0,17.458668719815215,dynamic_stop,D4,-0.0078328981723236,-0.0078328981723236,4.0,2025-04,0.0103773584905662,0.1781534460338101,,,573,1.0,Pullback,-0.0658526039592332,0.18837501049041752,-0.06618094810714303,0.09358087137821292,0.052755377550438506,0.04063704819575523,0.12096774193548387,1.93641023289881e-33,1.6308476812825066,0.4432576497033169,0.481174697064751,0.104,0.504,-0.0845238493503434,0.8888974966483537,0.38848313285374714,0.365914686074989,0.24560218107126375,0,,0.5714404758912417,0.13209651059331132,-0.0078328981723236
575,575,bj920509,2025-04-08,26.047193074026698,1.0806143499235297,0.2590002529440866,traded,completed,UP,0.825,4.453703660606668,5.0,0.0,5.0,ma_ma20,0.4,24.28422486483551,deep_pullback,29.088484920711544,1.0,pullback,bullish_candle,0.8537500000000001,24.28422486483551,ma_ma20,26.76140612705462,"形态止损: pit_rebound, 支撑 24.28 下方 1.25xATR=5.57 (被硬性止损 8% 截断)",34.90618190485385,"[31.9973, 34.9062]",3.0,29.59863710144578,initial_stop,,0.0175379426644184,0.0175379426644184,2.0,2025-04,-0.0018832391713748,0.2096604830241513,,,575,1.0,Pullback,-0.0890340370918657,-0.09652500629425038,-0.010185713468486846,0.06152272544554527,0.036541696778581316,0.05449703018113687,0.1532258064516129,3.963385113161231e-33,0.7218935526034166,0.4885474900516849,0.5866209470067876,0.136,0.424,-0.0663398908934264,1.0280340473058356,0.40428990416649074,0.362500581755059,0.23320951407845017,0,,0.5855401950440202,0.15165505862533102,0.0175379426644184
577,577,bj920866,2025-04-08,11.628155339805826,1.0503611411656857,0.2598663287023454,traded,completed,UP,0.85,1.0248254539776644,5.0,0.0,5.0,swing_low,0.6,7.134563106796117,deep_pullback,12.712135922330097,2.0,pullback,bullish_candle,0.8575000000000002,11.03797718446602,poc,11.69516504854369,"形态止损: pit_rebound, 支撑 11.04 下方 1.25xATR=1.28 (被硬性止损 8% 截断)",15.254563106796116,"[13.9833, 15.2546]",3.0,11.69516504854369,initial_stop,,-0.0799999999999999,-0.0799999999999999,1.0,2025-04,-0.1271186440677966,0.1817440912795436,,,577,1.0,Pullback,-0.1612377512452323,0.04119999647140497,0.274937712774153,0.3386185240314614,0.03943566865922449,0.026405667592412276,0.08870967741935484,2.2561465795015285e-33,3.697188417449354,0.3276283869427301,1.0,0.192,0.424,0.44352946561925544,1.944273200691272,0.38920844876177046,0.3300225555117492,0.28076899572648034,0,,0.5542197265176451,0.1440230456245583,-0.0799999999999999
590,590,bj920706,2025-04-09,18.59794099649049,1.180079716997098,0.2749412260822217,traded,completed,UP,0.625,2.161907297511081,2.0,1.0,3.0,ma60_washed,0.9,16.46047272049687,deep_pullback,18.61761094995055,5.0,pullback,bullish_candle,0.8237500000000001,18.176512243608617,ma_ma20,17.128202073954505,"形态止损: washout, 支撑 18.18 下方 0.75xATR=1.62 (被硬性止损 8% 截断)",23.52964090288138,"[21.3906, 23.5296]",7.0,19.0011750424218,initial_stop,,0.0206022187004755,0.0206022187004755,2.0,2025-04,0.1903754627181386,0.1831862999481059,,,590,0.0,Smooth,0.1693506612406148,-0.046025004386901894,0.19130787658756798,0.10745007264858586,0.05692874495429966,0.035912996739296675,0.14516129032258066,1.8825946100953905e-33,2.553734842564348,0.4406402822706388,0.6750757454153382,0.016,0.72,0.09738046946629098,2.001382047206784,0.4514993346286276,0.31200088173360957,0.23649978363776294,0,,0.6074997754954324,0.16702673311938862,0.0206022187004755
591,591,bj920230,2025-04-09,17.59650031497165,1.1722290038445942,0.2669838101776057,traded,completed,UP,0.7999999999999999,2.8523511202017446,3.0,0.0,3.0,poc,0.4,16.7391112199902,deep_pullback,17.458668719815215,4.0,pullback,long_lower_shadow,0.8500000000000001,16.7391112199902,poc,16.06197522223,"形态止损: pit_rebound, 支撑 16.74 下方 1.25xATR=3.57 (被硬性止损 8% 截断)",20.950402463778257,"[19.2045, 20.9504]",12.0,16.846083852453276,dynamic_stop,D4,-0.0350877192982457,-0.0350877192982457,8.0,2025-04,-0.0839860748476937,0.1853467073702572,,,591,1.0,Pullback,-0.1853715513638502,0.041900000572204554,-0.034139953957219915,0.06801017387841779,0.050051029399336325,0.042280055972267756,0.12903225806451613,2.040344068180117e-33,1.1804723368376233,0.4432576497033169,0.4706325733812239,0.096,0.504,-0.21391840091866599,0.8979303209639835,0.3911570211116671,0.34145633900720956,0.2673866398811234,0,,0.5618851906152719,0.15001424907283553,-0.0350877192982457
598,598,bj920608,2025-04-09,20.206022944550668,0.9000606453955788,0.2378425859118376,traded,completed,UP,0.8166666666666667,2.2793081453822195,4.0,0.0,5.0,ma60_washed,0.9,16.051467495219885,deep_pullback,19.70333652007648,6.0,pullback,bullish_candle,0.8525,19.32878585086042,poc,18.127069598470364,"形态止损: washout, 支撑 19.33 下方 0.75xATR=1.71 (被硬性止损 8% 截断)",23.644003824091776,"[21.6737, 23.644]",10.0,19.56534416826004,dynamic_stop,D4,-0.0070035017508752,-0.0070035017508752,4.0,2025-04,-0.0146341463414633,0.0718257645968489,,,598,0.0,Smooth,-0.1069849684574971,0.04149999380111691,0.15419585751307952,0.18221742906612226,0.05303069126640371,0.03915656001601661,0.14516129032258066,9.302708919498818e-34,2.9010208415718326,0.4346153919513409,0.6088495573727505,0.048,0.48,0.2423718411667306,1.5839412741766925,0.4696129148048919,0.2904729552012023,0.23991412999390582,0,,0.6148493924054931,0.14623736943604462,-0.0070035017508752
600,600,bj920953,2025-04-09,32.97079332876052,0.8900473690880313,0.2798085490893736,traded,completed,RANGE,0.575,3.944251841081043,2.0,2.0,3.0,swing_low,1.0,34.15925058883024,deep_pullback,33.80342506186326,1.0,pullback,bullish_candle,0.7862499999999999,34.15925058883024,swing_low,31.0991510569142,"无有效支撑, 使用最大止损 8%",39.48382377436416,"[35.7672, 39.4838]",6.0,35.36905738051798,initial_stop,,0.0463157894736843,0.0463157894736843,5.0,2025-04,0.2257716382473558,0.2372188139059305,,,600,1.0,Pullback,0.1547377097016951,-0.17564998626708964,0.13513705312858426,0.053103891306136575,0.056893166931689,0.03325015716573641,0.10483870967741936,1.1436557286740562e-33,2.380228450694926,0.44369110781279253,0.568766347178091,0.048,0.728,0.050483401231667946,1.7390411861386001,0.4161699063405314,0.35707414339157123,0.22675595026789738,0,,0.594706978036317,0.1664040966576678,0.0463157894736843
604,604,bj920026,2025-04-10,20.42701467134458,2.0756162881767075,0.2213658522930517,traded,completed,UP,0.7749999999999999,2.2185835071256745,4.0,0.0,5.0,ma60_washed,0.9,18.318453691390445,deep_pullback,23.8432567801729,1.0,pullback,bullish_candle,0.8462500000000001,20.800688163866937,poc,21.93579623775907,"形态止损: washout, 支撑 20.80 下方 0.75xATR=1.66 (被硬性止损 8% 截断)",28.61190813620748,"[26.2276, 28.6119]",2.0,21.93579623775907,dynamic_stop,D4,-0.0799999999999999,-0.0799999999999999,1.0,2025-04,0.0379310344827588,0.2002652519893901,,,604,0.0,Smooth,-0.0156965187519253,-0.12177499294281002,0.27783073386961066,0.16110900618083224,0.08016235339222881,0.030310315416320763,0.13709677419354838,1.0916477441865582e-33,2.5851826966780624,0.4251552860152135,0.8509860601939142,0.08,0.696,0.3084599065374314,1.557216896757327,0.45196299870832274,0.3335807924315019,0.21445620886017544,0,,0.6187533949240737,0.13697087262658678,-0.0799999999999999
605,605,bj920765,2025-04-10,18.68191271824848,1.3959586855966215,0.252567060383088,traded,completed,RANGE,0.7999999999999999,1.9201780385512843,4.0,2.0,5.0,swing_low,1.0,16.409788198461506,deep_pullback,18.09409940964688,2.0,pullback,bullish_candle,0.82,16.409788198461506,swing_low,16.646571456875126,"形态止损: washout, 支撑 16.41 下方 0.75xATR=1.44 (被硬性止损 8% 截断)",22.058071208678214,"[19.2622, 22.0581]",7.0,17.423389352396327,initial_stop,,-0.0370678883798416,-0.0370678883798416,5.0,2025-04,0.036708350141186,0.2244897959183676,,,605,0.0,Smooth,0.1681818528608842,-0.1061499905586242,0.2898809952396193,0.17706405523735458,0.06741503103450307,0.030385278881161566,0.0967741935483871,9.716399726397108e-34,3.47712334063668,0.5380601797146166,0.5390758086142842,0.032,0.648,0.32791322422127966,2.118981430001112,0.42924148319816585,0.3475996709571196,0.22315884584471465,0,,0.6030413186767256,0.15230837314772158,-0.0370678883798416
608,608,bj920564,2025-04-10,14.452852414729168,1.2583852853233393,0.2749412260822217,traded,completed,RANGE,0.525,1.6941853197832382,1.0,3.0,2.0,swing_low,1.0,14.584420187229616,deep_pullback,15.234648643960568,1.0,pullback,bullish_candle,0.7787499999999999,14.584420187229616,swing_low,14.015876752443724,"形态止损: washout, 支撑 14.58 下方 0.75xATR=1.27 (被硬性止损 8% 截断)",16.098429699000754,"[15.6207, 16.0984]",2.0,15.988770670387318,initial_stop,,0.0495004541326067,0.0495004541326067,1.0,2025-04,0.2321685016754426,0.302607076350093,,,608,0.0,Smooth,0.1689372950055012,-0.09999999523162853,0.12035464855903988,0.018307070212708387,0.05448494514756937,0.03500789393283245,0.08870967741935484,1.4608692190415589e-33,2.37177245557679,0.4148288673090153,0.5582034662175044,0.072,0.744,0.1486630302607479,1.366775817632167,0.4560349546137096,0.31418652882670883,0.22977851655958165,0,,0.6131282190270639,0.16857422428490995,0.0495004541326067
611,611,bj920706,2025-04-10,19.37490415816301,1.1553905819529102,0.2749412260822217,traded,completed,UP,0.625,2.1752589442305847,2.0,1.0,3.0,ma60_washed,0.9,16.56767396685422,deep_pullback,18.61761094995055,4.0,pullback,bullish_candle,0.8237500000000001,18.113076643699912,ma_ma20,17.128202073954505,"形态止损: washout, 支撑 18.11 下方 0.75xATR=1.63 (被硬性止损 8% 截断)",23.52964090288138,"[21.3906, 23.5296]",6.0,19.0011750424218,initial_stop,,0.0206022187004755,0.0206022187004755,2.0,2025-04,0.217258883248731,0.2457142857142855,,,611,0.0,Smooth,0.1743388566425752,-0.012674994468689072,0.14932234917343745,0.09949737111242962,0.05860452414388837,0.03435195244176532,0.14516129032258066,1.7349790370944117e-33,3.54713511189663,0.40491957015542457,0.7792056650040498,0.016,0.68,0.2773722886412133,1.6376796956536377,0.47777274106379436,0.2990236403625497,0.22320361857365592,0,,0.6272845612450693,0.17246638637116785,0.0206022187004755
612,612,bj920230,2025-04-10,18.66852383285504,1.14448249293364,0.2344103026620404,traded,completed,UP,0.7999999999999999,2.94985383405049,3.0,0.0,3.0,poc,0.4,16.7391112199902,deep_pullback,17.458668719815215,3.0,pullback,long_lower_shadow,0.8500000000000001,16.7391112199902,poc,16.06197522223,"形态止损: pit_rebound, 支撑 16.74 下方 1.25xATR=3.69 (被硬性止损 8% 截断)",20.950402463778257,"[19.2045, 20.9504]",11.0,16.846083852453276,dynamic_stop,D4,-0.0350877192982457,-0.0350877192982457,8.0,2025-04,-0.0648072190319933,0.0468266253869968,,,612,1.0,Pullback,-0.0293742248097421,-0.10745000362396251,0.1394302977193096,0.17291937386521616,0.05329243799613754,0.04342292171868413,0.12096774193548387,2.1025155911280313e-33,0.9511297425514552,0.4432576497033169,0.6897590880574687,0.152,0.456,0.05254586377257264,1.0276254702633474,0.3701342596956837,0.3393727840728878,0.29049295623142857,0,,0.5398206517321276,0.12653952235574792,-0.0350877192982457
613,613,bj920002,2025-04-10,101.94752356076054,1.0613256984779154,0.2135552021861164,traded,completed,UP,0.7999999999999999,13.3753364130995,4.0,0.0,5.0,ma60_washed,0.9,78.65600996042284,deep_pullback,111.20439528047078,1.0,pullback,bullish_candle,0.8500000000000001,101.72677104911324,ma_ma20,102.30804365803311,"形态止损: washout, 支撑 101.73 下方 0.75xATR=10.03 (被硬性止损 8% 截断)",133.44527433656492,"[122.3248, 133.4453]",6.0,102.30804365803311,initial_stop,,-0.0799999999999999,-0.0799999999999999,5.0,2025-04,0.1332104056613174,0.35128217282078,,,613,0.0,Smooth,0.0576279041378997,-0.41750003814697295,0.22963672887350706,0.15913019149481822,0.06777259417542679,0.03586244095880334,0.13709677419354838,5.520670081746585e-34,2.042426172092653,0.45041322314049587,0.7153211121165425,0.008,0.848,0.3180682521469649,1.5563609909453473,0.43163111853280745,0.3395996492407048,0.22876923222648773,0,,0.6014309431531598,0.12843870666605972,-0.0799999999999999
615,615,bj920663,2025-04-10,16.534806405911983,1.0434073813684754,0.2749412260822217,traded,completed,RANGE,0.625,2.1581374599237853,2.0,3.0,3.0,ma60_washed,0.9,16.48125534701085,deep_pullback,17.539805730494923,1.0,pullback,bullish_candle,0.77375,16.48125534701085,ma60_washed,16.13662127205533,"形态止损: washout, 支撑 16.48 下方 0.75xATR=1.62 (被硬性止损 8% 截断)",21.55173369118404,"[18.9281, 21.5517]",9.0,19.96060702328594,initial_stop,,0.1380175658720202,0.1380175658720202,8.0,2025-04,0.2364685004436557,0.3594827586206897,,,615,2.0,Failure,0.1834395644214919,-0.1815999984741211,0.08406152211312978,-0.06481149147541565,0.05386250238278928,0.033501595003463426,0.0967741935483871,1.2217999160362765e-33,1.584626893585188,0.4427555142392643,0.43608480553752466,0.024,0.632,0.08766998808823656,1.0217455446713088,0.38878551447299,0.3609572741277998,0.25025721139921014,0,,0.5692641515368899,0.15651418378820817,0.1380175658720202
617,617,bj920608,2025-04-10,21.73379541108987,1.0177926987502752,0.2135552021861164,traded,completed,UP,0.8166666666666667,2.3841205966161514,4.0,0.0,5.0,ma60_washed,0.9,16.218536806883364,deep_pullback,19.70333652007648,5.0,pullback,bullish_candle,0.8525,19.32878585086042,poc,18.127069598470364,"形态止损: washout, 支撑 19.33 下方 0.75xATR=1.79 (被硬性止损 8% 截断)",23.644003824091776,"[21.6737, 23.644]",9.0,19.56534416826004,dynamic_stop,D4,-0.0070035017508752,-0.0070035017508752,4.0,2025-04,-0.0539682539682541,0.0,,,617,0.0,Smooth,0.022048053224092,0.12232500314712524,0.138915503953841,0.20868849304633397,0.054289942218062104,0.039623723905029426,0.13709677419354838,9.42944684288422e-34,4.015265951476083,0.4346153919513409,0.7008850350694735,0.08,0.432,0.3528709191492905,1.0565025000399368,0.48037477742773477,0.28915932654805687,0.23046589602420833,0,,0.6249544407017632,0.13346227194117632,-0.0070035017508752
619,619,bj920856,2025-04-10,18.998813563343848,0.9992127683067492,0.2135552021861164,traded,completed,UP,0.7749999999999999,2.382537631537644,4.0,0.0,5.0,ma60_washed,0.9,15.31604667441805,deep_pullback,20.113767410957927,1.0,pullback,bullish_candle,0.8462500000000001,19.949646204589133,ma_ma20,18.50466601808129,"形态止损: washout, 支撑 19.95 下方 0.75xATR=1.79 (被硬性止损 8% 截断)",24.136520893149516,"[22.1251, 24.1365]",4.0,21.40711387419025,dynamic_stop,D2,0.06430155210643,0.06430155210643,3.0,2025-04,0.2544600938967136,0.2942719720157409,,,619,1.0,Pullback,0.1703898117673301,-0.08490000724792494,0.20711500235556968,0.10207133946180225,0.07200410918483709,0.03900654038235837,0.14516129032258066,2.5998747975463823e-33,2.9941336665072376,0.43300969392350575,0.7417041023050522,0.04,0.848,0.262141268212047,1.7068714832467253,0.4078954294302719,0.37144315803663874,0.2206614125330893,0,,0.5936170084485912,0.12677000026035645,0.06430155210643
621,621,bj920953,2025-04-10,33.80342506186326,0.941337590322287,0.2622305247285537,traded,completed,RANGE,0.575,3.963950736952943,2.0,2.0,3.0,swing_low,1.0,34.15925058883024,deep_pullback,34.8709016427642,1.0,pullback,bullish_candle,0.7862499999999999,34.15925058883024,swing_low,32.08122951134307,"形态止损: washout, 支撑 34.16 下方 0.75xATR=2.97 (被硬性止损 8% 截断)",39.48382377436416,"[35.6217, 39.4838]",5.0,35.36905738051798,initial_stop,,0.0142857142857144,0.0142857142857144,4.0,2025-04,0.1421052631578947,0.2301748678324522,,,621,1.0,Pullback,0.1125923270600754,-0.09697497367858894,0.11767647017937244,0.059057882957565644,0.05765748992177473,0.033817045144286365,0.10483870967741936,1.1680012706718785e-33,3.092767468535424,0.4230835431765692,0.6299148628294042,0.032,0.696,0.1762735874147292,1.3493265864971828,0.4162550944728672,0.35834208209285945,0.22540282343427345,0,,0.5954261355192969,0.15613890795432014,0.0142857142857144
623,623,bj920249,2025-04-11,15.1,1.929460985615288,0.2810637243518045,traded,completed,UP,0.8333333333333334,1.8812523407476744,4.0,2.0,5.0,ma60_washed,0.9,13.716166666666668,deep_pullback,15.24,1.0,pullback,bullish_candle,0.8550000000000001,14.9255,poc,14.0208,"形态止损: washout, 支撑 14.93 下方 0.75xATR=1.41 (被硬性止损 8% 截断)",18.68,"[18.0, 18.68]",2.0,14.65,dynamic_stop,D4,-0.0387139107611548,-0.0387139107611548,1.0,2025-04,0.0655629139072848,0.1548172757475081,,,623,1.0,Pullback,0.0394057253481958,-0.009875006675720232,0.1508315989015947,0.09994519709593841,0.04601650038111943,0.0362385386123544,0.14516129032258066,5.700983817723584e-33,2.30809425827395,0.4169611374897359,0.7274012186018218,0.016,0.712,0.37694416930693975,1.5556775506833076,0.3618237158572542,0.3392478355702574,0.29892844857248835,0,,0.5314476336423829,0.14937065120948148,-0.0387139107611548
624,624,bj920706,2025-04-11,19.58143866949369,1.241200464777528,0.2652808463436953,traded,completed,UP,0.725,2.1697830783887664,3.0,0.0,4.0,ma60_washed,0.9,16.68815243179711,deep_pullback,18.61761094995055,3.0,pullback,bullish_candle,0.8387500000000001,18.135205341342484,ma_ma20,17.128202073954505,"形态止损: washout, 支撑 18.14 下方 0.75xATR=1.63 (被硬性止损 8% 截断)",22.34113313994066,"[20.4794, 22.3411]",5.0,19.0011750424218,initial_stop,,0.0206022187004755,0.0206022187004755,2.0,2025-04,0.1260673028628829,0.1743388834476003,,,624,1.0,Pullback,0.088878091799142,0.09537501335144043,0.1179852183039869,0.15837344019419541,0.04557299011454753,0.03484047467282311,0.14516129032258066,1.8766464289293446e-33,3.6614749900965227,0.3998091377291412,0.9355609710909193,0.016,0.64,0.40150998654775916,1.237062584606778,0.4263612207483606,0.3555834320781419,0.21805534717349742,0,,0.6041529367874315,0.16027020239199888,0.0206022187004755
628,628,bj920427,2025-04-11,13.807251230309188,1.1266271245422466,0.2652808463436953,traded,completed,UP,0.825,1.7691141217128683,6.0,2.0,7.0,swing_low,1.0,12.659121378899965,deep_pullback,14.034897666364463,1.0,pullback,long_lower_shadow,0.95375,13.794714180207595,ma60_washed,12.912105853055309,"形态止损: washout, 支撑 13.79 下方 0.75xATR=1.33 (被硬性止损 8% 截断)",14.69804163226462,"[14.2427, 14.698]",2.0,13.17380027780755,dynamic_stop,D4,-0.0613540197461212,-0.0613540197461212,1.0,2025-04,0.1039426523297493,0.2541782729805015,,,628,0.0,Smooth,0.0968660726760963,0.010899996757507325,0.10828122221141001,0.08142028414850455,0.042866081977087675,0.039525065621286166,0.18548387096774194,1.921735108781197e-33,2.5356122643306036,0.40425533518433104,0.6857141464020452,0.056,0.784,0.35344016223789354,1.3865635209733749,0.4283937007835993,0.3203106629220113,0.2512956362943895,0,,0.588549032244605,0.15613078538861164,-0.0613540197461212
631,631,bj920570,2025-04-11,36.35353489429416,1.0657642931302431,0.2749412260822217,traded,completed,UP,0.8833333333333334,4.633827709088949,4.0,3.0,5.0,ma60_washed,0.9,34.82882700613776,deep_pullback,35.60070470561491,2.0,pullback,long_lower_shadow,0.9625,34.82882700613776,ma60_washed,32.75264832916572,"形态止损: washout, 支撑 34.83 下方 0.75xATR=3.48 (被硬性止损 8% 截断)",41.063712207319846,"[37.188, 41.0637]",3.0,33.92270970675153,dynamic_stop,D4,-0.0471337579617834,-0.0471337579617834,1.0,2025-04,0.0476546906187624,0.1873883073780953,,,631,1.0,Pullback,0.0587494160367911,-0.10269997596740729,0.08541733181623501,-0.03311011771906314,0.0309297933534336,0.051016669165917065,0.1693548387096774,1.3805141204920943e-33,1.45866062661787,0.5269230555776521,0.34528714163665414,0.064,0.64,0.23408942821064804,1.0429048963138048,0.45541073234456636,0.31961632388076777,0.22497294377466578,0,,0.6152188942849502,0.16914903710365298,-0.0471337579617834
632,632,bj920002,2025-04-11,111.20439528047078,1.0358337505498942,0.2135552021861164,traded,completed,UP,0.8166666666666667,13.1053026390172,3.0,0.0,4.0,ma60_washed,0.9,79.91096971011515,deep_pullback,114.36961541295128,6.0,pullback,bullish_candle,0.8525,101.168157961527,ma_ma20,105.2200461799152,"形态止损: washout, 支撑 101.17 下方 0.75xATR=9.83 (被硬性止损 8% 截断)",137.24353849554154,"[125.8066, 137.2435]",9.0,137.24353849554154,initial_tp,,0.1999999999999999,0.1999999999999999,3.0,2025-04,0.0172240497076023,0.3259534883720929,,,632,0.0,Smooth,0.0502358202664356,0.8629500579833987,0.14051699863874445,0.17295226799083685,0.05752790111377041,0.03489085761510693,0.13709677419354838,5.6533475681642485e-34,2.2986096256684494,0.44583333333333336,0.7663551401869159,0.008,0.8,0.48173667095931827,0.9934394193188163,0.44992266490563343,0.3318447170966757,0.21823261799769092,0,,0.6158450234539713,0.13151690849902645,0.1999999999999999
637,637,bj920856,2025-04-11,20.113767410957927,0.971374362917828,0.2135552021861164,traded,completed,UP,0.7749999999999999,2.475168963254605,4.0,0.0,5.0,ma60_washed,0.9,15.529671831620908,deep_pullback,23.173200768810947,1.0,pullback,bullish_candle,0.8462500000000001,19.78151116436893,ma_ma20,21.319344707306072,"形态止损: washout, 支撑 19.78 下方 0.75xATR=1.86 (被硬性止损 8% 截断)",27.80784092257313,"[25.4905, 27.8078]",2.0,21.319344707306072,initial_stop,,-0.0799999999999999,-0.0799999999999999,1.0,2025-04,0.147671840354767,0.2965396408234779,,,637,1.0,Pullback,-0.0091884253734901,0.05502499103546139,0.10806416353776727,0.10055034880803726,0.05679991476122977,0.03590049283499457,0.14516129032258066,2.3416008738526435e-33,2.8031536030651845,0.4267765694907334,0.7571297470964256,0.016,0.832,0.4340452144658975,0.9972721484605455,0.43337299097155696,0.3332263007280376,0.23340070830040538,0,,0.5999861413355758,0.1281301617217867,-0.0799999999999999
638,638,bj920855,2025-04-11,20.79266573579086,0.9493483954449492,0.2377563712355002,traded,completed,UP,1.0,2.448236275381616,3.0,2.0,4.0,swing_low,1.0,19.526664677389643,shallow_pullback,20.16888576371713,3.0,pullback,long_lower_shadow,1.0,19.526664677389643,swing_low,18.555374902619764,"形态止损: washout, 支撑 19.53 下方 0.75xATR=1.84 (被硬性止损 8% 截断)",22.609944721098984,"[22.263, 22.6099]",8.0,20.485726384452995,dynamic_stop,D4,0.0157093765341187,0.0157093765341187,5.0,2025-04,0.0219047619047618,0.0790987535953979,,"{'structure_strength': np.float64(1.0), 'trend': 'UP', 'atr_ratio': 0.12138678874297934, 'n_supports': 3, 'n_resistances': 2, 'top_support_source': 'swing_low', 'top_support_dist': -0.03184216985763374, 'v2_pattern': '', 'fine_score': 0.9493483954449492, 'operable_score': 0.23775637123550025, 'entry_day': 3}",638,0.0,Smooth,-0.045373686767531,0.15580001115798953,-0.028977049399818933,0.05935828613307903,0.05940923795762389,0.02973544357826526,0.12096774193548387,1.3762152218134028e-33,3.640647634329522,0.4064692270926759,0.5397891566044734,0.056,0.552,0.1287879397764975,0.7256878234813402,0.4575505149819674,0.31656650019776567,0.22588298482026675,0,,0.6158337650808503,0.14641840126991845,0.0157093765341187
641,641,bj920857,2025-04-14,17.4764928153273,1.3574809297739103,0.2374195906443447,traded,completed,UP,0.8083333333333333,1.737227973244219,3.0,1.0,4.0,ma60_washed,0.9,17.432063863757314,deep_pullback,17.108461947844596,1.0,pullback,long_lower_shadow,0.95125,17.432063863757314,ma60_washed,15.739784992017029,"无有效支撑, 使用最大止损 8%",22.090804151144223,"[20.0825, 22.0908]",2.0,17.05872804683342,dynamic_stop,D4,-0.002906976744186,-0.002906976744186,1.0,2025-04,0.1161070005691518,0.1249305941143807,,,641,1.0,Pullback,0.1154721669769816,0.08027500152587894,0.04333218290591567,0.06671142740787217,0.038212148199202975,0.02859107619628616,0.11290322580645161,4.746247945041881e-34,2.47987668161435,0.36211969895336343,0.6788618968300018,0.048,0.592,0.17866495704315022,1.185054587373703,0.3639281337751564,0.39984382029428145,0.23622804593056212,1,,0.5638500439222971,0.13386904661282756,-0.002906976744186
646,646,bj920706,2025-04-14,20.65345113306717,1.0866044819104863,0.2652808463436953,traded,completed,UP,0.75,2.191263932605942,3.0,1.0,4.0,ma60_washed,0.9,16.81076180836484,deep_pullback,18.61761094995055,2.0,pullback,bullish_candle,0.8425,18.119469378574436,ma_ma20,17.128202073954505,"形态止损: washout, 支撑 18.12 下方 0.75xATR=1.64 (被硬性止损 8% 截断)",24.330748932426133,"[22.1189, 24.3307]",4.0,19.0011750424218,initial_stop,,0.0206022187004755,0.0206022187004755,2.0,2025-04,0.0157142857142855,0.1646430305973771,,,646,1.0,Pullback,0.1051813868856237,0.1934750127792359,0.04095046171553762,0.15836850573341388,0.0450154241069936,0.035547690496769986,0.14516129032258066,1.9370398904230576e-33,2.9926753267775483,0.4353680639136413,0.8257731545223626,0.016,0.6,0.2828661141019977,0.9333441511611135,0.3995050353947732,0.3814937798515183,0.21900118475370844,0,,0.5902519253205324,0.15658253030502647,0.0206022187004755
647,647,bj920856,2025-04-14,23.173200768810947,1.0791419434148768,0.2135552021861164,traded,completed,UP,0.7749999999999999,2.7005421114454817,4.0,0.0,5.0,ma60_washed,0.9,15.787003179650236,shallow_pullback,21.40711387419025,4.0,pullback,bullish_candle,0.8462500000000001,19.78240312744702,ma_ma20,19.69454476425503,"形态止损: washout, 支撑 19.78 下方 0.75xATR=2.03 (被硬性止损 8% 截断)",25.6885366490283,"[23.5478, 25.6885]",12.0,25.6885366490283,initial_tp,,0.1999999999999999,0.1999999999999999,8.0,2025-04,0.0153964588144726,0.1332312404287901,,"{'structure_strength': np.float64(0.7749999999999999), 'trend': 'UP', 'atr_ratio': 0.12615162077973638, 'n_supports': 4, 'n_resistances': 0, 'top_support_source': 'ma60_washed', 'top_support_dist': -0.2625347222222221, 'v2_pattern': '', 'fine_score': 1.0791419434148768, 'operable_score': 0.2135552021861164, 'entry_day': 4}",647,1.0,Pullback,0.0447524420105585,0.2177499914169312,0.15040744007938867,0.25267772298413327,0.0583187839656177,0.032881123060897105,0.13709677419354838,2.119820621445841e-33,2.7561738084900305,0.4568452069455592,0.9381108797164947,0.008,0.792,0.4985657132477015,1.0745759343501053,0.4275230313429425,0.36081648632648805,0.2116604823305695,0,,0.6079312745061866,0.1298268862424321,0.1999999999999999
649,649,bj920753,2025-04-14,28.96673140125403,1.056965934427329,0.252567060383088,traded,completed,UP,0.8666666666666666,2.636947094191609,4.0,1.0,5.0,ma60_washed,0.9,29.00217510544933,deep_pullback,27.43245598677259,5.0,pullback,bullish_candle,0.8600000000000001,27.19940149343364,swing_low,25.237859507830784,"形态止损: washout, 支撑 27.20 下方 0.75xATR=1.98 (被硬性止损 8% 截断)",34.448367296664,"[31.3167, 34.4484]",7.0,27.29650753232487,dynamic_stop,D4,-0.0049557522123893,-0.0049557522123893,2.0,2025-04,0.0278243379148508,0.138360655737705,,,649,1.0,Pullback,0.0612668914904124,0.026324987411499023,0.08913013183437313,0.06495033061107347,0.023080148042013186,0.027705268812750716,0.12903225806451613,8.132856027248373e-34,1.2977639486287789,0.35192488411657963,0.7855296177007172,0.072,0.64,0.12962962962962954,1.3146850955134535,0.4385798718403664,0.33261628152474504,0.22880384663488862,0,,0.604888012602739,0.15277478720404208,-0.0049557522123893
650,650,bj920564,2025-04-14,15.947259366180342,1.0248145400377875,0.2810637243518045,traded,completed,UP,0.7916666666666666,1.6382513825911025,4.0,1.0,5.0,swing_low,1.0,14.659774735283111,deep_pullback,15.912666612674528,1.0,pullback,long_lower_shadow,0.8487500000000001,15.774295598651271,swing_low,14.639653283660566,"形态止损: washout, 支撑 15.77 下方 0.75xATR=1.23 (被硬性止损 8% 截断)",19.74900297646932,"[17.9536, 19.749]",6.0,16.113304583008247,initial_stop,,0.0126086956521738,0.0126086956521738,5.0,2025-04,0.0906724511930585,0.1911451681566625,,,650,0.0,Smooth,0.0878407064337154,0.13232501506805416,0.07331336343845352,0.11729451256701129,0.03558383367035939,0.03425710102194032,0.08870967741935484,1.4864675960948228e-33,1.9278912521651967,0.3637866885676648,0.9204544604809834,0.064,0.648,0.2548077261071715,1.0192783942424781,0.42936249894491596,0.3318922784572559,0.23874522259782807,0,,0.595308638173544,0.1673196629838571,0.0126086956521738
651,651,sh603709,2025-04-14,16.0,0.99478265898415,0.224008461990219,traded,completed,UP,1.0,0.9889457113986136,4.0,0.0,5.0,swing_low,1.0,11.09,deep_pullback,11.18,5.0,pullback,long_lower_shadow,1.0,11.09,swing_low,10.34829071645104,"形态止损: washout, 支撑 11.09 下方 0.75xATR=0.74",13.416,"[12.298, 13.416]",8.0,11.1,dynamic_stop,D4,-0.0071556350626118,-0.0071556350626118,3.0,2025-04,-0.224375,0.0,,,651,0.0,Smooth,-0.1488340252159863,0.18505000352859496,0.14710572172675174,0.39807841814309386,0.04108841479800813,0.016306512551311686,0.08870967741935484,1.5301553118347198e-33,0.41273684847751074,0.4191358392439553,1.0,0.168,0.464,0.3311422071800627,0.27835408944238516,0.48678678338292614,0.2703630185214715,0.24285019809560232,0,,0.6219682926436618,0.13932616064178913,-0.0071556350626118
652,652,bj920346,2025-04-14,27.65656564693258,0.9864526556417316,0.2652808463436953,traded,completed,RANGE,0.6666666666666666,3.616298651675139,4.0,3.0,5.0,ma60_washed,0.9,26.609237845469572,deep_pullback,26.352756123577187,2.0,pullback,long_lower_shadow,0.68,25.68109667215168,swing_low,24.24453563369101,"形态止损: washout, 支撑 25.68 下方 0.75xATR=2.71 (被硬性止损 8% 截断)",32.20014428892865,"[29.632, 32.2001]",9.0,27.96276333802362,dynamic_stop,D4,0.0610944527736132,0.0610944527736132,7.0,2025-04,0.0882142857142858,0.1058660187434918,,,652,2.0,Failure,0.1390653948917566,0.12860000610351568,0.11476548909205841,0.12482672302996867,0.04976476014152844,0.032173239682826336,0.1532258064516129,9.12412006472074e-34,2.559017950075781,0.4431715305113696,0.7034014256848258,0.04,0.592,0.32703826259245505,1.3645831475065917,0.43064593970704584,0.30312824317389325,0.266225817119061,0,,0.5822100612939924,0.15444917780988504,0.0610944527736132
654,654,bj920943,2025-04-14,18.59849049707602,0.9625765387071334,0.2622305247285537,traded,completed,RANGE,0.6583333333333332,1.6479104676674858,3.0,2.0,4.0,ma60_washed,0.9,18.16366697124756,deep_pullback,19.420906432748534,1.0,pullback,long_lower_shadow,0.77875,18.16366697124756,ma60_washed,17.867233918128655,"形态止损: washout, 支撑 18.16 下方 0.75xATR=1.24 (被硬性止损 8% 截断)",22.72791027046784,"[19.5113, 22.7279]",2.0,17.867233918128655,initial_stop,,-0.0799999999999999,-0.0799999999999999,1.0,2025-04,0.2706446457112414,0.5502673796791444,,,654,2.0,Failure,0.2665958830644357,0.06010000228881847,0.045685890002650664,0.03692070289494476,0.026274617618550232,0.03560198126737095,0.11290322580645161,1.2538557399742741e-33,1.5106240214717066,0.40217391304347827,0.535135217615076,0.016,0.624,0.15432098038657016,0.8851380252031718,0.4202791214488936,0.32138632169286635,0.2583345568582399,0,,0.5809722822953268,0.15234866643904899,-0.0799999999999999
655,655,sz002693,2025-04-14,9.14,0.9485605724525248,0.2329986342940894,traded,completed,RANGE,0.325,0.7077923086581326,1.0,2.0,1.0,ma_ma20,0.4,9.1195,deep_pullback,10.32,1.0,pullback,bullish_candle,0.62875,9.1195,ma_ma20,9.4944,"形态止损: pit_rebound, 支撑 9.12 下方 1.25xATR=0.88 (被硬性止损 8% 截断)",15.7775,"[12.7798, 15.7775]",6.0,9.57,dynamic_stop,D4,-0.0726744186046511,-0.0726744186046511,5.0,2025-04,-0.148796498905908,0.464788732394366,,,655,2.0,Failure,-0.2334974874674036,0.01312499165534975,0.13782047137187692,0.10870865689729747,0.03199633793857986,0.01911226766980757,0.12096774193548387,1.5032611502040693e-32,2.111130407745669,0.3893719865965917,0.7220841734679063,0.024,0.792,0.35139087047427076,1.352828980757557,0.3572458301398612,0.3412713520774529,0.3014828177826859,0,,0.5278815061785876,0.12299567000871783,-0.0726744186046511
658,658,bj920634,2025-04-14,28.83732190158784,0.9148331773868864,0.2545118522553845,traded,completed,UP,0.7666666666666667,3.749653914338464,3.0,1.0,4.0,ma60_washed,0.9,23.37937150319224,deep_pullback,29.44181559093384,5.0,pullback,bullish_candle,0.8450000000000001,28.52566081093322,ma_ma20,27.086470343659133,"形态止损: washout, 支撑 28.53 下方 0.75xATR=2.81 (被硬性止损 8% 截断)",35.3301787091206,"[31.4115, 35.3302]",7.0,29.03551655383243,dynamic_stop,D2,-0.0138000673174015,-0.0138000673174015,2.0,2025-04,-0.0398625429553265,0.0445043830074174,,,658,0.0,Smooth,-0.0244413013445742,0.10392499923706051,0.07982159729994853,0.08264637723789514,0.03734571076856689,0.056306259182616586,0.1774193548387097,2.090582928433337e-33,1.3295366621682412,0.45375876114145897,0.5637663750097754,0.048,0.6,0.23019490238742124,1.01563155544127,0.4799523700091671,0.2943885455137719,0.22565908447706107,0,,0.627146642766053,0.15961625368613408,-0.0138000673174015
659,659,bj920533,2025-04-15,39.13972267536704,1.64474944229178,0.2810637243518045,traded,completed,RANGE,0.35,4.001620312234762,1.0,2.0,2.0,ma60_washed,0.9,38.22334703224996,deep_pullback,38.84094616639477,4.0,pullback,bullish_candle,0.7325,38.22334703224996,ma60_washed,35.733670473083194,"形态止损: washout, 支撑 38.22 下方 0.75xATR=3.00 (被硬性止损 8% 截断)",51.29035042037896,"[41.6755, 51.2904]",8.0,39.43849918433931,dynamic_stop,D2,0.0153846153846153,0.0153846153846153,4.0,2025-04,0.0027402622822469,0.108982953457192,,,659,1.0,Pullback,0.0280954778193314,0.4584000015258788,0.052207279730418055,0.13393588645789367,0.05192706795248111,0.03381053144382466,0.12096774193548387,1.852731954601369e-33,1.2049372541356194,0.4207477743916974,0.8014183607083337,0.024,0.672,0.02132238214715665,1.0525217268672766,0.4283764581215659,0.3590179786501691,0.21260556322826496,0,,0.6078854474466504,0.1708545478386187,0.0153846153846153
662,662,bj920002,2025-04-15,112.80478748228676,1.16088858365979,0.2135552021861164,traded,completed,UP,0.8166666666666667,12.22067689089322,4.0,0.0,5.0,ma60_washed,0.9,82.5129195290253,deep_pullback,109.73609894293168,1.0,pullback,long_lower_shadow,0.8525,111.20439528047078,swing_low,100.95721102749717,"无有效支撑, 使用最大止损 8%",131.683318731518,"[120.7097, 131.6833]",2.0,108.06457819881274,dynamic_stop,D4,-0.0152321866753092,-0.0152321866753092,1.0,2025-04,-0.0081070125658695,0.2416376306620209,,,662,0.0,Smooth,0.0020474881733623,2.7830001068115235,0.050373099132409394,0.22835601252875182,0.047946318472658137,0.03545079491991124,0.12903225806451613,5.6490813326074844e-34,1.2003173343911147,0.44323510850041264,0.9123536234290135,0.016,0.704,0.01136464532860404,0.9924464167689547,0.4418742915529088,0.262105507178796,0.29602020126829515,0,,0.5729270451423067,0.12235155096325956,-0.0152321866753092
663,663,bj920026,2025-04-15,18.60267094724864,1.1219033537317809,0.2749412260822217,traded,completed,RANGE,0.5499999999999999,2.5085492486227743,2.0,2.0,3.0,ma60_washed,0.9,18.57543492768684,deep_pullback,18.94781705721273,3.0,pullback,bullish_candle,0.7625000000000001,18.57543492768684,ma60_washed,17.431991692635712,"形态止损: washout, 支撑 18.58 下方 0.75xATR=1.88 (被硬性止损 8% 截断)",20.800688163866937,"[19.3018, 20.8007]",4.0,19.194349992901373,dynamic_stop,D4,0.0130111524163569,0.0130111524163569,1.0,2025-04,0.1821279818250663,0.3235831809872029,,,663,1.0,Pullback,0.2030827898063647,0.34732500553131107,-0.08128987869070525,0.04148157289122012,0.07311909515198728,0.03282039010898424,0.13709677419354838,1.2641572053444318e-33,2.1767164992956785,0.46962752379376327,0.5393532308144192,0.048,0.784,-0.09316974403710077,0.789261632883118,0.4106755162455564,0.35721398996484643,0.2321104937895971,0,,0.5892825112279796,0.16201805614583129,0.0130111524163569
665,665,bj920075,2025-04-15,27.81090718184972,1.0328120752534782,0.2652808463436953,traded,completed,RANGE,0.6749999999999999,3.0032697946345213,2.0,5.0,2.0,swing_low,1.0,27.408482967049597,deep_pullback,27.481210234784555,1.0,pullback,long_lower_shadow,0.8012499999999999,27.408482967049597,swing_low,25.28271341600179,"形态止损: pit_rebound, 支撑 27.41 下方 1.25xATR=3.75 (被硬性止损 8% 截断)",31.999997803383568,"[31.0717, 32.0]",2.0,28.27636169535348,initial_stop,,0.0289343683839096,0.0289343683839096,1.0,2025-04,0.2576708507670853,0.3222811671087535,,,665,1.0,Pullback,0.2489612445635114,0.17990000247955323,0.0698070317554671,0.09630867715041247,0.03635233328160146,0.029416737592304808,0.10483870967741936,1.2042733052435917e-33,1.3113066267315612,0.42114285060337614,0.6716417755940893,0.08,0.56,0.1108655716822724,1.6372591006423982,0.4380157437696536,0.3297023251360705,0.2322819310942758,0,,0.6028669063376888,0.15992904314586737,0.0289343683839096
667,667,sz002693,2025-04-15,10.32,0.9933961849444842,0.2810637243518045,traded,completed,RANGE,0.325,0.7574200008370483,1.0,2.0,1.0,ma_ma20,0.4,9.0475,deep_pullback,9.48,7.0,pullback,bullish_candle,0.62875,9.0475,ma_ma20,8.7216,"形态止损: pit_rebound, 支撑 9.05 下方 1.25xATR=0.95 (被硬性止损 8% 截断)",15.7775,"[12.6957, 15.7775]",8.0,8.7216,dynamic_stop,D4,-0.0799999999999999,-0.0799999999999999,1.0,2025-04,-0.2083333333333333,0.3320197044334974,,,667,2.0,Failure,-0.2685765424806836,0.06664999246597292,0.14663350174047318,0.20842919833794427,0.03272911613430762,0.01991409364817255,0.11290322580645161,1.6697287844857692e-32,2.182481333820676,0.3773398611638059,1.0,0.04,0.744,0.2799495382406272,1.4950899920099263,0.35512888155943073,0.3343148145998807,0.31055630384068855,0,,0.5222862888593711,0.14679572952469722,-0.0799999999999999
668,668,bj920245,2025-04-15,24.56136402023169,0.9740944157740324,0.2423038816327085,traded,completed,UP,0.775,2.069760953335261,1.0,5.0,1.0,swing_low,0.6,24.279616225333708,deep_pullback,24.44162120740005,4.0,pullback,bullish_candle,0.88625,24.279616225333708,swing_low,22.486291510808048,"形态止损: pit_rebound, 支撑 24.28 下方 1.25xATR=2.59 (被硬性止损 8% 截断)",26.61812292298697,"[25.284, 26.6181]",6.0,24.44162120740005,dynamic_stop,D4,0.0,0.0,2.0,2025-04,0.0430169199885288,0.0833094760950472,,,668,0.0,Smooth,0.0918642279326757,0.22619999408721939,0.054809012411534797,0.08151344913468983,0.024317966426757567,0.0263615688564702,0.10483870967741936,9.02178472200494e-34,1.2031540830484957,0.44264198408807165,0.5696334955145357,0.008,0.76,0.10119801580417565,0.9706908190819082,0.48211325359737384,0.29542381240921795,0.2224629339934083,0,,0.6298251598019828,0.15260908096996137,0.0
669,669,sz300994,2025-04-15,14.020325819887033,0.959994519431392,0.2317181732389834,traded,completed,UP,0.85,1.2608941487718948,4.0,0.0,5.0,swing_low,1.0,10.456748345973825,deep_pullback,16.285291673300023,7.0,pullback,bullish_candle,0.8575000000000002,14.283791889199328,poc,14.98246833943602,"形态止损: washout, 支撑 14.28 下方 0.75xATR=0.95 (被硬性止损 8% 截断)",19.542350007960028,"[17.9138, 19.5424]",8.0,14.98246833943602,initial_stop,,-0.0799999999999999,-0.0799999999999999,1.0,2025-04,0.2062750333778371,0.2385436283741369,,,669,2.0,Failure,0.2376711796363104,0.06744999885559082,0.22689467063005608,0.2746039657163162,0.05470571311102604,0.02430462123724855,0.07258064516129033,2.9151378209099176e-33,1.3354203652041592,0.4170762057213661,0.948453559016561,0.08,0.512,0.36153850981783275,2.731878123182471,0.3903207177896006,0.2873896282937652,0.32228965391663433,0,,0.5340155319364832,0.12374110354156588,-0.0799999999999999
671,671,bj920627,2025-04-15,26.933958648546582,0.939662703930701,0.2652808463436953,traded,completed,UP,0.9833333333333334,2.848195980339874,3.0,2.0,4.0,ma60_washed,0.9,26.370186136520097,deep_pullback,26.81478184036717,1.0,pullback,long_lower_shadow,0.9775,26.370186136520097,ma60_washed,24.669599293137804,"形态止损: washout, 支撑 26.37 下方 0.75xATR=2.14 (被硬性止损 8% 截断)",34.45451181470141,"[31.6613, 34.4545]",6.0,28.135658131022296,dynamic_stop,D4,0.0492592592592591,0.0492592592592591,5.0,2025-04,0.0781710914454276,0.1071682044002839,,,671,0.0,Smooth,0.0906378348967402,0.16587501049041756,0.06227383645738649,0.0984142436367319,0.030056300769254057,0.030838940166920008,0.14516129032258066,1.4006096905033694e-33,1.500925950598204,0.37016396444351946,0.7945084582204524,0.032,0.536,0.10466483937036708,1.2723455814799856,0.47941058825398314,0.29999115651938146,0.22059825522663548,0,,0.6294061665136739,0.1669694005466882,0.0492592592592591
672,672,bj920957,2025-04-15,14.853173575129532,0.9134517965355056,0.2622305247285537,traded,completed,UP,0.85,1.6606016084839352,5.0,2.0,6.0,ma60_washed,0.9,12.909345207253883,deep_pullback,14.376282383419689,3.0,pullback,long_lower_shadow,0.8575000000000002,14.417016839378238,ma_ma20,13.226179792746114,"无有效支撑, 使用最大止损 8%",19.75124352331606,"[17.5953, 19.7512]",4.0,14.54518134715026,dynamic_stop,D4,0.0117484450587423,0.0117484450587423,1.0,2025-04,0.0882943143812706,0.2556929082628498,,,672,1.0,Pullback,0.106802766589765,0.08090000152587891,0.06769475834149175,0.1097873508718139,0.02574251980826707,0.04166219537969632,0.12096774193548387,1.4835546841806838e-33,1.000444503711606,0.48742454675283,0.5345717780692494,0.104,0.48,0.08775652944622969,1.1150308792820012,0.426817281825492,0.322628934659476,0.25055378351503194,0,,0.58813174915523,0.15422609719049807,0.0117484450587423
676,676,bj920726,2025-04-15,24.7762426253066,0.843084027121746,0.2769419411029528,traded,completed,UP,0.8833333333333334,2.540496374437361,4.0,1.0,5.0,swing_low,1.0,20.00268654616419,deep_pullback,23.6860879497931,7.0,pullback,bullish_candle,0.8625,22.81099106026728,ma_ma20,21.791200913809654,"形态止损: washout, 支撑 22.81 下方 0.75xATR=1.91 (被硬性止损 8% 截断)",30.524330914377725,"[27.7494, 30.5243]",8.0,22.99235315628452,dynamic_stop,D4,-0.0292887029288702,-0.0292887029288702,1.0,2025-04,-0.0287999999999999,0.1568093385214009,,,676,0.0,Smooth,-0.1109483280318445,0.10587500095367428,0.00956536479967185,0.11243375262469923,0.032370372492820175,0.035618760410309244,0.12903225806451613,2.2392131938553418e-33,1.0019277496021426,0.33993397677919435,0.5533981733154129,0.08,0.6,-0.01908396890992703,1.0333970626152358,0.4827238759302944,0.28989745762689095,0.22737866644281465,0,,0.6276726047437399,0.17382886953487778,-0.0292887029288702
677,677,bj920239,2025-04-15,29.95074825449449,0.8397954183878689,0.2810637243518045,traded,completed,UP,0.725,2.527185345427348,4.0,0.0,5.0,ma60_washed,0.9,28.27006629885109,deep_pullback,29.80451116699289,2.0,pullback,bullish_candle,0.8387500000000001,28.88495843344116,ma_ma20,27.42015027363346,"形态止损: washout, 支撑 28.88 下方 0.75xATR=1.90 (被硬性止损 8% 截断)",35.765413400391466,"[32.785, 35.7654]",7.0,30.500878250333844,initial_stop,,0.0233644859813084,0.0233644859813084,5.0,2025-04,0.0853289932573819,0.1282110091743118,,,677,0.0,Smooth,0.110371058244546,0.29594998359680175,0.047950932678125335,0.10400238977688447,0.030191569565540404,0.026053167933945996,0.11290322580645161,1.4385872539687147e-33,1.1256457326059415,0.3352017795306759,0.9331103627726345,0.024,0.6,0.06160211341846478,1.1089520081954034,0.474302232137675,0.29901841056819545,0.2266793572941296,0,,0.6238114374217727,0.17533076589501606,0.0233644859813084
678,678,bj920346,2025-04-15,26.13545453635129,0.8371497094479109,0.2798085490893736,traded,completed,RANGE,0.7166666666666667,3.425177927069506,3.0,4.0,3.0,swing_low,0.6,21.572121204607413,deep_pullback,26.352756123577187,1.0,pullback,long_lower_shadow,0.6875000000000001,25.68109667215168,swing_low,24.24453563369101,"形态止损: washout, 支撑 25.68 下方 0.75xATR=2.57 (被硬性止损 8% 截断)",29.63203462171348,"[26.9182, 29.632]",5.0,29.63203462171348,initial_tp,,0.1244377811094452,0.1244377811094452,4.0,2025-04,0.1749811035525321,0.2149532710280373,,,678,2.0,Failure,0.1687969814559107,0.24497500419616697,-0.011108855866803546,0.04629104117533478,0.049781491522520954,0.03241446112562113,0.1532258064516129,9.167417474530877e-34,2.0351735591865427,0.4431715305113696,0.5632653966837822,0.056,0.584,0.05814870543619244,0.7597537603023141,0.4339447641823077,0.31121707970933016,0.2548381561083622,0,,0.5895533040369728,0.1649620546134317,0.1244377811094452
682,682,bj920505,2025-04-16,39.48783598573604,0.99971087886728,0.236633622471284,traded,completed,UP,0.7999999999999999,5.5098375888559685,4.0,0.0,4.0,ma_ma20,0.4,32.95291221009511,shallow_pullback,34.53819029711371,7.0,pullback,bullish_candle,0.8500000000000001,32.95291221009511,ma_ma20,31.77513507334461,"形态止损: pit_rebound, 支撑 32.95 下方 1.25xATR=6.89 (被硬性止损 8% 截断)",41.445828356536445,"[37.992, 41.4458]",10.0,41.445828356536445,initial_tp,,0.1999999999999999,0.1999999999999999,3.0,2025-04,0.1527812735967784,0.3730314960629919,,"{'structure_strength': np.float64(0.7999999999999999), 'trend': 'UP', 'atr_ratio': 0.15952884448946983, 'n_supports': 4, 'n_resistances': 0, 'top_support_source': 'ma_ma20', 'top_support_dist': -0.04589928057553958, 'v2_pattern': '', 'fine_score': 0.99971087886728, 'operable_score': 0.23663362247128403, 'entry_day': 7}",682,2.0,Failure,0.1859140472230296,-0.048375015258789136,-0.024764838677676426,0.09190073451443515,0.019798371865885584,0.0468478512835924,0.12096774193548387,1.650160174455798e-33,0.6883461167693533,0.5283867232521778,0.5485815581970306,0.104,0.488,-0.10543695538962228,0.9015876881859559,0.4286103268951154,0.3039296037521293,0.2674600693527553,0,,0.58057512877118,0.1373835958378565,0.1999999999999999
683,683,bj920726,2025-04-16,25.767292330318856,0.9760880839660586,0.2335213411278897,traded,completed,UP,0.85,2.8994625168410137,5.0,1.0,6.0,swing_low,1.0,20.00268654616419,deep_pullback,23.6860879497931,6.0,pullback,bullish_candle,0.8575000000000002,22.949242494116486,ma_ma20,21.791200913809654,"形态止损: washout, 支撑 22.95 下方 0.75xATR=2.17 (被硬性止损 8% 截断)",30.524330914377725,"[27.7494, 30.5243]",7.0,22.99235315628452,dynamic_stop,D4,-0.0292887029288702,-0.0292887029288702,1.0,2025-04,-0.0984615384615383,0.0886122299523983,,,683,0.0,Smooth,-0.1610594099493556,0.037449994087219274,0.076340973287091,0.1619875389973482,0.029049979264282356,0.03738843700023867,0.12903225806451613,2.4110427293034246e-33,0.8140476623080988,0.33993397677919435,0.7097087385832214,0.048,0.584,0.0680484861902586,1.3083214465299087,0.4872054027624613,0.28003448097613676,0.23276011626140186,0,,0.6272226432505297,0.1464698728376436,-0.0292887029288702
684,684,sz002693,2025-04-16,11.58,0.971052223031164,0.2810637243518045,traded,completed,RANGE,0.325,0.7924306673921084,1.0,2.0,1.0,ma_ma20,0.4,9.042,deep_pullback,9.48,6.0,pullback,bullish_candle,0.62875,9.042,ma_ma20,8.7216,"形态止损: pit_rebound, 支撑 9.04 下方 1.25xATR=0.99 (被硬性止损 8% 截断)",15.7775,"[12.62, 15.7775]",7.0,8.7216,dynamic_stop,D4,-0.0799999999999999,-0.0799999999999999,1.0,2025-04,-0.2590673575129534,0.2103849597135183,,,684,2.0,Failure,-0.3018714442361638,0.11064999818801877,0.15667393256159712,0.3067384330517853,0.03135901047860699,0.020644750458766844,0.11290322580645161,1.7535850081618381e-32,2.0452350849326533,0.4341987351392868,1.0,0.056,0.696,0.3218935299911392,0.9708858289959155,0.33502389739598726,0.3285896139148279,0.3363864886891848,2,,0.4993187043534012,0.1403403746840845,-0.0799999999999999
685,685,bj920639,2025-04-16,9.03,0.9474417525207304,0.2545118522553845,traded,completed,UP,0.825,0.9704147219134848,6.0,1.0,7.0,ma60_washed,0.9,7.601833333333331,deep_pullback,9.08,1.0,pullback,bullish_candle,0.8537500000000001,9.136,ma_ma20,8.3536,"无有效支撑, 使用最大止损 8%",14.718000000000002,"[13.38, 14.718]",2.0,9.6,initial_stop,,0.0572687224669603,0.0572687224669603,1.0,2025-04,0.0033222591362127,0.0620915032679738,,,685,0.0,Smooth,-0.0109169682817912,0.046875,0.029609720927631367,0.05939378600439471,0.01448398405036721,0.0466995742320457,0.10483870967741936,7.680305458985494e-33,0.8196206242208008,0.5127055362361668,0.3877551417606955,0.072,0.448,0.04081639714373453,1.302276967274617,0.4103781842230139,0.28173290688503977,0.3078889088919463,0,,0.5512446376655338,0.14029829377810327,0.0572687224669603
688,688,bj920826,2025-04-16,15.707935724132255,0.8632611648762539,0.2355160499810289,traded,completed,UP,0.7749999999999999,1.9448683658063144,3.0,0.0,4.0,ma60_washed,0.9,11.678686586561872,deep_pullback,14.716372281546407,3.0,pullback,bullish_candle,0.8462500000000001,14.444919517313746,poc,13.539062499022696,"形态止损: washout, 支撑 14.44 下方 0.75xATR=1.46 (被硬性止损 8% 截断)",17.65964673785569,"[16.188, 17.6596]",4.0,14.431665946546511,dynamic_stop,D4,-0.019346230820547,-0.019346230820547,1.0,2025-04,-0.1212499999999999,0.0833333333333334,,,688,0.0,Smooth,-0.1705014875068107,0.04637500286102299,0.12918397723950292,0.26160849282583754,0.035723756323831096,0.0392411717043393,0.12096774193548387,4.584092935662344e-33,0.9095945468055263,0.43092453709803286,0.7509247172284976,0.08,0.52,0.13055179173652087,1.3881640377997677,0.429707476548675,0.28796466216621597,0.28232786128510906,0,,0.573689807631783,0.13511315740781388,-0.019346230820547
698,698,bj920765,2025-04-17,17.943378048466975,1.4075738628709729,0.2356748690299835,traded,completed,RANGE,0.7999999999999999,1.9493480842046973,4.0,1.0,5.0,swing_low,1.0,16.421469103952948,deep_pullback,17.348028671806375,3.0,pullback,long_lower_shadow,0.7000000000000001,17.064634832447872,swing_low,15.960186378061866,"形态止损: washout, 支撑 17.06 下方 0.75xATR=1.46 (被硬性止损 8% 截断)",21.188408954670205,"[19.2622, 21.1884]",4.0,16.82050390767673,dynamic_stop,D4,-0.0304083405734143,-0.0304083405734143,1.0,2025-04,0.007139857202856,0.2531328320802006,,,698,1.0,Pullback,0.0421555542679639,0.15667498588562,-0.0015847586982034034,0.1112658628084009,0.03980411168563494,0.03575842249616996,0.12096774193548387,1.2374042445238151e-33,0.8386159535129424,0.41824508301095065,0.8216265998612854,0.04,0.592,-0.0458349785387171,0.8470466564813727,0.39097368955996553,0.3903671671354313,0.21865914330460307,0,,0.5861572731276812,0.13814253857533854,-0.0304083405734143
703,703,bj920261,2025-04-17,12.96058000752368,0.9374189661387792,0.2701513546673417,traded,completed,UP,0.9166666666666666,1.098253795022914,6.0,0.0,7.0,ma60_washed,0.9,10.769352534683035,deep_pullback,13.22741547826682,1.0,pullback,bullish_candle,0.8675,12.927320872063198,poc,12.169222240005476,"形态止损: washout, 支撑 12.93 下方 0.75xATR=0.82 (被硬性止损 8% 截断)",15.872898573920182,"[14.5502, 15.8729]",5.0,13.341773537156731,dynamic_stop,D2,0.0086455331412103,0.0086455331412103,4.0,2025-04,0.1294117647058825,0.2934173669467788,,,703,1.0,Pullback,0.0470347359778346,0.057624998092651404,0.15688417343180383,0.22253294397483137,0.04822311334899931,0.02739307900805656,0.11290322580645161,1.745225515962531e-33,1.705742482830265,0.37415878831760485,0.8956834569393707,0.088,0.52,0.19497907622555322,2.7353377047849126,0.3803740471846385,0.38858090631361814,0.23104504650174343,1,,0.5746645003414476,0.1552463932464731,0.0086455331412103
705,705,bj920665,2025-04-17,13.514785801713588,0.8911466551447901,0.2515629325089319,traded,completed,UP,0.8166666666666667,0.8878779619015729,4.0,1.0,5.0,swing_low,1.0,10.482876376988983,shallow_pullback,13.425611995104042,4.0,pullback,long_lower_shadow,0.8525,12.938128518971848,ma_ma20,12.35156303549572,"形态止损: washout, 支撑 12.94 下方 0.75xATR=0.67 (被硬性止损 8% 截断)",16.471145195838435,"[14.9738, 16.4711]",6.0,12.87075275397797,dynamic_stop,D4,-0.0413284132841329,-0.0413284132841329,2.0,2025-04,0.0117302052785923,0.100661278471712,,"{'structure_strength': np.float64(0.8166666666666667), 'trend': 'UP', 'atr_ratio': 0.06613314627484825, 'n_supports': 4, 'n_resistances': 1, 'top_support_source': 'swing_low', 'top_support_dist': -0.2191881918819189, 'v2_pattern': '', 'fine_score': 0.8911466551447901, 'operable_score': 0.25156293250893197, 'entry_day': 4}",705,1.0,Pullback,-0.0050468417737407,0.030450003147125225,0.01814098651638285,0.05516142647289679,0.013792352714895805,0.028334988414032303,0.10483870967741936,8.406151979270285e-34,0.7224816465497877,0.29337978580010216,0.824227857936507,0.08,0.544,-0.0029304002176473443,0.9354321432077757,0.42792655739478247,0.35109875562861126,0.22097468697660638,0,,0.6034759352090882,0.15181217595976843,-0.0413284132841329
706,706,bj920526,2025-04-17,29.587498103474434,0.890911007672424,0.2652808463436953,traded,completed,RANGE,0.7999999999999999,2.86386126121226,4.0,3.0,5.0,swing_low,1.0,28.58892004248217,deep_pullback,30.38179335457442,1.0,pullback,bullish_candle,0.8,30.07069438122692,ma60_washed,27.95124988620847,"形态止损: washout, 支撑 30.07 下方 0.75xATR=2.15 (被硬性止损 8% 截断)",32.72,"[31.8711, 32.72]",3.0,30.18321954179942,dynamic_stop,D4,-0.0065359477124183,-0.0065359477124183,2.0,2025-04,-0.0385906040268457,0.0298850574712643,,,706,0.0,Smooth,-0.0591133365947219,0.13414998531341543,0.023581054282196146,0.08596803977659229,0.02241994537326028,0.030400767930095957,0.07258064516129033,8.732019523081266e-34,0.7919471720766691,0.39197167260845905,0.7417168578443658,0.056,0.576,0.0180541931889735,1.4650650124146254,0.47574701109384926,0.28058145649076033,0.24367153241539044,0,,0.6160377393392295,0.16342301287156755,-0.0065359477124183
709,709,bj920527,2025-04-17,19.13317138038402,0.8398358872580662,0.252567060383088,traded,completed,UP,0.825,1.7509517158042749,5.0,0.0,6.0,ma60_washed,0.9,15.757695983880389,deep_pullback,17.96175272444214,5.0,pullback,bullish_candle,0.8537500000000001,17.280084684905297,poc,16.524812506486768,"形态止损: washout, 支撑 17.28 下方 0.75xATR=1.31 (被硬性止损 8% 截断)",21.554103269330565,"[19.7579, 21.5541]",6.0,16.524812506486768,initial_stop,,-0.0799999999999999,-0.0799999999999999,1.0,2025-04,-0.0433673469387755,0.0818858560794046,,,709,0.0,Smooth,-0.0596790622961664,0.0623750019073487,0.1019057580045879,0.1859917422880475,0.01852133950047673,0.034251013065773814,0.13709677419354838,1.2235775785709045e-33,1.0964757182169873,0.37864077894635284,0.9423075959057051,0.024,0.496,0.11325962396991329,1.6008794264329074,0.46068255856362694,0.30202511448040603,0.2372923269559671,0,,0.61169511580383,0.15449403724926594,-0.0799999999999999
710,710,bj920378,2025-04-17,13.333791855995685,0.8354924939966333,0.2798085490893736,traded,completed,UP,0.8416666666666667,1.1225295657781595,4.0,2.0,5.0,ma60_washed,0.9,12.749948249359992,deep_pullback,13.382813149583905,1.0,pullback,bullish_candle,0.8562500000000001,13.20290500211514,ma_ma20,12.36100782778152,"形态止损: washout, 支撑 13.20 下方 0.75xATR=0.84",16.673122375225194,"[15.1574, 16.6731]",2.0,13.480855736760343,dynamic_stop,D4,0.0073260073260073,0.0073260073260073,1.0,2025-04,-0.0323529411764705,0.1227810650887573,,,710,0.0,Smooth,-0.0973936957287033,0.04324999809265142,0.03490511499028037,0.07523464130996294,0.014842382421948973,0.03694627461745933,0.11290322580645161,2.9334891528618246e-33,0.7037281333320946,0.37994890595407016,0.6403362255043935,0.048,0.568,0.021148088480809735,1.2296765676567656,0.5017623422288048,0.27517206050757165,0.2230655972636236,0,,0.6393483724825906,0.17889514046700605,0.0073260073260073
711,711,bj920046,2025-04-17,17.167640824606668,0.8037345301181001,0.2515629325089319,traded,completed,UP,0.8166666666666667,1.4941283540918044,4.0,1.0,5.0,ma60_washed,0.9,16.023627610889864,deep_pullback,18.35845984134239,6.0,pullback,bullish_candle,0.8525,16.700045890701773,poc,16.889783054035,"形态止损: washout, 支撑 16.70 下方 0.75xATR=1.12 (被硬性止损 8% 截断)",22.030151809610867,"[18.5371, 22.0302]",7.0,16.919553529453392,dynamic_stop,D4,-0.0783783783783784,-0.0783783783783784,1.0,2025-04,-0.0317919075144508,0.1106069200226886,,,711,0.0,Smooth,-0.0227537574991965,0.06974999189376821,0.020993156857199713,0.08239190432375532,0.015938162773215192,0.03275876140657941,0.14516129032258066,2.035376830589408e-33,0.9612278255853084,0.3424061310924705,0.8823526914535026,0.04,0.568,0.02025454052160902,1.0942009052489434,0.4992427550019123,0.2801352180336378,0.2206220269644499,0,,0.6393103640187312,0.16082678995590477,-0.0783783783783784
716,716,bj920026,2025-04-18,18.94781705721273,1.4805403766874372,0.2496822514226694,traded,completed,UP,0.8,2.0908967530849907,3.0,0.0,4.0,ma60_washed,0.9,18.738146665241345,deep_pullback,19.194349992901373,1.0,pullback,long_lower_shadow,0.95,18.738146665241345,ma60_washed,17.658801993469265,"形态止损: washout, 支撑 18.74 下方 0.75xATR=1.57 (被硬性止损 8% 截断)",23.033219991481648,"[21.1138, 23.0332]",3.0,18.83511628661221,dynamic_stop,D4,-0.0187155963302751,-0.0187155963302751,2.0,2025-04,0.041635687732342,0.340740740740741,,,716,1.0,Pullback,0.0278796853448526,-0.12164999961853021,0.021508425380533103,0.029774468026945833,0.023204217441679945,0.029134271092782642,0.12903225806451613,9.67693967984146e-34,0.5706162204768741,0.46962752379376327,0.5179987247880009,0.008,0.776,-0.01279708872351093,0.9682042427232364,0.4507581814666644,0.28475892080732,0.2644828977260155,0,,0.5931376418703245,0.1480959418257156,-0.0187155963302751
717,717,bj920924,2025-04-18,28.917372957248887,1.4341066997757308,0.2213658522930517,traded,completed,RANGE,0.6000000000000001,2.761136250456818,3.0,2.0,4.0,ma60_washed,0.9,28.560060590248398,deep_pullback,30.19372597053436,1.0,pullback,bullish_candle,0.77,28.560060590248398,ma60_washed,27.778227892891607,"形态止损: washout, 支撑 28.56 下方 0.75xATR=2.07 (被硬性止损 8% 截断)",39.686601506845015,"[34.3229, 39.6866]",3.0,29.4458628768124,dynamic_stop,D4,-0.0247688243064729,-0.0247688243064729,2.0,2025-04,-0.0741379310344827,0.066363044892648,,,717,0.0,Smooth,-0.1248370236508741,0.06847499370574947,0.11147268000997612,0.1791481737430063,0.02441195945022896,0.030834098786937422,0.11290322580645161,1.8053075620998127e-33,1.149692195502493,0.38802168021680217,0.9466338586006388,0.04,0.656,0.1359941011753314,1.8190145701420875,0.47811149558174837,0.2752639128526124,0.24662459156563918,0,,0.6157434520080546,0.13630457404762877,-0.0247688243064729
718,718,bj920570,2025-04-18,36.46237781313935,1.3737207099747153,0.2749412260822217,traded,completed,UP,0.8416666666666667,3.336752709493914,5.0,2.0,6.0,ma60_washed,0.9,35.50138554216868,deep_pullback,36.29004319163446,1.0,pullback,long_lower_shadow,0.95625,35.50138554216868,ma60_washed,33.386839736303706,"形态止损: washout, 支撑 35.50 下方 0.75xATR=2.50 (被硬性止损 8% 截断)",38.16622300522846,"[37.188, 38.1662]",3.0,36.45330756990224,dynamic_stop,D4,0.0044988752811796,0.0044988752811796,2.0,2025-04,0.0087064676616914,0.1840475600693585,,,718,1.0,Pullback,-0.001231508348268,0.02844997406005838,0.03733585116228766,0.06916321177305584,0.01758518470841851,0.04560827287394132,0.1532258064516129,1.2617291372780653e-33,0.7348864268730713,0.464508803047252,0.4922574395143552,0.024,0.664,0.023061324595169408,1.3773448525109282,0.4155828744326555,0.31592218393923027,0.26849494162811427,0,,0.5735439664022707,0.15769088133470088,0.0044988752811796
720,720,bj920427,2025-04-18,14.529781223006372,1.14782386670835,0.257285886511155,traded,completed,RANGE,0.7416666666666667,1.6093868761220071,5.0,0.0,6.0,swing_low,1.0,12.659121378899965,deep_pullback,12.33249823151631,7.0,pullback,long_lower_shadow,0.69125,11.976182070734136,swing_low,11.345898372995006,"形态止损: washout, 支撑 11.98 下方 0.75xATR=1.21 (被硬性止损 8% 截断)",14.79899787781957,"[13.5657, 14.799]",9.0,13.559809451988237,initial_stop,,0.0995184590690205,0.0995184590690205,2.0,2025-04,-0.0429155313351498,0.1694805194805195,,,720,1.0,Pullback,-0.0442176616982397,0.0212250065803528,0.0909219403302941,0.15316931856076144,0.027244175530306496,0.037237024130577424,0.1935483870967742,1.5999032217658784e-33,0.8110014873754914,0.38749998807907104,0.9032257419471046,0.04,0.68,0.11432705923269926,1.6948657010896373,0.4127625935782963,0.35160536758914446,0.23563203883255915,0,,0.5885652773728686,0.15142953915856233,0.0995184590690205
721,721,sz002693,2025-04-18,11.81,1.1089696801090967,0.2652808463436953,traded,completed,RANGE,0.5583333333333333,0.888625701285628,3.0,1.0,4.0,ma60_washed,0.9,12.500833333333333,deep_pullback,9.48,4.0,pullback,bullish_candle,0.6637500000000001,9.2535,ma_ma20,8.7216,"形态止损: washout, 支撑 9.25 下方 0.75xATR=0.67 (被硬性止损 8% 截断)",17.35525,"[15.7775, 17.3553]",5.0,8.7216,dynamic_stop,D4,-0.0799999999999999,-0.0799999999999999,1.0,2025-04,-0.275190516511431,0.0,,,721,1.0,Pullback,-0.2751905067337399,0.16792500019073486,0.1289420450025467,0.42242780603583974,0.03262407572374089,0.021986165036308083,0.11290322580645161,1.342606860598219e-32,1.6670635325247904,0.5325443818286112,0.9444443671791672,0.088,0.632,0.3319796322283428,1.8163176438719868,0.3404706486126103,0.3597808057588321,0.2997485456285577,1,,0.5203610514920263,0.13804182014409994,-0.0799999999999999
724,724,bj920690,2025-04-18,18.293610298234817,0.9933703406412672,0.2419470201856432,traded,completed,UP,0.85,1.0996548858192572,3.0,2.0,4.0,ma60_washed,0.9,16.826634857652525,deep_pullback,18.33812029896045,8.0,pullback,bullish_candle,0.8575000000000002,17.045104777880834,ma_ma20,16.871070675043615,"形态止损: washout, 支撑 17.05 下方 0.75xATR=0.82 (被硬性止损 8% 截断)",21.023557009406925,"[19.2313, 21.0236]",19.0,21.023557009406925,initial_tp,,0.1464401294498383,0.1464401294498383,11.0,2025-04,0.0304136253041362,0.1794141578519121,,,724,1.0,Pullback,0.0266666605014993,0.0686250019073487,0.03335925618976199,0.09212893763205132,0.01162552619113398,0.02643885524224283,0.10483870967741936,6.48523153572802e-34,0.783006273237536,0.2857708765472922,0.9098474755801145,0.024,0.504,0.03364168267286116,1.2228435236960309,0.4077858255227958,0.3642252331823245,0.22798894129487973,0,,0.589898442113958,0.1427241702816253,0.1464401294498383
725,725,bj920378,2025-04-18,13.382813149583905,0.9872815242841666,0.2329986342940894,traded,completed,UP,0.8416666666666667,1.1284198619943544,4.0,1.0,5.0,ma60_washed,0.9,12.814002739648595,deep_pullback,12.961230024725218,8.0,pullback,bullish_candle,0.95625,12.814002739648595,ma60_washed,11.96768784315283,"形态止损: washout, 支撑 12.81 下方 0.75xATR=0.85",16.673122375225194,"[15.1574, 16.6731]",10.0,13.951460155207249,initial_stop,,0.0763993948562782,0.0763993948562782,2.0,2025-04,-0.0549450549450549,0.0411522633744856,,,725,0.0,Smooth,-0.0818505734229774,0.026249997615814192,0.09512899678075204,0.15055303765619144,0.016811625218732903,0.037040205680739825,0.10483870967741936,2.9092400534723356e-33,0.8934261239143634,0.35780422542060536,0.9001848471194804,0.064,0.552,0.10037735273253245,1.5137451015878058,0.48336366102021755,0.28333908564726246,0.23329725333251997,0,,0.6250332038438488,0.14563188288407594,0.0763993948562782
727,727,bj920261,2025-04-18,13.22741547826682,0.9350777858445888,0.252567060383088,traded,completed,UP,0.9166666666666666,1.308871228442815,4.0,0.0,5.0,ma60_washed,0.9,10.84908551463128,deep_pullback,13.151176772340207,1.0,pullback,long_lower_shadow,0.8675,12.847842021134708,poc,12.09908263055299,"形态止损: washout, 支撑 12.85 下方 0.75xATR=0.98 (被硬性止损 8% 截断)",15.781412126808249,"[14.4663, 15.7814]",4.0,13.341773537156731,dynamic_stop,D2,0.0144927536231882,0.0144927536231882,3.0,2025-04,0.1087896253602305,0.2590320381731426,,,727,1.0,Pullback,0.0938166792558006,0.07887499809265135,0.11665081861389193,0.22975900537339222,0.05238428237661594,0.029519605194987267,0.11290322580645161,2.181258594570854e-33,3.3175059482668985,0.4259259411882028,0.7782607884398097,0.096,0.528,0.22250000635782885,2.085624892835216,0.4192700445891058,0.3373870272261953,0.24334292818469894,0,,0.5879635582022034,0.14850022750751118,0.0144927536231882
728,728,bj920579,2025-04-18,28.96895282772641,0.9268192404880616,0.2622305247285537,traded,completed,UP,0.65,2.4417367141392305,2.0,1.0,3.0,ma60_washed,0.9,26.38721977313128,deep_pullback,29.648224825066205,1.0,pullback,bullish_candle,0.8275000000000001,28.621824858497625,ma_ma20,27.27636683906091,"形态止损: washout, 支撑 28.62 下方 0.75xATR=1.83 (被硬性止损 8% 截断)",35.80809305070724,"[32.5528, 35.8081]",4.0,28.869059886941148,dynamic_stop,D4,-0.0262803234501348,-0.0262803234501348,3.0,2025-04,-0.0313793103448275,0.1377060439560438,,,728,0.0,Smooth,-0.0583305322014223,0.0317250204086303,0.00984882373735707,0.055684482163802285,0.01260007616710294,0.032933759975896176,0.12096774193548387,1.8854618342591923e-33,0.6470325486032292,0.38690116452368506,0.6974922700811594,0.008,0.68,-0.02803732546422555,1.1330436160340418,0.5102660959435649,0.2729303414767528,0.21680356257968222,0,,0.6467312666819413,0.16959267942036765,-0.0262803234501348
732,732,bj920701,2025-04-18,23.60786802030457,0.8846264990104153,0.2213658522930517,traded,completed,RANGE,0.6583333333333332,2.012234959958387,4.0,1.0,5.0,swing_low,1.0,22.045322697606963,deep_pullback,24.032088469905734,1.0,pullback,bullish_candle,0.77875,23.18270485859319,ma60_washed,22.10952139231328,"形态止损: washout, 支撑 23.18 下方 0.75xATR=1.51 (被硬性止损 8% 截断)",28.83850616388688,"[26.1391, 28.8385]",3.0,23.897751994198696,dynamic_stop,D4,-0.0055898793762872,-0.0055898793762872,2.0,2025-04,-0.1701108116202455,0.0165289256198344,,,732,2.0,Failure,-0.1821133940119388,0.08000000476837173,0.06507390844029826,0.13267476154812918,0.013147740806532955,0.029285530163013714,0.12903225806451613,8.413371395622616e-34,0.7465566925195881,0.3985706839370317,0.8275862295760806,0.04,0.656,0.07215191959246003,1.4387886392394968,0.4552065448826899,0.29060941464009005,0.25418404047722,0,,0.6005112522027349,0.13293268515542614,-0.0055898793762872
734,734,bj920639,2025-04-18,9.6,0.8817037120327104,0.2717630626246351,traded,completed,UP,0.8416666666666667,0.8565337244594621,5.0,2.0,6.0,ma60_washed,0.9,7.71,deep_pullback,9.5,1.0,pullback,long_lower_shadow,0.8562500000000001,9.303,ma_ma20,8.74,"形态止损: washout, 支撑 9.30 下方 0.75xATR=0.64 (被硬性止损 8% 截断)",13.38,"[11.3766, 13.38]",2.0,9.08,dynamic_stop,D4,-0.0442105263157894,-0.0442105263157894,1.0,2025-04,-0.1093749999999998,0.0177453027139875,,,734,0.0,Smooth,-0.1093750155220423,0.018725001811981203,0.05066899447709816,0.10640590336443423,0.01354615744241975,0.046733679522562264,0.11290322580645161,7.882759877598537e-33,0.9616143435672009,0.4681892447630757,0.5331010122986599,0.064,0.472,0.0788288063337721,1.1133273896213929,0.4419382309454753,0.27980879047160334,0.2782529785829213,0,,0.581842626181277,0.15812333405658455,-0.0442105263157894
735,735,bj920779,2025-04-21,48.96565926580435,1.4558763220771596,0.2355160499810289,traded,completed,UP,0.75,4.311567462893252,3.0,0.0,4.0,ma60_washed,0.9,35.253905002588475,deep_pullback,42.333102983465125,7.0,pullback,bullish_candle,0.8425,41.93925836976025,poc,38.94645474478792,"形态止损: washout, 支撑 41.94 下方 0.75xATR=3.23 (被硬性止损 8% 截断)",50.79972358015815,"[46.5664, 50.7997]",9.0,44.29846423436376,initial_stop,,0.0464261089404736,0.0464261089404736,2.0,2025-04,-0.0780287168452849,0.1021508459038254,,,735,0.0,Smooth,-0.3236151230618028,0.17292501449584954,0.12447636497633585,0.24201147753069718,0.026849258695145747,0.032051788204643786,0.12903225806451613,9.248666505817196e-34,0.8710895159783218,0.42963479844146035,0.993462014639261,0.032,0.568,0.1855067744794776,1.1326983037272234,0.47088562339866447,0.32298318566551715,0.20613119093581853,0,,0.6323772162314231,0.14893498406482375,0.0464261089404736
737,737,bj920924,2025-04-21,30.19372597053436,1.3927306810851758,0.2213658522930517,traded,completed,RANGE,0.45,2.8317310987127886,2.0,2.0,3.0,ma60_washed,0.9,28.80735398657245,deep_pullback,29.4458628768124,2.0,pullback,long_lower_shadow,0.7475,28.80735398657245,ma60_washed,27.090193846667407,"形态止损: washout, 支撑 28.81 下方 0.75xATR=2.12 (被硬性止损 8% 截断)",39.686601506845015,"[34.3709, 39.6866]",3.0,27.87036462603815,dynamic_stop,D4,-0.0535049102607517,-0.0535049102607517,1.0,2025-04,-0.0686922060766183,0.0684485006518904,,,737,0.0,Smooth,-0.0443917131745823,0.07447500228881836,0.07921768084535596,0.16558707852479282,0.02551032265445884,0.031412227643240406,0.12096774193548387,1.9033173267967207e-33,1.3864527242394238,0.4015576324727962,0.8898372198461336,0.024,0.648,0.15295000381326362,1.3096847618022742,0.47501998574705034,0.30318343066021775,0.221796583592732,0,,0.6266117010771592,0.13871043326574428,-0.0535049102607517
738,738,bj920249,2025-04-21,15.25,1.24617716085823,0.257285886511155,traded,completed,UP,0.8333333333333334,1.4541686737639017,4.0,2.0,5.0,ma60_washed,0.9,14.236666666666668,deep_pullback,14.21,6.0,pullback,bullish_candle,0.955,14.236666666666668,ma60_washed,13.073200000000002,"无有效支撑, 使用最大止损 8%",18.68,"[18.0, 18.68]",9.0,15.91,initial_stop,,0.1196340605207599,0.1196340605207599,3.0,2025-04,0.0268852459016393,0.114817190506735,,,738,0.0,Smooth,0.0524193364900722,0.0001249933242798207,0.059499147448406786,0.12477905793908328,0.018403715458625527,0.034434191880203545,0.1532258064516129,4.98341025223787e-33,0.6976427633274052,0.4159292523351235,0.807092143321129,0.016,0.672,0.07074173786310278,1.447149813806932,0.437422482390418,0.3053901287385719,0.25718738887101006,0,,0.590117546759704,0.1518289161638584,0.1196340605207599
742,742,bj920021,2025-04-21,6.918526489610309,1.088898099112103,0.2324098976042125,traded,completed,RANGE,0.6583333333333332,0.5123970824530795,4.0,2.0,5.0,swing_low,1.0,6.788741721406941,deep_pullback,6.798725165114892,8.0,pullback,bullish_candle,0.6787500000000001,6.619023178371768,ma_ma20,6.254827151905701,"形态止损: washout, 支撑 6.62 下方 0.75xATR=0.38 (被硬性止损 8% 截断)",7.789182615380749,"[7.2979, 7.7892]",19.0,7.058294701521628,dynamic_stop,D4,0.0381791483113069,0.0381791483113069,11.0,2025-04,0.0,0.066951566951567,,,742,1.0,Pullback,0.0102040369477891,0.003049999475479126,0.021611004009630452,0.07072042237575671,0.014786621448926255,0.027882525275629202,0.13709677419354838,6.465050977532094e-33,0.788376627280256,0.33736561956688443,0.8326693075717174,0.016,0.704,0.015918977705274617,0.9507292956515405,0.39706058488577595,0.3558386739844052,0.24710074112981892,0,,0.5749799218779785,0.1336310247681391,0.0381791483113069
743,743,bj920932,2025-04-21,20.7651547257621,1.040401531924917,0.2213658522930517,traded,completed,RANGE,0.625,1.4838402560910466,2.0,3.0,2.0,swing_low,0.8,20.085113747973395,deep_pullback,20.15861240559379,2.0,pullback,long_lower_shadow,0.75375,20.085113747973395,swing_low,18.545923413146287,"形态止损: pit_rebound, 支撑 20.09 下方 1.25xATR=1.85 (被硬性止损 8% 截断)",22.19816447559974,"[21.3106, 22.1982]",3.0,19.39508266138192,dynamic_stop,D4,-0.0378761061946903,-0.0378761061946903,1.0,2025-04,-0.0865979381443299,0.0075239398084816,,,743,0.0,Smooth,-0.0574468367164872,0.039674997329711914,0.060169316722683996,0.1101759723646838,0.015980607564743312,0.026632637548359712,0.11290322580645161,1.0519547571686402e-33,1.1949920744997027,0.3643016433905,0.8087335905560762,0.008,0.608,0.09800978943314509,1.3654721686805253,0.47065188750244735,0.30972803335999655,0.219620079137556,0,,0.6255159041824456,0.13846786125220595,-0.0378761061946903
745,745,bj920237,2025-04-21,24.16121343838609,1.0106246492196518,0.257285886511155,traded,completed,RANGE,0.5,1.6581653209154985,2.0,1.0,3.0,ma60_washed,0.9,21.594902629775085,deep_pullback,21.743025267050616,8.0,pullback,bullish_candle,0.655,21.41887782129183,ma_ma20,20.175253830605207,"形态止损: washout, 支撑 21.42 下方 0.75xATR=1.24",28.45828559287431,"[25.8712, 28.4583]",11.0,23.14846796492081,initial_stop,,0.0646387832699622,0.0646387832699622,3.0,2025-04,-0.1203307670373539,0.008537279453614,,,745,0.0,Smooth,-0.0929137928849218,0.04895000457763654,0.0958135019334958,0.16208825917317204,0.018232064862102246,0.025010173234508465,0.12096774193548387,6.497580130900621e-34,0.8621408777960824,0.34661356052168213,1.0,0.016,0.584,0.12990350349274782,1.4544932402580188,0.45578063825353565,0.32458330557533577,0.21963605617112858,0,,0.6180722910412035,0.15902127732851667,0.0646387832699622
746,746,bj920378,2025-04-21,13.480855736760343,1.004604345982322,0.2377563712355002,traded,completed,UP,0.8416666666666667,1.1217596749205505,4.0,1.0,5.0,ma60_washed,0.9,12.874135526450146,deep_pullback,12.961230024725218,7.0,pullback,bullish_candle,0.8562500000000001,12.6413170627685,poc,11.924331622747202,"形态止损: washout, 支撑 12.64 下方 0.75xATR=0.84 (被硬性止损 8% 截断)",16.673122375225194,"[15.1574, 16.6731]",9.0,13.951460155207249,initial_stop,,0.0763993948562782,0.0763993948562782,2.0,2025-04,-0.0305454545454545,0.0804270462633451,,,746,0.0,Smooth,0.0030097789291076,0.02414999723434441,0.040047388767858516,0.10367762640358613,0.02258626284850778,0.03676720028643734,0.11290322580645161,2.8947004549866198e-33,1.319727298641244,0.3344756726116505,0.8893442727070728,0.048,0.568,0.08662025205913992,1.4075994024155372,0.46115330837370694,0.3094332249010764,0.22941346672521665,0,,0.6158699208242451,0.14642699752826732,0.0763993948562782
749,749,bj920981,2025-04-21,38.08456505199087,0.9756395551770688,0.2377563712355002,traded,completed,UP,0.8833333333333334,3.2515274706697634,6.0,2.0,7.0,ma60_washed,0.9,35.218509764138986,deep_pullback,38.33361399949277,2.0,pullback,bullish_candle,0.8625,37.42129789500381,poc,35.26692487953335,"形态止损: washout, 支撑 37.42 下方 0.75xATR=2.44 (被硬性止损 8% 截断)",42.71687547552626,"[39.7582, 42.7169]",3.0,35.71361907177277,dynamic_stop,D4,-0.068347193347193,-0.068347193347193,1.0,2025-04,-0.032696834946377,0.0560625814863102,,,749,0.0,Smooth,-0.0258166376678652,0.006024999618530202,0.02254392049806553,0.08064186451941802,0.015211815818563837,0.03900510659600401,0.13709677419354838,1.8370247148505603e-33,0.618336250525773,0.39299880618221344,0.7327790695422329,0.04,0.648,-0.003119385047418488,0.9115246203809356,0.49765843228247575,0.28347868502582557,0.21886288269169865,0,,0.6393977747953885,0.15202089471140515,-0.068347193347193
753,753,bj920533,2025-04-21,38.84094616639477,0.9307552074099807,0.2213658522930517,traded,completed,RANGE,0.45,3.367799971040936,2.0,2.0,3.0,ma60_washed,0.9,38.899424645501306,deep_pullback,41.33841134395783,2.0,pullback,bullish_candle,0.7475,38.899424645501306,ma60_washed,38.0313384364412,"形态止损: washout, 支撑 38.90 下方 0.75xATR=2.53 (被硬性止损 8% 截断)",51.40488141548499,"[41.6755, 51.4049]",4.0,39.43849918433931,dynamic_stop,D2,-0.0459599703484062,-0.0459599703484062,2.0,2025-04,-0.0358974358974358,0.1308593749999997,,,753,0.0,Smooth,-0.0022453685769092,-0.010325002670288085,0.03675206486565763,0.10266407019473456,0.01731455208657221,0.032739734984046844,0.11290322580645161,1.748081617014364e-33,0.7389207078046577,0.37735849056603776,0.9100000381469726,0.024,0.68,0.012658215432457043,1.313787708512373,0.49867995438262847,0.2772155629090972,0.22410448270827438,0,,0.6372877358371771,0.1410737427995059,-0.0459599703484062
755,755,bj920163,2025-04-22,19.51296214771041,1.7167367022924611,0.2449707498188675,traded,completed,UP,0.8166666666666667,1.8941285144110027,4.0,0.0,5.0,ma60_washed,0.9,14.42918376281938,shallow_pullback,20.16306588408037,2.0,pullback,long_lower_shadow,0.8525,19.017208798445264,poc,18.550020613353944,"形态止损: washout, 支撑 19.02 下方 0.75xATR=1.42 (被硬性止损 8% 截断)",24.195679060896445,"[22.1794, 24.1957]",3.0,18.550020613353944,dynamic_stop,D4,-0.0799999999999998,-0.0799999999999998,1.0,2025-04,-0.0898536092882381,0.1332385016595541,,"{'structure_strength': np.float64(0.8166666666666667), 'trend': 'UP', 'atr_ratio': 0.09394050117678288, 'n_supports': 4, 'n_resistances': 0, 'top_support_source': 'ma60_washed', 'top_support_dist': -0.284375508874776, 'v2_pattern': '', 'fine_score': 1.7167367022924611, 'operable_score': 0.24497074981886754, 'entry_day': 2}",755,0.0,Smooth,-0.1074257422937925,0.10937499046325679,0.27071159978414694,0.4482900895661317,0.06790444938029458,0.03135024524348201,0.12903225806451613,1.0902777678492377e-33,2.4822950735237312,0.49739211451977955,1.0,0.048,0.568,0.46255201393925294,2.431981187536743,0.4131799199641553,0.3448000682472151,0.2420200117886295,0,,0.5855799540877629,0.14344996043177727,-0.0799999999999998
758,758,bj920953,2025-04-22,36.56463115112704,1.0751337801947138,0.2627166078797206,traded,completed,RANGE,0.575,2.554164052775717,2.0,2.0,3.0,swing_low,1.0,34.10374180662339,deep_pullback,35.582552696698166,3.0,pullback,bullish_candle,0.7862499999999999,34.10374180662339,swing_low,32.735948480962314,"形态止损: washout, 支撑 34.10 下方 0.75xATR=1.92 (被硬性止损 8% 截断)",38.17467049554723,"[36.8351, 38.1747]",5.0,38.17467049554723,initial_tp,,0.072848,0.072848,2.0,2025-04,-0.0155702608018685,0.1928233438485806,,,758,0.0,Smooth,-0.0025635428074336,0.08087502479553202,-0.0035754786641479797,0.05570629161755747,0.014186289008924704,0.030541418112678728,0.10483870967741936,9.63050409844321e-34,1.0216994656588037,0.380478823898608,0.8267183909584658,0.008,0.632,0.010761277645342071,1.3354805791185662,0.487368171353122,0.3034500613044332,0.20918176734244498,0,,0.6390932020053386,0.16790039814983163,0.072848
759,759,bj920642,2025-04-22,16.753997809419495,1.0226022366016616,0.236633622471284,traded,completed,UP,0.7749999999999999,1.937035360762411,4.0,0.0,5.0,ma60_washed,0.9,13.040028751369112,deep_pullback,14.460295728368015,5.0,pullback,long_lower_shadow,0.8462500000000001,13.793127601314348,ma_ma20,13.303472070098575,"形态止损: washout, 支撑 13.79 下方 0.75xATR=1.45 (被硬性止损 8% 截断)",17.35235487404162,"[15.9063, 17.3524]",7.0,17.35235487404162,initial_tp,,0.1999999999999999,0.1999999999999999,2.0,2025-04,0.1178571428571428,0.4099125364431488,,,759,1.0,Pullback,0.1642902457381752,0.0763250088691712,0.04423536426475372,0.16167486079139737,0.043901016205147844,0.03778990485291517,0.12903225806451613,3.4512957150519395e-33,1.207163993771311,0.49148931874576807,0.8214285898591999,0.04,0.608,0.16666665585403262,0.9780889493535079,0.3566079249943315,0.38654397749809966,0.2568480975075688,1,,0.5498799137433814,0.13012007591329353,0.1999999999999999
760,760,bj920057,2025-04-22,6.93,1.022435098053066,0.2627166078797206,traded,completed,RANGE,0.6833333333333333,0.4617006110602622,4.0,3.0,5.0,ma60_washed,0.9,6.640666666666666,deep_pullback,6.41,5.0,pullback,bullish_candle,0.6825000000000001,6.08,swing_low,5.897200000000001,"形态止损: washout, 支撑 6.08 下方 0.75xATR=0.35 (被硬性止损 8% 截断)",7.53,"[7.34, 7.53]",7.0,6.71,initial_stop,,0.046801872074883,0.046801872074883,2.0,2025-04,0.0144300144300144,0.0397727272727272,,,760,1.0,Pullback,0.0323054726692133,0.005724998712539664,0.02593995891202172,0.06877182322235553,0.011827320626979084,0.026066396530139518,0.06451612903225806,1.805465913164667e-33,1.5861182683231716,0.32348992068629734,0.8298755712153373,0.016,0.584,0.03988182890505154,1.554598567735035,0.45035253645473616,0.31830179261622316,0.23134567092904068,0,,0.6095034327628477,0.1601266743465007,0.046801872074883
761,761,bj920261,2025-04-22,13.989802537532915,0.972699648654534,0.2598663287023454,traded,completed,UP,0.9166666666666666,1.3872575737813315,4.0,0.0,5.0,ma60_washed,0.9,11.009663288989206,deep_pullback,13.2941243459526,3.0,pullback,long_lower_shadow,0.8675,12.847842021134708,poc,12.230594398276391,"形态止损: washout, 支撑 12.85 下方 0.75xATR=1.04 (被硬性止损 8% 截断)",15.95294921514312,"[14.6235, 15.9529]",10.0,14.313817037721009,initial_stop,,0.0767025089605735,0.0767025089605735,7.0,2025-04,0.0963022952205026,0.2111475409836065,,,761,1.0,Pullback,0.0800821426275131,0.14007500410079957,0.04266375125484756,0.23248922793769378,0.054383121541073776,0.031072594709641445,0.12096774193548387,2.725229966526566e-33,3.8384378918768287,0.4259259411882028,0.862318741426434,0.048,0.52,0.09712233226755074,0.9940752151605523,0.42300044879787546,0.36375791244627664,0.21324163875584787,0,,0.6048794050210138,0.15718779029046986,0.0767025089605735
762,762,bj920260,2025-04-22,12.814650207722678,0.962274610447066,0.2761821317677869,traded,completed,UP,0.725,0.7482630796045286,4.0,0.0,5.0,ma60_washed,0.9,11.683813531497323,deep_pullback,13.016986789949875,5.0,pullback,bullish_candle,0.8387500000000001,12.863789091977855,poc,12.302591782274458,"形态止损: washout, 支撑 12.86 下方 0.75xATR=0.56",15.620384147939852,"[14.3187, 15.6204]",7.0,13.662536838008087,initial_stop,,0.0495928941524796,0.0495928941524796,2.0,2025-04,0.0421052631578946,0.0940298507462686,,,762,1.0,Pullback,0.0468277867278785,0.030149993896484338,0.03514868574690144,0.09855572762994713,0.02140360850490678,0.024467684161680714,0.056451612903225805,7.98624461934757e-34,2.4295377677564827,0.3074204625489053,0.8275861842170168,0.008,0.488,0.07544137861199363,1.274964870429071,0.3964829577833873,0.3676998157035279,0.2358172265130848,0,,0.5803328656351513,0.16027756796602471,0.0495928941524796
763,763,bj920799,2025-04-22,63.51327969114429,0.9477058361309318,0.257285886511155,traded,completed,RANGE,0.7749999999999999,4.793333429663892,3.0,1.0,4.0,swing_low,1.0,56.76226974518368,deep_pullback,57.90683610019174,6.0,pullback,bullish_candle,0.8162499999999999,56.76226974518368,swing_low,53.274289212176406,"形态止损: washout, 支撑 56.76 下方 0.75xATR=3.60 (被硬性止损 8% 截断)",69.48820332023008,"[63.056, 69.4882]",9.0,59.5313179887363,initial_stop,,0.0280533698255218,0.0280533698255218,3.0,2025-04,-0.1169681846537742,0.1040922377395257,,,763,0.0,Smooth,-0.0975454667334269,0.09435001373290994,0.030938218473859358,0.0789029091991571,0.028259018065924735,0.026913318692652493,0.12096774193548387,2.5411375655451303e-33,1.5219604350726053,0.40441176470588236,0.7665455211292613,0.024,0.624,0.06374162170169373,1.842099464557213,0.46941847945876375,0.29145832648950126,0.239123194051735,0,,0.6151476427035144,0.15826880658822096,0.0280533698255218
764,764,bj920792,2025-04-22,12.459698811926662,0.943276178308924,0.257285886511155,traded,completed,UP,0.85,0.8519665942340021,5.0,1.0,6.0,ma60_washed,0.9,10.680981819335502,deep_pullback,12.449872551033977,2.0,pullback,bullish_candle,0.8575000000000002,12.336379237723444,poc,11.697404292047944,"形态止损: washout, 支撑 12.34 下方 0.75xATR=0.64",14.93984706124077,"[13.1672, 14.9398]",3.0,12.086300898004572,dynamic_stop,D4,-0.0292028413575372,-0.0292028413575372,1.0,2025-04,0.0283911671924288,0.2006344171292624,,,764,1.0,Pullback,0.0688524726000374,0.02035000085830685,0.10304405508592018,0.1531426866009289,0.019631115096507206,0.030559776627221168,0.11290322580645161,1.4036659212040185e-33,1.7274033866649157,0.3234624300837973,0.8685445095002523,0.016,0.52,0.1579429990017509,2.457253875068632,0.4354058101844066,0.3427110460378963,0.22188314377769702,0,,0.6067613332033548,0.15611112751391545,-0.0292028413575372
765,765,sh600865,2025-04-22,12.739657394212117,0.8888176707881121,0.224008461990219,traded,completed,RANGE,0.7999999999999999,0.6738309765147213,4.0,0.0,5.0,swing_low,1.0,8.627137763234737,deep_pullback,8.993276235944965,7.0,pullback,bullish_candle,0.7000000000000001,8.936088893540699,ma_ma20,8.430715661154657,"形态止损: washout, 支撑 8.94 下方 0.75xATR=0.51",10.791931483133958,"[9.8926, 10.7919]",11.0,9.071734480097156,dynamic_stop,D2,0.0087241003271536,0.0087241003271536,4.0,2025-04,-0.2871439568899153,0.0466988727858292,,,765,0.0,Smooth,-0.18342150755892,0.08845000505447383,0.1464438974096276,0.3164449692156872,0.0370398804783926,0.014929578944465274,0.06451612903225806,3.719090711087384e-33,1.3079848259023197,0.3719806648292439,1.0,0.136,0.536,0.34125267487101185,1.230119342153129,0.4165088616971229,0.32397452613633554,0.25951661216654154,0,,0.5784961247652907,0.12958802717597462,0.0087241003271536
771,771,bj920026,2025-04-23,18.83511628661221,1.6024683303825924,0.2741848243710294,traded,completed,RANGE,0.325,1.7956329501499229,1.0,0.0,2.0,ma60_washed,0.9,18.894284191177483,deep_pullback,19.173218598413776,5.0,pullback,bullish_candle,0.62875,18.629883487483216,ma_ma20,17.639361110540673,"形态止损: washout, 支撑 18.63 下方 0.75xATR=1.35 (被硬性止损 8% 截断)",23.00786231809653,"[21.0905, 23.0079]",9.0,23.13887696391964,initial_stop,,0.2068332108743571,0.2068332108743571,4.0,2025-04,0.0976065818997757,0.3284403669724771,,,771,0.0,Smooth,0.1202289895726271,-0.011524996757507289,0.012804072367793573,0.017271843839465673,0.017407306957610873,0.02900135069563114,0.11290322580645161,9.632477323132094e-34,0.879504265022093,0.46962752379376327,0.5332519267536289,0.032,0.688,0.032588125435459414,1.3347930631489864,0.46158977075733076,0.2881845460937804,0.25022568314888877,0,,0.605682043804221,0.16606882480514648,0.2068332108743571
772,772,bj920163,2025-04-23,19.70011322333207,1.5934976123885187,0.2449707498188675,traded,completed,UP,0.8166666666666667,2.2063146248917214,4.0,0.0,5.0,ma60_washed,0.9,14.537862720768096,shallow_pullback,20.16306588408037,1.0,pullback,long_lower_shadow,0.8525,18.956433949151283,poc,18.550020613353944,"形态止损: washout, 支撑 18.96 下方 0.75xATR=1.65 (被硬性止损 8% 截断)",24.195679060896445,"[22.1794, 24.1957]",2.0,18.550020613353944,dynamic_stop,D4,-0.0799999999999998,-0.0799999999999998,1.0,2025-04,-0.0865,0.0841584158415842,,"{'structure_strength': np.float64(0.8166666666666667), 'trend': 'UP', 'atr_ratio': 0.1094235686961527, 'n_supports': 4, 'n_resistances': 0, 'top_support_source': 'ma60_washed', 'top_support_dist': -0.2789855072463768, 'v2_pattern': '', 'fine_score': 1.5934976123885187, 'operable_score': 0.24497074981886754, 'entry_day': 1}",772,0.0,Smooth,-0.0587325810721441,0.18329998731613156,0.107486555503012,0.3212401915141301,0.07231112543697653,0.03418624592132068,0.12903225806451613,1.3632281878315355e-33,4.0086705731551,0.5564853326084876,0.721804581365633,0.056,0.528,0.3979239466832032,1.5052063943064269,0.42976309421167974,0.3136164237224183,0.256620482065902,0,,0.5865713060728889,0.143692812670908,-0.0799999999999998
774,774,bj920779,2025-04-23,46.21517792954708,1.4023367730714826,0.236633622471284,traded,completed,UP,0.75,4.21040355295402,3.0,0.0,4.0,ma60_washed,0.9,35.99597777563027,deep_pullback,42.333102983465125,5.0,pullback,bullish_candle,0.8425,41.93925836976025,poc,38.94645474478792,"形态止损: washout, 支撑 41.94 下方 0.75xATR=3.16 (被硬性止损 8% 截断)",50.79972358015815,"[46.5664, 50.7997]",7.0,44.29846423436376,initial_stop,,0.0464261089404736,0.0464261089404736,2.0,2025-04,-0.0290526315789474,0.1240816326530611,,,774,1.0,Pullback,-0.0006501103575764,0.0573250389099119,-0.21868148808952637,-0.16631929851783023,0.066118564201047,0.032863561902942845,0.12903225806451613,9.078181471610466e-34,1.1042858021275288,0.43202796349158656,0.27160892053821195,0.04,0.536,-0.23676008832985418,1.4541022452376091,0.3810904929495171,0.37076410113809094,0.2481454059123919,0,,0.5664725435185626,0.13404645000331952,0.0464261089404736
775,775,bj920720,2025-04-23,15.23844030188889,1.2918109749921585,0.2701513546673417,traded,completed,RANGE,0.575,1.213232720619262,4.0,1.0,5.0,ma60_washed,0.9,14.018420058184171,deep_pullback,14.884057969286822,5.0,pullback,bullish_candle,0.7662500000000001,14.018420058184171,ma60_washed,13.693333331743876,"形态止损: washout, 支撑 14.02 下方 0.75xATR=0.91 (被硬性止损 8% 截断)",18.929686678272024,"[17.2088, 18.9297]",12.0,14.891145615938864,dynamic_stop,D2,0.0004761904761905,0.0004761904761905,7.0,2025-04,-0.0604651162790698,0.0333033303330334,,,775,0.0,Smooth,-0.0141531972385612,0.09275001525878909,0.11866279450155659,0.22620160635047215,0.056261655894010915,0.027785509514466372,0.08870967741935484,1.597618223332933e-33,2.504621882868979,0.4532553888969379,0.839779007465532,0.016,0.584,0.2148714161348546,2.1523882417040707,0.4500908046657915,0.31041006976824714,0.23949912556596134,0,,0.6052958395499151,0.16352149102891544,0.0004761904761905
776,776,bj920792,2025-04-23,11.624466636048298,1.2363244109865257,0.2761821317677869,traded,completed,UP,0.8833333333333334,0.9283454255947436,4.0,3.0,5.0,ma60_washed,0.9,10.72798410060552,deep_pullback,11.17245863498471,4.0,pullback,long_lower_shadow,0.9625,10.72798410060552,ma60_washed,10.278661944185934,"形态止损: washout, 支撑 10.73 下方 0.75xATR=0.70 (被硬性止损 8% 截断)",13.1671895962001,"[12.3364, 13.1672]",7.0,12.096127158897255,initial_stop,,0.0826737027264734,0.0826737027264734,3.0,2025-04,0.0938292476754014,0.2409836065573771,,,776,1.0,Pullback,0.0007733391315942,0.049900000095367415,0.0241772892732115,0.08939917893428473,0.02564772896051277,0.03161365639344014,0.10483870967741936,1.5921018110426738e-33,2.837478602356258,0.3448529707725477,0.7014924492997103,0.024,0.48,0.11926607671846434,1.4754604492707335,0.41178143279245516,0.33661462468721026,0.2516039425203346,0,,0.5800887451360603,0.16021014624617758,0.0826737027264734
779,779,bj920221,2025-04-23,16.360153256704983,1.1361417449299247,0.257285886511155,traded,completed,UP,0.8333333333333334,1.0698895439543217,3.0,0.0,4.0,ma60_washed,0.9,14.91923275862069,deep_pullback,15.779367816091954,4.0,pullback,bullish_candle,0.955,14.91923275862069,ma60_washed,14.517018390804598,"形态止损: washout, 支撑 14.92 下方 0.75xATR=0.80 (被硬性止损 8% 截断)",18.935241379310344,"[17.3573, 18.9352]",12.0,17.431743295019157,dynamic_stop,D2,0.1047174701918092,0.1047174701918092,8.0,2025-04,0.0514999999999998,0.133200795228628,,,779,1.0,Pullback,0.0896373843509252,0.06755001068115227,0.021553184717540974,0.10342310405065924,0.015601427541178877,0.026885935342614065,0.12903225806451613,1.145435615231963e-33,1.7035763541214033,0.3334951801949069,0.9301310795342072,0.008,0.48,0.06118153010411942,1.1704963846870426,0.4057101840828581,0.36746134481220183,0.22682847110494,0,,0.589440856488959,0.15165481330765634,0.1047174701918092
780,780,bj920579,2025-04-23,29.967882235579047,1.127335453012523,0.2769419411029528,traded,completed,UP,0.7749999999999999,2.0928873115341657,3.0,1.0,4.0,ma60_washed,0.9,26.88618501235367,deep_pullback,27.240804952141357,4.0,pullback,bullish_candle,0.94625,26.88618501235367,ma60_washed,25.316519528703047,"形态止损: washout, 支撑 26.89 下方 0.75xATR=1.57",33.40419939859211,"[30.3675, 33.4042]",13.0,29.720582106094074,initial_stop,,0.0910317135748879,0.0910317135748879,9.0,2025-04,0.0243333333333335,0.1098827470686767,,,780,0.0,Smooth,0.0670139012605324,0.031449999809265175,0.013049169771738534,0.05678681384422779,0.014113456417542112,0.030437642498369243,0.11290322580645161,1.8968001036287586e-33,1.0914445314417267,0.3452072583264757,0.9033772238236079,0.016,0.584,0.04261268796594897,1.2349779433808727,0.5050179336206615,0.28158382259651865,0.2133982437828199,0,,0.6458098449189208,0.17885183203524282,0.0910317135748879
781,781,bj920950,2025-04-23,18.29922935998129,1.1231440586415635,0.257285886511155,traded,completed,UP,0.7749999999999999,1.0979017772711424,4.0,1.0,5.0,ma60_washed,0.9,16.408069369526654,deep_pullback,16.79759028548261,4.0,pullback,bullish_candle,0.94625,16.408069369526654,ma60_washed,15.584643036573295,"形态止损: washout, 支撑 16.41 下方 0.75xATR=0.82",20.647537274356893,"[18.7705, 20.6475]",7.0,18.155455406039927,initial_stop,,0.080836899667142,0.080836899667142,3.0,2025-04,-0.0084228584805108,0.1085807406494345,,,781,1.0,Pullback,-0.1465319461176213,0.05347500324249257,0.025061981863448768,0.09654142178572078,0.016263382058145915,0.025771712617361688,0.11290322580645161,3.6634612852331802e-34,1.190940697327903,0.353061208919603,0.8439305848548574,0.008,0.448,0.030262586824897575,1.6057785340139459,0.41533141735179857,0.3625473232642819,0.2221212593839194,0,,0.5966050789839396,0.15349806664344054,0.080836899667142
782,782,bj920876,2025-04-23,26.929133858267715,1.080858600282919,0.2213658522930517,traded,completed,RANGE,0.35,2.026660481875484,1.0,2.0,1.0,ma_ma20,0.4,25.408635170603677,deep_pullback,26.38057742782152,2.0,pullback,bullish_candle,0.6325000000000001,25.408635170603677,ma_ma20,24.2701312335958,"形态止损: pit_rebound, 支撑 25.41 下方 1.25xATR=2.53 (被硬性止损 8% 截断)",35.18740157480315,"[28.3485, 35.1874]",3.0,25.11391076115485,dynamic_stop,D4,-0.0480151228733458,-0.0480151228733458,1.0,2025-04,0.1585185185185185,0.6948964497041421,,,782,0.0,Smooth,0.2363637007871997,0.03725001335144036,0.016617816046609724,0.07185331350430357,0.01015329073635058,0.03133699611853444,0.12096774193548387,9.557976565466712e-34,1.2533612955842945,0.38140353821871575,0.8656854671801827,0.016,0.656,0.052140082210434535,1.202498698594482,0.4734172912615843,0.31166623200386395,0.2149164767345517,0,,0.6292504072635163,0.13929455270963817,-0.0480151228733458
784,784,bj920245,2025-04-23,24.44162120740005,1.015879760190451,0.2329986342940894,traded,completed,RANGE,0.375,1.5835077165228182,1.0,2.0,1.0,ma_ma20,0.4,23.661778529596795,deep_pullback,24.638844663828635,6.0,pullback,bullish_candle,0.6362500000000001,23.661778529596795,ma_ma20,22.667737090722344,"形态止损: pit_rebound, 支撑 23.66 下方 1.25xATR=1.98 (被硬性止损 8% 截断)",33.809735387758,"[27.4293, 33.8097]",11.0,24.892417679236825,initial_stop,,0.0102915951972557,0.0102915951972557,5.0,2025-04,-0.0605187319884726,0.081451843383824,,,784,0.0,Smooth,-0.0115221671737314,0.043000001907348914,0.013894366395566404,0.07260554014999077,0.010770890595613558,0.02440503613101743,0.08064516129032258,7.996953431183271e-34,0.803942053860433,0.3257639340727879,0.9414805031855351,0.008,0.624,0.018335304334233138,1.3453385159830598,0.48329554124410895,0.30192557175113427,0.21477888700475672,0,,0.6342583271196761,0.14778132400853833,0.0102915951972557
786,786,bj920533,2025-04-23,41.33841134395783,0.9408581164674988,0.257285886511155,traded,completed,RANGE,0.475,3.5531611420917506,2.0,2.0,3.0,ma60_washed,0.9,39.21199083950307,deep_pullback,38.04420880913539,4.0,pullback,bullish_candle,0.6512500000000001,36.60510195758563,ma_ma20,35.00067210440456,"形态止损: washout, 支撑 36.61 下方 0.75xATR=2.66 (被硬性止损 8% 截断)",51.40488141548499,"[41.6755, 51.4049]",5.0,42.09684402057974,initial_stop,,0.1065243656866694,0.1065243656866694,1.0,2025-04,-0.0836609640167829,0.0844727477055629,,,786,1.0,Pullback,-0.2812144113904108,0.05394997596740723,0.05220629483841965,0.10934879981155166,0.034990580128089255,0.03362093669538089,0.12096774193548387,1.8805980622706043e-33,1.169058264354621,0.42105263157894735,0.8495833079020182,0.016,0.616,0.10105171255041645,1.7801532372334608,0.37385053479117114,0.39917453506750256,0.22697493014132633,1,,0.5734378023249225,0.14753745333017615,0.1065243656866694
787,787,bj920799,2025-04-23,60.08601912141004,0.93807223792576,0.257285886511155,traded,completed,RANGE,0.7749999999999999,4.7538278157893785,3.0,1.0,4.0,swing_low,1.0,56.82665469808331,deep_pullback,57.90683610019174,5.0,pullback,bullish_candle,0.8162499999999999,56.82665469808331,swing_low,53.274289212176406,"形态止损: washout, 支撑 56.83 下方 0.75xATR=3.57 (被硬性止损 8% 截断)",69.48820332023008,"[63.056, 69.4882]",8.0,59.5313179887363,initial_stop,,0.0280533698255218,0.0280533698255218,3.0,2025-04,-0.0720408836135838,0.0836786738922537,,,787,0.0,Smooth,-0.0244367388001448,0.17122501373291002,0.02774958851529563,0.0770969839325446,0.02858581381079399,0.027663649600214318,0.12903225806451613,2.6113144982749844e-33,1.8149383006867559,0.40441176470588236,0.808727333762429,0.016,0.584,0.06610031104854341,1.1799882189674624,0.46131599477327034,0.31348273430046986,0.22520127092625986,0,,0.6180573619235052,0.15901743627723483,0.0280533698255218
788,788,bj920706,2025-04-23,19.06018490280199,0.93355866124645,0.2622305247285537,traded,completed,UP,0.625,1.576054252169956,2.0,2.0,3.0,ma60_washed,0.9,17.555433463107097,deep_pullback,18.588106019760453,2.0,pullback,bullish_candle,0.92375,17.555433463107097,ma60_washed,17.101057538179617,"形态止损: washout, 支撑 17.56 下方 0.75xATR=1.18 (被硬性止损 8% 截断)",22.118862665841935,"[21.4851, 22.1189]",3.0,17.101057538179617,initial_stop,,-0.0799999999999999,-0.0799999999999999,1.0,2025-04,0.0257997936016511,0.2354456465739309,,,788,0.0,Smooth,0.0917078616285007,-0.00477499485015862,0.004164600647804884,0.01901352223673225,0.018385214939659646,0.03510733487269758,0.12903225806451613,1.8902955764356052e-33,0.8998989204333037,0.4353680639136413,0.7041236480930251,0.016,0.632,0.0005154757256946585,1.5558256784272695,0.47984627967171944,0.26234044870675693,0.2578132716215236,0,,0.6110165040250979,0.16022717846830786,-0.0799999999999999
789,789,bj920261,2025-04-23,13.865914640402176,0.9207681159044188,0.2545118522553845,traded,completed,UP,0.9166666666666666,1.3420608581426057,4.0,0.0,5.0,ma60_washed,0.9,11.092096389772353,deep_pullback,13.2941243459526,2.0,pullback,long_lower_shadow,0.8675,12.847842021134708,poc,12.230594398276391,"形态止损: washout, 支撑 12.85 下方 0.75xATR=1.01 (被硬性止损 8% 截断)",15.95294921514312,"[14.6235, 15.9529]",9.0,14.313817037721009,initial_stop,,0.0767025089605735,0.0767025089605735,7.0,2025-04,0.0598348055993933,0.2642026009582479,,,789,1.0,Pullback,0.088552880621606,0.10999999999999996,-0.007843557595149764,0.14816364818485184,0.03383619295660268,0.03126614879884435,0.12096774193548387,2.816202498739366e-33,1.888526148173363,0.4259259411882028,0.7695650761730021,0.056,0.52,-0.06286083940467235,0.7122762024581438,0.3979112143146313,0.3735083615670255,0.2285804241183432,0,,0.584665395098144,0.1488042726560548,0.0767025089605735
790,790,bj920961,2025-04-23,20.06991899921228,0.9154908857738268,0.2377563712355002,traded,completed,RANGE,0.7000000000000001,1.8155614378056224,4.0,1.0,5.0,ma60_washed,0.9,18.590820750386957,shallow_pullback,19.263138136216643,1.0,pullback,long_lower_shadow,0.785,18.590820750386957,ma60_washed,17.722087085319313,"形态止损: washout, 支撑 18.59 下方 0.75xATR=1.36 (被硬性止损 8% 截断)",26.01569475433871,"[23.6506, 26.0157]",8.0,26.01569475433871,initial_tp,,0.3505429162357809,0.3505429162357809,7.0,2025-04,0.0302729528535983,0.3159434422233056,,"{'structure_strength': np.float64(0.7000000000000001), 'trend': 'RANGE', 'atr_ratio': 0.09425055382810049, 'n_supports': 4, 'n_resistances': 1, 'top_support_source': 'ma60_washed', 'top_support_dist': -0.03490175801447767, 'v2_pattern': '', 'fine_score': 0.9154908857738268, 'operable_score': 0.23775637123550025, 'entry_day': 1}",790,0.0,Smooth,0.0411233537042114,0.16704998970031734,-0.043755961409335464,0.08494601440331984,0.04038769413808351,0.030617067270435706,0.11290322580645161,3.0223838123025413e-33,5.026864217657321,0.45561635123330907,0.698984306114813,0.048,0.624,0.09679141134205338,0.6259583345692562,0.4430920247906286,0.3201854413880455,0.23672253382132588,0,,0.6031847454846513,0.14341101627103944,0.3505429162357809
791,791,bj920792,2025-04-24,12.449872551033977,1.1769187074062135,0.2627166078797206,traded,completed,UP,0.85,1.0089522620833264,5.0,2.0,6.0,ma60_washed,0.9,10.78857937611042,deep_pullback,11.17245863498471,3.0,pullback,long_lower_shadow,0.9575,10.78857937611042,ma60_washed,10.278661944185934,"形态止损: washout, 支撑 10.79 下方 0.75xATR=0.76 (被硬性止损 8% 截断)",13.43249864030264,"[13.1672, 13.4325]",6.0,12.096127158897255,initial_stop,,0.0826737027264734,0.0826737027264734,3.0,2025-04,0.0418310970797157,0.1709203402938901,,,791,1.0,Pullback,0.0864197714980568,0.07619999885559085,0.04312051654826532,0.12786220993987252,0.029027526418374194,0.03232257206752943,0.11290322580645161,1.819356532901446e-33,4.041821830145703,0.3448529707725477,0.8571428571428571,0.032,0.44,0.16068221783547276,1.2630157143464134,0.38208663166373913,0.3225178032906626,0.2953955650455983,0,,0.5433455333090704,0.14274589541755672,0.0826737027264734
792,792,bj920346,2025-04-24,27.55779219819353,1.0670062240650908,0.2496822514226694,traded,completed,RANGE,0.525,2.6067295689178467,2.0,3.0,3.0,ma60_washed,0.9,27.15989982218975,deep_pullback,27.96276333802362,1.0,pullback,bullish_candle,0.75875,27.15989982218975,ma60_washed,25.725742270981733,"形态止损: washout, 支撑 27.16 下方 0.75xATR=1.96 (被硬性止损 8% 截断)",32.20014428892865,"[29.632, 32.2001]",2.0,25.725742270981733,dynamic_stop,D4,-0.0799999999999999,-0.0799999999999999,1.0,2025-04,0.0143369175627241,0.3450502152080343,,,792,0.0,Smooth,-0.0007062308608473,0.05587500095367428,0.004286560111164794,0.04183401439509549,0.026086758943073673,0.03070934572227789,0.1532258064516129,8.945625000312967e-34,1.7313443375408244,0.4431715305113696,0.6401360938768524,0.032,0.56,0.04068675655055687,1.1878007994126765,0.4803536545568646,0.2805401409624366,0.23910620448069872,0,,0.6206237250380828,0.15495872895383223,-0.0799999999999999
794,794,bj920252,2025-04-24,16.64769562268928,0.9987818480075266,0.2627166078797206,traded,completed,RANGE,0.35,1.0967149314584856,1.0,2.0,1.0,ma_ma20,0.4,16.35845186800081,deep_pullback,16.856787493548413,4.0,pullback,bullish_candle,0.6325000000000001,16.35845186800081,ma_ma20,15.508244494064542,"形态止损: pit_rebound, 支撑 16.36 下方 1.25xATR=1.37 (被硬性止损 8% 截断)",21.810721535767875,"[18.2124, 21.8107]",12.0,18.33038734531756,initial_stop,,0.0874187832250443,0.0874187832250443,8.0,2025-04,0.0490118490222155,0.2211819777647747,,,794,0.0,Smooth,0.0367081623231664,0.025550003051757742,-0.006337573081691583,0.028722780321600805,0.013974491224723523,0.025475589372190834,0.11290322580645161,1.1906032309388357e-33,0.9755159267342598,0.3273223533973216,0.7979967740646388,0.008,0.576,0.004703111265702331,1.5502927578711865,0.4530129672544666,0.30467262025017494,0.24231441249535832,0,,0.6053492773795541,0.15903530873559654,0.0874187832250443
795,795,bj920720,2025-04-24,14.331221530427596,0.9916514799913122,0.2652808463436953,traded,completed,RANGE,0.5916666666666666,1.23196709260868,3.0,2.0,4.0,ma60_washed,0.9,14.053503909111775,deep_pullback,14.884057969286822,4.0,pullback,bullish_candle,0.76875,14.053503909111775,ma60_washed,13.693333331743876,"形态止损: washout, 支撑 14.05 下方 0.75xATR=0.92 (被硬性止损 8% 截断)",18.929686678272024,"[17.2088, 18.9297]",11.0,14.891145615938864,dynamic_stop,D2,0.0004761904761905,0.0004761904761905,7.0,2025-04,0.0311572700296738,0.1205466081015129,,,795,0.0,Smooth,0.0556962218465684,0.11105000495910637,0.006385050920985513,0.10037053686271324,0.05831906433712675,0.027553060199444656,0.08870967741935484,1.5288823104438907e-33,2.383651776980763,0.4532553888969379,0.680478846429789,0.032,0.544,0.09047359088662987,1.2760872479365748,0.5216454025588713,0.2625415609701743,0.21581303647095437,0,,0.6529161830439584,0.17320615762939637,0.0004761904761905
797,797,bj920263,2025-04-24,13.75,0.9474518548043712,0.2846902744182267,traded,completed,UP,0.65,0.9561711296223308,2.0,1.0,3.0,ma60_washed,0.9,11.608166666666667,deep_pullback,13.6,3.0,pullback,bullish_candle,0.8275000000000001,12.5615,ma_ma20,12.512,"形态止损: washout, 支撑 12.56 下方 0.75xATR=0.72 (被硬性止损 8% 截断)",19.16783,"[17.4253, 19.1678]",6.0,14.13,initial_stop,,0.0389705882352942,0.0389705882352942,3.0,2025-04,0.1760000000000001,0.4248895434462445,,,797,2.0,Failure,0.248648672930871,0.032825000286102315,0.016923762736656522,0.04823043442280439,0.011781136393094903,0.02935400580499464,0.10483870967741936,1.7945796588140174e-33,1.810319830914077,0.38523489383044385,0.7700348872022551,0.016,0.48,0.06010924893571512,1.7351125863172487,0.45863711708139066,0.28532148280966035,0.25604140010894894,0,,0.6012978584862209,0.17118365233953425,0.0389705882352942
798,798,bj920469,2025-04-24,14.947771587743732,0.938331874652901,0.2701513546673417,traded,completed,RANGE,0.55,1.1172217858018767,2.0,1.0,3.0,ma60_washed,0.9,13.935973537604458,deep_pullback,14.050905292479108,2.0,pullback,bullish_candle,0.7625000000000001,13.935973537604458,ma60_washed,13.09805719825305,"形态止损: washout, 支撑 13.94 下方 0.75xATR=0.84",17.166020891364905,"[15.6055, 17.166]",9.0,15.28658774373259,initial_stop,,0.0879432624113474,0.0879432624113474,7.0,2025-04,-0.0426666666666667,0.2102161100196464,,,798,0.0,Smooth,0.0249821143524238,0.05542500257492069,0.09141594413675636,0.16353203515186165,0.02311373338411332,0.02905935899915323,0.13709677419354838,2.2937661279986128e-33,2.8076357821270643,0.3848987173344611,0.8373205130311144,0.024,0.48,0.15332331735184512,2.064663710426856,0.47083168127429403,0.2773696690533178,0.25179864967238824,0,,0.6095165158009529,0.1646617124357456,0.0879432624113474
808,808,bj920856,2025-04-25,23.717298246446617,1.466290617746694,0.2213658522930517,traded,completed,UP,0.725,2.005712802613333,3.0,0.0,4.0,ma60_washed,0.9,17.687776499062707,deep_pullback,23.904610492845784,3.0,pullback,bullish_candle,0.8387500000000001,22.499322663313,poc,21.992241653418123,"形态止损: washout, 支撑 22.50 下方 0.75xATR=1.50 (被硬性止损 8% 截断)",28.68553259141494,"[26.2951, 28.6855]",9.0,23.88677123128396,dynamic_stop,D4,-0.0007462686567164,-0.0007462686567164,6.0,2025-04,0.0165475742760436,0.1567018366549435,,,808,0.0,Smooth,0.1271893745884844,0.026274995803832902,0.05109669961466645,0.06171559908059976,0.022779405377104257,0.03281017935281289,0.0967741935483871,2.1249594543122467e-33,1.2023164875583998,0.4568452069455592,0.8949512103898944,0.024,0.592,0.05049259078071011,1.3991270423732087,0.4711673403161467,0.2902768056881066,0.23855585399574677,0,,0.6163057431602,0.1364290461077603,-0.0007462686567164
810,810,bj920953,2025-04-25,35.582552696698166,1.1217620715239975,0.2839175542426269,traded,completed,RANGE,0.5,2.454734877014729,1.0,3.0,1.0,swing_low,1.0,34.11939812980994,deep_pullback,35.51138759130477,2.0,pullback,bullish_candle,0.7749999999999999,34.11939812980994,swing_low,32.67047658400039,"形态止损: washout, 支撑 34.12 下方 0.75xATR=1.84 (被硬性止损 8% 截断)",36.83505855162194,"[35.7046, 36.8351]",3.0,36.83505855162194,initial_tp,,0.0372745490981965,0.0372745490981965,1.0,2025-04,0.02,0.2296747967479675,,,810,0.0,Smooth,0.0669456237241612,0.004649972915649414,-0.022072911068158674,-0.01436711920096545,0.018691674620456147,0.030285476509934225,0.08870967741935484,9.555024798056377e-34,1.0310627117998705,0.380478823898608,0.7531462482193617,0.016,0.632,-0.08362819852142644,0.93377845399353,0.4814282986107548,0.28519927358481223,0.2333724278044329,0,,0.6240279354031609,0.1771724851987414,0.0372745490981965
811,811,bj920706,2025-04-25,18.588106019760453,1.0886210553034985,0.2749412260822217,traded,completed,UP,0.525,1.5127609043864143,1.0,2.0,2.0,ma60_washed,0.9,17.7204971558928,deep_pullback,18.283221741129463,2.0,pullback,bullish_candle,0.90875,17.7204971558928,ma60_washed,16.820564001839106,"形态止损: washout, 支撑 17.72 下方 0.75xATR=1.13 (被硬性止损 8% 截断)",22.118862665841935,"[21.4851, 22.1189]",9.0,22.118862665841935,initial_tp,,0.2097902097902098,0.2097902097902098,7.0,2025-04,0.082010582010582,0.2522193211488253,,,811,0.0,Smooth,0.1619318363464563,-0.005025000572204519,0.0064909148819931595,-0.013827047243606394,0.021726267761761984,0.03431479296836571,0.12096774193548387,1.8239823329723263e-33,1.2252273242873697,0.4353680639136413,0.6773195028938606,0.056,0.624,-0.014410740208322115,0.8814868935974297,0.4681191872723824,0.3047108051481027,0.22717000757951492,0,,0.6204745898464338,0.17059404448524212,0.2097902097902098
813,813,bj920198,2025-04-25,12.23,0.956324246572912,0.2445011010309326,traded,completed,RANGE,0.3999999999999999,0.721703316430734,1.0,5.0,1.0,ma_ma20,0.4,12.4605,deep_pullback,12.6,6.0,pullback,bullish_candle,0.64,12.4605,ma_ma20,11.592,"形态止损: pit_rebound, 支撑 12.46 下方 1.25xATR=0.90 (被硬性止损 8% 截断)",13.766666666666667,"[13.4, 13.7667]",12.0,13.766666666666667,initial_tp,,0.0925925925925927,0.0925925925925927,6.0,2025-04,0.0932134096484054,0.3157894736842106,,,813,1.0,Pullback,0.2045044527997386,0.0023500037193298516,0.0016668616627555366,0.01479251607433718,0.012345619581797978,0.02465397749652707,0.12096774193548387,1.490634929053062e-33,0.7942169969307445,0.3291044755936943,0.8911565626202905,0.008,0.52,-0.01674279005179813,0.8224414747008068,0.4166702647339021,0.353822692538059,0.22950704272803898,0,,0.5935816110029316,0.1451313574419315,0.0925925925925927
814,814,bj920110,2025-04-25,37.31634652858038,0.9291079113136912,0.257285886511155,traded,completed,RANGE,0.4999999999999999,2.345982153631144,2.0,1.0,3.0,ma60_washed,0.9,34.73944548774564,deep_pullback,36.1681512507779,2.0,pullback,bullish_candle,0.755,34.73944548774564,ma60_washed,33.27469915071567,"形态止损: washout, 支撑 34.74 下方 0.75xATR=1.76 (被硬性止损 8% 截断)",43.40178150093348,"[39.23, 43.4018]",5.0,38.03396857720693,initial_stop,,0.0515873015873016,0.0515873015873016,3.0,2025-04,-0.0141025641025641,0.0650000000000001,,,814,0.0,Smooth,0.0389084708649778,0.05635003089904807,0.027564409201055184,0.06759191335357673,0.016090830549576544,0.024456941890226812,0.08064516129032258,4.016312484909152e-34,0.9932083102810157,0.36405869783588224,0.9395566522844822,0.032,0.448,0.028013368205150213,1.4051977487946832,0.45688712048853697,0.3096140073835899,0.23349887212787315,0,,0.611694124180332,0.15738026501340127,0.0515873015873016
815,815,bj920392,2025-04-25,17.857424626655398,0.9203069639044096,0.2377563712355002,traded,completed,RANGE,0.65,1.547968883743426,3.0,1.0,4.0,ma60_washed,0.9,16.574960082652392,deep_pullback,18.516539870386023,4.0,pullback,bullish_candle,0.6775000000000001,17.31725669202592,poc,17.035216680755145,"形态止损: washout, 支撑 17.32 下方 0.75xATR=1.16 (被硬性止损 8% 截断)",23.099690053536207,"[20.9997, 23.0997]",10.0,18.24829529444914,initial_stop,,-0.0144867549668875,-0.0144867549668875,6.0,2025-04,0.176824034334764,0.7741525423728814,,,815,1.0,Pullback,0.2407239639364395,0.04622499465942376,0.018998287676944114,0.03670189843700267,0.01774702273755373,0.0327966068064859,0.11290322580645161,6.247656865535328e-34,1.2201388555229904,0.4449760809215646,0.7047146691673074,0.08,0.528,0.010706637940717023,0.9319249057383908,0.43491497387800654,0.3280061545384597,0.23707887158353366,0,,0.5989180511472364,0.14239658250820464,-0.0144867549668875
818,818,bj920208,2025-04-25,26.449532495401595,0.8245660630692118,0.2839175542426269,traded,completed,RANGE,0.5499999999999999,1.4914336607159306,2.0,3.0,2.0,swing_low,0.6,25.462454015941145,deep_pullback,25.44160024524832,3.0,pullback,bullish_candle,0.6625000000000001,24.927902360515027,ma_ma20,23.80932711497808,"形态止损: washout, 支撑 24.93 下方 0.75xATR=1.12",27.71368807480074,"[25.7848, 27.7137]",6.0,25.6640404659718,dynamic_stop,D2,0.0087431693989072,0.0087431693989072,3.0,2025-04,0.0065703022339027,0.0426681069403185,,,818,0.0,Smooth,0.0758427213108501,-0.03557498931884773,-0.004797316198442481,-0.00662609688408744,0.011900994354237835,0.02279499168772329,0.04838709677419355,6.028830850180704e-34,0.8461853938618676,0.29806968091190106,0.759461668867577,0.096,0.512,-0.05124263547404673,0.9617688126752599,0.4446311814858631,0.3173816064014745,0.2379872121126624,0,,0.6033219846866004,0.17129370231302715,0.0087431693989072
825,825,bj920163,2025-04-28,15.169087181965692,1.4586961756257355,0.2749412260822217,traded,completed,UP,0.7,2.4314671513496,2.0,2.0,3.0,ma60_washed,0.9,14.75981732975097,deep_pullback,15.65173995593733,1.0,pullback,long_lower_shadow,0.935,14.75981732975097,ma60_washed,14.399600759462343,"形态止损: washout, 支撑 14.76 下方 0.75xATR=1.82 (被硬性止损 8% 截断)",18.956433949151283,"[17.6612, 18.9564]",8.0,18.956433949151283,initial_tp,,0.2111390811831339,0.2111390811831339,7.0,2025-04,0.1441558441558443,0.3485530546623792,,,825,1.0,Pullback,0.1353092989387916,0.08862501382827759,-0.17199147098286194,-0.0625188243162157,0.03631078099286284,0.03697371957847785,0.14516129032258066,1.6206828017974802e-33,1.3281974393361762,0.5564853326084876,0.3721804581365633,0.104,0.528,-0.3128590027659506,0.7468455675331231,0.38297440844956576,0.37400477927536696,0.24302081227506728,0,,0.5699767980872492,0.15671011970452722,0.2111390811831339
829,829,bj920146,2025-04-28,8.56,0.9197002261574082,0.257285886511155,traded,completed,RANGE,0.5,0.4957264083616938,2.0,3.0,2.0,swing_low,0.4,8.57,deep_pullback,9.2,1.0,pullback,bullish_candle,0.655,8.57,swing_low,8.464,"形态止损: pit_rebound, 支撑 8.57 下方 1.25xATR=0.62 (被硬性止损 8% 截断)",11.04,"[9.3472, 11.04]",3.0,11.04,initial_tp,,0.1999999999999999,0.1999999999999999,2.0,2025-04,0.1320093457943925,0.4171494785631517,,,829,0.0,Smooth,0.0567065975750256,0.0010999977588653565,0.04107607112677791,0.04760557162555301,0.015333579382851334,0.026733979200505534,0.10483870967741936,2.3186681681223987e-33,1.4337963213472578,0.3265765831073995,0.9137931062832173,0.064,0.528,0.014101043752245523,1.6155089978546815,0.4579890234991732,0.3131404562923092,0.22887052020851775,0,,0.6145592516453278,0.15811742187320016,0.1999999999999999
832,832,bj920926,2025-04-28,15.791404063610516,0.8570740038168303,0.2798085490893736,traded,completed,RANGE,0.3999999999999999,1.1310874065024177,1.0,2.0,1.0,swing_low,0.4,15.335895520157877,deep_pullback,16.08261185019847,1.0,pullback,long_lower_shadow,0.64,15.335895520157877,swing_low,14.796002902182597,"形态止损: pit_rebound, 支撑 15.34 下方 1.25xATR=1.41 (被硬性止损 8% 截断)",18.84908582278405,"[16.4977, 18.8491]",3.0,18.84908582278405,initial_tp,,0.17201646090535,0.17201646090535,2.0,2025-04,0.1482789266169044,0.2564208782104389,,,832,1.0,Pullback,-0.2345883350598376,-0.016824989318847728,0.01646382230729304,0.012322011816261913,0.016501916393370026,0.02965525971592393,0.08870967741935484,6.4229916410792315e-34,0.9888675361890358,0.35019304356804104,0.8059536617309726,0.032,0.624,-0.002067017085790601,1.5122467284561072,0.4556470864356017,0.28625977457422125,0.258093138990177,0,,0.5987769737227123,0.1675429162454781,0.17201646090535
833,833,bj920508,2025-04-28,28.152226093689507,0.8181069019535174,0.257285886511155,traded,completed,RANGE,0.6083333333333333,2.13940184427892,3.0,2.0,4.0,ma60_washed,0.9,29.071578268163638,deep_pullback,28.69074719318622,3.0,pullback,bullish_candle,0.67125,27.762833914053424,swing_low,26.395487417731324,"形态止损: washout, 支撑 27.76 下方 0.75xATR=1.60 (被硬性止损 8% 截断)",36.07262872628726,"[30.1061, 36.0726]",10.0,28.500193573364303,initial_stop,,-0.0066416401963617,-0.0066416401963617,7.0,2025-04,-0.0232489699823424,0.0855153203342617,,,833,0.0,Smooth,0.0506488909905884,0.033725004196167065,0.10001229788681631,0.12027049025744119,0.03578061499029635,0.027980015678032565,0.12903225806451613,4.774599215757597e-34,1.9783106158591186,0.38190554862817505,0.8902865447829688,0.04,0.584,0.1197754207143289,2.3415811707905854,0.45406709843724785,0.3256182314655171,0.22031467009723504,0,,0.6168762141700064,0.1587135436303752,-0.0066416401963617
843,843,bj920706,2025-04-29,18.283221741129463,1.1513626829166066,0.2496822514226694,traded,completed,UP,0.525,1.6409388185166818,1.0,2.0,2.0,ma60_washed,0.9,17.882118606822992,shallow_pullback,19.66011848333394,1.0,pullback,bullish_candle,0.8087500000000001,17.96981381599911,ma_ma20,18.087309004667222,"形态止损: washout, 支撑 17.97 下方 0.75xATR=1.23 (被硬性止损 8% 截断)",22.118862665841935,"[21.4851, 22.1189]",7.0,22.118862665841935,initial_tp,,0.125062531265633,0.125062531265633,6.0,2025-04,0.0995158687466379,0.2823529411764705,,"{'structure_strength': np.float64(0.525), 'trend': 'UP', 'atr_ratio': 0.08346535754134547, 'n_supports': 1, 'n_resistances': 2, 'top_support_source': 'ma60_washed', 'top_support_dist': -0.09043688510922115, 'v2_pattern': '', 'fine_score': 1.1513626829166066, 'operable_score': 0.24968225142266942, 'entry_day': 1}",843,0.0,Smooth,0.0579710588470374,-0.04145000457763679,0.012069092390116332,-0.021889759729243674,0.022270476100871062,0.03436391808720659,0.13709677419354838,1.868395494014731e-33,0.8797374237377904,0.3936265793304196,0.5917902238492077,0.04,0.688,-0.012150002035311247,1.0668781512848269,0.4910449672127832,0.268860026566702,0.24009500622051477,0,,0.6254749804961341,0.156170001338825,0.125062531265633
863,863,bj920533,2025-04-30,41.96660810641234,1.6372764500919967,0.2496822514226694,traded,completed,RANGE,0.525,3.343020593489073,2.0,2.0,3.0,ma60_washed,0.9,40.23549190613628,deep_pullback,41.71379721420504,7.0,pullback,long_lower_shadow,0.75875,40.23549190613628,ma60_washed,38.37669343706864,"形态止损: washout, 支撑 40.24 下方 0.75xATR=2.51 (被硬性止损 8% 截断)",51.40488141548499,"[43.6673, 51.4049]",9.0,40.83278955954322,dynamic_stop,D4,-0.0211202938475666,-0.0211202938475666,2.0,2025-04,-0.1140575405635644,0.0867117117117117,,,863,2.0,Failure,-0.3233848992000104,-0.05007498741149909,0.0380197862230387,0.04440550614276528,0.013170719284104753,0.03322649406786737,0.10483870967741936,1.957942720839938e-33,0.6501840651650918,0.40350877192982454,0.8382608164911685,0.016,0.608,0.005852323040396401,1.3481412051922008,0.4531690956822755,0.2832938472928159,0.26353705702490865,0,,0.5948160193286834,0.14851500288825573,-0.0211202938475666
871,871,bj920346,2025-04-30,27.63681095718477,1.1178997297859112,0.2496822514226694,traded,completed,RANGE,0.525,2.138921524573779,2.0,4.0,2.0,poc,0.4,27.14640078419541,deep_pullback,30.28393938339117,1.0,pullback,bullish_candle,0.6587500000000001,27.14640078419541,poc,27.86122423271988,"形态止损: washout, 支撑 27.15 下方 0.75xATR=1.60 (被硬性止损 8% 截断)",36.34072726006941,"[33.3123, 36.3407]",2.0,27.86122423271988,initial_stop,,-0.0799999999999999,-0.0799999999999999,1.0,2025-04,0.0339528234453181,0.3577118030412742,,,871,0.0,Smooth,0.0017313416157265,-0.028824996948242188,0.014117636381047571,0.01453359936448173,0.018191482806918517,0.030827154893812683,0.13709677419354838,9.536277199246926e-34,0.6274240901462004,0.43322278339280595,0.6137788627529162,0.032,0.6,-0.006832025543246356,0.7562278562917722,0.4757261742745449,0.26738476027212194,0.25688906545333307,0,,0.6094185544106059,0.15216099672398864,-0.0799999999999999
877,877,bj920249,2025-04-30,15.35,1.006304732652106,0.2614964801983833,traded,completed,UP,0.8333333333333334,1.115100345922146,4.0,2.0,5.0,ma60_washed,0.9,14.762333333333334,deep_pullback,16.45,1.0,pullback,bullish_candle,0.955,14.762333333333334,ma60_washed,15.134,"形态止损: washout, 支撑 14.76 下方 0.75xATR=0.84 (被硬性止损 8% 截断)",18.68,"[18.0, 18.68]",12.0,15.4,dynamic_stop,D4,-0.0638297872340425,-0.0638297872340425,11.0,2025-04,-0.0188925081433224,0.1517561298873426,,,877,1.0,Pullback,-0.064596269392019,-0.03395000219345094,0.060622048360387426,0.03460098186193772,0.018397987200942562,0.031707381885230465,0.1532258064516129,4.599274557280627e-33,0.7019907257935761,0.3740413463652688,0.706624560599148,0.032,0.616,0.07097232002629417,1.3183598586886753,0.45676783505368646,0.3021453609286512,0.2410868040176622,0,,0.607840515518012,0.15894815532993092,-0.0638297872340425
878,878,bj920976,2025-04-30,26.81437305600978,0.984276752812977,0.2622305247285537,traded,completed,RANGE,0.7,1.5078480082761727,3.0,0.0,4.0,swing_low,1.0,23.798116883401576,shallow_pullback,26.987555228599724,7.0,pullback,bullish_candle,0.685,25.674706077277136,ma_ma60,24.828550810311743,"形态止损: washout, 支撑 25.67 下方 0.75xATR=1.13 (被硬性止损 8% 截断)",32.38506627431967,"[29.6863, 32.3851]",8.0,26.679675810662044,initial_stop,,-0.0114081996434938,-0.0114081996434938,1.0,2025-04,-0.0208109077861501,0.0498220640569393,,"{'structure_strength': 0.7, 'trend': 'RANGE', 'atr_ratio': 0.05587197489746124, 'n_supports': 3, 'n_resistances': 0, 'top_support_source': 'swing_low', 'top_support_dist': -0.11818181818181815, 'v2_pattern': '', 'fine_score': 0.984276752812977, 'operable_score': 0.26223052472855374, 'entry_day': 7}",878,1.0,Pullback,-0.054400542675702,0.05015000820159905,0.07786728793408293,0.1207125862572076,0.018194800957094144,0.023851157866645333,0.12096774193548387,7.997707570840685e-34,1.4014275259701379,0.3604239975467317,0.9803922668597951,0.032,0.448,0.12489995582097912,1.5725582215470588,0.4397779049849592,0.34923432985852404,0.21098776515651674,0,,0.6143950699142212,0.16111314157424264,-0.0114081996434938
883,883,bj920425,2025-05-06,23.56718968898852,1.0382371832526534,0.2741848243710294,traded,completed,UP,0.8333333333333334,1.8932176097930864,4.0,0.0,5.0,ma60_washed,0.9,18.692872653404315,deep_pullback,22.373914261697955,2.0,pullback,bullish_candle,0.8550000000000001,22.498924068366488,poc,20.58400112076212,"无有效支撑, 使用最大止损 8%",26.848697114037545,"[24.6113, 26.8487]",3.0,26.848697114037545,initial_tp,,0.1999999999999999,0.1999999999999999,1.0,2025-05,-0.0078360458107293,0.2652200120554548,,,883,0.0,Smooth,0.0310052569466794,0.23714999675750725,0.09843908931084777,0.22269992755308388,0.031658911731899116,0.03168562004365831,0.13761467889908258,1.1841430630314847e-33,2.282009886451871,0.3216023299886607,0.842526673180612,0.11818181818181818,0.39090909090909093,0.25824798062996024,0.973706108066043,0.41762616325561003,0.32662404223983704,0.25574979450455293,0,,0.5809381843755286,0.159284434053429,0.1999999999999999
887,887,bj920976,2025-05-06,27.882329786981103,0.8580945675823298,0.2798085490893736,traded,completed,RANGE,0.7,1.5159030451886906,3.0,0.0,4.0,swing_low,1.0,23.798116883401576,shallow_pullback,26.987555228599724,6.0,pullback,bullish_candle,0.685,25.71760073576585,ma_ma60,24.828550810311743,"形态止损: washout, 支撑 25.72 下方 0.75xATR=1.14 (被硬性止损 8% 截断)",32.38506627431967,"[29.6863, 32.3851]",7.0,26.679675810662044,initial_stop,,-0.0114081996434938,-0.0114081996434938,1.0,2025-05,-0.0448585231193926,0.0221760221760221,,"{'structure_strength': 0.7, 'trend': 'RANGE', 'atr_ratio': 0.05617044716900593, 'n_supports': 3, 'n_resistances': 0, 'top_support_source': 'swing_low', 'top_support_dist': -0.11818181818181815, 'v2_pattern': '', 'fine_score': 0.8580945675823298, 'operable_score': 0.2798085490893736, 'entry_day': 6}",887,1.0,Pullback,-0.0184397320459316,0.08875000476837158,0.07276277099380923,0.1337877568812147,0.01719019944503017,0.02459625669842234,0.11009174311926606,9.371739167494274e-34,1.4891193528438436,0.24948094047204436,0.9944522866494044,0.10909090909090909,0.32727272727272727,0.12910802869171767,1.2797503802099994,0.41490722096456567,0.37574878427299097,0.20934399476244347,0,,0.6027816131010612,0.16866344857956006,-0.0114081996434938
926,926,bj920247,2025-05-08,18.967921336984936,0.8782335416342524,0.2798085490893736,traded,completed,UP,0.875,1.4454999275400866,4.0,1.0,5.0,ma60_washed,0.9,15.633944394291817,deep_pullback,17.43906881450555,2.0,pullback,bullish_candle,0.8612500000000001,17.45613359992244,poc,16.043943309345106,"无有效支撑, 使用最大止损 8%",20.92688257740666,"[18.1908, 20.9269]",5.0,20.92688257740666,initial_tp,,0.1999999999999999,0.1999999999999999,3.0,2025-05,-0.1322994631378191,0.2240168539325842,,,926,2.0,Failure,-0.2686071913088994,0.06795000076293949,0.08897638769786465,0.15639949794764307,0.02475111880582223,0.03498172007955163,0.11926605504587157,1.4349177520578982e-33,1.1370606557994976,0.268975183386333,0.9856956303365143,0.045454545454545456,0.38181818181818183,0.15725310182466834,1.2194982294884351,0.39357883242249875,0.3227388340349001,0.283682333542601,0,,0.5549482494399488,0.15527926449547985,0.1999999999999999
961,961,bj920510,2025-05-12,26.34,0.8943230711628498,0.2515629325089319,traded,completed,RANGE,0.5666666666666667,2.061502856274171,4.0,0.0,5.0,ma60_washed,0.9,22.54083333333333,deep_pullback,24.49,3.0,pullback,long_lower_shadow,0.665,23.12,swing_low,22.5308,"形态止损: washout, 支撑 23.12 下方 0.75xATR=1.55 (被硬性止损 8% 截断)",29.388,"[26.939, 29.388]",7.0,24.96,dynamic_stop,D4,0.0191915067374439,0.0191915067374439,4.0,2025-05,-0.1343963553530751,0.0246533127889059,,,961,1.0,Pullback,-0.0628853551764603,0.16932500362396236,0.03457204208728837,0.1411741000426805,0.03076855148787214,0.032086878722420484,0.12280701754385964,1.945829827764608e-33,1.081668395993848,0.27573252897009554,0.9100815066702631,0.08695652173913043,0.3826086956521739,0.03591379240663639,0.9108028491927967,0.3616081019120489,0.3391499852658633,0.29924191282208784,0,,0.5311830945449806,0.13362597696290454,0.0191915067374439
962,962,bj920008,2025-05-12,46.0,0.8520119235317142,0.252567060383088,traded,completed,UP,0.7916666666666666,4.972238785774231,3.0,1.0,4.0,ma60_washed,0.9,39.88216666666666,deep_pullback,42.29,3.0,pullback,long_lower_shadow,0.8487500000000001,41.4065,ma_ma20,38.9068,"形态止损: washout, 支撑 41.41 下方 0.75xATR=3.73 (被硬性止损 8% 截断)",61.05,"[55.5, 61.05]",4.0,42.19,initial_stop,,-0.0023646252069047,-0.0023646252069047,1.0,2025-05,-0.1658695652173913,0.0095480585614258,,,962,2.0,Failure,-0.1633231918618017,0.3622499942779541,0.07006632956056302,0.1585640960431991,0.05247315233761652,0.035588212108634484,0.12280701754385964,1.691152047033033e-33,3.12789523696401,0.3680261876988121,0.7464716046354651,0.11304347826086956,0.4956521739130435,0.2203522105539104,1.1606398632933024,0.3367300367140361,0.3091045781436053,0.35416538514235857,2,,0.49128232578583875,0.12408173284189586,-0.0023646252069047
963,963,bj920363,2025-05-12,16.564238681027007,0.8428764510561231,0.215547469236389,traded,completed,RANGE,0.625,1.6330066464610034,4.0,1.0,5.0,ma60_washed,0.9,12.539953720245691,shallow_pullback,14.685689006856892,3.0,pullback,bullish_candle,0.6737500000000001,14.589476800571694,poc,13.51083388630834,"形态止损: washout, 支撑 14.59 下方 0.75xATR=1.22 (被硬性止损 8% 截断)",19.742541643271576,"[17.9478, 19.7425]",4.0,14.647610297245334,dynamic_stop,D4,-0.0025929127052722,-0.0025929127052722,1.0,2025-05,0.027126436781609,0.1366120218579234,,"{'structure_strength': np.float64(0.625), 'trend': 'RANGE', 'atr_ratio': 0.11119714204069939, 'n_supports': 4, 'n_resistances': 1, 'top_support_source': 'ma60_washed', 'top_support_dist': -0.1461106309420916, 'v2_pattern': '', 'fine_score': 0.8428764510561231, 'operable_score': 0.215547469236389, 'entry_day': 3}",963,0.0,Smooth,-0.0889070254680821,0.23280000209808344,0.21401091524564197,0.3997127897705539,0.06598611354644969,0.03449686559189774,0.12280701754385964,1.6983998646652505e-33,4.1014358954212415,0.44318182470152895,0.8137255451945963,0.08695652173913043,0.3652173913043478,0.4230170793223642,1.601206896551724,0.4810375471070217,0.2899993560894335,0.22896309680354485,0,,0.6260372251517384,0.1349407395292287,-0.0025929127052722
976,976,bj920284,2025-05-13,27.98,1.0803102961053912,0.267869308188164,traded,completed,UP,0.7749999999999999,2.189335946983149,3.0,1.0,4.0,ma60_washed,0.9,22.776666666666664,deep_pullback,25.78,3.0,pullback,bullish_candle,0.8462500000000001,25.9608,poc,23.7176,"无有效支撑, 使用最大止损 8%",33.088,"[30.08, 33.088]",5.0,33.088,initial_tp,,0.2834755624515128,0.2834755624515128,2.0,2025-05,0.0321658327376697,0.2067039106145252,,,976,1.0,Pullback,0.0392226775577482,0.2039749956130983,0.07886160431555322,0.21666109839540848,0.029779620573917653,0.034086846182926525,0.11403508771929824,3.231795320017645e-33,2.4786669280533227,0.3303212586713989,0.8743667775776167,0.10434782608695652,0.4,0.20336135746807948,1.0218480695493717,0.34792139056371757,0.37689491468272507,0.27518369475355725,1,,0.5363688479050801,0.14367675222201637,0.2834755624515128
977,977,bj920363,2025-05-13,15.694774811563136,1.0398311477926987,0.2669838101776057,traded,completed,RANGE,0.6583333333333333,1.707209200621468,3.0,1.0,4.0,ma60_washed,0.9,12.604370204005242,shallow_pullback,14.685689006856892,2.0,pullback,bullish_candle,0.6787500000000001,14.589476800571694,poc,13.51083388630834,"形态止损: washout, 支撑 14.59 下方 0.75xATR=1.28 (被硬性止损 8% 截断)",19.742541643271576,"[17.9478, 19.7425]",3.0,14.647610297245334,dynamic_stop,D4,-0.0025929127052722,-0.0025929127052722,1.0,2025-05,0.2373635260816819,0.3213703099510603,,"{'structure_strength': np.float64(0.6583333333333333), 'trend': 'RANGE', 'atr_ratio': 0.1162498538423601, 'n_supports': 3, 'n_resistances': 1, 'top_support_source': 'ma60_washed', 'top_support_dist': -0.14172428694900605, 'v2_pattern': '', 'fine_score': 1.0398311477926987, 'operable_score': 0.26698381017760575, 'entry_day': 2}",977,0.0,Smooth,0.0888129768117063,0.26404999732971196,0.026070240122957777,0.22016357595532265,0.07040380448847658,0.03279961223360365,0.12280701754385964,1.705987460417843e-33,3.813563942569819,0.44318182470152895,0.592760216793327,0.14782608695652175,0.34782608695652173,0.2327803524481189,1.0832320632878214,0.4486799838929505,0.30309170496321836,0.2482283111438311,0,,0.6002258363745596,0.16025058076232004,-0.0025929127052722
978,978,bj920770,2025-05-13,18.998731496238307,0.8168338890765156,0.2075699760555509,traded,completed,RANGE,0.6,1.529284588834258,2.0,3.0,3.0,ma60_washed,0.9,18.96113812063121,deep_pullback,19.03847779643964,1.0,pullback,bullish_candle,0.77,18.96113812063121,ma60_washed,17.814174679005518,"形态止损: washout, 支撑 18.96 下方 0.75xATR=1.15",22.705073990012828,"[21.6842, 22.7051]",2.0,18.402536993218277,dynamic_stop,D4,-0.0334029227557411,-0.0334029227557411,1.0,2025-05,-0.0658995815899583,0.0,,,978,0.0,Smooth,-0.0924796578557757,0.0951249980926514,0.09771763852774384,0.1775744649434532,0.046540763645526055,0.027113020041673996,0.10526315789473684,1.9923115296877377e-33,2.413161701221085,0.33913044307542883,0.6256410250140209,0.09565217391304348,0.3565217391304348,0.1474285670689175,2.1952484283012645,0.47164550323640786,0.26997724904878906,0.258377247714803,0,,0.6066341277608024,0.12591903137378974,-0.0334029227557411
991,991,bj920876,2025-05-14,37.78057742782152,1.1404451508462137,0.2669838101776057,traded,completed,UP,0.875,4.057030555299781,3.0,2.0,4.0,ma60_washed,0.9,30.165118110236214,deep_pullback,39.74540682414698,1.0,pullback,bullish_candle,0.8612500000000001,38.115695538057736,poc,36.56577427821522,"形态止损: washout, 支撑 38.12 下方 0.75xATR=3.04 (被硬性止损 8% 截断)",42.87716535433071,"[40.3937, 42.8772]",2.0,40.892388451443566,dynamic_stop,D4,0.0288582183186949,0.0288582183186949,1.0,2025-05,-0.1077085533262935,0.1227799227799226,,,991,0.0,Smooth,-0.1756097747058402,0.13724995613098123,-0.01502189452980185,0.15369763019535876,0.02985656983059554,0.03602319947106221,0.11403508771929824,1.8480043887822823e-33,0.8322721507405141,0.46148812308245507,0.669976224427552,0.10434782608695652,0.48695652173913045,-0.07455934021547861,0.7569381787486131,0.4423765495981827,0.3175835307581804,0.24003991964363697,0,,0.6011683149772729,0.1605022072906833,0.0288582183186949
992,992,bj920425,2025-05-14,25.20084057158868,1.1376315468243583,0.2075736957232398,traded,completed,UP,0.825,2.340570698617034,5.0,1.0,6.0,ma60_washed,0.9,19.621330905015416,deep_pullback,23.510367049593725,6.0,pullback,bullish_candle,0.8537500000000001,22.57812062202297,poc,21.62953768562623,"形态止损: washout, 支撑 22.58 下方 0.75xATR=1.76 (被硬性止损 8% 截断)",30.447701036704963,"[27.6797, 30.4477]",11.0,22.6438217988232,initial_stop,,-0.036858006042296,-0.036858006042296,5.0,2025-05,-0.012965050732807,0.0214092140921409,,,992,0.0,Smooth,-0.0648865221808089,0.18512500762939438,0.028270515192748924,0.17240872989032052,0.04007895554787569,0.03204149710869163,0.14912280701754385,1.431165449869616e-33,1.4277235703940578,0.43091949380293426,0.7191819804583752,0.10434782608695652,0.34782608695652173,0.16257094492659974,0.9350333488444238,0.45448304557683533,0.31141469899283747,0.2341022554303272,0,,0.6101903950732541,0.12665947540017913,-0.036858006042296
993,993,bj920163,2025-05-14,19.97591480845872,1.0628243327995752,0.238599210391315,traded,completed,UP,0.725,1.6570417415626126,3.0,0.0,4.0,ma60_washed,0.9,15.236888404975996,deep_pullback,17.28684935347389,8.0,pullback,bullish_candle,0.8387500000000001,16.453534564126944,ma_ma20,15.90390140519598,"形态止损: washout, 支撑 16.45 下方 0.75xATR=1.24 (被硬性止损 8% 截断)",20.744219224168667,"[19.0155, 20.7442]",10.0,18.16350439191217,initial_stop,,0.0507122507122508,0.0507122507122508,2.0,2025-05,-0.0507889546351084,0.0756704980842915,,,993,0.0,Smooth,0.0433603904595769,0.03679999113082886,0.23455325869889632,0.24155149142864096,0.04188465296415686,0.035799286897502364,0.15789473684210525,2.2904924048621297e-33,1.2008868712408536,0.4050208998328317,0.6880164607350682,0.1391304347826087,0.41739130434782606,0.27706413905842764,2.230837327633646,0.4491521335019204,0.2738276395869036,0.277020226911176,0,,0.5860659532953723,0.1398348736935091,0.0507122507122508
995,995,bj920247,2025-05-14,17.54056939691082,1.0037178007029337,0.2622305247285537,traded,completed,RANGE,0.675,1.6262900595147018,3.0,2.0,4.0,ma60_washed,0.9,15.779005643312685,deep_pullback,18.6570758033688,2.0,pullback,bullish_candle,0.6812500000000001,17.488233159108102,poc,17.164509739099294,"形态止损: washout, 支撑 17.49 下方 0.75xATR=1.22 (被硬性止损 8% 截断)",22.38849096404256,"[18.9045, 22.3885]",4.0,18.41601192015628,dynamic_stop,D4,-0.0129207752465148,-0.0129207752465148,2.0,2025-05,-0.0541277237434356,0.2326732673267326,,,995,2.0,Failure,-0.2863766199878702,0.0933249998092652,0.001150567252133472,0.07078626430942525,0.02723088638357275,0.035134957789817525,0.11403508771929824,1.734235301961191e-33,1.1251543445386312,0.3271565501827094,0.7050782599690167,0.11304347826086956,0.391304347826087,-0.030510777762106644,1.130209617755857,0.406489027104961,0.26612023843063065,0.3273907344644083,0,,0.5395491463202763,0.14148625575640925,-0.0129207752465148
998,998,bj920171,2025-05-14,32.3,0.8220639348308612,0.2810637243518045,traded,completed,RANGE,0.575,3.0481466951753102,4.0,1.0,5.0,ma60_washed,0.9,29.261833333333332,deep_pullback,29.75,2.0,pullback,long_lower_shadow,0.7662500000000001,29.261833333333332,ma60_washed,27.37,"形态止损: washout, 支撑 29.26 下方 0.75xATR=2.29 (被硬性止损 8% 截断)",39.6,"[36.0, 39.6]",5.0,30.0,dynamic_stop,D2,0.0084033613445377,0.0084033613445377,3.0,2025-05,0.0959752321981424,0.0643021914648211,,,998,1.0,Pullback,0.1610364641396873,0.09224999904632565,0.2308566097664062,0.3196681933366943,0.04120648782522344,0.030818193841417128,0.09649122807017543,2.7360460308131618e-33,1.7391214986200012,0.35957858117796415,0.8928296481698937,0.043478260869565216,0.6434782608695652,0.2993630427591252,2.0469433235974406,0.3782516386319713,0.3611859444141732,0.26056241695385546,0,,0.5588446108390579,0.15707094765636043,0.0084033613445377
1007,1007,bj920876,2025-05-15,39.74540682414698,1.1071978125925912,0.2344103026620404,traded,completed,UP,0.875,4.058665326404167,4.0,1.0,5.0,ma60_washed,0.9,30.384706911636044,deep_pullback,32.584251968503935,7.0,pullback,bullish_candle,0.90125,32.23517060367454,swing_low,29.97751181102362,"形态止损: washout, 支撑 32.24 下方 0.75xATR=3.04 (被硬性止损 8% 截断)",47.16488188976378,"[42.8772, 47.1649]",8.0,31.965879265091857,dynamic_stop,D4,-0.0189776553412918,-0.0189776553412918,1.0,2025-05,-0.1457967377666249,0.06390243902439,,,1007,0.0,Smooth,-0.1489999771118164,-0.014275026321411134,0.04482557566096945,0.1757339997959093,0.024198264819598147,0.0349755996881583,0.11403508771929824,1.9734278673313908e-33,0.7779936959729663,0.46148812308245507,0.7716311355748722,0.0782608695652174,0.5217391304347826,0.05670105170615769,1.0893306720497176,0.4900066364362317,0.28134186183432164,0.2286515017294465,0,,0.6306775673533925,0.14783731944546813,-0.0189776553412918
1009,1009,bj920706,2025-05-15,21.83364834067101,1.0875298769687598,0.2515629325089319,traded,completed,UP,0.6749999999999999,1.6655941593388186,2.0,0.0,3.0,ma60_washed,0.9,18.95577023318482,deep_pullback,20.12236238964545,6.0,pullback,bullish_candle,0.83125,19.61979507874081,ma_ma20,18.51257339847381,"形态止损: washout, 支撑 19.62 下方 0.75xATR=1.25 (被硬性止损 8% 截断)",24.146834867574533,"[22.1346, 24.1468]",8.0,20.260052063865896,dynamic_stop,D4,0.0068426197458457,0.0068426197458457,2.0,2025-05,-0.1583706653393066,0.0,,,1009,2.0,Failure,-0.174843892192436,0.06747500419616692,0.1235533617953335,0.19908990519537406,0.030641040495927405,0.03135282644810485,0.09649122807017543,2.135054580722817e-33,1.4630063351890958,0.28940778812299234,1.0,0.05217391304347826,0.5130434782608696,0.18361299463617042,1.2059509646114728,0.3736971271152951,0.32495694648304196,0.3013459264016629,0,,0.5361756003568161,0.13488190636549777,0.0068426197458457
1023,1023,bj920876,2025-05-16,40.892388451443566,1.1119333140705498,0.2669838101776057,traded,completed,UP,0.875,4.052103125403296,3.0,2.0,4.0,ma60_washed,0.9,30.590997375328083,deep_pullback,32.584251968503935,6.0,pullback,bullish_candle,0.90125,32.12271653543307,swing_low,29.97751181102362,"形态止损: washout, 支撑 32.12 下方 0.75xATR=3.04 (被硬性止损 8% 截断)",42.87716535433071,"[40.3937, 42.8772]",7.0,31.965879265091857,dynamic_stop,D4,-0.0189776553412918,-0.0189776553412918,1.0,2025-05,-0.1353658536585366,0.0249999999999999,,,1023,0.0,Smooth,-0.0511241920826653,-0.032549982070922925,0.010879592384275716,0.106541505461768,0.023545252528118503,0.03454427070686235,0.11403508771929824,1.9732906627544796e-33,0.7783755507248061,0.46148812308245507,0.7243498151089416,0.09565217391304348,0.5217391304347826,0.026694069300988055,0.998856002700192,0.4959536919876365,0.29412333839114113,0.2099229696212223,0,,0.643015361183207,0.17167469113142192,-0.0189776553412918
1025,1025,bj920247,2025-05-16,18.6570758033688,0.954394588717124,0.2545118522553845,traded,completed,UP,0.875,2.011086286279153,3.0,0.0,4.0,ma60_washed,0.9,15.890867743505158,deep_pullback,18.70782609457143,1.0,pullback,long_lower_shadow,0.8612500000000001,18.009058022575147,poc,17.21120000700572,"形态止损: washout, 支撑 18.01 下方 0.75xATR=1.51 (被硬性止损 8% 截断)",22.44939131348572,"[20.5786, 22.4494]",2.0,18.41601192015628,dynamic_stop,D4,-0.0155985079688029,-0.0155985079688029,1.0,2025-05,-0.0991774118920253,0.0,,,1025,2.0,Failure,-0.3227530821555524,0.0592750072479248,0.0639176599441944,0.12922178918090665,0.053383246894993935,0.03710233559423974,0.11403508771929824,2.0918203462298004e-33,1.014448583889198,0.3786575023472534,0.700757535254881,0.10434782608695652,0.45217391304347826,0.13223445828712266,1.5177355291168637,0.3639895675308747,0.2853672696496346,0.3506431628194907,0,,0.506673202355692,0.12895433521971442,-0.0155985079688029
1026,1026,bj920010,2025-05-16,15.51088520231129,0.8756838428113319,0.2515629325089319,traded,completed,UP,0.8166666666666667,0.9182170337647704,4.0,0.0,4.0,ma_ma20,0.4,13.628350939632057,deep_pullback,13.770882054616113,6.0,pullback,bullish_candle,0.8525,13.628350939632057,ma_ma20,12.669211490246823,"形态止损: pit_rebound, 支撑 13.63 下方 1.25xATR=1.15 (被硬性止损 8% 截断)",16.525058465539335,"[15.148, 16.5251]",7.0,13.701281928708308,dynamic_stop,D4,-0.0050541516245486,-0.0050541516245486,1.0,2025-05,-0.0346153846153846,0.076086956521739,,,1026,0.0,Smooth,0.0060120341337677,0.014900004863739014,0.0908837522359578,0.12559827566476267,0.01642801347205571,0.02304441503260684,0.08771929824561403,3.5324497124922434e-33,1.6400766104431812,0.21099179840083937,0.9431139006876734,0.0782608695652174,0.5826086956521739,0.09908649658781621,1.3885234797478616,0.474562995909028,0.2883609677553836,0.23707603633558832,0,,0.6187434797867198,0.15565292424592828,-0.0050541516245486
1043,1043,bj920371,2025-05-19,12.901038525963148,0.953467987065714,0.2075699760555509,traded,completed,UP,0.7,0.8304458460679711,2.0,1.0,2.0,ma_ma20,0.4,11.936683417085428,deep_pullback,11.721005025125628,6.0,pullback,bullish_candle,0.8350000000000001,11.936683417085428,ma_ma20,10.783324623115575,"无有效支撑, 使用最大止损 8%",15.675376616415411,"[14.2503, 15.6754]",7.0,11.67142378559464,dynamic_stop,D4,-0.0042301184433164,-0.0042301184433164,1.0,2025-05,-0.1768104576521179,0.0518796992481203,,,1043,1.0,Pullback,-0.2179676034445199,0.03000000238418581,0.07696669525565958,0.13350664681984825,0.013407541834393433,0.030790553547319452,0.13157894736842105,4.415548004709743e-33,1.7620760713911494,0.23330830266145963,0.9903537825456729,0.05217391304347826,0.5739130434782609,0.15251301860483069,1.350049554013875,0.41557228650095346,0.3381289331845123,0.24629878031453425,0,,0.5846367530932096,0.12135303684075253,-0.0042301184433164
1056,1056,bj920271,2025-05-20,18.4508024691358,1.141740990748782,0.2769419411029528,traded,completed,UP,0.625,0.9212774462990464,2.0,1.0,3.0,ma60_washed,0.9,15.914372926798851,deep_pullback,17.19055555555556,7.0,pullback,bullish_candle,0.8237500000000001,16.294830939019825,ma_ma20,15.815311111111114,"形态止损: washout, 支撑 16.29 下方 0.75xATR=0.69 (被硬性止损 8% 截断)",21.397942386831275,"[19.4527, 21.3979]",16.0,18.04712962962963,initial_stop,,0.0498281786941579,0.0498281786941579,9.0,2025-05,-0.1152614727854854,0.0633315593400745,,,1056,0.0,Smooth,-0.1204244250305252,0.0376250076293946,0.030775178169656803,0.0699643615544836,0.012567068011339052,0.021035472106703874,0.043859649122807015,9.158161953276492e-34,1.04058682581916,0.2701847299788289,0.9687500349245908,0.14782608695652175,0.3652173913043478,0.03355338834498789,1.2807538000791094,0.43297449728093096,0.3518393828220221,0.215186119897047,0,,0.608894188691942,0.16862833854265402,0.0498281786941579
1057,1057,bj920873,2025-05-20,6.8,1.0565580298744632,0.2521136591771812,traded,completed,UP,0.7666666666666667,0.4592944967001756,3.0,1.0,4.0,ma60_washed,0.9,5.843666666666667,deep_pullback,6.08,4.0,pullback,bullish_candle,0.945,5.843666666666667,ma60_washed,5.5936,"形态止损: washout, 支撑 5.84 下方 0.75xATR=0.34 (被硬性止损 8% 截断)",8.030000000000001,"[7.3, 8.03]",20.0,6.43,dynamic_stop,D4,0.057565789473684,0.057565789473684,16.0,2025-05,-0.0617647058823529,0.1158357771260996,,,1057,0.0,Smooth,-0.0139103058221377,0.02702499866485595,0.06255359171268382,0.14856713003325783,0.018853172275462043,0.027250579959745475,0.10526315789473684,5.121991728943053e-33,1.9890403367014184,0.29172508980655926,0.8509615605046771,0.05217391304347826,0.3652173913043478,0.0929487855476765,1.1398343156079704,0.44533597192487695,0.30714781261585866,0.24751621545926444,0,,0.5989098782328063,0.15099336091863283,0.057565789473684
1060,1060,bj920427,2025-05-20,16.212385315588854,0.9609094761305882,0.252567060383088,traded,completed,RANGE,0.475,1.4256803874416797,2.0,0.0,3.0,ma60_washed,0.9,14.117708181509212,deep_pullback,14.321930129216772,4.0,pullback,bullish_candle,0.7512500000000001,14.117708181509212,ma60_washed,13.176175718879431,"形态止损: washout, 支撑 14.12 下方 0.75xATR=1.07 (被硬性止损 8% 截断)",17.186316155060126,"[15.7541, 17.1863]",5.0,14.16,dynamic_stop,D4,-0.0113064459717223,-0.0113064459717223,1.0,2025-05,-0.1512661627423072,0.0,,,1060,0.0,Smooth,-0.1302148865790652,0.06692499876022336,0.09876659135107713,0.1881325676465342,0.03236889584053286,0.02967914825366261,0.13157894736842105,1.6712285856527577e-33,2.2381582541657816,0.3270405479438708,0.838709557289512,0.034782608695652174,0.41739130434782606,0.18307901357008438,1.1350382286013403,0.432593463615562,0.3030415949535929,0.26436494143084516,0,,0.5841142610923584,0.14752802185193653,-0.0113064459717223
1061,1061,bj920857,2025-05-20,20.76887706226716,0.8540297908441947,0.2419470201856432,traded,completed,RANGE,0.425,1.3449566377072064,2.0,0.0,3.0,ma60_washed,0.9,18.10728445981905,deep_pullback,18.859095263438,4.0,pullback,bullish_candle,0.74375,18.10728445981905,ma60_washed,17.350367642362958,"形态止损: washout, 支撑 18.11 下方 0.75xATR=1.01 (被硬性止损 8% 截断)",22.630914316125597,"[20.745, 22.6309]",5.0,18.699946780202232,dynamic_stop,D4,-0.0084388185654008,-0.0084388185654008,1.0,2025-05,-0.1198368623785126,0.0,,,1061,0.0,Smooth,-0.0963914433868177,0.041874985694885326,0.08426696126238054,0.13327787568030502,0.02246839866736199,0.02139088246875536,0.10526315789473684,4.702235128202643e-34,1.698562551215515,0.2802547759646299,0.8961039926133587,0.05217391304347826,0.41739130434782606,0.11727747258535914,2.1058746670686967,0.46909901022673123,0.2942859769768726,0.2366150127963961,0,,0.6162419987151675,0.14909791530237976,-0.0084388185654008
1062,1062,bj920199,2025-05-20,31.5,0.841838393364144,0.2798085490893736,traded,completed,UP,0.775,2.3454052544025634,2.0,3.0,3.0,ma60_washed,0.9,27.686666666666667,deep_pullback,27.48,8.0,pullback,bullish_candle,0.94625,27.686666666666667,ma60_washed,25.2816,"无有效支撑, 使用最大止损 8%",34.2208,"[31.88, 34.2208]",16.0,34.2208,initial_tp,,0.2452983988355166,0.2452983988355166,8.0,2025-05,0.0685714285714285,0.5572123176661263,,,1062,2.0,Failure,0.1563036462267391,0.02439998626708988,0.04512502706541177,0.023273825683305605,0.020324023251917886,0.029981264543115105,0.09649122807017543,1.6178627724477434e-33,1.1630796263974716,0.4200528058758011,0.5571607873131619,0.06086956521739131,0.6086956521739131,0.056145201930829725,1.4147397451951593,0.44921898081587186,0.2889044285208109,0.2618765906633173,0,,0.5936711950762773,0.16611427573044762,0.2452983988355166
1063,1063,bj920284,2025-05-20,26.66,0.8381853492885525,0.2798085490893736,traded,completed,UP,0.7749999999999999,2.025433747177896,3.0,2.0,4.0,ma60_washed,0.9,23.592666666666663,deep_pullback,27.25,4.0,pullback,bullish_candle,0.8462500000000001,26.0196,poc,25.07,"形态止损: washout, 支撑 26.02 下方 0.75xATR=1.52 (被硬性止损 8% 截断)",30.08,"[28.0, 30.08]",9.0,30.08,initial_tp,,0.1038532110091743,0.1038532110091743,5.0,2025-05,0.0746436609152287,0.2659340659340659,,,1063,0.0,Smooth,-0.0990565941542281,-0.059025001525878903,0.034619948107597276,0.06510950558973949,0.02021040909033225,0.03004102935205621,0.09649122807017543,3.2881633324024694e-33,0.6242946255388495,0.3303212586713989,0.738601803150005,0.034782608695652174,0.5217391304347826,0.024005978743865786,1.2249906612714538,0.47334023454407737,0.28480974044197194,0.24185002501395061,0,,0.6157451047650633,0.1722907443731967,0.1038532110091743
1065,1065,bj920436,2025-05-20,23.5,0.8121587999491376,0.252567060383088,traded,completed,RANGE,0.6083333333333333,2.0954115143692293,4.0,0.0,5.0,ma60_washed,0.9,20.907833333333333,deep_pullback,25.6,1.0,pullback,bullish_candle,0.67125,23.32,swing_low,23.552000000000003,"形态止损: washout, 支撑 23.32 下方 0.75xATR=1.57 (被硬性止损 8% 截断)",30.72,"[28.16, 30.72]",2.0,23.552000000000003,dynamic_stop,D4,-0.0799999999999999,-0.0799999999999999,1.0,2025-05,-0.1102127659574467,0.2119341563786008,,,1065,2.0,Failure,-0.2312500271727049,0.14212500572204584,0.03795140677889619,0.15704181567082176,0.049552198719364324,0.025712853717568904,0.07894736842105263,1.6598437505783145e-33,3.0308533256615187,0.38727679212900773,0.7521613869814384,0.0782608695652174,0.40869565217391307,0.18768330031364044,1.1184064305823085,0.37237247838560855,0.26730736761199314,0.3603201540023983,0,,0.5060261621916051,0.12780554026166943,-0.0799999999999999
1074,1074,bj920284,2025-05-21,29.79,1.1751218029776689,0.2317181732389834,traded,completed,UP,0.7999999999999999,2.8420425808875103,3.0,0.0,4.0,ma60_washed,0.9,23.85533333333333,deep_pullback,27.25,3.0,pullback,bullish_candle,0.8500000000000001,26.0196,poc,25.07,"形态止损: washout, 支撑 26.02 下方 0.75xATR=2.13 (被硬性止损 8% 截断)",32.7,"[29.975, 32.7]",12.0,32.7,initial_tp,,0.1999999999999997,0.1999999999999997,9.0,2025-05,-0.0271903323262839,0.0408805031446541,,,1074,1.0,Pullback,0.0654411297562225,0.015450000762939453,0.1368917572180508,0.19918543453309545,0.039244895822001954,0.0310841340142505,0.09649122807017543,3.455703675854764e-33,1.0442592487315416,0.42100696082882244,0.8103091464504114,0.09565217391304348,0.45217391304347826,0.23928290826812604,1.8224058822628746,0.3559616069132189,0.3715188291976806,0.2725195638891004,1,,0.5417210215120591,0.12552660550993036,0.1999999999999997
1078,1078,bj920175,2025-05-21,13.59,1.0690770470163826,0.2521136591771812,traded,completed,RANGE,0.6166666666666666,0.7677588964075502,3.0,1.0,4.0,ma60_washed,0.9,12.23,deep_pullback,12.52,3.0,pullback,bullish_candle,0.7725000000000001,12.23,ma60_washed,11.654180827694338,"形态止损: washout, 支撑 12.23 下方 0.75xATR=0.58",16.368000000000002,"[14.88, 16.368]",4.0,12.55,dynamic_stop,D4,0.0023961661341853,0.0023961661341853,1.0,2025-05,0.1265636497424578,0.1104895104895105,,,1078,2.0,Failure,0.238673207514676,0.044349997043609604,0.10599792993038082,0.17205110015337155,0.024725036816484497,0.019680198455753806,0.08771929824561403,1.736699251760962e-33,1.9000558071541809,0.29375847971112856,0.8983834669431808,0.034782608695652174,0.4608695652173913,0.16925598740619607,2.286461379308552,0.42471842571597074,0.2877396382429878,0.2875419360410415,0,,0.5685882448374646,0.14334886297110422,0.0023961661341853
1094,1094,bj920436,2025-05-22,22.8,0.8649602467883957,0.2798085490893736,traded,completed,RANGE,0.6083333333333333,2.766509093015109,3.0,1.0,4.0,ma60_washed,0.9,21.112,deep_pullback,24.06,2.0,pullback,bullish_candle,0.67125,23.32,swing_low,22.1352,"形态止损: washout, 支撑 23.32 下方 0.75xATR=2.07 (被硬性止损 8% 截断)",28.872,"[24.5546, 28.872]",3.0,28.872,initial_tp,,0.1999999999999999,0.1999999999999999,1.0,2025-05,-0.0486842105263157,0.2309633992427431,,,1094,1.0,Pullback,-0.0453344546842242,0.18479999065399166,-0.05032059643000608,0.07579280267344868,0.041361910750873795,0.029054920976772376,0.09649122807017543,1.9236240591111067e-33,1.5720778423701447,0.44074706666626945,0.5624037233557165,0.09565217391304348,0.3826086956521739,-0.05786758267785708,0.7423655448977835,0.3809663343682243,0.3664565096472968,0.25257715598447894,0,,0.5641945891918727,0.15786646940585308,0.1999999999999999
1096,1096,bj920284,2025-05-22,27.2,0.8334340232567674,0.2798085490893736,traded,completed,UP,0.7999999999999999,3.0897702367691755,3.0,2.0,4.0,ma60_washed,0.9,24.034666666666663,deep_pullback,27.25,2.0,pullback,bullish_candle,0.8500000000000001,26.0196,poc,25.07,"形态止损: washout, 支撑 26.02 下方 0.75xATR=2.32 (被硬性止损 8% 截断)",29.98,"[28.0, 29.98]",7.0,29.98,initial_tp,,0.100183486238532,0.100183486238532,5.0,2025-05,0.2198529411764707,0.3051470588235294,,,1096,1.0,Pullback,0.2008686685843241,0.07049999713897712,-0.042337794226868564,0.00984477935915029,0.04662632109364343,0.031496811059436684,0.10526315789473684,3.594645138199433e-33,1.4106864191651394,0.42100696082882244,0.4941580734390778,0.08695652173913043,0.46956521739130436,0.06208512747731887,1.104614466438189,0.37277139002250764,0.34305985128944944,0.28416875868804287,0,,0.5443013156672324,0.15230016140428543,0.100183486238532
1105,1105,bj920931,2025-05-23,18.59314285714285,1.1773686325494146,0.2669838101776057,traded,completed,UP,0.75,1.595345308950603,3.0,0.0,4.0,ma60_washed,0.9,15.404965714285712,shallow_pullback,17.280685714285713,6.0,pullback,bullish_candle,0.8425,16.169571428571423,ma_ma20,15.898230857142856,"形态止损: washout, 支撑 16.17 下方 0.75xATR=1.20 (被硬性止损 8% 截断)",20.73682285714285,"[19.0088, 20.7368]",16.0,20.73682285714285,initial_tp,,0.1999999999999999,0.1999999999999999,10.0,2025-05,-0.0545454545454544,0.1562178828365876,,"{'structure_strength': np.float64(0.75), 'trend': 'UP', 'atr_ratio': 0.09231956042298438, 'n_supports': 3, 'n_resistances': 0, 'top_support_source': 'ma60_washed', 'top_support_dist': -0.10854430379746843, 'v2_pattern': '', 'fine_score': 1.1773686325494146, 'operable_score': 0.26698381017760575, 'entry_day': 6}",1105,0.0,Smooth,-0.0386078905947276,0.12284999370574959,0.030556542425287825,0.13667112269252124,0.045819801739822495,0.022547744216989615,0.07894736842105263,7.619382268605473e-34,5.5957129583612435,0.39739131927490234,0.6126913804643893,0.14782608695652175,0.41739130434782606,0.1487602403169126,1.1597133192258384,0.49697221060394775,0.27640830300737596,0.22661948638867635,0,,0.6351763621076357,0.16958180529024716,0.1999999999999999
1127,1127,bj920436,2025-05-26,24.06,0.8262800038769842,0.2798085490893736,traded,completed,RANGE,0.6083333333333333,2.7743112743091265,3.0,0.0,4.0,ma60_washed,0.9,21.28033333333333,shallow_pullback,22.29,8.0,pullback,long_lower_shadow,0.77125,21.28033333333333,ma60_washed,20.5068,"形态止损: washout, 支撑 21.28 下方 0.75xATR=2.08 (被硬性止损 8% 截断)",26.748,"[24.519, 26.748]",15.0,21.38,dynamic_stop,D4,-0.0408254822790489,-0.0408254822790489,7.0,2025-05,-0.1001662510390689,0.1827000808407439,,"{'structure_strength': np.float64(0.6083333333333333), 'trend': 'RANGE', 'atr_ratio': 0.1244643909515086, 'n_supports': 3, 'n_resistances': 0, 'top_support_source': 'ma60_washed', 'top_support_dist': -0.045296844623897006, 'v2_pattern': '', 'fine_score': 0.8262800038769842, 'operable_score': 0.2798085490893736, 'entry_day': 8}",1127,1.0,Pullback,-0.1083196455411052,0.04730000019073479,0.007739302127237169,0.0824527973632414,0.04630530271695604,0.03151828663878518,0.09649122807017543,2.1441492010388318e-33,0.8240653023086806,0.4159592421951879,0.6155101231166294,0.08695652173913043,0.48695652173913045,0.017688207100876374,0.9781627296587927,0.3923072437941485,0.34084573348502395,0.2668470227208275,0,,0.5627301105366604,0.1574566957581658,-0.0408254822790489
1138,1138,bj920946,2025-05-27,13.447396383356466,1.2883382866723698,0.2092597375777474,traded,completed,UP,0.85,1.2505310988096192,5.0,0.0,6.0,swing_low,1.0,9.76151105487321,shallow_pullback,12.022051006465611,7.0,pullback,bullish_candle,0.8575000000000002,11.775811072635577,poc,11.060286925948365,"形态止损: washout, 支撑 11.78 下方 0.75xATR=0.94 (被硬性止损 8% 截断)",14.426461207758734,"[13.2243, 14.4265]",11.0,12.198990432562407,dynamic_stop,D4,0.0147179067865901,0.0147179067865901,4.0,2025-05,-0.1454678362573099,0.0313390313390313,,"{'structure_strength': np.float64(0.85), 'trend': 'UP', 'atr_ratio': 0.10401977983100118, 'n_supports': 5, 'n_resistances': 0, 'top_support_source': 'swing_low', 'top_support_dist': -0.18803280325267754, 'v2_pattern': '', 'fine_score': 1.2883382866723698, 'operable_score': 0.2092597375777474, 'entry_day': 7}",1138,2.0,Failure,-0.1404412314347314,0.03092499732971188,0.07946027041471448,0.18427711588679396,0.038264394200612874,0.02795504423759734,0.07894736842105263,5.100956434607233e-33,0.8764466477053676,0.3217686805176077,0.8604651350346508,0.06956521739130435,0.4782608695652174,0.15746082682540385,1.0989125450512605,0.3998235281727596,0.29609522884407746,0.3040812429831631,0,,0.5478711425947984,0.11464737152580814,0.0147179067865901
1171,1171,bj920571,2025-05-29,10.137804391217566,0.8745659539813591,0.2717630626246351,traded,completed,UP,0.8416666666666667,1.130002834206839,4.0,0.0,5.0,ma60_washed,0.9,8.058432468396541,deep_pullback,9.949700598802396,2.0,pullback,long_lower_shadow,0.8562500000000001,9.695760479041915,swing_low,9.153724550898206,"形态止损: washout, 支撑 9.70 下方 0.75xATR=0.85 (被硬性止损 8% 截断)",11.939640718562876,"[10.9447, 11.9396]",3.0,9.97940119760479,dynamic_stop,D4,0.0029850746268655,0.0029850746268655,1.0,2025-05,0.2783203124999998,0.6060894386298763,,,1171,2.0,Failure,0.2999007496808459,-0.02064999818801878,0.0193492291292936,-0.07846086634604621,0.017823684441753047,0.04002428541282413,0.12280701754385964,2.3213105454167011e-32,0.6604304039404459,0.5608808034928693,0.43071596884259883,0.0782608695652174,0.5043478260869565,0.025365875988471842,1.2492636496350364,0.3952187228801528,0.28120858979811003,0.3235726873217372,0,,0.5358230177792078,0.14561690433645183,0.0029850746268655
1172,1172,bj920436,2025-05-29,25.55,0.862248132218008,0.2717630626246351,traded,completed,UP,0.8333333333333334,3.0305012947132304,4.0,1.0,5.0,ma60_washed,0.9,21.514833333333332,deep_pullback,22.6,3.0,pullback,long_lower_shadow,0.8550000000000001,22.1655,ma_ma20,20.792,"形态止损: washout, 支撑 22.17 下方 0.75xATR=2.27 (被硬性止损 8% 截断)",32.395,"[29.45, 32.395]",4.0,21.83,dynamic_stop,D4,-0.034070796460177,-0.034070796460177,1.0,2025-05,-0.1295499021526419,0.0,,,1172,0.0,Smooth,-0.0211267410538252,0.05697500705718994,0.03976718669488055,0.1068891177970428,0.04235485751417105,0.03594036413684701,0.11403508771929824,2.6000645782632836e-33,1.0809515805805159,0.3582343249948414,0.7488150484909439,0.09565217391304348,0.4,0.0613861083984375,1.1493118931371118,0.4346839678436341,0.2505400766712006,0.3147759554851653,0,,0.5599540061792344,0.1521748156482026,-0.034070796460177
1306,1306,bj920719,2025-06-11,16.25,0.9683727978981304,0.2672924351486956,traded,completed,UP,0.8416666666666667,1.5657602159853532,5.0,1.0,6.0,ma60_washed,0.9,12.56,deep_pullback,16.98,1.0,pullback,bullish_candle,0.8562500000000001,16.2391,poc,15.6216,"形态止损: washout, 支撑 16.24 下方 0.75xATR=1.17 (被硬性止损 8% 截断)",20.376,"[17.29, 20.376]",2.0,15.6216,initial_stop,,-0.0799999999999999,-0.0799999999999999,1.0,2025-06,0.1126153846153845,0.455621301775148,,,1306,0.0,Smooth,0.0361031021903794,0.06304998397827148,0.08215405114161478,0.1167400640713907,0.037995692133808025,0.03273353852807946,0.11290322580645161,4.724173352459906e-33,1.635676207327491,0.31830680294300007,0.7772019496460041,0.136,0.448,0.16151198604738437,1.2764357546574754,0.3955670678685963,0.3091245950362642,0.29530833709513954,0,,0.5501293653867284,0.14704541772102517,-0.0799999999999999
1323,1323,bj920075,2025-06-12,43.87862246234154,1.1724188874384014,0.238599210391315,traded,completed,UP,0.8833333333333334,3.7344899212204448,4.0,0.0,5.0,ma60_washed,0.9,30.354199509900784,deep_pullback,33.87225201730039,7.0,pullback,bullish_candle,0.8625,33.34399704255921,ma_ma20,31.16247185591636,"形态止损: washout, 支撑 33.34 下方 0.75xATR=2.80 (被硬性止损 8% 截断)",40.64670242076047,"[37.2595, 40.6467]",15.0,34.412871245667056,dynamic_stop,D4,0.0159605339524087,0.0159605339524087,8.0,2025-06,-0.2623207885304659,0.0214939348797615,,,1323,2.0,Failure,-0.2218808945501208,0.20525000572204596,0.26767026540389716,0.3524767569117244,0.04657478767483586,0.03263066063042953,0.14516129032258066,2.178394465421502e-33,1.923723730718391,0.32964462918002196,1.0,0.072,0.544,0.461586296991076,1.8808522746191312,0.3989139295882429,0.33026234529987075,0.27082372511188624,0,,0.5640451022381783,0.13458071601911786,0.0159605339524087
1324,1324,bj920527,2025-06-12,25.66615691489362,1.1418252419807975,0.2317181732389834,traded,completed,UP,0.9666666666666668,2.675825267811191,5.0,0.0,5.0,swing_low,1.0,18.08865641216918,deep_pullback,20.1592420212766,6.0,pullback,long_lower_shadow,0.8750000000000001,20.05990768600805,ma_ma20,18.54650265957447,"形态止损: pit_rebound, 支撑 20.06 下方 1.25xATR=3.34 (被硬性止损 8% 截断)",24.191090425531915,"[22.1752, 24.1911]",9.0,20.86727393617021,initial_stop,,0.035121951219512,0.035121951219512,3.0,2025-06,-0.1804597701149426,0.035035408125233,,,1324,0.0,Smooth,-0.1287169020617234,0.16862499237060558,0.10812819826480968,0.26021605690915517,0.03748325701224887,0.033108770276303455,0.08870967741935484,2.1001214140624087e-33,1.706823897688356,0.3539285659790039,0.8819374274158562,0.04,0.52,0.25081580276966564,0.979022404056792,0.43748724365736275,0.3243339738605057,0.2381787824821316,0,,0.5996542305876156,0.13895078288679039,0.035121951219512
1342,1342,bj920527,2025-06-13,22.81436170212766,0.9556816280809955,0.2545118522553845,traded,completed,UP,0.85,2.839583139904451,6.0,0.0,6.0,swing_low,1.0,18.08865641216918,deep_pullback,20.1592420212766,5.0,pullback,long_lower_shadow,0.8575000000000002,19.864458977685523,poc,18.54650265957447,"形态止损: pit_rebound, 支撑 19.86 下方 1.25xATR=3.55 (被硬性止损 8% 截断)",24.191090425531915,"[22.1752, 24.1911]",8.0,20.86727393617021,initial_stop,,0.035121951219512,0.035121951219512,3.0,2025-06,-0.0655172413793102,0.0,,,1342,0.0,Smooth,-0.0312778767578311,0.1733749961853027,-0.021503047665945796,0.12412710470539179,0.038452726103261003,0.034321897745043024,0.0967741935483871,2.18099280528586e-33,1.2110314119600127,0.3539285659790039,0.651866718863736,0.032,0.496,-0.04586087548267481,0.7598693242183925,0.4314995414942484,0.30165424085393566,0.2668462176518158,0,,0.5823266619212162,0.1482090373432638,0.035121951219512
1362,1362,bj920061,2025-06-16,44.57475533133054,1.0891244319684752,0.2669838101776057,traded,completed,UP,0.8416666666666667,4.314435288362625,4.0,1.0,5.0,ma60_washed,0.9,37.53146398825636,deep_pullback,40.52613102159447,5.0,pullback,bullish_candle,0.8562500000000001,38.33563581330374,ma_ma20,37.28404053986692,"形态止损: washout, 支撑 38.34 下方 0.75xATR=3.24 (被硬性止损 8% 截断)",52.44833812785644,"[47.6803, 52.4483]",10.0,42.10170402883166,initial_stop,,0.0388779527559055,0.0388779527559055,5.0,2025-06,-0.0127516778523489,0.0593406593406593,,,1362,0.0,Smooth,0.002726715545529,0.3727250003814696,-0.0171618692818295,0.1275726600778455,0.05888291224146825,0.028103901445097276,0.08064516129032258,1.8522204463883436e-33,1.4836623902563186,0.35283020307432933,0.5989304976466174,0.048,0.536,0.0680751556280128,0.6781584472781277,0.49970023202266634,0.27858614384942415,0.22171362412790943,0,,0.6389933039473784,0.17060086696584797,0.0388779527559055
1364,1364,bj920075,2025-06-16,41.18535576102399,0.990605386144826,0.23116407774106,traded,completed,UP,0.8583333333333334,4.222728001349414,4.0,0.0,5.0,ma60_washed,0.9,30.578375572614604,deep_pullback,33.87225201730039,5.0,pullback,bullish_candle,0.8587500000000001,33.138334314372,poc,31.16247185591636,"形态止损: washout, 支撑 33.14 下方 0.75xATR=3.17 (被硬性止损 8% 截断)",40.64670242076047,"[37.2595, 40.6467]",13.0,34.412871245667056,dynamic_stop,D4,0.0159605339524087,0.0159605339524087,8.0,2025-06,-0.1873508353221957,0.0,,,1364,1.0,Pullback,-0.1237776968024473,0.4496750354766846,0.03305831605015541,0.20216659387218572,0.05177290402869408,0.03469575836107021,0.1532258064516129,2.2705905208528216e-33,2.4854662039908355,0.34375,0.7206060236150568,0.096,0.488,0.2069540603286666,0.874311981472736,0.37190635001530303,0.33738957780975337,0.2907040721749435,0,,0.5406011389201797,0.12496756370424998,0.0159605339524087
1365,1365,bj920781,2025-06-16,13.73,0.9463486575951056,0.2545118522553845,traded,completed,UP,0.7749999999999999,1.1820024778441482,4.0,0.0,4.0,ma_ma20,0.4,12.6235,deep_pullback,13.3,6.0,pullback,bullish_candle,0.8462500000000001,12.6235,ma_ma20,12.236,"形态止损: pit_rebound, 支撑 12.62 下方 1.25xATR=1.48 (被硬性止损 8% 截断)",15.96,"[14.63, 15.96]",13.0,13.65,dynamic_stop,D4,0.0263157894736842,0.0263157894736842,7.0,2025-06,-0.0961398397669337,0.1079545454545454,,,1365,1.0,Pullback,-0.1671140828769884,0.049825000762939456,0.03785057886533516,0.08604264788579075,0.03181313056898034,0.033791085338638935,0.10483870967741936,6.809004882335184e-33,1.4748778328555312,0.3639639402272437,0.5759076037435654,0.064,0.584,0.12460059176555571,1.4107559223014847,0.38723696256312706,0.3319048339087559,0.28085820352811713,0,,0.553189379517505,0.14079325362900705,0.0263157894736842
1380,1380,bj920199,2025-06-17,41.99,1.4014385577067947,0.2680795446295174,traded,completed,UP,0.8416666666666667,3.5483290494063056,3.0,0.0,4.0,ma60_washed,0.9,27.84083333333333,deep_pullback,33.92,4.0,pullback,bullish_candle,0.8562500000000001,33.9124,poc,31.25115321294527,"形态止损: washout, 支撑 33.91 下方 0.75xATR=2.66",40.704,"[37.312, 40.704]",9.0,40.704,initial_tp,,0.1999999999999999,0.1999999999999999,5.0,2025-06,-0.1390807335079781,0.1476349737219302,,,1380,0.0,Smooth,-0.1034225744173457,0.2105499982833864,0.20576672806737983,0.3438490044132756,0.06884729874885459,0.026482748728529217,0.13709677419354838,1.7084215677503184e-33,1.1802541015052017,0.3788819966340264,1.0,0.12,0.4,0.30894312725260087,1.4007487485803223,0.4475999920670839,0.27201973115978156,0.28038027677313465,0,,0.5836098576469747,0.15645386487929844,0.1999999999999999
1381,1381,bj920781,2025-06-17,14.65,1.3312315299765975,0.2598663287023454,traded,completed,UP,0.7749999999999999,1.2484021474649285,4.0,0.0,4.0,ma_ma20,0.4,12.8085,deep_pullback,13.3,5.0,pullback,bullish_candle,0.8462500000000001,12.8085,ma_ma20,12.236,"形态止损: pit_rebound, 支撑 12.81 下方 1.25xATR=1.56 (被硬性止损 8% 截断)",15.96,"[14.63, 15.96]",12.0,13.65,dynamic_stop,D4,0.0263157894736842,0.0263157894736842,7.0,2025-06,-0.146075085324232,0.0469798657718121,,,1381,1.0,Pullback,-0.1659999847412109,0.07077499628067016,0.05699993990021768,0.14122314773659816,0.03271842894224661,0.03471505844546738,0.11290322580645161,7.168113193076102e-33,1.711206482107509,0.32552553756589087,0.6771217757626667,0.056,0.544,0.11694148786345782,1.0542349148022458,0.37523322076735005,0.33631504064859125,0.28845173858405865,0,,0.5433907410916456,0.14120895693833263,0.0263157894736842
1399,1399,bj920204,2025-06-18,26.263733218843303,0.9828207705472548,0.2317181732389834,traded,completed,UP,0.7916666666666666,2.105628328955104,3.0,0.0,4.0,ma60_washed,0.9,20.682980842445332,shallow_pullback,26.173959728919417,1.0,pullback,bullish_candle,0.8487500000000001,25.32310654108526,poc,24.080042950605865,"形态止损: washout, 支撑 25.32 下方 0.75xATR=1.58 (被硬性止损 8% 截断)",31.4087516747033,"[28.7914, 31.4088]",2.0,24.85728187670244,dynamic_stop,D4,-0.0503048780487803,-0.0503048780487803,1.0,2025-06,-0.14330534000943,0.0469653179190749,,"{'structure_strength': np.float64(0.7916666666666666), 'trend': 'UP', 'atr_ratio': 0.08044745047225738, 'n_supports': 3, 'n_resistances': 0, 'top_support_source': 'ma60_washed', 'top_support_dist': -0.2097878556910569, 'v2_pattern': '', 'fine_score': 0.9828207705472548, 'operable_score': 0.2317181732389834, 'entry_day': 1}",1399,2.0,Failure,-0.1666666666666666,0.2349250221252442,0.05578335016596814,0.20863687759942473,0.046377815304768366,0.02541543929561957,0.0967741935483871,1.5632472170100155e-33,3.530516076531481,0.2884818176394615,0.9133090105586553,0.104,0.432,0.08124999580904846,0.9692674943001922,0.43152150354252006,0.2755992392164357,0.2928792572410443,0,,0.5693211231507379,0.13192205064285528,-0.0503048780487803
1414,1414,sh603398,2025-06-19,5.0,1.407458431006405,0.2769419411029528,traded,completed,RANGE,0.5,0.2536332718936375,1.0,2.0,1.0,swing_low,0.8,4.993,deep_pullback,5.34,4.0,pullback,bullish_candle,0.735,4.993,swing_low,4.9128,"形态止损: pit_rebound, 支撑 4.99 下方 1.25xATR=0.32 (被硬性止损 8% 截断)",9.259433333333336,"[8.4177, 9.2594]",9.0,6.0,dynamic_stop,D1,0.1235955056179776,0.1235955056179776,5.0,2025-06,-0.0119999999999999,0.2125984251968504,,,1414,0.0,Smooth,0.0227743551246273,-0.0025500011444091974,0.08942739935374111,0.0675632962249273,0.016859399289176614,0.01715171456837695,0.11290322580645161,1.5130571369837256e-32,1.42228030874929,0.23146476695209925,0.6484373341081936,0.096,0.6,0.1598173038756845,1.6933775700794544,0.4449000427210239,0.3195362023615238,0.2355637549174522,0,,0.6046681439017858,0.16745796949528013,0.1235955056179776
1418,1418,bj920204,2025-06-19,26.173959728919417,0.842194753855517,0.2717630626246351,traded,completed,UP,0.7916666666666666,2.28771009981312,3.0,0.0,4.0,ma60_washed,0.9,20.7541346455702,deep_pullback,22.94211409165955,2.0,pullback,long_lower_shadow,0.8487500000000001,25.193932463917005,poc,21.106744964326783,"无有效支撑, 使用最大止损 8%",27.53053690999146,"[25.2363, 27.5305]",3.0,23.46080536677533,dynamic_stop,D4,0.0226086956521738,0.0226086956521738,1.0,2025-06,-0.129287267343829,0.0,,,1418,2.0,Failure,-0.0678936521723256,0.1803000116348267,0.023134191933051884,0.15435591284525496,0.03310920032210776,0.026708253040300764,0.10483870967741936,1.637471882452836e-33,1.5261324453959937,0.30296752650049696,0.7744874923097778,0.112,0.44,0.02079392140627756,0.9741512943729654,0.3883480480506521,0.3016408889472285,0.3100110630021194,0,,0.5391684925242664,0.14652608079910232,0.0226086956521738
1432,1432,bj920895,2025-06-20,49.9,1.0120874289145214,0.2150847765199191,traded,completed,UP,0.825,4.597207743820992,5.0,0.0,5.0,ma_ma20,0.4,35.8545,deep_pullback,37.0,3.0,pullback,bullish_candle,0.8537500000000001,35.8545,ma_ma20,34.04,"形态止损: pit_rebound, 支撑 35.85 下方 1.25xATR=5.75 (被硬性止损 8% 截断)",44.4,"[40.7, 44.4]",4.0,36.08,dynamic_stop,D4,-0.0248648648648649,-0.0248648648648649,1.0,2025-06,-0.3486973947895792,0.0,,,1432,1.0,Pullback,-0.2606915223644875,0.09107500076293959,0.24431387397149718,0.34106742851625027,0.04073578667126084,0.0383908456359209,0.14516129032258066,7.503681382727511e-34,0.942871891938398,0.44954303892930486,1.0,0.168,0.464,0.34666667840419674,2.009626790765581,0.4030350657007615,0.34116070219888117,0.2558042321003574,0,,0.5736154168002021,0.12337594373085173,-0.0248648648648649
1451,1451,bj920895,2025-06-23,43.4,1.2344544418567696,0.2135552021861164,traded,completed,UP,0.825,5.261580044644861,5.0,1.0,5.0,ma_ma20,0.4,36.6815,deep_pullback,37.0,2.0,pullback,bullish_candle,0.8537500000000001,36.6815,ma_ma20,34.04,"形态止损: pit_rebound, 支撑 36.68 下方 1.25xATR=6.58 (被硬性止损 8% 截断)",51.59,"[46.9, 51.59]",3.0,36.08,dynamic_stop,D4,-0.0248648648648649,-0.0248648648648649,1.0,2025-06,-0.2576036866359447,0.0,,,1451,2.0,Failure,-0.1529968337211207,0.1720500087738035,0.013487001679724386,0.09533061217925587,0.05701834738149057,0.03829375410750901,0.14516129032258066,6.925691296327325e-34,1.4605344333288979,0.44954303892930486,0.6374417131722576,0.192,0.432,0.121714739089396,1.6253043780748397,0.40889442545973625,0.2732747782415808,0.3178307962986828,0,,0.5455318145805267,0.11650115696170334,-0.0248648648648649
1469,1469,bj920895,2025-06-24,36.89,1.291928824889526,0.236633622471284,traded,completed,UP,0.825,5.45870270535888,5.0,1.0,5.0,ma_ma20,0.4,37.19,deep_pullback,37.0,1.0,pullback,bullish_candle,0.8537500000000001,37.19,ma_ma20,34.04,"无有效支撑, 使用最大止损 8%",51.59,"[46.9, 51.59]",2.0,36.08,dynamic_stop,D4,-0.0248648648648649,-0.0248648648648649,1.0,2025-06,-0.1222553537544048,0.0099894847528918,,,1469,2.0,Failure,-0.1496848867872436,0.20055000305175774,-0.1200962109843815,-0.06522609994398965,0.06560387157513123,0.03889214114324381,0.14516129032258066,6.928129084064421e-34,2.8399373218423376,0.44954303892930486,0.3867005858573455,0.176,0.464,-0.030581057890167296,1.509371056261556,0.3687511273713,0.3075320059465872,0.32371686668211286,0,,0.5225171303445936,0.12364512135674124,-0.0248648648648649
1471,1471,sh603398,2025-06-24,4.8,0.8960169149202468,0.2769419411029528,traded,completed,RANGE,0.35,0.2498762365482435,1.0,1.0,1.0,ma_ma20,0.4,4.87475,deep_pullback,5.34,1.0,pullback,bullish_candle,0.6325000000000001,4.87475,ma_ma20,4.9128,"形态止损: pit_rebound, 支撑 4.87 下方 1.25xATR=0.31 (被硬性止损 8% 截断)",8.622900000000001,"[7.839, 8.6229]",6.0,6.0,dynamic_stop,D1,0.1235955056179776,0.1235955056179776,5.0,2025-06,0.05,0.2469635627530364,,,1471,1.0,Pullback,-0.0289017521606281,0.017325000762939434,0.010948548114035672,0.0427807668294784,0.020801197102881634,0.015963197168053025,0.12096774193548387,1.458803441613125e-32,1.3810127859541896,0.17794972199564002,0.75,0.08,0.632,-0.0294695659863915,0.9041281770262513,0.4173637182728342,0.3312470124049755,0.25138926932219036,0,,0.5829872244753219,0.1614536135844185,0.1235955056179776
1473,1473,bj920199,2025-06-24,35.3,0.8258803625165229,0.2717630626246351,traded,completed,UP,0.825,4.07174125793082,4.0,1.0,5.0,ma60_washed,0.9,28.5855,deep_pullback,36.01,1.0,pullback,bullish_candle,0.8537500000000001,33.933400000000006,poc,33.1292,"形态止损: washout, 支撑 33.93 下方 0.75xATR=3.05 (被硬性止损 8% 截断)",43.212,"[37.9, 43.212]",4.0,43.212,initial_tp,,0.1999999999999999,0.1999999999999999,3.0,2025-06,0.0651558073654392,0.2336134453781511,,,1473,0.0,Smooth,0.02957278211446,-0.05867500782012911,-0.01319878928663043,0.02529739184237001,0.026257984607217004,0.03245288832788602,0.16129032258064516,2.251757281542505e-33,0.7636552246568528,0.4379683704112266,0.4134981171278812,0.112,0.472,-0.11105575451739091,0.8170589519893104,0.44564261592698395,0.30434019916928673,0.25001718490372926,0,,0.5978127155116273,0.16246341444338955,0.1999999999999999
1490,1490,bj920305,2025-06-25,10.6,0.8757939302068483,0.2075699760555509,traded,completed,RANGE,0.3999999999999999,0.8458163662466727,1.0,3.0,1.0,ma_ma20,0.4,10.8645,deep_pullback,12.1,1.0,pullback,bullish_candle,0.64,10.8645,ma_ma20,11.132,"形态止损: pit_rebound, 支撑 10.86 下方 1.25xATR=1.06 (被硬性止损 8% 截断)",18.0045,"[12.9612, 18.0045]",2.0,11.67,initial_stop,,-0.0355371900826445,-0.0355371900826445,1.0,2025-06,0.6981132075471699,0.9073569482288828,,,1490,1.0,Pullback,0.4331209712291806,-0.02097500324249273,0.1975201521787886,0.08574529915704288,0.04034626517104132,0.020722698419693035,0.04032258064516129,1.8865247489966054e-33,1.11954342185385,0.34463720665490166,0.6178489427854318,0.024,0.808,0.20856209042905616,2.207148375384978,0.4095141824282647,0.35137562999610217,0.23911018757563313,0,,0.5852019974263158,0.12147036459344093,-0.0355371900826445
1505,1505,bj920088,2025-06-26,41.11,1.1561309755679594,0.2135552021861164,traded,completed,UP,0.7999999999999999,7.375225179907039,4.0,0.0,4.0,ma_ma20,0.4,39.40334921071377,deep_pullback,40.3,7.0,pullback,long_lower_shadow,0.8500000000000001,39.40334921071377,ma_ma20,37.076,"形态止损: pit_rebound, 支撑 39.40 下方 1.25xATR=9.22 (被硬性止损 8% 截断)",48.35999999999999,"[44.33, 48.36]",8.0,40.25,dynamic_stop,D4,-0.0012406947890818,-0.0012406947890818,1.0,2025-06,-0.081731938701046,0.0476081483462769,,,1505,2.0,Failure,-0.0828474212841016,-0.552699966430664,-0.03593493279200255,-0.06107884271600961,0.050454270938135724,0.038043439901602014,0.14516129032258066,2.4062659323615657e-33,0.9004153373653043,0.5953816576961337,0.401679871020253,0.184,0.384,-0.21839284896850586,1.0485989704975798,0.3578570936021636,0.3352536346017125,0.3068892717961239,0,,0.5254839109030198,0.11221982283844557,-0.0012406947890818
1507,1507,bj920748,2025-06-26,72.43256717384267,0.983278451509902,0.2135552021861164,traded,completed,UP,0.7999999999999999,10.17901747103106,4.0,0.0,4.0,ma_ma20,0.4,68.23337520233085,deep_pullback,67.55048235674975,6.0,pullback,long_lower_shadow,0.8500000000000001,68.23337520233085,ma_ma20,62.14644376820978,"无有效支撑, 使用最大止损 8%",81.06057882809971,"[74.3055, 81.0606]",7.0,66.89155066364519,dynamic_stop,D4,-0.0097546556310966,-0.0097546556310966,1.0,2025-06,-0.1483112858344485,0.0548804913873681,,,1507,2.0,Failure,-0.1347826649891272,0.02679992675781264,0.007310366228335141,-0.03955165531535676,0.03772219957748231,0.06561538796099513,0.16129032258064516,2.158545658254938e-33,1.0306601905868067,0.5612497652690746,0.5941575914887753,0.192,0.272,0.11976678327122858,0.9788659947837297,0.3854265425910116,0.29230372461044435,0.32226973279854404,0,,0.5315784048962338,0.11352133373538845,-0.0097546556310966
1508,1508,bj920943,2025-06-26,28.54,0.936940189009212,0.2598663287023454,traded,completed,UP,0.8833333333333334,2.24545697248316,5.0,0.0,5.0,poc,0.4,26.056638925438595,deep_pullback,26.28,7.0,pullback,long_lower_shadow,0.8625,26.056638925438595,poc,24.1776,"形态止损: pit_rebound, 支撑 26.06 下方 1.25xATR=2.81 (被硬性止损 8% 截断)",31.536,"[28.908, 31.536]",8.0,26.64,dynamic_stop,D4,0.0136986301369863,0.0136986301369863,1.0,2025-06,-0.0234758234057462,0.0050109614782336,,,1508,1.0,Pullback,0.0246323550551819,0.0635499811172485,0.24284770708292114,0.27233966697814416,0.051574925324357555,0.029005106319374196,0.11290322580645161,2.0326348034468392e-33,1.8240026796181543,0.30080796188242626,0.9741735545332237,0.12,0.48,0.40536977421508036,2.786872240871462,0.3819240482470562,0.3351739012120064,0.2829020505409373,0,,0.5495109988530594,0.1427994058535033,0.0136986301369863
1542,1542,bj920088,2025-06-30,41.51,0.85232016391005,0.2378425859118376,traded,completed,UP,0.7999999999999999,6.243613579436869,4.0,0.0,4.0,ma_ma20,0.4,40.803449507796856,deep_pullback,42.95,1.0,pullback,bullish_candle,0.8500000000000001,40.803449507796856,ma_ma20,39.514,"形态止损: pit_rebound, 支撑 40.80 下方 1.25xATR=7.80 (被硬性止损 8% 截断)",51.54,"[47.245, 51.54]",4.0,40.01,dynamic_stop,D4,-0.0684516880093132,-0.0684516880093132,3.0,2025-06,-0.0171043122139243,0.0756756756756757,,,1542,1.0,Pullback,-0.0354609935473898,-0.5407999801635743,0.023968786350456295,-0.12036193128675221,0.025851819362353683,0.03801074532198523,0.13709677419354838,2.5759729960964488e-33,0.7220671747269386,0.5694954937870199,0.34297519806230703,0.216,0.344,0.056880303303503243,0.7889964462087498,0.38523674071750913,0.360699851684506,0.2540634075979848,0,,0.5655866665597622,0.13452059533183008,-0.0684516880093132
1576,1576,sh605151,2025-07-02,22.62397727144544,1.3588202597677563,0.2606393490676115,traded,completed,UP,0.9833333333333334,1.1819926710084565,3.0,0.0,4.0,swing_low,1.0,16.910700756617622,deep_pullback,18.58,3.0,pullback,bullish_candle,0.8775000000000001,18.539009468646576,ma_ma20,17.652514965390232,"形态止损: washout, 支撑 18.54 下方 0.75xATR=0.89",22.296,"[20.438, 22.296]",6.0,19.21,initial_stop,,0.0339074273412272,0.0339074273412272,3.0,2025-07,-0.1137720941177812,0.0,,,1576,0.0,Smooth,-0.0506629526351709,0.14237498283386235,0.1482387268182721,0.2739279640278254,0.03646967000071913,0.012969939331190429,0.07258064516129033,1.5682587041199777e-33,0.7010563719972988,0.30080953014452044,1.0,0.096,0.544,0.34037687073481293,0.6467667396763873,0.4691067609203174,0.3181404749076596,0.21275276417202305,0,,0.6281769983741472,0.16372764395548378,0.0339074273412272
1580,1580,bj920088,2025-07-02,45.24,0.9665187112043234,0.2378425859118376,traded,completed,UP,0.8416666666666667,5.308314199665914,4.0,0.0,4.0,ma_ma20,0.4,42.65688343509568,deep_pullback,40.3,3.0,pullback,long_lower_shadow,0.8562500000000001,39.72725611040792,swing_low,37.076,"形态止损: pit_rebound, 支撑 39.73 下方 1.25xATR=6.64 (被硬性止损 8% 截断)",48.35999999999999,"[44.33, 48.36]",4.0,40.25,dynamic_stop,D4,-0.0012406947890818,-0.0012406947890818,1.0,2025-07,-0.1706454465075154,0.0334841628959274,,,1580,1.0,Pullback,-0.1266293934506903,-0.11825000762939446,0.044435794269846784,-0.0777640845301637,0.01900857152192043,0.03888879275195663,0.1532258064516129,2.7827706785589294e-33,0.6667943013871952,0.5649360074554639,0.380630086521927,0.192,0.36,0.06096977736031195,1.2362524187004555,0.3765813401322481,0.3417648835173368,0.2816537763504151,0,,0.5474637818909165,0.13021020157800983,-0.0012406947890818
1613,1613,bj920305,2025-07-04,14.58,1.15107106550319,0.2652808463436953,traded,completed,RANGE,0.6583333333333333,1.8986271497031264,5.0,1.0,6.0,ma60_washed,0.9,15.9135,deep_pullback,15.1,2.0,pullback,bullish_candle,0.77875,15.9135,ma60_washed,13.892,"无有效支撑, 使用最大止损 8%",32.45,"[29.5, 32.45]",10.0,16.3,dynamic_stop,D4,0.0794701986754966,0.0794701986754966,8.0,2025-07,0.199588477366255,0.2859767299448867,,,1613,0.0,Smooth,0.2492856979370117,0.06582500457763665,0.24804156753255757,0.45656180705081373,0.04637012285910055,0.032173783374322716,0.07258064516129033,3.308033099527558e-33,1.2600501488551543,0.5154518597984171,0.9072398451206878,0.064,0.6,0.45284699788579563,1.4951645024112028,0.42526842095437556,0.27323681075640305,0.30149476828922134,0,,0.5618868263325771,0.149057812838879,0.0794701986754966
1631,1631,bj920299,2025-07-07,23.989988981799183,0.9768526956619812,0.2521136591771812,traded,completed,UP,0.7666666666666667,1.7107774928592328,3.0,0.0,4.0,ma60_washed,0.9,20.387924221796943,deep_pullback,22.54026282644211,4.0,pullback,bullish_candle,0.8450000000000001,21.756454092672307,poc,20.737041800326743,"形态止损: washout, 支撑 21.76 下方 0.75xATR=1.28 (被硬性止损 8% 截断)",27.04831539173053,"[24.7943, 27.0483]",5.0,21.894836798372182,dynamic_stop,D4,-0.0286343612334799,-0.0286343612334799,1.0,2025-07,-0.152317880794702,0.0,,,1631,1.0,Pullback,-0.1180017162852503,0.0916000032424927,0.10280583738792104,0.1951923370361328,0.027327908698442437,0.02266946524113435,0.10483870967741936,1.583582810349891e-33,2.000541106204855,0.3233082803811055,0.7976744541933612,0.096,0.472,0.15681716496630993,1.5639557433604834,0.4137821581563732,0.3426719993984012,0.24354584244522548,0,,0.5851181578555738,0.14751627982798024,-0.0286343612334799
1650,1650,bj920914,2025-07-08,30.89,1.0582016712859024,0.2590002529440866,traded,completed,UP,0.825,3.160437379745221,5.0,0.0,6.0,ma60_washed,0.9,21.536309355544336,deep_pullback,28.88,3.0,pullback,long_lower_shadow,0.8537500000000001,28.58929808177688,poc,26.5696,"形态止损: washout, 支撑 28.59 下方 0.75xATR=2.37 (被硬性止损 8% 截断)",34.656,"[31.768, 34.656]",4.0,29.67,dynamic_stop,D4,0.0273545706371192,0.0273545706371192,1.0,2025-07,-0.016510197474911,0.1141822968081605,,,1650,0.0,Smooth,0.0368600666152918,0.045499992370605466,0.015606701844180781,0.049583800426570956,0.025462052817007204,0.03549451165372699,0.08527131782945736,2.896396083169096e-33,0.9756261093448283,0.43955400952868345,0.7536714229417858,0.13076923076923078,0.43846153846153846,0.0072919891547285065,1.0777923554622584,0.46807642523105897,0.2820007653906615,0.24992280937827954,0,,0.6090768079263897,0.15775104731531178,0.0273545706371192
1816,1816,bj920892,2025-07-22,20.911286681715573,1.934251903935734,0.2135552021861164,traded,completed,UP,0.8833333333333334,2.5478287199610583,4.0,1.0,5.0,swing_low,1.0,14.275056433408578,deep_pullback,17.683882618510157,8.0,pullback,long_lower_shadow,0.8625,17.508667042889392,ma_ma20,16.269172009029347,"形态止损: washout, 支撑 17.51 下方 0.75xATR=1.91 (被硬性止损 8% 截断)",26.720613995485333,"[24.2915, 26.7206]",11.0,17.71252821670429,initial_stop,,0.0016198704103671,0.0016198704103671,3.0,2025-07,-0.1456621004566207,0.0,,,1816,1.0,Pullback,-0.0602712592735368,-0.00392498493194573,0.06525455716680018,0.13218023956634317,0.04169408017924463,0.03240783028492383,0.10077519379844961,2.2906278637136813e-33,0.7969301400626088,0.39779876677617676,0.7025691720090957,0.1,0.45384615384615384,0.11592039201422555,1.359194073066508,0.39283309185454945,0.3385261306569565,0.2686407774884941,0,,0.5620961571830277,0.12003855849526056,0.0016198704103671
1820,1820,bj920082,2025-07-22,19.735509999929217,1.1332640441397055,0.224008461990219,traded,completed,UP,0.8166666666666667,1.0904475983464088,3.0,0.0,4.0,ma60_washed,0.9,14.440969422416575,shallow_pullback,15.513520539230074,8.0,pullback,long_lower_shadow,0.8525,15.219602408159698,ma_ma20,14.401766709399892,"形态止损: washout, 支撑 15.22 下方 0.75xATR=0.82",18.616224647076088,"[17.0649, 18.6162]",16.0,15.506472142801528,dynamic_stop,D4,-0.0004543389368468,-0.0004543389368468,8.0,2025-07,-0.1689285714285715,0.041545189504373,,"{'structure_strength': np.float64(0.8166666666666667), 'trend': 'UP', 'atr_ratio': 0.07029014436722608, 'n_supports': 3, 'n_resistances': 0, 'top_support_source': 'ma60_washed', 'top_support_dist': -0.06913653893719783, 'v2_pattern': '', 'fine_score': 1.1332640441397055, 'operable_score': 0.22400846199021907, 'entry_day': 8}",1820,0.0,Smooth,-0.0287979404455044,0.09019999504089356,0.2335633837283264,0.2900395240557765,0.06466526998581196,0.021852283296433885,0.06201550387596899,1.7848986902081228e-33,2.867688303923896,0.3006559708247955,1.0,0.06153846153846154,0.6846153846153846,0.36178665278104205,2.7986436437664026,0.4498372318532172,0.273973518113135,0.2761892500336478,0,,0.5868239909097848,0.13145353966266315,-0.0004543389368468
1821,1821,bj920682,2025-07-22,10.280602319491209,0.8951240960199373,0.2374195906443447,traded,completed,RANGE,0.7083333333333333,0.5537671597054135,5.0,0.0,6.0,swing_low,1.0,8.020824915824917,deep_pullback,8.716517022072578,5.0,pullback,bullish_candle,0.68625,8.52630144032922,poc,8.11097607055016,"形态止损: washout, 支撑 8.53 下方 0.75xATR=0.42",10.459820426487092,"[9.5882, 10.4598]",6.0,8.521006359895251,dynamic_stop,D4,-0.0224299065420557,-0.0224299065420557,1.0,2025-07,-0.1402535657686211,0.0,,,1821,0.0,Smooth,-0.0269057620918636,0.0372250032424926,0.2336823613514165,0.29780844397782635,0.038215455841268585,0.014405875213529044,0.023255813953488372,2.5594885573121238e-33,5.18988131983991,0.27748293888162123,0.9207650344417149,0.1,0.6230769230769231,0.3340227008016978,2.2225922856913742,0.4612444201958294,0.29314731326315036,0.24560826654102028,0,,0.6078180768274046,0.14430791898659526,-0.0224299065420557
1823,1823,sz300897,2025-07-22,19.61248568155785,0.8029351204085399,0.2582802123168373,traded,completed,UP,0.825,1.9027513307065669,4.0,0.0,5.0,swing_low,1.0,12.772315758640666,shallow_pullback,19.39147984508809,8.0,pullback,bullish_candle,0.8537500000000001,18.480983611027312,poc,17.840161457481045,"形态止损: washout, 支撑 18.48 下方 0.75xATR=1.43 (被硬性止损 8% 截断)",23.26977581410571,"[21.3306, 23.2698]",10.0,21.195172639502537,initial_stop,,0.0930147058823529,0.0930147058823529,2.0,2025-07,0.1432206470374408,0.2428115015974441,,"{'structure_strength': np.float64(0.825), 'trend': 'UP', 'atr_ratio': 0.09812305950381287, 'n_supports': 4, 'n_resistances': 0, 'top_support_source': 'swing_low', 'top_support_dist': -0.34134393761206816, 'v2_pattern': '', 'fine_score': 0.8029351204085399, 'operable_score': 0.2582802123168373, 'entry_day': 8}",1823,1.0,Pullback,0.0958188127838344,0.054475002288818256,0.07240749366402732,0.15250862964577805,0.04088920365882856,0.02820340273356979,0.0673076923076923,2.2357866072607175e-33,0.9853413587964756,0.41023166123868055,0.7717647178500306,0.13333333333333333,0.2761904761904762,0.0598194190049568,1.066085247742479,0.3705662340840959,0.32461835697727864,0.3048154089386255,0,,0.5328754125727352,0.1376311746977083,0.0930147058823529
1851,1851,bj920892,2025-07-24,19.54584650112867,0.8187140873257598,0.2717630626246351,traded,completed,UP,0.85,2.3214460273621733,5.0,1.0,6.0,swing_low,1.0,14.275056433408578,shallow_pullback,18.81060948081264,2.0,pullback,bullish_candle,0.8575000000000002,17.88917607223476,ma_ma20,17.30576072234763,"形态止损: washout, 支撑 17.89 下方 0.75xATR=1.74 (被硬性止损 8% 截断)",26.720613995485333,"[24.2915, 26.7206]",4.0,18.896546275395032,dynamic_stop,D4,0.0045685279187817,0.0045685279187817,2.0,2025-07,-0.0405471421592573,0.0014584346135149,,"{'structure_strength': np.float64(0.85), 'trend': 'UP', 'atr_ratio': 0.12341152633731058, 'n_supports': 5, 'n_resistances': 1, 'top_support_source': 'swing_low', 'top_support_dist': -0.24111675126903553, 'v2_pattern': '', 'fine_score': 0.8187140873257598, 'operable_score': 0.2717630626246351, 'entry_day': 2}",1851,0.0,Smooth,0.0113284918892995,0.012074990272521902,-0.032864749486406275,0.0024529100013157557,0.04207479251355733,0.03304323152050359,0.11627906976744186,2.3727649732000804e-33,0.9281702250945097,0.39779876677617676,0.5187746605362628,0.11538461538461539,0.4461538461538462,-0.06500001387162646,0.5275201067324514,0.41349967291206857,0.333843094571928,0.2526572325160034,0,,0.5804212201980326,0.15773704841334504,0.0045685279187817
1921,1921,bj920305,2025-07-30,16.87,1.0380825334705854,0.2344103026620404,traded,completed,UP,0.7749999999999999,2.258615772656916,4.0,0.0,5.0,ma60_washed,0.9,13.687666666666669,shallow_pullback,16.06,8.0,pullback,long_lower_shadow,0.8462500000000001,15.4445,ma_ma20,14.7752,"形态止损: washout, 支撑 15.44 下方 0.75xATR=1.69 (被硬性止损 8% 截断)",19.272,"[17.666, 19.272]",9.0,17.34,initial_stop,,0.0797011207970113,0.0797011207970113,1.0,2025-07,-0.0574985180794309,0.1526548672566372,,"{'structure_strength': np.float64(0.7749999999999999), 'trend': 'UP', 'atr_ratio': 0.1406361004145029, 'n_supports': 4, 'n_resistances': 0, 'top_support_source': 'ma60_washed', 'top_support_dist': -0.14771689497716886, 'v2_pattern': '', 'fine_score': 1.0380825334705854, 'operable_score': 0.23441030266204044, 'entry_day': 8}",1921,1.0,Pullback,-0.1735966835925685,-0.09034999370574948,0.1475357740907013,0.056517033940150396,0.041274785333675464,0.05875892496061303,0.125,4.7110720171624136e-33,1.0587289149173094,0.5,0.7219047546386719,0.10476190476190476,0.5333333333333333,0.08263467651026035,1.774122550738187,0.4127294331554395,0.33792989411868135,0.24934067272587923,0,,0.5816943802147801,0.13635515572295462,0.0797011207970113
1923,1923,bj920786,2025-07-30,12.24,1.0031985101592054,0.2374195906443447,traded,completed,UP,0.9166666666666666,1.0253199103142387,4.0,0.0,5.0,swing_low,1.0,10.13,deep_pullback,10.96,4.0,pullback,long_lower_shadow,0.9475,10.53525,swing_low,10.0832,"形态止损: washout, 支撑 10.54 下方 0.75xATR=0.77 (被硬性止损 8% 截断)",13.152,"[12.056, 13.152]",6.0,10.86,initial_stop,,-0.009124087591241,-0.009124087591241,2.0,2025-07,-0.0972222222222222,0.0062893081761006,,,1923,0.0,Smooth,-0.0579709614696049,0.057899999618530276,0.11662206656615748,0.21366327815746167,0.032480592105899285,0.02350626987442697,0.08527131782945736,5.8179354312998195e-33,2.540654082359348,0.32906895628036914,0.7084234569271872,0.046153846153846156,0.5,0.22779929426257173,1.2744370652598573,0.42177636877516683,0.2966421653662724,0.2815814658585607,0,,0.570097451458303,0.1353523035526145,-0.009124087591241
1938,1938,bj920305,2025-07-31,18.63,0.9120579482168546,0.2378425859118376,traded,completed,UP,0.8333333333333334,2.5148003363026605,3.0,1.0,4.0,ma60_washed,0.9,13.554166666666667,deep_pullback,17.31,8.0,pullback,bullish_candle,0.8550000000000001,15.7785,ma_ma20,15.9252,"形态止损: washout, 支撑 15.78 下方 0.75xATR=1.89 (被硬性止损 8% 截断)",23.1,"[21.0, 23.1]",13.0,16.36,dynamic_stop,D2,-0.0548815713460427,-0.0548815713460427,5.0,2025-07,-0.1433172302737518,0.0582120582120582,,,1938,0.0,Smooth,-0.113333331214057,-0.03222499608993523,0.17442391536813795,0.10731687437386306,0.04950592975546008,0.05997508440180382,0.125,4.777386798774128e-33,1.5464505000589595,0.4214285895937965,0.8011299262125511,0.08571428571428572,0.5047619047619047,0.2517891941687749,1.5751767968733374,0.37353909694780324,0.34255347496909055,0.2839074280831062,0,,0.5448158344323485,0.12958040690710534,-0.0548815713460427
1971,1971,bj920885,2025-08-04,26.5,1.5152276609280506,0.2449707498188675,traded,completed,UP,0.7999999999999999,2.164061963024454,4.0,0.0,4.0,swing_low,1.0,17.01836051800857,shallow_pullback,24.78,4.0,pullback,long_lower_shadow,0.8500000000000001,24.333,poc,22.797600000000003,"形态止损: pit_rebound, 支撑 24.33 下方 1.25xATR=2.71 (被硬性止损 8% 截断)",29.736,"[27.258, 29.736]",7.0,24.6,dynamic_stop,D4,-0.0072639225181597,-0.0072639225181597,3.0,2025-08,-0.1177358490566038,0.073438070880526,,"{'structure_strength': np.float64(0.7999999999999999), 'trend': 'UP', 'atr_ratio': 0.0873309912439247, 'n_supports': 4, 'n_resistances': 0, 'top_support_source': 'swing_low', 'top_support_dist': -0.3132219322837542, 'v2_pattern': '', 'fine_score': 1.5152276609280506, 'operable_score': 0.24497074981886754, 'entry_day': 4}",1971,0.0,Smooth,-0.0955513030658876,0.1534749984741211,0.09313846260577607,0.2019938433584476,0.046701217273458016,0.023289713089164478,0.05426356589147287,2.9137951905194217e-33,1.919471067033364,0.3155956714419537,0.7338283406165207,0.046153846153846156,0.5769230769230769,0.13145929040797633,1.4339230510947214,0.493989151570903,0.25339854413639384,0.25261230429270315,0,,0.6206884236390999,0.1520505085427612,-0.0072639225181597
1974,1974,sz300289,2025-08-04,9.78,1.0604391259955008,0.2059063748399846,traded,completed,UP,0.825,0.6802494286722509,4.0,0.0,4.0,swing_low,0.6,4.88,deep_pullback,10.47,3.0,pullback,bullish_candle,0.8537500000000001,9.4406,poc,9.6324,"形态止损: pit_rebound, 支撑 9.44 下方 1.25xATR=0.85 (被硬性止损 8% 截断)",12.564,"[11.517, 12.564]",5.0,10.8,initial_stop,,0.0315186246418337,0.0315186246418337,2.0,2025-08,-0.1840490797546011,0.150887573964497,,,1974,1.0,Pullback,-0.1316648113774284,0.09799999952316281,0.309992947424069,0.5927119139290689,0.06294570108523129,0.01191725020409581,0.031007751937984496,3.8157143426171906e-33,8.554928670596993,0.47731755312760493,1.0,0.3384615384615385,0.26153846153846155,0.7274276901211525,1.6833320397373859,0.38153596008763435,0.31133443853835513,0.30712960137401046,0,,0.5372031793568119,0.11061355921387521,0.0315186246418337
1992,1992,bj920885,2025-08-05,25.59,1.2076479843875048,0.2689480989495284,traded,completed,UP,0.7999999999999999,2.366187034621193,4.0,1.0,4.0,swing_low,1.0,17.01836051800857,shallow_pullback,24.78,3.0,pullback,long_lower_shadow,0.8500000000000001,24.333,poc,22.797600000000003,"形态止损: pit_rebound, 支撑 24.33 下方 1.25xATR=2.96 (被硬性止损 8% 截断)",29.736,"[26.88, 29.736]",6.0,24.6,dynamic_stop,D4,-0.0072639225181597,-0.0072639225181597,3.0,2025-08,-0.1383352872215708,0.0793036750483557,,"{'structure_strength': np.float64(0.7999999999999999), 'trend': 'UP', 'atr_ratio': 0.09548777379423702, 'n_supports': 4, 'n_resistances': 1, 'top_support_source': 'swing_low', 'top_support_dist': -0.3132219322837542, 'v2_pattern': '', 'fine_score': 1.2076479843875048, 'operable_score': 0.2689480989495284, 'entry_day': 3}",1992,0.0,Smooth,-0.1420234014600642,0.1522250080108641,0.007875866943604093,0.11301678379603453,0.04468541496040258,0.023900047995527904,0.06201550387596899,2.9530114565384636e-33,1.7375762444015932,0.3155956714419537,0.5726405658535993,0.046153846153846156,0.5384615384615384,0.06510094330058536,1.2184679710445128,0.5187863140629151,0.25369374307092485,0.22751994286615995,0,,0.6456331855983775,0.17364181788541166,-0.0072639225181597
2008,2008,bj920663,2025-08-06,26.694512414528194,1.3912736110650137,0.2680795446295174,traded,completed,UP,0.85,2.020221036330163,5.0,0.0,6.0,swing_low,1.0,18.41276134819835,deep_pullback,24.063748872226864,5.0,pullback,bullish_candle,0.8575000000000002,23.2411516690183,poc,22.13864896244872,"形态止损: washout, 支撑 23.24 下方 0.75xATR=1.52 (被硬性止损 8% 截断)",28.87649864667224,"[26.4701, 28.8765]",8.0,24.431282014166023,initial_stop,,0.0152733118971062,0.0152733118971062,3.0,2025-08,-0.15,0.0,,,2008,2.0,Failure,-0.1069661714627251,-0.0033749914169311167,0.14516227616368504,0.20120032802701626,0.030036624096917944,0.023571171168865174,0.05426356589147287,1.5083670089889954e-33,0.908861807817853,0.31527778348069146,0.8920705340891307,0.08461538461538462,0.4846153846153846,0.1899059321399923,1.7425865217252021,0.3750053763349591,0.31951008302836403,0.3054845406366769,0,,0.5347604178491412,0.14335832930288822,0.0152733118971062
2026,2026,bj920706,2025-08-07,25.36859060402685,1.0358323138640575,0.2669838101776057,traded,completed,UP,0.7999999999999999,2.674771638055955,5.0,0.0,6.0,swing_low,1.0,19.28638936759273,deep_pullback,28.706040268456373,1.0,pullback,bullish_candle,0.8500000000000001,24.83668456375839,ma_ma20,26.409557046979863,"形态止损: washout, 支撑 24.84 下方 0.75xATR=2.01 (被硬性止损 8% 截断)",34.447248322147644,"[31.5766, 34.4472]",3.0,28.348456375838925,initial_stop,,-0.0124567474048442,-0.0124567474048442,2.0,2025-08,0.0254502740798747,0.2012336160370085,,,2026,2.0,Failure,-0.0931439994764037,-0.15037499427795406,0.017175146439511124,-0.07673140617324226,0.018287473008035463,0.032844056420288294,0.08527131782945736,2.7476815988310382e-33,0.6998926598774489,0.49332963384737033,0.4343662530603543,0.09230769230769231,0.5769230769230769,-0.011056005079670195,1.4297615882300807,0.42202848796530457,0.30912372706781244,0.26884778496688305,0,,0.5765903514992108,0.15394028895490425,-0.0124567474048442
2048,2048,bj920879,2025-08-08,24.28204139680778,0.8409939340331157,0.2378425859118376,traded,completed,UP,0.825,2.569659110796999,4.0,0.0,4.0,swing_low,0.6,13.078741809256224,deep_pullback,24.109303297440245,6.0,pullback,bullish_candle,0.8537500000000001,23.92217035645875,ma_ma20,22.180559033645025,"形态止损: pit_rebound, 支撑 23.92 下方 1.25xATR=3.21 (被硬性止损 8% 截断)",28.93116395692829,"[26.5202, 28.9312]",8.0,24.002370188307964,dynamic_stop,D4,-0.0044353462981916,-0.0044353462981916,2.0,2025-08,-0.1432164250941152,0.0214477211796246,,,2048,2.0,Failure,-0.1236934163776513,-0.16712502479553243,0.04051887438469759,-0.05495851112019223,0.02287485867727617,0.03427711414926749,0.13953488372093023,3.96694057282141e-33,0.8867331514730461,0.5486050871331545,0.3627334266421043,0.16923076923076924,0.4076923076923077,0.04445223910848517,1.2252846690479826,0.3746112891216124,0.31331431728356285,0.3120743935948248,0,,0.5312684477633938,0.1263582614294136,-0.0044353462981916
2154,2154,sh603221,2025-08-18,16.94,0.953776713660398,0.224008461990219,traded,completed,UP,0.8666666666666667,0.7792876991100794,3.0,0.0,4.0,ma60_washed,0.9,11.379225491240913,deep_pullback,12.22,8.0,pullback,long_lower_shadow,0.8600000000000001,12.0005,ma_ma20,11.416034225667442,"形态止损: washout, 支撑 12.00 下方 0.75xATR=0.58",14.664,"[13.442, 14.664]",26.0,13.22,dynamic_stop,D4,0.0818330605564647,0.0818330605564647,18.0,2025-08,-0.2166469893742622,0.0445103857566766,,,2154,0.0,Smooth,-0.1252471726417054,0.15602500438690187,0.14703882340610197,0.349529499686311,0.041027254661761686,0.011440078667012816,0.046511627906976744,2.3484740481953696e-33,0.6880204505957211,0.36320478935796835,1.0,0.19230769230769232,0.3923076923076923,0.33096371126055857,0.318437677168543,0.4579976309773274,0.32228767922171264,0.21971468980096,0,,0.6191414705881837,0.13869292858082144,0.0818330605564647
2236,2236,bj920223,2025-08-25,14.27,0.9280263337002452,0.2545118522553845,traded,completed,UP,0.85,0.97752647886072,4.0,1.0,5.0,swing_low,1.0,10.83,deep_pullback,15.57,1.0,pullback,bullish_candle,0.8575000000000002,14.0634,poc,14.3244,"形态止损: washout, 支撑 14.06 下方 0.75xATR=0.73 (被硬性止损 8% 截断)",18.684,"[17.127, 18.684]",3.0,18.684,initial_tp,,0.1999999999999999,0.1999999999999999,2.0,2025-08,0.3391730903994394,1.2640099626400998,,,2236,0.0,Smooth,0.1899129044728276,0.033499996662139875,0.06271261340998135,0.15430958192370148,0.02050642179473793,0.01944600659714831,0.05426356589147287,1.5076476757773084e-33,0.690835993947188,0.2819999694824219,0.8510637866150105,0.046153846153846156,0.5769230769230769,0.0605165817919997,1.3486484740646782,0.47815207462822656,0.29745439498014936,0.22439353039162396,0,,0.6268792721183012,0.15954820468733602,0.1999999999999999
2349,2349,sh688585,2025-09-02,89.0,0.9773755960031538,0.2135552021861164,traded,completed,UP,0.8083333333333333,8.444878362023932,4.0,1.0,4.0,ma_ma20,0.4,88.039,deep_pullback,90.0,8.0,pullback,bullish_candle,0.8512500000000001,84.6275,poc,82.8,"形态止损: pit_rebound, 支撑 84.63 下方 1.25xATR=10.56 (被硬性止损 8% 截断)",112.31,"[102.1, 112.31]",9.0,99.24,initial_stop,,0.1026666666666666,0.1026666666666666,1.0,2025-09,-0.0016853932584269,0.353483606557377,,,2349,1.0,Pullback,-0.0037503650405762,0.2285999298095703,0.11637268846224846,0.12986063671362436,0.038195820043931315,0.03944810113762756,0.11403508771929824,5.615166006734482e-33,1.9847001171158987,0.2504405911876982,0.822517568782357,0.05217391304347826,0.5826086956521739,0.25128203171950125,1.5397240333410176,0.35831016681057504,0.34107419445747306,0.3006156387319519,0,,0.5288472640393116,0.11293808439748967,0.1026666666666666
2384,2384,bj920237,2025-09-04,28.94172494172493,1.0047294114425165,0.2236829163902548,traded,completed,RANGE,0.7999999999999999,1.5793274665006674,3.0,0.0,4.0,swing_low,1.0,20.05797202797202,deep_pullback,27.132867132867126,7.0,pullback,bullish_candle,0.7000000000000001,26.89228904428904,poc,25.707793444413536,"形态止损: washout, 支撑 26.89 下方 0.75xATR=1.18",32.55944055944055,"[29.8462, 32.5594]",9.0,27.060512820512816,initial_stop,,-0.0026666666666665,-0.0026666666666665,2.0,2025-09,-0.1771875,0.2961346633416459,,,2384,1.0,Pullback,-0.2807976103594714,0.14907502174377446,0.2256204127845034,0.3164446890532082,0.05817921639876089,0.014555789812946055,0.046511627906976744,9.4223546249415e-34,3.0242303246821476,0.31016216029813615,1.0,0.13846153846153847,0.4846153846153846,0.34676751645908976,2.3223031381160184,0.40323693047145187,0.32246915234781937,0.2742939171807287,0,,0.5644715066453616,0.12626263282563557,-0.0026666666666665
2418,2418,bj920839,2025-09-08,41.44,0.8717020208472924,0.2717630626246351,traded,completed,UP,0.85,3.307591539907098,4.0,0.0,5.0,swing_low,1.0,29.65,deep_pullback,40.51,1.0,pullback,long_lower_shadow,0.8575000000000002,39.709,ma_ma20,37.2692,"形态止损: washout, 支撑 39.71 下方 0.75xATR=2.48 (被硬性止损 8% 截断)",48.612,"[44.561, 48.612]",4.0,39.84,initial_stop,,-0.0165391261416932,-0.0165391261416932,3.0,2025-09,0.2840250965250965,0.4507747318235995,,,2418,1.0,Pullback,0.3016144250048547,-0.07204999923706054,0.0436102305269741,0.008655941549188917,0.017020551972739086,0.029023771346902434,0.06976744186046512,1.3401131023775144e-33,0.6258843373829887,0.4538116455078125,0.4545454682525957,0.16923076923076924,0.6230769230769231,0.04535259522507906,1.4414165599420903,0.42589720850060653,0.2931842855078893,0.2809185059915041,0,,0.5724893512545511,0.1555814594169273,-0.0165391261416932
2462,2462,bj920223,2025-09-11,21.75,0.9860642159311128,0.2344103026620404,traded,completed,UP,0.85,3.007986837980229,4.0,0.0,5.0,swing_low,1.0,10.823333333333332,deep_pullback,20.03,7.0,pullback,long_lower_shadow,0.8575000000000002,18.868,ma_ma20,18.4276,"形态止损: washout, 支撑 18.87 下方 0.75xATR=2.26 (被硬性止损 8% 截断)",24.036,"[22.033, 24.036]",9.0,19.11,dynamic_stop,D2,-0.0459311033449826,-0.0459311033449826,2.0,2025-09,-0.1779310344827587,0.0241238051888939,,,2462,2.0,Failure,-0.1485714685349237,-0.23822499752044682,0.04226952499314174,-0.020056826222353386,0.0341022001963693,0.04868441386575891,0.11627906976744186,5.3413040871503354e-33,0.6356927928812383,0.6465896544068985,0.3879199848190952,0.2,0.4230769230769231,0.0412321761211345,1.2242997796487116,0.34935832320333987,0.30314783859495753,0.34749383820170254,0,,0.5009322425008187,0.11742367857779153,-0.0459311033449826
2480,2480,bj920906,2025-09-12,33.856247033189426,1.3660484759700853,0.2669838101776057,traded,completed,UP,0.825,3.509013420386794,4.0,0.0,5.0,swing_low,1.0,23.59979572607616,deep_pullback,34.15497862465874,2.0,pullback,bullish_candle,0.8537500000000001,32.49024704259739,poc,31.42258033468604,"形态止损: washout, 支撑 32.49 下方 0.75xATR=2.63 (被硬性止损 8% 截断)",40.985974349590485,"[37.5705, 40.986]",4.0,33.55751544172011,dynamic_stop,D4,-0.017492711370262,-0.017492711370262,2.0,2025-09,-0.1411764705882353,0.0823737821080603,,,2480,2.0,Failure,-0.1097560535932413,-0.056500015258789206,0.0531061172792926,0.02838401172047611,0.025893434390656105,0.03127391658422021,0.07751937984496124,1.9115813001086992e-33,0.6371443605066336,0.4617893437333907,0.5433905021533699,0.09230769230769231,0.5538461538461539,0.045693101887162246,1.3472152583198151,0.48097598721329077,0.26442974065536157,0.2545942721313477,0,,0.6131908575409716,0.16371203151236202,-0.017492711370262
2481,2481,bj920580,2025-09-12,19.209051532712422,1.26149753696034,0.2669838101776057,traded,completed,UP,0.8916666666666666,2.218213904301929,3.0,0.0,4.0,ma60_washed,0.9,15.26080059882658,deep_pullback,17.299088873840965,8.0,pullback,bullish_candle,0.86375,16.645523526508388,ma_ma20,15.915161763933687,"形态止损: washout, 支撑 16.65 下方 0.75xATR=1.66 (被硬性止损 8% 截断)",20.75890664860916,"[19.029, 20.7589]",9.0,16.354055266586858,dynamic_stop,D4,-0.0546290971822887,-0.0546290971822887,1.0,2025-09,-0.1610564474365614,0.0449722081859524,,,2481,2.0,Failure,-0.1606216889464102,-0.017825007438659668,0.05078720957437044,0.10367524687261409,0.028310241402433017,0.03040922240229473,0.10852713178294573,2.5220305364981396e-33,0.6623920729375616,0.4806403763114974,0.4523625673029198,0.08461538461538462,0.5615384615384615,0.03612568168988295,1.098348618278127,0.4391189238024826,0.30856879293508194,0.25231228326243554,0,,0.5934033202700235,0.1584290794177329,-0.0546290971822887
2515,2515,bj920906,2025-09-16,34.15497862465874,1.1074253116047468,0.2669838101776057,traded,completed,UP,0.825,3.264544289798528,4.0,0.0,5.0,swing_low,1.0,23.59979572607616,deep_pullback,30.669776724183365,6.0,pullback,long_lower_shadow,0.8537500000000001,30.08027971701724,ma_ma20,28.216194586248697,"形态止损: washout, 支撑 30.08 下方 0.75xATR=2.45 (被硬性止损 8% 截断)",36.80373206902004,"[33.7368, 36.8037]",7.0,29.47485035830609,dynamic_stop,D4,-0.0389610389610389,-0.0389610389610389,1.0,2025-09,-0.1507288629737608,0.0744431418522861,,,2515,2.0,Failure,-0.1747875413497522,0.0348750066757205,0.030566598397588463,0.024747684268374925,0.025056267376569547,0.03273593448198161,0.07751937984496124,2.028616298230007e-33,0.9507345084309927,0.4617893437333907,0.5560040252566861,0.1,0.49230769230769234,0.11140058905385697,1.1201754385964913,0.4341951813728864,0.28887797615800154,0.276926842469112,0,,0.5786341694518872,0.15448595525921918,-0.0389610389610389
2547,2547,bj920834,2025-09-18,25.508301280660724,1.519056769909779,0.2515266875842168,traded,completed,UP,0.8666666666666667,1.9928891477497528,5.0,0.0,5.0,ma_ma20,0.4,15.538970378220958,shallow_pullback,16.34178405208578,7.0,pullback,bullish_candle,0.8600000000000001,15.538970378220958,ma_ma20,15.03444132791892,"形态止损: pit_rebound, 支撑 15.54 下方 1.25xATR=2.49 (被硬性止损 8% 截断)",19.610140862502934,"[17.976, 19.6101]",8.0,16.066305452773076,dynamic_stop,D4,-0.0168573148705599,-0.0168573148705599,1.0,2025-09,-0.3948385698808234,0.0,,"{'structure_strength': np.float64(0.8666666666666667), 'trend': 'UP', 'atr_ratio': 0.12195052519344671, 'n_supports': 5, 'n_resistances': 0, 'top_support_source': 'ma_ma20', 'top_support_dist': -0.049126440008388, 'v2_pattern': '', 'fine_score': 1.519056769909779, 'operable_score': 0.25152668758421687, 'entry_day': 7}",2547,2.0,Failure,-0.182812554327148,0.17247500181198117,0.3585181719406003,0.5609834227122887,0.09273232222961293,0.026290047090914096,0.06976744186046512,2.081394469738665e-33,1.7784797133365682,0.4630769216097318,1.0,0.15384615384615385,0.5769230769230769,0.6916070392705962,1.4874415627344706,0.428471676161205,0.28172560865479507,0.2898027151839999,0,,0.5693344804886026,0.14320281600477913,-0.0168573148705599
2563,2563,bj920834,2025-09-19,17.836189126246612,1.209433499000354,0.236633622471284,traded,completed,UP,0.8666666666666667,2.616690844503596,5.0,0.0,5.0,ma_ma20,0.4,15.760696381660546,deep_pullback,16.34178405208578,6.0,pullback,bullish_candle,0.8600000000000001,15.760696381660546,ma_ma20,15.03444132791892,"形态止损: pit_rebound, 支撑 15.76 下方 1.25xATR=3.27 (被硬性止损 8% 截断)",19.610140862502934,"[17.976, 19.6101]",7.0,16.066305452773076,dynamic_stop,D4,-0.0168573148705599,-0.0168573148705599,1.0,2025-09,-0.0881978338678937,0.0,,,2563,1.0,Pullback,-0.0713482362274956,0.2493250083923339,-0.06240840421134153,0.11838149852789859,0.10567357718644049,0.02889903542429705,0.06976744186046512,2.122093272773437e-33,3.880713474602721,0.4630769216097318,0.43521600842148284,0.16153846153846155,0.6153846153846154,0.26649082824476356,1.558787443209528,0.42998598571917346,0.2986374061451265,0.27137660813569997,0,,0.5793046887917367,0.13708296702338849,-0.0168573148705599
2579,2579,bj920834,2025-09-22,17.207573935639992,1.311349545545612,0.2669838101776057,traded,completed,UP,0.8666666666666667,2.484946322292331,4.0,0.0,4.0,ma_ma20,0.4,15.91914217615388,deep_pullback,16.34178405208578,5.0,pullback,bullish_candle,0.8600000000000001,15.91914217615388,ma_ma20,15.03444132791892,"形态止损: pit_rebound, 支撑 15.92 下方 1.25xATR=3.11 (被硬性止损 8% 截断)",19.610140862502934,"[17.976, 19.6101]",6.0,16.066305452773076,dynamic_stop,D4,-0.0168573148705599,-0.0168573148705599,1.0,2025-09,-0.0417381360777583,0.0,,,2579,0.0,Smooth,-0.0340057717357762,0.2764000034332275,-0.15759587217259985,0.020281393935249747,0.10699359363804863,0.028754596736492218,0.07751937984496124,2.2910178917862515e-33,2.5979754788603344,0.4630769216097318,0.318936811551499,0.13846153846153847,0.6538461538461539,-0.11000003814697268,0.8441798364207379,0.430520831761319,0.3138805889874943,0.2555985792511867,0,,0.5874611262550662,0.15684260981880505,-0.0168573148705599
2595,2595,bj920834,2025-09-23,17.05015759317559,0.913665868431241,0.2545118522553845,traded,completed,UP,0.8666666666666667,2.304477474181739,4.0,0.0,4.0,ma_ma20,0.4,16.072627255501082,deep_pullback,16.34178405208578,4.0,pullback,bullish_candle,0.8600000000000001,16.072627255501082,ma_ma20,15.03444132791892,"形态止损: pit_rebound, 支撑 16.07 下方 1.25xATR=2.88 (被硬性止损 8% 截断)",19.610140862502934,"[17.976, 19.6101]",5.0,16.066305452773076,dynamic_stop,D4,-0.0168573148705599,-0.0168573148705599,1.0,2025-09,0.0225043277553376,0.0374639769452449,,,2595,0.0,Smooth,0.0368636135249655,0.17010000705718992,-0.15129871962867691,-0.01211837355983758,0.08537861965222138,0.028973273202575468,0.08527131782945736,2.2962068999996463e-33,1.5868217986132247,0.4565384571368878,0.27127213968605235,0.11538461538461539,0.6538461538461539,-0.33269229302039516,0.6456398469409137,0.43578372890483386,0.3011209289217332,0.26309534217343294,0,,0.5863441933657004,0.14923154671269373,-0.0168573148705599
2612,2612,bj920145,2025-09-24,31.01,1.020241982206047,0.2317181732389834,traded,completed,UP,0.6749999999999999,2.769302114188412,2.0,0.0,3.0,ma60_washed,0.9,22.854,deep_pullback,29.51,7.0,pullback,bullish_candle,0.83125,23.9925,ma_ma20,27.149200000000004,"形态止损: washout, 支撑 23.99 下方 0.75xATR=2.08 (被硬性止损 8% 截断)",35.412,"[32.461, 35.412]",8.0,27.149200000000004,initial_stop,,-0.0799999999999999,-0.0799999999999999,1.0,2025-09,-0.1470493389229281,0.0346749226006193,,,2612,0.0,Smooth,-0.1124160590566355,0.18529999732971197,0.18523408541896247,0.31158632662760866,0.07894848284393288,0.025912513561598544,0.06201550387596899,7.453322754895922e-34,2.799321016041334,0.32476780244261094,1.0,0.12307692307692308,0.49230769230769234,0.22302156091173142,1.5541758268306236,0.415402001433099,0.3121050289990935,0.27249296956780744,0,,0.5714545159326457,0.1324163965210802,-0.0799999999999999
2737,2737,bj920505,2025-10-13,65.826224328594,1.490660805448621,0.2652808463436953,traded,completed,RANGE,0.7499999999999999,5.070312584553471,3.0,1.0,4.0,swing_low,1.0,62.29565584225615,deep_pullback,56.99952606635071,5.0,pullback,bullish_candle,0.6925,54.06178146392838,ma_ma20,52.43956398104265,"形态止损: washout, 支撑 54.06 下方 0.75xATR=3.80 (被硬性止损 8% 截断)",80.30799368088469,"[73.0073, 80.308]",6.0,55.21423907319642,dynamic_stop,D4,-0.031321084864392,-0.031321084864392,1.0,2025-10,-0.2456060606060606,0.0,,,2737,2.0,Failure,-0.2096825251503596,0.3947250080108642,0.23947748288262893,0.3415171103013217,0.04137355648244617,0.018401923034224693,0.08080808080808081,7.766942912574843e-34,3.566340457930215,0.3474517388630285,0.9260592150170388,0.08,0.68,0.4418414279103353,1.9275088387980277,0.46053744117266593,0.28069709975653595,0.25876545907079807,0,,0.6008859910509339,0.15940354426206185,-0.031321084864392
2822,2822,sh600408,2025-10-20,3.2,0.8223613595190352,0.224008461990219,traded,completed,UP,0.85,0.1944155440771262,5.0,0.0,6.0,swing_low,1.0,2.1979999999999995,deep_pullback,3.09,3.0,pullback,bullish_candle,0.8575000000000002,3.1205,poc,2.8428,"无有效支撑, 使用最大止损 8%",3.708,"[3.399, 3.708]",4.0,2.8428,dynamic_stop,D4,-0.0799999999999999,-0.0799999999999999,1.0,2025-10,0.753125,1.2772277227722777,,,2822,2.0,Failure,0.851485210061327,0.02177499949932098,0.15242289108391582,0.31633677773555613,0.035803536279808326,0.020851490985191626,0.0707070707070707,2.4737277490892015e-30,341.83731909093194,0.351681988402212,1.0,0.18,0.41,0.3292682643166478,0.36198992314538647,0.42483909968374095,0.34170280289506605,0.233458097421193,0,,0.595690501131274,0.1334397129805995,-0.0799999999999999
2860,2860,bj920694,2025-10-22,25.45827174530984,0.893563121300806,0.2652808463436953,traded,completed,RANGE,0.7000000000000001,2.191418350905733,2.0,0.0,3.0,swing_low,1.0,20.965722285389425,deep_pullback,22.05728254690165,5.0,pullback,bullish_candle,0.8049999999999999,20.965722285389425,swing_low,20.29269994314952,"形态止损: washout, 支撑 20.97 下方 0.75xATR=1.64 (被硬性止损 8% 截断)",26.46873905628198,"[24.263, 26.4687]",9.0,20.84826037521319,dynamic_stop,D4,-0.0548128342245989,-0.0548128342245989,4.0,2025-10,-0.2544401544401545,0.0,,,2860,2.0,Failure,-0.1712446309771437,0.16830000877380372,0.18868170798820327,0.32522026519968605,0.07376373641504283,0.021209704727350363,0.030303030303030304,6.828702578962874e-34,6.944659093538163,0.4418533154682052,0.609722153603293,0.09,0.67,0.41278151376538186,2.5195406587622307,0.4569527912452358,0.2818252281870535,0.26122198056771057,0,,0.5978654053387625,0.15860224072788337,-0.0548128342245989
2931,2931,bj920748,2025-10-28,59.77,1.976775672837152,0.2329986342940894,traded,completed,RANGE,0.7,6.241900384963904,3.0,0.0,4.0,swing_low,1.0,55.107000000000006,deep_pullback,62.8,1.0,pullback,bullish_candle,0.8049999999999999,55.107000000000006,swing_low,57.776,"形态止损: washout, 支撑 55.11 下方 0.75xATR=4.68 (被硬性止损 8% 截断)",75.36,"[69.08, 75.36]",2.0,57.776,initial_stop,,-0.0799999999999999,-0.0799999999999999,1.0,2025-10,-0.2086330935251799,0.2882717082148234,,,2931,2.0,Failure,-0.3262108077877211,0.5110499858856201,0.25728350984055126,0.4561770535277918,0.05182185360867471,0.038908773374703935,0.12121212121212122,1.0663365045656582e-33,1.5017872178181644,0.4826836232309637,1.0,0.06,0.55,0.39324005435543263,1.6231792072609565,0.4295966237120062,0.32478560651738336,0.24561776977061045,0,,0.5919894269706979,0.13793272800071318,-0.0799999999999999
2947,2947,bj920748,2025-10-29,62.8,1.9377230139847528,0.2810637243518045,traded,completed,RANGE,0.5750000000000001,8.342980333635383,3.0,0.0,4.0,ma60_washed,0.9,55.038,deep_pullback,60.15,2.0,pullback,bullish_candle,0.6662500000000001,56.7668,poc,55.338,"形态止损: washout, 支撑 56.77 下方 0.75xATR=6.26 (被硬性止损 8% 截断)",72.17999999999999,"[66.165, 72.18]",3.0,55.338,initial_stop,,-0.0799999999999999,-0.0799999999999999,1.0,2025-10,-0.1243630573248406,0.0,,,2947,1.0,Pullback,-0.062883411852735,0.6204750061035156,0.3425128562921973,0.6427904930815929,0.06062467031365923,0.04454944331213131,0.1111111111111111,1.275526800449966e-33,1.5485553197307256,0.598441557450728,0.8524304890838439,0.09,0.51,0.6104610392866561,1.4831388871371214,0.3904141528770107,0.32898773543191057,0.2805981116910786,0,,0.554908020592966,0.15596451494054683,-0.0799999999999999
2965,2965,bj920748,2025-10-30,58.0,1.896424881862262,0.2423038816327085,traded,completed,RANGE,0.5,8.766582955817332,2.0,1.0,3.0,ma60_washed,0.9,55.001666666666665,deep_pullback,60.15,3.0,pullback,bullish_candle,0.755,55.001666666666665,ma60_washed,55.338,"形态止损: washout, 支撑 55.00 下方 0.75xATR=6.57 (被硬性止损 8% 截断)",72.17999999999999,"[60.8212, 72.18]",6.0,55.78,dynamic_stop,D4,-0.0726517040731504,-0.0726517040731504,3.0,2025-10,-0.0758620689655171,0.1717791411042946,,,2965,1.0,Pullback,-0.1256117595232238,0.7339750194549559,0.030368484765677994,0.3232608063279052,0.06963141609048906,0.04722952593185579,0.12121212121212122,1.3103473583878716e-33,1.63489638641007,0.598441557450728,0.6024305615200443,0.1,0.47,0.34679827211810865,0.884980761122654,0.3952435378534448,0.3644879305561209,0.24026853159043432,0,,0.5774875031315052,0.13992746360314462,-0.0726517040731504
2982,2982,bj920748,2025-10-31,60.15,1.6911187301438353,0.2423038816327085,traded,completed,RANGE,0.5750000000000001,9.01770522837502,3.0,0.0,4.0,ma60_washed,0.9,55.0475,deep_pullback,60.15,2.0,pullback,bullish_candle,0.7662500000000001,55.0475,ma60_washed,55.338,"形态止损: washout, 支撑 55.05 下方 0.75xATR=6.76 (被硬性止损 8% 截断)",72.17999999999999,"[66.165, 72.18]",5.0,55.78,dynamic_stop,D4,-0.0726517040731504,-0.0726517040731504,3.0,2025-10,-0.0573566084788029,0.1216965742251225,,,2982,1.0,Pullback,-0.0104711776982542,0.8601750087738036,-0.0013440387435155188,0.3129758890247696,0.07209253553492628,0.04982872513328092,0.13131313131313133,1.3896579105700074e-33,1.6921386541395258,0.598441557450728,0.6592881773234873,0.08,0.44,0.10890015540337261,0.8065082766589988,0.38826241254998234,0.37367389052723426,0.23806369692278337,0,,0.5750993578135994,0.13934880672271308,-0.0726517040731504
2986,2986,sz300300,2025-10-31,10.15,0.9930266181371704,0.2508814891593486,traded,completed,UP,0.7749999999999999,0.9966793319281596,4.0,0.0,5.0,ma60_washed,0.9,5.667166666666666,shallow_pullback,10.68,1.0,pullback,bullish_candle,0.8462500000000001,9.589,poc,9.8256,"形态止损: washout, 支撑 9.59 下方 0.75xATR=0.75 (被硬性止损 8% 截断)",12.816,"[11.748, 12.816]",2.0,12.816,initial_tp,,0.1999999999999999,0.1999999999999999,1.0,2025-10,0.7517241379310344,0.7983348751156336,,"{'structure_strength': np.float64(0.7749999999999999), 'trend': 'UP', 'atr_ratio': 0.09332203482473406, 'n_supports': 4, 'n_resistances': 0, 'top_support_source': 'ma60_washed', 'top_support_dist': -0.4693664169787766, 'v2_pattern': '', 'fine_score': 0.9930266181371704, 'operable_score': 0.25088148915934866, 'entry_day': 1}",2986,2.0,Failure,0.6447733576754062,0.14032500267028808,0.08926674413691216,0.4293350750772835,0.06588636215516261,0.035613238814900014,0.09090909090909091,1.261411032016925e-31,1.978299158001776,0.5667938778474186,0.9612795356087405,0.22,0.38,0.11534281480048647,0.23466099381967348,0.4057945867759397,0.2695546823403039,0.32465073088375634,0,,0.5405719279460917,0.13561949028085557,0.1999999999999999
2987,2987,bj920953,2025-10-31,45.1,0.8383368180050553,0.2374195906443447,traded,completed,RANGE,0.75,3.5223014265745656,3.0,1.0,4.0,ma60_washed,0.9,38.05766666666667,deep_pullback,38.88,8.0,pullback,bullish_candle,0.7925,38.05766666666667,ma60_washed,35.769600000000004,"形态止损: washout, 支撑 38.06 下方 0.75xATR=2.64 (被硬性止损 8% 截断)",50.17100000000001,"[45.61, 50.171]",9.0,39.7,dynamic_stop,D4,0.0210905349794239,0.0210905349794239,1.0,2025-10,-0.2175166297117516,0.0380313199105144,,,2987,2.0,Failure,-0.2157777574327256,0.18595000267028788,0.0922686096081955,0.16386046191643477,0.04386760211690903,0.026194649730768692,0.0707070707070707,1.7001070840360277e-33,2.5796695496020936,0.34059407451365253,0.6627907569889354,0.06,0.5,0.17786560907244553,1.8777506403410393,0.353632535456944,0.3144165881737217,0.3319508763693343,0,,0.5108408295438048,0.12128362063470761,0.0210905349794239
3015,3015,bj920748,2025-11-04,60.15,1.639599722986118,0.2213658522930517,traded,completed,RANGE,0.5750000000000001,9.72112081597946,3.0,0.0,4.0,ma60_washed,0.9,55.157,deep_pullback,56.01,6.0,pullback,bullish_candle,0.7662500000000001,55.157,ma60_washed,51.5292,"形态止损: washout, 支撑 55.16 下方 0.75xATR=7.29 (被硬性止损 8% 截断)",67.21199999999999,"[61.611, 67.212]",10.0,55.58,dynamic_stop,D2,-0.0076772004999107,-0.0076772004999107,4.0,2025-11,-0.1180382377389859,0.0535433070866142,,,3015,1.0,Pullback,-0.1288998701499633,0.455650005340576,0.01895905797505204,0.23717768078529833,0.04998571724070736,0.054735946873594114,0.1414141414141414,1.555721555093412e-33,0.9655846174341667,0.598441557450728,0.7070312495149361,0.08,0.38,0.025848116876898253,1.285554217673423,0.426340815842585,0.321026631358269,0.25263255279914604,0,,0.5868541315217195,0.1299094649960041,-0.0076772004999107
3018,3018,sz300402,2025-11-04,26.0,0.8120002262382741,0.224008461990219,traded,completed,UP,0.975,1.302733850073715,3.0,0.0,4.0,swing_low,1.0,17.535,deep_pullback,25.31,2.0,pullback,long_lower_shadow,0.8762500000000001,25.41,poc,23.2852,"无有效支撑, 使用最大止损 8%",30.372,"[27.841, 30.372]",3.0,25.61,dynamic_stop,D4,0.0118530225207427,0.0118530225207427,1.0,2025-11,-0.2123076923076923,0.1003051106025936,,,3018,2.0,Failure,-0.2335329315670846,0.13499998569488536,0.2387206227636134,0.3643695508692215,0.06192772993221785,0.009702072023156209,0.04040404040404041,3.786078789149232e-33,5.909149859914023,0.33180774536327684,1.0,0.15,0.41,0.4296618917778299,3.2856356600471024,0.37834514988193335,0.3276186272339933,0.29403622288407333,0,,0.54215446349893,0.12144718752952766,0.0118530225207427
3112,3112,bj920834,2025-11-12,18.889961095728296,0.8191784553392985,0.2588554087904225,traded,completed,UP,0.7999999999999999,1.439714473209738,5.0,1.0,6.0,ma60_washed,0.9,15.81355448275058,deep_pullback,16.951772379135342,7.0,pullback,long_lower_shadow,0.8500000000000001,16.21486712597386,ma_ma20,15.595630588804514,"形态止损: washout, 支撑 16.21 下方 0.75xATR=1.08 (被硬性止损 8% 截断)",28.0591314087268,"[25.5083, 28.0591]",15.0,16.932095336327293,dynamic_stop,D4,-0.0011607661056296,-0.0011607661056296,8.0,2025-11,-0.1708333333333332,0.0837209302325578,,,3112,2.0,Failure,-0.2099255395690603,0.08372500419616688,0.050859443202947,0.12703130227513793,0.03773433665279885,0.021768844733333216,0.04838709677419355,1.8137636608065054e-33,1.9121708321363593,0.3183856354575952,0.5845071699524331,0.072,0.496,0.07142862423445973,1.3121068867433197,0.43546967464238207,0.2821866946210433,0.2823436307365747,0,,0.5765630219529037,0.1492464567410602,-0.0011607661056296
3126,3126,bj920834,2025-11-13,19.480272379969808,0.8635776798644136,0.2717630626246351,traded,completed,UP,0.7999999999999999,1.5192957341995337,5.0,1.0,6.0,ma60_washed,0.9,15.911119820007164,deep_pullback,16.951772379135342,6.0,pullback,long_lower_shadow,0.95,15.911119820007164,ma60_washed,15.595630588804514,"形态止损: washout, 支撑 15.91 下方 0.75xATR=1.14 (被硬性止损 8% 截断)",28.0591314087268,"[25.5083, 28.0591]",14.0,16.932095336327293,dynamic_stop,D4,-0.0011607661056296,-0.0011607661056296,8.0,2025-11,-0.1727272727272727,0.0,,,3126,2.0,Failure,-0.0915142242396602,0.10382499694824218,0.06041467056038008,0.1490866034073579,0.032877908810573724,0.0225635715131806,0.046511627906976744,1.9058037242974552e-33,1.70757343162702,0.3183856354575952,0.6971831279150031,0.06923076923076923,0.47692307692307695,0.12821942496751304,1.0947391617918103,0.4586922557284033,0.2908021826916511,0.25050556157994563,0,,0.6040933470742288,0.16417025811205907,-0.0011607661056296
3139,3139,bj920748,2025-11-14,63.5,1.6857696314477022,0.2749412260822217,traded,completed,RANGE,0.5750000000000001,6.932692538624052,3.0,0.0,4.0,ma60_washed,0.9,55.25533333333333,deep_pullback,59.98,1.0,pullback,long_lower_shadow,0.6662500000000001,60.82119999999999,poc,55.1816,"无有效支撑, 使用最大止损 8%",71.976,"[65.978, 71.976]",2.0,55.58,dynamic_stop,D4,-0.0733577859286428,-0.0733577859286428,1.0,2025-11,-0.1963779527559055,0.0698864545018391,,,3139,0.0,Smooth,-0.1732015915421018,0.06479998588562026,0.06052252751115428,0.046497985650230556,0.027976602877224813,0.05095384888082615,0.16279069767441862,1.7443980805272482e-33,1.2041421675019401,0.4524675344491934,0.5846727566782659,0.12307692307692308,0.4461538461538462,0.130741404014179,1.2557009039517164,0.41999220210971905,0.30363667175171766,0.2763711261385633,0,,0.5718105379855779,0.1572142904004896,-0.0733577859286428
3154,3154,bj920809,2025-11-17,8.87,1.4344421421598583,0.2680795446295174,traded,completed,UP,0.9583333333333334,0.7729147028405846,3.0,0.0,4.0,swing_low,1.0,5.753266666666666,shallow_pullback,7.16,8.0,pullback,bullish_candle,0.87375,6.958,ma_ma20,6.5872,"形态止损: washout, 支撑 6.96 下方 0.75xATR=0.58 (被硬性止损 8% 截断)",8.592,"[7.876, 8.592]",11.0,7.66,initial_stop,,0.0698324022346368,0.0698324022346368,3.0,2025-11,-0.1544532130777902,0.0465116279069768,,"{'structure_strength': np.float64(0.9583333333333334), 'trend': 'UP', 'atr_ratio': 0.10794898084365706, 'n_supports': 3, 'n_resistances': 0, 'top_support_source': 'swing_low', 'top_support_dist': -0.19647113594040982, 'v2_pattern': '', 'fine_score': 1.4344421421598583, 'operable_score': 0.26807954462951744, 'entry_day': 8}",3154,1.0,Pullback,-0.0985576592429843,0.04005000352859502,0.024506429926414386,0.17448132883598988,0.040580810352852326,0.025763663697618108,0.06201550387596899,1.6693793227644974e-32,0.7575686828926415,0.4163223225988491,0.8387095438301475,0.13846153846153847,0.5,0.11757423493011632,0.8413981273263214,0.47349518315913897,0.28633882510820774,0.2401659917326532,0,,0.6166645957132428,0.16531516400795157,0.0698324022346368
3171,3171,sz002620,2025-11-18,7.61,0.8369529444160336,0.2324098976042125,traded,completed,UP,0.9333333333333332,0.2959435266376904,3.0,0.0,4.0,swing_low,1.0,5.7,deep_pullback,6.07,4.0,pullback,long_lower_shadow,0.97,5.884166666666666,ma60_washed,5.662209021688399,"形态止损: washout, 支撑 5.88 下方 0.75xATR=0.22",7.284,"[6.677, 7.284]",5.0,5.99,initial_stop,,-0.0131795716639209,-0.0131795716639209,1.0,2025-11,-0.3232588699080158,0.0496551724137932,,,3171,2.0,Failure,-0.252539884591564,0.044525007009506234,0.0748702545204003,0.1867736081944087,0.020603562610108147,0.014448454581767144,0.10852713178294573,2.5664689985078743e-33,0.2481577349211992,0.24413792840365706,1.0,0.2,0.5076923076923077,0.15814692251137474,0.1744697043177223,0.4722880927015298,0.2662695976747975,0.2614423096236726,0,,0.6054228915389286,0.14070627222980864,-0.0131795716639209
3411,3411,sz001203,2025-12-08,27.8,1.008874909782894,0.2135552021861164,traded,completed,RANGE,0.625,2.2830683708232478,3.0,1.0,3.0,swing_low,0.4,27.11,deep_pullback,28.11,2.0,pullback,bullish_candle,0.6737500000000001,27.11,swing_low,25.8612,"形态止损: pit_rebound, 支撑 27.11 下方 1.25xATR=2.85 (被硬性止损 8% 截断)",33.732,"[28.575, 33.732]",3.0,27.85,dynamic_stop,D4,-0.0092493774457487,-0.0092493774457487,1.0,2025-12,0.0043165467625898,0.2063037249283665,,,3411,1.0,Pullback,0.0433482749435902,-0.1596249961853026,0.052552211106979385,-0.020018486448403094,0.01938880397050622,0.025760833884036768,0.13178294573643412,2.4976218808300904e-32,0.8147804634393089,0.2888513540725276,0.2592592386035457,0.23076923076923078,0.45384615384615384,0.013798080905377041,0.9822330017930684,0.4027995968538248,0.332653964524646,0.2645464386215291,0,,0.5691265791161478,0.12153994167264172,-0.0092493774457487
3499,3499,bj920665,2025-12-15,19.0,1.03120779547984,0.238599210391315,traded,completed,UP,0.95,1.9364705654880583,4.0,0.0,5.0,swing_low,1.0,12.895,deep_pullback,16.3,3.0,pullback,bullish_candle,0.8725,15.5335,poc,14.996,"形态止损: washout, 支撑 15.53 下方 0.75xATR=1.45 (被硬性止损 8% 截断)",19.56,"[17.93, 19.56]",4.0,15.97,dynamic_stop,D4,-0.0202453987730061,-0.0202453987730061,1.0,2025-12,-0.2278947368421052,0.0,,,3499,0.0,Smooth,-0.1559263069810829,0.11435000658035284,0.22776790051124518,0.3751982236190581,0.07167275616242452,0.02849492666949281,0.06201550387596899,1.7928131708429536e-33,2.065158105089926,0.3974937344316857,1.0,0.14615384615384616,0.5,0.46475777757471937,1.6977624471348964,0.42820581201260166,0.31876302543104795,0.25303116255635044,0,,0.5875873247281256,0.14019787171607595,-0.0202453987730061
3693,3693,sz002591,2025-12-30,9.19,1.3297393271837314,0.2522833561815769,traded,completed,UP,0.9166666666666666,0.4281011932318298,4.0,0.0,5.0,swing_low,1.0,6.28,deep_pullback,6.95,3.0,pullback,long_lower_shadow,0.9675,6.801833333333334,ma60_washed,6.480757438409461,"形态止损: washout, 支撑 6.80 下方 0.75xATR=0.32",8.34,"[7.645, 8.34]",12.0,8.34,initial_tp,,0.1999999999999999,0.1999999999999999,9.0,2025-12,-0.1643090315560391,0.0465631929046563,,,3693,1.0,Pullback,-0.0541871999287797,0.06532500028610229,0.14802093234409286,0.30614221994936175,0.03650091531920811,0.013967370434761251,0.023255813953488372,4.4864884107241974e-33,1.324455350051061,0.32926830557668957,1.0,0.17692307692307693,0.5230769230769231,0.3462687633647852,0.7231230871048647,0.4234945019340791,0.33389715651144825,0.2426083415544728,0,,0.5904430801898033,0.1489589619044715,0.1999999999999999
3743,3743,bj920092,2026-01-06,48.0,1.1510868371425012,0.2298726772349607,traded,completed,UP,0.725,4.2662564180634455,3.0,0.0,4.0,ma60_washed,0.9,35.39216666666667,shallow_pullback,43.54,3.0,pullback,bullish_candle,0.8387500000000001,41.74,poc,40.0568,"形态止损: washout, 支撑 41.74 下方 0.75xATR=3.20 (被硬性止损 8% 截断)",52.248,"[47.894, 52.248]",6.0,52.248,initial_tp,,0.1999999999999999,0.1999999999999999,3.0,2026-01,-0.2004166666666665,0.1208836162814481,,"{'structure_strength': np.float64(0.725), 'trend': 'UP', 'atr_ratio': 0.09798475925731386, 'n_supports': 3, 'n_resistances': 0, 'top_support_source': 'ma60_washed', 'top_support_dist': -0.18713443576787622, 'v2_pattern': '', 'fine_score': 1.1510868371425012, 'operable_score': 0.22987267723496074, 'entry_day': 3}",3743,2.0,Failure,-0.1213369780226978,0.003424978256225586,0.236907353870919,0.20249894244038202,0.041579243096276204,0.03287999166990828,0.09243697478991597,1.8570131809095975e-33,1.1012304011620455,0.41538462272057164,0.8560184928043066,0.08333333333333333,0.5166666666666667,0.32099436927569913,2.0929658151158357,0.42124462349464076,0.3383236746809439,0.24043170182441534,0,,0.5904064608351127,0.13571831380898533,0.1999999999999999
3745,3745,bj920576,2026-01-06,85.0,0.933780010260306,0.2378425859118376,traded,completed,UP,0.7749999999999999,11.211270454746924,5.0,0.0,6.0,ma60_washed,0.9,42.7775,shallow_pullback,89.24,1.0,pullback,bullish_candle,0.8462500000000001,84.0885,poc,82.10079999999999,"形态止损: washout, 支撑 84.09 下方 0.75xATR=8.41 (被硬性止损 8% 截断)",107.088,"[98.164, 107.088]",2.0,107.088,initial_tp,,0.1999999999999999,0.1999999999999999,1.0,2026-01,0.0118823529411764,0.4140366867950324,,"{'structure_strength': np.float64(0.7749999999999999), 'trend': 'UP', 'atr_ratio': 0.12563055193575665, 'n_supports': 5, 'n_resistances': 0, 'top_support_source': 'ma60_washed', 'top_support_dist': -0.5206465710443746, 'v2_pattern': '', 'fine_score': 0.933780010260306, 'operable_score': 0.23784258591183763, 'entry_day': 1}",3745,0.0,Smooth,-0.0651086724322774,-0.4532749938964848,0.20707434040868833,0.1133449995318152,0.039844531715128195,0.05690501086274075,0.14285714285714285,3.3370251203411766e-33,0.9800381045712454,0.4766454263884081,0.8567928589543226,0.18333333333333332,0.44166666666666665,0.17026662190755215,1.5330805112466823,0.3504028139293465,0.3585500746012205,0.2910471114694329,1,,0.5296778512299568,0.12597994983675853,0.1999999999999999
3792,3792,bj920751,2026-01-12,27.99,1.3019508756437463,0.224008461990219,traded,completed,UP,0.825,2.038681299829449,4.0,0.0,5.0,ma60_washed,0.9,20.974499999999995,deep_pullback,26.52,6.0,pullback,bullish_candle,0.8537500000000001,25.4363,poc,24.3984,"形态止损: washout, 支撑 25.44 下方 0.75xATR=1.53 (被硬性止损 8% 截断)",31.824,"[29.172, 31.824]",11.0,26.71,dynamic_stop,D4,0.0071644042232277,0.0071644042232277,5.0,2026-01,-0.0478742408002857,0.0208633093525179,,,3792,0.0,Smooth,0.0793843273421162,0.233774995803833,0.058926570880925455,0.21566365865267456,0.05960876066061305,0.024122934337545667,0.07563025210084033,1.0859349229488338e-33,2.269217499600293,0.29343631721705177,0.9174640569758762,0.10833333333333334,0.4,0.015339667244978372,0.8617294663418216,0.4477723567053837,0.3141488064093823,0.23807883688523396,0,,0.6048467599100749,0.13549079242722312,0.0071644042232277
3810,3810,bj920575,2026-01-13,10.8,0.8909137387638226,0.2329986342940894,traded,completed,RANGE,0.625,0.7279551206833382,4.0,1.0,5.0,ma60_washed,0.9,11.753666666666668,shallow_pullback,9.85,4.0,pullback,long_lower_shadow,0.6737500000000001,9.256,ma_ma20,9.062,"形态止损: washout, 支撑 9.26 下方 0.75xATR=0.55 (被硬性止损 8% 截断)",16.1975,"[14.725, 16.1975]",11.0,10.68,initial_stop,,0.0842639593908629,0.0842639593908629,7.0,2026-01,-0.0925925925925925,0.0175145954962467,,"{'structure_strength': np.float64(0.625), 'trend': 'RANGE', 'atr_ratio': 0.07390407316582115, 'n_supports': 4, 'n_resistances': 1, 'top_support_source': 'ma60_washed', 'top_support_dist': 0.1932656514382404, 'v2_pattern': '', 'fine_score': 0.8909137387638226, 'operable_score': 0.23299863429408943, 'entry_day': 4}",3810,0.0,Smooth,-0.1265597185827855,0.052549993991851805,0.24603790937919534,0.325594223799045,0.061210213416274986,0.019476853326654987,0.03361344537815126,3.01725757557814e-33,2.416663994686577,0.3160967501419376,1.0,0.05,0.6416666666666667,0.3749999316460517,2.6626383165843435,0.40095856022292037,0.28018579962044116,0.3188556401566385,0,,0.541051460033141,0.12606425127054494,0.0842639593908629
3827,3827,bj920088,2026-01-14,40.0,1.0198703060263232,0.233911177736014,traded,completed,RANGE,0.7666666666666667,3.1764479988538743,4.0,0.0,5.0,swing_low,1.0,33.39,deep_pullback,35.61,5.0,pullback,bullish_candle,0.6950000000000001,34.2111,poc,32.7612,"形态止损: washout, 支撑 34.21 下方 0.75xATR=2.38 (被硬性止损 8% 截断)",42.732,"[39.171, 42.732]",7.0,42.732,initial_tp,,0.1999999999999999,0.1999999999999999,2.0,2026-01,0.08325,0.4688156972669937,,,3827,1.0,Pullback,0.0711990361877548,0.25380002498626697,0.15619897163740437,0.29998435562311343,0.03002385074768333,0.019005443927392285,0.07563025210084033,1.4147348491081547e-33,1.57716971076163,0.3634577827274743,0.819819836332319,0.125,0.4166666666666667,0.2620873727665689,1.3420514127096939,0.4194062203004293,0.3343954701218539,0.24619830957771677,0,,0.5866039553613562,0.137213222063179,0.1999999999999999
3830,3830,sz301001,2026-01-14,40.46,0.8355566453425568,0.224008461990219,traded,completed,UP,0.7999999999999999,2.956145155558235,4.0,0.0,5.0,swing_low,1.0,29.57,deep_pullback,33.08,5.0,pullback,long_lower_shadow,0.8500000000000001,32.6555,poc,30.43839113333133,"形态止损: washout, 支撑 32.66 下方 0.75xATR=2.22",39.696,"[36.388, 39.696]",8.0,39.696,initial_tp,,0.1999999999999999,0.1999999999999999,3.0,2026-01,-0.1700444883835887,0.0,,,3830,0.0,Smooth,-0.0687742498000352,0.3177750205993652,0.17788360876046916,0.3514469562731679,0.04923248708429515,0.01542546348843724,0.01680672268907563,1.4670980316891219e-33,3.541075652536893,0.3493470400289661,0.9853136716011986,0.05,0.48333333333333334,0.39411762469275957,1.1904825743462202,0.453617931963094,0.30102239295877964,0.24535967507812634,0,,0.6041291284424839,0.1353300369058923,0.1999999999999999
3840,3840,bj920270,2026-01-15,21.108395063288416,1.3473772969471662,0.2669838101776057,traded,completed,UP,0.95,2.5501502168475514,5.0,1.0,6.0,swing_low,1.0,17.540462295535015,deep_pullback,20.909259260804564,3.0,pullback,bullish_candle,0.8725,20.72545691511197,poc,19.2365185199402,"形态止损: washout, 支撑 20.73 下方 0.75xATR=1.91 (被硬性止损 8% 截断)",28.1259407428194,"[25.569, 28.1259]",4.0,20.232197532359464,dynamic_stop,D4,-0.0323809523809524,-0.0323809523809524,1.0,2026-01,-0.1066037735849055,0.0,,,3840,2.0,Failure,-0.1437613103312155,0.04424999237060554,0.05777573723271168,0.0948370170650168,0.049435866135118064,0.03010887146628118,0.10084033613445378,2.356642100169047e-33,1.0277947286591351,0.42985746825723997,0.6945898788525717,0.09166666666666666,0.575,0.09711033528134072,1.4338404985260027,0.41495411620225775,0.34186208583810795,0.24318379795963438,0,,0.5858851591213117,0.1564218521087206,-0.0323809523809524
3889,3889,bj920021,2026-01-20,10.921887416498814,1.879384882764788,0.23116407774106,traded,completed,UP,0.825,1.4737729105931492,4.0,0.0,5.0,swing_low,1.0,6.289569536009371,deep_pullback,12.000099336957565,2.0,pullback,bullish_candle,0.8537500000000001,10.989774833712882,poc,11.040091390000958,"形态止损: washout, 支撑 10.99 下方 0.75xATR=1.11 (被硬性止损 8% 截断)",14.400119204349076,"[13.2001, 14.4001]",4.0,12.199768211116591,initial_stop,,0.016638935108153,0.016638935108153,2.0,2026-01,0.1837294332723946,0.5346795434591745,,,3889,1.0,Pullback,0.1935483275541552,0.0014000010490417658,0.0747818263573734,0.2329286560496151,0.05444775971149827,0.031886104680631994,0.06722689075630252,1.2621253821804264e-32,0.6529580965187824,0.5187914254486697,0.6903409785552632,0.175,0.475,-0.026495681281712202,1.1476026183008319,0.4691143865897101,0.28146559483762434,0.24942001857266555,0,,0.6098471840085222,0.14097476185431254,0.016638935108153
3890,3890,bj920471,2026-01-20,17.35879219804951,1.542982418484397,0.257285886511155,traded,completed,RANGE,0.6833333333333333,0.8964974879860126,3.0,0.0,4.0,ma60_washed,0.9,13.605660540135036,deep_pullback,17.150367591897975,2.0,pullback,long_lower_shadow,0.6825000000000001,16.080950862715678,poc,15.778338184546138,"形态止损: washout, 支撑 16.08 下方 0.75xATR=0.67 (被硬性止损 8% 截断)",20.58044111027757,"[18.8654, 20.5804]",6.0,20.58044111027757,initial_tp,,0.1999999999999999,0.1999999999999999,4.0,2026-01,-0.0668953687821609,0.2921669525443111,,,3890,1.0,Pullback,-0.0928293550606391,0.02744999408721922,0.2189002618397291,0.273280984018512,0.04690973057153422,0.016646932059957795,0.025210084033613446,7.104857978531592e-34,2.5804507819687212,0.28301886072287097,1.0,0.16666666666666666,0.5,0.2719999833540483,3.5005496235821196,0.39654599994026973,0.30287215480134877,0.30058184525838144,0,,0.5479820773409441,0.14098805456088911,0.1999999999999999
3926,3926,bj920021,2026-01-22,12.000099336957565,1.8078271146893008,0.2344103026620404,traded,completed,UP,0.85,1.5122506520829786,4.0,1.0,5.0,swing_low,1.0,6.289569536009371,deep_pullback,12.129884105160931,5.0,pullback,bullish_candle,0.8575000000000002,10.989774833712882,poc,11.159493376748058,"形态止损: washout, 支撑 10.99 下方 0.75xATR=1.13 (被硬性止损 8% 截断)",14.902286422859031,"[13.5475, 14.9023]",7.0,14.902286422859031,initial_tp,,0.2285596707818931,0.2285596707818931,2.0,2026-01,-0.1272878535773709,0.52,,,3926,0.0,Smooth,-0.1594551157140162,-0.024674990177154486,0.052968913055255085,0.1489468029642136,0.04209062913361136,0.03521931412346264,0.08403361344537816,1.5176934623035718e-32,0.7126364013254338,0.5187914254486697,0.70596593093081,0.2,0.475,0.13300496869035427,1.043939052731918,0.43434581205404454,0.28116534538783217,0.28448884255812334,0,,0.5749284847479607,0.13476916011879775,0.2285596707818931
3927,3927,bj920394,2026-01-22,57.27419988219124,1.4569448408646068,0.2590002529440866,traded,completed,UP,0.7749999999999999,4.551643238779636,4.0,0.0,5.0,swing_low,1.0,34.99204594541527,deep_pullback,58.64878067936383,4.0,pullback,long_lower_shadow,0.8462500000000001,55.12318014922442,poc,53.95687822501473,"形态止损: washout, 支撑 55.12 下方 0.75xATR=3.41 (被硬性止损 8% 截断)",70.3785368152366,"[64.5137, 70.3785]",5.0,53.95687822501473,initial_stop,,-0.0799999999999999,-0.0799999999999999,1.0,2026-01,-0.1493913043478261,0.1897887323943663,,,3927,1.0,Pullback,-0.2248811247202907,0.08757499694824204,0.025900358572310545,0.1030589684272527,0.019601731187145446,0.02856101594102034,0.05042016806722689,1.3640262223843742e-33,0.594592730004446,0.36272878187255814,0.8486238829104882,0.15,0.31666666666666665,0.02471583843301617,0.9723207033919063,0.45513682023015956,0.2905820852848698,0.25428109448497066,0,,0.6004278628725944,0.15551096835867928,-0.0799999999999999
3930,3930,bj920427,2026-01-22,21.88,1.1659474564008854,0.215547469236389,traded,completed,UP,0.75,1.7487972268382197,4.0,0.0,5.0,ma60_washed,0.9,13.816833333333332,deep_pullback,20.5,1.0,pullback,long_lower_shadow,0.8425,21.6961,poc,18.86,"无有效支撑, 使用最大止损 8%",24.6,"[22.55, 24.6]",2.0,18.86,dynamic_stop,D4,-0.08,-0.08,1.0,2026-01,-0.3761425959780621,0.0050675675675675,,,3930,1.0,Pullback,-0.3933333502875433,0.15312499523162834,0.36158470748472826,0.551057861223708,0.09318352133511956,0.020558063961105866,0.05042016806722689,1.3759288695185191e-33,3.105245721488712,0.48310812443516543,1.0,0.225,0.5166666666666667,0.6032498017106476,2.1212129097395516,0.42933703787725697,0.2942044675011994,0.2764584946215437,0,,0.5764392716278567,0.12425002616785193,-0.08
3931,3931,bj920640,2026-01-22,46.478742893240685,0.806316175913333,0.2717630626246351,traded,completed,UP,0.7999999999999999,3.91558728618021,4.0,0.0,4.0,swing_low,0.6,31.28108970309539,deep_pullback,46.53845862286797,6.0,pullback,bullish_candle,0.8500000000000001,42.54845262160455,ma_ma20,42.81538193303854,"形态止损: pit_rebound, 支撑 42.55 下方 1.25xATR=4.89 (被硬性止损 8% 截断)",55.846150347441565,"[51.1923, 55.8462]",15.0,47.36452621604549,initial_stop,,0.0177502138579985,0.0177502138579985,9.0,2026-01,-0.076017130620985,0.1781483106625712,,,3931,0.0,Smooth,-0.1157786434326585,-0.15017499923706054,0.020543002094703278,-0.010868542100809786,0.01593095976672255,0.03253323721121491,0.12605042016806722,4.008740377571018e-33,0.6196334958234502,0.38946490322183086,0.3894376622147126,0.08333333333333333,0.5583333333333333,-0.013846805987572486,1.1324709405975897,0.4110898435527331,0.3094928829858128,0.279417273461454,0,,0.5658362850456395,0.15377340176814902,0.0177502138579985
3940,3940,bj920021,2026-01-23,12.289619204488154,1.7012897133752996,0.2135552021861164,traded,completed,UP,0.85,1.5768423973506187,4.0,1.0,5.0,swing_low,1.0,6.289569536009371,deep_pullback,12.129884105160931,4.0,pullback,bullish_candle,0.8575000000000002,10.989774833712882,poc,11.159493376748058,"形态止损: washout, 支撑 10.99 下方 0.75xATR=1.18 (被硬性止损 8% 截断)",14.902286422859031,"[13.5475, 14.9023]",6.0,14.902286422859031,initial_tp,,0.2285596707818931,0.2285596707818931,2.0,2026-01,-0.09910641754671,0.4006410256410255,,,3940,0.0,Smooth,-0.0641350383473637,0.027425007820129466,0.07502795467591539,0.18770417772249037,0.04550664434985352,0.037280101681758104,0.09243697478991597,1.653448023761673e-32,0.9662215679369908,0.5187914254486697,0.8451704215450758,0.175,0.4666666666666667,0.18406068191695057,1.0759859474355646,0.37843893799395634,0.30549549781599084,0.31606556419005283,0,,0.5311866869019517,0.1134376803199196,0.2285596707818931
3942,3942,bj920394,2026-01-23,62.22468289809542,1.3834520638732892,0.2672924351486956,traded,completed,UP,0.7999999999999999,5.3764464584902285,4.0,0.0,5.0,swing_low,1.0,34.99204594541527,deep_pullback,58.64878067936383,3.0,pullback,long_lower_shadow,0.8500000000000001,55.32578140585117,poc,53.95687822501473,"形态止损: washout, 支撑 55.33 下方 0.75xATR=4.03 (被硬性止损 8% 截断)",70.3785368152366,"[64.5137, 70.3785]",4.0,53.95687822501473,initial_stop,,-0.0799999999999999,-0.0799999999999999,1.0,2026-01,-0.1941732031375059,0.0,,,3942,1.0,Pullback,-0.1697179735155697,0.07762500762939446,0.1098505527964615,0.1890068402831513,0.031151971678155605,0.030553380872487858,0.058823529411764705,1.467939246938716e-33,0.699439878032613,0.4332643060175126,0.8469944344249298,0.16666666666666666,0.275,0.1219771797816438,1.658326817826427,0.3715865897859191,0.3314869601243671,0.2969264500897138,0,,0.5373300698481026,0.14362426284831806,-0.0799999999999999
3950,3950,bj920640,2026-01-23,48.51903032217309,0.9174237040688248,0.2545118522553845,traded,completed,UP,0.85,3.978723131703624,3.0,0.0,3.0,swing_low,0.6,31.28108970309539,deep_pullback,45.24461781427669,2.0,pullback,bullish_candle,0.8575000000000002,43.177458307012,ma_ma20,41.62504838913456,"形态止损: pit_rebound, 支撑 43.18 下方 1.25xATR=4.97 (被硬性止损 8% 截断)",54.29354137713203,"[49.7691, 54.2935]",7.0,46.478742893240685,initial_stop,,0.0272767267927849,0.0272767267927849,5.0,2026-01,-0.1093333333333332,0.1004098360655738,,,3950,0.0,Smooth,-0.0242697040686447,-0.0656500148773194,0.0775005405979432,0.04191870948804932,0.02101820535593239,0.03267244497629371,0.13445378151260504,4.014224641190715e-33,0.8152966172254468,0.38695651646944534,0.524632658161573,0.08333333333333333,0.5166666666666667,0.11390088352774419,1.419864459832568,0.4079066560540555,0.33677499925078996,0.2553183446951544,0,,0.5762941556794505,0.14667369300592986,0.0272767267927849
3951,3951,bj920427,2026-01-23,20.5,0.828217639718857,0.238599210391315,traded,completed,UP,0.75,2.018290929926457,4.0,0.0,5.0,ma60_washed,0.9,13.939,deep_pullback,15.01,7.0,pullback,long_lower_shadow,0.8425,14.7,ma_ma20,13.8092,"形态止损: washout, 支撑 14.70 下方 0.75xATR=1.51 (被硬性止损 8% 截断)",18.012,"[16.511, 18.012]",10.0,15.03,initial_stop,,0.0013324450366423,0.0013324450366423,3.0,2026-01,-0.3341463414634146,0.0,,,3951,2.0,Failure,-0.1547987652663184,0.24802499532699587,0.16024236630240907,0.40545943052237754,0.09417650835219356,0.02370637204429778,0.058823529411764705,1.7449622417055975e-33,4.1647080798811045,0.4819327597075634,0.8866609141338866,0.20833333333333334,0.5,0.590106049934793,1.2137991821580185,0.40725298150453965,0.2827605815054196,0.30998643699004075,0,,0.5486332722572494,0.13090346555498306,0.0013324450366423
3957,3957,bj920471,2026-01-26,18.16271567891973,1.13689663128368,0.238599210391315,traded,completed,UP,0.825,1.7871298849538055,4.0,0.0,5.0,ma60_washed,0.9,13.813092648162042,deep_pullback,19.155213803450863,3.0,pullback,bullish_candle,0.8537500000000001,18.30444441110278,poc,17.622796699174796,"形态止损: washout, 支撑 18.30 下方 0.75xATR=1.34 (被硬性止损 8% 截断)",22.986256564141037,"[21.0707, 22.9863]",6.0,18.877314328582145,dynamic_stop,D4,-0.0145077720207253,-0.0145077720207253,3.0,2026-01,-0.1967213114754098,0.1882229232386962,,,3957,2.0,Failure,-0.1433566468543975,0.19212499856948853,0.03375186586285328,0.226226582383674,0.049632482103170845,0.028160654572805432,0.04201680672268908,1.9681533359963355e-33,1.9922098235445471,0.38888892984108564,0.7913043395847762,0.125,0.48333333333333334,0.06256988062021862,0.8680806807116407,0.44024648140808825,0.27602836131713443,0.2837251572747774,0,,0.5782606620666555,0.13797253736946302,-0.0145077720207253
3960,3960,bj920634,2026-01-26,29.84202211690363,1.001665165323857,0.2515629325089319,traded,completed,UP,0.8583333333333334,2.5757106638585374,3.0,0.0,4.0,ma60_washed,0.9,25.81583596629805,deep_pullback,27.454660347551343,5.0,pullback,long_lower_shadow,0.8587500000000001,26.688715113217484,ma_ma20,25.25828751974724,"形态止损: washout, 支撑 26.69 下方 0.75xATR=1.93 (被硬性止损 8% 截断)",32.94559241706161,"[30.2001, 32.9456]",10.0,27.05676671932596,dynamic_stop,D4,-0.0144927536231884,-0.0144927536231884,5.0,2026-01,-0.1529999999999999,0.1383374689826302,,,3960,1.0,Pullback,-0.166885250904521,0.09582500457763672,0.08680268384559064,0.15165484662280626,0.055928190143577465,0.025964765747551053,0.1092436974789916,1.1989815398609897e-33,1.4385242058008891,0.3270353380437441,0.6813934370042738,0.10833333333333334,0.4666666666666667,0.16347898750139378,1.691697199657509,0.393159320429933,0.31143715581005543,0.2954035237600115,0,,0.5488778983349607,0.1380773336944821,-0.0144927536231884
3962,3962,bj920088,2026-01-26,40.37,0.8500268823020839,0.2717630626246351,traded,completed,UP,0.825,3.804673445619272,4.0,0.0,5.0,swing_low,1.0,29.145,deep_pullback,47.47,2.0,pullback,bullish_candle,0.8537500000000001,41.6075,poc,43.6724,"形态止损: washout, 支撑 41.61 下方 0.75xATR=2.85 (被硬性止损 8% 截断)",56.964,"[52.217, 56.964]",3.0,56.964,initial_tp,,0.1999999999999999,0.1999999999999999,1.0,2026-01,0.988605400049542,1.1200859291084857,,,3962,1.0,Pullback,0.99800891412526,0.10269999504089355,0.08766023673419499,0.11970638802676015,0.03004757953259164,0.027190040983898277,0.1092436974789916,2.1296111075996188e-33,1.2540246666922812,0.34206508434594346,0.756860185642085,0.125,0.4083333333333333,0.19794633071509038,1.313246625917245,0.37711773130746973,0.3206916091932783,0.30219065949925195,0,,0.5374635359041089,0.14606273656636617,0.1999999999999999
3976,3976,bj920207,2026-01-27,32.031887081926975,1.4702660590420105,0.2669838101776057,traded,completed,UP,0.7749999999999999,3.3115395526884077,4.0,0.0,5.0,ma60_washed,0.9,24.59842548839113,deep_pullback,31.45455661245781,2.0,pullback,bullish_candle,0.8462500000000001,29.76039030377417,ma_ma20,28.93819208346119,"形态止损: washout, 支撑 29.76 下方 0.75xATR=2.48 (被硬性止损 8% 截断)",37.745467934949374,"[34.6, 37.7455]",5.0,30.14063209573489,dynamic_stop,D4,-0.0417721518987342,-0.0417721518987342,3.0,2026-01,0.144188937228092,0.237577639751553,,,3976,1.0,Pullback,0.2068174178500699,-0.006449980735778915,0.021606040985048702,-0.0684487319182896,0.02454701706943535,0.03543561457961704,0.1092436974789916,2.8562526468486314e-33,1.0258699840335637,0.595968941537227,0.3211293799554889,0.14166666666666666,0.5083333333333333,0.03437204082939349,0.8343410869176089,0.4365406587043937,0.29769120085760464,0.26576814043800157,0,,0.585386259133196,0.1562886538889959,-0.0417721518987342
3977,3977,bj920414,2026-01-27,17.93,1.4408938060060712,0.218101786456465,traded,completed,UP,0.7999999999999999,2.1154501238708967,4.0,0.0,5.0,ma60_washed,0.9,12.805666666666664,deep_pullback,17.89,6.0,pullback,bullish_candle,0.8500000000000001,19.135,poc,16.4588,"无有效支撑, 使用最大止损 8%",21.468,"[19.679, 21.468]",7.0,16.51,dynamic_stop,D4,-0.077138065958636,-0.077138065958636,1.0,2026-01,-0.1717791411042944,0.127858627858628,,,3977,1.0,Pullback,-0.1346153546901547,0.19252497911453254,0.1461591299304008,0.32361033989499166,0.0817864568638044,0.02770516721255234,0.04201680672268908,2.72473518077789e-33,5.994836253688391,0.4810242365830849,0.7499999093465518,0.10833333333333334,0.48333333333333334,0.5031249597202994,1.4500354724674405,0.42044292030212843,0.2851276541200842,0.29442942557778734,0,,0.5630067473621705,0.12279277738673304,-0.077138065958636
3978,3978,bj920021,2026-01-27,11.98013244954166,1.4005992032150691,0.236633622471284,traded,completed,UP,0.85,1.5079361629806047,4.0,1.0,5.0,swing_low,1.0,6.289569536009371,deep_pullback,12.129884105160931,2.0,pullback,bullish_candle,0.8575000000000002,10.989774833712882,poc,11.159493376748058,"形态止损: washout, 支撑 10.99 下方 0.75xATR=1.13 (被硬性止损 8% 截断)",14.902286422859031,"[13.5475, 14.9023]",4.0,14.902286422859031,initial_tp,,0.2285596707818931,0.2285596707818931,2.0,2026-01,-0.0991666666666666,0.4304418985270049,,,3978,0.0,Smooth,-0.0036866322992339,0.07950000047683714,0.007585772253365652,0.07928285971032434,0.04203063697551704,0.040475724879243495,0.1092436974789916,1.770129124990256e-32,1.0006003386162883,0.5114222355532042,0.8054755750113678,0.15833333333333333,0.43333333333333335,0.012427553935143276,0.9165557593093366,0.42552167207589475,0.27866006476606453,0.2958182631580408,0,,0.564851704458927,0.133662904985195,0.2285596707818931
4008,4008,bj920207,2026-01-29,31.45455661245781,1.7086235584413272,0.2669838101776057,traded,completed,UP,0.8333333333333334,3.442473220788581,4.0,1.0,5.0,ma60_washed,0.9,24.81708110872456,shallow_pullback,30.14063209573489,3.0,pullback,bullish_candle,0.8550000000000001,30.7363774163854,ma_ma20,27.7293815280761,"无有效支撑, 使用最大止损 8%",36.168758514881866,"[32.4595, 36.1688]",4.0,29.065602945688862,dynamic_stop,D4,-0.035667107001321,-0.035667107001321,1.0,2026-01,0.1740506329113924,0.2304844183893861,,"{'structure_strength': np.float64(0.8333333333333334), 'trend': 'UP', 'atr_ratio': 0.11421370360961058, 'n_supports': 4, 'n_resistances': 1, 'top_support_source': 'ma60_washed', 'top_support_dist': -0.1766237340378687, 'v2_pattern': '', 'fine_score': 1.7086235584413272, 'operable_score': 0.26698381017760575, 'entry_day': 3}",4008,2.0,Failure,0.2025931285370574,-0.005949993133545028,0.02955891419994594,-0.007087129368403056,0.028968289062573486,0.037265431843327486,0.11764705882352941,3.2611280605229204e-33,0.9763839519716321,0.5939349419203896,0.3253424616861673,0.14166666666666666,0.49166666666666664,0.05193120445322896,1.5217465281241016,0.38612703452943214,0.28981075229970865,0.3240622131708592,0,,0.5310324106792865,0.141777056330955,-0.035667107001321
4012,4012,bj920227,2026-01-29,82.76233976720201,1.2121550486958408,0.2344103026620404,traded,completed,UP,0.825,9.504569551527144,5.0,0.0,6.0,swing_low,1.0,56.8498452924709,deep_pullback,82.06280094297924,2.0,pullback,long_lower_shadow,0.8537500000000001,79.54800813319582,poc,75.4977768675409,"形态止损: washout, 支撑 79.55 下方 0.75xATR=7.13 (被硬性止损 8% 截断)",98.47536113157508,"[90.2691, 98.4754]",3.0,83.71804773832326,dynamic_stop,D4,0.0201704886540998,0.0201704886540998,1.0,2026-01,-0.193452380952381,0.0,,,4012,2.0,Failure,-0.1777912773615406,0.0633000373840332,0.07557207697959645,0.03958396446054291,0.035860573601359164,0.037285657712912416,0.10084033613445378,9.763079950695054e-34,1.0400220016239294,0.4859191670409635,0.5011554971547107,0.15,0.5333333333333333,0.09624996185302725,1.5362194743160316,0.40981622025192477,0.3083214488581373,0.28186233088993795,0,,0.5639769446809935,0.1322020062970845,0.0201704886540998
4015,4015,bj920019,2026-01-29,26.0,0.933350956101538,0.2317181732389834,traded,completed,UP,0.95,2.560587436010323,3.0,0.0,4.0,ma60_washed,0.9,20.79283333333333,deep_pullback,23.7,2.0,pullback,bullish_candle,0.8725,22.1235,ma_ma20,21.804,"形态止损: washout, 支撑 22.12 下方 0.75xATR=1.92 (被硬性止损 8% 截断)",28.44,"[26.07, 28.44]",8.0,23.18,dynamic_stop,D2,-0.0219409282700421,-0.0219409282700421,6.0,2026-01,-0.1742307692307693,0.0,,,4015,1.0,Pullback,-0.1061615776774465,0.2704249906539918,0.05447031613443909,0.2188008692872001,0.05526892844222371,0.024804476583206517,0.058823529411764705,2.3908207039129057e-33,3.7912766044849353,0.3513513792161956,0.694117582075965,0.125,0.44166666666666665,0.13735815833590181,1.1378777718518662,0.4618826972177803,0.27002105400796395,0.2680962487742557,0,,0.5968932242217623,0.13831100753539366,-0.0219409282700421
4028,4028,bj920471,2026-01-30,19.35371342835709,1.3856086321688037,0.2521161877068337,traded,completed,UP,0.85,2.5493626047500446,4.0,0.0,5.0,ma60_washed,0.9,14.091322955738937,deep_pullback,18.877314328582145,2.0,pullback,bullish_candle,0.8575000000000002,18.459075618904727,poc,17.367129182295574,"形态止损: washout, 支撑 18.46 下方 0.75xATR=1.91 (被硬性止损 8% 截断)",22.65277719429857,"[20.765, 22.6528]",3.0,17.706166541635408,dynamic_stop,D4,-0.0620399579390115,-0.0620399579390115,1.0,2026-01,-0.2358974358974358,0.0,,,4028,2.0,Failure,-0.1976305943245028,0.02165000915527333,0.13089060548404285,0.23693937830232348,0.05125000954133665,0.03698725647600367,0.06722689075630252,2.6970521116840327e-33,1.0348809663670524,0.4181416196208444,0.8571428283091689,0.16666666666666666,0.375,0.24487407029322883,0.9895149013462763,0.3552543463375945,0.3753323293065124,0.26941332435589316,1,,0.5429205109908507,0.13687904945885937,-0.0620399579390115
4029,4029,bj920088,2026-01-30,44.5,1.1239485605536892,0.23116407774106,traded,completed,UP,0.825,6.887376558623844,4.0,0.0,5.0,swing_low,1.0,29.145,deep_pullback,47.0,2.0,pullback,bullish_candle,0.8537500000000001,41.5356,poc,43.24,"形态止损: washout, 支撑 41.54 下方 0.75xATR=5.17 (被硬性止损 8% 截断)",56.4,"[51.7, 56.4]",4.0,43.24,initial_stop,,-0.0799999999999999,-0.0799999999999999,2.0,2026-01,0.6653932584269662,0.9052123552123552,,,4029,2.0,Failure,0.7437647202435662,0.479000015258789,0.06825046060479911,0.2532914833363704,0.05162876459522862,0.03942647917361903,0.15126050420168066,2.642353059644613e-33,1.4996012804920027,0.473441475064784,0.6278131790164232,0.16666666666666666,0.275,0.2643397045076181,1.0556385512208653,0.4368856338138556,0.2807567782480704,0.282357587938074,0,,0.5772640229378908,0.13344270547553164,-0.0799999999999999
4064,4064,bj920471,2026-02-03,18.877314328582145,1.3374489246595955,0.2075736957232398,traded,completed,UP,0.85,2.566374458648915,4.0,1.0,5.0,ma60_washed,0.9,14.222332708177046,shallow_pullback,16.574718679669918,7.0,pullback,long_lower_shadow,0.8575000000000002,16.209479369842462,ma_ma20,15.248741185296325,"形态止损: washout, 支撑 16.21 下方 0.75xATR=1.92 (被硬性止损 8% 截断)",22.599182295573897,"[20.5447, 22.5992]",11.0,16.28689422355589,dynamic_stop,D2,-0.0173652694610777,-0.0173652694610777,4.0,2026-02,-0.2197686645636171,0.0584915341200615,,"{'structure_strength': np.float64(0.85), 'trend': 'UP', 'atr_ratio': 0.15483668279671967, 'n_supports': 4, 'n_resistances': 1, 'top_support_source': 'ma60_washed', 'top_support_dist': -0.14192614770459075, 'v2_pattern': '', 'fine_score': 1.3374489246595955, 'operable_score': 0.20757369572323983, 'entry_day': 7}",4064,2.0,Failure,-0.1755555470784505,0.08362500190734856,-0.014237677663473836,0.07134021934193058,0.048262824148328665,0.041184346060064665,0.07563025210084033,2.97748143541573e-33,0.9814752954524341,0.4057522089164496,0.6608505360440009,0.16666666666666666,0.35833333333333334,0.03891255508155389,0.8818742233867086,0.3973977178342491,0.2984338312974889,0.3041684508682619,0,,0.5466146334829936,0.11346281960846916,-0.0173652694610777
4068,4068,bj920021,2026-02-03,13.12822847595607,0.8441928035433404,0.2378425859118376,traded,completed,UP,0.85,1.7998710178221784,4.0,0.0,4.0,swing_low,1.0,6.289569536009371,deep_pullback,12.589122515726697,1.0,pullback,long_lower_shadow,0.8575000000000002,12.609289072016756,poc,11.58199271446856,"无有效支撑, 使用最大止损 8%",15.106947018872033,"[13.848, 15.1069]",2.0,12.748857615053916,dynamic_stop,D4,0.0126883425852497,0.0126883425852497,1.0,2026-02,-0.2372623574144486,0.2611832611832612,,,4068,2.0,Failure,-0.2320061706961595,0.0769499969482422,0.024958374381822024,0.14318703482026107,0.057876266630931414,0.0502102847595023,0.14285714285714285,2.261677773809335e-32,1.0916179748322479,0.3662441530983855,0.7941711909742453,0.21666666666666667,0.36666666666666664,0.041322255426073484,0.8678743455696359,0.3912592638085297,0.30265043281542076,0.3060903033760496,0,,0.5425844802162401,0.12904969585026083,0.0126883425852497
4119,4119,bj920046,2026-02-06,27.831241621401364,1.005050329479723,0.236633622471284,traded,completed,UP,0.7999999999999999,3.5372749900818667,5.0,1.0,6.0,ma60_washed,0.9,17.439315931069437,deep_pullback,27.96087477836239,1.0,pullback,long_lower_shadow,0.8500000000000001,26.86318109234165,poc,25.7240047960934,"形态止损: washout, 支撑 26.86 下方 0.75xATR=2.65 (被硬性止损 8% 截断)",34.99098059817176,"[31.81, 34.991]",2.0,26.9238095226742,dynamic_stop,D4,-0.0370898716119828,-0.0370898716119828,1.0,2026-02,0.1666069509136509,0.4406593406593406,,,4119,2.0,Failure,0.1595442116010406,0.09734999656677239,-0.03093554426668843,-0.004346134697441717,0.029646500418783254,0.054055674288188,0.12903225806451613,5.4548804366820816e-33,1.088466191072499,0.47147238194154995,0.655172439468047,0.16,0.296,-0.04512070334531204,0.9242742747636321,0.35784438481100594,0.2945720703915389,0.34758354479745524,0,,0.5051304200067754,0.11953084110664441,-0.0370898716119828
4121,4121,bj920471,2026-02-06,18.3115903975994,0.9457694275117045,0.2545118522553845,traded,completed,UP,0.85,2.5381727711869457,4.0,1.0,5.0,ma60_washed,0.9,14.35946286571643,deep_pullback,18.470390097524383,1.0,pullback,long_lower_shadow,0.8575000000000002,18.051754388597157,poc,16.992758889722435,"形态止损: washout, 支撑 18.05 下方 0.75xATR=1.90 (被硬性止损 8% 截断)",22.599182295573897,"[20.5447, 22.5992]",2.0,17.616841710427607,dynamic_stop,D4,-0.046211714132187,-0.046211714132187,1.0,2026-02,-0.2547425474254742,0.0573903627504062,,,4121,2.0,Failure,-0.2654914260498391,-0.046875009536743305,-0.006241286869433593,-0.009961173616876873,0.031110947910450142,0.04396559568695519,0.08870967741935484,3.2180343792669026e-33,0.85100962617446,0.4057522089164496,0.5496182078785354,0.176,0.424,-0.07880299171211802,1.1196198622000475,0.38213462966394235,0.28694220328981673,0.3309231670462408,0,,0.5256057313088507,0.13377288823146152,-0.046211714132187
4163,4163,sh603729,2026-02-11,23.19,1.999152277985209,0.2522833561815769,traded,completed,UP,0.925,1.0659162587669715,4.0,0.0,5.0,swing_low,1.0,16.72,shallow_pullback,17.92,7.0,pullback,long_lower_shadow,0.96875,17.297666666666665,ma60_washed,16.498229472591436,"形态止损: washout, 支撑 17.30 下方 0.75xATR=0.80",21.504,"[19.712, 21.504]",8.0,17.12,dynamic_stop,D4,-0.0446428571428572,-0.0446428571428572,1.0,2026-02,-0.3117723156532989,0.0,,"{'structure_strength': np.float64(0.925), 'trend': 'UP', 'atr_ratio': 0.05948193408297831, 'n_supports': 4, 'n_resistances': 0, 'top_support_source': 'swing_low', 'top_support_dist': -0.06696428571428586, 'v2_pattern': '', 'fine_score': 1.999152277985209, 'operable_score': 0.25228335618157693, 'entry_day': 7}",4163,1.0,Pullback,-0.2535079202699692,0.1556500005722045,0.14677350102020004,0.27391495768082263,0.03659340281354415,0.012871844241850556,0.06329113924050633,1.2884819268169751e-33,0.5014522184703298,0.3341751034331231,1.0,0.275,0.2625,0.32811632417550074,0.7418848496264205,0.4779681541168398,0.2903462171803344,0.23168562870282575,0,,0.623141262707007,0.1572081691309494,-0.0446428571428572
4179,4179,sh603729,2026-02-12,20.0,1.1573368642147428,0.2669838101776057,traded,completed,UP,0.925,1.241127424264709,4.0,0.0,5.0,swing_low,1.0,16.72,shallow_pullback,17.92,6.0,pullback,long_lower_shadow,0.96875,17.358166666666666,ma60_washed,16.486400000000003,"形态止损: washout, 支撑 17.36 下方 0.75xATR=0.93 (被硬性止损 8% 截断)",21.504,"[19.712, 21.504]",7.0,17.12,dynamic_stop,D4,-0.0446428571428572,-0.0446428571428572,1.0,2026-02,-0.1515,0.0,,"{'structure_strength': np.float64(0.925), 'trend': 'UP', 'atr_ratio': 0.06925934287191456, 'n_supports': 4, 'n_resistances': 0, 'top_support_source': 'swing_low', 'top_support_dist': -0.06696428571428586, 'v2_pattern': '', 'fine_score': 1.1573368642147428, 'operable_score': 0.26698381017760575, 'entry_day': 6}",4179,1.0,Pullback,-0.1184415941114549,0.18967498302459712,-0.009956037578787158,0.1280833224080602,0.04475133194057266,0.013138454993789368,0.0759493670886076,1.3413398754876461e-33,1.1529573686563632,0.3341751034331231,0.7002517748070011,0.3,0.2875,0.08859469578371049,2.8077464092640607,0.40284841385279185,0.2861363661974068,0.31101521994980147,0,,0.5459165969514952,0.14575089309330247,-0.0446428571428572
4197,4197,sh603533,2026-02-13,35.83,0.9322036389863378,0.2515266875842168,traded,completed,UP,0.8166666666666667,2.1106045346106037,3.0,0.0,3.0,ma_ma20,0.4,26.1885,deep_pullback,28.0,7.0,pullback,bullish_candle,0.8525,26.1885,ma_ma20,25.76,"形态止损: pit_rebound, 支撑 26.19 下方 1.25xATR=2.64 (被硬性止损 8% 截断)",33.6,"[30.8, 33.6]",12.0,26.75,dynamic_stop,D2,-0.044642857142857,-0.044642857142857,5.0,2026-02,-0.3022606754116661,0.0,,,4197,2.0,Failure,-0.261665695529932,0.42122499465942376,0.1472135064421256,0.38405499539419385,0.041060951467063546,0.019354451080430504,0.16279069767441862,2.2369530504876103e-32,9.118592970646336,0.3918128705374657,1.0,0.17692307692307693,0.6461538461538462,0.33121014250512903,3.8239971172314036,0.3695127050193242,0.3628252951133567,0.2676619998673191,0,,0.5509253525760025,0.13857242903960867,-0.044642857142857
4300,4300,bj920571,2026-03-03,14.52,1.819159773157582,0.2522833561815769,traded,completed,UP,1.0,1.14104274116033,3.0,0.0,4.0,swing_low,1.0,9.752,deep_pullback,11.11,5.0,pullback,bullish_candle,0.98,10.044333333333334,ma60_washed,10.2212,"形态止损: washout, 支撑 10.04 下方 0.75xATR=0.86 (被硬性止损 8% 截断)",13.332,"[12.221, 13.332]",13.0,10.5,dynamic_stop,D2,-0.0549054905490548,-0.0549054905490548,8.0,2026-03,-0.2830578512396694,0.0,,,4300,2.0,Failure,-0.2288889001916956,0.11209999561309818,0.39014985940247016,0.5995400307221608,0.055981219241328775,0.018367529886150518,0.09090909090909091,1.2779490969377018e-32,2.9611091268495127,0.44362292127785546,1.0,0.15,0.56,0.7048318027128426,1.8109507062616919,0.3863913504700264,0.291003548794948,0.3226051007350257,0,,0.5318931248675004,0.13418778267147954,-0.0549054905490548
4301,4301,bj920010,2026-03-03,17.481796515041488,1.2474389952840483,0.2375491439317055,traded,completed,RANGE,0.7666666666666667,1.171527111572604,4.0,0.0,5.0,swing_low,1.0,11.368652611036676,deep_pullback,12.784747936271067,5.0,pullback,bullish_candle,0.6950000000000001,12.924961318473857,poc,11.761968101369384,"无有效支撑, 使用最大止损 8%",15.341697523525282,"[14.0632, 15.3417]",7.0,13.263428046209455,dynamic_stop,D4,0.0374414976599064,0.0374414976599064,2.0,2026-03,-0.2749572162007987,0.0,,,4301,0.0,Smooth,-0.1526666641235351,0.09155000925064086,0.3267739307560633,0.4678464337707904,0.05638808947588291,0.021725386704862168,0.08080808080808081,4.577064677270311e-33,2.713128904540552,0.38904736915920746,1.0,0.09,0.62,0.5764389268934016,1.9258365518581504,0.3992683857840971,0.2837041486947056,0.31702746552119737,0,,0.5411204601314499,0.1285427020681565,0.0374414976599064
4303,4303,bj920351,2026-03-03,27.9,0.9561636935741584,0.215547469236389,traded,completed,RANGE,0.7833333333333333,2.1177363418883246,4.0,0.0,5.0,swing_low,1.0,21.855,deep_pullback,22.61,5.0,pullback,bullish_candle,0.8174999999999999,21.855,swing_low,20.8012,"形态止损: washout, 支撑 21.86 下方 0.75xATR=1.59 (被硬性止损 8% 截断)",27.132,"[24.871, 27.132]",7.0,22.19,dynamic_stop,D4,-0.0185758513931887,-0.0185758513931887,2.0,2026-03,-0.346594982078853,0.0,,,4303,2.0,Failure,-0.2754372157076377,0.15885000228881835,0.3025039045636537,0.427571136863963,0.03848032827863568,0.017336719349161433,0.06060606060606061,1.1903041302582151e-33,4.021512558052842,0.3625424268842821,0.9600000584379156,0.13,0.53,0.4651376904527049,2.153667891035074,0.44609754896695697,0.31076454012055854,0.24313791091248457,0,,0.6014798190272362,0.12964745278808204,-0.0185758513931887
4319,4319,bj920010,2026-03-04,14.071200731730482,0.80624394417682,0.2542592197362318,traded,completed,UP,0.9666666666666668,1.5711242910136056,4.0,0.0,5.0,swing_low,1.0,11.368652611036676,deep_pullback,12.784747936271067,4.0,pullback,bullish_candle,0.8750000000000001,12.924961318473857,poc,11.761968101369384,"无有效支撑, 使用最大止损 8%",15.341697523525282,"[14.0632, 15.3417]",6.0,13.263428046209455,dynamic_stop,D4,0.0374414976599064,0.0374414976599064,2.0,2026-03,-0.1530829199149539,0.107333333333333,,,4319,0.0,Smooth,-0.2059800891815376,0.1507250118255615,0.051119432231215844,0.21885157001972844,0.07134139154033069,0.02654565969703091,0.08080808080808081,4.769623507630308e-33,5.684476922755479,0.38904736915920746,0.6290321926578551,0.12,0.6,0.34770888102129005,1.2507243220593627,0.46907367322666876,0.2537336460121586,0.27719268076117276,0,,0.595940496232748,0.15152336558136129,0.0374414976599064
4336,4336,bj920571,2026-03-05,11.7,1.3191852899891687,0.2669838101776057,traded,completed,UP,1.0,1.6893165478048702,3.0,0.0,4.0,swing_low,1.0,9.7972,deep_pullback,11.11,3.0,pullback,bullish_candle,0.98,10.139333333333331,ma60_washed,10.2212,"形态止损: washout, 支撑 10.14 下方 0.75xATR=1.27 (被硬性止损 8% 截断)",13.332,"[12.221, 13.332]",11.0,10.5,dynamic_stop,D2,-0.0549054905490548,-0.0549054905490548,8.0,2026-03,-0.1239316239316238,0.1032826261008805,,,4336,2.0,Failure,-0.1386554345733718,0.1962999939918518,-0.08073895448060253,0.15534038105669823,0.08577224263699451,0.02824493406391841,0.10101010101010101,1.389194888969058e-32,2.943813110707941,0.44362292127785546,0.48055557358412143,0.13,0.6,0.15115201216484064,0.814987602857554,0.38648946401414774,0.33370982536705374,0.27980071061879863,0,,0.5533443766976747,0.14773399003109752,-0.0549054905490548
4337,4337,bj920014,2026-03-05,16.68,0.9037814401588168,0.2626690559683532,traded,completed,UP,0.85,2.1049135471532856,5.0,0.0,5.0,swing_low,1.0,11.59,deep_pullback,14.65,8.0,pullback,long_lower_shadow,0.8575000000000002,14.767500000000002,poc,13.478000000000002,"无有效支撑, 使用最大止损 8%",17.58,"[16.115, 17.58]",11.0,15.1,dynamic_stop,D4,0.030716723549488,0.030716723549488,3.0,2026-03,-0.2242206235011991,0.2537058152793614,,,4337,2.0,Failure,-0.2948229258103763,0.15522499799728395,0.09147485602648242,0.25862590947969766,0.06780593991184386,0.03346072195394234,0.13131313131313133,2.7597933531665297e-33,4.7731825457290435,0.366161582105293,0.6882760525770586,0.11,0.54,0.3328268327432051,1.1907676628047281,0.4256317682632026,0.34155531896903096,0.23281291276776653,0,,0.5964094277477181,0.1566583013571189,0.030716723549488
4338,4338,bj920010,2026-03-05,13.96150320653627,0.81838636690583,0.2717630626246351,traded,completed,UP,0.9666666666666668,1.7246401355817342,4.0,0.0,5.0,swing_low,1.0,11.368652611036676,deep_pullback,12.784747936271067,3.0,pullback,bullish_candle,0.8750000000000001,12.924961318473857,poc,11.761968101369384,"无有效支撑, 使用最大止损 8%",15.341697523525282,"[14.0632, 15.3417]",5.0,13.263428046209455,dynamic_stop,D4,0.0374414976599064,0.0374414976599064,2.0,2026-03,-0.1157142857142856,0.0956810631229234,,,4338,0.0,Smooth,-0.1163454737909744,0.19292501449584956,-0.008302584417142822,0.19075877591423418,0.07719876476882334,0.029097168518074912,0.09090909090909091,5.236649102348203e-33,4.560437661378315,0.38904736915920746,0.6363635982268372,0.11,0.6,0.2552127171001046,1.010657213402098,0.44912629743295657,0.26857915769414215,0.28229454487290123,0,,0.5834158762800277,0.15855088532169553,0.0374414976599064
4405,4405,bj920375,2026-03-11,13.522113787375416,0.9246850971546128,0.2317181732389834,traded,completed,UP,0.825,1.3634567080858897,5.0,0.0,6.0,ma60_washed,0.9,10.337655990448503,deep_pullback,14.64658430232558,1.0,pullback,bullish_candle,0.8537500000000001,13.867781717192692,poc,13.474857558139536,"形态止损: washout, 支撑 13.87 下方 0.75xATR=1.02 (被硬性止损 8% 截断)",17.575901162790696,"[16.1112, 17.5759]",2.0,13.474857558139536,dynamic_stop,D4,-0.0799999999999999,-0.0799999999999999,1.0,2026-03,-0.2736842105263156,0.1202241467142128,,,4405,2.0,Failure,-0.3521126438951319,0.24942499160766599,0.01688765342020737,0.22750148813139326,0.08576414218114367,0.028261028084651654,0.09090909090909091,3.3324884747011965e-33,4.023254865918558,0.3787602651475339,0.7220215094288088,0.11,0.49,0.06050777515049344,0.8624277946498725,0.45153075308295126,0.27558163670005054,0.2728876102169981,0,,0.5893215714329765,0.13655651798277638,-0.0799999999999999
