signal_idx,stock_code,t0_date,status,max_drawdown,trend_smoothness,trend_slope,n_future_bars,final_return,raw_cluster,path_label,path_label_name
0,bj920152,2025-02-21,traded,0.20750785977454173,0.18386418860583476,0.005289881161969834,22,0.08241212705702528,1.0,0.0,Smooth
1,bj920171,2025-02-21,traded,0.2111111217074924,0.4333550282671499,0.009438551167739251,22,0.18010163106698207,2.0,1.0,Pullback
2,bj920249,2025-02-21,traded,0.3383928594996735,0.059717571452330254,0.004422159940024127,22,0.023335632100848436,1.0,0.0,Smooth
3,bj920092,2025-02-21,filtered,0.25383356855225764,0.23020647734583177,-0.005416798754165876,22,-0.10168485610576505,1.0,0.0,Smooth
4,bj920130,2025-02-21,expired,0.38464287349155973,0.5966392130308887,0.0361666914030119,22,0.5806601412466577,0.0,2.0,Failure
5,bj920395,2025-02-21,expired,0.21748872825344506,0.007647827348683189,-0.000831149842241682,22,-0.022539848013993002,1.0,0.0,Smooth
6,bj920906,2025-02-21,traded,0.32775001525878905,0.2909450156255826,0.007097911531370497,22,0.06925207630783192,2.0,1.0,Pullback
7,bj920522,2025-02-21,expired,0.24476608036933448,0.02666037440356983,-0.001554456190945935,22,0.015944508783026334,1.0,0.0,Smooth
8,bj920627,2025-02-21,filtered,0.2492699213890805,0.0027308919728535885,0.0008412286934310047,22,0.08342774673146036,1.0,0.0,Smooth
9,bj920556,2025-02-21,expired,0.20904371702524302,0.004617438750728398,-0.0007633724442718814,22,-0.11463413215832385,1.0,0.0,Smooth
10,bj920876,2025-02-21,traded,0.3026285561358103,0.02228524884498484,-0.0022904262289762385,22,0.02413433124781439,1.0,0.0,Smooth
11,bj920953,2025-02-21,expired,0.21979860538945292,0.0038272105477470397,-0.0005293030783470812,22,-0.1032787217860065,1.0,0.0,Smooth
12,bj920790,2025-02-21,operable_filtered,0.23279998779296876,0.4980686340730537,-0.0073025685030974705,22,-0.16203708531566952,2.0,1.0,Pullback
13,bj920207,2025-02-21,filtered,0.36808703908153984,0.3571390247023838,-0.010277710458952287,22,-0.034208699130917286,2.0,1.0,Pullback
14,bj920924,2025-02-21,expired,0.3446919877689703,0.2797245253238352,-0.005335289418913728,22,-0.2102150925212759,2.0,1.0,Pullback
15,bj920932,2025-02-21,filtered,0.2593301519244281,0.017704909172955197,0.0014419847452974536,22,0.02499997615814209,1.0,0.0,Smooth
16,bj920152,2025-02-24,traded,0.21689258504805764,0.10813648903108575,0.0038993312104814368,22,0.10430377042746253,1.0,0.0,Smooth
17,sz002527,2025-02-24,expired,0.2678571376439087,0.6941017006078942,-0.010553741398441393,22,-0.17640631548047325,0.0,2.0,Failure
18,bj920662,2025-02-24,expired,0.270718257952142,0.09485958225772617,-0.0037040808963359805,22,-0.14983389274833026,1.0,0.0,Smooth
19,bj920855,2025-02-24,expired,0.22029703807796538,0.2561895816364036,-0.004179939984863587,22,-0.12179205154138906,2.0,1.0,Pullback
20,bj920491,2025-02-24,expired,0.24988237268784466,0.6671622116833527,-0.008245016816539259,22,-0.19161370522383792,0.0,2.0,Failure
21,bj920207,2025-02-24,breakout_support_filtered,0.36808703908153984,0.6262727431575055,-0.014129351001122522,22,-0.11147539732886147,0.0,2.0,Failure
22,bj920978,2025-02-24,breakout_support_filtered,0.17318842828186107,0.004149789280670446,0.0004070207707239304,22,0.11403505682155402,1.0,0.0,Smooth
23,bj920407,2025-02-24,traded,0.262152807097191,0.0012336297458713785,0.0004098389031492459,22,-0.07384277294583552,1.0,0.0,Smooth
24,bj920556,2025-02-24,expired,0.20904371702524302,0.012105417070334301,-0.0012688440151830398,22,-0.08848802888879326,1.0,0.0,Smooth
25,bj920924,2025-02-24,traded,0.3172288433182684,0.31313707883883013,-0.006086131394911697,22,-0.1788526536764573,2.0,1.0,Pullback
26,bj920363,2025-02-24,expired,0.2927864386706158,0.018419589404122916,0.0016702830138318444,22,0.008547012645079288,1.0,0.0,Smooth
27,bj920693,2025-02-24,filtered,0.15917263879495083,0.0003921506739632541,0.00017094541902979912,22,-0.0894832254957093,1.0,0.0,Smooth
28,bj920184,2025-02-24,traded,0.17782909803551897,0.0068451608503403705,-0.000749960727404717,22,-0.06298696995987751,1.0,0.0,Smooth
29,sh600590,2025-02-24,filtered,0.3092369065684875,0.02483125807852904,0.0026269580769568927,21,-0.008908677926962594,1.0,0.0,Smooth
30,bj920010,2025-02-24,filtered,0.3014851918934287,0.4707202004405001,0.01762909515654492,22,0.2012195567707058,2.0,1.0,Pullback
31,bj920593,2025-02-24,expired,0.26323320635503444,0.5591409659671767,-0.008581013701968431,22,-0.18853213369078714,2.0,1.0,Pullback
32,bj920415,2025-02-24,traded,0.2276964452626939,0.5467628105294486,-0.008871347795569022,22,-0.1832460894587351,2.0,1.0,Pullback
33,bj920706,2025-02-24,expired,0.2779893785522643,0.15020669757249794,-0.004772686507119211,22,0.019311108673279787,1.0,0.0,Smooth
34,bj920895,2025-02-24,traded,0.2518450606533338,0.06561368047646965,0.002791150790246417,22,0.07788162363981077,1.0,0.0,Smooth
35,sz002599,2025-02-24,expired,0.30273972334300725,0.5157655744877694,-0.009036199032347328,22,-0.22959567917871404,2.0,1.0,Pullback
36,bj920152,2025-02-25,expired,0.21689258504805764,0.046930892380368294,0.002431412031320413,22,0.1233435256258888,1.0,0.0,Smooth
37,bj920146,2025-02-25,traded,0.2140319536788706,0.012885857063551387,-0.0010951681994834134,22,-0.08315789072137125,1.0,0.0,Smooth
38,bj920395,2025-02-25,filtered,0.21748872825344506,0.07183269319096697,-0.0026227699136775534,22,-0.0781491207270244,1.0,0.0,Smooth
39,sz002527,2025-02-25,expired,0.25839792772242964,0.6494821302532965,-0.00931148062260409,22,-0.18806306923106253,0.0,2.0,Failure
40,bj920855,2025-02-25,expired,0.1670339720723481,0.2147332732633338,-0.0035715618941918586,22,-0.10045865611710347,1.0,0.0,Smooth
41,bj920663,2025-02-25,expired,0.34210526315789475,0.30523470386149276,-0.00616459030595432,22,-0.09119203883511284,2.0,1.0,Pullback
42,bj920207,2025-02-25,filtered,0.3699002740235797,0.8432044870212799,-0.017251245009768906,22,-0.2691891644452069,0.0,2.0,Failure
43,bj920273,2025-02-25,traded,0.15795906350754252,0.23413293975973481,0.005365145419657063,22,0.1781707482371131,1.0,0.0,Smooth
44,bj920010,2025-02-25,traded,0.30940597611961834,0.3683674613943817,0.015243266282320974,22,0.1688888549804688,2.0,1.0,Pullback
45,bj920837,2025-02-25,traded,0.3294603004116956,0.22475761865383237,0.012738626976507081,22,0.25384102357728766,1.0,0.0,Smooth
46,bj920706,2025-02-25,traded,0.2779893785522643,0.2912978668812478,-0.006747562048211844,22,0.014673938226159589,2.0,1.0,Pullback
47,bj920378,2025-02-25,expired,0.24324323163289094,0.22635854499641272,0.006216851538195819,22,0.010623270072261048,1.0,0.0,Smooth
48,bj920493,2025-02-25,operable_filtered,0.2963070691373833,0.7387652722328306,-0.011948579709349124,22,-0.2665658410940682,0.0,2.0,Failure
49,bj920895,2025-02-25,operable_filtered,0.2518450606533338,0.040213072253207804,0.0021063300119837304,22,0.12630297000270252,1.0,0.0,Smooth
50,bj920510,2025-02-25,operable_filtered,0.2118055081845789,0.0058818134579685655,-0.0007833061472267465,22,-0.03280685928595639,1.0,0.0,Smooth
51,bj920454,2025-02-25,operable_filtered,0.30304344840671704,0.0006217160290642454,-0.00030466316873854836,22,-0.01882206914793394,1.0,0.0,Smooth
52,bj920834,2025-02-25,operable_filtered,0.19782778299581721,0.2455633901932205,0.007144835526674679,22,0.36479842775959304,1.0,0.0,Smooth
53,bj920570,2025-02-25,operable_filtered,0.2607348243207142,0.7082907755404573,0.021304490581453166,22,0.25367267194633336,0.0,2.0,Failure
54,bj920152,2025-02-26,breakout_support_filtered,0.2356621681879711,0.0005039653563508883,0.00023700597836364185,22,-0.17254900464824596,1.0,0.0,Smooth
55,bj920690,2025-02-26,expired,0.2423755804019099,0.06507157012273779,-0.0022325767970902254,22,-0.092549987328291,1.0,0.0,Smooth
56,bj920395,2025-02-26,filtered,0.21748872825344506,0.11817413429399148,-0.003534457082830398,22,-0.08488065512415521,1.0,0.0,Smooth
57,bj920662,2025-02-26,expired,0.2790055295194862,0.1518520911921668,-0.005068692970394722,22,-0.17751674978567933,1.0,0.0,Smooth
58,bj920663,2025-02-26,expired,0.34210526315789475,0.22179842070987532,-0.004872262253274707,22,-0.17343281987887715,1.0,0.0,Smooth
59,sz002501,2025-02-26,expired,0.28472227051302046,0.09491171604865745,0.0033199606285575782,22,-0.10483870502565207,1.0,0.0,Smooth
60,bj920171,2025-02-26,filtered,0.2111111217074924,0.3182876861441841,0.007406451278742134,22,0.004999946145450407,2.0,1.0,Pullback
61,bj920455,2025-02-26,expired,0.30666669209798175,0.00027821478217615603,-0.00029769499551277154,22,0.13738741568762003,1.0,0.0,Smooth
62,bj920924,2025-02-26,traded,0.32771195802372605,0.4033198346238447,-0.007904237551261545,22,-0.20184253500373484,2.0,1.0,Pullback
63,bj920876,2025-02-26,expired,0.327983292354252,0.6366888155760946,-0.0131307567327883,22,-0.27493331909179686,0.0,2.0,Failure
64,bj920207,2025-02-26,expired,0.3814596197597519,0.8637636021200952,-0.018179576775461035,22,-0.35886695406559366,0.0,2.0,Failure
65,bj920522,2025-02-26,breakout_support_filtered,0.25329541444582226,0.5749746761245424,-0.007906920381967525,22,-0.21562058476704593,2.0,1.0,Pullback
66,bj920579,2025-02-26,expired,0.32299630093503817,0.21402737842270259,0.012797317612755696,22,0.12323396206472137,1.0,0.0,Smooth
67,bj920491,2025-02-26,operable_filtered,0.17792676213837103,0.6335628560651627,-0.0074241813246141855,22,-0.1260989524045273,0.0,2.0,Failure
68,bj920273,2025-02-26,filtered,0.15795906350754252,0.31268983843671017,0.006381856689451336,22,0.013371540220766587,2.0,1.0,Pullback
69,bj920092,2025-02-26,filtered,0.2660684789818579,0.6864851259543807,-0.011762811722433866,22,-0.26070634055919384,0.0,2.0,Failure
70,bj920593,2025-02-26,expired,0.23019433743841888,0.5100170283541039,-0.007541970308009077,22,-0.1707936241513207,2.0,1.0,Pullback
71,bj920896,2025-02-26,expired,0.23968489970823145,0.058678021767569755,-0.003171328389049705,22,-0.12545129538753863,1.0,0.0,Smooth
72,bj920152,2025-02-27,traded,0.2669447404580527,0.008419602884735533,0.0009064183531230773,22,-0.07263591580271056,1.0,0.0,Smooth
73,bj920273,2025-02-27,expired,0.13971928575085998,0.5432523695656877,0.009639960734111176,22,0.282461702394452,2.0,1.0,Pullback
74,bj920690,2025-02-27,expired,0.2423755804019099,0.10978192187895441,-0.003074437491807137,22,-0.09733122397139038,1.0,0.0,Smooth
75,bj920171,2025-02-27,traded,0.16617737893572637,0.4913963789630925,0.00925504948180535,22,0.20701759739925985,2.0,1.0,Pullback
76,sz002501,2025-02-27,filtered,0.16226417029527734,0.17954539944288406,0.004313871135748178,22,-0.03139010432469913,1.0,0.0,Smooth
77,bj920663,2025-02-27,expired,0.2653540729713612,0.17597449144326016,-0.0037540612396427166,22,-0.11835330705794256,1.0,0.0,Smooth
78,bj920508,2025-02-27,traded,0.3234693566147162,0.7728705690128727,-0.014030074133432446,22,-0.17476974183832483,0.0,2.0,Failure
79,bj920522,2025-02-27,expired,0.267381744134077,0.5695625506154518,-0.007669983602739277,22,-0.14074077649807515,2.0,1.0,Pullback
80,bj920026,2025-02-27,traded,0.37906974969908247,0.0114959975291401,-0.001959788838289509,22,0.0325396694443818,1.0,0.0,Smooth
81,bj920002,2025-02-27,expired,0.4259113047228268,0.7837431384842375,-0.019104790531120172,22,-0.18086959175441575,0.0,2.0,Failure
82,bj920239,2025-02-27,filtered,0.3131666819254557,0.6926312090327732,-0.011481862204859682,22,-0.13685349310337291,0.0,2.0,Failure
83,sh600589,2025-02-27,expired,0.2889115131871912,0.04093293963201039,0.003660485473040052,22,0.04048585653340275,1.0,0.0,Smooth
84,bj920023,2025-02-27,expired,0.18209412114065812,0.26026484765219615,-0.003922216139627833,22,-0.17996871978025786,2.0,1.0,Pullback
85,bj920207,2025-02-27,expired,0.36363634289529506,0.86245911599644,-0.017518596482079547,22,-0.23976609883077304,0.0,2.0,Failure
86,bj920876,2025-02-27,expired,0.3719469889315219,0.6548854131057463,-0.013821881317063744,22,-0.16780186391073093,0.0,2.0,Failure
87,bj920092,2025-02-27,traded,0.26166667938232424,0.6864826895486706,-0.011762706674614844,22,-0.14704719524003873,0.0,2.0,Failure
88,bj920839,2025-02-27,traded,0.3262499809265137,0.17215773580170302,0.007524607411987622,22,0.08884213096217097,1.0,0.0,Smooth
89,bj920906,2025-02-27,filtered,0.3762499809265137,0.033515761963430646,-0.002468612886778954,22,-0.007835073569386286,1.0,0.0,Smooth
90,bj920284,2025-02-27,expired,0.41581702319911923,0.8517157033351211,-0.01926974384660447,22,-0.25179085485083774,0.0,2.0,Failure
91,bj920152,2025-02-28,traded,0.2669447404580527,0.00030206595511872436,-0.00017831327072506277,22,-0.09192822005364187,1.0,0.0,Smooth
92,bj920455,2025-02-28,traded,0.31800003051757814,0.23137921960178076,-0.007785954691106304,22,-0.001949362311646996,1.0,0.0,Smooth
93,bj920663,2025-02-28,expired,0.21036007199970022,0.21472460839055807,-0.004338287946726621,22,-0.07804519998884252,1.0,0.0,Smooth
94,bj920284,2025-02-28,expired,0.41581702319911923,0.8851396769041531,-0.02003281122617221,22,-0.31461032037497905,0.0,2.0,Failure
95,bj920089,2025-02-28,expired,0.19365252027545438,0.421203138109128,-0.005728516455448545,22,-0.09058189693887131,2.0,1.0,Pullback
96,bj920522,2025-02-28,expired,0.267381744134077,0.6261728489846268,-0.008442420211051349,22,-0.18938956418638164,0.0,2.0,Failure
97,bj920002,2025-02-28,expired,0.4283110875771028,0.9184623091925632,-0.022020063416419683,22,-0.31602106321224666,0.0,2.0,Failure
98,bj920023,2025-02-28,expired,0.16692425946339384,0.23788467865763663,-0.003575685829008504,22,-0.060975595572957286,1.0,0.0,Smooth
99,bj920810,2025-02-28,expired,0.49192406234008595,0.08657446790904078,-0.006193683440498282,22,-0.08316632883532848,1.0,0.0,Smooth
100,sh600589,2025-02-28,expired,0.2889115131871912,0.02186338894891815,0.0026846288413758155,22,0.0824587267776018,1.0,0.0,Smooth
101,bj920508,2025-02-28,traded,0.3234693566147162,0.8885935353482981,-0.016041362323688572,22,-0.3272916475931803,0.0,2.0,Failure
102,bj920779,2025-02-28,expired,0.35294117647058826,0.7534750887867742,-0.014234673939410273,22,-0.19641225917765848,0.0,2.0,Failure
103,bj920690,2025-02-28,expired,0.2423755804019099,0.16060754411224654,-0.0038438659933524356,22,-0.049898562323371976,1.0,0.0,Smooth
104,bj920239,2025-02-28,filtered,0.3158333460489909,0.8343118991112319,-0.013344946910691205,22,-0.30386932966422664,0.0,2.0,Failure
105,bj920237,2025-02-28,expired,0.3295823381081578,0.8354496953857332,-0.016458564866602993,22,-0.3404025071171636,0.0,2.0,Failure
106,bj920299,2025-02-28,traded,0.24627198654633967,6.60260098928056e-07,7.728483082940835e-06,22,0.12903225806451624,1.0,0.0,Smooth
107,bj920706,2025-02-28,operable_filtered,0.3427265773631421,0.7464593573189731,-0.01279862071871743,22,-0.246070921849753,0.0,2.0,Failure
108,bj920971,2025-02-28,operable_filtered,0.16330748243489657,0.6389613730939465,-0.006622467717170048,22,-0.1410464183204222,0.0,2.0,Failure
109,sz000096,2025-02-28,operable_filtered,0.1284755621649339,0.0002344084683878478,-7.089932232871886e-05,22,-0.010100952691779574,1.0,0.0,Smooth
110,bj920527,2025-02-28,operable_filtered,0.22174326373855147,0.32416916199900525,-0.006685234428843812,22,-0.16370297754865215,2.0,1.0,Pullback
111,bj920508,2025-03-03,expired,0.2633332994249132,0.8904638608966944,-0.015115816906513245,22,-0.2520756492463334,0.0,2.0,Failure
112,bj920663,2025-03-03,expired,0.21036007199970022,0.324039241808855,-0.0056362379152149426,22,-0.13443638703068683,2.0,1.0,Pullback
113,bj920284,2025-03-03,expired,0.3709198729083263,0.8367245577841907,-0.01834409263722041,22,-0.25082503846486504,0.0,2.0,Failure
114,bj920152,2025-03-03,traded,0.2704205965539375,0.006142451490370293,-0.0008233641321996109,22,-0.03356969727085013,1.0,0.0,Smooth
115,bj920237,2025-03-03,expired,0.29558890712391683,0.8268566548449681,-0.01468714525735358,22,-0.2556695927553352,0.0,2.0,Failure
116,bj920522,2025-03-03,expired,0.2101156293953133,0.6012547325747405,-0.007988022197683116,22,-0.11445416406013453,0.0,2.0,Failure
117,bj920239,2025-03-03,filtered,0.2560710581726812,0.8394849044793681,-0.01185876719974167,22,-0.22490640061892386,0.0,2.0,Failure
118,bj920839,2025-03-03,expired,0.33125,0.0008084875830408622,0.0004855977019653725,22,-0.03266052806049313,1.0,0.0,Smooth
119,bj920002,2025-03-03,expired,0.4289186116986888,0.9366263418055409,-0.022791105206393457,22,-0.403543273186602,0.0,2.0,Failure
120,bj920252,2025-03-03,expired,0.25584414501364994,0.8514830932976944,-0.014504963403337708,22,-0.2294117469371304,0.0,2.0,Failure
121,bj920207,2025-03-03,expired,0.3377500057220459,0.8986480158107707,-0.0183880179129033,22,-0.27937919399933775,0.0,2.0,Failure
122,bj920810,2025-03-03,traded,0.49192406234008595,0.14821788227579002,-0.008308834825030188,22,-0.061375654541008684,1.0,0.0,Smooth
123,bj920001,2025-03-03,expired,0.18439201685611611,0.6360939674656478,-0.008032360812406734,22,-0.06717618806487746,0.0,2.0,Failure
124,bj920299,2025-03-03,expired,0.24627198654633967,0.02954235797789162,-0.0014989017951852687,22,0.011156701059793717,1.0,0.0,Smooth
125,bj920346,2025-03-03,expired,0.2914285535936232,0.740237960985275,-0.009254679735351405,22,-0.17300087358772687,0.0,2.0,Failure
126,bj920274,2025-03-03,expired,0.3272818858339783,0.3040318354783561,-0.007626804941908871,22,-0.1443569450331903,2.0,1.0,Pullback
127,bj920527,2025-03-03,filtered,0.22174326373855147,0.3385097395846798,-0.006916743975893451,22,-0.1512297856982593,2.0,1.0,Pullback
128,bj920123,2025-03-03,expired,0.3559451308710848,0.7992852062203887,-0.013779888071147604,22,-0.25185181580380467,0.0,2.0,Failure
129,bj920856,2025-03-04,expired,0.47669177036938315,0.7383470268782364,-0.020681610575311954,22,-0.14583333333333337,0.0,2.0,Failure
130,bj920839,2025-03-04,expired,0.33125,0.006752295197125613,-0.0013952536096684563,22,0.02925929316767939,1.0,0.0,Smooth
131,bj920284,2025-03-04,expired,0.3709198729083263,0.8113700387889592,-0.01741720934136862,22,-0.33963413563319267,0.0,2.0,Failure
132,bj920663,2025-03-04,expired,0.20204276856433753,0.37510103066841427,-0.006447727063496049,22,-0.17601354475261655,2.0,1.0,Pullback
133,bj920779,2025-03-04,expired,0.33073980721574686,0.8381678889584496,-0.013257885944856553,22,-0.28299837486850066,0.0,2.0,Failure
134,sz002575,2025-03-04,expired,0.3071697882886203,0.7748772976009021,-0.012431482880227166,22,-0.21772803424166842,0.0,2.0,Failure
135,bj920876,2025-03-04,operable_filtered,0.39203201252357434,0.8623714912365916,-0.018476001914958823,22,-0.30767112882422887,0.0,2.0,Failure
136,bj920239,2025-03-04,expired,0.24761733497397007,0.8313085057385332,-0.011315082365213084,22,-0.22075179241023024,0.0,2.0,Failure
137,bj920006,2025-03-04,expired,0.2567756440059372,0.6459707224634603,-0.010445300486323628,22,-0.0828363146030604,0.0,2.0,Failure
138,bj920237,2025-03-04,expired,0.25831938705477886,0.7922734769681834,-0.013568692197419827,22,-0.22426470072624172,0.0,2.0,Failure
139,bj920002,2025-03-04,expired,0.4415122214526547,0.9406646189334501,-0.02167686406964291,22,-0.3766288706131654,0.0,2.0,Failure
140,bj920274,2025-03-04,expired,0.3272818858339783,0.387114082345541,-0.00894130287469323,22,-0.1194225539473669,2.0,1.0,Pullback
141,bj920810,2025-03-04,traded,0.4930575538246312,0.2724723643409971,-0.011722976040414316,22,-0.12617799996225243,2.0,1.0,Pullback
142,bj920123,2025-03-04,expired,0.2790102716092058,0.6864741804434009,-0.01090867648482786,22,-0.13910284264952588,0.0,2.0,Failure
143,bj920533,2025-03-04,operable_filtered,0.2773778049411372,0.9205153562869625,-0.015088654725066089,22,-0.24271844959837352,0.0,2.0,Failure
144,bj920651,2025-03-04,traded,0.24264316059395385,0.0013666236153007105,0.0003110299641725758,22,0.043847232709004924,1.0,0.0,Smooth
145,bj920527,2025-03-04,traded,0.22174326373855147,0.322619348213497,-0.006680412933000818,22,-0.08429745517651799,2.0,1.0,Pullback
146,bj920418,2025-03-04,operable_filtered,0.3042317835113453,0.734675433520706,-0.01253874309215522,22,-0.2495819102973622,0.0,2.0,Failure
147,bj920856,2025-03-05,expired,0.5162907644366208,0.8642195093767956,-0.026910443145383135,22,-0.5128205308469007,0.0,2.0,Failure
148,bj920599,2025-03-05,expired,0.11547797174347763,0.09831086522467258,-0.001872080391728928,22,-0.0879780748702117,1.0,0.0,Smooth
149,bj920839,2025-03-05,expired,0.3425000190734863,0.09338809829241779,-0.005759589460391327,22,-0.10302795154509492,1.0,0.0,Smooth
150,bj920267,2025-03-05,expired,0.29658866917724713,0.73676353432742,-0.014536037935166451,22,-0.3921508916492479,0.0,2.0,Failure
151,bj920455,2025-03-05,traded,0.3333333333333333,0.7441845927055739,-0.016592104141017937,22,-0.4117226821385046,0.0,2.0,Failure
152,bj920779,2025-03-05,expired,0.3662509789178998,0.7717047525262349,-0.014693335396322109,22,-0.42292225043416476,0.0,2.0,Failure
153,bj920299,2025-03-05,expired,0.15757570970229753,0.09053511215261789,-0.003210917019154772,22,-0.17562927775863402,1.0,0.0,Smooth
154,bj920906,2025-03-05,traded,0.4304999828338623,0.5692711286458831,-0.014763398788182341,22,-0.3680555123237904,0.0,2.0,Failure
155,bj920978,2025-03-05,expired,0.23398544123039572,0.42822720452240093,-0.008012204201906329,22,-0.307723366108674,2.0,1.0,Pullback
156,bj920651,2025-03-05,filtered,0.25093635099214273,0.06444315608251328,-0.0027889251572632144,22,-0.12904412244224206,1.0,0.0,Smooth
157,bj920284,2025-03-05,expired,0.39287837919063445,0.7843718525564929,-0.018207996929896348,22,-0.45585351762055204,0.0,2.0,Failure
158,bj920363,2025-03-05,expired,0.3490099221919131,0.6706056985326454,-0.014202781175452206,22,-0.3873720422568848,0.0,2.0,Failure
159,bj920425,2025-03-05,expired,0.3761868436117087,0.8392497827902451,-0.01994191013768961,22,-0.42284865511549197,0.0,2.0,Failure
160,bj920274,2025-03-05,expired,0.3449319303532077,0.5034784290917906,-0.011860795335480859,22,-0.22800000508626306,2.0,1.0,Pullback
161,bj920123,2025-03-05,expired,0.2435094224217112,0.6430335604144274,-0.00991729554364759,22,-0.1733208255226708,0.0,2.0,Failure
162,bj920006,2025-03-05,breakout_support_filtered,0.2567756440059372,0.7376577340419426,-0.012444133695031829,22,-0.21640090197171313,0.0,2.0,Failure
163,bj920145,2025-03-05,traded,0.28185325654745297,0.1904289164292322,0.008927576130618894,22,0.13826370069664828,1.0,0.0,Smooth
164,bj920418,2025-03-05,operable_filtered,0.32874772202456315,0.6717709069951902,-0.015301614775292335,22,-0.39875455908341106,0.0,2.0,Failure
165,bj920856,2025-03-06,expired,0.584461170685611,0.870682580172472,-0.028460603310099742,22,-0.5666131540922321,0.0,2.0,Failure
166,bj920267,2025-03-06,expired,0.34869618434264543,0.741947017134922,-0.01582091823272968,22,-0.31468983360514025,0.0,2.0,Failure
167,bj920541,2025-03-06,traded,0.2695000171661377,0.48674691700139117,-0.008650846604607276,22,-0.09830096666005417,2.0,1.0,Pullback
168,bj920706,2025-03-06,expired,0.3210364634456684,0.7684973132948894,-0.017245169708036245,22,-0.3118329258127208,0.0,2.0,Failure
169,bj920833,2025-03-06,expired,0.4991329280933944,0.033711414941295814,-0.005546053547502767,22,0.09254495768315496,1.0,0.0,Smooth
170,bj920145,2025-03-06,breakout_support_filtered,0.2899614030692407,0.07666734874947034,0.00528741095386937,22,0.17307684548507973,1.0,0.0,Smooth
171,bj920006,2025-03-06,expired,0.2567756440059372,0.7262714612031612,-0.012309882141438184,22,-0.14655970448513533,0.0,2.0,Failure
172,bj920249,2025-03-06,expired,0.4491400575916176,0.754190861936491,-0.01873473854583931,22,-0.3808995293265174,0.0,2.0,Failure
173,bj920152,2025-03-06,traded,0.3924226880740526,0.2805915647082964,-0.008738048134647946,22,-0.1869957565792213,2.0,1.0,Pullback
174,bj920837,2025-03-06,traded,0.4853823318895248,0.6517894302692586,-0.01979107002200684,22,-0.27354498310280817,0.0,2.0,Failure
175,bj920455,2025-03-06,expired,0.3927097698162078,0.7448263523976877,-0.01670328188108676,22,-0.2815297029199738,0.0,2.0,Failure
176,bj920123,2025-03-06,expired,0.22263110411886414,0.38209093696031016,-0.007392814618954636,22,0.00940587225410261,2.0,1.0,Pullback
177,bj920425,2025-03-06,expired,0.45855787219580113,0.8508898149997216,-0.0211705447067893,22,-0.3933525810176687,0.0,2.0,Failure
178,bj920207,2025-03-06,expired,0.4611740350367728,0.8219305245767946,-0.0220558955521499,22,-0.4177214974553136,0.0,2.0,Failure
179,bj920299,2025-03-06,expired,0.21010096232485384,0.15348351171553465,-0.004437470949408729,22,-0.06112475038916443,1.0,0.0,Smooth
180,bj920284,2025-03-06,expired,0.3783244411446298,0.7841689240360802,-0.01788611742481704,22,-0.31481481481481477,0.0,2.0,Failure
181,bj920779,2025-03-06,expired,0.3436619933222381,0.7757638705641948,-0.014414750031627288,22,-0.27897260630540033,0.0,2.0,Failure
182,bj920810,2025-03-06,traded,0.5976197381446584,0.5832720526582079,-0.02302286017122034,22,-0.36744184272233826,0.0,2.0,Failure
183,sh603583,2025-03-06,expired,0.3742435801019681,0.8425108694054968,-0.016994598287961557,22,-0.3689613488548307,0.0,2.0,Failure
184,bj920634,2025-03-07,expired,0.4658187347299475,0.5343295913609978,-0.014824995148618908,22,-0.21507691603440504,2.0,1.0,Pullback
185,bj920856,2025-03-07,expired,0.5518918939538904,0.8243399167023647,-0.023812587837988643,22,-0.31888747044056853,0.0,2.0,Failure
186,bj920001,2025-03-07,traded,0.3771324746779558,0.6776672968404025,-0.016427670343021828,22,-0.28033475019320153,0.0,2.0,Failure
187,bj920267,2025-03-07,expired,0.32875001430511475,0.7423052150860261,-0.01582913865044705,22,-0.2341772002911,0.0,2.0,Failure
188,bj920006,2025-03-07,expired,0.2475247092035106,0.2762122128624135,-0.008257100075879396,22,0.18921605383127216,2.0,1.0,Pullback
189,bj920839,2025-03-07,expired,0.3875,0.32192246053865803,-0.01094008371020319,22,0.00899604144526367,2.0,1.0,Pullback
190,bj920599,2025-03-07,expired,0.16060171156077196,0.26520225802409325,-0.003376704365535125,22,-0.07303372373584327,2.0,1.0,Pullback
191,bj920089,2025-03-07,traded,0.30597822160261035,0.7455979257570915,-0.013515848418396086,22,-0.2329071502885779,0.0,2.0,Failure
192,bj920837,2025-03-07,expired,0.4853823318895248,0.7311035440652706,-0.02152499771874302,22,-0.2219969215605032,0.0,2.0,Failure
193,bj920008,2025-03-07,expired,0.38936938036669483,0.669572249873285,-0.01600704016860537,22,-0.040825661504401145,0.0,2.0,Failure
194,bj920455,2025-03-07,expired,0.3927097698162078,0.7548770717043802,-0.01692432511690065,22,-0.1951626519814076,0.0,2.0,Failure
195,bj920870,2025-03-07,traded,0.4063377453043112,0.5446331225374241,-0.015373330176345078,22,-0.2757709259244633,2.0,1.0,Pullback
196,bj920374,2025-03-07,traded,0.439410620479328,0.7701159241500706,-0.020811660963246707,22,-0.3339717646650542,0.0,2.0,Failure
197,bj920130,2025-03-07,expired,0.47874999046325684,0.43184161654322706,-0.013508470293348175,22,-0.26384911324230953,2.0,1.0,Pullback
198,bj920976,2025-03-07,expired,0.4363740807419864,0.8548039035986913,-0.022656347072286746,22,-0.38425789790793274,0.0,2.0,Failure
199,sh601177,2025-03-07,traded,0.36426117894297005,0.7963924679973512,-0.016278406265083062,22,-0.2851182060983516,0.0,2.0,Failure
200,bj920651,2025-03-07,expired,0.3271803397570534,0.28501525849092957,-0.006548029335855624,22,-0.05084154066150215,2.0,1.0,Pullback
201,bj920810,2025-03-07,operable_filtered,0.5976197381446584,0.6320357116717958,-0.02454384364188859,22,-0.27068719838209754,0.0,2.0,Failure
202,bj920599,2025-03-10,expired,0.16060171156077196,0.174352874782972,-0.002632143947191592,22,-0.06700000762939451,1.0,0.0,Smooth
203,bj920856,2025-03-10,operable_filtered,0.4452994224734554,0.6858104837509282,-0.020003006793876326,22,-0.17137679263990113,0.0,2.0,Failure
204,bj920634,2025-03-10,expired,0.4658187347299475,0.54632830134091,-0.015079747749578066,22,-0.1430899395691282,2.0,1.0,Pullback
205,bj920427,2025-03-10,expired,0.3470247620861272,0.7520343228189301,-0.01744429165821242,22,-0.2013142133593936,0.0,2.0,Failure
206,bj920541,2025-03-10,expired,0.1972527997675969,0.13772654734750467,-0.00449924482867811,22,-0.008645510964396141,1.0,0.0,Smooth
207,sz002093,2025-03-10,expired,0.3677581933565054,0.5512069723269881,-0.016559827726268402,22,-0.07746480114756571,2.0,1.0,Pullback
208,bj920839,2025-03-10,expired,0.3875,0.3897988188164736,-0.011993146664692525,22,-0.032465305863384586,2.0,1.0,Pullback
209,bj920008,2025-03-10,expired,0.38936938036669483,0.6732542255018914,-0.01605436416371663,22,-0.17598589377823415,0.0,2.0,Failure
210,bj920579,2025-03-10,expired,0.48678751845075474,0.7938221103767682,-0.022697477841623986,22,-0.2089080089022759,0.0,2.0,Failure
211,bj920896,2025-03-10,expired,0.407335883878257,0.7967140683173511,-0.022960146643363367,22,-0.27455915583406865,0.0,2.0,Failure
212,bj920879,2025-03-10,expired,0.2092911449965941,0.12551309153753587,-0.0032813705509265475,22,-0.028738738116883655,1.0,0.0,Smooth
213,bj920837,2025-03-10,expired,0.4853823318895248,0.7420757913652765,-0.021753766355947012,22,-0.20604000526588007,0.0,2.0,Failure
214,bj920130,2025-03-10,expired,0.47874999046325684,0.4139372967756868,-0.013054356217501444,22,-0.058771990976345,2.0,1.0,Pullback
215,bj920006,2025-03-10,expired,0.2475247092035106,0.10543057107223708,-0.00548243417278337,22,0.08748074078948087,1.0,0.0,Smooth
216,sh605208,2025-03-10,expired,0.46153844899836477,0.8713248952089755,-0.029747330131287785,22,-0.39130435305155653,0.0,2.0,Failure
217,bj920976,2025-03-10,expired,0.4153070418340241,0.830314229354578,-0.021354077135892515,22,-0.3178484455342395,0.0,2.0,Failure
218,bj920300,2025-03-10,traded,0.30728241277225665,0.08619408211333357,0.0035894427438024866,22,0.2204204300527126,1.0,0.0,Smooth
219,bj920339,2025-03-10,expired,0.36051778405097273,0.36296994860114584,-0.009063093310032069,22,-0.008849591131132817,2.0,1.0,Pullback
220,sz300819,2025-03-10,operable_filtered,0.2996713570611218,0.23835457005327687,-0.008206535119473429,22,-0.12667161358647228,1.0,0.0,Smooth
221,bj920634,2025-03-11,expired,0.4658187347299475,0.5504484657917905,-0.015147164386788665,22,-0.16526952433925224,2.0,1.0,Pullback
222,bj920008,2025-03-11,expired,0.38936938036669483,0.55927082596177,-0.013932748489529884,22,-0.13394688849429615,2.0,1.0,Pullback
223,bj920599,2025-03-11,expired,0.14736330919426605,0.06381532207227048,-0.0014563620920149632,22,-0.03487181052183497,1.0,0.0,Smooth
224,bj920001,2025-03-11,traded,0.37417943837834466,0.5654661639373797,-0.013971232010453916,22,-0.16455692590707705,0.0,2.0,Failure
225,bj920541,2025-03-11,expired,0.18833335240681967,0.01346869948300744,-0.0014464165516489126,22,0.07775762485315485,1.0,0.0,Smooth
226,bj920856,2025-03-11,operable_filtered,0.44362414938969325,0.5598129666980892,-0.017348772495671454,22,-0.21680959785696452,0.0,2.0,Failure
227,bj920339,2025-03-11,expired,0.36051778405097273,0.40107467417195297,-0.009535791145015762,22,0.011753992390093115,2.0,1.0,Pullback
228,bj920006,2025-03-11,expired,0.2475247092035106,0.02854752643094316,-0.002865600199336662,22,-0.02242152415227905,1.0,0.0,Smooth
229,bj920839,2025-03-11,expired,0.3875,0.4095195204813734,-0.012310123836422186,22,-0.050915102101231735,2.0,1.0,Pullback
230,bj920579,2025-03-11,expired,0.48678751845075474,0.7698291103462963,-0.022196624669819434,22,-0.33558140244594836,0.0,2.0,Failure
231,bj920781,2025-03-11,expired,0.2734693575679929,0.03769043230976932,-0.0020429050731880583,22,0.08818016393178629,1.0,0.0,Smooth
232,bj920943,2025-03-11,expired,0.39279998779296876,0.760684442410678,-0.02002351622857296,22,-0.25208330154418945,0.0,2.0,Failure
233,bj920002,2025-03-11,expired,0.403921568627451,0.4941537219181592,-0.01657072968908122,22,-0.10580603137202937,2.0,1.0,Pullback
234,bj920225,2025-03-11,expired,0.2579787034371033,0.3395017400757143,-0.006709030057617559,22,-0.03763789289092412,2.0,1.0,Pullback
235,bj920879,2025-03-11,expired,0.16107723715127406,0.021168035600853563,-0.001349035968289649,22,-0.022857170600395715,1.0,0.0,Smooth
236,bj920145,2025-03-11,traded,0.2899614030692407,0.04655151054109885,-0.003055491922183854,22,0.07844214706987085,1.0,0.0,Smooth
237,bj920270,2025-03-11,expired,0.4152542627277994,0.6929929847495143,-0.015526730683817326,22,-0.325416644414266,0.0,2.0,Failure
238,sz300819,2025-03-11,expired,0.2996713570611218,0.2989691105095421,-0.009377005144085659,22,-0.10654831649849472,2.0,1.0,Pullback
239,bj920263,2025-03-11,traded,0.375719165397753,0.5621611775373863,-0.013086416530969262,22,-0.2024242516719934,2.0,1.0,Pullback
240,bj920634,2025-03-12,expired,0.4658187347299475,0.44403049245867776,-0.013269452726613,22,-0.15642775949570487,2.0,1.0,Pullback
241,bj920026,2025-03-12,traded,0.47869678091190576,0.38678966461485387,-0.014228370741103597,22,-0.21757657103306782,2.0,1.0,Pullback
242,bj920008,2025-03-12,expired,0.38936938036669483,0.4526025043336358,-0.012104003252850524,22,-0.2345946028425887,2.0,1.0,Pullback
243,bj920856,2025-03-12,operable_filtered,0.41413426251992436,0.30495732222139715,-0.012174310231570765,22,-0.018045095314010218,2.0,1.0,Pullback
244,bj920833,2025-03-12,expired,0.4991329280933944,0.6495495936876569,-0.020699305750750584,22,-0.205484637425002,0.0,2.0,Failure
245,bj920006,2025-03-12,traded,0.2475247092035106,0.00039468900275596575,0.0003354059107165106,22,-0.0332458255821223,1.0,0.0,Smooth
246,bj920579,2025-03-12,expired,0.48678751845075474,0.6608127937301705,-0.018321245292859882,22,-0.26522496141447416,0.0,2.0,Failure
247,bj920455,2025-03-12,traded,0.37685251403220366,0.5793890493292253,-0.013218961739960499,22,-0.22131149404948447,0.0,2.0,Failure
248,bj920943,2025-03-12,traded,0.39279998779296876,0.6962953459914841,-0.01853243562002224,22,-0.1932700381041843,0.0,2.0,Failure
249,bj920145,2025-03-12,traded,0.2899614030692407,0.11128428593795092,-0.004582884331664857,22,0.1447520303803016,1.0,0.0,Smooth
250,bj920339,2025-03-12,expired,0.36051778405097273,0.38871489214015675,-0.009408093605503027,22,0.04152245024332313,2.0,1.0,Pullback
251,bj920427,2025-03-12,operable_filtered,0.2782305356074672,0.5326084167404119,-0.013386778166723281,22,-0.12523360565440367,2.0,1.0,Pullback
252,bj920837,2025-03-12,expired,0.45298807435984706,0.577805968186504,-0.015765425531668775,22,-0.26222594828881796,0.0,2.0,Failure
253,bj920299,2025-03-12,operable_filtered,0.21010096232485384,0.28654165774964135,-0.006024063947578324,22,-0.11161611967823215,2.0,1.0,Pullback
254,bj920871,2025-03-12,expired,0.22512314613692358,0.11968447296752671,-0.004328159665058038,22,-0.038813980752949284,1.0,0.0,Smooth
255,bj920879,2025-03-12,expired,0.14809076657210954,0.01226066737281395,0.0010091353827042621,22,0.059118764523188316,1.0,0.0,Smooth
256,bj920378,2025-03-12,expired,0.45695692542266675,0.6363716493696883,-0.01843789783389999,22,-0.15971775155530266,0.0,2.0,Failure
257,bj920225,2025-03-12,expired,0.2579787034371033,0.3433363874633747,-0.006745771140150538,22,-0.08984825338493185,2.0,1.0,Pullback
258,bj920130,2025-03-12,expired,0.47874999046325684,0.46458875954450984,-0.013151241656038018,22,-0.29168473650255533,2.0,1.0,Pullback
259,bj920008,2025-03-13,expired,0.3837061582975143,0.31276691448960114,-0.008575819018811607,22,-0.16098820955252213,2.0,1.0,Pullback
260,bj920026,2025-03-13,traded,0.41573033346670485,0.27495568908114343,-0.010808084034689884,22,-0.18794536420278152,2.0,1.0,Pullback
261,bj920000,2025-03-13,traded,0.43645004384786046,0.6280890804179208,-0.0176533755681023,22,-0.26189667706127717,0.0,2.0,Failure
262,bj920225,2025-03-13,expired,0.2579787034371033,0.25811281771637007,-0.005590682907187183,22,-0.06678806761719103,2.0,1.0,Pullback
263,bj920339,2025-03-13,expired,0.36051778405097273,0.38366333826730625,-0.009346160790357072,22,-0.11538461538461542,2.0,1.0,Pullback
264,bj920396,2025-03-13,traded,0.20024099694677147,0.6894012097965441,0.023493100759641488,22,0.4974379354263645,0.0,2.0,Failure
265,bj920553,2025-03-13,traded,0.4217686999803491,0.5494793580884444,-0.0145737425770192,22,-0.3007041944678964,2.0,1.0,Pullback
266,bj920455,2025-03-13,traded,0.3430059375452578,0.47165827010391526,-0.010595684447318341,22,-0.18347898265448992,2.0,1.0,Pullback
267,bj920579,2025-03-13,expired,0.4349603290747346,0.5391108855305222,-0.014899434921706192,22,-0.21042782134080285,2.0,1.0,Pullback
268,bj920837,2025-03-13,operable_filtered,0.4030434981636379,0.4416771262724438,-0.011925570874365925,22,-0.17574613380172244,2.0,1.0,Pullback
269,bj920299,2025-03-13,expired,0.2052845477238392,0.08040481768535523,-0.0030472162534460907,22,0.003167870340578638,1.0,0.0,Smooth
270,bj920130,2025-03-13,expired,0.4103030195139875,0.3678949189613704,-0.010288376481929096,22,-0.21463879468858416,2.0,1.0,Pullback
271,bj920943,2025-03-13,traded,0.39279998779296876,0.6286187707157015,-0.017128891848703063,22,-0.19701495475151032,0.0,2.0,Failure
272,bj920422,2025-03-13,traded,0.3556700904230745,0.07479577604278909,0.00688611842733446,22,-0.05245896855167609,1.0,0.0,Smooth
273,bj920339,2025-03-14,expired,0.36051778405097273,0.3138907726928565,-0.008130827585942723,22,-0.25234895110543654,2.0,1.0,Pullback
274,bj920634,2025-03-14,traded,0.36398050976445945,0.2670059958348824,-0.009221329272387956,22,-0.11792906443241724,2.0,1.0,Pullback
275,bj920008,2025-03-14,expired,0.3139676448816571,0.18748422012601984,-0.006041904177274823,22,-0.0973204880391868,1.0,0.0,Smooth
276,bj920026,2025-03-14,traded,0.38588721898424083,0.2142732013831975,-0.00906550484788703,22,-0.21907911163356408,1.0,0.0,Smooth
277,bj920576,2025-03-14,traded,0.17570502337070903,0.45977455997866,0.009677598848140697,22,0.05893180052295777,2.0,1.0,Pullback
278,bj920422,2025-03-14,traded,0.3191721359228949,0.2343053131625843,0.012016876014205329,22,0.08098169717527504,1.0,0.0,Smooth
279,bj920833,2025-03-14,expired,0.4872780971928455,0.43454913225412506,-0.01363393515905524,22,-0.30628450318703737,2.0,1.0,Pullback
280,bj920553,2025-03-14,expired,0.3675595040637951,0.4741707101142576,-0.011519643488961685,22,-0.22391652915820948,2.0,1.0,Pullback
281,bj920570,2025-03-14,filtered,0.4741227403450293,0.6039653235199416,-0.02104100178460676,22,-0.2818335993163049,0.0,2.0,Failure
282,bj920225,2025-03-14,expired,0.2579787034371033,0.20756277739531437,-0.004915520515971433,22,-0.09650676256185053,1.0,0.0,Smooth
283,bj920781,2025-03-14,expired,0.2734693575679929,0.0005370193053293448,-0.00025553826598811747,22,-0.014683121062178062,1.0,0.0,Smooth
284,bj920145,2025-03-14,expired,0.2899614030692407,0.5169096883399136,-0.00870306192736045,22,-0.16165890099423474,2.0,1.0,Pullback
285,bj920837,2025-03-14,operable_filtered,0.3520528930535517,0.35522826013524456,-0.009908262387408126,22,-0.20058285757691696,2.0,1.0,Pullback
286,bj920000,2025-03-14,traded,0.40495310622393793,0.569113613664262,-0.015806637222269132,22,-0.2538053124351839,0.0,2.0,Failure
287,bj920130,2025-03-14,expired,0.3239925815711782,0.3167828594706237,-0.008876793211420698,22,-0.18055917859311932,2.0,1.0,Pullback
288,bj920871,2025-03-14,traded,0.22512314613692358,0.019869405865679646,-0.0016184705542708435,22,-0.1685000419616699,1.0,0.0,Smooth
289,sz002574,2025-03-14,expired,0.401069553352007,0.5002892155314923,-0.013546418610125323,22,-0.22208121504883527,2.0,1.0,Pullback
290,bj920010,2025-03-14,expired,0.4331683476828264,0.332653045006022,-0.009810042864149814,22,-0.21550210698735806,2.0,1.0,Pullback
291,bj920339,2025-03-17,expired,0.33957218654762056,0.1880149997321422,-0.0048846896938936684,22,-0.14935552509678274,1.0,0.0,Smooth
292,bj920634,2025-03-17,operable_filtered,0.36398050976445945,0.2263598940405317,-0.008364964222389252,22,-0.16112459298750748,1.0,0.0,Smooth
293,bj920781,2025-03-17,traded,0.24576268218479783,0.06355949641678049,0.0028214686068630287,22,0.00459766015827201,1.0,0.0,Smooth
294,bj920471,2025-03-17,traded,0.3624882764517283,0.34047968283678165,-0.009589834132884528,22,-0.16066061851938196,2.0,1.0,Pullback
295,bj920541,2025-03-17,operable_filtered,0.1749999770751358,0.1750242261488668,0.00606950009133951,22,-0.011655056218990323,1.0,0.0,Smooth
296,bj920839,2025-03-17,expired,0.3875,0.17109046202893008,-0.008315998663402255,22,-0.06555241776483256,1.0,0.0,Smooth
297,bj920576,2025-03-17,traded,0.13100319923640916,0.4769524259294403,0.009886892195460682,22,0.08820774672318743,2.0,1.0,Pullback
298,bj920225,2025-03-17,expired,0.2579787034371033,0.10048515379049128,-0.0032953327333329944,22,-0.02860622387698608,1.0,0.0,Smooth
299,bj920547,2025-03-17,expired,0.2420714862939657,0.04724428176704831,-0.002594226029810902,22,-0.029045674351012796,1.0,0.0,Smooth
300,bj920833,2025-03-17,expired,0.4473852172698738,0.3183922843764311,-0.009681597527613623,22,-0.2752992468843871,2.0,1.0,Pullback
301,bj920553,2025-03-17,traded,0.328063220843989,0.37575924850838005,-0.009426628470594204,22,-0.16286921882245609,2.0,1.0,Pullback
302,bj920570,2025-03-17,expired,0.4511705666630795,0.566922912964781,-0.019900003491966366,22,-0.26847576999107703,0.0,2.0,Failure
303,bj920221,2025-03-17,traded,0.4596491361919202,0.45760437769916606,-0.011497453732564764,22,-0.22801850954629177,2.0,1.0,Pullback
304,bj920145,2025-03-17,expired,0.2899614030692407,0.39483017734712245,-0.006945664588606885,22,-0.20618148124130786,2.0,1.0,Pullback
305,bj920871,2025-03-17,traded,0.2162431598694602,0.004728010153381312,0.0006802460257216211,22,-0.12325938447034535,1.0,0.0,Smooth
306,bj920422,2025-03-17,traded,0.23594134879855694,0.38955902721484637,0.015927158010990063,22,0.1408628985478131,2.0,1.0,Pullback
307,bj920694,2025-03-17,traded,0.3562908930523413,0.02090843530358255,-0.0023656822719950008,22,0.07293578936850831,1.0,0.0,Smooth
308,bj920519,2025-03-17,traded,0.2863666252557595,0.047952397764319254,-0.0027157074542010335,22,-0.12424853554934023,1.0,0.0,Smooth
309,bj920943,2025-03-17,traded,0.3923138277280851,0.3990080033005138,-0.012043528139131758,22,-0.18955594852793778,2.0,1.0,Pullback
310,bj920873,2025-03-17,traded,0.3123287877036111,0.024140132647433532,-0.0025029708545827906,22,-0.1585535267612086,1.0,0.0,Smooth
311,bj920339,2025-03-18,expired,0.22812500256113705,0.08423547031464462,-0.00286969295326813,22,-0.03516293763100753,1.0,0.0,Smooth
312,bj920634,2025-03-18,operable_filtered,0.36398050976445945,0.15018424161940414,-0.006501918187225865,22,-0.11356467807024462,1.0,0.0,Smooth
313,bj920781,2025-03-18,traded,0.17719563314131515,0.2713114524423892,0.005709913469065718,22,0.13374669920140536,2.0,1.0,Pullback
314,bj920833,2025-03-18,expired,0.3203921598546645,0.18663012901367537,-0.005877871457409078,22,-0.12873859352589478,1.0,0.0,Smooth
315,bj920839,2025-03-18,expired,0.3875,0.013076512687622,-0.002240648887022863,22,0.10179104022125696,1.0,0.0,Smooth
316,bj920639,2025-03-18,traded,0.4349775875846145,0.018532562081057136,-0.0029305442820362444,22,0.2172808212214472,1.0,0.0,Smooth
317,bj920427,2025-03-18,traded,0.25659476069178666,0.10064339517440324,-0.0048969919194521636,22,0.019867498641171988,1.0,0.0,Smooth
318,bj920370,2025-03-18,traded,0.2884250448629573,0.3119261395909336,-0.0068970406452660785,22,-0.14634151541947904,2.0,1.0,Pullback
319,bj920471,2025-03-18,traded,0.34313252460525695,0.18854112435439052,-0.006541672504645308,22,-0.02285712105887272,1.0,0.0,Smooth
320,bj920284,2025-03-18,expired,0.2911295921968471,0.0036396810903389643,-0.0008092822882710618,22,-0.05447155007352211,1.0,0.0,Smooth
321,bj920547,2025-03-18,traded,0.22047895557302952,0.002264312876428365,-0.0005457799678222381,22,0.016547357861585787,1.0,0.0,Smooth
322,bj920145,2025-03-18,expired,0.2614457963299395,0.27229476360502414,-0.0040492572338013694,22,-0.1293103405751741,2.0,1.0,Pullback
323,bj920300,2025-03-18,traded,0.30728241277225665,0.29211324638502323,0.006557143960747173,22,-0.05038957471971384,2.0,1.0,Pullback
324,bj920873,2025-03-18,traded,0.2828571455819266,0.015586661205584718,0.0018476001009624255,22,0.023659245255545525,1.0,0.0,Smooth
325,bj920422,2025-03-18,traded,0.20076728097153312,0.47712396048773686,0.017605464076225683,22,0.10403398833142696,2.0,1.0,Pullback
326,bj920260,2025-03-18,traded,0.2641129217036597,0.1513497022609317,-0.004046999146716428,22,-0.05787545669822436,1.0,0.0,Smooth
327,bj920802,2025-03-18,traded,0.2552565780867144,0.010376147038062888,0.001070060479651587,22,0.049562704642614586,1.0,0.0,Smooth
328,bj920768,2025-03-18,traded,0.257340203961125,0.0014882053707193643,0.00043792794001528844,22,-0.040345829245939546,1.0,0.0,Smooth
329,bj920717,2025-03-18,traded,0.28088239274635335,0.005559875755945853,0.0008058840402425085,22,-0.019753068201922797,1.0,0.0,Smooth
330,bj920570,2025-03-18,expired,0.4511705666630795,0.49203367360435635,-0.017928905154552647,22,-0.15878313148718104,2.0,1.0,Pullback
331,bj920339,2025-03-19,expired,0.22812500256113705,0.05663330956470081,-0.0023290834205902887,22,-0.04436863873003127,1.0,0.0,Smooth
332,bj920833,2025-03-19,traded,0.2587681545862885,0.07480047874529128,-0.0035120997226585596,22,-0.09169553470066794,1.0,0.0,Smooth
333,sz002052,2025-03-19,filtered,0.09631725691925505,0.21162906003956194,0.002868624511862566,22,0.12292362961792436,1.0,0.0,Smooth
334,bj920405,2025-03-19,traded,0.39689748784218615,0.03542707764622399,-0.002898097653296628,22,-0.0652270345857191,1.0,0.0,Smooth
335,bj920509,2025-03-19,traded,0.22533084385283547,0.34761651732387056,0.012798422672662351,22,0.23264200975723193,2.0,1.0,Pullback
336,bj920547,2025-03-19,operable_filtered,0.22047895557302952,0.003332468977340186,0.0006683483568710338,22,0.05635109663738391,1.0,0.0,Smooth
337,bj920781,2025-03-19,operable_filtered,0.17719563314131515,0.3281169593915416,0.006457540014153399,22,0.18595825856173787,2.0,1.0,Pullback
338,bj920810,2025-03-19,operable_filtered,0.3716814349743086,0.3044906643051293,-0.009618714704752777,22,-0.20187790568456176,2.0,1.0,Pullback
339,bj920786,2025-03-19,operable_filtered,0.2178571091014506,0.4478021951573161,0.016882960183973627,22,0.1517312394192647,2.0,1.0,Pullback
340,bj920981,2025-03-19,operable_filtered,0.30270525014600913,0.032498340996586994,-0.0026762204505384056,22,-0.04316375443858278,1.0,0.0,Smooth
341,bj920639,2025-03-19,operable_filtered,0.4349775875846145,0.03802833522937721,-0.00410103307969436,22,0.27490041354382133,1.0,0.0,Smooth
342,sz000678,2025-03-19,operable_filtered,0.44179892044065205,0.5482759350641528,-0.01715350905075696,22,-0.4010582051162761,2.0,1.0,Pullback
343,sz300789,2025-03-19,operable_filtered,0.3273092052873391,0.04513572968717727,-0.0032817650066995522,22,-0.04409104842756095,1.0,0.0,Smooth
344,bj920370,2025-03-19,operable_filtered,0.2603550546288895,0.18005056277533193,-0.004793825618277084,22,-0.09052627965023641,1.0,0.0,Smooth
345,bj920651,2025-03-19,operable_filtered,0.22852758295387235,0.017680251028696747,0.0013821453533764457,22,0.1067891965024299,1.0,0.0,Smooth
346,bj920471,2025-03-19,operable_filtered,0.34313252460525695,0.12221625487086674,-0.005213548934404904,22,-0.003548164783192753,1.0,0.0,Smooth
347,sz002342,2025-03-19,operable_filtered,0.37134501537869513,0.6782107986438233,-0.021848184719750384,22,-0.18151259803812358,0.0,2.0,Failure
348,sz300695,2025-03-19,operable_filtered,0.3944488341177788,0.775460782476132,-0.02082475434712477,22,-0.31170226049590066,0.0,2.0,Failure
349,bj920839,2025-03-20,operable_filtered,0.3875,0.09750958017704092,0.006063497355456395,22,0.004161694179207309,1.0,0.0,Smooth
350,bj920571,2025-03-20,traded,0.3486140662079744,0.01760312654648266,-0.002128297047349802,22,-0.09764704984777117,1.0,0.0,Smooth
351,sz002052,2025-03-20,filtered,0.09631725691925505,0.2652012764860505,0.0036792690185705156,22,0.2412587701152138,2.0,1.0,Pullback
352,bj920786,2025-03-20,traded,0.2178571091014506,0.4320513277303394,0.016514290809358116,22,0.2352308788052091,2.0,1.0,Pullback
353,bj920130,2025-03-20,operable_filtered,0.32100489894424555,0.11034162883962217,-0.004707494657603512,22,-0.0433803074796435,1.0,0.0,Smooth
354,bj920509,2025-03-20,operable_filtered,0.2120111819647929,0.2760946492501821,0.010840682266563945,22,0.49218742083758427,2.0,1.0,Pullback
355,sz002164,2025-03-20,operable_filtered,0.45786061795003613,0.6429168025456103,-0.017467630227144926,22,-0.3701754325791554,0.0,2.0,Failure
356,sh603315,2025-03-20,operable_filtered,0.3778021025258759,0.44584579070208175,-0.01125349356860043,22,-0.2759610060470501,2.0,1.0,Pullback
357,sz000678,2025-03-20,operable_filtered,0.44179892044065205,0.5214025764505557,-0.013156659527262641,22,-0.3674309180424301,2.0,1.0,Pullback
358,bj920405,2025-03-20,operable_filtered,0.2946902959588938,0.0009436563119213925,-0.00044908450682692086,22,-0.01161101936295661,1.0,0.0,Smooth
359,sz301255,2025-03-20,operable_filtered,0.4196737186083376,0.7083565648933583,-0.020134182637618132,22,-0.333999980579723,0.0,2.0,Failure
360,bj920970,2025-03-20,score_filtered,0.25275831396889875,0.3967483468242101,0.011340590647312966,22,0.2175141212497229,2.0,1.0,Pullback
361,sz300817,2025-03-20,score_filtered,0.34157367023809143,0.4185956679669808,-0.009822221185094555,22,-0.21835653034959468,2.0,1.0,Pullback
362,sz300753,2025-03-20,score_filtered,0.3461414126906987,0.37274193509032727,-0.007988964641180709,22,-0.20594792144020846,2.0,1.0,Pullback
363,sz300961,2025-03-20,score_filtered,0.40408488091216027,0.6281328883678372,-0.01794422607207253,22,-0.3646648967666207,0.0,2.0,Failure
364,sz002553,2025-03-20,score_filtered,0.422245484012987,0.39831246072979687,-0.014819792705470678,22,-0.2697855820354377,2.0,1.0,Pullback
365,bj920839,2025-03-21,operable_filtered,0.25757575757575757,0.23569075946086093,0.009433764812997235,22,0.05510332496723502,1.0,0.0,Smooth
366,bj920571,2025-03-21,expired,0.33442266553416977,0.00044215301048811106,-0.0003238674694554318,22,-0.15124150425230043,1.0,0.0,Smooth
367,sh603776,2025-03-21,expired,0.37249509672767933,0.49917687597251015,-0.009480945564753382,22,-0.24604961397071323,2.0,1.0,Pullback
368,bj920570,2025-03-21,expired,0.4511705666630795,0.3000971973287019,-0.012805926427995273,22,-0.2984814455498418,2.0,1.0,Pullback
369,bj920553,2025-03-21,operable_filtered,0.28870291751722577,0.09272043415104247,-0.00413871618245947,22,-0.04413139250603593,1.0,0.0,Smooth
370,bj920427,2025-03-21,operable_filtered,0.2000000246109501,0.0022557648787208118,0.0006592383639748778,22,-0.08618417647241516,1.0,0.0,Smooth
371,sh603949,2025-03-21,operable_filtered,0.3890619594525005,0.6061748063700116,-0.01971690448650664,22,-0.1970990074219784,0.0,2.0,Failure
372,sz002052,2025-03-21,operable_filtered,0.09631725691925505,0.2779900290910199,0.004226183080861285,22,0.24126451814377226,2.0,1.0,Pullback
373,bj920781,2025-03-21,operable_filtered,0.17719563314131515,0.2532129609555388,0.005427031762126988,22,0.1469194467025785,2.0,1.0,Pullback
374,sz300198,2025-03-21,operable_filtered,0.191222608956915,0.017580111262455178,-0.001133743454399892,22,0.02554742080261274,1.0,0.0,Smooth
375,sz002713,2025-03-21,score_filtered,0.4000000272478376,0.5146603759280812,-0.012818269920048685,22,-0.3543307139829307,2.0,1.0,Pullback
376,bj920689,2025-03-21,score_filtered,0.446323506972369,0.3902412871978129,-0.016345778108921707,22,-0.3134087406729421,2.0,1.0,Pullback
377,sz002406,2025-03-21,score_filtered,0.38307989651002355,0.5712451220953914,-0.012877812539952887,22,-0.2676200097822242,0.0,2.0,Failure
378,sz300961,2025-03-21,score_filtered,0.3799999952316284,0.5616334274189845,-0.014862194701128364,22,-0.3473912943964419,2.0,1.0,Pullback
379,bj920225,2025-03-21,score_filtered,0.2579787034371033,0.0002619897947337968,0.0001796007678862664,22,0.0006093984750044079,1.0,0.0,Smooth
380,sz301396,2025-03-21,score_filtered,0.2967627358830861,0.33441221591922876,-0.009988783981206426,22,-0.14411055653317362,2.0,1.0,Pullback
381,sz300084,2025-03-21,score_filtered,0.3741626716533948,0.4962307339663796,-0.015536751108767302,22,-0.33109407493683507,2.0,1.0,Pullback
382,bj920819,2025-03-21,score_filtered,0.16628697103795287,0.19410897167076802,0.004892938402548998,22,0.09022553740234773,1.0,0.0,Smooth
383,bj920571,2025-03-24,traded,0.2993119327510889,0.012390756544595094,0.0015759168795459616,22,-0.10163111218351284,1.0,0.0,Smooth
384,bj920634,2025-03-24,traded,0.36398050976445945,0.03828724612122769,-0.0031449786568081384,22,-0.22556603810717535,1.0,0.0,Smooth
385,bj920856,2025-03-24,filtered,0.30887869604455326,0.1655897901940051,0.008151946272434006,22,0.00344085693359375,1.0,0.0,Smooth
386,bj920839,2025-03-24,operable_filtered,0.25757575757575757,0.35047171826998913,0.011507365013324352,22,0.03898631672582975,2.0,1.0,Pullback
387,bj920570,2025-03-24,expired,0.4511705666630795,0.21318554143820434,-0.00942044232486022,22,-0.2958724330862369,1.0,0.0,Smooth
388,bj920547,2025-03-24,operable_filtered,0.22047895557302952,0.018441800931339736,0.0015748786230162526,22,-0.051797986310201494,1.0,0.0,Smooth
389,bj920719,2025-03-24,operable_filtered,0.17227561677818848,0.007530466113404244,-0.000842248378069168,22,-0.14377509954023704,1.0,0.0,Smooth
390,sh603776,2025-03-24,operable_filtered,0.2523408328326841,0.40451506759775835,-0.006288235106765429,22,-0.16349047851396692,2.0,1.0,Pullback
391,sh600610,2025-03-24,operable_filtered,0.31989708987014653,0.05690478939462562,0.005030194832369534,22,-0.004149373488428698,1.0,0.0,Smooth
392,bj920682,2025-03-24,operable_filtered,0.2598794397275289,0.16088681067791455,0.0050985698712970404,22,0.017628227171343713,1.0,0.0,Smooth
393,bj920689,2025-03-24,operable_filtered,0.446323506972369,0.33046591073618103,-0.013847946678478015,22,-0.26231366457056293,2.0,1.0,Pullback
394,bj920299,2025-03-24,operable_filtered,0.17597467225860836,0.2958018336296392,0.006435896918090943,22,0.04054793266400902,2.0,1.0,Pullback
395,bj920006,2025-03-24,operable_filtered,0.19537280181756098,0.32786422231430445,0.009164393113091024,22,0.021141663115310738,2.0,1.0,Pullback
396,sh603949,2025-03-24,score_filtered,0.3890619594525005,0.6038192605434317,-0.019654720126796286,22,-0.26496080056060145,0.0,2.0,Failure
397,bj920533,2025-03-24,score_filtered,0.33649291860425873,0.01569822409889654,0.002158535638198943,22,-0.008279989306787527,1.0,0.0,Smooth
398,bj920509,2025-03-24,score_filtered,0.21648045154082338,0.015461113092505308,0.001626917363047249,22,0.1172652104240437,1.0,0.0,Smooth
399,bj920471,2025-03-24,score_filtered,0.34313252460525695,0.02292935029029053,-0.002233458717184165,22,-0.15392672645755134,1.0,0.0,Smooth
400,bj920876,2025-03-24,score_filtered,0.34254329566976,0.010525395291471451,-0.0016951743426131055,22,-0.13592900806864472,1.0,0.0,Smooth
401,bj920225,2025-03-24,score_filtered,0.2579787034371033,0.02684275867460051,0.0018506445347777052,22,-0.027617926663648706,1.0,0.0,Smooth
402,bj920639,2025-03-25,expired,0.4315789598224187,0.12746180493669557,-0.006681451300891979,22,-0.3567025673383728,1.0,0.0,Smooth
403,bj920634,2025-03-25,traded,0.3502762441418844,0.0050234828387281105,-0.0010147855176433657,22,-0.19434309882652812,1.0,0.0,Smooth
404,sz002052,2025-03-25,traded,0.09631725691925505,0.4154155893386796,0.008062961527528362,22,0.25114156046516367,2.0,1.0,Pullback
405,bj920781,2025-03-25,operable_filtered,0.14511280281937675,0.15308236843480427,0.003976776832797641,22,-0.06192466802756125,1.0,0.0,Smooth
406,bj920304,2025-03-25,operable_filtered,0.4031389742158958,0.053509561046282905,-0.0034383562630873237,22,-0.22562679511251227,1.0,0.0,Smooth
407,bj920689,2025-03-25,operable_filtered,0.446323506972369,0.30314924480337635,-0.012974455767712908,22,-0.40031007278797237,2.0,1.0,Pullback
408,bj920225,2025-03-25,operable_filtered,0.19550174818290394,0.12505579301213832,0.0038129283413249884,22,-0.029744200826003375,1.0,0.0,Smooth
409,sz300697,2025-03-25,operable_filtered,0.3743516722978867,0.22279475407682126,-0.007010742950507288,22,-0.24335375282067717,1.0,0.0,Smooth
410,bj920576,2025-03-25,operable_filtered,0.19369034695926923,0.015002710407975517,0.0013388308945452467,22,-0.11388889948527015,1.0,0.0,Smooth
411,bj920471,2025-03-25,operable_filtered,0.34313252460525695,0.0015430148212602912,-0.0005366229931265848,22,-0.13836821166817936,1.0,0.0,Smooth
412,bj920694,2025-03-25,operable_filtered,0.31714287582708867,0.185892873513387,-0.008162865777894827,22,-0.18981879036247518,1.0,0.0,Smooth
413,bj920339,2025-03-25,operable_filtered,0.18481846470865998,0.0036681384858198163,0.0005601348984959492,22,-0.0415944145427235,1.0,0.0,Smooth
414,bj920299,2025-03-25,operable_filtered,0.1680850543604528,0.47911322669665557,0.009826075446934953,22,0.2731428963797433,2.0,1.0,Pullback
415,bj920682,2025-03-25,operable_filtered,0.20043412194334265,0.18547718465746177,0.005490073953275294,22,-0.048291204805951726,1.0,0.0,Smooth
416,sh603007,2025-03-25,score_filtered,0.2696078637616999,0.534476164853114,-0.00910652102072764,22,-0.21913047458814539,2.0,1.0,Pullback
417,bj920237,2025-03-25,score_filtered,0.23396677543688363,0.13590807188321696,0.004771481129498513,22,-0.005824605546607464,1.0,0.0,Smooth
418,bj920547,2025-03-25,score_filtered,0.22047895557302952,0.03647138658196214,0.0021642243820339385,22,-0.07330073752790167,1.0,0.0,Smooth
419,bj920553,2025-03-25,score_filtered,0.28870291751722577,0.03950600867588261,-0.0025433806165798814,22,-0.1944677777998055,1.0,0.0,Smooth
420,bj920639,2025-03-26,expired,0.38336053820212324,0.05802448312905495,-0.0034840325087180293,22,-0.2736363844438032,1.0,0.0,Smooth
421,sz300927,2025-03-26,expired,0.3237590745327581,0.05612926944310903,-0.00377100270633689,22,-0.270364970186331,1.0,0.0,Smooth
422,sz002300,2025-03-26,traded,0.3765642727126653,0.34129031712983904,-0.007419463908580311,22,-0.270942373167399,2.0,1.0,Pullback
423,sz002052,2025-03-26,operable_filtered,0.09631725691925505,0.5423354469058892,0.010384934750886312,22,0.28685897876760214,2.0,1.0,Pullback
424,bj920682,2025-03-26,operable_filtered,0.16351247851435302,0.32347841688891366,0.007180491578224104,22,0.090082575582628,2.0,1.0,Pullback
425,bj920576,2025-03-26,operable_filtered,0.19369034695926923,0.00760483933108691,0.0009708990859678512,22,-0.022049719720456107,1.0,0.0,Smooth
426,bj920689,2025-03-26,operable_filtered,0.3927419108729209,0.21618883543653777,-0.009025308702035526,22,-0.33844856581854943,1.0,0.0,Smooth
427,bj920130,2025-03-26,operable_filtered,0.32100489894424555,0.08141558525067205,-0.004023456473485479,22,-0.08348134389372874,1.0,0.0,Smooth
428,sz002342,2025-03-26,operable_filtered,0.37134501537869513,0.3439659460603577,-0.011894983588368864,22,-0.2802548041531908,2.0,1.0,Pullback
429,bj920553,2025-03-26,operable_filtered,0.2784380142039187,0.007307104952227861,-0.0009589260707168143,22,-0.1633211638341988,1.0,0.0,Smooth
430,bj920579,2025-03-26,operable_filtered,0.28744692764763763,0.03191344397312745,0.0021995087241505405,22,-0.1366906578026308,1.0,0.0,Smooth
431,sh603828,2025-03-26,operable_filtered,0.21792622767758937,0.6391305767405094,0.01355443010958574,22,0.17087380546507225,0.0,2.0,Failure
432,sh603011,2025-03-26,score_filtered,0.3184931815554166,0.6302820715838162,-0.015120230930791059,22,-0.22798350543688573,0.0,2.0,Failure
433,sh603007,2025-03-26,score_filtered,0.21989532717062224,0.520013877918877,-0.008466250204093846,22,-0.21794872690592948,2.0,1.0,Pullback
434,bj920396,2025-03-26,score_filtered,0.20481927710843373,0.01215982133795468,0.0011940292621570193,22,0.14623129387266087,1.0,0.0,Smooth
435,bj920304,2025-03-26,score_filtered,0.4031389742158958,0.021948829914183787,-0.0020384010389326098,22,-0.2432432432432432,1.0,0.0,Smooth
436,bj920957,2025-03-26,score_filtered,0.3689515946838041,0.023458413823922664,-0.0020394604182128466,22,-0.2576346632068217,1.0,0.0,Smooth
437,bj920509,2025-03-26,score_filtered,0.28882682605992377,0.3836304448853546,-0.00696226273072939,22,-0.14974977466972805,2.0,1.0,Pullback
438,bj920418,2025-03-26,score_filtered,0.24571285777272142,0.18507377300506955,0.005797445666813595,22,-0.052725013709219115,1.0,0.0,Smooth
439,bj920639,2025-03-27,traded,0.3219730761052658,0.022209208316012363,-0.0019030406205409226,22,-0.18654437535841772,1.0,0.0,Smooth
440,sz300927,2025-03-27,traded,0.2473619155415165,0.0065749724119533726,-0.0010927705488281301,22,-0.11668971709884601,1.0,0.0,Smooth
441,bj920834,2025-03-27,traded,0.1889763507539096,0.0008075411861561133,0.00022761323106208496,22,-0.07849829823657328,1.0,0.0,Smooth
442,sz002141,2025-03-27,traded,0.08379887114794153,0.8094911331447013,0.01262728286676586,22,0.26470590297738505,0.0,2.0,Failure
443,bj920396,2025-03-27,operable_filtered,0.24144579416298004,0.0625169420624816,-0.002635855337973625,22,-0.1382353165570427,1.0,0.0,Smooth
444,bj920489,2025-03-27,operable_filtered,0.16800003051757811,0.012480870542511902,0.0010922042553672918,22,-0.06415559796564219,1.0,0.0,Smooth
445,bj920304,2025-03-27,operable_filtered,0.24802260757607464,0.0005359879104568366,0.00026899272448963453,22,-0.08461542411668665,1.0,0.0,Smooth
446,bj920273,2025-03-27,operable_filtered,0.4977381115867978,0.532994613112743,0.030096771616957372,22,0.2425384647143798,2.0,1.0,Pullback
447,bj920957,2025-03-27,operable_filtered,0.25029940803667594,0.006507283386346541,0.0008404451157201038,22,-0.04482755989863951,1.0,0.0,Smooth
448,sh603828,2025-03-27,operable_filtered,0.13255366276924335,0.7346020809044588,0.014844568421089332,22,0.17177917699854506,0.0,2.0,Failure
449,bj920970,2025-03-27,score_filtered,0.3166368821163039,0.001759257651175239,-0.0006303758877621659,22,-0.07512311148699558,1.0,0.0,Smooth
450,sh605488,2025-03-27,score_filtered,0.24599832387920972,0.05023837638870421,0.0031637047716491415,22,0.059217911192824824,1.0,0.0,Smooth
451,bj920981,2025-03-27,score_filtered,0.3022170202272438,0.009324873872765038,0.0013624489013397878,22,-0.1464746248754636,1.0,0.0,Smooth
452,sh603377,2025-03-27,score_filtered,0.15197568565270891,0.010908686248662258,0.0005888674353886353,22,-0.07936507696227191,1.0,0.0,Smooth
453,bj920547,2025-03-27,score_filtered,0.22047895557302952,0.06775557430467771,0.0028436438099887374,22,-0.07829977494993312,1.0,0.0,Smooth
454,bj920171,2025-03-27,score_filtered,0.3539631069901428,0.6386919098356625,-0.012493800251011907,22,-0.3052384827841821,0.0,2.0,Failure
455,bj920099,2025-03-27,score_filtered,0.2273712994595122,0.19456259249269703,0.005203408300626132,22,-0.04722294102638591,1.0,0.0,Smooth
456,bj920261,2025-03-27,score_filtered,0.2251851823594835,0.5503570756351909,0.01411198451195349,22,0.20161940843777026,2.0,1.0,Pullback
457,bj920394,2025-03-27,score_filtered,0.26284304339553693,0.7090321370577064,0.025637325920403815,22,0.41758622794315725,0.0,2.0,Failure
458,bj920639,2025-03-28,traded,0.22222224947628857,0.005229924970710176,-0.0008807159733968675,22,-0.08524587600982647,1.0,0.0,Smooth
459,bj920396,2025-03-28,expired,0.2886746877647308,0.14474450968783625,-0.004467906076188116,22,-0.05081964711673925,1.0,0.0,Smooth
460,bj920509,2025-03-28,traded,0.3120111819647929,0.5471366329305156,-0.009313794500469753,22,-0.11025819484424892,2.0,1.0,Pullback
461,sz300260,2025-03-28,operable_filtered,0.2711747383063203,0.5874856334623579,-0.009248622485478725,22,-0.1306010649884778,0.0,2.0,Failure
462,sh603007,2025-03-28,operable_filtered,0.2157894842512393,0.38824929937503905,-0.005697384218236809,22,-0.15073532408754275,2.0,1.0,Pullback
463,sh600126,2025-03-28,score_filtered,0.13260529249087835,0.32986286161577727,-0.004144594719554441,22,-0.07166943106249213,2.0,1.0,Pullback
464,bj920489,2025-03-28,score_filtered,0.16800003051757811,0.008077947192192458,0.0008818254358452224,22,0.03141588816320562,1.0,0.0,Smooth
465,bj920834,2025-03-28,score_filtered,0.12340423908639461,0.04000113457897514,0.0015162125323066242,22,0.051282048959811144,1.0,0.0,Smooth
466,sh603011,2025-03-28,score_filtered,0.32876712776165457,0.5628407146549411,-0.013198746486050841,22,-0.23197492045863066,2.0,1.0,Pullback
467,sh600589,2025-03-28,score_filtered,0.2053915163629824,0.002167154809643801,-0.0005895325133489251,22,-0.07522696768305759,1.0,0.0,Smooth
468,sz300167,2025-03-28,score_filtered,0.16222761688340628,0.0006477435833543987,-0.0002678898874923421,22,-0.07537687208004629,1.0,0.0,Smooth
469,bj920284,2025-03-28,score_filtered,0.23714283534458705,0.06955686461687327,0.003446746945647815,22,0.05744379119197518,1.0,0.0,Smooth
470,bj920970,2025-03-28,score_filtered,0.3166368821163039,0.01836239020938235,-0.0020584861600567057,22,0.10296191866893434,1.0,0.0,Smooth
471,sh603949,2025-03-28,score_filtered,0.3890619594525005,0.41951963569605033,-0.013753813297241655,22,-0.37902385209167955,2.0,1.0,Pullback
472,sz300611,2025-03-28,score_filtered,0.27736177216413743,0.13698056489234722,-0.005300856844561873,22,-0.16823527392219095,1.0,0.0,Smooth
473,sz300871,2025-03-28,score_filtered,0.4394445981178603,0.5535979437513323,-0.0182732774791395,22,-0.045333353678385424,2.0,1.0,Pullback
474,bj920576,2025-03-28,score_filtered,0.260210309329132,0.06222771466399479,-0.003199867968554945,22,0.012964895088339645,1.0,0.0,Smooth
475,sh600610,2025-03-28,score_filtered,0.214862667433201,0.33524104434007973,0.011840417792219816,22,0.1408899297139976,2.0,1.0,Pullback
476,sz002342,2025-03-28,score_filtered,0.32283460546230114,0.11863169041341559,-0.004504939579061247,22,-0.23539230405494693,1.0,0.0,Smooth
477,bj920509,2025-03-31,traded,0.28732644149136555,0.5637416701674125,-0.009484560730859633,22,-0.17951072484029307,2.0,1.0,Pullback
478,bj920396,2025-03-31,expired,0.2886746877647308,0.2849362051914647,-0.006023392801756168,22,-0.1350000281082956,2.0,1.0,Pullback
479,bj920273,2025-03-31,operable_filtered,0.5169047401064918,0.1327513573983662,0.013932478263011125,22,0.022556332750962582,1.0,0.0,Smooth
480,sh605100,2025-03-31,operable_filtered,0.14015946971385687,0.39053370227401685,-0.0033338271887682195,22,-0.04609924790772901,2.0,1.0,Pullback
481,bj920002,2025-03-31,operable_filtered,0.19234855225952915,0.6360285436202953,0.020604746420919313,22,0.3305658546767891,0.0,2.0,Failure
482,sh603949,2025-03-31,operable_filtered,0.3761046642864251,0.2990578087104322,-0.008575158390927887,22,-0.2811538256131686,2.0,1.0,Pullback
483,sh688393,2025-03-31,operable_filtered,0.23584415386249494,0.20898257655802577,-0.004600441678283538,22,-0.09305551317003036,1.0,0.0,Smooth
484,sh600126,2025-03-31,score_filtered,0.13260529249087835,0.2319294188517187,-0.0034347533559479877,22,0.01570683286008845,1.0,0.0,Smooth
485,bj920833,2025-03-31,score_filtered,0.21047839082693076,0.08544607391143877,0.0036748046375154565,22,0.17086977059592923,1.0,0.0,Smooth
486,sh600289,2025-03-31,score_filtered,0.20270270009037353,0.21663668536658998,-0.00559547561369493,22,-0.22222220768671974,1.0,0.0,Smooth
487,bj920130,2025-03-31,score_filtered,0.32100489894424555,0.005887712868489103,-0.0009967936394914003,22,-0.11266172656431872,1.0,0.0,Smooth
488,bj920682,2025-03-31,score_filtered,0.17999998728434244,0.08176655976666669,0.00337702469125188,22,-0.01940993771573829,1.0,0.0,Smooth
489,sz002549,2025-03-31,score_filtered,0.3049877090636649,0.4068701327762416,-0.009892298952177792,22,-0.006528777876166125,2.0,1.0,Pullback
490,bj920493,2025-03-31,score_filtered,0.21139462977559348,0.34770241469179564,0.007659453889518684,22,0.11697180774095495,2.0,1.0,Pullback
491,sz301032,2025-03-31,score_filtered,0.14351852465068365,0.06318090720056713,-0.002161247117845313,22,-0.02223770958052973,1.0,0.0,Smooth
492,sh603828,2025-03-31,score_filtered,0.21785174404449517,0.6400601395857487,0.013668318409519271,22,0.13129100264660254,0.0,2.0,Failure
493,bj920299,2025-03-31,score_filtered,0.191869965345957,0.5733344732545826,0.01171471630192033,22,0.16571426391601562,2.0,1.0,Pullback
494,sz300718,2025-03-31,score_filtered,0.16991152242924965,0.06490581994763212,0.002243471132057333,22,-0.0035400503174971565,1.0,0.0,Smooth
495,bj920834,2025-03-31,score_filtered,0.11512028462753243,0.08388354638880702,0.0023758468201306795,22,0.09140768175102276,1.0,0.0,Smooth
496,bj920273,2025-04-01,expired,0.5169047401064918,0.07695942746020801,0.010351667654446992,22,0.29112276104407164,1.0,0.0,Smooth
497,bj920509,2025-04-01,traded,0.28732644149136555,0.452763877983681,-0.007662260042968595,22,-0.12471950081403238,2.0,1.0,Pullback
498,bj920396,2025-04-01,expired,0.2886746877647308,0.23189945859614358,-0.005126148241351551,22,-0.10213242008936929,1.0,0.0,Smooth
499,bj920639,2025-04-01,traded,0.19999998990820808,0.013382576229392651,0.0013520608167695398,22,-0.017837217686628604,1.0,0.0,Smooth
500,sh603353,2025-04-01,traded,0.33798235148329386,0.015511631061160047,-0.0012559099037185682,22,-0.17010038114729487,1.0,0.0,Smooth
501,bj920230,2025-04-01,traded,0.3164218902513091,0.33831828291026966,-0.00833573577645608,22,-0.22824895184350769,2.0,1.0,Pullback
502,bj920689,2025-04-01,operable_filtered,0.2284835632274747,0.003569961377738684,0.0007249821242497085,22,-0.04362117295839485,1.0,0.0,Smooth
503,sz300963,2025-04-01,operable_filtered,0.1463782681216117,0.5896002450076967,0.010468075317709793,22,0.27797581229024515,2.0,1.0,Pullback
504,sz300871,2025-04-01,score_filtered,0.4394445981178603,0.7324911505322715,-0.020934849023798725,22,-0.18116441018184481,0.0,2.0,Failure
505,bj920810,2025-04-01,score_filtered,0.2261580646284542,0.2432200651357066,0.010123174047895107,22,0.19052993865411927,1.0,0.0,Smooth
506,sh603007,2025-04-01,score_filtered,0.13372094527609613,0.03157373225859106,-0.0012446676848214635,22,0.003999996185302779,1.0,0.0,Smooth
507,bj920682,2025-04-01,score_filtered,0.17999998728434244,0.09620916073689889,0.003651732070011573,22,-0.01737758844237114,1.0,0.0,Smooth
508,sh603949,2025-04-01,score_filtered,0.284846053473152,0.14376034785774816,-0.004109682778391646,22,-0.19017089436475465,1.0,0.0,Smooth
509,sh603011,2025-04-01,score_filtered,0.32876712776165457,0.20057170559032322,-0.005944930184273012,22,-0.15603900492204692,1.0,0.0,Smooth
510,sh688776,2025-04-01,score_filtered,0.2999616335391348,0.020617266891915897,0.0018915460033987657,22,-0.10049749725493629,1.0,0.0,Smooth
511,bj920489,2025-04-01,score_filtered,0.16800003051757811,0.006587523210685453,0.0007857775588746673,22,0.07759366773571874,1.0,0.0,Smooth
512,bj920547,2025-04-01,score_filtered,0.16113365694938206,0.21379117864102226,0.005326973859608466,22,0.11952382042294452,1.0,0.0,Smooth
513,sz001333,2025-04-01,score_filtered,0.3386880594418707,0.00020410376625412674,-0.00013936344545957308,22,-0.15620213601133248,1.0,0.0,Smooth
514,bj920367,2025-04-01,score_filtered,0.21268118688775234,0.09549397545420935,0.0032822002143751672,22,-0.013006892139505233,1.0,0.0,Smooth
515,bj920230,2025-04-02,traded,0.3164218902513091,0.27697080746070657,-0.006896801018307874,22,-0.24142857960292274,2.0,1.0,Pullback
516,bj920396,2025-04-02,expired,0.2886746877647308,0.2205437182011889,-0.00496053011830483,22,-0.10563380281690138,1.0,0.0,Smooth
517,sh605208,2025-04-02,operable_filtered,0.22540983958963237,0.6322876071840406,0.013995501027743105,22,0.18251928881883472,0.0,2.0,Failure
518,sz002549,2025-04-02,operable_filtered,0.3049877090636649,0.4850834514745528,-0.010748062700251616,22,-0.08902073680446265,2.0,1.0,Pullback
519,sz300871,2025-04-02,operable_filtered,0.4394445981178603,0.7024168841560324,-0.020224538717206315,22,-0.3486710539498904,0.0,2.0,Failure
520,sz300963,2025-04-02,score_filtered,0.1463782681216117,0.5814329813282784,0.010293983780114752,22,0.21099660537829057,2.0,1.0,Pullback
521,bj920735,2025-04-02,score_filtered,0.19216928419206936,0.6555400046759793,0.015022805851641048,22,0.23336875069675989,0.0,2.0,Failure
522,sz301210,2025-04-02,score_filtered,0.20611113089102287,0.8107321527880503,0.02708987781969436,22,0.38619881221645436,0.0,2.0,Failure
523,sz300100,2025-04-02,score_filtered,0.14781301056814936,0.7102137523116541,0.015419959537252562,22,0.21823999023437501,0.0,2.0,Failure
524,sh603985,2025-04-02,score_filtered,0.18971426827566965,0.5280502112299275,0.00803535172324639,22,0.08554217130495156,2.0,1.0,Pullback
525,bj920576,2025-04-02,score_filtered,0.260210309329132,0.4525524090703035,-0.007965230201435226,22,-0.029979173722271657,2.0,1.0,Pullback
526,bj920284,2025-04-02,score_filtered,0.23714283534458705,0.20534084761440652,0.006254679625293587,22,0.12557706982991834,1.0,0.0,Smooth
527,sz301075,2025-04-02,score_filtered,0.370434802511464,0.30976130697563475,-0.007913449708849336,22,-0.2784848646684126,2.0,1.0,Pullback
528,bj920263,2025-04-02,score_filtered,0.1829818825574472,0.49766306836940943,0.00950096582736108,22,0.0936532531735137,2.0,1.0,Pullback
529,bj920047,2025-04-02,score_filtered,0.11794867882361779,0.7193417237416798,0.012080886683792726,22,0.14572188141327658,0.0,2.0,Failure
530,bj920199,2025-04-02,score_filtered,0.2879547879387837,0.23257152733094866,0.008856340461242071,22,0.09413791524952853,1.0,0.0,Smooth
531,bj920982,2025-04-02,score_filtered,0.17037866045613925,0.6894975853425043,0.016053547883152698,22,0.3544235379452876,0.0,2.0,Failure
532,sh603119,2025-04-02,score_filtered,0.24894117467543658,0.7991607424050237,0.019457189854982196,22,0.22113902085977877,0.0,2.0,Failure
533,sz300233,2025-04-02,score_filtered,0.33247198715094267,0.04687105404027003,-0.0020564774179472676,22,-0.17574022021587288,1.0,0.0,Smooth
534,bj920230,2025-04-03,traded,0.24650480823076365,0.2050064093412498,-0.005025766604869068,22,0.0524999618530273,1.0,0.0,Smooth
535,bj920396,2025-04-03,expired,0.27894476189588785,0.201709722815561,-0.004685666903163074,22,0.03009709762643742,1.0,0.0,Smooth
536,bj920351,2025-04-03,operable_filtered,0.4158904193198844,0.04225960400742268,-0.004475540377004706,22,0.3438045179639726,1.0,0.0,Smooth
537,sz002165,2025-04-03,operable_filtered,0.12207602624556277,0.7485685491096361,0.032072910661368796,22,0.7191358503908702,0.0,2.0,Failure
538,sz300871,2025-04-03,score_filtered,0.4394445981178603,0.650371155681784,-0.017265729978675322,22,-0.3167182595626372,0.0,2.0,Failure
539,sz002549,2025-04-03,score_filtered,0.3049877090636649,0.502168774781846,-0.011004258890487938,22,-0.20053952924336838,2.0,1.0,Pullback
540,sz300561,2025-04-03,score_filtered,0.5394736752045362,0.641543974750094,-0.03158321567601265,22,-0.2637045421202123,0.0,2.0,Failure
541,sz002900,2025-04-03,score_filtered,0.392189218633348,0.7513596279806564,-0.01740029636788923,22,-0.1795620490799792,0.0,2.0,Failure
542,sh605208,2025-04-03,score_filtered,0.11184215184771255,0.8361457575974505,0.016753632683500514,22,0.23238091241745717,0.0,2.0,Failure
543,bj920541,2025-04-03,score_filtered,0.2302884223016747,0.07162056176550291,0.0031748737041246517,22,0.36206887531455934,1.0,0.0,Smooth
544,sz002923,2025-04-03,score_filtered,0.32608695414965094,0.6814533256775644,-0.013227804804677324,22,-0.30663614399565975,0.0,2.0,Failure
545,bj920422,2025-04-03,score_filtered,0.3630544229250215,0.19644256966879858,-0.00843803844250514,22,0.22545748596226378,1.0,0.0,Smooth
546,bj920299,2025-04-03,score_filtered,0.191869965345957,0.6728634534053617,0.013141698833639835,22,0.40111039193963194,0.0,2.0,Failure
547,bj920371,2025-04-03,score_filtered,0.4228260812101381,0.6003015568203973,-0.014814077324909846,22,-0.08462734028750463,0.0,2.0,Failure
548,sz000722,2025-04-03,score_filtered,0.23497994737347389,0.47586020915762905,-0.007737224779827349,22,-0.19689484451878214,2.0,1.0,Pullback
549,bj920576,2025-04-03,score_filtered,0.260210309329132,0.5462099086619769,-0.008933448693890105,22,-0.019607875728968716,2.0,1.0,Pullback
550,sh600289,2025-04-03,score_filtered,0.19918145338926488,0.15614963982936547,-0.004332799518471423,22,-0.07519996643066407,1.0,0.0,Smooth
551,bj920123,2025-04-03,score_filtered,0.14715450337798416,0.5405790079009274,0.008832889939264038,22,0.3880681690721475,2.0,1.0,Pullback
552,bj920403,2025-04-07,expired,0.45720924605716934,0.7144631191896765,-0.016005261443488072,22,-0.27239820605665166,0.0,2.0,Failure
553,bj920371,2025-04-07,expired,0.4228260812101381,0.6468715359058979,-0.015493505090778074,22,-0.21151271326414833,0.0,2.0,Failure
554,bj920396,2025-04-07,expired,0.27894476189588785,0.32388935222870685,-0.005784623244555555,22,-0.007596475270711944,2.0,1.0,Pullback
555,bj920729,2025-04-07,expired,0.32769232529860276,0.6865568320987439,-0.012903200992526355,22,-0.2690794701832713,0.0,2.0,Failure
556,bj920505,2025-04-07,traded,0.3655611525575162,0.06673639048520696,-0.004436624443619032,22,0.004316554001978723,1.0,0.0,Smooth
557,bj920230,2025-04-07,breakout_support_filtered,0.24650480823076365,0.4476095750299848,-0.007067875337226597,22,-0.07715642838505199,2.0,1.0,Pullback
558,bj920970,2025-04-07,operable_filtered,0.3166368821163039,0.5598984551599107,-0.00935767913790206,22,-0.13119839026085756,2.0,1.0,Pullback
559,bj920305,2025-04-07,operable_filtered,0.5596610247078588,0.6447679955347293,-0.04239791079577567,22,-0.4543487960346958,0.0,2.0,Failure
560,sz000722,2025-04-07,score_filtered,0.23497994737347389,0.4350607397822206,-0.0067707760097188135,22,-0.20523712305145547,2.0,1.0,Pullback
561,bj920275,2025-04-07,score_filtered,0.27177963434579505,0.6107863894261831,-0.009716042650022337,22,-0.15284553538926393,0.0,2.0,Failure
562,sz300871,2025-04-07,score_filtered,0.40534644495915223,0.579507710008984,-0.014675894891649343,22,-0.3579431341643551,0.0,2.0,Failure
563,bj920541,2025-04-07,score_filtered,0.2302884223016747,0.016016472954269223,0.001051536119482782,22,0.2449529224374607,1.0,0.0,Smooth
564,sz300967,2025-04-07,score_filtered,0.31525300560171715,0.7712238617690195,-0.013242954956668176,22,-0.2567620966539004,0.0,2.0,Failure
565,sz002900,2025-04-07,score_filtered,0.392189218633348,0.7522975698858163,-0.017417756763837177,22,-0.25016586466051216,0.0,2.0,Failure
566,sz300561,2025-04-07,score_filtered,0.5394736752045362,0.688791624077157,-0.03326673915017412,22,-0.31767955131573855,0.0,2.0,Failure
567,bj920047,2025-04-07,score_filtered,0.12307690351437299,0.5613367933118792,0.009244728783420772,22,0.21751828740138435,2.0,1.0,Pullback
568,bj920422,2025-04-07,score_filtered,0.3630544229250215,0.523273684508065,-0.012261652025938279,22,-0.04481432870638469,2.0,1.0,Pullback
569,bj920726,2025-04-07,score_filtered,0.2600659854515248,0.4100809652346059,-0.006331942029833933,22,-0.07844689224213142,2.0,1.0,Pullback
570,bj920505,2025-04-08,expired,0.3655611525575162,0.040318805674165126,-0.00342464650267907,22,-0.16978775726683537,1.0,0.0,Smooth
571,bj920403,2025-04-08,filtered,0.45720924605716934,0.6860535503508711,-0.014839908165970531,22,-0.29586740271959155,0.0,2.0,Failure
572,bj920371,2025-04-08,expired,0.4228260812101381,0.6050631434106037,-0.014482198486893185,22,-0.20706370207794678,0.0,2.0,Failure
573,bj920230,2025-04-08,traded,0.24650480823076365,0.4662319543193244,-0.007253831586404778,22,-0.0658526039592332,2.0,1.0,Pullback
574,bj920273,2025-04-08,expired,0.5169047401064918,0.09258661473084762,-0.010220564649239995,22,0.09615384968074836,1.0,0.0,Smooth
575,bj920509,2025-04-08,traded,0.28732644149136555,0.4834048854757548,-0.0074034579199147455,22,-0.08903403709186575,2.0,1.0,Pullback
576,bj920245,2025-04-08,filtered,0.12251189111888809,0.16900002272461812,0.0033815729624152428,22,0.21579313277867018,1.0,0.0,Smooth
577,bj920866,2025-04-08,traded,0.3268965359391837,0.4502974394317345,-0.007823693761696856,22,-0.16123775124523232,2.0,1.0,Pullback
578,bj920396,2025-04-08,expired,0.27894476189588785,0.359889191802929,-0.006102303528548307,22,-0.040175923553910864,2.0,1.0,Pullback
579,bj920729,2025-04-08,expired,0.29230773270000093,0.6307691710682598,-0.01038802444495446,22,-0.1982758719912604,0.0,2.0,Failure
580,bj920970,2025-04-08,operable_filtered,0.3166368821163039,0.4929502018730332,-0.008312189628943353,22,-0.13191487462124418,2.0,1.0,Pullback
581,bj920305,2025-04-08,operable_filtered,0.568474591788599,0.7416840092212992,-0.047935858109200626,22,-0.523482272327285,0.0,2.0,Failure
582,bj920190,2025-04-08,operable_filtered,0.08958067775829094,0.67253188817466,0.010118755907629536,22,0.2902978756886636,0.0,2.0,Failure
583,bj920810,2025-04-08,operable_filtered,0.1353467134344022,0.5365877868925895,0.02032941060920192,22,0.4698717784912947,2.0,1.0,Pullback
584,bj920275,2025-04-08,operable_filtered,0.27177963434579505,0.48622080241724086,-0.008111230974788955,22,-0.10465118213238889,2.0,1.0,Pullback
585,bj920639,2025-04-08,operable_filtered,0.16717949891701722,0.04231037798737669,-0.0015300502719254264,22,0.03699277586024996,1.0,0.0,Smooth
586,bj920508,2025-04-08,operable_filtered,0.129970712247835,0.6331278408788904,0.007814606447612877,22,0.21882689145913115,0.0,2.0,Failure
587,bj920570,2025-04-08,operable_filtered,0.13067632000038332,0.2325680879210862,0.004772238944026459,22,0.1843835491023651,1.0,0.0,Smooth
588,bj920505,2025-04-09,expired,0.32950493840887995,0.003035901168924715,0.0008964293635439071,22,-0.05047517353046338,1.0,0.0,Smooth
589,sh603007,2025-04-09,filtered,0.11206897827447765,0.21980187414982588,0.004456253373548395,22,0.08167767514843782,1.0,0.0,Smooth
590,bj920706,2025-04-09,traded,0.15125676550150896,0.13640281693461698,0.0029675797630303643,22,0.16935066124061482,1.0,0.0,Smooth
591,bj920230,2025-04-09,traded,0.24650480823076365,0.5039503633126741,-0.007641650782955274,22,-0.1853715513638502,2.0,1.0,Pullback
592,bj920371,2025-04-09,expired,0.4228260812101381,0.5332399374745658,-0.013125560823733897,22,-0.24731861084854145,2.0,1.0,Pullback
593,bj920866,2025-04-09,expired,0.277037020082827,0.3531330086342426,-0.006343936112693905,22,-0.18324197875539305,2.0,1.0,Pullback
594,bj920087,2025-04-09,filtered,0.4497533558224877,0.5441392897776444,-0.015983575673128334,22,-0.36293824915971584,2.0,1.0,Pullback
595,bj920146,2025-04-09,expired,0.1708911919167092,0.7769928546700093,0.013697032730926133,22,0.2568577741100031,0.0,2.0,Failure
596,bj920396,2025-04-09,operable_filtered,0.27894476189588785,0.2455161980036631,-0.005106640353665695,22,0.026277416813982768,1.0,0.0,Smooth
597,bj920639,2025-04-09,breakout_support_filtered,0.16717949891701722,0.06636922115499855,-0.0018786048244496302,22,0.018161162291870925,1.0,0.0,Smooth
598,bj920608,2025-04-09,traded,0.20017290656110637,0.07405425915204655,-0.0021219796565483864,22,-0.10698496845749716,1.0,0.0,Smooth
599,bj920422,2025-04-09,filtered,0.3630544229250215,0.556428271553719,-0.012638412184788372,22,-0.260719599646694,2.0,1.0,Pullback
600,bj920953,2025-04-09,traded,0.08489872329878725,0.5856864106921713,0.0073988300930920336,22,0.1547377097016951,2.0,1.0,Pullback
601,bj920415,2025-04-09,filtered,0.16734276632686135,0.004117650192757227,-0.000293733796668849,22,0.014376078710434781,1.0,0.0,Smooth
602,bj920810,2025-04-09,operable_filtered,0.14151624434388518,0.5657753289248364,0.02141688538166534,22,0.43205363915381123,2.0,1.0,Pullback
603,bj920924,2025-04-09,operable_filtered,0.09065414574425935,0.6758825180318647,0.008467254918014476,22,0.21406608750317213,0.0,2.0,Failure
604,bj920026,2025-04-10,traded,0.2790831304475569,0.24300816310175133,0.006990476009159123,22,-0.015696518751925348,1.0,0.0,Smooth
605,bj920765,2025-04-10,traded,0.22767688851654508,0.02184950125065277,0.0020349106068278324,22,0.16818185286088427,1.0,0.0,Smooth
606,sh603007,2025-04-10,filtered,0.13103451791189397,0.20070925189009348,0.004211581657812267,22,0.03991587631245408,1.0,0.0,Smooth
607,sz002693,2025-04-10,filtered,0.4926035576000928,0.6377889151516687,-0.026332953815257725,22,-0.15852209131334594,0.0,2.0,Failure
608,bj920564,2025-04-10,traded,0.20888886628327547,0.05474212104457343,0.002366286787741972,22,0.16893729500550125,1.0,0.0,Smooth
609,bj920970,2025-04-10,operable_filtered,0.22593718793616469,0.16305969365912332,-0.004196646092505521,22,0.018079078024348938,1.0,0.0,Smooth
610,bj920639,2025-04-10,breakout_support_filtered,0.16717949891701722,0.03601970108302244,-0.0014055874450711547,22,0.05287356876227656,1.0,0.0,Smooth
611,bj920706,2025-04-10,traded,0.15125676550150896,0.24285452563333554,0.00510242860221982,22,0.1743388566425752,1.0,0.0,Smooth
612,bj920230,2025-04-10,traded,0.24288354455192818,0.32538502151651283,-0.005434249798694427,22,-0.029374224809742167,2.0,1.0,Pullback
613,bj920002,2025-04-10,traded,0.1885785806799143,0.17273401156730872,0.004027845614537252,22,0.057627904137899755,1.0,0.0,Smooth
614,bj920662,2025-04-10,expired,0.08063860810864408,0.4163516072889234,0.005741882234526215,22,0.10769894812861636,2.0,1.0,Pullback
615,bj920663,2025-04-10,traded,0.09480030411143077,0.7289407576580929,0.010046712563305693,22,0.1834395644214919,0.0,2.0,Failure
616,bj920273,2025-04-10,expired,0.5169047401064918,0.27001708775887145,-0.01680124214544249,22,0.1769352270278568,2.0,1.0,Pullback
617,bj920608,2025-04-10,traded,0.18032785776942462,0.0041061207021886315,0.0004158531764661376,22,0.02204805322409209,1.0,0.0,Smooth
618,bj920415,2025-04-10,filtered,0.12098502098287675,0.004733849746984875,-0.0003152624072901689,22,-0.0017594592750285187,1.0,0.0,Smooth
619,bj920856,2025-04-10,traded,0.10900291998906397,0.4655309728752526,0.00738703902218214,22,0.17038981176733015,2.0,1.0,Pullback
620,bj920866,2025-04-10,expired,0.24516628008315036,0.19557164226109425,-0.0038133053406905148,22,-0.07962331171889336,1.0,0.0,Smooth
621,bj920953,2025-04-10,traded,0.08489872329878725,0.5765984845068739,0.007310031980902304,22,0.11259232706007549,2.0,1.0,Pullback
622,bj920505,2025-04-10,expired,0.326838943858197,0.13044035038300905,0.005998215094538672,22,0.13132729667338272,1.0,0.0,Smooth
623,bj920249,2025-04-11,traded,0.14468090928464805,0.33375980878416,0.005291257033362143,22,0.039405725348195864,2.0,1.0,Pullback
624,bj920706,2025-04-11,traded,0.15125676550150896,0.39370316011831996,0.006957812361635331,22,0.08887809179914208,2.0,1.0,Pullback
625,bj920765,2025-04-11,filtered,0.22767688851654508,0.027146410278124256,0.0022797574564776433,22,-0.04610492267278066,1.0,0.0,Smooth
626,bj920445,2025-04-11,breakout_support_filtered,0.1612350033484929,0.1971270599484476,0.003491674163257635,22,0.07723164327645748,1.0,0.0,Smooth
627,bj920837,2025-04-11,breakout_support_filtered,0.147121545586801,0.2510130964849415,0.004084240841076375,22,0.031428527832031206,1.0,0.0,Smooth
628,bj920427,2025-04-11,traded,0.2124999761581421,0.029815938627238747,0.0016108680997099375,22,0.09686607267609637,1.0,0.0,Smooth
629,bj920505,2025-04-11,expired,0.2475555419921875,0.28752996524604224,0.009295460298566727,22,0.12168672860386853,2.0,1.0,Pullback
630,bj920087,2025-04-11,operable_filtered,0.3413284084794666,0.2606234586294336,-0.00783554702347665,22,-0.17815860048503973,2.0,1.0,Pullback
631,bj920570,2025-04-11,traded,0.13067632000038332,0.2870258461556252,0.0054807342714585745,22,0.05874941603679118,2.0,1.0,Pullback
632,bj920002,2025-04-11,traded,0.1897361569623554,0.07545815537375788,0.0025969202328620664,22,0.05023582026643569,1.0,0.0,Smooth
633,bj920371,2025-04-11,operable_filtered,0.3678571209615581,0.29584258983793676,-0.008474096756374913,22,-0.06518519366229025,2.0,1.0,Pullback
634,sh603007,2025-04-11,filtered,0.13103451791189397,0.27183011144442193,0.005094212463516899,22,0.056910513949037345,2.0,1.0,Pullback
635,bj920023,2025-04-11,expired,0.4130719326608704,0.8145908725677717,-0.02369052358141102,22,-0.3389355912530433,0.0,2.0,Failure
636,bj920786,2025-04-11,operable_filtered,0.2925311538555648,0.28856187895094676,-0.007083645312238113,22,-0.1057165491837534,2.0,1.0,Pullback
637,bj920856,2025-04-11,traded,0.10900291998906397,0.37296906733863133,0.006228320896293207,22,-0.009188425373490183,2.0,1.0,Pullback
638,bj920855,2025-04-11,traded,0.15148821913546012,0.00020547320209063358,-0.00010373754489854043,22,-0.04537368676753106,1.0,0.0,Smooth
639,bj920765,2025-04-14,filtered,0.19759036753689513,0.10052007614422975,0.0043117898334813845,22,0.012083371480305916,1.0,0.0,Smooth
640,bj920445,2025-04-14,breakout_support_filtered,0.1612350033484929,0.21056166202891924,0.0036377638309751464,22,0.12683438605716146,1.0,0.0,Smooth
641,bj920857,2025-04-14,traded,0.11297298122096706,0.5062655128587994,0.0060970770357196055,22,0.1154721669769816,2.0,1.0,Pullback
642,bj920026,2025-04-14,filtered,0.16325966085234456,0.501357435687783,0.009979192741906315,22,0.09908588836103793,2.0,1.0,Pullback
643,bj920087,2025-04-14,operable_filtered,0.28571426390729265,0.14292240865083905,-0.0049920296958942765,22,-0.13347926010901023,1.0,0.0,Smooth
644,bj920639,2025-04-14,filtered,0.16717949891701722,0.00528551307257219,-0.0005464283182867849,22,0.03506781228410172,1.0,0.0,Smooth
645,bj920198,2025-04-14,expired,0.14798209857813432,0.028697333358595145,0.0016001131956383027,22,0.18715734565188757,1.0,0.0,Smooth
646,bj920706,2025-04-14,traded,0.12046512337618095,0.5324786145432303,0.008224371971636939,22,0.10518138688562373,2.0,1.0,Pullback
647,bj920856,2025-04-14,traded,0.1064189046599555,0.45552511668979023,0.006903286851975978,22,0.0447524420105585,2.0,1.0,Pullback
648,bj920855,2025-04-14,filtered,0.14272891414594316,0.07469330364889548,0.0018895892706319779,22,0.02000932106819686,1.0,0.0,Smooth
649,bj920753,2025-04-14,traded,0.147465456774823,0.27509189795410427,0.004654649369825888,22,0.06126689149041242,2.0,1.0,Pullback
650,bj920564,2025-04-14,traded,0.20888886628327547,0.08899881786487718,0.0030766105123539206,22,0.08784070643371544,1.0,0.0,Smooth
651,sh603709,2025-04-14,traded,0.31670826604895846,0.016272706047277374,-0.001341170584107705,22,-0.14883402521598632,1.0,0.0,Smooth
652,bj920346,2025-04-14,traded,0.15285626948955855,0.6464538606059842,0.006737567401051608,22,0.13906539489175662,0.0,2.0,Failure
653,bj920779,2025-04-14,expired,0.39314686168323865,0.46420050542658997,-0.017586151518928766,22,-0.286138886495088,2.0,1.0,Pullback
654,bj920943,2025-04-14,traded,0.16729908312388575,0.6862250126981824,0.012632683555594736,22,0.2665958830644357,0.0,2.0,Failure
655,sz002693,2025-04-14,traded,0.4926035576000928,0.7698558185302138,-0.0294232435026755,22,-0.23349748746740362,0.0,2.0,Failure
656,sz300561,2025-04-14,filtered,0.5285714207863321,0.5816719463787398,-0.02526149777075312,22,-0.45090909437699755,0.0,2.0,Failure
657,bj920179,2025-04-14,expired,0.2456449782684218,0.43647443655131546,-0.006408379335772204,22,-0.14795561174768035,2.0,1.0,Pullback
658,bj920634,2025-04-14,traded,0.187217537855453,0.010595438319162986,-0.000828100020421565,22,-0.02444130134457423,1.0,0.0,Smooth
659,bj920533,2025-04-15,traded,0.10829016049267703,0.2936493910103669,0.0034464489448438112,22,0.028095477819331416,2.0,1.0,Pullback
660,bj920970,2025-04-15,operable_filtered,0.20416671219799074,0.010641194370533458,0.0009941938182649157,22,-0.004347822030685733,1.0,0.0,Smooth
661,bj920087,2025-04-15,operable_filtered,0.26239670170565826,0.06428167581368571,-0.0031016187321290605,22,-0.15282532540869187,1.0,0.0,Smooth
662,bj920002,2025-04-15,traded,0.21776339798068856,0.0002771828688510336,-0.00015659941661841096,22,0.0020474881733623107,1.0,0.0,Smooth
663,bj920026,2025-04-15,traded,0.16325966085234456,0.562172729627676,0.010838693795736539,22,0.20308278980636474,2.0,1.0,Pullback
664,bj920179,2025-04-15,expired,0.18431091548280526,0.2579322803037697,-0.00407787651933848,22,-0.07794487447160714,2.0,1.0,Pullback
665,bj920075,2025-04-15,traded,0.08687196992015413,0.3733337633455569,0.005405091743965602,22,0.24896124456351143,2.0,1.0,Pullback
666,bj920924,2025-04-15,filtered,0.09065414574425935,0.31452405657253635,0.004557237349026016,22,0.15071589532839025,2.0,1.0,Pullback
667,sz002693,2025-04-15,traded,0.4926035576000928,0.7143754856675701,-0.027982814726914225,22,-0.26857654248068363,0.0,2.0,Failure
668,bj920245,2025-04-15,traded,0.12251189111888809,0.22424703219195274,0.0034847391185943663,22,0.09186422793267579,1.0,0.0,Smooth
669,sz300994,2025-04-15,traded,0.13333331214057076,0.6950875388230374,0.015015979485808953,22,0.23767117963631046,0.0,2.0,Failure
670,bj920262,2025-04-15,expired,0.2161415043909084,0.15192663651206983,-0.004331382889050791,22,-0.17101448169652966,1.0,0.0,Smooth
671,bj920627,2025-04-15,traded,0.13091646210209149,0.24905904196473883,0.003657560193644664,22,0.09063783489674027,1.0,0.0,Smooth
672,bj920957,2025-04-15,traded,0.16373056851443626,0.4680006493968333,0.007187510426456259,22,0.10680276658976506,2.0,1.0,Pullback
673,bj920856,2025-04-15,operable_filtered,0.1064189046599555,0.5465421744067238,0.007926633509122719,22,0.19222641412736952,2.0,1.0,Pullback
674,bj920779,2025-04-15,breakout_support_filtered,0.39314686168323865,0.3882169385033153,-0.01527052102164848,22,-0.216044178679886,2.0,1.0,Pullback
675,bj920273,2025-04-15,expired,0.5169047401064918,0.38117164159843897,-0.01923260615356871,22,-0.14565025668551967,2.0,1.0,Pullback
676,bj920726,2025-04-15,traded,0.24587956873518726,0.20735993201092406,-0.00417957694120231,22,-0.11094832803184451,1.0,0.0,Smooth
677,bj920239,2025-04-15,traded,0.09018244401136324,0.217295406209143,0.002651036944963227,22,0.11037105824454607,1.0,0.0,Smooth
678,bj920346,2025-04-15,traded,0.15285626948955855,0.6716479693786754,0.00711612884995434,22,0.1687969814559107,0.0,2.0,Failure
679,bj920262,2025-04-16,operable_filtered,0.2161415043909084,0.11463282409886888,-0.0034581042137433065,22,-0.2451253696483997,1.0,0.0,Smooth
680,bj920371,2025-04-16,operable_filtered,0.3678571209615581,0.0009318346730498028,-0.0004158946892604347,22,-0.17745162695313965,1.0,0.0,Smooth
681,bj920087,2025-04-16,operable_filtered,0.24010214749269723,0.00012212334110872636,-0.00012073890472327391,22,-0.09645334639438108,1.0,0.0,Smooth
682,bj920505,2025-04-16,traded,0.1721271553271919,0.6666386146215657,0.01632141982054133,22,0.18591404722302962,0.0,2.0,Failure
683,bj920726,2025-04-16,traded,0.24587956873518726,0.11708789414246779,-0.0027438431444351697,22,-0.16105940994935564,1.0,0.0,Smooth
684,sz002693,2025-04-16,traded,0.4926035576000928,0.5918617852644089,-0.024473099045509625,22,-0.30187144423616386,0.0,2.0,Failure
685,bj920639,2025-04-16,traded,0.16717949891701722,0.014028124939930553,0.0009202667839737727,22,-0.010916968281791228,1.0,0.0,Smooth
686,bj920179,2025-04-16,expired,0.18431091548280526,0.12881871536208045,-0.002559242967017738,22,-0.07639238401624282,1.0,0.0,Smooth
687,bj920273,2025-04-16,expired,0.5169047401064918,0.29992171969893755,-0.016620252337548793,22,-0.32164556768876085,2.0,1.0,Pullback
688,bj920826,2025-04-16,traded,0.2758241894135448,0.026614769900450752,-0.0015602957411561627,22,-0.1705014875068107,1.0,0.0,Smooth
689,bj920445,2025-04-16,breakout_support_filtered,0.1612350033484929,0.17868490529493142,0.003240340811261977,22,-0.016806751123683905,1.0,0.0,Smooth
690,bj920982,2025-04-16,expired,0.07380952380952381,0.8001195023547968,0.01681012143428102,22,0.4591070707497513,0.0,2.0,Failure
691,bj920047,2025-04-16,operable_filtered,0.15692304953550681,0.004808625353133422,-0.00036197579778800173,22,0.022543428566262458,1.0,0.0,Smooth
692,bj920564,2025-04-16,operable_filtered,0.20888886628327547,0.1888834855494792,0.004568874045470348,22,-0.04932040612674449,1.0,0.0,Smooth
693,bj920779,2025-04-16,operable_filtered,0.39314686168323865,0.267455908392209,-0.012263937658629228,22,-0.13987402395369408,2.0,1.0,Pullback
694,bj920799,2025-04-16,operable_filtered,0.15691173777860754,0.14471173627645317,0.0018642222774212138,22,0.044912304794579194,1.0,0.0,Smooth
695,bj920351,2025-04-16,operable_filtered,0.3361980901222444,0.5012867622449775,0.021649664860220016,22,0.19900683818718834,2.0,1.0,Pullback
696,sz300605,2025-04-16,operable_filtered,0.14858762456225272,0.054353251388355006,-0.0016588527994802016,22,-0.04560051715241786,1.0,0.0,Smooth
697,bj920262,2025-04-17,operable_filtered,0.21539773912525206,0.07012446437206132,-0.00218250130974942,22,-0.1430905253439957,1.0,0.0,Smooth
698,bj920765,2025-04-17,traded,0.18933334350585937,0.33493602239009734,0.008082637003450565,22,0.04215555426796391,2.0,1.0,Pullback
699,bj920371,2025-04-17,operable_filtered,0.28724831158038433,0.028272754930493416,0.0019261177750039317,22,-0.10692310333251953,1.0,0.0,Smooth
700,bj920407,2025-04-17,filtered,0.09805547504147122,0.39613987374551884,0.0069557189507454525,22,0.013622805361525492,2.0,1.0,Pullback
701,sh601086,2025-04-17,expired,0.26993010901164194,0.0366756485978571,0.0028687866804582916,22,0.07149009028856401,1.0,0.0,Smooth
702,bj920403,2025-04-17,filtered,0.269887077261691,0.1718798343669553,-0.0037469177895302587,22,-0.160053941158937,1.0,0.0,Smooth
703,bj920261,2025-04-17,traded,0.11358030985230294,0.5842282969639986,0.008703202145814786,22,0.047034735977834696,2.0,1.0,Pullback
704,bj920726,2025-04-17,filtered,0.1876811678833731,0.05181923881833428,-0.0013827874384704632,22,-0.11536942465064659,1.0,0.0,Smooth
705,bj920665,2025-04-17,traded,0.09232955950135296,0.4063666762736651,0.0050057098754688195,22,-0.005046841773740707,2.0,1.0,Pullback
706,bj920526,2025-04-17,traded,0.09757657250430492,0.0016157163963409493,0.00017579943742123246,22,-0.059113336594721955,1.0,0.0,Smooth
707,bj920271,2025-04-17,filtered,0.1594366154200594,0.26780381007446097,0.0052363902541963225,22,-0.010995400839564518,2.0,1.0,Pullback
708,bj920394,2025-04-17,expired,0.27111188962075505,0.33348480936297276,-0.006260201948547751,22,-0.22153847034160912,2.0,1.0,Pullback
709,bj920527,2025-04-17,traded,0.17064217630936426,0.24236614729567452,0.0033531821288392666,22,-0.059679062296166485,1.0,0.0,Smooth
710,bj920378,2025-04-17,traded,0.13982179167360625,0.12681671034983932,0.003177124403909852,22,-0.09739369572870338,1.0,0.0,Smooth
711,bj920046,2025-04-17,traded,0.14964250850830432,0.013045297639126097,0.0006037477250309557,22,-0.022753757499196503,1.0,0.0,Smooth
712,bj920826,2025-04-17,operable_filtered,0.21500895851727111,2.7121054383738574e-05,-3.953601496216353e-05,22,-0.11651131469143494,1.0,0.0,Smooth
713,bj920751,2025-04-17,operable_filtered,0.13820378524834007,0.3512189189313719,0.0064404820233053325,22,-0.013505895606958696,2.0,1.0,Pullback
714,bj920642,2025-04-17,operable_filtered,0.22021274242858654,0.37819470528771826,0.01309631350176479,22,0.24385507728247235,2.0,1.0,Pullback
715,bj920735,2025-04-17,operable_filtered,0.19216928419206936,0.021331138975398622,0.0008261339746993623,22,-0.0019153858569916915,1.0,0.0,Smooth
716,bj920026,2025-04-18,traded,0.18259669809506457,0.3652944589397662,0.008261158513160017,22,0.027879685344852634,2.0,1.0,Pullback
717,bj920924,2025-04-18,traded,0.13971928575085998,0.0019002166181025792,-0.0003146159230686047,22,-0.12483702365087412,1.0,0.0,Smooth
718,bj920570,2025-04-18,traded,0.11961837724760828,0.4321213216034321,0.00729122584855296,22,-0.0012315083482680178,2.0,1.0,Pullback
719,bj920961,2025-04-18,expired,0.192663908843575,0.24572595809379139,0.005139429307364429,22,-0.07270290612041974,1.0,0.0,Smooth
720,bj920427,2025-04-18,traded,0.17323708194937593,0.35953995464821675,0.007300381810256643,22,-0.04421766169823971,2.0,1.0,Pullback
721,sz002693,2025-04-18,traded,0.4191363344814301,0.3126859223734554,-0.013700661508218356,22,-0.2751905067337399,2.0,1.0,Pullback
722,bj920407,2025-04-18,operable_filtered,0.09805547504147122,0.30143188347498195,0.006113265575524242,22,-0.04018414018414018,2.0,1.0,Pullback
723,bj920262,2025-04-18,filtered,0.22069970446661022,0.11179770117171406,-0.0030414375867013435,22,-0.14776168040822268,1.0,0.0,Smooth
724,bj920690,2025-04-18,traded,0.08473286855179682,0.3530457839148088,0.0037178902038148298,22,0.02666666050149935,2.0,1.0,Pullback
725,bj920378,2025-04-18,traded,0.11991584927772882,0.13377748185113447,0.0032471410154341095,22,-0.08185057342297741,1.0,0.0,Smooth
726,bj920425,2025-04-18,breakout_support_filtered,0.19723675249129813,0.6216482213921315,0.01756149777405703,22,0.26521409629473536,0.0,2.0,Failure
727,bj920261,2025-04-18,traded,0.1429344606277067,0.528308219729585,0.008206924699533075,22,0.09381667925580062,2.0,1.0,Pullback
728,bj920579,2025-04-18,traded,0.12872239886929587,0.11716415913740397,0.002622836688310057,22,-0.05833053220142237,1.0,0.0,Smooth
729,bj920735,2025-04-18,expired,0.14455920855485999,0.022347810825460557,0.0008449492264953389,22,-0.03675584193395609,1.0,0.0,Smooth
730,bj920779,2025-04-18,breakout_support_filtered,0.39314686168323865,0.11685470340740955,-0.006935338654479623,22,-0.349577460490482,1.0,0.0,Smooth
731,bj920806,2025-04-18,filtered,0.06443771248964292,0.256506404618253,0.0027561451482863465,22,-0.027044845088313063,1.0,0.0,Smooth
732,bj920701,2025-04-18,traded,0.15243897508694665,0.6694161779343022,-0.0065692252106831035,22,-0.18211339401193882,0.0,2.0,Failure
733,bj920394,2025-04-18,expired,0.21692015548300378,0.29947036995396115,-0.005230202400749926,22,-0.23516825886931958,2.0,1.0,Pullback
734,bj920639,2025-04-18,traded,0.16717949891701722,0.06628591997861655,0.0018702871104645496,22,-0.10937501552204232,1.0,0.0,Smooth
735,bj920779,2025-04-21,traded,0.39314686168323865,0.020716582671577055,-0.0021701868214089766,22,-0.32361512306180285,1.0,0.0,Smooth
736,bj920163,2025-04-21,expired,0.33514641853789673,0.005894934575342736,-0.0010829518100626903,22,-0.16216216460644683,1.0,0.0,Smooth
737,bj920924,2025-04-21,traded,0.13971928575085998,0.005808986316164111,-0.0005599213368035406,22,-0.04439171317458235,1.0,0.0,Smooth
738,bj920249,2025-04-21,traded,0.12888371263563658,0.20103802834652285,0.004109947625483536,22,0.052419336490072244,1.0,0.0,Smooth
739,bj920961,2025-04-21,expired,0.19748054719917618,0.29447961194896166,0.005586001075227952,22,0.0174364208862412,2.0,1.0,Pullback
740,bj920856,2025-04-21,operable_filtered,0.1655405255196478,0.08463846982906487,0.002865130465423467,22,0.044397512107631654,1.0,0.0,Smooth
741,bj920876,2025-04-21,operable_filtered,0.28540260328315326,0.3188305300576024,0.015881233372567836,22,0.24694645868704823,2.0,1.0,Pullback
742,bj920021,2025-04-21,traded,0.10734459890316676,0.43117160852551417,0.005035136041598015,22,0.010204036947789152,2.0,1.0,Pullback
743,bj920932,2025-04-21,traded,0.1279700837601884,0.022357957579927867,0.000857246946749622,22,-0.057446836716487204,1.0,0.0,Smooth
744,bj920261,2025-04-21,breakout_support_filtered,0.15051433872881353,0.4533828190769075,0.007343123830852241,22,0.028852431500544284,2.0,1.0,Pullback
745,bj920237,2025-04-21,traded,0.15801350708576817,0.03515973135798767,-0.0012058170273346136,22,-0.09291379288492185,1.0,0.0,Smooth
746,bj920378,2025-04-21,traded,0.11857708527984247,0.14454199833220105,0.0033633363301551235,22,0.003009778929107698,1.0,0.0,Smooth
747,bj920953,2025-04-21,filtered,0.16561984227708548,0.04344894165163515,0.0019018447001581257,22,-0.00808359301152295,1.0,0.0,Smooth
748,bj920152,2025-04-21,operable_filtered,0.12753216565305836,0.02841929062128279,0.0009195549774558717,22,-0.06535313493057515,1.0,0.0,Smooth
749,bj920981,2025-04-21,traded,0.09392547923716181,0.054066858726474876,0.0016065794310199933,22,-0.02581663766786524,1.0,0.0,Smooth
750,bj920275,2025-04-21,expired,0.18972659649983345,0.3500766389120664,0.008301216093898299,22,0.04122809497860347,2.0,1.0,Pullback
751,sh605188,2025-04-21,expired,0.36292742429788233,1.0714320447524628e-05,6.402254816949686e-05,22,-0.19322459252109914,1.0,0.0,Smooth
752,bj920394,2025-04-21,expired,0.20243232223402083,0.2318223717625124,-0.0036499657216965886,22,-0.1521920810709949,1.0,0.0,Smooth
753,bj920533,2025-04-21,traded,0.14542317377796934,0.07208205678354873,-0.0017768983175204664,22,-0.002245368576909268,1.0,0.0,Smooth
754,bj920982,2025-04-21,expired,0.14117424452465036,0.7971164424160841,0.01664306986855355,22,0.1954295083895059,0.0,2.0,Failure
755,bj920163,2025-04-22,traded,0.33514641853789673,0.017000049680126028,0.0016492979469999662,22,-0.10742574229379254,1.0,0.0,Smooth
756,bj920961,2025-04-22,expired,0.19748054719917618,0.2670472836973925,0.005311233672105094,22,0.04826912530815397,2.0,1.0,Pullback
757,bj920087,2025-04-22,filtered,0.15772724151611328,0.08011691772074825,0.0024836367938395735,22,-0.040795569582332436,1.0,0.0,Smooth
758,bj920953,2025-04-22,traded,0.16561984227708548,0.010543819306988889,0.0009382424978319958,22,-0.0025635428074336497,1.0,0.0,Smooth
759,bj920642,2025-04-22,traded,0.23242352226233948,0.329505223389183,0.011927343534259158,22,0.1642902457381752,2.0,1.0,Pullback
760,bj920057,2025-04-22,traded,0.12133889488168187,0.5410395652138928,0.004561954730572387,22,0.03230547266921335,2.0,1.0,Pullback
761,bj920261,2025-04-22,traded,0.15051433872881353,0.4676338707491522,0.007469980545715628,22,0.08008214262751312,2.0,1.0,Pullback
762,bj920260,2025-04-22,traded,0.055252351594353516,0.2789949548461874,0.003034185690217803,22,0.04682778672787857,2.0,1.0,Pullback
763,bj920799,2025-04-22,traded,0.16899541439598006,0.04640333511775785,-0.0012093889284707996,22,-0.0975454667334269,1.0,0.0,Smooth
764,bj920792,2025-04-22,traded,0.17867648801589045,0.4138656387930174,0.006577804197635413,22,0.06885247260003746,2.0,1.0,Pullback
765,sh600865,2025-04-22,traded,0.29769229888916016,0.19177534665106655,-0.003703791646680425,22,-0.18342150755892006,1.0,0.0,Smooth
766,sh600490,2025-04-22,operable_filtered,0.18333337601320168,0.8642647407663273,-0.007547848185138362,22,-0.1535432568278764,0.0,2.0,Failure
767,sh605188,2025-04-22,operable_filtered,0.3139534754776319,0.04690881642799549,0.0037982862367953655,22,-0.10940770778834885,1.0,0.0,Smooth
768,bj920227,2025-04-22,operable_filtered,0.10291035175787375,0.12304832644423946,-0.0015554056974725601,22,-0.05884215673638593,1.0,0.0,Smooth
769,bj920419,2025-04-22,operable_filtered,0.2627215193531547,0.5868792555648761,0.01449693437119167,22,0.2840409838865807,0.0,2.0,Failure
770,bj920204,2025-04-22,operable_filtered,0.12518125112295264,0.5426719385200025,0.00715182091316732,22,0.07279120268001638,2.0,1.0,Pullback
771,bj920026,2025-04-23,traded,0.18646408446793353,0.23084906377511638,0.006228293052465117,22,0.12022898957262718,1.0,0.0,Smooth
772,bj920163,2025-04-23,traded,0.27442919542894745,0.1259200278855831,0.004155425347371371,22,-0.058732581072144185,1.0,0.0,Smooth
773,bj920906,2025-04-23,breakout_support_filtered,0.12381954867555019,0.3425316976800903,0.005683847423501425,22,0.022433151463227663,2.0,1.0,Pullback
774,bj920779,2025-04-23,traded,0.15613656504945117,0.2553932150782262,0.0036993934235787884,22,-0.00065011035757645,2.0,1.0,Pullback
775,bj920720,2025-04-23,traded,0.09320555204619639,0.1150920327154501,0.0020334883496631257,22,-0.014153197238561233,1.0,0.0,Smooth
776,bj920792,2025-04-23,traded,0.16579538537023752,0.4165529371116534,0.006603458079001833,22,0.000773339131594275,2.0,1.0,Pullback
777,bj920974,2025-04-23,filtered,0.18210526516563014,0.4417869364099901,0.004321965890720495,22,0.013268957440701667,2.0,1.0,Pullback
778,sz300052,2025-04-23,filtered,0.05372287589712577,0.7940552315352739,0.00953211740917117,22,0.1567695585348754,0.0,2.0,Failure
779,bj920221,2025-04-23,traded,0.0842105324798896,0.3242043406986479,0.004443908530956618,22,0.08963738435092528,2.0,1.0,Pullback
780,bj920579,2025-04-23,traded,0.12872239886929587,0.12293865306082286,0.0027192144798284202,22,0.06701390126053242,1.0,0.0,Smooth
781,bj920950,2025-04-23,traded,0.22663929777675845,0.2966292637390624,-0.00761644178481059,22,-0.14653194611762133,2.0,1.0,Pullback
782,bj920876,2025-04-23,traded,0.2943487047675806,0.11422979489529361,0.008815709630700734,22,0.2363637007871997,1.0,0.0,Smooth
783,bj920690,2025-04-23,filtered,0.12590547248526213,0.3279863275441831,0.003631045689623955,22,-0.017004051146594534,2.0,1.0,Pullback
784,bj920245,2025-04-23,traded,0.11495767591384631,0.08659578669904255,0.0022736817378204025,22,-0.011522167173731446,1.0,0.0,Smooth
785,bj920346,2025-04-23,filtered,0.2432000223795573,0.2696767465903357,0.004788853427438898,22,-0.01685793857612039,2.0,1.0,Pullback
786,bj920533,2025-04-23,traded,0.3281519775350573,0.29104953937468103,-0.0065866109848700454,22,-0.2812144113904108,2.0,1.0,Pullback
787,bj920799,2025-04-23,traded,0.16899541439598006,0.034666474134471326,-0.0010126245565087362,22,-0.024436738800144853,1.0,0.0,Smooth
788,bj920706,2025-04-23,traded,0.14428687033035628,0.2475506542638417,0.005396257536061935,22,0.09170786162850075,1.0,0.0,Smooth
789,bj920261,2025-04-23,traded,0.15051433872881353,0.3627589605357344,0.006494839998788218,22,0.08855288062160604,2.0,1.0,Pullback
790,bj920961,2025-04-23,traded,0.19748054719917618,0.16615850923970976,0.004164380015418079,22,0.041123353704211496,1.0,0.0,Smooth
791,bj920792,2025-04-24,traded,0.1341084956119891,0.5358614282597733,0.007553233097483808,22,0.0864197714980568,2.0,1.0,Pullback
792,bj920346,2025-04-24,traded,0.2432000223795573,0.16617203265247893,0.0037271070524818196,22,-0.0007062308608473122,1.0,0.0,Smooth
793,sh603086,2025-04-24,expired,0.13398059115399497,0.03951985875359809,0.0017347940459834766,22,0.10757947207949492,1.0,0.0,Smooth
794,bj920252,2025-04-24,traded,0.1566842513784866,0.13223521233206492,0.0030165339890688802,22,0.03670816232316643,1.0,0.0,Smooth
795,bj920720,2025-04-24,traded,0.09320555204619639,0.10014699148360462,0.0018909028195127156,22,0.05569622184656842,1.0,0.0,Smooth
796,sz002196,2025-04-24,operable_filtered,0.16460182114657138,0.4173396440321715,-0.005185373774317615,22,-0.052472201018766707,2.0,1.0,Pullback
797,bj920263,2025-04-24,traded,0.1457364154640924,0.7479807409145024,0.01342343452778063,22,0.248648672930871,0.0,2.0,Failure
798,bj920469,2025-04-24,traded,0.22023808417971932,0.2290859724169716,-0.0038907281587435547,22,0.024982114352423812,1.0,0.0,Smooth
799,bj920275,2025-04-24,expired,0.18702025955647555,0.5934268612256934,0.01097053698977131,22,0.08474581750498866,0.0,2.0,Failure
800,sz301000,2025-04-24,expired,0.19118641998808264,0.8680523075665678,-0.00847056758436949,22,-0.1462298307653942,0.0,2.0,Failure
801,bj920273,2025-04-24,operable_filtered,0.375500157977067,0.007006359984948696,0.0015176715186509817,22,-0.2506005017563795,1.0,0.0,Smooth
802,bj920703,2025-04-24,operable_filtered,0.047058853448606004,0.5690116264882699,0.0037049980993944763,22,0.10297765672836556,2.0,1.0,Pullback
803,bj920299,2025-04-24,operable_filtered,0.22482269436389316,0.3273055102772561,0.005958724561700298,22,-0.019299833569283553,2.0,1.0,Pullback
804,sz002251,2025-04-24,operable_filtered,0.26842105098048075,0.42294203364470406,-0.007945515797077881,22,-0.21875001417229978,2.0,1.0,Pullback
805,sh688313,2025-04-24,operable_filtered,0.12109371776190969,0.3380565672258511,0.004710072840444602,22,0.11239415426265986,2.0,1.0,Pullback
806,bj920478,2025-04-24,operable_filtered,0.37168146671614893,0.06268938712314609,0.0035532864762931266,22,-0.18234165601211683,1.0,0.0,Smooth
807,bj920163,2025-04-25,filtered,0.1750119311619028,0.3685200068673581,0.006814631091092666,22,0.12025722589207954,2.0,1.0,Pullback
808,bj920856,2025-04-25,traded,0.1655405255196478,0.06936656647551975,-0.0024101775118302643,22,0.12718937458848445,1.0,0.0,Smooth
809,sz301210,2025-04-25,expired,0.3924353058212737,0.3031611479720532,-0.0131814345191799,22,-0.2795823481807074,2.0,1.0,Pullback
810,bj920953,2025-04-25,traded,0.16561984227708548,0.12825478831926407,-0.002991015920405778,22,0.06694562372416124,1.0,0.0,Smooth
811,bj920706,2025-04-25,traded,0.14929107556489096,0.09628914923418141,0.003071943420734462,22,0.16193183634645636,1.0,0.0,Smooth
812,bj920299,2025-04-25,expired,0.22482269436389316,0.26634935113899294,0.0054816779071591775,22,-0.07011072123466688,2.0,1.0,Pullback
813,bj920198,2025-04-25,traded,0.19588234845329733,0.5094844216397427,0.00979902601726463,22,0.2045044527997386,2.0,1.0,Pullback
814,bj920110,2025-04-25,traded,0.10281684061746518,0.014545205450543053,-0.0005483433707867512,22,0.03890847086497784,1.0,0.0,Smooth
815,bj920392,2025-04-25,traded,0.3491760044147355,0.47309639897416544,0.013563597073372255,22,0.24072396393643958,2.0,1.0,Pullback
816,bj920694,2025-04-25,expired,0.0767744237338649,0.30223045599113796,0.0024646514518012067,22,0.09688205830539931,2.0,1.0,Pullback
817,bj920367,2025-04-25,filtered,0.15455999755859376,0.17358282703271155,0.0036992200362607314,22,0.08613450462708361,1.0,0.0,Smooth
818,bj920208,2025-04-25,traded,0.070707057733234,0.11547354722297476,0.0012538944064964409,22,0.07584272131085013,1.0,0.0,Smooth
819,sz002915,2025-04-25,operable_filtered,0.21824099428160404,0.06764088222919007,-0.003057773394659282,22,0.059456355953163564,1.0,0.0,Smooth
820,sz002194,2025-04-25,operable_filtered,0.14295624481303085,0.5204319744745174,0.008679455328993297,22,0.15142424894931406,2.0,1.0,Pullback
821,bj920508,2025-04-25,operable_filtered,0.15422124577808857,0.09656770478060905,-0.0020870392658475325,22,-0.0863510350155191,1.0,0.0,Smooth
822,sz002251,2025-04-25,operable_filtered,0.26842105098048075,0.3832958415722105,-0.006077891486196197,22,-0.2014815012613932,2.0,1.0,Pullback
823,bj920768,2025-04-25,operable_filtered,0.1354888575745015,0.07060897156277035,-0.0014676278029117661,22,0.03225801064423561,1.0,0.0,Smooth
824,sh688313,2025-04-25,operable_filtered,0.12620189331868586,0.21858756908169952,0.003436012337849909,22,0.11317830087760217,1.0,0.0,Smooth
825,bj920163,2025-04-28,traded,0.1750119311619028,0.28571652025181504,0.005687283668845013,22,0.13530929893879162,2.0,1.0,Pullback
826,sz002200,2025-04-28,expired,0.12160693603910375,2.540885722379649e-06,1.090213486409901e-05,22,0.13324364344927453,1.0,0.0,Smooth
827,bj920425,2025-04-28,expired,0.21915199769555208,0.00030376818780408765,0.00018667229181856712,22,0.12061856298520635,1.0,0.0,Smooth
828,bj920299,2025-04-28,expired,0.2680851478283078,0.20783017329366404,0.004909154323273285,22,0.056418228250795455,1.0,0.0,Smooth
829,bj920146,2025-04-28,traded,0.20768602264302075,0.004005009301346618,-0.0003942622399766044,22,0.05670659757502561,1.0,0.0,Smooth
830,sz300553,2025-04-28,expired,0.13946431023733957,0.4666221407507427,-0.004456648824262028,22,-0.06606665419938107,2.0,1.0,Pullback
831,sh688313,2025-04-28,expired,0.12620189331868586,0.08714897513449205,0.0018630846144005642,22,0.05989585790990204,1.0,0.0,Smooth
832,bj920926,2025-04-28,traded,0.3874052103381692,0.29995505371537456,-0.013596468892506661,22,-0.23458833505983767,2.0,1.0,Pullback
833,bj920508,2025-04-28,traded,0.15422124577808857,0.0748879991012309,-0.001794928890002761,22,0.05064889099058845,1.0,0.0,Smooth
834,bj920469,2025-04-28,operable_filtered,0.22023808417971932,0.6963542777723286,-0.006759224164047705,22,-0.14226187489200204,0.0,2.0,Failure
835,sz003032,2025-04-28,operable_filtered,0.09486775629274895,0.3956461107307223,0.0043216405136824385,22,0.16129030506810937,2.0,1.0,Pullback
836,bj920261,2025-04-28,operable_filtered,0.17000538745976573,0.04309518812019708,0.0018758466615570947,22,0.041105097736193086,1.0,0.0,Smooth
837,sz301212,2025-04-28,operable_filtered,0.16848483230128433,0.021033856621031854,-0.0012397567941425133,22,-0.010909063165838062,1.0,0.0,Smooth
838,sz002640,2025-04-28,operable_filtered,0.16249997551952047,0.4564562456693946,0.010055858839125386,22,0.22879179457659649,2.0,1.0,Pullback
839,sz301076,2025-04-28,operable_filtered,0.16847826086956522,0.0010228363554284359,0.0002529146484525289,22,-0.08889968448366026,1.0,0.0,Smooth
840,bj920247,2025-04-28,operable_filtered,0.23981642180089602,0.008955998960327283,-0.0007827009018541758,22,0.030733738607658934,1.0,0.0,Smooth
841,bj920190,2025-04-28,operable_filtered,0.11386143849206912,0.5835277859701347,0.007064453664458602,22,0.1547421512125724,2.0,1.0,Pullback
842,bj920768,2025-04-28,operable_filtered,0.1354888575745015,0.21936277064729381,-0.002443348697213993,22,-0.010544805303367766,1.0,0.0,Smooth
843,bj920706,2025-04-29,traded,0.14929107556489096,0.002561671919022901,-0.0003889850249272609,22,0.05797105884703746,1.0,0.0,Smooth
844,sz300472,2025-04-29,filtered,0.13690470657448478,0.43515235240165606,0.006893921854176039,22,0.012738840928875783,2.0,1.0,Pullback
845,sz301076,2025-04-29,expired,0.1960869664731233,0.0008129186188591264,-0.00023472963654100058,22,-0.06445004453732406,1.0,0.0,Smooth
846,bj920425,2025-04-29,filtered,0.21915199769555208,0.037446053494016085,-0.0018381354308866062,22,0.03069772646408664,1.0,0.0,Smooth
847,bj920249,2025-04-29,breakout_support_filtered,0.13406208760305638,0.2659835546120669,-0.0029886478770857,22,-0.014579209065884502,2.0,1.0,Pullback
848,sh688313,2025-04-29,expired,0.12620189331868586,0.032083950630188984,0.0010350525233428199,22,0.1326885978552843,1.0,0.0,Smooth
849,bj920190,2025-04-29,expired,0.12648515884531006,0.4508521670192922,0.0052249399777219065,22,0.057913883381533804,2.0,1.0,Pullback
850,sh601956,2025-04-29,filtered,0.12297301520562796,0.32506885839876454,0.004868092559162218,22,0.028231806342047472,2.0,1.0,Pullback
851,bj920346,2025-04-29,breakout_support_filtered,0.2432000223795573,0.005182361461084861,-0.0005356655237694021,22,0.04055028594690846,1.0,0.0,Smooth
852,bj920221,2025-04-29,expired,0.0842105324798896,0.16515406949159095,0.0020674138921439817,22,0.11403953635089503,1.0,0.0,Smooth
853,bj920720,2025-04-29,filtered,0.09625431936394241,0.0590378827232827,-0.0010508688970653991,22,0.007763214103533311,1.0,0.0,Smooth
854,bj920491,2025-04-29,breakout_support_filtered,0.09196780163301839,0.28095675603020986,-0.002649310866102113,22,-0.011136591711136568,2.0,1.0,Pullback
855,bj920469,2025-04-29,operable_filtered,0.14226187489200207,0.6497109068633884,-0.005957380037207376,22,-0.06351266860195182,0.0,2.0,Failure
856,bj920146,2025-04-29,operable_filtered,0.20768602264302075,0.06611124114085876,-0.001478615816304049,22,0.05767145928676998,1.0,0.0,Smooth
857,bj920261,2025-04-29,operable_filtered,0.17000538745976573,0.0400682074194163,0.0018008848260556514,22,0.16643055572534537,1.0,0.0,Smooth
858,bj920123,2025-04-29,operable_filtered,0.3811811247180746,0.024264394574922243,-0.003410934491446326,22,-0.020193194818073912,1.0,0.0,Smooth
859,bj920768,2025-04-29,operable_filtered,0.1354888575745015,0.2615951146555042,-0.002663890326663176,22,0.03252038123541068,2.0,1.0,Pullback
860,sz300879,2025-04-29,operable_filtered,0.24796611979856328,0.3399255849631796,0.014574310911753652,22,0.5352112344985107,2.0,1.0,Pullback
861,sz300366,2025-04-29,operable_filtered,0.12716756951514313,0.3584126545118894,0.0041125984653523785,22,0.12569840661796716,2.0,1.0,Pullback
862,bj920856,2025-04-30,expired,0.1655405255196478,0.4451728988048764,-0.005418579879855438,22,-0.11976459527764505,2.0,1.0,Pullback
863,bj920533,2025-04-30,traded,0.34490502062901257,0.8059333677083681,-0.020535609773073928,22,-0.32338489920001046,0.0,2.0,Failure
864,sz300561,2025-04-30,filtered,0.11127712371833547,0.38313375728473364,0.005561286120580214,22,0.0541400739477218,2.0,1.0,Pullback
865,sz002915,2025-04-30,expired,0.23330617535974219,0.6815554975818167,-0.009716064218766985,22,-0.11852547267177971,0.0,2.0,Failure
866,bj920876,2025-04-30,expired,0.3115863413367338,0.6803977600375225,-0.012899807774788002,22,-0.07032970510924186,0.0,2.0,Failure
867,bj920026,2025-04-30,expired,0.18646408446793353,0.2588315467879456,-0.002828476994705481,22,-0.031367629433022626,2.0,1.0,Pullback
868,bj920425,2025-04-30,expired,0.21915199769555208,0.0783250491642643,-0.00262141551414119,22,0.006630537030730688,1.0,0.0,Smooth
869,bj920810,2025-04-30,breakout_support_filtered,0.20974733621900712,0.11036668212620893,-0.002723424150029249,22,0.016539960572368173,1.0,0.0,Smooth
870,bj920981,2025-04-30,breakout_support_filtered,0.10246917347849151,0.637528338164705,-0.004883850945222719,22,-0.05967077240455143,0.0,2.0,Failure
871,bj920346,2025-04-30,traded,0.2432000223795573,0.05574345439811634,-0.001678689142134193,22,0.0017313416157265227,1.0,0.0,Smooth
872,bj920706,2025-04-30,breakout_support_filtered,0.14929107556489096,0.045298496689632595,-0.0015617446878734298,22,-0.018858770981295847,1.0,0.0,Smooth
873,bj920454,2025-04-30,breakout_support_filtered,0.18066401065880083,0.06842958385213282,-0.0017647315315770479,22,0.04657009449057736,1.0,0.0,Smooth
874,bj920491,2025-04-30,breakout_support_filtered,0.09196780163301839,0.4088066329090283,-0.0032009989611613467,22,-0.028371095734367247,2.0,1.0,Pullback
875,bj920190,2025-04-30,expired,0.13465352069161593,0.3338935765160568,0.004346646526849033,22,0.022117369607043358,2.0,1.0,Pullback
876,sz301119,2025-04-30,expired,0.1947407124785283,0.07221744914685257,-0.002047678788293529,22,0.023752969982046457,1.0,0.0,Smooth
877,bj920249,2025-04-30,traded,0.13406208760305638,0.43484260913454276,-0.0038299701861765362,22,-0.06459626939201901,2.0,1.0,Pullback
878,bj920976,2025-04-30,traded,0.08203390089132018,0.3776390566930806,-0.0025725924171861006,22,-0.054400542675702046,2.0,1.0,Pullback
879,bj920179,2025-04-30,breakout_support_filtered,0.11111114459098922,0.3487316605735298,-0.0033042811903340116,22,-0.038387169974950064,2.0,1.0,Pullback
880,sz300472,2025-05-06,filtered,0.1358695627526435,0.3912975450493483,0.006549321796833337,22,0.029900303805469486,2.0,1.0,Pullback
881,bj920810,2025-05-06,breakout_support_filtered,0.20974733621900712,0.1423006105183784,-0.003087337432897141,22,0.06628785809182247,1.0,0.0,Smooth
882,bj920856,2025-05-06,expired,0.1655405255196478,0.3792530915640874,-0.004623325801572505,22,-0.09707356089458874,2.0,1.0,Pullback
883,bj920425,2025-05-06,traded,0.21915199769555208,0.11953785554802865,-0.0032467007771913936,22,0.031005256946679438,1.0,0.0,Smooth
884,sz300561,2025-05-06,filtered,0.11127712371833547,0.37224837094662855,0.005468049306047097,22,0.0629539718609895,2.0,1.0,Pullback
885,sz002915,2025-05-06,expired,0.23330617535974219,0.7508157495709028,-0.01061560461255312,22,-0.21086123791702316,0.0,2.0,Failure
886,bj920026,2025-05-06,expired,0.18646408446793353,0.11193323556141599,-0.0017850828908022695,22,0.03119815998141906,1.0,0.0,Smooth
887,bj920976,2025-05-06,traded,0.08203390089132018,0.2580748994476012,-0.001987374430145049,22,-0.018439732045931634,2.0,1.0,Pullback
888,sz301119,2025-05-06,operable_filtered,0.2035674784367542,0.38344366939507524,-0.004842559767638593,22,-0.09033247939295919,2.0,1.0,Pullback
889,sh603007,2025-05-06,operable_filtered,0.13103451791189397,0.5942934437008891,0.009318744836758448,22,0.21338910798236332,0.0,2.0,Failure
890,sz002231,2025-05-06,operable_filtered,,,,0,,,,
891,bj920199,2025-05-06,operable_filtered,0.28039113550653466,0.30316940924212954,-0.004630304363434704,22,-0.09969419427587778,2.0,1.0,Pullback
892,bj920663,2025-05-06,operable_filtered,0.154090059266896,0.6929333531511556,-0.005375430867892967,22,-0.0900685273766576,0.0,2.0,Failure
893,bj920305,2025-05-06,operable_filtered,0.17334249686170008,0.603626937160095,-0.0062439981919400955,22,-0.1396333182861733,0.0,2.0,Failure
894,sz002306,2025-05-06,operable_filtered,0.05405406624492354,0.7309686350882871,0.006619565802026509,22,0.145348834791591,0.0,2.0,Failure
895,bj920961,2025-05-06,operable_filtered,0.19748054719917618,0.026732526159087278,-0.0010982977952137523,22,0.07659365689539177,1.0,0.0,Smooth
896,bj920163,2025-05-06,operable_filtered,0.1750119311619028,0.036519482868319963,0.0017389789547083117,22,0.03586626901058354,1.0,0.0,Smooth
897,bj920876,2025-05-07,expired,0.3115863413367338,0.598268077586761,-0.011397294231393613,22,-0.10591266285275402,0.0,2.0,Failure
898,sz300472,2025-05-07,filtered,0.1440217287432834,0.32160289234559625,0.0058598016532992,22,0.036184254899580326,2.0,1.0,Pullback
899,bj920810,2025-05-07,breakout_support_filtered,0.20974733621900712,0.2533420952801023,-0.00390916224566908,22,-0.07082495782149933,2.0,1.0,Pullback
900,sz002076,2025-05-07,filtered,0.10047843424010348,0.034914427455844166,0.0014015814492969036,22,0.1325301403818675,1.0,0.0,Smooth
901,bj920642,2025-05-07,expired,0.23779983157275644,0.4061348875079379,-0.005631206532600342,22,-0.1749245853550463,2.0,1.0,Pullback
902,sz002200,2025-05-07,expired,0.137893591277556,0.49023093704764287,-0.004220609034816169,22,-0.13067551087848828,2.0,1.0,Pullback
903,bj920305,2025-05-07,filtered,0.17334249686170008,0.5554434253389718,-0.005311176016276461,22,-0.12107949254509798,2.0,1.0,Pullback
904,sz002915,2025-05-07,expired,0.23330617535974219,0.7249213056935255,-0.009954454680856546,22,-0.12074592356485137,0.0,2.0,Failure
905,sh688280,2025-05-07,expired,0.24898785522799333,0.32099413585436165,-0.00435510544639816,22,-0.1808988455825482,2.0,1.0,Pullback
906,bj920247,2025-05-07,breakout_support_filtered,0.4107859852008133,0.5997887650691197,-0.015005675023839902,22,-0.27703649987590184,0.0,2.0,Failure
907,bj920026,2025-05-07,operable_filtered,0.18646408446793353,0.0758103387441652,-0.001487894833288752,22,0.021782173730382492,1.0,0.0,Smooth
908,sz300652,2025-05-07,operable_filtered,0.26613338643064444,0.2644075408393487,-0.0070748816253523045,22,-0.21141358539043387,2.0,1.0,Pullback
909,sz002868,2025-05-07,operable_filtered,0.0843511804376506,0.6294356678253434,0.012538609741713082,22,0.2154471395004529,0.0,2.0,Failure
910,sz301119,2025-05-07,operable_filtered,0.21221038412766088,0.5660567304943797,-0.006572376408831785,22,-0.14532731797424348,2.0,1.0,Pullback
911,sz300879,2025-05-07,operable_filtered,0.26152542890128444,0.02027193193746446,0.002454400248151138,22,0.09943761492482794,1.0,0.0,Smooth
912,sz300047,2025-05-07,operable_filtered,0.1647727562129984,0.45570657345445464,-0.004512313607814882,22,-0.07891490672982471,2.0,1.0,Pullback
913,sh600592,2025-05-07,operable_filtered,0.21653936650941652,0.8500548392660772,-0.010796486198101139,22,-0.21034484074033544,0.0,2.0,Failure
914,bj920199,2025-05-07,operable_filtered,0.14585946489775434,0.07463703279887779,-0.0020873552650037147,22,-0.02300660424733425,1.0,0.0,Smooth
915,bj920641,2025-05-07,operable_filtered,0.10249603361633607,0.007993394614908778,-0.00045867910683712745,22,-0.03540313204087964,1.0,0.0,Smooth
916,sz300561,2025-05-08,filtered,0.10861428625516038,0.42039378647126124,0.005793931818912752,22,0.05590551565433888,2.0,1.0,Pullback
917,sz300472,2025-05-08,filtered,0.1440217287432834,0.28184663195957005,0.005434477549183717,22,0.03225811165403902,2.0,1.0,Pullback
918,bj920810,2025-05-08,filtered,0.20974733621900712,0.08154219285054953,-0.00214318700818621,22,-0.03961965170634785,1.0,0.0,Smooth
919,bj920876,2025-05-08,breakout_support_filtered,0.3115863413367338,0.5585895191826851,-0.01076345721634544,22,-0.16767981278223132,2.0,1.0,Pullback
920,bj920642,2025-05-08,expired,0.23779983157275644,0.3689495426082434,-0.0036909237434034742,22,-0.09946108289182087,2.0,1.0,Pullback
921,sh603007,2025-05-08,filtered,0.13103451791189397,0.5242261006933813,0.008168874757456639,22,0.09487666068493894,2.0,1.0,Pullback
922,bj920641,2025-05-08,expired,0.10106381359765128,0.027404590907256,0.0008010357129676858,22,0.04617176972517245,1.0,0.0,Smooth
923,bj920305,2025-05-08,filtered,0.1629370554285509,0.5390769397690192,-0.0049818090557466315,22,-0.12228057942762083,2.0,1.0,Pullback
924,sh688159,2025-05-08,expired,0.09006806457934736,0.5066191159484131,0.006908213943876656,22,0.13185806591501037,2.0,1.0,Pullback
925,bj920961,2025-05-08,breakout_support_filtered,0.19748054719917618,0.1236388652717334,-0.0022570807309827056,22,-0.07565507268481653,1.0,0.0,Smooth
926,bj920247,2025-05-08,traded,0.4107859852008133,0.6567901105239649,-0.017044536198427055,22,-0.26860719130889943,0.0,2.0,Failure
927,bj920834,2025-05-08,operable_filtered,0.23398861299594995,0.06637945681146606,-0.0015801475728524689,22,-0.03414634713667042,1.0,0.0,Smooth
928,bj920510,2025-05-08,operable_filtered,0.12406019161969821,0.5293644975783569,-0.004404862625477481,22,-0.06379449242401736,2.0,1.0,Pullback
929,sz000691,2025-05-08,operable_filtered,0.13321168184902832,0.40880955479799963,0.007648852442763968,22,0.24938264308116387,2.0,1.0,Pullback
930,sz301119,2025-05-08,operable_filtered,0.2361162173664686,0.6244557886394074,-0.007638985978201975,22,-0.10429046422221089,0.0,2.0,Failure
931,bj920199,2025-05-08,operable_filtered,0.1377454208986342,0.00019365523243508598,-9.914199723003488e-05,22,0.04536081366049638,1.0,0.0,Smooth
932,sh600592,2025-05-08,operable_filtered,0.23015609979075544,0.8445383383513849,-0.010569684172789678,22,-0.15698530654387455,0.0,2.0,Failure
933,sz300879,2025-05-08,operable_filtered,0.26627117092326535,0.000632303953172042,-0.00041785701060227654,22,0.142857230990314,1.0,0.0,Smooth
934,bj920876,2025-05-09,expired,0.2767079319206826,0.4898244462841599,-0.009635516690770184,22,-0.18501234527864674,2.0,1.0,Pullback
935,bj920810,2025-05-09,expired,0.20974733621900712,0.0020916253347742497,-0.0003144058168930355,22,-0.039775001823820766,1.0,0.0,Smooth
936,bj920961,2025-05-09,filtered,0.185408058551514,0.08576392702120172,-0.0018066395222153964,22,-0.11043440544192995,1.0,0.0,Smooth
937,sz002259,2025-05-09,expired,0.1386363909756836,0.15252712542988445,0.002985256678060905,22,0.03731345673610176,1.0,0.0,Smooth
938,sz300472,2025-05-09,filtered,0.1440217287432834,0.2565758705313501,0.005167939982406435,22,0.042483698324135455,2.0,1.0,Pullback
939,bj920642,2025-05-09,expired,0.22203461841716154,0.3238430042648889,-0.003234408599678699,22,-0.13623459053536413,2.0,1.0,Pullback
940,bj920247,2025-05-09,filtered,0.4208261566105004,0.7341461876187118,-0.019176821809896008,22,-0.2868823297399734,0.0,2.0,Failure
941,bj920284,2025-05-09,breakout_support_filtered,0.21064815964595726,0.22685173417063798,0.004125138781506125,22,0.06762072765860161,1.0,0.0,Smooth
942,sh603610,2025-05-09,operable_filtered,0.22387098496960056,0.448757485062516,-0.005297597208203086,22,-0.1362668598652429,2.0,1.0,Pullback
943,sz002977,2025-05-09,operable_filtered,0.21959180248026944,0.5323809888520863,-0.007986616494699344,22,-0.13256547185428758,2.0,1.0,Pullback
944,sh603657,2025-05-09,operable_filtered,0.2661017078464314,0.16636041407145208,0.0073552561196042416,22,0.15461256365600007,1.0,0.0,Smooth
945,sz300344,2025-05-09,operable_filtered,,,,0,,,,
946,bj920199,2025-05-09,operable_filtered,0.1377454208986342,0.018408985320566673,0.0010254663277667428,22,0.04240997198617724,1.0,0.0,Smooth
947,bj920169,2025-05-09,operable_filtered,0.3094688188137701,0.25433124321202205,-0.00792099551348409,22,-0.06741566893398276,2.0,1.0,Pullback
948,sz300581,2025-05-09,operable_filtered,0.28912470305820326,0.6773039950303321,-0.011328709530952226,22,-0.26135102175697655,0.0,2.0,Failure
949,bj920223,2025-05-09,operable_filtered,0.10708658874821984,0.4528755420167849,-0.0035197337340784262,22,-0.08959999084472658,2.0,1.0,Pullback
950,sz002200,2025-05-09,operable_filtered,0.12430636336789917,0.47924174609801995,-0.003965459347051384,22,-0.12097670642602887,2.0,1.0,Pullback
951,sh600592,2025-05-09,operable_filtered,0.23015609979075544,0.8640496377668444,-0.01088402987771013,22,-0.17811157744285933,0.0,2.0,Failure
952,sz000691,2025-05-09,operable_filtered,0.13321168184902832,0.3092614944309955,0.005864882320046468,22,0.15999995960908775,2.0,1.0,Pullback
953,sh603398,2025-05-12,filtered,0.17777777415508325,0.46431293313154354,-0.005966502326723649,22,-0.14727271686900745,2.0,1.0,Pullback
954,bj920425,2025-05-12,filtered,0.21915199769555208,0.294195874056555,-0.004360771898303947,22,-0.050843038216934255,2.0,1.0,Pullback
955,bj920876,2025-05-12,expired,0.2767079319206826,0.37427351498580985,-0.00765753031876688,22,-0.09864395172201978,2.0,1.0,Pullback
956,bj920810,2025-05-12,expired,0.14525580367223812,0.036788364281166164,0.0012045839096469638,22,0.025730490394050065,1.0,0.0,Smooth
957,sh603389,2025-05-12,expired,0.0942788147203667,0.805858520823993,0.017423347680540702,22,0.658536670464694,0.0,2.0,Failure
958,bj920284,2025-05-12,filtered,0.21064815964595726,0.3106399423561804,0.005053688486588152,22,0.06284920330898358,2.0,1.0,Pullback
959,sz000691,2025-05-12,expired,0.13321168184902832,0.15961395064979989,0.0038677810448141765,22,0.13317183986861925,1.0,0.0,Smooth
960,bj920961,2025-05-12,expired,0.1404762225536703,0.01830890036404853,-0.0006990016172510989,22,-0.041394367379436026,1.0,0.0,Smooth
961,bj920510,2025-05-12,traded,0.12894737804459624,0.5526746866035966,-0.004161092585750134,22,-0.06288535517646032,2.0,1.0,Pullback
962,bj920008,2025-05-12,traded,0.19020602571416934,0.6385937198523213,-0.005625111846303715,22,-0.16332319186180178,0.0,2.0,Failure
963,bj920363,2025-05-12,traded,0.30441178141168196,0.020318978600306403,-0.0019453681612970138,22,-0.08890702546808216,1.0,0.0,Smooth
964,bj920026,2025-05-12,operable_filtered,0.18646408446793353,0.011578348260286142,0.0005146281233503842,22,0.023104490803699473,1.0,0.0,Smooth
965,sz002693,2025-05-12,operable_filtered,0.1428570851897605,0.3616015943492621,0.008196238804931479,22,0.13768112987461456,2.0,1.0,Pullback
966,sz002076,2025-05-12,operable_filtered,0.10047843424010348,0.23228933752552094,-0.002213905489892077,22,0.016129016752173708,1.0,0.0,Smooth
967,sz300581,2025-05-12,operable_filtered,0.2933687307551309,0.6582581417005477,-0.009547816003971418,22,-0.19975708229150058,0.0,2.0,Failure
968,sz302132,2025-05-12,operable_filtered,0.2016402376523083,0.4592606611122849,-0.005035187708604626,22,-0.10863195426765071,2.0,1.0,Pullback
969,bj920221,2025-05-12,operable_filtered,0.20427237618382732,0.38045644642958965,-0.007785586935401607,22,-0.138268127404498,2.0,1.0,Pullback
970,bj920146,2025-05-12,operable_filtered,0.10740739138201623,0.0003766195209518042,0.00012158093481297177,22,0.11634902872051822,1.0,0.0,Smooth
971,bj920262,2025-05-13,expired,0.21746879762350932,0.009687523261707742,-0.0007999816673744918,22,-0.05842033432883986,1.0,0.0,Smooth
972,bj920425,2025-05-13,filtered,0.1302732827358779,0.11582272444811903,-0.0023508623244739525,22,-0.04769653288486009,1.0,0.0,Smooth
973,bj920169,2025-05-13,expired,0.30091187050472,0.032180994824591136,-0.002884157957754218,22,0.007820418215545466,1.0,0.0,Smooth
974,sh603398,2025-05-13,filtered,0.20000001630212533,0.5071541760804981,-0.006970064194809586,22,-0.14722752927693528,2.0,1.0,Pullback
975,bj920810,2025-05-13,expired,0.14525580367223812,0.02217379975717515,0.0009462757024789461,22,-0.06255316227040397,1.0,0.0,Smooth
976,bj920284,2025-05-13,traded,0.21064815964595726,0.37671890201606995,0.005578764975980478,22,0.03922267755774822,2.0,1.0,Pullback
977,bj920363,2025-05-13,traded,0.23493730584262623,0.009050953674368811,0.0013385261200183015,22,0.0888129768117063,1.0,0.0,Smooth
978,bj920770,2025-05-13,traded,0.09434908984247341,0.09600343298805825,-0.0015216327714425112,22,-0.09247965785577572,1.0,0.0,Smooth
979,bj920876,2025-05-13,operable_filtered,0.2767079319206826,0.34747339754879514,-0.007223296211775314,22,-0.1791505626212283,2.0,1.0,Pullback
980,bj920454,2025-05-13,operable_filtered,0.11190558589939469,0.21354732680337285,0.00838915058484016,22,0.267806322920767,1.0,0.0,Smooth
981,sz002816,2025-05-13,operable_filtered,0.1022504940303442,0.3181904685515271,0.00551978634559704,22,0.19921356242348254,2.0,1.0,Pullback
982,bj920339,2025-05-13,operable_filtered,0.13582087661460981,0.1265845767557393,-0.0018096470435088508,22,-0.10434119372568007,1.0,0.0,Smooth
983,bj920571,2025-05-13,operable_filtered,0.3510362221450965,0.07744840315558377,-0.004773017909031366,22,-0.014574923045820976,1.0,0.0,Smooth
984,sz300344,2025-05-13,operable_filtered,,,,0,,,,
985,bj920261,2025-05-13,operable_filtered,0.17000538745976573,0.0003706684682228678,0.00014870643409585908,22,0.04331206113137487,1.0,0.0,Smooth
986,bj920167,2025-05-13,operable_filtered,0.09458844681016972,0.4067129087280664,-0.0031268515026628137,22,-0.1240275031811694,2.0,1.0,Pullback
987,sz300581,2025-05-13,score_filtered,0.2291667149574649,0.32656629016936,-0.0064431490306485805,22,0.001265791382780046,2.0,1.0,Pullback
988,bj920026,2025-05-13,score_filtered,0.073608055526823,0.026497927824557732,0.000770294669271783,22,-0.05196849192221331,1.0,0.0,Smooth
989,bj920262,2025-05-14,expired,0.21746879762350932,0.014943239803097086,0.0009094870204793009,22,-0.06566482158782128,1.0,0.0,Smooth
990,bj920169,2025-05-14,expired,0.2918048613445226,0.015398616296060874,0.0020066931502150877,22,0.06968636768752168,1.0,0.0,Smooth
991,bj920876,2025-05-14,traded,0.2767079319206826,0.23517982200059984,-0.0054917358171558475,22,-0.17560977470584027,1.0,0.0,Smooth
992,bj920425,2025-05-14,traded,0.1302732827358779,0.01760678500267865,-0.0008450331712428958,22,-0.06488652218080893,1.0,0.0,Smooth
993,bj920163,2025-05-14,traded,0.14778325678569837,0.1408126029162633,0.0031139681985767557,22,0.04336039045957696,1.0,0.0,Smooth
994,sz301396,2025-05-14,expired,0.4149999985328087,0.6842907488583645,-0.023457987993444607,22,-0.3903553376948168,0.0,2.0,Failure
995,bj920247,2025-05-14,traded,0.4234079165362637,0.8437871130699182,-0.022487106346580656,22,-0.28637661998787023,0.0,2.0,Failure
996,sh603398,2025-05-14,filtered,0.2461538599479522,0.6061687226049457,-0.008551252521532594,22,-0.15384610446952318,0.0,2.0,Failure
997,bj920077,2025-05-14,filtered,0.2051136665969834,0.5108441931317016,-0.005448840360663153,22,-0.10154247010099327,2.0,1.0,Pullback
998,bj920171,2025-05-14,traded,0.14534535325758544,0.461753370420949,0.00699304802151102,22,0.1610364641396873,2.0,1.0,Pullback
999,bj920706,2025-05-14,operable_filtered,0.213928242647839,0.7283617637285253,-0.007703572094193585,22,-0.2210174869989292,0.0,2.0,Failure
1000,bj920271,2025-05-14,operable_filtered,0.10160154283315166,0.018621753041230815,0.0007471873641400354,22,0.014664423891408651,1.0,0.0,Smooth
1001,bj920363,2025-05-14,operable_filtered,0.2010135205885717,0.06351274434534049,0.0036520185148968868,22,0.07266428792581525,1.0,0.0,Smooth
1002,bj920026,2025-05-14,operable_filtered,0.06359300322678502,0.128068149415285,0.0015636859795400344,22,0.007641180708353845,1.0,0.0,Smooth
1003,bj920770,2025-05-14,operable_filtered,0.09434908984247341,0.029155312384828824,-0.0007275541560071544,22,-0.03770574016725314,1.0,0.0,Smooth
1004,sz002076,2025-05-14,operable_filtered,0.11483248812612686,0.5535643622176234,-0.003782279458161488,22,-0.10731703147229987,2.0,1.0,Pullback
1005,bj920957,2025-05-14,operable_filtered,0.1994818435226932,0.030668121587667185,0.0012521288199934832,22,-0.05141533316621538,1.0,0.0,Smooth
1006,bj920169,2025-05-15,expired,0.2918048613445226,0.1291300631496426,0.006070432955341737,22,0.04188477597291995,1.0,0.0,Smooth
1007,bj920876,2025-05-15,traded,0.2767079319206826,0.09572572652167277,-0.0028194900750252694,22,-0.14899997711181645,1.0,0.0,Smooth
1008,bj920519,2025-05-15,expired,0.17745663758456004,0.17703136058583535,0.0032950945665706803,22,-0.03696496057094789,1.0,0.0,Smooth
1009,bj920706,2025-05-15,traded,0.19863597737718577,0.777167250097478,-0.006692793829963983,22,-0.174843892192436,0.0,2.0,Failure
1010,sz002693,2025-05-15,filtered,0.19788358976744777,0.010381394408562783,-0.001020902783147634,22,0.04957505771519499,1.0,0.0,Smooth
1011,bj920957,2025-05-15,operable_filtered,0.13202244542250238,0.1069422446447228,0.0021602893153114607,22,-0.010018775500113208,1.0,0.0,Smooth
1012,bj920077,2025-05-15,operable_filtered,0.19551464852575876,0.5424512398113868,-0.005740625080715002,22,-0.026933660357575162,2.0,1.0,Pullback
1013,sz300946,2025-05-15,operable_filtered,0.47439382939024904,0.7301041963329618,-0.020114070446683275,22,-0.41162500381469724,0.0,2.0,Failure
1014,bj920571,2025-05-15,operable_filtered,0.3060941309599611,0.018567585698218925,0.002274432602611323,22,0.007745963024916147,1.0,0.0,Smooth
1015,bj920123,2025-05-15,operable_filtered,0.417544847409939,0.8005756541081924,-0.021819323620466527,22,-0.3591639851859729,0.0,2.0,Failure
1016,sh603398,2025-05-15,operable_filtered,0.2461538599479522,0.6839201039576714,-0.009433460624829554,22,-0.07600002288818364,0.0,2.0,Failure
1017,sh603332,2025-05-15,operable_filtered,0.2697674507318541,0.10854162633666498,0.005132679740281935,22,0.13478560602239176,1.0,0.0,Smooth
1018,bj920970,2025-05-15,operable_filtered,0.09227464429584042,0.2824600543260055,0.003441408460585621,22,0.04357799344086444,2.0,1.0,Pullback
1019,bj920304,2025-05-15,operable_filtered,0.1327536209769871,0.18734280495353983,-0.0024727547549948125,22,-0.06395694704730337,1.0,0.0,Smooth
1020,bj920275,2025-05-15,operable_filtered,0.21702719282868854,0.4109435093230709,-0.00434680669633572,22,-0.07214762174268619,2.0,1.0,Pullback
1021,sz002651,2025-05-15,operable_filtered,0.27196919368947775,0.6504844586101803,-0.01305778833174025,22,-0.18489766206439728,0.0,2.0,Failure
1022,bj920169,2025-05-16,filtered,0.25806451154883053,0.37739731045061875,0.012263148860446245,22,0.24732912595847578,2.0,1.0,Pullback
1023,bj920876,2025-05-16,traded,0.23048782348632812,0.0010056728007782345,0.0002234316719077823,22,-0.05112419208266539,1.0,0.0,Smooth
1024,sz002630,2025-05-16,filtered,0.11149823902535146,0.08510928182724187,0.0021564831307591716,22,-0.007968119921316186,1.0,0.0,Smooth
1025,bj920247,2025-05-16,traded,0.3484602874253792,0.821067210732205,-0.021234152903616795,22,-0.32275308215555243,0.0,2.0,Failure
1026,bj920010,2025-05-16,traded,0.15462608502363245,0.027540106427195066,0.0012503848832766315,22,0.0060120341337677186,1.0,0.0,Smooth
1027,bj920271,2025-05-16,expired,0.11711712743743027,0.010711070652830945,0.0005666963415728347,22,-0.041482301060002724,1.0,0.0,Smooth
1028,sz002717,2025-05-16,operable_filtered,0.22916668736272305,0.03641276363473345,-0.0021445799922206236,22,0.05263152757987033,1.0,0.0,Smooth
1029,sh600798,2025-05-16,operable_filtered,0.30258304092600014,0.0038562513846832625,-0.0007366610647747734,22,-0.14401623993285972,1.0,0.0,Smooth
1030,bj920123,2025-05-16,operable_filtered,0.4265129919021784,0.7856741504116092,-0.02080443134575373,22,-0.35714285261663836,0.0,2.0,Failure
1031,bj920429,2025-05-16,operable_filtered,0.2764705770155963,0.08648791422902913,-0.002879285728904175,22,-0.2023728580798133,1.0,0.0,Smooth
1032,bj920199,2025-05-16,operable_filtered,0.1377454208986342,0.509354716511508,0.013139144492178496,22,0.37657898376676413,2.0,1.0,Pullback
1033,bj920171,2025-05-16,operable_filtered,0.10979043804407092,0.5475868582748384,0.0078611317004324,22,0.03455087744315111,2.0,1.0,Pullback
1034,bj920895,2025-05-16,operable_filtered,0.1554371146769537,0.8176088927615006,0.02274939631977565,22,0.4774193450316899,0.0,2.0,Failure
1035,sh605198,2025-05-16,operable_filtered,0.2420112895678487,0.5247835059070352,-0.009436992660095475,22,-0.19972829352747345,2.0,1.0,Pullback
1036,bj920571,2025-05-16,operable_filtered,0.3060941309599611,0.13523506749291192,0.006129198079961216,22,-0.04237916006746478,1.0,0.0,Smooth
1037,bj920300,2025-05-16,operable_filtered,0.21937548609521443,0.3108003084204378,-0.0043530620452872475,22,-0.10482761777680494,2.0,1.0,Pullback
1038,sh603040,2025-05-16,operable_filtered,0.2402769108207526,0.8406617522001847,-0.006958168089795522,22,-0.18242046254890532,0.0,2.0,Failure
1039,bj920261,2025-05-16,operable_filtered,0.16137859147317113,0.01848607877315911,0.0009177035830586895,22,-0.0754716302118642,1.0,0.0,Smooth
1040,bj920169,2025-05-19,expired,0.1601123342669341,0.6315158984159743,0.017528287700618296,22,0.41821621964096645,0.0,2.0,Failure
1041,bj920077,2025-05-19,filtered,0.19132945733613724,0.7165130224442375,-0.006229648625840167,22,-0.13510103047398814,0.0,2.0,Failure
1042,sz002816,2025-05-19,expired,0.10763212844704965,0.07625788071909934,-0.0014025475369191275,22,-0.04476816559159702,1.0,0.0,Smooth
1043,bj920371,2025-05-19,traded,0.1915653606395494,0.27541532109583533,-0.003753131425932813,22,-0.21796760344451993,2.0,1.0,Pullback
1044,sz300344,2025-05-19,filtered,,,,0,,,,
1045,bj920300,2025-05-19,filtered,0.22337870400162974,0.34794215735612943,-0.0049437424610682375,22,-0.1322902273751283,2.0,1.0,Pullback
1046,bj920429,2025-05-19,filtered,0.2852941400864545,0.13174233486343512,-0.003918148750875127,22,-0.17651145943381708,1.0,0.0,Smooth
1047,sh605136,2025-05-19,expired,0.3478772985464113,0.391380459514696,-0.011080842614217705,22,-0.06047323309472252,2.0,1.0,Pullback
1048,bj920571,2025-05-19,expired,0.2292307340181791,0.419659582527913,0.010370535232185762,22,0.1521739412120251,2.0,1.0,Pullback
1049,bj920436,2025-05-19,operable_filtered,0.2662139201861728,0.5473234783230245,-0.008614067560852931,22,-0.153086396302475,2.0,1.0,Pullback
1050,bj920198,2025-05-19,operable_filtered,0.2041176627664005,0.007601975360041369,-0.0005738965883825313,22,-0.17234959230864288,1.0,0.0,Smooth
1051,sz300044,2025-05-19,operable_filtered,0.11340207325840763,0.13065032558016632,-0.001950719733564024,22,-0.06299212943338106,1.0,0.0,Smooth
1052,bj920305,2025-05-19,operable_filtered,0.305655001871509,0.7847931089751246,-0.014705911851091942,22,-0.3118279782544684,0.0,2.0,Failure
1053,sz300472,2025-05-19,operable_filtered,0.19565217813832542,0.5613319714291231,-0.0066384319241276635,22,-0.07911392190177136,2.0,1.0,Pullback
1054,sz002693,2025-05-19,operable_filtered,0.19788358976744777,0.45384149618670433,-0.006383585855875685,22,-0.05912596731900399,2.0,1.0,Pullback
1055,bj920405,2025-05-20,expired,0.11111115316024195,0.08603227933386604,-0.0012143184596341491,22,-0.10080820145300862,1.0,0.0,Smooth
1056,bj920271,2025-05-20,traded,0.14314308150793956,0.001931688608121651,0.0002482223314744292,22,-0.1204244250305252,1.0,0.0,Smooth
1057,bj920873,2025-05-20,traded,0.15374507960141426,0.19097276825946985,0.0029075411009296544,22,-0.013910305822137703,1.0,0.0,Smooth
1058,bj920169,2025-05-20,operable_filtered,0.12460315289781264,0.6996463260773884,0.019048921973504062,22,0.29212393062570263,0.0,2.0,Failure
1059,sz002868,2025-05-20,expired,0.13320616705490673,0.7284115495011669,-0.004619018402254594,22,-0.1103948350043511,0.0,2.0,Failure
1060,bj920427,2025-05-20,traded,0.17476297406740196,0.2388153085259065,-0.002480422373775989,22,-0.13021488657906521,1.0,0.0,Smooth
1061,bj920857,2025-05-20,traded,0.12458555149570101,0.026856956742766225,-0.0005909800795920275,22,-0.09639144338681771,1.0,0.0,Smooth
1062,bj920199,2025-05-20,traded,0.19671108623740788,0.7089199092523306,0.017181145046882382,22,0.1563036462267391,0.0,2.0,Failure
1063,bj920284,2025-05-20,traded,0.21064815964595726,0.14849173842865726,0.00286697697951092,22,-0.09905659415422818,1.0,0.0,Smooth
1064,bj920476,2025-05-20,expired,0.1419512120688834,0.0014591507140313542,0.0003181298519706742,22,-0.11081368634938782,1.0,0.0,Smooth
1065,bj920436,2025-05-20,traded,0.2811545151830776,0.5807691103849792,-0.009078649155456276,22,-0.23125002717270493,0.0,2.0,Failure
1066,sz002717,2025-05-20,filtered,0.24583338714307995,0.5316864881929307,-0.008073841180334173,22,-0.08465606763619771,2.0,1.0,Pullback
1067,bj920198,2025-05-20,operable_filtered,0.12903225806451613,0.0045246114748130895,0.0003330610118027652,22,-0.1052264939889278,1.0,0.0,Smooth
1068,sz300756,2025-05-20,operable_filtered,0.07111111393681278,0.5905099056074993,0.004281043457794561,22,0.041781609415761256,2.0,1.0,Pullback
1069,bj920128,2025-05-20,operable_filtered,0.22669216294067854,7.09159313427854e-06,-2.3388654952590643e-05,22,-0.0077777438693575895,1.0,0.0,Smooth
1070,bj920077,2025-05-20,operable_filtered,0.1953756826489259,0.719612327780868,-0.0062861152433467005,22,-0.09636964190818964,0.0,2.0,Failure
1071,sz002510,2025-05-21,expired,0.31397849638788167,0.5688445316607966,-0.0068060228187630046,22,-0.21871200656331913,2.0,1.0,Pullback
1072,bj920719,2025-05-21,expired,0.14404274676731557,0.6316217347458758,0.01877338448023537,22,0.5471956919491034,0.0,2.0,Failure
1073,sz300561,2025-05-21,filtered,0.22033898305084745,0.6174266706840139,-0.00806327250869833,22,-0.10588238286037066,0.0,2.0,Failure
1074,bj920284,2025-05-21,traded,0.11389724242321567,0.41033164752218865,0.004238296200356786,22,0.06544112975622252,2.0,1.0,Pullback
1075,sh600698,2025-05-21,expired,0.23913040394546206,0.33427376011085574,-0.0040312724936228455,22,-0.10566033910740158,2.0,1.0,Pullback
1076,sz002630,2025-05-21,filtered,0.11149823902535146,0.022847169746047502,-0.0010608115348030164,22,-0.026923052234761657,1.0,0.0,Smooth
1077,sz002717,2025-05-21,filtered,0.2625000372529015,0.7518040194890284,-0.010154801155674081,22,-0.11616162467569657,0.0,2.0,Failure
1078,bj920175,2025-05-21,traded,0.11538462869368,0.6676604376065709,0.007437119087730947,22,0.23867320751467602,0.0,2.0,Failure
1079,bj920174,2025-05-21,expired,0.22699996948242188,0.34134005334140194,-0.0039673359893174,22,-0.1249156991296474,2.0,1.0,Pullback
1080,sz002868,2025-05-21,expired,0.15267175127941593,0.74943404317136,-0.004988117129246402,22,-0.12027082374974862,0.0,2.0,Failure
1081,sz002693,2025-05-21,filtered,0.2190475911750509,0.7835833275646985,-0.009616957376281383,22,-0.14102564672568485,0.0,2.0,Failure
1082,bj920198,2025-05-21,operable_filtered,0.11780450633468927,0.0027353690550536713,0.0002619304292892555,22,-0.01938853332142365,1.0,0.0,Smooth
1083,bj920077,2025-05-21,operable_filtered,0.1953756826489259,0.7334912365664708,-0.006381147280831677,22,-0.052949058834673934,0.0,2.0,Failure
1084,bj920571,2025-05-21,operable_filtered,0.1573426552440049,0.6544966303330406,0.01575540719821968,22,0.3293578236906358,0.0,2.0,Failure
1085,bj920931,2025-05-21,operable_filtered,0.24521736476732336,0.00042022246427708687,-0.00018308504229869093,22,-0.13779524011379507,1.0,0.0,Smooth
1086,sz300945,2025-05-21,operable_filtered,0.2612882011936127,0.07434327672895857,0.00406203784556282,22,0.08260022530207145,1.0,0.0,Smooth
1087,sh600696,2025-05-21,operable_filtered,0.21686748787598464,0.6427638819125359,-0.008252842999640521,22,-0.129076123487605,0.0,2.0,Failure
1088,bj920931,2025-05-22,expired,0.20177781846788195,0.013611344149989102,0.0009450143683600086,22,-0.09044185017138695,1.0,0.0,Smooth
1089,sz002717,2025-05-22,filtered,0.2625000372529015,0.862408204925168,-0.011276710399727167,22,-0.1394230636971937,0.0,2.0,Failure
1090,bj920174,2025-05-22,expired,0.1312654513882488,0.20784101208781336,-0.002773541842069749,22,-0.008238433458120586,1.0,0.0,Smooth
1091,bj920719,2025-05-22,breakout_support_filtered,0.14302675053567065,0.6762932302664506,0.020414213851135735,22,0.3953489031143258,0.0,2.0,Failure
1092,sz002868,2025-05-22,expired,0.15267175127941593,0.739677174794878,-0.004856694479349211,22,-0.06015039690617541,0.0,2.0,Failure
1093,sh600770,2025-05-22,expired,0.27615062733680135,0.7389680412611592,-0.008797125316059862,22,-0.2256637407761376,0.0,2.0,Failure
1094,bj920436,2025-05-22,traded,0.28332197028981854,0.5354521198620441,-0.007779955725122303,22,-0.04533445468422426,2.0,1.0,Pullback
1095,bj920895,2025-05-22,expired,0.1736481121933543,0.7226036010644926,0.022440312236771138,22,0.38730856344580955,0.0,2.0,Failure
1096,bj920284,2025-05-22,traded,0.11389724242321567,0.44576975406963093,0.005290110303941645,22,0.20086866858432417,2.0,1.0,Pullback
1097,sz002040,2025-05-22,operable_filtered,0.23037034493905525,0.0038662057804845773,0.0006374052014689207,22,-0.0959119686649017,1.0,0.0,Smooth
1098,bj920392,2025-05-22,operable_filtered,0.3186206817626953,0.8131215679459742,-0.020736267599892784,22,-0.23645677732919246,0.0,2.0,Failure
1099,bj920580,2025-05-22,operable_filtered,0.08542374433097193,0.3383518195133456,0.003059626735795977,22,0.08439134320145247,2.0,1.0,Pullback
1100,bj920075,2025-05-22,operable_filtered,0.28208335240681964,0.1338246970638104,0.005631201319707401,22,0.05952381222696812,1.0,0.0,Smooth
1101,sz002811,2025-05-22,operable_filtered,0.32081685030655793,0.5981493766044839,-0.01172684864261413,22,-0.23550724312177962,0.0,2.0,Failure
1102,bj920405,2025-05-22,operable_filtered,0.0700583960486226,0.0005001133665759605,9.214056695734779e-05,22,0.03861338856581775,1.0,0.0,Smooth
1103,sz300765,2025-05-22,operable_filtered,0.15100301952171735,0.24805539610281735,0.006161879058278384,22,0.09206474926441732,1.0,0.0,Smooth
1104,bj920174,2025-05-23,expired,0.12457530713280106,0.15440260284633478,-0.002388623002966813,22,-0.017409957951901478,1.0,0.0,Smooth
1105,bj920931,2025-05-23,traded,0.204888916015625,0.04603281329953923,0.0016539798343476147,22,-0.03860789059472769,1.0,0.0,Smooth
1106,sz002717,2025-05-23,filtered,0.2625000372529015,0.8989216711941004,-0.01184522727763382,22,-0.19266057955617621,0.0,2.0,Failure
1107,bj920719,2025-05-23,expired,0.14302675053567065,0.7205160340911723,0.021514941241764184,22,0.3073424555161135,0.0,2.0,Failure
1108,bj920946,2025-05-23,expired,0.22925169586975325,0.8568885261149031,-0.009950447519102356,22,-0.13207547169811318,0.0,2.0,Failure
1109,bj920077,2025-05-23,operable_filtered,0.1953756826489259,0.6611226847689184,-0.005771252623227798,22,-0.10318947105368792,0.0,2.0,Failure
1110,bj920263,2025-05-23,operable_filtered,0.28268734672827617,0.6041150303718781,-0.008689133904912452,22,-0.2139785168970063,0.0,2.0,Failure
1111,sz002651,2025-05-23,operable_filtered,0.24863763598953711,0.4124596990844246,-0.005918423693707296,22,-0.1994177450335709,2.0,1.0,Pullback
1112,sz300920,2025-05-23,operable_filtered,0.14944578120999008,0.6520233125791608,0.013515061021263873,22,0.20165458054603036,0.0,2.0,Failure
1113,bj920670,2025-05-23,operable_filtered,0.14025498252870897,0.49597904116128666,-0.004104814817853312,22,-0.032573289092786784,2.0,1.0,Pullback
1114,sz000695,2025-05-23,operable_filtered,0.27966575177691566,0.29730443633555115,-0.007434099535967201,22,-0.07585749538952569,2.0,1.0,Pullback
1115,sh605136,2025-05-23,operable_filtered,0.3755895799379302,0.9048810297621532,-0.019701264079112674,22,-0.2786206870243467,0.0,2.0,Failure
1116,bj920392,2025-05-23,score_filtered,0.2962962862332561,0.7694213742621266,-0.019668071470289986,22,-0.25125449192572824,0.0,2.0,Failure
1117,sz300204,2025-05-23,score_filtered,0.18354581004806253,0.6556142711791126,0.028866024932419517,22,0.9641619098712684,0.0,2.0,Failure
1118,sz002259,2025-05-23,score_filtered,0.1284210807398746,0.18846371429617548,-0.001989908813439802,22,0.012284941471463195,1.0,0.0,Smooth
1119,sh688336,2025-05-23,score_filtered,0.20500876191745745,0.0740833625302243,-0.0025953091861783983,22,0.06695375971709705,1.0,0.0,Smooth
1120,sh600770,2025-05-23,score_filtered,0.218373469641738,0.7996503055194433,-0.006669468361793805,22,-0.13911618429763561,0.0,2.0,Failure
1121,bj920190,2025-05-23,score_filtered,0.1997524601491622,0.6953805850888389,-0.007299924303256193,22,-0.15893708321873623,0.0,2.0,Failure
1122,bj920719,2025-05-26,expired,0.14302675053567065,0.7530613587001075,0.022355328225170116,22,0.24372318192473563,0.0,2.0,Failure
1123,sz002650,2025-05-26,filtered,0.21800945109373682,0.5540646393161047,-0.008309269497921549,22,-0.11387433256059498,2.0,1.0,Pullback
1124,bj920169,2025-05-26,expired,0.2202921413546392,0.710311975185441,0.01939297324370882,22,0.274203783681636,0.0,2.0,Failure
1125,bj920946,2025-05-26,expired,0.22925169586975325,0.8580024770046001,-0.009965912264968515,22,-0.1866096789656465,0.0,2.0,Failure
1126,sh605136,2025-05-26,expired,0.3755895799379302,0.9023128840695982,-0.019617519658281866,22,-0.3010610069510715,0.0,2.0,Failure
1127,bj920436,2025-05-26,traded,0.28332197028981854,0.4905144275409111,-0.007138773784097155,22,-0.10831964554110529,2.0,1.0,Pullback
1128,bj920263,2025-05-26,operable_filtered,0.28268734672827617,0.5445736177540874,-0.0062593129843318196,22,-0.1394117579740637,2.0,1.0,Pullback
1129,sz300344,2025-05-26,operable_filtered,,,,0,,,,
1130,bj920300,2025-05-26,operable_filtered,0.18653760917326462,0.7455198612976837,-0.006491461382556575,22,-0.12175930655869194,0.0,2.0,Failure
1131,sz301317,2025-05-26,operable_filtered,0.16183502083320808,0.692533313615116,-0.005707351882978407,22,-0.09820898255305499,0.0,2.0,Failure
1132,sz300561,2025-05-26,operable_filtered,0.22033898305084745,0.5739069838737569,-0.007890888187970313,22,-0.07482521917669627,2.0,1.0,Pullback
1133,sz300472,2025-05-26,operable_filtered,0.22826090688854106,0.8149512781881614,-0.009700498676571051,22,-0.10682489831482633,0.0,2.0,Failure
1134,bj920198,2025-05-26,operable_filtered,0.11780450633468927,0.0022343647982806525,-0.00023305810555098033,22,0.011078258416017395,1.0,0.0,Smooth
1135,sz002289,2025-05-26,score_filtered,0.17118156782295232,0.30503353922609666,0.006372025588876993,22,0.04803484201073793,2.0,1.0,Pullback
1136,sz002693,2025-05-26,score_filtered,0.2190475911750509,0.8743176990556809,-0.010570826974352465,22,-0.17241376566852995,0.0,2.0,Failure
1137,bj920810,2025-05-26,score_filtered,0.14466690263643603,0.18780910910024218,-0.0031833558524625946,22,0.007508205134768797,1.0,0.0,Smooth
1138,bj920946,2025-05-27,traded,0.21754141699674248,0.8031241076990242,-0.00878432665248264,22,-0.14044123143473142,0.0,2.0,Failure
1139,bj920719,2025-05-27,expired,0.1544715888407701,0.7873876720083542,0.02303526358051409,22,0.2726073380928502,0.0,2.0,Failure
1140,bj920571,2025-05-27,expired,0.2630331635740235,0.6479640559372613,0.015494534022138066,22,0.219367617799747,0.0,2.0,Failure
1141,bj920895,2025-05-27,expired,0.3012185749607254,0.36221860191530986,0.013443737649410393,22,0.0804810541409402,2.0,1.0,Pullback
1142,bj920169,2025-05-27,operable_filtered,0.2202921413546392,0.6907217130145755,0.018975375755798326,22,0.3311688468304539,0.0,2.0,Failure
1143,sz002898,2025-05-27,operable_filtered,0.19284712172936863,0.007365378406462786,0.0007722692977927917,22,-0.0016935188021205416,1.0,0.0,Smooth
1144,sh605136,2025-05-27,operable_filtered,0.3755895799379302,0.879554257856366,-0.018630497220585154,22,-0.3145266120280966,0.0,2.0,Failure
1145,bj920263,2025-05-27,operable_filtered,0.22371360369539214,0.43646676287437947,-0.004718416776616245,22,-0.11700841913813842,2.0,1.0,Pullback
1146,sz002365,2025-05-27,operable_filtered,0.16768166063705447,0.6598489198336659,0.018050163258483336,22,0.08607393063213631,0.0,2.0,Failure
1147,sh603389,2025-05-27,score_filtered,0.0942788147203667,0.8969516560702318,0.02687639198420356,22,0.576371283024292,0.0,2.0,Failure
1148,sz002868,2025-05-27,score_filtered,0.15267175127941593,0.5035542391351158,-0.003620618622401429,22,-0.033726123653850526,2.0,1.0,Pullback
1149,sh603192,2025-05-27,score_filtered,0.3227742707253401,0.4614391210784218,-0.00635890175533699,22,-0.21825094819887536,2.0,1.0,Pullback
1150,sz002717,2025-05-27,score_filtered,0.2625000372529015,0.813430238308564,-0.00963707773669458,22,-0.1697248223152784,0.0,2.0,Failure
1151,sz301316,2025-05-27,score_filtered,0.18670441230732754,0.27725767819199687,-0.0033014135843585117,22,-0.07255381583992326,2.0,1.0,Pullback
1152,sz002259,2025-05-27,score_filtered,0.1410526476408306,0.2553308567970448,-0.0019951760246387715,22,-0.06896545298270418,2.0,1.0,Pullback
1153,bj920895,2025-05-28,expired,0.32635185149003076,0.2536915869884042,0.011064045762546373,22,0.11824866266153955,2.0,1.0,Pullback
1154,bj920719,2025-05-28,expired,0.20162605345150625,0.7721546930110321,0.02266987352844037,22,0.31287925917189696,0.0,2.0,Failure
1155,bj920436,2025-05-28,operable_filtered,0.2718750045531327,0.28941922540407716,-0.004455418094611333,22,-0.17350745339201323,2.0,1.0,Pullback
1156,sz002898,2025-05-28,operable_filtered,0.19284712172936863,0.004173783284136312,-0.0005953852523627044,22,0.019607781472250396,1.0,0.0,Smooth
1157,sh688455,2025-05-28,operable_filtered,0.3611111135639771,0.6665132579736881,-0.011074909578838872,22,-0.29402912797897607,0.0,2.0,Failure
1158,sz300472,2025-05-28,operable_filtered,0.22826090688854106,0.6548734826730257,-0.007748037134343219,22,-0.13068182972713938,0.0,2.0,Failure
1159,sz300945,2025-05-28,operable_filtered,0.2848605472988569,0.23558932136877953,-0.0072820492143528355,22,0.012317539088682494,1.0,0.0,Smooth
1160,sz002365,2025-05-28,operable_filtered,0.14689973307438478,0.7593496888511866,0.019588414749539203,22,0.20658547171605024,0.0,2.0,Failure
1161,sz002366,2025-05-28,score_filtered,0.1529125955149992,0.35674956021715176,0.006821768830937877,22,-0.0036407443937489514,2.0,1.0,Pullback
1162,sz000638,2025-05-28,score_filtered,,,,0,,,,
1163,sh603333,2025-05-28,score_filtered,0.262795287046587,0.8166412431695361,-0.013530677168443014,22,-0.24899598489709274,0.0,2.0,Failure
1164,sh603332,2025-05-28,score_filtered,0.2525534031029745,0.0352097166508929,-0.0021563079132567017,22,-0.14497353578948036,1.0,0.0,Smooth
1165,bj920075,2025-05-28,score_filtered,0.28208335240681964,0.053770574179505704,0.0035227937908487257,22,0.06676387657329852,1.0,0.0,Smooth
1166,bj920576,2025-05-28,score_filtered,0.2023474000150797,0.5245696383535803,-0.00593967455278512,22,-0.13145538755513264,2.0,1.0,Pullback
1167,sh601579,2025-05-28,score_filtered,0.26811053476769553,0.860208881592174,-0.012081763873532245,22,-0.24725900668747425,0.0,2.0,Failure
1168,sh688648,2025-05-28,score_filtered,0.3326333758185471,0.7651870417358673,-0.015583767194244966,22,-0.31118580816819785,0.0,2.0,Failure
1169,sz300205,2025-05-28,score_filtered,0.0813953784944677,0.19597347057772307,0.0028530762672675956,22,0.04225347856046224,1.0,0.0,Smooth
1170,bj920370,2025-05-29,expired,0.21034486670839814,0.08770325451647132,-0.0012018174030420678,22,-0.04391222694173602,1.0,0.0,Smooth
1171,bj920571,2025-05-29,traded,0.2630331635740235,0.5948426282988784,0.014415239021670162,22,0.2999007496808459,0.0,2.0,Failure
1172,bj920436,2025-05-29,traded,0.19221879611324066,0.1405234205043001,-0.0018560467056251068,22,-0.021126741053825282,1.0,0.0,Smooth
1173,sz300804,2025-05-29,operable_filtered,0.20828344890170594,0.32467263293376614,0.012356244205434278,22,0.25775146484375,2.0,1.0,Pullback
1174,sh605388,2025-05-29,operable_filtered,0.3460292062369372,0.5509573081261641,-0.0145627111330855,22,-0.06363640994079744,2.0,1.0,Pullback
1175,sh603398,2025-05-29,operable_filtered,0.18484288876243743,0.12616492817432612,0.003364165568108833,22,0.06476193382626483,1.0,0.0,Smooth
1176,sz002366,2025-05-29,operable_filtered,0.1291391279185617,0.6135941496622341,0.009037701929907934,22,0.12533696706379094,0.0,2.0,Failure
1177,sz301316,2025-05-29,operable_filtered,0.10595291890853564,0.00013525403131176006,-6.0316454330172825e-05,22,0.042057197172081784,1.0,0.0,Smooth
1178,sh603577,2025-05-29,operable_filtered,0.30248829653962306,0.6038647032713601,-0.009676138006432498,22,-0.19843340107824126,0.0,2.0,Failure
1179,sz300204,2025-05-29,score_filtered,0.19582851597054116,0.5310128537798368,0.011775229046264704,22,0.6226415094339623,2.0,1.0,Pullback
1180,sh688648,2025-05-29,score_filtered,0.3152830179788286,0.749203714851032,-0.014428420111009947,22,-0.29992558074006825,0.0,2.0,Failure
1181,bj920579,2025-05-29,score_filtered,0.1656959961786376,0.578730860540603,-0.00473446692577557,22,-0.075139155649674,2.0,1.0,Pullback
1182,sh605136,2025-05-29,score_filtered,0.34264433573123315,0.8188834380775277,-0.014178142647860964,22,-0.2356687825007716,0.0,2.0,Failure
1183,sz002471,2025-05-29,score_filtered,0.29765398221593214,0.6379603922396434,-0.010533768305404192,22,-0.10091738222865476,0.0,2.0,Failure
1184,sh688136,2025-05-29,score_filtered,0.3944366466075634,0.8295537808131779,-0.02058436795826955,22,-0.1769417068912732,0.0,2.0,Failure
1185,sz301316,2025-05-30,operable_filtered,0.10316401421399686,0.004384661141383472,-0.00035028923068704466,22,-0.04152663342709528,1.0,0.0,Smooth
1186,bj920047,2025-05-30,operable_filtered,0.24704089686021583,0.31159625798357404,-0.006154000256549622,22,-0.11977490525544332,2.0,1.0,Pullback
1187,bj920475,2025-05-30,operable_filtered,0.17938514115380313,0.18309125739129772,0.0050673112208853704,22,0.044755200481452206,1.0,0.0,Smooth
1188,sz002630,2025-05-30,operable_filtered,0.11149823902535146,0.13392265400333514,-0.002281977964685144,22,0.03296700129689234,1.0,0.0,Smooth
1189,sz002907,2025-05-30,operable_filtered,0.28074044465852027,0.6802042862807323,-0.009781402800039564,22,-0.24096937611038516,0.0,2.0,Failure
1190,sz000903,2025-05-30,operable_filtered,0.2379182495503284,0.07337690382713413,-0.001954654062600344,22,-0.07786887408392063,1.0,0.0,Smooth
1191,sz301209,2025-05-30,operable_filtered,0.2065778340866487,0.004423501554576603,-0.0007099825607216196,22,-0.037174707045848465,1.0,0.0,Smooth
1192,sh603390,2025-05-30,operable_filtered,0.327748696536944,0.30906636940504995,-0.005457782038999114,22,-0.19329740988661837,2.0,1.0,Pullback
1193,sh600358,2025-05-30,score_filtered,0.22469136863560765,0.0004869288723606813,-0.0002851053682931323,22,0.14233580421414405,1.0,0.0,Smooth
1194,bj920394,2025-05-30,score_filtered,0.059619993178698275,0.6499958394001213,0.005406926453562288,22,0.12686215111719212,0.0,2.0,Failure
1195,sz300204,2025-05-30,score_filtered,0.19582851597054116,0.5231606813096212,0.01071191153624237,22,0.2839623525358561,2.0,1.0,Pullback
1196,sh688136,2025-05-30,score_filtered,0.3944366466075634,0.7138123034531423,-0.01864311367157848,22,-0.24023972341374433,0.0,2.0,Failure
1197,sh688799,2025-05-30,score_filtered,0.24788784200529504,0.6971012774116211,-0.01283017010943738,22,-0.22164302704142358,0.0,2.0,Failure
1198,sh603389,2025-05-30,score_filtered,0.0942788147203667,0.9602310364832843,0.03214121347584866,20,0.6890612566963588,0.0,2.0,Failure
1199,bj920174,2025-05-30,score_filtered,0.12457530713280106,0.1733744267793239,-0.0025746701280219527,22,-0.029360934185787557,1.0,0.0,Smooth
1200,sz002537,2025-06-03,expired,0.16218424209864926,0.6799254244622386,0.015492541283471604,22,0.18021209986958597,0.0,2.0,Failure
1201,bj920047,2025-06-03,expired,0.23028888886076423,0.17944852674985556,-0.0042186239590191275,22,-0.08249578654052392,1.0,0.0,Smooth
1202,sz000638,2025-06-03,operable_filtered,,,,0,,,,
1203,sz300804,2025-06-03,expired,0.24940187164296074,0.05477674229013041,0.00453184770948702,22,0.28788665472377994,1.0,0.0,Smooth
1204,sz002630,2025-06-03,operable_filtered,0.11149823902535146,0.03541322722408935,-0.0012198013758904743,22,-0.017421586867605088,1.0,0.0,Smooth
1205,sh600358,2025-06-03,operable_filtered,0.22469136863560765,0.06887623614458571,-0.003010641514841005,22,0.09913046463676123,1.0,0.0,Smooth
1206,bj920429,2025-06-03,operable_filtered,0.28780040741942975,0.759733458509421,-0.012636355028282267,22,-0.22524269159857357,0.0,2.0,Failure
1207,sh603056,2025-06-03,operable_filtered,,,,0,,,,
1208,bj920363,2025-06-03,operable_filtered,0.16396393647065033,0.11980108484662477,0.0026249118940078328,22,0.07188937378318627,1.0,0.0,Smooth
1209,sz003010,2025-06-03,score_filtered,0.3776969678474195,0.10936798119382363,-0.0053762689187015185,22,-0.25350332342439896,1.0,0.0,Smooth
1210,sz301024,2025-06-03,score_filtered,0.29358144947340736,0.05676021301638079,0.004427638094619832,22,0.04805189111136743,1.0,0.0,Smooth
1211,bj920132,2025-06-03,score_filtered,0.14093459655191296,0.31791748594231495,-0.003773272089294548,22,-0.06882127446573572,2.0,1.0,Pullback
1212,sz300468,2025-06-03,score_filtered,0.12035220929206532,0.8594877183706069,0.030920175858744747,22,0.648829401095361,0.0,2.0,Failure
1213,sz300204,2025-06-03,score_filtered,0.19582851597054116,0.5716346337510785,0.012586102021004155,22,0.4498213076420068,2.0,1.0,Pullback
1214,sh688799,2025-06-03,score_filtered,0.23913440851972617,0.5327381142061249,-0.010350274536001968,22,-0.050448704227627705,2.0,1.0,Pullback
1215,bj920576,2025-06-03,score_filtered,0.16593033524108763,0.21410913304029655,-0.003332525649491872,22,-0.04262126397968635,1.0,0.0,Smooth
1216,sh603390,2025-06-03,score_filtered,0.19999995246482932,0.18340018364714383,-0.0031100229702941125,22,-0.10512485896178458,1.0,0.0,Smooth
1217,sz002898,2025-06-03,score_filtered,0.19284712172936863,0.15832524417710214,-0.0035368213270454644,22,-0.11239415426265997,1.0,0.0,Smooth
1218,sz000565,2025-06-04,expired,0.16339869222846262,0.12426235667520213,-0.0020230037518429544,22,-0.0843495844344847,1.0,0.0,Smooth
1219,bj920895,2025-06-04,expired,0.32635185149003076,0.0069164289712857485,-0.0015487983623060208,22,0.09333328973679311,1.0,0.0,Smooth
1220,sz002289,2025-06-04,operable_filtered,0.1422549484041079,0.2523796566565413,0.0055155416425923245,22,0.13018603062181477,1.0,0.0,Smooth
1221,sh600468,2025-06-04,operable_filtered,0.26168223790024486,0.39315543604736947,-0.008933371317829987,22,-0.0110649963340258,2.0,1.0,Pullback
1222,bj920077,2025-06-04,operable_filtered,0.09610386875954835,0.013388562446391972,-0.0004488242972009681,22,-0.06720430055840576,1.0,0.0,Smooth
1223,bj920047,2025-06-04,operable_filtered,0.23028888886076423,0.04621970880554305,-0.0020658581282648556,22,0.006986893016480256,1.0,0.0,Smooth
1224,sz003010,2025-06-04,operable_filtered,0.3776969678474195,0.029906276371760687,-0.0022752510619137045,22,-0.2156541015511223,1.0,0.0,Smooth
1225,sz002250,2025-06-04,score_filtered,0.2937379120701185,0.5964330378418645,-0.011078852234769754,22,-0.0960735627861471,0.0,2.0,Failure
1226,bj920273,2025-06-04,score_filtered,0.20459204165605724,0.29282294614256876,-0.004590244783076232,22,-0.13129102625454914,2.0,1.0,Pullback
1227,sz301335,2025-06-04,score_filtered,0.20999292442440148,0.5306342629395503,-0.007175802914564607,22,-0.14605298005449852,2.0,1.0,Pullback
1228,sz002630,2025-06-04,score_filtered,0.10211266571036189,0.0003569484161544123,0.00011397906377039345,22,-0.010830314655719264,1.0,0.0,Smooth
1229,bj920419,2025-06-04,score_filtered,0.16558206612335044,0.41841660648955026,-0.005171995158603522,22,-0.11221755023682978,2.0,1.0,Pullback
1230,bj920017,2025-06-04,score_filtered,0.2182081231551846,0.012834629204555359,0.0012495410300240226,22,0.24472998122462952,1.0,0.0,Smooth
1231,bj920735,2025-06-04,score_filtered,0.24348011494551103,0.6022146324792166,-0.007163233240084412,22,-0.10047841742030394,0.0,2.0,Failure
1232,bj920344,2025-06-04,score_filtered,0.1668975012081086,0.1511422745565385,-0.002362687433309835,22,0.05749484996294574,1.0,0.0,Smooth
1233,sz002076,2025-06-04,score_filtered,0.07653065941225443,0.012527576347309832,0.0006089694593593644,22,0.0864864673294059,1.0,0.0,Smooth
1234,bj920145,2025-06-04,score_filtered,0.18325194572128256,0.814525922043713,-0.00941017594460654,22,-0.1025048080619324,0.0,2.0,Failure
1235,bj920982,2025-06-04,score_filtered,0.37138460599459133,0.44807554192147425,-0.016090735355410623,22,-0.23478609224644498,2.0,1.0,Pullback
1236,bj920748,2025-06-05,expired,0.2988245241678646,0.11593223746211301,-0.005281381435472176,22,0.12868806784476106,1.0,0.0,Smooth
1237,sh600358,2025-06-05,expired,0.2419753608244267,0.5162276104828767,-0.007620061227518816,22,-0.031545785692238204,2.0,1.0,Pullback
1238,bj920047,2025-06-05,operable_filtered,0.23028888886076423,0.0007908789646571268,-0.0002747324830558372,22,0.03503330120867543,1.0,0.0,Smooth
1239,sz300804,2025-06-05,operable_filtered,0.24940187164296074,0.09335234142910032,-0.004310503157071605,22,0.07111112402860442,1.0,0.0,Smooth
1240,sz300946,2025-06-05,score_filtered,0.3542203375641363,0.6190072773630687,-0.017149180599661647,22,-0.28814646820355383,0.0,2.0,Failure
1241,sz300530,2025-06-05,score_filtered,0.33629629347059464,0.7715893219884606,-0.014167187104769679,22,-0.2417319589134852,0.0,2.0,Failure
1242,sz300546,2025-06-05,score_filtered,0.22767075565552475,0.0553617699109874,0.003081129346563432,22,0.2053056557323012,1.0,0.0,Smooth
1243,sz300651,2025-06-05,score_filtered,0.3101630909980991,0.7059806855565527,-0.012673228333256957,22,-0.1134374737739563,0.0,2.0,Failure
1244,bj920429,2025-06-05,score_filtered,0.2116616336534212,0.6928209031287049,-0.010592103720643394,22,-0.17967653004198114,0.0,2.0,Failure
1245,sz301287,2025-06-05,score_filtered,0.3137859967904738,0.5030308453390587,-0.010428722516506091,22,0.03135803599416476,2.0,1.0,Pullback
1246,sz300945,2025-06-05,score_filtered,0.25721235664886344,0.5998327920994917,-0.010078682809569106,22,-0.0604751465053871,0.0,2.0,Failure
1247,sz301209,2025-06-05,score_filtered,0.11478598396710413,0.5965843484446999,0.006106492367676,22,0.13990754312404796,0.0,2.0,Failure
1248,sh603093,2025-06-05,score_filtered,0.22347823433254077,0.002772742222787894,0.0006188425482395944,22,0.1235954735117859,1.0,0.0,Smooth
1249,sz300368,2025-06-05,score_filtered,0.27072637586760395,0.0338850445452904,0.0024374588319993062,22,0.06588452174523773,1.0,0.0,Smooth
1250,sh603123,2025-06-05,score_filtered,0.1990553218631579,0.5368289572235228,0.012641526337152958,22,0.14919669536883484,2.0,1.0,Pullback
1251,sz301005,2025-06-05,score_filtered,0.3098184942159101,0.36579635773592456,-0.007890524755756394,22,-0.2246059997304325,2.0,1.0,Pullback
1252,sz301225,2025-06-05,score_filtered,0.194674775826175,0.6730027716223702,-0.00746426418586796,22,-0.1336904431356487,0.0,2.0,Failure
1253,sh603076,2025-06-05,score_filtered,0.2660975572539539,0.6445815192119491,-0.009409266671125962,22,-0.18304174603256096,0.0,2.0,Failure
1254,sh688336,2025-06-05,score_filtered,0.21476412251687815,0.6885662587788078,-0.007313356435254742,22,-0.15662650602409633,0.0,2.0,Failure
1255,bj920748,2025-06-06,expired,0.2988245241678646,0.38244766898829297,-0.00885516633774083,22,-0.14170303380443883,2.0,1.0,Pullback
1256,sz000889,2025-06-06,expired,0.1958525606374236,0.003118875982431324,0.00040492694559654405,22,-0.027777811225950688,1.0,0.0,Smooth
1257,bj920396,2025-06-06,expired,0.2637046058193979,0.307825213945781,-0.006709697315510792,22,-0.224554458467087,2.0,1.0,Pullback
1258,bj920305,2025-06-06,filtered,0.28182542582818865,0.2715058617283005,0.014444192268834475,22,0.3211618111454213,2.0,1.0,Pullback
1259,sz300530,2025-06-06,operable_filtered,0.3503703364619502,0.7538240021022048,-0.013651032589723206,22,-0.31528348655987215,0.0,2.0,Failure
1260,bj920493,2025-06-06,operable_filtered,0.17528033769399978,0.2942802677659,-0.0030820154636650274,22,-0.09636359937263261,2.0,1.0,Pullback
1261,sz301209,2025-06-06,operable_filtered,0.11478598396710413,0.5699174445000229,0.005828610263451383,22,0.1203265656200867,2.0,1.0,Pullback
1262,sz300963,2025-06-06,operable_filtered,0.17090237402734879,0.01073550424133829,-0.0007235520103884895,22,0.03175244944433531,1.0,0.0,Smooth
1263,sh603226,2025-06-06,operable_filtered,0.079795034023693,0.47915524658093744,0.007234191683828506,22,0.05657232326162309,2.0,1.0,Pullback
1264,sz300651,2025-06-06,operable_filtered,0.3101630909980991,0.7570813465181809,-0.013588065053289525,22,-0.2878048888910024,0.0,2.0,Failure
1265,sz300804,2025-06-06,operable_filtered,0.24940187164296074,0.32889786529913034,-0.007737619148270309,22,-0.11992943819332713,2.0,1.0,Pullback
1266,sh688183,2025-06-06,operable_filtered,0.06930693069306931,0.7548349717220786,0.010215922589325587,22,0.23606403477199334,0.0,2.0,Failure
1267,sh603093,2025-06-06,operable_filtered,0.22347823433254077,0.00021684742157301873,-0.0001680452227775727,22,0.015077888197639888,1.0,0.0,Smooth
1268,sz301316,2025-06-06,operable_filtered,0.11888885498046875,0.005882363086417652,-0.00038354307111553953,22,-0.07456850682567417,1.0,0.0,Smooth
1269,sz300255,2025-06-06,score_filtered,0.2395130967924038,0.5593573574080921,-0.009026742711657581,22,-0.22211556269787047,2.0,1.0,Pullback
1270,bj920207,2025-06-06,score_filtered,0.16388059018263176,0.07895503268940451,-0.0016452013759634821,22,-0.08829175331648931,1.0,0.0,Smooth
1271,bj920748,2025-06-09,expired,0.3039802261960421,0.42468620372786126,-0.00964391102540984,22,-0.05464721045554077,2.0,1.0,Pullback
1272,sh600358,2025-06-09,expired,0.2419753608244267,0.7963810299240557,-0.00994933202648525,22,-0.1344777698373133,0.0,2.0,Failure
1273,bj920017,2025-06-09,expired,0.2182081231551846,0.0022382389321059515,-0.0003779018835850526,22,-0.006421298029094857,1.0,0.0,Smooth
1274,bj920396,2025-06-09,expired,0.2637046058193979,0.21709421247780913,-0.004406626923626191,22,-0.21396487627974026,1.0,0.0,Smooth
1275,sh603226,2025-06-09,expired,0.079795034023693,0.5463679609343137,0.007883755349142858,22,0.19963030576103913,2.0,1.0,Pullback
1276,sz300255,2025-06-09,operable_filtered,0.32291496582460527,0.6115458478416435,-0.010434381559312934,22,-0.1982160525029366,0.0,2.0,Failure
1277,sz300804,2025-06-09,operable_filtered,0.2497009215619954,0.42261731579264206,-0.009348544501498308,22,-0.05840703038599637,2.0,1.0,Pullback
1278,sz002882,2025-06-09,operable_filtered,0.1660810905234012,0.703569633754711,0.018416482793977965,22,0.1820084088270073,0.0,2.0,Failure
1279,bj920895,2025-06-09,operable_filtered,0.34310739338731094,0.5171588571424502,-0.0118893944312898,22,-0.21025992944521477,2.0,1.0,Pullback
1280,sz300530,2025-06-09,operable_filtered,0.3503703364619502,0.7762275630360138,-0.011744832214839213,22,-0.27919741989498026,0.0,2.0,Failure
1281,sz300651,2025-06-09,operable_filtered,0.34253446007146165,0.7520381126589342,-0.012722523802996998,22,-0.24698972205140424,0.0,2.0,Failure
1282,bj920719,2025-06-09,operable_filtered,0.24593500205660251,0.06481303397740323,0.003944835087386557,22,0.09170848476607119,1.0,0.0,Smooth
1283,sh603093,2025-06-09,operable_filtered,0.22347823433254077,0.011498020519690844,0.0012906116354267213,22,0.14342625357117322,1.0,0.0,Smooth
1284,bj920174,2025-06-09,operable_filtered,0.12457530713280106,0.025946436778964244,-0.0008820110361557726,22,-0.05117371791691727,1.0,0.0,Smooth
1285,sz002199,2025-06-09,operable_filtered,0.11826819999768379,0.026270345493994207,0.0012952787679090334,22,0.11826545066718674,1.0,0.0,Smooth
1286,sz300584,2025-06-09,score_filtered,0.21647056538790943,0.21015837402234372,-0.0040970639251208885,22,-0.16370953178855696,1.0,0.0,Smooth
1287,bj920505,2025-06-09,score_filtered,0.2885375739267196,0.009928552636701005,0.0013058470634134433,22,0.08169928305508378,1.0,0.0,Smooth
1288,bj920748,2025-06-10,expired,0.30604247553940517,0.6231570629417618,-0.011982716086611429,22,-0.1534211008172286,0.0,2.0,Failure
1289,sz002199,2025-06-10,expired,0.11826819999768379,0.0002918138589880215,-0.0001183495800300329,22,0.07759698414513427,1.0,0.0,Smooth
1290,bj920505,2025-06-10,expired,0.2885375739267196,0.0023109513095540546,0.0006098616160054446,22,-0.08667756415664474,1.0,0.0,Smooth
1291,bj920719,2025-06-10,breakout_support_filtered,0.2829268651989128,0.0008905328964869952,0.00043517629827970406,22,0.02662726468029275,1.0,0.0,Smooth
1292,sz002882,2025-06-10,expired,0.15972563710210846,0.6733639590168004,0.017880976962739183,22,0.2687761860501914,0.0,2.0,Failure
1293,bj920090,2025-06-10,operable_filtered,0.2505399863135037,0.646810133272383,0.021204768556935098,22,0.2911877081975798,0.0,2.0,Failure
1294,sz002250,2025-06-10,operable_filtered,0.30639952443277185,0.7878731166423796,-0.012192849134149471,22,-0.20195192507613646,0.0,2.0,Failure
1295,sz300255,2025-06-10,operable_filtered,0.32291496582460527,0.6800777803443958,-0.011633757220787494,22,-0.1766567841731792,0.0,2.0,Failure
1296,sz300368,2025-06-10,operable_filtered,0.20859878596352424,0.18245424587577674,0.005933833705349648,22,-0.11937716819621669,1.0,0.0,Smooth
1297,sz301287,2025-06-10,operable_filtered,0.29777155151611623,0.39394136323016193,-0.0068368689547233545,22,-0.16742355580386026,2.0,1.0,Pullback
1298,bj920403,2025-06-10,operable_filtered,0.3784810319731507,0.14966249940900422,-0.006902331379693804,22,-0.3361702101756242,1.0,0.0,Smooth
1299,bj920344,2025-06-10,operable_filtered,0.1668975012081086,0.16557981178397096,-0.002094307500464277,22,-0.09757011627482481,1.0,0.0,Smooth
1300,sz300651,2025-06-10,operable_filtered,0.30906667073567706,0.7491449987724486,-0.012605951152639617,22,-0.2343184708539756,0.0,2.0,Failure
1301,sz301141,2025-06-10,operable_filtered,0.1986455779056687,0.0011793726985123154,-0.00034106672558981464,22,-0.014692421094063546,1.0,0.0,Smooth
1302,sz300530,2025-06-10,operable_filtered,0.29603774255750276,0.7881138848769162,-0.010377265868997048,22,-0.20675996342870318,0.0,2.0,Failure
1303,sz301209,2025-06-10,score_filtered,0.08025249236630587,0.5499230940734389,0.0054403883114262225,22,0.017974339101668235,2.0,1.0,Pullback
1304,bj920748,2025-06-11,expired,0.30604247553940517,0.6635142592230303,-0.012578043829263431,22,-0.2242216428045246,0.0,2.0,Failure
1305,bj920061,2025-06-11,filtered,0.1890268098978335,0.12043050960385993,-0.002681495201811038,22,-0.0035437395792866644,1.0,0.0,Smooth
1306,bj920719,2025-06-11,traded,0.2829268651989128,0.018342538702464828,-0.0019071091939747366,22,0.03610310219037949,1.0,0.0,Smooth
1307,bj920505,2025-06-11,expired,0.2885375739267196,0.10938438770149539,0.004197926886831146,22,0.01961536896534466,1.0,0.0,Smooth
1308,bj920895,2025-06-11,expired,0.34310739338731094,0.47269440495607407,-0.011074798128353009,22,-0.15694639364600582,2.0,1.0,Pullback
1309,bj920090,2025-06-11,expired,0.2505399863135037,0.6400527048783495,0.020991706684863793,22,0.39949429941467796,0.0,2.0,Failure
1310,bj920527,2025-06-11,operable_filtered,0.24955119094230624,0.2784524962551683,-0.004913469506934669,22,-0.20052177324134168,2.0,1.0,Pullback
1311,bj920454,2025-06-11,operable_filtered,0.292456152972501,0.34386850707574435,-0.006007677084447721,22,-0.22102425579066143,2.0,1.0,Pullback
1312,bj920403,2025-06-11,operable_filtered,0.3453333536783854,0.0437889438159027,-0.002635501543942949,22,-0.3113076829293502,1.0,0.0,Smooth
1313,sz002250,2025-06-11,operable_filtered,0.25574912743786726,0.7740741911964538,-0.011880304880922088,22,-0.1724941947761618,0.0,2.0,Failure
1314,sz300804,2025-06-11,operable_filtered,0.29500592909385537,0.7097387285740241,-0.013567069663777779,22,-0.2432078096032727,0.0,2.0,Failure
1315,sz300920,2025-06-11,operable_filtered,0.22899531414141863,0.3497420194238392,-0.004808164509007712,22,-0.05672262678138751,2.0,1.0,Pullback
1316,bj920017,2025-06-11,operable_filtered,0.2182081231551846,0.026514296862412468,0.0013039964870234988,22,-0.061568615483302724,1.0,0.0,Smooth
1317,sz301141,2025-06-11,operable_filtered,0.1986455779056687,0.062098206040229975,0.0028931887128288117,22,0.09584627435698012,1.0,0.0,Smooth
1318,sz300651,2025-06-11,score_filtered,0.3194666544596354,0.7468510220806059,-0.012534662512761618,22,-0.28332866168808934,0.0,2.0,Failure
1319,sh600232,2025-06-11,score_filtered,0.3159041393203855,0.46306507145100784,-0.01094280985573504,22,-0.23649457481809777,2.0,1.0,Pullback
1320,sh600250,2025-06-11,score_filtered,0.25773195538429766,0.269360280061853,0.008047900985991226,22,0.013494356185167256,2.0,1.0,Pullback
1321,sz301225,2025-06-11,score_filtered,0.20034920048706908,0.5131805892107508,-0.006613238847439918,22,-0.06376449643439852,2.0,1.0,Pullback
1322,bj920748,2025-06-12,expired,0.32903694119977533,0.6491153214931991,-0.012110023305708907,22,-0.2526415973630901,0.0,2.0,Failure
1323,bj920075,2025-06-12,traded,0.31333335240681964,0.5983552173470983,-0.008980447421732325,22,-0.22188089455012083,0.0,2.0,Failure
1324,bj920527,2025-06-12,traded,0.24738929513819108,0.1617517771989393,-0.0023200964003716905,22,-0.12871690206172348,1.0,0.0,Smooth
1325,bj920505,2025-06-12,expired,0.2885375739267196,0.3027016291715434,0.006737865097503981,22,0.0133606459075708,2.0,1.0,Pullback
1326,bj920781,2025-06-12,filtered,0.20375001430511475,0.5002604424993873,-0.005463144171605756,22,-0.0660919591416328,2.0,1.0,Pullback
1327,bj920454,2025-06-12,expired,0.203301095251178,0.19847799079914008,-0.0030794003340055753,22,-0.0584269320027212,1.0,0.0,Smooth
1328,sz300804,2025-06-12,expired,0.2988935210033658,0.7250278177567991,-0.013993739931186355,22,-0.20044884604086832,0.0,2.0,Failure
1329,bj920061,2025-06-12,operable_filtered,0.1890268098978335,0.03169797443163658,-0.0013033804365308228,22,-0.06865926564141611,1.0,0.0,Smooth
1330,bj920090,2025-06-12,operable_filtered,0.2505399863135037,0.5894801759733623,0.019676237474906547,22,0.40463218055678984,0.0,2.0,Failure
1331,sz300237,2025-06-12,operable_filtered,0.28014183707606827,0.03189092476849964,0.0011156991837048915,22,-0.06410250532086104,1.0,0.0,Smooth
1332,sz002199,2025-06-12,operable_filtered,0.11826819999768379,0.00027109009007741935,-0.0001129194552931637,22,0.151629017345579,1.0,0.0,Smooth
1333,sh600250,2025-06-12,operable_filtered,0.25773195538429766,0.5629562816142052,0.01154637395988948,22,0.09865824723543581,2.0,1.0,Pullback
1334,bj920017,2025-06-12,operable_filtered,0.2182081231551846,0.183268261373714,0.0030717051549724243,22,0.0012743746019605595,1.0,0.0,Smooth
1335,bj920199,2025-06-12,operable_filtered,0.26561202941414225,0.001893617408187609,0.0004643167106570789,22,0.11287755646873787,1.0,0.0,Smooth
1336,sz300844,2025-06-12,operable_filtered,0.15039063766016605,0.2979860407681433,-0.002209721946827896,22,-0.0704135649497698,2.0,1.0,Pullback
1337,bj920719,2025-06-12,score_filtered,0.2829268651989128,0.07688090939013892,-0.003831249216467052,22,0.12693505837963226,1.0,0.0,Smooth
1338,bj920047,2025-06-12,score_filtered,0.1529210166790587,0.5873180842459629,0.0067210472520180115,22,0.08643741259693516,2.0,1.0,Pullback
1339,bj920807,2025-06-13,expired,0.23783494354290044,0.15597915520040584,0.006519054070468411,22,0.06705537283439456,1.0,0.0,Smooth
1340,bj920781,2025-06-13,filtered,0.20375001430511475,0.5257493944481321,-0.005696678580139177,22,-0.10298294155696819,2.0,1.0,Pullback
1341,bj920061,2025-06-13,expired,0.14880205041172753,0.006357562289536101,0.0005242907434497168,22,-0.04659338311834649,1.0,0.0,Smooth
1342,bj920527,2025-06-13,traded,0.12111021803849652,0.017532335058979553,-0.0004645032666960693,22,-0.03127787675783111,1.0,0.0,Smooth
1343,bj920505,2025-06-13,expired,0.16434539713432694,0.4844683077935178,0.00862613238092703,22,0.05909797973685538,2.0,1.0,Pullback
1344,bj920075,2025-06-13,operable_filtered,0.27047368610361017,0.5074553598799387,-0.007057676362066769,22,-0.20903433561670093,2.0,1.0,Pullback
1345,bj920592,2025-06-13,operable_filtered,0.37280404693844227,0.7173789051368391,-0.01852177779212176,22,-0.3428225560938388,0.0,2.0,Failure
1346,sz300689,2025-06-13,operable_filtered,0.28055167662874525,0.7474979222213751,-0.007174655477160994,22,-0.21890738998215542,0.0,2.0,Failure
1347,sz002190,2025-06-13,operable_filtered,0.1573302066456481,0.07964648473282265,-0.0013886637196280735,22,-0.06253330979135585,1.0,0.0,Smooth
1348,bj920363,2025-06-13,operable_filtered,0.19171170071438626,0.452278512888465,-0.004868379186581805,22,-0.10887092494567518,2.0,1.0,Pullback
1349,bj920204,2025-06-13,operable_filtered,0.21497583301050568,0.7160739119702226,-0.008067815670688098,22,-0.1570939872305589,0.0,2.0,Failure
1350,sh600980,2025-06-13,operable_filtered,0.26915460175248046,0.0977082434623443,-0.0031404547764513086,22,-0.21620691233667833,1.0,0.0,Smooth
1351,bj920017,2025-06-13,score_filtered,0.1787476631360329,0.13721746693515657,0.0027332781608213155,22,-0.11762279964148459,1.0,0.0,Smooth
1352,bj920454,2025-06-13,score_filtered,0.16848732983524514,0.12852157530003172,-0.0023017537505329723,22,-0.08730867176683577,1.0,0.0,Smooth
1353,sh600353,2025-06-13,score_filtered,0.176715186195819,0.3910316814356197,0.007315598811424106,22,0.030626802446161117,2.0,1.0,Pullback
1354,bj920019,2025-06-13,score_filtered,0.13831366685787178,0.27784580224593736,0.003106647739007206,22,-0.015040684288448514,2.0,1.0,Pullback
1355,bj920169,2025-06-13,score_filtered,0.2202921413546392,0.029087288968224878,-0.0014889519600563054,22,-0.020546221447239388,1.0,0.0,Smooth
1356,sz002199,2025-06-13,score_filtered,0.11826819999768379,0.026007345554639794,-0.001005955402958069,22,0.0525059157964769,1.0,0.0,Smooth
1357,sz002365,2025-06-13,score_filtered,0.25015554327509454,0.01706069861237325,-0.0013030965162898994,22,-0.14787431100994997,1.0,0.0,Smooth
1358,bj920592,2025-06-16,expired,0.3777093662084853,0.68484887044918,-0.01650333312907193,22,-0.3148410623055089,0.0,2.0,Failure
1359,bj920807,2025-06-16,expired,0.23616440655433968,0.3839600275376899,0.011204008627720337,22,0.17127406766869724,2.0,1.0,Pullback
1360,bj920088,2025-06-16,expired,0.4458008311652753,0.7597981370567068,-0.01955328085709083,22,-0.3773144060720053,0.0,2.0,Failure
1361,bj920748,2025-06-16,expired,0.3235644164449712,0.654906690292256,-0.009758601866548637,22,-0.2780326844023986,0.0,2.0,Failure
1362,bj920061,2025-06-16,traded,0.1335045240561379,0.15644260468475357,0.0024357676657553624,22,0.002726715545529057,1.0,0.0,Smooth
1363,bj920227,2025-06-16,filtered,0.24508013161710923,0.35881960616531205,-0.00575798503204225,22,-0.12100632385637777,2.0,1.0,Pullback
1364,bj920075,2025-06-16,traded,0.21523811703636533,0.47893164679246814,-0.004667660024467952,22,-0.12377769680244732,2.0,1.0,Pullback
1365,bj920781,2025-06-16,traded,0.18397440827261097,0.5416959656187896,-0.005880329502150626,22,-0.16711408287698848,2.0,1.0,Pullback
1366,sz300804,2025-06-16,expired,0.3129485249703545,0.7625789218968899,-0.014630500112076126,22,-0.2342799297853253,0.0,2.0,Failure
1367,sz300561,2025-06-16,operable_filtered,0.221052604809142,0.11823620524370648,-0.003939721571447002,22,-0.041666686145309106,1.0,0.0,Smooth
1368,bj920522,2025-06-16,operable_filtered,0.1413918978342999,0.11081126703021404,-0.0017629424601631573,22,-0.06794352894270894,1.0,0.0,Smooth
1369,bj920204,2025-06-16,operable_filtered,0.22360247220819243,0.7054872819479192,-0.007846223129353784,22,-0.14524920163200117,0.0,2.0,Failure
1370,bj920719,2025-06-16,operable_filtered,0.28333337856178936,0.5737891493226736,-0.009949279765568317,22,-0.08271481032905104,2.0,1.0,Pullback
1371,sz300164,2025-06-16,operable_filtered,0.35972061672862404,0.690467352695125,-0.015403534780354743,22,-0.2230113892284924,0.0,2.0,Failure
1372,bj920527,2025-06-16,operable_filtered,0.071523793602002,0.005196834334402656,0.0002252374291417505,22,-0.00509262075967043,1.0,0.0,Smooth
1373,bj920171,2025-06-16,operable_filtered,0.20857839413396786,0.017684481930406948,0.0010871962429759054,22,-0.047905944893885555,1.0,0.0,Smooth
1374,bj920454,2025-06-16,score_filtered,0.16848732983524514,0.013036095199644882,-0.0006947020064911265,22,0.05471425875929148,1.0,0.0,Smooth
1375,bj920169,2025-06-16,score_filtered,0.2202921413546392,0.0732814437485646,-0.0023724027716314797,22,-0.004522620819755407,1.0,0.0,Smooth
1376,sz300204,2025-06-16,score_filtered,0.19582851597054116,0.5302920585918851,0.011024021086618659,22,0.1692307478898054,2.0,1.0,Pullback
1377,bj920088,2025-06-17,expired,0.4463891664614095,0.7341055601634905,-0.01722748763301968,22,-0.3175209210351433,0.0,2.0,Failure
1378,bj920227,2025-06-17,filtered,0.24508013161710923,0.3481746888525141,-0.005630204896144464,22,-0.007017543859649145,2.0,1.0,Pullback
1379,bj920807,2025-06-17,expired,0.11772155619607326,0.6022510686601186,0.014772702948419836,22,0.2988103229872683,0.0,2.0,Failure
1380,bj920199,2025-06-17,traded,0.26561202941414225,0.09016139429732661,-0.002255174905252381,22,-0.1034225744173457,1.0,0.0,Smooth
1381,bj920781,2025-06-17,traded,0.19551282795850244,0.5053533775288246,-0.005091094621459347,22,-0.16599998474121092,2.0,1.0,Pullback
1382,sh603398,2025-06-17,filtered,0.17045450323165554,0.12365324669789668,0.0030708309430573784,22,0.053608295668932326,1.0,0.0,Smooth
1383,bj920592,2025-06-17,expired,0.35615465342999336,0.6365936013498479,-0.014600505779434662,22,-0.25217994769139274,0.0,2.0,Failure
1384,bj920719,2025-06-17,expired,0.28333337856178936,0.7077876024624752,-0.011293693969747179,22,-0.08899184166966001,0.0,2.0,Failure
1385,bj920001,2025-06-17,operable_filtered,0.2232978421233548,0.621168038406106,-0.006213791665396317,22,-0.12996781340681007,0.0,2.0,Failure
1386,sz002199,2025-06-17,operable_filtered,0.11826819999768379,0.013683359532668637,-0.0007348189708642294,22,-0.009740276495374789,1.0,0.0,Smooth
1387,bj920305,2025-06-17,score_filtered,0.16238094511486234,0.8741441937592287,0.03999684720919244,22,0.7349273110815271,0.0,2.0,Failure
1388,bj920454,2025-06-17,score_filtered,0.16848732983524514,0.0007840657102559101,-0.00017557430824940832,22,0.033669977141175256,1.0,0.0,Smooth
1389,bj920010,2025-06-17,score_filtered,0.24818332766139645,0.703147737125007,-0.00854659630717892,22,-0.11620185599201593,0.0,2.0,Failure
1390,sz002828,2025-06-17,score_filtered,0.3056500952603164,0.6318633838504762,-0.011102147460927705,22,-0.24125097923816263,0.0,2.0,Failure
1391,sz300164,2025-06-17,score_filtered,0.36088478770699395,0.6722735095571228,-0.014985842363598815,22,-0.2608108486895838,0.0,2.0,Failure
1392,sh603226,2025-06-17,score_filtered,0.079795034023693,0.3184204190555049,0.0052013848451558245,22,0.10647735230911026,2.0,1.0,Pullback
1393,sz300157,2025-06-17,score_filtered,0.2542372383236609,0.5856677428318249,-0.008238693574154889,22,-0.13571424374774943,0.0,2.0,Failure
1394,bj920284,2025-06-17,score_filtered,0.17239438983756053,0.09435312644120519,-0.0022008131930212277,22,0.013365297654889474,1.0,0.0,Smooth
1395,bj920088,2025-06-18,expired,0.4463891664614095,0.6747680882498764,-0.015059865997456892,22,-0.34284268733695056,0.0,2.0,Failure
1396,sh603398,2025-06-18,filtered,0.17370125346248808,0.022483065155054827,0.0012922459031207251,22,-0.033464582450214664,1.0,0.0,Smooth
1397,bj920199,2025-06-18,expired,0.1984559831238628,0.028572939231389483,-0.0011087107962808706,22,-0.08110912297846495,1.0,0.0,Smooth
1398,bj920001,2025-06-18,expired,0.15246478809389985,0.5669295627405315,-0.005336145819536042,22,-0.06601944710444474,2.0,1.0,Pullback
1399,bj920204,2025-06-18,traded,0.22912351602942924,0.6655063527285856,-0.006019802903836445,22,-0.16666666666666663,0.0,2.0,Failure
1400,bj920719,2025-06-18,expired,0.28333337856178936,0.7521525845156158,-0.01170759036435489,22,-0.10102487642493796,0.0,2.0,Failure
1401,bj920090,2025-06-18,expired,0.26997839505473537,0.171667561111003,0.007866848364927707,22,0.21166040321810087,1.0,0.0,Smooth
1402,bj920821,2025-06-18,expired,0.19771865636405112,0.43934078580138325,-0.0038507595542194802,22,-0.12373166421331172,2.0,1.0,Pullback
1403,bj920807,2025-06-18,operable_filtered,0.10529521994991439,0.6756650681639089,0.017274165748774363,22,0.47272727272727266,0.0,2.0,Failure
1404,sz300875,2025-06-18,operable_filtered,0.26196475159444454,0.4573053812725879,-0.00651498819077216,22,-0.15812736306007236,2.0,1.0,Pullback
1405,sh603657,2025-06-18,operable_filtered,0.17421419168965072,0.3705013828590912,-0.003776363843307698,22,0.011750187579539162,2.0,1.0,Pullback
1406,sz301209,2025-06-18,operable_filtered,0.10937786037795429,0.02790357534901,0.0010062620426754207,22,0.03440753942818886,1.0,0.0,Smooth
1407,sz002199,2025-06-18,operable_filtered,0.11826819999768379,0.025318683297005817,0.0010784069808341728,22,0.09453302379830242,1.0,0.0,Smooth
1408,bj920169,2025-06-18,operable_filtered,0.2202921413546392,0.030042400713283235,-0.0013119079506115072,22,-0.09155553181966147,1.0,0.0,Smooth
1409,sh600358,2025-06-18,operable_filtered,0.12011576585155803,0.4940672782526818,-0.002758921367903573,22,-0.06042297617557291,2.0,1.0,Pullback
1410,bj920363,2025-06-18,operable_filtered,0.14504397741693306,0.36800787513948907,-0.003718543506999465,22,-0.06994487528009885,2.0,1.0,Pullback
1411,sz300581,2025-06-18,score_filtered,0.16769892787741356,0.30643600688929495,0.006489890906774191,22,0.08752620979935344,2.0,1.0,Pullback
1412,bj920227,2025-06-18,score_filtered,0.24508013161710923,0.524812627455651,-0.007052869696323956,22,-0.06497362742006296,2.0,1.0,Pullback
1413,bj920088,2025-06-19,expired,0.3684563699109473,0.6655553538186544,-0.011615166853327358,22,-0.2491752465894992,0.0,2.0,Failure
1414,sh603398,2025-06-19,traded,0.19480516866721534,0.00039137951122725223,0.00017372779249588167,22,0.022774355124627332,1.0,0.0,Smooth
1415,bj920199,2025-06-19,expired,0.1984559831238628,3.2780484719996394e-06,1.1135267868334282e-05,22,0.08942359878723005,1.0,0.0,Smooth
1416,bj920719,2025-06-19,expired,0.28333337856178936,0.7375678190897579,-0.011532964494582328,22,-0.2329114042222098,0.0,2.0,Failure
1417,bj920592,2025-06-19,expired,0.3685703947194522,0.5595964518266756,-0.012487790651524904,22,-0.1997573475304334,2.0,1.0,Pullback
1418,bj920204,2025-06-19,traded,0.15538754222307283,0.6562005832488901,-0.004406663188488635,22,-0.06789365217232568,0.0,2.0,Failure
1419,bj920895,2025-06-19,filtered,0.3714775698054366,0.47611884564676,-0.011079002973925669,22,-0.3811881242054379,2.0,1.0,Pullback
1420,bj920821,2025-06-19,operable_filtered,0.16272827873676163,0.39236881064708184,-0.003189557327695161,22,-0.05030486758871466,2.0,1.0,Pullback
1421,sz002017,2025-06-19,operable_filtered,0.12271542706433143,0.2835439079553138,0.004888880733178154,22,0.29987208934976906,2.0,1.0,Pullback
1422,sh600722,2025-06-19,operable_filtered,0.23994972842446655,0.6198131383157209,-0.007909755880402759,22,-0.16348777399946057,0.0,2.0,Failure
1423,sz301357,2025-06-19,operable_filtered,0.21869402170937172,0.33396708945078823,0.012191731096423148,22,0.3836666107177735,2.0,1.0,Pullback
1424,sz002630,2025-06-19,operable_filtered,0.0952380836531305,0.14565349788613158,0.001807890663814215,22,0.08333334910175805,1.0,0.0,Smooth
1425,bj920010,2025-06-19,score_filtered,0.23988599814764378,0.6866878974460422,-0.006683907815028054,22,-0.1660400759521521,0.0,2.0,Failure
1426,bj920227,2025-06-19,score_filtered,0.2548660876728131,0.6412253596649032,-0.008109673773664472,22,-0.035462025706683775,0.0,2.0,Failure
1427,sz002199,2025-06-19,score_filtered,0.11826819999768379,0.08067078095385061,0.0020725330599042813,22,0.05309740021417575,1.0,0.0,Smooth
1428,bj920090,2025-06-19,score_filtered,0.3066954732603529,0.044631197474965245,0.003662510532925654,22,0.18790213190395932,1.0,0.0,Smooth
1429,bj920001,2025-06-19,score_filtered,0.15246478809389985,0.547188970074254,-0.00520775110255121,22,-0.010170870658095077,2.0,1.0,Pullback
1430,sz300804,2025-06-19,score_filtered,0.3211821555041283,0.8732320255483366,-0.01646914970389086,22,-0.26116953427923373,0.0,2.0,Failure
1431,bj920719,2025-06-20,expired,0.28333337856178936,0.6963762714274553,-0.00945113966181664,22,-0.20424406135388862,0.0,2.0,Failure
1432,bj920895,2025-06-20,traded,0.34308621689527075,0.5631635968147606,-0.00739755080709461,22,-0.26069152236448756,2.0,1.0,Pullback
1433,sz002199,2025-06-20,operable_filtered,0.11826819999768379,0.1410816173011582,0.0027408076075140404,22,0.05238647279063979,1.0,0.0,Smooth
1434,sz300204,2025-06-20,operable_filtered,0.1461634373509138,0.57531831744982,0.012397256939964636,22,0.20094803813853224,2.0,1.0,Pullback
1435,sz300483,2025-06-20,operable_filtered,0.33253014041647533,0.2827064711750942,-0.005081438527663133,22,-0.23505434615357956,2.0,1.0,Pullback
1436,bj920152,2025-06-20,operable_filtered,0.19335940192104278,0.6947841275806041,-0.005886195630605217,22,-0.0708527831105854,0.0,2.0,Failure
1437,bj920914,2025-06-20,operable_filtered,0.17136155358462873,0.00027968135445388675,0.00013337671174067295,22,0.004247817317996505,1.0,0.0,Smooth
1438,sz301292,2025-06-20,score_filtered,0.2558398143938277,0.7846560343363336,-0.011627121055846954,22,-0.25374814019212466,0.0,2.0,Failure
1439,sz300485,2025-06-20,score_filtered,0.1738594213442669,0.19633886302462678,0.003993398847973152,22,0.22459493771692052,1.0,0.0,Smooth
1440,bj920821,2025-06-20,score_filtered,0.13509012579612628,0.444117428405587,-0.0035046066073725563,22,-0.06139824533209781,2.0,1.0,Pullback
1441,sz300269,2025-06-20,score_filtered,0.2006033032803663,0.09727655194088092,-0.002557603827615623,22,-0.09930308668168841,1.0,0.0,Smooth
1442,sz002235,2025-06-20,score_filtered,0.2521440496447195,0.38440714304819357,-0.006418762815715711,22,-0.13997988928542615,2.0,1.0,Pullback
1443,sz300804,2025-06-20,score_filtered,0.3259826307103142,0.8524622868501677,-0.01567233326638635,22,-0.3266968727769176,0.0,2.0,Failure
1444,sz002365,2025-06-20,score_filtered,0.32047291327509925,0.6281018295800576,-0.012684930557772898,22,-0.28455559421676946,0.0,2.0,Failure
1445,sz002826,2025-06-20,score_filtered,0.286843160097693,0.6121602236790857,-0.009387329309705959,22,-0.23843565654218557,0.0,2.0,Failure
1446,sz300619,2025-06-20,score_filtered,0.22902631895844983,0.6570328182346672,-0.007494881803516277,22,-0.12196719060178662,0.0,2.0,Failure
1447,bj920914,2025-06-23,expired,0.17136155358462873,0.00663361844589927,-0.0006587275026773127,22,-0.051308596125770434,1.0,0.0,Smooth
1448,bj920227,2025-06-23,filtered,0.26121089873678915,0.8697358688633126,-0.008936663075485678,22,-0.1447335064448534,0.0,2.0,Failure
1449,bj920748,2025-06-23,expired,0.23728387245204555,0.9376112933818075,-0.0104843378803192,22,-0.19647933136542817,0.0,2.0,Failure
1450,bj920088,2025-06-23,operable_filtered,0.19897854766630077,0.7197700771563955,-0.007008587571404555,22,-0.11280482240723144,0.0,2.0,Failure
1451,bj920895,2025-06-23,traded,0.24470051551149025,0.6780406980665827,-0.005587255640395082,22,-0.15299683372112072,0.0,2.0,Failure
1452,sz300204,2025-06-23,expired,0.1461634373509138,0.56728229585623,0.012274877607451733,22,0.2741086183171455,2.0,1.0,Pullback
1453,bj920505,2025-06-23,operable_filtered,0.18164880033808134,0.18320888646044775,0.0040516802940005845,22,0.05287704098159329,1.0,0.0,Smooth
1454,bj920090,2025-06-23,operable_filtered,0.308855281196255,0.11763686836519838,-0.004430974444776771,22,0.1440677418170475,1.0,0.0,Smooth
1455,sz301292,2025-06-23,operable_filtered,0.2596439257311244,0.7920171818807729,-0.009911373481853074,22,-0.2342588909897655,0.0,2.0,Failure
1456,bj920001,2025-06-23,operable_filtered,0.1556338075937863,0.6518004824108776,-0.005666434471373355,22,-0.1422287745767773,0.0,2.0,Failure
1457,bj920807,2025-06-23,operable_filtered,0.11260047564401783,0.7338254800306336,0.019177027108690285,22,0.3860532637052805,0.0,2.0,Failure
1458,sz002235,2025-06-23,operable_filtered,0.2710119973212057,0.4701371626559486,-0.007747889148726477,22,-0.14576964770727863,2.0,1.0,Pullback
1459,sh600110,2025-06-23,operable_filtered,0.2476821609476314,0.6530462759368756,-0.0095269439136954,22,-0.10096148408846306,0.0,2.0,Failure
1460,sh601606,2025-06-23,operable_filtered,0.13485605724051286,0.37749561789269814,0.01023062590306418,22,0.4618037707782545,2.0,1.0,Pullback
1461,bj920169,2025-06-23,operable_filtered,0.14914890045815327,0.0013350908677071116,-0.0002521689891285829,22,0.07102510988422295,1.0,0.0,Smooth
1462,bj920152,2025-06-23,operable_filtered,0.19335940192104278,0.5139027185818688,-0.004732951171802145,22,-0.08302347780022579,2.0,1.0,Pullback
1463,bj920592,2025-06-23,score_filtered,0.37330022240447447,0.48797340053987903,-0.010644841118677726,22,-0.25931724844324544,2.0,1.0,Pullback
1464,sz002882,2025-06-23,score_filtered,0.20700638966469354,0.18389478084133004,-0.003481008406212343,22,-0.018677766874154678,1.0,0.0,Smooth
1465,bj920571,2025-06-23,score_filtered,0.1590106049934793,0.39774280330952183,-0.003057444845432948,22,-0.05693664979496771,2.0,1.0,Pullback
1466,sz301357,2025-06-23,score_filtered,0.21869402170937172,0.20925676783762936,0.008399217324793954,22,0.506406778926209,1.0,0.0,Smooth
1467,bj920914,2025-06-24,expired,0.17136155358462873,0.003971133509142022,-0.0005093578150860876,22,0.03961110418931235,1.0,0.0,Smooth
1468,bj920719,2025-06-24,operable_filtered,0.19708027736259975,0.655913585686297,-0.006980791291370193,22,-0.12673961421695146,0.0,2.0,Failure
1469,bj920895,2025-06-24,traded,0.15616866959795353,0.6705279365598287,-0.0052458211266663245,22,-0.14968488678724368,0.0,2.0,Failure
1470,bj920088,2025-06-24,operable_filtered,0.17762728832868505,0.6944866816421988,-0.006760647575636194,22,-0.06565785602288254,0.0,2.0,Failure
1471,sh603398,2025-06-24,traded,0.2077921695905455,0.4306834675187866,-0.005482243264485703,22,-0.02890175216062818,2.0,1.0,Pullback
1472,bj920227,2025-06-24,breakout_support_filtered,0.26486716656882764,0.8620429945107383,-0.008808329315839464,22,-0.15018813111225093,0.0,2.0,Failure
1473,bj920199,2025-06-24,traded,0.1984559831238628,0.0008148081349925729,-0.00017438634919686197,22,0.029572782114460017,1.0,0.0,Smooth
1474,sz002235,2025-06-24,breakout_support_filtered,0.27787305433260956,0.5573884541296915,-0.008986791411910396,22,-0.10615711166675745,2.0,1.0,Pullback
1475,bj920522,2025-06-24,operable_filtered,0.11043642524796798,0.017031839072970678,0.0008964277327744713,22,0.08132829743745495,1.0,0.0,Smooth
1476,sz002199,2025-06-24,operable_filtered,0.11826819999768379,0.14326426285173433,0.002733009329382909,22,-0.07919746344794043,1.0,0.0,Smooth
1477,bj920821,2025-06-24,operable_filtered,0.14507627331264192,0.47462454844829116,-0.003665844110702385,22,-0.08690471135569577,2.0,1.0,Pullback
1478,sz300344,2025-06-24,operable_filtered,,,,0,,,,
1479,bj920221,2025-06-24,operable_filtered,0.20045389702553892,0.45167206835114504,-0.004550715271170366,22,-0.11175739792950845,2.0,1.0,Pullback
1480,bj920152,2025-06-24,operable_filtered,0.19335940192104278,0.34538178434686073,-0.0032660677134941,22,-0.06578944279269527,2.0,1.0,Pullback
1481,sz002882,2025-06-24,operable_filtered,0.20700638966469354,0.2691821849802204,-0.004246647840576472,22,-0.050071529665191794,2.0,1.0,Pullback
1482,bj920454,2025-06-24,score_filtered,0.16848732983524514,0.08171459706827944,-0.0015690109257253104,22,-0.07119736791169307,1.0,0.0,Smooth
1483,bj920284,2025-06-24,score_filtered,0.16026376093485453,0.6356731735393875,-0.004955357036559486,22,-0.10844111674971801,0.0,2.0,Failure
1484,sh600110,2025-06-24,score_filtered,0.2476821609476314,0.6805647243434386,-0.009799142565614113,22,-0.16472304554635842,0.0,2.0,Failure
1485,bj920914,2025-06-25,expired,0.17136155358462873,0.019885470184712983,-0.0011287408651336228,22,0.09062974731293849,1.0,0.0,Smooth
1486,bj920895,2025-06-25,expired,0.12425721858287193,0.6666404205668295,-0.004672245791766127,22,-0.1098931748911599,0.0,2.0,Failure
1487,bj920790,2025-06-25,expired,0.29478261090707086,0.44521927299023645,-0.004402603254808571,22,-0.11113059136500969,2.0,1.0,Pullback
1488,bj920592,2025-06-25,expired,0.14693549371534778,0.7756570500294485,-0.004863795337391047,22,-0.10325802511781934,0.0,2.0,Failure
1489,bj920227,2025-06-25,expired,0.26486716656882764,0.8344399428433612,-0.00834007201741408,22,-0.18949122587913758,0.0,2.0,Failure
1490,bj920305,2025-06-25,traded,0.2785714467366536,0.5184362981946682,0.019758015859785923,22,0.4331209712291806,2.0,1.0,Pullback
1491,sh603398,2025-06-25,operable_filtered,0.2077921695905455,0.5458480761922342,-0.0063397462686994805,22,-0.019841251069335764,2.0,1.0,Pullback
1492,sh600110,2025-06-25,operable_filtered,0.2476821609476314,0.6384849352192628,-0.008974675052090734,22,-0.21944443966135552,0.0,2.0,Failure
1493,sz002199,2025-06-25,operable_filtered,0.11033102828567337,0.3067480529332075,0.003751072043514975,22,-0.016666624281141518,2.0,1.0,Pullback
1494,bj920522,2025-06-25,operable_filtered,0.09480594247180299,0.13972567969704697,0.003226061086344967,22,0.15365999008747955,1.0,0.0,Smooth
1495,sh603928,2025-06-25,operable_filtered,0.30327505181245173,0.6170190721159494,-0.012325471895571786,22,-0.09026958126540852,0.0,2.0,Failure
1496,bj920001,2025-06-25,operable_filtered,0.14234619715873262,0.4940805282308349,-0.003251622449629275,22,-0.09374994899900024,2.0,1.0,Pullback
1497,sz002846,2025-06-25,score_filtered,0.2491549551832915,0.26790641783627855,-0.00600860304466951,22,-0.12904940600220227,2.0,1.0,Pullback
1498,sz300801,2025-06-25,score_filtered,0.22901280876166002,0.7661843755343144,-0.007946044971727986,22,-0.14784242365684896,0.0,2.0,Failure
1499,sz002882,2025-06-25,score_filtered,0.20700638966469354,0.2777043176566698,-0.004320579968524886,22,-0.005882375380572125,2.0,1.0,Pullback
1500,bj920221,2025-06-25,score_filtered,0.20045389702553892,0.34460124667255165,-0.0034265881701165952,22,-0.12054115212306127,2.0,1.0,Pullback
1501,sz002125,2025-06-25,score_filtered,0.2551532413768188,0.346588104390649,-0.003704102186652298,22,-0.13081760840308254,2.0,1.0,Pullback
1502,bj920090,2025-06-26,expired,0.30964463494571143,0.6208973338708652,-0.007904433915964244,22,-0.16249997551952045,0.0,2.0,Failure
1503,bj920914,2025-06-26,expired,0.17136155358462873,0.08225767212906887,-0.002082080806350213,22,0.1406069823613123,1.0,0.0,Smooth
1504,bj920227,2025-06-26,expired,0.24879120208404876,0.8431579611089179,-0.006949404632094017,22,-0.1467397678270873,0.0,2.0,Failure
1505,bj920088,2025-06-26,traded,0.17762728832868505,0.6758770396983279,-0.006277742485034776,22,-0.08284742128410161,0.0,2.0,Failure
1506,bj920790,2025-06-26,expired,0.18737476654250637,0.3462085795548481,-0.0030505633326785397,22,-0.07740741305881071,2.0,1.0,Pullback
1507,bj920748,2025-06-26,traded,0.24303798434100574,0.8885791269254223,-0.008605927939900221,22,-0.13478266498912728,0.0,2.0,Failure
1508,bj920943,2025-06-26,traded,0.1181075361631818,0.2910730247292296,0.0031698088376338443,22,0.02463235505518191,2.0,1.0,Pullback
1509,sh600110,2025-06-26,operable_filtered,0.23655916872927576,0.5135955421359446,-0.006620228182241454,22,-0.12756603233109665,2.0,1.0,Pullback
1510,bj920305,2025-06-26,operable_filtered,0.2785714467366536,0.47912405194864416,0.01850598404883537,22,0.5318220824571571,2.0,1.0,Pullback
1511,sz003029,2025-06-26,operable_filtered,0.24136984838198308,0.2010489321981339,-0.0036435327586706624,22,-0.13837067114593105,1.0,0.0,Smooth
1512,sz300344,2025-06-26,score_filtered,,,,0,,,,
1513,sz300046,2025-06-26,score_filtered,0.22192150867627938,0.00491504161375933,-0.000396245402781569,22,0.008539093382165186,1.0,0.0,Smooth
1514,bj920871,2025-06-26,score_filtered,0.2321271078685623,0.07288596593689067,-0.001528317212999293,22,-0.028571376670784465,1.0,0.0,Smooth
1515,bj920082,2025-06-26,score_filtered,0.18408360442906607,0.12345577796431595,0.00407575129160239,22,0.06810858598315539,1.0,0.0,Smooth
1516,sz002759,2025-06-26,score_filtered,0.24353629124561957,0.30886112852065584,-0.0030791604841909704,22,-0.0758885661318639,2.0,1.0,Pullback
1517,sz002365,2025-06-26,score_filtered,0.3528313742358143,0.7890823272248968,-0.018131484091756,22,-0.22691587644202682,0.0,2.0,Failure
1518,sz002199,2025-06-26,score_filtered,0.11033102828567337,0.4048334987335982,0.004291212734439817,22,0.03596292618704511,2.0,1.0,Pullback
1519,bj920184,2025-06-27,expired,0.22059422643931464,0.65108536326414,0.012253454915970161,22,0.21689370351487436,0.0,2.0,Failure
1520,bj920090,2025-06-27,operable_filtered,0.19491526725065478,0.6167668444270467,-0.007822318904083948,22,-0.1695066775166012,0.0,2.0,Failure
1521,bj920505,2025-06-27,expired,0.21541686762529225,0.22229403836104544,-0.003636226994584322,22,-0.1385916918325465,1.0,0.0,Smooth
1522,bj920914,2025-06-27,operable_filtered,0.17136155358462873,0.30753202516950595,-0.003467375227777869,22,-0.052597209351479046,2.0,1.0,Pullback
1523,sz002263,2025-06-27,operable_filtered,0.25567011008646284,0.6361468517331145,-0.00975271459179703,22,-0.135593260455376,0.0,2.0,Failure
1524,bj920227,2025-06-27,operable_filtered,0.17439615832356778,0.7373463951112404,-0.005518489822179522,22,-0.10800951175327766,0.0,2.0,Failure
1525,bj920305,2025-06-27,operable_filtered,0.2785714467366536,0.37425195503058784,0.014950832258339061,22,0.4138817388285676,2.0,1.0,Pullback
1526,sh603398,2025-06-27,operable_filtered,0.23863633548777036,0.870929255468345,-0.009075866835582959,22,-0.14414417355703502,0.0,2.0,Failure
1527,sh600960,2025-06-27,operable_filtered,0.18402784331528968,0.5479478766583277,-0.0042917900261091645,22,-0.14259258654218976,2.0,1.0,Pullback
1528,sz301357,2025-06-27,operable_filtered,0.21869402170937172,0.0055537383147818975,-0.0006834671770920103,22,-0.084852278983927,1.0,0.0,Smooth
1529,sz003029,2025-06-27,operable_filtered,0.1813073297582818,0.15133661394561382,-0.0029119053087012384,22,-0.12987419056140714,1.0,0.0,Smooth
1530,bj920106,2025-06-27,operable_filtered,0.1704875966213204,0.7222858055109298,-0.005289324972514635,22,-0.07604741686223648,0.0,2.0,Failure
1531,sh600110,2025-06-27,score_filtered,0.1874105845027782,0.37966022699408786,-0.004854674684782023,22,-0.1559370116511991,2.0,1.0,Pullback
1532,bj920807,2025-06-27,score_filtered,0.11260047564401783,0.7380236338638175,0.019608642333428825,22,0.31875410320108455,0.0,2.0,Failure
1533,sz002846,2025-06-27,score_filtered,0.22828781711564772,0.0654386819995697,-0.0023652706857390502,22,-0.18436866566240995,1.0,0.0,Smooth
1534,sh600113,2025-06-27,score_filtered,0.1039285659790039,0.1700234468275318,0.003527166499503638,22,0.024437515282649036,1.0,0.0,Smooth
1535,sz300414,2025-06-27,score_filtered,0.19812500476837158,0.15677961267061358,0.004016548829657829,22,0.03552979074117757,1.0,0.0,Smooth
1536,sz300993,2025-06-27,score_filtered,0.19876820097516132,0.6466084868576989,-0.006651811347479897,22,-0.07981530674972437,0.0,2.0,Failure
1537,bj920871,2025-06-27,score_filtered,0.16184973859860777,0.014587381162095903,-0.000658335493405054,22,-0.05509782135018482,1.0,0.0,Smooth
1538,sh603959,2025-06-27,score_filtered,0.17592590480402398,0.9175427005213072,-0.009861327079576732,22,-0.13093292524606082,0.0,2.0,Failure
1539,bj920914,2025-06-30,expired,0.17136155358462873,0.27562298502392946,-0.003197292247961415,22,-0.040476209166600885,2.0,1.0,Pullback
1540,bj920090,2025-06-30,operable_filtered,0.21186440335509085,0.6199805864209379,-0.007908040127033939,22,-0.10968376178157668,0.0,2.0,Failure
1541,bj920505,2025-06-30,expired,0.21995808097090533,0.2270531787875486,-0.0036966778895593678,22,-0.06908127945507925,1.0,0.0,Smooth
1542,bj920088,2025-06-30,traded,0.17762728832868505,0.45980451803010025,-0.004999718175310346,22,-0.03546099354738985,2.0,1.0,Pullback
1543,sz301357,2025-06-30,operable_filtered,0.21869402170937172,0.06610886144656247,0.0020477028718888044,22,-0.0026118071078303773,1.0,0.0,Smooth
1544,bj920184,2025-06-30,operable_filtered,0.22059422643931464,0.678199203757075,0.012636826442651293,22,0.24204951243539674,0.0,2.0,Failure
1545,bj920169,2025-06-30,operable_filtered,0.13983877565417155,0.48155941905432265,-0.003647285183945567,22,-0.09640483766877006,2.0,1.0,Pullback
1546,sz301213,2025-06-30,operable_filtered,0.13132566477704333,0.0547788469570627,0.001145521581157372,22,-0.04366315481631877,1.0,0.0,Smooth
1547,sz300600,2025-06-30,operable_filtered,0.15184132631299344,0.11673080801937641,0.003229582849576897,22,0.14694658908255254,1.0,0.0,Smooth
1548,bj920871,2025-06-30,operable_filtered,0.16184973859860777,0.011491146889721415,0.0005131798467956641,22,0.03522721127537798,1.0,0.0,Smooth
1549,bj920199,2025-06-30,score_filtered,0.1984559831238628,0.06777495654963517,-0.001548961316117855,22,-0.12145849437404987,1.0,0.0,Smooth
1550,bj920522,2025-06-30,score_filtered,0.08078429278205423,0.5217677154917381,0.010902629943808582,22,0.19680000305175782,2.0,1.0,Pullback
1551,sz301024,2025-06-30,score_filtered,0.24109414106068358,0.40878825730102863,-0.007733863602601586,22,-0.12329803944907636,2.0,1.0,Pullback
1552,sh603226,2025-06-30,score_filtered,0.079795034023693,0.6151267154102564,0.017050094181464907,22,0.44592595983434613,0.0,2.0,Failure
1553,sh601606,2025-06-30,score_filtered,0.13485605724051286,0.0600733588025697,0.0016686689899523184,22,-0.013454268152218396,1.0,0.0,Smooth
1554,sz300414,2025-06-30,score_filtered,0.19812500476837158,0.48953434487130065,0.007091177782118064,22,0.0848527362360254,2.0,1.0,Pullback
1555,bj920807,2025-06-30,score_filtered,0.11260047564401783,0.7055417955915657,0.018876117527219693,22,0.20477388274238884,0.0,2.0,Failure
1556,bj920427,2025-07-01,expired,0.2599730782564388,0.03069851247159283,-0.001089683053367701,22,-0.106336107203294,1.0,0.0,Smooth
1557,bj920199,2025-07-01,operable_filtered,0.17213884281550426,1.5117336982228835e-07,-1.7817738586038287e-06,22,-0.0010905374916722055,1.0,0.0,Smooth
1558,sz000026,2025-07-01,operable_filtered,0.11953662375584169,0.007910397595633056,-0.000536733209385641,22,-0.08590305501377471,1.0,0.0,Smooth
1559,bj920807,2025-07-01,operable_filtered,0.14888890584309897,0.6687821648799384,0.01820401168286217,22,0.2204724843053616,0.0,2.0,Failure
1560,sh688136,2025-07-01,operable_filtered,0.1442043208752369,0.22578934958517427,0.005572850182870179,22,0.13539441935022611,1.0,0.0,Smooth
1561,sz002015,2025-07-01,operable_filtered,0.14921282701777025,0.31887617720613304,-0.003731694139034959,22,-0.05295952469585663,2.0,1.0,Pullback
1562,sz301345,2025-07-01,operable_filtered,0.10852453287753747,0.5530806625399602,0.007938454936964025,22,0.2238318291224699,2.0,1.0,Pullback
1563,sz300046,2025-07-01,score_filtered,0.12290258149187666,0.2887146274517942,0.0023905648656014225,22,-0.0035377717094503547,2.0,1.0,Pullback
1564,sz300204,2025-07-01,score_filtered,0.1461634373509138,0.4500248793356608,0.007819548492244683,22,0.2733284189794962,2.0,1.0,Pullback
1565,sz002235,2025-07-01,score_filtered,0.26981298811057663,0.835399556804038,-0.010765954351134272,22,-0.2345090649973154,0.0,2.0,Failure
1566,sz301024,2025-07-01,score_filtered,0.24825064162199859,0.47736723929793,-0.00873768397350449,22,-0.06888796112065387,2.0,1.0,Pullback
1567,bj920982,2025-07-01,score_filtered,0.1427630712803615,0.8810116126518637,-0.007244131995125839,22,-0.13943918318727244,0.0,2.0,Failure
1568,sh601606,2025-07-01,score_filtered,0.12582989718106166,0.31722802720640175,0.004664923623819055,22,0.17162161683235144,2.0,1.0,Pullback
1569,sz002940,2025-07-01,score_filtered,0.17962962585039888,0.6551817600788261,0.021009905376252195,22,0.2739420672396018,0.0,2.0,Failure
1570,bj920047,2025-07-01,score_filtered,0.0984152939138397,0.1700329859904567,0.0028586162708358715,22,0.1410958998361509,1.0,0.0,Smooth
1571,bj920634,2025-07-01,score_filtered,0.18128310566206385,0.29136547330462736,-0.0029165982024635046,22,-0.15125273801562122,2.0,1.0,Pullback
1572,sh688626,2025-07-01,score_filtered,0.09299856544981969,0.7500999264085555,0.005198046326431088,22,0.05456215328734304,0.0,2.0,Failure
1573,sz300600,2025-07-01,score_filtered,0.15184132631299344,0.21190495985036661,0.004579251630179392,22,0.1556764076080519,1.0,0.0,Smooth
1574,sz300581,2025-07-01,score_filtered,0.14919354700879534,0.36388644658528213,0.005114510343066766,22,0.1592421194910416,2.0,1.0,Pullback
1575,bj920914,2025-07-02,expired,0.19659631192222674,0.3457492858599793,-0.0037342504381254822,22,-0.1727861896894417,2.0,1.0,Pullback
1576,sh605151,2025-07-02,traded,0.16644645229780508,0.21046856162736727,0.0024424591779430667,22,-0.050662952635170955,1.0,0.0,Smooth
1577,bj920427,2025-07-02,expired,0.20811458002733835,0.015877122217852868,-0.0007525024387802846,22,-0.0626779784581536,1.0,0.0,Smooth
1578,bj920790,2025-07-02,expired,0.1174655229778019,0.15395733324312155,-0.0017243709987438533,22,-0.07957406561338187,1.0,0.0,Smooth
1579,bj920689,2025-07-02,expired,0.2648377324104461,0.6821361017935127,-0.005779956253436161,22,-0.1900626169748718,0.0,2.0,Failure
1580,bj920088,2025-07-02,traded,0.17600702412027722,0.2947642097848575,-0.003046203203252989,22,-0.12662939345069035,2.0,1.0,Pullback
1581,bj920570,2025-07-02,expired,0.14658249248873662,0.42439626126794694,-0.00273293202869157,22,-0.09909705339172659,2.0,1.0,Pullback
1582,bj920634,2025-07-02,operable_filtered,0.1569697062174479,0.256156459232332,-0.0022849820010152682,22,-0.08662717441509238,2.0,1.0,Pullback
1583,sz002549,2025-07-02,operable_filtered,0.17810216163164908,0.05549235395583374,0.0016988856582082345,22,-0.11915534663903171,1.0,0.0,Smooth
1584,bj920305,2025-07-02,operable_filtered,0.2785714467366536,0.04246545008763958,0.003188698652311251,22,0.21654135888262638,1.0,0.0,Smooth
1585,sz002669,2025-07-02,operable_filtered,0.18501629198760758,0.0008268673646767422,-0.00011090851893650866,22,-0.07925074729108061,1.0,0.0,Smooth
1586,sz000026,2025-07-02,score_filtered,0.12056364740808641,0.005819192844373378,-0.0004557263574853498,22,-0.12499992390896097,1.0,0.0,Smooth
1587,sz000737,2025-07-02,score_filtered,0.1947368507853221,0.28708303214912745,-0.0029284185335657197,22,-0.13790323312523234,2.0,1.0,Pullback
1588,bj920871,2025-07-02,score_filtered,0.10309278553230808,0.19582746667927398,0.0019850530236929682,22,0.0005298527338915004,1.0,0.0,Smooth
1589,sz300810,2025-07-02,score_filtered,0.23828956990304062,0.62784450738649,-0.004597846603889234,22,-0.14199996948242188,0.0,2.0,Failure
1590,sh603316,2025-07-02,score_filtered,0.3561124151016246,0.6755920085510767,-0.01239021017804803,22,-0.2949039772679741,0.0,2.0,Failure
1591,sz300527,2025-07-02,score_filtered,0.22437890664942747,0.003801079089138404,-0.0005728187406606488,22,-0.150450452153302,1.0,0.0,Smooth
1592,sz002015,2025-07-02,score_filtered,0.16412742066687594,0.47082912982190495,-0.005115738285090529,22,-0.09246306068103016,2.0,1.0,Pullback
1593,bj920914,2025-07-03,expired,0.18705466411296398,0.2693577637149537,-0.0025153971258204165,22,-0.04657536215128022,2.0,1.0,Pullback
1594,sz300225,2025-07-03,filtered,0.10268950137524961,0.2825699861511486,-0.002118805312416743,22,-0.06410256253505209,2.0,1.0,Pullback
1595,bj920689,2025-07-03,expired,0.15190397762717933,0.7136265652185667,-0.0048650226491335,22,-0.10041748765923175,0.0,2.0,Failure
1596,bj920427,2025-07-03,filtered,0.21813849335304958,0.019869393712618533,-0.0008494619974822684,22,-0.010321802269663949,1.0,0.0,Smooth
1597,bj920392,2025-07-03,operable_filtered,0.07521368622109317,0.8777728402041352,0.031739733604096515,22,0.6279379302213184,0.0,2.0,Failure
1598,sh601218,2025-07-03,operable_filtered,0.22962967149187596,0.5178810091106989,-0.004175730398693386,22,-0.14634151541947904,2.0,1.0,Pullback
1599,bj920305,2025-07-03,operable_filtered,0.2785714467366536,0.001067458883328487,-0.0004400006876611295,22,-0.028781400442416172,1.0,0.0,Smooth
1600,sz000026,2025-07-03,operable_filtered,0.12056364740808641,0.03926366140469706,0.001035108542809669,22,0.010869596054537967,1.0,0.0,Smooth
1601,sh603256,2025-07-03,score_filtered,0.14647083309112108,0.34602670419991155,0.007712286767871071,22,0.46442147245658005,2.0,1.0,Pullback
1602,bj920106,2025-07-03,score_filtered,0.13094169035086184,0.6762244461602929,-0.0047887295004274055,22,-0.09781990232060866,0.0,2.0,Failure
1603,sz300204,2025-07-03,score_filtered,0.1461634373509138,0.6219027910333883,0.011050063027085754,22,0.20298574851914863,0.0,2.0,Failure
1604,sz002549,2025-07-03,score_filtered,0.15970145153505272,0.24520519075950953,0.0030486730017888126,22,-0.009220503565606664,1.0,0.0,Smooth
1605,sz002104,2025-07-03,score_filtered,0.22132469675198405,0.2576923451835067,-0.005341542686393677,22,-0.05799292097603537,2.0,1.0,Pullback
1606,sz300472,2025-07-03,score_filtered,0.18065697892510288,0.1960856491474896,-0.0034464401541772945,22,-0.06400003433227541,1.0,0.0,Smooth
1607,bj920299,2025-07-03,score_filtered,0.2263158034372573,0.5588502190507187,-0.005809649186690247,22,-0.10887632650171175,2.0,1.0,Pullback
1608,sz001298,2025-07-03,score_filtered,0.26257129567995935,0.8195885277457932,-0.007587629932247865,22,-0.18328068992868451,0.0,2.0,Failure
1609,sh603151,2025-07-03,score_filtered,0.15265862483106224,0.5560816956933269,0.008040937689049598,22,0.14761677633553227,2.0,1.0,Pullback
1610,bj920871,2025-07-03,score_filtered,0.09552850807734996,0.4308994810768668,0.0027146200134749274,22,0.016920538756615144,2.0,1.0,Pullback
1611,bj920357,2025-07-03,score_filtered,0.15027327263300677,0.6539746926516834,-0.003590902482868734,22,-0.05043942265861656,0.0,2.0,Failure
1612,sh688321,2025-07-03,score_filtered,0.07917108370240496,0.6629926068787331,0.007545392710242277,22,0.171935542937248,0.0,2.0,Failure
1613,bj920305,2025-07-04,traded,0.2785714467366536,0.0010773410175789477,-0.00044201734431883,22,0.24928569793701172,1.0,0.0,Smooth
1614,bj920090,2025-07-04,operable_filtered,0.2483051065945204,0.8637037855718593,-0.010887247220151827,22,-0.198222181532118,0.0,2.0,Failure
1615,sh688068,2025-07-04,operable_filtered,0.07956522328842089,0.5103079365749821,0.007153174251893427,22,0.2359857394374718,2.0,1.0,Pullback
1616,sz002579,2025-07-04,score_filtered,0.24414298718325164,0.6640310568997136,-0.008813059668701826,22,-0.169127487825931,0.0,2.0,Failure
1617,bj920392,2025-07-04,score_filtered,0.07339181792071119,0.8735315614276722,0.03154887315314504,22,0.6631531357965812,0.0,2.0,Failure
1618,sz301024,2025-07-04,score_filtered,0.2725826828641654,0.8191481113077175,-0.011707492970326675,22,-0.1920806012778904,0.0,2.0,Failure
1619,bj920689,2025-07-04,score_filtered,0.12529347114338166,0.700333036297594,-0.004734307525003272,22,-0.09216891137466221,0.0,2.0,Failure
1620,sz300468,2025-07-04,score_filtered,0.2742307369525616,0.744685200394196,-0.009901253056493472,22,-0.21548894027741972,0.0,2.0,Failure
1621,sz002173,2025-07-04,score_filtered,0.13678369537702395,0.06807914057906983,0.0013398275697827748,22,0.06987471724531091,1.0,0.0,Smooth
1622,sz300472,2025-07-04,score_filtered,0.18065697892510288,0.11998858007382807,-0.0025860453387310115,22,-0.04858304558206039,1.0,0.0,Smooth
1623,bj920047,2025-07-04,score_filtered,0.0984152939138397,0.33353046311761836,0.004521197445592934,22,0.054413044107150865,2.0,1.0,Pullback
1624,sz301176,2025-07-04,score_filtered,0.24134613885681955,0.5061573301063103,-0.007689420212950811,22,-0.014236025126557195,2.0,1.0,Pullback
1625,sh603256,2025-07-04,score_filtered,0.14647083309112108,0.30336101688238315,0.006621591901267381,22,0.1980247026608315,2.0,1.0,Pullback
1626,sz300649,2025-07-04,score_filtered,0.31900830484789683,0.8112181284954254,-0.013468281219516166,22,-0.24304933909084647,0.0,2.0,Failure
1627,sz300581,2025-07-04,score_filtered,0.14919354700879534,0.4715187763634714,0.005918656121653922,22,0.07212960163084858,2.0,1.0,Pullback
1628,sh688520,2025-07-04,score_filtered,0.211141092300678,0.19591605797700729,-0.003929006033524892,22,-0.14669745399463907,1.0,0.0,Smooth
1629,sz300804,2025-07-04,score_filtered,0.18921476421416872,0.8003335753452234,-0.006872312099778701,22,-0.15984983313620427,0.0,2.0,Failure
1630,sz300436,2025-07-07,expired,0.0764041985918922,0.8958825230596983,0.03605563406674231,22,0.9171370741944034,0.0,2.0,Failure
1631,bj920299,2025-07-07,traded,0.17057394310411356,0.5835161870876115,-0.005425510818492519,22,-0.11800171628525036,2.0,1.0,Pullback
1632,sz300468,2025-07-07,operable_filtered,0.2742307369525616,0.7361711684467205,-0.009510897550323279,22,-0.22723577503676107,0.0,2.0,Failure
1633,sz002721,2025-07-07,operable_filtered,0.28489483826057466,0.7745902691243476,-0.010893511111857932,22,-0.20421053233899567,0.0,2.0,Failure
1634,sh688500,2025-07-07,operable_filtered,0.04719272440578422,0.92492706859628,0.02421065628272008,22,0.7877878215772562,0.0,2.0,Failure
1635,sz002104,2025-07-07,score_filtered,0.22132469675198405,0.6211333226974955,-0.008713986683635662,22,-0.06488016165563959,0.0,2.0,Failure
1636,sh605099,2025-07-07,score_filtered,0.23958828659644263,0.00704298513581425,-0.0007954385447706084,22,-0.13305558098687065,1.0,0.0,Smooth
1637,sz301024,2025-07-07,score_filtered,0.2700286978957616,0.7803221390326767,-0.010809368661545728,22,-0.2358848038033693,0.0,2.0,Failure
1638,sz300649,2025-07-07,score_filtered,0.31900830484789683,0.7670021024465387,-0.011593061170941325,22,-0.21247649362755883,0.0,2.0,Failure
1639,sh600698,2025-07-07,score_filtered,0.18269229299688192,0.050949262872632683,0.0022168543578255117,22,0.1179487296528079,1.0,0.0,Smooth
1640,bj920106,2025-07-07,score_filtered,0.11353029283586506,0.6218850991390091,-0.0038150672397453734,22,-0.09373245751111658,0.0,2.0,Failure
1641,sh600475,2025-07-07,score_filtered,0.26598460657396267,0.14667946812179833,-0.004327651543729091,22,0.15121631722330164,1.0,0.0,Smooth
1642,sz002201,2025-07-07,score_filtered,0.2412412314942788,0.6994306224011316,-0.007539472325431181,22,-0.16061606310659038,0.0,2.0,Failure
1643,bj920505,2025-07-07,score_filtered,0.25896598247602287,0.6349257216407388,-0.008248592298250266,22,-0.12462170479929868,0.0,2.0,Failure
1644,sh688321,2025-07-07,score_filtered,0.07917108370240496,0.5880922729209662,0.006455568309329622,22,0.15923573146790582,2.0,1.0,Pullback
1645,sh603093,2025-07-07,score_filtered,0.2370164174914171,0.18298031529128034,-0.005011669469536027,22,0.044082416832702975,1.0,0.0,Smooth
1646,sz301511,2025-07-07,score_filtered,0.10152815129952635,0.7838471633424444,0.01935802923256054,22,0.24675812564798805,0.0,2.0,Failure
1647,sh603716,2025-07-07,score_filtered,0.15212615181166303,0.6363789094474821,0.016814668869759946,22,0.32373754271394195,0.0,2.0,Failure
1648,sz002882,2025-07-07,score_filtered,0.14498138891649126,0.14495460942176475,-0.0023289190782481537,22,-0.08781865555584734,1.0,0.0,Smooth
1649,sz002579,2025-07-07,score_filtered,0.23327076895733395,0.5550186556355567,-0.007170692613873934,22,-0.18480360173258004,2.0,1.0,Pullback
1650,bj920914,2025-07-08,traded,0.11477533492992328,3.920503739429648e-07,3.568599103693716e-06,22,0.03686006661529184,1.0,0.0,Smooth
1651,bj920184,2025-07-08,expired,0.22059422643931464,0.4289463458262225,0.007520340426962599,22,0.35199079101699327,2.0,1.0,Pullback
1652,sz300436,2025-07-08,operable_filtered,0.0764041985918922,0.908845823905581,0.03706801080580125,22,0.9981138441199044,0.0,2.0,Failure
1653,sz002201,2025-07-08,operable_filtered,0.2412412314942788,0.643645767238413,-0.006306822321491957,22,-0.19324185310898323,0.0,2.0,Failure
1654,sz002721,2025-07-08,operable_filtered,0.28489483826057466,0.7323670258592587,-0.009505556794405349,22,-0.23469389244597505,0.0,2.0,Failure
1655,sh600475,2025-07-08,operable_filtered,0.26598460657396267,0.013908054826299865,-0.0016085554367275808,22,0.15122538887453651,1.0,0.0,Smooth
1656,bj920299,2025-07-08,score_filtered,0.14499998092651367,0.5290363989665527,-0.004925356437457852,22,-0.07287984377264134,2.0,1.0,Pullback
1657,bj920770,2025-07-08,score_filtered,0.2111110832029455,0.8702571180355205,-0.007990232559608939,22,-0.12155961978316066,0.0,2.0,Failure
1658,sz301176,2025-07-08,score_filtered,0.24158652898298882,0.7249615859102924,-0.008960111450621535,22,-0.22605165676385675,0.0,2.0,Failure
1659,sh600698,2025-07-08,score_filtered,0.18269229299688192,0.2343605706700438,0.005741115227183639,22,0.15180107040537538,1.0,0.0,Smooth
1660,sh605162,2025-07-08,score_filtered,0.2521150270030227,0.7573317577654144,-0.011527223463949667,22,-0.22535207247454903,0.0,2.0,Failure
1661,sz300476,2025-07-08,score_filtered,0.1041952838202174,0.75616226004917,0.014981904459091864,22,0.2554027555954641,0.0,2.0,Failure
1662,sz300649,2025-07-08,score_filtered,0.31900830484789683,0.7278580570280829,-0.010180404903397479,22,-0.24988641266722122,0.0,2.0,Failure
1663,sz300591,2025-07-08,score_filtered,0.14338240501789754,0.14055993043318327,0.003915953833046815,22,0.12840463576247418,1.0,0.0,Smooth
1664,sh600744,2025-07-08,score_filtered,0.26185343731261146,0.8145542388512346,-0.01180111099685869,22,-0.1331688646841921,0.0,2.0,Failure
1665,sz002080,2025-07-08,score_filtered,0.11546053529363601,0.4166202533018736,0.006653306006923496,22,0.09173550592420887,2.0,1.0,Pullback
1666,bj920641,2025-07-08,score_filtered,0.09132657554535815,0.05082468806915896,0.0006625476111166524,22,0.04285714285714293,1.0,0.0,Smooth
1667,sz002987,2025-07-08,score_filtered,0.27184117253599827,0.7810317012065489,-0.00991477481384533,22,-0.2492514977005812,0.0,2.0,Failure
1668,bj920039,2025-07-09,expired,0.38634538284892167,0.8110455844000148,-0.014939300181141967,22,-0.1883830594709488,0.0,2.0,Failure
1669,bj920427,2025-07-09,operable_filtered,0.21813849335304958,0.3368696511719298,-0.0034119533516671035,22,-0.11635389387021089,2.0,1.0,Pullback
1670,sh688202,2025-07-09,operable_filtered,0.17333705848376235,0.3645048647798619,0.008923342665823727,22,0.15188865816163588,2.0,1.0,Pullback
1671,bj920299,2025-07-09,operable_filtered,0.14499998092651367,0.4957738404897337,-0.004673637928561039,22,-0.04820370518305295,2.0,1.0,Pullback
1672,sh605162,2025-07-09,operable_filtered,0.2521150270030227,0.7137551976922204,-0.010098482503595204,22,-0.1350293618771221,0.0,2.0,Failure
1673,sz002104,2025-07-09,operable_filtered,0.22132469675198405,0.7688216550247466,-0.010242094866285275,22,-0.10989009165578645,0.0,2.0,Failure
1674,sh600744,2025-07-09,operable_filtered,0.26185343731261146,0.6753144871333565,-0.010575941936771936,22,-0.030112895537779294,0.0,2.0,Failure
1675,sz000514,2025-07-09,operable_filtered,0.2635761851234642,0.8825250317427018,-0.012081634472156254,22,-0.18658894823557393,0.0,2.0,Failure
1676,sz002721,2025-07-09,operable_filtered,0.2594059666772987,0.7697630938592815,-0.007574034723318631,22,-0.17555554707845056,0.0,2.0,Failure
1677,sz301208,2025-07-09,score_filtered,0.14761904761904762,0.37757282134087056,-0.0032725259591254827,22,-0.017198467576139187,2.0,1.0,Pullback
1678,sh603389,2025-07-09,score_filtered,0.16744185358807034,0.558858051317618,0.015274425672565359,18,0.3952065149813915,2.0,1.0,Pullback
1679,sz301176,2025-07-09,score_filtered,0.2467596063389093,0.7366021852490071,-0.007862915639330474,22,-0.17931973204320795,0.0,2.0,Failure
1680,sz002987,2025-07-09,score_filtered,0.2473880354294289,0.8253587736636349,-0.008308922913461898,22,-0.1937953072153109,0.0,2.0,Failure
1681,bj920892,2025-07-10,expired,0.27161948515533235,0.5482322407886466,-0.007221035833473254,22,-0.044943777538076546,2.0,1.0,Pullback
1682,bj920039,2025-07-10,expired,0.38634538284892167,0.8069451466935633,-0.014857368144635456,22,-0.14666668574015296,0.0,2.0,Failure
1683,bj920427,2025-07-10,expired,0.1642857733690345,0.2610908279605896,-0.002514639067193903,22,-0.04587683157258016,2.0,1.0,Pullback
1684,bj920184,2025-07-10,expired,0.22059422643931464,0.3936689837939009,0.0064918839920877595,22,0.0805943714233992,2.0,1.0,Pullback
1685,bj920873,2025-07-10,operable_filtered,0.3008921379645759,0.06201443590694544,0.003714542103754281,22,0.12516132477791087,1.0,0.0,Smooth
1686,bj920770,2025-07-10,operable_filtered,0.17760615549122083,0.8028587487367432,-0.006843895304880251,22,-0.13209218141760481,0.0,2.0,Failure
1687,sh688202,2025-07-10,operable_filtered,0.17333705848376235,0.24980855248397216,0.006816181719633417,22,0.10495085880555632,1.0,0.0,Smooth
1688,sz300778,2025-07-10,score_filtered,0.28377745993586884,0.6306931453609459,-0.008472652429039877,22,-0.15273308955523202,0.0,2.0,Failure
1689,sz002640,2025-07-10,score_filtered,0.19003119198295626,0.6105026149950736,-0.004561460551483342,22,-0.13764516943020022,0.0,2.0,Failure
1690,sh600475,2025-07-10,score_filtered,0.26598460657396267,0.2326992622931927,0.009913943084718903,22,0.38164250595672145,1.0,0.0,Smooth
1691,sh603093,2025-07-10,score_filtered,0.2370164174914171,0.7796379980735951,-0.010728660180456998,22,-0.21122708333390527,0.0,2.0,Failure
1692,sz002636,2025-07-10,score_filtered,0.19743070208420074,0.2622784889785581,-0.0024783062644641385,22,-0.09530792947312916,2.0,1.0,Pullback
1693,sh600744,2025-07-10,score_filtered,0.26185343731261146,0.6091804061220181,-0.009928424552018703,22,-0.12937064608212134,0.0,2.0,Failure
1694,sz002657,2025-07-10,score_filtered,0.17786677162083503,0.24470428437086944,-0.0033571041257405678,22,-0.07380740644092088,1.0,0.0,Smooth
1695,bj920925,2025-07-10,score_filtered,0.057728160982779664,0.7903723944542314,0.012314078952070187,22,0.23011923298423742,0.0,2.0,Failure
1696,bj920184,2025-07-11,expired,0.19558604119858425,0.6128098557065845,0.009069201500392837,22,0.1973115998754318,0.0,2.0,Failure
1697,bj920039,2025-07-11,expired,0.38634538284892167,0.8270177447227,-0.01514486925025213,22,-0.26901407265153887,0.0,2.0,Failure
1698,sh600962,2025-07-11,expired,0.16971278051430022,0.14444939128570122,-0.0022905949858211577,22,-0.03849763963359565,1.0,0.0,Smooth
1699,bj920807,2025-07-11,expired,0.17777777777777778,0.027769034661652037,0.0012764789640099627,22,0.017970409683766286,1.0,0.0,Smooth
1700,bj920090,2025-07-11,expired,0.1817343394186669,0.7766989427865724,-0.007238432966870975,22,-0.1290010497817048,0.0,2.0,Failure
1701,bj920873,2025-07-11,filtered,0.3008921379645759,0.0112152961411498,0.0015098930411362105,22,0.08524167787223869,1.0,0.0,Smooth
1702,bj920892,2025-07-11,filtered,0.27161948515533235,0.6726083945206524,-0.008338657648799836,22,-0.09750003814697261,0.0,2.0,Failure
1703,bj920790,2025-07-11,operable_filtered,0.1018691731390552,0.11162970939449712,-0.0011969287310571442,22,-0.015443981623096792,1.0,0.0,Smooth
1704,sz300436,2025-07-11,operable_filtered,0.0764041985918922,0.916299842373943,0.03830190512672637,22,1.1630140832573108,0.0,2.0,Failure
1705,sh600744,2025-07-11,operable_filtered,0.26185343731261146,0.4762638403285354,-0.008186628738730642,22,-0.18102506364242021,2.0,1.0,Pullback
1706,sz000514,2025-07-11,operable_filtered,0.25668450152380706,0.7732522262944513,-0.00962108328598611,22,-0.10047093845896105,0.0,2.0,Failure
1707,bj920925,2025-07-11,operable_filtered,0.07076348571829222,0.6974263281595107,0.010759695270072632,22,0.17853657792254185,0.0,2.0,Failure
1708,sh605122,2025-07-11,operable_filtered,0.25529655484127634,0.33905615890798346,-0.005304110945786416,22,-0.16500875773235113,2.0,1.0,Pullback
1709,sz300996,2025-07-11,score_filtered,0.20313180177412463,0.7392693612880225,-0.00665464495913444,22,-0.07282051673302281,0.0,2.0,Failure
1710,sz300348,2025-07-11,score_filtered,0.21947806548978688,0.850790916374996,-0.007911002512600216,22,-0.10440712627899185,0.0,2.0,Failure
1711,bj920002,2025-07-11,score_filtered,0.1470312083632264,0.11104587654724529,-0.0017003057149980658,22,-0.03130236492630867,1.0,0.0,Smooth
1712,sz002104,2025-07-11,score_filtered,0.22132469675198405,0.49325251088863653,-0.007674739178355309,22,0.005855817851304845,2.0,1.0,Pullback
1713,sh603093,2025-07-11,score_filtered,0.2370164174914171,0.6856901849498449,-0.009113863149081289,22,-0.07237102956329344,0.0,2.0,Failure
1714,bj920039,2025-07-14,expired,0.38634538284892167,0.7942307807474717,-0.013243438384171408,22,-0.2839161253916733,0.0,2.0,Failure
1715,bj920184,2025-07-14,expired,0.19558604119858425,0.7031345987676878,0.01028116395845387,22,0.18244243904154755,0.0,2.0,Failure
1716,bj920305,2025-07-14,breakout_support_filtered,0.2785714467366536,0.04952054819710383,-0.0026229730923852334,22,0.08919598426437392,1.0,0.0,Smooth
1717,sh600777,2025-07-14,expired,0.2504892713041925,0.4971119791379547,-0.009760406525832311,22,-0.012468874783282846,2.0,1.0,Pullback
1718,bj920873,2025-07-14,expired,0.3033252063471242,0.004134283333870892,-0.00088712419675632,22,-0.005959498055879808,1.0,0.0,Smooth
1719,sh600744,2025-07-14,expired,0.22947135657001658,0.37300025991479746,-0.005815859784670368,22,-0.11878788109981653,2.0,1.0,Pullback
1720,bj920892,2025-07-14,operable_filtered,0.2826258012232372,0.7492279325704384,-0.009101909166021067,22,-0.1947297374656779,0.0,2.0,Failure
1721,bj920807,2025-07-14,operable_filtered,0.17777777777777778,0.0152617281003391,0.0009384167602061605,22,0.0672131967685552,1.0,0.0,Smooth
1722,sh600604,2025-07-14,operable_filtered,0.25627477057172776,0.745902554392571,-0.009859274638612997,22,-0.1700880198023056,0.0,2.0,Failure
1723,sh601908,2025-07-14,operable_filtered,0.23819299274561276,0.6084627725120345,-0.004303497020384484,22,-0.12056737308832544,0.0,2.0,Failure
1724,sz002940,2025-07-14,operable_filtered,0.2151163138848099,0.23582337163642897,0.008839667033884854,22,0.28014616842227924,1.0,0.0,Smooth
1725,sz300066,2025-07-14,operable_filtered,0.15593701165119914,0.08025352511065065,0.0028213679611742187,22,0.07956322012827144,1.0,0.0,Smooth
1726,sh603590,2025-07-14,score_filtered,0.1812298161392325,0.08564943775818001,0.00345425017170668,22,0.10359286625701447,1.0,0.0,Smooth
1727,bj920564,2025-07-14,score_filtered,0.23748471239032598,0.09767142895398018,0.004500984228030994,22,0.03250002861022949,1.0,0.0,Smooth
1728,sz300204,2025-07-14,score_filtered,0.12222413064554698,0.5786509711361428,0.008886880090416738,22,0.23659391466745472,2.0,1.0,Pullback
1729,sz300950,2025-07-14,score_filtered,0.2034713133243553,0.08831123033990496,-0.002349550010570064,22,0.07966102988032975,1.0,0.0,Smooth
1730,sz002623,2025-07-14,score_filtered,0.2457567395400174,0.6803693230651915,-0.008241209207498865,22,-0.17843290376065069,0.0,2.0,Failure
1731,sz002384,2025-07-14,score_filtered,0.13089429653756987,0.10780437924120001,0.0021321205211843747,22,0.14909234072422972,1.0,0.0,Smooth
1732,bj920039,2025-07-15,expired,0.32088890075683596,0.7550898993122835,-0.010479401245568783,22,-0.17625714934351222,0.0,2.0,Failure
1733,bj920892,2025-07-15,expired,0.2786561047295764,0.7187005863073817,-0.008183813976969037,22,-0.1649058372576936,0.0,2.0,Failure
1734,bj920873,2025-07-15,expired,0.3163016741818472,0.04578552353739296,-0.0030268483156382906,22,-0.007462679485599422,1.0,0.0,Smooth
1735,sz300225,2025-07-15,filtered,0.07633586443265024,0.3245113939686399,0.00633808103658052,22,0.12860899089616473,2.0,1.0,Pullback
1736,bj920305,2025-07-15,operable_filtered,0.2785714467366536,0.12064244726394735,-0.004037362867926075,22,-0.1422594718260578,1.0,0.0,Smooth
1737,sh600744,2025-07-15,operable_filtered,0.1997664055092069,0.3234159484471876,-0.0050556245039577756,22,-0.16024100843128508,2.0,1.0,Pullback
1738,sz300066,2025-07-15,operable_filtered,0.14244186086806818,0.10761243076089666,0.003288491206332212,22,0.11092442779939882,1.0,0.0,Smooth
1739,bj920564,2025-07-15,score_filtered,0.23748471239032598,0.08620778968140264,0.004214801447600905,22,0.1205674328498707,1.0,0.0,Smooth
1740,bj920807,2025-07-15,score_filtered,0.17777777777777778,9.136283633637277e-06,2.2016204471822317e-05,22,-0.00718313962506556,1.0,0.0,Smooth
1741,sz002384,2025-07-15,score_filtered,0.13089429653756987,0.06604340366571237,0.0016132834753076176,22,0.09188549838398852,1.0,0.0,Smooth
1742,sz300839,2025-07-15,score_filtered,0.20888056287660145,0.04529967840440652,-0.0021363393790919984,22,-0.054666646321614554,1.0,0.0,Smooth
1743,sh688500,2025-07-15,score_filtered,0.061706552200759116,0.8521257789785721,0.019866823831971393,22,0.30217397558632,0.0,2.0,Failure
1744,sz300308,2025-07-15,score_filtered,0.07987755589716138,0.8527032425710087,0.014128816565965091,22,0.4023776582583374,0.0,2.0,Failure
1745,sh603389,2025-07-15,score_filtered,0.16744185358807034,0.5303690929278899,0.013221443000649695,19,0.18942727279907512,2.0,1.0,Pullback
1746,sz300533,2025-07-15,score_filtered,0.10155081089988213,0.10267370045918,0.0015528895528495752,22,0.07139062114974237,1.0,0.0,Smooth
1747,bj920039,2025-07-16,expired,0.25024532079537004,0.6079673202768839,-0.008344248490495861,22,-0.14233574029191387,0.0,2.0,Failure
1748,bj920892,2025-07-16,expired,0.2786561047295764,0.6677068555592507,-0.00726545328073091,22,-0.08919728033638896,0.0,2.0,Failure
1749,sh600777,2025-07-16,expired,0.2504892713041925,0.5872547910382326,-0.010536805559779512,22,-0.011312260151992382,0.0,2.0,Failure
1750,bj920305,2025-07-16,expired,0.2785714467366536,0.07368756915215968,-0.002991489357052449,22,-0.07537690636355832,1.0,0.0,Smooth
1751,sz300225,2025-07-16,filtered,0.07633586443265024,0.4048747246203628,0.007482940230676683,22,0.1288659755805308,2.0,1.0,Pullback
1752,sz300839,2025-07-16,expired,0.20888056287660145,0.0007099908910270791,-0.0002535161719032225,22,-0.03746595226847149,1.0,0.0,Smooth
1753,bj920807,2025-07-16,operable_filtered,0.17777777777777778,0.00013727195662283087,8.539354802327041e-05,22,0.06249999357708558,1.0,0.0,Smooth
1754,sz300591,2025-07-16,operable_filtered,0.20395155480220617,0.20295316943568376,0.005031722263293325,22,-0.020833276021172797,1.0,0.0,Smooth
1755,sz300436,2025-07-16,operable_filtered,0.04922045696150543,0.9387158330815771,0.04151726239024546,22,1.3367333548453053,0.0,2.0,Failure
1756,sh600822,2025-07-16,operable_filtered,0.28023952642934075,0.6195039270180901,-0.011400631181449428,22,-0.2541951593412547,0.0,2.0,Failure
1757,sz002940,2025-07-16,operable_filtered,0.2517442258903935,0.00016053667078874678,-0.0001715141107509337,22,0.10113110130538105,1.0,0.0,Smooth
1758,sz002645,2025-07-16,operable_filtered,0.18978978497364365,0.1724831259445221,-0.003347090000548132,22,0.14504991420224567,1.0,0.0,Smooth
1759,sh605259,2025-07-16,score_filtered,0.08479760102463525,0.7660160110596118,0.008224532010109534,22,0.13118813264036144,0.0,2.0,Failure
1760,sh600604,2025-07-16,score_filtered,0.25627477057172776,0.6372573874334422,-0.006659560159785675,22,-0.17428568431309288,0.0,2.0,Failure
1761,sz301357,2025-07-16,score_filtered,0.1464281969524874,0.8165495581212253,0.039660681135780355,22,0.738270799137781,0.0,2.0,Failure
1762,bj920925,2025-07-16,score_filtered,0.08044692054838155,0.4543181468120502,0.0062064068727791825,22,0.2263788598080485,2.0,1.0,Pullback
1763,sz301183,2025-07-16,score_filtered,0.2046366065984126,0.5251546437315154,-0.006438061641207549,22,-0.1727025973571359,2.0,1.0,Pullback
1764,sz300204,2025-07-16,score_filtered,0.12222413064554698,0.509182941265752,0.006866360511797462,22,0.19932743292590205,2.0,1.0,Pullback
1765,sh600777,2025-07-17,expired,0.2504892713041925,0.4983937346073125,-0.009693518658876644,22,-0.053879311895186244,2.0,1.0,Pullback
1766,bj920039,2025-07-17,expired,0.20829013797938442,0.4041846123805535,-0.005846810705754856,22,-0.06403116242497509,2.0,1.0,Pullback
1767,sz002384,2025-07-17,operable_filtered,0.13089429653756987,0.0012621212848807906,0.00020728581752611774,22,0.008116628829316408,1.0,0.0,Smooth
1768,sh688500,2025-07-17,operable_filtered,0.1301467464702995,0.6777483196451684,0.0162506631413596,22,0.22082987325707282,0.0,2.0,Failure
1769,sz301176,2025-07-17,operable_filtered,0.1396648074456925,0.013187357010472911,-0.00074213271139164,22,0.0435950734935735,1.0,0.0,Smooth
1770,bj920892,2025-07-17,operable_filtered,0.2786561047295764,0.6044690803290654,-0.006791258118992147,22,-0.03908631613924762,0.0,2.0,Failure
1771,sh600822,2025-07-17,operable_filtered,0.28023952642934075,0.551178685337098,-0.009043228226203903,22,-0.21558440110799615,2.0,1.0,Pullback
1772,sh600826,2025-07-17,operable_filtered,0.29198964068162825,0.6464613843623883,-0.013517489519107263,22,-0.23188403794004764,0.0,2.0,Failure
1773,sh688068,2025-07-17,score_filtered,0.11333994768647966,0.6755318829644348,0.012812802716633268,22,0.14306533276735234,0.0,2.0,Failure
1774,sz002940,2025-07-17,score_filtered,0.2606105134382686,0.11512009407386992,-0.00406000144661471,22,0.018145192612223138,1.0,0.0,Smooth
1775,sh600962,2025-07-17,score_filtered,0.12436901688655591,0.06680724231973034,0.001312468124427192,22,-0.027962092034180097,1.0,0.0,Smooth
1776,sz300204,2025-07-17,score_filtered,0.12222413064554698,0.5247234365609847,0.0072602058552111316,22,0.20186061812950107,2.0,1.0,Pullback
1777,sz301357,2025-07-17,score_filtered,0.1464281969524874,0.845098938178513,0.0416209168344115,22,1.0437747115822438,0.0,2.0,Failure
1778,sz300502,2025-07-17,score_filtered,0.08089003637823135,0.6406877210674728,0.013250320598311723,22,0.3398967939471018,0.0,2.0,Failure
1779,sh688221,2025-07-17,score_filtered,0.22456428449105992,0.5510292082533828,-0.008412738091410951,22,-0.08228145297346656,2.0,1.0,Pullback
1780,sh688658,2025-07-17,score_filtered,0.13620172628372293,0.4396043222507542,0.004608488610727565,22,0.16967636745685044,2.0,1.0,Pullback
1781,sh688313,2025-07-17,score_filtered,0.1790888485482498,0.09455993478040403,0.003002182794193641,22,0.22037384888836153,1.0,0.0,Smooth
1782,sz002755,2025-07-17,score_filtered,0.08793100817450161,0.005424219806965835,-0.00030504520797189176,22,0.0185974994001199,1.0,0.0,Smooth
1783,sh603590,2025-07-17,score_filtered,0.1812298161392325,0.09771482465833103,-0.0025454505263689956,22,0.034337919052332966,1.0,0.0,Smooth
1784,sh600777,2025-07-18,expired,0.2504892713041925,0.4321522725963809,-0.008821343336721006,22,-0.14373713053686776,2.0,1.0,Pullback
1785,bj920039,2025-07-18,expired,0.20829013797938442,0.2655600902409657,-0.004375698071137784,22,-0.1241969837752841,2.0,1.0,Pullback
1786,sz002755,2025-07-18,expired,0.08793100817450161,0.13610072411691865,-0.0015875556214886182,22,-0.0551851767080801,1.0,0.0,Smooth
1787,bj920807,2025-07-18,operable_filtered,0.17777777777777778,0.07516952442154823,0.002420365274613224,22,0.09044709104139304,1.0,0.0,Smooth
1788,bj920392,2025-07-18,operable_filtered,0.12234037670619052,0.14195561886450803,0.002931068535678882,22,0.07878783254912403,1.0,0.0,Smooth
1789,sz002940,2025-07-18,score_filtered,0.2606105134382686,0.2706482321887166,-0.005856447138800798,22,0.005498519602446406,2.0,1.0,Pullback
1790,sh688166,2025-07-18,score_filtered,0.07341545206668909,0.7380610526394917,0.010776615336367314,22,0.25529723443834174,0.0,2.0,Failure
1791,sh600826,2025-07-18,score_filtered,0.29198964068162825,0.5666667198991178,-0.011523609899637363,22,-0.2014387995613921,2.0,1.0,Pullback
1792,sz300897,2025-07-18,score_filtered,0.11583012838825174,0.39477548017040065,0.004640809169250013,22,0.2609028253277226,2.0,1.0,Pullback
1793,sh600962,2025-07-18,score_filtered,0.10632320455290811,0.3159903311315212,0.002738911107962785,22,0.01813729638001127,2.0,1.0,Pullback
1794,sh688658,2025-07-18,score_filtered,0.13620172628372293,0.4099951171150087,0.004267243845505984,22,0.10125743002880028,2.0,1.0,Pullback
1795,bj920719,2025-07-18,score_filtered,0.13694957193751478,0.4456962453612583,-0.004204265365693091,22,-0.050054996267136276,2.0,1.0,Pullback
1796,sh601208,2025-07-18,score_filtered,0.14705887656369523,0.4431421793436505,0.007661261190699255,22,0.18135052179476974,2.0,1.0,Pullback
1797,sh688221,2025-07-18,score_filtered,0.22456428449105992,0.5800061041064828,-0.008746211217476011,22,-0.14009011276897698,2.0,1.0,Pullback
1798,sh600774,2025-07-18,score_filtered,0.20923078977144682,0.030046557313718747,-0.0012584882218711832,22,-0.04261099952247116,1.0,0.0,Smooth
1799,bj920274,2025-07-18,score_filtered,0.08571426589767654,0.4307558753841314,-0.0029670128276034786,22,-0.04366122639204595,2.0,1.0,Pullback
1800,sz301217,2025-07-18,score_filtered,0.13754386232610336,0.67869546846055,0.018465573656942187,22,0.527685757755882,0.0,2.0,Failure
1801,sh688222,2025-07-18,score_filtered,0.14798037410962495,0.42716545413846096,-0.003106041774249097,22,-0.036770876479102155,2.0,1.0,Pullback
1802,sh601003,2025-07-18,score_filtered,0.2879518419759396,0.701216236379651,-0.01220914623442451,22,-0.11721068081311914,0.0,2.0,Failure
1803,sh600777,2025-07-21,expired,0.2504892713041925,0.29653166933653186,-0.006836234028290769,22,-0.14512922239048975,2.0,1.0,Pullback
1804,bj920873,2025-07-21,expired,0.3300891905927028,0.6709104033366801,-0.010229485986911754,22,-0.262152807097191,0.0,2.0,Failure
1805,bj920305,2025-07-21,operable_filtered,0.2164107579587416,0.01448313450040184,-0.0012081681844322437,22,-0.07990865193784225,1.0,0.0,Smooth
1806,bj920039,2025-07-21,expired,0.20829013797938442,0.15657800660478982,-0.002701736424992216,22,-0.1222222116258409,1.0,0.0,Smooth
1807,bj920892,2025-07-21,expired,0.2786561047295764,0.43850847524612857,-0.005282861166788109,22,-0.15069108435702028,2.0,1.0,Pullback
1808,bj920392,2025-07-21,operable_filtered,0.12234037670619052,0.21460103403069597,0.0046608153237015955,22,0.4340825483355488,1.0,0.0,Smooth
1809,sz002896,2025-07-21,operable_filtered,0.13015773183659415,0.6275103792444352,0.011416192614433555,22,0.12076964746151853,0.0,2.0,Failure
1810,bj920925,2025-07-21,operable_filtered,0.08044692054838155,0.3961275006017738,0.006573189061520027,22,0.2667504632788651,2.0,1.0,Pullback
1811,sz002940,2025-07-21,operable_filtered,0.2606105134382686,0.4189275079040482,-0.007760020358513364,22,-0.10675577641353962,2.0,1.0,Pullback
1812,sz002755,2025-07-21,score_filtered,0.11137929455987339,0.24787458163335474,-0.0024400044159605056,22,-0.07604701495376787,1.0,0.0,Smooth
1813,bj920060,2025-07-21,score_filtered,0.2096258803540742,0.03358809907822802,0.0013109691836193636,22,0.025140477580924747,1.0,0.0,Smooth
1814,sh688356,2025-07-21,score_filtered,0.16783336204823562,0.1280110512525231,-0.0016476872498086572,22,-0.08829684980044883,1.0,0.0,Smooth
1815,sh601208,2025-07-21,score_filtered,0.14705887656369523,0.4191415382130774,0.007333396436687507,22,0.18344373429042649,2.0,1.0,Pullback
1816,bj920892,2025-07-22,traded,0.1666666521510756,0.35292376634076217,-0.0033425167268614536,22,-0.060271259273536826,2.0,1.0,Pullback
1817,bj920706,2025-07-22,expired,0.28932740355352093,0.025133272279792118,-0.0016153550453635677,22,-0.0007457292315902198,1.0,0.0,Smooth
1818,bj920873,2025-07-22,expired,0.26249996700457107,0.6981631073357201,-0.00750577783039148,22,-0.12008280183595144,0.0,2.0,Failure
1819,bj920879,2025-07-22,expired,0.3862249522269043,0.5996163244727708,-0.011522589287260498,22,-0.2622607297986874,0.0,2.0,Failure
1820,bj920082,2025-07-22,traded,0.23023092866589506,0.16208118545000116,-0.002099797400606874,22,-0.028797940445504433,1.0,0.0,Smooth
1821,bj920682,2025-07-22,traded,0.1811708781370999,0.002700907150225973,-0.00021728528919108314,22,-0.026905762091863683,1.0,0.0,Smooth
1822,bj920039,2025-07-22,expired,0.13476784456426155,0.06344241478655177,-0.0013879974496988417,22,-0.06432405113102702,1.0,0.0,Smooth
1823,sz300897,2025-07-22,traded,0.11039170976982396,0.47349801985531603,0.005894554998391688,22,0.09581881278383442,2.0,1.0,Pullback
1824,bj920950,2025-07-22,operable_filtered,0.281113192614183,0.019539669890076605,0.000814183402572808,22,0.01875784773792355,1.0,0.0,Smooth
1825,sh688585,2025-07-22,operable_filtered,0.2323497919836805,0.20944994901799863,0.011144986313611554,22,0.43899476051006925,1.0,0.0,Smooth
1826,sz002896,2025-07-22,operable_filtered,0.10482437084421253,0.626834344433634,0.011409043337690532,22,0.10685933244563262,0.0,2.0,Failure
1827,bj920245,2025-07-22,operable_filtered,0.17435895479642427,0.0009651671655064309,0.00019570185433523006,22,-0.005141288177891945,1.0,0.0,Smooth
1828,sz300617,2025-07-22,operable_filtered,0.2311130926390755,0.0027116721101596575,-0.0002998019920615033,22,-0.06099139757522665,1.0,0.0,Smooth
1829,bj920925,2025-07-22,operable_filtered,0.08044692054838155,0.4561851954948327,0.007696858583555215,22,0.30669647126021515,2.0,1.0,Pullback
1830,bj920879,2025-07-23,expired,0.3173333370324337,0.5539464620358765,-0.009662338023032508,22,-0.228278919184571,2.0,1.0,Pullback
1831,bj920873,2025-07-23,expired,0.1996123572538023,0.6427182706502896,-0.0068096356665019895,22,-0.15768471109760862,0.0,2.0,Failure
1832,bj920706,2025-07-23,expired,0.28932740355352093,0.0616831920045916,-0.0025227662491215494,22,-0.06276003662850071,1.0,0.0,Smooth
1833,bj920057,2025-07-23,expired,0.17248907751373355,0.6341340566225212,-0.006059748029858499,22,-0.1460177187202999,0.0,2.0,Failure
1834,sh600826,2025-07-23,operable_filtered,0.23249298017552816,0.26875749811121286,-0.0040067669130566365,22,-0.17208271272307896,2.0,1.0,Pullback
1835,sz300897,2025-07-23,operable_filtered,0.10025702627281613,0.535790894313462,0.006396589815385673,22,0.07622058758800376,2.0,1.0,Pullback
1836,sz003001,2025-07-23,operable_filtered,0.2423668687600811,0.7097714871373249,-0.007838652899377392,22,-0.21928111077523915,0.0,2.0,Failure
1837,sh603966,2025-07-23,operable_filtered,0.17651514828588238,0.0001994079778063762,8.875467956474056e-05,22,-0.04173226306543221,1.0,0.0,Smooth
1838,sz002940,2025-07-23,operable_filtered,0.2606105134382686,0.5574983275558032,-0.0093889650776616,22,-0.20987654247390175,2.0,1.0,Pullback
1839,sz002297,2025-07-23,operable_filtered,0.18640960722193278,0.4968484159114144,-0.005997037905989194,22,-0.08443539472512351,2.0,1.0,Pullback
1840,sh688585,2025-07-23,operable_filtered,0.24266839584872005,0.06963500964649727,0.005475722105992715,22,0.4021276541059873,1.0,0.0,Smooth
1841,sz300865,2025-07-23,operable_filtered,0.21560910855702495,0.16380993057491544,-0.0027919083021404377,22,-0.12302370549782882,1.0,0.0,Smooth
1842,sz300021,2025-07-23,operable_filtered,0.23219374912673252,0.6834790639979056,-0.010222408122345735,22,-0.13365538141827804,0.0,2.0,Failure
1843,bj920392,2025-07-23,operable_filtered,0.12234037670619052,0.23823543924597834,0.005094712750841741,22,0.22382778492306987,1.0,0.0,Smooth
1844,sh688660,2025-07-23,score_filtered,0.13610316660853838,0.6200272196367475,0.01575158054363215,22,0.38409608916261107,0.0,2.0,Failure
1845,bj920174,2025-07-23,score_filtered,0.2430385732621766,0.3375657550600287,-0.00621911280766262,22,-0.18430655845496413,2.0,1.0,Pullback
1846,bj920879,2025-07-24,expired,0.2662845475841726,0.48961782936299003,-0.008022373907449636,22,-0.10822784920912332,2.0,1.0,Pullback
1847,bj920873,2025-07-24,expired,0.18860510989550427,0.5843902823599345,-0.005485835991557419,22,-0.07557508492976284,2.0,1.0,Pullback
1848,bj920706,2025-07-24,expired,0.28932740355352093,0.06749495002673378,-0.002650471003076746,22,-0.12380953574070586,1.0,0.0,Smooth
1849,bj920942,2025-07-24,expired,0.41735332012492393,0.7278870796770357,-0.016164629284488304,22,-0.1494725650766343,0.0,2.0,Failure
1850,sz002827,2025-07-24,expired,0.28756062379604397,0.7074661688856816,-0.008054079902732283,22,-0.1851371021732322,0.0,2.0,Failure
1851,bj920892,2025-07-24,traded,0.11407768630837586,0.062245849139265785,-0.0011536151104366208,22,0.011328491889299519,1.0,0.0,Smooth
1852,bj920807,2025-07-24,operable_filtered,0.14192947781729598,0.30943847206097064,0.005655986851380743,22,0.11424406496520412,2.0,1.0,Pullback
1853,sz002940,2025-07-24,operable_filtered,0.2606105134382686,0.416871425513333,-0.00746177334408393,22,-0.03420734876686049,2.0,1.0,Pullback
1854,sz301038,2025-07-24,operable_filtered,0.17106914330894285,0.4924506276273789,0.011487251304317493,22,0.25767793526301763,2.0,1.0,Pullback
1855,bj920925,2025-07-24,operable_filtered,0.0931832265444723,0.45628095127551094,0.007663756563767987,22,0.14698794793106673,2.0,1.0,Pullback
1856,bj920082,2025-07-24,operable_filtered,0.1273303927428446,0.005233389657111509,-0.0002840911790676427,22,-0.03855931494503806,1.0,0.0,Smooth
1857,sh600826,2025-07-24,operable_filtered,0.23249298017552816,0.13733119284609463,-0.0016255613529910081,22,-0.08026212062644456,1.0,0.0,Smooth
1858,sh603716,2025-07-24,score_filtered,0.1529972963773003,0.003884719590310004,-0.0005621650531954583,22,0.11050605161656968,1.0,0.0,Smooth
1859,bj920057,2025-07-24,score_filtered,0.17248907751373355,0.5839547307247551,-0.004958648477202968,22,-0.07875898749833132,2.0,1.0,Pullback
1860,sz300539,2025-07-24,score_filtered,0.18068637469556706,0.49084260484329456,0.013522370079765655,22,0.3226487482611833,2.0,1.0,Pullback
1861,bj920184,2025-07-24,score_filtered,0.19558604119858425,0.7581990863891144,0.01644146527558476,22,0.2884258996393787,0.0,2.0,Failure
1862,sh688425,2025-07-24,score_filtered,0.2108108003614941,0.2657693385084663,-0.0032343851009355015,22,-0.07914763582038375,2.0,1.0,Pullback
1863,bj920879,2025-07-25,expired,0.2662845475841726,0.4980336464330182,-0.008134512209866059,22,-0.12112498576651032,2.0,1.0,Pullback
1864,bj920706,2025-07-25,expired,0.25776490192906304,0.055259708904309535,-0.002345764348714208,22,-0.19851352037832726,1.0,0.0,Smooth
1865,bj920564,2025-07-25,expired,0.19419356315366684,0.03620036889712075,0.0015153368095816569,22,0.07424683158117906,1.0,0.0,Smooth
1866,bj920942,2025-07-25,expired,0.4193508213791069,0.7850991576678644,-0.0172417718679054,22,-0.3469882729907663,0.0,2.0,Failure
1867,sh600117,2025-07-25,operable_filtered,0.3127413010124873,0.3883259862935854,-0.010354686923097605,22,0.02305473286641302,2.0,1.0,Pullback
1868,sz300877,2025-07-25,operable_filtered,0.2007768442071767,0.08517658437346798,-0.0024662121109349953,22,0.04563335341977037,1.0,0.0,Smooth
1869,bj920925,2025-07-25,operable_filtered,0.0931832265444723,0.4857624172619379,0.008019243428653235,22,0.1360488902804462,2.0,1.0,Pullback
1870,sz300158,2025-07-25,score_filtered,0.15427926440351591,0.4890008809727032,0.008261900516168555,22,0.31067957826167536,2.0,1.0,Pullback
1871,bj920522,2025-07-25,score_filtered,0.1720588347491096,0.05222938924680254,-0.0011191902990184298,22,-0.025167464216249935,1.0,0.0,Smooth
1872,sh688313,2025-07-25,score_filtered,0.1790888485482498,0.26895123228167095,0.006705576930740269,22,0.15921059607468901,2.0,1.0,Pullback
1873,sh603228,2025-07-25,score_filtered,0.19640789677685713,0.5534379369123799,-0.007358157372083187,22,-0.03434634335487352,2.0,1.0,Pullback
1874,bj920344,2025-07-25,score_filtered,0.24003009659403113,0.14341748614590288,-0.003299450107225958,22,0.06447135800378012,1.0,0.0,Smooth
1875,bj920184,2025-07-25,score_filtered,0.19913423440185218,0.7500737735994272,0.01628335301624205,22,0.1996403138377545,0.0,2.0,Failure
1876,sh600326,2025-07-25,score_filtered,0.20615386962890625,0.3715460850008905,-0.0058874325276281805,22,-0.03065131206343208,2.0,1.0,Pullback
1877,bj920057,2025-07-25,score_filtered,0.17248907751373355,0.44287610032125013,-0.004167518182914469,22,-0.040524450378417676,2.0,1.0,Pullback
1878,sz002827,2025-07-25,score_filtered,0.21712753496164988,0.6944340705773056,-0.007183123869440958,22,-0.12147640461659581,0.0,2.0,Failure
1879,sh603389,2025-07-25,score_filtered,0.22608408244595213,0.2211422026342138,0.007653048689195686,20,0.08542238472761055,1.0,0.0,Smooth
1880,sz300344,2025-07-25,score_filtered,,,,0,,,,
1881,sh601208,2025-07-25,score_filtered,0.14705887656369523,0.2521436337286561,0.004775697668725946,22,0.029714311872209853,1.0,0.0,Smooth
1882,bj920706,2025-07-28,expired,0.23557551235830737,0.024927633820418293,-0.001397067136821711,22,-0.18111002987436697,1.0,0.0,Smooth
1883,bj920879,2025-07-28,expired,0.28348099961763573,0.5424414386461711,-0.008882835207567897,22,-0.30961231796747746,2.0,1.0,Pullback
1884,bj920942,2025-07-28,expired,0.4288389404304293,0.7857037701535119,-0.015586123617722155,22,-0.3581395655725361,0.0,2.0,Failure
1885,sz300706,2025-07-28,operable_filtered,0.14118534554295678,0.45224686287583626,0.013433130780470214,22,0.21581693696831694,2.0,1.0,Pullback
1886,bj920564,2025-07-28,operable_filtered,0.10785715920584542,0.14188570350222152,0.0029538348691271823,22,0.011413824288806884,1.0,0.0,Smooth
1887,sh603228,2025-07-28,operable_filtered,0.19640789677685713,0.421561662821481,-0.006312451195004572,22,-0.102779024539143,2.0,1.0,Pullback
1888,sh688585,2025-07-28,operable_filtered,0.24266839584872005,0.24625749714691358,-0.005605433634324565,22,0.01116657683533484,1.0,0.0,Smooth
1889,bj920522,2025-07-28,operable_filtered,0.1271317947742551,0.05040905513132088,-0.001096766190700797,22,-0.09062253634137896,1.0,0.0,Smooth
1890,sz300158,2025-07-28,operable_filtered,0.15427926440351591,0.43670970711808144,0.007302422644462556,22,0.14564373914986195,2.0,1.0,Pullback
1891,bj920663,2025-07-28,score_filtered,0.1545138532456783,0.007411774745845312,-0.0005898548155725848,22,-0.07664949299266022,1.0,0.0,Smooth
1892,sz300308,2025-07-28,score_filtered,0.07987755589716138,0.8492530313608608,0.021653213946237933,22,0.5486115250125527,0.0,2.0,Failure
1893,sz300950,2025-07-28,score_filtered,0.15488980452642173,0.3422750393586692,-0.0027721599813571862,22,-0.08158060976442172,2.0,1.0,Pullback
1894,bj920208,2025-07-28,score_filtered,0.14250305601223728,0.0031673834772597553,-0.0002871877816176085,22,-0.05379535319502304,1.0,0.0,Smooth
1895,sh603716,2025-07-28,score_filtered,0.1529972963773003,0.15409585772545165,0.004275361792731715,22,0.04838711720548461,1.0,0.0,Smooth
1896,sz002940,2025-07-28,score_filtered,0.21460550303532597,0.4000185695234555,-0.007234199724787593,22,-0.11211637066839497,2.0,1.0,Pullback
1897,sh688202,2025-07-28,score_filtered,0.14705037727630396,0.01980181129716463,0.0008892772867401159,22,-0.0728220862729414,1.0,0.0,Smooth
1898,sh688313,2025-07-28,score_filtered,0.1790888485482498,0.4097769164410757,0.010382982407370745,22,0.21112445165150495,2.0,1.0,Pullback
1899,sh603109,2025-07-28,score_filtered,0.14720812931648866,0.07838848440825108,-0.0014842476752419675,22,-0.0858829063981158,1.0,0.0,Smooth
1900,bj920706,2025-07-29,expired,0.20365127880009343,0.009661380872308944,-0.0008073045111766726,22,-0.11060068004057333,1.0,0.0,Smooth
1901,bj920344,2025-07-29,expired,0.24830699482695653,0.36712636412730437,-0.00494219723236949,22,-0.19630039676220468,2.0,1.0,Pullback
1902,bj920663,2025-07-29,filtered,0.17499997019767682,0.015190301411158513,-0.000863911815741449,22,-0.029719510364671686,1.0,0.0,Smooth
1903,bj920942,2025-07-29,expired,0.3917455035688054,0.8065936395974824,-0.013658388166142642,22,-0.32491577773823355,0.0,2.0,Failure
1904,bj920879,2025-07-29,expired,0.28766755393322396,0.5887152391920907,-0.006829988034745881,22,-0.2033182916509112,0.0,2.0,Failure
1905,bj920751,2025-07-29,operable_filtered,0.10874204952859616,0.009882705967066308,0.000457407017743545,22,-0.008329490980650833,1.0,0.0,Smooth
1906,sh688658,2025-07-29,operable_filtered,0.26390793711029115,0.19610694324987998,-0.004335596698068192,22,-0.16723647993898383,1.0,0.0,Smooth
1907,bj920564,2025-07-29,operable_filtered,0.12730684336061593,0.24393463990044717,0.003855845488569361,22,-0.02528904462506676,1.0,0.0,Smooth
1908,bj920522,2025-07-29,operable_filtered,0.11058451950030479,0.027478686283783915,-0.0007464027949799499,22,-0.0526403996966347,1.0,0.0,Smooth
1909,sh603228,2025-07-29,operable_filtered,0.19640789677685713,0.14452862828642776,-0.003479626029794818,22,-0.014652471843268677,1.0,0.0,Smooth
1910,sz300502,2025-07-29,operable_filtered,0.07735965833925312,0.8967294245477114,0.029675290121423836,22,0.8647228832448963,0.0,2.0,Failure
1911,sh688382,2025-07-29,operable_filtered,0.21900163046057247,0.5553211456652316,-0.0066303340803160245,22,-0.17845485586048315,2.0,1.0,Pullback
1912,sh688585,2025-07-29,operable_filtered,0.24266839584872005,0.19031861573665587,-0.005065971717554854,22,0.060062982487527394,1.0,0.0,Smooth
1913,sh688556,2025-07-29,score_filtered,0.1475284894799204,0.15661833604979536,0.003917372803974825,22,0.056603717566302336,1.0,0.0,Smooth
1914,bj920786,2025-07-29,score_filtered,0.1848484557303292,0.026600699592119414,-0.0010366056573071186,22,-0.14386791551015543,1.0,0.0,Smooth
1915,sh688630,2025-07-29,score_filtered,0.12436658115907902,0.20650904978469753,0.004509204857962063,22,0.15101517603425885,1.0,0.0,Smooth
1916,sz002370,2025-07-29,score_filtered,0.19041770581819806,0.3173209876194506,-0.004506328030112051,22,-0.11436543416122547,2.0,1.0,Pullback
1917,sz002645,2025-07-29,score_filtered,0.15740165032712636,0.6415859762036806,0.01299248558138084,22,0.16039046112879385,0.0,2.0,Failure
1918,bj920706,2025-07-30,expired,0.1880616379668643,0.008675547203613299,-0.0007629624460594364,22,-0.05890912142666904,1.0,0.0,Smooth
1919,bj920344,2025-07-30,expired,0.19413819790165998,0.2582943325602922,-0.0033023151983100608,22,-0.10811592876047327,2.0,1.0,Pullback
1920,bj920942,2025-07-30,expired,0.3055729513365145,0.8421922180091881,-0.011955366556257327,22,-0.24179619397320018,0.0,2.0,Failure
1921,bj920305,2025-07-30,traded,0.23944336538301372,0.2660779996420538,-0.004549215164531186,22,-0.17359668359256852,2.0,1.0,Pullback
1922,bj920879,2025-07-30,expired,0.20639187401107562,0.5728582004029605,-0.005925698779190285,22,-0.15904073305744493,2.0,1.0,Pullback
1923,bj920786,2025-07-30,traded,0.15937499464489527,0.029776240243184482,0.0007283008365710775,22,-0.0579709614696049,1.0,0.0,Smooth
1924,bj920522,2025-07-30,operable_filtered,0.10563941930551907,0.008738685832443638,-0.0004200935552637387,22,0.016868320014174598,1.0,0.0,Smooth
1925,sh688585,2025-07-30,operable_filtered,0.24266839584872005,0.21747191712433545,-0.005500085877913987,22,-0.25181027199053096,1.0,0.0,Smooth
1926,bj920873,2025-07-30,operable_filtered,0.14937764344116944,0.5350138430625967,-0.004036916570465229,22,-0.10816782014587423,2.0,1.0,Pullback
1927,bj920663,2025-07-30,operable_filtered,0.17499997019767682,0.051440785401078326,-0.001605814507038107,22,-0.018757768231935534,1.0,0.0,Smooth
1928,sh603367,2025-07-30,operable_filtered,0.23835230440763333,0.37369973029614334,-0.008100904495237104,22,-0.15161616493525465,2.0,1.0,Pullback
1929,sz300706,2025-07-30,operable_filtered,0.18912798309436754,0.23320522914931663,0.008657615218681722,22,0.1478969060681743,1.0,0.0,Smooth
1930,sh600010,2025-07-30,score_filtered,0.12758624545175468,0.49164627526876514,0.005140462431004022,22,0.03717468494625131,2.0,1.0,Pullback
1931,bj920925,2025-07-30,score_filtered,0.11882424300981766,0.5022292837875526,0.008176547053038647,22,0.09023435279377767,2.0,1.0,Pullback
1932,sz301038,2025-07-30,score_filtered,0.20799999237060546,0.022876271384067004,0.0018441883326140438,22,0.006535910231946662,1.0,0.0,Smooth
1933,sh600326,2025-07-30,score_filtered,0.25333331181452823,0.6532340998747054,-0.00898052286182914,22,-0.24334203343288396,0.0,2.0,Failure
1934,sh688630,2025-07-30,score_filtered,0.12436658115907902,0.2628047534645921,0.005439406626699563,22,0.18838460388958866,2.0,1.0,Pullback
1935,sh603389,2025-07-30,score_filtered,0.22608408244595213,0.0064540588723138725,-0.0007828478830136659,22,0.16541026943605242,1.0,0.0,Smooth
1936,bj920942,2025-07-31,expired,0.31433940975741975,0.8359715673822483,-0.011427336788118464,22,-0.2659163168312162,0.0,2.0,Failure
1937,bj920344,2025-07-31,expired,0.18293350425284663,0.09413382433213802,-0.0016973420614168132,22,0.02049972168715919,1.0,0.0,Smooth
1938,bj920305,2025-07-31,traded,0.2215127747387607,0.18522617996250745,-0.0031753510754483237,22,-0.11333333121405709,1.0,0.0,Smooth
1939,sh600749,2025-07-31,expired,0.23996294630807885,0.008144323038859924,-0.000973528439065872,22,-0.13439719195001498,1.0,0.0,Smooth
1940,bj920885,2025-07-31,operable_filtered,0.18440423280761026,0.03485214328640762,0.0010979118182300332,22,0.10287884468618902,1.0,0.0,Smooth
1941,sh688110,2025-07-31,operable_filtered,0.1437956419310694,0.7708515734157555,0.027990183814511817,22,0.7254355101519459,0.0,2.0,Failure
1942,sh603280,2025-07-31,operable_filtered,0.29660191331143565,0.7395995797725677,-0.014597057385778869,22,-0.2531756175866634,0.0,2.0,Failure
1943,bj920663,2025-07-31,operable_filtered,0.1777777453999452,0.12187794973675536,-0.002562298247221694,22,0.015017674989132201,1.0,0.0,Smooth
1944,bj920786,2025-07-31,operable_filtered,0.10183634056523116,0.16314982033325454,0.0014595367883413366,22,-0.021505356128998288,1.0,0.0,Smooth
1945,bj920662,2025-07-31,score_filtered,0.24989931303954327,0.4251861936560517,0.013947862347429679,22,0.30728240624331105,2.0,1.0,Pullback
1946,sz002940,2025-07-31,score_filtered,0.21954605748042913,0.6373935147998159,-0.00980368720533968,22,-0.22123328947926835,0.0,2.0,Failure
1947,sz300436,2025-07-31,score_filtered,0.293441959095169,0.20672458112495662,0.008798041808790125,22,0.2859237451361678,1.0,0.0,Smooth
1948,sh603367,2025-07-31,score_filtered,0.26846592494648314,0.5315009419335852,-0.010691710109467005,22,-0.15932432223261506,2.0,1.0,Pullback
1949,sz300706,2025-07-31,score_filtered,0.18912798309436754,0.1244040392190977,0.005970066047616216,22,0.26105011794894883,1.0,0.0,Smooth
1950,sh600326,2025-07-31,score_filtered,0.24520478338097254,0.647507630712012,-0.007972642782924663,22,-0.2016483997869638,0.0,2.0,Failure
1951,sz300732,2025-07-31,score_filtered,0.27717388688697087,0.5696131020458376,-0.009340544059571495,22,-0.14444448074686123,2.0,1.0,Pullback
1952,sz002370,2025-07-31,score_filtered,0.2088452351843948,0.5527560042583997,-0.006415923328862141,22,-0.11621623276096771,2.0,1.0,Pullback
1953,sh688382,2025-07-31,score_filtered,0.21409762859034145,0.361628130260892,-0.00420353196782824,22,-0.067480598601797,2.0,1.0,Pullback
1954,bj920942,2025-08-01,expired,0.31433940975741975,0.850954409126062,-0.010139872595368271,22,-0.22671355325028963,0.0,2.0,Failure
1955,bj920950,2025-08-01,expired,0.09926333006641035,0.152690397789205,-0.0015773937772100325,22,-0.08389397708071955,1.0,0.0,Smooth
1956,sh603389,2025-08-01,expired,0.22608408244595213,0.23466527147692218,-0.004550147973851644,20,0.057119872945725625,1.0,0.0,Smooth
1957,sh603280,2025-08-01,expired,0.2967637601780044,0.7536201641687839,-0.015017191301803253,22,-0.2858569174934912,0.0,2.0,Failure
1958,bj920344,2025-08-01,expired,0.18293350425284663,0.06055768980762888,-0.001370801778946645,22,-0.05094392897826816,1.0,0.0,Smooth
1959,sh603716,2025-08-01,operable_filtered,0.12906606261287357,0.5057443157009198,0.008555964442989403,22,0.0303541190593406,2.0,1.0,Pullback
1960,sh600749,2025-08-01,operable_filtered,0.23996294630807885,0.002257065658222701,0.0004827529829182512,22,0.0063042458649122946,1.0,0.0,Smooth
1961,sz300878,2025-08-01,operable_filtered,0.28771326339027126,0.6643545880463632,-0.009357195837638398,22,-0.1658107270657596,0.0,2.0,Failure
1962,sh688189,2025-08-01,operable_filtered,0.21354168908739443,0.0006466189817679879,0.00026761369960903877,22,-0.10608695209890173,1.0,0.0,Smooth
1963,sz300683,2025-08-01,operable_filtered,0.22797924868868233,0.2604826003331481,-0.005205501046585334,22,-0.22579536927908583,2.0,1.0,Pullback
1964,sh600326,2025-08-01,operable_filtered,0.24520478338097254,0.6464957762864734,-0.0077289971290723505,22,-0.19690897055466294,0.0,2.0,Failure
1965,bj920266,2025-08-01,operable_filtered,0.16603772145397258,0.6022180413333467,-0.0044517244055667865,22,-0.1250000279396768,0.0,2.0,Failure
1966,bj920885,2025-08-01,score_filtered,0.18440423280761026,0.014190711632083186,0.0006545745740319643,22,-0.03763246821567712,1.0,0.0,Smooth
1967,sz002940,2025-08-01,score_filtered,0.24193297793883362,0.6368604435140159,-0.009663239744562324,22,-0.29829978875891794,0.0,2.0,Failure
1968,sz300950,2025-08-01,score_filtered,0.13726650529505546,0.002491847586476803,0.000394708800675238,22,0.06609734945503343,1.0,0.0,Smooth
1969,sh688800,2025-08-01,score_filtered,0.14000001795151654,0.35237527527381407,0.005179771031929685,22,0.05505959442954267,2.0,1.0,Pullback
1970,sh603256,2025-08-01,score_filtered,0.1361344485285927,0.8370215137100477,0.03011592851594265,22,0.39020774536385505,0.0,2.0,Failure
1971,bj920885,2025-08-04,traded,0.17052411384080104,0.011113296413435059,0.0005883023426986596,22,-0.09555130306588766,1.0,0.0,Smooth
1972,bj920942,2025-08-04,expired,0.22995783378047155,0.8427808988828003,-0.008870963553944807,22,-0.15185329863459374,0.0,2.0,Failure
1973,sh603389,2025-08-04,expired,0.22608408244595213,0.07744395476269872,-0.0023432414469864776,22,0.051724151790748296,1.0,0.0,Smooth
1974,sz300289,2025-08-04,traded,0.29048845939676465,0.43247721834778363,-0.01050366718539494,22,-0.13166481137742847,2.0,1.0,Pullback
1975,bj920344,2025-08-04,operable_filtered,0.18293350425284663,0.0005660986923070599,-0.0001208613585098243,22,-0.04294289581351285,1.0,0.0,Smooth
1976,sh601089,2025-08-04,expired,0.2564179150026236,0.535702313693287,-0.010943229463251398,22,-0.1188325224009078,2.0,1.0,Pullback
1977,sz301389,2025-08-04,expired,0.1762687492039076,0.4865866045562486,0.015076724403314243,22,0.22170812101040727,2.0,1.0,Pullback
1978,sz300878,2025-08-04,expired,0.2508973301501287,0.5533601629094633,-0.00761647786211482,22,-0.08552106884360344,2.0,1.0,Pullback
1979,sz300966,2025-08-04,operable_filtered,0.1761467609930476,0.717529797309548,-0.0066897537558474945,22,-0.19106148958030023,0.0,2.0,Failure
1980,sh688189,2025-08-04,operable_filtered,0.1991749733370184,0.04518641767780862,0.0019897576116003155,22,-0.06473914159959782,1.0,0.0,Smooth
1981,sh603367,2025-08-04,operable_filtered,0.27215908284276,0.70924253571685,-0.014025314469363342,22,-0.10452733692741134,0.0,2.0,Failure
1982,sh603280,2025-08-04,operable_filtered,0.2967637601780044,0.7487032609504533,-0.014752446581322598,22,-0.26381118796006864,0.0,2.0,Failure
1983,sh600117,2025-08-04,score_filtered,0.33976830316018775,0.7664145507081717,-0.01153003801371396,22,-0.2947368621826172,0.0,2.0,Failure
1984,sz300436,2025-08-04,score_filtered,0.3531995888130531,0.0024911233341075034,0.0008745005966321969,22,-0.0344799840631802,1.0,0.0,Smooth
1985,sh688800,2025-08-04,score_filtered,0.14000001795151654,0.2464443291850026,0.004161419525810756,22,0.06278752493822148,1.0,0.0,Smooth
1986,bj920522,2025-08-04,score_filtered,0.10264587614151346,0.13220380623743466,0.002099148570840541,22,0.03588039568168666,1.0,0.0,Smooth
1987,sz002370,2025-08-04,score_filtered,0.1796178171390827,0.3788247810401433,-0.0040393454288896085,22,-0.06325703917233394,2.0,1.0,Pullback
1988,sz002097,2025-08-04,score_filtered,0.2731172386682306,0.4284210497462523,-0.008610347526731515,22,-0.14502037041665627,2.0,1.0,Pullback
1989,sz301489,2025-08-04,score_filtered,0.09989997863769531,0.884185792802815,0.022790189518965585,22,0.6849743179018533,0.0,2.0,Failure
1990,sh603389,2025-08-05,expired,0.22608408244595213,0.01861400337345931,-0.0012275559620825618,22,0.05182482102421693,1.0,0.0,Smooth
1991,bj920942,2025-08-05,expired,0.22995783378047155,0.831783825155474,-0.008554953975785486,22,-0.12144290957883452,0.0,2.0,Failure
1992,bj920885,2025-08-05,traded,0.15376340741343356,0.010787054912960947,-0.0007365535797296792,22,-0.1420234014600642,1.0,0.0,Smooth
1993,bj920344,2025-08-05,expired,0.14785325920722842,0.043520578612751826,0.0009283797263141394,22,0.0,1.0,0.0,Smooth
1994,sh601089,2025-08-05,operable_filtered,0.2564179150026236,0.5153109618154068,-0.01070177748227822,22,-0.03279857758706861,2.0,1.0,Pullback
1995,bj920925,2025-08-05,operable_filtered,0.12664162898788256,0.5304382821923155,0.008566938504414135,22,0.13730986261133893,2.0,1.0,Pullback
1996,sz300486,2025-08-05,operable_filtered,0.1875000087653887,0.7380194052643916,0.02278836458897963,22,0.3890844368866879,0.0,2.0,Failure
1997,sz002097,2025-08-05,score_filtered,0.290276421915709,0.5382244113445767,-0.010472837592241107,22,-0.18171430315290182,2.0,1.0,Pullback
1998,sz301489,2025-08-05,score_filtered,0.09989997863769531,0.8095025914133519,0.020175688105666858,22,0.2976806836335506,0.0,2.0,Failure
1999,sz300289,2025-08-05,score_filtered,0.3033418970616861,0.5625866936114907,-0.012647768248077859,22,-0.0282555879864691,2.0,1.0,Pullback
2000,sh603200,2025-08-05,score_filtered,0.09041546743141521,0.586648933859776,0.009745316492446874,22,0.17847507653497008,2.0,1.0,Pullback
2001,sz300732,2025-08-05,score_filtered,0.2903726504571158,0.8091784358789813,-0.013068217695705781,22,-0.1481132633960197,0.0,2.0,Failure
2002,sz301038,2025-08-05,score_filtered,0.24800000190734864,0.20834011981844003,-0.006006916416927421,22,0.07042250752586954,1.0,0.0,Smooth
2003,sz300960,2025-08-05,score_filtered,0.2975871179073405,0.7387089915980601,-0.01014975621066371,22,-0.1712004453112046,0.0,2.0,Failure
2004,bj920663,2025-08-05,score_filtered,0.1892360763877253,0.7036439846161284,-0.00635353139557454,22,-0.19051039882098153,0.0,2.0,Failure
2005,sz000691,2025-08-05,score_filtered,0.23536736355360677,0.030178368492158603,-0.001613183517145036,22,-0.09439532795248173,1.0,0.0,Smooth
2006,sh600117,2025-08-05,score_filtered,0.25498897459504793,0.8530497633659827,-0.009405926651503404,22,-0.22663556529877915,0.0,2.0,Failure
2007,sh688210,2025-08-05,score_filtered,0.10711067661177617,0.16913614900277874,0.0026294334413776528,22,-0.015585065305502743,1.0,0.0,Smooth
2008,bj920663,2025-08-06,traded,0.15398550511808665,0.686024610625811,-0.00505669203302878,22,-0.10696617146272513,0.0,2.0,Failure
2009,sh603367,2025-08-06,operable_filtered,0.27215908284276,0.8652525581437895,-0.016817920956328967,22,-0.2337386651899499,0.0,2.0,Failure
2010,bj920885,2025-08-06,operable_filtered,0.1870967521407254,0.046416728733481794,-0.0016915522501701108,22,-0.09035908010248439,1.0,0.0,Smooth
2011,sz300731,2025-08-06,operable_filtered,0.22487807855373476,0.08856520581278282,-0.0030061656521501675,22,-0.007742262805896183,1.0,0.0,Smooth
2012,sz300644,2025-08-06,operable_filtered,0.1516908783220345,0.6657353580231902,-0.00702955700395264,22,-0.13265807788070194,0.0,2.0,Failure
2013,sz002097,2025-08-06,operable_filtered,0.3079122605063729,0.611326141848831,-0.011743175020173597,22,-0.08000001453218009,0.0,2.0,Failure
2014,bj920305,2025-08-06,operable_filtered,0.1800000040154708,0.1048333538928613,-0.0021924139076877165,22,-0.049079710092355455,1.0,0.0,Smooth
2015,sz300329,2025-08-06,score_filtered,0.11724136615621633,0.3065543536540035,0.004463386996518393,22,-0.02015498317023534,2.0,1.0,Pullback
2016,sz301389,2025-08-06,score_filtered,0.20078456135284367,0.5701133454901813,0.016810423997873705,22,0.30196081423291976,2.0,1.0,Pullback
2017,sz300706,2025-08-06,score_filtered,0.24046806292652084,0.6283743821162919,-0.009430937059448988,22,-0.1596726948114915,0.0,2.0,Failure
2018,sz301529,2025-08-06,score_filtered,0.1702727177607993,0.4161389303003591,0.007896126654626719,22,0.23498453937978758,2.0,1.0,Pullback
2019,sh688585,2025-08-06,score_filtered,0.2412375125992572,0.2910795418477007,-0.006489572752712059,22,-0.16712029100845316,2.0,1.0,Pullback
2020,sz300885,2025-08-06,score_filtered,0.28904788999998576,0.9026199756999458,-0.016487433819648508,22,-0.2515417115981099,0.0,2.0,Failure
2021,sz301117,2025-08-06,score_filtered,0.3034022517064487,0.9266146554550589,-0.014403964766192455,22,-0.24755017403777246,0.0,2.0,Failure
2022,sz300689,2025-08-06,score_filtered,0.17884616014031765,0.6145636809445434,-0.0064655606707199045,22,-0.11132558214176713,0.0,2.0,Failure
2023,sh688210,2025-08-06,score_filtered,0.09032550947242175,0.3786504600770836,0.005112558705964151,22,0.12627194432306643,2.0,1.0,Pullback
2024,sh688039,2025-08-06,score_filtered,0.19811318830845642,0.002628522822712087,-0.00045061263376515036,22,-0.14447447098632038,1.0,0.0,Smooth
2025,bj920247,2025-08-07,expired,0.23196126151763807,0.001257886152587262,-0.0004080211962515062,22,0.32942460836102216,1.0,0.0,Smooth
2026,bj920706,2025-08-07,traded,0.20154045948004304,0.738560747672292,-0.007941210852945873,22,-0.09314399947640373,0.0,2.0,Failure
2027,bj920663,2025-08-07,operable_filtered,0.11485969960921043,0.48933667410676873,-0.0037878471212701875,22,-0.021157636544465896,2.0,1.0,Pullback
2028,sh603767,2025-08-07,operable_filtered,0.2996060681673835,0.22582538023015775,-0.005501826501898709,22,-0.03963722831814909,1.0,0.0,Smooth
2029,sz301117,2025-08-07,operable_filtered,0.3034022517064487,0.9103038848165959,-0.013905320316521898,22,-0.19173761632508668,0.0,2.0,Failure
2030,bj920693,2025-08-07,score_filtered,0.1938709751252205,0.03802684914126486,-0.0013171108692549395,22,0.06467558061775458,1.0,0.0,Smooth
2031,sz301076,2025-08-07,score_filtered,0.19719641088007628,0.04920044547150204,0.002833528715313227,22,0.3993086960152237,1.0,0.0,Smooth
2032,sz300706,2025-08-07,score_filtered,0.24046806292652084,0.6666987268410316,-0.010023628561646653,22,-0.1016532486077335,0.0,2.0,Failure
2033,sz300875,2025-08-07,score_filtered,0.3602898639181386,0.7081403605737809,-0.014324583545913044,22,-0.28373589959470835,0.0,2.0,Failure
2034,sh688585,2025-08-07,score_filtered,0.2412375125992572,0.32127219100284354,-0.0070124105831382505,22,-0.1088867881519614,2.0,1.0,Pullback
2035,sz300689,2025-08-07,score_filtered,0.17884616014031765,0.5715788588983028,-0.0061114052778974935,22,-0.061679763418679645,2.0,1.0,Pullback
2036,sz300329,2025-08-07,score_filtered,0.11724136615621633,0.38803969868490307,0.004991159778018958,22,0.044444442700183995,2.0,1.0,Pullback
2037,sz300322,2025-08-07,score_filtered,0.24135706095516318,0.5095907998341789,-0.00812417907707112,22,-0.14862382521323103,2.0,1.0,Pullback
2038,sz301357,2025-08-07,score_filtered,0.39939394864169037,0.09384865006949461,-0.006290025114120346,22,-0.19732392002159438,1.0,0.0,Smooth
2039,sz300703,2025-08-07,score_filtered,0.18141702790619943,0.06908722635056752,-0.0023643487902815395,22,0.1201953920197778,1.0,0.0,Smooth
2040,sh688039,2025-08-07,score_filtered,0.1968503937007874,0.0003056188421560746,0.00014446970538278123,22,-0.05555549968009699,1.0,0.0,Smooth
2041,sz300885,2025-08-07,score_filtered,0.28904788999998576,0.8501939479905594,-0.015363162965530329,22,-0.16598503114881025,0.0,2.0,Failure
2042,sz300731,2025-08-07,score_filtered,0.23593493205745045,0.2180442638689769,-0.0049196709722333,22,-0.09220001220703122,1.0,0.0,Smooth
2043,sz301161,2025-08-07,score_filtered,0.2750263230185904,0.3303712620189323,-0.008705526341133503,22,-0.05153589263142644,2.0,1.0,Pullback
2044,bj920706,2025-08-08,expired,0.19220779944600191,0.7292636101861663,-0.0078019203546821,22,-0.12265822228371048,0.0,2.0,Failure
2045,bj920247,2025-08-08,expired,0.23196126151763807,0.04504450188442388,-0.0020716741700618035,22,0.04620453093990573,1.0,0.0,Smooth
2046,bj920942,2025-08-08,expired,0.18176722892060812,0.866709806080699,-0.0082120807408438,22,-0.17920438544459327,0.0,2.0,Failure
2047,sh688425,2025-08-08,expired,0.14130432287680297,0.6236306629389894,-0.004960742582305064,22,-0.09225698961162754,0.0,2.0,Failure
2048,bj920879,2025-08-08,traded,0.1282808368154336,0.6269345248866114,-0.005322438140667944,22,-0.1236934163776513,0.0,2.0,Failure
2049,bj920438,2025-08-08,operable_filtered,0.24262293831246798,0.4186621148260131,0.021140700515345532,22,0.6207885963793873,2.0,1.0,Pullback
2050,bj920174,2025-08-08,operable_filtered,0.19390892306590377,0.7142416923106312,-0.007280122620323803,22,-0.14733682625665512,0.0,2.0,Failure
2051,sz300732,2025-08-08,operable_filtered,0.2774193295330949,0.930048850228202,-0.014389608304928527,22,-0.2880524043244993,0.0,2.0,Failure
2052,sh603516,2025-08-08,operable_filtered,0.21501306313229004,0.03550560246558798,-0.002374519047369374,22,0.18775556952202832,1.0,0.0,Smooth
2053,sh600475,2025-08-08,operable_filtered,0.2223801177162742,0.011700392132367954,-0.0009088703302960233,22,-0.092657299372634,1.0,0.0,Smooth
2054,sz002046,2025-08-08,score_filtered,0.1996046963371838,0.00829124386650637,0.000853310093524295,22,0.04475744197272502,1.0,0.0,Smooth
2055,sz300218,2025-08-08,score_filtered,0.18691588785046728,0.02643307170401188,-0.0014832642563254055,22,-0.13598326576876563,1.0,0.0,Smooth
2056,sh603280,2025-08-08,score_filtered,0.28451180289138633,0.7949121484188809,-0.015325605048240572,22,-0.22273566685634383,0.0,2.0,Failure
2057,sh600629,2025-08-08,score_filtered,0.2008494877356785,0.1918769310022176,-0.004141877405106727,22,-0.17360208429302748,1.0,0.0,Smooth
2058,sz300706,2025-08-08,score_filtered,0.24046806292652084,0.788397840558752,-0.011550384614267746,22,-0.14401224637910104,0.0,2.0,Failure
2059,sz300322,2025-08-08,score_filtered,0.24135706095516318,0.5865101288637574,-0.009377567846925727,22,-0.16157524392054567,0.0,2.0,Failure
2060,sh600326,2025-08-08,score_filtered,0.22857142857142856,0.8848102017234813,-0.010959426692639622,22,-0.20641650766322317,0.0,2.0,Failure
2061,bj920199,2025-08-08,score_filtered,0.19748547260741195,0.540372378286818,-0.007033892738244881,22,-0.05939418886001835,2.0,1.0,Pullback
2062,sh601089,2025-08-08,score_filtered,0.3023880346497493,0.7926872288203777,-0.015186463477502967,22,-0.2629379667210281,0.0,2.0,Failure
2063,sh688551,2025-08-08,score_filtered,0.18221430891461252,0.29232436506569814,-0.0037629731432033053,22,-0.13173916028893518,2.0,1.0,Pullback
2064,bj920438,2025-08-11,expired,0.24262293831246798,0.30095100387882845,0.015986222944266097,22,0.6161395388792319,2.0,1.0,Pullback
2065,bj920247,2025-08-11,expired,0.23196126151763807,0.016966805673085505,-0.0012971087055582504,22,0.12704003906249994,1.0,0.0,Smooth
2066,sh601089,2025-08-11,operable_filtered,0.3023880346497493,0.7946135074372942,-0.015253173531137752,22,-0.2516318289182943,0.0,2.0,Failure
2067,sh688551,2025-08-11,operable_filtered,0.15954591167208373,0.269373268354406,-0.0034697809000789454,22,-0.10581654276296892,2.0,1.0,Pullback
2068,sh603716,2025-08-11,operable_filtered,0.2423924456983533,0.011815652917551933,-0.0012759574439606882,22,-0.016449607169852887,1.0,0.0,Smooth
2069,sh688189,2025-08-11,operable_filtered,0.26842684447324233,0.059982419733152215,-0.002941774198146504,22,-0.08448651755913827,1.0,0.0,Smooth
2070,sz300436,2025-08-11,score_filtered,0.39924837558865023,0.6869110560355975,-0.017187557814171025,22,-0.18763411815861264,0.0,2.0,Failure
2071,sz300400,2025-08-11,score_filtered,0.11537096170386561,0.005925909347341607,-0.00046461534419619415,22,0.06706032112962657,1.0,0.0,Smooth
2072,sh603516,2025-08-11,score_filtered,0.21501306313229004,0.018945384136388355,-0.0018081407918006257,22,0.34010749734858026,1.0,0.0,Smooth
2073,sz300885,2025-08-11,score_filtered,0.28904788999998576,0.6921192987789095,-0.01257577793062196,22,-0.1895467955343687,0.0,2.0,Failure
2074,sz300732,2025-08-11,score_filtered,0.2684341220412392,0.9318402436921682,-0.013187907694339557,22,-0.2269129243337008,0.0,2.0,Failure
2075,bj920199,2025-08-11,score_filtered,0.21102513900217998,0.6911483395058241,-0.008241825036283089,22,-0.10553552591449089,0.0,2.0,Failure
2076,sz301200,2025-08-11,score_filtered,0.1618446424169448,0.1415711810226845,-0.0032177067736025664,22,0.011377831974616281,1.0,0.0,Smooth
2077,sh601929,2025-08-11,score_filtered,0.14385148347803478,0.7931568194083785,0.02521858971743235,22,0.7767584026509229,0.0,2.0,Failure
2078,sz300877,2025-08-11,score_filtered,0.15187439635255773,0.414342179888604,-0.0038461863919021415,22,-0.06849803886050931,2.0,1.0,Pullback
2079,sz301117,2025-08-11,score_filtered,0.3034022517064487,0.8883701268688231,-0.013342055321555451,22,-0.18879056655755833,0.0,2.0,Failure
2080,sz300703,2025-08-11,score_filtered,0.18141702790619943,0.12234302414179865,-0.0030288708490467677,22,0.021654172051221776,1.0,0.0,Smooth
2081,sz002097,2025-08-11,score_filtered,0.3260247544402223,0.9389899129472413,-0.01680245723155988,22,-0.23419461813130382,0.0,2.0,Failure
2082,bj920247,2025-08-12,expired,0.23196126151763807,0.021729060071507433,-0.0014554121865667344,22,0.05878808774747224,1.0,0.0,Smooth
2083,sz002176,2025-08-12,operable_filtered,0.11823641338935868,0.010945287244398805,0.0008013197665006542,22,0.006160207497603487,1.0,0.0,Smooth
2084,sz300368,2025-08-12,score_filtered,0.23394991476600266,0.610118749137958,-0.008302821508190734,22,-0.1494186357268118,0.0,2.0,Failure
2085,sz300476,2025-08-12,score_filtered,0.09617979331819766,0.6297396805803435,0.014395487093147448,22,0.4201680672268908,0.0,2.0,Failure
2086,bj920199,2025-08-12,score_filtered,0.22649901183109525,0.741816090665865,-0.008784189246996981,22,-0.16434302395902234,0.0,2.0,Failure
2087,sz000901,2025-08-12,score_filtered,0.2918492522558034,0.7628663772870576,-0.013033729179593995,22,-0.22259139069706302,0.0,2.0,Failure
2088,bj920305,2025-08-12,score_filtered,0.18421052631578946,0.1251933797771091,-0.0023201250018304183,22,-0.05247980619402115,1.0,0.0,Smooth
2089,sh603800,2025-08-12,score_filtered,0.19583333333333333,0.1092137119834311,-0.0029077472007414747,22,-0.024913669844794706,1.0,0.0,Smooth
2090,sz300322,2025-08-12,score_filtered,0.24135706095516318,0.633215883251292,-0.01004033512859032,22,-0.18471987752555297,0.0,2.0,Failure
2091,sh688273,2025-08-12,score_filtered,0.25777613161835605,0.8464992790585761,-0.011784623458423,22,-0.19863009812655807,0.0,2.0,Failure
2092,sh600619,2025-08-12,score_filtered,0.24799998890269886,0.09588309845557474,-0.0034469328856644014,22,-0.17286395255289322,1.0,0.0,Smooth
2093,sh603767,2025-08-12,score_filtered,0.2996060681673835,0.3620995013958813,-0.006907047946427231,22,-0.14106585184994336,2.0,1.0,Pullback
2094,sh600410,2025-08-12,score_filtered,0.29608940968306546,0.0005844659319041989,0.0004742175272904846,22,0.1982704742794812,1.0,0.0,Smooth
2095,bj920184,2025-08-12,score_filtered,0.2784993102719389,0.017490098748868088,-0.0014903638309243829,22,0.002488571730546729,1.0,0.0,Smooth
2096,sz301076,2025-08-12,score_filtered,0.19719641088007628,0.04650939161339329,0.0026457117413125186,22,0.2648373694561381,1.0,0.0,Smooth
2097,sh600513,2025-08-12,score_filtered,0.3337555108816414,0.7219660110797144,-0.013307615171176587,22,-0.16033756632554363,0.0,2.0,Failure
2098,sz301005,2025-08-12,score_filtered,0.20064838788200667,0.5941986014834792,-0.0060589096070241015,22,-0.13025583930575646,0.0,2.0,Failure
2099,bj920247,2025-08-13,expired,0.23196126151763807,0.02373360086362608,-0.001520564638805053,22,0.0023915699411898306,1.0,0.0,Smooth
2100,bj920662,2025-08-13,expired,0.29641565175055506,0.4951601732212073,-0.010542182145860527,22,-0.010442458765836937,2.0,1.0,Pullback
2101,sz000901,2025-08-13,operable_filtered,0.2918492522558034,0.7428186578399638,-0.012485570294512622,22,-0.2602179574531336,0.0,2.0,Failure
2102,sh688108,2025-08-13,operable_filtered,0.3414893454693733,0.199002290593984,-0.006207439617968288,22,0.03322369215643639,1.0,0.0,Smooth
2103,bj920199,2025-08-13,operable_filtered,0.22649901183109525,0.7108426739829855,-0.008254915145272173,22,-0.184822547708812,0.0,2.0,Failure
2104,sz002298,2025-08-13,operable_filtered,0.2919117761524488,0.33778510792716543,-0.008078464971546446,22,0.057672545562993394,2.0,1.0,Pullback
2105,sz301150,2025-08-13,operable_filtered,0.08722173011581835,0.5474725658471952,0.010218912942747252,22,0.1787439411733125,2.0,1.0,Pullback
2106,sz300476,2025-08-13,score_filtered,0.09617979331819766,0.7097716382013284,0.01737581504198195,22,0.5046301692536317,0.0,2.0,Failure
2107,sh688788,2025-08-13,score_filtered,0.378784753932255,0.8245980855429976,-0.02005483337795313,22,-0.25864273166324814,0.0,2.0,Failure
2108,sh688668,2025-08-13,score_filtered,0.23596667511633002,0.01362429040817914,0.001324649934775093,22,0.011496370016172763,1.0,0.0,Smooth
2109,sz301217,2025-08-13,score_filtered,0.18186814730012715,0.028226871176630475,-0.00178966821550979,22,0.2282764163880644,1.0,0.0,Smooth
2110,sh605298,2025-08-13,score_filtered,0.12461062012894508,0.9380105257306454,0.03708267617168169,22,0.9777971990954002,0.0,2.0,Failure
2111,sh688584,2025-08-13,score_filtered,0.20168632779674728,0.5430760437365256,-0.006851061013993568,22,-0.006145006942561482,2.0,1.0,Pullback
2112,sz301606,2025-08-13,score_filtered,0.1206098655155621,0.2933989602455903,-0.0030362908966732097,22,0.02608430957748653,2.0,1.0,Pullback
2113,sz301489,2025-08-13,score_filtered,0.09989997863769531,0.6039010021390474,0.013123524359666204,22,0.4231794825433417,0.0,2.0,Failure
2114,sz300322,2025-08-13,score_filtered,0.2016321093486025,0.5990930869149935,-0.00929865913271502,22,-0.13129825762057312,0.0,2.0,Failure
2115,sh688585,2025-08-13,score_filtered,0.2422165460310043,0.38641733129329137,-0.008369230881299868,22,-0.09194331539122402,2.0,1.0,Pullback
2116,sh600619,2025-08-13,score_filtered,0.24799998890269886,0.05878343240758055,-0.0025885422477777064,22,-0.021538451477721487,1.0,0.0,Smooth
2117,bj920247,2025-08-14,expired,0.23196126151763807,0.020629807797347577,-0.0014182195445729053,22,-0.03628572736467639,1.0,0.0,Smooth
2118,bj920438,2025-08-14,expired,0.24262293831246798,0.06965810635763448,0.0035289980759382134,22,0.4851752221110144,1.0,0.0,Smooth
2119,bj920662,2025-08-14,expired,0.29641565175055506,0.6208366117385473,-0.01190298589722269,22,-0.10040780511914071,0.0,2.0,Failure
2120,sz300436,2025-08-14,operable_filtered,0.39924837558865023,0.7948545315457307,-0.01903303444608412,22,-0.2788806833718346,0.0,2.0,Failure
2121,bj920199,2025-08-14,operable_filtered,0.21618970365215764,0.680391924766266,-0.007114043384904877,22,-0.17237804337964258,0.0,2.0,Failure
2122,sz000901,2025-08-14,operable_filtered,0.2511584844974892,0.7237313239551018,-0.011205856953330106,22,-0.18718461864767244,0.0,2.0,Failure
2123,sh603800,2025-08-14,score_filtered,0.15007927407191884,0.105191906284539,0.0031242244926342525,22,0.16489049061988048,1.0,0.0,Smooth
2124,sh601089,2025-08-14,score_filtered,0.2938112846788011,0.7166565153752423,-0.012863575654355957,22,-0.2529207518025107,0.0,2.0,Failure
2125,sh688110,2025-08-14,score_filtered,0.31985294117647056,0.1994962053164402,0.00772911960961739,22,0.20189342133123112,1.0,0.0,Smooth
2126,sh688025,2025-08-14,score_filtered,0.08613206347579488,0.7013730503815865,0.011554487369238203,22,0.2620578623332197,0.0,2.0,Failure
2127,sz300870,2025-08-14,score_filtered,0.26148409893992935,0.498708359858401,-0.010551246707796592,22,-0.08160965303539991,2.0,1.0,Pullback
2128,sz300237,2025-08-14,score_filtered,0.16237115872654986,0.8199724652271003,0.020537820408592724,22,0.5018867456009075,0.0,2.0,Failure
2129,sh688585,2025-08-14,score_filtered,0.2422165460310043,0.13077533915930228,-0.004883259556510142,22,0.0034129092287502605,1.0,0.0,Smooth
2130,sh688256,2025-08-14,score_filtered,0.2117264541285165,0.4000899874891849,0.016043695079576092,22,0.5589476896934902,2.0,1.0,Pullback
2131,sz300472,2025-08-14,score_filtered,0.09076925424429086,0.5390090146964861,0.008243839400390337,22,0.13725492946004425,2.0,1.0,Pullback
2132,bj920026,2025-08-14,score_filtered,0.2639500952448972,0.12651114244782535,-0.0038386607511137387,22,0.12031087125355744,1.0,0.0,Smooth
2133,sh600203,2025-08-14,score_filtered,0.2342826688531311,0.8145182067489443,-0.010995153142284192,22,-0.17942859104701447,0.0,2.0,Failure
2134,bj920247,2025-08-15,expired,0.23196126151763807,0.0030223429040892036,-0.0005383172672936557,22,-0.09879143459172568,1.0,0.0,Smooth
2135,bj920438,2025-08-15,expired,0.24262293831246798,0.042198961390252365,0.002389004550195812,22,0.17084805632748967,1.0,0.0,Smooth
2136,bj920662,2025-08-15,expired,0.29641565175055506,0.6210843240293433,-0.011905888786379928,22,-0.24133613789230257,0.0,2.0,Failure
2137,bj920225,2025-08-15,expired,0.2674946520853776,0.7063679209872957,-0.008954497820577887,22,-0.21862746570777314,0.0,2.0,Failure
2138,bj920026,2025-08-15,expired,0.2639500952448972,0.2680763278655518,-0.005094633052764638,22,0.01210051605539042,2.0,1.0,Pullback
2139,sz300436,2025-08-15,operable_filtered,0.39924837558865023,0.7412876657955623,-0.01699671667960844,22,-0.32028802271009627,0.0,2.0,Failure
2140,sz002298,2025-08-15,operable_filtered,0.2919117761524488,0.5299706681766498,-0.009936972906676285,22,-0.06542888570622696,2.0,1.0,Pullback
2141,sz300486,2025-08-15,operable_filtered,0.2429065934403178,0.010621777017924772,-0.0010508464993019319,22,0.011586462686898225,1.0,0.0,Smooth
2142,sh688648,2025-08-15,operable_filtered,0.24807530975825925,0.06654747055073673,-0.002761752436593621,22,-0.06649354216340297,1.0,0.0,Smooth
2143,sh688110,2025-08-15,operable_filtered,0.31985294117647056,0.21305774394905685,0.008039750124239785,22,0.0740456268469587,1.0,0.0,Smooth
2144,sh688788,2025-08-15,operable_filtered,0.40844050401468796,0.8483657444836163,-0.020858236951165884,22,-0.4001706442289563,0.0,2.0,Failure
2145,sh688660,2025-08-15,operable_filtered,0.2769825818859435,0.004348640665271075,0.0011341589496879484,22,0.0578919390610948,1.0,0.0,Smooth
2146,sz300870,2025-08-15,score_filtered,0.26148409893992935,0.525437065636692,-0.010924843489504132,22,-0.11064258253717996,2.0,1.0,Pullback
2147,sz301217,2025-08-15,score_filtered,0.18186814730012715,0.0679819331717153,-0.0025627919557450725,22,-0.0056902854202472986,1.0,0.0,Smooth
2148,bj920247,2025-08-18,expired,0.2073963280727305,0.03371572104296838,0.001624522553301038,22,-0.06702413005724805,1.0,0.0,Smooth
2149,bj920026,2025-08-18,expired,0.2639500952448972,0.25340486618019387,-0.004943309727240425,22,-0.016855218635169922,2.0,1.0,Pullback
2150,bj920225,2025-08-18,expired,0.18886277294968817,0.6978358657059913,-0.007271852547188999,22,-0.1636936089611094,0.0,2.0,Failure
2151,bj920808,2025-08-18,expired,0.19999997120983196,0.029331395406391292,0.0018830746634550958,22,0.05799803715191465,1.0,0.0,Smooth
2152,bj920662,2025-08-18,expired,0.2659663918748869,0.5546197861883494,-0.009506200565451404,22,-0.2245032187913366,2.0,1.0,Pullback
2153,bj920402,2025-08-18,expired,0.25739459183250285,0.5839088012778645,-0.006113976883663017,22,-0.1347984798780303,0.0,2.0,Failure
2154,sh603221,2025-08-18,traded,0.30568181805866806,0.05715374339283186,-0.0018323357173388088,22,-0.12524717264170548,1.0,0.0,Smooth
2155,sz300730,2025-08-18,expired,0.2864380524230984,0.4016801069011068,-0.006920242523129249,22,-0.02833009832988498,2.0,1.0,Pullback
2156,sz000561,2025-08-18,operable_filtered,0.30186338479501984,0.7971901423934258,-0.01174349346451362,22,-0.2332439998736957,0.0,2.0,Failure
2157,sh688603,2025-08-18,operable_filtered,0.24978860592000895,0.30038711852561906,-0.004793240176754853,22,-0.14143021434780145,2.0,1.0,Pullback
2158,bj920184,2025-08-18,operable_filtered,0.23580643438523816,0.6935356700749271,-0.009088572651915419,22,-0.1237481830388949,0.0,2.0,Failure
2159,sh688448,2025-08-18,operable_filtered,0.3367554004770026,0.7927330319297238,-0.018762436020033385,22,-0.30544898019648126,0.0,2.0,Failure
2160,sh688648,2025-08-18,operable_filtered,0.24807530975825925,0.00012384051108771388,-0.0001042517116720904,22,-0.10519478537819604,1.0,0.0,Smooth
2161,bj920914,2025-08-18,operable_filtered,0.16536734460674105,0.1666168146613679,0.004148375911624108,22,-0.05107863326960682,1.0,0.0,Smooth
2162,sh600208,2025-08-18,operable_filtered,0.22146503223890404,0.5055309633021159,-0.005463521486865475,22,-0.1498194818449845,2.0,1.0,Pullback
2163,bj920026,2025-08-19,expired,0.2639500952448972,0.3075767823528942,-0.00555875941473403,22,-0.22245807807565565,2.0,1.0,Pullback
2164,bj920225,2025-08-19,expired,0.16534342843324243,0.6560252088204594,-0.0061731595824117075,22,-0.158172227744259,0.0,2.0,Failure
2165,bj920808,2025-08-19,expired,0.1978811760063483,0.03828763382795575,0.0021581880577043588,22,-0.0355934074955262,1.0,0.0,Smooth
2166,bj920476,2025-08-19,expired,0.23081171531195419,0.4794603724740977,-0.00396702257860089,22,-0.10325581158778463,2.0,1.0,Pullback
2167,bj920981,2025-08-19,expired,0.19204081321249203,0.46613550204200016,-0.005779261916745311,22,-0.09555553860134547,2.0,1.0,Pullback
2168,bj920438,2025-08-19,expired,0.24262293831246798,0.17138108453303846,0.0049704915589036435,22,0.06938778624242659,1.0,0.0,Smooth
2169,bj920469,2025-08-19,filtered,0.1623615751985548,0.23693764658517824,-0.0026563878451426144,22,-0.10570004868119554,1.0,0.0,Smooth
2170,bj920402,2025-08-19,expired,0.18956044981724626,0.5263178432469218,-0.005316665047430923,22,-0.13069014301963955,2.0,1.0,Pullback
2171,sh600421,2025-08-19,expired,0.11259756954459767,0.00841792995441859,0.0005459661695419019,22,-0.05018357938597384,1.0,0.0,Smooth
2172,sz002298,2025-08-19,operable_filtered,0.2919117761524488,0.41999246828707704,-0.008074528910616281,22,-0.1575000286102295,2.0,1.0,Pullback
2173,bj920047,2025-08-19,operable_filtered,0.14521451251881698,0.45928921603070616,-0.003912369298272875,22,-0.10373002187793279,2.0,1.0,Pullback
2174,sh688108,2025-08-19,operable_filtered,0.26499399401643975,0.3591081820622959,-0.006458794811028059,22,-0.21405578872142972,2.0,1.0,Pullback
2175,sh688195,2025-08-19,operable_filtered,0.08314235338435336,0.9082847032252194,0.031523571295318804,22,0.703111097547743,0.0,2.0,Failure
2176,sh601609,2025-08-19,operable_filtered,0.22779658689337262,0.25653125073922045,-0.0052252664973976275,22,-0.17762711088536154,2.0,1.0,Pullback
2177,sh688098,2025-08-19,operable_filtered,0.3363688076302631,0.69113928189769,-0.009380963493609165,22,-0.24271185923430882,0.0,2.0,Failure
2178,bj920839,2025-08-19,operable_filtered,0.27515695340964824,0.2244709151760096,-0.004786180176633265,22,-0.16080408271389968,1.0,0.0,Smooth
2179,sh603222,2025-08-19,score_filtered,0.20962484506682022,0.5829202771994166,0.01450283179209563,22,0.1736931264122683,2.0,1.0,Pullback
2180,bj920504,2025-08-19,score_filtered,0.08668728492872126,0.016192748948789304,0.00046152708586643624,22,-0.019336138195058195,1.0,0.0,Smooth
2181,sz300995,2025-08-19,score_filtered,0.20294474027457715,0.7765051336273532,-0.00865312813601192,22,-0.17719325409650344,0.0,2.0,Failure
2182,bj920026,2025-08-20,expired,0.21202595883155273,0.24663936460578406,-0.00385511376223074,22,-0.13612790413207232,1.0,0.0,Smooth
2183,bj920839,2025-08-20,expired,0.27515695340964824,0.0860321651372461,-0.0021478256097550615,22,-0.08643042578880489,1.0,0.0,Smooth
2184,bj920808,2025-08-20,expired,0.1978811760063483,0.07790367604699189,0.0030216989077060255,22,-0.006149527239300068,1.0,0.0,Smooth
2185,bj920476,2025-08-20,expired,0.14250541178592283,0.507638240711404,-0.0033609272863639526,22,-0.09732109034112568,2.0,1.0,Pullback
2186,bj920438,2025-08-20,expired,0.24262293831246798,0.20872022320941408,0.00551159902834214,22,0.17209305874136982,1.0,0.0,Smooth
2187,sh603377,2025-08-20,operable_filtered,0.13461537579812916,0.02530629456640332,-0.0009950525558479646,22,0.02339179003549785,1.0,0.0,Smooth
2188,sh603222,2025-08-20,operable_filtered,0.20962484506682022,0.6878393958795417,0.016126052239462195,22,0.16929827804894293,0.0,2.0,Failure
2189,sz300642,2025-08-20,operable_filtered,0.23810974535383236,0.2529010856418761,-0.006036924440486574,22,0.004145873575528203,2.0,1.0,Pullback
2190,bj920184,2025-08-20,operable_filtered,0.24870964788621472,0.7389881166210326,-0.010655958596608115,22,-0.23348635915570815,0.0,2.0,Failure
2191,bj920981,2025-08-20,operable_filtered,0.19204081321249203,0.31333098705338713,-0.004339756262354631,22,-0.09251102691142798,2.0,1.0,Pullback
2192,bj920526,2025-08-20,score_filtered,0.16510994187617284,0.6295601104992559,-0.005603016977747263,22,-0.12081893013802203,0.0,2.0,Failure
2193,sh688108,2025-08-20,score_filtered,0.2594840665482316,0.3503759645334986,-0.006197196219931537,22,-0.17299829843550596,2.0,1.0,Pullback
2194,sh600590,2025-08-20,score_filtered,0.25851850156430844,0.7937518263902545,-0.010989489542783443,22,-0.21120002746582034,0.0,2.0,Failure
2195,sh688098,2025-08-20,score_filtered,0.24800001780192057,0.7052249016167174,-0.008519765724788441,22,-0.16923075455885672,0.0,2.0,Failure
2196,sh688519,2025-08-20,score_filtered,0.21951219512195122,0.004530272059397156,0.0009015164522178379,22,0.1492558839468754,1.0,0.0,Smooth
2197,sz300995,2025-08-20,score_filtered,0.20212769657922547,0.7781519934297552,-0.008781097404705262,22,-0.17456685602978428,0.0,2.0,Failure
2198,bj920978,2025-08-20,score_filtered,0.12261580126571028,0.5538022571637056,0.01397462472062221,22,0.5739321493612088,2.0,1.0,Pullback
2199,sz002272,2025-08-20,score_filtered,0.2531586611430614,0.16637698692431757,-0.005615746211462906,22,0.08405801524286693,1.0,0.0,Smooth
2200,sz002158,2025-08-20,score_filtered,0.1312608305445635,0.6768933939627664,0.008403223874233982,22,0.18902951046490535,0.0,2.0,Failure
2201,sz002046,2025-08-20,score_filtered,0.1875626715621309,0.12275013269661439,-0.0017431417436675066,22,-0.08902075166516121,1.0,0.0,Smooth
2202,bj920026,2025-08-21,expired,0.15703176936357827,0.18033843028574925,-0.0030391627049745694,22,-0.07097499686433606,1.0,0.0,Smooth
2203,bj920839,2025-08-21,operable_filtered,0.1544256314445354,0.0007006266854588938,-0.0001790450545074731,22,-0.0006768677685793367,1.0,0.0,Smooth
2204,bj920476,2025-08-21,expired,0.1327519000174717,0.5402022042577402,-0.003965843700403475,22,-0.13406516470044572,2.0,1.0,Pullback
2205,sh603377,2025-08-21,expired,0.13942306369719373,0.20133394538765337,-0.002772659970168744,22,-0.0417826909568495,1.0,0.0,Smooth
2206,bj920438,2025-08-21,operable_filtered,0.24262293831246798,0.14865674132019713,0.004373831184692341,22,0.12466668023003469,1.0,0.0,Smooth
2207,bj920047,2025-08-21,operable_filtered,0.1612157579886527,0.4647043989575138,-0.003928158792001109,22,-0.10520720373767367,2.0,1.0,Pullback
2208,bj920679,2025-08-21,operable_filtered,0.11004234842394219,0.2658149118887102,0.003517896256024152,22,-0.05502117421197106,2.0,1.0,Pullback
2209,sh688108,2025-08-21,operable_filtered,0.26656552027008906,0.37328070895366683,-0.006566103152917751,22,-0.12201839710624307,2.0,1.0,Pullback
2210,sh603222,2025-08-21,score_filtered,0.15091460057219006,0.7010364680943557,0.016312770821215336,22,0.21539960904930933,0.0,2.0,Failure
2211,bj920493,2025-08-21,score_filtered,0.20025379161544257,0.6942370464354333,-0.007388525225138875,22,-0.17070605181411969,0.0,2.0,Failure
2212,sz002177,2025-08-21,score_filtered,0.2567307401338262,0.5430525567230673,-0.008537467222851591,22,-0.23099999427795415,2.0,1.0,Pullback
2213,sh603757,2025-08-21,score_filtered,0.24039376785792269,0.019736679813000535,-0.001381923342027585,22,0.052894243644493244,1.0,0.0,Smooth
2214,sh688702,2025-08-21,score_filtered,0.29620419654638086,0.01978544165055751,0.0021994561746460713,22,0.0686922513521635,1.0,0.0,Smooth
2215,bj920876,2025-08-21,score_filtered,0.1361103061909533,0.48249502129077704,-0.0039570945337144186,22,-0.1216216216216216,2.0,1.0,Pullback
2216,sz300730,2025-08-21,score_filtered,0.2864380524230984,0.5821701022201597,-0.008482262692687755,22,-0.21669475288536744,0.0,2.0,Failure
2217,sz300147,2025-08-21,score_filtered,0.16028148528921946,0.009153815398318499,-0.0005464141137989571,22,0.02048419662171974,1.0,0.0,Smooth
2218,sh601929,2025-08-21,score_filtered,0.29230770697960484,0.40574904203706275,0.01716180048439906,22,0.16531168673582486,2.0,1.0,Pullback
2219,sz002289,2025-08-21,score_filtered,0.09046530493682411,0.7208909164548873,0.015450584745105793,22,0.3017413977684149,0.0,2.0,Failure
2220,bj920839,2025-08-22,operable_filtered,0.10120105270713696,0.04976675330284819,0.0015708878139234716,22,0.018850990276032098,1.0,0.0,Smooth
2221,bj920476,2025-08-22,expired,0.15116274341798364,0.543532532728405,-0.004443739520901853,22,-0.14015540156483752,2.0,1.0,Pullback
2222,bj920438,2025-08-22,operable_filtered,0.24262293831246798,0.06174863000199282,0.0027498277013332374,22,0.036660775003622526,1.0,0.0,Smooth
2223,bj920978,2025-08-22,operable_filtered,0.12261580126571028,0.5708284670145398,0.015164006998376835,22,0.27882289735061394,2.0,1.0,Pullback
2224,sh688577,2025-08-22,operable_filtered,0.2524833563274744,0.0014781079765223692,0.0005773754808573216,22,-0.08105065209495232,1.0,0.0,Smooth
2225,bj920699,2025-08-22,operable_filtered,0.14578505956493767,0.152869558782595,0.003055305277821259,22,0.03305785123966931,1.0,0.0,Smooth
2226,bj920509,2025-08-22,operable_filtered,0.17269483110441708,0.464501251897399,0.005498153473785992,22,0.04251864617493628,2.0,1.0,Pullback
2227,bj920981,2025-08-22,operable_filtered,0.15765957122153423,0.07545706934711305,-0.0012873969303320762,22,-0.08838154835141532,1.0,0.0,Smooth
2228,sh603389,2025-08-22,operable_filtered,0.18394417200463542,0.26328898709668225,0.0062520336971293115,22,0.16275488955321138,2.0,1.0,Pullback
2229,sz300885,2025-08-22,operable_filtered,0.18392855780465261,0.12955803856942028,0.0034045999974513046,22,-0.11103153198419391,1.0,0.0,Smooth
2230,bj920195,2025-08-22,operable_filtered,0.14017089028922333,0.24723814578218373,-0.00238636230591561,22,-0.14859437511734752,1.0,0.0,Smooth
2231,sh688489,2025-08-22,score_filtered,0.18805719363666154,0.6727809977141727,-0.006533555422217293,22,-0.1950257132191694,0.0,2.0,Failure
2232,sz300870,2025-08-22,score_filtered,0.26148409893992935,0.4812434322960728,-0.00998721096113932,22,-0.17996210040468164,2.0,1.0,Pullback
2233,bj920839,2025-08-25,operable_filtered,0.10120105270713696,0.18882567001556383,0.003016585522437755,22,0.07589069412131688,1.0,0.0,Smooth
2234,bj920476,2025-08-25,expired,0.16274508105078453,0.5650899439215935,-0.004957935415255191,22,-0.14478117959427295,2.0,1.0,Pullback
2235,bj920978,2025-08-25,expired,0.12261580126571028,0.6401191332880348,0.01715665489449366,22,0.4494382689822063,0.0,2.0,Failure
2236,bj920223,2025-08-25,traded,0.4719471826006163,0.0028519899613557165,-0.0012304480065768375,22,0.1899129044728276,1.0,0.0,Smooth
2237,sz300192,2025-08-25,expired,0.3016558985235625,0.5315070036275344,-0.009772187403194939,22,-0.24810026044874867,2.0,1.0,Pullback
2238,sh688577,2025-08-25,expired,0.25962978705956913,0.022306057865963402,-0.0023251560451680846,22,-0.04861111564723308,1.0,0.0,Smooth
2239,sh600246,2025-08-25,operable_filtered,0.1721682770388739,0.05318030638775528,0.002108937008316597,22,-0.049780403570400256,1.0,0.0,Smooth
2240,sz000617,2025-08-25,operable_filtered,0.23593861513806508,0.4827572370057538,-0.007938259379546956,22,-0.12067512735374464,2.0,1.0,Pullback
2241,bj920699,2025-08-25,operable_filtered,0.15828819914233727,0.20432621723240252,0.0036108196584329713,22,0.11444524438619919,1.0,0.0,Smooth
2242,sz002190,2025-08-25,operable_filtered,0.3217627990491882,0.6167766949665238,-0.013536429003700674,22,-0.29201646363062017,0.0,2.0,Failure
2243,bj920274,2025-08-25,operable_filtered,0.4524714828897338,0.15539141600888595,0.018837311999638257,22,0.6833410698416325,1.0,0.0,Smooth
2244,bj920914,2025-08-25,score_filtered,0.1689639517889429,0.1651033422913889,0.00398123057457434,22,0.06826979546348366,1.0,0.0,Smooth
2245,bj920263,2025-08-25,score_filtered,0.224736866198088,0.6228600929847172,-0.007123181237975307,22,-0.1855555640326606,0.0,2.0,Failure
2246,bj920942,2025-08-25,score_filtered,0.11158888011195903,0.5547594707536083,-0.0037693970883806364,22,-0.12480872315787228,2.0,1.0,Pullback
2247,sz300503,2025-08-25,score_filtered,0.131507650443412,0.2629456327999947,0.0034581196780756472,22,0.020147078719027878,2.0,1.0,Pullback
2248,sh605303,2025-08-25,score_filtered,0.39845261271710847,0.20048033431098455,-0.007997094206346877,22,-0.3106435956165917,1.0,0.0,Smooth
2249,sh600410,2025-08-25,score_filtered,0.29608940968306546,0.20590573302185933,-0.007487791280511035,22,-0.22165754860066744,1.0,0.0,Smooth
2250,bj920981,2025-08-25,score_filtered,0.10311109754774306,0.009773379001468574,0.0003338034787914155,22,-0.02370791827323182,1.0,0.0,Smooth
2251,sz300066,2025-08-25,score_filtered,0.26553675482208966,0.7852895167258621,-0.011712063291295495,22,-0.21428576376725816,0.0,2.0,Failure
2252,bj920223,2025-08-26,expired,0.4719471826006163,0.07970268401655134,-0.006108341690897158,22,0.1419752548606188,1.0,0.0,Smooth
2253,bj920839,2025-08-26,expired,0.10120105270713696,0.17295585646507305,0.002875470598345137,22,-0.013087201713234964,1.0,0.0,Smooth
2254,sh603377,2025-08-26,expired,0.18269225478877488,0.43175589457899766,-0.004682612727773967,22,-0.15037591558858943,2.0,1.0,Pullback
2255,bj920438,2025-08-26,expired,0.24262293831246798,0.017726991065709075,0.001429819950899486,22,-0.04485911251122998,1.0,0.0,Smooth
2256,sh600246,2025-08-26,operable_filtered,0.1885856549168712,0.013246765284919526,0.0011141436100899741,22,-0.00569566273730604,1.0,0.0,Smooth
2257,sh688082,2025-08-26,operable_filtered,0.13817747344616174,0.14218157047285385,0.0044361379226664985,22,0.15387044144859585,1.0,0.0,Smooth
2258,sh603389,2025-08-26,operable_filtered,0.18394417200463542,0.5019098125942665,0.010725162924459221,22,0.17402041691153736,2.0,1.0,Pullback
2259,sh601869,2025-08-26,operable_filtered,0.1134020618556701,0.7123631911393047,0.016705404587261944,22,0.43323162156748074,0.0,2.0,Failure
2260,bj920509,2025-08-26,operable_filtered,0.17269483110441708,0.3769505964535499,0.004886245774420848,22,0.07814071221771446,2.0,1.0,Pullback
2261,sh600410,2025-08-26,score_filtered,0.29608940968306546,0.15562785110982902,-0.006113740028820653,22,-0.1936404348568147,1.0,0.0,Smooth
2262,sz300642,2025-08-26,score_filtered,0.25798370799436443,0.7160275547857333,-0.010535765735595058,22,-0.22793371121670658,0.0,2.0,Failure
2263,sz002298,2025-08-26,score_filtered,0.24765625227009874,0.03703276226507157,0.0030043874910735987,22,0.14439831896899347,1.0,0.0,Smooth
2264,sz300322,2025-08-26,score_filtered,0.2016321093486025,0.08598872527212253,-0.002797619814101501,22,-0.08971469385908182,1.0,0.0,Smooth
2265,sz000029,2025-08-26,score_filtered,0.11599743425740466,0.01937733557303145,-0.0005526096424038337,22,-0.011084982150881828,1.0,0.0,Smooth
2266,sz300096,2025-08-26,score_filtered,0.17768600523706424,0.12461832615084534,0.003829943067023483,22,0.09457092088361341,1.0,0.0,Smooth
2267,sz300472,2025-08-26,score_filtered,0.17466665903727213,0.10140347323575516,0.003479467545495433,22,-0.019261618810866077,1.0,0.0,Smooth
2268,sh601606,2025-08-26,score_filtered,0.42675489191493055,0.76217462379071,-0.022869861862526333,22,-0.32290185170480545,0.0,2.0,Failure
2269,sz300225,2025-08-26,score_filtered,0.13014826021607873,0.2091815759768828,-0.002592831546163301,22,-0.08495575415424328,1.0,0.0,Smooth
2270,sz002364,2025-08-26,score_filtered,0.11909793025784222,0.6201966946828575,0.011828569829742109,22,0.21531622788123062,0.0,2.0,Failure
2271,bj920839,2025-08-27,expired,0.08658283023181923,0.1781927606580357,0.0029141183840594672,22,-0.009420366907520905,1.0,0.0,Smooth
2272,bj920978,2025-08-27,filtered,0.1309142432670939,0.6433605281941062,0.017318014267202957,22,0.21065086072776973,0.0,2.0,Failure
2273,sh601869,2025-08-27,operable_filtered,0.1134020618556701,0.6476839155573194,0.014774352664764323,22,0.24171192030625743,0.0,2.0,Failure
2274,bj920699,2025-08-27,operable_filtered,0.15828819914233727,0.2297154974972333,0.00414504735451816,22,0.12749777509718374,1.0,0.0,Smooth
2275,sh603377,2025-08-27,operable_filtered,0.1478696523205806,0.41365520028972935,-0.00433836257931649,22,-0.11081796319823622,2.0,1.0,Pullback
2276,sh688577,2025-08-27,operable_filtered,0.25962978705956913,0.13308874503817236,-0.005835849344823871,22,-0.020909118652343794,1.0,0.0,Smooth
2277,sz002851,2025-08-27,operable_filtered,0.20200044741196563,0.03514892184646368,-0.001843248529369206,22,-0.15600047435936604,1.0,0.0,Smooth
2278,sh603859,2025-08-27,operable_filtered,0.17283713540871412,0.0021015014164991186,0.00026847829158055544,22,-0.11142058617462891,1.0,0.0,Smooth
2279,sh600749,2025-08-27,operable_filtered,0.3162240193927922,0.5533426950413654,-0.011880740476282639,22,-0.2411002932857237,2.0,1.0,Pullback
2280,sz300225,2025-08-27,operable_filtered,0.12871282843831658,0.19523374548656858,-0.0024789671149569805,22,-0.045045043496998116,1.0,0.0,Smooth
2281,sz301396,2025-08-27,operable_filtered,0.17877739960306027,0.0973918487026787,0.0031535009908596552,22,-0.036261904914423715,1.0,0.0,Smooth
2282,sz002364,2025-08-27,score_filtered,0.11909793025784222,0.626296051490465,0.011902479057032287,22,0.05947688486161096,0.0,2.0,Failure
2283,sz002217,2025-08-27,score_filtered,0.2355658196071038,0.5074760790192208,-0.006616629568144682,22,-0.1743589872125727,2.0,1.0,Pullback
2284,sh603757,2025-08-27,score_filtered,0.24039376785792269,0.00015368330504728078,0.00012233435532090775,22,-0.2079986084269959,1.0,0.0,Smooth
2285,sh600246,2025-08-27,score_filtered,0.24441689385451593,0.033200211130737345,-0.001951036128905943,22,-0.15680479049214957,1.0,0.0,Smooth
2286,bj920807,2025-08-27,score_filtered,0.2856554097194743,0.8169660783287818,-0.010774580027505877,22,-0.2234982156517168,0.0,2.0,Failure
2287,sz300486,2025-08-27,score_filtered,0.2429065934403178,0.0003406570801318676,-0.00019507069542771125,22,0.10397412492887104,1.0,0.0,Smooth
2288,sz300308,2025-08-27,score_filtered,0.16828128269740514,0.4413074815043132,0.006836439991543293,22,0.15227143585107816,2.0,1.0,Pullback
2289,bj920978,2025-08-28,filtered,0.13392141463777624,0.6511106989996766,0.017471729675350624,22,0.1725917509580217,0.0,2.0,Failure
2290,sh688110,2025-08-28,operable_filtered,0.31985294117647056,0.07473015798159988,0.0044836217992869215,22,-0.20003348804511933,1.0,0.0,Smooth
2291,sh688585,2025-08-28,operable_filtered,0.2422165460310043,0.4363802425206452,0.01625463400155173,20,0.5915663385965737,2.0,1.0,Pullback
2292,sz301489,2025-08-28,operable_filtered,0.1093145259216458,0.6813257002256237,0.016056081186854105,22,0.22596153846153855,0.0,2.0,Failure
2293,sz002364,2025-08-28,operable_filtered,0.11504424778761062,0.6455901495147356,0.012105123902646018,22,0.0861940835467121,0.0,2.0,Failure
2294,sz301389,2025-08-28,operable_filtered,0.22419711332446884,0.00047343005027888907,0.00025144265560539923,22,-0.18597643347118242,1.0,0.0,Smooth
2295,sz000617,2025-08-28,operable_filtered,0.23593861513806508,0.37507096263331563,-0.005924493100417576,22,-0.15694011647461814,2.0,1.0,Pullback
2296,sz300491,2025-08-28,score_filtered,0.23188410470993467,0.7531618485877056,-0.010792894746574378,22,-0.15993789862303642,0.0,2.0,Failure
2297,sz300870,2025-08-28,score_filtered,0.2529844845525621,0.22595240415300677,-0.00473422460929622,22,-0.20724125216229983,1.0,0.0,Smooth
2298,sz300706,2025-08-28,score_filtered,0.16993207470768357,0.35941002576175096,0.0059190583786567766,22,-0.02434985337764395,2.0,1.0,Pullback
2299,sz002851,2025-08-28,score_filtered,0.20200044741196563,0.00747987546441109,-0.0007980384442493217,22,-0.11515559773060446,1.0,0.0,Smooth
2300,sh688256,2025-08-28,score_filtered,0.18312338296469155,0.00028880916578122307,-0.00017077516458218497,22,-0.11322688349007781,1.0,0.0,Smooth
2301,sh688660,2025-08-28,score_filtered,0.25329604389385935,0.01436374411715291,0.0018517817611230806,22,-0.0624741507701877,1.0,0.0,Smooth
2302,sz300539,2025-08-28,score_filtered,0.12678626189352807,0.8322613554377696,0.02550903368499409,22,0.48131867315847887,0.0,2.0,Failure
2303,sz300308,2025-08-28,score_filtered,0.16828128269740514,0.36574480379913854,0.005793508503374426,22,0.17420822786274037,2.0,1.0,Pullback
2304,bj920961,2025-08-28,score_filtered,0.20563378132564922,0.1319339328824929,0.003708737706043394,20,-0.0676870679230861,1.0,0.0,Smooth
2305,sh603757,2025-08-28,score_filtered,0.19745009792400095,0.03351515765425206,0.0015354817975554037,22,-0.11253671278959032,1.0,0.0,Smooth
2306,bj920978,2025-08-29,filtered,0.17441861621171356,0.6341874972991641,0.01719358148219502,22,0.15648286495937258,0.0,2.0,Failure
2307,bj920223,2025-08-29,expired,0.4867986926793485,0.7602848463922105,-0.017415664264511917,22,-0.35641117424697966,0.0,2.0,Failure
2308,bj920839,2025-08-29,expired,0.13123693996026478,0.18279794456673082,0.0029410041520994347,22,0.005025103610242665,1.0,0.0,Smooth
2309,sh688228,2025-08-29,expired,0.23493672624419007,0.7432037655861761,0.02616267882000287,22,0.4136956607521012,0.0,2.0,Failure
2310,bj920906,2025-08-29,expired,0.31383965472188796,0.3838879266756233,-0.007271918367829148,22,-0.1241671812425954,2.0,1.0,Pullback
2311,sz300955,2025-08-29,operable_filtered,0.21446245438908884,0.7903228423205416,-0.009418604356974697,22,-0.1115514051072295,0.0,2.0,Failure
2312,bj920247,2025-08-29,operable_filtered,0.21230770991398737,0.23580029933274782,-0.0047144333268824366,22,-0.03628770658043867,1.0,0.0,Smooth
2313,sz301489,2025-08-29,operable_filtered,0.10938300255287153,0.6655297414996749,0.015798420829192306,22,0.11669459354517442,0.0,2.0,Failure
2314,sh688577,2025-08-29,operable_filtered,0.25962978705956913,0.10852357929225576,-0.005251261162336383,22,0.0032633200793008577,1.0,0.0,Smooth
2315,sh603124,2025-08-29,operable_filtered,0.14540949669319372,0.04376550788428213,0.001522277613481539,22,-0.06900971095345021,1.0,0.0,Smooth
2316,bj920274,2025-08-29,operable_filtered,0.4834981127836858,0.2571638787494317,-0.014420952824358589,22,0.176265312797524,2.0,1.0,Pullback
2317,sz002256,2025-08-29,operable_filtered,0.2857143113231556,0.08813205036125293,-0.003523274843167548,22,-0.11864409062707859,1.0,0.0,Smooth
2318,bj920523,2025-08-29,operable_filtered,0.2320555389317493,0.6033104345253035,-0.007268793413135013,22,-0.0662949030537433,0.0,2.0,Failure
2319,sh688108,2025-08-29,operable_filtered,0.29489128691906186,0.7936685267930534,-0.012287993634160454,22,-0.16833141291048614,0.0,2.0,Failure
2320,bj920961,2025-08-29,score_filtered,0.20563378132564922,0.22119499932651554,0.005108210358851244,19,-0.025595426051725156,1.0,0.0,Smooth
2321,sz301488,2025-08-29,score_filtered,0.190036880098823,0.60384470723853,0.020585431930023615,22,0.4692307170639691,0.0,2.0,Failure
2322,bj920932,2025-08-29,score_filtered,0.20282033497915822,0.2518309971262521,-0.002999482903722906,22,0.027788333822452937,2.0,1.0,Pullback
2323,sz301389,2025-08-29,score_filtered,0.20768649109061854,0.003326646471365935,0.000645158615678971,22,-0.19114692463263772,1.0,0.0,Smooth
2324,bj920223,2025-09-01,expired,0.4903740270738587,0.7510674902141976,-0.015463333900415118,22,-0.3648887360853996,0.0,2.0,Failure
2325,bj920699,2025-09-01,expired,0.2104924135812267,0.02472973892350927,0.0011460787793227888,22,-0.0680884298663681,1.0,0.0,Smooth
2326,bj920906,2025-09-01,expired,0.3240912985436246,0.4594772118965379,-0.008349532950270282,22,-0.28425002098083496,2.0,1.0,Pullback
2327,sh688228,2025-09-01,expired,0.1941333516438802,0.8074502368385525,0.02846464558497856,22,0.6584913405256527,0.0,2.0,Failure
2328,sh605298,2025-09-01,expired,0.2103915117472228,0.3072636826204068,0.011285115534168224,22,0.22537311155404627,2.0,1.0,Pullback
2329,bj920553,2025-09-01,expired,0.3614806606552277,0.6910074115274722,-0.01060929522855127,22,-0.2849873040592127,0.0,2.0,Failure
2330,bj920026,2025-09-01,operable_filtered,0.19702124088368517,0.5746051532568955,-0.007010915908700328,22,-0.09553990236165588,2.0,1.0,Pullback
2331,sz300955,2025-09-01,operable_filtered,0.21446245438908884,0.33777921349418594,-0.006593217937785992,22,-0.005119462626761884,2.0,1.0,Pullback
2332,sz301489,2025-09-01,operable_filtered,0.1583707663538661,0.6614843424919251,0.01573829767385809,22,0.19682078206995102,0.0,2.0,Failure
2333,sz300620,2025-09-01,operable_filtered,0.22440073655008977,0.5906830887407171,0.01623813334954226,22,0.1613933304213857,0.0,2.0,Failure
2334,sh603124,2025-09-01,operable_filtered,0.13802083333333334,0.19937317978248914,0.0030650683841676935,22,0.030289115175841985,1.0,0.0,Smooth
2335,bj920523,2025-09-01,operable_filtered,0.2320555389317493,0.6403740231481441,-0.007592980067738968,22,-0.07992559212896044,0.0,2.0,Failure
2336,sz300486,2025-09-01,score_filtered,0.2429065934403178,0.3521765429129501,-0.006058185913200285,22,-0.12452514548061844,2.0,1.0,Pullback
2337,sz002131,2025-09-01,score_filtered,0.19416057550695623,0.03951398322430977,0.0019359934384990916,22,0.029059842575266392,1.0,0.0,Smooth
2338,sh688006,2025-09-01,score_filtered,0.16444950504301245,0.09845926154602969,0.0043352235569785805,22,0.17480208741444292,1.0,0.0,Smooth
2339,sh601869,2025-09-01,score_filtered,0.1489802753400479,0.5395960555508577,0.013007431175696076,22,0.18361928970501773,2.0,1.0,Pullback
2340,sh601929,2025-09-01,score_filtered,0.42461538314819336,0.6342173616402227,-0.02403302731822577,22,-0.2723658184558724,0.0,2.0,Failure
2341,bj920768,2025-09-01,score_filtered,0.26158196997423894,0.823424877062138,-0.00814864490019531,22,-0.18607598092192656,0.0,2.0,Failure
2342,bj920274,2025-09-02,expired,0.48471481265223976,0.7084286596084379,-0.023137056537918917,22,-0.3123321416968161,0.0,2.0,Failure
2343,bj920978,2025-09-02,filtered,0.19947876002151466,0.5771481766245088,0.016173078050963283,22,0.27295363106809023,2.0,1.0,Pullback
2344,bj920553,2025-09-02,expired,0.2640000025431315,0.7591499266729943,-0.007773399896329013,22,-0.15137954929678432,0.0,2.0,Failure
2345,bj920223,2025-09-02,expired,0.40225804236627394,0.7711031986021576,-0.01280213298100966,22,-0.30229007044522616,0.0,2.0,Failure
2346,bj920720,2025-09-02,expired,0.21319800001432931,0.7879137038549994,-0.008997970362281796,22,-0.1356397274868958,0.0,2.0,Failure
2347,bj920906,2025-09-02,expired,0.29757867397610704,0.40667940074293896,-0.006264877090460932,22,-0.14330754048346173,2.0,1.0,Pullback
2348,bj920768,2025-09-02,expired,0.24011633051866352,0.8053566535288789,-0.0071657194929119206,22,-0.16475095458780686,0.0,2.0,Failure
2349,sh688585,2025-09-02,traded,0.3414080546534915,0.3809160250139698,0.014470152626766123,21,-0.0037503650405762423,2.0,1.0,Pullback
2350,bj920270,2025-09-02,expired,0.31506848749933736,0.7765468655695649,-0.009962474759800962,22,-0.17667234072902593,0.0,2.0,Failure
2351,bj920670,2025-09-02,operable_filtered,0.28811883310303515,0.8497737425517986,-0.011052511041896628,22,-0.19740553245149928,0.0,2.0,Failure
2352,bj920556,2025-09-02,operable_filtered,0.21654671638946305,0.8165099490034669,-0.006457909932519993,22,-0.12957075710066634,0.0,2.0,Failure
2353,bj920580,2025-09-02,operable_filtered,0.3968726584207097,0.4356164087732831,-0.00828039295985398,22,-0.0259587324042877,2.0,1.0,Pullback
2354,bj920275,2025-09-02,operable_filtered,0.22447329201878166,0.8837596501009279,-0.011528688117694027,22,-0.16206587435548425,0.0,2.0,Failure
2355,sz300450,2025-09-02,operable_filtered,0.13224327394253224,0.4834431415326026,0.011641010253383656,22,0.246360374354057,2.0,1.0,Pullback
2356,bj920247,2025-09-02,score_filtered,0.22615383832882613,0.4253043965492582,-0.006802648208571518,22,-0.06656096750881402,2.0,1.0,Pullback
2357,bj920185,2025-09-02,score_filtered,0.16974657137980154,0.034110214468826006,0.0017298805574087967,22,0.15648989834006266,1.0,0.0,Smooth
2358,bj920274,2025-09-03,expired,0.49885930398571177,0.6896441426864942,-0.02247363180409998,22,-0.47719686371631886,0.0,2.0,Failure
2359,bj920926,2025-09-03,expired,0.37152320984282816,0.6727425467216777,-0.011607243586465562,22,-0.30983435514642244,0.0,2.0,Failure
2360,bj920553,2025-09-03,expired,0.17673377423762235,0.7396463908278849,-0.006953506843016312,22,-0.10717163094755422,0.0,2.0,Failure
2361,bj920223,2025-09-03,expired,0.27247737784862003,0.7626843085394781,-0.01020104594211463,22,-0.1743478360383407,0.0,2.0,Failure
2362,bj920270,2025-09-03,expired,0.26782275755710616,0.7533739488935512,-0.009423875909957344,22,-0.11851849170051698,0.0,2.0,Failure
2363,bj920906,2025-09-03,expired,0.2155218878316004,0.38439260959027544,-0.005903186002460442,22,-0.03598547770360516,2.0,1.0,Pullback
2364,bj920509,2025-09-03,filtered,0.17975996126615068,0.012363671658196296,0.0013986744013800845,22,0.41118208452369975,1.0,0.0,Smooth
2365,bj920523,2025-09-03,expired,0.2567532754432316,0.6748141816629505,-0.007846685510048907,22,-0.18135307028910375,0.0,2.0,Failure
2366,bj920768,2025-09-03,expired,0.1655969150410845,0.8155810484784198,-0.006194315592494107,22,-0.0999999735090461,0.0,2.0,Failure
2367,bj920699,2025-09-03,expired,0.24606857053393763,0.03275202994133075,0.0012912865631920472,22,-0.043748946786003384,1.0,0.0,Smooth
2368,bj920870,2025-09-03,operable_filtered,0.3037841555070513,0.6135994709154822,-0.008460318316323443,22,-0.24318093571751664,0.0,2.0,Failure
2369,bj920547,2025-09-03,operable_filtered,0.23214284497864338,0.9332247150034682,-0.009700957417040282,22,-0.18492491558413515,0.0,2.0,Failure
2370,sh603367,2025-09-03,operable_filtered,0.2872829909497218,0.6468067960833065,-0.00819173332322969,22,-0.19668244874640795,0.0,2.0,Failure
2371,sh603119,2025-09-03,operable_filtered,0.13002885532597078,0.4184316160651217,0.009856925638916986,22,0.20358906345219885,2.0,1.0,Pullback
2372,sz300486,2025-09-03,operable_filtered,0.3017300840295981,0.4652067436333477,-0.00778129715676084,22,-0.24502068050413062,2.0,1.0,Pullback
2373,sz300092,2025-09-03,operable_filtered,0.19165886238721036,0.4976337747447841,-0.006290484153211469,22,-0.08221389771446141,2.0,1.0,Pullback
2374,sz002620,2025-09-03,score_filtered,0.13834587415041422,0.0053180476011347455,-0.0004318959851241305,22,-0.011864435683033303,1.0,0.0,Smooth
2375,bj920932,2025-09-03,score_filtered,0.2499250337062191,0.5800795945928903,-0.005333915116215912,22,-0.15068968411149652,0.0,2.0,Failure
2376,sz301489,2025-09-03,score_filtered,0.1583707663538661,0.6529832432958428,0.015500769988845567,22,0.40358536494033137,0.0,2.0,Failure
2377,bj920926,2025-09-04,expired,0.27832699266809363,0.7822347388168445,-0.008525213466471988,22,-0.19349455705684804,0.0,2.0,Failure
2378,bj920274,2025-09-04,expired,0.49885930398571177,0.691767159884011,-0.01796732212966131,22,-0.4543946609926576,0.0,2.0,Failure
2379,bj920523,2025-09-04,expired,0.23712700806747553,0.6567007611513886,-0.007154658016105558,22,-0.2300622262794988,0.0,2.0,Failure
2380,bj920223,2025-09-04,operable_filtered,0.19434779623280402,0.7475677742058715,-0.009549953954460757,22,-0.2165217192276664,0.0,2.0,Failure
2381,bj920906,2025-09-04,expired,0.2155218878316004,0.5328194026313986,-0.007055376509442378,22,-0.05871091715473242,2.0,1.0,Pullback
2382,bj920870,2025-09-04,expired,0.2152448231152578,0.6376627151832048,-0.006872866824555699,22,-0.20082477687560407,0.0,2.0,Failure
2383,bj920422,2025-09-04,expired,0.29717897934766263,0.6769080242152259,-0.008403579595100415,22,-0.2347735288989643,0.0,2.0,Failure
2384,bj920237,2025-09-04,traded,0.34463687349701116,0.5052892594531311,-0.007713032974513263,22,-0.2807976103594714,2.0,1.0,Pullback
2385,bj920553,2025-09-04,expired,0.16867468495174429,0.7489770210328862,-0.007064491938365331,22,-0.13370257026538623,0.0,2.0,Failure
2386,bj920833,2025-09-04,operable_filtered,0.26879431626355554,0.9290318440174148,-0.012200478206297502,22,-0.24260802964878825,0.0,2.0,Failure
2387,bj920275,2025-09-04,operable_filtered,0.21934947161351356,0.908592142950205,-0.011763924325303392,22,-0.2075471790705945,0.0,2.0,Failure
2388,bj920679,2025-09-04,score_filtered,0.20152354099548148,0.7513074680589366,-0.007559031201898729,22,-0.14809163950878934,0.0,2.0,Failure
2389,sh601069,2025-09-04,score_filtered,0.14973259153375196,0.057150532121870046,0.0019357215137794292,22,0.14017439127946374,1.0,0.0,Smooth
2390,bj920826,2025-09-04,score_filtered,0.2702856881277902,0.8023106435881782,-0.008931606919550002,22,-0.11354581610234082,0.0,2.0,Failure
2391,bj920768,2025-09-04,score_filtered,0.1655969150410845,0.8042272326386777,-0.0060802854458121385,22,-0.11217512696034049,0.0,2.0,Failure
2392,sz300827,2025-09-04,score_filtered,0.16827556384467326,0.08084947854399271,-0.0022532554133657995,22,-0.106034924382715,1.0,0.0,Smooth
2393,sh603367,2025-09-04,score_filtered,0.23206105903272967,0.6272666533632241,-0.006744705779391583,22,-0.20785402464951241,0.0,2.0,Failure
2394,bj920926,2025-09-05,operable_filtered,0.18923538376979107,0.7639375484027019,-0.007108229945996117,22,-0.12488772048791452,0.0,2.0,Failure
2395,bj920523,2025-09-05,expired,0.2084931674068921,0.7568572585881665,-0.005407096567416386,22,-0.14047617641976562,0.0,2.0,Failure
2396,bj920274,2025-09-05,expired,0.4318965385700094,0.838639513572508,-0.013153984370223479,22,-0.30780439438841745,0.0,2.0,Failure
2397,bj920185,2025-09-05,expired,0.20934530310377175,0.4775353000002761,-0.004963865082890691,22,-0.15404477180757115,2.0,1.0,Pullback
2398,bj920553,2025-09-05,expired,0.16867468495174429,0.7138067339108728,-0.006623628826917477,22,-0.13742239456808436,0.0,2.0,Failure
2399,bj920906,2025-09-05,expired,0.2155218878316004,0.600827227448304,-0.007583388744516256,22,-0.12065922415253494,0.0,2.0,Failure
2400,bj920237,2025-09-05,expired,0.23083500559267883,0.5396205669505669,-0.00561090579702082,22,-0.15229067149821485,2.0,1.0,Pullback
2401,bj920270,2025-09-05,expired,0.26782275755710616,0.7056910047257305,-0.008683670319264529,22,-0.1871613094604414,0.0,2.0,Failure
2402,bj920978,2025-09-05,operable_filtered,0.19947876002151466,0.3853073067287477,0.011613580756625996,22,0.3718760201529969,2.0,1.0,Pullback
2403,bj920058,2025-09-05,operable_filtered,0.3703448196937298,0.5933451624736152,-0.006835566536437955,22,-0.17802102164868372,0.0,2.0,Failure
2404,bj920425,2025-09-05,operable_filtered,0.2809262461635094,0.881087920795501,-0.00910383162165784,22,-0.17452007213173204,0.0,2.0,Failure
2405,bj920422,2025-09-05,operable_filtered,0.22892209254264334,0.7675619861890095,-0.006252340119910994,22,-0.12192190867752006,0.0,2.0,Failure
2406,sh688098,2025-09-05,operable_filtered,0.15241931030578953,0.8794186122832403,-0.00819534160819881,22,-0.13388436265789816,0.0,2.0,Failure
2407,sz300450,2025-09-05,operable_filtered,0.21572003230345993,0.014322433518307642,0.0013713608053609605,22,-0.052448133011761655,1.0,0.0,Smooth
2408,bj920679,2025-09-05,operable_filtered,0.21052631926546997,0.745890124902954,-0.007478797418544454,22,-0.11076197157226364,0.0,2.0,Failure
2409,bj920185,2025-09-08,expired,0.17379308240167027,0.45764815024102345,-0.004695731791175897,22,-0.09955429827371631,2.0,1.0,Pullback
2410,bj920274,2025-09-08,operable_filtered,0.2758241590562758,0.9466497323886967,-0.011049985295843738,22,-0.21761409169027934,0.0,2.0,Failure
2411,bj920906,2025-09-08,expired,0.208674294881927,0.5984295152094996,-0.007542935061943933,22,-0.1198767705866981,0.0,2.0,Failure
2412,bj920926,2025-09-08,expired,0.1675438518706155,0.7420146727718558,-0.006675383857695005,22,-0.12281509219890019,0.0,2.0,Failure
2413,bj920896,2025-09-08,expired,0.25862068965517243,0.738788533507871,-0.008781412298726723,22,-0.2062780422477719,0.0,2.0,Failure
2414,bj920237,2025-09-08,expired,0.1979198054311764,0.5296900709690798,-0.0053076282109403156,22,-0.10835599443577693,2.0,1.0,Pullback
2415,bj920523,2025-09-08,expired,0.1376119585179571,0.7819627429951557,-0.004806245338304629,22,-0.0953895048401775,0.0,2.0,Failure
2416,bj920509,2025-09-08,filtered,0.19495494945629224,0.22561597644425357,0.009257130596465026,22,0.21951221257812348,1.0,0.0,Smooth
2417,bj920252,2025-09-08,operable_filtered,0.2405896523604982,0.18047812717553025,-0.004686285168334035,22,-0.1519023960464535,1.0,0.0,Smooth
2418,bj920839,2025-09-08,traded,0.13123693996026478,0.48605722495838377,0.010378124840204792,22,0.3016144250048547,2.0,1.0,Pullback
2419,bj920270,2025-09-08,expired,0.2080033271665839,0.6874350222536366,-0.0072612238000602045,22,-0.1284403364703095,0.0,2.0,Failure
2420,bj920522,2025-09-08,expired,0.2600096695774137,0.8464933199536964,-0.01181425202822242,22,-0.23964867259059974,0.0,2.0,Failure
2421,bj920857,2025-09-08,operable_filtered,0.21411409381749824,0.3150578027729114,0.007436492686387296,22,0.1669581181070665,2.0,1.0,Pullback
2422,bj920978,2025-09-08,operable_filtered,0.19947876002151466,0.3395795199668098,0.0104891204745241,22,0.36421517613128973,2.0,1.0,Pullback
2423,sz002620,2025-09-08,operable_filtered,0.13834587415041422,0.038032286292289275,-0.0011616540265187438,22,-0.054687484283931775,1.0,0.0,Smooth
2424,bj920580,2025-09-08,operable_filtered,0.2211537809061557,0.7234527598809254,-0.008586423428935359,22,-0.14712269418688395,0.0,2.0,Failure
2425,bj920058,2025-09-08,operable_filtered,0.22098976907655768,0.5671032323413991,-0.005580552085353839,22,-0.08442536412188806,2.0,1.0,Pullback
2426,sh688613,2025-09-08,operable_filtered,0.16833999064837407,0.2734564338037435,-0.003446115135399283,22,-0.10229406911416528,2.0,1.0,Pullback
2427,bj920185,2025-09-09,expired,0.17379308240167027,0.4805914934789355,-0.0049572498566824025,22,-0.14277470773057743,2.0,1.0,Pullback
2428,bj920274,2025-09-09,operable_filtered,0.22149920630578904,0.9488596190575124,-0.010852748876848778,22,-0.23131759530038298,0.0,2.0,Failure
2429,bj920896,2025-09-09,expired,0.19955242402246245,0.7670829001207135,-0.007805036595654016,22,-0.18875497701185262,0.0,2.0,Failure
2430,bj920252,2025-09-09,expired,0.2405896523604982,0.2267363464823564,-0.0056032506307183046,22,-0.09948818258414982,1.0,0.0,Smooth
2431,bj920522,2025-09-09,expired,0.23552265465446626,0.8454439008042094,-0.011945321289662233,22,-0.26980704975021874,0.0,2.0,Failure
2432,sh600376,2025-09-09,expired,0.3096045344463915,0.03841733263931535,0.0045645281526816356,22,0.2414530247626232,1.0,0.0,Smooth
2433,bj920237,2025-09-09,operable_filtered,0.21248146215922512,0.5846552781857863,-0.006340170638494072,22,-0.12491226196289062,0.0,2.0,Failure
2434,bj920438,2025-09-09,operable_filtered,0.28620687024346714,0.6641078317421341,-0.012744554168953199,22,-0.13540262217113075,0.0,2.0,Failure
2435,sz002620,2025-09-09,operable_filtered,0.13834587415041422,0.003483827624924829,-0.0003305176501213708,22,-0.008183337093661147,1.0,0.0,Smooth
2436,sh603119,2025-09-09,operable_filtered,0.2031913300238951,0.22400300618047597,-0.005321909163657709,22,-0.10633260082213536,1.0,0.0,Smooth
2437,sh605298,2025-09-09,score_filtered,0.25923889880172024,0.45889911650737836,-0.009551061369368426,22,-0.10444292866161453,2.0,1.0,Pullback
2438,bj920857,2025-09-09,score_filtered,0.21411409381749824,0.2652678178121375,0.00658809164848736,22,0.20324471024504054,2.0,1.0,Pullback
2439,bj920580,2025-09-09,score_filtered,0.2374999885375679,0.7535502147141777,-0.00914748307775284,22,-0.13483144502238775,0.0,2.0,Failure
2440,bj920146,2025-09-09,score_filtered,0.22580644193117622,0.8367292916184034,-0.008180860776984277,22,-0.17826088615085767,0.0,2.0,Failure
2441,sh601069,2025-09-09,score_filtered,0.14973259153375196,0.11477442086192702,0.00290411444877648,22,0.0018071553378011807,1.0,0.0,Smooth
2442,sh601929,2025-09-09,score_filtered,0.4323076835045448,0.8035205023541804,-0.02893666957464857,22,-0.3975903555128819,0.0,2.0,Failure
2443,bj920974,2025-09-09,score_filtered,0.1971291390949074,0.8352541617188773,-0.0074052093214490924,22,-0.18109458845348092,0.0,2.0,Failure
2444,sz300539,2025-09-09,score_filtered,0.16177923511361544,0.8028552950290109,0.018618321654574676,22,0.4167526366391652,0.0,2.0,Failure
2445,bj920185,2025-09-10,expired,0.17379308240167027,0.4448335955158139,-0.004488949023476529,22,-0.1285672891620917,2.0,1.0,Pullback
2446,bj920252,2025-09-10,operable_filtered,0.2405896523604982,0.3481052637698705,-0.007223105133624158,22,-0.08129563304380683,2.0,1.0,Pullback
2447,sh600376,2025-09-10,operable_filtered,0.3096045344463915,0.0005124667644966774,-0.00045291049491919856,22,0.27544901687794066,1.0,0.0,Smooth
2448,sz300450,2025-09-10,operable_filtered,0.21572003230345993,0.03210609246697538,-0.0022124649639271737,22,-0.10128055952783277,1.0,0.0,Smooth
2449,sh605298,2025-09-10,operable_filtered,0.27881452105763843,0.6051944286415814,-0.011435802029787487,22,-0.059079870987490235,0.0,2.0,Failure
2450,bj920896,2025-09-10,score_filtered,0.15144332512472053,0.50749690613067,-0.005809841074643435,22,-0.028487653174193217,2.0,1.0,Pullback
2451,sh603119,2025-09-10,score_filtered,0.2031913300238951,0.3439969307232118,-0.006969122119634783,22,-0.09993139001409646,2.0,1.0,Pullback
2452,sh601069,2025-09-10,score_filtered,0.1348246899924398,0.15544652296743122,0.003295708164107638,22,-0.06220693295893098,1.0,0.0,Smooth
2453,sz300870,2025-09-10,score_filtered,0.22415059741572646,0.7192336138981956,-0.008688011620651444,22,-0.17818499177965996,0.0,2.0,Failure
2454,sz301617,2025-09-10,score_filtered,0.24377550397600448,0.08153681264754264,0.003908606994487333,22,0.2410714285714286,1.0,0.0,Smooth
2455,bj920679,2025-09-10,score_filtered,0.21572021202479,0.8365769912733524,-0.00856376233782602,22,-0.17397822933539375,0.0,2.0,Failure
2456,sz002837,2025-09-10,score_filtered,0.20580061209805472,0.048262258871446084,-0.0018011597333437062,22,-0.08771922055985526,1.0,0.0,Smooth
2457,sz002017,2025-09-10,score_filtered,0.18547250055283518,0.11237550977915989,-0.003492154892170334,22,0.02957288759915566,1.0,0.0,Smooth
2458,sz300528,2025-09-10,score_filtered,0.4249999829701007,0.8708906241244739,-0.02385884231057761,22,-0.24401543582659146,0.0,2.0,Failure
2459,sz300394,2025-09-10,score_filtered,0.24900757677002366,0.8058714392934052,-0.012584081646412155,22,-0.2045820928204557,0.0,2.0,Failure
2460,sz301489,2025-09-10,score_filtered,0.3001952786251398,0.04433525785235726,-0.0032504200963589494,22,-0.1256627850875951,1.0,0.0,Smooth
2461,sz301448,2025-09-10,score_filtered,0.19125925699869792,0.2760293931880574,-0.004573994700571643,22,-0.020877863217740655,2.0,1.0,Pullback
2462,bj920223,2025-09-11,traded,0.24177780151367187,0.8333319688359313,-0.010339886301969688,22,-0.14857146853492376,0.0,2.0,Failure
2463,bj920252,2025-09-11,operable_filtered,0.2405896523604982,0.4716316993514911,-0.008771465880994367,22,-0.040829964779797945,2.0,1.0,Pullback
2464,bj920580,2025-09-11,operable_filtered,0.2374999885375679,0.7533059474693453,-0.00910462153234718,22,-0.1763517694296074,0.0,2.0,Failure
2465,bj920438,2025-09-11,operable_filtered,0.35344827586206895,0.9301442019014009,-0.018313313007154833,22,-0.2751363798879526,0.0,2.0,Failure
2466,sz301357,2025-09-11,operable_filtered,0.1716940506862311,0.262643962436925,0.008551586259101908,22,0.06989172940789534,2.0,1.0,Pullback
2467,sz300436,2025-09-11,operable_filtered,0.22252965633105853,0.0002246123005792411,0.00020563857910496302,22,-0.013083330790201853,1.0,0.0,Smooth
2468,sh688228,2025-09-11,operable_filtered,0.2692307692307692,0.17367332943350855,0.005792849510736741,22,0.16199595172256598,1.0,0.0,Smooth
2469,sh688660,2025-09-11,operable_filtered,0.24178761840788118,0.0015833826481010949,-0.0005137366613566343,22,-0.029880497198676692,1.0,0.0,Smooth
2470,sh600410,2025-09-11,operable_filtered,0.2611178930544729,0.6357009696800822,-0.009486069546215184,22,-0.12859236282024855,0.0,2.0,Failure
2471,sz300870,2025-09-11,operable_filtered,0.22415059741572646,0.7291646606588856,-0.008847686484075174,22,-0.14565700199662446,0.0,2.0,Failure
2472,sh600173,2025-09-11,score_filtered,0.15555555769623872,0.4645105447552902,0.00762671411318095,22,0.2772276970629899,2.0,1.0,Pullback
2473,bj920509,2025-09-11,score_filtered,0.28108105358776747,0.31022131222969707,0.011257114223032237,22,0.17603906193892938,2.0,1.0,Pullback
2474,sh605288,2025-09-11,score_filtered,0.32139731024225743,0.6934909822079819,-0.014250895665857173,22,-0.14915085447314613,0.0,2.0,Failure
2475,sz300450,2025-09-11,score_filtered,0.21572003230345993,0.03578902381299487,-0.002343971316406572,22,0.004744564595808187,1.0,0.0,Smooth
2476,sz301389,2025-09-11,score_filtered,0.3281171755842939,0.7669061372151038,-0.017007906405237513,22,-0.18793334572073583,0.0,2.0,Failure
2477,bj920765,2025-09-11,score_filtered,0.23303008625580454,0.11310243760160865,-0.0023874337234648857,22,-0.0013817955118353709,1.0,0.0,Smooth
2478,bj920808,2025-09-11,score_filtered,0.202608358882019,0.7486974843741495,-0.008547864049535829,22,-0.13350104696936127,0.0,2.0,Failure
2479,sz300394,2025-09-11,score_filtered,0.23892385369549674,0.7058590601301186,-0.010994253986943332,22,-0.10180444124885202,0.0,2.0,Failure
2480,bj920906,2025-09-12,traded,0.2174031463864588,0.6916636078622201,-0.008448901246983945,22,-0.10975605359324137,0.0,2.0,Failure
2481,bj920580,2025-09-12,traded,0.2330754631223186,0.6998884454985901,-0.007637385705383452,22,-0.16062168894641027,0.0,2.0,Failure
2482,sz002058,2025-09-12,operable_filtered,0.15671879538361969,0.025857723026688872,0.0012991980933994031,22,0.023135218618522746,1.0,0.0,Smooth
2483,bj920438,2025-09-12,operable_filtered,0.35344827586206895,0.9552222079522785,-0.019176423466543406,22,-0.3176043645122649,0.0,2.0,Failure
2484,sh600601,2025-09-12,operable_filtered,0.2015936011569931,0.6841751629522402,-0.008963062744222627,22,-0.10142497964748742,0.0,2.0,Failure
2485,sh601606,2025-09-12,operable_filtered,0.17156763038724787,0.1349701253446196,0.0044434717088882416,22,-0.022778095863182912,1.0,0.0,Smooth
2486,sh600410,2025-09-12,operable_filtered,0.2680538406149149,0.6988268759966225,-0.010399971058448034,22,-0.10434777942658557,0.0,2.0,Failure
2487,sz300436,2025-09-12,operable_filtered,0.22252965633105853,0.01977707391756378,0.0019117748858062426,22,-0.02694859072239042,1.0,0.0,Smooth
2488,bj920634,2025-09-12,score_filtered,0.23186033920837643,0.7517585721559455,-0.008574857833823942,22,-0.17743378876889082,0.0,2.0,Failure
2489,bj920765,2025-09-12,score_filtered,0.23303008625580454,0.29394604134455893,-0.003950964201489197,22,-0.016620526910787303,2.0,1.0,Pullback
2490,sh600580,2025-09-12,score_filtered,0.17900475639833813,0.24705980748825895,-0.00447083112822667,22,0.03700495819847882,1.0,0.0,Smooth
2491,sh688660,2025-09-12,score_filtered,0.24178761840788118,0.001920221451020332,-0.0005650931386520245,22,0.14188476598680166,1.0,0.0,Smooth
2492,sz002335,2025-09-12,score_filtered,0.20151611440872097,0.5512765408325904,-0.008091052877479025,22,-0.11414355299880763,2.0,1.0,Pullback
2493,sz002062,2025-09-12,score_filtered,0.19059208402358058,6.125380456556417e-05,-7.192342961052265e-05,22,0.1761711354046649,1.0,0.0,Smooth
2494,bj920407,2025-09-15,expired,0.2690662644603505,0.3531650775502623,-0.005012398137031507,22,-0.06801549525790263,2.0,1.0,Pullback
2495,bj920237,2025-09-15,expired,0.19438307805618005,0.870857839595341,-0.009132182577084426,22,-0.1578056125653774,0.0,2.0,Failure
2496,bj920252,2025-09-15,operable_filtered,0.2670018499110981,0.7598529846256992,-0.012344072665116456,22,-0.16489851969171143,0.0,2.0,Failure
2497,sz002058,2025-09-15,expired,0.17331632040851475,0.00773687781639687,-0.0007282101217256384,22,-0.06420974747921271,1.0,0.0,Smooth
2498,bj920926,2025-09-15,operable_filtered,0.13609466839175952,0.3232605978289137,-0.003324643141855937,22,-0.08034030128536906,2.0,1.0,Pullback
2499,sh603359,2025-09-15,operable_filtered,0.21255605081998033,0.6146282697186114,-0.006488871116168106,22,-0.14858255836804035,0.0,2.0,Failure
2500,bj920438,2025-09-15,operable_filtered,0.33984854597499403,0.9552900962029589,-0.019189021321312318,22,-0.35753500982755704,0.0,2.0,Failure
2501,sh688228,2025-09-15,operable_filtered,0.30776924720177284,0.0069861063012753855,0.0010876995369674773,22,-0.016145334701075598,1.0,0.0,Smooth
2502,sh600103,2025-09-15,operable_filtered,0.2854251152831037,0.5494276631304181,-0.010967803976105943,22,-0.1814058911556976,2.0,1.0,Pullback
2503,bj920765,2025-09-15,operable_filtered,0.23303008625580454,0.4508117053133641,-0.004726354916211024,22,-0.05004165464962773,2.0,1.0,Pullback
2504,sz300004,2025-09-15,operable_filtered,0.2860759748860133,0.8262090799978284,-0.012725125522104693,22,-0.23618422352871427,0.0,2.0,Failure
2505,sz300469,2025-09-15,operable_filtered,0.1980540507548564,0.6933970302320587,-0.008888883275734994,22,-0.10044925272107774,0.0,2.0,Failure
2506,sh688110,2025-09-15,score_filtered,0.2654913621862948,0.7420335213563074,-0.010806092458857103,22,-0.18101916536372287,0.0,2.0,Failure
2507,sz000691,2025-09-15,score_filtered,0.1557943034975256,0.4710910975013749,0.013548243156411415,22,0.3902438882558843,2.0,1.0,Pullback
2508,sh688521,2025-09-15,score_filtered,0.22964431331895796,0.2694930545959482,-0.0064421265587100065,22,-0.0746483308830097,2.0,1.0,Pullback
2509,sh600475,2025-09-15,score_filtered,0.1693900058259318,0.06786864867959252,-0.0014505317839865765,22,-0.07529410193948183,1.0,0.0,Smooth
2510,bj920634,2025-09-15,score_filtered,0.23186033920837643,0.7235215963658564,-0.008102415198697815,22,-0.15710057946155664,0.0,2.0,Failure
2511,sz001309,2025-09-15,score_filtered,0.20036426131095297,0.5676064781900398,0.017477284834177206,22,0.5713147167190613,2.0,1.0,Pullback
2512,bj920932,2025-09-15,score_filtered,0.21799079413082634,0.8424823881182766,-0.00901387765331655,22,-0.14898902743422238,0.0,2.0,Failure
2513,bj920523,2025-09-15,score_filtered,0.11911359308418551,0.7255095179251574,-0.004529316589385369,22,-0.07287320980939316,0.0,2.0,Failure
2514,bj920765,2025-09-16,expired,0.23303008625580454,0.3680367703870565,-0.004169737931988586,22,-0.06489796541175064,2.0,1.0,Pullback
2515,bj920906,2025-09-16,traded,0.2174031463864588,0.5855424240675827,-0.00691140172219814,22,-0.17478754134975227,0.0,2.0,Failure
2516,bj920223,2025-09-16,expired,0.21814850116661205,0.6345596114292,-0.007147638663897858,22,-0.1553860962827429,0.0,2.0,Failure
2517,sz301489,2025-09-16,operable_filtered,0.3001952786251398,0.37923550824767516,-0.009953456202772234,22,0.06178489702517154,2.0,1.0,Pullback
2518,bj920978,2025-09-16,operable_filtered,0.21932642756897255,0.39244573676600336,-0.00586140035319396,22,-0.07765598754362302,2.0,1.0,Pullback
2519,bj920000,2025-09-16,score_filtered,0.3255101979250512,0.847368549755859,-0.0144110512109839,22,-0.17754354062509548,0.0,2.0,Failure
2520,sh688702,2025-09-16,score_filtered,0.2531637750369056,0.6957774733838993,-0.009456123340496054,22,-0.1320275935567954,0.0,2.0,Failure
2521,sh603516,2025-09-16,score_filtered,0.19270833333333334,0.050122094125769734,-0.001485758801804065,22,0.0015615285695851355,1.0,0.0,Smooth
2522,sh605288,2025-09-16,score_filtered,0.32139731024225743,0.8155694047662669,-0.01619987656022504,22,-0.19785332864742033,0.0,2.0,Failure
2523,sz300004,2025-09-16,score_filtered,0.2722580817437941,0.7689110415779311,-0.010928509283660391,22,-0.21052630241348858,0.0,2.0,Failure
2524,sz301488,2025-09-16,score_filtered,0.3213932039268276,0.8528394165689992,-0.01621849657502437,22,-0.2950969898551412,0.0,2.0,Failure
2525,sh600376,2025-09-16,score_filtered,0.3096045344463915,0.5944684539980876,-0.012073516324435141,22,-0.14850138009923408,0.0,2.0,Failure
2526,sz300857,2025-09-16,score_filtered,0.17272728168152354,0.32949801842734516,-0.005350038327225682,22,-0.041825832400598895,2.0,1.0,Pullback
2527,bj920857,2025-09-16,score_filtered,0.21411409381749824,0.00013533773997720377,8.55923488625017e-05,22,-0.07624345433326085,1.0,0.0,Smooth
2528,sh600410,2025-09-16,score_filtered,0.28763774290388106,0.8323084253237587,-0.012065481167806664,22,-0.219479405129826,0.0,2.0,Failure
2529,sh603083,2025-09-16,score_filtered,0.2663859584875274,0.20644630815428067,-0.0055235649324533575,22,-0.02733849322920101,1.0,0.0,Smooth
2530,bj920857,2025-09-17,expired,0.21411409381749824,0.16371830797206355,0.002527732100109529,22,0.03517038854379195,1.0,0.0,Smooth
2531,bj920906,2025-09-17,expired,0.2174031463864588,0.5434900149636102,-0.00520253755602957,22,-0.15852583757377658,2.0,1.0,Pullback
2532,sz000691,2025-09-17,expired,0.1557943034975256,0.25778702601854075,0.007967133299962336,22,0.26327435005354394,2.0,1.0,Pullback
2533,sz300007,2025-09-17,expired,0.25487235162314686,0.7521152423075707,-0.011524403188512354,22,-0.19229118509234477,0.0,2.0,Failure
2534,sz300959,2025-09-17,expired,0.18082521996429277,0.5831801980709348,0.015077659895599576,22,0.4157822797087585,2.0,1.0,Pullback
2535,bj920252,2025-09-17,operable_filtered,0.26661370327715517,0.8268868364630821,-0.013434003312733013,22,-0.20905724935885706,0.0,2.0,Failure
2536,bj920553,2025-09-17,operable_filtered,0.16420237725395537,0.000582422477368949,-0.000156835209091098,22,-0.037520393928159534,1.0,0.0,Smooth
2537,sz002058,2025-09-17,operable_filtered,0.19087135514837716,0.0934773821695154,-0.0027545495462405847,22,-0.09309731542536648,1.0,0.0,Smooth
2538,sz300469,2025-09-17,operable_filtered,0.1980540507548564,0.7344901157792831,-0.008870677442291662,22,-0.1666854702010666,0.0,2.0,Failure
2539,sz002062,2025-09-17,operable_filtered,0.19059208402358058,0.0011913663527267637,-0.0003112803945092731,22,-0.014146843072517568,1.0,0.0,Smooth
2540,sh688110,2025-09-17,operable_filtered,0.2654913621862948,0.5199537585325087,-0.007728995490929652,22,-0.07251713184416442,2.0,1.0,Pullback
2541,sh605288,2025-09-17,score_filtered,0.32139731024225743,0.7205639706759268,-0.014359651617990172,22,-0.2652463966186981,0.0,2.0,Failure
2542,sz301488,2025-09-17,score_filtered,0.3098398029667835,0.8287939505200963,-0.013889909508856754,22,-0.27023921400736395,0.0,2.0,Failure
2543,bj920634,2025-09-17,score_filtered,0.1908045843454248,0.7389579401562931,-0.006565448418262339,22,-0.15882713794604075,0.0,2.0,Failure
2544,sh688279,2025-09-17,score_filtered,0.3708278327588214,0.895517945206063,-0.017288200910788712,22,-0.2773722627737226,0.0,2.0,Failure
2545,sh601388,2025-09-17,score_filtered,0.14759036728598288,0.09141938249800685,0.0013688779364855004,22,-0.0324675023083254,1.0,0.0,Smooth
2546,bj920857,2025-09-18,expired,0.14644487258525368,0.29851132796574875,0.0034623687269249885,22,0.10126090177913238,2.0,1.0,Pullback
2547,bj920834,2025-09-18,traded,0.4269230915949895,0.5632528616101788,-0.0071990031121238396,22,-0.18281255432714805,0.0,2.0,Failure
2548,sz000691,2025-09-18,expired,0.1557943034975256,0.18221703028734137,0.00609984835209651,22,0.31292520684569514,1.0,0.0,Smooth
2549,sz300007,2025-09-18,expired,0.20325797766627413,0.6863168050591824,-0.010050799895713978,22,-0.10906201023745854,0.0,2.0,Failure
2550,bj920000,2025-09-18,operable_filtered,0.3097807086786157,0.7636390937939103,-0.012096641178212339,22,-0.20038834358881974,0.0,2.0,Failure
2551,bj920407,2025-09-18,operable_filtered,0.20749610146918177,0.10419920230158786,-0.0021367312636691904,22,-0.10377358953529725,1.0,0.0,Smooth
2552,sh688135,2025-09-18,operable_filtered,0.21783182576457,0.5927288420975481,-0.008514323777748845,22,-0.05850743535739278,0.0,2.0,Failure
2553,sz301013,2025-09-18,operable_filtered,0.32746157390209424,0.02167074842229011,0.002292632916185898,22,0.09094325519679014,1.0,0.0,Smooth
2554,bj920978,2025-09-18,operable_filtered,0.23416198987698061,0.5049637342265874,-0.007236644915804252,22,-0.14636978158093228,2.0,1.0,Pullback
2555,sh600376,2025-09-18,operable_filtered,0.3096045344463915,0.3340579805638867,-0.008422182160282888,22,-0.004132260173905,2.0,1.0,Pullback
2556,sh688279,2025-09-18,operable_filtered,0.291007483183448,0.8640310897884577,-0.01571763239892128,22,-0.19999999999999996,0.0,2.0,Failure
2557,sz000559,2025-09-18,operable_filtered,0.21347518776223506,0.013935511526181887,0.0012004163049037719,22,0.16200581713750006,1.0,0.0,Smooth
2558,sz002067,2025-09-18,score_filtered,0.24678663554190855,0.4221644810045797,0.005180878235019038,22,0.012422348291186713,2.0,1.0,Pullback
2559,sz301489,2025-09-18,score_filtered,0.3001952786251398,0.5389452699016289,-0.012293768081559265,22,-0.1522101732088883,2.0,1.0,Pullback
2560,sh605288,2025-09-18,score_filtered,0.32139731024225743,0.6151472552653023,-0.010895120197923375,22,-0.1734730474819517,0.0,2.0,Failure
2561,sz002062,2025-09-18,score_filtered,0.19059208402358058,0.02343853570530574,0.001417413001773158,22,0.062100485572649244,1.0,0.0,Smooth
2562,bj920857,2025-09-19,expired,0.14644487258525368,0.3430639353743945,0.004306499689114894,22,0.07263749723582413,2.0,1.0,Pullback
2563,bj920834,2025-09-19,traded,0.19415901552338358,0.3727314022602155,-0.004587612532243373,22,-0.07134823622749564,2.0,1.0,Pullback
2564,sh603843,2025-09-19,expired,0.06677790213931925,0.8523106913376423,0.023446138282568637,16,0.39139340217637075,0.0,2.0,Failure
2565,sh600699,2025-09-19,operable_filtered,0.21662469058433761,0.41807623377021863,-0.006991412246619699,22,-0.07848447810554804,2.0,1.0,Pullback
2566,sz002674,2025-09-19,operable_filtered,0.25483874341823737,0.6208952541584332,-0.009775851084358796,22,-0.06816722872121106,0.0,2.0,Failure
2567,sz000691,2025-09-19,operable_filtered,0.1557943034975256,0.07233846339585992,0.0032055142518259334,22,0.20626347734364425,1.0,0.0,Smooth
2568,sz301489,2025-09-19,score_filtered,0.3001952786251398,0.627909695524858,-0.013900958315902849,22,-0.2577431319224126,0.0,2.0,Failure
2569,sh688081,2025-09-19,score_filtered,0.31307283716505235,0.6979527860049134,-0.014324140255821762,22,-0.13335198201621412,0.0,2.0,Failure
2570,sz002062,2025-09-19,score_filtered,0.14187451040140503,0.11247620475862241,0.0035309305745403487,22,0.12432424444510515,1.0,0.0,Smooth
2571,sh688205,2025-09-19,score_filtered,0.3751545329589366,0.3855885518810982,-0.010442109235794049,22,-0.21290541983939504,2.0,1.0,Pullback
2572,sz301421,2025-09-19,score_filtered,0.2714476788577332,0.5395686535468222,-0.01038522995103927,22,-0.00953702573423032,2.0,1.0,Pullback
2573,sh600376,2025-09-19,score_filtered,0.28953489971006086,0.3042196746039557,-0.00796276268881551,22,-0.17271585445998516,2.0,1.0,Pullback
2574,bj920407,2025-09-19,score_filtered,0.12834680703930784,0.007051489231906238,-0.0004977438532801682,22,-0.0018149234966302608,1.0,0.0,Smooth
2575,sh603297,2025-09-19,score_filtered,0.21192310039813703,0.7186720450992503,-0.007520761505939762,22,-0.13553720269321412,0.0,2.0,Failure
2576,sz002067,2025-09-19,score_filtered,0.12927189941952694,0.4779630707437842,0.005500825506745176,22,0.04761904016205887,2.0,1.0,Pullback
2577,sh688195,2025-09-19,score_filtered,0.3278565094845024,0.12428846957974238,-0.007203135570967601,22,-0.06972028825666521,1.0,0.0,Smooth
2578,bj920857,2025-09-22,expired,0.1270847072754218,0.599168720770558,0.006672864701600525,22,0.14981547633919967,0.0,2.0,Failure
2579,bj920834,2025-09-22,traded,0.15819214823266375,0.1508523743700293,-0.0026265470832402514,22,-0.034005771735776236,1.0,0.0,Smooth
2580,bj920274,2025-09-22,expired,0.14393131783341184,0.3069967340984049,-0.003341966948878376,22,-0.06883853704519594,2.0,1.0,Pullback
2581,sz301013,2025-09-22,operable_filtered,0.32746157390209424,0.0012180970342932085,-0.0005262128181892692,22,-0.04118842627064223,1.0,0.0,Smooth
2582,sz301489,2025-09-22,score_filtered,0.3001952786251398,0.6227504311207046,-0.0137596636244743,22,-0.2529249707423329,0.0,2.0,Failure
2583,sh603686,2025-09-22,score_filtered,0.21491698954727137,0.030206859809970066,0.0018739127758712689,22,0.005720409415087779,1.0,0.0,Smooth
2584,sh688521,2025-09-22,score_filtered,0.22964431331895796,0.6266760636793508,-0.009802602068140903,22,-0.21067958202176884,0.0,2.0,Failure
2585,sz300115,2025-09-22,score_filtered,0.16800730500088332,0.18551789869435886,-0.003540171199116419,22,-0.005206972668306942,1.0,0.0,Smooth
2586,sh688081,2025-09-22,score_filtered,0.31307283716505235,0.5945515835623141,-0.012833290388280162,22,-0.17812504656612693,0.0,2.0,Failure
2587,sz002463,2025-09-22,score_filtered,0.2076967900529676,0.0018507532615481548,0.00040644341328528787,22,-0.02824139325473396,1.0,0.0,Smooth
2588,bj920978,2025-09-22,score_filtered,0.19983243779043217,0.1855576143715223,-0.003919687513093476,22,0.009727160915056654,1.0,0.0,Smooth
2589,sh603618,2025-09-22,score_filtered,0.3115289949753916,0.6041601677697768,-0.01159093151848209,22,-0.3491414279569597,0.0,2.0,Failure
2590,sh688228,2025-09-22,score_filtered,0.30776924720177284,0.01464009706034275,-0.0014254106376509284,22,-0.01592962324447711,1.0,0.0,Smooth
2591,sz301319,2025-09-22,score_filtered,0.2048047925121656,0.802728672523568,-0.009340947605288563,22,-0.11454136117442149,0.0,2.0,Failure
2592,bj920808,2025-09-22,score_filtered,0.17776302011605294,0.2581208118352447,-0.004223372138459291,22,-0.05935936150751331,2.0,1.0,Pullback
2593,sh603226,2025-09-22,score_filtered,0.14245476302555993,0.5296704551400455,0.012166804775724472,22,0.34281044576295283,2.0,1.0,Pullback
2594,sh605255,2025-09-23,expired,0.15536699901065457,0.0001781421173597808,-0.0001460024926416891,16,-0.0739890519142391,1.0,0.0,Smooth
2595,bj920834,2025-09-23,traded,0.15723985512781177,0.0014461193203626488,-0.00026957763412352204,22,0.03686361352496559,1.0,0.0,Smooth
2596,sz300250,2025-09-23,operable_filtered,0.17296914282508657,0.022705926425122924,0.001294140800878819,22,0.0007476806640625,1.0,0.0,Smooth
2597,sz300969,2025-09-23,operable_filtered,0.2395861921639278,0.06359327060447029,-0.0034131784867906904,22,-0.024999955121208672,1.0,0.0,Smooth
2598,sh688081,2025-09-23,score_filtered,0.31307283716505235,0.4675288248676116,-0.01040047200045621,22,-0.17854323497572955,2.0,1.0,Pullback
2599,sh688373,2025-09-23,score_filtered,0.2638215476551776,0.7846302059256691,-0.009992769651368283,22,-0.22233713323727555,0.0,2.0,Failure
2600,sz301421,2025-09-23,score_filtered,0.2719403222290354,0.6893466179576304,-0.011690345130531968,22,-0.2111980754568048,0.0,2.0,Failure
2601,sz002475,2025-09-23,score_filtered,0.19875344987075466,0.01278946360488109,-0.001172044272283322,22,-0.10256406355046821,1.0,0.0,Smooth
2602,sz301629,2025-09-23,score_filtered,0.2884328472080515,0.3449110721226504,-0.007523143467125859,22,-0.2527953020230992,2.0,1.0,Pullback
2603,sz301319,2025-09-23,score_filtered,0.2048047925121656,0.8459004059732164,-0.009779799584517466,22,-0.13849459412277387,0.0,2.0,Failure
2604,sh603786,2025-09-23,score_filtered,0.2722695649471136,0.8437710547946782,-0.014309820842943157,22,-0.21685528782345997,0.0,2.0,Failure
2605,bj920237,2025-09-23,score_filtered,0.16237624423027025,0.13296228928388965,-0.0032281983003417105,22,0.027099410834097837,1.0,0.0,Smooth
2606,sh603179,2025-09-23,score_filtered,0.21276836195605273,0.23000998479572887,-0.005500818208901905,22,-0.04451337754944984,1.0,0.0,Smooth
2607,bj920185,2025-09-23,score_filtered,0.1458333540293897,0.00011714010360230898,0.00011169566869022253,22,0.10054353678885186,1.0,0.0,Smooth
2608,sh688411,2025-09-23,score_filtered,0.23600055179810406,0.09913489795819375,-0.0030342321646110175,22,0.02182316483541924,1.0,0.0,Smooth
2609,bj920926,2025-09-23,score_filtered,0.0957598976083629,0.18770915119718146,0.001998374413385223,22,0.03623897004668697,1.0,0.0,Smooth
2610,sz002249,2025-09-23,score_filtered,0.12214983978970083,0.2923355904856365,0.005890984852498195,22,0.0642918989055532,2.0,1.0,Pullback
2611,sz000691,2025-09-24,expired,0.1557943034975256,0.029690662012992308,-0.0013768486711249282,22,0.14925367424816982,1.0,0.0,Smooth
2612,bj920145,2025-09-24,traded,0.21005382809799777,0.0002849508791124,9.738345706829185e-05,22,-0.11241605905663554,1.0,0.0,Smooth
2613,bj920765,2025-09-24,operable_filtered,0.23303008625580454,0.338068395306965,0.00824686538145037,22,0.10842860651261388,2.0,1.0,Pullback
2614,sh600895,2025-09-24,operable_filtered,0.20593520256248865,0.7464647813916725,-0.009298369852161441,22,-0.19482261841105242,0.0,2.0,Failure
2615,bj920978,2025-09-24,operable_filtered,0.19983243779043217,0.0123783344447852,-0.0009266865630156332,22,-0.02295389876998344,1.0,0.0,Smooth
2616,sz301629,2025-09-24,operable_filtered,0.23413655844079442,0.2721797768303228,-0.005614084544915467,22,-0.19874998728434246,2.0,1.0,Pullback
2617,sh688123,2025-09-24,operable_filtered,0.13188445548653643,0.6000795239013195,0.009000298916780454,22,0.24795380643517073,0.0,2.0,Failure
2618,sz001309,2025-09-24,operable_filtered,0.20036426131095297,0.5744951161722256,0.012772685074188626,22,0.34258472535600615,2.0,1.0,Pullback
2619,bj920961,2025-09-24,score_filtered,0.1795433185611754,0.12552125662211733,-0.0027123912240199924,22,-0.06385823661504852,1.0,0.0,Smooth
2620,sh603786,2025-09-24,score_filtered,0.28316396003490957,0.866075190433897,-0.014952972432950644,22,-0.2089583079020182,0.0,2.0,Failure
2621,bj920438,2025-09-24,score_filtered,0.26920073613991446,0.28999102981807223,-0.0066955461737371064,22,-0.143183697892459,2.0,1.0,Pullback
2622,sh688081,2025-09-24,score_filtered,0.31307283716505235,0.2950576109271247,-0.007446347387925726,22,-0.12732671323334643,2.0,1.0,Pullback
2623,sz300604,2025-09-24,score_filtered,0.2244102065789955,0.37510972804877185,-0.006386558769997527,22,-0.12866052056363475,2.0,1.0,Pullback
2624,sh688403,2025-09-24,score_filtered,0.19476019356713425,0.44626632062430716,-0.00725653811143889,22,-0.1214286208339892,2.0,1.0,Pullback
2625,sz002475,2025-09-24,score_filtered,0.19181339767690378,0.00297454632899552,0.0005190593371289328,22,-0.08466685882589675,1.0,0.0,Smooth
2626,sh688411,2025-09-24,score_filtered,0.23600055179810406,0.17862847906582613,-0.003964915502529036,22,0.01746433803013403,1.0,0.0,Smooth
2627,sz002295,2025-09-25,expired,0.27694958311200324,0.6371872859644436,-0.008734771534364177,22,-0.1723905962191855,0.0,2.0,Failure
2628,bj920252,2025-09-25,operable_filtered,0.24871164726330383,0.17714517305066213,-0.004874710290612863,22,-0.12079742039756391,1.0,0.0,Smooth
2629,sz000691,2025-09-25,expired,0.1557943034975256,0.03651826228830013,-0.0015074447490354456,22,0.09147421954124368,1.0,0.0,Smooth
2630,sh688585,2025-09-25,operable_filtered,0.1767600326573893,0.35470147858741174,0.009548565823819967,19,-0.010030256959999595,2.0,1.0,Pullback
2631,sz002513,2025-09-25,operable_filtered,0.30244752519421736,0.3257253547276312,-0.007062717599295637,22,-0.05937138763940408,2.0,1.0,Pullback
2632,sh688233,2025-09-25,operable_filtered,0.16807031279191217,0.20581764107533784,0.004342300921142483,22,0.10154530609914514,1.0,0.0,Smooth
2633,sz002453,2025-09-25,operable_filtered,0.3043933259958938,0.5876289257705324,-0.007841014620581106,22,-0.23804097258707624,0.0,2.0,Failure
2634,sz300270,2025-09-25,operable_filtered,0.18769468993552746,0.004466322832170633,-0.0006188577613841548,22,-0.08061597340561677,1.0,0.0,Smooth
2635,sz002364,2025-09-25,score_filtered,0.22015036676163063,0.42569566637630096,-0.005925516661948641,22,-0.1640175999839001,2.0,1.0,Pullback
2636,sz300604,2025-09-25,score_filtered,0.2290544568390015,0.3951654841076201,-0.006672585384264539,22,-0.14947699941015846,2.0,1.0,Pullback
2637,sh605358,2025-09-25,score_filtered,0.12186282110580689,0.19857515094505174,0.003013887353220226,22,0.02659745554670523,1.0,0.0,Smooth
2638,sh603286,2025-09-25,score_filtered,0.19181287132416175,0.46703485407495904,-0.005698363510661682,22,-0.03542363775677537,2.0,1.0,Pullback
2639,bj920925,2025-09-25,score_filtered,0.10725287095768667,0.12454504959556523,0.002114409684956963,22,0.08181820493755909,1.0,0.0,Smooth
2640,sh600167,2025-09-25,score_filtered,0.1948176312963326,0.36960254383548363,-0.004307187704655763,22,-0.1452631699411493,2.0,1.0,Pullback
2641,sz301319,2025-09-25,score_filtered,0.2048047925121656,0.7903469740920487,-0.008975596540590694,22,-0.15783946715464003,0.0,2.0,Failure
2642,sh688361,2025-09-25,score_filtered,0.18997508984768677,0.04804539598651647,-0.0016162513484232644,22,0.03631670681181509,1.0,0.0,Smooth
2643,sh603090,2025-09-25,score_filtered,0.20120116508010513,0.007354283563460129,-0.0009232333346070122,22,-0.1796796914333697,1.0,0.0,Smooth
2644,sh603226,2025-09-25,score_filtered,0.16639839699822476,0.08362954922796562,0.0027994934517486933,22,0.0974860824816417,1.0,0.0,Smooth
2645,bj920575,2025-09-25,score_filtered,0.0952727577903054,0.4855604736039524,0.004546942733620833,22,0.10350073220267042,2.0,1.0,Pullback
2646,bj920699,2025-09-25,score_filtered,0.19418610221569585,0.23102620223986226,-0.0030346306290874245,22,-0.11998114668390858,1.0,0.0,Smooth
2647,sz000691,2025-09-26,expired,0.1557943034975256,0.050328714304811006,-0.0017577867888426675,22,-0.01184428030990059,1.0,0.0,Smooth
2648,sz002295,2025-09-26,operable_filtered,0.27694958311200324,0.604824786675092,-0.008165660104209537,22,-0.07829979140063115,0.0,2.0,Failure
2649,bj920765,2025-09-26,operable_filtered,0.23303008625580454,0.45510008534358737,0.00972526643815694,22,0.07151980934633317,2.0,1.0,Pullback
2650,sh688249,2025-09-26,operable_filtered,0.22727273142094098,0.2594842831614773,-0.00428949829596028,22,-0.04959899791398248,2.0,1.0,Pullback
2651,sh603398,2025-09-26,score_filtered,0.221398280577664,0.2931495385210895,-0.005705479230000306,22,-0.13694267000054472,2.0,1.0,Pullback
2652,sz000559,2025-09-26,score_filtered,0.21347518776223506,0.0029769688131123795,0.0005170689124540631,22,-0.029275745313403267,1.0,0.0,Smooth
2653,sh603040,2025-09-26,score_filtered,0.20423848178818196,0.12356560590088395,-0.0030523726855846514,22,-0.14336344735935902,1.0,0.0,Smooth
2654,sh603090,2025-09-26,score_filtered,0.18847455816753841,0.002229178040493829,0.00045042874973116897,22,-0.12662278125285564,1.0,0.0,Smooth
2655,sh605028,2025-09-26,score_filtered,0.18204648566531145,0.3666998044813079,-0.004863084200329397,22,-0.14308683949698253,2.0,1.0,Pullback
2656,bj920087,2025-09-26,score_filtered,0.20149998664855956,0.012276037282892727,-0.0006655646314936364,22,0.054545465804891835,1.0,0.0,Smooth
2657,bj920174,2025-09-26,score_filtered,0.25070421460648656,0.2346662614320436,-0.004081975181011959,22,-0.18423045145425865,1.0,0.0,Smooth
2658,sh688577,2025-09-26,score_filtered,0.16489851969171143,0.1888103828190053,-0.003310333681892793,22,-0.06754474700351087,1.0,0.0,Smooth
2659,sh603083,2025-09-26,score_filtered,0.29242103978207235,0.1396614223692756,-0.004448394831421963,22,-0.24315739731149488,1.0,0.0,Smooth
2660,sh688293,2025-09-26,score_filtered,0.17629631890190972,0.16827010099811102,-0.0032887294890190967,22,-0.1348042680335394,1.0,0.0,Smooth
2661,sh603786,2025-09-26,score_filtered,0.31566421584976456,0.9129276639120818,-0.016273912129504232,22,-0.3159985073843249,0.0,2.0,Failure
2662,sz002513,2025-09-26,score_filtered,0.30244752519421736,0.3406905679010871,-0.007232125231187684,22,-0.11322748321911613,2.0,1.0,Pullback
2663,sz002048,2025-09-26,score_filtered,0.2145320052173034,0.4308130985562778,-0.008185919286362283,22,-0.22137028680144955,2.0,1.0,Pullback
2664,bj920690,2025-09-26,score_filtered,0.193684226588199,0.11245623658137871,0.0027735985787613604,22,-0.04904406900194347,1.0,0.0,Smooth
2665,sh688123,2025-09-26,score_filtered,0.15422666805028507,0.3759891589827582,0.006104465852313324,22,0.04718832417895946,2.0,1.0,Pullback
2666,sz000691,2025-09-29,expired,0.1557943034975256,0.06506110562421952,-0.0020230903796987147,22,-0.10555999049553255,1.0,0.0,Smooth
2667,sh688249,2025-09-29,expired,0.22727273142094098,0.4609450222970455,-0.005831235645605129,22,-0.053371502929490555,2.0,1.0,Pullback
2668,sh603398,2025-09-29,operable_filtered,0.221398280577664,0.1698514182035581,-0.003612686234318364,22,-0.12067038510861494,1.0,0.0,Smooth
2669,sz300604,2025-09-29,operable_filtered,0.24781719670854638,0.33181911559588895,-0.005244860690305549,22,-0.16422405299434584,2.0,1.0,Pullback
2670,sh688698,2025-09-29,operable_filtered,0.21708183838700246,0.006521049399670686,-0.0008707075319980074,22,-0.13686413876456616,1.0,0.0,Smooth
2671,bj920252,2025-09-29,score_filtered,0.2294853915136729,0.023673472060235845,-0.001443779162744372,22,-0.1302817547785573,1.0,0.0,Smooth
2672,sz300620,2025-09-29,score_filtered,0.20006330054754612,5.2133796234588026e-05,6.626646528165877e-05,22,-0.08080813010865984,1.0,0.0,Smooth
2673,sz000559,2025-09-29,score_filtered,0.21347518776223506,0.12277807859868894,0.003649694662327118,22,0.09478671593431609,1.0,0.0,Smooth
2674,bj920857,2025-09-29,score_filtered,0.1270847072754218,0.8427503614089524,0.009522596694727698,22,0.17585406236008172,0.0,2.0,Failure
2675,sh603179,2025-09-29,score_filtered,0.21276836195605273,0.004363244460616644,-0.000691232259758652,22,-0.026974925807722205,1.0,0.0,Smooth
2676,sh688577,2025-09-29,score_filtered,0.16489851969171143,0.2265521203629166,-0.003674420355419222,22,-0.05754796862441769,1.0,0.0,Smooth
2677,sz300857,2025-09-29,score_filtered,0.1639576198014043,0.0027499188322291923,0.0004683317785358684,22,-0.0601132046331917,1.0,0.0,Smooth
2678,sh601929,2025-09-29,score_filtered,0.08651403226780048,0.3069629878744836,0.007470644759572317,22,0.177718854027497,2.0,1.0,Pullback
2679,sh603119,2025-09-29,score_filtered,0.19379712975344227,0.03606289866045176,-0.0016381306766190492,22,-0.12151359107015236,1.0,0.0,Smooth
2680,sz301488,2025-09-29,score_filtered,0.16625196482118018,0.3199021166053223,-0.0035953632554051457,22,-0.09999992898759924,2.0,1.0,Pullback
2681,sh603626,2025-09-29,score_filtered,0.14966440263951455,0.18606584543625193,-0.0025989877034029375,22,-0.058091296706216045,1.0,0.0,Smooth
2682,sh603786,2025-09-29,score_filtered,0.3014018691588785,0.8970203727780135,-0.01470197292738978,22,-0.2660164391636409,0.0,2.0,Failure
2683,sz301448,2025-09-29,score_filtered,0.06985855460993728,0.6063074560496399,0.007287881822745498,22,0.2001051178853006,0.0,2.0,Failure
2684,sh600629,2025-09-30,operable_filtered,0.4431956817589995,0.5122155085772386,-0.0224453419776058,22,-0.23003528258078432,2.0,1.0,Pullback
2685,sz000691,2025-09-30,operable_filtered,0.1557943034975256,0.047221816606973444,-0.0016705976641580582,22,-0.12400631759962755,1.0,0.0,Smooth
2686,sh688123,2025-09-30,operable_filtered,0.15422666805028507,0.3789319223052866,0.005963046529222151,22,0.006338634440571811,2.0,1.0,Pullback
2687,bj920305,2025-09-30,score_filtered,0.1080864253430288,0.06235754154193207,-0.0008373960756924517,22,-0.006289280692225341,1.0,0.0,Smooth
2688,sh603496,2025-09-30,score_filtered,0.22805553012424046,0.5520344104756363,-0.0036138787426249763,22,-0.1415596747435981,2.0,1.0,Pullback
2689,sh688249,2025-09-30,score_filtered,0.22727273142094098,0.6135895824549362,-0.007080026671458554,22,-0.18136021724364204,0.0,2.0,Failure
2690,sh688228,2025-09-30,score_filtered,0.36153846153846153,0.5611823757605963,-0.010602685189533563,22,-0.21140249662577382,2.0,1.0,Pullback
2691,sz001301,2025-09-30,score_filtered,0.1113107510793241,0.7357206599438867,0.010240019046524844,22,0.1930588666130515,0.0,2.0,Failure
2692,sz300593,2025-09-30,score_filtered,0.12085947826758103,0.6589390521054934,0.015511001449277426,22,0.1714285337587511,0.0,2.0,Failure
2693,sh688698,2025-09-30,score_filtered,0.21708183838700246,8.691554087558728e-08,-2.9396952351787788e-06,22,-0.15546541440092776,1.0,0.0,Smooth
2694,sh688498,2025-09-30,score_filtered,0.14361301946751165,0.8007391790462541,0.02395367964569777,22,0.43270214524722617,0.0,2.0,Failure
2695,sz000559,2025-09-30,score_filtered,0.1630188564084611,0.306914243428248,0.006246374066304915,22,0.0514198073694947,2.0,1.0,Pullback
2696,sz301358,2025-09-30,score_filtered,0.12621832820710163,0.6619762178476655,0.017230858837455565,22,0.3694173000797458,0.0,2.0,Failure
2697,sz301518,2025-09-30,score_filtered,0.1837627046853088,0.3509507996921256,-0.004169858363103498,22,-0.05180919444530718,2.0,1.0,Pullback
2698,sz301421,2025-09-30,score_filtered,0.23544415921987838,0.5597608432750516,-0.0085134077089874,22,-0.10652366404292313,2.0,1.0,Pullback
2699,sh688109,2025-09-30,score_filtered,0.1351095665216318,0.39480574459064377,0.008307818738948564,22,0.21660811268334967,2.0,1.0,Pullback
2700,bj920839,2025-09-30,score_filtered,0.22444955160070612,0.0033083619328253544,-0.0006609088636480756,22,0.05929309872958832,1.0,0.0,Smooth
2701,bj920284,2025-10-09,expired,0.24351292055515802,0.003460148136335439,0.0006127074663422725,22,0.06885160168823612,1.0,0.0,Smooth
2702,sh600362,2025-10-09,score_filtered,0.13925515895233923,0.03415386429877454,0.001320610561693594,22,-0.04394295822263006,1.0,0.0,Smooth
2703,sh688122,2025-10-09,score_filtered,0.17149700233322418,0.0976315117694404,0.0030805240809063227,22,-0.04816576385160998,1.0,0.0,Smooth
2704,sz000559,2025-10-09,score_filtered,0.13087774657824502,0.5964685115421433,0.009342443971911174,22,0.1882453220811675,0.0,2.0,Failure
2705,sz000981,2025-10-09,score_filtered,0.25851699050186205,0.6795547558374508,-0.008885513507614835,22,-0.19205299860559344,0.0,2.0,Failure
2706,sh688228,2025-10-09,score_filtered,0.36153846153846153,0.5494047006521481,-0.010333191939342127,22,-0.25027808676307006,2.0,1.0,Pullback
2707,sz000603,2025-10-09,score_filtered,0.2658186451105995,0.674483168953335,-0.009117908517970416,22,-0.12844036697247707,0.0,2.0,Failure
2708,sz300539,2025-10-09,score_filtered,0.2602965245217473,0.7935124328966036,-0.009245185798837137,22,-0.18384397384782325,0.0,2.0,Failure
2709,sh688691,2025-10-09,score_filtered,0.2839506172839506,0.46134254514003026,-0.010676687246527872,22,-0.06821961028645518,2.0,1.0,Pullback
2710,sh688347,2025-10-09,score_filtered,0.1471411806740895,0.04485561546981953,0.002038352641773812,22,0.05083996531897106,1.0,0.0,Smooth
2711,sh688249,2025-10-09,score_filtered,0.19229812749788017,0.6000810452817373,-0.006630990435240136,22,-0.08550397745915672,0.0,2.0,Failure
2712,bj920748,2025-10-09,score_filtered,0.2422078120244014,0.6327910698755517,0.02821496731668425,22,0.36902389818557757,0.0,2.0,Failure
2713,bj920575,2025-10-09,score_filtered,0.04152482464954091,0.8220896968617502,0.006852476505562003,22,0.14365970757406465,0.0,2.0,Failure
2714,sh688172,2025-10-09,score_filtered,0.23223510462941127,0.42288934770912057,-0.0068472117127177995,22,-0.14566669464111326,2.0,1.0,Pullback
2715,sz002156,2025-10-09,score_filtered,0.16128363008455052,0.09437158652543864,-0.0024332001858566516,22,-0.11973682603457358,1.0,0.0,Smooth
2716,sz300475,2025-10-09,score_filtered,0.12028483660746837,0.9080842394597406,0.03228042785970343,22,0.9384281709700395,0.0,2.0,Failure
2717,sz300464,2025-10-09,score_filtered,0.199770406467817,0.057543367079069485,-0.0023864777392077377,22,-0.08101578186759639,1.0,0.0,Smooth
2718,sh600376,2025-10-09,score_filtered,0.23670884341579337,0.03809402020769781,-0.00183874809001201,22,-0.21329639980670267,1.0,0.0,Smooth
2719,bj920284,2025-10-10,expired,0.24351292055515802,0.007452076486311632,0.0009134766655487587,22,-0.02847201926500953,1.0,0.0,Smooth
2720,sz300948,2025-10-10,expired,0.17446991881973534,0.015027584484467948,-0.0009118994197559822,22,-0.018939415050838848,1.0,0.0,Smooth
2721,sh688228,2025-10-10,operable_filtered,0.36153846153846153,0.529289111620892,-0.009514016244513472,22,-0.2911993059160062,2.0,1.0,Pullback
2722,bj920748,2025-10-10,operable_filtered,0.2675324477158584,0.6056313949431781,0.027348956074387885,22,0.27210407432220807,0.0,2.0,Failure
2723,bj920978,2025-10-10,operable_filtered,0.1637477997430925,0.010023517419502581,-0.0008212435809775295,22,-0.011627926461706739,1.0,0.0,Smooth
2724,sh600629,2025-10-10,score_filtered,0.45834351549001945,0.7015975509981991,-0.028113032900020752,22,-0.2567337438197319,0.0,2.0,Failure
2725,sh688691,2025-10-10,score_filtered,0.2902468928584346,0.6976877867570628,-0.013679398248481236,22,-0.22743055555555558,0.0,2.0,Failure
2726,sz301518,2025-10-10,score_filtered,0.1389743120242388,0.03679810590065402,0.0018164963694043141,22,0.18277538581068598,1.0,0.0,Smooth
2727,sz300877,2025-10-10,score_filtered,0.22148894034903271,0.7850617891570596,-0.009112149248627625,22,-0.20820454666037136,0.0,2.0,Failure
2728,sz002156,2025-10-10,score_filtered,0.15316639945860672,0.08744063899591759,-0.0023074188201207694,22,-0.17394085099664547,1.0,0.0,Smooth
2729,sh688215,2025-10-10,score_filtered,0.20341022018671628,0.440543168546785,-0.005951247097277518,22,-0.1386631112805915,2.0,1.0,Pullback
2730,sz000981,2025-10-10,score_filtered,0.26653301528898626,0.6822793107116537,-0.008982328411792523,22,-0.1693735565580322,0.0,2.0,Failure
2731,sh600635,2025-10-10,score_filtered,0.1463414469920512,0.0016006834568300654,-0.00025779817499518,22,-0.04219411886094804,1.0,0.0,Smooth
2732,sh600105,2025-10-10,score_filtered,0.15587531977819868,0.0008952054038672275,0.00023598536725256248,22,-0.08778398885705685,1.0,0.0,Smooth
2733,sh600362,2025-10-10,score_filtered,0.13925515895233923,0.08834658427429076,0.002028680668046098,22,-0.051449299265938,1.0,0.0,Smooth
2734,sz000021,2025-10-10,score_filtered,0.2003614940143501,0.4050179397270618,-0.00494069822516862,22,-0.15610065988552257,2.0,1.0,Pullback
2735,sz301489,2025-10-10,score_filtered,0.3320754716981132,0.612515145729787,-0.013552180457151876,22,-0.32776474653890475,0.0,2.0,Failure
2736,sh601929,2025-10-10,score_filtered,0.10141988182756118,0.5553024172005216,0.011520217732362531,22,0.1929347246871227,2.0,1.0,Pullback
2737,bj920505,2025-10-13,traded,0.2639895913739402,0.5813717630396145,-0.0076833477333115895,22,-0.20968252515035968,0.0,2.0,Failure
2738,bj920284,2025-10-13,expired,0.24351292055515802,0.07991753999622653,0.0028757097116910426,22,-0.007466104646119964,1.0,0.0,Smooth
2739,sh688228,2025-10-13,operable_filtered,0.36746151263897237,0.5244341096669177,-0.00809245141911242,22,-0.15520834922790527,2.0,1.0,Pullback
2740,sz301137,2025-10-13,operable_filtered,0.20504615051760047,0.006257603356431551,0.0007511848486696444,22,-0.09639999389648435,1.0,0.0,Smooth
2741,sz301292,2025-10-13,operable_filtered,0.13195553021319,0.7091766242898289,0.03219963471768157,22,1.1956604225383405,0.0,2.0,Failure
2742,sh600635,2025-10-13,operable_filtered,0.1408268356567748,0.01161795860982806,-0.0007320177840924442,22,-0.07525325505198976,1.0,0.0,Smooth
2743,sh688411,2025-10-13,score_filtered,0.18988585968956503,0.010649945275541306,-0.0008904715592245754,22,0.07921234548908385,1.0,0.0,Smooth
2744,sz300469,2025-10-13,score_filtered,0.23076923076923078,0.7717385313920557,-0.010354524305485491,22,-0.1391384611104015,0.0,2.0,Failure
2745,sz301013,2025-10-13,score_filtered,0.3816621518614827,0.6221814227354021,-0.011361733056352468,22,-0.2844611993675442,0.0,2.0,Failure
2746,bj920396,2025-10-13,score_filtered,0.24802233506160362,0.03960665793768714,0.0017796595216022098,22,-0.13584810199439945,1.0,0.0,Smooth
2747,sh688691,2025-10-13,score_filtered,0.3061110885054977,0.7192413605289023,-0.014190062879120838,22,-0.22307152332346836,0.0,2.0,Failure
2748,bj920807,2025-10-13,score_filtered,0.1657169923846432,0.6059684364835005,-0.004170992335215599,22,-0.12786543193286526,0.0,2.0,Failure
2749,bj920748,2025-10-13,score_filtered,0.2675324477158584,0.6148816704767441,0.027652338929963674,22,0.3670615541166775,0.0,2.0,Failure
2750,sh688282,2025-10-13,score_filtered,0.22646155724158654,0.8249401181162777,-0.010017912133183756,22,-0.13774007541733602,0.0,2.0,Failure
2751,bj920061,2025-10-13,score_filtered,0.13791373752989558,0.44960136929294137,-0.002940935083840137,22,-0.11448167159209732,2.0,1.0,Pullback
2752,sh688409,2025-10-13,score_filtered,0.22527589819490712,0.5246377365695019,-0.005972028136116127,22,-0.1894468023978857,2.0,1.0,Pullback
2753,sz000969,2025-10-14,expired,0.19233865714345924,0.005618543534716469,0.0006784441655534858,22,0.02553831980058119,1.0,0.0,Smooth
2754,bj920505,2025-10-14,operable_filtered,0.26356253757150205,0.5381383784368587,-0.006555204864804205,22,-0.17890494474463092,2.0,1.0,Pullback
2755,sh603389,2025-10-14,operable_filtered,0.09874535105938502,0.6030328531200329,0.007908966464549083,22,0.16394235498497345,0.0,2.0,Failure
2756,sh688480,2025-10-14,operable_filtered,0.17685240968858215,0.10423448184411188,-0.001971356357299303,22,-0.13885247902792008,1.0,0.0,Smooth
2757,bj920978,2025-10-14,operable_filtered,0.1637477997430925,0.05788764138075286,-0.002000183397806965,22,-0.16154522362824753,1.0,0.0,Smooth
2758,sh600735,2025-10-14,score_filtered,0.19206936462362126,0.6166420571873478,0.018505833841489606,22,0.400437605025467,0.0,2.0,Failure
2759,sz300948,2025-10-14,score_filtered,0.19390457190805635,0.1624617686644826,-0.0032240762697471757,22,-0.07325821063733784,1.0,0.0,Smooth
2760,bj920509,2025-10-14,score_filtered,0.19574469708381814,0.05411038850152561,-0.0017166505801602056,22,-0.12095242454892108,1.0,0.0,Smooth
2761,bj920725,2025-10-14,score_filtered,0.2589134346241264,0.21627232627012227,0.006307049233805776,22,0.28389827241961463,1.0,0.0,Smooth
2762,sh600635,2025-10-14,score_filtered,0.11655630360391621,0.02572029542232057,-0.0011087809489339435,22,-0.033773865052282304,1.0,0.0,Smooth
2763,sh688691,2025-10-14,score_filtered,0.29114640960928434,0.7150867966337922,-0.014104766718492156,22,-0.19948423017405037,0.0,2.0,Failure
2764,sz300950,2025-10-14,score_filtered,0.39855075601952755,0.6999224596570184,-0.016849294689653547,22,-0.3689743433243189,0.0,2.0,Failure
2765,sz300127,2025-10-14,score_filtered,0.20407161151355527,0.7645315343801085,-0.007650521963232517,22,-0.1630491278784083,0.0,2.0,Failure
2766,sz300260,2025-10-14,score_filtered,0.255874618333676,0.5597850962812316,-0.00748837287407521,22,-0.18709088839644517,2.0,1.0,Pullback
2767,sz301013,2025-10-14,score_filtered,0.27947370629561574,0.6458661929725549,-0.008153823821413459,22,-0.21287406544220122,0.0,2.0,Failure
2768,sz000691,2025-10-14,score_filtered,0.1873065063470273,0.033438969749828185,-0.0013384651351171012,22,-0.09187279062635845,1.0,0.0,Smooth
2769,bj920839,2025-10-15,expired,0.22707065732705486,0.5513234946744534,-0.006829288265735341,22,-0.10674685966745823,2.0,1.0,Pullback
2770,sh688166,2025-10-15,operable_filtered,0.09488559084713942,0.19092965651987903,0.0021680480969976873,22,0.03004691970180451,1.0,0.0,Smooth
2771,bj920978,2025-10-15,operable_filtered,0.13672314660023835,0.011803071906654972,-0.0007632698220640242,22,-0.10805128164040001,1.0,0.0,Smooth
2772,sz301008,2025-10-15,operable_filtered,0.14604960535965836,0.029903165755418515,-0.0011889456348814268,22,-0.05070282254083924,1.0,0.0,Smooth
2773,bj920505,2025-10-15,operable_filtered,0.2189230698805589,0.48697721401681326,-0.005328656852827961,22,-0.12150337695958224,2.0,1.0,Pullback
2774,sz300111,2025-10-15,operable_filtered,0.21485942352302803,0.286627195281309,-0.005511676831534107,22,-0.12444443172878694,2.0,1.0,Pullback
2775,sh603389,2025-10-15,score_filtered,0.09874535105938502,0.5889378355309449,0.007694507305869188,22,0.12377849584656864,2.0,1.0,Pullback
2776,bj920748,2025-10-15,score_filtered,0.2675324477158584,0.6055164867100415,0.02720249177614904,22,0.8214388419499781,0.0,2.0,Failure
2777,sh605298,2025-10-15,score_filtered,0.15360305638759253,0.002235893838060554,0.00031944734789146856,22,0.0007596550524644474,1.0,0.0,Smooth
2778,sz301488,2025-10-15,score_filtered,0.15483472770867535,0.43692031708049983,-0.004921448499071601,22,-0.14824868571185146,2.0,1.0,Pullback
2779,sh688691,2025-10-15,score_filtered,0.29114640960928434,0.7100872272994248,-0.01399519557794868,22,-0.23904109947947916,0.0,2.0,Failure
2780,sz300948,2025-10-15,score_filtered,0.19390457190805635,0.21762054532039998,-0.003833446869561609,22,-0.08905477022664898,1.0,0.0,Smooth
2781,sh688411,2025-10-15,score_filtered,0.14824975124162576,0.18403318750955078,0.006681754978340339,22,0.29785636003929805,1.0,0.0,Smooth
2782,sh688109,2025-10-15,score_filtered,0.1351095665216318,0.18639861042812256,0.0038714913477686007,22,0.01505474888756786,1.0,0.0,Smooth
2783,sz000969,2025-10-15,score_filtered,0.19233865714345924,0.006785143330220178,-0.0007693527091081067,22,-0.05563757707928474,1.0,0.0,Smooth
2784,sz300260,2025-10-15,score_filtered,0.22254332934002868,0.5581756370424052,-0.0074357759233327,22,-0.17760556102384473,2.0,1.0,Pullback
2785,sz300857,2025-10-15,score_filtered,0.13444442749023439,0.005913631148562137,0.0005637230995579445,22,-0.04247799360211457,1.0,0.0,Smooth
2786,bj920225,2025-10-15,score_filtered,0.10729713663579095,0.828191026353642,0.02028961440611199,22,0.6238360467291173,0.0,2.0,Failure
2787,sz002370,2025-10-16,traded,0.13116733747112438,0.6535162441451474,0.011559069229333415,22,0.14709681849325862,0.0,2.0,Failure
2788,bj920839,2025-10-16,operable_filtered,0.22707065732705486,0.5363944151040761,-0.006628985893559263,22,-0.10428847083210302,2.0,1.0,Pullback
2789,sh605255,2025-10-16,expired,0.12319999694824219,0.28212587953807833,0.00411040548733735,22,0.14810293504011485,2.0,1.0,Pullback
2790,bj920047,2025-10-16,operable_filtered,0.07495554996789353,0.3039808563958216,0.0025512682720320945,22,0.08140492773749841,2.0,1.0,Pullback
2791,sz300111,2025-10-16,operable_filtered,0.21485942352302803,0.31095320163145945,-0.005882767025090645,22,-0.09422847296406256,2.0,1.0,Pullback
2792,sz000969,2025-10-16,score_filtered,0.20766128132916362,0.04257986049798268,-0.002001879593932165,22,-0.023517336249093468,1.0,0.0,Smooth
2793,sz002885,2025-10-16,score_filtered,0.2417023698908482,0.5360288903837973,0.016119210248824314,22,0.12920433282655863,2.0,1.0,Pullback
2794,sz002942,2025-10-16,score_filtered,0.2676363858309659,0.028739011338939746,-0.0009566087321813944,22,-0.1356572706713619,1.0,0.0,Smooth
2795,sz001309,2025-10-16,score_filtered,0.09728754579631332,0.8456554405465077,0.02120335311216871,22,0.44282351709296175,0.0,2.0,Failure
2796,bj920725,2025-10-16,score_filtered,0.2589134346241264,0.06502713448354114,0.0029905180544547985,22,0.19669424009717207,1.0,0.0,Smooth
2797,sz300475,2025-10-16,score_filtered,0.10886250904398546,0.9075346147240514,0.032660352773125,22,0.6995524038093099,0.0,2.0,Failure
2798,bj920509,2025-10-16,score_filtered,0.1692307859986693,0.04359684486574267,-0.0014846444727310976,22,-0.026717538357364123,1.0,0.0,Smooth
2799,sz002208,2025-10-16,score_filtered,0.24158028779841004,0.4158527387698826,-0.00803065062601735,22,0.010777547789802888,2.0,1.0,Pullback
2800,sh688691,2025-10-16,score_filtered,0.29114640960928434,0.6763208154268888,-0.013115375267864248,22,-0.13417241150542902,0.0,2.0,Failure
2801,sh603389,2025-10-16,score_filtered,0.09412975832419207,0.5431821586296499,0.00730346799676931,22,0.12392841860578097,2.0,1.0,Pullback
2802,sz300486,2025-10-16,score_filtered,0.14422313881341184,0.2548888379396138,0.004749106714406966,22,0.0023809160505021687,2.0,1.0,Pullback
2803,bj920505,2025-10-16,score_filtered,0.2189230698805589,0.44536433116334995,-0.004799011061599315,22,-0.13293510757121085,2.0,1.0,Pullback
2804,sz300588,2025-10-17,operable_filtered,0.1707549795228894,0.09226713062222547,-0.002486390961358304,22,0.001851137972486372,1.0,0.0,Smooth
2805,bj920225,2025-10-17,operable_filtered,0.10729713663579095,0.8082711387368007,0.018419094636711146,22,0.34420067651683706,0.0,2.0,Failure
2806,sh603843,2025-10-17,operable_filtered,,,,12,,,,
2807,sz300096,2025-10-17,score_filtered,0.14516131158780177,0.0011038533825973307,-0.00016850401685839308,22,-0.03435114202800782,1.0,0.0,Smooth
2808,sz002370,2025-10-17,score_filtered,0.09564289406208511,0.6638655758495009,0.011671602836324383,22,0.1346939130341136,0.0,2.0,Failure
2809,sh600735,2025-10-17,score_filtered,0.20693923948074736,0.24550058032105648,0.008624720427419836,22,0.15879020012197653,1.0,0.0,Smooth
2810,sz300948,2025-10-17,score_filtered,0.19390457190805635,0.3005386272474544,-0.004609310088715905,22,0.004901968932242262,2.0,1.0,Pullback
2811,sz002208,2025-10-17,score_filtered,0.24158028779841004,0.34828196705427195,-0.007374088363116364,22,0.016141432317639648,2.0,1.0,Pullback
2812,sz300620,2025-10-17,score_filtered,0.1961368430308413,0.4902325605720682,-0.006039529703136977,22,-0.06385320260984084,2.0,1.0,Pullback
2813,sz301365,2025-10-17,score_filtered,0.2231833543504676,0.712723385573782,-0.00815690148537685,22,-0.11444650209074758,0.0,2.0,Failure
2814,sh600408,2025-10-17,score_filtered,0.1071428828748459,0.8532983206984401,0.03912795532775192,22,0.905198793704058,0.0,2.0,Failure
2815,sz300539,2025-10-17,score_filtered,0.1836363358931108,0.7134874625245743,-0.00783349020529625,22,-0.12057974257906856,0.0,2.0,Failure
2816,sh600748,2025-10-17,score_filtered,0.21463412109547408,0.2546229192997841,-0.0037438365784921305,22,-0.029985050047169004,2.0,1.0,Pullback
2817,bj920169,2025-10-17,score_filtered,0.11098362633863114,0.07641764422369735,0.0016346914206342505,22,0.04356441040956627,1.0,0.0,Smooth
2818,sz000014,2025-10-17,score_filtered,0.36026546242147356,0.9073371433852115,-0.019283565719873826,22,-0.27702090166483295,0.0,2.0,Failure
2819,bj920445,2025-10-17,score_filtered,0.24294474048004808,0.013876239400282486,0.0011480599573921555,22,-0.004032196661186149,1.0,0.0,Smooth
2820,sz002571,2025-10-17,score_filtered,0.13701659909629613,0.5461187526732181,0.005166309754460887,22,0.03172732042626891,2.0,1.0,Pullback
2821,bj920725,2025-10-20,expired,0.2589134346241264,0.006969585691615876,0.0007950478222289037,22,-0.1141038156219698,1.0,0.0,Smooth
2822,sh600408,2025-10-20,traded,0.14347829482205302,0.8896953458225901,0.04092233071845176,22,0.851485210061327,0.0,2.0,Failure
2823,sz000626,2025-10-20,operable_filtered,0.2953953522670686,0.1572270565099989,-0.004029143026564828,22,-0.23671948464255432,1.0,0.0,Smooth
2824,sh603938,2025-10-20,operable_filtered,0.14836549978928035,0.4122216175665294,0.007876984670991523,22,0.019311108673279787,2.0,1.0,Pullback
2825,bj920225,2025-10-20,score_filtered,0.10729713663579095,0.7522326369170143,0.01713682154767916,22,0.3226949765897862,0.0,2.0,Failure
2826,sh688109,2025-10-20,score_filtered,0.1351095665216318,0.14717613527547768,0.003391881494113729,22,-0.0074306064181857145,1.0,0.0,Smooth
2827,sh600103,2025-10-20,score_filtered,0.10250565443077861,0.4708980113164003,0.0061701538235206,22,-0.008042887730928872,2.0,1.0,Pullback
2828,sh600735,2025-10-20,score_filtered,0.22180911433787348,0.1252309977039341,0.005706490091190146,22,0.14548802704009245,1.0,0.0,Smooth
2829,sh600376,2025-10-20,score_filtered,0.2433862654119794,0.046926379553539066,-0.0021936804861332456,22,0.013953512441753801,1.0,0.0,Smooth
2830,sz002208,2025-10-20,score_filtered,0.24158028779841004,0.1793321003402647,-0.005588837076397305,22,0.016072643989656132,1.0,0.0,Smooth
2831,sz301071,2025-10-20,score_filtered,0.2576923370361328,0.14504448174983853,-0.0038050371585549862,22,-0.19344802207984446,1.0,0.0,Smooth
2832,sz300250,2025-10-20,score_filtered,0.21331523684520654,0.005471333612547924,0.0008094277932510675,22,0.16771154790456988,1.0,0.0,Smooth
2833,sz300120,2025-10-20,score_filtered,0.20977251854462708,0.8727456799085089,-0.008277330006856133,22,-0.19163762168901377,0.0,2.0,Failure
2834,sh603083,2025-10-20,score_filtered,0.21624557625563887,0.11767201707720376,-0.0027961314960689965,22,0.001955846237046144,1.0,0.0,Smooth
2835,sz301617,2025-10-20,score_filtered,0.17360983338965838,0.38812884608333287,-0.006278806588107411,22,-0.17524749453705135,2.0,1.0,Pullback
2836,sz002320,2025-10-20,score_filtered,0.16933497775601605,0.014153728135775201,0.0008250678929043948,22,-0.09727886871128821,1.0,0.0,Smooth
2837,sh688585,2025-10-20,score_filtered,0.1710314937450673,0.36264910621395297,0.0066178706122137585,22,0.23608696979025146,2.0,1.0,Pullback
2838,bj920651,2025-10-20,score_filtered,0.21222955242477107,0.04806189670422745,-0.002509240601758961,22,-0.03317539100872258,1.0,0.0,Smooth
2839,sh603090,2025-10-20,score_filtered,0.2193333307902018,0.5180142060716124,-0.006844284702438328,22,-0.09736076653710368,2.0,1.0,Pullback
2840,sh688411,2025-10-20,score_filtered,0.2415436775081278,0.308011328892825,0.00954913560374999,22,0.056640057356171836,2.0,1.0,Pullback
2841,bj920725,2025-10-21,expired,0.22056313816128503,0.017922007349376545,0.0012239862175390096,22,-0.14472357869217412,1.0,0.0,Smooth
2842,bj920839,2025-10-21,operable_filtered,0.2787749124450652,0.6220675277300031,-0.00718676254055719,22,-0.22549724372597835,0.0,2.0,Failure
2843,bj920748,2025-10-21,operable_filtered,0.27974027163022525,0.16124300788810653,0.008275914280384497,22,0.28005837033753544,1.0,0.0,Smooth
2844,sh688148,2025-10-21,operable_filtered,0.15479651736997144,0.7781805541325721,0.02670324646215625,22,0.4922643400054094,0.0,2.0,Failure
2845,sz000626,2025-10-21,operable_filtered,0.2056807417848804,0.057597581117597274,-0.0014712245037967625,22,-0.1625258508927221,1.0,0.0,Smooth
2846,sz300111,2025-10-21,operable_filtered,0.25401608434923745,0.5476556684666929,-0.009479043020816392,22,-0.15034964724053557,2.0,1.0,Pullback
2847,bj920225,2025-10-21,score_filtered,0.12204236261666378,0.6749189752066609,0.015169379715826633,22,0.3743279976922107,0.0,2.0,Failure
2848,sz002208,2025-10-21,score_filtered,0.24158028779841004,0.0665854890541826,-0.003328844295423822,22,-0.10461342264037654,1.0,0.0,Smooth
2849,bj920942,2025-10-21,score_filtered,0.39842103656969574,0.8457921384201301,-0.010555017800320348,22,-0.2805662444451845,0.0,2.0,Failure
2850,bj920396,2025-10-21,score_filtered,0.22808717313100843,0.45876992102922465,-0.006556804573348713,22,-0.11734097507635455,2.0,1.0,Pullback
2851,sh600748,2025-10-21,score_filtered,0.2353658381989139,0.37921280060992024,-0.004835789305135667,22,-0.2056921278996927,2.0,1.0,Pullback
2852,sh600629,2025-10-21,score_filtered,0.43349617934875745,0.6984038914162908,-0.019593396329265402,22,-0.44136808256065174,0.0,2.0,Failure
2853,bj920475,2025-10-21,score_filtered,0.10646772419815208,0.35891208317196466,-0.0027595860038271652,22,-0.09427960055187845,2.0,1.0,Pullback
2854,sh688195,2025-10-21,score_filtered,0.17845597295054721,0.3357239801784636,0.008957384722603394,22,0.42007570135534156,2.0,1.0,Pullback
2855,sh600617,2025-10-21,score_filtered,0.20444446139865452,0.00150074053057081,0.00035371032725822527,22,-0.13875596830743908,1.0,0.0,Smooth
2856,sz000969,2025-10-21,score_filtered,0.25524194025968555,0.4412704614216446,-0.007667656408779353,22,-0.1561181404414873,2.0,1.0,Pullback
2857,sh688109,2025-10-21,score_filtered,0.1351095665216318,0.3081768485341866,0.004843972756750809,22,-0.003863737465229611,2.0,1.0,Pullback
2858,bj920725,2025-10-22,expired,0.2393344915756465,0.022650333417571167,0.001358734799300101,22,-0.030049144674568096,1.0,0.0,Smooth
2859,sz301158,2025-10-22,filtered,0.2513568508301949,0.8744357898927156,-0.008899160858937332,22,-0.2320441740544521,0.0,2.0,Failure
2860,bj920694,2025-10-22,traded,0.22157995494982313,0.8553721036278334,-0.006554259711214347,22,-0.1712446309771437,0.0,2.0,Failure
2861,bj920706,2025-10-22,operable_filtered,0.20802673554215365,0.404500890504664,-0.00543417874279938,22,-0.05949005940183194,2.0,1.0,Pullback
2862,sh605255,2025-10-22,operable_filtered,0.12319999694824219,0.5254584123832695,0.010399757716239702,22,0.13644450096439154,2.0,1.0,Pullback
2863,bj920748,2025-10-22,operable_filtered,0.3054545513995282,0.020410164258616526,0.0026580579695156302,22,0.06474505726021507,1.0,0.0,Smooth
2864,bj920396,2025-10-22,operable_filtered,0.2610169244173604,0.5913821021991224,-0.008442553252554667,22,-0.14848920424207512,0.0,2.0,Failure
2865,sz300948,2025-10-22,score_filtered,0.1969766033938923,0.5830401900466229,-0.00670132984558123,22,-0.11851850880049664,2.0,1.0,Pullback
2866,bj920553,2025-10-22,score_filtered,0.20218974763897732,0.5361884892424296,-0.006015004461307279,22,-0.11739501941752806,2.0,1.0,Pullback
2867,bj920675,2025-10-22,score_filtered,0.16806084427810622,0.45823728947989073,-0.004650262048938587,22,-0.128571410253554,2.0,1.0,Pullback
2868,sz000969,2025-10-22,score_filtered,0.27822579962902066,0.5180051345123063,-0.009273474938294538,22,-0.15559957096943589,2.0,1.0,Pullback
2869,sh603843,2025-10-22,score_filtered,,,,12,,,,
2870,bj920174,2025-10-22,score_filtered,0.16333332061767578,0.8237248783860358,-0.007123375272147803,22,-0.1637323831334233,0.0,2.0,Failure
2871,sh603903,2025-10-22,score_filtered,0.19375004131685514,0.013213558060431452,0.0009372491718542495,22,-0.06155700198401093,1.0,0.0,Smooth
2872,sh600748,2025-10-22,score_filtered,0.24634146681858776,0.38128641785509976,-0.0045274610956977405,22,-0.16235633739188438,2.0,1.0,Pullback
2873,bj920942,2025-10-22,score_filtered,0.25770925924463284,0.9001087046156405,-0.009940190995888635,22,-0.24490284050840794,0.0,2.0,Failure
2874,sh688411,2025-10-22,score_filtered,0.29114339085021407,0.29250047237626464,0.00932261438085684,22,-0.03064364678306808,2.0,1.0,Pullback
2875,sh603389,2025-10-22,score_filtered,0.09412975832419207,0.011900430288850794,0.0006896993550437806,22,0.00865089847848255,1.0,0.0,Smooth
2876,bj920725,2025-10-23,filtered,0.26855801761384346,1.4595336050859942e-08,1.1067229265904363e-06,22,-0.04205480286854901,1.0,0.0,Smooth
2877,bj920225,2025-10-23,breakout_support_filtered,0.23432961486126236,0.13583030535023322,0.0057917616892801844,22,0.00942814928599156,1.0,0.0,Smooth
2878,sz000609,2025-10-23,operable_filtered,0.07219665906364128,0.9734551931334788,0.04241280479850551,22,1.2253522403749617,0.0,2.0,Failure
2879,bj920748,2025-10-23,operable_filtered,0.3341558382108614,0.00707554222304041,-0.0014751785176317707,22,0.17572339486353816,1.0,0.0,Smooth
2880,sz301231,2025-10-23,operable_filtered,0.1878571283249628,0.2706071197965926,-0.0053692887036026335,22,-0.06449913622270165,2.0,1.0,Pullback
2881,sh605255,2025-10-23,operable_filtered,0.08188481355836878,0.6553426546462346,0.012710674846160288,22,0.262104182113333,0.0,2.0,Failure
2882,sz002278,2025-10-23,operable_filtered,0.30478590161888613,0.7429314523746078,-0.011940847459326037,22,-0.23753458803150584,0.0,2.0,Failure
2883,sh688577,2025-10-23,score_filtered,0.16489851969171143,0.008871978187339313,-0.0006315719042604476,22,-0.15999997895339435,1.0,0.0,Smooth
2884,sz301158,2025-10-23,score_filtered,0.2484210499545984,0.8843667121101441,-0.008464774785676954,22,-0.18282868646478456,0.0,2.0,Failure
2885,sz002748,2025-10-23,score_filtered,0.3308271207531434,0.3358921603493521,-0.009109761014532551,22,-0.2704811324094929,2.0,1.0,Pullback
2886,bj920651,2025-10-23,score_filtered,0.27695336302426854,0.6454160355543503,-0.01029168673597009,22,-0.14939547095287553,0.0,2.0,Failure
2887,sz000852,2025-10-23,score_filtered,0.24758842032894302,0.3656393262063725,-0.003942931405859707,22,-0.17003565449274727,2.0,1.0,Pullback
2888,sh600403,2025-10-23,score_filtered,0.3258333206176758,0.01835035818118602,0.0018484953195367618,22,-0.12913912791856164,1.0,0.0,Smooth
2889,bj920152,2025-10-23,score_filtered,0.05814338296220375,0.819115477197927,0.01403467390883034,22,0.3034453889431421,0.0,2.0,Failure
2890,bj920834,2025-10-23,score_filtered,0.22735425418303806,0.2694865476143693,0.005152316466626157,22,0.05306381280077943,2.0,1.0,Pullback
2891,bj920694,2025-10-23,score_filtered,0.15974301847105793,0.8563369177422387,-0.006497161872894491,22,-0.12048736889345035,0.0,2.0,Failure
2892,sz300948,2025-10-23,score_filtered,0.20797063783992722,0.7094904765982735,-0.007897349489562416,22,-0.07317074935744583,0.0,2.0,Failure
2893,sh603903,2025-10-23,score_filtered,0.19375004131685514,0.11769516349153242,0.0024851110476467506,22,-0.0625,1.0,0.0,Smooth
2894,bj920896,2025-10-23,score_filtered,0.17862536344427984,0.6776687737553861,-0.005665164165196541,22,-0.08209273868082712,0.0,2.0,Failure
2895,sz301377,2025-10-23,score_filtered,0.2411038321280515,0.20153383572259986,-0.005500629286992699,22,0.03854503964376077,1.0,0.0,Smooth
2896,bj920225,2025-10-24,filtered,0.29576587608425525,0.008265588255296885,0.0014287269242648415,22,-0.019970139617923044,1.0,0.0,Smooth
2897,sz000609,2025-10-24,expired,0.1387696454869101,0.9437783961922389,0.0392675683131834,22,1.0151006966462828,0.0,2.0,Failure
2898,bj920284,2025-10-24,expired,0.1934944236995658,0.125035179898618,0.0035945375761185856,22,0.04746444126452398,1.0,0.0,Smooth
2899,sh605255,2025-10-24,operable_filtered,0.07539809541095507,0.7265558673988854,0.01542583938246459,22,0.37886316416397414,0.0,2.0,Failure
2900,sz002748,2025-10-24,operable_filtered,0.3308271207531434,0.29684379877182654,-0.00817002871621937,22,-0.29905439697403424,2.0,1.0,Pullback
2901,bj920651,2025-10-24,operable_filtered,0.2801716770631319,0.7352515419395005,-0.01171748179177031,22,-0.13804563250138902,0.0,2.0,Failure
2902,sz002278,2025-10-24,score_filtered,0.30478590161888613,0.7182538137497899,-0.011266497301906408,22,-0.29030224329060395,0.0,2.0,Failure
2903,sz301377,2025-10-24,score_filtered,0.2411038321280515,0.5897862366646842,-0.008814833926543936,22,-0.07333332783467061,0.0,2.0,Failure
2904,sz300475,2025-10-24,score_filtered,0.35718827153587385,0.04268930881140642,0.004775852285696207,22,-0.01833006794190839,1.0,0.0,Smooth
2905,bj920642,2025-10-24,score_filtered,0.15405556603657022,0.6226834295675189,-0.0050392221280689395,22,-0.02781216034931122,0.0,2.0,Failure
2906,sz301231,2025-10-24,score_filtered,0.1878571283249628,0.1453137485671131,-0.003885768480280209,22,0.030555513170030357,1.0,0.0,Smooth
2907,sh688249,2025-10-24,score_filtered,0.2532110450430236,0.9200299425718106,-0.011883320425749263,22,-0.23505653434850438,0.0,2.0,Failure
2908,sh600403,2025-10-24,score_filtered,0.3258333206176758,0.00912338397543444,0.0013200514649887537,22,-0.11637930547227171,1.0,0.0,Smooth
2909,sh603389,2025-10-24,score_filtered,0.12055175378074093,0.050452270533454024,-0.0013747640728403922,22,-0.02213623052479352,1.0,0.0,Smooth
2910,sz300520,2025-10-24,score_filtered,0.28024690040139094,0.3992290805581318,-0.008270101147463974,22,-0.03279140512558831,2.0,1.0,Pullback
2911,sh688228,2025-10-24,score_filtered,0.2758654080904447,0.8276362252349775,-0.01260204051602975,22,-0.21000240998784736,0.0,2.0,Failure
2912,sz300308,2025-10-24,score_filtered,0.12569879458918692,0.40304148638631965,-0.003465308630168743,22,-0.057531336972608815,2.0,1.0,Pullback
2913,sz301488,2025-10-24,score_filtered,0.1983780564339116,0.8291030115941529,-0.010498918808465301,22,-0.14883291576422353,0.0,2.0,Failure
2914,bj920748,2025-10-27,breakout_support_filtered,0.34285716267375205,0.5786347277593971,-0.011282111488274526,22,-0.20762924129775784,0.0,2.0,Failure
2915,sz001231,2025-10-27,filtered,0.25100402311415526,0.17951683321307899,-0.0023207655525701826,22,-0.12548711350359731,1.0,0.0,Smooth
2916,bj920284,2025-10-27,expired,0.1988847753657341,0.051330775987170396,0.0022015137761552173,22,0.056320731040856,1.0,0.0,Smooth
2917,sz301377,2025-10-27,operable_filtered,0.2411038321280515,0.7487814802589898,-0.01020825709822992,22,-0.10145922484827652,0.0,2.0,Failure
2918,bj920396,2025-10-27,operable_filtered,0.2610169244173604,0.848290980807793,-0.011239501066133006,22,-0.16420761125940253,0.0,2.0,Failure
2919,sh688166,2025-10-27,operable_filtered,0.14367424794980874,0.48458666507562453,-0.004423862868618902,22,-0.019893199720794286,2.0,1.0,Pullback
2920,sz002748,2025-10-27,operable_filtered,0.3308271207531434,0.23015695645782086,-0.00580795564206473,22,-0.24193548387096775,1.0,0.0,Smooth
2921,bj920765,2025-10-27,operable_filtered,0.16094277992780845,0.31997204681280955,-0.003536762737243893,22,-0.07180450451206255,2.0,1.0,Pullback
2922,sz003033,2025-10-27,operable_filtered,0.296198719966792,0.9514049016585816,-0.01686165228456492,22,-0.27632035345795947,0.0,2.0,Failure
2923,sz300948,2025-10-27,score_filtered,0.20797063783992722,0.8975775971119037,-0.009397453231989117,22,-0.15459881432717393,0.0,2.0,Failure
2924,sh600629,2025-10-27,score_filtered,0.2097206168481008,0.7583762541136982,-0.007462884326285192,22,-0.11083541238012806,0.0,2.0,Failure
2925,sz300475,2025-10-27,score_filtered,0.35718827153587385,0.004602404184836706,0.001568968749027362,22,0.03966952252154976,1.0,0.0,Smooth
2926,sh603192,2025-10-27,score_filtered,0.39796713514437837,0.8277635542860093,-0.020438133692949282,22,-0.35272728980004375,0.0,2.0,Failure
2927,sh605188,2025-10-27,score_filtered,0.2195898458642471,0.012218633450577387,0.00121471283103733,22,-0.00124380951914016,1.0,0.0,Smooth
2928,sh603843,2025-10-27,score_filtered,,,,12,,,,
2929,sz301358,2025-10-27,score_filtered,0.24232763745749744,0.015697327266388172,0.0017497788228776749,22,0.0505003659031904,1.0,0.0,Smooth
2930,sh688766,2025-10-27,score_filtered,0.28870786173959795,0.03966433447687456,-0.0027910363184014677,22,-0.10802842495697429,1.0,0.0,Smooth
2931,bj920748,2025-10-28,traded,0.3620779359495485,0.6469913931366877,-0.012746829201621285,22,-0.32621080778772116,0.0,2.0,Failure
2932,sz000609,2025-10-28,expired,0.15092988024087714,0.8476476767994943,0.03180276171557501,22,0.8234397609166131,0.0,2.0,Failure
2933,bj920445,2025-10-28,filtered,0.20879120015389788,0.6828589272923072,-0.008284191750617335,22,-0.19683906293825681,0.0,2.0,Failure
2934,sz000620,2025-10-28,expired,0.24205384132538807,0.15866566510729418,0.00607127520534994,22,0.026315764707210976,1.0,0.0,Smooth
2935,sz300163,2025-10-28,expired,0.20000001718332042,0.4248907490252981,-0.006055350059444605,22,-0.04555315229175072,2.0,1.0,Pullback
2936,sh603378,2025-10-28,operable_filtered,0.3051690378175458,0.7484358514924058,-0.014166438491920706,22,-0.2450549892779763,0.0,2.0,Failure
2937,sz003033,2025-10-28,score_filtered,0.296198719966792,0.9371201061381395,-0.01598555115212646,22,-0.22912285089975504,0.0,2.0,Failure
2938,sz300619,2025-10-28,score_filtered,0.16521733295960356,0.020472503397008457,0.0010910606145307304,22,0.12165131322249101,1.0,0.0,Smooth
2939,sz300128,2025-10-28,score_filtered,0.2209302892937643,0.839717927458205,-0.009506249271279453,22,-0.16319012381852616,0.0,2.0,Failure
2940,sz301097,2025-10-28,score_filtered,0.15720586215748505,0.042318715599227286,0.0013984476190542208,22,0.017425848036306313,1.0,0.0,Smooth
2941,sz000969,2025-10-28,score_filtered,0.2887096801483917,0.8743708495729814,-0.012773418724588958,22,-0.2342687126548525,0.0,2.0,Failure
2942,sz301377,2025-10-28,score_filtered,0.2411038321280515,0.8328951513354081,-0.01126270474848063,22,-0.22165190765837572,0.0,2.0,Failure
2943,bj920706,2025-10-28,score_filtered,0.16333116658197086,0.03166896005998743,-0.0015280754427062766,22,-0.054658831937188235,1.0,0.0,Smooth
2944,bj920357,2025-10-28,score_filtered,0.21729492165551823,0.91170693679573,-0.009701439222825676,22,-0.21555558461991564,0.0,2.0,Failure
2945,sh605188,2025-10-28,score_filtered,0.2195898458642471,0.017458391774469284,0.001450218427509117,22,0.025431040223514945,1.0,0.0,Smooth
2946,sh603192,2025-10-28,score_filtered,0.39796713514437837,0.7942227408311548,-0.018266924542527756,22,-0.3361823290607998,0.0,2.0,Failure
2947,bj920748,2025-10-29,traded,0.2856312186470563,0.5290454869144303,-0.010072150274704103,22,-0.06288341185273505,2.0,1.0,Pullback
2948,sz000620,2025-10-29,expired,0.24205384132538807,0.14668583919480593,0.005817270032438281,22,0.1811594209158227,1.0,0.0,Smooth
2949,bj920284,2025-10-29,expired,0.1988847753657341,0.018669544596520704,0.0012645575241025343,22,-0.012317539088682383,1.0,0.0,Smooth
2950,bj920225,2025-10-29,expired,0.29576587608425525,0.21507219734494265,-0.007621562384553602,22,-0.10649135021459721,1.0,0.0,Smooth
2951,bj920396,2025-10-29,expired,0.2610169244173604,0.8562502636620533,-0.011198992816184609,22,-0.17366098021918397,0.0,2.0,Failure
2952,bj920651,2025-10-29,expired,0.252925591297882,0.9543195034404555,-0.013351169196161358,22,-0.2274075552580439,0.0,2.0,Failure
2953,bj920839,2025-10-29,operable_filtered,0.22520160742310164,0.8945786043774111,-0.011027502989479002,22,-0.1544615134214744,0.0,2.0,Failure
2954,bj920445,2025-10-29,operable_filtered,0.20879120015389788,0.661477465640634,-0.007794067594174227,22,-0.13181816638336996,0.0,2.0,Failure
2955,bj920553,2025-10-29,operable_filtered,0.2532846945502942,0.9160864035892782,-0.01014674169041795,22,-0.1669394367655801,0.0,2.0,Failure
2956,sh600629,2025-10-29,operable_filtered,0.1585167543549571,0.5067728793953616,-0.00506525660437857,22,-0.0374075954290336,2.0,1.0,Pullback
2957,sh605255,2025-10-29,operable_filtered,0.07456591356465023,0.8083249342519135,0.02425076789915157,22,0.7174157989159058,0.0,2.0,Failure
2958,sz301377,2025-10-29,operable_filtered,0.2562091471400519,0.8260978127383918,-0.010827614980175784,22,-0.2709513317753929,0.0,2.0,Failure
2959,bj920765,2025-10-29,operable_filtered,0.141773047354289,0.25754090145886754,-0.0025264464720209604,22,-0.10107912025394361,2.0,1.0,Pullback
2960,bj920357,2025-10-29,operable_filtered,0.20801286922325551,0.9378750821324418,-0.008593830638836937,22,-0.14473679083431779,0.0,2.0,Failure
2961,bj920509,2025-10-29,operable_filtered,0.20087910746480084,0.5105220165438744,-0.005116523025057322,22,-0.17167890311599254,2.0,1.0,Pullback
2962,sh603011,2025-10-29,score_filtered,0.24451177036966396,0.8034906267479588,-0.00925487112838443,22,-0.16653189046082828,0.0,2.0,Failure
2963,sz300260,2025-10-29,score_filtered,0.21779413784251495,0.3382479566563854,-0.004717871190845709,22,-0.19329815794977356,2.0,1.0,Pullback
2964,bj920706,2025-10-29,score_filtered,0.16333116658197086,0.00997971058001601,0.0008971895116632667,22,0.08820111201743996,1.0,0.0,Smooth
2965,bj920748,2025-10-30,traded,0.2856312186470563,0.5029561127507345,-0.009753196647624378,22,-0.1256117595232238,2.0,1.0,Pullback
2966,bj920640,2025-10-30,expired,0.24579977255800775,0.7209180323955067,-0.009378964442139183,22,-0.17035173138856607,0.0,2.0,Failure
2967,bj920225,2025-10-30,expired,0.30136987060591297,0.3439540613286973,-0.010201232015841217,22,-0.14353567869098116,2.0,1.0,Pullback
2968,bj920725,2025-10-30,filtered,0.2698379103596613,0.17196149511348213,-0.003974532051060557,22,-0.025007007188330155,1.0,0.0,Smooth
2969,sz300438,2025-10-30,expired,0.16686513387517304,0.010349980832922046,0.000995474897163302,22,0.15630621398416356,1.0,0.0,Smooth
2970,bj920641,2025-10-30,operable_filtered,0.17563987506782197,0.8237938955701258,-0.009085775885377493,22,-0.1055786472633593,0.0,2.0,Failure
2971,sz301377,2025-10-30,operable_filtered,0.23607076472170893,0.8729789410577938,-0.009327650025558723,22,-0.17878047043715062,0.0,2.0,Failure
2972,bj920971,2025-10-30,operable_filtered,0.26242159674434995,0.9004408588544054,-0.013669596944184006,22,-0.20087451539953405,0.0,2.0,Failure
2973,sz300959,2025-10-30,score_filtered,0.20754716981132076,0.1732291386818524,0.009056847634739709,22,0.1480365840156319,1.0,0.0,Smooth
2974,sh603232,2025-10-30,score_filtered,0.1719813422896029,0.17705177015203932,0.0041887261067498635,22,0.05854704536612498,1.0,0.0,Smooth
2975,sh603378,2025-10-30,score_filtered,0.3051690378175458,0.6804484122375013,-0.009591416569060216,22,-0.21420646572117785,0.0,2.0,Failure
2976,sz000638,2025-10-30,score_filtered,,,,0,,,,
2977,sz000657,2025-10-30,score_filtered,0.16061181326422044,0.4843824967266611,-0.004934218531175146,22,-0.05809485771961276,2.0,1.0,Pullback
2978,sz300745,2025-10-30,score_filtered,0.09124706823306034,0.037759936680073714,-0.0007846074838233121,22,0.005665717022269368,1.0,0.0,Smooth
2979,bj920505,2025-10-30,score_filtered,0.16060336259311145,0.7424741120882475,-0.006452803730647329,22,-0.12857664128693325,0.0,2.0,Failure
2980,bj920445,2025-10-30,score_filtered,0.20879120015389788,0.6455712293933986,-0.007609665054287715,22,-0.1688125703829405,0.0,2.0,Failure
2981,sz000592,2025-10-30,score_filtered,0.23028391214644106,0.6734965821686836,0.017971495838852575,22,0.5677966809439436,0.0,2.0,Failure
2982,bj920748,2025-10-31,traded,0.2856312186470563,0.3696723470698675,-0.008097998655552222,22,-0.01047117769825423,2.0,1.0,Pullback
2983,bj920640,2025-10-31,expired,0.24579977255800775,0.6750377790415542,-0.008400481006299036,22,-0.16984002869690562,0.0,2.0,Failure
2984,sz002047,2025-10-31,expired,0.15825688901167081,0.17383449070562595,0.004519943976966562,22,0.1888544555708087,1.0,0.0,Smooth
2985,sz300438,2025-10-31,expired,0.16686513387517304,0.009889893761616864,0.0009720812778227116,22,0.07659157504107439,1.0,0.0,Smooth
2986,sz300300,2025-10-31,traded,0.23464911111173853,0.6233164193127546,0.020988872311881828,22,0.6447733576754062,0.0,2.0,Failure
2987,bj920953,2025-10-31,traded,0.23297415986639353,0.8255333194303306,-0.010011178340979138,22,-0.21577775743272565,0.0,2.0,Failure
2988,sh600302,2025-10-31,operable_filtered,0.2294440250700581,0.3857876153961671,-0.005763601425843776,22,-0.008919737485316825,2.0,1.0,Pullback
2989,sh605178,2025-10-31,operable_filtered,0.30780605675668943,0.3404972693795405,-0.010033151748481609,22,-0.08379011122904712,2.0,1.0,Pullback
2990,bj920834,2025-10-31,operable_filtered,0.22735425418303806,0.00022717208773692654,-0.00011981042624775898,22,-0.01004135104722792,1.0,0.0,Smooth
2991,sh605255,2025-10-31,operable_filtered,0.07131411304683898,0.8687316005136201,0.02729202670072952,22,0.6273584320011343,0.0,2.0,Failure
2992,bj920445,2025-10-31,operable_filtered,0.20879120015389788,0.4776368134585828,-0.005765312600238664,22,-0.051262440087069705,2.0,1.0,Pullback
2993,sz001203,2025-10-31,operable_filtered,0.1790540689298174,0.6632252482646533,0.021757430239058875,22,0.4282888299453369,0.0,2.0,Failure
2994,bj920152,2025-10-31,score_filtered,0.06283188708676647,0.7044824291178295,0.007754250591822669,22,0.165413493784625,0.0,2.0,Failure
2995,sz301377,2025-10-31,score_filtered,0.16959018394595288,0.8695348807320373,-0.009123695772521687,22,-0.15593454190655376,0.0,2.0,Failure
2996,bj920906,2025-10-31,score_filtered,0.21014928106051772,0.87761696574438,-0.009611734698809427,22,-0.1821538485013522,0.0,2.0,Failure
2997,bj920670,2025-10-31,score_filtered,0.17126791783929768,0.44206092729945623,-0.004994256604638604,22,-0.1242938230571069,2.0,1.0,Pullback
2998,sz002047,2025-11-03,expired,0.15825688901167081,0.08191345815786721,0.0027151688719991383,22,0.12684360325433608,1.0,0.0,Smooth
2999,bj920152,2025-11-03,expired,0.06283188708676647,0.4478066261706254,0.006138516347376556,22,0.03988182890505154,2.0,1.0,Pullback
3000,bj920640,2025-11-03,expired,0.22712265852720662,0.6339380832196937,-0.007454851458634893,22,-0.19236533300744707,0.0,2.0,Failure
3001,sz300438,2025-11-03,expired,0.16686513387517304,0.016154313999874104,0.0012568681190673287,22,0.1303552927704632,1.0,0.0,Smooth
3002,bj920953,2025-11-03,filtered,0.20350010672935884,0.8294059836778702,-0.008979476670811193,22,-0.21618575339582002,0.0,2.0,Failure
3003,sh600735,2025-11-03,operable_filtered,0.2825278586359172,0.7153369759688155,-0.010634109471516672,22,-0.2727272670975541,0.0,2.0,Failure
3004,sh600302,2025-11-03,operable_filtered,0.2294440250700581,0.508129586002518,-0.006685218550572037,22,-0.11081085167924853,2.0,1.0,Pullback
3005,bj920396,2025-11-03,operable_filtered,0.23487179095928484,0.8828345675903955,-0.011510695764783644,22,-0.22572036253466488,0.0,2.0,Failure
3006,sz300390,2025-11-03,operable_filtered,0.21218645259438748,0.5571171218389597,0.020807100805283998,22,0.5344105801581855,2.0,1.0,Pullback
3007,sz001203,2025-11-03,score_filtered,0.18271395516549419,0.533076490488196,0.018249361317970746,22,0.3987440444013979,2.0,1.0,Pullback
3008,bj920195,2025-11-03,score_filtered,0.1535145015655639,0.8224393522253513,-0.007891130524703114,22,-0.12736893913506908,0.0,2.0,Failure
3009,sh688095,2025-11-03,score_filtered,0.17782606041949728,0.32091201959360205,-0.004734961502128814,22,-0.22634781547214677,2.0,1.0,Pullback
3010,sh688336,2025-11-03,score_filtered,0.16336254366055558,0.3199193793913513,-0.004326377833589316,22,-0.15720059879643034,2.0,1.0,Pullback
3011,bj920284,2025-11-03,score_filtered,0.21877324581179206,0.015538529856691907,-0.001233734676045591,22,-0.04884448396791041,1.0,0.0,Smooth
3012,bj920304,2025-11-03,score_filtered,0.20731706371530484,0.10344753360465142,-0.0025919194824314076,22,-0.10912695972346975,1.0,0.0,Smooth
3013,sz002370,2025-11-03,score_filtered,0.19659935543371407,0.7288289327115013,-0.009425741133874089,22,-0.19426050191687472,0.0,2.0,Failure
3014,sh688472,2025-11-03,score_filtered,0.3336079140197426,0.6839104240325748,-0.015556499178232975,22,-0.11280316140085667,0.0,2.0,Failure
3015,bj920748,2025-11-04,traded,0.2657698383925493,0.27214452408633893,-0.0064302061775356936,22,-0.1288998701499633,2.0,1.0,Pullback
3016,bj920640,2025-11-04,expired,0.1807499885559082,0.578703089562101,-0.005847853879191424,22,-0.10918921393317149,2.0,1.0,Pullback
3017,sh600302,2025-11-04,filtered,0.2294440250700581,0.5042325096483358,-0.006634871772698132,22,-0.21130220439357206,2.0,1.0,Pullback
3018,sz300402,2025-11-04,traded,0.28318890704561356,0.9074032307612375,-0.014139792248899908,22,-0.23353293156708466,0.0,2.0,Failure
3019,sh688183,2025-11-04,operable_filtered,0.23540538066142314,0.29190772792357933,-0.0062052939540140776,22,-0.15447898802708115,2.0,1.0,Pullback
3020,sh600735,2025-11-04,operable_filtered,0.2972636663961822,0.726916827737228,-0.009884357301697337,22,-0.25683061070396473,0.0,2.0,Failure
3021,bj920304,2025-11-04,score_filtered,0.2189314549603749,0.20165620739025836,-0.004179857937736475,22,-0.126259239160057,1.0,0.0,Smooth
3022,bj920953,2025-11-04,score_filtered,0.19536804261684204,0.8594292027099427,-0.007959070473479896,22,-0.1817966062975137,0.0,2.0,Failure
3023,bj920971,2025-11-04,score_filtered,0.26070897399572834,0.8834059994922414,-0.012161018436418137,22,-0.2531087807416681,0.0,2.0,Failure
3024,sh688095,2025-11-04,score_filtered,0.18984729832385017,0.3129472490600057,-0.004124450646061299,22,-0.20437285551960294,2.0,1.0,Pullback
3025,sz300300,2025-11-04,score_filtered,0.23464911111173853,0.6774754286938203,0.022669123111298407,22,0.4138210666653228,0.0,2.0,Failure
3026,sh688472,2025-11-04,score_filtered,0.3509061044816957,0.8777661079823488,-0.018568008127283847,22,-0.2772556570408007,0.0,2.0,Failure
3027,bj920670,2025-11-04,score_filtered,0.20985121603997037,0.5177609493147095,-0.006173545802609554,22,-0.17066371263437075,2.0,1.0,Pullback
3028,sz301231,2025-11-04,score_filtered,0.21550002098083496,0.254159978733032,-0.004449587560849224,22,-0.20885742518929784,2.0,1.0,Pullback
3029,sz002181,2025-11-04,score_filtered,0.342387422460278,0.5801385297362034,-0.01093577878597589,22,-0.32015210344298917,0.0,2.0,Failure
3030,bj920706,2025-11-04,score_filtered,0.16333116658197086,0.3051666411301679,0.005437747733990233,22,0.030895616932183678,2.0,1.0,Pullback
3031,bj920445,2025-11-04,score_filtered,0.1578947221656772,0.4486275274625151,-0.005345641893067018,22,-0.13862926104501905,2.0,1.0,Pullback
3032,sz300402,2025-11-05,filtered,0.264841773119619,0.8651798523295204,-0.013039756746567755,22,-0.19464628018506902,0.0,2.0,Failure
3033,bj920640,2025-11-05,expired,0.14883115694120333,0.40657488901318084,-0.004534139036185953,22,-0.0638586555119941,2.0,1.0,Pullback
3034,sz000736,2025-11-05,filtered,0.20419580680746055,0.5767669307839507,-0.005398558309496004,22,-0.16593247047513215,2.0,1.0,Pullback
3035,sh600302,2025-11-05,operable_filtered,0.2294440250700581,0.305303678620952,-0.0040594979537186895,22,-0.036396690342203386,2.0,1.0,Pullback
3036,sz300111,2025-11-05,operable_filtered,0.18994411681498344,0.45868383897380127,-0.004475252601216863,22,-0.13198569284383643,2.0,1.0,Pullback
3037,sh688472,2025-11-05,operable_filtered,0.3509061044816957,0.8800543027134385,-0.018632051968961703,22,-0.25176140816613946,0.0,2.0,Failure
3038,sz300438,2025-11-05,operable_filtered,0.16686513387517304,0.013573130040324455,0.0011246723547107813,22,0.024427136286394813,1.0,0.0,Smooth
3039,sz300475,2025-11-05,score_filtered,0.3840739331826624,0.7426869025030056,-0.021341372774559126,22,-0.2277271140910605,0.0,2.0,Failure
3040,sh605255,2025-11-05,score_filtered,0.12246685785008746,0.8557495239916331,0.026607138350176564,22,0.5037740988384218,0.0,2.0,Failure
3041,sz000592,2025-11-05,score_filtered,0.23028391214644106,0.6916481042228837,0.016623319371333278,22,0.4711425333140127,0.0,2.0,Failure
3042,bj920223,2025-11-05,score_filtered,0.2904301150699178,0.3004855776399977,-0.00739380335661537,22,-0.039052271226136415,2.0,1.0,Pullback
3043,sz002181,2025-11-05,score_filtered,0.306153810941256,0.6125415961665068,-0.008016113809167152,22,-0.24155410249099085,0.0,2.0,Failure
3044,sh600403,2025-11-05,score_filtered,0.3258333206176758,0.09744866664784368,-0.004567308809968296,22,0.0012270220061236792,1.0,0.0,Smooth
3045,bj920971,2025-11-05,score_filtered,0.24473215382130212,0.8699937495265251,-0.011218834878681909,22,-0.18904108543918552,0.0,2.0,Failure
3046,sz002047,2025-11-06,expired,0.15825688901167081,8.564727468318711e-05,-7.811951235242594e-05,22,0.0985915909161581,1.0,0.0,Smooth
3047,sz000736,2025-11-06,filtered,0.20419580680746055,0.5761806175772545,-0.004412766470202743,22,-0.12673875137790835,2.0,1.0,Pullback
3048,sh600302,2025-11-06,operable_filtered,0.1502590485822124,0.12007592443883663,-0.002479651841812704,22,0.016981070285254862,1.0,0.0,Smooth
3049,sh688353,2025-11-06,operable_filtered,0.37496775965536794,0.00020710788730815555,0.00028980909157595356,22,0.31096772224672375,1.0,0.0,Smooth
3050,sh688691,2025-11-06,operable_filtered,0.15662180495969158,0.021581133578879474,-0.0009873463882285652,22,0.016590323280503805,1.0,0.0,Smooth
3051,sz000993,2025-11-06,score_filtered,0.2924924923204873,0.11136366204018489,-0.004784859947438497,22,0.02446044330351138,1.0,0.0,Smooth
3052,sz002591,2025-11-06,score_filtered,0.12903230577494731,0.03836544599310254,-0.0009543641051834089,22,-0.03788900379295257,1.0,0.0,Smooth
3053,sh688228,2025-11-06,score_filtered,0.15382025215063203,0.1705075742007619,0.0038152268460814,22,0.133860105573399,1.0,0.0,Smooth
3054,sz300062,2025-11-06,score_filtered,0.3255814220270313,0.4790319907521142,-0.013146366888690267,22,-0.10896307193746313,2.0,1.0,Pullback
3055,sh688472,2025-11-06,score_filtered,0.3509061044816957,0.8634831393021445,-0.01820034954947452,22,-0.2561031644593198,0.0,2.0,Failure
3056,sh603122,2025-11-06,score_filtered,0.19174944229359764,0.6692355009726838,0.020212716278914057,22,0.670894078414402,0.0,2.0,Failure
3057,sh600550,2025-11-06,score_filtered,0.291538458604079,0.7832007090648794,-0.013616048146383548,22,-0.14492757128607558,0.0,2.0,Failure
3058,sh605060,2025-11-06,score_filtered,0.18659163415246788,0.27771767222830646,-0.004922973062505633,22,-0.04747321582092612,2.0,1.0,Pullback
3059,sz001309,2025-11-06,score_filtered,0.3300980212641697,0.8367333675978128,-0.01800153669014399,22,-0.16699752805454648,0.0,2.0,Failure
3060,bj920304,2025-11-06,score_filtered,0.22590008970741693,0.40582450722891195,-0.006865759975579439,22,-0.10622460914676923,2.0,1.0,Pullback
3061,sz300475,2025-11-06,score_filtered,0.3840739331826624,0.7191699222975552,-0.020925172403053274,22,-0.15670587876263786,0.0,2.0,Failure
3062,bj920223,2025-11-06,score_filtered,0.2904301150699178,0.35771676431893196,-0.008098710447866102,22,0.011802098083430801,2.0,1.0,Pullback
3063,sz002885,2025-11-06,score_filtered,0.3444860982059896,0.5858803979744052,-0.01341034398801139,22,-0.2569521692537514,0.0,2.0,Failure
3064,sz002047,2025-11-07,expired,0.15825688901167081,0.014157364345943835,-0.000957567672461273,22,0.032171550923715486,1.0,0.0,Smooth
3065,bj920834,2025-11-07,operable_filtered,0.2556053385920277,0.5877140272654797,-0.006531135080128695,22,-0.10821313614891293,0.0,2.0,Failure
3066,sz001209,2025-11-07,operable_filtered,0.32641813842157474,0.4408365232336211,-0.008669017147438287,22,-0.2679310502677128,2.0,1.0,Pullback
3067,sz002451,2025-11-07,operable_filtered,0.3107307072904731,0.5221551734708755,-0.0137222283150986,22,-0.10780013660695209,2.0,1.0,Pullback
3068,sh688472,2025-11-07,operable_filtered,0.3509061044816957,0.8251596810605549,-0.017122402306450204,22,-0.26392032066251736,0.0,2.0,Failure
3069,sh600302,2025-11-07,operable_filtered,0.1502590485822124,0.03303425806259164,-0.0013252812209658062,22,-0.04761904361436842,1.0,0.0,Smooth
3070,bj920304,2025-11-07,operable_filtered,0.23112657961314492,0.5240365455228162,-0.008452743809694907,22,-0.11379307714001885,2.0,1.0,Pullback
3071,sz300062,2025-11-07,score_filtered,0.3255814220270313,0.32685663221802574,-0.010255313814733484,22,-0.11780570858131079,2.0,1.0,Pullback
3072,sh603122,2025-11-07,score_filtered,0.19174944229359764,0.6045084573054229,0.016592560886526504,22,0.5216867258074951,0.0,2.0,Failure
3073,sh688028,2025-11-07,score_filtered,0.2299671639299104,0.29105399982723357,-0.00588819177604534,22,-0.04048920799416422,2.0,1.0,Pullback
3074,bj920152,2025-11-07,score_filtered,0.20342859540666852,0.05719110831457541,-0.00205884211326628,22,0.003922920806397556,1.0,0.0,Smooth
3075,sz001309,2025-11-07,score_filtered,0.3300980212641697,0.7962896605360441,-0.017294719999336985,22,-0.21235055301644157,0.0,2.0,Failure
3076,sz000620,2025-11-07,score_filtered,0.26161372414236933,0.38001601557659315,-0.006578630771685428,22,-0.15229884151864959,2.0,1.0,Pullback
3077,bj920857,2025-11-07,score_filtered,0.20760378519494793,0.3076972235494394,-0.0037058723805512696,22,-0.12173915254896961,2.0,1.0,Pullback
3078,bj920809,2025-11-10,expired,0.2644628449286202,0.6117819358475824,-0.009960579703510268,22,-0.1676647315264156,0.0,2.0,Failure
3079,sh600078,2025-11-10,operable_filtered,0.24374552560407667,0.7470487156816241,-0.011239523809463874,22,-0.23134324746610857,0.0,2.0,Failure
3080,sz300437,2025-11-10,operable_filtered,0.17937745033063926,0.47803962322151317,0.011511008136641774,22,0.058947412591231485,2.0,1.0,Pullback
3081,sh688472,2025-11-10,operable_filtered,0.3509061044816957,0.799504903323716,-0.01596881873142252,22,-0.3491666714350382,0.0,2.0,Failure
3082,sh688028,2025-11-10,operable_filtered,0.2299671639299104,0.30685272960052046,-0.006091638973966783,22,-0.2312276659481941,2.0,1.0,Pullback
3083,bj920834,2025-11-10,operable_filtered,0.27354254183038074,0.6600237451982808,-0.007460710636494389,22,-0.15151511398369377,0.0,2.0,Failure
3084,sz300821,2025-11-10,operable_filtered,0.2501471487495079,0.13945510027278962,-0.003803997676750114,22,-0.028279628407119617,1.0,0.0,Smooth
3085,sz000533,2025-11-10,operable_filtered,0.25426943434897836,0.6259615271923193,-0.010470377082607053,22,-0.1957618654986225,0.0,2.0,Failure
3086,sh603122,2025-11-10,operable_filtered,0.19174944229359764,0.5705386337962819,0.013808257913245659,22,0.4676888773895522,2.0,1.0,Pullback
3087,bj920225,2025-11-10,operable_filtered,0.32440848835852265,0.7342370822726452,-0.01796495131621794,22,-0.28203413929651655,0.0,2.0,Failure
3088,sz002759,2025-11-10,score_filtered,0.290341484255907,0.5791288572380304,-0.011842655594249307,22,-0.17969847899050495,0.0,2.0,Failure
3089,sh600302,2025-11-10,score_filtered,0.1315092481157567,0.01058351686046366,0.0006843734696555738,22,0.00934583021049562,1.0,0.0,Smooth
3090,sh688353,2025-11-10,score_filtered,0.37496775965536794,0.10299239266613103,-0.005391537036629912,22,0.13691469933463685,1.0,0.0,Smooth
3091,sz300062,2025-11-10,score_filtered,0.3255814220270313,0.2236064911963791,-0.008015625031167362,22,-0.10826205304439929,1.0,0.0,Smooth
3092,sz002713,2025-11-10,score_filtered,0.4451613181091366,0.9214020638727471,-0.030725313048998528,22,-0.3645443187086608,0.0,2.0,Failure
3093,bj920809,2025-11-11,expired,0.2644628449286202,0.5914089598098239,-0.009663793502132019,22,-0.1294260708488063,0.0,2.0,Failure
3094,sz300437,2025-11-11,operable_filtered,0.2303501906829065,0.38365610207869383,0.010373755729922399,22,0.07476628017234321,2.0,1.0,Pullback
3095,sh688472,2025-11-11,operable_filtered,0.30877189665583216,0.8240584515820804,-0.013377255382043422,22,-0.24221788285966117,0.0,2.0,Failure
3096,sh688028,2025-11-11,operable_filtered,0.1679746410514735,0.258358840690763,-0.004444117204922601,22,-0.16400696784614832,2.0,1.0,Pullback
3097,sh600078,2025-11-11,operable_filtered,0.24374552560407667,0.7385782748657476,-0.01082824516888448,22,-0.15754564727162568,0.0,2.0,Failure
3098,bj920834,2025-11-11,operable_filtered,0.27354254183038074,0.665455607721698,-0.007526304743235748,22,-0.16330748243489657,0.0,2.0,Failure
3099,bj920152,2025-11-11,operable_filtered,0.20342859540666852,0.2471503485178148,-0.004519045297214766,22,-0.07573727269856723,1.0,0.0,Smooth
3100,bj920304,2025-11-11,operable_filtered,0.252032483854271,0.712963244883965,-0.010829031677203818,22,-0.07649515804697848,0.0,2.0,Failure
3101,sz002451,2025-11-11,operable_filtered,0.32850558979358757,0.6469987614057464,-0.015931240744521537,22,-0.29036930536118943,0.0,2.0,Failure
3102,sh688585,2025-11-11,operable_filtered,0.1589101554818844,0.5716976220591542,-0.004724974906533098,22,-0.05784980781147664,2.0,1.0,Pullback
3103,sz300997,2025-11-11,operable_filtered,0.24530200178164288,0.24073942151964678,-0.005597194832871933,22,-0.18046181145814466,1.0,0.0,Smooth
3104,bj920225,2025-11-11,operable_filtered,0.32440848835852265,0.6918669574423433,-0.016528947494264538,22,-0.2373002788104258,0.0,2.0,Failure
3105,sh603663,2025-11-11,operable_filtered,0.20632111263774022,0.2089032717662025,-0.004981927550624611,22,-0.10417199197888372,1.0,0.0,Smooth
3106,sz300062,2025-11-11,score_filtered,0.3255814220270313,0.17234765396296192,-0.006822376709459307,22,-0.16387339538077095,1.0,0.0,Smooth
3107,bj920826,2025-11-11,score_filtered,0.16265826692872992,0.20247318244534185,-0.00255754794085103,22,-0.06802721176701776,1.0,0.0,Smooth
3108,bj920299,2025-11-11,score_filtered,0.21127328129401463,0.0877615830694537,-0.002327544337705183,22,-0.021304990455214612,1.0,0.0,Smooth
3109,sh605178,2025-11-11,score_filtered,0.36538459034152304,0.7912662878854386,-0.018836690565957145,22,-0.249005713267636,0.0,2.0,Failure
3110,sz300131,2025-11-11,score_filtered,0.13291632637494075,0.654872590205299,0.0105711232183151,22,0.17731098134372547,0.0,2.0,Failure
3111,bj920748,2025-11-12,breakout_support_filtered,0.2657698383925493,0.0691201644908711,-0.003020762319539387,22,-0.13231290612659208,1.0,0.0,Smooth
3112,bj920834,2025-11-12,traded,0.22746774948043622,0.6480447087224845,-0.0070444687512228035,22,-0.20992553956906035,0.0,2.0,Failure
3113,bj920809,2025-11-12,expired,0.2644628449286202,0.5785890103659341,-0.00948990023190356,22,-0.21546964033201355,0.0,2.0,Failure
3114,sh688028,2025-11-12,operable_filtered,0.18538460364708534,0.2380640228042077,-0.004097250781797116,22,-0.17974247426535306,1.0,0.0,Smooth
3115,sz300903,2025-11-12,operable_filtered,0.28153246392828435,0.09601622576415181,0.004402646957752929,22,-0.10220348396499246,1.0,0.0,Smooth
3116,sz300997,2025-11-12,operable_filtered,0.2391745542137081,0.16862576392146045,-0.004216278455240393,22,-0.21360540342792078,1.0,0.0,Smooth
3117,bj920765,2025-11-12,operable_filtered,0.10354921081618121,0.46322404149011853,-0.003223919308445557,22,-0.094619705833769,2.0,1.0,Pullback
3118,sh603663,2025-11-12,operable_filtered,0.20632111263774022,0.037707981802571955,-0.001884679844205276,22,-0.0773195891492311,1.0,0.0,Smooth
3119,sh603813,2025-11-12,operable_filtered,0.14059877681161115,0.011316621576992536,-0.00046278320952005764,22,-0.061871206949734026,1.0,0.0,Smooth
3120,sh600737,2025-11-12,score_filtered,0.1585425602178904,0.47070272980213634,-0.0037107437896944546,22,-0.13305827771626522,2.0,1.0,Pullback
3121,sz002451,2025-11-12,score_filtered,0.32850558979358757,0.5550365199013736,-0.013843074075256409,22,-0.29032257861990196,2.0,1.0,Pullback
3122,sz002326,2025-11-12,score_filtered,0.29515150821570196,0.7488458690506047,-0.0136652324289367,22,-0.2647746278186568,0.0,2.0,Failure
3123,sh605178,2025-11-12,score_filtered,0.3889394351244035,0.8164865055957888,-0.019533115832803184,22,-0.2703533088303449,0.0,2.0,Failure
3124,sh600693,2025-11-13,expired,0.26115708276552935,0.4459177851360291,0.01942887116182229,22,0.4899999445134944,2.0,1.0,Pullback
3125,bj920809,2025-11-13,expired,0.2505263278358861,0.5130279359221728,-0.007824600239425949,22,-0.18066740743789178,2.0,1.0,Pullback
3126,bj920834,2025-11-13,traded,0.19483100958177213,0.6374211832144464,-0.005478394314374478,22,-0.09151422423966027,0.0,2.0,Failure
3127,sz300903,2025-11-13,operable_filtered,0.20485942277032623,0.2380632250733271,0.006591250283417713,22,0.007287938764673374,1.0,0.0,Smooth
3128,sz300082,2025-11-13,operable_filtered,0.24790869732145876,0.43675100421477586,-0.007272004390257197,22,-0.210398055589062,2.0,1.0,Pullback
3129,sh603778,2025-11-13,operable_filtered,0.1568836508159615,0.7585837513234488,0.028898612734270416,22,0.36705881006577434,0.0,2.0,Failure
3130,bj920252,2025-11-13,operable_filtered,0.20559252916668824,0.47187677171387676,-0.006393271580377974,22,-0.15603444013999934,2.0,1.0,Pullback
3131,sh603122,2025-11-13,operable_filtered,0.19174944229359764,0.5117601328563444,0.01145422008180301,22,0.26092441978532865,2.0,1.0,Pullback
3132,sz002451,2025-11-13,operable_filtered,0.32450334095472777,0.4356162583212788,-0.010063536887786417,22,-0.1997074236045484,2.0,1.0,Pullback
3133,sh603843,2025-11-13,operable_filtered,0.476905278334149,0.9073089706358729,-0.03607340749065851,21,-0.36768451580554384,0.0,2.0,Failure
3134,sz002691,2025-11-13,operable_filtered,0.2737881594916659,0.8070977474537172,-0.012861844548154755,22,-0.2398489070118025,0.0,2.0,Failure
3135,sz300997,2025-11-13,operable_filtered,0.22394754567402397,0.0001503119871020253,0.00011139723732767272,22,0.06324260670295967,1.0,0.0,Smooth
3136,sh688353,2025-11-13,operable_filtered,0.37496775965536794,0.3050338909848873,-0.009114533128755015,22,-0.299568950161308,2.0,1.0,Pullback
3137,bj920185,2025-11-13,operable_filtered,0.18518519972068725,0.3897627918419606,-0.005938478557809424,22,-0.13944759011186303,2.0,1.0,Pullback
3138,bj920304,2025-11-13,operable_filtered,0.252032483854271,0.8290911539921387,-0.011973778953078678,22,-0.1534527186394361,0.0,2.0,Failure
3139,bj920748,2025-11-14,traded,0.2657698383925493,0.010461090237462334,-0.0010066528660949941,22,-0.1732015915421018,1.0,0.0,Smooth
3140,bj920809,2025-11-14,expired,0.2505263278358861,0.44868711465626887,-0.006515943536292651,22,-0.21816166649469548,2.0,1.0,Pullback
3141,sz301201,2025-11-14,expired,0.3285878191867223,0.7930791659816935,-0.015314779876967909,22,-0.17829769717860133,0.0,2.0,Failure
3142,sh603843,2025-11-14,operable_filtered,0.476905278334149,0.9079800223285253,-0.037372680899922545,20,-0.39757578300707264,0.0,2.0,Failure
3143,bj920304,2025-11-14,operable_filtered,0.252032483854271,0.8143897520027422,-0.01175280627550326,22,-0.1728010192832582,0.0,2.0,Failure
3144,sh600408,2025-11-14,operable_filtered,0.34782609597045655,0.17813737365897042,-0.00729168538736305,22,-0.32946299345639607,1.0,0.0,Smooth
3145,sh603026,2025-11-14,operable_filtered,0.3390014160200727,0.6371176269155034,-0.012391264012406965,22,-0.3421668751967807,0.0,2.0,Failure
3146,sz301292,2025-11-14,operable_filtered,0.32045455412431195,0.04312721858701629,-0.0033975496136126626,22,-0.2501296710130405,1.0,0.0,Smooth
3147,sh603778,2025-11-14,operable_filtered,0.1568836508159615,0.7144555047229588,0.027468475761455335,22,0.5189873234352,0.0,2.0,Failure
3148,sh688353,2025-11-14,operable_filtered,0.37496775965536794,0.24717883481151504,-0.006934039415929197,22,-0.313216896665207,2.0,1.0,Pullback
3149,sh603122,2025-11-14,operable_filtered,0.19174944229359764,0.5766736776176944,0.012678546415335511,22,0.11153552491428598,2.0,1.0,Pullback
3150,sz300477,2025-11-14,operable_filtered,0.3472527683277856,0.6684139275641898,-0.013398490588168784,22,-0.2663316426381076,0.0,2.0,Failure
3151,bj920252,2025-11-14,score_filtered,0.20559252916668824,0.41197899985807396,-0.0054709319741220895,22,-0.19176958935962174,2.0,1.0,Pullback
3152,bj920834,2025-11-14,score_filtered,0.12337656037739082,0.548180540583438,-0.004850176043115659,22,-0.03511805301550486,2.0,1.0,Pullback
3153,sz300497,2025-11-14,score_filtered,0.35969950028812514,0.7625223779807054,-0.013667149654577427,22,-0.338061453782056,0.0,2.0,Failure
3154,bj920809,2025-11-17,traded,0.24656084346389454,0.29369875604693485,-0.003757371252630696,22,-0.09855765924298432,2.0,1.0,Pullback
3155,bj920640,2025-11-17,expired,0.14147230731530447,0.39841975934799323,0.006106235679552974,22,0.021128670996424015,2.0,1.0,Pullback
3156,sh600340,2025-11-17,operable_filtered,0.3598901492978409,0.47444273108352597,-0.011774014098590507,22,-0.3051359540553704,2.0,1.0,Pullback
3157,sz300477,2025-11-17,operable_filtered,0.3472527683277856,0.6605368420840716,-0.013195366147992209,22,-0.2639225477928213,0.0,2.0,Failure
3158,sh603843,2025-11-17,operable_filtered,0.476905278334149,0.6461960544254329,-0.02579749736421687,22,-0.33949192944836215,0.0,2.0,Failure
3159,sz000592,2025-11-17,operable_filtered,0.23028391214644106,0.78162564847271,0.019644152330225394,22,0.19777150141448407,0.0,2.0,Failure
3160,sh600408,2025-11-17,operable_filtered,0.34782609597045655,0.09413963708578987,-0.004128144510456359,22,-0.26484752653545196,1.0,0.0,Smooth
3161,sz301292,2025-11-17,operable_filtered,0.32045455412431195,0.021182689094189855,-0.002270655071767017,22,-0.07843731425445599,1.0,0.0,Smooth
3162,sh600078,2025-11-17,operable_filtered,0.27591134523433464,0.7749004788143634,-0.010624940759351073,22,-0.18557535928172408,0.0,2.0,Failure
3163,sh688353,2025-11-17,score_filtered,0.2660606268680457,0.11452061082143339,-0.003456702186483319,22,-0.08938051747009812,1.0,0.0,Smooth
3164,bj920522,2025-11-17,score_filtered,0.19320139106227172,0.6127473018103116,-0.005360563565433973,22,-0.10561265304625744,0.0,2.0,Failure
3165,bj920225,2025-11-17,score_filtered,0.3470319723709425,0.634586077577036,-0.012391649307687717,22,-0.3073694024456586,0.0,2.0,Failure
3166,sz000632,2025-11-17,score_filtered,0.28997616610866855,0.051058786021621616,-0.0035366715023318627,22,-0.29314719660298305,1.0,0.0,Smooth
3167,sh605178,2025-11-17,score_filtered,0.4082840051752786,0.8109260181656234,-0.016303491140965676,22,-0.3422188309497366,0.0,2.0,Failure
3168,sz002047,2025-11-17,score_filtered,0.14849185034393678,0.0013989967836384176,0.00026476716034515773,22,-0.11368909884967182,1.0,0.0,Smooth
3169,sz000407,2025-11-18,expired,0.2928349053114311,0.6370058558107525,-0.009497025470812518,22,-0.25207295655713147,0.0,2.0,Failure
3170,sh600829,2025-11-18,expired,0.3352402637378753,0.34111041919004736,-0.0077877127122704635,22,-0.2570532587350739,2.0,1.0,Pullback
3171,sz002620,2025-11-18,traded,0.34165569763687403,0.9043816085916003,-0.012974598864446737,22,-0.25253988459156407,0.0,2.0,Failure
3172,sz300477,2025-11-18,filtered,0.32191781940413644,0.6501009913317756,-0.012685072528591492,22,-0.2213333129882813,0.0,2.0,Failure
3173,sh600340,2025-11-18,operable_filtered,0.3598901492978409,0.43157374778563495,-0.010028857428801049,22,-0.33720932166727213,2.0,1.0,Pullback
3174,sz002682,2025-11-18,operable_filtered,0.3117048657105859,0.7386736787926212,0.037068669282285936,22,0.39518420131767806,0.0,2.0,Failure
3175,sz300612,2025-11-18,operable_filtered,0.30818690773983765,0.9267478359929376,-0.015261852855509107,22,-0.27172920257123856,0.0,2.0,Failure
3176,sz301201,2025-11-18,operable_filtered,0.3285878191867223,0.7838785231812947,-0.012954367143486545,22,-0.2881739077360733,0.0,2.0,Failure
3177,sz000608,2025-11-18,operable_filtered,0.17832168152795302,0.4307295450141767,-0.005579155297769878,22,-0.15467628459803096,2.0,1.0,Pullback
3178,sz301228,2025-11-18,score_filtered,0.13665119764766226,0.0006217138211133122,-0.00017154177396895201,22,-0.019197700553501895,1.0,0.0,Smooth
3179,sz000609,2025-11-18,score_filtered,0.33476391307183284,0.775528720802023,-0.016606208891244305,22,-0.12955128131106064,0.0,2.0,Failure
3180,sz001203,2025-11-18,score_filtered,0.25591216315992676,0.5310900015401905,-0.009047118180036586,22,-0.15422735547803035,2.0,1.0,Pullback
3181,sz300071,2025-11-18,score_filtered,0.3029556739923027,0.869140936051528,-0.015028232036670284,22,-0.24324326588342937,0.0,2.0,Failure
3182,bj920670,2025-11-18,score_filtered,0.19282272987458596,0.3513151885510971,-0.004733831103261302,22,-0.04864256761917585,2.0,1.0,Pullback
3183,sh601566,2025-11-18,score_filtered,0.2900597608282182,0.08673787552046652,-0.003995809964426739,22,-0.0776583159205162,1.0,0.0,Smooth
3184,sz000407,2025-11-19,expired,0.2928349053114311,0.6039908587327878,-0.007853584190535489,22,-0.22445556496539099,0.0,2.0,Failure
3185,sz003041,2025-11-19,expired,0.3579790283310029,0.8886135512054268,-0.018960869413432366,22,-0.2406699644503273,0.0,2.0,Failure
3186,sz300589,2025-11-19,operable_filtered,0.3044609907137646,0.2574495881898885,-0.007280014840600178,22,-0.011235920031242297,2.0,1.0,Pullback
3187,sz300477,2025-11-19,operable_filtered,0.2911694539258663,0.6476838880307376,-0.01263749616364531,22,-0.2487562200857334,0.0,2.0,Failure
3188,sz301292,2025-11-19,operable_filtered,0.35500001907348633,0.07914223833529621,-0.004739250854353395,22,-0.1277063537809041,1.0,0.0,Smooth
3189,sz300094,2025-11-19,operable_filtered,0.3465517522038508,0.785025505703699,-0.010950169863138806,22,-0.19747904421001505,0.0,2.0,Failure
3190,sh600829,2025-11-19,operable_filtered,0.2483829329309724,0.2708738555667004,-0.005733625732222614,22,-0.17896934235852824,2.0,1.0,Pullback
3191,bj920304,2025-11-19,score_filtered,0.252032483854271,0.6705469391046694,-0.008486022420813855,22,-0.15438369674949737,0.0,2.0,Failure
3192,sz301228,2025-11-19,score_filtered,0.13665119764766226,0.042988258722783446,-0.001427273771304996,22,0.017539482977092513,1.0,0.0,Smooth
3193,sz000608,2025-11-19,score_filtered,0.15162457732344933,0.3754221180333177,-0.004917959651609135,22,-0.07575759080925315,2.0,1.0,Pullback
3194,sz002868,2025-11-19,score_filtered,0.31055009624437113,0.8300241014260755,-0.01342124441975246,22,-0.22005445462812412,0.0,2.0,Failure
3195,sz001203,2025-11-19,score_filtered,0.25591216315992676,0.4063528474945848,-0.007354758806519785,22,-0.18513160760856107,2.0,1.0,Pullback
3196,sz300071,2025-11-19,score_filtered,0.3029556739923027,0.8559378692165716,-0.014551349857964203,22,-0.17164173899527424,0.0,2.0,Failure
3197,sz300612,2025-11-19,score_filtered,0.30818690773983765,0.9092514676338873,-0.01430451307443837,22,-0.2136252823665009,0.0,2.0,Failure
3198,sh603353,2025-11-19,score_filtered,0.2868420952244809,0.1835169490428623,-0.006157693014120848,22,-0.19760484991908045,1.0,0.0,Smooth
3199,sz002240,2025-11-19,score_filtered,0.28452182729183423,0.4132744106274888,-0.007629062045123335,22,-0.18181821590080138,2.0,1.0,Pullback
3200,sz002047,2025-11-19,score_filtered,0.09382718433205008,0.3059496408558404,0.0031136991723527516,22,0.00257069156647316,2.0,1.0,Pullback
3201,sz002713,2025-11-19,score_filtered,0.4693548557454826,0.8835282978878671,-0.026776567536434894,22,-0.40658719778110697,0.0,2.0,Failure
3202,sz000407,2025-11-20,operable_filtered,0.1921708088431065,0.4061155164677541,-0.004918490113875428,22,-0.05214147838702232,2.0,1.0,Pullback
3203,sz003041,2025-11-20,operable_filtered,0.3579790283310029,0.8813671462030626,-0.018789800112392615,22,-0.2549122592859101,0.0,2.0,Failure
3204,sz300589,2025-11-20,operable_filtered,0.3044609907137646,0.48966052814311767,-0.010188828889244201,22,-0.14674401892647915,2.0,1.0,Pullback
3205,bj920090,2025-11-20,score_filtered,0.07163323762660521,0.049325445846562954,-0.0006084873804435174,22,0.021116118260791517,1.0,0.0,Smooth
3206,sz002474,2025-11-20,score_filtered,0.29540482709453414,0.7376865735355134,-0.013873006659318976,22,-0.24096385911326978,0.0,2.0,Failure
3207,sh600829,2025-11-20,score_filtered,0.21486488271578089,0.2293090291955785,-0.0049151600581506,22,-0.10371518147639702,1.0,0.0,Smooth
3208,sz000798,2025-11-20,score_filtered,0.33012050421564254,0.6779145706565857,-0.014575569784830232,22,-0.25115970334851545,0.0,2.0,Failure
3209,sz000547,2025-11-20,score_filtered,0.11571903440187173,0.825628535903221,0.03184912989080386,22,0.8427420229370985,0.0,2.0,Failure
3210,sz300814,2025-11-20,score_filtered,0.22239879714564603,0.45324217363854924,-0.00688073858568173,22,0.022422101150319618,2.0,1.0,Pullback
3211,sh603122,2025-11-20,score_filtered,0.18552732023679316,0.6805458496645667,0.013803814207587535,22,0.12478780138800905,0.0,2.0,Failure
3212,bj920223,2025-11-20,score_filtered,0.1678431641821768,0.18377132612753122,0.0041170908831245495,22,0.11055960197696346,1.0,0.0,Smooth
3213,sz002877,2025-11-20,score_filtered,0.18547680043360057,0.29839399741012707,-0.003709164179711093,22,-0.1462962866483567,2.0,1.0,Pullback
3214,sz300390,2025-11-20,score_filtered,0.18983958190816078,0.0151193284937301,-0.0007306212225112835,22,0.036174135432744725,1.0,0.0,Smooth
3215,sz001203,2025-11-20,score_filtered,0.20271495961944627,0.23496847635340912,-0.004417678893922001,22,-0.07875283557931656,1.0,0.0,Smooth
3216,sz301228,2025-11-20,score_filtered,0.13665119764766226,0.1506620783630359,-0.0025268796367654248,22,0.05427135399039873,1.0,0.0,Smooth
3217,sz002240,2025-11-20,score_filtered,0.18099920488089616,0.1920853710188848,-0.00403437431978872,22,-0.06415512476913166,1.0,0.0,Smooth
3218,sz300477,2025-11-20,score_filtered,0.2911694539258663,0.5926821388027395,-0.011209216776886275,22,-0.17647061073468817,0.0,2.0,Failure
3219,sz002213,2025-11-20,score_filtered,0.28993253585852835,0.5902049825679635,-0.007913076899228192,22,-0.22286235547265065,0.0,2.0,Failure
3220,sz000688,2025-11-20,score_filtered,0.1656168711100847,0.0097476045235394,-0.0008711105358109903,22,-0.006369429482664057,1.0,0.0,Smooth
3221,sz300589,2025-11-21,expired,0.3044609907137646,0.5609975030752765,-0.01131856142563059,22,-0.28921928957714793,2.0,1.0,Pullback
3222,sh603216,2025-11-21,expired,0.09526348208148062,0.7685030442315559,0.018160104904701817,22,0.5919964697042266,0.0,2.0,Failure
3223,sz002474,2025-11-21,operable_filtered,0.30269873136274494,0.74475154950661,-0.014101170662711271,22,-0.2552167171300189,0.0,2.0,Failure
3224,sz003041,2025-11-21,operable_filtered,0.3579790283310029,0.8526162519290069,-0.017929039734832643,22,-0.22463236907980388,0.0,2.0,Failure
3225,sz000017,2025-11-21,operable_filtered,0.1769815534950714,0.0977628791746934,0.00203326913226849,22,-0.006016869820708037,1.0,0.0,Smooth
3226,bj920405,2025-11-21,score_filtered,0.140773633645387,0.006248355477311507,-0.00046610326835461717,22,-0.01322369327870232,1.0,0.0,Smooth
3227,sz000798,2025-11-21,score_filtered,0.33012050421564254,0.621600303709768,-0.012828555468180071,22,-0.3307229276284154,0.0,2.0,Failure
3228,sz300814,2025-11-21,score_filtered,0.22239879714564603,0.6331623859546264,-0.00792686972261147,22,-0.10285059243946981,0.0,2.0,Failure
3229,sz000407,2025-11-21,score_filtered,0.18637992402736328,0.2960089464551061,-0.003800594588792081,22,0.0,2.0,1.0,Pullback
3230,sz300071,2025-11-21,score_filtered,0.3066502224398395,0.8567936442786803,-0.014273968400193016,22,-0.27199999491373694,0.0,2.0,Failure
3231,sz300774,2025-11-21,score_filtered,0.23809523416337125,0.410597138273065,-0.006428726176025524,22,-0.1334872720817455,2.0,1.0,Pullback
3232,sh605188,2025-11-21,score_filtered,0.16037735212481558,0.35897275567099596,-0.004412081702791186,22,-0.03337966265837533,2.0,1.0,Pullback
3233,sz301228,2025-11-21,score_filtered,0.13665119764766226,0.3834858564774192,-0.0037585260311599816,22,-0.05959076800396379,2.0,1.0,Pullback
3234,sh603398,2025-11-21,score_filtered,0.29684600079142587,0.8159693743948979,-0.014346794917332286,22,-0.2193158393893414,0.0,2.0,Failure
3235,sz300437,2025-11-21,score_filtered,0.338132306462379,0.18717917963435438,-0.00806839663984736,22,0.12025722589207954,1.0,0.0,Smooth
3236,bj920305,2025-11-21,score_filtered,0.20846154139592096,0.6827094572005137,-0.006622583345080367,22,-0.16735028975192812,0.0,2.0,Failure
3237,sz000609,2025-11-21,score_filtered,0.33476391307183284,0.7401217320348796,-0.015755766631509377,22,-0.23013242967954495,0.0,2.0,Failure
3238,sh688109,2025-11-21,score_filtered,0.3269841431309937,0.533202395670923,-0.016011470059057693,22,-0.25784882833791334,2.0,1.0,Pullback
3239,sh605598,2025-11-21,score_filtered,0.17008743718381672,0.19008054248310013,0.003972248141998096,22,0.06918899169593673,1.0,0.0,Smooth
3240,sz300456,2025-11-21,score_filtered,0.171825336776113,0.7544471840760433,0.024301057677571895,22,0.7459412751758063,0.0,2.0,Failure
3241,sz301292,2025-11-24,operable_filtered,0.35500001907348633,0.5007443649838133,-0.011532173156315018,22,0.011689013309758911,2.0,1.0,Pullback
3242,sz000798,2025-11-24,operable_filtered,0.32728376142519666,0.6128353028254852,-0.009306611011294163,22,-0.24431055696432813,0.0,2.0,Failure
3243,sz300589,2025-11-24,operable_filtered,0.2795533469709621,0.5142292924103657,-0.009590464026834599,22,-0.18951281101222173,2.0,1.0,Pullback
3244,sz300814,2025-11-24,operable_filtered,0.22239879714564603,0.42185671638850997,-0.006213639789874184,22,-0.04113053531018562,2.0,1.0,Pullback
3245,sh688365,2025-11-24,score_filtered,0.32405393142388844,0.9282826977354575,-0.014168552590363743,22,-0.22889770587811908,0.0,2.0,Failure
3246,sz003041,2025-11-24,score_filtered,0.3579790283310029,0.8163109140668792,-0.017142161493665656,22,-0.28358959186883004,0.0,2.0,Failure
3247,sz300516,2025-11-24,score_filtered,0.1949152731658213,0.5943012329631522,0.01641833565607871,22,0.14379083541432758,0.0,2.0,Failure
3248,sh688411,2025-11-24,score_filtered,0.21764706827169603,0.7453735863104789,-0.009233467044436455,22,-0.07837441357913033,0.0,2.0,Failure
3249,sz301171,2025-11-24,score_filtered,0.30520944246271553,0.8678416965587769,-0.014513645084332491,22,-0.25446622912616845,0.0,2.0,Failure
3250,sh603216,2025-11-24,score_filtered,0.09526348208148062,0.7626600445150458,0.016439565951577192,22,0.46619219014296753,0.0,2.0,Failure
3251,bj920405,2025-11-24,score_filtered,0.140773633645387,0.005818838729395925,-0.00044970790683214793,22,-0.022222259599228078,1.0,0.0,Smooth
3252,sz000547,2025-11-24,score_filtered,0.11571903440187173,0.7914608299894421,0.029457853413349444,22,0.7680850801918333,0.0,2.0,Failure
3253,sz002474,2025-11-24,score_filtered,0.30269873136274494,0.7303627422212864,-0.013709221185316802,22,-0.3070751295720632,0.0,2.0,Failure
3254,sh600734,2025-11-24,score_filtered,0.3213792998215248,0.33157042234888545,-0.009301089480307083,22,-0.1198568976753549,2.0,1.0,Pullback
3255,sz000859,2025-11-24,score_filtered,0.21939277566955456,0.4545577421272766,0.008758090474003706,22,0.15367734631893737,2.0,1.0,Pullback
3256,sh688195,2025-11-24,score_filtered,0.22005812422044768,0.03595184688190278,-0.0017136944060470675,22,-0.05836736218729466,1.0,0.0,Smooth
3257,sz300774,2025-11-24,score_filtered,0.23776525486522587,0.27476213535015637,-0.004466478159575364,22,-0.1228070238904232,2.0,1.0,Pullback
3258,sh688028,2025-11-24,score_filtered,0.2297649977116796,0.8101931702767415,-0.010266564267860857,22,-0.15334836861837575,0.0,2.0,Failure
3259,sh688166,2025-11-24,score_filtered,0.09648481436873987,0.7060279742073461,-0.0042561152759919224,22,-0.052581633289996765,0.0,2.0,Failure
3260,bj920961,2025-11-24,score_filtered,0.15295858559148182,0.6477393299405335,0.009873061636851328,22,0.16598365605438192,0.0,2.0,Failure
3261,sz301292,2025-11-25,operable_filtered,0.35500001907348633,0.6816176376286379,-0.013384965460753342,22,-0.0416866408705967,0.0,2.0,Failure
3262,sz002474,2025-11-25,expired,0.29912022148176515,0.7057996769566903,-0.01154681332704799,22,-0.21555914218155547,0.0,2.0,Failure
3263,sz002713,2025-11-25,operable_filtered,0.3366935611794567,0.6091819977908337,-0.012909390068508445,22,-0.24322445562859696,0.0,2.0,Failure
3264,sz300959,2025-11-25,operable_filtered,0.2489033082446044,0.31400088339295085,-0.007205494892566518,22,-0.16926174834593022,2.0,1.0,Pullback
3265,sz300475,2025-11-25,score_filtered,0.12256271138894291,0.18065504562749157,0.003734984521792506,22,0.13988009382211186,1.0,0.0,Smooth
3266,sz300620,2025-11-25,score_filtered,0.16465677150819108,0.1629711907263247,0.004088769446638801,22,0.03989386000078188,1.0,0.0,Smooth
3267,sz300814,2025-11-25,score_filtered,0.21457622568375506,0.3004907051548651,-0.004984001695127671,22,-0.1206255302362309,2.0,1.0,Pullback
3268,sh600403,2025-11-25,score_filtered,0.2456521520542508,0.6858995166199924,-0.010311940501239753,22,-0.09898479676147698,0.0,2.0,Failure
3269,sz000620,2025-11-25,score_filtered,0.19590645068639453,0.6750069916268155,-0.0072618057866687845,22,-0.11692311213566708,0.0,2.0,Failure
3270,sz001296,2025-11-25,score_filtered,0.2308597896524649,0.3551738031227042,0.003749770657514158,22,0.018505354117595685,2.0,1.0,Pullback
3271,sz301171,2025-11-25,score_filtered,0.26954473113390154,0.7939868985405798,-0.012339983402482132,22,-0.20595471961845857,0.0,2.0,Failure
3272,sz300062,2025-11-25,score_filtered,0.14569538410575428,0.6208183686035401,0.01167606790126191,22,0.21549632973946675,0.0,2.0,Failure
3273,bj920809,2025-11-25,score_filtered,0.10776944003243927,0.008469553938147523,0.0003658722220841458,22,0.03932587279618516,1.0,0.0,Smooth
3274,bj920405,2025-11-25,score_filtered,0.140773633645387,0.004991288710039843,-0.00041583364762140486,22,-0.007982558694399122,1.0,0.0,Smooth
3275,sz002240,2025-11-25,score_filtered,0.17127073569807325,0.03820487341983059,0.0018716116775842322,22,0.027253664691417434,1.0,0.0,Smooth
3276,sz301292,2025-11-26,expired,0.35500001907348633,0.550296299530258,-0.01232958279239556,22,-0.04166108568938587,2.0,1.0,Pullback
3277,sz002868,2025-11-26,expired,0.2707338438755269,0.5417068807268901,-0.007791931453758721,22,-0.20499068788651276,2.0,1.0,Pullback
3278,sh600734,2025-11-26,operable_filtered,0.3213792998215248,0.3802361791016412,-0.01006550797584536,22,-0.08303249843220417,2.0,1.0,Pullback
3279,sz002474,2025-11-26,operable_filtered,0.2812029862769136,0.6510049421812605,-0.010248863062100032,22,-0.12061199282830026,0.0,2.0,Failure
3280,sz300620,2025-11-26,score_filtered,0.16465677150819108,0.09700484901077522,0.0031366609414526093,22,-0.03312020052585862,1.0,0.0,Smooth
3281,sh688028,2025-11-26,score_filtered,0.22247335646906738,0.8414381413719837,-0.009445089314777517,22,-0.186549159746912,0.0,2.0,Failure
3282,sz301117,2025-11-26,score_filtered,0.168552604231563,0.10097351606327976,0.0032505156626049378,22,0.22208458518258234,1.0,0.0,Smooth
3283,sh688670,2025-11-26,score_filtered,0.3076923123948437,0.8290395280858338,-0.015523108149909585,22,-0.25375172617655184,0.0,2.0,Failure
3284,sz000609,2025-11-26,score_filtered,0.33476391307183284,0.6651196225892553,-0.01273294870438788,22,-0.2753164874516004,0.0,2.0,Failure
3285,sz000070,2025-11-26,score_filtered,0.24336280038330232,0.5377771557066882,-0.009575897953024949,22,-0.14958448131442215,2.0,1.0,Pullback
3286,sz003041,2025-11-26,score_filtered,0.3579790283310029,0.6355438149251065,-0.011644022177403162,22,-0.23878067157148664,0.0,2.0,Failure
3287,sh688227,2025-11-26,score_filtered,0.2644444783528646,0.7542331723151952,-0.010008796006419922,22,-0.19663127731410301,0.0,2.0,Failure
3288,sz000892,2025-11-26,score_filtered,0.2311947081202731,0.6810127085894245,-0.008019345328679569,22,-0.2015944826789169,0.0,2.0,Failure
3289,bj920857,2025-11-26,score_filtered,0.17051945552640901,0.20409674466641414,0.006167736668506787,22,0.12295313445695033,1.0,0.0,Smooth
3290,sh688195,2025-11-26,score_filtered,0.18468740144226242,0.0038432133620894815,0.0005457795097652633,22,-0.04542993063151257,1.0,0.0,Smooth
3291,sz002083,2025-11-26,score_filtered,0.09406390419291848,0.534922141896329,0.007073201025290628,22,0.12290509093382473,2.0,1.0,Pullback
3292,bj920152,2025-11-26,score_filtered,0.3234285627092634,0.8867457022030008,-0.01595180562594988,22,-0.2553324844395227,0.0,2.0,Failure
3293,sz002596,2025-11-26,score_filtered,0.26768374731307887,0.13563499214095798,-0.0045895882490014465,22,0.031249968955915364,1.0,0.0,Smooth
3294,sz301292,2025-11-27,expired,0.35500001907348633,0.38584059857255026,-0.009854442508088862,22,-0.16447533719282392,2.0,1.0,Pullback
3295,sz301111,2025-11-27,operable_filtered,0.36702806137964555,0.7219804544583759,-0.01558710917971655,22,-0.13791591932950853,0.0,2.0,Failure
3296,sz002264,2025-11-27,operable_filtered,0.2041933154299893,0.012538948732546795,0.0009096793088764924,22,-0.01678907155249476,1.0,0.0,Smooth
3297,sh688148,2025-11-27,operable_filtered,0.1373895658666565,0.09478404491065051,-0.0019469103868962603,22,-0.11000996962986853,1.0,0.0,Smooth
3298,sz002868,2025-11-27,operable_filtered,0.2096470552332261,0.5027212330702157,-0.006289693538346757,22,-0.17574863898929438,2.0,1.0,Pullback
3299,sz300620,2025-11-27,operable_filtered,0.1514594825538429,0.08091812770112572,0.0028735172765772398,22,0.0005201679419197802,1.0,0.0,Smooth
3300,sh688670,2025-11-27,operable_filtered,0.3076923123948437,0.8102682860083014,-0.014682902316430043,22,-0.22445254394715786,0.0,2.0,Failure
3301,bj920856,2025-11-27,score_filtered,0.13405232640212417,0.04781537222892851,-0.0007841486921695206,22,-0.0415496795793423,1.0,0.0,Smooth
3302,sz301005,2025-11-27,score_filtered,0.13217389756354733,0.8661231915170005,0.040049241919238386,22,1.4013257079229047,0.0,2.0,Failure
3303,sh605255,2025-11-27,score_filtered,0.12246685785008746,0.5592054686095964,0.016798030507357262,19,0.4263656890194025,2.0,1.0,Pullback
3304,sh688110,2025-11-27,score_filtered,0.17142858260717148,0.022097472485312575,-0.0009170996782638502,22,-0.052153836763822126,1.0,0.0,Smooth
3305,sh688048,2025-11-27,score_filtered,0.14506172839506173,0.403369153860594,0.011634617302233993,22,0.12013487895743524,2.0,1.0,Pullback
3306,sh603122,2025-11-27,score_filtered,0.1848173823612769,0.061931231392425734,0.0027501893515870512,22,0.028127627408808475,1.0,0.0,Smooth
3307,sz301043,2025-11-27,score_filtered,0.17573876384829965,0.10544945679035311,0.004246558335773478,22,0.39673688167946275,1.0,0.0,Smooth
3308,sz300131,2025-11-27,score_filtered,0.1296551803062702,0.2796584408718953,0.00561575320514057,22,0.15227633978892507,2.0,1.0,Pullback
3309,sh688353,2025-11-27,score_filtered,0.22462699435826367,0.0185227988131903,0.0015562400803418414,22,0.017799622624770972,1.0,0.0,Smooth
3310,sz300437,2025-11-27,score_filtered,0.338132306462379,0.72695035947448,-0.015824100571523118,22,-0.14729063465477832,0.0,2.0,Failure
3311,sz002083,2025-11-27,score_filtered,0.09406390419291848,0.6457205711469647,0.007941996906777998,22,0.11307764109175356,0.0,2.0,Failure
3312,sh600408,2025-11-27,score_filtered,0.2666666507720947,0.46029565123396843,-0.006998318304168391,22,-0.09635980273032663,2.0,1.0,Pullback
3313,sz301292,2025-11-28,expired,0.35500001907348633,0.19160814262969772,-0.006139352386200302,22,-0.09950051935637916,1.0,0.0,Smooth
3314,sz001203,2025-11-28,operable_filtered,0.20271495961944627,0.380605316099234,0.00732884757509079,22,0.033554824454541166,2.0,1.0,Pullback
3315,sz300115,2025-11-28,operable_filtered,0.19617333943640136,0.08417279459099725,-0.003432337239408114,22,0.07554819000974766,1.0,0.0,Smooth
3316,sz300475,2025-11-28,operable_filtered,0.11079744027077729,0.457764195328185,0.007489364869614542,22,0.10918482271156171,2.0,1.0,Pullback
3317,bj920856,2025-11-28,operable_filtered,0.13405232640212417,0.02092479646301726,-0.000493286576891799,22,-0.07306434795197148,1.0,0.0,Smooth
3318,sh688275,2025-11-28,operable_filtered,0.20980777191676128,0.2687352495261125,-0.004031216373848545,22,-0.07052356284501438,2.0,1.0,Pullback
3319,sh688227,2025-11-28,operable_filtered,0.21749411179371847,0.726299984551775,-0.0081392630687081,22,-0.20945776707886932,0.0,2.0,Failure
3320,sh603122,2025-11-28,score_filtered,0.1848173823612769,0.022281766930897673,0.0015857739833162025,22,0.11876076833321947,1.0,0.0,Smooth
3321,bj920284,2025-11-28,score_filtered,0.13006440814451942,0.5576571777877484,-0.00369656873509584,22,-0.11464518653217226,2.0,1.0,Pullback
3322,sz002596,2025-11-28,score_filtered,0.26768374731307887,0.26711691121131065,-0.00673892346465277,22,-0.20179370599190427,2.0,1.0,Pullback
3323,sz300421,2025-11-28,score_filtered,0.16528194291017023,0.2932273588084152,0.008716167081330255,22,0.40155950477941427,2.0,1.0,Pullback
3324,sz300300,2025-11-28,score_filtered,0.16872431052145084,0.04109954910015179,-0.0019781084217434966,22,0.0079950282248884,1.0,0.0,Smooth
3325,sz301308,2025-11-28,score_filtered,0.1182407766436307,0.03972096773775757,0.001272058917319444,22,0.02276376315747397,1.0,0.0,Smooth
3326,sz301201,2025-11-28,score_filtered,0.19972696678445576,0.13829487596072232,-0.0018060852499007531,22,-0.07777776854345886,1.0,0.0,Smooth
3327,sz301358,2025-11-28,score_filtered,0.16873935714934896,0.2259951782720636,-0.003346927468565659,22,-0.07292968650036746,1.0,0.0,Smooth
3328,sz300390,2025-11-28,score_filtered,0.18983958190816078,0.12244600638209346,0.002843565682113946,22,0.028877590136769937,1.0,0.0,Smooth
3329,sh603353,2025-11-28,score_filtered,0.3413157714040656,0.8314625113707362,-0.016584831271719856,22,-0.1971746703646412,0.0,2.0,Failure
3330,sz002596,2025-12-01,operable_filtered,0.26768374731307887,0.25447990957387057,-0.0064774846272751575,22,-0.1808510746228421,2.0,1.0,Pullback
3331,bj920230,2025-12-01,operable_filtered,0.0896296324553313,0.20834863995531816,-0.0014060226724873386,22,-0.07082371766776041,1.0,0.0,Smooth
3332,bj920663,2025-12-01,operable_filtered,0.03870595591941975,0.6634346968627959,0.0036609172572016325,22,0.08612443739202003,0.0,2.0,Failure
3333,bj920267,2025-12-01,score_filtered,0.07551865834091855,0.1023776716240824,0.0010235730422292672,22,-0.028253417387311353,1.0,0.0,Smooth
3334,bj920950,2025-12-01,score_filtered,0.04619418351758355,0.024751768092185156,0.0004334023892635813,22,-0.024324365564294737,1.0,0.0,Smooth
3335,bj920088,2025-12-01,score_filtered,0.057115851776202584,0.16826515041062462,-0.0009973177641329422,22,-0.06290112625387057,1.0,0.0,Smooth
3336,bj920790,2025-12-01,score_filtered,0.10612895053716992,0.2212447451425743,0.003022644678918762,22,0.011029430670447038,1.0,0.0,Smooth
3337,bj920475,2025-12-01,score_filtered,0.16034151674571578,0.4027217531044881,0.005845858160040211,22,0.031175086825526943,2.0,1.0,Pullback
3338,bj920856,2025-12-01,score_filtered,0.09646298241048391,0.0003259158504452797,4.822301476005425e-05,22,-0.05796289589826675,1.0,0.0,Smooth
3339,bj920821,2025-12-01,score_filtered,0.09035533486394569,0.13047660562307017,-0.0015846125325217988,22,-0.08520337539175216,1.0,0.0,Smooth
3340,bj920510,2025-12-01,score_filtered,0.07193956585530561,0.46008948580402576,0.00855621515536112,22,0.23806724095433984,2.0,1.0,Pullback
3341,bj920701,2025-12-01,score_filtered,0.2259574240826546,0.6614261574609008,-0.007301168347427849,22,-0.21379313916853748,0.0,2.0,Failure
3342,bj920533,2025-12-01,score_filtered,0.08722220526801215,0.6197564001967795,0.005930443533556208,22,0.1446609065011759,0.0,2.0,Failure
3343,sh688227,2025-12-01,score_filtered,0.17967782587773493,0.7139124370885284,-0.006800465934535116,22,-0.10957402774859093,0.0,2.0,Failure
3344,sz300456,2025-12-01,score_filtered,0.171825336776113,0.24910530179796242,0.007612639756119459,22,-0.04227282573682156,1.0,0.0,Smooth
3345,bj920508,2025-12-01,score_filtered,0.18513225124812724,0.11510852575283259,0.002816575344370534,22,-0.0022421183305447734,1.0,0.0,Smooth
3346,sz300390,2025-12-01,score_filtered,0.13675214255773685,0.2770509133685326,0.004243354392066507,22,0.01129630759910305,2.0,1.0,Pullback
3347,sh600403,2025-12-02,operable_filtered,0.2456521520542508,0.6093750728090748,-0.009134435662485866,22,-0.23043477494685083,0.0,2.0,Failure
3348,sz000592,2025-12-02,operable_filtered,0.1546650110036816,0.6666640851858716,0.014247335920549893,22,0.351375237233881,0.0,2.0,Failure
3349,sz300456,2025-12-02,operable_filtered,0.20467153952939668,0.18701761506678527,0.006706996173974461,22,0.12957447133165734,1.0,0.0,Smooth
3350,sz002596,2025-12-02,operable_filtered,0.273231658336456,0.2736338858553986,-0.006936508823283218,22,-0.20937502072192693,2.0,1.0,Pullback
3351,sh600734,2025-12-02,operable_filtered,0.353103440383385,0.7268641157789358,-0.015403958624417118,22,-0.24878051806224233,0.0,2.0,Failure
3352,sh603122,2025-12-02,score_filtered,0.21428567501112367,0.054341337161885495,-0.0025404392425046078,22,0.005652137424634773,1.0,0.0,Smooth
3353,sh603216,2025-12-02,score_filtered,0.09526348208148062,0.8699502296356942,0.020549105120744766,22,0.5351600724502799,0.0,2.0,Failure
3354,sz000078,2025-12-02,score_filtered,0.38421050738319623,0.8583807040793285,-0.01848545341191266,22,-0.2146017771467773,0.0,2.0,Failure
3355,sh600408,2025-12-02,score_filtered,0.3216666380564372,0.8256069624931213,-0.011903396735151983,22,-0.27906974958799224,0.0,2.0,Failure
3356,sh603778,2025-12-02,score_filtered,0.14617006258730844,0.6247504584847832,0.01678135991812523,22,0.5316455763056,0.0,2.0,Failure
3357,sz002976,2025-12-02,score_filtered,0.23161765816429347,0.01773183632171471,-0.0006530631844996116,22,-0.09751367831360569,1.0,0.0,Smooth
3358,sz002713,2025-12-02,score_filtered,0.3176376398287892,0.37963673915228,-0.007387048067533976,22,-0.17015931556722597,2.0,1.0,Pullback
3359,sz003041,2025-12-02,score_filtered,0.21150208429975698,0.07605965907058365,0.003539627992607263,22,0.11634516837028075,1.0,0.0,Smooth
3360,bj920856,2025-12-02,score_filtered,0.057046901470397315,0.04477258502571302,0.0004934058305712041,22,-0.004672892510771409,1.0,0.0,Smooth
3361,sz300300,2025-12-02,score_filtered,0.1872428108705918,0.12302615402152017,-0.003605595077357641,22,-0.02880920695019773,1.0,0.0,Smooth
3362,sh600403,2025-12-03,filtered,0.24235805973499513,0.5527624848625292,-0.006635949414025283,22,-0.13959088636276784,2.0,1.0,Pullback
3363,sz002632,2025-12-03,expired,0.2540835201738745,0.5062192385471191,-0.0097355368241043,22,-0.11879191606744133,2.0,1.0,Pullback
3364,sz002713,2025-12-03,operable_filtered,0.3176376398287892,0.2452075158863275,-0.00540082214800223,22,-0.0820829930660385,1.0,0.0,Smooth
3365,sz003018,2025-12-03,operable_filtered,0.32493593645971824,0.7442890874179466,-0.009726757512021691,22,-0.16575683453196555,0.0,2.0,Failure
3366,sh600734,2025-12-03,operable_filtered,0.353103440383385,0.7138440180702392,-0.015062910523161822,22,-0.1588447870939288,0.0,2.0,Failure
3367,sz000547,2025-12-03,operable_filtered,0.08000000663425612,0.8223509372332202,0.025335280558977245,22,0.8224599166111293,0.0,2.0,Failure
3368,sh688670,2025-12-03,score_filtered,0.28757719067569626,0.807837627882526,-0.012019380819691597,22,-0.22757354266296992,0.0,2.0,Failure
3369,sz002565,2025-12-03,score_filtered,0.16853304177029285,0.6371841674909009,0.016642993023870494,22,0.7042514837480494,0.0,2.0,Failure
3370,sh600408,2025-12-03,score_filtered,0.3216666380564372,0.8237679913874177,-0.010898216272715033,22,-0.20384615031925168,0.0,2.0,Failure
3371,bj920982,2025-12-03,score_filtered,0.16170088403169067,0.0009491136043920934,0.0002378493050148619,22,0.04704891520907717,1.0,0.0,Smooth
3372,sz301557,2025-12-03,score_filtered,0.19556866003874102,0.08113113724554488,-0.002544301549646529,22,-0.07094598513088246,1.0,0.0,Smooth
3373,sz002474,2025-12-03,score_filtered,0.21446176173501333,0.3206159476515701,-0.005649393730789425,22,0.016881835297504644,2.0,1.0,Pullback
3374,sh603353,2025-12-03,score_filtered,0.3413157714040656,0.5734841977665268,-0.01162271318016427,22,-0.21079545214402784,0.0,2.0,Failure
3375,sh600829,2025-12-03,score_filtered,0.21101573003293791,0.6692145436965559,-0.007919436187161143,22,-0.13287253725702186,0.0,2.0,Failure
3376,sz000691,2025-12-03,score_filtered,0.34046346530729266,0.5273345403194389,-0.01008367425322489,22,-0.2479263077862891,2.0,1.0,Pullback
3377,sz301043,2025-12-03,score_filtered,0.1596638614800977,0.12163363181185372,0.004140794394794485,22,0.013321991531306754,1.0,0.0,Smooth
3378,sz300589,2025-12-03,score_filtered,0.25160003662109376,0.3895805392680418,-0.007525478639046892,22,-0.03438660573314245,2.0,1.0,Pullback
3379,sz002300,2025-12-04,expired,0.28902626680049553,0.3167181794348636,-0.0075057682063694375,22,-0.09266409941705278,2.0,1.0,Pullback
3380,sh603696,2025-12-04,operable_filtered,0.2942170762725312,0.02664553667656444,0.0025113908002520205,22,0.08115048687353221,1.0,0.0,Smooth
3381,sz000547,2025-12-04,operable_filtered,0.08000000663425612,0.8258252590620462,0.026956752120993143,22,0.7841517407593268,0.0,2.0,Failure
3382,bj920225,2025-12-04,operable_filtered,0.15268265529921748,0.19438904048581984,0.004689583158586055,22,0.1795579541234089,1.0,0.0,Smooth
3383,sz000510,2025-12-04,operable_filtered,0.14868535170913053,0.7864699506002266,0.01660665810256468,22,0.2968299901902549,0.0,2.0,Failure
3384,sz301232,2025-12-04,score_filtered,0.1676147574948857,0.8619063234012567,0.03472710350152153,22,1.313624587909744,0.0,2.0,Failure
3385,sz300300,2025-12-04,score_filtered,0.22890949797780824,0.416397090038337,-0.0075088489113761085,22,-0.1647919118122697,2.0,1.0,Pullback
3386,sz002632,2025-12-04,score_filtered,0.2540835201738745,0.4134969107565919,-0.008370381535510781,22,-0.13933334350585935,2.0,1.0,Pullback
3387,sz000078,2025-12-04,score_filtered,0.38421050738319623,0.8551327348374309,-0.01826978359418225,22,-0.31379959534642987,0.0,2.0,Failure
3388,sz301111,2025-12-04,score_filtered,0.32035084774619654,0.6319492647369187,-0.010868598751089123,22,-0.21404179185376115,0.0,2.0,Failure
3389,sh600734,2025-12-04,score_filtered,0.353103440383385,0.7519928536219177,-0.015689050875298243,22,-0.22988506737105974,0.0,2.0,Failure
3390,sz000692,2025-12-04,score_filtered,0.27044024465644984,0.6181518209798537,-0.006610714439098382,22,-0.17619042969614795,0.0,2.0,Failure
3391,bj920510,2025-12-04,score_filtered,0.19713827959274924,0.5588778655178355,0.010056121975126075,22,0.1324884306564531,2.0,1.0,Pullback
3392,sh603353,2025-12-04,score_filtered,0.292138001849524,0.39039513176115515,-0.008363354918721274,22,-0.15160346854971096,2.0,1.0,Pullback
3393,bj920116,2025-12-04,score_filtered,0.1457858931881626,0.16337655902203152,0.0032394311382829763,22,0.0863449287610134,1.0,0.0,Smooth
3394,bj920564,2025-12-04,score_filtered,0.19340120298869282,0.13825197442102222,-0.002979181392739449,22,-0.05192144717704594,1.0,0.0,Smooth
3395,sz300250,2025-12-04,score_filtered,0.29101451929064764,0.5091438319868984,-0.009077681626766575,22,-0.14073071456598174,2.0,1.0,Pullback
3396,sz301136,2025-12-04,score_filtered,0.3103448275862069,0.7624442477019207,-0.014134825155303742,22,-0.2694455322790885,0.0,2.0,Failure
3397,bj920790,2025-12-05,operable_filtered,0.11196597399224531,0.006792137272823906,-0.0003815024239422009,22,0.031736452400232595,1.0,0.0,Smooth
3398,sh600151,2025-12-05,score_filtered,0.1584925900444283,0.5939050413019025,0.01367397315860788,22,0.5096439964784796,0.0,2.0,Failure
3399,bj920225,2025-12-05,score_filtered,0.15268265529921748,0.3208986003062555,0.006625823151864501,22,0.10331562476567502,2.0,1.0,Pullback
3400,sh688048,2025-12-05,score_filtered,0.20450620298032407,0.5903280715268193,-0.008046155886142861,22,-0.14675373055719554,0.0,2.0,Failure
3401,sz300300,2025-12-05,score_filtered,0.24022633477362354,0.45548802081292705,-0.008364920835136189,22,-0.2382241354686414,2.0,1.0,Pullback
3402,sz000510,2025-12-05,score_filtered,0.10571425301688057,0.8779896496442551,0.01829823955504154,22,0.30895983400763316,0.0,2.0,Failure
3403,sz300421,2025-12-05,score_filtered,0.16528194291017023,0.29013369124736055,0.00817216284363001,22,0.0732903816288113,2.0,1.0,Pullback
3404,sz002348,2025-12-05,score_filtered,0.1911966808985396,0.6658377314448861,-0.006905365589983019,22,-0.13293945316145506,0.0,2.0,Failure
3405,sz301232,2025-12-05,score_filtered,0.1676147574948857,0.861927811426701,0.034331400419498476,22,1.088888888888889,0.0,2.0,Failure
3406,sh600734,2025-12-05,score_filtered,0.353103440383385,0.6911308733807369,-0.01445124735793348,22,-0.2731343247466108,0.0,2.0,Failure
3407,sz301136,2025-12-05,score_filtered,0.3103448275862069,0.693593441295786,-0.01218640304751649,22,-0.21666030033489014,0.0,2.0,Failure
3408,sz301111,2025-12-05,score_filtered,0.2544264364692113,0.5109167915647639,-0.007985080371300154,22,-0.18149601465504583,2.0,1.0,Pullback
3409,sh603778,2025-12-05,score_filtered,0.14617006258730844,0.7481966779607645,0.029554080642371694,22,0.9004525134208441,0.0,2.0,Failure
3410,sz300959,2025-12-05,score_filtered,0.2905789214171318,0.6846979097108177,-0.012090629744721288,22,-0.13391305674677312,0.0,2.0,Failure
3411,sz001203,2025-12-08,traded,0.1540974016339318,0.3488220737413469,0.006536568259683465,22,0.04334827494359028,2.0,1.0,Pullback
3412,sz000078,2025-12-08,expired,0.2965931560199786,0.7556767002950303,-0.013293520256964042,22,-0.20518359054045732,0.0,2.0,Failure
3413,sh605178,2025-12-08,expired,0.09584278962187387,0.24098164578709025,0.0024430762880527186,22,0.0019859290767949567,1.0,0.0,Smooth
3414,bj920790,2025-12-08,filtered,0.11196597399224531,0.013113615743302054,-0.0005208590994950621,22,0.08287458780563806,1.0,0.0,Smooth
3415,sz000547,2025-12-08,operable_filtered,0.08000000663425612,0.8971700751614893,0.031753290101895176,22,0.7071848265713239,0.0,2.0,Failure
3416,sz002961,2025-12-08,operable_filtered,0.17131347547768805,0.33910394625392637,-0.0038740683489806266,22,-0.13309237935565588,2.0,1.0,Pullback
3417,sz002585,2025-12-08,operable_filtered,0.18447840476740085,0.4087310440539492,0.005443671714506282,22,0.02653632140636586,2.0,1.0,Pullback
3418,sz300475,2025-12-08,operable_filtered,0.1364433052613563,0.6013583977584924,0.01052636454519605,22,0.13137687975333168,0.0,2.0,Failure
3419,sz300394,2025-12-08,operable_filtered,0.16950414988620222,0.5310685086091285,-0.005980477717671707,22,-0.17135121774861217,2.0,1.0,Pullback
3420,sz300421,2025-12-08,operable_filtered,0.16528194291017023,0.45699626580976205,0.010832642864423828,22,0.1825861180591768,2.0,1.0,Pullback
3421,sz002300,2025-12-08,operable_filtered,0.28902626680049553,0.3549303441488816,-0.00801172625236742,22,-0.021212125882702715,2.0,1.0,Pullback
3422,sz002240,2025-12-08,score_filtered,0.10926366602824099,0.6554150548810816,0.008917007873876394,22,0.15404781449793759,0.0,2.0,Failure
3423,sh688048,2025-12-08,score_filtered,0.20450620298032407,0.5086175655283823,-0.007309750664282551,22,-0.01862345885907657,2.0,1.0,Pullback
3424,sz300427,2025-12-08,score_filtered,0.18360656988425333,0.25298445678397796,-0.0038206189920767905,22,0.021674137471795252,2.0,1.0,Pullback
3425,sz301232,2025-12-08,score_filtered,0.1676147574948857,0.8629865924378909,0.034438024214386666,22,0.8643771340600719,0.0,2.0,Failure
3426,sh688109,2025-12-08,score_filtered,0.3269841431309937,0.21850333423399948,-0.008688262121230176,22,-0.25808280891885294,1.0,0.0,Smooth
3427,sz300390,2025-12-08,score_filtered,0.1287589329925816,0.36633070084151254,0.00499197025759662,22,0.028976833261598056,2.0,1.0,Pullback
3428,sh600734,2025-12-08,score_filtered,0.353103440383385,0.5950251112874897,-0.011480232122264315,22,-0.23183926563242874,0.0,2.0,Failure
3429,sz301486,2025-12-09,operable_filtered,0.1245947038791785,0.683561175742704,0.012486561642328229,22,0.12937827145302183,0.0,2.0,Failure
3430,sz002961,2025-12-09,operable_filtered,0.12581700436190682,0.2876217965719112,-0.003309703482616306,22,-0.09614743057139241,2.0,1.0,Pullback
3431,sz300427,2025-12-09,operable_filtered,0.18360656988425333,0.0975017554415194,-0.0024903712943969546,22,0.10717105242886737,1.0,0.0,Smooth
3432,sh603386,2025-12-09,operable_filtered,0.23466798115504706,0.06551214176585984,-0.0020451042299486273,22,-0.1080484647420179,1.0,0.0,Smooth
3433,sz002682,2025-12-09,score_filtered,0.3165829033345615,0.5804751136762185,-0.013064029146841898,22,-0.17540516613297874,0.0,2.0,Failure
3434,sz301136,2025-12-09,score_filtered,0.23254027590684145,0.1415079933433614,-0.004371135179060417,22,-0.00855393446023589,1.0,0.0,Smooth
3435,sh600151,2025-12-09,score_filtered,0.1584925900444283,0.6013366155352771,0.014205021321333625,22,0.5959384693059449,0.0,2.0,Failure
3436,sz002702,2025-12-09,score_filtered,0.33302147854852726,0.5285462475876196,-0.011679874245680372,22,-0.23417085109252256,2.0,1.0,Pullback
3437,sh600734,2025-12-09,score_filtered,0.29999997153210917,0.4105912273665535,-0.00797566152207474,22,-0.1504854132963036,2.0,1.0,Pullback
3438,sh688195,2025-12-09,score_filtered,0.16180738365145172,0.1682951172521684,-0.0028528268754207777,22,-0.08255086404539957,1.0,0.0,Smooth
3439,sz300959,2025-12-09,score_filtered,0.2905789214171318,0.5275113739948318,-0.008847050896343429,22,-0.15212062364082057,2.0,1.0,Pullback
3440,sz300421,2025-12-09,score_filtered,0.16528194291017023,0.5674886707715405,0.012860743756874375,22,0.16021239833778322,2.0,1.0,Pullback
3441,sz301232,2025-12-09,score_filtered,0.1676147574948857,0.8769876626746077,0.03678071465646452,22,1.1478521805930302,0.0,2.0,Failure
3442,sh688109,2025-12-09,score_filtered,0.3269841431309937,0.13246059084414097,-0.006026628708809626,22,-0.25551330699803065,1.0,0.0,Smooth
3443,sz001203,2025-12-10,operable_filtered,0.1540974016339318,0.29956193602018943,0.005905047885195251,22,0.12546123877013327,2.0,1.0,Pullback
3444,sh688048,2025-12-10,operable_filtered,0.20450620298032407,0.4794719367773562,-0.0071760684593752235,22,-0.1622972746153135,2.0,1.0,Pullback
3445,sz003016,2025-12-10,operable_filtered,0.2656126290909425,0.025846834342830083,-0.001452989197744856,22,-0.18505647889529553,1.0,0.0,Smooth
3446,sz301486,2025-12-10,operable_filtered,0.1245947038791785,0.7987935742507652,0.013739662497996352,22,0.24155609225564412,0.0,2.0,Failure
3447,sz300390,2025-12-10,operable_filtered,0.1287589329925816,0.34441027734913954,0.004800880210902962,22,0.059084717213749194,2.0,1.0,Pullback
3448,bj920576,2025-12-10,operable_filtered,0.24023352427338113,0.47851503287279373,0.02103677148897466,22,1.1474359324436665,2.0,1.0,Pullback
3449,sz300300,2025-12-10,operable_filtered,0.22909881919380867,0.4742769217823948,-0.008859491664947112,22,-0.19775278960464948,2.0,1.0,Pullback
3450,sz301285,2025-12-10,operable_filtered,0.06287596874326067,0.004730440408132197,0.00022003993943177355,22,0.02780602656615283,1.0,0.0,Smooth
3451,sh603696,2025-12-10,score_filtered,0.2942170762725312,0.1736267579747972,0.0069146304455632215,22,0.231289286686577,1.0,0.0,Smooth
3452,sz000905,2025-12-10,score_filtered,0.23764705657958984,0.0037489004931010594,0.0004647689877220054,22,-0.08355260000169407,1.0,0.0,Smooth
3453,sz002752,2025-12-10,score_filtered,0.2195676719811678,0.09988339857914852,-0.0037187464249456214,22,-0.10737385791178022,1.0,0.0,Smooth
3454,sz300456,2025-12-10,score_filtered,0.20467153952939668,0.4618535867746215,-0.0074546508455857665,22,0.06799068310178513,2.0,1.0,Pullback
3455,sh688682,2025-12-10,score_filtered,0.07671230786467252,0.6698296677104096,0.011542491733432818,22,0.2837113055986227,0.0,2.0,Failure
3456,sh600828,2025-12-10,score_filtered,0.2372449103716459,0.01031169953084643,0.0014585900848392219,22,0.1229050465355781,1.0,0.0,Smooth
3457,bj920790,2025-12-10,score_filtered,0.11196597399224531,0.057994506929219924,0.001911662190070713,22,0.15212982484337467,1.0,0.0,Smooth
3458,sz001267,2025-12-10,score_filtered,0.08624321013589277,0.056982382437351875,0.001161076193811168,22,-0.009362505080877326,1.0,0.0,Smooth
3459,sz300751,2025-12-10,score_filtered,0.1444384732985879,0.617194099049108,0.015205768048528568,22,0.23318605358522548,0.0,2.0,Failure
3460,sz300421,2025-12-10,score_filtered,0.1475757830070727,0.6543950782352574,0.013899163524124345,22,0.10112357709177244,0.0,2.0,Failure
3461,sz002149,2025-12-10,score_filtered,0.060611863512555486,0.868323513455096,0.02986575594596542,22,0.766159776061309,0.0,2.0,Failure
3462,sz002235,2025-12-11,expired,0.2845188201040396,0.3009060537813677,-0.005630472862546808,22,-0.10739300182675016,2.0,1.0,Pullback
3463,sh603601,2025-12-11,operable_filtered,0.1468579591383136,0.7872679002602923,0.022055174844366716,22,0.4068800981413421,0.0,2.0,Failure
3464,bj920116,2025-12-11,operable_filtered,0.1457858931881626,0.4377365259409821,0.01739271989269995,22,0.6371383662299284,2.0,1.0,Pullback
3465,bj920665,2025-12-11,operable_filtered,0.2907268632883301,0.19895443186845785,-0.005718536194096038,22,0.012377822518666814,1.0,0.0,Smooth
3466,sh600693,2025-12-11,operable_filtered,0.2045453920230976,0.1577746264608927,0.005835562369458474,22,0.1422819391617216,1.0,0.0,Smooth
3467,sz002713,2025-12-11,operable_filtered,0.23660711282674096,0.15278058421949658,0.004870834954283593,22,0.05731224607360885,1.0,0.0,Smooth
3468,sh603778,2025-12-11,score_filtered,0.2709235358914237,0.880159290994863,0.03980546621267414,22,0.6167999267578126,0.0,2.0,Failure
3469,sh600343,2025-12-11,score_filtered,0.07727825485439908,0.7154048474650556,0.013973971941888394,22,0.2210868141258282,0.0,2.0,Failure
3470,bj920640,2025-12-11,score_filtered,0.11571903440187173,0.5482858614938911,0.01361540095867111,22,0.33661259351130246,2.0,1.0,Pullback
3471,bj920092,2025-12-11,score_filtered,0.2771153816810021,0.3831476758977205,0.012063927306798313,22,0.5319974372237881,2.0,1.0,Pullback
3472,sh600330,2025-12-11,score_filtered,0.13878181601203704,0.6419746898908103,0.010515537414121494,22,0.06622518177048375,0.0,2.0,Failure
3473,bj920575,2025-12-11,score_filtered,0.23387094017590676,0.01256273029981092,-0.0017249244831435934,22,0.033149228520483076,1.0,0.0,Smooth
3474,sz300427,2025-12-11,score_filtered,0.18360656988425333,0.000337479489866066,-0.0001853783320216402,22,0.09444448933189409,1.0,0.0,Smooth
3475,sz003031,2025-12-11,score_filtered,0.07537947995085548,0.2813769569071256,0.0032181376298653355,22,0.011724401880021107,2.0,1.0,Pullback
3476,bj920414,2025-12-11,score_filtered,0.06193228912161553,0.3285908186766133,0.006212874144391894,22,0.17484933218563836,2.0,1.0,Pullback
3477,bj920445,2025-12-11,score_filtered,0.13985509264496662,0.43528427942628223,-0.003241184994490257,22,-0.021224508480149895,2.0,1.0,Pullback
3478,bj920719,2025-12-11,score_filtered,0.10628019228285941,0.428340830455996,0.0028452770362960046,22,0.10173501031592802,2.0,1.0,Pullback
3479,sz000905,2025-12-11,score_filtered,0.15127703669728668,0.05211299077519427,0.0015422002893101493,22,-0.030979848820635314,1.0,0.0,Smooth
3480,sz002235,2025-12-12,expired,0.22857142242529987,0.14602597664678352,-0.0033335207498624013,22,-0.14076922490046573,1.0,0.0,Smooth
3481,bj920299,2025-12-12,expired,0.20727968461077337,0.10560390006713705,0.003236716235181693,22,0.05138340152711862,1.0,0.0,Smooth
3482,sh603601,2025-12-12,operable_filtered,0.2240437574949582,0.5683124104565848,0.017027517092701065,22,0.15102476261020747,2.0,1.0,Pullback
3483,bj920961,2025-12-12,operable_filtered,0.16526317596435547,0.24348534131195243,0.0046198665532432535,22,0.01732022132972988,1.0,0.0,Smooth
3484,sz300265,2025-12-12,operable_filtered,0.1948863767518482,0.315971144249548,0.005489003648734399,22,-0.0014663091833031494,2.0,1.0,Pullback
3485,bj920116,2025-12-12,operable_filtered,0.1457858931881626,0.5111484701990696,0.019434283549557677,22,0.2703655457738494,2.0,1.0,Pullback
3486,bj920407,2025-12-12,operable_filtered,0.30653989254664626,0.2917652542681871,-0.00739639146109344,22,-0.030093524462230903,2.0,1.0,Pullback
3487,sz301232,2025-12-12,score_filtered,0.1676147574948857,0.8320687585977007,0.03518803332296742,22,0.4040749758989244,0.0,2.0,Failure
3488,sz001330,2025-12-12,score_filtered,0.4077519308209066,0.2867031161261612,-0.011220606706897337,22,-0.2562396639004294,2.0,1.0,Pullback
3489,bj920665,2025-12-12,score_filtered,0.2907268632883301,0.2357253480330479,-0.006268638693585416,22,-0.2656642076051867,1.0,0.0,Smooth
3490,sz003031,2025-12-12,score_filtered,0.07630956740606398,0.31620760760875044,0.0034198541327114845,22,0.07926235364730827,2.0,1.0,Pullback
3491,sz301286,2025-12-12,score_filtered,0.17070315523887938,0.0007950647781789222,-0.00022926711074326207,22,-0.021213407147807284,1.0,0.0,Smooth
3492,sz300427,2025-12-12,score_filtered,0.1413793234989561,0.033234857254133665,0.001796768168487591,22,0.0377218386050171,1.0,0.0,Smooth
3493,sh603709,2025-12-12,score_filtered,0.3710907626637732,0.18691221920328105,-0.004651207309276738,22,-0.20978700610731826,1.0,0.0,Smooth
3494,sh688719,2025-12-12,score_filtered,0.22837371863624176,0.12283761741347798,0.003917563046940695,22,0.01157496397572233,1.0,0.0,Smooth
3495,sz300445,2025-12-12,score_filtered,0.1488716738561096,0.10440462873562995,0.002458344310616916,22,-0.10899276483639408,1.0,0.0,Smooth
3496,sh600105,2025-12-12,score_filtered,0.11784615149864784,0.8833575698500691,0.02193028768947493,22,0.3563618179534396,0.0,2.0,Failure
3497,sh603163,2025-12-12,score_filtered,0.2300247325630098,0.4972452578845473,0.013019287778448792,22,0.3881722653160673,2.0,1.0,Pullback
3498,bj920576,2025-12-15,expired,0.24023352427338113,0.3157386454977319,0.012388593925857285,22,0.14924281424781083,2.0,1.0,Pullback
3499,bj920665,2025-12-15,traded,0.25526317797209086,0.1316743275244907,-0.0033457795175031633,22,-0.1559263069810829,1.0,0.0,Smooth
3500,sh603601,2025-12-15,expired,0.27732242653043715,0.3044412636182494,0.012091156471868866,22,0.06216505128069372,2.0,1.0,Pullback
3501,sz002639,2025-12-15,expired,0.19274218888145656,0.5949512902142547,0.015386376568995493,22,0.14188476598680166,0.0,2.0,Failure
3502,bj920116,2025-12-15,operable_filtered,0.21596126866594925,0.5892463959729253,0.021516408509316406,22,0.33524690113872446,0.0,2.0,Failure
3503,sh600408,2025-12-15,operable_filtered,0.19881885181365203,0.31372581676696876,-0.004568916712163988,22,-0.1125541112137034,2.0,1.0,Pullback
3504,sz002235,2025-12-15,operable_filtered,0.2077219783786196,0.057506071413318316,-0.0015176931626399522,22,-0.10683760857928692,1.0,0.0,Smooth
3505,sh688720,2025-12-15,operable_filtered,0.09159822944070997,0.6274208496071538,0.010809836508775632,22,0.368021518681489,0.0,2.0,Failure
3506,sz300423,2025-12-15,operable_filtered,0.15255907618243414,0.00558007554057105,0.00042250165455964443,22,-0.05114820198543446,1.0,0.0,Smooth
3507,sz000609,2025-12-15,operable_filtered,0.2384976575429731,0.6986567732081068,-0.008866738495139373,22,-0.16808505436045273,0.0,2.0,Failure
3508,sz002565,2025-12-15,operable_filtered,0.27136754209351405,0.3432919883050869,0.012142393360186592,22,-0.06528192027101787,2.0,1.0,Pullback
3509,bj920299,2025-12-15,operable_filtered,0.12347823433254076,0.19941987584687915,0.004574670751178293,22,0.08846331541544705,1.0,0.0,Smooth
3510,sz002682,2025-12-15,score_filtered,0.3109869410549343,0.6362972602835747,-0.012313365968340052,22,-0.3324022133058704,0.0,2.0,Failure
3511,bj920943,2025-12-15,score_filtered,0.17144643371012583,0.2039791912092218,0.002694793593098251,22,0.02570882337288749,1.0,0.0,Smooth
3512,sz301286,2025-12-15,score_filtered,0.17070315523887938,0.04391457905546803,0.0019979949135414516,22,0.15075593212211613,1.0,0.0,Smooth
3513,bj920575,2025-12-15,score_filtered,0.17391305549684033,0.04322718222975719,0.0030695280037440972,22,-0.027750220885712995,1.0,0.0,Smooth
3514,sh688670,2025-12-15,score_filtered,0.13355588388417713,0.14048014578067125,-0.0016058425502178113,22,-0.06469005028082842,1.0,0.0,Smooth
3515,bj920857,2025-12-15,score_filtered,0.20668321716447519,0.33921332367885015,-0.00596634758336457,22,-0.050193012135881676,2.0,1.0,Pullback
3516,bj920576,2025-12-16,expired,0.24023352427338113,0.37030394900107544,0.01374076730479459,22,0.3160264981503518,2.0,1.0,Pullback
3517,bj920665,2025-12-16,operable_filtered,0.19739079454868266,0.05239777337133755,-0.0018022835080920613,22,-0.06050954272652331,1.0,0.0,Smooth
3518,sz000890,2025-12-16,operable_filtered,0.3427110289444417,0.25691075131866425,-0.006447138630133934,22,-0.25555551729084436,2.0,1.0,Pullback
3519,bj920092,2025-12-16,operable_filtered,0.2771153816810021,0.12495973281807293,0.004764880431224869,22,0.015265351614424771,1.0,0.0,Smooth
3520,sh600879,2025-12-16,operable_filtered,0.16408190571095885,0.8413175410347072,0.030202077872832283,22,0.5605882756850298,0.0,2.0,Failure
3521,sz002235,2025-12-16,operable_filtered,0.14214045182633017,0.03093421783589234,-0.001029629643754322,22,-0.04108306058040212,1.0,0.0,Smooth
3522,sh605255,2025-12-16,score_filtered,0.2955692192395115,0.002246161047059214,0.0008556446663916022,22,-0.03266196810335942,1.0,0.0,Smooth
3523,bj920943,2025-12-16,score_filtered,0.17144643371012583,0.15795535572040142,0.0023543028286341534,22,0.07905294170638966,1.0,0.0,Smooth
3524,sh600151,2025-12-16,score_filtered,0.22368415108677883,0.15939270889644463,0.005713074815474558,22,-0.09492280027818656,1.0,0.0,Smooth
3525,bj920961,2025-12-16,score_filtered,0.19052630976626747,0.3694923427231924,0.005707953566762954,22,0.07869554387632216,2.0,1.0,Pullback
3526,sz301306,2025-12-16,score_filtered,0.1896500995074027,0.6131135172855835,0.016804270077987137,22,0.26697263033184004,0.0,2.0,Failure
3527,bj920726,2025-12-16,score_filtered,0.17536118883845914,0.011360442037531726,0.0009050046174622054,22,0.04293458509680925,1.0,0.0,Smooth
3528,sz300997,2025-12-16,score_filtered,0.2363320841312344,0.15136112083962006,-0.0040244570757428585,22,-0.1452879157166591,1.0,0.0,Smooth
3529,sh688031,2025-12-16,score_filtered,0.1936848083374521,0.8088194165468185,0.03960780962056033,22,0.935911838797796,0.0,2.0,Failure
3530,sh603929,2025-12-16,score_filtered,0.1710119646051052,0.7996491372732238,0.02410401359593429,22,0.634192469409322,0.0,2.0,Failure
3531,bj920184,2025-12-16,score_filtered,0.14746545178071804,0.40842717940006534,0.007723839849620654,22,0.045809532017444754,2.0,1.0,Pullback
3532,sz002565,2025-12-16,score_filtered,0.30854698423315496,0.25870797013398783,0.010641776483966872,22,0.0454844810094337,2.0,1.0,Pullback
3533,bj920491,2025-12-16,score_filtered,0.0599571479599654,0.6447578292569749,0.004651486683520216,22,0.06816586776055278,0.0,2.0,Failure
3534,bj920942,2025-12-16,score_filtered,0.063483280875542,0.5605347514662955,0.005042849900364854,22,0.10572682915060039,2.0,1.0,Pullback
3535,bj920576,2025-12-17,filtered,0.24023352427338113,0.3611508079687833,0.013496666375949758,22,0.17472657011172288,2.0,1.0,Pullback
3536,bj920223,2025-12-17,expired,0.2104900095867635,0.40249900941908834,-0.00462966017204883,22,-0.137860893396199,2.0,1.0,Pullback
3537,bj920726,2025-12-17,operable_filtered,0.1612245209363042,0.11962248775508011,0.003034067727411784,22,0.06171775142283509,1.0,0.0,Smooth
3538,bj920171,2025-12-17,operable_filtered,0.13804345700300663,0.006051070710788364,0.0004372198754911729,22,-0.034568926105533304,1.0,0.0,Smooth
3539,sz002639,2025-12-17,operable_filtered,0.22800411010462535,0.45370509334776843,0.013100267764652637,22,0.12925902754102125,2.0,1.0,Pullback
3540,sz000609,2025-12-17,operable_filtered,0.2384976575429731,0.7813513448766598,-0.01017981678102009,22,-0.21887160101605285,0.0,2.0,Failure
3541,bj920407,2025-12-17,operable_filtered,0.30653989254664626,0.6204847013223793,-0.01108856203852084,22,-0.27888212771971654,0.0,2.0,Failure
3542,sh603778,2025-12-17,score_filtered,0.40945161454795115,0.4481777433147731,0.023705379666106217,22,0.5060728588622287,2.0,1.0,Pullback
3543,sh600151,2025-12-17,score_filtered,0.23728070300188242,0.0701575515885905,0.003950290785846691,22,-0.14488936071259673,1.0,0.0,Smooth
3544,sz000890,2025-12-17,score_filtered,0.2339791598712042,0.15727378564302374,-0.003518162231954993,22,-0.1867284003989832,1.0,0.0,Smooth
3545,sz301292,2025-12-17,score_filtered,0.19208106663098826,0.0179339041133183,-0.0015254115385304867,22,-0.009574484058826993,1.0,0.0,Smooth
3546,sz300551,2025-12-17,score_filtered,0.0945945945945946,0.38397791664699676,0.003600309520413975,22,0.04550887944986126,2.0,1.0,Pullback
3547,sz300997,2025-12-17,score_filtered,0.2363320841312344,0.14781889577658247,-0.003964191692706039,22,-0.06525509182980149,1.0,0.0,Smooth
3548,sz002759,2025-12-17,score_filtered,0.23990711709532947,0.13258379895531514,0.0071031221878028765,22,0.2004766042125985,1.0,0.0,Smooth
3549,sh688048,2025-12-17,score_filtered,0.2080246725200135,0.42047080994014274,-0.006401022463458833,22,-0.1492296206656366,2.0,1.0,Pullback
3550,bj920765,2025-12-17,score_filtered,0.22619048041416145,0.6194201258011856,-0.008160752021196415,22,-0.21570885003175622,0.0,2.0,Failure
3551,sh688031,2025-12-17,score_filtered,0.1936848083374521,0.8325681742753037,0.04121637742717563,22,0.8500236724456347,0.0,2.0,Failure
3552,bj920662,2025-12-17,score_filtered,0.16562146721861606,0.011458974431391211,0.0006602149863791369,22,-0.014578274351946696,1.0,0.0,Smooth
3553,bj920651,2025-12-17,score_filtered,0.16260665744510108,0.7831992952153215,-0.00657562429393788,22,-0.14173914038616675,0.0,2.0,Failure
3554,sh603843,2025-12-17,score_filtered,0.19915849277728817,0.5633876710862598,0.015240743347233727,22,0.13617029133939917,2.0,1.0,Pullback
3555,bj920576,2025-12-18,filtered,0.24023352427338113,0.3654787503246876,0.013590984410423876,22,0.07705714996362212,2.0,1.0,Pullback
3556,bj920407,2025-12-18,expired,0.29205883250517006,0.6413888308022392,-0.008148516507843035,22,-0.19497685307017887,0.0,2.0,Failure
3557,sh600696,2025-12-18,filtered,0.3812154474168466,0.7402659834471116,-0.016992866327368225,22,-0.3191489253771579,0.0,2.0,Failure
3558,sz001270,2025-12-18,operable_filtered,0.08776368491823189,0.9610002400218476,0.03702087794443546,22,1.0234861864026876,0.0,2.0,Failure
3559,bj920223,2025-12-18,operable_filtered,0.25879917593060253,0.47202323326648654,-0.005582164094921339,22,-0.14538866779878523,2.0,1.0,Pullback
3560,bj920885,2025-12-18,operable_filtered,0.2637708828256376,0.011512855820902224,-0.001142898881084534,22,-0.11186438413183597,1.0,0.0,Smooth
3561,bj920857,2025-12-18,operable_filtered,0.20965348764349728,0.6748631696678924,-0.008901851576501684,22,-0.11284577160483833,0.0,2.0,Failure
3562,bj920116,2025-12-18,operable_filtered,0.3036078748110159,0.5920579690810086,0.021648690771468034,22,0.23979000914281023,0.0,2.0,Failure
3563,sh600865,2025-12-18,operable_filtered,0.39264071423021596,0.7444259829664713,-0.017741909827666363,22,-0.23986677365893327,0.0,2.0,Failure
3564,sh688031,2025-12-18,score_filtered,0.1936848083374521,0.8694917866666021,0.043518442817052014,22,1.1003813832392035,0.0,2.0,Failure
3565,bj920943,2025-12-18,score_filtered,0.19451375692959696,0.014527233786798877,-0.0006802273453111484,22,-0.07675600198469223,1.0,0.0,Smooth
3566,sz301306,2025-12-18,score_filtered,0.2732725691663712,0.3025869537699365,0.0113983844665279,22,-0.023351586202671304,2.0,1.0,Pullback
3567,sh600151,2025-12-18,score_filtered,0.2692982278555561,0.02363549948809185,0.0024294418341347336,22,-0.1747881029527839,1.0,0.0,Smooth
3568,sz300456,2025-12-18,score_filtered,0.19610443793920102,0.10286080321711111,-0.0031039208828661843,22,-0.12494081472161433,1.0,0.0,Smooth
3569,sz000609,2025-12-18,score_filtered,0.2384976575429731,0.7706684778970269,-0.00960917105907031,22,-0.2135161897189799,0.0,2.0,Failure
3570,bj920171,2025-12-18,score_filtered,0.14927539066265783,0.00234957058646712,-0.0002850600413457988,22,-0.05906475292362989,1.0,0.0,Smooth
3571,bj920665,2025-12-18,score_filtered,0.19739079454868266,0.009525553191718883,-0.000692722225075835,22,-0.0923845476666888,1.0,0.0,Smooth
3572,sh603929,2025-12-18,score_filtered,0.1710119646051052,0.8105834940419191,0.024626759772435593,22,0.633895615122583,0.0,2.0,Failure
3573,sh688523,2025-12-18,score_filtered,0.34720167173171473,0.5288200569305137,0.02877355920526811,22,0.41242260417813736,2.0,1.0,Pullback
3574,bj920576,2025-12-19,filtered,0.24023352427338113,0.45740435107054445,0.015888671818410915,22,0.35305228608166006,2.0,1.0,Pullback
3575,bj920407,2025-12-19,expired,0.19119625303414878,0.5307297743975323,-0.0061321072725552496,22,-0.10180918002346329,2.0,1.0,Pullback
3576,sz301408,2025-12-19,expired,0.24831987005418446,0.3229270713508169,0.009864527554602208,22,0.10649472231910262,2.0,1.0,Pullback
3577,bj920575,2025-12-19,operable_filtered,0.17764805296925193,0.3149318668125741,0.007853671285467064,22,0.0928412658096327,2.0,1.0,Pullback
3578,bj920943,2025-12-19,operable_filtered,0.16859716164675376,0.0010592709760031127,0.0001907077892493342,22,0.05987358300094825,1.0,0.0,Smooth
3579,sz301148,2025-12-19,operable_filtered,0.12775617751503152,0.581165403045841,0.009558301408024413,22,0.12607876005232188,2.0,1.0,Pullback
3580,bj920885,2025-12-19,operable_filtered,0.23663142804898205,0.004534235788101193,-0.0007071652252061076,22,-0.1459930460861938,1.0,0.0,Smooth
3581,sz002639,2025-12-19,score_filtered,0.27764460654550355,0.3260681636701336,0.010741288521098949,22,0.1729284898393193,2.0,1.0,Pullback
3582,sh603601,2025-12-19,score_filtered,0.3586065489673642,0.1305542456088291,-0.007796319766388341,22,-0.06880734185760717,1.0,0.0,Smooth
3583,bj920751,2025-12-19,score_filtered,0.10214109760583893,0.7456281088159071,0.014063825428152607,22,0.23173567218596625,0.0,2.0,Failure
3584,sz000547,2025-12-19,score_filtered,0.33333334897374794,0.07986425665469765,0.007038928879490955,22,0.19299780191638027,1.0,0.0,Smooth
3585,bj920075,2025-12-19,score_filtered,0.14147057252771714,0.16726751368571913,0.0034695239494525534,22,-0.016660991963972416,1.0,0.0,Smooth
3586,bj920171,2025-12-19,score_filtered,0.14927539066265783,0.010935408344420305,-0.000628724598462887,22,-0.02767294913441165,1.0,0.0,Smooth
3587,sh600865,2025-12-19,score_filtered,0.39610391433346054,0.8039119087087021,-0.019127874832427685,22,-0.2663158115587736,0.0,2.0,Failure
3588,bj920665,2025-12-19,score_filtered,0.15437789233588672,0.01139528229875375,0.0007185737492971573,22,-0.0038810103149191644,1.0,0.0,Smooth
3589,sz301306,2025-12-19,score_filtered,0.27832990874248287,0.2279769065320506,0.009887973725056218,22,0.07989151573416953,1.0,0.0,Smooth
3590,bj920857,2025-12-19,score_filtered,0.20965348764349728,0.6676709644431817,-0.008828316449480022,22,-0.07001693027784184,0.0,2.0,Failure
3591,bj920651,2025-12-19,score_filtered,0.1661764727096068,0.7883700220411335,-0.006547842629378912,22,-0.13900460573879003,0.0,2.0,Failure
3592,bj920023,2025-12-22,expired,0.2876922900860126,0.1381257841532566,-0.00204705655182284,22,-0.08812252486564287,1.0,0.0,Smooth
3593,bj920575,2025-12-22,operable_filtered,0.17764805296925193,0.3288234938964517,0.008068035032914807,22,0.131818161621567,2.0,1.0,Pullback
3594,sh600696,2025-12-22,operable_filtered,0.3812154474168466,0.7905063101787952,-0.018886530122269766,22,-0.36187844867216656,0.0,2.0,Failure
3595,bj920885,2025-12-22,operable_filtered,0.23663142804898205,0.022002223144056643,0.0014015152996454303,22,0.03376206514960378,1.0,0.0,Smooth
3596,sz002149,2025-12-22,operable_filtered,0.2834885365921367,0.0895927995969692,-0.004338309716846155,22,0.125,1.0,0.0,Smooth
3597,bj920363,2025-12-22,operable_filtered,0.12402761484810779,0.20236669948718777,0.0027999340538185425,22,0.07696180841219458,1.0,0.0,Smooth
3598,sh603843,2025-12-22,operable_filtered,0.22720895645961858,0.2905751706680949,0.009397086255124204,22,0.33632286707854275,2.0,1.0,Pullback
3599,bj920274,2025-12-22,operable_filtered,0.36679005323902103,0.5802492427541395,-0.014681636743549274,22,-0.21198421935910283,0.0,2.0,Failure
3600,bj920943,2025-12-22,score_filtered,0.16859716164675376,0.03857747239566989,0.0013339142891884174,22,0.1765625152504069,1.0,0.0,Smooth
3601,sh603601,2025-12-22,score_filtered,0.3586065489673642,0.20569119472222108,-0.00982169778269346,22,0.06679961058139239,1.0,0.0,Smooth
3602,sz301338,2025-12-22,score_filtered,0.10037631000495797,0.5189428244810885,0.010371845545703598,22,0.30060731832057264,2.0,1.0,Pullback
3603,sz002703,2025-12-22,score_filtered,0.19513045601222825,0.2122834967585211,0.006979229668596693,22,0.29310348548447007,1.0,0.0,Smooth
3604,sh603778,2025-12-22,score_filtered,0.40945161454795115,0.054075210084642555,0.0067602274302822835,22,0.10021631973984158,1.0,0.0,Smooth
3605,bj920075,2025-12-22,score_filtered,0.14147057252771714,0.2642676238947689,0.004360165432585418,22,0.021897780700124825,2.0,1.0,Pullback
3606,sh600355,2025-12-22,score_filtered,0.10288065560986637,0.01816113724224877,0.000514737175348646,22,0.0837208466764563,1.0,0.0,Smooth
3607,sh601869,2025-12-22,score_filtered,0.1703422169268358,0.48063753643321794,-0.005640167669191669,22,-0.10700402868584569,2.0,1.0,Pullback
3608,sz002788,2025-12-22,score_filtered,0.402969287979834,0.09095203156139609,-0.007735192608048114,22,-0.0481080751161318,1.0,0.0,Smooth
3609,bj920407,2025-12-23,expired,0.18682434511411067,0.20132691531602553,-0.0027208134611929535,22,-0.0753676870186838,1.0,0.0,Smooth
3610,bj920274,2025-12-23,filtered,0.36679005323902103,0.5473134559021939,-0.013886885730835656,22,-0.28098514763313476,2.0,1.0,Pullback
3611,bj920576,2025-12-23,filtered,0.24023352427338113,0.4647704500704125,0.01626418090807824,22,0.23140701660859797,2.0,1.0,Pullback
3612,bj920885,2025-12-23,operable_filtered,0.23663142804898205,0.013472295509387333,0.0011007173220914433,22,-0.035345487643441253,1.0,0.0,Smooth
3613,sh600696,2025-12-23,operable_filtered,0.37709495346442184,0.7909124708986879,-0.018991695928544917,22,-0.3633720869789775,0.0,2.0,Failure
3614,sz301338,2025-12-23,score_filtered,0.10037631000495797,0.6061866140329768,0.013170384667575995,22,0.3663530606876757,0.0,2.0,Failure
3615,sz000566,2025-12-23,score_filtered,0.22643676245759026,0.6572103486851979,-0.007748714408165515,22,-0.14130430400834626,0.0,2.0,Failure
3616,sh605255,2025-12-23,score_filtered,0.39546830350922046,0.5417760253652532,-0.01651452976310119,22,-0.0640745554603025,2.0,1.0,Pullback
3617,bj920223,2025-12-23,score_filtered,0.2177712943048763,0.5107627968449405,-0.005488427662305005,22,-0.15955762467898238,2.0,1.0,Pullback
3618,bj920857,2025-12-23,score_filtered,0.20965348764349728,0.6454593698775962,-0.008516225975811358,22,-0.1430529180760085,0.0,2.0,Failure
3619,sz002149,2025-12-23,score_filtered,0.2834885365921367,0.20738346416104392,-0.006268065277029583,22,0.036904743739536894,1.0,0.0,Smooth
3620,sz300300,2025-12-23,score_filtered,0.357538826807255,0.9094393882840861,-0.021360717103143478,22,-0.3410271132966194,0.0,2.0,Failure
3621,bj920092,2025-12-23,score_filtered,0.23740873180039582,0.1233127479640651,0.004499327978926089,22,-0.00431862533248184,1.0,0.0,Smooth
3622,sz002853,2025-12-23,score_filtered,0.1270169501503349,0.5756496855019355,0.008723991755511647,22,0.23034739985569352,2.0,1.0,Pullback
3623,bj920023,2025-12-23,score_filtered,0.13457940243479297,0.08270644084453826,-0.0013817106940590817,22,-0.08498020418996632,1.0,0.0,Smooth
3624,sh600865,2025-12-23,score_filtered,0.39610391433346054,0.8310475706605898,-0.01983133878951957,22,-0.29853013311224974,0.0,2.0,Failure
3625,sh603778,2025-12-23,score_filtered,0.45959596272358105,0.00044688403761805606,-0.0006154331881629931,22,-0.07682034413435834,1.0,0.0,Smooth
3626,bj920786,2025-12-23,score_filtered,0.08055554353651218,0.2879226495449213,0.0023423720890925603,22,-0.03286379721426802,2.0,1.0,Pullback
3627,sh603929,2025-12-23,score_filtered,0.1710119646051052,0.7516830264871319,0.022377542118848365,22,0.26759249547473596,0.0,2.0,Failure
3628,bj920274,2025-12-24,filtered,0.37210919138213694,0.48861426985443546,-0.012008930490044095,22,-0.30386595979407316,2.0,1.0,Pullback
3629,bj920885,2025-12-24,filtered,0.23663142804898205,0.011576554858696686,0.0010216714661202505,22,-0.035615338433987564,1.0,0.0,Smooth
3630,sz000551,2025-12-24,expired,0.18256132489526472,0.0082248445935299,0.0006333060695859177,22,-0.06954435408806092,1.0,0.0,Smooth
3631,bj920576,2025-12-24,operable_filtered,0.24023352427338113,0.4456777115496685,0.015788948406411644,22,0.1503283425730948,2.0,1.0,Pullback
3632,sh601869,2025-12-24,operable_filtered,0.1607047167956427,0.02218596258839234,-0.0011132002737411861,22,0.012799987792968759,1.0,0.0,Smooth
3633,bj920575,2025-12-24,operable_filtered,0.17764805296925193,0.48714931025671426,0.01144470790788709,22,0.28179821568788,2.0,1.0,Pullback
3634,bj920943,2025-12-24,operable_filtered,0.16859716164675376,0.007070220919288106,0.0005421809378051049,22,-0.05512909742212446,1.0,0.0,Smooth
3635,sz002163,2025-12-24,score_filtered,0.33479827559838204,0.8447318971263161,-0.017030469647118466,22,-0.19874277319632894,0.0,2.0,Failure
3636,sh600343,2025-12-24,score_filtered,0.3720518849799822,0.6140057062860373,-0.019223136646126186,22,-0.21100071577367163,0.0,2.0,Failure
3637,sh605255,2025-12-24,score_filtered,0.39546830350922046,0.6932290084853554,-0.01900584887476343,22,-0.15914936264513724,0.0,2.0,Failure
3638,sz002703,2025-12-24,score_filtered,0.22017391038977582,0.0034733877289779835,0.0007233112599385114,22,0.047125354965052546,1.0,0.0,Smooth
3639,sz000547,2025-12-24,score_filtered,0.33333334897374794,0.10417604244976797,-0.00656428774712535,22,0.08320309097762268,1.0,0.0,Smooth
3640,sz301123,2025-12-24,score_filtered,0.2136584956471513,0.8484692460990289,-0.010431014486808412,22,-0.18633147192564137,0.0,2.0,Failure
3641,bj920023,2025-12-24,score_filtered,0.12641510418531654,0.062335976493470335,-0.001139880467490325,22,-0.057731904840605086,1.0,0.0,Smooth
3642,sz002149,2025-12-24,score_filtered,0.2834885365921367,0.23036526432266657,-0.00656129513530573,22,0.0010822345505383524,1.0,0.0,Smooth
3643,sh603698,2025-12-24,score_filtered,0.2811983508528291,0.1406765866520695,-0.005105212376605982,22,-0.10048098625118607,1.0,0.0,Smooth
3644,bj920885,2025-12-25,filtered,0.23663142804898205,0.004145350667457248,0.0006200319088867717,22,-0.043848963073713776,1.0,0.0,Smooth
3645,bj920576,2025-12-25,expired,0.2345499997356668,0.4616250585537288,0.01612896636955602,22,0.2340161112347685,2.0,1.0,Pullback
3646,bj920092,2025-12-25,operable_filtered,0.23740873180039582,0.048117099632005944,0.0028110328593032178,22,0.018079935732017383,1.0,0.0,Smooth
3647,sh605598,2025-12-25,operable_filtered,0.25054916064829447,0.3247349688297866,-0.006669197188213963,22,-0.09972092034100444,2.0,1.0,Pullback
3648,sh605255,2025-12-25,operable_filtered,0.39546830350922046,0.7711500604598228,-0.02065215023798822,22,-0.23298921874793577,0.0,2.0,Failure
3649,bj920274,2025-12-25,operable_filtered,0.37280296515948197,0.4359314209232634,-0.009625789859477912,22,-0.37352244732944584,2.0,1.0,Pullback
3650,bj920943,2025-12-25,operable_filtered,0.14663145420653195,0.019564480623168068,0.0008776531454798312,22,-0.03475745701128419,1.0,0.0,Smooth
3651,sh603163,2025-12-25,operable_filtered,0.2300247325630098,0.6855746117520316,0.014652594127524869,22,0.2507228621517319,0.0,2.0,Failure
3652,bj920098,2025-12-25,score_filtered,0.11834496230944588,0.2113166803775096,-0.002220835419144818,22,-0.0894040069707217,1.0,0.0,Smooth
3653,sz002149,2025-12-25,score_filtered,0.2834885365921367,0.12605683572769688,-0.004973133539948227,22,0.053441643121769467,1.0,0.0,Smooth
3654,sh603122,2025-12-25,score_filtered,0.3273941915358893,0.8451667361662705,-0.018125166168123246,22,-0.2708006178372433,0.0,2.0,Failure
3655,sz300751,2025-12-25,score_filtered,0.09779905474357058,0.850393734897638,0.030552670346869794,22,1.0001168264930382,0.0,2.0,Failure
3656,sz000609,2025-12-25,score_filtered,0.1963927028430963,0.7264955519362772,-0.00821558002660125,22,-0.17685588564903365,0.0,2.0,Failure
3657,sh603216,2025-12-25,score_filtered,0.16944257639103058,0.47052354302706023,0.009792020576706263,22,0.17601242727738264,2.0,1.0,Pullback
3658,bj920662,2025-12-25,score_filtered,0.16750074564583262,0.5073445960823426,-0.004747693614664007,22,-0.15440734332668027,2.0,1.0,Pullback
3659,sh600343,2025-12-25,score_filtered,0.3720518849799822,0.6946214967983299,-0.021118496944598317,22,-0.2453745116725531,0.0,2.0,Failure
3660,sz300668,2025-12-25,score_filtered,0.19663085674576522,0.0033261891862450543,-0.0004895285742065128,22,-0.05001866766683216,1.0,0.0,Smooth
3661,sz301225,2025-12-26,operable_filtered,0.1224018321119107,0.14508670451215477,0.003298677646544462,22,0.060895833228199914,1.0,0.0,Smooth
3662,bj920274,2025-12-26,operable_filtered,0.2735065762393729,0.580393522857905,-0.004835990607147424,22,-0.11635122721878266,0.0,2.0,Failure
3663,sz002703,2025-12-26,operable_filtered,0.25600002122961957,0.08493892066647502,-0.0038038524897272964,22,-0.14868206376687365,1.0,0.0,Smooth
3664,sz002201,2025-12-26,operable_filtered,0.1232227081156932,0.7645694202175407,0.01687423013634409,22,0.3024085933797307,0.0,2.0,Failure
3665,bj920857,2025-12-26,operable_filtered,0.2557066117339848,0.7065211333088136,-0.010600218178241185,22,-0.1925394369659834,0.0,2.0,Failure
3666,sz301246,2025-12-26,operable_filtered,0.24140328384606272,0.5851537885020899,-0.005388387598466777,22,-0.10572505868703641,0.0,2.0,Failure
3667,bj920662,2025-12-26,operable_filtered,0.17221077925379719,0.499942080237599,-0.004402148909838831,22,-0.10898477517568739,2.0,1.0,Pullback
3668,sh600105,2025-12-26,score_filtered,0.17815387432391827,0.00305290272616765,-0.00047524901964192737,22,0.02792660545638892,1.0,0.0,Smooth
3669,sh600879,2025-12-26,score_filtered,0.16408190571095885,0.47415985862954524,0.014731399355888346,22,0.35373441140736905,2.0,1.0,Pullback
3670,sz300819,2025-12-26,score_filtered,0.16992143264790086,0.3160704329918106,0.004643979170765122,22,0.008403339794098352,2.0,1.0,Pullback
3671,sh600179,2025-12-26,score_filtered,0.2239263868739309,0.4574782117283299,-0.003835330791801897,22,-0.13050846923394177,2.0,1.0,Pullback
3672,sz301292,2025-12-26,score_filtered,0.2796273000419674,0.9127699982125964,-0.01266134024376646,22,-0.2358966633858156,0.0,2.0,Failure
3673,sz002363,2025-12-26,score_filtered,0.1616070979255795,0.23359503126533576,-0.0027505187942907902,22,-0.10969636448330045,1.0,0.0,Smooth
3674,sz000510,2025-12-26,score_filtered,0.12445519333172432,0.8767260731028714,0.025253410635868074,22,0.37665556836068603,0.0,2.0,Failure
3675,sh600343,2025-12-26,score_filtered,0.3720518849799822,0.7152780587672636,-0.021604749715013725,22,-0.23732423765580912,0.0,2.0,Failure
3676,bj920510,2025-12-26,score_filtered,0.27265503386150314,0.44693772608998505,-0.005511232232089885,22,-0.10315470890200806,2.0,1.0,Pullback
3677,bj920023,2025-12-26,score_filtered,0.09393346507475846,0.0012633274107342052,-0.0001289710980150442,22,-0.026639367088582833,1.0,0.0,Smooth
3678,sz301123,2025-12-26,score_filtered,0.2136584956471513,0.6966228984186711,-0.008500341413305721,22,-0.13998044801006815,0.0,2.0,Failure
3679,sh603843,2025-12-29,breakout_support_filtered,0.2468443479148306,0.25286561415740394,-0.0055943446631076515,22,-0.031021911624498077,2.0,1.0,Pullback
3680,sz002703,2025-12-29,expired,0.2730434915293818,0.13637260419775166,-0.005099414407291031,22,-0.0649885607095092,1.0,0.0,Smooth
3681,bj920077,2025-12-29,operable_filtered,0.13467338475123622,0.31410977605142554,0.003684162819144508,22,0.018612517328042255,2.0,1.0,Pullback
3682,sh603778,2025-12-29,operable_filtered,0.49891772412017865,0.4275425785560484,-0.021311051026251013,22,-0.008578394133967882,2.0,1.0,Pullback
3683,sz301225,2025-12-29,operable_filtered,0.15550866514211595,0.017217025082742587,0.0010487235087790017,22,-0.05683646343794979,1.0,0.0,Smooth
3684,sz300819,2025-12-29,operable_filtered,0.16992143264790086,0.2780607154423377,0.004299975230120775,22,0.006937090165582083,2.0,1.0,Pullback
3685,sh600343,2025-12-29,operable_filtered,0.3720518849799822,0.6988701516709938,-0.021202190199101387,22,-0.2539487398587741,0.0,2.0,Failure
3686,sh605255,2025-12-29,operable_filtered,0.39546830350922046,0.776444572999922,-0.020557345931476432,22,-0.3793688886020935,0.0,2.0,Failure
3687,sz300751,2025-12-29,score_filtered,0.11426272149380026,0.8685483326279566,0.03106468043842367,22,0.6164496571975333,0.0,2.0,Failure
3688,sz301005,2025-12-29,score_filtered,0.14989714725629297,0.37992530174262984,0.011014480961733096,22,0.2119973193625091,2.0,1.0,Pullback
3689,sz002361,2025-12-29,score_filtered,0.3546607638800123,0.3754309599159722,-0.013890237723379524,22,-0.08742333946761427,2.0,1.0,Pullback
3690,sh603601,2025-12-29,score_filtered,0.3586065489673642,0.3358488855839643,-0.012200780365443996,22,-0.05192629039767338,2.0,1.0,Pullback
3691,sh688523,2025-12-29,score_filtered,0.34720167173171473,0.01729169482376336,-0.002756557168440861,22,0.22927330834765103,1.0,0.0,Smooth
3692,sz300699,2025-12-29,score_filtered,0.14088986055907782,0.11227480088406239,0.002329857664034885,22,0.016030561840854496,1.0,0.0,Smooth
3693,sz002591,2025-12-30,traded,0.26800845820254404,0.2564599421128422,0.0036770628389363952,22,-0.05418719992877974,2.0,1.0,Pullback
3694,sh603843,2025-12-30,operable_filtered,0.2468443479148306,0.37756887397190864,-0.006781877348638879,22,-0.024475502031601426,2.0,1.0,Pullback
3695,bj920510,2025-12-30,expired,0.2162741354135822,0.5915730181561265,-0.005649278428743972,22,-0.14945261092058304,0.0,2.0,Failure
3696,sz300456,2025-12-30,operable_filtered,0.19487652084727924,0.08818104732067555,-0.00275643145078109,22,-0.07505362458279308,1.0,0.0,Smooth
3697,sh605069,2025-12-30,operable_filtered,0.17439022702450233,0.7241411962759736,-0.006971358440939984,22,-0.113605448840984,0.0,2.0,Failure
3698,sz002703,2025-12-30,operable_filtered,0.28278257950492525,0.2831558851638979,-0.007692027291110444,22,-0.018446653450407524,2.0,1.0,Pullback
3699,sz002471,2025-12-30,operable_filtered,0.24248702261680732,0.003157150878791426,0.0005297201561635155,22,0.07356598070296028,1.0,0.0,Smooth
3700,sz301225,2025-12-30,operable_filtered,0.1641757994883783,0.00042542203091566755,-0.00017740667419907828,22,-0.14066464519212618,1.0,0.0,Smooth
3701,sh603122,2025-12-30,operable_filtered,0.3226414806437942,0.7904961593374715,-0.014851604509841595,22,-0.2815573376758347,0.0,2.0,Failure
3702,bj920533,2025-12-30,operable_filtered,0.12964090534860945,0.7070155499296524,-0.005115116984755826,22,-0.09045064523447166,0.0,2.0,Failure
3703,sz300503,2025-12-30,score_filtered,0.2404554641129743,0.09515435564745123,-0.0031788435512142455,22,-0.10310733786818538,1.0,0.0,Smooth
3704,sz002788,2025-12-30,score_filtered,0.43831743269399065,0.666545132779898,-0.025966883241642775,22,-0.2625118196177738,0.0,2.0,Failure
3705,sh605255,2025-12-30,score_filtered,0.3283049524420672,0.747186633417168,-0.018274066276919434,22,-0.3048619251456164,0.0,2.0,Failure
3706,sh688160,2025-12-30,score_filtered,0.22418603231740553,0.35120535344203596,-0.005995418581727467,22,-0.17691805479956457,2.0,1.0,Pullback
3707,sh603216,2025-12-30,score_filtered,0.1893269775791882,0.14555321247908326,0.0046490976161400145,22,-0.040425564380402235,1.0,0.0,Smooth
3708,bj920857,2025-12-30,score_filtered,0.2627253826630712,0.7717057815768916,-0.012799756976988787,22,-0.2438541765923532,0.0,2.0,Failure
3709,bj920576,2025-12-31,breakout_support_filtered,0.2345499997356668,0.12182184238188432,0.005650421644542344,22,0.4866706493494166,1.0,0.0,Smooth
3710,sz002969,2025-12-31,expired,0.16097557253953887,0.9345546776885263,0.03832424745494015,22,1.1934306317827912,0.0,2.0,Failure
3711,bj920130,2025-12-31,operable_filtered,0.24471295611853267,0.2518734077384217,-0.004599688485682645,22,-0.05243302065814681,2.0,1.0,Pullback
3712,sz300503,2025-12-31,operable_filtered,0.2404554641129743,0.12048813442771045,-0.003638497085493837,22,-0.03808113054898998,1.0,0.0,Smooth
3713,sh603778,2025-12-31,operable_filtered,0.49891772412017865,0.6225498031452342,-0.025826931270622386,22,-0.16580583112714053,0.0,2.0,Failure
3714,sz301225,2025-12-31,operable_filtered,0.1850659025545055,0.0010110931280852276,-0.00027566806595458074,22,-0.07233306161707054,1.0,0.0,Smooth
3715,bj920510,2025-12-31,operable_filtered,0.15406031611892865,0.5918949910097712,-0.005654214943819227,22,-0.09099998474121096,0.0,2.0,Failure
3716,sz002149,2025-12-31,operable_filtered,0.2834885365921367,0.006568446715214726,0.0013705732331236397,22,0.2389745881320231,1.0,0.0,Smooth
3717,sz300885,2025-12-31,operable_filtered,0.27982407933731224,0.8129933221468346,-0.013498220523005545,22,-0.23618938187388727,0.0,2.0,Failure
3718,sz002471,2025-12-31,score_filtered,0.24248702261680732,0.051963879656790946,0.002479811032255275,22,0.27800276140844193,1.0,0.0,Smooth
3719,sh688160,2025-12-31,score_filtered,0.22994187820789425,0.3695214570106281,-0.006250194976117932,22,-0.10306118296928146,2.0,1.0,Pullback
3720,sh603843,2025-12-31,score_filtered,0.2468443479148306,0.38597694280873085,-0.006852597443325785,22,0.03900714046752185,2.0,1.0,Pullback
3721,bj920270,2025-12-31,score_filtered,0.2873218263786174,0.5407784130540101,-0.007351076111571091,22,-0.12969752352367547,2.0,1.0,Pullback
3722,sz000547,2025-12-31,score_filtered,0.33333334897374794,0.48770554345437334,-0.0142256940051037,22,-0.021160844141257296,2.0,1.0,Pullback
3723,bj920145,2025-12-31,score_filtered,0.29984235439876467,0.8493436342313629,-0.012462857320177913,22,-0.2973421872964086,0.0,2.0,Failure
3724,bj920533,2025-12-31,score_filtered,0.11728398041506259,0.6853986219917054,-0.004934213410580701,22,-0.07083336339037571,0.0,2.0,Failure
3725,sz000559,2025-12-31,score_filtered,0.19495413526322025,0.05734345225714588,-0.002066290470490411,22,0.029377202500128208,1.0,0.0,Smooth
3726,bj920179,2026-01-05,expired,0.13074858469485623,0.45706640967921663,0.009022441926624436,22,0.08489202721239497,2.0,1.0,Pullback
3727,sh603778,2026-01-05,expired,0.49891772412017865,0.6346961024304993,-0.02612709466711026,22,-0.21690136607358568,0.0,2.0,Failure
3728,sz002413,2026-01-05,operable_filtered,0.3494332570895271,0.44140150501836994,-0.01300741868103771,22,-0.06451610067862812,2.0,1.0,Pullback
3729,sz300885,2026-01-05,operable_filtered,0.2764429321906729,0.7789924127749273,-0.012304043979341494,22,-0.18617984882103522,0.0,2.0,Failure
3730,sz002969,2026-01-05,score_filtered,0.16097557253953887,0.9252195451651412,0.037601166484873785,21,0.9940278596940648,0.0,2.0,Failure
3731,bj920394,2026-01-05,score_filtered,0.12503700109484855,0.685919955460895,0.014109245523263137,22,0.33295031505875405,0.0,2.0,Failure
3732,sz301225,2026-01-05,score_filtered,0.19223292987137397,0.015986382503084262,-0.0011473236199395958,22,-0.07500486998402767,1.0,0.0,Smooth
3733,bj920925,2026-01-05,score_filtered,0.3810810913910737,0.7860361929252666,-0.011380299120469351,22,-0.3049601693510682,0.0,2.0,Failure
3734,bj920575,2026-01-05,score_filtered,0.17764805296925193,0.3596621320827498,0.008773090703879521,22,0.29473677752897975,2.0,1.0,Pullback
3735,sz002347,2026-01-05,score_filtered,0.3404401528371319,0.8330612651974006,-0.01808938425894312,22,-0.26527573765855195,0.0,2.0,Failure
3736,bj920670,2026-01-05,score_filtered,0.3388888747603805,0.006688521272154357,-0.0009317325333955436,22,0.0005750563101105666,1.0,0.0,Smooth
3737,sz300599,2026-01-05,score_filtered,0.09145296686046905,0.559179391135496,0.0065597944112753175,22,0.23230092813399383,2.0,1.0,Pullback
3738,bj920300,2026-01-05,score_filtered,0.22263155485454358,0.6692865911315743,-0.006154920582167931,22,-0.10259504167620148,0.0,2.0,Failure
3739,sh603608,2026-01-05,score_filtered,0.16108953984807411,0.4336956022893045,0.00899246290564132,22,0.085953846761331,2.0,1.0,Pullback
3740,sh688258,2026-01-05,score_filtered,0.2535745956152286,0.4550494270224713,0.016926938360584304,22,0.3215463214978518,2.0,1.0,Pullback
3741,sh600696,2026-01-06,filtered,0.381250003259629,0.8674740437766115,-0.022963467444949745,22,-0.286231871225633,0.0,2.0,Failure
3742,bj920179,2026-01-06,expired,0.13074858469485623,0.46521859395684684,0.009119748274077664,22,0.13636361759790838,2.0,1.0,Pullback
3743,bj920092,2026-01-06,traded,0.2828467192663307,0.675377636379733,-0.008640760235687125,22,-0.12133697802269783,0.0,2.0,Failure
3744,sz300430,2026-01-06,expired,0.1987486052030533,0.8364344185813849,-0.00916515671374247,22,-0.12057023122038457,0.0,2.0,Failure
3745,bj920576,2026-01-06,traded,0.2629925004361498,0.06171642143733336,-0.0027195421869589584,22,-0.06510867243227747,1.0,0.0,Smooth
3746,sz002413,2026-01-06,operable_filtered,0.3494332570895271,0.4345436594089408,-0.012900027483111937,22,-0.12327944816326086,2.0,1.0,Pullback
3747,sz002149,2026-01-06,operable_filtered,0.2834885365921367,0.11784499671757132,0.0063632700251532726,22,0.15750994534710916,1.0,0.0,Smooth
3748,sz301005,2026-01-06,operable_filtered,0.2564226451403039,0.024159054952941017,-0.0020593589944425113,22,0.03788535775298296,1.0,0.0,Smooth
3749,sz301330,2026-01-06,operable_filtered,0.24198022219214108,0.692403002796466,-0.008897908185406391,22,-0.1188256917916457,0.0,2.0,Failure
3750,bj920199,2026-01-07,filtered,0.3262492019707702,0.7535174212636004,-0.012405839334474329,22,-0.2760627639847619,0.0,2.0,Failure
3751,bj920092,2026-01-07,breakout_support_filtered,0.2828467192663307,0.7414227801038134,-0.009668504753331805,22,-0.16501123441280652,0.0,2.0,Failure
3752,sh600775,2026-01-07,filtered,0.28692618218490773,0.6666232309641615,-0.012648746053106407,22,-0.20122971216412966,0.0,2.0,Failure
3753,bj920179,2026-01-07,expired,0.1649598395988047,0.3777266463720166,0.008006470371518698,22,0.0582198697234948,2.0,1.0,Pullback
3754,sz002788,2026-01-07,operable_filtered,0.43831743269399065,0.7096886711924303,-0.026608788196414802,22,-0.40414698809943495,0.0,2.0,Failure
3755,bj920576,2026-01-07,operable_filtered,0.28120217028641303,0.19473191238670795,-0.005126299138838875,22,-0.1611138066400556,1.0,0.0,Smooth
3756,sh688766,2026-01-07,operable_filtered,0.11545061150466368,0.8590694251638296,0.028096631982895755,22,0.4576719576719577,0.0,2.0,Failure
3757,bj920857,2026-01-07,operable_filtered,0.2705405467265361,0.800764107737994,-0.013298580519280435,22,-0.26999998092651367,0.0,2.0,Failure
3758,sz301363,2026-01-07,operable_filtered,0.27736717166622543,0.6974199475564484,-0.011029080861416891,22,-0.278534570401319,0.0,2.0,Failure
3759,sz301213,2026-01-07,operable_filtered,0.33837579343778934,0.7065720679877876,-0.01343043474177579,22,-0.11249996366954984,0.0,2.0,Failure
3760,bj920751,2026-01-07,operable_filtered,0.09866100492812394,0.1029858359701008,0.0018150400164131495,22,0.0015582005477143834,1.0,0.0,Smooth
3761,sz000608,2026-01-07,score_filtered,0.06153846247896873,0.5800545422881844,0.006020304254923981,22,0.14375000977888686,2.0,1.0,Pullback
3762,sh600266,2026-01-07,score_filtered,0.24666665395100912,0.6854050323995329,-0.009143475906300073,22,-0.14666663275824654,0.0,2.0,Failure
3763,sz002173,2026-01-08,filtered,0.2560689381789048,0.5324523341375325,-0.009371803872385629,22,-0.1561778274461747,2.0,1.0,Pullback
3764,sh600337,2026-01-08,traded,0.3934426403422775,0.7685873067232835,-0.01584036690311097,22,-0.29687497186629663,0.0,2.0,Failure
3765,bj920199,2026-01-08,filtered,0.303071007334218,0.7042275948130116,-0.01017455896669294,22,-0.1482366772321395,0.0,2.0,Failure
3766,bj920179,2026-01-08,expired,0.1649598395988047,0.3677542984393102,0.008369727350739568,21,0.14063204626478698,2.0,1.0,Pullback
3767,sz001331,2026-01-08,expired,0.19384613037109374,0.00016063405713140355,0.00010709732017005646,22,-0.023398786502760394,1.0,0.0,Smooth
3768,sh600696,2026-01-08,filtered,0.381250003259629,0.8814467054974933,-0.023352159280841757,22,-0.37049180750755883,0.0,2.0,Failure
3769,sh600775,2026-01-08,filtered,0.28692618218490773,0.5837897348530261,-0.01114107100206009,22,-0.1959385197236292,0.0,2.0,Failure
3770,sz002149,2026-01-08,expired,0.2834885365921367,0.32058769266831777,0.01129890408664621,22,0.08105967429213923,2.0,1.0,Pullback
3771,sz301363,2026-01-08,expired,0.22164178304260818,0.6578407118653209,-0.00837934560140987,22,-0.14380819762712616,0.0,2.0,Failure
3772,sz301005,2026-01-08,expired,0.2564226451403039,0.39961561866104345,-0.008206084925242732,22,-0.03943072648762036,2.0,1.0,Pullback
3773,sz002788,2026-01-08,operable_filtered,0.43831743269399065,0.6486433034222938,-0.023375890577468614,22,-0.39560032554359437,0.0,2.0,Failure
3774,bj920576,2026-01-08,operable_filtered,0.28144388150347327,0.23860742680226044,-0.00591410882845298,22,-0.0939387310811548,1.0,0.0,Smooth
3775,sz002195,2026-01-08,operable_filtered,0.2615617830948316,0.3105435717534635,-0.0071812957950284076,22,-0.02028985801033878,2.0,1.0,Pullback
3776,sz002792,2026-01-08,operable_filtered,0.3578732180786802,0.32605539553968577,-0.01022997500973348,22,-0.1658439983350396,2.0,1.0,Pullback
3777,sh688037,2026-01-08,operable_filtered,0.17590727722075208,0.010329727757645069,0.0009356670222338391,22,0.043333366735657686,1.0,0.0,Smooth
3778,bj920199,2026-01-09,filtered,0.303071007334218,0.6249919879822399,-0.009087466317655201,22,-0.23112534860226597,0.0,2.0,Failure
3779,sh600696,2026-01-09,filtered,0.381250003259629,0.8408012884523258,-0.021464529537241175,22,-0.3687500153668223,0.0,2.0,Failure
3780,sz002173,2026-01-09,filtered,0.2560689381789048,0.43771021450420955,-0.007821473291457827,22,-0.2168154096024557,2.0,1.0,Pullback
3781,sh600775,2026-01-09,filtered,0.28692618218490773,0.5005652996708609,-0.009349800428859549,22,-0.26151486033406124,2.0,1.0,Pullback
3782,sh603938,2026-01-09,expired,0.15606161259744342,0.0023612297444258745,-0.0003840867104835105,22,-0.00790659219485057,1.0,0.0,Smooth
3783,sz001331,2026-01-09,operable_filtered,0.18747087514919555,0.0024656558153058894,0.00041472140262467606,22,-0.05850247727594049,1.0,0.0,Smooth
3784,sz002324,2026-01-09,operable_filtered,0.2648270232015443,0.569017085424814,-0.008237204764922538,22,-0.24644349304013258,2.0,1.0,Pullback
3785,sh688221,2026-01-09,operable_filtered,0.2768512129350559,0.613819457340629,-0.00966188408963632,22,-0.1407195902577496,0.0,2.0,Failure
3786,sh603015,2026-01-09,operable_filtered,0.214133889389993,0.4536054869880648,-0.006058276742464684,22,-0.20616366510930262,2.0,1.0,Pullback
3787,sz301079,2026-01-09,score_filtered,0.3845167016737025,0.5619209762381974,-0.014909967866425962,22,-0.38023949816117886,2.0,1.0,Pullback
3788,bj920751,2026-01-09,score_filtered,0.09866100492812394,0.05076992091823007,0.001260960179650972,22,-0.06474817577192393,1.0,0.0,Smooth
3789,sz300503,2026-01-09,score_filtered,0.2543871572713034,0.5397146484320743,-0.009045263864462071,22,-0.1728020497486772,2.0,1.0,Pullback
3790,sz300878,2026-01-09,score_filtered,0.2805173720344353,0.7202216872119106,-0.012411565263932648,22,-0.15264130869417036,0.0,2.0,Failure
3791,bj920199,2026-01-12,filtered,0.25211597888994713,0.6531796952587983,-0.006727702692157397,22,-0.15863449462269386,0.0,2.0,Failure
3792,bj920751,2026-01-12,traded,0.08610217460233416,0.17507120467734993,0.0022022689711268953,22,0.0793843273421162,1.0,0.0,Smooth
3793,sh600696,2026-01-12,filtered,0.3486841960792064,0.7731822807088397,-0.01791513238709797,22,-0.30263160784158716,0.0,2.0,Failure
3794,bj920396,2026-01-12,filtered,0.19459456939508224,0.7645349337838061,-0.0062110109850434985,22,-0.12653595170164422,0.0,2.0,Failure
3795,sz300986,2026-01-12,expired,0.3086717826880409,0.00016277992889968118,0.00026820304596422695,22,0.1303370577826608,1.0,0.0,Smooth
3796,sz301079,2026-01-12,expired,0.3508270952038299,0.5606385038647709,-0.010782941997185514,22,-0.3003294779753397,2.0,1.0,Pullback
3797,bj920640,2026-01-12,operable_filtered,0.17351849873860678,0.007380248464521566,-0.0004888706765936962,22,-0.04607723550521936,1.0,0.0,Smooth
3798,bj920092,2026-01-12,operable_filtered,0.2828467192663307,0.7031879193447255,-0.008527848480739945,22,-0.16222602252982787,0.0,2.0,Failure
3799,sh688387,2026-01-12,operable_filtered,0.2527076001818523,0.5168767283817076,-0.00883475350783842,22,-0.19637301336784618,2.0,1.0,Pullback
3800,bj920576,2026-01-12,operable_filtered,0.26151262812253806,0.33557377988220394,-0.006694612314682919,22,-0.16686563823946676,2.0,1.0,Pullback
3801,bj920077,2026-01-12,operable_filtered,0.1334650972163269,0.12754726058186094,-0.002017106342995556,22,-0.022234553842098936,1.0,0.0,Smooth
3802,bj920021,2026-01-13,expired,0.22254971053840364,0.5989886685359427,0.016089048534463565,22,0.12306559424101571,0.0,2.0,Failure
3803,bj920670,2026-01-13,expired,0.2568376208058809,0.16183829426214003,-0.004020921635049407,22,-0.1449978333226155,1.0,0.0,Smooth
3804,bj920199,2026-01-13,filtered,0.20895240420386904,0.6015996274260915,-0.005552856747166367,22,-0.13652223026424704,0.0,2.0,Failure
3805,bj920270,2026-01-13,filtered,0.3075769246013491,0.7862136561892696,-0.0094639450533369,22,-0.12186901053718235,0.0,2.0,Failure
3806,bj920116,2026-01-13,expired,0.31693013560168726,0.2429038900283752,-0.005471922388591865,22,-0.29109589041095896,1.0,0.0,Smooth
3807,bj920207,2026-01-13,filtered,0.36148796897090235,0.5642146665196766,-0.008208106906387633,22,-0.25797469706474985,2.0,1.0,Pullback
3808,bj920227,2026-01-13,expired,0.30995166051040357,0.17648699190704387,-0.005652957959542835,22,-0.323600538987451,1.0,0.0,Smooth
3809,bj920394,2026-01-13,filtered,0.17771532717999386,0.01904049597567281,0.0009231710706487595,22,-0.0005224447971700075,1.0,0.0,Smooth
3810,bj920575,2026-01-13,traded,0.1631147378876911,0.02969661062946638,0.0014422329039699905,22,-0.12655971858278559,1.0,0.0,Smooth
3811,sz301005,2026-01-13,expired,0.2696398053708078,0.6773783192802691,-0.011795656020289778,22,-0.26266008032844257,0.0,2.0,Failure
3812,bj920367,2026-01-13,operable_filtered,0.25466664632161456,0.546240632460004,-0.0065312613675802145,22,-0.21178572518484928,2.0,1.0,Pullback
3813,sh600776,2026-01-13,operable_filtered,0.3159837363502064,0.3785672295150847,-0.008335072860240149,22,-0.29425288095506574,2.0,1.0,Pullback
3814,sz300063,2026-01-13,operable_filtered,0.26862423840883765,0.22437515785979256,0.007010414431792909,22,-0.1428571819389517,1.0,0.0,Smooth
3815,sz300785,2026-01-13,operable_filtered,0.26510904786719813,4.876853173185758e-06,2.866668096072237e-05,22,-0.22755985787080868,1.0,0.0,Smooth
3816,sz301378,2026-01-13,operable_filtered,0.26158634803777187,0.17684480011292825,-0.004839061914326179,22,-0.26415097899498696,1.0,0.0,Smooth
3817,sz003041,2026-01-13,operable_filtered,0.21297295029098923,0.06446960919869449,0.0020008181061496933,22,-0.05970590254839725,1.0,0.0,Smooth
3818,sh603778,2026-01-13,operable_filtered,0.49891772412017865,0.5552150115077912,-0.02235613808285604,22,-0.49819624127080064,0.0,2.0,Failure
3819,bj920670,2026-01-14,expired,0.20448312424046344,0.030396351022370927,-0.0014204059101629864,22,-0.004046531201502224,1.0,0.0,Smooth
3820,bj920021,2026-01-14,expired,0.21851850439001014,0.807166200847254,0.019475292115039042,22,0.35392764835696133,0.0,2.0,Failure
3821,bj920394,2026-01-14,filtered,0.17771532717999386,0.017616863023247387,0.0008882198675839125,22,0.07547169811320753,1.0,0.0,Smooth
3822,bj920169,2026-01-14,expired,0.2849109162695735,0.22252082201443868,-0.0038325138536349436,22,-0.1635761583269495,1.0,0.0,Smooth
3823,bj920207,2026-01-14,filtered,0.22186665852864584,0.5479071445496393,-0.0051850671209211965,22,-0.06397301384687315,2.0,1.0,Pullback
3824,bj920227,2026-01-14,expired,0.2594103764009092,0.08725889388313934,-0.002005097182517955,22,-0.1342696286319347,1.0,0.0,Smooth
3825,sz301378,2026-01-14,expired,0.22421089138669828,0.09145253520514296,-0.0023455178290296462,22,-0.14864865860037924,1.0,0.0,Smooth
3826,bj920046,2026-01-14,breakout_support_filtered,0.22100311352246219,0.3011104130986829,0.010147411023293017,22,0.42644719698251965,2.0,1.0,Pullback
3827,bj920088,2026-01-14,traded,0.3104325719813281,0.3414873678513408,0.01216640121983125,22,0.0711990361877548,2.0,1.0,Pullback
3828,sz301159,2026-01-14,expired,0.18382992418995345,0.016062141663174212,0.0009139021070790458,22,-0.09529172200696723,1.0,0.0,Smooth
3829,sz300063,2026-01-14,expired,0.1568627524311749,0.34567179951729643,0.008243834036459063,22,0.023672947440024128,2.0,1.0,Pullback
3830,sz301001,2026-01-14,traded,0.15966384653112392,0.07776970304659814,0.00155625946039858,22,-0.06877424980003521,1.0,0.0,Smooth
3831,sz300785,2026-01-14,expired,0.2086893531122789,0.02798404341915084,0.0018076252996580679,22,-0.09223666197451141,1.0,0.0,Smooth
3832,bj920130,2026-01-14,operable_filtered,0.19392522174520113,0.4419800140054776,-0.004090278072943678,22,-0.09589040624944778,2.0,1.0,Pullback
3833,bj920116,2026-01-14,operable_filtered,0.2400724438653476,0.20235205620207497,-0.003516435778735691,22,-0.10814560824884312,1.0,0.0,Smooth
3834,bj920392,2026-01-14,operable_filtered,0.05860800435294698,0.6133701737695002,-0.002132750481308217,22,-0.04538631250555358,0.0,2.0,Failure
3835,sh688365,2026-01-14,operable_filtered,0.19070667605877392,0.023144916790994507,-0.001224439447449906,22,-0.09137426696745521,1.0,0.0,Smooth
3836,sh603828,2026-01-14,operable_filtered,0.3040330955557988,0.7839391054635317,-0.0123630625583111,22,-0.2689805232196416,0.0,2.0,Failure
3837,sh600986,2026-01-14,operable_filtered,0.19166668256123862,0.5433380131568891,0.016928162015551473,22,0.12645747527588558,2.0,1.0,Pullback
3838,bj920021,2026-01-15,expired,0.1418764077335351,0.8090057055427681,0.019514450776878058,22,0.46256412603916264,0.0,2.0,Failure
3839,bj920394,2026-01-15,filtered,0.17771532717999386,9.140428078990848e-05,-5.8661877950692425e-05,22,0.05651379506522369,1.0,0.0,Smooth
3840,bj920270,2026-01-15,traded,0.1935343129445064,0.7216779924248484,-0.007531312580365955,22,-0.14376131033121553,0.0,2.0,Failure
3841,bj920227,2026-01-15,expired,0.16090221238513808,0.05536992697838994,-0.0014555920211680351,22,-0.058503349620384504,1.0,0.0,Smooth
3842,bj920207,2026-01-15,expired,0.1733710783047139,0.512617111263647,-0.004837405407368354,22,-0.08087774152220895,2.0,1.0,Pullback
3843,sz000608,2026-01-15,expired,0.06153846247896873,0.5563688964508875,0.005655805033863819,22,0.10714290022444706,2.0,1.0,Pullback
3844,sz002044,2026-01-15,expired,0.13780483705950566,0.5451434558554321,-0.004316744552048653,22,-0.13315926909203735,2.0,1.0,Pullback
3845,sz301378,2026-01-15,expired,0.14957805747573602,0.07067825053367838,-0.001933429926052642,22,-0.13004073273992056,1.0,0.0,Smooth
3846,sh688679,2026-01-15,operable_filtered,0.23273022843323543,0.06696631461300318,-0.003281344255604006,22,0.06689416554431826,1.0,0.0,Smooth
3847,sz300758,2026-01-15,operable_filtered,0.20694449730370668,0.15018747289831025,-0.0037085296437618033,22,-0.010483419008500916,1.0,0.0,Smooth
3848,bj920088,2026-01-15,operable_filtered,0.3104325719813281,0.4176885185796245,0.01435092228980308,22,0.5301205579056425,2.0,1.0,Pullback
3849,bj920090,2026-01-15,operable_filtered,0.298507475964501,0.8071248621616294,-0.015288755743500375,22,-0.24074076526940136,0.0,2.0,Failure
3850,sz002131,2026-01-15,operable_filtered,0.16279063964934357,0.05405691955018599,0.0022765527346913896,22,0.028846203810601434,1.0,0.0,Smooth
3851,sh600676,2026-01-15,operable_filtered,0.2278978489304983,0.40476107626101965,-0.0067789819253628245,22,-0.1427061708272641,2.0,1.0,Pullback
3852,sh605287,2026-01-15,operable_filtered,0.1610244634718887,0.7722110277155032,0.018620842271754538,22,0.3805668203774717,0.0,2.0,Failure
3853,bj920021,2026-01-16,expired,0.17791760515569005,0.7427199698767706,0.017040189491511305,22,0.4183672804079779,0.0,2.0,Failure
3854,bj920179,2026-01-16,expired,0.1649598395988047,0.11354677207044495,0.003125190537244659,19,-0.006223369103354193,1.0,0.0,Smooth
3855,bj920227,2026-01-16,expired,0.17851767335750646,0.10008147299957859,-0.002045571908580768,22,-0.025495792731975442,1.0,0.0,Smooth
3856,bj920207,2026-01-16,expired,0.1733710783047139,0.49582416866999535,-0.00470161273450866,22,-0.06755892251696849,2.0,1.0,Pullback
3857,bj920046,2026-01-16,filtered,0.22100311352246219,0.15563891541616515,0.003759736710334657,22,0.18686250024221218,1.0,0.0,Smooth
3858,sz000608,2026-01-16,expired,0.06153846247896873,0.5700968142550866,0.005786733724264307,22,0.0780346757080137,2.0,1.0,Pullback
3859,bj920169,2026-01-16,expired,0.1457679879931848,0.06443029200598638,-0.0014318069664182777,22,-0.10235290527343754,1.0,0.0,Smooth
3860,sh688270,2026-01-16,operable_filtered,0.2260087665758635,0.2978859880751794,-0.006719731088813116,22,-0.13333334851620804,2.0,1.0,Pullback
3861,sz301348,2026-01-16,operable_filtered,0.26472151850446873,0.7161310654142695,-0.012919488051585774,22,-0.11715083690362882,0.0,2.0,Failure
3862,sh688525,2026-01-16,operable_filtered,0.21452836918213322,0.54870480622886,-0.007340255320697122,22,-0.03890912889620146,2.0,1.0,Pullback
3863,sh603929,2026-01-16,operable_filtered,0.15976331360946747,0.012788693925464223,-0.0007226632190044427,22,-0.04520422723739992,1.0,0.0,Smooth
3864,bj920576,2026-01-16,operable_filtered,0.2979831855838038,0.6971974072458446,-0.01153211795417033,22,-0.12741549501148475,0.0,2.0,Failure
3865,sz300567,2026-01-16,operable_filtered,0.15140569673914722,0.16464072112488937,-0.0038736470765963135,22,0.0733328444660184,1.0,0.0,Smooth
3866,sz300342,2026-01-16,operable_filtered,0.26396426676995044,0.6030226455647779,-0.010264697902292732,22,-0.19134272629546378,0.0,2.0,Failure
3867,sh688031,2026-01-16,operable_filtered,0.21871042408807362,0.0853950016153282,-0.0034396316705602864,22,0.17026886437204602,1.0,0.0,Smooth
3868,sz002865,2026-01-16,score_filtered,0.24580048191775306,0.0002299024557941287,-0.00020657697304893403,22,-0.05099124148898215,1.0,0.0,Smooth
3869,sz001270,2026-01-16,score_filtered,0.24717689146266306,0.034082420955453774,-0.0024389123469757347,22,0.00014770932247509805,1.0,0.0,Smooth
3870,sz002796,2026-01-16,score_filtered,0.13629255580542626,0.00482144421901054,-0.0005622576673650885,22,0.06251384896328083,1.0,0.0,Smooth
3871,sh603626,2026-01-16,score_filtered,0.19477989813554628,0.37789163277995674,0.009516999837520527,22,0.1500641436713861,2.0,1.0,Pullback
3872,bj920394,2026-01-19,filtered,0.17771532717999386,0.00799752571588408,-0.0005271263957817157,22,0.01061944201984244,1.0,0.0,Smooth
3873,bj920046,2026-01-19,expired,0.22100311352246219,0.1471981021467752,0.0035963347629614393,22,0.09801762476976505,1.0,0.0,Smooth
3874,sz300567,2026-01-19,expired,0.15140569673914722,0.035026253644684036,-0.001906694491120118,22,0.07452339688041598,1.0,0.0,Smooth
3875,bj920576,2026-01-19,operable_filtered,0.2979831855838038,0.7056496087730626,-0.0116564888557864,22,-0.12370706502606799,0.0,2.0,Failure
3876,sz301005,2026-01-19,operable_filtered,0.3028141309378903,0.6713334535144428,-0.010944458172084138,22,-0.11549897172600632,0.0,2.0,Failure
3877,sz300215,2026-01-19,operable_filtered,0.18853251579934358,0.306576855610342,0.005616554747577552,22,0.030456774156569555,2.0,1.0,Pullback
3878,sh688031,2026-01-19,operable_filtered,0.21871042408807362,0.06680932885844404,-0.0030833133137280425,22,0.09079733363860809,1.0,0.0,Smooth
3879,sz002112,2026-01-19,operable_filtered,0.2067756776806641,0.3966868728811216,0.006903357137360241,22,0.06855893978067162,2.0,1.0,Pullback
3880,sz000608,2026-01-19,operable_filtered,0.06153846247896873,0.5762159175415821,0.005825614075516256,22,0.10030392934113852,2.0,1.0,Pullback
3881,bj920299,2026-01-19,operable_filtered,0.24613962192086614,0.009145924366496305,0.0006366024219034245,22,-0.04153354892173189,1.0,0.0,Smooth
3882,sh603667,2026-01-19,operable_filtered,0.16961916233340188,7.792193354339005e-06,2.4556716761071875e-05,22,-0.06070178294042394,1.0,0.0,Smooth
3883,sh600879,2026-01-19,operable_filtered,0.22441194123959476,0.5190319455478953,-0.0072078825520837005,22,-0.014063053568804551,2.0,1.0,Pullback
3884,sz301225,2026-01-19,operable_filtered,0.26884825775221316,0.9088853629856196,-0.012528404913786996,22,-0.18166915129457506,0.0,2.0,Failure
3885,sh688523,2026-01-19,operable_filtered,0.20375839335806417,0.2987659347360715,-0.004488066401728044,22,0.0,2.0,1.0,Pullback
3886,sz300503,2026-01-19,score_filtered,0.2407662347548794,0.6423476226351497,-0.00964971605960267,22,-0.14560229961695692,0.0,2.0,Failure
3887,sh600058,2026-01-19,score_filtered,0.21351025199894855,0.6196437475345716,-0.008927753738239418,22,-0.11394896349906902,0.0,2.0,Failure
3888,sh600785,2026-01-19,score_filtered,0.2460374592000198,0.0987740771332879,-0.0030978628778455695,22,-0.024884833942014795,1.0,0.0,Smooth
3889,bj920021,2026-01-20,traded,0.2231121121660694,0.48193705597630465,0.011506131357823749,22,0.1935483275541552,2.0,1.0,Pullback
3890,bj920471,2026-01-20,traded,0.26592920917866786,0.2546177611375814,-0.005611847002535131,22,-0.09282935506063916,2.0,1.0,Pullback
3891,bj920046,2026-01-20,expired,0.22100311352246219,0.2188843821490153,0.004595419506205319,22,0.19560884930605238,1.0,0.0,Smooth
3892,sz002358,2026-01-20,expired,0.17780432310348834,0.6618366245717882,0.01053826224138207,22,0.186507980809701,0.0,2.0,Failure
3893,bj920199,2026-01-20,filtered,0.14687759821395688,0.2670355858160106,-0.0026491164916803553,22,-0.035666568592269576,2.0,1.0,Pullback
3894,bj920227,2026-01-20,filtered,0.18184748209079504,0.3142689258574566,-0.003970883229065071,22,-0.025032571647179425,2.0,1.0,Pullback
3895,sz300986,2026-01-20,operable_filtered,0.31964873128024174,0.46433633695561627,-0.01319030613519224,22,-0.13247123000202465,2.0,1.0,Pullback
3896,sz300215,2026-01-20,operable_filtered,0.1522842580617427,0.5065644552915439,0.00739316702294088,22,0.12638573523211072,2.0,1.0,Pullback
3897,bj920299,2026-01-20,operable_filtered,0.11557972789737138,0.2565219623594799,0.0033182037451400044,22,0.1053670110582563,2.0,1.0,Pullback
3898,sh603286,2026-01-20,operable_filtered,0.20450529284178523,0.500296256428602,-0.006187266464509699,22,-0.18476659255031813,2.0,1.0,Pullback
3899,bj920726,2026-01-20,score_filtered,0.1779047648111979,0.5665661948418684,-0.005942940770890581,22,-0.1345218660361185,2.0,1.0,Pullback
3900,sz300058,2026-01-20,score_filtered,0.25092103935899346,0.2837689220253954,-0.006414457584758826,22,-0.007510697115483023,2.0,1.0,Pullback
3901,bj920914,2026-01-20,score_filtered,0.19413405038277504,0.7010715520308926,-0.007948597773233276,22,-0.1453093110898519,0.0,2.0,Failure
3902,bj920706,2026-01-20,score_filtered,0.20828399902623643,0.5082507796646198,-0.005044992974194223,22,-0.07133292111778544,2.0,1.0,Pullback
3903,bj920751,2026-01-20,score_filtered,0.07399572009234578,0.0151213476887756,-0.0004285704333850212,22,-0.04088393070345897,1.0,0.0,Smooth
3904,sz002112,2026-01-20,score_filtered,0.2067756776806641,0.43900903858328544,0.007356362718220421,22,0.17331432626258825,2.0,1.0,Pullback
3905,sh601616,2026-01-20,score_filtered,0.24364724970094329,0.0707143540506956,-0.0022578481444628217,22,-0.09688015399099381,1.0,0.0,Smooth
3906,bj920526,2026-01-20,score_filtered,0.1903448433711611,0.7453340372316479,-0.007797840420168371,22,-0.14938364215483924,0.0,2.0,Failure
3907,sz301611,2026-01-20,score_filtered,0.15140845070422534,0.04201322950140485,-0.0014272447523765535,22,-0.0860362397086114,1.0,0.0,Smooth
3908,bj920471,2026-01-21,breakout_support_filtered,0.2672566731671245,0.3524491605263135,-0.007060837582647386,22,-0.07692309846140921,2.0,1.0,Pullback
3909,bj920046,2026-01-21,expired,0.22100311352246219,0.1903803612376076,0.004138741200949245,22,0.12562422067444223,1.0,0.0,Smooth
3910,bj920427,2026-01-21,expired,0.3953781174532503,0.4926904471159065,-0.014576765645245028,22,-0.4146959679874733,2.0,1.0,Pullback
3911,sz300986,2026-01-21,operable_filtered,0.32996704788236564,0.6038452182618002,-0.01579771055916052,22,-0.10933737905715168,0.0,2.0,Failure
3912,sz002718,2026-01-21,operable_filtered,0.1811795947652208,0.10138305521731383,-0.0036105610716911855,22,0.0816132620150094,1.0,0.0,Smooth
3913,sz301486,2026-01-21,operable_filtered,0.17510756834847838,0.5868932801089872,0.014985345993779103,22,0.221158562636957,2.0,1.0,Pullback
3914,sh688031,2026-01-21,operable_filtered,0.21871042408807362,0.00040034680511091825,0.0002718202680852378,22,0.1465814195987547,1.0,0.0,Smooth
3915,sz301232,2026-01-21,operable_filtered,0.2754014755900319,0.2909449191337439,-0.008639782688239537,22,0.14282668366085916,2.0,1.0,Pullback
3916,sh603090,2026-01-21,operable_filtered,0.28128469723494753,0.2527248833200111,-0.0074635737461301145,22,-0.2121367901896014,2.0,1.0,Pullback
3917,sz300567,2026-01-21,operable_filtered,0.15140569673914722,0.039770030395511524,0.0021395126090146674,22,0.04528426026619803,1.0,0.0,Smooth
3918,sh603608,2026-01-21,operable_filtered,0.17976656428336163,0.019948767885497154,-0.0009855139093261909,22,-0.06556016177165302,1.0,0.0,Smooth
3919,sz300842,2026-01-21,score_filtered,0.13579259866320456,0.18566684817791013,0.003941756556470471,22,0.21779020422510564,1.0,0.0,Smooth
3920,sh603667,2026-01-21,score_filtered,0.17778469342601705,0.0012252127847489636,-0.0003133695449940265,22,-0.15336342644895917,1.0,0.0,Smooth
3921,bj920299,2026-01-21,score_filtered,0.0955909575985583,0.3966618811826855,0.004948708064578921,22,0.15126053306387743,2.0,1.0,Pullback
3922,sh603626,2026-01-21,score_filtered,0.18781927478784963,0.6511168228122637,0.014017302920565935,22,0.13775932125614965,0.0,2.0,Failure
3923,bj920088,2026-01-21,score_filtered,0.3104325719813281,0.34426551316216636,0.012840780302489528,22,0.8172185026257244,2.0,1.0,Pullback
3924,sh688125,2026-01-21,score_filtered,0.10237375895182292,0.5173829830362249,0.013018913714583726,22,0.4393478254014027,2.0,1.0,Pullback
3925,sh600696,2026-01-22,filtered,0.17842325786017058,0.17248437240802117,-0.0030252303989090766,22,-0.1731601671283317,1.0,0.0,Smooth
3926,bj920021,2026-01-22,traded,0.3346681682491041,0.025311577964049703,0.0027112613423005863,22,-0.15945511571401627,1.0,0.0,Smooth
3927,bj920394,2026-01-22,traded,0.19739567610455183,0.44460427769130206,-0.005289155523737902,22,-0.22488112472029076,2.0,1.0,Pullback
3928,bj920471,2026-01-22,breakout_support_filtered,0.2986725613303301,0.5329901344397947,-0.009236826143815668,22,-0.1360089443378486,2.0,1.0,Pullback
3929,bj920046,2026-01-22,expired,0.22100311352246219,0.15995823688848987,0.0037167458375987087,22,0.036231883557196864,1.0,0.0,Smooth
3930,bj920427,2026-01-22,traded,0.40588231947064823,0.48311460485596847,-0.010677121767570883,22,-0.39333335028754335,2.0,1.0,Pullback
3931,bj920640,2026-01-22,traded,0.09861972673826454,0.17384277880780674,0.002893922420345631,22,-0.11577864343265853,1.0,0.0,Smooth
3932,bj920014,2026-01-22,operable_filtered,0.16470591021885703,0.0039025391341946936,-0.0007505595427093626,22,0.21986294524668493,1.0,0.0,Smooth
3933,sh603601,2026-01-22,operable_filtered,0.1379572775709101,0.29221035451891997,0.006103110953058019,22,0.07476637429863708,2.0,1.0,Pullback
3934,sh600343,2026-01-22,operable_filtered,0.16552425891829556,0.015088097362427444,-0.0010198251530667828,22,-0.07760540215238576,1.0,0.0,Smooth
3935,bj920576,2026-01-22,operable_filtered,0.30773111551749605,0.8207441788218526,-0.013822672836675374,22,-0.3450729947204728,0.0,2.0,Failure
3936,bj920227,2026-01-22,operable_filtered,0.2348012993408154,0.6537136002959094,-0.007856028884271306,22,-0.22469194661761172,0.0,2.0,Failure
3937,sh688270,2026-01-22,operable_filtered,0.2260087665758635,0.8167589981507501,-0.011989101240814993,22,-0.2535080446956114,0.0,2.0,Failure
3938,sh603778,2026-01-22,operable_filtered,0.2942073105725651,0.12858082718234598,-0.005332005669817458,22,-0.1661290370545534,1.0,0.0,Smooth
3939,sh688523,2026-01-22,operable_filtered,0.20375839335806417,0.18879042628360543,-0.003719252441036162,22,-0.16632415049945415,1.0,0.0,Smooth
3940,bj920021,2026-01-23,traded,0.3592677286859786,1.6219910150216954e-05,-7.207763123159055e-05,22,-0.06413503834736378,1.0,0.0,Smooth
3941,bj920046,2026-01-23,expired,0.22100311352246219,0.2726608030932741,0.005724653681595713,22,0.13378846708925174,2.0,1.0,Pullback
3942,bj920394,2026-01-23,traded,0.1692063467843192,0.45107258725597477,-0.005547921192900279,22,-0.16971797351556972,2.0,1.0,Pullback
3943,sz002931,2026-01-23,expired,0.30736660365256135,0.7617341314898822,-0.019194153559237304,19,-0.15819144228383153,0.0,2.0,Failure
3944,bj920471,2026-01-23,breakout_support_filtered,0.2986725613303301,0.6396139636571141,-0.010877815701296659,22,-0.2018927476429403,0.0,2.0,Failure
3945,bj920179,2026-01-23,expired,0.24357968491935464,0.06207167990943929,-0.002926492942710666,19,-0.07524127753361232,1.0,0.0,Smooth
3946,sh603078,2026-01-23,expired,0.23222155156266044,0.36756540018851847,-0.005138588794474054,22,-0.19217686026666425,2.0,1.0,Pullback
3947,bj920207,2026-01-23,expired,0.1733710783047139,0.15257840678153656,0.00466198990698421,22,0.17313917305880522,1.0,0.0,Smooth
3948,bj920227,2026-01-23,expired,0.2588614271655455,0.6603476425374846,-0.008401252522576091,22,-0.14131264591992865,0.0,2.0,Failure
3949,sh600696,2026-01-23,filtered,0.1517857285406516,0.1577535857311958,-0.0027199797329064144,22,-0.1552511527374698,1.0,0.0,Smooth
3950,bj920640,2026-01-23,traded,0.18286777570404428,0.1287847535896055,0.0025764827704770755,22,-0.024269704068644704,1.0,0.0,Smooth
3951,bj920427,2026-01-23,traded,0.34981346860325413,0.7662249871440608,-0.0068191911346734925,22,-0.15479876526631842,0.0,2.0,Failure
3952,sz002112,2026-01-23,operable_filtered,0.2067756776806641,0.1618053533429613,0.004240607632476612,22,0.012184538390911603,1.0,0.0,Smooth
3953,bj920169,2026-01-23,operable_filtered,0.11976747734602107,0.12328660664782343,-0.001612537972742368,22,-0.03844154655159293,1.0,0.0,Smooth
3954,bj920116,2026-01-23,operable_filtered,0.17756265543362823,0.6447248184637084,-0.006041023100617132,22,-0.0988879814978374,0.0,2.0,Failure
3955,sz301005,2026-01-23,operable_filtered,0.24858489126529335,0.5161035071978939,-0.007733782739770793,22,-0.14691822337322646,2.0,1.0,Pullback
3956,bj920046,2026-01-26,expired,0.15418648429868353,0.4550707218823026,0.008036040881305172,22,0.1476510876502508,2.0,1.0,Pullback
3957,bj920471,2026-01-26,traded,0.31637170139461784,0.679729616143644,-0.011951956511056145,22,-0.14335664685439753,0.0,2.0,Failure
3958,bj920368,2026-01-26,expired,0.35580826647886193,0.13759608948064295,-0.007807455653009401,22,-0.25338984343965176,1.0,0.0,Smooth
3959,bj920414,2026-01-26,expired,0.29354841545040233,0.4166348221719165,-0.00804538050416474,22,-0.24480249969739176,2.0,1.0,Pullback
3960,bj920634,2026-01-26,traded,0.2948229258103763,0.5112168973013449,-0.008131797816010007,22,-0.166885250904521,2.0,1.0,Pullback
3961,sh603078,2026-01-26,expired,0.18120804552956513,0.3065047591960628,-0.003780209267151459,22,-0.1743024889289354,2.0,1.0,Pullback
3962,bj920088,2026-01-26,traded,0.3104325719813281,0.4548917063443457,0.02455142731999069,22,0.9980089141252599,2.0,1.0,Pullback
3963,sz301636,2026-01-26,operable_filtered,0.26528999676454684,0.22595045768316802,0.012503425527934172,22,0.12886449827191426,1.0,0.0,Smooth
3964,bj920427,2026-01-26,operable_filtered,0.1741705999142823,0.7611300459402915,-0.006668596169433535,22,-0.16929611889263596,0.0,2.0,Failure
3965,sh601615,2026-01-26,operable_filtered,0.24795539668704172,0.6416276833370336,-0.009783356099347294,22,-0.20238096139148043,0.0,2.0,Failure
3966,sz002218,2026-01-26,operable_filtered,0.23960885597326542,0.03492019675345037,-0.0021764259884211124,22,-0.06505299493044925,1.0,0.0,Smooth
3967,sz300751,2026-01-26,operable_filtered,0.29052349320994125,0.8096002594914843,-0.012525155520175925,22,-0.2689655172413793,0.0,2.0,Failure
3968,sz000603,2026-01-26,operable_filtered,0.36744120731675456,0.323972462069393,-0.010148310702400281,22,-0.21615436974633195,2.0,1.0,Pullback
3969,bj920575,2026-01-26,operable_filtered,0.2433333396911621,0.8282877519006161,-0.011336938589477943,22,-0.23609917658500224,0.0,2.0,Failure
3970,sh688323,2026-01-26,score_filtered,0.266558959503446,0.8144789865413069,-0.011525736665641047,22,-0.2606347401070137,0.0,2.0,Failure
3971,sh688516,2026-01-26,score_filtered,0.3225882137522978,0.294221352620314,-0.00900025618758071,22,-0.19360000610351558,2.0,1.0,Pullback
3972,sz300051,2026-01-26,score_filtered,0.14511870141933078,0.37395444736172656,-0.00410546129977899,22,-0.13594888375293113,2.0,1.0,Pullback
3973,sz002667,2026-01-26,score_filtered,0.19895515156447016,0.33076342881924437,0.006711243783389096,22,0.23586353877023902,2.0,1.0,Pullback
3974,sz002865,2026-01-26,score_filtered,0.25779912369198354,0.7065677193351163,-0.011763628567401391,22,-0.16423363093002774,0.0,2.0,Failure
3975,sz002943,2026-01-26,score_filtered,0.3057897457160026,0.5272730500850913,-0.012332433569093287,22,-0.21948053929712863,2.0,1.0,Pullback
3976,bj920207,2026-01-27,traded,0.1733710783047139,0.3777157597176901,0.008330286679854339,22,0.2068174178500699,2.0,1.0,Pullback
3977,bj920414,2026-01-27,traded,0.3073733085465916,0.3737056124434326,-0.006973062093465044,22,-0.13461535469015473,2.0,1.0,Pullback
3978,bj920021,2026-01-27,traded,0.37242559757954397,0.12301511973514545,-0.006920618544591125,22,-0.0036866322992339384,1.0,0.0,Smooth
3979,bj920368,2026-01-27,expired,0.3839696774437459,0.25108149450059836,-0.011783442197208768,22,-0.2935064685748823,2.0,1.0,Pullback
3980,bj920471,2026-01-27,breakout_support_filtered,0.31637170139461784,0.8029631369434608,-0.013359408354940748,22,-0.1493188374840253,0.0,2.0,Failure
3981,sh600343,2026-01-27,operable_filtered,0.16552425891829556,0.044881895067241495,-0.0016590811335521999,22,0.025977911498796358,1.0,0.0,Smooth
3982,bj920427,2026-01-27,operable_filtered,0.17237236944828366,0.7596210558899679,-0.006025454873804298,22,-0.12595422788023136,0.0,2.0,Failure
3983,sh688607,2026-01-27,operable_filtered,0.22758213452796539,0.5438510587078369,-0.008478884127761177,22,-0.1178950519850781,2.0,1.0,Pullback
3984,bj920575,2026-01-27,operable_filtered,0.21588946601649905,0.8095673741212535,-0.01052872550899917,22,-0.16864178089676507,0.0,2.0,Failure
3985,sh688668,2026-01-27,operable_filtered,0.19332746019561578,0.7590955230740126,-0.008284099906768866,22,-0.16936908203241818,0.0,2.0,Failure
3986,bj920227,2026-01-27,operable_filtered,0.2741138245040914,0.815814994915242,-0.011019154522222234,22,-0.14205484965126314,0.0,2.0,Failure
3987,sz000547,2026-01-27,operable_filtered,0.17869511361939452,0.11871897255248742,0.0033066417399722635,22,0.2287434138885549,1.0,0.0,Smooth
3988,sz300639,2026-01-27,operable_filtered,0.36842102023267004,0.7693461849349108,-0.010506890296620526,22,-0.2519863974223733,0.0,2.0,Failure
3989,sh603601,2026-01-27,operable_filtered,0.1379572775709101,0.010991147171681148,0.0009091790667530649,22,-0.0008496370852083546,1.0,0.0,Smooth
3990,sh601212,2026-01-27,operable_filtered,0.3627386061500129,0.3490960140176401,-0.011752181678929554,22,-0.27226648187069324,2.0,1.0,Pullback
3991,sz001331,2026-01-27,operable_filtered,0.17190479096912203,0.0003385502739023938,-0.00014534118062506132,22,0.044549058857143775,1.0,0.0,Smooth
3992,sz002218,2026-01-27,operable_filtered,0.23960885597326542,0.07093502949499453,-0.003151870083149483,22,-0.08840581522947377,1.0,0.0,Smooth
3993,sz300751,2026-01-27,operable_filtered,0.2576404528671436,0.8087459580975196,-0.011675811154718753,22,-0.23581325439534007,0.0,2.0,Failure
3994,sh603078,2026-01-27,operable_filtered,0.19161071243825598,0.2674037948620459,-0.002455066098989322,22,-0.1196296126754196,2.0,1.0,Pullback
3995,bj920414,2026-01-28,expired,0.3101382607969553,0.38212033032973014,-0.007094111792977338,22,-0.08220024095306133,2.0,1.0,Pullback
3996,bj920471,2026-01-28,filtered,0.31637170139461784,0.8502861658008785,-0.014214519278563025,22,-0.2717601451946068,0.0,2.0,Failure
3997,bj920368,2026-01-28,expired,0.42770105458353486,0.34671198570631534,-0.015333858568066098,22,-0.2868111448257189,2.0,1.0,Pullback
3998,bj920634,2026-01-28,operable_filtered,0.3108991719404595,0.5089742292109869,-0.006468825091149245,22,-0.2455494615633561,2.0,1.0,Pullback
3999,sz001270,2026-01-28,operable_filtered,0.3033996550202575,0.6666797285802025,-0.011668832439849076,22,-0.22950603593067864,0.0,2.0,Failure
4000,sh603061,2026-01-28,operable_filtered,0.1758968749342046,0.5900538879743638,-0.005290319725427638,22,-0.12651062965152138,0.0,2.0,Failure
4001,sh688270,2026-01-28,operable_filtered,0.2688542122279319,0.7997539903363984,-0.010859909896679823,22,-0.20225711777950628,0.0,2.0,Failure
4002,sh688668,2026-01-28,operable_filtered,0.20860034785580125,0.7577434845792328,-0.008064464774639872,22,-0.1593889142039544,0.0,2.0,Failure
4003,bj920427,2026-01-28,score_filtered,0.1478045969107086,0.7538730175854635,-0.005894145319287668,22,-0.13578682184286905,0.0,2.0,Failure
4004,sz000603,2026-01-28,score_filtered,0.36744120731675456,0.20708520994784585,-0.006659175228980227,22,-0.3092920394811022,1.0,0.0,Smooth
4005,sz300639,2026-01-28,score_filtered,0.2933333184983995,0.8042990754287789,-0.008208002568804553,22,-0.16624687180713538,0.0,2.0,Failure
4006,sz002218,2026-01-28,score_filtered,0.23960885597326542,0.07441421882625365,-0.003234185622492143,22,-0.018292665641127526,1.0,0.0,Smooth
4007,sz002119,2026-01-28,score_filtered,0.21233860310242442,0.8166839009102758,-0.007994655811948572,22,-0.14837958039224797,0.0,2.0,Failure
4008,bj920207,2026-01-29,traded,0.10982302038384374,0.6297852416202864,0.012883901629164406,22,0.20259312853705747,0.0,2.0,Failure
4009,bj920088,2026-01-29,expired,0.3104325719813281,0.6650272973778948,0.03220716984448068,22,0.3592664999835409,0.0,2.0,Failure
4010,bj920471,2026-01-29,filtered,0.33407079926092775,0.8459948672416713,-0.013572889656727613,22,-0.30776470408720125,0.0,2.0,Failure
4011,bj920414,2026-01-29,expired,0.3101382607969553,0.4481315197150829,-0.007863595779192472,22,-0.020529828595045818,2.0,1.0,Pullback
4012,bj920227,2026-01-29,traded,0.229418424370775,0.8919199478411478,-0.011609946846654767,22,-0.17779127736154066,0.0,2.0,Failure
4013,bj920021,2026-01-29,breakout_support_filtered,0.3884439439169653,0.4290690892485649,-0.013496656768547085,22,-0.15877861550662742,2.0,1.0,Pullback
4014,bj920368,2026-01-29,expired,0.42770105458353486,0.4460805156137876,-0.018315759385987593,22,-0.22260928084417964,2.0,1.0,Pullback
4015,bj920019,2026-01-29,traded,0.1700000029343825,0.4567630464926864,-0.004510437048754423,22,-0.1061615776774465,2.0,1.0,Pullback
4016,sh601388,2026-01-29,expired,0.17291669357153996,0.012432030121580895,0.0006648465837991003,22,-0.1149675042209396,1.0,0.0,Smooth
4017,sh600696,2026-01-29,filtered,0.18303569860528324,0.3929092428722275,-0.005396034524342772,22,-0.17431197376345797,2.0,1.0,Pullback
4018,sh600481,2026-01-29,operable_filtered,0.3330450036088652,0.5986158190261675,-0.015573760255402786,22,-0.10348712233988977,0.0,2.0,Failure
4019,sz301500,2026-01-29,operable_filtered,0.10861759433178465,0.6890092146463249,0.014775969651255678,22,0.22001930222030874,0.0,2.0,Failure
4020,sh600343,2026-01-29,operable_filtered,0.16552425891829556,0.04964908219987385,-0.0017338665394638743,22,-0.03271923732903215,1.0,0.0,Smooth
4021,sh601069,2026-01-29,operable_filtered,0.3093069095422726,0.006127343161823062,-0.0008217933527324163,22,-0.1583184623836057,1.0,0.0,Smooth
4022,bj920564,2026-01-29,operable_filtered,0.1254813821103674,0.543176273658625,-0.004432707914198205,22,-0.07805694787034145,2.0,1.0,Pullback
4023,sz000603,2026-01-29,score_filtered,0.2611111232212612,0.10250519457018381,-0.003407561655945018,22,-0.21009504422566927,1.0,0.0,Smooth
4024,sz300164,2026-01-29,score_filtered,0.2487872541000725,0.7000562041908016,0.035014300869140993,22,0.4673912616925986,0.0,2.0,Failure
4025,sz002716,2026-01-29,score_filtered,0.30500001907348634,0.008357528577436879,-0.0012310218127047996,22,-0.20535717505652928,1.0,0.0,Smooth
4026,sz300785,2026-01-29,score_filtered,0.35660239626668055,0.9468382698810167,-0.01873337711346067,22,-0.291140921163879,0.0,2.0,Failure
4027,sz002155,2026-01-30,filtered,0.15493668181986747,0.23249698907073857,0.0049586745286623905,22,0.06546547612978904,1.0,0.0,Smooth
4028,bj920471,2026-01-30,traded,0.28975932933339205,0.8613541854848958,-0.012041281593467682,22,-0.1976305943245028,0.0,2.0,Failure
4029,bj920088,2026-01-30,traded,0.22758130032277077,0.7355368970986857,0.03476355975741829,22,0.7437647202435662,0.0,2.0,Failure
4030,sh601388,2026-01-30,expired,0.07674422034577567,0.2237351181549937,0.0021077259111176817,22,-0.014457817204996615,1.0,0.0,Smooth
4031,sh600696,2026-01-30,operable_filtered,0.18303569860528324,0.34520300454336916,-0.004774831331648036,22,-0.08695649920429238,2.0,1.0,Pullback
4032,sz301611,2026-01-30,operable_filtered,0.15373246550335226,0.0932449853487547,-0.0021334682778778777,22,0.02006955011826217,1.0,0.0,Smooth
4033,bj920438,2026-01-30,operable_filtered,0.283353634369937,0.7015044789370961,-0.014243857309308135,22,-0.10240203759172839,0.0,2.0,Failure
4034,bj920087,2026-01-30,operable_filtered,0.22916666666666666,0.014052470699430164,0.0013251687225629522,22,-0.06996087415913133,1.0,0.0,Smooth
4035,sz301486,2026-01-30,operable_filtered,0.2844510995055786,0.32972559702940374,-0.007482734390030175,22,-0.024360788365155428,2.0,1.0,Pullback
4036,sz000547,2026-01-30,operable_filtered,0.17869511361939452,0.10814641847215312,0.003073842266607666,22,0.13145383046975123,1.0,0.0,Smooth
4037,sz002165,2026-01-30,operable_filtered,0.22681785660071788,0.4623681801002826,-0.007003603532755351,22,-0.04176702908078589,2.0,1.0,Pullback
4038,sh688583,2026-01-30,score_filtered,0.19086707671942738,0.30177582902441547,-0.005078256427537717,22,0.006197217484595008,2.0,1.0,Pullback
4039,sz001270,2026-01-30,score_filtered,0.3033996550202575,0.6258213948528144,-0.010681541839765272,22,-0.22847492627732857,0.0,2.0,Failure
4040,sz300785,2026-01-30,score_filtered,0.35660239626668055,0.9373325817971212,-0.01811131075798439,22,-0.3115257019601799,0.0,2.0,Failure
4041,bj920394,2026-01-30,score_filtered,0.16780487308657266,0.5158130779120098,-0.006588250363652881,22,-0.07495654562245246,2.0,1.0,Pullback
4042,sz002995,2026-01-30,score_filtered,0.39030084565385204,0.8798628725779852,-0.024267003997948705,22,-0.3374110980228474,0.0,2.0,Failure
4043,sh688416,2026-01-30,score_filtered,0.20132984130724532,0.6621022576959278,-0.008928303372991766,22,-0.10535506807761619,0.0,2.0,Failure
4044,sh688365,2026-01-30,score_filtered,0.30733795130543234,0.8949915159478429,-0.015319528395333688,22,-0.2388767038233297,0.0,2.0,Failure
4045,sz301396,2026-01-30,score_filtered,0.18516825623408817,0.37777714050526146,0.008650140960765954,22,0.23730324436955463,2.0,1.0,Pullback
4046,sz300385,2026-01-30,score_filtered,0.14634147050620408,0.19521926484641072,0.0035775178253336973,22,0.10198792880726248,1.0,0.0,Smooth
4047,sz002931,2026-02-02,expired,0.3319220783633792,0.8224426878925528,-0.01821957142830594,22,-0.27294114056755514,0.0,2.0,Failure
4048,bj920046,2026-02-02,expired,0.1398772322708426,0.7123404958774051,0.013684461728339857,22,0.1490368308438963,0.0,2.0,Failure
4049,sh600550,2026-02-02,expired,0.062308443212883,0.6737448650448878,0.009874346438575229,22,0.09102014017904847,0.0,2.0,Failure
4050,sz002969,2026-02-02,operable_filtered,0.33512228299502633,0.12263910328688443,-0.006730774276017661,22,0.011349245061979651,1.0,0.0,Smooth
4051,sh688583,2026-02-02,operable_filtered,0.19086707671942738,0.5253583542215556,-0.006919603766395455,22,-0.12046650868810393,2.0,1.0,Pullback
4052,sz002165,2026-02-02,operable_filtered,0.22681785660071788,0.5301476865278604,-0.007643385654152357,22,-0.15328463190015573,2.0,1.0,Pullback
4053,sz000995,2026-02-02,score_filtered,0.2806604032458754,0.7369289852983805,-0.0119436324299857,22,-0.22106902582690535,0.0,2.0,Failure
4054,sz300342,2026-02-02,score_filtered,0.2501320639969337,0.7992189127475122,-0.01172720470259998,22,-0.2560997449214254,0.0,2.0,Failure
4055,sh601388,2026-02-02,score_filtered,0.05023918860108178,0.36165821814912513,0.0027756024620801526,22,0.04422600018347089,2.0,1.0,Pullback
4056,sh688335,2026-02-02,score_filtered,0.17411713507549204,0.2631431232721395,-0.003474655815834506,22,-0.08439309886425217,2.0,1.0,Pullback
4057,bj920087,2026-02-02,score_filtered,0.22916666666666666,0.052702004585887474,0.002445516789912801,22,-0.10049256575608145,1.0,0.0,Smooth
4058,sz300427,2026-02-02,score_filtered,0.14164138415298302,0.026848152086499932,0.0013050674046460214,22,-0.057581610084126544,1.0,0.0,Smooth
4059,sh605255,2026-02-02,score_filtered,0.26,0.7995359186631855,-0.01332064261871685,22,-0.22406100246353522,0.0,2.0,Failure
4060,sz002131,2026-02-02,score_filtered,0.1967054062985385,0.21061910996142175,-0.00417940671835658,22,-0.21218072521215037,1.0,0.0,Smooth
4061,sz002842,2026-02-02,score_filtered,0.18804121509040753,0.6868061588729519,0.02268199544409593,22,0.3821139048044111,0.0,2.0,Failure
4062,sh601869,2026-02-02,score_filtered,0.16715138488921727,0.6035246009321233,0.015563664237761461,22,0.48287131212840073,0.0,2.0,Failure
4063,sz002995,2026-02-02,score_filtered,0.3926348744241474,0.8604292226763887,-0.023353633229975534,22,-0.3798324008346339,0.0,2.0,Failure
4064,bj920471,2026-02-03,traded,0.2704798447419999,0.8479959800964475,-0.010979420070945888,22,-0.17555554707845056,0.0,2.0,Failure
4065,bj920368,2026-02-03,expired,0.42770105458353486,0.6706963215216714,-0.02528449027108265,22,-0.32907346607423893,0.0,2.0,Failure
4066,bj920438,2026-02-03,expired,0.283353634369937,0.8896585006070541,-0.017518297151572406,22,-0.2931308842613597,0.0,2.0,Failure
4067,sh688523,2026-02-03,expired,0.11563475165516088,0.4934471980043905,0.008450324025751382,22,0.03696026546451936,2.0,1.0,Pullback
4068,bj920021,2026-02-03,traded,0.40102971732175946,0.6540212292387495,-0.019183216834879648,22,-0.23200617069615959,0.0,2.0,Failure
4069,sz002931,2026-02-03,operable_filtered,0.3319220783633792,0.7855798503660433,-0.017465522513399452,22,-0.26131836266178265,0.0,2.0,Failure
4070,bj920414,2026-02-03,operable_filtered,0.33271893856491797,0.8645128276111724,-0.012081721452654171,22,-0.28578814354656246,0.0,2.0,Failure
4071,sh600550,2026-02-03,operable_filtered,0.08426964376708565,0.6454593979105323,0.009630808100062302,22,0.05282547092939538,0.0,2.0,Failure
4072,sz002943,2026-02-03,operable_filtered,0.3776278526174185,0.9336927087114092,-0.023122392010955395,22,-0.3634549670080838,0.0,2.0,Failure
4073,sz300342,2026-02-03,operable_filtered,0.24875890451096055,0.8092562825312125,-0.010693367899091108,22,-0.23942864279220077,0.0,2.0,Failure
4074,sh603172,2026-02-03,operable_filtered,0.27047864771245295,0.7829138104958867,-0.008939263470784954,22,-0.20485366443053532,0.0,2.0,Failure
4075,bj920207,2026-02-03,operable_filtered,0.1479438657938267,0.6585788587102659,0.013543781185554538,22,0.11418803940471411,0.0,2.0,Failure
4076,sh600330,2026-02-03,operable_filtered,0.16947369826467415,0.1752350864049691,0.003423508783102353,22,0.08795748076409682,1.0,0.0,Smooth
4077,sz300986,2026-02-03,operable_filtered,0.37181268509770893,0.8638738785653506,-0.019888267399683794,22,-0.39696261855085535,0.0,2.0,Failure
4078,sh688583,2026-02-03,operable_filtered,0.19086707671942738,0.5901543108540939,-0.007870309037795228,22,-0.1692172962557491,0.0,2.0,Failure
4079,sz002491,2026-02-03,score_filtered,0.15769522288685395,0.6982192405924051,0.013427832936773972,22,0.20449676833066155,0.0,2.0,Failure
4080,bj920438,2026-02-04,expired,0.29239869338162316,0.890083038641299,-0.017542242397755165,22,-0.2591207126496715,0.0,2.0,Failure
4081,bj920414,2026-02-04,expired,0.29514755808325105,0.8983137404061062,-0.010917464943410933,22,-0.18783226508292516,0.0,2.0,Failure
4082,sh600696,2026-02-04,filtered,0.2027027215695245,0.5423400793388891,-0.007421130064557076,22,-0.11675127702193178,2.0,1.0,Pullback
4083,sh603618,2026-02-04,operable_filtered,0.13096309348952875,0.8032661395947167,0.02119664115783614,22,0.5288923899468645,0.0,2.0,Failure
4084,sz002155,2026-02-04,operable_filtered,0.252347082782865,0.026625936161716046,0.0017993139052024428,22,-0.030571691470168694,1.0,0.0,Smooth
4085,sz002165,2026-02-04,operable_filtered,0.2142372777906515,0.23270134622005467,-0.004184972526753492,22,-0.06351663086879067,1.0,0.0,Smooth
4086,sh600986,2026-02-04,operable_filtered,0.3467491987659277,0.8961798352657838,-0.01616990298682965,22,-0.3215206557739694,0.0,2.0,Failure
4087,sh600841,2026-02-04,score_filtered,0.20318015009418797,0.29104600626028454,-0.005612407222286989,22,-0.07135355409810273,2.0,1.0,Pullback
4088,sh688223,2026-02-04,score_filtered,0.2546583930646749,0.05633538138548688,-0.0020526230851099776,22,-0.036755382352395505,1.0,0.0,Smooth
4089,sz002943,2026-02-04,score_filtered,0.38201233157221115,0.9333773658701962,-0.023094617106596153,22,-0.3042117758293149,0.0,2.0,Failure
4090,sh688583,2026-02-04,score_filtered,0.21965317919075145,0.616692442283169,-0.008371909892568176,22,-0.16435070154573295,0.0,2.0,Failure
4091,sh603926,2026-02-04,score_filtered,0.2893616888881795,0.9386350368632077,-0.012058186591437856,22,-0.25009619304511255,0.0,2.0,Failure
4092,sh600330,2026-02-04,score_filtered,0.16947369826467415,0.24342878301735016,0.004287870280803049,22,0.18187499046325684,1.0,0.0,Smooth
4093,sz002931,2026-02-04,score_filtered,0.3319220783633792,0.774624133686636,-0.016676395025978796,22,-0.3697854234425295,0.0,2.0,Failure
4094,sh600481,2026-02-04,score_filtered,0.3589965762598297,0.8644211039530167,-0.020357699829795167,22,-0.2920000076293945,0.0,2.0,Failure
4095,sh688726,2026-02-04,score_filtered,0.27317128093181003,0.41114385781573926,-0.008689812058859998,22,-0.04125418037233641,2.0,1.0,Pullback
4096,sz002218,2026-02-04,score_filtered,0.2518337827338787,0.7039377824141269,-0.010035097312677366,22,-0.1662011288520585,0.0,2.0,Failure
4097,bj920985,2026-02-04,score_filtered,0.16526317596435547,0.5090205272385031,-0.004923641337063258,22,-0.06628570556640623,2.0,1.0,Pullback
4098,sh688516,2026-02-04,score_filtered,0.39805442361232646,0.9417200874081469,-0.02208342672094563,22,-0.31198384063764883,0.0,2.0,Failure
4099,sh603778,2026-02-04,score_filtered,0.1788571493966239,0.4886990337766298,0.015825288831656046,22,0.34166678209153956,2.0,1.0,Pullback
4100,sz301362,2026-02-05,filtered,0.19009782972647035,0.4637933351608715,0.012351782872285841,22,0.04839370691232392,2.0,1.0,Pullback
4101,sh603061,2026-02-05,operable_filtered,0.18215056358745224,0.6218194164958897,-0.006439454803402584,22,-0.13953574044363837,0.0,2.0,Failure
4102,sz002155,2026-02-05,operable_filtered,0.2635676392063193,0.0025861594835766555,-0.0005784845217638907,22,-0.12263626139290773,1.0,0.0,Smooth
4103,sz002969,2026-02-05,operable_filtered,0.33512228299502633,0.11602462576039396,-0.006559037389234027,22,0.11581378435511769,1.0,0.0,Smooth
4104,sh688583,2026-02-05,operable_filtered,0.22063582756615788,0.6535992402215328,-0.00948604307161316,22,-0.20198083457093652,0.0,2.0,Failure
4105,sz001316,2026-02-05,score_filtered,0.22358758946137827,0.6465647812878492,-0.007456220075782688,22,-0.20384100681273054,0.0,2.0,Failure
4106,sz002165,2026-02-05,score_filtered,0.1721428462437221,0.11033893075698398,-0.002860145008475505,22,-0.028115493149632687,1.0,0.0,Smooth
4107,sh600683,2026-02-05,score_filtered,0.07407406706588533,0.5798663028270946,0.014926781109177443,22,0.7520661235189479,2.0,1.0,Pullback
4108,bj920985,2026-02-05,score_filtered,0.16526317596435547,0.4873844124802935,-0.004733120275317478,22,-0.08725605345043419,2.0,1.0,Pullback
4109,sz002218,2026-02-05,score_filtered,0.2518337827338787,0.7096210090984421,-0.010119726280948954,22,-0.1602209784646107,0.0,2.0,Failure
4110,sh688416,2026-02-05,score_filtered,0.18374563653183784,0.265417787917816,-0.0042223198040492104,22,-0.061704167644626495,2.0,1.0,Pullback
4111,sz001331,2026-02-05,score_filtered,0.12832081037556892,0.019507835394146245,0.0008340431539665864,22,-0.059568399692647156,1.0,0.0,Smooth
4112,bj920765,2026-02-05,score_filtered,0.1769041923334709,0.7339641702323951,-0.006809700108163642,22,-0.1362923631850831,0.0,2.0,Failure
4113,sz002931,2026-02-05,score_filtered,0.35467042283950556,0.790602566365314,-0.015101518791027054,22,-0.32122079919236834,0.0,2.0,Failure
4114,bj920748,2026-02-05,score_filtered,0.1278617336176258,0.4221851130389537,-0.003039268738635684,22,-0.09250284804339903,2.0,1.0,Pullback
4115,sz300671,2026-02-05,score_filtered,0.22304760160900297,0.7643263188994991,-0.011348833591195092,22,-0.20472281953833382,0.0,2.0,Failure
4116,bj920978,2026-02-05,score_filtered,0.1946188364842884,0.8874459151157685,-0.009453332160615032,22,-0.17085119258346226,0.0,2.0,Failure
4117,sh603618,2026-02-05,score_filtered,0.14581457566341527,0.7121526095002156,0.017559798918310766,22,0.33187455711705716,0.0,2.0,Failure
4118,sz301362,2026-02-06,filtered,0.19009782972647035,0.46885214905249206,0.012426580978686602,22,0.12021736476732348,2.0,1.0,Pullback
4119,bj920046,2026-02-06,traded,0.1584033324914424,0.6535179951293483,0.012391541306689124,22,0.1595442116010406,0.0,2.0,Failure
4120,sh603616,2026-02-06,expired,0.24730025724488647,0.4801419745210658,-0.00823262603891359,22,-0.2324561307194709,2.0,1.0,Pullback
4121,bj920471,2026-02-06,traded,0.2698412837930551,0.8938521241591312,-0.011677170082013353,22,-0.2654914260498391,0.0,2.0,Failure
4122,sz002634,2026-02-06,expired,0.1741293659216343,0.26130059868372846,-0.0036959969108604756,22,-0.012012000831672753,2.0,1.0,Pullback
4123,sz002155,2026-02-06,operable_filtered,0.2766200715105084,0.020393470934486846,-0.001707865814490615,22,-0.11070319382055671,1.0,0.0,Smooth
4124,sh688726,2026-02-06,operable_filtered,0.27317128093181003,0.6909381607126799,-0.012293327238917793,22,-0.14767756843264923,0.0,2.0,Failure
4125,sh688583,2026-02-06,operable_filtered,0.2660115412894012,0.693467731342637,-0.010362510298390248,22,-0.16450328700589822,0.0,2.0,Failure
4126,sz301529,2026-02-06,score_filtered,0.2443209372320503,0.863329659966459,-0.012151953175481412,22,-0.21143419726392498,0.0,2.0,Failure
4127,sh603958,2026-02-06,score_filtered,0.15341158850640513,0.07118459764305796,-0.0018021322555419495,22,-0.06206577781924061,1.0,0.0,Smooth
4128,sz002931,2026-02-06,score_filtered,0.3521088682154787,0.7843204621028136,-0.014266989660246662,22,-0.327383743289967,0.0,2.0,Failure
4129,sz000510,2026-02-06,score_filtered,0.2821276238624086,0.025377787291904874,0.0024971748702253133,22,0.05316450561856012,1.0,0.0,Smooth
4130,sz002112,2026-02-06,score_filtered,0.1394045411066043,0.03644395740764339,0.0016681979822648332,22,-0.04505926577177588,1.0,0.0,Smooth
4131,sz002440,2026-02-06,score_filtered,0.2407295324108955,0.6741756252392965,-0.008003595537929627,22,-0.14521677188260895,0.0,2.0,Failure
4132,sz002342,2026-02-06,score_filtered,0.36414566587081015,0.7659055083050001,-0.0163666189862665,22,-0.3228228206727576,0.0,2.0,Failure
4133,sz002218,2026-02-06,score_filtered,0.2518337827338787,0.7102496428616192,-0.010131692863117972,22,-0.2525125903579454,0.0,2.0,Failure
4134,sz301362,2026-02-09,filtered,0.2263906156585389,0.38703612940566523,0.011160605396031937,22,0.057493584465934555,2.0,1.0,Pullback
4135,sz002155,2026-02-09,filtered,0.2949392670819303,0.0752849163164,-0.0036214546888888393,22,-0.1283863021361631,1.0,0.0,Smooth
4136,bj920368,2026-02-09,expired,0.466422968836413,0.8885654537250256,-0.033069664909354424,22,-0.44811591549196106,0.0,2.0,Failure
4137,sz301312,2026-02-09,operable_filtered,0.17773130923997432,0.00195712445695706,0.00044115681040707186,22,-0.04123452269000771,1.0,0.0,Smooth
4138,sz002969,2026-02-09,operable_filtered,0.33512228299502633,0.060424291282032194,-0.004741429939502952,22,-0.09171600619756637,1.0,0.0,Smooth
4139,bj920167,2026-02-09,operable_filtered,0.23729493235247223,0.6807339538397574,-0.007043349253622886,22,-0.18101160893228085,0.0,2.0,Failure
4140,sz300058,2026-02-09,operable_filtered,0.2633107270358823,0.9044716047517115,-0.013251751371624926,22,-0.23700307713066726,0.0,2.0,Failure
4141,sh688258,2026-02-09,operable_filtered,0.2006345462802033,0.5927593822506844,-0.007179140752259402,22,-0.1815282040912226,0.0,2.0,Failure
4142,bj920179,2026-02-09,operable_filtered,0.322463791788902,0.8503762466991558,-0.0159856991621201,22,-0.29824561403508776,0.0,2.0,Failure
4143,sz002623,2026-02-09,operable_filtered,0.2960235911210929,0.8533126987069682,-0.01357647354139632,22,-0.2469648476247781,0.0,2.0,Failure
4144,sh603626,2026-02-09,score_filtered,0.21506851104661834,0.7076874621127764,-0.01137994429804733,22,-0.1940572586614513,0.0,2.0,Failure
4145,sz002218,2026-02-09,score_filtered,0.2518337827338787,0.708608175648221,-0.008670872680207366,22,-0.21578945882432665,0.0,2.0,Failure
4146,sh688066,2026-02-09,score_filtered,0.17702310565415855,0.45258423963756167,-0.004995425919050556,22,-0.07119742223985548,2.0,1.0,Pullback
4147,sh603163,2026-02-09,score_filtered,0.28261597850226616,0.267394124588342,-0.008005028220116806,22,-0.06150342521391017,2.0,1.0,Pullback
4148,sz002342,2026-02-09,score_filtered,0.3818861006554708,0.7626536511036082,-0.014800066787953536,22,-0.34883722612118684,0.0,2.0,Failure
4149,sz301636,2026-02-09,score_filtered,0.27743790384855155,0.7865949748986278,-0.011680889094206627,22,-0.262237100433249,0.0,2.0,Failure
4150,sz300912,2026-02-10,expired,0.3817140129887302,0.889543347538229,-0.016942131418311804,22,-0.3211382601300884,0.0,2.0,Failure
4151,sz301362,2026-02-10,filtered,0.22852997055501512,0.286882643703249,0.009557863310986488,22,0.1669325920013005,2.0,1.0,Pullback
4152,bj920368,2026-02-10,expired,0.466422968836413,0.8625646559067457,-0.03166364280808164,22,-0.39746458333949675,0.0,2.0,Failure
4153,sz002623,2026-02-10,operable_filtered,0.2960235911210929,0.8290527314522805,-0.01269988096370069,22,-0.26362799665782244,0.0,2.0,Failure
4154,sz002506,2026-02-10,operable_filtered,0.17421603482140868,0.41445219447456183,0.008505471806647904,22,0.020912481348053014,2.0,1.0,Pullback
4155,sz300364,2026-02-10,score_filtered,0.37968035274976536,0.8178965701490745,-0.015920680873944833,22,-0.3512562766387839,0.0,2.0,Failure
4156,sh603163,2026-02-10,score_filtered,0.28261597850226616,0.341028147204923,-0.009192561299186313,22,-0.06641752876428886,2.0,1.0,Pullback
4157,sh603103,2026-02-10,score_filtered,0.41384428585237737,0.6987571566054513,-0.017215287065070993,22,-0.365685994711447,0.0,2.0,Failure
4158,sz002969,2026-02-10,score_filtered,0.33512228299502633,0.013259022787758146,-0.002147801007016424,22,-0.1226837139357232,1.0,0.0,Smooth
4159,sz002218,2026-02-10,score_filtered,0.20416126917804622,0.6966361642718466,-0.007424791095968716,22,-0.1715076410351416,0.0,2.0,Failure
4160,sh688545,2026-02-10,score_filtered,0.23318667968123422,0.743046948817539,-0.01063626823891678,22,-0.19212167486824372,0.0,2.0,Failure
4161,sh600487,2026-02-10,score_filtered,0.18232040239928304,0.1361508676087676,0.004826391568056061,22,0.045742120143848375,1.0,0.0,Smooth
4162,bj920438,2026-02-11,expired,0.31360531703734223,0.856661072674853,-0.015384437758667997,22,-0.3251112643656042,0.0,2.0,Failure
4163,sh603729,2026-02-11,traded,0.27123763564772824,0.4428569198277966,-0.005675359758522519,22,-0.25350792026996927,2.0,1.0,Pullback
4164,sz300912,2026-02-11,expired,0.3050288172656199,0.8905434249072592,-0.016707875568794883,22,-0.2780458189318733,0.0,2.0,Failure
4165,sz002455,2026-02-11,expired,0.2647230357339272,0.033515696128826544,-0.002251676148433341,22,-0.16312057649002143,1.0,0.0,Smooth
4166,sz300182,2026-02-11,filtered,0.3518312980872533,0.7652073936021764,-0.014171418100286177,22,-0.3810055776629224,0.0,2.0,Failure
4167,sz002723,2026-02-11,operable_filtered,0.1730072331532438,0.0013125319897748788,-0.0002623561982000259,22,-0.1759082357435492,1.0,0.0,Smooth
4168,sh688726,2026-02-11,operable_filtered,0.27445050657530673,0.7104303606946853,-0.012741940882903218,22,-0.21934789102459706,0.0,2.0,Failure
4169,sh605287,2026-02-11,operable_filtered,0.37224021205089436,0.6643633272319807,-0.015209355199198239,22,-0.4263658099832257,0.0,2.0,Failure
4170,sz000510,2026-02-11,operable_filtered,0.365957463041265,0.3517281901980882,-0.010664980450379434,22,-0.2022791676004162,2.0,1.0,Pullback
4171,sz301025,2026-02-11,operable_filtered,0.29506003055323043,0.8175667125058244,-0.01004829852846056,22,-0.25488724020352416,0.0,2.0,Failure
4172,sz000892,2026-02-11,operable_filtered,0.3767051181890715,0.7862407400018537,-0.013917043635537597,22,-0.3664804249018755,0.0,2.0,Failure
4173,sh603980,2026-02-11,operable_filtered,0.28013395292361315,0.7588345142829274,-0.011255545688827905,22,-0.29050927420641115,0.0,2.0,Failure
4174,sz002378,2026-02-11,score_filtered,0.30111521205526315,0.007917115976555311,0.001896365517523892,22,0.04703948431315519,1.0,0.0,Smooth
4175,sz001330,2026-02-11,score_filtered,0.4827849742369292,0.8362832356981644,-0.0263320130239944,22,-0.46019900477841424,0.0,2.0,Failure
4176,sz002506,2026-02-11,score_filtered,0.14937111103130504,0.5132912007007773,0.00976393055322302,22,0.21593295889453756,2.0,1.0,Pullback
4177,sz301526,2026-02-11,score_filtered,0.3329208023044926,0.6727654472393703,-0.013717443320847445,22,-0.19733753856144998,0.0,2.0,Failure
4178,sz301231,2026-02-11,score_filtered,0.309874151597975,0.6776744530236372,-0.00919016649135651,22,-0.2972093182940816,0.0,2.0,Failure
4179,sh603729,2026-02-12,traded,0.16707743440281472,0.4213331666204774,-0.004419192024350511,22,-0.11844159411145494,2.0,1.0,Pullback
4180,sz000070,2026-02-12,expired,0.283870939039338,0.7037752980081153,-0.012235917341065869,22,-0.1783475382811951,0.0,2.0,Failure
4181,bj920368,2026-02-12,operable_filtered,0.466422968836413,0.786129919931645,-0.02729878625055513,22,-0.41647058374741497,0.0,2.0,Failure
4182,sz300058,2026-02-12,operable_filtered,0.3109037665825035,0.9137402951347828,-0.013619580917893495,22,-0.26736841703716074,0.0,2.0,Failure
4183,sh688726,2026-02-12,operable_filtered,0.2660000071806066,0.6470839713753729,-0.011006421521893343,22,-0.18594884392387234,0.0,2.0,Failure
4184,sh605287,2026-02-12,operable_filtered,0.4075655202586583,0.6816437545721805,-0.013423534124420752,22,-0.33701749695066485,0.0,2.0,Failure
4185,sz300912,2026-02-12,operable_filtered,0.3033202140953168,0.8991035873740604,-0.016983129631282155,22,-0.241337034404568,0.0,2.0,Failure
4186,sh603256,2026-02-12,operable_filtered,0.25433999027547777,0.7138717989879915,-0.011412332747917038,22,-0.10991618854194918,0.0,2.0,Failure
4187,sz002455,2026-02-12,operable_filtered,0.2962099146764531,0.0705249685457735,-0.0034508662938911023,22,-0.13357403108413557,1.0,0.0,Smooth
4188,sz002378,2026-02-12,operable_filtered,0.3256918058534885,0.017713987298524803,-0.0027434448561618452,22,0.06607786973925545,1.0,0.0,Smooth
4189,sh600397,2026-02-12,score_filtered,0.327433648110556,0.3431709524696305,-0.010347226901671102,22,-0.02065846995174736,2.0,1.0,Pullback
4190,sz002969,2026-02-12,score_filtered,0.3319353348265279,0.05432592158978922,0.003525918714807585,22,-0.11980028504231144,1.0,0.0,Smooth
4191,sz300842,2026-02-12,score_filtered,0.2930577269045665,0.899585259282126,-0.013328193723873387,22,-0.26672778573817557,0.0,2.0,Failure
4192,sz002842,2026-02-12,score_filtered,0.3507216542037492,0.4266277708519135,-0.012706040974776607,22,-0.1360637882794845,2.0,1.0,Pullback
4193,sh603980,2026-02-12,score_filtered,0.28908887203718664,0.7605982012119205,-0.011557934947295938,22,-0.19023135978937777,0.0,2.0,Failure
4194,sz002323,2026-02-12,score_filtered,0.19636362249200995,0.37689759775057086,0.007994358530669456,22,0.11016949238156637,2.0,1.0,Pullback
4195,bj920493,2026-02-12,score_filtered,0.22164948453608246,0.2882146980179413,-0.004509383918509055,22,-0.175690624595347,2.0,1.0,Pullback
4196,sz002931,2026-02-12,score_filtered,0.2464054088228324,0.8535802140756731,-0.013009048596785795,22,-0.24874790043049821,0.0,2.0,Failure
4197,sh603533,2026-02-13,traded,0.31844826044277313,0.7571537370437963,-0.010869379341602698,22,-0.261665695529932,0.0,2.0,Failure
4198,sh600589,2026-02-13,operable_filtered,0.2628530053688202,0.4760683225629214,-0.0076306380205518574,22,-0.0630782151676883,2.0,1.0,Pullback
4199,sz001270,2026-02-13,operable_filtered,0.2755889281694988,0.8844135309025067,-0.014862061523600154,22,-0.21581392509992736,0.0,2.0,Failure
4200,sh603163,2026-02-13,operable_filtered,0.28261597850226616,0.4490006413100923,-0.010893545997114605,22,-0.12117169616397339,2.0,1.0,Pullback
4201,sh603929,2026-02-13,operable_filtered,0.12523932836748589,0.5555579430466098,0.016154641744622104,22,0.3743385559549599,2.0,1.0,Pullback
4202,sz002951,2026-02-13,operable_filtered,0.22997944802425896,0.06322498128186549,-0.00187084439692667,22,-0.14090132175011694,1.0,0.0,Smooth
4203,bj920207,2026-02-13,score_filtered,0.28309931326842164,0.1771129280997319,-0.007128537627822032,22,-0.0317189739036714,1.0,0.0,Smooth
4204,sz300912,2026-02-13,score_filtered,0.3033202140953168,0.8987259833758604,-0.01697349367819007,22,-0.24805273881655476,0.0,2.0,Failure
4205,sz002931,2026-02-13,score_filtered,0.24449817630769027,0.8467595985887524,-0.01268052149762113,22,-0.1964729422870467,0.0,2.0,Failure
4206,sh688031,2026-02-13,score_filtered,0.4412564283005138,0.4131945116447472,-0.018924003913877784,22,-0.24401510274088645,2.0,1.0,Pullback
4207,sz300461,2026-02-13,score_filtered,0.30937498807907104,0.4701629410902166,-0.011422792895728496,22,-0.1824946755435657,2.0,1.0,Pullback
4208,sz300806,2026-02-13,score_filtered,0.2557490049549082,0.47444953169940596,-0.007893633424052526,22,-0.16605374065151912,2.0,1.0,Pullback
4209,sz000609,2026-02-13,score_filtered,0.2166377823452405,0.28566327454925156,-0.004984634987617667,22,-0.08116227485927097,2.0,1.0,Pullback
4210,sh688308,2026-02-13,score_filtered,0.22237929094707048,0.30498116123209684,0.011129178914327784,22,0.44091703437230567,2.0,1.0,Pullback
4211,sz001331,2026-02-13,score_filtered,0.13423481978197344,0.16136061989553785,-0.0021873477080103796,22,0.012106019260848866,1.0,0.0,Smooth
4212,sh603980,2026-02-13,score_filtered,0.2874858790076497,0.8196628154565039,-0.012567882162710004,22,-0.21791769259775562,0.0,2.0,Failure
4213,sh688147,2026-02-13,score_filtered,0.2829551193519129,0.9210055688597594,-0.015759686607203813,22,-0.24680396159810924,0.0,2.0,Failure
4214,sh600397,2026-02-13,score_filtered,0.327433648110556,0.6143421879977402,-0.013992231565586651,22,-0.10915495953152654,0.0,2.0,Failure
4215,sz300264,2026-02-24,expired,0.14010511127675612,0.2459751473742391,-0.0027581466694758827,22,-0.0665433764937079,1.0,0.0,Smooth
4216,bj920088,2026-02-24,operable_filtered,0.31604014256585133,0.08281979909910786,0.006803572850996315,22,0.2774319399397456,1.0,0.0,Smooth
4217,sz300461,2026-02-24,operable_filtered,0.30937498807907104,0.5026434831720428,-0.012045390010996946,22,-0.19387929119460257,2.0,1.0,Pullback
4218,sz300164,2026-02-24,operable_filtered,0.29892136345161346,0.042002271794844614,0.004045145482386552,22,0.1920980678610722,1.0,0.0,Smooth
4219,sh603256,2026-02-24,score_filtered,0.25433999027547777,0.7991567209256879,-0.01216535335307337,22,-0.2139551382168039,0.0,2.0,Failure
4220,bj920090,2026-02-24,score_filtered,0.1259080399360923,0.33562618998678007,0.0065881270145283005,22,0.16271725469552778,2.0,1.0,Pullback
4221,bj920046,2026-02-24,score_filtered,0.22781593121479432,0.0011987057441402715,-0.00040311101540763274,22,-0.023031972250929678,1.0,0.0,Smooth
4222,sz000603,2026-02-24,score_filtered,0.3542837189173493,0.880651788947935,-0.018321316347159645,22,-0.24970325520324244,0.0,2.0,Failure
4223,sh600487,2026-02-24,score_filtered,0.2086555833434438,0.026115780222501273,-0.0017551943643743233,22,0.18808937902122813,1.0,0.0,Smooth
4224,sh601869,2026-02-24,score_filtered,0.16715138488921727,0.01379272808299159,0.0011605065439900175,22,0.17646029880787828,1.0,0.0,Smooth
4225,bj920471,2026-02-24,score_filtered,0.2926695941197738,0.9291762870744281,-0.013019369513806417,22,-0.24075162749023504,0.0,2.0,Failure
4226,sh603163,2026-02-24,score_filtered,0.28261597850226616,0.3563395473664357,-0.009316606499271891,22,-0.10264492330246844,2.0,1.0,Pullback
4227,sz002155,2026-02-24,score_filtered,0.35081287908937836,0.7367078468943637,-0.01645287979089628,22,-0.17094020313122216,0.0,2.0,Failure
4228,sz300749,2026-02-24,score_filtered,0.2057613602770522,0.032489100934814386,-0.0019551726640220676,22,-0.05730329180527982,1.0,0.0,Smooth
4229,sz002716,2026-02-24,score_filtered,0.32412209534261066,0.889261036584536,-0.01761490769164101,22,-0.26528040759331484,0.0,2.0,Failure
4230,sz301526,2026-02-24,score_filtered,0.3329208023044926,0.8769414513400472,-0.01623684414796115,22,-0.3058376001584939,0.0,2.0,Failure
4231,sz301217,2026-02-24,score_filtered,0.2854369080182418,0.9089873839607968,-0.01507424800359779,22,-0.24231868271829604,0.0,2.0,Failure
4232,sz301291,2026-02-24,score_filtered,0.2302061125970754,0.045720261056733325,-0.002201698014169697,22,-0.09275262683694063,1.0,0.0,Smooth
4233,sh688480,2026-02-24,score_filtered,0.4325806648500504,0.8454233062673462,-0.026506606641473366,22,-0.31580718472395897,0.0,2.0,Failure
4234,sz000711,2026-02-25,expired,0.22020201134737616,0.08485704820517215,-0.003665143684385193,22,0.010989000192372256,1.0,0.0,Smooth
4235,sz301232,2026-02-25,breakout_support_filtered,0.3018260789954144,0.8481361647761562,-0.014027002475102702,22,-0.21047067124694074,0.0,2.0,Failure
4236,sz300986,2026-02-25,expired,0.2358490622622187,0.8451402086072821,-0.0102414160234701,22,-0.17955615984146045,0.0,2.0,Failure
4237,sz300264,2026-02-25,expired,0.11769994664393614,0.16650378343782113,-0.0021425563589508897,22,-0.08115424344647748,1.0,0.0,Smooth
4238,sh688228,2026-02-25,filtered,0.20078823394976084,0.7901404155518625,-0.00898520319653921,22,-0.18765318978352996,0.0,2.0,Failure
4239,sz002498,2026-02-25,operable_filtered,0.23470317256532386,0.02851406894481412,0.0022055692071077525,22,0.033412855506848915,1.0,0.0,Smooth
4240,sz001270,2026-02-25,operable_filtered,0.2755889281694988,0.8817638346077287,-0.014651274460080353,22,-0.24842514956894557,0.0,2.0,Failure
4241,sz301362,2026-02-25,operable_filtered,0.28155565960217094,0.2001598928147299,-0.005312140220140916,22,0.11294945345396301,1.0,0.0,Smooth
4242,sh688387,2026-02-25,operable_filtered,0.20657536754869435,0.6437221824324362,-0.008220696050808638,22,-0.1266134211221681,0.0,2.0,Failure
4243,sz002931,2026-02-25,operable_filtered,0.22031958628475218,0.8373248097730978,-0.01231895191721588,22,-0.18680009350870697,0.0,2.0,Failure
4244,sh603616,2026-02-25,operable_filtered,0.18148602205020462,0.7027409733681045,-0.007734946433816661,22,-0.1666666867355704,0.0,2.0,Failure
4245,sz301217,2026-02-25,operable_filtered,0.2854369080182418,0.8852038198672425,-0.014420816842832133,22,-0.23991974825599072,0.0,2.0,Failure
4246,sz301526,2026-02-25,operable_filtered,0.3111821088987627,0.8621155468498463,-0.014475649194732683,22,-0.2948718121144267,0.0,2.0,Failure
4247,sh605376,2026-02-25,score_filtered,0.25833333333333336,0.7804169358102349,-0.010427738218996624,22,-0.21278064542567743,0.0,2.0,Failure
4248,sh603980,2026-02-25,score_filtered,0.2874858790076497,0.8090072420020369,-0.012168605559505644,22,-0.21723301111331528,0.0,2.0,Failure
4249,sz300164,2026-02-25,score_filtered,0.3220338597008372,0.0012502079736698146,-0.0006339385320126633,22,0.16340304213727097,1.0,0.0,Smooth
4250,sh605289,2026-02-25,score_filtered,0.27692306625259505,0.4278006100210072,-0.010559070046570442,22,-0.12894692414234588,2.0,1.0,Pullback
4251,sh688480,2026-02-25,score_filtered,0.4609677222467238,0.9122797879676601,-0.028786792523777697,22,-0.34503997802734376,0.0,2.0,Failure
4252,sh688308,2026-02-25,score_filtered,0.22237929094707048,0.042710009459278164,0.002966424032931601,22,0.10378803092281386,1.0,0.0,Smooth
4253,sh688228,2026-02-26,filtered,0.20048530074669485,0.7781166550664439,-0.008481187496882137,22,-0.17529877177530373,0.0,2.0,Failure
4254,sz301232,2026-02-26,expired,0.3018260789954144,0.7892971774413889,-0.01319915081681019,22,-0.18753567444940755,0.0,2.0,Failure
4255,sz300264,2026-02-26,operable_filtered,0.10564662074438018,0.1393842100317142,-0.0017970540845601353,22,-0.08015259881722536,1.0,0.0,Smooth
4256,sz301217,2026-02-26,operable_filtered,0.2854369080182418,0.8272795979154417,-0.012873709790354576,22,-0.17850371094869555,0.0,2.0,Failure
4257,sh600078,2026-02-26,operable_filtered,0.26822744348108096,0.5626341799911743,-0.008835424849174454,22,-0.16172316289053834,2.0,1.0,Pullback
4258,sh603616,2026-02-26,operable_filtered,0.18727052576753273,0.6757513420863069,-0.00715603627476195,22,-0.14119167168056013,0.0,2.0,Failure
4259,sh605289,2026-02-26,operable_filtered,0.2781818096454327,0.6031113980657564,-0.013441954255681145,22,-0.18490721049203684,0.0,2.0,Failure
4260,sz300179,2026-02-26,operable_filtered,0.27423729330806407,0.7826439618462526,-0.014583137593427314,22,-0.2366714567959085,0.0,2.0,Failure
4261,sz002498,2026-02-26,operable_filtered,0.23470317256532386,0.006399463692562168,0.00103563377746517,22,0.04358349233677683,1.0,0.0,Smooth
4262,sz000711,2026-02-26,operable_filtered,0.250505013918829,0.28421052102739786,-0.006951406618536702,22,-0.08376961749607936,2.0,1.0,Pullback
4263,sz301362,2026-02-26,operable_filtered,0.28155565960217094,0.4153655043309118,-0.0070954721306409445,22,0.06698614906004408,2.0,1.0,Pullback
4264,sz000609,2026-02-26,operable_filtered,0.2166377823452405,0.23959904726980585,-0.0040912303476656154,22,-0.14842295616220924,1.0,0.0,Smooth
4265,sz300739,2026-02-26,operable_filtered,0.2487893762993235,0.8174924386063158,-0.011991680549554294,22,-0.2250077421467831,0.0,2.0,Failure
4266,sz300943,2026-02-26,score_filtered,0.2883941698677651,0.7620694251500477,-0.015756160369541226,22,-0.2702293395717308,0.0,2.0,Failure
4267,sz300277,2026-02-26,score_filtered,0.2808348960683211,0.7477430927871662,-0.014252798789831272,22,-0.26064462617597384,0.0,2.0,Failure
4268,sz002378,2026-02-26,score_filtered,0.32878973091650743,0.8130415106093392,-0.018948313540948076,22,-0.20640388099421914,0.0,2.0,Failure
4269,sh600487,2026-02-26,score_filtered,0.2086555833434438,0.04402473307993027,-0.0022014411027305074,22,0.13368417840254931,1.0,0.0,Smooth
4270,sz300617,2026-02-26,score_filtered,0.24023940850544484,0.12017075214141026,-0.0044462028464474085,22,-0.011565716901657197,1.0,0.0,Smooth
4271,sh688480,2026-02-26,score_filtered,0.4609677222467238,0.9392098391161604,-0.029817438423015454,22,-0.4385811058250634,0.0,2.0,Failure
4272,sz001209,2026-02-27,operable_filtered,0.43612464716232435,0.4505546699120859,-0.010078053211722962,22,-0.2968910282935323,2.0,1.0,Pullback
4273,sz002350,2026-02-27,operable_filtered,0.15052429145700735,0.1637787241291513,0.004123776783241672,22,0.14297727167180696,1.0,0.0,Smooth
4274,sz002842,2026-02-27,operable_filtered,0.3507216542037492,0.811643252963489,-0.019601399119135762,22,-0.28368330871412994,0.0,2.0,Failure
4275,sh688503,2026-02-27,operable_filtered,0.2086398398186907,0.613576189986411,-0.006664269487633856,22,-0.1774530184309917,0.0,2.0,Failure
4276,sz300179,2026-02-27,operable_filtered,0.275932182699947,0.7766086929138226,-0.014358358054217311,22,-0.2287655537298099,0.0,2.0,Failure
4277,bj920207,2026-02-27,score_filtered,0.2898696354984163,0.7941392787521296,-0.017082614285487296,22,-0.17532666315759338,0.0,2.0,Failure
4278,sz301362,2026-02-27,score_filtered,0.28155565960217094,0.6324190191260297,-0.008555790499001,22,-0.09908124961816944,0.0,2.0,Failure
4279,sz301232,2026-02-27,score_filtered,0.29533088296345655,0.696553231568166,-0.011430572632706741,22,-0.2002800864037847,0.0,2.0,Failure
4280,sz301226,2026-02-27,score_filtered,0.27680000305175784,0.0004701537794286059,-0.00028643983102802486,22,-0.10880402190757832,1.0,0.0,Smooth
4281,sz002865,2026-02-27,score_filtered,0.23819476348717844,0.7254029839280691,-0.010217399655302144,22,-0.20287928101534647,0.0,2.0,Failure
4282,sz000826,2026-02-27,score_filtered,0.1954887083261591,0.8525285385829705,-0.01034852078868983,22,-0.19762846073288365,0.0,2.0,Failure
4283,sz301636,2026-02-27,score_filtered,0.27246754929706385,0.8255855289411267,-0.011511244722228002,22,-0.2147326483059835,0.0,2.0,Failure
4284,sh688480,2026-02-27,score_filtered,0.4609677222467238,0.9368205853329691,-0.029108322359749583,22,-0.48027028264226135,0.0,2.0,Failure
4285,sh688309,2026-02-27,score_filtered,0.1088929586265529,0.7173727229300078,0.014199880680356899,22,0.30570990111873786,0.0,2.0,Failure
4286,sz002353,2026-02-27,score_filtered,0.2695592512053903,0.8491151577940501,-0.014194414276910376,22,-0.22553800539093427,0.0,2.0,Failure
4287,sz301312,2026-02-27,score_filtered,0.17773130923997432,0.00140649050082442,0.0003641881488505912,22,-0.02791908202353577,1.0,0.0,Smooth
4288,sh688530,2026-02-27,score_filtered,0.3557109928545121,0.6252264413063378,-0.012273931547427766,22,-0.271925424207215,0.0,2.0,Failure
4289,sz301226,2026-03-02,operable_filtered,0.267719743514532,0.09528661343549305,0.0038266828791201322,22,0.06251458763584239,1.0,0.0,Smooth
4290,sz000070,2026-03-02,operable_filtered,0.283870939039338,0.1908109707611142,-0.0058725805199807525,22,-0.0005416209116506643,1.0,0.0,Smooth
4291,sz002667,2026-03-02,operable_filtered,0.2797085049572889,0.0014051548135086689,-0.0005568216302422975,22,0.08726003461355103,1.0,0.0,Smooth
4292,sh600487,2026-03-02,operable_filtered,0.2086555833434438,0.0029255990178482794,0.0006131015355957551,22,0.09343431363506216,1.0,0.0,Smooth
4293,sh688035,2026-03-02,score_filtered,0.27873895091961437,0.8168588526817059,-0.014621887772735218,22,-0.18164519764118592,0.0,2.0,Failure
4294,sh605289,2026-03-02,score_filtered,0.2832867282253879,0.7459373900580021,-0.01683818079670292,22,-0.17790050378091604,0.0,2.0,Failure
4295,sh688028,2026-03-02,score_filtered,0.32456343302197144,0.8988059455963364,-0.018080938201184896,22,-0.23655352431874455,0.0,2.0,Failure
4296,sz002378,2026-03-02,score_filtered,0.3353985641863413,0.8657145107163939,-0.020168359567648342,22,-0.24357437032984808,0.0,2.0,Failure
4297,sz002842,2026-03-02,score_filtered,0.3507216542037492,0.7645708468468505,-0.01790559994032839,22,-0.262820500504347,0.0,2.0,Failure
4298,sh600331,2026-03-02,score_filtered,0.36874452673432034,0.9048781000283956,-0.018701269641990585,22,-0.29186833385802347,0.0,2.0,Failure
4299,sz000510,2026-03-02,score_filtered,0.36978721618652344,0.8672211361211515,-0.019189188574063848,22,-0.28236979270137064,0.0,2.0,Failure
4300,bj920571,2026-03-03,traded,0.3468611355896247,0.7076555288227462,-0.009707707821816595,22,-0.2288889001916956,0.0,2.0,Failure
4301,bj920010,2026-03-03,traded,0.2994866370811844,0.1256081234456311,-0.003897392190690112,22,-0.15266666412353513,1.0,0.0,Smooth
4302,sh603616,2026-03-03,traded,0.17419353608162172,0.7348312398412329,-0.006598602736003546,22,-0.1564626000393018,0.0,2.0,Failure
4303,bj920351,2026-03-03,traded,0.35352109658578545,0.9210036217695969,-0.015872792355984707,22,-0.2754372157076377,0.0,2.0,Failure
4304,sz301302,2026-03-03,expired,0.44057014430992625,0.7777565166130236,-0.017163737171538497,22,-0.4227881735382525,0.0,2.0,Failure
4305,sz300157,2026-03-03,operable_filtered,0.3383233721008588,0.8872908181620363,-0.014268609844397404,22,-0.2861806047540719,0.0,2.0,Failure
4306,sz301362,2026-03-03,operable_filtered,0.28155565960217094,0.5286929274738521,-0.00736169235111469,22,-0.15869250948360447,2.0,1.0,Pullback
4307,sz002207,2026-03-03,operable_filtered,0.4003747505167771,0.8842682740876561,-0.019631114338054527,22,-0.34797070094175186,0.0,2.0,Failure
4308,bj920088,2026-03-03,operable_filtered,0.4242577942121431,0.711375438184267,-0.015310124291117421,22,-0.2991066456141507,0.0,2.0,Failure
4309,sh600367,2026-03-03,operable_filtered,0.27310345090668775,0.31071017289294867,-0.007040333045150177,22,-0.17446981393695615,2.0,1.0,Pullback
4310,bj920260,2026-03-03,operable_filtered,0.2807143075125558,0.9117386429713767,-0.013651165197747983,22,-0.20340294295183803,0.0,2.0,Failure
4311,sz301158,2026-03-03,operable_filtered,0.3067571049412788,0.8473797318459803,-0.011804810948569576,22,-0.22897918912767468,0.0,2.0,Failure
4312,sz300164,2026-03-03,operable_filtered,0.4036979935220678,0.7882400321138294,-0.016814851909443162,22,-0.3599348286294589,0.0,2.0,Failure
4313,sh600714,2026-03-03,operable_filtered,0.3362766477934124,0.6939254896458774,-0.017017793904292967,22,-0.2336694453528716,0.0,2.0,Failure
4314,sz002506,2026-03-03,operable_filtered,0.2562893207897173,0.2252171504215491,-0.005757145720336901,22,-0.1223301170436134,1.0,0.0,Smooth
4315,sz300393,2026-03-03,operable_filtered,0.21224166077000786,0.7661698687489483,-0.010435147195262152,22,-0.12510425593278496,0.0,2.0,Failure
4316,bj920207,2026-03-03,score_filtered,0.2898696354984163,0.832244038148299,-0.017284485568106384,22,-0.24082757357893314,0.0,2.0,Failure
4317,bj920571,2026-03-04,operable_filtered,0.2787114577493219,0.7193104347699808,-0.007980225714403493,22,-0.18654923670166423,0.0,2.0,Failure
4318,bj920088,2026-03-04,expired,0.39242940831481665,0.6970294071800048,-0.014432528253542984,22,-0.25,0.0,2.0,Failure
4319,bj920010,2026-03-04,traded,0.26068637677724465,0.13218700365003133,-0.004049929371012909,22,-0.20598008918153765,1.0,0.0,Smooth
4320,bj920021,2026-03-04,operable_filtered,0.22778259780551233,0.3669418654793548,-0.006254422441156912,22,-0.1549953166666207,2.0,1.0,Pullback
4321,sz000711,2026-03-04,operable_filtered,0.28282826482708345,0.4864474808707756,-0.009840715761559638,22,-0.14713219922992582,2.0,1.0,Pullback
4322,sz002969,2026-03-04,operable_filtered,0.2376606053001208,0.16034121103604093,-0.004830541676997751,22,-0.08375209674571005,1.0,0.0,Smooth
4323,sz300157,2026-03-04,operable_filtered,0.2881720699151958,0.9128329140656377,-0.013217606412600079,22,-0.2706855734665712,0.0,2.0,Failure
4324,sz002207,2026-03-04,operable_filtered,0.4003747505167771,0.8936835090584414,-0.01751606733892688,22,-0.33642857415335514,0.0,2.0,Failure
4325,sz002490,2026-03-04,operable_filtered,0.33402205430899207,0.9106800567710257,-0.015640839942732774,22,-0.2535433319203434,0.0,2.0,Failure
4326,sh600871,2026-03-04,operable_filtered,0.34615383370595676,0.8544079360419565,-0.014126781434379196,22,-0.2807017847871379,0.0,2.0,Failure
4327,sh600722,2026-03-04,operable_filtered,0.2987013166421595,0.05711298494264505,0.004798688227299028,22,0.07317069955886746,1.0,0.0,Smooth
4328,sh603619,2026-03-04,score_filtered,0.28111951960947956,0.6568289989810974,-0.008471068843302624,22,-0.17921717240729584,0.0,2.0,Failure
4329,sh600714,2026-03-04,score_filtered,0.35982342078131396,0.7474623308020596,-0.018731222576009912,22,-0.31357716287233384,0.0,2.0,Failure
4330,sz301362,2026-03-04,score_filtered,0.28155565960217094,0.3862071323985994,-0.005564240081934597,22,-0.08525753644950063,2.0,1.0,Pullback
4331,bj920299,2026-03-04,score_filtered,0.26925407168045284,0.9474569527819446,-0.01389031859728988,22,-0.2649376210565284,0.0,2.0,Failure
4332,sz300164,2026-03-04,score_filtered,0.4036979935220678,0.7918623630970401,-0.01601246695779522,22,-0.32083889466039406,0.0,2.0,Failure
4333,sz000554,2026-03-04,score_filtered,0.28103449324790386,0.8659554051689391,-0.012163752810473463,22,-0.24517906263713451,0.0,2.0,Failure
4334,sz300393,2026-03-04,score_filtered,0.21224166077000786,0.7305269995266181,-0.009689995506427258,22,-0.1658163070844214,0.0,2.0,Failure
4335,sh600498,2026-03-04,score_filtered,0.2845580829349039,0.36122905009770256,-0.008197521701668896,22,-0.13404968379405469,2.0,1.0,Pullback
4336,bj920571,2026-03-05,traded,0.25253988459156407,0.6874918247895755,-0.006837071313037396,22,-0.13865543457337182,0.0,2.0,Failure
4337,bj920014,2026-03-05,traded,0.40973171089868043,0.8831837634063862,-0.015619934792442143,22,-0.2948229258103763,0.0,2.0,Failure
4338,bj920010,2026-03-05,traded,0.2553062520668245,0.10641573943666649,-0.0034833538258947066,22,-0.11634547379097449,1.0,0.0,Smooth
4339,sz300461,2026-03-05,operable_filtered,0.30937498807907104,0.03294545511666214,0.003969224573877487,22,0.03934693628427932,1.0,0.0,Smooth
4340,sz002969,2026-03-05,operable_filtered,0.2376606053001208,0.29553237233191265,-0.006824971654650271,22,-0.10281122510689766,2.0,1.0,Pullback
4341,sh600875,2026-03-05,score_filtered,0.20251216890920928,0.6979979254617351,-0.008449788304207445,22,-0.21257352479397873,0.0,2.0,Failure
4342,sz300658,2026-03-05,score_filtered,0.24838712138514366,0.24327047819016923,-0.0064280906290614505,22,-0.10608066647525949,1.0,0.0,Smooth
4343,sz002800,2026-03-05,score_filtered,0.2815533980582524,0.7011450172477292,-0.01233385792044113,22,-0.2751540311283992,0.0,2.0,Failure
4344,sz300277,2026-03-05,score_filtered,0.3114503667860434,0.8139850947430748,-0.0138199559620967,22,-0.2928199380283846,0.0,2.0,Failure
4345,sz002350,2026-03-05,score_filtered,0.15052429145700735,0.01674657593509643,-0.001034079389693428,22,0.04126753369274505,1.0,0.0,Smooth
4346,sh600714,2026-03-05,score_filtered,0.3727005501977944,0.758720118518833,-0.01910006747973324,22,-0.3085410481781312,0.0,2.0,Failure
4347,bj920833,2026-03-05,score_filtered,0.3306666480170356,0.8935415099227995,-0.01594321309256767,22,-0.2909003036432575,0.0,2.0,Failure
4348,bj920351,2026-03-05,score_filtered,0.2748091731746926,0.9065849676829317,-0.014319888513051075,22,-0.23006930171123385,0.0,2.0,Failure
4349,sz002490,2026-03-05,score_filtered,0.33402205430899207,0.8830796651895519,-0.014910338596587538,22,-0.25378783910618175,0.0,2.0,Failure
4350,sh600487,2026-03-05,score_filtered,0.2086555833434438,0.23514870640121188,0.007177185103253922,22,0.21205864945382014,1.0,0.0,Smooth
4351,bj920046,2026-03-05,score_filtered,0.3567251955456598,0.9312862440753098,-0.017874606676978037,22,-0.258236842096324,0.0,2.0,Failure
4352,bj920299,2026-03-05,score_filtered,0.2771875262260437,0.945793613636087,-0.013783910843937095,22,-0.22991597151555931,0.0,2.0,Failure
4353,sz301373,2026-03-05,score_filtered,0.2181464676914192,0.00373724851251489,-0.000632869917685388,22,0.24414418181328723,1.0,0.0,Smooth
4354,sh601126,2026-03-05,score_filtered,0.2427236499922726,0.8695209360393585,-0.011012113270772811,22,-0.24645890555292393,0.0,2.0,Failure
4355,sz002498,2026-03-06,expired,0.2949771758297642,0.7569215398304707,-0.011435927830469162,22,-0.2028112422881404,0.0,2.0,Failure
4356,sz300323,2026-03-06,operable_filtered,0.3033626081597711,0.709382456382248,-0.014174138135758303,22,-0.14432105677864127,0.0,2.0,Failure
4357,sz002378,2026-03-06,operable_filtered,0.36018172833997164,0.7996498556812797,-0.01778582654022709,22,-0.2843464818782343,0.0,2.0,Failure
4358,sz300461,2026-03-06,operable_filtered,0.30937498807907104,0.12009230032751594,0.007759173615056152,22,0.16258430640049193,1.0,0.0,Smooth
4359,bj920090,2026-03-06,operable_filtered,0.23970943876614406,0.8072703890717959,-0.012655438610138257,22,-0.1858064589961883,0.0,2.0,Failure
4360,bj920471,2026-03-06,operable_filtered,0.21975310197273998,0.8222210636805066,-0.00989036434091252,22,-0.14276231821375407,0.0,2.0,Failure
4361,sh688176,2026-03-06,score_filtered,0.2562120478709735,0.44100818253283225,-0.00945606039487834,22,-0.1891279830943675,2.0,1.0,Pullback
4362,sz300209,2026-03-06,score_filtered,0.19152544002976757,0.1023728967051557,0.0037125944915306843,22,0.3209038504518045,1.0,0.0,Smooth
4363,sz300658,2026-03-06,score_filtered,0.24838712138514366,0.0962950457257159,-0.0037357374136984434,22,-0.012287681664272299,1.0,0.0,Smooth
4364,sh600875,2026-03-06,score_filtered,0.1786201203196692,0.5527303030151776,-0.006535759875001676,22,-0.10930234332417332,2.0,1.0,Pullback
4365,sh600590,2026-03-06,score_filtered,0.2279070265168023,0.6319922367908327,-0.009860903642313958,22,-0.1665685675003281,0.0,2.0,Failure
4366,bj920046,2026-03-06,score_filtered,0.3567251955456598,0.9382397613576784,-0.018027339061155993,22,-0.28371094513543815,0.0,2.0,Failure
4367,sz000988,2026-03-06,score_filtered,0.25464960896454103,0.7116757201546682,-0.009716191182883489,22,-0.06905560638602204,0.0,2.0,Failure
4368,sz300831,2026-03-06,score_filtered,0.22049102969808418,0.5393911372223048,-0.008663364826360173,22,-0.09711684531296827,2.0,1.0,Pullback
4369,sz301373,2026-03-06,score_filtered,0.2181464676914192,0.0028376435690962154,0.000608217978441719,22,0.19573159878465018,1.0,0.0,Smooth
4370,bj920375,2026-03-09,expired,0.3833560454408686,0.8965156381452117,-0.019324761292990426,22,-0.28928198046704245,0.0,2.0,Failure
4371,sz002498,2026-03-09,expired,0.2949771758297642,0.7562924997292618,-0.011415893337729709,22,-0.19896369692802218,0.0,2.0,Failure
4372,bj920014,2026-03-09,operable_filtered,0.28826815404344597,0.8911460176673726,-0.0137797093422011,22,-0.24893222220670586,0.0,2.0,Failure
4373,sh601567,2026-03-09,operable_filtered,0.2516339676693639,0.8819806561350668,-0.012022888577810267,22,-0.21758981719636705,0.0,2.0,Failure
4374,bj920088,2026-03-09,operable_filtered,0.34950415774185245,0.7570341177082767,-0.01699546397961212,22,-0.23476781329709884,0.0,2.0,Failure
4375,bj920090,2026-03-09,operable_filtered,0.23970943876614406,0.8364667029086124,-0.013404734300991771,22,-0.2281368497284234,0.0,2.0,Failure
4376,sz002667,2026-03-09,score_filtered,0.32735426584291444,0.8318348602764432,-0.014508836603355783,22,-0.16694435823629805,0.0,2.0,Failure
4377,bj920571,2026-03-09,score_filtered,0.17335472237553384,0.5304298117574736,-0.005005555487725136,22,-0.08460842569138605,2.0,1.0,Pullback
4378,sz002470,2026-03-09,score_filtered,0.23821985950654467,0.13652114491023704,-0.004064641895836789,22,0.0033898272208872093,1.0,0.0,Smooth
4379,sh600590,2026-03-09,score_filtered,0.22475187486367132,0.5155952026434534,-0.007878350212853272,22,-0.1626113152973998,2.0,1.0,Pullback
4380,bj920207,2026-03-09,score_filtered,0.29100260046627563,0.5698251953900988,-0.01157439450787084,22,-0.19407005799779586,2.0,1.0,Pullback
4381,bj920046,2026-03-09,score_filtered,0.3208053896091128,0.9386691319388497,-0.017937555857653765,22,-0.3375902191248077,0.0,2.0,Failure
4382,sh600673,2026-03-09,score_filtered,0.2623941686699594,0.6216263009871048,-0.01018841181801725,22,-0.1904394725384443,0.0,2.0,Failure
4383,bj920010,2026-03-09,score_filtered,0.25523812430245535,0.16759102807991466,-0.004793224045671475,22,-0.10812882297062087,1.0,0.0,Smooth
4384,sz300017,2026-03-09,score_filtered,0.22299809638077925,0.3137202210832213,-0.004975879371688867,22,-0.11966643941871424,2.0,1.0,Pullback
4385,sz301120,2026-03-09,score_filtered,0.2837977325974611,0.7599304421207251,-0.012738113611782483,22,-0.23484587771233123,0.0,2.0,Failure
4386,sz000534,2026-03-09,score_filtered,0.24786325715220814,0.460671549533777,-0.00825329935522632,22,-0.128436569792306,2.0,1.0,Pullback
4387,sh688176,2026-03-09,score_filtered,0.2562120478709735,0.325658597744074,-0.0070270580717402935,22,-0.17149613510931438,2.0,1.0,Pullback
4388,bj920375,2026-03-10,filtered,0.3833560454408686,0.8841107369109631,-0.018878409670747748,22,-0.29699435656033224,0.0,2.0,Failure
4389,sz000988,2026-03-10,operable_filtered,0.25464960896454103,0.4486063961551455,-0.0073871526461624535,22,-0.1405694397056122,2.0,1.0,Pullback
4390,sh688191,2026-03-10,operable_filtered,0.27527271617542615,0.8676660283285829,-0.0137665918647089,22,-0.23834295735901356,0.0,2.0,Failure
4391,sh601789,2026-03-10,operable_filtered,0.3187500238418579,0.7206726461849514,-0.01229870794078262,22,-0.23698629779067637,0.0,2.0,Failure
4392,sz301373,2026-03-10,operable_filtered,0.2181464676914192,0.12282244044915203,0.004571955643081903,22,0.09232808859543762,1.0,0.0,Smooth
4393,sz300257,2026-03-10,operable_filtered,0.22284797986772853,0.5379839321860054,-0.00638247636322921,22,-0.1365345488869404,2.0,1.0,Pullback
4394,sz000533,2026-03-10,operable_filtered,0.3594322493875787,0.7575619670992834,-0.01652491743084319,22,-0.18186909910708982,0.0,2.0,Failure
4395,bj920014,2026-03-10,score_filtered,0.30167596277153746,0.8908474067525897,-0.013765339495903101,22,-0.279532197661546,0.0,2.0,Failure
4396,sz002350,2026-03-10,score_filtered,0.15052429145700735,3.688284679892462e-07,-4.673797775333043e-06,22,-0.04311454812989923,1.0,0.0,Smooth
4397,bj920368,2026-03-10,score_filtered,0.23450545426253433,0.8550157065087038,-0.01212091900647053,22,-0.21683963188126087,0.0,2.0,Failure
4398,sh688158,2026-03-10,score_filtered,0.22476547305288508,0.1569065074374526,-0.003995828798298627,22,-0.13046875401632851,1.0,0.0,Smooth
4399,sh603618,2026-03-10,score_filtered,0.14581457566341527,0.7242567196276124,0.01995274035309826,22,0.17087380546507225,0.0,2.0,Failure
4400,sz002506,2026-03-10,score_filtered,0.2971698590638832,0.7153436998808629,-0.01458880679719821,22,-0.2550335522143885,0.0,2.0,Failure
4401,sh688530,2026-03-10,score_filtered,0.24086790701777527,0.040857899981049495,-0.0020541096775057647,22,-0.03320260348186399,1.0,0.0,Smooth
4402,sz300749,2026-03-10,score_filtered,0.29526751888387925,0.8797335144070553,-0.017012911109844674,22,-0.272948173878511,0.0,2.0,Failure
4403,sh688035,2026-03-10,score_filtered,0.2977060092995897,0.46794622732763624,-0.009526802966649687,22,-0.1359715250055682,2.0,1.0,Pullback
4404,sz300819,2026-03-10,score_filtered,0.31448949909887813,0.3800975114249586,-0.009153726406950365,22,-0.14327806424694955,2.0,1.0,Pullback
4405,bj920375,2026-03-11,traded,0.3833560454408686,0.8593089406015875,-0.017783813965384886,22,-0.35211264389513197,0.0,2.0,Failure
4406,bj920014,2026-03-11,operable_filtered,0.30167596277153746,0.876571711460765,-0.012536344197401844,22,-0.21144276334963163,0.0,2.0,Failure
4407,sh601789,2026-03-11,operable_filtered,0.3187500238418579,0.6605361388808895,-0.010489348469748359,22,-0.24999998406292923,0.0,2.0,Failure
4408,sz000988,2026-03-11,operable_filtered,0.25464960896454103,0.14617516230246452,-0.003765916897742446,22,-0.02142296975043534,1.0,0.0,Smooth
4409,sz002350,2026-03-11,score_filtered,0.15052429145700735,0.030791695519415185,0.0012467384884540789,22,-0.05328943921753526,1.0,0.0,Smooth
4410,sz300164,2026-03-11,score_filtered,0.33654732076637583,0.8737894225079036,-0.018985381143991877,22,-0.23633603351219235,0.0,2.0,Failure
4411,sz300257,2026-03-11,score_filtered,0.2159090838719426,0.4673511798550004,-0.005284528296577304,22,-0.1396028726540699,2.0,1.0,Pullback
4412,sz000533,2026-03-11,score_filtered,0.3594322493875787,0.7476561890800416,-0.01634441099585641,22,-0.21762209916471498,0.0,2.0,Failure
4413,sz002470,2026-03-11,score_filtered,0.23821985950654467,0.27736715245473864,-0.005880632913302354,22,-0.006825931901308424,2.0,1.0,Pullback
4414,sz301265,2026-03-11,score_filtered,0.14644710450345014,0.004823278450192481,0.0005115858035512304,22,0.09691009530313632,1.0,0.0,Smooth
4415,bj920779,2026-03-11,score_filtered,0.22123044185421342,0.49262911391979647,-0.006341705470758444,22,-0.07395666117065458,2.0,1.0,Pullback
4416,sz003035,2026-03-11,score_filtered,0.33636361902410333,0.7206471585797943,-0.014508531426440591,22,-0.2801886943533306,0.0,2.0,Failure
4417,sh603778,2026-03-11,score_filtered,0.0804953526092662,0.8182841480308491,0.020694189785817354,22,0.5045453851873225,0.0,2.0,Failure
4418,sh600227,2026-03-11,score_filtered,0.307407417872969,0.48675924681782634,-0.011309361020898967,22,-0.04534006686650183,2.0,1.0,Pullback
4419,sh688158,2026-03-11,score_filtered,0.22476547305288508,0.03513680049021284,-0.001609288307565729,22,-0.06679106963606951,1.0,0.0,Smooth
4420,sz301396,2026-03-11,score_filtered,0.16702403553753697,0.5673837841663318,0.010838165107428374,22,0.2981731063784243,2.0,1.0,Pullback
4421,sh603588,2026-03-11,score_filtered,0.17153288058942176,0.267455230662649,0.006356550468900457,22,0.005018875751968244,2.0,1.0,Pullback
4422,sz001267,2026-03-11,score_filtered,0.21749699161917674,0.005848672689208634,-0.000615732536525771,22,-0.0699543230805848,1.0,0.0,Smooth
