signal_idx,stock_code,t0_date,status,max_drawdown,mfe,path_quality,n_future_bars,final_return
0,bj920152,2025-02-21,traded,0.20750785977454173,0.4034146564762766,0.16224059753806763,22,0.050731751976943684
1,bj920171,2025-02-21,traded,0.2111111217074924,0.41294069823657953,0.16664827274027227,22,0.18138857613964432
2,bj920249,2025-02-21,traded,0.3383928594996735,0.49732617389116407,0.11874937411942277,22,-0.0033422587304389184
3,bj920092,2025-02-21,filtered,0.25383356855225764,0.1788461391742413,-0.05980652556989752,22,-0.12846154433030343
4,bj920130,2025-02-21,expired,0.38464287349155973,1.5688074293506666,0.8552129784000404,22,0.559633082105762
5,bj920395,2025-02-21,expired,0.21748872825344506,0.20670994531647846,-0.008853291769221783,22,-0.037878726890169134
6,bj920906,2025-02-21,traded,0.32775001525878905,0.5455951042161913,0.16407086157324757,22,0.04404951058596951
7,bj920522,2025-02-21,expired,0.24476608036933448,0.2896666208902994,0.03607146855065513,22,-0.023000017801920625
8,bj920627,2025-02-21,filtered,0.2492699213890805,0.41723093593195837,0.13444733733452874,22,0.07975924925953892
9,bj920556,2025-02-21,expired,0.20904371702524302,0.13552185531717176,-0.060809928270390445,22,-0.08333331326442961
10,bj920876,2025-02-21,traded,0.3026285561358103,0.5353572028023856,0.1786607898086885,22,0.04571431023733963
11,bj920953,2025-02-21,expired,0.21979860538945292,0.1322969918971615,-0.07173447576155756,22,-0.1497409629560622
12,bj920790,2025-02-21,operable_filtered,0.23279998779296876,0.0,-0.18883840858056866,22,-0.239800033569336
13,bj920207,2025-02-21,filtered,0.36808703908153984,0.576277216601143,0.15217612006570191,22,-0.0014290463917754348
14,bj920924,2025-02-21,expired,0.3446919877689703,0.017333306206597232,-0.24344510455922796,22,-0.3471111297607422
15,bj920932,2025-02-21,filtered,0.2593301519244281,0.24738887886485705,-0.00948224184208013,22,-0.02118767890287887
16,bj920152,2025-02-24,traded,0.21689258504805764,0.5206131258853117,0.24958697634373328,22,0.15274838150077485
17,sz002527,2025-02-24,expired,0.2678571376439087,0.06290671441520068,-0.1616510387042287,22,-0.18221260916700277
18,bj920662,2025-02-24,expired,0.270718257952142,0.3115942124132598,0.032167598289641886,22,-0.07282609424278574
19,bj920855,2025-02-24,expired,0.22029703807796538,0.1274418498194494,-0.07609228356791553,22,-0.06093020771825042
20,bj920491,2025-02-24,expired,0.24988237268784466,0.13788491931123414,-0.08960639482878896,22,-0.14832661939778236
21,bj920207,2025-02-24,breakout_support_filtered,0.36808703908153984,0.6280442181119994,0.19001508793254906,22,0.0
22,bj920978,2025-02-24,breakout_support_filtered,0.17318842828186107,0.27777777287204586,0.08914965581731527,22,0.11712957104701349
23,bj920407,2025-02-24,traded,0.262152807097191,0.23737919784005923,-0.019628058597839892,22,-0.09738636559195002
24,bj920556,2025-02-24,expired,0.20904371702524302,0.1629309765082072,-0.03813984545612015,22,-0.08534488726172329
25,bj920924,2025-02-24,traded,0.3172288433182684,0.2905882667092716,-0.020224713985070197,22,-0.14117644814883956
26,bj920363,2025-02-24,expired,0.2927864386706158,0.4225353058593886,0.10036372853833053,22,0.009054341688857548
27,bj920693,2025-02-24,filtered,0.15917263879495083,0.15833330154418945,-0.000724083042223933,22,-0.05666669209798181
28,bj920184,2025-02-24,traded,0.17782909803551897,0.13573768490650617,-0.0357364351069408,22,-0.053770471791752095
29,sh600590,2025-02-24,filtered,0.3092369065684875,0.38333331214057065,0.05659510910541776,21,-0.011111153496636272
30,bj920010,2025-02-24,filtered,0.3014851918934287,0.9092628458038421,0.4669877595965617,22,0.30340265229629093
31,bj920593,2025-02-24,expired,0.26323320635503444,0.13106799981901784,-0.10462455061434739,22,-0.14126213025907408
32,bj920415,2025-02-24,traded,0.2276964452626939,0.12593705292048818,-0.08288644374174436,22,-0.142428803041997
33,bj920706,2025-02-24,expired,0.2779893785522643,0.4271739550709508,0.11673381565008478,22,0.061413102801221475
34,bj920895,2025-02-24,traded,0.2518450606533338,0.38265305377701253,0.1044921590020178,22,0.10331625640020059
35,sz002599,2025-02-24,expired,0.30273972334300725,0.11450381345956195,-0.1444923391146823,22,-0.2290076269191239
36,bj920152,2025-02-25,expired,0.21689258504805764,0.4102941664582451,0.15893069264001602,22,0.08039222194432694
37,bj920146,2025-02-25,traded,0.2140319536788706,0.18526318198756164,-0.02369688178645646,22,-0.08315789072137125
38,bj920395,2025-02-25,filtered,0.21748872825344506,0.12626263112781522,-0.07492972625422056,22,-0.0944443941383899
39,sz002527,2025-02-25,expired,0.25839792772242964,0.05564650638347857,-0.16111868660329898,22,-0.21331150374721686
40,bj920855,2025-02-25,expired,0.1670339720723481,0.011591628414817201,-0.1331943605561935,22,-0.12572446083175026
41,bj920663,2025-02-25,expired,0.34210526315789475,0.3194444793977864,-0.016884505546747364,22,0.01388894223872672
42,bj920207,2025-02-25,filtered,0.3699002740235797,0.44183001247942033,0.05250728087277001,22,-0.11633985037785133
43,bj920273,2025-02-25,traded,0.15795906350754252,0.22974329275028804,0.06199202675205617,22,0.15538518807354418
44,bj920010,2025-02-25,traded,0.30940597611961834,0.7750439859228286,0.3556101150409541,22,0.15553598297800297
45,bj920837,2025-02-25,traded,0.3294603004116956,0.7657181278217731,0.32814656238699347,22,0.24222375143926866
46,bj920706,2025-02-25,traded,0.2779893785522643,0.40804293651515233,0.10176419315019336,22,0.0010724106258854782
47,bj920378,2025-02-25,expired,0.24324323163289094,0.4637362711067694,0.17735309862437787,22,0.045421308172912234
48,bj920493,2025-02-25,operable_filtered,0.2963070691373833,0.10045662100456632,-0.15108337584176257,22,-0.2691780682568137
49,bj920895,2025-02-25,operable_filtered,0.2518450606533338,0.3721519014847201,0.09610361906017229,22,0.16265826692872998
50,bj920510,2025-02-25,operable_filtered,0.2118055081845789,0.1519999694824219,-0.04935242355165759,22,-0.04480003356933593
51,bj920454,2025-02-25,operable_filtered,0.30304344840671704,0.3731343283582089,0.05379013265996213,22,-0.03522388970673973
52,bj920834,2025-02-25,operable_filtered,0.19782778299581721,0.34757280169046645,0.12501381318784466,22,0.34757280169046645
53,bj920570,2025-02-25,operable_filtered,0.2607348243207142,0.7430554213292788,0.3825710115276937,22,0.22916665644639167
54,bj920152,2025-02-26,breakout_support_filtered,0.2356621681879711,0.39660193810690836,0.13024576948483113,22,0.024271844210729476
55,bj920690,2025-02-26,expired,0.2423755804019099,0.17237485797179852,-0.056344251717718064,22,-0.11065113164567797
56,bj920395,2025-02-26,filtered,0.21748872825344506,0.16206350268117142,-0.045524220706161356,22,-0.10109434497485215
57,bj920662,2025-02-26,expired,0.2790055295194862,0.15213242122974946,-0.0991966847378698,22,-0.21992361014109707
58,bj920663,2025-02-26,expired,0.34210526315789475,0.25412544411953064,-0.06555359065603594,22,-0.08613857322513019
59,sz002501,2025-02-26,expired,0.28472227051302046,0.010526389758675148,-0.21342813699715213,22,-0.2210525954749324
60,bj920171,2025-02-26,filtered,0.2111111217074924,0.3552998088661119,0.1190548782636347,22,0.19142251762036322
61,bj920455,2025-02-26,expired,0.30666669209798175,0.6666666666666667,0.2755101792567083,22,0.12222226460774732
62,bj920924,2025-02-26,traded,0.32771195802372605,0.2430595472094732,-0.0637581143279422,22,-0.1900849640083846
63,bj920876,2025-02-26,expired,0.327983292354252,0.4118226798466855,0.06313286317315248,22,-0.10706076017080324
64,bj920207,2025-02-26,expired,0.3814596197597519,0.2289692773433556,-0.11038349600324604,22,-0.27493037380843843
65,bj920522,2025-02-26,breakout_support_filtered,0.25329541444582226,0.228253924657428,-0.01998051656437838,22,-0.10730156065925722
66,bj920579,2025-02-26,expired,0.32299630093503817,0.778252462738926,0.3441099279583262,22,0.11145634327119991
67,bj920491,2025-02-26,operable_filtered,0.17792676213837103,0.025383371026415746,-0.12950159213212276,22,-0.1589106366308174
68,bj920273,2025-02-26,filtered,0.15795906350754252,0.2805556265660294,0.10587296815755542,22,0.10520835996226108
69,bj920092,2025-02-26,filtered,0.2660684789818579,0.17929972637362668,-0.06853401221868238,22,-0.16641011518580506
70,bj920593,2025-02-26,expired,0.23019433743841888,0.06937340245073553,-0.13072807286900212,22,-0.16496162832934613
71,bj920896,2025-02-26,expired,0.23968489970823145,0.26470587969172255,0.020183338515601834,22,-0.08064519777477197
72,bj920152,2025-02-27,traded,0.2669447404580527,0.19875001907348633,-0.05382612138230369,22,-0.15416669845581055
73,bj920273,2025-02-27,expired,0.13971928575085998,0.2179656615523311,0.06865407717473304,22,0.19055476947065597
74,bj920690,2025-02-27,expired,0.2423755804019099,0.17193377381270603,-0.05669928458060636,22,-0.13468773265545197
75,bj920171,2025-02-27,traded,0.16617737893572637,0.1736111167100447,0.0063744486118419985,22,0.0386474225626221
76,sz002501,2025-02-27,filtered,0.16226417029527734,0.122881446255247,-0.03388448602870131,22,-0.08474568565903096
77,bj920663,2025-02-27,expired,0.2653540729713612,0.0,-0.2097073685851778,22,-0.24478396459494478
78,bj920508,2025-02-27,traded,0.3234693566147162,0.2723968355148232,-0.03858987806905534,22,-0.1625551439723868
79,bj920522,2025-02-27,expired,0.267381744134077,0.09977254949076286,-0.13224838957880913,22,-0.20864127597827253
80,bj920026,2025-02-27,traded,0.37906974969908247,0.5574067022612961,0.1293168475351789,22,-0.05758783474969453
81,bj920002,2025-02-27,expired,0.4259113047228268,0.3433993393483037,-0.05786612750823372,22,-0.23117734523475275
82,bj920239,2025-02-27,filtered,0.3131666819254557,0.1843663675625733,-0.0980837513894478,22,-0.2094354647119795
83,sh600589,2025-02-27,expired,0.2889115131871912,0.4042857033865792,0.08951288666364188,22,0.10142857687813889
84,bj920023,2025-02-27,expired,0.18209412114065812,0.02968750849831836,-0.128929338126879,22,-0.18125004796311184
85,bj920207,2025-02-27,expired,0.36363634289529506,0.04499998092651358,-0.23366666899787047,22,-0.35
86,bj920876,2025-02-27,expired,0.3719469889315219,0.20521457486068395,-0.1215297787859062,22,-0.24642555254828635
87,bj920092,2025-02-27,traded,0.26166667938232424,0.04638995187187933,-0.17062884439164083,22,-0.244332024489904
88,bj920839,2025-02-27,traded,0.3262499809265137,0.6000000000000001,0.20640906541785253,22,0.034400024414062536
89,bj920906,2025-02-27,filtered,0.3762499809265137,0.509433962264151,0.09677310313056342,22,-0.09207549185123087
90,bj920284,2025-02-27,expired,0.41581702319911923,0.6495454961603337,0.16508381318448317,22,-0.050454573197798336
91,bj920152,2025-02-28,traded,0.2669447404580527,0.30535386854249147,0.030316340451085777,22,-0.0812160091275802
92,bj920455,2025-02-28,traded,0.31800003051757814,0.4851484587584973,0.12681974534953544,22,0.013861325184233886
93,bj920663,2025-02-28,expired,0.21036007199970022,0.11991508081908986,-0.07472568971246829,22,-0.10576581969233867
94,bj920284,2025-02-28,expired,0.41581702319911923,0.2702135562886159,-0.10284059629506637,22,-0.23976200401257552
95,bj920089,2025-02-28,expired,0.19365252027545438,0.1165165512615709,-0.06462179545860058,22,-0.08948947779313454
96,bj920522,2025-02-28,expired,0.267381744134077,0.13794113607967606,-0.10213229648722733,22,-0.1798529344446519
97,bj920002,2025-02-28,expired,0.4283110875771028,0.4313044009001359,0.0020957012439850597,22,-0.209260890794837
98,bj920023,2025-02-28,expired,0.16692425946339384,0.052032469896262645,-0.09845693808779299,22,-0.12357727107261607
99,bj920810,2025-02-28,expired,0.49192406234008595,0.9605556064181857,0.3141121963962765,22,0.016666624281141518
100,sh600589,2025-02-28,expired,0.2889115131871912,0.3392370189856544,0.03904496568117355,22,-0.016348822874878488
101,bj920508,2025-02-28,traded,0.3234693566147162,0.240506329113924,-0.06268602071226048,22,-0.18253162239171283
102,bj920779,2025-02-28,expired,0.35294117647058826,0.6037735849056605,0.18539786710418382,22,-0.0026414979178950304
103,bj920690,2025-02-28,expired,0.2423755804019099,0.20084807159630746,-0.033425889449765434,22,-0.0971472785613503
104,bj920239,2025-02-28,filtered,0.3158333460489909,0.2474012869726261,-0.05200663084108892,22,-0.15841994123938485
105,bj920237,2025-02-28,expired,0.3295823381081578,0.30169011505556775,-0.020978184090710283,22,-0.14140846359897663
106,bj920299,2025-02-28,traded,0.24627198654633967,0.6013024348368541,0.2848739698260989,22,0.26628078049480663
107,bj920706,2025-02-28,operable_filtered,0.3427265773631421,0.25047620137532545,-0.0687037685430929,22,-0.20047614687965032
108,bj920971,2025-02-28,operable_filtered,0.16330748243489657,0.10697945584695123,-0.048420583068928824,22,-0.08895877529883067
109,sz000096,2025-02-28,operable_filtered,0.1284755621649339,0.0388446558570279,-0.0794265372800389,22,-0.023904359763948557
110,bj920527,2025-02-28,operable_filtered,0.22174326373855147,0.1599999533759222,-0.05053705814893861,22,-0.11166667938232422
111,bj920508,2025-03-03,expired,0.2633332994249132,0.022727272727272707,-0.1904533243975819,22,-0.2629545385187323
112,bj920663,2025-03-03,expired,0.21036007199970022,0.17782741204926378,-0.026878497319138717,22,-0.06584816241357949
113,bj920284,2025-03-03,expired,0.3709198729083263,0.1316319672904449,-0.1745455079808903,22,-0.23774344393756164
114,bj920152,2025-03-03,traded,0.2704205965539375,0.38250846689586004,0.08822894610333387,22,-0.017779862632399612
115,bj920237,2025-03-03,expired,0.29558890712391683,0.041933202941356607,-0.19578409693677568,22,-0.26131246194114144
116,bj920522,2025-03-03,expired,0.2101156293953133,0.10245773157117366,-0.08896496765183959,22,-0.1228878677037174
117,bj920239,2025-03-03,filtered,0.2560710581726812,0.003272732821377744,-0.20126116568522157,22,-0.24745455655184656
118,bj920839,2025-03-03,expired,0.33125,0.5390534956622313,0.1560965225631783,22,0.014236277125503127
119,bj920002,2025-03-03,expired,0.4289186116986888,0.31155383349414834,-0.08213538352965954,22,-0.27569719899698086
120,bj920252,2025-03-03,expired,0.25584414501364994,0.050000017339532965,-0.16390897588002817,22,-0.2259090596979315
121,bj920207,2025-03-03,expired,0.3377500057220459,0.1428571428571428,-0.14568705814335647,22,-0.2571428571428571
122,bj920810,2025-03-03,traded,0.49192406234008595,0.7913705354731009,0.20071160502856467,22,-0.09949243227992832
123,bj920001,2025-03-03,expired,0.18439201685611611,0.14553015014680626,-0.03281165877195458,22,-0.03575878296402146
124,bj920299,2025-03-03,expired,0.24627198654633967,0.48723111495742666,0.19334393375785597,22,0.1572580094702165
125,bj920346,2025-03-03,expired,0.2914285535936232,0.21069185294605597,-0.06251735755950527,22,-0.1446540435372129
126,bj920274,2025-03-03,expired,0.3272818858339783,0.35915008336642984,0.024010120135428137,22,-0.10623716069392453
127,bj920527,2025-03-03,filtered,0.22174326373855147,0.11300633827396944,-0.08900145283538996,22,-0.135394503440192
128,bj920123,2025-03-03,expired,0.3559451308710848,0.13103443569859352,-0.16587005628170548,22,-0.2163793229603168
129,bj920856,2025-03-04,expired,0.47669177036938315,0.7741219178276206,0.20141654028710243,22,-0.08848376128814983
130,bj920839,2025-03-04,expired,0.33125,0.510574044240405,0.13470350741063286,22,0.049471351810317366
131,bj920284,2025-03-04,expired,0.3709198729083263,0.16206899182549828,-0.1523436089957344,22,-0.2531034535375135
132,bj920663,2025-03-04,expired,0.20204276856433753,0.11892856870378776,-0.06914412867340602,22,-0.12892859322684147
133,bj920779,2025-03-04,expired,0.33073980721574686,0.10917809891374142,-0.16649513834381346,22,-0.2767123392183487
134,sz002575,2025-03-04,expired,0.3071697882886203,0.025541789609703658,-0.2154486748409562,22,-0.2964396208273612
135,bj920876,2025-03-04,operable_filtered,0.39203201252357434,0.12819148644757727,-0.18953624895284427,22,-0.3303191136428798
136,bj920239,2025-03-04,expired,0.24761733497397007,0.04321227856976706,-0.1638363388149522,22,-0.22313572350256905
137,bj920006,2025-03-04,expired,0.2567756440059372,0.15451615856539824,-0.08136653978636132,22,-0.10709676434916837
138,bj920237,2025-03-04,expired,0.25831938705477886,0.04503375486834371,-0.16950039424064767,22,-0.20815615081501093
139,bj920002,2025-03-04,expired,0.4415122214526547,0.06222496106842845,-0.2631176168607209,22,-0.42305813400020587
140,bj920274,2025-03-04,expired,0.3272818858339783,0.2654754197292879,-0.046566194238276126,22,-0.1435864702645323
141,bj920810,2025-03-04,traded,0.4930575538246312,0.8097436366937099,0.21210574371888913,22,-0.14410253671499396
142,bj920123,2025-03-04,expired,0.2790102716092058,0.017802858670771027,-0.20422620422726767,22,-0.17498916919192276
143,bj920533,2025-03-04,operable_filtered,0.2773778049411372,0.09278694528048148,-0.14450764601249821,22,-0.2327868977531058
144,bj920651,2025-03-04,traded,0.24264316059395385,0.2938733768720274,0.04122681225202807,22,0.021806891015060836
145,bj920527,2025-03-04,traded,0.22174326373855147,0.09894732425087382,-0.10050879193057327,22,-0.125263113724558
146,bj920418,2025-03-04,operable_filtered,0.3042317835113453,0.1281720233219925,-0.1349911590985401,22,-0.22795695643271174
147,bj920856,2025-03-05,expired,0.5162907644366208,0.7484663479171116,0.15312075290965432,22,-0.33391761557680333
148,bj920599,2025-03-05,expired,0.11547797174347763,0.07399687528792853,-0.03718683605263362,22,-0.13027618188770262
149,bj920839,2025-03-05,expired,0.3425000190734863,0.4814814814814814,0.10352436531353781,22,-0.1551852049650969
150,bj920267,2025-03-05,expired,0.29658866917724713,0.049408343826572665,-0.19063896764385835,22,-0.4088757398453151
151,bj920455,2025-03-05,traded,0.3333333333333333,0.2931034057517412,-0.030172445686194038,22,-0.29051730417326227
152,bj920779,2025-03-05,expired,0.3662509789178998,0.06189191663587423,-0.22276951085743013,22,-0.4182432535532359
153,bj920299,2025-03-05,expired,0.15757570970229753,0.08791200038733837,-0.06018069378189972,22,-0.2082417998160142
154,bj920906,2025-03-05,traded,0.4304999828338623,0.3793103448275863,-0.03578443804303144,22,-0.3724137667951912
155,bj920978,2025-03-05,expired,0.23398544123039572,0.006952503260689635,-0.18398348180131974,22,-0.33874077856956364
156,bj920651,2025-03-05,filtered,0.25093635099214273,0.33262039518088815,0.06529832163239968,22,-0.15543667813161155
157,bj920284,2025-03-05,expired,0.39287837919063445,0.07667736691307003,-0.22701265020805383,22,-0.4683706135703044
158,bj920363,2025-03-05,expired,0.3490099221919131,0.24856517275652634,-0.07445812501673899,22,-0.36600441949106544
159,bj920425,2025-03-05,expired,0.3761868436117087,0.11982764583516725,-0.18628226171945095,22,-0.4410919198461931
160,bj920274,2025-03-05,expired,0.3449319303532077,0.31237593476337366,-0.024206426254809843,22,-0.23362010676229583
161,bj920123,2025-03-05,expired,0.2435094224217112,0.04197759310223037,-0.16206699015356174,22,-0.179104480267527
162,bj920006,2025-03-05,breakout_support_filtered,0.2567756440059372,0.23840835252396686,-0.014614614445761509,22,-0.1667819985621627
163,bj920145,2025-03-05,traded,0.28185325654745297,0.608695590364075,0.25497640400504196,22,0.0993789033266883
164,bj920418,2025-03-05,operable_filtered,0.32874772202456315,0.02979167302449537,-0.22499082711092788,22,-0.41666666666666663
165,bj920856,2025-03-06,expired,0.584461170685611,0.3344482285929935,-0.1577905137204686,22,-0.4581939475042789
166,bj920267,2025-03-06,expired,0.34869618434264543,0.03417999916744141,-0.23320017423234518,22,-0.33145186256275894
167,bj920541,2025-03-06,traded,0.2695000171661377,0.24610597823697278,-0.018427757867531702,22,-0.07414327956075606
168,bj920706,2025-03-06,expired,0.3210364634456684,0.040676477656952814,-0.21222728785051903,22,-0.32221204330309205
169,bj920833,2025-03-06,expired,0.4991329280933944,1.1110433046125485,0.40817619642134395,22,0.037217854366536685
170,bj920145,2025-03-06,breakout_support_filtered,0.2899614030692407,0.6413181278079529,0.2723777036295192,22,0.15969578876633284
171,bj920006,2025-03-06,expired,0.2567756440059372,0.18118817876905635,-0.0601439609347838,22,-0.08712869492152986
172,bj920249,2025-03-06,expired,0.4491400575916176,0.05440420652416034,-0.2723931679340119,22,-0.422279789673792
173,bj920152,2025-03-06,traded,0.3924226880740526,0.28494869325744143,-0.07718489201383616,22,-0.2349263230133758
174,bj920837,2025-03-06,traded,0.4853823318895248,0.45792357472585765,-0.018485986115599817,22,-0.24972676969129093
175,bj920455,2025-03-06,expired,0.3927097698162078,0.13593748009298023,-0.18436884359410588,22,-0.3101562662399372
176,bj920123,2025-03-06,expired,0.22263110411886414,0.026440012175332095,-0.16046630196352207,22,-0.037299381687652344
177,bj920425,2025-03-06,expired,0.45855787219580113,0.18090912790009472,-0.19035840098529466,22,-0.36393940087520715
178,bj920207,2025-03-06,expired,0.4611740350367728,0.02068781387721641,-0.3014604767107505,22,-0.45620636466126885
179,bj920299,2025-03-06,expired,0.21010096232485384,0.15049391576811066,-0.049257911870614235,22,-0.10749561453867429
180,bj920284,2025-03-06,expired,0.3783244411446298,0.05506838590740326,-0.23452827620816075,22,-0.3511048806916979
181,bj920779,2025-03-06,expired,0.3436619933222381,0.014285714285714235,-0.24513328550890456,22,-0.3342857360839844
182,bj920810,2025-03-06,traded,0.5976197381446584,0.8408972756952544,0.15227499494536678,22,-0.29055814672177316
183,sh603583,2025-03-06,expired,0.3742435801019681,0.04920633863399626,-0.23652083675286606,22,-0.37797620173935054
184,bj920634,2025-03-07,expired,0.4658187347299475,0.624723179317866,0.10840661319367961,22,-0.05867159152053336
185,bj920856,2025-03-07,expired,0.5518918939538904,0.0051616033583428145,-0.352299211514402,22,-0.42787289648885163
186,bj920001,2025-03-07,traded,0.3771324746779558,0.06494002100221552,-0.22669747421993436,22,-0.26865096781904096
187,bj920267,2025-03-07,expired,0.32875001430511475,0.02564100056083385,-0.22811590628865974,22,-0.22435896887268236
188,bj920006,2025-03-07,expired,0.2475247092035106,0.1276663020487665,-0.09607698049625679,22,0.1276663020487665
189,bj920839,2025-03-07,expired,0.3875,0.41442712265876835,0.019406935249562718,22,-0.00848655464253567
190,bj920599,2025-03-07,expired,0.16060171156077196,0.09627667269916418,-0.05542387041210173,22,-0.03457444919725983
191,bj920089,2025-03-07,traded,0.30597822160261035,0.06296939261797663,-0.18607418176271673,22,-0.20277292798959823
192,bj920837,2025-03-07,expired,0.4853823318895248,0.4921701094773363,0.004569717467405754,22,-0.1414988198013093
193,bj920008,2025-03-07,expired,0.38936938036669483,0.3713861706435537,-0.012943433169942842,22,0.033358004284676834
194,bj920455,2025-03-07,expired,0.3927097698162078,0.2322033666804142,-0.11524756027020278,22,-0.18220343537729178
195,bj920870,2025-03-07,traded,0.4063377453043112,0.1383561981472241,-0.19055276589984427,22,-0.24931503103099506
196,bj920374,2025-03-07,traded,0.439410620479328,0.05596841083490922,-0.26638834269315825,22,-0.3539247838463788
197,bj920130,2025-03-07,expired,0.47874999046325684,0.5275504700787153,0.03300116985980184,22,-0.15902891292885823
198,bj920976,2025-03-07,expired,0.4363740807419864,0.10664559489086489,-0.2295561374101056,22,-0.3291139080058
199,sh601177,2025-03-07,traded,0.36426117894297005,0.05818184939297755,-0.22435537584316734,22,-0.29909090562300245
200,bj920651,2025-03-07,expired,0.3271803397570534,0.2979167381370529,-0.02204945382581347,22,-0.060069430141168945
201,bj920810,2025-03-07,operable_filtered,0.5976197381446584,0.6040909507057883,0.004050533682467439,22,-0.29090907356955786
202,bj920599,2025-03-10,expired,0.16060171156077196,0.07343748913457038,-0.07510261406471941,22,-0.02812504656612691
203,bj920856,2025-03-10,operable_filtered,0.4452994224734554,0.013220318293167388,-0.2989547338508147,22,-0.2247457342632746
204,bj920634,2025-03-10,expired,0.4658187347299475,0.4885057096977974,0.015477340021874841,22,-0.1112237666215149
205,bj920427,2025-03-10,expired,0.3470247620861272,0.02648647411449545,-0.2379602045883823,22,-0.27729730348329285
206,bj920541,2025-03-10,expired,0.1972527997675969,0.16887812122707624,-0.023699822248090308,22,0.03739450193524574
207,sz002093,2025-03-10,expired,0.3677581933565054,0.42421530562654186,0.04127711502242204,22,-0.06008969499698158
208,bj920839,2025-03-10,expired,0.3875,0.508864566376775,0.087469957749027,22,0.07921540412443462
209,bj920008,2025-03-10,expired,0.38936938036669483,0.30927107334549775,-0.05765083652560188,22,-0.009200268819623436
210,bj920579,2025-03-10,expired,0.48678751845075474,0.3644219023176103,-0.08230202003622589,22,-0.17967820142714686
211,bj920896,2025-03-10,expired,0.407335883878257,0.07916665077209473,-0.23318472645052724,22,-0.2799999713897705
212,bj920879,2025-03-10,expired,0.2092911449965941,0.04399995803833012,-0.1366843606208078,22,-0.08750000000000002
213,bj920837,2025-03-10,expired,0.4853823318895248,0.39393945433484356,-0.061561845453189545,22,-0.14838036798077747
214,bj920130,2025-03-10,expired,0.47874999046325684,0.37154047241328403,-0.07250009720465778,22,-0.21160917993822492
215,bj920006,2025-03-10,expired,0.2475247092035106,0.3450899523947679,0.07820706273108469,22,0.2164592051302665
216,sh605208,2025-03-10,expired,0.46153844899836477,0.10865441071662452,-0.2414469756328217,22,-0.3897662732805276
217,bj920976,2025-03-10,expired,0.4153070418340241,0.028057277927969082,-0.2736153728199061,22,-0.31930469436934883
218,bj920300,2025-03-10,traded,0.30728241277225665,0.381595184775285,0.05684523196899649,22,0.24662580649841903
219,bj920339,2025-03-10,expired,0.36051778405097273,0.4412312895909387,0.05932557919209236,22,0.04477607558580465
220,sz300819,2025-03-10,operable_filtered,0.2996713570611218,0.519291882772954,0.1689815848588434,22,0.06718109378605219
221,bj920634,2025-03-11,expired,0.4658187347299475,0.4925423315015889,0.018231174249907944,22,-0.054915282685877864
222,bj920008,2025-03-11,expired,0.38936938036669483,0.1100000000000001,-0.20107639070969097,22,-0.15300003051757816
223,bj920599,2025-03-11,expired,0.14736330919426605,0.0,-0.12843648390478146,22,-0.07244953939741694
224,bj920001,2025-03-11,traded,0.37417943837834466,0.0007299437241650164,-0.27176181234008534,22,-0.20510945292437277
225,bj920541,2025-03-11,expired,0.18833335240681967,0.1182919357233414,-0.058940882658572336,22,0.03173682859099114
226,bj920856,2025-03-11,operable_filtered,0.44362414938969325,0.07971010236173304,-0.2520836515389471,22,-0.17282610115346908
227,bj920339,2025-03-11,expired,0.36051778405097273,0.36846765823454697,0.005843271052218935,22,-0.008857429743809653
228,bj920006,2025-03-11,expired,0.2475247092035106,0.20247305597240106,-0.03611283439818447,22,0.010819236640717378
229,bj920839,2025-03-11,expired,0.3875,0.36658692772210966,-0.015072484524605634,22,-0.025623504894789595
230,bj920579,2025-03-11,expired,0.48678751845075474,0.273005264430521,-0.14378803384292382,22,-0.20572703015699967
231,bj920781,2025-03-11,expired,0.2734693575679929,0.3486238829104882,0.05901557418391401,22,0.06422025572821433
232,bj920943,2025-03-11,expired,0.39279998779296876,0.11111111111111116,-0.20224646693759807,22,-0.20222218831380212
233,bj920002,2025-03-11,expired,0.403921568627451,0.0199592240422517,-0.27349273147828435,22,-0.14003437972908184
234,bj920225,2025-03-11,expired,0.2579787034371033,0.17720719616232383,-0.06420737255256548,22,-0.07138386501322513
235,bj920879,2025-03-11,expired,0.16107723715127406,0.05409749463066538,-0.09213835143567672,22,0.0074986282311910735
236,bj920145,2025-03-11,traded,0.2899614030692407,0.5425847651132663,0.1958379230905296,22,0.17093500746808177
237,bj920270,2025-03-11,expired,0.4152542627277994,0.2675192661731951,-0.10438760047954632,22,-0.17186694803718694
238,sz300819,2025-03-11,expired,0.2996713570611218,0.2582707045380055,-0.031854708729392445,22,-0.09210529051895011
239,bj920263,2025-03-11,traded,0.375719165397753,0.05911025730493602,-0.23014065374402037,22,-0.1980499713723356
240,bj920634,2025-03-12,expired,0.4658187347299475,0.34278736047387404,-0.08393355286098181,22,-0.09545596159569048
241,bj920026,2025-03-12,traded,0.47869678091190576,0.09315072673640845,-0.2607336805979471,22,-0.19506851614338083
242,bj920008,2025-03-12,expired,0.38936938036669483,0.13543369040969666,-0.18277046661988272,22,-0.13093292524606082
243,bj920856,2025-03-12,operable_filtered,0.41413426251992436,0.010714258466448134,-0.28527701700303876,22,-0.06714282717023579
244,bj920833,2025-03-12,expired,0.4991329280933944,0.6138058587805868,0.07649283698479903,22,-0.013526161767891565
245,bj920006,2025-03-12,traded,0.2475247092035106,0.13411085688445556,-0.09091110699640159,22,-0.03352763080936427
246,bj920579,2025-03-12,expired,0.48678751845075474,0.1223039649945421,-0.24514838128047223,22,-0.27549019562011035
247,bj920455,2025-03-12,traded,0.37685251403220366,0.0726722206945305,-0.22092438386654867,22,-0.20893264352094532
248,bj920943,2025-03-12,traded,0.39279998779296876,0.06382978723404253,-0.2361934257913174,22,-0.20425528668342752
249,bj920145,2025-03-12,traded,0.2899614030692407,0.4799999782017299,0.147321132772132,22,0.13428573608398442
250,bj920339,2025-03-12,expired,0.36051778405097273,0.40199629468985165,0.030487297648822853,22,0.09255893482025757
251,bj920427,2025-03-12,operable_filtered,0.2782305356074672,0.009994125455994762,-0.20984979053406483,22,-0.17460318795210528
252,bj920837,2025-03-12,expired,0.45298807435984706,0.004803876758704417,-0.30845690030773465,22,-0.2994395388033976
253,bj920299,2025-03-12,operable_filtered,0.21010096232485384,0.15857220949540407,-0.042582193084494624,22,0.029256875104491264
254,bj920871,2025-03-12,expired,0.22512314613692358,0.11538452670822452,-0.08957354187187516,22,-0.020329715589178954
255,bj920879,2025-03-12,expired,0.14809076657210954,0.04210522300318664,-0.09231460321326979,22,-0.0005263278358861312
256,bj920378,2025-03-12,expired,0.45695692542266675,0.289032228531376,-0.11525714587792324,22,-0.15483868506646925
257,bj920225,2025-03-12,expired,0.2579787034371033,0.21998698398545025,-0.030200606216822634,22,0.012329690846137442
258,bj920130,2025-03-12,expired,0.47874999046325684,0.30232558139534893,-0.1193064481526308,22,-0.2393023468727289
259,bj920008,2025-03-13,expired,0.3837061582975143,0.018333364416051712,-0.2640537455806443,22,-0.22018517388237846
260,bj920026,2025-03-13,traded,0.41573033346670485,0.008212888404174334,-0.2878496246277643,22,-0.22543190830466364
261,bj920000,2025-03-13,traded,0.43645004384786046,0.01414331784238465,-0.2939933259873281,22,-0.2970105943374247
262,bj920225,2025-03-13,expired,0.2579787034371033,0.11374408600425245,-0.11465584992716238,22,-0.08945493781286085
263,bj920339,2025-03-13,expired,0.36051778405097273,0.32051282573786066,-0.029404215646484544,22,-0.017094001070560583
264,bj920396,2025-03-13,traded,0.20024099694677147,0.5900382909367252,0.32476585534200053,22,0.45555559859066674
265,bj920553,2025-03-13,traded,0.4217686999803491,0.08008818369463522,-0.24032074717247354,22,-0.27038937871655333
266,bj920455,2025-03-13,traded,0.3430059375452578,0.03146583697731353,-0.23197224365022273,22,-0.21105142412561861
267,bj920579,2025-03-13,expired,0.4349603290747346,0.07634577664433784,-0.2499125203423792,22,-0.2357660157066016
268,bj920837,2025-03-13,operable_filtered,0.4030434981636379,0.04355712543534107,-0.2562189790970898,22,-0.21052636589176166
269,bj920299,2025-03-13,expired,0.2052845477238392,0.06378380027977193,-0.11740028336983921,22,0.027027027027026973
270,bj920130,2025-03-13,expired,0.4103030195139875,0.03125,-0.26877416716062563,22,-0.3047916889190674
271,bj920943,2025-03-13,traded,0.39279998779296876,0.08932458252336817,-0.21788871907623142,22,-0.17952072776775396
272,bj920422,2025-03-13,traded,0.3556700904230745,0.4109677960795741,0.040789942956728,22,0.11870968726373499
273,bj920339,2025-03-14,expired,0.36051778405097273,0.21653543632290218,-0.10582908170399641,22,-0.12283460546230118
274,bj920634,2025-03-14,traded,0.36398050976445945,0.1209456702263183,-0.17818058087949507,22,-0.1633828742880976
275,bj920008,2025-03-14,expired,0.3139676448816571,0.0030457162615007416,-0.23662829890165193,22,-0.14497460689641495
276,bj920026,2025-03-14,traded,0.38588721898424083,0.054380759357591124,-0.2392016140170633,22,-0.21601202540150555
277,bj920576,2025-03-14,traded,0.17570502337070903,0.16828569684709827,-0.006310533999710155,22,-0.014285714285714235
278,bj920422,2025-03-14,traded,0.3191721359228949,0.19508206289664765,-0.09406662682382516,22,-0.03715838394408444
279,bj920833,2025-03-14,expired,0.4872780971928455,0.13119143863434335,-0.2394217054837261,22,-0.32764388497819286
280,bj920553,2025-03-14,expired,0.3675595040637951,0.041860463397017655,-0.2381607818153001,22,-0.2503875688179539
281,bj920570,2025-03-14,filtered,0.4741227403450293,0.05779660758325611,-0.2824229769797384,22,-0.3547457678843353
282,bj920225,2025-03-14,expired,0.2579787034371033,0.15337424030768454,-0.08315280921975388,22,-0.06380362312006205
283,bj920781,2025-03-14,expired,0.2734693575679929,0.24260354218666635,-0.024237579960520228,22,0.07776839241142874
284,bj920145,2025-03-14,expired,0.2899614030692407,0.4168489412285181,0.0983653757836247,22,0.08369796071258451
285,bj920837,2025-03-14,operable_filtered,0.3520528930535517,0.03365856263695699,-0.23548955225968649,22,-0.19707321539157774
286,bj920000,2025-03-14,traded,0.40495310622393793,0.04805327677608706,-0.25402970950901194,22,-0.2606103207831222
287,bj920130,2025-03-14,expired,0.3239925815711782,0.1071794950045073,-0.16375702521639468,22,-0.19589742024739587
288,bj920871,2025-03-14,traded,0.22512314613692358,0.07350604975486896,-0.12375661733282561,22,-0.12057116367230081
289,sz002574,2025-03-14,expired,0.401069553352007,0.2808219365989493,-0.0858255869349025,22,-0.16027397886631645
290,bj920010,2025-03-14,expired,0.4331683476828264,0.20597019480235534,-0.15852858685290483,22,-0.2023880801983734
291,bj920339,2025-03-17,expired,0.33957218654762056,0.06174591030073828,-0.20739925704407403,22,-0.2036905503533265
292,bj920634,2025-03-17,operable_filtered,0.36398050976445945,0.20534547504543932,-0.1163030069589589,22,-0.09550196466854288
293,bj920781,2025-03-17,traded,0.24576268218479783,0.15403417433880917,-0.07363240941293625,22,0.06845958985943446
294,bj920471,2025-03-17,traded,0.3624882764517283,0.010874683044193478,-0.25806724320830676,22,-0.20709216263668995
295,bj920541,2025-03-17,operable_filtered,0.1749999770751358,0.21994135881536314,0.03824798520600603,22,-0.005278601561005569
296,bj920839,2025-03-17,expired,0.3875,0.26863302026320435,-0.0856698953057986,22,0.134792197909829
297,bj920576,2025-03-17,traded,0.13100319923640916,0.29603804686044355,0.14591899274507525,22,0.1026941919751585
298,bj920225,2025-03-17,expired,0.2579787034371033,0.11506515756101932,-0.11360569577657353,22,-0.05338081492428981
299,bj920547,2025-03-17,expired,0.2420714862939657,0.010547676791296423,-0.18640135616789588,22,-0.050709939932831904
300,bj920833,2025-03-17,expired,0.4473852172698738,0.049180369712962246,-0.27512015654548716,22,-0.33154901471306686
301,bj920553,2025-03-17,traded,0.328063220843989,0.0,-0.24702379803538543,22,-0.21581024700090146
302,bj920570,2025-03-17,expired,0.4511705666630795,0.18415840073387213,-0.1839977822477431,22,-0.24732676591023361
303,bj920221,2025-03-17,traded,0.4596491361919202,0.036363636363636376,-0.28999126525200003,22,-0.33272725885564636
304,bj920145,2025-03-17,expired,0.2899614030692407,0.17620340963247427,-0.08818712960410968,22,-0.07856491854097014
305,bj920871,2025-03-17,traded,0.2162431598694602,0.010573971702860785,-0.1691020307063219,22,-0.14400808270171217
306,bj920422,2025-03-17,traded,0.23594134879855694,0.35083385533108635,0.09295951352725185,22,0.11056201044670955
307,bj920694,2025-03-17,traded,0.3562908930523413,0.14898314795990864,-0.15284902829796743,22,0.034040606624536895
308,bj920519,2025-03-17,traded,0.2863666252557595,0.02268179838421225,-0.20498419478126662,22,-0.12541695417922483
309,bj920943,2025-03-17,traded,0.3923138277280851,0.0032128483908295813,-0.27946356028954544,22,-0.2084337595810758
310,bj920873,2025-03-17,traded,0.3123287877036111,0.05339110700742156,-0.19731159075561677,22,-0.12698407783578958
311,bj920339,2025-03-18,expired,0.22812500256113705,0.0,-0.1857506378303545,22,-0.12109376309672348
312,bj920634,2025-03-18,operable_filtered,0.36398050976445945,0.17396823943607398,-0.13930717408945825,22,-0.10793649582635789
313,bj920781,2025-03-18,traded,0.17719563314131515,0.05055295031884066,-0.10757998013000769,22,0.011058479068731808
314,bj920833,2025-03-18,expired,0.3203921598546645,0.0195921538038335,-0.2278111118775047,22,-0.19632146351370217
315,bj920839,2025-03-18,expired,0.3875,0.12644330866509979,-0.18814896672785597,22,0.03942555877368048
316,bj920639,2025-03-18,traded,0.4349775875846145,0.5576251311718492,0.08547000639478819,22,0.1152502623436984
317,bj920427,2025-03-18,traded,0.25659476069178666,0.01707321299746467,-0.19061160780461905,22,-0.060975611174411526
318,bj920370,2025-03-18,traded,0.2884250448629573,0.04771367020028583,-0.18682605994225654,22,-0.16501001310591146
319,bj920471,2025-03-18,traded,0.34313252460525695,0.09210526315789469,-0.18689686747116674,22,-0.09999997992264598
320,bj920284,2025-03-18,expired,0.2911295921968471,0.07692307692307687,-0.16590628591301937,22,-0.10538460658146787
321,bj920547,2025-03-18,traded,0.22047895557302952,0.048832338137368314,-0.14063873584372544,22,-0.034819521078106375
322,bj920145,2025-03-18,expired,0.2614457963299395,0.08260867906653369,-0.14177154324324992,22,-0.12173909726350207
323,bj920300,2025-03-18,traded,0.30728241277225665,0.1542798664054319,-0.11703863287073801,22,-0.06304456831402216
324,bj920873,2025-03-18,traded,0.2828571455819266,0.03857142584664475,-0.19042316642705337,22,-0.07285717555454796
325,bj920422,2025-03-18,traded,0.20076728097153312,0.398337618871629,0.16453674332318835,22,-0.002557542261826362
326,bj920260,2025-03-18,traded,0.2641129217036597,0.012244918878320687,-0.19924486056664437,22,-0.12517008003144137
327,bj920802,2025-03-18,traded,0.2552565780867144,0.03256621700558204,-0.1774062490240531,22,-0.062092933675203965
328,bj920768,2025-03-18,traded,0.257340203961125,0.0025973794351326074,-0.20260453274575208,22,-0.13506496916494382
329,bj920717,2025-03-18,traded,0.28088239274635335,0.011904821881092875,-0.20999396383967994,22,-0.11383926940030131
330,bj920570,2025-03-18,expired,0.4511705666630795,0.19599998474121083,-0.17583776007022056,22,-0.1926000213623047
331,bj920339,2025-03-19,expired,0.22812500256113705,0.11401222329956706,-0.09291625772913881,22,-0.025239335738020285
332,bj920833,2025-03-19,traded,0.2587681545862885,0.026789577985930402,-0.18429015363563994,22,-0.0777338788836156
333,sz002052,2025-03-19,filtered,0.09631725691925505,0.12063487762466685,0.022181189388322142,22,0.07301587686036504
334,bj920405,2025-03-19,traded,0.39689748784218615,0.10354903813088434,-0.20999998372424789,22,-0.11440507687610235
335,bj920509,2025-03-19,traded,0.22533084385283547,0.4916666348775227,0.21735826887964538,22,0.13916667302449537
336,bj920547,2025-03-19,operable_filtered,0.22047895557302952,0.10218656542256932,-0.09692292489789023,22,0.02052659504477461
337,bj920781,2025-03-19,operable_filtered,0.17719563314131515,0.19175630578695735,0.012368948911904765,22,0.12007169990227395
338,bj920810,2025-03-19,operable_filtered,0.3716814349743086,0.0343249421924976,-0.24594376229064419,22,-0.22196797697005322
339,bj920786,2025-03-19,operable_filtered,0.2178571091014506,0.4900398500983547,0.22349316595747748,22,0.12649406997898782
340,bj920981,2025-03-19,operable_filtered,0.30270525014600913,0.04204129958897673,-0.20009434254434522,22,-0.06804381404450044
341,bj920639,2025-03-19,operable_filtered,0.4349775875846145,0.7001271040667121,0.18477606812549818,22,0.219822175485044
342,sz000678,2025-03-19,operable_filtered,0.44179892044065205,0.07999997820173,-0.25093578383894666,22,-0.3531428745814732
343,sz300789,2025-03-19,operable_filtered,0.3273092052873391,0.10625690142778565,-0.1665416791950144,22,-0.020733041880672598
344,bj920370,2025-03-19,operable_filtered,0.2603550546288895,0.03048782378890147,-0.18238291662000927,22,-0.12195119823748579
345,bj920651,2025-03-19,operable_filtered,0.22852758295387235,0.10620967878164245,-0.09956463808336213,22,0.06209704670324778
346,bj920471,2025-03-19,operable_filtered,0.34313252460525695,0.183685064873244,-0.11871312533279188,22,-0.0387906604985937
347,sz002342,2025-03-19,operable_filtered,0.37134501537869513,0.2690167573320792,-0.07461890107819291,22,-0.0964749524688886
348,sz300695,2025-03-19,operable_filtered,0.3944488341177788,0.0071590596979314025,-0.27773681252698856,22,-0.3443181731484153
349,bj920839,2025-03-20,operable_filtered,0.3875,0.08518717682187504,-0.21788311580405395,22,-0.08355946229121103
350,bj920571,2025-03-20,traded,0.3486140662079744,0.1301204697454874,-0.162013434337702,22,-0.07590362650162052
351,sz002052,2025-03-20,filtered,0.09631725691925505,0.20338979489294484,0.09766565042912201,22,0.20338979489294484
352,bj920786,2025-03-20,traded,0.2178571091014506,0.5714284998743795,0.29032255765522286,22,0.2079831351921433
353,bj920130,2025-03-20,operable_filtered,0.32100489894424555,0.1553346610106765,-0.1254122812610109,22,-0.08734211448438844
354,bj920509,2025-03-20,operable_filtered,0.2120111819647929,0.7129186550472324,0.41328618129613104,22,0.37081340389732476
355,sz002164,2025-03-20,operable_filtered,0.45786061795003613,0.09982173430515173,-0.2455919854315971,22,-0.3600713317772519
356,sh603315,2025-03-20,operable_filtered,0.3778021025258759,0.02810567590042079,-0.25380744156535184,22,-0.2906127467062589
357,sz000678,2025-03-20,operable_filtered,0.44179892044065205,0.0015897603583834297,-0.3053193852771987,22,-0.42978273713108295
358,bj920405,2025-03-20,operable_filtered,0.2946902959588938,0.027272744612260258,-0.20654943671186976,22,-0.07136362249200989
359,sz301255,2025-03-20,operable_filtered,0.4196737186083376,0.03743587396083736,-0.2692434463196207,22,-0.3738461355877738
360,bj920970,2025-03-20,score_filtered,0.25275831396889875,0.4333333374088646,0.14414194775357836,22,0.10512816343238618
361,sz300817,2025-03-20,score_filtered,0.34157367023809143,0.03012414232990568,-0.23215238552863982,22,-0.26739131696733465
362,sz300753,2025-03-20,score_filtered,0.3461414126906987,0.030958667426219666,-0.2341379161900119,22,-0.28894807059373906
363,sz300961,2025-03-20,score_filtered,0.40408488091216027,0.18791621168266448,-0.15395698092629717,22,-0.3054234032579547
364,sz002553,2025-03-20,score_filtered,0.422245484012987,0.22984565525278255,-0.13527891698227223,22,-0.1968267672664945
365,bj920839,2025-03-21,operable_filtered,0.25757575757575757,0.196825421045697,-0.04830749651787947,22,0.06984129406157003
366,bj920571,2025-03-21,expired,0.33442266553416977,0.14129108916227562,-0.1447304376343035,22,-0.0840438555437808
367,sh603776,2025-03-21,expired,0.37249509672767933,0.040899794224782626,-0.24160035492548615,22,-0.31697340524206474
368,bj920570,2025-03-21,expired,0.4511705666630795,0.13991613192308305,-0.2144850797626885,22,-0.23389250232364955
369,bj920553,2025-03-21,operable_filtered,0.28870291751722577,0.09332108651509796,-0.1516112273405451,22,-0.06861847932838994
370,bj920427,2025-03-21,operable_filtered,0.2000000246109501,0.03896106469689564,-0.13419913050940535,22,-0.09805190341632153
371,sh603949,2025-03-21,operable_filtered,0.3890619594525005,0.4769938741537969,0.06330309033583714,22,-0.03783230016987693
372,sz002052,2025-03-21,operable_filtered,0.09631725691925505,0.29965162641352316,0.1854703720213755,22,0.29965162641352316
373,bj920781,2025-03-21,operable_filtered,0.17719563314131515,0.2269372696973333,0.04225435021644097,22,0.11623618184000017
374,sz300198,2025-03-21,operable_filtered,0.191222608956915,0.1600000208074397,-0.026210540258982395,22,0.021818161010742188
375,sz002713,2025-03-21,score_filtered,0.4000000272478376,0.0,-0.2857142996162434,22,-0.41428572790963314
376,bj920689,2025-03-21,score_filtered,0.446323506972369,0.3608164566509324,-0.05912027973633016,22,-0.14948971459316718
377,sz002406,2025-03-21,score_filtered,0.38307989651002355,0.011538542657211881,-0.2686333268167195,22,-0.3105768904530778
378,sz300961,2025-03-21,score_filtered,0.3799999952316284,0.08744904086375671,-0.21199344592661973,22,-0.31989123532240327
379,bj920225,2025-03-21,score_filtered,0.2579787034371033,0.1816467264214663,-0.06067827444699936,22,0.03205532581854742
380,sz301396,2025-03-21,score_filtered,0.2967627358830861,0.18865493863646754,-0.0833674459136875,22,-0.1671345136318988
381,sz300084,2025-03-21,score_filtered,0.3741626716533948,0.16111108991834855,-0.15504101961866146,22,-0.22555557886759436
382,bj920819,2025-03-21,score_filtered,0.16628697103795287,0.23880598077160076,0.062179387693158006,22,0.08208953364969851
383,bj920571,2025-03-24,traded,0.2993119327510889,0.09976518569560233,-0.15357878429776117,22,-0.1596244762067226
384,bj920634,2025-03-24,traded,0.36398050976445945,0.21644736862743996,-0.10816367248715042,22,-0.11118418431513166
385,bj920856,2025-03-24,filtered,0.30887869604455326,0.14382975152198307,-0.1260994964784361,22,-0.007234045799742406
386,bj920839,2025-03-24,operable_filtered,0.25757575757575757,0.2549933293594788,-0.0020534971358361354,22,0.06458051157069766
387,bj920570,2025-03-24,expired,0.4511705666630795,0.09724769242312936,-0.2438878532754316,22,-0.31137616918721334
388,bj920547,2025-03-24,operable_filtered,0.22047895557302952,0.12272730740633886,-0.08009285839819758,22,0.006818164478648692
389,bj920719,2025-03-24,operable_filtered,0.17227561677818848,0.07844826012814421,-0.08003864902343849,22,-0.08103452613322404
390,sh603776,2025-03-24,operable_filtered,0.2523408328326841,0.010885066669194199,-0.19280355621507472,22,-0.21060099537786126
391,sh600610,2025-03-24,operable_filtered,0.31989708987014653,0.37555556827121306,0.04216880151356528,22,0.06666670905219174
392,bj920682,2025-03-24,operable_filtered,0.2598794397275289,0.19047615443407828,-0.0550872433543802,22,0.007936462283165913
393,bj920689,2025-03-24,operable_filtered,0.446323506972369,0.1744386564412579,-0.187983427788058,22,-0.3248704814780311
394,bj920299,2025-03-24,operable_filtered,0.17597467225860836,0.1789174605983055,0.0025024249323712944,22,0.08205131604887761
395,bj920006,2025-03-24,operable_filtered,0.19537280181756098,0.39226917617490864,0.16471545450755398,22,0.0372225836900395
396,sh603949,2025-03-24,score_filtered,0.3890619594525005,0.2555410300859584,-0.09612309116806383,22,-0.22598873147391296
397,bj920533,2025-03-24,score_filtered,0.33649291860425873,0.06621775114387396,-0.20222716012789765,22,-0.014216205285232486
398,bj920509,2025-03-24,score_filtered,0.21648045154082338,0.7129186550472324,0.40809386034737205,22,0.23540670651169737
399,bj920471,2025-03-24,score_filtered,0.34313252460525695,0.19184377839522848,-0.11263873328843099,22,-0.07179781797561613
400,bj920876,2025-03-24,score_filtered,0.34254329566976,0.017615191385504048,-0.2420243021824915,22,-0.14295396867425447
401,bj920225,2025-03-24,score_filtered,0.2579787034371033,0.17499995231628418,-0.06596196811130506,22,0.05624997615814209
402,bj920639,2025-03-25,expired,0.4315789598224187,0.2751677662113656,-0.10925781811605784,22,-0.19942472318757998
403,bj920634,2025-03-25,traded,0.3502762441418844,0.02840909029334049,-0.238371337157823,22,-0.24744320463173597
404,sz002052,2025-03-25,traded,0.09631725691925505,0.25496183628455493,0.1447068158090521,22,0.25496183628455493
405,bj920781,2025-03-25,operable_filtered,0.14511280281937675,0.11952862479924065,-0.02234205919027832,22,-0.05639731227607614
406,bj920304,2025-03-25,operable_filtered,0.4031389742158958,0.3117646610035616,-0.0651213563955032,22,-0.18235296361586628
407,bj920689,2025-03-25,operable_filtered,0.446323506972369,0.3320274440011026,-0.07902524049444903,22,-0.24231144205198285
408,bj920225,2025-03-25,operable_filtered,0.19550174818290394,0.0034701829245422644,-0.16062842697657198,22,-0.05668024278152972
409,sz300697,2025-03-25,operable_filtered,0.3743516722978867,0.04072620009248484,-0.2427511669175525,22,-0.2737978017572128
410,bj920576,2025-03-25,operable_filtered,0.19369034695926923,0.2119145629961494,0.015267121899162017,22,-0.054534735281617674
411,bj920471,2025-03-25,operable_filtered,0.34313252460525695,0.11559137496965932,-0.16941079563423678,22,-0.15967743043638183
412,bj920694,2025-03-25,operable_filtered,0.31714287582708867,0.05060035680179187,-0.20236416558676196,22,-0.1946826358315239
413,bj920339,2025-03-25,operable_filtered,0.18481846470865998,0.07982835498951779,-0.08861282369106105,22,-0.05064370971953791
414,bj920299,2025-03-25,operable_filtered,0.1680850543604528,0.3750699396727677,0.17720018293157835,22,0.24538856605759451
415,bj920682,2025-03-25,operable_filtered,0.20043412194334265,0.2510425593278498,0.042158446231584046,22,0.0683903806632069
416,sh603007,2025-03-25,score_filtered,0.2696078637616999,0.0,-0.21235522515029426,22,-0.26633989296096405
417,bj920237,2025-03-25,score_filtered,0.23396677543688363,0.06458388861680153,-0.13726697524745957,22,-0.025833601282673313
418,bj920547,2025-03-25,score_filtered,0.22047895557302952,0.07766146076441571,-0.11701758080831415,22,-0.08987781235101444
419,bj920553,2025-03-25,score_filtered,0.28870291751722577,0.06222220526801214,-0.17574315163772902,22,-0.14577780829535592
420,bj920639,2025-03-26,expired,0.38336053820212324,0.03898305345013098,-0.2489426835896017,22,-0.32288138627389507
421,sz300927,2025-03-26,expired,0.3237590745327581,0.16126948137719221,-0.12274861512312518,22,-0.19073832738738383
422,sz002300,2025-03-26,traded,0.3765642727126653,0.034117642570944406,-0.24876908178569357,22,-0.3447058621574851
423,sz002052,2025-03-26,operable_filtered,0.09631725691925505,0.3830128895813216,0.26150790827438564,22,0.28685897876760214
424,bj920682,2025-03-26,operable_filtered,0.16351247851435302,0.182965271213537,0.01671902369626732,22,0.04022076206097136
425,bj920576,2025-03-26,operable_filtered,0.19369034695926923,0.2026470408720129,0.0075033646167612655,22,-0.07382353614358339
426,bj920689,2025-03-26,operable_filtered,0.3927419108729209,0.022933499020804105,-0.26552544226972685,22,-0.3527470855108975
427,bj920130,2025-03-26,operable_filtered,0.32100489894424555,0.2644118140725529,-0.04284093489503493,22,-0.08941179163315716
428,sz002342,2025-03-26,operable_filtered,0.37134501537869513,0.06875000791624175,-0.22065563666988064,22,-0.2937500135041772
429,bj920553,2025-03-26,operable_filtered,0.2784380142039187,0.040636046868207654,-0.18600977497042748,22,-0.18992930004347142
430,bj920579,2025-03-26,operable_filtered,0.28744692764763763,0.02105264152438613,-0.20691671276111911,22,-0.18266253120404718
431,sh603828,2025-03-26,operable_filtered,0.21792622767758937,0.161687182256965,-0.04617606891335624,22,0.059753980521747074
432,sh603011,2025-03-26,score_filtered,0.3184931815554166,0.14599691081378374,-0.1308283373434972,22,-0.2637362415260346
433,sh603007,2025-03-26,score_filtered,0.21989532717062224,0.049450545611744445,-0.13972082502701344,22,-0.21794872690592948
434,bj920396,2025-03-26,score_filtered,0.20481927710843373,0.5085423356860073,0.2520901386193861,22,0.19956378500333116
435,bj920304,2025-03-26,score_filtered,0.4031389742158958,0.18869930516998235,-0.15282853158985688,22,-0.2537313523884509
436,bj920957,2025-03-26,score_filtered,0.3689515946838041,0.17396453256922007,-0.1424353226745182,22,-0.2088757285592283
437,bj920509,2025-03-26,score_filtered,0.28882682605992377,0.4842453561953679,0.15162512618771173,22,-0.013681588400663691
438,bj920418,2025-03-26,score_filtered,0.24571285777272142,0.07010615330186964,-0.14096884637189078,22,-0.07751171364476117
439,bj920639,2025-03-27,traded,0.3219730761052658,0.05188671861012595,-0.2043054903136572,22,-0.24716983661400282
440,sz300927,2025-03-27,traded,0.2473619155415165,0.03710692872597865,-0.16855972929417207,22,-0.19779871569456464
441,bj920834,2025-03-27,traded,0.1889763507539096,0.015999984741210893,-0.14548343699436683,22,-0.1359999847412109
442,sz002141,2025-03-27,traded,0.08379887114794153,0.2513966800411944,0.15463921706777195,22,0.20111739731085154
443,bj920396,2025-03-27,operable_filtered,0.24144579416298004,0.5313652920970664,0.23353375499536733,22,0.0811807684362662
444,bj920489,2025-03-27,operable_filtered,0.16800003051757811,0.12244897959183665,-0.03899918641744926,22,-0.07714283223054852
445,bj920304,2025-03-27,operable_filtered,0.24802260757607464,0.02906976615241441,-0.1754398038100553,22,-0.16976749421197346
446,bj920273,2025-03-27,operable_filtered,0.4977381115867978,1.4705882352941178,0.6495462165121921,22,0.16323527167825147
447,bj920957,2025-03-27,operable_filtered,0.25029940803667594,0.01705241689065229,-0.18655290856474738,22,-0.15651642404890154
448,sh603828,2025-03-27,operable_filtered,0.13255366276924335,0.3517383055196195,0.19353135304374058,22,0.17177917699854506
449,bj920970,2025-03-27,score_filtered,0.3166368821163039,0.2604284610395007,-0.04269090577688839,22,-0.15332578063404612
450,sh605488,2025-03-27,score_filtered,0.24599832387920972,0.027895175472044675,-0.17504289069036394,22,0.001690655781289907
451,bj920981,2025-03-27,score_filtered,0.3022170202272438,0.09506765408797979,-0.15907438078417635,22,-0.12139023435576901
452,sh603377,2025-03-27,score_filtered,0.15197568565270891,0.009174303230812475,-0.12396214972279151,22,-0.11314981275756675
453,bj920547,2025-03-27,score_filtered,0.22047895557302952,0.05917671896117227,-0.13216306260366772,22,-0.11663805098411661
454,bj920171,2025-03-27,score_filtered,0.3539631069901428,0.08768825846956863,-0.19666329691397766,22,-0.2990847204081355
455,bj920099,2025-03-27,score_filtered,0.2273712994595122,0.038763901567779646,-0.15366775968672897,22,-0.1303875749031177
456,bj920261,2025-03-27,score_filtered,0.2251851823594835,0.21166798067343673,-0.011032782538240582,22,0.10994766489239494
457,bj920394,2025-03-27,score_filtered,0.26284304339553693,0.9163857196562759,0.5175169469227872,22,0.3860418348565329
458,bj920639,2025-03-28,traded,0.22222224947628857,0.048387075272691815,-0.1422287757223235,22,-0.10000003076368702
459,bj920396,2025-03-28,expired,0.2886746877647308,0.296875,0.006363368748627307,22,-0.09531247615814209
460,bj920509,2025-03-28,traded,0.3120111819647929,0.16233766635889002,-0.11407945119931096,22,-0.1720779015696613
461,sz300260,2025-03-28,operable_filtered,0.2711747383063203,0.14599313031665218,-0.09847710485220684,22,-0.1584237360725973
462,sh603007,2025-03-28,operable_filtered,0.2157894842512393,0.02517983236086274,-0.15677850019221562,22,-0.1690647602328097
463,sh600126,2025-03-28,score_filtered,0.13260529249087835,0.23269232356336755,0.08836885341792211,22,0.058653906992908844
464,bj920489,2025-03-28,score_filtered,0.16800003051757811,0.18279569892473124,0.012667523990214757,22,0.0025806221910702476
465,bj920834,2025-03-28,score_filtered,0.12340423908639461,0.004273520645296847,-0.10604439105373187,22,-0.05384616450523583
466,sh603011,2025-03-28,score_filtered,0.32876712776165457,0.18699188252593424,-0.10669683368412697,22,-0.20325202936851638
467,sh600589,2025-03-28,score_filtered,0.2053915163629824,0.16268659456983525,-0.03542825813309225,22,0.06417915185328105
468,sz300167,2025-03-28,score_filtered,0.16222761688340628,0.04999995231628418,-0.09656255189329288,22,-0.07999998331069946
469,bj920284,2025-03-28,score_filtered,0.23714283534458705,0.3461538955304768,0.08811517722246398,22,0.06201927705982202
470,bj920970,2025-03-28,score_filtered,0.3166368821163039,0.4519481275471311,0.1027703592909639,22,0.015584463034901352
471,sh603949,2025-03-28,score_filtered,0.3890619594525005,0.12107096920694116,-0.1929294718798491,22,-0.3038416680100263
472,sz300611,2025-03-28,score_filtered,0.27736177216413743,0.12617584517105174,-0.11835795487831369,22,-0.08271161996013432
473,sz300871,2025-03-28,score_filtered,0.4394445981178603,0.5990953897061522,0.11091138331898476,22,-0.11677632352899658
474,bj920576,2025-03-28,score_filtered,0.260210309329132,0.258153827373798,-0.0016318561593331449,22,-0.08646152202899637
475,sh600610,2025-03-28,score_filtered,0.214862667433201,0.3114407483838302,0.07949711810198457,22,0.1408899297139976
476,sz002342,2025-03-28,score_filtered,0.32283460546230114,0.004746793062713639,-0.2404592464440578,22,-0.2753164874516004
477,bj920509,2025-03-31,traded,0.28732644149136555,0.2567273226651279,-0.023769510079190592,22,-0.02436363913796169
478,bj920396,2025-03-31,expired,0.2886746877647308,0.40487470256597136,0.09017016932550681,22,0.11272843307892555
479,bj920273,2025-03-31,operable_filtered,0.5169047401064918,1.3300971366913465,0.5360866606084742,22,0.13176144522957012
480,sh605100,2025-03-31,operable_filtered,0.14015946971385687,0.028929191740422633,-0.09755677247617778,22,-0.07081171849971712
481,bj920002,2025-03-31,operable_filtered,0.19234855225952915,0.5274324234062173,0.28102845473473015,22,0.2965602565608747
482,sh603949,2025-03-31,operable_filtered,0.3761046642864251,0.08807695828951312,-0.2093065400270756,22,-0.2811538256131686
483,sh688393,2025-03-31,operable_filtered,0.23584415386249494,0.07933843499657134,-0.126638717654473,22,-0.08466489481616091
484,sh600126,2025-03-31,score_filtered,0.13260529249087835,0.06213753263984012,-0.0622174029366066,22,-0.03562546498537644
485,bj920833,2025-03-31,score_filtered,0.21047839082693076,0.2136125571842582,0.0025891964541278067,22,0.19109945265087003
486,sh600289,2025-03-31,score_filtered,0.20270270009037353,0.015089181631002813,-0.15599326287807713,22,-0.22222220768671974
487,bj920130,2025-03-31,score_filtered,0.32100489894424555,0.13340367341364212,-0.14201402710961586,22,-0.07803846719370433
488,bj920682,2025-03-31,score_filtered,0.17999998728434244,0.2875536902285627,0.09114720686713285,22,0.08412021699570471
489,sz002549,2025-03-31,score_filtered,0.3049877090636649,0.46467053694716864,0.12236347267828074,22,0.09341313740561774
490,bj920493,2025-03-31,score_filtered,0.21139462977559348,0.10982625824674042,-0.08384416525576666,22,0.0784901532808957
491,sz301032,2025-03-31,score_filtered,0.14351852465068365,0.03067483346454214,-0.09868112212752511,22,-0.04089982129170533
492,sh603828,2025-03-31,score_filtered,0.21785174404449517,0.44638947160288756,0.18765644396042558,22,0.13129100264660254
493,bj920299,2025-03-31,score_filtered,0.191869965345957,0.46603095201586164,0.23002592115015297,22,0.21573294301267643
494,sz300718,2025-03-31,score_filtered,0.16991152242924965,0.03988168930866309,-0.11114501449698311,22,-0.03396452954534945
495,bj920834,2025-03-31,score_filtered,0.11512028462753243,0.17134564093284665,0.05042088919052756,22,0.1558566958923686
496,bj920273,2025-04-01,expired,0.5169047401064918,1.1265822784810124,0.40192209982264226,22,0.251898753492138
497,bj920509,2025-04-01,traded,0.28732644149136555,0.08000004291534424,-0.16105192272430446,22,-0.1468750238418579
498,bj920396,2025-04-01,expired,0.2886746877647308,0.18301020050865535,-0.08199469444018936,22,-0.0877993634632056
499,bj920639,2025-04-01,traded,0.19999998990820808,0.032839028961494154,-0.13930080196042394,22,-0.06673720220028034
500,sh603353,2025-04-01,traded,0.33798235148329386,0.0004651269247366585,-0.2522583531721355,22,-0.2693023238071176
501,bj920230,2025-04-01,traded,0.3164218902513091,0.20418006812945277,-0.08526280438897071,22,-0.14790990843882967
502,bj920689,2025-04-01,operable_filtered,0.2284835632274747,0.038518780462678315,-0.1546335567288507,22,-0.07150458587643094
503,sz300963,2025-04-01,operable_filtered,0.1463782681216117,0.2825805910172001,0.11881097774014981,22,0.15677421323714724
504,sz300871,2025-04-01,score_filtered,0.4394445981178603,0.38892854963030143,-0.03509412488234065,22,-0.1460714340209961
505,bj920810,2025-04-01,score_filtered,0.2261580646284542,0.3623750617877213,0.11109252639507217,22,0.1720310933806959
506,sh603007,2025-04-01,score_filtered,0.13372094527609613,0.007812492724042164,-0.11105771052098834,22,-0.01953123181010552
507,bj920682,2025-04-01,score_filtered,0.17999998728434244,0.19047615443407828,0.00887810784968357,22,-0.012698475892249372
508,sh603949,2025-04-01,score_filtered,0.284846053473152,0.05470088493642056,-0.17912275787018295,22,-0.19017089436475465
509,sh603011,2025-04-01,score_filtered,0.32876712776165457,0.0013717735163463196,-0.2463903173137756,22,-0.22839505769075552
510,sh688776,2025-04-01,score_filtered,0.2999616335391348,0.03247523543858288,-0.20576484043788468,22,-0.10495047994179296
511,bj920489,2025-04-01,score_filtered,0.16800003051757811,0.14013263031354128,-0.023859074893763488,22,0.024875557763047063
512,bj920547,2025-04-01,score_filtered,0.16113365694938206,0.19728559223177466,0.031135033478724372,22,0.139602578054987
513,sz001333,2025-04-01,score_filtered,0.3386880594418707,0.029634689505073863,-0.23086287186698906,22,-0.24052375713760477
514,bj920367,2025-04-01,score_filtered,0.21268118688775234,0.1456235582231844,-0.0552969975865345,22,-0.0007746110766871928
515,bj920230,2025-04-02,traded,0.3164218902513091,0.1237809173273825,-0.14633680459928455,22,-0.2033008292316275
516,bj920396,2025-04-02,expired,0.2886746877647308,0.1921861063712016,-0.07487427378657785,22,-0.08790581018588783
517,sh605208,2025-04-02,operable_filtered,0.22540983958963237,0.2546254883274468,0.023841532680689115,22,0.21585900677722125
518,sz002549,2025-04-02,operable_filtered,0.3049877090636649,0.23535353671578818,-0.0533600216034521,22,-0.06969692999702726
519,sz300871,2025-04-02,operable_filtered,0.4394445981178603,0.27341186063539813,-0.11534500021713767,22,-0.253765545765249
520,sz300963,2025-04-02,score_filtered,0.1463782681216117,0.40594050057109166,0.22641935883413367,22,0.246110354414099
521,bj920735,2025-04-02,score_filtered,0.19216928419206936,0.39106857698731257,0.1668381289743066,22,0.21097664851129672
522,sz301210,2025-04-02,score_filtered,0.20611113089102287,0.40499714662357333,0.16489858242633249,22,0.31847842021603157
523,sz300100,2025-04-02,score_filtered,0.14781301056814936,0.2733188586832591,0.10934346183529176,22,0.17973347241354487
524,sh603985,2025-04-02,score_filtered,0.18971426827566965,0.13732383330490228,-0.04403614915596521,22,0.05751170713514009
525,bj920576,2025-04-02,score_filtered,0.260210309329132,0.27781248092651367,0.013967646088177244,22,0.021250009536743164
526,bj920284,2025-04-02,score_filtered,0.23714283534458705,0.2974976876270259,0.04878567822415425,22,0.12974973340869633
527,sz301075,2025-04-02,score_filtered,0.370434802511464,0.1686991688689694,-0.14720556809619323,22,-0.1934282148806531
528,bj920263,2025-04-02,score_filtered,0.1829818825574472,0.1787974061568276,-0.003537227798935727,22,0.11787972552589965
529,bj920047,2025-04-02,score_filtered,0.11794867882361779,0.28627969632392514,0.1505713282629726,22,0.13060683127739758
530,bj920199,2025-04-02,score_filtered,0.2879547879387837,0.2847458144365731,-0.002491526513400455,22,0.07559320482157039
531,bj920982,2025-04-02,score_filtered,0.17037866045613925,0.3769470404984423,0.17649704922148524,22,0.2657320491992796
532,sh603119,2025-04-02,score_filtered,0.24894117467543658,0.2591852832195931,0.008202234622314064,22,0.18970258612840252
533,sz300233,2025-04-02,score_filtered,0.33247198715094267,0.126637487904393,-0.1544756672045765,22,-0.16254246881424927
534,bj920230,2025-04-03,traded,0.24650480823076365,0.13155702694380023,-0.09221607532354048,22,-0.12364700932980921
535,bj920396,2025-04-03,expired,0.27894476189588785,0.4166089677198068,0.10763889882143762,22,0.10138409494293232
536,bj920351,2025-04-03,operable_filtered,0.4158904193198844,1.2503083566685649,0.589323810630408,22,0.4241677780128319
537,sz002165,2025-04-03,operable_filtered,0.12207602624556277,0.8842975032912272,0.6792957511052418,22,0.5344352606223683
538,sz300871,2025-04-03,score_filtered,0.4394445981178603,0.11146034650183334,-0.22785472399902118,22,-0.36924839565222656
539,sz002549,2025-04-03,score_filtered,0.3049877090636649,0.3439559373140466,0.02986099254401542,22,-0.02307692630151914
540,sz300561,2025-04-03,score_filtered,0.5394736752045362,0.4011173440329556,-0.08987248915003265,22,-0.28715081001049036
541,sz002900,2025-04-03,score_filtered,0.392189218633348,0.29671895232417644,-0.06857563974162262,22,-0.19828820227363564
542,sh605208,2025-04-03,score_filtered,0.11184215184771255,0.3561904543922061,0.21976887828764524,22,0.23238091241745717
543,bj920541,2025-04-03,score_filtered,0.2302884223016747,0.345407450565157,0.0935707645269983,22,0.12419140477891988
544,sz002923,2025-04-03,score_filtered,0.32608695414965094,0.0,-0.24590163799534037,22,-0.30663614399565975
545,bj920422,2025-04-03,score_filtered,0.3630544229250215,0.8393608248729163,0.34944048743539824,22,0.23885610739351026
546,bj920299,2025-04-03,score_filtered,0.191869965345957,0.5009152713578833,0.25929448261767507,22,0.23184876668202792
547,bj920371,2025-04-03,score_filtered,0.4228260812101381,0.9512194085965393,0.3713688794184835,22,0.2502650668401283
548,sz000722,2025-04-03,score_filtered,0.23497994737347389,0.161240308931345,-0.059709178759506654,22,-0.11782942240602423
549,bj920576,2025-04-03,score_filtered,0.260210309329132,0.3147909610320092,0.04331074845113192,22,0.012861723910736922
550,sh600289,2025-04-03,score_filtered,0.19918145338926488,0.17279998779296868,-0.021999561052027494,22,-0.07519996643066407
551,bj920123,2025-04-03,score_filtered,0.14715450337798416,0.5118292486025893,0.31789505611559776,22,0.40969419577189337
552,bj920403,2025-04-07,expired,0.45720924605716934,0.6461765064912683,0.12967750578401516,22,-0.05411765154670267
553,bj920371,2025-04-07,expired,0.4228260812101381,0.4533965118721155,0.02148571147639955,22,-0.06951027843975865
554,bj920396,2025-04-07,expired,0.27894476189588785,0.3206451169906124,0.03260528236802718,22,0.05354838217458413
555,bj920729,2025-04-07,expired,0.32769232529860276,0.20370368244553183,-0.09338657796729033,22,-0.13981483353835855
556,bj920505,2025-04-07,traded,0.3655611525575162,0.7498360305535989,0.28140437158481446,22,0.37311478911853224
557,bj920230,2025-04-07,breakout_support_filtered,0.24650480823076365,0.3482143110563969,0.08159575651376372,22,0.056051640707739825
558,bj920970,2025-04-07,operable_filtered,0.3166368821163039,0.2777143205915178,-0.02956210786243796,22,-0.03885716029575892
559,bj920305,2025-04-07,operable_filtered,0.5596610247078588,0.319910492013159,-0.15371964093262358,22,-0.43579420843624983
560,sz000722,2025-04-07,score_filtered,0.23497994737347389,0.09663248239891398,-0.11202405777421254,22,-0.17789167879355028
561,bj920275,2025-04-07,score_filtered,0.27177963434579505,0.27298578790265515,0.0009483982321203399,22,-0.01232228550622072
562,sz300871,2025-04-07,score_filtered,0.40534644495915223,0.11090908628521534,-0.2095122948010837,22,-0.322727261167584
563,bj920541,2025-04-07,score_filtered,0.2302884223016747,0.5987700900177644,0.2995083600207493,22,0.42198306491421267
564,sz300967,2025-04-07,score_filtered,0.31525300560171715,0.31435405812156825,-0.000683478749959332,22,-0.0928229937543914
565,sz002900,2025-04-07,score_filtered,0.392189218633348,0.47445258861862016,0.05908921638254494,22,-0.08353606969541671
566,sz300561,2025-04-07,score_filtered,0.5394736752045362,0.4752941131591797,-0.04168928841009867,22,-0.27352938932531023
567,bj920047,2025-04-07,score_filtered,0.12307690351437299,0.44337525311899495,0.2851971655746215,22,0.23464100833374402
568,bj920422,2025-04-07,score_filtered,0.3630544229250215,0.7780488211461383,0.30445915529224976,22,0.21300811747406567
569,bj920726,2025-04-07,score_filtered,0.2600659854515248,0.43601889522572557,0.13963785373600945,22,0.10236965916403706
570,bj920505,2025-04-08,expired,0.3655611525575162,0.3382647317568661,-0.019989160316641663,22,0.0005015159786356804
571,bj920403,2025-04-08,filtered,0.45720924605716934,0.2662895985203808,-0.13101731824263918,22,-0.29841629652452606
572,bj920371,2025-04-08,expired,0.4228260812101381,0.31428568703787674,-0.07628507489822356,22,-0.18214287076677593
573,bj920230,2025-04-08,traded,0.24650480823076365,0.282075439954238,0.02853629724378015,22,0.010377325728170739
574,bj920273,2025-04-08,expired,0.5169047401064918,1.0378456456185212,0.3434236123986649,22,0.10625902774641527
575,bj920509,2025-04-08,traded,0.28732644149136555,0.30169500438438757,0.011161553456772166,22,-0.0018832104895413204
576,bj920245,2025-04-08,filtered,0.12251189111888809,0.5063693824996973,0.34196296219026334,22,0.42197452338115493
577,bj920866,2025-04-08,traded,0.3268965359391837,0.22881353945952698,-0.07391909905788785,22,-0.12711864201305456
578,bj920396,2025-04-08,expired,0.27894476189588785,0.3431758281353703,0.05022192369298839,22,0.07381889874644387
579,bj920729,2025-04-08,expired,0.29230773270000093,0.029166698455810547,-0.20362103203887316,22,-0.2249999841054281
580,bj920970,2025-04-08,operable_filtered,0.3166368821163039,0.11800003051757812,-0.15086684437963316,22,-0.18400001525878906
581,bj920305,2025-04-08,operable_filtered,0.568474591788599,0.3058875520468072,-0.16741555210170966,22,-0.4475431846862281
582,bj920190,2025-04-08,operable_filtered,0.08958067775829094,0.5624999379118307,0.4340378549356494,22,0.4661457220920302
583,bj920810,2025-04-08,operable_filtered,0.1353467134344022,1.0858434728855233,0.837186339823794,22,0.7266566842050346
584,bj920275,2025-04-08,operable_filtered,0.27177963434579505,0.12857149039425542,-0.11260452682528288,22,-0.09411764045900106
585,bj920639,2025-04-08,operable_filtered,0.16717949891701722,0.35228848105607335,0.15859512809367526,22,0.20527039312148188
586,bj920508,2025-04-08,operable_filtered,0.129970712247835,0.47287737555431386,0.30346508948390283,22,0.363993712047493
587,bj920570,2025-04-08,operable_filtered,0.13067632000038332,0.46534337293395356,0.29598838059459553,22,0.36200377611765133
588,bj920505,2025-04-09,expired,0.32950493840887995,0.1477272727272727,-0.1367258296153111,22,0.021818161010742188
589,sh603007,2025-04-09,filtered,0.11206897827447765,0.3151928325209441,0.1826540063743527,22,0.11111117118130198
590,bj920706,2025-04-09,traded,0.15125676550150896,0.2057112332648059,0.047300019765421863,22,0.1903754844272194
591,bj920230,2025-04-09,traded,0.24650480823076365,0.1827676608617863,-0.05113269274864907,22,-0.08398608980076427
592,bj920371,2025-04-09,expired,0.4228260812101381,0.40137086505377795,-0.015079296366364181,22,-0.09139373943685858
593,bj920866,2025-04-09,expired,0.277037020082827,0.22171943592538557,-0.04331713434106521,22,-0.05610858595992929
594,bj920087,2025-04-09,filtered,0.4497533558224877,0.24481961978182598,-0.14135765591961458,22,-0.26784342614275325
595,bj920146,2025-04-09,expired,0.1708911919167092,0.5306633157168157,0.3072634983368281,22,0.26157699780451993
596,bj920396,2025-04-09,operable_filtered,0.27894476189588785,0.22208951124504428,-0.04445481333107948,22,0.049253776891907686
597,bj920639,2025-04-09,breakout_support_filtered,0.16717949891701722,0.15658358802357064,-0.009078218820051331,22,0.06405693265769896
598,bj920608,2025-04-09,traded,0.20017290656110637,0.1282926419886148,-0.05989159076957706,22,-0.014634109124904704
599,bj920422,2025-04-09,filtered,0.3630544229250215,0.43881586274116735,0.0555821092261064,22,-0.013157882353605488
600,bj920953,2025-04-09,traded,0.08489872329878725,0.3058492900694698,0.20366008552286918,22,0.2257716095634037
601,bj920415,2025-04-09,filtered,0.16734276632686135,0.1738095362440535,0.005539735289181946,22,0.05000001135326615
602,bj920810,2025-04-09,operable_filtered,0.14151624434388518,0.7531645840854333,0.535820968621527,22,0.4873417541969667
603,bj920924,2025-04-09,operable_filtered,0.09065414574425935,0.23325804640282155,0.13075079869728068,22,0.18848759380219327
604,bj920026,2025-04-10,traded,0.2790831304475569,0.24827588837722248,-0.024085410351362246,22,0.03793104763688704
605,bj920765,2025-04-10,traded,0.22767688851654508,0.2101653445768672,-0.014263968071303923,22,0.036708342630279
606,sh603007,2025-04-10,filtered,0.13103451791189397,0.27472526320886037,0.12704364280786673,22,0.08791200038733837
607,sz002693,2025-04-10,filtered,0.4926035576000928,0.6548348018983838,0.10869010962236847,22,-0.13586292816999823
608,bj920564,2025-04-10,traded,0.20888886628327547,0.33939685781423146,0.10795698030721579,22,0.23216852671968158
609,bj920970,2025-04-10,operable_filtered,0.22593718793616469,0.032426720955605504,-0.1578469671079391,22,-0.05753139817926023
610,bj920639,2025-04-10,breakout_support_filtered,0.16717949891701722,0.13901863575335982,-0.02412727707245277,22,0.0700933876615717
611,bj920706,2025-04-10,traded,0.15125676550150896,0.2172588128701296,0.05733043170423313,22,0.2172588128701296
612,bj920230,2025-04-10,traded,0.24288354455192818,0.10951600361786018,-0.10730493739230273,22,-0.064807218133488
613,bj920002,2025-04-10,traded,0.1885785806799143,0.42071155870360055,0.19530301302493358,22,0.1332103819381445
614,bj920662,2025-04-10,expired,0.08063860810864408,0.2666076385342879,0.17209178816138238,22,0.13418957913566687
615,bj920663,2025-04-10,traded,0.09480030411143077,0.3992901346246214,0.2781236261715536,22,0.23646848745397908
616,bj920273,2025-04-10,expired,0.5169047401064918,0.8876404494382022,0.24440276276391848,22,0.1719101466489641
617,bj920608,2025-04-10,traded,0.18032785776942462,0.023582788016141,-0.13279790756569898,22,-0.053968193554804866
618,bj920415,2025-04-10,filtered,0.12098502098287675,0.0797688513857826,-0.0367678147571997,22,-0.01618490125115457
619,bj920856,2025-04-10,traded,0.10900291998906397,0.3896714291880228,0.25308184869497596,22,0.25446010659303275
620,bj920866,2025-04-10,expired,0.24516628008315036,0.0023256346924547255,-0.1950266797896898,22,-0.1666666420239188
621,bj920953,2025-04-10,traded,0.08489872329878725,0.27368421052631575,0.17401208349983088,22,0.14210526315789473
622,bj920505,2025-04-10,expired,0.326838943858197,0.1505154481868154,-0.13288990083353003,22,0.0
623,bj920249,2025-04-11,traded,0.14468090928464805,0.1509932928276494,0.005514535528460929,22,0.0655628970932387
624,bj920706,2025-04-11,traded,0.15125676550150896,0.20441987574164822,0.046178326011383275,22,0.12606731532487103
625,bj920765,2025-04-11,filtered,0.22767688851654508,0.3914657116476281,0.13341362427128223,22,0.11317256931810249
626,bj920445,2025-04-11,breakout_support_filtered,0.1612350033484929,0.28854160354369474,0.10963035029783419,22,0.11874993170301384
627,bj920837,2025-04-11,breakout_support_filtered,0.147121545586801,0.14579656136779207,-0.0011550512882495534,22,0.06114044645413119
628,bj920427,2025-04-11,traded,0.2124999761581421,0.2910394605826574,0.06477483378875681,22,0.10394264007818088
629,bj920505,2025-04-11,expired,0.2475555419921875,0.4051876233580518,0.12635275629824538,22,0.17224881164156103
630,bj920087,2025-04-11,operable_filtered,0.3413284084794666,0.11568544092339228,-0.16822350598826408,22,-0.15109098139012023
631,bj920570,2025-04-11,traded,0.13067632000038332,0.16042904682445513,0.026314097410355064,22,0.04765468463457534
632,bj920002,2025-04-11,traded,0.1897361569623554,0.3024487400066367,0.09473746123010995,22,0.017223999129981404
633,bj920371,2025-04-11,operable_filtered,0.3678571209615581,0.2923076336200421,-0.05523200207373058,22,-0.029230778033916716
634,sh603007,2025-04-11,filtered,0.13103451791189397,0.1885246013768478,0.050829645386147426,22,0.06557370641801308
635,bj920023,2025-04-11,expired,0.4130719326608704,0.13333334746184167,-0.19796485849964462,22,-0.30074077182345915
636,bj920786,2025-04-11,operable_filtered,0.2925311538555648,0.17560974096887882,-0.090459260914458,22,-0.07154472364185727
637,bj920856,2025-04-11,traded,0.10900291998906397,0.3126386422586933,0.1836205465280809,22,0.14767184196765992
638,bj920855,2025-04-11,traded,0.15148821913546012,0.07190477280389684,-0.06911355670778352,22,0.021904718308221716
639,bj920765,2025-04-14,filtered,0.19759036753689513,0.2494793716791699,0.043327840260602546,22,0.011661836067318854
640,bj920445,2025-04-14,breakout_support_filtered,0.1612350033484929,0.2520242654125786,0.07818336667624504,22,0.0880566675588863
641,bj920857,2025-04-14,traded,0.11297298122096706,0.15310191125672246,0.03605561924039957,22,0.11610705469325011
642,bj920026,2025-04-14,filtered,0.16325966085234456,0.2791520049065366,0.09962723539237617,22,0.06219082248514729
643,bj920087,2025-04-14,operable_filtered,0.28571426390729265,0.028818395603408486,-0.19980790095862844,22,-0.18484979453403683
644,bj920639,2025-04-14,filtered,0.16717949891701722,0.08093120900099349,-0.07389462374557665,22,0.01441232307862128
645,bj920198,2025-04-14,expired,0.14798209857813432,0.2599999354435847,0.09757803453920855,22,0.16615383441631604
646,bj920706,2025-04-14,traded,0.12046512337618095,0.1419047401064919,0.0191345685671227,22,0.015714282081240594
647,bj920856,2025-04-14,traded,0.1064189046599555,0.139337987029148,0.02975281986826661,22,0.015396444402548282
648,bj920855,2025-04-14,filtered,0.14272891414594316,0.015909108248624015,-0.11097978210527926,22,-0.0036363601684570312
649,bj920753,2025-04-14,traded,0.147465456774823,0.16392897450566069,0.01434772405010909,22,0.027824335428390246
650,bj920564,2025-04-14,traded,0.20888886628327547,0.21388288365967334,0.004131080627578276,22,0.09067246081412095
651,sh603709,2025-04-14,traded,0.31670826604895846,0.0025000572204589844,-0.23863160650714443,22,-0.22437500953674316
652,bj920346,2025-04-14,traded,0.15285626948955855,0.13785716465541298,-0.013010385796649704,22,0.08821426119123177
653,bj920779,2025-04-14,expired,0.39314686168323865,0.1727078656465777,-0.15823098203036579,22,-0.2515991445868465
654,bj920943,2025-04-14,traded,0.16729908312388575,0.5444858318651389,0.32312776921904085,22,0.27064463504607206
655,sz002693,2025-04-14,traded,0.4926035576000928,0.479212248349721,-0.00897177899796986,22,-0.14879650792441768
656,sz300561,2025-04-14,filtered,0.5285714207863321,0.011560722319720274,-0.33823129978489963,22,-0.5012386347572955
657,bj920179,2025-04-14,expired,0.2456449782684218,0.06932324068113349,-0.14155055466317068,22,-0.14996464591450953
658,bj920634,2025-04-14,traded,0.187217537855453,0.06460478131002856,-0.10327741347799468,22,-0.0398625371892013
659,bj920533,2025-04-15,traded,0.10829016049267703,0.13329421321103796,0.022560926379825874,22,0.002740250327467386
660,bj920970,2025-04-15,operable_filtered,0.20416671219799074,0.024546477985033732,-0.14916558678581338,22,-0.022411957386533343
661,bj920087,2025-04-15,operable_filtered,0.26239670170565826,0.0876404837276159,-0.13843209328884065,22,-0.1105617566055126
662,bj920002,2025-04-15,traded,0.21776339798068856,0.28397058118097784,0.05436785446998571,22,-0.008107026355240632
663,bj920026,2025-04-15,traded,0.16325966085234456,0.37069295615640296,0.1783207157308866,22,0.18212796265554343
664,bj920179,2025-04-15,expired,0.18431091548280526,0.040694774707098924,-0.12126557215522982,22,-0.08709673419312003
665,bj920075,2025-04-15,traded,0.08687196992015413,0.39051606149802676,0.27937429612816267,22,0.25767082674384745
666,bj920924,2025-04-15,filtered,0.09065414574425935,0.20073258957447404,0.10092882721781393,22,0.11868138348034818
667,sz002693,2025-04-15,traded,0.4926035576000928,0.3100776024774834,-0.1222869623974947,22,-0.20833330252989846
668,bj920245,2025-04-15,traded,0.12251189111888809,0.08517353919352688,-0.033263212818301024,22,0.04301692130619528
669,sz300994,2025-04-15,traded,0.13333331214057076,0.31708946229319346,0.16213778257832678,22,0.20627504986736422
670,bj920262,2025-04-15,expired,0.2161415043909084,0.15627993757014647,-0.04922253422371525,22,-0.08596997300574483
671,bj920627,2025-04-15,traded,0.13091646210209149,0.15044247040743763,0.017265650434561852,22,0.07817104964163013
672,bj920957,2025-04-15,traded,0.16373056851443626,0.29096986510324463,0.10933741884191983,22,0.08829435888557513
673,bj920856,2025-04-15,operable_filtered,0.1064189046599555,0.17693840280064,0.06373670753787208,22,0.1220675841506682
674,bj920779,2025-04-15,breakout_support_filtered,0.39314686168323865,0.15452930159317968,-0.17127954464309292,22,-0.24414659869816147
675,bj920273,2025-04-15,expired,0.5169047401064918,0.3999999999999999,-0.07706795095009389,22,-0.0605000178019206
676,bj920726,2025-04-15,traded,0.24587956873518726,0.18919998168945318,-0.04549363234463755,22,-0.028799972534179652
677,bj920239,2025-04-15,traded,0.09018244401136324,0.14368752723437628,0.049079017477239306,22,0.08532904270784791
678,bj920346,2025-04-15,traded,0.15285626948955855,0.22826912791058085,0.06541392922676503,22,0.17498114997412184
679,bj920262,2025-04-16,operable_filtered,0.2161415043909084,0.12745403967404023,-0.07292528410276278,22,-0.1555001479398792
680,bj920371,2025-04-16,operable_filtered,0.3678571209615581,0.16585700311979235,-0.1476763287234023,22,-0.14434420164685857
681,bj920087,2025-04-16,operable_filtered,0.24010214749269723,0.02755901767042479,-0.171391631126519,22,-0.08617677900721754
682,bj920505,2025-04-16,traded,0.1721271553271919,0.40448023861013294,0.198231976988948,22,0.15278126767586042
683,bj920726,2025-04-16,traded,0.24587956873518726,0.14346152085524344,-0.0822054157159976,22,-0.09846151792086089
684,sz002693,2025-04-16,traded,0.4926035576000928,0.1675302717477687,-0.21778943524360783,22,-0.25906735921979884
685,bj920639,2025-04-16,traded,0.16717949891701722,0.07973425119824484,-0.07492013679122156,22,0.0033223352749354174
686,bj920179,2025-04-16,expired,0.18431091548280526,0.06527812457578808,-0.10050805861102063,22,-0.08178809990767022
687,bj920273,2025-04-16,expired,0.5169047401064918,0.3125,-0.13475120401571294,22,-0.1626562476158142
688,bj920826,2025-04-16,traded,0.2758241894135448,0.13750004768371582,-0.10841943809939225,22,-0.1212499737739563
689,bj920445,2025-04-16,breakout_support_filtered,0.1612350033484929,0.2622448617147939,0.0869848549820087,22,0.07448974775801398
690,bj920982,2025-04-16,expired,0.07380952380952381,0.45465994962216616,0.35467223689869143,22,0.45465994962216616
691,bj920047,2025-04-16,operable_filtered,0.15692304953550681,0.13504072489016639,-0.018914243824708854,22,0.029685693819702097
692,bj920564,2025-04-16,operable_filtered,0.20888886628327547,0.15715463974775679,-0.04279485730940302,22,0.012406916181731065
693,bj920779,2025-04-16,operable_filtered,0.39314686168323865,0.1804523751072391,-0.15267197768296747,22,-0.14314013889100574
694,bj920799,2025-04-16,operable_filtered,0.15691173777860754,0.19089320170155544,0.02937256388131715,22,0.04308236365864082
695,bj920351,2025-04-16,operable_filtered,0.3361980901222444,0.8441509030899912,0.38014783640446304,22,0.18452827885465806
696,sz300605,2025-04-16,operable_filtered,0.14858762456225272,0.19111717172793274,0.0370276905794531,22,0.0
697,bj920262,2025-04-17,operable_filtered,0.21539773912525206,0.008852123621897023,-0.16994076001162406,22,-0.2509994517598205
698,bj920765,2025-04-17,traded,0.18933334350585937,0.2599748287651893,0.05939586714276124,22,0.0071398605672843285
699,bj920371,2025-04-17,operable_filtered,0.28724831158038433,0.017064846860731953,-0.20989226576490272,22,-0.20750853522261103
700,bj920407,2025-04-17,filtered,0.09805547504147122,0.18819350385689915,0.08208877498837075,22,0.056813082125451775
701,sh601086,2025-04-17,expired,0.26993010901164194,0.39999998183477503,0.10242285925826544,22,0.1847618647984095
702,bj920403,2025-04-17,filtered,0.269887077261691,0.028931800775825023,-0.1897454354803323,22,-0.2304648393662433
703,bj920261,2025-04-17,traded,0.11358030985230294,0.35808814671213085,0.21956910938220298,22,0.12941170778241706
704,bj920726,2025-04-17,filtered,0.1876811678833731,0.008403344361854526,-0.150947769796686,22,-0.181951088669548
705,bj920665,2025-04-17,traded,0.09232955950135296,0.09824040800479517,0.0054112318503405366,22,0.011730193796544386
706,bj920526,2025-04-17,traded,0.09757657250430492,0.052349040712421635,-0.041206721175442995,22,-0.0385905922138442
707,bj920271,2025-04-17,filtered,0.1594366154200594,0.15811713261840188,-0.0011380378919459977,22,0.03138204389503385
708,bj920394,2025-04-17,expired,0.27111188962075505,0.23565217723017162,-0.02789660979503794,22,-0.12000000995138416
709,bj920527,2025-04-17,traded,0.17064217630936426,0.11224483738636803,-0.049884875246083316,22,-0.043367365557468895
710,bj920378,2025-04-17,traded,0.13982179167360625,0.11617646171972429,-0.020744760388519468,22,-0.032352979537936366
711,bj920046,2025-04-17,traded,0.14964250850830432,0.13179195301703972,-0.015527048938392407,22,-0.031791864815943094
712,bj920826,2025-04-17,operable_filtered,0.21500895851727111,0.01757581306226319,-0.16249521789200994,22,-0.19575754801432288
713,bj920751,2025-04-17,operable_filtered,0.13820378524834007,0.27084565139171035,0.11653613163343124,22,0.03666474540674125
714,bj920642,2025-04-17,operable_filtered,0.22021274242858654,0.6206434438023123,0.32816466133335864,22,0.28887395736615606
715,bj920735,2025-04-17,operable_filtered,0.19216928419206936,0.11100006103515625,-0.06808531660159423,22,-0.04466667175292971
716,bj920026,2025-04-18,traded,0.18259669809506457,0.3457249545090255,0.137940733875487,22,0.041635719521047054
717,bj920924,2025-04-18,traded,0.13971928575085998,0.13034478549299577,-0.00822527123570449,22,-0.07413791788035429
718,bj920570,2025-04-18,traded,0.11961837724760828,0.1890546848229806,0.062017834814456885,22,0.008706429539268923
719,bj920961,2025-04-18,expired,0.192663908843575,0.250695081859992,0.04865676959461673,22,-0.0366079245121258
720,bj920427,2025-04-18,traded,0.17323708194937593,0.22683922714442883,0.045687394321010544,22,-0.04291553823870131
721,sz002693,2025-04-18,traded,0.4191363344814301,0.0,-0.29534606668681174,22,-0.2751905067337399
722,bj920407,2025-04-18,operable_filtered,0.09805547504147122,0.14401713222955448,0.04185731798873582,22,-0.02008544106908039
723,bj920262,2025-04-18,filtered,0.22069970446661022,0.16271183854442528,-0.04750379287387707,22,-0.14169492559917907
724,bj920690,2025-04-18,traded,0.08473286855179682,0.17558799474852615,0.0837580650782972,22,0.030413625492325735
725,bj920378,2025-04-18,traded,0.11991584927772882,0.11208796552407874,-0.006989707091562769,22,-0.054945056480577015
726,bj920425,2025-04-18,breakout_support_filtered,0.19723675249129813,0.5889477449284344,0.3271792246788576,22,0.2747918322451508
727,bj920261,2025-04-18,traded,0.1429344606277067,0.33069158220957684,0.16427636758695052,22,0.10878964095330335
728,bj920579,2025-04-18,traded,0.12872239886929587,0.14241382993500817,0.012130025132333522,22,-0.03137930508317621
729,bj920735,2025-04-18,expired,0.14455920855485999,0.13199065045903957,-0.010981134048704821,22,0.0037762827219527395
730,bj920779,2025-04-18,breakout_support_filtered,0.39314686168323865,0.09060406745893212,-0.21716504020169558,22,-0.2956070466002877
731,bj920806,2025-04-18,filtered,0.06443771248964292,0.11525428901284429,0.04774030074934599,22,0.0
732,bj920701,2025-04-18,traded,0.15243897508694665,0.03144651860598913,-0.10498816778721765,22,-0.17011082386951748
733,bj920394,2025-04-18,expired,0.21692015548300378,0.07346935661471621,-0.1178802062090516,22,-0.19755102663624047
734,bj920639,2025-04-18,traded,0.16717949891701722,0.015624959642690062,-0.12984681397758358,22,-0.10937501552204232
735,bj920779,2025-04-21,traded,0.39314686168323865,0.0,-0.2822005866691095,22,-0.3510489297079873
736,bj920163,2025-04-21,expired,0.33514641853789673,0.5003138205066435,0.12370733252583621,22,0.10922785547925096
737,bj920924,2025-04-21,traded,0.13971928575085998,0.08256268282562984,-0.05014971988262418,22,-0.06869220199930193
738,bj920249,2025-04-21,traded,0.12888371263563658,0.13967207611584276,0.009556665012925292,22,0.026885235895875992
739,bj920961,2025-04-21,expired,0.19748054719917618,0.2582750028499077,0.05076863736360937,22,0.006526777840041964
740,bj920856,2025-04-21,operable_filtered,0.1655405255196478,0.18589749467913896,0.017465689706855247,22,-0.010416599802479332
741,bj920876,2025-04-21,operable_filtered,0.28540260328315326,0.7087994911461188,0.3293885408210102,22,0.21812075095772787
742,bj920021,2025-04-21,traded,0.10734459890316676,0.0808080745528379,-0.023964106906389837,22,0.0
743,bj920932,2025-04-21,traded,0.1279700837601884,0.012371089288100823,-0.1024840961089395,22,-0.08659795273983417
744,bj920261,2025-04-21,breakout_support_filtered,0.15051433872881353,0.3384057288459317,0.16331077657382065,22,0.13695647561783053
745,bj920237,2025-04-21,traded,0.15801350708576817,0.010550297550740328,-0.12734152808470312,22,-0.120330748505176
746,bj920378,2025-04-21,traded,0.11857708527984247,0.10400002219460225,-0.013031791261478687,22,-0.03054546009410508
747,bj920953,2025-04-21,filtered,0.16561984227708548,0.17475728155339798,0.007839124682762932,22,-0.023106769450659925
748,bj920152,2025-04-21,operable_filtered,0.12753216565305836,0.04190472194126671,-0.07594235119864357,22,-0.07380948747907368
749,bj920981,2025-04-21,traded,0.09392547923716181,0.05937746494754159,-0.03158168901387315,22,-0.03269683533788714
750,bj920275,2025-04-21,expired,0.18972659649983345,0.1941666603088379,0.0037320034889252174,22,-0.010833342870076534
751,sh605188,2025-04-21,expired,0.36292742429788233,0.22035141013944304,-0.10461012935585179,22,-0.058565168350746655
752,bj920394,2025-04-21,expired,0.20243232223402083,0.0,-0.16835236253290176,22,-0.20341308405256742
753,bj920533,2025-04-21,traded,0.14542317377796934,0.14201184723063132,-0.002978223791375245,22,-0.03589742933800111
754,bj920982,2025-04-21,expired,0.14117424452465036,0.4786465675908522,0.29572374655789213,22,0.2284460999911888
755,bj920163,2025-04-22,traded,0.33514641853789673,0.20646139640838834,-0.09638270405610638,22,-0.0898535500900478
756,bj920961,2025-04-22,expired,0.19748054719917618,0.29138757242791513,0.07842050165105463,22,0.028708152747417115
757,bj920087,2025-04-22,filtered,0.15772724151611328,0.06796114527209496,-0.07753648098187982,22,-0.08689324671748544
758,bj920953,2025-04-22,traded,0.16561984227708548,0.17750094866277344,0.010192951384971227,22,-0.01557024562922793
759,bj920642,2025-04-22,traded,0.23242352226233948,0.43928579781331556,0.16784998972694254,22,0.11785723449421992
760,bj920057,2025-04-22,traded,0.12133889488168187,0.05627710721260604,-0.058021520493089396,22,0.01443006983359485
761,bj920261,2025-04-22,traded,0.15051433872881353,0.2581743139911554,0.09357551804290765,22,0.07493183957275384
762,bj920260,2025-04-22,traded,0.055252351594353516,0.10225561181755904,0.044542198984147685,22,0.04210522239935699
763,bj920799,2025-04-22,traded,0.16899541439598006,0.06035550454485583,-0.0929344191715743,22,-0.11696823913653154
764,bj920792,2025-04-22,traded,0.17867648801589045,0.1940063074874563,0.013005960182824294,22,0.028391139433198598
765,sh600865,2025-04-22,traded,0.29769229888916016,0.0007698405741369818,-0.22880806071608217,22,-0.2871439267096503
766,sh600490,2025-04-22,operable_filtered,0.18333337601320168,0.10655737064180126,-0.06488112895967524,22,-0.11885244059517874
767,sh605188,2025-04-22,operable_filtered,0.3139534754776319,0.08571425153581447,-0.1737041898373538,22,-0.10940770778834885
768,bj920227,2025-04-22,operable_filtered,0.10291035175787375,0.013069917484275662,-0.08145760363061783,22,-0.09574472278978885
769,bj920419,2025-04-22,operable_filtered,0.2627215193531547,0.6617577581974767,0.3160128601029413,22,0.24988125508437542
770,bj920204,2025-04-22,operable_filtered,0.12518125112295264,0.14399995803833,0.01672504487307802,22,0.06850004196166992
771,bj920026,2025-04-23,traded,0.18646408446793353,0.35377715305888,0.14101823289996807,22,0.09760660556065592
772,bj920163,2025-04-23,traded,0.27442919542894745,0.09499998092651363,-0.14079182676134594,22,-0.08649997711181645
773,bj920906,2025-04-23,breakout_support_filtered,0.12381954867555019,0.1867995006847929,0.056040982810332984,22,-0.016189264723044938
774,bj920779,2025-04-23,traded,0.15613656504945117,0.15957898591694075,0.0029775209707534334,22,-0.029052654065583883
775,bj920720,2025-04-23,traded,0.09320555204619639,0.06790693416151883,-0.023141684413626518,22,-0.06046508079351376
776,bj920792,2025-04-23,traded,0.16579538537023752,0.2797971632259957,0.09778883952225703,22,0.09382921925915877
777,bj920974,2025-04-23,filtered,0.18210526516563014,0.009564309675588634,-0.1459607368095649,22,-0.1073326509308713
778,sz300052,2025-04-23,filtered,0.05372287589712577,0.21118714377380243,0.14943612925041005,22,0.11187209093959338
779,bj920221,2025-04-23,traded,0.0842105324798896,0.13999996185302743,0.051456269517629494,22,0.051500034332275346
780,bj920579,2025-04-23,traded,0.12872239886929587,0.10433336893717438,-0.021607642372077795,22,0.024333318074544197
781,bj920950,2025-04-23,traded,0.22663929777675845,0.06503709214500386,-0.13174386791997694,22,-0.1890004344192594
782,bj920876,2025-04-23,traded,0.2943487047675806,0.6974074752242476,0.31139890585284147,22,0.15851854394983356
783,bj920690,2025-04-23,filtered,0.12590547248526213,0.1267003609358981,0.0007059992779689939,22,-0.05635440658328106
784,bj920245,2025-04-23,traded,0.11495767591384631,0.09048989396570972,-0.02194503206418319,22,-0.0605187966180456
785,bj920346,2025-04-23,filtered,0.2432000223795573,0.3029881551531979,0.04809212652619066,22,-0.04760252976189494
786,bj920533,2025-04-23,traded,0.3281519775350573,0.07301709615002583,-0.19209765576567617,22,-0.29799848571503307
787,bj920799,2025-04-23,traded,0.16899541439598006,0.12083742226831107,-0.04119604879079197,22,-0.07204086618656991
788,bj920706,2025-04-23,traded,0.14428687033035628,0.23735813109745085,0.0813356013953257,22,0.025799794718887936
789,bj920261,2025-04-23,traded,0.15051433872881353,0.2694157437273301,0.10334630434062131,22,0.039175236244133105
790,bj920961,2025-04-23,traded,0.19748054719917618,0.33945410829177947,0.11856022331608607,22,0.03027298371711118
791,bj920792,2025-04-24,traded,0.1341084956119891,0.19494871761289678,0.05364585684377321,22,0.041831075752149394
792,bj920346,2025-04-24,traded,0.2432000223795573,0.3440860398827288,0.08115027001855246,22,0.014336904085998858
793,sh603086,2025-04-24,expired,0.13398059115399497,0.24246082486501597,0.09566321906852582,22,0.09288304720227725
794,bj920252,2025-04-24,traded,0.1566842513784866,0.24820584308064197,0.07912409250241281,22,0.047248860524555125
795,bj920720,2025-04-24,traded,0.09320555204619639,0.1355093899191433,0.03869705728603856,22,0.03115732391242676
796,sz002196,2025-04-24,operable_filtered,0.16460182114657138,0.16494849617846974,0.00029767687599613346,22,-0.03195870845752813
797,bj920263,2025-04-24,traded,0.1457364154640924,0.40727275501598004,0.2282692040000751,22,0.17600000554865058
798,bj920469,2025-04-24,traded,0.22023808417971932,0.23199996948242196,0.00963900853054378,22,-0.04266668955485031
799,bj920275,2025-04-24,expired,0.18702025955647555,0.2726465037673522,0.07213545305694313,22,0.02309060600326962
800,sz301000,2025-04-24,expired,0.19118641998808264,0.02751657752419101,-0.13740069540545052,22,-0.18756525577340033
801,bj920273,2025-04-24,operable_filtered,0.375500157977067,0.029794055915604245,-0.2513311976422372,22,-0.2583201209386018
802,bj920703,2025-04-24,operable_filtered,0.047058853448606004,0.09533470254916954,0.046106146699931516,22,0.08194728150199104
803,bj920299,2025-04-24,operable_filtered,0.22482269436389316,0.4498714476491168,0.18373986236603979,22,0.1233932917423477
804,sz002251,2025-04-24,operable_filtered,0.26842105098048075,0.129271899419527,-0.10970265075102026,22,-0.14561664432333865
805,sh688313,2025-04-24,operable_filtered,0.12109371776190969,0.486377833251894,0.3258283493187508,22,0.29075481939903947
806,bj920478,2025-04-24,operable_filtered,0.37168146671614893,0.12811987975261463,-0.17756424714742913,22,-0.29118137178548276
807,bj920163,2025-04-25,filtered,0.1750119311619028,0.27865852445878114,0.08820897094584246,22,0.062195151310319385
808,bj920856,2025-04-25,traded,0.1655405255196478,0.11320045925569078,-0.044906260329834136,22,0.016547594265989174
809,sz301210,2025-04-25,expired,0.3924353058212737,0.21532255603421113,-0.1271963940059675,22,-0.2988709480531754
810,bj920953,2025-04-25,traded,0.16561984227708548,0.20999999999999996,0.038074298423245834,22,0.020000000000000018
811,bj920706,2025-04-25,traded,0.14929107556489096,0.2687830701713576,0.10397017530805641,22,0.08201064421660087
812,bj920299,2025-04-25,expired,0.22482269436389316,0.2989406702973356,0.060513228791809315,22,-0.07139563806656868
813,bj920198,2025-04-25,traded,0.19588234845329733,0.3900245818726702,0.16234225186990003,22,0.09321344120952424
814,bj920110,2025-04-25,traded,0.10281684061746518,0.09230765318259215,-0.009529404201869984,22,-0.014102544540014028
815,bj920392,2025-04-25,traded,0.3491760044147355,0.7969957211538068,0.331920902294236,22,0.17682407614332463
816,bj920694,2025-04-25,expired,0.0767744237338649,0.08542972574865693,0.008038175707014483,22,0.03249480302476715
817,bj920367,2025-04-25,filtered,0.15455999755859376,0.26980898923080443,0.09982070391830078,22,0.050386011392319574
818,bj920208,2025-04-25,traded,0.070707057733234,0.014717513390790637,-0.05229212223647561,22,0.006570302365643599
819,sz002915,2025-04-25,operable_filtered,0.21824099428160404,0.4619047965051921,0.20001280811213928,22,0.11369047227089624
820,sz002194,2025-04-25,operable_filtered,0.14295624481303085,0.14166673399784124,-0.001128224130225175,22,0.06666667108182556
821,bj920508,2025-04-25,operable_filtered,0.15422124577808857,0.19429972249627325,0.0347233919534784,22,0.00520987322649602
822,sz002251,2025-04-25,operable_filtered,0.26842105098048075,0.011983977764023601,-0.20217030694833793,22,-0.2822903192789765
823,bj920768,2025-04-25,operable_filtered,0.1354888575745015,0.12760410199149042,-0.006943930387704134,22,-0.02777783296726144
824,sh688313,2025-04-25,operable_filtered,0.12620189331868586,0.30714846724379563,0.16066974758131258,22,0.12804400416769934
825,bj920163,2025-04-28,traded,0.1750119311619028,0.36168830083099723,0.15887189288750525,22,0.14415592699313295
826,sz002200,2025-04-28,expired,0.12160693603910375,0.23956934736650792,0.10517268352849385,22,0.13324364344927453
827,bj920425,2025-04-28,expired,0.21915199769555208,0.577602351722821,0.29401613146253625,22,0.2254791380074579
828,bj920299,2025-04-28,expired,0.2680851478283078,0.36893205052103495,0.07952691730948458,22,-0.009223326725203762
829,bj920146,2025-04-28,traded,0.20768602264302075,0.42873819424228077,0.18303778254838732,22,0.1320092412819298
830,sz300553,2025-04-28,expired,0.13946431023733957,0.1058451950030479,-0.029504316135438358,22,-0.03692730952652856
831,sh688313,2025-04-28,expired,0.12620189331868586,0.2799999530498798,0.13656348887674352,22,0.09576922196608328
832,bj920926,2025-04-28,traded,0.3874052103381692,0.27116509420991,-0.08378238402314109,22,-0.22464377507292055
833,bj920508,2025-04-28,traded,0.15422124577808857,0.14685114024985024,-0.006385349043952049,22,-0.02324899723866658
834,bj920469,2025-04-28,operable_filtered,0.22023808417971932,0.31063822994805124,0.07408402256933466,22,0.021985777131593887
835,sz003032,2025-04-28,operable_filtered,0.09486775629274895,0.30161938337234107,0.18883707725548393,22,0.23886635924505684
836,bj920261,2025-04-28,operable_filtered,0.17000538745976573,0.3053003400202867,0.11563617912415247,22,0.09187280747572846
837,sz301212,2025-04-28,operable_filtered,0.16848483230128433,0.23364485981308403,0.05576454713876733,22,0.016822458427643072
838,sz002640,2025-04-28,operable_filtered,0.16249997551952047,0.4177214777292,0.21954538286817704,22,0.2101266207860799
839,sz301076,2025-04-28,operable_filtered,0.16847826086956522,0.31541316540666386,0.12574894155733096,22,0.07263360057666612
840,bj920247,2025-04-28,operable_filtered,0.23981642180089602,0.4897436401129769,0.20158405221722187,22,0.14658121201248187
841,bj920190,2025-04-28,operable_filtered,0.11386143849206912,0.393103500892376,0.2506973064606144,22,0.196551750446188
842,bj920768,2025-04-28,operable_filtered,0.1354888575745015,0.2359656982138978,0.08848773809548716,22,0.07136060738980521
843,bj920706,2025-04-29,traded,0.14929107556489096,0.28994079319026267,0.12237954389077665,22,0.09951588844996273
844,sz300472,2025-04-29,filtered,0.13690470657448478,0.23489934335683427,0.08619423968927808,22,0.06711410953141472
845,sz301076,2025-04-29,expired,0.1960869664731233,0.09263661917413701,-0.08649065678228074,22,-0.1311163145637536
846,bj920425,2025-04-29,filtered,0.21915199769555208,0.37414077219713704,0.12712834395919925,22,0.08805245527282946
847,bj920249,2025-04-29,breakout_support_filtered,0.13406208760305638,0.22308227404009262,0.07849674846743926,22,0.046446153810016044
848,sh688313,2025-04-29,expired,0.12620189331868586,0.25112775571539525,0.11092670251918912,22,0.10075188972714222
849,bj920190,2025-04-29,expired,0.12648515884531006,0.2858052650470957,0.1414311630746159,22,0.11043918857188584
850,sh601956,2025-04-29,filtered,0.12297301520562796,0.1753342979189283,0.04662737394781713,22,0.028231806342047472
851,bj920346,2025-04-29,breakout_support_filtered,0.2432000223795573,0.3756419547006802,0.10653308392612604,22,0.054291985686349076
852,bj920221,2025-04-29,expired,0.0842105324798896,0.18195946889291514,0.09015678549944228,22,0.13945041467280017
853,bj920720,2025-04-29,filtered,0.09625431936394241,0.1457084848076453,0.04511194580505418,22,0.03642712120191138
854,bj920491,2025-04-29,breakout_support_filtered,0.09196780163301839,0.13989117205927637,0.04388716439677931,22,0.027569822887288264
855,bj920469,2025-04-29,operable_filtered,0.14226187489200207,0.04999995231628418,-0.0807712527255986,22,-0.09687501192092896
856,bj920146,2025-04-29,operable_filtered,0.20768602264302075,0.3293478038901412,0.1007395788028278,22,0.05652179005916813
857,bj920261,2025-04-29,operable_filtered,0.17000538745976573,0.2737930560934132,0.08870700062243642,22,0.13586202161065453
858,bj920123,2025-04-29,operable_filtered,0.3811811247180746,0.5521930076262158,0.12381568198960724,22,-0.02105261220606125
859,bj920768,2025-04-29,operable_filtered,0.1354888575745015,0.14047404561610843,0.004390345187759603,22,0.003511849047175497
860,sz300879,2025-04-29,operable_filtered,0.24796611979856328,1.4319867866184008,0.9487602652313614,22,0.7971969522990665
861,sz300366,2025-04-29,operable_filtered,0.12716756951514313,0.4892204361169894,0.32120589377636666,22,0.33665010599939404
862,bj920856,2025-04-30,expired,0.1655405255196478,0.10447765761639194,-0.05239017139797131,22,-0.051119364585288984
863,bj920533,2025-04-30,traded,0.34490502062901257,0.056955144507253586,-0.2141042465490126,22,-0.3212851198670107
864,sz300561,2025-04-30,filtered,0.11127712371833547,0.2312187448753935,0.10793133287557755,22,0.10517531527773571
865,sz002915,2025-04-30,expired,0.23330617535974219,0.11687129247721395,-0.09440874067509253,22,-0.14097318843728646
866,bj920876,2025-04-30,expired,0.3115863413367338,0.5620314107943971,0.19094821405536777,22,0.1533742323311844
867,bj920026,2025-04-30,expired,0.18646408446793353,0.3299045435750343,0.12089743042784673,22,0.1344599537008977
868,bj920425,2025-04-30,expired,0.21915199769555208,0.29050111028450876,0.058523557951609906,22,0.026744628934192605
869,bj920810,2025-04-30,breakout_support_filtered,0.20974733621900712,0.3712871146896244,0.13353183233740373,22,0.12574252040815748
870,bj920981,2025-04-30,breakout_support_filtered,0.10246917347849151,0.1020408163265305,-0.0003885434280301858,22,-0.005170030658747882
871,bj920346,2025-04-30,traded,0.2432000223795573,0.34024305266313726,0.07805906413823416,22,0.033952851268114204
872,bj920706,2025-04-30,breakout_support_filtered,0.14929107556489096,0.19959979073551426,0.043773693401296,22,0.015007561172793338
873,bj920454,2025-04-30,breakout_support_filtered,0.18066401065880083,0.3298701330871119,0.126374752750408,22,0.07987010212365941
874,bj920491,2025-04-30,breakout_support_filtered,0.09196780163301839,0.08032263478925161,-0.010664386647986857,22,-0.01677420831495713
875,bj920190,2025-04-30,expired,0.13465352069161593,0.2261001696643008,0.08059433765908075,22,0.05189678436657208
876,sz301119,2025-04-30,expired,0.1947407124785283,0.3154330156602827,0.10101966219212066,22,0.04257373766417438
877,bj920249,2025-04-30,traded,0.13406208760305638,0.1322474741920825,-0.0016001005860352135,22,-0.018892505188671582
878,bj920976,2025-04-30,traded,0.08203390089132018,0.05848579518060171,-0.021762816942538343,22,-0.020810904421989518
879,bj920179,2025-04-30,breakout_support_filtered,0.11111114459098922,0.09263525247952598,-0.016628302399274708,22,0.0017261615704349254
880,sz300472,2025-05-06,filtered,0.1358695627526435,0.19093856601174086,0.04848180201751706,22,0.00323624295826086
881,bj920810,2025-05-06,breakout_support_filtered,0.20974733621900712,0.2631099123332832,0.044110513424280295,22,0.02690379135328347
882,bj920856,2025-05-06,expired,0.1655405255196478,0.02777781825006853,-0.11819641123860436,22,-0.12152778099716455
883,bj920425,2025-05-06,traded,0.21915199769555208,0.26521998662211654,0.0377869117334364,22,-0.007836110121732354
884,sz300561,2025-05-06,filtered,0.11127712371833547,0.13723976070348654,0.02336288260688746,22,0.015420185439283252
885,sz002915,2025-05-06,expired,0.23330617535974219,0.15413527600848598,-0.06419403464688145,22,-0.12593985990130363
886,bj920026,2025-05-06,expired,0.18646408446793353,0.17152107475208012,-0.01259457400478714,22,0.005501620659956297
887,bj920976,2025-05-06,traded,0.08203390089132018,0.017943425327036522,-0.05923148573393999,22,-0.04485849750155757
888,sz301119,2025-05-06,operable_filtered,0.2035674784367542,0.26612340167962145,0.05197541838212305,22,-0.03166474007434883
889,sh603007,2025-05-06,operable_filtered,0.13103451791189397,0.3022774453848678,0.1514038031209879,22,0.200828215807616
890,sz002231,2025-05-06,operable_filtered,,,,0,
891,bj920199,2025-05-06,operable_filtered,0.28039113550653466,0.17771549625434258,-0.08019083888109912,22,-0.08372239167856999
892,bj920663,2025-05-06,operable_filtered,0.154090059266896,0.017091282900149052,-0.11870717996979507,22,-0.14317963564290226
893,bj920305,2025-05-06,operable_filtered,0.17334249686170008,0.12335136978776129,-0.04260574146734519,22,-0.053529908120991565
894,sz002306,2025-05-06,operable_filtered,0.05405406624492354,0.1918604175679559,0.13073935743540033,22,0.145348834791591
895,bj920961,2025-05-06,operable_filtered,0.19748054719917618,0.23242010234014265,0.02917755551243606,22,0.03333331301150588
896,bj920163,2025-05-06,operable_filtered,0.1750119311619028,0.24747174179513842,0.0616672977623165,22,0.013682418613453873
897,bj920876,2025-05-07,expired,0.3115863413367338,0.13863358586471275,-0.13186532218363312,22,-0.13590065144604035
898,sz300472,2025-05-07,filtered,0.1440217287432834,0.2432432497740662,0.08673045147470959,22,0.06418920769318759
899,bj920810,2025-05-07,breakout_support_filtered,0.20974733621900712,0.3453132859475929,0.11206137485889323,22,0.12141816325755506
900,sz002076,2025-05-07,filtered,0.10047843424010348,0.314465327229118,0.1944489654054653,22,0.1823899092862311
901,bj920642,2025-05-07,expired,0.23779983157275644,0.30702704352301513,0.0559276307723342,22,0.035135114515149946
902,sz002200,2025-05-07,expired,0.137893591277556,0.02905030552209409,-0.09565330764650803,22,-0.12290501989663027
903,bj920305,2025-05-07,filtered,0.17334249686170008,0.06236239329850335,-0.09458457684779298,22,-0.11592075645194255
904,sz002915,2025-05-07,expired,0.23330617535974219,0.15739869277403384,-0.061547962786748234,22,-0.11121577659607651
905,sh688280,2025-05-07,expired,0.24898785522799333,0.022774355124627332,-0.18111745374983845,22,-0.24534160693532503
906,bj920247,2025-05-07,breakout_support_filtered,0.4107859852008133,0.3144796383344848,-0.06826432065287358,22,-0.2236048341937259
907,bj920026,2025-05-07,operable_filtered,0.18646408446793353,0.21844503125073023,0.026954837657086284,22,0.04207337726419813
908,sz300652,2025-05-07,operable_filtered,0.26613338643064444,0.14732863785917383,-0.093832727139747,22,-0.20615965929264057
909,sz002868,2025-05-07,operable_filtered,0.0843511804376506,0.2843137869052099,0.18440760712489213,22,0.17254904527381898
910,sz301119,2025-05-07,operable_filtered,0.21221038412766088,0.1891537636664471,-0.019020312614963952,22,-0.09206208455314524
911,sz300879,2025-05-07,operable_filtered,0.26152542890128444,0.5132084498622689,0.19950689474423489,22,0.10310326930010238
912,sz300047,2025-05-07,operable_filtered,0.1647727562129984,0.010332968104904694,-0.13259220503252545,22,-0.14236512543335522
913,sh600592,2025-05-07,operable_filtered,0.21653936650941652,0.10779986285054721,-0.08938428681586585,22,-0.15746875049999476
914,bj920199,2025-05-07,operable_filtered,0.14585946489775434,0.03709682341544851,-0.09491795880222598,22,0.0
915,bj920641,2025-05-07,operable_filtered,0.10249603361633607,0.08781054330788907,-0.013320220536555238,22,0.023108008715845285
916,sz300561,2025-05-08,filtered,0.10861428625516038,0.13461538461538458,0.02345369230993266,22,0.031538449800931456
917,sz300472,2025-05-08,filtered,0.1440217287432834,0.18709683224760587,0.037652347348018145,22,0.03225811165403902
918,bj920810,2025-05-08,filtered,0.20974733621900712,0.156576195429722,-0.04395226936846863,22,0.012108517701070687
919,bj920876,2025-05-08,breakout_support_filtered,0.3115863413367338,0.1457500457763672,-0.12643948044728082,22,-0.17849998474121098
920,bj920642,2025-05-08,expired,0.23779983157275644,0.10815768301368789,-0.10473595588904261,22,-0.15765355555314686
921,sh603007,2025-05-08,filtered,0.13103451791189397,0.20498088403603032,0.06537940704113576,22,0.10536402544848955
922,bj920641,2025-05-08,expired,0.10106381359765128,0.07428567068917413,-0.02432024609089778,22,0.02285712105887283
923,bj920305,2025-05-08,filtered,0.1629370554285509,0.04303429255625546,-0.10310339868576157,22,-0.1466083313850599
924,sh688159,2025-05-08,expired,0.09006806457934736,0.320043096213269,0.21097309343033355,22,0.11153015535984823
925,bj920961,2025-05-08,breakout_support_filtered,0.19748054719917618,0.21140031145940674,0.01162420908864692,22,-0.018402146982780865
926,bj920247,2025-05-08,traded,0.4107859852008133,0.1658863229131069,-0.1735909378578403,22,-0.3361203801097089
927,bj920834,2025-05-08,operable_filtered,0.23398861299594995,0.2301092693575062,-0.003143743465367277,22,-0.07332290193133184
928,bj920510,2025-05-08,operable_filtered,0.12406019161969821,0.05976095526705194,-0.05720266301753396,22,-0.09960159211175335
929,sz000691,2025-05-08,operable_filtered,0.13321168184902832,0.34975371830222013,0.19108701394594396,22,0.24630542219056872
930,sz301119,2025-05-08,operable_filtered,0.2361162173664686,0.13291668891906738,-0.08348691409232267,22,-0.15187501907348633
931,bj920199,2025-05-08,operable_filtered,0.1377454208986342,0.09199101306898827,-0.040214978666763046,22,-0.021550340077376107
932,sh600592,2025-05-08,operable_filtered,0.23015609979075544,0.07882482174730088,-0.12301794712816971,22,-0.17843065458483287
933,sz300879,2025-05-08,operable_filtered,0.26627117092326535,0.5775400425899713,0.24581533467255112,22,0.13368983411779412
934,bj920876,2025-05-09,expired,0.2767079319206826,0.17510776365935543,-0.07957980499774897,22,-0.1064116615463192
935,bj920810,2025-05-09,expired,0.20974733621900712,0.13851215987673804,-0.05888434238252627,22,-0.017673666523804976
936,bj920961,2025-05-09,filtered,0.185408058551514,0.15608696315599535,-0.024735022833695886,22,-0.04739131098208216
937,sz002259,2025-05-09,expired,0.1386363909756836,0.19346733096392388,0.04815491619871404,22,0.04773870761555665
938,sz300472,2025-05-09,filtered,0.1440217287432834,0.18709683224760587,0.037652347348018145,22,0.029032308179557154
939,bj920642,2025-05-09,expired,0.22203461841716154,0.23385414545320882,0.009672006715617076,22,-0.048958359203403856
940,bj920247,2025-05-09,filtered,0.4208261566105004,0.3459459893354908,-0.05270185020639162,22,-0.22548263469508456
941,bj920284,2025-05-09,breakout_support_filtered,0.21064815964595726,0.24585442171753646,0.02908050682691732,22,0.07570297039642249
942,sh603610,2025-05-09,operable_filtered,0.22387098496960056,0.0402684830087876,-0.15001785663329004,22,-0.18322145047850769
943,sz002977,2025-05-09,operable_filtered,0.21959180248026944,0.21678667601190127,-0.002300053561087756,22,-0.046188244082648655
944,sh603657,2025-05-09,operable_filtered,0.2661017078464314,0.302024245103095,0.02837255256354232,22,0.2668016173698142
945,sz300344,2025-05-09,operable_filtered,,,,0,
946,bj920199,2025-05-09,operable_filtered,0.1377454208986342,0.16346814283334998,0.022608504031067955,22,0.06134335124942436
947,bj920169,2025-05-09,operable_filtered,0.3094688188137701,0.7244125123282628,0.31687939991605507,22,0.3221823956966692
948,sz300581,2025-05-09,operable_filtered,0.28912470305820326,0.2541583976291517,-0.027124067474698754,22,-0.11244175717954019
949,bj920223,2025-05-09,operable_filtered,0.10708658874821984,0.06633081208852265,-0.036813540218005536,22,-0.044500397964854166
950,sz002200,2025-05-09,operable_filtered,0.12430636336789917,0.035632232921035456,-0.07887007788627753,22,-0.08965514368638539
951,sh600592,2025-05-09,operable_filtered,0.23015609979075544,0.07612584356550678,-0.12521195988984535,22,-0.1786990736884183
952,sz000691,2025-05-09,operable_filtered,0.13321168184902832,0.28941176919376144,0.1378384019919967,22,0.15999995960908775
953,sh603398,2025-05-12,filtered,0.17777777415508325,0.013864804847574463,-0.13917138946275076,22,-0.18717503072376696
954,bj920425,2025-05-12,filtered,0.21915199769555208,0.07613435910002875,-0.11730911228940777,22,-0.062035331275815286
955,bj920876,2025-05-12,expired,0.2767079319206826,0.1127550531357151,-0.1284184696325309,22,-0.13520405953847026
956,bj920810,2025-05-12,expired,0.14525580367223812,0.022355344924023468,-0.1073126705441152,22,-0.06107779744093955
957,sh603389,2025-05-12,expired,0.0942788147203667,0.7171717487954443,0.5692268969259469,22,0.7171717487954443
958,bj920284,2025-05-12,filtered,0.21064815964595726,0.2567273226651279,0.03806156450330378,22,0.106909110329368
959,sz000691,2025-05-12,expired,0.13321168184902832,0.22869954533684278,0.08426304195171164,22,0.04932730679595587
960,bj920961,2025-05-12,expired,0.1404762225536703,0.05043772419197867,-0.07894815918220899,22,-0.08295122092972873
961,bj920510,2025-05-12,traded,0.12894737804459624,0.009870927387078732,-0.10547564303994839,22,-0.13439638933257714
962,bj920008,2025-05-12,traded,0.19020602571416934,0.03434786589249317,-0.13095057196350124,22,-0.16586958843728772
963,bj920363,2025-05-12,traded,0.30441178141168196,0.04214560786944266,-0.20106087454868382,22,-0.1440613093458547
964,bj920026,2025-05-12,operable_filtered,0.18646408446793353,0.06189500149331573,-0.104991870049299,22,-0.07773539473947766
965,sz002693,2025-05-12,operable_filtered,0.1428570851897605,0.32724718555569154,0.161341345961306,22,0.10252809421445153
966,sz002076,2025-05-12,operable_filtered,0.10047843424010348,0.08854164629398498,-0.010846907649181725,22,-0.015624985448084439
967,sz300581,2025-05-12,operable_filtered,0.2933687307551309,0.04316550635409944,-0.1934508067586811,22,-0.270614248601735
968,sz302132,2025-05-12,operable_filtered,0.2016402376523083,0.01965093465866463,-0.15145073982309654,22,-0.1731995402107458
969,bj920221,2025-05-12,operable_filtered,0.20427237618382732,0.012162096447571935,-0.15952394452908258,22,-0.16621623456057177
970,bj920146,2025-05-12,operable_filtered,0.10740739138201623,0.1257035808413447,0.016521642894667066,22,0.044090081965893146
971,bj920262,2025-05-13,expired,0.21746879762350932,0.20343227292611643,-0.011529268532213699,22,0.03146231997564164
972,bj920425,2025-05-13,filtered,0.1302732827358779,0.007215405424251031,-0.10887444584530892,22,-0.060929954325573354
973,bj920169,2025-05-13,expired,0.30091187050472,0.11612736947752378,-0.14204228988663514,22,0.042536562659091004
974,sh603398,2025-05-13,filtered,0.20000001630212533,0.08333329654034327,-0.09722226514737708,22,-0.17407408159619642
975,bj920810,2025-05-13,expired,0.14525580367223812,0.1281938215686338,-0.014897966069148505,22,-0.029515420871165876
976,bj920284,2025-05-13,traded,0.21064815964595726,0.2351680464155137,0.02025352004559866,22,0.032165819630257886
977,bj920363,2025-05-13,traded,0.23493730584262623,0.091791366752221,-0.11591352728042625,22,0.031136290821542012
978,bj920770,2025-05-13,traded,0.09434908984247341,0.03661081720009407,-0.05276037891226337,22,-0.06589959066823736
979,bj920876,2025-05-13,operable_filtered,0.2767079319206826,0.19605147989747707,-0.06317533556940136,22,-0.12558271669195153
980,bj920454,2025-05-13,operable_filtered,0.11190558589939469,0.5453037968987777,0.3897796867787271,22,0.22928174204785812
981,sz002816,2025-05-13,operable_filtered,0.1022504940303442,0.2775000333786011,0.15899247974701525,22,0.14374995231628418
982,bj920339,2025-05-13,operable_filtered,0.13582087661460981,0.023682159077828224,-0.09872922733293876,22,-0.10160427106206826
983,bj920571,2025-05-13,operable_filtered,0.3510362221450965,0.6252631137245579,0.20297523270254003,22,0.2810526396098889
984,sz300344,2025-05-13,operable_filtered,,,,0,
985,bj920261,2025-05-13,operable_filtered,0.17000538745976573,0.19238215534338976,0.019125354569697217,22,0.05745638494507177
986,bj920167,2025-05-13,operable_filtered,0.09458844681016972,0.005946896483847386,-0.08098162426676425,22,-0.12442823169067518
987,sz300581,2025-05-13,score_filtered,0.2291667149574649,0.046638428048999536,-0.14849758351517173,22,-0.0417928845846145
988,bj920026,2025-05-13,score_filtered,0.073608055526823,0.06460201739428229,-0.008388571682355184,22,0.002330992115339825
989,bj920262,2025-05-14,expired,0.21746879762350932,0.1563036462267391,-0.050239604921427206,22,-0.01751976015763046
990,bj920169,2025-05-14,expired,0.2918048613445226,0.13552635594418172,-0.1209768673866769,22,0.05026315387926594
991,bj920876,2025-05-14,traded,0.2767079319206826,0.15153109033571455,-0.09804657624132695,22,-0.10770859862749449
992,bj920425,2025-05-14,traded,0.1302732827358779,0.06228858830287787,-0.06014889980274507,22,-0.012965025096042138
993,bj920163,2025-05-14,traded,0.14778325678569837,0.10749498639133126,-0.03510093927244784,22,-0.05078898677374155
994,sz301396,2025-05-14,expired,0.4149999985328087,0.009708737864077666,-0.28642491949750615,22,-0.41699029866931503
995,bj920247,2025-05-14,traded,0.4234079165362637,0.2607595331389929,-0.11426688126974949,22,-0.2763110124793029
996,sh603398,2025-05-14,filtered,0.2461538599479522,0.15841577894698866,-0.07040710125844984,22,-0.1287128853103756
997,bj920077,2025-05-14,filtered,0.2051136665969834,0.21379312975653297,0.007202194614603252,22,-0.0358621005354256
998,bj920171,2025-05-14,traded,0.14534535325758544,0.14272448047187924,-0.0022882816770085634,22,0.09597530532636855
999,bj920706,2025-05-14,operable_filtered,0.213928242647839,0.08950473843109874,-0.10249658904495529,22,-0.15129486093036848
1000,bj920271,2025-05-14,operable_filtered,0.10160154283315166,0.10876798194687165,0.0065054730182103615,22,-0.0016648549324860262
1001,bj920363,2025-05-14,operable_filtered,0.2010135205885717,0.17749671350442742,-0.01958080128241979,22,0.08155250357596677
1002,bj920026,2025-05-14,operable_filtered,0.06359300322678502,0.035968849029464955,-0.025972485822596147,22,-0.017174357620321157
1003,bj920770,2025-05-14,operable_filtered,0.09434908984247341,0.03444675640231032,-0.05473786563735872,22,-0.05427969814515321
1004,sz002076,2025-05-14,operable_filtered,0.11483248812612686,0.05555550203847881,-0.053171204390790705,22,-0.0757575629864552
1005,bj920957,2025-05-14,operable_filtered,0.1994818435226932,0.09039539012174491,-0.09094464746592434,22,-0.07231641985720105
1006,bj920169,2025-05-15,expired,0.2918048613445226,0.21207874649899705,-0.061716840701888875,22,0.1179775545774977
1007,bj920876,2025-05-15,traded,0.2767079319206826,0.0946047829891874,-0.14263493190454202,22,-0.14579668208436214
1008,bj920519,2025-05-15,expired,0.17745663758456004,0.06064212106243638,-0.09920918766211007,22,-0.11712243454800375
1009,bj920706,2025-05-15,traded,0.19863597737718577,0.05675667919960792,-0.1183672948713197,22,-0.16666669530553402
1010,sz002693,2025-05-15,filtered,0.19788358976744777,0.30886427754512336,0.09264730623717865,22,0.02631579816367502
1011,bj920957,2025-05-15,operable_filtered,0.13202244542250238,0.09620096349156992,-0.03164379123027261,22,-0.031249956173054483
1012,bj920077,2025-05-15,operable_filtered,0.19551464852575876,0.14032782882940564,-0.04616155875999217,22,-0.0760655637647285
1013,sz300946,2025-05-15,operable_filtered,0.47439382939024904,0.25986303042059067,-0.14550440641655416,22,-0.3552054836325449
1014,bj920571,2025-05-15,operable_filtered,0.3060941309599611,0.11076919849102307,-0.1495488937886711,22,0.0007692483755259438
1015,bj920123,2025-05-15,operable_filtered,0.417544847409939,0.0,-0.29455494700774676,22,-0.43235545546245946
1016,sh603398,2025-05-15,operable_filtered,0.2461538599479522,0.13152801127733693,-0.09198370470513395,22,-0.10638301404612838
1017,sh603332,2025-05-15,operable_filtered,0.2697674507318541,0.4208444018687991,0.11898001563189298,22,0.09960423773616345
1018,bj920970,2025-05-15,operable_filtered,0.09227464429584042,0.10244990235988749,0.009315658948218841,22,0.013363123090261775
1019,bj920304,2025-05-15,operable_filtered,0.1327536209769871,0.0674505051287142,-0.05764988488136513,22,-0.030940594351556938
1020,bj920275,2025-05-15,operable_filtered,0.21702719282868854,0.24608694988748292,0.023877656333423536,22,-0.03826083307680872
1021,sz002651,2025-05-15,operable_filtered,0.27196919368947775,0.2778688849444293,0.004638234388239404,22,-0.05327865808953858
1022,bj920169,2025-05-16,filtered,0.25806451154883053,0.24871796828049875,-0.007429303650593355,22,0.19743591699844742
1023,bj920876,2025-05-16,traded,0.23048782348632812,0.0,-0.1873141847379598,22,-0.13536583505025723
1024,sz002630,2025-05-16,filtered,0.11149823902535146,0.23706895178549314,0.11297427953664774,22,0.0732758970627756
1025,bj920247,2025-05-16,traded,0.3484602874253792,0.04896295618934965,-0.22210318985949606,22,-0.31077862757801744
1026,bj920010,2025-05-16,traded,0.15462608502363245,0.0788461225742898,-0.06563160440619331,22,-0.03461538132360942
1027,bj920271,2025-05-16,expired,0.11711712743743027,0.09539472549080497,-0.019445053175806803,22,-0.04989034313767016
1028,sz002717,2025-05-16,operable_filtered,0.22916668736272305,0.44578321905159823,0.17623039569486187,22,0.08433734247587221
1029,sh600798,2025-05-16,operable_filtered,0.30258304092600014,0.17826091057862214,-0.09544276751753045,22,-0.08260872224328253
1030,bj920123,2025-05-16,operable_filtered,0.4265129919021784,0.17746866547142925,-0.17458258553864403,22,-0.34340003962262844
1031,bj920429,2025-05-16,operable_filtered,0.2764705770155963,0.2587930289479874,-0.013848770497271734,22,-0.1288411518973317
1032,bj920199,2025-05-16,operable_filtered,0.1377454208986342,0.6072265606055733,0.41264164292230276,22,0.34894615316679856
1033,bj920171,2025-05-16,operable_filtered,0.10979043804407092,0.24067226377855833,0.11793381997880403,22,0.0568067406405921
1034,bj920895,2025-05-16,operable_filtered,0.1554371146769537,0.7618332098906699,0.5248196440212647,22,0.4624342253137541
1035,sh605198,2025-05-16,operable_filtered,0.2420112895678487,0.09822809185538861,-0.11576641768086404,22,-0.1894030953711704
1036,bj920571,2025-05-16,operable_filtered,0.3060941309599611,0.1116243136885231,-0.14889418202078997,22,-0.008468026067392054
1037,bj920300,2025-05-16,operable_filtered,0.21937548609521443,0.24899997711181632,0.02429480611543866,22,-0.026500034332275435
1038,sh603040,2025-05-16,operable_filtered,0.2402769108207526,0.0022449104153379196,-0.191918432350641,22,-0.24448978657625164
1039,bj920261,2025-05-16,operable_filtered,0.16137859147317113,0.04337900736441225,-0.10160303020488803,22,-0.1050228370155395
1040,bj920169,2025-05-19,expired,0.1601123342669341,0.4433049017014421,0.24410788427092722,22,0.2820513377850453
1041,bj920077,2025-05-19,filtered,0.19132945733613724,0.07386707520944125,-0.0985977316378518,22,-0.1495965679565442
1042,sz002816,2025-05-19,expired,0.10763212844704965,0.10248109626246094,-0.0046504900429447105,22,-0.04476816559159702
1043,bj920371,2025-05-19,traded,0.1915653606395494,0.07532663528020223,-0.09755127934984464,22,-0.18370486558616805
1044,sz300344,2025-05-19,filtered,,,,0,
1045,bj920300,2025-05-19,filtered,0.22337870400162974,0.17276997356754986,-0.04136800016915487,22,-0.1408450754674303
1046,bj920429,2025-05-19,filtered,0.2852941400864545,0.1378849047841706,-0.11468910555553335,22,-0.20682726142581975
1047,sh605136,2025-05-19,expired,0.3478772985464113,0.5689175232311436,0.16399135509078477,22,-0.008325638214090048
1048,bj920571,2025-05-19,expired,0.2292307340181791,0.10000001467191266,-0.10513137669754624,22,-0.021538440997783903
1049,bj920436,2025-05-19,operable_filtered,0.2662139201861728,0.23428331976499162,-0.025217382238608144,22,-0.13746859190030758
1050,bj920198,2025-05-19,operable_filtered,0.2041176627664005,0.14864863384545002,-0.046066120144366285,22,-0.09797295882285662
1051,sz300044,2025-05-19,operable_filtered,0.11340207325840763,0.031914926670751464,-0.07318752905604109,22,-0.05053193023999181
1052,bj920305,2025-05-19,operable_filtered,0.305655001871509,0.059939297690516424,-0.18819343841120884,22,-0.32018210692845095
1053,sz300472,2025-05-19,operable_filtered,0.19565217813832542,0.16455695151977134,-0.026006916716340034,22,-0.07911392190177136
1054,sz002693,2025-05-19,operable_filtered,0.19788358976744777,0.21465289902581186,0.01399911427254752,22,-0.05912596731900399
1055,bj920405,2025-05-20,expired,0.11111115316024195,0.027313496026875494,-0.07541788856589882,22,-0.13819817375066923
1056,bj920271,2025-05-20,traded,0.14314308150793956,0.06616861186034995,-0.06733581376886899,22,-0.11526146605087328
1057,bj920873,2025-05-20,traded,0.15374507960141426,0.11911763530289043,-0.030013080801598258,22,-0.061764715369597156
1058,bj920169,2025-05-20,operable_filtered,0.12460315289781264,0.6315620319547555,0.45078913192679604,22,0.28921094244401835
1059,sz002868,2025-05-20,expired,0.13320616705490673,0.05560036603880425,-0.06848339099476708,22,-0.1103948350043511
1060,bj920427,2025-05-20,traded,0.17476297406740196,0.03052503208898827,-0.12278046309121926,22,-0.15995110293779446
1061,bj920857,2025-05-20,traded,0.12458555149570101,0.011015395537808947,-0.10098845375244558,22,-0.12452100472333716
1062,bj920199,2025-05-20,traded,0.19671108623740788,0.5250793941437253,0.27439230043296714,22,0.06857142372736846
1063,bj920284,2025-05-20,traded,0.21064815964595726,0.296324139951027,0.07076868669269265,22,0.07464365275723495
1064,bj920476,2025-05-20,expired,0.1419512120688834,0.09567081791109522,-0.040527470586017134,22,-0.11223936808547863
1065,bj920436,2025-05-20,traded,0.2811545151830776,0.2531915218272107,-0.02182640190896179,22,-0.1102127724505485
1066,sz002717,2025-05-20,filtered,0.24583338714307995,0.31868133307683677,0.05847326511357198,22,-0.04945056636528333
1067,bj920198,2025-05-20,operable_filtered,0.12903225806451613,0.01241016167052833,-0.10329385680610337,22,-0.16133247546250862
1068,sz300756,2025-05-20,operable_filtered,0.07111111393681278,0.11158306330357659,0.037785014869289535,22,0.020463347276125754
1069,bj920128,2025-05-20,operable_filtered,0.22669216294067854,0.20461537287785458,-0.01799700913544655,22,-0.08410253280248392
1070,bj920077,2025-05-20,operable_filtered,0.1953756826489259,0.11039790255309256,-0.07108876425152344,22,-0.12130939361860882
1071,sz002510,2025-05-21,expired,0.31397849638788167,0.08265425209952681,-0.17604872905018132,22,-0.2514552137229624
1072,bj920719,2025-05-21,expired,0.14404274676731557,0.5204968299511068,0.3290559590081099,22,0.40496896293666285
1073,sz300561,2025-05-21,filtered,0.22033898305084745,0.12853866445314988,-0.07522526107311334,22,-0.12777353598219843
1074,bj920284,2025-05-21,traded,0.11389724242321567,0.111111025742483,-0.0025013229000112602,22,-0.027190377589710657
1075,sh600698,2025-05-21,expired,0.23913040394546206,0.0,-0.1929824360568163,22,-0.18649881925514322
1076,sz002630,2025-05-21,filtered,0.11149823902535146,0.1299212317567544,0.016574918505995795,22,-0.003937004178520276
1077,sz002717,2025-05-21,filtered,0.2625000372529015,0.23076924957937472,-0.025133296425535412,22,-0.10256412450927044
1078,bj920175,2025-05-21,traded,0.11538462869368,0.16850624990000096,0.047626280513239694,22,0.1265636679703257
1079,bj920174,2025-05-21,expired,0.22699996948242188,0.027115852229850468,-0.16290474508885877,22,-0.1998767354404024
1080,sz002868,2025-05-21,expired,0.15267175127941593,0.027854099576170466,-0.10828551282245213,22,-0.13338562766025186
1081,sz002693,2025-05-21,filtered,0.2190475911750509,0.11176468344295731,-0.08800551226116005,22,-0.13294118993422566
1082,bj920198,2025-05-21,operable_filtered,0.11780450633468927,0.06334515142820707,-0.04871992785666601,22,-0.06405697935848331
1083,bj920077,2025-05-21,operable_filtered,0.1953756826489259,0.16891885230452486,-0.022132648947461697,22,-0.045270274841846314
1084,bj920571,2025-05-21,operable_filtered,0.1573426552440049,0.6388348396294818,0.41603252261013646,22,0.4067960682323406
1085,bj920931,2025-05-21,operable_filtered,0.24521736476732336,0.21693124149325005,-0.022715811772636707,22,-0.07301583008571055
1086,sz300945,2025-05-21,operable_filtered,0.2612882011936127,0.46071773100631885,0.15811574993247168,22,0.0741997437936941
1087,sh600696,2025-05-21,operable_filtered,0.21686748787598464,0.12771739676200355,-0.07326195498048071,22,-0.129076123487605
1088,bj920931,2025-05-22,expired,0.20177781846788195,0.19173734110941631,-0.008354686868215055,22,-0.062499917917328784
1089,sz002717,2025-05-22,filtered,0.2625000372529015,0.17073178106940157,-0.07268772552528413,22,-0.12682926659070615
1090,bj920174,2025-05-22,expired,0.1312654513882488,0.011136401783336192,-0.1061899746496231,22,-0.06977272033691406
1091,bj920719,2025-05-22,breakout_support_filtered,0.14302675053567065,0.7372881812541572,0.5199015949889105,22,0.5254237721914494
1092,sz002868,2025-05-22,expired,0.15267175127941593,0.06244934813691638,-0.07827241627319892,22,-0.08759123523022994
1093,sh600770,2025-05-22,expired,0.27615062733680135,0.04366815076161368,-0.18217479315929597,22,-0.23580784753204487
1094,bj920436,2025-05-22,traded,0.28332197028981854,0.28333338631524163,8.895682990894827e-06,22,-0.04868415526956105
1095,bj920895,2025-05-22,expired,0.1736481121933543,0.798630105668418,0.5325122470542518,22,0.30273972334300714
1096,bj920284,2025-05-22,traded,0.11389724242321567,0.30514702221514134,0.17169427529587322,22,0.21985291818021557
1097,sz002040,2025-05-22,operable_filtered,0.23037034493905525,0.06132073243685454,-0.13739733991278402,22,-0.0959119686649017
1098,bj920392,2025-05-22,operable_filtered,0.3186206817626953,0.003460220857774976,-0.23900767314192484,22,-0.27820066139459654
1099,bj920580,2025-05-22,operable_filtered,0.08542374433097193,0.07147962947536723,-0.012846701510293213,22,0.03788425270311113
1100,bj920075,2025-05-22,operable_filtered,0.28208335240681964,0.3605442647624897,0.06119798077744143,22,0.009070286448309206
1101,sz002811,2025-05-22,operable_filtered,0.32081685030655793,0.1362275969512401,-0.13975386013017255,22,-0.21032930674799544
1102,bj920405,2025-05-22,operable_filtered,0.0700583960486226,0.061061908737757964,-0.008407473222102335,22,0.04734511844086242
1103,sz300765,2025-05-22,operable_filtered,0.15100301952171735,0.290460652285222,0.12116183050627805,22,0.0856093932057802
1104,bj920174,2025-05-23,expired,0.12457530713280106,0.03784674602025939,-0.07712116793108625,22,-0.03149976783613051
1105,bj920931,2025-05-23,traded,0.204888916015625,0.20320850706014748,-0.0013946588213579192,22,-0.054545476799399806
1106,sz002717,2025-05-23,filtered,0.2625000372529015,0.10091744122626767,-0.1279862108980404,22,-0.19266057955617621
1107,bj920719,2025-05-23,expired,0.14302675053567065,0.6768916328243386,0.46706245679593805,22,0.3715065258756478
1108,bj920946,2025-05-23,expired,0.22925169586975325,0.18739900431164003,-0.03404729210359192,22,-0.07108239954007944
1109,bj920077,2025-05-23,operable_filtered,0.1953756826489259,0.12483739325963095,-0.05900930595558351,22,-0.06762028310237322
1110,bj920263,2025-05-23,operable_filtered,0.28268734672827617,0.13157894443313545,-0.11780610659376178,22,-0.14502926553136664
1111,sz002651,2025-05-23,operable_filtered,0.24863763598953711,0.04113474524924787,-0.16618343445642214,22,-0.2198581771347864
1112,sz300920,2025-05-23,operable_filtered,0.14944578120999008,0.3991995814710285,0.2172819321657169,22,0.1625812925068486
1113,bj920670,2025-05-23,operable_filtered,0.14025498252870897,0.08641157514035247,-0.04722049735660838,22,-0.020448513790407574
1114,sz000695,2025-05-23,operable_filtered,0.27966575177691566,0.13895942273174677,-0.10995553241132472,22,-0.11104060752441758
1115,sh605136,2025-05-23,operable_filtered,0.3755895799379302,0.22987665927401935,-0.1059276129952117,22,-0.24147932798533434
1116,bj920392,2025-05-23,score_filtered,0.2962962862332561,0.0028571401323591594,-0.22636734303510564,22,-0.25392859322684147
1117,sz300204,2025-05-23,score_filtered,0.18354581004806253,1.6119854921432708,1.2069154146531944,22,1.0569006416865578
1118,sz002259,2025-05-23,score_filtered,0.1284210807398746,0.08447485750952088,-0.03894487969113403,22,-0.059360781298752
1119,sh688336,2025-05-23,score_filtered,0.20500876191745745,0.2842184161003052,0.06573367487951387,22,0.01907255920894535
1120,sh600770,2025-05-23,score_filtered,0.218373469641738,0.021538440997783903,-0.16155557679849464,22,-0.19076919555664062
1121,bj920190,2025-05-23,score_filtered,0.1997524601491622,0.0978261511808094,-0.08495611582716034,22,-0.08831521922225993
1122,bj920719,2025-05-26,expired,0.14302675053567065,0.6410941132145671,0.4357442749659892,22,0.3549032539062793
1123,sz002650,2025-05-26,filtered,0.21800945109373682,0.015643700866695864,-0.16614464694450648,22,-0.18531893633300422
1124,bj920169,2025-05-26,expired,0.2202921413546392,0.6886666615804036,0.38382163119220336,22,0.3336666107177735
1125,bj920946,2025-05-26,expired,0.22925169586975325,0.1094339478690669,-0.09747210307154364,22,-0.13811320178913622
1126,sh605136,2025-05-26,expired,0.3755895799379302,0.19858654004926746,-0.12867430988874573,22,-0.25512365752644506
1127,bj920436,2025-05-26,traded,0.28332197028981854,0.21612638729689926,-0.05236065815794011,22,-0.10016624692047615
1128,bj920263,2025-05-26,operable_filtered,0.28268734672827617,0.06260303977550064,-0.1715806330468138,22,-0.19659523064360507
1129,sz300344,2025-05-26,operable_filtered,,,,0,
1130,bj920300,2025-05-26,operable_filtered,0.18653760917326462,0.030371717702365908,-0.13161478427953865,22,-0.14007253977310508
1131,sz301317,2025-05-26,operable_filtered,0.16183502083320808,0.014273480371786551,-0.12700730982923714,22,-0.13759634207218108
1132,sz300561,2025-05-26,operable_filtered,0.22033898305084745,0.04982204980514848,-0.1397291536318923,22,-0.05836303468801918
1133,sz300472,2025-05-26,operable_filtered,0.22826090688854106,0.10843377733528303,-0.0975583679991956,22,-0.09337347861834133
1134,bj920198,2025-05-26,operable_filtered,0.11780450633468927,0.06714282717023567,-0.0453224860674204,22,-0.022142887115478516
1135,sz002289,2025-05-26,score_filtered,0.17118156782295232,0.18402986458063264,0.010970371384484423,22,0.04803484201073793
1136,sz002693,2025-05-26,score_filtered,0.2190475911750509,0.06418915399531011,-0.1270323146535004,22,-0.1621621665160441
1137,bj920810,2025-05-26,score_filtered,0.14466690263643603,0.11227269606156787,-0.028300116392163233,22,-0.024090940302068486
1138,bj920946,2025-05-27,traded,0.21754141699674248,0.05847947508874474,-0.13064191467124708,22,-0.14546788599409388
1139,bj920719,2025-05-27,expired,0.1544715888407701,0.5540114024024883,0.3460802478152838,22,0.21794066832387915
1140,bj920571,2025-05-27,expired,0.2630331635740235,0.6076189676920574,0.27282403507359554,22,0.17523810977027532
1141,bj920895,2025-05-27,expired,0.3012185749607254,0.7333333920855478,0.3320847284537609,22,0.15643570289827613
1142,bj920169,2025-05-27,operable_filtered,0.2202921413546392,0.6858569428824919,0.38151913443532615,22,0.296173103222664
1143,sz002898,2025-05-27,operable_filtered,0.19284712172936863,0.20745128892591969,0.012243117270030579,22,-0.0016935188021205416
1144,sh605136,2025-05-27,operable_filtered,0.3755895799379302,0.157679148538717,-0.15841238882388586,22,-0.2784982955593668
1145,bj920263,2025-05-27,operable_filtered,0.22371360369539214,0.051764656515682406,-0.14051404402178358,22,-0.1388235092163086
1146,sz002365,2025-05-27,operable_filtered,0.16768166063705447,0.3720225247216007,0.17499706552988403,22,0.15851016991015054
1147,sh603389,2025-05-27,score_filtered,0.0942788147203667,0.6030969309253795,0.4649803225287119,22,0.5224123560122829
1148,sz002868,2025-05-27,score_filtered,0.15267175127941593,0.0,-0.13245032777974908,22,-0.09236641243602917
1149,sh603192,2025-05-27,score_filtered,0.3227742707253401,0.03987515993224022,-0.21386801743427686,22,-0.28710127055607937
1150,sz002717,2025-05-27,score_filtered,0.2625000372529015,0.0,-0.20792081545128538,22,-0.2458333871430799
1151,sz301316,2025-05-27,score_filtered,0.18670441230732754,0.0,-0.15733017453294484,22,-0.15538497030910758
1152,sz002259,2025-05-27,score_filtered,0.1410526476408306,0.06026785262879364,-0.07079848171691505,22,-0.09598210413122987
1153,bj920895,2025-05-28,expired,0.32635185149003076,0.6174930238153644,0.21950523309351455,22,0.077610112812589
1154,bj920719,2025-05-28,expired,0.20162605345150625,0.6565656396996691,0.3786032975412037,22,0.3111110311922778
1155,bj920436,2025-05-28,operable_filtered,0.2718750045531327,0.06666663840964993,-0.16134318656225322,22,-0.17962964375813806
1156,sz002898,2025-05-28,operable_filtered,0.19284712172936863,0.15000005383645498,-0.03591999939673296,22,-0.07741936029678342
1157,sh688455,2025-05-28,operable_filtered,0.3611111135639771,0.12207794189453125,-0.17561620744066486,22,-0.2690909249441964
1158,sz300472,2025-05-28,operable_filtered,0.22826090688854106,0.051428590502057725,-0.1439696691433736,22,-0.12571430206298828
1159,sz300945,2025-05-28,operable_filtered,0.2848605472988569,0.37534252803127566,0.07042163519040057,22,0.013242051167981161
1160,sz002365,2025-05-28,operable_filtered,0.14689973307438478,0.3183520349536113,0.14949197121149438,22,0.11319181172001014
1161,sz002366,2025-05-28,score_filtered,0.1529125955149992,0.16602322289019655,0.011371744420348495,22,0.05662806413134547
1162,sz000638,2025-05-28,score_filtered,,,,0,
1163,sh603333,2025-05-28,score_filtered,0.262795287046587,0.0694736681486432,-0.15309022838538033,22,-0.21263157693963297
1164,sh603332,2025-05-28,score_filtered,0.2525534031029745,0.13368425871196554,-0.09490145817059159,22,-0.1494736922414679
1165,bj920075,2025-05-28,score_filtered,0.28208335240681964,0.39941694074840806,0.09151790959715789,22,0.06676387657329852
1166,bj920576,2025-05-28,score_filtered,0.2023474000150797,0.06420184294767939,-0.11489654077155054,22,-0.12190850367804296
1167,sh601579,2025-05-28,score_filtered,0.26811053476769553,0.06650736900442333,-0.158979174319535,22,-0.20708883458950456
1168,sh688648,2025-05-28,score_filtered,0.3326333758185471,0.23133946512563686,-0.07601033602410878,22,-0.18686434177268552
1169,sz300205,2025-05-28,score_filtered,0.0813953784944677,0.1763285127091505,0.08778762708127164,22,0.07246381652411271
1170,bj920370,2025-05-29,expired,0.21034486670839814,0.02292770946943068,-0.15484607932337413,22,-0.15520283996470563
1171,bj920571,2025-05-29,traded,0.2630331635740235,0.6484374548890617,0.30514186201133,22,0.27832035597384763
1172,bj920436,2025-05-29,traded,0.19221879611324066,0.016046961238942004,-0.1477680401018986,22,-0.12954988511863408
1173,sz300804,2025-05-29,operable_filtered,0.20828344890170594,0.6221197670619809,0.34249936845236095,22,0.2888673291206665
1174,sh605388,2025-05-29,operable_filtered,0.3460292062369372,0.3254564550380481,-0.015284030319374642,22,-0.11493024707539035
1175,sh603398,2025-05-29,operable_filtered,0.18484288876243743,0.09380863173677878,-0.07683234451509724,22,0.048780531445308695
1176,sz002366,2025-05-29,operable_filtered,0.1291391279185617,0.16602322289019655,0.03266567782450913,22,0.07464612637927592
1177,sz301316,2025-05-29,operable_filtered,0.10595291890853564,0.0031194159161440638,-0.09298180893077979,22,-0.03386810208530833
1178,sh603577,2025-05-29,operable_filtered,0.30248829653962306,0.14616750005503598,-0.12001704498987908,22,-0.1791444011626666
1179,sz300204,2025-05-29,score_filtered,0.19582851597054116,0.945217464281165,0.6266692408672123,22,0.8695652173913044
1180,sh688648,2025-05-29,score_filtered,0.3152830179788286,0.05420959693253047,-0.19849220090097786,22,-0.2881587269863256
1181,bj920579,2025-05-29,score_filtered,0.1656959961786376,0.025380663825634198,-0.12037043346891674,22,-0.10689763068469882
1182,sh605136,2025-05-29,score_filtered,0.34264433573123315,0.10342467050879822,-0.17817053917868042,22,-0.2602739788663164
1183,sz002471,2025-05-29,score_filtered,0.29765398221593214,0.15986395219821126,-0.10618395343142584,22,-0.16666666666666663
1184,sh688136,2025-05-29,score_filtered,0.3944366466075634,0.3080540489285628,-0.061948026028400216,22,-0.09668846523463193
1185,sz301316,2025-05-30,operable_filtered,0.10316401421399686,0.07655504357287835,-0.024120593400680734,22,-0.044736817368809745
1186,bj920047,2025-05-30,operable_filtered,0.24704089686021583,0.315419424147398,0.05483262614670048,22,0.09994976325310345
1187,bj920475,2025-05-30,operable_filtered,0.17938514115380313,0.2568181644786487,0.06565541706680489,22,0.018636356700550527
1188,sz002630,2025-05-30,operable_filtered,0.11149823902535146,0.0,-0.10031346439479905,22,-0.017421586867605088
1189,sz002907,2025-05-30,operable_filtered,0.28074044465852027,0.06176881810883317,-0.17097268026705503,22,-0.22321012028255893
1190,sz000903,2025-05-30,operable_filtered,0.2379182495503284,0.10245901399067558,-0.10942502512492902,22,-0.07786887408392063
1191,sz301209,2025-05-30,operable_filtered,0.2065778340866487,0.0628318449037264,-0.11913528089278602,22,-0.06026546512029862
1192,sh603390,2025-05-30,operable_filtered,0.327748696536944,0.09080526166785918,-0.17845503105149685,22,-0.2301542338073892
1193,sh600358,2025-05-30,score_filtered,0.22469136863560765,0.4781022542476576,0.20691816085416503,22,0.14233580421414405
1194,bj920394,2025-05-30,score_filtered,0.059619993178698275,0.12426035502958577,0.06100334295974941,22,0.11005920771311017
1195,sz300204,2025-05-30,score_filtered,0.19582851597054116,0.7615094454783313,0.47304519164161296,22,0.5407547860775355
1196,sh688136,2025-05-30,score_filtered,0.3944366466075634,0.21423151332223278,-0.12923149554606173,22,-0.11005690992587835
1197,sh688799,2025-05-30,score_filtered,0.24788784200529504,0.25632345532324297,0.006759913057885258,22,-0.02213187825774121
1198,sh603389,2025-05-30,score_filtered,0.0942788147203667,0.5850121126629815,0.44845362200310634,20,0.5801773450014094
1199,bj920174,2025-05-30,score_filtered,0.12457530713280106,0.08210790077112051,-0.037763061390663766,22,-0.0357842919552428
1200,sz002537,2025-06-03,expired,0.16218424209864926,0.44352946561925544,0.2420831511297714,22,0.1788235832663143
1201,bj920047,2025-06-03,expired,0.23028888886076423,0.06750003496805834,-0.13231758440364905,22,-0.08708333969116211
1202,sz000638,2025-06-03,operable_filtered,,,,0,
1203,sz300804,2025-06-03,expired,0.24940187164296074,0.5695845176113496,0.25626874205602834,22,0.1727294180926049
1204,sz002630,2025-06-03,operable_filtered,0.11149823902535146,0.07692309035889422,-0.031106795721759672,22,0.03296700129689234
1205,sh600358,2025-06-03,operable_filtered,0.22469136863560765,0.4086957185164741,0.15024548600016696,22,0.09913046463676123
1206,bj920429,2025-06-03,operable_filtered,0.28780040741942975,0.12414497911016187,-0.1270813608742447,22,-0.1812585252581167
1207,sh603056,2025-06-03,operable_filtered,,,,0,
1208,bj920363,2025-06-03,operable_filtered,0.16396393647065033,0.26136363636363646,0.08367931070813062,22,0.05727273767644703
1209,sz003010,2025-06-03,score_filtered,0.3776969678474195,0.09868163568374366,-0.20252300663739065,22,-0.2125448934363835
1210,sz301024,2025-06-03,score_filtered,0.29358144947340736,0.29112326222247753,-0.0019002956883237276,22,0.018510669677554548
1211,bj920132,2025-06-03,score_filtered,0.14093459655191296,0.05190718360139224,-0.0780302510061276,22,-0.03696423605100385
1212,sz300468,2025-06-03,score_filtered,0.12035220929206532,0.9623654638065229,0.7515612032813448,22,0.7039169497658297
1213,sz300204,2025-06-03,score_filtered,0.19582851597054116,0.4496894161226872,0.21228871595030596,22,0.386335351924177
1214,sh688799,2025-06-03,score_filtered,0.23913440851972617,0.027850498662930878,-0.17050927518766568,22,-0.10990656202084548
1215,bj920576,2025-06-03,score_filtered,0.16593033524108763,0.042743844297081335,-0.10565510410065304,22,-0.08011264634153248
1216,sh603390,2025-06-03,score_filtered,0.19999995246482932,0.0018725829238248615,-0.1651061478244611,22,-0.14981276551970968
1217,sz002898,2025-06-03,score_filtered,0.19284712172936863,0.11843139050053608,-0.06238496943426064,22,-0.09568629545323992
1218,sz000565,2025-06-04,expired,0.16339869222846262,0.012287345498900537,-0.12988784304038714,22,-0.1483931669324876
1219,bj920895,2025-06-04,expired,0.32635185149003076,0.5915151653867778,0.19991928506667467,22,0.043636322021484375
1220,sz002289,2025-06-04,operable_filtered,0.1422549484041079,0.3508896287953438,0.18265158814389726,22,0.12455515845145837
1221,sh600468,2025-06-04,operable_filtered,0.26168223790024486,0.3375000513262232,0.06009263755044869,22,-0.006944404891978451
1222,bj920077,2025-06-04,operable_filtered,0.09610386875954835,0.0,-0.08767770235890904,22,-0.09870126894421438
1223,bj920047,2025-06-04,operable_filtered,0.23028888886076423,0.05345399509547888,-0.14373444754835807,22,-0.05180922058769555
1224,sz003010,2025-06-04,operable_filtered,0.3776969678474195,0.041535171740360255,-0.24400271173732402,22,-0.27635399119628923
1225,sz002250,2025-06-04,score_filtered,0.2937379120701185,0.4197983490157837,0.09743892929902254,22,-0.008249326658720246
1226,bj920273,2025-06-04,score_filtered,0.20459204165605724,0.006395658155282646,-0.16453403031643543,22,-0.1809366667401221
1227,sz301335,2025-06-04,score_filtered,0.20999292442440148,0.06075000762939453,-0.12334197480204467,22,-0.16975002288818364
1228,sz002630,2025-06-04,score_filtered,0.10211266571036189,0.03886930617664208,-0.0573837516811011,22,-0.03180209066982986
1229,bj920419,2025-06-04,score_filtered,0.16558206612335044,0.024444438793041146,-0.12108767922255681,22,-0.14148147017867474
1230,bj920017,2025-06-04,score_filtered,0.2182081231551846,0.35686278543028704,0.11381853366400474,22,0.18676468319546347
1231,bj920735,2025-06-04,score_filtered,0.24348011494551103,0.1414622145574984,-0.08204224511662817,22,-0.14932127190123545
1232,bj920344,2025-06-04,score_filtered,0.1668975012081086,0.1281249504070736,-0.03322704073056393,22,0.005859360011527537
1233,sz002076,2025-06-04,score_filtered,0.07653065941225443,0.1216930696322911,0.041951810499009534,22,0.06349206649557293
1234,bj920145,2025-06-04,score_filtered,0.18325194572128256,0.0,-0.15487145099058042,22,-0.12542239393533305
1235,bj920982,2025-06-04,score_filtered,0.37138460599459133,0.009708737864077666,-0.26373044188301187,22,-0.26019417475728157
1236,bj920748,2025-06-05,expired,0.2988245241678646,0.7632727883078836,0.3575912338409095,22,0.23109089244495729
1237,sh600358,2025-06-05,expired,0.2419753608244267,0.2776025530793451,0.028685909059636305,22,-0.031545785692238204
1238,bj920047,2025-06-05,operable_filtered,0.23028888886076423,0.15405405219639778,-0.06196498834916664,22,0.05135132209326532
1239,sz300804,2025-06-05,operable_filtered,0.24940187164296074,0.5736469941980697,0.2595202791946578,22,0.19082354377297794
1240,sz300946,2025-06-05,score_filtered,0.3542203375641363,0.008657986258282957,-0.25517439202502556,22,-0.3604617930287374
1241,sz300530,2025-06-05,score_filtered,0.33629629347059464,0.30750607742246894,-0.021544784782237536,22,-0.15617435549857217
1242,sz300546,2025-06-05,score_filtered,0.22767075565552475,0.4732769059021862,0.200058646925672,22,0.15554741434735386
1243,sz300651,2025-06-05,score_filtered,0.3101630909980991,0.35084740590241004,0.03105286294801446,22,-0.03830505629717296
1244,bj920429,2025-06-05,score_filtered,0.2116616336534212,0.05964285986764084,-0.12546305797222523,22,-0.16678571701049805
1245,sz301287,2025-06-05,score_filtered,0.3137859967904738,0.4121065562270223,0.07483757604110686,22,0.011380175045653917
1246,sz300945,2025-06-05,score_filtered,0.25721235664886344,0.14530252773039565,-0.08901426105671328,22,-0.13415607988237
1247,sz301209,2025-06-05,score_filtered,0.11478598396710413,0.2763264162146015,0.14490712528752447,22,0.219933257504755
1248,sh603093,2025-06-05,score_filtered,0.22347823433254077,0.3687151129677866,0.11870818340669431,22,0.17318438254381707
1249,sz300368,2025-06-05,score_filtered,0.27072637586760395,0.33105472842726247,0.04747548623004594,22,0.15332037925691266
1250,sh603123,2025-06-05,score_filtered,0.1990553218631579,0.262857164655413,0.053210091001569815,22,0.07285717555454796
1251,sz301005,2025-06-05,score_filtered,0.3098184942159101,0.07494459384637708,-0.17931789893540506,22,-0.21463416036987848
1252,sz301225,2025-06-05,score_filtered,0.194674775826175,0.08591065354231198,-0.09104077903431707,22,-0.1568906026724488
1253,sh603076,2025-06-05,score_filtered,0.2660975572539539,0.09187751885583051,-0.13760396061105296,22,-0.19174431429773964
1254,sh688336,2025-06-05,score_filtered,0.21476412251687815,0.07396402636131749,-0.11590735480715053,22,-0.1790461395830819
1255,bj920748,2025-06-06,expired,0.2988245241678646,0.5700178507080533,0.2087990498284884,22,0.08353569385093906
1256,sz000889,2025-06-06,expired,0.1958525606374236,0.1573333740234375,-0.03221064860492018,22,0.026666641235351562
1257,bj920396,2025-06-06,expired,0.2637046058193979,0.11566530860165147,-0.11714707419441295,22,-0.1596566281185765
1258,bj920305,2025-06-06,filtered,0.28182542582818865,0.3999999688596141,0.09219238489911574,22,0.2995918429627711
1259,sz300530,2025-06-06,operable_filtered,0.3503703364619502,0.1610406783222582,-0.14020572951546517,22,-0.249623676943439
1260,bj920493,2025-06-06,operable_filtered,0.17528033769399978,0.0677777514045621,-0.09146973946689763,22,-0.0796295919536073
1261,sz301209,2025-06-06,operable_filtered,0.11478598396710413,0.16736843711451477,0.0471682043940751,22,0.09768419767680925
1262,sz300963,2025-06-06,operable_filtered,0.17090237402734879,0.2174888137847768,0.03978678392904156,22,0.1511211190372046
1263,sh603226,2025-06-06,operable_filtered,0.079795034023693,0.2306305745913333,0.1396890482127653,22,0.14414408764043274
1264,sz300651,2025-06-06,operable_filtered,0.3101630909980991,0.30655732702036365,-0.002752148951920552,22,-0.13836063322473746
1265,sz300804,2025-06-06,operable_filtered,0.24940187164296074,0.42297866496633985,0.13892791203772248,22,0.061702160125083116
1266,sh688183,2025-06-06,operable_filtered,0.06930693069306931,0.28246910189404906,0.19934610454906432,22,0.2592592592592593
1267,sh603093,2025-06-06,operable_filtered,0.22347823433254077,0.36490244895053325,0.11559193343161134,22,0.1626740920436469
1268,sz301316,2025-06-06,operable_filtered,0.11888885498046875,0.04578204221681159,-0.06533876214624845,22,-0.06553566755342355
1269,sz300255,2025-06-06,score_filtered,0.2395130967924038,0.36729649499155803,0.10309160793042893,22,-0.08861895429244404
1270,bj920207,2025-06-06,score_filtered,0.16388059018263176,0.11629455996336069,-0.04088566354715473,22,-0.05031656838937981
1271,bj920748,2025-06-09,expired,0.3039802261960421,0.3264943584640363,0.017265700672219664,22,-0.12214471659998039
1272,sh600358,2025-06-09,expired,0.2419753608244267,0.15879837577934564,-0.06697152590037525,22,-0.1344777698373133
1273,bj920017,2025-06-09,expired,0.2182081231551846,0.1829060152315647,-0.028978716569535545,22,-0.008119681075001273
1274,bj920396,2025-06-09,expired,0.2637046058193979,0.05456394488915284,-0.16549806020105173,22,-0.2190669250343884
1275,sh603226,2025-06-09,expired,0.079795034023693,0.2624769161450544,0.16918199877306805,22,0.19963030576103913
1276,sz300255,2025-06-09,operable_filtered,0.32291496582460527,0.19219452666147108,-0.09881242751052632,22,-0.20670720864044234
1277,sz300804,2025-06-09,operable_filtered,0.2497009215619954,0.20396036313171617,-0.03660120404897227,22,-0.1380737763148019
1278,sz002882,2025-06-09,operable_filtered,0.1660810905234012,0.3936496558176801,0.19515672378507887,22,0.15739161714766925
1279,bj920895,2025-06-09,operable_filtered,0.34310739338731094,0.5451602784425846,0.15043687947074513,22,0.010002946037019012
1280,sz300530,2025-06-09,operable_filtered,0.3503703364619502,0.10181599366173355,-0.18406383500058487,22,-0.30361146221219604
1281,sz300651,2025-06-09,operable_filtered,0.34253446007146165,0.1385713849748884,-0.15192390300783531,22,-0.26742858886718746
1282,bj920719,2025-06-09,operable_filtered,0.24593500205660251,0.6510067792804586,0.32511469422981487,22,0.16644292655901105
1283,sh603093,2025-06-09,operable_filtered,0.22347823433254077,0.19863010566841788,-0.020309416192988983,22,0.12328759709258108
1284,bj920174,2025-06-09,operable_filtered,0.12457530713280106,0.014942563813308274,-0.09748812962914033,22,-0.07080463979436058
1285,sz002199,2025-06-09,operable_filtered,0.11826819999768379,0.24441525635761452,0.11280572617569917,22,0.11826545066718674
1286,sz300584,2025-06-09,score_filtered,0.21647056538790943,0.0938230735623371,-0.10082240813320664,22,-0.17290601109332482
1287,bj920505,2025-06-09,score_filtered,0.2885375739267196,0.5296252199925195,0.18710175857045752,22,0.14354806782187834
1288,bj920748,2025-06-10,expired,0.30604247553940517,0.4265960365981971,0.09230447195754676,22,-0.05354526094873613
1289,sz002199,2025-06-10,expired,0.11826819999768379,0.18523160679684536,0.05988134760453723,22,0.07759698414513427
1290,bj920505,2025-06-10,expired,0.2885375739267196,0.5293609795878782,0.18689668856707664,22,0.25388595096447264
1291,bj920719,2025-06-10,breakout_support_filtered,0.2829268651989128,0.5870967988044984,0.23709062601820663,22,0.11935486332062761
1292,sz002882,2025-06-10,expired,0.15972563710210846,0.435302353315403,0.23762233703990399,22,0.17018277617270927
1293,bj920090,2025-06-10,operable_filtered,0.2505399863135037,0.8180629039345995,0.45382228783752065,22,0.3232984075074141
1294,sz002250,2025-06-10,operable_filtered,0.30639952443277185,0.017763188233666627,-0.22094032552899823,22,-0.3006578784322472
1295,sz300255,2025-06-10,operable_filtered,0.32291496582460527,0.1781008277745455,-0.10946594587793002,22,-0.19341084956119892
1296,sz300368,2025-06-10,operable_filtered,0.20859878596352424,0.11983469120263046,-0.07344380599400402,22,-0.158677687253158
1297,sz301287,2025-06-10,operable_filtered,0.29777155151611623,0.01949910774301644,-0.21442328848094205,22,-0.24561722687211895
1298,bj920403,2025-06-10,operable_filtered,0.3784810319731507,0.09722222222222232,-0.2040353136730042,22,-0.3066666920979818
1299,bj920344,2025-06-10,operable_filtered,0.1668975012081086,0.053630037268799224,-0.09706719212445114,22,-0.11929954308527313
1300,sz300651,2025-06-10,operable_filtered,0.30906667073567706,0.10132161057978584,-0.15869708151620832,22,-0.25433186612193615
1301,sz301141,2025-06-10,operable_filtered,0.1986455779056687,0.3003118590340901,0.08481763333750214,22,0.1933591094252698
1302,sz300530,2025-06-10,operable_filtered,0.29603774255750276,0.0295920031820589,-0.2055848611705242,22,-0.28070180106761533
1303,sz301209,2025-06-10,score_filtered,0.08025249236630587,0.08714831098401676,0.006383524839276733,22,-0.011763597220929012
1304,bj920748,2025-06-11,expired,0.30604247553940517,0.3234170984229392,0.013303260199373002,22,-0.10575873538619018
1305,bj920061,2025-06-11,filtered,0.1890268098978335,0.10977774726019973,-0.06665035807261832,22,-0.00022218492296011139
1306,bj920719,2025-06-11,traded,0.2829268651989128,0.513846177321214,0.17999413558659727,22,0.11261537992037263
1307,bj920505,2025-06-11,expired,0.2885375739267196,0.16851417891484188,-0.0931469888348817,22,0.04948535313284408
1308,bj920895,2025-06-11,expired,0.34310739338731094,0.3483953640313133,0.003937116771181026,22,-0.0870346424453472
1309,bj920090,2025-06-11,expired,0.2505399863135037,0.8156862967536491,0.4519218230727302,22,0.44705876559763924
1310,bj920527,2025-06-11,operable_filtered,0.24955119094230624,0.13859368045312248,-0.08879789102958557,22,-0.12305798995078321
1311,bj920454,2025-06-11,operable_filtered,0.292456152972501,0.3395594079289983,0.03644476050360801,22,-0.031130251180834234
1312,bj920403,2025-06-11,operable_filtered,0.3453333536783854,0.016260120577509918,-0.24460348968612833,22,-0.32493228137288577
1313,sz002250,2025-06-11,operable_filtered,0.25574912743786726,0.13438741614262328,-0.09664487009667355,22,-0.1581027715661203
1314,sz300804,2025-06-11,operable_filtered,0.29500592909385537,0.13336721158680231,-0.12481697100812139,22,-0.21640394858995504
1315,sz300920,2025-06-11,operable_filtered,0.22899531414141863,0.19632165600289064,-0.02658566535003759,22,-0.0397775205821117
1316,bj920017,2025-06-11,operable_filtered,0.2182081231551846,0.17288134990495996,-0.037207741755019175,22,0.013983047388641756
1317,sz301141,2025-06-11,operable_filtered,0.1986455779056687,0.16119407539937036,-0.03124485101904373,22,0.11432841286730411
1318,sz300651,2025-06-11,score_filtered,0.3194666544596354,0.14224788024616708,-0.1343109154100186,22,-0.22875424055342508
1319,sh600232,2025-06-11,score_filtered,0.3159041393203855,0.14750003814697266,-0.12797596431331792,22,-0.20499998331069946
1320,sh600250,2025-06-11,score_filtered,0.25773195538429766,0.15384615384615374,-0.08259772767433726,22,0.09769234290489792
1321,sz301225,2025-06-11,score_filtered,0.20034920048706908,0.09121214249251897,-0.09092109025462358,22,-0.019171237747023007
1322,bj920748,2025-06-12,expired,0.32903694119977533,0.11471268226360443,-0.161262830469326,22,-0.2764367728397764
1323,bj920075,2025-06-12,traded,0.31333335240681964,0.07526883190618316,-0.18126739876388465,22,-0.26232077160798717
1324,bj920527,2025-06-12,traded,0.24738929513819108,0.06398467631746096,-0.14703077823063393,22,-0.18045980547821217
1325,bj920505,2025-06-12,expired,0.2885375739267196,0.14258068453881045,-0.1132732893020082,22,-0.04090320217993948
1326,bj920781,2025-06-12,filtered,0.20375001430511475,0.20663647992630674,0.002397894568548109,22,-0.019607860059875803
1327,bj920454,2025-06-12,expired,0.203301095251178,0.03500000635782885,-0.13986614784740792,22,-0.12708330154418945
1328,sz300804,2025-06-12,expired,0.2988935210033658,0.20396036313171617,-0.0730877137629542,22,-0.16633659749188634
1329,bj920061,2025-06-12,operable_filtered,0.1890268098978335,0.12705928862398075,-0.05211616824617871,22,-0.029564462484549914
1330,bj920090,2025-06-12,operable_filtered,0.2505399863135037,0.7471698964237692,0.3971323712521122,22,0.2968554298078292
1331,sz300237,2025-06-12,operable_filtered,0.28014183707606827,0.13253008933419652,-0.11530890051920106,22,-0.12048190809930892
1332,sz002199,2025-06-12,operable_filtered,0.11826819999768379,0.1676942870437519,0.04419877722193166,22,0.13316892348039167
1333,sh600250,2025-06-12,operable_filtered,0.25773195538429766,0.063829758452564,-0.15416814059756245,22,-0.012765978745102657
1334,bj920017,2025-06-12,operable_filtered,0.2182081231551846,0.11164661563194023,-0.08747397550366676,22,-0.053413652372760856
1335,bj920199,2025-06-12,operable_filtered,0.26561202941414225,0.5102169670565928,0.19327007958013742,22,0.10028294836889318
1336,sz300844,2025-06-12,operable_filtered,0.15039063766016605,0.0,-0.13073006050019031,22,-0.14394528949342233
1337,bj920719,2025-06-12,score_filtered,0.2829268651989128,0.44876331240641587,0.12926414724489454,22,0.0718493082210323
1338,bj920047,2025-06-12,score_filtered,0.1529210166790587,0.05499340189942736,-0.08493870209921905,22,0.0008799145695761457
1339,bj920807,2025-06-13,expired,0.23783494354290044,0.39199994405110683,0.12454406891031788,22,0.21999994913736987
1340,bj920781,2025-06-13,filtered,0.20375001430511475,0.09664152382904612,-0.08897901491440385,22,-0.13433858928365527
1341,bj920061,2025-06-13,expired,0.14880205041172753,0.09920188004990682,-0.04317555869964207,22,-0.010718299255659924
1342,bj920527,2025-06-13,traded,0.12111021803849652,0.02499999588933499,-0.08572771936493151,22,-0.06551725895594696
1343,bj920505,2025-06-13,expired,0.16434539713432694,0.26294113607967606,0.08467911599772004,22,0.10161770091337319
1344,bj920075,2025-06-13,operable_filtered,0.27047368610361017,0.10168256899081674,-0.13285683832654216,22,-0.16313091686219972
1345,bj920592,2025-06-13,operable_filtered,0.37280404693844227,0.24499359611996385,-0.0931017439113141,22,-0.22951289336185277
1346,sz300689,2025-06-13,operable_filtered,0.28055167662874525,0.0,-0.21908657163086298,22,-0.2960893758014993
1347,sz002190,2025-06-13,operable_filtered,0.1573302066456481,0.15374037565325116,-0.003101820873406158,22,-0.035203486188404076
1348,bj920363,2025-06-13,operable_filtered,0.19171170071438626,0.12393679221356813,-0.056871899856475006,22,-0.10490077345341564
1349,bj920204,2025-06-13,operable_filtered,0.21497583301050568,0.18819189288442417,-0.022044833648843354,22,-0.09143089782867242
1350,sh600980,2025-06-13,operable_filtered,0.26915460175248046,0.10632078035017023,-0.12830101327093257,22,-0.16952872322699686
1351,bj920017,2025-06-13,score_filtered,0.1787476631360329,0.12703170775502048,-0.04387364403626748,22,-0.08554320238625801
1352,bj920454,2025-06-13,score_filtered,0.16848732983524514,0.13064133490125562,-0.03238887916681632,22,-0.03657950490845541
1353,sh600353,2025-06-13,score_filtered,0.176715186195819,0.09971710135622058,-0.06543476768454404,22,0.023338042128258296
1354,bj920019,2025-06-13,score_filtered,0.13831366685787178,0.0964705523322611,-0.036758861589628156,22,-0.04980393952014395
1355,bj920169,2025-06-13,score_filtered,0.2202921413546392,0.2953208656816926,0.06148423134460601,22,-0.0005113898606888823
1356,sz002199,2025-06-13,score_filtered,0.11826819999768379,0.1423402063456729,0.02152614761650118,22,0.06393241681664885
1357,sz002365,2025-06-13,score_filtered,0.25015554327509454,0.23615382267878604,-0.011199982811440856,22,-0.11346156780536354
1358,bj920592,2025-06-16,expired,0.3777093662084853,0.10962029952037189,-0.19459043631669992,22,-0.32620253744004646
1359,bj920807,2025-06-16,expired,0.23616440655433968,0.26468799947319743,0.0230742713247698,22,0.18049663845693065
1360,bj920088,2025-06-16,expired,0.4458008311652753,0.48774609909648436,0.02901178850298658,22,-0.18315095825277183
1361,bj920748,2025-06-16,expired,0.3235644164449712,0.04027451744444033,-0.21403559621331736,22,-0.3097086170359772
1362,bj920061,2025-06-16,traded,0.1335045240561379,0.07829977494993323,-0.048702716164431115,22,-0.012751670807504834
1363,bj920227,2025-06-16,filtered,0.24508013161710923,0.25832200194482446,0.010635355903171329,22,-0.05439789160292752
1364,bj920075,2025-06-16,traded,0.21523811703636533,0.0023865983407980185,-0.17515210863748587,22,-0.18735088312514558
1365,bj920781,2025-06-16,traded,0.18397440827261097,0.13619817200145468,-0.04035242310757425,22,-0.09613982074534133
1366,sz300804,2025-06-16,expired,0.3129485249703545,0.0908497105751731,-0.16916033657922447,22,-0.2611319813671549
1367,sz300561,2025-06-16,operable_filtered,0.221052604809142,0.13545815007398754,-0.0700989084319863,22,-0.0653386960984994
1368,bj920522,2025-06-16,operable_filtered,0.1413918978342999,0.06474258529359789,-0.06715424622002131,22,-0.09847892662390956
1369,bj920204,2025-06-16,operable_filtered,0.22360247220819243,0.14863258295832726,-0.06126980857971753,22,-0.13000391751121465
1370,bj920719,2025-06-16,operable_filtered,0.28333337856178936,0.3750699396727677,0.07148303211265805,22,-0.03297932770916012
1371,sz300164,2025-06-16,operable_filtered,0.35972061672862404,0.5070176210576649,0.1083288747091482,22,-0.040350881889439694
1372,bj920527,2025-06-16,operable_filtered,0.071523793602002,0.01993658994752079,-0.04814377801268144,22,-0.026280015030633375
1373,bj920171,2025-06-16,operable_filtered,0.20857839413396786,0.16571426391601562,-0.035466570001582265,22,-0.09714284624372205
1374,bj920454,2025-06-16,score_filtered,0.16848732983524514,0.06726457629232274,-0.08662717254896946,22,-0.03183852505666018
1375,bj920169,2025-06-16,score_filtered,0.2202921413546392,0.26967413308378774,0.04046735208368202,22,-0.007017608603662184
1376,sz300204,2025-06-16,score_filtered,0.19582851597054116,0.22659848992617437,0.02573109233029136,22,0.06905373064724007
1377,bj920088,2025-06-17,expired,0.4463891664614095,0.16821300640023606,-0.1923245600226191,22,-0.3548110181302334
1378,bj920227,2025-06-17,filtered,0.24508013161710923,0.19217945979191708,-0.042487764828826546,22,-0.09294871794871795
1379,bj920807,2025-06-17,expired,0.11772155619607326,0.3257142324296256,0.1860863066302587,22,0.17841266450427828
1380,bj920199,2025-06-17,traded,0.26561202941414225,0.1440819003387439,-0.0960247897862152,22,-0.13908073158241252
1381,bj920781,2025-06-17,traded,0.19551282795850244,0.06484647014856093,-0.10929732810401693,22,-0.14607504746564137
1382,sh603398,2025-06-17,filtered,0.17045450323165554,0.3449781550274671,0.14910759137920104,22,0.11572057175483152
1383,bj920592,2025-06-17,expired,0.35615465342999336,0.12221336265763716,-0.17250340157051458,22,-0.2830414232789267
1384,bj920719,2025-06-17,expired,0.28333337856178936,0.35313531180008795,0.05439111489216031,22,-0.025852651969940688
1385,bj920001,2025-06-17,operable_filtered,0.2232978421233548,0.16855200739809595,-0.04475266189486038,22,-0.08371045182441639
1386,sz002199,2025-06-17,operable_filtered,0.11826819999768379,0.06047031840973682,-0.05168516961142833,22,0.024635980496773513
1387,bj920305,2025-06-17,score_filtered,0.16238094511486234,1.1966526232476857,0.8897871928127834,22,0.7458158788163307
1388,bj920454,2025-06-17,score_filtered,0.16848732983524514,0.18407954156069883,0.013343928793521531,22,0.06915419717752269
1389,bj920010,2025-06-17,score_filtered,0.24818332766139645,0.10705442812942678,-0.113067444825104,22,-0.17636135239517436
1390,sz002828,2025-06-17,score_filtered,0.3056500952603164,0.16772652380554565,-0.10563593718979669,22,-0.18998413019216154
1391,sz300164,2025-06-17,score_filtered,0.36088478770699395,0.18319557600219216,-0.13056888673448763,22,-0.24655652648180093
1392,sh603226,2025-06-17,score_filtered,0.079795034023693,0.1695205043238679,0.08309490919385554,22,0.06763698126813855
1393,sz300157,2025-06-17,score_filtered,0.2542372383236609,0.09813873750944802,-0.12445691775412826,22,-0.1810490224111857
1394,bj920284,2025-06-17,score_filtered,0.17239438983756053,0.19851448326018284,0.022279271931897604,22,-0.0016880872043376627
1395,bj920088,2025-06-18,expired,0.4463891664614095,0.34208444667499727,-0.0721138696313618,22,-0.23154361582248484
1396,sh603398,2025-06-18,filtered,0.17370125346248808,0.2246520060576329,0.04341032476947371,22,-0.023856929898778745
1397,bj920199,2025-06-18,expired,0.1984559831238628,0.19059202263201303,-0.006561743278507226,22,-0.04136259866364944
1398,bj920001,2025-06-18,expired,0.15246478809389985,0.047197593646278735,-0.09134092037790242,22,-0.1132006455446567
1399,bj920204,2025-06-18,traded,0.22912351602942924,0.10064563715187713,-0.10452804555606265,22,-0.14546144834044372
1400,bj920719,2025-06-18,expired,0.28333337856178936,0.3015873480415818,0.0142238718206249,22,-0.025396801689123727
1401,bj920090,2025-06-18,expired,0.26997839505473537,0.693902520293783,0.3338042024098975,22,0.16585373682751858
1402,bj920821,2025-06-18,expired,0.19771865636405112,0.09705232945831077,-0.08404839180791923,22,-0.1354282273602061
1403,bj920807,2025-06-18,operable_filtered,0.10529521994991439,0.6089144073520818,0.45564223775887536,22,0.45578721942023726
1404,sz300875,2025-06-18,operable_filtered,0.26196475159444454,0.1579167048136394,-0.08244924959222866,22,-0.12708330154418945
1405,sh603657,2025-06-18,operable_filtered,0.17421419168965072,0.09318581097030942,-0.06900647368496238,22,-0.047175274452137206
1406,sz301209,2025-06-18,operable_filtered,0.10937786037795429,0.13163266863141732,0.020060620504794402,22,0.015408185063576108
1407,sz002199,2025-06-18,operable_filtered,0.11826819999768379,0.05604387404708544,-0.05564347260409197,22,0.05604387404708544
1408,bj920169,2025-06-18,operable_filtered,0.2202921413546392,0.16459769764165766,-0.04564025435020458,22,-0.06022986050309809
1409,sh600358,2025-06-18,operable_filtered,0.12011576585155803,0.01917398725381969,-0.09011727329897745,22,-0.082595929540912
1410,bj920363,2025-06-18,operable_filtered,0.14504397741693306,0.04519996643066415,-0.08719666052609054,22,-0.12239997863769536
1411,sz300581,2025-06-18,score_filtered,0.16769892787741356,0.23952092637541167,0.061507291634285144,22,0.1295590120868999
1412,bj920227,2025-06-18,score_filtered,0.24508013161710923,0.2448460731290263,-0.00018798668626962556,22,-0.07336005289713754
1413,bj920088,2025-06-19,expired,0.3684563699109473,0.04708363301806906,-0.23484324671146928,22,-0.3202740711292281
1414,sh603398,2025-06-19,traded,0.19480516866721534,0.23199996948242196,0.03113043179809538,22,-0.011999988555908225
1415,bj920199,2025-06-19,expired,0.1984559831238628,0.17314863722636353,-0.021116625269401945,22,-0.023175352300595753
1416,bj920719,2025-06-19,expired,0.28333337856178936,0.1884057717288925,-0.0739695611589879,22,-0.12173914806203245
1417,bj920592,2025-06-19,expired,0.3685703947194522,0.2317214562208787,-0.0999940807039208,22,-0.2315759465849072
1418,bj920204,2025-06-19,traded,0.15538754222307283,0.008003086648363134,-0.12756278753977934,22,-0.13147861607027012
1419,bj920895,2025-06-19,filtered,0.3714775698054366,0.3035492495489871,-0.049529297271763695,22,-0.19334824369599746
1420,bj920821,2025-06-19,operable_filtered,0.16272827873676163,0.06400004795619418,-0.08491083650930908,22,-0.11000001089913503
1421,sz002017,2025-06-19,operable_filtered,0.12271542706433143,0.22469876244099707,0.09083631783998114,22,0.22469876244099707
1422,sh600722,2025-06-19,operable_filtered,0.23994972842446655,0.019206158318363142,-0.1780262256168963,22,-0.21382843643140925
1423,sz301357,2025-06-19,operable_filtered,0.21869402170937172,0.6536625363699202,0.35691363616476135,22,0.3665843068817516
1424,sz002630,2025-06-19,operable_filtered,0.0952380836531305,0.13953493959692853,0.04044495585475549,22,0.0581395735671042
1425,bj920010,2025-06-19,score_filtered,0.23988599814764378,0.07208297723474066,-0.13533745938223052,22,-0.18692732209780372
1426,bj920227,2025-06-19,score_filtered,0.2548660876728131,0.3193812916386798,0.05141202284421609,22,-0.03135650693254077
1427,sz002199,2025-06-19,score_filtered,0.11826819999768379,0.13942860194614948,0.0189224749022725,22,0.08800005231584818
1428,bj920090,2025-06-19,score_filtered,0.3066954732603529,0.8300395341345035,0.40050958435506634,22,0.2160736965320431
1429,bj920001,2025-06-19,score_filtered,0.15246478809389985,0.11372547523648135,-0.03361431364986933,22,-0.045882355933095864
1430,sz300804,2025-06-19,score_filtered,0.3211821555041283,0.17794669521768824,-0.10841461920274365,22,-0.2051599324800608
1431,bj920719,2025-06-20,expired,0.28333337856178936,0.1284404239633692,-0.12069580452431317,22,-0.17431189770871425
1432,bj920895,2025-06-20,traded,0.34308621689527075,0.0,-0.25544616017902544,22,-0.3486974147055887
1433,sz002199,2025-06-20,operable_filtered,0.11826819999768379,0.13295455124259958,0.013133120699440726,22,0.027272700672307915
1434,sz300204,2025-06-20,operable_filtered,0.1461634373509138,0.5083135028729155,0.31596721176085163,22,0.353919182331881
1435,sz300483,2025-06-20,operable_filtered,0.33253014041647533,0.08284412681566722,-0.18737738534212067,22,-0.26549247978341084
1436,bj920152,2025-06-20,operable_filtered,0.19335940192104278,0.08199495124974865,-0.0933201267715511,22,-0.07438716146375379
1437,bj920914,2025-06-20,operable_filtered,0.17136155358462873,0.4331371256096517,0.2234797370836794,22,0.1930193448297739
1438,sz301292,2025-06-20,score_filtered,0.2558398143938277,0.15108830397226725,-0.08341152209139202,22,-0.15023475936473163
1439,sz300485,2025-06-20,score_filtered,0.1738594213442669,0.21796658699678328,0.03757448707274191,22,0.15807796367417248
1440,bj920821,2025-06-20,score_filtered,0.13509012579612628,0.1632784609007376,0.024833565603295638,22,-0.0035495518284605065
1441,sz300269,2025-06-20,score_filtered,0.2006033032803663,0.1839286120266337,-0.013888593516420356,22,-0.0767856849395494
1442,sz002235,2025-06-20,score_filtered,0.2521440496447195,0.26464202925339,0.00998126342749206,22,-0.07375274246005148
1443,sz300804,2025-06-20,score_filtered,0.3259826307103142,0.11100006103515625,-0.1621307585002031,22,-0.25600001017252605
1444,sz002365,2025-06-20,score_filtered,0.32047291327509925,0.2276546606187153,-0.07029167484107768,22,-0.1913674625852223
1445,sz002826,2025-06-20,score_filtered,0.286843160097693,0.024696303002475606,-0.20371313709692185,22,-0.2668016173698142
1446,sz300619,2025-06-20,score_filtered,0.22902631895844983,0.19153593685611336,-0.030504132844045184,22,-0.0229842818049516
1447,bj920914,2025-06-23,expired,0.17136155358462873,0.24424982075518464,0.06222525141575752,22,0.00584154256945979
1448,bj920227,2025-06-23,filtered,0.26121089873678915,0.12036142004541595,-0.11167797458176587,22,-0.18409637083490216
1449,bj920748,2025-06-23,expired,0.23728387245204555,0.05026315387926594,-0.15115425225913803,22,-0.2192105243080541
1450,bj920088,2025-06-23,operable_filtered,0.19897854766630077,0.17475004196166988,-0.02020762235637119,22,-0.05424995422363277
1451,bj920895,2025-06-23,traded,0.24470051551149025,0.0,-0.19659388942321954,22,-0.2576036846106855
1452,sz300204,2025-06-23,expired,0.1461634373509138,0.4052557978647404,0.2260518457233791,22,0.20608566068548884
1453,bj920505,2025-06-23,operable_filtered,0.18164880033808134,0.34187495708465576,0.13559541269853792,22,0.05781245231628418
1454,bj920090,2025-06-23,operable_filtered,0.308855281196255,0.7148147764410901,0.31016377522945104,22,0.16666658817495716
1455,sz301292,2025-06-23,operable_filtered,0.2596439257311244,0.06435053950557279,-0.15503856465802346,22,-0.22700355378282655
1456,bj920001,2025-06-23,operable_filtered,0.1556338075937863,0.05733428790709749,-0.08506113185747322,22,-0.12881611739382615
1457,bj920807,2025-06-23,operable_filtered,0.11260047564401783,0.6170519446549174,0.4533985739300559,22,0.3930636180694269
1458,sz002235,2025-06-23,operable_filtered,0.2710119973212057,0.14425910967245725,-0.0997259568878136,22,-0.17762507757378132
1459,sh600110,2025-06-23,operable_filtered,0.2476821609476314,0.36775366246787944,0.09623564821112152,22,0.016304375525157955
1460,sh601606,2025-06-23,operable_filtered,0.13485605724051286,0.6696056784378499,0.47120479975021734,22,0.538381680035749
1461,bj920169,2025-06-23,operable_filtered,0.14914890045815327,0.29120873708164363,0.12362178353636555,22,0.09368131056224649
1462,bj920152,2025-06-23,operable_filtered,0.19335940192104278,0.10535408247553435,-0.07374586340363132,22,-0.04145073794462595
1463,bj920592,2025-06-23,score_filtered,0.37330022240447447,0.24039306712065556,-0.09677938815965181,22,-0.2362863088624626
1464,sz002882,2025-06-23,score_filtered,0.20700638966469354,0.28851007896471437,0.06752548287889559,22,0.04482317409300385
1465,bj920571,2025-06-23,score_filtered,0.1590106049934793,0.22404836547570395,0.05611489679388271,22,0.01730102093471797
1466,sz301357,2025-06-23,score_filtered,0.21869402170937172,0.884096017619151,0.5459959465268149,22,0.5213804053051478
1467,bj920914,2025-06-24,expired,0.17136155358462873,0.21670837388690622,0.038712915037638185,22,0.030703341782367888
1468,bj920719,2025-06-24,operable_filtered,0.19708027736259975,0.012003704095727485,-0.15460665150597241,22,-0.1888273398615261
1469,bj920895,2025-06-24,traded,0.15616866959795353,0.041474621973732084,-0.09920182983690884,22,-0.12225531027790515
1470,bj920088,2025-06-24,operable_filtered,0.17762728832868505,0.12872999553431108,-0.04152187477225511,22,-0.05598028361216367
1471,sh603398,2025-06-24,traded,0.2077921695905455,0.28333325054910774,0.06254476793318786,22,0.04999995032946458
1472,bj920227,2025-06-24,breakout_support_filtered,0.26486716656882764,0.19217945979191708,-0.0574666721518976,22,-0.13166662362905646
1473,bj920199,2025-06-24,traded,0.1984559831238628,0.24759212088851545,0.040999534781891445,22,0.06515578716063652
1474,sz002235,2025-06-24,breakout_support_filtered,0.27787305433260956,0.20703934074448194,-0.05543094703184093,22,-0.12836436756780667
1475,bj920522,2025-06-24,operable_filtered,0.11043642524796798,0.057864068781287914,-0.04734386883512065,22,0.055922350837189105
1476,sz002199,2025-06-24,operable_filtered,0.11826819999768379,0.06631014548275593,-0.04646296345996026,22,-0.06737968863503818
1477,bj920821,2025-06-24,operable_filtered,0.14507627331264192,0.0556368265384064,-0.07810785085563965,22,-0.10161057293287545
1478,sz300344,2025-06-24,operable_filtered,,,,0,
1479,bj920221,2025-06-24,operable_filtered,0.20045389702553892,0.053386459451098434,-0.12250985892822819,22,-0.14820721769587886
1480,bj920152,2025-06-24,operable_filtered,0.19335940192104278,0.054800160635374295,-0.11610855963645061,22,-0.09311908472415742
1481,sz002882,2025-06-24,operable_filtered,0.20700638966469354,0.18318839695142652,-0.019733112365613703,22,-0.037681137306102785
1482,bj920454,2025-06-24,score_filtered,0.16848732983524514,0.12158341221445612,-0.04014071562710264,22,-0.05325161156133751
1483,bj920284,2025-06-24,score_filtered,0.16026376093485453,0.07954192465459631,-0.0695719706140081,22,-0.10430209520260814
1484,sh600110,2025-06-24,score_filtered,0.2476821609476314,0.17968751222360857,-0.05449677077404069,22,-0.10468751036096346
1485,bj920914,2025-06-25,expired,0.17136155358462873,0.28603780494545994,0.09789996180931171,22,0.07169809881246314
1486,bj920895,2025-06-25,expired,0.12425721858287193,0.0005405529125317443,-0.11004302540862065,22,-0.12216217453415334
1487,bj920790,2025-06-25,expired,0.29478261090707086,0.026785760915200463,-0.2069821201909121,22,-0.24538688411653087
1488,bj920592,2025-06-25,expired,0.14693549371534778,0.025641012696410392,-0.10575527715688682,22,-0.1394540975811538
1489,bj920227,2025-06-25,expired,0.26486716656882764,0.16426686698403747,-0.07953428015503472,22,-0.14636286514847419
1490,bj920305,2025-06-25,traded,0.2785714467366536,0.981132004175294,0.5494886963351264,22,0.6981131464359662
1491,sh603398,2025-06-25,operable_filtered,0.2077921695905455,0.1535579908975897,-0.04490356872519041,22,-0.07490638275985484
1492,sh600110,2025-06-25,operable_filtered,0.2476821609476314,0.1021898242113688,-0.11661009613679119,22,-0.1795620490799792
1493,sz002199,2025-06-25,operable_filtered,0.11033102828567337,0.07551238130510374,-0.03135879849663281,22,-0.045307449358558904
1494,bj920522,2025-06-25,operable_filtered,0.09480594247180299,0.15342743638030742,0.05354510021762526,22,0.15342743638030742
1495,sh603928,2025-06-25,operable_filtered,0.30327505181245173,0.20747573244877549,-0.07350660110500018,22,-0.15926320544522232
1496,bj920001,2025-06-25,operable_filtered,0.14234619715873262,0.025678607839818568,-0.1021298005885537,22,-0.10638296383643231
1497,sz002846,2025-06-25,score_filtered,0.2491549551832915,0.18342851911272318,-0.05261671964542147,22,-0.06285716465541291
1498,sz300801,2025-06-25,score_filtered,0.22901280876166002,0.025482084978946995,-0.16560504685690658,22,-0.21797526279243717
1499,sz002882,2025-06-25,score_filtered,0.20700638966469354,0.22069382090885403,0.011339982423757222,22,0.010765568933487568
1500,bj920221,2025-06-25,score_filtered,0.20045389702553892,0.12510640570457943,-0.0627658350792597,22,-0.08723401008768283
1501,sz002125,2025-06-25,score_filtered,0.2551532413768188,0.06338872365940662,-0.15278175715585085,22,-0.18127959822738604
1502,bj920090,2025-06-26,expired,0.30964463494571143,0.14344937662044566,-0.1269010339832798,22,-0.22222223979499323
1503,bj920914,2025-06-26,expired,0.17136155358462873,0.2716418955686739,0.08561006776871327,22,0.10783587236079528
1504,bj920227,2025-06-26,expired,0.24879120208404876,0.08968982962724681,-0.12740430281001758,22,-0.18045742197731496
1505,bj920088,2025-06-26,traded,0.17762728832868505,0.11335440958954202,-0.05457828582620616,22,-0.08173195233437947
1506,bj920790,2025-06-26,expired,0.18737476654250637,0.06928573335920052,-0.09945388474707695,22,-0.1103571483067104
1507,bj920748,2025-06-26,traded,0.24303798434100574,0.0889041581933594,-0.12399767994970812,22,-0.14968992375232848
1508,bj920943,2025-06-26,traded,0.1181075361631818,0.12438679478560033,0.005615970216930943,22,-0.02347582532589998
1509,sh600110,2025-06-26,operable_filtered,0.23655916872927576,0.013623964925574494,-0.18028672581255945,22,-0.18937333984014648
1510,bj920305,2025-06-26,operable_filtered,0.2785714467366536,0.7355371353673656,0.3574033268121566,22,0.452066044702891
1511,sz003029,2025-06-26,operable_filtered,0.24136984838198308,0.05247980619402104,-0.15216258267764737,22,-0.20098042558733464
1512,sz300344,2025-06-26,score_filtered,,,,0,
1513,sz300046,2025-06-26,score_filtered,0.22192150867627938,0.1848373734087989,-0.030349032244840424,22,0.0009161913803743538
1514,bj920871,2025-06-26,score_filtered,0.2321271078685623,0.10053422435570236,-0.10680138653917004,22,-0.10830497939340944
1515,bj920082,2025-06-26,score_filtered,0.18408360442906607,0.28046596391009215,0.08139827214945616,22,0.039874525171020414
1516,sz002759,2025-06-26,score_filtered,0.24353629124561957,0.06767589135008012,-0.1414195959808977,22,-0.14336595924354179
1517,sz002365,2025-06-26,score_filtered,0.3528313742358143,0.14377220474498098,-0.15453453658178673,22,-0.2640569386321785
1518,sz002199,2025-06-26,score_filtered,0.11033102828567337,0.11771302486032198,0.006648464634953388,22,0.0011211018829935249
1519,bj920184,2025-06-27,expired,0.22059422643931464,0.40836017693163007,0.15383158991343215,22,0.196677390477199
1520,bj920090,2025-06-27,operable_filtered,0.19491526725065478,0.08256886272496433,-0.09402039425287878,22,-0.15045866486640946
1521,bj920505,2025-06-27,expired,0.21541686762529225,0.21850160560427057,0.0025380082020791672,22,-0.07491495682756633
1522,bj920914,2025-06-27,operable_filtered,0.17136155358462873,0.2909091789203584,0.1020586897101814,22,0.09848486435752735
1523,sz002263,2025-06-27,operable_filtered,0.25567011008646284,0.27631578039264393,0.01644195409314908,22,-0.06052632156831739
1524,bj920227,2025-06-27,operable_filtered,0.17439615832356778,0.036425130608856104,-0.1174825264344046,22,-0.112029002586297
1525,bj920305,2025-06-27,operable_filtered,0.2785714467366536,0.7933390206310458,0.4026115045883849,22,0.40905208763867873
1526,sh603398,2025-06-27,operable_filtered,0.23863633548777036,0.16226408032600537,-0.061658335843740475,22,-0.10377361715879563
1527,sh600960,2025-06-27,operable_filtered,0.18402784331528968,0.20250527656654937,0.015605573260441652,22,-0.03340289116624817
1528,sz301357,2025-06-27,operable_filtered,0.21869402170937172,0.2899332643474599,0.05845539681746037,22,0.12172577929203166
1529,sz003029,2025-06-27,operable_filtered,0.1813073297582818,0.08226637711274432,-0.08384012369228533,22,-0.11427655957042404
1530,bj920106,2025-06-27,operable_filtered,0.1704875966213204,0.03131895103261351,-0.11889800967598907,22,-0.1264226027698303
1531,sh600110,2025-06-27,score_filtered,0.1874105845027782,0.03249627633847374,-0.1304639778237905,22,-0.1285081075347385
1532,bj920807,2025-06-27,score_filtered,0.11260047564401783,0.5625000413921155,0.4043675835098648,22,0.381944454562517
1533,sz002846,2025-06-27,score_filtered,0.22828781711564772,0.036522585646475925,-0.15612401979162216,22,-0.1625514280144178
1534,sh600113,2025-06-27,score_filtered,0.1039285659790039,0.18120807851051013,0.07000408804800884,22,-0.01528709366433112
1535,sz300414,2025-06-27,score_filtered,0.19812500476837158,0.3062310587669195,0.09022936135069437,22,0.21808517268317296
1536,sz300993,2025-06-27,score_filtered,0.19876820097516132,0.2411396931369052,0.03534585929729861,22,-0.030576825820701647
1537,bj920871,2025-06-27,score_filtered,0.16184973859860777,0.12764803916063405,-0.029437282896174533,22,-0.0032590693340400767
1538,sh603959,2025-06-27,score_filtered,0.17592590480402398,0.0,-0.1496062839378841,22,-0.18055556679785822
1539,bj920914,2025-06-30,expired,0.17136155358462873,0.1397994068847377,-0.026944837487028472,22,-0.0565217577130086
1540,bj920090,2025-06-30,operable_filtered,0.21186440335509085,0.062106260610270914,-0.12357664960717485,22,-0.18901885622771242
1541,bj920505,2025-06-30,expired,0.21995808097090533,0.1643166318623821,-0.045609312300502136,22,-0.09747833830219699
1542,bj920088,2025-06-30,traded,0.17762728832868505,0.1026259288962823,-0.06368853726109425,22,-0.01710429084995524
1543,sz301357,2025-06-30,operable_filtered,0.21869402170937172,0.12108021872803931,-0.0800970557354641,22,-0.01986384072283165
1544,bj920184,2025-06-30,operable_filtered,0.22059422643931464,0.47889701798875506,0.21162052544108345,22,0.18683171689923728
1545,bj920169,2025-06-30,operable_filtered,0.13983877565417155,0.02706933028680969,-0.09893455791819472,22,-0.11722598633177783
1546,sz301213,2025-06-30,operable_filtered,0.13132566477704333,0.039032228531376,-0.08157990145468508,22,-0.05677420093167218
1547,sz300600,2025-06-30,operable_filtered,0.15184132631299344,0.21079689232116294,0.05118375653084484,22,0.15874037277755115
1548,bj920871,2025-06-30,operable_filtered,0.16184973859860777,0.09033609404670839,-0.061551543350310656,22,-0.04306730896762356
1549,bj920199,2025-06-30,score_filtered,0.1984559831238628,0.22299369531468072,0.02047443755661238,22,-0.009719480434182692
1550,bj920522,2025-06-30,score_filtered,0.08078429278205423,0.36655953162630217,0.26441468547681435,22,0.2025723908976229
1551,sz301024,2025-06-30,score_filtered,0.24109414106068358,0.06413946362735556,-0.1425795768257323,22,-0.21543407529808256
1552,sh603226,2025-06-30,score_filtered,0.079795034023693,0.4644727069036392,0.3562506408707058,22,0.4599850878717806
1553,sh601606,2025-06-30,score_filtered,0.13485605724051286,0.09677421380097995,-0.033556540670128476,22,0.03785390249003173
1554,sz300414,2025-06-30,score_filtered,0.19812500476837158,0.0956023577941787,-0.08556924074380134,22,-0.014021626465149817
1555,bj920807,2025-06-30,score_filtered,0.11260047564401783,0.5326975158213787,0.37758121569577074,22,0.3065395031642757
1556,bj920427,2025-07-01,expired,0.2599730782564388,0.09901479332138563,-0.12774740009349128,22,-0.20098522547022724
1557,bj920199,2025-07-01,operable_filtered,0.17213884281550426,0.1224005660894012,-0.04243377568363016,22,-0.035535725958747655
1558,sz000026,2025-07-01,operable_filtered,0.11953662375584169,0.17690411789288607,0.05124217727204572,22,0.01965600008154267
1559,bj920807,2025-07-01,operable_filtered,0.14888890584309897,0.4516129032258065,0.2634928371604015,22,0.20000002461095012
1560,sh688136,2025-07-01,operable_filtered,0.1442043208752369,0.25639289846473745,0.09804942661262128,22,0.2050237984803882
1561,sz002015,2025-07-01,operable_filtered,0.14921282701777025,0.01670144558312403,-0.11530621510596584,22,-0.15379262740063615
1562,sz301345,2025-07-01,operable_filtered,0.10852453287753747,0.3729267895706301,0.2385172802687101,22,0.27756097064754837
1563,sz300046,2025-07-01,score_filtered,0.12290258149187666,0.045330245890684795,-0.0690819817139704,22,-0.03758545486396481
1564,sz300204,2025-07-01,score_filtered,0.1461634373509138,0.2571764777688419,0.09685620462166256,22,0.22329415714039524
1565,sz002235,2025-07-01,score_filtered,0.26981298811057663,0.019981771914716395,-0.19674646466453116,22,-0.27066307302096126
1566,sz301024,2025-07-01,score_filtered,0.24825064162199859,0.1947558387227497,-0.04285581846746478,22,-0.13452406778201564
1567,bj920982,2025-07-01,score_filtered,0.1427630712803615,0.0,-0.12492797052009097,22,-0.15314309660982062
1568,sh601606,2025-07-01,score_filtered,0.12582989718106166,0.11870968726373499,-0.006324410050892015,22,0.11870968726373499
1569,sz002940,2025-07-01,score_filtered,0.17962962585039888,0.6866879506631252,0.42984536307079124,22,0.4023044736232253
1570,bj920047,2025-07-01,score_filtered,0.0984152939138397,0.18364614675931823,0.0775943792095124,22,0.11662201555963603
1571,bj920634,2025-07-01,score_filtered,0.18128310566206385,0.09577553342254785,-0.07238533407416525,22,-0.11512414280794558
1572,sh688626,2025-07-01,score_filtered,0.09299856544981969,0.04621308878572905,-0.042804700887083325,22,-0.01583229892795912
1573,sz300600,2025-07-01,score_filtered,0.15184132631299344,0.24274408589812602,0.07891951565595368,22,0.12137204294906301
1574,sz300581,2025-07-01,score_filtered,0.14919354700879534,0.19940627754613605,0.04369388487086279,22,0.12023752673213872
1575,bj920914,2025-07-02,expired,0.19659631192222674,0.09723124330455213,-0.08303975837770494,22,-0.13683194053690084
1576,sh605151,2025-07-02,traded,0.16644645229780508,0.0,-0.14269532216409853,22,-0.11712901605666781
1577,bj920427,2025-07-02,expired,0.20811458002733835,0.17039112901721998,-0.031225060630643675,22,-0.08100552438502662
1578,bj920790,2025-07-02,expired,0.1174655229778019,0.04714835416114593,-0.06292558237436807,22,-0.09619767500721965
1579,bj920689,2025-07-02,expired,0.2648377324104461,0.01770075244904623,-0.19539026519269165,22,-0.26824819283935375
1580,bj920088,2025-07-02,traded,0.17600702412027722,0.009725875561105823,-0.14139468995396476,22,-0.17064546715915951
1581,bj920570,2025-07-02,expired,0.14658249248873662,0.006349190202339594,-0.12230546271643394,22,-0.15534391857328866
1582,bj920634,2025-07-02,operable_filtered,0.1569697062174479,0.024208527304327987,-0.11474905366983568,22,-0.13935448505140724
1583,sz002549,2025-07-02,operable_filtered,0.17810216163164908,0.07789140583374055,-0.085061176408605,22,-0.08103853106843562
1584,bj920305,2025-07-02,operable_filtered,0.2785714467366536,0.6587677925045718,0.29736026620828104,22,0.2780411137590346
1585,sz002669,2025-07-02,operable_filtered,0.18501629198760758,0.08788098901233332,-0.08196959285036565,22,-0.09425938738961359
1586,sz000026,2025-07-02,score_filtered,0.12056364740808641,0.08248582042604347,-0.033980958663185845,22,-0.07062146588249141
1587,sz000737,2025-07-02,score_filtered,0.1947368507853221,0.021505355078864863,-0.1449955239872186,22,-0.17895551424431932
1588,bj920871,2025-07-02,score_filtered,0.10309278553230808,0.07335483472732318,-0.026958703016659258,22,0.018338631523718396
1589,sz300810,2025-07-02,score_filtered,0.23828956990304062,0.1258489625296304,-0.09080316115576625,22,-0.14302835898906407
1590,sh603316,2025-07-02,score_filtered,0.3561124151016246,0.18648645258425978,-0.12508252312154622,22,-0.23963970357397602
1591,sz300527,2025-07-02,score_filtered,0.22437890664942747,0.1093885008888229,-0.09391733648473366,22,-0.18776911420903308
1592,sz002015,2025-07-02,score_filtered,0.16412742066687594,0.10482019262032649,-0.050945649929433845,22,-0.10635037659556212
1593,bj920914,2025-07-03,expired,0.18705466411296398,0.033762996080392904,-0.12913614904762583,22,-0.14548807280755616
1594,sz300225,2025-07-03,filtered,0.10268950137524961,0.012376284952223093,-0.08190267188577549,22,-0.09653462132873747
1595,bj920689,2025-07-03,expired,0.15190397762717933,0.012997880963693254,-0.12058826027289216,22,-0.1417191200861082
1596,bj920427,2025-07-03,filtered,0.21813849335304958,0.22300068822664776,0.003991495958899138,22,-0.04845300434147315
1597,bj920392,2025-07-03,operable_filtered,0.07521368622109317,0.7105719095642378,0.5909134449135887,22,0.5905545583111931
1598,sh601218,2025-07-03,operable_filtered,0.22962967149187596,0.00185533007969374,-0.18523816291439188,22,-0.22077923686413126
1599,bj920305,2025-07-03,operable_filtered,0.2785714467366536,0.6266460300702159,0.27223710041544114,22,0.228505022783287
1600,sz000026,2025-07-03,operable_filtered,0.12056364740808641,0.034557201610659005,-0.07675284308603458,22,-0.045896347757021894
1601,sh603256,2025-07-03,score_filtered,0.14647083309112108,0.4864864864864864,0.29657592987220904,22,0.4572972478093327
1602,bj920106,2025-07-03,score_filtered,0.13094169035086184,0.0201280593487303,-0.09798350520419208,22,-0.12918574887775314
1603,sz300204,2025-07-03,score_filtered,0.1461634373509138,0.29330612953338187,0.12837845580081808,22,0.2209407550443374
1604,sz002549,2025-07-03,score_filtered,0.15970145153505272,0.025835878155785252,-0.1154310647814355,22,-0.10182372098213965
1605,sz002104,2025-07-03,score_filtered,0.22132469675198405,0.24110272090203533,0.016193911580310694,22,-0.06365916838073082
1606,sz300472,2025-07-03,score_filtered,0.18065697892510288,0.24263043280812768,0.05249065138245901,22,0.06122448758925825
1607,bj920299,2025-07-03,score_filtered,0.2263158034372573,0.24648548225263056,0.01644737738748825,22,-0.044985988048592884
1608,sz001298,2025-07-03,score_filtered,0.26257129567995935,0.04979596819196419,-0.16852539592499183,22,-0.22639454951902638
1609,sh603151,2025-07-03,score_filtered,0.15265862483106224,0.3371559926008869,0.16006245370077843,22,0.13761468371521435
1610,bj920871,2025-07-03,score_filtered,0.09552850807734996,0.07451399172012985,-0.019182080796875445,22,-0.02645787035673397
1611,bj920357,2025-07-03,score_filtered,0.15027327263300677,0.0532374636763282,-0.08435891823736885,22,-0.10611506966007889
1612,sh688321,2025-07-03,score_filtered,0.07917108370240496,0.26069051700325496,0.16820264742277535,22,0.15077612233904625
1613,bj920305,2025-07-04,traded,0.2785714467366536,0.4403292256439231,0.12651446215237327,22,0.1995884679450961
1614,bj920090,2025-07-04,operable_filtered,0.2483051065945204,0.13026826293240434,-0.09455768708992163,22,-0.13601524709711665
1615,sh688068,2025-07-04,operable_filtered,0.07956522328842089,0.20986747200134848,0.1206988201379986,22,0.17867942800313208
1616,sz002579,2025-07-04,score_filtered,0.24414298718325164,0.04375800213453673,-0.1610626649131286,22,-0.20334619402632892
1617,bj920392,2025-07-04,score_filtered,0.07339181792071119,0.7625000095793182,0.6419912842204185,22,0.6200893541759993
1618,sz301024,2025-07-04,score_filtered,0.2725826828641654,0.09968521742773584,-0.13586344350317126,22,-0.18642881760263286
1619,bj920689,2025-07-04,score_filtered,0.12529347114338166,0.04041749376331283,-0.07542563745067199,22,-0.08349985395207049
1620,sz300468,2025-07-04,score_filtered,0.2742307369525616,0.1063829787234043,-0.13172477586797227,22,-0.18744683772959603
1621,sz002173,2025-07-04,score_filtered,0.13678369537702395,0.031130862658415026,-0.09294013729108608,22,0.031130862658415026
1622,sz300472,2025-07-04,score_filtered,0.18065697892510288,0.14166662527455398,-0.033024285924305175,22,-0.02083341197834765
1623,bj920047,2025-07-04,score_filtered,0.0984152939138397,0.15929975181095868,0.05542936103900864,22,0.07702407875271255
1624,sz301176,2025-07-04,score_filtered,0.24134613885681955,0.3206348721943204,0.06387318641883355,22,-0.010793655637710842
1625,sh603256,2025-07-04,score_filtered,0.14647083309112108,0.4978213009696313,0.30646263100405013,22,0.32135073106717615
1626,sz300649,2025-07-04,score_filtered,0.31900830484789683,0.21060535467859065,-0.08218519153433745,22,-0.15557782120862929
1627,sz300581,2025-07-04,score_filtered,0.14919354700879534,0.1940887035534753,0.03906666258398017,22,0.0763547390474495
1628,sh688520,2025-07-04,score_filtered,0.211141092300678,0.04519307857479071,-0.13701790384360024,22,-0.17654654870883313
1629,sz300804,2025-07-04,score_filtered,0.18921476421416872,0.0,-0.15910899352078045,22,-0.19545881389979003
1630,sz300436,2025-07-07,expired,0.0764041985918922,1.1866340524873187,1.0314246779674248,22,1.0250833248075306
1631,bj920299,2025-07-07,traded,0.17057394310411356,0.024006619510313465,-0.12520979512420605,22,-0.1523178943881477
1632,sz300468,2025-07-07,operable_filtered,0.2742307369525616,0.08786612615012523,-0.14625656515565166,22,-0.2046024881882047
1633,sz002721,2025-07-07,operable_filtered,0.28489483826057466,0.1726457341570855,-0.08736053781292041,22,-0.1524663813769218
1634,sh688500,2025-07-07,operable_filtered,0.04719272440578422,0.7907163029156636,0.7100159895894829,22,0.7867147632983378
1635,sz002104,2025-07-07,score_filtered,0.22132469675198405,0.21372552411183232,-0.006222073999126554,22,-0.025000011687185464
1636,sh605099,2025-07-07,score_filtered,0.23958828659644263,0.11117022539383203,-0.1035973496935908,22,-0.1699467991746456
1637,sz301024,2025-07-07,score_filtered,0.2700286978957616,0.05204832778112145,-0.1716342083260004,22,-0.22061791305193257
1638,sz300649,2025-07-07,score_filtered,0.31900830484789683,0.06843272276000856,-0.18997270992678383,22,-0.25871959389389065
1639,sh600698,2025-07-07,score_filtered,0.18269229299688192,0.19017290228526051,0.006325068094781505,22,0.19017290228526051
1640,bj920106,2025-07-07,score_filtered,0.11353029283586506,0.011193331189198297,-0.0919031680638357,22,-0.10647550692598706
1641,sh600475,2025-07-07,score_filtered,0.26598460657396267,0.36522343950374836,0.07838865687186214,22,0.22276540517040666
1642,sz002201,2025-07-07,score_filtered,0.2412412314942788,0.20944303805068043,-0.025618060886776983,22,-0.0762711981820613
1643,bj920505,2025-07-07,score_filtered,0.25896598247602287,0.1780520638662988,-0.06427013893623224,22,-0.12702334626074385
1644,sh688321,2025-07-07,score_filtered,0.07917108370240496,0.22536945190856428,0.13547283689680056,22,0.12068971794611905
1645,sh603093,2025-07-07,score_filtered,0.2370164174914171,0.3988298495314906,0.13080944581820497,22,0.06240861396203368
1646,sz301511,2025-07-07,score_filtered,0.10152815129952635,0.4844290761473553,0.34760884176777695,22,0.2937332268268693
1647,sh603716,2025-07-07,score_filtered,0.15212615181166303,0.5233983839445095,0.3222496352062132,22,0.27442066993951864
1648,sz002882,2025-07-07,score_filtered,0.14498138891649126,0.06054637081115111,-0.07374357253548192,22,-0.09321311503939367
1649,sz002579,2025-07-07,score_filtered,0.23327076895733395,0.058239585336591126,-0.1419243754303222,22,-0.16214426637544355
1650,bj920914,2025-07-08,traded,0.11477533492992328,0.09614766200670122,-0.016709800028355426,22,-0.016510205210711115
1651,bj920184,2025-07-08,expired,0.22059422643931464,0.455149582712028,0.19216489083104382,22,0.2973422479530061
1652,sz300436,2025-07-08,operable_filtered,0.0764041985918922,1.032846710247353,0.8885533082336912,22,0.8490954924285645
1653,sz002201,2025-07-08,operable_filtered,0.2412412314942788,0.09659716219592984,-0.11653179545463377,22,-0.16136112465319385
1654,sz002721,2025-07-08,operable_filtered,0.28489483826057466,0.12958960902855599,-0.12086999231957618,22,-0.19006481483579396
1655,sh600475,2025-07-08,operable_filtered,0.26598460657396267,0.2777777119832543,0.009315362404924032,22,0.25882352867845104
1656,bj920299,2025-07-08,score_filtered,0.14499998092651367,0.060539146709671865,-0.07376492194217998,22,-0.07247014805425567
1657,bj920770,2025-07-08,score_filtered,0.2111110832029455,0.12813362136598738,-0.06851350217810992,22,-0.11095641575735549
1658,sz301176,2025-07-08,score_filtered,0.24158652898298882,0.07744102088845595,-0.13220625728678626,22,-0.20901319780504235
1659,sh600698,2025-07-08,score_filtered,0.18269229299688192,0.2600700741845041,0.06542511661384953,22,0.17600702412027713
1660,sh605162,2025-07-08,score_filtered,0.2521150270030227,0.14092664927898624,-0.08880044989969449,22,-0.15057910401926788
1661,sz300476,2025-07-08,score_filtered,0.1041952838202174,0.2948077275202825,0.1726256636784369,22,0.22884613428360367
1662,sz300649,2025-07-08,score_filtered,0.31900830484789683,0.14637612805528155,-0.13088028040317956,22,-0.21790621736003446
1663,sz300591,2025-07-08,score_filtered,0.14338240501789754,0.2531948088431504,0.09604171215450341,22,0.15814692251137474
1664,sh600744,2025-07-08,score_filtered,0.26185343731261146,0.222661336812632,-0.03105915421005423,22,-0.07378128215038349
1665,sz002080,2025-07-08,score_filtered,0.11546053529363601,0.2459016431886898,0.11693924058076721,22,0.08278690530099886
1666,bj920641,2025-07-08,score_filtered,0.09132657554535815,0.07692305273860667,-0.013198178372549663,22,0.002747210712340298
1667,sz002987,2025-07-08,score_filtered,0.27184117253599827,0.09920634620283986,-0.13573615169961173,22,-0.20396829926117488
1668,bj920039,2025-07-09,expired,0.38634538284892167,0.6938775470484202,0.221829399804776,22,0.055102070076638476
1669,bj920427,2025-07-09,operable_filtered,0.21813849335304958,0.2359881899678642,0.014653257172492218,22,-0.027728684339104248
1670,sh688202,2025-07-09,operable_filtered,0.17333705848376235,0.42649688544806463,0.2157605311567048,22,0.15257605130498386
1671,bj920299,2025-07-09,operable_filtered,0.14499998092651367,0.07142858967489163,-0.06425449124644467,22,-0.06562497046376925
1672,sh605162,2025-07-09,operable_filtered,0.2521150270030227,0.08940085523048591,-0.12995145674594966,22,-0.1852534708030641
1673,sz002104,2025-07-09,operable_filtered,0.22132469675198405,0.13943859873333797,-0.06704695175362918,22,-0.10538421796685582
1674,sh600744,2025-07-09,operable_filtered,0.26185343731261146,0.1442663533691575,-0.09318600755558493,22,-0.046855690960589946
1675,sz000514,2025-07-09,operable_filtered,0.2635761851234642,0.1833855886061333,-0.06346320662057703,22,-0.12539187717631683
1676,sz002721,2025-07-09,operable_filtered,0.2594059666772987,0.054279797693621346,-0.16287533520653674,22,-0.22546971446911102
1677,sz301208,2025-07-09,score_filtered,0.14761904761904762,0.047904223532434065,-0.08688843592609474,22,-0.053293378248793544
1678,sh603389,2025-07-09,score_filtered,0.16744185358807034,0.5405404459052212,0.31958644550086346,18,0.3952065149813915
1679,sz301176,2025-07-09,score_filtered,0.2467596063389093,0.06180215974676995,-0.14835052856361308,22,-0.2168267680617404
1680,sz002987,2025-07-09,score_filtered,0.2473880354294289,0.028396001008567318,-0.17556047372658246,22,-0.23215653726191532
1681,bj920892,2025-07-10,expired,0.27161948515533235,0.21142859685988658,-0.047334040566461844,22,-0.10952377319335938
1682,bj920039,2025-07-10,expired,0.38634538284892167,0.2588472575403671,-0.091967071759959,22,-0.22345808273669232
1683,bj920427,2025-07-10,expired,0.1642857733690345,0.08888891008165145,-0.064758038801085,22,-0.08722220526801217
1684,bj920184,2025-07-10,expired,0.22059422643931464,0.38827259709341444,0.13737437636686756,22,0.26782882266716057
1685,bj920873,2025-07-10,operable_filtered,0.3008921379645759,0.501827023923983,0.15445929765844935,22,0.062119394215854884
1686,bj920770,2025-07-10,operable_filtered,0.17760615549122083,0.02823111546072221,-0.12684634785064364,22,-0.13630349105376094
1687,sh688202,2025-07-10,operable_filtered,0.17333705848376235,0.4107809659896824,0.20236632414283018,22,0.17233913055224925
1688,sz300778,2025-07-10,score_filtered,0.28377745993586884,0.011825922763385455,-0.2118369777158019,22,-0.25212862459407936
1689,sz002640,2025-07-10,score_filtered,0.19003119198295626,0.08998305973215359,-0.0840718570444291,22,-0.11714772034997745
1690,sh600475,2025-07-10,score_filtered,0.26598460657396267,0.21723237233836468,-0.03850934204289602,22,0.1947780478610055
1691,sh603093,2025-07-10,score_filtered,0.2370164174914171,0.11590826743298899,-0.09790342985425127,22,-0.14741342447062356
1692,sz002636,2025-07-10,score_filtered,0.19743070208420074,0.019297017819052797,-0.14876325114688937,22,-0.14955203597961408
1693,sh600744,2025-07-10,score_filtered,0.26185343731261146,0.17468349632210667,-0.06908087612468838,22,-0.05443041771960655
1694,sz002657,2025-07-10,score_filtered,0.17786677162083503,0.07533827578266683,-0.08704591920619442,22,-0.05073799493555542
1695,bj920925,2025-07-10,score_filtered,0.057728160982779664,0.3890326170431715,0.31322268639662876,22,0.28039317629002825
1696,bj920184,2025-07-11,expired,0.19558604119858425,0.22175734109751022,0.02188993430593178,22,0.1594607284369185
1697,bj920039,2025-07-11,expired,0.38634538284892167,0.3466738738106794,-0.028615891486375333,22,-0.15792320781177394
1698,sh600962,2025-07-11,expired,0.16971278051430022,0.032344982297902725,-0.11743720382023992,22,-0.07996409112053815
1699,bj920807,2025-07-11,expired,0.17777777777777778,0.18421052631578938,0.005461767626613545,22,0.013684222572728277
1700,bj920090,2025-07-11,expired,0.1817343394186669,0.019755412595121813,-0.13706881607860177,22,-0.15522112459463233
1701,bj920873,2025-07-11,filtered,0.3008921379645759,0.5827984575205423,0.2167023009279212,22,0.09499355259844422
1702,bj920892,2025-07-11,filtered,0.27161948515533235,0.33753942806417747,0.0518393620720532,22,-0.05099901142784602
1703,bj920790,2025-07-11,operable_filtered,0.1018691731390552,0.06319555493762996,-0.03509819418148363,22,-0.03716214116108407
1704,sz300436,2025-07-11,operable_filtered,0.0764041985918922,1.215645556213206,1.0583769174364264,22,1.1630140832573108
1705,sh600744,2025-07-11,operable_filtered,0.26185343731261146,0.12348661934933558,-0.10965363636680159,22,-0.0907990289609869
1706,sz000514,2025-07-11,operable_filtered,0.25668450152380706,0.13677813158096885,-0.09541485535744598,22,-0.12917931831127172
1707,bj920925,2025-07-11,operable_filtered,0.07076348571829222,0.3033980526341178,0.2172604594933205,22,0.17281550485526687
1708,sh605122,2025-07-11,operable_filtered,0.25529655484127634,0.030005414039813383,-0.17947244412691754,22,-0.22149478902570074
1709,sz300996,2025-07-11,score_filtered,0.20313180177412463,0.12037033422287169,-0.0687883633607006,22,-0.11890840543984738
1710,sz300348,2025-07-11,score_filtered,0.21947806548978688,0.006094662973820331,-0.17497928708563038,22,-0.1997187174926941
1711,bj920002,2025-07-11,score_filtered,0.1470312083632264,0.20064520066784275,0.04674152883871541,22,0.025725826140372998
1712,sz002104,2025-07-11,score_filtered,0.22132469675198405,0.07605388885669906,-0.11894527989290737,22,-0.029552381504205916
1713,sh603093,2025-07-11,score_filtered,0.2370164174914171,0.050915799847719434,-0.15044312671378823,22,-0.15018309848724198
1714,bj920039,2025-07-14,expired,0.38634538284892167,0.16901410847029386,-0.15676560622434133,22,-0.2788732297251967
1715,bj920184,2025-07-14,expired,0.19558604119858425,0.2586207731284529,0.05272287376881368,22,0.15469356223223008
1716,bj920305,2025-07-14,breakout_support_filtered,0.2785714467366536,0.5,0.17318434087395507,22,0.23857143947056358
1717,sh600777,2025-07-14,expired,0.2504892713041925,0.24029132899380645,-0.008155161778997111,22,-0.03883491549912932
1718,bj920873,2025-07-14,expired,0.3033252063471242,0.5950840741632912,0.2238573046813772,22,0.07891334178644915
1719,sh600744,2025-07-14,expired,0.22947135657001658,0.021839142324494576,-0.16887926110354867,22,-0.16436779996428652
1720,bj920892,2025-07-14,operable_filtered,0.2826258012232372,0.2946565408615722,0.009379773607283814,22,-0.08244269533507165
1721,bj920807,2025-07-14,operable_filtered,0.17777777777777778,0.23355264705799317,0.04735602108697523,22,0.07072373529137721
1722,sh600604,2025-07-14,operable_filtered,0.25627477057172776,0.16461541102482724,-0.07296123562617318,22,-0.12923079270582938
1723,sh601908,2025-07-14,operable_filtered,0.23819299274561276,0.0,-0.19237145916763365,22,-0.23613960656527433
1724,sz002940,2025-07-14,operable_filtered,0.2151163138848099,0.6380953107561385,0.3480975376908866,22,0.2511904580252511
1725,sz300066,2025-07-14,operable_filtered,0.15593701165119914,0.23584905165263437,0.06913182915329008,22,0.08805030362005617
1726,sh603590,2025-07-14,score_filtered,0.1812298161392325,0.3596000671386719,0.15100385086996027,22,0.10580001831054697
1727,bj920564,2025-07-14,score_filtered,0.23748471239032598,0.44317168372161175,0.16621374734721428,22,0.0916299495065176
1728,sz300204,2025-07-14,score_filtered,0.12222413064554698,0.3914842031616881,0.23993431005734323,22,0.2119222195264614
1729,sz300950,2025-07-14,score_filtered,0.2034713133243553,0.4169504476171204,0.17738614284296528,22,0.2050699967352081
1730,sz002623,2025-07-14,score_filtered,0.2457567395400174,0.05719628735123394,-0.15136217706388433,22,-0.2082242876569801
1731,sz002384,2025-07-14,score_filtered,0.13089429653756987,0.2839248025237209,0.13531813402426773,22,0.24217115040912818
1732,bj920039,2025-07-15,expired,0.32088890075683596,0.09223298948282421,-0.17310760287485005,22,-0.22864077431686602
1733,bj920892,2025-07-15,expired,0.2786561047295764,0.16321835572692178,-0.09028052857657809,22,-0.1641379170034124
1734,bj920873,2025-07-15,expired,0.3163016741818472,0.507334897763319,0.14512875530619485,22,-0.024449911814275582
1735,sz300225,2025-07-15,filtered,0.07633586443265024,0.309782631582596,0.21689026154767999,22,0.1684782915028591
1736,bj920305,2025-07-15,operable_filtered,0.2785714467366536,0.3907284416873644,0.08772055346376884,22,0.08609266253104653
1737,sh600744,2025-07-15,operable_filtered,0.1997664055092069,0.04390251447869553,-0.129911864772009,22,-0.15000000581508743
1738,sz300066,2025-07-15,operable_filtered,0.14244186086806818,0.24564187080675182,0.09033283309512874,22,0.0475436122750128
1739,bj920564,2025-07-15,score_filtered,0.23748471239032598,0.33062539418472503,0.07526612721904935,22,0.026807466487180687
1740,bj920807,2025-07-15,score_filtered,0.17777777777777778,0.21032812347060692,0.027637085965609653,22,0.0408822067048793
1741,sz002384,2025-07-15,score_filtered,0.13089429653756987,0.1946387052615035,0.05636637209958373,22,0.06643360555659417
1742,sz300839,2025-07-15,score_filtered,0.20888056287660145,0.1027586049047009,-0.08778531248726285,22,-0.022068944470635787
1743,sh688500,2025-07-15,score_filtered,0.061706552200759116,0.5369867398815864,0.44765682824095077,22,0.3211741527135836
1744,sz300308,2025-07-15,score_filtered,0.07987755589716138,0.4068965651855372,0.30282971203775855,22,0.3318687272311587
1745,sh603389,2025-07-15,score_filtered,0.16744185358807034,0.33083691934469894,0.1399599177076294,19,0.18942727279907512
1746,sz300533,2025-07-15,score_filtered,0.10155081089988213,0.06458227647873538,-0.033560444107835874,22,0.03459760272382284
1747,bj920039,2025-07-16,expired,0.25024532079537004,0.037150104651805016,-0.17044272239947278,22,-0.16284981769532292
1748,bj920892,2025-07-16,expired,0.2786561047295764,0.17948710196658757,-0.07755721213559774,22,-0.1431236127262564
1749,sh600777,2025-07-16,expired,0.2504892713041925,0.15610860753627098,-0.07547498881736703,22,-0.011312260151992382
1750,bj920305,2025-07-16,expired,0.2785714467366536,0.09947641783157235,-0.14007432229320638,22,-0.13298433847109137
1751,sz300225,2025-07-16,filtered,0.07633586443265024,0.2853333791097006,0.19417499832844043,22,0.16800003051757817
1752,sz300839,2025-07-16,expired,0.20888056287660145,0.08040537601670228,-0.10627616226551373,22,-0.045270274841846314
1753,bj920807,2025-07-16,operable_filtered,0.17777777777777778,0.21097955287354186,0.02819018640206372,22,0.06135626449567
1754,sz300591,2025-07-16,operable_filtered,0.20395155480220617,0.2902960343147081,0.07171756967138698,22,0.004934245096184675
1755,sz300436,2025-07-16,operable_filtered,0.04922045696150543,1.4383522718960098,1.3239656220174805,22,1.3755682083570262
1756,sh600822,2025-07-16,operable_filtered,0.28023952642934075,0.11855327673034721,-0.12629374922515124,22,-0.19624917918856566
1757,sz002940,2025-07-16,operable_filtered,0.2517442258903935,0.5288889567057291,0.2214068378211982,22,0.10333336724175357
1758,sz002645,2025-07-16,operable_filtered,0.18978978497364365,0.21621622563001552,0.02221101659311797,22,0.08984664233833417
1759,sh605259,2025-07-16,score_filtered,0.08479760102463525,0.1755846367638545,0.08369029914286985,22,0.08680144961522651
1760,sh600604,2025-07-16,score_filtered,0.25627477057172776,0.08764369686365847,-0.13423104376387784,22,-0.1695402042918358
1761,sz301357,2025-07-16,score_filtered,0.1464281969524874,1.1935801564911266,0.9134038767733113,22,0.8341976212866513
1762,bj920925,2025-07-16,score_filtered,0.08044692054838155,0.30150273745682465,0.20459664672489986,22,0.2394571369373748
1763,sz301183,2025-07-16,score_filtered,0.2046366065984126,0.08453385520409107,-0.09970039988529089,22,-0.12761618858353108
1764,sz300204,2025-07-16,score_filtered,0.12222413064554698,0.3780722560652767,0.22798309039439024,22,0.28891570309558556
1765,sh600777,2025-07-17,expired,0.2504892713041925,0.10129316391226406,-0.11931018587334608,22,-0.053879311895186244
1766,bj920039,2025-07-17,expired,0.20829013797938442,0.026595745760156664,-0.15037314839221816,22,-0.10585105595085698
1767,sz002384,2025-07-17,operable_filtered,0.13089429653756987,0.06034482758620685,-0.06238378703240666,22,-0.05775859438139819
1768,sh688500,2025-07-17,operable_filtered,0.1301467464702995,0.46112897319178425,0.29286659255111447,22,0.20999994585590986
1769,sz301176,2025-07-17,operable_filtered,0.1396648074456925,0.05938314946213197,-0.07044321932120923,22,0.007495017195829012
1770,bj920892,2025-07-17,operable_filtered,0.2786561047295764,0.24691957099416384,-0.024820226187497463,22,-0.06702811971342959
1771,sh600822,2025-07-17,operable_filtered,0.28023952642934075,0.12685567522459618,-0.11980871394631953,22,-0.18488527851151637
1772,sh600826,2025-07-17,operable_filtered,0.29198964068162825,0.13157888866270873,-0.12415792431144412,22,-0.18640351855621518
1773,sh688068,2025-07-17,score_filtered,0.11333994768647966,0.31306963058524606,0.17939685296822838,22,0.13905861140127262
1774,sz002940,2025-07-17,score_filtered,0.2606105134382686,0.5292287282729089,0.21308581197057763,22,0.12247161849230181
1775,sh600962,2025-07-17,score_filtered,0.12436901688655591,0.016324644251465736,-0.09609333858582425,22,-0.04337687882509467
1776,sz300204,2025-07-17,score_filtered,0.12222413064554698,0.29977269606156787,0.15821132389470915,22,0.26249998266046703
1777,sz301357,2025-07-17,score_filtered,0.1464281969524874,1.1279041039015718,0.8561163355525532,22,1.0464671243450598
1778,sz300502,2025-07-17,score_filtered,0.08089003637823135,0.34938339765206106,0.2484002555648286,22,0.30986591574333944
1779,sh688221,2025-07-17,score_filtered,0.22456428449105992,0.22797411094673792,0.0027845222164837313,22,-0.022897012858510757
1780,sh688658,2025-07-17,score_filtered,0.13620172628372293,0.333698862004445,0.17382224577909566,22,0.25475150092160637
1781,sh688313,2025-07-17,score_filtered,0.1790888485482498,0.2800912625879026,0.08566141064264299,22,0.24149079152102848
1782,sz002755,2025-07-17,score_filtered,0.08793100817450161,0.2088370269562667,0.11113390267700862,22,0.09587332915184832
1783,sh603590,2025-07-17,score_filtered,0.1812298161392325,0.38678096128346895,0.1740145248077687,22,0.15524276905930368
1784,sh600777,2025-07-18,expired,0.2504892713041925,0.06237010276584387,-0.15043645143964368,22,-0.13305610688131542
1785,bj920039,2025-07-18,expired,0.20829013797938442,0.06336086185677825,-0.11994575770101912,22,-0.09862253695868994
1786,sz002755,2025-07-18,expired,0.08793100817450161,0.14173230061166575,0.04945285319832937,22,0.004330732756047562
1787,bj920807,2025-07-18,operable_filtered,0.17777777777777778,0.22812494722505616,0.04274759670051931,22,0.1177082412358823
1788,bj920392,2025-07-18,operable_filtered,0.12234037670619052,0.21814254020703894,0.08535927735399262,22,0.09842636969230667
1789,sz002940,2025-07-18,score_filtered,0.2606105134382686,0.3870968783931388,0.1003373870093176,22,0.10604843342837778
1790,sh688166,2025-07-18,score_filtered,0.07341545206668909,0.4594047183082217,0.3595898172495766,22,0.3047618865966797
1791,sh600826,2025-07-18,score_filtered,0.29198964068162825,0.052345309455645195,-0.1854847157284879,22,-0.24541126086441534
1792,sz300897,2025-07-18,score_filtered,0.11583012838825174,0.2920560712956215,0.15793259065510035,22,0.2834890456691155
1793,sh600962,2025-07-18,score_filtered,0.10632320455290811,0.02920060450809947,-0.06971073166270225,22,-0.005744324336564022
1794,sh688658,2025-07-18,score_filtered,0.13620172628372293,0.27587416754403593,0.12292926337750965,22,0.16363630543373597
1795,bj920719,2025-07-18,score_filtered,0.13694957193751478,0.03444449106852221,-0.09015798360723248,22,-0.0405555301242404
1796,sh601208,2025-07-18,score_filtered,0.14705887656369523,0.3475970953804304,0.17482818268012368,22,0.2093483440879631
1797,sh688221,2025-07-18,score_filtered,0.22456428449105992,0.16919429527401508,-0.04521607392792548,22,-0.09526067263235893
1798,sh600774,2025-07-18,score_filtered,0.20923078977144682,0.19266059219852383,-0.013703089363160226,22,-0.03119258814794512
1799,bj920274,2025-07-18,score_filtered,0.08571426589767654,0.023936211766028448,-0.056900840370343264,22,-0.03297866792795168
1800,sz301217,2025-07-18,score_filtered,0.13754386232610336,0.6081330969772225,0.4136888697098995,22,0.49168205590329706
1801,sh688222,2025-07-18,score_filtered,0.14798037410962495,0.19485790166701578,0.04083478133826901,22,0.027965757198907593
1802,sh601003,2025-07-18,score_filtered,0.2879518419759396,0.3153724668781426,0.02129010108028173,22,-0.057052319616317626
1803,sh600777,2025-07-21,expired,0.2504892713041925,0.0,-0.20031301111679722,22,-0.15851270481718427
1804,bj920873,2025-07-21,expired,0.3300891905927028,0.3416757874532774,0.008711142788410786,22,-0.07508156821423073
1805,bj920305,2025-07-21,operable_filtered,0.2164107579587416,0.1307650465277148,-0.07040854486912695,22,-0.12533908994530263
1806,bj920039,2025-07-21,expired,0.20829013797938442,0.055798605694812764,-0.1262044003268803,22,-0.13566741809383054
1807,bj920892,2025-07-21,expired,0.2786561047295764,0.20994736593418772,-0.05373511966293698,22,-0.08895268407100265
1808,bj920392,2025-07-21,operable_filtered,0.12234037670619052,0.4778026587989601,0.3167152224675094,22,0.3653784966205935
1809,sz002896,2025-07-21,operable_filtered,0.13015773183659415,0.23021923202353545,0.0885376415771042,22,0.14209919410007554
1810,bj920925,2025-07-21,operable_filtered,0.08044692054838155,0.40386297534153304,0.2993354404018307,22,0.3279191873656828
1811,sz002940,2025-07-21,operable_filtered,0.2606105134382686,0.26099709164299556,0.0003066595118841331,22,-0.0936583666006483
1812,sz002755,2025-07-21,score_filtered,0.11137929455987339,0.10266162894540143,-0.007844005783753771,22,-0.043726222505351076
1813,bj920060,2025-07-21,score_filtered,0.2096258803540742,0.09874682897326514,-0.09166392120211031,22,-0.03934836177401968
1814,sh688356,2025-07-21,score_filtered,0.16783336204823562,0.050381220387270664,-0.1005726891163381,22,-0.13017432362538617
1815,sh601208,2025-07-21,score_filtered,0.14705887656369523,0.3206451169906124,0.15133158722151951,22,0.15290327995054187
1816,bj920892,2025-07-22,traded,0.1666666521510756,0.0,-0.14285713219262686,22,-0.1456621273800598
1817,bj920706,2025-07-22,expired,0.28932740355352093,0.11393190068417725,-0.13603643448974667,22,-0.17027864179295027
1818,bj920873,2025-07-22,expired,0.26249996700457107,0.018181800842285156,-0.19351934459211073,22,-0.2272727272727273
1819,bj920879,2025-07-22,expired,0.3862249522269043,0.27444447411431216,-0.08063660802889328,22,-0.21861113442314994
1820,bj920082,2025-07-22,traded,0.23023092866589506,0.020714282989501953,-0.1703067617586238,22,-0.16892855507986881
1821,bj920682,2025-07-22,traded,0.1811708781370999,0.0015848223411283335,-0.15204070733542663,22,-0.14025352774485722
1822,bj920039,2025-07-22,expired,0.13476784456426155,0.005122376445709564,-0.11424845067612432,22,-0.10586224752326923
1823,sz300897,2025-07-22,traded,0.11039170976982396,0.272628063622383,0.14610731728732862,22,0.14322066525906973
1824,bj920950,2025-07-22,operable_filtered,0.281113192614183,0.2299999823937049,-0.03989749736022841,22,-0.05999997945932245
1825,sh688585,2025-07-22,operable_filtered,0.2323497919836805,1.3258948075143913,0.8873657646912574,22,0.7479999743009869
1826,sz002896,2025-07-22,operable_filtered,0.10482437084421253,0.26374409637190666,0.14384161837981657,22,0.10699050492941131
1827,bj920245,2025-07-22,operable_filtered,0.17435895479642427,0.004358927408854241,-0.1447598510602235,22,-0.10692302997295677
1828,sz300617,2025-07-22,operable_filtered,0.2311130926390755,0.014512544818369388,-0.17593878995827283,22,-0.1795918014281327
1829,bj920925,2025-07-22,operable_filtered,0.08044692054838155,0.3660828599181558,0.2643683219762425,22,0.25032040361159447
1830,bj920879,2025-07-23,expired,0.3173333370324337,0.05769230769230771,-0.19709592252862984,22,-0.28487181052183497
1831,bj920873,2025-07-23,expired,0.1996123572538023,0.1049250028079276,-0.07893162643192209,22,-0.09635980273032663
1832,bj920706,2025-07-23,expired,0.28932740355352093,0.4204500454247164,0.10169848365109413,22,0.06711412428187336
1833,bj920057,2025-07-23,expired,0.17248907751373355,0.0651162140816881,-0.09157685601620269,22,-0.10232564560976043
1834,sh600826,2025-07-23,operable_filtered,0.23249298017552816,0.09174310521900453,-0.11419933193978804,22,-0.14296635294086768
1835,sz300897,2025-07-23,operable_filtered,0.10025702627281613,0.2503570829119002,0.13642272037794356,22,0.09428569248744423
1836,sz003001,2025-07-23,operable_filtered,0.2423668687600811,0.00027022490630268514,-0.19486727305872054,22,-0.24270269033071157
1837,sh603966,2025-07-23,operable_filtered,0.17651514828588238,0.05599998474121093,-0.10243400921803292,22,-0.026399993896484397
1838,sz002940,2025-07-23,operable_filtered,0.2606105134382686,0.1684782915028591,-0.07308539866459007,22,-0.1413043400797368
1839,sz002297,2025-07-23,operable_filtered,0.18640960722193278,0.03714288984026237,-0.12581381377312817,22,-0.1428571428571429
1840,sh688585,2025-07-23,operable_filtered,0.24266839584872005,1.0308823576847987,0.6342914686405481,22,0.4536764634728021
1841,sz300865,2025-07-23,operable_filtered,0.21560910855702495,0.07600296924696281,-0.1148445979281777,22,-0.11537505469427811
1842,sz300021,2025-07-23,operable_filtered,0.23219374912673252,0.14893614198477723,-0.06756860047452828,22,-0.1194762689233525
1843,bj920392,2025-07-23,operable_filtered,0.12234037670619052,0.46192736225733655,0.3025704078719462,22,0.31121644550361394
1844,sh688660,2025-07-23,score_filtered,0.13610316660853838,0.634660409689837,0.43883095984106535,22,0.4402810428238466
1845,bj920174,2025-07-23,score_filtered,0.2430385732621766,0.0946523250374891,-0.11937380819588661,22,-0.16336899361150437
1846,bj920879,2025-07-24,expired,0.2662845475841726,0.12650429738470992,-0.11038612961528793,22,-0.17287934964505514
1847,bj920873,2025-07-24,expired,0.18860510989550427,0.049484588180317646,-0.11704519907996802,22,-0.12989693336677421
1848,bj920706,2025-07-24,expired,0.28932740355352093,0.2722771806447284,-0.01322412202036527,22,-0.056577098395378944
1849,bj920942,2025-07-24,expired,0.41735332012492393,0.4563636086203835,0.027523333766926283,22,-0.1350909146395597
1850,sz002827,2025-07-24,expired,0.28756062379604397,0.10535717010498047,-0.14151058235524716,22,-0.21482140677315853
1851,bj920892,2025-07-24,traded,0.11407768630837586,0.0063508095982407475,-0.09669601862963484,22,-0.04054713979226021
1852,bj920807,2025-07-24,operable_filtered,0.14192947781729598,0.23039219856995596,0.07746776177610304,22,0.1235294365140398
1853,sz002940,2025-07-24,operable_filtered,0.2606105134382686,0.09206354050409216,-0.13370265529078507,22,-0.11714287409706725
1854,sz301038,2025-07-24,operable_filtered,0.17106914330894285,0.3054830547259668,0.1147788003680359,22,0.09595308420272075
1855,bj920925,2025-07-24,operable_filtered,0.0931832265444723,0.3596938316249101,0.24379317081444052,22,0.21428566794585535
1856,bj920082,2025-07-24,operable_filtered,0.1273303927428446,0.050416628519694084,-0.0682264620188372,22,-0.05458331108093262
1857,sh600826,2025-07-24,operable_filtered,0.23249298017552816,0.05465286360435795,-0.14429300566551118,22,-0.17060564447007298
1858,sh603716,2025-07-24,score_filtered,0.1529972963773003,0.15566660563151036,0.002315104521577682,22,0.15566660563151036
1859,bj920057,2025-07-24,score_filtered,0.17248907751373355,0.03502818673222485,-0.11723852564408954,22,-0.12768367712662354
1860,sz300539,2025-07-24,score_filtered,0.18068637469556706,0.8500000000000001,0.5668851946199611,22,0.5680000305175781
1861,bj920184,2025-07-24,score_filtered,0.19558604119858425,0.5084894454365001,0.26171550474462535,22,0.2115803550558233
1862,sh688425,2025-07-24,score_filtered,0.2108108003614941,0.005434777327093299,-0.16961859191632966,22,-0.17798911943144424
1863,bj920879,2025-07-25,expired,0.2662845475841726,0.2328943817154312,-0.0263686119620139,22,-0.11660775003622614
1864,bj920706,2025-07-25,expired,0.25776490192906304,0.09958508927006515,-0.1257626225826416,22,-0.17395470080469655
1865,bj920564,2025-07-25,expired,0.19419356315366684,0.04716667521527018,-0.12311813802623683,22,-0.018997704247014968
1866,bj920942,2025-07-25,expired,0.4193508213791069,0.43496952547543954,0.011004118122929452,22,-0.1804012853794038
1867,sh600117,2025-07-25,operable_filtered,0.3127413010124873,0.3385012872139377,0.019623048487605432,22,-0.0826873236965403
1868,sz300877,2025-07-25,operable_filtered,0.2007768442071767,0.2987970751323634,0.08163068050325828,22,0.03143187627295352
1869,bj920925,2025-07-25,operable_filtered,0.0931832265444723,0.3021172735196245,0.19112445370716857,22,0.13558631906013696
1870,sz300158,2025-07-25,score_filtered,0.15427926440351591,0.4841040960311438,0.2857409309852481,22,0.3656068937973409
1871,bj920522,2025-07-25,score_filtered,0.1720588347491096,0.15646260003930168,-0.01330669949955754,22,0.014455821425974014
1872,sh688313,2025-07-25,score_filtered,0.1790888485482498,0.3445531181423376,0.14033231660007228,22,0.27542536188369016
1873,sh603228,2025-07-25,score_filtered,0.19640789677685713,0.18421958523182136,-0.010187421512237949,22,0.04648368987884899
1874,bj920344,2025-07-25,score_filtered,0.24003009659403113,0.3999297602781515,0.12894821192107675,22,0.0783005469831275
1875,bj920184,2025-07-25,score_filtered,0.19913423440185218,0.6476462384465058,0.3740298551882968,22,0.26866378668823065
1876,sh600326,2025-07-25,score_filtered,0.20615386962890625,0.3202436963872983,0.09458977799697621,22,0.027758959695671326
1877,bj920057,2025-07-25,score_filtered,0.17248907751373355,0.0970059196332409,-0.06437855953469085,22,-0.035928164913695326
1878,sz002827,2025-07-25,score_filtered,0.21712753496164988,0.15424212627574563,-0.05166706600544191,22,-0.10790777451149136
1879,sh603389,2025-07-25,score_filtered,0.22608408244595213,0.3426666259765625,0.09508527612399664,20,0.03911107381184897
1880,sz300344,2025-07-25,score_filtered,,,,0,
1881,sh601208,2025-07-25,score_filtered,0.14705887656369523,0.26906387962773004,0.10636333108683282,22,0.11717305612725437
1882,bj920706,2025-07-28,expired,0.23557551235830737,0.12778155546275327,-0.08724190129813347,22,-0.14935941766575256
1883,bj920879,2025-07-28,expired,0.28348099961763573,0.2261981470808363,-0.04463085355674501,22,-0.169329053234772
1884,bj920942,2025-07-28,expired,0.4288389404304293,0.1779411540311926,-0.17559556875154547,22,-0.35058823753805723
1885,sz300706,2025-07-28,operable_filtered,0.14118534554295678,0.5051135907365281,0.31890371412053176,22,0.1923295542905643
1886,bj920564,2025-07-28,operable_filtered,0.10785715920584542,0.1710622786375131,0.05705168658834636,22,0.006227109195782177
1887,sh603228,2025-07-28,operable_filtered,0.19640789677685713,0.11896272385456297,-0.06473141236440583,22,-0.011021074501902262
1888,sh688585,2025-07-28,operable_filtered,0.24266839584872005,0.380654936162216,0.11104051633923917,22,0.06373414543197842
1889,bj920522,2025-07-28,operable_filtered,0.1271317947742551,0.05426609477383981,-0.0646470096383086,22,-0.056881326003228594
1890,sz300158,2025-07-28,operable_filtered,0.15427926440351591,0.36387784483541985,0.181583943241167,22,0.16998674291417148
1891,bj920663,2025-07-28,score_filtered,0.1545138532456783,0.23711333280078328,0.07154481457532413,22,0.0038659858218783594
1892,sz300308,2025-07-28,score_filtered,0.07987755589716138,0.7468814882702439,0.6176662610780315,22,0.6418363472672695
1893,sz300950,2025-07-28,score_filtered,0.15488980452642173,0.10978676284458433,-0.039053978574460246,22,-0.0959849293129279
1894,bj920208,2025-07-28,score_filtered,0.14250305601223728,0.07564140396874697,-0.05852207719851754,22,-0.0446517874831025
1895,sh603716,2025-07-28,score_filtered,0.1529972963773003,0.16148687648819116,0.007363052920908775,22,0.010054900491261343
1896,sz002940,2025-07-28,score_filtered,0.21460550303532597,0.11672408005286905,-0.08058700766450433,22,-0.1370689786713699
1897,sh688202,2025-07-28,score_filtered,0.14705037727630396,0.05453182606214879,-0.08065779240999194,22,-0.06726594274856623
1898,sh688313,2025-07-28,score_filtered,0.1790888485482498,0.38701217556540635,0.17634237426056698,22,0.3283043720572234
1899,sh603109,2025-07-28,score_filtered,0.14720812931648866,0.1106039981714031,-0.03190714065711375,22,-0.08563754702574455
1900,bj920706,2025-07-29,expired,0.20365127880009343,0.05900001525878906,-0.12017705301281756,22,-0.16099999745686844
1901,bj920344,2025-07-29,expired,0.24830699482695653,0.2118540146730179,-0.029201935345232743,22,-0.11519759087385317
1902,bj920663,2025-07-29,filtered,0.17499997019767682,0.18421050980480724,0.00783875731127126,22,-0.04687497549151087
1903,bj920942,2025-07-29,expired,0.3917455035688054,0.09225706113239784,-0.2151890856973775,22,-0.3393739279911724
1904,bj920879,2025-07-29,expired,0.28766755393322396,0.06267808713899203,-0.17472636171269063,22,-0.24757831921605467
1905,bj920751,2025-07-29,operable_filtered,0.10874204952859616,0.01603123225548031,-0.08361802216533032,22,-0.07149045164577827
1906,sh688658,2025-07-29,operable_filtered,0.26390793711029115,0.14209705186591215,-0.09637639077010529,22,-0.16150233878546494
1907,bj920564,2025-07-29,operable_filtered,0.12730684336061593,0.20641506842847135,0.0701745274889185,22,0.018113190273068902
1908,bj920522,2025-07-29,operable_filtered,0.11058451950030479,0.012799987792968759,-0.08804780724958516,22,-0.09296002197265629
1909,sh603228,2025-07-29,operable_filtered,0.19640789677685713,0.03044777485861716,-0.1387153347661273,22,-0.026417860344274735
1910,sz300502,2025-07-29,operable_filtered,0.07735965833925312,0.8893085236245013,0.7536469915133681,22,0.8880319798246343
1911,sh688382,2025-07-29,operable_filtered,0.21900163046057247,0.05724619133056286,-0.13269501458246113,22,-0.19663761116018508
1912,sh688585,2025-07-29,operable_filtered,0.24266839584872005,0.3147685940958673,0.05802046506373415,22,0.16148994278180995
1913,sh688556,2025-07-29,score_filtered,0.1475284894799204,0.19872372820752093,0.04461347948825489,22,0.020966229410915194
1914,bj920786,2025-07-29,score_filtered,0.1848484557303292,0.1796246920692901,-0.004408803198227673,22,-0.026809584299400946
1915,sh688630,2025-07-29,score_filtered,0.12436658115907902,0.17583996582031247,0.04577989556410578,22,0.1384000244140624
1916,sz002370,2025-07-29,score_filtered,0.19041770581819806,0.1546099465387778,-0.030079995538044302,22,-0.09929081803745732
1917,sz002645,2025-07-29,score_filtered,0.15740165032712636,0.17498423696234422,0.015191430416786167,22,0.05116863359736201
1918,bj920706,2025-07-30,expired,0.1880616379668643,0.1096866072676097,-0.06596882534931281,22,-0.07834760573065891
1919,bj920344,2025-07-30,expired,0.19413819790165998,0.07114047578238658,-0.10300124586534887,22,-0.1137672990801658
1920,bj920942,2025-07-30,expired,0.3055729513365145,0.02453893554831721,-0.21525722902002753,22,-0.2959101427388169
1921,bj920305,2025-07-30,traded,0.23944336538301372,0.23532893395723709,-0.003319580015263668,22,-0.05749858757844639
1922,bj920879,2025-07-30,expired,0.20639187401107562,0.041044766824849255,-0.13705920169743135,22,-0.1713308537010214
1923,bj920786,2025-07-30,traded,0.15937499464489527,0.045751669124871386,-0.09800394699285842,22,-0.09722218975781816
1924,bj920522,2025-07-30,operable_filtered,0.10563941930551907,0.03519156950041391,-0.063716839844002,22,-0.018582487133630532
1925,sh688585,2025-07-30,operable_filtered,0.24266839584872005,0.1508333683013916,-0.07390147512732614,22,-0.13895829518636071
1926,bj920873,2025-07-30,operable_filtered,0.14937764344116944,0.014736878244500318,-0.11714232129447255,22,-0.1494736922414679
1927,bj920663,2025-07-30,operable_filtered,0.17499997019767682,0.1755101729412467,0.00043421511192387463,22,-0.03918363610092479
1928,sh603367,2025-07-30,operable_filtered,0.23835230440763333,0.2226467399643255,-0.012682630288171959,22,-0.1156652214366104
1929,sz300706,2025-07-30,operable_filtered,0.18912798309436754,0.47166665395100904,0.23760156591506232,22,0.1749999788072374
1930,sh600010,2025-07-30,score_filtered,0.12758624545175468,0.03460204186943594,-0.08246305234511409,22,-0.03460212436721111
1931,bj920925,2025-07-30,score_filtered,0.11882424300981766,0.27207638499006115,0.13697606477311441,22,0.11018299622171979
1932,sz301038,2025-07-30,score_filtered,0.20799999237060546,0.23076923076923084,0.018848707402673526,22,-0.052307715782752395
1933,sh600326,2025-07-30,score_filtered,0.25333331181452823,0.09182527063845125,-0.1288628010231786,22,-0.18868985017168272
1934,sh688630,2025-07-30,score_filtered,0.12436658115907902,0.16761994704880068,0.038469095946566556,22,0.16062924444930937
1935,sh603389,2025-07-30,score_filtered,0.22608408244595213,0.33968958344011946,0.09265718609406659,22,0.16541026943605242
1936,bj920942,2025-07-31,expired,0.31433940975741975,0.12070177312482877,-0.14732696531433198,22,-0.23333331994843065
1937,bj920344,2025-07-31,expired,0.18293350425284663,0.06627903134195057,-0.09861456497047671,22,-0.07383723264129849
1938,bj920305,2025-07-31,traded,0.2215127747387607,0.0928610589112755,-0.10532162944836931,22,-0.14331718963479345
1939,sh600749,2025-07-31,expired,0.23996294630807885,0.22096532840126937,-0.015321117428043984,22,-0.07956261590990521
1940,bj920885,2025-07-31,operable_filtered,0.18440423280761026,0.21959180248026944,0.029709088078187174,22,0.06326527498206325
1941,sh688110,2025-07-31,operable_filtered,0.1437956419310694,1.0058996147268462,0.753722029697794,22,0.46076690940443243
1942,sh603280,2025-07-31,operable_filtered,0.29660191331143565,0.18390801405767077,-0.08691480252867445,22,-0.17777782487280502
1943,bj920663,2025-07-31,operable_filtered,0.1777777453999452,0.2255318824281083,0.04054596651590403,22,-0.02212767905377322
1944,bj920786,2025-07-31,operable_filtered,0.10183634056523116,0.06773611917290778,-0.030948535764240948,22,-0.026737984277633742
1945,bj920662,2025-07-31,score_filtered,0.24989931303954327,0.608681519188625,0.2870488865831795,22,0.19209582885046683
1946,sz002940,2025-07-31,score_filtered,0.21954605748042913,0.11672408005286905,-0.08431168039687598,22,-0.15517241379310343
1947,sz300436,2025-07-31,score_filtered,0.293441959095169,0.7175453879616478,0.32788748338051543,22,0.19590911865234384
1948,sh603367,2025-07-31,score_filtered,0.26846592494648314,0.20095535326915082,-0.053222219335675613,22,-0.13408394325432726
1949,sz300706,2025-07-31,score_filtered,0.18912798309436754,0.4400651868392844,0.2110262371354883,22,0.1554769574249104
1950,sh600326,2025-07-31,score_filtered,0.24520478338097254,0.04780016705100287,-0.15853184870843318,22,-0.21075503240627835
1951,sz300732,2025-07-31,score_filtered,0.27717388688697087,0.11515150664438512,-0.12686007904335161,22,-0.20000003302768143
1952,sz002370,2025-07-31,score_filtered,0.2088452351843948,0.2639751973598623,0.04560547584659025,22,0.015527935363983447
1953,sh688382,2025-07-31,score_filtered,0.21409762859034145,0.030688880149861042,-0.15106589793230374,22,-0.1229645723740429
1954,bj920942,2025-08-01,expired,0.31433940975741975,0.05429940431163405,-0.19784844273503122,22,-0.27380756083195534
1955,bj920950,2025-08-01,expired,0.09926333006641035,0.0023319616929071696,-0.08817847891610031,22,-0.10027205478456891
1956,sh603389,2025-08-01,expired,0.22608408244595213,0.21520508217097079,-0.008872964285841167,20,0.057119872945725625
1957,sh603280,2025-08-01,expired,0.2967637601780044,0.04745761418746697,-0.19225255489582438,22,-0.2725424039161811
1958,bj920344,2025-08-01,expired,0.18293350425284663,0.1882085943631826,0.00445932936329152,22,0.025915102536822943
1959,sh603716,2025-08-01,operable_filtered,0.12906606261287357,0.21828053104875766,0.0790161633495785,22,-0.02364978129801132
1960,sh600749,2025-08-01,operable_filtered,0.23996294630807885,0.208659946306607,-0.025245109214492856,22,-0.04665919959993381
1961,sz300878,2025-08-01,operable_filtered,0.28771326339027126,0.10566034856832252,-0.14137690431380867,22,-0.1418868010898806
1962,sh688189,2025-08-01,operable_filtered,0.21354168908739443,0.07510351680801652,-0.1140778050925354,22,-0.0881135295424732
1963,sz300683,2025-08-01,operable_filtered,0.22797924868868233,0.03693748988442347,-0.15557409378722475,22,-0.24412358261038647
1964,sh600326,2025-08-01,operable_filtered,0.24520478338097254,0.037096802145500485,-0.16712751509869606,22,-0.2456989545576248
1965,bj920266,2025-08-01,operable_filtered,0.16603772145397258,0.019230769230769162,-0.12590240394637042,22,-0.138461553133451
1966,bj920885,2025-08-01,score_filtered,0.18440423280761026,0.29238746004117133,0.09117092310417418,22,0.1392733216466986
1967,sz002940,2025-08-01,score_filtered,0.24193297793883362,0.03947994247404818,-0.1630144613768011,22,-0.2713850020016293
1968,sz300950,2025-08-01,score_filtered,0.13726650529505546,0.1528760835835299,0.013725523626869407,22,0.036911744844496885
1969,sh688800,2025-08-01,score_filtered,0.14000001795151654,0.26865671641791056,0.11285675126354744,22,0.05820897799819269
1970,sh603256,2025-08-01,score_filtered,0.1361344485285927,0.9039999389648437,0.6758579421922408,22,0.49919998168945323
1971,bj920885,2025-08-04,traded,0.17052411384080104,0.10867921361383392,-0.052835220988346476,22,-0.11773588072578867
1972,bj920942,2025-08-04,expired,0.22995783378047155,0.034558049139656655,-0.15886705972693593,22,-0.18424883871330777
1973,sh603389,2025-08-04,expired,0.22608408244595213,0.15747121237289008,-0.05596098265641303,22,0.051724151790748296
1974,sz300289,2025-08-04,traded,0.29048845939676465,0.19325157412336313,-0.07534889953130974,22,-0.18404905552598216
1975,bj920344,2025-08-04,operable_filtered,0.18293350425284663,0.05130412573347365,-0.11127369209354798,22,-0.08655771290471981
1976,sh601089,2025-08-04,expired,0.2564179150026236,0.12946730183219946,-0.10104170885700803,22,-0.14497637421382958
1977,sz301389,2025-08-04,expired,0.1762687492039076,0.5996078790402879,0.35990000594923055,22,0.24254899866440716
1978,sz300878,2025-08-04,expired,0.2508973301501287,0.05132077774911559,-0.1595467090628937,22,-0.13245283882572967
1979,sz300966,2025-08-04,operable_filtered,0.1761467609930476,0.040473441936893284,-0.11535407277030818,22,-0.17067587359879244
1980,sh688189,2025-08-04,operable_filtered,0.1991749733370184,0.07637661113936822,-0.10240237240436356,22,-0.11900528998475923
1981,sh603367,2025-08-04,operable_filtered,0.27215908284276,0.06731356129523425,-0.16102193845896928,22,-0.18435415427825008
1982,sh603280,2025-08-04,operable_filtered,0.2967637601780044,0.009803896513747024,-0.22128923746671247,22,-0.31192810317983066
1983,sh600117,2025-08-04,score_filtered,0.33976830316018775,0.038076165518116545,-0.22518232214514455,22,-0.328657302947752
1984,sz300436,2025-08-04,score_filtered,0.3531995888130531,0.581004122809885,0.16834511027057641,22,-0.00175731451441552
1985,sh688800,2025-08-04,score_filtered,0.14000001795151654,0.2592592592592593,0.10461336792085452,22,0.06074071813512738
1986,bj920522,2025-08-04,score_filtered,0.10264587614151346,0.10866009196536885,0.00545434935548017,22,0.01895424563645709
1987,sz002370,2025-08-04,score_filtered,0.1796178171390827,0.01815821865018341,-0.13687449964132103,22,-0.09727626411014334
1988,sz002097,2025-08-04,score_filtered,0.2731172386682306,0.3112499713897705,0.02995225542733948,22,-0.08249998092651367
1989,sz301489,2025-08-04,score_filtered,0.09989997863769531,0.8031147190781891,0.639344262295082,22,0.7703278338322874
1990,sh603389,2025-08-05,expired,0.22608408244595213,0.10740463064802941,-0.09679552446449302,22,0.05645157512523791
1991,bj920942,2025-08-05,expired,0.22995783378047155,0.07320756732292888,-0.12744360997786863,22,-0.17283018580022846
1992,bj920885,2025-08-05,traded,0.15376340741343356,0.09026961516875076,-0.05503189981300105,22,-0.1383353221734681
1993,bj920344,2025-08-05,expired,0.14785325920722842,0.08282015593045089,-0.05665628664215583,22,-0.03725366691890486
1994,sh601089,2025-08-05,operable_filtered,0.2564179150026236,0.20071686229523777,-0.04433322069215284,22,-0.027598583092892315
1995,bj920925,2025-08-05,operable_filtered,0.12664162898788256,0.25411762910730706,0.11314689324407667,22,0.11411764107498468
1996,sz300486,2025-08-05,operable_filtered,0.1875000087653887,0.5067778497757125,0.2688655483398845,22,0.2340980031114246
1997,sz002097,2025-08-05,score_filtered,0.290276421915709,0.2341176201315487,-0.04352462838992266,22,-0.15764707677504597
1998,sz301489,2025-08-05,score_filtered,0.09989997863769531,0.7063294977654491,0.5513496962504354,22,0.41917475420767736
1999,sz300289,2025-08-05,score_filtered,0.3033418970616861,0.31418918084424874,0.008322669444615682,22,-0.10923426289729044
2000,sh603200,2025-08-05,score_filtered,0.09041546743141521,0.23480662488554582,0.13241847879713098,22,0.14640881561766528
2001,sz300732,2025-08-05,score_filtered,0.2903726504571158,0.16036033079266487,-0.10075563800766696,22,-0.18648653850086183
2002,sz301038,2025-08-05,score_filtered,0.24800000190734864,0.2899064722593949,0.033578902474358685,22,0.004837136969465972
2003,sz300960,2025-08-05,score_filtered,0.2975871179073405,0.17631873632032424,-0.09345683223380752,22,-0.19638761960163753
2004,bj920663,2025-08-05,score_filtered,0.1892360763877253,0.19601326114240525,0.005698771580547435,22,-0.06478403118293241
2005,sz000691,2025-08-05,score_filtered,0.23536736355360677,0.1843657056757193,-0.0412846084351608,22,-0.09439532795248173
2006,sh600117,2025-08-05,score_filtered,0.25498897459504793,0.0022222730848524552,-0.20140949970636735,22,-0.264444457160102
2007,sh688210,2025-08-05,score_filtered,0.10711067661177617,0.18303008232647056,0.06857435965394143,22,0.08485007730605099
2008,bj920663,2025-08-06,traded,0.15398550511808665,0.0,-0.13343798898265147,22,-0.15000004491944186
2009,sh603367,2025-08-06,operable_filtered,0.27215908284276,0.10034388917749859,-0.13505794674776372,22,-0.2119412546156615
2010,bj920885,2025-08-06,operable_filtered,0.1870967521407254,0.10451303902325026,-0.06956780310328503,22,-0.10728428215621
2011,sz300731,2025-08-06,operable_filtered,0.22487807855373476,0.354924010288169,0.1061705111809863,22,0.04472348108821156
2012,sz300644,2025-08-06,operable_filtered,0.1516908783220345,0.03500003814697261,-0.10132132013155792,22,-0.12224998474121096
2013,sz002097,2025-08-06,operable_filtered,0.3079122605063729,0.2480666394274731,-0.04575660224771494,22,-0.13801307367823634
2014,bj920305,2025-08-06,operable_filtered,0.1800000040154708,0.12426038040658582,-0.04723696899932739,22,-0.08284021598410107
2015,sz300329,2025-08-06,score_filtered,0.11724136615621633,0.17504050410883698,0.051733796924718245,22,0.024311198300264847
2016,sz301389,2025-08-06,score_filtered,0.20078456135284367,0.485433440476412,0.23705241413403377,22,0.20903138637439
2017,sz300706,2025-08-06,score_filtered,0.24046806292652084,0.3654639325773874,0.10076508487931202,22,0.0322164954788462
2018,sz301529,2025-08-06,score_filtered,0.1702727177607993,0.2761578051503597,0.09047898475507576,22,0.20728326817125153
2019,sh688585,2025-08-06,score_filtered,0.2412375125992572,0.14918994763718385,-0.0741578980877865,22,-0.13928890229507607
2020,sz300885,2025-08-06,score_filtered,0.28904788999998576,0.11597223059262785,-0.13426627571405425,22,-0.19930555288806362
2021,sz301117,2025-08-06,score_filtered,0.3034022517064487,0.2702406149425318,-0.02544236571672398,22,-0.1178884357602813
2022,sz300689,2025-08-06,score_filtered,0.17884616014031765,0.1361344281364889,-0.03623181162056366,22,-0.07159661044593624
2023,sh688210,2025-08-06,score_filtered,0.09032550947242175,0.17809522719610316,0.08049863729791173,22,0.1595238276890345
2024,sh688039,2025-08-06,score_filtered,0.19811318830845642,0.059999974568685,-0.11527559757084815,22,-0.15616664886474607
2025,bj920247,2025-08-07,expired,0.23196126151763807,0.40955632465756575,0.14415636975561275,22,0.23822524655248345
2026,bj920706,2025-08-07,traded,0.20154045948004304,0.22004693541212927,0.015402291105615307,22,0.02545025823139646
2027,bj920663,2025-08-07,operable_filtered,0.11485969960921043,0.051834100518946435,-0.056532314435938646,22,-0.022328527418098654
2028,sh603767,2025-08-07,operable_filtered,0.2996060681673835,0.350398904086171,0.03908325542863311,22,-0.049534566984619444
2029,sz301117,2025-08-07,operable_filtered,0.3034022517064487,0.16012990364434643,-0.10992182027806563,22,-0.16912317422465295
2030,bj920693,2025-08-07,score_filtered,0.1938709751252205,0.2375249877906842,0.03656510089868381,22,0.03173653095836304
2031,sz301076,2025-08-07,score_filtered,0.19719641088007628,0.36244643256212594,0.13803083619384715,22,0.303218916969755
2032,sz300706,2025-08-07,score_filtered,0.24046806292652084,0.126754551817291,-0.09166984181838267,22,-0.14483201418528668
2033,sz300875,2025-08-07,score_filtered,0.3602898639181386,0.11813322028328521,-0.17801841361763338,22,-0.2792092010672498
2034,sh688585,2025-08-07,score_filtered,0.2412375125992572,0.10541123055113366,-0.10942811562606714,22,-0.16655843220238575
2035,sz300689,2025-08-07,score_filtered,0.17884616014031765,0.12779446151002838,-0.04330649779120688,22,-0.04571234445355166
2036,sz300329,2025-08-07,score_filtered,0.11724136615621633,0.17219079499972434,0.049183131334061825,22,0.025869013563839305
2037,sz300322,2025-08-07,score_filtered,0.24135706095516318,0.1741274676141471,-0.05415814309646427,22,-0.11987859538103263
2038,sz301357,2025-08-07,score_filtered,0.39939394864169037,0.3645760969764884,-0.024880664732756408,22,-0.21447278730216424
2039,sz300703,2025-08-07,score_filtered,0.18141702790619943,0.34908961833993213,0.14192498201155535,22,0.20413165380686693
2040,sh688039,2025-08-07,score_filtered,0.1968503937007874,0.11403508771929816,-0.0691943674976917,22,-0.1201754118266859
2041,sz300885,2025-08-07,score_filtered,0.28904788999998576,0.09692833537673518,-0.14903988914116506,22,-0.16484641807078126
2042,sz300731,2025-08-07,score_filtered,0.23593493205745045,0.32486002640868517,0.07194965693153588,22,-0.022188686340490538
2043,sz301161,2025-08-07,score_filtered,0.2750263230185904,0.3291316456272404,0.04243467105883503,22,0.04649859417189073
2044,bj920706,2025-08-08,expired,0.19220779944600191,0.06574393230483011,-0.10607535632625231,22,-0.14117646981178555
2045,bj920247,2025-08-08,expired,0.23196126151763807,0.529629601372613,0.24162150966360807,22,0.29148144192165804
2046,bj920942,2025-08-08,expired,0.18176722892060812,0.019230737104533047,-0.13753680745110108,22,-0.20639756393957698
2047,sh688425,2025-08-08,expired,0.14130432287680297,0.05057095220100405,-0.0794997169966849,22,-0.1011419044020081
2048,bj920879,2025-08-08,traded,0.1282808368154336,0.03252029368516429,-0.08487296779811737,22,-0.14803525648605131
2049,bj920438,2025-08-08,operable_filtered,0.24262293831246798,1.4015748392176417,0.9326657871607271,22,0.7803150354267485
2050,bj920174,2025-08-08,operable_filtered,0.19390892306590377,0.04222483274596556,-0.12704829270428797,22,-0.1725392897709127
2051,sz300732,2025-08-08,operable_filtered,0.2774193295330949,0.049957593391239064,-0.17806348384049786,22,-0.26333619812458053
2052,sh603516,2025-08-08,operable_filtered,0.21501306313229004,0.3870156286491042,0.14156437550835355,22,0.2404204904128895
2053,sh600475,2025-08-08,operable_filtered,0.2223801177162742,0.297234959853389,0.06123695980671151,22,-0.04331799543818482
2054,sz002046,2025-08-08,score_filtered,0.1996046963371838,0.3037037209946323,0.08677777352431137,22,0.07504031846395831
2055,sz300218,2025-08-08,score_filtered,0.18691588785046728,0.16914339952728086,-0.014973671264416955,22,-0.09746501853287703
2056,sh603280,2025-08-08,score_filtered,0.28451180289138633,0.06681036638495375,-0.16948184984863135,22,-0.2447916845080952
2057,sh600629,2025-08-08,score_filtered,0.2008494877356785,0.09866663614908844,-0.0850921390483882,22,-0.15266666412353513
2058,sz300706,2025-08-08,score_filtered,0.24046806292652084,0.15475148885851508,-0.06910018615536351,22,-0.14625114958493546
2059,sz300322,2025-08-08,score_filtered,0.24135706095516318,0.17770167253713431,-0.05127887085851768,22,-0.13318112285204642
2060,sh600326,2025-08-08,score_filtered,0.22857142857142856,0.06707319555220237,-0.1314520501319284,22,-0.20060975843777906
2061,bj920199,2025-08-08,score_filtered,0.19748547260741195,0.27339908142838065,0.0633941793512316,22,-0.02093592379474818
2062,sh601089,2025-08-08,score_filtered,0.3023880346497493,0.10927149515539769,-0.1482788035182513,22,-0.2407284858974309
2063,sh688551,2025-08-08,score_filtered,0.18221430891461252,0.11703541650965499,-0.05513289080792638,22,-0.11637172671340457
2064,bj920438,2025-08-11,expired,0.24262293831246798,1.1654242042879392,0.7426237175604311,22,0.5782747236087984
2065,bj920247,2025-08-11,expired,0.23196126151763807,0.29670325721844626,0.05255197360755748,22,0.10580850231932981
2066,sh601089,2025-08-11,operable_filtered,0.3023880346497493,0.08099387697385807,-0.16999093341289084,22,-0.26008388271929206
2067,sh688551,2025-08-11,operable_filtered,0.15954591167208373,0.060407139837755475,-0.08549792710783521,22,-0.12519145497767914
2068,sh603716,2025-08-11,operable_filtered,0.2423924456983533,0.2178913693630078,-0.019720883220256002,22,-0.0830670459263968
2069,sh688189,2025-08-11,operable_filtered,0.26842684447324233,0.21200002034505205,-0.044485674813688925,22,-0.16200002034505212
2070,sz300436,2025-08-11,score_filtered,0.39924837558865023,0.4433155193665399,0.03149343929690174,22,-0.16088616150164214
2071,sz300400,2025-08-11,score_filtered,0.11537096170386561,0.17082297180302874,0.04971620384885522,22,0.05153781374240762
2072,sh603516,2025-08-11,score_filtered,0.21501306313229004,0.34148664936777173,0.10409236745935413,22,0.31967380380726484
2073,sz300885,2025-08-11,score_filtered,0.28904788999998576,0.05101371712996805,-0.18465890578357047,22,-0.1988227579749845
2074,sz300732,2025-08-11,score_filtered,0.2684341220412392,0.022015179167619303,-0.1942701939278233,22,-0.2557155250178804
2075,bj920199,2025-08-11,score_filtered,0.21102513900217998,0.25151292772326306,0.03343265752058855,22,-0.037763285437691474
2076,sz301200,2025-08-11,score_filtered,0.1618446424169448,0.04040404040404044,-0.10452395921048085,22,-0.02131313747829866
2077,sh601929,2025-08-11,score_filtered,0.14385148347803478,0.9868421176463944,0.7369756007179646,22,0.9111842156859977
2078,sz300877,2025-08-11,score_filtered,0.15187439635255773,0.1214516410360269,-0.02641152144093606,22,-0.06180378433595923
2079,sz301117,2025-08-11,score_filtered,0.3034022517064487,0.13268289333436556,-0.13097979395737036,22,-0.19512195121951215
2080,sz300703,2025-08-11,score_filtered,0.18141702790619943,0.23217135322205285,0.042960550014929266,22,0.0863447625012459
2081,sz002097,2025-08-11,score_filtered,0.3260247544402223,0.14021739006493172,-0.14012360157916393,22,-0.24293475032754053
2082,bj920247,2025-08-12,expired,0.23196126151763807,0.35188216918051696,0.09734145984034415,22,0.14959082844363225
2083,sz002176,2025-08-12,operable_filtered,0.11823641338935868,0.12631576939633016,0.007225087566664845,22,0.03157896744577515
2084,sz300368,2025-08-12,score_filtered,0.23394991476600266,0.05632181400697678,-0.14395081893798745,22,-0.1591953772883662
2085,sz300476,2025-08-12,score_filtered,0.09617979331819766,0.6050116235861369,0.4641864713886732,22,0.568445475638051
2086,bj920199,2025-08-12,score_filtered,0.22649901183109525,0.18360806780519545,-0.03497022305942665,22,-0.0943223192101621
2087,sz000901,2025-08-12,score_filtered,0.2918492522558034,0.19102295806680059,-0.07804803386536141,22,-0.1450939827132094
2088,bj920305,2025-08-12,score_filtered,0.18421052631578946,0.09763146078558305,-0.0731112108921742,22,-0.05083761917485963
2089,sh603800,2025-08-12,score_filtered,0.19583333333333333,0.20024000771028194,0.0036850238692254234,22,0.07261446552384476
2090,sz300322,2025-08-12,score_filtered,0.24135706095516318,0.10535717010498047,-0.10955743124024087,22,-0.14249999182564876
2091,sh688273,2025-08-12,score_filtered,0.25777613161835605,0.02149918614713342,-0.18785294102155492,22,-0.22089041679993793
2092,sh600619,2025-08-12,score_filtered,0.24799998890269886,0.16971500349951008,-0.06272835424623735,22,-0.11059125292034866
2093,sh603767,2025-08-12,score_filtered,0.2996060681673835,0.31968804502036696,0.015452356944825274,22,-0.020792764220916582
2094,sh600410,2025-08-12,score_filtered,0.29608940968306546,0.6697761510487275,0.2883186442029799,22,0.2064676436925652
2095,bj920184,2025-08-12,score_filtered,0.2784993102719389,0.37336512701369684,0.07420091350818159,22,-0.04201345561532366
2096,sz301076,2025-08-12,score_filtered,0.19719641088007628,0.4087686389736964,0.17672307248072205,22,0.33741674564421076
2097,sh600513,2025-08-12,score_filtered,0.3337555108816414,0.23118909915662478,-0.0769004595581525,22,-0.1465887050604674
2098,sz301005,2025-08-12,score_filtered,0.20064838788200667,0.08516945809613907,-0.09618047294393761,22,-0.09998144563964406
2099,bj920247,2025-08-13,expired,0.23196126151763807,0.2906249761581421,0.04761814877866932,22,0.047812461853027344
2100,bj920662,2025-08-13,expired,0.29641565175055506,0.28987012590680794,-0.005048940773669797,22,-0.06467536827186482
2101,sz000901,2025-08-13,operable_filtered,0.2918492522558034,0.03304660648229141,-0.2003350199890549,22,-0.2625622090084533
2102,sh688108,2025-08-13,operable_filtered,0.3414893454693733,0.6497016629549577,0.22975383183363562,22,0.10249210599341962
2103,bj920199,2025-08-13,operable_filtered,0.22649901183109525,0.09302328957399664,-0.10882660399198096,22,-0.15517970974589035
2104,sz002298,2025-08-13,operable_filtered,0.2919117761524488,0.4623656024242606,0.1319392155240311,22,0.10430110184246799
2105,sz301150,2025-08-13,operable_filtered,0.08722173011581835,0.3000000422513933,0.19570829596361006,22,0.15822778583203334
2106,sz300476,2025-08-13,score_filtered,0.09617979331819766,0.5193534061826508,0.3860439824232511,22,0.4637068386735588
2107,sh688788,2025-08-13,score_filtered,0.378784753932255,0.21308179171580188,-0.12018044277315443,22,-0.27169809401410183
2108,sh688668,2025-08-13,score_filtered,0.23596667511633002,0.2848672782425332,0.03956466149995563,22,-0.018938047696003824
2109,sz301217,2025-08-13,score_filtered,0.18186814730012715,0.2562645536498356,0.06294814402068494,22,0.15235554048766442
2110,sh605298,2025-08-13,score_filtered,0.12461062012894508,0.986417669691088,0.7663159445029339,22,0.9282683079364245
2111,sh688584,2025-08-13,score_filtered,0.20168632779674728,0.1505626345302482,-0.042543292774440356,22,-0.05859527365382411
2112,sz301606,2025-08-13,score_filtered,0.1206098655155621,0.12152670357973516,0.0008181599077314861,22,0.014961883311963353
2113,sz301489,2025-08-13,score_filtered,0.09989997863769531,0.5341591251272919,0.3948169423800314,22,0.4132637577414904
2114,sz300322,2025-08-13,score_filtered,0.2016321093486025,0.018351824863122257,-0.15252612098126717,22,-0.1821329111629233
2115,sh688585,2025-08-13,score_filtered,0.2422165460310043,0.1575249531095706,-0.0681778013600215,22,-0.0049863420519458135
2116,sh600619,2025-08-13,score_filtered,0.24799998890269886,0.14107882011257145,-0.08567401421544696,22,-0.07634855284079789
2117,bj920247,2025-08-14,expired,0.23196126151763807,0.26338332738004033,0.02550572558076536,22,0.03181403974356933
2118,bj920438,2025-08-14,expired,0.24262293831246798,0.9551281573190895,0.5733881107765741,22,0.7660255489343117
2119,bj920662,2025-08-14,expired,0.29641565175055506,0.33926638066726333,0.033053233242630764,22,-0.048004382580784544
2120,sz300436,2025-08-14,operable_filtered,0.39924837558865023,0.25202120820087637,-0.10521875169291284,22,-0.2007952064143138
2121,bj920199,2025-08-14,operable_filtered,0.21618970365215764,0.059605375720336085,-0.128749920725037,22,-0.17237804337964258
2122,sz000901,2025-08-14,operable_filtered,0.2511584844974892,0.017924488070344413,-0.18641443055938678,22,-0.24009433817973813
2123,sh603800,2025-08-14,score_filtered,0.15007927407191884,0.06407077755548252,-0.07478484175435873,22,0.06407077755548252
2124,sh601089,2025-08-14,score_filtered,0.2938112846788011,0.04414584615042938,-0.19296897583510653,22,-0.24312221131872902
2125,sh688110,2025-08-14,score_filtered,0.31985294117647056,0.4293221000423284,0.08294042120198708,22,0.22753548269771207
2126,sh688025,2025-08-14,score_filtered,0.08613206347579488,0.4541528206992822,0.3388361043736823,22,0.3039866944374934
2127,sz300870,2025-08-14,score_filtered,0.26148409893992935,0.36057692307692313,0.07855257487610423,22,0.09721154433030343
2128,sz300237,2025-08-14,score_filtered,0.16237115872654986,0.46953403608990785,0.2642554188112116,22,0.42652332383191127
2129,sh688585,2025-08-14,score_filtered,0.2422165460310043,0.08027494545648794,-0.1303650326442155,22,0.026123675426604542
2130,sh688256,2025-08-14,score_filtered,0.2117264541285165,0.7290140897971966,0.4269013306643683,22,0.5601300108342362
2131,sz300472,2025-08-14,score_filtered,0.09076925424429086,0.1811023799431024,0.0828159808752551,22,0.09606301459459643
2132,bj920026,2025-08-14,score_filtered,0.2639500952448972,0.5565714154924666,0.23151334957641057,22,0.1945714678083148
2133,sh600203,2025-08-14,score_filtered,0.2342826688531311,0.03388892279730893,-0.162356444850695,22,-0.20222224129570854
2134,bj920247,2025-08-15,expired,0.23196126151763807,0.17999997820172986,-0.04217769254521664,22,-0.020000021798270096
2135,bj920438,2025-08-15,expired,0.24262293831246798,0.6531164628060828,0.33034439638711444,22,0.5303522733217039
2136,bj920662,2025-08-15,expired,0.29641565175055506,0.20533977980123397,-0.07025206138659379,22,-0.11796117767850312
2137,bj920225,2025-08-15,expired,0.2674946520853776,0.16150591952559235,-0.08362065463976875,22,-0.1586910702594887
2138,bj920026,2025-08-15,expired,0.2639500952448972,0.47283041552147553,0.16525994266894428,22,0.1984320037720022
2139,sz300436,2025-08-15,operable_filtered,0.39924837558865023,0.18229029454141177,-0.15505330206723755,22,-0.26745935342267146
2140,sz002298,2025-08-15,operable_filtered,0.2919117761524488,0.21973101764665337,-0.05587127529773206,22,-0.05201793215688977
2141,sz300486,2025-08-15,operable_filtered,0.2429065934403178,0.4435563914946352,0.16143594306546105,22,0.13386614604878733
2142,sh688648,2025-08-15,operable_filtered,0.24807530975825925,0.06176206247669325,-0.1492804527297742,22,-0.06734140991251092
2143,sh688110,2025-08-15,operable_filtered,0.31985294117647056,0.3560673921476041,0.027438246975343583,22,0.11367037014468617
2144,sh688788,2025-08-15,operable_filtered,0.40844050401468796,0.1865157958881618,-0.157567683898568,22,-0.3080708350995708
2145,sh688660,2025-08-15,operable_filtered,0.2769825818859435,0.3605263358668278,0.06542278271133561,22,0.019473728380705158
2146,sz300870,2025-08-15,score_filtered,0.26148409893992935,0.17612835900097346,-0.06766295350903229,22,-0.07966918193813888
2147,sz301217,2025-08-15,score_filtered,0.18186814730012715,0.14564286483069933,-0.030650866217336703,22,0.011578338563335233
2148,bj920247,2025-08-18,expired,0.2073963280727305,0.08074538960391431,-0.10489591157774913,22,-0.06022143169724059
2149,bj920026,2025-08-18,expired,0.2639500952448972,0.2693383473081141,0.0042630259560785255,22,-0.007921629832142618
2150,bj920225,2025-08-18,expired,0.18886277294968817,0.0003355781589886586,-0.15857775941872965,22,-0.19765099129007302
2151,bj920808,2025-08-18,expired,0.19999997120983196,0.11499999999999999,-0.0708333110409457,22,-0.03500000000000003
2152,bj920662,2025-08-18,expired,0.2659663918748869,0.051468919655330625,-0.16943378086197625,22,-0.2155953619955543
2153,bj920402,2025-08-18,expired,0.25739459183250285,0.13418987035883623,-0.09798413503123982,22,-0.15703067618298838
2154,sh603221,2025-08-18,traded,0.30568181805866806,0.03896102872518736,-0.20427701882993987,22,-0.21664698704793217
2155,sz300730,2025-08-18,expired,0.2864380524230984,0.27408146102530884,-0.009605275104008992,22,-0.0292949439159933
2156,sz000561,2025-08-18,operable_filtered,0.30186338479501984,0.00625002384185791,-0.22706941788650636,22,-0.2850000262260437
2157,sh688603,2025-08-18,operable_filtered,0.24978860592000895,0.11151718366431629,-0.11063584801519832,22,-0.1563119360555224
2158,bj920184,2025-08-18,operable_filtered,0.23580643438523816,0.07676273060765126,-0.12869629041598618,22,-0.14901010000363057
2159,sh688448,2025-08-18,operable_filtered,0.3367554004770026,0.12969621501283357,-0.15489683856170156,22,-0.26086247798542117
2160,sh688648,2025-08-18,operable_filtered,0.24807530975825925,0.12095892919252993,-0.1018499281027766,22,-0.05616436265919311
2161,bj920914,2025-08-18,operable_filtered,0.16536734460674105,0.06260329781600715,-0.08818167701911372,22,-0.09591309231440814
2162,sh600208,2025-08-18,operable_filtered,0.22146503223890404,0.12452109607145534,-0.07936693528569849,22,-0.09770110585118497
2163,bj920026,2025-08-19,expired,0.2639500952448972,0.2584892212994927,-0.0043204822452633795,22,-0.06906910638096886
2164,bj920225,2025-08-19,expired,0.16534342843324243,0.03464283261980339,-0.11215629026128437,22,-0.14464282989501953
2165,bj920808,2025-08-19,expired,0.1978811760063483,0.23778860716631178,0.03331501651358448,22,0.04373884027446162
2166,bj920476,2025-08-19,expired,0.23081171531195419,0.01173189923444995,-0.17799620636693203,22,-0.1921787516029987
2167,bj920981,2025-08-19,expired,0.19204081321249203,0.11085920022637397,-0.06810304822310365,22,-0.07730672863812804
2168,bj920438,2025-08-19,expired,0.24262293831246798,0.15094339622641506,-0.0737790517617174,22,-0.011320725926813102
2169,bj920469,2025-08-19,filtered,0.1623615751985548,0.0527191360409498,-0.09432730872824646,22,-0.1032186771976582
2170,bj920402,2025-08-19,expired,0.18956044981724626,0.07851854960123705,-0.09334700076239821,22,-0.12296295166015625
2171,sh600421,2025-08-19,expired,0.11259756954459767,0.09390249703343323,-0.016803085880204405,22,-0.05365848666071282
2172,sz002298,2025-08-19,operable_filtered,0.2919117761524488,0.059190048274933904,-0.18013747701147442,22,-0.21261685852553636
2173,bj920047,2025-08-19,operable_filtered,0.14521451251881698,0.10543595059236366,-0.034734594690878584,22,-0.07953302872351542
2174,sh688108,2025-08-19,operable_filtered,0.26499399401643975,0.049398128215721426,-0.1704323236477885,22,-0.2652959264716165
2175,sh688195,2025-08-19,operable_filtered,0.08314235338435336,0.8861371069686719,0.7413566195387944,22,0.7360313646223762
2176,sh601609,2025-08-19,operable_filtered,0.22779658689337262,0.15234373282874025,-0.061453871814016625,22,-0.05234375518048173
2177,sh688098,2025-08-19,operable_filtered,0.3363688076302631,0.1120252837165967,-0.16787545670980386,22,-0.2930379783891367
2178,bj920839,2025-08-19,operable_filtered,0.27515695340964824,0.4185750911523385,0.11247096865935102,22,0.10483458045463623
2179,sh603222,2025-08-19,score_filtered,0.20962484506682022,0.44422699053146997,0.19394620275982355,22,0.3620351969267426
2180,bj920504,2025-08-19,score_filtered,0.08668728492872126,0.009999990463256836,-0.07056979089480608,22,-0.049062490463256836
2181,sz300995,2025-08-19,score_filtered,0.20294474027457715,0.0438915641939015,-0.13221985246335688,22,-0.17223892927837847
2182,bj920026,2025-08-20,expired,0.21202595883155273,0.015363137952379757,-0.16225957822616666,22,-0.20231443746495548
2183,bj920839,2025-08-20,expired,0.27515695340964824,0.056872037914691864,-0.17118278256749753,22,-0.1984834354635664
2184,bj920808,2025-08-20,expired,0.1978811760063483,0.1356691755288375,-0.0519350347293388,22,-0.06172334018901282
2185,bj920476,2025-08-20,expired,0.14250541178592283,0.000307947548381593,-0.12446108593504457,22,-0.18041868182241527
2186,bj920438,2025-08-20,expired,0.24262293831246798,0.2850220861885302,0.03412068662891565,22,0.06172319843754126
2187,sh603377,2025-08-20,operable_filtered,0.13461537579812916,0.21637419725442197,0.07205862286043918,22,0.02339179003549785
2188,sh603222,2025-08-20,operable_filtered,0.20962484506682022,0.2625418338885934,0.04374661204883723,22,0.11454848504928128
2189,sz300642,2025-08-20,operable_filtered,0.23810974535383236,0.3420621325827349,0.08396055973147565,22,-0.00900168641144461
2190,bj920184,2025-08-20,operable_filtered,0.24870964788621472,0.0402684830087876,-0.16692524577692758,22,-0.271812036291853
2191,bj920981,2025-08-20,operable_filtered,0.19204081321249203,0.1111111495560333,-0.06789168857260619,22,-0.06575958756287548
2192,bj920526,2025-08-20,score_filtered,0.16510994187617284,0.008869170692469064,-0.1340995948692273,22,-0.15493353038372382
2193,sh688108,2025-08-20,score_filtered,0.2594840665482316,0.046031791364716135,-0.1694759630969428,22,-0.2513227563953452
2194,sh600590,2025-08-20,score_filtered,0.25851850156430844,0.0,-0.20541493926626908,22,-0.2696296550609447
2195,sh688098,2025-08-20,score_filtered,0.24800001780192057,0.034482758620689724,-0.1710875449804038,22,-0.25517240063897495
2196,sh688519,2025-08-20,score_filtered,0.21951219512195122,0.34125894195032025,0.0998323323992627,22,0.18884315309232935
2197,sz300995,2025-08-20,score_filtered,0.20212769657922547,0.02812504768371582,-0.14474556188219556,22,-0.2109375
2198,bj920978,2025-08-20,score_filtered,0.12261580126571028,0.6199366913419404,0.44300186182620793,22,0.5184924810555063
2199,sz002272,2025-08-20,score_filtered,0.2531586611430614,0.1241452173559694,-0.10295060616619223,22,-0.016307178443448977
2200,sz002158,2025-08-20,score_filtered,0.1312608305445635,0.1284299111520073,-0.002502446222939936,22,0.07393294782696369
2201,sz002046,2025-08-20,score_filtered,0.1875626715621309,0.020732054763704655,-0.1404815264014453,22,-0.1356539359728396
2202,bj920026,2025-08-21,expired,0.15703176936357827,0.04091901314367696,-0.10035399138933654,22,-0.1035010823472925
2203,bj920839,2025-08-21,operable_filtered,0.1544256314445354,0.0061052824321545796,-0.12847977814455414,22,-0.06757892809416122
2204,bj920476,2025-08-21,expired,0.1327519000174717,0.06027391354615941,-0.0639839902013799,22,-0.10856164361191722
2205,sh603377,2025-08-21,expired,0.13942306369719373,0.1587743584597523,0.016983415009844904,22,-0.0417826909568495
2206,bj920438,2025-08-21,operable_filtered,0.24262293831246798,0.3873094907097332,0.11643640877397243,22,0.15101203559944443
2207,bj920047,2025-08-21,operable_filtered,0.1612157579886527,0.03806586475171314,-0.10605255086294041,22,-0.1337448435849834
2208,bj920679,2025-08-21,operable_filtered,0.11004234842394219,0.149681456843771,0.035709546105253676,22,-0.022293047555013712
2209,sh688108,2025-08-21,operable_filtered,0.26656552027008906,0.1802985347918611,-0.06811095367559983,22,-0.14298510195604008
2210,sh603222,2025-08-21,score_filtered,0.15091460057219006,0.3603603479759854,0.18198200570195833,22,0.12342340887178271
2211,bj920493,2025-08-21,score_filtered,0.20025379161544257,0.047315223858028554,-0.1274218576319357,22,-0.16321111754848294
2212,sz002177,2025-08-21,score_filtered,0.2567307401338262,0.10169492381566325,-0.12336438615455014,22,-0.18538131366016275
2213,sh603757,2025-08-21,score_filtered,0.24039376785792269,0.25758780430359995,0.01386175655765376,22,0.05331465797370716
2214,sh688702,2025-08-21,score_filtered,0.29620419654638086,0.2906667073567708,-0.004272080899262787,22,0.1577499389648438
2215,bj920876,2025-08-21,score_filtered,0.1361103061909533,0.00506663004557284,-0.1153441487426794,22,-0.1333333333333333
2216,sz300730,2025-08-21,score_filtered,0.2864380524230984,0.27218640309132325,-0.011078379798336258,22,-0.07882995273047311
2217,sz300147,2025-08-21,score_filtered,0.16028148528921946,0.13587919199564058,-0.02103135627256525,22,-0.026643000411790796
2218,sh601929,2025-08-21,score_filtered,0.29230770697960484,0.6414141256022778,0.27014186848626665,22,0.08585862356379903
2219,sz002289,2025-08-21,score_filtered,0.09046530493682411,0.39567341985215854,0.27988796482893763,22,0.35624560847283404
2220,bj920839,2025-08-22,operable_filtered,0.10120105270713696,0.10212574187402468,0.0008397096648378177,22,0.04898342898281549
2221,bj920476,2025-08-22,expired,0.15116274341798364,0.029940107602129507,-0.1053045162458307,22,-0.153027294184801
2222,bj920438,2025-08-22,operable_filtered,0.24262293831246798,0.3034188246673002,0.04892544993366643,22,0.002991439998519807
2223,bj920978,2025-08-22,operable_filtered,0.12261580126571028,0.6902745063111522,0.5056571486036685,22,0.42832942050017775
2224,sh688577,2025-08-22,operable_filtered,0.2524833563274744,0.44198259847080323,0.1512988106276938,22,0.009480607587237788
2225,bj920699,2025-08-22,operable_filtered,0.14578505956493767,0.2887043330207859,0.12473480279985116,22,0.03820596690883238
2226,bj920509,2025-08-22,operable_filtered,0.17269483110441708,0.26237935176764293,0.07647728828033018,22,0.0327973806399946
2227,bj920981,2025-08-22,operable_filtered,0.15765957122153423,0.008583724012374061,-0.12877347617128843,22,-0.1345492885916808
2228,sh603389,2025-08-22,operable_filtered,0.18394417200463542,0.2588679475604363,0.0632831997719463,22,0.14037733257941487
2229,sz300885,2025-08-22,operable_filtered,0.18392855780465261,0.0739130065211282,-0.09292414694981688,22,-0.10072466116746737
2230,bj920195,2025-08-22,operable_filtered,0.14017089028922333,0.009490910718640944,-0.11461437990004575,22,-0.17687663190212521
2231,sh688489,2025-08-22,score_filtered,0.18805719363666154,0.12148656188110563,-0.05603318772203392,22,-0.11469530671325567
2232,sz300870,2025-08-22,score_filtered,0.26148409893992935,0.08549733142376548,-0.1395077176668751,22,-0.16961369878888366
2233,bj920839,2025-08-25,operable_filtered,0.10120105270713696,0.09655174167676894,-0.004222036492735226,22,0.013563221898572175
2234,bj920476,2025-08-25,expired,0.16274508105078453,0.026845676674188024,-0.11687807292530772,22,-0.147650997690572
2235,bj920978,2025-08-25,expired,0.12261580126571028,0.5395061333029414,0.3713561946724797,22,0.3935184999857537
2236,bj920223,2025-08-25,traded,0.4719471826006163,1.5480027641183223,0.7310422508615735,22,0.3391730902121073
2237,sz300192,2025-08-25,expired,0.3016558985235625,0.06805076671234467,-0.17946765506628182,22,-0.23913876426835723
2238,sh688577,2025-08-25,expired,0.25962978705956913,0.3469053181044086,0.06928665226992758,22,-0.03734716792966475
2239,sh600246,2025-08-25,operable_filtered,0.1721682770388739,0.21294212832983206,0.03478498103869598,22,-0.02332584051967712
2240,sz000617,2025-08-25,operable_filtered,0.23593861513806508,0.10581578787017176,-0.1052825971080752,22,-0.15831987237711642
2241,bj920699,2025-08-25,operable_filtered,0.15828819914233727,0.29300003051757817,0.11630251562175054,22,0.06466668446858725
2242,sz002190,2025-08-25,operable_filtered,0.3217627990491882,0.08172277704896214,-0.1816059751211785,22,-0.2703847220010498
2243,bj920274,2025-08-25,operable_filtered,0.4524714828897338,2.145933071774078,1.1659172719282265,22,0.7066985081339294
2244,bj920914,2025-08-25,score_filtered,0.1689639517889429,0.21732066612975287,0.04136715616149367,22,0.04600813877775445
2245,bj920263,2025-08-25,score_filtered,0.224736866198088,0.0,-0.18349808224172393,22,-0.22842106066252055
2246,bj920942,2025-08-25,score_filtered,0.11158888011195903,0.01108692003333056,-0.09041288724344387,22,-0.129565197488536
2247,sz300503,2025-08-25,score_filtered,0.131507650443412,0.11961149379683178,-0.010513545040476302,22,-0.03157252736906435
2248,sh605303,2025-08-25,score_filtered,0.39845261271710847,0.1644143915807228,-0.1673551316706139,22,-0.24729736440512973
2249,sh600410,2025-08-25,score_filtered,0.29608940968306546,0.11875001589457201,-0.1368265124794581,22,-0.17041667302449548
2250,bj920981,2025-08-25,score_filtered,0.10311109754774306,0.032583710630627705,-0.06393498086811045,22,-0.05507116624691577
2251,sz300066,2025-08-25,score_filtered,0.26553675482208966,0.02668219245524117,-0.18873775214883182,22,-0.24709978453819537
2252,bj920223,2025-08-26,expired,0.4719471826006163,1.3352602005790892,0.5865108668187287,22,0.18818242534389862
2253,bj920839,2025-08-26,expired,0.10120105270713696,0.16969107873430622,0.062195750593224464,22,0.03555666518743461
2254,sh603377,2025-08-26,expired,0.18269225478877488,0.002409578750574015,-0.15243413940374428,22,-0.18313252361406707
2255,bj920438,2025-08-26,expired,0.24262293831246798,0.2469338160916601,0.003469176084135661,22,-0.016353214779316838
2256,sh600246,2025-08-26,operable_filtered,0.1885856549168712,0.18008792234996518,-0.007149449037814892,22,-0.10541724717926038
2257,sh688082,2025-08-26,operable_filtered,0.13817747344616174,0.20866093724766888,0.06192660234971781,22,0.12622851760773313
2258,sh603389,2025-08-26,operable_filtered,0.18394417200463542,0.1643979425666362,-0.01650941818050744,22,0.1609074612350525
2259,sh601869,2025-08-26,operable_filtered,0.1134020618556701,0.6752778159247503,0.5046476680064886,22,0.5011111365424261
2260,bj920509,2025-08-26,operable_filtered,0.17269483110441708,0.27924397648560495,0.09085837385404205,22,0.043010679847031774
2261,sh600410,2025-08-26,score_filtered,0.29608940968306546,0.0370799928332608,-0.19983915840585464,22,-0.2359984104690973
2262,sz300642,2025-08-26,score_filtered,0.25798370799436443,0.0400521486894756,-0.1732387771955669,22,-0.25659392366282496
2263,sz002298,2025-08-26,score_filtered,0.24765625227009874,0.10585402297980306,-0.11365488613733776,22,0.10585402297980306
2264,sz300322,2025-08-26,score_filtered,0.2016321093486025,0.06557968988861296,-0.11322302258862127,22,-0.1213768237379762
2265,sz000029,2025-08-26,score_filtered,0.11599743425740466,0.04669778652124168,-0.06209660130829564,22,-0.01801197519759634
2266,sz300096,2025-08-26,score_filtered,0.17768600523706424,0.22635137420923157,0.04132287278252167,22,0.05574322963736211
2267,sz300472,2025-08-26,score_filtered,0.17466665903727213,0.19999999999999996,0.02156640845113489,22,-0.022399978637695273
2268,sh601606,2025-08-26,score_filtered,0.42675489191493055,0.1820552653707148,-0.17150782375506013,22,-0.34294475218157394
2269,sz300225,2025-08-26,score_filtered,0.13014826021607873,0.08976660405575254,-0.03573129082427229,22,-0.07181330036622291
2270,sz002364,2025-08-26,score_filtered,0.11909793025784222,0.35399993896484383,0.20990299629352327,22,0.3139999389648438
2271,bj920839,2025-08-27,expired,0.08658283023181923,0.12499997750768199,0.035355930727956064,22,-0.0327830932623272
2272,bj920978,2025-08-27,filtered,0.1309142432670939,0.5665829406116096,0.3852358390021813,22,0.28517581572999506
2273,sh601869,2025-08-27,operable_filtered,0.1134020618556701,0.5995225684783907,0.436608232800036,22,0.36586652961208554
2274,bj920699,2025-08-27,operable_filtered,0.15828819914233727,0.3610526637027138,0.17505527960184253,22,0.11859646178128425
2275,sh603377,2025-08-27,operable_filtered,0.1478696523205806,0.028350487590559137,-0.10412259309094607,22,-0.13144335408230357
2276,sh688577,2025-08-27,operable_filtered,0.25962978705956913,0.22049708515874822,-0.031066827970280708,22,-0.06061931517783681
2277,sz002851,2025-08-27,operable_filtered,0.20200044741196563,0.06916197445150485,-0.11051449543673308,22,-0.1277461120505592
2278,sh603859,2025-08-27,operable_filtered,0.17283713540871412,0.0,-0.14736669754959908,22,-0.15640345663174038
2279,sh600749,2025-08-27,operable_filtered,0.3162240193927922,0.12793521254272422,-0.1430522495227906,22,-0.24048584415309626
2280,sz300225,2025-08-27,operable_filtered,0.12871282843831658,0.09981845572614767,-0.02559940135716099,22,-0.03811252802608123
2281,sz301396,2025-08-27,operable_filtered,0.17877739960306027,0.08307299991212624,-0.08118954411847501,22,-0.010618439364281307
2282,sz002364,2025-08-27,score_filtered,0.11909793025784222,0.2132616106431422,0.08414248462027296,22,0.05985663437732747
2283,sz002217,2025-08-27,score_filtered,0.2355658196071038,0.1455026339891925,-0.07289226052445374,22,-0.14814813413177064
2284,sh603757,2025-08-27,score_filtered,0.24039376785792269,0.15857245833516953,-0.06596397986105096,22,-0.12932300773297234
2285,sh600246,2025-08-27,score_filtered,0.24441689385451593,0.24961250511028976,0.0041751371919105384,22,-0.11627907320596487
2286,bj920807,2025-08-27,score_filtered,0.2856554097194743,0.10322876222787003,-0.14189389016097964,22,-0.20054569774049003
2287,sz300486,2025-08-27,score_filtered,0.2429065934403178,0.2878787402285572,0.036183046276839104,22,0.06461670325676372
2288,sz300308,2025-08-27,score_filtered,0.16828128269740514,0.41546138283847234,0.21157584547649466,22,0.28132071255762403
2289,bj920978,2025-08-28,filtered,0.13392141463777624,0.47138639595745624,0.2976087910179215,22,0.20648966622188114
2290,sh688110,2025-08-28,operable_filtered,0.31985294117647056,0.16239316239316248,-0.1193010023093588,22,-0.18376068376068377
2291,sh688585,2025-08-28,operable_filtered,0.2422165460310043,0.5557649323534835,0.25241040889714017,20,0.5557649323534835
2292,sz301489,2025-08-28,operable_filtered,0.1093145259216458,0.5916576520000911,0.43481187238371644,22,0.39040353591248467
2293,sz002364,2025-08-28,operable_filtered,0.11504424778761062,0.2119583997229053,0.08691507276736754,22,0.04224848880352905
2294,sz301389,2025-08-28,operable_filtered,0.22419711332446884,0.10139060574014347,-0.10031595912755276,22,-0.1614688690934123
2295,sz000617,2025-08-28,operable_filtered,0.23593861513806508,0.055512667581419484,-0.1459829358406206,22,-0.17579033459556082
2296,sz300491,2025-08-28,score_filtered,0.23188410470993467,0.166197226081096,-0.0533222876873678,22,-0.085633828606404
2297,sz300870,2025-08-28,score_filtered,0.2529844845525621,0.055773580299233405,-0.15739293397854992,22,-0.2010188840470224
2298,sz300706,2025-08-28,score_filtered,0.16993207470768357,0.2005123634306798,0.02613851640116538,22,-0.03889143508045112
2299,sz002851,2025-08-28,score_filtered,0.20200044741196563,0.04605939995111563,-0.1297346001797317,22,-0.10428748023563406
2300,sh688256,2025-08-28,score_filtered,0.18312338296469155,0.04054054054054057,-0.12051392481726164,22,-0.10574324324324325
2301,sh688660,2025-08-28,score_filtered,0.25329604389385935,0.05564520607133705,-0.15770482862807256,22,-0.08629030062430287
2302,sz300539,2025-08-28,score_filtered,0.12678626189352807,0.7061290125693045,0.5141549646711254,22,0.5219354937153478
2303,sz300308,2025-08-28,score_filtered,0.16828128269740514,0.29832389137961646,0.11131104350311971,22,0.18394886363636354
2304,bj920961,2025-08-28,score_filtered,0.20563378132564922,0.2674044880369202,0.05123504970419068,20,-0.021420934543622372
2305,sh603757,2025-08-28,score_filtered,0.19745009792400095,0.0179303144200309,-0.14991838391862888,22,-0.1731557883632584
2306,bj920978,2025-08-29,filtered,0.17441861621171356,0.46662756629817426,0.2488115788125278,22,0.14084096300865112
2307,bj920223,2025-08-29,expired,0.4867986926793485,0.6527273004705256,0.11160126021644445,22,-0.1718182130293413
2308,bj920839,2025-08-29,expired,0.13123693996026478,0.1197183678754481,-0.0101822807211559,22,-0.014084471727988102
2309,sh688228,2025-08-29,expired,0.23493672624419007,0.48908086742667534,0.20579527337842896,22,0.39465264534284117
2310,bj920906,2025-08-29,expired,0.31383965472188796,0.45936750736576415,0.11076530695420472,22,-0.016660991963972416
2311,sz300955,2025-08-29,operable_filtered,0.21446245438908884,0.14155675565391768,-0.060031249604867165,22,-0.08505966540819176
2312,bj920247,2025-08-29,operable_filtered,0.21230770991398737,0.23144931815749525,0.015789397433483288,22,-0.052415530262492016
2313,sz301489,2025-08-29,operable_filtered,0.10938300255287153,0.3966985821153559,0.2589868232173418,22,0.14832535885167464
2314,sh688577,2025-08-29,operable_filtered,0.25962978705956913,0.2167825450067935,-0.03401574215928682,22,0.042608708920686134
2315,sh603124,2025-08-29,operable_filtered,0.14540949669319372,0.05441880876649674,-0.07943943907343876,22,-0.05148014659265898
2316,bj920274,2025-08-29,operable_filtered,0.4834981127836858,2.0064013478247635,1.026562300226625,22,0.5409236154432964
2317,sz002256,2025-08-29,operable_filtered,0.2857143113231556,0.22769231062669015,-0.045128221865053275,22,-0.0400000352125901
2318,bj920523,2025-08-29,operable_filtered,0.2320555389317493,0.2765188163539638,0.03608869569367479,22,-0.010180668818514982
2319,sh688108,2025-08-29,operable_filtered,0.29489128691906186,0.212883520436832,-0.06333177720065686,22,-0.13159506776002605
2320,bj920961,2025-08-29,score_filtered,0.20563378132564922,0.19327731092436973,-0.010248941753849161,19,-0.07865546731387862
2321,sz301488,2025-08-29,score_filtered,0.190036880098823,0.849829403990771,0.5544303163420932,22,0.4309497862873999
2322,bj920932,2025-08-29,score_filtered,0.20282033497915822,0.28241639571283206,0.06617452201209506,22,0.03886110957200617
2323,sz301389,2025-08-29,score_filtered,0.20768649109061854,0.017449943700297954,-0.1575214666999586,22,-0.23194500577865151
2324,bj920223,2025-09-01,expired,0.4903740270738587,0.32700734002060905,-0.10961455586689028,22,-0.34379562800881636
2325,bj920699,2025-09-01,expired,0.2104924135812267,0.22173231230007384,0.009285393772600292,22,-0.07102359561469607
2326,bj920906,2025-09-01,expired,0.3240912985436246,0.36862236395422565,0.03363141609614151,22,-0.08705361595827965
2327,sh688228,2025-09-01,expired,0.1941333516438802,0.5151515151515151,0.26882940926631993,22,0.4480807628695813
2328,sh605298,2025-09-01,expired,0.2103915117472228,0.656363631739761,0.3684527821487851,22,0.2439393708200166
2329,bj920553,2025-09-01,expired,0.3614806606552277,0.2528985997504276,-0.07975292197874018,22,-0.1855072742198547
2330,bj920026,2025-09-01,operable_filtered,0.19702124088368517,0.10796798747642566,-0.07439571693942293,22,-0.0917020169156022
2331,sz300955,2025-09-01,operable_filtered,0.21446245438908884,0.0600407308697275,-0.12715232402720922,22,0.019527780301019648
2332,sz301489,2025-09-01,operable_filtered,0.1583707663538661,0.36457557105797433,0.1780127837248231,22,0.11569745798358433
2333,sz300620,2025-09-01,operable_filtered,0.22440073655008977,0.2797692957682787,0.045220945696420545,22,0.032475632308936575
2334,sh603124,2025-09-01,operable_filtered,0.13802083333333334,0.028996236678643816,-0.0958019339025189,22,-0.046202850808509166
2335,bj920523,2025-09-01,operable_filtered,0.2320555389317493,0.22618290209405223,-0.004766535803076732,22,-0.06309148113138863
2336,sz300486,2025-09-01,score_filtered,0.2429065934403178,0.15507590286884443,-0.07066556009519709,22,-0.1710631737945244
2337,sz002131,2025-09-01,score_filtered,0.19416057550695623,0.1454849302314678,-0.040761390280217635,22,0.0066889568102752595
2338,sh688006,2025-09-01,score_filtered,0.16444950504301245,0.4606364461283923,0.2543579088682246,22,0.1932997814632169
2339,sh601869,2025-09-01,score_filtered,0.1489802753400479,0.33799224298355957,0.16450410133243776,22,0.08685526010564693
2340,sh601929,2025-09-01,score_filtered,0.42461538314819336,0.2524084640340294,-0.12087958697568724,22,-0.29479767909851873
2341,bj920768,2025-09-01,score_filtered,0.26158196997423894,0.1698612444850931,-0.07270294572378744,22,-0.15003307604717442
2342,bj920274,2025-09-02,expired,0.48471481265223976,0.7140249987967195,0.1544472946523976,22,-0.13216891590601443
2343,bj920978,2025-09-02,filtered,0.19947876002151466,0.4416185915563766,0.2018708789228738,22,0.18208102108645674
2344,bj920553,2025-09-02,expired,0.2640000025431315,0.0,-0.20886076108542018,22,-0.24133332570393884
2345,bj920223,2025-09-02,expired,0.40225804236627394,0.0946327801573239,-0.21937849733408576,22,-0.35451974280965926
2346,bj920720,2025-09-02,expired,0.21319800001432931,0.002034634579745953,-0.17405515458489806,22,-0.1993896290294196
2347,bj920906,2025-09-02,expired,0.29757867397610704,0.030696270317047247,-0.20567724255305853,22,-0.25405541259564113
2348,bj920768,2025-09-02,expired,0.24011633051866352,0.09414761264443516,-0.11770566541380734,22,-0.16793895028487382
2349,sh688585,2025-09-02,traded,0.3414080546534915,0.4842697315001756,0.10650128150869631,21,-0.07471911826830235
2350,bj920270,2025-09-02,expired,0.31506848749933736,0.28129331454470097,-0.02568320454462525,22,-0.11316392142075893
2351,bj920670,2025-09-02,operable_filtered,0.28811883310303515,0.06878313072210918,-0.17027598443891512,22,-0.24708995611382456
2352,bj920556,2025-09-02,operable_filtered,0.21654671638946305,0.017569529560692576,-0.16355901844797738,22,-0.19838946328102502
2353,bj920580,2025-09-02,operable_filtered,0.3968726584207097,0.5175140933661124,0.0863653778446769,22,-0.0672316656928772
2354,bj920275,2025-09-02,operable_filtered,0.22447329201878166,0.0,-0.1833223260008342,22,-0.23743924383674453
2355,sz300450,2025-09-02,operable_filtered,0.13224327394253224,0.6009185405765107,0.41393512986129366,22,0.25809418772392734
2356,bj920247,2025-09-02,score_filtered,0.22615383832882613,0.15044242609333836,-0.0617470743627716,22,-0.13126845317521207
2357,bj920185,2025-09-02,score_filtered,0.16974657137980154,0.33239538028492555,0.13904619417970832,22,0.11255711646996525
2358,bj920274,2025-09-03,expired,0.49885930398571177,0.36979166666666674,-0.08611057553956736,22,-0.31458330154418945
2359,bj920926,2025-09-03,expired,0.37152320984282816,0.31304351143215015,-0.04263850439496364,22,-0.14869565549104113
2360,bj920553,2025-09-03,expired,0.17673377423762235,0.001493614904896523,-0.1489208206386866,22,-0.1725168304994582
2361,bj920223,2025-09-03,expired,0.27247737784862003,0.01798556544195362,-0.19999712123522084,22,-0.2410072172790232
2362,bj920270,2025-09-03,expired,0.26782275755710616,0.13566741049088482,-0.10423803033861279,22,-0.16673957997095323
2363,bj920906,2025-09-03,expired,0.2155218878316004,0.11891075327980283,-0.07948119694014266,22,-0.11649012293482619
2364,bj920509,2025-09-03,filtered,0.17975996126615068,0.331223561262451,0.12838509948561527,22,0.331223561262451
2365,bj920523,2025-09-03,expired,0.2567532754432316,0.1435715508219444,-0.09005882605030036,22,-0.15269203251302566
2366,bj920768,2025-09-03,expired,0.1655969150410845,0.03866666158040366,-0.1088972112252089,22,-0.13599999745686853
2367,bj920699,2025-09-03,expired,0.24606857053393763,0.1615511419018245,-0.06782726940612716,22,-0.126216502315034
2368,bj920870,2025-09-03,operable_filtered,0.3037841555070513,0.22964248346827487,-0.05686652328578279,22,-0.15122785264913563
2369,bj920547,2025-09-03,operable_filtered,0.23214284497864338,0.018181771943063474,-0.173649568235969,22,-0.22666665279504028
2370,sh603367,2025-09-03,operable_filtered,0.2872829909497218,0.004983958308577563,-0.21929834746971366,22,-0.27589889490570196
2371,sh603119,2025-09-03,operable_filtered,0.13002885532597078,0.33886363289572974,0.18480481855440578,22,0.10511363636363646
2372,sz300486,2025-09-03,operable_filtered,0.3017300840295981,0.05667273182601895,-0.1882551192525156,22,-0.2654479022896342
2373,sz300092,2025-09-03,operable_filtered,0.19165886238721036,0.1213872507930831,-0.05896957074892606,22,-0.10246982094477197
2374,sz002620,2025-09-03,score_filtered,0.13834587415041422,0.09523808032411774,-0.03786880139436466,22,-0.04269297575819453
2375,bj920932,2025-09-03,score_filtered,0.2499250337062191,0.1865433125668403,-0.05070841804923476,22,-0.12317554193756475
2376,sz301489,2025-09-03,score_filtered,0.1583707663538661,0.3769339795382518,0.1886815685726808,22,0.21132069713664503
2377,bj920926,2025-09-04,expired,0.27832699266809363,0.051999969482421804,-0.17704939697259103,22,-0.22639999389648435
2378,bj920274,2025-09-04,expired,0.49885930398571177,0.06048387096774199,-0.29247270364353595,22,-0.46935481409872737
2379,bj920523,2025-09-04,expired,0.23712700806747553,0.11612138494758484,-0.09781180293599301,22,-0.16062483683821527
2380,bj920223,2025-09-04,operable_filtered,0.19434779623280402,0.02040812181847662,-0.14563569754385242,22,-0.20053239903153408
2381,bj920906,2025-09-04,expired,0.2155218878316004,0.18222502335252,-0.027393060390281776,22,-0.056905391546409057
2382,bj920870,2025-09-04,expired,0.2152448231152578,0.008764912749440024,-0.16990807649483353,22,-0.22788849138528144
2383,bj920422,2025-09-04,expired,0.29717897934766263,0.05489993367828716,-0.18677379877926714,22,-0.2457670609597047
2384,bj920237,2025-09-04,traded,0.34463687349701116,0.299375057220459,-0.03366099589314342,22,-0.1771875023841858
2385,bj920553,2025-09-04,expired,0.16867468495174429,0.08852458529432616,-0.06858204484914254,22,-0.10245901799528745
2386,bj920833,2025-09-04,operable_filtered,0.26879431626355554,0.10242380168286602,-0.13112488954918267,22,-0.21892104762205145
2387,bj920275,2025-09-04,operable_filtered,0.21934947161351356,0.0,-0.1798905701113379,22,-0.22935780254343907
2388,bj920679,2025-09-04,score_filtered,0.20152354099548148,0.14648664344885587,-0.04580592528468197,22,-0.11393413173425992
2389,sh601069,2025-09-04,score_filtered,0.14973259153375196,0.4062499790452423,0.2231104775148578,22,0.3281249802093955
2390,bj920826,2025-09-04,score_filtered,0.2702856881277902,0.18644067796610164,-0.06600484516617944,22,-0.09491522837493382
2391,bj920768,2025-09-04,score_filtered,0.1655969150410845,0.08951046964324649,-0.0652768074589114,22,-0.09230773642603018
2392,sz300827,2025-09-04,score_filtered,0.16827556384467326,0.16859764398243704,0.0002756884999834952,22,-0.03353653962522696
2393,sh603367,2025-09-04,score_filtered,0.23206105903272967,0.014324461491531881,-0.1767254925759435,22,-0.22686800726520395
2394,bj920926,2025-09-05,operable_filtered,0.18923538376979107,0.017826080322265625,-0.1441340425847154,22,-0.15304349816363794
2395,bj920523,2025-09-05,expired,0.2084931674068921,0.003022825287071873,-0.17002193116300812,22,-0.20637538760218122
2396,bj920274,2025-09-05,expired,0.4318965385700094,0.00017241457568228924,-0.30150511043589556,22,-0.42645288224084477
2397,bj920185,2025-09-05,expired,0.20934530310377175,0.12071011606950299,-0.0732918768583195,22,-0.12751477997717275
2398,bj920553,2025-09-05,expired,0.16867468495174429,0.06581056920656048,-0.08801774956683617,22,-0.10834673975414333
2399,bj920906,2025-09-05,expired,0.2155218878316004,0.19753887782548407,-0.014794476501115539,22,-0.032383420569211396
2400,bj920237,2025-09-05,expired,0.23083500559267883,0.009784177052889032,-0.17959420030741502,22,-0.2279136712602574
2401,bj920270,2025-09-05,expired,0.26782275755710616,0.18008190236647414,-0.06920593171847989,22,-0.11323327862824939
2402,bj920978,2025-09-05,operable_filtered,0.19947876002151466,0.5636364158180311,0.3035965853951301,22,0.428213226273076
2403,bj920058,2025-09-05,operable_filtered,0.3703448196937298,0.16092876426865543,-0.1528199708682655,22,-0.26341073035572127
2404,bj920425,2025-09-05,operable_filtered,0.2809262461635094,0.10691400057600009,-0.13584876265022428,22,-0.20236087950065929
2405,bj920422,2025-09-05,operable_filtered,0.22892209254264334,0.026849302527022667,-0.16443091978070923,22,-0.1989041158597763
2406,sh688098,2025-09-05,operable_filtered,0.15241931030578953,0.051738732710001845,-0.0873645353695719,22,-0.11111114706151426
2407,sz300450,2025-09-05,operable_filtered,0.21572003230345993,0.26740598705693497,0.04251468543752135,22,-0.011452413609170375
2408,bj920679,2025-09-05,operable_filtered,0.21052631926546997,0.10019044421968015,-0.09114702695001309,22,-0.13752383277529767
2409,bj920185,2025-09-08,expired,0.17379308240167027,0.0984848484848484,-0.06415801476929428,22,-0.0818182049375592
2410,bj920274,2025-09-08,operable_filtered,0.2758241590562758,0.011111111111111072,-0.20748395934199293,22,-0.2873333401150173
2411,bj920906,2025-09-08,expired,0.208674294881927,0.09793352852762971,-0.09162167742229965,22,-0.14465408840958083
2412,bj920926,2025-09-08,expired,0.1675438518706155,0.021963235448130725,-0.12468963473126815,22,-0.14522634911149268
2413,bj920896,2025-09-08,expired,0.25862068965517243,0.19983450179809226,-0.04670683418781707,22,-0.12122467091133937
2414,bj920237,2025-09-08,expired,0.1979198054311764,0.10039246598535612,-0.08141391352212968,22,-0.14159581211605488
2415,bj920523,2025-09-08,expired,0.1376119585179571,0.008732337353870356,-0.11328961532013682,22,-0.14333027560240863
2416,bj920509,2025-09-08,filtered,0.19495494945629224,0.6661662477294765,0.39433394412700373,22,0.17081952543152412
2417,bj920252,2025-09-08,operable_filtered,0.2405896523604982,0.2455738255235016,0.004017584020243881,22,-0.042622925805263834
2418,bj920839,2025-09-08,traded,0.13123693996026478,0.46862940702719924,0.29825092794334096,22,0.2840251169838999
2419,bj920270,2025-09-08,expired,0.2080033271665839,0.00460639088012571,-0.16837448350703899,22,-0.20435508091575416
2420,bj920522,2025-09-08,expired,0.2600096695774137,0.14951187833998847,-0.0876959867097562,22,-0.15481170078896667
2421,bj920857,2025-09-08,operable_filtered,0.21411409381749824,0.41641849905861683,0.16662717801505766,22,0.13568696312213246
2422,bj920978,2025-09-08,operable_filtered,0.19947876002151466,0.512431830213814,0.26090755470041493,22,0.299272258001235
2423,sz002620,2025-09-08,operable_filtered,0.13834587415041422,0.03894080950608281,-0.08732413135728256,22,-0.05763238024331474
2424,bj920580,2025-09-08,operable_filtered,0.2211537809061557,0.09878493934167953,-0.10020756065110203,22,-0.17010038114729487
2425,bj920058,2025-09-08,operable_filtered,0.22098976907655768,0.12963857995458405,-0.07481732561204268,22,-0.1245782691312124
2426,sh688613,2025-09-08,operable_filtered,0.16833999064837407,0.1536679382569881,-0.012558033199945196,22,-0.07837833240138359
2427,bj920185,2025-09-09,expired,0.17379308240167027,0.09516621362812772,-0.06698528893411604,22,-0.10211478297828991
2428,bj920274,2025-09-09,operable_filtered,0.22149920630578904,0.02876270257242819,-0.15778684319923442,22,-0.22464668886562467
2429,bj920896,2025-09-09,expired,0.19955242402246245,0.03593509796498129,-0.13639864567887972,22,-0.21947444289093632
2430,bj920252,2025-09-09,expired,0.2405896523604982,0.16892312856820912,-0.0577681134579251,22,-0.1338461655836839
2431,bj920522,2025-09-09,expired,0.23552265465446626,0.0427394661059346,-0.156033714009434,22,-0.24833359409488265
2432,sh600376,2025-09-09,expired,0.3096045344463915,1.0205479795060186,0.5428688022679791,22,0.326483970542351
2433,bj920237,2025-09-09,operable_filtered,0.21248146215922512,0.15994489005131296,-0.04332979410205029,22,-0.14029643787359225
2434,bj920438,2025-09-09,operable_filtered,0.28620687024346714,0.26086956521739135,-0.019699245597467163,22,-0.164347855941109
2435,sz002620,2025-09-09,operable_filtered,0.13834587415041422,0.007552899033115512,-0.11489739462086945,22,-0.08459213783388864
2436,sh603119,2025-09-09,operable_filtered,0.2031913300238951,0.2934460910260761,0.07501280864481341,22,-0.005379271966944876
2437,sh605298,2025-09-09,score_filtered,0.25923889880172024,0.21439684260690717,-0.03561044392567947,22,-0.1446344937635503
2438,bj920857,2025-09-09,score_filtered,0.21411409381749824,0.42429428709905403,0.17311403792430524,22,0.1420017844886865
2439,bj920580,2025-09-09,score_filtered,0.2374999885375679,0.1081512376019802,-0.1045242441484362,22,-0.17954186238921988
2440,bj920146,2025-09-09,score_filtered,0.22580644193117622,0.06005006511869704,-0.1352223084676738,22,-0.2118432035312835
2441,sh601069,2025-09-09,score_filtered,0.14973259153375196,0.22199596465616844,0.06285233075459451,22,0.12898843703845841
2442,sh601929,2025-09-09,score_filtered,0.4323076835045448,0.16487456789836497,-0.18671485092632412,22,-0.3727598480547265
2443,bj920974,2025-09-09,score_filtered,0.1971291390949074,0.017526713094291324,-0.15002761200550596,22,-0.19863688652371891
2444,sz300539,2025-09-09,score_filtered,0.16177923511361544,0.5620174938126514,0.34450457247146016,22,0.4145651147020355
2445,bj920185,2025-09-10,expired,0.17379308240167027,0.05685133546103738,-0.09962722450311357,22,-0.1186588858703721
2446,bj920252,2025-09-10,operable_filtered,0.2405896523604982,0.2663333892822266,0.020751210420581145,22,-0.03566665649414058
2447,sh600376,2025-09-10,operable_filtered,0.3096045344463915,0.8592436882190373,0.4196985725961879,22,0.3424368821903734
2448,sz300450,2025-09-10,operable_filtered,0.21572003230345993,0.21041671992452193,-0.0043622809841257215,22,-0.06180551480731733
2449,sh605298,2025-09-10,operable_filtered,0.27881452105763843,0.2714584255248047,-0.005752277137696216,22,-0.09606887431651123
2450,bj920896,2025-09-10,score_filtered,0.15144332512472053,0.028466887295475862,-0.10680198942134145,22,-0.05693369702492401
2451,sh603119,2025-09-10,score_filtered,0.2031913300238951,0.17467593330007736,-0.023699802360819477,22,-0.08404785691607253
2452,sh601069,2025-09-10,score_filtered,0.1348246899924398,0.10769230769230775,-0.02390887556413024,22,-0.07692307692307687
2453,sz300870,2025-09-10,score_filtered,0.22415059741572646,0.14429908823744153,-0.0652301353663981,22,-0.1303738032545999
2454,sz301617,2025-09-10,score_filtered,0.24377550397600448,0.26436781609195403,0.01655629335850528,22,0.19827586206896552
2455,bj920679,2025-09-10,score_filtered,0.21572021202479,0.10736193425044527,-0.08913093383046855,22,-0.15529138224341787
2456,sz002837,2025-09-10,score_filtered,0.20580061209805472,0.24295574540289477,0.030813662666990593,22,-0.044751350766358944
2457,sz002017,2025-09-10,score_filtered,0.18547250055283518,0.08286460735472767,-0.08655442715900807,22,0.057367854603250334
2458,sz300528,2025-09-10,score_filtered,0.4249999829701007,0.20603006956276948,-0.1536630989643497,22,-0.2972003052853136
2459,sz300394,2025-09-10,score_filtered,0.24900757677002366,0.11949341937682334,-0.10369365230604,22,-0.12243760879230425
2460,sz301489,2025-09-10,score_filtered,0.3001952786251398,0.33903671404637326,0.029873539813423555,22,-0.09229355558342889
2461,sz301448,2025-09-10,score_filtered,0.19125925699869792,0.05025678427948166,-0.11836421995532953,22,-0.07328451090379073
2462,bj920223,2025-09-11,traded,0.24177780151367187,0.034482758620689724,-0.16693408646885022,22,-0.17793107306820222
2463,bj920252,2025-09-11,operable_filtered,0.2405896523604982,0.22905214707231547,-0.009300017347581568,22,-0.07279197706590668
2464,bj920580,2025-09-11,operable_filtered,0.2374999885375679,0.13910180593323296,-0.07951368364909506,22,-0.10733849765900638
2465,bj920438,2025-09-11,operable_filtered,0.35344827586206895,0.18925567881078442,-0.12131427552833762,22,-0.23723599725704736
2466,sz301357,2025-09-11,operable_filtered,0.1716940506862311,0.3793704118136809,0.1772445298376477,22,0.1810481055455515
2467,sz300436,2025-09-11,operable_filtered,0.22252965633105853,0.1472392256532209,-0.06158577036388002,22,0.03794918395232738
2468,sh688228,2025-09-11,operable_filtered,0.2692307692307692,0.7931034482758621,0.4127481713688612,22,0.289655172413793
2469,sh688660,2025-09-11,operable_filtered,0.24178761840788118,0.40752686926058557,0.1334682746033511,22,0.04731178186659091
2470,sh600410,2025-09-11,operable_filtered,0.2611178930544729,0.26340209849646845,0.0018112544866548674,22,-0.07783506487492564
2471,sz300870,2025-09-11,operable_filtered,0.22415059741572646,0.055517262425915925,-0.13775538348452243,22,-0.17327584891483705
2472,sh600173,2025-09-11,score_filtered,0.15555555769623872,0.3361964236860415,0.1563238260477373,22,0.2662576905353613
2473,bj920509,2025-09-11,score_filtered,0.28108105358776747,0.6483517379929367,0.28668809313555843,22,0.1428571914128407
2474,sh605288,2025-09-11,score_filtered,0.32139731024225743,0.20604608300869365,-0.08729488575424438,22,-0.1826295521750292
2475,sz300450,2025-09-11,score_filtered,0.21572003230345993,0.19670448385396266,-0.015641387773686732,22,-0.05492614212897173
2476,sz301389,2025-09-11,score_filtered,0.3281171755842939,0.24812495708465576,-0.060229789938863076,22,-0.13984376192092896
2477,bj920765,2025-09-11,score_filtered,0.23303008625580454,0.32070243668201703,0.07110317209893613,22,0.0018484711948041355
2478,bj920808,2025-09-11,score_filtered,0.202608358882019,0.0887999725341797,-0.09463462107783693,22,-0.13870002746582033
2479,sz300394,2025-09-11,score_filtered,0.23892385369549674,0.057712798422955514,-0.14626488523246994,22,-0.11303191489361697
2480,bj920906,2025-09-12,traded,0.2174031463864588,0.078235289629768,-0.11431534177464053,22,-0.14117644814883956
2481,bj920580,2025-09-12,traded,0.2330754631223186,0.07094774091784473,-0.13148240075586615,22,-0.16105638472378658
2482,sz002058,2025-09-12,operable_filtered,0.15671879538361969,0.24970084982387264,0.08038432055512312,22,0.023135218618522746
2483,bj920438,2025-09-12,operable_filtered,0.35344827586206895,0.09661562997392825,-0.18976170014665172,22,-0.28909058597039583
2484,sh600601,2025-09-12,operable_filtered,0.2015936011569931,0.0865800851503169,-0.0957174837615078,22,-0.07186146406922667
2485,sh601606,2025-09-12,operable_filtered,0.17156763038724787,0.15965699811983236,-0.010166406068660705,22,-0.018987348180226626
2486,sh600410,2025-09-12,operable_filtered,0.2680538406149149,0.19328136009737684,-0.058966329443297716,22,-0.1475170667765141
2487,sz300436,2025-09-12,operable_filtered,0.22252965633105853,0.09083328247070321,-0.10772448192020978,22,-0.02208334604899087
2488,bj920634,2025-09-12,score_filtered,0.23186033920837643,0.12247397485266509,-0.08879769960449069,22,-0.15401104440127766
2489,bj920765,2025-09-12,score_filtered,0.23303008625580454,0.3008648528420146,0.055014688889056806,22,-0.030496135513608524
2490,sh600580,2025-09-12,score_filtered,0.17900475639833813,0.23228595994725065,0.04519167820126335,22,0.038353122091965064
2491,sh688660,2025-09-12,score_filtered,0.24178761840788118,0.31031035560501796,0.055180721873351546,22,0.09159158987153937
2492,sz002335,2025-09-12,score_filtered,0.20151611440872097,0.14710147138954932,-0.045288317290650526,22,-0.09681159862573596
2493,sz002062,2025-09-12,score_filtered,0.19059208402358058,0.2581632330337207,0.05675424011033625,22,0.17857142509593915
2494,bj920407,2025-09-15,expired,0.2690662644603505,0.15188829075884902,-0.09233400728001351,22,-0.1112479853826317
2495,bj920237,2025-09-15,expired,0.19438307805618005,0.05633335113525395,-0.11558245378492593,22,-0.1709999720255534
2496,bj920252,2025-09-15,operable_filtered,0.2670018499110981,0.16276925893930283,-0.08226711822015798,22,-0.15230771578275237
2497,sz002058,2025-09-15,expired,0.17331632040851475,0.19034955497613648,0.014517171773159587,22,-0.06420974747921271
2498,bj920926,2025-09-15,operable_filtered,0.13609466839175952,0.004572403762404198,-0.11576699397378254,22,-0.11019669237677177
2499,sh603359,2025-09-15,operable_filtered,0.21255605081998033,0.015482703404495757,-0.16252720629468265,22,-0.20673948986586366
2500,bj920438,2025-09-15,operable_filtered,0.33984854597499403,0.039538711425594064,-0.224137150017107,22,-0.3358960631528951
2501,sh688228,2025-09-15,operable_filtered,0.30776924720177284,0.4285714285714286,0.09237270384522,22,-0.0357142857142857
2502,sh600103,2025-09-15,operable_filtered,0.2854251152831037,0.09777779049343538,-0.1459807518607108,22,-0.19777780108981657
2503,bj920765,2025-09-15,operable_filtered,0.23303008625580454,0.3311597968207243,0.07958419803274919,22,0.06101543619874206
2504,sz300004,2025-09-15,operable_filtered,0.2860759748860133,0.045665158817703944,-0.18693360327302389,22,-0.23163468428361733
2505,sz300469,2025-09-15,operable_filtered,0.1980540507548564,0.1651341568351361,-0.027477803609093132,22,-0.0919511664930136
2506,sh688110,2025-09-15,score_filtered,0.2654913621862948,0.10393377268536486,-0.1276639211679952,22,-0.19743268188729302
2507,sz000691,2025-09-15,score_filtered,0.1557943034975256,0.5890243946406759,0.3748332119583577,22,0.3902438882558843
2508,sh688521,2025-09-15,score_filtered,0.22964431331895796,0.21460190950743874,-0.012233134125524403,22,-0.06370815845474731
2509,sh600475,2025-09-15,score_filtered,0.1693900058259318,0.04022668595844481,-0.11045358624923418,22,-0.1093484075475678
2510,bj920634,2025-09-15,score_filtered,0.23186033920837643,0.058925504866163214,-0.14038509791892917,22,-0.1770652614064906
2511,sz001309,2025-09-15,score_filtered,0.20036426131095297,0.8757499694824218,0.5626506302627341,22,0.6433333079020183
2512,bj920932,2025-09-15,score_filtered,0.21799079413082634,0.0874687195848205,-0.10716179069247234,22,-0.143520186537469
2513,bj920523,2025-09-15,score_filtered,0.11911359308418551,0.04268298580127072,-0.0682956652079244,22,-0.07317075410174834
2514,bj920765,2025-09-16,expired,0.23303008625580454,0.16653060913085938,-0.053931755490959854,22,-0.06489796541175064
2515,bj920906,2025-09-16,traded,0.2174031463864588,0.06880468404796991,-0.12206183529224834,22,-0.1507288685507564
2516,bj920223,2025-09-16,expired,0.21814850116661205,0.0009174522231023552,-0.1783288726583574,22,-0.18715596635296905
2517,sz301489,2025-09-16,operable_filtered,0.3001952786251398,0.28594715269651716,-0.0109584507518663,22,0.022026431718061623
2518,bj920978,2025-09-16,operable_filtered,0.21932642756897255,0.20308736540218564,-0.013318059708722574,22,-0.06608774539977491
2519,bj920000,2025-09-16,score_filtered,0.3255101979250512,0.16898608606215015,-0.11808593559515679,22,-0.19324050802060966
2520,sh688702,2025-09-16,score_filtered,0.2531637750369056,0.15737555227873834,-0.07643711433914235,22,-0.10588854448355234
2521,sh603516,2025-09-16,score_filtered,0.19270833333333334,0.19611260210351134,0.002854234078053297,22,0.038873598730931214
2522,sh605288,2025-09-16,score_filtered,0.32139731024225743,0.16361109415690112,-0.11940861000877068,22,-0.1696296268039279
2523,sz300004,2025-09-16,score_filtered,0.2722580817437941,0.0402684830087876,-0.1823447632708568,22,-0.2046979406138667
2524,sz301488,2025-09-16,score_filtered,0.3213932039268276,0.13365981214766798,-0.1420723152058494,22,-0.21594735694535272
2525,sh600376,2025-09-16,score_filtered,0.3096045344463915,0.2900874940560443,-0.01490300306466008,22,-0.08892130053092273
2526,sz300857,2025-09-16,score_filtered,0.17272728168152354,0.19006456633089397,0.014783730983482624,22,0.028039110401207212
2527,bj920857,2025-09-16,score_filtered,0.21411409381749824,0.41161504966787565,0.16267083699636653,22,0.19669348705533674
2528,sh600410,2025-09-16,score_filtered,0.28763774290388106,0.12949305839387182,-0.12281768329760301,22,-0.19861756782294182
2529,sh603083,2025-09-16,score_filtered,0.2663859584875274,0.21019108280254772,-0.044374209385655616,22,-0.018004269610038537
2530,bj920857,2025-09-17,expired,0.21411409381749824,0.09180325367411624,-0.10074081238840082,22,-0.0639344512439165
2531,bj920906,2025-09-17,expired,0.2174031463864588,0.045337900382774965,-0.14133793436826103,22,-0.1796406983713298
2532,sz000691,2025-09-17,expired,0.1557943034975256,0.4413716579596412,0.2470831994914111,22,0.26327435005354394
2533,sz300007,2025-09-17,expired,0.25487235162314686,0.026197191695092492,-0.18222981774382752,22,-0.2060563530720455
2534,sz300959,2025-09-17,expired,0.18082521996429277,0.3869999885559081,0.1746022739909383,22,0.30074996948242183
2535,bj920252,2025-09-17,operable_filtered,0.26661370327715517,0.14454546841708105,-0.09637368879259922,22,-0.15848483461322205
2536,bj920553,2025-09-17,operable_filtered,0.16420237725395537,0.003906264842953311,-0.13768749793235957,22,-0.07812499883584678
2537,sz002058,2025-09-17,operable_filtered,0.19087135514837716,0.1306387931734676,-0.05057856309542763,22,-0.07542397381060872
2538,sz300469,2025-09-17,operable_filtered,0.1980540507548564,0.03653072853281625,-0.134821398183387,22,-0.17088749848784268
2539,sz002062,2025-09-17,operable_filtered,0.19059208402358058,0.16540642841394226,-0.021153891368506317,22,0.05387520783880628
2540,sh688110,2025-09-17,operable_filtered,0.2654913621862948,0.017557275204258094,-0.19591922504607184,22,-0.17305342113698707
2541,sh605288,2025-09-17,score_filtered,0.32139731024225743,0.12406077583706665,-0.1493392887026629,22,-0.1917710362805679
2542,sz301488,2025-09-17,score_filtered,0.3098398029667835,0.024859301724307503,-0.2175689733943006,22,-0.28461535433563967
2543,bj920634,2025-09-17,score_filtered,0.1908045843454248,0.05199508194679625,-0.11656782668075727,22,-0.16747281163468763
2544,sh688279,2025-09-17,score_filtered,0.3708278327588214,0.1792268364020717,-0.13977028462512942,22,-0.2268645244781119
2545,sh601388,2025-09-17,score_filtered,0.14759036728598288,0.0,-0.12860892831910897,22,-0.10240961476081045
2546,bj920857,2025-09-18,expired,0.14644487258525368,0.1355555499041523,-0.009498339555172541,22,0.035185213442201935
2547,bj920834,2025-09-18,traded,0.4269230915949895,0.0,-0.29919138186892924,22,-0.39653847767756534
2548,sz000691,2025-09-18,expired,0.1557943034975256,0.3730242410149105,0.18794861409165087,22,0.22023184436195575
2549,sz300007,2025-09-18,expired,0.20325797766627413,0.003978143983204729,-0.16561688131881236,22,-0.17430383604412703
2550,bj920000,2025-09-18,operable_filtered,0.3097807086786157,0.10542515564632815,-0.15602272325300437,22,-0.2077722072368433
2551,bj920407,2025-09-18,operable_filtered,0.20749610146918177,0.11168377995850198,-0.07934793445221344,22,-0.10223371984179164
2552,sh688135,2025-09-18,operable_filtered,0.21783182576457,0.13318023448124983,-0.06951008299538797,22,-0.09471869180848513
2553,sz301013,2025-09-18,operable_filtered,0.32746157390209424,0.511262796324194,0.13846067263688333,22,-0.009214967830904475
2554,bj920978,2025-09-18,operable_filtered,0.23416198987698061,0.2013487600718067,-0.026587457784569057,22,-0.11368018228960663
2555,sh600376,2025-09-18,operable_filtered,0.3096045344463915,0.051068919391868306,-0.19741502740276773,22,-0.14133017178596463
2556,sh688279,2025-09-18,operable_filtered,0.291007483183448,0.0,-0.22541115134814194,22,-0.26865671641791045
2557,sz000559,2025-09-18,operable_filtered,0.21347518776223506,0.22608698969301977,0.010393127159066262,22,0.0478261035421621
2558,sz002067,2025-09-18,score_filtered,0.24678663554190855,0.04149938799512953,-0.16465307029662868,22,-0.12717534617772241
2559,sz301489,2025-09-18,score_filtered,0.3001952786251398,0.23168777916501848,-0.05269016169060614,22,-0.14219407995038902
2560,sh605288,2025-09-18,score_filtered,0.32139731024225743,0.007051825041764825,-0.23788869764148546,22,-0.2669284182563786
2561,sz002062,2025-09-18,score_filtered,0.19059208402358058,0.08634356910122198,-0.08756022849576905,22,0.02466957916832535
2562,bj920857,2025-09-19,expired,0.14644487258525368,0.18332690189013756,0.0321707830763065,22,0.17406407778625654
2563,bj920834,2025-09-19,traded,0.19415901552338358,0.0170516755081751,-0.14831135360778136,22,-0.09075905340114454
2564,sh603843,2025-09-19,expired,0.06677790213931925,0.4446809015753279,0.3542471199283008,16,0.4446809015753279
2565,sh600699,2025-09-19,operable_filtered,0.21662469058433761,0.04473686218261719,-0.14128254155286268,22,-0.10394738849840668
2566,sz002674,2025-09-19,operable_filtered,0.25483874341823737,0.10714293012813969,-0.1177010305625148,22,-0.13749997445515105
2567,sz000691,2025-09-19,operable_filtered,0.1557943034975256,0.4071273661884769,0.21745483770805718,22,0.20626347734364425
2568,sz301489,2025-09-19,score_filtered,0.3001952786251398,0.19146940270248725,-0.08362272783948432,22,-0.18812243403220663
2569,sh688081,2025-09-19,score_filtered,0.31307283716505235,0.23466339558476657,-0.0597144646976121,22,-0.076831497628708
2570,sz002062,2025-09-19,score_filtered,0.14187451040140503,0.12954738466464688,-0.010795517041907399,22,0.10736459940772347
2571,sh688205,2025-09-19,score_filtered,0.3751545329589366,0.050717561400051014,-0.23592764579031755,22,-0.24352234750104762
2572,sz301421,2025-09-19,score_filtered,0.2714476788577332,0.3301815834471993,0.046194511631208135,22,0.0014042457059300073
2573,sh600376,2025-09-19,score_filtered,0.28953489971006086,0.21985817713478628,-0.05403244424865172,22,-0.06241135394559405
2574,bj920407,2025-09-19,score_filtered,0.12834680703930784,0.02127659574468077,-0.0948912254872869,22,-0.06382978723404253
2575,sh603297,2025-09-19,score_filtered,0.21192310039813703,0.0,-0.17486513816637106,22,-0.19538462712214544
2576,sz002067,2025-09-19,score_filtered,0.12927189941952694,0.12700972111541575,-0.0020032184501128647,22,0.025723525666604186
2577,sh688195,2025-09-19,score_filtered,0.3278565094845024,0.09533135068660537,-0.17511316707568603,22,0.001731895498898517
2578,bj920857,2025-09-22,expired,0.1270847072754218,0.12249911544949055,-0.004068542316589707,22,0.09371709714791465
2579,bj920834,2025-09-22,traded,0.15819214823266375,0.012006917928499394,-0.1262184608376381,22,-0.041738110451082
2580,bj920274,2025-09-22,expired,0.14393131783341184,0.01416123203913422,-0.11344220039369157,22,-0.10484755339952678
2581,sz301013,2025-09-22,operable_filtered,0.32746157390209424,0.4750165924079901,0.11115577385201103,22,-0.05396405111694258
2582,sz301489,2025-09-22,score_filtered,0.3001952786251398,0.07367220251423179,-0.17422234939234627,22,-0.2625423113170061
2583,sh603686,2025-09-22,score_filtered,0.21491698954727137,0.08933391080144704,-0.10336762085500328,22,0.08317288812177126
2584,sh688521,2025-09-22,score_filtered,0.22964431331895796,0.0838500213623048,-0.11856623120806109,22,-0.18699996948242192
2585,sz300115,2025-09-22,score_filtered,0.16800730500088332,0.14499995582982117,-0.019697949723905817,22,-0.04473686218261719
2586,sh688081,2025-09-22,score_filtered,0.31307283716505235,0.15166664123535156,-0.1229225000786549,22,-0.12333334816826713
2587,sz002463,2025-09-22,score_filtered,0.2076967900529676,0.017715034126782436,-0.15730915035209536,22,-0.0877320572930913
2588,bj920978,2025-09-22,score_filtered,0.19983243779043217,0.06372550227908613,-0.11343828623436414,22,-0.05169339660449457
2589,sh603618,2025-09-22,score_filtered,0.3115289949753916,0.09982011403783742,-0.1614214262503031,22,-0.2841726510731195
2590,sh688228,2025-09-22,score_filtered,0.30776924720177284,0.2560386473429952,-0.03955636666748763,22,-0.10768112698614885
2591,sz301319,2025-09-22,score_filtered,0.2048047925121656,0.16162792471952225,-0.03583723111078796,22,-0.07953484113826303
2592,bj920808,2025-09-22,score_filtered,0.17776302011605294,0.02514559551350115,-0.12958245588956707,22,-0.08766989106113476
2593,sh603226,2025-09-22,score_filtered,0.14245476302555993,0.6058158170532864,0.40558372114499175,22,0.32762517414185033
2594,sh605255,2025-09-23,expired,0.15536699901065457,0.0,-0.1344741533587993,16,-0.0739890519142391
2595,bj920834,2025-09-23,traded,0.15723985512781177,0.03866128558820359,-0.10246671769398386,22,0.02250429263504783
2596,sz300250,2025-09-23,operable_filtered,0.17296914282508657,0.15562521668893403,-0.014786344757867886,22,0.04939240366824027
2597,sz300969,2025-09-23,operable_filtered,0.2395861921639278,0.0765461234814282,-0.13152781929418145,22,-0.01551708590101053
2598,sh688081,2025-09-23,score_filtered,0.31307283716505235,0.12970022404849546,-0.13965151660014663,22,-0.14877386589416453
2599,sh688373,2025-09-23,score_filtered,0.2638215476551776,0.061792006087801,-0.15985606665926122,22,-0.2255406847185134
2600,sz301421,2025-09-23,score_filtered,0.2719403222290354,0.17429749039579034,-0.07676683420345454,22,-0.167520633413772
2601,sz002475,2025-09-23,score_filtered,0.19875344987075466,0.12408521212459567,-0.06228823596229016,22,-0.01914998120268374
2602,sz301629,2025-09-23,score_filtered,0.2884328472080515,0.22935779816513757,-0.0458503127818618,22,-0.12940370052232653
2603,sz301319,2025-09-23,score_filtered,0.2048047925121656,0.11920232058038094,-0.07105090589264096,22,-0.10239748118870506
2604,sh603786,2025-09-23,score_filtered,0.2722695649471136,0.17476876116705609,-0.07663533457558624,22,-0.16648744674173255
2605,bj920237,2025-09-23,score_filtered,0.16237624423027025,0.1657789410939139,0.00292736270251015,22,0.021970699976608943
2606,sh603179,2025-09-23,score_filtered,0.21276836195605273,0.08891920869111436,-0.10212102916766752,22,-0.04166155889748091
2607,bj920185,2025-09-23,score_filtered,0.1458333540293897,0.2214394855848847,0.06598353180209116,22,0.11638588237273462
2608,sh688411,2025-09-23,score_filtered,0.23600055179810406,0.35509799134497544,0.0963571087194186,22,0.07784316119025725
2609,bj920926,2025-09-23,score_filtered,0.0957598976083629,0.036591247574949026,-0.05399782394168384,22,0.018777052530235094
2610,sz002249,2025-09-23,score_filtered,0.12214983978970083,0.13215485519362757,0.008915935331596847,22,0.03114477121168746
2611,sz000691,2025-09-24,expired,0.1557943034975256,0.21548501944045473,0.05164475699724447,22,0.14925367424816982
2612,bj920145,2025-09-24,traded,0.21005382809799777,0.07771679852549229,-0.10936458073151767,22,-0.1470493206154616
2613,bj920765,2025-09-24,operable_filtered,0.23303008625580454,0.2600764169488443,0.021934850572193243,22,0.11030973335314331
2614,sh600895,2025-09-24,operable_filtered,0.20593520256248865,0.06902519262534867,-0.11353015456072624,22,-0.1926552002774805
2615,bj920978,2025-09-24,operable_filtered,0.19983243779043217,0.06705408778390565,-0.11066407760324126,22,-0.05811359390426063
2616,sz301629,2025-09-24,operable_filtered,0.23413655844079442,0.02892561983471076,-0.16627895608679377,22,-0.20537188821587682
2617,sh688123,2025-09-24,operable_filtered,0.13188445548653643,0.4523132135616008,0.2830931695561887,22,0.3001735979346545
2618,sz001309,2025-09-24,operable_filtered,0.20036426131095297,0.42485655029956537,0.18702013732351364,22,0.36624571853875465
2619,bj920961,2025-09-24,score_filtered,0.1795433185611754,0.06036483309623808,-0.1010378199677423,22,-0.07131010433608354
2620,sh603786,2025-09-24,score_filtered,0.28316396003490957,0.11538857363978372,-0.1307513237751483,22,-0.22454812412174907
2621,bj920438,2025-09-24,score_filtered,0.26920073613991446,0.041835854759822544,-0.17914020604147174,22,-0.16267266172197015
2622,sh688081,2025-09-24,score_filtered,0.31307283716505235,0.07884462022470484,-0.1783817396192967,22,-0.158209778370359
2623,sz300604,2025-09-24,score_filtered,0.2244102065789955,0.10160646642883076,-0.10029624017369032,22,-0.15665614102224512
2624,sh688403,2025-09-24,score_filtered,0.19476019356713425,0.11706233354144602,-0.06503218005088518,22,-0.11706243886163203
2625,sz002475,2025-09-24,score_filtered,0.19181339767690378,0.02550141406121398,-0.13954532138996512,22,-0.09856740088837623
2626,sh688411,2025-09-24,score_filtered,0.23600055179810406,0.2704043668859146,0.027834789424455053,22,0.047389759736902626
2627,sz002295,2025-09-25,expired,0.27694958311200324,0.25739009934783663,-0.015317350052692746,22,-0.1139149197363073
2628,bj920252,2025-09-25,operable_filtered,0.24871164726330383,0.08409293594527378,-0.131830844758124,22,-0.13113788017004513
2629,sz000691,2025-09-25,expired,0.1557943034975256,0.19431713246650073,0.03333017722305964,22,0.12648947147036482
2630,sh688585,2025-09-25,operable_filtered,0.1767600326573893,0.17789556205023094,0.000964962576335493,19,-0.010030256959999595
2631,sz002513,2025-09-25,operable_filtered,0.30244752519421736,0.4054052945793225,0.07904945680614062,22,-0.007371058610079473
2632,sh688233,2025-09-25,operable_filtered,0.16807031279191217,0.20336817195819368,0.030218950674221867,22,0.0637391108120362
2633,sz002453,2025-09-25,operable_filtered,0.3043933259958938,0.006315833643863122,-0.22851810601257938,22,-0.29578946766100433
2634,sz300270,2025-09-25,operable_filtered,0.18769468993552746,0.2033739513381203,0.013201424183721944,22,-0.04873481293772264
2635,sz002364,2025-09-25,score_filtered,0.22015036676163063,0.06400000000000006,-0.12797633063543246,22,-0.20896002197265628
2636,sz300604,2025-09-25,score_filtered,0.2290544568390015,0.14373745674575722,-0.06941677776643884,22,-0.1361946251874422
2637,sh605358,2025-09-25,score_filtered,0.12186282110580689,0.07293451523020678,-0.043613448057198245,22,-0.04330474954826813
2638,sh603286,2025-09-25,score_filtered,0.19181287132416175,0.1392405202694873,-0.04411124625316731,22,-0.1050410764037375
2639,bj920925,2025-09-25,score_filtered,0.10725287095768667,0.05226067843592941,-0.049665432318268365,22,0.04815030309818136
2640,sh600167,2025-09-25,score_filtered,0.1948176312963326,0.07422683311200551,-0.10092820446036654,22,-0.16288659327569144
2641,sz301319,2025-09-25,score_filtered,0.2048047925121656,0.0670796688213744,-0.11431322696153745,22,-0.14398635934056025
2642,sh688361,2025-09-25,score_filtered,0.18997508984768677,0.22406781730005298,0.02864995052688868,22,0.020508459058858675
2643,sh603090,2025-09-25,score_filtered,0.20120116508010513,0.0714285714285714,-0.10803568746362269,22,-0.12196431841169086
2644,sh603226,2025-09-25,score_filtered,0.16639839699822476,0.4147452106982221,0.21291765689933073,22,0.11841729920093336
2645,bj920575,2025-09-25,score_filtered,0.0952727577903054,0.09138183794579402,-0.0035524665585230375,22,0.07726597020100767
2646,bj920699,2025-09-25,score_filtered,0.19418610221569585,0.0,-0.16260958141733728,22,-0.18444770172262404
2647,sz000691,2025-09-26,expired,0.1557943034975256,0.1023688721986018,-0.04622399603221272,22,-0.01184428030990059
2648,sz002295,2025-09-26,operable_filtered,0.27694958311200324,0.20275865752121502,-0.05810012123578168,22,-0.147586230573983
2649,bj920765,2025-09-26,operable_filtered,0.23303008625580454,0.19709800089716878,-0.0291412884074439,22,0.014510303027041482
2650,sh688249,2025-09-26,operable_filtered,0.22727273142094098,0.3062499761581421,0.06435182882761592,22,0.0
2651,sh603398,2025-09-26,score_filtered,0.221398280577664,0.04888884226481127,-0.14123930011696417,22,-0.09666665395100915
2652,sz000559,2025-09-26,score_filtered,0.21347518776223506,0.16144975145943974,-0.04287309442126719,22,0.03789127060445119
2653,sh603040,2025-09-26,score_filtered,0.20423848178818196,0.0397306028362987,-0.13660739250551468,22,-0.1445370083574058
2654,sh603090,2025-09-26,score_filtered,0.18847455816753841,0.038601341951982615,-0.12610553182277573,22,-0.14990479104710308
2655,sh605028,2025-09-26,score_filtered,0.18204648566531145,0.03710941804941692,-0.1226153703543369,22,-0.13248697219387384
2656,bj920087,2025-09-26,score_filtered,0.20149998664855956,0.2961762543381983,0.07879839262730814,22,0.052495103689056855
2657,bj920174,2025-09-26,score_filtered,0.25070421460648656,0.044117647058823595,-0.16517619844485942,22,-0.20882354063146258
2658,sh688577,2025-09-26,score_filtered,0.16489851969171143,0.22083459325281707,0.04801797977725042,22,0.021741198844798637
2659,sh603083,2025-09-26,score_filtered,0.29242103978207235,0.10413763130054643,-0.1456827169211623,22,-0.22439175292347813
2660,sh688293,2025-09-26,score_filtered,0.17629631890190972,0.02319234123064895,-0.13015766113608662,22,-0.13218131058585703
2661,sh603786,2025-09-26,score_filtered,0.31566421584976456,0.08363095287653133,-0.1763620688150791,22,-0.2653769760925966
2662,sz002513,2025-09-26,score_filtered,0.30244752519421736,0.27821227085842937,-0.018607470832403883,22,-0.06368711809738237
2663,sz002048,2025-09-26,score_filtered,0.2145320052173034,0.08266662597656249,-0.10857299657339836,22,-0.16053334554036458
2664,bj920690,2025-09-26,score_filtered,0.193684226588199,0.05555555555555558,-0.11571625724455148,22,-0.04666667514377165
2665,sh688123,2025-09-26,score_filtered,0.15422666805028507,0.2851952118554806,0.11346865172195941,22,0.07601473662305414
2666,sz000691,2025-09-29,expired,0.1557943034975256,0.04995970130397476,-0.0915687176111587,22,-0.10555999049553255
2667,sh688249,2025-09-29,expired,0.22727273142094098,0.21972566906082425,-0.006149458198569158,22,-0.037350416171555656
2668,sh603398,2025-09-29,operable_filtered,0.221398280577664,0.05474857894532148,-0.13644173590413522,22,-0.12067038510861494
2669,sz300604,2025-09-29,operable_filtered,0.24781719670854638,0.03519234290489792,-0.1703974383142849,22,-0.19942305638239932
2670,sh688698,2025-09-29,operable_filtered,0.21708183838700246,0.11723275971748959,-0.08203974089519128,22,-0.06509139846639023
2671,bj920252,2025-09-29,score_filtered,0.2294853915136729,0.0558003397489335,-0.14126646234560647,22,-0.1295154169228937
2672,sz300620,2025-09-29,score_filtered,0.20006330054754612,0.009265205194764592,-0.15899002599756784,22,-0.12779553027157353
2673,sz000559,2025-09-29,score_filtered,0.21347518776223506,0.060150389418202055,-0.12635181987262434,22,0.04210522239935699
2674,bj920857,2025-09-29,score_filtered,0.1270847072754218,0.21596959961777595,0.07886265492610733,22,0.15171109483700285
2675,sh603179,2025-09-29,score_filtered,0.21276836195605273,0.05493972962161142,-0.13013914056917042,22,-0.02650598732821907
2676,sh688577,2025-09-29,score_filtered,0.16489851969171143,0.11830514164294237,-0.039997800032486874,22,-0.0423728813559322
2677,sz300857,2025-09-29,score_filtered,0.1639576198014043,0.016298325680895953,-0.12685968252495494,22,-0.05497235883006735
2678,sh601929,2025-09-29,score_filtered,0.08651403226780048,0.32171576491391307,0.21647371838833362,22,0.1903485347228855
2679,sh603119,2025-09-29,score_filtered,0.19379712975344227,0.047174061415966584,-0.12282075796895076,22,-0.10278509921084944
2680,sz301488,2025-09-29,score_filtered,0.16625196482118018,0.0028276475111448374,-0.14012779591337532,22,-0.14221553454026892
2681,sh603626,2025-09-29,score_filtered,0.14966440263951455,0.05077569096325685,-0.08601528537303516,22,-0.03949227133741995
2682,sh603786,2025-09-29,score_filtered,0.3014018691588785,0.00516677376726693,-0.22762768550737833,22,-0.27891024577903467
2683,sz301448,2025-09-29,score_filtered,0.06985855460993728,0.24095737535849016,0.15992658095904488,22,0.21542555314123413
2684,sh600629,2025-09-30,operable_filtered,0.4431956817589995,0.41137932086813045,-0.02204577057221413,22,-0.248620658085264
2685,sz000691,2025-09-30,operable_filtered,0.1557943034975256,0.014797474931883547,-0.12199128178688401,22,-0.14174452283455774
2686,sh688123,2025-09-30,operable_filtered,0.15422666805028507,0.12130444087956471,-0.028523190532698806,22,-0.06126182788662937
2687,bj920305,2025-09-30,score_filtered,0.1080864253430288,0.05400838557349141,-0.04880308839881009,22,-0.06666666130141052
2688,sh603496,2025-09-30,score_filtered,0.22805553012424046,0.0,-0.1857045748584092,22,-0.23861111534966362
2689,sh688249,2025-09-30,score_filtered,0.22727273142094098,0.16111108991834855,-0.0539094854865636,22,-0.09722222222222221
2690,sh688228,2025-09-30,score_filtered,0.36153846153846153,0.2313521549399815,-0.09561706134351644,22,-0.19687422811771071
2691,sz001301,2025-09-30,score_filtered,0.1113107510793241,0.20327104948651775,0.08274940048755952,22,0.18469632558192184
2692,sz300593,2025-09-30,score_filtered,0.12085947826758103,0.2735159760482295,0.13619592887468546,22,0.16073061730947646
2693,sh688698,2025-09-30,score_filtered,0.21708183838700246,0.012873326669857299,-0.16778535779301618,22,-0.2066941298683258
2694,sh688498,2025-09-30,score_filtered,0.14361301946751165,0.46915884998357194,0.28466432698330135,22,0.37880842262339365
2695,sz000559,2025-09-30,score_filtered,0.1630188564084611,0.15293187976841893,-0.00867309810538408,22,0.0855784416402321
2696,sz301358,2025-09-30,score_filtered,0.12621832820710163,0.4521059519188775,0.28936451800653695,22,0.400815248992892
2697,sz301518,2025-09-30,score_filtered,0.1837627046853088,0.09298618641748835,-0.07668472567054929,22,-0.08103079932300272
2698,sz301421,2025-09-30,score_filtered,0.23544415921987838,0.09245900638767934,-0.11573582809480198,22,-0.18049177576283937
2699,sh688109,2025-09-30,score_filtered,0.1351095665216318,0.4786521520255047,0.30265147580123575,22,0.41805823712548285
2700,bj920839,2025-09-30,score_filtered,0.22444955160070612,0.44904763357979904,0.18342779552287714,22,0.10595239911760612
2701,bj920284,2025-10-09,expired,0.24351292055515802,0.34894990030842155,0.08478961336902868,22,0.13274099047373333
2702,sh600362,2025-10-09,score_filtered,0.13925515895233923,0.1287500381469726,-0.009221042997099138,22,0.006250000000000089
2703,sh688122,2025-10-09,score_filtered,0.17149700233322418,0.139240506329114,-0.027534424706052385,22,-0.08696206008331686
2704,sz000559,2025-10-09,score_filtered,0.13087774657824502,0.16400001525878904,0.029288991476544624,22,0.11599998474121098
2705,sz000981,2025-10-09,score_filtered,0.25851699050186205,0.037422002178779,-0.1756789856566946,22,-0.2390852121890682
2706,sh688228,2025-10-09,score_filtered,0.36153846153846153,0.22019897581072345,-0.103808661833932,22,-0.20921720221497353
2707,sz000603,2025-10-09,score_filtered,0.2658186451105995,0.12143378479498512,-0.11406441268132761,22,-0.13130944157101898
2708,sz300539,2025-10-09,score_filtered,0.2602965245217473,0.10043511477252576,-0.126844283578331,22,-0.20322696003413032
2709,sh688691,2025-10-09,score_filtered,0.2839506172839506,0.29600000000000004,0.009384615384615547,22,-0.10399999999999998
2710,sh688347,2025-10-09,score_filtered,0.1471411806740895,0.16419494293363068,0.014866315103011063,22,-0.02621879965279228
2711,sh688249,2025-10-09,score_filtered,0.19229812749788017,0.05236846522281047,-0.11736130339206496,22,-0.15000002007735402
2712,bj920748,2025-10-09,score_filtered,0.2422078120244014,1.050053173181054,0.6503302855905593,22,0.46379120159811027
2713,bj920575,2025-10-09,score_filtered,0.04152482464954091,0.21404951382315418,0.16564625738197392,22,0.17768591328499816
2714,sh688172,2025-10-09,score_filtered,0.23223510462941127,0.010773749028656354,-0.1797232969331436,22,-0.1632386593860704
2715,sz002156,2025-10-09,score_filtered,0.16128363008455052,0.06478815183967956,-0.08309380735681726,22,-0.10938540799994578
2716,sz300475,2025-10-09,score_filtered,0.12028483660746837,1.0589464817272094,0.8378776668639623,22,1.0466137823959216
2717,sz300464,2025-10-09,score_filtered,0.199770406467817,0.06090133954650412,-0.11574636794897297,22,-0.07429965050914711
2718,sh600376,2025-10-09,score_filtered,0.23670884341579337,0.02597406377356548,-0.1703996706776817,22,-0.26233766635889
2719,bj920284,2025-10-10,expired,0.24351292055515802,0.27286579515308595,0.023604800652029745,22,0.13567073348020942
2720,sz300948,2025-10-10,expired,0.17446991881973534,0.1797810713693262,0.004522169929161102,22,-0.05523717268322992
2721,sh688228,2025-10-10,operable_filtered,0.36153846153846153,0.18721461187214605,-0.12803446585661593,22,-0.2497716755627497
2722,bj920748,2025-10-10,operable_filtered,0.2675324477158584,0.9543146451256981,0.5418261273290854,22,0.3657360225721631
2723,bj920978,2025-10-10,operable_filtered,0.1637477997430925,0.1712820591070714,0.006474134142846255,22,-0.019230769230769273
2724,sh600629,2025-10-10,score_filtered,0.45834351549001945,0.4261323769032448,-0.022087483672152075,22,-0.24041816524231363
2725,sh688691,2025-10-10,score_filtered,0.2902468928584346,0.33961795742314593,0.03826481957676631,22,-0.08004631010293217
2726,sz301518,2025-10-10,score_filtered,0.1389743120242388,0.19994531326648546,0.05353149811946678,22,0.19994531326648546
2727,sz300877,2025-10-10,score_filtered,0.22148894034903271,0.11477344256674571,-0.08736509538252046,22,-0.17068862022353137
2728,sz002156,2025-10-10,score_filtered,0.15316639945860672,0.15813834597927756,0.004311560346369037,22,-0.05458093636687278
2729,sh688215,2025-10-10,score_filtered,0.20341022018671628,0.12257666090514752,-0.06717041115790667,22,-0.1288343558282209
2730,sz000981,2025-10-10,score_filtered,0.26653301528898626,0.11135858028684997,-0.12251906040264571,22,-0.20267258213812522
2731,sh600635,2025-10-10,score_filtered,0.1463414469920512,0.13722628763611344,-0.007951522105264175,22,-0.005839410570790848
2732,sh600105,2025-10-10,score_filtered,0.15587531977819868,0.19228024146297873,0.031495543733701226,22,0.06218726946337516
2733,sh600362,2025-10-10,score_filtered,0.13925515895233923,0.1645602525866785,0.022211963172157123,22,0.012896569360237864
2734,sz000021,2025-10-10,score_filtered,0.2003614940143501,0.10449249482096112,-0.0798667731941115,22,-0.11846920320556442
2735,sz301489,2025-10-10,score_filtered,0.3320754716981132,0.15994043689185844,-0.12922318476956796,22,-0.2443753838324031
2736,sh601929,2025-10-10,score_filtered,0.10141988182756118,0.3887323646643781,0.2608564522733019,22,0.23661969731048393
2737,bj920505,2025-10-13,traded,0.2639895913739402,0.04515156601414527,-0.17313277486875567,22,-0.2456060467344342
2738,bj920284,2025-10-13,expired,0.24351292055515802,0.06595741434300195,-0.14278541322504923,22,-0.06659576740670714
2739,sh688228,2025-10-13,operable_filtered,0.36746151263897237,0.07883817427385886,-0.21106505426110211,22,-0.32697096701974193
2740,sz301137,2025-10-13,operable_filtered,0.20504615051760047,0.051301155676025,-0.12758432096192973,22,-0.16022303074582223
2741,sz301292,2025-10-13,operable_filtered,0.13195553021319,1.2111893594396763,0.9534242295041624,22,1.1370878397301358
2742,sh600635,2025-10-13,operable_filtered,0.1408268356567748,0.06906077566391677,-0.06290705806507635,22,-0.1174033054563608
2743,sh688411,2025-10-13,score_filtered,0.18988585968956503,0.08626668294270834,-0.08708329114348023,22,0.050433349609374956
2744,sz300469,2025-10-13,score_filtered,0.23076923076923078,0.08765603481258544,-0.11627947171477437,22,-0.16141074168436287
2745,sz301013,2025-10-13,score_filtered,0.3816621518614827,0.16833765162414505,-0.15439700649679833,22,-0.24670189742430448
2746,bj920396,2025-10-13,score_filtered,0.24802233506160362,0.07476863561572533,-0.13882259522008178,22,-0.18079527515565708
2747,sh688691,2025-10-13,score_filtered,0.3061110885054977,0.13286713286713292,-0.13264105722936403,22,-0.21818179684085448
2748,bj920807,2025-10-13,score_filtered,0.1657169923846432,0.024319066779561416,-0.12129695846316157,22,-0.16731511264907073
2749,bj920748,2025-10-13,score_filtered,0.2675324477158584,0.7894492722376556,0.4117581569310602,22,0.34069254620721745
2750,sh688282,2025-10-13,score_filtered,0.22646155724158654,0.012145729748840539,-0.17474320840088942,22,-0.22407348358955526
2751,bj920061,2025-10-13,score_filtered,0.13791373752989558,0.011412649238057071,-0.11116931285708731,22,-0.14861781803187935
2752,sh688409,2025-10-13,score_filtered,0.22527589819490712,0.0,-0.18385728351205366,22,-0.23024283622157005
2753,sz000969,2025-10-14,expired,0.19233865714345924,0.2399999618530273,0.039972959380309314,22,0.02399997711181645
2754,bj920505,2025-10-14,operable_filtered,0.26356253757150205,0.06883724715358519,-0.15410815422889013,22,-0.20945733831834423
2755,sh603389,2025-10-14,operable_filtered,0.09874535105938502,0.22029759476786226,0.11062822117179327,22,0.16394235498497345
2756,sh688480,2025-10-14,operable_filtered,0.17685240968858215,0.038303434920627044,-0.11772842000180628,22,-0.1364458787098134
2757,bj920978,2025-10-14,operable_filtered,0.1637477997430925,0.12929541269695322,-0.029604685013148835,22,-0.055624226392140486
2758,sh600735,2025-10-14,score_filtered,0.19206936462362126,0.876744031828768,0.5743580764038196,22,0.4883720491820913
2759,sz300948,2025-10-14,score_filtered,0.19390457190805635,0.19157891524465454,-0.0019479418356569411,22,-0.047894728811163634
2760,bj920509,2025-10-14,score_filtered,0.19574469708381814,0.06818181818181812,-0.10668069798937874,22,-0.1609091325239702
2761,bj920725,2025-10-14,score_filtered,0.2589134346241264,0.5428944832784113,0.2255763111615956,22,0.28978383132993035
2762,sh600635,2025-10-14,score_filtered,0.11655630360391621,0.08321383328582055,-0.029861879970115135,22,-0.05595407148138121
2763,sh688691,2025-10-14,score_filtered,0.29114640960928434,0.06910267561160399,-0.17197409398743047,22,-0.2257129572145946
2764,sz300950,2025-10-14,score_filtered,0.39855075601952755,0.009756134777534342,-0.27799822034958355,22,-0.39975608267435214
2765,sz300127,2025-10-14,score_filtered,0.20407161151355527,0.00517749204542528,-0.16518462653405963,22,-0.20143002236243934
2766,sz300260,2025-10-14,score_filtered,0.255874618333676,0.013792113131869677,-0.1927600905916922,22,-0.2560601499859486
2767,sz301013,2025-10-14,score_filtered,0.27947370629561574,0.009296107833635103,-0.21116307207610363,22,-0.259495404227191
2768,sz000691,2025-10-14,score_filtered,0.1873065063470273,0.12250215633132844,-0.05458097775871018,22,-0.1068636378324499
2769,bj920839,2025-10-15,expired,0.22707065732705486,0.06543858846028638,-0.13172189221674802,22,-0.16614037229303724
2770,sh688166,2025-10-15,operable_filtered,0.09488559084713942,0.08171060603147007,-0.012033206871848057,22,-0.001819877842218376
2771,bj920978,2025-10-15,operable_filtered,0.13672314660023835,0.0027118402685821774,-0.11789265199047194,22,-0.13627115885416663
2772,sz301008,2025-10-15,operable_filtered,0.14604960535965836,0.10667001219025951,-0.034361159399413976,22,-0.055208572367372755
2773,bj920505,2025-10-15,operable_filtered,0.2189230698805589,0.10169491525423724,-0.09617354656993138,22,-0.1323729046320511
2774,sz300111,2025-10-15,operable_filtered,0.21485942352302803,0.22811349689103344,0.010909964652181081,22,-0.02835999407804679
2775,sh603389,2025-10-15,score_filtered,0.09874535105938502,0.22029759476786226,0.11062822117179327,22,0.17833611269242522
2776,bj920748,2025-10-15,score_filtered,0.2675324477158584,1.1690140845070425,0.7112099089973503,22,0.7614084163182218
2777,sh605298,2025-10-15,score_filtered,0.15360305638759253,0.17301038453770978,0.0168232287897101,22,-0.023232789124548625
2778,sz301488,2025-10-15,score_filtered,0.15483472770867535,0.03754047282691131,-0.10156800108920283,22,-0.14692554659056434
2779,sh688691,2025-10-15,score_filtered,0.29114640960928434,0.10125001271565748,-0.14707580447913082,22,-0.2152083184983995
2780,sz300948,2025-10-15,score_filtered,0.19390457190805635,0.19157891524465454,-0.0019479418356569411,22,-0.03631581758197988
2781,sh688411,2025-10-15,score_filtered,0.14824975124162576,0.4186619522570496,0.23549946405215572,22,0.26211325457171686
2782,sh688109,2025-10-15,score_filtered,0.1351095665216318,0.3230434251868206,0.16556450954869772,22,0.11982607634171205
2783,sz000969,2025-10-15,score_filtered,0.19233865714345924,0.22954879242704118,0.03120769008087687,22,-0.04908278469873306
2784,sz300260,2025-10-15,score_filtered,0.22254332934002868,0.06412422339261803,-0.12958158794496943,22,-0.200369045423466
2785,sz300857,2025-10-15,score_filtered,0.13444442749023439,0.1830430970800001,0.0428391804940873,22,-0.02070321408377762
2786,bj920225,2025-10-15,score_filtered,0.10729713663579095,0.6663083266707162,0.5048429834590944,22,0.5627239810126516
2787,sz002370,2025-10-16,traded,0.13116733747112438,0.24635756419712185,0.10183305591506953,22,0.17748345943517974
2788,bj920839,2025-10-16,operable_filtered,0.22707065732705486,0.13408030639534907,-0.07578239311358648,22,-0.1419234095686286
2789,sh605255,2025-10-16,expired,0.12319999694824219,0.15575772143991906,0.028986578151831255,22,0.14810293504011485
2790,bj920047,2025-10-16,operable_filtered,0.07495554996789353,0.0961837727414927,0.019748000532890053,22,0.019080987745136557
2791,sz300111,2025-10-16,operable_filtered,0.21485942352302803,0.12797283399824133,-0.07151987122330605,22,-0.12910530875827286
2792,sz000969,2025-10-16,score_filtered,0.20766128132916362,0.24248498870689028,0.028835657742872556,22,-0.04308610934115431
2793,sz002885,2025-10-16,score_filtered,0.2417023698908482,0.4374759884326167,0.1576654947988687,22,0.059253594809134835
2794,sz002942,2025-10-16,score_filtered,0.2676363858309659,0.0185185185185186,-0.19652154994678894,22,-0.23777778060347943
2795,sz001309,2025-10-16,score_filtered,0.09728754579631332,0.6011720947240966,0.459209211713151,22,0.381821912662176
2796,bj920725,2025-10-16,score_filtered,0.2589134346241264,0.4958729819645957,0.188225449680119,22,0.14920637342664933
2797,sz300475,2025-10-16,score_filtered,0.10886250904398546,0.9099057619130313,0.7224008804839761,22,0.5954625937433979
2798,bj920509,2025-10-16,score_filtered,0.1692307859986693,0.13636361038032074,-0.02811008400730386,22,-0.0447053165484117
2799,sz002208,2025-10-16,score_filtered,0.24158028779841004,0.33218286256327256,0.07297359313389262,22,0.13287316148215633
2800,sh688691,2025-10-16,score_filtered,0.29114640960928434,0.1246808640500332,-0.1289284811701762,22,-0.19496452385652152
2801,sh603389,2025-10-16,score_filtered,0.09412975832419207,0.22507955460631912,0.11968397284312471,22,0.12392841860578097
2802,sz300486,2025-10-16,score_filtered,0.14422313881341184,0.22918708558717893,0.07425470075869711,22,0.030852064564778514
2803,bj920505,2025-10-16,score_filtered,0.2189230698805589,0.1206896551724137,-0.08059033185561992,22,-0.12396549356394804
2804,sz300588,2025-10-17,operable_filtered,0.1707549795228894,0.11272599817013518,-0.04956543629342691,22,-0.04076567372748541
2805,bj920225,2025-10-17,operable_filtered,0.10729713663579095,0.5541935582314768,0.4035921405463525,22,0.3832258409069431
2806,sh603843,2025-10-17,operable_filtered,,,,12,
2807,sz300096,2025-10-17,score_filtered,0.14516131158780177,0.0,-0.12676057959601428,22,-0.12557605003054395
2808,sz002370,2025-10-17,score_filtered,0.09564289406208511,0.22207793253311392,0.11539803630932366,22,0.08311692976312335
2809,sh600735,2025-10-17,score_filtered,0.20693923948074736,0.6011904277588862,0.326653716592854,22,0.2162698731821293
2810,sz300948,2025-10-17,score_filtered,0.19390457190805635,0.18101196137425024,-0.010798694332162184,22,-0.03755864947777754
2811,sz002208,2025-10-17,score_filtered,0.24158028779841004,0.1679273274215627,-0.05932194728014728,22,0.0
2812,sz300620,2025-10-17,score_filtered,0.1961368430308413,0.15463246255244179,-0.03469868913429108,22,-0.05176098562616693
2813,sz301365,2025-10-17,score_filtered,0.2231833543504676,0.10727966268722611,-0.09475577905063004,22,-0.09578543921305571
2814,sh600408,2025-10-17,score_filtered,0.1071428828748459,1.464285790312048,1.2258064685501093,22,1.2250000447034846
2815,sz300539,2025-10-17,score_filtered,0.1836363358931108,0.05748897856104862,-0.1065761108430977,22,-0.12497597019357842
2816,sh600748,2025-10-17,score_filtered,0.21463412109547408,0.3643925951714566,0.1232951318220139,22,0.07653902558925485
2817,bj920169,2025-10-17,score_filtered,0.11098362633863114,0.22581687404378026,0.10336178228260184,22,0.022969944850411705
2818,sz000014,2025-10-17,score_filtered,0.36026546242147356,0.11975532250740661,-0.1768111788164668,22,-0.30419577533933173
2819,bj920445,2025-10-17,score_filtered,0.24294474048004808,0.36401669432854256,0.09740735038770465,22,0.03347285176477244
2820,sz002571,2025-10-17,score_filtered,0.13701659909629613,0.0499999512325644,-0.07653067504282063,22,-0.0022727792420651483
2821,bj920725,2025-10-20,expired,0.2589134346241264,0.2399999718917043,-0.015023640396743532,22,-0.047894728811163634
2822,sh600408,2025-10-20,traded,0.14347829482205302,1.1562499976716936,0.88569385832308,22,0.753125015599653
2823,sz000626,2025-10-20,operable_filtered,0.2953953522670686,0.046363657171075934,-0.19224377689804328,22,-0.25545458360151807
2824,sh603938,2025-10-20,operable_filtered,0.14836549978928035,0.18118810441468103,0.02858201907966018,22,-0.033168319355867615
2825,bj920225,2025-10-20,score_filtered,0.10729713663579095,0.5098715304156658,0.36356491899092536,22,0.2858037911468181
2826,sh688109,2025-10-20,score_filtered,0.1351095665216318,0.1686764808608212,0.02957151919884704,22,0.09785690141690262
2827,sh600103,2025-10-20,score_filtered,0.10250565443077861,0.18648643511067942,0.07617265303120835,22,0.0
2828,sh600735,2025-10-20,score_filtered,0.22180911433787348,0.522641397057249,0.24621872532224764,22,0.17358482383926588
2829,sh600376,2025-10-20,score_filtered,0.2433862654119794,0.27839996337890627,0.028159952334140925,22,0.046399993896484304
2830,sz002208,2025-10-20,score_filtered,0.24158028779841004,0.2109803592457491,-0.024645952302384977,22,0.1403921538708257
2831,sz301071,2025-10-20,score_filtered,0.2576923370361328,0.0869565182722325,-0.1357532472259908,22,-0.18687288039704109
2832,sz300250,2025-10-20,score_filtered,0.21331523684520654,0.31906616807436916,0.08715866084739043,22,0.1595330098212866
2833,sz300120,2025-10-20,score_filtered,0.20977251854462708,0.025043174763702103,-0.1526975864877117,22,-0.19861832520623823
2834,sh603083,2025-10-20,score_filtered,0.21624557625563887,0.16954539905894883,-0.03839699655102724,22,0.02454542680220162
2835,sz301617,2025-10-20,score_filtered,0.17360983338965838,0.004414651893854371,-0.1441664654488527,22,-0.2005757630383208
2836,sz002320,2025-10-20,score_filtered,0.16933497775601605,0.17681156135211396,0.006393876637852403,22,-0.038405777220715254
2837,sh688585,2025-10-20,score_filtered,0.1710314937450673,0.4183005732018772,0.21115493543732167,22,0.23877992854299346
2838,bj920651,2025-10-20,score_filtered,0.21222955242477107,0.3181711030615575,0.08739396793691112,22,-0.03841623983953635
2839,sh603090,2025-10-20,score_filtered,0.2193333307902018,0.2427506527968022,0.01920502082184905,22,-0.043703410598600945
2840,sh688411,2025-10-20,score_filtered,0.2415436775081278,0.468797397651586,0.1830412608596852,22,0.06192246216368602
2841,bj920725,2025-10-21,expired,0.22056313816128503,0.21766236540559047,-0.0023765855816884063,22,-0.11584413206422484
2842,bj920839,2025-10-21,operable_filtered,0.2787749124450652,0.145632927091929,-0.10411682623532525,22,-0.1920391777553273
2843,bj920748,2025-10-21,operable_filtered,0.27974027163022525,0.9840246656881411,0.5503338526346033,22,0.35789742072020414
2844,sh688148,2025-10-21,operable_filtered,0.15479651736997144,0.787013061003575,0.5474700816326201,22,0.37792206746688617
2845,sz000626,2025-10-21,operable_filtered,0.2056807417848804,0.05041149770132125,-0.12878139187468474,22,-0.16769548041783888
2846,sz300111,2025-10-21,operable_filtered,0.25401608434923745,0.14614505398027355,-0.08602045198243424,22,-0.1611046819485027
2847,bj920225,2025-10-21,score_filtered,0.12204236261666378,0.5602332129072409,0.3905296848763289,22,0.3244819506939247
2848,sz002208,2025-10-21,score_filtered,0.24158028779841004,0.02796265711180701,-0.1720530140385792,22,-0.0825566369508024
2849,bj920942,2025-10-21,score_filtered,0.39842103656969574,0.2563368159998345,-0.10160332035507091,22,-0.2607449480904358
2850,bj920396,2025-10-21,score_filtered,0.22808717313100843,0.27666155131658354,0.03955287478635161,22,-0.05595046812882187
2851,sh600748,2025-10-21,score_filtered,0.2353658381989139,0.08179418097618507,-0.12431269545758739,22,-0.1899736242367146
2852,sh600629,2025-10-21,score_filtered,0.43349617934875745,0.0,-0.30240483762272485,22,-0.44136808256065174
2853,bj920475,2025-10-21,score_filtered,0.10646772419815208,0.05789475691945922,-0.0438991271199467,22,-0.09999997992264598
2854,sh688195,2025-10-21,score_filtered,0.17845597295054721,0.6397982598249865,0.39148029070560697,22,0.5586984981916878
2855,sh600617,2025-10-21,score_filtered,0.20444446139865452,0.02505697878356994,-0.14893794472413602,22,-0.17995443869693328
2856,sz000969,2025-10-21,score_filtered,0.25524194025968555,0.20740010378056173,-0.03811363765396991,22,-0.12366118803856596
2857,sh688109,2025-10-21,score_filtered,0.1351095665216318,0.10014454475133516,-0.030803213012679964,22,0.025307302406133436
2858,bj920725,2025-10-22,expired,0.2393344915756465,0.21168267593973034,-0.022311826083982078,22,-0.13233391350782475
2859,sz301158,2025-10-22,filtered,0.2513568508301949,0.0405929975865611,-0.16842825697865926,22,-0.26403104703072
2860,bj920694,2025-10-22,traded,0.22157995494982313,0.0019305461446186278,-0.1798076400281361,22,-0.2544401640791162
2861,bj920706,2025-10-22,operable_filtered,0.20802673554215365,0.1620676311885978,-0.03804477417706298,22,-0.09677418637457713
2862,sh605255,2025-10-22,operable_filtered,0.12319999694824219,0.4181818528608843,0.2626262969320814,22,0.23420455239035864
2863,bj920748,2025-10-22,operable_filtered,0.3054545513995282,0.8872549372515013,0.4456688172163843,22,0.17696081754199788
2864,bj920396,2025-10-22,operable_filtered,0.2610169244173604,0.25151512839577417,-0.007535026562769054,22,-0.10333332870945788
2865,sz300948,2025-10-22,score_filtered,0.1969766033938923,0.17618537456125072,-0.017369787156816918,22,-0.10237067204752748
2866,bj920553,2025-10-22,score_filtered,0.20218974763897732,0.1435726488106137,-0.048758608151070804,22,-0.14023367409810905
2867,bj920675,2025-10-22,score_filtered,0.16806084427810622,0.051999969482421804,-0.09936201128924338,22,-0.17040000915527342
2868,sz000969,2025-10-22,score_filtered,0.27822579962902066,0.18660285596715864,-0.07167977965118044,22,-0.1846889365290032
2869,sh603843,2025-10-22,score_filtered,,,,12,
2870,bj920174,2025-10-22,score_filtered,0.16333332061767578,0.02249488220789586,-0.12106456156091294,22,-0.1905248849187492
2871,sh603903,2025-10-22,score_filtered,0.19375004131685514,0.10691828954248694,-0.07273863771228184,22,-0.02201254315676282
2872,sh600748,2025-10-22,score_filtered,0.24634146681858776,0.08322319990984828,-0.13087766976502457,22,-0.2298547171067563
2873,bj920942,2025-10-22,score_filtered,0.25770925924463284,0.020683498046554227,-0.18845830978491307,22,-0.2922661900582024
2874,sh688411,2025-10-22,score_filtered,0.29114339085021407,0.432062639614478,0.10914298889100849,22,-0.03764962953274187
2875,sh603389,2025-10-22,score_filtered,0.09412975832419207,0.1368181922219016,0.03901587866789469,22,-0.019545468417080936
2876,bj920725,2025-10-23,filtered,0.26855801761384346,0.3820755777939622,0.08948550921907805,22,0.00058963616873009
2877,bj920225,2025-10-23,breakout_support_filtered,0.23432961486126236,0.49627326595061727,0.2122153174772503,22,0.0307452745438741
2878,sz000609,2025-10-23,operable_filtered,0.07219665906364128,1.461267599426217,1.2955374637854806,22,1.2253522403749617
2879,bj920748,2025-10-23,operable_filtered,0.3341558382108614,0.6930519079819186,0.2690061082012327,22,0.09894459202491723
2880,sz301231,2025-10-23,operable_filtered,0.1878571283249628,0.10526315789473695,-0.06953190620381633,22,-0.06868422658819906
2881,sh605255,2025-10-23,operable_filtered,0.08188481355836878,0.32681273964540436,0.22639002139373465,22,0.2332554009236385
2882,sz002278,2025-10-23,operable_filtered,0.30478590161888613,0.1676470344866856,-0.10510449795790122,22,-0.19044118234855478
2883,sh688577,2025-10-23,score_filtered,0.16489851969171143,0.02310444320856697,-0.12172225656246005,22,-0.15010074137274454
2884,sz301158,2025-10-23,score_filtered,0.2484210499545984,0.036363636363636376,-0.16986049185783436,22,-0.22472728382457385
2885,sz002748,2025-10-23,score_filtered,0.3308271207531434,0.19653987153973795,-0.10090510414110698,22,-0.2235293830360674
2886,bj920651,2025-10-23,score_filtered,0.27695336302426854,0.3380383092348802,0.04783647389121648,22,-0.05741621423413246
2887,sz000852,2025-10-23,score_filtered,0.24758842032894302,0.019672165320231416,-0.1826854524255832,22,-0.23715843605743725
2888,sh600403,2025-10-23,score_filtered,0.3258333206176758,0.20603017387256295,-0.09036063951786888,22,-0.2070351740973233
2889,bj920152,2025-10-23,score_filtered,0.05814338296220375,0.2977099248340629,0.22640272171925147,22,0.26155083923341893
2890,bj920834,2025-10-23,score_filtered,0.22735425418303806,0.36141638459137027,0.1092285539822142,22,0.017704574504616266
2891,bj920694,2025-10-23,score_filtered,0.15974301847105793,0.03731675451118455,-0.10556326876731148,22,-0.13416261337433522
2892,sz300948,2025-10-23,score_filtered,0.20797063783992722,0.13638734846953393,-0.05925913025369345,22,-0.10983856343379161
2893,sh603903,2025-10-23,score_filtered,0.19375004131685514,0.053892190264299034,-0.11715840520371879,22,-0.10179644822005551
2894,bj920896,2025-10-23,score_filtered,0.17862536344427984,0.11729952277655875,-0.0520316655060854,22,-0.08945150932435919
2895,sz301377,2025-10-23,score_filtered,0.2411038321280515,0.4883268692656362,0.19919609523216542,22,0.08625166068390278
2896,bj920225,2025-10-24,filtered,0.29576587608425525,0.411661259811277,0.0894416081377698,22,-0.03662466923177943
2897,sz000609,2025-10-24,expired,0.1387696454869101,1.3456374920733825,1.0597998035594332,22,1.0151006966462828
2898,bj920284,2025-10-24,expired,0.1934944236995658,0.38659794574615525,0.16179675263836746,22,0.08067013220777475
2899,sh605255,2025-10-24,operable_filtered,0.07539809541095507,0.40823306052978525,0.3094993068512364,22,0.40823306052978525
2900,sz002748,2025-10-24,operable_filtered,0.3308271207531434,0.07324644695652993,-0.19354931213818605,22,-0.2638113465336219
2901,bj920651,2025-10-24,operable_filtered,0.2801716770631319,0.21586957185164746,-0.050229282809162945,22,-0.1543477929156759
2902,sz002278,2025-10-24,score_filtered,0.30478590161888613,0.221538470341609,-0.0638016023732243,22,-0.13307688786433292
2903,sz301377,2025-10-24,score_filtered,0.2411038321280515,0.3993901911884372,0.1275367579753428,22,0.045325193245039586
2904,sz300475,2025-10-24,score_filtered,0.35718827153587385,0.5616031093451812,0.15061641932550707,22,0.0016031046860089937
2905,bj920642,2025-10-24,score_filtered,0.15405556603657022,0.15534599245049807,0.0011181666220454467,22,-0.010691828954248694
2906,sz301231,2025-10-24,score_filtered,0.1878571283249628,0.11583423700986106,-0.06063262121149504,22,-0.01434646451338284
2907,sh688249,2025-10-24,score_filtered,0.2532110450430236,0.0283019702141023,-0.1794662405175339,22,-0.23423177854766342
2908,sh600403,2025-10-24,score_filtered,0.3258333206176758,0.33185346228223467,0.004540647433535883,22,-0.08990015527638029
2909,sh603389,2025-10-24,score_filtered,0.12055175378074093,0.09023538128305697,-0.027054861496041194,22,-0.008282499112218233
2910,sz300520,2025-10-24,score_filtered,0.28024690040139094,0.46121470014195576,0.14135382767482318,22,0.07306074647642258
2911,sh688228,2025-10-24,score_filtered,0.2758654080904447,0.017114914425427896,-0.2028039102120356,22,-0.20826404077208127
2912,sz300308,2025-10-24,score_filtered,0.12569879458918692,0.07545933955767259,-0.044629571669612345,22,-0.048255896650787
2913,sz301488,2025-10-24,score_filtered,0.1983780564339116,0.03419356807585694,-0.13700558640620375,22,-0.16245156565020158
2914,bj920748,2025-10-27,breakout_support_filtered,0.34285716267375205,0.6923076923076923,0.26022911397229476,22,0.04087913429344092
2915,sz001231,2025-10-27,filtered,0.25100402311415526,0.0030210890390522938,-0.19822712756573946,22,-0.2467270948500948
2916,bj920284,2025-10-27,expired,0.1988847753657341,0.34399202792095473,0.12103519498857085,22,0.07294534281007214
2917,sz301377,2025-10-27,operable_filtered,0.2411038321280515,0.2657412978161726,0.019851252611054138,22,-0.037779212940193596
2918,bj920396,2025-10-27,operable_filtered,0.2610169244173604,0.15073836554515196,-0.08745208469201271,22,-0.147673427896162
2919,sh688166,2025-10-27,operable_filtered,0.14367424794980874,0.08033438989769448,-0.05538277893872279,22,-0.032897153003124235
2920,sz002748,2025-10-27,operable_filtered,0.3308271207531434,0.01825685404289401,-0.23486917409179286,22,-0.30800940419504386
2921,bj920765,2025-10-27,operable_filtered,0.16094277992780845,0.07921512605065306,-0.07039765894597971,22,-0.10283429784274156
2922,sz003033,2025-10-27,operable_filtered,0.296198719966792,0.10922020202489979,-0.14425142924588175,22,-0.20472440143793835
2923,sz300948,2025-10-27,score_filtered,0.20797063783992722,0.08069302471300532,-0.10536482356435228,22,-0.1445544537627549
2924,sh600629,2025-10-27,score_filtered,0.2097206168481008,0.013969681668921874,-0.16181499467968352,22,-0.1656965611918434
2925,sz300475,2025-10-27,score_filtered,0.35718827153587385,0.6352518770536779,0.20488211646799082,22,0.0663468866794612
2926,sh603192,2025-10-27,score_filtered,0.39796713514437837,0.08851060799673105,-0.22136180412831197,22,-0.3435461166057181
2927,sh605188,2025-10-27,score_filtered,0.2195898458642471,0.19073687101665304,-0.023657932989059716,22,0.014315795898437456
2928,sh603843,2025-10-27,score_filtered,,,,12,
2929,sz301358,2025-10-27,score_filtered,0.24232763745749744,0.46181067164497236,0.17667081337469148,22,0.08039884105335693
2930,sh688766,2025-10-27,score_filtered,0.28870786173959795,0.28057553956834536,-0.006310446620753085,22,-0.06323736177073969
2931,bj920748,2025-10-28,traded,0.3620779359495485,0.2882716983482687,-0.0541865011195759,22,-0.20863311235065196
2932,sz000609,2025-10-28,expired,0.15092988024087714,1.127853756007005,0.8488126796757316,22,0.8234397609166131
2933,bj920445,2025-10-28,filtered,0.20879120015389788,0.07851854960123705,-0.10777101168181491,22,-0.17185182924623843
2934,sz000620,2025-10-28,expired,0.24205384132538807,0.25846158541165876,0.013210171363233325,22,-0.0400000352125901
2935,sz300163,2025-10-28,expired,0.20000001718332042,0.13496939514716288,-0.05419218425412997,22,-0.10020445490734198
2936,sh603378,2025-10-28,operable_filtered,0.3051690378175458,0.28316329385478567,-0.016860455102089555,22,-0.12372452144769708
2937,sz003033,2025-10-28,score_filtered,0.296198719966792,0.017474371668139144,-0.2150321119787818,22,-0.2741145849072367
2938,sz300619,2025-10-28,score_filtered,0.16521733295960356,0.17031252674226294,0.004372741151831061,22,0.14017863171745426
2939,sz300128,2025-10-28,score_filtered,0.2209302892937643,0.017751547407151236,-0.16641305705024323,22,-0.1928993697510526
2940,sz301097,2025-10-28,score_filtered,0.15720586215748505,0.20353982300884965,0.040039514460270764,22,0.043716835764657125
2941,sz000969,2025-10-28,score_filtered,0.2887096801483917,0.04553119540345052,-0.1886991992773266,22,-0.2407250948467733
2942,sz301377,2025-10-28,score_filtered,0.2411038321280515,0.1474999745686849,-0.07541984412284763,22,-0.15341669718424478
2943,bj920706,2025-10-28,score_filtered,0.16333116658197086,0.13065693334115758,-0.028086785757502453,22,-0.059489021294155564
2944,bj920357,2025-10-28,score_filtered,0.21729492165551823,0.06439648878079018,-0.12560508563264727,22,-0.1668914628592404
2945,sh605188,2025-10-28,score_filtered,0.2195898458642471,0.17101453968331692,-0.039829214998512774,22,-0.01490677882771907
2946,sh603192,2025-10-28,score_filtered,0.39796713514437837,0.07962852964139921,-0.22771537148482535,22,-0.34440071365105585
2947,bj920748,2025-10-29,traded,0.2856312186470563,0.09490450591682031,-0.1483525835122056,22,-0.12436301995979626
2948,sz000620,2025-10-29,expired,0.24205384132538807,0.3193549285198005,0.06223650265589531,22,0.051612932500929354
2949,bj920284,2025-10-29,expired,0.1988847753657341,0.12059989831181572,-0.06529808257014247,22,-0.09810454590997453
2950,bj920225,2025-10-29,expired,0.29576587608425525,0.17112301944512742,-0.09619242097638248,22,-0.19032567167046655
2951,bj920396,2025-10-29,expired,0.2610169244173604,0.08285264546359072,-0.14128619172664048,22,-0.21525954944563863
2952,bj920651,2025-10-29,expired,0.252925591297882,0.0168906160055331,-0.18838706538657635,22,-0.25009595318451083
2953,bj920839,2025-10-29,operable_filtered,0.22520160742310164,0.08925659371525496,-0.11095726032695319,22,-0.15808819461812895
2954,bj920445,2025-10-29,operable_filtered,0.20879120015389788,0.1114503813459562,-0.08052740522560775,22,-0.12519086225696407
2955,bj920553,2025-10-29,operable_filtered,0.2532846945502942,0.04500382670013181,-0.16618799284459318,22,-0.2234934727865644
2956,sh600629,2025-10-29,operable_filtered,0.1585167543549571,0.019526432349901146,-0.11997264733771018,22,-0.0805982782988891
2957,sh605255,2025-10-29,operable_filtered,0.07456591356465023,0.7764444986979167,0.6531740643111688,22,0.6983334011501736
2958,sz301377,2025-10-29,operable_filtered,0.2562091471400519,0.10159997558593759,-0.12307597974915652,22,-0.19688000488281254
2959,bj920765,2025-10-29,operable_filtered,0.141773047354289,0.03535713468279167,-0.0932023337896124,22,-0.10750000817435124
2960,bj920357,2025-10-29,operable_filtered,0.20801286922325551,0.016286644546393392,-0.15871207133756848,22,-0.19543973455672037
2961,bj920509,2025-10-29,operable_filtered,0.20087910746480084,0.08281769405819595,-0.09831248847008978,22,-0.16753928697843756
2962,sh603011,2025-10-29,score_filtered,0.24451177036966396,0.03607843436446845,-0.16748201259943363,22,-0.19137251610849415
2963,sz300260,2025-10-29,score_filtered,0.21779413784251495,0.06333071444477012,-0.1268386984284532,22,-0.18686474777752882
2964,bj920706,2025-10-29,score_filtered,0.16333116658197086,0.16553798461850344,0.001896981788097829,22,0.05831449366100783
2965,bj920748,2025-10-30,traded,0.2856312186470563,0.18551727821087005,-0.07787142921244716,22,-0.0758620952737743
2966,bj920640,2025-10-30,expired,0.24579977255800775,0.1434210727089329,-0.08217909659660638,22,-0.131052619532535
2967,bj920225,2025-10-30,expired,0.30136987060591297,0.2899599002275337,-0.008767661397498627,22,-0.1309236837864023
2968,bj920725,2025-10-30,filtered,0.2698379103596613,0.3004161459155068,0.024080424207200357,22,-0.037447947370086276
2969,sz300438,2025-10-30,expired,0.16686513387517304,0.23495820405013035,0.05835556157961408,22,0.17988986160343323
2970,bj920641,2025-10-30,operable_filtered,0.17563987506782197,0.10053422435570236,-0.06388491263771312,22,-0.05779507164831421
2971,sz301377,2025-10-30,operable_filtered,0.23607076472170893,0.0,-0.19098482988136867,22,-0.24658762871579432
2972,bj920971,2025-10-30,operable_filtered,0.26242159674434995,0.10737181103676319,-0.12281933872760376,22,-0.17013886660082644
2973,sz300959,2025-10-30,score_filtered,0.20754716981132076,0.49689322324174134,0.239614700497067,22,0.11193748119945401
2974,sh603232,2025-10-30,score_filtered,0.1719813422896029,0.24498154771067382,0.06228785628827205,22,0.014748079172549833
2975,sh603378,2025-10-30,score_filtered,0.3051690378175458,0.004995023935224108,-0.2299886108118695,22,-0.2927073165015378
2976,sz000638,2025-10-30,score_filtered,,,,0,
2977,sz000657,2025-10-30,score_filtered,0.16061181326422044,0.0053825216615330795,-0.1337478128592411,22,-0.15224917174064667
2978,sz300745,2025-10-30,score_filtered,0.09124706823306034,0.017076502331779153,-0.06796862787579139,22,-0.030054680583276094
2979,bj920505,2025-10-30,score_filtered,0.16060336259311145,0.02120330124093117,-0.12010999265134092,22,-0.12794493175508015
2980,bj920445,2025-10-30,score_filtered,0.20879120015389788,0.09063670438740168,-0.0977459926507186,22,-0.12958804842522298
2981,sz000592,2025-10-30,score_filtered,0.23028391214644106,1.0259542093654308,0.6467371387721446,22,0.6946564974411682
2982,bj920748,2025-10-31,traded,0.2856312186470563,0.14314215115434692,-0.11083199087422513,22,-0.05735661970773398
2983,bj920640,2025-10-31,expired,0.24579977255800775,0.10000001931492286,-0.1170330549536972,22,-0.17215187941925436
2984,sz002047,2025-10-31,expired,0.15825688901167081,0.3498452346031422,0.16541092689286896,22,0.1888544555708087
2985,sz300438,2025-10-31,expired,0.16686513387517304,0.2205200260454392,0.04598208534355441,22,0.10784112897198339
2986,sz300300,2025-10-31,traded,0.23464911111173853,0.8354679665952773,0.4866312623369826,22,0.7517242714162844
2987,bj920953,2025-10-31,traded,0.23297415986639353,0.028824902344592562,-0.16557464395192412,22,-0.21751658293786513
2988,sh600302,2025-10-31,operable_filtered,0.2294440250700581,0.3442105745014392,0.09334833232838013,22,0.05263157894736836
2989,sh605178,2025-10-31,operable_filtered,0.30780605675668943,0.3315151099002722,0.018128875471322026,22,-0.11363636363636365
2990,bj920834,2025-10-31,operable_filtered,0.22735425418303806,0.2950058145337091,0.05511983204531434,22,-0.026713072172768082
2991,sh605255,2025-10-31,operable_filtered,0.07131411304683898,0.6706375128651367,0.5594282690011523,22,0.4420063155763223
2992,bj920445,2025-10-31,operable_filtered,0.20879120015389788,0.0437276429169855,-0.13655258014444283,22,-0.11111112630305586
2993,sz001203,2025-10-31,operable_filtered,0.1790540689298174,0.7680438122439819,0.499544303213141,22,0.4375310573129303
2994,bj920152,2025-10-31,score_filtered,0.06283188708676647,0.35600006103515636,0.2758368256639032,22,0.3019999694824218
2995,sz301377,2025-10-31,score_filtered,0.16959018394595288,0.042735042735042805,-0.10846118833087948,22,-0.14965813791649973
2996,bj920906,2025-10-31,score_filtered,0.21014928106051772,0.02227645810311185,-0.15524764249974432,22,-0.18889229318247136
2997,bj920670,2025-10-31,score_filtered,0.17126791783929768,0.12284726637634535,-0.041340372023743854,22,-0.11021814396584206
2998,sz002047,2025-11-03,expired,0.15825688901167081,0.2861356928004133,0.11040625357114009,22,0.12684360325433608
2999,bj920152,2025-11-03,expired,0.06283188708676647,0.2345678846225654,0.16158340714308927,22,-0.006701958783104867
3000,bj920640,2025-11-03,expired,0.22712265852720662,0.1252654241633533,-0.08300493325264036,22,-0.14092360218377242
3001,sz300438,2025-11-03,expired,0.16686513387517304,0.1826171549764699,0.013499435919371638,22,0.08730463553511147
3002,bj920953,2025-11-03,filtered,0.20350010672935884,0.03362710572488581,-0.1411491366345794,22,-0.19364560948415865
3003,sh600735,2025-11-03,operable_filtered,0.2825278586359172,0.0,-0.22028984145140584,22,-0.30607185670351533
3004,sh600302,2025-11-03,operable_filtered,0.2294440250700581,0.2912032370540163,0.050233447578419854,22,-0.0020222909069134154
3005,bj920396,2025-11-03,operable_filtered,0.23487179095928484,0.08333333333333326,-0.12271594406430808,22,-0.19388887617323136
3006,sz300390,2025-11-03,operable_filtered,0.21218645259438748,0.9069834029336452,0.57317663372018,22,0.5046947190175632
3007,sz001203,2025-11-03,score_filtered,0.18271395516549419,0.7619047979468754,0.4897133751164173,22,0.32589284447180167
3008,bj920195,2025-11-03,score_filtered,0.1535145015655639,0.012663795648829579,-0.1221057088797497,22,-0.1353711979523904
3009,sh688095,2025-11-03,score_filtered,0.17782606041949728,0.05504587155963292,-0.10424305675163503,22,-0.18376145669079702
3010,sh688336,2025-11-03,score_filtered,0.16336254366055558,0.03545726181201081,-0.10994447306691413,22,-0.13956270407639726
3011,bj920284,2025-11-03,score_filtered,0.21877324581179206,0.22356146789754927,0.003928722674387153,22,-0.09210832247716383
3012,bj920304,2025-11-03,score_filtered,0.20731706371530484,0.07557770563237298,-0.10911744896367759,22,-0.1586508385721881
3013,sz002370,2025-11-03,score_filtered,0.19659935543371407,0.06931814130180225,-0.10636911473663457,22,-0.1704545417600427
3014,sh688472,2025-11-03,score_filtered,0.3336079140197426,0.3466444682184211,0.009775402546453149,22,-0.12756522777687684
3015,bj920748,2025-11-04,traded,0.2657698383925493,0.11221944852479981,-0.12130988210522475,22,-0.11803827279644641
3016,bj920640,2025-11-04,expired,0.1807499885559082,0.045751633986928164,-0.11433271723685301,22,-0.13830067753012665
3017,sh600302,2025-11-04,filtered,0.2294440250700581,0.17371326502232054,-0.04533005074758223,22,-0.11488970467388937
3018,sz300402,2025-11-04,traded,0.28318890704561356,0.10961539928729724,-0.13526730694543498,22,-0.2123077099139874
3019,sh688183,2025-11-04,operable_filtered,0.23540538066142314,0.07599841081403769,-0.12903211556520877,22,-0.10333465765496852
3020,sh600735,2025-11-04,operable_filtered,0.2972636663961822,0.08795671273490124,-0.16134495945819471,22,-0.2638700736800531
3021,bj920304,2025-11-04,score_filtered,0.2189314549603749,0.18269222644760186,-0.02973032516742391,22,-0.10645605398792068
3022,bj920953,2025-11-04,score_filtered,0.19536804261684204,0.02298849443307449,-0.144206254507526,22,-0.19235281626752243
3023,bj920971,2025-11-04,score_filtered,0.26070897399572834,0.041538434150891534,-0.17384705301985048,22,-0.2607692327254858
3024,sh688095,2025-11-04,score_filtered,0.18984729832385017,0.0330425585536922,-0.13178559970766868,22,-0.19277888486065098
3025,sz300300,2025-11-04,score_filtered,0.23464911111173853,0.6066115637342102,0.3012697690986377,22,0.4371899868928897
3026,sh688472,2025-11-04,score_filtered,0.3509061044816957,0.44266196058894125,0.06792171254748292,22,-0.08615566344850223
3027,bj920670,2025-11-04,score_filtered,0.20985121603997037,0.07679554477089856,-0.10997688765779279,22,-0.17845306231139246
3028,sz301231,2025-11-04,score_filtered,0.21550002098083496,0.059041554546180874,-0.128719427177304,22,-0.20068837256653982
3029,sz002181,2025-11-04,score_filtered,0.342387422460278,0.10768009852369254,-0.1748432084579744,22,-0.2921615598275835
3030,bj920706,2025-11-04,score_filtered,0.16333116658197086,0.182442696187181,0.01642827954258519,22,0.006106864227211517
3031,bj920445,2025-11-04,score_filtered,0.1578947221656772,0.07294120040594354,-0.07336895154063772,22,-0.13254898669672943
3032,sz300402,2025-11-05,filtered,0.264841773119619,0.06917520835301283,-0.15469647581611112,22,-0.19954390370839759
3033,bj920640,2025-11-05,expired,0.14883115694120333,0.027488624119066607,-0.10562259918612826,22,-0.08059782117367653
3034,sz000736,2025-11-05,filtered,0.20419580680746055,0.04992660138688887,-0.12810973476943677,22,-0.16593247047513215
3035,sh600302,2025-11-05,operable_filtered,0.2294440250700581,0.037367995326298864,-0.15622999162797513,22,-0.13972381871635753
3036,sz300111,2025-11-05,operable_filtered,0.18994411681498344,0.005617999199770685,-0.15490317151076127,22,-0.17977522431170967
3037,sh688472,2025-11-05,operable_filtered,0.3509061044816957,0.1567413507099853,-0.14372927409799952,22,-0.24106715203040852
3038,sz300438,2025-11-05,operable_filtered,0.16686513387517304,0.13708918755043276,-0.02551789873595245,22,0.015962412659551006
3039,sz300475,2025-11-05,score_filtered,0.3840739331826624,0.3283766709364855,-0.040241536893987795,22,-0.19227273123604915
3040,sh605255,2025-11-05,score_filtered,0.12246685785008746,0.6629915321179736,0.4815506760735708,22,0.4505929644189606
3041,sz000592,2025-11-05,score_filtered,0.23028391214644106,0.382291659423047,0.12355501504640687,22,0.3010415911260609
3042,bj920223,2025-11-05,score_filtered,0.2904301150699178,0.16783486817458115,-0.09500339883860676,22,-0.14719628667152518
3043,sz002181,2025-11-05,score_filtered,0.306153810941256,0.014832129130327276,-0.2230378071637621,22,-0.298985226535611
3044,sh600403,2025-11-05,score_filtered,0.3258333206176758,0.4371256828479113,0.08394144309058915,22,-0.02275455393741843
3045,bj920971,2025-11-05,score_filtered,0.24473215382130212,0.0284595345770442,-0.17375032739397422,22,-0.22715402164218235
3046,sz002047,2025-11-06,expired,0.15825688901167081,0.147368470585578,-0.009400693861086218,22,0.02631582744894323
3047,sz000736,2025-11-06,filtered,0.20419580680746055,0.0,-0.16957026893227634,22,-0.20979020699200657
3048,sh600302,2025-11-06,operable_filtered,0.1502590485822124,0.12100677727319309,-0.025431029075646094,22,0.043562421354180536
3049,sh688353,2025-11-06,operable_filtered,0.37496775965536794,1.3137782496307446,0.6827872751072266,22,0.5166443008512145
3050,sh688691,2025-11-06,operable_filtered,0.15662180495969158,0.08179512097306363,-0.06469416681041718,22,-0.003810304437394163
3051,sz000993,2025-11-06,score_filtered,0.2924924923204873,0.1288135334596796,-0.1266382279458701,22,-0.034576286703853265
3052,sz002591,2025-11-06,score_filtered,0.12903230577494731,0.007500052452087402,-0.10764284839435345,22,-0.11124998331069946
3053,sh688228,2025-11-06,score_filtered,0.15382025215063203,0.1705882352941177,0.014532578286983178,22,0.13105881634880512
3054,sz300062,2025-11-06,score_filtered,0.3255814220270313,0.24575424394588308,-0.06022050155099434,22,0.012987024122719681
3055,sh688472,2025-11-06,score_filtered,0.3509061044816957,0.120443036509575,-0.1705988796760548,22,-0.2547300617595436
3056,sh603122,2025-11-06,score_filtered,0.19174944229359764,1.0862800059216835,0.750602880003455,22,0.8635077610809838
3057,sh600550,2025-11-06,score_filtered,0.291538458604079,0.18397090546255646,-0.08328637248462867,22,-0.14025501148057162
3058,sh605060,2025-11-06,score_filtered,0.18659163415246788,0.07374780616498477,-0.09509912655678099,22,-0.060659448154538165
3059,sz001309,2025-11-06,score_filtered,0.3300980212641697,0.2078629684350135,-0.09189928176344475,22,-0.12204941428871718
3060,bj920304,2025-11-06,score_filtered,0.22590008970741693,0.18269222644760186,-0.035245827635209115,22,-0.09271980374745525
3061,sz300475,2025-11-06,score_filtered,0.3840739331826624,0.3016671071352217,-0.05953932378304905,22,-0.08780862006994805
3062,bj920223,2025-11-06,score_filtered,0.2904301150699178,0.3124726157745994,0.017081514486731564,22,-0.024507634861858252
3063,sz002885,2025-11-06,score_filtered,0.3444860982059896,0.09463813188256376,-0.1858315728640182,22,-0.217111090620014
3064,sz002047,2025-11-07,expired,0.15825688901167081,0.24216528357852285,0.07244368271226098,22,0.09686607267609637
3065,bj920834,2025-11-07,operable_filtered,0.2556053385920277,0.28752884699671877,0.025424795055816185,22,-0.07217090196448106
3066,sz001209,2025-11-07,operable_filtered,0.32641813842157474,0.11654004048162947,-0.1582292128406041,22,-0.23163227697878452
3067,sz002451,2025-11-07,operable_filtered,0.3107307072904731,0.4276314934440719,0.089187493283998,22,-0.043233084896999174
3068,sh688472,2025-11-07,operable_filtered,0.3509061044816957,0.10363639484752318,-0.18303989360462836,22,-0.2609090805053711
3069,sh600302,2025-11-07,operable_filtered,0.1502590485822124,0.11346157196710926,-0.03199059956142836,22,0.03846159489197354
3070,bj920304,2025-11-07,operable_filtered,0.23112657961314492,0.17945197694721027,-0.04197342785188862,22,-0.11986301056684179
3071,sz300062,2025-11-07,score_filtered,0.3255814220270313,0.13260672187063594,-0.1455774024512997,22,-0.10899180602351421
3072,sh603122,2025-11-07,score_filtered,0.19174944229359764,0.9666666666666666,0.6502350216180435,22,0.6840000152587891
3073,sh688028,2025-11-07,score_filtered,0.2299671639299104,0.31525421576938206,0.06934091766073514,22,0.051617848926941656
3074,bj920152,2025-11-07,score_filtered,0.20342859540666852,0.2415750030836259,0.03169810641242621,22,-0.0014189753376917524
3075,sz001309,2025-11-07,score_filtered,0.3300980212641697,0.10194820594798792,-0.1715285728335575,22,-0.19802659443876514
3076,sz000620,2025-11-07,score_filtered,0.26161372414236933,0.25846158541165876,-0.002498497496017049,22,-0.09230767763577974
3077,bj920857,2025-11-07,score_filtered,0.20760378519494793,0.13386277496844445,-0.06106391113588572,22,-0.14066929440106057
3078,bj920809,2025-11-10,expired,0.2644628449286202,0.15789482089801665,-0.08427928464487178,22,-0.16866027575562437
3079,sh600078,2025-11-10,operable_filtered,0.24374552560407667,0.09126365866968822,-0.12259892702755992,22,-0.19656782871116196
3080,sz300437,2025-11-10,operable_filtered,0.17937745033063926,0.48383378843935265,0.25815004180668266,22,0.1616628864748717
3081,sh688472,2025-11-10,operable_filtered,0.3509061044816957,0.05565220376719604,-0.21855989823051414,22,-0.3208695701930834
3082,sh688028,2025-11-10,operable_filtered,0.2299671639299104,0.15554348770213333,-0.060508669182666175,22,-0.12684448894264566
3083,bj920834,2025-11-10,operable_filtered,0.27354254183038074,0.23751379969876174,-0.028290175591493938,22,-0.12985572104021414
3084,sz300821,2025-11-10,operable_filtered,0.2501471487495079,0.3462757468452613,0.07689382661225808,22,-0.019809825853173924
3085,sz000533,2025-11-10,operable_filtered,0.25426943434897836,0.042532178019589084,-0.16881321551082074,22,-0.2116716062470103
3086,sh603122,2025-11-10,operable_filtered,0.19174944229359764,0.7352941176470589,0.45608972495709743,22,0.5764705433565027
3087,bj920225,2025-11-10,operable_filtered,0.32440848835852265,0.1471428644089472,-0.13384512822722772,22,-0.23023805164155509
3088,sz002759,2025-11-10,score_filtered,0.290341484255907,0.2974683544303798,0.005523243468051664,22,-0.118227801745451
3089,sh600302,2025-11-10,score_filtered,0.1315092481157567,0.02533934191294973,-0.09383034772327858,22,-0.022624433998618243
3090,sh688353,2025-11-10,score_filtered,0.37496775965536794,0.7613636363636365,0.2810217723251327,22,0.2361363497647373
3091,sz300062,2025-11-10,score_filtered,0.3255814220270313,0.16542060647805124,-0.12082306894741168,22,-0.12242985881252577
3092,sz002713,2025-11-10,score_filtered,0.4451613181091366,0.16104867977427095,-0.19659579506777924,22,-0.3645443187086608
3093,bj920809,2025-11-11,expired,0.2644628449286202,0.19801985106156472,-0.05254641853142483,22,-0.1175742349301162
3094,sz300437,2025-11-11,operable_filtered,0.2303501906829065,0.3743315355298238,0.11702468609120187,22,-0.016042841292484677
3095,sh688472,2025-11-11,operable_filtered,0.30877189665583216,0.013333299424913125,-0.2257372717016788,22,-0.3075555589463975
3096,sh688028,2025-11-11,operable_filtered,0.1679746410514735,0.0261073151318576,-0.12146438880890376,22,-0.19028442807732215
3097,sh600078,2025-11-11,operable_filtered,0.24374552560407667,0.09296871583210353,-0.1212280218646351,22,-0.20625002374872525
3098,bj920834,2025-11-11,operable_filtered,0.27354254183038074,0.20605730195268568,-0.05299017320670174,22,-0.1243915232845596
3099,bj920152,2025-11-11,operable_filtered,0.20342859540666852,0.16511314691434942,-0.031838572424292,22,-0.08189084277123782
3100,bj920304,2025-11-11,operable_filtered,0.252032483854271,0.15803627746343163,-0.07507489430424397,22,-0.10692670913414126
3101,sz002451,2025-11-11,operable_filtered,0.32850558979358757,0.2055554857539983,-0.09254767536107411,22,-0.22222223063204838
3102,sh688585,2025-11-11,operable_filtered,0.1589101554818844,0.04950411457660775,-0.09440424729023511,22,-0.09685951422068695
3103,sz300997,2025-11-11,operable_filtered,0.24530200178164288,0.1348057493268897,-0.08873048649778703,22,-0.12147755164712914
3104,bj920225,2025-11-11,operable_filtered,0.32440848835852265,0.07305119527460135,-0.1897883434705666,22,-0.2877505911930962
3105,sh603663,2025-11-11,operable_filtered,0.20632111263774022,0.055229448241895795,-0.12524995443830667,22,-0.06616861186034995
3106,sz300062,2025-11-11,score_filtered,0.3255814220270313,0.2106796151563104,-0.0866803087018353,22,-0.128155400393673
3107,bj920826,2025-11-11,score_filtered,0.16265826692872992,0.026640665254435536,-0.11698846130737761,22,-0.10981159820382047
3108,bj920299,2025-11-11,score_filtered,0.21127328129401463,0.05655525647791659,-0.12773172429826185,22,-0.05526996174352261
3109,sh605178,2025-11-11,score_filtered,0.36538459034152304,0.2574044644566711,-0.07908403730984159,22,-0.24352554881098687
3110,sz300131,2025-11-11,score_filtered,0.13291632637494075,0.17599351903659244,0.03802327820580387,22,0.1362530669562907
3111,bj920748,2025-11-12,breakout_support_filtered,0.2657698383925493,0.19442962918566997,-0.05636112272787053,22,-0.08909119823792444
3112,bj920834,2025-11-12,traded,0.22746774948043622,0.09218742083758436,-0.1102109026490623,22,-0.17083336230781232
3113,bj920809,2025-11-12,expired,0.2644628449286202,0.15789482089801665,-0.08427928464487178,22,-0.1507176798791252
3114,sh688028,2025-11-12,operable_filtered,0.18538460364708534,0.040000000000000036,-0.12264762272074314,22,-0.1761333211263021
3115,sz300903,2025-11-12,operable_filtered,0.28153246392828435,0.09317644904641553,-0.14697717005506106,22,-0.09882354736328125
3116,sz300997,2025-11-12,operable_filtered,0.2391745542137081,0.10711605323145568,-0.10656973267664238,22,-0.1340823903149554
3117,bj920765,2025-11-12,operable_filtered,0.10354921081618121,0.013724067203195744,-0.08139659086571338,22,-0.09495547302955176
3118,sh603663,2025-11-12,operable_filtered,0.20632111263774022,0.03290671954573532,-0.14375475259055792,22,-0.06503007623217505
3119,sh603813,2025-11-12,operable_filtered,0.14059877681161115,0.08076621396886208,-0.05245715150598618,22,-0.034429246551392345
3120,sh600737,2025-11-12,score_filtered,0.1585425602178904,0.015499973297119052,-0.12346770143158914,22,-0.15950002670288088
3121,sz002451,2025-11-12,score_filtered,0.32850558979358757,0.08499997002737869,-0.18329288309885305,22,-0.23000001907348633
3122,sz002326,2025-11-12,score_filtered,0.29515150821570196,0.16938344447030085,-0.09710683495143246,22,-0.2197023035594763
3123,sh605178,2025-11-12,score_filtered,0.3889394351244035,0.23426967724873737,-0.11135817298024431,22,-0.2661516539392216
3124,sh600693,2025-11-13,expired,0.26115708276552935,0.6690427595722876,0.32342178653298737,22,0.6690427595722876
3125,bj920809,2025-11-13,expired,0.2505263278358861,0.10336822053558836,-0.11767693652237132,22,-0.1730545680060087
3126,bj920834,2025-11-13,traded,0.19483100958177213,0.01616169770218434,-0.149535214977495,22,-0.172727283236081
3127,sz300903,2025-11-13,operable_filtered,0.20485942277032623,0.06096977736031195,-0.11942442636101869,22,-0.07105134650298206
3128,sz300082,2025-11-13,operable_filtered,0.24790869732145876,0.004583610790143577,-0.19498628950466812,22,-0.25744842217536823
3129,sh603778,2025-11-13,operable_filtered,0.1568836508159615,0.7765292304146139,0.535616160848682,22,0.4506865859579616
3130,bj920252,2025-11-13,operable_filtered,0.20559252916668824,0.08119780397332632,-0.10318140016954502,22,-0.15433339400089696
3131,sh603122,2025-11-13,operable_filtered,0.19174944229359764,0.39361692836247597,0.16938752300179094,22,0.38806656170074083
3132,sz002451,2025-11-13,operable_filtered,0.32450334095472777,0.05594406853597067,-0.20276224613006588,22,-0.23496507451297421
3133,sh603843,2025-11-13,operable_filtered,0.476905278334149,0.10178113235476571,-0.2539933680801103,21,-0.36768451580554384
3134,sz002691,2025-11-13,operable_filtered,0.2737881594916659,0.06807286839623994,-0.16149882503031054,22,-0.22818792375872388
3135,sz300997,2025-11-13,operable_filtered,0.22394754567402397,0.0320512685532619,-0.15678472316808767,22,-0.012108267575202225
3136,sh688353,2025-11-13,operable_filtered,0.37496775965536794,0.24,-0.09816067228310665,22,-0.21999999999999997
3137,bj920185,2025-11-13,operable_filtered,0.18518519972068725,0.06813185269987287,-0.09876376033754075,22,-0.11840662617079234
3138,bj920304,2025-11-13,operable_filtered,0.252032483854271,0.1366336466630904,-0.09216920381804761,22,-0.12607260036336565
3139,bj920748,2025-11-14,traded,0.2657698383925493,0.05354333111620324,-0.16766595382448113,22,-0.19637797197957674
3140,bj920809,2025-11-14,expired,0.2505263278358861,0.04856507284818812,-0.16150100201185247,22,-0.2207505942832806
3141,sz301201,2025-11-14,expired,0.3285878191867223,0.2667910133516771,-0.04651315098829767,22,-0.155472631406392
3142,sh603843,2025-11-14,operable_filtered,0.476905278334149,0.049696951201467776,-0.2892591240614589,20,-0.39757578300707264
3143,bj920304,2025-11-14,operable_filtered,0.252032483854271,0.07222913362307781,-0.14360917352374492,22,-0.17434616003558168
3144,sh600408,2025-11-14,operable_filtered,0.34782609597045655,0.09523807721703914,-0.1874040126605131,22,-0.26666670703383233
3145,sh603026,2025-11-14,operable_filtered,0.3390014160200727,0.07779289905533249,-0.19507710286157343,22,-0.31516866108367747
3146,sz301292,2025-11-14,operable_filtered,0.32045455412431195,0.2571428571428571,-0.04794689585015022,22,-0.17385711669921877
3147,sh603778,2025-11-14,operable_filtered,0.1568836508159615,0.8035487684456359,0.558971610648638,22,0.5209125732653659
3148,sh688353,2025-11-14,operable_filtered,0.37496775965536794,0.12318840579710155,-0.18311655098107482,22,-0.3188405797101449
3149,sh603122,2025-11-14,operable_filtered,0.19174944229359764,0.3117647190819979,0.10070512519596675,22,0.22268913085325637
3150,sz300477,2025-11-14,operable_filtered,0.3472527683277856,0.30000005449567513,-0.03507338410650329,22,-0.16571426391601562
3151,bj920252,2025-11-14,score_filtered,0.20559252916668824,0.08244452936211855,-0.10214728179320276,22,-0.15076390167999543
3152,bj920834,2025-11-14,score_filtered,0.12337656037739082,0.031825778876630295,-0.08149607596406028,22,-0.06420991782958851
3153,sz300497,2025-11-14,score_filtered,0.35969950028812514,0.16051277747521042,-0.1464931940996569,22,-0.28205128205128205
3154,bj920809,2025-11-17,traded,0.24656084346389454,0.06538894376428694,-0.14533739018801062,22,-0.15445320216852854
3155,bj920640,2025-11-17,expired,0.14147230731530447,0.09864868988861919,-0.037516124703370846,22,-0.007297309669288432
3156,sh600340,2025-11-17,operable_filtered,0.3598901492978409,0.1518987360873143,-0.15294721659534027,22,-0.2721519335934862
3157,sz300477,2025-11-17,operable_filtered,0.3472527683277856,0.15776084311602756,-0.14065061112990396,22,-0.2264631271720433
3158,sh603843,2025-11-17,operable_filtered,0.476905278334149,0.022432063092478582,-0.3077199478590028,22,-0.32467537073665653
3159,sz000592,2025-11-17,operable_filtered,0.23028391214644106,0.3420168721821528,0.09081884184015254,22,0.08403361613918325
3160,sh600408,2025-11-17,operable_filtered,0.34782609597045655,0.061538476210374116,-0.21240694227243806,22,-0.2953846271221454
3161,sz301292,2025-11-17,operable_filtered,0.32045455412431195,0.18918918918918926,-0.09940922580419609,22,-0.17756755931957346
3162,sh600078,2025-11-17,operable_filtered,0.27591134523433464,0.04480951549001366,-0.18112687108513537,22,-0.2494398855078045
3163,sh688353,2025-11-17,score_filtered,0.2660606268680457,0.01538461538461533,-0.1979968464097548,22,-0.20846152672400842
3164,bj920522,2025-11-17,score_filtered,0.19320139106227172,0.048421070988016846,-0.12133770640793606,22,-0.14932331285978617
3165,bj920225,2025-11-17,score_filtered,0.3470319723709425,0.029319636623620804,-0.23586102057259173,22,-0.3352730402846713
3166,sz000632,2025-11-17,score_filtered,0.28997616610866855,0.04099377837106988,-0.1930131689864294,22,-0.3080745292314203
3167,sh605178,2025-11-17,score_filtered,0.4082840051752786,0.028678414368374483,-0.26955187264209346,22,-0.3934215204294609
3168,sz002047,2025-11-17,score_filtered,0.14849185034393678,0.004662000257425358,-0.125233670611976,22,-0.10955711720035011
3169,sz000407,2025-11-18,expired,0.2928349053114311,0.03215438791777392,-0.20163480760202857,22,-0.2749195528923203
3170,sh600829,2025-11-18,expired,0.3352402637378753,0.09592474929576089,-0.17923030104872206,22,-0.2570532587350739
3171,sz002620,2025-11-18,traded,0.34165569763687403,0.0,-0.2546522913730024,22,-0.32325886924931113
3172,sz300477,2025-11-18,filtered,0.32191781940413644,0.03546101529339629,-0.216697891431604,22,-0.30969265647106914
3173,sh600340,2025-11-18,operable_filtered,0.3598901492978409,0.17041807964177424,-0.13932895223477992,22,-0.2668810134093207
3174,sz002682,2025-11-18,operable_filtered,0.3117048657105859,0.5229591005099725,0.16105317615403103,22,0.2563775752247095
3175,sz300612,2025-11-18,operable_filtered,0.30818690773983765,0.0523229518908519,-0.19558669662200134,22,-0.2819124933916005
3176,sz301201,2025-11-18,operable_filtered,0.3285878191867223,0.06929132071290445,-0.19516699967379103,22,-0.28381453696651815
3177,sz000608,2025-11-18,operable_filtered,0.17832168152795302,0.04761900187328871,-0.11092274860391238,22,-0.13919418014139184
3178,sz301228,2025-11-18,score_filtered,0.13665119764766226,0.1234304477014121,-0.011631316602323527,22,-0.05591093725514229
3179,sz000609,2025-11-18,score_filtered,0.33476391307183284,0.18374251020475896,-0.11314465531174911,22,-0.12955128131106064
3180,sz001203,2025-11-18,score_filtered,0.25591216315992676,0.11698117326895208,-0.11062158164104297,22,-0.1411949647434394
3181,sz300071,2025-11-18,score_filtered,0.3029556739923027,0.11538456751951731,-0.14395816390135574,22,-0.23076926603825032
3182,bj920670,2025-11-18,score_filtered,0.19282272987458596,0.0026852435449518097,-0.15940129372754763,22,-0.09667030415038835
3183,sh601566,2025-11-18,score_filtered,0.2900597608282182,0.1629816763196823,-0.09850557963838191,22,-0.02463678744171771
3184,sz000407,2025-11-19,expired,0.2928349053114311,0.17798170660112378,-0.0888382563299066,22,-0.15045866486640946
3185,sz003041,2025-11-19,expired,0.3579790283310029,0.18705430241573096,-0.1258669849455213,22,-0.23733771929365677
3186,sz300589,2025-11-19,operable_filtered,0.3044609907137646,0.5232162996010552,0.16769785409036553,22,0.09626278469014649
3187,sz300477,2025-11-19,operable_filtered,0.2911694539258663,0.13243243330320875,-0.12294050183731464,22,-0.1837837994577588
3188,sz301292,2025-11-19,operable_filtered,0.35500001907348633,0.30042858550548046,-0.040274120147481884,22,-0.17836559807036179
3189,sz300094,2025-11-19,operable_filtered,0.3465517522038508,0.07407409042651403,-0.20235216457992256,22,-0.29259261744830134
3190,sh600829,2025-11-19,operable_filtered,0.2483829329309724,0.07660169970535047,-0.13760299720079583,22,-0.17896934235852824
3191,bj920304,2025-11-19,score_filtered,0.252032483854271,0.024390235600113108,-0.18181816461612998,22,-0.20820934904946298
3192,sz301228,2025-11-19,score_filtered,0.13665119764766226,0.182543640233509,0.04037513238962198,22,0.012718258245311587
3193,sz000608,2025-11-19,score_filtered,0.15162457732344933,0.018382335217044687,-0.11569937350250015,22,-0.10294116486933824
3194,sz002868,2025-11-19,score_filtered,0.31055009624437113,0.05936071847361024,-0.19166713160419546,22,-0.252446188011068
3195,sz001203,2025-11-19,score_filtered,0.25591216315992676,0.08358760770294227,-0.13721067484799965,22,-0.14063449892238866
3196,sz300071,2025-11-19,score_filtered,0.3029556739923027,0.12621357040186454,-0.13564705777664254,22,-0.2302357612523318
3197,sz300612,2025-11-19,score_filtered,0.30818690773983765,0.06724607833077512,-0.18417920863107962,22,-0.26075025634904514
3198,sh603353,2025-11-19,score_filtered,0.2868420952244809,0.1209439023473553,-0.12891884209630688,22,-0.20943958611324232
3199,sz002240,2025-11-19,score_filtered,0.28452182729183423,0.09793144312529889,-0.14526057884117471,22,-0.12804397919586497
3200,sz002047,2025-11-19,score_filtered,0.09382718433205008,0.02499997615814209,-0.06292329278316267,22,-0.02499997615814209
3201,sz002713,2025-11-19,score_filtered,0.4693548557454826,0.0,-0.3194292065733526,22,-0.4381720647879146
3202,sz000407,2025-11-20,operable_filtered,0.1921708088431065,0.01627480512407642,-0.14754261924071188,22,-0.07956601094518001
3203,sz003041,2025-11-20,operable_filtered,0.3579790283310029,0.1818677918854521,-0.1296862711215775,22,-0.22683413463040913
3204,sz300589,2025-11-20,operable_filtered,0.3044609907137646,0.4143006819723869,0.08420312453998435,22,0.005783317579155511
3205,bj920090,2025-11-20,score_filtered,0.07163323762660521,0.007215034916797425,-0.06011217312788619,22,-0.02308800164147584
3206,sz002474,2025-11-20,score_filtered,0.29540482709453414,0.2474977546566468,-0.03698231736972779,22,-0.14012738798231494
3207,sh600829,2025-11-20,score_filtered,0.21486488271578089,0.1455108439117121,-0.057087862025471225,22,-0.10371518147639702
3208,sz000798,2025-11-20,score_filtered,0.33012050421564254,0.20815143071278341,-0.09169776205711744,22,-0.17758366965276395
3209,sz000547,2025-11-20,score_filtered,0.11571903440187173,0.7281340104235487,0.5488971301363412,22,0.6654518904333886
3210,sz300814,2025-11-20,score_filtered,0.22239879714564603,0.27231055358775413,0.040830992764925966,22,0.02655703980316204
3211,sh603122,2025-11-20,score_filtered,0.18552732023679316,0.30083330472310377,0.09726134734986958,22,0.10416666666666674
3212,bj920223,2025-11-20,score_filtered,0.1678431641821768,0.05783134763528208,-0.09420084812838225,22,-0.011646546691627124
3213,sz002877,2025-11-20,score_filtered,0.18547680043360057,0.058333342899510754,-0.1072509031704253,22,-0.1462962866483567
3214,sz300390,2025-11-20,score_filtered,0.18983958190816078,0.13161873948352265,-0.048931673907896656,22,-0.04122542097470272
3215,sz001203,2025-11-20,score_filtered,0.20271495961944627,0.06557379863401724,-0.1140263201089825,22,-0.07875283557931656
3216,sz301228,2025-11-20,score_filtered,0.13665119764766226,0.21092947787840877,0.06534834994628769,22,0.0715015129716754
3217,sz002240,2025-11-20,score_filtered,0.18099920488089616,0.0,-0.15325937911969212,22,-0.06415512476913166
3218,sz300477,2025-11-20,score_filtered,0.2911694539258663,0.09399481480042815,-0.15271011758055353,22,-0.195822458208895
3219,sz002213,2025-11-20,score_filtered,0.28993253585852835,0.07822928644224425,-0.16411962915206468,22,-0.22286235547265065
3220,sz000688,2025-11-20,score_filtered,0.1656168711100847,0.014612191151917697,-0.12954915435837544,22,-0.006369429482664057
3221,sz300589,2025-11-21,expired,0.3044609907137646,0.2390603755377212,-0.05013612184773575,22,-0.11929978601849256
3222,sh603216,2025-11-21,expired,0.09526348208148062,0.8356940749719481,0.6760296540548625,22,0.7280452288368056
3223,sz002474,2025-11-21,operable_filtered,0.30269873136274494,0.054615387549767025,-0.19043800215684514,22,-0.2861538666945237
3224,sz003041,2025-11-21,operable_filtered,0.3579790283310029,0.1173838188285321,-0.17717152068111797,22,-0.27401030270313
3225,sz000017,2025-11-21,operable_filtered,0.1769815534950714,0.0,-0.15036901213066678,22,-0.1031487302204479
3226,bj920405,2025-11-21,score_filtered,0.140773633645387,0.09933775979148263,-0.03632260830003098,22,-0.03764377495998994
3227,sz000798,2025-11-21,score_filtered,0.33012050421564254,0.0993377458348117,-0.17350515058552596,22,-0.2642384519201
3228,sz300814,2025-11-21,score_filtered,0.22239879714564603,0.2099999647874098,-0.010143033834120296,22,0.008717952630458825
3229,sz000407,2025-11-21,score_filtered,0.18637992402736328,0.09411765255867555,-0.07776789677583906,22,-0.052941173720662205
3230,sz300071,2025-11-21,score_filtered,0.3066502224398395,0.09729726769090008,-0.16022111438363795,22,-0.26216216651604407
3231,sz300774,2025-11-21,score_filtered,0.23809523416337125,0.09530584231101558,-0.11532989378546799,22,-0.11047889553571899
3232,sh605188,2025-11-21,score_filtered,0.16037735212481558,0.11091707239470949,-0.042624306342705864,22,-0.08951961883011228
3233,sz301228,2025-11-21,score_filtered,0.13665119764766226,0.1565853211937882,0.01753759076432604,22,0.019999992556688273
3234,sh603398,2025-11-21,score_filtered,0.29684600079142587,0.0,-0.2288984201750014,22,-0.280148383942212
3235,sz300437,2025-11-21,score_filtered,0.338132306462379,0.4430096313076777,0.07837590075271628,22,-0.021897776605452668
3236,bj920305,2025-11-21,score_filtered,0.20846154139592096,0.0038610186464320684,-0.1693066065744635,22,-0.2162162341293311
3237,sz000609,2025-11-21,score_filtered,0.33476391307183284,0.15728473762666773,-0.13296671696548468,22,-0.23013242967954495
3238,sh688109,2025-11-21,score_filtered,0.3269841431309937,0.2642140468227425,-0.04730282319737922,22,-0.14615383594729825
3239,sh605598,2025-11-21,score_filtered,0.17008743718381672,0.23683626405096447,0.05704601617448324,22,0.13641420647217095
3240,sz300456,2025-11-21,score_filtered,0.171825336776113,0.9482366409919603,0.6625657253254862,22,0.7434584614075994
3241,sz301292,2025-11-24,operable_filtered,0.35500001907348633,0.5193370646061681,0.12128195071543324,22,0.031077401737952925
3242,sz000798,2025-11-24,operable_filtered,0.32728376142519666,0.0,-0.24658160593614842,22,-0.3169994257184664
3243,sz300589,2025-11-24,operable_filtered,0.2795533469709621,0.06303720789771927,-0.1692122798832837,22,-0.1964797824170409
3244,sz300814,2025-11-24,operable_filtered,0.22239879714564603,0.0848275546369881,-0.11254203033403887,22,-0.04068966569571664
3245,sh688365,2025-11-24,score_filtered,0.32405393142388844,0.16111114429170037,-0.12306355750702636,22,-0.21565654892031538
3246,sz003041,2025-11-24,score_filtered,0.3579790283310029,0.16762589839210507,-0.14017383624314694,22,-0.22895683258267496
3247,sz300516,2025-11-24,score_filtered,0.1949152731658213,0.43446276182391363,0.20047236321905304,22,0.19780974751781932
3248,sh688411,2025-11-24,score_filtered,0.21764706827169603,0.06978441306042815,-0.12143309754044018,22,-0.08591396373549798
3249,sz301171,2025-11-24,score_filtered,0.30520944246271553,0.1616042114837779,-0.11002466447681991,22,-0.18794490469050262
3250,sh603216,2025-11-24,score_filtered,0.09526348208148062,0.6453661637309129,0.5022560239148997,22,0.5691918386784971
3251,bj920405,2025-11-24,score_filtered,0.140773633645387,0.12241994616932783,-0.01608880757298825,22,-0.013523169500233245
3252,sz000547,2025-11-24,score_filtered,0.11571903440187173,0.8831950948801706,0.6878757436362433,22,0.8786736582658048
3253,sz002474,2025-11-24,score_filtered,0.30269873136274494,0.19113812037507327,-0.08563807448478034,22,-0.17463077227732615
3254,sh600734,2025-11-24,score_filtered,0.3213792998215248,0.37571157993161597,0.04111785322914452,22,-0.06641364438317043
3255,sz000859,2025-11-24,score_filtered,0.21939277566955456,0.3232557685649886,0.08517599494420813,22,0.2220929956616693
3256,sh688195,2025-11-24,score_filtered,0.22005812422044768,0.16661114162868929,-0.04380691504014045,22,-0.014999983045789977
3257,sz300774,2025-11-24,score_filtered,0.23776525486522587,0.0611213193803537,-0.1427119841913045,22,-0.1498161854132184
3258,sh688028,2025-11-24,score_filtered,0.2297649977116796,0.12316718331019527,-0.08668145100880187,22,-0.17507330148079614
3259,sh688166,2025-11-24,score_filtered,0.09648481436873987,0.07119037328745415,-0.02306866520157691,22,-0.02118065886455489
3260,bj920961,2025-11-24,score_filtered,0.15295858559148182,0.4065750424986314,0.21997013602794868,22,0.18393674365354173
3261,sz301292,2025-11-25,operable_filtered,0.35500001907348633,0.49076743723165284,0.10019735516387729,22,0.016432343567036156
3262,sz002474,2025-11-25,expired,0.29912022148176515,0.046012299327067296,-0.19483025355883166,22,-0.25766868608178883
3263,sz002713,2025-11-25,operable_filtered,0.3366935611794567,0.0,-0.2518853766919986,22,-0.26814514384619537
3264,sz300959,2025-11-25,operable_filtered,0.2489033082446044,0.08940951405569164,-0.12770707959216565,22,-0.1734238220806923
3265,sz300475,2025-11-25,score_filtered,0.12256271138894291,0.2609136384409201,0.12324561082275398,22,0.18537573281560338
3266,sz300620,2025-11-25,score_filtered,0.16465677150819108,0.3103839750498574,0.12512459216027616,22,0.10964734232475748
3267,sz300814,2025-11-25,score_filtered,0.21457622568375506,0.08904427876348331,-0.10335452338497952,22,-0.06282050347244139
3268,sh600403,2025-11-25,score_filtered,0.2456521520542508,0.1316112767235551,-0.09155114061548131,22,-0.1266912909360003
3269,sz000620,2025-11-25,score_filtered,0.19590645068639453,0.03636367445806554,-0.13340740501630277,22,-0.13030305241531392
3270,sz001296,2025-11-25,score_filtered,0.2308597896524649,0.14884978680732863,-0.0666282248673441,22,-0.03179968348077966
3271,sz301171,2025-11-25,score_filtered,0.26954473113390154,0.04207701556119847,-0.17917266717301017,22,-0.20613247586316064
3272,sz300062,2025-11-25,score_filtered,0.14569538410575428,0.4380952943209373,0.2552161021783368,22,0.19523814497621372
3273,bj920809,2025-11-25,score_filtered,0.10776944003243927,0.05416114109837955,-0.04839301121403905,22,-0.022457076940413767
3274,bj920405,2025-11-25,score_filtered,0.140773633645387,0.12082450602787254,-0.017487367369954265,22,-0.028429255664974673
3275,sz002240,2025-11-25,score_filtered,0.17127073569807325,0.06144126549371576,-0.09376949910636967,22,-0.015216840830642342
3276,sz301292,2025-11-26,expired,0.35500001907348633,0.4193548387096775,0.047494331166279435,22,0.16129032258064524
3277,sz002868,2025-11-26,expired,0.2707338438755269,0.0,-0.2130531465580815,22,-0.25987843820699963
3278,sh600734,2025-11-26,operable_filtered,0.3213792998215248,0.27416518929555056,-0.03573092944043499,22,-0.10720564628823337
3279,sz002474,2025-11-26,operable_filtered,0.2812029862769136,0.10925775184518893,-0.13420608309022564,22,-0.18515424151233817
3280,sz300620,2025-11-26,score_filtered,0.16465677150819108,0.25713505977326667,0.07940389866562958,22,0.037510117398108944
3281,sh688028,2025-11-26,score_filtered,0.22247335646906738,0.009395932191170298,-0.174300260329059,22,-0.23208054920170929
3282,sz301117,2025-11-26,score_filtered,0.168552604231563,0.23585888693487278,0.05759799127534371,22,0.23585888693487278
3283,sh688670,2025-11-26,score_filtered,0.3076923123948437,0.06922551187929127,-0.18235696444436222,22,-0.2501713868424582
3284,sz000609,2025-11-26,score_filtered,0.33476391307183284,0.04328357762816637,-0.21837594842735308,22,-0.3164179023747772
3285,sz000070,2025-11-26,score_filtered,0.24336280038330232,0.1649484376806134,-0.06306635736449206,22,-0.09572902783787984
3286,sz003041,2025-11-26,score_filtered,0.3579790283310029,0.054409590559129084,-0.2235450116965133,22,-0.2699366414530273
3287,sh688227,2025-11-26,score_filtered,0.2644444783528646,0.05882352941176472,-0.16261761782451145,22,-0.2256470624138327
3288,sz000892,2025-11-26,score_filtered,0.2311947081202731,0.004444440205891853,-0.184170924727716,22,-0.22111108567979598
3289,bj920857,2025-11-26,score_filtered,0.17051945552640901,0.13963330483519587,-0.026386704249459103,22,0.10267981132045012
3290,sh688195,2025-11-26,score_filtered,0.18468740144226242,0.12994444105360237,-0.046208780748419165,22,-0.019444444444444486
3291,sz002083,2025-11-26,score_filtered,0.09406390419291848,0.3014553645221849,0.18956064589504695,22,0.2536383121709167
3292,bj920152,2025-11-26,score_filtered,0.3234285627092634,0.0683761231145863,-0.1927209724660508,22,-0.2753357451940459
3293,sz002596,2025-11-26,score_filtered,0.26768374731307887,0.18196723784723812,-0.06761663518012384,22,-0.02622948359238486
3294,sz301292,2025-11-27,expired,0.35500001907348633,0.1730205803486029,-0.1343021669101645,22,-0.1021060567245814
3295,sz301111,2025-11-27,operable_filtered,0.36702806137964555,0.3066666920979817,-0.04415517939020597,22,-0.17958331108093262
3296,sz002264,2025-11-27,operable_filtered,0.2041933154299893,0.034905648324871086,-0.1405818027188347,22,-0.1160377784571458
3297,sh688148,2025-11-27,operable_filtered,0.1373895658666565,0.05377450878869561,-0.0735148796747126,22,-0.07135475993936724
3298,sz002868,2025-11-27,operable_filtered,0.2096470552332261,0.04320074248949912,-0.1375990724101216,22,-0.17574863898929438
3299,sz300620,2025-11-27,operable_filtered,0.1514594825538429,0.1858974358974359,0.029908089572732832,22,-0.013589712289663436
3300,sh688670,2025-11-27,operable_filtered,0.3076923123948437,0.06448315699197504,-0.18598347110985702,22,-0.27499145727750474
3301,bj920856,2025-11-27,score_filtered,0.13405232640212417,0.12543353595330275,-0.007599993623014889,22,-0.01329477181384009
3302,sz301005,2025-11-27,score_filtered,0.13217389756354733,1.3699709248883867,1.0932923201891462,22,1.3236151230618027
3303,sh605255,2025-11-27,score_filtered,0.12246685785008746,0.6479213850597427,0.4681247589047597,19,0.6479213850597427
3304,sh688110,2025-11-27,score_filtered,0.17142858260717148,0.014492730613258065,-0.13396962847246874,22,-0.08420662634021892
3305,sh688048,2025-11-27,score_filtered,0.14506172839506173,0.412996056205313,0.23399116498792827,22,0.1597034883933719
3306,sh603122,2025-11-27,score_filtered,0.1848173823612769,0.47962079378786515,0.24881759485926946,22,0.16066347527773384
3307,sz301043,2025-11-27,score_filtered,0.17573876384829965,0.2608137680363476,0.07235876438197009,22,0.23955270438327303
3308,sz300131,2025-11-27,score_filtered,0.1296551803062702,0.20062208340467969,0.06282173917811718,22,0.14152415996010892
3309,sh688353,2025-11-27,score_filtered,0.22462699435826367,0.17727272727272725,-0.03866831884622246,22,0.03445455377752138
3310,sz300437,2025-11-27,score_filtered,0.338132306462379,0.30855405099885247,-0.022104133739751397,22,-0.11863543768408247
3311,sz002083,2025-11-27,score_filtered,0.09406390419291848,0.21435499012609505,0.10994886630677603,22,0.09796306829297574
3312,sh600408,2025-11-27,score_filtered,0.2666666507720947,0.31868126340252956,0.04106416838142013,22,-0.07252755751861084
3313,sz301292,2025-11-28,expired,0.35500001907348633,0.09986248781952556,-0.18829337834874504,22,-0.1437320296582335
3314,sz001203,2025-11-28,operable_filtered,0.20271495961944627,0.02370816848392332,-0.14883559043130457,22,-0.05440732013703231
3315,sz300115,2025-11-28,operable_filtered,0.19617333943640136,0.1291765100815716,-0.05600929827310519,22,0.06188237807329955
3316,sz300475,2025-11-28,operable_filtered,0.11079744027077729,0.17141855376181914,0.0545744087025124,22,0.06104452605198696
3317,bj920856,2025-11-28,operable_filtered,0.13405232640212417,0.11575922418898332,-0.01613073910899432,22,-0.025788008210015145
3318,sh688275,2025-11-28,operable_filtered,0.20980777191676128,0.017333306206597232,-0.1590950812005586,22,-0.13599997626410587
3319,sh688227,2025-11-28,operable_filtered,0.21749411179371847,0.0317072984648914,-0.15259770994301547,22,-0.22121950475181018
3320,sh603122,2025-11-28,score_filtered,0.1848173823612769,0.36331877001831137,0.15065729986277798,22,0.1353711979523904
3321,bj920284,2025-11-28,score_filtered,0.13006440814451942,0.00999768244493282,-0.106247683613651,22,-0.13275980719148073
3322,sz002596,2025-11-28,score_filtered,0.26768374731307887,0.09242426398919235,-0.13825173959621873,22,-0.19090905609866426
3323,sz300421,2025-11-28,score_filtered,0.16528194291017023,0.5548026338895635,0.33427162700780033,22,0.43284179132344147
3324,sz300300,2025-11-28,score_filtered,0.16872431052145084,0.26233772828579505,0.08009880253331647,22,0.06428570101566322
3325,sz301308,2025-11-28,score_filtered,0.1182407766436307,0.1299216417949176,0.010445751393851621,22,0.019326191847159002
3326,sz301201,2025-11-28,score_filtered,0.19972696678445576,0.019081674781712632,-0.15057200263399428,22,-0.15861656379267797
3327,sz301358,2025-11-28,score_filtered,0.16873935714934896,0.00013095229890214277,-0.14426518951299505,22,-0.12791302689696293
3328,sz300390,2025-11-28,score_filtered,0.18983958190816078,0.12694249763465204,-0.05286181871058615,22,0.060662828828369486
3329,sh603353,2025-11-28,score_filtered,0.3413157714040656,0.16243504424477218,-0.13336212916667955,22,-0.18293055348587373
3330,sz002596,2025-12-01,operable_filtered,0.26768374731307887,0.09741245810709875,-0.13431685116014058,22,-0.17960430355322055
3331,bj920230,2025-12-01,operable_filtered,0.0896296324553313,0.0,-0.08225697042890001,22,-0.10592594853153936
3332,bj920663,2025-12-01,operable_filtered,0.03870595591941975,0.08901739788683405,0.0484366549365558,22,0.04971102013167972
3333,bj920267,2025-12-01,score_filtered,0.07551865834091855,0.0,-0.07021603740228255,22,-0.05809126955892996
3334,bj920950,2025-12-01,score_filtered,0.04619418351758355,0.019807223010710917,-0.025221857397593972,22,-0.033725966692873977
3335,bj920088,2025-12-01,score_filtered,0.057115851776202584,0.0,-0.05402988866379632,22,-0.07857367400300708
3336,bj920790,2025-12-01,score_filtered,0.10612895053716992,0.1318318165233674,0.023236771782996435,22,-0.00900898630432001
3337,bj920475,2025-12-01,score_filtered,0.16034151674571578,0.21288843162270044,0.04528573193205854,22,-0.010356640190954391
3338,bj920856,2025-12-01,score_filtered,0.09646298241048391,0.01800326923511153,-0.07155710172985974,22,-0.08674305287538786
3339,bj920821,2025-12-01,score_filtered,0.09035533486394569,0.0196687268401603,-0.06482896516721826,22,-0.099723928064128
3340,bj920510,2025-12-01,score_filtered,0.07193956585530561,0.4534951255726316,0.35594876042557577,22,0.21374932854384232
3341,bj920701,2025-12-01,score_filtered,0.2259574240826546,0.03844458115322036,-0.1529521655858026,22,-0.19399025861473895
3342,bj920533,2025-12-01,score_filtered,0.08722220526801215,0.2707377372731943,0.16879303155875447,22,0.12001410616613573
3343,sh688227,2025-12-01,score_filtered,0.17967782587773493,0.008749961853027344,-0.14489368221999877,22,-0.18737497329711916
3344,sz300456,2025-12-01,score_filtered,0.171825336776113,0.3697261007606434,0.1688824757185985,22,0.11897622400794039
3345,bj920508,2025-12-01,score_filtered,0.18513225124812724,0.2086393089976517,0.01983496586542799,22,-0.038876874011258056
3346,sz300390,2025-12-01,score_filtered,0.13675214255773685,0.09079373493702714,-0.040429576422263525,22,-0.01032982406074312
3347,sh600403,2025-12-02,operable_filtered,0.2456521520542508,0.12469431125130459,-0.09710402747947744,22,-0.13447436924589318
3348,sz000592,2025-12-02,operable_filtered,0.1546650110036816,0.2979215479154911,0.12406761748785056,22,0.1724403241406176
3349,sz300456,2025-12-02,operable_filtered,0.20467153952939668,0.20407805826878045,-0.0004926498561160786,22,-0.06679555770485712
3350,sz002596,2025-12-02,operable_filtered,0.273231658336456,0.09574469935344365,-0.13939879504324326,22,-0.23100303929341137
3351,sh600734,2025-12-02,operable_filtered,0.353103440383385,0.27416518929555056,-0.05833866704637769,22,-0.18804923741671586
3352,sh603122,2025-12-02,score_filtered,0.21428567501112367,0.30083330472310377,0.0712745208916239,22,-0.03625003496805823
3353,sh603216,2025-12-02,score_filtered,0.09526348208148062,0.5158931981738926,0.3840443171656114,22,0.47806743017200093
3354,sz000078,2025-12-02,score_filtered,0.38421050738319623,0.35714287336180894,-0.019554564769601268,22,-0.15476187773031858
3355,sh600408,2025-12-02,score_filtered,0.3216666380564372,0.1811023799431024,-0.10635379154310809,22,-0.20669286017069266
3356,sh603778,2025-12-02,score_filtered,0.14617006258730844,0.5054433224886865,0.3134554562438774,22,0.5054433224886865
3357,sz002976,2025-12-02,score_filtered,0.23161765816429347,0.009708742094334033,-0.1801767899306601,22,-0.20188462599682389
3358,sz002713,2025-12-02,score_filtered,0.3176376398287892,0.1247755248483089,-0.14636961570522555,22,-0.1113106540912927
3359,sz003041,2025-12-02,score_filtered,0.21150208429975698,0.10115663629092664,-0.09108151726590685,22,0.0778279033784488
3360,bj920856,2025-12-02,score_filtered,0.057046901470397315,0.010740453418482954,-0.043807373152033424,22,-0.036743900446970845
3361,sz300300,2025-12-02,score_filtered,0.1872428108705918,0.050810839678790076,-0.11491496932439438,22,-0.1799999958760029
3362,sh600403,2025-12-03,filtered,0.24235805973499513,0.001092921234836286,-0.19419935871919447,22,-0.21857919197204223
3363,sz002632,2025-12-03,expired,0.2540835201738745,0.10939604764070565,-0.11537307540179498,22,-0.11879191606744133
3364,sz002713,2025-12-03,operable_filtered,0.3176376398287892,0.00723473919804718,-0.23557531391640807,22,-0.16398714072867926
3365,sz003018,2025-12-03,operable_filtered,0.32493593645971824,0.11523809887114034,-0.1582701712725061,22,-0.1995238349551246
3366,sh600734,2025-12-03,operable_filtered,0.353103440383385,0.20232168287609809,-0.11143402123385693,22,-0.2271973987940844
3367,sz000547,2025-12-03,operable_filtered,0.08000000663425612,1.0747059092802158,0.9210239782737506,22,1.0047059900620403
3368,sh688670,2025-12-03,score_filtered,0.28757719067569626,0.03553660347156429,-0.1957479435247419,22,-0.2533759529287495
3369,sz002565,2025-12-03,score_filtered,0.16853304177029285,0.8292451596081873,0.565420141510877,22,0.7396226292871932
3370,sh600408,2025-12-03,score_filtered,0.3216666380564372,0.04712041536261147,-0.2077272852234182,22,-0.2774869367007412
3371,bj920982,2025-12-03,score_filtered,0.16170088403169067,0.2290790264423077,0.05799956196708811,22,0.023271918167659722
3372,sz301557,2025-12-03,score_filtered,0.19556866003874102,0.19451124148261267,-0.000884448205671462,22,-0.09022556390977443
3373,sz002474,2025-12-03,score_filtered,0.21446176173501333,0.12580939906434052,-0.07299724492273973,22,-0.05272901261540808
3374,sh603353,2025-12-03,score_filtered,0.3413157714040656,0.06651694810095421,-0.20487258046288148,22,-0.22031995919569525
3375,sh600829,2025-12-03,score_filtered,0.21101573003293791,0.006479423807706386,-0.16889649007256768,22,-0.18718504803490577
3376,sz000691,2025-12-03,score_filtered,0.34046346530729266,0.017225796795775183,-0.24113873811355035,22,-0.26019945195284055
3377,sz301043,2025-12-03,score_filtered,0.1596638614800977,0.14822235170642917,-0.009866229477105026,22,-0.009681155363622906
3378,sz300589,2025-12-03,score_filtered,0.25160003662109376,0.09409188545457625,-0.1258454350894216,22,-0.09059079476002507
3379,sz002300,2025-12-04,expired,0.28902626680049553,0.3869238677596136,0.07594694032272176,22,0.007502646880667152
3380,sh603696,2025-12-04,operable_filtered,0.2942170762725312,0.7053056190666223,0.317634924102582,22,0.2139561160222343
3381,sz000547,2025-12-04,operable_filtered,0.08000000663425612,1.0555555555555554,0.9032921693783589,22,1.038888931274414
3382,bj920225,2025-12-04,operable_filtered,0.15268265529921748,0.2623055029824961,0.09510236592813337,22,0.22038744314068914
3383,sz000510,2025-12-04,operable_filtered,0.14868535170913053,0.36679539736139666,0.1898779725254962,22,0.30308884627220567
3384,sz301232,2025-12-04,score_filtered,0.1676147574948857,1.7330063653852386,1.3406747369730891,22,1.5227751065094508
3385,sz300300,2025-12-04,score_filtered,0.22890949797780824,0.19778195208617877,-0.02532940460046107,22,-0.08502767712194603
3386,sz002632,2025-12-04,score_filtered,0.2540835201738745,0.1321917982704528,-0.09719585652997165,22,-0.11575345821240934
3387,sz000078,2025-12-04,score_filtered,0.38421050738319623,0.18257253241973181,-0.14567002192799006,22,-0.24688796988367845
3388,sz301111,2025-12-04,score_filtered,0.32035084774619654,0.0439560731309625,-0.20933434101021897,22,-0.2413919537273017
3389,sh600734,2025-12-04,score_filtered,0.353103440383385,0.3351749961690569,-0.013249869654642477,22,-0.13627988849211004
3390,sz000692,2025-12-04,score_filtered,0.27044024465644984,0.048351600213036194,-0.1748123497956965,22,-0.23956046305392498
3391,bj920510,2025-12-04,score_filtered,0.19713827959274924,0.4799999910242416,0.23628156935029954,22,0.15647057925953578
3392,sh603353,2025-12-04,score_filtered,0.292138001849524,0.003974996729021685,-0.22301256112585133,22,-0.17376492410897248
3393,bj920116,2025-12-04,score_filtered,0.1457858931881626,0.18303028453480108,0.03250554188881272,22,0.08581820401278417
3394,bj920564,2025-12-04,score_filtered,0.19340120298869282,0.26117749352269803,0.056792544170618964,22,0.026560441674055912
3395,sz300250,2025-12-04,score_filtered,0.29101451929064764,0.04958932525349402,-0.18700424389479797,22,-0.22725888518689286
3396,sz301136,2025-12-04,score_filtered,0.3103448275862069,0.211867932727424,-0.07515341976065004,22,-0.17969081026209344
3397,bj920790,2025-12-05,operable_filtered,0.11196597399224531,0.1561349813138333,0.03972154576188136,22,0.05705523611690011
3398,sh600151,2025-12-05,score_filtered,0.1584925900444283,0.48428576333182205,0.28122162894015545,22,0.4535714558192663
3399,bj920225,2025-12-05,score_filtered,0.15268265529921748,0.21857759968060386,0.05716659661568446,22,0.14255063390985323
3400,sh688048,2025-12-05,score_filtered,0.20450620298032407,0.22560152047642323,0.01751366447420777,22,-0.04153419986821427
3401,sz300300,2025-12-05,score_filtered,0.24022633477362354,0.06813185269987287,-0.1387605449493723,22,-0.22692312609816645
3402,sz000510,2025-12-05,score_filtered,0.10571425301688057,0.3537284699590313,0.22430227001728298,22,0.2151051617394253
3403,sz300421,2025-12-05,score_filtered,0.16528194291017023,0.39321422576904297,0.1956026901864074,22,0.25
3404,sz002348,2025-12-05,score_filtered,0.1911966808985396,0.22184877545809623,0.025732186003435853,22,-0.013445365759757077
3405,sz301232,2025-12-05,score_filtered,0.1676147574948857,1.5324675324675323,1.1689238819668009,22,1.4415584415584415
3406,sh600734,2025-12-05,score_filtered,0.353103440383385,0.18270797139474948,-0.12592937384030012,22,-0.2055465261596905
3407,sz301136,2025-12-05,score_filtered,0.3103448275862069,0.06032905285252532,-0.19080151229675701,22,-0.2504570488456287
3408,sz301111,2025-12-05,score_filtered,0.2544264364692113,0.026877483228524568,-0.18139680943042025,22,-0.17826080859823745
3409,sh603778,2025-12-05,score_filtered,0.14617006258730844,0.9595419334952686,0.709643269753438,22,0.9236641243602921
3410,sz300959,2025-12-05,score_filtered,0.2905789214171318,0.2716284046388646,-0.01468373337250739,22,-0.10148849936724547
3411,sz001203,2025-12-08,traded,0.1540974016339318,0.21151083559299266,0.049747477013445174,22,0.004316577069305216
3412,sz000078,2025-12-08,expired,0.2965931560199786,0.037422002178779,-0.1998862577963555,22,-0.23492721194698163
3413,sh605178,2025-12-08,expired,0.09584278962187387,0.07788111861299996,-0.01639073704638938,22,-0.026486552639712335
3414,bj920790,2025-12-08,filtered,0.11196597399224531,0.13115243012933098,0.017254535287803074,22,0.06272509518997804
3415,sz000547,2025-12-08,operable_filtered,0.08000000663425612,0.7576744611873183,0.6274763429539105,22,0.7572092455486918
3416,sz002961,2025-12-08,operable_filtered,0.17131347547768805,0.10510098565720805,-0.056528411229519016,22,-0.09688462897660333
3417,sz002585,2025-12-08,operable_filtered,0.18447840476740085,0.055629084615414826,-0.10878148527941167,22,-0.026490103450292568
3418,sz300475,2025-12-08,operable_filtered,0.1364433052613563,0.3776451491963184,0.21224274261485587,22,0.1717085031824359
3419,sz300394,2025-12-08,operable_filtered,0.16950414988620222,0.025423728813559254,-0.1231978707272331,22,-0.15677966101694918
3420,sz300421,2025-12-08,operable_filtered,0.16528194291017023,0.2785971166465273,0.0972427097371511,22,0.1930514996004946
3421,sz002300,2025-12-08,operable_filtered,0.28902626680049553,0.33539733134554406,0.0359737157724076,22,0.0
3422,sz002240,2025-12-08,score_filtered,0.10926366602824099,0.24870474162065226,0.12570597943740935,22,0.1402202085940265
3423,sh688048,2025-12-08,score_filtered,0.20450620298032407,0.149425267445622,-0.045729059259648874,22,-0.016673804901433886
3424,sz300427,2025-12-08,score_filtered,0.18360656988425333,0.1785162669648459,-0.004300671396159306,22,0.05641425962774416
3425,sz301232,2025-12-08,score_filtered,0.1676147574948857,1.2300177708650977,0.9098917314556685,22,1.0189830308649994
3426,sh688109,2025-12-08,score_filtered,0.3269841431309937,0.11840933698085099,-0.15717957688478057,22,-0.2259897106338108
3427,sz300390,2025-12-08,score_filtered,0.1287589329925816,0.1825146723444948,0.047623755419055946,22,0.011591358249526174
3428,sh600734,2025-12-08,score_filtered,0.353103440383385,0.059941496822479845,-0.21665892999122183,22,-0.2733918597485312
3429,sz301486,2025-12-09,operable_filtered,0.1245947038791785,0.23451807017670956,0.09774487281361122,22,0.1325098425341975
3430,sz002961,2025-12-09,operable_filtered,0.12581700436190682,0.05517242694723201,-0.06274960951999031,22,-0.06965518819874728
3431,sz300427,2025-12-09,operable_filtered,0.18360656988425333,0.1492087018789754,-0.029061910334480245,22,0.058779179055329145
3432,sh603386,2025-12-09,operable_filtered,0.23466798115504706,0.06648646174250428,-0.13621598841107618,22,-0.12540538890941721
3433,sz002682,2025-12-09,score_filtered,0.3165829033345615,0.21836728040797793,-0.07459888980620133,22,-0.11734699487983946
3434,sz301136,2025-12-09,score_filtered,0.23254027590684145,0.03742032624620206,-0.15830715918559335,22,-0.03105098171124554
3435,sh600151,2025-12-09,score_filtered,0.1584925900444283,0.5566940151010156,0.3437237566114395,22,0.5566940151010156
3436,sz002702,2025-12-09,score_filtered,0.33302147854852726,0.051130727648809327,-0.21146752354407472,22,-0.25073748000050267
3437,sh600734,2025-12-09,score_filtered,0.29999997153210917,0.03715166713636853,-0.2021910078089939,22,-0.18730650634702728
3438,sh688195,2025-12-09,score_filtered,0.16180738365145172,0.093494620374454,-0.05879869954199912,22,-0.07026885658182125
3439,sz300959,2025-12-09,score_filtered,0.2905789214171318,0.0062821592754820355,-0.22028622769499073,22,-0.2093803644179597
3440,sz300421,2025-12-09,score_filtered,0.16528194291017023,0.2673813337001789,0.08761775758322154,22,0.2069525892504982
3441,sz301232,2025-12-09,score_filtered,0.1676147574948857,1.2242722983840948,0.9049710395544033,22,1.203772092869034
3442,sh688109,2025-12-09,score_filtered,0.3269841431309937,0.09311744749484907,-0.17623925413633101,22,-0.24048576078701112
3443,sz001203,2025-12-10,operable_filtered,0.1540974016339318,0.19815010935193844,0.03817070175848092,22,0.08502309988454138
3444,sh688048,2025-12-10,operable_filtered,0.20450620298032407,0.0613207589608149,-0.11887480833658115,22,-0.18776202926700536
3445,sz003016,2025-12-10,operable_filtered,0.2656126290909425,0.041152264666530325,-0.17735313259763874,22,-0.22798350543688573
3446,sz301486,2025-12-10,operable_filtered,0.1245947038791785,0.19661182301395264,0.06403828764830388,22,0.04487697150690173
3447,sz300390,2025-12-10,operable_filtered,0.1287589329925816,0.13780712458512467,0.008016053143034219,22,0.03686194502826701
3448,bj920576,2025-12-10,operable_filtered,0.24023352427338113,2.330024123584317,1.6849976705276428,22,1.696538738009727
3449,sz300300,2025-12-10,operable_filtered,0.22909881919380867,0.023333337571885826,-0.16741166650610617,22,-0.2066666815016005
3450,sz301285,2025-12-10,operable_filtered,0.06287596874326067,0.10443543841683445,0.03910095899779664,22,0.0473222762010439
3451,sh603696,2025-12-10,score_filtered,0.2942170762725312,0.3526989418665283,0.04518706070733547,22,0.16651414858262892
3452,sz000905,2025-12-10,score_filtered,0.23764705657958984,0.036585389964996606,-0.16245476894701727,22,-0.15060971773216703
3453,sz002752,2025-12-10,score_filtered,0.2195676719811678,0.02920560604495792,-0.15608979338306816,22,-0.19392526201810623
3454,sz300456,2025-12-10,score_filtered,0.20467153952939668,0.17475558886500941,-0.02483328416314534,22,0.023666561840454348
3455,sh688682,2025-12-10,score_filtered,0.07671230786467252,0.37735849056603765,0.2792261038583317,22,0.17471694946289062
3456,sh600828,2025-12-10,score_filtered,0.2372449103716459,0.1620878838367077,-0.06074547238376782,22,0.10439556732714506
3457,bj920790,2025-12-10,score_filtered,0.11196597399224531,0.29782222095988686,0.1671420271075108,22,0.17010002522549983
3458,sz001267,2025-12-10,score_filtered,0.08624321013589277,0.10295430713298859,0.015384305136420862,22,-0.005371568416014383
3459,sz300751,2025-12-10,score_filtered,0.1444384732985879,0.46527392978533966,0.28034312369979597,22,0.3641805184297102
3460,sz300421,2025-12-10,score_filtered,0.1475757830070727,0.20624607722556143,0.05112542028793143,22,0.030303016005332584
3461,sz002149,2025-12-10,score_filtered,0.060611863512555486,1.0242308103121243,0.9085500360218832,22,0.7865384908822866
3462,sz002235,2025-12-11,expired,0.2845188201040396,0.1013824614758072,-0.14257195438631198,22,-0.11904762951145798
3463,sh603601,2025-12-11,operable_filtered,0.1468579591383136,0.8300000429153442,0.595664073596617,22,0.48249995708465576
3464,bj920116,2025-12-11,operable_filtered,0.1457858931881626,0.7992889148986959,0.5703535238090194,22,0.6745039099880226
3465,bj920665,2025-12-11,operable_filtered,0.2907268632883301,0.3300000508626302,0.03042718695281943,22,0.03599999745686855
3466,sh600693,2025-12-11,operable_filtered,0.2045453920230976,0.6342856543404716,0.3567655193098225,22,0.21571431841169075
3467,sz002713,2025-12-11,operable_filtered,0.23660711282674096,0.18039217519558504,-0.04545901204033609,22,0.049019608759779176
3468,sh603778,2025-12-11,score_filtered,0.2709235358914237,1.2017473373625505,0.7323995308799192,22,0.6052421635847609
3469,sh600343,2025-12-11,score_filtered,0.07727825485439908,0.3951192587082204,0.2950407681781153,22,0.3432958606718217
3470,bj920640,2025-12-11,score_filtered,0.11571903440187173,0.5597287167205225,0.39795832878004167,22,0.3111632826733446
3471,bj920092,2025-12-11,score_filtered,0.2771153816810021,0.68448327134193,0.3189750084481249,22,0.5354713390754802
3472,sh600330,2025-12-11,score_filtered,0.13878181601203704,0.16428568509160346,0.022395746683837814,22,0.022222200356674104
3473,bj920575,2025-12-11,score_filtered,0.23387094017590676,0.0821299506929718,-0.12297962821079322,22,0.012635410134184122
3474,sz300427,2025-12-11,score_filtered,0.18360656988425333,0.26282057748038623,0.06692596138924722,22,0.26282057748038623
3475,sz003031,2025-12-11,score_filtered,0.07537947995085548,0.19589980858083167,0.11207237154598126,22,0.09339415415005292
3476,bj920414,2025-12-11,score_filtered,0.06193228912161553,0.306887482313998,0.2306693145143921,22,0.18918919143635415
3477,bj920445,2025-12-11,score_filtered,0.13985509264496662,0.09523807721703914,-0.03914270832829847,22,-0.048412745387584555
3478,bj920719,2025-12-11,score_filtered,0.10628019228285941,0.13760752416975341,0.02831771924095361,22,0.0922596019308215
3479,sz000905,2025-12-11,score_filtered,0.15127703669728668,0.007255977009151593,-0.12509678825983872,22,-0.11279683742469682
3480,sz002235,2025-12-12,expired,0.22857142242529987,0.04150350148570059,-0.15226458757303019,22,-0.12529368238957173
3481,bj920299,2025-12-12,expired,0.20727968461077337,0.17060263131796627,-0.030379914248811146,22,-0.02524425673316988
3482,sh603601,2025-12-12,operable_filtered,0.2240437574949582,0.656108607536271,0.3529815395860898,22,0.20701356245682034
3483,bj920961,2025-12-12,operable_filtered,0.16526317596435547,0.23176659741064287,0.057071589335387696,22,0.009076135359306514
3484,sz300265,2025-12-12,operable_filtered,0.1948863767518482,0.21295658882467228,0.015122954302940306,22,-0.06133703165291671
3485,bj920116,2025-12-12,operable_filtered,0.1457858931881626,0.7567749106557775,0.533248856614503,22,0.29227320920687627
3486,bj920407,2025-12-12,operable_filtered,0.30653989254664626,0.3349999647874098,0.021782780918606637,22,-0.08269229302039516
3487,sz301232,2025-12-12,score_filtered,0.1676147574948857,0.932668350188941,0.6552277519474623,22,0.4607231589770686
3488,sz001330,2025-12-12,score_filtered,0.4077519308209066,0.018957328120918104,-0.2761811894466871,22,-0.2938388871931331
3489,bj920665,2025-12-12,score_filtered,0.2907268632883301,0.30306990307965775,0.009562859612204822,22,-0.04310913017616691
3490,sz003031,2025-12-12,score_filtered,0.07630956740606398,0.14130437148766672,0.06038671962959685,22,0.04157615830745187
3491,sz301286,2025-12-12,score_filtered,0.17070315523887938,0.1782723658477845,0.006465525077841594,22,0.016747428462869474
3492,sz300427,2025-12-12,score_filtered,0.1413793234989561,0.1362653467135606,-0.004480523415930193,22,0.011535677630300167
3493,sh603709,2025-12-12,score_filtered,0.3710907626637732,0.04921967000807581,-0.23475549644165206,22,-0.30212082057665124
3494,sh688719,2025-12-12,score_filtered,0.22837371863624176,0.08411891592610532,-0.11743559840265083,22,-0.03353876865914984
3495,sz300445,2025-12-12,score_filtered,0.1488716738561096,0.1684376510172001,0.017030602813470574,22,-0.025186910408959262
3496,sh600105,2025-12-12,score_filtered,0.11784615149864784,0.5172735706928671,0.35731877652280186,22,0.2740429887173472
3497,sh603163,2025-12-12,score_filtered,0.2300247325630098,0.44844240317858186,0.1775717713906888,22,0.29065427646597874
3498,bj920576,2025-12-15,expired,0.24023352427338113,0.8523880688112173,0.4935800658158156,22,0.4044775891659864
3499,bj920665,2025-12-15,traded,0.25526317797209086,0.0,-0.2033543104358999,22,-0.22789473282663442
3500,sh603601,2025-12-15,expired,0.27732242653043715,0.6266667048136394,0.2734973339755089,22,0.10111109415690112
3501,sz002639,2025-12-15,expired,0.19274218888145656,0.4124757569351676,0.18422553515925788,22,0.054642124956051585
3502,bj920116,2025-12-15,operable_filtered,0.21596126866594925,0.7646794397089467,0.45126286928941806,22,0.30821148543965693
3503,sh600408,2025-12-15,operable_filtered,0.19881885181365203,0.007936500427734305,-0.159225350099507,22,-0.18650794927285175
3504,sz002235,2025-12-15,operable_filtered,0.2077219783786196,0.0007728152400403587,-0.17135496980555986,22,-0.1924265727869836
3505,sh688720,2025-12-15,operable_filtered,0.09159822944070997,0.3831818320534446,0.26711622898301135,22,0.31060606060606055
3506,sz300423,2025-12-15,operable_filtered,0.15255907618243414,0.05943688068351105,-0.08079602809373321,22,-0.05213764254894959
3507,sz000609,2025-12-15,operable_filtered,0.2384976575429731,0.07575757867668909,-0.13140120037783543,22,-0.21010096232485387
3508,sz002565,2025-12-15,operable_filtered,0.27136754209351405,0.4181817950624409,0.11547742734345201,22,-0.045454545454545414
3509,bj920299,2025-12-15,operable_filtered,0.12347823433254076,0.2687555248718769,0.12931028488117136,22,0.05339810238169429
3510,sz002682,2025-12-15,score_filtered,0.3109869410549343,0.0,-0.23721589538083954,22,-0.3324022133058704
3511,bj920943,2025-12-15,score_filtered,0.17144643371012583,0.19345248633332868,0.01878536823361765,22,0.00930059552847351
3512,sz301286,2025-12-15,score_filtered,0.17070315523887938,0.15358790848216275,-0.014619629818307223,22,0.11791856797897005
3513,bj920575,2025-12-15,score_filtered,0.17391305549684033,0.17895768743076013,0.004297279010824884,22,-0.035398196064560294
3514,sh688670,2025-12-15,score_filtered,0.13355588388417713,0.004612104873943368,-0.11375158546961306,22,-0.1270440519153898
3515,bj920857,2025-12-15,score_filtered,0.20668321716447519,0.08660573411170391,-0.09951036141443603,22,-0.13986015923231632
3516,bj920576,2025-12-16,expired,0.24023352427338113,0.6330263238204152,0.31670874223236356,22,0.3073684290835732
3517,bj920665,2025-12-16,operable_filtered,0.19739079454868266,0.06525679598145251,-0.11035160715181014,22,-0.10876128821986852
3518,sz000890,2025-12-16,operable_filtered,0.3427110289444417,0.2161742426798634,-0.09423977574985276,22,-0.16640742198910508
3519,bj920092,2025-12-16,operable_filtered,0.2771153816810021,0.405128185565655,0.10023589545696021,22,0.07435901348407459
3520,sh600879,2025-12-16,operable_filtered,0.16408190571095885,0.8153153864287206,0.5594395699502117,22,0.49380632571736327
3521,sz002235,2025-12-16,operable_filtered,0.14214045182633017,0.07500001490116137,-0.05878474649751553,22,-0.08303565779814814
3522,sh605255,2025-12-16,score_filtered,0.2955692192395115,0.45143462171441096,0.1203065032421744,22,-0.053591656294191825
3523,bj920943,2025-12-16,score_filtered,0.17144643371012583,0.22302715939428475,0.04403165539613796,22,0.025162022833792097
3524,sh600151,2025-12-16,score_filtered,0.22368415108677883,0.35714287336180894,0.10906304715681947,22,-0.023809502184254927
3525,bj920961,2025-12-16,score_filtered,0.19052630976626747,0.30404944392342537,0.09535541820948557,22,0.04426907833037208
3526,sz301306,2025-12-16,score_filtered,0.1896500995074027,0.753454291251064,0.47392438497430067,22,0.36626103746702854
3527,bj920726,2025-12-16,score_filtered,0.17536118883845914,0.07798368999083216,-0.08284899975628723,22,0.07798368999083216
3528,sz300997,2025-12-16,score_filtered,0.2363320841312344,0.09780882648754274,-0.11204372953002462,22,-0.1705302944082583
3529,sh688031,2025-12-16,score_filtered,0.1936848083374521,1.576292059394751,1.1582682810406002,22,1.13146063986789
3530,sh603929,2025-12-16,score_filtered,0.1710119646051052,0.9117646728832423,0.6325748418189199,22,0.6641402496727948
3531,bj920184,2025-12-16,score_filtered,0.14746545178071804,0.250392909818679,0.08969983181474506,22,0.05238344641209647
3532,sz002565,2025-12-16,score_filtered,0.30854698423315496,0.4552238637782988,0.1120914123164638,22,-0.01368160871098456
3533,bj920491,2025-12-16,score_filtered,0.0599571479599654,0.15553190416358897,0.09016850953604161,22,0.07458461062985777
3534,bj920942,2025-12-16,score_filtered,0.063483280875542,0.13218748569488525,0.06460299475773668,22,0.09812498092651367
3535,bj920576,2025-12-17,filtered,0.24023352427338113,0.5730037795961758,0.268312578889331,22,0.22534852262918026
3536,bj920223,2025-12-17,expired,0.2104900095867635,0.20749998092651367,-0.0024700977592293505,22,-0.11666663487752282
3537,bj920726,2025-12-17,operable_filtered,0.1612245209363042,0.22370111119227865,0.05380233462999828,22,0.056247291302981894
3538,bj920171,2025-12-17,operable_filtered,0.13804345700300663,0.10400001525878899,-0.029914008586165775,22,-0.0727999877929687
3539,sz002639,2025-12-17,operable_filtered,0.22800411010462535,0.5789188694309544,0.2857602482262305,22,0.1286486032846812
3540,sz000609,2025-12-17,operable_filtered,0.2384976575429731,0.07902732948481783,-0.12876110591482648,22,-0.18642352319375577
3541,bj920407,2025-12-17,operable_filtered,0.30653989254664626,0.3516354623047604,0.03451526433702368,22,-0.025311511324213942
3542,sh603778,2025-12-17,score_filtered,0.40945161454795115,1.1673181701353492,0.5377031377061257,22,0.45426117567985824
3543,sh600151,2025-12-17,score_filtered,0.23728070300188242,0.2874082674036149,0.04051430227604236,22,-0.08356858378010457
3544,sz000890,2025-12-17,score_filtered,0.2339791598712042,0.0323076981764574,-0.1634318214221674,22,-0.18923077216515172
3545,sz301292,2025-12-17,score_filtered,0.19208106663098826,0.24471348266511517,0.04415170872806029,22,-0.047407892364126125
3546,sz300551,2025-12-17,score_filtered,0.0945945945945946,0.10053543056212555,0.005427430390090082,22,0.03866743838078013
3547,sz300997,2025-12-17,score_filtered,0.2363320841312344,0.2430780423840171,0.005456429012374198,22,-0.031643264209490374
3548,sz002759,2025-12-17,score_filtered,0.23990711709532947,0.5894377513346025,0.28190065967046096,22,0.14423616809448836
3549,sh688048,2025-12-17,score_filtered,0.2080246725200135,0.13924053077838394,-0.05693935174199838,22,-0.14964837718697244
3550,bj920765,2025-12-17,score_filtered,0.22619048041416145,0.05411761414770977,-0.14033126909314442,22,-0.19725492888805918
3551,sh688031,2025-12-17,score_filtered,0.1936848083374521,1.297494852452254,0.9247081276439915,22,0.9566132094323776
3552,bj920662,2025-12-17,score_filtered,0.16562146721861606,0.20467035783156207,0.033500490263038696,22,-0.025068730375908177
3553,bj920651,2025-12-17,score_filtered,0.16260665744510108,0.053751576345329344,-0.09363018902625875,22,-0.1338306723073076
3554,sh603843,2025-12-17,score_filtered,0.19915849277728817,0.4610655629580398,0.21840905247993248,22,0.09426230068842378
3555,bj920576,2025-12-18,filtered,0.24023352427338113,0.49530121217291034,0.20566101698385109,22,0.11650600203548578
3556,bj920407,2025-12-18,expired,0.29205883250517006,0.0,-0.2260414349235923,22,-0.2835293938131893
3557,sh600696,2025-12-18,filtered,0.3812154474168466,0.10030392934113852,-0.20337994235516954,22,-0.3191489253771579
3558,sz001270,2025-12-18,operable_filtered,0.08776368491823189,0.8364151170560568,0.6882482312268969,22,0.8364151170560568
3559,bj920223,2025-12-18,operable_filtered,0.25879917593060253,0.19063267709778953,-0.054152004653497676,22,-0.12818409283788246
3560,bj920885,2025-12-18,operable_filtered,0.2637708828256376,0.19346354080275008,-0.05563298140378803,22,-0.11419988052918817
3561,bj920857,2025-12-18,operable_filtered,0.20965348764349728,0.06991534220593976,-0.11551915227374632,22,-0.14221396108543904
3562,bj920116,2025-12-18,operable_filtered,0.3036078748110159,0.8034257815305852,0.38341123613726835,22,0.22140478916199702
3563,sh600865,2025-12-18,operable_filtered,0.39264071423021596,0.40000002311937743,0.005284427500907407,22,-0.17030305573434545
3564,sh688031,2025-12-18,score_filtered,0.1936848083374521,1.1713067859780684,0.8189950737517007,22,0.9299242992101193
3565,bj920943,2025-12-18,score_filtered,0.19451375692959696,0.18814821596498832,-0.005328980874168221,22,-0.05555555555555558
3566,sz301306,2025-12-18,score_filtered,0.2732725691663712,0.4409795777772505,0.1317133602592877,22,-0.014744559458234718
3567,sh600151,2025-12-18,score_filtered,0.2692982278555561,0.20954900666600618,-0.04707264209333584,22,-0.1734748218349219
3568,sz300456,2025-12-18,score_filtered,0.19610443793920102,0.011492487209946445,-0.154344340572239,22,-0.17208953401935634
3569,sz000609,2025-12-18,score_filtered,0.2384976575429731,0.0,-0.192570132119687,22,-0.24600938773748504
3570,bj920171,2025-12-18,score_filtered,0.14927539066265783,0.14238412896455754,-0.005996179639874533,22,-0.050496660639887
3571,bj920665,2025-12-18,score_filtered,0.19739079454868266,0.08159509116307784,-0.09670669251240582,22,-0.10797542071081156
3572,sh603929,2025-12-18,score_filtered,0.1710119646051052,0.759317138197042,0.5023904036628082,22,0.5224859849782095
3573,sh688523,2025-12-18,score_filtered,0.34720167173171473,1.1044443766276042,0.5620856333428665,22,0.3188888549804687
3574,bj920576,2025-12-19,filtered,0.24023352427338113,0.3944943888803547,0.12438049898493975,22,0.2078651685393258
3575,bj920407,2025-12-19,expired,0.19119625303414878,0.0344108361267339,-0.13162013942543882,22,-0.11991660438116047
3576,sz301408,2025-12-19,expired,0.24831987005418446,0.33094809555168103,0.06619154872052957,22,0.03622537763113454
3577,bj920575,2025-12-19,operable_filtered,0.17764805296925193,0.3749999316460517,0.1675813738911287,22,0.12041286222261016
3578,bj920943,2025-12-19,operable_filtered,0.16859716164675376,0.12813069997827498,-0.03462823888041511,22,0.034482787268520276
3579,sz301148,2025-12-19,operable_filtered,0.12775617751503152,0.3612888641741341,0.20707728435918038,22,0.18075476447760086
3580,bj920885,2025-12-19,operable_filtered,0.23663142804898205,0.16442952638299846,-0.058385950759714755,22,-0.08612973498236731
3581,sz002639,2025-12-19,score_filtered,0.27764460654550355,0.4460395040213896,0.1318010475003626,22,0.12821782449333918
3582,sh603601,2025-12-19,score_filtered,0.3586065489673642,0.4409449373221952,0.06060502830448877,22,-0.0009842745110260065
3583,bj920751,2025-12-19,score_filtered,0.10214109760583893,0.3021024160825412,0.18142987219247564,22,0.20978063659245016
3584,sz000547,2025-12-19,score_filtered,0.33333334897374794,0.8310810868862568,0.37331079905532993,22,0.2279278960381621
3585,bj920075,2025-12-19,score_filtered,0.14147057252771714,0.1647824384357337,0.02042266044265495,22,-0.009249758575668676
3586,bj920171,2025-12-19,score_filtered,0.14927539066265783,0.15917685848538254,0.008615400541218898,22,-0.026039434934536976
3587,sh600865,2025-12-19,score_filtered,0.39610391433346054,0.25748499325782914,-0.09928983054374718,22,-0.2411541130356838
3588,bj920665,2025-12-19,score_filtered,0.15437789233588672,0.08703821666130507,-0.05833416953119197,22,-0.03569196236491878
3589,sz301306,2025-12-19,score_filtered,0.27832990874248287,0.42899162228367915,0.11785824027962,22,0.004117629107307064
3590,bj920857,2025-12-19,score_filtered,0.20965348764349728,0.11694784548165593,-0.07663818036224523,22,-0.08930051716202536
3591,bj920651,2025-12-19,score_filtered,0.1661764727096068,0.00021009290819806736,-0.1423166936439616,22,-0.17482663727984427
3592,bj920023,2025-12-22,expired,0.2876922900860126,0.08333333333333326,-0.15870170096229197,22,-0.20666662851969397
3593,bj920575,2025-12-22,operable_filtered,0.17764805296925193,0.3548021756273614,0.1504304466953803,22,0.12542368461377484
3594,sh600696,2025-12-22,operable_filtered,0.3812154474168466,0.04927531464514101,-0.24032465998878094,22,-0.33043480844864215
3595,bj920885,2025-12-22,operable_filtered,0.23663142804898205,0.13357533238060526,-0.08333614473228057,22,-0.06642468146584624
3596,sz002149,2025-12-22,operable_filtered,0.2834885365921367,0.3897544904286554,0.08279462636937263,22,0.150250926904979
3597,bj920363,2025-12-22,operable_filtered,0.12402761484810779,0.11250001146243216,-0.01025562293434712,22,0.029326953496454422
3598,sh603843,2025-12-22,operable_filtered,0.22720895645961858,0.595078400246462,0.2997610487199438,22,0.3333334044499896
3599,bj920274,2025-12-22,operable_filtered,0.36679005323902103,0.32353854000423166,-0.03164459174420531,22,-0.14661766993093606
3600,bj920943,2025-12-22,score_filtered,0.16859716164675376,0.17283018580022858,0.0036223125405419054,22,0.13660380525409055
3601,sh603601,2025-12-22,score_filtered,0.3586065489673642,0.3682243555411999,0.007079169890021442,22,0.0
3602,sz301338,2025-12-22,score_filtered,0.10037631000495797,0.46818725775757364,0.3342592387789214,22,0.41380543011374127
3603,sz002703,2025-12-22,score_filtered,0.19513045601222825,0.5203596103642762,0.27212858037040966,22,0.26916976169539586
3604,sh603778,2025-12-22,score_filtered,0.40945161454795115,1.0686567240660003,0.46770325615574526,22,0.13880601964939232
3605,bj920075,2025-12-22,score_filtered,0.14147057252771714,0.1744386564412579,0.028882114622135857,22,0.015544001510593652
3606,sh600355,2025-12-22,score_filtered,0.10288065560986637,0.16826930571590215,0.05928896274808415,22,0.1201923121009354
3607,sh601869,2025-12-22,score_filtered,0.1703422169268358,0.05242099409150858,-0.10075789895452358,22,-0.09899956317975345
3608,sz002788,2025-12-22,score_filtered,0.402969287979834,0.6641177009133732,0.18613979305959893,22,0.03588238884420947
3609,bj920407,2025-12-23,expired,0.18682434511411067,0.027421066649488735,-0.13431075889271182,22,-0.1270392195507939
3610,bj920274,2025-12-23,filtered,0.36679005323902103,0.20144483639570798,-0.1209733831845482,22,-0.24562383016574274
3611,bj920576,2025-12-23,filtered,0.24023352427338113,0.7095041765681533,0.37837281698195113,22,0.3501377231847531
3612,bj920885,2025-12-23,operable_filtered,0.23663142804898205,0.3289361507334607,0.0746420643943253,22,0.033617060235206164
3613,sh600696,2025-12-23,operable_filtered,0.37709495346442184,0.040697634929319326,-0.24428040905154158,22,-0.3633720869789775
3614,sz301338,2025-12-23,score_filtered,0.10037631000495797,0.4684222502831228,0.33447279528991913,22,0.3774826284855295
3615,sz000566,2025-12-23,score_filtered,0.22643676245759026,0.009280733731803936,-0.17706255664632808,22,-0.17517398748164148
3616,sh605255,2025-12-23,score_filtered,0.39546830350922046,0.48111419016618706,0.06137429738933564,22,-0.010665707187356266
3617,bj920223,2025-12-23,score_filtered,0.2177712943048763,0.04809153758939977,-0.13933630847517442,22,-0.1877862569856642
3618,bj920857,2025-12-23,score_filtered,0.20965348764349728,0.06737128545728499,-0.11762228079331172,22,-0.17384407613269304
3619,sz002149,2025-12-23,score_filtered,0.2834885365921367,0.4340599447960307,0.11731418233285096,22,0.18664845590516688
3620,sz300300,2025-12-23,score_filtered,0.357538826807255,0.1417721960602265,-0.1589395651058335,22,-0.27721519377002
3621,bj920092,2025-12-23,score_filtered,0.23740873180039582,0.36999998092651376,0.10715234644675675,22,0.03750000000000009
3622,sz002853,2025-12-23,score_filtered,0.1270169501503349,0.24342111097038366,0.10328519087891386,22,0.18070179724113733
3623,bj920023,2025-12-23,score_filtered,0.13457940243479297,0.06786420363629708,-0.05880170101389637,22,-0.07584832277058173
3624,sh600865,2025-12-23,score_filtered,0.39610391433346054,0.2671421262491145,-0.09237262839844995,22,-0.2408118211674899
3625,sh603778,2025-12-23,score_filtered,0.45959596272358105,0.9956802468100832,0.36728265751446587,22,-0.005039643395846727
3626,bj920786,2025-12-23,score_filtered,0.08055554353651218,0.05838040416574275,-0.020521980108670013,22,-0.03013179833074664
3627,sh603929,2025-12-23,score_filtered,0.1710119646051052,0.528443524160658,0.30523305513457144,22,0.2299900549458549
3628,bj920274,2025-12-24,filtered,0.37210919138213694,0.09746192903230422,-0.20016429018537374,22,-0.3144670258162048
3629,bj920885,2025-12-24,filtered,0.23663142804898205,0.2720977805608926,0.02867980847605134,22,-0.007331910526311658
3630,sz000551,2025-12-24,expired,0.18256132489526472,0.20882740530730426,0.022211178278104038,22,0.02239790156472954
3631,bj920576,2025-12-24,operable_filtered,0.24023352427338113,0.606601949648564,0.2954027755295747,22,0.292686092043386
3632,sh601869,2025-12-24,operable_filtered,0.1607047167956427,0.007752538626358829,-0.13177527062312544,22,-0.018528621732399442
3633,bj920575,2025-12-24,operable_filtered,0.17764805296925193,0.3246470964966188,0.12482425726152413,22,0.2692724790406513
3634,bj920943,2025-12-24,operable_filtered,0.16859716164675376,0.1430672788982077,-0.02184660684317441,22,-0.004045627370024452
3635,sz002163,2025-12-24,score_filtered,0.33479827559838204,0.24218368042188465,-0.0693847129334797,22,-0.17766749337373822
3636,sh600343,2025-12-24,score_filtered,0.3720518849799822,0.2269110096556819,-0.10578380957249134,22,-0.17675431915336715
3637,sh605255,2025-12-24,score_filtered,0.39546830350922046,0.38866244759529267,-0.0048771125053955755,22,-0.08331211357359669
3638,sz002703,2025-12-24,score_filtered,0.22017391038977582,0.4324863197389204,0.17400176117625965,22,0.10712504490394825
3639,sz000547,2025-12-24,score_filtered,0.33333334897374794,0.6591837357501595,0.24438778721556398,22,0.13183671600964608
3640,sz301123,2025-12-24,score_filtered,0.2136584956471513,0.13447705291726186,-0.06524194657218463,22,-0.10888205935390383
3641,bj920023,2025-12-24,score_filtered,0.12641510418531654,0.04950494862528321,-0.06827869696905287,22,-0.09504950513747168
3642,sz002149,2025-12-24,score_filtered,0.2834885365921367,0.25190294771560073,-0.024609171002337615,22,0.10014269725949765
3643,sh603698,2025-12-24,score_filtered,0.2811983508528291,0.3549831990998511,0.0575904958025486,22,-0.05767080915151401
3644,bj920885,2025-12-25,filtered,0.23663142804898205,0.24820139771603,0.009356037219029556,22,-0.05875304531607173
3645,bj920576,2025-12-25,expired,0.2345499997356668,0.4295093417024094,0.1579193568575481,22,0.144897510657382
3646,bj920092,2025-12-25,operable_filtered,0.23740873180039582,0.3901573257867741,0.12344231138900486,22,0.014206022306012756
3647,sh605598,2025-12-25,operable_filtered,0.25054916064829447,0.22452529201597748,-0.020809952500248863,22,-0.030063314919974937
3648,sh605255,2025-12-25,operable_filtered,0.39546830350922046,0.22483148467674674,-0.12227925091768044,22,-0.22359552276268435
3649,bj920274,2025-12-25,operable_filtered,0.37280296515948197,0.14573396278193917,-0.16540538456016785,22,-0.2978272702324751
3650,bj920943,2025-12-25,operable_filtered,0.14663145420653195,0.08482928054755479,-0.05389889962659722,22,-0.06159802919391455
3651,sh603163,2025-12-25,operable_filtered,0.2300247325630098,0.245591347157732,0.012655529748809125,22,0.22043264211339797
3652,bj920098,2025-12-25,score_filtered,0.11834496230944588,0.0536586029624615,-0.057841150563600174,22,-0.077743880987025
3653,sz002149,2025-12-25,score_filtered,0.2834885365921367,0.17740492549947562,-0.08265255829579099,22,0.10246080398626467
3654,sh603122,2025-12-25,score_filtered,0.3273941915358893,0.05647060917873015,-0.2041018290457346,22,-0.2713725520115272
3655,sz300751,2025-12-25,score_filtered,0.09779905474357058,1.1326473014102123,0.9426572578971357,22,0.956661024375153
3656,sz000609,2025-12-25,score_filtered,0.1963927028430963,0.0,-0.1641540460556058,22,-0.24448894712439473
3657,sh603216,2025-12-25,score_filtered,0.16944257639103058,0.47839199197265003,0.2641851954245207,22,0.1381909574228979
3658,bj920662,2025-12-25,score_filtered,0.16750074564583262,0.0784127371651786,-0.07630659664493211,22,-0.11682540651351692
3659,sh600343,2025-12-25,score_filtered,0.3720518849799822,0.17914250912830942,-0.1405991843045259,22,-0.2060255594432363
3660,sz300668,2025-12-25,score_filtered,0.19663085674576522,0.2938744650679248,0.0812645000536032,22,-0.0435926276138775
3661,sz301225,2025-12-26,operable_filtered,0.1224018321119107,0.5924091607274431,0.4187513911405212,22,0.3054941091056753
3662,bj920274,2025-12-26,operable_filtered,0.2735065762393729,0.042446255221240126,-0.18143629984263376,22,-0.20469147025841194
3663,sz002703,2025-12-26,operable_filtered,0.25600002122961957,0.25,-0.004777086885512594,22,-0.10130434450895887
3664,sz002201,2025-12-26,operable_filtered,0.1232227081156932,0.2961783553142854,0.1539816155326319,22,0.16242037370212792
3665,bj920857,2025-12-26,operable_filtered,0.2557066117339848,0.0,-0.20363563378939586,22,-0.2782765278722864
3666,sz301246,2025-12-26,operable_filtered,0.24140328384606272,0.10944123580311582,-0.10630070804558178,22,-0.17533722584344869
3667,bj920662,2025-12-26,operable_filtered,0.17221077925379719,0.02939397638494312,-0.12183542874411035,22,-0.16757577838319726
3668,sh600105,2025-12-26,score_filtered,0.17815387432391827,0.2509623007176711,0.061798741217512054,22,0.03425717138871276
3669,sh600879,2025-12-26,score_filtered,0.16408190571095885,0.6968421936035156,0.4576656378549029,22,0.37368423060366984
3670,sz300819,2025-12-26,score_filtered,0.16992143264790086,0.31029409520766316,0.11998469182845439,22,0.05882352941176472
3671,sh600179,2025-12-26,score_filtered,0.2239263868739309,0.0030769201425404624,-0.1804434229867934,22,-0.21076921316293573
3672,sz301292,2025-12-26,score_filtered,0.2796273000419674,0.013749970330132477,-0.20777716269660318,22,-0.2851388719346788
3673,sz002363,2025-12-26,score_filtered,0.1616070979255795,0.017257000584331328,-0.12426757515431108,22,-0.17438692428519031
3674,sz000510,2025-12-26,score_filtered,0.12445519333172432,0.694011511842969,0.5065175757014093,22,0.3642329559656712
3675,sh600343,2025-12-26,score_filtered,0.3720518849799822,0.1521739412120251,-0.1602548315956469,22,-0.1893116086784018
3676,bj920510,2025-12-26,score_filtered,0.27265503386150314,0.3599999917520058,0.06863207669519023,22,-0.031891900139885965
3677,bj920023,2025-12-26,score_filtered,0.09393346507475846,0.01590455673342861,-0.07132875154888652,22,-0.055666043365635964
3678,sz301123,2025-12-26,score_filtered,0.2136584956471513,0.09245940137406361,-0.0998626011417334,22,-0.1806554489694523
3679,sh603843,2025-12-29,breakout_support_filtered,0.2468443479148306,0.3010949068657851,0.04351028983022687,22,-0.031021911624498077
3680,sz002703,2025-12-29,expired,0.2730434915293818,0.19592341535355295,-0.06057929417885011,22,-0.15016640902121914
3681,bj920077,2025-12-29,operable_filtered,0.13467338475123622,0.18095235144025112,0.0407861568896859,22,0.011764654340884917
3682,sh603778,2025-12-29,operable_filtered,0.49891772412017865,0.6116277955686082,0.07519430161824747,22,-0.059302349565091284
3683,sz301225,2025-12-29,operable_filtered,0.15550866514211595,0.23815100460083416,0.07152031131549674,22,0.01024974577431137
3684,sz300819,2025-12-29,operable_filtered,0.16992143264790086,0.29997078033210234,0.11116075323952224,22,0.10125477602428856
3685,sh600343,2025-12-29,operable_filtered,0.3720518849799822,0.12417151911179425,-0.18066398842621345,22,-0.1964206743114012
3686,sh605255,2025-12-29,operable_filtered,0.39546830350922046,0.04817309746375442,-0.2488735897276304,22,-0.34947116558368385
3687,sz300751,2025-12-29,score_filtered,0.11426272149380026,0.8157920520144804,0.6295905956363661,22,0.5116346596317671
3688,sz301005,2025-12-29,score_filtered,0.14989714725629297,0.4703347134322713,0.27866628501562696,22,0.14414420871981903
3689,sz002361,2025-12-29,score_filtered,0.3546607638800123,0.2977808743179471,-0.04198829041091445,22,-0.14817470357420337
3690,sh603601,2025-12-29,score_filtered,0.3586065489673642,0.19315401769683693,-0.12178104941145962,22,-0.07742467216766513
3691,sh688523,2025-12-29,score_filtered,0.34720167173171473,0.787466926509619,0.3267998132840648,22,0.1334465790092716
3692,sz300699,2025-12-29,score_filtered,0.14088986055907782,0.18000001907348628,0.034280398017774605,22,-0.0017499923706054688
3693,sz002591,2025-12-30,traded,0.26800845820254404,0.027203483287816743,-0.18990801942762947,22,-0.16430901207741921
3694,sh603843,2025-12-30,operable_filtered,0.2468443479148306,0.3010949068657851,0.04351028983022687,22,0.018248157716151958
3695,bj920510,2025-12-30,expired,0.2162741354135822,0.03318584014781445,-0.1505320962888933,22,-0.20929201161052047
3696,sz300456,2025-12-30,operable_filtered,0.19487652084727924,0.09519039180469524,-0.08342797544628067,22,-0.1356045858674133
3697,sh605069,2025-12-30,operable_filtered,0.17439022702450233,0.12714772532947816,-0.04022726058843351,22,-0.1044673840438557
3698,sz002703,2025-12-30,operable_filtered,0.28278257950492525,0.340951459135012,0.04534586028798149,22,-0.05690304059298612
3699,sz002471,2025-12-30,operable_filtered,0.24248702261680732,0.32010939727326115,0.062473388649946004,22,0.17783853954496687
3700,sz301225,2025-12-30,operable_filtered,0.1641757994883783,0.2074193107249005,0.03714517279566065,22,-0.04595160506443963
3701,sh603122,2025-12-30,operable_filtered,0.3226414806437942,0.0424862281850753,-0.21181496010721945,22,-0.3103854982678168
3702,bj920533,2025-12-30,operable_filtered,0.12964090534860945,0.004892961580399868,-0.11043150365532495,22,-0.11743119458700302
3703,sz300503,2025-12-30,score_filtered,0.2404554641129743,0.1963140977635971,-0.03558480544155762,22,-0.08413461332725591
3704,sz002788,2025-12-30,score_filtered,0.43831743269399065,0.2094913062737176,-0.15909292428701105,22,-0.33219323244309595
3705,sh605255,2025-12-30,score_filtered,0.3283049524420672,0.0,-0.24716082842157883,22,-0.3048619251456164
3706,sh688160,2025-12-30,score_filtered,0.22418603231740553,0.14720208365476561,-0.06288582505463491,22,-0.16280929250427345
3707,sh603216,2025-12-30,score_filtered,0.1893269775791882,0.3246286037383004,0.11376318599491575,22,0.015308427132065372
3708,bj920857,2025-12-30,score_filtered,0.2627253826630712,0.04198896203670266,-0.17480952205208566,22,-0.26077348991997884
3709,bj920576,2025-12-31,breakout_support_filtered,0.2345499997356668,0.7571854089849275,0.42334082002443285,22,0.42120913431807216
3710,sz002969,2025-12-31,expired,0.16097557253953887,1.6347212978481571,1.2694028713153025,22,1.3605656180394132
3711,bj920130,2025-12-31,operable_filtered,0.24471295611853267,0.2490565461932488,0.0034896319294861478,22,-0.05207544002892839
3712,sz300503,2025-12-31,operable_filtered,0.2404554641129743,0.1997749929493704,-0.03279478573839312,22,-0.06219869287457236
3713,sh603778,2025-12-31,operable_filtered,0.49891772412017865,0.5357340988934418,0.02456197173522212,22,-0.10526314120995439
3714,sz301225,2025-12-31,operable_filtered,0.1850659025545055,0.10099100928006566,-0.07094533147330429,22,-0.11273546095815457
3715,bj920510,2025-12-31,operable_filtered,0.15406031611892865,0.05637253137424936,-0.08464703567071818,22,-0.1088234977876158
3716,sz002149,2025-12-31,operable_filtered,0.2834885365921367,0.281208345594961,-0.0017765573530013068,22,0.26677028430509675
3717,sz300885,2025-12-31,operable_filtered,0.27982407933731224,0.09975813344612905,-0.1406958571872008,22,-0.18077391531372544
3718,sz002471,2025-12-31,score_filtered,0.24248702261680732,0.2565103950813252,0.01128653435348026,22,0.23307297899737156
3719,sh688160,2025-12-31,score_filtered,0.22994187820789425,0.17366084215811228,-0.045759102155125464,22,-0.10030703952323028
3720,sh603843,2025-12-31,score_filtered,0.2468443479148306,0.23356398886313023,-0.010651176366889614,22,0.013840816747774376
3721,bj920270,2025-12-31,score_filtered,0.2873218263786174,0.1201680967240566,-0.12984610858714585,22,-0.20210082437533927
3722,sz000547,2025-12-31,score_filtered,0.33333334897374794,0.23144512550192853,-0.0764161667074792,22,-0.019085043485355335
3723,bj920145,2025-12-31,score_filtered,0.29984235439876467,0.0011833837808856718,-0.2297655324179848,22,-0.33254438573255085
3724,bj920533,2025-12-31,score_filtered,0.11728398041506259,0.031190370693995106,-0.07705615692179191,22,-0.07733928387254174
3725,sz000559,2025-12-31,score_filtered,0.19495413526322025,0.32121207497336646,0.10565923493150176,22,0.06181820956143458
3726,bj920179,2026-01-05,expired,0.13074858469485623,0.3228428892507824,0.1698824187410013,22,0.1000416690882866
3727,sh603778,2026-01-05,expired,0.49891772412017865,0.40141548792107407,-0.06504842435987301,22,-0.15672397744468713
3728,sz002413,2026-01-05,operable_filtered,0.3494332570895271,0.399310407967403,0.036961554501370175,22,-0.01999999736917435
3729,sz300885,2026-01-05,operable_filtered,0.2764429321906729,0.06562682672977949,-0.1651590526644885,22,-0.2062978317633163
3730,sz002969,2026-01-05,score_filtered,0.16097557253953887,1.4481752833926804,1.1087224755620806,21,1.1934306317827912
3731,bj920394,2026-01-05,score_filtered,0.12503700109484855,0.5207021584028195,0.35169079498978517,22,0.30535553812255256
3732,sz301225,2026-01-05,score_filtered,0.19223292987137397,0.16861446890211917,-0.01981027396366486,22,-0.07278279705821011
3733,bj920925,2026-01-05,score_filtered,0.3810810913910737,0.0,-0.2759295553074551,22,-0.38648646586650126
3734,bj920575,2026-01-05,score_filtered,0.17764805296925193,0.42191141232498475,0.20741626391676338,22,0.2902097661141505
3735,sz002347,2026-01-05,score_filtered,0.3404401528371319,0.17163578893073828,-0.12593204071745223,22,-0.20547946995072863
3736,bj920670,2026-01-05,score_filtered,0.3388888747603805,0.4917126757434682,0.11414225920014354,22,-0.038674074485440024
3737,sz300599,2026-01-05,score_filtered,0.09145296686046905,0.2238492987152232,0.12130282831663197,22,0.16527195129238326
3738,bj920300,2026-01-05,score_filtered,0.22263155485454358,0.1078717447591564,-0.09386295457509297,22,-0.1329445938009055
3739,sh603608,2026-01-05,score_filtered,0.16108953984807411,0.2635201853560263,0.0882194197713253,22,0.01868235781297445
3740,sh688258,2026-01-05,score_filtered,0.2535745956152286,0.948628631238585,0.5544576589654309,22,0.4399217131761093
3741,sh600696,2026-01-06,filtered,0.381250003259629,0.14695343779086634,-0.16962647233726214,22,-0.2939067901270438
3742,bj920179,2026-01-06,expired,0.13074858469485623,0.29557050512616967,0.1457635434279958,22,0.07164723823791985
3743,bj920092,2026-01-06,traded,0.2828467192663307,0.14166665077209473,-0.11005217254246702,22,-0.200416644414266
3744,sz300430,2026-01-06,expired,0.1987486052030533,0.005923726251620742,-0.16085514353426122,22,-0.200666420968717
3745,bj920576,2026-01-06,traded,0.2629925004361498,0.4601176542394301,0.156077849817166,22,0.011882378073299726
3746,sz002413,2026-01-06,operable_filtered,0.3494332570895271,0.2841772576322765,-0.04835807855958396,22,-0.07278484546341657
3747,sz002149,2026-01-06,operable_filtered,0.2834885365921367,0.23361701153694314,-0.038856229435138,22,0.17893616696621506
3748,sz301005,2026-01-06,operable_filtered,0.2564226451403039,0.4280625343322755,0.13660999334567436,22,0.03931245803833017
3749,sz301330,2026-01-06,operable_filtered,0.24198022219214108,0.1438278200375369,-0.07902895746710159,22,-0.14337489495542377
3750,bj920199,2026-01-07,filtered,0.3262492019707702,0.10268332213036158,-0.1685700391059205,22,-0.26583184623836054
3751,bj920092,2026-01-07,breakout_support_filtered,0.2828467192663307,0.255153445455377,-0.02158735988878835,22,-0.15277137407824948
3752,sh600775,2026-01-07,filtered,0.28692618218490773,0.1788235832663143,-0.08400062133716168,22,-0.15941176694982195
3753,bj920179,2026-01-07,expired,0.1649598395988047,0.41991051761515363,0.21884932797696277,22,0.1304250093255266
3754,sz002788,2026-01-07,operable_filtered,0.43831743269399065,0.13250606220766525,-0.21261744002750216,22,-0.34427544191619364
3755,bj920576,2026-01-07,operable_filtered,0.28120217028641303,0.39074410109033497,0.0854993328487994,22,-0.03787536232999189
3756,sh688766,2026-01-07,operable_filtered,0.11545061150466368,0.7044974571575875,0.5280797191534474,22,0.4910428837450751
3757,bj920857,2026-01-07,operable_filtered,0.2705405467265361,0.0013531592971087747,-0.2118683957965536,22,-0.288768602326955
3758,sz301363,2026-01-07,operable_filtered,0.27736717166622543,0.023640662364926568,-0.1986324018099921,22,-0.2737588683822103
3759,sz301213,2026-01-07,operable_filtered,0.33837579343778934,0.32056078189886894,-0.013310918821357487,22,-0.12908873387076003
3760,bj920751,2026-01-07,operable_filtered,0.09866100492812394,0.14435484007419586,0.04159047689970685,22,0.036693543363187864
3761,sz000608,2026-01-07,score_filtered,0.06153846247896873,0.21875001164153196,0.14809783603641957,22,0.14375000977888686
3762,sh600266,2026-01-07,score_filtered,0.24666665395100912,0.06990010772029942,-0.14179134869011767,22,-0.1783166846200499
3763,sz002173,2026-01-08,filtered,0.2560689381789048,0.1609091325239702,-0.07576001823028977,22,-0.11424243811405066
3764,sh600337,2026-01-08,traded,0.3934426403422775,0.0,-0.28235295013337214,22,-0.3676814848374158
3765,bj920199,2026-01-08,filtered,0.303071007334218,0.15529271107374476,-0.11340770796734512,22,-0.1711904132918899
3766,bj920179,2026-01-08,expired,0.1649598395988047,0.3779852220653148,0.18286070920682795,21,0.09704727035891692
3767,sz001331,2026-01-08,expired,0.19384613037109374,0.10169491525423724,-0.07718851933474224,22,-0.030847452454647817
3768,sh600696,2026-01-08,filtered,0.381250003259629,0.06666668256123853,-0.2277526298323993,22,-0.36000001430511475
3769,sh600775,2026-01-08,filtered,0.28692618218490773,0.1309256033900863,-0.12121952366371791,22,-0.17325055382539123
3770,sz002149,2026-01-08,expired,0.2834885365921367,0.1864129488328643,-0.0756341681220023,22,0.11888687334307124
3771,sz301363,2026-01-08,expired,0.22164178304260818,0.0022438332390517512,-0.17959270290929807,22,-0.19845422496499154
3772,sz301005,2026-01-08,expired,0.2564226451403039,0.290903985837085,0.027444061781400464,22,-0.03519771597479693
3773,sz002788,2026-01-08,operable_filtered,0.43831743269399065,0.039309391225733625,-0.27741306084353634,22,-0.4044820171424539
3774,bj920576,2026-01-08,operable_filtered,0.28144388150347327,0.18924875320517187,-0.07194628623934118,22,-0.16634726436202807
3775,sz002195,2026-01-08,operable_filtered,0.2615617830948316,0.275628567286057,0.011150293532764755,22,-0.019342341036144073
3776,sz002792,2026-01-08,operable_filtered,0.3578732180786802,0.2798812897656886,-0.057436826409571595,22,-0.11533764529679658
3777,sh688037,2026-01-08,operable_filtered,0.17590727722075208,0.16136586259051078,-0.01236612351325006,22,0.02297564250666917
3778,bj920199,2026-01-09,filtered,0.303071007334218,0.15596510251249796,-0.11289170274969484,22,-0.16236661601863556
3779,sh600696,2026-01-09,filtered,0.381250003259629,0.015873000254767344,-0.2645263363928355,22,-0.358730184199918
3780,sz002173,2026-01-09,filtered,0.2560689381789048,0.08220338197682775,-0.13842039311485066,22,-0.18163847275045475
3781,sh600775,2026-01-09,filtered,0.28692618218490773,0.10352428876166231,-0.14251158765910787,22,-0.2053964522895011
3782,sh603938,2026-01-09,expired,0.15606161259744342,0.2441666920979817,0.07621140477330046,22,0.09791668256123853
3783,sz001331,2026-01-09,operable_filtered,0.18747087514919555,0.10182810881213977,-0.07212199316155488,22,-0.05689386785935324
3784,sz002324,2026-01-09,operable_filtered,0.2648270232015443,0.06491234645215571,-0.15805693038037893,22,-0.21008768282731982
3785,sh688221,2026-01-09,operable_filtered,0.2768512129350559,0.05156083134174505,-0.1764421565418286,22,-0.15398103663293494
3786,sh603015,2026-01-09,operable_filtered,0.214133889389993,0.09994149757295201,-0.09405255286500058,22,-0.12682647297250293
3787,sz301079,2026-01-09,score_filtered,0.3845167016737025,0.21982607634171192,-0.11895170721516102,22,-0.2439999787703805
3788,bj920751,2026-01-09,score_filtered,0.09866100492812394,0.09872238655023091,5.5869482789905334e-05,22,0.0065814973595073045
3789,sz300503,2026-01-09,score_filtered,0.2543871572713034,0.1800506403186013,-0.0592612229181364,22,-0.09421434148922381
3790,sz300878,2026-01-09,score_filtered,0.2805173720344353,0.050382074357331996,-0.17972055881715487,22,-0.2190773075947995
3791,bj920199,2026-01-12,filtered,0.25211597888994713,0.02833331072771994,-0.17872359424773088,22,-0.22407404581705725
3792,bj920751,2026-01-12,traded,0.08610217460233416,0.013933526003485852,-0.066447384312873,22,-0.04787424664328099
3793,sh600696,2026-01-12,filtered,0.3486841960792064,0.0,-0.25853657742329517,22,-0.30263160784158716
3794,bj920396,2026-01-12,filtered,0.19459456939508224,0.0011764526367188388,-0.16191109662946668,22,-0.2138823565314798
3795,sz300986,2026-01-12,expired,0.3086717826880409,0.700261204943073,0.29922661085478497,22,0.12653972653220813
3796,sz301079,2026-01-12,expired,0.3508270952038299,0.022919517225167718,-0.2427457808204413,22,-0.3467158925528733
3797,bj920640,2026-01-12,operable_filtered,0.17351849873860678,0.018867924528301883,-0.1317836696878114,22,-0.13283020595334616
3798,bj920092,2026-01-12,operable_filtered,0.2828467192663307,0.10931169118188744,-0.13527339274304662,22,-0.21072873534140846
3799,sh688387,2026-01-12,operable_filtered,0.2527076001818523,0.11022048416078767,-0.11374331567907792,22,-0.22294584467454093
3800,bj920576,2026-01-12,operable_filtered,0.26151262812253806,0.05337699136177232,-0.16498894432038014,22,-0.25882975611060666
3801,bj920077,2026-01-12,operable_filtered,0.1334650972163269,0.011499977111816495,-0.10760377218852535,22,-0.12049999237060549
3802,bj920021,2026-01-13,expired,0.22254971053840364,0.6305969316063407,0.3337673859398613,22,0.42164173428161056
3803,bj920670,2026-01-13,expired,0.2568376208058809,0.1453744135579904,-0.08868544782771592,22,-0.050416087677911836
3804,bj920199,2026-01-13,filtered,0.20895240420386904,0.06490873858947044,-0.11914750747301395,22,-0.14685594271423374
3805,bj920270,2026-01-13,filtered,0.3075769246013491,0.31849657530919195,0.00835105797784852,22,-0.09841740052898273
3806,bj920116,2026-01-13,expired,0.31693013560168726,0.1535294476677389,-0.1240769601337226,22,-0.23897058823529416
3807,bj920207,2026-01-13,filtered,0.36148796897090235,0.11463416494974266,-0.18131177773663854,22,-0.2851219642453078
3808,bj920227,2026-01-13,expired,0.30995166051040357,0.2890868396687041,-0.015927931900609038,22,-0.1280623564497183
3809,bj920394,2026-01-13,filtered,0.17771532717999386,0.37918371083785085,0.171067132275732,22,0.17122447733976398
3810,bj920575,2026-01-13,traded,0.1631147378876911,0.12962959201901758,-0.028789202628010102,22,-0.09259259095734862
3811,sz301005,2026-01-13,expired,0.2696398053708078,0.12004904653511805,-0.11782141533598234,22,-0.21274506812002147
3812,bj920367,2026-01-13,operable_filtered,0.25466664632161456,0.11111111111111116,-0.1144172722143959,22,-0.18259260389539933
3813,sh600776,2026-01-13,operable_filtered,0.3159837363502064,0.05944468032478478,-0.19494090157748878,22,-0.279624548449938
3814,sz300063,2026-01-13,operable_filtered,0.26862423840883765,0.2595889663803683,-0.007122102632850291,22,0.023287615755483104
3815,sz300785,2026-01-13,operable_filtered,0.26510904786719813,0.16014385592630198,-0.0829692840453976,22,-0.10385831503797927
3816,sz301378,2026-01-13,operable_filtered,0.26158634803777187,0.21392036181346485,-0.03778257928872253,22,-0.1067378901815107
3817,sz003041,2026-01-13,operable_filtered,0.21297295029098923,0.07199770112401782,-0.1162229125828006,22,-0.07373606030128543
3818,sh603778,2026-01-13,operable_filtered,0.49891772412017865,0.08365908506767461,-0.2770389811063504,22,-0.4562157979319956
3819,bj920670,2026-01-14,expired,0.20448312424046344,0.0409524100167411,-0.1357683731159317,22,-0.06238092694963726
3820,bj920021,2026-01-14,expired,0.21851850439001014,0.4327868701244866,0.1758433416993852,22,0.25737708134537174
3821,bj920394,2026-01-14,filtered,0.17771532717999386,0.18561406721148566,0.006706833008962576,22,0.0
3822,bj920169,2026-01-14,expired,0.2849109162695735,0.27084323620454875,-0.010948369950709802,22,-0.09742735105256295
3823,bj920207,2026-01-14,filtered,0.22186665852864584,0.013513513513513598,-0.17052036207128196,22,-0.1735135155755121
3824,bj920227,2026-01-14,expired,0.2594103764009092,0.05745098637599577,-0.16036027160746813,22,-0.2446078132180607
3825,sz301378,2026-01-14,expired,0.22421089138669828,0.038992218124107136,-0.15129637758147108,22,-0.20635872907799424
3826,bj920046,2026-01-14,breakout_support_filtered,0.22100311352246219,0.8212290038471968,0.49158424223272257,22,0.5005587252943737
3827,bj920088,2026-01-14,traded,0.3104325719813281,0.5720000267028809,0.19960390203524314,22,0.08325004577636719
3828,sz301159,2026-01-14,expired,0.18382992418995345,0.043454534357244334,-0.11857732852019454,22,-0.12309091741388489
3829,sz300063,2026-01-14,expired,0.1568627524311749,0.13839285931503809,-0.015965500728000737,22,-0.08992345790622758
3830,sz301001,2026-01-14,traded,0.15966384653112392,0.0,-0.13768114528078357,22,-0.17004442434746136
3831,sz300785,2026-01-14,expired,0.2086893531122789,0.12246578686857879,-0.07133641578101213,22,-0.16547947713773548
3832,bj920130,2026-01-14,operable_filtered,0.19392522174520113,0.0,-0.16242660613345128,22,-0.16288382209249652
3833,bj920116,2026-01-14,operable_filtered,0.2400724438653476,0.029850746268656803,-0.16952372309913022,22,-0.2319403121720499
3834,bj920392,2026-01-14,operable_filtered,0.05860800435294698,0.033308068063035545,-0.023899249000460254,22,-0.03671458404819805
3835,sh688365,2026-01-14,operable_filtered,0.19070667605877392,0.0009690144551894875,-0.15934878456515755,22,-0.19702838031350012
3836,sh603828,2026-01-14,operable_filtered,0.3040330955557988,0.0,-0.23314829707310092,22,-0.30299899504227434
3837,sh600986,2026-01-14,operable_filtered,0.19166668256123862,0.3733332951863606,0.1524475050646441,22,0.04666670163472486
3838,bj920021,2026-01-15,expired,0.1418764077335351,0.5199999601944634,0.3311422759065936,22,0.2400000199027683
3839,bj920394,2026-01-15,filtered,0.17771532717999386,0.2683934568203181,0.07699494737616308,22,0.0807057648324998
3840,bj920270,2026-01-15,traded,0.1935343129445064,0.07971691348536813,-0.0953616483621198,22,-0.10660378054479269
3841,bj920227,2026-01-15,expired,0.16090221238513808,0.08863426249525275,-0.06225153946550477,22,-0.10991574211253763
3842,bj920207,2026-01-15,expired,0.1733710783047139,0.09085286066924603,-0.07032576408367786,22,-0.09394316619867071
3843,sz000608,2026-01-15,expired,0.06153846247896873,0.16071435033667036,0.0934265609425966,22,0.10714290022444706
3844,sz002044,2026-01-15,expired,0.13780483705950566,0.06910035563223627,-0.06038336205779049,22,-0.13428946539281306
3845,sz301378,2026-01-15,expired,0.14957805747573602,0.014337727160408154,-0.11764345138275423,22,-0.17825803761946235
3846,sh688679,2026-01-15,operable_filtered,0.23273022843323543,0.38686129163873884,0.12503227360734015,22,0.069571150238249
3847,sz300758,2026-01-15,operable_filtered,0.20694449730370668,0.1338583331514427,-0.060554701823934076,22,-0.10813645923590309
3848,bj920088,2026-01-15,operable_filtered,0.3104325719813281,0.6812833824246092,0.28299877336120205,22,0.4601603845541078
3849,bj920090,2026-01-15,operable_filtered,0.298507475964501,0.011320774182032256,-0.22116676807667446,22,-0.2779874328514299
3850,sz002131,2026-01-15,operable_filtered,0.16279063964934357,0.10256411040166302,-0.0517948177376476,22,0.028846203810601434
3851,sh600676,2026-01-15,operable_filtered,0.2278978489304983,0.13743022593557308,-0.07367683156520122,22,-0.09385476765243206
3852,sh605287,2026-01-15,operable_filtered,0.1610244634718887,0.8253627139489597,0.5722000452001297,22,0.46587854873424206
3853,bj920021,2026-01-16,expired,0.17791760515569005,0.8208332132962062,0.5458069438189095,22,0.44791656939520164
3854,bj920179,2026-01-16,expired,0.1649598395988047,0.22057694655198312,0.04774165173997069,19,0.0748076805701623
3855,bj920227,2026-01-16,expired,0.17851767335750646,0.19665803113381242,0.015392520779621055,22,-0.027249391560713154
3856,bj920207,2026-01-16,expired,0.1733710783047139,0.1487146034136142,-0.02101336512122276,22,-0.047835969256494026
3857,bj920046,2026-01-16,filtered,0.22100311352246219,0.8920487138846349,0.5495854948528989,22,0.6883343543497402
3858,sz000608,2026-01-16,expired,0.06153846247896873,0.1403508796390538,0.07424358131691,22,0.09064325610058743
3859,bj920169,2026-01-16,expired,0.1457679879931848,0.11649999618530282,-0.02554443143340468,22,-0.04624996185302732
3860,sh688270,2026-01-16,operable_filtered,0.2260087665758635,0.17878193650302032,-0.03852079313000634,22,-0.09936925551987208
3861,sz301348,2026-01-16,operable_filtered,0.26472151850446873,0.21730712298346533,-0.03748998876612042,22,-0.08750400854236007
3862,sh688525,2026-01-16,operable_filtered,0.21452836918213322,0.144888899061415,-0.057338693675482943,22,-0.064111073811849
3863,sh603929,2026-01-16,operable_filtered,0.15976331360946747,0.0,-0.1377551020408163,22,-0.1688756999179456
3864,bj920576,2026-01-16,operable_filtered,0.2979831855838038,0.27422637089330815,-0.018302867829378178,22,-0.07163510531244077
3865,sz300567,2026-01-16,operable_filtered,0.15140569673914722,0.17534004608767928,0.020787068725051094,22,0.14577174304144846
3866,sz300342,2026-01-16,operable_filtered,0.26396426676995044,0.1292124338090923,-0.10661047665945123,22,-0.17516671340226375
3867,sh688031,2026-01-16,operable_filtered,0.21871042408807362,0.35226564819339723,0.1095873322042511,22,0.26849898273283257
3868,sz002865,2026-01-16,score_filtered,0.24580048191775306,0.3504629426450563,0.0840122172421931,22,-0.0026620758434211522
3869,sz001270,2026-01-16,score_filtered,0.24717689146266306,0.3659511693838926,0.09523450821954649,22,0.1054435509480176
3870,sz002796,2026-01-16,score_filtered,0.13629255580542626,0.15440181197262137,0.01593714230958687,22,0.07810381815036438
3871,sh603626,2026-01-16,score_filtered,0.19477989813554628,0.2865444616421291,0.07680457601419421,22,0.2025032905386388
3872,bj920394,2026-01-19,filtered,0.17771532717999386,0.16920419936136155,-0.0072268124751436735,22,-0.01211074000310064
3873,bj920046,2026-01-19,expired,0.22100311352246219,0.4173912380052649,0.160841624650935,22,0.30043477597443946
3874,sz300567,2026-01-19,expired,0.15140569673914722,0.11165490706145986,-0.03452370419068107,22,0.08368874587752395
3875,bj920576,2026-01-19,operable_filtered,0.2979831855838038,0.19250424800310406,-0.08126371647353636,22,-0.15101713154187701
3876,sz301005,2026-01-19,operable_filtered,0.3028141309378903,0.020409107545502625,-0.2167653978308367,22,-0.22981418308271018
3877,sz300215,2026-01-19,operable_filtered,0.18853251579934358,0.11857294292794429,-0.05886214465436668,22,0.06505770230129726
3878,sh688031,2026-01-19,operable_filtered,0.21871042408807362,0.22940261642654214,0.00877336578660115,22,0.10649350649350642
3879,sz002112,2026-01-19,operable_filtered,0.2067756776806641,0.24413149996230077,0.03095506726936348,22,0.1488262999924601
3880,sz000608,2026-01-19,operable_filtered,0.06153846247896873,0.13702624474132374,0.0711116788797943,22,0.05539353210028075
3881,bj920299,2026-01-19,operable_filtered,0.24613962192086614,0.21729325578025227,-0.02314858273758169,22,0.015037579428341719
3882,sh603667,2026-01-19,operable_filtered,0.16961916233340188,0.0864045218135534,-0.07114678281589915,22,-0.0976404768697331
3883,sh600879,2026-01-19,operable_filtered,0.22441194123959476,0.1647537511248307,-0.04872395319369904,22,-0.039614945788858824
3884,sz301225,2026-01-19,operable_filtered,0.26884825775221316,0.06945931211784462,-0.157141679011791,22,-0.1989304522902644
3885,sh688523,2026-01-19,operable_filtered,0.20375839335806417,0.12588789574674797,-0.06468947426741078,22,-0.08871088248933423
3886,sz300503,2026-01-19,score_filtered,0.2407662347548794,0.09756461788978177,-0.11541385706179208,22,-0.17274242744227752
3887,sh600058,2026-01-19,score_filtered,0.21351025199894855,0.18853047673120082,-0.020584725367255752,22,-0.030107532762473244
3888,sh600785,2026-01-19,score_filtered,0.2460374592000198,0.34106276356193943,0.0762619965076552,22,0.0222221771748059
3889,bj920021,2026-01-20,traded,0.2231121121660694,0.5978062351647628,0.30634487163660684,22,0.183729461241114
3890,bj920471,2026-01-20,traded,0.26592920917866786,0.2921669912649103,0.020726105295623576,22,-0.06689537401973022
3891,bj920046,2026-01-20,expired,0.22100311352246219,0.2596599509764217,0.03165990080274139,22,0.15726436376176034
3892,sz002358,2026-01-20,expired,0.17780432310348834,0.194622278113046,0.014279073934151398,22,0.14852757141460726
3893,bj920199,2026-01-20,filtered,0.14687759821395688,0.048008600766602294,-0.086207104926737,22,-0.0686760471261697
3894,bj920227,2026-01-20,filtered,0.18184748209079504,0.21540470402978462,0.028393868453841176,22,-0.023759787611994487
3895,sz300986,2026-01-20,operable_filtered,0.31964873128024174,0.3476331439415101,0.02120595579561524,22,-0.10680469776593038
3896,sz300215,2026-01-20,operable_filtered,0.1522842580617427,0.09896907804369337,-0.04626912122164262,22,0.047422685277539456
3897,bj920299,2026-01-20,operable_filtered,0.11557972789737138,0.09110953387747656,-0.02193495759018127,22,0.029022811736066467
3898,sh603286,2026-01-20,operable_filtered,0.20450529284178523,0.07875321325157913,-0.10440143379820244,22,-0.15572516668431646
3899,bj920726,2026-01-20,score_filtered,0.1779047648111979,0.05506434427030693,-0.10428722610743557,22,-0.14147904618765994
3900,sz300058,2026-01-20,score_filtered,0.25092103935899346,0.3896473498974664,0.11089933430935028,22,0.05233220024383245
3901,bj920914,2026-01-20,score_filtered,0.19413405038277504,0.08484846172910743,-0.09151869391768586,22,-0.12484851027979993
3902,bj920706,2026-01-20,score_filtered,0.20828399902623643,0.08961955958324608,-0.098209063050262,22,-0.10606063400956278
3903,bj920751,2026-01-20,score_filtered,0.07399572009234578,0.07013569648934226,-0.003594077267525475,22,-0.018099529937821268
3904,sz002112,2026-01-20,score_filtered,0.2067756776806641,0.20619029714270143,-0.00048507817052445557,22,0.1247155146451302
3905,sh601616,2026-01-20,score_filtered,0.24364724970094329,0.17781694707854534,-0.052933259522125686,22,-0.03169011158073787
3906,bj920526,2026-01-20,score_filtered,0.1903448433711611,0.03793841967362499,-0.12803552226589032,22,-0.160343642231647
3907,sz301611,2026-01-20,score_filtered,0.15140845070422534,0.03945537929556253,-0.09723141370048993,22,-0.0738599218373811
3908,bj920471,2026-01-21,breakout_support_filtered,0.2672566731671245,0.3341204054883449,0.05276258057029182,22,-0.07201890369342179
3909,bj920046,2026-01-21,expired,0.22100311352246219,0.3039999389648438,0.06797429467886018,22,0.1719999694824219
3910,bj920427,2026-01-21,expired,0.3953781174532503,0.2532911808276004,-0.10182683449628505,22,-0.27014218937712264
3911,sz300986,2026-01-21,operable_filtered,0.32996704788236564,0.3765487768817126,0.035024724164043564,22,-0.1063765621496493
3912,sz002718,2026-01-21,operable_filtered,0.1811795947652208,0.2942006376523658,0.09568489278686676,22,0.06771165456397132
3913,sz301486,2026-01-21,operable_filtered,0.17510756834847838,0.5246148064982457,0.2974257400460558,22,0.20528406270208754
3914,sh688031,2026-01-21,operable_filtered,0.21871042408807362,0.22332144895428296,0.0037835278792002214,22,0.17059207747568927
3915,sz301232,2026-01-21,operable_filtered,0.2754014755900319,0.5710769418569712,0.23182932741249407,22,0.31815382737379805
3916,sh603090,2026-01-21,operable_filtered,0.28128469723494753,0.09791530052310171,-0.1431137022923653,22,-0.15202926411706597
3917,sz300567,2026-01-21,operable_filtered,0.15140569673914722,0.042554624135621166,-0.09453754911218448,22,0.006491413866779094
3918,sh603608,2026-01-21,operable_filtered,0.17976656428336163,0.17244528619931465,-0.006205700606962239,22,0.027372280081267686
3919,sz300842,2026-01-21,score_filtered,0.13579259866320456,0.2953419760231806,0.1404740421338906,22,0.19379610052145368
3920,sh603667,2026-01-21,score_filtered,0.17778469342601705,0.09862515730587118,-0.06721053224921902,22,-0.1262356589101591
3921,bj920299,2026-01-21,score_filtered,0.0955909575985583,0.1651628493379389,0.06350170312821524,22,0.12867794100029628
3922,sh603626,2026-01-21,score_filtered,0.18781927478784963,0.2116182697404052,0.020035872003176802,22,0.13775932125614965
3923,bj920088,2026-01-21,score_filtered,0.3104325719813281,0.9264250856030478,0.470068072781769,22,0.9264250856030478
3924,sh688125,2026-01-21,score_filtered,0.10237375895182292,0.45922141268878547,0.32370840727945693,22,0.3806928039922417
3925,sh600696,2026-01-22,filtered,0.17842325786017058,0.0807175180348152,-0.08291226363163728,22,-0.14349778014129344
3926,bj920021,2026-01-22,traded,0.3346681682491041,0.4542428349864216,0.0895913078485886,22,-0.12728790585505234
3927,bj920394,2026-01-22,traded,0.19739567610455183,0.17530437967051626,-0.01844945398993303,22,-0.14939130700152858
3928,bj920471,2026-01-22,breakout_support_filtered,0.2986725613303301,0.30787034047606676,0.007082446661007991,22,-0.10300929490246746
3929,bj920046,2026-01-22,expired,0.22100311352246219,0.2779301521609603,0.0466231723801831,22,0.12112897392644717
3930,bj920427,2026-01-22,traded,0.40588231947064823,0.08775137796790822,-0.2262856123139273,22,-0.3761425894839009
3931,bj920640,2026-01-22,traded,0.09861972673826454,0.14989293117003788,0.046670565969173294,22,-0.0760171130420576
3932,bj920014,2026-01-22,operable_filtered,0.16470591021885703,0.21487037184971958,0.04307049632935778,22,0.21487037184971958
3933,sh603601,2026-01-22,operable_filtered,0.1379572775709101,0.3213591654998045,0.16116763919326127,22,0.11650483369355369
3934,sh600343,2026-01-22,operable_filtered,0.16552425891829556,0.20091464347175614,0.030364348303059785,22,0.014634132725648952
3935,bj920576,2026-01-22,operable_filtered,0.30773111551749605,0.1063592664659021,-0.1539856677432554,22,-0.3326515395261661
3936,bj920227,2026-01-22,operable_filtered,0.2348012993408154,0.1621520130420646,-0.05883479903813971,22,-0.1596554839356057
3937,sh688270,2026-01-22,operable_filtered,0.2260087665758635,0.23913043478260865,0.010702752349310618,22,-0.12396737803583557
3938,sh603778,2026-01-22,operable_filtered,0.2942073105725651,0.2140654791292982,-0.06192348844623019,22,-0.04318315207440948
3939,sh688523,2026-01-22,operable_filtered,0.20375839335806417,0.1459775042597744,-0.04800040391585669,22,-0.06399020958947144
3940,bj920021,2026-01-23,traded,0.3592677286859786,0.41998366745633375,0.04466812349694349,22,-0.09910643586044621
3941,bj920046,2026-01-23,expired,0.22100311352246219,0.29829864506860604,0.06330494221522054,22,0.25595464130381007
3942,bj920394,2026-01-23,traded,0.1692063467843192,0.008484052648316975,-0.13746272809589044,22,-0.19417321644128993
3943,sz002931,2026-01-23,expired,0.30736660365256135,0.3183745932139441,0.008419971514209035,19,-0.10002231414742502
3944,bj920471,2026-01-23,breakout_support_filtered,0.2986725613303301,0.2718064040114214,-0.020687398901681253,22,-0.1457512710111567
3945,bj920179,2026-01-23,expired,0.24357968491935464,0.19574225755903663,-0.03846752077123239,19,-0.11548607491812202
3946,sh603078,2026-01-23,expired,0.23222155156266044,0.028811955797426014,-0.1650755057053478,22,-0.23114274945700153
3947,bj920207,2026-01-23,expired,0.1733710783047139,0.17240354534512115,-0.000824575428423513,22,0.06649009149549245
3948,bj920227,2026-01-23,expired,0.2588614271655455,0.08927105586105655,-0.13471726724230404,22,-0.21013219641937086
3949,sh600696,2026-01-23,filtered,0.1517857285406516,0.022831027858393638,-0.11196066897412216,22,-0.1552511527374698
3950,bj920640,2026-01-23,traded,0.18286777570404428,0.10153847718850151,-0.06875603527802199,22,-0.10933337089342954
3951,bj920427,2026-01-23,traded,0.34981346860325413,0.04585368458817651,-0.2251865099031839,22,-0.33414636007169396
3952,sz002112,2026-01-23,operable_filtered,0.2067756776806641,0.10049834235719945,-0.08806718372690614,22,-0.03405314358065892
3953,bj920169,2026-01-23,operable_filtered,0.11976747734602107,0.0654112822032844,-0.04854239495468038,22,-0.0827552057006472
3954,bj920116,2026-01-23,operable_filtered,0.17756265543362823,0.0003174675835504459,-0.15051868962743953,22,-0.16396828303261413
3955,sz301005,2026-01-23,operable_filtered,0.24858489126529335,0.015422939168167282,-0.18674096869844703,22,-0.21376571100563735
3956,bj920046,2026-01-26,expired,0.15418648429868353,0.2995359238999906,0.12593237018333792,22,0.15994292798917997
3957,bj920471,2026-01-26,traded,0.31637170139461784,0.2349727499278229,-0.0618358411841865,22,-0.19672128840884384
3958,bj920368,2026-01-26,expired,0.35580826647886193,0.5355509969525247,0.13257238130024707,22,-0.08419957100912467
3959,bj920414,2026-01-26,expired,0.29354841545040233,0.33950615685045427,0.03552842773499876,22,-0.10308647847651364
3960,bj920634,2026-01-26,traded,0.2948229258103763,0.22333335876464844,-0.055211848369911665,22,-0.153000005086263
3961,sh603078,2026-01-26,expired,0.18120804552956513,0.020547892412475788,-0.1360134260218836,22,-0.17910963400462854
3962,bj920088,2026-01-26,traded,0.3104325719813281,1.4446372319187644,0.8655192828598259,22,0.9886054224264706
3963,sz301636,2026-01-26,operable_filtered,0.26528999676454684,0.6025911791051077,0.266580138310639,22,0.1312491115961958
3964,bj920427,2026-01-26,operable_filtered,0.1741705999142823,0.09255659347283074,-0.06950779251959616,22,-0.11391587382586177
3965,sh601615,2026-01-26,operable_filtered,0.24795539668704172,0.22272725538773974,-0.020215579311789078,22,-0.08636361902410339
3966,sz002218,2026-01-26,operable_filtered,0.23960885597326542,0.327922160357244,0.07124287952480013,22,0.003246750230832429
3967,sz300751,2026-01-26,operable_filtered,0.29052349320994125,0.13218439847880536,-0.12269369412043507,22,-0.19455338094796404
3968,sz000603,2026-01-26,operable_filtered,0.36744120731675456,0.2942313673576238,-0.05353783370532317,22,-0.15687657206986838
3969,bj920575,2026-01-26,operable_filtered,0.2433333396911621,0.14068436101103976,-0.08255949985674782,22,-0.15114069233851446
3970,sh688323,2026-01-26,score_filtered,0.266558959503446,0.03235494448012144,-0.1849136301677926,22,-0.26951301024280583
3971,sh688516,2026-01-26,score_filtered,0.3225882137522978,0.466360028464355,0.10870489636692304,22,-0.07257041725199642
3972,sz300051,2026-01-26,score_filtered,0.14511870141933078,0.05375346855946117,-0.07978669176097275,22,-0.1223354679787717
3973,sz002667,2026-01-26,score_filtered,0.19895515156447016,0.3268318917953139,0.10665681703271579,22,0.2788614183978009
3974,sz002865,2026-01-26,score_filtered,0.25779912369198354,0.10618123427947324,-0.12054221262888987,22,-0.17500953855111667
3975,sz002943,2026-01-26,score_filtered,0.3057897457160026,0.3021519561897834,-0.0027858922450217927,22,-0.12018737194991735
3976,bj920207,2026-01-27,traded,0.1733710783047139,0.23834674009346357,0.05537520311360189,22,0.1441889168938928
3977,bj920414,2026-01-27,traded,0.3073733085465916,0.21026215245938396,-0.07427959210454294,22,-0.17177913392544464
3978,bj920021,2026-01-27,traded,0.37242559757954397,0.4566666285196941,0.06138112775564708,22,-0.0991666316986084
3979,bj920368,2026-01-27,expired,0.3839696774437459,0.30035214088805473,-0.06041861893255973,22,-0.23380279855060304
3980,bj920471,2026-01-27,breakout_support_filtered,0.31637170139461784,0.35735741136699617,0.031135362397229027,22,-0.0624624616024364
3981,sh600343,2026-01-27,operable_filtered,0.16552425891829556,0.14173911274343287,-0.02040725106565966,22,0.01884062393851904
3982,bj920427,2026-01-27,operable_filtered,0.17237236944828366,0.04716981245244378,-0.10679418950717856,22,-0.1358490502663151
3983,sh688607,2026-01-27,operable_filtered,0.22758213452796539,0.023939421682646733,-0.16588927707360623,22,-0.144090883659594
3984,bj920575,2026-01-27,operable_filtered,0.21588946601649905,0.03577814021571113,-0.1481313316998042,22,-0.18425763536545003
3985,sh688668,2026-01-27,operable_filtered,0.19332746019561578,0.1276253260449085,-0.05505792529062992,22,-0.0980973832704557
3986,bj920227,2026-01-27,operable_filtered,0.2741138245040914,0.14051208632403656,-0.10485855785455844,22,-0.1765281945064806
3987,sz000547,2026-01-27,operable_filtered,0.17869511361939452,0.2491886030105157,0.05980638129113669,22,0.1777858055016106
3988,sz300639,2026-01-27,operable_filtered,0.36842102023267004,0.1628175372120202,-0.15024870268778212,22,-0.23902999206666298
3989,sh603601,2026-01-27,operable_filtered,0.1379572775709101,0.2974261156944249,0.14013605015464004,22,0.12106772978778602
3990,sh601212,2026-01-27,operable_filtered,0.3627386061500129,0.2084327724079329,-0.11323215842400058,22,-0.2004772923842617
3991,sz001331,2026-01-27,operable_filtered,0.17190479096912203,0.125,-0.04002440414151176,22,0.03000000544956749
3992,sz002218,2026-01-27,operable_filtered,0.23960885597326542,0.202941187607788,-0.02958003098218287,22,-0.07500003155539925
3993,sz300751,2026-01-27,operable_filtered,0.2576404528671436,0.03790087463556846,-0.1747236881022849,22,-0.23755105243827446
3994,sh603078,2026-01-27,operable_filtered,0.19161071243825598,0.0212473929198278,-0.14296893921827314,22,-0.1854009523931538
3995,bj920414,2026-01-28,expired,0.3101382607969553,0.3017396918791,-0.006410444736379639,22,-0.10917814556056316
3996,bj920471,2026-01-28,filtered,0.31637170139461784,0.27900397758287876,-0.02838690908665864,22,-0.14770795955902793
3997,bj920368,2026-01-28,expired,0.42770105458353486,0.21760634349066188,-0.14715595426534045,22,-0.3109132980183509
3998,bj920634,2026-01-28,operable_filtered,0.3108991719404595,0.05520419928207354,-0.19505311936378233,22,-0.29327197278863815
3999,sz001270,2026-01-28,operable_filtered,0.3033996550202575,0.046062469482421875,-0.1974353641622194,22,-0.2786250114440918
4000,sh603061,2026-01-28,operable_filtered,0.1758968749342046,0.07006713047923663,-0.08999917145020864,22,-0.10983225163197352
4001,sh688270,2026-01-28,operable_filtered,0.2688542122279319,0.05211420817104884,-0.17081552945024125,22,-0.23531347836730598
4002,sh688668,2026-01-28,operable_filtered,0.20860034785580125,0.034302290095839405,-0.14421480025981037,22,-0.18744189240211662
4003,bj920427,2026-01-28,score_filtered,0.1478045969107086,0.05000003096345251,-0.08521011870007755,22,-0.11558440110799617
4004,sz000603,2026-01-28,score_filtered,0.36744120731675456,0.05128566196986606,-0.2312022949544288,22,-0.3309999738420759
4005,sz300639,2026-01-28,score_filtered,0.2933333184983995,0.020408198571867153,-0.21102457968330002,22,-0.2494330935811877
4006,sz002218,2026-01-28,score_filtered,0.23960885597326542,0.18895351295215845,-0.040863973161385236,22,-0.06395349562522712
4007,sz002119,2026-01-28,score_filtered,0.21233860310242442,0.05446288190706006,-0.13022411460903238,22,-0.17511350130841663
4008,bj920207,2026-01-29,traded,0.10982302038384374,0.26202533502186,0.13714106829877748,22,0.17405057045115013
4009,bj920088,2026-01-29,expired,0.3104325719813281,0.7448727023548134,0.3315242154860567,22,0.2448727360773839
4010,bj920471,2026-01-29,filtered,0.33407079926092775,0.17098452201347247,-0.1222470931361399,22,-0.2378238020911262
4011,bj920414,2026-01-29,expired,0.3101382607969553,0.38304661206430257,0.05564935659767478,22,-0.057361353894203715
4012,bj920227,2026-01-29,traded,0.229418424370775,0.04404758271716891,-0.15077929367170517,22,-0.19345238095238093
4013,bj920021,2026-01-29,breakout_support_filtered,0.3884439439169653,0.43868313506587575,0.03618380948616462,22,-0.09300404907364856
4014,bj920368,2026-01-29,expired,0.42770105458353486,0.2518644171246027,-0.12316068331981744,22,-0.24355930393025027
4015,bj920019,2026-01-29,traded,0.1700000029343825,0.0,-0.1452991474427514,22,-0.17423079564021182
4016,sh601388,2026-01-29,expired,0.17291669357153996,0.10854509822405145,-0.054881643087094756,22,-0.057736721571584826
4017,sh600696,2026-01-29,filtered,0.18303569860528324,0.1313131252316453,-0.04372021354437172,22,-0.0909091237491153
4018,sh600481,2026-01-29,operable_filtered,0.3330450036088652,0.31812996764249557,-0.011188696500111561,22,-0.0912201397736323
4019,sz301500,2026-01-29,operable_filtered,0.10861759433178465,0.28194444652938055,0.1563450310402732,22,0.16805551373419036
4020,sh600343,2026-01-29,operable_filtered,0.16552425891829556,0.1209447943602402,-0.03824842273075357,22,0.0011383300006295727
4021,sh601069,2026-01-29,operable_filtered,0.3093069095422726,0.1267291464491398,-0.13944611592782397,22,-0.1601963488189163
4022,bj920564,2026-01-29,operable_filtered,0.1254813821103674,0.005161285400390625,-0.10690545274446661,22,-0.112258049749559
4023,sz000603,2026-01-29,score_filtered,0.2611111232212612,0.03244836983583488,-0.1813184811195323,22,-0.21009504422566927
4024,sz300164,2026-01-29,score_filtered,0.2487872541000725,0.9489489248682181,0.5606733000111466,22,0.4189189227890364
4025,sz002716,2026-01-29,score_filtered,0.30500001907348634,0.0504201175583856,-0.19508038145152318,22,-0.20535717505652928
4026,sz300785,2026-01-29,score_filtered,0.35660239626668055,0.165410400891004,-0.1409344373132686,22,-0.24889769297344788
4027,sz002155,2026-01-30,filtered,0.15493668181986747,0.3114113864706547,0.13548336208719736,22,0.06546547612978904
4028,bj920471,2026-01-30,traded,0.28975932933339205,0.08666669405423688,-0.15746552915738388,22,-0.23589745545998597
4029,bj920088,2026-01-30,traded,0.22758130032277077,1.217752863851826,0.8066036549014777,22,0.6653932721427318
4030,sh601388,2026-01-30,expired,0.07674422034577567,0.04819272401665553,-0.026516507625136354,22,-0.014457817204996615
4031,sh600696,2026-01-30,operable_filtered,0.18303569860528324,0.08212564337025285,-0.08529755725376365,22,-0.08695649920429238
4032,sz301611,2026-01-30,operable_filtered,0.15373246550335226,0.059929505949343875,-0.08130390914594221,22,-0.08021933209059573
4033,bj920438,2026-01-30,operable_filtered,0.283353634369937,0.14521913953653254,-0.10763556601545887,22,-0.1513944656038555
4034,bj920087,2026-01-30,operable_filtered,0.22916666666666666,0.233299133048257,0.003362006547734442,22,-0.02312429993636944
4035,sz301486,2026-01-30,operable_filtered,0.2844510995055786,0.26671331002945475,-0.013809626137539777,22,-0.0708035565436963
4036,sz000547,2026-01-30,operable_filtered,0.17869511361939452,0.23274017506745115,0.04585160388262022,22,0.1854092854481586
4037,sz002165,2026-01-30,operable_filtered,0.22681785660071788,0.1738448890974642,-0.04317916243086961,22,-0.06577917952048329
4038,sh688583,2026-01-30,score_filtered,0.19086707671942738,0.3307692307692307,0.11747923574745434,22,0.0990769606370192
4039,sz001270,2026-01-30,score_filtered,0.3033996550202575,0.013442333047221311,-0.2224623283090632,22,-0.2528610115057649
4040,sz300785,2026-01-30,score_filtered,0.35660239626668055,0.08529804558153975,-0.19998811105727088,22,-0.3156291633252276
4041,bj920394,2026-01-30,score_filtered,0.16780487308657266,0.033787161957010925,-0.11476036298371106,22,-0.10590019959670272
4042,sz002995,2026-01-30,score_filtered,0.39030084565385204,0.10139969214378253,-0.2077975816624068,22,-0.3347614386715744
4043,sh688416,2026-01-30,score_filtered,0.20132984130724532,0.0691943417228229,-0.10999102414757056,22,-0.12587676568053907
4044,sh688365,2026-01-30,score_filtered,0.30733795130543234,0.08380878735348984,-0.17098039854862257,22,-0.25570612846604823
4045,sz301396,2026-01-30,score_filtered,0.18516825623408817,0.14975709143512184,-0.029878597079107116,22,0.14544957068835718
4046,sz300385,2026-01-30,score_filtered,0.14634147050620408,0.18055554175818456,0.029846317290494806,22,0.10677078935421358
4047,sz002931,2026-02-02,expired,0.3319220783633792,0.18693465803136777,-0.10885578269726337,22,-0.25467333002905146
4048,bj920046,2026-02-02,expired,0.1398772322708426,0.4239681620569533,0.24922940974981134,22,0.23099199735374376
4049,sh600550,2026-02-02,expired,0.062308443212883,0.23533119573909156,0.16287430795797153,22,0.1268138915145851
4050,sz002969,2026-02-02,operable_filtered,0.33512228299502633,0.38881993562402095,0.04021927677556025,22,-0.0037267144517398876
4051,sh688583,2026-02-02,operable_filtered,0.19086707671942738,0.23571428571428577,0.03765929033692195,22,-0.019571467808314758
4052,sz002165,2026-02-02,operable_filtered,0.22681785660071788,0.20887098647305224,-0.014628797609282596,22,-0.06451606948963506
4053,sz000995,2026-02-02,score_filtered,0.2806604032458754,0.23112669037671685,-0.038678257517460346,22,-0.12833909248525655
4054,sz300342,2026-02-02,score_filtered,0.2501320639969337,0.018648034911080247,-0.18516766008364804,22,-0.25103101820131113
4055,sh601388,2026-02-02,score_filtered,0.05023918860108178,0.07940438664131899,0.02777005310484104,22,0.05459051581590679
4056,sh688335,2026-02-02,score_filtered,0.17411713507549204,0.07755301505785583,-0.08224402585814183,22,-0.046242821832232495
4057,bj920087,2026-02-02,score_filtered,0.22916666666666666,0.2121212588270267,-0.013867450445808838,22,-0.07777773068274796
4058,sz300427,2026-02-02,score_filtered,0.14164138415298302,0.07657074937270014,-0.0569974386734069,22,-0.03599477750958813
4059,sh605255,2026-02-02,score_filtered,0.26,0.12007169990227395,-0.11105420642676667,22,-0.15621265274028695
4060,sz002131,2026-02-02,score_filtered,0.1967054062985385,0.031999969482421786,-0.13763239971110164,22,-0.1979999542236328
4061,sz002842,2026-02-02,score_filtered,0.18804121509040753,0.7811237905006891,0.4992104380529838,22,0.37348520582484523
4062,sh601869,2026-02-02,score_filtered,0.16715138488921727,0.6666250228881836,0.4279424627049344,22,0.53125
4063,sz002995,2026-02-02,score_filtered,0.3926348744241474,0.06814412751106946,-0.23300489803348812,22,-0.3645428946346756
4064,bj920471,2026-02-03,traded,0.2704798447419999,0.08464766899339127,-0.1462692828364751,22,-0.21976867531933042
4065,bj920368,2026-02-03,expired,0.42770105458353486,0.11909091833866015,-0.21615879266468518,22,-0.36363636363636365
4066,bj920438,2026-02-03,expired,0.283353634369937,0.08451242216157118,-0.15493875334368534,22,-0.24485945959677047
4067,sh688523,2026-02-03,expired,0.11563475165516088,0.18258721315396298,0.06001288629586976,22,0.0012304906788425107
4068,bj920021,2026-02-03,traded,0.40102971732175946,0.3292775702901505,-0.05121386516252635,22,-0.23726235559448583
4069,sz002931,2026-02-03,operable_filtered,0.3319220783633792,0.15557731898887672,-0.13239870577953694,22,-0.20176121069387332
4070,bj920414,2026-02-03,operable_filtered,0.33271893856491797,0.30252106612775487,-0.022658845434942565,22,-0.17046819799515445
4071,sh600550,2026-02-03,operable_filtered,0.08426964376708565,0.22374999523162842,0.12863991191337365,22,0.07124996185302734
4072,sz002943,2026-02-03,operable_filtered,0.3776278526174185,0.05616238018263431,-0.23334710591399344,22,-0.3559724425041517
4073,sz300342,2026-02-03,operable_filtered,0.24875890451096055,0.004452359629674829,-0.1956394817276288,22,-0.27925200140821094
4074,sh603172,2026-02-03,operable_filtered,0.27047864771245295,0.017985586606695136,-0.19873853178121614,22,-0.2714192039819552
4075,bj920207,2026-02-03,operable_filtered,0.1479438657938267,0.3170409565315382,0.14730432016445105,22,0.07628795949668432
4076,sh600330,2026-02-03,operable_filtered,0.16947369826467415,0.2828025244792103,0.09690583583256251,22,0.17388538401762088
4077,sz300986,2026-02-03,operable_filtered,0.37181268509770893,0.04683330133591235,-0.23689778297876696,22,-0.37369570397133967
4078,sh688583,2026-02-03,operable_filtered,0.19086707671942738,0.07080962251969125,-0.1008151594302763,22,-0.17677641736925476
4079,sz002491,2026-02-03,score_filtered,0.15769522288685395,0.4061833069785066,0.21464032949191703,22,0.19936032651856106
4080,bj920438,2026-02-04,expired,0.29239869338162316,0.03772563348417224,-0.19705456311711878,22,-0.2851986031873516
4081,bj920414,2026-02-04,expired,0.29514755808325105,0.11738403874316705,-0.13725348762820855,22,-0.23141417165413292
4082,sh600696,2026-02-04,filtered,0.2027027215695245,0.12690355145647736,-0.06302402809409913,22,-0.11675127702193178
4083,sh603618,2026-02-04,operable_filtered,0.13096309348952875,0.8862478622272505,0.667824417158768,22,0.6171476798714401
4084,sz002155,2026-02-04,operable_filtered,0.252347082782865,0.26579704837522655,0.010739806701568932,22,-0.08086959175441577
4085,sz002165,2026-02-04,operable_filtered,0.2142372777906515,0.04166667789164702,-0.14212263373514855,22,-0.14618642070130627
4086,sh600986,2026-02-04,operable_filtered,0.3467491987659277,0.07738491428446359,-0.20001072562604216,22,-0.29753169487969133
4087,sh600841,2026-02-04,score_filtered,0.20318015009418797,0.1682146733773584,-0.029060882291061962,22,-0.08668722758400227
4088,sh688223,2026-02-04,score_filtered,0.2546583930646749,0.2384614886146572,-0.012909413860815566,22,-0.025641061693801315
4089,sz002943,2026-02-04,score_filtered,0.38201233157221115,0.09598315592203055,-0.20696571884042936,22,-0.34253328976544406
4090,sh688583,2026-02-04,score_filtered,0.21965317919075145,0.09369078271861508,-0.10327722554350516,22,-0.16361101796906263
4091,sh603926,2026-02-04,score_filtered,0.2893616888881795,0.07921935203430452,-0.16298168207175545,22,-0.2541140299620902
4092,sh600330,2026-02-04,score_filtered,0.16947369826467415,0.27468349028619343,0.08996336743411604,22,0.19683541893252343
4093,sz002931,2026-02-04,score_filtered,0.3319220783633792,0.09341724042523714,-0.17906816157834748,22,-0.3202481555704221
4094,sh600481,2026-02-04,score_filtered,0.3589965762598297,0.07235628070192202,-0.2109205428219595,22,-0.34322819117968006
4095,sh688726,2026-02-04,score_filtered,0.27317128093181003,0.2645587921142578,-0.006764595578411803,22,-0.06014706106746903
4096,sz002218,2026-02-04,score_filtered,0.2518337827338787,0.11748635428231347,-0.10732050077620037,22,-0.18442627729656524
4097,bj920985,2026-02-04,score_filtered,0.16526317596435547,0.06741577608840488,-0.08397021539359417,22,-0.08202242399161797
4098,sh688516,2026-02-04,score_filtered,0.39805442361232646,0.21134654712813083,-0.13354836072960263,22,-0.28746554247835465
4099,sh603778,2026-02-04,score_filtered,0.1788571493966239,0.36134456860146913,0.15480028203438234,22,0.352941243815714
4100,sz301362,2026-02-05,filtered,0.19009782972647035,0.43085167963449633,0.20229752873623874,22,0.11315183487478175
4101,sh603061,2026-02-05,operable_filtered,0.18215056358745224,0.02360075497033054,-0.13411980969325377,22,-0.16503204689564666
4102,sz002155,2026-02-05,operable_filtered,0.2635676392063193,0.35916578640521735,0.07565732473090692,22,-0.018051721499326767
4103,sz002969,2026-02-05,operable_filtered,0.33512228299502633,0.32569177576877073,-0.0070634033648966366,22,0.1462450938543718
4104,sh688583,2026-02-05,operable_filtered,0.22063582756615788,0.08805031446540879,-0.10862004056124852,22,-0.21452830572548154
4105,sz001316,2026-02-05,score_filtered,0.22358758946137827,0.03553134334022623,-0.15369250860409123,22,-0.2189720768061041
4106,sz002165,2026-02-05,score_filtered,0.1721428462437221,0.09119252402582867,-0.06906182337528977,22,-0.0031176899525243718
4107,sh600683,2026-02-05,score_filtered,0.07407406706588533,0.6060606870660015,0.4952978908180672,22,0.6060606870660015
4108,bj920985,2026-02-05,score_filtered,0.16526317596435547,0.09573240096911784,-0.05966958917902376,22,-0.0830450127673561
4109,sz002218,2026-02-05,score_filtered,0.2518337827338787,0.27018637150545555,0.014660563586562425,22,-0.05590064135337636
4110,sh688416,2026-02-05,score_filtered,0.18374563653183784,0.021566103399762504,-0.13700539045468618,22,-0.11329135283273051
4111,sz001331,2026-02-05,score_filtered,0.12832081037556892,0.025190157655661904,-0.09140188833845864,22,-0.10853764696580337
4112,bj920765,2026-02-05,score_filtered,0.1769041923334709,0.057142876959466404,-0.10175961319039184,22,-0.14077917321935873
4113,sz002931,2026-02-05,score_filtered,0.35467042283950556,0.017522153601182255,-0.24887844567509765,22,-0.37017700735446624
4114,bj920748,2026-02-05,score_filtered,0.1278617336176258,0.02478970616023779,-0.09138711278623102,22,-0.12926073734264376
4115,sz300671,2026-02-05,score_filtered,0.22304760160900297,0.033464582450214664,-0.15500870032317537,22,-0.21771649064366638
4116,bj920978,2026-02-05,score_filtered,0.1946188364842884,0.04205614806825375,-0.12770825618740456,22,-0.1563862551103279
4117,sh603618,2026-02-05,score_filtered,0.14581457566341527,0.7833065204917133,0.5563657142860106,22,0.4654895804958141
4118,sz301362,2026-02-06,filtered,0.19009782972647035,0.39234047747672873,0.1699378342675757,22,0.0963829527509974
4119,bj920046,2026-02-06,traded,0.1584033324914424,0.4091724129730323,0.21647821052296767,22,0.16660700649591975
4120,sh603616,2026-02-06,expired,0.24730025724488647,0.08941179163315716,-0.1265841682422827,22,-0.17647058823529416
4121,bj920471,2026-02-06,traded,0.2698412837930551,0.058536578810091555,-0.16640245334581483,22,-0.2547425782431594
4122,sz002634,2026-02-06,expired,0.1741293659216343,0.17543856469230068,0.0011150379239843744,22,-0.038011728520717325
4123,sz002155,2026-02-06,operable_filtered,0.2766200715105084,0.19643830599850176,-0.06280785278358891,22,-0.13726028024333792
4124,sh688726,2026-02-06,operable_filtered,0.27317128093181003,0.13728339068412687,-0.10673182177674434,22,-0.17484461200881418
4125,sh688583,2026-02-06,operable_filtered,0.2660115412894012,0.09701967880683804,-0.13348366659473665,22,-0.1999999612966662
4126,sz301529,2026-02-06,score_filtered,0.2443209372320503,0.030643651717670695,-0.17172200444500874,22,-0.19810981980164122
4127,sh603958,2026-02-06,score_filtered,0.15341158850640513,0.02815018283019688,-0.10860078650537386,22,-0.09517422880428927
4128,sz002931,2026-02-06,score_filtered,0.3521088682154787,0.046792444193138216,-0.22580757452267797,22,-0.3245283162818765
4129,sz000510,2026-02-06,score_filtered,0.2821276238624086,0.5102827356208319,0.17795039082857156,22,0.0694086722947751
4130,sz002112,2026-02-06,score_filtered,0.1394045411066043,0.10231658909501751,-0.032550293309842715,22,-0.06718145933381692
4131,sz002440,2026-02-06,score_filtered,0.2407295324108955,0.1972344277266862,-0.03505607269595079,22,-0.0960698483852156
4132,sz002342,2026-02-06,score_filtered,0.36414566587081015,0.1109958150121193,-0.18557391427629633,22,-0.29823655336574306
4133,sz002218,2026-02-06,score_filtered,0.2518337827338787,0.10540543239947353,-0.11697108062910744,22,-0.19594598208316616
4134,sz301362,2026-02-09,filtered,0.2263906156585389,0.4226087487262229,0.1599964404182268,22,0.06760870892068604
4135,sz002155,2026-02-09,filtered,0.2949392670819303,0.23640992486601586,-0.04519852297614446,22,-0.1619478868283427
4136,bj920368,2026-02-09,expired,0.466422968836413,0.18860639420372283,-0.18945187066534697,22,-0.38719018015635476
4137,sz301312,2026-02-09,operable_filtered,0.17773130923997432,0.13869049435570124,-0.03314916957541647,22,-0.07547614687965032
4138,sz002969,2026-02-09,operable_filtered,0.33512228299502633,0.1965751014593089,-0.10377115512215107,22,-0.014270478632898542
4139,bj920167,2026-02-09,operable_filtered,0.23729493235247223,0.11512717274757112,-0.09873778386259391,22,-0.17626063319208796
4140,sz300058,2026-02-09,operable_filtered,0.2633107270358823,0.031452777791797004,-0.18353200387057245,22,-0.2526210806867484
4141,sh688258,2026-02-09,operable_filtered,0.2006345462802033,0.03556896780025931,-0.13748194985005957,22,-0.1936289839625227
4142,bj920179,2026-02-09,operable_filtered,0.322463791788902,0.029152563062764925,-0.2217915004911959,22,-0.3220338983050848
4143,sz002623,2026-02-09,operable_filtered,0.2960235911210929,0.08918834391533448,-0.15959219309182537,22,-0.24382420156777085
4144,sh603626,2026-02-09,score_filtered,0.21506851104661834,0.05989116412240425,-0.12771077969138522,22,-0.20254083768538844
4145,sz002218,2026-02-09,score_filtered,0.2518337827338787,0.042038268095833775,-0.16759055198196726,22,-0.24076431712696433
4146,sh688066,2026-02-09,score_filtered,0.17702310565415855,0.06996518775513194,-0.09095651341485478,22,-0.11248556862617298
4147,sh603163,2026-02-09,score_filtered,0.28261597850226616,0.29628034672562675,0.010653514732692493,22,-0.037716268753477666
4148,sz002342,2026-02-09,score_filtered,0.3818861006554708,0.1185378852732264,-0.1905715784081845,22,-0.32741512422915475
4149,sz301636,2026-02-09,score_filtered,0.27743790384855155,0.10081629850426488,-0.13826238035694471,22,-0.2125510390923948
4150,sz300912,2026-02-10,expired,0.3817140129887302,0.009154446723215415,-0.26963580217272753,22,-0.39653095037428787
4151,sz301362,2026-02-10,filtered,0.22852997055501512,0.45470715913134296,0.1841039241998692,22,0.05668554412498472
4152,bj920368,2026-02-10,expired,0.466422968836413,0.08617647956399366,-0.2593020549685878,22,-0.4058823305017808
4153,sz002623,2026-02-10,operable_filtered,0.2960235911210929,0.07777780199807793,-0.1683964633191799,22,-0.24095238579644096
4154,sz002506,2026-02-10,operable_filtered,0.17421603482140868,0.20683114924722612,0.027776076512852077,22,0.018975314040700964
4155,sz300364,2026-02-10,score_filtered,0.37968035274976536,0.006433795412493559,-0.27053118252599206,22,-0.40670957207634617
4156,sh603163,2026-02-10,score_filtered,0.28261597850226616,0.2630647915916149,-0.015243211716013061,22,-0.07349967351284359
4157,sh603103,2026-02-10,score_filtered,0.41384428585237737,0.0009898766562332906,-0.29200840101513925,22,-0.42910171289442256
4158,sz002969,2026-02-10,score_filtered,0.33512228299502633,0.1331081244351655,-0.15130760764975804,22,-0.07229734018303458
4159,sz002218,2026-02-10,score_filtered,0.20416126917804622,0.02533334096272788,-0.14850828771247992,22,-0.2013333638509115
4160,sh688545,2026-02-10,score_filtered,0.23318667968123422,0.0733681633825356,-0.12959799106815695,22,-0.21133416091266555
4161,sh600487,2026-02-10,score_filtered,0.18232040239928304,0.36775814089531234,0.1568422046339728,22,0.08261961501922199
4162,bj920438,2026-02-11,expired,0.31360531703734223,0.015830654043470505,-0.22668503174565546,22,-0.35272147635159157
4163,sh603729,2026-02-11,traded,0.27123763564772824,0.0,-0.21336501378007555,22,-0.3117723298579671
4164,sz300912,2026-02-11,expired,0.3050288172656199,0.010833316379123215,-0.22543218739254667,22,-0.33499998516506624
4165,sz002455,2026-02-11,expired,0.2647230357339272,0.22412557732692107,-0.032099880574601225,22,-0.15774446838273581
4166,sz300182,2026-02-11,filtered,0.3518312980872533,0.03444319051905387,-0.23478381364396683,22,-0.36394949051783854
4167,sz002723,2026-02-11,operable_filtered,0.1730072331532438,0.0036363601684570312,-0.14439030570126055,22,-0.2163636467673562
4168,sh688726,2026-02-11,operable_filtered,0.27445050657530673,0.13144734031275696,-0.11220770483023834,22,-0.14631582561292145
4169,sh605287,2026-02-11,operable_filtered,0.37224021205089436,0.1192751497111546,-0.1843445922355449,22,-0.3634267066889365
4170,sz000510,2026-02-11,operable_filtered,0.365957463041265,0.4408338914462486,0.05481607621826923,22,-0.14163087318095824
4171,sz301025,2026-02-11,operable_filtered,0.29506003055323043,0.012162118187954318,-0.21844386027760143,22,-0.3304054243447919
4172,sz000892,2026-02-11,operable_filtered,0.3767051181890715,0.07319815429655518,-0.22045894932950616,22,-0.36148648612366296
4173,sh603980,2026-02-11,operable_filtered,0.28013395292361315,0.06666671964857551,-0.16675382508800263,22,-0.27023804847345123
4174,sz002378,2026-02-11,score_filtered,0.30111521205526315,0.7061310641574166,0.31128361912115654,22,0.1215645125074154
4175,sz001330,2026-02-11,score_filtered,0.4827849742369292,0.08374786401869971,-0.2691132680404871,22,-0.46019900477841424
4176,sz002506,2026-02-11,score_filtered,0.14937111103130504,0.2619047979468754,0.09790892239721982,22,0.15079369734804748
4177,sz301526,2026-02-11,score_filtered,0.3329208023044926,0.4052173780358357,0.054239213317362145,22,-0.10869565217391308
4178,sz301231,2026-02-11,score_filtered,0.309874151597975,0.0,-0.2365678803722827,22,-0.3555129087925315
4179,sh603729,2026-02-12,traded,0.16707743440281472,0.014500045776367099,-0.13073458892170287,22,-0.15150003433227544
4180,sz000070,2026-02-12,expired,0.283870939039338,0.06052629571211976,-0.17396191200833389,22,-0.24105262756347656
4181,bj920368,2026-02-12,operable_filtered,0.466422968836413,0.08617647956399366,-0.2593020549685878,22,-0.41647058374741497
4182,sz300058,2026-02-12,operable_filtered,0.3109037665825035,0.0231156281728242,-0.2195341456375065,22,-0.3005024953200469
4183,sh688726,2026-02-12,operable_filtered,0.2660000071806066,0.03557502563115866,-0.18201025295616424,22,-0.22076026245562763
4184,sh605287,2026-02-12,operable_filtered,0.4075655202586583,0.037251945670324416,-0.2630879836558401,22,-0.386412234706733
4185,sz300912,2026-02-12,operable_filtered,0.3033202140953168,0.04930623077376195,-0.19489760119916155,22,-0.2695600663917276
4186,sh603256,2026-02-12,operable_filtered,0.25433999027547777,0.17046228948417053,-0.06686998855301263,22,-0.1309150695364204
4187,sz002455,2026-02-12,operable_filtered,0.2962099146764531,0.21287123070183744,-0.06429412630701692,22,-0.15134372640473892
4188,sz002378,2026-02-12,operable_filtered,0.3256918058534885,0.5386081736709152,0.16060774221980623,22,0.035589477714355056
4189,sh600397,2026-02-12,score_filtered,0.327433648110556,0.5479451911627053,0.16611869328913076,22,0.03904107396789258
4190,sz002969,2026-02-12,score_filtered,0.3319353348265279,0.0580032290113357,-0.2056647185885111,22,-0.16164813304116743
4191,sz300842,2026-02-12,score_filtered,0.2930577269045665,0.07731089872472419,-0.16685011325543497,22,-0.26050420168067223
4192,sz002842,2026-02-12,score_filtered,0.3507216542037492,0.29023675985968334,-0.04477968806957622,22,-0.1638733658528071
4193,sh603980,2026-02-12,score_filtered,0.28908887203718664,0.017162537314963755,-0.21094459863926174,22,-0.27917616067295803
4194,sz002323,2026-02-12,score_filtered,0.19636362249200995,0.1380596553517186,-0.04873431960330332,22,-0.022388126755056525
4195,bj920493,2026-02-12,score_filtered,0.22164948453608246,0.05935671286714239,-0.13284724769525058,22,-0.18527825604702308
4196,sz002931,2026-02-12,score_filtered,0.2464054088228324,0.05941861174827401,-0.15002084855453102,22,-0.2151162790697675
4197,sh603533,2026-02-13,traded,0.31844826044277313,0.0,-0.24153261830375428,22,-0.30226071106890307
4198,sh600589,2026-02-13,operable_filtered,0.2628530053688202,0.022962994045681473,-0.18995877612302003,22,-0.1748147893834997
4199,sz001270,2026-02-13,operable_filtered,0.2755889281694988,0.1071703984647765,-0.13203197831640556,22,-0.22172636569277526
4200,sh603163,2026-02-13,operable_filtered,0.28261597850226616,0.15830572589708058,-0.09691930764058065,22,-0.08394522216005107
4201,sh603929,2026-02-13,operable_filtered,0.12523932836748589,0.45034484863281254,0.2889212206411187,22,0.3791723843278556
4202,sz002951,2026-02-13,operable_filtered,0.22997944802425896,0.0,-0.1869782852011711,22,-0.22689934427545722
4203,bj920207,2026-02-13,score_filtered,0.28309931326842164,0.28149100233435687,-0.00125345787144715,22,-0.08772497994740447
4204,sz300912,2026-02-13,score_filtered,0.3033202140953168,0.07145019226443283,-0.17790717839194536,22,-0.24329207817174214
4205,sz002931,2026-02-13,score_filtered,0.24449817630769027,0.00022008191648770214,-0.19628642214322312,22,-0.25280652725514274
4206,sh688031,2026-02-13,score_filtered,0.4412564283005138,0.3016216456157863,-0.09688406583509956,22,-0.2923832923832924
4207,sz300461,2026-02-13,score_filtered,0.30937498807907104,0.12735598879579668,-0.13901212482323855,22,-0.18724680257883475
4208,sz300806,2026-02-13,score_filtered,0.2557490049549082,0.10993623995886104,-0.11611617004728036,22,-0.17319964018745082
4209,sz000609,2026-02-13,score_filtered,0.2166377823452405,0.049090905623002445,-0.13771303107097987,22,-0.16636362942782312
4210,sh688308,2026-02-13,score_filtered,0.22237929094707048,0.7606684510640624,0.4403618124943349,22,0.4527026050840879
4211,sz001331,2026-02-13,score_filtered,0.13423481978197344,0.14458285982629082,0.009123366576161418,22,-0.005851290599651282
4212,sh603980,2026-02-13,score_filtered,0.2874858790076497,0.11712844101215114,-0.13231790792672948,22,-0.18639798594555512
4213,sh688147,2026-02-13,score_filtered,0.2829551193519129,0.03551912568306004,-0.19286410719795533,22,-0.2402186159227715
4214,sh600397,2026-02-13,score_filtered,0.327433648110556,0.39678615297925957,0.05224555288877797,22,-0.061804695991267256
4215,sz300264,2026-02-24,expired,0.14010511127675612,0.051565417801130886,-0.0776592373807301,22,-0.06998151926646112
4216,bj920088,2026-02-24,operable_filtered,0.31604014256585133,0.9200389010050465,0.4589516222974732,22,0.2774319399397456
4217,sz300461,2026-02-24,operable_filtered,0.30937498807907104,0.12596762540800444,-0.14007245009325853,22,-0.18437719060701274
4218,sz300164,2026-02-24,operable_filtered,0.29892136345161346,1.0,0.5397390914299969,22,0.3482280906910509
4219,sh603256,2026-02-24,score_filtered,0.25433999027547777,0.040489805476793705,-0.1704882140859738,22,-0.19699358008029688
4220,bj920090,2026-02-24,score_filtered,0.1259080399360923,0.43652177893597144,0.2758784269961425,22,0.2800000232198965
4221,bj920046,2026-02-24,score_filtered,0.22781593121479432,0.37517487085549317,0.12001712626004357,22,-0.00629371688024194
4222,sz000603,2026-02-24,score_filtered,0.3542837189173493,0.13919998168945313,-0.1588173395452468,22,-0.24160003662109375
4223,sh600487,2026-02-24,score_filtered,0.2086555833434438,0.2858157666507293,0.06383967804446078,22,0.1337911813195276
4224,sh601869,2026-02-24,score_filtered,0.16715138488921727,0.15208333333333335,-0.012910108963554934,22,0.12033335367838549
4225,bj920471,2026-02-24,score_filtered,0.2926695941197738,0.06279069045352093,-0.17783268416921805,22,-0.24825582955578518
4226,sh603163,2026-02-24,score_filtered,0.28261597850226616,0.13531328030194345,-0.11484551936763698,22,-0.11576638967169961
4227,sz002155,2026-02-24,score_filtered,0.35081287908937836,0.29315953736996914,-0.04268047974066913,22,-0.16701217709638627
4228,sz300749,2026-02-24,score_filtered,0.2057613602770522,0.07970016329786467,-0.10454904356051187,22,-0.06803657490806214
4229,sz002716,2026-02-24,score_filtered,0.32412209534261066,0.12865500011308995,-0.14762014463548734,22,-0.24236519900592313
4230,sz301526,2026-02-24,score_filtered,0.3329208023044926,0.02278478812224005,-0.23267399957000978,22,-0.3075949716254732
4231,sz301217,2026-02-24,score_filtered,0.2854369080182418,0.09551163239268035,-0.14775153447116218,22,-0.21314607532067675
4232,sz301291,2026-02-24,score_filtered,0.2302061125970754,0.2193751048032706,-0.008804222059130784,22,-0.09770209428702903
4233,sh688480,2026-02-24,score_filtered,0.4325806648500504,0.5384615384615385,0.07390918794968582,22,-0.1927543242575217
4234,sz000711,2026-02-25,expired,0.22020201134737616,0.3598900182986253,0.11447941050105492,22,0.010989000192372256
4235,sz301232,2026-02-25,breakout_support_filtered,0.3018260789954144,0.2498641161830475,-0.0399146734350756,22,-0.1477013764999563
4236,sz300986,2026-02-25,expired,0.2358490622622187,0.029459367607403086,-0.1670023475820095,22,-0.21010035284406747
4237,sz300264,2026-02-25,expired,0.11769994664393614,0.01736750834966294,-0.08976688117015352,22,-0.06855576131326713
4238,sh688228,2026-02-25,filtered,0.20078823394976084,0.0706865068072624,-0.10834693700699749,22,-0.13926313497898424
4239,sz002498,2026-02-25,operable_filtered,0.23470317256532386,0.3435583216922653,0.08816301079131006,22,0.0625767181291974
4240,sz001270,2026-02-25,operable_filtered,0.2755889281694988,0.06600002712673603,-0.16430755740685832,22,-0.23111108850549766
4241,sz301362,2026-02-25,operable_filtered,0.28155565960217094,0.4534147745401733,0.13410195152300464,22,0.12048859640665266
4242,sh688387,2026-02-25,operable_filtered,0.20657536754869435,0.17137356157693895,-0.02917497482421849,22,-0.08793324083875842
4243,sz002931,2026-02-25,operable_filtered,0.22031958628475218,0.0010284120179830936,-0.1796997907199035,22,-0.21997485464613198
4244,sh603616,2026-02-25,operable_filtered,0.18148602205020462,0.03661615644689853,-0.12261665639676111,22,-0.1666666867355704
4245,sz301217,2026-02-25,operable_filtered,0.2854369080182418,0.09972235717164679,-0.14447581961289024,22,-0.19090331180550602
4246,sz301526,2026-02-25,operable_filtered,0.3111821088987627,0.032321884963726344,-0.2126784845846058,22,-0.27440632515060637
4247,sh605376,2026-02-25,score_filtered,0.25833333333333336,0.008912035789775175,-0.1982156006968674,22,-0.23356312602214901
4248,sh603980,2026-02-25,score_filtered,0.2874858790076497,0.04230313125673657,-0.19043529078539623,22,-0.24206819790971634
4249,sz300164,2026-02-25,score_filtered,0.3220338597008372,0.8065413563823873,0.3664864504992249,22,0.19902572577967526
4250,sh605289,2026-02-25,score_filtered,0.27692306625259505,0.31349312383928885,0.028639201963839955,22,-0.062459840913077436
4251,sh688480,2026-02-25,score_filtered,0.4609677222467238,0.32478632478632474,-0.09321314590781993,22,-0.30025638678135014
4252,sh688308,2026-02-25,score_filtered,0.22237929094707048,0.4737311064904015,0.20562506040869644,22,0.1839559482250388
4253,sh688228,2026-02-26,filtered,0.20048530074669485,0.022008770493208596,-0.1486703170313497,22,-0.1818815469035736
4254,sz301232,2026-02-26,expired,0.3018260789954144,0.14988498693711283,-0.11671381800520586,22,-0.14488556328022306
4255,sz300264,2026-02-26,operable_filtered,0.10564662074438018,0.035848976140688826,-0.06312834796772582,22,-0.09056603807535579
4256,sz301217,2026-02-26,operable_filtered,0.2854369080182418,0.061855670103092786,-0.1739340425971152,22,-0.19628866923224064
4257,sh600078,2026-02-26,operable_filtered,0.26822744348108096,0.04326586802930965,-0.17738267422623177,22,-0.17166783330385127
4258,sh603616,2026-02-26,operable_filtered,0.18727052576753273,0.01743466350912959,-0.1430473161528284,22,-0.17434616003558168
4259,sh605289,2026-02-26,operable_filtered,0.2781818096454327,0.2119671378001622,-0.05180379766446408,22,-0.14408000938883048
4260,sz300179,2026-02-26,operable_filtered,0.27423729330806407,0.1559560921177623,-0.09282509765761948,22,-0.1696708403619478
4261,sz002498,2026-02-26,operable_filtered,0.23470317256532386,0.306682536960285,0.05829689758179746,22,0.028639590434441864
4262,sz000711,2026-02-26,operable_filtered,0.250505013918829,0.3711911227448228,0.09650989598817206,22,-0.030470885953559068
4263,sz301362,2026-02-26,operable_filtered,0.28155565960217094,0.4705618526158708,0.14748184489495553,22,0.1507864962802845
4264,sz000609,2026-02-26,operable_filtered,0.2166377823452405,0.03963960047405335,-0.1454814115093469,22,-0.1729729739018011
4265,sz300739,2026-02-26,operable_filtered,0.2487893762993235,0.010397557940525548,-0.19089833953044255,22,-0.23425075439428034
4266,sz300943,2026-02-26,score_filtered,0.2883941698677651,0.02512819339067507,-0.20433651644365203,22,-0.25769228812975764
4267,sz300277,2026-02-26,score_filtered,0.2808348960683211,0.05611220744368972,-0.17545016091804266,22,-0.25531064707201734
4268,sz002378,2026-02-26,score_filtered,0.32878973091650743,0.2563569542998487,-0.05451033743818856,22,-0.16398545782799812
4269,sh600487,2026-02-26,score_filtered,0.2086555833434438,0.2855112944927207,0.06358776826784251,22,0.27485786776312726
4270,sz300617,2026-02-26,score_filtered,0.24023940850544484,0.2785357452376265,0.03087818083311089,22,-0.04725457944580125
4271,sh688480,2026-02-26,score_filtered,0.4609677222467238,0.3025210084033614,-0.10845326110264641,22,-0.30176473665638126
4272,sz001209,2026-02-27,operable_filtered,0.43612464716232435,0.026400748660911466,-0.28529828473524,22,-0.3963039063775494
4273,sz002350,2026-02-27,operable_filtered,0.15052429145700735,0.3157467115265169,0.14360619875333036,22,0.1030844552940382
4274,sz002842,2026-02-27,operable_filtered,0.3507216542037492,0.12450727565260022,-0.16747668022284168,22,-0.24066776747169782
4275,sh688503,2026-02-27,operable_filtered,0.2086398398186907,0.029320355757926242,-0.14836469736730196,22,-0.19669904986631526
4276,sz300179,2026-02-27,operable_filtered,0.275932182699947,0.09992544130017178,-0.13794364918935953,22,-0.23825501351074185
4277,bj920207,2026-02-27,score_filtered,0.2898696354984163,0.21585371938225628,-0.057382478104122225,22,-0.1725609749715148
4278,sz301362,2026-02-27,score_filtered,0.28155565960217094,0.3182917656331121,0.02866524427221928,22,0.007453644972484019
4279,sz301232,2026-02-27,score_filtered,0.29533088296345655,0.0881482517203298,-0.1599457204086221,22,-0.18202652779337225
4280,sz301226,2026-02-27,score_filtered,0.27680000305175784,0.15794348417377702,-0.09308937859797517,22,-0.0060213555903866345
4281,sz002865,2026-02-27,score_filtered,0.23819476348717844,0.04270150368878722,-0.15788571036095767,22,-0.2159041289317768
4282,sz000826,2026-02-27,score_filtered,0.1954887083261591,0.05138344502411463,-0.12054088198274227,22,-0.19762846073288365
4283,sz301636,2026-02-27,score_filtered,0.27246754929706385,0.06493501044924432,-0.16309456297134228,22,-0.221715272107034
4284,sh688480,2026-02-27,score_filtered,0.4609677222467238,0.06903920358364202,-0.26826637761740646,22,-0.4694806865665516
4285,sh688309,2026-02-27,score_filtered,0.1088929586265529,0.5570644882870528,0.40416121878489886,22,0.40028588869264503
4286,sz002353,2026-02-27,score_filtered,0.2695592512053903,0.10856219618812668,-0.12681334476071449,22,-0.17448404154643127
4287,sz301312,2026-02-27,score_filtered,0.17773130923997432,0.0896619107607266,-0.07477885472543111,22,-0.07097331442674248
4288,sh688530,2026-02-27,score_filtered,0.3557109928545121,0.009649325281620103,-0.2552621240049424,22,-0.32007535306148527
4289,sz301226,2026-03-02,operable_filtered,0.267719743514532,0.04287228425368639,-0.17736369604648994,22,-0.03801476863920761
4290,sz000070,2026-03-02,operable_filtered,0.283870939039338,0.024923691501587797,-0.2016925842495576,22,-0.06154624078656501
4291,sz002667,2026-03-02,operable_filtered,0.2797085049572889,0.4695222115376836,0.14832573656039716,22,0.02635911744436026
4292,sh600487,2026-03-02,operable_filtered,0.2086555833434438,0.09247056313830648,-0.09612748396341375,22,0.03774714202452478
4293,sh688035,2026-03-02,score_filtered,0.27873895091961437,0.02576573014770256,-0.19783023000119315,22,-0.2650190604481334
4294,sh605289,2026-03-02,score_filtered,0.2832867282253879,0.07389603535052003,-0.16316750440053795,22,-0.2177831120640915
4295,sh688028,2026-03-02,score_filtered,0.32456343302197144,0.04856016950216491,-0.2083730055042433,22,-0.2924094510208508
4296,sz002378,2026-03-02,score_filtered,0.3353985641863413,0.10421892483123552,-0.17311658523158857,22,-0.28186999163289406
4297,sz002842,2026-03-02,score_filtered,0.3507216542037492,0.060804871064570776,-0.21463843585900344,22,-0.29571303798744186
4298,sh600331,2026-03-02,score_filtered,0.36874452673432034,0.052680283232465985,-0.2309154391696091,22,-0.32393712906298766
4299,sz000510,2026-03-02,score_filtered,0.36978721618652344,0.0038445174359043044,-0.2671529522442184,22,-0.35839382504634754
4300,bj920571,2026-03-03,traded,0.3468611355896247,0.08608815155592087,-0.19361534544505465,22,-0.28305788435109824
4301,bj920010,2026-03-03,traded,0.2994866370811844,0.0,-0.23046534572596322,22,-0.274957242424437
4302,sh603616,2026-03-03,traded,0.17419353608162172,0.0078023332032624015,-0.14170679514521956,22,-0.19375815824036302
4303,bj920351,2026-03-03,traded,0.35352109658578545,0.017921147198436405,-0.24794585783250023,22,-0.3465949895523097
4304,sz301302,2026-03-03,expired,0.44057014430992625,0.20929513344923412,-0.16054408164309097,22,-0.3373345775812989
4305,sz300157,2026-03-03,operable_filtered,0.3383233721008588,0.08913050711943815,-0.18619779806299375,22,-0.2869565131758921
4306,sz301362,2026-03-03,operable_filtered,0.28155565960217094,0.1582301317063053,-0.09623111331282264,22,-0.1207964736803443
4307,sz002207,2026-03-03,operable_filtered,0.4003747505167771,0.1290549988943297,-0.19374796033870434,22,-0.308885756006803
4308,bj920088,2026-03-03,operable_filtered,0.4242577942121431,0.0965555826822917,-0.23008630380086947,22,-0.3113333384195963
4309,sh600367,2026-03-03,operable_filtered,0.27310345090668775,0.19439864826489028,-0.0618212153817862,22,-0.15032954788532937
4310,bj920260,2026-03-03,operable_filtered,0.2807143075125558,0.0362694124956886,-0.19086606090286895,22,-0.2376017752601215
4311,sz301158,2026-03-03,operable_filtered,0.3067571049412788,0.039377026172658036,-0.20461344939895,22,-0.2697619373237258
4312,sz300164,2026-03-03,operable_filtered,0.4036979935220678,0.17999995838512084,-0.1593633646049878,22,-0.2854545333168723
4313,sh600714,2026-03-03,operable_filtered,0.3362766477934124,0.2942857288178944,-0.03142382159028034,22,-0.16761906941731775
4314,sz002506,2026-03-03,operable_filtered,0.2562893207897173,0.287449404827117,0.02480327064932153,22,-0.08502025737430108
4315,sz300393,2026-03-03,operable_filtered,0.21224166077000786,0.12121208772817527,-0.07509193586368856,22,-0.06506243124216582
4316,bj920207,2026-03-03,score_filtered,0.2898696354984163,0.13942860194614948,-0.1166327428850088,22,-0.2137142726353236
4317,bj920571,2026-03-04,operable_filtered,0.2787114577493219,0.1156249625142669,-0.12753971527095398,22,-0.20625002374872525
4318,bj920088,2026-03-04,expired,0.39242940831481665,0.19897431593674875,-0.13893350084597555,22,-0.22807693481445312
4319,bj920010,2026-03-04,traded,0.26068637677724465,0.17717937735677025,-0.06623931293201368,22,-0.15308291282558162
4320,bj920021,2026-03-04,operable_filtered,0.22778259780551233,0.011343814485880177,-0.17628428982988187,22,-0.21029667010383313
4321,sz000711,2026-03-04,operable_filtered,0.28282826482708345,0.2344138470648951,-0.037740373430822594,22,-0.14713219922992582
4322,sz002969,2026-03-04,operable_filtered,0.2376606053001208,0.34515690002674115,0.08685442056269843,22,-0.005002301568735712
4323,sz300157,2026-03-04,operable_filtered,0.2881720699151958,0.049661461750285296,-0.1851543079804644,22,-0.30361170255305947
4324,sz002207,2026-03-04,operable_filtered,0.4003747505167771,0.18329641868854907,-0.15501445720020313,22,-0.3133776684995587
4325,sz002490,2026-03-04,operable_filtered,0.33402205430899207,0.2211942841463319,-0.08457714008416717,22,-0.2026913987803075
4326,sh600871,2026-03-04,operable_filtered,0.34615383370595676,0.06250005731216057,-0.21071423584100968,22,-0.3100961560504677
4327,sh600722,2026-03-04,operable_filtered,0.2987013166421595,0.8036035828597754,0.38877473961685016,22,0.18918913113743097
4328,sh603619,2026-03-04,score_filtered,0.28111951960947956,0.055788372196702074,-0.17588612456819375,22,-0.20926126092782527
4329,sh600714,2026-03-04,score_filtered,0.35982342078131396,0.22432429599506643,-0.09964464702953402,22,-0.2644144431306842
4330,sz301362,2026-03-04,score_filtered,0.28155565960217094,0.0879468126572096,-0.15107330336714575,22,-0.1438071705144901
4331,bj920299,2026-03-04,score_filtered,0.26925407168045284,0.09568103402881012,-0.1367520038142067,22,-0.2561462091066201
4332,sz300164,2026-03-04,score_filtered,0.4036979935220678,0.17999995838512084,-0.1593633646049878,22,-0.308181806044145
4333,sz000554,2026-03-04,score_filtered,0.28103449324790386,0.013986084524057807,-0.20846308989446327,22,-0.28146848177127337
4334,sz300393,2026-03-04,score_filtered,0.21224166077000786,0.02610111654568903,-0.1535506906321662,22,-0.1998368485747236
4335,sh600498,2026-03-04,score_filtered,0.2845580829349039,0.04711862337791306,-0.18484135728179707,22,-0.16677966360318464
4336,bj920571,2026-03-05,traded,0.25253988459156407,0.17777777415508322,-0.05968840701696276,22,-0.12393160964984751
4337,bj920014,2026-03-05,traded,0.40973171089868043,0.31834528589874767,-0.06482540209134935,22,-0.22422066285166453
4338,bj920010,2026-03-05,traded,0.2553062520668245,0.17785712650844032,-0.061697394903328595,22,-0.11571427753993446
4339,sz300461,2026-03-05,operable_filtered,0.30937498807907104,0.19319175289116086,-0.08873182720433492,22,0.11703804127918671
4340,sz002969,2026-03-05,operable_filtered,0.2376606053001208,0.26410258144969756,0.021364480727868784,22,-0.045299123214642134
4341,sh600875,2026-03-05,score_filtered,0.20251216890920928,0.05510353032019255,-0.12258390592648238,22,-0.19042080786617033
4342,sz300658,2026-03-05,score_filtered,0.24838712138514366,0.1175198361852916,-0.10482908943713609,22,-0.02487384786412361
4343,sz002800,2026-03-05,score_filtered,0.2815533980582524,0.100427368366655,-0.14133318983511,22,-0.24572649973235983
4344,sz300277,2026-03-05,score_filtered,0.3114503667860434,0.04758098853127524,-0.20120424297980088,22,-0.29508200722016487
4345,sz002350,2026-03-05,score_filtered,0.15052429145700735,0.17463759858176187,0.02095853803679182,22,0.02391303761920316
4346,sh600714,2026-03-05,score_filtered,0.3727005501977944,0.14780405214923076,-0.16383507533100217,22,-0.2854729789595607
4347,bj920833,2026-03-05,score_filtered,0.3306666480170356,0.07861933565019186,-0.18941431555562427,22,-0.2976989841860138
4348,bj920351,2026-03-05,score_filtered,0.2748091731746926,0.05154200715767421,-0.17513771528723,22,-0.2492606505920234
4349,sz002490,2026-03-05,score_filtered,0.33402205430899207,0.13348945996351014,-0.1503217984273547,22,-0.23106947237988784
4350,sh600487,2026-03-05,score_filtered,0.2086555833434438,0.24569579361042448,0.03064579420095681,22,0.18898120382638028
4351,bj920046,2026-03-05,score_filtered,0.3567251955456598,0.20755303038288697,-0.1099501694613827,22,-0.2327295055182519
4352,bj920299,2026-03-05,score_filtered,0.2771875262260437,0.04952444211928775,-0.17825345098654122,22,-0.248606099724745
4353,sz301373,2026-03-05,score_filtered,0.2181464676914192,0.4286207001784752,0.17278236900849686,22,0.4286207001784752
4354,sh601126,2026-03-05,score_filtered,0.2427236499922726,0.09718116202763238,-0.11711573040840195,22,-0.2134831088918241
4355,sz002498,2026-03-06,expired,0.2949771758297642,0.11280484140900349,-0.14067609670728953,22,-0.19308943759190256
4356,sz300323,2026-03-06,operable_filtered,0.3033626081597711,0.21492007345494168,-0.06785719810521662,22,-0.11012431135992096
4357,sz002378,2026-03-06,operable_filtered,0.36018172833997164,0.08857910672790648,-0.19968112786189351,22,-0.27742806383957686
4358,sz300461,2026-03-06,operable_filtered,0.30937498807907104,0.15254237288135597,-0.11977670004816388,22,0.11016949152542366
4359,bj920090,2026-03-06,operable_filtered,0.23970943876614406,0.12380956953151956,-0.0934895432836077,22,-0.14149659528533254
4360,bj920471,2026-03-06,operable_filtered,0.21975310197273998,0.06930700797674616,-0.12334143176407841,22,-0.14785477409374814
4361,sh688176,2026-03-06,score_filtered,0.2562120478709735,0.0709639724286042,-0.14746560961290534,22,-0.15316381880300622
4362,sz300209,2026-03-06,score_filtered,0.19152544002976757,0.3243547017750117,0.11147832625539711,22,0.31200895404938045
4363,sz300658,2026-03-06,score_filtered,0.24838712138514366,0.10202633931238214,-0.11723990064105061,22,-0.02843936227969457
4364,sh600875,2026-03-06,score_filtered,0.1786201203196692,0.04630730787641224,-0.11226077865306638,22,-0.09047735260194778
4365,sh600590,2026-03-06,score_filtered,0.2279070265168023,0.08860763008253336,-0.11344457961888121,22,-0.10379748883069329
4366,bj920046,2026-03-06,score_filtered,0.3567251955456598,0.23679254008341233,-0.0883986350780579,22,-0.1647798709696613
4367,sz000988,2026-03-06,score_filtered,0.25464960896454103,0.26258931841169075,0.006328228527247681,22,-0.014196395874023438
4368,sz300831,2026-03-06,score_filtered,0.22049102969808418,0.012428309174647767,-0.17047460035401119,22,-0.14674950686558885
4369,sz301373,2026-03-06,score_filtered,0.2181464676914192,0.33617153320445614,0.09688905943856896,22,0.24372825341144844
4370,bj920375,2026-03-09,expired,0.3833560454408686,0.09348578337679792,-0.2095413274257174,22,-0.32073598046632257
4371,sz002498,2026-03-09,expired,0.2949771758297642,0.09829483610719914,-0.1518809314894215,22,-0.22467404091884458
4372,bj920014,2026-03-09,operable_filtered,0.28826815404344597,0.1933333079020183,-0.07369183647322086,22,-0.1793333053588867
4373,sh601567,2026-03-09,operable_filtered,0.2516339676693639,0.040494634778390326,-0.1686909578557786,22,-0.20525501399822976
4374,bj920088,2026-03-09,operable_filtered,0.34950415774185245,0.3498387490549395,0.0002479364818310792,22,-0.1309677247078188
4375,bj920090,2026-03-09,operable_filtered,0.23970943876614406,0.04161417499202513,-0.1597916879388116,22,-0.23203022895099135
4376,sz002667,2026-03-09,score_filtered,0.32735426584291444,0.2742857251848494,-0.039980690930589535,22,-0.1071428571428571
4377,bj920571,2026-03-09,score_filtered,0.17335472237553384,0.23122531413532887,0.04932062798761505,22,0.0049407303656408
4378,sz002470,2026-03-09,score_filtered,0.23821985950654467,0.36917562203322674,0.10576131655558374,22,0.060931927820184084
4379,sh600590,2026-03-09,score_filtered,0.22475187486367132,0.014810427276623628,-0.17141549394273548,22,-0.16409950484639457
4380,bj920207,2026-03-09,score_filtered,0.29100260046627563,0.02099745626764804,-0.20914376477716534,22,-0.21522307569541133
4381,bj920046,2026-03-09,score_filtered,0.3208053896091128,0.020547945205479534,-0.22732905753246002,22,-0.34630135314105304
4382,sh600673,2026-03-09,score_filtered,0.2623941686699594,0.02098761664496518,-0.19122914064102237,22,-0.2222222222222222
4383,bj920010,2026-03-09,score_filtered,0.25523812430245535,0.2589927827209768,0.0029911921457994595,22,-0.07034373288093643
4384,sz300017,2026-03-09,score_filtered,0.22299809638077925,0.04019370164836489,-0.14947234609226923,22,-0.1307505523229151
4385,sz301120,2026-03-09,score_filtered,0.2837977325974611,0.016433542205789964,-0.20826036968512396,22,-0.22762238258918843
4386,sz000534,2026-03-09,score_filtered,0.24786325715220814,0.04553190190741363,-0.1621422492289274,22,-0.1163830046958112
4387,sh688176,2026-03-09,score_filtered,0.2562120478709735,0.04440602370172142,-0.1686069040081415,22,-0.1920415164015481
4388,bj920375,2026-03-10,filtered,0.3833560454408686,0.14115201083239381,-0.17508437933004128,22,-0.283860930829662
4389,sz000988,2026-03-10,operable_filtered,0.25464960896454103,0.14976832358955616,-0.08359408445641103,22,-0.057484346838149736
4390,sh688191,2026-03-10,operable_filtered,0.27527271617542615,0.005668337558516923,-0.21140919522332402,22,-0.2503199665472874
4391,sh601789,2026-03-10,operable_filtered,0.3187500238418579,0.16279067833272776,-0.11826300867451778,22,-0.19040696526005718
4392,sz301373,2026-03-10,operable_filtered,0.2181464676914192,0.12666663145407653,-0.07509756721678273,22,0.058717972193008894
4393,sz300257,2026-03-10,operable_filtered,0.22284797986772853,0.04688383025603349,-0.14389699497293895,22,-0.16198761155071517
4394,sz000533,2026-03-10,operable_filtered,0.3594322493875787,0.2006596762708326,-0.11679329601623967,22,-0.1962617121321315
4395,bj920014,2026-03-10,score_filtered,0.30167596277153746,0.12862547326690277,-0.13294436899347395,22,-0.22320302890817822
4396,sz002350,2026-03-10,score_filtered,0.15052429145700735,0.07564694178726294,-0.06508106801892966,22,-0.013271387744873464
4397,bj920368,2026-03-10,score_filtered,0.23450545426253433,0.034561174933708916,-0.16196305867945116,22,-0.22805818289435253
4398,sh688158,2026-03-10,score_filtered,0.22476547305288508,0.03535352973985595,-0.15465160267858913,22,-0.1351981186161897
4399,sh603618,2026-03-10,score_filtered,0.14581457566341527,0.47260271991267255,0.2852015947345148,22,0.18003914916949615
4400,sz002506,2026-03-10,score_filtered,0.2971698590638832,0.06000002225240064,-0.18283637655799279,22,-0.25999999046325684
4401,sh688530,2026-03-10,score_filtered,0.24086790701777527,0.04296763123908165,-0.1594853687966794,22,-0.08249788257529111
4402,sz300749,2026-03-10,score_filtered,0.29526751888387925,0.05537461745596772,-0.1852072239367395,22,-0.2690010805202444
4403,sh688035,2026-03-10,score_filtered,0.2977060092995897,0.05445944296347127,-0.18744350769201246,22,-0.1472973179172825
4404,sz300819,2026-03-10,score_filtered,0.31448949909887813,0.023500152261911156,-0.22137061348641351,22,-0.17179985803376496
4405,bj920375,2026-03-11,traded,0.3833560454408686,0.15736840900621907,-0.16336187431965754,22,-0.27368420048763875
4406,bj920014,2026-03-11,operable_filtered,0.30167596277153746,0.017045410827172702,-0.21866467545296564,22,-0.27954545282135324
4407,sh601789,2026-03-11,operable_filtered,0.3187500238418579,0.0958903823254107,-0.16899309003779184,22,-0.23150685110466185
4408,sz000988,2026-03-11,operable_filtered,0.25464960896454103,0.057350066202422445,-0.15725469593454822,22,-0.06415434035175993
4409,sz002350,2026-03-11,score_filtered,0.15052429145700735,0.07350984602391719,-0.06693856531752151,22,-0.04701986888810039
4410,sz300164,2026-03-11,score_filtered,0.33654732076637583,0.052173907434807765,-0.21276718670051165,22,-0.27101451225042994
4411,sz300257,2026-03-11,score_filtered,0.2159090838719426,0.03558421144945778,-0.1483045688319542,22,-0.17455869380656241
4412,sz000533,2026-03-11,score_filtered,0.3594322493875787,0.26169848794960027,-0.0718930726279351,22,-0.14846907996044267
4413,sz002470,2026-03-11,score_filtered,0.23821985950654467,0.2733333110809326,0.02835801033621088,22,-0.029999971389770508
4414,sz301265,2026-03-11,score_filtered,0.14644710450345014,0.06924464619497228,-0.06734061955864579,22,0.05350721880865317
4415,bj920779,2026-03-11,score_filtered,0.22123044185421342,0.12300192181782577,-0.0804340578730135,22,-0.050121877046033214
4416,sz003035,2026-03-11,score_filtered,0.33636361902410333,0.09235355842699611,-0.1825925647207447,22,-0.24230383856291604
4417,sh603778,2026-03-11,score_filtered,0.0804953526092662,0.6460134947208034,0.5233878523825937,22,0.5898174332034041
4418,sh600227,2026-03-11,score_filtered,0.307407417872969,0.33663369959305967,0.02235437960696207,22,-0.061881188703113876
4419,sh688158,2026-03-11,score_filtered,0.22476547305288508,0.034951441496321234,-0.15497990083230218,22,-0.126407734398703
4420,sz301396,2026-03-11,score_filtered,0.16702403553753697,0.7301587301587302,0.48253907158116993,22,0.5452380710177951
4421,sh603588,2026-03-11,score_filtered,0.17153288058942176,0.23494376382504334,0.05412642213141994,22,0.06022507093071239
4422,sz001267,2026-03-11,score_filtered,0.21749699161917674,0.028964353845232882,-0.1548526518519031,22,-0.10793915657435904
