entry_price,max_drawdown,dd_day_idx,rebound_pct,subsequent_high,effective_range,mfe,final_return,signal_idx,stock_code,t0_date,status
20.5,-0.09658534352372328,1.0,0.5534557098622075,28.770000457763672,0.5534557098622075,0.4034146564762766,0.050731751976943684,0,bj920152,2025-02-21,traded
27.510000228881836,-0.05488913908828463,1.0,0.4949999589186449,38.869998931884766,0.4949999589186449,0.41294069823657953,0.18138857613964432,1,bj920171,2025-02-21,traded
14.960000038146973,-0.13101604499659802,5.0,0.723076893733098,22.399999618530273,0.723076893733098,0.49732617389116407,-0.0033422587304389184,2,bj920249,2025-02-21,traded
52.0,-0.17692309159498953,20.0,0.07196266088686554,45.880001068115234,0.07196266088686554,0.1788461391742413,-0.12846154433030343,3,bj920092,2025-02-21,filtered
21.799999237060547,-0.1077980989158035,4.0,1.8791772649543481,56.0,1.8791772649543481,1.5688074293506666,0.559633082105762,4,bj920130,2025-02-21,expired
18.479999542236328,-0.10443724853806058,20.0,0.07915416517709062,17.860000610351562,0.07915416517709062,0.20670994531647846,-0.037878726890169134,5,bj920395,2025-02-21,expired
25.8799991607666,-0.10857803543526645,5.0,0.733853512315999,40.0,0.733853512315999,0.5455951042161913,0.04404951058596951,6,bj920906,2025-02-21,traded
60.0,-0.06466668446858725,1.0,0.3788310535667929,77.37999725341797,0.3788310535667929,0.2896666208902994,-0.023000017801920625,7,bj920522,2025-02-21,expired
26.579999923706055,-0.03950335741438726,1.0,0.47551888585142565,37.66999816894531,0.47551888585142565,0.41723093593195837,0.07975924925953892,8,bj920627,2025-02-21,filtered
11.880000114440918,-0.16666670680447426,20.0,0.11010102975637381,10.989999771118164,0.11010102975637381,0.13552185531717176,-0.08333331326442961,9,bj920556,2025-02-21,expired
28.0,-0.03285714558192665,0.0,0.5875185302653194,42.9900016784668,0.5875185302653194,0.5353572028023856,0.04571431023733963,10,bj920876,2025-02-21,traded
57.900001525878906,-0.170984477806171,5.0,0.3658332824707031,65.55999755859375,0.3658332824707031,0.1322969918971615,-0.1497409629560622,11,bj920953,2025-02-21,expired
50.0,-0.2922000122070313,20.0,0.09607238159132048,38.790000915527344,0.09607238159132048,0.0,-0.239800033569336,12,bj920790,2025-02-21,operable_filtered
27.989999771118164,-0.07359769499062374,20.0,0.10181254757337888,28.56999969482422,0.10181254757337888,0.576277216601143,-0.0014290463917754348,13,bj920207,2025-02-21,filtered
45.0,-0.36933335198296446,20.0,0.0923185664802757,31.0,0.0923185664802757,0.017333306206597232,-0.3471111297607422,14,bj920924,2025-02-21,expired
33.5099983215332,-0.15547595778674694,4.0,0.4770318149804378,41.79999923706055,0.4770318149804378,0.24738887886485705,-0.02118767890287887,15,bj920932,2025-02-21,filtered
18.920000076293945,-0.021141628801125578,0.0,0.5534557098622075,28.770000457763672,0.5534557098622075,0.5206131258853117,0.15274838150077485,16,bj920152,2025-02-24,traded
18.440000534057617,-0.2619306256775664,19.0,0.1454813038837388,15.59000015258789,0.1454813038837388,0.06290671441520068,-0.18221260916700277,17,sz002527,2025-02-24,expired
27.600000381469727,-0.11775362156088975,19.0,0.10143734187512177,26.81999969482422,0.10143734187512177,0.3115942124132598,-0.07282609424278574,18,bj920662,2025-02-24,expired
21.5,-0.1813953310944313,19.0,0.16363631240592635,20.479999542236328,0.16363631240592635,0.1274418498194494,-0.06093020771825042,19,bj920855,2025-02-24,expired
37.349998474121094,-0.19919675851831642,19.0,0.10832503159464668,33.150001525878906,0.10832503159464668,0.13788491931123414,-0.14832661939778236,20,bj920491,2025-02-24,expired
27.100000381469727,-0.04317343394186668,19.0,0.10181254757337888,28.56999969482422,0.10181254757337888,0.6280442181119994,0.0,21,bj920207,2025-02-24,breakout_support_filtered
21.600000381469727,-0.018518500530834592,0.0,0.30188676359476174,27.600000381469727,0.30188676359476174,0.27777777287204586,0.11712957104701349,22,bj920978,2025-02-24,breakout_support_filtered
27.93000030517578,-0.16577160821789305,19.0,0.13133053534284378,26.360000610351562,0.13133053534284378,0.23737919784005923,-0.09738636559195002,23,bj920407,2025-02-24,traded
11.600000381469727,-0.146551785089171,19.0,0.11010102975637381,10.989999771118164,0.11010102975637381,0.1629309765082072,-0.08534488726172329,24,bj920556,2025-02-24,expired
34.0,-0.16529414233039408,19.0,0.0923185664802757,31.0,0.0923185664802757,0.2905882667092716,-0.14117644814883956,25,bj920924,2025-02-24,traded
19.8799991607666,-0.08853110643015416,4.0,0.5607063673757504,28.280000686645508,0.5607063673757504,0.4225353058593886,0.009054341688857548,26,bj920363,2025-02-24,expired
48.0,-0.1031250158945719,4.0,0.2915214740876604,55.599998474121094,0.2915214740876604,0.15833330154418945,-0.05666669209798181,27,bj920693,2025-02-24,filtered
15.25,-0.11540985107421875,19.0,0.10007415896033245,14.84000015258789,0.10007415896033245,0.13573768490650617,-0.053770471791752095,28,bj920184,2025-02-24,traded
9.0,-0.14000002543131507,20.0,0.0,9.329999923706055,0.0,0.38333331214057065,-0.011111153496636272,29,sh600590,2025-02-24,filtered
10.579999923706055,-0.038752348806113335,5.0,0.9862340817504247,20.200000762939453,0.9862340817504247,0.9092628458038421,0.30340265229629093,30,bj920010,2025-02-24,filtered
61.79999923706055,-0.22718448363843613,19.0,0.13944723788671842,54.41999816894531,0.13944723788671842,0.13106799981901784,-0.14126213025907408,31,bj920593,2025-02-24,expired
20.010000228881836,-0.19040476873374257,19.0,0.10864186658308861,17.959999084472656,0.10864186658308861,0.12593705292048818,-0.142428803041997,32,bj920415,2025-02-24,traded
18.399999618530273,-0.0451086924409595,0.0,0.4945930953326949,26.260000228881836,0.4945930953326949,0.4271739550709508,0.061413102801221475,33,bj920706,2025-02-24,expired
15.680000305175781,-0.028061258003443945,19.0,0.14698161448553715,17.479999542236328,0.14698161448553715,0.38265305377701253,0.10331625640020059,34,bj920895,2025-02-24,traded
13.100000381469727,-0.25038172451392826,20.0,0.045824926367017405,10.270000457763672,0.045824926367017405,0.11450381345956195,-0.2290076269191239,35,sz002599,2025-02-24,expired
20.399999618530273,-0.04460783649160038,0.0,0.476141651904858,28.770000457763672,0.476141651904858,0.4102941664582451,0.08039222194432694,36,bj920152,2025-02-25,expired
9.5,-0.12315790276778371,18.0,0.13565427668553642,9.460000038146973,0.13565427668553642,0.18526318198756164,-0.08315789072137125,37,bj920146,2025-02-25,traded
19.799999237060547,-0.16414142046615987,18.0,0.12567975949196986,18.6299991607666,0.12567975949196986,0.12626263112781522,-0.0944443941383899,38,bj920395,2025-02-25,filtered
18.329999923706055,-0.2575013795239828,18.0,0.1454813038837388,15.59000015258789,0.1454813038837388,0.05564650638347857,-0.21331150374721686,39,sz002527,2025-02-25,expired
22.43000030517578,-0.21533659643292646,18.0,0.16363631240592635,20.479999542236328,0.16363631240592635,0.011591628414817201,-0.12572446083175026,40,bj920855,2025-02-25,expired
28.799999237060547,-0.21180550818457888,18.0,0.3524228956441704,30.700000762939453,0.3524228956441704,0.3194444793977864,0.01388894223872672,41,bj920663,2025-02-25,expired
30.600000381469727,-0.15261437967569214,18.0,0.10181254757337888,28.56999969482422,0.10181254757337888,0.44183001247942033,-0.11633985037785133,42,bj920207,2025-02-25,filtered
29.989999771118164,-0.14904966146946486,3.0,0.44514108176262335,36.880001068115234,0.44514108176262335,0.22974329275028804,0.15538518807354418,43,bj920273,2025-02-25,traded
11.380000114440918,-0.10632689156228692,4.0,0.9862340817504247,20.200000762939453,0.9862340817504247,0.7750439859228286,0.15553598297800297,44,bj920010,2025-02-25,traded
15.109999656677246,-0.12574451765064376,3.0,1.0196820763157475,26.68000030517578,1.0196820763157475,0.7657181278217731,0.24222375143926866,45,bj920837,2025-02-25,traded
18.649999618530273,-0.05469171467168388,17.0,0.12592179956783345,19.850000381469727,0.12592179956783345,0.40804293651515233,0.0010724106258854782,46,bj920706,2025-02-25,traded
13.649999618530273,-0.07838825822175577,4.0,0.5882352673616107,19.979999542236328,0.5882352673616107,0.4637362711067694,0.045421308172912234,47,bj920378,2025-02-25,expired
219.0,-0.274794487104024,21.0,0.0,169.58999633789062,0.0,0.10045662100456632,-0.2691780682568137,48,bj920493,2025-02-25,operable_filtered
15.800000190734863,-0.035443064104839994,18.0,0.2565616736308671,19.149999618530273,0.2565616736308671,0.3721519014847201,0.16265826692872998,49,bj920895,2025-02-25,operable_filtered
25.0,-0.1619999694824219,3.0,0.3747015841645094,28.799999237060547,0.3747015841645094,0.1519999694824219,-0.04480003356933593,50,bj920510,2025-02-25,operable_filtered
16.75,-0.1086566981984608,18.0,0.13730738078751914,16.979999542236328,0.13730738078751914,0.3731343283582089,-0.03522388970673973,51,bj920454,2025-02-25,operable_filtered
10.300000190734863,-0.09611648085295144,2.0,0.49086997731976134,13.880000114440918,0.49086997731976134,0.34757280169046645,0.34757280169046645,52,bj920834,2025-02-25,operable_filtered
38.880001068115234,-0.09979426341366926,3.0,0.9362856183733259,67.7699966430664,0.9362856183733259,0.7430554213292788,0.22916665644639167,53,bj920570,2025-02-25,operable_filtered
20.600000381469727,-0.034466066925899375,8.0,0.44645557268024594,28.770000457763672,0.44645557268024594,0.39660193810690836,0.024271844210729476,54,bj920152,2025-02-26,breakout_support_filtered
26.56999969482422,-0.16221300396860605,17.0,0.13342314837449942,25.229999542236328,0.13342314837449942,0.17237485797179852,-0.11065113164567797,55,bj920690,2025-02-26,expired
19.190000534057617,-0.13757171566054438,17.0,0.12567975949196986,18.6299991607666,0.12567975949196986,0.16206350268117142,-0.10109434497485215,56,bj920395,2025-02-26,filtered
31.420000076293945,-0.22501590317176534,17.0,0.10143734187512177,26.81999969482422,0.10143734187512177,0.15213242122974946,-0.21992361014109707,57,bj920662,2025-02-26,expired
30.299999237060547,-0.25082503846486504,17.0,0.3524228956441704,30.700000762939453,0.3524228956441704,0.25412544411953064,-0.08613857322513019,58,bj920663,2025-02-26,expired
2.8499999046325684,-0.31578943405785254,4.0,0.3589743746494789,2.6500000953674316,0.3589743746494789,0.010526389758675148,-0.2210525954749324,59,sz002501,2025-02-26,expired
28.68000030517578,-0.09100420441350365,2.0,0.4909857839239553,38.869998931884766,0.4909857839239553,0.3552998088661119,0.19142251762036322,60,bj920171,2025-02-26,filtered
9.0,-0.03333335452609587,0.0,0.7241379688337035,15.0,0.7241379688337035,0.6666666666666667,0.12222226460774732,61,bj920455,2025-02-26,expired
35.29999923706055,-0.19603400073246513,17.0,0.0923185664802757,31.0,0.0923185664802757,0.2430595472094732,-0.1900849640083846,62,bj920924,2025-02-26,traded
30.450000762939453,-0.11330051482752124,20.0,0.10000002825701682,29.700000762939453,0.10000002825701682,0.4118226798466855,-0.10706076017080324,63,bj920876,2025-02-26,expired
35.900001525878906,-0.2777158996362755,17.0,0.10181254757337888,28.56999969482422,0.10181254757337888,0.2289692773433556,-0.27493037380843843,64,bj920207,2025-02-26,expired
63.0,-0.12380951169937371,21.0,0.0,57.779998779296875,0.0,0.228253924657428,-0.10730156065925722,65,bj920522,2025-02-26,breakout_support_filtered
25.75,-0.12621359223300976,2.0,1.0351111518012153,45.790000915527344,1.0351111518012153,0.778252462738926,0.11145634327119991,66,bj920579,2025-02-26,expired
37.81999969482422,-0.20914859627813842,17.0,0.10832503159464668,33.150001525878906,0.10832503159464668,0.025383371026415746,-0.1589106366308174,67,bj920491,2025-02-26,operable_filtered
28.799999237060547,-0.11388884952038791,2.0,0.44514108176262335,36.880001068115234,0.44514108176262335,0.2805556265660294,0.10520835996226108,68,bj920273,2025-02-26,filtered
51.97999954223633,-0.1766063944982642,17.0,0.07359816780443573,45.95000076293945,0.07359816780443573,0.17929972637362668,-0.16641011518580506,69,bj920092,2025-02-26,filtered
62.560001373291016,-0.23657293361372012,17.0,0.13944723788671842,54.41999816894531,0.13944723788671842,0.06937340245073553,-0.16496162832934613,70,bj920593,2025-02-26,expired
21.079999923706055,-0.10341557462361306,17.0,0.11957673410035663,21.15999984741211,0.11957673410035663,0.26470587969172255,-0.08064519777477197,71,bj920896,2025-02-26,expired
24.0,-0.1812500158945719,21.0,0.0,21.09000015258789,0.0,0.19875001907348633,-0.15416669845581055,72,bj920152,2025-02-27,traded
30.280000686645508,-0.15719947559252057,1.0,0.44514108176262335,36.880001068115234,0.44514108176262335,0.2179656615523311,0.19055476947065597,73,bj920273,2025-02-27,expired
26.579999923706055,-0.16252820568939563,16.0,0.13342314837449942,25.229999542236328,0.13342314837449942,0.17193377381270603,-0.13468773265545197,74,bj920690,2025-02-27,expired
33.119998931884766,-0.21286230266974682,1.0,0.4909857839239553,38.869998931884766,0.4909857839239553,0.1736111167100447,0.0386474225626221,75,bj920171,2025-02-27,traded
2.359999895095825,-0.17372875662583953,3.0,0.3589743746494789,2.6500000953674316,0.3589743746494789,0.122881446255247,-0.08474568565903096,76,sz002501,2025-02-27,filtered
34.029998779296875,-0.3329414758383815,16.0,0.3524228956441704,30.700000762939453,0.3524228956441704,0.0,-0.24478396459494478,77,bj920663,2025-02-27,expired
38.5099983215332,-0.18644504572238296,21.0,0.0,33.150001525878906,0.0,0.2723968355148232,-0.1625551439723868,78,bj920508,2025-02-27,traded
70.36000061035156,-0.2227117943108312,21.0,0.0,56.689998626708984,0.0,0.09977254949076286,-0.20864127597827253,79,bj920522,2025-02-27,expired
27.610000610351562,-0.09416879116239252,1.0,0.7193122593554839,43.0,0.7193122593554839,0.5574067022612961,-0.05758783474969453,80,bj920026,2025-02-27,traded
245.0500030517578,-0.3049173649874277,21.0,0.0,188.99000549316406,0.0,0.3433993393483037,-0.23117734523475275,81,bj920002,2025-02-27,expired
50.65999984741211,-0.2183182275286959,21.0,0.0,41.209999084472656,0.0,0.1843663675625733,-0.2094354647119795,82,bj920239,2025-02-27,filtered
7.0,-0.1428571428571429,2.0,0.6383333206176758,9.829999923706055,0.6383333206176758,0.4042857033865792,0.10142857687813889,83,sh600589,2025-02-27,expired
6.400000095367432,-0.19062503888271687,21.0,0.0,5.389999866485596,0.0,0.02968750849831836,-0.18125004796311184,84,bj920023,2025-02-27,expired
40.0,-0.3860000133514404,21.0,0.0,26.600000381469727,0.0,0.04499998092651358,-0.35,85,bj920207,2025-02-27,expired
35.66999816894531,-0.29520603644057397,21.0,0.0,27.0,0.0,0.20521457486068395,-0.24642555254828635,86,bj920876,2025-02-27,expired
57.34000015258789,-0.2936867824864814,21.0,0.0,44.29999923706055,0.0,0.04638995187187933,-0.244332024489904,87,bj920092,2025-02-27,traded
25.0,-0.07999999999999996,1.0,0.7391304347826086,40.0,0.7391304347826086,0.6000000000000001,0.034400024414062536,88,bj920839,2025-02-27,traded
26.5,-0.12943397378021815,1.0,0.733853512315999,40.0,0.733853512315999,0.509433962264151,-0.09207549185123087,89,bj920906,2025-02-27,filtered
22.0,-0.10090905969793151,20.0,0.08392314407414858,21.440000534057617,0.08392314407414858,0.6495454961603337,-0.050454573197798336,90,bj920284,2025-02-27,expired
22.040000915527344,-0.10843925579482605,20.0,0.08142495738070643,21.25,0.08142495738070643,0.30535386854249147,-0.0812160091275802,91,bj920152,2025-02-28,traded
10.100000381469727,-0.04950494862528321,0.0,0.5624999379118307,15.0,0.5624999379118307,0.4851484587584973,0.013861325184233886,92,bj920455,2025-02-28,traded
28.270000457763672,-0.19702863829613249,15.0,0.3524228956441704,30.700000762939453,0.3524228956441704,0.11991508081908986,-0.10576581969233867,93,bj920663,2025-02-28,expired
28.56999969482422,-0.3076653518400674,19.0,0.1349848323360574,22.450000762939453,0.1349848323360574,0.2702135562886159,-0.23976200401257552,94,bj920284,2025-02-28,expired
16.649999618530273,-0.12912910917652365,15.0,0.12965511453562772,16.3799991607666,0.12965511453562772,0.1165165512615709,-0.08948947779313454,95,bj920089,2025-02-28,expired
68.0,-0.1957353143131032,20.0,0.041140977445575766,56.939998626708984,0.041140977445575766,0.13794113607967606,-0.1798529344446519,96,bj920522,2025-02-28,expired
230.0,-0.25943477464758835,20.0,0.10955206635069303,188.99000549316406,0.10955206635069303,0.4313044009001359,-0.209260890794837,97,bj920002,2025-02-28,expired
6.150000095367432,-0.1577236182092865,20.0,0.04826254986193357,5.429999828338623,0.04826254986193357,0.052032469896262645,-0.12357727107261607,98,bj920023,2025-02-28,expired
18.0,-0.08333333333333337,20.0,0.1381818597966975,18.780000686645508,0.1381818597966975,0.9605556064181857,0.016666624281141518,99,bj920810,2025-02-28,expired
7.340000152587891,-0.18256132489526478,1.0,0.6383333206176758,9.829999923706055,0.6383333206176758,0.3392370189856544,-0.016348822874878488,100,sh600589,2025-02-28,expired
39.5,-0.20683544496946693,20.0,0.05904884730210003,33.18000030517578,0.05904884730210003,0.240506329113924,-0.18253162239171283,101,bj920508,2025-02-28,traded
53.0,-0.016415074186505008,20.0,0.06656430721096318,55.599998474121094,0.06656430721096318,0.6037735849056605,-0.0026414979178950304,102,bj920779,2025-02-28,expired
25.940000534057617,-0.14186585309989364,15.0,0.13342314837449942,25.229999542236328,0.13342314837449942,0.20084807159630746,-0.0971472785613503,103,bj920690,2025-02-28,expired
48.099998474121094,-0.17671518232112204,20.0,0.04065658263607541,41.209999084472656,0.04065658263607541,0.2474012869726261,-0.15841994123938485,104,bj920239,2025-02-28,filtered
35.5,-0.16338026019888863,20.0,0.043771016958448206,31.0,0.043771016958448206,0.30169011505556775,-0.14140846359897663,105,bj920237,2025-02-28,expired
13.819999694824219,-0.03545584529221635,0.0,0.6601649878039864,22.1299991607666,0.6601649878039864,0.6013024348368541,0.26628078049480663,106,bj920299,2025-02-28,traded
21.0,-0.21809523446219303,20.0,0.0712545719158133,17.59000015258789,0.0712545719158133,0.25047620137532545,-0.20047614687965032,107,bj920706,2025-02-28,operable_filtered
34.959999084472656,-0.11155605608303465,14.0,0.11622661832178505,34.66999816894531,0.11622661832178505,0.10697945584695123,-0.08895877529883067,108,bj920971,2025-02-28,operable_filtered
20.079999923706055,-0.1165338725836016,6.0,0.1724915166529064,20.799999237060547,0.1724915166529064,0.0388446558570279,-0.023904359763948557,109,sz000096,2025-02-28,operable_filtered
18.0,-0.1472222010294596,15.0,0.2286645043422313,18.860000610351562,0.2286645043422313,0.1599999533759222,-0.11166667938232422,110,bj920527,2025-02-28,operable_filtered
44.0,-0.2879545471884988,19.0,0.05904884730210003,33.18000030517578,0.05904884730210003,0.022727272727272707,-0.2629545385187323,111,bj920508,2025-03-03,expired
26.8799991607666,-0.15550589763143197,14.0,0.3524228956441704,30.700000762939453,0.3524228956441704,0.17782741204926378,-0.06584816241357949,112,bj920663,2025-03-03,expired
29.780000686645508,-0.33579582838909683,18.0,0.20323551116604088,23.799999237060547,0.20323551116604088,0.1316319672904449,-0.23774344393756164,113,bj920284,2025-03-03,expired
20.809999465942383,-0.05574242562142129,19.0,0.08142495738070643,21.25,0.08142495738070643,0.38250846689586004,-0.017779862632399612,114,bj920152,2025-03-03,traded
42.209999084472656,-0.29637523318817416,19.0,0.07239055768689084,31.850000381469727,0.07239055768689084,0.041933202941356607,-0.26131246194114144,115,bj920237,2025-03-03,expired
65.0999984741211,-0.1599078355055622,19.0,0.06747124765156176,58.380001068115234,0.06747124765156176,0.10245773157117366,-0.1228878677037174,116,bj920522,2025-03-03,expired
55.0,-0.28000002774325283,19.0,0.05984855651271914,41.970001220703125,0.05984855651271914,0.003272732821377744,-0.24745455655184656,117,bj920239,2025-03-03,filtered
25.989999771118164,-0.04540208986408212,0.0,0.6122531584456299,40.0,0.6122531584456299,0.5390534956622313,0.014236277125503127,118,bj920839,2025-03-03,expired
251.0,-0.3213944150157184,19.0,0.10955206635069303,188.99000549316406,0.10955206635069303,0.31155383349414834,-0.27569719899698086,119,bj920002,2025-03-03,expired
22.0,-0.2509091117165305,19.0,0.052791314526659194,17.350000381469727,0.052791314526659194,0.050000017339532965,-0.2259090596979315,120,bj920252,2025-03-03,expired
35.0,-0.2982857295445034,19.0,0.09405543255382876,26.8700008392334,0.09405543255382876,0.1428571428571428,-0.2571428571428571,121,bj920207,2025-03-03,expired
19.700000762939453,-0.1624365806604151,19.0,0.1381818597966975,18.780000686645508,0.1381818597966975,0.7913705354731009,-0.09949243227992832,122,bj920810,2025-03-03,traded
24.049999237060547,-0.12681909911916178,13.0,0.18857138497488846,24.959999084472656,0.18857138497488846,0.14553015014680626,-0.03575878296402146,123,bj920001,2025-03-03,expired
14.880000114440918,-0.052419336490072244,0.0,0.5695034441169187,22.1299991607666,0.5695034441169187,0.48723111495742666,0.1572580094702165,124,bj920299,2025-03-03,expired
31.799999237060547,-0.18238991749097522,14.0,0.15384615384615374,30.0,0.15384615384615374,0.21069185294605597,-0.1446540435372129,125,bj920346,2025-03-03,expired
14.59000015258789,-0.1315969880886798,19.0,0.0773480297028526,13.649999618530273,0.0773480297028526,0.35915008336642984,-0.10623716069392453,126,bj920274,2025-03-03,expired
18.760000228881836,-0.18176971246313023,14.0,0.2286645043422313,18.860000610351562,0.2286645043422313,0.11300633827396944,-0.135394503440192,127,bj920527,2025-03-03,filtered
23.200000762939453,-0.29439653875428107,19.0,0.1105680741081223,18.18000030517578,0.1105680741081223,0.13103443569859352,-0.2163793229603168,128,bj920123,2025-03-03,expired
22.489999771118164,-0.1049355551075769,18.0,0.06259315854009473,21.389999389648438,0.06259315854009473,0.7741219178276206,-0.08848376128814983,129,bj920856,2025-03-04,expired
26.479999542236328,-0.06306646922822823,2.0,0.6122531584456299,40.0,0.6122531584456299,0.510574044240405,0.049471351810317366,130,bj920839,2025-03-04,expired
29.0,-0.31793101080532726,17.0,0.20323551116604088,23.799999237060547,0.20323551116604088,0.16206899182549828,-0.2531034535375135,131,bj920284,2025-03-04,expired
28.0,-0.18928568703787663,13.0,0.3524228956441704,30.700000762939453,0.3524228956441704,0.11892856870378776,-0.12892859322684147,132,bj920663,2025-03-04,expired
73.0,-0.2858903963271886,18.0,0.07807403820126901,56.20000076293945,0.07807403820126901,0.10917809891374142,-0.2767123392183487,133,bj920779,2025-03-04,expired
12.920000076293945,-0.3258513942172201,18.0,0.0654419853418835,9.279999732971191,0.0654419853418835,0.025541789609703658,-0.2964396208273612,134,sz002575,2025-03-04,expired
37.599998474121094,-0.3382978678073424,21.0,0.0,25.790000915527344,0.0,0.12819148644757727,-0.3303191136428798,135,bj920876,2025-03-04,operable_filtered
52.29999923706055,-0.24282984604596414,18.0,0.05984855651271914,41.970001220703125,0.05984855651271914,0.04321227856976706,-0.22313572350256905,136,bj920239,2025-03-04,expired
31.0,-0.1903225683396862,18.0,0.16454179673302338,29.229999542236328,0.16454179673302338,0.15451615856539824,-0.10709676434916837,137,bj920006,2025-03-04,expired
39.970001220703125,-0.25694271063579943,18.0,0.07239055768689084,31.850000381469727,0.07239055768689084,0.04503375486834371,-0.20815615081501093,138,bj920237,2025-03-04,expired
306.7900085449219,-0.4447993836601297,18.0,0.10955206635069303,188.99000549316406,0.10955206635069303,0.06222496106842845,-0.42305813400020587,139,bj920002,2025-03-04,expired
15.670000076293945,-0.19144862701937648,18.0,0.0773480297028526,13.649999618530273,0.0773480297028526,0.2654754197292879,-0.1435864702645323,140,bj920274,2025-03-04,expired
19.5,-0.15384615384615385,18.0,0.1381818597966975,18.780000686645508,0.1381818597966975,0.8097436366937099,-0.14410253671499396,141,bj920810,2025-03-04,traded
23.030000686645508,-0.2891880003839543,18.0,0.19120335982299053,19.5,0.19120335982299053,0.017802858670771027,-0.17498916919192276,142,bj920123,2025-03-04,expired
61.0,-0.27704920534227717,18.0,0.13378688730207466,50.0,0.13378688730207466,0.09278694528048148,-0.2327868977531058,143,bj920533,2025-03-04,operable_filtered
28.889999389648438,-0.0910349330678406,2.0,0.4234577586561923,37.380001068115234,0.4234577586561923,0.2938733768720274,0.021806891015060836,144,bj920651,2025-03-04,traded
19.0,-0.19210524308054067,13.0,0.2286645043422313,18.860000610351562,0.2286645043422313,0.09894732425087382,-0.125263113724558,145,bj920527,2025-03-04,traded
46.5,-0.253763424452915,18.0,0.0703169617596946,37.13999938964844,0.0703169617596946,0.1281720233219925,-0.22795695643271174,146,bj920418,2025-03-04,operable_filtered
22.81999969482422,-0.36021031653295166,21.0,0.0,19.299999237060547,0.0,0.7484663479171116,-0.33391761557680333,147,bj920856,2025-03-05,expired
19.190000534057617,-0.1521625844205502,21.0,0.0,18.350000381469727,0.0,0.07399687528792853,-0.13027618188770262,148,bj920599,2025-03-05,expired
27.0,-0.1999999858714916,21.0,0.0,26.299999237060547,0.0,0.4814814814814814,-0.1551852049650969,149,bj920839,2025-03-05,expired
33.79999923706055,-0.4553254360069283,21.0,0.0,24.950000762939453,0.0,0.049408343826572665,-0.4088757398453151,150,bj920267,2025-03-05,expired
11.600000381469727,-0.3448276159737812,21.0,0.0,10.0,0.0,0.2931034057517412,-0.29051730417326227,151,bj920455,2025-03-05,traded
74.0,-0.45121620796822215,21.0,0.0,49.79999923706055,0.0,0.06189191663587423,-0.4182432535532359,152,bj920779,2025-03-05,expired
18.200000762939453,-0.2840659787496219,21.0,0.0,17.290000915527344,0.0,0.08791200038733837,-0.2082417998160142,153,bj920299,2025-03-05,expired
29.0,-0.40689652541588095,21.0,0.0,22.780000686645508,0.0,0.3793103448275863,-0.3724137667951912,154,bj920906,2025-03-05,traded
25.889999389648438,-0.37311703650616745,21.0,0.0,19.969999313354492,0.0,0.006952503260689635,-0.33874077856956364,155,bj920978,2025-03-05,expired
28.049999237060547,-0.21176466268351513,21.0,0.0,28.0,0.0,0.33262039518088815,-0.15543667813161155,156,bj920651,2025-03-05,filtered
31.299999237060547,-0.5047923201976525,21.0,0.0,20.459999084472656,0.0,0.07667736691307003,-0.4683706135703044,157,bj920284,2025-03-05,expired
22.649999618530273,-0.39072845813891777,21.0,0.0,18.40999984741211,0.0,0.24856517275652634,-0.36600441949106544,158,bj920363,2025-03-05,expired
34.79999923706055,-0.44454021989976333,21.0,0.0,24.309999465942383,0.0,0.11982764583516725,-0.4410919198461931,159,bj920425,2025-03-05,expired
15.109999656677246,-0.3017868676077221,21.0,0.0,12.989999771118164,0.0,0.31237593476337366,-0.23362010676229583,160,bj920274,2025-03-05,expired
21.440000534057617,-0.2602612284694906,21.0,0.0,19.170000076293945,0.0,0.04197759310223037,-0.179104480267527,161,bj920123,2025-03-05,expired
28.899999618530273,-0.2041522386300405,21.0,0.0,27.8799991607666,0.0,0.23840835252396686,-0.1667819985621627,162,bj920006,2025-03-05,breakout_support_filtered
16.100000381469727,-0.07453420711223036,0.0,0.7382550524578493,25.899999618530273,0.7382550524578493,0.608695590364075,0.0993789033266883,163,bj920145,2025-03-05,traded
48.0,-0.4706250031789144,21.0,0.0,33.18000030517578,0.0,0.02979167302449537,-0.41666666666666663,164,bj920418,2025-03-05,operable_filtered
29.899999618530273,-0.5117056666307949,20.0,0.32191772142390107,19.299999237060547,0.32191772142390107,0.3344482285929935,-0.4581939475042789,165,bj920856,2025-03-06,expired
31.889999389648438,-0.42270303544163645,20.0,0.3552417691326961,24.950000762939453,0.3552417691326961,0.03417999916744141,-0.33145186256275894,166,bj920267,2025-03-06,expired
16.049999237060547,-0.24361364981933065,20.0,0.3154859814985618,15.970000267028809,0.3154859814985618,0.24610597823697278,-0.07414327956075606,167,bj920541,2025-03-06,traded
21.8799991607666,-0.4250456852729928,20.0,0.31558023350010767,16.549999237060547,0.31558023350010767,0.040676477656952814,-0.32221204330309205,168,bj920706,2025-03-06,expired
16.389999389648438,-0.09273944848645654,20.0,0.2777404267804833,19.0,0.2777404267804833,1.1110433046125485,0.037217854366536685,169,bj920833,2025-03-06,expired
15.779999732971191,-0.043092481812953,20.0,0.23178807361456077,18.600000381469727,0.23178807361456077,0.6413181278079529,0.15969578876633284,170,bj920145,2025-03-06,breakout_support_filtered
30.299999237060547,-0.24092407329607357,20.0,0.21217387655506958,27.8799991607666,0.21217387655506958,0.18118817876905635,-0.08712869492152986,171,bj920006,2025-03-06,expired
19.299999237060547,-0.48704663161229866,20.0,0.33131321343752207,13.180000305175781,0.33131321343752207,0.05440420652416034,-0.422279789673792,172,bj920249,2025-03-06,expired
22.389999389648438,-0.3300580433720357,20.0,0.31333338419596357,19.700000762939453,0.31333338419596357,0.28494869325744143,-0.2349263230133758,173,bj920152,2025-03-06,traded
18.299999237060547,-0.36448084156811167,20.0,0.3430782228594993,15.619999885559082,0.3430782228594993,0.45792357472585765,-0.24972676969129093,174,bj920837,2025-03-06,traded
12.800000190734863,-0.40625001629814483,20.0,0.31578949019519276,10.0,0.31578949019519276,0.13593748009298023,-0.3101562662399372,175,bj920455,2025-03-06,expired
21.18000030517578,-0.2511803858283458,20.0,0.2856242012000303,20.389999389648438,0.2856242012000303,0.026440012175332095,-0.037299381687652344,176,bj920123,2025-03-06,expired
33.0,-0.41424242655436194,20.0,0.2576306033053277,24.309999465942383,0.2576306033053277,0.18090912790009472,-0.36393940087520715,177,bj920425,2025-03-06,expired
37.220001220703125,-0.5067168186942708,20.0,0.348039170872668,24.75,0.348039170872668,0.02068781387721641,-0.45620636466126885,178,bj920207,2025-03-06,expired
17.209999084472656,-0.24288202056168484,20.0,0.32693793322010745,17.290000915527344,0.32693793322010745,0.15049391576811066,-0.10749561453867429,179,bj920299,2025-03-06,expired
28.510000228881836,-0.4563311162552063,20.0,0.31999994093371975,20.459999084472656,0.31999994093371975,0.05506838590740326,-0.3511048806916979,180,bj920284,2025-03-06,expired
70.0,-0.4198571341378349,20.0,0.22629890392974872,49.79999923706055,0.22629890392974872,0.014285714285714235,-0.3342857360839844,181,bj920779,2025-03-06,expired
19.170000076293945,-0.3656755451738657,20.0,0.25,15.199999809265137,0.25,0.8408972756952544,-0.29055814672177316,182,bj920810,2025-03-06,traded
50.400001525878906,-0.37797620173935054,21.0,0.0,33.09000015258789,0.0,0.04920633863399626,-0.37797620173935054,183,sh603583,2025-03-06,expired
27.100000381469727,-0.25461252846506643,19.0,0.31782177395124633,26.6200008392334,0.31782177395124633,0.624723179317866,-0.05867159152053336,184,bj920634,2025-03-07,expired
36.810001373291016,-0.6033686542575534,19.0,0.4424656791565338,21.059999465942383,0.4424656791565338,0.0051616033583428145,-0.42787289648885163,185,bj920856,2025-03-07,expired
25.8700008392334,-0.39621185238345946,19.0,0.33162608127100235,20.799999237060547,0.33162608127100235,0.06494002100221552,-0.26865096781904096,186,bj920001,2025-03-07,traded
31.200000762939453,-0.4099359167554827,19.0,0.3552417691326961,24.950000762939453,0.3552417691326961,0.02564100056083385,-0.22435896887268236,187,bj920267,2025-03-07,expired
31.8799991607666,-0.27854452304047894,19.0,0.5630435114321501,35.95000076293945,0.5630435114321501,0.1276663020487665,0.1276663020487665,188,bj920006,2025-03-07,expired
28.280000686645508,-0.23620934027523688,19.0,0.327777768456887,28.68000030517578,0.327777768456887,0.41442712265876835,-0.00848655464253567,189,bj920839,2025-03-07,expired
18.799999237060547,-0.1345744086153724,19.0,0.1278426469074576,18.350000381469727,0.1278426469074576,0.09627667269916418,-0.03457444919725983,190,bj920599,2025-03-07,expired
17.309999465942383,-0.3443096053352873,19.0,0.2387665151598921,14.0600004196167,0.2387665151598921,0.06296939261797663,-0.20277292798959823,191,bj920089,2025-03-07,traded
17.8799991607666,-0.34955253577638956,19.0,0.3430782228594993,15.619999885559082,0.3430782228594993,0.4921701094773363,-0.1414988198013093,192,bj920837,2025-03-07,expired
40.470001220703125,-0.24759081184899412,19.0,0.3931033532378261,42.41999816894531,0.3931033532378261,0.3713861706435537,0.033358004284676834,193,bj920008,2025-03-07,expired
11.800000190734863,-0.3559322218825094,19.0,0.31578949019519276,10.0,0.31578949019519276,0.2322033666804142,-0.18220343537729178,194,bj920455,2025-03-07,expired
21.899999618530273,-0.3803652999453836,19.0,0.28887252501480054,17.489999771118164,0.28887252501480054,0.1383561981472241,-0.24931503103099506,195,bj920870,2025-03-07,traded
43.060001373291016,-0.4663260843161464,19.0,0.33028721948569983,30.56999969482422,0.33028721948569983,0.05596841083490922,-0.3539247838463788,196,bj920374,2025-03-07,traded
36.65999984741211,-0.3126022676533545,19.0,0.28253963160016404,32.31999969482422,0.28253963160016404,0.5275504700787153,-0.15902891292885823,197,bj920130,2025-03-07,expired
31.600000381469727,-0.43481011409023007,19.0,0.28723398574764225,22.989999771118164,0.28723398574764225,0.10664559489086489,-0.3291139080058,198,bj920976,2025-03-07,expired
22.0,-0.4127272692593661,21.0,0.0,15.420000076293945,0.0,0.05818184939297755,-0.29909090562300245,199,sh601177,2025-03-07,traded
28.799999237060547,-0.23229162513657742,19.0,0.26639526128691426,28.0,0.26639526128691426,0.2979167381370529,-0.060069430141168945,200,bj920651,2025-03-07,expired
22.0,-0.4472727342085405,19.0,0.29605266666478447,15.760000228881836,0.29605266666478447,0.6040909507057883,-0.29090907356955786,201,bj920810,2025-03-07,operable_filtered
19.200000762939453,-0.1526041764972934,18.0,0.17885677723036109,19.18000030517578,0.17885677723036109,0.07343748913457038,-0.02812504656612691,202,bj920599,2025-03-10,expired
29.5,-0.5050847328315347,18.0,0.7445204553337501,25.469999313354492,0.7445204553337501,0.013220318293167388,-0.2247457342632746,203,bj920856,2025-03-10,operable_filtered
29.579999923706055,-0.3171061252521933,18.0,0.38019792612669057,27.8799991607666,0.38019792612669057,0.4885057096977974,-0.1112237666215149,204,bj920634,2025-03-10,expired
18.5,-0.4702702599602777,18.0,0.46836735339325597,14.390000343322754,0.46836735339325597,0.02648647411449545,-0.27729730348329285,205,bj920427,2025-03-10,expired
16.579999923706055,-0.26779249703342867,18.0,0.5963755035168508,19.3799991607666,0.5963755035168508,0.16887812122707624,0.03739450193524574,206,bj920541,2025-03-10,expired
11.149999618530273,-0.20807172862755907,20.0,0.2231030899264126,10.800000190734863,0.2231030899264126,0.42421530562654186,-0.06008969499698158,207,sz002093,2025-03-10,expired
26.510000228881836,-0.1852131197668876,18.0,0.401851858883401,30.280000686645508,0.401851858883401,0.508864566376775,0.07921540412443462,208,bj920839,2025-03-10,expired
42.38999938964844,-0.28167017689612683,18.0,0.4318554148342235,43.599998474121094,0.4318554148342235,0.30927107334549775,-0.009200268819623436,209,bj920008,2025-03-10,expired
33.560001373291016,-0.39749706537715657,18.0,0.4678536752260589,29.68000030517578,0.4678536752260589,0.3644219023176103,-0.17967820142714686,210,bj920579,2025-03-10,expired
24.0,-0.46499999364217126,18.0,0.41978187894040553,18.229999542236328,0.41978187894040553,0.07916665077209473,-0.2799999713897705,211,bj920896,2025-03-10,expired
20.0,-0.2585000038146973,18.0,0.29467301832199366,19.200000762939453,0.29467301832199366,0.04399995803833012,-0.08750000000000002,212,bj920879,2025-03-10,expired
19.139999389648438,-0.3923719704645958,18.0,0.5288048591304966,17.780000686645508,0.5288048591304966,0.39393945433484356,-0.14838036798077747,213,bj920837,2025-03-10,expired
40.83000183105469,-0.38280676872826613,18.0,0.38095230886815656,34.79999923706055,0.38095230886815656,0.37154047241328403,-0.21160917993822492,214,bj920130,2025-03-10,expired
28.920000076293945,-0.204702630037219,18.0,0.6913044141686482,38.900001525878906,0.6913044141686482,0.3450899523947679,0.2164592051302665,215,bj920006,2025-03-10,expired
15.829999923706055,-0.46241312255865696,20.0,0.19506460667043046,10.170000076293945,0.19506460667043046,0.10865441071662452,-0.3897662732805276,216,sh605208,2025-03-10,expired
32.790000915527344,-0.45532174102824874,18.0,0.3174691983497271,23.530000686645508,0.3174691983497271,0.028057277927969082,-0.31930469436934883,217,bj920976,2025-03-10,expired
16.299999237060547,-0.1104294062154293,9.0,0.503448223245555,21.799999237060547,0.503448223245555,0.381595184775285,0.24662580649841903,218,bj920300,2025-03-10,traded
10.720000267028809,-0.21455225125403277,18.0,0.37173397696910526,11.550000190734863,0.37173397696910526,0.4412312895909387,0.04477607558580465,219,bj920339,2025-03-10,expired
22.030000686645508,-0.09214710047086316,20.0,0.2385000228881835,24.770000457763672,0.2385000228881835,0.519291882772954,0.06718109378605219,220,sz300819,2025-03-10,operable_filtered
29.5,-0.31525421142578125,17.0,0.5287127720025404,30.8799991607666,0.5287127720025404,0.4925423315015889,-0.054915282685877864,221,bj920634,2025-03-11,expired
50.0,-0.3909999847412109,17.0,0.4344827327012253,43.68000030517578,0.4344827327012253,0.1100000000000001,-0.15300003051757816,222,bj920008,2025-03-11,expired
20.290000915527344,-0.19812716985573342,17.0,0.17885677723036109,19.18000030517578,0.17885677723036109,0.0,-0.07244953939741694,223,bj920599,2025-03-11,expired
27.399999618530273,-0.4299270035392455,17.0,0.43213834847174293,22.3700008392334,0.43213834847174293,0.0007299437241650164,-0.20510945292437277,224,bj920001,2025-03-11,traded
17.329999923706055,-0.2994806464646198,17.0,0.5963755035168508,19.3799991607666,0.5963755035168508,0.1182919357233414,0.03173682859099114,225,bj920541,2025-03-11,expired
27.600000381469727,-0.4710144862435591,17.0,0.7445204553337501,25.469999313354492,0.7445204553337501,0.07971010236173304,-0.17282610115346908,226,bj920856,2025-03-11,operable_filtered
11.289999961853027,-0.2542072537870965,17.0,0.37173397696910526,11.550000190734863,0.37173397696910526,0.36846765823454697,-0.008857429743809653,227,bj920339,2025-03-11,expired
32.349998474121094,-0.2890262415808389,17.0,0.6913044141686482,38.900001525878906,0.6913044141686482,0.20247305597240106,0.010819236640717378,228,bj920006,2025-03-11,expired
29.270000457763672,-0.26204304599727224,17.0,0.401851858883401,30.280000686645508,0.401851858883401,0.36658692772210966,-0.025623504894789595,229,bj920839,2025-03-11,expired
35.970001220703125,-0.4378649255725757,17.0,0.4678536752260589,29.68000030517578,0.4678536752260589,0.273005264430521,-0.20572703015699967,230,bj920579,2025-03-11,expired
10.899999618530273,-0.1128439986498071,17.0,0.28128234183750456,12.390000343322754,0.28128234183750456,0.3486238829104882,0.06422025572821433,231,bj920781,2025-03-11,expired
22.5,-0.38888888888888884,17.0,0.3600000554865057,18.700000762939453,0.3600000554865057,0.11111111111111116,-0.20222218831380212,232,bj920943,2025-03-11,expired
250.00999450683594,-0.4680212674603158,17.0,0.7960902622767858,238.8800048828125,0.7960902622767858,0.0199592240422517,-0.14003437972908184,233,bj920002,2025-03-11,expired
15.970000267028809,-0.24733874409634105,17.0,0.29367717125927206,15.550000190734863,0.29367717125927206,0.17720719616232383,-0.07138386501322513,234,bj920225,2025-03-11,expired
18.670000076293945,-0.20567756491140532,17.0,0.3202966975345043,19.579999923706055,0.3202966975345043,0.05409749463066538,0.0074986282311910735,235,bj920879,2025-03-11,expired
16.790000915527344,-0.10065517819565506,17.0,0.3615893342077663,20.559999465942383,0.3615893342077663,0.5425847651132663,0.17093500746808177,236,bj920145,2025-03-11,traded
19.549999237060547,-0.34117643902386674,17.0,0.3159938363614838,16.950000762939453,0.3159938363614838,0.2675192661731951,-0.17186694803718694,237,bj920270,2025-03-11,expired
26.600000381469727,-0.2481203115345616,19.0,0.24650001525878906,24.93000030517578,0.24650001525878906,0.2582707045380055,-0.09210529051895011,238,sz300819,2025-03-11,expired
16.40999984741211,-0.44180378229213324,17.0,0.48034941544760845,13.5600004196167,0.48034941544760845,0.05911025730493602,-0.1980499713723356,239,bj920263,2025-03-11,traded
32.790000915527344,-0.38395851787323476,16.0,0.5287127720025404,30.8799991607666,0.5287127720025404,0.34278736047387404,-0.09545596159569048,240,bj920634,2025-03-12,expired
36.5,-0.4928767060580319,16.0,0.8854673740858818,34.900001525878906,0.8854673740858818,0.09315072673640845,-0.19506851614338083,241,bj920026,2025-03-12,traded
48.880001068115234,-0.3770458245181545,16.0,0.4344827327012253,43.68000030517578,0.4344827327012253,0.13543369040969666,-0.13093292524606082,242,bj920008,2025-03-12,expired
28.0,-0.47857141494750977,16.0,0.8410957848249518,26.8799991607666,0.8410957848249518,0.010714258466448134,-0.06714282717023579,243,bj920856,2025-03-12,operable_filtered
21.440000534057617,-0.3064365897781596,16.0,0.4559515659146407,21.649999618530273,0.4559515659146407,0.6138058587805868,-0.013526161767891565,244,bj920833,2025-03-12,expired
34.29999923706055,-0.3294460492247212,16.0,0.6913044141686482,38.900001525878906,0.6913044141686482,0.13411085688445556,-0.03352763080936427,245,bj920006,2025-03-12,traded
40.79999923706055,-0.5044117722681789,16.0,0.4678536752260589,29.68000030517578,0.4678536752260589,0.1223039649945421,-0.27549019562011035,246,bj920579,2025-03-12,expired
13.210000038146973,-0.42467828291553467,16.0,0.4078947294121633,10.699999809265137,0.4078947294121633,0.0726722206945305,-0.20893264352094532,247,bj920455,2025-03-12,traded
23.5,-0.4148936170212766,16.0,0.4043635975230824,19.309999465942383,0.4043635975230824,0.06382978723404253,-0.20425528668342752,248,bj920943,2025-03-12,traded
17.5,-0.13714283534458704,16.0,0.3615893342077663,20.559999465942383,0.3615893342077663,0.4799999782017299,0.13428573608398442,249,bj920145,2025-03-12,traded
11.020000457763672,-0.23593468906237725,16.0,0.4940617351209253,12.579999923706055,0.4940617351209253,0.40199629468985165,0.09255893482025757,250,bj920339,2025-03-12,expired
17.010000228881836,-0.42386830929636776,16.0,0.606122394364758,15.739999771118164,0.606122394364758,0.009994125455994762,-0.17460318795210528,251,bj920427,2025-03-12,operable_filtered
24.979999542236328,-0.5344275289206133,16.0,0.5743765507970151,18.309999465942383,0.5743765507970151,0.004803876758704417,-0.2994395388033976,252,bj920837,2025-03-12,expired
17.09000015258789,-0.23756585040181555,16.0,0.4428242227426078,18.799999237060547,0.4428242227426078,0.15857220949540407,0.029256875104491264,253,bj920299,2025-03-12,operable_filtered
18.200000762939453,-0.2472527892876598,16.0,0.38467150200435185,18.969999313354492,0.38467150200435185,0.11538452670822452,-0.020329715589178954,254,bj920871,2025-03-12,expired
19.0,-0.2194736882259971,16.0,0.3351314456455152,19.799999237060547,0.3351314456455152,0.04210522300318664,-0.0005263278358861312,255,bj920879,2025-03-12,expired
15.5,-0.3735483846356792,16.0,0.39546860324428024,13.550000190734863,0.39546860324428024,0.289032228531376,-0.15483868506646925,256,bj920378,2025-03-12,expired
15.40999984741211,-0.21998698398545014,16.0,0.29783692074601764,15.600000381469727,0.29783692074601764,0.21998698398545025,0.012329690846137442,257,bj920225,2025-03-12,expired
43.0,-0.4139534706293151,16.0,0.38095230886815656,34.79999923706055,0.38095230886815656,0.30232558139534893,-0.2393023468727289,258,bj920130,2025-03-12,expired
54.0,-0.43611109698260275,15.0,0.4344827327012253,43.68000030517578,0.4344827327012253,0.018333364416051712,-0.22018517388237846,259,bj920008,2025-03-13,expired
35.310001373291016,-0.47578591025252515,15.0,0.8854673740858818,34.900001525878906,0.8854673740858818,0.008212888404174334,-0.22543190830466364,260,bj920026,2025-03-13,traded
31.110000610351562,-0.47990999717974814,15.0,0.45055617247712476,23.469999313354492,0.45055617247712476,0.01414331784238465,-0.2970105943374247,261,bj920000,2025-03-13,traded
16.8799991607666,-0.28791462942123836,15.0,0.30948412410015824,15.739999771118164,0.30948412410015824,0.11374408600425245,-0.08945493781286085,262,bj920225,2025-03-13,expired
11.699999809265137,-0.2803418620890733,15.0,0.4940617351209253,12.579999923706055,0.4940617351209253,0.32051282573786066,-0.017094001070560583,263,bj920339,2025-03-13,expired
26.100000381469727,-0.18735636879411066,6.0,0.9566243183094325,41.5,0.9566243183094325,0.5900382909367252,0.45555559859066674,264,bj920396,2025-03-13,traded
13.609999656677246,-0.45113887004936337,15.0,0.3895582872800334,10.380000114440918,0.3895582872800334,0.08008818369463522,-0.27038937871655333,265,bj920553,2025-03-13,traded
13.029999732971191,-0.41673061700826575,15.0,0.4078947294121633,10.699999809265137,0.4078947294121633,0.03146583697731353,-0.21105142412561861,266,bj920455,2025-03-13,traded
38.63999938964844,-0.47670808403865084,15.0,0.5034619510818827,30.399999618530273,0.5034619510818827,0.07634577664433784,-0.2357660157066016,267,bj920579,2025-03-13,expired
22.040000915527344,-0.47232306572875427,15.0,0.6130696512709084,18.760000228881836,0.6130696512709084,0.04355712543534107,-0.21052636589176166,268,bj920837,2025-03-13,operable_filtered
18.5,-0.2956756901096653,15.0,0.46508062500434577,19.09000015258789,0.46508062500434577,0.06378380027977193,0.027027027027026973,269,bj920299,2025-03-13,expired
48.0,-0.4749999841054281,15.0,0.42698404745119944,35.959999084472656,0.42698404745119944,0.03125,-0.3047916889190674,270,bj920130,2025-03-13,expired
22.950000762939453,-0.40087147961214753,15.0,0.4058181762695312,19.329999923706055,0.4058181762695312,0.08932458252336817,-0.17952072776775396,271,bj920943,2025-03-13,traded
15.5,-0.27612901503039944,15.0,0.9491978893708921,21.8700008392334,0.9491978893708921,0.4109677960795741,0.11870968726373499,272,bj920422,2025-03-13,traded
12.699999809265137,-0.3370078580512078,14.0,0.4940617351209253,12.579999923706055,0.4940617351209253,0.21653543632290218,-0.12283460546230118,273,bj920339,2025-03-14,expired
32.9900016784668,-0.38769324840245833,14.0,0.5287127720025404,30.8799991607666,0.5287127720025404,0.1209456702263183,-0.1633828742880976,274,bj920634,2025-03-14,traded
49.25,-0.38172587283371673,14.0,0.4577996150225154,44.38999938964844,0.4577996150225154,0.0030457162615007416,-0.14497460689641495,275,bj920008,2025-03-14,expired
33.099998474121094,-0.4407854657953022,14.0,0.8854673740858818,34.900001525878906,0.8854673740858818,0.054380759357591124,-0.21601202540150555,276,bj920026,2025-03-14,traded
35.0,-0.2460000174386161,4.0,0.5494505621583179,40.88999938964844,0.5494505621583179,0.16828569684709827,-0.014285714285714235,277,bj920576,2025-03-14,traded
18.299999237060547,-0.3868852057487282,14.0,0.9491978893708921,21.8700008392334,0.9491978893708921,0.19508206289664765,-0.03715838394408444,278,bj920422,2025-03-14,traded
29.8799991607666,-0.5023426940023523,14.0,0.45729658662194383,21.670000076293945,0.45729658662194383,0.13119143863434335,-0.32764388497819286,279,bj920833,2025-03-14,expired
12.899999618530273,-0.42093023169850874,14.0,0.3895582872800334,10.380000114440918,0.3895582872800334,0.041860463397017655,-0.2503875688179539,280,bj920553,2025-03-14,expired
59.0,-0.5205084590588586,14.0,0.46341464072402916,41.400001525878906,0.46341464072402916,0.05779660758325611,-0.3547457678843353,281,bj920570,2025-03-14,filtered
16.299999237060547,-0.26257662451699026,14.0,0.32113140679492136,15.880000114440918,0.32113140679492136,0.15337424030768454,-0.06380362312006205,282,bj920225,2025-03-14,expired
11.829999923706055,-0.18258663240425732,14.0,0.32574969944959076,12.819999694824219,0.32574969944959076,0.24260354218666635,0.07776839241142874,283,bj920781,2025-03-14,expired
18.280000686645508,-0.1739606228515591,14.0,0.3615893342077663,20.559999465942383,0.3615893342077663,0.4168489412285181,0.08369796071258451,284,bj920145,2025-03-14,expired
20.5,-0.43268292124678454,14.0,0.6130696512709084,18.760000228881836,0.6130696512709084,0.03365856263695699,-0.19707321539157774,285,bj920837,2025-03-14,operable_filtered
28.510000228881836,-0.4324798254899782,14.0,0.45055617247712476,23.469999313354492,0.45055617247712476,0.04805327677608706,-0.2606103207831222,286,bj920000,2025-03-14,traded
39.0,-0.3538461342836038,14.0,0.42698404745119944,35.959999084472656,0.42698404745119944,0.1071794950045073,-0.19589742024739587,287,bj920130,2025-03-14,expired
18.90999984741211,-0.27551560445199985,14.0,0.38467150200435185,18.969999313354492,0.38467150200435185,0.07350604975486896,-0.12057116367230081,288,bj920871,2025-03-14,traded
7.300000190734863,-0.3260274044186473,16.0,0.27642278707825585,6.28000020980835,0.27642278707825585,0.2808219365989493,-0.16027397886631645,289,sz002574,2025-03-14,expired
16.75,-0.39701490259882233,14.0,0.4861385803925702,15.010000228881836,0.4861385803925702,0.20597019480235534,-0.2023880801983734,290,bj920010,2025-03-14,expired
14.09000015258789,-0.4024130599638457,13.0,0.4940617351209253,12.579999923706055,0.4940617351209253,0.06174591030073828,-0.2036905503533265,291,bj920339,2025-03-17,expired
30.68000030517578,-0.3415905944586425,13.0,0.5287127720025404,30.8799991607666,0.5287127720025404,0.20534547504543932,-0.09550196466854288,292,bj920634,2025-03-17,operable_filtered
12.270000457763672,-0.21189896368949301,13.0,0.37538780618418843,13.300000190734863,0.37538780618418843,0.15403417433880917,0.06845958985943446,293,bj920781,2025-03-17,traded
21.149999618530273,-0.44680850967891517,13.0,0.45897435667534126,17.06999969482422,0.45897435667534126,0.010874683044193478,-0.20709216263668995,294,bj920471,2025-03-17,traded
17.049999237060547,-0.2879764875921652,13.0,0.7133442050107492,20.799999237060547,0.7133442050107492,0.21994135881536314,-0.005278601561005569,295,bj920541,2025-03-17,operable_filtered
31.530000686645508,-0.3149381569592423,13.0,0.7453703748672913,37.70000076293945,0.7453703748672913,0.26863302026320435,0.134792197909829,296,bj920839,2025-03-17,expired
31.549999237060547,-0.16354991987926448,3.0,0.5494505621583179,40.88999938964844,0.5494505621583179,0.29603804686044355,0.1026941919751585,297,bj920576,2025-03-17,traded
16.860000610351562,-0.28706998679562723,13.0,0.3402662226977018,16.110000610351562,0.3402662226977018,0.11506515756101932,-0.05338081492428981,298,bj920225,2025-03-17,expired
24.649999618530273,-0.3375253478125728,13.0,0.43784443673822127,23.479999542236328,0.43784443673822127,0.010547676791296423,-0.050709939932831904,299,bj920547,2025-03-17,expired
29.889999389648438,-0.502509194071483,13.0,0.45729658662194383,21.670000076293945,0.45729658662194383,0.049180369712962246,-0.33154901471306686,300,bj920833,2025-03-17,expired
12.649999618530273,-0.4094861647861817,13.0,0.3895582872800334,10.380000114440918,0.3895582872800334,0.0,-0.21581024700090146,301,bj920553,2025-03-17,traded
50.5,-0.43980196206876543,13.0,0.46341464072402916,41.400001525878906,0.46341464072402916,0.18415840073387213,-0.24732676591023361,302,bj920570,2025-03-17,expired
27.5,-0.5007272893732244,13.0,0.38091767783005115,18.959999084472656,0.38091767783005115,0.036363636363636376,-0.33272725885564636,303,bj920221,2025-03-17,traded
22.020000457763672,-0.3142597607827994,13.0,0.3821192259600501,20.8700008392334,0.3821192259600501,0.17620340963247427,-0.07856491854097014,304,bj920145,2025-03-17,expired
19.860000610351562,-0.31017122919299756,13.0,0.38467150200435185,18.969999313354492,0.38467150200435185,0.010573971702860785,-0.14400808270171217,305,bj920871,2025-03-17,traded
16.190000534057617,-0.30697962341470053,13.0,0.9491978893708921,21.8700008392334,0.9491978893708921,0.35083385533108635,0.11056201044670955,306,bj920422,2025-03-17,traded
22.6200008392334,-0.3404067408160366,13.0,0.5857908663824307,23.65999984741211,0.5857908663824307,0.14898314795990864,0.034040606624536895,307,bj920694,2025-03-17,traded
14.989999771118164,-0.3629085832852891,13.0,0.39371729359018026,13.3100004196167,0.39371729359018026,0.02268179838421225,-0.12541695417922483,308,bj920519,2025-03-17,traded
24.899999618530273,-0.44779115619875676,13.0,0.5003635753284801,20.6299991607666,0.5003635753284801,0.0032128483908295813,-0.2084337595810758,309,bj920943,2025-03-17,traded
6.929999828338623,-0.4112554076809867,13.0,0.7818627737431016,7.269999980926514,0.7818627737431016,0.05339110700742156,-0.12698407783578958,310,bj920873,2025-03-17,traded
12.800000190734863,-0.3421875038417056,12.0,0.4940617351209253,12.579999923706055,0.4940617351209253,0.0,-0.12109376309672348,311,bj920339,2025-03-18,expired
31.5,-0.3587301345098586,12.0,0.5287127720025404,30.8799991607666,0.5287127720025404,0.17396823943607398,-0.10793649582635789,312,bj920634,2025-03-18,operable_filtered
12.65999984741211,-0.2361769199965168,12.0,0.37538780618418843,13.300000190734863,0.37538780618418843,0.05055295031884066,0.011058479068731808,313,bj920781,2025-03-18,traded
25.010000228881836,-0.4054378348870611,12.0,0.45729658662194383,21.670000076293945,0.45729658662194383,0.0195921538038335,-0.19632146351370217,314,bj920833,2025-03-18,expired
35.5099983215332,-0.3917206025782456,12.0,0.7453703748672913,37.70000076293945,0.7453703748672913,0.12644330866509979,0.03942555877368048,315,bj920839,2025-03-18,expired
8.59000015258789,-0.2409778969605434,12.0,0.4815950729557197,9.65999984741211,0.4815950729557197,0.5576251311718492,0.1152502623436984,316,bj920639,2025-03-18,traded
16.399999618530273,-0.40243899886059176,12.0,0.6326530294485866,16.0,0.6326530294485866,0.01707321299746467,-0.060975611174411526,317,bj920427,2025-03-18,traded
5.03000020980835,-0.37375746243011565,12.0,0.3999999091738773,4.409999847412109,0.3999999091738773,0.04771367020028583,-0.16501001310591146,318,bj920370,2025-03-18,traded
19.0,-0.38421053635446645,12.0,0.5581196443952192,18.229999542236328,0.5581196443952192,0.09210526315789469,-0.09999997992264598,319,bj920471,2025-03-18,traded
26.0,-0.40384615384615385,12.0,0.8064516129032258,28.0,0.8064516129032258,0.07692307692307687,-0.10538460658146787,320,bj920284,2025-03-18,expired
23.549999237060547,-0.3065817217519229,12.0,0.512553636150529,24.700000762939453,0.512553636150529,0.048832338137368314,-0.034819521078106375,321,bj920547,2025-03-18,traded
23.0,-0.3434782442839249,12.0,0.3821192259600501,20.8700008392334,0.3821192259600501,0.08260867906653369,-0.12173909726350207,322,bj920145,2025-03-18,expired
19.510000228881836,-0.2567913977502281,3.0,0.503448223245555,21.799999237060547,0.503448223245555,0.1542798664054319,-0.06304456831402216,323,bj920300,2025-03-18,traded
7.0,-0.4171428680419922,12.0,0.7818627737431016,7.269999980926514,0.7818627737431016,0.03857142584664475,-0.07285717555454796,324,bj920873,2025-03-18,traded
15.640000343322754,-0.2826086943265953,12.0,0.9491978893708921,21.8700008392334,0.9491978893708921,0.398337618871629,-0.002557542261826362,325,bj920422,2025-03-18,traded
14.699999809265137,-0.3333333117080651,12.0,0.31938776056352425,12.930000305175781,0.31938776056352425,0.012244918878320687,-0.12517008003144137,326,bj920260,2025-03-18,traded
23.030000686645508,-0.330872801217589,12.0,0.4016872547274646,21.600000381469727,0.4016872547274646,0.03256621700558204,-0.062092933675203965,327,bj920802,2025-03-18,traded
11.550000190734863,-0.3870130037412932,12.0,0.526836233913144,10.8100004196167,0.526836233913144,0.0025973794351326074,-0.13506496916494382,328,bj920768,2025-03-18,traded
13.4399995803833,-0.38616069512074236,12.0,0.47151519313003076,12.140000343322754,0.47151519313003076,0.011904821881092875,-0.11383926940030131,329,bj920717,2025-03-18,traded
50.0,-0.4341999816894532,12.0,0.46341464072402916,41.400001525878906,0.46341464072402916,0.19599998474121083,-0.1926000213623047,330,bj920570,2025-03-18,expired
11.489999771118164,-0.2671888386404605,11.0,0.4940617351209253,12.579999923706055,0.4940617351209253,0.11401222329956706,-0.025239335738020285,331,bj920339,2025-03-19,expired
22.770000457763672,-0.3469477564068736,11.0,0.45729658662194383,21.670000076293945,0.45729658662194383,0.026789577985930402,-0.0777338788836156,332,bj920833,2025-03-19,traded
6.300000190734863,-0.11587301539245443,2.0,0.267504438994252,7.059999942779541,0.267504438994252,0.12063487762466685,0.07301587686036504,333,sz002052,2025-03-19,filtered
23.950000762939453,-0.4175365609653111,11.0,0.5698924672375267,21.899999618530273,0.5698924672375267,0.10354903813088434,-0.11440507687610235,334,bj920405,2025-03-19,traded
24.0,-0.237083355585734,2.0,0.9552157444706941,35.79999923706055,0.9552157444706941,0.4916666348775227,0.13916667302449537,335,bj920509,2025-03-19,traded
22.40999984741211,-0.2713074504731944,11.0,0.512553636150529,24.700000762939453,0.512553636150529,0.10218656542256932,0.02052659504477461,336,bj920547,2025-03-19,operable_filtered
11.15999984741211,-0.1335125261192257,11.0,0.37538780618418843,13.300000190734863,0.37538780618418843,0.19175630578695735,0.12007169990227395,337,bj920781,2025-03-19,operable_filtered
21.850000381469727,-0.44347827756906544,11.0,0.47039468627722236,17.8799991607666,0.47039468627722236,0.0343249421924976,-0.22196797697005322,338,bj920810,2025-03-19,operable_filtered
10.039999961853027,-0.16633466958556864,7.0,0.7873357518149722,14.960000038146973,0.7873357518149722,0.4900398500983547,0.12649406997898782,339,bj920786,2025-03-19,operable_filtered
41.150001525878906,-0.36792225359884,11.0,0.5344098229993683,39.90999984741211,0.5344098229993683,0.04204129958897673,-0.06804381404450044,340,bj920981,2025-03-19,operable_filtered
7.869999885559082,-0.1715374744934529,11.0,0.4815950729557197,9.65999984741211,0.4815950729557197,0.7001271040667121,0.219822175485044,341,bj920639,2025-03-19,operable_filtered
17.5,-0.44571429661342077,13.0,0.2618556713193849,12.239999771118164,0.2618556713193849,0.07999997820173,-0.3531428745814732,342,sz000678,2025-03-19,operable_filtered
27.010000228881836,-0.3735653486518167,13.0,0.5809692600107339,26.75,0.5809692600107339,0.10625690142778565,-0.020733041880672598,343,sz300789,2025-03-19,operable_filtered
4.920000076293945,-0.35975608810554927,11.0,0.3999999091738773,4.409999847412109,0.3999999091738773,0.03048782378890147,-0.12195119823748579,344,bj920370,2025-03-19,operable_filtered
29.469999313354492,-0.24974546571053724,11.0,0.44640428129449194,31.979999542236328,0.44640428129449194,0.10620967878164245,0.06209704670324778,345,bj920651,2025-03-19,operable_filtered
17.530000686645508,-0.3325727694820749,11.0,0.5581196443952192,18.229999542236328,0.5581196443952192,0.183685064873244,-0.0387906604985937,346,bj920471,2025-03-19,operable_filtered
5.389999866485596,-0.2875695715604757,13.0,0.3020833624371644,5.0,0.3020833624371644,0.2690167573320792,-0.0964749524688886,347,sz002342,2025-03-19,operable_filtered
88.0,-0.46420452811501245,13.0,0.2805938306274469,60.380001068115234,0.2805938306274469,0.0071590596979314025,-0.3443181731484153,348,sz300695,2025-03-19,operable_filtered
36.86000061035156,-0.41399891416703616,10.0,0.7453703748672913,37.70000076293945,0.7453703748672913,0.08518717682187504,-0.08355946229121103,349,bj920839,2025-03-20,operable_filtered
8.300000190734863,-0.3518072300231375,10.0,0.7416356294135134,9.369999885559082,0.7416356294135134,0.1301204697454874,-0.07590362650162052,350,bj920571,2025-03-20,traded
5.900000095367432,-0.055932189554567024,1.0,0.2746857604700639,7.099999904632568,0.2746857604700639,0.20338979489294484,0.20338979489294484,351,sz002052,2025-03-20,filtered
9.520000457763672,-0.12079837362473556,6.0,0.7873357518149722,14.960000038146973,0.7873357518149722,0.5714284998743795,0.2079831351921433,352,bj920786,2025-03-20,traded
37.209999084472656,-0.32276266103282036,10.0,0.5119046555805311,38.099998474121094,0.5119046555805311,0.1553346610106765,-0.08734211448438844,353,bj920130,2025-03-20,operable_filtered
20.899999618530273,-0.12392345453880083,1.0,0.9552157444706941,35.79999923706055,0.9552157444706941,0.7129186550472324,0.37081340389732476,354,bj920509,2025-03-20,operable_filtered
11.220000267028809,-0.4768271171250579,12.0,0.2862010797153145,7.550000190734863,0.2862010797153145,0.09982173430515173,-0.3600713317772519,355,sz002164,2025-03-20,operable_filtered
17.790000915527344,-0.44406971139104146,12.0,0.33468143084313784,13.199999809265137,0.33468143084313784,0.02810567590042079,-0.2906127467062589,356,sh603315,2025-03-20,operable_filtered
18.8700008392334,-0.4859565777497229,12.0,0.2618556713193849,12.239999771118164,0.2618556713193849,0.0015897603583834297,-0.42978273713108295,357,sz000678,2025-03-20,operable_filtered
22.0,-0.3659090995788574,10.0,0.5698924672375267,21.899999618530273,0.5698924672375267,0.027272744612260258,-0.07136362249200989,358,bj920405,2025-03-20,operable_filtered
58.5,-0.4760683825892261,12.0,0.28972265159174615,39.529998779296875,0.28972265159174615,0.03743587396083736,-0.3738461355877738,359,sz301255,2025-03-20,operable_filtered
7.800000190734863,-0.1743589872125727,1.0,0.7360248766831741,11.180000305175781,0.7360248766831741,0.4333333374088646,0.10512816343238618,360,bj920970,2025-03-20,score_filtered
32.20000076293945,-0.42795032174364356,12.0,0.3843648151129939,25.5,0.3843648151129939,0.03012414232990568,-0.26739131696733465,361,sz300817,2025-03-20,score_filtered
30.040000915527344,-0.43808260165393276,12.0,0.3678910723085169,23.09000015258789,0.3678910723085169,0.030958667426219666,-0.28894807059373906,362,sz300753,2025-03-20,score_filtered
21.020000457763672,-0.400095176876184,10.0,0.3211736955591673,16.65999984741211,0.3211736955591673,0.18791621168266448,-0.3054234032579547,363,sz300961,2025-03-20,score_filtered
23.31999969482422,-0.3850771723736087,12.0,0.5411436643172849,22.100000381469727,0.5411436643172849,0.22984565525278255,-0.1968267672664945,364,sz002553,2025-03-20,score_filtered
31.5,-0.3142857021755643,9.0,0.7453703748672913,37.70000076293945,0.7453703748672913,0.196825421045697,0.06984129406157003,365,bj920839,2025-03-21,operable_filtered
8.210000038146973,-0.344701572540406,9.0,0.7416356294135134,9.369999885559082,0.7416356294135134,0.14129108916227562,-0.0840438555437808,366,bj920571,2025-03-21,expired
24.450000762939453,-0.4106339714616968,11.0,0.2477446032357422,17.979999542236328,0.2477446032357422,0.040899794224782626,-0.31697340524206474,367,sh603776,2025-03-21,expired
52.459999084472656,-0.4607319594120858,9.0,0.46341464072402916,41.400001525878906,0.46341464072402916,0.13991613192308305,-0.23389250232364955,368,bj920570,2025-03-21,expired
10.930000305175781,-0.31655996508487616,9.0,0.3895582872800334,10.380000114440918,0.3895582872800334,0.09332108651509796,-0.06861847932838994,369,bj920553,2025-03-21,operable_filtered
15.399999618530273,-0.3636363354877704,9.0,0.6326530294485866,16.0,0.6326530294485866,0.03896106469689564,-0.09805190341632153,370,bj920427,2025-03-21,operable_filtered
19.559999465942383,-0.19683024196902354,11.0,0.24124760997136607,19.5,0.24124760997136607,0.4769938741537969,-0.03783230016987693,371,sh603949,2025-03-21,operable_filtered
5.739999771118164,-0.029616656138589104,0.0,0.33931773936047493,7.460000038146973,0.33931773936047493,0.29965162641352316,0.29965162641352316,372,sz002052,2025-03-21,operable_filtered
10.84000015258789,-0.10793358485466675,9.0,0.37538780618418843,13.300000190734863,0.37538780618418843,0.2269372696973333,0.11623618184000017,373,bj920781,2025-03-21,operable_filtered
2.75,-0.2218181436712091,11.0,0.4252335527118385,3.049999952316284,0.4252335527118385,0.1600000208074397,0.021818161010742188,374,sz300198,2025-03-21,operable_filtered
7.0,-0.47428570474897114,11.0,0.4809781821736894,5.449999809265137,0.4809781821736894,0.0,-0.41428572790963314,375,sz002713,2025-03-21,score_filtered
49.970001220703125,-0.39543729544764716,9.0,0.5392254686925855,46.5,0.5392254686925855,0.3608164566509324,-0.14948971459316718,376,bj920689,2025-03-21,score_filtered
10.399999618530273,-0.44903843949532285,11.0,0.26876089995232455,7.269999980926514,0.26876089995232455,0.011538542657211881,-0.3105768904530778,377,sz002406,2025-03-21,score_filtered
22.06999969482422,-0.42863616533558446,9.0,0.3211736955591673,16.65999984741211,0.3211736955591673,0.08744904086375671,-0.31989123532240327,378,sz300961,2025-03-21,score_filtered
15.90999984741211,-0.2445002782499195,9.0,0.4259566336852989,17.139999389648438,0.4259566336852989,0.1816467264214663,0.03205532581854742,379,bj920225,2025-03-21,score_filtered
85.5,-0.23391812865497075,19.0,0.11908401605737118,73.30000305175781,0.11908401605737118,0.18865493863646754,-0.1671345136318988,380,sz301396,2025-03-21,score_filtered
9.0,-0.38111109203762483,11.0,0.29443443733259866,7.210000038146973,0.29443443733259866,0.16111108991834855,-0.22555557886759436,381,sz300084,2025-03-21,score_filtered
4.019999980926514,-0.1741293659216343,9.0,0.5000000359064132,4.980000019073486,0.5000000359064132,0.23880598077160076,0.08208953364969851,382,bj920819,2025-03-21,score_filtered
8.520000457763672,-0.36854462143385147,8.0,0.7416356294135134,9.369999885559082,0.7416356294135134,0.09976518569560233,-0.1596244762067226,383,bj920571,2025-03-24,traded
30.399999618530273,-0.3355262823547348,8.0,0.5336632857497079,30.979999542236328,0.5336632857497079,0.21644736862743996,-0.11118418431513166,384,bj920634,2025-03-24,traded
23.5,-0.3787233880225648,8.0,0.8410957848249518,26.8799991607666,0.8410957848249518,0.14382975152198307,-0.007234045799742406,385,bj920856,2025-03-24,filtered
30.040000915527344,-0.28095873091984747,8.0,0.7453703748672913,37.70000076293945,0.7453703748672913,0.2549933293594788,0.06458051157069766,386,bj920839,2025-03-24,operable_filtered
54.5,-0.4809174143939937,8.0,0.46341464072402916,41.400001525878906,0.46341464072402916,0.09724769242312936,-0.31137616918721334,387,bj920570,2025-03-24,expired
22.0,-0.2577272761951793,8.0,0.512553636150529,24.700000762939453,0.512553636150529,0.12272730740633886,0.006818164478648692,388,bj920547,2025-03-24,operable_filtered
11.600000381469727,-0.2327586788059538,8.0,0.405618063492424,12.510000228881836,0.405618063492424,0.07844826012814421,-0.08103452613322404,389,bj920719,2025-03-24,operable_filtered
21.1299991607666,-0.31803121534580736,10.0,0.2477446032357422,17.979999542236328,0.2477446032357422,0.010885066669194199,-0.21060099537786126,390,sh603776,2025-03-24,operable_filtered
9.0,-0.2444444232516818,10.0,0.8205882010575407,12.380000114440918,0.8205882010575407,0.37555556827121306,0.06666670905219174,391,sh600610,2025-03-24,operable_filtered
12.600000381469727,-0.22380956850174283,8.0,0.5337423731649691,15.0,0.5337423731649691,0.19047615443407828,0.007936462283165913,392,bj920682,2025-03-24,operable_filtered
57.900001525878906,-0.4782383715314751,8.0,0.5392254686925855,46.5,0.5392254686925855,0.1744386564412579,-0.3248704814780311,393,bj920689,2025-03-24,operable_filtered
17.549999237060547,-0.2575498404891333,8.0,0.5878742101355161,20.690000534057617,0.5878742101355161,0.1789174605983055,0.08205131604887761,394,bj920299,2025-03-24,operable_filtered
27.940000534057617,-0.1768074602588492,8.0,0.6913044141686482,38.900001525878906,0.6913044141686482,0.39226917617490864,0.0372225836900395,395,bj920006,2025-03-24,operable_filtered
23.010000228881836,-0.3172533732343037,10.0,0.24124760997136607,19.5,0.24124760997136607,0.2555410300859584,-0.22598873147391296,396,sh603949,2025-03-24,score_filtered
53.459999084472656,-0.38271603881144134,8.0,0.7272727272727273,57.0,0.7272727272727273,0.06621775114387396,-0.014216205285232486,397,bj920533,2025-03-24,score_filtered
20.899999618530273,-0.015310990462435337,0.0,0.7395529334197233,35.79999923706055,0.7395529334197233,0.7129186550472324,0.23540670651169737,398,bj920509,2025-03-24,score_filtered
17.40999984741211,-0.3279724347037102,8.0,0.5581196443952192,18.229999542236328,0.5581196443952192,0.19184377839522848,-0.07179781797561613,399,bj920471,2025-03-24,score_filtered
29.520000457763672,-0.40277781546815783,8.0,0.6165627542072294,28.5,0.6165627542072294,0.017615191385504048,-0.14295396867425447,400,bj920876,2025-03-24,score_filtered
16.0,-0.2487499713897705,8.0,0.4434275973977546,17.350000381469727,0.4434275973977546,0.17499995231628418,0.05624997615814209,401,bj920225,2025-03-24,score_filtered
10.430000305175781,-0.3748801735230026,7.0,0.49539877738074667,9.75,0.49539877738074667,0.2751677662113656,-0.19942472318757998,402,bj920639,2025-03-25,expired
35.20000076293945,-0.4261363544001069,7.0,0.5336632857497079,30.979999542236328,0.5336632857497079,0.02840909029334049,-0.24744320463173597,403,bj920634,2025-03-25,traded
6.550000190734863,-0.1297710468271548,9.0,0.4421053582611538,8.220000267028809,0.4421053582611538,0.25496183628455493,0.25496183628455493,404,sz002052,2025-03-25,traded
11.880000114440918,-0.18602693744594945,7.0,0.37538780618418843,13.300000190734863,0.37538780618418843,0.11952862479924065,-0.05639731227607614,405,bj920781,2025-03-25,operable_filtered
17.0,-0.3382352941176471,7.0,0.502222188313802,16.899999618530273,0.502222188313802,0.3117646610035616,-0.18235296361586628,406,bj920304,2025-03-25,operable_filtered
51.04999923706055,-0.4082272372975623,7.0,0.5392254686925855,46.5,0.5392254686925855,0.3320274440011026,-0.24231144205198285,407,bj920689,2025-03-25,operable_filtered
17.290000915527344,-0.3048004730312611,7.0,0.4434275973977546,17.350000381469727,0.4434275973977546,0.0034701829245422644,-0.05668024278152972,408,bj920225,2025-03-25,operable_filtered
20.3799991607666,-0.43326787701887204,9.0,0.3047618567931294,15.069999694824219,0.3047618567931294,0.04072620009248484,-0.2737978017572128,409,sz300697,2025-03-25,operable_filtered
33.7400016784668,-0.14404274676731554,4.0,0.41585874577161985,40.88999938964844,0.41585874577161985,0.2119145629961494,-0.054534735281617674,410,bj920576,2025-03-25,operable_filtered
18.600000381469727,-0.3709677650909472,7.0,0.5581196443952192,18.229999542236328,0.5581196443952192,0.11559137496965932,-0.15967743043638183,411,bj920471,2025-03-25,operable_filtered
23.31999969482422,-0.36020582025970693,7.0,0.5857908663824307,23.65999984741211,0.5857908663824307,0.05060035680179187,-0.1946826358315239,412,bj920694,2025-03-25,operable_filtered
11.649999618530273,-0.2772531886695302,7.0,0.4940617351209253,12.579999923706055,0.4940617351209253,0.07982835498951779,-0.05064370971953791,413,bj920339,2025-03-25,operable_filtered
17.889999389648438,-0.27166013541002987,7.0,0.887950950545435,24.600000381469727,0.887950950545435,0.3750699396727677,0.24538856605759451,414,bj920299,2025-03-25,operable_filtered
11.989999771118164,-0.18432027358920222,7.0,0.5337423731649691,15.0,0.5337423731649691,0.2510425593278498,0.0683903806632069,415,bj920682,2025-03-25,operable_filtered
6.119999885559082,-0.30228757176905807,9.0,0.17096019258414352,5.0,0.17096019258414352,0.0,-0.26633989296096405,416,sh603007,2025-03-25,score_filtered
33.290000915527344,-0.31030344088204875,7.0,0.5435540087053521,35.439998626708984,0.5435540087053521,0.06458388861680153,-0.025833601282673313,417,bj920237,2025-03-25,score_filtered
22.920000076293945,-0.2875218207090626,7.0,0.512553636150529,24.700000762939453,0.512553636150529,0.07766146076441571,-0.08987781235101444,418,bj920547,2025-03-25,score_filtered
11.25,-0.336000018649631,7.0,0.3895582872800334,10.380000114440918,0.3895582872800334,0.06222220526801214,-0.14577780829535592,419,bj920553,2025-03-25,score_filtered
11.800000190734863,-0.4474576376663202,6.0,0.49539877738074667,9.75,0.49539877738074667,0.03898305345013098,-0.32288138627389507,420,bj920639,2025-03-26,expired
30.8799991607666,-0.3354921950958285,8.0,0.6072124174713875,32.97999954223633,0.6072124174713875,0.16126948137719221,-0.19073832738738383,421,sz300927,2025-03-26,expired
8.5,-0.4235294005450081,8.0,0.19795913700261147,5.869999885559082,0.19795913700261147,0.034117642570944406,-0.3447058621574851,422,sz002300,2025-03-26,traded
6.239999771118164,-0.08653845859937637,8.0,0.5140351584596854,8.630000114440918,0.5140351584596854,0.3830128895813216,0.28685897876760214,423,sz002052,2025-03-26,operable_filtered
12.680000305175781,-0.2287066642278277,6.0,0.5337423731649691,15.0,0.5337423731649691,0.182965271213537,0.04022076206097136,424,bj920682,2025-03-26,operable_filtered
34.0,-0.15058825997745284,3.0,0.41585874577161985,40.88999938964844,0.41585874577161985,0.2026470408720129,-0.07382353614358339,425,bj920576,2025-03-26,operable_filtered
60.61000061035156,-0.5015674182436305,6.0,0.5392254686925855,46.5,0.5392254686925855,0.022933499020804105,-0.3527470855108975,426,bj920689,2025-03-26,operable_filtered
34.0,-0.258823506972369,6.0,0.5119046555805311,38.099998474121094,0.5119046555805311,0.2644118140725529,-0.08941179163315716,427,bj920130,2025-03-26,operable_filtered
6.400000095367432,-0.4000000223517415,8.0,0.3020833624371644,5.0,0.3020833624371644,0.06875000791624175,-0.2937500135041772,428,sz002342,2025-03-26,operable_filtered
11.319999694824219,-0.3401060078113679,6.0,0.3895582872800334,10.380000114440918,0.3895582872800334,0.040636046868207654,-0.18992930004347142,429,bj920553,2025-03-26,operable_filtered
32.29999923706055,-0.3739938145213836,6.0,0.5445104155671348,31.229999542236328,0.5445104155671348,0.02105264152438613,-0.18266253120404718,430,bj920579,2025-03-26,operable_filtered
5.690000057220459,-0.26010544889106035,8.0,0.5700712763945222,6.610000133514404,0.5700712763945222,0.161687182256965,0.059753980521747074,431,sh603828,2025-03-26,operable_filtered
12.739999771118164,-0.28806908494723127,8.0,0.2491731317445911,11.329999923706055,0.2491731317445911,0.14599691081378374,-0.2637362415260346,432,sh603011,2025-03-26,score_filtered
5.460000038146973,-0.21794872690592948,8.0,0.17096019258414352,5.0,0.17096019258414352,0.049450545611744445,-0.21794872690592948,433,sh603007,2025-03-26,score_filtered
27.510000228881836,-0.019265746355359048,1.0,0.5381764530808488,41.5,0.5381764530808488,0.5085423356860073,0.19956378500333116,434,bj920396,2025-03-26,score_filtered
18.760000228881836,-0.40031983674071947,6.0,0.502222188313802,16.899999618530273,0.502222188313802,0.18869930516998235,-0.2537313523884509,435,bj920304,2025-03-26,score_filtered
16.899999618530273,-0.39704143133764846,6.0,0.5152110123838218,15.4399995803833,0.5152110123838218,0.17396453256922007,-0.2088757285592283,436,bj920957,2025-03-26,score_filtered
24.1200008392334,-0.0874792925761202,0.0,0.6265333423342394,35.79999923706055,0.6265333423342394,0.4842453561953679,-0.013681588400663691,437,bj920509,2025-03-26,score_filtered
40.5099983215332,-0.3727474475380229,6.0,0.7060212016701799,43.349998474121094,0.7060212016701799,0.07010615330186964,-0.07751171364476117,438,bj920418,2025-03-26,score_filtered
10.600000381469727,-0.3849056843125799,5.0,0.49539877738074667,9.75,0.49539877738074667,0.05188671861012595,-0.24716983661400282,439,bj920639,2025-03-27,traded
31.799999237060547,-0.3547169512554853,7.0,0.6072124174713875,32.97999954223633,0.6072124174713875,0.03710692872597865,-0.19779871569456464,440,sz300927,2025-03-27,traded
12.5,-0.33199996948242183,5.0,0.40479030016183914,11.729999542236328,0.40479030016183914,0.015999984741210893,-0.1359999847412109,441,bj920834,2025-03-27,traded
1.7899999618530273,-0.12849163350561632,6.0,0.43589749467913896,2.240000009536743,0.43589749467913896,0.2513966800411944,0.20111739731085154,442,sz002141,2025-03-27,traded
27.100000381469727,-0.00442807518613364,0.0,0.5381764530808488,41.5,0.5381764530808488,0.5313652920970664,0.0811807684362662,443,bj920396,2025-03-27,operable_filtered
24.5,-0.23469387755102045,5.0,0.46666666666666656,27.5,0.46666666666666656,0.12244897959183665,-0.07714283223054852,444,bj920489,2025-03-27,operable_filtered
17.200000762939453,-0.34593026157067497,5.0,0.502222188313802,16.899999618530273,0.502222188313802,0.02906976615241441,-0.16976749421197346,445,bj920304,2025-03-27,operable_filtered
34.0,-0.08058822856229897,1.0,1.687140095488242,84.0,1.687140095488242,1.4705882352941178,0.16323527167825147,446,bj920273,2025-03-27,operable_filtered
16.420000076293945,-0.37941537557634275,5.0,0.5152110123838218,15.4399995803833,0.5152110123838218,0.01705241689065229,-0.15651642404890154,447,bj920957,2025-03-27,operable_filtered
4.889999866485596,-0.13905927339571356,7.0,0.5700712763945222,6.610000133514404,0.5700712763945222,0.3517383055196195,0.17177917699854506,448,sh603828,2025-03-27,operable_filtered
8.869999885559082,-0.23111609248555165,1.0,0.6392961911689061,11.180000305175781,0.6392961911689061,0.2604284610395007,-0.15332578063404612,449,bj920970,2025-03-27,score_filtered
47.31999969482422,-0.34129331620212866,7.0,0.5604747921268418,48.63999938964844,0.5604747921268418,0.027895175472044675,0.001690655781289907,450,sh605488,2025-03-27,score_filtered
39.130001068115234,-0.3352926266573534,5.0,0.5344098229993683,39.90999984741211,0.5344098229993683,0.09506765408797979,-0.12139023435576901,451,bj920981,2025-03-27,score_filtered
3.2699999809265137,-0.1804281093610718,7.0,0.23134323511763233,3.299999952316284,0.23134323511763233,0.009174303230812475,-0.11314981275756675,452,sh603377,2025-03-27,score_filtered
23.31999969482422,-0.29974270422780347,5.0,0.512553636150529,24.700000762939453,0.512553636150529,0.05917671896117227,-0.11663805098411661,453,bj920547,2025-03-27,score_filtered
33.869998931884766,-0.31798048095821774,21.0,0.0,23.799999237060547,0.0,0.08768825846956863,-0.2990847204081355,454,bj920171,2025-03-27,score_filtered
36.88999938964844,-0.29249116797780295,5.0,0.46819920056515985,38.31999969482422,0.46819920056515985,0.038763901567779646,-0.1303875749031177,455,bj920099,2025-03-27,score_filtered
13.369999885559082,-0.30441284440250593,5.0,0.7419355301818944,16.200000762939453,0.7419355301818944,0.21166798067343673,0.10994766489239494,456,bj920261,2025-03-27,score_filtered
29.65999984741211,-0.09002023230040268,1.0,1.1059651957986318,56.84000015258789,1.1059651957986318,0.9163857196562759,0.3860418348565329,457,bj920394,2025-03-27,score_filtered
9.300000190734863,-0.29892474761214827,4.0,0.49539877738074667,9.75,0.49539877738074667,0.048387075272691815,-0.10000003076368702,458,bj920639,2025-03-28,traded
32.0,-0.12718749046325684,4.0,0.4658073103967093,40.939998626708984,0.4658073103967093,0.296875,-0.09531247615814209,459,bj920396,2025-03-28,expired
30.799999237060547,-0.24577921695905458,4.0,0.48773147026777597,34.560001373291016,0.48773147026777597,0.16233766635889002,-0.1720779015696613,460,bj920509,2025-03-28,traded
37.810001373291016,-0.1877810640291011,20.0,0.05047213556721486,32.2599983215332,0.05047213556721486,0.14599313031665218,-0.1584237360725973,461,sz300260,2025-03-28,operable_filtered
5.559999942779541,-0.2535970974681747,20.0,0.11325295888939912,4.619999885559082,0.11325295888939912,0.02517983236086274,-0.1690647602328097,462,sh603007,2025-03-28,operable_filtered
10.399999618530273,-0.02596149173008444,0.0,0.26554783316818975,12.819999694824219,0.26554783316818975,0.23269232356336755,0.058653906992908844,463,sh600126,2025-03-28,score_filtered
23.25,-0.19354838709677424,4.0,0.46666666666666656,27.5,0.46666666666666656,0.18279569892473124,0.0025806221910702476,464,bj920489,2025-03-28,score_filtered
11.699999809265137,-0.2863247420861129,4.0,0.40479030016183914,11.729999542236328,0.40479030016183914,0.004273520645296847,-0.05384616450523583,465,bj920834,2025-03-28,score_filtered
12.300000190734863,-0.26260166226206116,6.0,0.2491731317445911,11.329999923706055,0.2491731317445911,0.18699188252593424,-0.20325202936851638,466,sh603011,2025-03-28,score_filtered
6.699999809265137,-0.21641788814083185,6.0,0.4380952744256883,7.550000190734863,0.4380952744256883,0.16268659456983525,0.06417915185328105,467,sh600589,2025-03-28,score_filtered
4.0,-0.23750001192092896,4.0,0.37704913932064144,4.199999809265137,0.37704913932064144,0.04999995231628418,-0.07999998331069946,468,sz300167,2025-03-28,score_filtered
20.799999237060547,-0.2548076649742004,4.0,0.8064516129032258,28.0,0.8064516129032258,0.3461538955304768,0.06201927705982202,469,bj920284,2025-03-28,score_filtered
7.699999809265137,-0.11428567005221058,0.0,0.6392961911689061,11.180000305175781,0.6392961911689061,0.4519481275471311,0.015584463034901352,470,bj920970,2025-03-28,score_filtered
25.770000457763672,-0.3903764160231493,6.0,0.24124760997136607,19.5,0.24124760997136607,0.12107096920694116,-0.3038416680100263,471,sh603949,2025-03-28,score_filtered
30.829999923706055,-0.28640933978453953,6.0,0.30590907010165136,28.729999542236328,0.30590907010165136,0.12617584517105174,-0.08271161996013432,472,sz300611,2025-03-28,score_filtered
24.31999969482422,-0.17187501470509348,0.0,0.9309831463866445,38.88999938964844,0.9309831463866445,0.5990953897061522,-0.11677632352899658,473,sz300871,2025-03-28,score_filtered
32.5,-0.1113846412071815,1.0,0.41585874577161985,40.88999938964844,0.41585874577161985,0.258153827373798,-0.08646152202899637,474,bj920576,2025-03-28,score_filtered
9.4399995803833,-0.27966096472445423,6.0,0.8205882010575407,12.380000114440918,0.8205882010575407,0.3114407483838302,0.1408899297139976,475,sh600610,2025-03-28,score_filtered
6.320000171661377,-0.39240509337520046,6.0,0.3020833624371644,5.0,0.3020833624371644,0.004746793062713639,-0.2753164874516004,476,sz002342,2025-03-28,score_filtered
27.5,-0.15527274391867896,3.0,0.48773147026777597,34.560001373291016,0.48773147026777597,0.2567273226651279,-0.02436363913796169,477,bj920509,2025-03-31,traded
29.540000915527344,-0.05450238864093215,3.0,0.4658073103967093,40.939998626708984,0.4658073103967093,0.40487470256597136,0.11272843307892555,478,bj920396,2025-03-31,expired
36.04999923706055,-0.05991677928224648,0.0,1.4786073034175815,84.0,1.4786073034175815,1.3300971366913465,0.13176144522957012,479,bj920273,2025-03-31,operable_filtered
23.15999984741211,-0.16018994425370048,4.0,0.21182512957712163,23.56999969482422,0.21182512957712163,0.028929191740422633,-0.07081171849971712,480,sh605100,2025-03-31,operable_filtered
186.63999938964844,-0.28739819741246453,3.0,1.1434585456561326,285.0799865722656,1.1434585456561326,0.5274324234062173,0.2965602565608747,481,bj920002,2025-03-31,operable_filtered
26.0,-0.3957692293020395,5.0,0.24124760997136607,19.5,0.24124760997136607,0.08807695828951312,-0.2811538256131686,482,sh603949,2025-03-31,operable_filtered
35.66999816894531,-0.2677319265473427,5.0,0.27526800547639785,33.310001373291016,0.27526800547639785,0.07933843499657134,-0.08466489481616091,483,sh688393,2025-03-31,operable_filtered
12.069999694824219,-0.1375310596009327,4.0,0.2315081539613304,12.819999694824219,0.2315081539613304,0.06213753263984012,-0.03562546498537644,484,sh600126,2025-03-31,score_filtered
19.100000381469727,-0.2214659901271243,3.0,0.5588433411951073,23.18000030517578,0.5588433411951073,0.2136125571842582,0.19109945265087003,485,bj920833,2025-03-31,score_filtered
7.289999961853027,-0.257887534194588,6.0,0.3548983605262732,7.329999923706055,0.3548983605262732,0.015089181631002813,-0.22222220768671974,486,sh600289,2025-03-31,score_filtered
37.93000030517578,-0.3356182293649821,3.0,0.5119046555805311,38.099998474121094,0.5119046555805311,0.13340367341364212,-0.07803846719370433,487,bj920130,2025-03-31,score_filtered
11.649999618530273,-0.16051501689190573,3.0,0.5337423731649691,15.0,0.5337423731649691,0.2875536902285627,0.08412021699570471,488,bj920682,2025-03-31,score_filtered
8.350000381469727,-0.02275455393741843,19.0,0.11887258396658407,9.130000114440918,0.11887258396658407,0.46467053694716864,0.09341313740561774,489,sz002549,2025-03-31,score_filtered
166.89999389648438,-0.3169562362554327,3.0,0.6248245239257812,185.22999572753906,0.6248245239257812,0.10982625824674042,0.0784901532808957,490,bj920493,2025-03-31,score_filtered
14.670000076293945,-0.23244715948723915,3.0,0.3321491736319051,15.0,0.3321491736319051,0.03067483346454214,-0.04089982129170533,491,sz301032,2025-03-31,score_filtered
4.570000171661377,-0.07877464332425399,5.0,0.5700712763945222,6.610000133514404,0.5700712763945222,0.44638947160288756,0.13129100264660254,492,sh603828,2025-03-31,score_filtered
16.780000686645508,-0.22348038141969706,3.0,0.887950950545435,24.600000381469727,0.887950950545435,0.46603095201586164,0.21573294301267643,493,bj920299,2025-03-31,score_filtered
84.5,-0.24674554407243898,5.0,0.3805184703861433,87.87000274658203,0.3805184703861433,0.03988168930866309,-0.03396452954534945,494,sz300718,2025-03-31,score_filtered
10.329999923706055,-0.1916746908867325,3.0,0.44910177588997224,12.100000381469727,0.44910177588997224,0.17134564093284665,0.1558566958923686,495,bj920834,2025-03-31,score_filtered
39.5,-0.1007594820819323,2.0,1.3648648343876912,84.0,1.3648648343876912,1.1265822784810124,0.251898753492138,496,bj920273,2025-04-01,expired
32.0,-0.27406251430511475,2.0,0.48773147026777597,34.560001373291016,0.48773147026777597,0.08000004291534424,-0.1468750238418579,497,bj920509,2025-04-01,traded
35.08000183105469,-0.20381987322330597,2.0,0.4658073103967093,40.939998626708984,0.4658073103967093,0.18301020050865535,-0.0877993634632056,498,bj920396,2025-04-01,expired
9.4399995803833,-0.3093220052175282,2.0,0.49539877738074667,9.75,0.49539877738074667,0.032839028961494154,-0.06673720220028034,499,bj920639,2025-04-01,traded
21.5,-0.4158139339713163,4.0,0.261146466830396,15.84000015258789,0.261146466830396,0.0004651269247366585,-0.2693023238071176,500,sh603353,2025-04-01,traded
24.8799991607666,-0.2182475313901835,3.0,0.39742926678775636,27.18000030517578,0.39742926678775636,0.20418006812945277,-0.14790990843882967,501,bj920230,2025-04-01,traded
46.9900016784668,-0.35709729718276617,2.0,0.5392254686925855,46.5,0.5392254686925855,0.038518780462678315,-0.07150458587643094,502,bj920689,2025-04-01,operable_filtered
15.5,-0.22129034226940525,4.0,0.6470587956428382,19.8799991607666,0.6470587956428382,0.2825805910172001,0.15677421323714724,503,sz300963,2025-04-01,operable_filtered
28.0,-0.2600000245230538,17.0,0.1539575598345504,23.90999984741211,0.1539575598345504,0.38892854963030143,-0.1460714340209961,504,sz300871,2025-04-01,score_filtered
18.020000457763672,-0.3251942542446974,2.0,1.0189144362765168,24.549999237060547,1.0189144362765168,0.3623750617877213,0.1720310933806959,505,bj920810,2025-04-01,score_filtered
5.119999885559082,-0.18945308825641327,18.0,0.20963852182322773,5.019999980926514,0.20963852182322773,0.007812492724042164,-0.01953123181010552,506,sh603007,2025-04-01,score_filtered
12.600000381469727,-0.22380956850174283,2.0,0.5337423731649691,15.0,0.5337423731649691,0.19047615443407828,-0.012698475892249372,507,bj920682,2025-04-01,score_filtered
23.399999618530273,-0.3286324660575486,4.0,0.24124760997136607,19.5,0.24124760997136607,0.05470088493642056,-0.19017089436475465,508,sh603949,2025-04-01,score_filtered
14.579999923706055,-0.377914969664915,4.0,0.3076075033878045,11.859999656677246,0.3076075033878045,0.0013717735163463196,-0.22839505769075552,509,sh603011,2025-04-01,score_filtered
101.0,-0.38504949890741025,4.0,0.5152149361703069,94.11000061035156,0.5152149361703069,0.03247523543858288,-0.10495047994179296,510,sh688776,2025-04-01,score_filtered
24.1200008392334,-0.22263684296803998,2.0,0.46666666666666656,27.5,0.46666666666666656,0.14013263031354128,0.024875557763047063,511,bj920489,2025-04-01,score_filtered
20.6299991607666,-0.2084342904501001,2.0,0.512553636150529,24.700000762939453,0.512553636150529,0.19728559223177466,0.139602578054987,512,bj920547,2025-04-01,score_filtered
29.020000457763672,-0.3959338245993812,4.0,0.3166000581670587,23.079999923706055,0.3166000581670587,0.029634689505073863,-0.24052375713760477,513,sz001333,2025-04-01,score_filtered
25.81999969482422,-0.24399687496214117,2.0,0.5153688130135892,29.579999923706055,0.5153688130135892,0.1456235582231844,-0.0007746110766871928,514,bj920367,2025-04-01,score_filtered
26.65999984741211,-0.2704425778596744,2.0,0.39742926678775636,27.18000030517578,0.39742926678775636,0.1237809173273825,-0.2033008292316275,515,bj920230,2025-04-02,traded
34.810001373291016,-0.1976443779572532,1.0,0.4658073103967093,40.939998626708984,0.4658073103967093,0.1921861063712016,-0.08790581018588783,516,bj920396,2025-04-02,expired
11.350000381469727,-0.25022026935122754,3.0,0.6733254275116767,14.239999771118164,0.6733254275116767,0.2546254883274468,0.21585900677722125,517,sh605208,2025-04-02,operable_filtered
9.899999618530273,-0.1757575594105406,17.0,0.17892157664806851,9.619999885559082,0.17892157664806851,0.23535353671578818,-0.06969692999702726,518,sz002549,2025-04-02,operable_filtered
30.540000915527344,-0.3215455569020662,16.0,0.1539575598345504,23.90999984741211,0.1539575598345504,0.27341186063539813,-0.253765545765249,519,sz300871,2025-04-02,operable_filtered
14.140000343322754,-0.14639325305787843,3.0,0.6470587956428382,19.8799991607666,0.6470587956428382,0.40594050057109166,0.246110354414099,520,sz300963,2025-04-02,score_filtered
47.91999816894531,-0.19657759868300595,3.0,0.7314286665482954,66.66000366210938,0.7314286665482954,0.39106857698731257,0.21097664851129672,521,bj920735,2025-04-02,score_filtered
53.630001068115234,-0.2981540436323684,3.0,1.001859715620598,75.3499984741211,1.001859715620598,0.40499714662357333,0.31847842021603157,522,sz301210,2025-04-02,score_filtered
64.54000091552734,-0.25534551144190476,3.0,0.7099458584461609,82.18000030517578,0.7099458584461609,0.2733188586832591,0.17973347241354487,523,sz300100,2025-04-02,score_filtered
17.040000915527344,-0.26819251191085425,3.0,0.5541298112084339,19.3799991607666,0.5541298112084339,0.13732383330490228,0.05751170713514009,524,sh603985,2025-04-02,score_filtered
32.0,-0.09375,1.0,0.40999997895339435,40.88999938964844,0.40999997895339435,0.27781248092651367,0.021250009536743164,525,bj920576,2025-04-02,score_filtered
21.579999923706055,-0.2817423514921821,1.0,0.8064516129032258,28.0,0.8064516129032258,0.2974976876270259,0.12974973340869633,526,bj920284,2025-04-02,score_filtered
29.520000457763672,-0.3516260469902982,3.0,0.31191229942942966,25.110000610351562,0.31191229942942966,0.1686991688689694,-0.1934282148806531,527,sz301075,2025-04-02,score_filtered
12.640000343322754,-0.2753164874516004,1.0,0.6266375400366229,14.899999618530273,0.6266375400366229,0.1787974061568276,0.11787972552589965,528,bj920263,2025-04-02,score_filtered
15.15999984741211,-0.13720316257530318,1.0,0.4908256967691875,19.5,0.4908256967691875,0.28627969632392514,0.13060683127739758,529,bj920047,2025-04-02,score_filtered
29.5,-0.3091525708214712,1.0,0.8596664909996632,37.900001525878906,0.8596664909996632,0.2847458144365731,0.07559320482157039,530,bj920199,2025-04-02,score_filtered
321.0,-0.14953271028037385,1.0,0.6190476190476191,442.0,0.6190476190476191,0.3769470404984423,0.2657320491992796,531,bj920982,2025-04-02,score_filtered
40.0099983215332,-0.2899274921458326,3.0,0.7733193009046915,50.380001068115234,0.7733193009046915,0.2591852832195931,0.18970258612840252,532,sh603119,2025-04-02,score_filtered
20.610000610351562,-0.3153809199990819,3.0,0.2608080331957072,17.790000915527344,0.2608080331957072,0.126637487904393,-0.16254246881424927,533,sz300233,2025-04-02,score_filtered
24.020000457763672,-0.1902581019038706,1.0,0.39742926678775636,27.18000030517578,0.39742926678775636,0.13155702694380023,-0.12364700932980921,534,bj920230,2025-04-03,traded
28.899999618530273,-0.033563990524503096,0.0,0.4658073103967093,40.939998626708984,0.4658073103967093,0.4166089677198068,0.10138409494293232,535,bj920396,2025-04-03,expired
16.219999313354492,-0.03452524597096107,1.0,1.3307790776276285,36.5,1.3307790776276285,1.2503083566685649,0.4241677780128319,536,bj920351,2025-04-03,operable_filtered
7.260000228881836,-0.12258957510526536,0.0,1.1475668054859178,13.680000305175781,1.1475668054859178,0.8842975032912272,0.5344352606223683,537,sz002165,2025-04-03,operable_filtered
34.9900016784668,-0.40783085683285947,15.0,0.1539575598345504,23.90999984741211,0.1539575598345504,0.11146034650183334,-0.36924839565222656,538,sz300871,2025-04-03,score_filtered
9.100000381469727,-0.10329675765417923,16.0,0.17892157664806851,9.619999885559082,0.17892157664806851,0.3439559373140466,-0.02307692630151914,539,sz002549,2025-04-03,score_filtered
17.899999618530273,-0.3916200795865209,14.0,0.22956840414912238,13.390000343322754,0.22956840414912238,0.4011173440329556,-0.28715081001049036,540,sz300561,2025-04-03,score_filtered
14.020000457763672,-0.22539234649857331,17.0,0.06537753780778721,11.569999694824219,0.06537753780778721,0.29671895232417644,-0.19828820227363564,541,sz002900,2025-04-03,score_filtered
10.5,-0.18952378772553946,2.0,0.6733254275116767,14.239999771118164,0.6733254275116767,0.3561904543922061,0.23238091241745717,542,sh605208,2025-04-03,score_filtered
15.460000038146973,-0.21474771582356034,0.0,0.7133442050107492,20.799999237060547,0.7133442050107492,0.345407450565157,0.12419140477891988,543,bj920541,2025-04-03,score_filtered
17.479999542236328,-0.3495423236089831,16.0,0.11521551739683988,12.680000305175781,0.11521551739683988,0.0,-0.30663614399565975,544,sz002923,2025-04-03,score_filtered
11.890000343322754,-0.056349878633116024,0.0,0.9491978893708921,21.8700008392334,0.9491978893708921,0.8393608248729163,0.23885610739351026,545,bj920422,2025-04-03,score_filtered
16.389999389648438,-0.2050030373277102,0.0,0.887950950545435,24.600000381469727,0.887950950545435,0.5009152713578833,0.23184876668202792,546,bj920299,2025-04-03,score_filtered
9.430000305175781,0.0,0.0,0.9512194085965393,18.399999618530273,0.9512194085965393,0.9512194085965393,0.2502650668401283,547,bj920371,2025-04-03,score_filtered
12.899999618530273,-0.1465115849254397,10.0,0.2888282729694749,14.1899995803833,0.2888282729694749,0.161240308931345,-0.11782942240602423,548,sz000722,2025-04-03,score_filtered
31.100000381469727,-0.06752412719328993,0.0,0.40999997895339435,40.88999938964844,0.40999997895339435,0.3147909610320092,0.012861723910736922,549,bj920576,2025-04-03,score_filtered
6.25,-0.1344000244140625,3.0,0.3548983605262732,7.329999923706055,0.3548983605262732,0.17279998779296868,-0.07519996643066407,550,sh600289,2025-04-03,score_filtered
17.329999923706055,-0.08482402039817472,0.0,0.6519546866389083,26.200000762939453,0.6519546866389083,0.5118292486025893,0.40969419577189337,551,bj920123,2025-04-03,score_filtered
34.0,-0.172941151787253,0.0,0.990398277037497,55.970001220703125,0.990398277037497,0.6461765064912683,-0.05411765154670267,552,bj920403,2025-04-07,expired
12.65999984741211,-0.1927329865554519,15.0,0.21526416357958933,12.420000076293945,0.21526416357958933,0.4533965118721155,-0.06951027843975865,553,bj920371,2025-04-07,expired
31.0,-0.07419352377614663,16.0,0.16759572929367095,33.5099983215332,0.16759572929367095,0.3206451169906124,0.05354838217458413,554,bj920396,2025-04-07,expired
10.800000190734863,-0.22129632417720646,15.0,0.1391201067208072,9.579999923706055,0.1391201067208072,0.20370368244553183,-0.13981483353835855,555,bj920729,2025-04-07,expired
30.5,-0.039344287309490245,0.0,0.821501717460078,53.369998931884766,0.821501717460078,0.7498360305535989,0.37311478911853224,556,bj920505,2025-04-07,traded
20.15999984741211,-0.03521820882175242,0.0,0.39742926678775636,27.18000030517578,0.39742926678775636,0.3482143110563969,0.056051640707739825,557,bj920230,2025-04-07,breakout_support_filtered
8.75,-0.17257145472935265,15.0,0.18232053732436393,8.5600004196167,0.18232053732436393,0.2777143205915178,-0.03885716029575892,558,bj920970,2025-04-07,operable_filtered
22.350000381469727,-0.48680089166626916,16.0,0.26242364473695257,14.479999542236328,0.26242364473695257,0.319910492013159,-0.43579420843624983,559,bj920305,2025-04-07,operable_filtered
13.65999984741211,-0.1939970459832997,9.0,0.2888282729694749,14.1899995803833,0.2888282729694749,0.09663248239891398,-0.17789167879355028,560,sz000722,2025-04-07,score_filtered
10.550000190734863,-0.1146919446702579,14.0,0.1402568998437772,10.649999618530273,0.1402568998437772,0.27298578790265515,-0.01232228550622072,561,bj920275,2025-04-07,score_filtered
33.0,-0.37212123292865174,14.0,0.1539575598345504,23.90999984741211,0.1539575598345504,0.11090908628521534,-0.322727261167584,562,sz300871,2025-04-07,score_filtered
13.010000228881836,-0.001537314174620219,0.0,0.6012316861857887,20.799999237060547,0.6012316861857887,0.5987700900177644,0.42198306491421267,563,bj920541,2025-04-07,score_filtered
20.899999618530273,-0.11435403986942783,15.0,0.06104803602343689,19.639999389648438,0.06104803602343689,0.31435405812156825,-0.0928229937543914,564,sz300967,2025-04-07,score_filtered
12.329999923706055,-0.11922143358675441,16.0,0.06537753780778721,11.569999694824219,0.06537753780778721,0.47445258861862016,-0.08353606969541671,565,sz002900,2025-04-07,score_filtered
17.0,-0.35941174451042623,13.0,0.22956840414912238,13.390000343322754,0.22956840414912238,0.4752941131591797,-0.27352938932531023,566,sz300561,2025-04-07,score_filtered
13.510000228881836,-0.025166554169335553,0.0,0.480637804634495,19.5,0.480637804634495,0.44337525311899495,0.23464100833374402,567,bj920047,2025-04-07,score_filtered
12.300000190734863,-0.008130112188539096,0.0,0.792623047635173,21.8700008392334,0.792623047635173,0.7780488211461383,0.21300811747406567,568,bj920422,2025-04-07,score_filtered
21.100000381469727,-0.00521329897454248,0.0,0.4435445244145626,30.299999237060547,0.4435445244145626,0.43601889522572557,0.10236965916403706,569,bj920726,2025-04-07,score_filtered
39.880001068115234,-0.17251757482062646,14.0,0.4751515243992661,48.68000030517578,0.4751515243992661,0.3382647317568661,0.0005015159786356804,570,bj920505,2025-04-08,expired
44.20000076293945,-0.3303167450103631,15.0,0.22297298298690138,36.20000076293945,0.22297298298690138,0.2662895985203808,-0.29841629652452606,571,bj920403,2025-04-08,filtered
14.0,-0.26999998092651367,14.0,0.21526416357958933,12.420000076293945,0.21526416357958933,0.31428568703787674,-0.18214287076677593,572,bj920371,2025-04-08,expired
21.200000762939453,-0.07547171339100844,14.0,0.11071428745203038,21.770000457763672,0.11071428745203038,0.282075439954238,0.010377325728170739,573,bj920230,2025-04-08,traded
41.220001220703125,-0.08369725038258025,16.0,0.3595445552494303,51.349998474121094,0.3595445552494303,1.0378456456185212,0.10625902774641527,574,bj920273,2025-04-08,expired
26.549999237060547,-0.1145009075531439,14.0,0.24032324812950434,29.15999984741211,0.24032324812950434,0.30169500438438757,-0.0018832104895413204,575,bj920509,2025-04-08,traded
25.1200008392334,-0.04259560375896487,0.0,0.5733888296460834,37.84000015258789,0.5733888296460834,0.5063693824996973,0.42197452338115493,576,bj920245,2025-04-08,filtered
11.800000190734863,-0.19915257148172782,13.0,0.16402118751528283,11.0,0.16402118751528283,0.22881353945952698,-0.12711864201305456,577,bj920866,2025-04-08,traded
30.479999542236328,-0.058398910958982087,15.0,0.16759572929367095,33.5099983215332,0.16759572929367095,0.3431758281353703,0.07381889874644387,578,bj920396,2025-04-08,expired
12.0,-0.2991666793823242,14.0,0.1391201067208072,9.579999923706055,0.1391201067208072,0.029166698455810547,-0.2249999841054281,579,bj920729,2025-04-08,expired
10.0,-0.2760000228881836,14.0,0.20165747020755598,8.699999809265137,0.20165747020755598,0.11800003051757812,-0.18400001525878906,580,bj920970,2025-04-08,operable_filtered
22.59000015258789,-0.49225320099367886,15.0,0.26242364473695257,14.479999542236328,0.26242364473695257,0.3058875520468072,-0.4475431846862281,581,bj920305,2025-04-08,operable_filtered
23.040000915527344,-0.034288232818382336,0.0,0.6179775280898876,36.0,0.6179775280898876,0.5624999379118307,0.4661457220920302,582,bj920190,2025-04-08,operable_filtered
13.279999732971191,-0.04518068071234593,0.0,1.184542594343057,27.700000762939453,1.184542594343057,1.0858434728855233,0.7266566842050346,583,bj920810,2025-04-08,operable_filtered
11.899999618530273,-0.21512601243751628,13.0,0.20556745663028275,11.260000228881836,0.20556745663028275,0.12857149039425542,-0.09411764045900106,584,bj920275,2025-04-08,operable_filtered
7.210000038146973,-0.03467406361682235,0.0,0.40086206128755086,9.75,0.40086206128755086,0.35228848105607335,0.20527039312148188,585,bj920639,2025-04-08,operable_filtered
25.440000534057617,-0.03655661500206142,0.0,0.5287638054180686,37.470001220703125,0.5287638054180686,0.47287737555431386,0.363993712047493,586,bj920508,2025-04-08,operable_filtered
31.739999771118164,-0.04820418077122146,0.0,0.5395564293624366,46.5099983215332,0.5395564293624366,0.46534337293395356,0.36200377611765133,587,bj920570,2025-04-08,operable_filtered
44.0,-0.25,13.0,0.4751515243992661,48.68000030517578,0.4751515243992661,0.1477272727272727,0.021818161010742188,588,bj920505,2025-04-09,expired
4.409999847412109,-0.058956861914009284,13.0,0.3975903752892189,5.800000190734863,0.3975903752892189,0.3151928325209441,0.11111117118130198,589,sh603007,2025-04-09,filtered
18.90999984741211,-0.09888942078128471,12.0,0.3380280523508965,22.799999237060547,0.3380280523508965,0.2057112332648059,0.1903754844272194,590,bj920706,2025-04-09,traded
22.979999542236328,-0.14708438764562626,13.0,0.11071428745203038,21.770000457763672,0.11071428745203038,0.1827676608617863,-0.08398608980076427,591,bj920230,2025-04-09,traded
13.130000114440918,-0.22162984174018174,13.0,0.21526416357958933,12.420000076293945,0.21526416357958933,0.40137086505377795,-0.09139373943685858,592,bj920371,2025-04-09,expired
11.050000190734863,-0.1447964121133034,12.0,0.16402118751528283,11.0,0.16402118751528283,0.22171943592538557,-0.05610858595992929,593,bj920866,2025-04-09,expired
26.059999465942383,-0.34458939855206916,14.0,0.28805621184255803,22.0,0.28805621184255803,0.24481961978182598,-0.26784342614275325,594,bj920087,2025-04-09,filtered
7.989999771118164,-0.020025012765390593,4.0,0.5619412083528716,12.229999542236328,0.5619412083528716,0.5306633157168157,0.26157699780451993,595,bj920146,2025-04-09,expired
33.5,-0.14328355931524017,14.0,0.23623688498475381,35.47999954223633,0.23623688498475381,0.22208951124504428,0.049253776891907686,596,bj920396,2025-04-09,operable_filtered
8.430000305175781,-0.07473310695541913,13.0,0.16666668704432253,9.100000381469727,0.16666668704432253,0.15658358802357064,0.06405693265769896,597,bj920639,2025-04-09,breakout_support_filtered
20.5,-0.14487801528558497,12.0,0.1694237990313976,20.5,0.1694237990313976,0.1282926419886148,-0.014634109124904704,598,bj920608,2025-04-09,traded
15.199999809265137,-0.13421052549024037,13.0,0.1747720529941461,15.460000038146973,0.1747720529941461,0.43881586274116735,-0.013157882353605488,599,bj920422,2025-04-09,filtered
46.33000183105469,-0.006907047202121763,0.0,0.31493158459180615,60.5,0.31493158459180615,0.3058492900694698,0.2257716095634037,600,bj920953,2025-04-09,traded
16.799999237060547,-0.0720237582989538,14.0,0.17062218225639714,18.25,0.17062218225639714,0.1738095362440535,0.05000001135326615,601,bj920415,2025-04-09,filtered
15.800000190734863,-0.11075949233381666,12.0,0.9715302766476794,27.700000762939453,0.9715302766476794,0.7531645840854333,0.4873417541969667,602,bj920810,2025-04-09,operable_filtered
26.579999923706055,-0.06508651419119771,1.0,0.3191146187563212,32.779998779296875,0.3191146187563212,0.23325804640282155,0.18848759380219327,603,bj920924,2025-04-09,operable_filtered
29.0,-0.1696551750446188,11.0,0.5033222955828007,36.20000076293945,0.5033222955828007,0.24827588837722248,0.03793104763688704,604,bj920026,2025-04-10,traded
24.790000915527344,-0.21742642589500738,12.0,0.5463917829846212,30.0,0.5463917829846212,0.2101653445768672,0.036708342630279,605,bj920765,2025-04-10,traded
4.550000190734863,-0.08791210518670955,12.0,0.3975903752892189,5.800000190734863,0.3975903752892189,0.27472526320886037,0.08791200038733837,606,sh603007,2025-04-10,filtered
8.170000076293945,-0.1970624380024154,19.0,0.10060973371479331,7.21999979019165,0.10060973371479331,0.6548348018983838,-0.13586292816999823,607,sz002693,2025-04-10,filtered
20.889999389648438,-0.014839611057911095,12.0,0.35957238318578577,27.979999542236328,0.35957238318578577,0.33939685781423146,0.23216852671968158,608,bj920564,2025-04-10,traded
9.5600004196167,-0.24267788145050662,12.0,0.2831492065666539,9.289999961853027,0.2831492065666539,0.032426720955605504,-0.05753139817926023,609,bj920970,2025-04-10,operable_filtered
8.5600004196167,-0.08878506911520312,12.0,0.18589740689846423,9.25,0.18589740689846423,0.13901863575335982,0.0700933876615717,610,bj920639,2025-04-10,breakout_support_filtered
19.700000762939453,-0.13502536773583396,11.0,0.4072768928307424,23.979999542236328,0.4072768928307424,0.2172588128701296,0.2172588128701296,611,bj920706,2025-04-10,traded
24.3799991607666,-0.19606230286459836,12.0,0.18265305377701235,23.18000030517578,0.18265305377701235,0.10951600361786018,-0.064807218133488,612,bj920230,2025-04-10,traded
200.66000366210938,-0.0456493745387041,6.0,0.48866833719198755,285.0799865722656,0.48866833719198755,0.42071155870360055,0.1332103819381445,613,bj920002,2025-04-10,traded
22.579999923706055,-0.06775910946922581,12.0,0.3586699010951353,28.600000381469727,0.3586699010951353,0.2666076385342879,0.13418957913566687,614,bj920662,2025-04-10,expired
22.540000915527344,-0.006211237413953574,0.0,0.40803577913617706,31.540000915527344,0.40803577913617706,0.3992901346246214,0.23646848745397908,615,bj920663,2025-04-10,traded
44.5,-0.15123594476935565,14.0,0.48265817636465314,56.0,0.48265817636465314,0.8876404494382022,0.1719101466489641,616,bj920273,2025-04-10,expired
22.049999237060547,-0.2049886034833983,11.0,0.19623493964433236,20.969999313354492,0.19623493964433236,0.023582788016141,-0.053968193554804866,617,bj920608,2025-04-10,traded
17.299999237060547,-0.09884388207425165,13.0,0.17062218225639714,18.25,0.17062218225639714,0.0797688513857826,-0.01618490125115457,618,bj920415,2025-04-10,filtered
21.299999237060547,-0.002347382105702178,0.0,0.39294119442210484,29.600000381469727,0.39294119442210484,0.3896714291880228,0.25446010659303275,619,bj920856,2025-04-10,traded
12.899999618530273,-0.2674418535880704,11.0,0.16402118751528283,11.0,0.16402118751528283,0.0023256346924547255,-0.1666666420239188,620,bj920866,2025-04-10,expired
47.5,-0.006315773411801007,3.0,0.2817796402982997,60.5,0.2817796402982997,0.27368421052631575,0.14210526315789473,621,bj920953,2025-04-10,traded
48.5,-0.31958762886597936,12.0,0.6909090677897136,55.79999923706055,0.6909090677897136,0.1505154481868154,0.0,622,bj920505,2025-04-10,expired
15.100000381469727,-0.1178808371971879,10.0,0.30480477169380005,17.3799991607666,0.30480477169380005,0.1509932928276494,0.0655628970932387,623,bj920249,2025-04-11,traded
19.90999984741211,-0.1441486164681115,10.0,0.4072768928307424,23.979999542236328,0.4072768928307424,0.20441987574164822,0.12606731532487103,624,bj920706,2025-04-11,traded
21.559999465942383,-0.10018552416126858,11.0,0.5463917829846212,30.0,0.5463917829846212,0.3914657116476281,0.11317256931810249,625,bj920765,2025-04-11,filtered
9.600000381469727,-0.030208328159319286,1.0,0.3286787677790852,12.369999885559082,0.3286787677790852,0.28854160354369474,0.11874993170301384,626,bj920445,2025-04-11,breakout_support_filtered
17.010000228881836,-0.1046443658256504,11.0,0.2797111199555762,19.489999771118164,0.2797111199555762,0.14579656136779207,0.06114044645413119,627,bj920837,2025-04-11,breakout_support_filtered
13.949999809265137,-0.1311827920234543,11.0,0.4859736302754143,18.010000228881836,0.4859736302754143,0.2910394605826574,0.10394264007818088,628,bj920427,2025-04-11,traded
39.709999084472656,-0.16897505009251912,11.0,0.6909090677897136,55.79999923706055,0.6909090677897136,0.4051876233580518,0.17224881164156103,629,bj920505,2025-04-11,expired
24.290000915527344,-0.2968300008260727,12.0,0.28805621184255803,22.0,0.28805621184255803,0.11568544092339228,-0.15109098139012023,630,bj920087,2025-04-11,operable_filtered
40.08000183105469,-0.13398209833466768,11.0,0.3399596527889053,46.5099983215332,0.3399596527889053,0.16042904682445513,0.04765468463457534,631,bj920570,2025-04-11,traded
218.8800048828125,-0.12509139378661682,5.0,0.48866833719198755,285.0799865722656,0.48866833719198755,0.3024487400066367,0.017223999129981404,632,bj920002,2025-04-11,traded
13.0,-0.2138461333054763,11.0,0.24266139700966183,12.699999809265137,0.24266139700966183,0.2923076336200421,-0.029230778033916716,633,bj920371,2025-04-11,operable_filtered
4.880000114440918,-0.14959016433488737,11.0,0.3975903752892189,5.800000190734863,0.3975903752892189,0.1885246013768478,0.06557370641801308,634,sh603007,2025-04-11,filtered
6.75,-0.39259260672110097,12.0,0.1902439580369335,4.880000114440918,0.1902439580369335,0.13333334746184167,-0.30074077182345915,635,bj920023,2025-04-11,expired
12.300000190734863,-0.20894313891429217,10.0,0.23124358744654816,11.979999542236328,0.23124358744654816,0.17560974096887882,-0.07154472364185727,636,bj920786,2025-04-11,operable_filtered
22.549999237060547,-0.015077612598279222,0.0,0.33273307526444396,29.600000381469727,0.33273307526444396,0.3126386422586933,0.14767184196765992,637,bj920856,2025-04-11,traded
21.0,-0.14047622680664062,11.0,0.21551254633906347,21.940000534057617,0.21551254633906347,0.07190477280389684,0.021904718308221716,638,bj920855,2025-04-11,traded
24.010000228881836,-0.19200335553542203,10.0,0.5463917829846212,30.0,0.5463917829846212,0.2494793716791699,0.011661836067318854,639,bj920765,2025-04-14,filtered
9.880000114440918,-0.057692276135815956,0.0,0.3286787677790852,12.369999885559082,0.3286787677790852,0.2520242654125786,0.0880566675588863,640,bj920445,2025-04-14,breakout_support_filtered
17.56999969482422,-0.09960159535549207,10.0,0.2806574348740498,20.260000228881836,0.2806574348740498,0.15310191125672246,0.11610705469325011,641,bj920857,2025-04-14,traded
28.299999237060547,-0.14911658753079227,9.0,0.5033222955828007,36.20000076293945,0.5033222955828007,0.2791520049065366,0.06219082248514729,642,bj920026,2025-04-14,filtered
24.290000915527344,-0.2968300008260727,11.0,0.28805621184255803,22.0,0.28805621184255803,0.028818395603408486,-0.18484979453403683,643,bj920087,2025-04-14,operable_filtered
9.020000457763672,-0.13525501165343434,10.0,0.20512812675260572,9.399999618530273,0.20512812675260572,0.08093120900099349,0.01441232307862128,644,bj920639,2025-04-14,filtered
13.0,-0.17538459484393776,10.0,0.5279849582789737,16.3799991607666,0.5279849582789737,0.2599999354435847,0.16615383441631604,645,bj920198,2025-04-14,expired
21.0,-0.18857138497488835,9.0,0.4072768928307424,23.979999542236328,0.4072768928307424,0.1419047401064919,0.015714282081240594,646,bj920706,2025-04-14,traded
25.979999542236328,-0.12971512668451268,3.0,0.3091552225751788,29.600000381469727,0.3091552225751788,0.139337987029148,0.015396444402548282,647,bj920856,2025-04-14,traded
22.0,-0.17954548922452063,10.0,0.2382272202859903,22.350000381469727,0.2382272202859903,0.015909108248624015,-0.0036363601684570312,648,bj920855,2025-04-14,filtered
29.829999923706055,-0.14180353848659333,9.0,0.35625002747401546,34.720001220703125,0.35625002747401546,0.16392897450566069,0.027824335428390246,649,bj920753,2025-04-14,traded
23.049999237060547,-0.1071583251674536,10.0,0.35957238318578577,27.979999542236328,0.35957238318578577,0.21388288365967334,0.09067246081412095,650,bj920564,2025-04-14,traded
16.0,-0.3368750214576721,9.0,0.18096137025656,12.529999732971191,0.18096137025656,0.0025000572204589844,-0.22437500953674316,651,sh603709,2025-04-14,traded
28.0,-0.08535712105887272,10.0,0.23584532855252416,31.649999618530273,0.23584532855252416,0.13785716465541298,0.08821426119123177,652,bj920346,2025-04-14,traded
60.970001220703125,-0.32064954338756624,10.0,0.231289286686577,51.0,0.231289286686577,0.1727078656465777,-0.2515991445868465,653,bj920779,2025-04-14,expired
18.770000457763672,-0.05540761268853234,2.0,0.6350818115961205,28.989999771118164,0.6350818115961205,0.5444858318651389,0.27064463504607206,654,bj920943,2025-04-14,traded
9.140000343322754,-0.28227574437981695,17.0,0.18597565208390554,7.78000020980835,0.18597565208390554,0.479212248349721,-0.14879650792441768,655,sz002693,2025-04-14,traded
24.219999313354492,-0.5503715668018951,8.0,0.22956840414912238,13.390000343322754,0.22956840414912238,0.011560722319720274,-0.5012386347572955,656,sz300561,2025-04-14,filtered
42.40999984741211,-0.22188162889102947,9.0,0.12212117513020826,37.029998779296875,0.12212117513020826,0.06932324068113349,-0.14996464591450953,657,bj920179,2025-04-14,expired
29.100000381469727,-0.18969073489355326,10.0,0.292620849909053,30.479999542236328,0.292620849909053,0.06460478131002856,-0.0398625371892013,658,bj920634,2025-04-14,traded
51.09000015258789,-0.074182832339165,3.0,0.2241015319195403,57.900001525878906,0.2241015319195403,0.13329421321103796,0.002740250327467386,659,bj920533,2025-04-15,traded
9.369999885559082,-0.2273212529835401,9.0,0.28729281622405556,9.319999694824219,0.28729281622405556,0.024546477985033732,-0.022411957386533343,660,bj920970,2025-04-15,operable_filtered
22.25,-0.23235955399073915,10.0,0.28805621184255803,22.0,0.28805621184255803,0.0876404837276159,-0.1105617566055126,661,bj920087,2025-04-15,operable_filtered
222.02999877929688,-0.137503936166952,3.0,0.48866833719198755,285.0799865722656,0.48866833719198755,0.28397058118097784,-0.008107026355240632,662,bj920002,2025-04-15,traded
26.40999984741211,-0.08822415513699322,8.0,0.5033222955828007,36.20000076293945,0.5033222955828007,0.37069295615640296,0.18212796265554343,663,bj920026,2025-04-15,traded
40.29999923706055,-0.1811414237037341,8.0,0.1509090770374646,37.97999954223633,0.1509090770374646,0.040694774707098924,-0.08709673419312003,664,bj920179,2025-04-15,expired
28.68000030517578,-0.07461643538623808,8.0,0.5026375166695365,39.880001068115234,0.5026375166695365,0.39051606149802676,0.25767082674384745,665,bj920075,2025-04-15,traded
27.299999237060547,-0.054945056480577015,0.0,0.27054262591643297,32.779998779296875,0.27054262591643297,0.20073258957447404,0.11868138348034818,666,bj920924,2025-04-15,filtered
10.319999694824219,-0.36434107201867727,16.0,0.24542685176186607,8.170000076293945,0.24542685176186607,0.3100776024774834,-0.20833330252989846,667,sz002693,2025-04-15,traded
34.869998931884766,-0.13249208699172876,9.0,0.2509090959533187,37.84000015258789,0.2509090959533187,0.08517353919352688,0.04301692130619528,668,bj920245,2025-04-15,traded
14.979999542236328,-0.12483310698952899,3.0,0.5049580517866263,19.729999542236328,0.5049580517866263,0.31708946229319346,0.20627504986736422,669,sz300994,2025-04-15,traded
31.290000915527344,-0.2320230110724968,14.0,0.42738236608218294,34.29999923706055,0.42738236608218294,0.15627993757014647,-0.08596997300574483,670,bj920262,2025-04-15,expired
27.1200008392334,-0.07669616000516499,9.0,0.24600637468796105,31.200000762939453,0.24600637468796105,0.15044247040743763,0.07817104964163013,671,bj920627,2025-04-15,traded
14.949999809265137,-0.12842810038726837,9.0,0.4811972089472658,19.299999237060547,0.4811972089472658,0.29096986510324463,0.08829435888557513,672,bj920957,2025-04-15,traded
25.149999618530273,-0.10099399788090913,2.0,0.3091552225751788,29.600000381469727,0.3091552225751788,0.17693840280064,0.1220675841506682,673,bj920856,2025-04-15,operable_filtered
61.93000030517578,-0.3311803977904446,9.0,0.231289286686577,51.0,0.231289286686577,0.15452930159317968,-0.24414659869816147,674,bj920779,2025-04-15,breakout_support_filtered
60.0,-0.3704999923706055,11.0,0.5708234342596978,59.33000183105469,0.5708234342596978,0.3999999999999999,-0.0605000178019206,675,bj920273,2025-04-15,expired
25.0,-0.1359999847412109,8.0,0.15694441341568965,24.989999771118164,0.15694441341568965,0.18919998168945318,-0.028799972534179652,676,bj920726,2025-04-15,traded
43.0099983215332,-0.04394325653117259,0.0,0.19625486148947058,49.189998626708984,0.19625486148947058,0.14368752723437628,0.08532904270784791,677,bj920239,2025-04-15,traded
26.459999084472656,-0.03212390413950894,9.0,0.269035502750574,32.5,0.269035502750574,0.22826912791058085,0.17498114997412184,678,bj920346,2025-04-15,traded
32.09000015258789,-0.2511685705084793,13.0,0.42738236608218294,34.29999923706055,0.42738236608218294,0.12745403967404023,-0.1555001479398792,679,bj920262,2025-04-16,operable_filtered
14.40999984741211,-0.2907702723630342,8.0,0.36888448195563317,13.989999771118164,0.36888448195563317,0.16585700311979235,-0.14434420164685857,680,bj920371,2025-04-16,operable_filtered
22.860000610351562,-0.2528434178618606,9.0,0.28805621184255803,22.0,0.28805621184255803,0.02755901767042479,-0.08617677900721754,681,bj920087,2025-04-16,operable_filtered
39.72999954223633,-0.16939339591690084,8.0,0.6909090677897136,55.79999923706055,0.6909090677897136,0.40448023861013294,0.15278126767586042,682,bj920505,2025-04-16,traded
26.0,-0.16923075455885672,7.0,0.15694441341568965,24.989999771118164,0.15694441341568965,0.14346152085524344,-0.09846151792086089,683,bj920726,2025-04-16,traded
11.579999923706055,-0.4335060461140242,15.0,0.3079268290466812,8.579999923706055,0.3079268290466812,0.1675302717477687,-0.25906735921979884,684,sz002693,2025-04-16,traded
9.029999732971191,-0.13621257791904884,8.0,0.24743580824446543,9.729999542236328,0.24743580824446543,0.07973425119824484,0.0033223352749354174,685,bj920639,2025-04-16,traded
39.369998931884766,-0.16179830085608315,7.0,0.1509090770374646,37.97999954223633,0.1509090770374646,0.06527812457578808,-0.08178809990767022,686,bj920179,2025-04-16,expired
64.0,-0.4098437428474426,10.0,0.5708234342596978,59.33000183105469,0.5708234342596978,0.3125,-0.1626562476158142,687,bj920273,2025-04-16,expired
16.0,-0.20625001192092896,7.0,0.22204729849218086,15.520000457763672,0.22204729849218086,0.13750004768371582,-0.1212499737739563,688,bj920826,2025-04-16,traded
9.800000190734863,-0.04795920998788927,8.0,0.3258306523807002,12.369999885559082,0.3258306523807002,0.2622448617147939,0.07448974775801398,689,bj920445,2025-04-16,breakout_support_filtered
397.0,-0.0715113719104219,1.0,0.566696570764919,577.5,0.566696570764919,0.45465994962216616,0.45465994962216616,690,bj920982,2025-04-16,expired
17.18000030517578,-0.09196739788357577,2.0,0.2499999694335162,19.5,0.2499999694335162,0.13504072489016639,0.029685693819702097,691,bj920047,2025-04-16,operable_filtered
24.18000030517578,-0.1488833885870191,8.0,0.35957238318578577,27.979999542236328,0.35957238318578577,0.15715463974775679,0.012406916181731065,692,bj920564,2025-04-16,operable_filtered
60.56999969482422,-0.31616314383959454,8.0,0.32979247382852317,55.08000183105469,0.32979247382852317,0.1804523751072391,-0.14314013889100574,693,bj920779,2025-04-16,operable_filtered
57.099998474121094,-0.024868620085671034,2.0,0.22126436112248005,68.0,0.22126436112248005,0.19089320170155544,0.04308236365864082,694,bj920799,2025-04-16,operable_filtered
26.5,-0.2188678957381338,9.0,1.360869426603108,48.869998931884766,1.360869426603108,0.8441509030899912,0.18452827885465806,695,bj920351,2025-04-16,operable_filtered
14.859999656677246,-0.03903095135304635,18.0,0.07983195830813639,15.420000076293945,0.07983195830813639,0.19111717172793274,0.0,696,sz300605,2025-04-16,operable_filtered
35.02000045776367,-0.31382066326277747,12.0,0.42738236608218294,34.29999923706055,0.42738236608218294,0.008852123621897023,-0.2509994517598205,697,bj920262,2025-04-17,operable_filtered
23.809999465942383,-0.1852162934199194,7.0,0.5463917829846212,30.0,0.5463917829846212,0.2599748287651893,0.0071398605672843285,698,bj920765,2025-04-17,traded
14.649999618530273,-0.30238904210605666,7.0,0.36888448195563317,13.989999771118164,0.36888448195563317,0.017064846860731953,-0.20750853522261103,699,bj920371,2025-04-17,operable_filtered
22.530000686645508,-0.09897920024950457,7.0,0.31871928393431737,26.770000457763672,0.31871928393431737,0.18819350385689915,0.056813082125451775,700,bj920407,2025-04-17,filtered
10.5,-0.05333337329682852,0.0,0.47887328267857776,14.699999809265137,0.47887328267857776,0.39999998183477503,0.1847618647984095,701,sh601086,2025-04-17,expired
40.439998626708984,-0.2680513999345162,8.0,0.22297298298690138,36.20000076293945,0.22297298298690138,0.028931800775825023,-0.2304648393662433,702,bj920403,2025-04-17,filtered
13.600000381469727,-0.028676495028201465,6.0,0.3981831385327812,18.469999313354492,0.3981831385327812,0.35808814671213085,0.12941170778241706,703,bj920261,2025-04-17,traded
27.3700008392334,-0.210814770947785,6.0,0.15694441341568965,24.989999771118164,0.15694441341568965,0.008403344361854526,-0.181951088669548,704,bj920726,2025-04-17,filtered
13.640000343322754,-0.13416421390355038,7.0,0.26841651227667884,14.979999542236328,0.26841651227667884,0.09824040800479517,0.011730193796544386,705,bj920665,2025-04-17,traded
29.799999237060547,-0.09597311329612768,7.0,0.14513733370083193,30.850000381469727,0.14513733370083193,0.052349040712421635,-0.0385905922138442,706,bj920526,2025-04-17,traded
16.56999969482422,-0.1653590719119945,7.0,0.3875633145278594,19.190000534057617,0.3875633145278594,0.15811713261840188,0.03138204389503385,707,bj920271,2025-04-17,filtered
46.0,-0.13760873545771057,6.0,0.20695748117268442,47.880001068115234,0.20695748117268442,0.23565217723017162,-0.12000000995138416,708,bj920394,2025-04-17,expired
19.600000381469727,-0.17040816773379253,6.0,0.32841328889422217,21.600000381469727,0.32841328889422217,0.11224483738636803,-0.043367365557468895,709,bj920527,2025-04-17,traded
13.600000381469727,-0.11764708357286224,6.0,0.2650000254313152,15.180000305175781,0.2650000254313152,0.11617646171972429,-0.032352979537936366,710,bj920378,2025-04-17,traded
17.299999237060547,-0.08381496644720032,7.0,0.19305989856756312,18.90999984741211,0.19305989856756312,0.13179195301703972,-0.031791864815943094,711,bj920046,2025-04-17,traded
16.5,-0.230303041862719,6.0,0.22204729849218086,15.520000457763672,0.22204729849218086,0.01757581306226319,-0.19575754801432288,712,bj920826,2025-04-17,operable_filtered
16.90999984741211,-0.09461853590970148,6.0,0.40365768661789403,21.489999771118164,0.40365768661789403,0.27084565139171035,0.03666474540674125,713,bj920751,2025-04-17,operable_filtered
14.920000076293945,-0.06769438496763835,7.0,0.7383177980173996,24.18000030517578,0.7383177980173996,0.6206434438023123,0.28887395736615606,714,bj920642,2025-04-17,operable_filtered
60.0,-0.16866664886474614,6.0,0.2209302370045052,60.900001525878906,0.2209302370045052,0.11100006103515625,-0.04466667175292971,715,bj920735,2025-04-17,operable_filtered
26.899999618530273,-0.10483270389645805,5.0,0.5033222955828007,36.20000076293945,0.5033222955828007,0.3457249545090255,0.041635719521047054,716,bj920026,2025-04-18,traded
29.0,-0.07413791788035429,21.0,0.0,28.200000762939453,0.0,0.13034478549299577,-0.07413791788035429,717,bj920924,2025-04-18,traded
40.20000076293945,-0.13656720334015648,6.0,0.37712476225456415,47.79999923706055,0.37712476225456415,0.1890546848229806,0.008706429539268923,718,bj920570,2025-04-18,traded
21.579999923706055,-0.1195551405388039,3.0,0.4205263037430613,26.989999771118164,0.4205263037430613,0.250695081859992,-0.0366079245121258,719,bj920961,2025-04-18,expired
14.680000305175781,-0.1743869459399201,6.0,0.4859736302754143,18.010000228881836,0.4859736302754143,0.22683922714442883,-0.04291553823870131,720,bj920427,2025-04-18,traded
11.8100004196167,-0.44453855125329034,13.0,0.3079268290466812,8.579999923706055,0.3079268290466812,0.0,-0.2751905067337399,721,sz002693,2025-04-18,traded
23.399999618530273,-0.1324786509404411,6.0,0.31871928393431737,26.770000457763672,0.31871928393431737,0.14401713222955448,-0.02008544106908039,722,bj920407,2025-04-18,operable_filtered
29.5,-0.18542370553744036,11.0,0.42738236608218294,34.29999923706055,0.42738236608218294,0.16271183854442528,-0.14169492559917907,723,bj920262,2025-04-18,filtered
24.65999984741211,-0.09691806181820606,6.0,0.301751197809778,28.989999771118164,0.301751197809778,0.17558799474852615,0.030413625492325735,724,bj920690,2025-04-18,traded
13.649999618530273,-0.12087909631076843,5.0,0.2650000254313152,15.180000305175781,0.2650000254313152,0.11208796552407874,-0.054945056480577015,725,bj920378,2025-04-18,traded
26.420000076293945,-0.09576081299544048,3.0,0.7572206201238458,41.97999954223633,0.7572206201238458,0.5889477449284344,0.2747918322451508,726,bj920425,2025-04-18,breakout_support_filtered
13.880000114440918,-0.04827089847044519,5.0,0.3981831385327812,18.469999313354492,0.3981831385327812,0.33069158220957684,0.10878964095330335,727,bj920261,2025-04-18,traded
29.0,-0.10310344038338493,6.0,0.2737408987535208,33.130001068115234,0.2737408987535208,0.14241382993500817,-0.03137930508317621,728,bj920579,2025-04-18,traded
55.61000061035156,-0.10303901239608537,5.0,0.2209302370045052,60.900001525878906,0.2209302370045052,0.13199065045903957,0.0037762827219527395,729,bj920735,2025-04-18,expired
65.55999755859375,-0.36821232899030387,6.0,0.32979247382852317,55.08000183105469,0.32979247382852317,0.09060406745893212,-0.2956070466002877,730,bj920779,2025-04-18,breakout_support_filtered
14.75,-0.04745761418746686,5.0,0.17081854374544747,16.450000762939453,0.17081854374544747,0.11525428901284429,0.0,731,bj920806,2025-04-18,filtered
33.38999938964844,-0.17070976219777745,21.0,0.0,29.190000534057617,0.0,0.03144651860598913,-0.17011082386951748,732,bj920701,2025-04-18,traded
49.0,-0.20367346004563935,21.0,0.0,41.189998626708984,0.0,0.07346935661471621,-0.19755102663624047,733,bj920394,2025-04-18,expired
9.600000381469727,-0.1875000124176338,6.0,0.24743580824446543,9.729999542236328,0.24743580824446543,0.015624959642690062,-0.10937501552204232,734,bj920639,2025-04-18,traded
71.5,-0.4206993263084572,5.0,0.32979247382852317,55.08000183105469,0.32979247382852317,0.0,-0.3510489297079873,735,bj920779,2025-04-21,traded
15.930000305175781,-0.05084748299430497,5.0,0.3869047269889645,20.969999313354492,0.3869047269889645,0.5003138205066435,0.10922785547925096,736,bj920163,2025-04-21,expired
30.280000686645508,-0.11327609733802035,20.0,0.05363130404465166,28.290000915527344,0.05363130404465166,0.08256268282562984,-0.06869220199930193,737,bj920924,2025-04-21,traded
15.25,-0.126557397060707,4.0,0.30480477169380005,17.3799991607666,0.30480477169380005,0.13967207611584276,0.026885235895875992,738,bj920249,2025-04-21,traded
21.450000762939453,-0.1142191457248094,2.0,0.4205263037430613,26.989999771118164,0.4205263037430613,0.2582750028499077,0.006526777840041964,739,bj920961,2025-04-21,expired
24.959999084472656,-0.07812495701587963,2.0,0.2863972223831712,29.600000381469727,0.2863972223831712,0.18589749467913896,-0.010416599802479332,740,bj920856,2025-04-21,operable_filtered
26.81999969482422,-0.0797911787471578,5.0,0.8569692570645318,45.83000183105469,0.8569692570645318,0.7087994911461188,0.21812075095772787,741,bj920876,2025-04-21,operable_filtered
6.929999828338623,-0.1197691117266646,4.0,0.22786883413391168,7.489999771118164,0.22786883413391168,0.0808080745528379,0.0,742,bj920021,2025-04-21,traded
29.100000381469727,-0.18694159665790577,6.0,0.2214708286099718,28.899999618530273,0.2214708286099718,0.012371089288100823,-0.08659795273983417,743,bj920932,2025-04-21,traded
13.800000190734863,-0.04275363365458562,4.0,0.3981831385327812,18.469999313354492,0.3981831385327812,0.3384057288459317,0.13695647561783053,744,bj920261,2025-04-21,breakout_support_filtered
35.06999969482422,-0.17878530117834657,5.0,0.2128472649480837,34.93000030517578,0.2128472649480837,0.010550297550740328,-0.120330748505176,745,bj920237,2025-04-21,traded
13.75,-0.12727272727272732,4.0,0.2650000254313152,15.180000305175781,0.2650000254313152,0.10400002219460225,-0.03054546009410508,746,bj920378,2025-04-21,traded
51.5,-0.07650482770308709,2.0,0.2720773392150466,60.5,0.2720773392150466,0.17475728155339798,-0.023106769450659925,747,bj920953,2025-04-21,filtered
21.0,-0.1428571428571429,5.0,0.2155555089314778,21.8799991607666,0.2155555089314778,0.04190472194126671,-0.07380948747907368,748,bj920152,2025-04-21,operable_filtered
38.22999954223633,-0.1106460788094712,5.0,0.19117647058823528,40.5,0.19117647058823528,0.05937746494754159,-0.03269683533788714,749,bj920981,2025-04-21,traded
12.0,-0.22166665395100915,4.0,0.5342612087362284,14.329999923706055,0.5342612087362284,0.1941666603088379,-0.010833342870076534,750,bj920275,2025-04-21,expired
13.65999984741211,-0.26134697911439264,6.0,0.544103041436534,15.579999923706055,0.544103041436534,0.22035141013944304,-0.058565168350746655,751,sh605188,2025-04-21,expired
50.97999954223633,-0.2424480329802955,21.0,0.0,40.65999984741211,0.0,0.0,-0.20341308405256742,752,bj920394,2025-04-21,expired
50.70000076293945,-0.06291917935705571,5.0,0.21869087710821056,57.900001525878906,0.21869087710821056,0.14201184723063132,-0.03589742933800111,753,bj920533,2025-04-21,traded
399.0,-0.07268170426065168,4.0,0.5945404877533784,589.97998046875,0.5945404877533784,0.4786465675908522,0.2284460999911888,754,bj920982,2025-04-21,expired
19.809999465942383,-0.23674910180822628,4.0,0.3869047269889645,20.969999313354492,0.3869047269889645,0.20646139640838834,-0.0898535500900478,755,bj920163,2025-04-22,traded
20.899999618530273,-0.09090907431623607,1.0,0.4205263037430613,26.989999771118164,0.4205263037430613,0.29138757242791513,0.028708152747417115,756,bj920961,2025-04-22,expired
20.600000381469727,-0.17087380546507225,5.0,0.28805621184255803,22.0,0.28805621184255803,0.06796114527209496,-0.08689324671748544,757,bj920087,2025-04-22,filtered
51.380001068115234,-0.0743479878437524,1.0,0.2720773392150466,60.5,0.2720773392150466,0.17750094866277344,-0.01557024562922793,758,bj920953,2025-04-22,traded
16.799999237060547,-0.1720237810054861,4.0,0.7383177980173996,24.18000030517578,0.7383177980173996,0.43928579781331556,0.11785723449421992,759,bj920642,2025-04-22,traded
6.929999828338623,-0.13275607824615854,4.0,0.21797003209486854,7.320000171661377,0.21797003209486854,0.05627710721260604,0.01443006983359485,760,bj920057,2025-04-22,traded
14.680000305175781,-0.10013625589030306,3.0,0.3981831385327812,18.469999313354492,0.3981831385327812,0.2581743139911554,0.07493183957275384,761,bj920261,2025-04-22,traded
13.300000190734863,-0.05864659562295049,2.0,0.1709264625722453,14.65999984741211,0.1709264625722453,0.10225561181755904,0.04210522239935699,762,bj920260,2025-04-22,traded
64.12000274658203,-0.1336556946728814,20.0,0.02502249160646408,56.939998626708984,0.02502249160646408,0.06035550454485583,-0.11696823913653154,763,bj920799,2025-04-22,traded
12.680000305175781,-0.15930602595799137,4.0,0.42026271670146764,15.140000343322754,0.42026271670146764,0.1940063074874563,0.028391139433198598,764,bj920792,2025-04-22,traded
12.989999771118164,-0.3171670483566481,5.0,0.1251408873729971,9.979999542236328,0.1251408873729971,0.0007698405741369818,-0.2871439267096503,765,sh600865,2025-04-22,traded
4.880000114440918,-0.12500002442813252,21.0,0.0,4.409999847412109,0.0,0.10655737064180126,-0.11885244059517874,766,sh600490,2025-04-22,operable_filtered
14.350000381469727,-0.29686411955659664,5.0,0.544103041436534,15.579999923706055,0.544103041436534,0.08571425153581447,-0.10940770778834885,767,sh605188,2025-04-22,operable_filtered
65.80000305175781,-0.11990885772663995,19.0,0.03436369683492102,59.900001525878906,0.03436369683492102,0.013069917484275662,-0.09574472278978885,768,bj920227,2025-04-22,operable_filtered
21.049999237060547,-0.06888355858170092,4.0,0.7846938194606972,34.97999954223633,0.7846938194606972,0.6617577581974767,0.24988125508437542,769,bj920419,2025-04-22,operable_filtered
20.0,-0.12250003814697263,4.0,0.3037037125591795,22.8799991607666,0.3037037125591795,0.14399995803833,0.06850004196166992,770,bj920204,2025-04-22,operable_filtered
26.739999771118164,-0.09947643493569402,2.0,0.5033222955828007,36.20000076293945,0.5033222955828007,0.35377715305888,0.09760660556065592,771,bj920026,2025-04-23,traded
20.0,-0.24400000572204594,3.0,0.3869047269889645,20.969999313354492,0.3869047269889645,0.09499998092651363,-0.08649997711181645,772,bj920163,2025-04-23,traded
24.09000015258789,-0.11747612726362056,3.0,0.3447789202630491,28.59000015258789,0.3447789202630491,0.1867995006847929,-0.016189264723044938,773,bj920906,2025-04-23,breakout_support_filtered
47.5,-0.1280000385485197,3.0,0.32979247382852317,55.08000183105469,0.32979247382852317,0.15957898591694075,-0.029052654065583883,774,bj920779,2025-04-23,traded
21.5,-0.11767445054165149,2.0,0.21033209886883264,22.959999084472656,0.21033209886883264,0.06790693416151883,-0.06046508079351376,775,bj920720,2025-04-23,traded
11.829999923706055,-0.09890110598812352,3.0,0.42026271670146764,15.140000343322754,0.42026271670146764,0.2797971632259957,0.09382921925915877,776,bj920792,2025-04-23,traded
9.40999984741211,-0.21785332063118845,3.0,0.28260861537181725,9.4399995803833,0.28260861537181725,0.009564309675588634,-0.1073326509308713,777,bj920974,2025-04-23,filtered
8.760000228881836,-0.0753424463661635,3.0,0.30987643913568386,10.609999656677246,0.30987643913568386,0.21118714377380243,0.11187209093959338,778,sz300052,2025-04-23,filtered
20.0,-0.09600000381469731,3.0,0.2610619100261027,22.799999237060547,0.2610619100261027,0.13999996185302743,0.051500034332275346,779,bj920221,2025-04-23,traded
30.0,-0.13299999237060545,3.0,0.2737408987535208,33.130001068115234,0.2737408987535208,0.10433336893717438,0.024333318074544197,780,bj920579,2025-04-23,traded
22.90999984741211,-0.2121344671637151,18.0,0.11301944608057268,20.09000015258789,0.11301944608057268,0.06503709214500386,-0.1890004344192594,781,bj920950,2025-04-23,traded
27.0,-0.08592591462311916,3.0,0.8569692570645318,45.83000183105469,0.8569692570645318,0.6974074752242476,0.15851854394983356,782,bj920876,2025-04-23,traded
25.729999542236328,-0.13447334419081491,3.0,0.301751197809778,28.989999771118164,0.301751197809778,0.1267003609358981,-0.05635440658328106,783,bj920690,2025-04-23,filtered
34.70000076293945,-0.1282420940950576,3.0,0.2509090959533187,37.84000015258789,0.2509090959533187,0.09048989396570972,-0.0605187966180456,784,bj920245,2025-04-23,traded
28.780000686645508,-0.11014593469988654,3.0,0.46427173394296983,37.5,0.46427173394296983,0.3029881551531979,-0.04760252976189494,785,bj920346,2025-04-23,filtered
53.959999084472656,-0.29948109936240264,21.0,0.0,38.900001525878906,0.0,0.07301709615002583,-0.29799848571503307,786,bj920533,2025-04-23,traded
60.65999984741211,-0.08424003665027324,19.0,0.02502249160646408,56.939998626708984,0.02502249160646408,0.12083742226831107,-0.07204086618656991,787,bj920799,2025-04-23,traded
19.3799991607666,-0.12074294873946201,2.0,0.4072768928307424,23.979999542236328,0.4072768928307424,0.23735813109745085,0.025799794718887936,788,bj920706,2025-04-23,traded
14.550000190734863,-0.09209622921112914,2.0,0.3981831385327812,18.469999313354492,0.3981831385327812,0.2694157437273301,0.039175236244133105,789,bj920261,2025-04-23,traded
20.149999618530273,-0.0570719424467242,0.0,0.4205263037430613,26.989999771118164,0.4205263037430613,0.33945410829177947,0.03027298371711118,790,bj920961,2025-04-23,traded
12.670000076293945,-0.15864247961944555,2.0,0.42026271670146764,15.140000343322754,0.42026271670146764,0.19494871761289678,0.041831075752149394,791,bj920792,2025-04-24,traded
27.899999618530273,-0.08207881861968802,2.0,0.46427173394296983,37.5,0.46427173394296983,0.3440860398827288,0.014336904085998858,792,bj920346,2025-04-24,traded
8.289999961853027,-0.08323281790054748,2.0,0.35526319999774136,10.300000190734863,0.35526319999774136,0.24246082486501597,0.09288304720227725,793,sh603086,2025-04-24,expired
16.719999313354492,-0.043062161658070086,1.0,0.3043750524520874,20.8700008392334,0.3043750524520874,0.24820584308064197,0.047248860524555125,794,bj920252,2025-04-24,traded
20.219999313354492,-0.06181998231693442,1.0,0.21033209886883264,22.959999084472656,0.21033209886883264,0.1355093899191433,0.03115732391242676,795,bj920720,2025-04-24,traded
9.699999809265137,-0.06082475919477248,2.0,0.2403952378255514,11.300000190734863,0.2403952378255514,0.16494849617846974,-0.03195870845752813,796,sz002196,2025-04-24,operable_filtered
13.75,-0.08654542402787646,2.0,0.5406050744431616,19.350000381469727,0.5406050744431616,0.40727275501598004,0.17600000554865058,797,bj920263,2025-04-24,traded
15.0,-0.12466665903727214,1.0,0.40746377617401985,18.479999542236328,0.40746377617401985,0.23199996948242196,-0.04266668955485031,798,bj920469,2025-04-24,traded
11.260000228881836,-0.1705151010005449,1.0,0.5342612087362284,14.329999923706055,0.5342612087362284,0.2726465037673522,0.02309060600326962,799,bj920275,2025-04-24,expired
57.41999816894531,-0.20236850056483036,18.0,0.07205238628891175,49.099998474121094,0.07205238628891175,0.02751657752419101,-0.18756525577340033,800,sz301000,2025-04-24,expired
63.099998474121094,-0.4014262857192603,4.0,0.5708234342596978,59.33000183105469,0.5708234342596978,0.029794055915604245,-0.2583201209386018,801,bj920273,2025-04-24,operable_filtered
24.649999618530273,-0.046653129262759885,2.0,0.14893617021276606,27.0,0.14893617021276606,0.09533470254916954,0.08194728150199104,802,bj920703,2025-04-24,operable_filtered
19.450000762939453,-0.03856040979849573,3.0,0.5080213696476179,28.200000762939453,0.5080213696476179,0.4498714476491168,0.1233932917423477,803,bj920299,2025-04-24,operable_filtered
6.730000019073486,-0.20802378772655172,10.0,0.1913696051645133,6.349999904632568,0.1913696051645133,0.129271899419527,-0.14561664432333865,804,sz002251,2025-04-24,operable_filtered
22.389999389648438,-0.010272422889956112,0.0,0.501805009406775,33.279998779296875,0.501805009406775,0.486377833251894,0.29075481939903947,805,sh688313,2025-04-24,operable_filtered
30.049999237060547,-0.32845255182942346,21.0,0.0,21.299999237060547,0.0,0.12811987975261463,-0.29118137178548276,806,bj920478,2025-04-24,operable_filtered
16.399999618530273,-0.07804876602100197,1.0,0.3869047269889645,20.969999313354492,0.3869047269889645,0.27865852445878114,0.062195151310319385,807,bj920163,2025-04-25,filtered
26.59000015258789,-0.1162091062375249,0.0,0.2595744843178607,29.600000381469727,0.2595744843178607,0.11320045925569078,0.016547594265989174,808,bj920856,2025-04-25,traded
62.0,-0.308225816295993,21.0,0.0,45.779998779296875,0.0,0.21532255603421113,-0.2988709480531754,809,sz301210,2025-04-25,expired
50.0,-0.048399963378906286,1.0,0.271542616051617,60.5,0.271542616051617,0.20999999999999996,0.020000000000000018,810,bj920953,2025-04-25,traded
18.899999618530273,-0.09841263177483439,0.0,0.4072768928307424,23.979999542236328,0.4072768928307424,0.2687830701713576,0.08201064421660087,811,bj920706,2025-04-25,traded
21.709999084472656,-0.13864571388609603,2.0,0.5080213696476179,28.200000762939453,0.5080213696476179,0.2989406702973356,-0.07139563806656868,812,bj920299,2025-04-25,expired
12.229999542236328,-0.12346683006755099,1.0,0.585820856020536,17.0,0.585820856020536,0.3900245818726702,0.09321344120952424,813,bj920198,2025-04-25,traded
39.0,-0.07025645329402042,1.0,0.17484833000730848,42.599998474121094,0.17484833000730848,0.09230765318259215,-0.014102544540014028,814,bj920110,2025-04-25,traded
23.299999237060547,-0.07253213227667854,1.0,0.9375288176451191,41.869998931884766,0.9375288176451191,0.7969957211538068,0.17682407614332463,815,bj920392,2025-04-25,traded
19.079999923706055,-0.09014671489686277,1.0,0.19297225554954922,20.709999084472656,0.19297225554954922,0.08542972574865693,0.03249480302476715,816,bj920694,2025-04-25,expired
24.610000610351562,-0.052824100453795486,1.0,0.34062637134155827,31.25,0.34062637134155827,0.26980898923080443,0.050386011392319574,817,bj920367,2025-04-25,filtered
38.04999923706055,-0.0904073244595085,1.0,0.11355100363680282,38.540000915527344,0.11355100363680282,0.014717513390790637,0.006570302365643599,818,bj920208,2025-04-25,traded
16.799999237060547,-0.048809507860888,0.0,0.5369211620456231,24.559999465942383,0.5369211620456231,0.4619047965051921,0.11369047227089624,819,sz002915,2025-04-25,operable_filtered
14.399999618530273,-0.1715277346379952,2.0,0.3780385677714686,16.440000534057617,0.3780385677714686,0.14166673399784124,0.06666667108182556,820,sz002194,2025-04-25,operable_filtered
32.630001068115234,-0.03463073953802065,2.0,0.2371428958953372,38.970001220703125,0.2371428958953372,0.19429972249627325,0.00520987322649602,821,bj920508,2025-04-25,operable_filtered
7.510000228881836,-0.2902796589528682,9.0,0.1913696051645133,6.349999904632568,0.1913696051645133,0.011983977764023601,-0.2822903192789765,822,sz002251,2025-04-25,operable_filtered
11.520000457763672,-0.09635421581980064,1.0,0.24783861301856147,12.989999771118164,0.24783861301856147,0.12760410199149042,-0.02777783296726144,823,bj920768,2025-04-25,operable_filtered
25.459999084472656,-0.003927669981028448,0.0,0.31230275939790353,33.279998779296875,0.31230275939790353,0.30714846724379563,0.12804400416769934,824,sh688313,2025-04-25,operable_filtered
15.399999618530273,-0.018181801292662225,0.0,0.3869047269889645,20.969999313354492,0.3869047269889645,0.36168830083099723,0.14415592699313295,825,bj920163,2025-04-28,traded
7.429999828338623,0.0,0.0,0.23956934736650792,9.210000038146973,0.23956934736650792,0.23956934736650792,0.13324364344927453,826,sz002200,2025-04-28,expired
26.610000610351562,-0.005637035792496525,0.0,0.5865457669978216,41.97999954223633,0.5865457669978216,0.577602351722821,0.2254791380074579,827,bj920425,2025-04-28,expired
20.600000381469727,-0.09223298948282432,1.0,0.5080213696476179,28.200000762939453,0.5080213696476179,0.36893205052103495,-0.009223326725203762,828,bj920299,2025-04-28,expired
8.5600004196167,-0.030373857025287165,0.0,0.473493886890322,12.229999542236328,0.473493886890322,0.42873819424228077,0.1320092412819298,829,bj920146,2025-04-28,traded
50.63999938964844,-0.07543443406132988,20.0,0.05681332474904233,49.47999954223633,0.05681332474904233,0.1058451950030479,-0.03692730952652856,830,sz300553,2025-04-28,expired
26.0,-0.014999976524939895,0.0,0.2994923071514921,33.279998779296875,0.2994923071514921,0.2799999530498798,0.09576922196608328,831,sh688313,2025-04-28,expired
23.860000610351562,-0.2435038233305984,18.0,0.06814412751106946,19.280000686645508,0.06814412751106946,0.27116509420991,-0.22464377507292055,832,bj920926,2025-04-28,traded
33.97999954223633,-0.07298409581064735,1.0,0.2371428958953372,38.970001220703125,0.2371428958953372,0.14685114024985024,-0.02324899723866658,833,bj920508,2025-04-28,traded
14.100000381469727,-0.020567372624623936,16.0,0.05575666044119698,14.579999923706055,0.05575666044119698,0.31063822994805124,0.021985777131593887,834,bj920469,2025-04-28,operable_filtered
4.940000057220459,-0.004048579088026694,0.0,0.30691051394903734,6.429999828338623,0.30691051394903734,0.30161938337234107,0.23886635924505684,835,sz003032,2025-04-28,operable_filtered
14.149999618530273,-0.030388647568467375,2.0,0.3462098362884609,18.469999313354492,0.3462098362884609,0.3053003400202867,0.09187280747572846,836,bj920261,2025-04-28,operable_filtered
26.75,-0.052336434337580284,1.0,0.30177512833973164,33.0,0.30177512833973164,0.23364485981308403,0.016822458427643072,837,sz301212,2025-04-28,operable_filtered
3.950000047683716,-0.06329113847646661,1.0,0.5135134682331413,5.599999904632568,0.5135134682331413,0.4177214777292,0.2101266207860799,838,sz002640,2025-04-28,operable_filtered
34.970001220703125,0.0,0.0,0.31541316540666386,46.0,0.31541316540666386,0.31541316540666386,0.07263360057666612,839,sz301076,2025-04-28,operable_filtered
23.399999618530273,-0.008119681075001273,0.0,0.5019389050158423,34.86000061035156,0.5019389050158423,0.4897436401129769,0.14658121201248187,840,bj920247,2025-04-28,operable_filtered
29.0,-0.021034503805226312,0.0,0.42303636472107686,40.400001525878906,0.42303636472107686,0.393103500892376,0.196551750446188,841,bj920190,2025-04-28,operable_filtered
10.510000228881836,-0.009514783947855876,0.0,0.24783861301856147,12.989999771118164,0.24783861301856147,0.2359656982138978,0.07136060738980521,842,bj920768,2025-04-28,operable_filtered
18.59000015258789,0.0,0.0,0.28994079319026267,23.979999542236328,0.28994079319026267,0.28994079319026267,0.09951588844996273,843,bj920706,2025-04-29,traded
2.9800000190734863,-0.1375839205390884,0.0,0.43190667795614224,3.680000066757202,0.43190667795614224,0.23489934335683427,0.06711410953141472,844,sz300472,2025-04-29,filtered
42.099998474121094,-0.17102131138242282,21.0,0.0,36.97999954223633,0.0,0.09263661917413701,-0.1311163145637536,845,sz301076,2025-04-29,expired
30.549999237060547,-0.05073647383860569,0.0,0.4475861911115975,41.97999954223633,0.4475861911115975,0.37414077219713704,0.08805245527282946,846,bj920425,2025-04-29,filtered
14.210000038146973,0.0,0.0,0.22308227404009262,17.3799991607666,0.22308227404009262,0.22308227404009262,0.046446153810016044,847,bj920249,2025-04-29,breakout_support_filtered
26.600000381469727,-0.03345869489599962,0.0,0.2944379604974805,33.279998779296875,0.2944379604974805,0.25112775571539525,0.10075188972714222,848,sh688313,2025-04-29,expired
31.420000076293945,-0.01432211208933043,0.0,0.3044882925928296,40.400001525878906,0.3044882925928296,0.2858052650470957,0.11043918857188584,849,bj920190,2025-04-29,expired
6.730000019073486,-0.07578012294746583,8.0,0.27170419842866056,7.909999847412109,0.27170419842866056,0.1753342979189283,0.028231806342047472,850,sh601956,2025-04-29,filtered
27.260000228881836,-0.010271485117188228,0.0,0.3899184816995622,37.5,0.3899184816995622,0.3756419547006802,0.054291985686349076,851,bj920346,2025-04-29,breakout_support_filtered
19.290000915527344,-0.007257713341235594,0.0,0.19060050606990053,22.799999237060547,0.19060050606990053,0.18195946889291514,0.13945041467280017,852,bj920221,2025-04-29,expired
20.040000915527344,-0.010479090929510715,0.0,0.15784161234538385,22.959999084472656,0.15784161234538385,0.1457084848076453,0.03642712120191138,853,bj920720,2025-04-29,filtered
29.3799991607666,0.0,0.0,0.13989117205927637,33.4900016784668,0.13989117205927637,0.13989117205927637,0.027569822887288264,854,bj920491,2025-04-29,breakout_support_filtered
16.0,-0.1368749737739563,15.0,0.06082542892036269,14.649999618530273,0.06082542892036269,0.04999995231628418,-0.09687501192092896,855,bj920469,2025-04-29,operable_filtered
9.199999809265137,-0.045652183152327,0.0,0.3929384868099126,12.229999542236328,0.3929384868099126,0.3293478038901412,0.05652179005916813,856,bj920146,2025-04-29,operable_filtered
14.5,-0.05379308503249591,1.0,0.3462098362884609,18.469999313354492,0.3462098362884609,0.2737930560934132,0.13586202161065453,857,bj920261,2025-04-29,operable_filtered
22.799999237060547,-0.11885961294540981,20.0,0.14435040301165514,22.989999771118164,0.14435040301165514,0.5521930076262158,-0.02105261220606125,858,bj920123,2025-04-29,operable_filtered
11.390000343322754,-0.05794563487202553,17.0,0.07269345013251893,11.510000228881836,0.07269345013251893,0.14047404561610843,0.003511849047175497,859,bj920768,2025-04-29,operable_filtered
24.260000228881836,-0.031327296855382825,0.0,1.5106382978723403,59.0,1.5106382978723403,1.4319867866184008,0.7971969522990665,860,sz300879,2025-04-29,operable_filtered
6.03000020980835,-0.00829190530599544,0.0,0.5016721594639137,8.979999542236328,0.5016721594639137,0.4892204361169894,0.33665010599939404,861,sz300366,2025-04-29,operable_filtered
26.799999237060547,-0.1164178739068864,17.0,0.21959454343648166,28.8799991607666,0.21959454343648166,0.10447765761639194,-0.051119364585288984,862,bj920856,2025-04-30,expired
54.779998779296875,-0.33917485269056635,21.0,0.0,37.93000030517578,0.0,0.056955144507253586,-0.3212851198670107,863,bj920533,2025-04-30,traded
11.979999542236328,-0.03171946371340728,8.0,0.27155168232254545,14.75,0.27155168232254545,0.2312187448753935,0.10517531527773571,864,sz300561,2025-04-30,filtered
21.989999771118164,-0.17235102535819602,18.0,0.054945052641772074,19.200000762939453,0.054945052641772074,0.11687129247721395,-0.14097318843728646,865,sz002915,2025-04-30,expired
29.34000015258789,-0.036128134302306325,0.0,0.6205799405336192,45.83000183105469,0.6205799405336192,0.5620314107943971,0.1533742323311844,866,bj920876,2025-04-30,expired
27.219999313354492,-0.022777330915676575,0.0,0.36090226480437737,36.20000076293945,0.36090226480437737,0.3299045435750343,0.1344599537008977,867,bj920026,2025-04-30,expired
32.529998779296875,-0.050722400259676226,0.0,0.35945598067154116,41.97999954223633,0.35945598067154116,0.29050111028450876,0.026744628934192605,868,bj920425,2025-04-30,expired
20.200000762939453,0.0,0.0,0.3712871146896244,27.700000762939453,0.3712871146896244,0.3712871146896244,0.12574252040815748,869,bj920810,2025-04-30,breakout_support_filtered
36.75,-0.04571429401838856,13.0,0.07527799864902929,37.709999084472656,0.07527799864902929,0.1020408163265305,-0.005170030658747882,870,bj920981,2025-04-30,breakout_support_filtered
27.979999542236328,-0.022873459618265812,16.0,0.07717632035754907,29.450000762939453,0.07717632035754907,0.34024305266313726,0.033952851268114204,871,bj920346,2025-04-30,traded
19.989999771118164,-0.03201597783773458,0.0,0.2392764376997356,23.979999542236328,0.2392764376997356,0.19959979073551426,0.015007561172793338,872,bj920706,2025-04-30,breakout_support_filtered
15.399999618530273,-0.0077922005539980965,0.0,0.34031412959023655,20.479999542236328,0.34031412959023655,0.3298701330871119,0.07987010212365941,873,bj920454,2025-04-30,breakout_support_filtered
31.0,-0.04774192071730088,19.0,0.03929538717561343,30.68000030517578,0.03929538717561343,0.08032263478925161,-0.01677420831495713,874,bj920491,2025-04-30,breakout_support_filtered
32.95000076293945,-0.03429441705464853,0.0,0.2696417948882097,40.400001525878906,0.2696417948882097,0.2261001696643008,0.05189678436657208,875,bj920190,2025-04-30,expired
41.34000015258789,-0.004595999661531014,0.0,0.32150665982153326,54.380001068115234,0.32150665982153326,0.3154330156602827,0.04257373766417438,876,sz301119,2025-04-30,expired
15.350000381469727,-0.06058633759374121,13.0,0.1144243834813028,16.06999969482422,0.1144243834813028,0.1322474741920825,-0.018892505188671582,877,bj920249,2025-04-30,traded
27.8700008392334,-0.07965558499653747,14.0,0.09161794995786354,28.0,0.09161794995786354,0.05848579518060171,-0.020810904421989518,878,bj920976,2025-04-30,traded
34.7599983215332,-0.07479857881668661,13.0,0.10572144098292036,35.560001373291016,0.10572144098292036,0.09263525247952598,0.0017261615704349254,879,bj920179,2025-04-30,breakout_support_filtered
3.0899999141693115,-0.1165048236555063,5.0,0.3479853630206673,3.680000066757202,0.3479853630206673,0.19093856601174086,0.00323624295826086,880,sz300472,2025-05-06,filtered
21.93000030517578,-0.06748743828731407,0.0,0.3545232141574697,27.700000762939453,0.3545232141574697,0.2631099123332832,0.02690379135328347,881,bj920810,2025-05-06,breakout_support_filtered
28.799999237060547,-0.17777774539994518,16.0,0.21959454343648166,28.8799991607666,0.21959454343648166,0.02777781825006853,-0.12152778099716455,882,bj920856,2025-05-06,expired
33.18000030517578,-0.06419532997360988,2.0,0.3520129009256139,41.97999954223633,0.3520129009256139,0.26521998662211654,-0.007836110121732354,883,bj920425,2025-05-06,traded
12.970000267028809,-0.10562836217064508,7.0,0.27155168232254545,14.75,0.27155168232254545,0.13723976070348654,0.015420185439283252,884,sz300561,2025-05-06,filtered
21.280000686645508,-0.14473683384977243,17.0,0.06868131580221504,19.450000762939453,0.06868131580221504,0.15413527600848598,-0.12593985990130363,885,sz002915,2025-05-06,expired
30.899999618530273,-0.0974110118459931,13.0,0.12836141993731265,31.469999313354492,0.12836141993731265,0.17152107475208012,0.005501620659956297,886,bj920026,2025-05-06,expired
28.979999542236328,-0.11490683148054615,13.0,0.09161794995786354,28.0,0.09161794995786354,0.017943425327036522,-0.04485849750155757,887,bj920976,2025-05-06,traded
42.95000076293945,-0.04540164675903946,21.0,0.0,43.310001373291016,0.0,0.26612340167962145,-0.03166474007434883,888,sz301119,2025-05-06,operable_filtered
4.829999923706055,-0.03933748658833769,0.0,0.35560347906155565,6.289999961853027,0.35560347906155565,0.3022774453848678,0.200828215807616,889,sh603007,2025-05-06,operable_filtered
,,,,,,,,890,sz002231,2025-05-06,operable_filtered
32.130001068115234,-0.19078745298264077,13.0,0.138461553133451,29.600000381469727,0.138461553133451,0.17771549625434258,-0.08372239167856999,891,bj920199,2025-05-06,operable_filtered
31.010000228881836,-0.16156079303139326,18.0,0.04576925130990839,27.190000534057617,0.04576925130990839,0.017091282900149052,-0.14317963564290226,892,bj920663,2025-05-06,operable_filtered
12.890000343322754,-0.10395656453818747,20.0,0.09783550612816239,12.680000305175781,0.09783550612816239,0.12335136978776129,-0.053529908120991565,893,bj920305,2025-05-06,operable_filtered
1.7200000286102295,-0.02906980854295338,0.0,0.22754491317173464,2.049999952316284,0.22754491317173464,0.1918604175679559,0.145348834791591,894,sz002306,2025-05-06,operable_filtered
21.899999618530273,-0.06347029287033945,1.0,0.3159434163784798,26.989999771118164,0.3159434163784798,0.23242010234014265,0.03333331301150588,895,bj920961,2025-05-06,operable_filtered
16.809999465942383,-0.05294464116144715,0.0,0.31721100583286854,20.969999313354492,0.31721100583286854,0.24747174179513842,0.013682418613453873,896,bj920163,2025-05-06,operable_filtered
40.25,-0.2352794860460743,16.0,0.13157898161341985,34.83000183105469,0.13157898161341985,0.13863358586471275,-0.13590065144604035,897,bj920876,2025-05-07,expired
2.9600000381469727,-0.0777027081450552,4.0,0.3479853630206673,3.680000066757202,0.3479853630206673,0.2432432497740662,0.06418920769318759,898,sz300472,2025-05-07,filtered
20.59000015258789,-0.004371061288048539,0.0,0.35121954941168054,27.700000762939453,0.35121954941168054,0.3453132859475929,0.12141816325755506,899,bj920810,2025-05-07,breakout_support_filtered
1.590000033378601,0.0,0.0,0.314465327229118,2.0899999141693115,0.314465327229118,0.314465327229118,0.1823899092862311,900,sz002076,2025-05-07,filtered
18.5,-0.05405405405405406,12.0,0.15257143293108255,20.170000076293945,0.15257143293108255,0.30702704352301513,0.035135114515149946,901,bj920642,2025-05-07,expired
8.949999809265137,-0.13743017265767732,21.0,0.0,7.940000057220459,0.0,0.02905030552209409,-0.12290501989663027,902,sz002200,2025-05-07,expired
13.630000114440918,-0.15260454191062733,19.0,0.09783550612816239,12.680000305175781,0.09783550612816239,0.06236239329850335,-0.11592075645194255,903,bj920305,2025-05-07,filtered
21.219999313354492,-0.14231850368225263,16.0,0.06868131580221504,19.450000762939453,0.06868131580221504,0.15739869277403384,-0.11121577659607651,904,sz002915,2025-05-07,expired
9.65999984741211,-0.26086956736356637,20.0,0.05882354119716182,7.559999942779541,0.05882354119716182,0.022774355124627332,-0.24534160693532503,905,sh688280,2025-05-07,expired
26.520000457763672,-0.24208144666206088,19.0,0.05472638609916758,21.200000762939453,0.05472638609916758,0.3144796383344848,-0.2236048341937259,906,bj920247,2025-05-07,breakout_support_filtered
29.709999084472656,-0.06125882702485186,12.0,0.14628899293631292,31.969999313354492,0.14628899293631292,0.21844503125073023,0.04207337726419813,907,bj920026,2025-05-07,operable_filtered
79.55000305175781,-0.24123195103990902,21.0,0.0,68.44000244140625,0.0,0.14732863785917383,-0.20615965929264057,908,sz300652,2025-05-07,operable_filtered
20.399999618530273,-0.09656859559767095,4.0,0.4215952430332617,26.200000762939453,0.4215952430332617,0.2843137869052099,0.17254904527381898,909,sz002868,2025-05-07,operable_filtered
45.72999954223633,-0.10343318586451522,20.0,0.05634149690953705,43.310001373291016,0.05634149690953705,0.1891537636664471,-0.09206208455314524,910,sz301119,2025-05-07,operable_filtered
38.9900016784668,-0.06796618137470956,2.0,0.6235553041349786,59.0,0.6235553041349786,0.5132084498622689,0.10310326930010238,911,sz300879,2025-05-07,operable_filtered
17.420000076293945,-0.17508611810429697,14.0,0.09742523196618103,15.770000457763672,0.09742523196618103,0.010332968104904694,-0.14236512543335522,912,sz300047,2025-05-07,operable_filtered
27.18000030517578,-0.16188372219011338,20.0,0.03687445685988622,23.6200008392334,0.03687445685988622,0.10779986285054721,-0.15746875049999476,913,sh600592,2025-05-07,operable_filtered
31.0,-0.16129032258064513,12.0,0.23653852022611188,32.150001525878906,0.23653852022611188,0.03709682341544851,0.0,914,bj920199,2025-05-07,operable_filtered
17.309999465942383,-0.07452334188206067,11.0,0.12858922640941994,18.079999923706055,0.12858922640941994,0.08781054330788907,0.023108008715845285,915,bj920641,2025-05-07,operable_filtered
13.0,-0.1076922783484826,5.0,0.27155168232254545,14.75,0.27155168232254545,0.13461538461538458,0.031538449800931456,916,sz300561,2025-05-08,filtered
3.0999999046325684,-0.11935480546504618,3.0,0.3479853630206673,3.680000066757202,0.3479853630206673,0.18709683224760587,0.03225811165403902,917,sz300472,2025-05-08,filtered
23.950000762939453,-0.13987475051163933,11.0,0.18446597896564865,24.399999618530273,0.18446597896564865,0.156576195429722,0.012108517701070687,918,bj920810,2025-05-08,filtered
40.0,-0.2304999828338623,15.0,0.13157898161341985,34.83000183105469,0.13157898161341985,0.1457500457763672,-0.17849998474121098,919,bj920876,2025-05-08,breakout_support_filtered
21.81999969482422,-0.19798349015783612,11.0,0.15257143293108255,20.170000076293945,0.15257143293108255,0.10815768301368789,-0.15765355555314686,920,bj920642,2025-05-08,expired
5.21999979019165,-0.10536393410037126,5.0,0.34689504477368094,6.289999961853027,0.34689504477368094,0.20498088403603032,0.10536402544848955,921,sh603007,2025-05-08,filtered
17.5,-0.08457140241350447,10.0,0.12858922640941994,18.079999923706055,0.12858922640941994,0.07428567068917413,0.02285712105887283,922,bj920641,2025-05-08,expired
13.710000038146973,-0.15754922256762094,18.0,0.09783550612816239,12.680000305175781,0.09783550612816239,0.04303429255625546,-0.1466083313850599,923,bj920305,2025-05-08,filtered
55.68000030517578,-0.039152304116872205,1.0,0.3738317757009346,73.5,0.3738317757009346,0.320043096213269,0.11153015535984823,924,sh688159,2025-05-08,expired
22.280000686645508,-0.07315983024597694,10.0,0.14576272564096393,23.65999984741211,0.14576272564096393,0.21140031145940674,-0.018402146982780865,925,bj920961,2025-05-08,breakout_support_filtered
29.899999618530273,-0.34782607863596626,21.0,0.0,20.739999771118164,0.0,0.1658863229131069,-0.3361203801097089,926,bj920247,2025-05-08,traded
12.819999694824219,-0.09048360959637403,3.0,0.35248719246456606,15.770000457763672,0.35248719246456606,0.2301092693575062,-0.07332290193133184,927,bj920834,2025-05-08,operable_filtered
25.100000381469727,-0.11752990908786254,21.0,0.0,23.299999237060547,0.0,0.05976095526705194,-0.09960159211175335,928,bj920510,2025-05-08,operable_filtered
4.059999942779541,-0.014778311237724773,3.0,0.3700000047683716,5.480000019073486,0.3700000047683716,0.34975371830222013,0.24630542219056872,929,sz000691,2025-05-08,operable_filtered
48.0,-0.16187500953674316,21.0,0.0,41.540000915527344,0.0,0.13291668891906738,-0.15187501907348633,930,sz301119,2025-05-08,operable_filtered
31.09000015258789,-0.16371824147978353,11.0,0.30576926011305594,33.95000076293945,0.30576926011305594,0.09199101306898827,-0.021550340077376107,931,bj920199,2025-05-08,operable_filtered
27.90999984741211,-0.2045861381472599,21.0,0.0,23.18000030517578,0.0,0.07882482174730088,-0.17843065458483287,932,sh600592,2025-05-08,operable_filtered
37.400001525878906,-0.02834228155198193,1.0,0.6235553041349786,59.0,0.6235553041349786,0.5775400425899713,0.13368983411779412,933,sz300879,2025-05-08,operable_filtered
37.119998931884766,-0.17079737143508977,14.0,0.13157898161341985,34.83000183105469,0.13157898161341985,0.17510776365935543,-0.1064116615463192,934,bj920876,2025-05-09,expired
24.329999923706055,-0.15330865408684136,10.0,0.18786402234079258,24.469999313354492,0.18786402234079258,0.13851215987673804,-0.017673666523804976,935,bj920810,2025-05-09,expired
23.0,-0.10217392962911853,9.0,0.14576272564096393,23.65999984741211,0.14576272564096393,0.15608696315599535,-0.04739131098208216,936,bj920961,2025-05-09,filtered
3.9800000190734863,-0.13065326091319107,5.0,0.3728323548065322,4.75,0.3728323548065322,0.19346733096392388,0.04773870761555665,937,sz002259,2025-05-09,expired
3.0999999046325684,-0.11935480546504618,2.0,0.3479853630206673,3.680000066757202,0.3479853630206673,0.18709683224760587,0.029032308179557154,938,sz300472,2025-05-09,filtered
19.200000762939453,-0.08854170288476537,10.0,0.15257143293108255,20.170000076293945,0.15257143293108255,0.23385414545320882,-0.048958359203403856,939,bj920642,2025-05-09,expired
25.899999618530273,-0.24710423601517606,20.0,0.06358973185221362,20.739999771118164,0.06358973185221362,0.3459459893354908,-0.22548263469508456,940,bj920247,2025-05-09,filtered
27.739999771118164,-0.08363373157773835,4.0,0.35955945198917627,34.560001373291016,0.35955945198917627,0.24585442171753646,0.07570297039642249,941,bj920284,2025-05-09,breakout_support_filtered
14.899999618530273,-0.21610734199952353,15.0,0.061643775217663066,12.399999618530273,0.061643775217663066,0.0402684830087876,-0.18322145047850769,942,sh603610,2025-05-09,operable_filtered
40.27000045776367,-0.08070523871507507,10.0,0.09184218447162684,40.41999816894531,0.09184218447162684,0.21678667601190127,-0.046188244082648655,943,sz002977,2025-05-09,operable_filtered
24.700000762939453,-0.15465593053359272,10.0,0.5402299396563466,32.15999984741211,0.5402299396563466,0.302024245103095,0.2668016173698142,944,sh603657,2025-05-09,operable_filtered
,,,,,,,,945,sz300344,2025-05-09,operable_filtered
29.18000030517578,-0.10897876188889999,10.0,0.30576926011305594,33.95000076293945,0.30576926011305594,0.16346814283334998,0.06134335124942436,946,bj920199,2025-05-09,operable_filtered
25.110000610351562,-0.0031859785647745387,0.0,0.7299240131528564,43.29999923706055,0.7299240131528564,0.7244125123282628,0.3221823956966692,947,bj920169,2025-05-09,operable_filtered
15.029999732971191,-0.12774451832371336,20.0,0.056445518243440906,13.850000381469727,0.056445518243440906,0.2541583976291517,-0.11244175717954019,948,sz300581,2025-05-09,operable_filtered
11.90999984741211,-0.0931989648109387,10.0,0.17407408159619653,12.680000305175781,0.17407408159619653,0.06633081208852265,-0.044500397964854166,949,bj920223,2025-05-09,operable_filtered
8.699999809265137,-0.1183907765002804,20.0,0.04432857225630893,8.010000228881836,0.04432857225630893,0.035632232921035456,-0.08965514368638539,950,sz002200,2025-05-09,operable_filtered
27.979999542236328,-0.20657608555610807,20.0,0.05315307915651202,23.3799991607666,0.05315307915651202,0.07612584356550678,-0.1786990736884183,951,sh600592,2025-05-09,operable_filtered
4.25,-0.05882352941176472,2.0,0.3700000047683716,5.480000019073486,0.3700000047683716,0.28941176919376144,0.15999995960908775,952,sz000691,2025-05-09,operable_filtered
5.769999980926514,-0.19757363435944775,18.0,0.08855288062160604,5.039999961853027,0.08855288062160604,0.013864804847574463,-0.18717503072376696,953,sh603398,2025-05-12,filtered
39.0099983215332,-0.19533451063181895,11.0,0.17234787998104206,36.79999923706055,0.17234787998104206,0.07613435910002875,-0.062035331275815286,954,bj920425,2025-05-12,filtered
39.20000076293945,-0.21479591613310378,13.0,0.13157898161341985,34.83000183105469,0.13157898161341985,0.1127550531357151,-0.13520405953847026,955,bj920876,2025-05-12,expired
25.049999237060547,-0.1776446703043093,9.0,0.18786402234079258,24.469999313354492,0.18786402234079258,0.022355344924023468,-0.06107779744093955,956,bj920810,2025-05-12,expired
7.920000076293945,-0.012626250463290689,0.0,0.7391304453872378,13.600000381469727,0.7391304453872378,0.7171717487954443,0.7171717487954443,957,sh603389,2025-05-12,expired
27.5,-0.0756363608620384,3.0,0.35955945198917627,34.560001373291016,0.35955945198917627,0.2567273226651279,0.106909110329368,958,bj920284,2025-05-12,filtered
4.460000038146973,-0.10313902112388595,1.0,0.3700000047683716,5.480000019073486,0.3700000047683716,0.22869954533684278,0.04932730679595587,959,sz000691,2025-05-12,expired
23.989999771118164,-0.13922468463751114,8.0,0.14576272564096393,23.65999984741211,0.14576272564096393,0.05043772419197867,-0.08295122092972873,960,bj920961,2025-05-12,expired
26.34000015258789,-0.1590736715939598,19.0,0.0519187195636881,23.299999237060547,0.0519187195636881,0.009870927387078732,-0.13439638933257714,961,bj920510,2025-05-12,traded
46.0,-0.181956498519234,9.0,0.1161307150636135,42.0,0.1161307150636135,0.03434786589249317,-0.16586958843728772,962,bj920008,2025-05-12,traded
26.100000381469727,-0.31954023106103313,12.0,0.4639639450971422,26.0,0.4639639450971422,0.04214560786944266,-0.1440613093458547,963,bj920363,2025-05-12,traded
34.09000015258789,-0.18187153813986678,9.0,0.14628899293631292,31.969999313354492,0.14628899293631292,0.06189500149331573,-0.07773539473947766,964,bj920026,2025-05-12,operable_filtered
7.119999885559082,-0.07865167862085831,1.0,0.4405487639777437,9.449999809265137,0.4405487639777437,0.32724718555569154,0.10252809421445153,965,sz002693,2025-05-12,operable_filtered
1.9199999570846558,-0.06770833236320561,0.0,0.16759774229588298,2.0899999141693115,0.16759774229588298,0.08854164629398498,-0.015624985448084439,966,sz002076,2025-05-12,operable_filtered
18.06999969482422,-0.2767017202237224,21.0,0.0,13.319999694824219,0.0,0.04316550635409944,-0.270614248601735,967,sz300581,2025-05-12,operable_filtered
95.66999816894531,-0.20518446356351983,13.0,0.1354549618404861,86.33999633789062,0.1354549618404861,0.01965093465866463,-0.1731995402107458,968,sz302132,2025-05-12,operable_filtered
22.200000762939453,-0.2319820427428222,19.0,0.09970679407681526,18.75,0.09970679407681526,0.012162096447571935,-0.16621623456057177,969,bj920221,2025-05-12,operable_filtered
10.65999984741211,-0.12757970695538123,8.0,0.29032255418177466,12.0,0.29032255418177466,0.1257035808413447,0.044090081965893146,970,bj920146,2025-05-12,operable_filtered
27.969999313354492,-0.09545942587918244,7.0,0.19841899640890714,30.31999969482422,0.19841899640890714,0.20343227292611643,0.03146231997564164,971,bj920262,2025-05-13,expired
37.41999816894531,-0.1611437486467101,10.0,0.17234787998104206,36.79999923706055,0.17234787998104206,0.007215405424251031,-0.060929954325573354,972,bj920425,2025-05-13,filtered
38.31999969482422,-0.25626304209367157,8.0,0.4322806910464638,40.81999969482422,0.4322806910464638,0.11612736947752378,0.042536562659091004,973,bj920169,2025-05-13,expired
5.400000095367432,-0.17407408159619642,21.0,0.0,4.679999828338623,0.0,0.08333329654034327,-0.17407408159619642,974,sh603398,2025-05-13,filtered
22.700000762939453,-0.09251102691142798,8.0,0.18786402234079258,24.469999313354492,0.18786402234079258,0.1281938215686338,-0.029515420871165876,975,bj920810,2025-05-13,expired
27.979999542236328,-0.09149390664134982,2.0,0.35955945198917627,34.560001373291016,0.35955945198917627,0.2351680464155137,0.032165819630257886,976,bj920284,2025-05-13,traded
24.729999542236328,-0.28184389172553126,11.0,0.5202702506778014,27.0,0.5202702506778014,0.091791366752221,0.031136290821542012,977,bj920363,2025-05-13,traded
19.1200008392334,-0.09832641138056619,7.0,0.1131090944795865,19.190000534057617,0.1131090944795865,0.03661081720009407,-0.06589959066823736,978,bj920770,2025-05-13,traded
36.470001220703125,-0.15601865488360733,12.0,0.13157898161341985,34.83000183105469,0.13157898161341985,0.19605147989747707,-0.12558271669195153,979,bj920876,2025-05-13,operable_filtered
18.100000381469727,-0.11602211807794482,6.0,0.7481249570846558,27.969999313354492,0.7481249570846558,0.5453037968987777,0.22928174204785812,980,bj920454,2025-05-13,operable_filtered
16.0,-0.0587499737739563,0.0,0.357237713448739,20.440000534057617,0.357237713448739,0.2775000333786011,0.14374995231628418,981,sz002816,2025-05-13,operable_filtered
13.09000015258789,-0.17494269940098472,8.0,0.1379629393336872,12.289999961853027,0.1379629393336872,0.023682159077828224,-0.10160427106206826,982,bj920339,2025-05-13,operable_filtered
9.5,-0.04631574530350535,0.0,0.7041941352400642,15.4399995803833,0.7041941352400642,0.6252631137245579,0.2810526396098889,983,bj920571,2025-05-13,operable_filtered
,,,,,,,,984,sz300344,2025-05-13,operable_filtered
15.489999771118164,-0.04002581631505908,13.0,0.1970409800975801,17.799999237060547,0.1970409800975801,0.19238215534338976,0.05745638494507177,985,bj920261,2025-05-13,operable_filtered
21.860000610351562,-0.1326624631705473,21.0,0.0,19.90999984741211,0.0,0.005946896483847386,-0.12442823169067518,986,bj920167,2025-05-13,operable_filtered
16.510000228881836,-0.20835860002229667,20.0,0.21040551371160432,15.819999694824219,0.21040551371160432,0.046638428048999536,-0.0417928845846145,987,sz300581,2025-05-13,score_filtered
30.030000686645508,-0.07126211282268602,8.0,0.14628899293631292,31.969999313354492,0.14628899293631292,0.06460201739428229,0.002330992115339825,988,bj920026,2025-05-13,score_filtered
29.110000610351562,-0.13088290255604373,6.0,0.19841899640890714,30.31999969482422,0.19841899640890714,0.1563036462267391,-0.01751976015763046,989,bj920262,2025-05-14,expired
38.0,-0.25,7.0,0.514035141258909,43.150001525878906,0.514035141258909,0.13552635594418172,0.05026315387926594,990,bj920169,2025-05-14,expired
37.880001068115234,-0.18743400689727052,11.0,0.13157898161341985,34.83000183105469,0.13157898161341985,0.15153109033571455,-0.10770859862749449,991,bj920876,2025-05-14,traded
35.47999954223633,-0.11527621773836405,9.0,0.17234787998104206,36.79999923706055,0.17234787998104206,0.06228858830287787,-0.012965025096042138,992,bj920425,2025-05-14,traded
20.280000686645508,-0.18491123634277762,6.0,0.3587415699636334,22.459999084472656,0.3587415699636334,0.10749498639133126,-0.05078898677374155,993,bj920163,2025-05-14,traded
103.0,-0.4422330023015587,20.0,0.06701476802424522,61.29999923706055,0.06701476802424522,0.009708737864077666,-0.41699029866931503,994,sz301396,2025-05-14,expired
27.649999618530273,-0.2947558673045466,17.0,0.06358973185221362,20.739999771118164,0.06358973185221362,0.2607595331389929,-0.2763110124793029,995,bj920247,2025-05-14,traded
5.050000190734863,-0.1584158733701848,21.0,0.0,4.409999847412109,0.0,0.15841577894698866,-0.1287128853103756,996,sh603398,2025-05-14,filtered
14.5,-0.0655172282251818,21.0,0.0,13.989999771118164,0.0,0.21379312975653297,-0.0358621005354256,997,bj920077,2025-05-14,filtered
32.29999923706055,-0.14860679103524865,9.0,0.3421818126331677,36.90999984741211,0.3421818126331677,0.14272448047187924,0.09597530532636855,998,bj920171,2025-05-14,traded
22.010000228881836,-0.185370280839535,21.0,0.0,18.850000381469727,0.0,0.08950473843109874,-0.15129486093036848,999,bj920706,2025-05-14,operable_filtered
18.020000457763672,-0.07325192349013032,10.0,0.1964071035598891,19.979999542236328,0.1964071035598891,0.10876798194687165,-0.0016648549324860262,1000,bj920271,2025-05-14,operable_filtered
22.93000030517578,-0.22546881846865774,10.0,0.5202702506778014,27.0,0.5202702506778014,0.17749671350442742,0.08155250357596677,1001,bj920363,2025-05-14,operable_filtered
30.860000610351562,-0.09624112644077132,7.0,0.14628899293631292,31.969999313354492,0.14628899293631292,0.035968849029464955,-0.017174357620321157,1002,bj920026,2025-05-14,operable_filtered
19.15999984741211,-0.10020877304721243,6.0,0.1131090944795865,19.190000534057617,0.1131090944795865,0.03444675640231032,-0.05427969814515321,1003,bj920770,2025-05-14,operable_filtered
1.9800000190734863,-0.0909091237491153,21.0,0.0,1.850000023841858,0.0,0.05555550203847881,-0.0757575629864552,1004,sz002076,2025-05-14,operable_filtered
17.700000762939453,-0.16836160268140876,7.0,0.21535319735829628,17.889999389648438,0.21535319735829628,0.09039539012174491,-0.07231641985720105,1005,bj920957,2025-05-14,operable_filtered
35.599998474121094,-0.1994381679336963,6.0,0.514035141258909,43.150001525878906,0.514035141258909,0.21207874649899705,0.1179775545774977,1006,bj920169,2025-05-15,expired
39.849998474121094,-0.22760346636815343,10.0,0.13320338823931843,34.880001068115234,0.13320338823931843,0.0946047829891874,-0.14579668208436214,1007,bj920876,2025-05-15,traded
16.81999969482422,-0.1878715757875128,9.0,0.3060029540167004,17.84000015258789,0.3060029540167004,0.06064212106243638,-0.11712243454800375,1008,bj920519,2025-05-15,expired
22.200000762939453,-0.19234235635216668,20.0,0.051310655919418524,18.850000381469727,0.051310655919418524,0.05675667919960792,-0.16666669530553402,1009,bj920706,2025-05-15,traded
7.21999979019165,-0.04432128865972229,0.0,0.36956517081930773,9.449999809265137,0.36956517081930773,0.30886427754512336,0.02631579816367502,1010,sz002693,2025-05-15,filtered
16.31999969482422,-0.09803918245800214,6.0,0.21535319735829628,17.889999389648438,0.21535319735829628,0.09620096349156992,-0.031249956173054483,1011,bj920957,2025-05-15,operable_filtered
15.25,-0.11147539732886147,20.0,0.05092247754026635,14.239999771118164,0.05092247754026635,0.14032782882940564,-0.0760655637647285,1012,bj920077,2025-05-15,operable_filtered
73.0,-0.3657534351087597,21.0,0.0,48.34000015258789,0.0,0.25986303042059067,-0.3552054836325449,1013,sz300946,2025-05-15,operable_filtered
13.0,-0.2623076805701623,11.0,0.4911365967888921,14.300000190734863,0.4911365967888921,0.11076919849102307,0.0007692483755259438,1014,bj920571,2025-05-15,operable_filtered
35.11000061035156,-0.43634290596700787,21.0,0.0,20.729999542236328,0.0,0.0,-0.43235545546245946,1015,bj920123,2025-05-15,operable_filtered
5.170000076293945,-0.17794972199564008,20.0,0.087058796602137,4.619999885559082,0.087058796602137,0.13152801127733693,-0.10638301404612838,1016,sh603398,2025-05-15,operable_filtered
15.15999984741211,-0.11609500307364962,1.0,0.6074628006511746,21.540000915527344,0.6074628006511746,0.4208444018687991,0.09960423773616345,1017,sh603332,2025-05-15,operable_filtered
8.979999542236328,-0.10022267977823773,6.0,0.2252474891100542,9.899999618530273,0.2252474891100542,0.10244990235988749,0.013363123090261775,1018,bj920970,2025-05-15,operable_filtered
16.15999984741211,-0.10829208023044923,11.0,0.11034005339517328,16.0,0.11034005339517328,0.0674505051287142,-0.030940594351556938,1019,bj920304,2025-05-15,operable_filtered
11.5,-0.07304349152938183,11.0,0.11350844798001747,11.869999885559082,0.11350844798001747,0.24608694988748292,-0.03826083307680872,1020,bj920275,2025-05-15,operable_filtered
12.199999809265137,-0.1016393270905186,14.0,0.1405109449354891,12.5,0.1405109449354891,0.2778688849444293,-0.05327865808953858,1021,sz002651,2025-05-15,operable_filtered
39.0,-0.2692307692307693,5.0,0.7087719565943669,48.70000076293945,0.7087719565943669,0.24871796828049875,0.19743591699844742,1022,bj920169,2025-05-16,filtered
41.0,-0.2492682759354754,9.0,0.16569201649441356,35.880001068115234,0.16569201649441356,0.0,-0.13536583505025723,1023,bj920876,2025-05-16,traded
2.319999933242798,-0.004310340840949611,0.0,0.24242422365851368,2.869999885559082,0.24242422365851368,0.23706895178549314,0.0732758970627756,1024,sz002630,2025-05-16,filtered
29.40999984741211,-0.3369602141730077,15.0,0.06358973185221362,20.739999771118164,0.06358973185221362,0.04896295618934965,-0.31077862757801744,1025,bj920247,2025-05-16,traded
15.600000381469727,-0.1698718273976686,10.0,0.2996139128639179,16.829999923706055,0.2996139128639179,0.0788461225742898,-0.03461538132360942,1026,bj920010,2025-05-16,traded
18.239999771118164,-0.08442977124469031,8.0,0.1964071035598891,19.979999542236328,0.1964071035598891,0.09539472549080497,-0.04989034313767016,1027,bj920271,2025-05-16,expired
1.659999966621399,0.0,0.0,0.44578321905159823,2.4000000953674316,0.44578321905159823,0.44578321905159823,0.08433734247587221,1028,sz002717,2025-05-16,operable_filtered
4.599999904632568,-0.20652170194795239,10.0,0.27671225360420304,4.659999847412109,0.27671225360420304,0.17826091057862214,-0.08260872224328253,1029,sh600798,2025-05-16,operable_filtered
29.469999313354492,-0.35493720149944663,21.0,0.0,19.899999618530273,0.0,0.17746866547142925,-0.34340003962262844,1030,bj920123,2025-05-16,operable_filtered
27.010000228881836,-0.14476119267970755,21.0,0.0,24.600000381469727,0.0,0.2587930289479874,-0.1288411518973317,1031,bj920429,2025-05-16,operable_filtered
29.889999389648438,-0.1301438430606201,5.0,0.8476923429048979,48.040000915527344,0.8476923429048979,0.6072265606055733,0.34894615316679856,1032,bj920199,2025-05-16,operable_filtered
29.75,-0.07563025210084029,7.0,0.3421818126331677,36.90999984741211,0.3421818126331677,0.24067226377855833,0.0568067406405921,1033,bj920171,2025-05-16,operable_filtered
26.6200008392334,-0.049586835483017344,1.0,0.8537550569241807,46.900001525878906,0.8537550569241807,0.7618332098906699,0.4624342253137541,1034,bj920895,2025-05-16,operable_filtered
58.130001068115234,-0.20953036437937733,21.0,0.0,49.33000183105469,0.0,0.09822809185538861,-0.1894030953711704,1035,sh605198,2025-05-16,operable_filtered
12.989999771118164,-0.261739775091436,10.0,0.4911365967888921,14.300000190734863,0.4911365967888921,0.1116243136885231,-0.008468026067392054,1036,bj920571,2025-05-16,operable_filtered
20.0,-0.06599998474121094,3.0,0.3372590542900027,24.979999542236328,0.3372590542900027,0.24899997711181632,-0.026500034332275435,1037,bj920300,2025-05-16,operable_filtered
49.0,-0.2583673438247369,21.0,0.0,37.310001373291016,0.0,0.0022449104153379196,-0.24448978657625164,1038,sh603040,2025-05-16,operable_filtered
17.520000457763672,-0.15125573647061696,10.0,0.1970409800975801,17.799999237060547,0.1970409800975801,0.04337900736441225,-0.1050228370155395,1039,bj920261,2025-05-16,operable_filtered
35.099998474121094,-0.18803415273613788,4.0,0.7775438542951618,50.65999984741211,0.7775438542951618,0.4433049017014421,0.2820513377850453,1040,bj920169,2025-05-19,expired
16.110000610351562,-0.1589075308893383,18.0,0.06494465697813334,14.430000305175781,0.06494465697813334,0.07386707520944125,-0.1495965679565442,1041,bj920077,2025-05-19,filtered
18.540000915527344,-0.05825252307027562,12.0,0.1689576699670572,20.40999984741211,0.1689576699670572,0.10248109626246094,-0.04476816559159702,1042,sz002816,2025-05-19,expired
13.010000228881836,-0.18908531859098987,21.0,0.0,11.3100004196167,0.0,0.07532663528020223,-0.18370486558616805,1043,bj920371,2025-05-19,traded
,,,,,,,,1044,sz300344,2025-05-19,filtered
21.299999237060547,-0.1408450754674303,21.0,0.0,19.399999618530273,0.0,0.17276997356754986,-0.1408450754674303,1045,bj920300,2025-05-19,filtered
29.8799991607666,-0.22690759604167698,20.0,0.06493506386273751,24.600000381469727,0.06493506386273751,0.1378849047841706,-0.20682726142581975,1046,bj920429,2025-05-19,filtered
10.8100004196167,-0.016651276428180206,21.0,0.0,11.0600004196167,0.0,0.5689175232311436,-0.008325638214090048,1047,sh605136,2025-05-19,expired
13.0,-0.2623076805701623,9.0,0.4911365967888921,14.300000190734863,0.4911365967888921,0.10000001467191266,-0.021538440997783903,1048,bj920571,2025-05-19,expired
23.860000610351562,-0.1445934901377448,21.0,0.0,21.639999389648438,0.0,0.23428331976499162,-0.13746859190030758,1049,bj920436,2025-05-19,operable_filtered
14.800000190734863,-0.11081083258022062,6.0,0.13525833993996783,14.9399995803833,0.13525833993996783,0.14864863384545002,-0.09797295882285662,1050,bj920198,2025-05-19,operable_filtered
3.759999990463257,-0.10904257629537217,12.0,0.15820902235711576,3.880000114440918,0.15820902235711576,0.031914926670751464,-0.05053193023999181,1051,sz300044,2025-05-19,operable_filtered
13.180000305175781,-0.32094084961815406,21.0,0.0,9.699999809265137,0.0,0.059939297690516424,-0.32018210692845095,1052,bj920305,2025-05-19,operable_filtered
3.1600000858306885,-0.09810132049937226,20.0,0.06315792027382838,3.0299999713897705,0.06315792027382838,0.16455695151977134,-0.07911392190177136,1053,sz300472,2025-05-19,operable_filtered
7.78000020980835,-0.06298203531377444,21.0,0.0,7.579999923706055,0.0,0.21465289902581186,-0.05912596731900399,1054,sz002693,2025-05-19,operable_filtered
24.530000686645508,-0.14472079270433336,21.0,0.0,22.549999237060547,0.0,0.027313496026875494,-0.13819817375066923,1055,bj920405,2025-05-20,expired
18.739999771118164,-0.11739588486982955,21.0,0.0,17.1200008392334,0.0,0.06616861186034995,-0.11526146605087328,1056,bj920271,2025-05-20,traded
6.800000190734863,-0.14264709409132859,2.0,0.3053173641684761,7.610000133514404,0.3053173641684761,0.11911763530289043,-0.061764715369597156,1057,bj920873,2025-05-20,traded
31.049999237060547,-0.08212558131134917,3.0,0.7775438542951618,50.65999984741211,0.7775438542951618,0.6315620319547555,0.28921094244401835,1058,bj920169,2025-05-20,operable_filtered
24.81999969482422,-0.11804997345696111,21.0,0.0,22.709999084472656,0.0,0.05560036603880425,-0.1103948350043511,1059,sz002868,2025-05-20,expired
16.3799991607666,-0.20573865107127676,20.0,0.1068408428281713,14.399999618530273,0.1068408428281713,0.03052503208898827,-0.15995110293779446,1060,bj920427,2025-05-20,traded
20.8799991607666,-0.1384099380175613,6.0,0.08949419849000328,19.600000381469727,0.08949419849000328,0.011015395537808947,-0.12452100472333716,1061,bj920857,2025-05-20,traded
31.5,-0.17460317460317465,3.0,0.8476923429048979,48.040000915527344,0.8476923429048979,0.5250793941437253,0.06857142372736846,1062,bj920199,2025-05-20,traded
26.65999984741211,-0.024756183465476478,3.0,0.2730768643892729,33.099998474121094,0.2730768643892729,0.296324139951027,0.07464365275723495,1063,bj920284,2025-05-20,traded
18.709999084472656,-0.11972206738252222,21.0,0.0,17.59000015258789,0.0,0.09567081791109522,-0.11223936808547863,1064,bj920476,2025-05-20,expired
23.5,-0.1319149098497756,21.0,0.0,21.170000076293945,0.0,0.2531915218272107,-0.1102127724505485,1065,bj920436,2025-05-20,traded
1.8200000524520874,-0.05494506646146946,21.0,0.0,1.809999942779541,0.0,0.31868133307683677,-0.04945056636528333,1066,sz002717,2025-05-20,filtered
15.3100004196167,-0.16133247546250862,21.0,0.0,13.5,0.0,0.01241016167052833,-0.16133247546250862,1067,bj920198,2025-05-20,operable_filtered
25.899999618530273,-0.06949804106455393,5.0,0.19460582820835626,28.790000915527344,0.19460582820835626,0.11158306330357659,0.020463347276125754,1068,sz300756,2025-05-20,operable_filtered
39.0,-0.13128202389448118,2.0,0.3866587385219895,46.97999954223633,0.3866587385219895,0.20461537287785458,-0.08410253280248392,1069,bj920128,2025-05-20,operable_filtered
15.579999923706055,-0.13478821513178763,21.0,0.0,13.920000076293945,0.0,0.11039790255309256,-0.12130939361860882,1070,bj920077,2025-05-20,operable_filtered
8.59000015258789,-0.27823053560746724,20.0,0.03870971860300254,6.440000057220459,0.03870971860300254,0.08265425209952681,-0.2514552137229624,1071,sz002510,2025-05-21,expired
16.100000381469727,-0.14906835499003257,7.0,0.7868613053323412,24.479999542236328,0.7868613053323412,0.5204968299511068,0.40496896293666285,1072,bj920719,2025-05-21,expired
13.069999694824219,-0.15990820209548595,21.0,0.0,11.5,0.0,0.12853866445314988,-0.12777353598219843,1073,sz300561,2025-05-21,filtered
29.790000915527344,-0.12722392746056932,2.0,0.2730768643892729,33.099998474121094,0.2730768643892729,0.111111025742483,-0.027190377589710657,1074,bj920284,2025-05-21,traded
8.739999771118164,-0.2608695414965093,20.0,0.10061920921503309,7.110000133514404,0.10061920921503309,0.0,-0.18649881925514322,1075,sh600698,2025-05-21,expired
2.5399999618530273,-0.04330704596372359,2.0,0.1810698793062393,2.869999885559082,0.1810698793062393,0.1299212317567544,-0.003937004178520276,1076,sz002630,2025-05-21,filtered
1.9500000476837158,-0.143589786539572,21.0,0.0,1.7699999809265137,0.0,0.23076924957937472,-0.10256412450927044,1077,sz002717,2025-05-21,filtered
13.59000015258789,-0.1309786396604442,7.0,0.34462316259225956,15.880000114440918,0.34462316259225956,0.16850624990000096,0.1265636679703257,1078,bj920175,2025-05-21,traded
48.68000030517578,-0.24732951602400088,19.0,0.07723804252721189,39.470001220703125,0.07723804252721189,0.027115852229850468,-0.1998767354404024,1079,bj920174,2025-05-21,expired
25.489999771118164,-0.1675166926679168,21.0,0.0,22.200000762939453,0.0,0.027854099576170466,-0.13338562766025186,1080,sz002868,2025-05-21,expired
8.5,-0.1800000246833352,21.0,0.0,7.380000114440918,0.0,0.11176468344295731,-0.13294118993422566,1081,sz002693,2025-05-21,filtered
14.050000190734863,-0.10462635210483384,21.0,0.0,13.180000305175781,0.0,0.06334515142820707,-0.06405697935848331,1082,bj920198,2025-05-21,operable_filtered
14.800000190734863,-0.09121624081564927,21.0,0.0,14.140000343322754,0.0,0.16891885230452486,-0.045270274841846314,1083,bj920077,2025-05-21,operable_filtered
10.300000190734863,-0.0689320412620611,7.0,0.760166724941238,16.8799991607666,0.760166724941238,0.6388348396294818,0.4067960682323406,1084,bj920571,2025-05-21,operable_filtered
18.899999618530273,-0.12645499671360794,7.0,0.36281039903558177,22.5,0.36281039903558177,0.21693124149325005,-0.07301583008571055,1085,bj920931,2025-05-21,operable_filtered
20.6200008392334,-0.04461687870271436,1.0,0.5289339935405752,30.1200008392334,0.5289339935405752,0.46071773100631885,0.0741997437936941,1086,sz300945,2025-05-21,operable_filtered
7.360000133514404,-0.16711956477725776,21.0,0.0,6.5,0.0,0.12771739676200355,-0.129076123487605,1087,sh600696,2025-05-21,operable_filtered
18.8799991607666,-0.12552961002295582,6.0,0.36281039903558177,22.5,0.36281039903558177,0.19173734110941631,-0.062499917917328784,1088,bj920931,2025-05-22,expired
2.049999952316284,-0.18536585564417618,20.0,0.09580843709122178,1.8300000429153442,0.09580843709122178,0.17073178106940157,-0.12682926659070615,1089,sz002717,2025-05-22,filtered
44.0,-0.16727274114435364,18.0,0.13482539638911417,41.58000183105469,0.13482539638911417,0.011136401783336192,-0.06977272033691406,1090,bj920174,2025-05-22,expired
14.15999984741211,-0.0324858787502772,6.0,0.7956204907997924,24.600000381469727,0.7956204907997924,0.7372881812541572,0.5254237721914494,1091,bj920719,2025-05-22,breakout_support_filtered
24.65999984741211,-0.13949718391497157,20.0,0.07445805724940358,22.799999237060547,0.07445805724940358,0.06244934813691638,-0.08759123523022994,1092,sz002868,2025-05-22,expired
6.869999885559082,-0.2634643337599186,20.0,0.04150198429283303,5.269999980926514,0.04150198429283303,0.04366815076161368,-0.23580784753204487,1093,sh600770,2025-05-22,expired
22.799999237060547,-0.11315789517713493,20.0,0.10880320660972731,22.420000076293945,0.10880320660972731,0.28333338631524163,-0.04868415526956105,1094,bj920436,2025-05-22,traded
29.200000762939453,-0.1095890643606039,0.0,1.020000017606295,52.52000045776367,1.020000017606295,0.798630105668418,0.30273972334300714,1095,bj920895,2025-05-22,expired
27.200000762939453,-0.04411767387060073,1.0,0.3653846153846154,35.5,0.3653846153846154,0.30514702221514134,0.21985291818021557,1096,bj920284,2025-05-22,traded
12.720000267028809,-0.22169815953606442,6.0,0.28080816098639594,12.680000305175781,0.28080816098639594,0.06132073243685454,-0.0959119686649017,1097,sz002040,2025-05-22,operable_filtered
28.899999618530273,-0.34152245889845134,20.0,0.09984233052937386,20.93000030517578,0.09984233052937386,0.003460220857774976,-0.27820066139459654,1098,bj920392,2025-05-22,operable_filtered
13.989999771118164,-0.08220154662935775,3.0,0.16744545116667653,14.989999771118164,0.16744545116667653,0.07147962947536723,0.03788425270311113,1099,bj920580,2025-05-22,operable_filtered
35.279998779296875,-0.10714282624961613,0.0,0.5238095238095237,48.0,0.5238095238095237,0.3605442647624897,0.009070286448309206,1100,bj920075,2025-05-22,operable_filtered
13.359999656677246,-0.24625748850290619,20.0,0.05163857731107391,10.59000015258789,0.05163857731107391,0.1362275969512401,-0.21032930674799544,1101,sz002811,2025-05-22,operable_filtered
22.600000381469727,-0.07743362701156709,20.0,0.15011986107915676,23.979999542236328,0.15011986107915676,0.061061908737757964,0.04734511844086242,1102,bj920405,2025-05-22,operable_filtered
49.060001373291016,-0.03424378838461262,2.0,0.3362178122848547,63.310001373291016,0.3362178122848547,0.290460652285222,0.0856093932057802,1103,sz300765,2025-05-22,operable_filtered
42.540000915527344,-0.1386930277127797,17.0,0.13482539638911417,41.58000183105469,0.13482539638911417,0.03784674602025939,-0.03149976783613051,1104,bj920174,2025-05-23,expired
18.700000762939453,-0.1171123232464174,5.0,0.36281039903558177,22.5,0.36281039903558177,0.20320850706014748,-0.054545476799399806,1105,bj920931,2025-05-23,traded
2.180000066757202,-0.23394499727295093,19.0,0.09580843709122178,1.8300000429153442,0.09580843709122178,0.10091744122626767,-0.19266057955617621,1106,sz002717,2025-05-23,filtered
14.670000076293945,-0.06612135391848328,5.0,0.7956204907997924,24.600000381469727,0.7956204907997924,0.6768916328243386,0.3715065258756478,1107,bj920719,2025-05-23,expired
12.380000114440918,-0.11873992354120377,18.0,0.06782766099613591,11.649999618530273,0.06782766099613591,0.18739900431164003,-0.07108239954007944,1108,bj920946,2025-05-23,expired
15.380000114440918,-0.12548766520252652,19.0,0.07063195708082626,14.399999618530273,0.07063195708082626,0.12483739325963095,-0.06762028310237322,1109,bj920077,2025-05-23,operable_filtered
17.100000381469727,-0.21403512979172534,18.0,0.09970239541850301,14.779999732971191,0.09970239541850301,0.13157894443313545,-0.14502926553136664,1110,bj920263,2025-05-23,operable_filtered
14.100000381469727,-0.2517730563610684,18.0,0.05971564957829978,11.180000305175781,0.05971564957829978,0.04113474524924787,-0.2198581771347864,1111,sz002651,2025-05-23,operable_filtered
39.97999954223633,-0.07003499922761447,0.0,0.5045723014402894,55.939998626708984,0.5045723014402894,0.3991995814710285,0.1625812925068486,1112,sz300920,2025-05-23,operable_filtered
15.15999984741211,-0.09234826072701185,18.0,0.08793604782122166,14.970000267028809,0.08793604782122166,0.08641157514035247,-0.020448513790407574,1113,bj920670,2025-05-23,operable_filtered
15.760000228881836,-0.23667515493274116,17.0,0.21778885650166102,14.649999618530273,0.21778885650166102,0.13895942273174677,-0.11104060752441758,1114,sz000695,2025-05-23,operable_filtered
13.789999961853027,-0.24945609788972412,19.0,0.049275290474443345,10.859999656677246,0.049275290474443345,0.22987665927401935,-0.24147932798533434,1115,sh605136,2025-05-23,operable_filtered
28.0,-0.320357118334089,19.0,0.14135567680755345,21.719999313354492,0.14135567680755345,0.0028571401323591594,-0.25392859322684147,1116,bj920392,2025-05-23,score_filtered
16.520000457763672,-0.05084746545470753,0.0,1.7519133090600518,43.150001525878906,1.7519133090600518,1.6119854921432708,1.0569006416865578,1117,sz300204,2025-05-23,score_filtered
4.380000114440918,-0.114155248158897,18.0,0.09278341393273903,4.239999771118164,0.09278341393273903,0.08447485750952088,-0.059360781298752,1118,sz002259,2025-05-23,score_filtered
53.47999954223633,-0.07442033613132493,0.0,0.3874747536399148,68.68000030517578,0.3874747536399148,0.2842184161003052,0.01907255920894535,1119,sh688336,2025-05-23,score_filtered
6.5,-0.22153847034160912,19.0,0.043478314133726714,5.28000020980835,0.043478314133726714,0.021538440997783903,-0.19076919555664062,1120,sh600770,2025-05-23,score_filtered
36.79999923706055,-0.15923909849164997,19.0,0.08468005151937197,33.560001373291016,0.08468005151937197,0.0978261511808094,-0.08831521922225993,1121,bj920190,2025-05-23,score_filtered
14.989999771118164,-0.0860573703502332,4.0,0.7956204907997924,24.600000381469727,0.7956204907997924,0.6410941132145671,0.3549032539062793,1122,bj920719,2025-05-26,expired
8.3100004196167,-0.25030087791970934,12.0,0.14606739079070552,7.139999866485596,0.14606739079070552,0.015643700866695864,-0.18531893633300422,1123,sz002650,2025-05-26,filtered
30.0,-0.03366667429606118,4.0,0.7474991461670548,50.65999984741211,0.7474991461670548,0.6886666615804036,0.3336666107177735,1124,bj920169,2025-05-26,expired
13.25,-0.17660378510097285,17.0,0.06782766099613591,11.649999618530273,0.06782766099613591,0.1094339478690669,-0.13811320178913622,1125,bj920946,2025-05-26,expired
14.149999618530273,-0.27420489507897294,21.0,0.0,10.75,0.0,0.19858654004926746,-0.25512365752644506,1126,sh605136,2025-05-26,expired
24.059999465942383,-0.15960100739085725,18.0,0.10880320660972731,22.420000076293945,0.10880320660972731,0.21612638729689926,-0.10016624692047615,1127,bj920436,2025-05-26,traded
18.209999084472656,-0.26194397275706893,17.0,0.11309527568603706,14.960000038146973,0.11309527568603706,0.06260303977550064,-0.19659523064360507,1128,bj920263,2025-05-26,operable_filtered
,,,,,,,,1129,sz300344,2025-05-26,operable_filtered
22.059999465942383,-0.18041702804122473,17.0,0.07632738753262824,19.459999084472656,0.07632738753262824,0.030371717702365908,-0.14007253977310508,1130,bj920300,2025-05-26,operable_filtered
35.029998779296875,-0.17213813843638137,19.0,0.06655173466123387,30.93000030517578,0.06655173466123387,0.014273480371786551,-0.13759634207218108,1131,sz301317,2025-05-26,operable_filtered
14.050000190734863,-0.21850538126846553,18.0,0.29781426175703296,14.25,0.29781426175703296,0.04982204980514848,-0.05836303468801918,1132,sz300561,2025-05-26,operable_filtered
3.319999933242798,-0.18674695723668266,18.0,0.12592589191285075,3.0399999618530273,0.12592589191285075,0.10843377733528303,-0.09337347861834133,1133,sz300472,2025-05-26,operable_filtered
14.0,-0.101428576878139,18.0,0.12877582634212215,14.199999809265137,0.12877582634212215,0.06714282717023567,-0.022142887115478516,1134,bj920198,2025-05-26,operable_filtered
16.030000686645508,-0.1746725529925799,8.0,0.4346183067991287,18.979999542236328,0.4346183067991287,0.18402986458063264,0.04803484201073793,1135,sz002289,2025-05-26,score_filtered
8.880000114440918,-0.21509012383267523,18.0,0.08321383328582055,7.550000190734863,0.08321383328582055,0.06418915399531011,-0.1621621665160441,1136,sz002693,2025-05-26,score_filtered
22.0,-0.08681817488236865,18.0,0.10104532957825851,22.1200008392334,0.10104532957825851,0.11227269606156787,-0.024090940302068486,1137,bj920810,2025-05-26,score_filtered
13.680000305175781,-0.20248540906213663,16.0,0.09624199866363226,11.960000038146973,0.09624199866363226,0.05847947508874474,-0.14546788599409388,1138,bj920946,2025-05-27,traded
15.829999923706055,-0.13455465096062058,3.0,0.7956204907997924,24.600000381469727,0.7956204907997924,0.5540114024024883,0.21794066832387915,1139,bj920719,2025-05-27,expired
10.5,-0.08666665213448665,3.0,0.760166724941238,16.8799991607666,0.760166724941238,0.6076189676920574,0.17523810977027532,1140,bj920571,2025-05-27,expired
30.299999237060547,-0.045874568470229526,3.0,0.8166724571070871,52.52000045776367,0.8166724571070871,0.7333333920855478,0.15643570289827613,1141,bj920895,2025-05-27,expired
30.049999237060547,-0.03527452555256938,3.0,0.7474991461670548,50.65999984741211,0.7474991461670548,0.6858569428824919,0.296173103222664,1142,bj920169,2025-05-27,operable_filtered
11.8100004196167,-0.08213380462016029,2.0,0.3154981575786666,14.260000228881836,0.3154981575786666,0.20745128892591969,-0.0016935188021205416,1143,sz002898,2025-05-27,operable_filtered
14.649999618530273,-0.2989760597144654,20.0,0.04673802539837957,10.75,0.04673802539837957,0.157679148538717,-0.2784982955593668,1144,sh605136,2025-05-27,operable_filtered
17.0,-0.20941178938921756,16.0,0.11309527568603706,14.960000038146973,0.11309527568603706,0.051764656515682406,-0.1388235092163086,1145,bj920263,2025-05-27,operable_filtered
23.09000015258789,-0.19748806564781707,4.0,0.7096599639096302,31.68000030517578,0.7096599639096302,0.3720225247216007,0.15851016991015054,1146,sz002365,2025-05-27,operable_filtered
12.270000457763672,-0.136104320618609,6.0,0.855660317775067,19.670000076293945,0.855660317775067,0.6030969309253795,0.5224123560122829,1147,sh603389,2025-05-27,score_filtered
26.200000762939453,-0.19007638567054153,17.0,0.14184732923094567,24.229999542236328,0.14184732923094567,0.0,-0.09236641243602917,1148,sz002868,2025-05-27,score_filtered
28.84000015258789,-0.31518724356775774,16.0,0.06835444969466975,21.100000381469727,0.06835444969466975,0.03987515993224022,-0.28710127055607937,1149,sh603192,2025-05-27,score_filtered
2.4000000953674316,-0.30416671219799074,17.0,0.11976051067262228,1.8700000047683716,0.11976051067262228,0.0,-0.2458333871430799,1150,sz002717,2025-05-27,score_filtered
49.4900016784668,-0.22166095875232505,16.0,0.11889922019547461,43.099998474121094,0.11889922019547461,0.0,-0.15538497030910758,1151,sz301316,2025-05-27,score_filtered
4.480000019073486,-0.13392854957100087,16.0,0.09536079243451168,4.25,0.09536079243451168,0.06026785262879364,-0.09598210413122987,1152,sz002259,2025-05-27,score_filtered
32.470001220703125,-0.10963970555754499,2.0,0.8166724571070871,52.52000045776367,0.8166724571070871,0.6174930238153644,0.077610112812589,1153,bj920895,2025-05-28,expired
14.850000381469727,-0.0774411139840504,2.0,0.7956204907997924,24.600000381469727,0.7956204907997924,0.6565656396996691,0.3111110311922778,1154,bj920719,2025-05-28,expired
27.0,-0.2511111365424262,16.0,0.10880320660972731,22.420000076293945,0.10880320660972731,0.06666663840964993,-0.17962964375813806,1155,bj920436,2025-05-28,operable_filtered
12.399999618530273,-0.1258064124140097,1.0,0.3154981575786666,14.260000228881836,0.3154981575786666,0.15000005383645498,-0.07741936029678342,1156,sz002898,2025-05-28,operable_filtered
19.25,-0.30753247149578933,16.0,0.10652663799109408,14.75,0.10652663799109408,0.12207794189453125,-0.2690909249441964,1157,sh688455,2025-05-28,operable_filtered
3.5,-0.22857141494750977,16.0,0.13333329212518463,3.059999942779541,0.13333329212518463,0.051428590502057725,-0.12571430206298828,1158,sz300472,2025-05-28,operable_filtered
21.899999618530273,-0.056620995101249294,1.0,0.4578896932086016,30.1200008392334,0.4578896932086016,0.37534252803127566,0.013242051167981161,1159,sz300945,2025-05-28,operable_filtered
24.030000686645508,-0.2288805594190675,3.0,0.7096599639096302,31.68000030517578,0.7096599639096302,0.3183520349536113,0.11319181172001014,1160,sz002365,2025-05-28,operable_filtered
7.769999980926514,-0.16859716164675376,5.0,0.40247683686013214,9.0600004196167,0.40247683686013214,0.16602322289019655,0.05662806413134547,1161,sz002366,2025-05-28,score_filtered
,,,,,,,,1162,sz000638,2025-05-28,score_filtered
9.5,-0.23894736641331726,16.0,0.07192254212374838,7.75,0.07192254212374838,0.0694736681486432,-0.21263157693963297,1163,sh603333,2025-05-28,score_filtered
19.0,-0.2231578826904297,5.0,0.4593496328935447,21.540000915527344,0.4593496328935447,0.13368425871196554,-0.1494736922414679,1164,sh603332,2025-05-28,score_filtered
34.29999923706055,-0.07113698778373756,2.0,0.5065913082375908,48.0,0.5065913082375908,0.39941694074840806,0.06676387657329852,1165,bj920075,2025-05-28,score_filtered
40.029998779296875,-0.18586057590780836,16.0,0.09512115555712675,35.689998626708984,0.09512115555712675,0.06420184294767939,-0.12190850367804296,1166,bj920576,2025-05-28,score_filtered
25.110000610351562,-0.23138196862073557,20.0,0.04041454494711694,20.079999923706055,0.04041454494711694,0.06650736900442333,-0.20708883458950456,1167,sh601579,2025-05-28,score_filtered
58.0099983215332,-0.20703324718206573,18.0,0.12978263523267652,51.970001220703125,0.12978263523267652,0.23133946512563686,-0.18686434177268552,1168,sh688648,2025-05-28,score_filtered
4.139999866485596,-0.10386469618503769,6.0,0.31266841926812816,4.869999885559082,0.31266841926812816,0.1763285127091505,0.07246381652411271,1169,sz300205,2025-05-28,score_filtered
5.670000076293945,-0.21869492614995123,15.0,0.11060954107058873,4.920000076293945,0.11060954107058873,0.02292770946943068,-0.15520283996470563,1170,bj920370,2025-05-29,expired
10.239999771118164,-0.06347652666590797,1.0,0.760166724941238,16.8799991607666,0.760166724941238,0.6484374548890617,0.27832035597384763,1171,bj920571,2025-05-29,traded
25.549999237060547,-0.20861057075785872,15.0,0.12363996463386884,22.719999313354492,0.12363996463386884,0.016046961238942004,-0.12954988511863408,1172,bj920436,2025-05-29,traded
41.22999954223633,-0.14406982034098748,3.0,0.8951543076892146,66.87999725341797,0.8951543076892146,0.6221197670619809,0.2888673291206665,1173,sz300804,2025-05-29,operable_filtered
9.3100004196167,-0.1611171223662431,15.0,0.07554413317201059,8.399999618530273,0.07554413317201059,0.3254564550380481,-0.11493024707539035,1174,sh605388,2025-05-29,operable_filtered
5.329999923706055,-0.2026266302373808,10.0,0.3717646879308365,5.829999923706055,0.3717646879308365,0.09380863173677878,0.048780531445308695,1175,sh603398,2025-05-29,operable_filtered
7.769999980926514,-0.16859716164675376,4.0,0.40247683686013214,9.0600004196167,0.40247683686013214,0.16602322289019655,0.07464612637927592,1176,sz002366,2025-05-29,operable_filtered
44.880001068115234,-0.1417112401735211,14.0,0.168224285182486,45.0,0.168224285182486,0.0031194159161440638,-0.03386810208530833,1177,sz301316,2025-05-29,operable_filtered
11.220000267028809,-0.22459896593487327,15.0,0.05977016886941677,9.220000267028809,0.05977016886941677,0.14616750005503598,-0.1791444011626666,1178,sh603577,2025-05-29,operable_filtered
23.0,-0.04521743110988452,0.0,1.0373407806788704,44.7400016784668,1.0373407806788704,0.945217464281165,0.8695652173913044,1179,sz300204,2025-05-29,score_filtered
66.04000091552734,-0.30345246271514714,17.0,0.12978263523267652,51.970001220703125,0.12978263523267652,0.05420959693253047,-0.2881587269863256,1180,sh688648,2025-05-29,score_filtered
33.4900016784668,-0.18333833948252476,15.0,0.1224863010875652,30.700000762939453,0.1224863010875652,0.025380663825634198,-0.10689763068469882,1181,bj920579,2025-05-29,score_filtered
14.600000381469727,-0.2965753294912017,18.0,0.057448799670457795,10.859999656677246,0.057448799670457795,0.10342467050879822,-0.2602739788663164,1182,sh605136,2025-05-29,score_filtered
5.880000114440918,-0.22448982074329182,15.0,0.1250000392135826,5.130000114440918,0.1250000392135826,0.15986395219821126,-0.16666666666666663,1183,sz002471,2025-05-29,score_filtered
48.91999816894531,-0.2269010402614331,20.0,0.21073509479149588,45.790000915527344,0.21073509479149588,0.3080540489285628,-0.09668846523463193,1184,sh688136,2025-05-29,score_filtered
41.79999923706055,-0.0784688717503319,13.0,0.168224285182486,45.0,0.168224285182486,0.07655504357287835,-0.044736817368809745,1185,sz301316,2025-05-30,operable_filtered
19.90999984741211,-0.05173283247309446,14.0,0.23411018393893168,23.299999237060547,0.23411018393893168,0.315419424147398,0.09994976325310345,1186,bj920047,2025-05-30,operable_filtered
22.0,-0.15909090909090906,14.0,0.4945945739746094,27.649999618530273,0.4945945739746094,0.2568181644786487,0.018636356700550527,1187,bj920475,2025-05-30,operable_filtered
2.869999885559082,-0.14634141276056156,14.0,0.16326524455663627,2.8499999046325684,0.16326524455663627,0.0,-0.017421586867605088,1188,sz002630,2025-05-30,operable_filtered
21.3700008392334,-0.2508189237181069,14.0,0.0699562096110593,17.1299991607666,0.0699562096110593,0.06176881810883317,-0.22321012028255893,1189,sz002907,2025-05-30,operable_filtered
4.880000114440918,-0.19262295802797358,14.0,0.20304560971556906,4.739999771118164,0.20304560971556906,0.10245901399067558,-0.07786887408392063,1190,sz000903,2025-05-30,operable_filtered
113.0,-0.23893805309734517,4.0,0.2895349014637083,110.9000015258789,0.2895349014637083,0.0628318449037264,-0.06026546512029862,1191,sz301209,2025-05-30,operable_filtered
17.510000228881836,-0.284979994625438,14.0,0.1573481822145535,14.489999771118164,0.1573481822145535,0.09080526166785918,-0.2301542338073892,1192,sh603390,2025-05-30,operable_filtered
5.480000019073486,0.0,0.0,0.4781022542476576,8.100000381469727,0.4781022542476576,0.4781022542476576,0.14233580421414405,1193,sh600358,2025-05-30,score_filtered
42.25,-0.056094649275379105,5.0,0.19107318775818904,47.5,0.19107318775818904,0.12426035502958577,0.11005920771311017,1194,bj920394,2025-05-30,score_filtered
26.5,0.0,0.0,0.7615094454783313,46.68000030517578,0.7615094454783313,0.7615094454783313,0.5407547860775355,1195,sz300204,2025-05-30,score_filtered
52.70000076293945,-0.28235295735667976,19.0,0.2810682483842004,48.45000076293945,0.2810682483842004,0.21423151332223278,-0.11005690992587835,1196,sh688136,2025-05-30,score_filtered
44.279998779296875,-0.08739835227127835,17.0,0.15268502863005362,46.58000183105469,0.15268502863005362,0.25632345532324297,-0.02213187825774121,1197,sh688799,2025-05-30,score_filtered
12.40999984741211,-0.14585007962911678,3.0,0.855660317775067,19.670000076293945,0.855660317775067,0.5850121126629815,0.5801773450014094,1198,sh603389,2025-05-30,score_filtered
40.79999923706055,-0.10196078248044149,12.0,0.16266373318107852,42.599998474121094,0.16266373318107852,0.08210790077112051,-0.0357842919552428,1199,bj920174,2025-05-30,score_filtered
8.5,-0.09176473056568824,7.0,0.5893783408327096,12.270000457763672,0.5893783408327096,0.44352946561925544,0.1788235832663143,1200,sz002537,2025-06-03,expired
24.0,-0.2133333683013916,13.0,0.23411018393893168,23.299999237060547,0.23411018393893168,0.06750003496805834,-0.08708333969116211,1201,bj920047,2025-06-03,expired
,,,,,,,,1202,sz000638,2025-06-03,operable_filtered
42.61000061035156,-0.17179064984678538,1.0,0.8951543076892146,66.87999725341797,0.8951543076892146,0.5695845176113496,0.1727294180926049,1203,sz300804,2025-06-03,expired
2.7300000190734863,-0.10256409136758815,13.0,0.19999999999999996,2.940000057220459,0.19999999999999996,0.07692309035889422,0.03296700129689234,1204,sz002630,2025-06-03,operable_filtered
5.75,0.0,0.0,0.4086957185164741,8.100000381469727,0.4086957185164741,0.4086957185164741,0.09913046463676123,1205,sh600358,2025-06-03,operable_filtered
29.239999771118164,-0.23255811526295744,13.0,0.1105169110166635,24.920000076293945,0.1105169110166635,0.12414497911016187,-0.1812585252581167,1206,bj920429,2025-06-03,operable_filtered
,,,,,,,,1207,sh603056,2025-06-03,operable_filtered
22.0,-0.047272768887606564,1.0,0.3239504395091999,27.75,0.3239504395091999,0.26136363636363646,0.05727273767644703,1208,bj920363,2025-06-03,operable_filtered
75.08999633789062,-0.364629092938202,3.0,0.35569066330638544,64.68000030517578,0.35569066330638544,0.09868163568374366,-0.2125448934363835,1209,sz003010,2025-06-03,score_filtered
47.540000915527344,-0.27177117658453165,13.0,0.7729636904056836,61.380001068115234,0.7729636904056836,0.29112326222247753,0.018510669677554548,1210,sz301024,2025-06-03,score_filtered
25.43000030517578,-0.12898154334579093,15.0,0.17652369818286928,26.059999465942383,0.17652369818286928,0.05190718360139224,-0.03696423605100385,1211,bj920132,2025-06-03,score_filtered
26.040000915527344,0.0,0.0,0.9623654638065229,51.099998474121094,0.9623654638065229,0.9623654638065229,0.7039169497658297,1212,sz300468,2025-06-03,score_filtered
32.20000076293945,-0.1149068532693317,3.0,0.6378947475500274,46.68000030517578,0.6378947475500274,0.4496894161226872,0.386335351924177,1213,sz300204,2025-06-03,score_filtered
53.5,-0.24467290004837183,16.0,0.1927740892091645,48.20000076293945,0.1927740892091645,0.027850498662930878,-0.10990656202084548,1214,sh688799,2025-06-03,score_filtered
39.06999969482422,-0.16585614519712333,13.0,0.21233501492928997,39.5099983215332,0.21233501492928997,0.042743844297081335,-0.08011264634153248,1215,bj920576,2025-06-03,score_filtered
16.020000457763672,-0.21847689762729172,13.0,0.1573481822145535,14.489999771118164,0.1573481822145535,0.0018725829238248615,-0.14981276551970968,1216,sh603390,2025-06-03,score_filtered
12.75,-0.13647057028377763,16.0,0.14259760782799424,12.579999923706055,0.14259760782799424,0.11843139050053608,-0.09568629545323992,1217,sz002898,2025-06-03,score_filtered
10.579999923706055,-0.1776937739128428,11.0,0.1701150032594836,10.180000305175781,0.1701150032594836,0.012287345498900537,-0.1483931669324876,1218,sz000565,2025-06-04,expired
33.0,-0.0757575757575758,1.0,0.7219672281233991,52.52000045776367,0.7219672281233991,0.5915151653867778,0.043636322021484375,1219,bj920895,2025-06-04,expired
14.050000190734863,-0.05836303468801918,2.0,0.4346183067991287,18.979999542236328,0.4346183067991287,0.3508896287953438,0.12455515845145837,1220,sz002289,2025-06-04,operable_filtered
7.199999809265137,-0.054166649557925606,1.0,0.4140969449862253,9.630000114440918,0.4140969449862253,0.3375000513262232,-0.006944404891978451,1221,sh600468,2025-06-04,operable_filtered
15.399999618530273,-0.12662336737455315,12.0,0.10929370170073804,14.920000076293945,0.10929370170073804,0.0,-0.09870126894421438,1222,bj920077,2025-06-04,operable_filtered
24.31999969482422,-0.22368423529278902,12.0,0.26483052024653686,23.8799991607666,0.26483052024653686,0.05345399509547888,-0.05180922058769555,1223,bj920047,2025-06-04,operable_filtered
79.20999908447266,-0.39767706557359206,2.0,0.35569066330638544,64.68000030517578,0.35569066330638544,0.041535171740360255,-0.27635399119628923,1224,sz003010,2025-06-04,operable_filtered
10.90999984741211,-0.03758018818940334,0.0,0.47523807343982516,15.489999771118164,0.47523807343982516,0.4197983490157837,-0.008249326658720246,1225,sz002250,2025-06-04,score_filtered
48.470001220703125,-0.2263255816881944,12.0,0.21493336995442713,45.560001373291016,0.21493336995442713,0.006395658155282646,-0.1809366667401221,1226,bj920273,2025-06-04,score_filtered
40.0,-0.19250001907348635,12.0,0.12321980297973933,36.279998779296875,0.12321980297973933,0.06075000762939453,-0.16975002288818364,1227,sz301335,2025-06-04,score_filtered
2.8299999237060547,-0.13427557818613167,12.0,0.19999999999999996,2.940000057220459,0.19999999999999996,0.03886930617664208,-0.03180209066982986,1228,sz002630,2025-06-04,score_filtered
27.0,-0.17518516823097507,12.0,0.12617868918645536,25.079999923706055,0.12617868918645536,0.024444438793041146,-0.14148147017867474,1229,bj920419,2025-06-04,score_filtered
20.399999618530273,-0.051960759106070564,0.0,0.4312306146218883,27.68000030517578,0.4312306146218883,0.35686278543028704,0.18676468319546347,1230,bj920017,2025-06-04,score_filtered
41.9900016784668,-0.16575381331168493,12.0,0.09049392218409347,38.20000076293945,0.09049392218409347,0.1414622145574984,-0.14932127190123545,1231,bj920735,2025-06-04,score_filtered
25.600000381469727,-0.09335942427278421,12.0,0.11719092322251701,25.93000030517578,0.11719092322251701,0.1281249504070736,0.005859360011527537,1232,bj920344,2025-06-04,score_filtered
1.8899999856948853,-0.07936506735104154,12.0,0.2183907321491969,2.119999885559082,0.2183907321491969,0.1216930696322911,0.06349206649557293,1233,sz002076,2025-06-04,score_filtered
26.6299991607666,-0.21254224655593923,13.0,0.11349552437035881,23.350000381469727,0.11349552437035881,0.0,-0.12542239393533305,1234,bj920145,2025-06-04,score_filtered
515.0,-0.39083494908601335,12.0,0.26864719638964174,398.0,0.26864719638964174,0.009708737864077666,-0.26019417475728157,1235,bj920982,2025-06-04,score_filtered
55.0,-0.012727286598899101,0.0,0.786003770157391,96.9800033569336,0.786003770157391,0.7632727883078836,0.23109089244495729,1236,bj920748,2025-06-05,expired
6.340000152587891,-0.058359677206823335,16.0,0.08040201607077058,6.449999809265137,0.08040201607077058,0.2776025530793451,-0.031545785692238204,1237,sh600358,2025-06-05,expired
22.200000762939453,-0.14954961657997967,11.0,0.2701271508564329,23.979999542236328,0.2701271508564329,0.15405405219639778,0.05135132209326532,1238,bj920047,2025-06-05,operable_filtered
42.5,-0.011294106876148846,0.0,0.5916229539464732,66.87999725341797,0.5916229539464732,0.5736469941980697,0.19082354377297794,1239,sz300804,2025-06-05,operable_filtered
69.30000305175781,-0.3708514205755844,21.0,0.0,45.369998931884766,0.0,0.008657986258282957,-0.3604617930287374,1240,sz300946,2025-06-05,score_filtered
41.29999923706055,-0.16319607719802076,21.0,0.0,35.84000015258789,0.0,0.30750607742246894,-0.15617435549857217,1241,sz300530,2025-06-05,score_filtered
27.1299991607666,-0.05639509128733944,1.0,0.5613281494181135,39.970001220703125,0.5613281494181135,0.4732769059021862,0.15554741434735386,1242,sz300546,2025-06-05,score_filtered
29.5,-0.14305082418150816,0.0,0.5763448335336627,39.849998474121094,0.5763448335336627,0.35084740590241004,-0.03830505629717296,1243,sz300651,2025-06-05,score_filtered
28.0,-0.19857140949794228,11.0,0.1105169110166635,24.920000076293945,0.1105169110166635,0.05964285986764084,-0.16678571701049805,1244,bj920429,2025-06-05,score_filtered
41.29999923706055,-0.07021786355335635,0.0,0.518749931703014,58.31999969482422,0.518749931703014,0.4121065562270223,0.011380175045653917,1245,sz301287,2025-06-05,score_filtered
25.1200008392334,-0.18590764013829797,20.0,0.08068457491309666,22.100000381469727,0.08068457491309666,0.14530252773039565,-0.13415607988237,1246,sz300945,2025-06-05,score_filtered
86.88999938964844,-0.010242828816896865,1.0,0.2895349014637083,110.9000015258789,0.2895349014637083,0.2763264162146015,0.219933257504755,1247,sz301209,2025-06-05,score_filtered
17.899999618530273,-0.06983240372284627,0.0,0.47147150518449443,24.5,0.47147150518449443,0.3687151129677866,0.17318438254381707,1248,sh603093,2025-06-05,score_filtered
10.239999771118164,-0.0888671745851749,10.0,0.4523044267456482,13.550000190734863,0.4523044267456482,0.33105472842726247,0.15332037925691266,1249,sz300368,2025-06-05,score_filtered
14.0,-0.21285711015973774,6.0,0.604355677927408,17.68000030517578,0.604355677927408,0.262857164655413,0.07285717555454796,1250,sh603123,2025-06-05,score_filtered
45.099998474121094,-0.2729489573188649,11.0,0.15888987310169655,38.0,0.15888987310169655,0.07494459384637708,-0.21463416036987848,1251,sz301005,2025-06-05,score_filtered
84.38999938964844,-0.16968834931145593,21.0,0.0,73.80000305175781,0.0,0.08591065354231198,-0.1568906026724488,1252,sz301225,2025-06-05,score_filtered
37.54999923706055,-0.21225031891580914,20.0,0.04124406073364306,30.799999237060547,0.04124406073364306,0.09187751885583051,-0.19174431429773964,1253,sh603076,2025-06-05,score_filtered
63.95000076293945,-0.18999220298555686,14.0,0.08861004286084917,56.38999938964844,0.08861004286084917,0.07396402636131749,-0.1790461395830819,1254,sh688336,2025-06-05,score_filtered
61.77000045776367,-0.04791968694409521,0.0,0.6490392976079364,96.9800033569336,0.6490392976079364,0.5700178507080533,0.08353569385093906,1255,bj920748,2025-06-06,expired
3.75,-0.11200002034505208,9.0,0.24324323163289097,4.139999866485596,0.24324323163289097,0.1573333740234375,0.026666641235351562,1256,sz000889,2025-06-06,expired
46.599998474121094,-0.22103003378381147,10.0,0.20853994087954741,43.869998931884766,0.20853994087954741,0.11566530860165147,-0.1596566281185765,1257,bj920396,2025-06-06,expired
12.25,-0.32163261880680005,10.0,1.0637784299078676,17.149999618530273,1.0637784299078676,0.3999999688596141,0.2995918429627711,1258,bj920305,2025-06-06,filtered
46.5099983215332,-0.2577939861635815,21.0,0.0,35.08000183105469,0.0,0.1610406783222582,-0.249623676943439,1259,sz300530,2025-06-06,operable_filtered
162.0,-0.1542592931676794,10.0,0.191737868226469,163.27999877929688,0.191737868226469,0.0677777514045621,-0.0796295919536073,1260,bj920493,2025-06-06,operable_filtered
95.0,-0.09473684210526312,0.0,0.2895349014637083,110.9000015258789,0.2895349014637083,0.16736843711451477,0.09768419767680925,1261,sz301209,2025-06-06,operable_filtered
22.299999237060547,-0.04215240622729677,5.0,0.27106736155113875,27.149999618530273,0.27106736155113875,0.2174888137847768,0.1511211190372046,1262,sz300963,2025-06-06,operable_filtered
11.100000381469727,-0.08288288690780476,2.0,0.34184670313487175,13.65999984741211,0.34184670313487175,0.2306305745913333,0.14414408764043274,1263,sh603226,2025-06-06,operable_filtered
30.5,-0.140000015008645,21.0,0.0,27.8799991607666,0.0,0.30655732702036365,-0.13836063322473746,1264,sz300651,2025-06-06,operable_filtered
47.0,0.0,0.0,0.42297866496633985,66.87999725341797,0.42297866496633985,0.42297866496633985,0.061702160125083116,1265,sz300804,2025-06-06,operable_filtered
40.5,-0.01728396945529509,0.0,0.3050251161398023,51.939998626708984,0.3050251161398023,0.28246910189404906,0.2592592592592593,1266,sh688183,2025-06-06,operable_filtered
17.950000762939453,-0.06852375472453953,10.0,0.4653110649610801,24.5,0.4653110649610801,0.36490244895053325,0.1626740920436469,1267,sh603093,2025-06-06,operable_filtered
43.029998779296875,-0.1048105612241641,9.0,0.168224285182486,45.0,0.168224285182486,0.04578204221681159,-0.06553566755342355,1268,sz301316,2025-06-06,operable_filtered
44.459999084472656,-0.09221769137536917,21.0,0.0,47.040000915527344,0.0,0.36729649499155803,-0.08861895429244404,1269,sz300255,2025-06-06,score_filtered
30.010000228881836,-0.11662778984691824,10.0,0.18257261828745142,31.350000381469727,0.18257261828745142,0.11629455996336069,-0.05031656838937981,1270,bj920207,2025-06-06,score_filtered
73.11000061035156,-0.1273423785469484,21.0,0.0,67.5,0.0,0.3264943584640363,-0.12214471659998039,1271,bj920748,2025-06-09,expired
6.989999771118164,-0.14592274883055512,14.0,0.08040201607077058,6.449999809265137,0.08040201607077058,0.15879837577934564,-0.1344777698373133,1272,sh600358,2025-06-09,expired
23.399999618530273,-0.11965808900455066,8.0,0.21262131454650524,24.979999542236328,0.21262131454650524,0.1829060152315647,-0.008119681075001273,1273,bj920017,2025-06-09,expired
49.29999923706055,-0.26369168765072604,9.0,0.20853994087954741,43.869998931884766,0.20853994087954741,0.05456394488915284,-0.2190669250343884,1274,bj920396,2025-06-09,expired
10.819999694824219,-0.05914966799440702,1.0,0.34184670313487175,13.65999984741211,0.34184670313487175,0.2624769161450544,0.19963030576103913,1275,sh603226,2025-06-09,expired
50.9900016784668,-0.21259070005415692,21.0,0.0,41.15999984741211,0.0,0.19219452666147108,-0.20670720864044234,1276,sz300255,2025-06-09,operable_filtered
55.54999923706055,-0.14491447970515792,21.0,0.0,50.18000030517578,0.0,0.20396036313171617,-0.1380737763148019,1277,sz300804,2025-06-09,operable_filtered
29.290000915527344,-0.14783208247560164,3.0,0.6354167144268004,40.81999969482422,0.6354167144268004,0.3936496558176801,0.15739161714766925,1278,sz002882,2025-06-09,operable_filtered
33.9900016784668,-0.017063895334319068,0.0,0.5719844566785233,52.52000045776367,0.5719844566785233,0.5451602784425846,0.010002946037019012,1279,bj920895,2025-06-09,operable_filtered
49.0099983215332,-0.3087124621828522,21.0,0.0,35.150001525878906,0.0,0.10181599366173355,-0.30361146221219604,1280,sz300530,2025-06-09,operable_filtered
35.0,-0.2697143009730748,21.0,0.0,26.200000762939453,0.0,0.1385713849748884,-0.26742858886718746,1281,sz300651,2025-06-09,operable_filtered
14.899999618530273,-0.008053683800759659,0.0,0.66441142259239,24.600000381469727,0.66441142259239,0.6510067792804586,0.16644292655901105,1282,bj920719,2025-06-09,operable_filtered
20.440000534057617,-0.18199614107175632,9.0,0.4653110649610801,24.5,0.4653110649610801,0.19863010566841788,0.12328759709258108,1283,sh603093,2025-06-09,operable_filtered
43.5,-0.15770116345635776,7.0,0.16266373318107852,42.599998474121094,0.16266373318107852,0.014942563813308274,-0.07080463979436058,1284,bj920174,2025-06-09,operable_filtered
7.610000133514404,0.0,0.0,0.24441525635761452,9.470000267028809,0.24441525635761452,0.24441525635761452,0.11826545066718674,1285,sz002199,2025-06-09,operable_filtered
42.7400016784668,-0.1817969151292369,21.0,0.0,36.630001068115234,0.0,0.0938230735623371,-0.17290601109332482,1286,sz300584,2025-06-09,score_filtered
57.88999938964844,-0.06702368473006126,0.0,0.6395113090839308,88.55000305175781,0.6395113090839308,0.5296252199925195,0.14354806782187834,1287,bj920505,2025-06-09,score_filtered
67.9800033569336,-0.06487207184963428,21.0,0.0,67.30000305175781,0.0,0.4265960365981971,-0.05354526094873613,1288,bj920748,2025-06-10,expired
7.989999771118164,-0.018773419627930887,0.0,0.207908173815899,9.470000267028809,0.207908173815899,0.18523160679684536,0.07759698414513427,1289,sz002199,2025-06-10,expired
57.900001525878906,-0.006735806460581695,6.0,0.3528082998157125,77.80000305175781,0.3528082998157125,0.5293609795878782,0.25388595096447264,1290,bj920505,2025-06-10,expired
15.5,-0.0012903521137852536,3.0,0.5891473584576006,24.600000381469727,0.5891473584576006,0.5870967988044984,0.11935486332062761,1291,bj920719,2025-06-10,breakout_support_filtered
28.440000534057617,-0.12236291787046805,2.0,0.6354167144268004,40.81999969482422,0.6354167144268004,0.435302353315403,0.17018277617270927,1292,sz002882,2025-06-10,expired
7.639999866485596,-0.06151829822057975,2.0,0.9372385209934706,13.890000343322754,0.9372385209934706,0.8180629039345995,0.3232984075074141,1293,bj920090,2025-06-10,operable_filtered
15.199999809265137,-0.30394736470608164,21.0,0.0,10.729999542236328,0.0,0.017763188233666627,-0.3006578784322472,1294,sz002250,2025-06-10,operable_filtered
51.599998474121094,-0.22189917222545452,20.0,0.07098377000768252,43.0,0.07098377000768252,0.1781008277745455,-0.19341084956119892,1295,sz300255,2025-06-10,operable_filtered
12.100000381469727,-0.2289256504492121,7.0,0.4523044267456482,13.550000190734863,0.4523044267456482,0.11983469120263046,-0.158677687253158,1296,sz300368,2025-06-10,operable_filtered
55.900001525878906,-0.30035778993233864,17.0,0.09690618400359252,42.900001525878906,0.09690618400359252,0.01949910774301644,-0.24561722687211895,1297,sz301287,2025-06-10,operable_filtered
36.0,-0.3527777989705404,7.0,0.14034337188142354,26.56999969482422,0.14034337188142354,0.09722222222222232,-0.3066666920979818,1298,bj920403,2025-06-10,operable_filtered
27.40999984741211,-0.15322877731923779,8.0,0.12020685159758737,26.0,0.12020685159758737,0.053630037268799224,-0.11929954308527313,1299,bj920344,2025-06-10,operable_filtered
34.04999923706055,-0.2569750424686167,21.0,0.0,25.90999984741211,0.0,0.10132161057978584,-0.25433186612193615,1300,sz300651,2025-06-10,operable_filtered
54.5099983215332,-0.004219401014831314,7.0,0.26658072118863374,68.75,0.26658072118863374,0.3003118590340901,0.1933591094252698,1301,sz301141,2025-06-10,operable_filtered
47.310001373291016,-0.29190448049928586,21.0,0.0,34.290000915527344,0.0,0.0295920031820589,-0.28070180106761533,1302,sz300530,2025-06-10,operable_filtered
102.01000213623047,-0.11204783909240046,4.0,0.22433207423338408,110.9000015258789,0.22433207423338408,0.08714831098401676,-0.011763597220929012,1303,sz301209,2025-06-10,score_filtered
73.27999877929688,-0.13346068425508661,21.0,0.0,67.58000183105469,0.0,0.3234170984229392,-0.10575873538619018,1304,bj920748,2025-06-11,expired
45.0,-0.1377777947319878,7.0,0.2422680853277006,48.20000076293945,0.2422680853277006,0.10977774726019973,-0.00022218492296011139,1305,bj920061,2025-06-11,filtered
16.25,-0.04738464355468752,2.0,0.5891473584576006,24.600000381469727,0.5891473584576006,0.513846177321214,0.11261537992037263,1306,bj920719,2025-06-11,traded
75.77999877929688,-0.24109264650390894,5.0,0.49330550790961025,85.87999725341797,0.49330550790961025,0.16851417891484188,0.04948535313284408,1307,bj920505,2025-06-11,expired
38.95000076293945,-0.13632865903159186,20.0,0.06658744706030162,35.880001068115234,0.06658744706030162,0.3483953640313133,-0.0870346424453472,1308,bj920895,2025-06-11,expired
7.650000095367432,-0.06274509975028064,1.0,0.9372385209934706,13.890000343322754,0.9372385209934706,0.8156862967536491,0.44705876559763924,1309,bj920090,2025-06-11,expired
24.459999084472656,-0.17825015806197153,7.0,0.11741286856783462,22.459999084472656,0.11741286856783462,0.13859368045312248,-0.12305798995078321,1310,bj920527,2025-06-11,operable_filtered
20.8799991607666,-0.09961685858754066,7.0,0.26595745760156575,23.799999237060547,0.26595745760156575,0.3395594079289983,-0.031130251180834234,1311,bj920454,2025-06-11,operable_filtered
36.900001525878906,-0.36856373242370555,6.0,0.14034337188142354,26.56999969482422,0.14034337188142354,0.016260120577509918,-0.32493228137288577,1312,bj920403,2025-06-11,operable_filtered
12.649999618530273,-0.1652173329596036,21.0,0.0,10.680000305175781,0.0,0.13438741614262328,-0.1581027715661203,1313,sz002250,2025-06-11,operable_filtered
59.0099983215332,-0.23351972837234347,21.0,0.0,47.150001525878906,0.0,0.13336721158680231,-0.21640394858995504,1314,sz300804,2025-06-11,operable_filtered
46.7599983215332,-0.10029937542895973,11.0,0.16448780684193665,48.9900016784668,0.16448780684193665,0.19632165600289064,-0.0397775205821117,1315,sz300920,2025-06-11,operable_filtered
23.600000381469727,-0.12711864201305456,6.0,0.21262131454650524,24.979999542236328,0.21262131454650524,0.17288134990495996,0.013983047388641756,1316,bj920017,2025-06-11,operable_filtered
67.0,-0.18985076448810634,6.0,0.43330885780033923,77.80000305175781,0.43330885780033923,0.16119407539937036,0.11432841286730411,1317,sz301141,2025-06-11,operable_filtered
32.83000183105469,-0.23454164608070383,21.0,0.0,25.520000457763672,0.0,0.14224788024616708,-0.22875424055342508,1318,sz300651,2025-06-11,score_filtered
8.0,-0.24124997854232788,7.0,0.11696870149389849,6.78000020980835,0.11696870149389849,0.14750003814697266,-0.20499998331069946,1319,sh600232,2025-06-11,score_filtered
13.0,-0.2000000293438251,7.0,0.4423077452112252,15.0,0.4423077452112252,0.15384615384615374,0.09769234290489792,1320,sh600250,2025-06-11,score_filtered
83.9800033569336,-0.16563471190860501,17.0,0.18609962854745898,83.11000061035156,0.18609962854745898,0.09121214249251897,-0.019171237747023007,1321,sz301225,2025-06-11,score_filtered
87.0,-0.2782758515456627,21.0,0.0,65.06999969482422,0.0,0.11471268226360443,-0.2764367728397764,1322,bj920748,2025-06-12,expired
44.63999938964844,-0.2898745251710204,19.0,0.05425859194352811,33.41999816894531,0.05425859194352811,0.07526883190618316,-0.26232077160798717,1323,bj920075,2025-06-12,traded
26.100000381469727,-0.22988505411133375,6.0,0.11741286856783462,22.459999084472656,0.11741286856783462,0.06398467631746096,-0.18045980547821217,1324,bj920527,2025-06-12,traded
77.5,-0.2579355055286038,4.0,0.49330550790961025,85.87999725341797,0.49330550790961025,0.14258068453881045,-0.04090320217993948,1325,bj920505,2025-06-12,expired
13.260000228881836,-0.072398191672424,19.0,0.08617881703293317,13.359999656677246,0.08617881703293317,0.20663647992630674,-0.019607860059875803,1326,bj920781,2025-06-12,filtered
24.0,-0.21666669845581055,6.0,0.26595745760156575,23.799999237060547,0.26595745760156575,0.03500000635782885,-0.12708330154418945,1327,bj920454,2025-06-12,expired
55.54999923706055,-0.185778574915608,20.0,0.0424497458119506,47.150001525878906,0.0424497458119506,0.20396036313171617,-0.16633659749188634,1328,sz300804,2025-06-12,expired
44.310001373291016,-0.1243512066228859,6.0,0.2422680853277006,48.20000076293945,0.2422680853277006,0.12705928862398075,-0.029564462484549914,1329,bj920061,2025-06-12,operable_filtered
7.949999809265137,-0.09811317631255279,0.0,0.9372385209934706,13.890000343322754,0.9372385209934706,0.7471698964237692,0.2968554298078292,1330,bj920090,2025-06-12,operable_filtered
2.490000009536743,-0.2289156828389467,6.0,0.24479174912752155,2.390000104904175,0.24479174912752155,0.13253008933419652,-0.12048190809930892,1331,sz300237,2025-06-12,operable_filtered
8.109999656677246,-0.017262622985480536,0.0,0.18820583642714106,9.470000267028809,0.18820583642714106,0.1676942870437519,0.13316892348039167,1332,sz002199,2025-06-12,operable_filtered
14.100000381469727,-0.26241139452747875,6.0,0.4423077452112252,15.0,0.4423077452112252,0.063829758452564,-0.012765978745102657,1333,sh600250,2025-06-12,operable_filtered
24.899999618530273,-0.17269073505770416,5.0,0.21262131454650524,24.979999542236328,0.21262131454650524,0.11164661563194023,-0.053413652372760856,1334,bj920017,2025-06-12,operable_filtered
31.809999465942383,-0.03489464701787748,0.0,0.5648208378392114,48.040000915527344,0.5648208378392114,0.5102169670565928,0.10028294836889318,1335,bj920199,2025-06-12,operable_filtered
51.20000076293945,-0.17578124738065526,18.0,0.10900470120751438,46.79999923706055,0.10900470120751438,0.0,-0.14394528949342233,1336,sz300844,2025-06-12,operable_filtered
16.979999542236328,-0.08833922499637736,1.0,0.5891473584576006,24.600000381469727,0.5891473584576006,0.44876331240641587,0.0718493082210323,1337,bj920719,2025-06-12,score_filtered
22.729999542236328,-0.16937969463289038,6.0,0.2701271508564329,23.979999542236328,0.2701271508564329,0.05499340189942736,0.0008799145695761457,1338,bj920047,2025-06-12,score_filtered
15.0,-0.13466669718424484,5.0,0.6086286515514916,20.8799991607666,0.6086286515514916,0.39199994405110683,0.21999994913736987,1339,bj920807,2025-06-13,expired
14.59000015258789,-0.1569568154834351,18.0,0.08617881703293317,13.359999656677246,0.08617881703293317,0.09664152382904612,-0.13433858928365527,1340,bj920781,2025-06-13,filtered
43.849998474121094,-0.1151653229826427,5.0,0.2422680853277006,48.20000076293945,0.2422680853277006,0.09920188004990682,-0.010718299255659924,1341,bj920061,2025-06-13,expired
23.200000762939453,-0.13362070170367335,5.0,0.11741286856783462,22.459999084472656,0.11741286856783462,0.02499999588933499,-0.06551725895594696,1342,bj920527,2025-06-13,traded
68.0,-0.15426473056568824,3.0,0.49330550790961025,85.87999725341797,0.49330550790961025,0.26294113607967606,0.10161770091337319,1343,bj920505,2025-06-13,expired
41.0099983215332,-0.22701775029591575,18.0,0.08675078655565938,34.45000076293945,0.08675078655565938,0.10168256899081674,-0.16313091686219972,1344,bj920075,2025-06-13,operable_filtered
70.41000366210938,-0.24158501990512293,21.0,0.0,54.97999954223633,0.0,0.24499359611996385,-0.22951289336185277,1345,bj920592,2025-06-13,operable_filtered
57.279998779296875,-0.3028980245088977,21.0,0.0,41.209999084472656,0.0,0.0,-0.2960893758014993,1346,sz300689,2025-06-13,operable_filtered
36.36000061035156,-0.05720576997082116,4.0,0.22374569010413192,41.95000076293945,0.22374569010413192,0.15374037565325116,-0.035203486188404076,1347,sz002190,2025-06-13,operable_filtered
24.690000534057617,-0.1267720129773866,18.0,0.06122447715777435,22.8799991607666,0.06122447715777435,0.12393679221356813,-0.10490077345341564,1348,bj920363,2025-06-13,operable_filtered
24.389999389648438,-0.10250102757530388,21.0,0.0,22.75,0.0,0.18819189288442417,-0.09143089782867242,1349,bj920204,2025-06-13,operable_filtered
27.3700008392334,-0.210814770947785,4.0,0.16666668138386265,25.200000762939453,0.16666668138386265,0.10632078035017023,-0.16952872322699686,1350,sh600980,2025-06-13,operable_filtered
23.3799991607666,-0.11890499910547137,4.0,0.21262131454650524,24.979999542236328,0.21262131454650524,0.12703170775502048,-0.08554320238625801,1351,bj920017,2025-06-13,score_filtered
21.049999237060547,-0.10688836491920906,5.0,0.26595745760156575,23.799999237060547,0.26595745760156575,0.13064133490125562,-0.03657950490845541,1352,bj920454,2025-06-13,score_filtered
14.140000343322754,-0.20084866220876763,5.0,0.37610618834189724,15.550000190734863,0.37610618834189724,0.09971710135622058,0.023338042128258296,1353,sh600353,2025-06-13,score_filtered
25.5,-0.13450981588924638,4.0,0.2668780911233877,27.959999084472656,0.2668780911233877,0.0964705523322611,-0.04980393952014395,1354,bj920019,2025-06-13,score_filtered
39.11000061035156,-0.0700588503121009,6.0,0.29227389002742443,47.0,0.29227389002742443,0.2953208656816926,-0.0005113898606888823,1355,bj920169,2025-06-13,score_filtered
8.289999961853027,-0.031363115811609665,14.0,0.14943958271105973,9.229999542236328,0.14943958271105973,0.1423402063456729,0.06393241681664885,1356,sz002199,2025-06-13,score_filtered
26.0,-0.11346156780536354,21.0,0.0,24.100000381469727,0.0,0.23615382267878604,-0.11346156780536354,1357,sz002365,2025-06-13,score_filtered
79.0,-0.3274683409099337,21.0,0.0,54.54999923706055,0.0,0.10962029952037189,-0.32620253744004646,1358,bj920592,2025-06-16,expired
16.510000228881836,-0.21380985086058857,4.0,0.6086286515514916,20.8799991607666,0.6086286515514916,0.26468799947319743,0.18049663845693065,1359,bj920807,2025-06-16,expired
45.70000076293945,-0.1903720047636136,21.0,0.0,37.68000030517578,0.0,0.48774609909648436,-0.18315095825277183,1360,bj920088,2025-06-16,expired
88.88999938964844,-0.3205084718122666,20.0,0.05165561015007558,63.52000045776367,0.05165561015007558,0.04027451744444033,-0.3097086170359772,1361,bj920748,2025-06-16,expired
44.70000076293945,-0.1319910833373088,4.0,0.2422680853277006,48.20000076293945,0.2422680853277006,0.07829977494993323,-0.012751670807504834,1362,bj920061,2025-06-16,traded
73.9000015258789,-0.07983763740265681,20.0,0.051176519954905686,71.4800033569336,0.051176519954905686,0.25832200194482446,-0.05439789160292752,1363,bj920227,2025-06-16,filtered
41.900001525878906,-0.24343676351991483,17.0,0.13249213444340624,35.900001525878906,0.13249213444340624,0.0023865983407980185,-0.18735088312514558,1364,bj920075,2025-06-16,traded
13.729999542236328,-0.10415144932106446,17.0,0.08617881703293317,13.359999656677246,0.08617881703293317,0.13619817200145468,-0.09613982074534133,1365,bj920781,2025-06-16,traded
61.310001373291016,-0.2696134761659823,21.0,0.0,45.95000076293945,0.0,0.0908497105751731,-0.2611319813671549,1366,sz300804,2025-06-16,expired
12.550000190734863,-0.13705181202296812,19.0,0.08956604560130699,11.800000190734863,0.08956604560130699,0.13545815007398754,-0.0653386960984994,1367,sz300561,2025-06-16,operable_filtered
51.279998779296875,-0.13104519434425,4.0,0.18267502555615955,52.70000076293945,0.18267502555615955,0.06474258529359789,-0.09847892662390956,1368,bj920522,2025-06-16,operable_filtered
25.229999542236328,-0.13594928130830053,21.0,0.0,22.5,0.0,0.14863258295832726,-0.13000391751121465,1369,bj920204,2025-06-16,operable_filtered
17.889999389648438,-0.03745109553674009,17.0,0.08304299432037632,18.649999618530273,0.08304299432037632,0.3750699396727677,-0.03297932770916012,1370,bj920719,2025-06-16,operable_filtered
5.699999809265137,-0.052631530515153124,20.0,0.02407409484167289,5.53000020980835,0.02407409484167289,0.5070176210576649,-0.040350881889439694,1371,sz300164,2025-06-16,operable_filtered
22.06999969482422,-0.08926141099206675,4.0,0.11741286856783462,22.459999084472656,0.11741286856783462,0.01993658994752079,-0.026280015030633375,1372,bj920527,2025-06-16,operable_filtered
35.0,-0.1671428680419922,4.0,0.3996569389704048,40.79999923706055,0.3996569389704048,0.16571426391601562,-0.09714284624372205,1373,bj920171,2025-06-16,operable_filtered
22.299999237060547,-0.15695067801541995,4.0,0.26595745760156575,23.799999237060547,0.26595745760156575,0.06726457629232274,-0.03183852505666018,1374,bj920454,2025-06-16,score_filtered
39.900001525878906,-0.08847123957387826,5.0,0.29227389002742443,47.0,0.29227389002742443,0.26967413308378774,-0.007017608603662184,1375,bj920169,2025-06-16,score_filtered
39.099998474121094,-0.18721222693449546,7.0,0.5091251745827134,47.959999084472656,0.5091251745827134,0.22659848992617437,0.06905373064724007,1376,sz300204,2025-06-16,score_filtered
58.20000076293945,-0.3642611767187325,20.0,0.018378386626372478,37.68000030517578,0.018378386626372478,0.16821300640023606,-0.3548110181302334,1377,bj920088,2025-06-17,expired
78.0,-0.1282051282051282,19.0,0.054999968584846126,71.73999786376953,0.054999968584846126,0.19217945979191708,-0.09294871794871795,1378,bj920227,2025-06-17,filtered
15.75,-0.175873044937376,3.0,0.6086286515514916,20.8799991607666,0.6086286515514916,0.3257142324296256,0.17841266450427828,1379,bj920807,2025-06-17,expired
41.9900016784668,-0.2279114819475977,3.0,0.3584208329077785,44.040000915527344,0.3584208329077785,0.1440819003387439,-0.13908073158241252,1380,bj920199,2025-06-17,traded
14.649999618530273,-0.16040952143254517,16.0,0.08617881703293317,13.359999656677246,0.08617881703293317,0.06484647014856093,-0.14607504746564137,1381,bj920781,2025-06-17,traded
4.579999923706055,-0.010916968281791228,0.0,0.35982330289400144,6.159999847412109,0.35982330289400144,0.3449781550274671,0.11572057175483152,1382,sh603398,2025-06-17,filtered
75.36000061035156,-0.2949840679696436,20.0,0.026726861291133996,54.54999923706055,0.026726861291133996,0.12221336265763716,-0.2830414232789267,1383,bj920592,2025-06-17,expired
18.18000030517578,-0.06600664151792213,21.0,0.0,17.709999084472656,0.0,0.35313531180008795,-0.025852651969940688,1384,bj920719,2025-06-17,expired
26.520000457763672,-0.11727000590760239,16.0,0.04015380351066211,24.350000381469727,0.04015380351066211,0.16855200739809595,-0.08371045182441639,1385,bj920001,2025-06-17,operable_filtered
8.930000305175781,-0.1007839352125166,12.0,0.15317565838268465,9.260000228881836,0.15317565838268465,0.06047031840973682,0.024635980496773513,1386,sz002199,2025-06-17,operable_filtered
9.5600004196167,-0.1307531323361718,3.0,1.5270756846686933,21.0,1.5270756846686933,1.1966526232476857,0.7458158788163307,1387,bj920305,2025-06-17,score_filtered
20.100000381469727,-0.06467667262373067,3.0,0.26595745760156575,23.799999237060547,0.26595745760156575,0.18407954156069883,0.06915419717752269,1388,bj920454,2025-06-17,score_filtered
16.15999984741211,-0.18873763734739735,19.0,0.04881772388123484,13.75,0.04881772388123484,0.10705442812942678,-0.17636135239517436,1389,bj920010,2025-06-17,score_filtered
12.579999923706055,-0.20508743556065057,13.0,0.08800001144409175,10.880000114440918,0.08800001144409175,0.16772652380554565,-0.18998413019216154,1390,sz002828,2025-06-17,score_filtered
7.260000228881836,-0.25619835742083386,19.0,0.02407409484167289,5.53000020980835,0.02407409484167289,0.18319557600219216,-0.24655652648180093,1391,sz300164,2025-06-17,score_filtered
11.680000305175781,-0.10530825888468442,2.0,0.30717704274988944,13.65999984741211,0.30717704274988944,0.1695205043238679,0.06763698126813855,1392,sh603226,2025-06-17,score_filtered
5.909999847412109,-0.19796956116780084,19.0,0.04008440219304865,4.929999828338623,0.04008440219304865,0.09813873750944802,-0.1810490224111857,1393,sz300157,2025-06-17,score_filtered
29.6200008392334,-0.10263338384179543,3.0,0.33559067351006333,35.5,0.33559067351006333,0.19851448326018284,-0.0016880872043376627,1394,bj920284,2025-06-17,score_filtered
50.65999984741211,-0.2696407400030798,19.0,0.058378374254381304,39.15999984741211,0.058378374254381304,0.34208444667499727,-0.23154361582248484,1395,bj920088,2025-06-18,expired
5.03000020980835,-0.08747515683249318,2.0,0.3420478524252415,6.159999847412109,0.3420478524252415,0.2246520060576329,-0.023856929898778745,1396,sh603398,2025-06-18,filtered
36.9900016784668,-0.12354699384028,2.0,0.3584208329077785,44.040000915527344,0.3584208329077785,0.19059202263201303,-0.04136259866364944,1397,bj920199,2025-06-18,expired
27.1200008392334,-0.13679944236779606,15.0,0.04186243266228229,24.389999389648438,0.04186243266228229,0.047197593646278735,-0.1132006455446567,1398,bj920001,2025-06-18,expired
26.329999923706055,-0.17204712114590437,19.0,0.0518349131955107,22.93000030517578,0.0518349131955107,0.10064563715187713,-0.14546144834044372,1399,bj920204,2025-06-18,traded
18.899999618530273,-0.10158730767441415,20.0,0.11660775003622614,18.959999084472656,0.11660775003622614,0.3015873480415818,-0.025396801689123727,1400,bj920719,2025-06-18,expired
8.199999809265137,-0.08414629224791859,1.0,0.8495339440743048,13.890000343322754,0.8495339440743048,0.693902520293783,0.16585373682751858,1401,bj920090,2025-06-18,expired
35.959999084472656,-0.15183535104232682,9.0,0.17180333372022294,35.7400016784668,0.17180333372022294,0.09705232945831077,-0.1354282273602061,1402,bj920821,2025-06-18,expired
13.90999984741211,-0.06685839794231219,2.0,0.7241910593250103,22.3799991607666,0.7241910593250103,0.6089144073520818,0.45578721942023726,1403,bj920807,2025-06-18,operable_filtered
48.0,-0.17708333333333337,19.0,0.08556964729405658,42.880001068115234,0.08556964729405658,0.1579167048136394,-0.12708330154418945,1404,sz300875,2025-06-18,operable_filtered
34.34000015258789,-0.1298777219570041,18.0,0.1582999190908816,34.61000061035156,0.1582999190908816,0.09318581097030942,-0.047175274452137206,1405,sh603657,2025-06-18,operable_filtered
98.0,-0.06112242718132177,2.0,0.20530375992905436,110.9000015258789,0.20530375992905436,0.13163266863141732,0.015408185063576108,1406,sz301209,2025-06-18,operable_filtered
9.100000381469727,-0.11758248391696458,11.0,0.1967621390096157,9.609999656677246,0.1967621390096157,0.05604387404708544,0.05604387404708544,1407,sz002199,2025-06-18,operable_filtered
43.5,-0.16390807053138468,3.0,0.29227389002742443,47.0,0.29227389002742443,0.16459769764165766,-0.06022986050309809,1408,bj920169,2025-06-18,operable_filtered
6.78000020980835,-0.12241893434494078,18.0,0.06218493684992876,6.320000171661377,0.06218493684992876,0.01917398725381969,-0.082595929540912,1409,sh600358,2025-06-18,operable_filtered
25.0,-0.13760002136230465,15.0,0.06122447715777435,22.8799991607666,0.06122447715777435,0.04519996643066415,-0.12239997863769536,1410,bj920363,2025-06-18,operable_filtered
18.3700008392334,-0.13010349416493594,3.0,0.42490620212978514,22.770000457763672,0.42490620212978514,0.23952092637541167,0.1295590120868999,1411,sz300581,2025-06-18,score_filtered
74.69999694824219,-0.08969206455101264,18.0,0.054999968584846126,71.73999786376953,0.054999968584846126,0.2448460731290263,-0.07336005289713754,1412,bj920227,2025-06-18,score_filtered
56.91999816894531,-0.3499648420546394,18.0,0.058378374254381304,39.15999984741211,0.058378374254381304,0.04708363301806906,-0.3202740711292281,1413,bj920088,2025-06-19,expired
5.0,-0.08199996948242183,1.0,0.3420478524252415,6.159999847412109,0.3420478524252415,0.23199996948242196,-0.011999988555908225,1414,sh603398,2025-06-19,traded
37.540000915527344,-0.13638792279475653,1.0,0.3584208329077785,44.040000915527344,0.3584208329077785,0.17314863722636353,-0.023175352300595753,1415,bj920199,2025-06-19,expired
20.700000762939453,-0.17971019727512683,19.0,0.11660775003622614,18.959999084472656,0.11660775003622614,0.1884057717288925,-0.12173914806203245,1416,bj920719,2025-06-19,expired
68.66000366210938,-0.23565399442007495,21.0,0.0,53.400001525878906,0.0,0.2317214562208787,-0.2315759465849072,1417,bj920592,2025-06-19,expired
26.239999771118164,-0.16920733890190942,18.0,0.0518349131955107,22.93000030517578,0.0518349131955107,0.008003086648363134,-0.13147861607027012,1418,bj920204,2025-06-19,traded
40.290000915527344,-0.20228347829940063,21.0,0.0,33.0099983215332,0.0,0.3035492495489871,-0.19334824369599746,1419,bj920895,2025-06-19,filtered
35.0,-0.12857142857142856,8.0,0.17180333372022294,35.7400016784668,0.17180333372022294,0.06400004795619418,-0.11000001089913503,1420,bj920821,2025-06-19,operable_filtered
16.600000381469727,-0.14156628478713706,1.0,0.4266666613127057,20.329999923706055,0.4266666613127057,0.22469876244099707,0.22469876244099707,1421,sz002017,2025-06-19,operable_filtered
7.809999942779541,-0.23815622882737686,17.0,0.03529412518971298,6.159999847412109,0.03529412518971298,0.019206158318363142,-0.21382843643140925,1422,sh600722,2025-06-19,operable_filtered
60.75,-0.13168724279835387,3.0,0.904454958947349,100.45999908447266,0.904454958947349,0.6536625363699202,0.3665843068817516,1423,sz301357,2025-06-19,operable_filtered
2.5799999237060547,-0.05038755033589293,1.0,0.19999999999999996,2.940000057220459,0.19999999999999996,0.13953493959692853,0.0581395735671042,1424,sz002630,2025-06-19,operable_filtered
16.3700008392334,-0.1991448390609134,17.0,0.04881772388123484,13.75,0.04881772388123484,0.07208297723474066,-0.18692732209780372,1425,bj920010,2025-06-19,score_filtered
70.4800033569336,-0.039018159322057766,21.0,0.0,69.29000091552734,0.0,0.3193812916386798,-0.03135650693254077,1426,bj920227,2025-06-19,score_filtered
8.75,-0.08228574480329243,10.0,0.24159409695768375,9.970000267028809,0.24159409695768375,0.13942860194614948,0.08800005231584818,1427,sz002199,2025-06-19,score_filtered
7.590000152587891,-0.010540174189427098,0.0,0.8495339440743048,13.890000343322754,0.8495339440743048,0.8300395341345035,0.2160736965320431,1428,bj920090,2025-06-19,score_filtered
25.5,-0.08196079029756431,14.0,0.04186243266228229,24.389999389648438,0.04186243266228229,0.11372547523648135,-0.045882355933095864,1429,bj920001,2025-06-19,score_filtered
56.59000015258789,-0.21116806380487296,21.0,0.0,45.25,0.0,0.17794669521768824,-0.2051599324800608,1430,sz300804,2025-06-19,score_filtered
21.799999237060547,-0.22110091117022146,18.0,0.11660775003622614,18.959999084472656,0.11660775003622614,0.1284404239633692,-0.17431189770871425,1431,bj920719,2025-06-20,expired
49.900001525878906,-0.3559118555741899,20.0,0.02706904008731792,33.0099983215332,0.02706904008731792,0.0,-0.3486974147055887,1432,bj920895,2025-06-20,traded
8.800000190734863,-0.08750005012208661,9.0,0.24159409695768375,9.970000267028809,0.24159409695768375,0.13295455124259958,0.027272700672307915,1433,sz002199,2025-06-20,operable_filtered
33.68000030517578,-0.056413289825246515,3.0,0.5984895575665472,50.79999923706055,0.5984895575665472,0.5083135028729155,0.353919182331881,1434,sz300204,2025-06-20,operable_filtered
15.329999923706055,-0.2948466749239642,10.0,0.04810356002814964,11.329999923706055,0.04810356002814964,0.08284412681566722,-0.26549247978341084,1435,sz300483,2025-06-20,operable_filtered
23.65999984741211,-0.15004223414857032,16.0,0.10144201622393934,22.149999618530273,0.10144201622393934,0.08199495124974865,-0.07438716146375379,1436,bj920152,2025-06-20,operable_filtered
23.780000686645508,-0.033641762880959436,0.0,0.4830288298490606,34.08000183105469,0.4830288298490606,0.4331371256096517,0.1930193448297739,1437,bj920914,2025-06-20,operable_filtered
23.43000030517578,-0.16218527933905935,18.0,0.0397351360159226,20.40999984741211,0.0397351360159226,0.15108830397226725,-0.15023475936473163,1438,sz301292,2025-06-20,score_filtered
14.359999656677246,-0.12256262655195393,5.0,0.3880951779049109,17.489999771118164,0.3880951779049109,0.21796658699678328,0.15807796367417248,1439,sz300485,2025-06-20,score_filtered
30.989999771118164,-0.01581154484469638,7.0,0.17180333372022294,35.7400016784668,0.17180333372022294,0.1632784609007376,-0.0035495518284605065,1440,bj920821,2025-06-20,score_filtered
5.599999904632568,-0.13035714848309155,4.0,0.36139635939227244,6.630000114440918,0.36139635939227244,0.1839286120266337,-0.0767856849395494,1441,sz300269,2025-06-20,score_filtered
9.220000267028809,-0.08026037997403979,21.0,0.0,8.720000267028809,0.0,0.26464202925339,-0.07375274246005148,1442,sz002235,2025-06-20,score_filtered
60.0,-0.27283331553141277,21.0,0.0,44.93000030517578,0.0,0.11100006103515625,-0.25600001017252605,1443,sz300804,2025-06-20,score_filtered
26.18000030517578,-0.19824295162561767,21.0,0.0,21.84000015258789,0.0,0.2276546606187153,-0.1913674625852223,1444,sz002365,2025-06-20,score_filtered
24.700000762939453,-0.290283394932198,16.0,0.10610374387605659,19.389999389648438,0.10610374387605659,0.024696303002475606,-0.2668016173698142,1445,sz002826,2025-06-20,score_filtered
27.40999984741211,-0.0977745465193357,18.0,0.09138699032411979,26.989999771118164,0.09138699032411979,0.19153593685611336,-0.0229842818049516,1446,sz300619,2025-06-20,score_filtered
27.389999389648438,-0.06717780918546812,4.0,0.33385529740530395,34.08000183105469,0.33385529740530395,0.24424982075518464,0.00584154256945979,1447,bj920914,2025-06-23,expired
83.0,-0.19036148255129892,21.0,0.0,68.69999694824219,0.0,0.12036142004541595,-0.18409637083490216,1448,bj920227,2025-06-23,filtered
76.0,-0.23447368019505554,20.0,0.04847025919615455,61.0,0.04847025919615455,0.05026315387926594,-0.2192105243080541,1449,bj920748,2025-06-23,expired
40.0,-0.07499999999999996,16.0,0.058378374254381304,39.15999984741211,0.058378374254381304,0.17475004196166988,-0.05424995422363277,1450,bj920088,2025-06-23,operable_filtered
43.400001525878906,-0.2649769931572772,21.0,0.0,32.79999923706055,0.0,0.0,-0.2576036846106855,1451,bj920895,2025-06-23,traded
36.150001525878906,-0.12088521866603574,2.0,0.5984895575665472,50.79999923706055,0.5984895575665472,0.4052557978647404,0.20608566068548884,1452,sz300204,2025-06-23,expired
64.0,-0.042187511920928955,2.0,0.40097876545318023,85.87999725341797,0.40097876545318023,0.34187495708465576,0.05781245231628418,1453,bj920505,2025-06-23,operable_filtered
8.100000381469727,-0.022222258851686716,0.0,0.7537879052423428,13.890000343322754,0.7537879052423428,0.7148147764410901,0.16666658817495716,1454,bj920090,2025-06-23,operable_filtered
25.329999923706055,-0.2285826697835841,21.0,0.0,19.959999084472656,0.0,0.06435053950557279,-0.22700355378282655,1455,sz301292,2025-06-23,operable_filtered
26.860000610351562,-0.12881611739382615,21.0,0.0,23.979999542236328,0.0,0.05733428790709749,-0.12881611739382615,1456,bj920001,2025-06-23,operable_filtered
13.84000015258789,-0.023843924860387333,1.0,0.6565506129986867,22.3799991607666,0.6565506129986867,0.6170519446549174,0.3930636180694269,1457,bj920807,2025-06-23,operable_filtered
10.1899995803833,-0.18449452779034214,21.0,0.0,8.5,0.0,0.14425910967245725,-0.17762507757378132,1458,sz002235,2025-06-23,operable_filtered
5.519999980926514,0.0,0.0,0.36775366246787944,7.550000190734863,0.36775366246787944,0.36775366246787944,0.016304375525157955,1459,sh600110,2025-06-23,operable_filtered
19.280000686645508,-0.05705395966254567,0.0,0.770626957445353,32.189998626708984,0.770626957445353,0.6696056784378499,0.538381680035749,1460,sh601606,2025-06-23,operable_filtered
36.400001525878906,-0.0008242470531988344,0.0,0.29227389002742443,47.0,0.29227389002742443,0.29120873708164363,0.09368131056224649,1461,bj920169,2025-06-23,operable_filtered
23.15999984741211,-0.13169254132794617,15.0,0.10492285623884134,22.219999313354492,0.10492285623884134,0.10535408247553435,-0.04145073794462595,1462,bj920152,2025-06-23,operable_filtered
68.18000030517578,-0.25315344762355774,20.0,0.05184609778630689,53.560001373291016,0.05184609778630689,0.24039306712065556,-0.2362863088624626,1463,bj920592,2025-06-23,score_filtered
31.68000030517578,-0.04103538926408379,0.0,0.34364716334620793,40.81999969482422,0.34364716334620793,0.28851007896471437,0.04482317409300385,1464,sz002882,2025-06-23,score_filtered
11.5600004196167,-0.01038069505860606,20.0,0.04895108742634546,12.0,0.04895108742634546,0.22404836547570395,0.01730102093471797,1465,bj920571,2025-06-23,score_filtered
53.31999969482422,-0.010690166880843899,1.0,0.904454958947349,100.45999908447266,0.904454958947349,0.884096017619151,0.5213804053051478,1466,sz301357,2025-06-23,score_filtered
28.010000228881836,-0.08782581120026978,3.0,0.33385529740530395,34.08000183105469,0.33385529740530395,0.21670837388690622,0.030703341782367888,1467,bj920914,2025-06-24,expired
21.65999984741211,-0.21606649760595165,16.0,0.11660775003622614,18.959999084472656,0.11660775003622614,0.012003704095727485,-0.1888273398615261,1468,bj920719,2025-06-24,operable_filtered
36.88999938964844,-0.1352670060633937,20.0,0.028213154523283324,32.79999923706055,0.028213154523283324,0.041474621973732084,-0.12225531027790515,1469,bj920895,2025-06-24,traded
40.54999923706055,-0.08754622204323093,15.0,0.058378374254381304,39.15999984741211,0.058378374254381304,0.12872999553431108,-0.05598028361216367,1470,bj920088,2025-06-24,operable_filtered
4.800000190734863,-0.03750006208816914,20.0,0.09740266174223922,5.070000171661377,0.09740266174223922,0.28333325054910774,0.04999995032946458,1471,sh603398,2025-06-24,traded
78.0,-0.13846157758663857,20.0,0.022321429585113073,68.69999694824219,0.022321429585113073,0.19217945979191708,-0.13166662362905646,1472,bj920227,2025-06-24,breakout_support_filtered
35.29999923706055,-0.0405099245349122,2.0,0.3002657899132284,44.040000915527344,0.3002657899132284,0.24759212088851545,0.06515578716063652,1473,bj920199,2025-06-24,traded
9.65999984741211,-0.13975149576809487,20.0,0.022863967603995006,8.5,0.022863967603995006,0.20703934074448194,-0.12836436756780667,1474,sz002235,2025-06-24,breakout_support_filtered
51.5,-0.11689321277211018,11.0,0.1978891840498347,54.47999954223633,0.1978891840498347,0.057864068781287914,0.055922350837189105,1475,bj920522,2025-06-24,operable_filtered
9.350000381469727,-0.14117653418651988,7.0,0.24159409695768375,9.970000267028809,0.24159409695768375,0.06631014548275593,-0.06737968863503818,1476,sz002199,2025-06-24,operable_filtered
34.150001525878906,-0.10980971419596797,20.0,0.0223684313719954,31.079999923706055,0.0223684313719954,0.0556368265384064,-0.10161057293287545,1477,bj920821,2025-06-24,operable_filtered
,,,,,,,,1478,sz300344,2025-06-24,operable_filtered
25.100000381469727,-0.17928286580115593,12.0,0.09708737684291768,22.600000381469727,0.09708737684291768,0.053386459451098434,-0.14820721769587886,1479,bj920221,2025-06-24,operable_filtered
24.270000457763672,-0.17140501726201562,14.0,0.1138736419033195,22.399999618530273,0.1138736419033195,0.054800160635374295,-0.09311908472415742,1480,bj920152,2025-06-24,operable_filtered
34.5,-0.08666666003241053,16.0,0.19517612103643311,37.65999984741211,0.19517612103643311,0.18318839695142652,-0.037681137306102785,1481,sz002882,2025-06-24,operable_filtered
21.219999313354492,-0.09754947039614159,11.0,0.13629246278553575,21.760000228881836,0.13629246278553575,0.12158341221445612,-0.05325161156133751,1482,bj920454,2025-06-24,score_filtered
32.310001373291016,-0.11946767088479371,11.0,0.08611595043548559,30.899999618530273,0.08611595043548559,0.07954192465459631,-0.10430209520260814,1483,bj920284,2025-06-24,score_filtered
6.400000095367432,-0.1375000158324835,14.0,0.08333334053196206,5.980000019073486,0.08333334053196206,0.17968751222360857,-0.10468751036096346,1484,sh600110,2025-06-24,score_filtered
26.5,-0.035849085393941604,2.0,0.33385529740530395,34.08000183105469,0.33385529740530395,0.28603780494545994,0.07169809881246314,1485,bj920914,2025-06-25,expired
37.0,-0.1378378481478304,19.0,0.040752387459403794,33.20000076293945,0.040752387459403794,0.0005405529125317443,-0.12216217453415334,1486,bj920895,2025-06-25,expired
67.19999694824219,-0.31532737483648454,18.0,0.16279074009358063,53.5,0.16279074009358063,0.026785760915200463,-0.24538688411653087,1487,bj920790,2025-06-25,expired
60.45000076293945,-0.1576509921210253,18.0,0.05184609778630689,53.560001373291016,0.05184609778630689,0.025641012696410392,-0.1394540975811538,1488,bj920592,2025-06-25,expired
79.87000274658203,-0.15863284540680755,19.0,0.028869085260531335,69.13999938964844,0.028869085260531335,0.16426686698403747,-0.14636286514847419,1489,bj920227,2025-06-25,expired
10.600000381469727,-0.027358485982697522,0.0,1.0368573370805674,21.0,1.0368573370805674,0.981132004175294,0.6981131464359662,1490,bj920305,2025-06-25,traded
5.340000152587891,-0.13483150682680778,19.0,0.09740266174223922,5.070000171661377,0.09740266174223922,0.1535579908975897,-0.07490638275985484,1491,sh603398,2025-06-25,operable_filtered
6.849999904632568,-0.1941605755069562,13.0,0.08333334053196206,5.980000019073486,0.08333334053196206,0.1021898242113688,-0.1795620490799792,1492,sh600110,2025-06-25,operable_filtered
9.270000457763672,-0.13376490437537936,6.0,0.24159409695768375,9.970000267028809,0.24159409695768375,0.07551238130510374,-0.045307449358558904,1493,sz002199,2025-06-25,operable_filtered
49.599998474121094,-0.08306449714982111,10.0,0.2579155598131202,57.209999084472656,0.2579155598131202,0.15342743638030742,0.15342743638030742,1494,bj920522,2025-06-25,operable_filtered
18.459999084472656,-0.16738891398497846,19.0,0.016265452300678884,15.619999885559082,0.016265452300678884,0.20747573244877549,-0.15926320544522232,1495,sh603928,2025-06-25,operable_filtered
27.260000228881836,-0.14159943426052912,19.0,0.047863284508196324,24.520000457763672,0.047863284508196324,0.025678607839818568,-0.10638296383643231,1496,bj920001,2025-06-25,operable_filtered
17.5,-0.13771427699497762,13.0,0.19615633230891816,18.049999237060547,0.19615633230891816,0.18342851911272318,-0.06285716465541291,1497,sz002846,2025-06-25,score_filtered
29.040000915527344,-0.2289945356827875,19.0,0.031263992050981626,23.09000015258789,0.031263992050981626,0.025482084978946995,-0.21797526279243717,1498,sz300801,2025-06-25,score_filtered
33.439998626708984,-0.05771526546312811,15.0,0.19517612103643311,37.65999984741211,0.19517612103643311,0.22069382090885403,0.010765568933487568,1499,sz002882,2025-06-25,score_filtered
23.5,-0.12340423908639464,11.0,0.09708737684291768,22.600000381469727,0.09708737684291768,0.12510640570457943,-0.08723401008768283,1500,bj920221,2025-06-25,score_filtered
16.8799991607666,-0.2227487833024726,13.0,0.12652437971735342,14.779999732971191,0.12652437971735342,0.06338872365940662,-0.18127959822738604,1501,sz002125,2025-06-25,score_filtered
12.0600004196167,-0.2603648618631269,17.0,0.11322872424250785,9.930000305175781,0.11322872424250785,0.14344937662044566,-0.22222223979499323,1502,bj920090,2025-06-26,expired
26.799999237060547,-0.04664179237256949,1.0,0.33385529740530395,34.08000183105469,0.33385529740530395,0.2716418955686739,0.10783587236079528,1503,bj920914,2025-06-26,expired
83.51000213623047,-0.19530600851119184,18.0,0.02976190611348417,69.19999694824219,0.02976190611348417,0.08968982962724681,-0.18045742197731496,1504,bj920227,2025-06-26,expired
41.11000061035156,-0.09997568838071624,13.0,0.059189152073215734,39.189998626708984,0.059189152073215734,0.11335440958954202,-0.08173195233437947,1505,bj920088,2025-06-26,traded
56.0,-0.17839288711547852,17.0,0.16279074009358063,53.5,0.16279074009358063,0.06928573335920052,-0.1103571483067104,1506,bj920790,2025-06-26,expired
72.55000305175781,-0.19807032587345785,17.0,0.08284633326815949,63.0,0.08284633326815949,0.0889041581933594,-0.14968992375232848,1507,bj920748,2025-06-26,traded
28.540000915527344,-0.11352493253439444,9.0,0.26837949092034163,32.09000015258789,0.26837949092034163,0.12438679478560033,-0.02347582532589998,1508,bj920943,2025-06-26,traded
7.340000152587891,-0.2479564215022111,12.0,0.08695652549493671,6.0,0.08695652549493671,0.013623964925574494,-0.18937333984014648,1509,sh600110,2025-06-26,operable_filtered
12.100000381469727,-0.13223143231631718,3.0,1.0,21.0,1.0,0.7355371353673656,0.452066044702891,1510,bj920305,2025-06-26,operable_filtered
34.68000030517578,-0.23010379100387035,4.0,0.22996251738580376,32.84000015258789,0.22996251738580376,0.05247980619402104,-0.20098042558733464,1511,sz003029,2025-06-26,operable_filtered
,,,,,,,,1512,sz300344,2025-06-26,score_filtered
43.65999984741211,-0.10902424045279391,10.0,0.13393313316470223,44.11000061035156,0.13393313316470223,0.1848373734087989,0.0009161913803743538,1513,sz300046,2025-06-26,score_filtered
20.59000015258789,-0.17872755113667416,9.0,0.17681843868116598,19.899999618530273,0.17681843868116598,0.10053422435570236,-0.10830497939340944,1514,bj920871,2025-06-26,score_filtered
22.31999969482422,-0.14023293922770153,13.0,0.4893173073645025,28.579999923706055,0.4893173073645025,0.28046596391009215,0.039874525171020414,1515,bj920082,2025-06-26,score_filtered
11.229999542236328,-0.20747996604477703,12.0,0.08314615241687862,9.640000343322754,0.08314615241687862,0.06767589135008012,-0.14336595924354179,1516,sz002759,2025-06-26,score_filtered
28.100000381469727,-0.2758007079996576,20.0,0.02702698902951206,20.899999618530273,0.02702698902951206,0.14377220474498098,-0.2640569386321785,1517,sz002365,2025-06-26,score_filtered
8.920000076293945,-0.09977582238906535,5.0,0.24159409695768375,9.970000267028809,0.24159409695768375,0.11771302486032198,0.0011211018829935249,1518,sz002199,2025-06-26,score_filtered
18.65999984741211,-0.11629153772982992,3.0,0.5936932111226765,26.280000686645508,0.5936932111226765,0.40836017693163007,0.196677390477199,1519,bj920184,2025-06-27,expired
10.899999618530273,-0.18165134050741427,16.0,0.11322872424250785,9.930000305175781,0.11322872424250785,0.08256886272496433,-0.15045866486640946,1520,bj920090,2025-06-27,operable_filtered
70.4800033569336,-0.08342798812074748,21.0,0.0,67.37999725341797,0.0,0.21850160560427057,-0.07491495682756633,1521,bj920505,2025-06-27,expired
26.399999618530273,-0.032196984611814417,0.0,0.33385529740530395,34.08000183105469,0.33385529740530395,0.2909091789203584,0.09848486435752735,1522,bj920914,2025-06-27,operable_filtered
3.799999952316284,-0.07368420392192299,21.0,0.0,3.619999885559082,0.0,0.27631578039264393,-0.06052632156831739,1523,sz002263,2025-06-27,operable_filtered
79.88999938964844,-0.1588434414614669,17.0,0.06666671964857551,71.68000030517578,0.06666671964857551,0.036425130608856104,-0.112029002586297,1524,bj920227,2025-06-27,operable_filtered
11.710000038146973,-0.10333048968447711,2.0,1.0,21.0,1.0,0.7933390206310458,0.40905208763867873,1525,bj920305,2025-06-27,operable_filtered
5.300000190734863,-0.15849058912419056,21.0,0.0,4.920000076293945,0.0,0.16226408032600537,-0.10377361715879563,1526,sh603398,2025-06-27,operable_filtered
4.789999961853027,-0.045928975353591195,21.0,0.0,4.699999809265137,0.0,0.20250527656654937,-0.03340289116624817,1527,sh600960,2025-06-27,operable_filtered
77.87999725341797,-0.06137646312111411,9.0,0.30793437217648467,95.61000061035156,0.30793437217648467,0.2899332643474599,0.12172577929203166,1528,sz301357,2025-06-27,operable_filtered
31.239999771118164,-0.1453264737977369,3.0,0.22996251738580376,32.84000015258789,0.22996251738580376,0.08226637711274432,-0.11427655957042404,1529,sz003029,2025-06-27,operable_filtered
113.3499984741211,-0.16894575900899578,16.0,0.07091295670472353,100.87999725341797,0.07091295670472353,0.03131895103261351,-0.1264226027698303,1530,bj920106,2025-06-27,operable_filtered
6.769999980926514,-0.18463810982595164,11.0,0.1467391205757913,6.329999923706055,0.1467391205757913,0.03249627633847374,-0.1285081075347385,1531,sh600110,2025-06-27,score_filtered
14.399999618530273,-0.03611107762948873,5.0,0.6210374506114544,22.5,0.6210374506114544,0.5625000413921155,0.381944454562517,1532,bj920807,2025-06-27,score_filtered
19.440000534057617,-0.22376544557438716,11.0,0.19615633230891816,18.049999237060547,0.19615633230891816,0.036522585646475925,-0.1625514280144178,1533,sz002846,2025-06-27,score_filtered
26.81999969482422,-0.12080536196812208,1.0,0.34351146767080465,31.68000030517578,0.34351146767080465,0.18120807851051013,-0.01528709366433112,1534,sh600113,2025-06-27,score_filtered
13.15999984741211,-0.07218843619150594,9.0,0.4078624472032699,17.190000534057617,0.4078624472032699,0.3062310587669195,0.21808517268317296,1535,sz300414,2025-06-27,score_filtered
14.390000343322754,-0.043780409965956,0.0,0.29796513904585153,17.860000610351562,0.29796513904585153,0.2411396931369052,-0.030576825820701647,1536,sz300993,2025-06-27,score_filtered
18.40999984741211,-0.08147745857862432,8.0,0.17681843868116598,19.899999618530273,0.17681843868116598,0.12764803916063405,-0.0032590693340400767,1537,bj920871,2025-06-27,score_filtered
6.480000019073486,-0.2052469012023581,20.0,0.05825237055190802,5.449999809265137,0.05825237055190802,0.0,-0.18055556679785822,1538,sh603959,2025-06-27,score_filtered
29.899999618530273,-0.1083611977409592,12.0,0.13615908060358062,30.290000915527344,0.13615908060358062,0.1397994068847377,-0.0565217577130086,1539,bj920914,2025-06-30,expired
11.109999656677246,-0.19711968029333682,15.0,0.11322872424250785,9.930000305175781,0.11322872424250785,0.062106260610270914,-0.18901885622771242,1540,bj920090,2025-06-30,operable_filtered
73.76000213623047,-0.13232106634438956,21.0,0.0,66.98999786376953,0.0,0.1643166318623821,-0.09747833830219699,1541,bj920505,2025-06-30,expired
41.5099983215332,-0.10864848238728197,11.0,0.1351351351351351,42.0,0.1351351351351351,0.1026259288962823,-0.01710429084995524,1542,bj920088,2025-06-30,traded
89.61000061035156,-0.1842428526255725,8.0,0.30793437217648467,95.61000061035156,0.30793437217648467,0.12108021872803931,-0.01986384072283165,1543,sz301357,2025-06-30,operable_filtered
17.770000457763672,-0.07203155057242994,2.0,0.5936932111226765,26.280000686645508,0.5936932111226765,0.47889701798875506,0.18683171689923728,1544,bj920184,2025-06-30,operable_filtered
44.70000076293945,-0.1483221690146398,7.0,0.1505122035242712,43.79999923706055,0.1505122035242712,0.02706933028680969,-0.11722598633177783,1545,bj920169,2025-06-30,operable_filtered
62.0,-0.135483895578692,7.0,0.16828359542059812,62.619998931884766,0.16828359542059812,0.039032228531376,-0.05677420093167218,1546,sz301213,2025-06-30,operable_filtered
15.5600004196167,-0.12210800263277843,2.0,0.3792093970013575,18.84000015258789,0.3792093970013575,0.21079689232116294,0.15874037277755115,1547,sz300600,2025-06-30,operable_filtered
19.040000915527344,-0.11186979861845459,7.0,0.17681843868116598,19.899999618530273,0.17681843868116598,0.09033609404670839,-0.04306730896762356,1548,bj920871,2025-06-30,operable_filtered
36.0099983215332,-0.05748402641791861,10.0,0.17855043071575483,40.0,0.17855043071575483,0.22299369531468072,-0.009719480434182692,1549,bj920199,2025-06-30,score_filtered
49.7599983215332,-0.08601284010583943,7.0,0.49516272393208394,68.0,0.49516272393208394,0.36655953162630217,0.2025723908976229,1550,bj920522,2025-06-30,score_filtered
59.09000015258789,-0.2176341272151503,21.0,0.0,50.279998779296875,0.0,0.06413946362735556,-0.21543407529808256,1551,sz301024,2025-06-30,score_filtered
13.369999885559082,-0.11069555384475904,7.0,0.646761930894467,19.579999923706055,0.646761930894467,0.4644727069036392,0.4599850878717806,1552,sh603226,2025-06-30,score_filtered
30.3799991607666,-0.1362738480583937,8.0,0.26981707261670285,33.31999969482422,0.26981707261670285,0.09677421380097995,0.03785390249003173,1553,sh601606,2025-06-30,score_filtered
15.6899995803833,-0.22179729989204455,8.0,0.4078624472032699,17.190000534057617,0.4078624472032699,0.0956023577941787,-0.014021626465149817,1554,sz300414,2025-06-30,score_filtered
14.680000305175781,-0.054495924666486895,4.0,0.6210374506114544,22.5,0.6210374506114544,0.5326975158213787,0.3065395031642757,1555,bj920807,2025-06-30,score_filtered
20.299999237060547,-0.2113300083453553,3.0,0.3085571807267009,20.950000762939453,0.3085571807267009,0.09901479332138563,-0.20098522547022724,1556,bj920427,2025-07-01,expired
37.9900016784668,-0.10765990976268247,21.0,0.0,36.63999938964844,0.0,0.1224005660894012,-0.035535725958747655,1557,bj920199,2025-07-01,operable_filtered
16.280000686645508,-0.02149879402381305,10.0,0.20276205149769377,19.15999984741211,0.20276205149769377,0.17690411789288607,0.01965600008154267,1558,sz000026,2025-07-01,operable_filtered
15.5,-0.10451612164897306,3.0,0.6210374506114544,22.5,0.6210374506114544,0.4516129032258065,0.20000002461095012,1559,bj920807,2025-07-01,operable_filtered
44.189998626708984,-0.08350302650787378,5.0,0.3708642088336709,55.52000045776367,0.3708642088336709,0.25639289846473745,0.2050237984803882,1560,sh688136,2025-07-01,operable_filtered
14.369999885559082,-0.16283926034957308,15.0,0.1221945386249601,13.5,0.1221945386249601,0.01670144558312403,-0.15379262740063615,1561,sz002015,2025-07-01,operable_filtered
123.0,-0.004065040650406471,0.0,0.37853057238520416,168.8699951171875,0.37853057238520416,0.3729267895706301,0.27756097064754837,1562,sz301345,2025-07-01,operable_filtered
43.900001525878906,-0.1138952124421343,7.0,0.1717223661477698,45.58000183105469,0.1717223661477698,0.045330245890684795,-0.03758545486396481,1563,sz300046,2025-07-01,score_filtered
42.5,-0.10164705164292276,8.0,0.399423778892235,53.43000030517578,0.399423778892235,0.2571764777688419,0.22329415714039524,1564,sz300204,2025-07-01,score_filtered
11.010000228881836,-0.27338784435134644,21.0,0.0,8.199999809265137,0.0,0.019981771914716395,-0.27066307302096126,1565,sz002235,2025-07-01,score_filtered
52.630001068115234,-0.13965423028028778,21.0,0.0,47.27000045776367,0.0,0.1947558387227497,-0.13452406778201564,1566,sz301024,2025-07-01,score_filtered
394.989990234375,-0.1695992098296597,19.0,0.0457317073170731,343.0,0.0457317073170731,0.0,-0.15314309660982062,1567,bj920982,2025-07-01,score_filtered
31.0,-0.1535483944800592,7.0,0.3216463646218226,34.68000030517578,0.3216463646218226,0.11870968726373499,0.11870968726373499,1568,sh601606,2025-07-01,score_filtered
40.790000915527344,-0.08678599745213023,6.0,0.8469799476981963,68.80000305175781,0.8469799476981963,0.6866879506631252,0.4023044736232253,1569,sz002940,2025-07-01,score_filtered
22.3799991607666,-0.07417336504293448,15.0,0.27847493479619856,26.489999771118164,0.27847493479619856,0.18364614675931823,0.11662201555963603,1570,bj920047,2025-07-01,score_filtered
31.010000228881836,-0.12350854225853569,21.0,0.0,27.81999969482422,0.0,0.09577553342254785,-0.11512414280794558,1571,bj920634,2025-07-01,score_filtered
46.7400016784668,-0.1086863852937141,4.0,0.17378784697514926,48.900001525878906,0.17378784697514926,0.04621308878572905,-0.01583229892795912,1572,sh688626,2025-07-01,score_filtered
15.15999984741211,-0.09894459202491734,1.0,0.3792093970013575,18.84000015258789,0.3792093970013575,0.24274408589812602,0.12137204294906301,1573,sz300600,2025-07-01,score_filtered
20.209999084472656,-0.09153877080293626,9.0,0.3202613815519917,24.239999771118164,0.3202613815519917,0.19940627754613605,0.12023752673213872,1574,sz300581,2025-07-01,score_filtered
31.059999465942383,-0.14359301871086938,21.0,0.0,27.3799991607666,0.0,0.09723124330455213,-0.13683194053690084,1575,bj920914,2025-07-02,expired
22.709999084472656,-0.1985908632033716,2.0,0.14725265304847746,20.8799991607666,0.14725265304847746,0.0,-0.11712901605666781,1576,sh605151,2025-07-02,traded
17.899999618530273,-0.10558656033109015,2.0,0.3085571807267009,20.950000762939453,0.3085571807267009,0.17039112901721998,-0.08100552438502662,1577,bj920427,2025-07-02,expired
52.599998474121094,-0.12528517763798286,13.0,0.16279074009358063,53.5,0.16279074009358063,0.04714835416114593,-0.09619767500721965,1578,bj920790,2025-07-02,expired
54.79999923706055,-0.2700729825385014,21.0,0.0,41.0,0.0,0.01770075244904623,-0.26824819283935375,1579,bj920689,2025-07-02,expired
45.2400016784668,-0.18213972972482995,9.0,0.1351351351351351,42.0,0.1351351351351351,0.009725875561105823,-0.17064546715915951,1580,bj920088,2025-07-02,traded
47.25,-0.16402116402116407,20.0,0.04329111606259883,41.209999084472656,0.04329111606259883,0.006349190202339594,-0.15534391857328866,1581,bj920570,2025-07-02,expired
32.220001220703125,-0.1564246034940826,20.0,0.024282554819781588,27.84000015258789,0.024282554819781588,0.024208527304327987,-0.13935448505140724,1582,bj920634,2025-07-02,operable_filtered
12.710000038146973,-0.13296613495759602,10.0,0.2250453211632264,13.5,0.2250453211632264,0.07789140583374055,-0.08103853106843562,1583,sz002549,2025-07-02,operable_filtered
12.65999984741211,-0.040284378754245176,0.0,0.7283951159942725,21.0,0.7283951159942725,0.6587677925045718,0.2780411137590346,1584,bj920305,2025-07-02,operable_filtered
14.109999656677246,-0.1325301155960089,2.0,0.10130717273738044,13.479999542236328,0.10130717273738044,0.08788098901233332,-0.09425938738961359,1585,sz002669,2025-07-02,operable_filtered
17.700000762939453,-0.10000002155196097,9.0,0.20276205149769377,19.15999984741211,0.20276205149769377,0.08248582042604347,-0.07062146588249141,1586,sz000026,2025-07-02,score_filtered
13.020000457763672,-0.18894008845292354,20.0,0.025568133840960128,10.829999923706055,0.025568133840960128,0.021505355078864863,-0.17895551424431932,1587,sz000737,2025-07-02,score_filtered
18.540000915527344,-0.08791806837237537,5.0,0.17681843868116598,19.899999618530273,0.17681843868116598,0.07335483472732318,0.018338631523718396,1588,bj920871,2025-07-02,score_filtered
50.060001373291016,-0.16699960809054137,21.0,0.0,44.16999816894531,0.0,0.1258489625296304,-0.14302835898906407,1589,sz300810,2025-07-02,score_filtered
11.100000381469727,-0.24684690366016748,21.0,0.0,8.479999542236328,0.0,0.18648645258425978,-0.23963970357397602,1590,sh603316,2025-07-02,score_filtered
11.609999656677246,-0.19552106556556292,21.0,0.0,9.989999771118164,0.0,0.1093885008888229,-0.18776911420903308,1591,sz300527,2025-07-02,score_filtered
13.069999694824219,-0.1147666438426932,21.0,0.0,12.069999694824219,0.0,0.10482019262032649,-0.10635037659556212,1592,sz002015,2025-07-02,score_filtered
32.58000183105469,-0.18938003796431468,21.0,0.0,28.3799991607666,0.0,0.033762996080392904,-0.14548807280755616,1593,bj920914,2025-07-03,expired
4.039999961853027,-0.12871286778131685,6.0,0.11647729774213533,3.930000066757202,0.11647729774213533,0.012376284952223093,-0.09653462132873747,1594,sz300225,2025-07-03,filtered
47.70000076293945,-0.1685534756170073,21.0,0.0,40.97999954223633,0.0,0.012997880963693254,-0.1417191200861082,1595,bj920689,2025-07-03,expired
17.1299991607666,-0.06538231096064129,1.0,0.3085571807267009,20.950000762939453,0.3085571807267009,0.22300068822664776,-0.04845300434147315,1596,bj920427,2025-07-03,filtered
23.079999923706055,-0.0901213141499898,4.0,0.8799999782017298,39.47999954223633,0.8799999782017298,0.7105719095642378,0.5905545583111931,1597,bj920392,2025-07-03,operable_filtered
5.389999866485596,-0.2393320953260314,19.0,0.02439022120941492,4.199999809265137,0.02439022120941492,0.00185533007969374,-0.22077923686413126,1598,sh601218,2025-07-03,operable_filtered
12.90999984741211,0.0,0.0,0.6266460300702159,21.0,0.6266460300702159,0.6266460300702159,0.228505022783287,1599,bj920305,2025-07-03,operable_filtered
18.520000457763672,-0.13984881687743966,8.0,0.20276205149769377,19.15999984741211,0.20276205149769377,0.034557201610659005,-0.045896347757021894,1600,sz000026,2025-07-03,operable_filtered
18.5,-0.016756727888777467,0.0,0.511819636756526,27.5,0.511819636756526,0.4864864864864864,0.4572972478093327,1601,sh603256,2025-07-03,score_filtered
109.30000305175781,-0.1381519275563532,12.0,0.09182592150859215,102.8499984741211,0.09182592150859215,0.0201280593487303,-0.12918574887775314,1602,bj920106,2025-07-03,score_filtered
44.220001220703125,-0.13658979531415094,6.0,0.4979046141850385,57.189998626708984,0.4979046141850385,0.29330612953338187,0.2209407550443374,1603,sz300204,2025-07-03,score_filtered
13.15999984741211,-0.1626139372690999,9.0,0.2250453211632264,13.5,0.2250453211632264,0.025835878155785252,-0.10182372098213965,1604,sz002549,2025-07-03,score_filtered
19.950000762939453,-0.07368426889656587,20.0,0.10010824823028397,20.329999923706055,0.10010824823028397,0.24110272090203533,-0.06365916838073082,1605,sz002104,2025-07-03,score_filtered
4.409999847412109,-0.045351432241545586,13.0,0.2232779213071454,5.150000095367432,0.2232779213071454,0.24263043280812768,0.06122448758925825,1606,sz300472,2025-07-03,score_filtered
21.34000015258789,-0.05810683047102927,20.0,0.02935324086519997,20.690000534057617,0.02935324086519997,0.24648548225263056,-0.044985988048592884,1607,bj920299,2025-07-03,score_filtered
36.75,-0.23673471463780826,20.0,0.015329779567610613,28.479999542236328,0.015329779567610613,0.04979596819196419,-0.22639454951902638,1608,sz001298,2025-07-03,score_filtered
21.799999237060547,-0.045871561238404746,0.0,0.4014423407570158,29.149999618530273,0.4014423407570158,0.3371559926008869,0.13761468371521435,1609,sh603151,2025-07-03,score_filtered
18.520000457763672,-0.08693307616397183,4.0,0.17681843868116598,19.899999618530273,0.17681843868116598,0.07451399172012985,-0.02645787035673397,1610,bj920871,2025-07-03,score_filtered
27.799999237060547,-0.12050354554165477,21.0,0.0,24.8799991607666,0.0,0.0532374636763282,-0.10611506966007889,1611,bj920357,2025-07-03,score_filtered
31.56999969482422,-0.033892926992952765,0.0,0.3049180077724769,39.79999923706055,0.3049180077724769,0.26069051700325496,0.15077612233904625,1612,sh688321,2025-07-03,score_filtered
14.579999923706055,-0.10082306410980779,0.0,0.6018307055640679,21.0,0.6018307055640679,0.4403292256439231,0.1995884679450961,1613,bj920305,2025-07-04,traded
10.4399995803833,-0.17145594193475133,20.0,0.05202321188262826,9.100000381469727,0.05202321188262826,0.13026826293240434,-0.13601524709711665,1614,bj920090,2025-07-04,operable_filtered
191.74000549316406,-0.11119227450412716,1.0,0.3612251978641994,231.97999572753906,0.3612251978641994,0.20986747200134848,0.17867942800313208,1615,sh688068,2025-07-04,operable_filtered
15.539999961853027,-0.2355212262803431,20.0,0.05218854205274215,12.5,0.05218854205274215,0.04375800213453673,-0.20334619402632892,1616,sz002579,2025-07-04,score_filtered
22.399999618530273,-0.06249998403446988,3.0,0.8799999782017298,39.47999954223633,0.8799999782017298,0.7625000095793182,0.6200893541759993,1617,bj920392,2025-07-04,score_filtered
57.18000030517578,-0.22140608219384983,20.0,0.050988329614174877,46.790000915527344,0.050988329614174877,0.09968521742773584,-0.18642881760263286,1618,sz301024,2025-07-04,score_filtered
45.029998779296875,-0.11925381029221105,20.0,0.042107967475233155,41.33000183105469,0.042107967475233155,0.04041749376331283,-0.08349985395207049,1619,bj920689,2025-07-04,score_filtered
47.0,-0.209999977274144,20.0,0.039859938046359344,38.61000061035156,0.039859938046359344,0.1063829787234043,-0.18744683772959603,1620,sz300468,2025-07-04,score_filtered
15.739999771118164,-0.1296060985716334,6.0,0.18467151592660502,16.229999542236328,0.18467151592660502,0.031130862658415026,0.031130862658415026,1621,sz002173,2025-07-04,score_filtered
4.800000190734863,-0.12291669357154,12.0,0.2232779213071454,5.150000095367432,0.2232779213071454,0.14166662527455398,-0.02083341197834765,1622,sz300472,2025-07-04,score_filtered
22.850000381469727,-0.09321667538537837,12.0,0.27847493479619856,26.489999771118164,0.27847493479619856,0.15929975181095868,0.07702407875271255,1623,bj920047,2025-07-04,score_filtered
31.5,-0.03142856416248141,20.0,0.04097017340618403,31.760000228881836,0.04097017340618403,0.3206348721943204,-0.010793655637710842,1624,sz301176,2025-07-04,score_filtered
18.360000610351562,0.0,0.0,0.4978213009696313,27.5,0.4978213009696313,0.4978213009696313,0.32135073106717615,1625,sh603256,2025-07-04,score_filtered
19.989999771118164,-0.19209605785668782,20.0,0.057585159575404,17.079999923706055,0.057585159575404,0.21060535467859065,-0.15557782120862929,1626,sz300649,2025-07-04,score_filtered
20.299999237060547,-0.09556643840494539,6.0,0.3202613815519917,24.239999771118164,0.3202613815519917,0.1940887035534753,0.0763547390474495,1627,sz300581,2025-07-04,score_filtered
85.19000244140625,-0.202018999780047,20.0,0.042953780887795334,70.9000015258789,0.042953780887795334,0.04519307857479071,-0.17654654870883313,1628,sh688520,2025-07-04,score_filtered
52.849998474121094,-0.212488171550947,20.0,0.040605537837040906,43.310001373291016,0.040605537837040906,0.0,-0.19545881389979003,1629,sz300804,2025-07-04,score_filtered
57.0099983215332,-0.02139970955840309,2.0,1.2344506473634826,124.66000366210938,1.2344506473634826,1.1866340524873187,1.0250833248075306,1630,sz300436,2025-07-07,expired
24.15999984741211,-0.16804633657219448,18.0,0.02935324086519997,20.690000534057617,0.02935324086519997,0.024006619510313465,-0.1523178943881477,1631,bj920299,2025-07-07,traded
47.79999923706055,-0.2232217225784513,19.0,0.045785098681273784,38.83000183105469,0.045785098681273784,0.08786612615012523,-0.2046024881882047,1632,sz300468,2025-07-07,operable_filtered
4.460000038146973,-0.18161433539271388,18.0,0.05205474351713768,3.8399999141693115,0.05205474351713768,0.1726457341570855,-0.1524663813769218,1633,sz002721,2025-07-07,operable_filtered
49.97999954223633,-0.0638255033198476,1.0,0.9128018433164695,89.5,0.9128018433164695,0.7907163029156636,0.7867147632983378,1634,sh688500,2025-07-07,operable_filtered
20.399999618530273,-0.09558818098307931,20.0,0.11327913637738574,20.540000915527344,0.11327913637738574,0.21372552411183232,-0.025000011687185464,1635,sz002104,2025-07-07,score_filtered
37.599998474121094,-0.17260633316877383,21.0,0.0,31.770000457763672,0.0,0.11117022539383203,-0.1699467991746456,1636,sh605099,2025-07-07,score_filtered
59.560001373291016,-0.252518478320114,19.0,0.050988329614174877,46.790000915527344,0.050988329614174877,0.05204832778112145,-0.22061791305193257,1637,sz301024,2025-07-07,score_filtered
22.649999618530273,-0.2869757222725188,19.0,0.057585159575404,17.079999923706055,0.057585159575404,0.06843272276000856,-0.25871959389389065,1638,sz300649,2025-07-07,score_filtered
10.989999771118164,-0.09645127279511623,7.0,0.31722049564171817,13.079999923706055,0.31722049564171817,0.19017290228526051,0.19017290228526051,1639,sh600698,2025-07-07,score_filtered
108.0999984741211,-0.128584659778756,10.0,0.09182592150859215,102.8499984741211,0.09182592150859215,0.011193331189198297,-0.10647550692598706,1640,bj920106,2025-07-07,score_filtered
14.319999694824219,-0.06983240372284627,0.0,0.46771769406700003,19.549999237060547,0.46771769406700003,0.36522343950374836,0.22276540517040666,1641,sh600475,2025-07-07,score_filtered
8.260000228881836,-0.09685232064977312,19.0,0.025469176440869656,7.650000095367432,0.025469176440869656,0.20944303805068043,-0.0762711981820613,1642,sz002201,2025-07-07,score_filtered
72.9000015258789,-0.14320990703546332,19.0,0.047550452517400865,65.43000030517578,0.047550452517400865,0.1780520638662988,-0.12702334626074385,1643,bj920505,2025-07-07,score_filtered
32.47999954223633,-0.05449508875337261,1.0,0.2959948037635698,39.79999923706055,0.2959948037635698,0.22536945190856428,0.12068971794611905,1644,sh688321,2025-07-07,score_filtered
20.510000228881836,-0.010238956093504559,0.0,0.41330057203548676,28.690000534057617,0.41330057203548676,0.3988298495314906,0.06240861396203368,1645,sh603093,2025-07-07,score_filtered
26.010000228881836,-0.10303730417502555,4.0,0.6549507388175861,38.61000061035156,0.6549507388175861,0.4844290761473553,0.2937332268268693,1646,sz301511,2025-07-07,score_filtered
22.010000228881836,-0.08223532244980514,6.0,0.6599008669749018,33.529998779296875,0.6599008669749018,0.5233983839445095,0.27442066993951864,1647,sh603716,2025-07-07,score_filtered
35.5099983215332,-0.13545473911433492,19.0,0.058306217297825036,32.4900016784668,0.058306217297825036,0.06054637081115111,-0.09321311503939367,1648,sz002882,2025-07-07,score_filtered
15.109999656677246,-0.213765692629183,19.0,0.07575754291755143,12.779999732971191,0.07575754291755143,0.058239585336591126,-0.16214426637544355,1649,sz002579,2025-07-07,score_filtered
30.889999389648438,-0.14503074233590385,18.0,0.28209014789787945,33.86000061035156,0.28209014789787945,0.09614766200670122,-0.016510205210711115,1650,bj920914,2025-07-08,traded
18.059999465942383,-0.06478405929636577,1.0,0.5559503633109677,26.280000686645508,0.5559503633109677,0.455149582712028,0.2973422479530061,1651,bj920184,2025-07-08,expired
63.02000045776367,-0.11472547587621662,1.0,1.2962896309022338,128.11000061035156,1.2962896309022338,1.032846710247353,0.8490954924285645,1652,sz300436,2025-07-08,operable_filtered
9.109999656677246,-0.18111961368965512,18.0,0.032171550923715486,7.699999809265137,0.032171550923715486,0.09659716219592984,-0.16136112465319385,1653,sz002201,2025-07-08,operable_filtered
4.630000114440918,-0.21166306584245587,17.0,0.05205474351713768,3.8399999141693115,0.05205474351713768,0.12958960902855599,-0.19006481483579396,1654,sz002721,2025-07-08,operable_filtered
15.300000190734863,-0.08692809850495653,16.0,0.3786685655502944,19.260000228881836,0.3786685655502944,0.2777777119832543,0.25882352867845104,1655,sh600475,2025-07-08,operable_filtered
22.6299991607666,-0.11179844777383408,17.0,0.04477609957460427,21.0,0.04477609957460427,0.060539146709671865,-0.07247014805425567,1656,bj920299,2025-07-08,score_filtered
21.540000915527344,-0.1318477266424184,18.0,0.045454462002250784,19.549999237060547,0.045454462002250784,0.12813362136598738,-0.11095641575735549,1657,bj920770,2025-07-08,score_filtered
38.61000061035156,-0.21911424133863167,21.0,0.0,31.549999237060547,0.0,0.07744102088845595,-0.20901319780504235,1658,sz301176,2025-07-08,score_filtered
11.420000076293945,-0.13047283372713459,6.0,0.44914399809457217,14.390000343322754,0.44914399809457217,0.2600700741845041,0.17600702412027713,1659,sh600698,2025-07-08,score_filtered
10.359999656677246,-0.16216210493971095,16.0,0.023041451870212448,8.880000114440918,0.023041451870212448,0.14092664927898624,-0.15057910401926788,1660,sh605162,2025-07-08,score_filtered
156.0,-0.1018589704464643,2.0,0.44165301986474126,201.99000549316406,0.44165301986474126,0.2948077275202825,0.22884613428360367,1661,sz300476,2025-07-08,score_filtered
21.110000610351562,-0.23495977491299025,18.0,0.057585159575404,17.079999923706055,0.057585159575404,0.14637612805528155,-0.21790621736003446,1662,sz300649,2025-07-08,score_filtered
12.520000457763672,-0.13658146770167245,17.0,0.4514337623808933,15.6899995803833,0.4514337623808933,0.2531948088431504,0.15814692251137474,1663,sz300591,2025-07-08,score_filtered
7.590000152587891,-0.11198950782364736,18.0,0.0682492661376839,7.199999809265137,0.0682492661376839,0.222661336812632,-0.07378128215038349,1664,sh600744,2025-07-08,score_filtered
24.399999618530273,-0.03606553993952921,2.0,0.292516965427847,30.399999618530273,0.292516965427847,0.2459016431886898,0.08278690530099886,1665,sz002080,2025-07-08,score_filtered
18.200000762939453,-0.054945052641772074,16.0,0.08081391441815788,18.59000015258789,0.08081391441815788,0.07692305273860667,0.002747210712340298,1666,bj920641,2025-07-08,score_filtered
25.200000762939453,-0.21031749936308186,18.0,0.024120580474251252,20.3799991607666,0.024120580474251252,0.09920634620283986,-0.20396829926117488,1667,sz002987,2025-07-08,score_filtered
14.699999809265137,-0.0394557776348059,0.0,0.7634560779278898,24.899999618530273,0.7634560779278898,0.6938775470484202,0.055102070076638476,1668,bj920039,2025-07-09,expired
16.950000762939453,-0.05781713579939063,19.0,0.06762673462576396,17.049999237060547,0.06762673462576396,0.2359881899678642,-0.027728684339104248,1669,bj920427,2025-07-09,operable_filtered
50.27000045776367,-0.04097874188447259,3.0,0.487450745618637,71.70999908447266,0.487450745618637,0.42649688544806463,0.15257605130498386,1670,sh688202,2025-07-09,operable_filtered
22.399999618530273,-0.10267853911737956,16.0,0.07064676862409658,21.520000457763672,0.07064676862409658,0.07142858967489163,-0.06562497046376925,1671,bj920299,2025-07-09,operable_filtered
10.850000381469727,-0.19999999999999996,15.0,0.027649742244254982,8.920000076293945,0.027649742244254982,0.08940085523048591,-0.1852534708030641,1672,sh605162,2025-07-09,operable_filtered
21.729999542236328,-0.15094334323024639,18.0,0.11327913637738574,20.540000915527344,0.11327913637738574,0.13943859873333797,-0.10538421796685582,1673,sz002104,2025-07-09,operable_filtered
8.109999656677246,-0.16892724334841536,17.0,0.1468843147736607,7.730000019073486,0.1468843147736607,0.1442663533691575,-0.046855690960589946,1674,sh600744,2025-07-09,operable_filtered
6.380000114440918,-0.14576807029685723,19.0,0.031192675641004808,5.619999885559082,0.031192675641004808,0.1833855886061333,-0.12539187717631683,1675,sz000514,2025-07-09,operable_filtered
4.789999961853027,-0.23799579865645404,16.0,0.05205474351713768,3.8399999141693115,0.05205474351713768,0.054279797693621346,-0.22546971446911102,1676,sz002721,2025-07-09,operable_filtered
50.099998474121094,-0.12574849159555923,14.0,0.09589043004790065,48.0,0.09589043004790065,0.047904223532434065,-0.053293378248793544,1677,sz301208,2025-07-09,score_filtered
19.610000610351562,-0.03671602235050708,1.0,0.5992588703325996,30.209999084472656,0.5992588703325996,0.5405404459052212,0.3952065149813915,1678,sh603389,2025-07-09,score_filtered
38.5099983215332,-0.2220202443446937,21.0,0.0,30.799999237060547,0.0,0.06180215974676995,-0.2168267680617404,1679,sz301176,2025-07-09,score_filtered
26.059999465942383,-0.23829620919940764,21.0,0.0,20.31999969482422,0.0,0.028396001008567318,-0.23215653726191532,1680,sz002987,2025-07-09,score_filtered
21.0,-0.13904762268066406,16.0,0.061393839327186894,19.190000534057617,0.061393839327186894,0.21142859685988658,-0.10952377319335938,1681,bj920892,2025-07-10,expired
19.780000686645508,-0.24519717963125298,20.0,0.07367718412493196,16.030000686645508,0.07367718412493196,0.2588472575403671,-0.22345808273669232,1682,bj920039,2025-07-10,expired
18.0,-0.11277776294284392,18.0,0.06762673462576396,17.049999237060547,0.06762673462576396,0.08888891008165145,-0.08722220526801217,1683,bj920427,2025-07-10,expired
18.93000030517578,-0.022187008426994614,0.0,0.41977311516397786,26.280000686645508,0.41977311516397786,0.38827259709341444,0.26782882266716057,1684,bj920184,2025-07-10,expired
8.210000038146973,-0.08891595806109764,2.0,0.6483957075221125,12.329999923706055,0.6483957075221125,0.501827023923983,0.062119394215854884,1685,bj920873,2025-07-10,operable_filtered
22.670000076293945,-0.17512127481225404,16.0,0.06898390136621235,19.989999771118164,0.06898390136621235,0.02823111546072221,-0.13630349105376094,1686,bj920770,2025-07-10,operable_filtered
50.83000183105469,-0.05154441574269897,2.0,0.487450745618637,71.70999908447266,0.487450745618637,0.4107809659896824,0.17233913055224925,1687,sh688202,2025-07-10,operable_filtered
21.139999389648438,-0.2904446341968673,16.0,0.058666674296061094,15.880000114440918,0.058666674296061094,0.011825922763385455,-0.25212862459407936,1688,sz300778,2025-07-10,score_filtered
5.889999866485596,-0.12563663631451016,16.0,0.04660189644152646,5.389999866485596,0.04660189644152646,0.08998305973215359,-0.11714772034997745,1689,sz002640,2025-07-10,score_filtered
19.149999618530273,-0.27049605507506636,14.0,0.668575448846433,23.309999465942383,0.668575448846433,0.21723237233836468,0.1947780478610055,1690,sh600475,2025-07-10,score_filtered
25.709999084472656,-0.17502917776133797,20.0,0.050919466179766726,22.290000915527344,0.050919466179766726,0.11590826743298899,-0.14741342447062356,1691,sh603093,2025-07-10,score_filtered
14.510000228881836,-0.1957270921977612,10.0,0.0711225294155815,12.5,0.0711225294155815,0.019297017819052797,-0.14955203597961408,1692,sz002636,2025-07-10,score_filtered
7.900000095367432,-0.1468354823096133,16.0,0.1468843147736607,7.730000019073486,0.1468843147736607,0.17468349632210667,-0.05443041771960655,1693,sh600744,2025-07-10,score_filtered
32.52000045776367,-0.15405904546000004,17.0,0.14721916406269564,31.559999465942383,0.14721916406269564,0.07533827578266683,-0.05073799493555542,1694,sz002657,2025-07-10,score_filtered
19.329999923706055,-0.032591782889454635,0.0,0.43582883882455925,26.850000381469727,0.43582883882455925,0.3890326170431715,0.28039317629002825,1695,bj920925,2025-07-10,score_filtered
21.510000228881836,-0.13947001246294033,4.0,0.41977311516397786,26.280000686645508,0.41977311516397786,0.22175734109751022,0.1594607284369185,1696,bj920184,2025-07-11,expired
18.489999771118164,-0.19253647971933396,19.0,0.07367718412493196,16.030000686645508,0.07367718412493196,0.3466738738106794,-0.15792320781177394,1697,bj920039,2025-07-11,expired
22.260000228881836,-0.163971230053919,14.0,0.15529281541457407,21.5,0.15529281541457407,0.032344982297902725,-0.07996409112053815,1698,sh600962,2025-07-11,expired
19.0,-0.0821052350495991,2.0,0.2901375751715711,22.5,0.2901375751715711,0.18421052631578938,0.013684222572728277,1699,bj920807,2025-07-11,expired
10.630000114440918,-0.1862653315704863,15.0,0.057803470757257225,9.149999618530273,0.057803470757257225,0.019755412595121813,-0.15522112459463233,1700,bj920090,2025-07-11,expired
7.789999961853027,-0.03979460132189794,1.0,0.6483957075221125,12.329999923706055,0.6483957075221125,0.5827984575205423,0.09499355259844422,1701,bj920873,2025-07-11,filtered
19.020000457763672,-0.05257623427615721,21.0,0.0,18.799999237060547,0.0,0.33753942806417747,-0.05099901142784602,1702,bj920892,2025-07-11,filtered
50.31999969482422,-0.085651856109497,6.0,0.16279074009358063,53.5,0.16279074009358063,0.06319555493762996,-0.03716214116108407,1703,bj920790,2025-07-11,operable_filtered
62.5099983215332,-0.032154829235386595,1.0,1.2892561983471076,138.5,1.2892561983471076,1.215645556213206,1.1630140832573108,1704,sz300436,2025-07-11,operable_filtered
8.260000228881836,-0.18401942078026257,15.0,0.17210687887854692,7.900000095367432,0.17210687887854692,0.12348661934933558,-0.0907990289609869,1705,sh600744,2025-07-11,operable_filtered
6.579999923706055,-0.17173254217979805,17.0,0.06605507268135957,5.809999942779541,0.06605507268135957,0.13677813158096885,-0.12917931831127172,1706,sz000514,2025-07-11,operable_filtered
20.600000381469727,-0.07184463664222207,1.0,0.4042886612418295,26.850000381469727,0.4042886612418295,0.3033980526341178,0.17281550485526687,1707,bj920925,2025-07-11,operable_filtered
18.329999923706055,-0.2525913875456689,15.0,0.05912411904333803,14.510000228881836,0.05912411904333803,0.030005414039813383,-0.22149478902570074,1708,sh605122,2025-07-11,operable_filtered
20.520000457763672,-0.13791422322485059,19.0,0.04296213713609842,18.450000762939453,0.04296213713609842,0.12037033422287169,-0.11890840543984738,1709,sz300996,2025-07-11,score_filtered
21.329999923706055,-0.2358181296126115,19.0,0.050920243101540974,17.1299991607666,0.050920243101540974,0.006094662973820331,-0.1997187174926941,1710,sz300348,2025-07-11,score_filtered
124.0,-0.013709652808404749,0.0,0.21733443309732325,148.8800048828125,0.21733443309732325,0.20064520066784275,0.025725826140372998,1711,bj920002,2025-07-11,score_filtered
23.010000228881836,-0.19817468146822237,16.0,0.21029804879793623,22.329999923706055,0.21029804879793623,0.07605388885669906,-0.029552381504205916,1712,sz002104,2025-07-11,score_filtered
27.299999237060547,-0.22307693490044267,19.0,0.0994814097797978,23.31999969482422,0.0994814097797978,0.050915799847719434,-0.15018309848724198,1713,sh603093,2025-07-11,score_filtered
21.299999237060547,-0.2990609934295867,18.0,0.07367718412493196,16.030000686645508,0.07367718412493196,0.16901410847029386,-0.2788732297251967,1714,bj920039,2025-07-14,expired
20.8799991607666,-0.11350570053364661,3.0,0.41977311516397786,26.280000686645508,0.41977311516397786,0.2586207731284529,0.15469356223223008,1715,bj920184,2025-07-14,expired
14.0,-0.018571444920131186,0.0,0.5283843049359103,21.0,0.5283843049359103,0.5,0.23857143947056358,1716,bj920305,2025-07-14,breakout_support_filtered
4.119999885559082,-0.12135922667195664,19.0,0.09392269705427903,3.9600000381469727,0.09392269705427903,0.24029132899380645,-0.03883491549912932,1717,sh600777,2025-07-14,expired
7.730000019073486,-0.032341526440250234,0.0,0.6483957075221125,12.329999923706055,0.6483957075221125,0.5950840741632912,0.07891334178644915,1718,bj920873,2025-07-14,expired
8.699999809265137,-0.2252873656456469,14.0,0.17210687887854692,7.900000095367432,0.17210687887854692,0.021839142324494576,-0.16436779996428652,1719,sh600744,2025-07-14,expired
19.649999618530273,-0.09058518136653326,21.0,0.0,18.25,0.0,0.2946565408615722,-0.08244269533507165,1720,bj920892,2025-07-14,operable_filtered
18.239999771118164,-0.0438596078453517,1.0,0.2901375751715711,22.5,0.2901375751715711,0.23355264705799317,0.07072373529137721,1721,bj920807,2025-07-14,operable_filtered
6.5,-0.14461539341853213,14.0,0.03237407017825222,5.739999771118164,0.03237407017825222,0.16461541102482724,-0.12923079270582938,1722,sh600604,2025-07-14,operable_filtered
4.869999885559082,-0.256673517325247,14.0,0.049723776919236684,3.799999952316284,0.049723776919236684,0.0,-0.23613960656527433,1723,sh601908,2025-07-14,operable_filtered
42.0,-0.06666664850144155,0.0,0.7551020845081935,68.80000305175781,0.7551020845081935,0.6380953107561385,0.2511904580252511,1724,sz002940,2025-07-14,operable_filtered
6.360000133514404,-0.10377363370974724,2.0,0.37894743798732544,7.860000133514404,0.37894743798732544,0.23584905165263437,0.08805030362005617,1725,sz300066,2025-07-14,operable_filtered
50.0,-0.05800003051757807,0.0,0.443312219941683,67.9800033569336,0.443312219941683,0.3596000671386719,0.10580001831054697,1726,sh603590,2025-07-14,score_filtered
22.700000762939453,-0.05770930965913246,4.0,0.5315567674764501,32.7599983215332,0.5315567674764501,0.44317168372161175,0.0916299495065176,1727,bj920564,2025-07-14,score_filtered
41.099998474121094,-0.03430656690413081,1.0,0.44091712283969575,57.189998626708984,0.44091712283969575,0.3914842031616881,0.2119222195264614,1728,sz300204,2025-07-14,score_filtered
26.43000030517578,-0.023836589513465123,0.0,0.45155046009242517,37.45000076293945,0.45155046009242517,0.4169504476171204,0.2050699967352081,1729,sz300950,2025-07-14,score_filtered
26.75,-0.2194392837096597,21.0,0.0,21.329999923706055,0.0,0.05719628735123394,-0.2082242876569801,1730,sz002623,2025-07-14,score_filtered
47.900001525878906,-0.0031315557641029557,0.0,0.287958115183246,61.5,0.287958115183246,0.2839248025237209,0.24217115040912818,1731,sz002384,2025-07-14,score_filtered
20.600000381469727,-0.2752427170532612,17.0,0.11185532767303474,16.600000381469727,0.11185532767303474,0.09223298948282421,-0.22864077431686602,1732,bj920039,2025-07-15,expired
21.75,-0.17839076601225756,20.0,0.045886942155252575,18.690000534057617,0.045886942155252575,0.16321835572692178,-0.1641379170034124,1733,bj920892,2025-07-15,expired
8.180000305175781,-0.07090469179765502,2.0,0.6223684313719955,12.329999923706055,0.6223684313719955,0.507334897763319,-0.024449911814275582,1734,bj920873,2025-07-15,expired
3.680000066757202,-0.0326087287502157,15.0,0.3539326542511305,4.820000171661377,0.3539326542511305,0.309782631582596,0.1684782915028591,1735,sz300225,2025-07-15,filtered
15.100000381469727,-0.07218543874512129,9.0,0.48750890878830266,20.84000015258789,0.48750890878830266,0.3907284416873644,0.08609266253104653,1736,bj920305,2025-07-15,operable_filtered
8.199999809265137,-0.1780487892813517,13.0,0.17210687887854692,7.900000095367432,0.17210687887854692,0.04390251447869553,-0.15000000581508743,1737,sh600744,2025-07-15,operable_filtered
6.309999942779541,-0.09667197132266547,1.0,0.37894743798732544,7.860000133514404,0.37894743798732544,0.24564187080675182,0.0475436122750128,1738,sz300066,2025-07-15,operable_filtered
24.6200008392334,-0.1311942055029408,3.0,0.5315567674764501,32.7599983215332,0.5315567674764501,0.33062539418472503,0.026807466487180687,1739,bj920564,2025-07-15,score_filtered
18.59000015258789,-0.0618611946794515,0.0,0.2901375751715711,22.5,0.2901375751715711,0.21032812347060692,0.0408822067048793,1740,bj920807,2025-07-15,score_filtered
51.47999954223633,-0.02331003833741141,0.0,0.22315038769100037,61.5,0.22315038769100037,0.1946387052615035,0.06643360555659417,1741,sz002384,2025-07-15,score_filtered
14.5,-0.16482760988432787,12.0,0.3113130111184568,15.880000114440918,0.3113130111184568,0.1027586049047009,-0.022068944470635787,1742,sz300839,2025-07-15,score_filtered
58.939998626708984,-0.041228373970043086,4.0,0.603079083854285,90.58999633789062,0.603079083854285,0.5369867398815864,0.3211741527135836,1743,sh688500,2025-07-15,score_filtered
179.8000030517578,-0.05912127198213957,1.0,0.49530064108201466,252.9600067138672,0.49530064108201466,0.4068965651855372,0.3318687272311587,1744,sz300308,2025-07-15,score_filtered
22.700000762939453,-0.12731282818788947,7.0,0.5249873750077627,30.209999084472656,0.5249873750077627,0.33083691934469894,0.18942727279907512,1745,sh603389,2025-07-15,score_filtered
39.02000045776367,-0.12788317836818364,13.0,0.22068769925432363,41.540000915527344,0.22068769925432363,0.06458227647873538,0.03459760272382284,1746,sz300533,2025-07-15,score_filtered
19.649999618530273,-0.24020353206029865,16.0,0.12324180274464003,16.770000457763672,0.12324180274464003,0.037150104651805016,-0.16284981769532292,1747,bj920039,2025-07-16,expired
21.450000762939453,-0.16689975740660346,19.0,0.045886942155252575,18.690000534057617,0.045886942155252575,0.17948710196658757,-0.1431236127262564,1748,bj920892,2025-07-16,expired
4.420000076293945,-0.18099551514162926,17.0,0.2071823269917501,4.369999885559082,0.2071823269917501,0.15610860753627098,-0.011312260151992382,1749,sh600777,2025-07-16,expired
19.100000381469727,-0.2664921492633091,8.0,0.48750890878830266,20.84000015258789,0.48750890878830266,0.09947641783157235,-0.13298433847109137,1750,bj920305,2025-07-16,expired
3.75,-0.05066668192545576,14.0,0.3539326542511305,4.820000171661377,0.3539326542511305,0.2853333791097006,0.16800003051757817,1751,sz300225,2025-07-16,filtered
14.800000190734863,-0.1817567904993419,11.0,0.3113130111184568,15.880000114440918,0.3113130111184568,0.08040537601670228,-0.045270274841846314,1752,sz300839,2025-07-16,expired
18.579999923706055,-0.04628636242642259,14.0,0.26749435410789846,22.459999084472656,0.26749435410789846,0.21097955287354186,0.06135626449567,1753,bj920807,2025-07-16,operable_filtered
12.15999984741211,-0.1110196911789203,11.0,0.4514337623808933,15.6899995803833,0.4514337623808933,0.2902960343147081,0.004934245096184675,1754,sz300591,2025-07-16,operable_filtered
70.4000015258789,-0.050852297634378374,1.0,1.568991386502594,171.66000366210938,1.568991386502594,1.4383522718960098,1.3755682083570262,1755,sz300436,2025-07-16,operable_filtered
14.930000305175781,-0.2083054619411775,12.0,0.04230118552532125,12.319999694824219,0.04230118552532125,0.11855327673034721,-0.19624917918856566,1756,sh600822,2025-07-16,operable_filtered
45.0,-0.036444430881076406,1.0,0.5867159152053338,68.80000305175781,0.5867159152053338,0.5288889567057291,0.10333336724175357,1757,sz002940,2025-07-16,operable_filtered
13.6899995803833,-0.06501091431176786,0.0,0.3007812008145272,16.649999618530273,0.3007812008145272,0.21621622563001552,0.08984664233833417,1758,sz002645,2025-07-16,operable_filtered
25.229999542236328,-0.0657946840083442,5.0,0.25837930553411104,29.65999984741211,0.25837930553411104,0.1755846367638545,0.08680144961522651,1759,sh605259,2025-07-16,score_filtered
6.960000038146973,-0.20114943788709616,12.0,0.052158267057112795,5.849999904632568,0.052158267057112795,0.08764369686365847,-0.1695402042918358,1760,sh600604,2025-07-16,score_filtered
81.0,-0.03938274619020066,7.0,1.283511094342109,177.67999267578125,1.283511094342109,1.1935801564911266,0.8341976212866513,1761,sz301357,2025-07-16,score_filtered
20.6299991607666,-0.03538534037483698,1.0,0.34924627618926296,26.850000381469727,0.34924627618926296,0.30150273745682465,0.2394571369373748,1762,bj920925,2025-07-16,score_filtered
73.58000183105469,-0.15330255929992898,15.0,0.13964688394031421,71.0,0.13964688394031421,0.08453385520409107,-0.12761618858353108,1763,sz301183,2025-07-16,score_filtered
41.5,-0.0024096017860504304,0.0,0.3814008820980319,57.189998626708984,0.3814008820980319,0.3780722560652767,0.28891570309558556,1764,sz300204,2025-07-16,score_filtered
4.639999866485596,-0.2198275884216947,16.0,0.2679558833408635,4.590000152587891,0.2679558833408635,0.10129316391226406,-0.053879311895186244,1765,sh600777,2025-07-17,expired
18.799999237060547,-0.20585101536896955,15.0,0.13797718846852547,16.989999771118164,0.13797718846852547,0.026595745760156664,-0.10585105595085698,1766,bj920039,2025-07-17,expired
58.0,-0.1606896499107624,21.0,0.0,54.72999954223633,0.0,0.06034482758620685,-0.05775859438139819,1767,sz002384,2025-07-17,operable_filtered
62.0,-0.08854841416881931,2.0,0.603079083854285,90.58999633789062,0.603079083854285,0.46112897319178425,0.20999994585590986,1768,sh688500,2025-07-17,operable_filtered
34.689998626708984,-0.13635052549683713,15.0,0.22663555150261638,36.75,0.22663555150261638,0.05938314946213197,0.007495017195829012,1769,sz301176,2025-07-17,operable_filtered
20.290000915527344,-0.11927057501717464,18.0,0.06211520150384886,18.979999542236328,0.06211520150384886,0.24691957099416384,-0.06702811971342959,1770,bj920892,2025-07-17,operable_filtered
14.819999694824219,-0.202429153966024,11.0,0.04230118552532125,12.319999694824219,0.04230118552532125,0.12685567522459618,-0.18488527851151637,1771,sh600822,2025-07-17,operable_filtered
13.680000305175781,-0.21564332581362078,19.0,0.03914259964697164,11.149999618530273,0.03914259964697164,0.13157888866270873,-0.18640351855621518,1772,sh600826,2025-07-17,operable_filtered
199.6999969482422,-0.09339005599142813,5.0,0.44832917316074705,262.2200012207031,0.44832917316074705,0.31306963058524606,0.13905861140127262,1773,sh688068,2025-07-17,score_filtered
44.9900016784668,-0.036230295783593824,0.0,0.5867159152053338,68.80000305175781,0.5867159152053338,0.5292287282729089,0.12247161849230181,1774,sz002940,2025-07-17,score_filtered
21.440000534057617,-0.131996261810282,10.0,0.15529281541457407,21.5,0.15529281541457407,0.016324644251465736,-0.04337687882509467,1775,sh600962,2025-07-17,score_filtered
44.0,-0.03272724151611328,3.0,0.34374992437380847,57.189998626708984,0.34374992437380847,0.29977269606156787,0.26249998266046703,1776,sz300204,2025-07-17,score_filtered
83.5,-0.06814374181324845,6.0,1.283511094342109,177.67999267578125,1.283511094342109,1.1279041039015718,1.0464671243450598,1777,sz301357,2025-07-17,score_filtered
186.5,-0.10139412151265081,4.0,0.5016409640269874,251.66000366210938,0.5016409640269874,0.34938339765206106,0.30986591574333944,1778,sz300502,2025-07-17,score_filtered
20.09000015258789,-0.10403186345016868,17.0,0.14833333757188583,20.670000076293945,0.14833333757188583,0.22797411094673792,-0.022897012858510757,1779,sh688221,2025-07-17,score_filtered
27.360000610351562,-0.03252928644527664,0.0,0.3785418445423634,36.4900016784668,0.3785418445423634,0.333698862004445,0.25475150092160637,1780,sh688658,2025-07-17,score_filtered
52.59000015258789,-0.018824903510065494,0.0,0.30465119545666575,67.31999969482422,0.30465119545666575,0.2800912625879026,0.24149079152102848,1781,sh688313,2025-07-17,score_filtered
23.989999771118164,0.0,0.0,0.2088370269562667,29.0,0.2088370269562667,0.2088370269562667,0.09587332915184832,1782,sz002755,2025-07-17,score_filtered
49.02000045776367,-0.03304771352012903,0.0,0.43417723984288603,67.9800033569336,0.43417723984288603,0.38678096128346895,0.15524276905930368,1783,sh603590,2025-07-17,score_filtered
4.809999942779541,-0.24740126224051406,15.0,0.2679558833408635,4.590000152587891,0.2679558833408635,0.06237010276584387,-0.13305610688131542,1784,sh600777,2025-07-18,expired
18.149999618530273,-0.1774104342165952,14.0,0.13797718846852547,16.989999771118164,0.13797718846852547,0.06336086185677825,-0.09862253695868994,1785,bj920039,2025-07-18,expired
25.399999618530273,-0.003937022951637115,0.0,0.1462450938543718,29.0,0.1462450938543718,0.14173230061166575,0.004330732756047562,1786,sz002755,2025-07-18,expired
19.200000762939453,-0.07708340576953066,12.0,0.3306998215251191,23.579999923706055,0.3306998215251191,0.22812494722505616,0.1177082412358823,1787,bj920807,2025-07-18,operable_filtered
32.40999984741211,-0.12033321928082896,2.0,0.38477724395952184,39.47999954223633,0.38477724395952184,0.21814254020703894,0.09842636969230667,1788,bj920392,2025-07-18,operable_filtered
49.599998474121094,-0.032258034744817476,19.0,0.15625,55.5,0.15625,0.3870968783931388,0.10604843342837778,1789,sz002940,2025-07-18,score_filtered
84.0,-0.0033333188011532844,0.0,0.46428564919293547,122.58999633789062,0.46428564919293547,0.4594047183082217,0.3047618865966797,1790,sh688166,2025-07-18,score_filtered
14.710000038146973,-0.27056427502307523,18.0,0.041938563106934224,11.180000305175781,0.041938563106934224,0.052345309455645195,-0.24541126086441534,1791,sh600826,2025-07-18,score_filtered
25.68000030517578,-0.028037430379547534,1.0,0.32932698406294003,33.18000030517578,0.32932698406294003,0.2920560712956215,0.2834890456691155,1792,sz300897,2025-07-18,score_filtered
20.889999389648438,-0.10914307543860802,9.0,0.15529281541457407,21.5,0.15529281541457407,0.02920060450809947,-0.005744324336564022,1793,sh600962,2025-07-18,score_filtered
28.600000381469727,-0.010139892016058805,4.0,0.288943919704596,36.4900016784668,0.288943919704596,0.27587416754403593,0.16363630543373597,1794,sh688658,2025-07-18,score_filtered
18.0,-0.1433333290947808,18.0,0.1575875676493388,17.850000381469727,0.1575875676493388,0.03444449106852221,-0.0405555301242404,1795,bj920719,2025-07-18,score_filtered
15.1899995803833,-0.045424595091785314,2.0,0.4117240905761719,20.469999313354492,0.4117240905761719,0.3475970953804304,0.2093483440879631,1796,sh601208,2025-07-18,score_filtered
21.100000381469727,-0.1469194467025785,16.0,0.14833333757188583,20.670000076293945,0.14833333757188583,0.16919429527401508,-0.09526067263235893,1797,sh688221,2025-07-18,score_filtered
10.899999618530273,-0.11651372004915705,2.0,0.3499480628775393,13.0,0.3499480628775393,0.19266059219852383,-0.03119258814794512,1798,sh600774,2025-07-18,score_filtered
18.799999237060547,-0.11276590520842145,18.0,0.127098254981862,18.799999237060547,0.127098254981862,0.023936211766028448,-0.03297866792795168,1799,bj920274,2025-07-18,score_filtered
21.639999389648438,-0.12060992498231915,2.0,0.8286914335994635,34.79999923706055,0.8286914335994635,0.6081330969772225,0.49168205590329706,1800,sz301217,2025-07-18,score_filtered
22.170000076293945,-0.01623818714987313,16.0,0.0944521514779415,23.8700008392334,0.0944521514779415,0.19485790166701578,0.027965757198907593,1801,sh688222,2025-07-18,score_filtered
6.309999942779541,-0.07290016518515907,19.0,0.03418808365174786,6.050000190734863,0.03418808365174786,0.3153724668781426,-0.057052319616317626,1802,sh601003,2025-07-18,score_filtered
5.110000133514404,-0.2915851681065562,14.0,0.2679558833408635,4.590000152587891,0.2679558833408635,0.0,-0.15851270481718427,1803,sh600777,2025-07-21,expired
9.1899995803833,-0.13384108796499283,17.0,0.09924622588782461,8.75,0.09924622588782461,0.3416757874532774,-0.07508156821423073,1804,bj920873,2025-07-21,expired
18.43000030517578,-0.23982637021729492,5.0,0.48750890878830266,20.84000015258789,0.48750890878830266,0.1307650465277148,-0.12533908994530263,1805,bj920305,2025-07-21,operable_filtered
18.280000686645508,-0.1832604078574831,13.0,0.13797718846852547,16.989999771118164,0.13797718846852547,0.055798605694812764,-0.13566741809383054,1806,bj920039,2025-07-21,expired
20.90999984741211,-0.14538493688965526,16.0,0.08226072995626965,19.34000015258789,0.08226072995626965,0.20994736593418772,-0.08895268407100265,1807,bj920892,2025-07-21,expired
31.309999465942383,-0.08942827482658566,1.0,0.6229393225640947,46.27000045776367,0.6229393225640947,0.4778026587989601,0.3653784966205935,1808,bj920392,2025-07-21,operable_filtered
86.69999694824219,-0.10553626549660322,8.0,0.37537072166100627,106.66000366210938,0.37537072166100627,0.23021923202353545,0.14209919410007554,1809,sz002896,2025-07-21,operable_filtered
22.780000686645508,-0.04214227229519263,0.0,0.4656278638639073,31.979999542236328,0.4656278638639073,0.40386297534153304,0.3279191873656828,1810,bj920925,2025-07-21,operable_filtered
54.560001373291016,-0.1202346262495213,18.0,0.15625,55.5,0.15625,0.26099709164299556,-0.0936583666006483,1811,sz002940,2025-07-21,operable_filtered
26.299999237060547,-0.05665398533618726,21.0,0.0,25.770000457763672,0.0,0.10266162894540143,-0.043726222505351076,1812,sz002755,2025-07-21,score_filtered
39.900001525878906,-0.15037593409886052,9.0,0.2625367938224863,42.79999923706055,0.2625367938224863,0.09874682897326514,-0.03934836177401968,1813,bj920060,2025-07-21,score_filtered
110.16000366210938,-0.17302110161915474,13.0,0.1468716257620286,104.4800033569336,0.1468716257620286,0.050381220387270664,-0.13017432362538617,1814,sh688356,2025-07-21,score_filtered
15.5,-0.06451612903225812,1.0,0.4117240905761719,20.469999313354492,0.4117240905761719,0.3206451169906124,0.15290327995054187,1815,sh601208,2025-07-21,score_filtered
21.899999618530273,-0.1840182123056736,15.0,0.08226072995626965,19.34000015258789,0.08226072995626965,0.0,-0.1456621273800598,1816,bj920892,2025-07-22,traded
32.29999923706055,-0.24148605019503966,9.0,0.2718367284658003,31.15999984741211,0.2718367284658003,0.11393190068417725,-0.17027864179295027,1817,bj920706,2025-07-22,expired
11.0,-0.27636363289572974,16.0,0.09924622588782461,8.75,0.09924622588782461,0.018181800842285156,-0.2272727272727273,1818,bj920873,2025-07-22,expired
36.0,-0.24166668785942924,10.0,0.14688645937535938,31.309999465942383,0.14688645937535938,0.27444447411431216,-0.21861113442314994,1819,bj920879,2025-07-22,expired
28.0,-0.23571429933820454,16.0,0.12009344582412296,23.969999313354492,0.12009344582412296,0.020714282989501953,-0.16892855507986881,1820,bj920082,2025-07-22,traded
12.619999885559082,-0.20126782764550732,6.0,0.1111111005988279,11.199999809265137,0.1111111005988279,0.0015848223411283335,-0.14025352774485722,1821,bj920682,2025-07-22,traded
17.56999969482422,-0.1502560862551483,12.0,0.13797718846852547,16.989999771118164,0.13797718846852547,0.005122376445709564,-0.10586224752326923,1822,bj920039,2025-07-22,expired
27.510000228881836,-0.043620529006016207,7.0,0.33067271121965414,35.0099983215332,0.33067271121965414,0.272628063622383,0.14322066525906973,1823,sz300897,2025-07-22,traded
26.0,-0.14999998532808745,2.0,0.20814481004836116,26.700000762939453,0.20814481004836116,0.2299999823937049,-0.05999997945932245,1824,bj920950,2025-07-22,operable_filtered
47.5,-0.03621055201480261,0.0,1.4132810463703214,110.4800033569336,1.4132810463703214,1.3258948075143913,0.7479999743009869,1825,sh688585,2025-07-22,operable_filtered
84.4000015258789,-0.08116111789430158,7.0,0.37537072166100627,106.66000366210938,0.37537072166100627,0.26374409637190666,0.10699050492941131,1826,sz002896,2025-07-22,operable_filtered
39.0,-0.18974357996231472,16.0,0.23955688911683182,39.16999816894531,0.23955688911683182,0.004358927408854241,-0.10692302997295677,1827,bj920245,2025-07-22,operable_filtered
44.099998474121094,-0.23356008148401242,11.0,0.12485210993957763,38.02000045776367,0.12485210993957763,0.014512544818369388,-0.1795918014281327,1828,sz300617,2025-07-22,operable_filtered
23.40999984741211,-0.06023066452808967,0.0,0.45363634282892407,31.979999542236328,0.45363634282892407,0.3660828599181558,0.25032040361159447,1829,bj920925,2025-07-22,operable_filtered
39.0,-0.30000001956255007,9.0,0.14688645937535938,31.309999465942383,0.14688645937535938,0.05769230769230771,-0.28487181052183497,1830,bj920879,2025-07-23,expired
9.34000015258789,-0.14775161583466923,15.0,0.09924622588782461,8.75,0.09924622588782461,0.1049250028079276,-0.09635980273032663,1831,bj920873,2025-07-23,expired
25.329999923706055,-0.032767466490565056,8.0,0.2718367284658003,31.15999984741211,0.2718367284658003,0.4204500454247164,0.06711412428187336,1832,bj920706,2025-07-23,expired
8.600000381469727,-0.143023307133905,15.0,0.09633650599346155,8.079999923706055,0.09633650599346155,0.0651162140816881,-0.10232564560976043,1833,bj920057,2025-07-23,expired
13.079999923706055,-0.17966363877499802,15.0,0.07176146231253133,11.5,0.07176146231253133,0.09174310521900453,-0.14296635294086768,1834,sh600826,2025-07-23,operable_filtered
28.0,-0.06035716193062923,6.0,0.33067271121965414,35.0099983215332,0.33067271121965414,0.2503570829119002,0.09428569248744423,1835,sz300897,2025-07-23,operable_filtered
37.0,-0.2740540375580659,16.0,0.07110944914409334,28.770000457763672,0.07110944914409334,0.00027022490630268514,-0.24270269033071157,1836,sz003001,2025-07-23,operable_filtered
12.5,-0.14800003051757815,6.0,0.17276997356754986,12.489999771118164,0.17276997356754986,0.05599998474121093,-0.026399993896484397,1837,sh603966,2025-07-23,operable_filtered
58.880001068115234,-0.18478262348413887,16.0,0.15625,55.5,0.15625,0.1684782915028591,-0.1413043400797368,1838,sz002940,2025-07-23,operable_filtered
10.5,-0.16857147216796875,16.0,0.03665528811889973,9.050000190734863,0.03665528811889973,0.03714288984026237,-0.1428571428571429,1839,sz002297,2025-07-23,operable_filtered
54.400001525878906,-0.019669111485506208,0.0,1.0716294686605425,110.4800033569336,1.0716294686605425,1.0308823576847987,0.4536764634728021,1840,sh688585,2025-07-23,operable_filtered
40.130001068115234,-0.17767258605383596,16.0,0.1436364144989939,37.7400016784668,0.1436364144989939,0.07600296924696281,-0.11537505469427811,1841,sz300865,2025-07-23,operable_filtered
6.110000133514404,-0.14238958156876924,16.0,0.0706107592667482,5.610000133514404,0.0706107592667482,0.14893614198477723,-0.1194762689233525,1842,sz300021,2025-07-23,operable_filtered
31.649999618530273,-0.01642971450335262,0.0,0.4863476294621345,46.27000045776367,0.4863476294621345,0.46192736225733655,0.31121644550361394,1843,bj920392,2025-07-23,operable_filtered
12.8100004196167,-0.07103831157514162,1.0,0.7596639668332898,20.940000534057617,0.7596639668332898,0.634660409689837,0.4402810428238466,1844,sh688660,2025-07-23,score_filtered
74.80000305175781,-0.21524066352882332,9.0,0.2194207989899566,71.58000183105469,0.2194207989899566,0.0946523250374891,-0.16336899361150437,1845,bj920174,2025-07-23,score_filtered
34.06999969482422,-0.19870855645449692,8.0,0.14688645937535938,31.309999465942383,0.14688645937535938,0.12650429738470992,-0.17287934964505514,1846,bj920879,2025-07-24,expired
9.699999809265137,-0.17938142323015005,14.0,0.09924622588782461,8.75,0.09924622588782461,0.049484588180317646,-0.12989693336677421,1847,bj920873,2025-07-24,expired
28.280000686645508,-0.1336633873715044,7.0,0.2718367284658003,31.15999984741211,0.2718367284658003,0.2722771806447284,-0.056577098395378944,1848,bj920706,2025-07-24,expired
55.0,-0.1763636502352628,20.0,0.05408390296252086,47.75,0.05408390296252086,0.4563636086203835,-0.1350909146395597,1849,bj920942,2025-07-24,expired
56.0,-0.22428573880876812,15.0,0.06583795351671795,46.29999923706055,0.06583795351671795,0.10535717010498047,-0.21482140677315853,1850,sz002827,2025-07-24,expired
20.469999313354492,-0.1270150738317256,13.0,0.11527696526010645,19.93000030517578,0.11527696526010645,0.0063508095982407475,-0.04054713979226021,1851,bj920892,2025-07-24,traded
20.399999618530273,-0.13137256643580575,8.0,0.4164786317205653,25.100000381469727,0.4164786317205653,0.23039219856995596,0.1235294365140398,1852,bj920807,2025-07-24,operable_filtered
63.0,-0.23809523809523814,15.0,0.15874997774759936,55.619998931884766,0.15874997774759936,0.09206354050409216,-0.11714287409706725,1853,sz002940,2025-07-24,operable_filtered
30.639999389648438,-0.19060053097001384,1.0,0.6129032754253041,40.0,0.6129032754253041,0.3054830547259668,0.09595308420272075,1854,sz301038,2025-07-24,operable_filtered
23.520000457763672,-0.014880968310278853,0.0,0.38023303568981026,31.979999542236328,0.38023303568981026,0.3596938316249101,0.21428566794585535,1855,bj920925,2025-07-24,operable_filtered
24.0,-0.10833334922790527,14.0,0.12009344582412296,23.969999313354492,0.12009344582412296,0.050416628519694084,-0.05458331108093262,1856,bj920082,2025-07-24,operable_filtered
13.539999961853027,-0.20753326643526326,14.0,0.07176146231253133,11.5,0.07176146231253133,0.05465286360435795,-0.17060564447007298,1857,sh600826,2025-07-24,operable_filtered
30.0,-0.12666664123535154,10.0,0.3232823343267561,34.66999816894531,0.3232823343267561,0.15566660563151036,0.15566660563151036,1858,sh603716,2025-07-24,score_filtered
8.850000381469727,-0.16723168724483828,14.0,0.09633650599346155,8.079999923706055,0.09633650599346155,0.03502818673222485,-0.12768367712662354,1859,bj920057,2025-07-24,score_filtered
20.0,-0.011999988555908225,0.0,0.8724696139385484,37.0,0.8724696139385484,0.8500000000000001,0.5680000305175781,1860,sz300539,2025-07-24,score_filtered
22.969999313354492,-0.1223334588568612,4.0,0.7187500886973888,34.650001525878906,0.7187500886973888,0.5084894454365001,0.2115803550558233,1861,bj920184,2025-07-24,score_filtered
7.360000133514404,-0.22010874089790122,9.0,0.12195127421859353,6.440000057220459,0.12195127421859353,0.005434777327093299,-0.17798911943144424,1862,sh688425,2025-07-24,score_filtered
31.1299991607666,-0.12303244545322811,7.0,0.14688645937535938,31.309999465942383,0.14688645937535938,0.2328943817154312,-0.11660775003622614,1863,bj920879,2025-07-25,expired
31.329999923706055,-0.21800191319305073,6.0,0.2718367284658003,31.15999984741211,0.2718367284658003,0.09958508927006515,-0.17395470080469655,1864,bj920706,2025-07-25,expired
30.530000686645508,-0.20733703836681983,10.0,0.32107431014275956,31.969999313354492,0.32107431014275956,0.04716667521527018,-0.018997704247014968,1865,bj920564,2025-07-25,expired
55.81999969482422,-0.18846292574844126,19.0,0.05408390296252086,47.75,0.05408390296252086,0.43496952547543954,-0.1804012853794038,1866,bj920942,2025-07-25,expired
3.869999885559082,-0.1602066935124763,1.0,0.5938461010272686,5.179999828338623,0.5938461010272686,0.3385012872139377,-0.0826873236965403,1867,sh600117,2025-07-25,operable_filtered
25.770000457763672,-0.06829647643066317,2.0,0.3940025365115063,33.470001220703125,0.3940025365115063,0.2987970751323634,0.03143187627295352,1868,sz300877,2025-07-25,operable_filtered
24.559999465942383,-0.04234523741015905,1.0,0.3596938316249101,31.979999542236328,0.3596938316249101,0.3021172735196245,0.13558631906013696,1869,bj920925,2025-07-25,operable_filtered
6.920000076293945,-0.0014451197646795366,0.0,0.4862519080387433,10.270000457763672,0.4862519080387433,0.4841040960311438,0.3656068937973409,1870,sz300158,2025-07-25,score_filtered
58.79999923706055,-0.076530613237895,14.0,0.15285450006775836,62.599998474121094,0.15285450006775836,0.15646260003930168,0.014455821425974014,1871,bj920522,2025-07-25,score_filtered
55.2599983215332,-0.05682228528814259,4.0,0.4255564960555722,74.30000305175781,0.4255564960555722,0.3445531181423376,0.27542536188369016,1872,sh688313,2025-07-25,score_filtered
58.29999923706055,-0.08198968853945188,18.0,0.1752616029126839,62.900001525878906,0.1752616029126839,0.18421958523182136,0.04648368987884899,1873,sh603228,2025-07-25,score_filtered
28.479999542236328,-0.004564577347475396,0.0,0.40634914974974046,39.869998931884766,0.40634914974974046,0.3999297602781515,0.0783005469831275,1874,bj920344,2025-07-25,score_filtered
21.030000686645508,-0.04136951073833617,3.0,0.7187500886973888,34.650001525878906,0.7187500886973888,0.6476462384465058,0.26866378668823065,1875,bj920184,2025-07-25,score_filtered
14.770000457763672,-0.006770506321627234,0.0,0.32924334687026446,19.5,0.32924334687026446,0.3202436963872983,0.027758959695671326,1876,sh600326,2025-07-25,score_filtered
8.350000381469727,-0.11736532348973971,13.0,0.10583442945494981,8.149999618530273,0.10583442945494981,0.0970059196332409,-0.035928164913695326,1877,bj920057,2025-07-25,score_filtered
48.560001373291016,-0.11099676795541269,21.0,0.0,43.880001068115234,0.0,0.15424212627574563,-0.10790777451149136,1878,sz002827,2025-07-25,score_filtered
22.5,-0.11955557929144967,2.0,0.5249873750077627,30.209999084472656,0.5249873750077627,0.3426666259765625,0.03911107381184897,1879,sh603389,2025-07-25,score_filtered
,,,,,,,,1880,sz300344,2025-07-25,score_filtered
16.1299991607666,-0.033477931573125175,8.0,0.31302111051978,20.469999313354492,0.31302111051978,0.26906387962773004,0.11717305612725437,1881,sh601208,2025-07-25,score_filtered
29.65999984741211,-0.1739716747794363,5.0,0.2718367284658003,31.15999984741211,0.2718367284658003,0.12778155546275327,-0.14935941766575256,1882,bj920706,2025-07-28,expired
31.299999237060547,-0.1725239536790928,21.0,0.0,27.5,0.0,0.2261981470808363,-0.169329053234772,1883,bj920879,2025-07-28,expired
68.0,-0.3579411787145278,21.0,0.0,45.75,0.0,0.1779411540311926,-0.35058823753805723,1884,bj920942,2025-07-28,expired
35.20000076293945,-0.06164778229002987,4.0,0.6039964123596657,52.97999954223633,0.6039964123596657,0.5051135907365281,0.1923295542905643,1885,sz300706,2025-07-28,operable_filtered
27.299999237060547,-0.1135530608335239,9.0,0.32107431014275956,31.969999313354492,0.32107431014275956,0.1710622786375131,0.006227109195782177,1886,bj920564,2025-07-28,operable_filtered
61.70000076293945,-0.13257698872005774,17.0,0.19843047161903038,64.13999938964844,0.19843047161903038,0.11896272385456297,-0.011021074501902262,1887,sh603228,2025-07-28,operable_filtered
80.0199966430664,-0.07673081288713668,0.0,0.4953980436405927,110.4800033569336,0.4953980436405927,0.380654936162216,0.06373414543197842,1888,sh688585,2025-07-28,operable_filtered
61.18000030517578,-0.11245506756777823,13.0,0.15285450006775836,62.599998474121094,0.15285450006775836,0.05426609477383981,-0.056881326003228594,1889,bj920522,2025-07-28,operable_filtered
7.53000020980835,-0.0610889807875159,1.0,0.4526167197178905,10.270000457763672,0.4526167197178905,0.36387784483541985,0.16998674291417148,1890,sz300158,2025-07-28,operable_filtered
23.280000686645508,-0.04553270369528306,4.0,0.29612961867876364,28.799999237060547,0.29612961867876364,0.23711333280078328,0.0038659858218783594,1891,bj920663,2025-07-28,score_filtered
198.00999450683594,-0.004090690273544695,7.0,0.7540567913257652,345.8999938964844,0.7540567913257652,0.7468814882702439,0.6418363472672695,1892,sz300308,2025-07-28,score_filtered
31.8799991607666,-0.10570887768504345,10.0,0.13012981276874558,32.220001220703125,0.13012981276874558,0.10978676284458433,-0.0959849293129279,1893,sz300950,2025-07-28,score_filtered
30.010000228881836,-0.10696437745215215,12.0,0.18955224135533344,31.8799991607666,0.18955224135533344,0.07564140396874697,-0.0446517874831025,1894,bj920208,2025-07-28,score_filtered
32.81999969482422,-0.20170624599148768,8.0,0.4549617489250781,38.119998931884766,0.4549617489250781,0.16148687648819116,0.010054900491261343,1895,sh603716,2025-07-28,score_filtered
58.0,-0.1724137931034483,13.0,0.2277083396911621,58.93000030517578,0.2277083396911621,0.11672408005286905,-0.1370689786713699,1896,sz002940,2025-07-28,score_filtered
66.75,-0.14007488350743214,8.0,0.2263065769765349,70.38999938964844,0.2263065769765349,0.05453182606214879,-0.06726594274856623,1897,sh688202,2025-07-28,score_filtered
60.97999954223633,-0.14529354996493393,3.0,0.6227936217265018,84.58000183105469,0.6227936217265018,0.38701217556540635,0.3283043720572234,1898,sh688313,2025-07-28,score_filtered
37.25,-0.08724832214765099,4.0,0.21676467446719894,41.369998931884766,0.21676467446719894,0.1106039981714031,-0.08563754702574455,1899,sh603109,2025-07-28,score_filtered
30.0,-0.19233334859212237,21.0,0.0,25.299999237060547,0.0,0.05900001525878906,-0.16099999745686844,1900,bj920706,2025-07-29,expired
32.900001525878906,-0.13829790071073955,21.0,0.0,29.969999313354492,0.0,0.2118540146730179,-0.11519759087385317,1901,bj920344,2025-07-29,expired
24.31999969482422,-0.08634870097949254,3.0,0.29612961867876364,28.799999237060547,0.29612961867876364,0.18421050980480724,-0.04687497549151087,1902,bj920663,2025-07-29,filtered
66.7699966430664,-0.3672307604588241,21.0,0.0,44.36000061035156,0.0,0.09225706113239784,-0.3393739279911724,1903,bj920942,2025-07-29,expired
35.099998474121094,-0.27350424192180767,21.0,0.0,26.56999969482422,0.0,0.06267808713899203,-0.24757831921605467,1904,bj920879,2025-07-29,expired
23.079999923706055,-0.13691507183093155,11.0,0.15461846947337365,23.0,0.15461846947337365,0.01603123225548031,-0.07149045164577827,1905,bj920751,2025-07-29,operable_filtered
31.950000762939453,-0.1956181486934334,21.0,0.0,26.860000610351562,0.0,0.14209705186591215,-0.16150233878546494,1906,sh688658,2025-07-29,operable_filtered
26.5,-0.08679242404002063,8.0,0.32107431014275956,31.969999313354492,0.32107431014275956,0.20641506842847135,0.018113190273068902,1907,bj920564,2025-07-29,operable_filtered
62.5,-0.13120001220703126,12.0,0.15285450006775836,62.599998474121094,0.15285450006775836,0.012799987792968759,-0.09296002197265629,1908,bj920522,2025-07-29,operable_filtered
67.0,-0.20119402301845268,16.0,0.24551575283926597,66.66000366210938,0.24551575283926597,0.03044777485861716,-0.026417860344274735,1909,sh603228,2025-07-29,operable_filtered
188.0,-0.062234026320437175,4.0,1.014690846812579,355.19000244140625,1.014690846812579,0.8893085236245013,0.8880319798246343,1910,sz300502,2025-07-29,operable_filtered
46.9900016784668,-0.23281553629778895,21.0,0.0,38.79999923706055,0.0,0.05724619133056286,-0.19663761116018508,1911,sh688382,2025-07-29,operable_filtered
84.02999877929688,-0.08889683838176576,18.0,0.33411706696408294,102.13999938964844,0.33411706696408294,0.3147685940958673,0.16148994278180995,1912,sh688585,2025-07-29,operable_filtered
10.970000267028809,-0.07201458000210204,2.0,0.29174845032612295,13.149999618530273,0.29174845032612295,0.19872372820752093,0.020966229410915194,1913,sh688556,2025-07-29,score_filtered
11.1899995803833,-0.07417336504293448,11.0,0.15637065050624366,11.979999542236328,0.15637065050624366,0.1796246920692901,-0.026809584299400946,1914,bj920786,2025-07-29,score_filtered
125.0,-0.09999999999999998,3.0,0.3064888509114583,146.97999572753906,0.3064888509114583,0.17583996582031247,0.1384000244140624,1915,sh688630,2025-07-29,score_filtered
7.050000190734863,-0.1347518099858761,21.0,0.0,6.590000152587891,0.0,0.1546099465387778,-0.09929081803745732,1916,sz002370,2025-07-29,score_filtered
15.829999923706055,-0.18445989200044965,5.0,0.44074365618201106,18.600000381469727,0.44074365618201106,0.17498423696234422,0.05116863359736201,1917,sz002645,2025-07-29,score_filtered
28.079999923706055,-0.13710827606589238,20.0,0.10028891254991334,26.65999984741211,0.10028891254991334,0.1096866072676097,-0.07834760573065891,1918,bj920706,2025-07-30,expired
34.720001220703125,-0.18346775965650142,20.0,0.0966490206084476,31.09000015258789,0.0966490206084476,0.07114047578238658,-0.1137672990801658,1919,bj920344,2025-07-30,expired
62.349998474121094,-0.32237368028908253,20.0,0.08071005556004995,45.65999984741211,0.08071005556004995,0.02453893554831721,-0.2959101427388169,1920,bj920942,2025-07-30,expired
16.8700008392334,-0.1345584081113077,18.0,0.30136982901142506,19.0,0.30136982901142506,0.23532893395723709,-0.05749858757844639,1921,bj920305,2025-07-30,traded
32.15999984741211,-0.20708954847672467,20.0,0.08235295613606763,27.600000381469727,0.08235295613606763,0.041044766824849255,-0.1713308537010214,1922,bj920879,2025-07-30,expired
12.239999771118164,-0.15359478346372335,10.0,0.15637065050624366,11.979999542236328,0.15637065050624366,0.045751669124871386,-0.09722218975781816,1923,bj920786,2025-07-30,traded
60.810001373291016,-0.10705479344208324,11.0,0.15285450006775836,62.599998474121094,0.15285450006775836,0.03519156950041391,-0.018582487133630532,1924,bj920522,2025-07-30,operable_filtered
96.0,-0.20250002543131507,17.0,0.33411706696408294,102.13999938964844,0.33411706696408294,0.1508333683013916,-0.13895829518636071,1925,sh688585,2025-07-30,operable_filtered
9.5,-0.17157895941483348,20.0,0.04701396327057217,8.239999771118164,0.04701396327057217,0.014736878244500318,-0.1494736922414679,1926,bj920873,2025-07-30,operable_filtered
24.5,-0.09306125251614317,2.0,0.29612961867876364,28.799999237060547,0.29612961867876364,0.1755101729412467,-0.03918363610092479,1927,bj920663,2025-07-30,operable_filtered
28.790000915527344,-0.12122270119778045,21.0,0.0,26.950000762939453,0.0,0.2226467399643255,-0.1156652214366104,1928,sh603367,2025-07-30,operable_filtered
36.0,-0.08250003390842009,2.0,0.6039964123596657,52.97999954223633,0.6039964123596657,0.47166665395100904,0.1749999788072374,1929,sz300706,2025-07-30,operable_filtered
2.890000104904175,-0.15916955759495555,5.0,0.2304526450185873,2.990000009536743,0.2304526450185873,0.03460204186943594,-0.03460212436721111,1930,sh600010,2025-07-30,score_filtered
25.139999389648438,-0.0525059557228047,9.0,0.34256926750444805,31.979999542236328,0.34256926750444805,0.27207638499006115,0.11018299622171979,1931,bj920925,2025-07-30,score_filtered
32.5,-0.13969233586237984,4.0,0.43061521136506964,40.0,0.43061521136506964,0.23076923076923084,-0.052307715782752395,1932,sz301038,2025-07-30,score_filtered
17.860000610351562,-0.22508400450074462,20.0,0.08092484633026964,14.960000038146973,0.08092484633026964,0.09182527063845125,-0.18868985017168272,1933,sh600326,2025-07-30,score_filtered
125.87999725341797,-0.10629168688716883,2.0,0.3064888509114583,146.97999572753906,0.3064888509114583,0.16761994704880068,0.16062924444930937,1934,sh688630,2025-07-30,score_filtered
22.549999237060547,-0.014634143453260307,17.0,0.21422143906282742,26.979999542236328,0.21422143906282742,0.33968958344011946,0.16541026943605242,1935,sh603389,2025-07-30,score_filtered
57.0,-0.25877192982456143,19.0,0.08071005556004995,45.65999984741211,0.08071005556004995,0.12070177312482877,-0.23333331994843065,1936,bj920942,2025-07-31,expired
34.400001525878906,-0.17587211848981466,19.0,0.13686063874985588,32.22999954223633,0.13686063874985588,0.06627903134195057,-0.07383723264129849,1937,bj920344,2025-07-31,expired
18.6299991607666,-0.2163177112634419,17.0,0.30136982901142506,19.0,0.30136982901142506,0.0928610589112755,-0.14331718963479345,1938,bj920305,2025-07-31,traded
26.520000457763672,-0.1579939842282696,4.0,0.45006722699268176,32.380001068115234,0.45006722699268176,0.22096532840126937,-0.07956261590990521,1939,sh600749,2025-07-31,expired
24.5,-0.056734668965242374,1.0,0.2929467058249484,29.8799991607666,0.2929467058249484,0.21959180248026944,0.06326527498206325,1940,bj920885,2025-07-31,operable_filtered
67.80000305175781,-0.15781716955777192,0.0,1.3817864034031109,136.0,1.3817864034031109,1.0058996147268462,0.46076690940443243,1941,sh688110,2025-07-31,operable_filtered
52.20000076293945,-0.19731799016319673,21.0,0.0,43.470001220703125,0.0,0.18390801405767077,-0.17777782487280502,1942,sh603280,2025-07-31,operable_filtered
23.5,-0.05446811432534071,1.0,0.29612961867876364,28.799999237060547,0.29612961867876364,0.2255318824281083,-0.02212767905377322,1943,bj920663,2025-07-31,operable_filtered
11.220000267028809,-0.07664889392906415,9.0,0.15637065050624366,11.979999542236328,0.15637065050624366,0.06773611917290778,-0.026737984277633742,1944,bj920786,2025-07-31,operable_filtered
30.8700008392334,-0.09685784247426177,1.0,0.7812052131369804,49.65999984741211,0.7812052131369804,0.608681519188625,0.19209582885046683,1945,bj920662,2025-07-31,score_filtered
58.0,-0.18241382467335665,19.0,0.08034587769735779,51.22999954223633,0.08034587769735779,0.11672408005286905,-0.15517241379310343,1946,sz002940,2025-07-31,score_filtered
110.0,-0.10163636641068896,1.0,0.9118598791665107,188.92999267578125,0.9118598791665107,0.7175453879616478,0.19590911865234384,1947,sz300436,2025-07-31,score_filtered
29.309999465942383,-0.1579665385578245,21.0,0.0,25.75,0.0,0.20095535326915082,-0.13408394325432726,1948,sh603367,2025-07-31,score_filtered
36.790000915527344,-0.10220174076276112,1.0,0.6039964123596657,52.97999954223633,0.6039964123596657,0.4400651868392844,0.1554769574249104,1949,sz300706,2025-07-31,score_filtered
18.40999984741211,-0.24823464055957734,19.0,0.08092484633026964,14.960000038146973,0.08092484633026964,0.04780016705100287,-0.21075503240627835,1950,sh600326,2025-07-31,score_filtered
11.550000190734863,-0.21731603354390405,19.0,0.055309734746670225,9.539999961853027,0.055309734746670225,0.11515150664438512,-0.20000003302768143,1951,sz300732,2025-07-31,score_filtered
6.440000057220459,-0.052795054280579734,19.0,0.08032791075671941,6.590000152587891,0.08032791075671941,0.2639751973598623,0.015527935363983447,1952,sz002370,2025-07-31,score_filtered
47.900001525878906,-0.2473904365622236,19.0,0.16782245118166195,42.099998474121094,0.16782245118166195,0.030688880149861042,-0.1229645723740429,1953,sh688382,2025-07-31,score_filtered
60.59000015258789,-0.30269021466250257,18.0,0.08071005556004995,45.65999984741211,0.08071005556004995,0.05429940431163405,-0.27380756083195534,1954,bj920942,2025-08-01,expired
25.729999542236328,-0.13214145662727683,8.0,0.10971790287999394,24.780000686645508,0.10971790287999394,0.0023319616929071696,-0.10027205478456891,1955,bj920950,2025-08-01,expired
24.860000610351562,-0.10619473983028738,15.0,0.21422143906282742,26.979999542236328,0.21422143906282742,0.21520508217097079,0.057119872945725625,1956,sh603389,2025-08-01,expired
59.0,-0.2898304826122219,20.0,0.03747015841645096,43.470001220703125,0.03747015841645096,0.04745761418746697,-0.2725424039161811,1957,sh603280,2025-08-01,expired
30.8700008392334,-0.08163266567070981,18.0,0.16613759888694268,33.060001373291016,0.16613759888694268,0.1882085943631826,0.025915102536822943,1958,bj920344,2025-08-01,expired
31.290000915527344,-0.16267178023833262,4.0,0.4549617489250781,38.119998931884766,0.4549617489250781,0.21828053104875766,-0.02364978129801132,1959,sh603716,2025-08-01,operable_filtered
26.790000915527344,-0.16648006119463388,3.0,0.45006722699268176,32.380001068115234,0.45006722699268176,0.208659946306607,-0.04665919959993381,1960,sh600749,2025-08-01,operable_filtered
26.5,-0.24716978253058663,18.0,0.16290726194043215,23.200000762939453,0.16290726194043215,0.10566034856832252,-0.1418868010898806,1961,sz300878,2025-08-01,operable_filtered
16.90999984741211,-0.22353635523832838,9.0,0.3846153957897276,18.18000030517578,0.3846153957897276,0.07510351680801652,-0.0881135295424732,1962,sh688189,2025-08-01,operable_filtered
59.560001373291016,-0.2724983070519955,21.0,0.0,47.68000030517578,0.0,0.03693748988442347,-0.24412358261038647,1963,sz300683,2025-08-01,operable_filtered
18.600000381469727,-0.2559139855515268,18.0,0.08092484633026964,14.960000038146973,0.08092484633026964,0.037096802145500485,-0.2456989545576248,1964,sh600326,2025-08-01,operable_filtered
13.0,-0.18000001173753,18.0,0.06285179042067246,11.329999923706055,0.06285179042067246,0.019230769230769162,-0.138461553133451,1965,bj920266,2025-08-01,operable_filtered
23.1200008392334,-0.00043253583558988673,0.0,0.2929467058249484,29.8799991607666,0.2929467058249484,0.29238746004117133,0.1392733216466986,1966,bj920885,2025-08-01,score_filtered
62.310001373291016,-0.28422408134886123,21.0,0.0,49.099998474121094,0.0,0.03947994247404818,-0.2713850020016293,1967,sz002940,2025-08-01,score_filtered
32.5099983215332,-0.15933554799343508,18.0,0.37138674156109897,37.47999954223633,0.37138674156109897,0.1528760835835299,0.036911744844496885,1968,sz300950,2025-08-01,score_filtered
67.0,-0.028358231729535888,0.0,0.30568359435199777,85.0,0.30568359435199777,0.26865671641791056,0.05820897799819269,1969,sh688800,2025-08-01,score_filtered
25.0,-0.050000000000000044,2.0,1.0042104620682566,47.599998474121094,1.0042104620682566,0.9039999389648437,0.49919998168945323,1970,sh603256,2025-08-01,score_filtered
26.5,-0.11773588072578867,21.0,0.0,26.459999084472656,0.0,0.10867921361383392,-0.11773588072578867,1971,bj920885,2025-08-04,traded
54.97999954223633,-0.2315387349622835,17.0,0.08071005556004995,45.65999984741211,0.08071005556004995,0.034558049139656655,-0.18424883871330777,1972,bj920942,2025-08-04,expired
26.100000381469727,-0.1486590425826172,14.0,0.2601260515418493,28.0,0.2601260515418493,0.15747121237289008,0.051724151790748296,1973,sh603389,2025-08-04,expired
9.779999732971191,-0.1891615496057415,21.0,0.0,8.279999732971191,0.0,0.19325157412336313,-0.18404905552598216,1974,sz300289,2025-08-04,traded
34.88999938964844,-0.1874462345252741,17.0,0.18977069094796573,33.72999954223633,0.18977069094796573,0.05130412573347365,-0.08655771290471981,1975,bj920344,2025-08-04,operable_filtered
29.65999984741211,-0.19285230420706068,17.0,0.10860485895858285,26.540000915527344,0.10860485895858285,0.12946730183219946,-0.14497637421382958,1976,sh601089,2025-08-04,expired
51.0,-0.05901957493202359,12.0,0.699937465675476,81.58000183105469,0.699937465675476,0.5996078790402879,0.24254899866440716,1977,sz301389,2025-08-04,expired
26.5,-0.24716978253058663,17.0,0.1774435525213045,23.489999771118164,0.1774435525213045,0.05132077774911559,-0.13245283882572967,1978,sz300878,2025-08-04,expired
26.190000534057617,-0.1741123054717454,21.0,0.0,22.479999542236328,0.0,0.040473441936893284,-0.17067587359879244,1979,sz300966,2025-08-04,operable_filtered
16.889999389648438,-0.22261689822866138,8.0,0.3846153957897276,18.18000030517578,0.3846153957897276,0.07637661113936822,-0.11900528998475923,1980,sh688189,2025-08-04,operable_filtered
32.97999954223633,-0.2695572926938137,20.0,0.1166458882583492,26.899999618530273,0.1166458882583492,0.06731356129523425,-0.18435415427825008,1981,sh603367,2025-08-04,operable_filtered
61.20000076293945,-0.3153594607264767,19.0,0.04248206955786116,43.68000030517578,0.04248206955786116,0.009803896513747024,-0.31192810317983066,1982,sh603280,2025-08-04,operable_filtered
4.989999771118164,-0.33667332773487624,17.0,0.036253814517257066,3.430000066757202,0.036253814517257066,0.038076165518116545,-0.328657302947752,1983,sh600117,2025-08-04,score_filtered
119.5,-0.08677826566177427,3.0,0.7312379495167991,188.92999267578125,0.7312379495167991,0.581004122809885,-0.00175731451441552,1984,sz300436,2025-08-04,score_filtered
67.5,-0.03525921856915504,4.0,0.30528250022933867,85.0,0.30528250022933867,0.2592592592592593,0.06074071813512738,1985,sh688800,2025-08-04,score_filtered
61.20000076293945,-0.11274512156635952,8.0,0.24953958429915546,67.8499984741211,0.24953958429915546,0.10866009196536885,0.01895424563645709,1986,bj920522,2025-08-04,score_filtered
7.710000038146973,-0.20881973094015094,17.0,0.16393442879246,7.099999904632568,0.16393442879246,0.01815821865018341,-0.09727626411014334,1987,sz002370,2025-08-04,score_filtered
16.0,-0.08749997615814209,21.0,0.0,15.25,0.0,0.3112499713897705,-0.08249998092651367,1988,sz002097,2025-08-04,score_filtered
122.0,-0.049180327868852514,0.0,0.8963792735132678,219.97999572753906,0.8963792735132678,0.8031147190781891,0.7703278338322874,1989,sz301489,2025-08-04,score_filtered
27.280000686645508,-0.1854839166396377,13.0,0.2970297293170052,28.81999969482422,0.2970297293170052,0.10740463064802941,0.05645157512523791,1990,sh603389,2025-08-05,expired
53.0,-0.2028301886792453,16.0,0.08071005556004995,45.65999984741211,0.08071005556004995,0.07320756732292888,-0.17283018580022846,1991,bj920942,2025-08-05,expired
25.59000015258789,-0.1461508303562844,21.0,0.0,23.610000610351562,0.0,0.09026961516875076,-0.1383353221734681,1992,bj920885,2025-08-05,traded
32.47999954223633,-0.12715514836741404,16.0,0.18977069094796573,33.72999954223633,0.18977069094796573,0.08282015593045089,-0.03725366691890486,1993,bj920344,2025-08-05,expired
27.899999618530273,-0.1419354529970156,16.0,0.16541349190193477,27.899999618530273,0.16541349190193477,0.20071686229523777,-0.027598583092892315,1994,sh601089,2025-08-05,operable_filtered
25.5,-0.06588236490885413,5.0,0.34256926750444805,31.979999542236328,0.34256926750444805,0.25411762910730706,0.11411764107498468,1995,bj920925,2025-08-05,operable_filtered
19.18000030517578,-0.20385817441082021,2.0,0.8925997873062768,28.899999618530273,0.8925997873062768,0.5067778497757125,0.2340980031114246,1996,sz300486,2025-08-05,operable_filtered
17.0,-0.17058821285472192,21.0,0.0,14.890000343322754,0.0,0.2341176201315487,-0.15764707677504597,1997,sz002097,2025-08-05,score_filtered
128.9199981689453,-0.011014568640347444,1.0,0.7253332998238358,219.97999572753906,0.7253332998238358,0.7063294977654491,0.41917475420767736,1998,sz301489,2025-08-05,score_filtered
8.880000114440918,-0.12162161146256367,21.0,0.0,8.130000114440918,0.0,0.31418918084424874,-0.10923426289729044,1999,sz300289,2025-08-05,score_filtered
72.4000015258789,-0.11602211807794482,3.0,0.3968750238418579,89.4000015258789,0.3968750238418579,0.23480662488554582,0.14640881561766528,2000,sh603200,2025-08-05,score_filtered
11.100000381469727,-0.20720721726951197,20.0,0.05454540134461583,9.279999732971191,0.05454540134461583,0.16036033079266487,-0.18648653850086183,2001,sz300732,2025-08-05,score_filtered
31.010000228881836,-0.0983554054142991,0.0,0.43061521136506964,40.0,0.43061521136506964,0.2899064722593949,0.004837136969465972,2002,sz301038,2025-08-05,score_filtered
34.880001068115234,-0.21416287247570232,21.0,0.0,28.81999969482422,0.0,0.17631873632032424,-0.19638761960163753,2003,sz300960,2025-08-05,score_filtered
24.079999923706055,-0.07765784240690288,21.0,0.0,23.350000381469727,0.0,0.19601326114240525,-0.06478403118293241,2004,bj920663,2025-08-05,score_filtered
6.78000020980835,-0.09439532795248173,21.0,0.0,6.139999866485596,0.0,0.1843657056757193,-0.09439532795248173,2005,sz000691,2025-08-05,score_filtered
4.5,-0.27555555767483186,21.0,0.0,3.359999895095825,0.0,0.0022222730848524552,-0.264444457160102,2006,sh600117,2025-08-05,score_filtered
39.0099983215332,-0.05921552571097266,6.0,0.25749320344653204,46.150001525878906,0.25749320344653204,0.18303008232647056,0.08485007730605099,2007,sh688210,2025-08-05,score_filtered
27.600000381469727,-0.19528989936593788,20.0,0.060333192608040376,23.549999237060547,0.060333192608040376,0.0,-0.15000004491944186,2008,bj920663,2025-08-06,traded
31.989999771118164,-0.24695216239615936,18.0,0.17185551529370557,28.229999542236328,0.17185551529370557,0.10034388917749859,-0.2119412546156615,2009,sh603367,2025-08-06,operable_filtered
25.260000228881836,-0.13499603390791648,20.0,0.0805492081535355,23.610000610351562,0.0805492081535355,0.10451303902325026,-0.10728428215621,2010,bj920885,2025-08-06,operable_filtered
45.38999938964844,-0.031504743873204455,20.0,0.10304828681386868,48.4900016784668,0.10304828681386868,0.354924010288169,0.04472348108821156,2011,sz300731,2025-08-06,operable_filtered
40.0,-0.17574996948242183,20.0,0.06703060365933244,35.18000030517578,0.06703060365933244,0.03500003814697261,-0.12224998474121096,2012,sz300644,2025-08-06,operable_filtered
16.809999465942383,-0.16656747923957038,21.0,0.0,14.520000457763672,0.0,0.2480666394274731,-0.13801307367823634,2013,sz002097,2025-08-06,operable_filtered
16.899999618530273,-0.13609463248381826,13.0,0.30136982901142506,19.0,0.30136982901142506,0.12426038040658582,-0.08284021598410107,2014,bj920305,2025-08-06,operable_filtered
12.34000015258789,-0.05996756579966289,9.0,0.2499999588933497,14.5,0.2499999588933497,0.17504050410883698,0.024311198300264847,2015,sz300329,2025-08-06,score_filtered
54.91999816894531,-0.12618347999867752,10.0,0.699937465675476,81.58000183105469,0.699937465675476,0.485433440476412,0.20903138637439,2016,sz301389,2025-08-06,score_filtered
38.79999923706055,-0.034793775790377235,20.0,0.0947930351065207,41.0,0.0947930351065207,0.3654639325773874,0.0322164954788462,2017,sz300706,2025-08-06,score_filtered
75.79000091552734,-0.09592300019317601,15.0,0.4115587559721561,96.72000122070312,0.4115587559721561,0.2761578051503597,0.20728326817125153,2018,sz301529,2025-08-06,score_filtered
88.87999725341797,-0.19993246165838563,20.0,0.117986208938762,79.5,0.117986208938762,0.14918994763718385,-0.13928890229507607,2019,sh688585,2025-08-06,score_filtered
28.799999237060547,-0.24548610701789075,20.0,0.06856878980701642,23.219999313354492,0.06856878980701642,0.11597223059262785,-0.19930555288806362,2020,sz300885,2025-08-06,score_filtered
36.560001373291016,-0.16301971465940313,20.0,0.0656862811707355,32.61000061035156,0.0656862811707355,0.2702406149425318,-0.1178884357602813,2021,sz301117,2025-08-06,score_filtered
59.5,-0.12487395470883667,19.0,0.09410412050311523,56.970001220703125,0.09410412050311523,0.1361344281364889,-0.07159661044593624,2022,sz300689,2025-08-06,score_filtered
42.0,-0.12619045802525108,5.0,0.3482288423329525,49.47999954223633,0.3482288423329525,0.17809522719610316,0.1595238276890345,2023,sh688210,2025-08-06,score_filtered
60.0,-0.19899997711181638,20.0,0.07407402115831374,51.619998931884766,0.07407402115831374,0.059999974568685,-0.15616664886474607,2024,sh688039,2025-08-06,score_filtered
29.299999237060547,-0.09215013398961747,1.0,0.5526315279991962,41.29999923706055,0.5526315279991962,0.40955632465756575,0.23822524655248345,2025,bj920247,2025-08-07,expired
25.540000915527344,-0.05990605449490516,18.0,0.11037066194370815,26.65999984741211,0.11037066194370815,0.22004693541212927,0.02545025823139646,2026,bj920706,2025-08-07,traded
25.079999923706055,-0.11443384561259995,19.0,0.12516887893926332,24.989999771118164,0.12516887893926332,0.051834100518946435,-0.022328527418098654,2027,bj920663,2025-08-07,operable_filtered
30.079999923706055,-0.12267289040614415,19.0,0.10269045299350399,29.100000381469727,0.10269045299350399,0.350398904086171,-0.049534566984619444,2028,sh603767,2025-08-07,operable_filtered
40.029998779296875,-0.23557328716942783,19.0,0.10065359102319471,33.68000030517578,0.10065359102319471,0.16012990364434643,-0.16912317422465295,2029,sz301117,2025-08-07,operable_filtered
50.099998474121094,-0.06087823013878946,19.0,0.11583423700986106,52.5,0.11583423700986106,0.2375249877906842,0.03173653095836304,2030,bj920693,2025-08-07,score_filtered
46.599998474121094,-0.0751072985966662,0.0,0.47308593796328435,63.4900016784668,0.47308593796328435,0.36244643256212594,0.303218916969755,2031,sz301076,2025-08-07,score_filtered
47.02000045776367,-0.20353040411857493,19.0,0.0947930351065207,41.0,0.0947930351065207,0.126754551817291,-0.14483201418528668,2032,sz300706,2025-08-07,score_filtered
61.709999084472656,-0.32263814848154526,19.0,0.11244021169197427,46.5,0.11244021169197427,0.11813322028328521,-0.2792092010672498,2033,sz300875,2025-08-07,score_filtered
92.4000015258789,-0.23041126151458502,19.0,0.12220506773756434,79.80000305175781,0.12220506773756434,0.10541123055113366,-0.16655843220238575,2034,sh688585,2025-08-07,score_filtered
59.939998626708984,-0.13129794981973741,18.0,0.1033224716659642,57.45000076293945,0.1033224716659642,0.12779446151002838,-0.04571234445355166,2035,sz300689,2025-08-07,score_filtered
12.369999885559082,-0.06224733316192377,8.0,0.2499999588933497,14.5,0.2499999588933497,0.17219079499972434,0.025869013563839305,2036,sz300329,2025-08-07,score_filtered
26.360000610351562,-0.15857360426366218,19.0,0.0820558913337579,24.0,0.0820558913337579,0.1741274676141471,-0.11987859538103263,2037,sz300322,2025-08-07,score_filtered
145.10000610351562,-0.23273606376259637,20.0,0.12988411790755183,125.79000091552734,0.12988411790755183,0.3645760969764884,-0.21447278730216424,2038,sz301357,2025-08-07,score_filtered
28.559999465942383,-0.018907528651135208,0.0,0.3750891559539977,38.529998779296875,0.3750891559539977,0.34908961833993213,0.20413165380686693,2039,sz300703,2025-08-07,score_filtered
57.0,-0.15684208117033305,19.0,0.07407402115831374,51.619998931884766,0.07407402115831374,0.11403508771929816,-0.1201754118266859,2040,sh688039,2025-08-07,score_filtered
29.299999237060547,-0.25836177105592517,19.0,0.14127932625387762,24.799999237060547,0.14127932625387762,0.09692833537673518,-0.16484641807078126,2041,sz300885,2025-08-07,score_filtered
46.41999816894531,-0.05299438133365508,19.0,0.10304828681386868,48.4900016784668,0.10304828681386868,0.32486002640868517,-0.022188686340490538,2042,sz300731,2025-08-07,score_filtered
35.70000076293945,-0.07058824660809837,19.0,0.14707658297863246,38.060001373291016,0.14707658297863246,0.3291316456272404,0.04649859417189073,2043,sz301161,2025-08-07,score_filtered
28.899999618530273,-0.1692041333631381,17.0,0.11037066194370815,26.65999984741211,0.11037066194370815,0.06574393230483011,-0.14117646981178555,2044,bj920706,2025-08-08,expired
27.0,-0.014814800686306473,0.0,0.5526315279991962,41.29999923706055,0.5526315279991962,0.529629601372613,0.29148144192165804,2045,bj920247,2025-08-08,expired
52.52000045776367,-0.20677837996374582,21.0,0.0,43.810001373291016,0.0,0.019230737104533047,-0.20639756393957698,2046,bj920942,2025-08-08,expired
6.130000114440918,-0.12561174005732312,18.0,0.04477607558580465,5.599999904632568,0.04477607558580465,0.05057095220100405,-0.1011419044020081,2047,sh688425,2025-08-08,expired
29.520000457763672,-0.1493902364168932,21.0,0.0,26.8799991607666,0.0,0.03252029368516429,-0.14803525648605131,2048,bj920879,2025-08-08,traded
25.399999618530273,0.0,0.0,1.4015748392176417,61.0,1.4015748392176417,1.4015748392176417,0.7803150354267485,2049,bj920438,2025-08-08,operable_filtered
68.68000030517578,-0.18637156639756058,17.0,0.07337148167057794,59.97999954223633,0.07337148167057794,0.04222483274596556,-0.1725392897709127,2050,bj920174,2025-08-08,operable_filtered
11.8100004196167,-0.2675699143784608,21.0,0.0,8.960000038146973,0.0,0.049957593391239064,-0.26333619812458053,2051,sz300732,2025-08-08,operable_filtered
91.33999633789062,-0.04423027641897226,0.0,0.45120272637671244,126.69000244140625,0.45120272637671244,0.3870156286491042,0.2404204904128895,2052,sh603516,2025-08-08,operable_filtered
21.700000762939453,-0.07603693400310274,7.0,0.4039900593361436,28.149999618530273,0.4039900593361436,0.297234959853389,-0.04331799543818482,2053,sh600475,2025-08-08,operable_filtered
31.049999237060547,-0.06344603419516825,4.0,0.3920219961636582,40.47999954223633,0.3920219961636582,0.3037037209946323,0.07504031846395831,2054,sz002046,2025-08-08,score_filtered
22.8799991607666,-0.10270972728664896,21.0,0.0,21.75,0.0,0.16914339952728086,-0.09746501853287703,2055,sz300218,2025-08-08,score_filtered
55.68000030517578,-0.2625718184582293,18.0,0.05138813261284558,43.16999816894531,0.05138813261284558,0.06681036638495375,-0.2447916845080952,2056,sh603280,2025-08-08,score_filtered
15.0,-0.1593333562215169,20.0,0.060269647071671484,13.369999885559082,0.060269647071671484,0.09866663614908844,-0.15266666412353513,2057,sh600629,2025-08-08,score_filtered
45.880001068115234,-0.1837401941787289,18.0,0.0947930351065207,41.0,0.0947930351065207,0.15475148885851508,-0.14625114958493546,2058,sz300706,2025-08-08,score_filtered
26.280000686645508,-0.1560121869994162,18.0,0.0820558913337579,24.0,0.0820558913337579,0.17770167253713431,-0.13318112285204642,2059,sz300322,2025-08-08,score_filtered
16.399999618530273,-0.20243901049076662,21.0,0.0,13.5,0.0,0.06707319555220237,-0.20060975843777906,2060,sh600326,2025-08-08,score_filtered
40.599998474121094,-0.038916208762040494,13.0,0.1263454702034703,43.95000076293945,0.1263454702034703,0.27339908142838065,-0.02093592379474818,2061,bj920199,2025-08-08,score_filtered
30.200000762939453,-0.24801329434594932,21.0,0.0,23.3700008392334,0.0,0.10927149515539769,-0.2407284858974309,2062,sh601089,2025-08-08,score_filtered
45.20000076293945,-0.1409291775301844,18.0,0.09786245320291131,42.630001068115234,0.09786245320291131,0.11703541650965499,-0.11637172671340457,2063,sh688551,2025-08-08,score_filtered
28.170000076293945,-0.06389773632181528,0.0,1.3132346628235196,61.0,1.3132346628235196,1.1654242042879392,0.5782747236087984,2064,bj920438,2025-08-11,expired
31.850000381469727,-0.08822604183004146,15.0,0.3429751642723662,39.0,0.3429751642723662,0.29670325721844626,0.10580850231932981,2065,bj920247,2025-08-11,expired
30.989999771118164,-0.26718298637621296,20.0,0.03478647940886459,23.5,0.03478647940886459,0.08099387697385807,-0.26008388271929206,2066,sh601089,2025-08-11,operable_filtered
45.689998626708984,-0.15014219745772006,17.0,0.09786245320291131,42.630001068115234,0.09786245320291131,0.060407139837755475,-0.12519145497767914,2067,sh688551,2025-08-11,operable_filtered
31.299999237060547,-0.1361021861140872,18.0,0.0891272102741758,29.450000762939453,0.0891272102741758,0.2178913693630078,-0.0830670459263968,2068,sh603716,2025-08-11,operable_filtered
15.0,-0.16666666666666663,21.0,0.0,13.300000190734863,0.0,0.21200002034505205,-0.16200002034505212,2069,sh688189,2025-08-11,operable_filtered
130.89999389648438,-0.19327728496588392,20.0,0.08210225657408543,114.2699966430664,0.08210225657408543,0.4433155193665399,-0.16088616150164214,2070,sz300436,2025-08-11,score_filtered
24.059999465942383,-0.053200282947169164,17.0,0.15276555914576573,26.260000228881836,0.15276555914576573,0.17082297180302874,0.05153781374240762,2071,sz300400,2025-08-11,score_filtered
94.44000244140625,-0.037484125624876796,0.0,0.39372937639982397,126.69000244140625,0.39372937639982397,0.34148664936777173,0.31967380380726484,2072,sh603516,2025-08-11,score_filtered
30.579999923706055,-0.28940485296107143,17.0,0.20110450673224745,26.100000381469727,0.20110450673224745,0.05101371712996805,-0.1988227579749845,2073,sz300885,2025-08-11,score_filtered
11.8100004196167,-0.2675699143784608,20.0,0.03583820038010255,8.960000038146973,0.03583820038010255,0.022015179167619303,-0.2557155250178804,2074,sz300732,2025-08-11,score_filtered
41.310001373291016,-0.055434539806332284,12.0,0.1263454702034703,43.95000076293945,0.1263454702034703,0.25151292772326306,-0.037763285437691474,2075,bj920199,2025-08-11,score_filtered
99.0,-0.1942424581508444,17.0,0.24733614375359925,99.5,0.24733614375359925,0.04040404040404044,-0.02131313747829866,2076,sz301200,2025-08-11,score_filtered
3.0399999618530273,-0.003289470588401344,0.0,0.9933993461665478,6.039999961853027,0.9933993461665478,0.9868421176463944,0.9111842156859977,2077,sh601929,2025-08-11,score_filtered
27.829999923706055,-0.10887533938023852,12.0,0.14919358374052916,28.5,0.14919358374052916,0.1214516410360269,-0.06180378433595923,2078,sz300877,2025-08-11,score_filtered
41.0,-0.2536585272812262,17.0,0.10653595386410442,33.86000061035156,0.10653595386410442,0.13268289333436556,-0.19512195121951215,2079,sz301117,2025-08-11,score_filtered
31.270000457763672,-0.04828910159184008,16.0,0.20329304764378686,35.810001373291016,0.20329304764378686,0.23217135322205285,0.0863447625012459,2080,sz300703,2025-08-11,score_filtered
18.399999618530273,-0.25108695550767146,20.0,0.04063863791497724,14.34000015258789,0.04063863791497724,0.14021739006493172,-0.24293475032754053,2081,sz002097,2025-08-11,score_filtered
30.549999237060547,-0.049427114868841215,14.0,0.3429751642723662,39.0,0.3429751642723662,0.35188216918051696,0.14959082844363225,2082,bj920247,2025-08-12,expired
9.5,-0.1147368581671464,11.0,0.2722948874437492,10.699999809265137,0.2722948874437492,0.12631576939633016,0.03157896744577515,2083,sz002176,2025-08-12,operable_filtered
17.399999618530273,-0.23275858194545396,16.0,0.1101123049700361,14.819999694824219,0.1101123049700361,0.05632181400697678,-0.1591953772883662,2084,sz300368,2025-08-12,score_filtered
215.5,-0.03071923488254058,8.0,0.6558789582414115,345.8800048828125,0.6558789582414115,0.6050116235861369,0.568445475638051,2085,sz300476,2025-08-12,score_filtered
43.68000030517578,-0.11195053469514293,21.0,0.0,39.9900016784668,0.0,0.18360806780519545,-0.0943223192101621,2086,bj920199,2025-08-12,score_filtered
19.15999984741211,-0.1941545040007534,16.0,0.0880828817123247,16.799999237060547,0.0880828817123247,0.19102295806680059,-0.1450939827132094,2087,sz000901,2025-08-12,score_filtered
17.309999465942383,-0.15655685546406917,9.0,0.30136982901142506,19.0,0.30136982901142506,0.09763146078558305,-0.05083761917485963,2088,bj920305,2025-08-12,score_filtered
49.9900016784668,-0.11982399434579316,11.0,0.2649999965320935,55.65999984741211,0.2649999965320935,0.20024000771028194,0.07261446552384476,2089,sh603800,2025-08-12,score_filtered
28.0,-0.2078571319580078,16.0,0.08746620862781995,24.1200008392334,0.08746620862781995,0.10535717010498047,-0.14249999182564876,2090,sz300322,2025-08-12,score_filtered
52.560001373291016,-0.27644600864446955,16.0,0.08467003218669733,41.25,0.08467003218669733,0.02149918614713342,-0.22089041679993793,2091,sh688273,2025-08-12,score_filtered
23.510000228881836,-0.16248403477816142,21.0,0.0,21.0,0.0,0.16971500349951008,-0.11059125292034866,2092,sh600619,2025-08-12,score_filtered
30.780000686645508,-0.1426251201775235,16.0,0.22925348150760771,32.439998626708984,0.22925348150760771,0.31968804502036696,-0.020792764220916582,2093,sh603767,2025-08-12,score_filtered
16.079999923706055,-0.05099500613898189,0.0,0.7595019645315653,26.850000381469727,0.7595019645315653,0.6697761510487275,0.2064676436925652,2094,sh600410,2025-08-12,score_filtered
25.229999542236328,-0.12762581735144496,1.0,0.574284469130113,34.650001525878906,0.574284469130113,0.37336512701369684,-0.04201345561532366,2095,bj920184,2025-08-12,score_filtered
46.529998779296875,-0.015473832471412319,0.0,0.4309103053198329,65.55000305175781,0.4309103053198329,0.4087686389736964,0.33741674564421076,2096,sz301076,2025-08-12,score_filtered
25.649999618530273,-0.2027290032329746,16.0,0.137897290445816,23.270000457763672,0.137897290445816,0.23118909915662478,-0.1465887050604674,2097,sh600513,2025-08-12,score_filtered
54.0099983215332,-0.18496571327954714,16.0,0.15402087025878508,50.79999923706055,0.15402087025878508,0.08516945809613907,-0.09998144563964406,2098,sz301005,2025-08-12,score_filtered
32.0,-0.09249997138977051,13.0,0.3429751642723662,39.0,0.3429751642723662,0.2906249761581421,0.047812461853027344,2099,bj920247,2025-08-13,expired
38.5,-0.14155846137505068,15.0,0.2369138278912435,40.880001068115234,0.2369138278912435,0.28987012590680794,-0.06467536827186482,2100,bj920662,2025-08-13,expired
22.09000015258789,-0.30104121893478253,15.0,0.0880828817123247,16.799999237060547,0.0880828817123247,0.03304660648229141,-0.2625622090084533,2101,sz000901,2025-08-13,operable_filtered
28.489999771118164,-0.04071603568730331,0.0,0.719721922107734,47.0,0.719721922107734,0.6497016629549577,0.10249210599341962,2102,sh688108,2025-08-13,operable_filtered
47.29999923706055,-0.1799154008202486,20.0,0.049239489619283594,40.70000076293945,0.049239489619283594,0.09302328957399664,-0.15517970974589035,2103,bj920199,2025-08-13,operable_filtered
9.300000190734863,-0.06881723980611909,0.0,0.5704388707967298,13.600000381469727,0.5704388707967298,0.4623656024242606,0.10430110184246799,2104,sz002298,2025-08-13,operable_filtered
31.600000381469727,-0.095886096521135,10.0,0.43787197304369574,41.08000183105469,0.43787197304369574,0.3000000422513933,0.15822778583203334,2105,sz301150,2025-08-13,operable_filtered
232.0,-0.0996551513671875,7.0,0.6875238509886654,352.489990234375,0.6875238509886654,0.5193534061826508,0.4637068386735588,2106,sz300476,2025-08-13,score_filtered
79.5,-0.2933333294946443,15.0,0.0998576108913749,61.790000915527344,0.0998576108913749,0.21308179171580188,-0.27169809401410183,2107,sh688788,2025-08-13,score_filtered
113.0,-0.10973452677768947,5.0,0.4432406028192508,145.19000244140625,0.4432406028192508,0.2848672782425332,-0.018938047696003824,2108,sh688668,2025-08-13,score_filtered
29.93000030517578,-0.07885067110886224,15.0,0.3638011929749796,37.599998474121094,0.3638011929749796,0.2562645536498356,0.15235554048766442,2109,sz301217,2025-08-13,score_filtered
23.559999465942383,-0.07852293817510614,4.0,1.1556886785192297,46.79999923706055,1.1556886785192297,0.986417669691088,0.9282683079364245,2110,sh605298,2025-08-13,score_filtered
25.770000457763672,-0.1140861653796319,15.0,0.08103374453141088,24.68000030517578,0.08103374453141088,0.1505626345302482,-0.05859527365382411,2111,sh688584,2025-08-13,score_filtered
65.5,-0.06259539655146706,15.0,0.09918560564406187,67.48999786376953,0.09918560564406187,0.12152670357973516,0.014961883311963353,2112,sz301606,2025-08-13,score_filtered
155.00999450683594,-0.036513699786439924,1.0,0.592299885101885,237.80999755859375,0.592299885101885,0.5341591251272919,0.4132637577414904,2113,sz301489,2025-08-13,score_filtered
28.8799991607666,-0.2319944269490406,15.0,0.09783589028119022,24.350000381469727,0.09783589028119022,0.018351824863122257,-0.1821329111629233,2114,sz300322,2025-08-13,score_filtered
88.23999786376953,-0.19412961999233425,15.0,0.2881450947531954,91.5999984741211,0.2881450947531954,0.1575249531095706,-0.0049863420519458135,2115,sh688585,2025-08-13,score_filtered
24.100000381469727,-0.18298754263933203,20.0,0.16150331228662806,22.8700008392334,0.16150331228662806,0.14107882011257145,-0.07634855284079789,2116,sh600619,2025-08-13,score_filtered
32.689998626708984,-0.11165487502344074,12.0,0.3429751642723662,39.0,0.3429751642723662,0.26338332738004033,0.03181403974356933,2117,bj920247,2025-08-14,expired
31.200000762939453,-0.0003205201486313758,0.0,0.955755016207571,61.0,0.955755016207571,0.9551281573190895,0.7660255489343117,2118,bj920438,2025-08-14,expired
37.08000183105469,-0.1086839912348384,14.0,0.2369138278912435,40.880001068115234,0.2369138278912435,0.33926638066726333,-0.048004382580784544,2119,bj920662,2025-08-14,expired
150.89999389648438,-0.30404240628989754,19.0,0.20453250850824256,126.5,0.20453250850824256,0.25202120820087637,-0.2007952064143138,2120,sz300436,2025-08-14,operable_filtered
48.150001525878906,-0.19439252988020983,19.0,0.049239489619283594,40.70000076293945,0.049239489619283594,0.059605375720336085,-0.17237804337964258,2121,bj920199,2025-08-14,operable_filtered
21.200000762939453,-0.27169815921070317,14.0,0.0880828817123247,16.799999237060547,0.0880828817123247,0.017924488070344413,-0.24009433817973813,2122,sz000901,2025-08-14,operable_filtered
56.5,-0.22123893805309736,9.0,0.36636361208829005,60.119998931884766,0.36636361208829005,0.06407077755548252,0.06407077755548252,2123,sh603800,2025-08-14,score_filtered
31.260000228881836,-0.30006401149827355,19.0,0.09780627875134207,24.020000457763672,0.09780627875134207,0.04414584615042938,-0.24312221131872902,2124,sh601089,2025-08-14,score_filtered
95.1500015258789,-0.10667368747354466,14.0,0.5682353300206802,133.3000030517578,0.5682353300206802,0.4293221000423284,0.22753548269771207,2125,sh688110,2025-08-14,score_filtered
120.4000015258789,-0.02807312990013544,0.0,0.4961545620709811,175.0800018310547,0.4961545620709811,0.4541528206992822,0.3039866944374934,2126,sh688025,2025-08-14,score_filtered
208.0,-0.028365355271559478,17.0,0.17748636335426382,237.97000122070312,0.17748636335426382,0.36057692307692313,0.09721154433030343,2127,sz300870,2025-08-14,score_filtered
2.7899999618530273,-0.12544799620717906,5.0,0.6803277903620659,4.099999904632568,0.6803277903620659,0.46953403608990785,0.42652332383191127,2128,sz300237,2025-08-14,score_filtered
94.55000305175781,-0.2479111759369792,14.0,0.38545908869989143,98.5199966430664,0.38545908869989143,0.08027494545648794,0.026123675426604542,2129,sh688585,2025-08-14,score_filtered
923.0,-0.024918743228602436,3.0,0.7732000054253472,1595.8800048828125,0.7732000054253472,0.7290140897971966,0.5601300108342362,2130,sh688256,2025-08-14,score_filtered
6.349999904632568,-0.10708658874821986,14.0,0.3227513049527486,7.5,0.3227513049527486,0.1811023799431024,0.09606301459459643,2131,sz300472,2025-08-14,score_filtered
35.0,0.0,0.0,0.5565714154924666,54.47999954223633,0.5565714154924666,0.5565714154924666,0.1945714678083148,2132,bj920026,2025-08-14,score_filtered
18.0,-0.2433333396911621,14.0,0.07121881609244896,14.59000015258789,0.07121881609244896,0.03388892279730893,-0.20222224129570854,2133,sh600203,2025-08-14,score_filtered
35.0,-0.1702856881277902,11.0,0.3429751642723662,39.0,0.3429751642723662,0.17999997820172986,-0.020000021798270096,2134,bj920247,2025-08-15,expired
36.900001525878906,-0.0222222130329488,0.0,0.6906872756169384,61.0,0.6906872756169384,0.6531164628060828,0.5303522733217039,2135,bj920438,2025-08-15,expired
41.20000076293945,-0.19781556735333994,13.0,0.2369138278912435,40.880001068115234,0.2369138278912435,0.20533977980123397,-0.11796117767850312,2136,bj920662,2025-08-15,expired
28.420000076293945,-0.18684023404952865,13.0,0.09606227843888915,25.329999923706055,0.09606227843888915,0.16150591952559235,-0.1586910702594887,2137,bj920225,2025-08-15,expired
36.9900016784668,-0.01108407214944207,0.0,0.4893383492393757,54.47999954223633,0.4893383492393757,0.47283041552147553,0.1984320037720022,2138,bj920026,2025-08-15,expired
159.8000030517578,-0.34280353793828555,18.0,0.20453250850824256,126.5,0.20453250850824256,0.18229029454141177,-0.26745935342267146,2139,sz300436,2025-08-15,operable_filtered
11.149999618530273,-0.16412555931076112,14.0,0.15236052819642576,10.739999771118164,0.15236052819642576,0.21973101764665337,-0.05201793215688977,2140,sz002298,2025-08-15,operable_filtered
20.020000457763672,-0.06543463253433657,0.0,0.5446285960812394,28.899999618530273,0.5446285960812394,0.4435563914946352,0.13386614604878733,2141,sz300486,2025-08-15,operable_filtered
77.06999969482422,-0.27922668409208373,13.0,0.3659765669770547,75.87999725341797,0.3659765669770547,0.06176206247669325,-0.06734140991251092,2142,sh688648,2025-08-15,operable_filtered
100.29000091552734,-0.1524578799077474,13.0,0.5682353300206802,133.3000030517578,0.5682353300206802,0.3560673921476041,0.11367037014468617,2143,sh688110,2025-08-15,operable_filtered
81.27999877929688,-0.33070863259245853,20.0,0.0514705727669611,57.20000076293945,0.0514705727669611,0.1865157958881618,-0.3080708350995708,2144,sh688788,2025-08-15,operable_filtered
19.0,-0.08315789072137125,2.0,0.4839265366392145,25.850000381469727,0.4839265366392145,0.3605263358668278,0.019473728380705158,2145,sh688660,2025-08-15,operable_filtered
240.6199951171875,-0.16008640094482485,16.0,0.17748636335426382,237.97000122070312,0.17748636335426382,0.17612835900097346,-0.07966918193813888,2146,sz300870,2025-08-15,score_filtered
32.81999969482422,-0.15996343841611727,13.0,0.3638011929749796,37.599998474121094,0.3638011929749796,0.14564286483069933,0.011578338563335233,2147,sz301217,2025-08-15,score_filtered
37.029998779296875,-0.2157709459130921,10.0,0.3429751642723662,39.0,0.3429751642723662,0.08074538960391431,-0.06022143169724059,2148,bj920247,2025-08-18,expired
42.91999816894531,-0.09622547599282572,17.0,0.1598350249189513,44.9900016784668,0.1598350249189513,0.2693383473081141,-0.007921629832142618,2149,bj920026,2025-08-18,expired
29.799999237060547,-0.22449660395927185,12.0,0.09606227843888915,25.329999923706055,0.09606227843888915,0.0003355781589886586,-0.19765099129007302,2150,bj920225,2025-08-18,expired
100.0,-0.2191999816894531,12.0,0.4280225074950397,111.5,0.4280225074950397,0.11499999999999999,-0.03500000000000003,2151,bj920808,2025-08-18,expired
45.27000045776367,-0.2699359641514524,12.0,0.2369138278912435,40.880001068115234,0.2369138278912435,0.051468919655330625,-0.2155953619955543,2152,bj920662,2025-08-18,expired
14.010000228881836,-0.18772306006242112,12.0,0.1511423769535971,13.100000381469727,0.1511423769535971,0.13418987035883623,-0.15703067618298838,2153,bj920402,2025-08-18,expired
16.940000534057617,-0.2957497090280078,10.0,0.12992449265806694,13.479999542236328,0.12992449265806694,0.03896102872518736,-0.21664698704793217,2154,sh603221,2025-08-18,traded
20.139999389648438,-0.1146970971175737,17.0,0.13853052854310333,20.299999237060547,0.13853052854310333,0.27408146102530884,-0.0292949439159933,2155,sz300730,2025-08-18,expired
16.0,-0.3218749761581421,12.0,0.06267274908697784,11.529999732971191,0.06267274908697784,0.00625002384185791,-0.2850000262260437,2156,sz000561,2025-08-18,operable_filtered
95.7699966430664,-0.22313872680640479,15.0,0.20779568235754842,89.86000061035156,0.20779568235754842,0.11151718366431629,-0.1563119360555224,2157,sh688603,2025-08-18,operable_filtered
28.790000915527344,-0.2073637037463002,19.0,0.11305871858934435,25.399999618530273,0.11305871858934435,0.07676273060765126,-0.14901010000363057,2158,bj920184,2025-08-18,operable_filtered
61.220001220703125,-0.2943482538133263,15.0,0.12476850218651903,48.59000015258789,0.12476850218651903,0.12969621501283357,-0.26086247798542117,2159,sh688448,2025-08-18,operable_filtered
73.0,-0.23904110634163633,12.0,0.3659765669770547,75.87999725341797,0.3659765669770547,0.12095892919252993,-0.05616436265919311,2160,sh688648,2025-08-18,operable_filtered
42.33000183105469,-0.2123789579397427,7.0,0.3491301540604501,44.97999954223633,0.3491301540604501,0.06260329781600715,-0.09591309231440814,2161,bj920914,2025-08-18,operable_filtered
5.21999979019165,-0.14942524220725184,15.0,0.06756750225933827,4.739999771118164,0.06756750225933827,0.12452109607145534,-0.09770110585118497,2162,sh600208,2025-08-18,operable_filtered
43.290000915527344,-0.10395010175169417,16.0,0.1598350249189513,44.9900016784668,0.1598350249189513,0.2584892212994927,-0.06906910638096886,2163,bj920026,2025-08-19,expired
28.0,-0.17464283534458702,11.0,0.09606227843888915,25.329999923706055,0.09606227843888915,0.03464283261980339,-0.14464282989501953,2164,bj920225,2025-08-19,expired
90.08000183105469,-0.13321491736319047,11.0,0.4280225074950397,111.5,0.4280225074950397,0.23778860716631178,0.04373884027446162,2165,bj920808,2025-08-19,expired
35.79999923706055,-0.23910613542921477,15.0,0.10132159515684691,30.0,0.10132159515684691,0.01173189923444995,-0.1921787516029987,2166,bj920476,2025-08-19,expired
44.11000061035156,-0.14803896370303926,11.0,0.10910053949845766,41.68000030517578,0.10910053949845766,0.11085920022637397,-0.07730672863812804,2167,bj920981,2025-08-19,expired
53.0,-0.2349056747724425,1.0,0.5043156879827815,61.0,0.5043156879827815,0.15094339622641506,-0.011320725926813102,2168,bj920438,2025-08-19,expired
18.020000457763672,-0.1553829145175477,11.0,0.189224708535642,18.100000381469727,0.189224708535642,0.0527191360409498,-0.1032186771976582,2169,bj920469,2025-08-19,filtered
13.5,-0.15703702855993196,11.0,0.1511423769535971,13.100000381469727,0.1511423769535971,0.07851854960123705,-0.12296295166015625,2170,bj920402,2025-08-19,expired
8.199999809265137,-0.06219509315944516,9.0,0.16644996102522835,8.970000267028809,0.16644996102522835,0.09390249703343323,-0.05365848666071282,2171,sh600421,2025-08-19,expired
12.84000015258789,-0.27414333457419926,12.0,0.15236052819642576,10.739999771118164,0.15236052819642576,0.059190048274933904,-0.21261685852553636,2172,sz002298,2025-08-19,operable_filtered
27.40999984741211,-0.08573514755752909,21.0,0.0,25.899999618530273,0.0,0.10543595059236366,-0.07953302872351542,2173,bj920047,2025-08-19,operable_filtered
39.880001068115234,-0.2888666035411447,16.0,0.1339915075909246,32.15999984741211,0.1339915075909246,0.049398128215721426,-0.2652959264716165,2174,sh688108,2025-08-19,operable_filtered
66.22000122070312,-0.08094232122538536,2.0,1.052251072515351,124.9000015258789,1.052251072515351,0.8861371069686719,0.7360313646223762,2175,sh688195,2025-08-19,operable_filtered
12.800000190734863,-0.16015626251464687,11.0,0.20093021836391722,12.90999984741211,0.20093021836391722,0.15234373282874025,-0.05234375518048173,2176,sh601609,2025-08-19,operable_filtered
15.800000190734863,-0.3037974767588667,21.0,0.0,11.65999984741211,0.0,0.1120252837165967,-0.2930379783891367,2177,sh688098,2025-08-19,operable_filtered
39.29999923706055,-0.018829462547971243,0.0,0.445798703695478,55.75,0.445798703695478,0.4185750911523385,0.10483458045463623,2178,bj920839,2025-08-19,operable_filtered
10.220000267028809,-0.10763212844704961,4.0,0.6184210980367799,14.760000228881836,0.6184210980367799,0.44422699053146997,0.3620351969267426,2179,sh603222,2025-08-19,score_filtered
32.0,-0.11468750238418579,6.0,0.1408400911353127,32.31999969482422,0.1408400911353127,0.009999990463256836,-0.049062490463256836,2180,bj920504,2025-08-19,score_filtered
63.11000061035156,-0.19822535280055953,18.0,0.0824111088812638,54.77000045776367,0.0824111088812638,0.0438915641939015,-0.17223892927837847,2181,sz300995,2025-08-19,score_filtered
50.119998931884766,-0.22605742733066247,15.0,0.1598350249189513,44.9900016784668,0.1598350249189513,0.015363137952379757,-0.20231443746495548,2182,bj920026,2025-08-20,expired
52.75,-0.26824647442424465,10.0,0.22357516604310534,47.22999954223633,0.22357516604310534,0.056872037914691864,-0.1984834354635664,2183,bj920839,2025-08-20,expired
98.18000030517578,-0.2047259972666905,10.0,0.4280225074950397,111.5,0.4280225074950397,0.1356691755288375,-0.06172334018901282,2184,bj920808,2025-08-20,expired
32.47999954223633,-0.1841132889937409,21.0,0.0,28.790000915527344,0.0,0.000307947548381593,-0.18041868182241527,2185,bj920476,2025-08-20,expired
47.470001220703125,-0.14577631779424838,0.0,0.5043156879827815,61.0,0.5043156879827815,0.2850220861885302,0.06172319843754126,2186,bj920438,2025-08-20,expired
3.4200000762939453,0.0,0.0,0.21637419725442197,4.159999847412109,0.21637419725442197,0.21637419725442197,0.02339179003549785,2187,sh603377,2025-08-20,operable_filtered
11.960000038146973,-0.23745820598073397,3.0,0.6557018169901054,15.100000381469727,0.6557018169901054,0.2625418338885934,0.11454848504928128,2188,sh603222,2025-08-20,operable_filtered
24.440000534057617,-0.05687402891256388,15.0,0.21518443193032466,28.010000228881836,0.21518443193032466,0.3420621325827349,-0.00900168641144461,2189,sz300642,2025-08-20,operable_filtered
29.799999237060547,-0.27248319260983034,21.0,0.0,23.290000915527344,0.0,0.0402684830087876,-0.271812036291853,2190,bj920184,2025-08-20,operable_filtered
44.099998474121094,-0.14784573398324474,10.0,0.1974453913627463,45.0,0.1974453913627463,0.1111111495560333,-0.06575958756287548,2191,bj920981,2025-08-20,operable_filtered
36.08000183105469,-0.1773836253070895,10.0,0.09063337597876941,32.369998931884766,0.09063337597876941,0.008869170692469064,-0.15493353038372382,2192,bj920526,2025-08-20,score_filtered
37.79999923706055,-0.25873013165852643,21.0,0.0,29.280000686645508,0.0,0.046031791364716135,-0.2513227563953452,2193,sh688108,2025-08-20,score_filtered
13.5,-0.2829629403573496,11.0,0.11983469120263046,10.84000015258789,0.11983469120263046,0.0,-0.2696296550609447,2194,sh600590,2025-08-20,score_filtered
14.5,-0.25517240063897495,21.0,0.0,11.279999732971191,0.0,0.034482758620689724,-0.25517240063897495,2195,sh688098,2025-08-20,score_filtered
65.61000061035156,-0.12010365789985944,10.0,0.5243374449642526,88.0,0.5243374449642526,0.34125894195032025,0.18884315309232935,2196,sh688519,2025-08-20,score_filtered
64.0,-0.21828126907348633,21.0,0.0,52.5,0.0,0.02812504768371582,-0.2109375,2197,sz300995,2025-08-20,score_filtered
28.389999389648438,-0.04473401119121212,1.0,0.6957964695906256,45.9900016784668,0.6957964695906256,0.6199366913419404,0.5184924810555063,2198,bj920978,2025-08-20,score_filtered
19.010000228881836,-0.2056812099071761,10.0,0.34768211042184105,20.350000381469727,0.34768211042184105,0.1241452173559694,-0.016307178443448977,2199,sz002272,2025-08-20,score_filtered
26.239999771118164,-0.15015246068692023,2.0,0.32780276338047876,29.610000610351562,0.32780276338047876,0.1284299111520073,0.07393294782696369,2200,sz002158,2025-08-20,score_filtered
39.06999969482422,-0.22446891544064884,10.0,0.17194716883359518,35.5099983215332,0.17194716883359518,0.020732054763704655,-0.1356539359728396,2201,sz002046,2025-08-20,score_filtered
45.70000076293945,-0.15120349523091903,14.0,0.1598350249189513,44.9900016784668,0.1598350249189513,0.04091901314367696,-0.1035010823472925,2202,bj920026,2025-08-21,expired
47.5,-0.18736845317639805,9.0,0.22357516604310534,47.22999954223633,0.22357516604310534,0.0061052824321545796,-0.06757892809416122,2203,bj920839,2025-08-21,operable_filtered
29.200000762939453,-0.1150685110466183,21.0,0.0,26.850000381469727,0.0,0.06027391354615941,-0.10856164361191722,2204,bj920476,2025-08-21,expired
3.5899999141693115,-0.06963788467327792,21.0,0.0,3.5799999237060547,0.0,0.1587743584597523,-0.0417826909568495,2205,sh603377,2025-08-21,expired
43.970001220703125,-0.03729814291831879,0.0,0.44105828871588626,61.0,0.44105828871588626,0.3873094907097332,0.15101203559944443,2206,bj920438,2025-08-21,operable_filtered
29.15999984741211,-0.1591220649495383,21.0,0.0,25.5,0.0,0.03806586475171314,-0.1337448435849834,2207,bj920047,2025-08-21,operable_filtered
25.1200008392334,-0.11186310825683754,4.0,0.29448677060049855,28.8799991607666,0.29448677060049855,0.149681456843771,-0.022293047555013712,2208,bj920679,2025-08-21,operable_filtered
33.5,-0.1635820758876516,20.0,0.04496788751952785,29.280000686645508,0.04496788751952785,0.1802985347918611,-0.14298510195604008,2209,sh688108,2025-08-21,operable_filtered
11.100000381469727,-0.17837841692474588,2.0,0.6557018169901054,15.100000381469727,0.6557018169901054,0.3603603479759854,0.12342340887178271,2210,sh603222,2025-08-21,score_filtered
188.10000610351562,-0.18389160273415428,9.0,0.09517296028370947,168.1199951171875,0.09517296028370947,0.047315223858028554,-0.16321111754848294,2211,bj920493,2025-08-21,score_filtered
9.4399995803833,-0.21610164996776804,10.0,0.10810806805239404,8.199999809265137,0.10810806805239404,0.10169492381566325,-0.18538131366016275,2212,sz002177,2025-08-21,score_filtered
50.08000183105469,-0.10543135784631708,12.0,0.3080357025016325,58.599998474121094,0.3080357025016325,0.25758780430359995,0.05331465797370716,2213,sh603757,2025-08-21,score_filtered
120.0,-0.15216668446858728,9.0,0.5223118550699968,154.8800048828125,0.5223118550699968,0.2906667073567708,0.1577499389648438,2214,sh688702,2025-08-21,score_filtered
37.5,-0.16533335367838542,9.0,0.1456869483847072,35.86000061035156,0.1456869483847072,0.00506663004557284,-0.1333333333333333,2215,bj920876,2025-08-21,score_filtered
20.170000076293945,-0.11601388912923816,14.0,0.13853052854310333,20.299999237060547,0.13853052854310333,0.27218640309132325,-0.07882995273047311,2216,sz300730,2025-08-21,score_filtered
11.260000228881836,-0.11101243113599213,9.0,0.1828171710152373,11.84000015258789,0.1828171710152373,0.13587919199564058,-0.026643000411790796,2217,sz300147,2025-08-21,score_filtered
3.9600000381469727,-0.14141412560227784,1.0,0.9117646522587985,6.5,0.9117646522587985,0.6414141256022778,0.08585862356379903,2218,sh601929,2025-08-21,score_filtered
28.65999984741211,-0.061758564800672766,10.0,0.48754187087852374,40.0,0.48754187087852374,0.39567341985215854,0.35624560847283404,2219,sz002289,2025-08-21,score_filtered
43.279998779296875,-0.10813309697722251,8.0,0.23575136395197904,47.70000076293945,0.23575136395197904,0.10212574187402468,0.04898342898281549,2220,bj920839,2025-08-22,operable_filtered
30.059999465942383,-0.16566865038965184,21.0,0.0,26.280000686645508,0.0,0.029940107602129507,-0.153027294184801,2221,bj920476,2025-08-22,expired
46.79999923706055,-0.0955127666426564,1.0,0.44105828871588626,61.0,0.44105828871588626,0.3034188246673002,0.002991439998519807,2222,bj920438,2025-08-22,operable_filtered
29.510000228881836,-0.006777389406581902,0.0,0.7018083240183874,49.880001068115234,0.7018083240183874,0.6902745063111522,0.42832942050017775,2223,bj920978,2025-08-22,operable_filtered
97.04000091552734,-0.05667765816271697,0.0,0.5286212724086374,139.92999267578125,0.5286212724086374,0.44198259847080323,0.009480607587237788,2224,sh688577,2025-08-22,operable_filtered
60.20000076293945,-0.0933554628016644,2.0,0.4213997660020883,77.58000183105469,0.4213997660020883,0.2887043330207859,0.03820596690883238,2225,bj920699,2025-08-22,operable_filtered
31.100000381469727,-0.08327974665013471,5.0,0.3770606105348664,39.2599983215332,0.3770606105348664,0.26237935176764293,0.0327973806399946,2226,bj920509,2025-08-22,operable_filtered
46.599998474121094,-0.19356216606048993,8.0,0.1974453913627463,45.0,0.1974453913627463,0.008583724012374061,-0.1345492885916808,2227,bj920981,2025-08-22,operable_filtered
26.5,-0.16150945987341536,10.0,0.5013502088769999,33.36000061035156,0.5013502088769999,0.2588679475604363,0.14037733257941487,2228,sh603389,2025-08-22,operable_filtered
27.600000381469727,-0.21268118688775228,8.0,0.36401288605816773,29.639999389648438,0.36401288605816773,0.0739130065211282,-0.10072466116746737,2229,sz300885,2025-08-22,operable_filtered
23.18000030517578,-0.19240728788193462,21.0,0.0,20.139999389648438,0.0,0.009490910718640944,-0.17687663190212521,2230,bj920195,2025-08-22,operable_filtered
53.0099983215332,-0.13959626382737855,21.0,0.0,48.27000045776367,0.0,0.12148656188110563,-0.11469530671325567,2231,sh688489,2025-08-22,score_filtered
260.7099914550781,-0.2248091261268801,11.0,0.17748636335426382,237.97000122070312,0.17748636335426382,0.08549733142376548,-0.16961369878888366,2232,sz300870,2025-08-22,score_filtered
43.5,-0.11264371323859557,7.0,0.23575136395197904,47.70000076293945,0.23575136395197904,0.09655174167676894,0.013563221898572175,2233,bj920839,2025-08-25,operable_filtered
29.799999237060547,-0.1583892427582515,20.0,0.04784692051793793,26.280000686645508,0.04784692051793793,0.026845676674188024,-0.147650997690572,2234,bj920476,2025-08-25,expired
32.400001525878906,-0.07469141573063343,7.0,0.6637759115987794,49.880001068115234,0.6637759115987794,0.5395061333029414,0.3935184999857537,2235,bj920978,2025-08-25,expired
14.270000457763672,-0.027330086251719177,0.0,1.6195965641615655,36.36000061035156,1.6195965641615655,1.5480027641183223,0.3391730902121073,2236,bj920223,2025-08-25,traded
26.010000228881836,-0.2806613256505537,10.0,0.08177449286543514,20.239999771118164,0.08177449286543514,0.06805076671234467,-0.23913876426835723,2237,sz300192,2025-08-25,expired
103.88999938964844,-0.0941380194123993,21.0,0.0,103.5999984741211,0.0,0.3469053181044086,-0.03734716792966475,2238,sh688577,2025-08-25,expired
13.289999961853027,-0.12264861693902118,9.0,0.3825043782321462,16.1200008392334,0.3825043782321462,0.21294212832983206,-0.02332584051967712,2239,sh600246,2025-08-25,operable_filtered
12.380000114440918,-0.18739900431164014,20.0,0.06063614624585556,10.670000076293945,0.06063614624585556,0.10581578787017176,-0.15831987237711642,2240,sz000617,2025-08-25,operable_filtered
60.0,-0.09033330281575525,1.0,0.4213997660020883,77.58000183105469,0.4213997660020883,0.29300003051757817,0.06466668446858725,2241,bj920699,2025-08-25,operable_filtered
54.33000183105469,-0.2935762971725603,8.0,0.1060448041051627,42.45000076293945,0.1060448041051627,0.08172277704896214,-0.2703847220010498,2242,sz002190,2025-08-25,operable_filtered
20.899999618530273,-0.05741621423413246,0.0,2.3375633225198613,65.75,2.3375633225198613,2.145933071774078,0.7066985081339294,2243,bj920274,2025-08-25,operable_filtered
36.95000076293945,-0.09769960854702775,2.0,0.3491301540604501,44.97999954223633,0.3491301540604501,0.21732066612975287,0.04600813877775445,2244,bj920914,2025-08-25,score_filtered
19.0,-0.24947367216411387,20.0,0.06661990140372032,15.210000038146973,0.06661990140372032,0.0,-0.22842106066252055,2245,bj920263,2025-08-25,score_filtered
46.0,-0.13695650515349012,20.0,0.055415635281125475,41.900001525878906,0.055415635281125475,0.01108692003333056,-0.129565197488536,2246,bj920942,2025-08-25,score_filtered
32.939998626708984,-0.1703096216420037,7.0,0.3494329005147747,36.880001068115234,0.3494329005147747,0.11961149379683178,-0.03157252736906435,2247,sz300503,2025-08-25,score_filtered
22.200000762939453,-0.31261262592581585,11.0,0.35452160984721837,20.670000076293945,0.35452160984721837,0.1644143915807228,-0.24729736440512973,2248,sh605303,2025-08-25,score_filtered
24.0,-0.2487499713897705,10.0,0.35940095925985993,24.510000228881836,0.35940095925985993,0.11875001589457201,-0.17041667302449548,2249,sh600410,2025-08-25,score_filtered
43.58000183105469,-0.1376778280840837,7.0,0.1974453913627463,45.0,0.1974453913627463,0.032583710630627705,-0.05507116624691577,2250,bj920981,2025-08-25,score_filtered
8.619999885559082,-0.2772621691665583,20.0,0.07223110881018258,6.679999828338623,0.07223110881018258,0.02668219245524117,-0.24709978453819537,2251,sz300066,2025-08-25,score_filtered
15.569999694824219,-0.017341008951921144,1.0,1.376470598501684,36.36000061035156,1.376470598501684,1.3352602005790892,0.18818242534389862,2252,bj920223,2025-08-26,expired
40.779998779296875,-0.05345758632740616,6.0,0.23575136395197904,47.70000076293945,0.23575136395197904,0.16969107873430622,0.03555666518743461,2253,bj920839,2025-08-26,expired
4.150000095367432,-0.19759039826932245,19.0,0.06006007575553629,3.5299999713897705,0.06006007575553629,0.002409578750574015,-0.18313252361406707,2254,sh603377,2025-08-26,expired
48.91999816894531,-0.11876528569213984,6.0,0.34539548083590277,58.0,0.34539548083590277,0.2469338160916601,-0.016353214779316838,2255,bj920438,2025-08-26,expired
13.65999984741211,-0.14641288596931434,8.0,0.3825043782321462,16.1200008392334,0.3825043782321462,0.18008792234996518,-0.10541724717926038,2256,sh600246,2025-08-26,operable_filtered
162.8000030517578,-0.15227277690554197,6.0,0.4257663365294495,196.77000427246094,0.4257663365294495,0.20866093724766888,0.12622851760773313,2257,sh688082,2025-08-26,operable_filtered
28.649999618530273,-0.2244328234132673,8.0,0.5013502088769999,33.36000061035156,0.5013502088769999,0.1643979425666362,0.1609074612350525,2258,sh603389,2025-08-26,operable_filtered
72.0,-0.028472264607747433,0.0,0.7243746677477612,120.62000274658203,0.7243746677477612,0.6752778159247503,0.5011111365424261,2259,sh601869,2025-08-26,operable_filtered
30.690000534057617,-0.07103291845031312,3.0,0.3770606105348664,39.2599983215332,0.3770606105348664,0.27924397648560495,0.043010679847031774,2260,bj920509,2025-08-26,operable_filtered
25.889999389648438,-0.30359207757052253,9.0,0.35940095925985993,24.510000228881836,0.35940095925985993,0.0370799928332608,-0.2359984104690973,2261,sh600410,2025-08-26,score_filtered
30.709999084472656,-0.2588733016149921,21.0,0.0,23.700000762939453,0.0,0.0400521486894756,-0.25659392366282496,2262,sz300642,2025-08-26,score_filtered
12.470000267028809,-0.2526062954892888,7.0,0.47961377826130014,13.789999961853027,0.47961377826130014,0.10585402297980306,0.10585402297980306,2263,sz002298,2025-08-26,score_filtered
27.600000381469727,-0.19637681164428034,6.0,0.22948602716656064,27.270000457763672,0.22948602716656064,0.06557968988861296,-0.1213768237379762,2264,sz300322,2025-08-26,score_filtered
29.979999542236328,-0.11274180161359915,6.0,0.12406011991486343,29.899999618530273,0.12406011991486343,0.04669778652124168,-0.01801197519759634,2265,sz000029,2025-08-26,score_filtered
5.920000076293945,-0.059121604750329015,0.0,0.3034111319814159,7.260000228881836,0.3034111319814159,0.22635137420923157,0.05574322963736211,2266,sz300096,2025-08-26,score_filtered
6.25,-0.14239997863769527,19.0,0.21082082265972812,6.489999771118164,0.21082082265972812,0.19999999999999996,-0.022399978637695273,2267,sz300472,2025-08-26,score_filtered
65.19999694824219,-0.34463187818617924,21.0,0.0,44.18000030517578,0.0,0.1820552653707148,-0.34294475218157394,2268,sh601606,2025-08-26,score_filtered
5.570000171661377,-0.09694792553156428,8.0,0.17296219667398982,5.900000095367432,0.17296219667398982,0.08976660405575254,-0.07181330036622291,2269,sz300225,2025-08-26,score_filtered
25.0,-0.10800003051757812,6.0,0.5179372032383531,33.849998474121094,0.5179372032383531,0.35399993896484383,0.3139999389648438,2270,sz002364,2025-08-26,score_filtered
42.400001525878906,-0.08962271025953794,5.0,0.23575136395197904,47.70000076293945,0.23575136395197904,0.12499997750768199,-0.0327830932623272,2271,bj920839,2025-08-27,expired
31.84000015258789,-0.05841710431651448,5.0,0.6637759115987794,49.880001068115234,0.6637759115987794,0.5665829406116096,0.28517581572999506,2272,bj920978,2025-08-27,filtered
75.41000366210938,-0.0001326367291438757,0.0,0.599734752063402,120.62000274658203,0.599734752063402,0.5995225684783907,0.36586652961208554,2273,sh601869,2025-08-27,operable_filtered
57.0,-0.0333333601031387,0.0,0.4079855531664274,77.58000183105469,0.4079855531664274,0.3610526637027138,0.11859646178128425,2274,bj920699,2025-08-27,operable_filtered
3.880000114440918,-0.14175262229705232,18.0,0.06906907637929094,3.559999942779541,0.06906907637929094,0.028350487590559137,-0.13144335408230357,2275,sh603377,2025-08-27,operable_filtered
114.6500015258789,-0.1791539523956398,19.0,0.18797154740917565,111.80000305175781,0.18797154740917565,0.22049708515874822,-0.06061931517783681,2276,sh688577,2025-08-27,operable_filtered
86.02999877929688,-0.17470648602303418,8.0,0.26605632943166824,89.88999938964844,0.26605632943166824,0.06916197445150485,-0.1277461120505592,2277,sz002851,2025-08-27,operable_filtered
52.939998626708984,-0.21250472783964547,5.0,0.1712641746112078,48.83000183105469,0.1712641746112078,0.0,-0.15640345663174038,2278,sh603859,2025-08-27,operable_filtered
24.700000762939453,-0.25506076719891735,21.0,0.0,19.049999237060547,0.0,0.12793521254272422,-0.24048584415309626,2279,sh600749,2025-08-27,operable_filtered
5.510000228881836,-0.08711433741099761,7.0,0.17296219667398982,5.900000095367432,0.17296219667398982,0.09981845572614767,-0.03811252802608123,2280,sz300225,2025-08-27,operable_filtered
80.05000305175781,-0.18376022677171122,5.0,0.3269054454777327,86.69999694824219,0.3269054454777327,0.08307299991212624,-0.010618439364281307,2281,sz301396,2025-08-27,operable_filtered
27.899999618530273,-0.20071686229523777,5.0,0.5179372032383531,33.849998474121094,0.5179372032383531,0.2132616106431422,0.05985663437732747,2282,sz002364,2025-08-27,score_filtered
3.7799999713897705,-0.15079363427434878,21.0,0.0,3.309999942779541,0.0,0.1455026339891925,-0.14814813413177064,2283,sz002217,2025-08-27,score_filtered
54.36000061035156,-0.17586462961647842,8.0,0.3080357025016325,58.599998474121094,0.3080357025016325,0.15857245833516953,-0.12932300773297234,2284,sh603757,2025-08-27,score_filtered
12.899999618530273,-0.11627907320596487,21.0,0.0,12.180000305175781,0.0,0.24961250511028976,-0.11627907320596487,2285,sh600246,2025-08-27,score_filtered
21.989999771118164,-0.24874940292354308,18.0,0.11985469051883801,18.5,0.11985469051883801,0.10322876222787003,-0.20054569774049003,2286,bj920807,2025-08-27,score_filtered
22.440000534057617,-0.11720147083435362,1.0,0.45885918211232357,28.899999618530273,0.45885918211232357,0.2878787402285572,0.06461670325676372,2287,sz300486,2025-08-27,score_filtered
322.8699951171875,-0.0013007802412974279,0.0,0.41730498515905956,457.010009765625,0.41730498515905956,0.41546138283847234,0.28132071255762403,2288,sz300308,2025-08-27,score_filtered
33.900001525878906,-0.11563427159878115,4.0,0.6637759115987794,49.880001068115234,0.6637759115987794,0.47138639595745624,0.20648966622188114,2289,bj920978,2025-08-28,filtered
117.0,-0.27350427350427353,4.0,0.5682353300206802,133.3000030517578,0.5682353300206802,0.16239316239316248,-0.18376068376068377,2290,sh688110,2025-08-28,operable_filtered
84.91000366210938,-0.16252505543014117,4.0,0.8576853462195819,132.10000610351562,0.8576853462195819,0.5557649323534835,0.5557649323534835,2291,sh688585,2025-08-28,operable_filtered
183.39999389648438,-0.05676111641091974,4.0,0.6874385478509313,291.9100036621094,0.6874385478509313,0.5916576520000911,0.39040353591248467,2292,sz301489,2025-08-28,operable_filtered
27.93000030517578,-0.20157540302897614,4.0,0.5179372032383531,33.849998474121094,0.5179372032383531,0.2119583997229053,0.04224848880352905,2293,sz002364,2025-08-28,operable_filtered
74.06999969482422,-0.21695692940507927,4.0,0.37724133195548215,79.87999725341797,0.37724133195548215,0.10139060574014347,-0.1614688690934123,2294,sz301389,2025-08-28,operable_filtered
12.970000267028809,-0.22436390034699183,17.0,0.07355862229142529,10.800000190734863,0.07355862229142529,0.055512667581419484,-0.17579033459556082,2295,sz000617,2025-08-28,operable_filtered
35.5,-0.14478871520136438,20.0,0.08003953413450349,32.790000915527344,0.08003953413450349,0.166197226081096,-0.085633828606404,2296,sz300491,2025-08-28,score_filtered
265.0,-0.23735846753390333,7.0,0.17748636335426382,237.97000122070312,0.17748636335426382,0.055773580299233405,-0.2010188840470224,2297,sz300870,2025-08-28,score_filtered
42.939998626708984,-0.12785277222516522,4.0,0.37650195425561805,51.54999923706055,0.37650195425561805,0.2005123634306798,-0.03889143508045112,2298,sz300706,2025-08-28,score_filtered
87.93000030517578,-0.19253952287521192,7.0,0.26605632943166824,89.88999938964844,0.26605632943166824,0.04605939995111563,-0.10428748023563406,2299,sz002851,2025-08-28,score_filtered
1480.0,-0.2081081081081081,5.0,0.30494882629186226,1529.4000244140625,0.30494882629186226,0.04054054054054057,-0.10574324324324325,2300,sh688256,2025-08-28,score_filtered
24.799999237060547,-0.2943548170014294,9.0,0.4960000174386161,26.18000030517578,0.4960000174386161,0.05564520607133705,-0.08629030062430287,2301,sh688660,2025-08-28,score_filtered
31.0,-0.176774178781817,4.0,1.0724921019175877,52.88999938964844,1.0724921019175877,0.7061290125693045,0.5219354937153478,2302,sz300539,2025-08-28,score_filtered
352.0,-0.022727272727272707,6.0,0.32851747024891,457.010009765625,0.32851747024891,0.29832389137961646,0.18394886363636354,2303,sz300308,2025-08-28,score_filtered
28.010000228881836,-0.121742228473671,4.0,0.4430894085164665,35.5,0.4430894085164665,0.2674044880369202,-0.021420934543622372,2304,bj920961,2025-08-28,score_filtered
58.560001373291016,-0.23497270856462704,7.0,0.3080357025016325,58.599998474121094,0.3080357025016325,0.0179303144200309,-0.1731557883632584,2305,sh603757,2025-08-28,score_filtered
34.0099983215332,-0.11849453037888891,3.0,0.6637759115987794,49.880001068115234,0.6637759115987794,0.46662756629817426,0.14084096300865112,2306,bj920978,2025-08-29,filtered
22.0,-0.19000001387162646,19.0,0.06621775114387396,19.0,0.06621775114387396,0.6527273004705256,-0.1718182130293413,2307,bj920223,2025-08-29,expired
42.599998474121094,-0.09389671697828683,3.0,0.23575136395197904,47.70000076293945,0.23575136395197904,0.1197183678754481,-0.014084471727988102,2308,bj920839,2025-08-29,expired
146.99000549316406,-0.2721273973369215,3.0,1.0457987592589042,218.8800048828125,1.0457987592589042,0.48908086742667534,0.39465264534284117,2309,sh688228,2025-08-29,expired
29.40999984741211,-0.04420262644696815,0.0,0.5268586708297665,42.91999816894531,0.5268586708297665,0.45936750736576415,-0.016660991963972416,2310,bj920906,2025-08-29,expired
31.860000610351562,-0.1525423891163552,17.0,0.09259259259259256,29.5,0.09259259259259256,0.14155675565391768,-0.08505966540819176,2311,sz300955,2025-08-29,operable_filtered
31.670000076293945,-0.08304386341745684,1.0,0.3429751642723662,39.0,0.3429751642723662,0.23144931815749525,-0.052415530262492016,2312,bj920247,2025-08-29,operable_filtered
209.0,-0.17229662443462168,3.0,0.6874385478509313,291.9100036621094,0.6874385478509313,0.3966985821153559,0.14832535885167464,2313,sz301489,2025-08-29,operable_filtered
115.0,-0.1816521686056386,17.0,0.3387524922607572,125.98999786376953,0.3387524922607572,0.2167825450067935,0.042608708920686134,2314,sh688577,2025-08-29,operable_filtered
91.87999725341797,-0.15356988498197488,3.0,0.2457245909120831,96.87999725341797,0.2457245909120831,0.05441880876649674,-0.05148014659265898,2315,sh603124,2025-08-29,operable_filtered
21.8700008392334,-0.0032008047318988764,0.0,2.016055151425113,65.75,2.016055151425113,2.0064013478247635,0.5409236154432964,2316,bj920274,2025-08-29,operable_filtered
3.25,-0.15384615384615385,8.0,0.22545450383966625,3.369999885559082,0.22545450383966625,0.22769231062669015,-0.0400000352125901,2317,sz002256,2025-08-29,operable_filtered
30.450000762939453,-0.05681449609980105,19.0,0.06824516151398052,30.68000030517578,0.06824516151398052,0.2765188163539638,-0.010180668818514982,2318,bj920523,2025-08-29,operable_filtered
32.599998474121094,-0.19263800838156897,20.0,0.07902735364070246,28.399999618530273,0.07902735364070246,0.212883520436832,-0.13159506776002605,2319,sh688108,2025-08-29,operable_filtered
29.75,-0.1731092308749672,3.0,0.4430894085164665,35.5,0.4430894085164665,0.19327731092436973,-0.07865546731387862,2320,bj920961,2025-08-29,score_filtered
120.12999725341797,-0.0410388780312364,0.0,0.9289931172528032,222.22000122070312,0.9289931172528032,0.849829403990771,0.4309497862873999,2321,sz301488,2025-08-29,score_filtered
25.989999771118164,-0.03732202085020486,0.0,0.3321343413769777,33.33000183105469,0.3321343413769777,0.28241639571283206,0.03886110957200617,2322,bj920932,2025-08-29,score_filtered
78.51000213623047,-0.26124062639358403,3.0,0.37724133195548215,79.87999725341797,0.37724133195548215,0.017449943700297954,-0.23194500577865151,2323,sz301389,2025-08-29,score_filtered
27.399999618530273,-0.3496350385796072,18.0,0.06621775114387396,19.0,0.06621775114387396,0.32700734002060905,-0.34379562800881636,2324,bj920223,2025-09-01,expired
63.5,-0.09606296809639514,7.0,0.3515679402217018,77.58000183105469,0.3515679402217018,0.22173231230007384,-0.07102359561469607,2325,bj920699,2025-09-01,expired
31.360000610351562,-0.09470666973529218,21.0,0.0,29.010000228881836,0.0,0.36862236395422565,-0.08705361595827965,2326,bj920906,2025-09-01,expired
148.5,-0.27952863391400984,2.0,1.1030003223898808,225.0,1.1030003223898808,0.5151515151515151,0.4480807628695813,2327,sh688228,2025-09-01,expired
33.0,-0.023636326645359862,2.0,0.6964617559446289,54.65999984741211,0.6964617559446289,0.656363631739761,0.2439393708200166,2328,sh605298,2025-09-01,expired
13.800000190734863,-0.22246381203383558,18.0,0.05591802488974529,11.329999923706055,0.05591802488974529,0.2528985997504276,-0.1855072742198547,2329,bj920553,2025-09-01,expired
42.41999816894531,-0.13319184241073045,20.0,0.05955938535340932,38.959999084472656,0.05955938535340932,0.10796798747642566,-0.0917020169156022,2330,bj920026,2025-09-01,operable_filtered
34.310001373291016,-0.21305744916062763,16.0,0.29555553860134554,34.97999954223633,0.29555553860134554,0.0600407308697275,0.019527780301019648,2331,sz300955,2025-09-01,operable_filtered
213.9199981689453,-0.19133317607574218,2.0,0.6874385478509313,291.9100036621094,0.6874385478509313,0.36457557105797433,0.11569745798358433,2332,sz301489,2025-09-01,operable_filtered
112.69999694824219,-0.23070098228964975,5.0,0.6635524890922533,144.22999572753906,0.6635524890922533,0.2797692957682787,0.032475632308936575,2333,sz300620,2025-09-01,operable_filtered
94.1500015258789,-0.1739777442097029,2.0,0.2457245909120831,96.87999725341797,0.2457245909120831,0.028996236678643816,-0.046202850808509166,2334,sh603124,2025-09-01,operable_filtered
31.700000762939453,-0.09400635261400014,18.0,0.07590530491977088,30.899999618530273,0.07590530491977088,0.22618290209405223,-0.06309148113138863,2335,bj920523,2025-09-01,operable_filtered
25.020000457763672,-0.17346123394019342,21.0,0.0,21.920000076293945,0.0,0.15507590286884443,-0.1710631737945244,2336,sz300486,2025-09-01,score_filtered
5.980000019073486,-0.15217388704174295,3.0,0.3510847480677515,6.849999904632568,0.3510847480677515,0.1454849302314678,0.0066889568102752595,2337,sz002131,2025-09-01,score_filtered
29.850000381469727,-0.03517591728611835,1.0,0.5138888760113418,43.599998474121094,0.5138888760113418,0.4606364461283923,0.1932997814632169,2338,sh688006,2025-09-01,score_filtered
90.1500015258789,-0.11259014258546851,5.0,0.5077500343322754,120.62000274658203,0.5077500343322754,0.33799224298355957,0.08685526010564693,2339,sh601869,2025-09-01,score_filtered
5.190000057220459,-0.3159923095997976,18.0,0.09577469215627721,3.890000104904175,0.09577469215627721,0.2524084640340294,-0.29479767909851873,2340,sh601929,2025-09-01,score_filtered
15.130000114440918,-0.16721742986349475,18.0,0.04761900076430181,13.199999809265137,0.04761900076430181,0.1698612444850931,-0.15003307604717442,2341,bj920768,2025-09-01,score_filtered
38.36000061035156,-0.1386861212246332,21.0,0.0,33.880001068115234,0.0,0.7140249987967195,-0.13216891590601443,2342,bj920274,2025-09-02,expired
34.599998474121094,-0.13352598657888015,1.0,0.6637759115987794,49.880001068115234,0.6637759115987794,0.4416185915563766,0.18208102108645674,2343,bj920978,2025-09-02,filtered
15.0,-0.28466669718424475,17.0,0.07082947449254395,11.489999771118164,0.07082947449254395,0.0,-0.24133332570393884,2344,bj920553,2025-09-02,expired
28.31999969482422,-0.37076271585973875,17.0,0.06621775114387396,19.0,0.06621775114387396,0.0946327801573239,-0.35451974280965926,2345,bj920223,2025-09-02,expired
19.65999984741211,-0.23906408167565718,20.0,0.080213890789119,16.15999984741211,0.080213890789119,0.002034634579745953,-0.1993896290294196,2346,bj920720,2025-09-02,expired
40.06999969482422,-0.2914899025238692,20.0,0.10743223705461835,31.440000534057617,0.10743223705461835,0.030696270317047247,-0.25405541259564113,2347,bj920906,2025-09-02,expired
15.720000267028809,-0.19847327179141228,17.0,0.05079360081525519,13.239999771118164,0.05079360081525519,0.09414761264443516,-0.16793895028487382,2348,bj920768,2025-09-02,expired
89.0,-0.2010112290971735,1.0,0.8576853462195819,132.10000610351562,0.8576853462195819,0.4842697315001756,-0.07471911826830235,2349,sh688585,2025-09-02,traded
21.649999618530273,-0.16304844533463836,20.0,0.0640176486581876,19.280000686645508,0.0640176486581876,0.28129331454470097,-0.11316392142075893,2350,bj920270,2025-09-02,expired
18.899999618530273,-0.28095235836598953,20.0,0.11258276054396066,15.119999885559082,0.11258276054396066,0.06878313072210918,-0.24708995611382456,2351,bj920670,2025-09-02,operable_filtered
13.65999984741211,-0.224743757622064,20.0,0.04721435248306527,11.09000015258789,0.04721435248306527,0.017569529560692576,-0.19838946328102502,2352,bj920556,2025-09-02,operable_filtered
17.700000762939453,-0.11299439929188881,20.0,0.12229306071935109,17.6200008392334,0.12229306071935109,0.5175140933661124,-0.0672316656928772,2353,bj920580,2025-09-02,operable_filtered
12.34000015258789,-0.2658022441177461,20.0,0.06181009271587601,9.619999885559082,0.06181009271587601,0.0,-0.23743924383674453,2354,bj920275,2025-09-02,operable_filtered
43.54999923706055,-0.011021803688755383,1.0,0.6187601976946722,69.72000122070312,0.6187601976946722,0.6009185405765107,0.25809418772392734,2355,sz300450,2025-09-02,operable_filtered
33.900001525878906,-0.14454281136649205,20.0,0.05000002630825695,30.450000762939453,0.05000002630825695,0.15044242609333836,-0.13126845317521207,2356,bj920247,2025-09-02,score_filtered
28.43000030517578,-0.05663034094510566,1.0,0.4123788776711059,37.880001068115234,0.4123788776711059,0.33239538028492555,0.11255711646996525,2357,bj920185,2025-09-02,score_filtered
48.0,-0.3375000158945719,21.0,0.0,32.95000076293945,0.0,0.36979166666666674,-0.31458330154418945,2358,bj920274,2025-09-03,expired
23.0,-0.2052173614501953,21.0,0.0,19.68000030517578,0.0,0.31304351143215015,-0.14869565549104113,2359,bj920926,2025-09-03,expired
13.390000343322754,-0.19865576795245554,16.0,0.07082947449254395,11.489999771118164,0.07082947449254395,0.001493614904896523,-0.1725168304994582,2360,bj920553,2025-09-03,expired
25.020000457763672,-0.3121503289528351,21.0,0.0,19.049999237060547,0.0,0.01798556544195362,-0.2410072172790232,2361,bj920223,2025-09-03,expired
22.850000381469727,-0.2070021646945851,19.0,0.07064010596100112,19.399999618530273,0.07064010596100112,0.13566741049088482,-0.16673957997095323,2362,bj920270,2025-09-03,expired
33.04999923706055,-0.15279877015542376,21.0,0.0,29.6299991607666,0.0,0.11891075327980283,-0.11649012293482619,2363,bj920906,2025-09-03,expired
33.18000030517578,-0.12055454982548741,17.0,0.513707940609949,44.16999816894531,0.513707940609949,0.331223561262451,0.331223561262451,2364,bj920509,2025-09-03,filtered
33.9900016784668,-0.176228343120723,21.0,0.0,28.889999389648438,0.0,0.1435715508219444,-0.15269203251302566,2365,bj920523,2025-09-03,expired
15.0,-0.178000005086263,21.0,0.0,13.0,0.0,0.03866666158040366,-0.13599999745686853,2366,bj920768,2025-09-03,expired
66.79000091552734,-0.14612969010996768,21.0,0.0,58.4900016784668,0.0,0.1615511419018245,-0.126216502315034,2367,bj920699,2025-09-03,expired
23.209999084472656,-0.20206802290856463,21.0,0.0,19.8700008392334,0.0,0.22964248346827487,-0.15122785264913563,2368,bj920870,2025-09-03,operable_filtered
33.0,-0.24606063149192114,21.0,0.0,25.799999237060547,0.0,0.018181771943063474,-0.22666665279504028,2369,bj920547,2025-09-03,operable_filtered
28.09000015258789,-0.31399073146717815,21.0,0.0,20.729999542236328,0.0,0.004983958308577563,-0.27589889490570196,2370,sh603367,2025-09-03,operable_filtered
88.0,-0.13454541293057531,1.0,0.5470062241270774,117.81999969482422,0.5470062241270774,0.33886363289572974,0.10511363636363646,2371,sh603119,2025-09-03,operable_filtered
27.350000381469727,-0.3279707896011772,21.0,0.0,20.18000030517578,0.0,0.05667273182601895,-0.2654479022896342,2372,sz300486,2025-09-03,operable_filtered
19.030000686645508,-0.15922231094672745,21.0,0.0,17.25,0.0,0.1213872507930831,-0.10246982094477197,2373,sz300092,2025-09-03,operable_filtered
6.090000152587891,-0.12643677530932562,14.0,0.25375937238193336,6.670000076293945,0.25375937238193336,0.09523808032411774,-0.04269297575819453,2374,sz002620,2025-09-03,score_filtered
28.09000015258789,-0.14275543635098198,21.0,0.0,25.0,0.0,0.1865433125668403,-0.12317554193756475,2375,bj920932,2025-09-03,score_filtered
212.0,-0.18400940805111288,0.0,0.6874385478509313,291.9100036621094,0.6874385478509313,0.3769339795382518,0.21132069713664503,2376,sz301489,2025-09-03,score_filtered
25.0,-0.26879997253417964,20.0,0.0929977457185085,19.979999542236328,0.0929977457185085,0.051999969482421804,-0.22639999389648435,2377,bj920926,2025-09-04,expired
62.0,-0.48709678649902344,20.0,0.06761011249878401,33.95000076293945,0.06761011249878401,0.06048387096774199,-0.46935481409872737,2378,bj920274,2025-09-04,expired
33.93000030517578,-0.17477159598702396,20.0,0.057142870766776044,29.600000381469727,0.057142870766776044,0.11612138494758484,-0.16062483683821527,2379,bj920523,2025-09-04,expired
22.540000915527344,-0.23646857207458938,20.0,0.12492746311757208,19.360000610351562,0.12492746311757208,0.02040812181847662,-0.20053239903153408,2380,bj920223,2025-09-04,operable_filtered
31.280000686645508,-0.10485935468811713,20.0,0.08214282989501953,30.299999237060547,0.08214282989501953,0.18222502335252,-0.056905391546409057,2381,bj920906,2025-09-04,expired
25.100000381469727,-0.2621513873985353,20.0,0.07397402257139007,19.889999389648438,0.07397402257139007,0.008764912749440024,-0.22788849138528144,2382,bj920870,2025-09-04,expired
19.489999771118164,-0.28886609443597333,18.0,0.10389614500198618,15.300000190734863,0.10389614500198618,0.05489993367828716,-0.2457670609597047,2383,bj920422,2025-09-04,expired
32.0,-0.1937500238418579,20.0,0.08023262261184039,27.8700008392334,0.08023262261184039,0.299375057220459,-0.1771875023841858,2384,bj920237,2025-09-04,traded
12.199999809265137,-0.12049182705006567,15.0,0.07082947449254395,11.489999771118164,0.07082947449254395,0.08852458529432616,-0.10245901799528745,2385,bj920553,2025-09-04,expired
25.579999923706055,-0.24472244908337282,20.0,0.07039340744482026,20.68000030517578,0.07039340744482026,0.10242380168286602,-0.21892104762205145,2386,bj920833,2025-09-04,operable_filtered
11.989999771118164,-0.24437025916875554,18.0,0.06181009271587601,9.619999885559082,0.06181009271587601,0.0,-0.22935780254343907,2387,bj920275,2025-09-04,operable_filtered
25.190000534057617,-0.14450183484814472,20.0,0.08306269043615533,23.34000015258789,0.08306269043615533,0.14648664344885587,-0.11393413173425992,2388,bj920679,2025-09-04,score_filtered
25.600000381469727,0.0,0.0,0.4062499790452423,36.0,0.4062499790452423,0.4062499790452423,0.3281249802093955,2389,sh601069,2025-09-04,score_filtered
14.75,-0.16338982016353287,18.0,0.09805510722730548,13.550000190734863,0.09805510722730548,0.18644067796610164,-0.09491522837493382,2390,bj920826,2025-09-04,score_filtered
14.300000190734863,-0.137762254598094,20.0,0.07380371881937431,13.239999771118164,0.07380371881937431,0.08951046964324649,-0.09230773642603018,2391,bj920768,2025-09-04,score_filtered
32.79999923706055,-0.08536583238382645,20.0,0.12566668192545571,33.77000045776367,0.12566668192545571,0.16859764398243704,-0.03353653962522696,2392,sz300827,2025-09-04,score_filtered
25.829999923706055,-0.25396823404253277,20.0,0.07784120209481715,20.770000457763672,0.07784120209481715,0.014324461491531881,-0.22686800726520395,2393,sh603367,2025-09-04,score_filtered
23.0,-0.2052173614501953,19.0,0.0929977457185085,19.979999542236328,0.0929977457185085,0.017826080322265625,-0.15304349816363794,2394,bj920926,2025-09-05,operable_filtered
36.38999938964844,-0.23055783265649277,19.0,0.057142870766776044,29.600000381469727,0.057142870766776044,0.003022825287071873,-0.20637538760218122,2395,bj920523,2025-09-05,expired
57.9900016784668,-0.4516296203373156,19.0,0.06761011249878401,33.95000076293945,0.06761011249878401,0.00017241457568228924,-0.42645288224084477,2396,bj920274,2025-09-05,expired
33.79999923706055,-0.14585794405644759,21.0,0.0,29.950000762939453,0.0,0.12071011606950299,-0.12751477997717275,2397,bj920185,2025-09-05,expired
12.460000038146973,-0.1388443411407828,14.0,0.07082947449254395,11.489999771118164,0.07082947449254395,0.06581056920656048,-0.10834673975414333,2398,bj920553,2025-09-05,expired
30.8799991607666,-0.09326422406208079,19.0,0.08214282989501953,30.299999237060547,0.08214282989501953,0.19753887782548407,-0.032383420569211396,2399,bj920906,2025-09-05,expired
34.75,-0.2575539787896246,19.0,0.08023262261184039,27.8700008392334,0.08023262261184039,0.009784177052889032,-0.2279136712602574,2400,bj920237,2025-09-05,expired
21.989999771118164,-0.17598903920716058,17.0,0.10485648623240662,20.020000457763672,0.10485648623240662,0.18008190236647414,-0.11323327862824939,2401,bj920270,2025-09-05,expired
31.899999618530273,-0.02852664132583571,1.0,0.609551514569614,49.880001068115234,0.609551514569614,0.5636364158180311,0.428213226273076,2402,bj920978,2025-09-05,operable_filtered
49.959999084472656,-0.30944754539192043,19.0,0.07246376811594213,37.0,0.07246376811594213,0.16092876426865543,-0.26341073035572127,2403,bj920058,2025-09-05,operable_filtered
29.649999618530273,-0.2411467018725275,19.0,0.05644446478949661,23.770000457763672,0.05644446478949661,0.10691400057600009,-0.20236087950065929,2404,bj920425,2025-09-05,operable_filtered
18.25,-0.2405479640176852,17.0,0.10389614500198618,15.300000190734863,0.10389614500198618,0.026849302527022667,-0.1989041158597763,2405,bj920422,2025-09-05,operable_filtered
11.789999961853027,-0.15521627901841273,19.0,0.08734938576575968,10.829999923706055,0.08734938576575968,0.051738732710001845,-0.11111114706151426,2406,sh688098,2025-09-05,operable_filtered
55.0099983215332,-0.056171609650428556,6.0,0.3428352018395189,69.72000122070312,0.3428352018395189,0.26740598705693497,-0.011452413609170375,2407,sz300450,2025-09-05,operable_filtered
26.25,-0.17904764811197915,19.0,0.08306269043615533,23.34000015258789,0.08306269043615533,0.10019044421968015,-0.13752383277529767,2408,bj920679,2025-09-05,operable_filtered
33.0,-0.12515148972020007,20.0,0.08763417754594194,31.399999618530273,0.08763417754594194,0.0984848484848484,-0.0818182049375592,2409,bj920185,2025-09-08,expired
45.0,-0.29333335028754337,18.0,0.07515721531411446,34.189998626708984,0.07515721531411446,0.011111111111111072,-0.2873333401150173,2410,bj920274,2025-09-08,operable_filtered
33.38999938964844,-0.16142556119121831,18.0,0.08214282989501953,30.299999237060547,0.08214282989501953,0.09793352852762971,-0.14465408840958083,2411,bj920906,2025-09-08,expired
22.309999465942383,-0.1806364354893384,18.0,0.0929977457185085,19.979999542236328,0.0929977457185085,0.021963235448130725,-0.14522634911149268,2412,bj920926,2025-09-08,expired
24.170000076293945,-0.1642531775268088,18.0,0.09752471479945735,22.170000076293945,0.09752471479945735,0.19983450179809226,-0.12122467091133937,2413,bj920896,2025-09-08,expired
30.579999923706055,-0.15631133742874803,18.0,0.08023262261184039,27.8700008392334,0.08023262261184039,0.10039246598535612,-0.14159581211605488,2414,bj920237,2025-09-08,expired
33.209999084472656,-0.15688043445049638,18.0,0.057142870766776044,29.600000381469727,0.057142870766776044,0.008732337353870356,-0.14333027560240863,2415,bj920523,2025-09-08,expired
33.310001373291016,-0.123986817707753,14.0,0.9019876428910019,55.5,0.9019876428910019,0.6661662477294765,0.17081952543152412,2416,bj920509,2025-09-08,filtered
30.5,-0.0881967388215612,18.0,0.11398777911434688,30.979999542236328,0.11398777911434688,0.2455738255235016,-0.042622925805263834,2417,bj920252,2025-09-08,operable_filtered
41.439998626708984,-0.05212355016874792,2.0,0.549389065725449,60.86000061035156,0.549389065725449,0.46862940702719924,0.2840251169838999,2418,bj920839,2025-09-08,traded
23.8799991607666,-0.24120596834008823,16.0,0.10485648623240662,20.020000457763672,0.10485648623240662,0.00460639088012571,-0.20435508091575416,2419,bj920270,2025-09-08,expired
71.69999694824219,-0.19093443806687094,18.0,0.08343389575295501,62.849998474121094,0.08343389575295501,0.14951187833998847,-0.15481170078896667,2420,bj920522,2025-09-08,expired
23.510000228881836,-0.0757124912512247,2.0,0.5324436234955161,33.29999923706055,0.5324436234955161,0.41641849905861683,0.13568696312213246,2421,bj920857,2025-09-08,operable_filtered
32.97999954223633,-0.06033959365492536,0.0,0.609551514569614,49.880001068115234,0.609551514569614,0.512431830213814,0.299272258001235,2422,bj920978,2025-09-08,operable_filtered
6.420000076293945,-0.1713395469720247,11.0,0.25375937238193336,6.670000076293945,0.25375937238193336,0.03894080950608281,-0.05763238024331474,2423,sz002620,2025-09-08,operable_filtered
18.93000030517578,-0.1917591154738869,18.0,0.11830067954592383,17.110000610351562,0.11830067954592383,0.09878493934167953,-0.17010038114729487,2424,bj920580,2025-09-08,operable_filtered
41.5,-0.1686746987951807,18.0,0.08608699190443847,37.470001220703125,0.08608699190443847,0.12963857995458405,-0.1245782691312124,2425,bj920058,2025-09-08,operable_filtered
25.899999618530273,-0.08532815123640014,21.0,0.0,24.850000381469727,0.0,0.1536679382569881,-0.07837833240138359,2426,sh688613,2025-09-08,operable_filtered
33.099998474121094,-0.127794496371197,19.0,0.09386903379614231,31.579999923706055,0.09386903379614231,0.09516621362812772,-0.10211478297828991,2427,bj920185,2025-09-09,expired
40.33000183105469,-0.2313414680747783,21.0,0.0,32.29999923706055,0.0,0.02876270257242819,-0.22464668886562467,2428,bj920274,2025-09-09,operable_filtered
25.8799991607666,-0.21947444289093632,17.0,0.09752471479945735,22.170000076293945,0.09752471479945735,0.03593509796498129,-0.21947444289093632,2429,bj920896,2025-09-09,expired
32.5,-0.14430770874023435,17.0,0.11398777911434688,30.979999542236328,0.11398777911434688,0.16892312856820912,-0.1338461655836839,2430,bj920252,2025-09-09,expired
76.51000213623047,-0.250294092160411,21.0,0.0,61.61000061035156,0.0,0.0427394661059346,-0.24833359409488265,2431,bj920522,2025-09-09,expired
4.380000114440918,-0.0091324111433575,0.0,1.0391705231145156,8.850000381469727,1.0391705231145156,1.0205479795060186,0.326483970542351,2432,sh600376,2025-09-09,expired
29.010000228881836,-0.14512240463996573,21.0,0.0,26.5,0.0,0.15994489005131296,-0.14029643787359225,2433,bj920237,2025-09-09,operable_filtered
46.0,-0.16478264850118884,21.0,0.0,41.400001525878906,0.0,0.26086956521739135,-0.164347855941109,2434,bj920438,2025-09-09,operable_filtered
6.619999885559082,-0.19637458253338258,10.0,0.25375937238193336,6.670000076293945,0.25375937238193336,0.007552899033115512,-0.08459213783388864,2435,sz002620,2025-09-09,operable_filtered
91.08999633789062,-0.0372159350745116,18.0,0.13454964039191242,99.5,0.13454964039191242,0.2934460910260761,-0.005379271966944876,2436,sh603119,2025-09-09,operable_filtered
45.0099983215332,-0.14685618845028958,21.0,0.0,40.4900016784668,0.0,0.21439684260690717,-0.1446344937635503,2437,sh605298,2025-09-09,score_filtered
23.3799991607666,-0.07057312565259188,1.0,0.5324436234955161,33.29999923706055,0.5324436234955161,0.42429428709905403,0.1420017844886865,2438,bj920857,2025-09-09,score_filtered
18.770000457763672,-0.1848694822803556,17.0,0.11830067954592383,17.110000610351562,0.11830067954592383,0.1081512376019802,-0.17954186238921988,2439,bj920580,2025-09-09,score_filtered
11.989999771118164,-0.23019185000571885,17.0,0.08992425986396868,10.0600004196167,0.08992425986396868,0.06005006511869704,-0.2118432035312835,2440,bj920146,2025-09-09,score_filtered
29.459999084472656,-0.057705326151446856,6.0,0.29682996048916355,36.0,0.29682996048916355,0.22199596465616844,0.12898843703845841,2441,sh601069,2025-09-09,score_filtered
5.579999923706055,-0.3763440740762263,21.0,0.0,3.690000057220459,0.0,0.16487456789836497,-0.3727598480547265,2442,sh601929,2025-09-09,score_filtered
10.270000457763672,-0.20058425781855038,21.0,0.0,8.390000343322754,0.0,0.017526713094291324,-0.19863688652371891,2443,bj920974,2025-09-09,score_filtered
38.86000061035156,-0.05404020215735561,2.0,0.6512514563250869,60.70000076293945,0.6512514563250869,0.5620174938126514,0.4145651147020355,2444,sz300539,2025-09-09,score_filtered
34.29999923706055,-0.15830899471158388,18.0,0.09386903379614231,31.579999923706055,0.09386903379614231,0.05685133546103738,-0.1186588858703721,2445,bj920185,2025-09-10,expired
30.0,-0.07300001780192056,16.0,0.11398777911434688,30.979999542236328,0.11398777911434688,0.2663333892822266,-0.03566665649414058,2446,bj920252,2025-09-10,operable_filtered
4.760000228881836,-0.016806806028663912,0.0,0.891025791898679,8.850000381469727,0.891025791898679,0.8592436882190373,0.3424368821903734,2447,sh600376,2025-09-10,operable_filtered
57.599998474121094,-0.09861111902160435,3.0,0.3428352018395189,69.72000122070312,0.3428352018395189,0.21041671992452193,-0.06180551480731733,2448,sz300450,2025-09-10,operable_filtered
42.9900016784668,-0.11537573169377968,21.0,0.0,39.41999816894531,0.0,0.2714584255248047,-0.09606887431651123,2449,sh605298,2025-09-10,operable_filtered
24.59000015258789,-0.17852783092343438,16.0,0.2217821471797019,24.68000030517578,0.2217821471797019,0.028466887295475862,-0.05693369702492401,2450,bj920896,2025-09-10,score_filtered
100.30000305175781,-0.1256231876385252,17.0,0.13454964039191242,99.5,0.13454964039191242,0.17467593330007736,-0.08404785691607253,2451,sh603119,2025-09-10,score_filtered
32.5,-0.14584614680363583,5.0,0.29682996048916355,36.0,0.29682996048916355,0.10769230769230775,-0.07692307692307687,2452,sh601069,2025-09-10,score_filtered
214.0,-0.15411212956793952,20.0,0.09656388970817376,198.5,0.09656388970817376,0.14429908823744153,-0.1303738032545999,2453,sz300870,2025-09-10,score_filtered
87.0,-0.200000017538838,13.0,0.5804598047642282,110.0,0.5804598047642282,0.26436781609195403,0.19827586206896552,2454,sz301617,2025-09-10,score_filtered
26.079999923706055,-0.17369634585496496,16.0,0.08306269043615533,23.34000015258789,0.08306269043615533,0.10736193425044527,-0.15529138224341787,2455,bj920679,2025-09-10,score_filtered
72.4000015258789,-0.06767957766033239,21.0,0.0,71.47000122070312,0.0,0.24295574540289477,-0.044751350766358944,2456,sz002837,2025-09-10,score_filtered
26.670000076293945,-0.1848519044271728,16.0,0.328426838308159,28.8799991607666,0.328426838308159,0.08286460735472767,0.057367854603250334,2457,sz002017,2025-09-10,score_filtered
27.860000610351562,-0.33165827597595177,16.0,0.0977443401070841,20.440000534057617,0.0977443401070841,0.20603006956276948,-0.2972003052853136,2458,sz300528,2025-09-10,score_filtered
180.00999450683594,-0.18782289089681525,20.0,0.13926129299140433,166.55999755859375,0.13926129299140433,0.11949341937682334,-0.12243760879230425,2459,sz300394,2025-09-10,score_filtered
218.0,-0.1266972253081995,20.0,0.15689670317832927,220.25,0.15689670317832927,0.33903671404637326,-0.09229355558342889,2460,sz301489,2025-09-10,score_filtered
64.2699966430664,-0.31507697592959727,16.0,0.4357110428378712,63.20000076293945,0.4357110428378712,0.05025678427948166,-0.07328451090379073,2461,sz301448,2025-09-10,score_filtered
21.75,-0.23770115293305494,19.0,0.08142342507128109,17.93000030517578,0.08142342507128109,0.034482758620689724,-0.17793107306820222,2462,bj920223,2025-09-11,traded
30.90999984741211,-0.10029118074322052,15.0,0.11398777911434688,30.979999542236328,0.11398777911434688,0.22905214707231547,-0.07279197706590668,2463,bj920252,2025-09-11,operable_filtered
18.260000228881836,-0.16210295734088442,15.0,0.11830067954592383,17.110000610351562,0.11830067954592383,0.13910180593323296,-0.10733849765900638,2464,bj920580,2025-09-11,operable_filtered
48.77000045776367,-0.2876768227928824,21.0,0.0,37.5,0.0,0.18925567881078442,-0.23723599725704736,2465,bj920438,2025-09-11,operable_filtered
120.41000366210938,-0.08645464118846458,11.0,0.5099090576171874,166.08999633789062,0.5099090576171874,0.3793704118136809,0.1810481055455515,2466,sz301357,2025-09-11,operable_filtered
114.0999984741211,-0.17791407268920778,14.0,0.39552227758729597,130.89999389648438,0.39552227758729597,0.1472392256532209,0.03794918395232738,2467,sz300436,2025-09-11,operable_filtered
145.0,0.0,0.0,0.7931034482758621,260.0,0.7931034482758621,0.7931034482758621,0.289655172413793,2468,sh688228,2025-09-11,operable_filtered
18.600000381469727,-0.0016129401091515838,0.0,0.4098007935063457,26.18000030517578,0.4098007935063457,0.40752686926058557,0.04731178186659091,2469,sh688660,2025-09-11,operable_filtered
19.399999618530273,-0.10618554156953364,21.0,0.0,18.110000610351562,0.0,0.26340209849646845,-0.07783506487492564,2470,sh600410,2025-09-11,operable_filtered
232.0,-0.21974136089456497,19.0,0.09656388970817376,198.5,0.09656388970817376,0.055517262425915925,-0.17327584891483705,2471,sz300870,2025-09-11,operable_filtered
8.149999618530273,-0.08588955116925157,6.0,0.46174504995013366,10.890000343322754,0.46174504995013366,0.3361964236860415,0.2662576905353613,2472,sh600173,2025-09-11,score_filtered
33.66999816894531,-0.1333530771590825,11.0,0.9019876428910019,55.5,0.9019876428910019,0.6483517379929367,0.1428571914128407,2473,bj920509,2025-09-11,score_filtered
104.19999694824219,-0.21593090843540153,16.0,0.08971850801534687,89.02999877929688,0.08971850801534687,0.20604608300869365,-0.1826295521750292,2474,sh605288,2025-09-11,score_filtered
58.2599983215332,-0.10882252549335536,2.0,0.3428352018395189,69.72000122070312,0.3428352018395189,0.19670448385396266,-0.05492614212897173,2475,sz300450,2025-09-11,score_filtered
64.0,-0.19187498092651367,19.0,0.06786539517961532,55.22999954223633,0.06786539517961532,0.24812495708465576,-0.13984376192092896,2476,sz301389,2025-09-11,score_filtered
21.639999389648438,-0.05268019509250821,0.0,0.39414633774175867,28.579999923706055,0.39414633774175867,0.32070243668201703,0.0018484711948041355,2477,bj920765,2025-09-11,score_filtered
100.0,-0.18980003356933595,15.0,0.12169835866310619,90.87999725341797,0.12169835866310619,0.0887999725341797,-0.13870002746582033,2478,bj920808,2025-09-11,score_filtered
188.0,-0.22234044176466916,19.0,0.16730511097429468,170.66000366210938,0.16730511097429468,0.057712798422955514,-0.11303191489361697,2479,sz300394,2025-09-11,score_filtered
34.0,-0.19294116076301127,18.0,0.0892856708420966,29.889999389648438,0.0892856708420966,0.078235289629768,-0.14117644814883956,2480,bj920906,2025-09-12,traded
19.309999465942383,-0.2076643907877923,14.0,0.11830067954592383,17.110000610351562,0.11830067954592383,0.07094774091784473,-0.16105638472378658,2481,bj920580,2025-09-12,traded
25.06999969482422,-0.029916234907447548,11.0,0.2882401446071443,31.329999923706055,0.2882401446071443,0.24970084982387264,0.023135218618522746,2482,sz002058,2025-09-12,operable_filtered
52.88999938964844,-0.3431650202426346,20.0,0.1384570329936159,39.54999923706055,0.1384570329936159,0.09661562997392825,-0.28909058597039583,2483,bj920438,2025-09-12,operable_filtered
11.550000190734863,-0.17922083240821418,14.0,0.1445148634374529,10.850000381469727,0.1445148634374529,0.0865800851503169,-0.07186146406922667,2484,sh600601,2025-09-12,operable_filtered
48.97999954223633,-0.15394040396071185,10.0,0.3706563976682109,56.79999923706055,0.3706563976682109,0.15965699811983236,-0.018987348180226626,2485,sh601606,2025-09-12,operable_filtered
20.540000915527344,-0.1557936037150024,20.0,0.04440602370172142,18.110000610351562,0.04440602370172142,0.19328136009737684,-0.1475170667765141,2486,sh600410,2025-09-12,operable_filtered
120.0,-0.21833330790201821,13.0,0.39552227758729597,130.89999389648438,0.39552227758729597,0.09083328247070321,-0.02208334604899087,2487,sz300436,2025-09-12,operable_filtered
32.65999984741211,-0.16870790736756336,21.0,0.0,28.239999771118164,0.0,0.12247397485266509,-0.15401104440127766,2488,bj920634,2025-09-12,score_filtered
21.969999313354492,-0.06326806705012156,14.0,0.3887269207802484,28.579999923706055,0.3887269207802484,0.3008648528420146,-0.030496135513608524,2489,bj920765,2025-09-12,score_filtered
46.150001525878906,-0.06738896007636341,15.0,0.1565984600464536,49.779998779296875,0.1565984600464536,0.23228595994725065,0.038353122091965064,2490,sh600580,2025-09-12,score_filtered
19.979999542236328,-0.059059075686230256,4.0,0.3925532642345535,26.18000030517578,0.3925532642345535,0.31031035560501796,0.09159158987153937,2491,sh688660,2025-09-12,score_filtered
69.0,-0.12289854409038159,18.0,0.08096493182615383,65.41999816894531,0.08096493182615383,0.14710147138954932,-0.09681159862573596,2492,sz002335,2025-09-12,score_filtered
9.800000190734863,-0.06326529321348828,14.0,0.2799563844649575,11.75,0.2799563844649575,0.2581632330337207,0.17857142509593915,2493,sz002062,2025-09-12,score_filtered
24.360000610351562,-0.19458126651704366,13.0,0.22324153789066492,24.0,0.22324153789066492,0.15188829075884902,-0.1112479853826317,2494,bj920407,2025-09-15,expired
30.0,-0.17633336385091147,21.0,0.0,25.530000686645508,0.0,0.05633335113525395,-0.1709999720255534,2495,bj920237,2025-09-15,expired
32.5,-0.18707692072941706,21.0,0.0,27.700000762939453,0.0,0.16276925893930283,-0.15230771578275237,2496,bj920252,2025-09-15,operable_filtered
26.31999969482422,-0.0759878428263544,10.0,0.2882401446071443,31.329999923706055,0.2882401446071443,0.19034955497613648,-0.06420974747921271,2497,sz002058,2025-09-15,expired
21.8700008392334,-0.16415180680503938,13.0,0.10722095245349395,20.239999771118164,0.10722095245349395,0.004572403762404198,-0.11019669237677177,2498,bj920926,2025-09-15,operable_filtered
10.979999542236328,-0.2377048966748554,13.0,0.10513741057024362,9.25,0.10513741057024362,0.015482703404495757,-0.20673948986586366,2499,sh603359,2025-09-15,operable_filtered
54.630001068115234,-0.36408564892482165,19.0,0.1384570329936159,39.54999923706055,0.1384570329936159,0.039538711425594064,-0.3358960631528951,2500,bj920438,2025-09-15,operable_filtered
182.0,-0.07417582417582413,21.0,0.0,179.97999572753906,0.0,0.4285714285714286,-0.0357142857142857,2501,sh688228,2025-09-15,operable_filtered
4.5,-0.2555555767483182,17.0,0.1343283762669456,3.799999952316284,0.1343283762669456,0.09777779049343538,-0.19777780108981657,2502,sh600103,2025-09-15,operable_filtered
21.469999313354492,-0.04145316339599747,13.0,0.3887269207802484,28.579999923706055,0.3887269207802484,0.3311597968207243,0.06101543619874206,2503,bj920765,2025-09-15,operable_filtered
15.109999656677246,-0.28325611053735666,13.0,0.14127421456597955,12.359999656677246,0.14127421456597955,0.045665158817703944,-0.23163468428361733,2504,sz300004,2025-09-15,operable_filtered
79.38999938964844,-0.12772388799099277,13.0,0.22021660649819497,84.5,0.22021660649819497,0.1651341568351361,-0.0919511664930136,2505,sz300469,2025-09-15,operable_filtered
120.75,-0.25465838509316774,13.0,0.24088889227973098,111.68000030517578,0.24088889227973098,0.10393377268536486,-0.19743268188729302,2506,sh688110,2025-09-15,score_filtered
8.199999809265137,0.0,0.0,0.5890243946406759,13.029999732971191,0.5890243946406759,0.5890243946406759,0.3902438882558843,2507,sz000691,2025-09-15,score_filtered
178.47000122070312,-0.1113912968388906,18.0,0.10284379806557142,174.89999389648438,0.10284379806557142,0.21460190950743874,-0.06370815845474731,2508,sh688521,2025-09-15,score_filtered
17.649999618530273,-0.16147305888909314,13.0,0.1878378173745927,17.579999923706055,0.1878378173745927,0.04022668595844481,-0.1093484075475678,2509,sh600475,2025-09-15,score_filtered
34.619998931884766,-0.22732522168383296,21.0,0.0,29.0,0.0,0.058925504866163214,-0.1770652614064906,2510,bj920634,2025-09-15,score_filtered
120.0,0.0,0.0,0.8757499694824218,225.08999633789062,0.8757499694824218,0.8757499694824218,0.6433333079020183,2511,sz001309,2025-09-15,score_filtered
28.010000228881836,-0.1724384107189587,18.0,0.07722169907733045,24.969999313354492,0.07722169907733045,0.0874687195848205,-0.143520186537469,2512,bj920932,2025-09-15,score_filtered
31.15999984741211,-0.11007703215571896,17.0,0.05048682443711883,29.1299991607666,0.05048682443711883,0.04268298580127072,-0.07317075410174834,2513,bj920523,2025-09-15,score_filtered
24.5,-0.1600000031140386,12.0,0.3887269207802484,28.579999923706055,0.3887269207802484,0.16653060913085938,-0.06489796541175064,2514,bj920765,2025-09-16,expired
34.29999923706055,-0.19999996663530017,16.0,0.0892856708420966,29.889999389648438,0.0892856708420966,0.06880468404796991,-0.1507288685507564,2515,bj920906,2025-09-16,traded
21.799999237060547,-0.23944951816697135,16.0,0.12726179855614395,18.690000534057617,0.12726179855614395,0.0009174522231023552,-0.18715596635296905,2516,bj920223,2025-09-16,expired
227.0,-0.16132156439289647,16.0,0.24183208375518483,236.4199981689453,0.24183208375518483,0.28594715269651716,0.022026431718061623,2517,sz301489,2025-09-16,operable_filtered
41.459999084472656,-0.11963336213218212,18.0,0.09369857997110453,39.91999816894531,0.09369857997110453,0.20308736540218564,-0.06608774539977491,2518,bj920978,2025-09-16,operable_filtered
25.149999618530273,-0.23538768056012804,17.0,0.09256374045854532,21.010000228881836,0.09256374045854532,0.16898608606215015,-0.19324050802060966,2519,bj920000,2025-09-16,score_filtered
133.82000732421875,-0.17463764083763478,12.0,0.11706655194598947,123.37999725341797,0.11706655194598947,0.15737555227873834,-0.10588854448355234,2520,sh688702,2025-09-16,score_filtered
160.52000427246094,-0.09244960878203556,18.0,0.15492866871876854,168.25,0.15492866871876854,0.19611260210351134,0.038873598730931214,2521,sh603516,2025-09-16,score_filtered
108.0,-0.254722242002134,20.0,0.11417570735882565,89.68000030517578,0.11417570735882565,0.16361109415690112,-0.1696296268039279,2522,sh605288,2025-09-16,score_filtered
14.899999618530273,-0.27315434892780766,12.0,0.14127421456597955,12.359999656677246,0.14127421456597955,0.0402684830087876,-0.2046979406138667,2523,sz300004,2025-09-16,score_filtered
196.02000427246094,-0.26257524792807185,20.0,0.06323071045785977,153.69000244140625,0.06323071045785977,0.13365981214766798,-0.21594735694535272,2524,sz301488,2025-09-16,score_filtered
6.860000133514404,-0.15306124931472043,15.0,0.17383825108931839,6.820000171661377,0.17383825108931839,0.2900874940560443,-0.08892130053092273,2525,sh600376,2025-09-16,score_filtered
156.2100067138672,-0.0718263922826341,14.0,0.1233878109653006,162.8800048828125,0.1233878109653006,0.19006456633089397,0.028039110401207212,2526,sz300857,2025-09-16,score_filtered
23.59000015258789,-0.020771503516264667,12.0,0.26796538665960745,29.290000915527344,0.26796538665960745,0.41161504966787565,0.19669348705533674,2527,bj920857,2025-09-16,score_filtered
21.700000762939453,-0.22764978619237852,20.0,0.0435560580111658,17.489999771118164,0.0435560580111658,0.12949305839387182,-0.19861756782294182,2528,sh600410,2025-09-16,score_filtered
117.75,-0.16560509554140124,16.0,0.1859541643060194,116.5199966430664,0.1859541643060194,0.21019108280254772,-0.018004269610038537,2529,sh603083,2025-09-16,score_filtered
30.5,-0.24262293831246795,11.0,0.26796538665960745,29.290000915527344,0.26796538665960745,0.09180325367411624,-0.0639344512439165,2530,bj920857,2025-09-17,expired
35.06999969482422,-0.2175648482224729,15.0,0.0892856708420966,29.889999389648438,0.0892856708420966,0.045337900382774965,-0.1796406983713298,2531,bj920906,2025-09-17,expired
9.039999961853027,-0.04977874017301387,1.0,0.5168800351005431,13.029999732971191,0.5168800351005431,0.4413716579596412,0.26327435005354394,2532,sz000691,2025-09-17,expired
71.0,-0.2626760778292804,15.0,0.09455589125540187,57.29999923706055,0.09455589125540187,0.026197191695092492,-0.2060563530720455,2533,sz300007,2025-09-17,expired
80.0,-0.13749999999999996,2.0,0.6081159287604734,110.95999908447266,0.6081159287604734,0.3869999885559081,0.30074996948242183,2534,sz300959,2025-09-17,expired
33.0,-0.1993939370820017,19.0,0.07494320728685144,28.399999618530273,0.07494320728685144,0.14454546841708105,-0.15848483461322205,2535,bj920252,2025-09-17,operable_filtered
12.800000190734863,-0.17890624435385694,15.0,0.1950523450134085,12.5600004196167,0.1950523450134085,0.003906264842953311,-0.07812499883584678,2536,bj920553,2025-09-17,operable_filtered
27.709999084472656,-0.12558641852089958,20.0,0.0573669551488889,25.6200008392334,0.0573669551488889,0.1306387931734676,-0.07542397381060872,2537,sz002058,2025-09-17,operable_filtered
89.23999786376953,-0.2240026708011078,11.0,0.22021660649819497,84.5,0.22021660649819497,0.03653072853281625,-0.17088749848784268,2538,sz300469,2025-09-17,operable_filtered
10.579999923706055,-0.13232510667541375,11.0,0.291938917473723,11.859999656677246,0.291938917473723,0.16540642841394226,0.05387520783880628,2539,sz002062,2025-09-17,operable_filtered
131.0,-0.3129770992366412,11.0,0.24444444444444446,112.0,0.24444444444444446,0.017557275204258094,-0.17305342113698707,2540,sh688110,2025-09-17,operable_filtered
111.80000305175781,-0.28005370602264934,19.0,0.15144741911955317,92.68000030517578,0.15144741911955317,0.12406077583706665,-0.1917710362805679,2541,sh605288,2025-09-17,score_filtered
213.1999969482422,-0.32199809980837046,19.0,0.087512927218375,157.1999969482422,0.087512927218375,0.024859301724307503,-0.28461535433563967,2542,sz301488,2025-09-17,score_filtered
33.08000183105469,-0.19135433738435403,19.0,0.08411214953271018,29.0,0.08411214953271018,0.05199508194679625,-0.16747281163468763,2543,bj920634,2025-09-17,score_filtered
256.1000061035156,-0.2805544880560208,19.0,0.08477609290196741,199.8699951171875,0.08477609290196741,0.1792268364020717,-0.2268645244781119,2544,sh688279,2025-09-17,score_filtered
3.319999933242798,-0.17168673033256732,3.0,0.15636366063898266,3.180000066757202,0.15636366063898266,0.0,-0.10240961476081045,2545,sh601388,2025-09-17,score_filtered
27.0,-0.144444430315936,10.0,0.3108225189007099,30.280000686645508,0.3108225189007099,0.1355555499041523,0.035185213442201935,2546,bj920857,2025-09-18,expired
26.0,-0.4392307721651517,14.0,0.12345673844167004,16.3799991607666,0.12345673844167004,0.0,-0.39653847767756534,2547,bj920834,2025-09-18,traded
9.489999771118164,-0.09483663226940531,0.0,0.5168800351005431,13.029999732971191,0.5168800351005431,0.3730242410149105,0.22023184436195575,2548,sz000691,2025-09-18,expired
67.87000274658203,-0.22867251575649206,14.0,0.09455589125540187,57.29999923706055,0.09455589125540187,0.003978143983204729,-0.17430383604412703,2549,sz300007,2025-09-18,expired
25.989999771118164,-0.2601000495734518,15.0,0.09360380588963091,21.030000686645508,0.09360380588963091,0.10542515564632815,-0.2077722072368433,2550,bj920000,2025-09-18,operable_filtered
23.280000686645508,-0.15721648365378516,10.0,0.22324153789066492,24.0,0.22324153789066492,0.11168377995850198,-0.10223371984179164,2551,bj920407,2025-09-18,operable_filtered
34.84000015258789,-0.1549942478438584,14.0,0.10360058047148435,32.4900016784668,0.10360058047148435,0.13318023448124983,-0.09471869180848513,2552,sh688135,2025-09-18,operable_filtered
29.299999237060547,-0.11877131852736011,5.0,0.714949624425173,44.279998779296875,0.714949624425173,0.511262796324194,-0.009214967830904475,2553,sz301013,2025-09-18,operable_filtered
41.52000045776367,-0.12090559736072937,16.0,0.09369857997110453,39.91999816894531,0.09369857997110453,0.2013487600718067,-0.11368018228960663,2554,bj920978,2025-09-18,operable_filtered
8.420000076293945,-0.3099762600789896,13.0,0.30120482224355904,7.559999942779541,0.30120482224355904,0.051068919391868306,-0.14133017178596463,2555,sh600376,2025-09-18,operable_filtered
268.0,-0.3125,18.0,0.08808681534620932,200.47999572753906,0.08808681534620932,0.0,-0.26865671641791045,2556,sh688279,2025-09-18,operable_filtered
11.5,-0.1626086857007898,1.0,0.4641744770413556,14.100000381469727,0.4641744770413556,0.22608698969301977,0.0478261035421621,2557,sz000559,2025-09-18,operable_filtered
7.46999979019165,-0.2556894111188598,3.0,0.26079142104764386,7.010000228881836,0.26079142104764386,0.04149938799512953,-0.12717534617772241,2558,sz002067,2025-09-18,score_filtered
237.0,-0.19670884015690926,14.0,0.3446790284388299,256.0,0.3446790284388299,0.23168777916501848,-0.14219407995038902,2559,sz301489,2025-09-18,score_filtered
124.79000091552734,-0.3549964157925225,18.0,0.16138658017049323,93.4800033569336,0.16138658017049323,0.007051825041764825,-0.2669284182563786,2560,sh605288,2025-09-18,score_filtered
11.350000381469727,-0.1911894276088958,10.0,0.291938917473723,11.859999656677246,0.291938917473723,0.08634356910122198,0.02466957916832535,2561,sz002062,2025-09-18,score_filtered
25.90999984741211,-0.10845231503245434,9.0,0.31818182944125506,30.450000762939453,0.31818182944125506,0.18332690189013756,0.17406407778625654,2562,bj920857,2025-09-19,expired
18.18000030517578,-0.19801981963910198,13.0,0.14677636494146684,16.719999313354492,0.14677636494146684,0.0170516755081751,-0.09075905340114454,2563,bj920834,2025-09-19,traded
4.699999809265137,-0.061702122047185726,2.0,0.5396825843061099,6.789999961853027,0.5396825843061099,0.4446809015753279,0.4446809015753279,2564,sh603843,2025-09-19,expired
38.0,-0.2352631719488847,13.0,0.17894008778923398,34.2599983215332,0.17894008778923398,0.04473686218261719,-0.10394738849840668,2565,sh600699,2025-09-19,operable_filtered
16.799999237060547,-0.1976190384283083,14.0,0.1387241025768733,15.350000381469727,0.1387241025768733,0.10714293012813969,-0.13749997445515105,2566,sz002674,2025-09-19,operable_filtered
9.260000228881836,0.0,0.0,0.4071273661884769,13.029999732971191,0.4071273661884769,0.4071273661884769,0.20626347734364425,2567,sz000691,2025-09-19,operable_filtered
245.0,-0.22293875558035714,13.0,0.3446790284388299,256.0,0.3446790284388299,0.19146940270248725,-0.18812243403220663,2568,sz301489,2025-09-19,score_filtered
33.58000183105469,-0.18880290989362924,15.0,0.17254041124929587,31.940000534057617,0.17254041124929587,0.23466339558476657,-0.076831497628708,2569,sh688081,2025-09-19,score_filtered
11.270000457763672,-0.18544809828717734,9.0,0.3867101436869256,12.729999542236328,0.3867101436869256,0.12954738466464688,0.10736459940772347,2570,sz002062,2025-09-19,score_filtered
153.99000549316406,-0.37034875234953535,11.0,0.26856436841383413,123.0,0.26856436841383413,0.050717561400051014,-0.24352234750104762,2571,sh688205,2025-09-19,score_filtered
106.81999969482422,-0.08350494471474446,17.0,0.10990808956612907,108.66000366210938,0.10990808956612907,0.3301815834471993,0.0014042457059300073,2572,sz301421,2025-09-19,score_filtered
7.050000190734863,-0.17588655523512398,12.0,0.30120482224355904,7.559999942779541,0.30120482224355904,0.21985817713478628,-0.06241135394559405,2573,sh600376,2025-09-19,score_filtered
23.5,-0.16510634726666384,9.0,0.22324153789066492,24.0,0.22324153789066492,0.02127659574468077,-0.06382978723404253,2574,bj920407,2025-09-19,score_filtered
130.0,-0.2350000234750601,14.0,0.0693816162656089,106.3499984741211,0.0693816162656089,0.0,-0.19538462712214544,2575,sh603297,2025-09-19,score_filtered
6.21999979019165,-0.1061093038062263,2.0,0.26079142104764386,7.010000228881836,0.26079142104764386,0.12700972111541575,0.025723525666604186,2576,sz002067,2025-09-19,score_filtered
132.8000030517578,-0.2981928101920436,11.0,0.4273605486615406,133.02999877929688,0.4273605486615406,0.09533135068660537,0.001731895498898517,2577,sh688195,2025-09-19,score_filtered
28.489999771118164,-0.18918916928572838,8.0,0.38441554173695724,31.979999542236328,0.38441554173695724,0.12249911544949055,0.09371709714791465,2578,bj920857,2025-09-22,expired
17.489999771118164,-0.16638078247533727,12.0,0.19272973118288705,17.389999389648438,0.19272973118288705,0.012006917928499394,-0.041738110451082,2579,bj920834,2025-09-22,traded
36.720001220703125,-0.16339873932154902,13.0,0.20768226898993158,37.099998474121094,0.20768226898993158,0.01416123203913422,-0.10484755339952678,2580,bj920274,2025-09-22,expired
30.020000457763672,-0.13990675212842185,3.0,0.714949624425173,44.279998779296875,0.714949624425173,0.4750165924079901,-0.05396405111694258,2581,sz301013,2025-09-22,operable_filtered
271.8800048828125,-0.2997645966467033,12.0,0.3446790284388299,256.0,0.3446790284388299,0.07367220251423179,-0.2625423113170061,2582,sz301489,2025-09-22,score_filtered
25.969999313354492,-0.1786676747142778,4.0,0.3187997778426179,28.1299991607666,0.3187997778426179,0.08933391080144704,0.08317288812177126,2583,sh603686,2025-09-22,score_filtered
200.0,-0.20705001831054692,13.0,0.13500223315784288,180.0,0.13500223315784288,0.0838500213623048,-0.18699996948242192,2584,sh688521,2025-09-22,score_filtered
38.0,-0.1289474085757607,9.0,0.18549859478532005,39.2400016784668,0.18549859478532005,0.14499995582982117,-0.04473686218261719,2585,sz300115,2025-09-22,score_filtered
36.0,-0.2433333396911621,14.0,0.21182080025319272,33.0099983215332,0.21182080025319272,0.15166664123535156,-0.12333334816826713,2586,sh688081,2025-09-22,score_filtered
82.9800033569336,-0.22872984561463838,12.0,0.29875004291534424,83.12000274658203,0.29875004291534424,0.017715034126782436,-0.0877320572930913,2587,sz002463,2025-09-22,score_filtered
44.880001068115234,-0.18672016195803443,14.0,0.2021918100853488,43.880001068115234,0.2021918100853488,0.06372550227908613,-0.05169339660449457,2588,bj920978,2025-09-22,score_filtered
11.119999885559082,-0.2841726510731195,21.0,0.0,8.420000076293945,0.0,0.09982011403783742,-0.2841726510731195,2589,sh603618,2025-09-22,score_filtered
207.0,-0.18599033816425126,16.0,0.2344213649851632,208.0,0.2344213649851632,0.2560386473429952,-0.10768112698614885,2590,sh688228,2025-09-22,score_filtered
43.0,-0.10930234332417332,16.0,0.10966059651707183,42.5,0.10966059651707183,0.16162792471952225,-0.07953484113826303,2591,sz301319,2025-09-22,score_filtered
103.0,-0.2133980908440155,8.0,0.24660582800262887,101.0,0.24660582800262887,0.02514559551350115,-0.08766989106113476,2592,bj920808,2025-09-22,score_filtered
30.950000762939453,-0.062358651295635115,0.0,0.7126119910050965,49.70000076293945,0.7126119910050965,0.6058158170532864,0.32762517414185033,2593,sh603226,2025-09-22,score_filtered
100.1500015258789,-0.19390911505804775,3.0,0.23869683936302444,100.0,0.23869683936302444,0.0,-0.0739890519142391,2594,sh605255,2025-09-23,expired
17.329999923706055,-0.15868436307597555,11.0,0.2345679076947913,18.0,0.2345679076947913,0.03866128558820359,0.02250429263504783,2595,bj920834,2025-09-23,traded
25.510000228881836,-0.14739318679522595,2.0,0.35540227780396916,29.479999542236328,0.35540227780396916,0.15562521668893403,0.04939240366824027,2596,sz300250,2025-09-23,operable_filtered
134.69000244140625,-0.26089538015217784,9.0,0.36574588192809165,135.9600067138672,0.36574588192809165,0.0765461234814282,-0.01551708590101053,2597,sz300969,2025-09-23,operable_filtered
36.70000076293945,-0.2577656892414625,13.0,0.21182080025319272,33.0099983215332,0.21182080025319272,0.12970022404849546,-0.14877386589416453,2598,sh688081,2025-09-23,score_filtered
9.710000038146973,-0.2584964180248177,20.0,0.059722266189847106,7.630000114440918,0.059722266189847106,0.061792006087801,-0.2255406847185134,2599,sh688373,2025-09-23,score_filtered
121.0,-0.19090907829852144,15.0,0.10990808956612907,108.66000366210938,0.10990808956612907,0.17429749039579034,-0.167520633413772,2600,sz301421,2025-09-23,score_filtered
64.2300033569336,-0.16113968157999614,9.0,0.25241280659265763,67.4800033569336,0.25241280659265763,0.12408521212459567,-0.01914998120268374,2601,sz002475,2025-09-23,score_filtered
218.0,-0.14642200994929044,11.0,0.18320075237768707,220.1699981689453,0.18320075237768707,0.22935779816513757,-0.12940370052232653,2602,sz301629,2025-09-23,score_filtered
44.630001068115234,-0.1418328854931844,15.0,0.10966059651707183,42.5,0.10966059651707183,0.11920232058038094,-0.10239748118870506,2603,sz301319,2025-09-23,score_filtered
92.9800033569336,-0.17562918091502677,20.0,0.05257663012487024,80.68000030517578,0.05257663012487024,0.17476876116705609,-0.16648744674173255,2604,sh603786,2025-09-23,score_filtered
30.040000915527344,-0.18042609557619582,19.0,0.4224207662071755,35.02000045776367,0.4224207662071755,0.1657789410939139,0.021970699976608943,2605,bj920237,2025-09-23,score_filtered
80.41000366210938,-0.18505166279235263,11.0,0.24324740940544975,81.47000122070312,0.24324740940544975,0.08891920869111436,-0.04166155889748091,2606,sh603179,2025-09-23,score_filtered
32.650001525878906,-0.13261873288497883,15.0,0.40819214328606535,39.880001068115234,0.40819214328606535,0.2214394855848847,0.11638588237273462,2607,bj920185,2025-09-23,score_filtered
255.0,-0.03521566951976107,18.0,0.197992057019567,294.7300109863281,0.197992057019567,0.35509799134497544,0.07784316119025725,2608,sh688411,2025-09-23,score_filtered
20.770000457763672,-0.11988443506208113,7.0,0.17778992767622226,21.530000686645508,0.17778992767622226,0.036591247574949026,0.018777052530235094,2609,bj920926,2025-09-23,score_filtered
11.880000114440918,-0.14730639588738392,11.0,0.32773935412807753,13.449999809265137,0.32773935412807753,0.13215485519362757,0.03114477121168746,2610,sz002249,2025-09-23,score_filtered
10.720000267028809,-0.03358214565150763,12.0,0.1891891991409198,12.319999694824219,0.1891891991409198,0.21548501944045473,0.14925367424816982,2611,sz000691,2025-09-24,expired
31.010000228881836,-0.23186070561073568,6.0,0.2388749205271392,29.510000228881836,0.2388749205271392,0.07771679852549229,-0.1470493206154616,2612,bj920145,2025-09-24,traded
23.56999969482422,-0.12685616503316055,6.0,0.44314873046855996,29.700000762939453,0.44314873046855996,0.2600764169488443,0.11030973335314331,2613,bj920765,2025-09-24,operable_filtered
52.0099983215332,-0.21495860125513155,21.0,0.0,44.150001525878906,0.0,0.06902519262534867,-0.1926552002774805,2614,sh600895,2025-09-24,operable_filtered
44.7400016784668,-0.1841752652958143,12.0,0.21561640909273327,44.369998931884766,0.21561640909273327,0.06705408778390565,-0.05811359390426063,2615,bj920978,2025-09-24,operable_filtered
242.0,-0.24297521922213972,21.0,0.0,192.9600067138672,0.0,0.02892561983471076,-0.20537188821587682,2616,sz301629,2025-09-24,operable_filtered
126.66000366210938,-0.01310598147887132,0.0,0.47159997558593747,183.9499969482422,0.47159997558593747,0.4523132135616008,0.3001735979346545,2617,sh688123,2025-09-24,operable_filtered
174.1999969482422,-0.010906968597989675,1.0,0.440568788842717,248.2100067138672,0.440568788842717,0.42485655029956537,0.36624571853875465,2618,sz001309,2025-09-24,operable_filtered
30.149999618530273,-0.1648424337060328,10.0,0.17315331840783799,29.540000915527344,0.17315331840783799,0.06036483309623808,-0.07131010433608354,2619,bj920961,2025-09-24,score_filtered
97.93000030517578,-0.22750943234827437,21.0,0.0,78.30000305175781,0.0,0.11538857363978372,-0.22454812412174907,2620,sh603786,2025-09-24,score_filtered
49.2400016784668,-0.2944760257053568,12.0,0.32527342231145395,46.040000915527344,0.32527342231145395,0.041835854759822544,-0.16267266172197015,2621,bj920438,2025-09-24,score_filtered
38.43000030517578,-0.2911787781732216,12.0,0.21182080025319272,33.0099983215332,0.21182080025319272,0.07884462022470484,-0.158209778370359,2622,sh688081,2025-09-24,score_filtered
97.7300033569336,-0.19287839410657592,21.0,0.0,83.5,0.0,0.10160646642883076,-0.15665614102224512,2623,sz300604,2025-09-24,score_filtered
18.110000610351562,-0.15184985427899067,14.0,0.23893236406244656,19.030000686645508,0.23893236406244656,0.11706233354144602,-0.11706243886163203,2624,sh688403,2025-09-24,score_filtered
69.80000305175781,-0.22808024767330803,8.0,0.25241280659265763,67.4800033569336,0.25241280659265763,0.02550141406121398,-0.09856740088837623,2625,sz002475,2025-09-24,score_filtered
272.0,-0.09551469017477598,17.0,0.197992057019567,294.7300109863281,0.197992057019567,0.2704043668859146,0.047389759736902626,2626,sh688411,2025-09-24,score_filtered
13.869999885559082,-0.12040375559286676,21.0,0.0,12.609999656677246,0.0,0.25739009934783663,-0.1139149197363073,2627,sz002295,2025-09-25,expired
34.0099983215332,-0.22316961540200075,13.0,0.3247539704363851,35.0,0.3247539704363851,0.08409293594527378,-0.13113788017004513,2628,bj920252,2025-09-25,operable_filtered
10.90999984741211,-0.05041248381550856,11.0,0.2471042957966434,12.920000076293945,0.2471042957966434,0.19431713246650073,0.12648947147036482,2629,sz000691,2025-09-25,expired
105.68000030517578,-0.24290308568146457,2.0,0.5558055247265896,124.4800033569336,0.5558055247265896,0.17789556205023094,-0.010030256959999595,2630,sh688585,2025-09-25,operable_filtered
8.140000343322754,-0.11056517619718043,8.0,0.3466851254463763,9.75,0.3466851254463763,0.4054052945793225,-0.007371058610079473,2631,sz002513,2025-09-25,operable_filtered
46.90999984741211,-0.10360265670773983,13.0,0.34244950742323765,56.45000076293945,0.34244950742323765,0.20336817195819368,0.0637391108120362,2632,sh688233,2025-09-25,operable_filtered
9.5,-0.3221052571346885,18.0,0.045031049577069826,6.730000019073486,0.045031049577069826,0.006315833643863122,-0.29578946766100433,2633,sz002453,2025-09-25,operable_filtered
10.670000076293945,-0.0805997798058079,3.0,0.308868461097332,12.84000015258789,0.308868461097332,0.2033739513381203,-0.04873481293772264,2634,sz300270,2025-09-25,operable_filtered
31.25,-0.21215997314453128,21.0,0.0,26.959999084472656,0.0,0.06400000000000006,-0.20896002197265628,2635,sz002364,2025-09-25,score_filtered
94.12999725341797,-0.16200999091653812,20.0,0.05857001657516969,83.5,0.05857001657516969,0.14373745674575722,-0.1361946251874422,2636,sz300604,2025-09-25,score_filtered
35.099998474121094,-0.14188028066609182,5.0,0.2503319654080931,37.65999984741211,0.2503319654080931,0.07293451523020678,-0.04330474954826813,2637,sh605358,2025-09-25,score_filtered
45.029998779296875,-0.12058628586222153,13.0,0.11338388513830489,44.09000015258789,0.11338388513830489,0.1392405202694873,-0.1050410764037375,2638,sh603286,2025-09-25,score_filtered
34.060001373291016,-0.11949505102969382,0.0,0.19506503588251323,35.84000015258789,0.19506503588251323,0.05226067843592941,0.04815030309818136,2639,bj920925,2025-09-25,score_filtered
9.699999809265137,-0.18350513071876473,20.0,0.06818181270848078,8.460000038146973,0.06818181270848078,0.07422683311200551,-0.16288659327569144,2640,sh600167,2025-09-25,score_filtered
46.810001373291016,-0.18179880125118153,13.0,0.10966059651707183,42.5,0.10966059651707183,0.0670796688213744,-0.14398635934056025,2641,sz301319,2025-09-25,score_filtered
118.0,-0.07627118644067798,20.0,0.11908259960489542,121.9800033569336,0.11908259960489542,0.22406781730005298,0.020508459058858675,2642,sh688361,2025-09-25,score_filtered
56.0,-0.2142857142857143,9.0,0.36363636363636354,60.0,0.36363636363636354,0.0714285714285714,-0.12196431841169086,2643,sh603090,2025-09-25,score_filtered
35.130001068115234,-0.002846634949553839,1.0,0.4187839707351835,49.70000076293945,0.4187839707351835,0.4147452106982221,0.11841729920093336,2644,sh603226,2025-09-25,score_filtered
13.460000038146973,-0.1136701135687237,5.0,0.23134947230555447,14.6899995803833,0.23134947230555447,0.09138183794579402,0.07726597020100767,2645,bj920575,2025-09-25,score_filtered
68.80000305175781,-0.21482560956974428,9.0,0.12847091017955692,60.959999084472656,0.12847091017955692,0.0,-0.18444770172262404,2646,bj920699,2025-09-25,score_filtered
11.819999694824219,-0.12351946496126243,10.0,0.2471042957966434,12.920000076293945,0.2471042957966434,0.1023688721986018,-0.01184428030990059,2647,sz000691,2025-09-26,expired
14.5,-0.15862070280930096,20.0,0.03770492174906681,12.65999984741211,0.03770492174906681,0.20275865752121502,-0.147586230573983,2648,sz002295,2025-09-26,operable_filtered
24.809999465942383,-0.1704957530548522,4.0,0.44314873046855996,29.700000762939453,0.44314873046855996,0.19709800089716878,0.014510303027041482,2649,bj920765,2025-09-26,operable_filtered
32.0,-0.02499997615814209,21.0,0.0,32.29999923706055,0.0,0.3062499761581421,0.0,2650,sh688249,2025-09-26,operable_filtered
9.0,-0.22555557886759436,16.0,0.21233860310242436,8.449999809265137,0.21233860310242436,0.04888884226481127,-0.09666665395100915,2651,sh603398,2025-09-26,score_filtered
12.140000343322754,-0.11861618561235432,12.0,0.288785066137315,13.789999961853027,0.288785066137315,0.16144975145943974,0.03789127060445119,2652,sz000559,2025-09-26,score_filtered
87.58999633789062,-0.20436116731221965,8.0,0.14794084082953152,80.0,0.14794084082953152,0.0397306028362987,-0.1445370083574058,2653,sh603040,2025-09-26,score_filtered
57.77000045776367,-0.23835901590187936,8.0,0.36363636363636354,60.0,0.36363636363636354,0.038601341951982615,-0.14990479104710308,2654,sh603090,2025-09-26,score_filtered
30.719999313354492,-0.2249348958939663,4.0,0.19445616009937128,28.440000534057617,0.19445616009937128,0.03710941804941692,-0.13248697219387384,2655,sh605028,2025-09-26,score_filtered
15.430000305175781,-0.009721358991436557,2.0,0.3089005464341723,20.0,0.3089005464341723,0.2961762543381983,0.052495103689056855,2656,bj920087,2025-09-26,score_filtered
68.0,-0.235441151787253,8.0,0.3156376094946116,68.4000015258789,0.3156376094946116,0.044117647058823595,-0.20882354063146258,2657,bj920174,2025-09-26,score_filtered
108.08999633789062,-0.02858725545915697,20.0,0.0597142537434896,111.2699966430664,0.0597142537434896,0.22083459325281707,0.021741198844798637,2658,sh688577,2025-09-26,score_filtered
129.05999755859375,-0.24136056474309286,21.0,0.0,100.83000183105469,0.0,0.10413763130054643,-0.22439175292347813,2659,sh603083,2025-09-26,score_filtered
65.97000122070312,-0.18553890331937062,12.0,0.16154849021267093,62.40999984741211,0.16154849021267093,0.02319234123064895,-0.13218131058585703,2660,sh688293,2025-09-26,score_filtered
100.80000305175781,-0.277182555511034,21.0,0.0,74.75,0.0,0.08363095287653133,-0.2653769760925966,2661,sh603786,2025-09-26,score_filtered
8.949999809265137,-0.19106146084793907,7.0,0.3466851254463763,9.75,0.3466851254463763,0.27821227085842937,-0.06368711809738237,2662,sz002513,2025-09-26,score_filtered
37.5,-0.1826666768391927,21.0,0.0,31.889999389648438,0.0,0.08266662597656249,-0.16053334554036458,2663,sz002048,2025-09-26,score_filtered
36.0,-0.1799999872843424,9.0,0.23373975623929777,36.41999816894531,0.23373975623929777,0.05555555555555558,-0.04666667514377165,2664,bj920690,2025-09-26,score_filtered
143.1300048828125,-0.049954648999889995,4.0,0.35277248660030724,183.9499969482422,0.35277248660030724,0.2851952118554806,0.07601473662305414,2665,sh688123,2025-09-26,score_filtered
12.40999984741211,-0.1651893808171444,9.0,0.2471042957966434,12.920000076293945,0.2471042957966434,0.04995970130397476,-0.10555999049553255,2666,sz000691,2025-09-29,expired
34.27000045776367,-0.08958271531416706,20.0,0.06826926333429228,33.33000183105469,0.06826926333429228,0.21972566906082425,-0.037350416171555656,2667,sh688249,2025-09-29,expired
8.949999809265137,-0.22122905712509278,15.0,0.21233860310242436,8.449999809265137,0.21233860310242436,0.05474857894532148,-0.12067038510861494,2668,sh603398,2025-09-29,operable_filtered
104.0,-0.24307691133939302,20.0,0.06923268373640279,84.16999816894531,0.06923268373640279,0.03519234290489792,-0.19942305638239932,2669,sz300604,2025-09-29,operable_filtered
88.02999877929688,-0.16358061712555128,9.0,0.2970257172672488,95.5,0.2970257172672488,0.11723275971748959,-0.06509139846639023,2670,sh688698,2025-09-29,operable_filtered
34.04999923706055,-0.2240822123855437,11.0,0.3247539704363851,35.0,0.3247539704363851,0.0558003397489335,-0.1295154169228937,2671,bj920252,2025-09-29,score_filtered
125.19999694824219,-0.22523959772858537,5.0,0.2809278350515463,124.25,0.2809278350515463,0.009265205194764592,-0.12779553027157353,2672,sz300620,2025-09-29,score_filtered
13.300000190734863,-0.19548874768294788,11.0,0.2953270938075965,13.859999656677246,0.2953270938075965,0.060150389418202055,0.04210522239935699,2673,sz000559,2025-09-29,score_filtered
26.299999237060547,-0.1216729638182481,3.0,0.38441554173695724,31.979999542236328,0.38441554173695724,0.21596959961777595,0.15171109483700285,2674,bj920857,2025-09-29,score_filtered
83.0,-0.2104819424181099,7.0,0.2511826551364582,81.98999786376953,0.2511826551364582,0.05493972962161142,-0.02650598732821907,2675,sh603179,2025-09-29,score_filtered
118.0,-0.11016949152542377,19.0,0.0776190621512276,113.1500015258789,0.0776190621512276,0.11830514164294237,-0.0423728813559322,2676,sh688577,2025-09-29,score_filtered
181.0,-0.19895024589412125,5.0,0.24146488158100365,180.0,0.24146488158100365,0.016298325680895953,-0.05497235883006735,2677,sz300857,2025-09-29,score_filtered
3.7300000190734863,-0.06702412834359683,7.0,0.4166666095740954,4.929999828338623,0.4166666095740954,0.32171576491391307,0.1903485347228855,2678,sh601929,2025-09-29,score_filtered
110.2300033569336,-0.20439087111099363,4.0,0.17445842171223114,103.0,0.17445842171223114,0.047174061415966584,-0.10278509921084944,2679,sh603119,2025-09-29,score_filtered
180.36000061035156,-0.21268574229617698,20.0,0.11267605633802824,158.0,0.11267605633802824,0.0028276475111448374,-0.14221553454026892,2680,sz301488,2025-09-29,score_filtered
14.180000305175781,-0.13681244656599234,11.0,0.1127451094972407,13.619999885559082,0.1127451094972407,0.05077569096325685,-0.03949227133741995,2681,sh603626,2025-09-29,score_filtered
106.44999694824219,-0.3155471799047834,20.0,0.05352733314861946,76.76000213623047,0.05352733314861946,0.00516677376726693,-0.27891024577903467,2682,sh603786,2025-09-29,score_filtered
56.400001525878906,-0.21950355909892527,3.0,0.5899590444330769,69.98999786376953,0.5899590444330769,0.24095737535849016,0.21542555314123413,2683,sz301448,2025-09-29,score_filtered
29.0,-0.24896549356394804,21.0,0.0,22.790000915527344,0.0,0.41137932086813045,-0.248620658085264,2684,sh600629,2025-09-30,operable_filtered
12.84000015258789,-0.19314645377249495,8.0,0.2471042957966434,12.920000076293945,0.2471042957966434,0.014797474931883547,-0.14174452283455774,2685,sz000691,2025-09-30,operable_filtered
164.0500030517578,-0.17110641147237682,2.0,0.35277248660030724,183.9499969482422,0.35277248660030724,0.12130444087956471,-0.06126182788662937,2686,sh688123,2025-09-30,operable_filtered
11.850000381469727,-0.09873418047509241,2.0,0.16947560058263433,12.489999771118164,0.16947560058263433,0.05400838557349141,-0.06666666130141052,2687,bj920305,2025-09-30,score_filtered
36.0,-0.24361112382676864,21.0,0.0,27.790000915527344,0.0,0.0,-0.23861111534966362,2688,sh603496,2025-09-30,score_filtered
36.0,-0.13333331214057076,19.0,0.06826926333429228,33.33000183105469,0.06826926333429228,0.16111108991834855,-0.09722222222222221,2689,sh688249,2025-09-30,score_filtered
211.14999389648438,-0.24219749404643443,19.0,0.0936816824434279,175.0,0.0936816824434279,0.2313521549399815,-0.19687422811771071,2690,sh688228,2025-09-30,score_filtered
85.5999984741211,-0.13247659509385357,2.0,0.38701854345554443,103.0,0.38701854345554443,0.20327104948651775,0.18469632558192184,2691,sz001301,2025-09-30,score_filtered
21.899999618530273,-0.15159816222165878,6.0,0.5010763995786587,27.889999389648438,0.5010763995786587,0.2735159760482295,0.16073061730947646,2692,sz300593,2025-09-30,score_filtered
97.0999984741211,-0.2417095941248475,8.0,0.2970257172672488,95.5,0.2970257172672488,0.012873326669857299,-0.2066941298683258,2693,sh688698,2025-09-30,score_filtered
428.0,-0.21028037383177567,3.0,0.8603549934703218,628.7999877929688,0.8603549934703218,0.46915884998357194,0.37880842262339365,2694,sh688498,2025-09-30,score_filtered
12.619999885559082,-0.15213946859785465,10.0,0.35981312617744243,14.550000190734863,0.35981312617744243,0.15293187976841893,0.0855784416402321,2695,sz000559,2025-09-30,score_filtered
58.880001068115234,-0.12075408426243694,10.0,0.6515356237973149,85.5,0.6515356237973149,0.4521059519188775,0.400815248992892,2696,sz301358,2025-09-30,score_filtered
37.63999938964844,-0.14373007266572757,10.0,0.12783118183063102,36.349998474121094,0.12783118183063102,0.09298618641748835,-0.08103079932300272,2697,sz301518,2025-09-30,score_filtered
122.0,-0.21303276937516014,19.0,0.06530566090572298,102.27999877929688,0.06530566090572298,0.09245900638767934,-0.18049177576283937,2698,sz301421,2025-09-30,score_filtered
100.01000213623047,-0.057094280197041436,0.0,0.5681866394176742,147.8800048828125,0.5681866394176742,0.4786521520255047,0.41805823712548285,2699,sh688109,2025-09-30,score_filtered
42.0,-0.02047620500837055,2.0,0.47933887975858913,60.86000061035156,0.47933887975858913,0.44904763357979904,0.10595239911760612,2700,bj920839,2025-09-30,score_filtered
37.13999938964844,-0.04658049463292424,9.0,0.383789895824614,49.0,0.383789895824614,0.34894990030842155,0.13274099047373333,2701,bj920284,2025-10-09,expired
40.0,-0.10725002288818364,8.0,0.2643517973516536,45.150001525878906,0.2643517973516536,0.1287500381469726,0.006250000000000089,2702,sh600362,2025-10-09,score_filtered
79.0,-0.15341775628584853,9.0,0.34569383516833896,90.0,0.34569383516833896,0.139240506329114,-0.08696206008331686,2703,sh688122,2025-10-09,score_filtered
12.5,-0.14400001525878903,9.0,0.35981312617744243,14.550000190734863,0.35981312617744243,0.16400001525878904,0.11599998474121098,2704,sz000559,2025-10-09,score_filtered
4.809999942779541,-0.25155926248260063,18.0,0.10277781493869931,3.9700000286102295,0.10277781493869931,0.037422002178779,-0.2390852121890682,2705,sz000981,2025-10-09,score_filtered
213.0800018310547,-0.24906141762799738,18.0,0.11243051128531523,178.0,0.11243051128531523,0.22019897581072345,-0.20921720221497353,2706,sh688228,2025-10-09,score_filtered
27.34000015258789,-0.2212874617152436,8.0,0.15077496225617915,24.5,0.15077496225617915,0.12143378479498512,-0.13130944157101898,2707,sz000603,2025-10-09,score_filtered
55.15999984741211,-0.20939084969200605,21.0,0.0,44.900001525878906,0.0,0.10043511477252576,-0.20322696003413032,2708,sz300539,2025-10-09,score_filtered
125.0,-0.12791998291015627,21.0,0.0,116.0,0.0,0.29600000000000004,-0.10399999999999998,2709,sh688691,2025-10-09,score_filtered
122.05000305175781,-0.1085620620130674,9.0,0.30597419441519924,142.08999633789062,0.30597419441519924,0.16419494293363068,-0.02621879965279228,2710,sh688347,2025-10-09,score_filtered
38.0,-0.17894734834369863,18.0,0.06826926333429228,33.33000183105469,0.06826926333429228,0.05236846522281047,-0.15000002007735402,2711,sh688249,2025-10-09,score_filtered
37.560001373291016,-0.1767838406342228,3.0,1.4902975358992685,77.0,1.4902975358992685,1.050053173181054,0.46379120159811027,2712,bj920748,2025-10-09,score_filtered
12.100000381469727,-0.014049592639210795,1.0,0.23134947230555447,14.6899995803833,0.23134947230555447,0.21404951382315418,0.17768591328499816,2713,bj920575,2025-10-09,score_filtered
30.6299991607666,-0.2438785347053707,18.0,0.12262522328579517,26.0,0.12262522328579517,0.010773749028656354,-0.1632386593860704,2714,sh688172,2025-10-09,score_filtered
45.06999969482422,-0.1417794416000907,5.0,0.19803515478222788,46.34000015258789,0.19803515478222788,0.06478815183967956,-0.10938540799994578,2715,sz002156,2025-10-09,score_filtered
95.68000030517578,-0.09291387292321673,3.0,1.2698467325946914,197.0,1.2698467325946914,1.0589464817272094,1.0466137823959216,2716,sz300475,2025-10-09,score_filtered
8.210000038146973,-0.1766138614528444,10.0,0.1375739344453326,7.690000057220459,0.1375739344453326,0.06090133954650412,-0.07429965050914711,2717,sz300464,2025-10-09,score_filtered
7.699999809265137,-0.2714285360417684,21.0,0.0,6.03000020980835,0.0,0.02597406377356548,-0.26233766635889,2718,sh600376,2025-10-09,score_filtered
39.36000061035156,-0.10035570888432899,8.0,0.383789895824614,49.0,0.383789895824614,0.27286579515308595,0.13567073348020942,2719,bj920284,2025-10-10,expired
19.190000534057617,-0.10995312931892942,2.0,0.3255269022703815,22.639999389648438,0.3255269022703815,0.1797810713693262,-0.05523717268322992,2720,sz300948,2025-10-10,expired
219.0,-0.26936075567654827,17.0,0.11243051128531523,178.0,0.11243051128531523,0.18721461187214605,-0.2497716755627497,2721,sh688228,2025-10-10,operable_filtered
39.400001525878906,-0.2152284548520914,2.0,1.4902975358992685,77.0,1.4902975358992685,0.9543146451256981,0.3657360225721631,2722,bj920748,2025-10-10,operable_filtered
39.0,-0.0641025641025641,6.0,0.21561640909273327,44.369998931884766,0.21561640909273327,0.1712820591070714,-0.019230769230769273,2723,bj920978,2025-10-10,operable_filtered
28.700000762939453,-0.24773520631862722,20.0,0.038443720140806326,22.420000076293945,0.038443720140806326,0.4261323769032448,-0.24041816524231363,2724,sh600629,2025-10-10,score_filtered
120.93000030517578,-0.10253867108729497,21.0,0.0,114.9800033569336,0.0,0.33961795742314593,-0.08004631010293217,2725,sh688691,2025-10-10,score_filtered
36.5099983215332,-0.11722812862394949,8.0,0.3592926464637236,43.810001373291016,0.3592926464637236,0.19994531326648546,0.19994531326648546,2726,sz301518,2025-10-10,score_filtered
33.97999954223633,-0.17951737679947788,21.0,0.0,30.0,0.0,0.11477344256674571,-0.17068862022353137,2727,sz300877,2025-10-10,score_filtered
41.040000915527344,-0.0575048868836322,4.0,0.19803515478222788,46.34000015258789,0.19803515478222788,0.15813834597927756,-0.05458093636687278,2728,sz002156,2025-10-10,score_filtered
81.5,-0.13484659955545442,18.0,0.07786126361423817,76.0,0.07786126361423817,0.12257666090514752,-0.1288343558282209,2729,sh688215,2025-10-10,score_filtered
4.489999771118164,-0.20712692110160646,21.0,0.0,3.6600000858306885,0.0,0.11135858028684997,-0.20267258213812522,2730,sz000981,2025-10-10,score_filtered
6.849999904632568,-0.08905111562145696,4.0,0.2099359723825689,7.550000190734863,0.2099359723825689,0.13722628763611344,-0.005839410570790848,2731,sh600635,2025-10-10,score_filtered
13.989999771118164,-0.06004289966623444,4.0,0.25627383551286,16.520000457763672,0.25627383551286,0.19228024146297873,0.06218726946337516,2732,sh600105,2025-10-10,score_filtered
38.77000045776367,-0.07892703990614092,7.0,0.2643517973516536,45.150001525878906,0.2643517973516536,0.1645602525866785,0.012896569360237864,2733,sh600362,2025-10-10,score_filtered
30.049999237060547,-0.14808648813883007,17.0,0.10039061158313434,28.170000076293945,0.10039061158313434,0.10449249482096112,-0.11846920320556442,2734,sz000021,2025-10-10,score_filtered
228.4600067138672,-0.25588726689956254,20.0,0.09994120878331803,186.99000549316406,0.09994120878331803,0.15994043689185844,-0.2443753838324031,2735,sz301489,2025-10-10,score_filtered
3.549999952316284,-0.019718291319166026,4.0,0.4166666095740954,4.929999828338623,0.4166666095740954,0.3887323646643781,0.23661969731048393,2736,sh601929,2025-10-10,score_filtered
66.0,-0.25,21.0,0.0,50.77000045776367,0.0,0.04515156601414527,-0.2456060467344342,2737,bj920505,2025-10-13,traded
47.0,-0.2465957479274019,7.0,0.383789895824614,49.0,0.383789895824614,0.06595741434300195,-0.06659576740670714,2738,bj920284,2025-10-13,expired
241.0,-0.34439834024896265,21.0,0.0,164.4600067138672,0.0,0.07883817427385886,-0.32697096701974193,2739,sh688228,2025-10-13,operable_filtered
53.79999923706055,-0.20631967716599475,4.0,0.3245901724287801,56.560001373291016,0.3245901724287801,0.051301155676025,-0.16022303074582223,2740,sz301137,2025-10-13,operable_filtered
26.989999771118164,-0.0485364756225084,8.0,1.3239875232068177,59.68000030517578,1.3239875232068177,1.2111893594396763,1.1370878397301358,2741,sz301292,2025-10-13,operable_filtered
7.239999771118164,-0.13812155132783344,3.0,0.2099359723825689,7.550000190734863,0.2099359723825689,0.06906077566391677,-0.1174033054563608,2742,sh600635,2025-10-13,operable_filtered
300.0,-0.17993331909179688,10.0,0.2966425268683255,319.0,0.2966425268683255,0.08626668294270834,0.050433349609374956,2743,sh688411,2025-10-13,score_filtered
77.69000244140625,-0.21894711805498268,17.0,0.12310483162713437,68.1500015258789,0.12310483162713437,0.08765603481258544,-0.16141074168436287,2744,sz300469,2025-10-13,score_filtered
37.900001525878906,-0.2986807690348856,16.0,0.07712562990762839,28.6299991607666,0.07712562990762839,0.16833765162414505,-0.24670189742430448,2745,sz301013,2025-10-13,score_filtered
39.9900016784668,-0.2310577967152777,4.0,0.3430894060832699,41.29999923706055,0.3430894060832699,0.07476863561572533,-0.18079527515565708,2746,bj920396,2025-10-13,score_filtered
143.0,-0.2447552447552448,21.0,0.0,112.41000366210938,0.0,0.13286713286713292,-0.21818179684085448,2747,sh688691,2025-10-13,score_filtered
20.559999465942383,-0.17217894455895855,21.0,0.0,17.56999969482422,0.0,0.024319066779561416,-0.16731511264907073,2748,bj920807,2025-10-13,score_filtered
43.029998779296875,-0.2814315372193188,1.0,1.4902975358992685,77.0,1.4902975358992685,0.7894492722376556,0.34069254620721745,2749,bj920748,2025-10-13,score_filtered
64.22000122070312,-0.23606352474694214,21.0,0.0,50.279998779296875,0.0,0.012145729748840539,-0.22407348358955526,2750,sh688282,2025-10-13,score_filtered
39.43000030517578,-0.15292920955177747,21.0,0.0,34.380001068115234,0.0,0.011412649238057071,-0.14861781803187935,2751,bj920061,2025-10-13,score_filtered
90.5999984741211,-0.25165558285164713,16.0,0.07433618081529181,72.83999633789062,0.07433618081529181,0.0,-0.23024283622157005,2752,sh688409,2025-10-13,score_filtered
20.0,-0.09350004196166994,3.0,0.36789853199374956,24.799999237060547,0.36789853199374956,0.2399999618530273,0.02399997711181645,2753,sz000969,2025-10-14,expired
64.5,-0.2325581395348837,20.0,0.04181817565301449,51.56999969482422,0.04181817565301449,0.06883724715358519,-0.20945733831834423,2754,bj920505,2025-10-14,operable_filtered
40.9900016784668,-0.08782635133946681,4.0,0.33779088725023887,50.02000045776367,0.33779088725023887,0.22029759476786226,0.16394235498497345,2755,sh603389,2025-10-14,operable_filtered
60.83000183105469,-0.1780371774627466,3.0,0.14500000000000002,57.25,0.14500000000000002,0.038303434920627044,-0.1364458787098134,2756,sh688480,2025-10-14,operable_filtered
40.45000076293945,-0.09765143852749858,4.0,0.21561640909273327,44.369998931884766,0.21561640909273327,0.12929541269695322,-0.055624226392140486,2757,bj920978,2025-10-14,operable_filtered
4.300000190734863,-0.009302316297383983,0.0,0.8943660237648463,8.069999694824219,0.8943660237648463,0.876744031828768,0.4883720491820913,2758,sh600735,2025-10-14,score_filtered
19.0,-0.10105263559441813,0.0,0.3255269022703815,22.639999389648438,0.3255269022703815,0.19157891524465454,-0.047894728811163634,2759,sz300948,2025-10-14,score_filtered
44.0,-0.18454543027010828,4.0,0.268115904278319,45.5,0.268115904278319,0.06818181818181812,-0.1609091325239702,2760,bj920509,2025-10-14,score_filtered
30.540000915527344,-0.0500982528087488,1.0,0.6242674443336591,47.119998931884766,0.6242674443336591,0.5428944832784113,0.28978383132993035,2761,bj920725,2025-10-14,score_filtered
6.96999979019165,-0.10903870515378888,21.0,0.0,6.699999809265137,0.0,0.08321383328582055,-0.05595407148138121,2762,sh600635,2025-10-14,score_filtered
148.3300018310547,-0.2718937594094407,20.0,0.08796296296296302,117.5,0.08796296296296302,0.06910267561160399,-0.2257129572145946,2763,sh688691,2025-10-14,score_filtered
41.0,-0.41414633029844705,20.0,0.037468759424581055,24.920000076293945,0.037468759424581055,0.009756134777534342,-0.39975608267435214,2764,sz300950,2025-10-14,score_filtered
40.560001373291016,-0.22707102268211765,20.0,0.0357257041660326,32.470001220703125,0.0357257041660326,0.00517749204542528,-0.20143002236243934,2765,sz300127,2025-10-14,score_filtered
71.77999877929688,-0.27403174287345666,20.0,0.04394551695845572,54.400001525878906,0.04394551695845572,0.013792113131869677,-0.2560601499859486,2766,sz300260,2025-10-14,score_filtered
37.650001525878906,-0.29402393502066215,15.0,0.07712562990762839,28.6299991607666,0.07712562990762839,0.009296107833635103,-0.259495404227191,2767,sz301013,2025-10-14,score_filtered
11.510000228881836,-0.1068636378324499,21.0,0.0,10.5,0.0,0.12250215633132844,-0.1068636378324499,2768,sz000691,2025-10-14,score_filtered
57.0,-0.20877195659436676,9.0,0.1824834508953712,53.33000183105469,0.1824834508953712,0.06543858846028638,-0.16614037229303724,2769,bj920839,2025-10-15,expired
54.95000076293945,-0.07552322963165159,5.0,0.17007873069701196,59.439998626708984,0.17007873069701196,0.08171060603147007,-0.001819877842218376,2770,sh688166,2025-10-15,operable_filtered
44.25,-0.17514124293785316,3.0,0.21561640909273327,44.369998931884766,0.21561640909273327,0.0027118402685821774,-0.13627115885416663,2771,bj920978,2025-10-15,operable_filtered
40.029998779296875,-0.1056707387266782,19.0,0.08854754332958081,38.970001220703125,0.08854754332958081,0.10667001219025951,-0.055208572367372755,2772,sz301008,2025-10-15,operable_filtered
59.0,-0.1610169491525424,19.0,0.042020239011205884,51.58000183105469,0.042020239011205884,0.10169491525423724,-0.1323729046320511,2773,bj920505,2025-10-15,operable_filtered
8.109999656677246,-0.08754618882446519,19.0,0.13243243330320875,8.380000114440918,0.13243243330320875,0.22811349689103344,-0.02835999407804679,2774,sz300111,2025-10-15,operable_filtered
40.9900016784668,-0.08782635133946681,3.0,0.33779088725023887,50.02000045776367,0.33779088725023887,0.22029759476786226,0.17833611269242522,2775,sh603389,2025-10-15,score_filtered
35.5,-0.08084504033478213,3.0,1.3597915255737272,77.0,1.3597915255737272,1.1690140845070425,0.7614084163182218,2776,bj920748,2025-10-15,score_filtered
40.459999084472656,-0.0689570187508497,5.0,0.2598885423784836,47.459999084472656,0.2598885423784836,0.17301038453770978,-0.023232789124548625,2777,sh605298,2025-10-15,score_filtered
154.5,-0.14692554659056434,21.0,0.0,135.47999572753906,0.0,0.03754047282691131,-0.14692554659056434,2778,sz301488,2025-10-15,score_filtered
144.0,-0.25,19.0,0.08796296296296302,117.5,0.08796296296296302,0.10125001271565748,-0.2152083184983995,2779,sh688691,2025-10-15,score_filtered
19.0,-0.06526314584832438,19.0,0.0585585019580932,18.799999237060547,0.0585585019580932,0.19157891524465454,-0.03631581758197988,2780,sz300948,2025-10-15,score_filtered
300.2900085449219,-0.18072530796289354,8.0,0.7316071960304076,426.010009765625,0.7316071960304076,0.4186619522570496,0.26211325457171686,2781,sh688411,2025-10-15,score_filtered
115.0,-0.05217391304347829,0.0,0.39587150363747137,152.14999389648438,0.39587150363747137,0.3230434251868206,0.11982607634171205,2782,sh688109,2025-10-15,score_filtered
20.170000076293945,-0.10114035239518826,2.0,0.36789853199374956,24.799999237060547,0.36789853199374956,0.22954879242704118,-0.04908278469873306,2783,sz000969,2025-10-15,score_filtered
65.02999877929688,-0.20559740401135107,21.0,0.0,53.79999923706055,0.0,0.06412422339261803,-0.200369045423466,2784,sz300260,2025-10-15,score_filtered
152.14999389648438,-0.03253366511213884,21.0,0.0,155.8000030517578,0.0,0.1830430970800001,-0.02070321408377762,2785,sz300857,2025-10-15,score_filtered
27.899999618530273,-0.04731181766567183,1.0,0.7490595113585194,46.4900016784668,0.7490595113585194,0.6663083266707162,0.5627239810126516,2786,bj920225,2025-10-15,score_filtered
7.550000190734863,-0.10860929151599985,2.0,0.3982169124432746,9.40999984741211,0.3982169124432746,0.24635756419712185,0.17748345943517974,2787,sz002370,2025-10-16,traded
53.54999923706055,-0.1577964684094978,8.0,0.1824834508953712,53.33000183105469,0.1824834508953712,0.13408030639534907,-0.1419234095686286,2788,bj920839,2025-10-16,operable_filtered
90.13999938964844,-0.10439312288031233,2.0,0.29047437102860174,104.18000030517578,0.29047437102860174,0.15575772143991906,0.14810293504011485,2789,sh605255,2025-10-16,expired
25.68000030517578,-0.07866045302797531,1.0,0.18977175824492964,28.149999618530273,0.18977175824492964,0.0961837727414927,0.019080987745136557,2790,bj920047,2025-10-16,operable_filtered
8.829999923706055,-0.1619478868283427,18.0,0.13243243330320875,8.380000114440918,0.13243243330320875,0.12797283399824133,-0.12910530875827286,2791,sz300111,2025-10-16,operable_filtered
19.959999084472656,-0.09168336711646718,1.0,0.36789853199374956,24.799999237060547,0.36789853199374956,0.24248498870689028,-0.04308610934115431,2792,sz000969,2025-10-16,score_filtered
25.989999771118164,-0.15736822580248633,4.0,0.7059361306445,37.36000061035156,0.7059361306445,0.4374759884326167,0.059253594809134835,2793,sz002885,2025-10-16,score_filtered
27.0,-0.2659259372287326,10.0,0.0903128629207186,21.610000610351562,0.0903128629207186,0.0185185185185186,-0.23777778060347943,2794,sz002942,2025-10-16,score_filtered
191.11000061035156,-0.0842970046512519,1.0,0.7485714285714287,306.0,0.7485714285714287,0.6011720947240966,0.381821912662176,2795,sz001309,2025-10-16,score_filtered
31.5,-0.06031744820731022,1.0,0.5918918352914264,47.119998931884766,0.5918918352914264,0.4958729819645957,0.14920637342664933,2796,bj920725,2025-10-16,score_filtered
107.11000061035156,-0.11894312194167123,1.0,1.167744000957211,204.57000732421875,1.167744000957211,0.9099057619130313,0.5954625937433979,2797,sz300475,2025-10-16,score_filtered
40.040000915527344,-0.10389609770960018,2.0,0.268115904278319,45.5,0.268115904278319,0.13636361038032074,-0.0447053165484117,2798,bj920509,2025-10-16,score_filtered
11.59000015258789,-0.04659188565519157,15.0,0.18823528396407463,13.130000114440918,0.18823528396407463,0.33218286256327256,0.13287316148215633,2799,sz002208,2025-10-16,score_filtered
141.0,-0.23404255319148937,18.0,0.08796296296296302,117.5,0.08796296296296302,0.1246808640500332,-0.19496452385652152,2800,sh688691,2025-10-16,score_filtered
40.83000183105469,-0.08425183167123529,2.0,0.33779088725023887,50.02000045776367,0.33779088725023887,0.22507955460631912,0.12392841860578097,2801,sh603389,2025-10-16,score_filtered
20.420000076293945,-0.035259515703447875,2.0,0.2741116451471921,25.100000381469727,0.2741116451471921,0.22918708558717893,0.030852064564778514,2802,sz300486,2025-10-16,score_filtered
58.0,-0.14655172413793105,18.0,0.06848483615451384,52.88999938964844,0.06848483615451384,0.1206896551724137,-0.12396549356394804,2803,bj920505,2025-10-16,score_filtered
28.209999084472656,-0.12087911939313178,9.0,0.16008069930786317,28.770000457763672,0.16008069930786317,0.11272599817013518,-0.04076567372748541,2804,sz300588,2025-10-17,operable_filtered
31.0,-0.07354840924662931,2.0,0.6775766524051621,48.18000030517578,0.6775766524051621,0.5541935582314768,0.3832258409069431,2805,bj920225,2025-10-17,operable_filtered
,,,,,,,,2806,sh603843,2025-10-17,operable_filtered
8.680000305175781,-0.1705069635801899,12.0,0.2027777884477453,8.65999984741211,0.2027777884477453,0.0,-0.12557605003054395,2807,sz300096,2025-10-17,score_filtered
7.699999809265137,-0.1259740018466603,1.0,0.3982169124432746,9.40999984741211,0.3982169124432746,0.22207793253311392,0.08311692976312335,2808,sz002370,2025-10-17,score_filtered
5.039999961853027,-0.029761923909277566,0.0,0.6503067311173698,8.069999694824219,0.6503067311173698,0.6011904277588862,0.2162698731821293,2809,sh600735,2025-10-17,score_filtered
19.170000076293945,-0.07355241741265028,17.0,0.0788288063337721,19.15999984741211,0.0788288063337721,0.18101196137425024,-0.03755864947777754,2810,sz300948,2025-10-17,score_filtered
13.220000267028809,-0.16414523694874728,14.0,0.2552035878866965,13.869999885559082,0.2552035878866965,0.1679273274215627,0.0,2811,sz002208,2025-10-17,score_filtered
107.61000061035156,-0.10603107143753498,19.0,0.08627862073866188,104.5,0.08627862073866188,0.15463246255244179,-0.05176098562616693,2812,sz300620,2025-10-17,score_filtered
26.100000381469727,-0.15593868334629624,19.0,0.08261460000441545,23.850000381469727,0.08261460000441545,0.10727966268722611,-0.09578543921305571,2813,sz301365,2025-10-17,score_filtered
2.799999952316284,-0.0321428270364289,5.0,1.5461254606053334,6.900000095367432,1.5461254606053334,1.464285790312048,1.2250000447034846,2814,sh600408,2025-10-17,score_filtered
52.0099983215332,-0.1730436510372625,16.0,0.14392008098050058,49.20000076293945,0.14392008098050058,0.05748897856104862,-0.12497597019357842,2815,sz300539,2025-10-17,score_filtered
6.010000228881836,-0.018302850137306925,0.0,0.38983045368145364,8.199999809265137,0.38983045368145364,0.3643925951714566,0.07653902558925485,2816,sh600748,2025-10-17,score_filtered
30.90999984741211,-0.04496924608573927,2.0,0.2835365447863156,37.88999938964844,0.2835365447863156,0.22581687404378026,0.022969944850411705,2817,bj920169,2025-10-17,score_filtered
22.8799991607666,-0.3072552026728891,21.0,0.0,16.389999389648438,0.0,0.11975532250740661,-0.30419577533933173,2818,sz000014,2025-10-17,score_filtered
11.949999809265137,-0.06945606166976959,3.0,0.46582728460532086,16.299999237060547,0.46582728460532086,0.36401669432854256,0.03347285176477244,2819,bj920445,2025-10-17,score_filtered
8.800000190734863,-0.1488636808208188,5.0,0.23364486695287923,9.239999771118164,0.23364486695287923,0.0499999512325644,-0.0022727792420651483,2820,sz002571,2025-10-17,score_filtered
38.0,-0.12289468865645559,6.0,0.40654060884075793,46.880001068115234,0.40654060884075793,0.2399999718917043,-0.047894728811163634,2821,bj920725,2025-10-20,expired
3.200000047683716,-0.1531250006984919,4.0,1.5461254606053334,6.900000095367432,1.5461254606053334,1.1562499976716936,0.753125015599653,2822,sh600408,2025-10-20,traded
11.0,-0.27727274461226026,8.0,0.11698117326895208,8.880000114440918,0.11698117326895208,0.046363657171075934,-0.25545458360151807,2823,sz000626,2025-10-20,operable_filtered
20.200000762939453,-0.1336633990575432,1.0,0.36342860630580365,23.860000610351562,0.36342860630580365,0.18118810441468103,-0.033168319355867615,2824,sh603938,2025-10-20,operable_filtered
31.90999984741211,-0.09996867907588924,1.0,0.6775766524051621,48.18000030517578,0.6775766524051621,0.5098715304156658,0.2858037911468181,2825,bj920225,2025-10-20,score_filtered
130.19000244140625,-0.0927874767994682,8.0,0.2882058514116157,152.14999389648438,0.2882058514116157,0.1686764808608212,0.09785690141690262,2826,sh688109,2025-10-20,score_filtered
3.700000047683716,-0.05945946642567057,8.0,0.26149420759324804,4.389999866485596,0.26149420759324804,0.18648643511067942,0.0,2827,sh600103,2025-10-20,score_filtered
5.300000190734863,-0.022641576995792834,0.0,0.5579150506289694,8.069999694824219,0.5579150506289694,0.522641397057249,0.17358482383926588,2828,sh600735,2025-10-20,score_filtered
6.25,-0.13120002746582027,16.0,0.4714548846611668,7.989999771118164,0.4714548846611668,0.27839996337890627,0.046399993896484304,2829,sh600376,2025-10-20,score_filtered
12.75,-0.1333333183737362,13.0,0.3158370779074229,14.539999961853027,0.3158370779074229,0.2109803592457491,0.1403921538708257,2830,sz002208,2025-10-20,score_filtered
47.84000015258789,-0.21571905647801215,11.0,0.2686566602712197,47.599998474121094,0.2686566602712197,0.0869565182722325,-0.18687288039704109,2831,sz301071,2025-10-20,score_filtered
25.700000762939453,-0.1272373681202048,16.0,0.511368750095665,33.900001525878906,0.511368750095665,0.31906616807436916,0.1595330098212866,2832,sz300250,2025-10-20,score_filtered
11.579999923706055,-0.2037996262716687,20.0,0.04013013826932532,9.59000015258789,0.04013013826932532,0.025043174763702103,-0.19861832520623823,2833,sz300120,2025-10-20,score_filtered
110.0,-0.1099090576171875,11.0,0.20212432382730494,117.69999694824219,0.20212432382730494,0.16954539905894883,0.02454542680220162,2834,sh603083,2025-10-20,score_filtered
104.19999694824219,-0.2132437067377806,15.0,0.17418880452008567,96.26000213623047,0.17418880452008567,0.004414651893854371,-0.2005757630383208,2835,sz301617,2025-10-20,score_filtered
13.800000190734863,-0.0644927776102705,4.0,0.25793957885859875,16.239999771118164,0.25793957885859875,0.17681156135211396,-0.038405777220715254,2836,sz002320,2025-10-20,score_filtered
91.80000305175781,-0.02614380660233484,0.0,0.4563757799327641,130.1999969482422,0.4563757799327641,0.4183005732018772,0.23877992854299346,2837,sh688585,2025-10-20,score_filtered
42.43000030517578,-0.08531696690662482,2.0,0.4411233786677142,55.93000030517578,0.4411233786677142,0.3181711030615575,-0.03841623983953635,2838,bj920651,2025-10-20,score_filtered
48.279998779296875,-0.05737366461888738,21.0,0.0,46.84000015258789,0.0,0.2427506527968022,-0.043703410598600945,2839,sh603090,2025-10-20,score_filtered
290.0400085449219,-0.15177217961515488,5.0,0.7316071960304076,426.010009765625,0.7316071960304076,0.468797397651586,0.06192246216368602,2840,sh688411,2025-10-20,score_filtered
38.5,-0.1342856667258523,5.0,0.40654060884075793,46.880001068115234,0.40654060884075793,0.21766236540559047,-0.11584413206422484,2841,bj920725,2025-10-21,expired
53.0099983215332,-0.19675526920818154,21.0,0.0,43.79999923706055,0.0,0.145632927091929,-0.1920391777553273,2842,bj920839,2025-10-21,operable_filtered
38.810001373291016,-0.02087094420585245,0.0,1.026315789473684,77.0,1.026315789473684,0.9840246656881411,0.35789742072020414,2843,bj920748,2025-10-21,operable_filtered
7.699999809265137,-0.08831166820555025,0.0,0.9601139980438809,13.760000228881836,0.9601139980438809,0.787013061003575,0.37792206746688617,2844,sh688148,2025-10-21,operable_filtered
9.720000267028809,-0.18209880752449015,7.0,0.11698117326895208,8.880000114440918,0.11698117326895208,0.05041149770132125,-0.16769548041783888,2845,sz000626,2025-10-21,operable_filtered
8.6899995803833,-0.17836591354925446,20.0,0.046218477573793715,7.46999979019165,0.046218477573793715,0.14614505398027355,-0.1611046819485027,2846,sz300111,2025-10-21,operable_filtered
30.8799991607666,-0.06994818348817877,0.0,0.6775766524051621,48.18000030517578,0.6775766524051621,0.5602332129072409,0.3244819506939247,2847,bj920225,2025-10-21,score_filtered
15.020000457763672,-0.2643142573924996,12.0,0.3158370779074229,14.539999961853027,0.3158370779074229,0.02796265711180701,-0.0825566369508024,2848,sz002208,2025-10-21,score_filtered
45.369998931884766,-0.26272864116309846,21.0,0.0,34.290000915527344,0.0,0.2563368159998345,-0.2607449480904358,2849,bj920942,2025-10-21,score_filtered
32.349998474121094,-0.05811435083283045,21.0,0.0,31.8799991607666,0.0,0.27666155131658354,-0.05595046812882187,2850,bj920396,2025-10-21,score_filtered
7.579999923706055,-0.20052770398754138,20.0,0.07260727085397356,6.5,0.07260727085397356,0.08179418097618507,-0.1899736242367146,2851,sh600748,2025-10-21,score_filtered
36.84000015258789,-0.44435398402362547,21.0,0.0,20.8700008392334,0.0,0.0,-0.44136808256065174,2852,sh600629,2025-10-21,score_filtered
19.0,-0.09999997992264598,21.0,0.0,17.959999084472656,0.0,0.05789475691945922,-0.09999997992264598,2853,bj920475,2025-10-21,score_filtered
101.11000061035156,-0.008406670645733083,0.0,0.6537003742177607,165.8000030517578,0.6537003742177607,0.6397982598249865,0.5586984981916878,2854,sh688195,2025-10-21,score_filtered
4.389999866485596,-0.21412297207070186,7.0,0.2927536163778772,4.460000038146973,0.2927536163778772,0.02505697878356994,-0.17995443869693328,2855,sh600617,2025-10-21,score_filtered
20.540000915527344,-0.12658229141091415,21.0,0.0,18.469999313354492,0.0,0.20740010378056173,-0.12366118803856596,2856,sz000969,2025-10-21,score_filtered
138.3000030517578,-0.14598699924721104,7.0,0.2882058514116157,152.14999389648438,0.2882058514116157,0.10014454475133516,0.025307302406133436,2857,sh688109,2025-10-21,score_filtered
38.689998626708984,-0.14318938478859589,21.0,0.0,35.65999984741211,0.0,0.21168267593973034,-0.13233391350782475,2858,bj920725,2025-10-22,expired
28.329999923706055,-0.2654430101664442,21.0,0.0,22.06999969482422,0.0,0.0405929975865611,-0.26403104703072,2859,sz301158,2025-10-22,filtered
25.899999618530273,-0.2586872183116665,21.0,0.0,20.200000762939453,0.0,0.0019305461446186278,-0.2544401640791162,2860,bj920694,2025-10-22,traded
25.729999542236328,-0.10998833945024178,19.0,0.06681225817171876,24.43000030517578,0.06681225817171876,0.1620676311885978,-0.09677418637457713,2861,bj920706,2025-10-22,operable_filtered
88.0,-0.0826135982166637,4.0,0.5458936933270822,124.80000305175781,0.5458936933270822,0.4181818528608843,0.23420455239035864,2862,sh605255,2025-10-22,operable_filtered
40.79999923706055,-0.04411762918430462,0.0,0.9743589743589745,77.0,0.9743589743589745,0.8872549372515013,0.17696081754199788,2863,bj920748,2025-10-22,operable_filtered
33.0,-0.11515149203213781,21.0,0.0,30.520000457763672,0.0,0.25151512839577417,-0.10333332870945788,2864,bj920396,2025-10-22,operable_filtered
18.559999465942383,-0.11099135372942681,21.0,0.0,17.530000686645508,0.0,0.17618537456125072,-0.10237067204752748,2865,sz300948,2025-10-22,score_filtered
11.979999542236328,-0.14023367409810905,21.0,0.0,10.930000305175781,0.0,0.1435726488106137,-0.14023367409810905,2866,bj920553,2025-10-22,score_filtered
12.5,-0.17599998474121092,21.0,0.0,10.9399995803833,0.0,0.051999969482421804,-0.17040000915527342,2867,bj920675,2025-10-22,score_filtered
20.899999618530273,-0.18564589624808092,21.0,0.0,17.899999618530273,0.0,0.18660285596715864,-0.1846889365290032,2868,sz000969,2025-10-22,score_filtered
,,,,,,,,2869,sh603843,2025-10-22,score_filtered
58.68000030517578,-0.1905248849187492,21.0,0.0,50.20000076293945,0.0,0.02249488220789586,-0.1905248849187492,2870,bj920174,2025-10-22,score_filtered
15.899999618530273,-0.1572327081748125,5.0,0.21940303117561433,16.34000015258789,0.21940303117561433,0.10691828954248694,-0.02201254315676282,2871,sh603903,2025-10-22,score_filtered
7.570000171661377,-0.2298547171067563,21.0,0.0,6.179999828338623,0.0,0.08322319990984828,-0.2298547171067563,2872,sh600748,2025-10-22,score_filtered
44.47999954223633,-0.2938399242206263,21.0,0.0,33.70000076293945,0.0,0.020683498046554227,-0.2922661900582024,2873,bj920942,2025-10-22,score_filtered
297.4800109863281,-0.17298643543559722,3.0,0.7316071960304076,426.010009765625,0.7316071960304076,0.432062639614478,-0.03764962953274187,2874,sh688411,2025-10-22,score_filtered
44.0,-0.03590913252397021,7.0,0.1791608349097511,50.02000045776367,0.1791608349097511,0.1368181922219016,-0.019545468417080936,2875,sh603389,2025-10-22,score_filtered
33.91999816894531,-0.02270037395731228,20.0,0.0757163863046506,35.65999984741211,0.0757163863046506,0.3820755777939622,0.00058963616873009,2876,bj920725,2025-10-23,filtered
32.20000076293945,-0.031055899885286564,2.0,0.5442307412506802,48.18000030517578,0.5442307412506802,0.49627326595061727,0.0307452745438741,2877,bj920225,2025-10-23,breakout_support_filtered
5.679999828338623,0.0,0.0,1.461267599426217,13.979999542236328,1.461267599426217,1.461267599426217,1.2253522403749617,2878,sz000609,2025-10-23,operable_filtered
45.47999954223633,-0.07299911451716279,1.0,0.8263757181850764,77.0,0.8263757181850764,0.6930519079819186,0.09894459202491723,2879,bj920748,2025-10-23,operable_filtered
38.0,-0.16868420651084504,16.0,0.2130420864111644,38.31999969482422,0.2130420864111644,0.10526315789473695,-0.06868422658819906,2880,sz301231,2025-10-23,operable_filtered
94.05999755859375,-0.14171799434032906,3.0,0.5458936933270822,124.80000305175781,0.5458936933270822,0.32681273964540436,0.2332554009236385,2881,sh605255,2025-10-23,operable_filtered
13.600000381469727,-0.2073529830440919,21.0,0.0,11.039999961853027,0.0,0.1676470344866856,-0.19044118234855478,2882,sz002278,2025-10-23,operable_filtered
128.97999572753906,-0.1859202707541957,7.0,0.16923806326729918,122.7699966430664,0.16923806326729918,0.02310444320856697,-0.15010074137274454,2883,sh688577,2025-10-23,score_filtered
27.5,-0.24327274669300425,20.0,0.06054782610369358,22.06999969482422,0.06054782610369358,0.036363636363636376,-0.22472728382457385,2884,sz301158,2025-10-23,score_filtered
14.449999809265137,-0.23321798823819262,21.0,0.0,11.569999694824219,0.0,0.19653987153973795,-0.2235293830360674,2885,sz002748,2025-10-23,score_filtered
41.79999923706055,-0.08684213240120864,20.0,0.0689023105653428,40.79999923706055,0.0689023105653428,0.3380383092348802,-0.05741621423413246,2886,bj920651,2025-10-23,score_filtered
9.149999618530273,-0.24918030907387279,21.0,0.0,7.019999980926514,0.0,0.019672165320231416,-0.23715843605743725,2887,sz000852,2025-10-23,score_filtered
9.949999809265137,-0.23115575457157456,21.0,0.0,8.09000015258789,0.0,0.20603017387256295,-0.2070351740973233,2888,sh600403,2025-10-23,score_filtered
24.889999389648438,-0.08396947383844078,4.0,0.41666668060927403,32.29999923706055,0.41666668060927403,0.2977099248340629,0.26155083923341893,2889,bj920152,2025-10-23,score_filtered
16.3799991607666,-0.06532349181755548,3.0,0.45656424728033085,22.299999237060547,0.45656424728033085,0.36141638459137027,0.017704574504616266,2890,bj920834,2025-10-23,score_filtered
22.510000228881836,-0.14704573222062578,20.0,0.05208333126372766,20.200000762939453,0.05208333126372766,0.03731675451118455,-0.13416261337433522,2891,bj920694,2025-10-23,score_filtered
19.209999084472656,-0.14107231721125557,20.0,0.06242428403912159,17.530000686645508,0.06242428403912159,0.13638734846953393,-0.10983856343379161,2892,sz300948,2025-10-23,score_filtered
16.700000762939453,-0.19760484991908045,4.0,0.21940303117561433,16.34000015258789,0.21940303117561433,0.053892190264299034,-0.10179644822005551,2893,sh603903,2025-10-23,score_filtered
23.700000762939453,-0.10970465391441853,20.0,0.05213271855842061,22.200000762939453,0.05213271855842061,0.11729952277655875,-0.08945150932435919,2894,bj920896,2025-10-23,score_filtered
92.5199966430664,-0.038045793026195485,0.0,0.5471909769465415,137.6999969482422,0.5471909769465415,0.4883268692656362,0.08625166068390278,2895,sz301377,2025-10-23,score_filtered
34.130001068115234,-0.08584823362086069,1.0,0.5442307412506802,48.18000030517578,0.5442307412506802,0.411661259811277,-0.03662466923177943,2896,bj920225,2025-10-24,filtered
5.960000038146973,0.0,0.0,1.3456374920733825,13.979999542236328,1.3456374920733825,1.3456374920733825,1.0151006966462828,2897,sz000609,2025-10-24,expired
38.79999923706055,-0.028092787990231627,0.0,0.42667728833791085,53.79999923706055,0.42667728833791085,0.38659794574615525,0.08067013220777475,2898,bj920284,2025-10-24,expired
90.61000061035156,-0.10903870639958091,2.0,0.5805771481262054,127.5999984741211,0.5805771481262054,0.40823306052978525,0.40823306052978525,2899,sh605255,2025-10-24,operable_filtered
16.110000610351562,-0.3122284603399367,20.0,0.09205780368114835,12.100000381469727,0.09205780368114835,0.07324644695652993,-0.2638113465336219,2900,sz002748,2025-10-24,operable_filtered
46.0,-0.17021743110988452,19.0,0.0689023105653428,40.79999923706055,0.0689023105653428,0.21586957185164746,-0.1543477929156759,2901,bj920651,2025-10-24,operable_filtered
13.0,-0.1707692513099084,20.0,0.05565866385270812,11.380000114440918,0.05565866385270812,0.221538470341609,-0.13307688786433292,2902,sz002278,2025-10-24,score_filtered
98.4000015258789,-0.003963408369926369,0.0,0.4049586159261993,137.6999969482422,0.4049586159261993,0.3993901911884372,0.045325193245039586,2903,sz301377,2025-10-24,score_filtered
131.0,-0.09251910493574067,4.0,0.7208110031171546,204.57000732421875,0.7208110031171546,0.5616031093451812,0.0016031046860089937,2904,sz300475,2025-10-24,score_filtered
15.899999618530273,-0.09182390397327123,19.0,0.13504154196196838,16.389999389648438,0.13504154196196838,0.15534599245049807,-0.010691828954248694,2905,bj920642,2025-10-24,score_filtered
37.63999938964844,-0.1607332448237071,15.0,0.26622348232952286,40.0,0.26622348232952286,0.11583423700986106,-0.01434646451338284,2906,sz301231,2025-10-24,score_filtered
37.099998474121094,-0.2584905293710109,20.0,0.05634311974426143,29.059999465942383,0.05634311974426143,0.0283019702141023,-0.23423177854766342,2907,sh688249,2025-10-24,score_filtered
9.010000228881836,-0.15094340721045507,20.0,0.07843135910493748,8.25,0.07843135910493748,0.33185346228223467,-0.08990015527638029,2908,sh600403,2025-10-24,score_filtered
45.880001068115234,-0.10200523531435124,20.0,0.10436891158818895,45.5,0.10436891158818895,0.09023538128305697,-0.008282499112218233,2909,sh603389,2025-10-24,score_filtered
33.2599983215332,0.0,0.0,0.46121470014195576,48.599998474121094,0.46121470014195576,0.46121470014195576,0.07306074647642258,2910,sz300520,2025-10-24,score_filtered
204.5,-0.3051344444815862,20.0,0.1511611175575287,163.5800018310547,0.1511611175575287,0.017114914425427896,-0.20826404077208127,2911,sh688228,2025-10-24,score_filtered
503.9800109863281,-0.13298150337368853,20.0,0.1323690897770371,494.79998779296875,0.1323690897770371,0.07545933955767259,-0.048255896650787,2912,sz300308,2025-10-24,score_filtered
155.0,-0.1988387077085434,20.0,0.05636972421809294,131.17999267578125,0.05636972421809294,0.03419356807585694,-0.16245156565020158,2913,sz301488,2025-10-24,score_filtered
45.5,-0.01098901098901095,0.0,0.711111111111111,77.0,0.711111111111111,0.6923076923076923,0.04087913429344092,2914,bj920748,2025-10-27,breakout_support_filtered
29.790000915527344,-0.28264517682190526,18.0,0.12962089104505647,24.139999389648438,0.12962089104505647,0.0030210890390522938,-0.2467270948500948,2915,sz001231,2025-10-27,filtered
40.029998779296875,-0.019984992791813427,0.0,0.37139943575930134,53.79999923706055,0.37139943575930134,0.34399202792095473,0.07294534281007214,2916,bj920284,2025-10-27,expired
108.79000091552734,-0.09090908453367663,19.0,0.09888775155112373,108.68000030517578,0.09888775155112373,0.2657412978161726,-0.037779212940193596,2917,sz301377,2025-10-27,operable_filtered
35.88999938964844,-0.18640286264921324,18.0,0.08869863304507541,31.790000915527344,0.08869863304507541,0.15073836554515196,-0.147673427896162,2918,bj920396,2025-10-27,operable_filtered
55.02000045776367,-0.12159212233821393,18.0,0.13014684176544788,54.619998931884766,0.13014684176544788,0.08033438989769448,-0.032897153003124235,2919,sh688166,2025-10-27,operable_filtered
16.979999542236328,-0.3474675958532577,19.0,0.09657037023393089,12.149999618530273,0.09657037023393089,0.01825685404289401,-0.30800940419504386,2920,sz002748,2025-10-27,operable_filtered
27.520000457763672,-0.12754361084654808,8.0,0.1670137522138868,28.020000457763672,0.1670137522138868,0.07921512605065306,-0.10283429784274156,2921,bj920765,2025-10-27,operable_filtered
78.73999786376953,-0.24422148925513987,18.0,0.07494543816103771,63.970001220703125,0.07494543816103771,0.10922020202489979,-0.20472440143793835,2922,sz003033,2025-10-27,operable_filtered
20.200000762939453,-0.18316834768282642,18.0,0.06787883874141798,17.6200008392334,0.06787883874141798,0.08069302471300532,-0.1445544537627549,2923,sz300948,2025-10-27,score_filtered
25.770000457763672,-0.23748547654331298,18.0,0.1272264655742008,22.149999618530273,0.1272264655742008,0.013969681668921874,-0.1656965611918434,2924,sh600629,2025-10-27,score_filtered
125.0999984741211,-0.04972023418521332,3.0,0.7208110031171546,204.57000732421875,0.7208110031171546,0.6352518770536779,0.0663468866794612,2925,sz300475,2025-10-27,score_filtered
35.25,-0.3651064067867631,19.0,0.050044722128355756,23.5,0.050044722128355756,0.08851060799673105,-0.3435461166057181,2926,sh603192,2025-10-27,score_filtered
23.75,-0.1292631450452303,5.0,0.3675048486129664,28.280000686645508,0.3675048486129664,0.19073687101665304,0.014315795898437456,2927,sh605188,2025-10-27,score_filtered
,,,,,,,,2928,sh603843,2025-10-27,score_filtered
62.189998626708984,-0.025888355542797004,0.0,0.5006602990148283,90.91000366210938,0.5006602990148283,0.46181067164497236,0.08039884105335693,2929,sz301358,2025-10-27,score_filtered
139.0,-0.13669064748201443,18.0,0.2165833791097005,145.99000549316406,0.2165833791097005,0.28057553956834536,-0.06323736177073969,2930,sh688766,2025-10-27,score_filtered
59.77000045776367,-0.21281581266996452,20.0,0.07545163219182949,50.599998474121094,0.07545163219182949,0.2882716983482687,-0.20863311235065196,2931,bj920748,2025-10-28,traded
6.570000171661377,0.0,0.0,1.127853756007005,13.979999542236328,1.127853756007005,1.127853756007005,0.8234397609166131,2932,sz000609,2025-10-28,expired
13.5,-0.18000002260561343,21.0,0.0,11.520000457763672,0.0,0.07851854960123705,-0.17185182924623843,2933,bj920445,2025-10-28,filtered
3.25,-0.2584615120520959,3.0,0.6970954385580999,4.090000152587891,0.6970954385580999,0.25846158541165876,-0.0400000352125901,2934,sz000620,2025-10-28,expired
4.889999866485596,-0.13496929763444887,18.0,0.06146566214475491,4.489999771118164,0.06146566214475491,0.13496939514716288,-0.10020445490734198,2935,sz300163,2025-10-28,expired
7.840000152587891,-0.14158164692739283,17.0,0.07429420484144877,7.230000019073486,0.07429420484144877,0.28316329385478567,-0.12372452144769708,2936,sh603378,2025-10-28,operable_filtered
85.83999633789062,-0.3067334475727965,17.0,0.07712989887494315,64.0999984741211,0.07712989887494315,0.017474371668139144,-0.2741145849072367,2937,sz003033,2025-10-28,score_filtered
44.79999923706055,-0.10223210032040908,18.0,0.3035802763274804,52.43000030517578,0.3035802763274804,0.17031252674226294,0.14017863171745426,2938,sz300619,2025-10-28,score_filtered
8.449999809265137,-0.23431953417353735,18.0,0.07882538569089026,6.980000019073486,0.07882538569089026,0.017751547407151236,-0.1928993697510526,2939,sz300128,2025-10-28,score_filtered
56.5,-0.04637166251123481,2.0,0.2620638205636676,68.0,0.2620638205636676,0.20353982300884965,0.043716835764657125,2940,sz301097,2025-10-28,score_filtered
23.719999313354492,-0.282462017265687,17.0,0.09811986083303403,18.690000534057617,0.09811986083303403,0.04553119540345052,-0.2407250948467733,2941,sz000969,2025-10-28,score_filtered
120.0,-0.17583332061767576,18.0,0.09888775155112373,108.68000030517578,0.09888775155112373,0.1474999745686849,-0.15341669718424478,2942,sz301377,2025-10-28,score_filtered
27.399999618530273,-0.16423357892883717,15.0,0.352838430493591,30.979999542236328,0.352838430493591,0.13065693334115758,-0.059489021294155564,2943,bj920706,2025-10-28,score_filtered
29.65999984741211,-0.1840862816103167,18.0,0.04710741131026186,25.34000015258789,0.04710741131026186,0.06439648878079018,-0.1668914628592404,2944,bj920357,2025-10-28,score_filtered
24.149999618530273,-0.14368527404414388,4.0,0.3675048486129664,28.280000686645508,0.3675048486129664,0.17101453968331692,-0.01490677882771907,2945,sh605188,2025-10-28,score_filtered
35.540000915527344,-0.3702870403982226,18.0,0.050044722128355756,23.5,0.050044722128355756,0.07962852964139921,-0.34440071365105585,2946,sh603192,2025-10-28,score_filtered
62.79999923706055,-0.25079618139080095,19.0,0.20063767469671934,56.4900016784668,0.20063767469671934,0.09490450591682031,-0.12436301995979626,2947,bj920748,2025-10-29,traded
3.0999999046325684,-0.22258059355768367,2.0,0.6970954385580999,4.090000152587891,0.6970954385580999,0.3193549285198005,0.051612932500929354,2948,sz000620,2025-10-29,expired
48.0099983215332,-0.17308889500349334,4.0,0.35516368269906073,53.79999923706055,0.35516368269906073,0.12059989831181572,-0.09810454590997453,2949,bj920284,2025-10-29,expired
41.13999938964844,-0.21025760426622986,18.0,0.11603559397674723,36.2599983215332,0.11603559397674723,0.17112301944512742,-0.19032567167046655,2950,bj920225,2025-10-29,expired
38.13999938964844,-0.23439954823741782,16.0,0.08869863304507541,31.790000915527344,0.08869863304507541,0.08285264546359072,-0.21525954944563863,2951,bj920396,2025-10-29,expired
52.099998474121094,-0.26737045514684676,16.0,0.0689023105653428,40.79999923706055,0.0689023105653428,0.0168906160055331,-0.25009595318451083,2952,bj920651,2025-10-29,expired
48.959999084472656,-0.18300652067034584,21.0,0.0,41.31999969482422,0.0,0.08925659371525496,-0.15808819461812895,2953,bj920839,2025-10-29,operable_filtered
13.100000381469727,-0.15801531207789898,21.0,0.0,11.539999961853027,0.0,0.1114503813459562,-0.12519086225696407,2954,bj920445,2025-10-29,operable_filtered
13.109999656677246,-0.23188406113379878,20.0,0.03773586156474562,10.449999809265137,0.03773586156474562,0.04500382670013181,-0.2234934727865644,2955,bj920553,2025-10-29,operable_filtered
24.06999969482422,-0.18363108152611984,16.0,0.14707386020871738,22.540000915527344,0.14707386020871738,0.019526432349901146,-0.0805982782988891,2956,sh600629,2025-10-29,operable_filtered
90.0,-0.07377777099609373,2.0,0.9179463017297382,159.8800048828125,0.9179463017297382,0.7764444986979167,0.6983334011501736,2957,sh605255,2025-10-29,operable_filtered
125.0,-0.2087999877929687,17.0,0.09888775155112373,108.68000030517578,0.09888775155112373,0.10159997558593759,-0.19688000488281254,2958,sz301377,2025-10-29,operable_filtered
28.0,-0.14321429388863705,20.0,0.04960402440229594,25.18000030517578,0.04960402440229594,0.03535713468279167,-0.10750000817435124,2959,bj920765,2025-10-29,operable_filtered
30.700000762939453,-0.21172637910311376,17.0,0.04710741131026186,25.34000015258789,0.04710741131026186,0.016286644546393392,-0.19543973455672037,2960,bj920357,2025-10-29,operable_filtered
42.02000045776367,-0.17134699391963404,21.0,0.0,36.36000061035156,0.0,0.08281769405819595,-0.16753928697843756,2961,bj920509,2025-10-29,operable_filtered
25.5,-0.24627453673119637,16.0,0.10770039938214615,21.290000915527344,0.10770039938214615,0.03607843436446845,-0.19137251610849415,2962,sh603011,2025-10-29,score_filtered
63.95000076293945,-0.20062551490210423,21.0,0.0,53.189998626708984,0.0,0.06333071444477012,-0.18686474777752882,2963,sz300260,2025-10-29,score_filtered
26.579999923706055,-0.13844997425653405,14.0,0.352838430493591,30.979999542236328,0.352838430493591,0.16553798461850344,0.05831449366100783,2964,bj920706,2025-10-29,score_filtered
58.0,-0.1887931166024044,18.0,0.20063767469671934,56.4900016784668,0.20063767469671934,0.18551727821087005,-0.0758620952737743,2965,bj920748,2025-10-30,traded
38.0,-0.17289472881116363,15.0,0.10881317644728505,34.849998474121094,0.10881317644728505,0.1434210727089329,-0.131052619532535,2966,bj920640,2025-10-30,expired
37.349998474121094,-0.16171350080144398,21.0,0.0,33.65999984741211,0.0,0.2899599002275337,-0.1309236837864023,2967,bj920225,2025-10-30,expired
36.04999923706055,-0.08571429176096268,20.0,0.07675978957129326,35.4900016784668,0.07675978957129326,0.3004161459155068,-0.037447947370086276,2968,bj920725,2025-10-30,filtered
49.029998779296875,-0.04425858092946977,16.0,0.29214678720436904,60.54999923706055,0.29214678720436904,0.23495820405013035,0.17988986160343323,2969,sz300438,2025-10-30,expired
20.59000015258789,-0.11753278573870163,20.0,0.07374794424663556,19.510000228881836,0.07374794424663556,0.10053422435570236,-0.05779507164831421,2970,bj920641,2025-10-30,operable_filtered
134.07000732421875,-0.26232567969724163,16.0,0.09888775155112373,108.68000030517578,0.09888775155112373,0.0,-0.24658762871579432,2971,sz301377,2025-10-30,operable_filtered
37.439998626708984,-0.21340807042844334,16.0,0.07232594586031516,31.579999923706055,0.07232594586031516,0.10737181103676319,-0.17013886660082644,2972,bj920971,2025-10-30,operable_filtered
106.22000122070312,-0.08633023972473841,1.0,0.6383307058239203,159.0,0.6383307058239203,0.49689322324174134,0.11193748119945401,2973,sz300959,2025-10-30,score_filtered
24.40999984741211,-0.10774269468278708,9.0,0.3953167323948794,30.389999389648438,0.3953167323948794,0.24498154771067382,0.014748079172549833,2974,sh603232,2025-10-30,score_filtered
10.010000228881836,-0.3276723411398704,15.0,0.12332836870040897,7.559999942779541,0.12332836870040897,0.004995023935224108,-0.2927073165015378,2975,sh603378,2025-10-30,score_filtered
,,,,,,,,2976,sz000638,2025-10-30,score_filtered
26.010000228881836,-0.1949250153867521,15.0,0.08166184531330112,22.649999618530273,0.08166184531330112,0.0053825216615330795,-0.15224917174064667,2977,sz000657,2025-10-30,score_filtered
29.280000686645508,-0.12568306758456516,16.0,0.16328125948784855,29.780000686645508,0.16328125948784855,0.017076502331779153,-0.030054680583276094,2978,sz300745,2025-10-30,score_filtered
55.18000030517578,-0.15730337544709316,20.0,0.043010752688172005,48.5,0.043010752688172005,0.02120330124093117,-0.12794493175508015,2979,bj920505,2025-10-30,score_filtered
13.350000381469727,-0.17378281514649085,20.0,0.06436990528881159,11.739999771118164,0.06436990528881159,0.09063670438740168,-0.12958804842522298,2980,bj920445,2025-10-30,score_filtered
6.550000190734863,-0.03053439393562163,0.0,1.0897638830014307,13.270000457763672,1.0897638830014307,1.0259542093654308,0.6946564974411682,2981,sz000592,2025-10-30,score_filtered
60.150001525878906,-0.21778889370737953,17.0,0.2531349636671363,58.959999084472656,0.2531349636671363,0.14314215115434692,-0.05735661970773398,2982,bj920748,2025-10-31,traded
39.5,-0.20430378974238528,14.0,0.10881317644728505,34.849998474121094,0.10881317644728505,0.10000001931492286,-0.17215187941925436,2983,bj920640,2025-10-31,expired
3.2300000190734863,0.0,0.0,0.3498452346031422,4.360000133514404,0.3498452346031422,0.3498452346031422,0.1888544555708087,2984,sz002047,2025-10-31,expired
49.61000061035156,-0.05543237182355909,15.0,0.29214678720436904,60.54999923706055,0.29214678720436904,0.2205200260454392,0.10784112897198339,2985,sz300438,2025-10-31,expired
10.149999618530273,-0.04236446972041652,0.0,0.9166665276709283,18.6299991607666,0.9166665276709283,0.8354679665952773,0.7517242714162844,2986,sz300300,2025-10-31,traded
45.099998474121094,-0.23059862667510467,20.0,0.05187317572001304,36.5,0.05187317572001304,0.028824902344592562,-0.21751658293786513,2987,bj920953,2025-10-31,traded
9.5,-0.02631578947368418,0.0,0.38054059002850504,12.770000457763672,0.38054059002850504,0.3442105745014392,0.05263157894736836,2988,sh600302,2025-10-31,operable_filtered
66.0,-0.13287879481460108,17.0,0.11759565955036422,63.959999084472656,0.11759565955036422,0.3315151099002722,-0.11363636363636365,2989,sh605178,2025-10-31,operable_filtered
17.219999313354492,-0.06504059097239234,15.0,0.14782603132766736,18.479999542236328,0.14782603132766736,0.2950058145337091,-0.026713072172768082,2990,bj920834,2025-10-31,operable_filtered
95.69999694824219,-0.1289445844451229,0.0,0.9179463017297382,159.8800048828125,0.9179463017297382,0.6706375128651367,0.4420063155763223,2991,sh605255,2025-10-31,operable_filtered
13.949999809265137,-0.20931900474683707,19.0,0.1677244266778768,12.880000114440918,0.1677244266778768,0.0437276429169855,-0.11111112630305586,2992,bj920445,2025-10-31,operable_filtered
20.09000015258789,-0.08860132768173312,2.0,0.9399236206332418,35.52000045776367,0.9399236206332418,0.7680438122439819,0.4375310573129303,2993,sz001203,2025-10-31,operable_filtered
25.0,-0.004000015258789014,0.0,0.3614458652702526,33.900001525878906,0.3614458652702526,0.35600006103515636,0.3019999694824218,2994,bj920152,2025-10-31,score_filtered
117.0,-0.15572650615985573,21.0,0.0,101.30999755859375,0.0,0.042735042735042805,-0.14965813791649973,2995,sz301377,2025-10-31,score_filtered
32.77000045776367,-0.21452549857929593,14.0,0.07226109661580482,27.600000381469727,0.07226109661580482,0.02227645810311185,-0.18889229318247136,2996,bj920906,2025-10-31,score_filtered
17.420000076293945,-0.1153846280182943,21.0,0.0,16.209999084472656,0.0,0.12284726637634535,-0.11021814396584206,2997,bj920670,2025-10-31,score_filtered
3.390000104904175,0.0,0.0,0.2861356928004133,4.360000133514404,0.2861356928004133,0.2861356928004133,0.12684360325433608,2998,sz002047,2025-11-03,expired
28.350000381469727,-0.07548505355209201,2.0,0.33536822672896327,35.0,0.33536822672896327,0.2345678846225654,-0.006701958783104867,2999,bj920152,2025-11-03,expired
37.68000030517578,-0.1658704869793085,13.0,0.10881317644728505,34.849998474121094,0.10881317644728505,0.1252654241633533,-0.14092360218377242,3000,bj920640,2025-11-03,expired
51.20000076293945,-0.08476562671712595,14.0,0.29214678720436904,60.54999923706055,0.29214678720436904,0.1826171549764699,0.08730463553511147,3001,sz300438,2025-11-03,expired
43.119998931884766,-0.19526897907038687,19.0,0.05187317572001304,36.5,0.05187317572001304,0.03362710572488581,-0.19364560948415865,3002,bj920953,2025-11-03,filtered
8.069999694824219,-0.3221809173425504,21.0,0.0,5.789999961853027,0.0,0.0,-0.30607185670351533,3003,sh600735,2025-11-03,operable_filtered
9.890000343322754,-0.059656231760015,14.0,0.1698924614302837,10.880000114440918,0.1698924614302837,0.2912032370540163,-0.0020222909069134154,3004,sh600302,2025-11-03,operable_filtered
36.0,-0.19472222858005095,21.0,0.0,29.84000015258789,0.0,0.08333333333333326,-0.19388887617323136,3005,bj920396,2025-11-03,operable_filtered
34.08000183105469,-0.05809868692933451,1.0,1.0246106215912825,64.98999786376953,1.0246106215912825,0.9069834029336452,0.5046947190175632,3006,sz300390,2025-11-03,operable_filtered
20.15999984741211,-0.0917658926325442,1.0,0.9399236206332418,35.52000045776367,0.9399236206332418,0.7619047979468754,0.32589284447180167,3007,sz001203,2025-11-03,score_filtered
22.899999618530273,-0.16200869634384585,18.0,0.07972895970385707,20.719999313354492,0.07972895970385707,0.012663795648829579,-0.1353711979523904,3008,bj920195,2025-11-03,score_filtered
109.0,-0.18715597730164135,21.0,0.0,94.55000305175781,0.0,0.05504587155963292,-0.18376145669079702,3009,sh688095,2025-11-03,score_filtered
75.0199966430664,-0.1700879617769554,4.0,0.24092522035146557,77.26000213623047,0.24092522035146557,0.03545726181201081,-0.13956270407639726,3010,sh688336,2025-11-03,score_filtered
43.970001220703125,-0.09711167476049909,1.0,0.35516368269906073,53.79999923706055,0.35516368269906073,0.22356146789754927,-0.09210832247716383,3011,bj920284,2025-11-03,score_filtered
16.010000228881836,-0.16427233459350188,21.0,0.0,13.649999618530273,0.0,0.07557770563237298,-0.1586508385721881,3012,bj920304,2025-11-03,score_filtered
8.800000190734863,-0.17499999187209403,21.0,0.0,7.559999942779541,0.0,0.06931814130180225,-0.1704545417600427,3013,sz002370,2025-11-03,score_filtered
18.030000686645508,-0.13311150753212264,21.0,0.0,16.18000030517578,0.0,0.3466444682184211,-0.12756522777687684,3014,sh688472,2025-11-03,score_filtered
60.150001525878906,-0.21778889370737953,15.0,0.2531349636671363,58.959999084472656,0.2531349636671363,0.11221944852479981,-0.11803827279644641,3015,bj920748,2025-11-04,traded
38.25,-0.17830064561631942,12.0,0.10881317644728505,34.849998474121094,0.10881317644728505,0.045751633986928164,-0.13830067753012665,3016,bj920640,2025-11-04,expired
10.880000114440918,-0.14522057969548519,13.0,0.1698924614302837,10.880000114440918,0.1698924614302837,0.17371326502232054,-0.11488970467388937,3017,sh600302,2025-11-04,filtered
26.0,-0.2188461743868314,21.0,0.0,20.68000030517578,0.0,0.10961539928729724,-0.2123077099139874,3018,sz300402,2025-11-04,traded
103.16000366210938,-0.219464969128909,12.0,0.2627919093925033,101.68000030517578,0.2627919093925033,0.07599841081403769,-0.10333465765496852,3019,sh688183,2025-11-04,operable_filtered
7.389999866485596,-0.2760487143043988,21.0,0.0,5.650000095367432,0.0,0.08795671273490124,-0.2638700736800531,3020,sh600735,2025-11-04,operable_filtered
14.5600004196167,-0.10782971176177114,21.0,0.0,13.449999809265137,0.0,0.18269222644760186,-0.10645605398792068,3021,bj920304,2025-11-04,score_filtered
42.630001068115234,-0.19751352973669645,21.0,0.0,35.09000015258789,0.0,0.02298849443307449,-0.19235281626752243,3022,bj920953,2025-11-04,score_filtered
39.0,-0.2607692327254858,21.0,0.0,30.030000686645508,0.0,0.041538434150891534,-0.2607692327254858,3023,bj920971,2025-11-04,score_filtered
107.73999786376953,-0.20363834459838648,21.0,0.0,90.16999816894531,0.0,0.0330425585536922,-0.19277888486065098,3024,sh688095,2025-11-04,score_filtered
12.100000381469727,-0.17190081472157837,1.0,0.9401197251438411,19.440000534057617,0.9401197251438411,0.6066115637342102,0.4371899868928897,3025,sz300300,2025-11-04,score_filtered
16.829999923706055,-0.09685086879560623,21.0,0.0,15.760000228881836,0.0,0.44266196058894125,-0.08615566344850223,3026,sh688472,2025-11-04,score_filtered
18.100000381469727,-0.18066300490863008,21.0,0.0,15.399999618530273,0.0,0.07679554477089856,-0.17845306231139246,3027,bj920670,2025-11-04,score_filtered
37.77000045776367,-0.20174743836062348,21.0,0.0,31.3799991607666,0.0,0.059041554546180874,-0.20068837256653982,3028,sz301231,2025-11-04,score_filtered
12.630000114440918,-0.2977038950761939,13.0,0.08793683686975906,9.649999618530273,0.08793683686975906,0.10768009852369254,-0.2921615598275835,3029,sz002181,2025-11-04,score_filtered
26.200000762939453,-0.12595423848525655,10.0,0.352838430493591,30.979999542236328,0.352838430493591,0.182442696187181,0.006106864227211517,3030,bj920706,2025-11-04,score_filtered
12.75,-0.13725490196078427,21.0,0.0,11.600000381469727,0.0,0.07294120040594354,-0.13254898669672943,3031,bj920445,2025-11-04,score_filtered
26.309999465942383,-0.2322310462572288,21.0,0.0,21.100000381469727,0.0,0.06917520835301283,-0.19954390370839759,3032,sz300402,2025-11-05,filtered
37.470001220703125,-0.16119564234735306,11.0,0.11199492279941237,34.95000076293945,0.11199492279941237,0.027488624119066607,-0.08059782117367653,3033,bj920640,2025-11-05,expired
6.809999942779541,-0.1879588463621561,21.0,0.0,5.690000057220459,0.0,0.04992660138688887,-0.16593247047513215,3034,sz000736,2025-11-05,filtered
12.3100004196167,-0.24451666338574818,12.0,0.1698924614302837,10.880000114440918,0.1698924614302837,0.037367995326298864,-0.13972381871635753,3035,sh600302,2025-11-05,operable_filtered
8.899999618530273,-0.22022467924931044,12.0,0.15994238103205016,8.050000190734863,0.15994238103205016,0.005617999199770685,-0.17977522431170967,3036,sz300111,2025-11-05,operable_filtered
20.989999771118164,-0.2758456419718478,20.0,0.06052638431004964,16.1200008392334,0.06052638431004964,0.1567413507099853,-0.24106715203040852,3037,sh688472,2025-11-05,operable_filtered
53.25,-0.11999998853799887,12.0,0.29214678720436904,60.54999923706055,0.29214678720436904,0.13708918755043276,0.015962412659551006,3038,sz300438,2025-11-05,operable_filtered
154.0,-0.21506495289988337,21.0,0.0,126.66000366210938,0.0,0.3283766709364855,-0.19227273123604915,3039,sz300475,2025-11-05,score_filtered
96.13999938964844,-0.09777409595959519,2.0,0.8432096935708233,159.8800048828125,0.8432096935708233,0.6629915321179736,0.4505929644189606,3040,sh605255,2025-11-05,score_filtered
9.600000381469727,-0.16145834678576998,1.0,0.648447222776064,13.270000457763672,0.648447222776064,0.382291659423047,0.3010415911260609,3041,sz000592,2025-11-05,score_filtered
25.68000030517578,-0.20716509468856892,17.0,0.16502940089769047,23.719999313354492,0.16502940089769047,0.16783486817458115,-0.14719628667152518,3042,bj920223,2025-11-05,score_filtered
12.8100004196167,-0.31225603973240834,21.0,0.0,9.020000457763672,0.0,0.014832129130327276,-0.298985226535611,3043,sz002181,2025-11-05,score_filtered
8.350000381469727,-0.08383236576320785,12.0,0.20261433916011717,9.199999809265137,0.20261433916011717,0.4371256828479113,-0.02275455393741843,3044,sh600403,2025-11-05,score_filtered
38.29999923706055,-0.2483028331846796,21.0,0.0,29.75,0.0,0.0284595345770442,-0.22715402164218235,3045,bj920971,2025-11-05,score_filtered
3.799999952316284,-0.10789469804129725,1.0,0.2861356928004133,4.360000133514404,0.2861356928004133,0.147368470585578,0.02631582744894323,3046,sz002047,2025-11-06,expired
7.150000095367432,-0.22657340754564448,20.0,0.03797460277439879,5.739999771118164,0.03797460277439879,0.0,-0.20979020699200657,3047,sz000736,2025-11-06,filtered
10.329999923706055,-0.09970955862327469,11.0,0.17096775483638482,10.890000343322754,0.17096775483638482,0.12100677727319309,0.043562421354180536,3048,sh600302,2025-11-06,operable_filtered
66.98999786376953,-0.0005971177310483133,0.0,1.3151606731188896,155.0,1.3151606731188896,1.3137782496307446,0.5166443008512145,3049,sh688353,2025-11-06,operable_filtered
118.0999984741211,-0.1617273388729672,11.0,0.29050507208313614,127.76000213623047,0.29050507208313614,0.08179512097306363,-0.003810304437394163,3050,sh688691,2025-11-06,operable_filtered
14.75,-0.23050844871391685,11.0,0.274889848519553,14.470000267028809,0.274889848519553,0.1288135334596796,-0.034576286703853265,3051,sz000993,2025-11-06,score_filtered
8.0,-0.1812499761581421,10.0,0.11603049311658276,7.309999942779541,0.11603049311658276,0.007500052452087402,-0.11124998331069946,3052,sz002591,2025-11-06,score_filtered
170.0,-0.1641176111557905,11.0,0.40042217770936905,199.0,0.40042217770936905,0.1705882352941177,0.13105881634880512,3053,sh688228,2025-11-06,score_filtered
10.010000228881836,-0.1878121949504613,15.0,0.30996303427022154,10.649999618530273,0.30996303427022154,0.24575424394588308,0.012987024122719681,3054,sz300062,2025-11-06,score_filtered
21.670000076293945,-0.29856946212504687,19.0,0.06842105098048079,16.239999771118164,0.06842105098048079,0.120443036509575,-0.2547300617595436,3055,sh688472,2025-11-06,score_filtered
14.140000343322754,-0.08062237027180053,0.0,1.2692307692307692,29.5,1.2692307692307692,1.0862800059216835,0.8635077610809838,3056,sh603122,2025-11-06,score_filtered
10.979999542236328,-0.17486331536117505,19.0,0.05077262879049993,9.520000457763672,0.05077262879049993,0.18397090546255646,-0.14025501148057162,3057,sh600550,2025-11-06,score_filtered
39.72999954223633,-0.1628492649194463,11.0,0.16867110323092027,38.869998931884766,0.16867110323092027,0.07374780616498477,-0.060659448154538165,3058,sh605060,2025-11-06,score_filtered
253.33999633789062,-0.21449434405696843,19.0,0.11768843300977538,222.4199981689453,0.11768843300977538,0.2078629684350135,-0.12204941428871718,3059,sz001309,2025-11-06,score_filtered
14.5600004196167,-0.1105769618098642,20.0,0.03474902053227691,13.399999618530273,0.03474902053227691,0.18269222644760186,-0.09271980374745525,3060,bj920304,2025-11-06,score_filtered
157.16000366210938,-0.2308475793032726,20.0,0.21053942054848207,146.3300018310547,0.21053942054848207,0.3016671071352217,-0.08780862006994805,3061,sz300475,2025-11-06,score_filtered
22.850000381469727,-0.10897154177456547,16.0,0.16502940089769047,23.719999313354492,0.16502940089769047,0.3124726157745994,-0.024507634861858252,3062,bj920223,2025-11-06,score_filtered
34.130001068115234,-0.30911224184710473,11.0,0.1573367686100564,27.290000915527344,0.1573367686100564,0.09463813188256376,-0.217111090620014,3063,sz002885,2025-11-06,score_filtered
3.509999990463257,-0.034188001676673574,0.0,0.2861356928004133,4.360000133514404,0.2861356928004133,0.24216528357852285,0.09686607267609637,3064,sz002047,2025-11-07,expired
17.31999969482422,-0.08198614903661272,19.0,0.07169819649985931,17.040000915527344,0.07169819649985931,0.28752884699671877,-0.07217090196448106,3065,bj920834,2025-11-07,operable_filtered
27.6299991607666,-0.2681867561521315,10.0,0.06330369585127138,21.5,0.06330369585127138,0.11654004048162947,-0.23163227697878452,3066,sz001209,2025-11-07,operable_filtered
10.640000343322754,-0.10526314374246704,19.0,0.1260503940718325,10.720000267028809,0.1260503940718325,0.4276314934440719,-0.043233084896999174,3067,sz002451,2025-11-07,operable_filtered
22.0,-0.30909091776067565,18.0,0.09144739215558939,16.59000015258789,0.09144739215558939,0.10363639484752318,-0.2609090805053711,3068,sh688472,2025-11-07,operable_filtered
10.399999618530273,-0.105769179629149,10.0,0.17096775483638482,10.890000343322754,0.17096775483638482,0.11346157196710926,0.03846159489197354,3069,sh600302,2025-11-07,operable_filtered
14.600000381469727,-0.1294520749274456,21.0,0.0,13.239999771118164,0.0,0.17945197694721027,-0.11986301056684179,3070,bj920304,2025-11-07,operable_filtered
11.010000228881836,-0.2615803864277856,14.0,0.30996303427022154,10.649999618530273,0.30996303427022154,0.13260672187063594,-0.10899180602351421,3071,sz300062,2025-11-07,score_filtered
15.0,-0.04666665395100911,0.0,1.0629370354213976,29.5,1.0629370354213976,0.9666666666666666,0.6840000152587891,3072,sh603122,2025-11-07,score_filtered
64.9000015258789,-0.06764257474778623,9.0,0.26590647163944925,76.5999984741211,0.26590647163944925,0.31525421576938206,0.051617848926941656,3073,sh688028,2025-11-07,score_filtered
28.190000534057617,-0.07555874522037997,19.0,0.12509594381006428,29.31999969482422,0.12509594381006428,0.2415750030836259,-0.0014189753376917524,3074,bj920152,2025-11-07,score_filtered
277.69000244140625,-0.28337355234101436,18.0,0.1733668341708543,233.5,0.1733668341708543,0.10194820594798792,-0.19802659443876514,3075,sz001309,2025-11-07,score_filtered
3.25,-0.11692311213566708,10.0,0.19163770476169284,3.4200000762939453,0.19163770476169284,0.25846158541165876,-0.09230767763577974,3076,sz000620,2025-11-07,score_filtered
35.2599983215332,-0.14889388379367008,21.0,0.0,31.68000030517578,0.0,0.13386277496844445,-0.14066929440106057,3077,bj920857,2025-11-07,score_filtered
8.359999656677246,-0.19258369889899662,21.0,0.0,7.119999885559082,0.0,0.15789482089801665,-0.16866027575562437,3078,bj920809,2025-11-10,expired
12.819999694824219,-0.21294848730288995,18.0,0.10406344646739751,11.140000343322754,0.10406344646739751,0.09126365866968822,-0.19656782871116196,3079,sh600078,2025-11-10,operable_filtered
17.31999969482422,-0.12586601558387556,10.0,0.6974901043693842,25.700000762939453,0.6974901043693842,0.48383378843935265,0.1616628864748717,3080,sz300437,2025-11-10,operable_filtered
23.0,-0.33913044307542883,17.0,0.09144739215558939,16.59000015258789,0.09144739215558939,0.05565220376719604,-0.3208695701930834,3081,sh688472,2025-11-10,operable_filtered
73.87000274658203,-0.1808583176973957,8.0,0.26590647163944925,76.5999984741211,0.26590647163944925,0.15554348770213333,-0.12684448894264566,3082,sh688028,2025-11-10,operable_filtered
18.020000457763672,-0.14039959058688545,21.0,0.0,16.200000762939453,0.0,0.23751379969876174,-0.12985572104021414,3083,bj920834,2025-11-10,operable_filtered
12.619999885559082,-0.04992077021821684,18.0,0.1100917993074686,13.3100004196167,0.1100917993074686,0.3462757468452613,-0.019809825853173924,3084,sz300821,2025-11-10,operable_filtered
10.109999656677246,-0.2423343118164214,18.0,0.08746737462668497,8.329999923706055,0.08746737462668497,0.042532178019589084,-0.2116716062470103,3085,sz000533,2025-11-10,operable_filtered
17.0,-0.0005882487577550943,0.0,0.7363155030848194,29.5,0.7363155030848194,0.7352941176470589,0.5764705433565027,3086,sh603122,2025-11-10,operable_filtered
42.0,-0.2857142857142857,17.0,0.16800003051757817,35.040000915527344,0.16800003051757817,0.1471428644089472,-0.23023805164155509,3087,bj920225,2025-11-10,operable_filtered
39.5,-0.13240505170218553,19.0,0.07090750722838934,36.70000076293945,0.07090750722838934,0.2974683544303798,-0.118227801745451,3088,sz002759,2025-11-10,score_filtered
11.050000190734863,-0.1583710379903278,9.0,0.19139781682418877,11.079999923706055,0.19139781682418877,0.02533934191294973,-0.022624433998618243,3089,sh600302,2025-11-10,score_filtered
88.0,-0.045454545454545414,0.0,0.8452380952380953,155.0,0.8452380952380953,0.7613636363636365,0.2361363497647373,3090,sh688353,2025-11-10,score_filtered
10.699999809265137,-0.24018689164824603,13.0,0.30996303427022154,10.649999618530273,0.30996303427022154,0.16542060647805124,-0.12242985881252577,3091,sz300062,2025-11-10,score_filtered
16.020000457763672,-0.3970037720735118,21.0,0.0,10.34000015258789,0.0,0.16104867977427095,-0.3645443187086608,3092,sz002713,2025-11-10,score_filtered
8.079999923706055,-0.16460395250796278,20.0,0.09925927056206607,7.420000076293945,0.09925927056206607,0.19801985106156472,-0.1175742349301162,3093,bj920809,2025-11-11,expired
18.700000762939453,-0.19037434622313365,9.0,0.6974901043693842,25.700000762939453,0.6974901043693842,0.3743315355298238,-0.016042841292484677,3094,sz300437,2025-11-11,operable_filtered
22.5,-0.32444445292154944,16.0,0.09144739215558939,16.59000015258789,0.09144739215558939,0.013333299424913125,-0.3075555589463975,3095,sh688472,2025-11-11,operable_filtered
76.98999786376953,-0.21405377321086527,7.0,0.26590647163944925,76.5999984741211,0.26590647163944925,0.0261073151318576,-0.19028442807732215,3096,sh688028,2025-11-11,operable_filtered
12.800000190734863,-0.21171874982537697,17.0,0.10406344646739751,11.140000343322754,0.10406344646739751,0.09296871583210353,-0.20625002374872525,3097,sh600078,2025-11-11,operable_filtered
18.489999771118164,-0.1800973480220155,21.0,0.0,16.450000762939453,0.0,0.20605730195268568,-0.1243915232845596,3098,bj920834,2025-11-11,operable_filtered
30.040000915527344,-0.13249005753284593,17.0,0.12509594381006428,29.31999969482422,0.12509594381006428,0.16511314691434942,-0.08189084277123782,3099,bj920152,2025-11-11,operable_filtered
14.869999885559082,-0.15265632290245357,20.0,0.09365073934734469,13.779999732971191,0.09365073934734469,0.15803627746343163,-0.10692670913414126,3100,bj920304,2025-11-11,operable_filtered
12.600000381469727,-0.2444444309887226,17.0,0.1260503940718325,10.720000267028809,0.1260503940718325,0.2055554857539983,-0.22222223063204838,3101,sz002451,2025-11-11,operable_filtered
121.0,-0.15289256198347112,17.0,0.10282927722465707,113.04000091552734,0.10282927722465707,0.04950411457660775,-0.09685951422068695,3102,sh688585,2025-11-11,operable_filtered
26.260000228881836,-0.18126428741027167,17.0,0.3348837564157885,28.700000762939453,0.3348837564157885,0.1348057493268897,-0.12147755164712914,3103,sz300997,2025-11-11,operable_filtered
44.900001525878906,-0.331848575044948,16.0,0.16800003051757817,35.040000915527344,0.16800003051757817,0.07305119527460135,-0.2877505911930962,3104,bj920225,2025-11-11,operable_filtered
37.47999954223633,-0.18756667196259558,7.0,0.17504098137312818,35.779998779296875,0.17504098137312818,0.055229448241895795,-0.06616861186034995,3105,sh603663,2025-11-11,operable_filtered
10.300000190734863,-0.2106796151563105,12.0,0.30996303427022154,10.649999618530273,0.30996303427022154,0.2106796151563104,-0.128155400393673,3106,sz300062,2025-11-11,score_filtered
15.390000343322754,-0.1650422290571978,8.0,0.12295718885615647,14.430000305175781,0.12295718885615647,0.026640665254435536,-0.10981159820382047,3107,bj920826,2025-11-11,score_filtered
23.34000015258789,-0.20394173940714633,8.0,0.269644792758563,23.59000015258789,0.269644792758563,0.05655525647791659,-0.05526996174352261,3108,bj920299,2025-11-11,score_filtered
69.88999938964844,-0.24495634685068324,21.0,0.0,56.33000183105469,0.0,0.2574044644566711,-0.24352554881098687,3109,sh605178,2025-11-11,score_filtered
12.329999923706055,-0.15652881728450785,8.0,0.3942308203708509,14.5,0.3942308203708509,0.17599351903659244,0.1362530669562907,3110,sz300131,2025-11-11,score_filtered
56.0099983215332,-0.1599714221206816,9.0,0.2531349636671363,58.959999084472656,0.2531349636671363,0.19442962918566997,-0.08909119823792444,3111,bj920748,2025-11-12,breakout_support_filtered
19.200000762939453,-0.21041670598917384,20.0,0.08839051227409045,16.5,0.08839051227409045,0.09218742083758436,-0.17083336230781232,3112,bj920834,2025-11-12,traded
8.359999656677246,-0.19258369889899662,19.0,0.09925927056206607,7.420000076293945,0.09925927056206607,0.15789482089801665,-0.1507176798791252,3113,bj920809,2025-11-12,expired
75.0,-0.19320002237955725,6.0,0.26590647163944925,76.5999984741211,0.26590647163944925,0.040000000000000036,-0.1761333211263021,3114,sh688028,2025-11-12,operable_filtered
21.25,-0.24517642750459556,11.0,0.3778054314246371,22.100000381469727,0.3778054314246371,0.09317644904641553,-0.09882354736328125,3115,sz300903,2025-11-12,operable_filtered
26.700000762939453,-0.19475657731655338,16.0,0.3348837564157885,28.700000762939453,0.3348837564157885,0.10711605323145568,-0.1340823903149554,3116,sz300997,2025-11-12,operable_filtered
26.959999084472656,-0.14799702917705826,20.0,0.07923385531468963,24.790000915527344,0.07923385531468963,0.013724067203195744,-0.09495547302955176,3117,bj920765,2025-11-12,operable_filtered
38.290000915527344,-0.20475319835807626,6.0,0.18226598022997176,36.0,0.18226598022997176,0.03290671954573532,-0.06503007623217505,3118,sh603663,2025-11-12,operable_filtered
38.630001068115234,-0.1175252599015486,3.0,0.20827217490000827,41.189998626708984,0.20827217490000827,0.08076621396886208,-0.034429246551392345,3119,sh603813,2025-11-12,operable_filtered
20.0,-0.16750001907348633,11.0,0.09189193523720718,18.18000030517578,0.09189193523720718,0.015499973297119052,-0.15950002670288088,3120,sh600737,2025-11-12,score_filtered
14.0,-0.31999996730259483,16.0,0.1323528586786964,10.779999732971191,0.1323528586786964,0.08499997002737869,-0.23000001907348633,3121,sz002451,2025-11-12,score_filtered
28.219999313354492,-0.23175050203079917,21.0,0.0,24.06999969482422,0.0,0.16938344447030085,-0.2197023035594763,3122,sz002326,2025-11-12,score_filtered
71.19999694824219,-0.2721909843269513,21.0,0.0,53.70000076293945,0.0,0.23426967724873737,-0.2661516539392216,3123,sh605178,2025-11-12,score_filtered
9.819999694824219,-0.1537677517447773,6.0,0.9723223299673949,16.389999389648438,0.9723223299673949,0.6690427595722876,0.6690427595722876,3124,sh600693,2025-11-13,expired
8.609999656677246,-0.21602784330366087,18.0,0.09925927056206607,7.420000076293945,0.09925927056206607,0.10336822053558836,-0.1730545680060087,3125,bj920809,2025-11-13,expired
19.799999237060547,-0.23434341254738755,19.0,0.10224269476659265,16.709999084472656,0.10224269476659265,0.01616169770218434,-0.172727283236081,3126,bj920834,2025-11-13,traded
20.829999923706055,-0.2299567463141151,10.0,0.3778054314246371,22.100000381469727,0.3778054314246371,0.06096977736031195,-0.07105134650298206,3127,sz300903,2025-11-13,operable_filtered
13.09000015258789,-0.2666157166108353,21.0,0.0,9.890000343322754,0.0,0.004583610790143577,-0.25744842217536823,3128,sz300082,2025-11-13,operable_filtered
8.010000228881836,-0.09363295612598221,5.0,0.9600549715723619,14.229999542236328,0.9600549715723619,0.7765292304146139,0.4506865859579616,3129,sh603778,2025-11-13,operable_filtered
34.72999954223633,-0.1785199809188247,6.0,0.16298631288525955,33.18000030517578,0.16298631288525955,0.08119780397332632,-0.15433339400089696,3130,bj920252,2025-11-13,operable_filtered
21.6200008392334,-0.11193339418851533,4.0,0.5692707272660442,30.1299991607666,0.5692707272660442,0.39361692836247597,0.38806656170074083,3131,sh603122,2025-11-13,operable_filtered
14.300000190734863,-0.3342657111339208,15.0,0.1869747528761494,11.300000190734863,0.1869747528761494,0.05594406853597067,-0.23496507451297421,3132,sz002451,2025-11-13,operable_filtered
7.860000133514404,-0.46055983472072115,18.0,0.1721698251132151,4.96999979019165,0.1721698251132151,0.10178113235476571,-0.36768451580554384,3133,sh603843,2025-11-13,operable_filtered
10.430000305175781,-0.24161077507477613,21.0,0.0,8.09000015258789,0.0,0.06807286839623994,-0.22818792375872388,3134,sz002691,2025-11-13,operable_filtered
28.079999923706055,-0.2343304822501443,15.0,0.3348837564157885,28.700000762939453,0.3348837564157885,0.0320512685532619,-0.012108267575202225,3135,sz300997,2025-11-13,operable_filtered
125.0,-0.2798400268554687,5.0,0.3550323028847706,121.9800033569336,0.3550323028847706,0.24,-0.21999999999999997,3136,sh688353,2025-11-13,operable_filtered
36.400001525878906,-0.16538467342734398,18.0,0.1076366838526861,33.650001525878906,0.1076366838526861,0.06813185269987287,-0.11840662617079234,3137,bj920185,2025-11-13,operable_filtered
15.149999618530273,-0.16831678556226437,18.0,0.09365073934734469,13.779999732971191,0.09365073934734469,0.1366336466630904,-0.12607260036336565,3138,bj920304,2025-11-13,operable_filtered
63.5,-0.2590551301250308,7.0,0.2531349636671363,58.959999084472656,0.2531349636671363,0.05354333111620324,-0.19637797197957674,3139,bj920748,2025-11-14,traded
9.0600004196167,-0.2549669219236558,17.0,0.09925927056206607,7.420000076293945,0.09925927056206607,0.04856507284818812,-0.2207505942832806,3140,bj920809,2025-11-14,expired
48.2400016784668,-0.1786899346321913,19.0,0.08379605715113736,42.939998626708984,0.08379605715113736,0.2667910133516771,-0.155472631406392,3141,sz301201,2025-11-14,expired
8.25,-0.4860606338038589,17.0,0.1721698251132151,4.96999979019165,0.1721698251132151,0.049696951201467776,-0.39757578300707264,3142,sh603843,2025-11-14,operable_filtered
16.059999465942383,-0.2154420423120249,17.0,0.09365073934734469,13.779999732971191,0.09365073934734469,0.07222913362307781,-0.17434616003558168,3143,bj920304,2025-11-14,operable_filtered
6.300000190734863,-0.3126984456168751,7.0,0.3856813177180358,6.0,0.3856813177180358,0.09523807721703914,-0.26666670703383233,3144,sh600408,2025-11-14,operable_filtered
102.58000183105469,-0.32325992464615694,21.0,0.0,73.08000183105469,0.0,0.07779289905533249,-0.31516866108367747,3145,sh603026,2025-11-14,operable_filtered
70.0,-0.2527142660958427,4.0,0.6822786788327624,88.0,0.6822786788327624,0.2571428571428571,-0.17385711669921877,3146,sz301292,2025-11-14,operable_filtered
7.889999866485596,-0.0798478641653485,4.0,0.9600549715723619,14.229999542236328,0.9600549715723619,0.8035487684456359,0.5209125732653659,3147,sh603778,2025-11-14,operable_filtered
138.0,-0.34768118374589563,4.0,0.3550323028847706,121.9800033569336,0.3550323028847706,0.12318840579710155,-0.3188405797101449,3148,sh688353,2025-11-14,operable_filtered
23.799999237060547,-0.19327725300756027,3.0,0.6260415662907932,31.219999313354492,0.6260415662907932,0.3117647190819979,0.22268913085325637,3149,sh603122,2025-11-14,operable_filtered
3.5,-0.21142857415335514,21.0,0.0,2.9700000286102295,0.0,0.30000005449567513,-0.16571426391601562,3150,sz300477,2025-11-14,operable_filtered
34.689998626708984,-0.17757273519522976,5.0,0.16298631288525955,33.18000030517578,0.16298631288525955,0.08244452936211855,-0.15076390167999543,3151,bj920252,2025-11-14,score_filtered
17.90999984741211,-0.15354550661246147,18.0,0.15435357362403535,17.5,0.15435357362403535,0.031825778876630295,-0.06420991782958851,3152,bj920834,2025-11-14,score_filtered
19.5,-0.2871795067420373,19.0,0.0589928540289586,14.720000267028809,0.0589928540289586,0.16051277747521042,-0.28205128205128205,3153,sz300497,2025-11-14,score_filtered
8.869999885559082,-0.23900788195167566,16.0,0.11999999152289487,7.559999942779541,0.11999999152289487,0.06538894376428694,-0.15445320216852854,3154,bj920809,2025-11-17,traded
37.0,-0.1505405322925465,3.0,0.2933503382494338,40.650001525878906,0.2933503382494338,0.09864868988861919,-0.007297309669288432,3155,bj920640,2025-11-17,expired
3.1600000858306885,-0.28481014902594315,21.0,0.0,2.3299999237060547,0.0,0.1518987360873143,-0.2721519335934862,3156,sh600340,2025-11-17,operable_filtered
3.930000066757202,-0.29770993802027046,20.0,0.11594200519873432,3.0799999237060547,0.11594200519873432,0.15776084311602756,-0.2264631271720433,3157,sz300477,2025-11-17,operable_filtered
8.470000267028809,-0.4994097240323331,16.0,0.35613214867783394,5.75,0.35613214867783394,0.022432063092478582,-0.32467537073665653,3158,sh603843,2025-11-17,operable_filtered
11.899999618530273,-0.2411764687025717,4.0,0.7685493620467816,15.970000267028809,0.7685493620467816,0.3420168721821528,0.08403361613918325,3159,sz000592,2025-11-17,operable_filtered
6.5,-0.33384616558368385,6.0,0.3856813177180358,6.0,0.3856813177180358,0.061538476210374116,-0.2953846271221454,3160,sh600408,2025-11-17,operable_filtered
74.0,-0.29310808955012146,3.0,0.6822786788327624,88.0,0.6822786788327624,0.18918918918918926,-0.17756755931957346,3161,sz301292,2025-11-17,operable_filtered
13.390000343322754,-0.28528756912269015,20.0,0.06583073506069637,10.199999809265137,0.06583073506069637,0.04480951549001366,-0.2494398855078045,3162,sh600078,2025-11-17,operable_filtered
130.0,-0.3075384873610276,3.0,0.3550323028847706,121.9800033569336,0.3550323028847706,0.01538461538461533,-0.20846152672400842,3163,sh688353,2025-11-17,score_filtered
66.5,-0.19849625207427746,13.0,0.14446530718870054,61.0,0.14446530718870054,0.048421070988016846,-0.14932331285978617,3164,bj920522,2025-11-17,score_filtered
44.68000030517578,-0.37175471121085557,20.0,0.11115072579814411,31.190000534057617,0.11115072579814411,0.029319636623620804,-0.3352730402846713,3165,bj920225,2025-11-17,score_filtered
8.050000190734863,-0.324223611388032,21.0,0.0,5.949999809265137,0.0,0.04099377837106988,-0.3080745292314203,3166,sz000632,2025-11-17,score_filtered
85.43000030517578,-0.41589603947530696,20.0,0.060120238642561,52.900001525878906,0.060120238642561,0.028678414368374483,-0.3934215204294609,3167,sh605178,2025-11-17,score_filtered
4.289999961853027,-0.20279717792428453,5.0,0.19883035472779853,4.099999904632568,0.19883035472779853,0.004662000257425358,-0.10955711720035011,3168,sz002047,2025-11-17,score_filtered
6.21999979019165,-0.29099678518216987,20.0,0.038548771468485565,4.579999923706055,0.038548771468485565,0.03215438791777392,-0.2749195528923203,3169,sz000407,2025-11-18,expired
15.949999809265137,-0.29655169898426803,20.0,0.09625667540131455,12.300000190734863,0.09625667540131455,0.09592474929576089,-0.2570532587350739,3170,sh600829,2025-11-18,expired
7.610000133514404,-0.36662285320678,20.0,0.08921157946565161,5.25,0.08921157946565161,0.0,-0.32325886924931113,3171,sz002620,2025-11-18,traded
4.230000019073486,-0.34751773569310984,19.0,0.11594200519873432,3.0799999237060547,0.11594200519873432,0.03546101529339629,-0.30969265647106914,3172,sz300477,2025-11-18,filtered
3.109999895095825,-0.2733118756604904,20.0,0.03539819647948583,2.3399999141693115,0.03539819647948583,0.17041807964177424,-0.2668810134093207,3173,sh600340,2025-11-18,operable_filtered
7.840000152587891,-0.3303571558902282,3.0,1.274285634358724,11.9399995803833,1.274285634358724,0.5229591005099725,0.2563775752247095,3174,sz002682,2025-11-18,operable_filtered
22.170000076293945,-0.2972485399147329,20.0,0.04557130906919804,16.290000915527344,0.04557130906919804,0.0523229518908519,-0.2819124933916005,3175,sz300612,2025-11-18,operable_filtered
57.150001525878906,-0.30673669511725443,17.0,0.08379605715113736,42.939998626708984,0.08379605715113736,0.06929132071290445,-0.28381453696651815,3176,sz301201,2025-11-18,operable_filtered
2.7300000190734863,-0.17216118143828407,20.0,0.06637172389398316,2.4100000858306885,0.06637172389398316,0.04761900187328871,-0.13919418014139184,3177,sz000608,2025-11-18,operable_filtered
42.209999084472656,-0.10116087539396401,2.0,0.24986820994670778,47.41999816894531,0.24986820994670778,0.1234304477014121,-0.05591093725514229,3178,sz301228,2025-11-18,score_filtered
11.8100004196167,-0.24386113565730005,17.0,0.15117574262712585,10.279999732971191,0.15117574262712585,0.18374251020475896,-0.12955128131106064,3179,sz000609,2025-11-18,score_filtered
31.799999237060547,-0.2144654043537213,19.0,0.17493998876359362,29.350000381469727,0.17493998876359362,0.11698117326895208,-0.1411949647434394,3180,sz001203,2025-11-18,score_filtered
7.28000020980835,-0.26510992438921777,20.0,0.05981311726459815,5.670000076293945,0.05981311726459815,0.11538456751951731,-0.23076926603825032,3181,sz300071,2025-11-18,score_filtered
18.6200008392334,-0.22073042025280465,15.0,0.16057890330478708,16.84000015258789,0.16057890330478708,0.0026852435449518097,-0.09667030415038835,3182,bj920670,2025-11-18,score_filtered
15.829999923706055,-0.21730888167799445,12.0,0.31477001324752885,16.290000915527344,0.31477001324752885,0.1629816763196823,-0.02463678744171771,3183,sh601566,2025-11-18,score_filtered
5.449999809265137,-0.190825687752319,19.0,0.05215420114094926,4.639999866485596,0.05215420114094926,0.17798170660112378,-0.15045866486640946,3184,sz000407,2025-11-19,expired
54.689998626708984,-0.26293650785347067,21.0,0.0,42.43000030517578,0.0,0.18705430241573096,-0.23733771929365677,3185,sz003041,2025-11-19,expired
17.65999984741211,0.0,0.0,0.5232162996010552,26.899999618530273,0.5232162996010552,0.5232162996010552,0.09626278469014649,3186,sz300589,2025-11-19,operable_filtered
3.700000047683716,-0.25405406624492355,18.0,0.11594200519873432,3.0799999237060547,0.11594200519873432,0.13243243330320875,-0.1837837994577588,3187,sz300477,2025-11-19,operable_filtered
67.66999816894531,-0.22698385120842535,1.0,0.6822786788327624,88.0,0.6822786788327624,0.30042858550548046,-0.17836559807036179,3188,sz301292,2025-11-19,operable_filtered
5.400000095367432,-0.32407406835072006,19.0,0.054794466860145,3.8499999046325684,0.054794466860145,0.07407409042651403,-0.29259261744830134,3189,sz300094,2025-11-19,operable_filtered
14.359999656677246,-0.21866291537050087,19.0,0.09625667540131455,12.300000190734863,0.09625667540131455,0.07660169970535047,-0.17896934235852824,3190,sh600829,2025-11-19,operable_filtered
16.809999465942383,-0.25044611649169024,14.0,0.09365073934734469,13.779999732971191,0.09365073934734469,0.024390235600113108,-0.20820934904946298,3191,bj920304,2025-11-19,score_filtered
40.099998474121094,-0.15162090393298155,21.0,0.0,41.5,0.0,0.182543640233509,0.012718258245311587,3192,sz301228,2025-11-19,score_filtered
2.7200000286102295,-0.16911765930458733,19.0,0.0884955966936618,2.4600000381469727,0.0884955966936618,0.018382335217044687,-0.10294116486933824,3193,sz000608,2025-11-19,score_filtered
45.9900016784668,-0.2926723724272464,17.0,0.11189669616480424,36.16999816894531,0.11189669616480424,0.05936071847361024,-0.252446188011068,3194,sz002868,2025-11-19,score_filtered
32.779998779296875,-0.23794995508013428,18.0,0.17493998876359362,29.350000381469727,0.17493998876359362,0.08358760770294227,-0.14063449892238866,3195,sz001203,2025-11-19,score_filtered
7.210000038146973,-0.25797505182710634,19.0,0.07663557599211313,5.760000228881836,0.07663557599211313,0.12621357040186454,-0.2302357612523318,3196,sz300071,2025-11-19,score_filtered
21.860000610351562,-0.2872827315325729,19.0,0.06225926303623219,16.549999237060547,0.06225926303623219,0.06724607833077512,-0.26075025634904514,3197,sz300612,2025-11-19,score_filtered
33.900001525878906,-0.23598824623183323,21.0,0.0,27.1200008392334,0.0,0.1209439023473553,-0.20943958611324232,3198,sh603353,2025-11-19,score_filtered
38.189998626708984,-0.2526838978316357,18.0,0.18360188141825473,33.779998779296875,0.18360188141825473,0.09793144312529889,-0.12804397919586497,3199,sz002240,2025-11-19,score_filtered
4.0,-0.14499998092651367,3.0,0.19883035472779853,4.099999904632568,0.19883035472779853,0.02499997615814209,-0.02499997615814209,3200,sz002047,2025-11-19,score_filtered
18.600000381469727,-0.5053763644848821,19.0,0.1358695680342461,10.449999809265137,0.1358695680342461,0.0,-0.4381720647879146,3201,sz002713,2025-11-19,score_filtered
5.53000020980835,-0.20253170341833593,18.0,0.15419508587394204,5.090000152587891,0.15419508587394204,0.01627480512407642,-0.07956601094518001,3202,sz000407,2025-11-20,operable_filtered
54.93000030517578,-0.26615690607427855,20.0,0.06896548460896046,43.09000015258789,0.06896548460896046,0.1818677918854521,-0.22683413463040913,3203,sz003041,2025-11-20,operable_filtered
19.020000457763672,-0.05362778302917037,18.0,0.10999997456868482,19.979999542236328,0.10999997456868482,0.4143006819723869,0.005783317579155511,3204,sz300589,2025-11-20,operable_filtered
6.929999828338623,-0.11688311152148012,10.0,0.11928105109871234,6.849999904632568,0.11928105109871234,0.007215034916797425,-0.02308800164147584,3205,bj920090,2025-11-20,score_filtered
10.989999771118164,-0.161965402187637,18.0,0.06297501859975552,9.789999961853027,0.06297501859975552,0.2474977546566468,-0.14012738798231494,3206,sz002474,2025-11-20,score_filtered
12.920000076293945,-0.13157893182867342,18.0,0.09625667540131455,12.300000190734863,0.09625667540131455,0.1455108439117121,-0.10371518147639702,3207,sh600829,2025-11-20,score_filtered
13.739999771118164,-0.22052400170634134,19.0,0.05695608352049897,11.319999694824219,0.05695608352049897,0.20815143071278341,-0.17758366965276395,3208,sz000798,2025-11-20,score_filtered
13.720000267028809,-0.16763849460426794,1.0,1.0761820425632695,23.709999084472656,1.0761820425632695,0.7281340104235487,0.6654518904333886,3209,sz000547,2025-11-20,score_filtered
74.18000030517578,-0.06295494944369084,17.0,0.13940432332343478,79.19999694824219,0.13940432332343478,0.27231055358775413,0.02655703980316204,3210,sz300814,2025-11-20,score_filtered
24.0,-0.19999996821085608,2.0,0.6260415662907932,31.219999313354492,0.6260415662907932,0.30083330472310377,0.10416666666666674,3211,sh603122,2025-11-20,score_filtered
24.899999618530273,-0.19156628637913298,14.0,0.30849484603678423,26.34000015258789,0.30849484603678423,0.05783134763528208,-0.011646546691627124,3212,bj920223,2025-11-20,score_filtered
10.800000190734863,-0.17685183460002762,10.0,0.14623162956759295,10.1899995803833,0.14623162956759295,0.058333342899510754,-0.1462962866483567,3213,sz002877,2025-11-20,score_filtered
52.880001068115234,-0.13918306470665676,17.0,0.1946397302559879,54.380001068115234,0.1946397302559879,0.13161873948352265,-0.04122542097470272,3214,sz300390,2025-11-20,score_filtered
31.110000610351562,-0.19704278199453118,17.0,0.17493998876359362,29.350000381469727,0.17493998876359362,0.06557379863401724,-0.07875283557931656,3215,sz001203,2025-11-20,score_filtered
39.15999984741211,-0.13125636899071935,20.0,0.23427398922577902,41.9900016784668,0.23427398922577902,0.21092947787840877,0.0715015129716754,3216,sz301228,2025-11-20,score_filtered
36.630001068115234,-0.22085721858277174,17.0,0.2312543189348788,35.13999938964844,0.2312543189348788,0.0,-0.06415512476913166,3217,sz002240,2025-11-20,score_filtered
3.8299999237060547,-0.2793733562812777,17.0,0.15579712617499974,3.190000057220459,0.15579712617499974,0.09399481480042815,-0.195822458208895,3218,sz300477,2025-11-20,score_filtered
32.97999954223633,-0.2668283614070611,17.0,0.14557487234647426,27.700000762939453,0.14557487234647426,0.07822928644224425,-0.22286235547265065,3219,sz002213,2025-11-20,score_filtered
26.690000534057617,-0.2019483397956171,11.0,0.2713615443041284,27.079999923706055,0.2713615443041284,0.014612191151917697,-0.006369429482664057,3220,sz000688,2025-11-20,score_filtered
21.709999084472656,-0.17088895628402434,17.0,0.10999997456868482,19.979999542236328,0.10999997456868482,0.2390603755377212,-0.11929978601849256,3221,sz300589,2025-11-21,expired
21.18000030517578,-0.06610007546544527,0.0,0.9656218260075753,38.880001068115234,0.9656218260075753,0.8356940749719481,0.7280452288368056,3222,sh603216,2025-11-21,expired
13.0,-0.291538458604079,17.0,0.06297501859975552,9.789999961853027,0.06297501859975552,0.054615387549767025,-0.2861538666945237,3223,sz002474,2025-11-21,operable_filtered
58.099998474121094,-0.30619617156709733,19.0,0.0850905529228898,43.7400016784668,0.0850905529228898,0.1173838188285321,-0.27401030270313,3224,sz003041,2025-11-21,operable_filtered
9.210000038146973,-0.2095548121981261,3.0,0.22252738489475554,8.899999618530273,0.22252738489475554,0.0,-0.1031487302204479,3225,sz000017,2025-11-21,operable_filtered
28.690000534057617,-0.1136284478284314,5.0,0.24026742182570837,31.540000915527344,0.24026742182570837,0.09933775979148263,-0.03764377495998994,3226,bj920405,2025-11-21,score_filtered
15.100000381469727,-0.29072849221315467,18.0,0.07376283464418276,11.5,0.07376283464418276,0.0993377458348117,-0.2642384519201,3227,sz000798,2025-11-21,score_filtered
78.0,-0.10884612645858371,16.0,0.16529992102792113,81.0,0.16529992102792113,0.2099999647874098,0.008717952630458825,3228,sz300814,2025-11-21,score_filtered
5.099999904632568,-0.13529413139668878,17.0,0.15419508587394204,5.090000152587891,0.15419508587394204,0.09411765255867555,-0.052941173720662205,3229,sz000407,2025-11-21,score_filtered
7.400000095367432,-0.277027049231825,17.0,0.07663557599211313,5.760000228881836,0.07663557599211313,0.09729726769090008,-0.26216216651604407,3230,sz300071,2025-11-21,score_filtered
21.09000015258789,-0.21289709524099787,16.0,0.20963852182322773,20.079999923706055,0.20963852182322773,0.09530584231101558,-0.11047889553571899,3231,sz300774,2025-11-21,score_filtered
22.899999618530273,-0.11222706277884043,21.0,0.0,21.3700008392334,0.0,0.11091707239470949,-0.08951961883011228,3232,sh605188,2025-11-21,score_filtered
41.0,-0.1702438912740568,19.0,0.2569076351018973,42.7599983215332,0.2569076351018973,0.1565853211937882,0.019999992556688273,3233,sz301228,2025-11-21,score_filtered
10.779999732971191,-0.3497216695245934,17.0,0.16833085777084,8.1899995803833,0.16833085777084,0.0,-0.280148383942212,3234,sh603398,2025-11-21,score_filtered
17.809999465942383,-0.14991573288507964,1.0,0.6974901043693842,25.700000762939453,0.6974901043693842,0.4430096313076777,-0.021897776605452668,3235,sz300437,2025-11-21,score_filtered
12.949999809265137,-0.2216216160486526,17.0,0.05952384781855513,10.680000305175781,0.05952384781855513,0.0038610186464320684,-0.2162162341293311,3236,bj920305,2025-11-21,score_filtered
12.079999923706055,-0.26076155947225177,14.0,0.19260909905653523,10.649999618530273,0.19260909905653523,0.15728473762666773,-0.23013242967954495,3237,sz000609,2025-11-21,score_filtered
149.5,-0.25806021291675374,16.0,0.22601882201651247,135.99000549316406,0.22601882201651247,0.2642140468227425,-0.14615383594729825,3238,sh688109,2025-11-21,score_filtered
45.0099983215332,-0.12774939378856065,8.0,0.41798269355532813,55.66999816894531,0.41798269355532813,0.23683626405096447,0.13641420647217095,3239,sh605598,2025-11-21,score_filtered
35.15999984741211,-0.043515323832104325,0.0,1.0368717759258468,68.5,1.0368717759258468,0.9482366409919603,0.7434584614075994,3240,sz300456,2025-11-21,score_filtered
57.91999816894531,-0.06716159379532094,0.0,0.6287248193261055,88.0,0.6287248193261055,0.5193370646061681,0.031077401737952925,3241,sz301292,2025-11-24,operable_filtered
16.530000686645508,-0.35208713894370736,17.0,0.08776840121710561,11.649999618530273,0.08776840121710561,0.0,-0.3169994257184664,3242,sz000798,2025-11-24,operable_filtered
24.43000030517578,-0.2632009916026694,16.0,0.10999997456868482,19.979999542236328,0.10999997456868482,0.06303720789771927,-0.1964797824170409,3243,sz300589,2025-11-24,operable_filtered
87.0,-0.20103445820424748,15.0,0.21996835628865252,84.80000305175781,0.21996835628865252,0.0848275546369881,-0.04068966569571664,3244,sz300814,2025-11-24,operable_filtered
19.799999237060547,-0.2318181502917569,20.0,0.024983570906500274,15.59000015258789,0.024983570906500274,0.16111114429170037,-0.21565654892031538,3245,sh688365,2025-11-24,score_filtered
55.599998474121094,-0.2749999554037178,18.0,0.0850905529228898,43.7400016784668,0.0850905529228898,0.16762589839210507,-0.22895683258267496,3246,sz003041,2025-11-24,score_filtered
58.439998626708984,-0.17693361388722162,5.0,0.7428275361829202,83.83000183105469,0.7428275361829202,0.43446276182391363,0.19780974751781932,3247,sz300516,2025-11-24,score_filtered
301.92999267578125,-0.19491270252147797,19.0,0.14365640079769038,278.0,0.14365640079769038,0.06978441306042815,-0.08591396373549798,3248,sh688411,2025-11-24,score_filtered
42.13999938964844,-0.21262456607139046,15.0,0.04731765160892154,34.75,0.04731765160892154,0.1616042114837779,-0.18794490469050262,3249,sz301171,2025-11-24,score_filtered
23.6299991607666,-0.03681756084567467,0.0,0.7082601351988365,38.880001068115234,0.7082601351988365,0.6453661637309129,0.5691918386784971,3250,sh603216,2025-11-24,score_filtered
28.100000381469727,-0.09501779501948515,4.0,0.24026742182570837,31.540000915527344,0.24026742182570837,0.12241994616932783,-0.013523169500233245,3251,bj920405,2025-11-24,score_filtered
13.270000457763672,-0.13865863520082933,2.0,1.1863516276374977,24.989999771118164,1.1863516276374977,0.8831950948801706,0.8786736582658048,3252,sz000547,2025-11-24,score_filtered
11.510000228881836,-0.19982625065145654,16.0,0.06297501859975552,9.789999961853027,0.06297501859975552,0.19113812037507327,-0.17463077227732615,3253,sz002474,2025-11-24,score_filtered
5.269999980926514,-0.11005691191749978,18.0,0.05970143487314461,4.96999979019165,0.05970143487314461,0.37571157993161597,-0.06641364438317043,3254,sh600734,2025-11-24,score_filtered
8.600000381469727,-0.11395354098149046,3.0,0.49343835765766064,11.380000114440918,0.49343835765766064,0.3232557685649886,0.2220929956616693,3255,sz000859,2025-11-24,score_filtered
180.0,-0.13055555555555554,8.0,0.2996166095185204,203.38999938964844,0.2996166095185204,0.16661114162868929,-0.014999983045789977,3256,sh688195,2025-11-24,score_filtered
21.760000228881836,-0.23713234343459666,15.0,0.20963852182322773,20.079999923706055,0.20963852182322773,0.0611213193803537,-0.1498161854132184,3257,sz300774,2025-11-24,score_filtered
68.19999694824219,-0.1831378067838968,21.0,0.0,63.52000045776367,0.0,0.12316718331019527,-0.17507330148079614,3258,sh688028,2025-11-24,score_filtered
50.9900016784668,-0.06413022847858818,16.0,0.06559088795789947,50.849998474121094,0.06559088795789947,0.07119037328745415,-0.02118065886455489,3259,sh688166,2025-11-24,score_filtered
24.030000686645508,-0.01248444177431518,2.0,0.42435734888662435,33.79999923706055,0.42435734888662435,0.4065750424986314,0.18393674365354173,3260,bj920961,2025-11-24,score_filtered
59.029998779296875,-0.07131965393076034,17.0,0.15213426120057605,63.15999984741211,0.15213426120057605,0.49076743723165284,0.016432343567036156,3261,sz301292,2025-11-25,operable_filtered
13.039999961853027,-0.29371165145017375,15.0,0.06297501859975552,9.789999961853027,0.06297501859975552,0.046012299327067296,-0.25766868608178883,3262,sz002474,2025-11-25,expired
14.880000114440918,-0.38172044768086977,15.0,0.20326086134000154,11.069999694824219,0.20326086134000154,0.0,-0.26814514384619537,3263,sz002713,2025-11-25,operable_filtered
129.74000549316406,-0.2066440885837706,19.0,0.08384336177820861,111.55999755859375,0.08384336177820861,0.08940951405569164,-0.1734238220806923,3264,sz300959,2025-11-25,operable_filtered
128.27999877929688,-0.057686323638110215,7.0,0.3381039351026822,161.75,0.3381039351026822,0.2609136384409201,0.18537573281560338,3265,sz300475,2025-11-25,score_filtered
141.17999267578125,-0.0445530075963223,7.0,0.37148788521825016,185.0,0.37148788521825016,0.3103839750498574,0.10964734232475748,3266,sz300620,2025-11-25,score_filtered
85.80000305175781,-0.18986014377762428,14.0,0.21996835628865252,84.80000305175781,0.21996835628865252,0.08904427876348331,-0.06282050347244139,3267,sz300814,2025-11-25,score_filtered
8.130000114440918,-0.18450184242133327,15.0,0.07993962651928022,7.159999847412109,0.07993962651928022,0.1316112767235551,-0.1266912909360003,3268,sh600403,2025-11-25,score_filtered
3.299999952316284,-0.2121212296358922,13.0,0.17692309808449003,3.059999942779541,0.17692309808449003,0.03636367445806554,-0.13030305241531392,3269,sz000620,2025-11-25,score_filtered
29.559999465942383,-0.15358589615028517,7.0,0.1826538613593891,29.59000015258789,0.1826538613593891,0.14884978680732863,-0.03179968348077966,3270,sz001296,2025-11-25,score_filtered
44.68000030517578,-0.2573858532106551,14.0,0.08137434412615963,35.880001068115234,0.08137434412615963,0.04207701556119847,-0.20613247586316064,3271,sz301171,2025-11-25,score_filtered
8.399999618530273,-0.03214279956557864,2.0,0.4858548282488886,12.079999923706055,0.4858548282488886,0.4380952943209373,0.19523814497621372,3272,sz300062,2025-11-25,score_filtered
7.570000171661377,-0.10832234518713524,10.0,0.13481479220920134,7.659999847412109,0.13481479220920134,0.05416114109837955,-0.022457076940413767,3273,bj920809,2025-11-25,score_filtered
28.139999389648438,-0.09630416287320731,3.0,0.24026742182570837,31.540000915527344,0.24026742182570837,0.12082450602787254,-0.028429255664974673,3274,bj920405,2025-11-25,score_filtered
34.83000183105469,-0.1805914609490239,14.0,0.2953749136213024,36.970001220703125,0.2953749136213024,0.06144126549371576,-0.015216840830642342,3275,sz002240,2025-11-25,score_filtered
62.0,-0.11580645653509325,16.0,0.3133892812990624,72.0,0.3133892812990624,0.4193548387096775,0.16129032258064524,3276,sz301292,2025-11-26,expired
46.060001373291016,-0.29374733370806705,12.0,0.11189669616480424,36.16999816894531,0.11189669616480424,0.0,-0.25987843820699963,3277,sz002868,2025-11-26,expired
5.690000057220459,-0.1757469226614553,16.0,0.11087419500687457,5.210000038146973,0.11087419500687457,0.27416518929555056,-0.10720564628823337,3278,sh600734,2025-11-26,operable_filtered
11.989999771118164,-0.23185986539113457,14.0,0.09120522791625274,10.050000190734863,0.09120522791625274,0.10925775184518893,-0.18515424151233817,3279,sz002474,2025-11-26,operable_filtered
147.16000366210938,-0.08337866245664005,6.0,0.37148788521825016,185.0,0.37148788521825016,0.25713505977326667,0.037510117398108944,3280,sz300620,2025-11-26,score_filtered
74.5,-0.2602684481832005,20.0,0.07657414578054755,59.33000183105469,0.07657414578054755,0.009395932191170298,-0.23208054920170929,3281,sh688028,2025-11-26,score_filtered
47.90999984741211,-0.06908790197939874,19.0,0.32757850022862534,59.209999084472656,0.32757850022862534,0.23585888693487278,0.23585888693487278,3282,sz301117,2025-11-26,score_filtered
29.18000030517578,-0.2803289999871885,19.0,0.08476193745930982,22.780000686645508,0.08476193745930982,0.06922551187929127,-0.2501713868424582,3283,sh688670,2025-11-26,score_filtered
13.399999618530273,-0.33358204780641376,11.0,0.19260909905653523,10.649999618530273,0.19260909905653523,0.04328357762816637,-0.3164179023747772,3284,sz000609,2025-11-26,score_filtered
13.579999923706055,-0.19072166179225325,14.0,0.17743401727721198,12.9399995803833,0.17743401727721198,0.1649484376806134,-0.09572902783787984,3285,sz000070,2025-11-26,score_filtered
61.56999969482422,-0.34529800920756526,16.0,0.15355987139237381,46.5,0.15355987139237381,0.054409590559129084,-0.2699366414530273,3286,sz003041,2025-11-26,score_filtered
85.0,-0.24929410149069398,16.0,0.07929793550214503,68.87000274658203,0.07929793550214503,0.05882352941176472,-0.2256470624138327,3287,sh688227,2025-11-26,score_filtered
9.0,-0.264444457160102,18.0,0.07552870221202035,7.119999885559082,0.07552870221202035,0.004444440205891853,-0.22111108567979598,3288,sz000892,2025-11-26,score_filtered
35.45000076293945,-0.18702400353814508,11.0,0.4018043703565457,40.400001525878906,0.4018043703565457,0.13963330483519587,0.10267981132045012,3289,bj920857,2025-11-26,score_filtered
180.0,-0.13055555555555554,6.0,0.2996166095185204,203.38999938964844,0.2996166095185204,0.12994444105360237,-0.019444444444444486,3290,sh688195,2025-11-26,score_filtered
9.619999885559082,-0.03326400193669243,5.0,0.3462365807515506,12.520000457763672,0.3462365807515506,0.3014553645221849,0.2536383121709167,3291,sz002083,2025-11-26,score_filtered
32.7599983215332,-0.2960927763300585,14.0,0.07502174716612742,24.790000915527344,0.07502174716612742,0.0683761231145863,-0.2753357451940459,3292,bj920152,2025-11-26,score_filtered
6.099999904632568,-0.23606558684154555,16.0,0.44420605996606066,6.730000019073486,0.44420605996606066,0.18196723784723812,-0.02622948359238486,3293,sz002596,2025-11-26,score_filtered
75.0199966430664,-0.26926150162803475,15.0,0.33144834494883835,72.98999786376953,0.33144834494883835,0.1730205803486029,-0.1021060567245814,3294,sz301292,2025-11-27,expired
24.0,-0.19083333015441895,21.0,0.0,19.850000381469727,0.0,0.3066666920979817,-0.17958331108093262,3295,sz301111,2025-11-27,operable_filtered
10.600000381469727,-0.20566039874741182,5.0,0.2672209001915278,10.670000076293945,0.2672209001915278,0.034905648324871086,-0.1160377784571458,3296,sz002264,2025-11-27,operable_filtered
9.670000076293945,-0.1365046209317211,12.0,0.16646698516722425,9.739999771118164,0.16646698516722425,0.05377450878869561,-0.07135475993936724,3297,sh688148,2025-11-27,operable_filtered
40.7400016784668,-0.20152190871188236,11.0,0.11189669616480424,36.16999816894531,0.11189669616480424,0.04320074248949912,-0.17574863898929438,3298,sz002868,2025-11-27,operable_filtered
156.0,-0.1353205167330228,5.0,0.37148788521825016,185.0,0.37148788521825016,0.1858974358974359,-0.013589712289663436,3299,sz300620,2025-11-27,operable_filtered
29.309999465942383,-0.2835209695448283,18.0,0.08476193745930982,22.780000686645508,0.08476193745930982,0.06448315699197504,-0.27499145727750474,3300,sh688670,2025-11-27,operable_filtered
17.299999237060547,-0.057803470757257114,8.0,0.09141115019680801,17.790000915527344,0.09141115019680801,0.12543353595330275,-0.01329477181384009,3301,bj920856,2025-11-27,score_filtered
68.5999984741211,-0.18090379188701733,4.0,1.8933975049747551,162.5800018310547,1.8933975049747551,1.3699709248883867,1.3236151230618027,3302,sz301005,2025-11-27,score_filtered
132.3000030517578,-0.01829174688679769,3.0,0.6786263941795734,218.02000427246094,0.6786263941795734,0.6479213850597427,0.6479213850597427,3303,sh605255,2025-11-27,score_filtered
134.5500030517578,-0.19249350381594466,12.0,0.19190058151223233,129.5,0.19190058151223233,0.014492730613258065,-0.08420662634021892,3304,sh688110,2025-11-27,score_filtered
114.6500015258789,-0.09716527903520267,4.0,0.5650661448812484,162.0,0.5650661448812484,0.412996056205313,0.1597034883933719,3305,sh688048,2025-11-27,score_filtered
21.100000381469727,0.0,0.0,0.47962079378786515,31.219999313354492,0.47962079378786515,0.47962079378786515,0.16066347527773384,3306,sh603122,2025-11-27,score_filtered
54.560001373291016,-0.14589447761756502,1.0,0.47618032549355727,68.79000091552734,0.47618032549355727,0.2608137680363476,0.23955270438327303,3307,sz301043,2025-11-27,score_filtered
12.859999656677246,-0.05987554623996838,5.0,0.27708845206907085,15.4399995803833,0.27708845206907085,0.20062208340467969,0.14152415996010892,3308,sz300131,2025-11-27,score_filtered
110.0,-0.19081816239790483,15.0,0.45489267376714904,129.5,0.45489267376714904,0.17727272727272725,0.03445455377752138,3309,sh688353,2025-11-27,score_filtered
19.639999389648438,-0.17209772229158427,15.0,0.18450184242133338,19.260000228881836,0.18450184242133338,0.30855405099885247,-0.11863543768408247,3310,sz300437,2025-11-27,score_filtered
10.3100004196167,-0.09796316079290568,4.0,0.3462365807515506,12.520000457763672,0.3462365807515506,0.21435499012609505,0.09796306829297574,3311,sz002083,2025-11-27,score_filtered
4.550000190734863,-0.07252755751861084,21.0,0.0,4.400000095367432,0.0,0.31868126340252956,-0.07252755751861084,3312,sh600408,2025-11-27,score_filtered
80.01000213623047,-0.31483566765210225,14.0,0.33144834494883835,72.98999786376953,0.33144834494883835,0.09986248781952556,-0.1437320296582335,3313,sz301292,2025-11-28,expired
32.900001525878906,-0.24072953241089556,11.0,0.34827865982260886,33.68000030517578,0.34827865982260886,0.02370816848392332,-0.05440732013703231,3314,sz001203,2025-11-28,operable_filtered
42.5,-0.17270588594324443,13.0,0.36490335286503184,47.9900016784668,0.36490335286503184,0.1291765100815716,0.06188237807329955,3315,sz300115,2025-11-28,operable_filtered
141.6999969482422,-0.14693013509682007,4.0,0.37318008988017715,165.99000549316406,0.37318008988017715,0.17141855376181914,0.06104452605198696,3316,sz300475,2025-11-28,operable_filtered
17.450000762939453,-0.06590266335811834,7.0,0.09141115019680801,17.790000915527344,0.09141115019680801,0.11575922418898332,-0.025788008210015145,3317,bj920856,2025-11-28,operable_filtered
90.0,-0.21877780490451393,14.0,0.23254169636245736,86.66000366210938,0.23254169636245736,0.017333306206597232,-0.13599997626410587,3318,sh688275,2025-11-28,operable_filtered
82.0,-0.23158538632276582,21.0,0.0,66.20999908447266,0.0,0.0317072984648914,-0.22121950475181018,3319,sh688227,2025-11-28,operable_filtered
22.899999618530273,-0.06375541959796593,3.0,0.45615664811954026,31.219999313354492,0.45615664811954026,0.36331877001831137,0.1353711979523904,3320,sh603122,2025-11-28,score_filtered
43.0099983215332,-0.1629853195791363,21.0,0.0,37.790000915527344,0.0,0.00999768244493282,-0.13275980719148073,3321,bj920284,2025-11-28,score_filtered
6.599999904632568,-0.29393940685647046,14.0,0.44420605996606066,6.730000019073486,0.44420605996606066,0.09242426398919235,-0.19090905609866426,3322,sz002596,2025-11-28,score_filtered
25.09000015258789,-0.08051018116695075,3.0,0.6909405651307894,39.0099983215332,0.6909405651307894,0.5548026338895635,0.43284179132344147,3323,sz300421,2025-11-28,score_filtered
15.399999618530273,-0.10584410397031963,12.0,0.3173564841401959,18.139999389648438,0.3173564841401959,0.26233772828579505,0.06428570101566322,3324,sz300300,2025-11-28,score_filtered
249.9199981689453,-0.07082265156018863,3.0,0.21604518630612057,282.3900146484375,0.21604518630612057,0.1299216417949176,0.019326191847159002,3325,sz301308,2025-11-28,score_filtered
50.310001373291016,-0.212482650558651,9.0,0.11812217141201087,44.29999923706055,0.11812217141201087,0.019081674781712632,-0.15861656379267797,3326,sz301201,2025-11-28,score_filtered
76.37999725341797,-0.2047655948855286,11.0,0.21781361831813295,73.97000122070312,0.21781361831813295,0.00013095229890214277,-0.12791302689696293,3327,sz301358,2025-11-28,score_filtered
53.40999984741211,-0.14772513409828691,11.0,0.3222758792051652,60.189998626708984,0.3222758792051652,0.12694249763465204,0.060662828828369486,3328,sz300390,2025-11-28,score_filtered
32.689998626708984,-0.25175894426352474,20.0,0.12019626508996661,27.399999618530273,0.12019626508996661,0.16243504424477218,-0.18293055348587373,3329,sh603353,2025-11-28,score_filtered
6.570000171661377,-0.2907154146643317,13.0,0.44420605996606066,6.730000019073486,0.44420605996606066,0.09741245810709875,-0.17960430355322055,3330,sz002596,2025-12-01,operable_filtered
13.5,-0.11333331355342158,20.0,0.04177109347083663,12.470000267028809,0.04177109347083663,0.0,-0.10592594853153936,3331,bj920230,2025-12-01,operable_filtered
17.299999237060547,-0.06242774400778284,6.0,0.1615290351508376,18.84000015258789,0.1615290351508376,0.08901739788683405,0.04971102013167972,3332,bj920663,2025-12-01,operable_filtered
24.100000381469727,-0.10456433269193133,7.0,0.11028726455889037,23.959999084472656,0.11028726455889037,0.0,-0.05809126955892996,3333,bj920267,2025-12-01,score_filtered
18.68000030517578,-0.06156314773783145,6.0,0.08670841362675974,19.049999237060547,0.08670841362675974,0.019807223010710917,-0.033725966692873977,3334,bj920950,2025-12-01,score_filtered
31.690000534057617,-0.07983593070396089,21.0,0.0,30.1299991607666,0.0,0.0,-0.07857367400300708,3335,bj920088,2025-12-01,score_filtered
33.29999923706055,-0.06786781901838557,3.0,0.2142396106649298,37.689998626708984,0.2142396106649298,0.1318318165233674,-0.00900898630432001,3336,bj920790,2025-12-01,score_filtered
17.3799991607666,-0.10529338655911769,6.0,0.3556269881119438,21.079999923706055,0.3556269881119438,0.21288843162270044,-0.010356640190954391,3337,bj920475,2025-12-01,score_filtered
18.329999923706055,-0.11074744654090929,6.0,0.09141115019680801,17.790000915527344,0.09141115019680801,0.01800326923511153,-0.08674305287538786,3338,bj920856,2025-12-01,score_filtered
28.979999542236328,-0.10110422192745416,21.0,0.0,27.15999984741211,0.0,0.0196687268401603,-0.099723928064128,3339,bj920821,2025-12-01,score_filtered
17.309999465942383,-0.046793731423046325,6.0,0.5248484756007339,25.15999984741211,0.5248484756007339,0.4534951255726316,0.21374932854384232,3340,bj920510,2025-12-01,score_filtered
22.6299991607666,-0.21696862702162734,19.0,0.0615124263445328,18.809999465942383,0.0615124263445328,0.03844458115322036,-0.19399025861473895,3341,bj920701,2025-12-01,score_filtered
28.329999923706055,-0.05400637807150965,6.0,0.3432836203300027,36.0,0.3432836203300027,0.2707377372731943,0.12001410616613573,3342,bj920533,2025-12-01,score_filtered
80.0,-0.21999998092651363,21.0,0.0,67.0,0.0,0.008749961853027344,-0.18737497329711916,3343,sh688227,2025-12-01,score_filtered
50.0099983215332,-0.1601679382197514,3.0,0.6309523809523809,68.5,0.6309523809523809,0.3697261007606434,0.11897622400794039,3344,sz300456,2025-12-01,score_filtered
23.149999618530273,-0.08164144366272896,3.0,0.31608651180658653,27.979999542236328,0.31608651180658653,0.2086393089976517,-0.038876874011258056,3345,bj920508,2025-12-01,score_filtered
55.18000030517578,-0.17506342504507055,10.0,0.3222758792051652,60.189998626708984,0.3222758792051652,0.09079373493702714,-0.01032982406074312,3346,sz300390,2025-12-01,score_filtered
8.180000305175781,-0.18948656881517745,10.0,0.09502264005527006,7.260000228881836,0.09502264005527006,0.12469431125130459,-0.13447436924589318,3347,sh600403,2025-12-02,operable_filtered
12.989999771118164,-0.20400305351985115,1.0,0.6305609633991978,16.860000610351562,0.6305609633991978,0.2979215479154911,0.1724403241406176,3348,sz000592,2025-12-02,operable_filtered
56.88999938964844,-0.2617331613534485,2.0,0.6309523809523809,68.5,0.6309523809523809,0.20407805826878045,-0.06679555770485712,3349,sz300456,2025-12-02,operable_filtered
6.579999923706055,-0.2917933280480257,12.0,0.44420605996606066,6.730000019073486,0.44420605996606066,0.09574469935344365,-0.23100303929341137,3350,sz002596,2025-12-02,operable_filtered
5.690000057220459,-0.20210897782120618,21.0,0.0,4.690000057220459,0.0,0.27416518929555056,-0.18804923741671586,3351,sh600734,2025-12-02,operable_filtered
24.0,-0.10666664441426599,1.0,0.45615664811954026,31.219999313354492,0.45615664811954026,0.30083330472310377,-0.03625003496805823,3352,sh603122,2025-12-02,score_filtered
31.459999084472656,-0.1064843792628879,1.0,0.6965491850308623,47.689998626708984,0.6965491850308623,0.5158931981738926,0.47806743017200093,3353,sh603216,2025-12-02,score_filtered
4.199999809265137,-0.18809518078827547,20.0,0.041055678287905684,3.549999952316284,0.041055678287905684,0.35714287336180894,-0.15476187773031858,3354,sz000078,2025-12-02,score_filtered
5.079999923706055,-0.22047242172830572,20.0,0.05808081233784823,4.190000057220459,0.05808081233784823,0.1811023799431024,-0.20669286017069266,3355,sh600408,2025-12-02,score_filtered
12.859999656677246,-0.12674962348032248,9.0,0.7239538200814777,19.360000610351562,0.7239538200814777,0.5054433224886865,0.5054433224886865,3356,sh603778,2025-12-02,score_filtered
35.02000045776367,-0.25756711421641354,10.0,0.14461539341853213,29.760000228881836,0.14461539341853213,0.009708742094334033,-0.20188462599682389,3357,sz002976,2025-12-02,score_filtered
11.140000343322754,-0.23249551820169556,18.0,0.15789466639525052,9.899999618530273,0.15789466639525052,0.1247755248483089,-0.1113106540912927,3358,sz002713,2025-12-02,score_filtered
51.0099983215332,-0.2097627386850025,12.0,0.39345066373932114,56.16999816894531,0.39345066373932114,0.10115663629092664,0.0778279033784488,3359,sz003041,2025-12-02,score_filtered
17.690000534057617,-0.07857553731109135,5.0,0.09141115019680801,17.790000915527344,0.09141115019680801,0.010740453418482954,-0.036743900446970845,3360,bj920856,2025-12-02,score_filtered
18.5,-0.2556756509316934,10.0,0.3173564841401959,18.139999389648438,0.3173564841401959,0.050810839678790076,-0.1799999958760029,3361,sz300300,2025-12-02,score_filtered
9.149999618530273,-0.27540979334971083,9.0,0.09502264005527006,7.260000228881836,0.09502264005527006,0.001092921234836286,-0.21857919197204223,3362,sh600403,2025-12-03,filtered
14.899999618530273,-0.19328853922820988,11.0,0.10066547740363219,13.229999542236328,0.10066547740363219,0.10939604764070565,-0.11879191606744133,3363,sz002632,2025-12-03,expired
12.4399995803833,-0.3127009261143865,17.0,0.21637419725442197,10.399999618530273,0.21637419725442197,0.00723473919804718,-0.16398714072867926,3364,sz002713,2025-12-03,operable_filtered
21.0,-0.26380952199300134,18.0,0.1416558586662069,17.649999618530273,0.1416558586662069,0.11523809887114034,-0.1995238349551246,3365,sz003018,2025-12-03,operable_filtered
6.03000020980835,-0.24709787663550986,20.0,0.03964753961477019,4.71999979019165,0.03964753961477019,0.20232168287609809,-0.2271973987940844,3366,sh600734,2025-12-03,operable_filtered
17.0,-0.022352891809800046,0.0,1.1221419179778156,35.27000045776367,1.1221419179778156,1.0747059092802158,1.0047059900620403,3367,sz000547,2025-12-03,operable_filtered
28.139999389648438,-0.28784643389511777,20.0,0.07135720222044295,21.469999313354492,0.07135720222044295,0.03553660347156429,-0.2533759529287495,3368,sh688670,2025-12-03,score_filtered
10.600000381469727,-0.04716980962322126,0.0,0.9198018472576388,19.389999389648438,0.9198018472576388,0.8292451596081873,0.7396226292871932,3369,sz002565,2025-12-03,score_filtered
5.730000019073486,-0.3089005192032642,19.0,0.05808081233784823,4.190000057220459,0.05808081233784823,0.04712041536261147,-0.2774869367007412,3370,sh600408,2025-12-03,score_filtered
230.75,-0.03271940650815952,2.0,0.2706540736079346,283.6099853515625,0.2706540736079346,0.2290790264423077,0.023271918167659722,3371,bj920982,2025-12-03,score_filtered
133.0,-0.11654135338345861,21.0,0.0,127.80000305175781,0.0,0.19451124148261267,-0.09022556390977443,3372,sz301557,2025-12-03,score_filtered
10.8100004196167,-0.1480111303757432,9.0,0.11726383487869652,10.289999961853027,0.11726383487869652,0.12580939906434052,-0.05272901261540808,3373,sz002474,2025-12-03,score_filtered
35.630001068115234,-0.3134999059441076,17.0,0.18070319876257823,28.8799991607666,0.18070319876257823,0.06651694810095421,-0.22031995919569525,3374,sh603353,2025-12-03,score_filtered
13.890000343322754,-0.2296616598422998,19.0,0.07009345919338927,11.449999809265137,0.07009345919338927,0.006479423807706386,-0.18718504803490577,3375,sh600829,2025-12-03,score_filtered
11.029999732971191,-0.32910242298128634,19.0,0.10270266787164695,8.15999984741211,0.10270266787164695,0.017225796795775183,-0.26019945195284055,3376,sz000691,2025-12-03,score_filtered
59.90999984741211,-0.14538472887091647,14.0,0.3435546853608684,68.79000091552734,0.3435546853608684,0.14822235170642917,-0.009681155363622906,3377,sz301043,2025-12-03,score_filtered
22.850000381469727,-0.2253829117091254,19.0,0.22372875219102628,21.65999984741211,0.22372875219102628,0.09409188545457625,-0.09059079476002507,3378,sz300589,2025-12-03,score_filtered
9.329999923706055,-0.0460879216175788,18.0,0.07865177448794647,9.600000381469727,0.07865177448794647,0.3869238677596136,0.007502646880667152,3379,sz002300,2025-12-04,expired
17.34000015258789,0.0,0.0,0.7053056190666223,29.56999969482422,0.7053056190666223,0.7053056190666223,0.2139561160222343,3380,sh603696,2025-12-04,operable_filtered
18.0,-0.011111153496636272,0.0,1.0786517744879465,37.0,1.0786517744879465,1.0555555555555554,1.038888931274414,3381,sz000547,2025-12-04,operable_filtered
31.489999771118164,-0.1086059098492177,7.0,0.4161026160370582,39.75,0.4161026160370582,0.2623055029824961,0.22038744314068914,3382,bj920225,2025-12-04,operable_filtered
10.359999656677246,-0.14671810371245353,3.0,0.6018099098410989,14.15999984741211,0.6018099098410989,0.36679539736139666,0.30308884627220567,3383,sz000510,2025-12-04,operable_filtered
71.3499984741211,0.0,0.0,1.7330063653852386,195.0,1.7330063653852386,1.7330063653852386,1.5227751065094508,3384,sz301232,2025-12-04,score_filtered
16.229999542236328,-0.1515711123756257,8.0,0.3173564841401959,18.139999389648438,0.3173564841401959,0.19778195208617877,-0.08502767712194603,3385,sz300300,2025-12-04,score_filtered
14.600000381469727,-0.1767123189243599,10.0,0.10066547740363219,13.229999542236328,0.10066547740363219,0.1321917982704528,-0.11575345821240934,3386,sz002632,2025-12-04,score_filtered
4.820000171661377,-0.29253112772082823,18.0,0.08504397494241767,3.700000047683716,0.08504397494241767,0.18257253241973181,-0.24688796988367845,3387,sz000078,2025-12-04,score_filtered
27.299999237060547,-0.3040292845793584,18.0,0.09894732425087382,20.8799991607666,0.09894732425087382,0.0439560731309625,-0.2413919537273017,3388,sz301111,2025-12-04,score_filtered
5.429999828338623,-0.16390421632074015,19.0,0.04625551539900452,4.75,0.04625551539900452,0.3351749961690569,-0.13627988849211004,3389,sh600734,2025-12-04,score_filtered
4.550000190734863,-0.2505494631023423,8.0,0.06744868424760098,3.640000104904175,0.06744868424760098,0.048351600213036194,-0.23956046305392498,3390,sz000692,2025-12-04,score_filtered
17.0,-0.02941176470588236,3.0,0.5248484756007339,25.15999984741211,0.5248484756007339,0.4799999910242416,0.15647057925953578,3391,bj920510,2025-12-04,score_filtered
35.220001220703125,-0.3055082840231559,16.0,0.1986917740089662,29.31999969482422,0.1986917740089662,0.003974996729021685,-0.17376492410897248,3392,sh603353,2025-12-04,score_filtered
82.5,-0.0768484404592803,3.0,0.2815125233860565,97.5999984741211,0.2815125233860565,0.18303028453480108,0.08581820401278417,3393,bj920116,2025-12-04,score_filtered
22.59000015258789,-0.03497126649805893,0.0,0.30688076918298446,28.489999771118164,0.30688076918298446,0.26117749352269803,0.026560441674055912,3394,bj920564,2025-12-04,score_filtered
32.869998931884766,-0.280194687671216,18.0,0.10735422366476333,26.200000762939453,0.10735422366476333,0.04958932525349402,-0.22725888518689286,3395,sz300250,2025-12-04,score_filtered
23.93000030517578,-0.19222734320127866,13.0,0.13605789814521452,21.959999084472656,0.13605789814521452,0.211867932727424,-0.17969081026209344,3396,sz301136,2025-12-04,score_filtered
32.599998474121094,-0.012883380018521184,2.0,0.17122430917587605,37.689998626708984,0.17122430917587605,0.1561349813138333,0.05705523611690011,3397,bj920790,2025-12-05,operable_filtered
14.0,-0.0835714340209961,1.0,0.6196415284656547,20.780000686645508,0.6196415284656547,0.48428576333182205,0.4535714558192663,3398,sh600151,2025-12-05,score_filtered
32.619998931884766,-0.13948495971939168,6.0,0.4161026160370582,39.75,0.4161026160370582,0.21857759968060386,0.14255063390985323,3399,bj920225,2025-12-05,score_filtered
132.17999267578125,-0.06188525593162664,17.0,0.06201614872101824,131.69000244140625,0.06201614872101824,0.22560152047642323,-0.04153419986821427,3400,sh688048,2025-12-05,score_filtered
18.200000762939453,-0.2434065999709496,7.0,0.3173564841401959,18.139999389648438,0.3173564841401959,0.06813185269987287,-0.22692312609816645,3401,sz300300,2025-12-05,score_filtered
10.460000038146973,-0.15487570551157193,2.0,0.6018099098410989,14.15999984741211,0.6018099098410989,0.3537284699590313,0.2151051617394253,3402,sz000510,2025-12-05,score_filtered
28.0,-0.07035711833408897,12.0,0.49865529360308414,39.0099983215332,0.49865529360308414,0.39321422576904297,0.25,3403,sz300421,2025-12-05,score_filtered
5.949999809265137,-0.03865546662965236,12.0,0.0804195900384046,6.179999828338623,0.0804195900384046,0.22184877545809623,-0.013445365759757077,3404,sz002348,2025-12-05,score_filtered
77.0,-0.009870157613382724,0.0,1.557712558550151,195.0,1.557712558550151,1.5324675324675323,1.4415584415584415,3405,sz301232,2025-12-05,score_filtered
6.130000114440918,-0.2593801179289057,18.0,0.08590305501377471,4.929999828338623,0.08590305501377471,0.18270797139474948,-0.2055465261596905,3406,sh600734,2025-12-05,score_filtered
27.350000381469727,-0.2932358444571508,12.0,0.13605789814521452,21.959999084472656,0.13605789814521452,0.06032905285252532,-0.2504570488456287,3407,sz301136,2025-12-05,score_filtered
25.299999237060547,-0.24901183506092883,17.0,0.10368417438707844,20.969999313354492,0.10368417438707844,0.026877483228524568,-0.17826080859823745,3408,sz301111,2025-12-05,score_filtered
13.100000381469727,-0.1427481515098702,6.0,1.2858415959634182,25.670000076293945,1.2858415959634182,0.9595419334952686,0.9236641243602921,3409,sh603778,2025-12-05,score_filtered
110.8499984741211,-0.1512854927732048,17.0,0.12361816567885153,105.70999908447266,0.12361816567885153,0.2716284046388646,-0.10148849936724547,3410,sz300959,2025-12-05,score_filtered
27.799999237060547,-0.10143884072719112,5.0,0.34827865982260886,33.68000030517578,0.34827865982260886,0.21151083559299266,0.004316577069305216,3411,sz001203,2025-12-08,traded
4.809999942779541,-0.291060264782423,16.0,0.09384162028982601,3.7300000190734863,0.09384162028982601,0.037422002178779,-0.23492721194698163,3412,sz000078,2025-12-08,expired
57.0099983215332,-0.12471490975239663,5.0,0.2314629034844926,61.45000076293945,0.2314629034844926,0.07788111861299996,-0.026486552639712335,3413,sh605178,2025-12-08,expired
33.31999969482422,-0.03421366746967647,1.0,0.17122430917587605,37.689998626708984,0.17122430917587605,0.13115243012933098,0.06272509518997804,3414,bj920790,2025-12-08,filtered
21.5,-0.10697670870049059,4.0,0.9682291361399835,37.790000915527344,0.9682291361399835,0.7576744611873183,0.7572092455486918,3415,sz000547,2025-12-08,operable_filtered
29.209999084472656,-0.10612798943115953,21.0,0.0,26.75,0.0,0.10510098565720805,-0.09688462897660333,3416,sz002961,2025-12-08,operable_filtered
7.550000190734863,-0.1867550051163679,6.0,0.2980455966611457,7.96999979019165,0.2980455966611457,0.055629084615414826,-0.026490103450292568,3417,sz002585,2025-12-08,operable_filtered
140.82000732421875,-0.0955120286755129,5.0,0.5231215813505663,194.0,0.5231215813505663,0.3776451491963184,0.1717085031824359,3418,sz300475,2025-12-08,operable_filtered
236.0,-0.20105930910272118,21.0,0.0,201.9499969482422,0.0,0.025423728813559254,-0.15677966101694918,3419,sz300394,2025-12-08,operable_filtered
30.510000228881836,-0.1468370864840376,11.0,0.49865529360308414,39.0099983215332,0.49865529360308414,0.2785971166465273,0.1930514996004946,3420,sz300421,2025-12-08,operable_filtered
9.6899995803833,-0.08152734737494982,16.0,0.12359555377726839,10.0,0.12359555377726839,0.33539733134554406,0.0,3421,sz002300,2025-12-08,operable_filtered
30.8799991607666,-0.07577714730679952,5.0,0.3510861995912633,38.560001373291016,0.3510861995912633,0.24870474162065226,0.1402202085940265,3422,sz002240,2025-12-08,score_filtered
140.94000244140625,-0.13225485360267208,21.0,0.0,140.57000732421875,0.0,0.149425267445622,-0.016673804901433886,3423,sh688048,2025-12-08,score_filtered
12.9399995803833,-0.09891806603391529,16.0,0.23670671226418638,14.420000076293945,0.23670671226418638,0.1785162669648459,0.05641425962774416,3424,sz300427,2025-12-08,score_filtered
90.08000183105469,0.0,0.0,1.2300177708650977,200.8800048828125,1.2300177708650977,1.2300177708650977,1.0189830308649994,3425,sz301232,2025-12-08,score_filtered
168.99000549316406,-0.3436298327510723,5.0,0.35232602304528404,150.0,0.35232602304528404,0.11840933698085099,-0.2259897106338108,3426,sh688109,2025-12-08,score_filtered
50.900001525878906,-0.10569746378848144,5.0,0.3222758792051652,60.189998626708984,0.3222758792051652,0.1825146723444948,0.011591358249526174,3427,sz300390,2025-12-08,score_filtered
6.840000152587891,-0.33625733032544836,17.0,0.09691631297742798,4.980000019073486,0.09691631297742798,0.059941496822479845,-0.2733918597485312,3428,sh600734,2025-12-08,score_filtered
119.01000213623047,-0.161078946762777,2.0,0.4715545228158946,146.9199981689453,0.4715545228158946,0.23451807017670956,0.1325098425341975,3429,sz301486,2025-12-09,operable_filtered
29.0,-0.0996551513671875,20.0,0.037150489876661474,27.079999923706055,0.037150489876661474,0.05517242694723201,-0.06965518819874728,3430,sz002961,2025-12-09,operable_filtered
13.270000457763672,-0.12132634173419521,15.0,0.2435677692755902,14.5,0.2435677692755902,0.1492087018789754,0.058779179055329145,3431,sz300427,2025-12-09,operable_filtered
18.5,-0.22162164224160685,5.0,0.15416675552174142,16.6200008392334,0.15416675552174142,0.06648646174250428,-0.12540538890941721,3432,sh603386,2025-12-09,operable_filtered
9.800000190734863,-0.1989796171581576,10.0,0.3414012561652464,10.529999732971191,0.3414012561652464,0.21836728040797793,-0.11734699487983946,3433,sz002682,2025-12-09,score_filtered
25.1200008392334,-0.23049365931884425,10.0,0.2876357727825789,24.889999389648438,0.2876357727825789,0.03742032624620206,-0.03105098171124554,3434,sz301136,2025-12-09,score_filtered
14.640000343322754,-0.06898908505439294,1.0,0.6720470083768708,22.790000915527344,0.6720470083768708,0.5566940151010156,0.5566940151010156,3435,sh600151,2025-12-09,score_filtered
10.170000076293945,-0.31956735256823465,19.0,0.10549133107299657,7.650000095367432,0.10549133107299657,0.051130727648809327,-0.25073748000050267,3436,sz002702,2025-12-09,score_filtered
6.460000038146973,-0.2972136323461525,16.0,0.18942734377543702,5.400000095367432,0.18942734377543702,0.03715166713636853,-0.18730650634702728,3437,sh600734,2025-12-09,score_filtered
186.0,-0.15532257736370125,21.0,0.0,173.27999877929688,0.0,0.093494620374454,-0.07026885658182125,3438,sh688195,2025-12-09,score_filtered
140.0800018310547,-0.3283837764042786,15.0,0.20089286945188212,112.9800033569336,0.20089286945188212,0.0062821592754820355,-0.2093803644179597,3439,sz300959,2025-12-09,score_filtered
30.780000686645508,-0.15432098421170204,10.0,0.49865529360308414,39.0099983215332,0.49865529360308414,0.2673813337001789,0.2069525892504982,3440,sz300421,2025-12-09,score_filtered
97.55999755859375,-0.03239028404871547,0.0,1.2987287764027355,217.0,1.2987287764027355,1.2242722983840948,1.203772092869034,3441,sz301232,2025-12-09,score_filtered
172.89999389648438,-0.3584730937853394,4.0,0.35232602304528404,150.0,0.35232602304528404,0.09311744749484907,-0.24048576078701112,3442,sh688109,2025-12-09,score_filtered
28.110000610351562,-0.11134831021535463,3.0,0.34827865982260886,33.68000030517578,0.34827865982260886,0.19815010935193844,0.08502309988454138,3443,sz001203,2025-12-10,operable_filtered
152.63999938964844,-0.1987683206185088,19.0,0.17309891774889063,143.47000122070312,0.17309891774889063,0.0613207589608149,-0.18776202926700536,3444,sh688048,2025-12-10,operable_filtered
12.149999618530273,-0.26913577010341594,4.0,0.27927922413010786,11.359999656677246,0.27927922413010786,0.041152264666530325,-0.22798350543688573,3445,sz003016,2025-12-10,operable_filtered
122.77999877929688,-0.18683826901352263,1.0,0.4715545228158946,146.9199981689453,0.4715545228158946,0.19661182301395264,0.04487697150690173,3446,sz301486,2025-12-10,operable_filtered
52.900001525878906,-0.13950852278340498,3.0,0.3222758792051652,60.189998626708984,0.3222758792051652,0.13780712458512467,0.03686194502826701,3447,sz300390,2025-12-10,operable_filtered
37.27000045776367,-0.06198018097447655,0.0,2.5500573186649347,124.11000061035156,2.5500573186649347,2.330024123584317,1.696538738009727,3448,bj920576,2025-12-10,operable_filtered
18.0,-0.25,20.0,0.12444446705005796,15.180000305175781,0.12444446705005796,0.023333337571885826,-0.2066666815016005,3449,sz300300,2025-12-10,operable_filtered
67.41000366210938,-0.03575142458364855,0.0,0.1453845684344952,74.44999694824219,0.1453845684344952,0.10443543841683445,0.0473222762010439,3450,sz301285,2025-12-10,operable_filtered
21.860000610351562,-0.16102471909798644,5.0,0.6123227616577585,29.56999969482422,0.6123227616577585,0.3526989418665283,0.16651414858262892,3451,sh603696,2025-12-10,score_filtered
16.399999618530273,-0.23719509025190144,6.0,0.20783368347130726,15.109999656677246,0.20783368347130726,0.036585389964996606,-0.15060971773216703,3452,sz000905,2025-12-10,score_filtered
8.5600004196167,-0.23130845780955056,5.0,0.338905854371901,8.8100004196167,0.338905854371901,0.02920560604495792,-0.19392526201810623,3453,sz002752,2025-12-10,score_filtered
58.310001373291016,-0.13805527117420247,15.0,0.21269404692411742,60.95000076293945,0.21269404692411742,0.17475558886500941,0.023666561840454348,3454,sz300456,2025-12-10,score_filtered
53.0,-0.11811317587798498,3.0,0.5618313517012823,73.0,0.5618313517012823,0.37735849056603765,0.17471694946289062,3455,sh688682,2025-12-10,score_filtered
7.28000020980835,-0.2431318585048653,12.0,0.5353901427811358,8.460000038146973,0.5353901427811358,0.1620878838367077,0.10439556732714506,3456,sh600828,2025-12-10,score_filtered
33.97999954223633,-0.03560915540827647,15.0,0.34574299231275063,44.099998474121094,0.34574299231275063,0.29782222095988686,0.17010002522549983,3457,bj920790,2025-12-10,score_filtered
22.34000015258789,-0.08504922137657978,16.0,0.20547939069730847,24.639999389648438,0.20547939069730847,0.10295430713298859,-0.005371568416014383,3458,sz001267,2025-12-10,score_filtered
163.7100067138672,-0.0703683574614693,5.0,0.5761876669603658,239.8800048828125,0.5761876669603658,0.46527392978533966,0.3641805184297102,3459,sz300751,2025-12-10,score_filtered
32.34000015258789,-0.19511439196568614,9.0,0.49865529360308414,39.0099983215332,0.49865529360308414,0.20624607722556143,0.030303016005332584,3460,sz300421,2025-12-10,score_filtered
26.0,-0.038461538461538436,1.0,1.1052000427246096,52.630001068115234,1.1052000427246096,1.0242308103121243,0.7865384908822866,3461,sz002149,2025-12-10,score_filtered
13.020000457763672,-0.23195087185752605,16.0,0.14700002670288081,11.470000267028809,0.14700002670288081,0.1013824614758072,-0.11904762951145798,3462,sz002235,2025-12-11,expired
8.0,-0.018750011920928955,0.0,0.8649682192585966,14.640000343322754,0.8649682192585966,0.8300000429153442,0.48249995708465576,3463,sh603601,2025-12-11,operable_filtered
87.19000244140625,-0.10540202069133042,8.0,1.0112821138822117,156.8800048828125,1.0112821138822117,0.7992889148986959,0.6745039099880226,3464,bj920116,2025-12-11,operable_filtered
15.0,-0.07999998728434243,14.0,0.2579710413342484,17.360000610351562,0.2579710413342484,0.3300000508626302,0.03599999745686855,3465,bj920665,2025-12-11,operable_filtered
14.0,-0.040714263916015625,0.0,0.7036484468245983,22.8799991607666,0.7036484468245983,0.6342856543404716,0.21571431841169075,3466,sh600693,2025-12-11,operable_filtered
10.199999809265137,-0.161764671508278,11.0,0.4081870986272109,12.039999961853027,0.4081870986272109,0.18039217519558504,0.049019608759779176,3467,sz002713,2025-12-11,operable_filtered
12.59000015258789,-0.10802228704278549,2.0,1.4683882852442545,27.719999313354492,1.4683882852442545,1.2017473373625505,0.6052421635847609,3468,sh603778,2025-12-11,score_filtered
36.470001220703125,-0.039758725374440695,7.0,0.4528840777566443,50.880001068115234,0.4528840777566443,0.3951192587082204,0.3432958606718217,3469,sh600343,2025-12-11,score_filtered
38.34000015258789,-0.09989571767897265,8.0,0.7328311256319924,59.79999923706055,0.7328311256319924,0.5597287167205225,0.3111632826733446,3470,bj920640,2025-12-11,score_filtered
30.8700008392334,-0.015225176803551954,1.0,0.7105263372537505,52.0,0.7105263372537505,0.68448327134193,0.5354713390754802,3471,bj920092,2025-12-11,score_filtered
12.600000381469727,-0.18095242996965344,3.0,0.42151167733574435,14.670000076293945,0.42151167733574435,0.16428568509160346,0.022222200356674104,3472,sh600330,2025-12-11,score_filtered
11.079999923706055,-0.2599278099523318,14.0,0.46219512804996965,11.989999771118164,0.46219512804996965,0.0821299506929718,0.012635410134184122,3473,bj920575,2025-12-11,score_filtered
12.479999542236328,-0.06570510616198955,13.0,0.35162953989057777,15.760000228881836,0.35162953989057777,0.26282057748038623,0.26282057748038623,3474,sz300427,2025-12-11,score_filtered
70.23999786376953,-0.06904895531927069,2.0,0.28460010374763245,84.0,0.28460010374763245,0.19589980858083167,0.09339415415005292,3475,sz003031,2025-12-11,score_filtered
11.470000267028809,-0.027898922497708756,12.0,0.34439464430170585,14.989999771118164,0.34439464430170585,0.306887482313998,0.18918919143635415,3476,bj920414,2025-12-11,score_filtered
12.600000381469727,-0.0785714837158602,12.0,0.06718352366159697,12.390000343322754,0.06718352366159697,0.09523807721703914,-0.048412745387584555,3477,bj920445,2025-12-11,score_filtered
12.789999961853027,-0.030492599256134012,0.0,0.173387148253753,14.550000190734863,0.173387148253753,0.13760752416975341,0.0922596019308215,3478,bj920719,2025-12-11,score_filtered
15.15999984741211,-0.17480208741444292,5.0,0.20783368347130726,15.109999656677246,0.20783368347130726,0.007255977009151593,-0.11279683742469682,3479,sz000905,2025-12-11,score_filtered
12.770000457763672,-0.2169146717672682,15.0,0.20399999618530273,12.039999961853027,0.20399999618530273,0.04150350148570059,-0.12529368238957173,3480,sz002235,2025-12-12,expired
24.559999465942383,-0.1811888824249236,12.0,0.4296369531287345,28.75,0.4296369531287345,0.17060263131796627,-0.02524425673316988,3481,bj920299,2025-12-12,expired
8.84000015258789,-0.049773815210716665,2.0,0.7428572628773855,14.640000343322754,0.7428572628773855,0.656108607536271,0.20701356245682034,3482,sh603601,2025-12-12,operable_filtered
30.850000381469727,-0.11636953349097034,7.0,0.39398384743002257,38.0,0.39398384743002257,0.23176659741064287,0.009076135359306514,3483,bj920961,2025-12-12,operable_filtered
14.510000228881836,-0.1585113821126456,7.0,0.44144146818043395,17.600000381469727,0.44144146818043395,0.21295658882467228,-0.06133703165291671,3484,sz300265,2025-12-12,operable_filtered
89.30000305175781,-0.126539783489239,7.0,1.0112821138822117,156.8800048828125,1.0112821138822117,0.7567749106557775,0.29227320920687627,3485,bj920116,2025-12-12,operable_filtered
26.0,-0.11153844686654901,1.0,0.5025973381505306,34.709999084472656,0.5025973381505306,0.3349999647874098,-0.08269229302039516,3486,bj920407,2025-12-12,operable_filtered
112.27999877929688,-0.14677588089338123,6.0,1.2651356272166456,217.0,1.2651356272166456,0.932668350188941,0.4607231589770686,3487,sz301232,2025-12-12,score_filtered
12.65999984741211,-0.41153239343932324,14.0,0.3422819135597257,10.0,0.3422819135597257,0.018957328120918104,-0.2938388871931331,3488,sz001330,2025-12-12,score_filtered
15.3100004196167,-0.09862835973192219,13.0,0.2579710413342484,17.360000610351562,0.2579710413342484,0.30306990307965775,-0.04310913017616691,3489,bj920665,2025-12-12,score_filtered
73.5999984741211,-0.11154890291688557,1.0,0.28460010374763245,84.0,0.28460010374763245,0.14130437148766672,0.04157615830745187,3490,sz003031,2025-12-12,score_filtered
45.380001068115234,-0.08880569632303714,11.0,0.2931076951349185,53.470001220703125,0.2931076951349185,0.1782723658477845,0.016747428462869474,3491,sz301286,2025-12-12,score_filtered
13.869999885559082,-0.15933670197416083,12.0,0.35162953989057777,15.760000228881836,0.35162953989057777,0.1362653467135606,0.011535677630300167,3492,sz300427,2025-12-12,score_filtered
24.989999771118164,-0.36374550763675995,12.0,0.14150943735733112,18.149999618530273,0.14150943735733112,0.04921967000807581,-0.30212082057665124,3493,sh603709,2025-12-12,score_filtered
55.15999984741211,-0.22625089878099125,12.0,0.40112462065302834,59.79999923706055,0.40112462065302834,0.08411891592610532,-0.03353876865914984,3494,sh688719,2025-12-12,score_filtered
25.40999984741211,-0.08579300740915996,7.0,0.27808872660870443,29.690000534057617,0.27808872660870443,0.1684376510172001,-0.025186910408959262,3495,sz300445,2025-12-12,score_filtered
21.420000076293945,-0.12885155084272837,1.0,0.7416934761929974,32.5,0.7416934761929974,0.5172735706928671,0.2740429887173472,3496,sh600105,2025-12-12,score_filtered
64.19999694824219,-0.09766350375563504,4.0,0.6052131429984007,92.98999786376953,0.6052131429984007,0.44844240317858186,0.29065427646597874,3497,sh603163,2025-12-12,score_filtered
67.0,-0.047014948147446334,0.0,0.9437745274286,124.11000061035156,0.9437745274286,0.8523880688112173,0.4044775891659864,3498,bj920576,2025-12-15,expired
19.0,-0.27368420048763875,12.0,0.2579710413342484,17.360000610351562,0.2579710413342484,0.0,-0.22789473282663442,3499,bj920665,2025-12-15,traded
9.0,-0.06666670905219185,1.0,0.7428572628773855,14.640000343322754,0.7428572628773855,0.6266667048136394,0.10111109415690112,3500,sh603601,2025-12-15,expired
20.68000030517578,-0.13926503992335193,2.0,0.6410112548575779,29.209999084472656,0.6410112548575779,0.4124757569351676,0.054642124956051585,3501,sz002639,2025-12-15,expired
88.9000015258789,-0.12260968885029666,6.0,1.0112821138822117,156.8800048828125,1.0112821138822117,0.7646794397089467,0.30821148543965693,3502,bj920116,2025-12-15,operable_filtered
5.039999961853027,-0.2142857007699217,11.0,0.24747474990734197,4.940000057220459,0.24747474990734197,0.007936500427734305,-0.18650794927285175,3503,sh600408,2025-12-15,operable_filtered
12.9399995803833,-0.22720244789190436,14.0,0.20399999618530273,12.039999961853027,0.20399999618530273,0.0007728152400403587,-0.1924265727869836,3504,sz002235,2025-12-15,operable_filtered
66.0,-0.1083333564527107,3.0,0.551232001402201,91.29000091552734,0.551232001402201,0.3831818320534446,0.31060606060606055,3505,sh688720,2025-12-15,operable_filtered
9.59000015258789,-0.1418144513777262,11.0,0.21385180155229921,9.989999771118164,0.21385180155229921,0.05943688068351105,-0.05213764254894959,3506,sz300423,2025-12-15,operable_filtered
9.899999618530273,-0.2242424116902365,21.0,0.0,8.109999656677246,0.0,0.07575757867668909,-0.21010096232485387,3507,sz000609,2025-12-15,operable_filtered
16.5,-0.1933333079020182,6.0,0.7580765500234405,23.399999618530273,0.7580765500234405,0.4181817950624409,-0.045454545454545414,3508,sz002565,2025-12-15,operable_filtered
22.65999984741211,-0.11253306505877003,11.0,0.4296369531287345,28.75,0.4296369531287345,0.2687555248718769,0.05339810238169429,3509,bj920299,2025-12-15,operable_filtered
10.739999771118164,-0.3379888002759085,21.0,0.0,7.400000095367432,0.0,0.0,-0.3324022133058704,3510,sz002682,2025-12-15,score_filtered
26.8799991607666,-0.09040172893211673,2.0,0.3120654736207842,32.08000183105469,0.3120654736207842,0.19345248633332868,0.00930059552847351,3511,bj920943,2025-12-15,score_filtered
47.65999984741211,-0.1323961685583942,10.0,0.32962518914349115,54.97999954223633,0.32962518914349115,0.15358790848216275,0.11791856797897005,3512,sz301286,2025-12-15,score_filtered
10.170000076293945,-0.19370700612095737,12.0,0.46219512804996965,11.989999771118164,0.46219512804996965,0.17895768743076013,-0.035398196064560294,3513,bj920575,2025-12-15,score_filtered
23.850000381469727,-0.15974840272550117,12.0,0.15169655036409035,23.079999923706055,0.15169655036409035,0.004612104873943368,-0.1270440519153898,3514,sh688670,2025-12-15,score_filtered
37.18000030517578,-0.17966649409214408,20.0,0.05901636842821456,32.29999923706055,0.05901636842821456,0.08660573411170391,-0.13986015923231632,3515,bj920857,2025-12-15,score_filtered
76.0,-0.13723684612073395,12.0,0.8927863533320743,124.11000061035156,0.8927863533320743,0.6330263238204152,0.3073684290835732,3516,bj920576,2025-12-16,expired
16.549999237060547,-0.16616309203009438,11.0,0.2579710413342484,17.360000610351562,0.2579710413342484,0.06525679598145251,-0.10876128821986852,3517,bj920665,2025-12-16,operable_filtered
6.429999828338623,-0.21617416852167204,11.0,0.23015870162539032,6.199999809265137,0.23015870162539032,0.2161742426798634,-0.16640742198910508,3518,sz000890,2025-12-16,operable_filtered
39.0,-0.08076926989433098,1.0,0.5285913966389377,54.79999923706055,0.5285913966389377,0.405128185565655,0.07435901348407459,3519,bj920092,2025-12-16,operable_filtered
17.760000228881836,-0.1272522634997807,5.0,1.0800001082881803,32.2400016784668,1.0800001082881803,0.8153153864287206,0.49380632571736327,3520,sh600879,2025-12-16,operable_filtered
11.199999809265137,-0.10714284193759038,13.0,0.20399999618530273,12.039999961853027,0.20399999618530273,0.07500001490116137,-0.08303565779814814,3521,sz002235,2025-12-16,operable_filtered
150.2100067138672,-0.06690634846253563,20.0,0.09803074968161862,153.89999389648438,0.09803074968161862,0.45143462171441096,-0.053591656294191825,3522,sh605255,2025-12-16,score_filtered
26.229999542236328,-0.06786118224785587,1.0,0.3120654736207842,32.08000183105469,0.3120654736207842,0.22302715939428475,0.025162022833792097,3523,bj920943,2025-12-16,score_filtered
16.799999237060547,-0.1398809246735766,5.0,0.5778546393088191,22.799999237060547,0.5778546393088191,0.35714287336180894,-0.023809502184254927,3524,sh600151,2025-12-16,score_filtered
29.139999389648438,-0.06451610158353138,5.0,0.39398384743002257,38.0,0.39398384743002257,0.30404944392342537,0.04426907833037208,3525,bj920961,2025-12-16,score_filtered
96.9800033569336,0.0,0.0,0.753454291251064,170.0500030517578,0.753454291251064,0.753454291251064,0.36626103746702854,3526,sz301306,2025-12-16,score_filtered
23.209999084472656,-0.1331322002208284,11.0,0.24353873827755623,25.020000457763672,0.24353873827755623,0.07798368999083216,0.07798368999083216,3527,bj920726,2025-12-16,score_filtered
31.489999771118164,-0.1835503565784964,11.0,0.30649557949126094,33.59000015258789,0.30649557949126094,0.09780882648754274,-0.1705302944082583,3528,sz300997,2025-12-16,score_filtered
89.0,0.0,0.0,1.576292059394751,229.2899932861328,1.576292059394751,1.576292059394751,1.13146063986789,3529,sh688031,2025-12-16,score_filtered
88.4000015258789,-0.017420824535580026,0.0,0.9456596685754499,169.0,0.9456596685754499,0.9117646728832423,0.6641402496727948,3530,sh603929,2025-12-16,score_filtered
19.09000015258789,-0.08590882014351975,11.0,0.36790829774224587,23.8700008392334,0.36790829774224587,0.250392909818679,0.05238344641209647,3531,bj920184,2025-12-16,score_filtered
16.079999923706055,-0.17226365156915602,5.0,0.7580765500234405,23.399999618530273,0.7580765500234405,0.4552238637782988,-0.01368160871098456,3532,sz002565,2025-12-16,score_filtered
28.290000915527344,-0.0194415385864235,1.0,0.178442642265072,32.689998626708984,0.178442642265072,0.15553190416358897,0.07458461062985777,3533,bj920491,2025-12-16,score_filtered
32.0,-0.050000011920928955,11.0,0.19177631568627995,36.22999954223633,0.19177631568627995,0.13218748569488525,0.09812498092651367,3534,bj920942,2025-12-16,score_filtered
78.9000015258789,-0.1689480554278886,11.0,0.8927863533320743,124.11000061035156,0.8927863533320743,0.5730037795961758,0.22534852262918026,3535,bj920576,2025-12-17,filtered
24.0,-0.11999996503194177,21.0,0.0,22.8799991607666,0.0,0.20749998092651367,-0.11666663487752282,3536,bj920223,2025-12-17,expired
23.290000915527344,-0.13610991634528102,10.0,0.41650093495154605,28.5,0.41650093495154605,0.22370111119227865,0.056247291302981894,3537,bj920726,2025-12-17,operable_filtered
25.0,-0.07999999999999996,11.0,0.20000001658564037,27.600000381469727,0.20000001658564037,0.10400001525878899,-0.0727999877929687,3538,bj920171,2025-12-17,operable_filtered
18.5,-0.03783787907780822,0.0,0.6410112548575779,29.209999084472656,0.6410112548575779,0.5789188694309544,0.1286486032846812,3539,sz002639,2025-12-17,operable_filtered
9.869999885559082,-0.22391084739326605,20.0,0.0979112291044475,8.40999984741211,0.0979112291044475,0.07902732948481783,-0.18642352319375577,3540,sz000609,2025-12-17,operable_filtered
25.68000030517578,-0.08099688080170442,13.0,0.16949152268407275,27.600000381469727,0.16949152268407275,0.3516354623047604,-0.025311511324213942,3541,bj920407,2025-12-17,operable_filtered
12.789999961853027,-0.043002360623555336,0.0,1.2647058686033112,27.719999313354492,1.2647058686033112,1.1673181701353492,0.45426117567985824,3542,sh603778,2025-12-17,score_filtered
17.709999084472656,-0.18407676136277962,4.0,0.5778546393088191,22.799999237060547,0.5778546393088191,0.2874082674036149,-0.08356858378010457,3543,sh600151,2025-12-17,score_filtered
6.5,-0.2246153904841497,10.0,0.23015870162539032,6.199999809265137,0.23015870162539032,0.0323076981764574,-0.18923077216515172,3544,sz000890,2025-12-17,score_filtered
58.63999938964844,-0.06514324240423774,1.0,0.33144834494883835,72.98999786376953,0.33144834494883835,0.24471348266511517,-0.047407892364126125,3545,sz301292,2025-12-17,score_filtered
16.809999465942383,-0.10113027146189935,3.0,0.22435475978483432,18.5,0.22435475978483432,0.10053543056212555,0.03866743838078013,3546,sz300551,2025-12-17,score_filtered
27.809999465942383,-0.07551242077661668,10.0,0.30649557949126094,33.59000015258789,0.30649557949126094,0.2430780423840171,-0.031643264209490374,3547,sz300997,2025-12-17,score_filtered
35.220001220703125,-0.07978424974157106,1.0,0.7272446715764562,55.97999954223633,0.7272446715764562,0.5894377513346025,0.14423616809448836,3548,sz002759,2025-12-17,score_filtered
142.1999969482422,-0.16511952342787528,21.0,0.0,128.3000030517578,0.0,0.13924053077838394,-0.14964837718697244,3549,sh688048,2025-12-17,score_filtered
25.5,-0.20000001495959707,21.0,0.0,20.799999237060547,0.0,0.05411761414770977,-0.19725492888805918,3550,bj920765,2025-12-17,score_filtered
99.80000305175781,-0.07134271071003362,2.0,1.4739964666716552,229.2899932861328,1.4739964666716552,1.297494852452254,0.9566132094323776,3551,sh688031,2025-12-17,score_filtered
29.1200008392334,-0.048076974091040614,3.0,0.2655123629153342,35.08000183105469,0.2655123629153342,0.20467035783156207,-0.025068730375908177,3552,bj920662,2025-12-17,score_filtered
45.58000183105469,-0.1360245834548267,21.0,0.0,40.220001220703125,0.0,0.053751576345329344,-0.1338306723073076,3553,bj920651,2025-12-17,score_filtered
4.880000114440918,-0.1311476082610863,4.0,0.6816038913512981,7.130000114440918,0.6816038913512981,0.4610655629580398,0.09426230068842378,3554,sh603843,2025-12-17,score_filtered
83.0,-0.2100000036768166,10.0,0.8927863533320743,124.11000061035156,0.8927863533320743,0.49530121217291034,0.11650600203548578,3555,bj920576,2025-12-18,filtered
34.0,-0.30588234172147866,12.0,0.16949152268407275,27.600000381469727,0.16949152268407275,0.0,-0.2835293938131893,3556,bj920407,2025-12-18,expired
3.2899999618530273,-0.3191489253771579,21.0,0.0,2.240000009536743,0.0,0.10030392934113852,-0.3191489253771579,3557,sh600696,2025-12-18,filtered
77.87999725341797,-0.14458134185850613,3.0,1.1468027375576573,143.02000427246094,1.1468027375576573,0.8364151170560568,0.8364151170560568,3558,sz001270,2025-12-18,operable_filtered
24.34000015258789,-0.13722268412692562,21.0,0.0,21.479999542236328,0.0,0.19063267709778953,-0.12818409283788246,3559,bj920223,2025-12-18,operable_filtered
26.6200008392334,-0.16641623461734478,7.0,0.4073906620373422,31.229999542236328,0.4073906620373422,0.19346354080275008,-0.11419988052918817,3560,bj920885,2025-12-18,operable_filtered
37.7599983215332,-0.19226691324806233,17.0,0.08065570768762798,32.959999084472656,0.08065570768762798,0.06991534220593976,-0.14221396108543904,3561,bj920857,2025-12-18,operable_filtered
86.98999786376953,-0.10334519007401621,3.0,1.0112821138822117,156.8800048828125,1.0112821138822117,0.8034257815305852,0.22140478916199702,3562,bj920116,2025-12-18,operable_filtered
16.5,-0.17818179275050305,21.0,0.0,14.029999732971191,0.0,0.40000002311937743,-0.17030305573434545,3563,sh600865,2025-12-18,operable_filtered
105.5999984741211,-0.12234846927683962,1.0,1.4739964666716552,229.2899932861328,1.4739964666716552,1.1713067859780684,0.9299242992101193,3564,sh688031,2025-12-18,score_filtered
27.0,-0.06740739610460067,3.0,0.23431292879363164,31.079999923706055,0.23431292879363164,0.18814821596498832,-0.05555555555555558,3565,bj920943,2025-12-18,score_filtered
118.01000213623047,-0.16041013441659835,3.0,0.716289865857259,170.0500030517578,0.716289865857259,0.4409795777772505,-0.014744559458234718,3566,sz301306,2025-12-18,score_filtered
18.850000381469727,-0.23342177629502647,3.0,0.5778546393088191,22.799999237060547,0.5778546393088191,0.20954900666600618,-0.1734748218349219,3567,sh600151,2025-12-18,score_filtered
67.0,-0.2498507713203999,9.0,0.3048150422034106,65.58000183105469,0.3048150422034106,0.011492487209946445,-0.17208953401935634,3568,sz300456,2025-12-18,score_filtered
10.649999618530273,-0.2807511622738247,19.0,0.0979112291044475,8.40999984741211,0.0979112291044475,0.0,-0.24600938773748504,3569,sz000609,2025-12-18,score_filtered
24.15999984741211,-0.05298016120569693,21.0,0.0,23.479999542236328,0.0,0.14238412896455754,-0.050496660639887,3570,bj920171,2025-12-18,score_filtered
16.299999237060547,-0.15337418180005513,9.0,0.2579710413342484,17.360000610351562,0.2579710413342484,0.08159509116307784,-0.10797542071081156,3571,bj920665,2025-12-18,score_filtered
96.05999755859375,-0.09431602944885997,1.0,0.9425287356321839,169.0,0.9425287356321839,0.759317138197042,0.5224859849782095,3572,sh603929,2025-12-18,score_filtered
45.0,-0.15111109415690105,2.0,1.4790574622217654,94.69999694824219,1.4790574622217654,1.1044443766276042,0.3188888549804687,3573,sh688523,2025-12-18,score_filtered
89.0,-0.26325843039523344,9.0,0.8927863533320743,124.11000061035156,0.8927863533320743,0.3944943888803547,0.2078651685393258,3574,bj920576,2025-12-19,filtered
28.770000457763672,-0.17970107730390406,11.0,0.16949152268407275,27.600000381469727,0.16949152268407275,0.0344108361267339,-0.11991660438116047,3575,bj920407,2025-12-19,expired
22.360000610351562,-0.18381039795002674,7.0,0.6306849440483198,29.760000228881836,0.6306849440483198,0.33094809555168103,0.03622537763113454,3576,sz301408,2025-12-19,expired
8.720000267028809,-0.05963307819265162,8.0,0.46219512804996965,11.989999771118164,0.46219512804996965,0.3749999316460517,0.12041286222261016,3577,bj920575,2025-12-19,operable_filtered
27.549999237060547,-0.0860253719606866,2.0,0.23431292879363164,31.079999923706055,0.23431292879363164,0.12813069997827498,0.034482787268520276,3578,bj920943,2025-12-19,operable_filtered
45.310001373291016,-0.0075038654222665535,6.0,0.37158102359089473,61.68000030517578,0.37158102359089473,0.3612888641741341,0.18075476447760086,3579,sz301148,2025-12-19,operable_filtered
26.81999969482422,-0.17263233458052984,6.0,0.4073906620373422,31.229999542236328,0.4073906620373422,0.16442952638299846,-0.08612973498236731,3580,bj920885,2025-12-19,operable_filtered
20.200000762939453,-0.09900989725056653,7.0,0.604944937362464,29.209999084472656,0.604944937362464,0.4460395040213896,0.12821782449333918,3581,sz002639,2025-12-19,score_filtered
10.15999984741211,-0.11318894053164719,19.0,0.1265260111752422,10.149999618530273,0.1265260111752422,0.4409449373221952,-0.0009842745110260065,3582,sh603601,2025-12-19,score_filtered
21.8799991607666,-0.06764166357419887,2.0,0.39656864234641276,28.489999771118164,0.39656864234641276,0.3021024160825412,0.20978063659245016,3583,bj920751,2025-12-19,score_filtered
22.200000762939453,-0.022072146920138924,0.0,0.8724091773431923,40.650001525878906,0.8724091773431923,0.8310810868862568,0.2279278960381621,3584,sz000547,2025-12-19,score_filtered
29.190000534057617,-0.10414528468337658,6.0,0.30019122355577776,34.0,0.30019122355577776,0.1647824384357337,-0.009249758575668676,3585,bj920075,2025-12-19,score_filtered
23.809999465942383,-0.039059232508847574,20.0,0.026660866814958606,23.489999771118164,0.026660866814958606,0.15917685848538254,-0.026039434934536976,3586,bj920171,2025-12-19,score_filtered
18.3700008392334,-0.2618399673310753,20.0,0.03466071525149528,14.029999732971191,0.03466071525149528,0.25748499325782914,-0.2411541130356838,3587,sh600865,2025-12-19,score_filtered
15.970000267028809,-0.1358797770826632,8.0,0.2579710413342484,17.360000610351562,0.2579710413342484,0.08703821666130507,-0.03569196236491878,3588,bj920665,2025-12-19,score_filtered
119.0,-0.16739494259617904,2.0,0.716289865857259,170.0500030517578,0.716289865857259,0.42899162228367915,0.004117629107307064,3589,sz301306,2025-12-19,score_filtered
36.16999816894531,-0.15675970295772468,16.0,0.08131146040119108,32.97999954223633,0.08131146040119108,0.11694784548165593,-0.08930051716202536,3590,bj920857,2025-12-19,score_filtered
47.59000015258789,-0.18029001478345485,21.0,0.0,39.689998626708984,0.0,0.00021009290819806736,-0.17482663727984427,3591,bj920651,2025-12-19,score_filtered
6.0,-0.24833329518636071,7.0,0.1219511498858763,5.059999942779541,0.1219511498858763,0.08333333333333326,-0.20666662851969397,3592,bj920023,2025-12-22,expired
8.850000381469727,-0.07344638917367408,7.0,0.46219512804996965,11.989999771118164,0.46219512804996965,0.3548021756273614,0.12542368461377484,3593,bj920575,2025-12-22,operable_filtered
3.450000047683716,-0.38260867101408547,20.0,0.13145537856614853,2.4100000858306885,0.13145537856614853,0.04927531464514101,-0.33043480844864215,3594,sh600696,2025-12-22,operable_filtered
27.549999237060547,-0.19455531221186395,5.0,0.4073906620373422,31.229999542236328,0.4073906620373422,0.13357533238060526,-0.06642468146584624,3595,bj920885,2025-12-22,operable_filtered
37.869998931884766,-0.06337464427972173,19.0,0.22808006411530424,43.560001373291016,0.22808006411530424,0.3897544904286554,0.150250926904979,3596,sz002149,2025-12-22,operable_filtered
20.799999237060547,-0.09134613885681953,6.0,0.2243386167564314,23.139999389648438,0.2243386167564314,0.11250001146243216,0.029326953496454422,3597,bj920363,2025-12-22,operable_filtered
4.46999979019165,-0.05145414538456283,1.0,0.6816038913512981,7.130000114440918,0.6816038913512981,0.595078400246462,0.3333334044499896,3598,sh603843,2025-12-22,operable_filtered
32.66999816894531,-0.17355367268844746,19.0,0.04074075486924911,28.100000381469727,0.04074075486924911,0.32353854000423166,-0.14661766993093606,3599,bj920274,2025-12-22,operable_filtered
26.5,-0.04981130923864974,1.0,0.23431292879363164,31.079999923706055,0.23431292879363164,0.17283018580022858,0.13660380525409055,3600,bj920943,2025-12-22,score_filtered
10.699999809265137,-0.15794388883258947,18.0,0.22086567375871513,11.0,0.22086567375871513,0.3682243555411999,0.0,3601,sh603601,2025-12-22,score_filtered
83.30000305175781,-0.0057623450101838,7.0,0.47669649242223877,122.30000305175781,0.47669649242223877,0.46818725775757364,0.41380543011374127,3602,sz301338,2025-12-22,score_filtered
18.90999984741211,-0.03754622370183791,0.0,0.579670263450947,28.75,0.579670263450947,0.5203596103642762,0.26916976169539586,3603,sz002703,2025-12-22,score_filtered
13.399999618530273,-0.020149217296691946,0.0,1.1111956642610297,27.719999313354492,1.1111956642610297,1.0686567240660003,0.13880601964939232,3604,sh603778,2025-12-22,score_filtered
28.950000762939453,-0.0967185171198206,5.0,0.30019122355577776,34.0,0.30019122355577776,0.1744386564412579,0.015544001510593652,3605,bj920075,2025-12-22,score_filtered
2.0799999237060547,-0.014423063697193705,0.0,0.18536591379505052,2.430000066757202,0.18536591379505052,0.16826930571590215,0.1201923121009354,3606,sh600355,2025-12-22,score_filtered
124.94999694824219,-0.15702277388061603,14.0,0.19149338097702895,125.5,0.19149338097702895,0.05242099409150858,-0.09899956317975345,3607,sh601869,2025-12-22,score_filtered
17.0,-0.06352940727682677,0.0,0.7770100992432307,28.290000915527344,0.7770100992432307,0.6641177009133732,0.03588238884420947,3608,sz002788,2025-12-22,score_filtered
28.809999465942383,-0.1808399576900942,9.0,0.16949152268407275,27.600000381469727,0.16949152268407275,0.027421066649488735,-0.1270392195507939,3609,bj920407,2025-12-23,expired
35.9900016784668,-0.24979164376770813,18.0,0.04074075486924911,28.100000381469727,0.04074075486924911,0.20144483639570798,-0.24562383016574274,3610,bj920274,2025-12-23,filtered
72.5999984741211,-0.09683194114394889,7.0,0.8927863533320743,124.11000061035156,0.8927863533320743,0.7095041765681533,0.3501377231847531,3611,bj920576,2025-12-23,filtered
23.5,-0.05574465812520779,4.0,0.4073906620373422,31.229999542236328,0.4073906620373422,0.3289361507334607,0.033617060235206164,3612,bj920885,2025-12-23,operable_filtered
3.440000057220459,-0.38081393052011425,19.0,0.13145537856614853,2.4100000858306885,0.13145537856614853,0.040697634929319326,-0.3633720869789775,3613,sh600696,2025-12-23,operable_filtered
89.62000274658203,-0.07587595228027544,6.0,0.588988246660666,131.60000610351562,0.588988246660666,0.4684222502831228,0.3774826284855295,3614,sz301338,2025-12-23,score_filtered
8.619999885559082,-0.2436194817300006,18.0,0.11503067518313426,7.269999980926514,0.11503067518313426,0.009280733731803936,-0.17517398748164148,3615,sz000566,2025-12-23,score_filtered
147.1999969482422,-0.1778532666300331,19.0,0.2117831595137991,146.64999389648438,0.2117831595137991,0.48111419016618706,-0.010665707187356266,3616,sh605255,2025-12-23,score_filtered
26.200000762939453,-0.19847330578306632,18.0,0.05857140677315842,22.229999542236328,0.05857140677315842,0.04809153758939977,-0.1877862569856642,3617,bj920223,2025-12-23,score_filtered
37.849998474121094,-0.19418755007735222,14.0,0.14098358154296875,34.79999923706055,0.14098358154296875,0.06737128545728499,-0.17384407613269304,3618,bj920857,2025-12-23,score_filtered
36.70000076293945,-0.03351497320616981,18.0,0.28559337199868184,45.599998474121094,0.28559337199868184,0.4340599447960307,0.18664845590516688,3619,sz002149,2025-12-23,score_filtered
15.800000190734863,-0.29873419050948,18.0,0.1498194818449845,12.739999771118164,0.1498194818449845,0.1417721960602265,-0.27721519377002,3620,sz300300,2025-12-23,score_filtered
40.0,-0.08275003433227535,5.0,0.4935950201199555,54.79999923706055,0.4935950201199555,0.36999998092651376,0.03750000000000009,3621,bj920092,2025-12-23,score_filtered
22.799999237060547,-0.12982452559302227,2.0,0.4289314598504077,28.350000381469727,0.4289314598504077,0.24342111097038366,0.18070179724113733,3622,sz002853,2025-12-23,score_filtered
5.010000228881836,-0.09980039464221602,6.0,0.1219511498858763,5.059999942779541,0.1219511498858763,0.06786420363629708,-0.07584832277058173,3623,bj920023,2025-12-23,score_filtered
18.229999542236328,-0.25617110476606986,18.0,0.05899699205784836,14.359999656677246,0.05899699205784836,0.2671421262491145,-0.2408118211674899,3624,sh600865,2025-12-23,score_filtered
13.890000343322754,-0.02807777780295273,0.0,1.0533332824707031,27.719999313354492,1.0533332824707031,0.9956802468100832,-0.005039643395846727,3625,sh603778,2025-12-23,score_filtered
10.619999885559082,-0.08003761176600643,6.0,0.15046051632335034,11.239999771118164,0.15046051632335034,0.05838040416574275,-0.03013179833074664,3626,bj920786,2025-12-23,score_filtered
110.56999969482422,-0.16903321419002526,5.0,0.8393557363075905,169.0,0.8393557363075905,0.528443524160658,0.2299900549458549,3627,sh603929,2025-12-23,score_filtered
39.400001525878906,-0.3299492742103044,21.0,0.0,27.149999618530273,0.0,0.09746192903230422,-0.3144670258162048,3628,bj920274,2025-12-24,filtered
24.549999237060547,-0.09613029638877901,3.0,0.4073906620373422,31.229999542236328,0.4073906620373422,0.2720977805608926,-0.007331910526311658,3629,bj920885,2025-12-24,filtered
15.180000305175781,-0.10869568768335303,4.0,0.20473019650836788,16.299999237060547,0.20473019650836788,0.20882740530730426,0.02239790156472954,3630,sz000551,2025-12-24,expired
77.25,-0.15119741495373185,6.0,0.8927863533320743,124.11000061035156,0.8927863533320743,0.606601949648564,0.292686092043386,3631,bj920576,2025-12-24,operable_filtered
128.99000549316406,-0.1834250922902958,12.0,0.21522830888493782,128.0,0.21522830888493782,0.007752538626358829,-0.018528621732399442,3632,sh601869,2025-12-24,operable_filtered
9.210000038146973,-0.10966343373490861,5.0,0.48780488939529265,12.199999809265137,0.48780488939529265,0.3246470964966188,0.2692724790406513,3633,bj920575,2025-12-24,operable_filtered
27.190000534057617,-0.06951089591299175,6.0,0.21818184285467224,30.81999969482422,0.21818184285467224,0.1430672788982077,-0.004045627370024452,3634,bj920943,2025-12-24,operable_filtered
20.149999618530273,-0.21538457970601843,21.0,0.0,16.649999618530273,0.0,0.24218368042188465,-0.17766749337373822,3635,sz002163,2025-12-24,score_filtered
41.470001220703125,-0.2970822580063567,18.0,0.2452830089913658,36.29999923706055,0.2452830089913658,0.2269110096556819,-0.17675431915336715,3636,sh600343,2025-12-24,score_filtered
157.0,-0.22917199590403559,18.0,0.2394645856949289,150.0,0.2394645856949289,0.38866244759529267,-0.08331211357359669,3637,sh605255,2025-12-24,score_filtered
20.06999969482422,-0.027404048102820044,0.0,0.47284832611596017,28.75,0.47284832611596017,0.4324863197389204,0.10712504490394825,3638,sz002703,2025-12-24,score_filtered
24.5,-0.008163296446508261,0.0,0.6728396214878294,40.650001525878906,0.6728396214878294,0.6591837357501595,0.13183671600964608,3639,sz000547,2025-12-24,score_filtered
72.27999877929688,-0.15592142567926737,21.0,0.0,64.75,0.0,0.13447705291726186,-0.10888205935390383,3640,sz301123,2025-12-24,score_filtered
5.050000190734863,-0.11089116801304699,21.0,0.0,4.630000114440918,0.0,0.04950494862528321,-0.09504950513747168,3641,bj920023,2025-12-24,score_filtered
42.040000915527344,-0.1562797229244971,17.0,0.350718866607989,47.90999984741211,0.350718866607989,0.25190294771560073,0.10014269725949765,3642,sz002149,2025-12-24,score_filtered
35.720001220703125,-0.06914896798132042,21.0,0.0,34.790000915527344,0.0,0.3549831990998511,-0.05767080915151401,3643,sh603698,2025-12-24,score_filtered
25.020000457763672,-0.11310950727132818,2.0,0.4073906620373422,31.229999542236328,0.4073906620373422,0.24820139771603,-0.05875304531607173,3644,bj920885,2025-12-25,filtered
86.81999969482422,-0.24475927291746835,5.0,0.8927863533320743,124.11000061035156,0.8927863533320743,0.4295093417024094,0.144897510657382,3645,bj920576,2025-12-25,expired
39.41999816894531,-0.06925417729691818,3.0,0.4935950201199555,54.79999923706055,0.4935950201199555,0.3901573257867741,0.014206022306012756,3646,bj920092,2025-12-25,operable_filtered
63.20000076293945,-0.11313293417033743,16.0,0.29134698017194527,72.37999725341797,0.29134698017194527,0.22452529201597748,-0.030063314919974937,3647,sh605598,2025-12-25,operable_filtered
178.0,-0.3201123784097393,17.0,0.2394645856949289,150.0,0.2394645856949289,0.22483148467674674,-0.22359552276268435,3648,sh605255,2025-12-25,operable_filtered
37.7400016784668,-0.30047698875452766,20.0,0.02840909131959113,27.149999618530273,0.02840909131959113,0.14573396278193917,-0.2978272702324751,3649,bj920274,2025-12-25,operable_filtered
28.40999984741211,-0.1094685190797301,5.0,0.21818184285467224,30.81999969482422,0.21818184285467224,0.08482928054755479,-0.06159802919391455,3650,bj920943,2025-12-25,operable_filtered
85.05999755859375,-0.19468608081238614,3.0,0.5467152839159444,105.94999694824219,0.5467152839159444,0.245591347157732,0.22043264211339797,3651,sh603163,2025-12-25,operable_filtered
32.79999923706055,-0.10030485014345236,20.0,0.038630951569180505,30.649999618530273,0.038630951569180505,0.0536586029624615,-0.077743880987025,3652,bj920098,2025-12-25,score_filtered
44.70000076293945,-0.20648768198431156,16.0,0.3980828431334591,49.59000015258789,0.3980828431334591,0.17740492549947562,0.10246080398626467,3653,sz002149,2025-12-25,score_filtered
25.5,-0.32078432569316784,20.0,0.10103926275027342,19.06999969482422,0.10103926275027342,0.05647060917873015,-0.2713725520115272,3654,sh603122,2025-12-25,score_filtered
174.89999389648438,-0.03842196372334006,0.0,1.2178619113099405,373.0,1.2178619113099405,1.1326473014102123,0.956661024375153,3655,sz300751,2025-12-25,score_filtered
9.979999542236328,-0.24448894712439473,21.0,0.0,8.140000343322754,0.0,0.0,-0.24448894712439473,3656,sz000609,2025-12-25,score_filtered
39.79999923706055,-0.06055276114598496,0.0,0.5736828326581349,58.84000015258789,0.5736828326581349,0.47839199197265003,0.1381909574228979,3657,sh603216,2025-12-25,score_filtered
31.5,-0.1428571428571429,20.0,0.06000003108271845,28.6200008392334,0.06000003108271845,0.0784127371651786,-0.11682540651351692,3658,bj920662,2025-12-25,score_filtered
43.150001525878906,-0.3244496271675038,17.0,0.2452830089913658,36.29999923706055,0.2452830089913658,0.17914250912830942,-0.2060255594432363,3659,sh600343,2025-12-25,score_filtered
26.610000610351562,-0.060127784470899615,21.0,0.0,27.65999984741211,0.0,0.2938744650679248,-0.0435926276138775,3660,sz300668,2025-12-25,score_filtered
113.02999877929688,-0.007962501420850754,0.0,0.605190492303143,179.99000549316406,0.605190492303143,0.5924091607274431,0.3054941091056753,3661,sz301225,2025-12-26,operable_filtered
35.810001373291016,-0.2627757998853141,19.0,0.0890151672509969,28.75,0.0890151672509969,0.042446255221240126,-0.20469147025841194,3662,bj920274,2025-12-26,operable_filtered
23.0,-0.12391306006390113,2.0,0.42679903445561473,28.75,0.42679903445561473,0.25,-0.10130434450895887,3663,sz002703,2025-12-26,operable_filtered
12.5600004196167,-0.19585986910516728,1.0,0.6118811952239236,16.280000686645508,0.6118811952239236,0.2961783553142854,0.16242037370212792,3664,sz002201,2025-12-26,operable_filtered
38.9900016784668,-0.3046935254346568,19.0,0.15344890275744483,31.270000457763672,0.15344890275744483,0.0,-0.2782765278722864,3665,bj920857,2025-12-26,operable_filtered
25.950000762939453,-0.17919080497754036,21.0,0.0,21.84000015258789,0.0,0.10944123580311582,-0.17533722584344869,3666,sz301246,2025-12-26,operable_filtered
33.0,-0.18181818181818177,19.0,0.06000003108271845,28.6200008392334,0.06000003108271845,0.02939397638494312,-0.16757577838319726,3667,bj920662,2025-12-26,operable_filtered
25.979999542236328,-0.05388759211693828,4.0,0.322213185552354,32.5,0.322213185552354,0.2509623007176711,0.03425717138871276,3668,sh600105,2025-12-26,score_filtered
19.0,-0.016315761365388592,1.0,0.7249866643779845,32.2400016784668,0.7249866643779845,0.6968421936035156,0.37368423060366984,3669,sh600879,2025-12-26,score_filtered
34.0,-0.026470633114085484,0.0,0.3459214891472433,44.54999923706055,0.3459214891472433,0.31029409520766316,0.05882352941176472,3670,sz300819,2025-12-26,score_filtered
6.5,-0.2415384879479041,15.0,0.0649087591893922,5.25,0.0649087591893922,0.0030769201425404624,-0.21076921316293573,3671,sh600179,2025-12-26,score_filtered
72.0,-0.29861111111111116,19.0,0.08910891089108919,55.0,0.08910891089108919,0.013749970330132477,-0.2851388719346788,3672,sz301292,2025-12-26,score_filtered
11.010000228881836,-0.1771116956155755,21.0,0.0,9.390000343322754,0.0,0.017257000584331328,-0.17438692428519031,3673,sz002363,2025-12-26,score_filtered
12.1899995803833,-0.05250200259878213,1.0,0.787878725326361,20.649999618530273,0.787878725326361,0.694011511842969,0.3642329559656712,3674,sz000510,2025-12-26,score_filtered
44.15999984741211,-0.3399003686763251,16.0,0.25488858695563277,36.58000183105469,0.25488858695563277,0.1521739412120251,-0.1893116086784018,3675,sh600343,2025-12-26,score_filtered
18.5,-0.031891900139885965,21.0,0.0,18.299999237060547,0.0,0.3599999917520058,-0.031891900139885965,3676,bj920510,2025-12-26,score_filtered
5.03000020980835,-0.10735594754791478,19.0,0.05790651272507463,4.75,0.05790651272507463,0.01590455673342861,-0.055666043365635964,3677,bj920023,2025-12-26,score_filtered
75.05999755859375,-0.1871835823881124,19.0,0.18308477775683163,72.18000030517578,0.18308477775683163,0.09245940137406361,-0.1806554489694523,3678,sz301123,2025-12-26,score_filtered
5.480000019073486,-0.11313866485422142,21.0,0.0,5.369999885559082,0.0,0.3010949068657851,-0.031021911624498077,3679,sh603843,2025-12-29,breakout_support_filtered
24.040000915527344,-0.17221302576253483,21.0,0.0,20.899999618530273,0.0,0.19592341535355295,-0.15016640902121914,3680,sz002703,2025-12-29,expired
17.850000381469727,-0.0711484835082733,2.0,0.27141134021152236,21.079999923706055,0.27141134021152236,0.18095235144025112,0.011764654340884917,3681,bj920077,2025-12-29,operable_filtered
17.200000762939453,-0.2569767926692168,18.0,0.2660407389080697,16.18000030517578,0.2660407389080697,0.6116277955686082,-0.059302349565091284,3682,sh603778,2025-12-29,operable_filtered
145.3699951171875,-0.05688924325136813,0.0,0.31283732662466024,179.99000549316406,0.31283732662466024,0.23815100460083416,0.01024974577431137,3683,sz301225,2025-12-29,operable_filtered
34.27000045776367,-0.028888289035389203,3.0,0.33864185309930406,44.54999923706055,0.33864185309930406,0.29997078033210234,0.10125477602428856,3684,sz300819,2025-12-29,operable_filtered
45.2599983215332,-0.3559434224578468,15.0,0.3036020753785498,38.0,0.3036020753785498,0.12417151911179425,-0.1964206743114012,3685,sh600343,2025-12-29,operable_filtered
208.0,-0.41817309306218076,15.0,0.2394645856949289,150.0,0.2394645856949289,0.04817309746375442,-0.34947116558368385,3686,sh605255,2025-12-29,operable_filtered
205.4199981689453,-0.12851715573851774,5.0,1.0835660322759777,373.0,1.0835660322759777,0.8157920520144804,0.5116346596317671,3687,sz300751,2025-12-29,score_filtered
155.39999389648438,-0.09266405702741887,0.0,0.6204964928593195,228.49000549316406,0.6204964928593195,0.4703347134322713,0.14414420871981903,3688,sz301005,2025-12-29,score_filtered
13.970000267028809,-0.20830349261195957,14.0,0.1735984674299107,12.979999542236328,0.1735984674299107,0.2977808743179471,-0.14817470357420337,3689,sz002361,2025-12-29,score_filtered
12.270000457763672,-0.2656886802982241,13.0,0.3706992306039478,12.350000381469727,0.3706992306039478,0.19315401769683693,-0.07742467216766513,3690,sh603601,2025-12-29,score_filtered
52.97999954223633,-0.09569648430786326,0.0,0.9766227770789164,94.69999694824219,0.9766227770789164,0.787466926509619,0.1334465790092716,3691,sh688523,2025-12-29,score_filtered
40.0,-0.0747500419616699,3.0,0.2753310700767444,47.20000076293945,0.2753310700767444,0.18000001907348628,-0.0017499923706054688,3692,sz300699,2025-12-29,score_filtered
9.1899995803833,-0.2633296746413837,4.0,0.23485962780359304,8.359999656677246,0.23485962780359304,0.027203483287816743,-0.16430901207741921,3693,sz002591,2025-12-30,traded
5.480000019073486,-0.11313866485422142,20.0,0.14814810090776653,5.579999923706055,0.14814810090776653,0.3010949068657851,0.018248157716151958,3694,sh603843,2025-12-30,operable_filtered
22.600000381469727,-0.21637173515300012,20.0,0.036702516063301216,18.360000610351562,0.036702516063301216,0.03318584014781445,-0.20929201161052047,3695,bj920510,2025-12-30,expired
59.880001068115234,-0.16683369238926504,20.0,0.08238125196698909,54.0,0.08238125196698909,0.09519039180469524,-0.1356045858674133,3696,sz300456,2025-12-30,operable_filtered
14.550000190734863,-0.10652922133443488,19.0,0.10923077509953427,14.420000076293945,0.10923077509953427,0.12714772532947816,-0.1044673840438557,3697,sh605069,2025-12-30,operable_filtered
21.440000534057617,-0.07182839912158767,20.0,0.05025125724469004,20.899999618530273,0.05025125724469004,0.340951459135012,-0.05690304059298612,3698,sz002703,2025-12-30,operable_filtered
7.309999942779541,-0.054719575717990576,0.0,0.39652674842595426,9.649999618530273,0.39652674842595426,0.32010939727326115,0.17783853954496687,3699,sz002471,2025-12-30,operable_filtered
149.07000732421875,-0.06017307828525076,21.0,0.0,150.44000244140625,0.0,0.2074193107249005,-0.04595160506443963,3700,sz301225,2025-12-30,operable_filtered
25.420000076293945,-0.3186467489047564,17.0,0.10103926275027342,19.06999969482422,0.10103926275027342,0.0424862281850753,-0.3103854982678168,3701,sh603122,2025-12-30,operable_filtered
32.70000076293945,-0.16177372452916783,21.0,0.0,30.299999237060547,0.0,0.004892961580399868,-0.11743119458700302,3702,bj920533,2025-12-30,operable_filtered
62.400001525878906,-0.15080127591839143,20.0,0.13134551545600237,59.95000076293945,0.13134551545600237,0.1963140977635971,-0.08413461332725591,3703,sz300503,2025-12-30,score_filtered
23.389999389648438,-0.33860621330861307,20.0,0.02779569127855308,15.899999618530273,0.02779569127855308,0.2094913062737176,-0.33219323244309595,3704,sz002788,2025-12-30,score_filtered
196.22000122070312,-0.3832433192835103,14.0,0.2394645856949289,150.0,0.2394645856949289,0.0,-0.3048619251456164,3705,sh605255,2025-12-30,score_filtered
149.92999267578125,-0.16627755548345524,21.0,0.0,133.44000244140625,0.0,0.14720208365476561,-0.16280929250427345,3706,sh688160,2025-12-30,score_filtered
44.41999816894531,-0.08667263919008183,5.0,0.4503327728665105,58.84000015258789,0.4503327728665105,0.3246286037383004,0.015308427132065372,3707,sh603216,2025-12-30,score_filtered
36.20000076293945,-0.2624309336956101,21.0,0.0,27.809999465942383,0.0,0.04198896203670266,-0.26077348991997884,3708,bj920857,2025-12-30,score_filtered
70.62999725341797,-0.07164091399350692,1.0,0.8927863533320743,124.11000061035156,0.8927863533320743,0.7571854089849275,0.42120913431807216,3709,bj920576,2025-12-31,breakout_support_filtered
12.729999542236328,-0.052631511917707985,0.0,1.781094506511911,33.540000915527344,1.781094506511911,1.6347212978481571,1.3605656180394132,3710,sz002969,2025-12-31,expired
26.5,-0.07924529741395192,20.0,0.034016390847634304,25.229999542236328,0.034016390847634304,0.2490565461932488,-0.05207544002892839,3711,bj920130,2025-12-31,operable_filtered
62.220001220703125,-0.14834457346756103,19.0,0.13134551545600237,59.95000076293945,0.13134551545600237,0.1997749929493704,-0.06219869287457236,3712,sz300503,2025-12-31,operable_filtered
18.049999237060547,-0.2919667438693797,16.0,0.3693271021635198,17.5,0.3693271021635198,0.5357340988934418,-0.10526314120995439,3713,sh603778,2025-12-31,operable_filtered
163.47999572753906,-0.14301437628484692,20.0,0.07380439605584832,150.44000244140625,0.07380439605584832,0.10099100928006566,-0.11273546095815457,3714,sz301225,2025-12-31,operable_filtered
20.399999618530273,-0.13186277374310162,19.0,0.036702516063301216,18.360000610351562,0.036702516063301216,0.05637253137424936,-0.1088234977876158,3715,bj920510,2025-12-31,operable_filtered
45.02000045776367,-0.21212792403278746,12.0,0.6261629072487633,57.68000030517578,0.6261629072487633,0.281208345594961,0.26677028430509675,3716,sz002149,2025-12-31,operable_filtered
33.08000183105469,-0.24123340410741856,19.0,0.10199200904523975,27.65999984741211,0.10199200904523975,0.09975813344612905,-0.18077391531372544,3717,sz300885,2025-12-31,operable_filtered
7.679999828338623,-0.09765625218278728,1.0,0.3924963719434513,9.649999618530273,0.3924963719434513,0.2565103950813252,0.23307297899737156,3718,sz002471,2025-12-31,score_filtered
146.5500030517578,-0.14704880657113928,20.0,0.06752001953124998,133.44000244140625,0.06752001953124998,0.17366084215811228,-0.10030703952323028,3719,sh688160,2025-12-31,score_filtered
5.78000020980835,-0.15916955759495555,19.0,0.20576131121973273,5.860000133514404,0.20576131121973273,0.23356398886313023,0.013840816747774376,3720,sh603843,2025-12-31,score_filtered
23.799999237060547,-0.2382353049602125,20.0,0.04798681078353728,19.0,0.04798681078353728,0.1201680967240566,-0.20210082437533927,3721,bj920270,2025-12-31,score_filtered
33.0099983215332,-0.2196303684124098,12.0,0.2569876079353106,32.380001068115234,0.2569876079353106,0.23144512550192853,-0.019085043485355335,3722,sz000547,2025-12-31,score_filtered
25.350000381469727,-0.3459566203468124,21.0,0.0,17.770000457763672,0.0,0.0011833837808856718,-0.33254438573255085,3723,bj920145,2025-12-31,score_filtered
31.420000076293945,-0.12762572307908226,20.0,0.10543595059236366,30.299999237060547,0.10543595059236366,0.031190370693995106,-0.07733928387254174,3724,bj920533,2025-12-31,score_filtered
16.5,0.0,0.0,0.32121207497336646,21.799999237060547,0.32121207497336646,0.32121207497336646,0.06181820956143458,3725,sz000559,2025-12-31,score_filtered
47.97999954223633,-0.1463109738378391,3.0,0.549560611312701,63.470001220703125,0.549560611312701,0.3228428892507824,0.1000416690882866,3726,bj920179,2026-01-05,expired
19.780000686645508,-0.35389285696033246,15.0,0.3693271021635198,17.5,0.3693271021635198,0.40141548792107407,-0.15672397744468713,3727,sh603778,2026-01-05,expired
14.5,-0.14965517767544445,10.0,0.2562854717733285,15.489999771118164,0.2562854717733285,0.399310407967403,-0.01999999736917435,3728,sz002413,2026-01-05,operable_filtered
33.97999954223633,-0.2613301730545633,18.0,0.11115533728192495,27.889999389648438,0.11115533728192495,0.06562682672977949,-0.2062978317633163,3729,sz300885,2026-01-05,operable_filtered
13.699999809265137,0.0,0.0,1.4481752833926804,33.540000915527344,1.4481752833926804,1.4481752833926804,1.1934306317827912,3730,sz002969,2026-01-05,score_filtered
44.439998626708984,-0.030828059725937496,1.0,0.5690736547457156,67.58000183105469,0.5690736547457156,0.5207021584028195,0.30535553812255256,3731,bj920394,2026-01-05,score_filtered
154.02000427246094,-0.09037785860803427,19.0,0.07380439605584832,150.44000244140625,0.07380439605584832,0.16861446890211917,-0.07278279705821011,3732,sz301225,2026-01-05,score_filtered
37.0,-0.391621615435626,20.0,0.01732560576112485,22.899999618530273,0.01732560576112485,0.0,-0.38648646586650126,3733,bj920925,2026-01-05,score_filtered
8.579999923706055,-0.013986000772276186,0.0,0.44208034920261663,12.199999809265137,0.44208034920261663,0.42191141232498475,0.2902097661141505,3734,bj920575,2026-01-05,score_filtered
12.40999984741211,-0.2481869429150989,18.0,0.07181136996492166,10.0,0.07181136996492166,0.17163578893073828,-0.20547946995072863,3735,sz002347,2026-01-05,score_filtered
18.100000381469727,-0.07458565486284852,2.0,0.6119402985074627,27.0,0.6119402985074627,0.4917126757434682,-0.038674074485440024,3736,bj920670,2026-01-05,score_filtered
9.5600004196167,-0.06903773766914623,0.0,0.31460677648851965,11.699999809265137,0.31460677648851965,0.2238492987152232,0.16527195129238326,3737,sz300599,2026-01-05,score_filtered
17.149999618530273,-0.1603498577940884,19.0,0.05902780583243383,15.25,0.05902780583243383,0.1078717447591564,-0.1329445938009055,3738,bj920300,2026-01-05,score_filtered
10.170000076293945,-0.13569322557407537,3.0,0.4618885594125539,12.850000381469727,0.4618885594125539,0.2635201853560263,0.01868235781297445,3739,sh603608,2026-01-05,score_filtered
91.87999725341797,-0.0008706378325145092,0.0,0.9503266594140325,179.0399932861328,0.9503266594140325,0.948628631238585,0.4399217131761093,3740,sh688258,2026-01-05,score_filtered
2.7899999618530273,-0.3297490930693855,20.0,0.11229942160545336,2.0799999237060547,0.11229942160545336,0.14695343779086634,-0.2939067901270438,3741,sh600696,2026-01-06,filtered
48.9900016784668,-0.16391104957899338,2.0,0.549560611312701,63.470001220703125,0.549560611312701,0.29557050512616967,0.07164723823791985,3742,bj920179,2026-01-06,expired
48.0,-0.21145836512247718,18.0,0.06314407663661603,40.2400016784668,0.06314407663661603,0.14166665077209473,-0.200416644414266,3743,bj920092,2026-01-06,traded
27.010000228881836,-0.21806735800580457,17.0,0.04356060794206584,22.040000915527344,0.04356060794206584,0.005923726251620742,-0.200666420968717,3744,sz300430,2026-01-06,expired
85.0,-0.056705878762637885,0.0,0.5478922441752598,124.11000061035156,0.5478922441752598,0.4601176542394301,0.011882378073299726,3745,bj920576,2026-01-06,traded
15.800000190734863,-0.21962026741389662,9.0,0.2562854717733285,15.489999771118164,0.2562854717733285,0.2841772576322765,-0.07278484546341657,3746,sz002413,2026-01-06,operable_filtered
47.0,-0.24531912296376335,10.0,0.6346207371539241,57.97999954223633,0.6346207371539241,0.23361701153694314,0.17893616696621506,3747,sz002149,2026-01-06,operable_filtered
160.0,-0.015625,0.0,0.45073019360739086,228.49000549316406,0.45073019360739086,0.4280625343322755,0.03931245803833017,3748,sz301005,2026-01-06,operable_filtered
44.150001525878906,-0.15334088842092963,17.0,0.03745312121929878,38.779998779296875,0.03745312121929878,0.1438278200375369,-0.14337489495542377,3749,sz301330,2026-01-06,operable_filtered
55.900001525878906,-0.27906980076908117,17.0,0.06947889057242507,43.099998474121094,0.06947889057242507,0.10268332213036158,-0.26583184623836054,3750,bj920199,2026-01-07,filtered
43.65999984741211,-0.15758133513880523,21.0,0.0,39.5,0.0,0.255153445455377,-0.15277137407824948,3751,bj920092,2026-01-07,breakout_support_filtered
17.0,-0.19411765827852134,16.0,0.07153288390908452,14.680000305175781,0.07153288390908452,0.1788235832663143,-0.15941176694982195,3752,sh600775,2026-01-07,filtered
44.70000076293945,-0.08366893992466362,1.0,0.549560611312701,63.470001220703125,0.549560611312701,0.41991051761515363,0.1304250093255266,3753,bj920179,2026-01-07,expired
24.979999542236328,-0.3807045416124991,16.0,0.150614022612376,17.799999237060547,0.150614022612376,0.13250606220766525,-0.34427544191619364,3754,sz002788,2026-01-07,operable_filtered
89.23999786376953,-0.04392647089626156,21.0,0.0,89.20999908447266,0.0,0.39074410109033497,-0.03787536232999189,3755,bj920576,2026-01-07,operable_filtered
184.77000427246094,-0.09417117904925454,5.0,0.881699298735682,314.94000244140625,0.881699298735682,0.7044974571575875,0.4910428837450751,3756,sh688766,2026-01-07,operable_filtered
36.95000076293945,-0.29634642860203164,20.0,0.0538461391742413,27.399999618530273,0.0538461391742413,0.0013531592971087747,-0.288768602326955,3757,bj920857,2026-01-07,operable_filtered
42.29999923706055,-0.2799054460080094,21.0,0.0,31.290000915527344,0.0,0.023640662364926568,-0.2737588683822103,3758,sz301363,2026-01-07,operable_filtered
85.5999984741211,-0.1512850137743551,16.0,0.0830006696854495,78.68000030517578,0.0830006696854495,0.32056078189886894,-0.12908873387076003,3759,sz301213,2026-01-07,operable_filtered
24.799999237060547,-0.025403192747891157,0.0,0.17418283289960956,28.3799991607666,0.17418283289960956,0.14435484007419586,0.036693543363187864,3760,bj920751,2026-01-07,operable_filtered
3.200000047683716,-0.012499987892806708,4.0,0.23417721184719986,3.9000000953674316,0.23417721184719986,0.21875001164153196,0.14375000977888686,3761,sz000608,2026-01-07,score_filtered
7.010000228881836,-0.2239657803708528,17.0,0.14889704673889415,6.25,0.14889704673889415,0.06990010772029942,-0.1783166846200499,3762,sh600266,2026-01-07,score_filtered
33.0,-0.1803030534224077,12.0,0.11940855972962883,30.280000686645508,0.11940855972962883,0.1609091325239702,-0.11424243811405066,3763,sz002173,2026-01-08,filtered
4.269999980926514,-0.41920374001140615,15.0,0.09677419664956521,2.7200000286102295,0.09677419664956521,0.0,-0.3676814848374158,3764,sh600337,2026-01-08,traded
51.58000183105469,-0.21868945702911569,16.0,0.0893300832995485,43.900001525878906,0.0893300832995485,0.15529271107374476,-0.1711904132918899,3765,bj920199,2026-01-08,filtered
46.060001373291016,-0.1107251875110824,0.0,0.549560611312701,63.470001220703125,0.549560611312701,0.3779852220653148,0.09704727035891692,3766,bj920179,2026-01-08,expired
59.0,-0.19830509767693993,5.0,0.3319239115470889,63.0,0.3319239115470889,0.10169491525423724,-0.030847452454647817,3767,sz001331,2026-01-08,expired
3.0,-0.3766666650772095,18.0,0.11229942160545336,2.0799999237060547,0.11229942160545336,0.06666668256123853,-0.36000001430511475,3768,sh600696,2026-01-08,filtered
17.719999313354492,-0.22686228328799796,15.0,0.0802919997652709,14.800000190734863,0.0802919997652709,0.1309256033900863,-0.17325055382539123,3769,sh600775,2026-01-08,filtered
48.869998931884766,-0.27419680794056533,8.0,0.6346207371539241,57.97999954223633,0.6346207371539241,0.1864129488328643,0.11888687334307124,3770,sz002149,2026-01-08,expired
40.11000061035156,-0.2405884163309746,20.0,0.05646754013134281,32.18000030517578,0.05646754013134281,0.0022438332390517512,-0.19845422496499154,3771,sz301363,2026-01-08,expired
177.0,-0.08192090395480223,20.0,0.057661508413461515,171.8699951171875,0.057661508413461515,0.290903985837085,-0.03519771597479693,3772,sz301005,2026-01-08,expired
27.219999313354492,-0.4316678671097901,15.0,0.150614022612376,17.799999237060547,0.150614022612376,0.039309391225733625,-0.4044820171424539,3773,sz002788,2026-01-08,operable_filtered
104.36000061035156,-0.18244538907791796,20.0,0.04559305442525008,89.20999908447266,0.04559305442525008,0.18924875320517187,-0.16634726436202807,3774,bj920576,2026-01-08,operable_filtered
10.34000015258789,-0.09381046931474535,8.0,0.14834582287082032,10.760000228881836,0.14834582287082032,0.275628567286057,-0.019342341036144073,3775,sz002195,2026-01-08,operable_filtered
57.310001373291016,-0.2324201601054563,8.0,0.30370530315742283,57.349998474121094,0.30370530315742283,0.2798812897656886,-0.11533764529679658,3776,sz002792,2026-01-08,operable_filtered
205.0,-0.12292681438166919,2.0,0.32413791874363995,238.0800018310547,0.32413791874363995,0.16136586259051078,0.02297564250666917,3777,sh688037,2026-01-08,operable_filtered
51.54999923706055,-0.21823472679922173,15.0,0.0893300832995485,43.900001525878906,0.0893300832995485,0.15596510251249796,-0.16236661601863556,3778,bj920199,2026-01-09,filtered
3.1500000953674316,-0.40634922280843755,17.0,0.11229942160545336,2.0799999237060547,0.11229942160545336,0.015873000254767344,-0.358730184199918,3779,sh600696,2026-01-09,filtered
35.400001525878906,-0.23587576070340432,11.0,0.11940855972962883,30.280000686645508,0.11940855972962883,0.08220338197682775,-0.18163847275045475,3780,sz002173,2026-01-09,filtered
18.15999984741211,-0.24559471782058107,14.0,0.0802919997652709,14.800000190734863,0.0802919997652709,0.10352428876166231,-0.2053964522895011,3781,sh600775,2026-01-09,filtered
24.0,-0.04250001907348633,2.0,0.29939082703069975,29.860000610351562,0.29939082703069975,0.2441666920979817,0.09791668256123853,3782,sh603938,2026-01-09,expired
58.529998779296875,-0.19186741459848766,4.0,0.3319239115470889,63.0,0.3319239115470889,0.10182810881213977,-0.05689386785935324,3783,sz001331,2026-01-09,operable_filtered
22.799999237060547,-0.24254381422557547,18.0,0.05211346813402562,18.170000076293945,0.05211346813402562,0.06491234645215571,-0.21008768282731982,3784,sz002324,2026-01-09,operable_filtered
28.510000228881836,-0.28691687967399926,16.0,0.21446141793967888,24.690000534057617,0.21446141793967888,0.05156083134174505,-0.15398103663293494,3785,sh688221,2026-01-09,operable_filtered
17.110000610351562,-0.15546468183508555,7.0,0.11072660546123414,16.049999237060547,0.11072660546123414,0.09994149757295201,-0.12682647297250293,3786,sh603015,2026-01-09,operable_filtered
57.5,-0.2808695917544157,15.0,0.09383316109536333,45.22999954223633,0.09383316109536333,0.21982607634171192,-0.2439999787703805,3787,sz301079,2026-01-09,score_filtered
25.829999923706055,-0.06426635123171676,2.0,0.17418283289960956,28.3799991607666,0.17418283289960956,0.09872238655023091,0.0065814973595073045,3788,bj920751,2026-01-09,score_filtered
63.2599983215332,-0.16234582541192666,14.0,0.13134551545600237,59.95000076293945,0.13134551545600237,0.1800506403186013,-0.09421434148922381,3789,sz300503,2026-01-09,score_filtered
35.33000183105469,-0.26606286551665015,14.0,0.14500579192555274,29.690000534057617,0.14500579192555274,0.050382074357331996,-0.2190773075947995,3790,sz300878,2026-01-09,score_filtered
54.0,-0.25370371783221213,14.0,0.0893300832995485,43.900001525878906,0.0893300832995485,0.02833331072771994,-0.22407404581705725,3791,bj920199,2026-01-12,filtered
27.989999771118164,-0.13647730353917098,1.0,0.17418283289960956,28.3799991607666,0.17418283289960956,0.013933526003485852,-0.04787424664328099,3792,bj920751,2026-01-12,traded
3.0399999618530273,-0.38486841176520414,16.0,0.13368977548300953,2.119999885559082,0.13368977548300953,0.0,-0.30263160784158716,3793,sh600696,2026-01-12,filtered
42.5,-0.21458821016199447,21.0,0.0,34.27000045776367,0.0,0.0011764526367188388,-0.2138823565314798,3794,bj920396,2026-01-12,filtered
26.790000915527344,-0.10787611788852314,1.0,0.9058577390831621,45.54999923706055,0.9058577390831621,0.700261204943073,0.12653972653220813,3795,sz300986,2026-01-12,expired
65.01000213623047,-0.36394405298632515,14.0,0.09383316109536333,45.22999954223633,0.09383316109536333,0.022919517225167718,-0.3467158925528733,3796,sz301079,2026-01-12,expired
53.0,-0.19622644388450772,13.0,0.14225355845898413,48.65999984741211,0.14225355845898413,0.018867924528301883,-0.13283020595334616,3797,bj920640,2026-01-12,operable_filtered
49.400001525878906,-0.25546563475247785,18.0,0.10032633398246116,40.470001220703125,0.10032633398246116,0.10931169118188744,-0.21072873534140846,3798,bj920092,2026-01-12,operable_filtered
19.959999084472656,-0.226953857068103,21.0,0.0,16.559999465942383,0.0,0.11022048416078767,-0.22294584467454093,3799,sh688387,2026-01-12,operable_filtered
112.97000122070312,-0.2652916782938899,20.0,0.0706024169921875,88.86000061035156,0.0706024169921875,0.05337699136177232,-0.25882975611060666,3800,bj920576,2026-01-12,operable_filtered
20.0,-0.1484999656677246,18.0,0.04991182852902876,17.8799991607666,0.04991182852902876,0.011499977111816495,-0.12049999237060549,3801,bj920077,2026-01-12,operable_filtered
10.720000267028809,-0.11380599222381815,2.0,0.8399999518143504,17.479999542236328,0.8399999518143504,0.6305969316063407,0.42164173428161056,3802,bj920021,2026-01-13,expired
20.43000030517578,-0.17033771366879014,17.0,0.22418873545829587,20.75,0.22418873545829587,0.1453744135579904,-0.050416087677911836,3803,bj920670,2026-01-13,expired
49.29999923706055,-0.18255578375819492,13.0,0.0893300832995485,43.900001525878906,0.0893300832995485,0.06490873858947044,-0.14685594271423374,3804,bj920199,2026-01-13,filtered
20.219999313354492,-0.10781396992369563,17.0,0.05155201500165574,18.969999313354492,0.05155201500165574,0.31849657530919195,-0.09841740052898273,3805,bj920270,2026-01-13,filtered
136.0,-0.23992645039277916,21.0,0.0,107.16000366210938,0.0,0.1535294476677389,-0.23897058823529416,3806,bj920116,2026-01-13,expired
41.0,-0.31902438838307445,20.0,0.09348139696344915,30.530000686645508,0.09348139696344915,0.11463416494974266,-0.2851219642453078,3807,bj920207,2026-01-13,filtered
89.80000305175781,-0.16358576773031297,11.0,0.2395153470587268,93.0999984741211,0.2395153470587268,0.2890868396687041,-0.1280623564497183,3808,bj920227,2026-01-13,expired
49.0,0.0,0.0,0.37918371083785085,67.58000183105469,0.37918371083785085,0.37918371083785085,0.17122447733976398,3809,bj920394,2026-01-13,filtered
10.800000190734863,-0.12870373321985784,3.0,0.2964930932087442,12.199999809265137,0.2964930932087442,0.12962959201901758,-0.09259259095734862,3810,bj920575,2026-01-13,traded
204.0,-0.21509806315104163,21.0,0.0,166.8800048828125,0.0,0.12004904653511805,-0.21274506812002147,3811,sz301005,2026-01-13,expired
27.0,-0.1881481453224465,13.0,0.09762770904197238,24.059999465942383,0.09762770904197238,0.11111111111111116,-0.18259260389539933,3812,bj920367,2026-01-13,operable_filtered
25.56999969482422,-0.3066093174093715,12.0,0.10941909668052485,19.670000076293945,0.10941909668052485,0.05944468032478478,-0.279624548449938,3813,sh600776,2026-01-13,operable_filtered
14.600000381469727,-0.16301370220932365,2.0,0.4607201302303905,17.850000381469727,0.4607201302303905,0.2595889663803683,0.023287615755483104,3814,sz300063,2026-01-13,operable_filtered
72.30999755859375,-0.19748304883741152,2.0,0.41202833301867403,81.94000244140625,0.41202833301867403,0.16014385592630198,-0.10385831503797927,3815,sz300785,2026-01-13,operable_filtered
44.970001220703125,-0.13542361546088189,7.0,0.21862139317096596,47.380001068115234,0.21862139317096596,0.21392036181346485,-0.1067378901815107,3816,sz301378,2026-01-13,operable_filtered
69.02999877929688,-0.2012168569502315,5.0,0.23866528487085792,68.30000305175781,0.23866528487085792,0.07199770112401782,-0.07373606030128543,3817,sz003041,2026-01-13,operable_filtered
25.579999923706055,-0.5003909393632393,12.0,0.3693271021635198,17.5,0.3693271021635198,0.08365908506767461,-0.4562157979319956,3818,sh603778,2026-01-13,operable_filtered
21.0,-0.19285710652669275,16.0,0.22418873545829587,20.75,0.22418873545829587,0.0409524100167411,-0.06238092694963726,3819,bj920670,2026-01-14,expired
12.199999809265137,-0.2213114632358154,1.0,0.8399999518143504,17.479999542236328,0.8399999518143504,0.4327868701244866,0.25737708134537174,3820,bj920021,2026-01-14,expired
57.0,-0.08771929824561409,5.0,0.2996154198279748,67.58000183105469,0.2996154198279748,0.18561406721148566,0.0,3821,bj920394,2026-01-14,filtered
41.97999954223633,-0.1283944604197893,5.0,0.19322218270950686,43.65999984741211,0.19322218270950686,0.27084323620454875,-0.09742735105256295,3822,bj920169,2026-01-14,expired
37.0,-0.24540540334340688,19.0,0.16368200536120714,32.4900016784668,0.16368200536120714,0.013513513513513598,-0.1735135155755121,3823,bj920207,2026-01-14,filtered
102.0,-0.26362744499655333,10.0,0.2395153470587268,93.0999984741211,0.2395153470587268,0.05745098637599577,-0.2446078132180607,3824,bj920227,2026-01-14,expired
50.0099983215332,-0.2225554414511075,6.0,0.21862139317096596,47.380001068115234,0.21862139317096596,0.038992218124107136,-0.20635872907799424,3825,sz301378,2026-01-14,expired
17.899999618530273,-0.07541901733183232,0.0,0.9697885182447412,32.599998474121094,0.9697885182447412,0.8212290038471968,0.5005587252943737,3826,bj920046,2026-01-14,breakout_support_filtered
40.0,-0.15574998855590816,4.0,0.8620077055302264,62.880001068115234,0.8620077055302264,0.5720000267028809,0.08325004577636719,3827,bj920088,2026-01-14,traded
55.0,-0.18181818181818177,9.0,0.20622219509548612,54.279998779296875,0.20622219509548612,0.043454534357244334,-0.12309091741388489,3828,sz301159,2026-01-14,expired
15.680000305175781,-0.22066326344425313,1.0,0.4607201302303905,17.850000381469727,0.4607201302303905,0.13839285931503809,-0.08992345790622758,3829,sz300063,2026-01-14,expired
40.459999084472656,-0.19327730775518737,7.0,0.2254902189944814,40.0,0.2254902189944814,0.0,-0.17004442434746136,3830,sz301001,2026-01-14,traded
73.0,-0.20506850987264558,1.0,0.41202833301867403,81.94000244140625,0.41202833301867403,0.12246578686857879,-0.16547947713773548,3831,sz300785,2026-01-14,expired
29.959999084472656,-0.2119492212338585,16.0,0.18593813113768776,28.0,0.18593813113768776,0.0,-0.16288382209249652,3832,bj920130,2026-01-14,operable_filtered
134.0,-0.23477611257069142,21.0,0.0,104.87000274658203,0.0,0.029850746268656803,-0.2319403121720499,3833,bj920116,2026-01-14,operable_filtered
26.420000076293945,-0.045798674804206185,13.0,0.07021025474189124,26.979999542236328,0.07021025474189124,0.033308068063035545,-0.03671458404819805,3834,bj920392,2026-01-14,operable_filtered
30.959999084472656,-0.2390180826019982,1.0,0.29117150958632965,30.420000076293945,0.29117150958632965,0.0009690144551894875,-0.19702838031350012,3835,sh688365,2026-01-14,operable_filtered
9.670000076293945,-0.3371251502752046,20.0,0.05460224489880927,6.760000228881836,0.05460224489880927,0.0,-0.30299899504227434,3836,sh603828,2026-01-14,operable_filtered
12.0,-0.24666666984558105,2.0,0.8230088066126764,16.479999542236328,0.8230088066126764,0.3733332951863606,0.04666670163472486,3837,sh600986,2026-01-14,operable_filtered
11.5,-0.17391304347826086,0.0,0.8399999518143504,17.479999542236328,0.8399999518143504,0.5199999601944634,0.2400000199027683,3838,bj920021,2026-01-15,expired
53.279998779296875,-0.024024001663345507,4.0,0.2996154198279748,67.58000183105469,0.2996154198279748,0.2683934568203181,0.0807057648324998,3839,bj920394,2026-01-15,filtered
21.200000762939453,-0.14905659121183756,15.0,0.05543236969235865,19.040000915527344,0.05543236969235865,0.07971691348536813,-0.10660378054479269,3840,bj920270,2026-01-15,traded
85.5199966430664,-0.12184282715111783,21.0,0.0,78.12000274658203,0.0,0.08863426249525275,-0.10991574211253763,3841,bj920227,2026-01-15,expired
32.36000061035156,-0.13720644160424755,18.0,0.16368200536120714,32.4900016784668,0.16368200536120714,0.09085286066924603,-0.09394316619867071,3842,bj920207,2026-01-15,expired
3.359999895095825,-0.05952375461590087,3.0,0.23417721184719986,3.9000000953674316,0.23417721184719986,0.16071435033667036,0.10714290022444706,3843,sz000608,2026-01-15,expired
7.670000076293945,-0.14732726247728034,21.0,0.0,7.159999847412109,0.0,0.06910035563223627,-0.13428946539281306,3844,sz002044,2026-01-15,expired
46.72999954223633,-0.18039803954109668,21.0,0.0,40.5,0.0,0.014337727160408154,-0.17825803761946235,3845,sz301378,2026-01-15,expired
43.84000015258789,-0.035127757987392205,1.0,0.4373522537511416,60.79999923706055,0.4373522537511416,0.38686129163873884,0.069571150238249,3846,sh688679,2026-01-15,operable_filtered
19.049999237060547,-0.16062989965843943,1.0,0.3508443208663825,21.600000381469727,0.3508443208663825,0.1338583331514427,-0.10813645923590309,3847,sz300758,2026-01-15,operable_filtered
37.400001525878906,-0.09705884812874832,3.0,0.8620077055302264,62.880001068115234,0.8620077055302264,0.6812833824246092,0.4601603845541078,3848,bj920088,2026-01-15,operable_filtered
7.949999809265137,-0.3081760840308252,20.0,0.049090905623002445,5.769999980926514,0.049090905623002445,0.011320774182032256,-0.2779874328514299,3849,bj920090,2026-01-15,operable_filtered
9.359999656677246,-0.1891025180568967,2.0,0.3596837269239719,10.319999694824219,0.3596837269239719,0.10256411040166302,0.028846203810601434,3850,sz002131,2026-01-15,operable_filtered
8.949999809265137,-0.14972063735281316,11.0,0.09592641343836106,8.34000015258789,0.09592641343836106,0.13743022593557308,-0.09385476765243206,3851,sh600676,2026-01-15,operable_filtered
37.220001220703125,-0.06475012811314951,0.0,0.9517379994571098,67.94000244140625,0.9517379994571098,0.8253627139489597,0.46587854873424206,3852,sh605287,2026-01-15,operable_filtered
9.600000381469727,-0.0083333250549108,0.0,0.8361343174076408,17.479999542236328,0.8361343174076408,0.8208332132962062,0.44791656939520164,3853,bj920021,2026-01-16,expired
52.0,-0.06769231649545526,8.0,0.3091997075083992,63.470001220703125,0.3091997075083992,0.22057694655198312,0.0748076805701623,3854,bj920179,2026-01-16,expired
77.80000305175781,-0.034704427657162085,20.0,0.04021310697498359,78.12000274658203,0.04021310697498359,0.19665803113381242,-0.027249391560713154,3855,bj920227,2026-01-16,expired
30.729999542236328,-0.09144157200784286,17.0,0.16368200536120714,32.4900016784668,0.16368200536120714,0.1487146034136142,-0.047835969256494026,3856,bj920207,2026-01-16,expired
17.229999542236328,0.0,0.0,0.8920487138846349,32.599998474121094,0.8920487138846349,0.8920487138846349,0.6883343543497402,3857,bj920046,2026-01-16,filtered
3.4200000762939453,-0.07602338732840141,2.0,0.23417721184719986,3.9000000953674316,0.23417721184719986,0.1403508796390538,0.09064325610058743,3858,sz000608,2026-01-16,expired
40.0,-0.08524999618530271,3.0,0.19322218270950686,43.65999984741211,0.19322218270950686,0.11649999618530282,-0.04624996185302732,3859,bj920169,2026-01-16,expired
193.4199981689453,-0.13659393247366491,20.0,0.0639520519507859,177.67999267578125,0.0639520519507859,0.17878193650302032,-0.09936925551987208,3860,sh688270,2026-01-16,operable_filtered
30.969999313354492,-0.12851145077423765,19.0,0.055576139782155254,28.489999771118164,0.055576139782155254,0.21730712298346533,-0.08750400854236007,3861,sz301348,2026-01-16,operable_filtered
180.0,-0.12050001356336804,14.0,0.12431310869856049,177.99000549316406,0.12431310869856049,0.144888899061415,-0.064111073811849,3862,sh688525,2026-01-16,operable_filtered
169.0,-0.20550293329904767,4.0,0.23482533533935213,165.8000030517578,0.23482533533935213,0.0,-0.1688756999179456,3863,sh603929,2026-01-16,operable_filtered
93.38999938964844,-0.13202700408649293,20.0,0.09795216729024525,89.0,0.09795216729024525,0.27422637089330815,-0.07163510531244077,3864,bj920576,2026-01-16,operable_filtered
135.27999877929688,-0.08434355511290126,13.0,0.28360374969304103,159.0,0.28360374969304103,0.17534004608767928,0.14577174304144846,3865,sz300567,2026-01-16,operable_filtered
55.4900016784668,-0.20327991084511732,21.0,0.0,46.380001068115234,0.0,0.1292124338090923,-0.17516671340226375,3866,sz300342,2026-01-16,operable_filtered
175.00999450683594,-0.04136901012297445,21.0,0.0,228.0,0.0,0.35226564819339723,0.26849898273283257,3867,sh688031,2026-01-16,operable_filtered
86.4000015258789,-0.05671297962201116,2.0,0.43165644546227955,116.68000030517578,0.43165644546227955,0.3504629426450563,-0.0026620758434211522,3868,sz002865,2026-01-16,score_filtered
122.52999877929688,-0.042193733946391365,3.0,0.4261246953540394,167.3699951171875,0.4261246953540394,0.3659511693838926,0.1054435509480176,3869,sz001270,2026-01-16,score_filtered
44.29999923706055,-0.08171555291712829,14.0,0.24877086666582904,50.79999923706055,0.24877086666582904,0.15440181197262137,0.07810381815036438,3870,sz002796,2026-01-16,score_filtered
22.3700008392334,-0.1202503546329684,9.0,0.4623983861969989,28.780000686645508,0.4623983861969989,0.2865444616421291,0.2025032905386388,3871,sh603626,2026-01-16,score_filtered
57.79999923706055,-0.10034600888613276,2.0,0.2996154198279748,67.58000183105469,0.2996154198279748,0.16920419936136155,-0.01211074000310064,3872,bj920394,2026-01-19,filtered
23.0,-0.009565187537151854,0.0,0.43107978452487217,32.599998474121094,0.43107978452487217,0.4173912380052649,0.30043477597443946,3873,bj920046,2026-01-19,expired
143.02999877929688,-0.13395788433361988,12.0,0.28360374969304103,159.0,0.28360374969304103,0.11165490706145986,0.08368874587752395,3874,sz300567,2026-01-19,expired
99.79000091552734,-0.1876941896492077,19.0,0.09795216729024525,89.0,0.09795216729024525,0.19250424800310406,-0.15101713154187701,3875,bj920576,2026-01-19,operable_filtered
223.9199981689453,-0.30827973983464607,19.0,0.13319132909875409,175.52000427246094,0.13319132909875409,0.020409107545502625,-0.22981418308271018,3876,sz301005,2026-01-19,operable_filtered
9.529999732971191,-0.17313742547355238,8.0,0.35279183916210277,10.65999984741211,0.35279183916210277,0.11857294292794429,0.06505770230129726,3877,sz300215,2026-01-19,operable_filtered
192.5,-0.12846751027293024,20.0,0.3590033628998701,228.0,0.3590033628998701,0.22940261642654214,0.10649350649350642,3878,sh688031,2026-01-19,operable_filtered
21.299999237060547,-0.10046945851176292,8.0,0.38308978136966343,26.5,0.38308978136966343,0.24413149996230077,0.1488262999924601,3879,sz002112,2026-01-19,operable_filtered
3.430000066757202,-0.07871719407334521,1.0,0.23417721184719986,3.9000000953674316,0.23417721184719986,0.13702624474132374,0.05539353210028075,3880,sz000608,2026-01-19,operable_filtered
26.600000381469727,-0.1342105129183072,8.0,0.21537120870989934,27.989999771118164,0.21537120870989934,0.21729325578025227,0.015037579428341719,3881,bj920299,2026-01-19,operable_filtered
89.0,-0.183146101705144,8.0,0.3299863342531284,96.69000244140625,0.3299863342531284,0.0864045218135534,-0.0976404768697331,3882,sh603667,2026-01-19,operable_filtered
27.010000228881836,-0.11514256142160395,19.0,0.09707111848761141,26.219999313354492,0.09707111848761141,0.1647537511248307,-0.039614945788858824,3883,sh600879,2026-01-19,operable_filtered
168.3000030517578,-0.2442068054560642,20.0,0.07932387248402417,137.2899932861328,0.07932387248402417,0.06945931211784462,-0.1989304522902644,3884,sz301225,2026-01-19,operable_filtered
66.16999816894531,-0.14296508004004138,20.0,0.07600073078595959,61.02000045776367,0.07600073078595959,0.12588789574674797,-0.08871088248933423,3885,sh688523,2026-01-19,operable_filtered
66.11000061035156,-0.21343216578555302,19.0,0.09615384615384626,57.0,0.09615384615384626,0.09756461788978177,-0.17274242744227752,3886,sz300503,2026-01-19,score_filtered
13.949999809265137,-0.09677415385330579,13.0,0.10793647742085288,13.960000038146973,0.10793647742085288,0.18853047673120082,-0.030107532762473244,3887,sh600058,2026-01-19,score_filtered
20.700000762939453,-0.04685996062569142,0.0,0.40699446897885405,27.760000228881836,0.40699446897885405,0.34106276356193943,0.0222221771748059,3888,sh600785,2026-01-19,score_filtered
10.9399995803833,-0.058500860529833276,0.0,0.6970873027711275,17.479999542236328,0.6970873027711275,0.5978062351647628,0.183729461241114,3889,bj920021,2026-01-20,traded
17.489999771118164,-0.07547168165227647,17.0,0.13048859619023334,18.280000686645508,0.13048859619023334,0.2921669912649103,-0.06689537401973022,3890,bj920471,2026-01-20,traded
25.8799991607666,-0.10625966341486315,7.0,0.4094249743604672,32.599998474121094,0.4094249743604672,0.2596599509764217,0.15726436376176034,3891,bj920046,2026-01-20,expired
7.809999942779541,-0.16133159555392396,7.0,0.42442742778902054,9.329999923706055,0.42442742778902054,0.194622278113046,0.14852757141460726,3892,sz002358,2026-01-20,expired
46.45000076293945,-0.1324004612457561,8.0,0.09057075918061819,43.95000076293945,0.09057075918061819,0.048008600766602294,-0.0686760471261697,3893,bj920199,2026-01-20,filtered
76.5999984741211,-0.03381196330918523,20.0,0.033103592454064135,76.45999908447266,0.033103592454064135,0.21540470402978462,-0.023759787611994487,3894,bj920227,2026-01-20,filtered
33.79999923706055,-0.1313609090807516,21.0,0.0,31.799999237060547,0.0,0.3476331439415101,-0.10680469776593038,3895,sz300986,2026-01-20,operable_filtered
9.699999809265137,-0.1876288382073793,7.0,0.35279183916210277,10.65999984741211,0.35279183916210277,0.09896907804369337,0.047422685277539456,3896,sz300215,2026-01-20,operable_filtered
27.219999313354492,-0.15393088656888088,7.0,0.2896222265491162,29.700000762939453,0.2896222265491162,0.09110953387747656,0.029022811736066467,3897,bj920299,2026-01-20,operable_filtered
78.5999984741211,-0.16412216000393698,21.0,0.0,67.44999694824219,0.0,0.07875321325157913,-0.15572516668431646,3898,sh603286,2026-01-20,operable_filtered
24.8799991607666,-0.14670416968043865,20.0,0.0334432881361475,21.940000534057617,0.0334432881361475,0.05506434427030693,-0.14147904618765994,3899,bj920726,2026-01-20,score_filtered
17.579999923706055,-0.0329920322083701,0.0,0.4370588414809282,24.43000030517578,0.4370588414809282,0.3896473498974664,0.05233220024383245,3900,sz300058,2026-01-20,score_filtered
33.0,-0.1545454661051432,17.0,0.08243731813105803,30.200000762939453,0.08243731813105803,0.08484846172910743,-0.12484851027979993,3901,bj920914,2026-01-20,score_filtered
31.020000457763672,-0.15248225249630853,14.0,0.07949783843502511,28.3799991607666,0.07949783843502511,0.08961955958324608,-0.10606063400956278,3902,bj920706,2026-01-20,score_filtered
26.520000457763672,-0.06297134417299965,7.0,0.12676054608349951,28.0,0.12676054608349951,0.07013569648934226,-0.018099529937821268,3903,bj920751,2026-01-20,score_filtered
21.969999313354492,-0.1279016638036179,7.0,0.38308978136966343,26.5,0.38308978136966343,0.20619029714270143,0.1247155146451302,3904,sz002112,2026-01-20,score_filtered
5.679999828338623,-0.15140839483595414,7.0,0.1618256649775882,5.599999904632568,0.1618256649775882,0.17781694707854534,-0.03169011158073787,3905,sh601616,2026-01-20,score_filtered
27.940000534057617,-0.17430210258217727,18.0,0.03467711985226685,23.8700008392334,0.03467711985226685,0.03793841967362499,-0.160343642231647,3906,bj920526,2026-01-20,score_filtered
136.61000061035156,-0.16052997736034014,11.0,0.17980469734661653,135.3000030517578,0.17980469734661653,0.03945537929556253,-0.0738599218373811,3907,sz301611,2026-01-20,score_filtered
16.940000534057617,-0.09622196358045132,21.0,0.0,16.559999465942383,0.0,0.3341204054883449,-0.07201890369342179,3908,bj920471,2026-01-21,breakout_support_filtered
25.0,-0.07480003356933596,6.0,0.4094249743604672,32.599998474121094,0.4094249743604672,0.3039999389648438,0.1719999694824219,3909,bj920046,2026-01-21,expired
18.989999771118164,-0.2785676685419751,21.0,0.0,14.579999923706055,0.0,0.2532911808276004,-0.27014218937712264,3910,bj920427,2026-01-21,expired
33.09000015258789,-0.12541552128719802,21.0,0.0,30.520000457763672,0.0,0.3765487768817126,-0.1063765621496493,3911,sz300986,2026-01-21,operable_filtered
63.79999923706055,-0.05015675237000028,0.0,0.362541283397644,82.56999969482422,0.362541283397644,0.2942006376523658,0.06771165456397132,3912,sz002718,2026-01-21,operable_filtered
166.16000366210938,-0.07980265691730226,3.0,0.6568346104877085,253.3300018310547,0.6568346104877085,0.5246148064982457,0.20528406270208754,3913,sz301486,2026-01-21,operable_filtered
199.1300048828125,-0.15748505921449074,18.0,0.45198783989959046,243.60000610351562,0.45198783989959046,0.22332144895428296,0.17059207747568927,3914,sh688031,2026-01-21,operable_filtered
162.5,0.0,0.0,0.5710769418569712,255.3000030517578,0.5710769418569712,0.5710769418569712,0.31815382737379805,3915,sz301232,2026-01-21,operable_filtered
90.18000030517578,-0.24750498579831104,11.0,0.23710574997307332,83.94999694824219,0.23710574997307332,0.09791530052310171,-0.15202926411706597,3916,sh603090,2026-01-21,operable_filtered
152.50999450683594,-0.1877909172632629,10.0,0.28360374969304103,159.0,0.28360374969304103,0.042554624135621166,0.006491413866779094,3917,sz300567,2026-01-21,operable_filtered
10.960000038146973,-0.08211675322972334,11.0,0.17992041654520596,11.869999885559082,0.17992041654520596,0.17244528619931465,0.027372280081267686,3918,sh603608,2026-01-21,operable_filtered
98.97000122070312,-0.06567646680639116,0.0,0.3863955364536047,128.1999969482422,0.3863955364536047,0.2953419760231806,0.19379610052145368,3919,sz300842,2026-01-21,score_filtered
88.01000213623047,-0.17395755955431025,6.0,0.3299863342531284,96.69000244140625,0.3299863342531284,0.09862515730587118,-0.1262356589101591,3920,sh603667,2026-01-21,score_filtered
25.489999771118164,-0.09650839962972446,6.0,0.2896222265491162,29.700000762939453,0.2896222265491162,0.1651628493379389,0.12867794100029628,3921,bj920299,2026-01-21,score_filtered
24.100000381469727,-0.18340248988927166,6.0,0.48373985315741796,29.200000762939453,0.48373985315741796,0.2116182697404052,0.13775932125614965,3922,sh603626,2026-01-21,score_filtered
35.61000061035156,-0.009547883930365764,0.0,0.944995678587262,68.5999984741211,0.944995678587262,0.9264250856030478,0.9264250856030478,3923,bj920088,2026-01-21,score_filtered
181.58999633789062,-0.10441099089951311,6.0,0.6293426983370425,264.9800109863281,0.6293426983370425,0.45922141268878547,0.3806928039922417,3924,sh688125,2026-01-21,score_filtered
2.2300000190734863,-0.16143498261255018,8.0,0.18716578767346626,2.2200000286102295,0.18716578767346626,0.0807175180348152,-0.14349778014129344,3925,sh600696,2026-01-22,filtered
12.020000457763672,-0.1422628929304649,4.0,0.6954412057032866,17.479999542236328,0.6954412057032866,0.4542428349864216,-0.12728790585505234,3926,bj920021,2026-01-22,traded
57.5,-0.15913046131963315,21.0,0.0,54.2400016784668,0.0,0.17530437967051626,-0.14939130700152858,3927,bj920394,2026-01-22,traded
17.280000686645508,-0.1278935708335499,21.0,0.0,15.850000381469727,0.0,0.30787034047606676,-0.10300929490246746,3928,bj920471,2026-01-22,breakout_support_filtered
25.510000228881836,-0.09329678740734204,5.0,0.4094249743604672,32.599998474121094,0.4094249743604672,0.2779301521609603,0.12112897392644717,3929,bj920046,2026-01-22,expired
21.8799991607666,-0.3811699962890387,21.0,0.0,14.140000343322754,0.0,0.08775137796790822,-0.3761425894839009,3930,bj920427,2026-01-22,traded
46.70000076293945,-0.08779448012497826,5.0,0.2605634433428785,53.70000076293945,0.2605634433428785,0.14989293117003788,-0.0760171130420576,3931,bj920640,2026-01-22,traded
14.65999984741211,-0.14733969098870137,7.0,0.42479995727539066,17.809999465942383,0.42479995727539066,0.21487037184971958,0.21487037184971958,3932,bj920014,2026-01-22,operable_filtered
10.300000190734863,-0.05631067116171329,1.0,0.4002056875290112,13.609999656677246,0.4002056875290112,0.3213591654998045,0.11650483369355369,3933,sh603601,2026-01-22,operable_filtered
32.79999923706055,-0.0396341240030178,2.0,0.25047617109995035,39.38999938964844,0.25047617109995035,0.20091464347175614,0.014634132725648952,3934,sh600343,2026-01-22,operable_filtered
107.55999755859375,-0.3352547264511597,21.0,0.0,82.37999725341797,0.0,0.1063592664659021,-0.3326515395261661,3935,bj920576,2026-01-22,operable_filtered
80.11000061035156,-0.16052927864651434,21.0,0.0,71.23999786376953,0.0,0.1621520130420646,-0.1596554839356057,3936,bj920227,2026-01-22,operable_filtered
184.0,-0.125,21.0,0.0,182.99000549316406,0.0,0.23913043478260865,-0.12396737803583557,3937,sh688270,2026-01-22,operable_filtered
16.209999084472656,-0.21159775109346035,5.0,0.3693271021635198,17.5,0.3693271021635198,0.2140654791292982,-0.04318315207440948,3938,sh603778,2026-01-22,operable_filtered
65.01000213623047,-0.12767270849130108,17.0,0.2588608806589665,71.38999938964844,0.2588608806589665,0.1459775042597744,-0.06399020958947144,3939,sh688523,2026-01-22,operable_filtered
12.3100004196167,-0.16246953142364517,3.0,0.6954412057032866,17.479999542236328,0.6954412057032866,0.41998366745633375,-0.09910643586044621,3940,bj920021,2026-01-23,traded
26.450000762939453,-0.1255199057243389,4.0,0.4846520276073263,34.34000015258789,0.4846520276073263,0.29829864506860604,0.25595464130381007,3941,bj920046,2026-01-23,expired
62.470001220703125,-0.22682890518251675,21.0,0.0,52.34000015258789,0.0,0.008484052648316975,-0.19417321644128993,3942,bj920394,2026-01-23,traded
89.58000183105469,-0.12190218738262715,16.0,0.062293334202382145,83.55999755859375,0.062293334202382145,0.3183745932139441,-0.10002231414742502,3943,sz002931,2026-01-23,expired
17.770000457763672,-0.15869446121856923,21.0,0.0,15.970000267028809,0.0,0.2718064040114214,-0.1457512710111567,3944,bj920471,2026-01-23,breakout_support_filtered
53.08000183105469,-0.13338360186175613,16.0,0.09239130434782616,50.25,0.09239130434782616,0.19574225755903663,-0.11548607491812202,3945,bj920179,2026-01-23,expired
30.889999389648438,-0.24635800755480497,21.0,0.0,24.399999618530273,0.0,0.028811955797426014,-0.23114274945700153,3946,sh603078,2026-01-23,expired
33.9900016784668,-0.1785819741814927,12.0,0.4272922050582859,39.849998474121094,0.4272922050582859,0.17240354534512115,0.06649009149549245,3947,bj920207,2026-01-23,expired
85.47000122070312,-0.2131742244118484,20.0,0.05933082325307848,71.23999786376953,0.05933082325307848,0.08927105586105655,-0.21013219641937086,3948,bj920227,2026-01-23,expired
2.190000057220459,-0.16894976945250606,21.0,0.0,1.899999976158142,0.0,0.022831027858393638,-0.1552511527374698,3949,sh600696,2026-01-23,filtered
48.75,-0.12779486240484772,21.0,0.0,43.880001068115234,0.0,0.10153847718850151,-0.10933337089342954,3950,bj920640,2026-01-23,traded
20.5,-0.3458536659798971,21.0,0.0,13.9399995803833,0.0,0.04585368458817651,-0.33414636007169396,3951,bj920427,2026-01-23,traded
24.079999923706055,-0.20431894069278422,4.0,0.38308978136966343,26.5,0.38308978136966343,0.10049834235719945,-0.03405314358065892,3952,sz002112,2026-01-23,operable_filtered
40.36000061035156,-0.1114965295329019,21.0,0.0,38.16999816894531,0.0,0.0654112822032844,-0.0827552057006472,3953,bj920169,2026-01-23,operable_filtered
126.0,-0.2022222488645523,15.0,0.157978565590291,116.4000015258789,0.157978565590291,0.0003174675835504459,-0.16396828303261413,3954,bj920116,2026-01-23,operable_filtered
208.77999877929688,-0.2581185923207904,15.0,0.1894247301536982,184.22999572753906,0.1894247301536982,0.015422939168167282,-0.21376571100563735,3955,sz301005,2026-01-23,operable_filtered
28.010000228881836,-0.174223528319837,3.0,0.5737139146818928,36.400001525878906,0.5737139146818928,0.2995359238999906,0.15994292798917997,3956,bj920046,2026-01-26,expired
18.299999237060547,-0.204917989216705,21.0,0.0,15.449999809265137,0.0,0.2349727499278229,-0.19672128840884384,3957,bj920471,2026-01-26,traded
48.099998474121094,-0.10249481209086186,21.0,0.0,47.58000183105469,0.0,0.5355509969525247,-0.08419957100912467,3958,bj920368,2026-01-26,expired
16.200000762939453,-0.11851857651517061,20.0,0.08613449011982044,15.510000228881836,0.08613449011982044,0.33950615685045427,-0.10308647847651364,3959,bj920414,2026-01-26,expired
30.0,-0.1799999872843424,20.0,0.055284499264779186,25.959999084472656,0.055284499264779186,0.22333335876464844,-0.153000005086263,3960,bj920634,2026-01-26,traded
29.200000762939453,-0.20273972334300727,20.0,0.05412371957551665,24.540000915527344,0.05412371957551665,0.020547892412475788,-0.17910963400462854,3961,sh603078,2026-01-26,expired
40.369998931884766,-0.024770870112909238,0.0,1.50673114348194,98.69000244140625,1.50673114348194,1.4446372319187644,0.9886054224264706,3962,bj920088,2026-01-26,traded
71.01000213623047,-0.18673428724578223,3.0,0.9705628234070618,113.80000305175781,0.9705628234070618,0.6025911791051077,0.1312491115961958,3963,sz301636,2026-01-26,operable_filtered
15.449999809265137,-0.13203883411245543,20.0,0.043251299799081266,13.989999771118164,0.043251299799081266,0.09255659347283074,-0.11391587382586177,3964,bj920427,2026-01-26,operable_filtered
22.0,-0.12727269259366125,20.0,0.06666660043928618,20.479999542236328,0.06666660043928618,0.22272725538773974,-0.08636361902410339,3965,sh601615,2026-01-26,operable_filtered
6.159999847412109,-0.058441504154985724,20.0,0.08275862125664335,6.28000020980835,0.08275862125664335,0.327922160357244,0.003246750230832429,3966,sz002218,2026-01-26,operable_filtered
329.010009765625,-0.2219081717836935,20.0,0.05019533634185791,268.8500061035156,0.05019533634185791,0.13218439847880536,-0.19455338094796404,3967,sz300751,2026-01-26,operable_filtered
56.86000061035156,-0.23496307539467964,8.0,0.30942526630971634,56.959999084472656,0.30942526630971634,0.2942313673576238,-0.15687657206986838,3968,sz000603,2026-01-26,operable_filtered
10.520000457763672,-0.17300385639768578,20.0,0.0471264202759496,9.109999656677246,0.0471264202759496,0.14068436101103976,-0.15114069233851446,3969,bj920575,2026-01-26,operable_filtered
29.979999542236328,-0.28285522587448886,21.0,0.0,22.700000762939453,0.0,0.03235494448012144,-0.26951301024280583,3970,sh688323,2026-01-26,score_filtered
86.94999694824219,-0.08545141536460965,21.0,0.0,86.37000274658203,0.0,0.466360028464355,-0.07257041725199642,3971,sh688516,2026-01-26,score_filtered
10.789999961853027,-0.1380908041136154,20.0,0.05698921743025376,9.829999923706055,0.05698921743025376,0.05375346855946117,-0.1223354679787717,3972,sz300051,2026-01-26,score_filtered
18.969999313354492,-0.1270426955532633,5.0,0.5199275898564524,25.170000076293945,0.5199275898564524,0.3268318917953139,0.2788614183978009,3973,sz002667,2026-01-26,score_filtered
105.4800033569336,-0.22885861064448054,20.0,0.09269733532081537,88.87999725341797,0.09269733532081537,0.10618123427947324,-0.17500953855111667,3974,sz002865,2026-01-26,score_filtered
68.30999755859375,-0.14024298578169414,20.0,0.06385152442072028,62.47999954223633,0.06385152442072028,0.3021519561897834,-0.12018737194991735,3975,sz002943,2026-01-26,score_filtered
32.18000030517578,-0.13238036632947647,10.0,0.4272922050582859,39.849998474121094,0.4272922050582859,0.23834674009346357,0.1441889168938928,3976,bj920207,2026-01-27,traded
17.93000030517578,-0.20356946514668817,19.0,0.08613449011982044,15.510000228881836,0.08613449011982044,0.21026215245938396,-0.17177913392544464,3977,bj920414,2026-01-27,traded
12.0,-0.14083329836527503,1.0,0.6954412057032866,17.479999542236328,0.6954412057032866,0.4566666285196941,-0.0991666316986084,3978,bj920021,2026-01-27,traded
56.79999923706055,-0.2463027826000641,21.0,0.0,45.5,0.0,0.30035214088805473,-0.23380279855060304,3979,bj920368,2026-01-27,expired
16.649999618530273,-0.12612609464917102,20.0,0.09415806650170833,15.920000076293945,0.09415806650170833,0.35735741136699617,-0.0624624616024364,3980,bj920471,2026-01-27,breakout_support_filtered
34.5,-0.08666666003241053,14.0,0.24214532228955687,39.13999938964844,0.24214532228955687,0.14173911274343287,0.01884062393851904,3981,sh600343,2026-01-27,operable_filtered
15.899999618530273,-0.1572327081748125,21.0,0.0,13.779999732971191,0.0,0.04716981245244378,-0.1358490502663151,3982,bj920427,2026-01-27,operable_filtered
66.0,-0.25696968309807056,19.0,0.17251221302065667,57.5,0.17251221302065667,0.023939421682646733,-0.144090883659594,3983,sh688607,2026-01-27,operable_filtered
11.180000305175781,-0.22182472524285424,19.0,0.05172411714146308,9.149999618530273,0.05172411714146308,0.03577814021571113,-0.18425763536545003,3984,bj920575,2026-01-27,operable_filtered
161.8800048828125,-0.1352236145872059,19.0,0.09293516677139668,153.0,0.09293516677139668,0.1276253260449085,-0.0980973832704557,3985,sh688668,2026-01-27,operable_filtered
81.62999725341797,-0.19147369569173323,20.0,0.04530299793590209,68.98999786376953,0.04530299793590209,0.14051208632403656,-0.1765281945064806,3986,bj920227,2026-01-27,operable_filtered
27.729999542236328,-0.051208081490629054,0.0,0.3166096576508497,34.63999938964844,0.3166096576508497,0.2491886030105157,0.1777858055016106,3987,sz000547,2026-01-27,operable_filtered
8.65999984741211,-0.2829099136759542,19.0,0.06280191048146433,6.599999904632568,0.06280191048146433,0.1628175372120202,-0.23902999206666298,3988,sz300639,2026-01-27,operable_filtered
10.489999771118164,0.0,0.0,0.2974261156944249,13.609999656677246,0.2974261156944249,0.2974261156944249,0.12106772978778602,3989,sh603601,2026-01-27,operable_filtered
12.569999694824219,-0.28560065550885394,12.0,0.31069054095213655,11.770000457763672,0.31069054095213655,0.2084327724079329,-0.2004772923842617,3990,sh601212,2026-01-27,operable_filtered
56.0,-0.10732139859880718,12.0,0.2130425555830524,60.63999938964844,0.2130425555830524,0.125,0.03000000544956749,3991,sz001331,2026-01-27,operable_filtered
6.800000190734863,-0.14705881940452292,19.0,0.11206889606117731,6.449999809265137,0.11206889606117731,0.202941187607788,-0.07500003155539925,3992,sz002218,2026-01-27,operable_filtered
343.0,-0.2536443148688047,19.0,0.05019533634185791,268.8500061035156,0.05019533634185791,0.03790087463556846,-0.23755105243827446,3993,sz300751,2026-01-27,operable_filtered
29.18000030517578,-0.20219326788299463,19.0,0.05412371957551665,24.540000915527344,0.05412371957551665,0.0212473929198278,-0.1854009523931538,3994,sh603078,2026-01-27,operable_filtered
16.670000076293945,-0.1433713456739285,18.0,0.08613449011982044,15.510000228881836,0.08613449011982044,0.3017396918791,-0.10917814556056316,3995,bj920414,2026-01-28,expired
17.670000076293945,-0.17657045116512882,19.0,0.11340209969586645,16.200000762939453,0.11340209969586645,0.27900397758287876,-0.14770795955902793,3996,bj920471,2026-01-28,filtered
60.65999984741211,-0.3400923363008441,21.0,0.0,42.27000045776367,0.0,0.21760634349066188,-0.3109132980183509,3997,bj920368,2026-01-28,expired
34.779998779296875,-0.30592293740912946,21.0,0.0,25.290000915527344,0.0,0.05520419928207354,-0.29327197278863815,3998,bj920634,2026-01-28,operable_filtered
160.0,-0.2851874828338623,21.0,0.0,116.58999633789062,0.0,0.046062469482421875,-0.2786250114440918,3999,sz001270,2026-01-28,operable_filtered
298.0,-0.14805367488989096,18.0,0.07818656736153007,273.7300109863281,0.07818656736153007,0.07006713047923663,-0.10983225163197352,4000,sh603061,2026-01-28,operable_filtered
212.61000061035156,-0.2709656198907261,21.0,0.0,163.5500030517578,0.0,0.05211420817104884,-0.23531347836730598,4001,sh688270,2026-01-28,operable_filtered
172.0,-0.23511629326398986,21.0,0.0,140.7899932861328,0.0,0.034302290095839405,-0.18744189240211662,4002,sh688668,2026-01-28,operable_filtered
15.399999618530273,-0.12987013308711193,20.0,0.03582093355039162,13.880000114440918,0.03582093355039162,0.05000003096345251,-0.11558440110799617,4003,bj920427,2026-01-28,score_filtered
70.0,-0.37857142857142856,6.0,0.30942526630971634,56.959999084472656,0.30942526630971634,0.05128566196986606,-0.3309999738420759,4004,sz000603,2026-01-28,score_filtered
8.819999694824219,-0.2959183386603579,18.0,0.07085347093681382,6.650000095367432,0.07085347093681382,0.020408198571867153,-0.2494330935811877,4005,sz300639,2026-01-28,score_filtered
6.880000114440918,-0.15697673048568217,18.0,0.13275861303531333,6.570000171661377,0.13275861303531333,0.18895351295215845,-0.06395349562522712,4006,sz002218,2026-01-28,score_filtered
26.440000534057617,-0.20915282053501705,21.0,0.0,21.959999084472656,0.0,0.05446288190706006,-0.17511350130841663,4007,sz002119,2026-01-28,score_filtered
31.600000381469727,-0.11645570445415998,8.0,0.42836679653078424,39.880001068115234,0.42836679653078424,0.26202533502186,0.17405057045115013,4008,bj920207,2026-01-29,traded
56.560001373291016,-0.278465339773445,5.0,1.4182798118207378,98.69000244140625,1.4182798118207378,0.7448727023548134,0.2448727360773839,4009,bj920088,2026-01-29,expired
19.299999237060547,-0.2461139499531464,18.0,0.11340209969586645,16.200000762939453,0.11340209969586645,0.17098452201347247,-0.2378238020911262,4010,bj920471,2026-01-29,filtered
15.6899995803833,-0.08986614946599403,17.0,0.08613449011982044,15.510000228881836,0.08613449011982044,0.38304661206430257,-0.057361353894203715,4011,bj920414,2026-01-29,expired
84.0,-0.2333333151681083,20.0,0.07919252101370966,69.5,0.07919252101370966,0.04404758271716891,-0.19345238095238093,4012,bj920227,2026-01-29,traded
12.149999618530273,-0.1728394645043978,20.0,0.13830839435504516,11.4399995803833,0.13830839435504516,0.43868313506587575,-0.09300404907364856,4013,bj920021,2026-01-29,breakout_support_filtered
59.0,-0.321525444418697,20.0,0.1378965932074563,45.54999923706055,0.1378965932074563,0.2518644171246027,-0.24355930393025027,4014,bj920368,2026-01-29,expired
26.0,-0.2000000293438251,20.0,0.04134618470654794,21.65999984741211,0.04134618470654794,0.0,-0.17423079564021182,4015,bj920019,2026-01-29,traded
4.329999923706055,-0.145496509728139,5.0,0.17567563474918524,4.349999904632568,0.17567563474918524,0.10854509822405145,-0.057736721571584826,4016,sh601388,2026-01-29,expired
1.9800000190734863,-0.10101012411974775,20.0,0.044943845056852894,1.8600000143051147,0.044943845056852894,0.1313131252316453,-0.0909091237491153,4017,sh600696,2026-01-29,filtered
8.770000457763672,-0.16077539916215855,17.0,0.09375000607384276,8.050000190734863,0.09375000607384276,0.31812996764249557,-0.0912201397736323,4018,sh600481,2026-01-29,operable_filtered
21.600000381469727,-0.14120375419186215,5.0,0.4927224621517239,27.690000534057617,0.4927224621517239,0.28194444652938055,0.16805551373419036,4019,sz301500,2026-01-29,operable_filtered
35.13999938964844,-0.10330105930041444,12.0,0.24214532228955687,39.13999938964844,0.24214532228955687,0.1209447943602402,0.0011383300006295727,4020,sh600343,2026-01-29,operable_filtered
44.81999969482422,-0.25881299761500565,5.0,0.2980131651835052,43.119998931884766,0.2980131651835052,0.1267291464491398,-0.1601963488189163,4021,sh601069,2026-01-29,operable_filtered
31.0,-0.18258064023910026,17.0,0.1104972067955805,28.139999389648438,0.1104972067955805,0.005161285400390625,-0.112258049749559,4022,bj920564,2026-01-29,operable_filtered
61.02000045776367,-0.2871189827323998,5.0,0.30942526630971634,56.959999084472656,0.30942526630971634,0.03244836983583488,-0.21009504422566927,4023,sz000603,2026-01-29,score_filtered
13.319999694824219,-0.22672669469075468,1.0,1.5203882139559957,25.959999084472656,1.5203882139559957,0.9489489248682181,0.4189189227890364,4024,sz300164,2026-01-29,score_filtered
19.040000915527344,-0.3429622044461256,5.0,0.38848925031442283,17.3700008392334,0.38848925031442283,0.0504201175583856,-0.20535717505652928,4025,sz002716,2026-01-29,score_filtered
70.30999755859375,-0.28232113729742114,20.0,0.08164888666931858,54.58000183105469,0.08164888666931858,0.165410400891004,-0.24889769297344788,4026,sz300785,2026-01-29,score_filtered
33.29999923706055,-0.06456455458826182,4.0,0.40192612211035916,43.66999816894531,0.40192612211035916,0.3114113864706547,0.06546547612978904,4027,sz002155,2026-01-30,filtered
19.5,-0.2538461440648788,17.0,0.11340209969586645,16.200000762939453,0.11340209969586645,0.08666669405423688,-0.23589745545998597,4028,bj920471,2026-01-30,traded
44.5,-0.08292131745413445,4.0,1.4182798118207378,98.69000244140625,1.4182798118207378,1.217752863851826,0.6653932721427318,4029,bj920088,2026-01-30,traded
4.150000095367432,-0.10843374393799232,4.0,0.17567563474918524,4.349999904632568,0.17567563474918524,0.04819272401665553,-0.014457817204996615,4030,sh601388,2026-01-30,expired
2.069999933242798,-0.14009660444709404,19.0,0.06179776183885566,1.8899999856948853,0.06179776183885566,0.08212564337025285,-0.08695649920429238,4031,sh600696,2026-01-30,operable_filtered
127.6500015258789,-0.15417156341503047,19.0,0.1484671538210851,124.0,0.1484671538210851,0.059929505949343875,-0.08021933209059573,4032,sz301611,2026-01-30,operable_filtered
50.20000076293945,-0.22250999629244872,19.0,0.12426344966710579,43.880001068115234,0.12426344966710579,0.14521913953653254,-0.1513944656038555,4033,bj920438,2026-01-30,operable_filtered
19.459999084472656,-0.13720443445836195,9.0,0.42942219722006514,24.0,0.42942219722006514,0.233299133048257,-0.02312429993636944,4034,bj920087,2026-01-30,operable_filtered
199.99000549316406,-0.1430071769486161,19.0,0.1347219582246244,194.47999572753906,0.1347219582246244,0.26671331002945475,-0.0708035565436963,4035,sz301486,2026-01-30,operable_filtered
28.100000381469727,-0.04412810513468424,8.0,0.27699175196003867,34.29999923706055,0.27699175196003867,0.23274017506745115,0.1854092854481586,4036,sz000547,2026-01-30,operable_filtered
12.770000457763672,-0.1511354922467849,16.0,0.16143911211866668,12.59000015258789,0.16143911211866668,0.1738448890974642,-0.06577917952048329,4037,sz002165,2026-01-30,operable_filtered
130.0,-0.025538459190955543,0.0,0.36564571821311964,173.0,0.36564571821311964,0.3307692307692307,0.0990769606370192,4038,sh688583,2026-01-30,score_filtered
165.14999389648438,-0.30747800803269254,19.0,0.10553466297949288,126.44000244140625,0.10553466297949288,0.013442333047221311,-0.2528610115057649,4039,sz001270,2026-01-30,score_filtered
75.5,-0.3316556412652628,19.0,0.08164888666931858,54.58000183105469,0.08164888666931858,0.08529804558153975,-0.3156291633252276,4040,sz300785,2026-01-30,score_filtered
59.4900016784668,-0.1880988758730633,16.0,0.13561075239178755,54.849998474121094,0.13561075239178755,0.033787161957010925,-0.10590019959670272,4041,bj920394,2026-01-30,score_filtered
35.0099983215332,-0.348757488427607,19.0,0.059210545028236305,24.149999618530273,0.059210545028236305,0.10139969214378253,-0.3347614386715744,4042,sz002995,2026-01-30,score_filtered
105.5,-0.21327014218009477,15.0,0.15891569206513556,96.19000244140625,0.15891569206513556,0.0691943417228229,-0.12587676568053907,4043,sh688416,2026-01-30,score_filtered
28.040000915527344,-0.28566333692401,19.0,0.11033444876245646,22.239999771118164,0.11033444876245646,0.08380878735348984,-0.25570612846604823,4044,sh688365,2026-01-30,score_filtered
109.11000061035156,-0.23765007937059557,4.0,0.5081749998555387,125.44999694824219,0.5081749998555387,0.14975709143512184,0.14544957068835718,4045,sz301396,2026-01-30,score_filtered
11.520000457763672,-0.07552090318252369,1.0,0.276995386723456,13.600000381469727,0.276995386723456,0.18055554175818456,0.10677078935421358,4046,sz300385,2026-01-30,score_filtered
99.5,-0.2589949411363458,21.0,0.0,79.69000244140625,0.0,0.18693465803136777,-0.25467333002905146,4047,sz002931,2026-02-02,expired
27.6200008392334,-0.05829111373757112,2.0,0.5121107837354861,39.33000183105469,0.5121107837354861,0.4239681620569533,0.23099199735374376,4048,bj920046,2026-02-02,expired
15.850000381469727,-0.06498426888681241,3.0,0.3211876064035435,19.579999923706055,0.3211876064035435,0.23533119573909156,0.1268138915145851,4049,sh600550,2026-02-02,expired
24.149999618530273,-0.17391299883782052,15.0,0.4130325541854303,28.190000534057617,0.4130325541854303,0.38881993562402095,-0.0037267144517398876,4050,sz002969,2026-02-02,operable_filtered
140.0,-0.042857142857142816,18.0,0.10238806881121731,147.72000122070312,0.10238806881121731,0.23571428571428577,-0.019571467808314758,4051,sh688583,2026-02-02,operable_filtered
12.399999618530273,-0.1258064124140097,15.0,0.16143911211866668,12.59000015258789,0.16143911211866668,0.20887098647305224,-0.06451606948963506,4052,sz002165,2026-02-02,operable_filtered
17.219999313354492,-0.14634144045145459,15.0,0.0653061258913692,15.65999984741211,0.0653061258913692,0.23112669037671685,-0.12833909248525655,4053,sz000995,2026-02-02,score_filtered
55.77000045776367,-0.2646584546365329,18.0,0.08095595331390792,44.33000183105469,0.08095595331390792,0.018648034911080247,-0.25103101820131113,4054,sz300342,2026-02-02,score_filtered
4.03000020980835,-0.08188589204572949,3.0,0.17567563474918524,4.349999904632568,0.17567563474918524,0.07940438664131899,0.05459051581590679,4055,sh601388,2026-02-02,score_filtered
41.52000045776367,-0.15944120565747533,15.0,0.21031518142327776,42.2400016784668,0.21031518142327776,0.07755301505785583,-0.046242821832232495,4056,sh688335,2026-02-02,score_filtered
19.799999237060547,-0.152020123106836,8.0,0.42942219722006514,24.0,0.42942219722006514,0.2121212588270267,-0.07777773068274796,4057,bj920087,2026-02-02,score_filtered
15.279999732971191,-0.17081149884089253,15.0,0.2865034837338689,16.299999237060547,0.2865034837338689,0.07657074937270014,-0.03599477750958813,4058,sz300427,2026-02-02,score_filtered
133.9199981689453,-0.2143817165249201,15.0,0.15949053250940803,121.98999786376953,0.15949053250940803,0.12007169990227395,-0.15621265274028695,4059,sh605255,2026-02-02,score_filtered
10.0,-0.20900001525878908,15.0,0.12010111600393336,8.859999656677246,0.12010111600393336,0.031999969482421786,-0.1979999542236328,4060,sz002131,2026-02-02,score_filtered
27.229999542236328,-0.07528458580694442,2.0,0.9261318273308663,48.5,0.9261318273308663,0.7811237905006891,0.37348520582484523,4061,sz002842,2026-02-02,score_filtered
160.0,-0.025000000000000022,0.0,0.7093589978340344,266.6600036621094,0.7093589978340344,0.6666250228881836,0.53125,4062,sh601869,2026-02-02,score_filtered
36.099998474121094,-0.3684210470699848,18.0,0.059210545028236305,24.149999618530273,0.059210545028236305,0.06814412751106946,-0.3645428946346756,4063,sz002995,2026-02-02,score_filtered
19.020000457763672,-0.23501578125379186,15.0,0.11340209969586645,16.200000762939453,0.11340209969586645,0.08464766899339127,-0.21976867531933042,4064,bj920471,2026-02-03,traded
66.0,-0.39348486698035035,17.0,0.1378965932074563,45.54999923706055,0.1378965932074563,0.11909091833866015,-0.36363636363636365,4065,bj920368,2026-02-03,expired
53.0099983215332,-0.2637238254081874,17.0,0.12426344966710579,43.880001068115234,0.12426344966710579,0.08451242216157118,-0.24485945959677047,4066,bj920438,2026-02-03,expired
65.01000213623047,-0.12767270849130108,9.0,0.35566916759954426,76.87999725341797,0.35566916759954426,0.18258721315396298,0.0012304906788425107,4067,sh688523,2026-02-03,expired
13.149999618530273,-0.2410646515781606,21.0,0.0,10.470000267028809,0.0,0.3292775702901505,-0.23726235559448583,4068,bj920021,2026-02-03,traded
102.19999694824219,-0.27857137418239686,20.0,0.10646952552163258,81.58000183105469,0.10646952552163258,0.15557731898887672,-0.20176121069387332,4069,sz002931,2026-02-03,operable_filtered
16.65999984741211,-0.17046819799515445,21.0,0.0,14.479999542236328,0.0,0.30252106612775487,-0.17046819799515445,4070,bj920414,2026-02-03,operable_filtered
16.0,-0.07375001907348633,2.0,0.3211876064035435,19.579999923706055,0.3211876064035435,0.22374999523162842,0.07124996185302734,4071,sh600550,2026-02-03,operable_filtered
84.22000122070312,-0.3590596205196105,21.0,0.0,55.36000061035156,0.0,0.05616238018263431,-0.3559724425041517,4072,sz002943,2026-02-03,operable_filtered
56.150001525878906,-0.28352629654524997,21.0,0.0,42.369998931884766,0.0,0.004452359629674829,-0.27925200140821094,4073,sz300342,2026-02-03,operable_filtered
30.579999923706055,-0.27795945131480126,15.0,0.06431159788045893,23.5,0.06431159788045893,0.017985586606695136,-0.2714192039819552,4074,sh603172,2026-02-03,operable_filtered
30.280000686645508,-0.07793925220722997,5.0,0.42836679653078424,39.880001068115234,0.42836679653078424,0.3170409565315382,0.07628795949668432,4075,bj920207,2026-02-03,operable_filtered
15.699999809265137,-0.057324817163319386,17.0,0.3608107520334043,20.139999389648438,0.3608107520334043,0.2828025244792103,0.17388538401762088,4076,sh600330,2026-02-03,operable_filtered
41.209999084472656,-0.3797621928224447,21.0,0.0,27.110000610351562,0.0,0.04683330133591235,-0.37369570397133967,4077,sz300986,2026-02-03,operable_filtered
161.55999755859375,-0.17801432867938372,21.0,0.0,140.8000030517578,0.0,0.07080962251969125,-0.17677641736925476,4078,sh688583,2026-02-03,operable_filtered
9.380000114440918,-0.10234541859642532,1.0,0.5665082495092881,13.1899995803833,0.5665082495092881,0.4061833069785066,0.19936032651856106,4079,sz002491,2026-02-03,score_filtered
55.400001525878906,-0.2954874060596395,16.0,0.12426344966710579,43.880001068115234,0.12426344966710579,0.03772563348417224,-0.2851986031873516,4080,bj920438,2026-02-04,expired
17.889999389648438,-0.24091669161465967,21.0,0.0,14.09000015258789,0.0,0.11738403874316705,-0.23141417165413292,4081,bj920414,2026-02-04,expired
1.9700000286102295,-0.14720816083789723,21.0,0.0,1.7999999523162842,0.0,0.12690355145647736,-0.11675127702193178,4082,sh600696,2026-02-04,filtered
11.779999732971191,-0.03140915907862751,0.0,0.9474145145053783,22.219999313354492,0.9474145145053783,0.8862478622272505,0.6171476798714401,4083,sh603618,2026-02-04,operable_filtered
34.5,-0.10550722868546192,21.0,0.0,32.650001525878906,0.0,0.26579704837522655,-0.08086959175441577,4084,sz002155,2026-02-04,operable_filtered
14.15999984741211,-0.23446325781076782,13.0,0.23154983335333346,13.350000381469727,0.23154983335333346,0.04166667789164702,-0.14618642070130627,4085,sz002165,2026-02-04,operable_filtered
14.989999771118164,-0.31954636657714386,21.0,0.0,10.550000190734863,0.0,0.07738491428446359,-0.29753169487969133,4086,sh600986,2026-02-04,operable_filtered
9.6899995803833,-0.102167163466379,20.0,0.07011501422125743,9.3100004196167,0.07011501422125743,0.1682146733773584,-0.08668722758400227,4087,sh600841,2026-02-04,score_filtered
7.800000190734863,-0.11282052473360393,13.0,0.2716763141204712,8.800000190734863,0.2716763141204712,0.2384614886146572,-0.025641061693801315,4088,sh688223,2026-02-04,score_filtered
81.16000366210938,-0.35448500461185406,21.0,0.0,54.970001220703125,0.0,0.09598315592203055,-0.34253328976544406,4089,sz002943,2026-02-04,score_filtered
158.17999267578125,-0.18523194556611478,21.0,0.0,135.0,0.0,0.09369078271861508,-0.16361101796906263,4090,sh688583,2026-02-04,score_filtered
26.1299991607666,-0.25908912238236825,21.0,0.0,20.040000915527344,0.0,0.07921935203430452,-0.2541140299620902,4091,sh603926,2026-02-04,score_filtered
15.800000190734863,-0.06329113847646661,16.0,0.3608107520334043,20.139999389648438,0.3608107520334043,0.27468349028619343,0.19683541893252343,4092,sh600330,2026-02-04,score_filtered
108.01000213623047,-0.3202481555704221,21.0,0.0,83.0,0.0,0.09341724042523714,-0.3202481555704221,4093,sz002931,2026-02-04,score_filtered
10.779999732971191,-0.3497216695245934,21.0,0.0,7.409999847412109,0.0,0.07235628070192202,-0.34322819117968006,4094,sh600481,2026-02-04,score_filtered
68.0,-0.13088237538057212,16.0,0.19932316554043794,70.87999725341797,0.19932316554043794,0.2645587921142578,-0.06014706106746903,4095,sh688726,2026-02-04,score_filtered
7.320000171661377,-0.20765026574876821,13.0,0.17931033235384408,6.840000152587891,0.17931033235384408,0.11748635428231347,-0.18442627729656524,4096,sz002218,2026-02-04,score_filtered
8.899999618530273,-0.13707863398685383,13.0,0.10286464275365526,8.470000267028809,0.10286464275365526,0.06741577608840488,-0.08202242399161797,4097,bj920985,2026-02-04,score_filtered
105.2300033569336,-0.2975387645079389,21.0,0.0,76.7300033569336,0.0,0.21134654712813083,-0.28746554247835465,4098,sh688516,2026-02-04,score_filtered
16.65999984741211,-0.18607439713013862,6.0,0.6725663424291308,22.68000030517578,0.6725663424291308,0.36134456860146913,0.352941243815714,4099,sh603778,2026-02-04,score_filtered
91.47000122070312,-0.15710071668097403,5.0,0.6975357648903568,130.8800048828125,0.6975357648903568,0.43085167963449633,0.11315183487478175,4100,sz301362,2026-02-05,filtered
288.54998779296875,-0.19559864692530227,20.0,0.07078537173140886,248.5399932861328,0.07078537173140886,0.02360075497033054,-0.16503204689564666,4101,sh603061,2026-02-05,operable_filtered
32.130001068115234,-0.03952693481308278,20.0,0.058003917048754516,32.650001525878906,0.058003917048754516,0.35916578640521735,-0.018051721499326767,4102,sz002155,2026-02-05,operable_filtered
25.299999237060547,-0.21146239665826483,12.0,0.48270670639050683,29.579999923706055,0.48270670639050683,0.32569177576877073,0.1462450938543718,4103,sz002969,2026-02-05,operable_filtered
159.0,-0.22100628546948697,21.0,0.0,134.8300018310547,0.0,0.08805031446540879,-0.21452830572548154,4104,sh688583,2026-02-05,operable_filtered
60.5099983215332,-0.22310362542508722,21.0,0.0,48.900001525878906,0.0,0.03553134334022623,-0.2189720768061041,4105,sz001316,2026-02-05,score_filtered
12.829999923706055,-0.15510520521837512,12.0,0.23154983335333346,13.350000381469727,0.23154983335333346,0.09119252402582867,-0.0031176899525243718,4106,sz002165,2026-02-05,score_filtered
6.599999904632568,-0.09696967814141588,0.0,0.7785235425544359,10.600000381469727,0.7785235425544359,0.6060606870660015,0.6060606870660015,4107,sh600683,2026-02-05,score_filtered
8.670000076293945,-0.11418687880548495,12.0,0.10286464275365526,8.470000267028809,0.10286464275365526,0.09573240096911784,-0.0830450127673561,4108,bj920985,2026-02-05,score_filtered
6.440000057220459,-0.09937886037252974,12.0,0.17931033235384408,6.840000152587891,0.17931033235384408,0.27018637150545555,-0.05590064135337636,4109,sz002218,2026-02-05,score_filtered
108.04000091552734,-0.23176601909791938,11.0,0.24096385542168686,103.0,0.24096385542168686,0.021566103399762504,-0.11329135283273051,4110,sh688416,2026-02-05,score_filtered
59.150001525878906,-0.15486051751671537,5.0,0.2130425555830524,60.63999938964844,0.2130425555830524,0.025190157655661904,-0.10853764696580337,4111,sz001331,2026-02-05,score_filtered
19.25,-0.15272730047052552,21.0,0.0,16.75,0.0,0.057142876959466404,-0.14077917321935873,4112,bj920765,2026-02-05,score_filtered
113.0,-0.37256635817806283,21.0,0.0,74.19999694824219,0.0,0.017522153601182255,-0.37017700735446624,4113,sz002931,2026-02-05,score_filtered
45.18000030517578,-0.13390879141644152,21.0,0.0,40.58000183105469,0.0,0.02478970616023779,-0.12926073734264376,4114,bj920748,2026-02-05,score_filtered
50.79999923706055,-0.22795272028093594,20.0,0.0759816279827974,42.20000076293945,0.0759816279827974,0.033464582450214664,-0.21771649064366638,4115,sz300671,2026-02-05,score_filtered
32.099998474121094,-0.17725853262255575,19.0,0.03824309862617459,27.420000076293945,0.03824309862617459,0.04205614806825375,-0.1563862551103279,4116,bj920978,2026-02-05,score_filtered
12.460000038146973,-0.027287331584828323,0.0,0.8333332939903331,22.219999313354492,0.8333332939903331,0.7833065204917133,0.4654895804958141,4117,sh603618,2026-02-05,score_filtered
94.0,-0.1797872502753075,4.0,0.6975357648903568,130.8800048828125,0.6975357648903568,0.39234047747672873,0.0963829527509974,4118,sz301362,2026-02-06,filtered
27.90999984741211,-0.05911858214084753,2.0,0.49771521280483166,39.33000183105469,0.49771521280483166,0.4091724129730323,0.16660700649591975,4119,bj920046,2026-02-06,traded
8.5,-0.22941174226648664,19.0,0.11450381345956195,7.300000190734863,0.11450381345956195,0.08941179163315716,-0.17647058823529416,4120,sh603616,2026-02-06,expired
18.450000762939453,-0.26287263853191434,21.0,0.0,14.260000228881836,0.0,0.058536578810091555,-0.2547425782431594,4121,bj920471,2026-02-06,traded
6.840000152587891,-0.0628655402899504,21.0,0.0,6.639999866485596,0.0,0.17543856469230068,-0.038011728520717325,4122,sz002634,2026-02-06,expired
36.5,-0.15452053122324483,19.0,0.058003917048754516,32.650001525878906,0.058003917048754516,0.19643830599850176,-0.13726028024333792,4123,sz002155,2026-02-06,operable_filtered
75.61000061035156,-0.21835738662816684,14.0,0.19932316554043794,70.87999725341797,0.19932316554043794,0.13728339068412687,-0.17484461200881418,4124,sh688726,2026-02-06,operable_filtered
157.6999969482422,-0.21458463533767258,20.0,0.08856774718751548,134.8300018310547,0.08856774718751548,0.09701967880683804,-0.1999999612966662,4125,sh688583,2026-02-06,operable_filtered
139.6699981689453,-0.25023267277462513,19.0,0.10637890813398942,115.86000061035156,0.10637890813398942,0.030643651717670695,-0.19810981980164122,4126,sz301529,2026-02-06,score_filtered
22.3799991607666,-0.18230563345411221,5.0,0.2409836082660115,22.709999084472656,0.2409836082660115,0.02815018283019688,-0.09517422880428927,4127,sh603958,2026-02-06,score_filtered
106.0,-0.3374527985194944,21.0,0.0,71.88999938964844,0.0,0.046792444193138216,-0.3245283162818765,4128,sz002931,2026-02-06,score_filtered
15.5600004196167,-0.04691519770078689,2.0,0.5846257667496528,23.5,0.5846257667496528,0.5102827356208319,0.0694086722947751,4129,sz000510,2026-02-06,score_filtered
25.899999618530273,-0.18146713995424868,11.0,0.346698028755259,28.549999237060547,0.346698028755259,0.10231658909501751,-0.06718145933381692,4130,sz002112,2026-02-06,score_filtered
13.739999771118164,-0.11062587550288272,21.0,0.0,12.489999771118164,0.0,0.1972344277266862,-0.0960698483852156,4131,sz002440,2026-02-06,score_filtered
19.280000686645508,-0.3257261650926919,21.0,0.0,13.619999885559082,0.0,0.1109958150121193,-0.29823655336574306,4132,sz002342,2026-02-06,score_filtered
7.400000095367432,-0.21621620054224122,11.0,0.17931033235384408,6.840000152587891,0.17931033235384408,0.10540543239947353,-0.19594598208316616,4133,sz002218,2026-02-06,score_filtered
92.0,-0.16195653832477075,3.0,0.6975357648903568,130.8800048828125,0.6975357648903568,0.4226087487262229,0.06760870892068604,4134,sz301362,2026-02-09,filtered
35.31999969482422,-0.16647789387235623,21.0,0.0,30.790000915527344,0.0,0.23640992486601586,-0.1619478868283427,4135,sz002155,2026-02-09,filtered
62.13999938964844,-0.39620211093832225,21.0,0.0,39.40999984741211,0.0,0.18860639420372283,-0.38719018015635476,4136,bj920368,2026-02-09,expired
84.0,-0.13321431477864587,5.0,0.3136932390212579,95.6500015258789,0.3136932390212579,0.13869049435570124,-0.07547614687965032,4137,sz301312,2026-02-09,operable_filtered
28.030000686645508,-0.2882625660282504,10.0,0.48270670639050683,29.579999923706055,0.48270670639050683,0.1965751014593089,-0.014270478632898542,4138,sz002969,2026-02-09,operable_filtered
22.40999984741211,-0.18027661917388393,21.0,0.0,19.059999465942383,0.0,0.11512717274757112,-0.17626063319208796,4139,bj920167,2026-02-09,operable_filtered
20.030000686645508,-0.26160761583428793,18.0,0.08045974195081795,15.979999542236328,0.08045974195081795,0.031452777791797004,-0.2526210806867484,4140,sz300058,2026-02-09,operable_filtered
140.00999450683594,-0.2000571073907753,21.0,0.0,115.9000015258789,0.0,0.03556896780025931,-0.1936289839625227,4141,sh688258,2026-02-09,operable_filtered
59.0,-0.3301694837667174,21.0,0.0,41.13999938964844,0.0,0.029152563062764925,-0.3220338983050848,4142,bj920179,2026-02-09,operable_filtered
31.170000076293945,-0.25248639140103357,21.0,0.0,23.899999618530273,0.0,0.08918834391533448,-0.24382420156777085,4143,sz002623,2026-02-09,operable_filtered
27.549999237060547,-0.2225045129046851,13.0,0.14612507701298516,24.549999237060547,0.14612507701298516,0.05989116412240425,-0.20254083768538844,4144,sh603626,2026-02-09,score_filtered
7.849999904632568,-0.261146463541729,10.0,0.17931033235384408,6.840000152587891,0.17931033235384408,0.042038268095833775,-0.24076431712696433,4145,sz002218,2026-02-09,score_filtered
25.8700008392334,-0.23115582742911756,13.0,0.2393162581673649,24.649999618530273,0.2393162581673649,0.06996518775513194,-0.11248556862617298,4146,sh688066,2026-02-09,score_filtered
115.5999984741211,-0.1124567488892334,16.0,0.2298245826680232,126.18000030517578,0.2298245826680232,0.29628034672562675,-0.037716268753477666,4147,sh603163,2026-02-09,score_filtered
19.149999618530273,-0.33420364208975695,21.0,0.0,13.239999771118164,0.0,0.1185378852732264,-0.32741512422915475,4148,sz002342,2026-02-09,score_filtered
98.0,-0.2277550989267777,17.0,0.10967234432199358,83.9800033569336,0.10967234432199358,0.10081629850426488,-0.2125510390923948,4149,sz301636,2026-02-09,score_filtered
41.5099983215332,-0.3991808831001552,21.0,0.0,25.899999618530273,0.0,0.009154446723215415,-0.39653095037428787,4150,sz300912,2026-02-10,expired
89.97000122070312,-0.14304771114775194,2.0,0.6975357648903568,130.8800048828125,0.6975357648903568,0.45470715913134296,0.05668554412498472,4151,sz301362,2026-02-10,filtered
68.0,-0.44852941176470584,21.0,0.0,44.20000076293945,0.0,0.08617647956399366,-0.4058823305017808,4152,bj920368,2026-02-10,expired
31.5,-0.2666666545565166,21.0,0.0,25.290000915527344,0.0,0.07777780199807793,-0.24095238579644096,4153,sz002623,2026-02-10,operable_filtered
5.269999980926514,-0.18406068191695057,2.0,0.4790697328847071,6.360000133514404,0.4790697328847071,0.20683114924722612,0.018975314040700964,4154,sz002506,2026-02-10,operable_filtered
43.52000045776367,-0.40762866692372635,21.0,0.0,27.170000076293945,0.0,0.006433795412493559,-0.40670957207634617,4155,sz300364,2026-02-10,score_filtered
118.63999938964844,-0.13519892951825874,15.0,0.2298245826680232,126.18000030517578,0.2298245826680232,0.2630647915916149,-0.07349967351284359,4156,sh603163,2026-02-10,score_filtered
40.40999984741211,-0.4298440731866807,21.0,0.0,23.709999084472656,0.0,0.0009898766562332906,-0.42910171289442256,4157,sh603103,2026-02-10,score_filtered
29.600000381469727,-0.3260134964245268,9.0,0.48270670639050683,29.579999923706055,0.48270670639050683,0.1331081244351655,-0.07229734018303458,4158,sz002969,2026-02-10,score_filtered
7.5,-0.23333333333333328,21.0,0.0,6.199999809265137,0.0,0.02533334096272788,-0.2013333638509115,4159,sz002218,2026-02-10,score_filtered
59.290000915527344,-0.2138640598646886,21.0,0.0,48.79999923706055,0.0,0.0733681633825356,-0.21133416091266555,4160,sh688545,2026-02-10,score_filtered
39.70000076293945,-0.0332493619510571,2.0,0.4147993154218823,54.29999923706055,0.4147993154218823,0.36775814089531234,0.08261961501922199,4161,sh600487,2026-02-10,score_filtered
56.220001220703125,-0.3561010320716832,21.0,0.0,39.20000076293945,0.0,0.015830654043470505,-0.35272147635159157,4162,bj920438,2026-02-11,expired
23.190000534057617,-0.318240618563264,21.0,0.0,16.899999618530273,0.0,0.0,-0.3117723298579671,4163,sh603729,2026-02-11,traded
36.0,-0.33888891008165145,21.0,0.0,25.290000915527344,0.0,0.010833316379123215,-0.33499998516506624,4164,sz300912,2026-02-11,expired
14.010000228881836,-0.17558886495059745,8.0,0.484848427300252,17.149999618530273,0.484848427300252,0.22412557732692107,-0.15774446838273581,4165,sz002455,2026-02-11,expired
8.710000038146973,-0.3708381176724609,21.0,0.0,5.840000152587891,0.0,0.03444319051905387,-0.36394949051783854,4166,sz300182,2026-02-11,filtered
11.0,-0.2218181436712091,21.0,0.0,9.300000190734863,0.0,0.0036363601684570312,-0.2163636467673562,4167,sz002723,2026-02-11,operable_filtered
76.0,-0.22236844112998566,11.0,0.19932316554043794,70.87999725341797,0.19932316554043794,0.13144734031275696,-0.14631582561292145,4168,sh688726,2026-02-11,operable_filtered
60.70000076293945,-0.3634267066889365,21.0,0.0,42.650001525878906,0.0,0.1192751497111546,-0.3634267066889365,4169,sh605287,2026-02-11,operable_filtered
16.309999465942383,-0.1551195472602065,21.0,0.0,14.899999618530273,0.0,0.4408338914462486,-0.14163087318095824,4170,sz000510,2026-02-11,operable_filtered
14.800000190734863,-0.3378378334839559,21.0,0.0,10.5600004196167,0.0,0.012162118187954318,-0.3304054243447919,4171,sz301025,2026-02-11,operable_filtered
8.880000114440918,-0.3671171381608799,21.0,0.0,5.940000057220459,0.0,0.07319815429655518,-0.36148648612366296,4172,sz000892,2026-02-11,operable_filtered
8.399999618530273,-0.2845237497840041,21.0,0.0,6.449999809265137,0.0,0.06666671964857551,-0.27023804847345123,4173,sh603980,2026-02-11,operable_filtered
28.3799991607666,-0.013389681888783311,0.0,0.7292856488909041,48.41999816894531,0.7292856488909041,0.7061310641574166,0.1215645125074154,4174,sz002378,2026-02-11,score_filtered
12.0600004196167,-0.4660033305848641,21.0,0.0,6.760000228881836,0.0,0.08374786401869971,-0.46019900477841424,4175,sz001330,2026-02-11,score_filtered
5.039999961853027,-0.14682535252363227,1.0,0.4790697328847071,6.360000133514404,0.4790697328847071,0.2619047979468754,0.15079369734804748,4176,sz002506,2026-02-11,score_filtered
11.5,-0.11652175239894702,21.0,0.0,10.779999732971191,0.0,0.4052173780358357,-0.10869565217391308,4177,sz301526,2026-02-11,score_filtered
46.88999938964844,-0.3621241152326583,21.0,0.0,32.36000061035156,0.0,0.0,-0.3555129087925315,4178,sz301231,2026-02-11,score_filtered
20.0,-0.20949997901916506,20.0,0.07526878866535491,17.0,0.07526878866535491,0.014500045776367099,-0.15150003433227544,4179,sh603729,2026-02-12,traded
19.0,-0.2947368621826172,20.0,0.080597011526222,14.479999542236328,0.080597011526222,0.06052629571211976,-0.24105262756347656,4180,sz000070,2026-02-12,expired
68.0,-0.44852941176470584,19.0,0.17866668701171884,44.20000076293945,0.17866668701171884,0.08617647956399366,-0.41647058374741497,4181,bj920368,2026-02-12,operable_filtered
19.899999618530273,-0.32160802719668335,20.0,0.06666663840964993,14.399999618530273,0.06666663840964993,0.0231156281728242,-0.3005024953200469,4182,sz300058,2026-02-12,operable_filtered
82.08000183105469,-0.2799707948865955,10.0,0.19932316554043794,70.87999725341797,0.19932316554043794,0.03557502563115866,-0.22076026245562763,4183,sh688726,2026-02-12,operable_filtered
65.5,-0.41358778858912815,21.0,0.0,40.25,0.0,0.037251945670324416,-0.386412234706733,4184,sh605287,2026-02-12,operable_filtered
33.869998931884766,-0.2973132569350173,20.0,0.06260511454750883,25.290000915527344,0.06260511454750883,0.04930623077376195,-0.2695600663917276,4185,sz300912,2026-02-12,operable_filtered
73.33000183105469,-0.1861448409250992,21.0,0.0,64.11000061035156,0.0,0.17046228948417053,-0.1309150695364204,4186,sh603256,2026-02-12,operable_filtered
14.140000343322754,-0.20367751375627952,21.0,0.0,12.069999694824219,0.0,0.21287123070183744,-0.15134372640473892,4187,sz002455,2026-02-12,operable_filtered
31.469999313354492,-0.03400062657040348,0.0,0.5927631176492179,48.41999816894531,0.5927631176492179,0.5386081736709152,0.035589477714355056,4188,sz002378,2026-02-12,operable_filtered
14.600000381469727,-0.018493181555416682,21.0,0.0,15.199999809265137,0.0,0.5479451911627053,0.03904107396789258,4189,sh600397,2026-02-12,score_filtered
31.549999237060547,-0.3676703250279332,7.0,0.48270670639050683,29.579999923706055,0.48270670639050683,0.0580032290113357,-0.16164813304116743,4190,sz002969,2026-02-12,score_filtered
119.0,-0.2951260735006893,21.0,0.0,90.62999725341797,0.0,0.07731089872472419,-0.26050420168067223,4191,sz300842,2026-02-12,score_filtered
37.59000015258789,-0.20457569839962342,21.0,0.0,31.489999771118164,0.0,0.29023675985968334,-0.1638733658528071,4192,sz002842,2026-02-12,score_filtered
8.739999771118164,-0.31235693520928565,20.0,0.07321124186798289,6.449999809265137,0.07321124186798289,0.017162537314963755,-0.27917616067295803,4193,sh603980,2026-02-12,score_filtered
2.680000066757202,-0.2276119844476362,7.0,0.47342997617311444,3.049999952316284,0.47342997617311444,0.1380596553517186,-0.022388126755056525,4194,sz002323,2026-02-12,score_filtered
183.1300048828125,-0.2072298978603534,21.0,0.0,151.0,0.0,0.05935671286714239,-0.18527825604702308,4195,bj920493,2026-02-12,score_filtered
86.0,-0.24069763893304874,21.0,0.0,68.66000366210938,0.0,0.05941861174827401,-0.2151162790697675,4196,sz002931,2026-02-12,score_filtered
35.83000183105469,-0.3446832726119017,19.0,0.06899492635505822,25.100000381469727,0.06899492635505822,0.0,-0.30226071106890307,4197,sh603533,2026-02-13,traded
13.5,-0.29555553860134554,20.0,0.17139853577401754,11.140000343322754,0.17139853577401754,0.022962994045681473,-0.1748147893834997,4198,sh600589,2026-02-13,operable_filtered
129.97999572753906,-0.24957682626803324,20.0,0.07648143340631353,105.0,0.07648143340631353,0.1071703984647765,-0.22172636569277526,4199,sz001270,2026-02-13,operable_filtered
129.3699951171875,-0.20692585339295466,12.0,0.2298245826680232,126.18000030517578,0.2298245826680232,0.15830572589708058,-0.08394522216005107,4200,sh603163,2026-02-13,operable_filtered
145.0,-0.12758620689655176,12.0,0.6624506170099431,210.3000030517578,0.6624506170099431,0.45034484863281254,0.3791723843278556,4201,sh603929,2026-02-13,operable_filtered
19.479999542236328,-0.268480475623046,6.0,0.25473678321169135,17.8799991607666,0.25473678321169135,0.0,-0.22689934427545722,4202,sz002951,2026-02-13,operable_filtered
31.1200008392334,-0.14074553181223914,20.0,0.08227377643120515,28.940000534057617,0.08227377643120515,0.28149100233435687,-0.08772497994740447,4203,bj920207,2026-02-13,score_filtered
33.16999816894531,-0.28248415583746467,19.0,0.06260511454750883,25.290000915527344,0.06260511454750883,0.07145019226443283,-0.24329207817174214,4204,sz300912,2026-02-13,score_filtered
90.86000061035156,-0.2813118796708629,20.0,0.056355285347520656,68.9800033569336,0.056355285347520656,0.00022008191648770214,-0.25280652725514274,4205,sz002931,2026-02-13,score_filtered
203.5,-0.3141031851053824,20.0,0.11025934365781298,154.97000122070312,0.11025934365781298,0.3016216456157863,-0.2923832923832924,4206,sh688031,2026-02-13,score_filtered
56.77000045776367,-0.2846573844831125,18.0,0.1893621893900881,48.29999923706055,0.1893621893900881,0.12735598879579668,-0.18724680257883475,4207,sz300461,2026-02-13,score_filtered
54.849998474121094,-0.23062895283670914,20.0,0.10094782569943428,46.459999084472656,0.10094782569943428,0.10993623995886104,-0.17319964018745082,4208,sz300806,2026-02-13,score_filtered
11.0,-0.20909092643044214,20.0,0.08620689844168528,9.449999809265137,0.08620689844168528,0.049090905623002445,-0.16636362942782312,4209,sz000609,2026-02-13,score_filtered
56.2400016784668,-0.033250403463234934,1.0,0.8212249142605201,99.0199966430664,0.8212249142605201,0.7606684510640624,0.4527026050840879,4210,sh688308,2026-02-13,score_filtered
52.97999954223633,-0.06191013226948061,19.0,0.07243457583215096,53.29999923706055,0.07243457583215096,0.14458285982629082,-0.005851290599651282,4211,sz001331,2026-02-13,score_filtered
7.940000057220459,-0.24307302448738954,19.0,0.08485852456274601,6.519999980926514,0.08485852456274601,0.11712844101215114,-0.18639798594555512,4212,sh603980,2026-02-13,score_filtered
91.5,-0.30163932758602285,20.0,0.14162746801654014,72.94999694824219,0.14162746801654014,0.03551912568306004,-0.2402186159227715,4213,sh688147,2026-02-13,score_filtered
16.18000030517578,-0.11433871116046479,20.0,0.09630147395590627,15.710000038146973,0.09630147395590627,0.39678615297925957,-0.061804695991267256,4214,sh600397,2026-02-13,score_filtered
10.859999656677246,-0.15745857202634284,18.0,0.13879787002304456,10.420000076293945,0.13879787002304456,0.051565417801130886,-0.06998151926646112,4215,sz300264,2026-02-24,expired
51.400001525878906,-0.04630352135139426,1.0,1.013259924924704,98.69000244140625,1.013259924924704,0.9200389010050465,0.2774319399397456,4216,bj920088,2026-02-24,operable_filtered
56.84000015258789,-0.2855383444522631,17.0,0.1893621893900881,48.29999923706055,0.1893621893900881,0.12596762540800444,-0.18437719060701274,4217,sz300461,2026-02-24,operable_filtered
12.979999542236328,-0.005392888851532107,0.0,1.010844259589709,25.959999084472656,1.010844259589709,1.0,0.3482280906910509,4218,sz300164,2026-02-24,operable_filtered
82.48999786376953,-0.27651834342709003,19.0,0.1546582324017367,68.91000366210938,0.1546582324017367,0.040489805476793705,-0.19699358008029688,4219,sh603256,2026-02-24,score_filtered
5.75,0.0,0.0,0.43652177893597144,8.260000228881836,0.43652177893597144,0.43652177893597144,0.2800000232198965,4220,bj920090,2026-02-24,score_filtered
28.600000381469727,-0.027622409265392722,4.0,0.4142395752010106,39.33000183105469,0.4142395752010106,0.37517487085549317,-0.00629371688024194,4221,bj920046,2026-02-24,score_filtered
50.0,-0.2981999969482422,18.0,0.12995159172020454,39.650001525878906,0.12995159172020454,0.13919998168945313,-0.24160003662109375,4222,sz000603,2026-02-24,score_filtered
42.22999954223633,-0.07293388704105863,0.0,0.38697310653148254,54.29999923706055,0.38697310653148254,0.2858157666507293,0.1337911813195276,4223,sh600487,2026-02-24,score_filtered
240.0,-0.18283335367838538,8.0,0.4098511466655048,276.5,0.4098511466655048,0.15208333333333335,0.12033335367838549,4224,sh601869,2026-02-24,score_filtered
17.200000762939453,-0.27906982159859317,19.0,0.09516131786104376,13.579999923706055,0.09516131786104376,0.06279069045352093,-0.24825582955578518,4225,bj920471,2026-02-24,score_filtered
131.99000549316406,-0.22266842788005725,11.0,0.2298245826680232,126.18000030517578,0.2298245826680232,0.13531328030194345,-0.11576638967169961,4226,sh603163,2026-02-24,score_filtered
33.77000045776367,-0.19751258471660826,18.0,0.09926201092960008,29.790000915527344,0.09926201092960008,0.29315953736996914,-0.16701217709638627,4227,sz002155,2026-02-24,score_filtered
36.0099983215332,-0.19966673040385896,19.0,0.24878563704253742,35.9900016784668,0.24878563704253742,0.07970016329786467,-0.06803657490806214,4228,sz300749,2026-02-24,score_filtered
15.390000343322754,-0.2833008780433999,18.0,0.14959207725747814,12.680000305175781,0.14959207725747814,0.12865500011308995,-0.24236519900592313,4229,sz002716,2026-02-24,score_filtered
15.800000190734863,-0.35696204273655996,18.0,0.17027564191856737,11.890000343322754,0.17027564191856737,0.02278478812224005,-0.3075949716254732,4230,sz301526,2026-02-24,score_filtered
47.0099983215332,-0.276749601915512,19.0,0.14588232601390172,38.959999084472656,0.14588232601390172,0.09551163239268035,-0.21314607532067675,4231,sz301217,2026-02-24,score_filtered
60.4900016784668,-0.11224997069134557,19.0,0.09217878384753497,58.650001525878906,0.09217878384753497,0.2193751048032706,-0.09770209428702903,4232,sz301291,2026-02-24,score_filtered
100.75,-0.19801485804706886,21.0,0.0,87.94999694824219,0.0,0.5384615384615385,-0.1927543242575217,4233,sh688480,2026-02-24,score_filtered
3.640000104904175,-0.0357143161248179,0.0,0.41025635974768937,4.949999809265137,0.41025635974768937,0.3598900182986253,0.010989000192372256,4234,sz000711,2026-02-25,expired
184.02000427246094,-0.17807848881440902,18.0,0.09580168921100207,165.74000549316406,0.09580168921100207,0.2498641161830475,-0.1477013764999563,4235,sz301232,2026-02-25,breakout_support_filtered
30.889999389648438,-0.24927157681237022,18.0,0.07373863928814028,24.899999618530273,0.07373863928814028,0.029459367607403086,-0.21010035284406747,4236,sz300986,2026-02-25,expired
10.9399995803833,-0.16361974684740455,17.0,0.14207652950084793,10.449999809265137,0.14207652950084793,0.01736750834966294,-0.06855576131326713,4237,sz300264,2026-02-25,expired
123.22000122070312,-0.18438565975996568,17.0,0.11810948006549293,112.37000274658203,0.11810948006549293,0.0706865068072624,-0.13926313497898424,4238,sh688228,2026-02-25,filtered
8.149999618530273,-0.11288339172004713,4.0,0.5145227912002637,10.949999809265137,0.5145227912002637,0.3435583216922653,0.0625767181291974,4239,sz002498,2026-02-25,operable_filtered
135.0,-0.27748147469979745,18.0,0.08960424217484508,106.27999877929688,0.08960424217484508,0.06600002712673603,-0.23111108850549766,4240,sz001270,2026-02-25,operable_filtered
90.05000305175781,-0.024097787060513465,0.0,0.4893036979211114,130.8800048828125,0.4893036979211114,0.4534147745401733,0.12048859640665266,4241,sz301362,2026-02-25,operable_filtered
15.579999923706055,-0.1431321921153047,21.0,0.0,14.479999542236328,0.0,0.17137356157693895,-0.08793324083875842,4242,sh688387,2026-02-25,operable_filtered
87.51000213623047,-0.2537995491063687,18.0,0.05972425289770933,69.19999694824219,0.05972425289770933,0.0010284120179830936,-0.21997485464613198,4243,sz002931,2026-02-25,operable_filtered
7.920000076293945,-0.20707068821810048,21.0,0.0,6.71999979019165,0.0,0.03661615644689853,-0.1666666867355704,4244,sh603616,2026-02-25,operable_filtered
46.83000183105469,-0.2739697059449322,18.0,0.18088239781996784,40.150001525878906,0.18088239781996784,0.09972235717164679,-0.19090331180550602,4245,sz301217,2026-02-25,operable_filtered
15.15999984741211,-0.32981530674972437,17.0,0.17027564191856737,11.890000343322754,0.17027564191856737,0.032321884963726344,-0.27440632515060637,4246,sz301526,2026-02-25,operable_filtered
118.94000244140625,-0.2912392691997231,18.0,0.12099640069976836,94.5,0.12099640069976836,0.008912035789775175,-0.23356312602214901,4247,sh605376,2026-02-25,score_filtered
8.510000228881836,-0.2937720250012832,17.0,0.09317802353623694,6.570000171661377,0.09317802353623694,0.04230313125673657,-0.24206819790971634,4248,sh603980,2026-02-25,score_filtered
14.369999885559082,-0.0020876641064792034,1.0,0.8103206979246611,25.959999084472656,0.8103206979246611,0.8065413563823873,0.19902572577967526,4249,sz300164,2026-02-25,score_filtered
108.87000274658203,-0.11509144936698168,18.0,0.14697949138846123,110.5,0.14697949138846123,0.31349312383928885,-0.062459840913077436,4250,sh605289,2026-02-25,score_filtered
117.0,-0.3112820356320112,21.0,0.0,83.55000305175781,0.0,0.32478632478632474,-0.30025638678135014,4251,sh688480,2026-02-25,score_filtered
67.19000244140625,0.0,0.0,0.4737311064904015,99.0199966430664,0.4737311064904015,0.4737311064904015,0.1839559482250388,4252,sh688308,2026-02-25,score_filtered
129.0399932861328,-0.2211716891742883,16.0,0.11810948006549293,112.37000274658203,0.11810948006549293,0.022008770493208596,-0.1818815469035736,4253,sh688228,2026-02-26,filtered
200.02000427246094,-0.2438256335902682,17.0,0.1666115500710228,176.4499969482422,0.1666115500710228,0.14988498693711283,-0.14488556328022306,4254,sz301232,2026-02-26,expired
10.600000381469727,-0.1367925198827592,16.0,0.14207652950084793,10.449999809265137,0.14207652950084793,0.035848976140688826,-0.09056603807535579,4255,sz300264,2026-02-26,operable_filtered
48.5,-0.2989690721649485,17.0,0.18088239781996784,40.150001525878906,0.18088239781996784,0.061855670103092786,-0.19628866923224064,4256,sz301217,2026-02-26,operable_filtered
14.329999923706055,-0.26936494607314454,17.0,0.15090734321007138,12.050000190734863,0.15090734321007138,0.04326586802930965,-0.17166783330385127,4257,sh600078,2026-02-26,operable_filtered
8.029999732971191,-0.21793270004447707,20.0,0.07006362510881647,6.71999979019165,0.07006362510881647,0.01743466350912959,-0.17434616003558168,4258,sh603616,2026-02-26,operable_filtered
117.98999786376953,-0.18349014253628393,17.0,0.14697949138846123,110.5,0.14697949138846123,0.2119671378001622,-0.14408000938883048,4259,sh605289,2026-02-26,operable_filtered
25.520000457763672,-0.22021946467182318,16.0,0.14773872313645575,22.84000015258789,0.14773872313645575,0.1559560921177623,-0.1696708403619478,4260,sz300179,2026-02-26,operable_filtered
8.380000114440918,-0.13723151308622095,3.0,0.5145227912002637,10.949999809265137,0.5145227912002637,0.306682536960285,0.028639590434441864,4261,sz002498,2026-02-26,operable_filtered
3.609999895095825,-0.030470885953559068,21.0,0.0,3.7100000381469727,0.0,0.3711911227448228,-0.030470885953559068,4262,sz000711,2026-02-26,operable_filtered
89.0,-0.012359533417090951,0.0,0.4889647623530442,130.8800048828125,0.4889647623530442,0.4705618526158708,0.1507864962802845,4263,sz301362,2026-02-26,operable_filtered
11.100000381469727,-0.2162162603355524,17.0,0.08620689844168528,9.449999809265137,0.08620689844168528,0.03963960047405335,-0.1729729739018011,4264,sz000609,2026-02-26,operable_filtered
32.70000076293945,-0.2920489578468962,16.0,0.12656588999813545,26.079999923706055,0.12656588999813545,0.010397557940525548,-0.23425075439428034,4265,sz300739,2026-02-26,operable_filtered
39.0,-0.30948717166215944,17.0,0.1013739142703105,29.65999984741211,0.1013739142703105,0.02512819339067507,-0.25769228812975764,4266,sz300943,2026-02-26,score_filtered
24.950000762939453,-0.27535072661953774,16.0,0.12389379317314764,20.31999969482422,0.12389379317314764,0.05611220744368972,-0.25531064707201734,4267,sz300277,2026-02-26,score_filtered
38.540000915527344,-0.22003116886716167,19.0,0.10079842782693538,33.09000015258789,0.10079842782693538,0.2563569542998487,-0.16398545782799812,4268,sz002378,2026-02-26,score_filtered
42.2400016784668,-0.03125008184349576,16.0,0.315982426289269,53.849998474121094,0.315982426289269,0.2855112944927207,0.27485786776312726,4269,sh600487,2026-02-26,score_filtered
60.099998474121094,-0.10648914931233255,2.0,0.43091238819722744,76.83999633789062,0.43091238819722744,0.2785357452376265,-0.04725457944580125,4270,sz300617,2026-02-26,score_filtered
119.0,-0.3228571274701286,20.0,0.04206998402352946,83.97000122070312,0.04206998402352946,0.3025210084033614,-0.30176473665638126,4271,sh688480,2026-02-26,score_filtered
34.09000015258789,-0.4558521808732714,15.0,0.13800547054344126,21.110000610351562,0.13800547054344126,0.026400748660911466,-0.3963039063775494,4272,sz001209,2026-02-27,operable_filtered
12.319999694824219,-0.061688254385818264,1.0,0.4022490048499616,16.209999084472656,0.4022490048499616,0.3157467115265169,0.1030844552940382,4273,sz002350,2026-02-27,operable_filtered
43.130001068115234,-0.31578948532190676,18.0,0.15486281147839942,34.08000183105469,0.15486281147839942,0.12450727565260022,-0.24066776747169782,4274,sz002842,2026-02-27,operable_filtered
103.0,-0.2672815415465716,16.0,0.1921293198021352,89.97000122070312,0.1921293198021352,0.029320355757926242,-0.19669904986631526,4275,sh688503,2026-02-27,operable_filtered
26.81999969482422,-0.2580164114479607,15.0,0.14773872313645575,22.84000015258789,0.14773872313645575,0.09992544130017178,-0.23825501351074185,4276,sz300179,2026-02-27,operable_filtered
32.79999923706055,-0.19115849683711583,19.0,0.08594039654301877,28.809999465942383,0.08594039654301877,0.21585371938225628,-0.1725609749715148,4277,bj920207,2026-02-27,score_filtered
99.27999877929688,-0.10062447609389746,15.0,0.16429609159511416,103.95999908447266,0.16429609159511416,0.3182917656331121,0.007453644972484019,4278,sz301362,2026-02-27,score_filtered
209.4199981689453,-0.2777671601449344,16.0,0.22314049586776852,185.0,0.22314049586776852,0.0881482517203298,-0.18202652779337225,4279,sz301232,2026-02-27,score_filtered
43.18000030517578,-0.2093562031411973,10.0,0.3268892808122288,45.29999923706055,0.3268892808122288,0.15794348417377702,-0.0060213555903866345,4280,sz301226,2026-02-27,score_filtered
91.80000305175781,-0.25403048932009464,20.0,0.10820671246308544,75.88999938964844,0.10820671246308544,0.04270150368878722,-0.2159041289317768,4281,sz002865,2026-02-27,score_filtered
2.5299999713897705,-0.2015810261780776,21.0,0.0,2.140000104904175,0.0,0.05138344502411463,-0.19762846073288365,4282,sz000826,2026-02-27,score_filtered
85.47000122070312,-0.25634725090076305,20.0,0.10446814712847718,70.19999694824219,0.10446814712847718,0.06493501044924432,-0.221715272107034,4283,sz301636,2026-02-27,score_filtered
144.99000549316406,-0.47354990730962165,21.0,0.0,84.75,0.0,0.06903920358364202,-0.4694806865665516,4284,sh688480,2026-02-27,score_filtered
41.970001220703125,0.0,0.0,0.5570644882870528,65.3499984741211,0.5570644882870528,0.5570644882870528,0.40028588869264503,4285,sh688309,2026-02-27,score_filtered
117.26000213623047,-0.23793280758655633,20.0,0.12130703070558058,100.19999694824219,0.12130703070558058,0.10856219618812668,-0.17448404154643127,4286,sz002353,2026-02-27,score_filtered
92.56999969482422,-0.18958629263924553,11.0,0.3445748768359185,100.87000274658203,0.3445748768359185,0.0896619107607266,-0.07097331442674248,4287,sz301312,2026-02-27,score_filtered
42.4900016784668,-0.3925629925540237,15.0,0.27896160420660165,33.0099983215332,0.27896160420660165,0.009649325281620103,-0.32007535306148527,4288,sh688530,2026-02-27,score_filtered
47.349998474121094,-0.27898626209444366,9.0,0.3705331503232101,46.790000915527344,0.3705331503232101,0.04287228425368639,-0.03801476863920761,4289,sz301226,2026-03-02,operable_filtered
19.65999984741211,-0.3184130354764908,14.0,0.42164177458013774,19.049999237060547,0.42164177458013774,0.024923691501587797,-0.06154624078656501,4290,sz000070,2026-03-02,operable_filtered
24.280000686645508,-0.08525541777729007,1.0,0.6064836459232548,35.68000030517578,0.6064836459232548,0.4695222115376836,0.02635911744436026,4291,sz002667,2026-03-02,operable_filtered
50.06999969482422,-0.1827441897672859,14.0,0.336754721666922,54.70000076293945,0.336754721666922,0.09247056313830648,0.03774714202452478,4292,sh600487,2026-03-02,operable_filtered
76.06999969482422,-0.2927566786789263,20.0,0.054089217261689804,56.709999084472656,0.054089217261689804,0.02576573014770256,-0.2650190604481334,4293,sh688035,2026-03-02,score_filtered
133.16000366210938,-0.2964103344489041,20.0,0.11175153109053526,104.16000366210938,0.11175153109053526,0.07389603535052003,-0.2177831120640915,4294,sh605289,2026-03-02,score_filtered
123.97000122070312,-0.3320964569133994,18.0,0.07910622199215278,89.3499984741211,0.07910622199215278,0.04856016950216491,-0.2924094510208508,4295,sh688028,2026-03-02,score_filtered
43.849998474121094,-0.3144811741856077,17.0,0.10079842782693538,33.09000015258789,0.10079842782693538,0.10421892483123552,-0.28186999163289406,4296,sz002378,2026-03-02,score_filtered
45.720001220703125,-0.35454944354815565,17.0,0.15486281147839942,34.08000183105469,0.15486281147839942,0.060804871064570776,-0.29571303798744186,4297,sz002842,2026-03-02,score_filtered
21.639999389648438,-0.3650646876778224,15.0,0.1026200779403188,15.149999618530273,0.1026200779403188,0.052680283232465985,-0.32393712906298766,4298,sh600331,2026-03-02,score_filtered
23.40999984741211,-0.41136267309738916,14.0,0.13860666795530352,15.6899995803833,0.13860666795530352,0.0038445174359043044,-0.35839382504634754,4299,sz000510,2026-03-02,score_filtered
14.520000457763672,-0.3243801576899119,19.0,0.10091740354449907,10.800000190734863,0.10091740354449907,0.08608815155592087,-0.28305788435109824,4300,bj920571,2026-03-03,traded
17.530000686645508,-0.3205933039988276,10.0,0.3224181529626362,15.75,0.3224181529626362,0.0,-0.274957242424437,4301,bj920010,2026-03-03,traded
7.690000057220459,-0.20026007157269887,21.0,0.0,6.400000095367432,0.0,0.0078023332032624015,-0.19375815824036302,4302,sh603616,2026-03-03,traded
27.899999618530273,-0.3738351414975831,13.0,0.13909561537980308,19.899999618530273,0.13909561537980308,0.017921147198436405,-0.3465949895523097,4303,bj920351,2026-03-03,traded
32.4900016784668,-0.34349034097333364,21.0,0.0,21.979999542236328,0.0,0.20929513344923412,-0.3373345775812989,4304,sz301302,2026-03-03,expired
9.199999809265137,-0.30652171231397773,14.0,0.09561122973909231,6.989999771118164,0.09561122973909231,0.08913050711943815,-0.2869565131758921,4305,sz300157,2026-03-03,operable_filtered
113.0,-0.20982300074754567,13.0,0.16452012869059884,103.9800033569336,0.16452012869059884,0.1582301317063053,-0.1207964736803443,4306,sz301362,2026-03-03,operable_filtered
14.180000305175781,-0.344146686136508,20.0,0.06881713726049576,9.9399995803833,0.06881713726049576,0.1290549988943297,-0.308885756006803,4307,sz002207,2026-03-03,operable_filtered
90.0,-0.4068888770209418,20.0,0.19145742228376306,63.599998474121094,0.19145742228376306,0.0965555826822917,-0.3113333384195963,4308,bj920088,2026-03-03,operable_filtered
24.280000686645508,-0.16268536454828164,21.0,0.0,21.079999923706055,0.0,0.19439864826489028,-0.15032954788532937,4309,sh600367,2026-03-03,operable_filtered
13.510000228881836,-0.2738711877558102,19.0,0.05708455066144258,10.369999885559082,0.05708455066144258,0.0362694124956886,-0.2376017752601215,4310,bj920260,2026-03-03,operable_filtered
34.029998779296875,-0.30708196386854936,14.0,0.09414755388199247,25.799999237060547,0.09414755388199247,0.039377026172658036,-0.2697619373237258,4311,sz301158,2026-03-03,operable_filtered
22.0,-0.3336363705721769,20.0,0.10368352480112697,16.18000030517578,0.10368352480112697,0.17999995838512084,-0.2854545333168723,4312,sz300164,2026-03-03,operable_filtered
21.0,-0.17095238821847103,21.0,0.0,18.040000915527344,0.0,0.2942857288178944,-0.16761906941731775,4313,sh600714,2026-03-03,operable_filtered
4.940000057220459,-0.09716599463838127,21.0,0.0,4.730000019073486,0.0,0.287449404827117,-0.08502025737430108,4314,sz002506,2026-03-03,operable_filtered
11.220000267028809,-0.18003568713805318,18.0,0.17391308854793652,10.800000190734863,0.17391308854793652,0.12121208772817527,-0.06506243124216582,4315,sz300393,2026-03-03,operable_filtered
35.0,-0.2419999803815569,17.0,0.08594039654301877,28.809999465942383,0.08594039654301877,0.13942860194614948,-0.2137142726353236,4316,bj920207,2026-03-03,score_filtered
12.800000190734863,-0.2335937286377887,18.0,0.10091740354449907,10.800000190734863,0.10091740354449907,0.1156249625142669,-0.20625002374872525,4317,bj920571,2026-03-04,operable_filtered
78.0,-0.3156410119472406,19.0,0.19145742228376306,63.599998474121094,0.19145742228376306,0.19897431593674875,-0.22807693481445312,4318,bj920088,2026-03-04,expired
14.109999656677246,-0.1559177790783315,9.0,0.3224181529626362,15.75,0.3224181529626362,0.17717937735677025,-0.15308291282558162,4319,bj920010,2026-03-04,traded
11.460000038146973,-0.25130890967314523,12.0,0.2447552913919666,10.680000305175781,0.2447552913919666,0.011343814485880177,-0.21029667010383313,4320,bj920021,2026-03-04,operable_filtered
4.010000228881836,-0.16957612627503393,21.0,0.0,3.549999952316284,0.0,0.2344138470648951,-0.14713219922992582,4321,sz000711,2026-03-04,operable_filtered
21.989999771118164,-0.027285147235779905,20.0,0.07433381009619677,22.979999542236328,0.07433381009619677,0.34515690002674115,-0.005002301568735712,4322,sz002969,2026-03-04,operable_filtered
8.859999656677246,-0.30474039660151797,21.0,0.0,6.619999885559082,0.0,0.049661461750285296,-0.30361170255305947,4323,sz300157,2026-03-04,operable_filtered
13.529999732971191,-0.3244641150251074,21.0,0.0,9.970000267028809,0.0,0.18329641868854907,-0.3133776684995587,4324,sz002207,2026-03-04,operable_filtered
11.890000343322754,-0.2136248854929137,21.0,0.0,10.0,0.0,0.2211942841463319,-0.2026913987803075,4325,sz002490,2026-03-04,operable_filtered
4.159999847412109,-0.3269230636971937,13.0,0.09642856625878071,3.069999933242798,0.09642856625878071,0.06250005731216057,-0.3100961560504677,4326,sh600871,2026-03-04,operable_filtered
11.100000381469727,0.0,0.0,0.8036035828597754,20.020000457763672,0.8036035828597754,0.8036035828597754,0.18918913113743097,4327,sh600722,2026-03-04,operable_filtered
45.349998474121094,-0.2701212880302619,19.0,0.09093662462201646,36.11000061035156,0.09093662462201646,0.055788372196702074,-0.20926126092782527,4328,sh603619,2026-03-04,score_filtered
22.200000762939453,-0.2729730254517624,21.0,0.0,17.399999618530273,0.0,0.22432429599506643,-0.2644144431306842,4329,sh600714,2026-03-04,score_filtered
120.30000305175781,-0.2577722472948628,12.0,0.16452012869059884,103.9800033569336,0.16452012869059884,0.0879468126572096,-0.1438071705144901,4330,sz301362,2026-03-04,score_filtered
30.100000381469727,-0.26245845576114013,21.0,0.0,24.239999771118164,0.0,0.09568103402881012,-0.2561462091066201,4331,bj920299,2026-03-04,score_filtered
22.0,-0.3336363705721769,19.0,0.10368352480112697,16.18000030517578,0.10368352480112697,0.17999995838512084,-0.308181806044145,4332,sz300164,2026-03-04,score_filtered
11.4399995803833,-0.29020977417841665,13.0,0.09605908176900013,8.899999618530273,0.09605908176900013,0.013986084524057807,-0.28146848177127337,4333,sz000554,2026-03-04,score_filtered
12.260000228881836,-0.24959219922427234,17.0,0.17391308854793652,10.800000190734863,0.17391308854793652,0.02610111654568903,-0.1998368485747236,4334,sz300393,2026-03-04,score_filtered
59.0,-0.29525420625331034,12.0,0.2604617012851804,52.40999984741211,0.2604617012851804,0.04711862337791306,-0.16677966360318464,4335,sh600498,2026-03-04,score_filtered
11.699999809265137,-0.16153841200508068,17.0,0.10091740354449907,10.800000190734863,0.10091740354449907,0.17777777415508322,-0.12393160964984751,4336,bj920571,2026-03-05,traded
16.68000030517578,-0.25779377170638174,21.0,0.0,12.979999542236328,0.0,0.31834528589874767,-0.22422066285166453,4337,bj920014,2026-03-05,traded
14.0,-0.16428572790963314,21.0,0.0,12.460000038146973,0.0,0.17785712650844032,-0.11571427753993446,4338,bj920010,2026-03-05,traded
56.9900016784668,-0.28741885568858094,10.0,0.6744643924646156,68.0,0.6744643924646156,0.19319175289116086,0.11703804127918671,4339,sz300461,2026-03-05,operable_filtered
23.399999618530273,-0.11538456835925381,21.0,0.0,22.90999984741211,0.0,0.26410258144969756,-0.045299123214642134,4340,sz002969,2026-03-05,operable_filtered
43.0099983215332,-0.19204832931597182,21.0,0.0,36.86000061035156,0.0,0.05510353032019255,-0.19042080786617033,4341,sh600875,2026-03-05,score_filtered
27.739999771118164,-0.2372025947367491,12.0,0.3572778601350972,28.719999313354492,0.3572778601350972,0.1175198361852916,-0.02487384786412361,4342,sz300658,2026-03-05,score_filtered
23.399999618530273,-0.2837606623031854,21.0,0.0,18.5,0.0,0.100427368366655,-0.24572649973235983,4343,sz002800,2026-03-05,score_filtered
25.010000228881836,-0.30147944208413335,21.0,0.0,18.040000915527344,0.0,0.04758098853127524,-0.29508200722016487,4344,sz300277,2026-03-05,score_filtered
13.800000190734863,-0.056521718999313686,1.0,0.24500756640195243,16.209999084472656,0.24500756640195243,0.17463759858176187,0.02391303761920316,4345,sz002350,2026-03-05,score_filtered
23.68000030517578,-0.3184121967211002,20.0,0.07806693163135758,17.399999618530273,0.07806693163135758,0.14780405214923076,-0.2854729789595607,4346,sh600714,2026-03-05,score_filtered
20.860000610351562,-0.30105467415610343,21.0,0.0,15.0600004196167,0.0,0.07861933565019186,-0.2976989841860138,4347,bj920833,2026-03-05,score_filtered
23.670000076293945,-0.2733417529573372,20.0,0.07848827989763296,18.549999237060547,0.07848827989763296,0.05154200715767421,-0.2492606505920234,4348,bj920351,2026-03-05,score_filtered
12.8100004196167,-0.2974239106020812,21.0,0.0,9.880000114440918,0.0,0.13348945996351014,-0.23106947237988784,4349,sz002490,2026-03-05,score_filtered
49.369998931884766,-0.17115659197396027,11.0,0.5029326185716476,61.5,0.5029326185716476,0.24569579361042448,0.18898120382638028,4350,sh600487,2026-03-05,score_filtered
32.56999969482422,-0.2545286793323518,20.0,0.0790774308894473,26.200000762939453,0.0790774308894473,0.20755303038288697,-0.2327295055182519,4351,bj920046,2026-03-05,score_filtered
30.489999771118164,-0.27189239325713155,20.0,0.09189184405724315,24.239999771118164,0.09189184405724315,0.04952444211928775,-0.248606099724745,4352,bj920299,2026-03-05,score_filtered
58.0,-0.0282758515456627,12.0,0.47019162017419824,82.86000061035156,0.47019162017419824,0.4286207001784752,0.4286207001784752,4353,sz301373,2026-03-05,score_filtered
50.72999954223633,-0.21742556433720484,21.0,0.0,42.150001525878906,0.0,0.09718116202763238,-0.2134831088918241,4354,sh601126,2026-03-05,score_filtered
9.84000015258789,-0.23678860646087208,20.0,0.07190412055865258,8.050000190734863,0.07190412055865258,0.11280484140900349,-0.19308943759190256,4355,sz002498,2026-03-06,expired
11.260000228881836,-0.19094143237136452,20.0,0.1119649282331261,10.130000114440918,0.1119649282331261,0.21492007345494168,-0.11012431135992096,4356,sz300323,2026-03-06,operable_filtered
44.47999954223633,-0.33183454093488385,19.0,0.08445492216932804,32.22999954223633,0.08445492216932804,0.08857910672790648,-0.27742806383957686,4357,sz002378,2026-03-06,operable_filtered
59.0,-0.3116949049092955,9.0,0.6744643924646156,68.0,0.6744643924646156,0.15254237288135597,0.11016949152542366,4358,sz300461,2026-03-06,operable_filtered
7.349999904632568,-0.21360540342792078,20.0,0.12456743322774444,6.5,0.12456743322774444,0.12380956953151956,-0.14149659528533254,4359,bj920090,2026-03-06,operable_filtered
15.149999618530273,-0.20792077213503324,20.0,0.07583332061767578,12.90999984741211,0.07583332061767578,0.06930700797674616,-0.14785477409374814,4360,bj920471,2026-03-06,operable_filtered
16.90999984741211,-0.27143703098792993,10.0,0.18750003870431575,14.630000114440918,0.18750003870431575,0.0709639724286042,-0.15316381880300622,4361,sh688176,2026-03-06,score_filtered
8.90999984741211,-0.04152636272676791,0.0,0.3817330495835827,11.800000190734863,0.3817330495835827,0.3243547017750117,0.31200895404938045,4362,sz300209,2026-03-06,score_filtered
28.1299991607666,-0.24777815575180218,11.0,0.3572778601350972,28.719999313354492,0.3572778601350972,0.10202633931238214,-0.02843936227969457,4363,sz300658,2026-03-06,score_filtered
42.11000061035156,-0.17478034917297802,20.0,0.10215825142620272,38.29999923706055,0.10215825142620272,0.04630730787641224,-0.09047735260194778,4364,sh600875,2026-03-06,score_filtered
15.800000190734863,-0.21265826391077325,14.0,0.14951773899450993,14.300000190734863,0.14951773899450993,0.08860763008253336,-0.10379748883069329,4365,sh600590,2026-03-06,score_filtered
31.799999237060547,-0.23647794751048412,19.0,0.09555187929217257,26.600000381469727,0.09555187929217257,0.23679254008341233,-0.1647798709696613,4366,bj920046,2026-03-06,score_filtered
112.0,-0.10830354690551758,18.0,0.10603780961899556,110.45999908447266,0.10603780961899556,0.26258931841169075,-0.014196395874023438,4367,sz000988,2026-03-06,score_filtered
20.920000076293945,-0.2437858682060392,16.0,0.15360305638759253,18.25,0.15360305638759253,0.012428309174647767,-0.14674950686558885,4368,sz300831,2026-03-06,score_filtered
65.7699966430664,-0.1430742969895964,11.0,0.559261822244856,87.87999725341797,0.559261822244856,0.33617153320445614,0.24372825341144844,4369,sz301373,2026-03-06,score_filtered
20.110000610351562,-0.33714572256927344,18.0,0.07276821249666776,14.300000190734863,0.07276821249666776,0.09348578337679792,-0.32073598046632257,4370,bj920375,2026-03-09,expired
9.970000267028809,-0.2467402178796616,19.0,0.07190412055865258,8.050000190734863,0.07190412055865258,0.09829483610719914,-0.22467404091884458,4371,sz002498,2026-03-09,expired
15.0,-0.19999999999999996,20.0,0.06499997774759936,12.779999732971191,0.06499997774759936,0.1933333079020183,-0.1793333053588867,4372,bj920014,2026-03-09,operable_filtered
32.349998474121094,-0.25811433904087544,19.0,0.0954167048136394,26.290000915527344,0.0954167048136394,0.040494634778390326,-0.20525501399822976,4373,sh601567,2026-03-09,operable_filtered
62.0,-0.18999998031123988,20.0,0.10533645902519972,55.5099983215332,0.10533645902519972,0.3498387490549395,-0.1309677247078188,4374,bj920088,2026-03-09,operable_filtered
7.929999828338623,-0.2711222780670236,19.0,0.12456743322774444,6.5,0.12456743322774444,0.04161417499202513,-0.23203022895099135,4375,bj920090,2026-03-09,operable_filtered
28.0,-0.17464283534458702,19.0,0.09736044745027694,25.360000610351562,0.09736044745027694,0.2742857251848494,-0.1071428571428571,4376,sz002667,2026-03-09,score_filtered
10.119999885559082,-0.030632358641104585,15.0,0.10091740354449907,10.800000190734863,0.10091740354449907,0.23122531413532887,0.0049407303656408,4377,bj920571,2026-03-09,score_filtered
2.7899999618530273,-0.039426486236496916,10.0,0.22388055585333166,3.2799999713897705,0.22388055585333166,0.36917562203322674,0.060931927820184084,4378,sz002470,2026-03-09,score_filtered
16.8799991607666,-0.2630331635740235,13.0,0.14951773899450993,14.300000190734863,0.14951773899450993,0.014810427276623628,-0.16409950484639457,4379,sh600590,2026-03-09,score_filtered
38.099998474121094,-0.3120734872922517,19.0,0.23426171705919296,32.349998474121094,0.23426171705919296,0.02099745626764804,-0.21522307569541133,4380,bj920207,2026-03-09,score_filtered
36.5,-0.3473972686349529,21.0,0.0,26.270000457763672,0.0,0.020547945205479534,-0.34630135314105304,4381,bj920046,2026-03-09,score_filtered
40.5,-0.2938271510748216,10.0,0.12937058763076426,32.29999923706055,0.12937058763076426,0.02098761664496518,-0.2222222222222222,4382,sh600673,2026-03-09,score_filtered
12.510000228881836,-0.11270981787489043,20.0,0.08468464397105158,12.039999961853027,0.08468464397105158,0.2589927827209768,-0.07034373288093643,4383,bj920010,2026-03-09,score_filtered
20.649999618530273,-0.22760290053698562,19.0,0.157993701205283,18.469999313354492,0.157993701205283,0.04019370164836489,-0.1307505523229151,4384,sz300017,2026-03-09,score_filtered
28.600000381469727,-0.2863636512174319,19.0,0.09456150512517003,22.34000015258789,0.09456150512517003,0.016433542205789964,-0.22762238258918843,4385,sz301120,2026-03-09,score_filtered
47.0,-0.25468087703623665,15.0,0.2092492745214367,42.36000061035156,0.2092492745214367,0.04553190190741363,-0.1163830046958112,4386,sz000534,2026-03-09,score_filtered
17.34000015258789,-0.2895040607606031,9.0,0.18750003870431575,14.630000114440918,0.18750003870431575,0.04440602370172142,-0.1920415164015481,4387,sh688176,2026-03-09,score_filtered
19.270000457763672,-0.3082511880099337,17.0,0.07276821249666776,14.300000190734863,0.07276821249666776,0.14115201083239381,-0.283860930829662,4388,bj920375,2026-03-10,filtered
122.98999786376953,-0.18798272639045388,16.0,0.1800339965260931,117.8499984741211,0.1800339965260931,0.14976832358955616,-0.057484346838149736,4389,sz000988,2026-03-10,operable_filtered
54.689998626708984,-0.30517460314138833,18.0,0.09815788269042969,41.72999954223633,0.09815788269042969,0.005668337558516923,-0.2503199665472874,4390,sh688191,2026-03-10,operable_filtered
6.880000114440918,-0.23110466949710173,18.0,0.08695652957733468,5.75,0.08695652957733468,0.16279067833272776,-0.19040696526005718,4391,sh601789,2026-03-10,operable_filtered
78.0,-0.2774358896108774,9.0,0.559261822244856,87.87999725341797,0.559261822244856,0.12666663145407653,0.058717972193008894,4392,sz301373,2026-03-10,operable_filtered
35.619998931884766,-0.24199885430565493,21.0,0.0,30.889999389648438,0.0,0.04688383025603349,-0.16198761155071517,4393,sz300257,2026-03-10,operable_filtered
18.190000534057617,-0.25233644957810264,17.0,0.10882349270025449,15.079999923706055,0.10882349270025449,0.2006596762708326,-0.1962617121321315,4394,sz000533,2026-03-10,operable_filtered
15.859999656677246,-0.24337955486979734,19.0,0.06499997774759936,12.779999732971191,0.06499997774759936,0.12862547326690277,-0.22320302890817822,4395,bj920014,2026-03-10,score_filtered
15.069999694824219,-0.12276041574379004,6.0,0.22541606926762925,16.200000762939453,0.22541606926762925,0.07564694178726294,-0.013271387744873464,4396,sz002350,2026-03-10,score_filtered
43.97999954223633,-0.24965892807005718,13.0,0.17515147816051146,38.779998779296875,0.17515147816051146,0.034561174933708916,-0.22805818289435253,4397,bj920368,2026-03-10,score_filtered
51.47999954223633,-0.2383449993564366,13.0,0.18592198637449653,46.5,0.18592198637449653,0.03535352973985595,-0.1351981186161897,4398,sh688158,2026-03-10,score_filtered
20.440000534057617,-0.1325832153138069,5.0,0.697687600598389,30.100000381469727,0.697687600598389,0.47260271991267255,0.18003914916949615,4399,sh603618,2026-03-10,score_filtered
6.0,-0.3000000317891439,17.0,0.08333342794388487,4.550000190734863,0.08333342794388487,0.06000002225240064,-0.25999999046325684,4400,sz002506,2026-03-10,score_filtered
34.90999984741211,-0.2606703071109957,8.0,0.32235574484034846,34.130001068115234,0.32235574484034846,0.04296763123908165,-0.08249788257529111,4401,sh688530,2026-03-10,score_filtered
36.84000015258789,-0.2975027401309982,17.0,0.12326123019716229,29.06999969482422,0.12326123019716229,0.05537461745596772,-0.2690010805202444,4402,sz300749,2026-03-10,score_filtered
74.0,-0.28513511451514995,17.0,0.22646494105824178,64.87999725341797,0.22646494105824178,0.05445944296347127,-0.1472973179172825,4403,sh688035,2026-03-10,score_filtered
56.16999816894531,-0.3222360524150424,13.0,0.24481218202088173,47.38999938964844,0.24481218202088173,0.023500152261911156,-0.17179985803376496,4404,sz300819,2026-03-10,score_filtered
19.0,-0.29842105664704976,16.0,0.07276821249666776,14.300000190734863,0.07276821249666776,0.15736840900621907,-0.27368420048763875,4405,bj920375,2026-03-11,traded
17.600000381469727,-0.31818183295982894,18.0,0.06499997774759936,12.779999732971191,0.06499997774759936,0.017045410827172702,-0.27954545282135324,4406,bj920014,2026-03-11,operable_filtered
7.300000190734863,-0.27534248991293475,17.0,0.08695652957733468,5.75,0.08695652957733468,0.0958903823254107,-0.23150685110466185,4407,sh601789,2026-03-11,operable_filtered
133.74000549316406,-0.253252589766891,15.0,0.25362965360013523,125.19999694824219,0.25362965360013523,0.057350066202422445,-0.06415434035175993,4408,sz000988,2026-03-11,operable_filtered
15.100000381469727,-0.1245033156918326,5.0,0.22541606926762925,16.200000762939453,0.22541606926762925,0.07350984602391719,-0.04701986888810039,4409,sz002350,2026-03-11,score_filtered
20.700000762939453,-0.342995174868849,18.0,0.1308823296355548,15.380000114440918,0.1308823296355548,0.052173907434807765,-0.27101451225042994,4410,sz300164,2026-03-11,score_filtered
35.689998626708984,-0.24348554107832698,20.0,0.14407405146846064,30.889999389648438,0.14407405146846064,0.03558421144945778,-0.17455869380656241,4411,sz300257,2026-03-11,score_filtered
17.309999465942383,-0.21432693234752087,16.0,0.10882349270025449,15.079999923706055,0.10882349270025449,0.26169848794960027,-0.14846907996044267,4412,sz000533,2026-03-11,score_filtered
3.0,-0.10666664441426599,8.0,0.22388055585333166,3.2799999713897705,0.22388055585333166,0.2733333110809326,-0.029999971389770508,4413,sz002470,2026-03-11,score_filtered
22.239999771118164,-0.14478414327756084,17.0,0.2502628871882533,23.780000686645508,0.2502628871882533,0.06924464619497228,0.05350721880865317,4414,sz301265,2026-03-11,score_filtered
36.90999984741211,-0.15470059897258448,16.0,0.21153840745929808,37.79999923706055,0.21153840745929808,0.12300192181782577,-0.050121877046033214,4415,bj920779,2026-03-11,score_filtered
10.069999694824219,-0.28897715348569397,17.0,0.06843579027902158,7.650000095367432,0.06843579027902158,0.09235355842699611,-0.24230383856291604,4416,sz003035,2026-03-11,score_filtered
20.81999969482422,-0.03890487405452492,2.0,0.7126436814478081,34.27000045776367,0.7126436814478081,0.6460134947208034,0.5898174332034041,4417,sh603778,2026-03-11,score_filtered
4.039999961853027,-0.15594056484430674,16.0,0.21700879498848358,4.150000095367432,0.21700879498848358,0.33663369959305967,-0.061881188703113876,4418,sh600227,2026-03-11,score_filtered
51.5,-0.23864079447625908,12.0,0.18592198637449653,46.5,0.18592198637449653,0.034951441496321234,-0.126407734398703,4419,sh688158,2026-03-11,score_filtered
126.0,-0.007936507936507908,0.0,0.744,218.0,0.744,0.7301587301587302,0.5452380710177951,4420,sz301396,2026-03-11,score_filtered
15.109999656677246,-0.14692252573106146,7.0,0.4476337742751355,18.65999984741211,0.4476337742751355,0.23494376382504334,0.06022507093071239,4421,sh603588,2026-03-11,score_filtered
47.9900016784668,-0.2331736205466154,13.0,0.2451087131730103,45.81999969482422,0.2451087131730103,0.028964353845232882,-0.10793915657435904,4422,sz001267,2026-03-11,score_filtered
