signal_idx,signal_idx_x,stock_code,t0_date,buy_price,fine_score,operable_score,status,pipeline_stage,trend,structure_strength,atr,n_supports,n_resistances,fused_supports_count,top_support_source,top_support_confidence,top_support_price,realtime_style,entry_price,entry_day_idx,entry_type,confirmation_type,entry_confidence,support_used_price,support_used_type,initial_stop,stop_reason,initial_tp,tp_levels,exit_date,exit_price,exit_reason,trigger_signal,total_pnl_pct,weighted_pnl_pct,total_hold_days,month,hold_return,future_mfe,filter_reason,shallow_features,signal_idx_y,path_quality,mfe,max_drawdown,final_return,ma20_slope,close_ma20_ratio,close_ma60_ratio,volatility_20,avg_amplitude,gap_freq,up_down_vol_ratio,volume_trend,drawdown_depth_80,rebound_ratio_80,new_high_freq,ma20_touch_freq,momentum_20,vol_5_20_ratio,trend_stability,avg_intraday_dd,price_compactness,predicted_path_quality,original_pnl
0,0,bj920152,2025-02-21,20.5,2.176198812616781,0.2672924351486956,traded,completed,RANGE,0.6083333333333333,1.987905381805232,3.0,0.0,4.0,ma60_washed,0.9,13.892166666666666,deep_pullback,18.92,1.0,pullback,long_lower_shadow,0.67125,19.6343,poc,17.4064,"无有效支撑, 使用最大止损 8%",22.704,"[20.812, 22.704]",2.0,20.4,dynamic_stop,D4,0.0782241014799152,0.0782241014799152,1.0,2025-02,0.0507317073170732,0.4384999999999999,,,0,0.1622405975380676,0.4034146564762766,0.2075078597745417,0.0507317519769436,0.20710000753402716,0.08657266934762786,0.3235245443621293,0.07564854177432945,0.02876513751074864,0.1111111111111111,1.6183156341439682e-33,2.437671412438493,0.5017937203238353,0.794459399168113,0.23,0.25,0.11482716859632425,1.3308570329481693,0.22777885387644703,-0.012956195335708862,1.007200713427383,-0.008382285235162379,0.0782241014799152
1,1,bj920171,2025-02-21,27.51,1.7515919905138555,0.2669838101776057,traded,completed,UP,0.8833333333333334,3.018771633210346,4.0,2.0,5.0,ma60_washed,0.9,22.62133333333333,deep_pullback,27.27,2.0,pullback,bullish_candle,0.8625,25.994000000000003,poc,25.0884,"形态止损: washout, 支撑 25.99 下方 0.75xATR=2.26 (被硬性止损 8% 截断)",32.0,"[29.68, 32.0]",3.0,32.0,initial_tp,,0.1734506784011735,0.1734506784011735,1.0,2025-02,0.1813885859687385,0.3754423213021938,,,1,0.1666482727402722,0.4129406982365795,0.2111111217074924,0.1813885761396443,-0.02252499103546146,0.07626393018259225,0.11138786748193863,0.036557053631516394,0.04347698214735357,0.1717171717171717,3.657360965918486e-33,0.7971590690517407,0.4544262495197234,0.8383838620147546,0.11,0.56,0.08775984321858266,1.6475027929051764,0.27017378613604304,-0.024747761373964648,0.8329327595392653,-0.006790767198209785,0.1734506784011735
2,2,bj920249,2025-02-21,14.96,1.383759578185085,0.2669838101776057,traded,completed,UP,0.7749999999999999,1.5826827971381603,4.0,1.0,5.0,ma60_washed,0.9,11.700166666666666,deep_pullback,19.0,7.0,pullback,bullish_candle,0.8462500000000001,15.086,poc,17.48,"形态止损: washout, 支撑 15.09 下方 0.75xATR=1.19 (被硬性止损 8% 截断)",22.8,"[20.9, 22.8]",8.0,17.48,initial_stop,,-0.0799999999999999,-0.0799999999999999,1.0,2025-02,-0.0033422459893048,0.4688524590163934,,,2,0.1187493741194227,0.497326173891164,0.3383928594996735,-0.0033422587304389,0.008099994659423793,0.024246091914502,0.074511187651366,0.02025656916413993,0.04422130649577565,0.15151515151515152,6.510256757573536e-33,0.7186190636865686,0.5083333121405708,0.6994535393825818,0.17,0.47,0.006600685411728646,1.135522522897338,0.4645586422249761,-0.027213764932621183,1.0338982174157518,-0.0027220034153180813,-0.0799999999999999
6,6,bj920906,2025-02-21,25.67753272304481,1.1574932210421298,0.2669838101776057,traded,completed,UP,0.8333333333333334,2.6768222125589047,4.0,0.0,5.0,ma60_washed,0.9,21.035468718657164,deep_pullback,25.0226961080058,2.0,pullback,bullish_candle,0.8550000000000001,24.37282037641405,poc,23.020880419365337,"形态止损: washout, 支撑 24.37 下方 0.75xATR=2.01 (被硬性止损 8% 截断)",30.02723532960696,"[27.525, 30.0272]",4.0,26.2926822705057,dynamic_stop,D4,0.0507533703409992,0.0507533703409992,2.0,2025-02,0.044049459041731,0.4908684308609767,,,6,0.1640708615732475,0.5455951042161913,0.327750015258789,0.0440495105859695,0.07265000820159902,0.06053718442266187,0.14569173633236687,0.04223754203479422,0.03289439904164253,0.12121212121212122,1.728918627482827e-33,1.1193139002188917,0.41151980346764194,0.8322091341731243,0.09,0.5,0.1197830112227889,1.1497716699794112,0.5807537273983137,-0.02012310861399676,0.6992925265668037,-0.004661202522211413,0.0507533703409992
10,10,bj920876,2025-02-21,27.926509186351705,1.0897368459111674,0.2672924351486956,traded,completed,UP,0.75,3.118403072825884,3.0,0.0,4.0,ma60_washed,0.9,21.898538932633414,deep_pullback,30.37007874015748,3.0,pullback,bullish_candle,0.8425,29.22628871391076,poc,27.94047244094488,"形态止损: washout, 支撑 29.23 下方 0.75xATR=2.34 (被硬性止损 8% 截断)",36.44409448818897,"[33.4071, 36.4441]",6.0,36.44409448818897,initial_tp,,0.1999999999999999,0.1999999999999999,3.0,2025-02,0.0457142857142858,0.4016954678839257,,,10,0.1786607898086885,0.5353572028023856,0.3026285561358103,0.0457143102373396,0.030900001525878906,0.07531028486889002,0.0745316934609428,0.03447060786095934,0.04132415568208505,0.15151515151515152,2.2912724610072707e-33,1.0250196188904763,0.4934806843100025,0.7352096927941324,0.12,0.54,0.0686410892329441,1.4384339345588177,0.4513725941277623,-0.02873522086413009,0.9742583728278293,-0.006790767198209785,0.1999999999999999
16,16,bj920152,2025-02-24,18.92,2.107613945543807,0.2672924351486956,traded,completed,UP,0.8083333333333333,2.1041846642312008,3.0,0.0,4.0,ma60_washed,0.9,13.903833333333331,deep_pullback,20.4,1.0,pullback,bullish_candle,0.8512500000000001,19.6343,poc,18.768,"形态止损: washout, 支撑 19.63 下方 0.75xATR=1.58 (被硬性止损 8% 截断)",24.48,"[22.44, 24.48]",2.0,24.48,initial_tp,,0.1999999999999999,0.1999999999999999,1.0,2025-02,0.1527484143763211,0.4457286432160805,,,16,0.2495869763437332,0.5206131258853117,0.2168925850480576,0.1527483815007748,0.1785249972343445,0.05207504934338125,0.2626235647238133,0.03877910706558491,0.030798806518748615,0.12121212121212122,1.6662867515726877e-33,1.8079487315665552,0.5017937203238353,0.7855228142512527,0.22,0.2,0.03753906683516561,0.8183256695676696,0.3936956955034563,-0.014175428020340997,1.007200713427383,-0.004661202522211413,0.1999999999999999
23,23,bj920407,2025-02-24,21.39557843731072,1.0950640199660993,0.2515629325089319,traded,completed,UP,0.65,1.9603583442743773,2.0,0.0,3.0,ma60_washed,0.9,18.64982530523765,deep_pullback,19.603038031177277,5.0,pullback,bullish_candle,0.9275,18.64982530523765,ma60_washed,18.03479498868309,"形态止损: washout, 支撑 18.65 下方 0.75xATR=1.47 (被硬性止损 8% 截断)",23.523645637412727,"[21.5633, 23.5236]",6.0,21.219388568331787,initial_stop,,0.0824540836264164,0.0824540836264164,1.0,2025-02,-0.0973863229502327,0.2041811846689898,,,23,-0.0196280585978398,0.2373791978400592,0.262152807097191,-0.09738636559195,0.12237502098083493,0.048689162069115,0.10333695258497144,0.027016991098914308,0.03382578479465158,0.08080808080808081,1.2000415418376793e-33,1.7294396271820924,0.2964841271258829,0.8996580256746076,0.16,0.41,0.10982212241136069,0.8942020982882385,0.6943741879168691,-0.018549311313713783,0.42143203665702367,-0.004661202522211413,0.0824540836264164
25,25,bj920924,2025-02-24,33.90312691539525,1.056623807237184,0.2135552021861164,traded,completed,UP,0.825,5.733634643898099,5.0,1.0,6.0,swing_low,1.0,16.263529411473424,deep_pullback,36.90455079819935,1.0,pullback,bullish_candle,0.8537500000000001,34.42912395797969,poc,33.95218673434341,"形态止损: washout, 支撑 34.43 下方 0.75xATR=4.30 (被硬性止损 8% 截断)",44.28546095783922,"[39.6866, 44.2855]",3.0,34.77064810411271,dynamic_stop,D4,-0.0578222102134559,-0.0578222102134559,2.0,2025-02,-0.1411764705882353,0.1795698924731181,,,25,-0.0202247139850701,0.2905882667092716,0.3172288433182684,-0.1411764481488395,0.2388750171661375,0.01749156396490026,0.15521374427134993,0.05427593496301227,0.04765535704755308,0.18181818181818182,4.8905583318929324e-33,0.9920704503086539,0.6677588369656007,0.7193327324280196,0.29,0.32,0.19845359747817048,1.1168687017973535,0.578690274543118,-0.03245321412436725,2.009861845133449,-0.010337169158740025,-0.0578222102134559
28,28,bj920184,2025-02-24,15.11785095320624,0.964611251638816,0.2545118522553845,traded,completed,UP,0.7749999999999999,1.442185462711404,4.0,2.0,5.0,ma60_washed,0.9,13.097841709994224,deep_pullback,14.483396880415944,5.0,pullback,long_lower_shadow,0.8462500000000001,14.079923743500864,ma_ma20,13.32472512998267,"形态止损: washout, 支撑 14.08 下方 0.75xATR=1.08 (被硬性止损 8% 截断)",17.64575389948007,"[16.8229, 17.6458]",8.0,15.891091854419413,initial_stop,,0.0971937029431897,0.0971937029431897,3.0,2025-02,-0.0537704918032787,0.0638820638820638,,,28,-0.0357364351069408,0.1357376849065061,0.1778290980355189,-0.053770471791752,0.007574992179870588,0.03198001483592128,0.045936439233580595,0.02101463407590853,0.033587901235778025,0.10101010101010101,2.380225552952644e-33,1.045857889681103,0.39634146696041905,0.5641026236680197,0.09,0.46,0.07600796850668656,1.9104202536556976,0.747010017162175,-0.023283784398872458,0.6565656662960342,-5.510903728996931e-06,0.0971937029431897
32,32,bj920415,2025-02-24,19.90620988812899,0.9070441068549396,0.2622305247285537,traded,completed,UP,0.7749999999999999,1.9869848743056249,4.0,1.0,5.0,ma60_washed,0.9,17.75360016817581,deep_pullback,20.98060802302051,1.0,pullback,bullish_candle,0.8462500000000001,20.59760498419344,poc,19.302159381178868,"形态止损: washout, 支撑 20.60 下方 0.75xATR=1.49 (被硬性止损 8% 截断)",25.803461872977994,"[23.4577, 25.8035]",2.0,20.71200848929763,dynamic_stop,D4,-0.0128022759601705,-0.0128022759601705,1.0,2025-02,-0.1424287856071965,0.0542817033224147,,,32,-0.0828864437417443,0.1259370529204881,0.2276964452626939,-0.142428803041997,-0.02182498931884762,0.07368054115246814,0.05881190835531491,0.03933267061132385,0.03519546552963508,0.15151515151515152,4.062271967447068e-33,1.0473051493086216,0.3940643169588844,0.6976988218830737,0.13,0.51,0.13248542071085367,1.7921665134532776,0.6453313607597904,-0.021318080572410587,0.6503401730380438,-0.004209719204707337,-0.0128022759601705
34,34,bj920895,2025-02-24,15.68,0.8260525426854821,0.2798085490893736,traded,completed,RANGE,0.65,1.6057571195949034,4.0,1.0,5.0,swing_low,1.0,11.81,deep_pullback,16.27,2.0,pullback,bullish_candle,0.6775000000000001,16.0561,poc,14.9684,"形态止损: washout, 支撑 16.06 下方 0.75xATR=1.20 (被硬性止损 8% 截断)",21.758000000000003,"[19.78, 21.758]",8.0,17.55,initial_stop,,0.0786724031960663,0.0786724031960663,6.0,2025-02,0.1033163265306122,0.2881758764111706,,,34,0.1044921590020178,0.3826530537770125,0.2518450606533338,0.1033162564002005,0.0655250072479248,0.01811800601584701,0.10115151576060977,0.024778574387751516,0.029713820925658014,0.08080808080808081,7.923942444767034e-34,1.472948939954135,0.42519303850865214,0.5584563421727365,0.13,0.37,0.07129216313427755,1.5829057113352927,0.7222835989033216,-0.013140496110015585,0.7397144902446564,-0.0024556029395658673,0.0786724031960663
37,37,bj920146,2025-02-25,9.5,1.7943706973630502,0.2749412260822217,traded,completed,UP,0.85,0.7718048924227902,3.0,2.0,4.0,ma60_washed,0.9,8.140666666666666,deep_pullback,8.76,4.0,pullback,bullish_candle,0.8575000000000002,8.6815,ma_ma20,8.102646330682907,"形态止损: washout, 支撑 8.68 下方 0.75xATR=0.58",10.5,"[9.9543, 10.5]",12.0,10.5,initial_tp,,0.1986301369863015,0.1986301369863015,8.0,2025-02,-0.0831578947368419,0.1692627206645898,,,37,-0.0236968817864564,0.1852631819875616,0.2140319536788706,-0.0831578907213712,-0.008449990749359149,0.02989145012958061,-0.0069605456945252,0.019684836889646274,0.035862126507968155,0.10101010101010101,6.903313381125883e-33,0.8871103248089686,0.45652173913043476,0.6438095456077939,0.11,0.7,0.028846203810601434,1.27626979076367,0.026592395076291964,-0.016509706617814663,0.8400000000000001,-5.510903728996931e-06,0.1986301369863015
43,43,bj920273,2025-02-25,20.760937890341808,1.1104027457052623,0.2419470201856432,traded,completed,UP,0.6749999999999999,1.1224176445502048,2.0,0.0,3.0,ma60_washed,0.9,16.48402777220754,deep_pullback,18.836449483034368,5.0,pullback,bullish_candle,0.83125,18.26782546225655,poc,17.426012228843895,"形态止损: washout, 支撑 18.27 下方 0.75xATR=0.84",22.60373937964124,"[20.7201, 22.6037]",8.0,19.217193592393755,initial_stop,,0.0202131569276002,0.0202131569276002,3.0,2025-02,0.1553851283761254,0.2708476912474156,,,43,0.0619920267520561,0.229743292750288,0.1579590635075425,0.1553851880735441,0.09409999370574962,0.11521022728226415,0.16748582354789732,0.019350715718711102,0.022917544472289806,0.0707070707070707,6.215895591808223e-34,1.74654343476573,0.26310380831323016,0.9778645742788087,0.1,0.48,0.16219468385179936,1.590555085361579,0.7708469623869044,-0.01110681269422757,0.3570432460927506,-0.0024556029395658673,0.0202131569276002
44,44,bj920010,2025-02-25,11.314991897583493,1.0176079550504316,0.2324098976042125,traded,completed,RANGE,0.6000000000000001,1.0199626017931918,3.0,0.0,4.0,ma60_washed,0.9,8.982393392158986,deep_pullback,11.891678655105324,2.0,pullback,bullish_candle,0.67,11.270547245753797,poc,10.940344362696898,"形态止损: washout, 支撑 11.27 下方 0.75xATR=0.76 (被硬性止损 8% 截断)",14.270014386126388,"[13.0808, 14.27]",3.0,10.940344362696898,dynamic_stop,D4,-0.0799999999999999,-0.0799999999999999,1.0,2025-02,0.1555360281195079,0.759581881533101,,,44,0.3556101150409541,0.7750439859228286,0.3094059761196183,0.1555359829780029,0.05749999761581419,0.10061833671729015,0.20301797946756306,0.03867379144505464,0.029979493207117014,0.13131313131313133,4.1510197309205946e-33,1.4321588734005586,0.42656249662395573,0.7582416411582078,0.15,0.37,0.27272715738670406,0.9649190764100578,0.8518640019787557,-0.013508530367058088,0.7438691995424442,0.005862666997439373,-0.0799999999999999
45,45,bj920837,2025-02-25,14.642887936259491,0.9305014520932414,0.2377563712355002,traded,completed,UP,0.7916666666666666,1.2187693179640269,3.0,0.0,4.0,ma60_washed,0.9,11.664563939517546,deep_pullback,14.303707871554607,2.0,pullback,long_lower_shadow,0.8487500000000001,13.598697879918026,poc,13.159411241830242,"形态止损: washout, 支撑 13.60 下方 0.75xATR=0.91 (被硬性止损 8% 截断)",17.16444944586553,"[15.7341, 17.1644]",3.0,13.159411241830242,dynamic_stop,D4,-0.0799999999999999,-0.0799999999999999,1.0,2025-02,0.242223692918597,0.7834224598930479,,,45,0.3281465623869934,0.7657181278217731,0.3294603004116956,0.2422237514392686,0.1026499938964844,0.06624853401164188,0.1701059827909197,0.04623831791714881,0.024308309012378997,0.04040404040404041,1.4042326117215461e-33,4.970515043224947,0.3536736949180321,0.8063381067984394,0.16,0.41,0.24562862223523796,1.2253556217300003,0.48942873159403877,-0.01433009568718851,0.5472060971944794,-0.001004901634213609,-0.0799999999999999
46,46,bj920706,2025-02-25,18.342231601509653,0.8671578519242897,0.2582802123168373,traded,completed,UP,0.8833333333333334,1.5938473598494782,5.0,1.0,6.0,ma60_washed,0.9,14.142204788949496,deep_pullback,19.66011848333394,2.0,pullback,bullish_candle,0.8625,18.20050958682989,poc,18.087309004667222,"形态止损: washout, 支撑 18.20 下方 0.75xATR=1.20 (被硬性止损 8% 截断)",23.592142180000724,"[21.6261, 23.5921]",5.0,23.592142180000724,initial_tp,,0.1999999999999999,0.1999999999999999,3.0,2025-02,0.0010723860589814,0.3705636743215033,,,46,0.1017641931501933,0.4080429365151523,0.2779893785522643,0.0010724106258854,0.08702500343322743,0.1284860153029439,0.24301236997410935,0.055421535805271795,0.030669609375209763,0.1414141414141414,1.5748959890802564e-33,1.8723486505457838,0.40199003832631963,0.8836632991419056,0.1,0.37,0.22663252162542014,1.4095408856289051,0.6475750254805875,-0.017728279369266926,0.6722129464219124,-0.012669248305750514,0.1999999999999999
62,62,bj920924,2025-02-26,35.199422944513294,1.2339774277320936,0.236633622471284,traded,completed,UP,0.825,5.300733868431364,5.0,1.0,6.0,swing_low,1.0,16.263529411473424,shallow_pullback,34.77064810411271,1.0,pullback,bullish_candle,0.8537500000000001,34.42912395797969,poc,31.988996255783693,"形态止损: washout, 支撑 34.43 下方 0.75xATR=3.98 (被硬性止损 8% 截断)",43.65526165752952,"[39.6866, 43.6553]",2.0,31.988996255783693,dynamic_stop,D4,-0.0799999999999999,-0.0799999999999999,1.0,2025-02,-0.190084985835694,0.194663762591887,,"{'structure_strength': np.float64(0.825), 'trend': 'UP', 'atr_ratio': 0.15244852073391144, 'n_supports': 5, 'n_resistances': 1, 'top_support_source': 'swing_low', 'top_support_dist': -0.5322626899913966, 'v2_pattern': '', 'fine_score': 1.2339774277320936, 'operable_score': 0.23663362247128403, 'entry_day': 1}",62,-0.0637581143279422,0.2430595472094732,0.327711958023726,-0.1900849640083846,0.26779999732971194,-0.04728557323417715,0.06698812733292558,0.05349623759838966,0.050663569472225584,0.1919191919191919,4.862141333606391e-33,1.0002575434150256,0.6465705387372602,0.6942567667706859,0.27,0.35,-0.03087076349703244,0.7062897075502397,0.5708749346576473,-0.035108554750117635,1.829418907035028,-0.010337169158740025,-0.0799999999999999
72,72,bj920152,2025-02-27,24.0,2.1202996906407434,0.2423509200536797,traded,completed,UP,0.7749999999999999,2.6204366540195405,4.0,0.0,5.0,ma60_washed,0.9,14.144000000000002,shallow_pullback,20.7,8.0,pullback,bullish_candle,0.8462500000000001,19.731900000000003,poc,19.044,"形态止损: washout, 支撑 19.73 下方 0.75xATR=1.97 (被硬性止损 8% 截断)",24.84,"[22.77, 24.84]",9.0,22.0,initial_stop,,0.0628019323671498,0.0628019323671498,1.0,2025-02,-0.1541666666666666,0.128235294117647,,"{'structure_strength': np.float64(0.7749999999999999), 'trend': 'UP', 'atr_ratio': 0.126591142706258, 'n_supports': 4, 'n_resistances': 0, 'top_support_source': 'ma60_washed', 'top_support_dist': -0.31671497584541053, 'v2_pattern': '', 'fine_score': 2.1202996906407434, 'operable_score': 0.24235092005367975, 'entry_day': 8}",72,-0.0538261213823036,0.1987500190734863,0.2669447404580527,-0.1541666984558105,0.13679999828338615,0.19952018632683566,0.4237590900726991,0.07019073785703986,0.03639369945001952,0.1414141414141414,2.4499809300795434e-33,1.1997302535905854,0.5380392261579925,1.0,0.29,0.1,0.25863769555383476,1.864220563132576,0.5123584452736788,-0.01787215415040862,1.1646859573882438,-0.012669248305750514,0.0628019323671498
75,75,bj920171,2025-02-27,33.12,1.399443598233567,0.2672924351486956,traded,completed,UP,0.85,3.4533060072320136,5.0,0.0,6.0,ma60_washed,0.9,23.073500000000003,shallow_pullback,26.5,2.0,pullback,long_lower_shadow,0.8575000000000002,26.106,poc,24.380000000000003,"形态止损: washout, 支撑 26.11 下方 0.75xATR=2.59 (被硬性止损 8% 截断)",31.8,"[29.15, 31.8]",4.0,31.8,initial_tp,,0.1999999999999999,0.1999999999999999,2.0,2025-02,0.038647342995169,0.1432352941176469,,"{'structure_strength': np.float64(0.85), 'trend': 'UP', 'atr_ratio': 0.13031343423517033, 'n_supports': 5, 'n_resistances': 0, 'top_support_source': 'ma60_washed', 'top_support_dist': -0.12930188679245272, 'v2_pattern': '', 'fine_score': 1.399443598233567, 'operable_score': 0.2672924351486956, 'entry_day': 2}",75,0.0063744486118419,0.1736111167100447,0.1661773789357263,0.0386474225626221,0.11104999542236324,0.19041366970384632,0.25148767571032127,0.026736377316316784,0.048811269649523537,0.16161616161616163,4.212020280108169e-33,1.255551458586295,0.5313888655768501,0.8954521647809704,0.12,0.45,0.23010132962352636,1.5016610549943883,0.6029391600212299,-0.022271784833095665,1.1339655132842248,-0.006790767198209785,0.1999999999999999
78,78,bj920508,2025-02-27,31.90530391018196,1.2450102355081345,0.2669838101776057,traded,completed,UP,0.725,2.661809955786586,3.0,0.0,4.0,ma60_washed,0.9,27.02326493741128,shallow_pullback,32.725512969415405,1.0,pullback,bullish_candle,0.8387500000000001,32.30612930700735,poc,30.30977184016741,"形态止损: washout, 支撑 32.31 下方 0.75xATR=2.00",39.270615563298485,"[35.9981, 39.2706]",9.0,33.80255516840882,dynamic_stop,D4,0.0329113924050632,0.0329113924050632,8.0,2025-02,-0.1625551804726044,0.2305374183827222,,"{'structure_strength': np.float64(0.725), 'trend': 'UP', 'atr_ratio': 0.08133745552817642, 'n_supports': 3, 'n_resistances': 0, 'top_support_source': 'ma60_washed', 'top_support_dist': -0.1742447257383965, 'v2_pattern': '', 'fine_score': 1.2450102355081345, 'operable_score': 0.26698381017760575, 'entry_day': 1}",78,-0.0385898780690553,0.2723968355148232,0.3234693566147162,-0.1625551439723868,0.03932499885559082,0.07628893463214759,0.0803917826698739,0.02875117647833645,0.036362611058645154,0.1111111111111111,1.0436623674326946e-33,1.311527148592653,0.33394581097360637,0.7441539899264713,0.13,0.37,0.06813307399939905,1.9187715880629266,0.5129027819885914,-0.01967706171489299,0.5013793419147361,-0.004661202522211413,0.0329113924050632
80,80,bj920026,2025-02-27,19.44792672675255,1.1003255150804148,0.2749412260822217,traded,completed,RANGE,0.6583333333333333,1.1548555369450122,5.0,0.0,6.0,swing_low,1.0,14.28482267361614,deep_pullback,18.525189167460777,2.0,pullback,bullish_candle,0.6787500000000001,17.905334929157906,swing_low,17.043174034063917,"形态止损: washout, 支撑 17.91 下方 0.75xATR=0.87 (被硬性止损 8% 截断)",22.230227000952933,"[20.3777, 22.2302]",3.0,22.230227000952933,initial_tp,,0.1999999999999999,0.1999999999999999,1.0,2025-02,-0.0575878304961972,0.5406664278036546,,,80,0.1293168475351789,0.5574067022612961,0.3790697496990824,-0.0575878347496945,0.026424999237060653,0.06071257943010644,0.09768087607891629,0.020672756572770703,0.025896080570374392,0.1111111111111111,6.077631625271636e-34,0.840809695266532,0.2750177401018895,0.9651612312563004,0.12,0.4,0.06893907295991863,1.4279059565712375,0.6837206610325476,-0.010755953714365028,0.37934409614456044,-0.0024556029395658673,0.1999999999999999
87,87,bj920092,2025-02-27,57.27309218203035,1.0611260622836165,0.2672924351486956,traded,completed,UP,0.7749999999999999,5.913635763948848,5.0,0.0,6.0,ma60_washed,0.9,40.95548813691172,deep_pullback,49.961633605600944,2.0,pullback,bullish_candle,0.8462500000000001,49.37212228704784,poc,45.96470291715287,"形态止损: washout, 支撑 49.37 下方 0.75xATR=4.44 (被硬性止损 8% 截断)",59.95396032672113,"[54.9578, 59.954]",7.0,51.54977829638273,initial_stop,,0.0317872850859655,0.0317872850859655,5.0,2025-02,-0.2443320544122776,0.0237160894045385,,,87,-0.1706288443916408,0.0463899518718793,0.2616666793823242,-0.244332024489904,0.0631250190734864,0.14814634539503913,0.16306991661522563,0.036769937498276374,0.04706606315096311,0.16161616161616163,1.814467026841813e-33,1.0387638506220107,0.45004503700244697,0.7316665990617626,0.1,0.54,0.1345335033578714,1.5961695238313947,0.13912370617476177,-0.027993547838771587,0.8183307130268582,-0.006790767198209785,0.0317872850859655
88,88,bj920839,2025-02-27,24.640184225676453,1.055387181377187,0.2669838101776057,traded,completed,UP,0.825,1.5419178284984232,5.0,1.0,6.0,ma60_washed,0.9,18.860089810017268,deep_pullback,25.61593552101324,2.0,pullback,bullish_candle,0.8537500000000001,22.780343120322392,poc,23.56666067933218,"形态止损: washout, 支撑 22.78 下方 0.75xATR=1.16 (被硬性止损 8% 截断)",30.739122625215884,"[28.1775, 30.7391]",8.0,30.739122625215884,initial_tp,,0.1999999999999999,0.1999999999999999,6.0,2025-02,0.0343999999999999,0.6266775111834078,,,88,0.2064090654178525,0.6000000000000001,0.3262499809265137,0.0344000244140625,0.11085000991821285,0.08185398466019933,0.1836246908564978,0.02965406224346832,0.025294111923263644,0.050505050505050504,7.164418658553492e-34,1.3621986795639491,0.2941411328510506,0.932249332298851,0.16,0.39,0.1284992711985291,1.3770964833183048,0.7515362024227517,-0.014149089899105582,0.4167138029151958,-0.004661202522211413,0.1999999999999999
91,91,bj920152,2025-02-28,22.04,2.168416613318315,0.2590002529440866,traded,completed,UP,0.75,2.796378433483602,4.0,0.0,5.0,ma60_washed,0.9,14.238499999999998,shallow_pullback,20.7,7.0,pullback,bullish_candle,0.8425,19.731900000000003,poc,19.044,"形态止损: washout, 支撑 19.73 下方 0.75xATR=2.10 (被硬性止损 8% 截断)",24.84,"[22.77, 24.84]",8.0,22.0,initial_stop,,0.0628019323671498,0.0628019323671498,1.0,2025-02,-0.0812159709618874,0.3142987665600729,,"{'structure_strength': np.float64(0.75), 'trend': 'UP', 'atr_ratio': 0.13509074557891798, 'n_supports': 4, 'n_resistances': 0, 'top_support_source': 'ma60_washed', 'top_support_dist': -0.3121497584541063, 'v2_pattern': '', 'fine_score': 2.168416613318315, 'operable_score': 0.2590002529440866, 'entry_day': 7}",91,0.0303163404510857,0.3053538685424914,0.2669447404580527,-0.0812160091275802,0.15192499637603749,-0.0031422480788015905,0.17351676119203518,0.0747580046299968,0.03821653901228657,0.15151515151515152,2.494287911523769e-33,1.516252785266988,0.5207843032537722,0.7281625991762063,0.31,0.12,0.13478477712399917,1.1507452625271515,0.4309672554139852,-0.022340986053533563,1.0867429985907942,-0.009100672954583746,0.0628019323671498
92,92,bj920455,2025-02-28,9.755678599867148,1.454021889078464,0.2496822514226694,traded,completed,RANGE,0.65,0.6800337382014101,3.0,0.0,4.0,ma60_washed,0.9,7.856862938391355,deep_pullback,9.369315090961518,1.0,pullback,long_lower_shadow,0.6775000000000001,9.689996803353193,poc,8.619769883684597,"无有效支撑, 使用最大止损 8%",11.24317810915382,"[10.3062, 11.2432]",2.0,11.24317810915382,initial_tp,,0.1999999999999999,0.1999999999999999,1.0,2025-02,0.0138613861386138,0.4763779527559055,,,92,0.1268197453495354,0.4851484587584973,0.3180000305175781,0.0138613251842338,0.050049995183944686,0.10554949258637314,0.20262776227117096,0.045173616046322265,0.022669709073060876,0.050505050505050504,1.099909993214764e-33,3.270784783536285,0.34212919293465294,0.7792553248827468,0.15,0.36,0.23751520099934842,1.6676735138968333,0.6216177304045016,-0.011615062014988834,0.5200552893672767,-0.001004901634213609,0.1999999999999999
101,101,bj920508,2025-02-28,32.725512969415405,0.8850253562854032,0.2717630626246351,traded,completed,UP,0.75,2.9144642277805595,3.0,1.0,4.0,ma60_washed,0.9,26.96347528713382,shallow_pullback,36.45373596593109,1.0,pullback,bullish_candle,0.8425,32.288482384823844,poc,33.5374370886566,"形态止损: washout, 支撑 32.29 下方 0.75xATR=2.19 (被硬性止损 8% 截断)",43.7444831591173,"[40.0991, 43.7445]",4.0,33.5374370886566,initial_stop,,-0.0799999999999999,-0.0799999999999999,3.0,2025-02,-0.1825316455696202,0.2538382804503583,,"{'structure_strength': np.float64(0.75), 'trend': 'UP', 'atr_ratio': 0.07994967183896756, 'n_supports': 3, 'n_resistances': 1, 'top_support_source': 'ma60_washed', 'top_support_dist': -0.26033712121212127, 'v2_pattern': '', 'fine_score': 0.8850253562854032, 'operable_score': 0.2717630626246351, 'entry_day': 1}",101,-0.0626860207122604,0.240506329113924,0.3234693566147162,-0.1825316223917128,0.09212501525878913,0.024135900192028492,0.05589759840613295,0.03212361582793069,0.03811972732530842,0.12121212121212122,1.099822573749028e-33,1.5772102620830497,0.29384968285876706,0.6263566570007967,0.15,0.36,0.10582913588903664,1.3533041548930087,0.7733321054013411,-0.019403177115143826,0.41612908147996475,-0.004661202522211413,-0.0799999999999999
106,106,bj920299,2025-02-28,13.653665534170305,0.8110558624758345,0.2798085490893736,traded,completed,UP,0.7749999999999999,0.949435226427143,4.0,0.0,5.0,ma60_washed,0.9,11.492823122147666,deep_pullback,14.70090760842649,1.0,pullback,bullish_candle,0.8462500000000001,13.21757812702249,poc,13.524834999752372,"形态止损: washout, 支撑 13.22 下方 0.75xATR=0.71 (被硬性止损 8% 截断)",17.641089130111787,"[16.171, 17.6411]",2.0,17.641089130111787,initial_tp,,0.1999999999999999,0.1999999999999999,1.0,2025-02,0.2662807525325614,0.5897988505747127,,,106,0.2848739698260989,0.6013024348368541,0.2462719865463396,0.2662807804948066,0.00032499551773073064,0.0671164214606792,0.06398971337531423,0.019647111432508173,0.029872030145569443,0.15151515151515152,2.196939563540014e-33,0.8776684756259677,0.32229732407367134,0.8155136205472211,0.15,0.48,0.09176471186619173,1.949749639159643,0.5700387446151762,-0.020290096616169602,0.4755733384601648,-5.510903728996931e-06,0.1999999999999999
114,114,bj920152,2025-03-03,20.81,1.3050410386264797,0.236633622471284,traded,completed,UP,0.75,3.0795279756857887,4.0,0.0,5.0,ma60_washed,0.9,14.334833333333334,shallow_pullback,20.7,6.0,pullback,bullish_candle,0.8425,19.731900000000003,poc,19.044,"形态止损: washout, 支撑 19.73 下方 0.75xATR=2.31 (被硬性止损 8% 截断)",24.84,"[22.77, 24.84]",7.0,22.0,initial_stop,,0.0628019323671498,0.0628019323671498,1.0,2025-03,-0.0177799135031233,0.290134529147982,,"{'structure_strength': np.float64(0.75), 'trend': 'UP', 'atr_ratio': 0.14876946742443425, 'n_supports': 4, 'n_resistances': 0, 'top_support_source': 'ma60_washed', 'top_support_dist': -0.3074959742351046, 'v2_pattern': '', 'fine_score': 1.3050410386264797, 'operable_score': 0.23663362247128403, 'entry_day': 6}",114,0.0882289461033338,0.38250846689586,0.2704205965539375,-0.0177798626323996,0.160999994277954,-0.017859143948030787,0.1495141184355,0.07494590276963659,0.04124846210088503,0.15151515151515152,2.913749539722722e-33,1.5889718942752245,0.5074509639366,0.7527047243656352,0.26,0.19,0.11444272773537478,0.9831044328227947,0.18179214585331893,-0.024554871078879055,1.0302547092413392,-0.00863370700780951,0.0628019323671498
122,122,bj920810,2025-03-03,14.071428571428571,0.9289589649428412,0.2661602333556022,traded,completed,UP,0.7749999999999999,1.592852089242911,4.0,0.0,5.0,ma60_washed,0.9,7.628571428571429,deep_pullback,13.3,2.0,pullback,long_lower_shadow,0.8462500000000001,13.094142857142856,poc,12.236,"形态止损: washout, 支撑 13.09 下方 0.75xATR=1.19 (被硬性止损 8% 截断)",15.96,"[14.63, 15.96]",3.0,15.96,initial_tp,,0.1999999999999999,0.1999999999999999,1.0,2025-03,-0.099492385786802,0.7680360721442883,,,122,0.2007116050285646,0.7913705354731009,0.4919240623400859,-0.0994924322799283,0.2388999962806701,0.1809951549468114,0.5043524536658084,0.061334253094641224,0.04114714221445499,0.08080808080808081,1.5563425226481913e-33,5.092343410891838,0.5803738456864017,0.884057928726897,0.22,0.2,0.5030120094744097,1.1163967149877199,0.7769676902571261,-0.018653987666838272,1.383073575658662,-0.012669248305750514,0.1999999999999999
141,141,bj920810,2025-03-04,13.928571428571429,1.000102294512156,0.2508814891593486,traded,completed,UP,0.7749999999999999,1.672852763058142,4.0,0.0,5.0,ma60_washed,0.9,7.695238095238095,deep_pullback,13.3,1.0,pullback,long_lower_shadow,0.8462500000000001,13.094142857142856,poc,12.236,"形态止损: washout, 支撑 13.09 下方 0.75xATR=1.25 (被硬性止损 8% 截断)",15.96,"[14.63, 15.96]",2.0,15.96,initial_tp,,0.1999999999999999,0.1999999999999999,1.0,2025-03,-0.144102564102564,0.8671957671957671,,,141,0.2121057437188891,0.8097436366937099,0.4930575538246312,-0.1441025367149939,0.2375749945640564,0.05480520632516117,0.3560051387979013,0.058082848791927634,0.043871132776515005,0.09090909090909091,1.71656367075051e-33,2.37004896986809,0.5621495302530009,0.7921861965509333,0.25,0.16,0.15314217952119602,0.875017450983677,0.638988547429556,-0.02097525740058532,1.2838847257097266,-0.012669248305750514,0.1999999999999999
144,144,bj920651,2025-03-04,27.379898679792447,0.955637052603884,0.2652808463436953,traded,completed,RANGE,0.7749999999999999,1.9868597107226496,5.0,0.0,6.0,swing_low,1.0,22.91609380676294,deep_pullback,27.29460304527596,3.0,pullback,bullish_candle,0.69625,25.318777058165143,poc,25.111034801653883,"形态止损: washout, 支撑 25.32 下方 0.75xATR=1.49 (被硬性止损 8% 截断)",32.75352365433115,"[30.0241, 32.7535]",9.0,32.75352365433115,initial_tp,,0.1999999999999997,0.1999999999999997,6.0,2025-03,0.0218068535825544,0.2801369863013701,,,144,0.041226812252028,0.2938733768720274,0.2426431605939538,0.0218068910150608,0.15994999408721924,0.13081871429736713,0.24553012666467877,0.03994414745791802,0.022950240592534074,0.030303030303030304,7.788856487764965e-34,3.2192175916068213,0.3015025194196107,0.9169435279103382,0.2,0.31,0.27622385638064406,1.1159535320008658,0.7963651863251763,-0.009475408472352898,0.43164439071288974,-0.004661202522211413,0.1999999999999997
145,145,bj920527,2025-03-04,18.54746205241308,0.9368726328300572,0.2571727859252783,traded,completed,UP,0.7749999999999999,1.1811375810133025,3.0,0.0,4.0,ma60_washed,0.9,14.207193235112872,deep_pullback,19.42602604436949,8.0,pullback,bullish_candle,0.8462500000000001,18.46614607404645,poc,17.87194396081993,"形态止损: washout, 支撑 18.47 下方 0.75xATR=0.89 (被硬性止损 8% 截断)",23.31123125324339,"[21.3686, 23.3112]",9.0,19.738404352620652,initial_stop,,0.0160804020100502,0.0160804020100502,1.0,2025-03,-0.1252631578947368,0.0926216640502355,,,145,-0.1005087919305732,0.0989473242508738,0.2217432637385514,-0.125263113724558,0.10877500772476197,0.07221009117015109,0.19152035018690872,0.02127593757847203,0.024861154520093832,0.08080808080808081,1.2689318113846949e-33,1.513527991958444,0.26873388425972156,0.953846204633536,0.16,0.25,0.13953488901096534,0.8465836557925338,0.8934638106994378,-0.011806810785970163,0.36749122990291383,-0.0024556029395658673,0.0160804020100502
151,151,bj920455,2025-03-05,11.204541758263256,1.2693559695106376,0.2206551088971846,traded,completed,UP,0.7999999999999999,1.0208883708991103,4.0,0.0,5.0,ma60_washed,0.9,7.850262561780885,deep_pullback,12.363632284980149,1.0,pullback,bullish_candle,0.8500000000000001,11.41124623552777,poc,11.374541702181736,"形态止损: washout, 支撑 11.41 下方 0.75xATR=0.77 (被硬性止损 8% 截断)",14.836358741976175,"[13.6, 14.8364]",2.0,11.374541702181736,initial_stop,,-0.0799999999999999,-0.0799999999999999,1.0,2025-03,-0.2905172413793102,0.2690355329949239,,,151,-0.030172445686194,0.2931034057517412,0.3333333333333333,-0.2905173041732622,0.08432499647140501,0.12240050339442088,0.2978551700822176,0.061862051736070116,0.029092950100843708,0.057692307692307696,1.5971947017186934e-33,1.720003812428517,0.4257575732398405,0.7544483732131545,0.13333333333333333,0.24761904761904763,0.13763227182378968,1.3868520271213791,0.5207611716560167,-0.0158110458579011,0.7414247944756338,-0.012669248305750514,-0.0799999999999999
154,154,bj920906,2025-03-05,28.77312399413832,1.1409659036376223,0.2549378820054092,traded,completed,UP,0.7999999999999999,3.026756020633553,4.0,0.0,5.0,ma60_washed,0.9,21.496830879252837,deep_pullback,28.227426814939136,6.0,pullback,long_lower_shadow,0.8500000000000001,26.740153957449024,poc,25.96923266974401,"形态止损: washout, 支撑 26.74 下方 0.75xATR=2.27 (被硬性止损 8% 截断)",33.87291217792696,"[31.0502, 33.8729]",7.0,28.72351515966566,initial_stop,,0.0175746924428823,0.0175746924428823,1.0,2025-03,-0.3724137931034482,0.3029315960912053,,,154,-0.0357844380430314,0.3793103448275863,0.4304999828338623,-0.3724137667951912,0.05560000419616706,0.1558735210409028,0.1911690831335351,0.0456656170961237,0.04219870844323539,0.125,2.158543668581662e-33,1.4226627244475138,0.29750001430511475,0.8634454648581049,0.17142857142857143,0.44761904761904764,0.1973479521740502,1.4694821792917225,0.6707801971171974,-0.028268964963871275,0.42348757347068045,-0.006790767198209785,0.0175746924428823
163,163,bj920145,2025-03-05,16.1,1.0135060311360515,0.2423509200536797,traded,completed,UP,0.7749999999999999,1.2890278122830952,4.0,0.0,5.0,ma60_washed,0.9,10.709333333333335,shallow_pullback,15.78,1.0,pullback,long_lower_shadow,0.8462500000000001,14.6564,poc,14.5176,"形态止损: washout, 支撑 14.66 下方 0.75xATR=0.97 (被硬性止损 8% 截断)",18.936,"[17.358, 18.936]",7.0,18.936,initial_tp,,0.1999999999999999,0.1999999999999999,6.0,2025-03,0.0993788819875776,0.6007416563658838,,"{'structure_strength': np.float64(0.7749999999999999), 'trend': 'UP', 'atr_ratio': 0.08168744057560806, 'n_supports': 4, 'n_resistances': 0, 'top_support_source': 'ma60_washed', 'top_support_dist': -0.32133502323616375, 'v2_pattern': '', 'fine_score': 1.0135060311360515, 'operable_score': 0.24235092005367975, 'entry_day': 1}",163,0.2549764040050419,0.608695590364075,0.2818532565474529,0.0993789033266883,0.14667500257492067,0.15451855237975787,0.3647098742916459,0.07122001458570176,0.02866072786453014,0.09615384615384616,1.1198513553927155e-33,3.051407468198605,0.4135293960571289,0.8833570802316872,0.2761904761904762,0.22857142857142856,0.38290603153369007,1.5576067603694321,0.772604618430609,-0.013695916075002973,0.7051153003696182,-0.008382285235162379,0.1999999999999999
167,167,bj920541,2025-03-06,15.626952566172816,1.3653627002074584,0.2515629325089319,traded,completed,UP,0.7749999999999999,0.9625223724425688,4.0,0.0,5.0,ma60_washed,0.9,11.946099346458402,deep_pullback,16.970578394292346,1.0,pullback,long_lower_shadow,0.8462500000000001,14.88026658966204,poc,15.612932122748958,"形态止损: washout, 支撑 14.88 下方 0.75xATR=0.72 (被硬性止损 8% 截断)",20.36469407315081,"[18.6676, 20.3647]",4.0,15.612932122748958,initial_stop,,-0.0799999999999999,-0.0799999999999999,3.0,2025-03,-0.0741433021806855,0.2738853503184715,,,167,-0.0184277578675317,0.2461059782369727,0.2695000171661377,-0.074143279560756,0.0963749957084656,0.09077012648115979,0.2017298642548322,0.0295337807579337,0.02405656565800319,0.07339449541284404,1.6306566514630233e-33,2.5615563676086195,0.32157796222195517,0.8085502056427039,0.15454545454545454,0.37272727272727274,0.1725167592765835,1.0589716513686946,0.7667431230324754,-0.011395954883456207,0.4740087207001431,-0.004661202522211413,-0.0799999999999999
173,173,bj920152,2025-03-06,22.39,1.0945664370642167,0.2135552021861164,traded,completed,UP,0.75,2.524794951876053,4.0,0.0,5.0,ma60_washed,0.9,14.5605,shallow_pullback,20.7,3.0,pullback,bullish_candle,0.8425,19.731900000000003,poc,19.044,"形态止损: washout, 支撑 19.73 下方 0.75xATR=1.89 (被硬性止损 8% 截断)",24.84,"[22.77, 24.84]",4.0,22.0,initial_stop,,0.0628019323671498,0.0628019323671498,1.0,2025-03,-0.2349263063867799,0.3130990415335464,,"{'structure_strength': np.float64(0.75), 'trend': 'UP', 'atr_ratio': 0.12197077062203156, 'n_supports': 4, 'n_resistances': 0, 'top_support_source': 'ma60_washed', 'top_support_dist': -0.2965942028985507, 'v2_pattern': '', 'fine_score': 1.0945664370642167, 'operable_score': 0.2135552021861164, 'entry_day': 3}",173,-0.0771848920138361,0.2849486932574414,0.3924226880740526,-0.2349263230133758,-0.03449999809265129,0.020778970013345388,0.054413029446130246,0.033476458880647555,0.04093065826917776,0.13761467889908258,2.94805170924655e-33,0.6258549618638134,0.4741176530426624,0.7030603716064103,0.21818181818181817,0.2636363636363636,-0.055196233599290156,0.7175056381899305,0.30914775428395946,-0.02971772517571012,0.9015660171630087,-0.011430309466934992,0.0628019323671498
174,174,bj920837,2025-03-06,17.73427195456974,1.0914514886195388,0.2672924351486956,traded,completed,UP,0.7999999999999999,1.498506528034507,4.0,0.0,5.0,ma60_washed,0.9,11.77843153266847,deep_pullback,18.548304109861466,2.0,pullback,bullish_candle,0.8500000000000001,17.807244122776247,poc,17.06443978107255,"形态止损: washout, 支撑 17.81 下方 0.75xATR=1.12 (被硬性止损 8% 截断)",22.25796493183376,"[20.4031, 22.258]",3.0,22.25796493183376,initial_tp,,0.1999999999999999,0.1999999999999999,1.0,2025-03,-0.2497267759562841,0.3543147208121826,,,174,-0.0184859861155998,0.4579235747258576,0.4853823318895248,-0.2497267696912909,0.04239999771118166,0.2823434182548057,0.37116612130919835,0.04340249641049317,0.030356445627125167,0.09174311926605505,2.1503929198963752e-33,1.2511485451761102,0.42335029356708453,1.0,0.14545454545454545,0.38181818181818183,0.4296082107899877,2.4170206638346894,0.7368127825923941,-0.017238290700552005,0.7341550491473892,-0.004661202522211413,0.1999999999999999
182,182,bj920810,2025-03-06,13.692857142857145,0.9070862798890224,0.2390380051633315,traded,completed,UP,0.7749999999999999,1.5796729007604966,4.0,0.0,5.0,ma60_washed,0.9,7.831785714285715,deep_pullback,15.714285714285715,1.0,pullback,bullish_candle,0.8462500000000001,13.665857142857142,poc,14.45714285714286,"形态止损: washout, 支撑 13.67 下方 0.75xATR=1.18 (被硬性止损 8% 截断)",18.857142857142858,"[17.2857, 18.8571]",2.0,14.45714285714286,initial_stop,,-0.0799999999999999,-0.0799999999999999,1.0,2025-03,-0.2905581637976006,0.807889344262295,,,182,0.1522749949453667,0.8408972756952544,0.5976197381446584,-0.2905581467217731,0.18134998798370372,0.024671950299440137,0.27835144787482835,0.04155155226534188,0.04527534119244727,0.10091743119266056,1.7534644357565116e-33,1.0179273206927968,0.5219626296919107,0.831692108511573,0.22727272727272727,0.21818181818181817,0.041066691080729134,0.7555395247764597,0.18428755761705273,-0.024167986379796978,1.091886664332355,-0.011430309466934992,-0.0799999999999999
186,186,bj920001,2025-03-07,25.63877324739712,1.8059184164875448,0.2135552021861164,traded,completed,UP,0.95,2.3241499596920123,4.0,0.0,5.0,swing_low,1.0,16.29305883986118,shallow_pullback,24.578336936043627,8.0,pullback,long_lower_shadow,0.8725,22.903937732275654,ma_ma20,22.612069981160136,"形态止损: washout, 支撑 22.90 下方 0.75xATR=1.74 (被硬性止损 8% 截断)",29.49400432325235,"[27.0362, 29.494]",9.0,22.79442538423401,dynamic_stop,D4,-0.0725806451612902,-0.0725806451612902,1.0,2025-03,-0.2686509470429068,0.0404078549848943,,"{'structure_strength': np.float64(0.9500000000000001), 'trend': 'UP', 'atr_ratio': 0.09456091214551193, 'n_supports': 4, 'n_resistances': 0, 'top_support_source': 'swing_low', 'top_support_dist': -0.3370967741935483, 'v2_pattern': '', 'fine_score': 1.8059184164875448, 'operable_score': 0.2135552021861164, 'entry_day': 8}",186,-0.2266974742199343,0.0649400210022155,0.3771324746779558,-0.2686509678190409,-0.01225000381469723,0.04571032488099758,0.026157702874013644,0.01941836826686683,0.03607257815476799,0.12280701754385964,3.418125319341401e-33,0.8183450208925375,0.42764646634792314,0.6661619869000803,0.14782608695652175,0.43478260869565216,0.07076425525245877,1.1779044001266223,0.569581317012416,-0.01945167000825639,0.7471718810211478,-5.510903728996931e-06,-0.0725806451612902
191,191,bj920089,2025-03-07,13.142464849937747,1.269705243118853,0.238599210391315,traded,completed,UP,0.85,1.1356752596229265,6.0,0.0,7.0,ma60_washed,0.9,9.909742439757126,deep_pullback,12.489517433938529,5.0,pullback,bullish_candle,0.8575000000000002,12.068366350619034,poc,11.490356039223448,"形态止损: washout, 支撑 12.07 下方 0.75xATR=0.85 (被硬性止损 8% 截断)",14.987420920726231,"[13.7385, 14.9874]",9.0,11.927678959706643,dynamic_stop,D2,-0.0449848024316108,-0.0449848024316108,4.0,2025-03,-0.2027729636048525,0.03023516237402,,,191,-0.1860741817627167,0.0629693926179766,0.3059782216026103,-0.2027729279895982,0.008900003433227433,0.0759036481354507,0.14982245696481833,0.02174299003850736,0.027975711613461695,0.09649122807017543,2.5018910172824767e-33,0.7127656743820271,0.4180171446826701,0.6442418348564394,0.1565217391304348,0.3565217391304348,0.11764712903440655,1.2811670427395805,0.7377186865593681,-0.012945157551912589,0.7182636754045677,-0.0027220034153180813,-0.0449848024316108
195,195,bj920870,2025-03-07,21.62887641608017,0.9515691601541264,0.238599210391315,traded,completed,UP,0.825,2.1620365099368195,5.0,0.0,6.0,ma60_washed,0.9,17.03150565275354,deep_pullback,21.36221903560795,4.0,pullback,bullish_candle,0.8537500000000001,20.57706119310641,poc,19.653241512759315,"形态止损: washout, 支撑 20.58 下方 0.75xATR=1.62 (被硬性止损 8% 截断)",25.63466284272954,"[23.4984, 25.6347]",8.0,20.848656673217004,dynamic_stop,D4,-0.024040684234859,-0.024040684234859,4.0,2025-03,-0.2493150684931505,0.0839130434782609,,,195,-0.1905527658998442,0.1383561981472241,0.4063377453043112,-0.249315031030995,0.10584999561309819,0.10092621421150705,0.18656600482402963,0.05789338434710556,0.03589780411186334,0.09649122807017543,2.4938810432854435e-33,1.593098368504401,0.3991531973932608,0.7126326349929688,0.20869565217391303,0.3217391304347826,0.18986032544123832,1.4554272794943754,0.5752552336490555,-0.020708183182718047,0.6643177523148291,-0.009100672954583746,-0.024040684234859
196,196,bj920374,2025-03-07,42.90982244443047,0.9240727742461674,0.2598663287023454,traded,completed,UP,0.9166666666666666,4.014984595032832,5.0,0.0,5.0,swing_low,0.8,34.877932781120904,deep_pullback,39.64126188665685,5.0,pullback,bullish_candle,0.8675,37.47848127489954,ma_ma20,36.4699609357243,"形态止损: pit_rebound, 支撑 37.48 下方 1.25xATR=5.02 (被硬性止损 8% 截断)",47.56951426398822,"[43.6054, 47.5695]",8.0,38.76433100530295,dynamic_stop,D4,-0.0221216691804927,-0.0221216691804927,3.0,2025-03,-0.3539247561542035,0.0562137049941928,,,196,-0.2663883426931582,0.0559684108349092,0.439410620479328,-0.3539247838463788,0.2488250255584717,0.06468483861786689,0.14436851527006755,0.037473892856581724,0.036047949941277906,0.12280701754385964,2.0936413790383486e-33,2.1108477868738724,0.2836549317419613,0.8405003307661427,0.09565217391304348,0.5130434782608696,0.09849453293220778,0.9080200461714021,0.7180125569063066,-0.017354160428492037,0.39597526989574305,-0.004661202522211413,-0.0221216691804927
199,199,sh601177,2025-03-07,21.927432652421547,0.8229251157049456,0.2150847765199191,traded,completed,UP,0.725,2.1729986875349105,3.0,0.0,3.0,poc,0.44,17.504171135686022,shallow_pullback,19.017064318554684,5.0,pullback,bullish_candle,0.84675,17.504171135686022,poc,17.49569917307031,"形态止损: pit_rebound, 支撑 17.50 下方 1.25xATR=2.72 (被硬性止损 8% 截断)",22.82047718226562,"[20.9188, 22.8205]",8.0,21.050335346324687,initial_stop,,0.1069182389937108,0.1069182389937108,3.0,2025-03,-0.2990909090909091,0.0,,"{'structure_strength': np.float64(0.725), 'trend': 'UP', 'atr_ratio': 0.11426572740855412, 'n_supports': 3, 'n_resistances': 0, 'top_support_source': 'poc', 'top_support_dist': -0.079554507337526, 'v2_pattern': '', 'fine_score': 0.8229251157049456, 'operable_score': 0.21508477651991914, 'entry_day': 5}",199,-0.2243553758431673,0.0581818493929775,0.36426117894297,-0.2990909056230024,0.18644998550415046,0.0980553519309646,0.2326125161106789,0.03750064387866964,0.024079716860758476,0.14912280701754385,3.785971242143201e-32,1.4424597163361137,0.5227091888380744,0.9138718753175583,0.5130434782608696,0.2956521739130435,0.23239066185681412,0.8403803496663181,0.9036524414877323,-0.021061664108240064,1.0951587095623765,-0.010337169158740025,0.1069182389937108
218,218,bj920300,2025-03-10,16.3,0.8350047738549764,0.2717630626246351,traded,completed,UP,0.8416666666666667,1.776442555421053,5.0,1.0,6.0,ma60_washed,0.9,13.9125,deep_pullback,16.65,1.0,pullback,bullish_candle,0.8562500000000001,16.278,ma_ma20,15.318,"形态止损: washout, 支撑 16.28 下方 0.75xATR=1.33 (被硬性止损 8% 截断)",19.98,"[17.3265, 19.98]",2.0,19.98,initial_tp,,0.1999999999999999,0.1999999999999999,1.0,2025-03,0.2466257668711655,0.3154205607476634,,,218,0.0568452319689964,0.381595184775285,0.3072824127722566,0.246625806498419,0.03814998865127563,0.0032818211526766117,0.032517517142785834,0.024873843665086656,0.04073383987520158,0.11764705882352941,4.073468240908841e-33,0.9029869415119828,0.29186600665710316,0.38032801083999485,0.14166666666666666,0.43333333333333335,-0.0034924019136546303,1.4059880722114764,0.030415570282988913,-0.026435508512571582,0.41216211818795445,-0.00391538965102975,0.1999999999999999
224,224,bj920001,2025-03-11,27.155098066435297,1.6254414507563713,0.2135552021861164,traded,completed,UP,0.95,2.131107848201609,4.0,0.0,5.0,swing_low,1.0,16.29305883986118,deep_pullback,24.88556614774417,3.0,pullback,bullish_candle,0.8725,23.62493531779871,ma_ma20,22.89472085592464,"形态止损: washout, 支撑 23.62 下方 0.75xATR=1.60 (被硬性止损 8% 截断)",29.86267937729301,"[27.3741, 29.8627]",7.0,22.89472085592464,dynamic_stop,D4,-0.0799999999999999,-0.0799999999999999,4.0,2025-03,-0.2051094890510948,0.0,,,224,-0.2717618123400853,0.000729943724165,0.3741794383783446,-0.2051094529243727,0.07887498378753666,0.051685574189718864,0.06159161634649535,0.02019665204380073,0.0353854201604516,0.12903225806451613,3.3206837604399844e-33,1.0152332553103605,0.42764646634792314,0.7433762585469728,0.136,0.408,0.11426254699975913,1.216809685850964,0.7300284798610249,-0.01962582831318192,0.7471718810211478,-5.510903728996931e-06,-0.0799999999999999
236,236,bj920145,2025-03-11,16.79,0.9713169320901588,0.2672924351486956,traded,completed,UP,0.7749999999999999,1.3658161648714569,4.0,0.0,5.0,ma60_washed,0.9,10.816166666666668,shallow_pullback,17.5,1.0,pullback,bullish_candle,0.8462500000000001,16.0195,poc,16.1,"形态止损: washout, 支撑 16.02 下方 0.75xATR=1.02 (被硬性止损 8% 截断)",21.0,"[19.25, 21.0]",3.0,21.0,initial_tp,,0.1999999999999999,0.1999999999999999,2.0,2025-03,0.1709350804050029,0.5696969696969696,,"{'structure_strength': np.float64(0.7749999999999999), 'trend': 'UP', 'atr_ratio': 0.07804663799265468, 'n_supports': 4, 'n_resistances': 0, 'top_support_source': 'ma60_washed', 'top_support_dist': -0.3819333333333333, 'v2_pattern': '', 'fine_score': 0.9713169320901588, 'operable_score': 0.2672924351486956, 'entry_day': 1}",236,0.1958379230905296,0.5425847651132663,0.2899614030692407,0.1709350074680817,0.08002500295639034,0.04473358384953796,0.21176513256567886,0.018341671522403312,0.030576019819792796,0.10483870967741936,1.2214630382236408e-33,0.6182752903837476,0.4193360382802758,0.9069444313829325,0.24,0.248,0.08055006583912472,0.9821071276281694,0.7526586430313309,-0.014292085465488297,0.7221664610256657,-0.0024556029395658673,0.1999999999999999
239,239,bj920263,2025-03-11,16.41,0.9234359829596176,0.2508814891593486,traded,completed,UP,0.7749999999999999,2.4509338158051266,4.0,0.0,5.0,ma60_washed,0.9,9.024275134677664,deep_pullback,14.76,3.0,pullback,long_lower_shadow,0.8462500000000001,14.4238,poc,13.5792,"形态止损: washout, 支撑 14.42 下方 0.75xATR=1.84 (被硬性止损 8% 截断)",17.712,"[16.236, 17.712]",5.0,15.0,dynamic_stop,D4,0.0162601626016261,0.0162601626016261,2.0,2025-03,-0.1980499695307739,0.0,,,239,-0.2301406537440203,0.059110257304936,0.375719165397753,-0.1980499713723356,0.2886249995231629,0.03469804195149595,0.41965484337634207,0.07260949736356245,0.03930637956615705,0.08064516129032258,2.1413307519213045e-33,1.9398384735079033,0.6078610487750384,0.6631579098325979,0.192,0.328,0.36150234601648057,0.829131761090484,0.39438998799936875,-0.023710501260527858,1.5501164749796095,-0.012669248305750514,0.0162601626016261
241,241,bj920026,2025-03-12,25.70986329324404,1.9682407787055427,0.2521161877068337,traded,completed,UP,0.95,2.483940484199314,3.0,0.0,4.0,swing_low,1.0,14.28482267361614,shallow_pullback,19.849423222016902,8.0,pullback,long_lower_shadow,0.8725,19.398725796587257,ma_ma20,18.261469364255557,"形态止损: washout, 支撑 19.40 下方 0.75xATR=1.86 (被硬性止损 8% 截断)",23.819307866420285,"[21.8344, 23.8193]",11.0,19.933948799967297,dynamic_stop,D4,0.0042583392476933,0.0042583392476933,3.0,2025-03,-0.1950684931506849,0.0766324878575281,,"{'structure_strength': 0.95, 'trend': 'UP', 'atr_ratio': 0.12513917691291587, 'n_supports': 3, 'n_resistances': 0, 'top_support_source': 'swing_low', 'top_support_dist': -0.2803406671398155, 'v2_pattern': '', 'fine_score': 1.9682407787055427, 'operable_score': 0.2521161877068337, 'entry_day': 8}",241,-0.2607336805979471,0.0931507267364084,0.4786967809119057,-0.1950685161433808,0.2796749877929686,0.10243486659544021,0.26435022168116706,0.06980160912090455,0.03127597292791529,0.10077519379844961,9.066171000254588e-34,2.141329100821199,0.4318604580191679,0.6801293094062589,0.18461538461538463,0.3076923076923077,0.28680563732797926,1.615146632291331,0.6826922664100139,-0.018451656148630778,0.7601309645047343,-0.012669248305750514,0.0042583392476933
245,245,bj920006,2025-03-12,34.19634615159952,1.3427825874716752,0.2215983374541582,traded,completed,UP,0.8666666666666667,3.350498548950875,4.0,0.0,5.0,ma60_washed,0.9,24.381928340889,deep_pullback,27.85556593223588,8.0,pullback,bullish_candle,0.8600000000000001,26.585914421330283,ma_ma20,25.62712065765701,"形态止损: washout, 支撑 26.59 下方 0.75xATR=2.51 (被硬性止损 8% 截断)",33.426679118683055,"[30.6411, 33.4267]",11.0,26.569464283968724,dynamic_stop,D2,-0.0461703650680029,-0.0461703650680029,3.0,2025-03,-0.0335276967930028,0.1629297458893868,,,245,-0.0909111069964015,0.1341108568844555,0.2475247092035106,-0.0335276308093642,0.1504250097274779,0.03331636920491876,0.17311483465831534,0.03855169608418545,0.03517647554744013,0.10077519379844961,2.318908735863688e-33,0.8803568614745058,0.3908913473203431,0.8327376789246863,0.16923076923076924,0.4,-0.01762110095638547,0.9298342641436579,0.001693933107193124,-0.01964292416210301,0.6417432187191752,-0.004661202522211413,-0.0461703650680029
247,247,bj920455,2025-03-12,12.759654881608418,1.2352456133085434,0.2672924351486956,traded,completed,UP,0.85,1.4201112071302464,3.0,0.0,4.0,ma60_washed,0.9,8.039097726758511,deep_pullback,10.113064845604857,8.0,pullback,long_lower_shadow,0.8575000000000002,9.62214171210164,ma_ma20,9.304019657956466,"形态止损: washout, 支撑 9.62 下方 0.75xATR=1.07 (被硬性止损 8% 截断)",12.135677814725826,"[11.1244, 12.1357]",12.0,9.304019657956466,initial_stop,,-0.08,-0.08,4.0,2025-03,-0.2089326267978803,0.0511869436201779,,,247,-0.2209243838665486,0.0726722206945305,0.3768525140322036,-0.2089326435209453,0.06327499389648432,0.0758609432085322,0.23198777769828616,0.03063683210454345,0.03494571505770856,0.10077519379844961,2.2055503629496403e-33,0.7826410877258335,0.49466667175292967,0.7951481883915473,0.11538461538461539,0.27692307692307694,0.02822272274970139,1.3959447881960971,0.1151281194331395,-0.020583697165172037,0.9788918404983464,-0.004661202522211413,-0.08
248,248,bj920943,2025-03-12,23.285270467836256,1.186378885841145,0.238599210391315,traded,completed,UP,0.85,2.1392292378215023,6.0,0.0,7.0,swing_low,1.0,14.46659356725146,shallow_pullback,20.57030701754386,8.0,pullback,long_lower_shadow,0.8575000000000002,19.591830226608188,poc,18.924682456140356,"形态止损: washout, 支撑 19.59 下方 0.75xATR=1.60 (被硬性止损 8% 截断)",24.684368421052632,"[22.6273, 24.6844]",9.0,21.50171783625731,initial_stop,,0.0452793834296723,0.0452793834296723,1.0,2025-03,-0.2042553191489361,0.0416666666666665,,"{'structure_strength': np.float64(0.85), 'trend': 'UP', 'atr_ratio': 0.10399598003068264, 'n_supports': 6, 'n_resistances': 0, 'top_support_source': 'swing_low', 'top_support_dist': -0.29672447013487485, 'v2_pattern': '', 'fine_score': 1.186378885841145, 'operable_score': 0.23859921039131504, 'entry_day': 8}",248,-0.2361934257913174,0.0638297872340425,0.3927999877929687,-0.2042552866834275,0.10609999656677242,0.07483542060121229,0.18816783356759825,0.03987981414900759,0.028410811256502713,0.13953488372093023,1.1219835178438663e-33,1.1799643166448182,0.39000001320472133,0.8027613479010371,0.19230769230769232,0.3769230769230769,0.13314445959356735,1.4003128384069305,0.6872436468149246,-0.015565722945616872,0.6393442977821058,-0.004661202522211413,0.0452793834296723
249,249,bj920145,2025-03-12,17.5,1.1357233315044255,0.2661602333556022,traded,completed,UP,0.7749999999999999,1.5290406762219293,4.0,0.0,5.0,ma60_washed,0.9,10.914833333333332,shallow_pullback,17.06,1.0,pullback,long_lower_shadow,0.8462500000000001,15.9704,poc,15.6952,"形态止损: washout, 支撑 15.97 下方 0.75xATR=1.15 (被硬性止损 8% 截断)",20.472,"[18.766, 20.472]",2.0,20.472,initial_tp,,0.1999999999999999,0.1999999999999999,1.0,2025-03,0.1342857142857143,0.4207350521119033,,"{'structure_strength': np.float64(0.7749999999999999), 'trend': 'UP', 'atr_ratio': 0.08962723776212951, 'n_supports': 4, 'n_resistances': 0, 'top_support_source': 'ma60_washed', 'top_support_dist': -0.36020906604142244, 'v2_pattern': '', 'fine_score': 1.1357233315044255, 'operable_score': 0.26616023335560224, 'entry_day': 1}",249,0.147321132772132,0.4799999782017299,0.2899614030692407,0.1342857360839844,0.06309999704360951,0.11741086422309133,0.28750511572096626,0.017158482198661285,0.03187312144258027,0.10852713178294573,1.2662112614965651e-33,0.6650633401126163,0.46702123061732964,0.9350797523835344,0.24615384615384617,0.23846153846153847,0.1604073518758944,1.3094822571262361,0.8443415163796468,-0.013531945559790976,0.8762473431320035,-0.0024556029395658673,0.1999999999999999
260,260,bj920026,2025-03-13,24.87165131190266,1.894050318897099,0.2521161877068337,traded,completed,UP,0.7999999999999999,2.547201116741232,4.0,0.0,5.0,swing_low,1.0,14.28482267361614,deep_pullback,20.54675924010764,8.0,pullback,bullish_candle,0.8500000000000001,19.993821084348827,ma_ma20,18.903018500899027,"形态止损: washout, 支撑 19.99 下方 0.75xATR=1.91 (被硬性止损 8% 截断)",24.65611108812916,"[22.6014, 24.6561]",9.0,19.581758891840668,dynamic_stop,D4,-0.0469660610215976,-0.0469660610215976,1.0,2025-03,-0.2254318889832908,0.0,,,260,-0.2878496246277643,0.0082128884041743,0.4157303334667048,-0.2254319083046636,0.34617498397827157,0.05065822380725904,0.23704885352241778,0.07045578780827319,0.03244967640331567,0.10852713178294573,1.0319705678751721e-33,2.1628093585847705,0.4318604580191679,0.7065158399297948,0.16923076923076924,0.3153846153846154,0.2454394597730678,1.1297874606233618,0.4728388923381197,-0.019405945638181352,0.7601309645047343,-0.012669248305750514,-0.0469660610215976
261,261,bj920000,2025-03-13,30.753404486860585,1.8098149154354664,0.2325812095824171,traded,completed,UP,0.825,2.514836014760351,4.0,0.0,5.0,ma60_washed,0.9,21.727232490650056,deep_pullback,25.029771829228867,7.0,pullback,bullish_candle,0.8537500000000001,24.394241011337428,poc,23.02739008289056,"形态止损: washout, 支撑 24.39 下方 0.75xATR=1.89 (被硬性止损 8% 截断)",30.03572619507464,"[27.5327, 30.0357]",9.0,24.46630540179362,initial_stop,,-0.0225118483412323,-0.0225118483412323,2.0,2025-03,-0.2970106075216971,0.0,,,261,-0.2939933259873281,0.0141433178423846,0.4364500438478604,-0.2970105943374247,0.12782499313354484,0.22448215988831022,0.3199742606740241,0.033528112001369036,0.028621882804860277,0.06201550387596899,1.5980666388415168e-33,2.0966180322651717,0.37612805656102416,0.8854489356048304,0.14615384615384616,0.4153846153846154,0.3460277980831694,2.0202405868427427,0.8203114355801443,-0.015013976045582939,0.6028930464282294,-0.004661202522211413,-0.0225118483412323
264,264,bj920396,2025-03-13,21.638985300122503,1.423327615118558,0.2215983374541582,traded,completed,UP,0.8666666666666667,1.7426445607478744,5.0,0.0,6.0,ma60_washed,0.9,15.523001083208568,deep_pullback,19.897917517354024,7.0,pullback,bullish_candle,0.8600000000000001,17.42933212535729,ma_ma20,18.306084115965703,"形态止损: washout, 支撑 17.43 下方 0.75xATR=1.31 (被硬性止损 8% 截断)",23.877501020824827,"[21.8877, 23.8775]",8.0,23.877501020824827,initial_tp,,0.1999999999999999,0.1999999999999999,1.0,2025-03,0.4555555555555555,0.537037037037037,,,264,0.3247658553420005,0.5900382909367252,0.2002409969467714,0.4555555985906667,0.05374999523162849,0.13538403623260598,0.21033718009977243,0.04578260340346115,0.02991382578219708,0.03875968992248062,1.0849290616572835e-33,1.2008898087333602,0.3596551829370959,0.8082454514399658,0.14615384615384616,0.47692307692307695,0.2069735801103023,2.26472829591418,0.6322258163119122,-0.015722054760219383,0.5616586147862352,-0.001004901634213609,0.1999999999999999
265,265,bj920553,2025-03-13,13.413280802068446,1.2380824723202974,0.2059063748399846,traded,completed,UP,0.7999999999999999,0.9468142555101976,5.0,0.0,6.0,ma60_washed,0.9,8.034170837506391,deep_pullback,12.713543155524096,1.0,pullback,long_lower_shadow,0.8500000000000001,12.333122406839422,poc,11.69645970308217,"形态止损: washout, 支撑 12.33 下方 0.75xATR=0.71 (被硬性止损 8% 截断)",15.256251786628916,"[13.9849, 15.2563]",2.0,12.467156660262,dynamic_stop,D4,-0.0193798449612403,-0.0193798449612403,1.0,2025-03,-0.2703894195444526,0.1229946524064169,,,265,-0.2403207471724735,0.0800881836946352,0.4217686999803491,-0.2703893787165533,0.0733249926567078,0.20606258151752788,0.3595762488640264,0.06831560451851997,0.026854652432053205,0.05426356589147287,2.05408021675743e-33,1.2399302247258932,0.37127582533990583,1.0,0.2076923076923077,0.3,0.25503353495513426,2.1004519991735404,0.5500281898384132,-0.011969691274171046,0.5905225857437848,-0.008382285235162379,-0.0193798449612403
266,266,bj920455,2025-03-13,12.585791302600883,1.2111997001330606,0.2075736957232398,traded,completed,UP,0.7999999999999999,1.4368235842625492,4.0,0.0,5.0,ma60_washed,0.9,8.105101492863222,deep_pullback,10.113064845604857,7.0,pullback,long_lower_shadow,0.8500000000000001,9.802042220935824,ma_ma20,9.304019657956466,"形态止损: washout, 支撑 9.80 下方 0.75xATR=1.08 (被硬性止损 8% 截断)",12.135677814725826,"[11.1244, 12.1357]",10.0,10.624996494904812,dynamic_stop,D4,0.0506208213944603,0.0506208213944603,3.0,2025-03,-0.2110514198004605,0.0014903129657228,,,266,-0.2319722436502227,0.0314658369773135,0.3430059375452578,-0.2110514241256186,0.040074999332427995,0.058818903261509625,0.18323023735210642,0.031129473480799894,0.03663282945413716,0.10852713178294573,2.2382159647230178e-33,0.7439061598853974,0.46866668065389,0.7752489507039249,0.12307692307692308,0.27692307692307694,0.10090242315430564,1.1879947081081486,0.696057687250437,-0.02265593283672799,0.8820577659813593,-0.004661202522211413,0.0506208213944603
271,271,bj920943,2025-03-13,22.74029605263157,0.9164326144713356,0.2626690559683532,traded,completed,UP,0.85,2.0918056903224955,6.0,0.0,7.0,swing_low,1.0,14.46659356725146,deep_pullback,22.799747807017543,1.0,pullback,bullish_candle,0.8575000000000002,22.85176809210526,poc,20.975767982456144,"无有效支撑, 使用最大止损 8%",27.359697368421056,"[25.0797, 27.3597]",3.0,24.17704678362573,dynamic_stop,D4,0.0604085180356366,0.0604085180356366,2.0,2025-03,-0.1795206971677561,0.0785159620362381,,,271,-0.2178887190762314,0.0893245825233681,0.3927999877929687,-0.1795207277677539,0.09492500782012954,0.01869961095184336,0.12689295801950973,0.04240123681212226,0.02906556716979207,0.13953488372093023,1.157775034057931e-33,1.291088758791403,0.37346150324894833,0.7095777589378247,0.17692307692307693,0.4076923076923077,0.09598112166711115,0.8765958094310625,0.3367053342248676,-0.018005724309366727,0.5960711196288058,-0.004661202522211413,0.0604085180356366
272,272,bj920422,2025-03-13,15.163104190684038,0.8960020845379828,0.2375491439317055,traded,completed,UP,0.7749999999999999,0.9117926241791888,4.0,0.0,5.0,ma60_washed,0.9,11.001891877193303,shallow_pullback,12.648963689389976,7.0,pullback,bullish_candle,0.8462500000000001,11.822819077194318,ma_ma20,11.637046594238775,"形态止损: washout, 支撑 11.82 下方 0.75xATR=0.68 (被硬性止损 8% 截断)",15.178756427267968,"[13.9139, 15.1788]",8.0,15.178756427267968,initial_tp,,0.1999999999999999,0.1999999999999999,1.0,2025-03,0.1187096774193547,0.4109677419354838,,"{'structure_strength': np.float64(0.7749999999999999), 'trend': 'UP', 'atr_ratio': 0.07208437359528558, 'n_supports': 4, 'n_resistances': 0, 'top_support_source': 'ma60_washed', 'top_support_dist': -0.1302139726733695, 'v2_pattern': '', 'fine_score': 0.8960020845379828, 'operable_score': 0.23754914393170554, 'entry_day': 7}",272,0.040789942956728,0.4109677960795741,0.3556700904230745,0.1187096872637349,0.058799993991851804,0.1271087921494516,0.2231531077641269,0.020258228117500332,0.0264221925274567,0.08527131782945736,1.3927426490532002e-33,1.3137731833384008,0.3272840858607693,0.9082218768166312,0.2076923076923077,0.3,0.1769172293248551,1.5293099162573822,0.8178814975563571,-0.012838025667858344,0.4865115853243096,-0.0024556029395658673,0.1999999999999999
274,274,bj920634,2025-03-14,32.69220788774512,2.0033748826508395,0.2363364710246881,traded,completed,UP,0.7749999999999999,5.060511678567679,3.0,0.0,4.0,ma60_washed,0.9,19.419937837975947,deep_pullback,31.21565772852292,2.0,pullback,bullish_candle,0.8462500000000001,31.10466872326595,poc,28.71840511024109,"形态止损: washout, 支撑 31.10 下方 0.75xATR=3.80 (被硬性止损 8% 截断)",37.45878927422751,"[34.3372, 37.4588]",3.0,30.918365750156035,dynamic_stop,D4,-0.0095238095238096,-0.0095238095238096,1.0,2025-03,-0.1633828432858443,0.0740633168748183,,,274,-0.178180580879495,0.1209456702263183,0.3639805097644594,-0.1633828742880976,0.3887249898910522,0.024885409475572162,0.30000567546255175,0.05378777532343238,0.04166405943252837,0.10077519379844961,1.4947510589106391e-33,1.2180112317987692,0.574835343348755,0.6207033316204121,0.13846153846153847,0.3384615384615385,0.18316150700465572,1.0102153506350082,0.6437409308752899,-0.024618901587956484,1.3520299355933583,-0.011430309466934992,-0.0095238095238096
276,276,bj920026,2025-03-14,23.31497191798295,1.7705478500194378,0.2105183725557647,traded,completed,UP,0.7999999999999999,2.681856710786264,4.0,0.0,5.0,swing_low,1.0,14.28482267361614,deep_pullback,20.80033597395881,5.0,pullback,long_lower_shadow,0.8500000000000001,20.35939420898427,ma_ma20,19.136309096042105,"形态止损: washout, 支撑 20.36 下方 0.75xATR=2.01 (被硬性止损 8% 截断)",24.96040316875057,"[22.8804, 24.9604]",6.0,19.849423222016902,dynamic_stop,D4,-0.0457162207924145,-0.0457162207924145,1.0,2025-03,-0.216012084592145,0.0362232779097386,,,276,-0.2392016140170633,0.0543807593575911,0.3858872189842408,-0.2160120254015055,0.3576249885559081,-0.08343763773172674,0.08829470785156723,0.07566202699744042,0.033419527478093874,0.10852713178294573,1.0837469855584833e-33,1.843626785771528,0.4318604580191679,0.4981152478197474,0.13076923076923078,0.35384615384615387,-0.12994055536711457,0.9274282120905648,0.6084800633929168,-0.02452794277355467,0.7601309645047343,-0.00863370700780951,-0.0457162207924145
277,277,bj920576,2025-03-14,34.799541809851085,1.3743687020273363,0.2680795446295174,traded,completed,UP,0.7749999999999999,2.850140115804293,4.0,0.0,5.0,ma60_washed,0.9,23.68688812523864,deep_pullback,29.808293241695303,5.0,pullback,bullish_candle,0.8462500000000001,26.12003894616265,ma_ma20,27.42362978235968,"形态止损: washout, 支撑 26.12 下方 0.75xATR=2.14 (被硬性止损 8% 截断)",35.76995189003436,"[32.7891, 35.77]",6.0,35.76995189003436,initial_tp,,0.1999999999999999,0.1999999999999999,1.0,2025-03,-0.0142857142857142,0.2205970149253733,,,277,-0.0063105339997101,0.1682856968470982,0.175705023370709,-0.0142857142857142,0.1446499919891357,0.09911743212811497,0.20309572927767783,0.02398805276727986,0.027535570329116472,0.12403100775193798,9.955104550256365e-34,1.460730046907625,0.4029464667511507,0.667094341829457,0.13076923076923078,0.3230769230769231,0.15916956547363648,1.6073490397941002,0.5828092369368446,-0.012809241734052873,0.6748916877830524,-0.0024556029395658673,0.1999999999999999
278,278,bj920422,2025-03-14,17.902245592872124,1.2765435200848323,0.215547469236389,traded,completed,UP,0.7749999999999999,1.2989179632664172,4.0,0.0,5.0,ma60_washed,0.9,11.02944633534627,deep_pullback,12.648963689389976,6.0,pullback,bullish_candle,0.8462500000000001,12.19945101999518,ma_ma20,11.637046594238775,"形态止损: washout, 支撑 12.20 下方 0.75xATR=0.97 (被硬性止损 8% 截断)",15.178756427267968,"[13.9139, 15.1788]",7.0,15.178756427267968,initial_tp,,0.1999999999999999,0.1999999999999999,1.0,2025-03,-0.0371584699453553,0.1950819672131145,,,278,-0.0940666268238251,0.1950820628966476,0.3191721359228949,-0.0371583839440844,0.10967499256134028,0.22346645063778015,0.38203599855040715,0.038653950977662305,0.028765409495074827,0.08527131782945736,1.6194906444949366e-33,1.9661689893652927,0.44020619225661667,0.8711943341471577,0.18461538461538463,0.3,0.40229877161634353,1.6720047690238171,0.8630272480805672,-0.013147352942571227,0.7863720287138525,-0.004661202522211413,0.1999999999999999
286,286,bj920000,2025-03-14,28.183206747682267,1.0064995152364995,0.236633622471284,traded,completed,UP,0.825,2.730469497395657,4.0,0.0,5.0,ma60_washed,0.9,21.813070504888,deep_pullback,25.029771829228867,6.0,pullback,bullish_candle,0.8537500000000001,23.90185043676638,ma_ma20,23.02739008289056,"形态止损: washout, 支撑 23.90 下方 0.75xATR=2.05 (被硬性止损 8% 截断)",30.03572619507464,"[27.5327, 30.0357]",8.0,24.46630540179362,initial_stop,,-0.0225118483412323,-0.0225118483412323,2.0,2025-03,-0.2606103121711681,0.0084373945325684,,,286,-0.2540297095090119,0.048053276776087,0.4049531062239379,-0.2606103207831222,0.20024999618530276,0.05061605179840156,0.16212785713056266,0.045743447362149005,0.029736739448078957,0.06201550387596899,1.6448307917248102e-33,2.835847782031074,0.37554580157842965,0.6341085154408032,0.11538461538461539,0.4307692307692308,0.20790861522061066,1.155807153733337,0.6993943774880282,-0.020310936978772155,0.6013984733030777,-0.005252491865937717,-0.0225118483412323
288,288,bj920871,2025-03-14,16.732955354445743,0.9713218816006902,0.2355160499810289,traded,completed,UP,0.8416666666666667,1.315156966059283,4.0,0.0,4.0,swing_low,1.0,9.521237420086525,deep_pullback,14.777385215190051,7.0,pullback,bullish_candle,0.8562500000000001,14.27278617812645,ma_ma20,13.595194397974849,"形态止损: pit_rebound, 支撑 14.27 下方 1.25xATR=1.64 (被硬性止损 8% 截断)",17.73286225822806,"[16.2551, 17.7329]",10.0,13.910209316334589,dynamic_stop,D2,-0.0586826347305389,-0.0586826347305389,3.0,2025-03,-0.1205711263881545,0.0600522193211487,,,288,-0.1237566173328256,0.0735060497548689,0.2251231461369235,-0.1205711636723008,0.0653499794006347,0.06356390493798858,0.1469469443128768,0.03411610699054231,0.03020536763250113,0.10077519379844961,1.395452422293962e-33,1.8114116459981122,0.315513144135281,0.7276851772766412,0.07692307692307693,0.5153846153846153,0.14945977154405243,1.0589556529864155,0.6563825029216791,-0.016994969030184857,0.46094843375288796,-0.004661202522211413,-0.0586826347305389
293,293,bj920781,2025-03-17,11.13616893787204,1.5648662846511017,0.2521161877068337,traded,completed,UP,0.8666666666666666,1.054848013380379,3.0,0.0,4.0,ma60_washed,0.9,7.987122959216511,shallow_pullback,9.493425190720584,5.0,pullback,long_lower_shadow,0.8600000000000001,8.855840946315116,ma_ma20,8.733951175462938,"形态止损: washout, 支撑 8.86 下方 0.75xATR=0.79 (被硬性止损 8% 截断)",11.3921102288647,"[10.4428, 11.3921]",6.0,10.845739104121508,initial_stop,,0.1424474187380495,0.1424474187380495,1.0,2025-03,0.0684596577017113,0.0942812982998455,,"{'structure_strength': np.float64(0.8666666666666666), 'trend': 'UP', 'atr_ratio': 0.11111353301771922, 'n_supports': 3, 'n_resistances': 0, 'top_support_source': 'ma60_washed', 'top_support_dist': -0.1586679413639262, 'v2_pattern': '', 'fine_score': 1.5648662846511017, 'operable_score': 0.2521161877068337, 'entry_day': 5}",293,-0.0736324094129362,0.1540341743388091,0.2457626821847978,0.0684595898594344,0.07467499732971197,0.10395423931910885,0.23461497828907762,0.0547158523150529,0.028711044849086313,0.09302325581395349,2.9092169183725455e-33,1.7414556671324208,0.417687038728974,0.7133549830885879,0.16153846153846155,0.35384615384615387,0.19703969269985722,1.4392994818019909,0.7146613002846185,-0.015112755845882533,0.7172896131614179,-0.008382285235162379,0.1424474187380495
294,294,bj920471,2025-03-17,20.864652561752383,1.5243340696706975,0.218101786456465,traded,completed,UP,0.7999999999999999,1.833472119377964,4.0,0.0,5.0,ma60_washed,0.9,14.288094344120127,shallow_pullback,16.494420370330964,4.0,pullback,long_lower_shadow,0.8500000000000001,15.819155373710656,ma_ma20,15.174866740704488,"形态止损: washout, 支撑 15.82 下方 0.75xATR=1.38 (被硬性止损 8% 截断)",19.793304444397155,"[18.1439, 19.7933]",5.0,19.793304444397155,initial_tp,,0.1999999999999999,0.1999999999999999,1.0,2025-03,-0.2070921985815602,0.0,,"{'structure_strength': np.float64(0.7999999999999999), 'trend': 'UP', 'atr_ratio': 0.11115711120567098, 'n_supports': 4, 'n_resistances': 0, 'top_support_source': 'ma60_washed', 'top_support_dist': -0.1337619617224879, 'v2_pattern': '', 'fine_score': 1.5243340696706975, 'operable_score': 0.21810178645646502, 'entry_day': 4}",294,-0.2580672432083067,0.0108746830441934,0.3624882764517283,-0.2070921626366899,0.06967501163482677,0.28128294230702267,0.3745138527821785,0.0385766925821826,0.027466486330096684,0.12403100775193798,1.332634839572901e-33,2.279806302696557,0.4170159475445565,0.9226130252540607,0.15384615384615385,0.4230769230769231,0.3818073858569919,1.8036736827558029,0.6515884524918913,-0.013401537945160085,0.7153127873535243,-0.004661202522211413,0.1999999999999999
297,297,bj920576,2025-03-17,31.369301260022908,1.329287280440807,0.2521161877068337,traded,completed,UP,0.7749999999999999,3.049450948779147,4.0,0.0,5.0,ma60_washed,0.9,23.818463535700648,deep_pullback,29.808293241695303,4.0,pullback,bullish_candle,0.8462500000000001,26.593809851088203,ma_ma20,27.42362978235968,"形态止损: washout, 支撑 26.59 下方 0.75xATR=2.29 (被硬性止损 8% 截断)",35.76995189003436,"[32.7891, 35.77]",5.0,35.76995189003436,initial_tp,,0.1999999999999999,0.1999999999999999,1.0,2025-03,0.1026941362916005,0.2550644567219153,,,297,0.1459189927450752,0.2960380468604435,0.1310031992364091,0.1026941919751585,0.17422499179840098,0.03285945070197149,0.1379606096203847,0.024339068548314146,0.027879518889759706,0.12403100775193798,1.025357687679857e-33,1.5139245002386423,0.4029464667511507,0.608082265338284,0.13846153846153847,0.33076923076923076,0.11843469858161493,1.1019399680337845,0.759324494993054,-0.013756312356870836,0.6748916877830524,0.011041715270785417,0.1999999999999999
301,301,bj920553,2025-03-17,12.467156660262,1.2093358922983792,0.2105183725557647,traded,completed,UP,0.7916666666666666,1.185013215160165,3.0,1.0,4.0,ma60_washed,0.9,8.177567777748928,shallow_pullback,10.446787399112823,5.0,pullback,long_lower_shadow,0.8487500000000001,9.535157366643071,ma_ma20,9.611044407183796,"形态止损: washout, 支撑 9.54 下方 0.75xATR=0.89 (被硬性止损 8% 截断)",14.981077493260395,"[13.6192, 14.9811]",9.0,10.348232801007985,dynamic_stop,D4,-0.009433962264151,-0.009433962264151,4.0,2025-03,-0.2158102766798418,0.0152487961476723,,"{'structure_strength': np.float64(0.7916666666666666), 'trend': 'UP', 'atr_ratio': 0.11343326612167871, 'n_supports': 3, 'n_resistances': 1, 'top_support_source': 'ma60_washed', 'top_support_dist': -0.21721698113207558, 'v2_pattern': '', 'fine_score': 1.2093358922983792, 'operable_score': 0.21051837255576475, 'entry_day': 5}",301,-0.2470237980353854,0.0,0.328063220843989,-0.2158102470009014,0.12774999618530272,0.004555174053790578,0.20401984876223112,0.07397773530239762,0.029783895732046182,0.06976744186046512,2.2604919830672938e-33,2.377804815344051,0.44013607829783014,0.6537867575472559,0.16153846153846155,0.3,0.23122531413532887,0.9707358101303858,0.47396039760931685,-0.01732274045225022,0.7861483143255101,-0.004315648137042425,-0.009433962264151
303,303,bj920221,2025-03-17,22.49521072796935,1.1790274635076154,0.2236829163902548,traded,completed,UP,0.8166666666666667,1.4766463840405435,5.0,0.0,6.0,ma60_washed,0.9,13.734348659003834,deep_pullback,16.147471264367816,5.0,pullback,long_lower_shadow,0.8525,15.50165421455939,ma_ma20,14.85567356321839,"形态止损: washout, 支撑 15.50 下方 0.75xATR=1.11 (被硬性止损 8% 截断)",19.376965517241377,"[17.7622, 19.377]",7.0,16.752796934865902,initial_stop,,0.0374873353596758,0.0374873353596758,2.0,2025-03,-0.3327272727272727,0.0670160988393857,,,303,-0.289991265252,0.0363636363636363,0.4596491361919202,-0.3327272588556463,0.10924998760223392,0.23700356210666862,0.35183462692973366,0.06787962313265442,0.024987439502492673,0.06201550387596899,1.2072479078792636e-33,1.073647972694639,0.36989889552299343,1.0,0.19230769230769232,0.36923076923076925,0.3361680535416336,1.5766724218257557,0.589958154147368,-0.016883502999559177,0.5870468927840002,-0.012669248305750514,0.0374873353596758
305,305,bj920871,2025-03-17,17.573585052315835,1.1328134672438264,0.2355160499810289,traded,completed,UP,0.9416666666666668,1.3403740002519615,3.0,0.0,3.0,swing_low,1.0,9.521237420086525,deep_pullback,14.777385215190051,6.0,pullback,bullish_candle,0.8712500000000001,14.376980016994032,ma_ma20,13.595194397974849,"形态止损: pit_rebound, 支撑 14.38 下方 1.25xATR=1.68 (被硬性止损 8% 截断)",17.73286225822806,"[16.2551, 17.7329]",8.0,15.485283908133288,dynamic_stop,D4,0.0479041916167664,0.0479041916167664,2.0,2025-03,-0.1440080563947634,0.0035,,,305,-0.1691020307063219,0.0105739717028607,0.2162431598694602,-0.1440080827017121,0.09967498779296875,0.0682048951900045,0.17536436730021032,0.03349680944273765,0.029029079241967105,0.10077519379844961,1.2696642512685852e-33,1.709376712328767,0.315513144135281,0.8562782639608674,0.06153846153846154,0.47692307692307695,0.0723860809159691,0.83720333855567,0.5188853853603763,-0.017139054945872784,0.46094843375288796,-0.004661202522211413,0.0479041916167664
306,306,bj920422,2025-03-17,15.838106893366104,1.0503770539279638,0.2075736957232398,traded,completed,UP,0.7749999999999999,1.419208337446285,4.0,0.0,5.0,ma60_washed,0.9,11.03629418885174,deep_pullback,12.648963689389976,5.0,pullback,bullish_candle,0.8462500000000001,12.45184333491108,ma_ma20,11.637046594238775,"形态止损: washout, 支撑 12.45 下方 0.75xATR=1.06 (被硬性止损 8% 截断)",15.178756427267968,"[13.9139, 15.1788]",6.0,15.178756427267968,initial_tp,,0.1999999999999999,0.1999999999999999,1.0,2025-03,0.1105620753551572,0.3417177914110427,,,306,0.0929595135272518,0.3508338553310863,0.2359413487985569,0.1105620104467095,0.14807498931884763,0.027451195057121902,0.19428496948708007,0.04541943037661995,0.02943240330275057,0.08527131782945736,1.6464587678938118e-33,2.3122006799819648,0.44020619225661667,0.6370022956303291,0.16153846153846155,0.3153846153846154,0.18718133871151021,1.0143063062113455,0.6518326588293444,-0.016901058246334554,0.7863720287138525,-0.001004901634213609,0.1999999999999999
307,307,bj920694,2025-03-17,16.883874417549904,0.9947734937095236,0.2236829163902548,traded,completed,UP,0.825,0.8359316838543467,5.0,0.0,6.0,swing_low,1.0,10.93869052118452,deep_pullback,15.129802583719565,4.0,pullback,long_lower_shadow,0.8537500000000001,14.709347833082704,poc,14.082399070191943,"形态止损: washout, 支撑 14.71 下方 0.75xATR=0.63",18.15576310046348,"[16.6428, 18.1558]",5.0,18.15576310046348,initial_tp,,0.1999999999999999,0.1999999999999999,1.0,2025-03,0.0340406719717063,0.1494913754975673,,,307,-0.1528490282979674,0.1489831479599086,0.3562908930523413,0.0340406066245368,0.07600000858306881,0.10322283703414059,0.17907804460599763,0.019522106426171314,0.019430717585310422,0.05426356589147287,4.723669331049395e-34,1.4905442222074556,0.255066111054068,0.9844559346533897,0.18461538461538463,0.4230769230769231,0.1401916640111589,1.2006847605121438,0.7494312123307787,-0.009873947601584929,0.3424010034165341,-0.0008611698725982683,0.1999999999999999
308,308,bj920519,2025-03-17,14.677474628119793,0.9602312642848,0.2092597375777474,traded,completed,UP,0.8083333333333333,0.9438647215333228,3.0,0.0,4.0,ma60_washed,0.9,10.702774027247148,deep_pullback,12.993334777528323,6.0,pullback,bullish_candle,0.8512500000000001,12.099859420746515,ma_ma20,11.95386799532606,"形态止损: washout, 支撑 12.10 下方 0.75xATR=0.71 (被硬性止损 8% 截断)",15.592001733033989,"[14.2927, 15.592]",8.0,12.582091325639713,dynamic_stop,D4,-0.0316503391107761,-0.0316503391107761,2.0,2025-03,-0.1254169446297532,0.0,,,308,-0.2049841947812666,0.0226817983842122,0.2863666252557595,-0.1254169541792248,0.09572499990463257,0.04452696402132128,0.1672440685964829,0.03802385543380462,0.02388280660872776,0.09302325581395349,1.1905691994047022e-33,3.3213161221128433,0.31063017839537344,0.9221311259160794,0.23076923076923078,0.24615384615384617,0.15090092154152712,0.7707843191526659,0.31968999645347096,-0.01787689470042657,0.4506001984135719,-0.010337169158740025,-0.0316503391107761
309,309,bj920943,2025-03-17,24.67247807017544,0.957039633957072,0.2672924351486956,traded,completed,UP,0.85,2.004691881601814,6.0,0.0,7.0,swing_low,1.0,14.46659356725146,shallow_pullback,20.57030701754386,5.0,pullback,long_lower_shadow,0.8575000000000002,19.797434210526315,ma_ma20,18.924682456140356,"形态止损: washout, 支撑 19.80 下方 0.75xATR=1.50 (被硬性止损 8% 截断)",24.684368421052632,"[22.6273, 24.6844]",6.0,21.50171783625731,initial_stop,,0.0452793834296723,0.0452793834296723,1.0,2025-03,-0.208433734939759,0.0101091791346543,,"{'structure_strength': np.float64(0.85), 'trend': 'UP', 'atr_ratio': 0.09745561307821347, 'n_supports': 6, 'n_resistances': 0, 'top_support_source': 'swing_low', 'top_support_dist': -0.29672447013487485, 'v2_pattern': '', 'fine_score': 0.957039633957072, 'operable_score': 0.2672924351486956, 'entry_day': 5}",309,-0.2794635602895454,0.0032128483908295,0.3923138277280851,-0.2084337595810758,0.0894500112533569,0.05543934946411988,0.1536487695210036,0.02578507735962715,0.02991453586149752,0.13178294573643412,1.2774587125401114e-33,1.1563223033458752,0.33461541395920974,0.8540229486905724,0.13076923076923078,0.45384615384615384,0.031706309998032145,0.9166562254393859,0.009727339413125202,-0.01981446249894092,0.5028902396886854,-0.004661202522211413,0.0452793834296723
310,310,bj920873,2025-03-17,6.93,0.9403555003182356,0.2092597375777474,traded,completed,UP,0.7999999999999999,0.4400804359034344,4.0,0.0,5.0,ma60_washed,0.9,5.163833333333333,deep_pullback,5.62,5.0,pullback,long_lower_shadow,0.8500000000000001,5.4295,poc,5.1704,"形态止损: washout, 支撑 5.43 下方 0.75xATR=0.33 (被硬性止损 8% 截断)",6.744,"[6.182, 6.744]",9.0,5.49,dynamic_stop,D4,-0.0231316725978647,-0.0231316725978647,4.0,2025-03,-0.1269841269841269,0.0488505747126437,,,310,-0.1973115907556167,0.0533911070074215,0.3123287877036111,-0.1269840778357895,0.01322499990463255,0.05199517143276067,0.12318451770122718,0.015989003823102574,0.026505934801613715,0.09302325581395349,3.949800243077702e-33,0.7561001931916594,0.3012552056385162,0.9027777532491157,0.15384615384615385,0.3769230769230769,0.07906980526561314,1.1305201315968008,0.6650217059060753,-0.012798770379764212,0.43113767439771,-0.0027220034153180813,-0.0231316725978647
313,313,bj920781,2025-03-18,11.490130297755506,1.564610456018824,0.2521161877068337,traded,completed,UP,0.8666666666666666,1.1598568459769885,3.0,0.0,4.0,ma60_washed,0.9,8.043998801659324,deep_pullback,9.493425190720584,4.0,pullback,long_lower_shadow,0.8600000000000001,9.07502471147372,ma_ma20,8.733951175462938,"形态止损: washout, 支撑 9.08 下方 0.75xATR=0.87 (被硬性止损 8% 截断)",11.3921102288647,"[10.4428, 11.3921]",5.0,10.845739104121508,initial_stop,,0.1424474187380495,0.1424474187380495,1.0,2025-03,0.0110584518167455,0.0191570881226053,,,313,-0.1075799801300076,0.0505529503188406,0.1771956331413151,0.0110584790687318,0.09199999570846558,0.0626603362768805,0.2060626769385392,0.0544399678892503,0.030698152809768054,0.10077519379844961,3.2328613757615865e-33,1.9119551382560735,0.417687038728974,0.7312703937215296,0.13846153846153847,0.3769230769230769,0.21057518682683796,1.0269949541240146,0.6212599901339586,-0.016429857746847597,0.7172896131614179,-0.001004901634213609,0.1424474187380495
316,316,bj920639,2025-03-18,8.59,1.3211640973613823,0.2669452234701934,traded,completed,UP,0.7749999999999999,0.4117280234929196,4.0,0.0,5.0,ma60_washed,0.9,6.602833333333334,deep_pullback,9.08,3.0,pullback,bullish_candle,0.8462500000000001,7.3375,ma_ma20,8.3536,"形态止损: washout, 支撑 7.34 下方 0.75xATR=0.31 (被硬性止损 8% 截断)",10.896,"[9.988, 10.896]",4.0,10.896,initial_tp,,0.1999999999999999,0.1999999999999999,1.0,2025-03,0.1152502910360884,0.5239179954441915,,,316,0.0854700063947881,0.5576251311718492,0.4349775875846145,0.1152502623436984,0.030949999094009372,0.07518978386135289,0.15067053978454026,0.012214625025033602,0.019083601306379233,0.031007751937984496,1.9886707969170718e-33,1.5695058013388252,0.24204546230391022,0.9906101142304766,0.16153846153846155,0.36923076923076925,0.1299870983943352,1.3249420968421817,0.8441464927345368,-0.009478674416438956,0.3193403433399076,0.008128031704860898,0.1999999999999999
317,317,bj920427,2025-03-18,16.232180657854528,1.317761534075776,0.2669838101776057,traded,completed,UP,0.8833333333333333,1.5062622975024986,3.0,1.0,4.0,swing_low,1.0,12.659121378899965,deep_pullback,15.717501758946948,2.0,pullback,long_lower_shadow,0.8625,14.587682599133476,ma_ma20,14.460101618231192,"形态止损: washout, 支撑 14.59 下方 0.75xATR=1.13 (被硬性止损 8% 截断)",20.23974769954069,"[18.3998, 20.2397]",3.0,14.460101618231192,initial_stop,,-0.0799999999999999,-0.0799999999999999,1.0,2025-03,-0.0609756097560973,0.0,,,317,-0.190611607804619,0.0170732129974646,0.2565947606917866,-0.0609756111744115,-0.0565249967575074,0.05650120966770933,0.09202378071166839,0.022412688776492457,0.029962701628660722,0.10852713178294573,1.778587387974631e-33,0.5788650696706947,0.381390556654253,0.6702413691185389,0.08461538461538462,0.5923076923076923,0.061452497430821706,1.253092678243237,0.35156246138580804,-0.021653647616251902,0.6165288305194687,-0.00017348393144779335,-0.0799999999999999
318,318,bj920370,2025-03-18,5.03,1.242420496421298,0.238599210391315,traded,completed,UP,0.7749999999999999,0.4536653348588296,3.0,0.0,4.0,ma60_washed,0.9,3.8885,shallow_pullback,4.49,4.0,pullback,bullish_candle,0.8462500000000001,4.308,ma_ma20,4.130800000000001,"形态止损: washout, 支撑 4.31 下方 0.75xATR=0.34 (被硬性止损 8% 截断)",5.388,"[4.939, 5.388]",7.0,4.5,dynamic_stop,D2,0.0022271714922048,0.0022271714922048,3.0,2025-03,-0.1650099403578528,0.0,,"{'structure_strength': np.float64(0.7749999999999999), 'trend': 'UP', 'atr_ratio': 0.10103905007991751, 'n_supports': 3, 'n_resistances': 0, 'top_support_source': 'ma60_washed', 'top_support_dist': -0.13396436525612473, 'v2_pattern': '', 'fine_score': 1.242420496421298, 'operable_score': 0.23859921039131504, 'entry_day': 4}",318,-0.1868260599422565,0.0477136702002858,0.2884250448629573,-0.1650100131059114,0.021475001573562615,0.1306403429424181,0.19899719394769932,0.04214885943839624,0.02716271163991642,0.10852713178294573,5.559506932941085e-33,2.766598592826572,0.3799999952316284,0.7807017516341346,0.1,0.4461538461538462,0.24434386992400392,1.925851128409771,0.8670251154421842,-0.013962975107932507,0.6129032134017389,-0.006865731526000522,0.0022271714922048
319,319,bj920471,2025-03-18,18.74365951173973,1.2037905373519309,0.2590002529440866,traded,completed,UP,0.8166666666666667,2.0309649312464844,3.0,0.0,4.0,ma60_washed,0.9,14.356985513729065,deep_pullback,16.494420370330964,3.0,pullback,long_lower_shadow,0.8525,16.12349321367759,ma_ma20,15.174866740704488,"形态止损: washout, 支撑 16.12 下方 0.75xATR=1.52 (被硬性止损 8% 截断)",19.793304444397155,"[18.1439, 19.7933]",4.0,19.793304444397155,initial_tp,,0.1999999999999999,0.1999999999999999,1.0,2025-03,-0.0999999999999998,0.0385385385385386,,,319,-0.1868968674711667,0.0921052631578946,0.3431325246052569,-0.0999999799226459,0.11907499790191664,0.053992001974550785,0.15541416597392566,0.049450944440173804,0.02863774588317551,0.13178294573643412,1.3933584599379885e-33,2.3925931024198315,0.4170159475445565,0.6100501738083289,0.11538461538461539,0.4230769230769231,0.12310278324929858,1.1144261909955868,0.6622279403855376,-0.018768365157227476,0.7153127873535243,-0.001004901634213609,0.1999999999999999
321,321,bj920547,2025-03-18,23.388144329896907,1.1843375820252695,0.236633622471284,traded,completed,UP,0.9166666666666666,2.2759408715528715,3.0,1.0,4.0,ma60_washed,0.9,17.858412371134023,shallow_pullback,21.848797250859107,4.0,pullback,bullish_candle,0.8675,20.221558419243983,ma_ma20,20.10089347079038,"形态止损: washout, 支撑 20.22 下方 0.75xATR=1.71 (被硬性止损 8% 截断)",29.50406958762887,"[26.8219, 29.5041]",8.0,21.848797250859107,dynamic_stop,D4,0.0,0.0,4.0,2025-03,-0.0348195329087047,0.0248962655601658,,"{'structure_strength': np.float64(0.9166666666666666), 'trend': 'UP', 'atr_ratio': 0.10416778760960767, 'n_supports': 3, 'n_resistances': 1, 'top_support_source': 'ma60_washed', 'top_support_dist': -0.18263636363636357, 'v2_pattern': '', 'fine_score': 1.1843375820252695, 'operable_score': 0.23663362247128403, 'entry_day': 4}",321,-0.1406387358437254,0.0488323381373683,0.2204789555730295,-0.0348195210781063,0.17047500133514415,0.012201027087550775,0.12290621412769909,0.05365087507028705,0.027240502810409684,0.06976744186046512,9.075253711622857e-34,4.709347796772695,0.4274193548387097,0.47924531180903596,0.1076923076923077,0.4846153846153846,0.1860236586326487,0.8598098728667964,0.3739482024019498,-0.01808614999495937,0.7464788732394365,-0.005252491865937717,0.0
323,323,bj920300,2025-03-18,19.51,1.0774335363144802,0.2355160499810289,traded,completed,UP,0.8666666666666667,1.8890354580621649,5.0,1.0,5.0,ma_ma20,0.4,17.215600000000002,deep_pullback,16.1,4.0,pullback,long_lower_shadow,0.8600000000000001,14.8,swing_low,14.812,"形态止损: pit_rebound, 支撑 14.80 下方 1.25xATR=2.36 (被硬性止损 8% 截断)",22.99,"[20.9, 22.99]",6.0,17.03,initial_stop,,0.0577639751552794,0.0577639751552794,2.0,2025-03,-0.0630445925166581,0.1176178660049629,,,323,-0.117038632870738,0.1542798664054319,0.3072824127722566,-0.0630445683140221,0.10582499504089356,0.051286049500080644,0.1355631147275771,0.03298071124648288,0.042941954899074306,0.13178294573643412,4.643679941017014e-33,1.1824813576220843,0.31034478927618514,0.8033033508197519,0.07692307692307693,0.49230769230769234,0.07754004258997127,1.0073531220028036,0.6827111837209211,-0.020743735339133186,0.44999991945318385,-0.006790767198209785,0.0577639751552794
324,324,bj920873,2025-03-18,7.0,1.0715864767129162,0.2672924351486956,traded,completed,UP,0.7999999999999999,0.4480697111163098,4.0,0.0,5.0,ma60_washed,0.9,5.182,deep_pullback,5.62,4.0,pullback,long_lower_shadow,0.8500000000000001,5.4212,poc,5.1704,"形态止损: washout, 支撑 5.42 下方 0.75xATR=0.34 (被硬性止损 8% 截断)",6.744,"[6.182, 6.744]",8.0,5.49,dynamic_stop,D4,-0.0231316725978647,-0.0231316725978647,4.0,2025-03,-0.0728571428571428,0.011126564673157,,,324,-0.1904231664270533,0.0385714258466447,0.2828571455819266,-0.0728571755545479,0.018424999713897706,0.06360947742068479,0.13412904181560892,0.01842487026639225,0.026715800787847074,0.09302325581395349,3.989571039214953e-33,0.9046967595108262,0.31369861671503624,0.95196500639878,0.13076923076923078,0.3923076923076923,0.12872844370379566,1.0448279029670928,0.90781036121659,-0.013455246671470864,0.4570857998471838,-0.0027220034153180813,-0.0231316725978647
325,325,bj920422,2025-03-18,15.30006126079344,1.0255161380399538,0.2075736957232398,traded,completed,UP,0.7749999999999999,1.3865029249594327,4.0,0.0,5.0,ma60_washed,0.9,11.055207308057325,deep_pullback,12.648963689389976,4.0,pullback,bullish_candle,0.8462500000000001,12.700322590681,ma_ma20,11.637046594238775,"无有效支撑, 使用最大止损 8%",15.178756427267968,"[13.9139, 15.1788]",5.0,15.178756427267968,initial_tp,,0.1999999999999999,0.1999999999999999,1.0,2025-03,-0.0025575447570332,0.3876903553299491,,,325,0.1645367433231883,0.398337618871629,0.2007672809715331,-0.0025575422618263,0.14949999332427985,-0.033128809000130155,0.1289802875710031,0.047366724628080434,0.029587383582848736,0.07751937984496124,1.6634555368744953e-33,1.873438887524326,0.44020619225661667,0.5737705613691101,0.12307692307692308,0.36923076923076925,0.06486486660641755,0.7791398359142963,0.029606579846871317,-0.019268442387210222,0.7863720287138525,-0.001004901634213609,0.1999999999999999
326,326,bj920260,2025-03-18,14.163560755904012,1.0050417918992995,0.224008461990219,traded,completed,UP,0.7999999999999999,0.7994230768499717,4.0,0.0,5.0,ma60_washed,0.9,10.94833611356036,deep_pullback,12.814650207722678,5.0,pullback,bullish_candle,0.8500000000000001,12.26400565180437,ma_ma20,11.789478191104864,"形态止损: washout, 支撑 12.26 下方 0.75xATR=0.60 (被硬性止损 8% 截断)",15.377580249267211,"[14.0961, 15.3776]",7.0,12.86282558444344,dynamic_stop,D4,0.0037593984962405,0.0037593984962405,2.0,2025-03,-0.1251700680272108,0.0,,,326,-0.1992448605666443,0.0122449188783206,0.2641129217036597,-0.1251700800314413,0.06087500095367426,0.05204984328274853,0.13792584885285764,0.01933905264538988,0.02159608814931028,0.07751937984496124,9.993846560299213e-34,1.7123381864928697,0.3151515035918265,0.7557691337794207,0.2153846153846154,0.3230769230769231,0.10442346514624656,1.3255988546686222,0.841663956657046,-0.012151387230736171,0.460176966503836,-0.0024556029395658673,0.0037593984962405
327,327,bj920802,2025-03-18,17.596539266089092,0.9575387415058584,0.2236829163902548,traded,completed,UP,0.8166666666666667,1.2172252034980222,4.0,0.0,5.0,ma60_washed,0.9,13.289602267113846,deep_pullback,15.311969035711044,5.0,pullback,bullish_candle,0.8525,15.069758747072305,ma_ma20,14.156839844448786,"形态止损: washout, 支撑 15.07 下方 0.75xATR=0.91",18.37436284285325,"[16.8432, 18.3744]",12.0,14.51733591210129,dynamic_stop,D4,-0.0518962075848303,-0.0518962075848303,7.0,2025-03,-0.062092922275293,0.0,,,327,-0.1774062490240531,0.032566217005582,0.2552565780867144,-0.0620929336752039,0.10262500286102298,0.07092591684489147,0.14499073566685117,0.0211220164083165,0.026877793524516438,0.09302325581395349,7.767991878010053e-34,1.8215091632426792,0.3261905147555362,0.850364809376543,0.1076923076923077,0.4,0.15685328705128398,1.1916417226415366,0.8611114316881624,-0.014360077540154587,0.4840990248707935,-0.0024556029395658673,-0.0518962075848303
328,328,bj920768,2025-03-18,8.144949066213922,0.9455628204715232,0.2318653088687943,traded,completed,UP,0.7999999999999999,0.5178827870847866,4.0,0.0,5.0,ma60_washed,0.9,5.966263339801116,deep_pullback,7.02369633761824,5.0,pullback,bullish_candle,0.8500000000000001,6.890415352898375,ma_ma20,6.502003262584785,"形态止损: washout, 支撑 6.89 下方 0.75xATR=0.39",8.428435605141887,"[7.7261, 8.4284]",6.0,6.805087315061849,dynamic_stop,D4,-0.0311244979919679,-0.0311244979919679,1.0,2025-03,-0.135064935064935,0.0,,,328,-0.202604532745752,0.0025973794351326,0.257340203961125,-0.1350649691649438,0.03502499818801885,0.08095826239714943,0.14558246306097788,0.019575094616567125,0.025529291329837223,0.07751937984496124,1.8896549264616336e-33,1.1827010353995806,0.2860738108713431,0.9912024239549575,0.12307692307692308,0.38461538461538464,0.14436958137003253,1.1628791480460208,0.796348294306355,-0.013171506205536124,0.4007050241713288,-0.0027220034153180813,-0.0311244979919679
329,329,bj920717,2025-03-18,13.403581936620895,0.899560597591704,0.2661602333556022,traded,completed,UP,0.7749999999999999,0.7234556030873573,3.0,0.0,4.0,ma60_washed,0.9,9.825470473951777,deep_pullback,11.089868388037528,7.0,pullback,bullish_candle,0.8462500000000001,11.3676137428998,ma_ma20,10.202678916994524,"无有效支撑, 使用最大止损 8%",13.307842065645032,"[12.1989, 13.3078]",8.0,10.581250323478251,dynamic_stop,D4,-0.0458633093525178,-0.0458633093525178,1.0,2025-03,-0.1138392857142857,0.0,,,329,-0.2099939638396799,0.0119048218810928,0.2808823927463533,-0.1138392694003013,0.05779999494552612,0.07678661664900055,0.1642226704987111,0.013529510043218443,0.0243929311451315,0.046511627906976744,9.2102093190829e-34,1.4427818016981702,0.2891396539655364,0.9463414032781272,0.2,0.3076923076923077,0.14991759829934903,1.2986851529033392,0.9262971474011862,-0.010524317815224591,0.4067460726688481,-0.0024556029395658673,-0.0458633093525178
332,332,bj920833,2025-03-19,22.397185527718538,1.3147518059195906,0.2075736957232398,traded,completed,UP,0.65,3.7314109422388286,2.0,1.0,3.0,ma60_washed,0.9,13.760449140975776,shallow_pullback,18.78727464116926,8.0,pullback,bullish_candle,0.8275000000000001,17.596102411302454,ma_ma20,17.28429266987572,"形态止损: washout, 支撑 17.60 下方 0.75xATR=2.80 (被硬性止损 8% 截断)",33.04255698914677,"[30.0387, 33.0426]",11.0,18.216771013322237,dynamic_stop,D4,-0.030366492146597,-0.030366492146597,3.0,2025-03,-0.077733860342556,0.0134373645426959,,"{'structure_strength': np.float64(0.65), 'trend': 'UP', 'atr_ratio': 0.19861374326545733, 'n_supports': 2, 'n_resistances': 1, 'top_support_source': 'ma60_washed', 'top_support_dist': -0.2675654450261782, 'v2_pattern': '', 'fine_score': 1.3147518059195906, 'operable_score': 0.20757369572323983, 'entry_day': 8}",332,-0.1842901536356399,0.0267895779859304,0.2587681545862885,-0.0777338788836156,0.3800749897956848,-0.16450883569025387,0.11142334799253084,0.05734660190337242,0.03568937273576643,0.12403100775193798,2.31644827414451e-33,1.24437303076274,0.6280346689845915,0.4693971685131216,0.18461538461538463,0.36153846153846153,-0.151214148793402,0.7955771134086063,0.5332741226969753,-0.023281882722691237,1.6884225937674158,-0.00863370700780951,-0.030366492146597
334,334,bj920405,2025-03-19,23.80537547467463,0.91610131771351,0.2549378820054092,traded,completed,UP,0.7749999999999999,2.441838956147257,3.0,0.0,3.0,poc,0.4,20.270376006240568,deep_pullback,20.37620865264425,3.0,pullback,long_lower_shadow,0.8462500000000001,20.270376006240568,poc,18.74611196043272,"形态止损: pit_rebound, 支撑 20.27 下方 1.25xATR=3.05 (被硬性止损 8% 截断)",24.451450383173107,"[22.4138, 24.4515]",6.0,20.694276299905045,dynamic_stop,D4,0.0156097560975609,0.0156097560975609,3.0,2025-03,-0.1144050104384132,0.0774561761108847,,,334,-0.2099999837242478,0.1035490381308843,0.3968974878421861,-0.1144050768761023,0.2006249952316285,0.009776715446544015,0.14764711832042932,0.05480235507278487,0.02955084114461974,0.11627906976744186,2.0300654643250635e-33,1.9911291573992655,0.43886832105976886,0.6039908230626103,0.05384615384615385,0.4230769230769231,0.06052752168939146,1.1503634718379683,0.5369943621493534,-0.017166834669749588,0.7821128935165944,-0.00863370700780951,0.0156097560975609
335,335,bj920509,2025-03-19,23.5454852646569,0.8340156650008768,0.2515266875842168,traded,completed,UP,0.8416666666666667,2.003027212519076,4.0,0.0,4.0,poc,0.4,22.932321585889795,deep_pullback,20.50419341797205,3.0,pullback,bullish_candle,0.8562500000000001,19.208210666529894,ma_ma20,18.86385794453429,"形态止损: pit_rebound, 支撑 19.21 下方 1.25xATR=2.50 (被硬性止损 8% 截断)",24.60503210156646,"[22.5546, 24.605]",5.0,24.60503210156646,initial_tp,,0.1999999999999999,0.1999999999999999,2.0,2025-03,0.1391666666666666,0.4935335836462242,,,335,0.2173582688796453,0.4916666348775227,0.2253308438528354,0.1391666730244953,0.13110000133514407,0.06242932590255146,0.16867916807826533,0.0451390968925592,0.031463262436784906,0.10852713178294573,2.201144057778486e-33,1.8125974999493506,0.32599998474121095,0.8736195417354814,0.1,0.4230769230769231,0.16415731596494343,1.113166718826843,0.2495622563906863,-0.018013982789137344,0.48367949163330515,-0.001004901634213609,0.1999999999999999
350,350,bj920571,2025-03-20,8.217165668662675,1.0536896980774948,0.236633622471284,traded,completed,UP,0.9,0.6969496651636209,4.0,0.0,5.0,swing_low,1.0,5.474810379241518,deep_pullback,6.900439121756487,7.0,pullback,long_lower_shadow,0.8650000000000001,6.8336127744510975,ma_ma20,6.348403992015968,"形态止损: washout, 支撑 6.83 下方 0.75xATR=0.52 (被硬性止损 8% 截断)",8.280526946107784,"[7.5905, 8.2805]",8.0,6.890538922155689,dynamic_stop,D4,-0.0014347202295551,-0.0014347202295551,1.0,2025-03,-0.0759036144578313,0.1314837153196626,,,350,-0.162013434337702,0.1301204697454874,0.3486140662079744,-0.0759036265016205,0.03967500329017639,0.03231428692170035,0.1365765508654,0.046222110448825376,0.024225639780600133,0.06201550387596899,9.134300543364655e-33,1.2901835689174137,0.3432836063692023,0.6614906639142404,0.08461538461538462,0.4307692307692308,0.09511225546427338,0.9463812541322136,0.21855595325842803,-0.014356314339317161,0.5227273290244592,-0.001360262343852411,-0.0014347202295551
352,352,bj920786,2025-03-20,9.52,0.8914645161826668,0.2545118522553845,traded,completed,UP,0.825,1.1972031411237976,5.0,0.0,6.0,ma60_washed,0.9,7.765166666666667,shallow_pullback,9.68,2.0,pullback,bullish_candle,0.8537500000000001,8.894000000000002,ma_ma20,8.9056,"形态止损: washout, 支撑 8.89 下方 0.75xATR=0.90 (被硬性止损 8% 截断)",11.616,"[10.648, 11.616]",4.0,10.08,initial_stop,,0.0413223140495868,0.0413223140495868,2.0,2025-03,0.207983193277311,0.5234215885947047,,"{'structure_strength': np.float64(0.825), 'trend': 'UP', 'atr_ratio': 0.1236780104466733, 'n_supports': 5, 'n_resistances': 0, 'top_support_source': 'ma60_washed', 'top_support_dist': -0.19781336088154258, 'v2_pattern': '', 'fine_score': 0.8914645161826668, 'operable_score': 0.2545118522553845, 'entry_day': 2}",352,0.2903225576552228,0.5714284998743795,0.2178571091014506,0.2079831351921433,0.10714999675750736,-0.13331276192323738,0.02699967169872619,0.0766522849825292,0.03219655804867759,0.10852713178294573,6.77010812445621e-33,1.386324232039204,0.4465183152018832,0.3392282260600542,0.1076923076923077,0.5153846153846153,-0.28840582905084045,0.7142946401876712,0.8804656044687912,-0.027162046444649757,0.8067445183208752,-0.0025481152810755106,0.0413223140495868
383,383,bj920571,2025-03-24,8.43497005988024,1.45736767229535,0.2215983374541582,traded,completed,UP,0.825,0.7865239405609992,4.0,0.0,5.0,ma60_washed,0.9,6.308407185628743,deep_pullback,6.5341317365269465,8.0,pullback,bullish_candle,0.8537500000000001,7.0717125748503,ma_ma20,6.011401197604791,"无有效支撑, 使用最大止损 8%",7.840958083832335,"[7.1875, 7.841]",9.0,6.011401197604791,dynamic_stop,D4,-0.0799999999999998,-0.0799999999999998,1.0,2025-03,-0.1596244131455398,0.0575620767494358,,,383,-0.1535787842977611,0.0997651856956023,0.2993119327510889,-0.1596244762067226,0.033999996185302715,0.05338243881134974,0.1606226211320796,0.032623350396309765,0.027778796896252067,0.06976744186046512,1.0671055961649201e-32,0.9744327461196238,0.3422174839001375,0.8380060898491917,0.11538461538461539,0.36923076923076925,0.08445527220806293,0.9712320260926796,0.5756933875058781,-0.016889104702286717,0.5202593190363594,0.005862666997439373,-0.0799999999999998
384,384,bj920634,2025-03-24,30.12558714117767,1.1600261207442073,0.2135552021861164,traded,completed,UP,0.7749999999999999,4.368194690393473,3.0,0.0,3.0,poc,0.4,31.10466872326595,deep_pullback,34.88225879504784,1.0,pullback,bullish_candle,0.8462500000000001,31.10466872326595,poc,32.09167809144402,"形态止损: pit_rebound, 支撑 31.10 下方 1.25xATR=5.46 (被硬性止损 8% 截断)",41.8587105540574,"[38.3705, 41.8587]",2.0,32.09167809144402,dynamic_stop,D4,-0.0799999999999998,-0.0799999999999998,1.0,2025-03,-0.1111842105263157,0.1747141041931383,,,384,-0.1081636724871504,0.2164473686274399,0.3639805097644594,-0.1111841843151316,-0.24022498607635506,0.06791503382400799,0.006045417906068717,0.03582921017780792,0.04573159498029824,0.12403100775193798,1.723217061990564e-33,0.7101461137468849,0.5639336521633658,0.49456301894213195,0.16153846153846155,0.43846153846153846,0.00031777022879042605,1.2565119587940257,0.2558032715939891,-0.03481806758742082,1.293229011963645,-0.006790767198209785,-0.0799999999999998
403,403,bj920634,2025-03-25,34.88225879504784,1.1297059630634652,0.2135552021861164,traded,completed,UP,0.7749999999999999,4.675002071411736,3.0,0.0,3.0,poc,0.4,31.10466872326595,deep_pullback,26.359888748530462,7.0,pullback,bullish_candle,0.8462500000000001,27.5703625871143,ma_ma20,24.25109764864803,"无有效支撑, 使用最大止损 8%",31.63186649823656,"[28.9959, 31.6319]",8.0,24.25109764864803,dynamic_stop,D4,-0.0799999999999999,-0.0799999999999999,1.0,2025-03,-0.247443181818182,0.0375465749498424,,,403,-0.238371337157823,0.0284090902933404,0.3502762441418844,-0.2474432046317359,-0.14820000648498527,0.16428068811578345,0.09758397326652601,0.03776441904807719,0.04770376527324103,0.13178294573643412,1.8551917759965736e-33,0.8971371247781464,0.5389507199667308,0.6148335623277016,0.14615384615384616,0.4,0.1827118437168962,1.3479413957222317,0.5164082091156426,-0.03415653983951235,1.168965538624939,-0.006790767198209785,-0.0799999999999999
404,404,sz002052,2025-03-25,6.55,0.945279766247622,0.2280072531152581,traded,completed,RANGE,0.675,0.3580679018324852,5.0,0.0,6.0,ma60_washed,0.9,5.5645,deep_pullback,6.25,3.0,pullback,bullish_candle,0.72125,5.891166666666667,swing_low,5.75,"形态止损: washout, 支撑 5.89 下方 0.75xATR=0.27 (被硬性止损 8% 截断)",7.5,"[6.875, 7.5]",8.0,5.98,dynamic_stop,D4,-0.0431999999999999,-0.0431999999999999,5.0,2025-03,0.2549618320610689,0.3026941362916009,,,404,0.1447068158090521,0.2549618362845549,0.096317256919255,0.2549618362845549,0.020150001049041723,0.04401057855818413,0.16589165833879305,0.021446514381504193,0.0131354673690976,0.13953488372093023,1.0359148834702848e-32,1.6626205542630266,0.44303799282948597,0.9964284899283484,0.1076923076923077,0.46923076923076923,-0.0015823146535147714,0.6814598199887798,0.06720641618656731,-0.007220956558912232,0.7954546039508397,-0.0011275703483504826,-0.0431999999999999
422,422,sz002300,2025-03-26,8.364884390135032,0.895918563213106,0.224008461990219,traded,completed,UP,0.85,0.3647783064634576,4.0,0.0,5.0,swing_low,1.0,5.127182079129826,shallow_pullback,5.589710980701998,6.0,pullback,bullish_candle,0.8575000000000002,5.724041182967108,ma_ma20,5.142534102245838,"无有效支撑, 使用最大止损 8%",6.707653176842397,"[6.1487, 6.7077]",7.0,5.284638726473544,dynamic_stop,D4,-0.0545774647887323,-0.0545774647887323,1.0,2025-03,-0.3447058823529411,0.0427046263345196,,"{'structure_strength': np.float64(0.85), 'trend': 'UP', 'atr_ratio': 0.06525888506987637, 'n_supports': 4, 'n_resistances': 0, 'top_support_source': 'swing_low', 'top_support_dist': -0.08274647887323942, 'v2_pattern': '', 'fine_score': 0.895918563213106, 'operable_score': 0.22400846199021907, 'entry_day': 6}",422,-0.2487690817856935,0.0341176425709444,0.3765642727126653,-0.3447058621574851,0.08187500357627871,0.147719574178252,0.36995210748637164,0.04119292523397449,0.00885984309987781,0.031007751937984496,7.077470187808348e-32,35.17731005934501,0.3784104885617913,1.0,0.3,0.3769230769230769,0.331753618764695,3.926421925206517,0.9398443697844913,-0.002981983989973695,0.6087787544648886,-0.010337169158740025,-0.0545774647887323
439,439,bj920639,2025-03-27,10.6,1.461400603884984,0.2105183725557647,traded,completed,UP,0.825,1.589810865464783,3.0,1.0,3.0,swing_low,0.6,5.96,deep_pullback,8.43,8.0,pullback,bullish_candle,0.8537500000000001,6.992333333333333,ma_ma60,7.7556,"形态止损: pit_rebound, 支撑 6.99 下方 1.25xATR=1.99 (被硬性止损 8% 截断)",12.58125,"[11.4375, 12.5813]",15.0,9.6,initial_stop,,0.1387900355871885,0.1387900355871885,7.0,2025-03,-0.2471698113207546,0.0136363636363636,,,439,-0.2043054903136572,0.0518867186101259,0.3219730761052658,-0.2471698366140028,0.1442499959468842,-0.02034999257470027,0.201813654228862,0.08936432207015593,0.034317070793984446,0.05426356589147287,4.81213017895571e-33,2.0460151482831908,0.47085202816518124,0.6222222154943613,0.23846153846153847,0.2846153846153846,0.06796114527209496,0.7864274864251096,0.1645641921382276,-0.02912190599010629,0.8898305450033257,-0.009100672954583746,0.1387900355871885
440,440,sz300927,2025-03-27,31.700934582063592,1.0415015761585198,0.224008461990219,traded,completed,UP,0.8166666666666667,2.400364497105968,3.0,0.0,3.0,ma_ma20,0.4,20.790529596736704,deep_pullback,23.975077883604698,8.0,pullback,bullish_candle,0.8525,20.790529596736704,ma_ma20,22.057071652916324,"形态止损: pit_rebound, 支撑 20.79 下方 1.25xATR=3.00 (被硬性止损 8% 截断)",28.77009346032564,"[26.3726, 28.7701]",11.0,28.77009346032564,initial_tp,,0.1999999999999999,0.1999999999999999,3.0,2025-03,-0.1977987421383646,0.0,,,440,-0.168559729294172,0.0371069287259786,0.2473619155415165,-0.1977987156945646,0.3582749938964843,0.2733998840209493,0.568307222692727,0.06943463551729012,0.02084558377998652,0.031007751937984496,2.585527553593577e-33,5.364650662671709,0.493028444067348,0.9089366186334149,0.13846153846153847,0.4846153846153846,0.7456676113648031,1.4850187202657432,0.9313715971085966,-0.009116569849611055,0.9724972501866431,-0.008382285235162379,0.1999999999999999
441,441,bj920834,2025-03-27,12.083259236991005,0.9675110745856038,0.201322537736363,traded,completed,UP,0.8666666666666667,1.1232147334171194,5.0,0.0,5.0,ma_ma20,0.4,10.575751814584006,deep_pullback,10.55593526943534,3.0,pullback,bullish_candle,0.8600000000000001,10.050081704737948,poc,9.711460447880514,"形态止损: pit_rebound, 支撑 10.05 下方 1.25xATR=1.40 (被硬性止损 8% 截断)",12.66712232332241,"[11.6115, 12.6671]",5.0,10.265937047747556,dynamic_stop,D4,-0.0274725274725275,-0.0274725274725275,2.0,2025-03,-0.1359999999999999,0.0,,,441,-0.1454834369943668,0.0159999847412108,0.1889763507539096,-0.1359999847412109,0.012324998378753626,0.23537003721931415,0.23066010691620398,0.06308298769844808,0.032467687369864454,0.12403100775193798,2.0212027231290386e-33,1.892801515604239,0.3184438069056876,1.0,0.11538461538461539,0.4461538461538462,0.36748774739863,3.0208644015423265,0.7184613978929953,-0.021304687592757124,0.46723045015544584,-0.012669248305750514,-0.0274725274725275
442,442,sz002141,2025-03-27,1.79,0.9539940448956128,0.2324098976042125,traded,completed,RANGE,0.7749999999999999,0.0652056568738272,4.0,0.0,5.0,swing_low,1.0,1.52,deep_pullback,1.62,7.0,pullback,bullish_candle,0.79625,1.562,ma60_washed,1.5130957573446295,"形态止损: washout, 支撑 1.56 下方 0.75xATR=0.05",1.944,"[1.782, 1.944]",11.0,1.944,initial_tp,,0.1999999999999999,0.1999999999999999,4.0,2025-03,0.2011173184357542,0.2513966480446927,,,442,0.1546392170677719,0.2513966800411944,0.0837988711479415,0.2011173973108515,0.0096249982714653,0.07669171023796095,0.17634170610376776,0.02073592427157992,0.014875508817578036,0.05426356589147287,3.726556326628216e-33,0.24478948138167153,0.2513966134438246,1.0,0.16153846153846155,0.5692307692307692,0.16233766635889002,0.7477056582336752,0.9397049843964789,-0.006914270576029691,0.3358208337799975,-0.0011275703483504826,0.1999999999999999
458,458,bj920639,2025-03-28,9.3,1.5219846821718004,0.2105183725557647,traded,completed,UP,0.825,1.5671694167361452,3.0,1.0,3.0,swing_low,0.6,5.96,deep_pullback,8.43,7.0,pullback,bullish_candle,0.8537500000000001,7.056333333333333,ma_ma60,7.7556,"形态止损: pit_rebound, 支撑 7.06 下方 1.25xATR=1.96 (被硬性止损 8% 截断)",12.58125,"[11.4375, 12.5813]",14.0,9.6,initial_stop,,0.1387900355871885,0.1387900355871885,7.0,2025-03,-0.1000000000000002,0.0,,,458,-0.1422287757223235,0.0483870752726918,0.2222222494762885,-0.100000030763687,0.11665000319480896,-0.1264080846919522,0.04794635123088131,0.07271592940832915,0.03614141791887157,0.06201550387596899,5.003958146716451e-33,1.3959307428258036,0.46860986003724747,0.4306220565096904,0.2153846153846154,0.3,-0.21645366925418097,0.7083885455098311,0.31988453303061004,-0.030358724316458936,0.881856520841908,-0.00863370700780951,0.1387900355871885
460,460,bj920509,2025-03-28,30.216706089643026,0.969790808678428,0.2549378820054092,traded,completed,UP,0.825,3.622035937478679,5.0,0.0,5.0,poc,0.4,22.858349519683333,deep_pullback,25.51741965557192,5.0,pullback,long_lower_shadow,0.8537500000000001,22.858349519683333,poc,23.476026083126165,"形态止损: pit_rebound, 支撑 22.86 下方 1.25xATR=4.53 (被硬性止损 8% 截断)",30.6209035866863,"[28.0692, 30.6209]",7.0,30.6209035866863,initial_tp,,0.1999999999999999,0.1999999999999999,2.0,2025-03,-0.172077922077922,0.1819082205348299,,,460,-0.1140794511993109,0.16233766635889,0.3120111819647929,-0.1720779015696613,0.22827500820159904,0.16133734872559735,0.3037022510729539,0.04747676892884224,0.03988095617961262,0.12403100775193798,2.6533996032310755e-33,1.6238562734843751,0.46989001214209053,0.7381392716937384,0.13846153846153847,0.3769230769230769,0.38690479413472834,1.4650484925152858,0.8559258403378245,-0.027484314375938824,0.8864009788625973,-0.006790767198209785,0.1999999999999999
477,477,bj920509,2025-03-31,26.9792018657527,1.1934154782280042,0.2590002529440866,traded,completed,UP,0.825,4.120159698508893,5.0,0.0,5.0,poc,0.4,23.00688228922787,deep_pullback,25.51741965557192,4.0,pullback,long_lower_shadow,0.8537500000000001,23.00688228922787,poc,23.476026083126165,"形态止损: pit_rebound, 支撑 23.01 下方 1.25xATR=5.15 (被硬性止损 8% 截断)",30.6209035866863,"[28.0692, 30.6209]",6.0,30.6209035866863,initial_tp,,0.1999999999999999,0.1999999999999999,2.0,2025-03,-0.0243636363636364,0.2058618283321704,,,477,-0.0237695100791905,0.2567273226651279,0.2873264414913655,-0.0243636391379616,0.34157500267028806,0.010275471338699216,0.18607008004281123,0.055536990750452334,0.04228631121532468,0.13178294573643412,2.96010739635737e-33,2.043457179508303,0.4885474900516849,0.591766753397049,0.11538461538461539,0.34615384615384615,0.21957446159200456,1.0680083347443425,0.7464111538926059,-0.028847517175586167,0.9552157444706941,-0.004315648137042425,0.1999999999999999
497,497,bj920509,2025-04-01,31.393980352875868,1.1193933031388394,0.2549378820054092,traded,completed,UP,0.825,4.337341425657092,5.0,0.0,5.0,poc,0.4,23.00688228922787,deep_pullback,25.51741965557192,3.0,pullback,long_lower_shadow,0.8537500000000001,23.00688228922787,poc,23.476026083126165,"形态止损: pit_rebound, 支撑 23.01 下方 1.25xATR=5.42 (被硬性止损 8% 截断)",30.6209035866863,"[28.0692, 30.6209]",5.0,30.6209035866863,initial_tp,,0.1999999999999999,0.1999999999999999,2.0,2025-04,-0.1468749999999999,0.0568807339449541,,,497,-0.1610519227243044,0.0800000429153442,0.2873264414913655,-0.1468750238418579,0.442925009727478,0.07341574453470923,0.30428715272417217,0.05790483386767523,0.04447159313352064,0.13178294573643412,3.200492393828979e-33,2.119250702995138,0.4885474900516849,0.8227559454151493,0.14615384615384616,0.3153846153846154,0.36363642148301367,0.8742486386915458,0.48472432332384396,-0.031120872792042526,0.9552157444706941,-0.012669248305750514,0.1999999999999999
499,499,bj920639,2025-04-01,9.44,0.9637472284982588,0.2626690559683532,traded,completed,UP,0.85,1.3515183619040378,3.0,2.0,3.0,swing_low,0.6,5.96,deep_pullback,7.21,4.0,pullback,bullish_candle,0.8575000000000002,7.162999999999999,ma_ma60,6.6332,"形态止损: pit_rebound, 支撑 7.16 下方 1.25xATR=1.69 (被硬性止损 8% 截断)",13.38,"[11.4375, 13.38]",12.0,9.6,initial_stop,,0.3314840499306517,0.3314840499306517,8.0,2025-04,-0.0667372881355931,0.0328389830508475,,,499,-0.1393008019604239,0.0328390289614941,0.199999989908208,-0.0667372022002803,-0.02759999513626097,-0.0661325046425405,-0.016256813701431727,0.03526871936855817,0.03847580112791205,0.06976744186046512,5.6554207431179735e-33,0.6113597745564133,0.4529147900558712,0.3498348892309632,0.2153846153846154,0.3076923076923077,-0.17265559100560568,0.7973690642846033,0.8029462868404853,-0.032301344084108466,0.8278688252276556,-0.001889435331257521,0.3314840499306517
500,500,sh603353,2025-04-01,21.240761302362827,0.9468829392447766,0.2236829163902548,traded,completed,UP,0.9666666666666668,1.1376151318284418,3.0,0.0,4.0,swing_low,1.0,13.947477786381404,deep_pullback,13.92998764480539,6.0,pullback,bullish_candle,0.995,13.947477786381404,swing_low,12.81558863322096,"无有效支撑, 使用最大止损 8%",16.715985173766466,"[15.323, 16.716]",9.0,14.43383826174516,initial_stop,,0.0361702127659573,0.0361702127659573,3.0,2025-04,-0.2693023255813953,0.0228245363766048,,,500,-0.2522583531721355,0.0004651269247366,0.3379823514832938,-0.2693023238071176,0.16680000066757206,0.14234501169112912,0.2972939958185641,0.0373622009294592,0.011710891597912724,0.046511627906976744,1.2413845714102965e-33,1.3285847734703409,0.32667620613041604,1.0,0.17692307692307693,0.4461538461538462,0.30136144091692474,0.3156713913613193,0.9274321195588497,-0.006379337982538177,0.48516955602149703,-0.01061681501073493,0.0361702127659573
501,501,bj920230,2025-04-01,19.05138937495625,0.8290742736171948,0.2598663287023454,traded,completed,UP,0.8416666666666667,1.7408821698344898,3.0,0.0,3.0,ma_ma20,0.4,14.809047735703782,deep_pullback,16.233498985091337,4.0,pullback,bullish_candle,0.8562500000000001,14.809047735703782,ma_ma20,14.934819066284032,"形态止损: pit_rebound, 支撑 14.81 下方 1.25xATR=2.18 (被硬性止损 8% 截断)",19.480198782109603,"[17.8568, 19.4802]",5.0,19.480198782109603,initial_tp,,0.1999999999999999,0.1999999999999999,1.0,2025-04,-0.1479099678456592,0.228876127973749,,,501,-0.0852628043889707,0.2041800681294527,0.3164218902513091,-0.1479099084388296,0.13119998931884763,0.18340894880049974,0.24200816675006176,0.0706472137543578,0.030717820683787263,0.10077519379844961,1.1459715041362109e-33,2.8047299682315567,0.31583261364430265,1.0,0.13846153846153847,0.4153846153846154,0.31926405653018186,1.9997482946965692,0.567201264420595,-0.017355654214393463,0.46163061838802966,-0.012669248305750514,0.1999999999999999
515,515,bj920230,2025-04-02,20.41439070483656,1.2238860502297375,0.2672924351486956,traded,completed,UP,0.825,2.083573347731176,4.0,0.0,4.0,ma_ma20,0.4,15.212779449849512,deep_pullback,16.233498985091337,3.0,pullback,bullish_candle,0.8537500000000001,15.212779449849512,ma_ma20,14.934819066284032,"形态止损: pit_rebound, 支撑 15.21 下方 1.25xATR=2.60 (被硬性止损 8% 截断)",19.480198782109603,"[17.8568, 19.4802]",4.0,19.480198782109603,initial_tp,,0.1999999999999999,0.1999999999999999,1.0,2025-04,-0.2033008252063016,0.0906443392792137,,,515,-0.1463368045992845,0.1237809173273825,0.3164218902513091,-0.2033008292316275,0.2050749969482421,0.22289985899519893,0.36738094368202834,0.0720228576106414,0.03398551070572372,0.10077519379844961,1.4247816787715112e-33,3.0693528258156535,0.42443062219977457,0.8772357461346725,0.14615384615384616,0.4230769230769231,0.3478901101348817,1.779739776951673,0.7699839753513472,-0.016842204982744448,0.7374100127110834,-0.012669248305750514,0.1999999999999999
534,534,bj920230,2025-04-03,18.392860642542168,1.6287996598219117,0.2672924351486956,traded,completed,UP,0.825,2.212111530050437,4.0,0.0,4.0,ma_ma20,0.4,15.581478966892975,deep_pullback,16.233498985091337,2.0,pullback,bullish_candle,0.8537500000000001,15.581478966892975,ma_ma20,14.934819066284032,"形态止损: pit_rebound, 支撑 15.58 下方 1.25xATR=2.77 (被硬性止损 8% 截断)",19.480198782109603,"[17.8568, 19.4802]",3.0,19.480198782109603,initial_tp,,0.1999999999999999,0.1999999999999999,1.0,2025-04,-0.123646960865945,0.0,,,534,-0.0922160753235404,0.1315570269438002,0.2465048082307636,-0.1236470093298092,0.28312500476837155,0.13888267686782507,0.3536051874498116,0.07134638622154044,0.03636565765009483,0.10852713178294573,1.6305330583806293e-33,3.3167751283533087,0.4432576497033169,0.8524096939279665,0.14615384615384616,0.4153846153846154,0.41987834558585635,1.2559890710658488,0.8324332062704991,-0.018075709950591615,0.7961629817941975,-0.012669248305750514,0.1999999999999999
556,556,bj920505,2025-04-07,30.314095080919945,0.9160336479054036,0.2769419411029528,traded,completed,UP,0.825,3.198133581120337,4.0,1.0,4.0,ma_ma20,0.4,28.88088442168432,deep_pullback,39.63692169924877,1.0,pullback,bullish_candle,0.8537500000000001,28.88088442168432,ma_ma20,36.46596796330887,"形态止损: pit_rebound, 支撑 28.88 下方 1.25xATR=4.00 (被硬性止损 8% 截断)",47.56430603909852,"[43.6006, 47.5643]",2.0,47.56430603909852,initial_tp,,0.1999999999999999,0.1999999999999999,1.0,2025-04,0.3731147540983608,0.6636533665835413,,,556,0.2814043715848144,0.7498360305535989,0.3655611525575162,0.3731147891185322,0.1455500078201295,0.07683534094511257,0.1526784458651318,0.05137890842546756,0.03547153541258912,0.11290322580645161,1.1936322141109866e-33,1.6629344354687206,0.3363660704870737,0.5791569427795397,0.072,0.536,0.19790892488856993,1.7389999774057254,0.7511367621033886,-0.027225144522524253,0.5068548419969263,-0.001004901634213609,0.1999999999999999
573,573,bj920230,2025-04-08,16.233498985091337,1.105180191858323,0.23116407774106,traded,completed,UP,0.825,2.7999284277521514,4.0,0.0,4.0,poc,0.4,16.7391112199902,deep_pullback,17.59650031497165,1.0,pullback,bullish_candle,0.8537500000000001,16.7391112199902,poc,16.18878028977392,"形态止损: pit_rebound, 支撑 16.74 下方 1.25xATR=3.50 (被硬性止损 8% 截断)",21.11580037796598,"[19.3562, 21.1158]",5.0,17.458668719815215,dynamic_stop,D4,-0.0078328981723236,-0.0078328981723236,4.0,2025-04,0.0103773584905662,0.1781534460338101,,,573,0.0285362972437801,0.282075439954238,0.2465048082307636,0.0103773257281707,0.18837501049041752,-0.06618094810714303,0.09358087137821292,0.052755377550438506,0.04063704819575523,0.12096774193548387,1.93641023289881e-33,1.6308476812825066,0.4432576497033169,0.481174697064751,0.104,0.504,-0.0845238493503434,0.8888974966483537,0.5878171316542015,-0.026952738311688512,0.7961629817941975,-0.006790767198209785,-0.0078328981723236
575,575,bj920509,2025-04-08,26.047193074026698,1.0806143499235297,0.2590002529440866,traded,completed,UP,0.825,4.453703660606668,5.0,0.0,5.0,ma_ma20,0.4,24.28422486483551,deep_pullback,29.088484920711544,1.0,pullback,bullish_candle,0.8537500000000001,24.28422486483551,ma_ma20,26.76140612705462,"形态止损: pit_rebound, 支撑 24.28 下方 1.25xATR=5.57 (被硬性止损 8% 截断)",34.90618190485385,"[31.9973, 34.9062]",3.0,29.59863710144578,initial_stop,,0.0175379426644184,0.0175379426644184,2.0,2025-04,-0.0018832391713748,0.2096604830241513,,,575,0.0111615534567721,0.3016950043843875,0.2873264414913655,-0.0018832104895413,-0.09652500629425038,-0.010185713468486846,0.06152272544554527,0.036541696778581316,0.05449703018113687,0.1532258064516129,3.963385113161231e-33,0.7218935526034166,0.4885474900516849,0.5866209470067876,0.136,0.424,-0.0663398908934264,1.0280340473058356,0.6952744711783096,-0.03850318657604128,0.9552157444706941,-0.006790767198209785,0.0175379426644184
577,577,bj920866,2025-04-08,11.628155339805826,1.0503611411656857,0.2598663287023454,traded,completed,UP,0.85,1.0248254539776644,5.0,0.0,5.0,swing_low,0.6,7.134563106796117,deep_pullback,12.712135922330097,2.0,pullback,bullish_candle,0.8575000000000002,11.03797718446602,poc,11.69516504854369,"形态止损: pit_rebound, 支撑 11.04 下方 1.25xATR=1.28 (被硬性止损 8% 截断)",15.254563106796116,"[13.9833, 15.2546]",3.0,11.69516504854369,initial_stop,,-0.0799999999999999,-0.0799999999999999,1.0,2025-04,-0.1271186440677966,0.1817440912795436,,,577,-0.0739190990578878,0.2288135394595269,0.3268965359391837,-0.1271186420130545,0.04119999647140497,0.274937712774153,0.3386185240314614,0.03943566865922449,0.026405667592412276,0.08870967741935484,2.2561465795015285e-33,3.697188417449354,0.3276283869427301,1.0,0.192,0.424,0.44352946561925544,1.944273200691272,0.8329595452478424,-0.01866996530124465,0.4872727827592329,-0.004661202522211413,-0.0799999999999999
590,590,bj920706,2025-04-09,18.59794099649049,1.180079716997098,0.2749412260822217,traded,completed,UP,0.625,2.161907297511081,2.0,1.0,3.0,ma60_washed,0.9,16.46047272049687,deep_pullback,18.61761094995055,5.0,pullback,bullish_candle,0.8237500000000001,18.176512243608617,ma_ma20,17.128202073954505,"形态止损: washout, 支撑 18.18 下方 0.75xATR=1.62 (被硬性止损 8% 截断)",23.52964090288138,"[21.3906, 23.5296]",7.0,19.0011750424218,initial_stop,,0.0206022187004755,0.0206022187004755,2.0,2025-04,0.1903754627181386,0.1831862999481059,,,590,0.0473000197654218,0.2057112332648059,0.1512567655015089,0.1903754844272194,-0.046025004386901894,0.19130787658756798,0.10745007264858586,0.05692874495429966,0.035912996739296675,0.14516129032258066,1.8825946100953905e-33,2.553734842564348,0.4406402822706388,0.6750757454153382,0.016,0.72,0.09738046946629098,2.001382047206784,0.010494457860532491,-0.02690446784782114,0.787758339229992,-0.0025481152810755106,0.0206022187004755
591,591,bj920230,2025-04-09,17.59650031497165,1.1722290038445942,0.2669838101776057,traded,completed,UP,0.7999999999999999,2.8523511202017446,3.0,0.0,3.0,poc,0.4,16.7391112199902,deep_pullback,17.458668719815215,4.0,pullback,long_lower_shadow,0.8500000000000001,16.7391112199902,poc,16.06197522223,"形态止损: pit_rebound, 支撑 16.74 下方 1.25xATR=3.57 (被硬性止损 8% 截断)",20.950402463778257,"[19.2045, 20.9504]",12.0,16.846083852453276,dynamic_stop,D4,-0.0350877192982457,-0.0350877192982457,8.0,2025-04,-0.0839860748476937,0.1853467073702572,,,591,-0.051132692748649,0.1827676608617863,0.2465048082307636,-0.0839860898007642,0.041900000572204554,-0.034139953957219915,0.06801017387841779,0.050051029399336325,0.042280055972267756,0.12903225806451613,2.040344068180117e-33,1.1804723368376233,0.4432576497033169,0.4706325733812239,0.096,0.504,-0.21391840091866599,0.8979303209639835,0.48686802733859413,-0.028987124154497,0.7961629817941975,-0.006790767198209785,-0.0350877192982457
598,598,bj920608,2025-04-09,20.206022944550668,0.9000606453955788,0.2378425859118376,traded,completed,UP,0.8166666666666667,2.2793081453822195,4.0,0.0,5.0,ma60_washed,0.9,16.051467495219885,deep_pullback,19.70333652007648,6.0,pullback,bullish_candle,0.8525,19.32878585086042,poc,18.127069598470364,"形态止损: washout, 支撑 19.33 下方 0.75xATR=1.71 (被硬性止损 8% 截断)",23.644003824091776,"[21.6737, 23.644]",10.0,19.56534416826004,dynamic_stop,D4,-0.0070035017508752,-0.0070035017508752,4.0,2025-04,-0.0146341463414633,0.0718257645968489,,,598,-0.059891590769577,0.1282926419886148,0.2001729065611063,-0.0146341091249047,0.04149999380111691,0.15419585751307952,0.18221742906612226,0.05303069126640371,0.03915656001601661,0.14516129032258066,9.302708919498818e-34,2.9010208415718326,0.4346153919513409,0.6088495573727505,0.048,0.48,0.2423718411667306,1.5839412741766925,0.6546222618425295,-0.032606109599094615,0.7687075059424615,-0.006790767198209785,-0.0070035017508752
600,600,bj920953,2025-04-09,32.97079332876052,0.8900473690880313,0.2798085490893736,traded,completed,RANGE,0.575,3.944251841081043,2.0,2.0,3.0,swing_low,1.0,34.15925058883024,deep_pullback,33.80342506186326,1.0,pullback,bullish_candle,0.7862499999999999,34.15925058883024,swing_low,31.0991510569142,"无有效支撑, 使用最大止损 8%",39.48382377436416,"[35.7672, 39.4838]",6.0,35.36905738051798,initial_stop,,0.0463157894736843,0.0463157894736843,5.0,2025-04,0.2257716382473558,0.2372188139059305,,,600,0.2036600855228691,0.3058492900694698,0.0848987232987872,0.2257716095634037,-0.17564998626708964,0.13513705312858426,0.053103891306136575,0.056893166931689,0.03325015716573641,0.10483870967741936,1.1436557286740562e-33,2.380228450694926,0.44369110781279253,0.568766347178091,0.048,0.728,0.050483401231667946,1.7390411861386001,0.01212262828436772,-0.030366371619824938,0.7975624945852617,-0.0025481152810755106,0.0463157894736843
604,604,bj920026,2025-04-10,20.42701467134458,2.0756162881767075,0.2213658522930517,traded,completed,UP,0.7749999999999999,2.2185835071256745,4.0,0.0,5.0,ma60_washed,0.9,18.318453691390445,deep_pullback,23.8432567801729,1.0,pullback,bullish_candle,0.8462500000000001,20.800688163866937,poc,21.93579623775907,"形态止损: washout, 支撑 20.80 下方 0.75xATR=1.66 (被硬性止损 8% 截断)",28.61190813620748,"[26.2276, 28.6119]",2.0,21.93579623775907,dynamic_stop,D4,-0.0799999999999999,-0.0799999999999999,1.0,2025-04,0.0379310344827588,0.2002652519893901,,,604,-0.0240854103513622,0.2482758883772224,0.2790831304475569,0.037931047636887,-0.12177499294281002,0.27783073386961066,0.16110900618083224,0.08016235339222881,0.030310315416320763,0.13709677419354838,1.0916477441865582e-33,2.5851826966780624,0.4251552860152135,0.8509860601939142,0.08,0.696,0.3084599065374314,1.557216896757327,0.5755172557329707,-0.02456980045275925,0.7396002358064051,0.0022369095364658106,-0.0799999999999999
605,605,bj920765,2025-04-10,18.68191271824848,1.3959586855966215,0.252567060383088,traded,completed,RANGE,0.7999999999999999,1.9201780385512843,4.0,2.0,5.0,swing_low,1.0,16.409788198461506,deep_pullback,18.09409940964688,2.0,pullback,bullish_candle,0.82,16.409788198461506,swing_low,16.646571456875126,"形态止损: washout, 支撑 16.41 下方 0.75xATR=1.44 (被硬性止损 8% 截断)",22.058071208678214,"[19.2622, 22.0581]",7.0,17.423389352396327,initial_stop,,-0.0370678883798416,-0.0370678883798416,5.0,2025-04,0.036708350141186,0.2244897959183676,,,605,-0.0142639680713039,0.2101653445768672,0.227676888516545,0.036708342630279,-0.1061499905586242,0.2898809952396193,0.17706405523735458,0.06741503103450307,0.030385278881161566,0.0967741935483871,9.716399726397108e-34,3.47712334063668,0.5380601797146166,0.5390758086142842,0.032,0.648,0.32791322422127966,2.118981430001112,0.6713845029472745,-0.02801499691104804,1.1647841473857063,-0.004315648137042425,-0.0370678883798416
608,608,bj920564,2025-04-10,14.452852414729168,1.2583852853233393,0.2749412260822217,traded,completed,RANGE,0.525,1.6941853197832382,1.0,3.0,2.0,swing_low,1.0,14.584420187229616,deep_pullback,15.234648643960568,1.0,pullback,bullish_candle,0.7787499999999999,14.584420187229616,swing_low,14.015876752443724,"形态止损: washout, 支撑 14.58 下方 0.75xATR=1.27 (被硬性止损 8% 截断)",16.098429699000754,"[15.6207, 16.0984]",2.0,15.988770670387318,initial_stop,,0.0495004541326067,0.0495004541326067,1.0,2025-04,0.2321685016754426,0.302607076350093,,,608,0.1079569803072157,0.3393968578142314,0.2088888662832754,0.2321685267196815,-0.09999999523162853,0.12035464855903988,0.018307070212708387,0.05448494514756937,0.03500789393283245,0.08870967741935484,1.4608692190415589e-33,2.37177245557679,0.4148288673090153,0.5582034662175044,0.072,0.744,0.1486630302607479,1.366775817632167,0.6866394453547415,-0.027263099493536707,0.7089017966442934,0.004238521036436819,0.0495004541326067
611,611,bj920706,2025-04-10,19.37490415816301,1.1553905819529102,0.2749412260822217,traded,completed,UP,0.625,2.1752589442305847,2.0,1.0,3.0,ma60_washed,0.9,16.56767396685422,deep_pullback,18.61761094995055,4.0,pullback,bullish_candle,0.8237500000000001,18.113076643699912,ma_ma20,17.128202073954505,"形态止损: washout, 支撑 18.11 下方 0.75xATR=1.63 (被硬性止损 8% 截断)",23.52964090288138,"[21.3906, 23.5296]",6.0,19.0011750424218,initial_stop,,0.0206022187004755,0.0206022187004755,2.0,2025-04,0.217258883248731,0.2457142857142855,,,611,0.0573304317042331,0.2172588128701296,0.1512567655015089,0.2172588128701296,-0.012674994468689072,0.14932234917343745,0.09949737111242962,0.05860452414388837,0.03435195244176532,0.14516129032258066,1.7349790370944117e-33,3.54713511189663,0.40491957015542457,0.7792056650040498,0.016,0.68,0.2773722886412133,1.6376796956536377,0.8059335220907196,-0.02729657425569788,0.680445112707172,0.0022369095364658106,0.0206022187004755
612,612,bj920230,2025-04-10,18.66852383285504,1.14448249293364,0.2344103026620404,traded,completed,UP,0.7999999999999999,2.94985383405049,3.0,0.0,3.0,poc,0.4,16.7391112199902,deep_pullback,17.458668719815215,3.0,pullback,long_lower_shadow,0.8500000000000001,16.7391112199902,poc,16.06197522223,"形态止损: pit_rebound, 支撑 16.74 下方 1.25xATR=3.69 (被硬性止损 8% 截断)",20.950402463778257,"[19.2045, 20.9504]",11.0,16.846083852453276,dynamic_stop,D4,-0.0350877192982457,-0.0350877192982457,8.0,2025-04,-0.0648072190319933,0.0468266253869968,,,612,-0.1073049373923027,0.1095160036178601,0.2428835445519281,-0.064807218133488,-0.10745000362396251,0.1394302977193096,0.17291937386521616,0.05329243799613754,0.04342292171868413,0.12096774193548387,2.1025155911280313e-33,0.9511297425514552,0.4432576497033169,0.6897590880574687,0.152,0.456,0.05254586377257264,1.0276254702633474,0.12561202990290887,-0.030057725788148214,0.7961629817941975,-0.006790767198209785,-0.0350877192982457
613,613,bj920002,2025-04-10,101.94752356076054,1.0613256984779154,0.2135552021861164,traded,completed,UP,0.7999999999999999,13.3753364130995,4.0,0.0,5.0,ma60_washed,0.9,78.65600996042284,deep_pullback,111.20439528047078,1.0,pullback,bullish_candle,0.8500000000000001,101.72677104911324,ma_ma20,102.30804365803311,"形态止损: washout, 支撑 101.73 下方 0.75xATR=10.03 (被硬性止损 8% 截断)",133.44527433656492,"[122.3248, 133.4453]",6.0,102.30804365803311,initial_stop,,-0.0799999999999999,-0.0799999999999999,5.0,2025-04,0.1332104056613174,0.35128217282078,,,613,0.1953030130249335,0.4207115587036005,0.1885785806799143,0.1332103819381445,-0.41750003814697295,0.22963672887350706,0.15913019149481822,0.06777259417542679,0.03586244095880334,0.13709677419354838,5.520670081746585e-34,2.042426172092653,0.45041322314049587,0.7153211121165425,0.008,0.848,0.3180682521469649,1.5563609909453473,0.6941793345559395,-0.025879444857244367,0.8195488721804511,0.0022369095364658106,-0.0799999999999999
615,615,bj920663,2025-04-10,16.534806405911983,1.0434073813684754,0.2749412260822217,traded,completed,RANGE,0.625,2.1581374599237853,2.0,3.0,3.0,ma60_washed,0.9,16.48125534701085,deep_pullback,17.539805730494923,1.0,pullback,bullish_candle,0.77375,16.48125534701085,ma60_washed,16.13662127205533,"形态止损: washout, 支撑 16.48 下方 0.75xATR=1.62 (被硬性止损 8% 截断)",21.55173369118404,"[18.9281, 21.5517]",9.0,19.96060702328594,initial_stop,,0.1380175658720202,0.1380175658720202,8.0,2025-04,0.2364685004436557,0.3594827586206897,,,615,0.2781236261715536,0.3992901346246214,0.0948003041114307,0.236468487453979,-0.1815999984741211,0.08406152211312978,-0.06481149147541565,0.05386250238278928,0.033501595003463426,0.0967741935483871,1.2217999160362765e-33,1.584626893585188,0.4427555142392643,0.43608480553752466,0.024,0.632,0.08766998808823656,1.0217455446713088,0.6292343613236164,-0.03532408870499111,0.7945444514086595,0.004238521036436819,0.1380175658720202
617,617,bj920608,2025-04-10,21.73379541108987,1.0177926987502752,0.2135552021861164,traded,completed,UP,0.8166666666666667,2.3841205966161514,4.0,0.0,5.0,ma60_washed,0.9,16.218536806883364,deep_pullback,19.70333652007648,5.0,pullback,bullish_candle,0.8525,19.32878585086042,poc,18.127069598470364,"形态止损: washout, 支撑 19.33 下方 0.75xATR=1.79 (被硬性止损 8% 截断)",23.644003824091776,"[21.6737, 23.644]",9.0,19.56534416826004,dynamic_stop,D4,-0.0070035017508752,-0.0070035017508752,4.0,2025-04,-0.0539682539682541,0.0,,,617,-0.1327979075656989,0.023582788016141,0.1803278577694246,-0.0539681935548048,0.12232500314712524,0.138915503953841,0.20868849304633397,0.054289942218062104,0.039623723905029426,0.13709677419354838,9.42944684288422e-34,4.015265951476083,0.4346153919513409,0.7008850350694735,0.08,0.432,0.3528709191492905,1.0565025000399368,0.8043133471086228,-0.032720347598473545,0.7687075059424615,-0.006790767198209785,-0.0070035017508752
619,619,bj920856,2025-04-10,18.998813563343848,0.9992127683067492,0.2135552021861164,traded,completed,UP,0.7749999999999999,2.382537631537644,4.0,0.0,5.0,ma60_washed,0.9,15.31604667441805,deep_pullback,20.113767410957927,1.0,pullback,bullish_candle,0.8462500000000001,19.949646204589133,ma_ma20,18.50466601808129,"形态止损: washout, 支撑 19.95 下方 0.75xATR=1.79 (被硬性止损 8% 截断)",24.136520893149516,"[22.1251, 24.1365]",4.0,21.40711387419025,dynamic_stop,D2,0.06430155210643,0.06430155210643,3.0,2025-04,0.2544600938967136,0.2942719720157409,,,619,0.2530818486949759,0.3896714291880228,0.1090029199890639,0.2544601065930327,-0.08490000724792494,0.20711500235556968,0.10207133946180225,0.07200410918483709,0.03900654038235837,0.14516129032258066,2.5998747975463823e-33,2.9941336665072376,0.43300969392350575,0.7417041023050522,0.04,0.848,0.262141268212047,1.7068714832467253,0.6424668539540124,-0.02712875916625268,0.7636985840549577,0.0022369095364658106,0.06430155210643
621,621,bj920953,2025-04-10,33.80342506186326,0.941337590322287,0.2622305247285537,traded,completed,RANGE,0.575,3.963950736952943,2.0,2.0,3.0,swing_low,1.0,34.15925058883024,deep_pullback,34.8709016427642,1.0,pullback,bullish_candle,0.7862499999999999,34.15925058883024,swing_low,32.08122951134307,"形态止损: washout, 支撑 34.16 下方 0.75xATR=2.97 (被硬性止损 8% 截断)",39.48382377436416,"[35.6217, 39.4838]",5.0,35.36905738051798,initial_stop,,0.0142857142857144,0.0142857142857144,4.0,2025-04,0.1421052631578947,0.2301748678324522,,,621,0.1740120834998308,0.2736842105263157,0.0848987232987872,0.1421052631578947,-0.09697497367858894,0.11767647017937244,0.059057882957565644,0.05765748992177473,0.033817045144286365,0.10483870967741936,1.1680012706718785e-33,3.092767468535424,0.4230835431765692,0.6299148628294042,0.032,0.696,0.1762735874147292,1.3493265864971828,0.6893879925860346,-0.030088942756632885,0.7333532232831708,-0.0025481152810755106,0.0142857142857144
623,623,bj920249,2025-04-11,15.1,1.929460985615288,0.2810637243518045,traded,completed,UP,0.8333333333333334,1.8812523407476744,4.0,2.0,5.0,ma60_washed,0.9,13.716166666666668,deep_pullback,15.24,1.0,pullback,bullish_candle,0.8550000000000001,14.9255,poc,14.0208,"形态止损: washout, 支撑 14.93 下方 0.75xATR=1.41 (被硬性止损 8% 截断)",18.68,"[18.0, 18.68]",2.0,14.65,dynamic_stop,D4,-0.0387139107611548,-0.0387139107611548,1.0,2025-04,0.0655629139072848,0.1548172757475081,,,623,0.0055145355284609,0.1509932928276494,0.144680909284648,0.0655628970932387,-0.009875006675720232,0.1508315989015947,0.09994519709593841,0.04601650038111943,0.0362385386123544,0.14516129032258066,5.700983817723584e-33,2.30809425827395,0.4169611374897359,0.7274012186018218,0.016,0.712,0.37694416930693975,1.5556775506833076,0.9012051707257376,-0.029495569851185854,0.7151515350014863,-0.003209430638002718,-0.0387139107611548
624,624,bj920706,2025-04-11,19.58143866949369,1.241200464777528,0.2652808463436953,traded,completed,UP,0.725,2.1697830783887664,3.0,0.0,4.0,ma60_washed,0.9,16.68815243179711,deep_pullback,18.61761094995055,3.0,pullback,bullish_candle,0.8387500000000001,18.135205341342484,ma_ma20,17.128202073954505,"形态止损: washout, 支撑 18.14 下方 0.75xATR=1.63 (被硬性止损 8% 截断)",22.34113313994066,"[20.4794, 22.3411]",5.0,19.0011750424218,initial_stop,,0.0206022187004755,0.0206022187004755,2.0,2025-04,0.1260673028628829,0.1743388834476003,,,624,0.0461783260113832,0.2044198757416482,0.1512567655015089,0.126067315324871,0.09537501335144043,0.1179852183039869,0.15837344019419541,0.04557299011454753,0.03484047467282311,0.14516129032258066,1.8766464289293446e-33,3.6614749900965227,0.3998091377291412,0.9355609710909193,0.016,0.64,0.40150998654775916,1.237062584606778,0.815747190436301,-0.025174740051783016,0.6661366622884575,0.004238521036436819,0.0206022187004755
628,628,bj920427,2025-04-11,13.807251230309188,1.1266271245422466,0.2652808463436953,traded,completed,UP,0.825,1.7691141217128683,6.0,2.0,7.0,swing_low,1.0,12.659121378899965,deep_pullback,14.034897666364463,1.0,pullback,long_lower_shadow,0.95375,13.794714180207595,ma60_washed,12.912105853055309,"形态止损: washout, 支撑 13.79 下方 0.75xATR=1.33 (被硬性止损 8% 截断)",14.69804163226462,"[14.2427, 14.698]",2.0,13.17380027780755,dynamic_stop,D4,-0.0613540197461212,-0.0613540197461212,1.0,2025-04,0.1039426523297493,0.2541782729805015,,,628,0.0647748337887568,0.2910394605826574,0.2124999761581421,0.1039426400781808,0.010899996757507325,0.10828122221141001,0.08142028414850455,0.042866081977087675,0.039525065621286166,0.18548387096774194,1.921735108781197e-33,2.5356122643306036,0.40425533518433104,0.6857141464020452,0.056,0.784,0.35344016223789354,1.3865635209733749,0.8917450505171552,-0.030204988659782474,0.678571473752791,-0.006790767198209785,-0.0613540197461212
631,631,bj920570,2025-04-11,36.35353489429416,1.0657642931302431,0.2749412260822217,traded,completed,UP,0.8833333333333334,4.633827709088949,4.0,3.0,5.0,ma60_washed,0.9,34.82882700613776,deep_pullback,35.60070470561491,2.0,pullback,long_lower_shadow,0.9625,34.82882700613776,ma60_washed,32.75264832916572,"形态止损: washout, 支撑 34.83 下方 0.75xATR=3.48 (被硬性止损 8% 截断)",41.063712207319846,"[37.188, 41.0637]",3.0,33.92270970675153,dynamic_stop,D4,-0.0471337579617834,-0.0471337579617834,1.0,2025-04,0.0476546906187624,0.1873883073780953,,,631,0.026314097410355,0.1604290468244551,0.1306763200003833,0.0476546846345753,-0.10269997596740729,0.08541733181623501,-0.03311011771906314,0.0309297933534336,0.051016669165917065,0.1693548387096774,1.3805141204920943e-33,1.45866062661787,0.5269230555776521,0.34528714163665414,0.064,0.64,0.23408942821064804,1.0429048963138048,0.8504570195340335,-0.036505544313202125,1.1138210428349091,-0.006790767198209785,-0.0471337579617834
632,632,bj920002,2025-04-11,111.20439528047078,1.0358337505498942,0.2135552021861164,traded,completed,UP,0.8166666666666667,13.1053026390172,3.0,0.0,4.0,ma60_washed,0.9,79.91096971011515,deep_pullback,114.36961541295128,6.0,pullback,bullish_candle,0.8525,101.168157961527,ma_ma20,105.2200461799152,"形态止损: washout, 支撑 101.17 下方 0.75xATR=9.83 (被硬性止损 8% 截断)",137.24353849554154,"[125.8066, 137.2435]",9.0,137.24353849554154,initial_tp,,0.1999999999999999,0.1999999999999999,3.0,2025-04,0.0172240497076023,0.3259534883720929,,,632,0.0947374612301099,0.3024487400066367,0.1897361569623554,0.0172239991299814,0.8629500579833987,0.14051699863874445,0.17295226799083685,0.05752790111377041,0.03489085761510693,0.13709677419354838,5.6533475681642485e-34,2.2986096256684494,0.44583333333333336,0.7663551401869159,0.008,0.8,0.48173667095931827,0.9934394193188163,0.8091266876526731,-0.02665924057007176,0.8045112781954886,-0.004315648137042425,0.1999999999999999
637,637,bj920856,2025-04-11,20.113767410957927,0.971374362917828,0.2135552021861164,traded,completed,UP,0.7749999999999999,2.475168963254605,4.0,0.0,5.0,ma60_washed,0.9,15.529671831620908,deep_pullback,23.173200768810947,1.0,pullback,bullish_candle,0.8462500000000001,19.78151116436893,ma_ma20,21.319344707306072,"形态止损: washout, 支撑 19.78 下方 0.75xATR=1.86 (被硬性止损 8% 截断)",27.80784092257313,"[25.4905, 27.8078]",2.0,21.319344707306072,initial_stop,,-0.0799999999999999,-0.0799999999999999,1.0,2025-04,0.147671840354767,0.2965396408234779,,,637,0.1836205465280809,0.3126386422586933,0.1090029199890639,0.1476718419676599,0.05502499103546139,0.10806416353776727,0.10055034880803726,0.05679991476122977,0.03590049283499457,0.14516129032258066,2.3416008738526435e-33,2.8031536030651845,0.4267765694907334,0.7571297470964256,0.016,0.832,0.4340452144658975,0.9972721484605455,0.7822902317771362,-0.026134711022357267,0.7445204553337501,0.0022369095364658106,-0.0799999999999999
638,638,bj920855,2025-04-11,20.79266573579086,0.9493483954449492,0.2377563712355002,traded,completed,UP,1.0,2.448236275381616,3.0,2.0,4.0,swing_low,1.0,19.526664677389643,shallow_pullback,20.16888576371713,3.0,pullback,long_lower_shadow,1.0,19.526664677389643,swing_low,18.555374902619764,"形态止损: washout, 支撑 19.53 下方 0.75xATR=1.84 (被硬性止损 8% 截断)",22.609944721098984,"[22.263, 22.6099]",8.0,20.485726384452995,dynamic_stop,D4,0.0157093765341187,0.0157093765341187,5.0,2025-04,0.0219047619047618,0.0790987535953979,,"{'structure_strength': np.float64(1.0), 'trend': 'UP', 'atr_ratio': 0.12138678874297934, 'n_supports': 3, 'n_resistances': 2, 'top_support_source': 'swing_low', 'top_support_dist': -0.03184216985763374, 'v2_pattern': '', 'fine_score': 0.9493483954449492, 'operable_score': 0.23775637123550025, 'entry_day': 3}",638,-0.0691135567077835,0.0719047728038968,0.1514882191354601,0.0219047183082217,0.15580001115798953,-0.028977049399818933,0.05935828613307903,0.05940923795762389,0.02973544357826526,0.12096774193548387,1.3762152218134028e-33,3.640647634329522,0.4064692270926759,0.5397891566044734,0.056,0.552,0.1287879397764975,0.7256878234813402,0.1356765017723317,-0.025161702861550405,0.6848326079229987,-0.0025481152810755106,0.0157093765341187
641,641,bj920857,2025-04-14,17.4764928153273,1.3574809297739103,0.2374195906443447,traded,completed,UP,0.8083333333333333,1.737227973244219,3.0,1.0,4.0,ma60_washed,0.9,17.432063863757314,deep_pullback,17.108461947844596,1.0,pullback,long_lower_shadow,0.95125,17.432063863757314,ma60_washed,15.739784992017029,"无有效支撑, 使用最大止损 8%",22.090804151144223,"[20.0825, 22.0908]",2.0,17.05872804683342,dynamic_stop,D4,-0.002906976744186,-0.002906976744186,1.0,2025-04,0.1161070005691518,0.1249305941143807,,,641,0.0360556192403995,0.1531019112567224,0.112972981220967,0.1161070546932501,0.08027500152587894,0.04333218290591567,0.06671142740787217,0.038212148199202975,0.02859107619628616,0.11290322580645161,4.746247945041881e-34,2.47987668161435,0.36211969895336343,0.6788618968300018,0.048,0.592,0.17866495704315022,1.185054587373703,0.6577292895751308,-0.022009204663998194,0.5676922431358924,-0.004661202522211413,-0.002906976744186
646,646,bj920706,2025-04-14,20.65345113306717,1.0866044819104863,0.2652808463436953,traded,completed,UP,0.75,2.191263932605942,3.0,1.0,4.0,ma60_washed,0.9,16.81076180836484,deep_pullback,18.61761094995055,2.0,pullback,bullish_candle,0.8425,18.119469378574436,ma_ma20,17.128202073954505,"形态止损: washout, 支撑 18.12 下方 0.75xATR=1.64 (被硬性止损 8% 截断)",24.330748932426133,"[22.1189, 24.3307]",4.0,19.0011750424218,initial_stop,,0.0206022187004755,0.0206022187004755,2.0,2025-04,0.0157142857142855,0.1646430305973771,,,646,0.0191345685671227,0.1419047401064919,0.1204651233761809,0.0157142820812405,0.1934750127792359,0.04095046171553762,0.15836850573341388,0.0450154241069936,0.035547690496769986,0.14516129032258066,1.9370398904230576e-33,2.9926753267775483,0.4353680639136413,0.8257731545223626,0.016,0.6,0.2828661141019977,0.9333441511611135,0.612982942399783,-0.025195807306720674,0.7710652481531846,-0.005252491865937717,0.0206022187004755
647,647,bj920856,2025-04-14,23.173200768810947,1.0791419434148768,0.2135552021861164,traded,completed,UP,0.7749999999999999,2.7005421114454817,4.0,0.0,5.0,ma60_washed,0.9,15.787003179650236,shallow_pullback,21.40711387419025,4.0,pullback,bullish_candle,0.8462500000000001,19.78240312744702,ma_ma20,19.69454476425503,"形态止损: washout, 支撑 19.78 下方 0.75xATR=2.03 (被硬性止损 8% 截断)",25.6885366490283,"[23.5478, 25.6885]",12.0,25.6885366490283,initial_tp,,0.1999999999999999,0.1999999999999999,8.0,2025-04,0.0153964588144726,0.1332312404287901,,"{'structure_strength': np.float64(0.7749999999999999), 'trend': 'UP', 'atr_ratio': 0.12615162077973638, 'n_supports': 4, 'n_resistances': 0, 'top_support_source': 'ma60_washed', 'top_support_dist': -0.2625347222222221, 'v2_pattern': '', 'fine_score': 1.0791419434148768, 'operable_score': 0.2135552021861164, 'entry_day': 4}",647,0.0297528198682666,0.139337987029148,0.1064189046599555,0.0153964444025482,0.2177499914169312,0.15040744007938867,0.25267772298413327,0.0583187839656177,0.032881123060897105,0.13709677419354838,2.119820621445841e-33,2.7561738084900305,0.4568452069455592,0.9381108797164947,0.008,0.792,0.4985657132477015,1.0745759343501053,0.5573935011289719,-0.026430130761664228,0.8410957848249518,-0.012669248305750514,0.1999999999999999
649,649,bj920753,2025-04-14,28.96673140125403,1.056965934427329,0.252567060383088,traded,completed,UP,0.8666666666666666,2.636947094191609,4.0,1.0,5.0,ma60_washed,0.9,29.00217510544933,deep_pullback,27.43245598677259,5.0,pullback,bullish_candle,0.8600000000000001,27.19940149343364,swing_low,25.237859507830784,"形态止损: washout, 支撑 27.20 下方 0.75xATR=1.98 (被硬性止损 8% 截断)",34.448367296664,"[31.3167, 34.4484]",7.0,27.29650753232487,dynamic_stop,D4,-0.0049557522123893,-0.0049557522123893,2.0,2025-04,0.0278243379148508,0.138360655737705,,,649,0.014347724050109,0.1639289745056606,0.147465456774823,0.0278243354283902,0.026324987411499023,0.08913013183437313,0.06495033061107347,0.023080148042013186,0.027705268812750716,0.12903225806451613,8.132856027248373e-34,1.2977639486287789,0.35192488411657963,0.7855296177007172,0.072,0.64,0.12962962962962954,1.3146850955134535,0.3485967639892623,-0.0219395883925164,0.5430310090472383,0.002543008580141291,-0.0049557522123893
650,650,bj920564,2025-04-14,15.947259366180342,1.0248145400377875,0.2810637243518045,traded,completed,UP,0.7916666666666666,1.6382513825911025,4.0,1.0,5.0,swing_low,1.0,14.659774735283111,deep_pullback,15.912666612674528,1.0,pullback,long_lower_shadow,0.8487500000000001,15.774295598651271,swing_low,14.639653283660566,"形态止损: washout, 支撑 15.77 下方 0.75xATR=1.23 (被硬性止损 8% 截断)",19.74900297646932,"[17.9536, 19.749]",6.0,16.113304583008247,initial_stop,,0.0126086956521738,0.0126086956521738,5.0,2025-04,0.0906724511930585,0.1911451681566625,,,650,0.0041310806275782,0.2138828836596733,0.2088888662832754,0.0906724608141209,0.13232501506805416,0.07331336343845352,0.11729451256701129,0.03558383367035939,0.03425710102194032,0.08870967741935484,1.4864675960948228e-33,1.9278912521651967,0.3637866885676648,0.9204544604809834,0.064,0.648,0.2548077261071715,1.0192783942424781,0.7508383640002033,-0.027446566830385773,0.571799869683103,0.0005822201484390155,0.0126086956521738
651,651,sh603709,2025-04-14,16.0,0.99478265898415,0.224008461990219,traded,completed,UP,1.0,0.9889457113986136,4.0,0.0,5.0,swing_low,1.0,11.09,deep_pullback,11.18,5.0,pullback,long_lower_shadow,1.0,11.09,swing_low,10.34829071645104,"形态止损: washout, 支撑 11.09 下方 0.75xATR=0.74",13.416,"[12.298, 13.416]",8.0,11.1,dynamic_stop,D4,-0.0071556350626118,-0.0071556350626118,3.0,2025-04,-0.224375,0.0,,,651,-0.2386316065071444,0.0025000572204589,0.3167082660489584,-0.2243750095367431,0.18505000352859496,0.14710572172675174,0.39807841814309386,0.04108841479800813,0.016306512551311686,0.08870967741935484,1.5301553118347198e-33,0.41273684847751074,0.4191358392439553,1.0,0.168,0.464,0.3311422071800627,0.27835408944238516,0.9398487489763034,-0.015893425639220266,0.7215729038927345,-0.009743704215843963,-0.0071556350626118
652,652,bj920346,2025-04-14,27.65656564693258,0.9864526556417316,0.2652808463436953,traded,completed,RANGE,0.6666666666666666,3.616298651675139,4.0,3.0,5.0,ma60_washed,0.9,26.609237845469572,deep_pullback,26.352756123577187,2.0,pullback,long_lower_shadow,0.68,25.68109667215168,swing_low,24.24453563369101,"形态止损: washout, 支撑 25.68 下方 0.75xATR=2.71 (被硬性止损 8% 截断)",32.20014428892865,"[29.632, 32.2001]",9.0,27.96276333802362,dynamic_stop,D4,0.0610944527736132,0.0610944527736132,7.0,2025-04,0.0882142857142858,0.1058660187434918,,,652,-0.0130103857966497,0.1378571646554129,0.1528562694895585,0.0882142611912317,0.12860000610351568,0.11476548909205841,0.12482672302996867,0.04976476014152844,0.032173239682826336,0.1532258064516129,9.12412006472074e-34,2.559017950075781,0.4431715305113696,0.7034014256848258,0.04,0.592,0.32703826259245505,1.3645831475065917,0.8275222222878296,-0.02566838384571999,0.7958851869021011,-0.001004901634213609,0.0610944527736132
654,654,bj920943,2025-04-14,18.59849049707602,0.9625765387071334,0.2622305247285537,traded,completed,RANGE,0.6583333333333332,1.6479104676674858,3.0,2.0,4.0,ma60_washed,0.9,18.16366697124756,deep_pullback,19.420906432748534,1.0,pullback,long_lower_shadow,0.77875,18.16366697124756,ma60_washed,17.867233918128655,"形态止损: washout, 支撑 18.16 下方 0.75xATR=1.24 (被硬性止损 8% 截断)",22.72791027046784,"[19.5113, 22.7279]",2.0,17.867233918128655,initial_stop,,-0.0799999999999999,-0.0799999999999999,1.0,2025-04,0.2706446457112414,0.5502673796791444,,,654,0.3231277692190408,0.5444858318651389,0.1672990831238857,0.270644635046072,0.06010000228881847,0.045685890002650664,0.03692070289494476,0.026274617618550232,0.03560198126737095,0.11290322580645161,1.2538557399742741e-33,1.5106240214717066,0.40217391304347827,0.535135217615076,0.016,0.624,0.15432098038657016,0.8851380252031718,0.7506814160791075,-0.028753863383055616,0.6727272727272726,0.0005822201484390155,-0.0799999999999999
655,655,sz002693,2025-04-14,9.14,0.9485605724525248,0.2329986342940894,traded,completed,RANGE,0.325,0.7077923086581326,1.0,2.0,1.0,ma_ma20,0.4,9.1195,deep_pullback,10.32,1.0,pullback,bullish_candle,0.62875,9.1195,ma_ma20,9.4944,"形态止损: pit_rebound, 支撑 9.12 下方 1.25xATR=0.88 (被硬性止损 8% 截断)",15.7775,"[12.7798, 15.7775]",6.0,9.57,dynamic_stop,D4,-0.0726744186046511,-0.0726744186046511,5.0,2025-04,-0.148796498905908,0.464788732394366,,,655,-0.0089717789979698,0.479212248349721,0.4926035576000928,-0.1487965079244176,0.01312499165534975,0.13782047137187692,0.10870865689729747,0.03199633793857986,0.01911226766980757,0.12096774193548387,1.5032611502040693e-32,2.111130407745669,0.3893719865965917,0.7220841734679063,0.024,0.792,0.35139087047427076,1.352828980757557,0.9329330779295644,-0.027003020270065327,0.6376582437258003,0.004261336675424993,-0.0726744186046511
658,658,bj920634,2025-04-14,28.83732190158784,0.9148331773868864,0.2545118522553845,traded,completed,UP,0.7666666666666667,3.749653914338464,3.0,1.0,4.0,ma60_washed,0.9,23.37937150319224,deep_pullback,29.44181559093384,5.0,pullback,bullish_candle,0.8450000000000001,28.52566081093322,ma_ma20,27.086470343659133,"形态止损: washout, 支撑 28.53 下方 0.75xATR=2.81 (被硬性止损 8% 截断)",35.3301787091206,"[31.4115, 35.3302]",7.0,29.03551655383243,dynamic_stop,D2,-0.0138000673174015,-0.0138000673174015,2.0,2025-04,-0.0398625429553265,0.0445043830074174,,,658,-0.1032774134779946,0.0646047813100285,0.187217537855453,-0.0398625371892013,0.10392499923706051,0.07982159729994853,0.08264637723789514,0.03734571076856689,0.056306259182616586,0.1774193548387097,2.090582928433337e-33,1.3295366621682412,0.45375876114145897,0.5637663750097754,0.048,0.6,0.23019490238742124,1.01563155544127,0.8412237908851631,-0.03259992946305793,0.8306929775014074,-0.006790767198209785,-0.0138000673174015
659,659,bj920533,2025-04-15,39.13972267536704,1.64474944229178,0.2810637243518045,traded,completed,RANGE,0.35,4.001620312234762,1.0,2.0,2.0,ma60_washed,0.9,38.22334703224996,deep_pullback,38.84094616639477,4.0,pullback,bullish_candle,0.7325,38.22334703224996,ma60_washed,35.733670473083194,"形态止损: washout, 支撑 38.22 下方 0.75xATR=3.00 (被硬性止损 8% 截断)",51.29035042037896,"[41.6755, 51.2904]",8.0,39.43849918433931,dynamic_stop,D2,0.0153846153846153,0.0153846153846153,4.0,2025-04,0.0027402622822469,0.108982953457192,,,659,0.0225609263798258,0.1332942132110379,0.108290160492677,0.0027402503274673,0.4584000015258788,0.052207279730418055,0.13393588645789367,0.05192706795248111,0.03381053144382466,0.12096774193548387,1.852731954601369e-33,1.2049372541356194,0.4207477743916974,0.8014183607083337,0.024,0.672,0.02132238214715665,1.0525217268672766,0.1253462101345214,-0.029355412716638017,0.7263636733546401,-9.069195287288515e-06,0.0153846153846153
662,662,bj920002,2025-04-15,112.80478748228676,1.16088858365979,0.2135552021861164,traded,completed,UP,0.8166666666666667,12.22067689089322,4.0,0.0,5.0,ma60_washed,0.9,82.5129195290253,deep_pullback,109.73609894293168,1.0,pullback,long_lower_shadow,0.8525,111.20439528047078,swing_low,100.95721102749717,"无有效支撑, 使用最大止损 8%",131.683318731518,"[120.7097, 131.6833]",2.0,108.06457819881274,dynamic_stop,D4,-0.0152321866753092,-0.0152321866753092,1.0,2025-04,-0.0081070125658695,0.2416376306620209,,,662,0.0543678544699857,0.2839705811809778,0.2177633979806885,-0.0081070263552406,2.7830001068115235,0.050373099132409394,0.22835601252875182,0.047946318472658137,0.03545079491991124,0.12903225806451613,5.6490813326074844e-34,1.2003173343911147,0.44323510850041264,0.9123536234290135,0.016,0.704,0.01136464532860404,0.9924464167689547,0.005807148924782735,-0.023803630590936653,0.7960902622767858,-9.069195287288515e-06,-0.0152321866753092
663,663,bj920026,2025-04-15,18.60267094724864,1.1219033537317809,0.2749412260822217,traded,completed,RANGE,0.5499999999999999,2.5085492486227743,2.0,2.0,3.0,ma60_washed,0.9,18.57543492768684,deep_pullback,18.94781705721273,3.0,pullback,bullish_candle,0.7625000000000001,18.57543492768684,ma60_washed,17.431991692635712,"形态止损: washout, 支撑 18.58 下方 0.75xATR=1.88 (被硬性止损 8% 截断)",20.800688163866937,"[19.3018, 20.8007]",4.0,19.194349992901373,dynamic_stop,D4,0.0130111524163569,0.0130111524163569,1.0,2025-04,0.1821279818250663,0.3235831809872029,,,663,0.1783207157308866,0.3706929561564029,0.1632596608523445,0.1821279626555434,0.34732500553131107,-0.08128987869070525,0.04148157289122012,0.07311909515198728,0.03282039010898424,0.13709677419354838,1.2641572053444318e-33,2.1767164992956785,0.46962752379376327,0.5393532308144192,0.048,0.784,-0.09316974403710077,0.789261632883118,0.4932895794920221,-0.02638757898531769,0.8854673740858818,-0.0025481152810755106,0.0130111524163569
665,665,bj920075,2025-04-15,27.81090718184972,1.0328120752534782,0.2652808463436953,traded,completed,RANGE,0.6749999999999999,3.0032697946345213,2.0,5.0,2.0,swing_low,1.0,27.408482967049597,deep_pullback,27.481210234784555,1.0,pullback,long_lower_shadow,0.8012499999999999,27.408482967049597,swing_low,25.28271341600179,"形态止损: pit_rebound, 支撑 27.41 下方 1.25xATR=3.75 (被硬性止损 8% 截断)",31.999997803383568,"[31.0717, 32.0]",2.0,28.27636169535348,initial_stop,,0.0289343683839096,0.0289343683839096,1.0,2025-04,0.2576708507670853,0.3222811671087535,,,665,0.2793742961281626,0.3905160614980267,0.0868719699201541,0.2576708267438474,0.17990000247955323,0.0698070317554671,0.09630867715041247,0.03635233328160146,0.029416737592304808,0.10483870967741936,1.2042733052435917e-33,1.3113066267315612,0.42114285060337614,0.6716417755940893,0.08,0.56,0.1108655716822724,1.6372591006423982,0.6324317387841879,-0.025306101122804726,0.727541935073891,-0.004661202522211413,0.0289343683839096
667,667,sz002693,2025-04-15,10.32,0.9933961849444842,0.2810637243518045,traded,completed,RANGE,0.325,0.7574200008370483,1.0,2.0,1.0,ma_ma20,0.4,9.0475,deep_pullback,9.48,7.0,pullback,bullish_candle,0.62875,9.0475,ma_ma20,8.7216,"形态止损: pit_rebound, 支撑 9.05 下方 1.25xATR=0.95 (被硬性止损 8% 截断)",15.7775,"[12.6957, 15.7775]",8.0,8.7216,dynamic_stop,D4,-0.0799999999999999,-0.0799999999999999,1.0,2025-04,-0.2083333333333333,0.3320197044334974,,,667,-0.1222869623974947,0.3100776024774834,0.4926035576000928,-0.2083333025298984,0.06664999246597292,0.14663350174047318,0.20842919833794427,0.03272911613430762,0.01991409364817255,0.11290322580645161,1.6697287844857692e-32,2.182481333820676,0.3773398611638059,1.0,0.04,0.744,0.2799495382406272,1.4950899920099263,0.9329770228201921,-0.025351848791510544,0.6060125542468271,-0.009743704215843963,-0.0799999999999999
668,668,bj920245,2025-04-15,24.56136402023169,0.9740944157740324,0.2423038816327085,traded,completed,UP,0.775,2.069760953335261,1.0,5.0,1.0,swing_low,0.6,24.279616225333708,deep_pullback,24.44162120740005,4.0,pullback,bullish_candle,0.88625,24.279616225333708,swing_low,22.486291510808048,"形态止损: pit_rebound, 支撑 24.28 下方 1.25xATR=2.59 (被硬性止损 8% 截断)",26.61812292298697,"[25.284, 26.6181]",6.0,24.44162120740005,dynamic_stop,D4,0.0,0.0,2.0,2025-04,0.0430169199885288,0.0833094760950472,,,668,-0.033263212818301,0.0851735391935268,0.122511891118888,0.0430169213061952,0.22619999408721939,0.054809012411534797,0.08151344913468983,0.024317966426757567,0.0263615688564702,0.10483870967741936,9.02178472200494e-34,1.2031540830484957,0.44264198408807165,0.5696334955145357,0.008,0.76,0.10119801580417565,0.9706908190819082,0.7193651425157226,-0.028511032344166957,0.7941789145417375,0.0022949662058721135,0.0
669,669,sz300994,2025-04-15,14.020325819887033,0.959994519431392,0.2317181732389834,traded,completed,UP,0.85,1.2608941487718948,4.0,0.0,5.0,swing_low,1.0,10.456748345973825,deep_pullback,16.285291673300023,7.0,pullback,bullish_candle,0.8575000000000002,14.283791889199328,poc,14.98246833943602,"形态止损: washout, 支撑 14.28 下方 0.75xATR=0.95 (被硬性止损 8% 截断)",19.542350007960028,"[17.9138, 19.5424]",8.0,14.98246833943602,initial_stop,,-0.0799999999999999,-0.0799999999999999,1.0,2025-04,0.2062750333778371,0.2385436283741369,,,669,0.1621377825783267,0.3170894622931934,0.1333333121405707,0.2062750498673642,0.06744999885559082,0.22689467063005608,0.2746039657163162,0.05470571311102604,0.02430462123724855,0.07258064516129033,2.9151378209099176e-33,1.3354203652041592,0.4170762057213661,0.948453559016561,0.08,0.512,0.36153850981783275,2.731878123182471,0.8102452706702536,-0.019880868927399504,0.7154901031917842,-0.001004901634213609,-0.0799999999999999
671,671,bj920627,2025-04-15,26.933958648546582,0.939662703930701,0.2652808463436953,traded,completed,UP,0.9833333333333334,2.848195980339874,3.0,2.0,4.0,ma60_washed,0.9,26.370186136520097,deep_pullback,26.81478184036717,1.0,pullback,long_lower_shadow,0.9775,26.370186136520097,ma60_washed,24.669599293137804,"形态止损: washout, 支撑 26.37 下方 0.75xATR=2.14 (被硬性止损 8% 截断)",34.45451181470141,"[31.6613, 34.4545]",6.0,28.135658131022296,dynamic_stop,D4,0.0492592592592591,0.0492592592592591,5.0,2025-04,0.0781710914454276,0.1071682044002839,,,671,0.0172656504345618,0.1504424704074376,0.1309164621020914,0.0781710496416301,0.16587501049041756,0.06227383645738649,0.0984142436367319,0.030056300769254057,0.030838940166920008,0.14516129032258066,1.4006096905033694e-33,1.500925950598204,0.37016396444351946,0.7945084582204524,0.032,0.536,0.10466483937036708,1.2723455814799856,0.7719697054291514,-0.02496368699873227,0.5877148075791943,-0.004661202522211413,0.0492592592592591
672,672,bj920957,2025-04-15,14.853173575129532,0.9134517965355056,0.2622305247285537,traded,completed,UP,0.85,1.6606016084839352,5.0,2.0,6.0,ma60_washed,0.9,12.909345207253883,deep_pullback,14.376282383419689,3.0,pullback,long_lower_shadow,0.8575000000000002,14.417016839378238,ma_ma20,13.226179792746114,"无有效支撑, 使用最大止损 8%",19.75124352331606,"[17.5953, 19.7512]",4.0,14.54518134715026,dynamic_stop,D4,0.0117484450587423,0.0117484450587423,1.0,2025-04,0.0882943143812706,0.2556929082628498,,,672,0.1093374188419198,0.2909698651032446,0.1637305685144362,0.0882943588855751,0.08090000152587891,0.06769475834149175,0.1097873508718139,0.02574251980826707,0.04166219537969632,0.12096774193548387,1.4835546841806838e-33,1.000444503711606,0.48742454675283,0.5345717780692494,0.104,0.48,0.08775652944622969,1.1150308792820012,0.567069362516322,-0.035425360987582324,0.9509322845348742,-0.006790767198209785,0.0117484450587423
676,676,bj920726,2025-04-15,24.7762426253066,0.843084027121746,0.2769419411029528,traded,completed,UP,0.8833333333333334,2.540496374437361,4.0,1.0,5.0,swing_low,1.0,20.00268654616419,deep_pullback,23.6860879497931,7.0,pullback,bullish_candle,0.8625,22.81099106026728,ma_ma20,21.791200913809654,"形态止损: washout, 支撑 22.81 下方 0.75xATR=1.91 (被硬性止损 8% 截断)",30.524330914377725,"[27.7494, 30.5243]",8.0,22.99235315628452,dynamic_stop,D4,-0.0292887029288702,-0.0292887029288702,1.0,2025-04,-0.0287999999999999,0.1568093385214009,,,676,-0.0454936323446375,0.1891999816894531,0.2458795687351872,-0.0287999725341796,0.10587500095367428,0.00956536479967185,0.11243375262469923,0.032370372492820175,0.035618760410309244,0.12903225806451613,2.2392131938553418e-33,1.0019277496021426,0.33993397677919435,0.5533981733154129,0.08,0.6,-0.01908396890992703,1.0333970626152358,0.14731234493914858,-0.019201233217343662,0.5149999618530274,-0.004661202522211413,-0.0292887029288702
677,677,bj920239,2025-04-15,29.95074825449449,0.8397954183878689,0.2810637243518045,traded,completed,UP,0.725,2.527185345427348,4.0,0.0,5.0,ma60_washed,0.9,28.27006629885109,deep_pullback,29.80451116699289,2.0,pullback,bullish_candle,0.8387500000000001,28.88495843344116,ma_ma20,27.42015027363346,"形态止损: washout, 支撑 28.88 下方 0.75xATR=1.90 (被硬性止损 8% 截断)",35.765413400391466,"[32.785, 35.7654]",7.0,30.500878250333844,initial_stop,,0.0233644859813084,0.0233644859813084,5.0,2025-04,0.0853289932573819,0.1282110091743118,,,677,0.0490790174772393,0.1436875272343762,0.0901824440113632,0.0853290427078479,0.29594998359680175,0.047950932678125335,0.10400238977688447,0.030191569565540404,0.026053167933945996,0.11290322580645161,1.4385872539687147e-33,1.1256457326059415,0.3352017795306759,0.9331103627726345,0.024,0.6,0.06160211341846478,1.1089520081954034,0.7374425286001867,-0.02147461760553305,0.5042158194918682,-0.004661202522211413,0.0233644859813084
678,678,bj920346,2025-04-15,26.13545453635129,0.8371497094479109,0.2798085490893736,traded,completed,RANGE,0.7166666666666667,3.425177927069506,3.0,4.0,3.0,swing_low,0.6,21.572121204607413,deep_pullback,26.352756123577187,1.0,pullback,long_lower_shadow,0.6875000000000001,25.68109667215168,swing_low,24.24453563369101,"形态止损: washout, 支撑 25.68 下方 0.75xATR=2.57 (被硬性止损 8% 截断)",29.63203462171348,"[26.9182, 29.632]",5.0,29.63203462171348,initial_tp,,0.1244377811094452,0.1244377811094452,4.0,2025-04,0.1749811035525321,0.2149532710280373,,,678,0.065413929226765,0.2282691279105808,0.1528562694895585,0.1749811499741218,0.24497500419616697,-0.011108855866803546,0.04629104117533478,0.049781491522520954,0.03241446112562113,0.1532258064516129,9.167417474530877e-34,2.0351735591865427,0.4431715305113696,0.5632653966837822,0.056,0.584,0.05814870543619244,0.7597537603023141,0.24456591543760087,-0.026719778951862855,0.7958851869021011,-0.005252491865937717,0.1244377811094452
682,682,bj920505,2025-04-16,39.48783598573604,0.99971087886728,0.236633622471284,traded,completed,UP,0.7999999999999999,5.5098375888559685,4.0,0.0,4.0,ma_ma20,0.4,32.95291221009511,shallow_pullback,34.53819029711371,7.0,pullback,bullish_candle,0.8500000000000001,32.95291221009511,ma_ma20,31.77513507334461,"形态止损: pit_rebound, 支撑 32.95 下方 1.25xATR=6.89 (被硬性止损 8% 截断)",41.445828356536445,"[37.992, 41.4458]",10.0,41.445828356536445,initial_tp,,0.1999999999999999,0.1999999999999999,3.0,2025-04,0.1527812735967784,0.3730314960629919,,"{'structure_strength': np.float64(0.7999999999999999), 'trend': 'UP', 'atr_ratio': 0.15952884448946983, 'n_supports': 4, 'n_resistances': 0, 'top_support_source': 'ma_ma20', 'top_support_dist': -0.04589928057553958, 'v2_pattern': '', 'fine_score': 0.99971087886728, 'operable_score': 0.23663362247128403, 'entry_day': 7}",682,0.198231976988948,0.4044802386101329,0.1721271553271919,0.1527812676758604,-0.048375015258789136,-0.024764838677676426,0.09190073451443515,0.019798371865885584,0.0468478512835924,0.12096774193548387,1.650160174455798e-33,0.6883461167693533,0.5283867232521778,0.5485815581970306,0.104,0.488,-0.10543695538962228,0.9015876881859559,0.7168013790155924,-0.02863542057952636,1.1203813575730037,-0.0024556029395658673,0.1999999999999999
683,683,bj920726,2025-04-16,25.767292330318856,0.9760880839660586,0.2335213411278897,traded,completed,UP,0.85,2.8994625168410137,5.0,1.0,6.0,swing_low,1.0,20.00268654616419,deep_pullback,23.6860879497931,6.0,pullback,bullish_candle,0.8575000000000002,22.949242494116486,ma_ma20,21.791200913809654,"形态止损: washout, 支撑 22.95 下方 0.75xATR=2.17 (被硬性止损 8% 截断)",30.524330914377725,"[27.7494, 30.5243]",7.0,22.99235315628452,dynamic_stop,D4,-0.0292887029288702,-0.0292887029288702,1.0,2025-04,-0.0984615384615383,0.0886122299523983,,,683,-0.0822054157159976,0.1434615208552434,0.2458795687351872,-0.0984615179208608,0.037449994087219274,0.076340973287091,0.1619875389973482,0.029049979264282356,0.03738843700023867,0.12903225806451613,2.4110427293034246e-33,0.8140476623080988,0.33993397677919435,0.7097087385832214,0.048,0.584,0.0680484861902586,1.3083214465299087,0.5048892992132654,-0.019431231525369567,0.5149999618530274,-0.004661202522211413,-0.0292887029288702
684,684,sz002693,2025-04-16,11.58,0.971052223031164,0.2810637243518045,traded,completed,RANGE,0.325,0.7924306673921084,1.0,2.0,1.0,ma_ma20,0.4,9.042,deep_pullback,9.48,6.0,pullback,bullish_candle,0.62875,9.042,ma_ma20,8.7216,"形态止损: pit_rebound, 支撑 9.04 下方 1.25xATR=0.99 (被硬性止损 8% 截断)",15.7775,"[12.62, 15.7775]",7.0,8.7216,dynamic_stop,D4,-0.0799999999999999,-0.0799999999999999,1.0,2025-04,-0.2590673575129534,0.2103849597135183,,,684,-0.2177894352436078,0.1675302717477687,0.4926035576000928,-0.2590673592197988,0.11064999818801877,0.15667393256159712,0.3067384330517853,0.03135901047860699,0.020644750458766844,0.11290322580645161,1.7535850081618381e-32,2.0452350849326533,0.4341987351392868,1.0,0.056,0.696,0.3218935299911392,0.9708858289959155,0.9526563076021612,-0.02227518021339581,0.7674050273573996,-0.009743704215843963,-0.0799999999999999
685,685,bj920639,2025-04-16,9.03,0.9474417525207304,0.2545118522553845,traded,completed,UP,0.825,0.9704147219134848,6.0,1.0,7.0,ma60_washed,0.9,7.601833333333331,deep_pullback,9.08,1.0,pullback,bullish_candle,0.8537500000000001,9.136,ma_ma20,8.3536,"无有效支撑, 使用最大止损 8%",14.718000000000002,"[13.38, 14.718]",2.0,9.6,initial_stop,,0.0572687224669603,0.0572687224669603,1.0,2025-04,0.0033222591362127,0.0620915032679738,,,685,-0.0749201367912215,0.0797342511982448,0.1671794989170172,0.0033223352749354,0.046875,0.029609720927631367,0.05939378600439471,0.01448398405036721,0.0466995742320457,0.10483870967741936,7.680305458985494e-33,0.8196206242208008,0.5127055362361668,0.3877551417606955,0.072,0.448,0.04081639714373453,1.302276967274617,0.12785597082324018,-0.03815049089967045,1.052147262819405,-0.00391538965102975,0.0572687224669603
688,688,bj920826,2025-04-16,15.707935724132255,0.8632611648762539,0.2355160499810289,traded,completed,UP,0.7749999999999999,1.9448683658063144,3.0,0.0,4.0,ma60_washed,0.9,11.678686586561872,deep_pullback,14.716372281546407,3.0,pullback,bullish_candle,0.8462500000000001,14.444919517313746,poc,13.539062499022696,"形态止损: washout, 支撑 14.44 下方 0.75xATR=1.46 (被硬性止损 8% 截断)",17.65964673785569,"[16.188, 17.6596]",4.0,14.431665946546511,dynamic_stop,D4,-0.019346230820547,-0.019346230820547,1.0,2025-04,-0.1212499999999999,0.0833333333333334,,,688,-0.1084194380993922,0.1375000476837158,0.2758241894135448,-0.1212499737739563,0.04637500286102299,0.12918397723950292,0.26160849282583754,0.035723756323831096,0.0392411717043393,0.12096774193548387,4.584092935662344e-33,0.9095945468055263,0.43092453709803286,0.7509247172284976,0.08,0.52,0.13055179173652087,1.3881640377997677,0.5086303191520265,-0.018889904477960427,0.7572361930710529,-0.006790767198209785,-0.019346230820547
698,698,bj920765,2025-04-17,17.943378048466975,1.4075738628709729,0.2356748690299835,traded,completed,RANGE,0.7999999999999999,1.9493480842046973,4.0,1.0,5.0,swing_low,1.0,16.421469103952948,deep_pullback,17.348028671806375,3.0,pullback,long_lower_shadow,0.7000000000000001,17.064634832447872,swing_low,15.960186378061866,"形态止损: washout, 支撑 17.06 下方 0.75xATR=1.46 (被硬性止损 8% 截断)",21.188408954670205,"[19.2622, 21.1884]",4.0,16.82050390767673,dynamic_stop,D4,-0.0304083405734143,-0.0304083405734143,1.0,2025-04,0.007139857202856,0.2531328320802006,,,698,0.0593958671427612,0.2599748287651893,0.1893333435058593,0.0071398605672843,0.15667498588562,-0.0015847586982034034,0.1112658628084009,0.03980411168563494,0.03575842249616996,0.12096774193548387,1.2374042445238151e-33,0.8386159535129424,0.41824508301095065,0.8216265998612854,0.04,0.592,-0.0458349785387171,0.8470466564813727,0.23994277319845336,-0.026435778618502548,0.7189369110546313,-0.004661202522211413,-0.0304083405734143
703,703,bj920261,2025-04-17,12.96058000752368,0.9374189661387792,0.2701513546673417,traded,completed,UP,0.9166666666666666,1.098253795022914,6.0,0.0,7.0,ma60_washed,0.9,10.769352534683035,deep_pullback,13.22741547826682,1.0,pullback,bullish_candle,0.8675,12.927320872063198,poc,12.169222240005476,"形态止损: washout, 支撑 12.93 下方 0.75xATR=0.82 (被硬性止损 8% 截断)",15.872898573920182,"[14.5502, 15.8729]",5.0,13.341773537156731,dynamic_stop,D2,0.0086455331412103,0.0086455331412103,4.0,2025-04,0.1294117647058825,0.2934173669467788,,,703,0.2195691093822029,0.3580881467121308,0.1135803098523029,0.129411707782417,0.057624998092651404,0.15688417343180383,0.22253294397483137,0.04822311334899931,0.02739307900805656,0.11290322580645161,1.745225515962531e-33,1.705742482830265,0.37415878831760485,0.8956834569393707,0.088,0.52,0.19497907622555322,2.7353377047849126,0.41176112474751214,-0.023231666585210153,0.5978493926786732,-0.001004901634213609,0.0086455331412103
705,705,bj920665,2025-04-17,13.514785801713588,0.8911466551447901,0.2515629325089319,traded,completed,UP,0.8166666666666667,0.8878779619015729,4.0,1.0,5.0,swing_low,1.0,10.482876376988983,shallow_pullback,13.425611995104042,4.0,pullback,long_lower_shadow,0.8525,12.938128518971848,ma_ma20,12.35156303549572,"形态止损: washout, 支撑 12.94 下方 0.75xATR=0.67 (被硬性止损 8% 截断)",16.471145195838435,"[14.9738, 16.4711]",6.0,12.87075275397797,dynamic_stop,D4,-0.0413284132841329,-0.0413284132841329,2.0,2025-04,0.0117302052785923,0.100661278471712,,"{'structure_strength': np.float64(0.8166666666666667), 'trend': 'UP', 'atr_ratio': 0.06613314627484825, 'n_supports': 4, 'n_resistances': 1, 'top_support_source': 'swing_low', 'top_support_dist': -0.2191881918819189, 'v2_pattern': '', 'fine_score': 0.8911466551447901, 'operable_score': 0.25156293250893197, 'entry_day': 4}",705,0.0054112318503405,0.0982404080047951,0.0923295595013529,0.0117301937965443,0.030450003147125225,0.01814098651638285,0.05516142647289679,0.013792352714895805,0.028334988414032303,0.10483870967741936,8.406151979270285e-34,0.7224816465497877,0.29337978580010216,0.824227857936507,0.08,0.544,-0.0029304002176473443,0.9354321432077757,0.14876916829280507,-0.021885670126885796,0.4151873664303454,0.00026088957202321746,-0.0413284132841329
706,706,bj920526,2025-04-17,29.587498103474434,0.890911007672424,0.2652808463436953,traded,completed,RANGE,0.7999999999999999,2.86386126121226,4.0,3.0,5.0,swing_low,1.0,28.58892004248217,deep_pullback,30.38179335457442,1.0,pullback,bullish_candle,0.8,30.07069438122692,ma60_washed,27.95124988620847,"形态止损: washout, 支撑 30.07 下方 0.75xATR=2.15 (被硬性止损 8% 截断)",32.72,"[31.8711, 32.72]",3.0,30.18321954179942,dynamic_stop,D4,-0.0065359477124183,-0.0065359477124183,2.0,2025-04,-0.0385906040268457,0.0298850574712643,,,706,-0.0412067211754429,0.0523490407124216,0.0975765725043049,-0.0385905922138442,0.13414998531341543,0.023581054282196146,0.08596803977659229,0.02241994537326028,0.030400767930095957,0.07258064516129033,8.732019523081266e-34,0.7919471720766691,0.39197167260845905,0.7417168578443658,0.056,0.576,0.0180541931889735,1.4650650124146254,0.06739438601459935,-0.024371636737225942,0.6446602155692791,-0.00017348393144779335,-0.0065359477124183
709,709,bj920527,2025-04-17,19.13317138038402,0.8398358872580662,0.252567060383088,traded,completed,UP,0.825,1.7509517158042749,5.0,0.0,6.0,ma60_washed,0.9,15.757695983880389,deep_pullback,17.96175272444214,5.0,pullback,bullish_candle,0.8537500000000001,17.280084684905297,poc,16.524812506486768,"形态止损: washout, 支撑 17.28 下方 0.75xATR=1.31 (被硬性止损 8% 截断)",21.554103269330565,"[19.7579, 21.5541]",6.0,16.524812506486768,initial_stop,,-0.0799999999999999,-0.0799999999999999,1.0,2025-04,-0.0433673469387755,0.0818858560794046,,,709,-0.0498848752460833,0.112244837386368,0.1706421763093642,-0.0433673655574688,0.0623750019073487,0.1019057580045879,0.1859917422880475,0.01852133950047673,0.034251013065773814,0.13709677419354838,1.2235775785709045e-33,1.0964757182169873,0.37864077894635284,0.9423075959057051,0.024,0.496,0.11325962396991329,1.6008794264329074,0.4274511590035296,-0.02586904576857879,0.6093750058207661,-0.0024556029395658673,-0.0799999999999999
710,710,bj920378,2025-04-17,13.333791855995685,0.8354924939966333,0.2798085490893736,traded,completed,UP,0.8416666666666667,1.1225295657781595,4.0,2.0,5.0,ma60_washed,0.9,12.749948249359992,deep_pullback,13.382813149583905,1.0,pullback,bullish_candle,0.8562500000000001,13.20290500211514,ma_ma20,12.36100782778152,"形态止损: washout, 支撑 13.20 下方 0.75xATR=0.84",16.673122375225194,"[15.1574, 16.6731]",2.0,13.480855736760343,dynamic_stop,D4,0.0073260073260073,0.0073260073260073,1.0,2025-04,-0.0323529411764705,0.1227810650887573,,,710,-0.0207447603885194,0.1161764617197242,0.1398217916736062,-0.0323529795379363,0.04324999809265142,0.03490511499028037,0.07523464130996294,0.014842382421948973,0.03694627461745933,0.11290322580645161,2.9334891528618246e-33,0.7037281333320946,0.37994890595407016,0.6403362255043935,0.048,0.568,0.021148088480809735,1.2296765676567656,0.0014724946187544274,-0.026259974996617162,0.6127703178053352,-0.0027220034153180813,0.0073260073260073
711,711,bj920046,2025-04-17,17.167640824606668,0.8037345301181001,0.2515629325089319,traded,completed,UP,0.8166666666666667,1.4941283540918044,4.0,1.0,5.0,ma60_washed,0.9,16.023627610889864,deep_pullback,18.35845984134239,6.0,pullback,bullish_candle,0.8525,16.700045890701773,poc,16.889783054035,"形态止损: washout, 支撑 16.70 下方 0.75xATR=1.12 (被硬性止损 8% 截断)",22.030151809610867,"[18.5371, 22.0302]",7.0,16.919553529453392,dynamic_stop,D4,-0.0783783783783784,-0.0783783783783784,1.0,2025-04,-0.0317919075144508,0.1106069200226886,,,711,-0.0155270489383924,0.1317919530170397,0.1496425085083043,-0.031791864815943,0.06974999189376821,0.020993156857199713,0.08239190432375532,0.015938162773215192,0.03275876140657941,0.14516129032258066,2.035376830589408e-33,0.9612278255853084,0.3424061310924705,0.8823526914535026,0.04,0.568,0.02025454052160902,1.0942009052489434,0.11663005329765297,-0.02283250288282968,0.5206954433156668,-0.0027220034153180813,-0.0783783783783784
716,716,bj920026,2025-04-18,18.94781705721273,1.4805403766874372,0.2496822514226694,traded,completed,UP,0.8,2.0908967530849907,3.0,0.0,4.0,ma60_washed,0.9,18.738146665241345,deep_pullback,19.194349992901373,1.0,pullback,long_lower_shadow,0.95,18.738146665241345,ma60_washed,17.658801993469265,"形态止损: washout, 支撑 18.74 下方 0.75xATR=1.57 (被硬性止损 8% 截断)",23.033219991481648,"[21.1138, 23.0332]",3.0,18.83511628661221,dynamic_stop,D4,-0.0187155963302751,-0.0187155963302751,2.0,2025-04,0.041635687732342,0.340740740740741,,,716,0.137940733875487,0.3457249545090255,0.1825966980950645,0.041635719521047,-0.12164999961853021,0.021508425380533103,0.029774468026945833,0.023204217441679945,0.029134271092782642,0.12903225806451613,9.67693967984146e-34,0.5706162204768741,0.46962752379376327,0.5179987247880009,0.008,0.776,-0.01279708872351093,0.9682042427232364,0.05717884255314065,-0.02706851337226037,0.8854673740858818,0.007611303868726582,-0.0187155963302751
717,717,bj920924,2025-04-18,28.917372957248887,1.4341066997757308,0.2213658522930517,traded,completed,RANGE,0.6000000000000001,2.761136250456818,3.0,2.0,4.0,ma60_washed,0.9,28.560060590248398,deep_pullback,30.19372597053436,1.0,pullback,bullish_candle,0.77,28.560060590248398,ma60_washed,27.778227892891607,"形态止损: washout, 支撑 28.56 下方 0.75xATR=2.07 (被硬性止损 8% 截断)",39.686601506845015,"[34.3229, 39.6866]",3.0,29.4458628768124,dynamic_stop,D4,-0.0247688243064729,-0.0247688243064729,2.0,2025-04,-0.0741379310344827,0.066363044892648,,,717,-0.0082252712357044,0.1303447854929957,0.1397192857508599,-0.0741379178803542,0.06847499370574947,0.11147268000997612,0.1791481737430063,0.02441195945022896,0.030834098786937422,0.11290322580645161,1.8053075620998127e-33,1.149692195502493,0.38802168021680217,0.9466338586006388,0.04,0.656,0.1359941011753314,1.8190145701420875,0.33189934365295193,-0.026167310599869254,0.6340448144539899,-0.0027220034153180813,-0.0247688243064729
718,718,bj920570,2025-04-18,36.46237781313935,1.3737207099747153,0.2749412260822217,traded,completed,UP,0.8416666666666667,3.336752709493914,5.0,2.0,6.0,ma60_washed,0.9,35.50138554216868,deep_pullback,36.29004319163446,1.0,pullback,long_lower_shadow,0.95625,35.50138554216868,ma60_washed,33.386839736303706,"形态止损: washout, 支撑 35.50 下方 0.75xATR=2.50 (被硬性止损 8% 截断)",38.16622300522846,"[37.188, 38.1662]",3.0,36.45330756990224,dynamic_stop,D4,0.0044988752811796,0.0044988752811796,2.0,2025-04,0.0087064676616914,0.1840475600693585,,,718,0.0620178348144568,0.1890546848229806,0.1196183772476082,0.0087064295392689,0.02844997406005838,0.03733585116228766,0.06916321177305584,0.01758518470841851,0.04560827287394132,0.1532258064516129,1.2617291372780653e-33,0.7348864268730713,0.464508803047252,0.4922574395143552,0.024,0.664,0.023061324595169408,1.3773448525109282,0.050355097455172526,-0.032621017789843956,0.8674443309069757,0.007611303868726582,0.0044988752811796
720,720,bj920427,2025-04-18,14.529781223006372,1.14782386670835,0.257285886511155,traded,completed,RANGE,0.7416666666666667,1.6093868761220071,5.0,0.0,6.0,swing_low,1.0,12.659121378899965,deep_pullback,12.33249823151631,7.0,pullback,long_lower_shadow,0.69125,11.976182070734136,swing_low,11.345898372995006,"形态止损: washout, 支撑 11.98 下方 0.75xATR=1.21 (被硬性止损 8% 截断)",14.79899787781957,"[13.5657, 14.799]",9.0,13.559809451988237,initial_stop,,0.0995184590690205,0.0995184590690205,2.0,2025-04,-0.0429155313351498,0.1694805194805195,,,720,0.0456873943210105,0.2268392271444288,0.1732370819493759,-0.0429155382387013,0.0212250065803528,0.0909219403302941,0.15316931856076144,0.027244175530306496,0.037237024130577424,0.1935483870967742,1.5999032217658784e-33,0.8110014873754914,0.38749998807907104,0.9032257419471046,0.04,0.68,0.11432705923269926,1.6948657010896373,0.5933048974293907,-0.02831525413363789,0.6326530294485866,0.0005822201484390155,0.0995184590690205
721,721,sz002693,2025-04-18,11.81,1.1089696801090967,0.2652808463436953,traded,completed,RANGE,0.5583333333333333,0.888625701285628,3.0,1.0,4.0,ma60_washed,0.9,12.500833333333333,deep_pullback,9.48,4.0,pullback,bullish_candle,0.6637500000000001,9.2535,ma_ma20,8.7216,"形态止损: washout, 支撑 9.25 下方 0.75xATR=0.67 (被硬性止损 8% 截断)",17.35525,"[15.7775, 17.3553]",5.0,8.7216,dynamic_stop,D4,-0.0799999999999999,-0.0799999999999999,1.0,2025-04,-0.275190516511431,0.0,,,721,-0.2953460666868117,0.0,0.4191363344814301,-0.2751905067337399,0.16792500019073486,0.1289420450025467,0.42242780603583974,0.03262407572374089,0.021986165036308083,0.11290322580645161,1.342606860598219e-32,1.6670635325247904,0.5325443818286112,0.9444443671791672,0.088,0.632,0.3319796322283428,1.8163176438719868,0.9447488766388229,-0.020797149308712966,1.1392405206548575,-0.006865731526000522,-0.0799999999999999
724,724,bj920690,2025-04-18,18.293610298234817,0.9933703406412672,0.2419470201856432,traded,completed,UP,0.85,1.0996548858192572,3.0,2.0,4.0,ma60_washed,0.9,16.826634857652525,deep_pullback,18.33812029896045,8.0,pullback,bullish_candle,0.8575000000000002,17.045104777880834,ma_ma20,16.871070675043615,"形态止损: washout, 支撑 17.05 下方 0.75xATR=0.82 (被硬性止损 8% 截断)",21.023557009406925,"[19.2313, 21.0236]",19.0,21.023557009406925,initial_tp,,0.1464401294498383,0.1464401294498383,11.0,2025-04,0.0304136253041362,0.1794141578519121,,,724,0.0837580650782972,0.1755879947485261,0.0847328685517968,0.0304136254923257,0.0686250019073487,0.03335925618976199,0.09212893763205132,0.01162552619113398,0.02643885524224283,0.10483870967741936,6.48523153572802e-34,0.783006273237536,0.2857708765472922,0.9098474755801145,0.024,0.504,0.03364168267286116,1.2228435236960309,0.5249203253015626,-0.020793124150622837,0.4001109268211105,-0.0024556029395658673,0.1464401294498383
725,725,bj920378,2025-04-18,13.382813149583905,0.9872815242841666,0.2329986342940894,traded,completed,UP,0.8416666666666667,1.1284198619943544,4.0,1.0,5.0,ma60_washed,0.9,12.814002739648595,deep_pullback,12.961230024725218,8.0,pullback,bullish_candle,0.95625,12.814002739648595,ma60_washed,11.96768784315283,"形态止损: washout, 支撑 12.81 下方 0.75xATR=0.85",16.673122375225194,"[15.1574, 16.6731]",10.0,13.951460155207249,initial_stop,,0.0763993948562782,0.0763993948562782,2.0,2025-04,-0.0549450549450549,0.0411522633744856,,,725,-0.0069897070915627,0.1120879655240787,0.1199158492777288,-0.054945056480577,0.026249997615814192,0.09512899678075204,0.15055303765619144,0.016811625218732903,0.037040205680739825,0.10483870967741936,2.9092400534723356e-33,0.8934261239143634,0.35780422542060536,0.9001848471194804,0.064,0.552,0.10037735273253245,1.5137451015878058,0.5598951705378362,-0.02594407995692406,0.5571575516125886,-0.0027220034153180813,0.0763993948562782
727,727,bj920261,2025-04-18,13.22741547826682,0.9350777858445888,0.252567060383088,traded,completed,UP,0.9166666666666666,1.308871228442815,4.0,0.0,5.0,ma60_washed,0.9,10.84908551463128,deep_pullback,13.151176772340207,1.0,pullback,long_lower_shadow,0.8675,12.847842021134708,poc,12.09908263055299,"形态止损: washout, 支撑 12.85 下方 0.75xATR=0.98 (被硬性止损 8% 截断)",15.781412126808249,"[14.4663, 15.7814]",4.0,13.341773537156731,dynamic_stop,D2,0.0144927536231882,0.0144927536231882,3.0,2025-04,0.1087896253602305,0.2590320381731426,,,727,0.1642763675869505,0.3306915822095768,0.1429344606277067,0.1087896409533033,0.07887499809265135,0.11665081861389193,0.22975900537339222,0.05238428237661594,0.029519605194987267,0.11290322580645161,2.181258594570854e-33,3.3175059482668985,0.4259259411882028,0.7782607884398097,0.096,0.528,0.22250000635782885,2.085624892835216,0.7433317277182334,-0.023715353790233273,0.7419355301818944,-0.001004901634213609,0.0144927536231882
728,728,bj920579,2025-04-18,28.96895282772641,0.9268192404880616,0.2622305247285537,traded,completed,UP,0.65,2.4417367141392305,2.0,1.0,3.0,ma60_washed,0.9,26.38721977313128,deep_pullback,29.648224825066205,1.0,pullback,bullish_candle,0.8275000000000001,28.621824858497625,ma_ma20,27.27636683906091,"形态止损: washout, 支撑 28.62 下方 0.75xATR=1.83 (被硬性止损 8% 截断)",35.80809305070724,"[32.5528, 35.8081]",4.0,28.869059886941148,dynamic_stop,D4,-0.0262803234501348,-0.0262803234501348,3.0,2025-04,-0.0313793103448275,0.1377060439560438,,,728,0.0121300251323335,0.1424138299350081,0.1287223988692958,-0.0313793050831762,0.0317250204086303,0.00984882373735707,0.055684482163802285,0.01260007616710294,0.032933759975896176,0.12096774193548387,1.8854618342591923e-33,0.6470325486032292,0.38690116452368506,0.6974922700811594,0.008,0.68,-0.02803732546422555,1.1330436160340418,0.09545067580331601,-0.026972554121107446,0.6310583908108429,0.005062784384856293,-0.0262803234501348
732,732,bj920701,2025-04-18,23.60786802030457,0.8846264990104153,0.2213658522930517,traded,completed,RANGE,0.6583333333333332,2.012234959958387,4.0,1.0,5.0,swing_low,1.0,22.045322697606963,deep_pullback,24.032088469905734,1.0,pullback,bullish_candle,0.77875,23.18270485859319,ma60_washed,22.10952139231328,"形态止损: washout, 支撑 23.18 下方 0.75xATR=1.51 (被硬性止损 8% 截断)",28.83850616388688,"[26.1391, 28.8385]",3.0,23.897751994198696,dynamic_stop,D4,-0.0055898793762872,-0.0055898793762872,2.0,2025-04,-0.1701108116202455,0.0165289256198344,,,732,-0.1049881677872176,0.0314465186059891,0.1524389750869466,-0.1701108238695174,0.08000000476837173,0.06507390844029826,0.13267476154812918,0.013147740806532955,0.029285530163013714,0.12903225806451613,8.413371395622616e-34,0.7465566925195881,0.3985706839370317,0.8275862295760806,0.04,0.656,0.07215191959246003,1.4387886392394968,0.5618410750903582,-0.025480495327648078,0.662705779868074,-0.00017348393144779335,-0.0055898793762872
734,734,bj920639,2025-04-18,9.6,0.8817037120327104,0.2717630626246351,traded,completed,UP,0.8416666666666667,0.8565337244594621,5.0,2.0,6.0,ma60_washed,0.9,7.71,deep_pullback,9.5,1.0,pullback,long_lower_shadow,0.8562500000000001,9.303,ma_ma20,8.74,"形态止损: washout, 支撑 9.30 下方 0.75xATR=0.64 (被硬性止损 8% 截断)",13.38,"[11.3766, 13.38]",2.0,9.08,dynamic_stop,D4,-0.0442105263157894,-0.0442105263157894,1.0,2025-04,-0.1093749999999998,0.0177453027139875,,,734,-0.1298468139775835,0.01562495964269,0.1671794989170172,-0.1093750155220423,0.018725001811981203,0.05066899447709816,0.10640590336443423,0.01354615744241975,0.046733679522562264,0.11290322580645161,7.882759877598537e-33,0.9616143435672009,0.4681892447630757,0.5331010122986599,0.064,0.472,0.0788288063337721,1.1133273896213929,0.8614772870154839,-0.03155166862206483,0.8803681387648792,-0.0027220034153180813,-0.0442105263157894
735,735,bj920779,2025-04-21,48.96565926580435,1.4558763220771596,0.2355160499810289,traded,completed,UP,0.75,4.311567462893252,3.0,0.0,4.0,ma60_washed,0.9,35.253905002588475,deep_pullback,42.333102983465125,7.0,pullback,bullish_candle,0.8425,41.93925836976025,poc,38.94645474478792,"形态止损: washout, 支撑 41.94 下方 0.75xATR=3.23 (被硬性止损 8% 截断)",50.79972358015815,"[46.5664, 50.7997]",9.0,44.29846423436376,initial_stop,,0.0464261089404736,0.0464261089404736,2.0,2025-04,-0.0780287168452849,0.1021508459038254,,,735,-0.2822005866691095,0.0,0.3931468616832386,-0.3510489297079873,0.17292501449584954,0.12447636497633585,0.24201147753069718,0.026849258695145747,0.032051788204643786,0.12903225806451613,9.248666505817196e-34,0.8710895159783218,0.42963479844146035,0.993462014639261,0.032,0.568,0.1855067744794776,1.1326983037272234,0.900561853745605,-0.02487929844231465,0.7532626416679535,-0.004661202522211413,0.0464261089404736
737,737,bj920924,2025-04-21,30.19372597053436,1.3927306810851758,0.2213658522930517,traded,completed,RANGE,0.45,2.8317310987127886,2.0,2.0,3.0,ma60_washed,0.9,28.80735398657245,deep_pullback,29.4458628768124,2.0,pullback,long_lower_shadow,0.7475,28.80735398657245,ma60_washed,27.090193846667407,"形态止损: washout, 支撑 28.81 下方 0.75xATR=2.12 (被硬性止损 8% 截断)",39.686601506845015,"[34.3709, 39.6866]",3.0,27.87036462603815,dynamic_stop,D4,-0.0535049102607517,-0.0535049102607517,1.0,2025-04,-0.0686922060766183,0.0684485006518904,,,737,-0.0501497198826241,0.0825626828256298,0.1397192857508599,-0.0686922019993019,0.07447500228881836,0.07921768084535596,0.16558707852479282,0.02551032265445884,0.031412227643240406,0.12096774193548387,1.9033173267967207e-33,1.3864527242394238,0.4015576324727962,0.8898372198461336,0.024,0.648,0.15295000381326362,1.3096847618022742,0.8396016582951388,-0.027104818616242605,0.6710046852666098,0.0005822201484390155,-0.0535049102607517
738,738,bj920249,2025-04-21,15.25,1.24617716085823,0.257285886511155,traded,completed,UP,0.8333333333333334,1.4541686737639017,4.0,2.0,5.0,ma60_washed,0.9,14.236666666666668,deep_pullback,14.21,6.0,pullback,bullish_candle,0.955,14.236666666666668,ma60_washed,13.073200000000002,"无有效支撑, 使用最大止损 8%",18.68,"[18.0, 18.68]",9.0,15.91,initial_stop,,0.1196340605207599,0.1196340605207599,3.0,2025-04,0.0268852459016393,0.114817190506735,,,738,0.0095566650129252,0.1396720761158427,0.1288837126356365,0.0268852358958759,0.0001249933242798207,0.059499147448406786,0.12477905793908328,0.018403715458625527,0.034434191880203545,0.1532258064516129,4.98341025223787e-33,0.6976427633274052,0.4159292523351235,0.807092143321129,0.016,0.672,0.07074173786310278,1.447149813806932,0.579051040557405,-0.027775513939112047,0.7121213551577694,-0.0027220034153180813,0.1196340605207599
742,742,bj920021,2025-04-21,6.918526489610309,1.088898099112103,0.2324098976042125,traded,completed,RANGE,0.6583333333333332,0.5123970824530795,4.0,2.0,5.0,swing_low,1.0,6.788741721406941,deep_pullback,6.798725165114892,8.0,pullback,bullish_candle,0.6787500000000001,6.619023178371768,ma_ma20,6.254827151905701,"形态止损: washout, 支撑 6.62 下方 0.75xATR=0.38 (被硬性止损 8% 截断)",7.789182615380749,"[7.2979, 7.7892]",19.0,7.058294701521628,dynamic_stop,D4,0.0381791483113069,0.0381791483113069,11.0,2025-04,0.0,0.066951566951567,,,742,-0.0239641069063898,0.0808080745528379,0.1073445989031667,0.0,0.003049999475479126,0.021611004009630452,0.07072042237575671,0.014786621448926255,0.027882525275629202,0.13709677419354838,6.465050977532094e-33,0.788376627280256,0.33736561956688443,0.8326693075717174,0.016,0.704,0.015918977705274617,0.9507292956515405,0.060980867151957385,-0.02222371155207057,0.5091278532006946,-0.0027220034153180813,0.0381791483113069
743,743,bj920932,2025-04-21,20.7651547257621,1.040401531924917,0.2213658522930517,traded,completed,RANGE,0.625,1.4838402560910466,2.0,3.0,2.0,swing_low,0.8,20.085113747973395,deep_pullback,20.15861240559379,2.0,pullback,long_lower_shadow,0.75375,20.085113747973395,swing_low,18.545923413146287,"形态止损: pit_rebound, 支撑 20.09 下方 1.25xATR=1.85 (被硬性止损 8% 截断)",22.19816447559974,"[21.3106, 22.1982]",3.0,19.39508266138192,dynamic_stop,D4,-0.0378761061946903,-0.0378761061946903,1.0,2025-04,-0.0865979381443299,0.0075239398084816,,,743,-0.1024840961089395,0.0123710892881008,0.1279700837601884,-0.0865979527398341,0.039674997329711914,0.060169316722683996,0.1101759723646838,0.015980607564743312,0.026632637548359712,0.11290322580645161,1.0519547571686402e-33,1.1949920744997027,0.3643016433905,0.8087335905560762,0.008,0.608,0.09800978943314509,1.3654721686805253,0.8586561607482333,-0.022330947766235957,0.5730731243879634,-0.00017348393144779335,-0.0378761061946903
745,745,bj920237,2025-04-21,24.16121343838609,1.0106246492196518,0.257285886511155,traded,completed,RANGE,0.5,1.6581653209154985,2.0,1.0,3.0,ma60_washed,0.9,21.594902629775085,deep_pullback,21.743025267050616,8.0,pullback,bullish_candle,0.655,21.41887782129183,ma_ma20,20.175253830605207,"形态止损: washout, 支撑 21.42 下方 0.75xATR=1.24",28.45828559287431,"[25.8712, 28.4583]",11.0,23.14846796492081,initial_stop,,0.0646387832699622,0.0646387832699622,3.0,2025-04,-0.1203307670373539,0.008537279453614,,,745,-0.1273415280847031,0.0105502975507403,0.1580135070857681,-0.120330748505176,0.04895000457763654,0.0958135019334958,0.16208825917317204,0.018232064862102246,0.025010173234508465,0.12096774193548387,6.497580130900621e-34,0.8621408777960824,0.34661356052168213,1.0,0.016,0.584,0.12990350349274782,1.4544932402580188,0.8882190513384625,-0.023486824342894407,0.5304878393228181,-0.00017348393144779335,0.0646387832699622
746,746,bj920378,2025-04-21,13.480855736760343,1.004604345982322,0.2377563712355002,traded,completed,UP,0.8416666666666667,1.1217596749205505,4.0,1.0,5.0,ma60_washed,0.9,12.874135526450146,deep_pullback,12.961230024725218,7.0,pullback,bullish_candle,0.8562500000000001,12.6413170627685,poc,11.924331622747202,"形态止损: washout, 支撑 12.64 下方 0.75xATR=0.84 (被硬性止损 8% 截断)",16.673122375225194,"[15.1574, 16.6731]",9.0,13.951460155207249,initial_stop,,0.0763993948562782,0.0763993948562782,2.0,2025-04,-0.0305454545454545,0.0804270462633451,,,746,-0.0130317912614786,0.1040000221946022,0.1185770852798424,-0.030545460094105,0.02414999723434441,0.040047388767858516,0.10367762640358613,0.02258626284850778,0.03676720028643734,0.11290322580645161,2.8947004549866198e-33,1.319727298641244,0.3344756726116505,0.8893442727070728,0.048,0.568,0.08662025205913992,1.4075994024155372,0.7613606290271773,-0.026756006326774773,0.5025746751049656,-0.0027220034153180813,0.0763993948562782
749,749,bj920981,2025-04-21,38.08456505199087,0.9756395551770688,0.2377563712355002,traded,completed,UP,0.8833333333333334,3.2515274706697634,6.0,2.0,7.0,ma60_washed,0.9,35.218509764138986,deep_pullback,38.33361399949277,2.0,pullback,bullish_candle,0.8625,37.42129789500381,poc,35.26692487953335,"形态止损: washout, 支撑 37.42 下方 0.75xATR=2.44 (被硬性止损 8% 截断)",42.71687547552626,"[39.7582, 42.7169]",3.0,35.71361907177277,dynamic_stop,D4,-0.068347193347193,-0.068347193347193,1.0,2025-04,-0.032696834946377,0.0560625814863102,,,749,-0.0315816890138731,0.0593774649475415,0.0939254792371618,-0.0326968353378871,0.006024999618530202,0.02254392049806553,0.08064186451941802,0.015211815818563837,0.03900510659600401,0.13709677419354838,1.8370247148505603e-33,0.618336250525773,0.39299880618221344,0.7327790695422329,0.04,0.648,-0.003119385047418488,0.9115246203809356,0.0012039532430613287,-0.02579655421946289,0.6474432178797103,-0.0027220034153180813,-0.068347193347193
753,753,bj920533,2025-04-21,38.84094616639477,0.9307552074099807,0.2213658522930517,traded,completed,RANGE,0.45,3.367799971040936,2.0,2.0,3.0,ma60_washed,0.9,38.899424645501306,deep_pullback,41.33841134395783,2.0,pullback,bullish_candle,0.7475,38.899424645501306,ma60_washed,38.0313384364412,"形态止损: washout, 支撑 38.90 下方 0.75xATR=2.53 (被硬性止损 8% 截断)",51.40488141548499,"[41.6755, 51.4049]",4.0,39.43849918433931,dynamic_stop,D2,-0.0459599703484062,-0.0459599703484062,2.0,2025-04,-0.0358974358974358,0.1308593749999997,,,753,-0.0029782237913752,0.1420118472306313,0.1454231737779693,-0.0358974293380011,-0.010325002670288085,0.03675206486565763,0.10266407019473456,0.01731455208657221,0.032739734984046844,0.11290322580645161,1.748081617014364e-33,0.7389207078046577,0.37735849056603776,0.9100000381469726,0.024,0.68,0.012658215432457043,1.313787708512373,0.01833536085707055,-0.028720716781060418,0.606060606060606,-0.00017348393144779335,-0.0459599703484062
755,755,bj920163,2025-04-22,19.51296214771041,1.7167367022924611,0.2449707498188675,traded,completed,UP,0.8166666666666667,1.8941285144110027,4.0,0.0,5.0,ma60_washed,0.9,14.42918376281938,shallow_pullback,20.16306588408037,2.0,pullback,long_lower_shadow,0.8525,19.017208798445264,poc,18.550020613353944,"形态止损: washout, 支撑 19.02 下方 0.75xATR=1.42 (被硬性止损 8% 截断)",24.195679060896445,"[22.1794, 24.1957]",3.0,18.550020613353944,dynamic_stop,D4,-0.0799999999999998,-0.0799999999999998,1.0,2025-04,-0.0898536092882381,0.1332385016595541,,"{'structure_strength': np.float64(0.8166666666666667), 'trend': 'UP', 'atr_ratio': 0.09394050117678288, 'n_supports': 4, 'n_resistances': 0, 'top_support_source': 'ma60_washed', 'top_support_dist': -0.284375508874776, 'v2_pattern': '', 'fine_score': 1.7167367022924611, 'operable_score': 0.24497074981886754, 'entry_day': 2}",755,-0.0963827040561063,0.2064613964083883,0.3351464185378967,-0.0898535500900478,0.10937499046325679,0.27071159978414694,0.4482900895661317,0.06790444938029458,0.03135024524348201,0.12903225806451613,1.0902777678492377e-33,2.4822950735237312,0.49739211451977955,1.0,0.048,0.568,0.46255201393925294,2.431981187536743,0.7925839255321867,-0.023529441075348795,0.9896225843025572,-0.012669248305750514,-0.0799999999999998
758,758,bj920953,2025-04-22,36.56463115112704,1.0751337801947138,0.2627166078797206,traded,completed,RANGE,0.575,2.554164052775717,2.0,2.0,3.0,swing_low,1.0,34.10374180662339,deep_pullback,35.582552696698166,3.0,pullback,bullish_candle,0.7862499999999999,34.10374180662339,swing_low,32.735948480962314,"形态止损: washout, 支撑 34.10 下方 0.75xATR=1.92 (被硬性止损 8% 截断)",38.17467049554723,"[36.8351, 38.1747]",5.0,38.17467049554723,initial_tp,,0.072848,0.072848,2.0,2025-04,-0.0155702608018685,0.1928233438485806,,,758,0.0101929513849712,0.1775009486627734,0.1656198422770854,-0.0155702456292279,0.08087502479553202,-0.0035754786641479797,0.05570629161755747,0.014186289008924704,0.030541418112678728,0.10483870967741936,9.63050409844321e-34,1.0216994656588037,0.380478823898608,0.8267183909584658,0.008,0.632,0.010761277645342071,1.3354805791185662,0.5511206640968034,-0.023749387949644856,0.6141498282479019,0.002543008580141291,0.072848
759,759,bj920642,2025-04-22,16.753997809419495,1.0226022366016616,0.236633622471284,traded,completed,UP,0.7749999999999999,1.937035360762411,4.0,0.0,5.0,ma60_washed,0.9,13.040028751369112,deep_pullback,14.460295728368015,5.0,pullback,long_lower_shadow,0.8462500000000001,13.793127601314348,ma_ma20,13.303472070098575,"形态止损: washout, 支撑 13.79 下方 0.75xATR=1.45 (被硬性止损 8% 截断)",17.35235487404162,"[15.9063, 17.3524]",7.0,17.35235487404162,initial_tp,,0.1999999999999999,0.1999999999999999,2.0,2025-04,0.1178571428571428,0.4099125364431488,,,759,0.1678499897269425,0.4392857978133155,0.2324235222623394,0.1178572344942199,0.0763250088691712,0.04423536426475372,0.16167486079139737,0.043901016205147844,0.03778990485291517,0.12903225806451613,3.4512957150519395e-33,1.207163993771311,0.49148931874576807,0.8214285898591999,0.04,0.608,0.16666665585403262,0.9780889493535079,0.6745800454717596,-0.026880105298676692,0.9665270305306448,-0.0005534183167095332,0.1999999999999999
760,760,bj920057,2025-04-22,6.93,1.022435098053066,0.2627166078797206,traded,completed,RANGE,0.6833333333333333,0.4617006110602622,4.0,3.0,5.0,ma60_washed,0.9,6.640666666666666,deep_pullback,6.41,5.0,pullback,bullish_candle,0.6825000000000001,6.08,swing_low,5.897200000000001,"形态止损: washout, 支撑 6.08 下方 0.75xATR=0.35 (被硬性止损 8% 截断)",7.53,"[7.34, 7.53]",7.0,6.71,initial_stop,,0.046801872074883,0.046801872074883,2.0,2025-04,0.0144300144300144,0.0397727272727272,,,760,-0.0580215204930893,0.056277107212606,0.1213388948816818,0.0144300698335948,0.005724998712539664,0.02593995891202172,0.06877182322235553,0.011827320626979084,0.026066396530139518,0.06451612903225806,1.805465913164667e-33,1.5861182683231716,0.32348992068629734,0.8298755712153373,0.016,0.584,0.03988182890505154,1.554598567735035,0.7125628669168975,-0.018125259097987578,0.47817457651845663,-5.510903728996931e-06,0.046801872074883
761,761,bj920261,2025-04-22,13.989802537532915,0.972699648654534,0.2598663287023454,traded,completed,UP,0.9166666666666666,1.3872575737813315,4.0,0.0,5.0,ma60_washed,0.9,11.009663288989206,deep_pullback,13.2941243459526,3.0,pullback,long_lower_shadow,0.8675,12.847842021134708,poc,12.230594398276391,"形态止损: washout, 支撑 12.85 下方 0.75xATR=1.04 (被硬性止损 8% 截断)",15.95294921514312,"[14.6235, 15.9529]",10.0,14.313817037721009,initial_stop,,0.0767025089605735,0.0767025089605735,7.0,2025-04,0.0963022952205026,0.2111475409836065,,,761,0.0935755180429076,0.2581743139911554,0.1505143387288135,0.0749318395727538,0.14007500410079957,0.04266375125484756,0.23248922793769378,0.054383121541073776,0.031072594709641445,0.12096774193548387,2.725229966526566e-33,3.8384378918768287,0.4259259411882028,0.862318741426434,0.048,0.52,0.09712233226755074,0.9940752151605523,0.19095540409291412,-0.023514105557450836,0.7419355301818944,-0.001004901634213609,0.0767025089605735
762,762,bj920260,2025-04-22,12.814650207722678,0.962274610447066,0.2761821317677869,traded,completed,UP,0.725,0.7482630796045286,4.0,0.0,5.0,ma60_washed,0.9,11.683813531497323,deep_pullback,13.016986789949875,5.0,pullback,bullish_candle,0.8387500000000001,12.863789091977855,poc,12.302591782274458,"形态止损: washout, 支撑 12.86 下方 0.75xATR=0.56",15.620384147939852,"[14.3187, 15.6204]",7.0,13.662536838008087,initial_stop,,0.0495928941524796,0.0495928941524796,2.0,2025-04,0.0421052631578946,0.0940298507462686,,,762,0.0445421989841476,0.102255611817559,0.0552523515943535,0.0421052223993569,0.030149993896484338,0.03514868574690144,0.09855572762994713,0.02140360850490678,0.024467684161680714,0.056451612903225805,7.98624461934757e-34,2.4295377677564827,0.3074204625489053,0.8275861842170168,0.008,0.488,0.07544137861199363,1.274964870429071,0.6802933410745575,-0.02065431131970886,0.4438774839931121,-0.0024556029395658673,0.0495928941524796
763,763,bj920799,2025-04-22,63.51327969114429,0.9477058361309318,0.257285886511155,traded,completed,RANGE,0.7749999999999999,4.793333429663892,3.0,1.0,4.0,swing_low,1.0,56.76226974518368,deep_pullback,57.90683610019174,6.0,pullback,bullish_candle,0.8162499999999999,56.76226974518368,swing_low,53.274289212176406,"形态止损: washout, 支撑 56.76 下方 0.75xATR=3.60 (被硬性止损 8% 截断)",69.48820332023008,"[63.056, 69.4882]",9.0,59.5313179887363,initial_stop,,0.0280533698255218,0.0280533698255218,3.0,2025-04,-0.1169681846537742,0.1040922377395257,,,763,-0.0929344191715743,0.0603555045448558,0.16899541439598,-0.1169682391365315,0.09435001373290994,0.030938218473859358,0.0789029091991571,0.028259018065924735,0.026913318692652493,0.12096774193548387,2.5411375655451303e-33,1.5219604350726053,0.40441176470588236,0.7665455211292613,0.024,0.624,0.06374162170169373,1.842099464557213,0.6217742277833879,-0.022271532990537097,0.6790123456790123,0.0005822201484390155,0.0280533698255218
764,764,bj920792,2025-04-22,12.459698811926662,0.943276178308924,0.257285886511155,traded,completed,UP,0.85,0.8519665942340021,5.0,1.0,6.0,ma60_washed,0.9,10.680981819335502,deep_pullback,12.449872551033977,2.0,pullback,bullish_candle,0.8575000000000002,12.336379237723444,poc,11.697404292047944,"形态止损: washout, 支撑 12.34 下方 0.75xATR=0.64",14.93984706124077,"[13.1672, 14.9398]",3.0,12.086300898004572,dynamic_stop,D4,-0.0292028413575372,-0.0292028413575372,1.0,2025-04,0.0283911671924288,0.2006344171292624,,,764,0.0130059601828242,0.1940063074874563,0.1786764880158904,0.0283911394331985,0.02035000085830685,0.10304405508592018,0.1531426866009289,0.019631115096507206,0.030559776627221168,0.11290322580645161,1.4036659212040185e-33,1.7274033866649157,0.3234624300837973,0.8685445095002523,0.016,0.52,0.1579429990017509,2.457253875068632,0.7526435091302758,-0.025355057856278874,0.4781145119906085,-0.0024556029395658673,-0.0292028413575372
765,765,sh600865,2025-04-22,12.739657394212117,0.8888176707881121,0.224008461990219,traded,completed,RANGE,0.7999999999999999,0.6738309765147213,4.0,0.0,5.0,swing_low,1.0,8.627137763234737,deep_pullback,8.993276235944965,7.0,pullback,bullish_candle,0.7000000000000001,8.936088893540699,ma_ma20,8.430715661154657,"形态止损: washout, 支撑 8.94 下方 0.75xATR=0.51",10.791931483133958,"[9.8926, 10.7919]",11.0,9.071734480097156,dynamic_stop,D2,0.0087241003271536,0.0087241003271536,4.0,2025-04,-0.2871439568899153,0.0466988727858292,,,765,-0.2288080607160821,0.0007698405741369,0.2976922988891601,-0.2871439267096503,0.08845000505447383,0.1464438974096276,0.3164449692156872,0.0370398804783926,0.014929578944465274,0.06451612903225806,3.719090711087384e-33,1.3079848259023197,0.3719806648292439,1.0,0.136,0.536,0.34125267487101185,1.230119342153129,0.9381784696693021,-0.011464822394934442,0.5923076631519693,0.004261336675424993,0.0087241003271536
771,771,bj920026,2025-04-23,18.83511628661221,1.6024683303825924,0.2741848243710294,traded,completed,RANGE,0.325,1.7956329501499229,1.0,0.0,2.0,ma60_washed,0.9,18.894284191177483,deep_pullback,19.173218598413776,5.0,pullback,bullish_candle,0.62875,18.629883487483216,ma_ma20,17.639361110540673,"形态止损: washout, 支撑 18.63 下方 0.75xATR=1.35 (被硬性止损 8% 截断)",23.00786231809653,"[21.0905, 23.0079]",9.0,23.13887696391964,initial_stop,,0.2068332108743571,0.2068332108743571,4.0,2025-04,0.0976065818997757,0.3284403669724771,,,771,0.141018232899968,0.35377715305888,0.1864640844679335,0.0976066055606559,-0.011524996757507289,0.012804072367793573,0.017271843839465673,0.017407306957610873,0.02900135069563114,0.11290322580645161,9.632477323132094e-34,0.879504265022093,0.46962752379376327,0.5332519267536289,0.032,0.688,0.032588125435459414,1.3347930631489864,0.3731874138809741,-0.025396138433692317,0.8854673740858818,0.007611303868726582,0.2068332108743571
772,772,bj920163,2025-04-23,19.70011322333207,1.5934976123885187,0.2449707498188675,traded,completed,UP,0.8166666666666667,2.2063146248917214,4.0,0.0,5.0,ma60_washed,0.9,14.537862720768096,shallow_pullback,20.16306588408037,1.0,pullback,long_lower_shadow,0.8525,18.956433949151283,poc,18.550020613353944,"形态止损: washout, 支撑 18.96 下方 0.75xATR=1.65 (被硬性止损 8% 截断)",24.195679060896445,"[22.1794, 24.1957]",2.0,18.550020613353944,dynamic_stop,D4,-0.0799999999999998,-0.0799999999999998,1.0,2025-04,-0.0865,0.0841584158415842,,"{'structure_strength': np.float64(0.8166666666666667), 'trend': 'UP', 'atr_ratio': 0.1094235686961527, 'n_supports': 4, 'n_resistances': 0, 'top_support_source': 'ma60_washed', 'top_support_dist': -0.2789855072463768, 'v2_pattern': '', 'fine_score': 1.5934976123885187, 'operable_score': 0.24497074981886754, 'entry_day': 1}",772,-0.1407918267613459,0.0949999809265136,0.2744291954289474,-0.0864999771118164,0.18329998731613156,0.107486555503012,0.3212401915141301,0.07231112543697653,0.03418624592132068,0.12903225806451613,1.3632281878315355e-33,4.0086705731551,0.5564853326084876,0.721804581365633,0.056,0.528,0.3979239466832032,1.5052063943064269,0.8165374236126366,-0.024798552402485637,1.2547168640022686,-0.012669248305750514,-0.0799999999999998
774,774,bj920779,2025-04-23,46.21517792954708,1.4023367730714826,0.236633622471284,traded,completed,UP,0.75,4.21040355295402,3.0,0.0,4.0,ma60_washed,0.9,35.99597777563027,deep_pullback,42.333102983465125,5.0,pullback,bullish_candle,0.8425,41.93925836976025,poc,38.94645474478792,"形态止损: washout, 支撑 41.94 下方 0.75xATR=3.16 (被硬性止损 8% 截断)",50.79972358015815,"[46.5664, 50.7997]",7.0,44.29846423436376,initial_stop,,0.0464261089404736,0.0464261089404736,2.0,2025-04,-0.0290526315789474,0.1240816326530611,,,774,0.0029775209707534,0.1595789859169407,0.1561365650494511,-0.0290526540655838,0.0573250389099119,-0.21868148808952637,-0.16631929851783023,0.066118564201047,0.032863561902942845,0.12903225806451613,9.078181471610466e-34,1.1042858021275288,0.43202796349158656,0.27160892053821195,0.04,0.536,-0.23676008832985418,1.4541022452376091,0.4048082904494986,-0.036981256976079235,0.7606500597238237,-0.0025481152810755106,0.0464261089404736
775,775,bj920720,2025-04-23,15.23844030188889,1.2918109749921585,0.2701513546673417,traded,completed,RANGE,0.575,1.213232720619262,4.0,1.0,5.0,ma60_washed,0.9,14.018420058184171,deep_pullback,14.884057969286822,5.0,pullback,bullish_candle,0.7662500000000001,14.018420058184171,ma60_washed,13.693333331743876,"形态止损: washout, 支撑 14.02 下方 0.75xATR=0.91 (被硬性止损 8% 截断)",18.929686678272024,"[17.2088, 18.9297]",12.0,14.891145615938864,dynamic_stop,D2,0.0004761904761905,0.0004761904761905,7.0,2025-04,-0.0604651162790698,0.0333033303330334,,,775,-0.0231416844136265,0.0679069341615188,0.0932055520461963,-0.0604650807935137,0.09275001525878909,0.11866279450155659,0.22620160635047215,0.056261655894010915,0.027785509514466372,0.08870967741935484,1.597618223332933e-33,2.504621882868979,0.4532553888969379,0.839779007465532,0.016,0.584,0.2148714161348546,2.1523882417040707,0.6179042417231471,-0.019498617392940416,0.8290075104398216,-0.012669248305750514,0.0004761904761905
776,776,bj920792,2025-04-23,11.624466636048298,1.2363244109865257,0.2761821317677869,traded,completed,UP,0.8833333333333334,0.9283454255947436,4.0,3.0,5.0,ma60_washed,0.9,10.72798410060552,deep_pullback,11.17245863498471,4.0,pullback,long_lower_shadow,0.9625,10.72798410060552,ma60_washed,10.278661944185934,"形态止损: washout, 支撑 10.73 下方 0.75xATR=0.70 (被硬性止损 8% 截断)",13.1671895962001,"[12.3364, 13.1672]",7.0,12.096127158897255,initial_stop,,0.0826737027264734,0.0826737027264734,3.0,2025-04,0.0938292476754014,0.2409836065573771,,,776,0.097788839522257,0.2797971632259957,0.1657953853702375,0.0938292192591587,0.049900000095367415,0.0241772892732115,0.08939917893428473,0.02564772896051277,0.03161365639344014,0.10483870967741936,1.5921018110426738e-33,2.837478602356258,0.3448529707725477,0.7014924492997103,0.024,0.48,0.11926607671846434,1.4754604492707335,0.7725894309456722,-0.02039433750211119,0.5263749286617347,-0.004661202522211413,0.0826737027264734
779,779,bj920221,2025-04-23,16.360153256704983,1.1361417449299247,0.257285886511155,traded,completed,UP,0.8333333333333334,1.0698895439543217,3.0,0.0,4.0,ma60_washed,0.9,14.91923275862069,deep_pullback,15.779367816091954,4.0,pullback,bullish_candle,0.955,14.91923275862069,ma60_washed,14.517018390804598,"形态止损: washout, 支撑 14.92 下方 0.75xATR=0.80 (被硬性止损 8% 截断)",18.935241379310344,"[17.3573, 18.9352]",12.0,17.431743295019157,dynamic_stop,D2,0.1047174701918092,0.1047174701918092,8.0,2025-04,0.0514999999999998,0.133200795228628,,,779,0.0514562695176294,0.1399999618530274,0.0842105324798896,0.0515000343322753,0.06755001068115227,0.021553184717540974,0.10342310405065924,0.015601427541178877,0.026885935342614065,0.12903225806451613,1.145435615231963e-33,1.7035763541214033,0.3334951801949069,0.9301310795342072,0.008,0.48,0.06118153010411942,1.1704963846870426,0.7894675177009406,-0.019979030387879605,0.5003642438661304,-0.0024556029395658673,0.1047174701918092
780,780,bj920579,2025-04-23,29.967882235579047,1.127335453012523,0.2769419411029528,traded,completed,UP,0.7749999999999999,2.0928873115341657,3.0,1.0,4.0,ma60_washed,0.9,26.88618501235367,deep_pullback,27.240804952141357,4.0,pullback,bullish_candle,0.94625,26.88618501235367,ma60_washed,25.316519528703047,"形态止损: washout, 支撑 26.89 下方 0.75xATR=1.57",33.40419939859211,"[30.3675, 33.4042]",13.0,29.720582106094074,initial_stop,,0.0910317135748879,0.0910317135748879,9.0,2025-04,0.0243333333333335,0.1098827470686767,,,780,-0.0216076423720777,0.1043333689371743,0.1287223988692958,0.0243333180745441,0.031449999809265175,0.013049169771738534,0.05678681384422779,0.014113456417542112,0.030437642498369243,0.11290322580645161,1.8968001036287586e-33,1.0914445314417267,0.3452072583264757,0.9033772238236079,0.016,0.584,0.04261268796594897,1.2349779433808727,0.4908223307400359,-0.022153058601734325,0.5272008016524319,-5.510903728996931e-06,0.0910317135748879
781,781,bj920950,2025-04-23,18.29922935998129,1.1231440586415635,0.257285886511155,traded,completed,UP,0.7749999999999999,1.0979017772711424,4.0,1.0,5.0,ma60_washed,0.9,16.408069369526654,deep_pullback,16.79759028548261,4.0,pullback,bullish_candle,0.94625,16.408069369526654,ma60_washed,15.584643036573295,"形态止损: washout, 支撑 16.41 下方 0.75xATR=0.82",20.647537274356893,"[18.7705, 20.6475]",7.0,18.155455406039927,initial_stop,,0.080836899667142,0.080836899667142,3.0,2025-04,-0.0084228584805108,0.1085807406494345,,,781,-0.1317438679199769,0.0650370921450038,0.2266392977767584,-0.1890004344192594,0.05347500324249257,0.025061981863448768,0.09654142178572078,0.016263382058145915,0.025771712617361688,0.11290322580645161,3.6634612852331802e-34,1.190940697327903,0.353061208919603,0.8439305848548574,0.008,0.448,0.030262586824897575,1.6057785340139459,0.3655107600618548,-0.01944143578357797,0.5457412877190218,-0.0024556029395658673,0.080836899667142
782,782,bj920876,2025-04-23,26.929133858267715,1.080858600282919,0.2213658522930517,traded,completed,RANGE,0.35,2.026660481875484,1.0,2.0,1.0,ma_ma20,0.4,25.408635170603677,deep_pullback,26.38057742782152,2.0,pullback,bullish_candle,0.6325000000000001,25.408635170603677,ma_ma20,24.2701312335958,"形态止损: pit_rebound, 支撑 25.41 下方 1.25xATR=2.53 (被硬性止损 8% 截断)",35.18740157480315,"[28.3485, 35.1874]",3.0,25.11391076115485,dynamic_stop,D4,-0.0480151228733458,-0.0480151228733458,1.0,2025-04,0.1585185185185185,0.6948964497041421,,,782,0.3113989058528414,0.6974074752242476,0.2943487047675806,0.1585185439498335,0.03725001335144036,0.016617816046609724,0.07185331350430357,0.01015329073635058,0.03133699611853444,0.12096774193548387,9.557976565466712e-34,1.2533612955842945,0.38140353821871575,0.8656854671801827,0.016,0.656,0.052140082210434535,1.202498698594482,0.6436700179495749,-0.022025994261354452,0.6165627542072294,-0.00017348393144779335,-0.0480151228733458
784,784,bj920245,2025-04-23,24.44162120740005,1.015879760190451,0.2329986342940894,traded,completed,RANGE,0.375,1.5835077165228182,1.0,2.0,1.0,ma_ma20,0.4,23.661778529596795,deep_pullback,24.638844663828635,6.0,pullback,bullish_candle,0.6362500000000001,23.661778529596795,ma_ma20,22.667737090722344,"形态止损: pit_rebound, 支撑 23.66 下方 1.25xATR=1.98 (被硬性止损 8% 截断)",33.809735387758,"[27.4293, 33.8097]",11.0,24.892417679236825,initial_stop,,0.0102915951972557,0.0102915951972557,5.0,2025-04,-0.0605187319884726,0.081451843383824,,,784,-0.0219450320641831,0.0904898939657097,0.1149576759138463,-0.0605187966180456,0.043000001907348914,0.013894366395566404,0.07260554014999077,0.010770890595613558,0.02440503613101743,0.08064516129032258,7.996953431183271e-34,0.803942053860433,0.3257639340727879,0.9414805031855351,0.008,0.624,0.018335304334233138,1.3453385159830598,0.5454671017978486,-0.02155057784770113,0.48316005407511997,0.010242239499798212,0.0102915951972557
786,786,bj920533,2025-04-23,41.33841134395783,0.9408581164674988,0.257285886511155,traded,completed,RANGE,0.475,3.5531611420917506,2.0,2.0,3.0,ma60_washed,0.9,39.21199083950307,deep_pullback,38.04420880913539,4.0,pullback,bullish_candle,0.6512500000000001,36.60510195758563,ma_ma20,35.00067210440456,"形态止损: washout, 支撑 36.61 下方 0.75xATR=2.66 (被硬性止损 8% 截断)",51.40488141548499,"[41.6755, 51.4049]",5.0,42.09684402057974,initial_stop,,0.1065243656866694,0.1065243656866694,1.0,2025-04,-0.0836609640167829,0.0844727477055629,,,786,-0.1920976557656761,0.0730170961500258,0.3281519775350573,-0.297998485715033,0.05394997596740723,0.05220629483841965,0.10934879981155166,0.034990580128089255,0.03362093669538089,0.12096774193548387,1.8805980622706043e-33,1.169058264354621,0.42105263157894735,0.8495833079020182,0.016,0.616,0.10105171255041645,1.7801532372334608,0.6031764803817323,-0.02644810533002364,0.7272727272727273,-0.004661202522211413,0.1065243656866694
787,787,bj920799,2025-04-23,60.08601912141004,0.93807223792576,0.257285886511155,traded,completed,RANGE,0.7749999999999999,4.7538278157893785,3.0,1.0,4.0,swing_low,1.0,56.82665469808331,deep_pullback,57.90683610019174,5.0,pullback,bullish_candle,0.8162499999999999,56.82665469808331,swing_low,53.274289212176406,"形态止损: washout, 支撑 56.83 下方 0.75xATR=3.57 (被硬性止损 8% 截断)",69.48820332023008,"[63.056, 69.4882]",8.0,59.5313179887363,initial_stop,,0.0280533698255218,0.0280533698255218,3.0,2025-04,-0.0720408836135838,0.0836786738922537,,,787,-0.0411960487907919,0.120837422268311,0.16899541439598,-0.0720408661865699,0.17122501373291002,0.02774958851529563,0.0770969839325446,0.02858581381079399,0.027663649600214318,0.12903225806451613,2.6113144982749844e-33,1.8149383006867559,0.40441176470588236,0.808727333762429,0.016,0.584,0.06610031104854341,1.1799882189674624,0.6197666486563616,-0.021698390649444156,0.6790123456790123,-0.004661202522211413,0.0280533698255218
788,788,bj920706,2025-04-23,19.06018490280199,0.93355866124645,0.2622305247285537,traded,completed,UP,0.625,1.576054252169956,2.0,2.0,3.0,ma60_washed,0.9,17.555433463107097,deep_pullback,18.588106019760453,2.0,pullback,bullish_candle,0.92375,17.555433463107097,ma60_washed,17.101057538179617,"形态止损: washout, 支撑 17.56 下方 0.75xATR=1.18 (被硬性止损 8% 截断)",22.118862665841935,"[21.4851, 22.1189]",3.0,17.101057538179617,initial_stop,,-0.0799999999999999,-0.0799999999999999,1.0,2025-04,0.0257997936016511,0.2354456465739309,,,788,0.0813356013953257,0.2373581310974508,0.1442868703303562,0.0257997947188879,-0.00477499485015862,0.004164600647804884,0.01901352223673225,0.018385214939659646,0.03510733487269758,0.12903225806451613,1.8902955764356052e-33,0.8998989204333037,0.4353680639136413,0.7041236480930251,0.016,0.632,0.0005154757256946585,1.5558256784272695,0.16285552271398906,-0.02628462090096616,0.7710652481531846,0.005062784384856293,-0.0799999999999999
789,789,bj920261,2025-04-23,13.865914640402176,0.9207681159044188,0.2545118522553845,traded,completed,UP,0.9166666666666666,1.3420608581426057,4.0,0.0,5.0,ma60_washed,0.9,11.092096389772353,deep_pullback,13.2941243459526,2.0,pullback,long_lower_shadow,0.8675,12.847842021134708,poc,12.230594398276391,"形态止损: washout, 支撑 12.85 下方 0.75xATR=1.01 (被硬性止损 8% 截断)",15.95294921514312,"[14.6235, 15.9529]",9.0,14.313817037721009,initial_stop,,0.0767025089605735,0.0767025089605735,7.0,2025-04,0.0598348055993933,0.2642026009582479,,,789,0.1033463043406213,0.2694157437273301,0.1505143387288135,0.0391752362441331,0.10999999999999996,-0.007843557595149764,0.14816364818485184,0.03383619295660268,0.03126614879884435,0.12096774193548387,2.816202498739366e-33,1.888526148173363,0.4259259411882028,0.7695650761730021,0.056,0.52,-0.06286083940467235,0.7122762024581438,0.020120038041818944,-0.02430460339961805,0.7419355301818944,-0.004661202522211413,0.0767025089605735
790,790,bj920961,2025-04-23,20.06991899921228,0.9154908857738268,0.2377563712355002,traded,completed,RANGE,0.7000000000000001,1.8155614378056224,4.0,1.0,5.0,ma60_washed,0.9,18.590820750386957,shallow_pullback,19.263138136216643,1.0,pullback,long_lower_shadow,0.785,18.590820750386957,ma60_washed,17.722087085319313,"形态止损: washout, 支撑 18.59 下方 0.75xATR=1.36 (被硬性止损 8% 截断)",26.01569475433871,"[23.6506, 26.0157]",8.0,26.01569475433871,initial_tp,,0.3505429162357809,0.3505429162357809,7.0,2025-04,0.0302729528535983,0.3159434422233056,,"{'structure_strength': np.float64(0.7000000000000001), 'trend': 'RANGE', 'atr_ratio': 0.09425055382810049, 'n_supports': 4, 'n_resistances': 1, 'top_support_source': 'ma60_washed', 'top_support_dist': -0.03490175801447767, 'v2_pattern': '', 'fine_score': 0.9154908857738268, 'operable_score': 0.23775637123550025, 'entry_day': 1}",790,0.118560223316086,0.3394541082917794,0.1974805471991761,0.0302729837171111,0.16704998970031734,-0.043755961409335464,0.08494601440331984,0.04038769413808351,0.030617067270435706,0.11290322580645161,3.0223838123025413e-33,5.026864217657321,0.45561635123330907,0.698984306114813,0.048,0.624,0.09679141134205338,0.6259583345692562,0.07890188296642131,-0.02415431203196698,0.8369398167368078,0.0005822201484390155,0.3505429162357809
791,791,bj920792,2025-04-24,12.449872551033977,1.1769187074062135,0.2627166078797206,traded,completed,UP,0.85,1.0089522620833264,5.0,2.0,6.0,ma60_washed,0.9,10.78857937611042,deep_pullback,11.17245863498471,3.0,pullback,long_lower_shadow,0.9575,10.78857937611042,ma60_washed,10.278661944185934,"形态止损: washout, 支撑 10.79 下方 0.75xATR=0.76 (被硬性止损 8% 截断)",13.43249864030264,"[13.1672, 13.4325]",6.0,12.096127158897255,initial_stop,,0.0826737027264734,0.0826737027264734,3.0,2025-04,0.0418310970797157,0.1709203402938901,,,791,0.0536458568437732,0.1949487176128967,0.1341084956119891,0.0418310757521493,0.07619999885559085,0.04312051654826532,0.12786220993987252,0.029027526418374194,0.03232257206752943,0.11290322580645161,1.819356532901446e-33,4.041821830145703,0.3448529707725477,0.8571428571428571,0.032,0.44,0.16068221783547276,1.2630157143464134,0.6405232346556817,-0.020749976519146663,0.5263749286617347,-0.004661202522211413,0.0826737027264734
792,792,bj920346,2025-04-24,27.55779219819353,1.0670062240650908,0.2496822514226694,traded,completed,RANGE,0.525,2.6067295689178467,2.0,3.0,3.0,ma60_washed,0.9,27.15989982218975,deep_pullback,27.96276333802362,1.0,pullback,bullish_candle,0.75875,27.15989982218975,ma60_washed,25.725742270981733,"形态止损: washout, 支撑 27.16 下方 0.75xATR=1.96 (被硬性止损 8% 截断)",32.20014428892865,"[29.632, 32.2001]",2.0,25.725742270981733,dynamic_stop,D4,-0.0799999999999999,-0.0799999999999999,1.0,2025-04,0.0143369175627241,0.3450502152080343,,,792,0.0811502700185524,0.3440860398827288,0.2432000223795573,0.0143369040859988,0.05587500095367428,0.004286560111164794,0.04183401439509549,0.026086758943073673,0.03070934572227789,0.1532258064516129,8.945625000312967e-34,1.7313443375408244,0.4431715305113696,0.6401360938768524,0.032,0.56,0.04068675655055687,1.1878007994126765,0.33541169167092766,-0.026781117549240833,0.7958851869021011,-0.004661202522211413,-0.0799999999999999
794,794,bj920252,2025-04-24,16.64769562268928,0.9987818480075266,0.2627166078797206,traded,completed,RANGE,0.35,1.0967149314584856,1.0,2.0,1.0,ma_ma20,0.4,16.35845186800081,deep_pullback,16.856787493548413,4.0,pullback,bullish_candle,0.6325000000000001,16.35845186800081,ma_ma20,15.508244494064542,"形态止损: pit_rebound, 支撑 16.36 下方 1.25xATR=1.37 (被硬性止损 8% 截断)",21.810721535767875,"[18.2124, 21.8107]",12.0,18.33038734531756,initial_stop,,0.0874187832250443,0.0874187832250443,8.0,2025-04,0.0490118490222155,0.2211819777647747,,,794,0.0791240925024128,0.2482058430806419,0.1566842513784866,0.0472488605245551,0.025550003051757742,-0.006337573081691583,0.028722780321600805,0.013974491224723523,0.025475589372190834,0.11290322580645161,1.1906032309388357e-33,0.9755159267342598,0.3273223533973216,0.7979967740646388,0.008,0.576,0.004703111265702331,1.5502927578711865,0.022531652514013123,-0.020460138273718002,0.4865961505491452,0.002543008580141291,0.0874187832250443
795,795,bj920720,2025-04-24,14.331221530427596,0.9916514799913122,0.2652808463436953,traded,completed,RANGE,0.5916666666666666,1.23196709260868,3.0,2.0,4.0,ma60_washed,0.9,14.053503909111775,deep_pullback,14.884057969286822,4.0,pullback,bullish_candle,0.76875,14.053503909111775,ma60_washed,13.693333331743876,"形态止损: washout, 支撑 14.05 下方 0.75xATR=0.92 (被硬性止损 8% 截断)",18.929686678272024,"[17.2088, 18.9297]",11.0,14.891145615938864,dynamic_stop,D2,0.0004761904761905,0.0004761904761905,7.0,2025-04,0.0311572700296738,0.1205466081015129,,,795,0.0386970572860385,0.1355093899191433,0.0932055520461963,0.0311573239124267,0.11105000495910637,0.006385050920985513,0.10037053686271324,0.05831906433712675,0.027553060199444656,0.08870967741935484,1.5288823104438907e-33,2.383651776980763,0.4532553888969379,0.680478846429789,0.032,0.544,0.09047359088662987,1.2760872479365748,0.3819983375183823,-0.021725474763958797,0.8290075104398216,-0.0025481152810755106,0.0004761904761905
797,797,bj920263,2025-04-24,13.75,0.9474518548043712,0.2846902744182267,traded,completed,UP,0.65,0.9561711296223308,2.0,1.0,3.0,ma60_washed,0.9,11.608166666666667,deep_pullback,13.6,3.0,pullback,bullish_candle,0.8275000000000001,12.5615,ma_ma20,12.512,"形态止损: washout, 支撑 12.56 下方 0.75xATR=0.72 (被硬性止损 8% 截断)",19.16783,"[17.4253, 19.1678]",6.0,14.13,initial_stop,,0.0389705882352942,0.0389705882352942,3.0,2025-04,0.1760000000000001,0.4248895434462445,,,797,0.2282692040000751,0.40727275501598,0.1457364154640924,0.1760000055486505,0.032825000286102315,0.016923762736656522,0.04823043442280439,0.011781136393094903,0.02935400580499464,0.10483870967741936,1.7945796588140174e-33,1.810319830914077,0.38523489383044385,0.7700348872022551,0.016,0.48,0.06010924893571512,1.7351125863172487,0.7833938901779682,-0.0218589761026347,0.6266375400366229,-5.510903728996931e-06,0.0389705882352942
798,798,bj920469,2025-04-24,14.947771587743732,0.938331874652901,0.2701513546673417,traded,completed,RANGE,0.55,1.1172217858018767,2.0,1.0,3.0,ma60_washed,0.9,13.935973537604458,deep_pullback,14.050905292479108,2.0,pullback,bullish_candle,0.7625000000000001,13.935973537604458,ma60_washed,13.09805719825305,"形态止损: washout, 支撑 13.94 下方 0.75xATR=0.84",17.166020891364905,"[15.6055, 17.166]",9.0,15.28658774373259,initial_stop,,0.0879432624113474,0.0879432624113474,7.0,2025-04,-0.0426666666666667,0.2102161100196464,,,798,0.0096390085305437,0.2319999694824219,0.2202380841797193,-0.0426666895548503,0.05542500257492069,0.09141594413675636,0.16353203515186165,0.02311373338411332,0.02905935899915323,0.13709677419354838,2.2937661279986128e-33,2.8076357821270643,0.3848987173344611,0.8373205130311144,0.024,0.48,0.15332331735184512,2.064663710426856,0.8357972576344521,-0.019236909068065015,0.6257485200916897,-0.0027220034153180813,0.0879432624113474
808,808,bj920856,2025-04-25,23.717298246446617,1.466290617746694,0.2213658522930517,traded,completed,UP,0.725,2.005712802613333,3.0,0.0,4.0,ma60_washed,0.9,17.687776499062707,deep_pullback,23.904610492845784,3.0,pullback,bullish_candle,0.8387500000000001,22.499322663313,poc,21.992241653418123,"形态止损: washout, 支撑 22.50 下方 0.75xATR=1.50 (被硬性止损 8% 截断)",28.68553259141494,"[26.2951, 28.6855]",9.0,23.88677123128396,dynamic_stop,D4,-0.0007462686567164,-0.0007462686567164,6.0,2025-04,0.0165475742760436,0.1567018366549435,,,808,-0.0449062603298341,0.1132004592556907,0.1655405255196478,0.0165475942659891,0.026274995803832902,0.05109669961466645,0.06171559908059976,0.022779405377104257,0.03281017935281289,0.0967741935483871,2.1249594543122467e-33,1.2023164875583998,0.4568452069455592,0.8949512103898944,0.024,0.592,0.05049259078071011,1.3991270423732087,0.07230962679353681,-0.026988051251810606,0.8410957848249518,0.005062784384856293,-0.0007462686567164
810,810,bj920953,2025-04-25,35.582552696698166,1.1217620715239975,0.2839175542426269,traded,completed,RANGE,0.5,2.454734877014729,1.0,3.0,1.0,swing_low,1.0,34.11939812980994,deep_pullback,35.51138759130477,2.0,pullback,bullish_candle,0.7749999999999999,34.11939812980994,swing_low,32.67047658400039,"形态止损: washout, 支撑 34.12 下方 0.75xATR=1.84 (被硬性止损 8% 截断)",36.83505855162194,"[35.7046, 36.8351]",3.0,36.83505855162194,initial_tp,,0.0372745490981965,0.0372745490981965,1.0,2025-04,0.02,0.2296747967479675,,,810,0.0380742984232458,0.2099999999999999,0.1656198422770854,0.02,0.004649972915649414,-0.022072911068158674,-0.01436711920096545,0.018691674620456147,0.030285476509934225,0.08870967741935484,9.555024798056377e-34,1.0310627117998705,0.380478823898608,0.7531462482193617,0.016,0.632,-0.08362819852142644,0.93377845399353,0.620217626735091,-0.022667437843361747,0.6141498282479019,0.002543008580141291,0.0372745490981965
811,811,bj920706,2025-04-25,18.588106019760453,1.0886210553034985,0.2749412260822217,traded,completed,UP,0.525,1.5127609043864143,1.0,2.0,2.0,ma60_washed,0.9,17.7204971558928,deep_pullback,18.283221741129463,2.0,pullback,bullish_candle,0.90875,17.7204971558928,ma60_washed,16.820564001839106,"形态止损: washout, 支撑 17.72 下方 0.75xATR=1.13 (被硬性止损 8% 截断)",22.118862665841935,"[21.4851, 22.1189]",9.0,22.118862665841935,initial_tp,,0.2097902097902098,0.2097902097902098,7.0,2025-04,0.082010582010582,0.2522193211488253,,,811,0.1039701753080564,0.2687830701713576,0.1492910755648909,0.0820106442166008,-0.005025000572204519,0.0064909148819931595,-0.013827047243606394,0.021726267761761984,0.03431479296836571,0.12096774193548387,1.8239823329723263e-33,1.2252273242873697,0.4353680639136413,0.6773195028938606,0.056,0.624,-0.014410740208322115,0.8814868935974297,0.18485116595640116,-0.027596514383970788,0.7710652481531846,0.005062784384856293,0.2097902097902098
813,813,bj920198,2025-04-25,12.23,0.956324246572912,0.2445011010309326,traded,completed,RANGE,0.3999999999999999,0.721703316430734,1.0,5.0,1.0,ma_ma20,0.4,12.4605,deep_pullback,12.6,6.0,pullback,bullish_candle,0.64,12.4605,ma_ma20,11.592,"形态止损: pit_rebound, 支撑 12.46 下方 1.25xATR=0.90 (被硬性止损 8% 截断)",13.766666666666667,"[13.4, 13.7667]",12.0,13.766666666666667,initial_tp,,0.0925925925925927,0.0925925925925927,6.0,2025-04,0.0932134096484054,0.3157894736842106,,,813,0.1623422518699,0.3900245818726702,0.1958823484532973,0.0932134412095242,0.0023500037193298516,0.0016668616627555366,0.01479251607433718,0.012345619581797978,0.02465397749652707,0.12096774193548387,1.490634929053062e-33,0.7942169969307445,0.3291044755936943,0.8911565626202905,0.008,0.52,-0.01674279005179813,0.8224414747008068,0.3218128086271508,-0.02273314002280147,0.4905450455716307,0.00026088957202321746,0.0925925925925927
814,814,bj920110,2025-04-25,37.31634652858038,0.9291079113136912,0.257285886511155,traded,completed,RANGE,0.4999999999999999,2.345982153631144,2.0,1.0,3.0,ma60_washed,0.9,34.73944548774564,deep_pullback,36.1681512507779,2.0,pullback,bullish_candle,0.755,34.73944548774564,ma60_washed,33.27469915071567,"形态止损: washout, 支撑 34.74 下方 0.75xATR=1.76 (被硬性止损 8% 截断)",43.40178150093348,"[39.23, 43.4018]",5.0,38.03396857720693,initial_stop,,0.0515873015873016,0.0515873015873016,3.0,2025-04,-0.0141025641025641,0.0650000000000001,,,814,-0.0095294042018699,0.0923076531825921,0.1028168406174651,-0.014102544540014,0.05635003089904807,0.027564409201055184,0.06759191335357673,0.016090830549576544,0.024456941890226812,0.08064516129032258,4.016312484909152e-34,0.9932083102810157,0.36405869783588224,0.9395566522844822,0.032,0.448,0.028013368205150213,1.4051977487946832,0.0383224382104026,-0.022595377041816096,0.5724721709330485,0.00026088957202321746,0.0515873015873016
815,815,bj920392,2025-04-25,17.857424626655398,0.9203069639044096,0.2377563712355002,traded,completed,RANGE,0.65,1.547968883743426,3.0,1.0,4.0,ma60_washed,0.9,16.574960082652392,deep_pullback,18.516539870386023,4.0,pullback,bullish_candle,0.6775000000000001,17.31725669202592,poc,17.035216680755145,"形态止损: washout, 支撑 17.32 下方 0.75xATR=1.16 (被硬性止损 8% 截断)",23.099690053536207,"[20.9997, 23.0997]",10.0,18.24829529444914,initial_stop,,-0.0144867549668875,-0.0144867549668875,6.0,2025-04,0.176824034334764,0.7741525423728814,,,815,0.331920902294236,0.7969957211538068,0.3491760044147355,0.1768240761433246,0.04622499465942376,0.018998287676944114,0.03670189843700267,0.01774702273755373,0.0327966068064859,0.11290322580645161,6.247656865535328e-34,1.2201388555229904,0.4449760809215646,0.7047146691673074,0.08,0.528,0.010706637940717023,0.9319249057383908,0.19265684856006215,-0.02496161735920749,0.8017241521057419,0.005329184860608508,-0.0144867549668875
818,818,bj920208,2025-04-25,26.449532495401595,0.8245660630692118,0.2839175542426269,traded,completed,RANGE,0.5499999999999999,1.4914336607159306,2.0,3.0,2.0,swing_low,0.6,25.462454015941145,deep_pullback,25.44160024524832,3.0,pullback,bullish_candle,0.6625000000000001,24.927902360515027,ma_ma20,23.80932711497808,"形态止损: washout, 支撑 24.93 下方 0.75xATR=1.12",27.71368807480074,"[25.7848, 27.7137]",6.0,25.6640404659718,dynamic_stop,D2,0.0087431693989072,0.0087431693989072,3.0,2025-04,0.0065703022339027,0.0426681069403185,,,818,-0.0522921222364756,0.0147175133907906,0.070707057733234,0.0065703023656435,-0.03557498931884773,-0.004797316198442481,-0.00662609688408744,0.011900994354237835,0.02279499168772329,0.04838709677419355,6.028830850180704e-34,0.8461853938618676,0.29806968091190106,0.759461668867577,0.096,0.512,-0.05124263547404673,0.9617688126752599,0.5889749662775992,-0.019220295326292176,0.424642835344587,0.00026088957202321746,0.0087431693989072
825,825,bj920163,2025-04-28,15.169087181965692,1.4586961756257355,0.2749412260822217,traded,completed,UP,0.7,2.4314671513496,2.0,2.0,3.0,ma60_washed,0.9,14.75981732975097,deep_pullback,15.65173995593733,1.0,pullback,long_lower_shadow,0.935,14.75981732975097,ma60_washed,14.399600759462343,"形态止损: washout, 支撑 14.76 下方 0.75xATR=1.82 (被硬性止损 8% 截断)",18.956433949151283,"[17.6612, 18.9564]",8.0,18.956433949151283,initial_tp,,0.2111390811831339,0.2111390811831339,7.0,2025-04,0.1441558441558443,0.3485530546623792,,,825,0.1588718928875052,0.3616883008309972,0.1750119311619028,0.1441559269931329,0.08862501382827759,-0.17199147098286194,-0.0625188243162157,0.03631078099286284,0.03697371957847785,0.14516129032258066,1.6206828017974802e-33,1.3281974393361762,0.5564853326084876,0.3721804581365633,0.104,0.528,-0.3128590027659506,0.7468455675331231,0.9323874181866568,-0.03472471168861381,1.2547168640022686,-0.004661202522211413,0.2111390811831339
829,829,bj920146,2025-04-28,8.56,0.9197002261574082,0.257285886511155,traded,completed,RANGE,0.5,0.4957264083616938,2.0,3.0,2.0,swing_low,0.4,8.57,deep_pullback,9.2,1.0,pullback,bullish_candle,0.655,8.57,swing_low,8.464,"形态止损: pit_rebound, 支撑 8.57 下方 1.25xATR=0.62 (被硬性止损 8% 截断)",11.04,"[9.3472, 11.04]",3.0,11.04,initial_tp,,0.1999999999999999,0.1999999999999999,2.0,2025-04,0.1320093457943925,0.4171494785631517,,,829,0.1830377825483873,0.4287381942422807,0.2076860226430207,0.1320092412819298,0.0010999977588653565,0.04107607112677791,0.04760557162555301,0.015333579382851334,0.026733979200505534,0.10483870967741936,2.3186681681223987e-33,1.4337963213472578,0.3265765831073995,0.9137931062832173,0.064,0.528,0.014101043752245523,1.6155089978546815,0.004249412819363085,-0.019984367172528116,0.4849498471768807,-5.510903728996931e-06,0.1999999999999999
832,832,bj920926,2025-04-28,15.791404063610516,0.8570740038168303,0.2798085490893736,traded,completed,RANGE,0.3999999999999999,1.1310874065024177,1.0,2.0,1.0,swing_low,0.4,15.335895520157877,deep_pullback,16.08261185019847,1.0,pullback,long_lower_shadow,0.64,15.335895520157877,swing_low,14.796002902182597,"形态止损: pit_rebound, 支撑 15.34 下方 1.25xATR=1.41 (被硬性止损 8% 截断)",18.84908582278405,"[16.4977, 18.8491]",3.0,18.84908582278405,initial_tp,,0.17201646090535,0.17201646090535,2.0,2025-04,0.1482789266169044,0.2564208782104389,,,832,-0.083782384023141,0.27116509420991,0.3874052103381692,-0.2246437750729205,-0.016824989318847728,0.01646382230729304,0.012322011816261913,0.016501916393370026,0.02965525971592393,0.08870967741935484,6.4229916410792315e-34,0.9888675361890358,0.35019304356804104,0.8059536617309726,0.032,0.624,-0.002067017085790601,1.5122467284561072,0.004934698547796157,-0.0225780744008131,0.5389185820523139,0.002543008580141291,0.17201646090535
833,833,bj920508,2025-04-28,28.152226093689507,0.8181069019535174,0.257285886511155,traded,completed,RANGE,0.6083333333333333,2.13940184427892,3.0,2.0,4.0,ma60_washed,0.9,29.071578268163638,deep_pullback,28.69074719318622,3.0,pullback,bullish_candle,0.67125,27.762833914053424,swing_low,26.395487417731324,"形态止损: washout, 支撑 27.76 下方 0.75xATR=1.60 (被硬性止损 8% 截断)",36.07262872628726,"[30.1061, 36.0726]",10.0,28.500193573364303,initial_stop,,-0.0066416401963617,-0.0066416401963617,7.0,2025-04,-0.0232489699823424,0.0855153203342617,,,833,-0.006385349043952,0.1468511402498502,0.1542212457780885,-0.0232489972386665,0.033725004196167065,0.10001229788681631,0.12027049025744119,0.03578061499029635,0.027980015678032565,0.12903225806451613,4.774599215757597e-34,1.9783106158591186,0.38190554862817505,0.8902865447829688,0.04,0.584,0.1197754207143289,2.3415811707905854,0.3638212085440585,-0.022297732771455445,0.617875711035033,-0.004661202522211413,-0.0066416401963617
843,843,bj920706,2025-04-29,18.283221741129463,1.1513626829166066,0.2496822514226694,traded,completed,UP,0.525,1.6409388185166818,1.0,2.0,2.0,ma60_washed,0.9,17.882118606822992,shallow_pullback,19.66011848333394,1.0,pullback,bullish_candle,0.8087500000000001,17.96981381599911,ma_ma20,18.087309004667222,"形态止损: washout, 支撑 17.97 下方 0.75xATR=1.23 (被硬性止损 8% 截断)",22.118862665841935,"[21.4851, 22.1189]",7.0,22.118862665841935,initial_tp,,0.125062531265633,0.125062531265633,6.0,2025-04,0.0995158687466379,0.2823529411764705,,"{'structure_strength': np.float64(0.525), 'trend': 'UP', 'atr_ratio': 0.08346535754134547, 'n_supports': 1, 'n_resistances': 2, 'top_support_source': 'ma60_washed', 'top_support_dist': -0.09043688510922115, 'v2_pattern': '', 'fine_score': 1.1513626829166066, 'operable_score': 0.24968225142266942, 'entry_day': 1}",843,0.1223795438907766,0.2899407931902626,0.1492910755648909,0.0995158884499627,-0.04145000457763679,0.012069092390116332,-0.021889759729243674,0.022270476100871062,0.03436391808720659,0.13709677419354838,1.868395494014731e-33,0.8797374237377904,0.3936265793304196,0.5917902238492077,0.04,0.688,-0.012150002035311247,1.0668781512848269,0.0017275066175354015,-0.022989053355817864,0.6491488015681202,-5.510903728996931e-06,0.125062531265633
863,863,bj920533,2025-04-30,41.96660810641234,1.6372764500919967,0.2496822514226694,traded,completed,RANGE,0.525,3.343020593489073,2.0,2.0,3.0,ma60_washed,0.9,40.23549190613628,deep_pullback,41.71379721420504,7.0,pullback,long_lower_shadow,0.75875,40.23549190613628,ma60_washed,38.37669343706864,"形态止损: washout, 支撑 40.24 下方 0.75xATR=2.51 (被硬性止损 8% 截断)",51.40488141548499,"[43.6673, 51.4049]",9.0,40.83278955954322,dynamic_stop,D4,-0.0211202938475666,-0.0211202938475666,2.0,2025-04,-0.1140575405635644,0.0867117117117117,,,863,-0.2141042465490126,0.0569551445072535,0.3449050206290125,-0.3212851198670107,-0.05007498741149909,0.0380197862230387,0.04440550614276528,0.013170719284104753,0.03322649406786737,0.10483870967741936,1.957942720839938e-33,0.6501840651650918,0.40350877192982454,0.8382608164911685,0.016,0.608,0.005852323040396401,1.3481412051922008,0.005627129388678931,-0.017394230021132502,0.6764705882352942,-5.510903728996931e-06,-0.0211202938475666
871,871,bj920346,2025-04-30,27.63681095718477,1.1178997297859112,0.2496822514226694,traded,completed,RANGE,0.525,2.138921524573779,2.0,4.0,2.0,poc,0.4,27.14640078419541,deep_pullback,30.28393938339117,1.0,pullback,bullish_candle,0.6587500000000001,27.14640078419541,poc,27.86122423271988,"形态止损: washout, 支撑 27.15 下方 0.75xATR=1.60 (被硬性止损 8% 截断)",36.34072726006941,"[33.3123, 36.3407]",2.0,27.86122423271988,initial_stop,,-0.0799999999999999,-0.0799999999999999,1.0,2025-04,0.0339528234453181,0.3577118030412742,,,871,0.0780590641382341,0.3402430526631372,0.2432000223795573,0.0339528512681142,-0.028824996948242188,0.014117636381047571,0.01453359936448173,0.018191482806918517,0.030827154893812683,0.13709677419354838,9.536277199246926e-34,0.6274240901462004,0.43322278339280595,0.6137788627529162,0.032,0.6,-0.006832025543246356,0.7562278562917722,0.04419319033207714,-0.018136711468735495,0.7643616763322576,0.002543008580141291,-0.0799999999999999
877,877,bj920249,2025-04-30,15.35,1.006304732652106,0.2614964801983833,traded,completed,UP,0.8333333333333334,1.115100345922146,4.0,2.0,5.0,ma60_washed,0.9,14.762333333333334,deep_pullback,16.45,1.0,pullback,bullish_candle,0.955,14.762333333333334,ma60_washed,15.134,"形态止损: washout, 支撑 14.76 下方 0.75xATR=0.84 (被硬性止损 8% 截断)",18.68,"[18.0, 18.68]",12.0,15.4,dynamic_stop,D4,-0.0638297872340425,-0.0638297872340425,11.0,2025-04,-0.0188925081433224,0.1517561298873426,,,877,-0.0016001005860352,0.1322474741920825,0.1340620876030563,-0.0188925051886715,-0.03395000219345094,0.060622048360387426,0.03460098186193772,0.018397987200942562,0.031707381885230465,0.1532258064516129,4.599274557280627e-33,0.7019907257935761,0.3740413463652688,0.706624560599148,0.032,0.616,0.07097232002629417,1.3183598586886753,0.40330783026874073,-0.0186143396055649,0.5975496052228637,-5.510903728996931e-06,-0.0638297872340425
878,878,bj920976,2025-04-30,26.81437305600978,0.984276752812977,0.2622305247285537,traded,completed,RANGE,0.7,1.5078480082761727,3.0,0.0,4.0,swing_low,1.0,23.798116883401576,shallow_pullback,26.987555228599724,7.0,pullback,bullish_candle,0.685,25.674706077277136,ma_ma60,24.828550810311743,"形态止损: washout, 支撑 25.67 下方 0.75xATR=1.13 (被硬性止损 8% 截断)",32.38506627431967,"[29.6863, 32.3851]",8.0,26.679675810662044,initial_stop,,-0.0114081996434938,-0.0114081996434938,1.0,2025-04,-0.0208109077861501,0.0498220640569393,,"{'structure_strength': 0.7, 'trend': 'RANGE', 'atr_ratio': 0.05587197489746124, 'n_supports': 3, 'n_resistances': 0, 'top_support_source': 'swing_low', 'top_support_dist': -0.11818181818181815, 'v2_pattern': '', 'fine_score': 0.984276752812977, 'operable_score': 0.26223052472855374, 'entry_day': 7}",878,-0.0217628169425383,0.0584857951806017,0.0820339008913201,-0.0208109044219895,0.05015000820159905,0.07786728793408293,0.1207125862572076,0.018194800957094144,0.023851157866645333,0.12096774193548387,7.997707570840685e-34,1.4014275259701379,0.3604239975467317,0.9803922668597951,0.032,0.448,0.12489995582097912,1.5725582215470588,0.6518932518869,-0.011468858153915882,0.563535836498285,-0.0024556029395658673,-0.0114081996434938
883,883,bj920425,2025-05-06,23.56718968898852,1.0382371832526534,0.2741848243710294,traded,completed,UP,0.8333333333333334,1.8932176097930864,4.0,0.0,5.0,ma60_washed,0.9,18.692872653404315,deep_pullback,22.373914261697955,2.0,pullback,bullish_candle,0.8550000000000001,22.498924068366488,poc,20.58400112076212,"无有效支撑, 使用最大止损 8%",26.848697114037545,"[24.6113, 26.8487]",3.0,26.848697114037545,initial_tp,,0.1999999999999999,0.1999999999999999,1.0,2025-05,-0.0078360458107293,0.2652200120554548,,,883,0.0377869117334364,0.2652199866221165,0.219151997695552,-0.0078361101217323,0.23714999675750725,0.09843908931084777,0.22269992755308388,0.031658911731899116,0.03168562004365831,0.13761467889908258,1.1841430630314847e-33,2.282009886451871,0.3216023299886607,0.842526673180612,0.11818181818181818,0.39090909090909093,0.25824798062996024,0.973706108066043,0.8470074926221716,-0.016805021561713922,0.4740616664902242,-0.004661202522211413,0.1999999999999999
887,887,bj920976,2025-05-06,27.882329786981103,0.8580945675823298,0.2798085490893736,traded,completed,RANGE,0.7,1.5159030451886906,3.0,0.0,4.0,swing_low,1.0,23.798116883401576,shallow_pullback,26.987555228599724,6.0,pullback,bullish_candle,0.685,25.71760073576585,ma_ma60,24.828550810311743,"形态止损: washout, 支撑 25.72 下方 0.75xATR=1.14 (被硬性止损 8% 截断)",32.38506627431967,"[29.6863, 32.3851]",7.0,26.679675810662044,initial_stop,,-0.0114081996434938,-0.0114081996434938,1.0,2025-05,-0.0448585231193926,0.0221760221760221,,"{'structure_strength': 0.7, 'trend': 'RANGE', 'atr_ratio': 0.05617044716900593, 'n_supports': 3, 'n_resistances': 0, 'top_support_source': 'swing_low', 'top_support_dist': -0.11818181818181815, 'v2_pattern': '', 'fine_score': 0.8580945675823298, 'operable_score': 0.2798085490893736, 'entry_day': 6}",887,-0.0592314857339399,0.0179434253270365,0.0820339008913201,-0.0448584975015575,0.08875000476837158,0.07276277099380923,0.1337877568812147,0.01719019944503017,0.02459625669842234,0.11009174311926606,9.371739167494274e-34,1.4891193528438436,0.24948094047204436,0.9944522866494044,0.10909090909090909,0.32727272727272727,0.12910802869171767,1.2797503802099994,0.7991272483021109,-0.010903058886003496,0.3324111990293188,-0.0024556029395658673,-0.0114081996434938
926,926,bj920247,2025-05-08,18.967921336984936,0.8782335416342524,0.2798085490893736,traded,completed,UP,0.875,1.4454999275400866,4.0,1.0,5.0,ma60_washed,0.9,15.633944394291817,deep_pullback,17.43906881450555,2.0,pullback,bullish_candle,0.8612500000000001,17.45613359992244,poc,16.043943309345106,"无有效支撑, 使用最大止损 8%",20.92688257740666,"[18.1908, 20.9269]",5.0,20.92688257740666,initial_tp,,0.1999999999999999,0.1999999999999999,3.0,2025-05,-0.1322994631378191,0.2240168539325842,,,926,-0.1735909378578403,0.1658863229131069,0.4107859852008133,-0.3361203801097089,0.06795000076293949,0.08897638769786465,0.15639949794764307,0.02475111880582223,0.03498172007955163,0.11926605504587157,1.4349177520578982e-33,1.1370606557994976,0.268975183386333,0.9856956303365143,0.045454545454545456,0.38181818181818183,0.15725310182466834,1.2194982294884351,0.8165050564797103,-0.018209503451653314,0.3679426160007937,-0.0024556029395658673,0.1999999999999999
961,961,bj920510,2025-05-12,26.34,0.8943230711628498,0.2515629325089319,traded,completed,RANGE,0.5666666666666667,2.061502856274171,4.0,0.0,5.0,ma60_washed,0.9,22.54083333333333,deep_pullback,24.49,3.0,pullback,long_lower_shadow,0.665,23.12,swing_low,22.5308,"形态止损: washout, 支撑 23.12 下方 0.75xATR=1.55 (被硬性止损 8% 截断)",29.388,"[26.939, 29.388]",7.0,24.96,dynamic_stop,D4,0.0191915067374439,0.0191915067374439,4.0,2025-05,-0.1343963553530751,0.0246533127889059,,,961,-0.1054756430399483,0.0098709273870787,0.1289473780445962,-0.1343963893325771,0.16932500362396236,0.03457204208728837,0.1411741000426805,0.03076855148787214,0.032086878722420484,0.12280701754385964,1.945829827764608e-33,1.081668395993848,0.27573252897009554,0.9100815066702631,0.08695652173913043,0.3826086956521739,0.03591379240663639,0.9108028491927967,0.11259841471875087,-0.015108186373430466,0.3807053885465894,-0.004661202522211413,0.0191915067374439
962,962,bj920008,2025-05-12,46.0,0.8520119235317142,0.252567060383088,traded,completed,UP,0.7916666666666666,4.972238785774231,3.0,1.0,4.0,ma60_washed,0.9,39.88216666666666,deep_pullback,42.29,3.0,pullback,long_lower_shadow,0.8487500000000001,41.4065,ma_ma20,38.9068,"形态止损: washout, 支撑 41.41 下方 0.75xATR=3.73 (被硬性止损 8% 截断)",61.05,"[55.5, 61.05]",4.0,42.19,initial_stop,,-0.0023646252069047,-0.0023646252069047,1.0,2025-05,-0.1658695652173913,0.0095480585614258,,,962,-0.1309505719635012,0.0343478658924931,0.1902060257141693,-0.1658695884372877,0.3622499942779541,0.07006632956056302,0.1585640960431991,0.05247315233761652,0.035588212108634484,0.12280701754385964,1.691152047033033e-33,3.12789523696401,0.3680261876988121,0.7464716046354651,0.11304347826086956,0.4956521739130435,0.2203522105539104,1.1606398632933024,0.6705353876934366,-0.02319216535206575,0.5823440473881807,-0.005252491865937717,-0.0023646252069047
963,963,bj920363,2025-05-12,16.564238681027007,0.8428764510561231,0.215547469236389,traded,completed,RANGE,0.625,1.6330066464610034,4.0,1.0,5.0,ma60_washed,0.9,12.539953720245691,shallow_pullback,14.685689006856892,3.0,pullback,bullish_candle,0.6737500000000001,14.589476800571694,poc,13.51083388630834,"形态止损: washout, 支撑 14.59 下方 0.75xATR=1.22 (被硬性止损 8% 截断)",19.742541643271576,"[17.9478, 19.7425]",4.0,14.647610297245334,dynamic_stop,D4,-0.0025929127052722,-0.0025929127052722,1.0,2025-05,0.027126436781609,0.1366120218579234,,"{'structure_strength': np.float64(0.625), 'trend': 'RANGE', 'atr_ratio': 0.11119714204069939, 'n_supports': 4, 'n_resistances': 1, 'top_support_source': 'ma60_washed', 'top_support_dist': -0.1461106309420916, 'v2_pattern': '', 'fine_score': 0.8428764510561231, 'operable_score': 0.215547469236389, 'entry_day': 3}",963,-0.2010608745486838,0.0421456078694426,0.3044117814116819,-0.1440613093458547,0.23280000209808344,0.21401091524564197,0.3997127897705539,0.06598611354644969,0.03449686559189774,0.12280701754385964,1.6983998646652505e-33,4.1014358954212415,0.44318182470152895,0.8137255451945963,0.08695652173913043,0.3652173913043478,0.4230170793223642,1.601206896551724,0.823937348411818,-0.015571761483306284,0.7959183883751106,-0.008382285235162379,-0.0025929127052722
976,976,bj920284,2025-05-13,27.98,1.0803102961053912,0.267869308188164,traded,completed,UP,0.7749999999999999,2.189335946983149,3.0,1.0,4.0,ma60_washed,0.9,22.776666666666664,deep_pullback,25.78,3.0,pullback,bullish_candle,0.8462500000000001,25.9608,poc,23.7176,"无有效支撑, 使用最大止损 8%",33.088,"[30.08, 33.088]",5.0,33.088,initial_tp,,0.2834755624515128,0.2834755624515128,2.0,2025-05,0.0321658327376697,0.2067039106145252,,,976,0.0202535200455986,0.2351680464155137,0.2106481596459572,0.0321658196302578,0.2039749956130983,0.07886160431555322,0.21666109839540848,0.029779620573917653,0.034086846182926525,0.11403508771929824,3.231795320017645e-33,2.4786669280533227,0.3303212586713989,0.8743667775776167,0.10434782608695652,0.4,0.20336135746807948,1.0218480695493717,0.7843843355843982,-0.01128390729725159,0.49325331429225594,-0.004661202522211413,0.2834755624515128
977,977,bj920363,2025-05-13,15.694774811563136,1.0398311477926987,0.2669838101776057,traded,completed,RANGE,0.6583333333333333,1.707209200621468,3.0,1.0,4.0,ma60_washed,0.9,12.604370204005242,shallow_pullback,14.685689006856892,2.0,pullback,bullish_candle,0.6787500000000001,14.589476800571694,poc,13.51083388630834,"形态止损: washout, 支撑 14.59 下方 0.75xATR=1.28 (被硬性止损 8% 截断)",19.742541643271576,"[17.9478, 19.7425]",3.0,14.647610297245334,dynamic_stop,D4,-0.0025929127052722,-0.0025929127052722,1.0,2025-05,0.2373635260816819,0.3213703099510603,,"{'structure_strength': np.float64(0.6583333333333333), 'trend': 'RANGE', 'atr_ratio': 0.1162498538423601, 'n_supports': 3, 'n_resistances': 1, 'top_support_source': 'ma60_washed', 'top_support_dist': -0.14172428694900605, 'v2_pattern': '', 'fine_score': 1.0398311477926987, 'operable_score': 0.26698381017760575, 'entry_day': 2}",977,-0.1159135272804262,0.091791366752221,0.2349373058426262,0.031136290821542,0.26404999732971196,0.026070240122957777,0.22016357595532265,0.07040380448847658,0.03279961223360365,0.12280701754385964,1.705987460417843e-33,3.813563942569819,0.44318182470152895,0.592760216793327,0.14782608695652175,0.34782608695652173,0.2327803524481189,1.0832320632878214,0.5393375704813301,-0.01877278597522463,0.7959183883751106,-0.012669248305750514,-0.0025929127052722
978,978,bj920770,2025-05-13,18.998731496238307,0.8168338890765156,0.2075699760555509,traded,completed,RANGE,0.6,1.529284588834258,2.0,3.0,3.0,ma60_washed,0.9,18.96113812063121,deep_pullback,19.03847779643964,1.0,pullback,bullish_candle,0.77,18.96113812063121,ma60_washed,17.814174679005518,"形态止损: washout, 支撑 18.96 下方 0.75xATR=1.15",22.705073990012828,"[21.6842, 22.7051]",2.0,18.402536993218277,dynamic_stop,D4,-0.0334029227557411,-0.0334029227557411,1.0,2025-05,-0.0658995815899583,0.0,,,978,-0.0527603789122633,0.036610817200094,0.0943490898424734,-0.0658995906682373,0.0951249980926514,0.09771763852774384,0.1775744649434532,0.046540763645526055,0.027113020041673996,0.10526315789473684,1.9923115296877377e-33,2.413161701221085,0.33913044307542883,0.6256410250140209,0.09565217391304348,0.3565217391304348,0.1474285670689175,2.1952484283012645,0.5499332788726434,-0.011152676070059375,0.5131579137244715,-0.001004901634213609,-0.0334029227557411
991,991,bj920876,2025-05-14,37.78057742782152,1.1404451508462137,0.2669838101776057,traded,completed,UP,0.875,4.057030555299781,3.0,2.0,4.0,ma60_washed,0.9,30.165118110236214,deep_pullback,39.74540682414698,1.0,pullback,bullish_candle,0.8612500000000001,38.115695538057736,poc,36.56577427821522,"形态止损: washout, 支撑 38.12 下方 0.75xATR=3.04 (被硬性止损 8% 截断)",42.87716535433071,"[40.3937, 42.8772]",2.0,40.892388451443566,dynamic_stop,D4,0.0288582183186949,0.0288582183186949,1.0,2025-05,-0.1077085533262935,0.1227799227799226,,,991,-0.0980465762413269,0.1515310903357145,0.2767079319206826,-0.1077085986274944,0.13724995613098123,-0.01502189452980185,0.15369763019535876,0.02985656983059554,0.03602319947106221,0.11403508771929824,1.8480043887822823e-33,0.8322721507405141,0.46148812308245507,0.669976224427552,0.10434782608695652,0.48695652173913045,-0.07455934021547861,0.7569381787486131,0.7191712638807968,-0.016182804149165918,0.8569692570645318,-0.004661202522211413,0.0288582183186949
992,992,bj920425,2025-05-14,25.20084057158868,1.1376315468243583,0.2075736957232398,traded,completed,UP,0.825,2.340570698617034,5.0,1.0,6.0,ma60_washed,0.9,19.621330905015416,deep_pullback,23.510367049593725,6.0,pullback,bullish_candle,0.8537500000000001,22.57812062202297,poc,21.62953768562623,"形态止损: washout, 支撑 22.58 下方 0.75xATR=1.76 (被硬性止损 8% 截断)",30.447701036704963,"[27.6797, 30.4477]",11.0,22.6438217988232,initial_stop,,-0.036858006042296,-0.036858006042296,5.0,2025-05,-0.012965050732807,0.0214092140921409,,,992,-0.060148899802745,0.0622885883028778,0.1302732827358779,-0.0129650250960421,0.18512500762939438,0.028270515192748924,0.17240872989032052,0.04007895554787569,0.03204149710869163,0.14912280701754385,1.431165449869616e-33,1.4277235703940578,0.43091949380293426,0.7191819804583752,0.10434782608695652,0.34782608695652173,0.16257094492659974,0.9350333488444238,0.5350621386465331,-0.01875640400471177,0.7572206201238458,-0.004661202522211413,-0.036858006042296
993,993,bj920163,2025-05-14,19.97591480845872,1.0628243327995752,0.238599210391315,traded,completed,UP,0.725,1.6570417415626126,3.0,0.0,4.0,ma60_washed,0.9,15.236888404975996,deep_pullback,17.28684935347389,8.0,pullback,bullish_candle,0.8387500000000001,16.453534564126944,ma_ma20,15.90390140519598,"形态止损: washout, 支撑 16.45 下方 0.75xATR=1.24 (被硬性止损 8% 截断)",20.744219224168667,"[19.0155, 20.7442]",10.0,18.16350439191217,initial_stop,,0.0507122507122508,0.0507122507122508,2.0,2025-05,-0.0507889546351084,0.0756704980842915,,,993,-0.0351009392724478,0.1074949863913312,0.1477832567856983,-0.0507889867737415,0.03679999113082886,0.23455325869889632,0.24155149142864096,0.04188465296415686,0.035799286897502364,0.15789473684210525,2.2904924048621297e-33,1.2008868712408536,0.4050208998328317,0.6880164607350682,0.1391304347826087,0.41739130434782606,0.27706413905842764,2.230837327633646,0.46283172379212323,-0.02276036244287516,0.6807313058879463,-0.004661202522211413,0.0507122507122508
995,995,bj920247,2025-05-14,17.54056939691082,1.0037178007029337,0.2622305247285537,traded,completed,RANGE,0.675,1.6262900595147018,3.0,2.0,4.0,ma60_washed,0.9,15.779005643312685,deep_pullback,18.6570758033688,2.0,pullback,bullish_candle,0.6812500000000001,17.488233159108102,poc,17.164509739099294,"形态止损: washout, 支撑 17.49 下方 0.75xATR=1.22 (被硬性止损 8% 截断)",22.38849096404256,"[18.9045, 22.3885]",4.0,18.41601192015628,dynamic_stop,D4,-0.0129207752465148,-0.0129207752465148,2.0,2025-05,-0.0541277237434356,0.2326732673267326,,,995,-0.1142668812697494,0.2607595331389929,0.4234079165362637,-0.2763110124793029,0.0933249998092652,0.001150567252133472,0.07078626430942525,0.02723088638357275,0.035134957789817525,0.11403508771929824,1.734235301961191e-33,1.1251543445386312,0.3271565501827094,0.7050782599690167,0.11304347826086956,0.391304347826087,-0.030510777762106644,1.130209617755857,0.059245349437472394,-0.019712280436808276,0.486229821025304,-0.004661202522211413,-0.0129207752465148
998,998,bj920171,2025-05-14,32.3,0.8220639348308612,0.2810637243518045,traded,completed,RANGE,0.575,3.0481466951753102,4.0,1.0,5.0,ma60_washed,0.9,29.261833333333332,deep_pullback,29.75,2.0,pullback,long_lower_shadow,0.7662500000000001,29.261833333333332,ma60_washed,27.37,"形态止损: washout, 支撑 29.26 下方 0.75xATR=2.29 (被硬性止损 8% 截断)",39.6,"[36.0, 39.6]",5.0,30.0,dynamic_stop,D2,0.0084033613445377,0.0084033613445377,3.0,2025-05,0.0959752321981424,0.0643021914648211,,,998,-0.0022882816770085,0.1427244804718792,0.1453453532575854,0.0959753053263685,0.09224999904632565,0.2308566097664062,0.3196681933366943,0.04120648782522344,0.030818193841417128,0.09649122807017543,2.7360460308131618e-33,1.7391214986200012,0.35957858117796415,0.8928296481698937,0.043478260869565216,0.6434782608695652,0.2993630427591252,2.0469433235974406,0.5196834642116985,-0.01682086600495273,0.5614718224748914,0.0005822201484390155,0.0084033613445377
1007,1007,bj920876,2025-05-15,39.74540682414698,1.1071978125925912,0.2344103026620404,traded,completed,UP,0.875,4.058665326404167,4.0,1.0,5.0,ma60_washed,0.9,30.384706911636044,deep_pullback,32.584251968503935,7.0,pullback,bullish_candle,0.90125,32.23517060367454,swing_low,29.97751181102362,"形态止损: washout, 支撑 32.24 下方 0.75xATR=3.04 (被硬性止损 8% 截断)",47.16488188976378,"[42.8772, 47.1649]",8.0,31.965879265091857,dynamic_stop,D4,-0.0189776553412918,-0.0189776553412918,1.0,2025-05,-0.1457967377666249,0.06390243902439,,,1007,-0.142634931904542,0.0946047829891874,0.2767079319206826,-0.1457966820843621,-0.014275026321411134,0.04482557566096945,0.1757339997959093,0.024198264819598147,0.0349755996881583,0.11403508771929824,1.9734278673313908e-33,0.7779936959729663,0.46148812308245507,0.7716311355748722,0.0782608695652174,0.5217391304347826,0.05670105170615769,1.0893306720497176,0.001024258249296195,-0.016690957364506025,0.8569692570645318,-0.0027220034153180813,-0.0189776553412918
1009,1009,bj920706,2025-05-15,21.83364834067101,1.0875298769687598,0.2515629325089319,traded,completed,UP,0.6749999999999999,1.6655941593388186,2.0,0.0,3.0,ma60_washed,0.9,18.95577023318482,deep_pullback,20.12236238964545,6.0,pullback,bullish_candle,0.83125,19.61979507874081,ma_ma20,18.51257339847381,"形态止损: washout, 支撑 19.62 下方 0.75xATR=1.25 (被硬性止损 8% 截断)",24.146834867574533,"[22.1346, 24.1468]",8.0,20.260052063865896,dynamic_stop,D4,0.0068426197458457,0.0068426197458457,2.0,2025-05,-0.1583706653393066,0.0,,,1009,-0.1183672948713197,0.0567566791996079,0.1986359773771857,-0.166666695305534,0.06747500419616692,0.1235533617953335,0.19908990519537406,0.030641040495927405,0.03135282644810485,0.09649122807017543,2.135054580722817e-33,1.4630063351890958,0.28940778812299234,1.0,0.05217391304347826,0.5130434782608696,0.18361299463617042,1.2059509646114728,0.6785504717347639,-0.017927270616178596,0.4072768928307424,-0.004661202522211413,0.0068426197458457
1023,1023,bj920876,2025-05-16,40.892388451443566,1.1119333140705498,0.2669838101776057,traded,completed,UP,0.875,4.052103125403296,3.0,2.0,4.0,ma60_washed,0.9,30.590997375328083,deep_pullback,32.584251968503935,6.0,pullback,bullish_candle,0.90125,32.12271653543307,swing_low,29.97751181102362,"形态止损: washout, 支撑 32.12 下方 0.75xATR=3.04 (被硬性止损 8% 截断)",42.87716535433071,"[40.3937, 42.8772]",7.0,31.965879265091857,dynamic_stop,D4,-0.0189776553412918,-0.0189776553412918,1.0,2025-05,-0.1353658536585366,0.0249999999999999,,,1023,-0.1873141847379598,0.0,0.2304878234863281,-0.1353658350502572,-0.032549982070922925,0.010879592384275716,0.106541505461768,0.023545252528118503,0.03454427070686235,0.11403508771929824,1.9732906627544796e-33,0.7783755507248061,0.46148812308245507,0.7243498151089416,0.09565217391304348,0.5217391304347826,0.026694069300988055,0.998856002700192,0.6085109491004532,-0.017589000879141906,0.8569692570645318,-0.0027220034153180813,-0.0189776553412918
1025,1025,bj920247,2025-05-16,18.6570758033688,0.954394588717124,0.2545118522553845,traded,completed,UP,0.875,2.011086286279153,3.0,0.0,4.0,ma60_washed,0.9,15.890867743505158,deep_pullback,18.70782609457143,1.0,pullback,long_lower_shadow,0.8612500000000001,18.009058022575147,poc,17.21120000700572,"形态止损: washout, 支撑 18.01 下方 0.75xATR=1.51 (被硬性止损 8% 截断)",22.44939131348572,"[20.5786, 22.4494]",2.0,18.41601192015628,dynamic_stop,D4,-0.0155985079688029,-0.0155985079688029,1.0,2025-05,-0.0991774118920253,0.0,,,1025,-0.222103189859496,0.0489629561893496,0.3484602874253792,-0.3107786275780174,0.0592750072479248,0.0639176599441944,0.12922178918090665,0.053383246894993935,0.03710233559423974,0.11403508771929824,2.0918203462298004e-33,1.014448583889198,0.3786575023472534,0.700757535254881,0.10434782608695652,0.45217391304347826,0.13223445828712266,1.5177355291168637,0.5270975338606794,-0.022415254239251916,0.6094183220650651,-0.001004901634213609,-0.0155985079688029
1026,1026,bj920010,2025-05-16,15.51088520231129,0.8756838428113319,0.2515629325089319,traded,completed,UP,0.8166666666666667,0.9182170337647704,4.0,0.0,4.0,ma_ma20,0.4,13.628350939632057,deep_pullback,13.770882054616113,6.0,pullback,bullish_candle,0.8525,13.628350939632057,ma_ma20,12.669211490246823,"形态止损: pit_rebound, 支撑 13.63 下方 1.25xATR=1.15 (被硬性止损 8% 截断)",16.525058465539335,"[15.148, 16.5251]",7.0,13.701281928708308,dynamic_stop,D4,-0.0050541516245486,-0.0050541516245486,1.0,2025-05,-0.0346153846153846,0.076086956521739,,,1026,-0.0656316044061933,0.0788461225742898,0.1546260850236324,-0.0346153813236094,0.014900004863739014,0.0908837522359578,0.12559827566476267,0.01642801347205571,0.02304441503260684,0.08771929824561403,3.5324497124922434e-33,1.6400766104431812,0.21099179840083937,0.9431139006876734,0.0782608695652174,0.5826086956521739,0.09908649658781621,1.3885234797478616,0.7291781558588634,-0.013882408645484613,0.2674139482621365,-0.0027220034153180813,-0.0050541516245486
1043,1043,bj920371,2025-05-19,12.901038525963148,0.953467987065714,0.2075699760555509,traded,completed,UP,0.7,0.8304458460679711,2.0,1.0,2.0,ma_ma20,0.4,11.936683417085428,deep_pullback,11.721005025125628,6.0,pullback,bullish_candle,0.8350000000000001,11.936683417085428,ma_ma20,10.783324623115575,"无有效支撑, 使用最大止损 8%",15.675376616415411,"[14.2503, 15.6754]",7.0,11.67142378559464,dynamic_stop,D4,-0.0042301184433164,-0.0042301184433164,1.0,2025-05,-0.1768104576521179,0.0518796992481203,,,1043,-0.0975512793498446,0.0753266352802022,0.1915653606395494,-0.183704865586168,0.03000000238418581,0.07696669525565958,0.13350664681984825,0.013407541834393433,0.030790553547319452,0.13157894736842105,4.415548004709743e-33,1.7620760713911494,0.23330830266145963,0.9903537825456729,0.05217391304347826,0.5739130434782609,0.15251301860483069,1.350049554013875,0.8287968472400891,-0.01568522884427747,0.3043052422132073,-0.0027220034153180813,-0.0042301184433164
1056,1056,bj920271,2025-05-20,18.4508024691358,1.141740990748782,0.2769419411029528,traded,completed,UP,0.625,0.9212774462990464,2.0,1.0,3.0,ma60_washed,0.9,15.914372926798851,deep_pullback,17.19055555555556,7.0,pullback,bullish_candle,0.8237500000000001,16.294830939019825,ma_ma20,15.815311111111114,"形态止损: washout, 支撑 16.29 下方 0.75xATR=0.69 (被硬性止损 8% 截断)",21.397942386831275,"[19.4527, 21.3979]",16.0,18.04712962962963,initial_stop,,0.0498281786941579,0.0498281786941579,9.0,2025-05,-0.1152614727854854,0.0633315593400745,,,1056,-0.0673358137688689,0.0661686118603499,0.1431430815079395,-0.1152614660508732,0.0376250076293946,0.030775178169656803,0.0699643615544836,0.012567068011339052,0.021035472106703874,0.043859649122807015,9.158161953276492e-34,1.04058682581916,0.2701847299788289,0.9687500349245908,0.14782608695652175,0.3652173913043478,0.03355338834498789,1.2807538000791094,0.4908402906112844,-0.017252509904247988,0.3702097518060854,-0.0024556029395658673,0.0498281786941579
1057,1057,bj920873,2025-05-20,6.8,1.0565580298744632,0.2521136591771812,traded,completed,UP,0.7666666666666667,0.4592944967001756,3.0,1.0,4.0,ma60_washed,0.9,5.843666666666667,deep_pullback,6.08,4.0,pullback,bullish_candle,0.945,5.843666666666667,ma60_washed,5.5936,"形态止损: washout, 支撑 5.84 下方 0.75xATR=0.34 (被硬性止损 8% 截断)",8.030000000000001,"[7.3, 8.03]",20.0,6.43,dynamic_stop,D4,0.057565789473684,0.057565789473684,16.0,2025-05,-0.0617647058823529,0.1158357771260996,,,1057,-0.0300130808015982,0.1191176353028904,0.1537450796014142,-0.0617647153695971,0.02702499866485595,0.06255359171268382,0.14856713003325783,0.018853172275462043,0.027250579959745475,0.10526315789473684,5.121991728943053e-33,1.9890403367014184,0.29172508980655926,0.8509615605046771,0.05217391304347826,0.3652173913043478,0.0929487855476765,1.1398343156079704,0.7191144780110715,-0.014965576805452957,0.41188115745464526,-0.0027220034153180813,0.057565789473684
1060,1060,bj920427,2025-05-20,16.212385315588854,0.9609094761305882,0.252567060383088,traded,completed,RANGE,0.475,1.4256803874416797,2.0,0.0,3.0,ma60_washed,0.9,14.117708181509212,deep_pullback,14.321930129216772,4.0,pullback,bullish_candle,0.7512500000000001,14.117708181509212,ma60_washed,13.176175718879431,"形态止损: washout, 支撑 14.12 下方 0.75xATR=1.07 (被硬性止损 8% 截断)",17.186316155060126,"[15.7541, 17.1863]",5.0,14.16,dynamic_stop,D4,-0.0113064459717223,-0.0113064459717223,1.0,2025-05,-0.1512661627423072,0.0,,,1060,-0.1227804630912192,0.0305250320889882,0.1747629740674019,-0.1599511029377944,0.06692499876022336,0.09876659135107713,0.1881325676465342,0.03236889584053286,0.02967914825366261,0.13157894736842105,1.6712285856527577e-33,2.2381582541657816,0.3270405479438708,0.838709557289512,0.034782608695652174,0.41739130434782606,0.18307901357008438,1.1350382286013403,0.5250157314613247,-0.015766629128756586,0.4859736302754143,-0.004661202522211413,-0.0113064459717223
1061,1061,bj920857,2025-05-20,20.76887706226716,0.8540297908441947,0.2419470201856432,traded,completed,RANGE,0.425,1.3449566377072064,2.0,0.0,3.0,ma60_washed,0.9,18.10728445981905,deep_pullback,18.859095263438,4.0,pullback,bullish_candle,0.74375,18.10728445981905,ma60_washed,17.350367642362958,"形态止损: washout, 支撑 18.11 下方 0.75xATR=1.01 (被硬性止损 8% 截断)",22.630914316125597,"[20.745, 22.6309]",5.0,18.699946780202232,dynamic_stop,D4,-0.0084388185654008,-0.0084388185654008,1.0,2025-05,-0.1198368623785126,0.0,,,1061,-0.1009884537524455,0.0110153955378089,0.124585551495701,-0.1245210047233371,0.041874985694885326,0.08426696126238054,0.13327787568030502,0.02246839866736199,0.02139088246875536,0.10526315789473684,4.702235128202643e-34,1.698562551215515,0.2802547759646299,0.8961039926133587,0.05217391304347826,0.41739130434782606,0.11727747258535914,2.1058746670686967,0.6243165085679212,-0.010475080757737856,0.389380528839546,-0.0024556029395658673,-0.0084388185654008
1062,1062,bj920199,2025-05-20,31.5,0.841838393364144,0.2798085490893736,traded,completed,UP,0.775,2.3454052544025634,2.0,3.0,3.0,ma60_washed,0.9,27.686666666666667,deep_pullback,27.48,8.0,pullback,bullish_candle,0.94625,27.686666666666667,ma60_washed,25.2816,"无有效支撑, 使用最大止损 8%",34.2208,"[31.88, 34.2208]",16.0,34.2208,initial_tp,,0.2452983988355166,0.2452983988355166,8.0,2025-05,0.0685714285714285,0.5572123176661263,,,1062,0.2743923004329671,0.5250793941437253,0.1967110862374078,0.0685714237273684,0.02439998626708988,0.04512502706541177,0.023273825683305605,0.020324023251917886,0.029981264543115105,0.09649122807017543,1.6178627724477434e-33,1.1630796263974716,0.4200528058758011,0.5571607873131619,0.06086956521739131,0.6086956521739131,0.056145201930829725,1.4147397451951593,0.20625832353843043,-0.022695487479826946,0.724294918798839,0.002543008580141291,0.2452983988355166
1063,1063,bj920284,2025-05-20,26.66,0.8381853492885525,0.2798085490893736,traded,completed,UP,0.7749999999999999,2.025433747177896,3.0,2.0,4.0,ma60_washed,0.9,23.592666666666663,deep_pullback,27.25,4.0,pullback,bullish_candle,0.8462500000000001,26.0196,poc,25.07,"形态止损: washout, 支撑 26.02 下方 0.75xATR=1.52 (被硬性止损 8% 截断)",30.08,"[28.0, 30.08]",9.0,30.08,initial_tp,,0.1038532110091743,0.1038532110091743,5.0,2025-05,0.0746436609152287,0.2659340659340659,,,1063,0.0707686866926926,0.296324139951027,0.2106481596459572,0.0746436527572349,-0.059025001525878903,0.034619948107597276,0.06510950558973949,0.02021040909033225,0.03004102935205621,0.09649122807017543,3.2881633324024694e-33,0.6242946255388495,0.3303212586713989,0.738601803150005,0.034782608695652174,0.5217391304347826,0.024005978743865786,1.2249906612714538,0.21077101701663503,-0.014493974735353878,0.49325331429225594,-5.510903728996931e-06,0.1038532110091743
1065,1065,bj920436,2025-05-20,23.5,0.8121587999491376,0.252567060383088,traded,completed,RANGE,0.6083333333333333,2.0954115143692293,4.0,0.0,5.0,ma60_washed,0.9,20.907833333333333,deep_pullback,25.6,1.0,pullback,bullish_candle,0.67125,23.32,swing_low,23.552000000000003,"形态止损: washout, 支撑 23.32 下方 0.75xATR=1.57 (被硬性止损 8% 截断)",30.72,"[28.16, 30.72]",2.0,23.552000000000003,dynamic_stop,D4,-0.0799999999999999,-0.0799999999999999,1.0,2025-05,-0.1102127659574467,0.2119341563786008,,,1065,-0.0218264019089617,0.2531915218272107,0.2811545151830776,-0.1102127724505485,0.14212500572204584,0.03795140677889619,0.15704181567082176,0.049552198719364324,0.025712853717568904,0.07894736842105263,1.6598437505783145e-33,3.0308533256615187,0.38727679212900773,0.7521613869814384,0.0782608695652174,0.40869565217391307,0.18768330031364044,1.1184064305823085,0.6361408070645931,-0.01563278579393713,0.6320583048823378,-0.001004901634213609,-0.0799999999999999
1074,1074,bj920284,2025-05-21,29.79,1.1751218029776689,0.2317181732389834,traded,completed,UP,0.7999999999999999,2.8420425808875103,3.0,0.0,4.0,ma60_washed,0.9,23.85533333333333,deep_pullback,27.25,3.0,pullback,bullish_candle,0.8500000000000001,26.0196,poc,25.07,"形态止损: washout, 支撑 26.02 下方 0.75xATR=2.13 (被硬性止损 8% 截断)",32.7,"[29.975, 32.7]",12.0,32.7,initial_tp,,0.1999999999999997,0.1999999999999997,9.0,2025-05,-0.0271903323262839,0.0408805031446541,,,1074,-0.0025013229000112,0.111111025742483,0.1138972424232156,-0.0271903775897106,0.015450000762939453,0.1368917572180508,0.19918543453309545,0.039244895822001954,0.0310841340142505,0.09649122807017543,3.455703675854764e-33,1.0442592487315416,0.42100696082882244,0.8103091464504114,0.09565217391304348,0.45217391304347826,0.23928290826812604,1.8224058822628746,0.657148173642123,-0.013758985959016456,0.7271364806587131,-0.001889435331257521,0.1999999999999997
1078,1078,bj920175,2025-05-21,13.59,1.0690770470163826,0.2521136591771812,traded,completed,RANGE,0.6166666666666666,0.7677588964075502,3.0,1.0,4.0,ma60_washed,0.9,12.23,deep_pullback,12.52,3.0,pullback,bullish_candle,0.7725000000000001,12.23,ma60_washed,11.654180827694338,"形态止损: washout, 支撑 12.23 下方 0.75xATR=0.58",16.368000000000002,"[14.88, 16.368]",4.0,12.55,dynamic_stop,D4,0.0023961661341853,0.0023961661341853,1.0,2025-05,0.1265636497424578,0.1104895104895105,,,1078,0.0476262805132396,0.1685062499000009,0.11538462869368,0.1265636679703257,0.044349997043609604,0.10599792993038082,0.17205110015337155,0.024725036816484497,0.019680198455753806,0.08771929824561403,1.736699251760962e-33,1.9000558071541809,0.29375847971112856,0.8983834669431808,0.034782608695652174,0.4608695652173913,0.16925598740619607,2.286461379308552,0.7895474657706087,-0.007844853677887158,0.41594620433952056,-0.0008611698725982683,0.0023961661341853
1094,1094,bj920436,2025-05-22,22.8,0.8649602467883957,0.2798085490893736,traded,completed,RANGE,0.6083333333333333,2.766509093015109,3.0,1.0,4.0,ma60_washed,0.9,21.112,deep_pullback,24.06,2.0,pullback,bullish_candle,0.67125,23.32,swing_low,22.1352,"形态止损: washout, 支撑 23.32 下方 0.75xATR=2.07 (被硬性止损 8% 截断)",28.872,"[24.5546, 28.872]",3.0,28.872,initial_tp,,0.1999999999999999,0.1999999999999999,1.0,2025-05,-0.0486842105263157,0.2309633992427431,,,1094,8.895682990894827e-06,0.2833333863152416,0.2833219702898185,-0.048684155269561,0.18479999065399166,-0.05032059643000608,0.07579280267344868,0.041361910750873795,0.029054920976772376,0.09649122807017543,1.9236240591111067e-33,1.5720778423701447,0.44074706666626945,0.5624037233557165,0.09565217391304348,0.3826086956521739,-0.05786758267785708,0.7423655448977835,0.005138434817130277,-0.01880988901410919,0.7880996958548923,-0.004661202522211413,0.1999999999999999
1096,1096,bj920284,2025-05-22,27.2,0.8334340232567674,0.2798085490893736,traded,completed,UP,0.7999999999999999,3.0897702367691755,3.0,2.0,4.0,ma60_washed,0.9,24.034666666666663,deep_pullback,27.25,2.0,pullback,bullish_candle,0.8500000000000001,26.0196,poc,25.07,"形态止损: washout, 支撑 26.02 下方 0.75xATR=2.32 (被硬性止损 8% 截断)",29.98,"[28.0, 29.98]",7.0,29.98,initial_tp,,0.100183486238532,0.100183486238532,5.0,2025-05,0.2198529411764707,0.3051470588235294,,,1096,0.1716942752958732,0.3051470222151413,0.1138972424232156,0.2198529181802155,0.07049999713897712,-0.042337794226868564,0.00984477935915029,0.04662632109364343,0.031496811059436684,0.10526315789473684,3.594645138199433e-33,1.4106864191651394,0.42100696082882244,0.4941580734390778,0.08695652173913043,0.46956521739130436,0.06208512747731887,1.104614466438189,0.2754196740103142,-0.018854144468532334,0.7271364806587131,0.0017668655567402826,0.100183486238532
1105,1105,bj920931,2025-05-23,18.59314285714285,1.1773686325494146,0.2669838101776057,traded,completed,UP,0.75,1.595345308950603,3.0,0.0,4.0,ma60_washed,0.9,15.404965714285712,shallow_pullback,17.280685714285713,6.0,pullback,bullish_candle,0.8425,16.169571428571423,ma_ma20,15.898230857142856,"形态止损: washout, 支撑 16.17 下方 0.75xATR=1.20 (被硬性止损 8% 截断)",20.73682285714285,"[19.0088, 20.7368]",16.0,20.73682285714285,initial_tp,,0.1999999999999999,0.1999999999999999,10.0,2025-05,-0.0545454545454544,0.1562178828365876,,"{'structure_strength': np.float64(0.75), 'trend': 'UP', 'atr_ratio': 0.09231956042298438, 'n_supports': 3, 'n_resistances': 0, 'top_support_source': 'ma60_washed', 'top_support_dist': -0.10854430379746843, 'v2_pattern': '', 'fine_score': 1.1773686325494146, 'operable_score': 0.26698381017760575, 'entry_day': 6}",1105,-0.0013946588213579,0.2032085070601474,0.204888916015625,-0.0545454767993998,0.12284999370574959,0.030556542425287825,0.13667112269252124,0.045819801739822495,0.022547744216989615,0.07894736842105263,7.619382268605473e-34,5.5957129583612435,0.39739131927490234,0.6126913804643893,0.14782608695652175,0.41739130434782606,0.1487602403169126,1.1597133192258384,0.4014804288594982,-0.010449361655902762,0.6594517005575418,-0.001004901634213609,0.1999999999999999
1127,1127,bj920436,2025-05-26,24.06,0.8262800038769842,0.2798085490893736,traded,completed,RANGE,0.6083333333333333,2.7743112743091265,3.0,0.0,4.0,ma60_washed,0.9,21.28033333333333,shallow_pullback,22.29,8.0,pullback,long_lower_shadow,0.77125,21.28033333333333,ma60_washed,20.5068,"形态止损: washout, 支撑 21.28 下方 0.75xATR=2.08 (被硬性止损 8% 截断)",26.748,"[24.519, 26.748]",15.0,21.38,dynamic_stop,D4,-0.0408254822790489,-0.0408254822790489,7.0,2025-05,-0.1001662510390689,0.1827000808407439,,"{'structure_strength': np.float64(0.6083333333333333), 'trend': 'RANGE', 'atr_ratio': 0.1244643909515086, 'n_supports': 3, 'n_resistances': 0, 'top_support_source': 'ma60_washed', 'top_support_dist': -0.045296844623897006, 'v2_pattern': '', 'fine_score': 0.8262800038769842, 'operable_score': 0.2798085490893736, 'entry_day': 8}",1127,-0.0523606581579401,0.2161263872968992,0.2833219702898185,-0.1001662469204761,0.04730000019073479,0.007739302127237169,0.0824527973632414,0.04630530271695604,0.03151828663878518,0.09649122807017543,2.1441492010388318e-33,0.8240653023086806,0.4159592421951879,0.6155101231166294,0.08695652173913043,0.48695652173913045,0.017688207100876374,0.9781627296587927,0.1750934450700301,-0.019236379700682142,0.7122092707341541,-0.001004901634213609,-0.0408254822790489
1138,1138,bj920946,2025-05-27,13.447396383356466,1.2883382866723698,0.2092597375777474,traded,completed,UP,0.85,1.2505310988096192,5.0,0.0,6.0,swing_low,1.0,9.76151105487321,shallow_pullback,12.022051006465611,7.0,pullback,bullish_candle,0.8575000000000002,11.775811072635577,poc,11.060286925948365,"形态止损: washout, 支撑 11.78 下方 0.75xATR=0.94 (被硬性止损 8% 截断)",14.426461207758734,"[13.2243, 14.4265]",11.0,12.198990432562407,dynamic_stop,D4,0.0147179067865901,0.0147179067865901,4.0,2025-05,-0.1454678362573099,0.0313390313390313,,"{'structure_strength': np.float64(0.85), 'trend': 'UP', 'atr_ratio': 0.10401977983100118, 'n_supports': 5, 'n_resistances': 0, 'top_support_source': 'swing_low', 'top_support_dist': -0.18803280325267754, 'v2_pattern': '', 'fine_score': 1.2883382866723698, 'operable_score': 0.2092597375777474, 'entry_day': 7}",1138,-0.130641914671247,0.0584794750887447,0.2175414169967424,-0.1454678859940938,0.03092499732971188,0.07946027041471448,0.18427711588679396,0.038264394200612874,0.02795504423759734,0.07894736842105263,5.100956434607233e-33,0.8764466477053676,0.3217686805176077,0.8604651350346508,0.06956521739130435,0.4782608695652174,0.15746082682540385,1.0989125450512605,0.788474450149832,-0.01743425511980894,0.47442321118873254,0.005862666997439373,0.0147179067865901
1171,1171,bj920571,2025-05-29,10.137804391217566,0.8745659539813591,0.2717630626246351,traded,completed,UP,0.8416666666666667,1.130002834206839,4.0,0.0,5.0,ma60_washed,0.9,8.058432468396541,deep_pullback,9.949700598802396,2.0,pullback,long_lower_shadow,0.8562500000000001,9.695760479041915,swing_low,9.153724550898206,"形态止损: washout, 支撑 9.70 下方 0.75xATR=0.85 (被硬性止损 8% 截断)",11.939640718562876,"[10.9447, 11.9396]",3.0,9.97940119760479,dynamic_stop,D4,0.0029850746268655,0.0029850746268655,1.0,2025-05,0.2783203124999998,0.6060894386298763,,,1171,0.30514186201133,0.6484374548890617,0.2630331635740235,0.2783203559738476,-0.02064999818801878,0.0193492291292936,-0.07846086634604621,0.017823684441753047,0.04002428541282413,0.12280701754385964,2.3213105454167011e-32,0.6604304039404459,0.5608808034928693,0.43071596884259883,0.0782608695652174,0.5043478260869565,0.025365875988471842,1.2492636496350364,0.11682058045943244,-0.02863139699991134,1.2772860033318114,-0.00391538965102975,0.0029850746268655
1172,1172,bj920436,2025-05-29,25.55,0.862248132218008,0.2717630626246351,traded,completed,UP,0.8333333333333334,3.0305012947132304,4.0,1.0,5.0,ma60_washed,0.9,21.514833333333332,deep_pullback,22.6,3.0,pullback,long_lower_shadow,0.8550000000000001,22.1655,ma_ma20,20.792,"形态止损: washout, 支撑 22.17 下方 0.75xATR=2.27 (被硬性止损 8% 截断)",32.395,"[29.45, 32.395]",4.0,21.83,dynamic_stop,D4,-0.034070796460177,-0.034070796460177,1.0,2025-05,-0.1295499021526419,0.0,,,1172,-0.1477680401018986,0.016046961238942,0.1922187961132406,-0.129549885118634,0.05697500705718994,0.03976718669488055,0.1068891177970428,0.04235485751417105,0.03594036413684701,0.11403508771929824,2.6000645782632836e-33,1.0809515805805159,0.3582343249948414,0.7488150484909439,0.09565217391304348,0.4,0.0613861083984375,1.1493118931371118,0.7035576409249295,-0.021902470199136336,0.5582011300183076,-0.004661202522211413,-0.034070796460177
1306,1306,bj920719,2025-06-11,16.25,0.9683727978981304,0.2672924351486956,traded,completed,UP,0.8416666666666667,1.5657602159853532,5.0,1.0,6.0,ma60_washed,0.9,12.56,deep_pullback,16.98,1.0,pullback,bullish_candle,0.8562500000000001,16.2391,poc,15.6216,"形态止损: washout, 支撑 16.24 下方 0.75xATR=1.17 (被硬性止损 8% 截断)",20.376,"[17.29, 20.376]",2.0,15.6216,initial_stop,,-0.0799999999999999,-0.0799999999999999,1.0,2025-06,0.1126153846153845,0.455621301775148,,,1306,0.1799941355865972,0.513846177321214,0.2829268651989128,0.1126153799203726,0.06304998397827148,0.08215405114161478,0.1167400640713907,0.037995692133808025,0.03273353852807946,0.11290322580645161,4.724173352459906e-33,1.635676207327491,0.31830680294300007,0.7772019496460041,0.136,0.448,0.16151198604738437,1.2764357546574754,0.80756849407263,-0.022594212140593845,0.466935572068478,-0.001889435331257521,-0.0799999999999999
1323,1323,bj920075,2025-06-12,43.87862246234154,1.1724188874384014,0.238599210391315,traded,completed,UP,0.8833333333333334,3.7344899212204448,4.0,0.0,5.0,ma60_washed,0.9,30.354199509900784,deep_pullback,33.87225201730039,7.0,pullback,bullish_candle,0.8625,33.34399704255921,ma_ma20,31.16247185591636,"形态止损: washout, 支撑 33.34 下方 0.75xATR=2.80 (被硬性止损 8% 截断)",40.64670242076047,"[37.2595, 40.6467]",15.0,34.412871245667056,dynamic_stop,D4,0.0159605339524087,0.0159605339524087,8.0,2025-06,-0.2623207885304659,0.0214939348797615,,,1323,-0.1812673987638846,0.0752688319061831,0.3133333524068196,-0.2623207716079871,0.20525000572204596,0.26767026540389716,0.3524767569117244,0.04657478767483586,0.03263066063042953,0.14516129032258066,2.178394465421502e-33,1.923723730718391,0.32964462918002196,1.0,0.072,0.544,0.461586296991076,1.8808522746191312,0.7918039693636365,-0.022358949310871682,0.49174608503069206,-0.005252491865937717,0.0159605339524087
1324,1324,bj920527,2025-06-12,25.66615691489362,1.1418252419807975,0.2317181732389834,traded,completed,UP,0.9666666666666668,2.675825267811191,5.0,0.0,5.0,swing_low,1.0,18.08865641216918,deep_pullback,20.1592420212766,6.0,pullback,long_lower_shadow,0.8750000000000001,20.05990768600805,ma_ma20,18.54650265957447,"形态止损: pit_rebound, 支撑 20.06 下方 1.25xATR=3.34 (被硬性止损 8% 截断)",24.191090425531915,"[22.1752, 24.1911]",9.0,20.86727393617021,initial_stop,,0.035121951219512,0.035121951219512,3.0,2025-06,-0.1804597701149426,0.035035408125233,,,1324,-0.1470307782306339,0.0639846763174609,0.247389295138191,-0.1804598054782121,0.16862499237060558,0.10812819826480968,0.26021605690915517,0.03748325701224887,0.033108770276303455,0.08870967741935484,2.1001214140624087e-33,1.706823897688356,0.3539285659790039,0.8819374274158562,0.04,0.52,0.25081580276966564,0.979022404056792,0.747656419814446,-0.02048876462101794,0.5478164601338835,-0.004661202522211413,0.035121951219512
1342,1342,bj920527,2025-06-13,22.81436170212766,0.9556816280809955,0.2545118522553845,traded,completed,UP,0.85,2.839583139904451,6.0,0.0,6.0,swing_low,1.0,18.08865641216918,deep_pullback,20.1592420212766,5.0,pullback,long_lower_shadow,0.8575000000000002,19.864458977685523,poc,18.54650265957447,"形态止损: pit_rebound, 支撑 19.86 下方 1.25xATR=3.55 (被硬性止损 8% 截断)",24.191090425531915,"[22.1752, 24.1911]",8.0,20.86727393617021,initial_stop,,0.035121951219512,0.035121951219512,3.0,2025-06,-0.0655172413793102,0.0,,,1342,-0.0857277193649315,0.0249999958893349,0.1211102180384965,-0.0655172589559469,0.1733749961853027,-0.021503047665945796,0.12412710470539179,0.038452726103261003,0.034321897745043024,0.0967741935483871,2.18099280528586e-33,1.2110314119600127,0.3539285659790039,0.651866718863736,0.032,0.496,-0.04586087548267481,0.7598693242183925,0.33296405577757604,-0.021349118071547213,0.5478164601338835,-0.004661202522211413,0.035121951219512
1362,1362,bj920061,2025-06-16,44.57475533133054,1.0891244319684752,0.2669838101776057,traded,completed,UP,0.8416666666666667,4.314435288362625,4.0,1.0,5.0,ma60_washed,0.9,37.53146398825636,deep_pullback,40.52613102159447,5.0,pullback,bullish_candle,0.8562500000000001,38.33563581330374,ma_ma20,37.28404053986692,"形态止损: washout, 支撑 38.34 下方 0.75xATR=3.24 (被硬性止损 8% 截断)",52.44833812785644,"[47.6803, 52.4483]",10.0,42.10170402883166,initial_stop,,0.0388779527559055,0.0388779527559055,5.0,2025-06,-0.0127516778523489,0.0593406593406593,,,1362,-0.0487027161644311,0.0782997749499332,0.1335045240561379,-0.0127516708075048,0.3727250003814696,-0.0171618692818295,0.1275726600778455,0.05888291224146825,0.028103901445097276,0.08064516129032258,1.8522204463883436e-33,1.4836623902563186,0.35283020307432933,0.5989304976466174,0.048,0.536,0.0680751556280128,0.6781584472781277,0.049269547807156644,-0.01811278832112528,0.5451895387430339,-0.0025481152810755106,0.0388779527559055
1364,1364,bj920075,2025-06-16,41.18535576102399,0.990605386144826,0.23116407774106,traded,completed,UP,0.8583333333333334,4.222728001349414,4.0,0.0,5.0,ma60_washed,0.9,30.578375572614604,deep_pullback,33.87225201730039,5.0,pullback,bullish_candle,0.8587500000000001,33.138334314372,poc,31.16247185591636,"形态止损: washout, 支撑 33.14 下方 0.75xATR=3.17 (被硬性止损 8% 截断)",40.64670242076047,"[37.2595, 40.6467]",13.0,34.412871245667056,dynamic_stop,D4,0.0159605339524087,0.0159605339524087,8.0,2025-06,-0.1873508353221957,0.0,,,1364,-0.1751521086374858,0.002386598340798,0.2152381170363653,-0.1873508831251455,0.4496750354766846,0.03305831605015541,0.20216659387218572,0.05177290402869408,0.03469575836107021,0.1532258064516129,2.2705905208528216e-33,2.4854662039908355,0.34375,0.7206060236150568,0.096,0.488,0.2069540603286666,0.874311981472736,0.3583845731851443,-0.023944603464803642,0.5238095238095237,-0.005252491865937717,0.0159605339524087
1365,1365,bj920781,2025-06-16,13.73,0.9463486575951056,0.2545118522553845,traded,completed,UP,0.7749999999999999,1.1820024778441482,4.0,0.0,4.0,ma_ma20,0.4,12.6235,deep_pullback,13.3,6.0,pullback,bullish_candle,0.8462500000000001,12.6235,ma_ma20,12.236,"形态止损: pit_rebound, 支撑 12.62 下方 1.25xATR=1.48 (被硬性止损 8% 截断)",15.96,"[14.63, 15.96]",13.0,13.65,dynamic_stop,D4,0.0263157894736842,0.0263157894736842,7.0,2025-06,-0.0961398397669337,0.1079545454545454,,,1365,-0.0403524231075742,0.1361981720014546,0.1839744082726109,-0.0961398207453413,0.049825000762939456,0.03785057886533516,0.08604264788579075,0.03181313056898034,0.033791085338638935,0.10483870967741936,6.809004882335184e-33,1.4748778328555312,0.3639639402272437,0.5759076037435654,0.064,0.584,0.12460059176555571,1.4107559223014847,0.7798574485786339,-0.021714219109070815,0.5722379016643824,-0.004209719204707337,0.0263157894736842
1380,1380,bj920199,2025-06-17,41.99,1.4014385577067947,0.2680795446295174,traded,completed,UP,0.8416666666666667,3.5483290494063056,3.0,0.0,4.0,ma60_washed,0.9,27.84083333333333,deep_pullback,33.92,4.0,pullback,bullish_candle,0.8562500000000001,33.9124,poc,31.25115321294527,"形态止损: washout, 支撑 33.91 下方 0.75xATR=2.66",40.704,"[37.312, 40.704]",9.0,40.704,initial_tp,,0.1999999999999999,0.1999999999999999,5.0,2025-06,-0.1390807335079781,0.1476349737219302,,,1380,-0.0960247897862152,0.1440819003387439,0.2656120294141422,-0.1390807315824125,0.2105499982833864,0.20576672806737983,0.3438490044132756,0.06884729874885459,0.026482748728529217,0.13709677419354838,1.7084215677503184e-33,1.1802541015052017,0.3788819966340264,1.0,0.12,0.4,0.30894312725260087,1.4007487485803223,0.519200335091826,-0.01031572007510147,0.61000002347506,-0.008382285235162379,0.1999999999999999
1381,1381,bj920781,2025-06-17,14.65,1.3312315299765975,0.2598663287023454,traded,completed,UP,0.7749999999999999,1.2484021474649285,4.0,0.0,4.0,ma_ma20,0.4,12.8085,deep_pullback,13.3,5.0,pullback,bullish_candle,0.8462500000000001,12.8085,ma_ma20,12.236,"形态止损: pit_rebound, 支撑 12.81 下方 1.25xATR=1.56 (被硬性止损 8% 截断)",15.96,"[14.63, 15.96]",12.0,13.65,dynamic_stop,D4,0.0263157894736842,0.0263157894736842,7.0,2025-06,-0.146075085324232,0.0469798657718121,,,1381,-0.1092973281040169,0.0648464701485609,0.1955128279585024,-0.1460750474656413,0.07077499628067016,0.05699993990021768,0.14122314773659816,0.03271842894224661,0.03471505844546738,0.11290322580645161,7.168113193076102e-33,1.711206482107509,0.32552553756589087,0.6771217757626667,0.056,0.544,0.11694148786345782,1.0542349148022458,0.6398063765428045,-0.022529930140263735,0.4826358234396342,-0.004209719204707337,0.0263157894736842
1399,1399,bj920204,2025-06-18,26.263733218843303,0.9828207705472548,0.2317181732389834,traded,completed,UP,0.7916666666666666,2.105628328955104,3.0,0.0,4.0,ma60_washed,0.9,20.682980842445332,shallow_pullback,26.173959728919417,1.0,pullback,bullish_candle,0.8487500000000001,25.32310654108526,poc,24.080042950605865,"形态止损: washout, 支撑 25.32 下方 0.75xATR=1.58 (被硬性止损 8% 截断)",31.4087516747033,"[28.7914, 31.4088]",2.0,24.85728187670244,dynamic_stop,D4,-0.0503048780487803,-0.0503048780487803,1.0,2025-06,-0.14330534000943,0.0469653179190749,,"{'structure_strength': np.float64(0.7916666666666666), 'trend': 'UP', 'atr_ratio': 0.08044745047225738, 'n_supports': 3, 'n_resistances': 0, 'top_support_source': 'ma60_washed', 'top_support_dist': -0.2097878556910569, 'v2_pattern': '', 'fine_score': 0.9828207705472548, 'operable_score': 0.2317181732389834, 'entry_day': 1}",1399,-0.1045280455560626,0.1006456371518771,0.2291235160294292,-0.1454614483404437,0.2349250221252442,0.05578335016596814,0.20863687759942473,0.046377815304768366,0.02541543929561957,0.0967741935483871,1.5632472170100155e-33,3.530516076531481,0.2884818176394615,0.9133090105586553,0.104,0.432,0.08124999580904846,0.9692674943001922,0.0408670652712414,-0.012754735448841998,0.4054454612563687,-0.005252491865937717,-0.0503048780487803
1414,1414,sh603398,2025-06-19,5.0,1.407458431006405,0.2769419411029528,traded,completed,RANGE,0.5,0.2536332718936375,1.0,2.0,1.0,swing_low,0.8,4.993,deep_pullback,5.34,4.0,pullback,bullish_candle,0.735,4.993,swing_low,4.9128,"形态止损: pit_rebound, 支撑 4.99 下方 1.25xATR=0.32 (被硬性止损 8% 截断)",9.259433333333336,"[8.4177, 9.2594]",9.0,6.0,dynamic_stop,D1,0.1235955056179776,0.1235955056179776,5.0,2025-06,-0.0119999999999999,0.2125984251968504,,,1414,0.0311304317980953,0.2319999694824219,0.1948051686672153,-0.0119999885559082,-0.0025500011444091974,0.08942739935374111,0.0675632962249273,0.016859399289176614,0.01715171456837695,0.11290322580645161,1.5130571369837256e-32,1.42228030874929,0.23146476695209925,0.6484373341081936,0.096,0.6,0.1598173038756845,1.6933775700794544,0.9116220418045443,-0.01699433662691612,0.3011765199549057,-5.510903728996931e-06,0.1235955056179776
1418,1418,bj920204,2025-06-19,26.173959728919417,0.842194753855517,0.2717630626246351,traded,completed,UP,0.7916666666666666,2.28771009981312,3.0,0.0,4.0,ma60_washed,0.9,20.7541346455702,deep_pullback,22.94211409165955,2.0,pullback,long_lower_shadow,0.8487500000000001,25.193932463917005,poc,21.106744964326783,"无有效支撑, 使用最大止损 8%",27.53053690999146,"[25.2363, 27.5305]",3.0,23.46080536677533,dynamic_stop,D4,0.0226086956521738,0.0226086956521738,1.0,2025-06,-0.129287267343829,0.0,,,1418,-0.1275627875397793,0.0080030866483631,0.1553875422230728,-0.1314786160702701,0.1803000116348267,0.023134191933051884,0.15435591284525496,0.03310920032210776,0.026708253040300764,0.10483870967741936,1.637471882452836e-33,1.5261324453959937,0.30296752650049696,0.7744874923097778,0.112,0.44,0.02079392140627756,0.9741512943729654,0.2880049787864043,-0.015387653710934748,0.4346533884991415,-0.004661202522211413,0.0226086956521738
1432,1432,bj920895,2025-06-20,49.9,1.0120874289145214,0.2150847765199191,traded,completed,UP,0.825,4.597207743820992,5.0,0.0,5.0,ma_ma20,0.4,35.8545,deep_pullback,37.0,3.0,pullback,bullish_candle,0.8537500000000001,35.8545,ma_ma20,34.04,"形态止损: pit_rebound, 支撑 35.85 下方 1.25xATR=5.75 (被硬性止损 8% 截断)",44.4,"[40.7, 44.4]",4.0,36.08,dynamic_stop,D4,-0.0248648648648649,-0.0248648648648649,1.0,2025-06,-0.3486973947895792,0.0,,,1432,-0.2554461601790254,0.0,0.3430862168952707,-0.3486974147055887,0.09107500076293959,0.24431387397149718,0.34106742851625027,0.04073578667126084,0.0383908456359209,0.14516129032258066,7.503681382727511e-34,0.942871891938398,0.44954303892930486,1.0,0.168,0.464,0.34666667840419674,2.009626790765581,0.5766132127678791,-0.01874605011674555,0.8166724571070871,-0.004661202522211413,-0.0248648648648649
1451,1451,bj920895,2025-06-23,43.4,1.2344544418567696,0.2135552021861164,traded,completed,UP,0.825,5.261580044644861,5.0,1.0,5.0,ma_ma20,0.4,36.6815,deep_pullback,37.0,2.0,pullback,bullish_candle,0.8537500000000001,36.6815,ma_ma20,34.04,"形态止损: pit_rebound, 支撑 36.68 下方 1.25xATR=6.58 (被硬性止损 8% 截断)",51.59,"[46.9, 51.59]",3.0,36.08,dynamic_stop,D4,-0.0248648648648649,-0.0248648648648649,1.0,2025-06,-0.2576036866359447,0.0,,,1451,-0.1965938894232195,0.0,0.2447005155114902,-0.2576036846106855,0.1720500087738035,0.013487001679724386,0.09533061217925587,0.05701834738149057,0.03829375410750901,0.14516129032258066,6.925691296327325e-34,1.4605344333288979,0.44954303892930486,0.6374417131722576,0.192,0.432,0.121714739089396,1.6253043780748397,0.4107613795495977,-0.025278865806045547,0.8166724571070871,-0.00863370700780951,-0.0248648648648649
1469,1469,bj920895,2025-06-24,36.89,1.291928824889526,0.236633622471284,traded,completed,UP,0.825,5.45870270535888,5.0,1.0,5.0,ma_ma20,0.4,37.19,deep_pullback,37.0,1.0,pullback,bullish_candle,0.8537500000000001,37.19,ma_ma20,34.04,"无有效支撑, 使用最大止损 8%",51.59,"[46.9, 51.59]",2.0,36.08,dynamic_stop,D4,-0.0248648648648649,-0.0248648648648649,1.0,2025-06,-0.1222553537544048,0.0099894847528918,,,1469,-0.0992018298369088,0.041474621973732,0.1561686695979535,-0.1222553102779051,0.20055000305175774,-0.1200962109843815,-0.06522609994398965,0.06560387157513123,0.03889214114324381,0.14516129032258066,6.928129084064421e-34,2.8399373218423376,0.44954303892930486,0.3867005858573455,0.176,0.464,-0.030581057890167296,1.509371056261556,0.04051638439415506,-0.031109299402807537,0.8166724571070871,-0.0025481152810755106,-0.0248648648648649
1471,1471,sh603398,2025-06-24,4.8,0.8960169149202468,0.2769419411029528,traded,completed,RANGE,0.35,0.2498762365482435,1.0,1.0,1.0,ma_ma20,0.4,4.87475,deep_pullback,5.34,1.0,pullback,bullish_candle,0.6325000000000001,4.87475,ma_ma20,4.9128,"形态止损: pit_rebound, 支撑 4.87 下方 1.25xATR=0.31 (被硬性止损 8% 截断)",8.622900000000001,"[7.839, 8.6229]",6.0,6.0,dynamic_stop,D1,0.1235955056179776,0.1235955056179776,5.0,2025-06,0.05,0.2469635627530364,,,1471,0.0625447679331878,0.2833332505491077,0.2077921695905455,0.0499999503294645,0.017325000762939434,0.010948548114035672,0.0427807668294784,0.020801197102881634,0.015963197168053025,0.12096774193548387,1.458803441613125e-32,1.3810127859541896,0.17794972199564002,0.75,0.08,0.632,-0.0294695659863915,0.9041281770262513,0.17826915871062066,-0.018145221319145893,0.2164706061868107,-5.510903728996931e-06,0.1235955056179776
1473,1473,bj920199,2025-06-24,35.3,0.8258803625165229,0.2717630626246351,traded,completed,UP,0.825,4.07174125793082,4.0,1.0,5.0,ma60_washed,0.9,28.5855,deep_pullback,36.01,1.0,pullback,bullish_candle,0.8537500000000001,33.933400000000006,poc,33.1292,"形态止损: washout, 支撑 33.93 下方 0.75xATR=3.05 (被硬性止损 8% 截断)",43.212,"[37.9, 43.212]",4.0,43.212,initial_tp,,0.1999999999999999,0.1999999999999999,3.0,2025-06,0.0651558073654392,0.2336134453781511,,,1473,0.0409995347818914,0.2475921208885154,0.1984559831238628,0.0651557871606365,-0.05867500782012911,-0.01319878928663043,0.02529739184237001,0.026257984607217004,0.03245288832788602,0.16129032258064516,2.251757281542505e-33,0.7636552246568528,0.4379683704112266,0.4134981171278812,0.112,0.472,-0.11105575451739091,0.8170589519893104,0.4504282286990443,-0.017613530546753402,0.7792592931676794,-0.004661202522211413,0.1999999999999999
1490,1490,bj920305,2025-06-25,10.6,0.8757939302068483,0.2075699760555509,traded,completed,RANGE,0.3999999999999999,0.8458163662466727,1.0,3.0,1.0,ma_ma20,0.4,10.8645,deep_pullback,12.1,1.0,pullback,bullish_candle,0.64,10.8645,ma_ma20,11.132,"形态止损: pit_rebound, 支撑 10.86 下方 1.25xATR=1.06 (被硬性止损 8% 截断)",18.0045,"[12.9612, 18.0045]",2.0,11.67,initial_stop,,-0.0355371900826445,-0.0355371900826445,1.0,2025-06,0.6981132075471699,0.9073569482288828,,,1490,0.5494886963351264,0.981132004175294,0.2785714467366536,0.6981131464359662,-0.02097500324249273,0.1975201521787886,0.08574529915704288,0.04034626517104132,0.020722698419693035,0.04032258064516129,1.8865247489966054e-33,1.11954342185385,0.34463720665490166,0.6178489427854318,0.024,0.808,0.20856209042905616,2.207148375384978,0.44103957607849653,-0.018449198684141223,0.5258724025143491,0.009141247773640632,-0.0355371900826445
1505,1505,bj920088,2025-06-26,41.11,1.1561309755679594,0.2135552021861164,traded,completed,UP,0.7999999999999999,7.375225179907039,4.0,0.0,4.0,ma_ma20,0.4,39.40334921071377,deep_pullback,40.3,7.0,pullback,long_lower_shadow,0.8500000000000001,39.40334921071377,ma_ma20,37.076,"形态止损: pit_rebound, 支撑 39.40 下方 1.25xATR=9.22 (被硬性止损 8% 截断)",48.35999999999999,"[44.33, 48.36]",8.0,40.25,dynamic_stop,D4,-0.0012406947890818,-0.0012406947890818,1.0,2025-06,-0.081731938701046,0.0476081483462769,,,1505,-0.0545782858262061,0.113354409589542,0.177627288328685,-0.0817319523343794,-0.552699966430664,-0.03593493279200255,-0.06107884271600961,0.050454270938135724,0.038043439901602014,0.14516129032258066,2.4062659323615657e-33,0.9004153373653043,0.5953816576961337,0.401679871020253,0.184,0.384,-0.21839284896850586,1.0485989704975798,0.6274609150342498,-0.0335097429401678,1.471464823631266,-0.001004901634213609,-0.0012406947890818
1507,1507,bj920748,2025-06-26,72.43256717384267,0.983278451509902,0.2135552021861164,traded,completed,UP,0.7999999999999999,10.17901747103106,4.0,0.0,4.0,ma_ma20,0.4,68.23337520233085,deep_pullback,67.55048235674975,6.0,pullback,long_lower_shadow,0.8500000000000001,68.23337520233085,ma_ma20,62.14644376820978,"无有效支撑, 使用最大止损 8%",81.06057882809971,"[74.3055, 81.0606]",7.0,66.89155066364519,dynamic_stop,D4,-0.0097546556310966,-0.0097546556310966,1.0,2025-06,-0.1483112858344485,0.0548804913873681,,,1507,-0.1239976799497081,0.0889041581933594,0.2430379843410057,-0.1496899237523284,0.02679992675781264,0.007310366228335141,-0.03955165531535676,0.03772219957748231,0.06561538796099513,0.16129032258064516,2.158545658254938e-33,1.0306601905868067,0.5612497652690746,0.5941575914887753,0.192,0.272,0.11976678327122858,0.9788659947837297,0.03933501482074375,-0.042061454318066224,1.2792010598313985,-0.011430309466934992,-0.0097546556310966
1508,1508,bj920943,2025-06-26,28.54,0.936940189009212,0.2598663287023454,traded,completed,UP,0.8833333333333334,2.24545697248316,5.0,0.0,5.0,poc,0.4,26.056638925438595,deep_pullback,26.28,7.0,pullback,long_lower_shadow,0.8625,26.056638925438595,poc,24.1776,"形态止损: pit_rebound, 支撑 26.06 下方 1.25xATR=2.81 (被硬性止损 8% 截断)",31.536,"[28.908, 31.536]",8.0,26.64,dynamic_stop,D4,0.0136986301369863,0.0136986301369863,1.0,2025-06,-0.0234758234057462,0.0050109614782336,,,1508,0.0056159702169309,0.1243867947856003,0.1181075361631818,-0.0234758253258999,0.0635499811172485,0.24284770708292114,0.27233966697814416,0.051574925324357555,0.029005106319374196,0.11290322580645161,2.0326348034468392e-33,1.8240026796181543,0.30080796188242626,0.9741735545332237,0.12,0.48,0.40536977421508036,2.786872240871462,0.7663500704332049,-0.01615608602309619,0.43022223578559027,-0.001004901634213609,0.0136986301369863
1542,1542,bj920088,2025-06-30,41.51,0.85232016391005,0.2378425859118376,traded,completed,UP,0.7999999999999999,6.243613579436869,4.0,0.0,4.0,ma_ma20,0.4,40.803449507796856,deep_pullback,42.95,1.0,pullback,bullish_candle,0.8500000000000001,40.803449507796856,ma_ma20,39.514,"形态止损: pit_rebound, 支撑 40.80 下方 1.25xATR=7.80 (被硬性止损 8% 截断)",51.54,"[47.245, 51.54]",4.0,40.01,dynamic_stop,D4,-0.0684516880093132,-0.0684516880093132,3.0,2025-06,-0.0171043122139243,0.0756756756756757,,,1542,-0.0636885372610942,0.1026259288962823,0.177627288328685,-0.0171042908499552,-0.5407999801635743,0.023968786350456295,-0.12036193128675221,0.025851819362353683,0.03801074532198523,0.13709677419354838,2.5759729960964488e-33,0.7220671747269386,0.5694954937870199,0.34297519806230703,0.216,0.344,0.056880303303503243,0.7889964462087498,0.2871285352503624,-0.03550471054802845,1.3228560574120403,0.01224966677211476,-0.0684516880093132
1576,1576,sh605151,2025-07-02,22.62397727144544,1.3588202597677563,0.2606393490676115,traded,completed,UP,0.9833333333333334,1.1819926710084565,3.0,0.0,4.0,swing_low,1.0,16.910700756617622,deep_pullback,18.58,3.0,pullback,bullish_candle,0.8775000000000001,18.539009468646576,ma_ma20,17.652514965390232,"形态止损: washout, 支撑 18.54 下方 0.75xATR=0.89",22.296,"[20.438, 22.296]",6.0,19.21,initial_stop,,0.0339074273412272,0.0339074273412272,3.0,2025-07,-0.1137720941177812,0.0,,,1576,-0.1426953221640985,0.0,0.166446452297805,-0.1171290160566678,0.14237498283386235,0.1482387268182721,0.2739279640278254,0.03646967000071913,0.012969939331190429,0.07258064516129033,1.5682587041199777e-33,0.7010563719972988,0.30080953014452044,1.0,0.096,0.544,0.34037687073481293,0.6467667396763873,0.9422046074151664,-0.012768785896149179,0.430225443728798,-0.01061681501073493,0.0339074273412272
1580,1580,bj920088,2025-07-02,45.24,0.9665187112043234,0.2378425859118376,traded,completed,UP,0.8416666666666667,5.308314199665914,4.0,0.0,4.0,ma_ma20,0.4,42.65688343509568,deep_pullback,40.3,3.0,pullback,long_lower_shadow,0.8562500000000001,39.72725611040792,swing_low,37.076,"形态止损: pit_rebound, 支撑 39.73 下方 1.25xATR=6.64 (被硬性止损 8% 截断)",48.35999999999999,"[44.33, 48.36]",4.0,40.25,dynamic_stop,D4,-0.0012406947890818,-0.0012406947890818,1.0,2025-07,-0.1706454465075154,0.0334841628959274,,,1580,-0.1413946899539647,0.0097258755611058,0.1760070241202772,-0.1706454671591595,-0.11825000762939446,0.044435794269846784,-0.0777640845301637,0.01900857152192043,0.03888879275195663,0.1532258064516129,2.7827706785589294e-33,0.6667943013871952,0.5649360074554639,0.380630086521927,0.192,0.36,0.06096977736031195,1.2362524187004555,0.6161296693694793,-0.03618218817449044,1.298512442161329,-0.00391538965102975,-0.0012406947890818
1613,1613,bj920305,2025-07-04,14.58,1.15107106550319,0.2652808463436953,traded,completed,RANGE,0.6583333333333333,1.8986271497031264,5.0,1.0,6.0,ma60_washed,0.9,15.9135,deep_pullback,15.1,2.0,pullback,bullish_candle,0.77875,15.9135,ma60_washed,13.892,"无有效支撑, 使用最大止损 8%",32.45,"[29.5, 32.45]",10.0,16.3,dynamic_stop,D4,0.0794701986754966,0.0794701986754966,8.0,2025-07,0.199588477366255,0.2859767299448867,,,1613,0.1265144621523732,0.4403292256439231,0.2785714467366536,0.1995884679450961,0.06582500457763665,0.24804156753255757,0.45656180705081373,0.04637012285910055,0.032173783374322716,0.07258064516129033,3.308033099527558e-33,1.2600501488551543,0.5154518597984171,0.9072398451206878,0.064,0.6,0.45284699788579563,1.4951645024112028,0.877283529317909,-0.02331148138116832,1.0637784299078676,-0.003209430638002718,0.0794701986754966
1631,1631,bj920299,2025-07-07,23.989988981799183,0.9768526956619812,0.2521136591771812,traded,completed,UP,0.7666666666666667,1.7107774928592328,3.0,0.0,4.0,ma60_washed,0.9,20.387924221796943,deep_pullback,22.54026282644211,4.0,pullback,bullish_candle,0.8450000000000001,21.756454092672307,poc,20.737041800326743,"形态止损: washout, 支撑 21.76 下方 0.75xATR=1.28 (被硬性止损 8% 截断)",27.04831539173053,"[24.7943, 27.0483]",5.0,21.894836798372182,dynamic_stop,D4,-0.0286343612334799,-0.0286343612334799,1.0,2025-07,-0.152317880794702,0.0,,,1631,-0.125209795124206,0.0240066195103134,0.1705739431041135,-0.1523178943881477,0.0916000032424927,0.10280583738792104,0.1951923370361328,0.027327908698442437,0.02266946524113435,0.10483870967741936,1.583582810349891e-33,2.000541106204855,0.3233082803811055,0.7976744541933612,0.096,0.472,0.15681716496630993,1.5639557433604834,0.8142934170431277,-0.01082855738684785,0.4777777989705403,-0.004661202522211413,-0.0286343612334799
1650,1650,bj920914,2025-07-08,30.89,1.0582016712859024,0.2590002529440866,traded,completed,UP,0.825,3.160437379745221,5.0,0.0,6.0,ma60_washed,0.9,21.536309355544336,deep_pullback,28.88,3.0,pullback,long_lower_shadow,0.8537500000000001,28.58929808177688,poc,26.5696,"形态止损: washout, 支撑 28.59 下方 0.75xATR=2.37 (被硬性止损 8% 截断)",34.656,"[31.768, 34.656]",4.0,29.67,dynamic_stop,D4,0.0273545706371192,0.0273545706371192,1.0,2025-07,-0.016510197474911,0.1141822968081605,,,1650,-0.0167098000283554,0.0961476620067012,0.1147753349299232,-0.0165102052107111,0.045499992370605466,0.015606701844180781,0.049583800426570956,0.025462052817007204,0.03549451165372699,0.08527131782945736,2.896396083169096e-33,0.9756261093448283,0.43955400952868345,0.7536714229417858,0.13076923076923078,0.43846153846153846,0.0072919891547285065,1.0777923554622584,0.4381585079075615,-0.023470945060164814,0.7842932539476872,-0.004661202522211413,0.0273545706371192
1816,1816,bj920892,2025-07-22,20.911286681715573,1.934251903935734,0.2135552021861164,traded,completed,UP,0.8833333333333334,2.5478287199610583,4.0,1.0,5.0,swing_low,1.0,14.275056433408578,deep_pullback,17.683882618510157,8.0,pullback,long_lower_shadow,0.8625,17.508667042889392,ma_ma20,16.269172009029347,"形态止损: washout, 支撑 17.51 下方 0.75xATR=1.91 (被硬性止损 8% 截断)",26.720613995485333,"[24.2915, 26.7206]",11.0,17.71252821670429,initial_stop,,0.0016198704103671,0.0016198704103671,3.0,2025-07,-0.1456621004566207,0.0,,,1816,-0.1428571321926268,0.0,0.1666666521510756,-0.1456621273800598,-0.00392498493194573,0.06525455716680018,0.13218023956634317,0.04169408017924463,0.03240783028492383,0.10077519379844961,2.2906278637136813e-33,0.7969301400626088,0.39779876677617676,0.7025691720090957,0.1,0.45384615384615384,0.11592039201422555,1.359194073066508,0.614430934002244,-0.020241744188428022,0.6605744804715883,-0.004661202522211413,0.0016198704103671
1820,1820,bj920082,2025-07-22,19.735509999929217,1.1332640441397055,0.224008461990219,traded,completed,UP,0.8166666666666667,1.0904475983464088,3.0,0.0,4.0,ma60_washed,0.9,14.440969422416575,shallow_pullback,15.513520539230074,8.0,pullback,long_lower_shadow,0.8525,15.219602408159698,ma_ma20,14.401766709399892,"形态止损: washout, 支撑 15.22 下方 0.75xATR=0.82",18.616224647076088,"[17.0649, 18.6162]",16.0,15.506472142801528,dynamic_stop,D4,-0.0004543389368468,-0.0004543389368468,8.0,2025-07,-0.1689285714285715,0.041545189504373,,"{'structure_strength': np.float64(0.8166666666666667), 'trend': 'UP', 'atr_ratio': 0.07029014436722608, 'n_supports': 3, 'n_resistances': 0, 'top_support_source': 'ma60_washed', 'top_support_dist': -0.06913653893719783, 'v2_pattern': '', 'fine_score': 1.1332640441397055, 'operable_score': 0.22400846199021907, 'entry_day': 8}",1820,-0.1703067617586238,0.0207142829895019,0.230230928665895,-0.1689285550798688,0.09019999504089356,0.2335633837283264,0.2900395240557765,0.06466526998581196,0.021852283296433885,0.06201550387596899,1.7848986902081228e-33,2.867688303923896,0.3006559708247955,1.0,0.06153846153846154,0.6846153846153846,0.36178665278104205,2.7986436437664026,0.6694681905051092,-0.012153744917195796,0.42991140022941865,-0.008382285235162379,-0.0004543389368468
1821,1821,bj920682,2025-07-22,10.280602319491209,0.8951240960199373,0.2374195906443447,traded,completed,RANGE,0.7083333333333333,0.5537671597054135,5.0,0.0,6.0,swing_low,1.0,8.020824915824917,deep_pullback,8.716517022072578,5.0,pullback,bullish_candle,0.68625,8.52630144032922,poc,8.11097607055016,"形态止损: washout, 支撑 8.53 下方 0.75xATR=0.42",10.459820426487092,"[9.5882, 10.4598]",6.0,8.521006359895251,dynamic_stop,D4,-0.0224299065420557,-0.0224299065420557,1.0,2025-07,-0.1402535657686211,0.0,,,1821,-0.1520407073354266,0.0015848223411283,0.1811708781370999,-0.1402535277448572,0.0372250032424926,0.2336823613514165,0.29780844397782635,0.038215455841268585,0.014405875213529044,0.023255813953488372,2.5594885573121238e-33,5.18988131983991,0.27748293888162123,0.9207650344417149,0.1,0.6230769230769231,0.3340227008016978,2.2225922856913742,0.7674487590388618,-0.0075502560640194425,0.38405036201097786,-0.004881712623693249,-0.0224299065420557
1823,1823,sz300897,2025-07-22,19.61248568155785,0.8029351204085399,0.2582802123168373,traded,completed,UP,0.825,1.9027513307065669,4.0,0.0,5.0,swing_low,1.0,12.772315758640666,shallow_pullback,19.39147984508809,8.0,pullback,bullish_candle,0.8537500000000001,18.480983611027312,poc,17.840161457481045,"形态止损: washout, 支撑 18.48 下方 0.75xATR=1.43 (被硬性止损 8% 截断)",23.26977581410571,"[21.3306, 23.2698]",10.0,21.195172639502537,initial_stop,,0.0930147058823529,0.0930147058823529,2.0,2025-07,0.1432206470374408,0.2428115015974441,,"{'structure_strength': np.float64(0.825), 'trend': 'UP', 'atr_ratio': 0.09812305950381287, 'n_supports': 4, 'n_resistances': 0, 'top_support_source': 'swing_low', 'top_support_dist': -0.34134393761206816, 'v2_pattern': '', 'fine_score': 0.8029351204085399, 'operable_score': 0.2582802123168373, 'entry_day': 8}",1823,0.1461073172873286,0.272628063622383,0.1103917097698239,0.1432206652590697,0.054475002288818256,0.07240749366402732,0.15250862964577805,0.04088920365882856,0.02820340273356979,0.0673076923076923,2.2357866072607175e-33,0.9853413587964756,0.41023166123868055,0.7717647178500306,0.13333333333333333,0.2761904761904762,0.0598194190049568,1.066085247742479,0.06586775721252935,-0.01890155014208734,0.6955810176251294,-0.004661202522211413,0.0930147058823529
1851,1851,bj920892,2025-07-24,19.54584650112867,0.8187140873257598,0.2717630626246351,traded,completed,UP,0.85,2.3214460273621733,5.0,1.0,6.0,swing_low,1.0,14.275056433408578,shallow_pullback,18.81060948081264,2.0,pullback,bullish_candle,0.8575000000000002,17.88917607223476,ma_ma20,17.30576072234763,"形态止损: washout, 支撑 17.89 下方 0.75xATR=1.74 (被硬性止损 8% 截断)",26.720613995485333,"[24.2915, 26.7206]",4.0,18.896546275395032,dynamic_stop,D4,0.0045685279187817,0.0045685279187817,2.0,2025-07,-0.0405471421592573,0.0014584346135149,,"{'structure_strength': np.float64(0.85), 'trend': 'UP', 'atr_ratio': 0.12341152633731058, 'n_supports': 5, 'n_resistances': 1, 'top_support_source': 'swing_low', 'top_support_dist': -0.24111675126903553, 'v2_pattern': '', 'fine_score': 0.8187140873257598, 'operable_score': 0.2717630626246351, 'entry_day': 2}",1851,-0.0966960186296348,0.0063508095982407,0.1140776863083758,-0.0405471397922602,0.012074990272521902,-0.032864749486406275,0.0024529100013157557,0.04207479251355733,0.03304323152050359,0.11627906976744186,2.3727649732000804e-33,0.9281702250945097,0.39779876677617676,0.5187746605362628,0.11538461538461539,0.4461538461538462,-0.06500001387162646,0.5275201067324514,0.4659448632895812,-0.023878755419686797,0.6605744804715883,-0.004661202522211413,0.0045685279187817
1921,1921,bj920305,2025-07-30,16.87,1.0380825334705854,0.2344103026620404,traded,completed,UP,0.7749999999999999,2.258615772656916,4.0,0.0,5.0,ma60_washed,0.9,13.687666666666669,shallow_pullback,16.06,8.0,pullback,long_lower_shadow,0.8462500000000001,15.4445,ma_ma20,14.7752,"形态止损: washout, 支撑 15.44 下方 0.75xATR=1.69 (被硬性止损 8% 截断)",19.272,"[17.666, 19.272]",9.0,17.34,initial_stop,,0.0797011207970113,0.0797011207970113,1.0,2025-07,-0.0574985180794309,0.1526548672566372,,"{'structure_strength': np.float64(0.7749999999999999), 'trend': 'UP', 'atr_ratio': 0.1406361004145029, 'n_supports': 4, 'n_resistances': 0, 'top_support_source': 'ma60_washed', 'top_support_dist': -0.14771689497716886, 'v2_pattern': '', 'fine_score': 1.0380825334705854, 'operable_score': 0.23441030266204044, 'entry_day': 8}",1921,-0.0033195800152636,0.235328933957237,0.2394433653830137,-0.0574985875784463,-0.09034999370574948,0.1475357740907013,0.056517033940150396,0.041274785333675464,0.05875892496061303,0.125,4.7110720171624136e-33,1.0587289149173094,0.5,0.7219047546386719,0.10476190476190476,0.5333333333333333,0.08263467651026035,1.774122550738187,0.001373127852260514,-0.03689705888486482,1.0,-0.006790767198209785,0.0797011207970113
1923,1923,bj920786,2025-07-30,12.24,1.0031985101592054,0.2374195906443447,traded,completed,UP,0.9166666666666666,1.0253199103142387,4.0,0.0,5.0,swing_low,1.0,10.13,deep_pullback,10.96,4.0,pullback,long_lower_shadow,0.9475,10.53525,swing_low,10.0832,"形态止损: washout, 支撑 10.54 下方 0.75xATR=0.77 (被硬性止损 8% 截断)",13.152,"[12.056, 13.152]",6.0,10.86,initial_stop,,-0.009124087591241,-0.009124087591241,2.0,2025-07,-0.0972222222222222,0.0062893081761006,,,1923,-0.0980039469928584,0.0457516691248713,0.1593749946448952,-0.0972221897578181,0.057899999618530276,0.11662206656615748,0.21366327815746167,0.032480592105899285,0.02350626987442697,0.08527131782945736,5.8179354312998195e-33,2.540654082359348,0.32906895628036914,0.7084234569271872,0.046153846153846156,0.5,0.22779929426257173,1.2744370652598573,0.8291715099675897,-0.010846372589883267,0.49046613561956565,-0.004209719204707337,-0.009124087591241
1938,1938,bj920305,2025-07-31,18.63,0.9120579482168546,0.2378425859118376,traded,completed,UP,0.8333333333333334,2.5148003363026605,3.0,1.0,4.0,ma60_washed,0.9,13.554166666666667,deep_pullback,17.31,8.0,pullback,bullish_candle,0.8550000000000001,15.7785,ma_ma20,15.9252,"形态止损: washout, 支撑 15.78 下方 0.75xATR=1.89 (被硬性止损 8% 截断)",23.1,"[21.0, 23.1]",13.0,16.36,dynamic_stop,D2,-0.0548815713460427,-0.0548815713460427,5.0,2025-07,-0.1433172302737518,0.0582120582120582,,,1938,-0.1053216294483693,0.0928610589112755,0.2215127747387607,-0.1433171896347934,-0.03222499608993523,0.17442391536813795,0.10731687437386306,0.04950592975546008,0.05997508440180382,0.125,4.777386798774128e-33,1.5464505000589595,0.4214285895937965,0.8011299262125511,0.08571428571428572,0.5047619047619047,0.2517891941687749,1.5751767968733374,0.6493863663135384,-0.03932449781911488,0.7283951159942725,-0.006790767198209785,-0.0548815713460427
1971,1971,bj920885,2025-08-04,26.5,1.5152276609280506,0.2449707498188675,traded,completed,UP,0.7999999999999999,2.164061963024454,4.0,0.0,4.0,swing_low,1.0,17.01836051800857,shallow_pullback,24.78,4.0,pullback,long_lower_shadow,0.8500000000000001,24.333,poc,22.797600000000003,"形态止损: pit_rebound, 支撑 24.33 下方 1.25xATR=2.71 (被硬性止损 8% 截断)",29.736,"[27.258, 29.736]",7.0,24.6,dynamic_stop,D4,-0.0072639225181597,-0.0072639225181597,3.0,2025-08,-0.1177358490566038,0.073438070880526,,"{'structure_strength': np.float64(0.7999999999999999), 'trend': 'UP', 'atr_ratio': 0.0873309912439247, 'n_supports': 4, 'n_resistances': 0, 'top_support_source': 'swing_low', 'top_support_dist': -0.3132219322837542, 'v2_pattern': '', 'fine_score': 1.5152276609280506, 'operable_score': 0.24497074981886754, 'entry_day': 4}",1971,-0.0528352209883464,0.1086792136138339,0.170524113840801,-0.1177358807257886,0.1534749984741211,0.09313846260577607,0.2019938433584476,0.046701217273458016,0.023289713089164478,0.05426356589147287,2.9137951905194217e-33,1.919471067033364,0.3155956714419537,0.7338283406165207,0.046153846153846156,0.5769230769230769,0.13145929040797633,1.4339230510947214,0.5187753550107623,-0.010638800516525927,0.4611245988272372,-0.001004901634213609,-0.0072639225181597
1974,1974,sz300289,2025-08-04,9.78,1.0604391259955008,0.2059063748399846,traded,completed,UP,0.825,0.6802494286722509,4.0,0.0,4.0,swing_low,0.6,4.88,deep_pullback,10.47,3.0,pullback,bullish_candle,0.8537500000000001,9.4406,poc,9.6324,"形态止损: pit_rebound, 支撑 9.44 下方 1.25xATR=0.85 (被硬性止损 8% 截断)",12.564,"[11.517, 12.564]",5.0,10.8,initial_stop,,0.0315186246418337,0.0315186246418337,2.0,2025-08,-0.1840490797546011,0.150887573964497,,,1974,-0.0753488995313097,0.1932515741233631,0.2904884593967646,-0.1840490555259821,0.09799999952316281,0.309992947424069,0.5927119139290689,0.06294570108523129,0.01191725020409581,0.031007751937984496,3.8157143426171906e-33,8.554928670596993,0.47731755312760493,1.0,0.3384615384615385,0.26153846153846155,0.7274276901211525,1.6833320397373859,0.9439293809173133,-0.004123164526888307,0.9132075430957312,0.006163655989050666,0.0315186246418337
1992,1992,bj920885,2025-08-05,25.59,1.2076479843875048,0.2689480989495284,traded,completed,UP,0.7999999999999999,2.366187034621193,4.0,1.0,4.0,swing_low,1.0,17.01836051800857,shallow_pullback,24.78,3.0,pullback,long_lower_shadow,0.8500000000000001,24.333,poc,22.797600000000003,"形态止损: pit_rebound, 支撑 24.33 下方 1.25xATR=2.96 (被硬性止损 8% 截断)",29.736,"[26.88, 29.736]",6.0,24.6,dynamic_stop,D4,-0.0072639225181597,-0.0072639225181597,3.0,2025-08,-0.1383352872215708,0.0793036750483557,,"{'structure_strength': np.float64(0.7999999999999999), 'trend': 'UP', 'atr_ratio': 0.09548777379423702, 'n_supports': 4, 'n_resistances': 1, 'top_support_source': 'swing_low', 'top_support_dist': -0.3132219322837542, 'v2_pattern': '', 'fine_score': 1.2076479843875048, 'operable_score': 0.2689480989495284, 'entry_day': 3}",1992,-0.055031899813001,0.0902696151687507,0.1537634074134335,-0.1383353221734681,0.1522250080108641,0.007875866943604093,0.11301678379603453,0.04468541496040258,0.023900047995527904,0.06201550387596899,2.9530114565384636e-33,1.7375762444015932,0.3155956714419537,0.5726405658535993,0.046153846153846156,0.5384615384615384,0.06510094330058536,1.2184679710445128,0.5072729557796508,-0.01281725264647388,0.4611245988272372,-0.001004901634213609,-0.0072639225181597
2008,2008,bj920663,2025-08-06,26.694512414528194,1.3912736110650137,0.2680795446295174,traded,completed,UP,0.85,2.020221036330163,5.0,0.0,6.0,swing_low,1.0,18.41276134819835,deep_pullback,24.063748872226864,5.0,pullback,bullish_candle,0.8575000000000002,23.2411516690183,poc,22.13864896244872,"形态止损: washout, 支撑 23.24 下方 0.75xATR=1.52 (被硬性止损 8% 截断)",28.87649864667224,"[26.4701, 28.8765]",8.0,24.431282014166023,initial_stop,,0.0152733118971062,0.0152733118971062,3.0,2025-08,-0.15,0.0,,,2008,-0.1334379889826514,0.0,0.1539855051180866,-0.1500000449194418,-0.0033749914169311167,0.14516227616368504,0.20120032802701626,0.030036624096917944,0.023571171168865174,0.05426356589147287,1.5083670089889954e-33,0.908861807817853,0.31527778348069146,0.8920705340891307,0.08461538461538462,0.4846153846153846,0.1899059321399923,1.7425865217252021,0.7263102933150363,-0.015445089948309731,0.46044625962826635,-0.004661202522211413,0.0152733118971062
2026,2026,bj920706,2025-08-07,25.36859060402685,1.0358323138640575,0.2669838101776057,traded,completed,UP,0.7999999999999999,2.674771638055955,5.0,0.0,6.0,swing_low,1.0,19.28638936759273,deep_pullback,28.706040268456373,1.0,pullback,bullish_candle,0.8500000000000001,24.83668456375839,ma_ma20,26.409557046979863,"形态止损: washout, 支撑 24.84 下方 0.75xATR=2.01 (被硬性止损 8% 截断)",34.447248322147644,"[31.5766, 34.4472]",3.0,28.348456375838925,initial_stop,,-0.0124567474048442,-0.0124567474048442,2.0,2025-08,0.0254502740798747,0.2012336160370085,,,2026,0.0154022911056153,0.2200469354121292,0.201540459480043,0.0254502582313964,-0.15037499427795406,0.017175146439511124,-0.07673140617324226,0.018287473008035463,0.032844056420288294,0.08527131782945736,2.7476815988310382e-33,0.6998926598774489,0.49332963384737033,0.4343662530603543,0.09230769230769231,0.5769230769230769,-0.011056005079670195,1.4297615882300807,0.03764892319616975,-0.025021750360295365,0.9736697995452914,-0.00391538965102975,-0.0124567474048442
2048,2048,bj920879,2025-08-08,24.28204139680778,0.8409939340331157,0.2378425859118376,traded,completed,UP,0.825,2.569659110796999,4.0,0.0,4.0,swing_low,0.6,13.078741809256224,deep_pullback,24.109303297440245,6.0,pullback,bullish_candle,0.8537500000000001,23.92217035645875,ma_ma20,22.180559033645025,"形态止损: pit_rebound, 支撑 23.92 下方 1.25xATR=3.21 (被硬性止损 8% 截断)",28.93116395692829,"[26.5202, 28.9312]",8.0,24.002370188307964,dynamic_stop,D4,-0.0044353462981916,-0.0044353462981916,2.0,2025-08,-0.1432164250941152,0.0214477211796246,,,2048,-0.0848729677981173,0.0325202936851642,0.1282808368154336,-0.1480352564860513,-0.16712502479553243,0.04051887438469759,-0.05495851112019223,0.02287485867727617,0.03427711414926749,0.13953488372093023,3.96694057282141e-33,0.8867331514730461,0.5486050871331545,0.3627334266421043,0.16923076923076924,0.4076923076923077,0.04445223910848517,1.2252846690479826,0.2988012934768107,-0.02721937525068171,1.215355050523098,-0.00391538965102975,-0.0044353462981916
2154,2154,sh603221,2025-08-18,16.94,0.953776713660398,0.224008461990219,traded,completed,UP,0.8666666666666667,0.7792876991100794,3.0,0.0,4.0,ma60_washed,0.9,11.379225491240913,deep_pullback,12.22,8.0,pullback,long_lower_shadow,0.8600000000000001,12.0005,ma_ma20,11.416034225667442,"形态止损: washout, 支撑 12.00 下方 0.75xATR=0.58",14.664,"[13.442, 14.664]",26.0,13.22,dynamic_stop,D4,0.0818330605564647,0.0818330605564647,18.0,2025-08,-0.2166469893742622,0.0445103857566766,,,2154,-0.2042770188299398,0.0389610287251873,0.305681818058668,-0.2166469870479321,0.15602500438690187,0.14703882340610197,0.349529499686311,0.041027254661761686,0.011440078667012816,0.046511627906976744,2.3484740481953696e-33,0.6880204505957211,0.36320478935796835,1.0,0.19230769230769232,0.3923076923076923,0.33096371126055857,0.318437677168543,0.9398484464408841,-0.005058588782753265,0.5703635694618006,-0.01061681501073493,0.0818330605564647
2236,2236,bj920223,2025-08-25,14.27,0.9280263337002452,0.2545118522553845,traded,completed,UP,0.85,0.97752647886072,4.0,1.0,5.0,swing_low,1.0,10.83,deep_pullback,15.57,1.0,pullback,bullish_candle,0.8575000000000002,14.0634,poc,14.3244,"形态止损: washout, 支撑 14.06 下方 0.75xATR=0.73 (被硬性止损 8% 截断)",18.684,"[17.127, 18.684]",3.0,18.684,initial_tp,,0.1999999999999999,0.1999999999999999,2.0,2025-08,0.3391730903994394,1.2640099626400998,,,2236,0.7310422508615735,1.5480027641183225,0.4719471826006163,0.3391730902121073,0.033499996662139875,0.06271261340998135,0.15430958192370148,0.02050642179473793,0.01944600659714831,0.05426356589147287,1.5076476757773084e-33,0.690835993947188,0.2819999694824219,0.8510637866150105,0.046153846153846156,0.5769230769230769,0.0605165817919997,1.3486484740646782,0.0423801969125881,-0.01476190619873603,0.39275760096993184,0.010242239499798212,0.1999999999999999
2349,2349,sh688585,2025-09-02,89.0,0.9773755960031538,0.2135552021861164,traded,completed,UP,0.8083333333333333,8.444878362023932,4.0,1.0,4.0,ma_ma20,0.4,88.039,deep_pullback,90.0,8.0,pullback,bullish_candle,0.8512500000000001,84.6275,poc,82.8,"形态止损: pit_rebound, 支撑 84.63 下方 1.25xATR=10.56 (被硬性止损 8% 截断)",112.31,"[102.1, 112.31]",9.0,99.24,initial_stop,,0.1026666666666666,0.1026666666666666,1.0,2025-09,-0.0016853932584269,0.353483606557377,,,2349,0.1065012815086963,0.4842697315001756,0.3414080546534915,-0.0747191182683023,0.2285999298095703,0.11637268846224846,0.12986063671362436,0.038195820043931315,0.03944810113762756,0.11403508771929824,5.615166006734482e-33,1.9847001171158987,0.2504405911876982,0.822517568782357,0.05217391304347826,0.5826086956521739,0.25128203171950125,1.5397240333410176,0.6418918965444049,-0.020493642927506973,0.33411706696408294,-0.006790767198209785,0.1026666666666666
2384,2384,bj920237,2025-09-04,28.94172494172493,1.0047294114425165,0.2236829163902548,traded,completed,RANGE,0.7999999999999999,1.5793274665006674,3.0,0.0,4.0,swing_low,1.0,20.05797202797202,deep_pullback,27.132867132867126,7.0,pullback,bullish_candle,0.7000000000000001,26.89228904428904,poc,25.707793444413536,"形态止损: washout, 支撑 26.89 下方 0.75xATR=1.18",32.55944055944055,"[29.8462, 32.5594]",9.0,27.060512820512816,initial_stop,,-0.0026666666666665,-0.0026666666666665,2.0,2025-09,-0.1771875,0.2961346633416459,,,2384,-0.0336609958931434,0.299375057220459,0.3446368734970111,-0.1771875023841858,0.14907502174377446,0.2256204127845034,0.3164446890532082,0.05817921639876089,0.014555789812946055,0.046511627906976744,9.4223546249415e-34,3.0242303246821476,0.31016216029813615,1.0,0.13846153846153847,0.4846153846153846,0.34676751645908976,2.3223031381160184,0.6541117094353125,-0.0081715010462448,0.4496160437243961,-0.008382285235162379,-0.0026666666666665
2418,2418,bj920839,2025-09-08,41.44,0.8717020208472924,0.2717630626246351,traded,completed,UP,0.85,3.307591539907098,4.0,0.0,5.0,swing_low,1.0,29.65,deep_pullback,40.51,1.0,pullback,long_lower_shadow,0.8575000000000002,39.709,ma_ma20,37.2692,"形态止损: washout, 支撑 39.71 下方 0.75xATR=2.48 (被硬性止损 8% 截断)",48.612,"[44.561, 48.612]",4.0,39.84,initial_stop,,-0.0165391261416932,-0.0165391261416932,3.0,2025-09,0.2840250965250965,0.4507747318235995,,,2418,0.2982509279433409,0.4686294070271992,0.1312369399602647,0.2840251169838999,-0.07204999923706054,0.0436102305269741,0.008655941549188917,0.017020551972739086,0.029023771346902434,0.06976744186046512,1.3401131023775144e-33,0.6258843373829887,0.4538116455078125,0.4545454682525957,0.16923076923076924,0.6230769230769231,0.04535259522507906,1.4414165599420903,0.27336068600247354,-0.032496205625297016,0.8308702332728035,-0.0013668701671594621,-0.0165391261416932
2462,2462,bj920223,2025-09-11,21.75,0.9860642159311128,0.2344103026620404,traded,completed,UP,0.85,3.007986837980229,4.0,0.0,5.0,swing_low,1.0,10.823333333333332,deep_pullback,20.03,7.0,pullback,long_lower_shadow,0.8575000000000002,18.868,ma_ma20,18.4276,"形态止损: washout, 支撑 18.87 下方 0.75xATR=2.26 (被硬性止损 8% 截断)",24.036,"[22.033, 24.036]",9.0,19.11,dynamic_stop,D2,-0.0459311033449826,-0.0459311033449826,2.0,2025-09,-0.1779310344827587,0.0241238051888939,,,2462,-0.1669340864688502,0.0344827586206897,0.2417778015136718,-0.1779310730682022,-0.23822499752044682,0.04226952499314174,-0.020056826222353386,0.0341022001963693,0.04868441386575891,0.11627906976744186,5.3413040871503354e-33,0.6356927928812383,0.6465896544068985,0.3879199848190952,0.2,0.4230769230769231,0.0412321761211345,1.2242997796487116,0.43499919032235435,-0.03562225003283632,1.8295719479342822,-0.006790767198209785,-0.0459311033449826
2480,2480,bj920906,2025-09-12,33.856247033189426,1.3660484759700853,0.2669838101776057,traded,completed,UP,0.825,3.509013420386794,4.0,0.0,5.0,swing_low,1.0,23.59979572607616,deep_pullback,34.15497862465874,2.0,pullback,bullish_candle,0.8537500000000001,32.49024704259739,poc,31.42258033468604,"形态止损: washout, 支撑 32.49 下方 0.75xATR=2.63 (被硬性止损 8% 截断)",40.985974349590485,"[37.5705, 40.986]",4.0,33.55751544172011,dynamic_stop,D4,-0.017492711370262,-0.017492711370262,2.0,2025-09,-0.1411764705882353,0.0823737821080603,,,2480,-0.1143153417746405,0.078235289629768,0.2174031463864588,-0.1411764481488395,-0.056500015258789206,0.0531061172792926,0.02838401172047611,0.025893434390656105,0.03127391658422021,0.07751937984496124,1.9115813001086992e-33,0.6371443605066336,0.4617893437333907,0.5433905021533699,0.09230769230769231,0.5538461538461539,0.045693101887162246,1.3472152583198151,0.20744804036358744,-0.026416503135969306,0.8580085480593636,-0.004661202522211413,-0.017492711370262
2481,2481,bj920580,2025-09-12,19.209051532712422,1.26149753696034,0.2669838101776057,traded,completed,UP,0.8916666666666666,2.218213904301929,3.0,0.0,4.0,ma60_washed,0.9,15.26080059882658,deep_pullback,17.299088873840965,8.0,pullback,bullish_candle,0.86375,16.645523526508388,ma_ma20,15.915161763933687,"形态止损: washout, 支撑 16.65 下方 0.75xATR=1.66 (被硬性止损 8% 截断)",20.75890664860916,"[19.029, 20.7589]",9.0,16.354055266586858,dynamic_stop,D4,-0.0546290971822887,-0.0546290971822887,1.0,2025-09,-0.1610564474365614,0.0449722081859524,,,2481,-0.1314824007558661,0.0709477409178447,0.2330754631223186,-0.1610563847237865,-0.017825007438659668,0.05078720957437044,0.10367524687261409,0.028310241402433017,0.03040922240229473,0.10852713178294573,2.5220305364981396e-33,0.6623920729375616,0.4806403763114974,0.4523625673029198,0.08461538461538462,0.5615384615384615,0.03612568168988295,1.098348618278127,0.26534165170245316,-0.019144539841655792,0.925448098752806,-0.004661202522211413,-0.0546290971822887
2515,2515,bj920906,2025-09-16,34.15497862465874,1.1074253116047468,0.2669838101776057,traded,completed,UP,0.825,3.264544289798528,4.0,0.0,5.0,swing_low,1.0,23.59979572607616,deep_pullback,30.669776724183365,6.0,pullback,long_lower_shadow,0.8537500000000001,30.08027971701724,ma_ma20,28.216194586248697,"形态止损: washout, 支撑 30.08 下方 0.75xATR=2.45 (被硬性止损 8% 截断)",36.80373206902004,"[33.7368, 36.8037]",7.0,29.47485035830609,dynamic_stop,D4,-0.0389610389610389,-0.0389610389610389,1.0,2025-09,-0.1507288629737608,0.0744431418522861,,,2515,-0.1220618352922483,0.0688046840479699,0.2174031463864588,-0.1507288685507564,0.0348750066757205,0.030566598397588463,0.024747684268374925,0.025056267376569547,0.03273593448198161,0.07751937984496124,2.028616298230007e-33,0.9507345084309927,0.4617893437333907,0.5560040252566861,0.1,0.49230769230769234,0.11140058905385697,1.1201754385964913,0.510957314073123,-0.02797206551431709,0.8580085480593636,-0.004661202522211413,-0.0389610389610389
2547,2547,bj920834,2025-09-18,25.508301280660724,1.519056769909779,0.2515266875842168,traded,completed,UP,0.8666666666666667,1.9928891477497528,5.0,0.0,5.0,ma_ma20,0.4,15.538970378220958,shallow_pullback,16.34178405208578,7.0,pullback,bullish_candle,0.8600000000000001,15.538970378220958,ma_ma20,15.03444132791892,"形态止损: pit_rebound, 支撑 15.54 下方 1.25xATR=2.49 (被硬性止损 8% 截断)",19.610140862502934,"[17.976, 19.6101]",8.0,16.066305452773076,dynamic_stop,D4,-0.0168573148705599,-0.0168573148705599,1.0,2025-09,-0.3948385698808234,0.0,,"{'structure_strength': np.float64(0.8666666666666667), 'trend': 'UP', 'atr_ratio': 0.12195052519344671, 'n_supports': 5, 'n_resistances': 0, 'top_support_source': 'ma_ma20', 'top_support_dist': -0.049126440008388, 'v2_pattern': '', 'fine_score': 1.519056769909779, 'operable_score': 0.25152668758421687, 'entry_day': 7}",2547,-0.2991913818689292,0.0,0.4269230915949895,-0.3965384776775653,0.17247500181198117,0.3585181719406003,0.5609834227122887,0.09273232222961293,0.026290047090914096,0.06976744186046512,2.081394469738665e-33,1.7784797133365682,0.4630769216097318,1.0,0.15384615384615385,0.5769230769230769,0.6916070392705962,1.4874415627344706,0.8410927427582591,-0.015404776978690837,0.8624641782917357,-0.008382285235162379,-0.0168573148705599
2563,2563,bj920834,2025-09-19,17.836189126246612,1.209433499000354,0.236633622471284,traded,completed,UP,0.8666666666666667,2.616690844503596,5.0,0.0,5.0,ma_ma20,0.4,15.760696381660546,deep_pullback,16.34178405208578,6.0,pullback,bullish_candle,0.8600000000000001,15.760696381660546,ma_ma20,15.03444132791892,"形态止损: pit_rebound, 支撑 15.76 下方 1.25xATR=3.27 (被硬性止损 8% 截断)",19.610140862502934,"[17.976, 19.6101]",7.0,16.066305452773076,dynamic_stop,D4,-0.0168573148705599,-0.0168573148705599,1.0,2025-09,-0.0881978338678937,0.0,,,2563,-0.1483113536077813,0.0170516755081751,0.1941590155233835,-0.0907590534011445,0.2493250083923339,-0.06240840421134153,0.11838149852789859,0.10567357718644049,0.02889903542429705,0.06976744186046512,2.122093272773437e-33,3.880713474602721,0.4630769216097318,0.43521600842148284,0.16153846153846155,0.6153846153846154,0.26649082824476356,1.558787443209528,0.42213712552650895,-0.02406292686294605,0.8624641782917357,0.0022369095364658106,-0.0168573148705599
2579,2579,bj920834,2025-09-22,17.207573935639992,1.311349545545612,0.2669838101776057,traded,completed,UP,0.8666666666666667,2.484946322292331,4.0,0.0,4.0,ma_ma20,0.4,15.91914217615388,deep_pullback,16.34178405208578,5.0,pullback,bullish_candle,0.8600000000000001,15.91914217615388,ma_ma20,15.03444132791892,"形态止损: pit_rebound, 支撑 15.92 下方 1.25xATR=3.11 (被硬性止损 8% 截断)",19.610140862502934,"[17.976, 19.6101]",6.0,16.066305452773076,dynamic_stop,D4,-0.0168573148705599,-0.0168573148705599,1.0,2025-09,-0.0417381360777583,0.0,,,2579,-0.1262184608376381,0.0120069179284993,0.1581921482326637,-0.041738110451082,0.2764000034332275,-0.15759587217259985,0.020281393935249747,0.10699359363804863,0.028754596736492218,0.07751937984496124,2.2910178917862515e-33,2.5979754788603344,0.4630769216097318,0.318936811551499,0.13846153846153847,0.6538461538461539,-0.11000003814697268,0.8441798364207379,0.21730080745925306,-0.026224530325689433,0.8624641782917357,-0.0025481152810755106,-0.0168573148705599
2595,2595,bj920834,2025-09-23,17.05015759317559,0.913665868431241,0.2545118522553845,traded,completed,UP,0.8666666666666667,2.304477474181739,4.0,0.0,4.0,ma_ma20,0.4,16.072627255501082,deep_pullback,16.34178405208578,4.0,pullback,bullish_candle,0.8600000000000001,16.072627255501082,ma_ma20,15.03444132791892,"形态止损: pit_rebound, 支撑 16.07 下方 1.25xATR=2.88 (被硬性止损 8% 截断)",19.610140862502934,"[17.976, 19.6101]",5.0,16.066305452773076,dynamic_stop,D4,-0.0168573148705599,-0.0168573148705599,1.0,2025-09,0.0225043277553376,0.0374639769452449,,,2595,-0.1024667176939838,0.0386612855882035,0.1572398551278117,0.0225042926350478,0.17010000705718992,-0.15129871962867691,-0.01211837355983758,0.08537861965222138,0.028973273202575468,0.08527131782945736,2.2962068999996463e-33,1.5868217986132247,0.4565384571368878,0.27127213968605235,0.11538461538461539,0.6538461538461539,-0.33269229302039516,0.6456398469409137,0.8608872541511364,-0.029179792477186023,0.8400566022237956,-0.0025481152810755106,-0.0168573148705599
2612,2612,bj920145,2025-09-24,31.01,1.020241982206047,0.2317181732389834,traded,completed,UP,0.6749999999999999,2.769302114188412,2.0,0.0,3.0,ma60_washed,0.9,22.854,deep_pullback,29.51,7.0,pullback,bullish_candle,0.83125,23.9925,ma_ma20,27.149200000000004,"形态止损: washout, 支撑 23.99 下方 0.75xATR=2.08 (被硬性止损 8% 截断)",35.412,"[32.461, 35.412]",8.0,27.149200000000004,initial_stop,,-0.0799999999999999,-0.0799999999999999,1.0,2025-09,-0.1470493389229281,0.0346749226006193,,,2612,-0.1093645807315176,0.0777167985254922,0.2100538280979977,-0.1470493206154616,0.18529999732971197,0.18523408541896247,0.31158632662760866,0.07894848284393288,0.025912513561598544,0.06201550387596899,7.453322754895922e-34,2.799321016041334,0.32476780244261094,1.0,0.12307692307692308,0.49230769230769234,0.22302156091173142,1.5541758268306236,0.2480266956476257,-0.01754865439861223,0.4809720324614828,-0.012669248305750514,-0.0799999999999999
2737,2737,bj920505,2025-10-13,65.826224328594,1.490660805448621,0.2652808463436953,traded,completed,RANGE,0.7499999999999999,5.070312584553471,3.0,1.0,4.0,swing_low,1.0,62.29565584225615,deep_pullback,56.99952606635071,5.0,pullback,bullish_candle,0.6925,54.06178146392838,ma_ma20,52.43956398104265,"形态止损: washout, 支撑 54.06 下方 0.75xATR=3.80 (被硬性止损 8% 截断)",80.30799368088469,"[73.0073, 80.308]",6.0,55.21423907319642,dynamic_stop,D4,-0.031321084864392,-0.031321084864392,1.0,2025-10,-0.2456060606060606,0.0,,,2737,-0.1731327748687556,0.0451515660141452,0.2639895913739402,-0.2456060467344342,0.3947250080108642,0.23947748288262893,0.3415171103013217,0.04137355648244617,0.018401923034224693,0.08080808080808081,7.766942912574843e-34,3.566340457930215,0.3474517388630285,0.9260592150170388,0.08,0.68,0.4418414279103353,1.9275088387980277,0.8815993270723885,-0.011828581270234027,0.5324537042787361,-0.004881712623693249,-0.031321084864392
2822,2822,sh600408,2025-10-20,3.2,0.8223613595190352,0.224008461990219,traded,completed,UP,0.85,0.1944155440771262,5.0,0.0,6.0,swing_low,1.0,2.1979999999999995,deep_pullback,3.09,3.0,pullback,bullish_candle,0.8575000000000002,3.1205,poc,2.8428,"无有效支撑, 使用最大止损 8%",3.708,"[3.399, 3.708]",4.0,2.8428,dynamic_stop,D4,-0.0799999999999999,-0.0799999999999999,1.0,2025-10,0.753125,1.2772277227722777,,,2822,0.88569385832308,1.1562499976716936,0.143478294822053,0.753125015599653,0.02177499949932098,0.15242289108391582,0.31633677773555613,0.035803536279808326,0.020851490985191626,0.0707070707070707,2.4737277490892015e-30,341.83731909093194,0.351681988402212,1.0,0.18,0.41,0.3292682643166478,0.36198992314538647,0.9444959348275288,-0.011492077837484144,0.5424529044557735,-0.006865731526000522,-0.0799999999999999
2860,2860,bj920694,2025-10-22,25.45827174530984,0.893563121300806,0.2652808463436953,traded,completed,RANGE,0.7000000000000001,2.191418350905733,2.0,0.0,3.0,swing_low,1.0,20.965722285389425,deep_pullback,22.05728254690165,5.0,pullback,bullish_candle,0.8049999999999999,20.965722285389425,swing_low,20.29269994314952,"形态止损: washout, 支撑 20.97 下方 0.75xATR=1.64 (被硬性止损 8% 截断)",26.46873905628198,"[24.263, 26.4687]",9.0,20.84826037521319,dynamic_stop,D4,-0.0548128342245989,-0.0548128342245989,4.0,2025-10,-0.2544401544401545,0.0,,,2860,-0.1798076400281361,0.0019305461446186,0.2215799549498231,-0.2544401640791162,0.16830000877380372,0.18868170798820327,0.32522026519968605,0.07376373641504283,0.021209704727350363,0.030303030303030304,6.828702578962874e-34,6.944659093538163,0.4418533154682052,0.609722153603293,0.09,0.67,0.41278151376538186,2.5195406587622307,0.8202580453240049,-0.015112355803373358,0.7916437160938381,-0.008382285235162379,-0.0548128342245989
2931,2931,bj920748,2025-10-28,59.77,1.976775672837152,0.2329986342940894,traded,completed,RANGE,0.7,6.241900384963904,3.0,0.0,4.0,swing_low,1.0,55.107000000000006,deep_pullback,62.8,1.0,pullback,bullish_candle,0.8049999999999999,55.107000000000006,swing_low,57.776,"形态止损: washout, 支撑 55.11 下方 0.75xATR=4.68 (被硬性止损 8% 截断)",75.36,"[69.08, 75.36]",2.0,57.776,initial_stop,,-0.0799999999999999,-0.0799999999999999,1.0,2025-10,-0.2086330935251799,0.2882717082148234,,,2931,-0.0541865011195759,0.2882716983482687,0.3620779359495485,-0.2086331123506519,0.5110499858856201,0.25728350984055126,0.4561770535277918,0.05182185360867471,0.038908773374703935,0.12121212121212122,1.0663365045656582e-33,1.5017872178181644,0.4826836232309637,1.0,0.06,0.55,0.39324005435543263,1.6231792072609565,0.6892458093571492,-0.03714972307628863,0.9330530501385326,-0.005252491865937717,-0.0799999999999999
2947,2947,bj920748,2025-10-29,62.8,1.9377230139847528,0.2810637243518045,traded,completed,RANGE,0.5750000000000001,8.342980333635383,3.0,0.0,4.0,ma60_washed,0.9,55.038,deep_pullback,60.15,2.0,pullback,bullish_candle,0.6662500000000001,56.7668,poc,55.338,"形态止损: washout, 支撑 56.77 下方 0.75xATR=6.26 (被硬性止损 8% 截断)",72.17999999999999,"[66.165, 72.18]",3.0,55.338,initial_stop,,-0.0799999999999999,-0.0799999999999999,1.0,2025-10,-0.1243630573248406,0.0,,,2947,-0.1483525835122056,0.0949045059168203,0.2856312186470563,-0.1243630199597962,0.6204750061035156,0.3425128562921973,0.6427904930815929,0.06062467031365923,0.04454944331213131,0.1111111111111111,1.275526800449966e-33,1.5485553197307256,0.598441557450728,0.8524304890838439,0.09,0.51,0.6104610392866561,1.4831388871371214,0.8811173965206733,-0.038240414626113425,1.4902975358992685,-0.012669248305750514,-0.0799999999999999
2965,2965,bj920748,2025-10-30,58.0,1.896424881862262,0.2423038816327085,traded,completed,RANGE,0.5,8.766582955817332,2.0,1.0,3.0,ma60_washed,0.9,55.001666666666665,deep_pullback,60.15,3.0,pullback,bullish_candle,0.755,55.001666666666665,ma60_washed,55.338,"形态止损: washout, 支撑 55.00 下方 0.75xATR=6.57 (被硬性止损 8% 截断)",72.17999999999999,"[60.8212, 72.18]",6.0,55.78,dynamic_stop,D4,-0.0726517040731504,-0.0726517040731504,3.0,2025-10,-0.0758620689655171,0.1717791411042946,,,2965,-0.0778714292124471,0.18551727821087,0.2856312186470563,-0.0758620952737743,0.7339750194549559,0.030368484765677994,0.3232608063279052,0.06963141609048906,0.04722952593185579,0.12121212121212122,1.3103473583878716e-33,1.63489638641007,0.598441557450728,0.6024305615200443,0.1,0.47,0.34679827211810865,0.884980761122654,0.7074660834461666,-0.04223235672901634,1.4902975358992685,-0.012669248305750514,-0.0726517040731504
2982,2982,bj920748,2025-10-31,60.15,1.6911187301438353,0.2423038816327085,traded,completed,RANGE,0.5750000000000001,9.01770522837502,3.0,0.0,4.0,ma60_washed,0.9,55.0475,deep_pullback,60.15,2.0,pullback,bullish_candle,0.7662500000000001,55.0475,ma60_washed,55.338,"形态止损: washout, 支撑 55.05 下方 0.75xATR=6.76 (被硬性止损 8% 截断)",72.17999999999999,"[66.165, 72.18]",5.0,55.78,dynamic_stop,D4,-0.0726517040731504,-0.0726517040731504,3.0,2025-10,-0.0573566084788029,0.1216965742251225,,,2982,-0.1108319908742251,0.1431421511543469,0.2856312186470563,-0.0573566197077339,0.8601750087738036,-0.0013440387435155188,0.3129758890247696,0.07209253553492628,0.04982872513328092,0.13131313131313133,1.3896579105700074e-33,1.6921386541395258,0.598441557450728,0.6592881773234873,0.08,0.44,0.10890015540337261,0.8065082766589988,0.34239181900832116,-0.03680077892256921,1.4902975358992685,-0.012669248305750514,-0.0726517040731504
2986,2986,sz300300,2025-10-31,10.15,0.9930266181371704,0.2508814891593486,traded,completed,UP,0.7749999999999999,0.9966793319281596,4.0,0.0,5.0,ma60_washed,0.9,5.667166666666666,shallow_pullback,10.68,1.0,pullback,bullish_candle,0.8462500000000001,9.589,poc,9.8256,"形态止损: washout, 支撑 9.59 下方 0.75xATR=0.75 (被硬性止损 8% 截断)",12.816,"[11.748, 12.816]",2.0,12.816,initial_tp,,0.1999999999999999,0.1999999999999999,1.0,2025-10,0.7517241379310344,0.7983348751156336,,"{'structure_strength': np.float64(0.7749999999999999), 'trend': 'UP', 'atr_ratio': 0.09332203482473406, 'n_supports': 4, 'n_resistances': 0, 'top_support_source': 'ma60_washed', 'top_support_dist': -0.4693664169787766, 'v2_pattern': '', 'fine_score': 0.9930266181371704, 'operable_score': 0.25088148915934866, 'entry_day': 1}",2986,0.4866312623369826,0.8354679665952773,0.2346491111117385,0.7517242714162844,0.14032500267028808,0.08926674413691216,0.4293350750772835,0.06588636215516261,0.035613238814900014,0.09090909090909091,1.261411032016925e-31,1.978299158001776,0.5667938778474186,0.9612795356087405,0.22,0.38,0.11534281480048647,0.23466099381967348,0.09884102389427973,-0.017254399619933383,1.3083699626197474,-0.012669248305750514,0.1999999999999999
2987,2987,bj920953,2025-10-31,45.1,0.8383368180050553,0.2374195906443447,traded,completed,RANGE,0.75,3.5223014265745656,3.0,1.0,4.0,ma60_washed,0.9,38.05766666666667,deep_pullback,38.88,8.0,pullback,bullish_candle,0.7925,38.05766666666667,ma60_washed,35.769600000000004,"形态止损: washout, 支撑 38.06 下方 0.75xATR=2.64 (被硬性止损 8% 截断)",50.17100000000001,"[45.61, 50.171]",9.0,39.7,dynamic_stop,D4,0.0210905349794239,0.0210905349794239,1.0,2025-10,-0.2175166297117516,0.0380313199105144,,,2987,-0.1655746439519241,0.0288249023445925,0.2329741598663935,-0.2175165829378651,0.18595000267028788,0.0922686096081955,0.16386046191643477,0.04386760211690903,0.026194649730768692,0.0707070707070707,1.7001070840360277e-33,2.5796695496020936,0.34059407451365253,0.6627907569889354,0.06,0.5,0.17786560907244553,1.8777506403410393,0.7554578329930508,-0.01722658747548659,0.5165165512615708,-0.005252491865937717,0.0210905349794239
3015,3015,bj920748,2025-11-04,60.15,1.639599722986118,0.2213658522930517,traded,completed,RANGE,0.5750000000000001,9.72112081597946,3.0,0.0,4.0,ma60_washed,0.9,55.157,deep_pullback,56.01,6.0,pullback,bullish_candle,0.7662500000000001,55.157,ma60_washed,51.5292,"形态止损: washout, 支撑 55.16 下方 0.75xATR=7.29 (被硬性止损 8% 截断)",67.21199999999999,"[61.611, 67.212]",10.0,55.58,dynamic_stop,D2,-0.0076772004999107,-0.0076772004999107,4.0,2025-11,-0.1180382377389859,0.0535433070866142,,,3015,-0.1213098821052247,0.1122194485247998,0.2657698383925493,-0.1180382727964464,0.455650005340576,0.01895905797505204,0.23717768078529833,0.04998571724070736,0.054735946873594114,0.1414141414141414,1.555721555093412e-33,0.9655846174341667,0.598441557450728,0.7070312495149361,0.08,0.38,0.025848116876898253,1.285554217673423,0.02284680953792939,-0.040775393008455285,1.4902975358992685,-0.006790767198209785,-0.0076772004999107
3018,3018,sz300402,2025-11-04,26.0,0.8120002262382741,0.224008461990219,traded,completed,UP,0.975,1.302733850073715,3.0,0.0,4.0,swing_low,1.0,17.535,deep_pullback,25.31,2.0,pullback,long_lower_shadow,0.8762500000000001,25.41,poc,23.2852,"无有效支撑, 使用最大止损 8%",30.372,"[27.841, 30.372]",3.0,25.61,dynamic_stop,D4,0.0118530225207427,0.0118530225207427,1.0,2025-11,-0.2123076923076923,0.1003051106025936,,,3018,-0.1352673069454349,0.1096153992872972,0.2831889070456135,-0.2123077099139874,0.13499998569488536,0.2387206227636134,0.3643695508692215,0.06192772993221785,0.009702072023156209,0.04040404040404041,3.786078789149232e-33,5.909149859914023,0.33180774536327684,1.0,0.15,0.41,0.4296618917778299,3.2856356600471024,0.8299840933682677,-0.005414186606096877,0.4965752641710448,-0.008382285235162379,0.0118530225207427
3112,3112,bj920834,2025-11-12,18.889961095728296,0.8191784553392985,0.2588554087904225,traded,completed,UP,0.7999999999999999,1.439714473209738,5.0,1.0,6.0,ma60_washed,0.9,15.81355448275058,deep_pullback,16.951772379135342,7.0,pullback,long_lower_shadow,0.8500000000000001,16.21486712597386,ma_ma20,15.595630588804514,"形态止损: washout, 支撑 16.21 下方 0.75xATR=1.08 (被硬性止损 8% 截断)",28.0591314087268,"[25.5083, 28.0591]",15.0,16.932095336327293,dynamic_stop,D4,-0.0011607661056296,-0.0011607661056296,8.0,2025-11,-0.1708333333333332,0.0837209302325578,,,3112,-0.1102109026490623,0.0921874208375843,0.2274677494804362,-0.1708333623078123,0.08372500419616688,0.050859443202947,0.12703130227513793,0.03773433665279885,0.021768844733333216,0.04838709677419355,1.8137636608065054e-33,1.9121708321363593,0.3183856354575952,0.5845071699524331,0.072,0.496,0.07142862423445973,1.3121068867433197,0.6068181132380258,-0.01495579198507747,0.4671052313742541,-0.004661202522211413,-0.0011607661056296
3126,3126,bj920834,2025-11-13,19.480272379969808,0.8635776798644136,0.2717630626246351,traded,completed,UP,0.7999999999999999,1.5192957341995337,5.0,1.0,6.0,ma60_washed,0.9,15.911119820007164,deep_pullback,16.951772379135342,6.0,pullback,long_lower_shadow,0.95,15.911119820007164,ma60_washed,15.595630588804514,"形态止损: washout, 支撑 15.91 下方 0.75xATR=1.14 (被硬性止损 8% 截断)",28.0591314087268,"[25.5083, 28.0591]",14.0,16.932095336327293,dynamic_stop,D4,-0.0011607661056296,-0.0011607661056296,8.0,2025-11,-0.1727272727272727,0.0,,,3126,-0.149535214977495,0.0161616977021843,0.1948310095817721,-0.172727283236081,0.10382499694824218,0.06041467056038008,0.1490866034073579,0.032877908810573724,0.0225635715131806,0.046511627906976744,1.9058037242974552e-33,1.70757343162702,0.3183856354575952,0.6971831279150031,0.06923076923076923,0.47692307692307695,0.12821942496751304,1.0947391617918103,0.7093391715944163,-0.015847288376517454,0.4671052313742541,-0.004661202522211413,-0.0011607661056296
3139,3139,bj920748,2025-11-14,63.5,1.6857696314477022,0.2749412260822217,traded,completed,RANGE,0.5750000000000001,6.932692538624052,3.0,0.0,4.0,ma60_washed,0.9,55.25533333333333,deep_pullback,59.98,1.0,pullback,long_lower_shadow,0.6662500000000001,60.82119999999999,poc,55.1816,"无有效支撑, 使用最大止损 8%",71.976,"[65.978, 71.976]",2.0,55.58,dynamic_stop,D4,-0.0733577859286428,-0.0733577859286428,1.0,2025-11,-0.1963779527559055,0.0698864545018391,,,3139,-0.1676659538244811,0.0535433311162032,0.2657698383925493,-0.1963779719795767,0.06479998588562026,0.06052252751115428,0.046497985650230556,0.027976602877224813,0.05095384888082615,0.16279069767441862,1.7443980805272482e-33,1.2041421675019401,0.4524675344491934,0.5846727566782659,0.12307692307692308,0.4461538461538462,0.130741404014179,1.2557009039517164,0.744747556322305,-0.03257861957262115,0.8263757181850764,-0.006790767198209785,-0.0733577859286428
3154,3154,bj920809,2025-11-17,8.87,1.4344421421598583,0.2680795446295174,traded,completed,UP,0.9583333333333334,0.7729147028405846,3.0,0.0,4.0,swing_low,1.0,5.753266666666666,shallow_pullback,7.16,8.0,pullback,bullish_candle,0.87375,6.958,ma_ma20,6.5872,"形态止损: washout, 支撑 6.96 下方 0.75xATR=0.58 (被硬性止损 8% 截断)",8.592,"[7.876, 8.592]",11.0,7.66,initial_stop,,0.0698324022346368,0.0698324022346368,3.0,2025-11,-0.1544532130777902,0.0465116279069768,,"{'structure_strength': np.float64(0.9583333333333334), 'trend': 'UP', 'atr_ratio': 0.10794898084365706, 'n_supports': 3, 'n_resistances': 0, 'top_support_source': 'swing_low', 'top_support_dist': -0.19647113594040982, 'v2_pattern': '', 'fine_score': 1.4344421421598583, 'operable_score': 0.26807954462951744, 'entry_day': 8}",3154,-0.1453373901880106,0.0653889437642869,0.2465608434638945,-0.1544532021685285,0.04005000352859502,0.024506429926414386,0.17448132883598988,0.040580810352852326,0.025763663697618108,0.06201550387596899,1.6693793227644974e-32,0.7575686828926415,0.4163223225988491,0.8387095438301475,0.13846153846153847,0.5,0.11757423493011632,0.8413981273263214,0.3893596203573869,-0.016082507134011326,0.7132743613779124,-0.004209719204707337,0.0698324022346368
3171,3171,sz002620,2025-11-18,7.61,0.8369529444160336,0.2324098976042125,traded,completed,UP,0.9333333333333332,0.2959435266376904,3.0,0.0,4.0,swing_low,1.0,5.7,deep_pullback,6.07,4.0,pullback,long_lower_shadow,0.97,5.884166666666666,ma60_washed,5.662209021688399,"形态止损: washout, 支撑 5.88 下方 0.75xATR=0.22",7.284,"[6.677, 7.284]",5.0,5.99,initial_stop,,-0.0131795716639209,-0.0131795716639209,1.0,2025-11,-0.3232588699080158,0.0496551724137932,,,3171,-0.2546522913730024,0.0,0.341655697636874,-0.3232588692493111,0.044525007009506234,0.0748702545204003,0.1867736081944087,0.020603562610108147,0.014448454581767144,0.10852713178294573,2.5664689985078743e-33,0.2481577349211992,0.24413792840365706,1.0,0.2,0.5076923076923077,0.15814692251137474,0.1744697043177223,0.9398236874567296,-0.009241668015892547,0.32299269612516723,-0.0011275703483504826,-0.0131795716639209
3411,3411,sz001203,2025-12-08,27.8,1.008874909782894,0.2135552021861164,traded,completed,RANGE,0.625,2.2830683708232478,3.0,1.0,3.0,swing_low,0.4,27.11,deep_pullback,28.11,2.0,pullback,bullish_candle,0.6737500000000001,27.11,swing_low,25.8612,"形态止损: pit_rebound, 支撑 27.11 下方 1.25xATR=2.85 (被硬性止损 8% 截断)",33.732,"[28.575, 33.732]",3.0,27.85,dynamic_stop,D4,-0.0092493774457487,-0.0092493774457487,1.0,2025-12,0.0043165467625898,0.2063037249283665,,,3411,0.0497474770134451,0.2115108355929926,0.1540974016339318,0.0043165770693052,-0.1596249961853026,0.052552211106979385,-0.020018486448403094,0.01938880397050622,0.025760833884036768,0.13178294573643412,2.4976218808300904e-32,0.8147804634393089,0.2888513540725276,0.2592592386035457,0.23076923076923078,0.45384615384615384,0.013798080905377041,0.9822330017930684,0.014959196173156886,-0.02638586048823562,0.4061757773521606,-0.00391538965102975,-0.0092493774457487
3499,3499,bj920665,2025-12-15,19.0,1.03120779547984,0.238599210391315,traded,completed,UP,0.95,1.9364705654880583,4.0,0.0,5.0,swing_low,1.0,12.895,deep_pullback,16.3,3.0,pullback,bullish_candle,0.8725,15.5335,poc,14.996,"形态止损: washout, 支撑 15.53 下方 0.75xATR=1.45 (被硬性止损 8% 截断)",19.56,"[17.93, 19.56]",4.0,15.97,dynamic_stop,D4,-0.0202453987730061,-0.0202453987730061,1.0,2025-12,-0.2278947368421052,0.0,,,3499,-0.2033543104358999,0.0,0.2552631779720908,-0.2278947328266344,0.11435000658035284,0.22776790051124518,0.3751982236190581,0.07167275616242452,0.02849492666949281,0.06201550387596899,1.7928131708429536e-33,2.065158105089926,0.3974937344316857,1.0,0.14615384615384616,0.5,0.46475777757471937,1.6977624471348964,0.8031651258146433,-0.021681512479594295,0.6597337773022982,-0.012669248305750514,-0.0202453987730061
3693,3693,sz002591,2025-12-30,9.19,1.3297393271837314,0.2522833561815769,traded,completed,UP,0.9166666666666666,0.4281011932318298,4.0,0.0,5.0,swing_low,1.0,6.28,deep_pullback,6.95,3.0,pullback,long_lower_shadow,0.9675,6.801833333333334,ma60_washed,6.480757438409461,"形态止损: washout, 支撑 6.80 下方 0.75xATR=0.32",8.34,"[7.645, 8.34]",12.0,8.34,initial_tp,,0.1999999999999999,0.1999999999999999,9.0,2025-12,-0.1643090315560391,0.0465631929046563,,,3693,-0.1899080194276294,0.0272034832878167,0.268008458202544,-0.1643090120774192,0.06532500028610229,0.14802093234409286,0.30614221994936175,0.03650091531920811,0.013967370434761251,0.023255813953488372,4.4864884107241974e-33,1.324455350051061,0.32926830557668957,1.0,0.17692307692307693,0.5230769230769231,0.3462687633647852,0.7231230871048647,0.9440968429336967,-0.007879071906069849,0.49090911956947525,0.004261336675424993,0.1999999999999999
3743,3743,bj920092,2026-01-06,48.0,1.1510868371425012,0.2298726772349607,traded,completed,UP,0.725,4.2662564180634455,3.0,0.0,4.0,ma60_washed,0.9,35.39216666666667,shallow_pullback,43.54,3.0,pullback,bullish_candle,0.8387500000000001,41.74,poc,40.0568,"形态止损: washout, 支撑 41.74 下方 0.75xATR=3.20 (被硬性止损 8% 截断)",52.248,"[47.894, 52.248]",6.0,52.248,initial_tp,,0.1999999999999999,0.1999999999999999,3.0,2026-01,-0.2004166666666665,0.1208836162814481,,"{'structure_strength': np.float64(0.725), 'trend': 'UP', 'atr_ratio': 0.09798475925731386, 'n_supports': 3, 'n_resistances': 0, 'top_support_source': 'ma60_washed', 'top_support_dist': -0.18713443576787622, 'v2_pattern': '', 'fine_score': 1.1510868371425012, 'operable_score': 0.22987267723496074, 'entry_day': 3}",3743,-0.110052172542467,0.1416666507720947,0.2828467192663307,-0.200416644414266,0.003424978256225586,0.236907353870919,0.20249894244038202,0.041579243096276204,0.03287999166990828,0.09243697478991597,1.8570131809095975e-33,1.1012304011620455,0.41538462272057164,0.8560184928043066,0.08333333333333333,0.5166666666666667,0.32099436927569913,2.0929658151158357,0.5833976907741718,-0.022783832624218136,0.7105263372537505,-0.004661202522211413,0.1999999999999999
3745,3745,bj920576,2026-01-06,85.0,0.933780010260306,0.2378425859118376,traded,completed,UP,0.7749999999999999,11.211270454746924,5.0,0.0,6.0,ma60_washed,0.9,42.7775,shallow_pullback,89.24,1.0,pullback,bullish_candle,0.8462500000000001,84.0885,poc,82.10079999999999,"形态止损: washout, 支撑 84.09 下方 0.75xATR=8.41 (被硬性止损 8% 截断)",107.088,"[98.164, 107.088]",2.0,107.088,initial_tp,,0.1999999999999999,0.1999999999999999,1.0,2026-01,0.0118823529411764,0.4140366867950324,,"{'structure_strength': np.float64(0.7749999999999999), 'trend': 'UP', 'atr_ratio': 0.12563055193575665, 'n_supports': 5, 'n_resistances': 0, 'top_support_source': 'ma60_washed', 'top_support_dist': -0.5206465710443746, 'v2_pattern': '', 'fine_score': 0.933780010260306, 'operable_score': 0.23784258591183763, 'entry_day': 1}",3745,0.156077849817166,0.4601176542394301,0.2629925004361498,0.0118823780732997,-0.4532749938964848,0.20707434040868833,0.1133449995318152,0.039844531715128195,0.05690501086274075,0.14285714285714285,3.3370251203411766e-33,0.9800381045712454,0.4766454263884081,0.8567928589543226,0.18333333333333332,0.44166666666666665,0.17026662190755215,1.5330805112466823,0.3050544574347903,-0.03632705885449024,0.9107504747673247,-0.006790767198209785,0.1999999999999999
3792,3792,bj920751,2026-01-12,27.99,1.3019508756437463,0.224008461990219,traded,completed,UP,0.825,2.038681299829449,4.0,0.0,5.0,ma60_washed,0.9,20.974499999999995,deep_pullback,26.52,6.0,pullback,bullish_candle,0.8537500000000001,25.4363,poc,24.3984,"形态止损: washout, 支撑 25.44 下方 0.75xATR=1.53 (被硬性止损 8% 截断)",31.824,"[29.172, 31.824]",11.0,26.71,dynamic_stop,D4,0.0071644042232277,0.0071644042232277,5.0,2026-01,-0.0478742408002857,0.0208633093525179,,,3792,-0.066447384312873,0.0139335260034858,0.0861021746023341,-0.0478742466432809,0.233774995803833,0.058926570880925455,0.21566365865267456,0.05960876066061305,0.024122934337545667,0.07563025210084033,1.0859349229488338e-33,2.269217499600293,0.29343631721705177,0.9174640569758762,0.10833333333333334,0.4,0.015339667244978372,0.8617294663418216,0.18733167288695374,-0.013159058265291724,0.4153005940827468,-0.009100672954583746,0.0071644042232277
3810,3810,bj920575,2026-01-13,10.8,0.8909137387638226,0.2329986342940894,traded,completed,RANGE,0.625,0.7279551206833382,4.0,1.0,5.0,ma60_washed,0.9,11.753666666666668,shallow_pullback,9.85,4.0,pullback,long_lower_shadow,0.6737500000000001,9.256,ma_ma20,9.062,"形态止损: washout, 支撑 9.26 下方 0.75xATR=0.55 (被硬性止损 8% 截断)",16.1975,"[14.725, 16.1975]",11.0,10.68,initial_stop,,0.0842639593908629,0.0842639593908629,7.0,2026-01,-0.0925925925925925,0.0175145954962467,,"{'structure_strength': np.float64(0.625), 'trend': 'RANGE', 'atr_ratio': 0.07390407316582115, 'n_supports': 4, 'n_resistances': 1, 'top_support_source': 'ma60_washed', 'top_support_dist': 0.1932656514382404, 'v2_pattern': '', 'fine_score': 0.8909137387638226, 'operable_score': 0.23299863429408943, 'entry_day': 4}",3810,-0.0287892026280101,0.1296295920190175,0.1631147378876911,-0.0925925909573486,0.052549993991851805,0.24603790937919534,0.325594223799045,0.061210213416274986,0.019476853326654987,0.03361344537815126,3.01725757557814e-33,2.416663994686577,0.3160967501419376,1.0,0.05,0.6416666666666667,0.3749999316460517,2.6626383165843435,0.6755796758808894,-0.015535570174195736,0.46219512804996965,-0.008382285235162379,0.0842639593908629
3827,3827,bj920088,2026-01-14,40.0,1.0198703060263232,0.233911177736014,traded,completed,RANGE,0.7666666666666667,3.1764479988538743,4.0,0.0,5.0,swing_low,1.0,33.39,deep_pullback,35.61,5.0,pullback,bullish_candle,0.6950000000000001,34.2111,poc,32.7612,"形态止损: washout, 支撑 34.21 下方 0.75xATR=2.38 (被硬性止损 8% 截断)",42.732,"[39.171, 42.732]",7.0,42.732,initial_tp,,0.1999999999999999,0.1999999999999999,2.0,2026-01,0.08325,0.4688156972669937,,,3827,0.1996039020352431,0.5720000267028809,0.3104325719813281,0.0832500457763671,0.25380002498626697,0.15619897163740437,0.29998435562311343,0.03002385074768333,0.019005443927392285,0.07563025210084033,1.4147348491081547e-33,1.57716971076163,0.3634577827274743,0.819819836332319,0.125,0.4166666666666667,0.2620873727665689,1.3420514127096939,0.8501867485442863,-0.011050484181607676,0.57098770963665,0.01279851778263464,0.1999999999999999
3830,3830,sz301001,2026-01-14,40.46,0.8355566453425568,0.224008461990219,traded,completed,UP,0.7999999999999999,2.956145155558235,4.0,0.0,5.0,swing_low,1.0,29.57,deep_pullback,33.08,5.0,pullback,long_lower_shadow,0.8500000000000001,32.6555,poc,30.43839113333133,"形态止损: washout, 支撑 32.66 下方 0.75xATR=2.22",39.696,"[36.388, 39.696]",8.0,39.696,initial_tp,,0.1999999999999999,0.1999999999999999,3.0,2026-01,-0.1700444883835887,0.0,,,3830,-0.1376811452807835,0.0,0.1596638465311239,-0.1700444243474613,0.3177750205993652,0.17788360876046916,0.3514469562731679,0.04923248708429515,0.01542546348843724,0.01680672268907563,1.4670980316891219e-33,3.541075652536893,0.3493470400289661,0.9853136716011986,0.05,0.48333333333333334,0.39411762469275957,1.1904825743462202,0.9092279272868833,-0.00643309129048805,0.536917622021605,0.004261336675424993,0.1999999999999999
3840,3840,bj920270,2026-01-15,21.108395063288416,1.3473772969471662,0.2669838101776057,traded,completed,UP,0.95,2.5501502168475514,5.0,1.0,6.0,swing_low,1.0,17.540462295535015,deep_pullback,20.909259260804564,3.0,pullback,bullish_candle,0.8725,20.72545691511197,poc,19.2365185199402,"形态止损: washout, 支撑 20.73 下方 0.75xATR=1.91 (被硬性止损 8% 截断)",28.1259407428194,"[25.569, 28.1259]",4.0,20.232197532359464,dynamic_stop,D4,-0.0323809523809524,-0.0323809523809524,1.0,2026-01,-0.1066037735849055,0.0,,,3840,-0.0953616483621198,0.0797169134853681,0.1935343129445064,-0.1066037805447926,0.04424999237060554,0.05777573723271168,0.0948370170650168,0.049435866135118064,0.03010887146628118,0.10084033613445378,2.356642100169047e-33,1.0277947286591351,0.42985746825723997,0.6945898788525717,0.09166666666666666,0.575,0.09711033528134072,1.4338404985260027,0.25284563366252244,-0.02358246252766493,0.7539473803915147,-0.001004901634213609,-0.0323809523809524
3889,3889,bj920021,2026-01-20,10.921887416498814,1.879384882764788,0.23116407774106,traded,completed,UP,0.825,1.4737729105931492,4.0,0.0,5.0,swing_low,1.0,6.289569536009371,deep_pullback,12.000099336957565,2.0,pullback,bullish_candle,0.8537500000000001,10.989774833712882,poc,11.040091390000958,"形态止损: washout, 支撑 10.99 下方 0.75xATR=1.11 (被硬性止损 8% 截断)",14.400119204349076,"[13.2001, 14.4001]",4.0,12.199768211116591,initial_stop,,0.016638935108153,0.016638935108153,2.0,2026-01,0.1837294332723946,0.5346795434591745,,,3889,0.3063448716366068,0.5978062351647628,0.2231121121660694,0.183729461241114,0.0014000010490417658,0.0747818263573734,0.2329286560496151,0.05444775971149827,0.031886104680631994,0.06722689075630252,1.2621253821804264e-32,0.6529580965187824,0.5187914254486697,0.6903409785552632,0.175,0.475,-0.026495681281712202,1.1476026183008319,0.04470438914501729,-0.029189390902194412,1.0781009584718664,-0.001360262343852411,0.016638935108153
3890,3890,bj920471,2026-01-20,17.35879219804951,1.542982418484397,0.257285886511155,traded,completed,RANGE,0.6833333333333333,0.8964974879860126,3.0,0.0,4.0,ma60_washed,0.9,13.605660540135036,deep_pullback,17.150367591897975,2.0,pullback,long_lower_shadow,0.6825000000000001,16.080950862715678,poc,15.778338184546138,"形态止损: washout, 支撑 16.08 下方 0.75xATR=0.67 (被硬性止损 8% 截断)",20.58044111027757,"[18.8654, 20.5804]",6.0,20.58044111027757,initial_tp,,0.1999999999999999,0.1999999999999999,4.0,2026-01,-0.0668953687821609,0.2921669525443111,,,3890,0.0207261052956235,0.2921669912649103,0.2659292091786678,-0.0668953740197302,0.02744999408721922,0.2189002618397291,0.273280984018512,0.04690973057153422,0.016646932059957795,0.025210084033613446,7.104857978531592e-34,2.5804507819687212,0.28301886072287097,1.0,0.16666666666666666,0.5,0.2719999833540483,3.5005496235821196,0.5135883772984553,-0.008271666037190893,0.3947368280959451,0.009141247773640632,0.1999999999999999
3926,3926,bj920021,2026-01-22,12.000099336957565,1.8078271146893008,0.2344103026620404,traded,completed,UP,0.85,1.5122506520829786,4.0,1.0,5.0,swing_low,1.0,6.289569536009371,deep_pullback,12.129884105160931,5.0,pullback,bullish_candle,0.8575000000000002,10.989774833712882,poc,11.159493376748058,"形态止损: washout, 支撑 10.99 下方 0.75xATR=1.13 (被硬性止损 8% 截断)",14.902286422859031,"[13.5475, 14.9023]",7.0,14.902286422859031,initial_tp,,0.2285596707818931,0.2285596707818931,2.0,2026-01,-0.1272878535773709,0.52,,,3926,0.0895913078485886,0.4542428349864216,0.3346681682491041,-0.1272879058550523,-0.024674990177154486,0.052968913055255085,0.1489468029642136,0.04209062913361136,0.03521931412346264,0.08403361344537816,1.5176934623035718e-32,0.7126364013254338,0.5187914254486697,0.70596593093081,0.2,0.475,0.13300496869035427,1.043939052731918,0.6750807689409226,-0.03033096927783039,1.0781009584718664,-0.001889435331257521,0.2285596707818931
3927,3927,bj920394,2026-01-22,57.27419988219124,1.4569448408646068,0.2590002529440866,traded,completed,UP,0.7749999999999999,4.551643238779636,4.0,0.0,5.0,swing_low,1.0,34.99204594541527,deep_pullback,58.64878067936383,4.0,pullback,long_lower_shadow,0.8462500000000001,55.12318014922442,poc,53.95687822501473,"形态止损: washout, 支撑 55.12 下方 0.75xATR=3.41 (被硬性止损 8% 截断)",70.3785368152366,"[64.5137, 70.3785]",5.0,53.95687822501473,initial_stop,,-0.0799999999999999,-0.0799999999999999,1.0,2026-01,-0.1493913043478261,0.1897887323943663,,,3927,-0.018449453989933,0.1753043796705162,0.1973956761045518,-0.1493913070015285,0.08757499694824204,0.025900358572310545,0.1030589684272527,0.019601731187145446,0.02856101594102034,0.05042016806722689,1.3640262223843742e-33,0.594592730004446,0.36272878187255814,0.8486238829104882,0.15,0.31666666666666665,0.02471583843301617,0.9723207033919063,0.4037489702123832,-0.019680405653157606,0.569190591940431,-0.0024556029395658673,-0.0799999999999999
3930,3930,bj920427,2026-01-22,21.88,1.1659474564008854,0.215547469236389,traded,completed,UP,0.75,1.7487972268382197,4.0,0.0,5.0,ma60_washed,0.9,13.816833333333332,deep_pullback,20.5,1.0,pullback,long_lower_shadow,0.8425,21.6961,poc,18.86,"无有效支撑, 使用最大止损 8%",24.6,"[22.55, 24.6]",2.0,18.86,dynamic_stop,D4,-0.08,-0.08,1.0,2026-01,-0.3761425959780621,0.0050675675675675,,,3930,-0.2262856123139273,0.0877513779679082,0.4058823194706482,-0.3761425894839009,0.15312499523162834,0.36158470748472826,0.551057861223708,0.09318352133511956,0.020558063961105866,0.05042016806722689,1.3759288695185191e-33,3.105245721488712,0.48310812443516543,1.0,0.225,0.5166666666666667,0.6032498017106476,2.1212129097395516,0.7772252804981408,-0.008201265628290792,0.9346405839852836,-0.008382285235162379,-0.08
3931,3931,bj920640,2026-01-22,46.478742893240685,0.806316175913333,0.2717630626246351,traded,completed,UP,0.7999999999999999,3.91558728618021,4.0,0.0,4.0,swing_low,0.6,31.28108970309539,deep_pullback,46.53845862286797,6.0,pullback,bullish_candle,0.8500000000000001,42.54845262160455,ma_ma20,42.81538193303854,"形态止损: pit_rebound, 支撑 42.55 下方 1.25xATR=4.89 (被硬性止损 8% 截断)",55.846150347441565,"[51.1923, 55.8462]",15.0,47.36452621604549,initial_stop,,0.0177502138579985,0.0177502138579985,9.0,2026-01,-0.076017130620985,0.1781483106625712,,,3931,0.0466705659691732,0.1498929311700378,0.0986197267382645,-0.0760171130420576,-0.15017499923706054,0.020543002094703278,-0.010868542100809786,0.01593095976672255,0.03253323721121491,0.12605042016806722,4.008740377571018e-33,0.6196334958234502,0.38946490322183086,0.3894376622147126,0.08333333333333333,0.5583333333333333,-0.013846805987572486,1.1324709405975897,0.1000067630996686,-0.02538338248590639,0.6379074770263999,-0.00391538965102975,0.0177502138579985
3940,3940,bj920021,2026-01-23,12.289619204488154,1.7012897133752996,0.2135552021861164,traded,completed,UP,0.85,1.5768423973506187,4.0,1.0,5.0,swing_low,1.0,6.289569536009371,deep_pullback,12.129884105160931,4.0,pullback,bullish_candle,0.8575000000000002,10.989774833712882,poc,11.159493376748058,"形态止损: washout, 支撑 10.99 下方 0.75xATR=1.18 (被硬性止损 8% 截断)",14.902286422859031,"[13.5475, 14.9023]",6.0,14.902286422859031,initial_tp,,0.2285596707818931,0.2285596707818931,2.0,2026-01,-0.09910641754671,0.4006410256410255,,,3940,0.0446681234969434,0.4199836674563337,0.3592677286859786,-0.0991064358604462,0.027425007820129466,0.07502795467591539,0.18770417772249037,0.04550664434985352,0.037280101681758104,0.09243697478991597,1.653448023761673e-32,0.9662215679369908,0.5187914254486697,0.8451704215450758,0.175,0.4666666666666667,0.18406068191695057,1.0759859474355646,0.6722841182044004,-0.03214830541928598,1.0781009584718664,0.0017668655567402826,0.2285596707818931
3942,3942,bj920394,2026-01-23,62.22468289809542,1.3834520638732892,0.2672924351486956,traded,completed,UP,0.7999999999999999,5.3764464584902285,4.0,0.0,5.0,swing_low,1.0,34.99204594541527,deep_pullback,58.64878067936383,3.0,pullback,long_lower_shadow,0.8500000000000001,55.32578140585117,poc,53.95687822501473,"形态止损: washout, 支撑 55.33 下方 0.75xATR=4.03 (被硬性止损 8% 截断)",70.3785368152366,"[64.5137, 70.3785]",4.0,53.95687822501473,initial_stop,,-0.0799999999999999,-0.0799999999999999,1.0,2026-01,-0.1941732031375059,0.0,,,3942,-0.1374627280958904,0.0084840526483169,0.1692063467843192,-0.1941732164412899,0.07762500762939446,0.1098505527964615,0.1890068402831513,0.031151971678155605,0.030553380872487858,0.058823529411764705,1.467939246938716e-33,0.699439878032613,0.4332643060175126,0.8469944344249298,0.16666666666666666,0.275,0.1219771797816438,1.658326817826427,0.38493085882435774,-0.01947465628750965,0.7644909445758341,-0.004661202522211413,-0.0799999999999999
3950,3950,bj920640,2026-01-23,48.51903032217309,0.9174237040688248,0.2545118522553845,traded,completed,UP,0.85,3.978723131703624,3.0,0.0,3.0,swing_low,0.6,31.28108970309539,deep_pullback,45.24461781427669,2.0,pullback,bullish_candle,0.8575000000000002,43.177458307012,ma_ma20,41.62504838913456,"形态止损: pit_rebound, 支撑 43.18 下方 1.25xATR=4.97 (被硬性止损 8% 截断)",54.29354137713203,"[49.7691, 54.2935]",7.0,46.478742893240685,initial_stop,,0.0272767267927849,0.0272767267927849,5.0,2026-01,-0.1093333333333332,0.1004098360655738,,,3950,-0.0687560352780219,0.1015384771885015,0.1828677757040442,-0.1093333708934295,-0.0656500148773194,0.0775005405979432,0.04191870948804932,0.02101820535593239,0.03267244497629371,0.13445378151260504,4.014224641190715e-33,0.8152966172254468,0.38695651646944534,0.524632658161573,0.08333333333333333,0.5166666666666667,0.11390088352774419,1.419864459832568,0.7494088971795969,-0.02476028534530736,0.631205659737119,0.005062784384856293,0.0272767267927849
3951,3951,bj920427,2026-01-23,20.5,0.828217639718857,0.238599210391315,traded,completed,UP,0.75,2.018290929926457,4.0,0.0,5.0,ma60_washed,0.9,13.939,deep_pullback,15.01,7.0,pullback,long_lower_shadow,0.8425,14.7,ma_ma20,13.8092,"形态止损: washout, 支撑 14.70 下方 0.75xATR=1.51 (被硬性止损 8% 截断)",18.012,"[16.511, 18.012]",10.0,15.03,initial_stop,,0.0013324450366423,0.0013324450366423,3.0,2026-01,-0.3341463414634146,0.0,,,3951,-0.2251865099031839,0.0458536845881765,0.3498134686032541,-0.3341463600716939,0.24802499532699587,0.16024236630240907,0.40545943052237754,0.09417650835219356,0.02370637204429778,0.058823529411764705,1.7449622417055975e-33,4.1647080798811045,0.4819327597075634,0.8866609141338866,0.20833333333333334,0.5,0.590106049934793,1.2137991821580185,0.8088306761938762,-0.010057205292943338,0.9302513693695895,-0.008382285235162379,0.0013324450366423
3957,3957,bj920471,2026-01-26,18.16271567891973,1.13689663128368,0.238599210391315,traded,completed,UP,0.825,1.7871298849538055,4.0,0.0,5.0,ma60_washed,0.9,13.813092648162042,deep_pullback,19.155213803450863,3.0,pullback,bullish_candle,0.8537500000000001,18.30444441110278,poc,17.622796699174796,"形态止损: washout, 支撑 18.30 下方 0.75xATR=1.34 (被硬性止损 8% 截断)",22.986256564141037,"[21.0707, 22.9863]",6.0,18.877314328582145,dynamic_stop,D4,-0.0145077720207253,-0.0145077720207253,3.0,2026-01,-0.1967213114754098,0.1882229232386962,,,3957,-0.0618358411841865,0.2349727499278229,0.3163717013946178,-0.1967212884088438,0.19212499856948853,0.03375186586285328,0.226226582383674,0.049632482103170845,0.028160654572805432,0.04201680672268908,1.9681533359963355e-33,1.9922098235445471,0.38888892984108564,0.7913043395847762,0.125,0.48333333333333334,0.06256988062021862,0.8680806807116407,0.0009236312138432012,-0.015086282394471701,0.6363637460207656,-0.005252491865937717,-0.0145077720207253
3960,3960,bj920634,2026-01-26,29.84202211690363,1.001665165323857,0.2515629325089319,traded,completed,UP,0.8583333333333334,2.5757106638585374,3.0,0.0,4.0,ma60_washed,0.9,25.81583596629805,deep_pullback,27.454660347551343,5.0,pullback,long_lower_shadow,0.8587500000000001,26.688715113217484,ma_ma20,25.25828751974724,"形态止损: washout, 支撑 26.69 下方 0.75xATR=1.93 (被硬性止损 8% 截断)",32.94559241706161,"[30.2001, 32.9456]",10.0,27.05676671932596,dynamic_stop,D4,-0.0144927536231884,-0.0144927536231884,5.0,2026-01,-0.1529999999999999,0.1383374689826302,,,3960,-0.0552118483699116,0.2233333587646484,0.2948229258103763,-0.153000005086263,0.09582500457763672,0.08680268384559064,0.15165484662280626,0.055928190143577465,0.025964765747551053,0.1092436974789916,1.1989815398609897e-33,1.4385242058008891,0.3270353380437441,0.6813934370042738,0.10833333333333334,0.4666666666666667,0.16347898750139378,1.691697199657509,0.6286175656044055,-0.015852536464991126,0.48596212629215585,-0.0025481152810755106,-0.0144927536231884
3962,3962,bj920088,2026-01-26,40.37,0.8500268823020839,0.2717630626246351,traded,completed,UP,0.825,3.804673445619272,4.0,0.0,5.0,swing_low,1.0,29.145,deep_pullback,47.47,2.0,pullback,bullish_candle,0.8537500000000001,41.6075,poc,43.6724,"形态止损: washout, 支撑 41.61 下方 0.75xATR=2.85 (被硬性止损 8% 截断)",56.964,"[52.217, 56.964]",3.0,56.964,initial_tp,,0.1999999999999999,0.1999999999999999,1.0,2026-01,0.988605400049542,1.1200859291084857,,,3962,0.8655192828598259,1.4446372319187644,0.3104325719813281,0.9886054224264706,0.10269999504089355,0.08766023673419499,0.11970638802676015,0.03004757953259164,0.027190040983898277,0.1092436974789916,2.1296111075996188e-33,1.2540246666922812,0.34206508434594346,0.756860185642085,0.125,0.4083333333333333,0.19794633071509038,1.313246625917245,0.8469112242508823,-0.023533761187833017,0.5199071765417629,-0.004661202522211413,0.1999999999999999
3976,3976,bj920207,2026-01-27,32.031887081926975,1.4702660590420105,0.2669838101776057,traded,completed,UP,0.7749999999999999,3.3115395526884077,4.0,0.0,5.0,ma60_washed,0.9,24.59842548839113,deep_pullback,31.45455661245781,2.0,pullback,bullish_candle,0.8462500000000001,29.76039030377417,ma_ma20,28.93819208346119,"形态止损: washout, 支撑 29.76 下方 0.75xATR=2.48 (被硬性止损 8% 截断)",37.745467934949374,"[34.6, 37.7455]",5.0,30.14063209573489,dynamic_stop,D4,-0.0417721518987342,-0.0417721518987342,3.0,2026-01,0.144188937228092,0.237577639751553,,,3976,0.0553752031136018,0.2383467400934635,0.1733710783047139,0.1441889168938928,-0.006449980735778915,0.021606040985048702,-0.0684487319182896,0.02454701706943535,0.03543561457961704,0.1092436974789916,2.8562526468486314e-33,1.0258699840335637,0.595968941537227,0.3211293799554889,0.14166666666666666,0.5083333333333333,0.03437204082939349,0.8343410869176089,0.002735488606537717,-0.03056222267136687,1.475057248828159,-0.00391538965102975,-0.0417721518987342
3977,3977,bj920414,2026-01-27,17.93,1.4408938060060712,0.218101786456465,traded,completed,UP,0.7999999999999999,2.1154501238708967,4.0,0.0,5.0,ma60_washed,0.9,12.805666666666664,deep_pullback,17.89,6.0,pullback,bullish_candle,0.8500000000000001,19.135,poc,16.4588,"无有效支撑, 使用最大止损 8%",21.468,"[19.679, 21.468]",7.0,16.51,dynamic_stop,D4,-0.077138065958636,-0.077138065958636,1.0,2026-01,-0.1717791411042944,0.127858627858628,,,3977,-0.0742795921045429,0.2102621524593839,0.3073733085465916,-0.1717791339254446,0.19252497911453254,0.1461591299304008,0.32361033989499166,0.0817864568638044,0.02770516721255234,0.04201680672268908,2.72473518077789e-33,5.994836253688391,0.4810242365830849,0.7499999093465518,0.10833333333333334,0.48333333333333334,0.5031249597202994,1.4500354724674405,0.680620714028028,-0.016978999120815047,0.9268722558757678,-0.012669248305750514,-0.077138065958636
3978,3978,bj920021,2026-01-27,11.98013244954166,1.4005992032150691,0.236633622471284,traded,completed,UP,0.85,1.5079361629806047,4.0,1.0,5.0,swing_low,1.0,6.289569536009371,deep_pullback,12.129884105160931,2.0,pullback,bullish_candle,0.8575000000000002,10.989774833712882,poc,11.159493376748058,"形态止损: washout, 支撑 10.99 下方 0.75xATR=1.13 (被硬性止损 8% 截断)",14.902286422859031,"[13.5475, 14.9023]",4.0,14.902286422859031,initial_tp,,0.2285596707818931,0.2285596707818931,2.0,2026-01,-0.0991666666666666,0.4304418985270049,,,3978,0.061381127755647,0.4566666285196941,0.3724255975795439,-0.0991666316986084,0.07950000047683714,0.007585772253365652,0.07928285971032434,0.04203063697551704,0.040475724879243495,0.1092436974789916,1.770129124990256e-32,1.0006003386162883,0.5114222355532042,0.8054755750113678,0.15833333333333333,0.43333333333333335,0.012427553935143276,0.9165557593093366,0.0035215660552920802,-0.035984741792091865,1.046757083045469,-0.006790767198209785,0.2285596707818931
4008,4008,bj920207,2026-01-29,31.45455661245781,1.7086235584413272,0.2669838101776057,traded,completed,UP,0.8333333333333334,3.442473220788581,4.0,1.0,5.0,ma60_washed,0.9,24.81708110872456,shallow_pullback,30.14063209573489,3.0,pullback,bullish_candle,0.8550000000000001,30.7363774163854,ma_ma20,27.7293815280761,"无有效支撑, 使用最大止损 8%",36.168758514881866,"[32.4595, 36.1688]",4.0,29.065602945688862,dynamic_stop,D4,-0.035667107001321,-0.035667107001321,1.0,2026-01,0.1740506329113924,0.2304844183893861,,"{'structure_strength': np.float64(0.8333333333333334), 'trend': 'UP', 'atr_ratio': 0.11421370360961058, 'n_supports': 4, 'n_resistances': 1, 'top_support_source': 'ma60_washed', 'top_support_dist': -0.1766237340378687, 'v2_pattern': '', 'fine_score': 1.7086235584413272, 'operable_score': 0.26698381017760575, 'entry_day': 3}",4008,0.1371410682987774,0.26202533502186,0.1098230203838437,0.1740505704511501,-0.005949993133545028,0.02955891419994594,-0.007087129368403056,0.028968289062573486,0.037265431843327486,0.11764705882352941,3.2611280605229204e-33,0.9763839519716321,0.5939349419203896,0.3253424616861673,0.14166666666666666,0.49166666666666664,0.05193120445322896,1.5217465281241016,0.38765379376557385,-0.03118142072147729,1.4626595667434819,-0.004661202522211413,-0.035667107001321
4012,4012,bj920227,2026-01-29,82.76233976720201,1.2121550486958408,0.2344103026620404,traded,completed,UP,0.825,9.504569551527144,5.0,0.0,6.0,swing_low,1.0,56.8498452924709,deep_pullback,82.06280094297924,2.0,pullback,long_lower_shadow,0.8537500000000001,79.54800813319582,poc,75.4977768675409,"形态止损: washout, 支撑 79.55 下方 0.75xATR=7.13 (被硬性止损 8% 截断)",98.47536113157508,"[90.2691, 98.4754]",3.0,83.71804773832326,dynamic_stop,D4,0.0201704886540998,0.0201704886540998,1.0,2026-01,-0.193452380952381,0.0,,,4012,-0.1507792936717051,0.0440475827171689,0.229418424370775,-0.1934523809523809,0.0633000373840332,0.07557207697959645,0.03958396446054291,0.035860573601359164,0.037285657712912416,0.10084033613445378,9.763079950695054e-34,1.0400220016239294,0.4859191670409635,0.5011554971547107,0.15,0.5333333333333333,0.09624996185302725,1.5362194743160316,0.4579141769625953,-0.033887529558461665,0.9452193816369789,-0.004661202522211413,0.0201704886540998
4015,4015,bj920019,2026-01-29,26.0,0.933350956101538,0.2317181732389834,traded,completed,UP,0.95,2.560587436010323,3.0,0.0,4.0,ma60_washed,0.9,20.79283333333333,deep_pullback,23.7,2.0,pullback,bullish_candle,0.8725,22.1235,ma_ma20,21.804,"形态止损: washout, 支撑 22.12 下方 0.75xATR=1.92 (被硬性止损 8% 截断)",28.44,"[26.07, 28.44]",8.0,23.18,dynamic_stop,D2,-0.0219409282700421,-0.0219409282700421,6.0,2026-01,-0.1742307692307693,0.0,,,4015,-0.1452991474427514,0.0,0.1700000029343825,-0.1742307956402118,0.2704249906539918,0.05447031613443909,0.2188008692872001,0.05526892844222371,0.024804476583206517,0.058823529411764705,2.3908207039129057e-33,3.7912766044849353,0.3513513792161956,0.694117582075965,0.125,0.44166666666666665,0.13735815833590181,1.1378777718518662,0.6087700072034223,-0.012900596708247286,0.541666732894051,-0.008382285235162379,-0.0219409282700421
4028,4028,bj920471,2026-01-30,19.35371342835709,1.3856086321688037,0.2521161877068337,traded,completed,UP,0.85,2.5493626047500446,4.0,0.0,5.0,ma60_washed,0.9,14.091322955738937,deep_pullback,18.877314328582145,2.0,pullback,bullish_candle,0.8575000000000002,18.459075618904727,poc,17.367129182295574,"形态止损: washout, 支撑 18.46 下方 0.75xATR=1.91 (被硬性止损 8% 截断)",22.65277719429857,"[20.765, 22.6528]",3.0,17.706166541635408,dynamic_stop,D4,-0.0620399579390115,-0.0620399579390115,1.0,2026-01,-0.2358974358974358,0.0,,,4028,-0.1574655291573838,0.0866666940542368,0.289759329333392,-0.2358974554599859,0.02165000915527333,0.13089060548404285,0.23693937830232348,0.05125000954133665,0.03698725647600367,0.06722689075630252,2.6970521116840327e-33,1.0348809663670524,0.4181416196208444,0.8571428283091689,0.16666666666666666,0.375,0.24487407029322883,0.9895149013462763,0.8250483712318686,-0.024202692447354505,0.7186312575722831,-0.001004901634213609,-0.0620399579390115
4029,4029,bj920088,2026-01-30,44.5,1.1239485605536892,0.23116407774106,traded,completed,UP,0.825,6.887376558623844,4.0,0.0,5.0,swing_low,1.0,29.145,deep_pullback,47.0,2.0,pullback,bullish_candle,0.8537500000000001,41.5356,poc,43.24,"形态止损: washout, 支撑 41.54 下方 0.75xATR=5.17 (被硬性止损 8% 截断)",56.4,"[51.7, 56.4]",4.0,43.24,initial_stop,,-0.0799999999999999,-0.0799999999999999,2.0,2026-01,0.6653932584269662,0.9052123552123552,,,4029,0.8066036549014777,1.217752863851826,0.2275813003227707,0.6653932721427318,0.479000015258789,0.06825046060479911,0.2532914833363704,0.05162876459522862,0.03942647917361903,0.15126050420168066,2.642353059644613e-33,1.4996012804920027,0.473441475064784,0.6278131790164232,0.16666666666666666,0.275,0.2643397045076181,1.0556385512208653,0.7547861318367446,-0.028067932384058823,0.8991241289333087,-0.011430309466934992,-0.0799999999999999
4064,4064,bj920471,2026-02-03,18.877314328582145,1.3374489246595955,0.2075736957232398,traded,completed,UP,0.85,2.566374458648915,4.0,1.0,5.0,ma60_washed,0.9,14.222332708177046,shallow_pullback,16.574718679669918,7.0,pullback,long_lower_shadow,0.8575000000000002,16.209479369842462,ma_ma20,15.248741185296325,"形态止损: washout, 支撑 16.21 下方 0.75xATR=1.92 (被硬性止损 8% 截断)",22.599182295573897,"[20.5447, 22.5992]",11.0,16.28689422355589,dynamic_stop,D2,-0.0173652694610777,-0.0173652694610777,4.0,2026-02,-0.2197686645636171,0.0584915341200615,,"{'structure_strength': np.float64(0.85), 'trend': 'UP', 'atr_ratio': 0.15483668279671967, 'n_supports': 4, 'n_resistances': 1, 'top_support_source': 'ma60_washed', 'top_support_dist': -0.14192614770459075, 'v2_pattern': '', 'fine_score': 1.3374489246595955, 'operable_score': 0.20757369572323983, 'entry_day': 7}",4064,-0.1462692828364751,0.0846476689933912,0.2704798447419999,-0.2197686753193304,0.08362500190734856,-0.014237677663473836,0.07134021934193058,0.048262824148328665,0.041184346060064665,0.07563025210084033,2.97748143541573e-33,0.9814752954524341,0.4057522089164496,0.6608505360440009,0.16666666666666666,0.35833333333333334,0.03891255508155389,0.8818742233867086,0.03198471052679641,-0.029782977602693328,0.6827996923246475,-0.011430309466934992,-0.0173652694610777
4068,4068,bj920021,2026-02-03,13.12822847595607,0.8441928035433404,0.2378425859118376,traded,completed,UP,0.85,1.7998710178221784,4.0,0.0,4.0,swing_low,1.0,6.289569536009371,deep_pullback,12.589122515726697,1.0,pullback,long_lower_shadow,0.8575000000000002,12.609289072016756,poc,11.58199271446856,"无有效支撑, 使用最大止损 8%",15.106947018872033,"[13.848, 15.1069]",2.0,12.748857615053916,dynamic_stop,D4,0.0126883425852497,0.0126883425852497,1.0,2026-02,-0.2372623574144486,0.2611832611832612,,,4068,-0.0512138651625263,0.3292775702901505,0.4010297173217594,-0.2372623555944858,0.0769499969482422,0.024958374381822024,0.14318703482026107,0.057876266630931414,0.0502102847595023,0.14285714285714285,2.261677773809335e-32,1.0916179748322479,0.3662441530983855,0.7941711909742453,0.21666666666666667,0.36666666666666664,0.041322255426073484,0.8678743455696359,0.47848740800186196,-0.043448945080870396,0.5778947127492804,-0.00863370700780951,0.0126883425852497
4119,4119,bj920046,2026-02-06,27.831241621401364,1.005050329479723,0.236633622471284,traded,completed,UP,0.7999999999999999,3.5372749900818667,5.0,1.0,6.0,ma60_washed,0.9,17.439315931069437,deep_pullback,27.96087477836239,1.0,pullback,long_lower_shadow,0.8500000000000001,26.86318109234165,poc,25.7240047960934,"形态止损: washout, 支撑 26.86 下方 0.75xATR=2.65 (被硬性止损 8% 截断)",34.99098059817176,"[31.81, 34.991]",2.0,26.9238095226742,dynamic_stop,D4,-0.0370898716119828,-0.0370898716119828,1.0,2026-02,0.1666069509136509,0.4406593406593406,,,4119,0.2164782105229676,0.4091724129730323,0.1584033324914424,0.1666070064959197,0.09734999656677239,-0.03093554426668843,-0.004346134697441717,0.029646500418783254,0.054055674288188,0.12903225806451613,5.4548804366820816e-33,1.088466191072499,0.47147238194154995,0.655172439468047,0.16,0.296,-0.04512070334531204,0.9242742747636321,0.361206507432715,-0.03378859633843517,0.8920487138846349,-0.011430309466934992,-0.0370898716119828
4121,4121,bj920471,2026-02-06,18.3115903975994,0.9457694275117045,0.2545118522553845,traded,completed,UP,0.85,2.5381727711869457,4.0,1.0,5.0,ma60_washed,0.9,14.35946286571643,deep_pullback,18.470390097524383,1.0,pullback,long_lower_shadow,0.8575000000000002,18.051754388597157,poc,16.992758889722435,"形态止损: washout, 支撑 18.05 下方 0.75xATR=1.90 (被硬性止损 8% 截断)",22.599182295573897,"[20.5447, 22.5992]",2.0,17.616841710427607,dynamic_stop,D4,-0.046211714132187,-0.046211714132187,1.0,2026-02,-0.2547425474254742,0.0573903627504062,,,4121,-0.1664024533458148,0.0585365788100915,0.2698412837930551,-0.2547425782431594,-0.046875009536743305,-0.006241286869433593,-0.009961173616876873,0.031110947910450142,0.04396559568695519,0.08870967741935484,3.2180343792669026e-33,0.85100962617446,0.4057522089164496,0.5496182078785354,0.176,0.424,-0.07880299171211802,1.1196198622000475,0.37752946044424984,-0.031810563157621916,0.6827996923246475,-0.006790767198209785,-0.046211714132187
4163,4163,sh603729,2026-02-11,23.19,1.999152277985209,0.2522833561815769,traded,completed,UP,0.925,1.0659162587669715,4.0,0.0,5.0,swing_low,1.0,16.72,shallow_pullback,17.92,7.0,pullback,long_lower_shadow,0.96875,17.297666666666665,ma60_washed,16.498229472591436,"形态止损: washout, 支撑 17.30 下方 0.75xATR=0.80",21.504,"[19.712, 21.504]",8.0,17.12,dynamic_stop,D4,-0.0446428571428572,-0.0446428571428572,1.0,2026-02,-0.3117723156532989,0.0,,"{'structure_strength': np.float64(0.925), 'trend': 'UP', 'atr_ratio': 0.05948193408297831, 'n_supports': 4, 'n_resistances': 0, 'top_support_source': 'swing_low', 'top_support_dist': -0.06696428571428586, 'v2_pattern': '', 'fine_score': 1.999152277985209, 'operable_score': 0.25228335618157693, 'entry_day': 7}",4163,-0.2133650137800755,0.0,0.2712376356477282,-0.3117723298579671,0.1556500005722045,0.14677350102020004,0.27391495768082263,0.03659340281354415,0.012871844241850556,0.06329113924050633,1.2884819268169751e-33,0.5014522184703298,0.3341751034331231,1.0,0.275,0.2625,0.32811632417550074,0.7418848496264205,0.9383621409001621,-0.005912142248782266,0.501896377194958,-0.010337169158740025,-0.0446428571428572
4179,4179,sh603729,2026-02-12,20.0,1.1573368642147428,0.2669838101776057,traded,completed,UP,0.925,1.241127424264709,4.0,0.0,5.0,swing_low,1.0,16.72,shallow_pullback,17.92,6.0,pullback,long_lower_shadow,0.96875,17.358166666666666,ma60_washed,16.486400000000003,"形态止损: washout, 支撑 17.36 下方 0.75xATR=0.93 (被硬性止损 8% 截断)",21.504,"[19.712, 21.504]",7.0,17.12,dynamic_stop,D4,-0.0446428571428572,-0.0446428571428572,1.0,2026-02,-0.1515,0.0,,"{'structure_strength': np.float64(0.925), 'trend': 'UP', 'atr_ratio': 0.06925934287191456, 'n_supports': 4, 'n_resistances': 0, 'top_support_source': 'swing_low', 'top_support_dist': -0.06696428571428586, 'v2_pattern': '', 'fine_score': 1.1573368642147428, 'operable_score': 0.26698381017760575, 'entry_day': 6}",4179,-0.1307345889217028,0.014500045776367,0.1670774344028147,-0.1515000343322754,0.18967498302459712,-0.009956037578787158,0.1280833224080602,0.04475133194057266,0.013138454993789368,0.0759493670886076,1.3413398754876461e-33,1.1529573686563632,0.3341751034331231,0.7002517748070011,0.3,0.2875,0.08859469578371049,2.8077464092640607,0.31603223061305996,-0.010809379984093658,0.501896377194958,-0.010337169158740025,-0.0446428571428572
4197,4197,sh603533,2026-02-13,35.83,0.9322036389863378,0.2515266875842168,traded,completed,UP,0.8166666666666667,2.1106045346106037,3.0,0.0,3.0,ma_ma20,0.4,26.1885,deep_pullback,28.0,7.0,pullback,bullish_candle,0.8525,26.1885,ma_ma20,25.76,"形态止损: pit_rebound, 支撑 26.19 下方 1.25xATR=2.64 (被硬性止损 8% 截断)",33.6,"[30.8, 33.6]",12.0,26.75,dynamic_stop,D2,-0.044642857142857,-0.044642857142857,5.0,2026-02,-0.3022606754116661,0.0,,,4197,-0.2415326183037542,0.0,0.3184482604427731,-0.302260711068903,0.42122499465942376,0.1472135064421256,0.38405499539419385,0.041060951467063546,0.019354451080430504,0.16279069767441862,2.2369530504876103e-32,9.118592970646336,0.3918128705374657,1.0,0.17692307692307693,0.6461538461538462,0.33121014250512903,3.8239971172314036,0.9398495333673192,-0.009269439999554912,0.6442307828574367,-0.009743704215843963,-0.044642857142857
4300,4300,bj920571,2026-03-03,14.52,1.819159773157582,0.2522833561815769,traded,completed,UP,1.0,1.14104274116033,3.0,0.0,4.0,swing_low,1.0,9.752,deep_pullback,11.11,5.0,pullback,bullish_candle,0.98,10.044333333333334,ma60_washed,10.2212,"形态止损: washout, 支撑 10.04 下方 0.75xATR=0.86 (被硬性止损 8% 截断)",13.332,"[12.221, 13.332]",13.0,10.5,dynamic_stop,D2,-0.0549054905490548,-0.0549054905490548,8.0,2026-03,-0.2830578512396694,0.0,,,4300,-0.1936153454450546,0.0860881515559208,0.3468611355896247,-0.2830578843510982,0.11209999561309818,0.39014985940247016,0.5995400307221608,0.055981219241328775,0.018367529886150518,0.09090909090909091,1.2779490969377018e-32,2.9611091268495127,0.44362292127785546,1.0,0.15,0.56,0.7048318027128426,1.8109507062616919,0.8375544448389612,-0.008087434092313548,0.7973421951471178,-0.008382285235162379,-0.0549054905490548
4301,4301,bj920010,2026-03-03,17.481796515041488,1.2474389952840483,0.2375491439317055,traded,completed,RANGE,0.7666666666666667,1.171527111572604,4.0,0.0,5.0,swing_low,1.0,11.368652611036676,deep_pullback,12.784747936271067,5.0,pullback,bullish_candle,0.6950000000000001,12.924961318473857,poc,11.761968101369384,"无有效支撑, 使用最大止损 8%",15.341697523525282,"[14.0632, 15.3417]",7.0,13.263428046209455,dynamic_stop,D4,0.0374414976599064,0.0374414976599064,2.0,2026-03,-0.2749572162007987,0.0,,,4301,-0.2304653457259632,0.0,0.2994866370811844,-0.274957242424437,0.09155000925064086,0.3267739307560633,0.4678464337707904,0.05638808947588291,0.021725386704862168,0.08080808080808081,4.577064677270311e-33,2.713128904540552,0.38904736915920746,1.0,0.09,0.62,0.5764389268934016,1.9258365518581504,0.8131996545296329,-0.010683672021344933,0.6367881068353871,-0.008382285235162379,0.0374414976599064
4303,4303,bj920351,2026-03-03,27.9,0.9561636935741584,0.215547469236389,traded,completed,RANGE,0.7833333333333333,2.1177363418883246,4.0,0.0,5.0,swing_low,1.0,21.855,deep_pullback,22.61,5.0,pullback,bullish_candle,0.8174999999999999,21.855,swing_low,20.8012,"形态止损: washout, 支撑 21.86 下方 0.75xATR=1.59 (被硬性止损 8% 截断)",27.132,"[24.871, 27.132]",7.0,22.19,dynamic_stop,D4,-0.0185758513931887,-0.0185758513931887,2.0,2026-03,-0.346594982078853,0.0,,,4303,-0.2479458578325002,0.0179211471984364,0.3535210965857854,-0.3465949895523097,0.15885000228881835,0.3025039045636537,0.427571136863963,0.03848032827863568,0.017336719349161433,0.06060606060606061,1.1903041302582151e-33,4.021512558052842,0.3625424268842821,0.9600000584379156,0.13,0.53,0.4651376904527049,2.153667891035074,0.8077943867054932,-0.007725067151127423,0.5687318531840075,-0.004881712623693249,-0.0185758513931887
4319,4319,bj920010,2026-03-04,14.071200731730482,0.80624394417682,0.2542592197362318,traded,completed,UP,0.9666666666666668,1.5711242910136056,4.0,0.0,5.0,swing_low,1.0,11.368652611036676,deep_pullback,12.784747936271067,4.0,pullback,bullish_candle,0.8750000000000001,12.924961318473857,poc,11.761968101369384,"无有效支撑, 使用最大止损 8%",15.341697523525282,"[14.0632, 15.3417]",6.0,13.263428046209455,dynamic_stop,D4,0.0374414976599064,0.0374414976599064,2.0,2026-03,-0.1530829199149539,0.107333333333333,,,4319,-0.0662393129320136,0.1771793773567702,0.2606863767772446,-0.1530829128255816,0.1507250118255615,0.051119432231215844,0.21885157001972844,0.07134139154033069,0.02654565969703091,0.08080808080808081,4.769623507630308e-33,5.684476922755479,0.38904736915920746,0.6290321926578551,0.12,0.6,0.34770888102129005,1.2507243220593627,0.6641304665395861,-0.015686734536317144,0.6367881068353871,-0.012669248305750514,0.0374414976599064
4336,4336,bj920571,2026-03-05,11.7,1.3191852899891687,0.2669838101776057,traded,completed,UP,1.0,1.6893165478048702,3.0,0.0,4.0,swing_low,1.0,9.7972,deep_pullback,11.11,3.0,pullback,bullish_candle,0.98,10.139333333333331,ma60_washed,10.2212,"形态止损: washout, 支撑 10.14 下方 0.75xATR=1.27 (被硬性止损 8% 截断)",13.332,"[12.221, 13.332]",11.0,10.5,dynamic_stop,D2,-0.0549054905490548,-0.0549054905490548,8.0,2026-03,-0.1239316239316238,0.1032826261008805,,,4336,-0.0596884070169627,0.1777777741550832,0.252539884591564,-0.1239316096498475,0.1962999939918518,-0.08073895448060253,0.15534038105669823,0.08577224263699451,0.02824493406391841,0.10101010101010101,1.389194888969058e-32,2.943813110707941,0.44362292127785546,0.48055557358412143,0.13,0.6,0.15115201216484064,0.814987602857554,0.03244854260955532,-0.020784547391984803,0.7973421951471178,-0.0025481152810755106,-0.0549054905490548
4337,4337,bj920014,2026-03-05,16.68,0.9037814401588168,0.2626690559683532,traded,completed,UP,0.85,2.1049135471532856,5.0,0.0,5.0,swing_low,1.0,11.59,deep_pullback,14.65,8.0,pullback,long_lower_shadow,0.8575000000000002,14.767500000000002,poc,13.478000000000002,"无有效支撑, 使用最大止损 8%",17.58,"[16.115, 17.58]",11.0,15.1,dynamic_stop,D4,0.030716723549488,0.030716723549488,3.0,2026-03,-0.2242206235011991,0.2537058152793614,,,4337,-0.0648254020913493,0.3183452858987476,0.4097317108986804,-0.2242206628516645,0.15522499799728395,0.09147485602648242,0.25862590947969766,0.06780593991184386,0.03346072195394234,0.13131313131313133,2.7597933531665297e-33,4.7731825457290435,0.366161582105293,0.6882760525770586,0.11,0.54,0.3328268327432051,1.1907676628047281,0.5127140014887279,-0.018010086704417817,0.5776891582581849,-0.012669248305750514,0.030716723549488
4338,4338,bj920010,2026-03-05,13.96150320653627,0.81838636690583,0.2717630626246351,traded,completed,UP,0.9666666666666668,1.7246401355817342,4.0,0.0,5.0,swing_low,1.0,11.368652611036676,deep_pullback,12.784747936271067,3.0,pullback,bullish_candle,0.8750000000000001,12.924961318473857,poc,11.761968101369384,"无有效支撑, 使用最大止损 8%",15.341697523525282,"[14.0632, 15.3417]",5.0,13.263428046209455,dynamic_stop,D4,0.0374414976599064,0.0374414976599064,2.0,2026-03,-0.1157142857142856,0.0956810631229234,,,4338,-0.0616973949033285,0.1778571265084403,0.2553062520668245,-0.1157142775399344,0.19292501449584956,-0.008302584417142822,0.19075877591423418,0.07719876476882334,0.029097168518074912,0.09090909090909091,5.236649102348203e-33,4.560437661378315,0.38904736915920746,0.6363635982268372,0.11,0.6,0.2552127171001046,1.010657213402098,0.13750112648342194,-0.01893110142871176,0.6367881068353871,-0.004315648137042425,0.0374414976599064
4405,4405,bj920375,2026-03-11,13.522113787375416,0.9246850971546128,0.2317181732389834,traded,completed,UP,0.825,1.3634567080858897,5.0,0.0,6.0,ma60_washed,0.9,10.337655990448503,deep_pullback,14.64658430232558,1.0,pullback,bullish_candle,0.8537500000000001,13.867781717192692,poc,13.474857558139536,"形态止损: washout, 支撑 13.87 下方 0.75xATR=1.02 (被硬性止损 8% 截断)",17.575901162790696,"[16.1112, 17.5759]",2.0,13.474857558139536,dynamic_stop,D4,-0.0799999999999999,-0.0799999999999999,1.0,2026-03,-0.2736842105263156,0.1202241467142128,,,4405,-0.1633618743196575,0.157368409006219,0.3833560454408686,-0.2736842004876387,0.24942499160766599,0.01688765342020737,0.22750148813139326,0.08576414218114367,0.028261028084651654,0.09090909090909091,3.3324884747011965e-33,4.023254865918558,0.3787602651475339,0.7220215094288088,0.11,0.49,0.06050777515049344,0.8624277946498725,0.1398640195069214,-0.018861716291325648,0.6096845451095994,-0.012669248305750514,-0.0799999999999999
