2025-08-19 19:43:46,989 - INFO - ============================================================
2025-08-19 19:43:46,989 - INFO - 🚀 启动个股画像批量生成任务
2025-08-19 19:43:46,989 - INFO - ============================================================
2025-08-19 19:43:46,989 - INFO - 数据库初始化完成
2025-08-19 19:43:46,990 - INFO - 数据库初始化完成
2025-08-19 19:43:46,990 - INFO - 正在从文件系统获取全市场股票列表...
2025-08-19 19:43:46,993 - INFO - 发现 11571 只股票。
2025-08-19 19:43:46,993 - INFO - 开始为核心观察池生成参数画像 (多进程模式)
2025-08-19 19:43:47,027 - INFO - 数据库初始化完成
2025-08-19 19:43:47,027 - INFO - 数据库初始化完成
2025-08-19 19:43:47,027 - INFO - 数据库初始化完成
2025-08-19 19:43:47,027 - INFO - 数据库初始化完成
2025-08-19 19:43:47,028 - INFO - 数据库初始化完成
2025-08-19 19:43:47,028 - INFO - 数据库初始化完成
2025-08-19 19:43:47,028 - INFO - 数据库初始化完成
2025-08-19 19:43:47,028 - INFO - 数据库初始化完成
2025-08-19 19:43:47,028 - INFO - 数据库初始化完成
2025-08-19 19:43:47,028 - INFO - 数据库初始化完成
2025-08-19 19:43:47,028 - INFO - 数据库初始化完成
2025-08-19 19:43:47,028 - INFO - 数据库初始化完成
2025-08-19 19:43:47,028 - INFO - 数据库初始化完成
2025-08-19 19:43:47,029 - INFO - 数据库初始化完成
2025-08-19 19:43:47,029 - INFO - 数据库初始化完成
2025-08-19 19:43:47,029 - INFO - 数据库初始化完成
2025-08-19 19:43:47,029 - INFO - 数据库初始化完成
2025-08-19 19:43:47,029 - INFO - 数据库初始化完成
2025-08-19 19:43:47,029 - INFO - 数据库初始化完成
2025-08-19 19:43:47,029 - INFO - 数据库初始化完成
2025-08-19 19:43:47,029 - INFO - 数据库初始化完成
2025-08-19 19:43:47,029 - INFO - 数据库初始化完成
2025-08-19 19:43:47,029 - INFO - 数据库初始化完成
2025-08-19 19:43:47,029 - INFO - 数据库初始化完成
2025-08-19 19:43:47,029 - INFO - 数据库初始化完成
2025-08-19 19:43:47,029 - INFO - 数据库初始化完成
2025-08-19 19:43:47,029 - INFO - 数据库初始化完成
2025-08-19 19:43:47,030 - INFO - 数据库初始化完成
2025-08-19 19:43:47,030 - INFO - 数据库初始化完成
2025-08-19 19:43:47,030 - INFO - 数据库初始化完成
2025-08-19 19:43:47,031 - INFO - 数据库初始化完成
2025-08-19 19:43:47,033 - WARNING - sh118052 数据不足 (少于250天)，无法生成画像
2025-08-19 19:43:47,034 - INFO - 数据库初始化完成
2025-08-19 19:43:47,044 - WARNING - sh118042 数据不足 (少于250天)，无法生成画像
2025-08-19 19:43:47,045 - INFO - 数据库初始化完成
2025-08-19 19:43:47,049 - WARNING - sh688653 数据不足 (少于250天)，无法生成画像
2025-08-19 19:43:47,051 - INFO - 数据库初始化完成
2025-08-19 19:43:47,295 - INFO - 处理进度 [1/11571]: sh118042
2025-08-19 19:43:47,296 - INFO - 处理进度 [2/11571]: sh118052
2025-08-19 19:43:47,296 - INFO - 处理进度 [3/11571]: sh688653
2025-08-19 19:46:26,990 - WARNING - 股票 sh511980 不存在于观察池中
2025-08-19 19:46:26,998 - INFO - 数据库初始化完成
2025-08-19 19:46:27,000 - INFO - 处理进度 [4/11571]: sh511980
2025-08-19 19:48:27,498 - WARNING - 股票 sh562520 不存在于观察池中
2025-08-19 19:48:27,498 - INFO - 处理进度 [5/11571]: sh562520
2025-08-19 19:48:27,499 - INFO - 数据库初始化完成
2025-08-19 19:48:57,073 - WARNING - 股票 sh600249 不存在于观察池中
2025-08-19 19:48:57,074 - INFO - 数据库初始化完成
2025-08-19 19:48:57,074 - INFO - 处理进度 [6/11571]: sh600249
2025-08-19 19:49:20,039 - WARNING - 股票 sh881286 不存在于观察池中
2025-08-19 19:49:20,040 - INFO - 数据库初始化完成
2025-08-19 19:49:20,040 - INFO - 处理进度 [7/11571]: sh881286
2025-08-19 19:49:27,746 - WARNING - 股票 sh603051 不存在于观察池中
2025-08-19 19:49:27,746 - INFO - 处理进度 [8/11571]: sh603051
2025-08-19 19:49:27,747 - INFO - 数据库初始化完成
2025-08-19 19:49:33,370 - WARNING - 股票 sh880216 不存在于观察池中
2025-08-19 19:49:33,371 - INFO - 数据库初始化完成
2025-08-19 19:49:33,372 - INFO - 处理进度 [9/11571]: sh880216
2025-08-19 19:49:40,675 - WARNING - 股票 sh600678 不存在于观察池中
2025-08-19 19:49:40,676 - INFO - 处理进度 [10/11571]: sh600678
2025-08-19 19:49:40,676 - INFO - 数据库初始化完成
2025-08-19 19:49:45,618 - WARNING - 股票 sh688333 不存在于观察池中
2025-08-19 19:49:45,619 - INFO - 处理进度 [11/11571]: sh688333
2025-08-19 19:49:45,619 - INFO - 数据库初始化完成
2025-08-19 19:50:00,904 - WARNING - 股票 sh603369 不存在于观察池中
2025-08-19 19:50:00,905 - INFO - 数据库初始化完成
2025-08-19 19:50:00,906 - INFO - 处理进度 [12/11571]: sh603369
2025-08-19 19:50:17,770 - WARNING - 股票 sh600833 不存在于观察池中
2025-08-19 19:50:17,772 - INFO - 处理进度 [13/11571]: sh600833
2025-08-19 19:50:17,772 - INFO - 数据库初始化完成
2025-08-19 19:50:18,454 - WARNING - 股票 sh881464 不存在于观察池中
2025-08-19 19:50:18,455 - INFO - 处理进度 [14/11571]: sh881464
2025-08-19 19:50:18,455 - INFO - 数据库初始化完成
2025-08-19 19:50:18,467 - WARNING - sh113676 数据不足 (少于250天)，无法生成画像
2025-08-19 19:50:18,468 - INFO - 数据库初始化完成
2025-08-19 19:50:18,468 - INFO - 处理进度 [15/11571]: sh113676
2025-08-19 19:50:18,991 - WARNING - 股票 sh603278 不存在于观察池中
2025-08-19 19:50:18,992 - INFO - 处理进度 [16/11571]: sh603278
2025-08-19 19:50:18,992 - INFO - 数据库初始化完成
2025-08-19 19:50:23,381 - WARNING - 股票 sh600380 不存在于观察池中
2025-08-19 19:50:23,382 - INFO - 数据库初始化完成
2025-08-19 19:50:23,383 - INFO - 处理进度 [17/11571]: sh600380
2025-08-19 19:50:29,046 - WARNING - 股票 sh688271 不存在于观察池中
2025-08-19 19:50:29,047 - INFO - 数据库初始化完成
2025-08-19 19:50:29,047 - INFO - 处理进度 [18/11571]: sh688271
2025-08-19 19:50:31,833 - WARNING - 股票 sh881146 不存在于观察池中
2025-08-19 19:50:31,834 - INFO - 处理进度 [19/11571]: sh881146
2025-08-19 19:50:31,834 - INFO - 数据库初始化完成
2025-08-19 19:50:31,844 - WARNING - sh563880 数据不足 (少于250天)，无法生成画像
2025-08-19 19:50:31,845 - INFO - 数据库初始化完成
2025-08-19 19:50:31,846 - INFO - 处理进度 [20/11571]: sh563880
2025-08-19 19:51:16,455 - WARNING - 股票 sh601788 不存在于观察池中
2025-08-19 19:51:16,456 - INFO - 数据库初始化完成
2025-08-19 19:51:16,455 - INFO - 处理进度 [21/11571]: sh601788
2025-08-19 19:51:19,619 - WARNING - 股票 sh601216 不存在于观察池中
2025-08-19 19:51:19,620 - INFO - 数据库初始化完成
2025-08-19 19:51:19,620 - INFO - 处理进度 [22/11571]: sh601216
2025-08-19 19:51:19,986 - WARNING - 股票 sh881273 不存在于观察池中
2025-08-19 19:51:19,987 - INFO - 数据库初始化完成
2025-08-19 19:51:19,988 - INFO - 处理进度 [23/11571]: sh881273
2025-08-19 19:51:22,461 - WARNING - 股票 sh515790 不存在于观察池中
2025-08-19 19:51:22,461 - INFO - 数据库初始化完成
2025-08-19 19:51:22,465 - INFO - 处理进度 [24/11571]: sh515790
2025-08-19 19:52:20,547 - WARNING - 股票 sh601966 不存在于观察池中
2025-08-19 19:52:20,548 - INFO - 处理进度 [25/11571]: sh601966
2025-08-19 19:52:20,548 - INFO - 数据库初始化完成
2025-08-19 19:52:29,233 - WARNING - 股票 sh603268 不存在于观察池中
2025-08-19 19:52:29,234 - INFO - 数据库初始化完成
2025-08-19 19:52:29,234 - INFO - 处理进度 [26/11571]: sh603268
2025-08-19 19:52:40,209 - WARNING - 股票 sh881395 不存在于观察池中
2025-08-19 19:52:40,209 - INFO - 数据库初始化完成
2025-08-19 19:52:40,210 - INFO - 处理进度 [27/11571]: sh881395
2025-08-19 19:52:40,600 - WARNING - 股票 sh600307 不存在于观察池中
2025-08-19 19:52:40,601 - INFO - 处理进度 [28/11571]: sh600307
2025-08-19 19:52:40,601 - INFO - 数据库初始化完成
2025-08-19 19:52:40,612 - WARNING - sh508086 数据不足 (少于250天)，无法生成画像
2025-08-19 19:52:40,612 - INFO - 处理进度 [29/11571]: sh508086
2025-08-19 19:52:40,613 - INFO - 数据库初始化完成
2025-08-19 19:52:48,721 - WARNING - 股票 sh605300 不存在于观察池中
2025-08-19 19:52:48,722 - INFO - 数据库初始化完成
2025-08-19 19:52:48,722 - INFO - 处理进度 [30/11571]: sh605300
2025-08-19 19:52:49,387 - WARNING - 股票 sh501090 不存在于观察池中
2025-08-19 19:52:49,387 - INFO - 处理进度 [31/11571]: sh501090
2025-08-19 19:52:49,388 - INFO - 数据库初始化完成
2025-08-19 19:52:49,397 - WARNING - sh880561 数据不足 (少于250天)，无法生成画像
2025-08-19 19:52:49,398 - INFO - 数据库初始化完成
2025-08-19 19:52:49,399 - INFO - 处理进度 [32/11571]: sh880561
2025-08-19 19:52:52,737 - WARNING - 股票 sh113593 不存在于观察池中
2025-08-19 19:52:52,738 - INFO - 数据库初始化完成
2025-08-19 19:52:52,738 - INFO - 处理进度 [33/11571]: sh113593
2025-08-19 19:53:03,122 - WARNING - 股票 sh880382 不存在于观察池中
2025-08-19 19:53:03,123 - INFO - 数据库初始化完成
2025-08-19 19:53:03,124 - INFO - 处理进度 [34/11571]: sh880382
2025-08-19 19:53:13,059 - WARNING - 股票 sh511670 不存在于观察池中
2025-08-19 19:53:13,061 - INFO - 数据库初始化完成
2025-08-19 19:53:13,063 - INFO - 处理进度 [35/11571]: sh511670
2025-08-19 19:53:20,764 - WARNING - 股票 sh603985 不存在于观察池中
2025-08-19 19:53:20,765 - INFO - 数据库初始化完成
2025-08-19 19:53:20,765 - INFO - 处理进度 [36/11571]: sh603985
2025-08-19 19:53:58,889 - WARNING - 股票 sh600665 不存在于观察池中
2025-08-19 19:53:58,890 - INFO - 处理进度 [37/11571]: sh600665
2025-08-19 19:53:58,891 - INFO - 数据库初始化完成
2025-08-19 19:54:19,669 - WARNING - 差分进化优化失败，使用默认参数
2025-08-19 19:54:19,670 - ERROR - sh603055 参数优化失败，使用默认参数回退
2025-08-19 19:54:19,684 - WARNING - 股票 sh603055 不存在于观察池中
2025-08-19 19:54:19,685 - INFO - 数据库初始化完成
2025-08-19 19:54:19,685 - INFO - 处理进度 [38/11571]: sh603055
2025-08-19 19:54:25,472 - WARNING - 差分进化优化失败，使用默认参数
2025-08-19 19:54:25,472 - ERROR - sh880048 参数优化失败，使用默认参数回退
2025-08-19 19:54:25,485 - WARNING - 股票 sh880048 不存在于观察池中
2025-08-19 19:54:25,486 - INFO - 数据库初始化完成
2025-08-19 19:54:25,487 - INFO - 处理进度 [39/11571]: sh880048
2025-08-19 19:54:25,488 - WARNING - sh588130 数据不足 (少于250天)，无法生成画像
2025-08-19 19:54:25,489 - INFO - 处理进度 [40/11571]: sh588130
2025-08-19 19:54:25,489 - INFO - 数据库初始化完成
2025-08-19 19:54:31,922 - WARNING - 差分进化优化失败，使用默认参数
2025-08-19 19:54:31,922 - ERROR - sh688501 参数优化失败，使用默认参数回退
2025-08-19 19:54:31,936 - WARNING - 股票 sh688501 不存在于观察池中
2025-08-19 19:54:31,937 - INFO - 数据库初始化完成
2025-08-19 19:54:31,937 - INFO - 处理进度 [41/11571]: sh688501
2025-08-19 19:55:07,908 - WARNING - 股票 sh688395 不存在于观察池中
2025-08-19 19:55:07,909 - INFO - 处理进度 [42/11571]: sh688395
2025-08-19 19:55:07,909 - INFO - 数据库初始化完成
2025-08-19 19:55:08,671 - WARNING - 股票 sh880596 不存在于观察池中
2025-08-19 19:55:08,672 - INFO - 数据库初始化完成
2025-08-19 19:55:08,672 - INFO - 处理进度 [43/11571]: sh880596
2025-08-19 19:56:25,862 - WARNING - 股票 sh881003 不存在于观察池中
2025-08-19 19:56:25,863 - INFO - 数据库初始化完成
2025-08-19 19:56:25,863 - INFO - 处理进度 [44/11571]: sh881003
2025-08-19 19:56:30,598 - WARNING - 股票 sh508066 不存在于观察池中
2025-08-19 19:56:30,599 - INFO - 数据库初始化完成
2025-08-19 19:56:30,599 - INFO - 处理进度 [45/11571]: sh508066
2025-08-19 19:56:31,819 - WARNING - 股票 sh603817 不存在于观察池中
2025-08-19 19:56:31,820 - INFO - 数据库初始化完成
2025-08-19 19:56:31,821 - INFO - 处理进度 [46/11571]: sh603817
2025-08-19 19:56:48,958 - WARNING - 股票 sh113616 不存在于观察池中
2025-08-19 19:56:48,959 - INFO - 数据库初始化完成
2025-08-19 19:56:48,959 - INFO - 处理进度 [47/11571]: sh113616
2025-08-19 19:56:53,689 - WARNING - 股票 sh881377 不存在于观察池中
2025-08-19 19:56:53,690 - INFO - 数据库初始化完成
2025-08-19 19:56:53,690 - INFO - 处理进度 [48/11571]: sh881377
2025-08-19 19:56:57,556 - WARNING - 股票 sh605222 不存在于观察池中
2025-08-19 19:56:57,556 - INFO - 处理进度 [49/11571]: sh605222
2025-08-19 19:56:57,557 - INFO - 数据库初始化完成
2025-08-19 19:57:15,456 - WARNING - 股票 sh881145 不存在于观察池中
2025-08-19 19:57:15,456 - INFO - 数据库初始化完成
2025-08-19 19:57:15,457 - INFO - 处理进度 [50/11571]: sh881145
2025-08-19 19:57:25,369 - WARNING - 股票 sh600108 不存在于观察池中
2025-08-19 19:57:25,370 - INFO - 处理进度 [51/11571]: sh600108
2025-08-19 19:57:25,371 - INFO - 数据库初始化完成
2025-08-19 19:57:29,254 - WARNING - 股票 sh880647 不存在于观察池中
2025-08-19 19:57:29,255 - INFO - 数据库初始化完成
2025-08-19 19:57:29,255 - INFO - 处理进度 [52/11571]: sh880647
2025-08-19 19:57:35,861 - WARNING - 股票 sh881044 不存在于观察池中
2025-08-19 19:57:35,862 - INFO - 数据库初始化完成
2025-08-19 19:57:35,862 - INFO - 处理进度 [53/11571]: sh881044
2025-08-19 19:58:03,848 - WARNING - 股票 sh881331 不存在于观察池中
2025-08-19 19:58:03,850 - INFO - 数据库初始化完成
2025-08-19 19:58:03,850 - INFO - 处理进度 [54/11571]: sh881331
2025-08-19 19:58:13,176 - WARNING - 股票 sh560990 不存在于观察池中
2025-08-19 19:58:13,177 - INFO - 处理进度 [55/11571]: sh560990
2025-08-19 19:58:13,177 - INFO - 数据库初始化完成
2025-08-19 19:58:31,381 - WARNING - 股票 sh113641 不存在于观察池中
2025-08-19 19:58:31,382 - INFO - 数据库初始化完成
2025-08-19 19:58:31,382 - INFO - 处理进度 [56/11571]: sh113641
2025-08-19 19:58:37,522 - WARNING - 股票 sh603877 不存在于观察池中
2025-08-19 19:58:37,523 - INFO - 数据库初始化完成
2025-08-19 19:58:37,524 - INFO - 处理进度 [57/11571]: sh603877
2025-08-19 19:58:51,376 - WARNING - 股票 sh113649 不存在于观察池中
2025-08-19 19:58:51,377 - INFO - 数据库初始化完成
2025-08-19 19:58:51,378 - INFO - 处理进度 [58/11571]: sh113649
2025-08-19 19:58:51,389 - WARNING - sh508019 数据不足 (少于250天)，无法生成画像
2025-08-19 19:58:51,390 - INFO - 数据库初始化完成
2025-08-19 19:58:51,395 - INFO - 处理进度 [59/11571]: sh508019
2025-08-19 19:59:02,981 - WARNING - 股票 sh111004 不存在于观察池中
2025-08-19 19:59:02,981 - INFO - 处理进度 [60/11571]: sh111004
2025-08-19 19:59:02,982 - INFO - 数据库初始化完成
2025-08-19 19:59:26,532 - WARNING - 股票 sh601101 不存在于观察池中
2025-08-19 19:59:26,533 - INFO - 处理进度 [61/11571]: sh601101
2025-08-19 19:59:26,533 - INFO - 数据库初始化完成
2025-08-19 20:00:03,654 - WARNING - 股票 sh600305 不存在于观察池中
2025-08-19 20:00:03,655 - INFO - 处理进度 [62/11571]: sh600305
2025-08-19 20:00:03,655 - INFO - 数据库初始化完成
2025-08-19 20:00:03,836 - WARNING - 股票 sh881309 不存在于观察池中
2025-08-19 20:00:03,837 - INFO - 数据库初始化完成
2025-08-19 20:00:03,840 - INFO - 处理进度 [63/11571]: sh881309
2025-08-19 20:00:03,847 - WARNING - sh110098 数据不足 (少于250天)，无法生成画像
2025-08-19 20:00:03,848 - INFO - 处理进度 [64/11571]: sh110098
2025-08-19 20:00:03,848 - INFO - 数据库初始化完成
2025-08-19 20:00:07,053 - WARNING - 差分进化优化失败，使用默认参数
2025-08-19 20:00:07,053 - ERROR - sh880957 参数优化失败，使用默认参数回退
2025-08-19 20:00:07,067 - WARNING - 股票 sh880957 不存在于观察池中
2025-08-19 20:00:07,068 - INFO - 处理进度 [65/11571]: sh880957
2025-08-19 20:00:07,069 - INFO - 数据库初始化完成
2025-08-19 20:00:20,683 - WARNING - 股票 sh880826 不存在于观察池中
2025-08-19 20:00:20,684 - INFO - 处理进度 [66/11571]: sh880826
2025-08-19 20:00:20,684 - INFO - 数据库初始化完成
2025-08-19 20:00:34,965 - INFO - 股票 sh600006 画像数据已更新
2025-08-19 20:00:34,965 - INFO - 处理进度 [67/11571]: sh600006
2025-08-19 20:00:34,966 - INFO - 数据库初始化完成
2025-08-19 20:00:34,968 - WARNING - sh508055 数据不足 (少于250天)，无法生成画像
2025-08-19 20:00:34,968 - INFO - 处理进度 [68/11571]: sh508055
2025-08-19 20:00:34,968 - INFO - 数据库初始化完成
2025-08-19 20:00:35,049 - WARNING - 股票 sh113577 不存在于观察池中
2025-08-19 20:00:35,050 - INFO - 数据库初始化完成
2025-08-19 20:00:35,050 - INFO - 处理进度 [69/11571]: sh113577
2025-08-19 20:00:55,408 - WARNING - 股票 sh600337 不存在于观察池中
2025-08-19 20:00:55,409 - INFO - 数据库初始化完成
2025-08-19 20:00:55,410 - INFO - 处理进度 [70/11571]: sh600337
2025-08-19 20:01:01,401 - WARNING - 差分进化优化失败，使用默认参数
2025-08-19 20:01:01,402 - ERROR - sh601949 参数优化失败，使用默认参数回退
2025-08-19 20:01:01,415 - WARNING - 股票 sh601949 不存在于观察池中
2025-08-19 20:01:01,416 - INFO - 处理进度 [71/11571]: sh601949
2025-08-19 20:01:01,416 - INFO - 数据库初始化完成
2025-08-19 20:01:28,181 - WARNING - 股票 sh501021 不存在于观察池中
2025-08-19 20:01:28,181 - INFO - 处理进度 [72/11571]: sh501021
2025-08-19 20:01:28,182 - INFO - 数据库初始化完成
2025-08-19 20:01:28,194 - WARNING - sh562380 数据不足 (少于250天)，无法生成画像
2025-08-19 20:01:28,195 - INFO - 数据库初始化完成
2025-08-19 20:01:28,195 - INFO - 处理进度 [73/11571]: sh562380
2025-08-19 20:02:14,139 - WARNING - 股票 sh880223 不存在于观察池中
2025-08-19 20:02:14,140 - INFO - 处理进度 [74/11571]: sh880223
2025-08-19 20:02:14,140 - INFO - 数据库初始化完成
2025-08-19 20:02:19,602 - WARNING - 股票 sh688172 不存在于观察池中
2025-08-19 20:02:19,602 - INFO - 数据库初始化完成
2025-08-19 20:02:19,603 - INFO - 处理进度 [75/11571]: sh688172
2025-08-19 20:02:35,323 - WARNING - 股票 sh601388 不存在于观察池中
2025-08-19 20:02:35,324 - INFO - 数据库初始化完成
2025-08-19 20:02:35,325 - INFO - 处理进度 [76/11571]: sh601388
2025-08-19 20:02:49,618 - WARNING - 股票 sh600526 不存在于观察池中
2025-08-19 20:02:49,619 - INFO - 数据库初始化完成
2025-08-19 20:02:49,620 - INFO - 处理进度 [77/11571]: sh600526
2025-08-19 20:02:58,989 - WARNING - 股票 sh603759 不存在于观察池中
2025-08-19 20:02:58,990 - INFO - 数据库初始化完成
2025-08-19 20:02:58,991 - INFO - 处理进度 [78/11571]: sh603759
2025-08-19 20:02:59,002 - WARNING - sh688548 数据不足 (少于250天)，无法生成画像
2025-08-19 20:02:59,003 - INFO - 处理进度 [79/11571]: sh688548
2025-08-19 20:02:59,003 - INFO - 数据库初始化完成
2025-08-19 20:03:17,059 - WARNING - 差分进化优化失败，使用默认参数
2025-08-19 20:03:17,059 - ERROR - sh600869 参数优化失败，使用默认参数回退
2025-08-19 20:03:17,073 - WARNING - 股票 sh600869 不存在于观察池中
2025-08-19 20:03:17,074 - INFO - 数据库初始化完成
2025-08-19 20:03:17,076 - INFO - 处理进度 [80/11571]: sh600869
2025-08-19 20:03:17,087 - WARNING - sh880695 数据不足 (少于250天)，无法生成画像
2025-08-19 20:03:17,088 - INFO - 数据库初始化完成
2025-08-19 20:03:17,088 - INFO - 处理进度 [81/11571]: sh880695
2025-08-19 20:03:18,150 - WARNING - 股票 sh600210 不存在于观察池中
2025-08-19 20:03:18,151 - INFO - 处理进度 [82/11571]: sh600210
2025-08-19 20:03:18,152 - INFO - 数据库初始化完成
2025-08-19 20:03:37,130 - WARNING - 股票 sh513950 不存在于观察池中
2025-08-19 20:03:37,130 - INFO - 数据库初始化完成
2025-08-19 20:03:37,130 - INFO - 处理进度 [83/11571]: sh513950
2025-08-19 20:03:50,085 - WARNING - 股票 sh600862 不存在于观察池中
2025-08-19 20:03:50,086 - INFO - 处理进度 [84/11571]: sh600862
2025-08-19 20:03:50,086 - INFO - 数据库初始化完成
2025-08-19 20:03:50,096 - WARNING - sh588230 数据不足 (少于250天)，无法生成画像
2025-08-19 20:03:50,096 - INFO - 数据库初始化完成
2025-08-19 20:03:50,097 - INFO - 处理进度 [85/11571]: sh588230
2025-08-19 20:03:56,444 - WARNING - 股票 sh600015 不存在于观察池中
2025-08-19 20:03:56,445 - INFO - 处理进度 [86/11571]: sh600015
2025-08-19 20:03:56,445 - INFO - 数据库初始化完成
2025-08-19 20:04:36,319 - WARNING - 股票 sh880657 不存在于观察池中
2025-08-19 20:04:36,320 - INFO - 数据库初始化完成
2025-08-19 20:04:36,322 - INFO - 处理进度 [87/11571]: sh880657
2025-08-19 20:04:53,034 - WARNING - 股票 sh600540 不存在于观察池中
2025-08-19 20:04:53,035 - INFO - 数据库初始化完成
2025-08-19 20:04:53,035 - INFO - 处理进度 [88/11571]: sh600540
2025-08-19 20:05:06,097 - WARNING - 股票 sh880422 不存在于观察池中
2025-08-19 20:05:06,097 - INFO - 数据库初始化完成
2025-08-19 20:05:06,097 - INFO - 处理进度 [89/11571]: sh880422
2025-08-19 20:05:06,099 - WARNING - sh603120 数据不足 (少于250天)，无法生成画像
2025-08-19 20:05:06,100 - INFO - 数据库初始化完成
2025-08-19 20:05:06,100 - INFO - 处理进度 [90/11571]: sh603120
2025-08-19 20:05:10,979 - WARNING - 股票 sh688029 不存在于观察池中
2025-08-19 20:05:10,980 - INFO - 处理进度 [91/11571]: sh688029
2025-08-19 20:05:10,980 - INFO - 数据库初始化完成
2025-08-19 20:05:24,063 - WARNING - 股票 sh603365 不存在于观察池中
2025-08-19 20:05:24,064 - INFO - 数据库初始化完成
2025-08-19 20:05:24,064 - INFO - 处理进度 [92/11571]: sh603365
2025-08-19 20:05:37,332 - WARNING - 差分进化优化失败，使用默认参数
2025-08-19 20:05:37,332 - ERROR - sh688432 参数优化失败，使用默认参数回退
2025-08-19 20:05:37,347 - WARNING - 股票 sh688432 不存在于观察池中
2025-08-19 20:05:37,347 - INFO - 数据库初始化完成
2025-08-19 20:05:37,348 - INFO - 处理进度 [93/11571]: sh688432
2025-08-19 20:05:59,276 - WARNING - 股票 sh881017 不存在于观察池中
2025-08-19 20:05:59,277 - INFO - 处理进度 [94/11571]: sh881017
2025-08-19 20:05:59,277 - INFO - 数据库初始化完成
2025-08-19 20:06:05,549 - WARNING - 股票 sh601377 不存在于观察池中
2025-08-19 20:06:05,550 - INFO - 数据库初始化完成
2025-08-19 20:06:05,550 - INFO - 处理进度 [95/11571]: sh601377
2025-08-19 20:06:14,268 - WARNING - 股票 sh688101 不存在于观察池中
2025-08-19 20:06:14,269 - INFO - 数据库初始化完成
2025-08-19 20:06:14,270 - INFO - 处理进度 [96/11571]: sh688101
2025-08-19 20:06:14,280 - WARNING - sh562340 数据不足 (少于250天)，无法生成画像
2025-08-19 20:06:14,281 - INFO - 数据库初始化完成
2025-08-19 20:06:14,282 - INFO - 处理进度 [97/11571]: sh562340
2025-08-19 20:06:40,420 - WARNING - 股票 sh881465 不存在于观察池中
2025-08-19 20:06:40,421 - INFO - 处理进度 [98/11571]: sh881465
2025-08-19 20:06:40,421 - INFO - 数据库初始化完成
2025-08-19 20:06:47,004 - WARNING - 股票 sh603195 不存在于观察池中
2025-08-19 20:06:47,005 - INFO - 数据库初始化完成
2025-08-19 20:06:47,005 - INFO - 处理进度 [99/11571]: sh603195
2025-08-19 20:06:47,016 - WARNING - sh603062 数据不足 (少于250天)，无法生成画像
2025-08-19 20:06:47,017 - INFO - 数据库初始化完成
2025-08-19 20:06:47,017 - INFO - 处理进度 [100/11571]: sh603062
2025-08-19 20:06:47,032 - WARNING - sh688695 数据不足 (少于250天)，无法生成画像
2025-08-19 20:06:47,033 - INFO - 处理进度 [101/11571]: sh688695
2025-08-19 20:06:47,033 - INFO - 数据库初始化完成
2025-08-19 20:06:47,046 - WARNING - sh688334 数据不足 (少于250天)，无法生成画像
2025-08-19 20:06:47,047 - INFO - 处理进度 [102/11571]: sh688334
2025-08-19 20:06:47,047 - INFO - 数据库初始化完成
2025-08-19 20:06:47,449 - WARNING - 差分进化优化失败，使用默认参数
2025-08-19 20:06:47,450 - ERROR - sh880560 参数优化失败，使用默认参数回退
2025-08-19 20:06:47,464 - WARNING - 股票 sh880560 不存在于观察池中
2025-08-19 20:06:47,465 - INFO - 数据库初始化完成
2025-08-19 20:06:47,465 - INFO - 处理进度 [103/11571]: sh880560
2025-08-19 20:06:49,790 - WARNING - 股票 sh881174 不存在于观察池中
2025-08-19 20:06:49,791 - INFO - 数据库初始化完成
2025-08-19 20:06:49,792 - INFO - 处理进度 [104/11571]: sh881174
2025-08-19 20:06:57,172 - WARNING - 股票 sh880355 不存在于观察池中
2025-08-19 20:06:57,173 - INFO - 处理进度 [105/11571]: sh880355
2025-08-19 20:06:57,173 - INFO - 数据库初始化完成
2025-08-19 20:07:07,155 - WARNING - 股票 sh501043 不存在于观察池中
2025-08-19 20:07:07,157 - INFO - 数据库初始化完成
2025-08-19 20:07:07,157 - INFO - 处理进度 [106/11571]: sh501043
2025-08-19 20:07:24,155 - WARNING - 股票 sh688007 不存在于观察池中
2025-08-19 20:07:24,156 - INFO - 数据库初始化完成
2025-08-19 20:07:24,156 - INFO - 处理进度 [107/11571]: sh688007
2025-08-19 20:07:24,166 - WARNING - sh520660 数据不足 (少于250天)，无法生成画像
2025-08-19 20:07:24,167 - INFO - 数据库初始化完成
2025-08-19 20:07:24,172 - INFO - 处理进度 [108/11571]: sh520660
2025-08-19 20:07:26,474 - WARNING - 股票 sh688687 不存在于观察池中
2025-08-19 20:07:26,475 - INFO - 处理进度 [109/11571]: sh688687
2025-08-19 20:07:26,475 - INFO - 数据库初始化完成
2025-08-19 20:07:34,759 - WARNING - 股票 sh601515 不存在于观察池中
2025-08-19 20:07:34,759 - INFO - 处理进度 [110/11571]: sh601515
2025-08-19 20:07:34,760 - INFO - 数据库初始化完成
2025-08-19 20:07:49,558 - WARNING - 股票 sh880889 不存在于观察池中
2025-08-19 20:07:49,559 - INFO - 处理进度 [111/11571]: sh880889
2025-08-19 20:07:49,559 - INFO - 数据库初始化完成
2025-08-19 20:08:19,155 - WARNING - 股票 sh605365 不存在于观察池中
2025-08-19 20:08:19,156 - INFO - 数据库初始化完成
2025-08-19 20:08:19,159 - INFO - 处理进度 [112/11571]: sh605365
2025-08-19 20:08:33,600 - WARNING - 股票 sh881069 不存在于观察池中
2025-08-19 20:08:33,600 - INFO - 处理进度 [113/11571]: sh881069
2025-08-19 20:08:33,601 - INFO - 数据库初始化完成
2025-08-19 20:08:36,840 - WARNING - 股票 sh600679 不存在于观察池中
2025-08-19 20:08:36,841 - INFO - 处理进度 [114/11571]: sh600679
2025-08-19 20:08:36,842 - INFO - 数据库初始化完成
2025-08-19 20:08:46,403 - WARNING - 股票 sh881208 不存在于观察池中
2025-08-19 20:08:46,404 - INFO - 处理进度 [115/11571]: sh881208
2025-08-19 20:08:46,404 - INFO - 数据库初始化完成
2025-08-19 20:08:51,360 - WARNING - 股票 sh881419 不存在于观察池中
2025-08-19 20:08:51,361 - INFO - 处理进度 [116/11571]: sh881419
2025-08-19 20:08:51,361 - INFO - 数据库初始化完成
2025-08-19 20:08:51,372 - WARNING - sh560300 数据不足 (少于250天)，无法生成画像
2025-08-19 20:08:51,373 - INFO - 数据库初始化完成
2025-08-19 20:08:51,373 - INFO - 处理进度 [117/11571]: sh560300
2025-08-19 20:10:05,534 - WARNING - 差分进化优化失败，使用默认参数
2025-08-19 20:10:05,534 - ERROR - sh516000 参数优化失败，使用默认参数回退
2025-08-19 20:10:05,548 - WARNING - 股票 sh516000 不存在于观察池中
2025-08-19 20:10:05,549 - INFO - 数据库初始化完成
2025-08-19 20:10:05,552 - INFO - 处理进度 [118/11571]: sh516000
2025-08-19 20:10:18,694 - WARNING - 股票 sh600868 不存在于观察池中
2025-08-19 20:10:18,696 - INFO - 数据库初始化完成
2025-08-19 20:10:18,698 - INFO - 处理进度 [119/11571]: sh600868
2025-08-19 20:10:19,353 - WARNING - 股票 sh603028 不存在于观察池中
2025-08-19 20:10:19,380 - INFO - 处理进度 [120/11571]: sh603028
2025-08-19 20:10:19,380 - INFO - 数据库初始化完成
2025-08-19 20:10:21,827 - WARNING - 股票 sh603168 不存在于观察池中
2025-08-19 20:10:21,828 - INFO - 处理进度 [121/11571]: sh603168
2025-08-19 20:10:21,828 - INFO - 数据库初始化完成
2025-08-19 20:10:32,875 - WARNING - 股票 sh688060 不存在于观察池中
2025-08-19 20:10:32,875 - INFO - 处理进度 [122/11571]: sh688060
2025-08-19 20:10:32,876 - INFO - 数据库初始化完成
2025-08-19 20:10:57,625 - WARNING - 股票 sh603267 不存在于观察池中
2025-08-19 20:10:57,626 - INFO - 处理进度 [123/11571]: sh603267
2025-08-19 20:10:57,626 - INFO - 数据库初始化完成
2025-08-19 20:10:57,642 - WARNING - sh688615 数据不足 (少于250天)，无法生成画像
2025-08-19 20:10:57,642 - INFO - 处理进度 [124/11571]: sh688615
2025-08-19 20:10:57,643 - INFO - 数据库初始化完成
2025-08-19 20:11:16,008 - WARNING - 股票 sh603018 不存在于观察池中
2025-08-19 20:11:16,009 - INFO - 处理进度 [125/11571]: sh603018
2025-08-19 20:11:16,009 - INFO - 数据库初始化完成
2025-08-19 20:12:21,396 - WARNING - 股票 sh880204 不存在于观察池中
2025-08-19 20:12:21,397 - INFO - 数据库初始化完成
2025-08-19 20:12:21,397 - INFO - 处理进度 [126/11571]: sh880204
2025-08-19 20:12:23,990 - WARNING - 股票 sh603040 不存在于观察池中
2025-08-19 20:12:23,991 - INFO - 处理进度 [127/11571]: sh603040
2025-08-19 20:12:23,991 - INFO - 数据库初始化完成
2025-08-19 20:12:35,686 - WARNING - 股票 sh113062 不存在于观察池中
2025-08-19 20:12:35,687 - INFO - 数据库初始化完成
2025-08-19 20:12:35,687 - INFO - 处理进度 [128/11571]: sh113062
2025-08-19 20:12:36,626 - WARNING - 股票 sh688519 不存在于观察池中
2025-08-19 20:12:36,627 - INFO - 处理进度 [129/11571]: sh688519
2025-08-19 20:12:36,628 - INFO - 数据库初始化完成
2025-08-19 20:12:51,580 - WARNING - 股票 sh603098 不存在于观察池中
2025-08-19 20:12:51,581 - INFO - 处理进度 [130/11571]: sh603098
2025-08-19 20:12:51,582 - INFO - 数据库初始化完成
2025-08-19 20:12:54,142 - WARNING - 股票 sh601985 不存在于观察池中
2025-08-19 20:12:54,142 - INFO - 数据库初始化完成
2025-08-19 20:12:54,143 - INFO - 处理进度 [131/11571]: sh601985
2025-08-19 20:12:55,520 - WARNING - 股票 sh600861 不存在于观察池中
2025-08-19 20:12:55,520 - INFO - 数据库初始化完成
2025-08-19 20:12:55,521 - INFO - 处理进度 [132/11571]: sh600861
2025-08-19 20:12:59,860 - WARNING - 股票 sh900922 不存在于观察池中
2025-08-19 20:12:59,860 - INFO - 处理进度 [133/11571]: sh900922
2025-08-19 20:12:59,861 - INFO - 数据库初始化完成
2025-08-19 20:13:18,228 - WARNING - 股票 sh881025 不存在于观察池中
2025-08-19 20:13:18,228 - INFO - 数据库初始化完成
2025-08-19 20:13:18,229 - INFO - 处理进度 [134/11571]: sh881025
2025-08-19 20:13:29,581 - WARNING - 股票 sh603768 不存在于观察池中
2025-08-19 20:13:29,582 - INFO - 数据库初始化完成
2025-08-19 20:13:29,582 - INFO - 处理进度 [135/11571]: sh603768
2025-08-19 20:13:38,458 - WARNING - 股票 sh881357 不存在于观察池中
2025-08-19 20:13:38,459 - INFO - 处理进度 [136/11571]: sh881357
2025-08-19 20:13:38,459 - INFO - 数据库初始化完成
2025-08-19 20:13:43,704 - WARNING - 股票 sh603738 不存在于观察池中
2025-08-19 20:13:43,705 - INFO - 数据库初始化完成
2025-08-19 20:13:43,705 - INFO - 处理进度 [137/11571]: sh603738
2025-08-19 20:13:56,723 - WARNING - 股票 sh688049 不存在于观察池中
2025-08-19 20:13:56,724 - INFO - 处理进度 [138/11571]: sh688049
2025-08-19 20:13:56,725 - INFO - 数据库初始化完成
2025-08-19 20:15:13,080 - WARNING - 股票 sh603013 不存在于观察池中
2025-08-19 20:15:13,081 - INFO - 数据库初始化完成
2025-08-19 20:15:13,082 - INFO - 处理进度 [139/11571]: sh603013
2025-08-19 20:15:24,811 - WARNING - 股票 sh605080 不存在于观察池中
2025-08-19 20:15:24,812 - INFO - 数据库初始化完成
2025-08-19 20:15:24,812 - INFO - 处理进度 [140/11571]: sh605080
2025-08-19 20:15:55,370 - WARNING - 股票 sh881042 不存在于观察池中
2025-08-19 20:15:55,371 - INFO - 数据库初始化完成
2025-08-19 20:15:55,371 - INFO - 处理进度 [141/11571]: sh881042
2025-08-19 20:15:55,381 - WARNING - sh880581 数据不足 (少于250天)，无法生成画像
2025-08-19 20:15:55,381 - INFO - 数据库初始化完成
2025-08-19 20:15:55,382 - INFO - 处理进度 [142/11571]: sh880581
2025-08-19 20:15:55,416 - WARNING - sh688545 数据不足 (少于250天)，无法生成画像
2025-08-19 20:15:55,416 - INFO - 处理进度 [143/11571]: sh688545
2025-08-19 20:15:55,417 - INFO - 数据库初始化完成
2025-08-19 20:16:01,285 - WARNING - 股票 sh688302 不存在于观察池中
2025-08-19 20:16:01,285 - INFO - 数据库初始化完成
2025-08-19 20:16:01,289 - INFO - 处理进度 [144/11571]: sh688302
2025-08-19 20:16:10,077 - WARNING - 股票 sh881324 不存在于观察池中
2025-08-19 20:16:10,078 - INFO - 处理进度 [145/11571]: sh881324
2025-08-19 20:16:10,078 - INFO - 数据库初始化完成
2025-08-19 20:16:10,092 - WARNING - sh603276 数据不足 (少于250天)，无法生成画像
2025-08-19 20:16:10,092 - INFO - 处理进度 [146/11571]: sh603276
2025-08-19 20:16:10,093 - INFO - 数据库初始化完成
2025-08-19 20:16:14,969 - WARNING - 差分进化优化失败，使用默认参数
2025-08-19 20:16:14,969 - ERROR - sh688077 参数优化失败，使用默认参数回退
2025-08-19 20:16:14,983 - WARNING - 股票 sh688077 不存在于观察池中
2025-08-19 20:16:14,984 - INFO - 处理进度 [147/11571]: sh688077
2025-08-19 20:16:14,984 - INFO - 数据库初始化完成
2025-08-19 20:16:15,000 - WARNING - sh688581 数据不足 (少于250天)，无法生成画像
2025-08-19 20:16:15,000 - INFO - 处理进度 [148/11571]: sh688581
2025-08-19 20:16:15,001 - INFO - 数据库初始化完成
2025-08-19 20:16:25,501 - WARNING - 股票 sh600420 不存在于观察池中
2025-08-19 20:16:25,502 - INFO - 处理进度 [149/11571]: sh600420
2025-08-19 20:16:25,502 - INFO - 数据库初始化完成
2025-08-19 20:16:25,639 - WARNING - 股票 sh881237 不存在于观察池中
2025-08-19 20:16:25,639 - INFO - 处理进度 [150/11571]: sh881237
2025-08-19 20:16:25,640 - INFO - 数据库初始化完成
2025-08-19 20:16:40,898 - WARNING - 差分进化优化失败，使用默认参数
2025-08-19 20:16:40,898 - ERROR - sh601997 参数优化失败，使用默认参数回退
2025-08-19 20:16:40,912 - WARNING - 股票 sh601997 不存在于观察池中
2025-08-19 20:16:40,912 - INFO - 数据库初始化完成
2025-08-19 20:16:40,913 - INFO - 处理进度 [151/11571]: sh601997
2025-08-19 20:16:49,833 - WARNING - 差分进化优化失败，使用默认参数
2025-08-19 20:16:49,833 - ERROR - sh880431 参数优化失败，使用默认参数回退
2025-08-19 20:16:49,847 - WARNING - 股票 sh880431 不存在于观察池中
2025-08-19 20:16:49,847 - INFO - 处理进度 [152/11571]: sh880431
2025-08-19 20:16:49,848 - INFO - 数据库初始化完成
2025-08-19 20:16:49,900 - WARNING - 股票 sh600798 不存在于观察池中
2025-08-19 20:16:49,901 - INFO - 数据库初始化完成
2025-08-19 20:16:49,901 - INFO - 处理进度 [153/11571]: sh600798
2025-08-19 20:17:01,426 - WARNING - 股票 sh600252 不存在于观察池中
2025-08-19 20:17:01,427 - INFO - 处理进度 [154/11571]: sh600252
2025-08-19 20:17:01,427 - INFO - 数据库初始化完成
2025-08-19 20:17:13,315 - WARNING - 股票 sh688531 不存在于观察池中
2025-08-19 20:17:13,315 - INFO - 数据库初始化完成
2025-08-19 20:17:13,316 - INFO - 处理进度 [155/11571]: sh688531
2025-08-19 20:17:13,325 - WARNING - sh880665 数据不足 (少于250天)，无法生成画像
2025-08-19 20:17:13,326 - INFO - 处理进度 [156/11571]: sh880665
2025-08-19 20:17:13,326 - INFO - 数据库初始化完成
2025-08-19 20:17:30,370 - WARNING - 差分进化优化失败，使用默认参数
2025-08-19 20:17:30,370 - ERROR - sh688082 参数优化失败，使用默认参数回退
2025-08-19 20:17:30,384 - WARNING - 股票 sh688082 不存在于观察池中
2025-08-19 20:17:30,385 - INFO - 数据库初始化完成
2025-08-19 20:17:30,386 - INFO - 处理进度 [157/11571]: sh688082
2025-08-19 20:17:57,727 - WARNING - 股票 sh601519 不存在于观察池中
2025-08-19 20:17:57,728 - INFO - 处理进度 [158/11571]: sh601519
2025-08-19 20:17:57,728 - INFO - 数据库初始化完成
2025-08-19 20:18:08,642 - WARNING - 股票 sh880854 不存在于观察池中
2025-08-19 20:18:08,643 - INFO - 数据库初始化完成
2025-08-19 20:18:08,644 - INFO - 处理进度 [159/11571]: sh880854
2025-08-19 20:18:41,505 - WARNING - 股票 sh881347 不存在于观察池中
2025-08-19 20:18:41,505 - INFO - 数据库初始化完成
2025-08-19 20:18:41,506 - INFO - 处理进度 [160/11571]: sh881347
2025-08-19 20:18:46,044 - WARNING - 股票 sh603386 不存在于观察池中
2025-08-19 20:18:46,053 - INFO - 数据库初始化完成
2025-08-19 20:18:46,053 - INFO - 处理进度 [161/11571]: sh603386
2025-08-19 20:18:46,064 - WARNING - sh588750 数据不足 (少于250天)，无法生成画像
2025-08-19 20:18:46,065 - INFO - 数据库初始化完成
2025-08-19 20:18:46,066 - WARNING - sh588940 数据不足 (少于250天)，无法生成画像
2025-08-19 20:18:46,067 - INFO - 数据库初始化完成
2025-08-19 20:18:46,070 - INFO - 处理进度 [162/11571]: sh588750
2025-08-19 20:18:46,070 - INFO - 处理进度 [163/11571]: sh588940
2025-08-19 20:19:08,540 - WARNING - 差分进化优化失败，使用默认参数
2025-08-19 20:19:08,541 - ERROR - sh881178 参数优化失败，使用默认参数回退
2025-08-19 20:19:08,556 - WARNING - 股票 sh881178 不存在于观察池中
2025-08-19 20:19:08,556 - INFO - 处理进度 [164/11571]: sh881178
2025-08-19 20:19:08,557 - INFO - 数据库初始化完成
2025-08-19 20:19:33,712 - WARNING - 股票 sh688777 不存在于观察池中
2025-08-19 20:19:33,713 - INFO - 处理进度 [165/11571]: sh688777
2025-08-19 20:19:33,713 - INFO - 数据库初始化完成
2025-08-19 20:19:35,892 - WARNING - 股票 sh603238 不存在于观察池中
2025-08-19 20:19:35,893 - INFO - 数据库初始化完成
2025-08-19 20:19:35,894 - INFO - 处理进度 [166/11571]: sh603238
2025-08-19 20:19:51,752 - WARNING - 股票 sh881436 不存在于观察池中
2025-08-19 20:19:51,753 - INFO - 处理进度 [167/11571]: sh881436
2025-08-19 20:19:51,753 - INFO - 数据库初始化完成
2025-08-19 20:19:52,362 - WARNING - 股票 sh600635 不存在于观察池中
2025-08-19 20:19:52,363 - INFO - 数据库初始化完成
2025-08-19 20:19:52,362 - INFO - 处理进度 [168/11571]: sh600635
2025-08-19 20:19:52,378 - WARNING - sh880077 数据不足 (少于250天)，无法生成画像
2025-08-19 20:19:52,379 - INFO - 数据库初始化完成
2025-08-19 20:19:52,379 - INFO - 处理进度 [169/11571]: sh880077
2025-08-19 20:20:06,349 - WARNING - 股票 sh600055 不存在于观察池中
2025-08-19 20:20:06,349 - INFO - 数据库初始化完成
2025-08-19 20:20:06,350 - INFO - 处理进度 [170/11571]: sh600055
2025-08-19 20:20:17,538 - WARNING - 股票 sh880605 不存在于观察池中
2025-08-19 20:20:17,538 - INFO - 处理进度 [171/11571]: sh880605
2025-08-19 20:20:17,539 - INFO - 数据库初始化完成
2025-08-19 20:20:37,247 - WARNING - 股票 sh600148 不存在于观察池中
2025-08-19 20:20:37,248 - INFO - 数据库初始化完成
2025-08-19 20:20:37,249 - INFO - 处理进度 [172/11571]: sh600148
2025-08-19 20:20:37,260 - WARNING - sh113067 数据不足 (少于250天)，无法生成画像
2025-08-19 20:20:37,261 - INFO - 数据库初始化完成
2025-08-19 20:20:37,261 - INFO - 处理进度 [173/11571]: sh113067
2025-08-19 20:20:40,241 - WARNING - 股票 sh688660 不存在于观察池中
2025-08-19 20:20:40,241 - INFO - 处理进度 [174/11571]: sh688660
2025-08-19 20:20:40,242 - INFO - 数据库初始化完成
2025-08-19 20:21:18,112 - WARNING - 股票 sh881222 不存在于观察池中
2025-08-19 20:21:18,113 - INFO - 数据库初始化完成
2025-08-19 20:21:18,113 - INFO - 处理进度 [175/11571]: sh881222
2025-08-19 20:21:26,439 - WARNING - 股票 sh600704 不存在于观察池中
2025-08-19 20:21:26,440 - INFO - 数据库初始化完成
2025-08-19 20:21:26,440 - INFO - 处理进度 [176/11571]: sh600704
2025-08-19 20:21:47,947 - WARNING - 股票 sh688084 不存在于观察池中
2025-08-19 20:21:47,948 - INFO - 数据库初始化完成
2025-08-19 20:21:47,949 - INFO - 处理进度 [177/11571]: sh688084
2025-08-19 20:21:47,959 - WARNING - sh562260 数据不足 (少于250天)，无法生成画像
2025-08-19 20:21:47,960 - INFO - 处理进度 [178/11571]: sh562260
2025-08-19 20:21:47,960 - INFO - 数据库初始化完成
2025-08-19 20:22:11,464 - WARNING - 股票 sh600780 不存在于观察池中
2025-08-19 20:22:11,465 - INFO - 数据库初始化完成
2025-08-19 20:22:11,468 - INFO - 处理进度 [179/11571]: sh600780
2025-08-19 20:22:11,477 - WARNING - sh520990 数据不足 (少于250天)，无法生成画像
2025-08-19 20:22:11,477 - INFO - 处理进度 [180/11571]: sh520990
2025-08-19 20:22:11,478 - INFO - 数据库初始化完成
2025-08-19 20:22:11,487 - WARNING - sh563220 数据不足 (少于250天)，无法生成画像
2025-08-19 20:22:11,488 - INFO - 处理进度 [181/11571]: sh563220
2025-08-19 20:22:11,488 - INFO - 数据库初始化完成
2025-08-19 20:22:18,878 - WARNING - 股票 sh688128 不存在于观察池中
2025-08-19 20:22:18,879 - INFO - 数据库初始化完成
2025-08-19 20:22:18,880 - INFO - 处理进度 [182/11571]: sh688128
2025-08-19 20:22:18,944 - WARNING - 股票 sh512360 不存在于观察池中
2025-08-19 20:22:18,945 - INFO - 数据库初始化完成
2025-08-19 20:22:18,945 - INFO - 处理进度 [183/11571]: sh512360
2025-08-19 20:22:37,235 - WARNING - 股票 sh880877 不存在于观察池中
2025-08-19 20:22:37,236 - INFO - 数据库初始化完成
2025-08-19 20:22:37,236 - INFO - 处理进度 [184/11571]: sh880877
2025-08-19 20:22:38,746 - WARNING - 股票 sh880846 不存在于观察池中
2025-08-19 20:22:38,747 - INFO - 数据库初始化完成
2025-08-19 20:22:38,748 - INFO - 处理进度 [185/11571]: sh880846
2025-08-19 20:22:38,757 - WARNING - sh603124 数据不足 (少于250天)，无法生成画像
2025-08-19 20:22:38,758 - INFO - 处理进度 [186/11571]: sh603124
2025-08-19 20:22:38,758 - INFO - 数据库初始化完成
2025-08-19 20:23:17,279 - WARNING - 股票 sh880973 不存在于观察池中
2025-08-19 20:23:17,280 - INFO - 数据库初始化完成
2025-08-19 20:23:17,280 - INFO - 处理进度 [187/11571]: sh880973
2025-08-19 20:23:23,677 - WARNING - 股票 sh118023 不存在于观察池中
2025-08-19 20:23:23,678 - INFO - 处理进度 [188/11571]: sh118023
2025-08-19 20:23:23,679 - INFO - 数据库初始化完成
2025-08-19 20:23:32,597 - WARNING - 差分进化优化失败，使用默认参数
2025-08-19 20:23:32,597 - ERROR - sh880951 参数优化失败，使用默认参数回退
2025-08-19 20:23:32,610 - WARNING - 股票 sh880951 不存在于观察池中
2025-08-19 20:23:32,611 - INFO - 数据库初始化完成
2025-08-19 20:23:32,612 - INFO - 处理进度 [189/11571]: sh880951
2025-08-19 20:23:34,236 - WARNING - 股票 sh880006 不存在于观察池中
2025-08-19 20:23:34,238 - INFO - 数据库初始化完成
2025-08-19 20:23:34,238 - INFO - 处理进度 [190/11571]: sh880006
2025-08-19 20:23:37,488 - WARNING - 股票 sh688229 不存在于观察池中
2025-08-19 20:23:37,488 - INFO - 数据库初始化完成
2025-08-19 20:23:37,489 - INFO - 处理进度 [191/11571]: sh688229
2025-08-19 20:24:00,609 - WARNING - 股票 sh881224 不存在于观察池中
2025-08-19 20:24:00,610 - INFO - 处理进度 [192/11571]: sh881224
2025-08-19 20:24:00,610 - INFO - 数据库初始化完成
2025-08-19 20:24:36,393 - WARNING - 股票 sh603279 不存在于观察池中
2025-08-19 20:24:36,418 - INFO - 数据库初始化完成
2025-08-19 20:24:36,419 - INFO - 处理进度 [193/11571]: sh603279
2025-08-19 20:24:42,143 - WARNING - 股票 sh501301 不存在于观察池中
2025-08-19 20:24:42,143 - INFO - 数据库初始化完成
2025-08-19 20:24:42,144 - INFO - 处理进度 [194/11571]: sh501301
2025-08-19 20:25:06,426 - WARNING - 股票 sh880537 不存在于观察池中
2025-08-19 20:25:06,452 - INFO - 数据库初始化完成
2025-08-19 20:25:06,453 - INFO - 处理进度 [195/11571]: sh880537
2025-08-19 20:25:22,011 - WARNING - 股票 sh688188 不存在于观察池中
2025-08-19 20:25:22,012 - INFO - 处理进度 [196/11571]: sh688188
2025-08-19 20:25:22,012 - INFO - 数据库初始化完成
2025-08-19 20:25:25,631 - WARNING - 股票 sh600032 不存在于观察池中
2025-08-19 20:25:25,632 - INFO - 处理进度 [197/11571]: sh600032
2025-08-19 20:25:25,633 - INFO - 数据库初始化完成
2025-08-19 20:25:34,952 - WARNING - 股票 sh600722 不存在于观察池中
2025-08-19 20:25:34,953 - INFO - 数据库初始化完成
2025-08-19 20:25:34,953 - INFO - 处理进度 [198/11571]: sh600722
2025-08-19 20:25:49,555 - WARNING - 股票 sh603351 不存在于观察池中
2025-08-19 20:25:49,557 - INFO - 数据库初始化完成
2025-08-19 20:25:49,558 - INFO - 处理进度 [199/11571]: sh603351
2025-08-19 20:26:05,920 - WARNING - 股票 sh600684 不存在于观察池中
2025-08-19 20:26:05,946 - INFO - 数据库初始化完成
2025-08-19 20:26:05,947 - INFO - 处理进度 [200/11571]: sh600684
2025-08-19 20:26:19,957 - WARNING - 股票 sh513550 不存在于观察池中
2025-08-19 20:26:19,958 - INFO - 处理进度 [201/11571]: sh513550
2025-08-19 20:26:19,959 - INFO - 数据库初始化完成
2025-08-19 20:26:22,597 - WARNING - 股票 sh600143 不存在于观察池中
2025-08-19 20:26:22,598 - INFO - 处理进度 [202/11571]: sh600143
2025-08-19 20:26:22,598 - INFO - 数据库初始化完成
2025-08-19 20:26:25,602 - WARNING - 差分进化优化失败，使用默认参数
2025-08-19 20:26:25,602 - ERROR - sh603161 参数优化失败，使用默认参数回退
2025-08-19 20:26:25,615 - WARNING - 股票 sh603161 不存在于观察池中
2025-08-19 20:26:25,616 - INFO - 数据库初始化完成
2025-08-19 20:26:25,616 - INFO - 处理进度 [203/11571]: sh603161
2025-08-19 20:26:56,083 - WARNING - 股票 sh688210 不存在于观察池中
2025-08-19 20:26:56,084 - INFO - 处理进度 [204/11571]: sh688210
2025-08-19 20:26:56,085 - INFO - 数据库初始化完成
2025-08-19 20:26:56,203 - WARNING - 股票 sh881024 不存在于观察池中
2025-08-19 20:26:56,204 - INFO - 数据库初始化完成
2025-08-19 20:26:56,204 - INFO - 处理进度 [205/11571]: sh881024
2025-08-19 20:26:56,771 - WARNING - 股票 sh880910 不存在于观察池中
2025-08-19 20:26:56,772 - INFO - 数据库初始化完成
2025-08-19 20:26:56,772 - INFO - 处理进度 [206/11571]: sh880910
2025-08-19 20:27:03,643 - WARNING - 股票 sh688323 不存在于观察池中
2025-08-19 20:27:03,644 - INFO - 处理进度 [207/11571]: sh688323
2025-08-19 20:27:03,645 - INFO - 数据库初始化完成
2025-08-19 20:27:40,301 - WARNING - 股票 sh601838 不存在于观察池中
2025-08-19 20:27:40,302 - INFO - 处理进度 [208/11571]: sh601838
2025-08-19 20:27:40,302 - INFO - 数据库初始化完成
2025-08-19 20:28:20,469 - WARNING - 股票 sh516510 不存在于观察池中
2025-08-19 20:28:20,470 - INFO - 数据库初始化完成
2025-08-19 20:28:20,471 - INFO - 处理进度 [209/11571]: sh516510
2025-08-19 20:28:38,090 - WARNING - 股票 sh601866 不存在于观察池中
2025-08-19 20:28:38,091 - INFO - 处理进度 [210/11571]: sh601866
2025-08-19 20:28:38,091 - INFO - 数据库初始化完成
2025-08-19 20:28:54,371 - WARNING - 股票 sh881136 不存在于观察池中
2025-08-19 20:28:54,372 - INFO - 数据库初始化完成
2025-08-19 20:28:54,372 - INFO - 处理进度 [211/11571]: sh881136
2025-08-19 20:28:57,377 - WARNING - 股票 sh600071 不存在于观察池中
2025-08-19 20:28:57,378 - INFO - 处理进度 [212/11571]: sh600071
2025-08-19 20:28:57,378 - INFO - 数据库初始化完成
2025-08-19 20:29:10,834 - WARNING - 股票 sh515600 不存在于观察池中
2025-08-19 20:29:10,835 - INFO - 数据库初始化完成
2025-08-19 20:29:10,836 - INFO - 处理进度 [213/11571]: sh515600
2025-08-19 20:29:17,569 - WARNING - 股票 sh601360 不存在于观察池中
2025-08-19 20:29:17,570 - INFO - 处理进度 [214/11571]: sh601360
2025-08-19 20:29:17,570 - INFO - 数据库初始化完成
2025-08-19 20:29:54,803 - WARNING - 股票 sh601969 不存在于观察池中
2025-08-19 20:29:54,804 - INFO - 数据库初始化完成
2025-08-19 20:29:54,804 - INFO - 处理进度 [215/11571]: sh601969
2025-08-19 20:30:00,646 - WARNING - 股票 sh605123 不存在于观察池中
2025-08-19 20:30:00,648 - INFO - 数据库初始化完成
2025-08-19 20:30:00,648 - INFO - 处理进度 [216/11571]: sh605123
2025-08-19 20:30:16,302 - WARNING - 股票 sh603861 不存在于观察池中
2025-08-19 20:30:16,302 - INFO - 数据库初始化完成
2025-08-19 20:30:16,303 - INFO - 处理进度 [217/11571]: sh603861
2025-08-19 20:30:25,703 - WARNING - 股票 sh688133 不存在于观察池中
2025-08-19 20:30:25,703 - INFO - 处理进度 [218/11571]: sh688133
2025-08-19 20:30:25,703 - INFO - 数据库初始化完成
2025-08-19 20:30:36,441 - WARNING - 股票 sh603979 不存在于观察池中
2025-08-19 20:30:36,441 - INFO - 数据库初始化完成
2025-08-19 20:30:36,441 - INFO - 处理进度 [219/11571]: sh603979
2025-08-19 20:30:42,363 - WARNING - 股票 sh603566 不存在于观察池中
2025-08-19 20:30:42,364 - INFO - 数据库初始化完成
2025-08-19 20:30:42,364 - INFO - 处理进度 [220/11571]: sh603566
2025-08-19 20:31:34,930 - WARNING - 股票 sh512980 不存在于观察池中
2025-08-19 20:31:34,931 - INFO - 数据库初始化完成
2025-08-19 20:31:34,931 - INFO - 处理进度 [221/11571]: sh512980
2025-08-19 20:31:50,699 - WARNING - 股票 sh601611 不存在于观察池中
2025-08-19 20:31:50,700 - INFO - 处理进度 [222/11571]: sh601611
2025-08-19 20:31:50,700 - INFO - 数据库初始化完成
2025-08-19 20:32:22,003 - WARNING - 股票 sh601699 不存在于观察池中
2025-08-19 20:32:22,004 - INFO - 数据库初始化完成
2025-08-19 20:32:22,008 - INFO - 处理进度 [223/11571]: sh601699
2025-08-19 20:32:36,497 - WARNING - 股票 sh600511 不存在于观察池中
2025-08-19 20:32:36,505 - INFO - 处理进度 [224/11571]: sh600511
2025-08-19 20:32:36,506 - INFO - 数据库初始化完成
2025-08-19 20:32:39,772 - WARNING - 差分进化优化失败，使用默认参数
2025-08-19 20:32:39,772 - ERROR - sh600975 参数优化失败，使用默认参数回退
2025-08-19 20:32:39,786 - WARNING - 股票 sh600975 不存在于观察池中
2025-08-19 20:32:39,787 - INFO - 处理进度 [225/11571]: sh600975
2025-08-19 20:32:39,787 - INFO - 数据库初始化完成
2025-08-19 20:32:46,768 - WARNING - 股票 sh600052 不存在于观察池中
2025-08-19 20:32:46,794 - INFO - 处理进度 [226/11571]: sh600052
2025-08-19 20:32:46,794 - INFO - 数据库初始化完成
2025-08-19 20:32:47,341 - WARNING - 股票 sh601615 不存在于观察池中
2025-08-19 20:32:47,342 - INFO - 处理进度 [227/11571]: sh601615
2025-08-19 20:32:47,342 - INFO - 数据库初始化完成
2025-08-19 20:32:47,352 - WARNING - sh603091 数据不足 (少于250天)，无法生成画像
2025-08-19 20:32:47,353 - INFO - 数据库初始化完成
2025-08-19 20:32:47,356 - INFO - 处理进度 [228/11571]: sh603091
2025-08-19 20:32:54,676 - WARNING - 股票 sh603833 不存在于观察池中
2025-08-19 20:32:54,676 - INFO - 处理进度 [229/11571]: sh603833
2025-08-19 20:32:54,677 - INFO - 数据库初始化完成
2025-08-19 20:32:55,138 - WARNING - 股票 sh603255 不存在于观察池中
2025-08-19 20:32:55,139 - INFO - 处理进度 [230/11571]: sh603255
2025-08-19 20:32:55,139 - INFO - 数据库初始化完成
2025-08-19 20:32:55,141 - WARNING - sh512240 数据不足 (少于250天)，无法生成画像
2025-08-19 20:32:55,141 - INFO - 处理进度 [231/11571]: sh512240
2025-08-19 20:32:55,141 - INFO - 数据库初始化完成
2025-08-19 20:32:55,448 - WARNING - 股票 sh880424 不存在于观察池中
2025-08-19 20:32:55,449 - INFO - 处理进度 [232/11571]: sh880424
2025-08-19 20:32:55,450 - INFO - 数据库初始化完成
2025-08-19 20:33:06,735 - WARNING - 股票 sh000300 不存在于观察池中
2025-08-19 20:33:06,761 - INFO - 处理进度 [233/11571]: sh000300
2025-08-19 20:33:06,762 - INFO - 数据库初始化完成
2025-08-19 20:33:09,190 - WARNING - 股票 sh501217 不存在于观察池中
2025-08-19 20:33:09,191 - INFO - 处理进度 [234/11571]: sh501217
2025-08-19 20:33:09,191 - INFO - 数据库初始化完成
2025-08-19 20:33:12,705 - WARNING - 股票 sh600123 不存在于观察池中
2025-08-19 20:33:12,706 - INFO - 数据库初始化完成
2025-08-19 20:33:12,707 - INFO - 处理进度 [235/11571]: sh600123
2025-08-19 20:33:18,052 - WARNING - 股票 sh605388 不存在于观察池中
2025-08-19 20:33:18,053 - INFO - 数据库初始化完成
2025-08-19 20:33:18,053 - INFO - 处理进度 [236/11571]: sh605388
2025-08-19 20:33:21,743 - WARNING - 股票 sh880804 不存在于观察池中
2025-08-19 20:33:21,743 - INFO - 数据库初始化完成
2025-08-19 20:33:21,744 - INFO - 处理进度 [237/11571]: sh880804
2025-08-19 20:34:25,481 - WARNING - 股票 sh880618 不存在于观察池中
2025-08-19 20:34:25,481 - INFO - 处理进度 [238/11571]: sh880618
2025-08-19 20:34:25,483 - WARNING - 股票 sh880391 不存在于观察池中
2025-08-19 20:34:25,483 - INFO - 数据库初始化完成
2025-08-19 20:34:25,483 - INFO - 数据库初始化完成
2025-08-19 20:34:25,483 - INFO - 处理进度 [239/11571]: sh880391
2025-08-19 20:34:31,764 - WARNING - 股票 sh603596 不存在于观察池中
2025-08-19 20:34:31,765 - INFO - 处理进度 [240/11571]: sh603596
2025-08-19 20:34:31,765 - INFO - 数据库初始化完成
2025-08-19 20:34:51,316 - WARNING - 股票 sh603383 不存在于观察池中
2025-08-19 20:34:51,317 - INFO - 数据库初始化完成
2025-08-19 20:34:51,317 - INFO - 处理进度 [241/11571]: sh603383
2025-08-19 20:34:59,356 - WARNING - 股票 sh501009 不存在于观察池中
2025-08-19 20:34:59,356 - INFO - 处理进度 [242/11571]: sh501009
2025-08-19 20:34:59,357 - INFO - 数据库初始化完成
2025-08-19 20:35:38,006 - WARNING - 股票 sh118006 不存在于观察池中
2025-08-19 20:35:38,007 - INFO - 数据库初始化完成
2025-08-19 20:35:38,007 - INFO - 处理进度 [243/11571]: sh118006
2025-08-19 20:36:08,352 - WARNING - 股票 sh601689 不存在于观察池中
2025-08-19 20:36:08,353 - INFO - 数据库初始化完成
2025-08-19 20:36:08,353 - INFO - 处理进度 [244/11571]: sh601689
2025-08-19 20:36:21,807 - WARNING - 股票 sh600543 不存在于观察池中
2025-08-19 20:36:21,808 - INFO - 处理进度 [245/11571]: sh600543
2025-08-19 20:36:21,808 - INFO - 数据库初始化完成
2025-08-19 20:36:31,338 - WARNING - 股票 sh880947 不存在于观察池中
2025-08-19 20:36:31,339 - INFO - 数据库初始化完成
2025-08-19 20:36:31,339 - INFO - 处理进度 [246/11571]: sh880947
2025-08-19 20:36:38,714 - WARNING - 股票 sh881077 不存在于观察池中
2025-08-19 20:36:38,716 - INFO - 数据库初始化完成
2025-08-19 20:36:38,716 - INFO - 处理进度 [247/11571]: sh881077
2025-08-19 20:36:47,299 - WARNING - 股票 sh688558 不存在于观察池中
2025-08-19 20:36:47,300 - INFO - 处理进度 [248/11571]: sh688558
2025-08-19 20:36:47,300 - INFO - 数据库初始化完成
2025-08-19 20:36:57,098 - WARNING - 股票 sh880658 不存在于观察池中
2025-08-19 20:36:57,099 - INFO - 处理进度 [249/11571]: sh880658
2025-08-19 20:36:57,099 - INFO - 数据库初始化完成
2025-08-19 20:37:18,798 - WARNING - 股票 sh688343 不存在于观察池中
2025-08-19 20:37:18,799 - INFO - 数据库初始化完成
2025-08-19 20:37:18,799 - INFO - 处理进度 [250/11571]: sh688343
2025-08-19 20:37:21,284 - WARNING - 股票 sh204091 不存在于观察池中
2025-08-19 20:37:21,286 - INFO - 数据库初始化完成
2025-08-19 20:37:21,286 - INFO - 处理进度 [251/11571]: sh204091
2025-08-19 20:37:29,939 - WARNING - 股票 sh688526 不存在于观察池中
2025-08-19 20:37:29,940 - INFO - 数据库初始化完成
2025-08-19 20:37:29,940 - INFO - 处理进度 [252/11571]: sh688526
2025-08-19 20:37:43,842 - WARNING - 股票 sh881272 不存在于观察池中
2025-08-19 20:37:43,843 - INFO - 数据库初始化完成
2025-08-19 20:37:43,843 - INFO - 处理进度 [253/11571]: sh881272
2025-08-19 20:37:54,628 - WARNING - 股票 sh600528 不存在于观察池中
2025-08-19 20:37:54,629 - INFO - 处理进度 [254/11571]: sh600528
2025-08-19 20:37:54,630 - INFO - 数据库初始化完成
2025-08-19 20:38:43,225 - WARNING - 股票 sh600211 不存在于观察池中
2025-08-19 20:38:43,226 - INFO - 数据库初始化完成
2025-08-19 20:38:43,226 - INFO - 处理进度 [255/11571]: sh600211
2025-08-19 20:39:38,585 - WARNING - 股票 sh688670 不存在于观察池中
2025-08-19 20:39:38,586 - INFO - 数据库初始化完成
2025-08-19 20:39:38,586 - INFO - 处理进度 [256/11571]: sh688670
2025-08-19 20:39:52,394 - WARNING - 股票 sh688189 不存在于观察池中
2025-08-19 20:39:52,420 - INFO - 数据库初始化完成
2025-08-19 20:39:52,420 - INFO - 处理进度 [257/11571]: sh688189
2025-08-19 20:39:56,504 - WARNING - 股票 sh603305 不存在于观察池中
2025-08-19 20:39:56,505 - INFO - 数据库初始化完成
2025-08-19 20:39:56,505 - INFO - 处理进度 [258/11571]: sh603305
2025-08-19 20:40:03,082 - WARNING - 股票 sh601818 不存在于观察池中
2025-08-19 20:40:03,083 - INFO - 数据库初始化完成
2025-08-19 20:40:03,083 - INFO - 处理进度 [259/11571]: sh601818
2025-08-19 20:40:03,095 - WARNING - sh511090 数据不足 (少于250天)，无法生成画像
2025-08-19 20:40:03,096 - INFO - 数据库初始化完成
2025-08-19 20:40:03,096 - INFO - 处理进度 [260/11571]: sh511090
2025-08-19 20:40:08,147 - WARNING - 股票 sh688578 不存在于观察池中
2025-08-19 20:40:08,148 - INFO - 数据库初始化完成
2025-08-19 20:40:08,148 - INFO - 处理进度 [261/11571]: sh688578
2025-08-19 20:40:19,339 - WARNING - 股票 sh600403 不存在于观察池中
2025-08-19 20:40:19,340 - INFO - 处理进度 [262/11571]: sh600403
2025-08-19 20:40:19,340 - INFO - 数据库初始化完成
2025-08-19 20:40:45,885 - WARNING - 股票 sh510170 不存在于观察池中
2025-08-19 20:40:45,886 - INFO - 处理进度 [263/11571]: sh510170
2025-08-19 20:40:45,886 - INFO - 数据库初始化完成
2025-08-19 20:40:47,606 - WARNING - 股票 sh880708 不存在于观察池中
2025-08-19 20:40:47,607 - INFO - 数据库初始化完成
2025-08-19 20:40:47,608 - INFO - 处理进度 [264/11571]: sh880708
2025-08-19 20:40:48,304 - WARNING - 股票 sh600751 不存在于观察池中
2025-08-19 20:40:48,304 - INFO - 处理进度 [265/11571]: sh600751
2025-08-19 20:40:48,305 - INFO - 数据库初始化完成
2025-08-19 20:40:56,913 - WARNING - 股票 sh600098 不存在于观察池中
2025-08-19 20:40:56,914 - INFO - 数据库初始化完成
2025-08-19 20:40:56,914 - INFO - 处理进度 [266/11571]: sh600098
2025-08-19 20:41:16,283 - WARNING - 股票 sh605589 不存在于观察池中
2025-08-19 20:41:16,284 - INFO - 数据库初始化完成
2025-08-19 20:41:16,285 - INFO - 处理进度 [267/11571]: sh605589
2025-08-19 20:41:57,199 - WARNING - 股票 sh688789 不存在于观察池中
2025-08-19 20:41:57,200 - INFO - 数据库初始化完成
2025-08-19 20:41:57,200 - INFO - 处理进度 [268/11571]: sh688789
2025-08-19 20:42:03,997 - WARNING - 股票 sh605178 不存在于观察池中
2025-08-19 20:42:03,998 - INFO - 数据库初始化完成
2025-08-19 20:42:03,999 - INFO - 处理进度 [269/11571]: sh605178
2025-08-19 20:42:17,038 - WARNING - 股票 sh605288 不存在于观察池中
2025-08-19 20:42:17,039 - INFO - 数据库初始化完成
2025-08-19 20:42:17,039 - INFO - 处理进度 [270/11571]: sh605288
2025-08-19 20:42:28,148 - WARNING - 股票 sh600463 不存在于观察池中
2025-08-19 20:42:28,149 - INFO - 数据库初始化完成
2025-08-19 20:42:28,149 - INFO - 处理进度 [271/11571]: sh600463
2025-08-19 20:42:35,651 - WARNING - 股票 sh600131 不存在于观察池中
2025-08-19 20:42:35,652 - INFO - 数据库初始化完成
2025-08-19 20:42:35,652 - INFO - 处理进度 [272/11571]: sh600131
2025-08-19 20:42:35,664 - WARNING - sh562660 数据不足 (少于250天)，无法生成画像
2025-08-19 20:42:35,665 - INFO - 处理进度 [273/11571]: sh562660
2025-08-19 20:42:35,665 - INFO - 数据库初始化完成
2025-08-19 20:42:39,903 - WARNING - 股票 sh000015 不存在于观察池中
2025-08-19 20:42:39,904 - INFO - 处理进度 [274/11571]: sh000015
2025-08-19 20:42:39,904 - INFO - 数据库初始化完成
2025-08-19 20:42:53,169 - WARNING - 股票 sh516180 不存在于观察池中
2025-08-19 20:42:53,170 - INFO - 数据库初始化完成
2025-08-19 20:42:53,170 - INFO - 处理进度 [275/11571]: sh516180
2025-08-19 20:42:59,281 - WARNING - 股票 sh881404 不存在于观察池中
2025-08-19 20:42:59,282 - INFO - 数据库初始化完成
2025-08-19 20:42:59,282 - INFO - 处理进度 [276/11571]: sh881404
2025-08-19 20:43:00,614 - WARNING - 股票 sh603682 不存在于观察池中
2025-08-19 20:43:00,615 - INFO - 数据库初始化完成
2025-08-19 20:43:00,616 - INFO - 处理进度 [277/11571]: sh603682
2025-08-19 20:43:17,914 - WARNING - 股票 sh603517 不存在于观察池中
2025-08-19 20:43:17,915 - INFO - 处理进度 [278/11571]: sh603517
2025-08-19 20:43:17,915 - INFO - 数据库初始化完成
2025-08-19 20:43:21,555 - WARNING - 股票 sh511900 不存在于观察池中
2025-08-19 20:43:21,556 - INFO - 数据库初始化完成
2025-08-19 20:43:21,556 - INFO - 处理进度 [279/11571]: sh511900
2025-08-19 20:43:27,318 - WARNING - 差分进化优化失败，使用默认参数
2025-08-19 20:43:27,318 - ERROR - sh881002 参数优化失败，使用默认参数回退
2025-08-19 20:43:27,358 - WARNING - 股票 sh881002 不存在于观察池中
2025-08-19 20:43:27,359 - INFO - 处理进度 [280/11571]: sh881002
2025-08-19 20:43:27,359 - INFO - 数据库初始化完成
2025-08-19 20:44:06,821 - WARNING - 股票 sh881171 不存在于观察池中
2025-08-19 20:44:06,822 - INFO - 数据库初始化完成
2025-08-19 20:44:06,822 - INFO - 处理进度 [281/11571]: sh881171
2025-08-19 20:44:11,210 - WARNING - 股票 sh688513 不存在于观察池中
2025-08-19 20:44:11,211 - INFO - 数据库初始化完成
2025-08-19 20:44:11,211 - INFO - 处理进度 [282/11571]: sh688513
2025-08-19 20:44:43,687 - WARNING - 差分进化优化失败，使用默认参数
2025-08-19 20:44:43,688 - ERROR - sh880798 参数优化失败，使用默认参数回退
2025-08-19 20:44:43,702 - WARNING - 股票 sh880798 不存在于观察池中
2025-08-19 20:44:43,703 - INFO - 处理进度 [283/11571]: sh880798
2025-08-19 20:44:43,704 - INFO - 数据库初始化完成
2025-08-19 20:45:04,107 - WARNING - 股票 sh600729 不存在于观察池中
2025-08-19 20:45:04,107 - INFO - 处理进度 [284/11571]: sh600729
2025-08-19 20:45:04,108 - INFO - 数据库初始化完成
2025-08-19 20:45:34,058 - WARNING - 股票 sh517360 不存在于观察池中
2025-08-19 20:45:34,059 - INFO - 数据库初始化完成
2025-08-19 20:45:34,059 - INFO - 处理进度 [285/11571]: sh517360
2025-08-19 20:45:39,377 - WARNING - 股票 sh000847 不存在于观察池中
2025-08-19 20:45:39,378 - INFO - 数据库初始化完成
2025-08-19 20:45:39,378 - INFO - 处理进度 [286/11571]: sh000847
2025-08-19 20:46:08,553 - WARNING - 股票 sh600714 不存在于观察池中
2025-08-19 20:46:08,554 - INFO - 数据库初始化完成
2025-08-19 20:46:08,554 - INFO - 处理进度 [287/11571]: sh600714
2025-08-19 20:46:18,822 - WARNING - 股票 sh881131 不存在于观察池中
2025-08-19 20:46:18,823 - INFO - 数据库初始化完成
2025-08-19 20:46:18,823 - INFO - 处理进度 [288/11571]: sh881131
2025-08-19 20:46:20,613 - WARNING - 股票 sh601199 不存在于观察池中
2025-08-19 20:46:20,615 - INFO - 数据库初始化完成
2025-08-19 20:46:20,617 - INFO - 处理进度 [289/11571]: sh601199
2025-08-19 20:46:20,625 - WARNING - sh688411 数据不足 (少于250天)，无法生成画像
2025-08-19 20:46:20,625 - INFO - 处理进度 [290/11571]: sh688411
2025-08-19 20:46:20,625 - INFO - 数据库初始化完成
2025-08-19 20:46:50,517 - WARNING - 股票 sh603379 不存在于观察池中
2025-08-19 20:46:50,517 - INFO - 处理进度 [291/11571]: sh603379
2025-08-19 20:46:50,518 - INFO - 数据库初始化完成
2025-08-19 20:47:00,776 - WARNING - 股票 sh880327 不存在于观察池中
2025-08-19 20:47:00,777 - INFO - 处理进度 [292/11571]: sh880327
2025-08-19 20:47:00,777 - INFO - 数据库初始化完成
2025-08-19 20:47:40,756 - WARNING - 股票 sh900909 不存在于观察池中
2025-08-19 20:47:40,757 - INFO - 处理进度 [293/11571]: sh900909
2025-08-19 20:47:40,757 - INFO - 数据库初始化完成
2025-08-19 20:48:31,541 - WARNING - 股票 sh600864 不存在于观察池中
2025-08-19 20:48:31,542 - INFO - 处理进度 [294/11571]: sh600864
2025-08-19 20:48:31,542 - INFO - 数据库初始化完成
2025-08-19 20:48:33,300 - WARNING - 股票 sh600416 不存在于观察池中
2025-08-19 20:48:33,301 - INFO - 处理进度 [295/11571]: sh600416
2025-08-19 20:48:33,301 - INFO - 数据库初始化完成
2025-08-19 20:48:36,873 - WARNING - 股票 sh110084 不存在于观察池中
2025-08-19 20:48:36,873 - INFO - 处理进度 [296/11571]: sh110084
2025-08-19 20:48:36,874 - INFO - 数据库初始化完成
2025-08-19 20:48:43,206 - WARNING - 差分进化优化失败，使用默认参数
2025-08-19 20:48:43,207 - ERROR - sh516220 参数优化失败，使用默认参数回退
2025-08-19 20:48:43,220 - WARNING - 股票 sh516220 不存在于观察池中
2025-08-19 20:48:43,221 - INFO - 数据库初始化完成
2025-08-19 20:48:43,223 - INFO - 处理进度 [297/11571]: sh516220
2025-08-19 20:48:57,503 - WARNING - 差分进化优化失败，使用默认参数
2025-08-19 20:48:57,503 - ERROR - sh881249 参数优化失败，使用默认参数回退
2025-08-19 20:48:57,513 - WARNING - 股票 sh881249 不存在于观察池中
2025-08-19 20:48:57,514 - INFO - 处理进度 [298/11571]: sh881249
2025-08-19 20:48:57,514 - INFO - 数据库初始化完成
2025-08-19 20:48:57,529 - WARNING - sh562850 数据不足 (少于250天)，无法生成画像
2025-08-19 20:48:57,530 - INFO - 数据库初始化完成
2025-08-19 20:48:57,530 - INFO - 处理进度 [299/11571]: sh562850
2025-08-19 20:49:15,816 - WARNING - 股票 sh880489 不存在于观察池中
2025-08-19 20:49:15,817 - INFO - 处理进度 [300/11571]: sh880489
2025-08-19 20:49:15,817 - INFO - 数据库初始化完成
2025-08-19 20:49:17,921 - WARNING - 股票 sh113660 不存在于观察池中
2025-08-19 20:49:17,922 - INFO - 数据库初始化完成
2025-08-19 20:49:17,922 - INFO - 处理进度 [301/11571]: sh113660
2025-08-19 20:49:21,726 - WARNING - 股票 sh600212 不存在于观察池中
2025-08-19 20:49:21,726 - INFO - 处理进度 [302/11571]: sh600212
2025-08-19 20:49:21,726 - INFO - 数据库初始化完成
2025-08-19 20:49:42,760 - WARNING - 股票 sh515330 不存在于观察池中
2025-08-19 20:49:42,761 - INFO - 处理进度 [303/11571]: sh515330
2025-08-19 20:49:42,761 - INFO - 数据库初始化完成
2025-08-19 20:49:48,816 - WARNING - 股票 sh880945 不存在于观察池中
2025-08-19 20:49:48,817 - INFO - 数据库初始化完成
2025-08-19 20:49:48,818 - INFO - 处理进度 [304/11571]: sh880945
2025-08-19 20:50:11,683 - WARNING - 股票 sh880015 不存在于观察池中
2025-08-19 20:50:11,684 - INFO - 数据库初始化完成
2025-08-19 20:50:11,684 - INFO - 处理进度 [305/11571]: sh880015
2025-08-19 20:50:13,660 - WARNING - 股票 sh881234 不存在于观察池中
2025-08-19 20:50:13,660 - INFO - 处理进度 [306/11571]: sh881234
2025-08-19 20:50:13,661 - INFO - 数据库初始化完成
2025-08-19 20:50:48,681 - WARNING - 差分进化优化失败，使用默认参数
2025-08-19 20:50:48,682 - ERROR - sh561000 参数优化失败，使用默认参数回退
2025-08-19 20:50:48,692 - WARNING - 股票 sh561000 不存在于观察池中
2025-08-19 20:50:48,692 - INFO - 数据库初始化完成
2025-08-19 20:50:48,696 - INFO - 处理进度 [307/11571]: sh561000
2025-08-19 20:50:50,170 - WARNING - 股票 sh688015 不存在于观察池中
2025-08-19 20:50:50,171 - INFO - 处理进度 [308/11571]: sh688015
2025-08-19 20:50:50,172 - INFO - 数据库初始化完成
2025-08-19 20:50:50,173 - WARNING - sh520690 数据不足 (少于250天)，无法生成画像
2025-08-19 20:50:50,173 - INFO - 处理进度 [309/11571]: sh520690
2025-08-19 20:50:50,174 - INFO - 数据库初始化完成
2025-08-19 20:50:51,783 - WARNING - 差分进化优化失败，使用默认参数
2025-08-19 20:50:51,784 - ERROR - sh600600 参数优化失败，使用默认参数回退
2025-08-19 20:50:51,797 - WARNING - 股票 sh600600 不存在于观察池中
2025-08-19 20:50:51,798 - INFO - 数据库初始化完成
2025-08-19 20:50:51,799 - INFO - 处理进度 [310/11571]: sh600600
2025-08-19 20:51:15,727 - WARNING - 差分进化优化失败，使用默认参数
2025-08-19 20:51:15,727 - ERROR - sh600171 参数优化失败，使用默认参数回退
2025-08-19 20:51:15,754 - WARNING - 股票 sh600171 不存在于观察池中
2025-08-19 20:51:15,755 - INFO - 数据库初始化完成
2025-08-19 20:51:15,755 - INFO - 处理进度 [311/11571]: sh600171
2025-08-19 20:51:17,385 - WARNING - 股票 sh600355 不存在于观察池中
2025-08-19 20:51:17,387 - INFO - 数据库初始化完成
2025-08-19 20:51:17,387 - INFO - 处理进度 [312/11571]: sh600355
2025-08-19 20:51:23,790 - WARNING - 股票 sh603283 不存在于观察池中
2025-08-19 20:51:23,791 - INFO - 处理进度 [313/11571]: sh603283
2025-08-19 20:51:23,791 - INFO - 数据库初始化完成
2025-08-19 20:51:24,336 - WARNING - 股票 sh881029 不存在于观察池中
2025-08-19 20:51:24,337 - INFO - 处理进度 [314/11571]: sh881029
2025-08-19 20:51:24,337 - INFO - 数据库初始化完成
2025-08-19 20:51:55,575 - WARNING - 股票 sh603788 不存在于观察池中
2025-08-19 20:51:55,575 - INFO - 数据库初始化完成
2025-08-19 20:51:55,576 - INFO - 处理进度 [315/11571]: sh603788
2025-08-19 20:51:59,821 - WARNING - 股票 sh881007 不存在于观察池中
2025-08-19 20:51:59,822 - INFO - 数据库初始化完成
2025-08-19 20:51:59,822 - INFO - 处理进度 [316/11571]: sh881007
2025-08-19 20:52:17,473 - WARNING - 股票 sh688292 不存在于观察池中
2025-08-19 20:52:17,474 - INFO - 处理进度 [317/11571]: sh688292
2025-08-19 20:52:17,474 - INFO - 数据库初始化完成
2025-08-19 20:52:43,045 - WARNING - 股票 sh113636 不存在于观察池中
2025-08-19 20:52:43,046 - INFO - 数据库初始化完成
2025-08-19 20:52:43,046 - INFO - 处理进度 [318/11571]: sh113636
2025-08-19 20:52:46,294 - WARNING - 股票 sh562500 不存在于观察池中
2025-08-19 20:52:46,295 - INFO - 处理进度 [319/11571]: sh562500
2025-08-19 20:52:46,295 - INFO - 数据库初始化完成
2025-08-19 20:53:14,021 - WARNING - 差分进化优化失败，使用默认参数
2025-08-19 20:53:14,022 - ERROR - sh515070 参数优化失败，使用默认参数回退
2025-08-19 20:53:14,035 - WARNING - 股票 sh515070 不存在于观察池中
2025-08-19 20:53:14,036 - INFO - 数据库初始化完成
2025-08-19 20:53:14,042 - INFO - 处理进度 [320/11571]: sh515070
2025-08-19 20:53:14,047 - WARNING - sh563500 数据不足 (少于250天)，无法生成画像
2025-08-19 20:53:14,048 - INFO - 处理进度 [321/11571]: sh563500
2025-08-19 20:53:14,048 - INFO - 数据库初始化完成
2025-08-19 20:53:16,481 - WARNING - 股票 sh688112 不存在于观察池中
2025-08-19 20:53:16,482 - INFO - 处理进度 [322/11571]: sh688112
2025-08-19 20:53:16,483 - INFO - 数据库初始化完成
2025-08-19 20:54:07,971 - WARNING - 差分进化优化失败，使用默认参数
2025-08-19 20:54:07,971 - ERROR - sh603332 参数优化失败，使用默认参数回退
2025-08-19 20:54:07,985 - WARNING - 股票 sh603332 不存在于观察池中
2025-08-19 20:54:07,985 - INFO - 处理进度 [323/11571]: sh603332
2025-08-19 20:54:07,986 - INFO - 数据库初始化完成
2025-08-19 20:54:11,489 - WARNING - 股票 sh501225 不存在于观察池中
2025-08-19 20:54:11,490 - INFO - 数据库初始化完成
2025-08-19 20:54:11,490 - INFO - 处理进度 [324/11571]: sh501225
2025-08-19 20:54:29,704 - WARNING - 股票 sh603637 不存在于观察池中
2025-08-19 20:54:29,705 - INFO - 数据库初始化完成
2025-08-19 20:54:29,707 - INFO - 处理进度 [325/11571]: sh603637
2025-08-19 20:54:34,713 - WARNING - 股票 sh600556 不存在于观察池中
2025-08-19 20:54:34,714 - INFO - 处理进度 [326/11571]: sh600556
2025-08-19 20:54:34,714 - INFO - 数据库初始化完成
2025-08-19 20:54:47,148 - WARNING - 股票 sh603183 不存在于观察池中
2025-08-19 20:54:47,149 - INFO - 数据库初始化完成
2025-08-19 20:54:47,149 - INFO - 处理进度 [327/11571]: sh603183
2025-08-19 20:54:58,719 - WARNING - 股票 sh881320 不存在于观察池中
2025-08-19 20:54:58,720 - INFO - 处理进度 [328/11571]: sh881320
2025-08-19 20:54:58,721 - INFO - 数据库初始化完成
2025-08-19 20:55:02,599 - WARNING - 股票 sh600016 不存在于观察池中
2025-08-19 20:55:02,600 - INFO - 数据库初始化完成
2025-08-19 20:55:02,600 - INFO - 处理进度 [329/11571]: sh600016
2025-08-19 20:55:04,755 - WARNING - 股票 sh603628 不存在于观察池中
2025-08-19 20:55:04,756 - INFO - 处理进度 [330/11571]: sh603628
2025-08-19 20:55:04,756 - INFO - 数据库初始化完成
2025-08-19 20:55:16,567 - WARNING - 股票 sh880926 不存在于观察池中
2025-08-19 20:55:16,568 - INFO - 数据库初始化完成
2025-08-19 20:55:16,568 - INFO - 处理进度 [331/11571]: sh880926
2025-08-19 20:55:34,404 - WARNING - 股票 sh880524 不存在于观察池中
2025-08-19 20:55:34,405 - INFO - 数据库初始化完成
2025-08-19 20:55:34,406 - INFO - 处理进度 [332/11571]: sh880524
2025-08-19 20:56:07,652 - WARNING - 股票 sh510880 不存在于观察池中
2025-08-19 20:56:07,653 - INFO - 数据库初始化完成
2025-08-19 20:56:07,656 - INFO - 处理进度 [333/11571]: sh510880
2025-08-19 20:56:09,666 - WARNING - 股票 sh603358 不存在于观察池中
2025-08-19 20:56:09,667 - INFO - 数据库初始化完成
2025-08-19 20:56:09,667 - INFO - 处理进度 [334/11571]: sh603358
2025-08-19 20:56:11,926 - WARNING - 差分进化优化失败，使用默认参数
2025-08-19 20:56:11,926 - ERROR - sh601168 参数优化失败，使用默认参数回退
2025-08-19 20:56:11,941 - WARNING - 股票 sh601168 不存在于观察池中
2025-08-19 20:56:11,941 - INFO - 处理进度 [335/11571]: sh601168
2025-08-19 20:56:11,942 - INFO - 数据库初始化完成
2025-08-19 20:56:15,763 - WARNING - 股票 sh880420 不存在于观察池中
2025-08-19 20:56:15,763 - INFO - 数据库初始化完成
2025-08-19 20:56:15,763 - INFO - 处理进度 [336/11571]: sh880420
2025-08-19 20:56:57,069 - WARNING - 股票 sh600193 不存在于观察池中
2025-08-19 20:56:57,070 - INFO - 数据库初始化完成
2025-08-19 20:56:57,071 - INFO - 处理进度 [337/11571]: sh600193
2025-08-19 20:57:11,337 - WARNING - 股票 sh688325 不存在于观察池中
2025-08-19 20:57:11,338 - INFO - 数据库初始化完成
2025-08-19 20:57:11,338 - INFO - 处理进度 [338/11571]: sh688325
2025-08-19 20:57:15,934 - WARNING - 股票 sh880462 不存在于观察池中
2025-08-19 20:57:15,935 - INFO - 数据库初始化完成
2025-08-19 20:57:15,935 - INFO - 处理进度 [339/11571]: sh880462
2025-08-19 20:57:16,938 - WARNING - 股票 sh603258 不存在于观察池中
2025-08-19 20:57:16,939 - INFO - 数据库初始化完成
2025-08-19 20:57:16,939 - INFO - 处理进度 [340/11571]: sh603258
2025-08-19 20:57:21,984 - WARNING - 股票 sh513380 不存在于观察池中
2025-08-19 20:57:21,985 - INFO - 处理进度 [341/11571]: sh513380
2025-08-19 20:57:21,986 - INFO - 数据库初始化完成
2025-08-19 20:57:27,636 - WARNING - 股票 sh880568 不存在于观察池中
2025-08-19 20:57:27,637 - INFO - 数据库初始化完成
2025-08-19 20:57:27,638 - INFO - 处理进度 [342/11571]: sh880568
2025-08-19 20:57:45,614 - WARNING - 股票 sh501085 不存在于观察池中
2025-08-19 20:57:45,614 - INFO - 处理进度 [343/11571]: sh501085
2025-08-19 20:57:45,615 - INFO - 数据库初始化完成
2025-08-19 20:57:52,427 - WARNING - 股票 sh600955 不存在于观察池中
2025-08-19 20:57:52,428 - INFO - 数据库初始化完成
2025-08-19 20:57:52,428 - INFO - 处理进度 [344/11571]: sh600955
2025-08-19 20:58:00,400 - WARNING - 股票 sh518850 不存在于观察池中
2025-08-19 20:58:00,401 - INFO - 数据库初始化完成
2025-08-19 20:58:00,401 - INFO - 处理进度 [345/11571]: sh518850
2025-08-19 20:58:05,495 - WARNING - 股票 sh600706 不存在于观察池中
2025-08-19 20:58:05,496 - INFO - 数据库初始化完成
2025-08-19 20:58:05,496 - INFO - 处理进度 [346/11571]: sh600706
2025-08-19 20:58:33,782 - WARNING - 股票 sh880430 不存在于观察池中
2025-08-19 20:58:33,783 - INFO - 数据库初始化完成
2025-08-19 20:58:33,784 - INFO - 处理进度 [347/11571]: sh880430
2025-08-19 20:58:42,268 - WARNING - 股票 sh880936 不存在于观察池中
2025-08-19 20:58:42,269 - INFO - 数据库初始化完成
2025-08-19 20:58:42,269 - INFO - 处理进度 [348/11571]: sh880936
2025-08-19 20:59:11,764 - WARNING - 股票 sh600527 不存在于观察池中
2025-08-19 20:59:11,765 - INFO - 数据库初始化完成
2025-08-19 20:59:11,768 - INFO - 处理进度 [349/11571]: sh600527
2025-08-19 20:59:54,690 - WARNING - 股票 sh511520 不存在于观察池中
2025-08-19 20:59:54,691 - INFO - 处理进度 [350/11571]: sh511520
2025-08-19 20:59:54,691 - INFO - 数据库初始化完成
2025-08-19 20:59:54,705 - WARNING - sh603082 数据不足 (少于250天)，无法生成画像
2025-08-19 20:59:54,706 - INFO - 数据库初始化完成
2025-08-19 20:59:54,706 - INFO - 处理进度 [351/11571]: sh603082
2025-08-19 20:59:54,718 - WARNING - sh118041 数据不足 (少于250天)，无法生成画像
2025-08-19 20:59:54,718 - INFO - 处理进度 [352/11571]: sh118041
2025-08-19 20:59:54,718 - INFO - 数据库初始化完成
2025-08-19 21:00:01,517 - WARNING - 股票 sh881466 不存在于观察池中
2025-08-19 21:00:01,518 - INFO - 处理进度 [353/11571]: sh881466
2025-08-19 21:00:01,518 - INFO - 数据库初始化完成
2025-08-19 21:00:17,757 - WARNING - 股票 sh900929 不存在于观察池中
2025-08-19 21:00:17,757 - INFO - 处理进度 [354/11571]: sh900929
2025-08-19 21:00:17,758 - INFO - 数据库初始化完成
2025-08-19 21:00:17,770 - WARNING - sh560700 数据不足 (少于250天)，无法生成画像
2025-08-19 21:00:17,771 - INFO - 数据库初始化完成
2025-08-19 21:00:17,772 - INFO - 处理进度 [355/11571]: sh560700
2025-08-19 21:00:23,364 - WARNING - 股票 sh688208 不存在于观察池中
2025-08-19 21:00:23,365 - INFO - 处理进度 [356/11571]: sh688208
2025-08-19 21:00:23,365 - INFO - 数据库初始化完成
2025-08-19 21:00:30,982 - WARNING - 股票 sh881455 不存在于观察池中
2025-08-19 21:00:30,983 - INFO - 数据库初始化完成
2025-08-19 21:00:30,983 - INFO - 处理进度 [357/11571]: sh881455
2025-08-19 21:00:49,876 - WARNING - 股票 sh603801 不存在于观察池中
2025-08-19 21:00:49,878 - INFO - 数据库初始化完成
2025-08-19 21:00:49,878 - INFO - 处理进度 [358/11571]: sh603801
2025-08-19 21:01:22,915 - WARNING - 股票 sh688259 不存在于观察池中
2025-08-19 21:01:22,916 - INFO - 数据库初始化完成
2025-08-19 21:01:22,917 - INFO - 处理进度 [359/11571]: sh688259
2025-08-19 21:01:29,516 - WARNING - 股票 sh111003 不存在于观察池中
2025-08-19 21:01:29,517 - INFO - 处理进度 [360/11571]: sh111003
2025-08-19 21:01:29,517 - INFO - 数据库初始化完成
2025-08-19 21:01:48,812 - WARNING - 股票 sh880207 不存在于观察池中
2025-08-19 21:01:48,813 - INFO - 数据库初始化完成
2025-08-19 21:01:48,813 - INFO - 处理进度 [361/11571]: sh880207
2025-08-19 21:01:48,918 - WARNING - 股票 sh603123 不存在于观察池中
2025-08-19 21:01:48,919 - INFO - 数据库初始化完成
2025-08-19 21:01:48,919 - INFO - 处理进度 [362/11571]: sh603123
2025-08-19 21:02:53,040 - WARNING - 股票 sh603030 不存在于观察池中
2025-08-19 21:02:53,041 - INFO - 数据库初始化完成
2025-08-19 21:02:53,042 - INFO - 处理进度 [363/11571]: sh603030
2025-08-19 21:03:00,654 - WARNING - 股票 sh600060 不存在于观察池中
2025-08-19 21:03:00,655 - INFO - 数据库初始化完成
2025-08-19 21:03:00,656 - INFO - 处理进度 [364/11571]: sh600060
2025-08-19 21:03:03,405 - WARNING - 股票 sh881070 不存在于观察池中
2025-08-19 21:03:03,406 - INFO - 数据库初始化完成
2025-08-19 21:03:03,410 - INFO - 处理进度 [365/11571]: sh881070
2025-08-19 21:03:03,416 - WARNING - sh880763 数据不足 (少于250天)，无法生成画像
2025-08-19 21:03:03,417 - INFO - 处理进度 [366/11571]: sh880763
2025-08-19 21:03:03,417 - INFO - 数据库初始化完成
2025-08-19 21:03:11,842 - WARNING - 股票 sh113653 不存在于观察池中
2025-08-19 21:03:11,843 - INFO - 处理进度 [367/11571]: sh113653
2025-08-19 21:03:11,843 - INFO - 数据库初始化完成
2025-08-19 21:03:19,247 - WARNING - 股票 sh510010 不存在于观察池中
2025-08-19 21:03:19,248 - INFO - 数据库初始化完成
2025-08-19 21:03:19,248 - INFO - 处理进度 [368/11571]: sh510010
2025-08-19 21:03:45,953 - WARNING - 股票 sh880702 不存在于观察池中
2025-08-19 21:03:45,954 - INFO - 数据库初始化完成
2025-08-19 21:03:45,954 - INFO - 处理进度 [369/11571]: sh880702
2025-08-19 21:03:45,969 - WARNING - sh588990 数据不足 (少于250天)，无法生成画像
2025-08-19 21:03:45,969 - INFO - 处理进度 [370/11571]: sh588990
2025-08-19 21:03:45,970 - INFO - 数据库初始化完成
2025-08-19 21:03:45,981 - WARNING - sh561790 数据不足 (少于250天)，无法生成画像
2025-08-19 21:03:45,982 - INFO - 数据库初始化完成
2025-08-19 21:03:45,982 - INFO - 处理进度 [371/11571]: sh561790
2025-08-19 21:03:48,052 - WARNING - 股票 sh881263 不存在于观察池中
2025-08-19 21:03:48,053 - INFO - 处理进度 [372/11571]: sh881263
2025-08-19 21:03:48,053 - INFO - 数据库初始化完成
2025-08-19 21:04:16,564 - WARNING - 股票 sh900914 不存在于观察池中
2025-08-19 21:04:16,565 - INFO - 数据库初始化完成
2025-08-19 21:04:16,565 - INFO - 处理进度 [373/11571]: sh900914
2025-08-19 21:04:17,884 - WARNING - 股票 sh880964 不存在于观察池中
2025-08-19 21:04:17,885 - INFO - 处理进度 [374/11571]: sh880964
2025-08-19 21:04:17,885 - INFO - 数据库初始化完成
2025-08-19 21:04:19,783 - WARNING - 股票 sh603357 不存在于观察池中
2025-08-19 21:04:19,784 - INFO - 数据库初始化完成
2025-08-19 21:04:19,784 - INFO - 处理进度 [375/11571]: sh603357
2025-08-19 21:04:21,377 - WARNING - 股票 sh603199 不存在于观察池中
2025-08-19 21:04:21,378 - INFO - 数据库初始化完成
2025-08-19 21:04:21,379 - INFO - 处理进度 [376/11571]: sh603199
2025-08-19 21:04:49,033 - WARNING - 股票 sh880472 不存在于观察池中
2025-08-19 21:04:49,034 - INFO - 数据库初始化完成
2025-08-19 21:04:49,034 - INFO - 处理进度 [377/11571]: sh880472
2025-08-19 21:05:02,223 - WARNING - 股票 sh688699 不存在于观察池中
2025-08-19 21:05:02,224 - INFO - 处理进度 [378/11571]: sh688699
2025-08-19 21:05:02,225 - INFO - 数据库初始化完成
2025-08-19 21:05:06,200 - WARNING - 股票 sh600699 不存在于观察池中
2025-08-19 21:05:06,201 - INFO - 数据库初始化完成
2025-08-19 21:05:06,202 - INFO - 处理进度 [379/11571]: sh600699
2025-08-19 21:05:13,387 - WARNING - 股票 sh880771 不存在于观察池中
2025-08-19 21:05:13,388 - INFO - 处理进度 [380/11571]: sh880771
2025-08-19 21:05:13,388 - INFO - 数据库初始化完成
2025-08-19 21:05:13,425 - WARNING - sh880527 数据不足 (少于250天)，无法生成画像
2025-08-19 21:05:13,425 - INFO - 数据库初始化完成
2025-08-19 21:05:13,426 - INFO - 处理进度 [381/11571]: sh880527
2025-08-19 21:05:39,205 - WARNING - 差分进化优化失败，使用默认参数
2025-08-19 21:05:39,206 - ERROR - sh688295 参数优化失败，使用默认参数回退
2025-08-19 21:05:39,219 - WARNING - 股票 sh688295 不存在于观察池中
2025-08-19 21:05:39,220 - INFO - 数据库初始化完成
2025-08-19 21:05:39,221 - INFO - 处理进度 [382/11571]: sh688295
2025-08-19 21:05:41,742 - WARNING - 股票 sh600172 不存在于观察池中
2025-08-19 21:05:41,743 - INFO - 数据库初始化完成
2025-08-19 21:05:41,743 - INFO - 处理进度 [383/11571]: sh600172
2025-08-19 21:05:43,771 - WARNING - 股票 sh881247 不存在于观察池中
2025-08-19 21:05:43,771 - INFO - 数据库初始化完成
2025-08-19 21:05:43,772 - INFO - 处理进度 [384/11571]: sh881247
2025-08-19 21:05:53,475 - WARNING - 股票 sh501065 不存在于观察池中
2025-08-19 21:05:53,476 - INFO - 数据库初始化完成
2025-08-19 21:05:53,477 - INFO - 处理进度 [385/11571]: sh501065
2025-08-19 21:05:58,298 - WARNING - 差分进化优化失败，使用默认参数
2025-08-19 21:05:58,298 - ERROR - sh516150 参数优化失败，使用默认参数回退
2025-08-19 21:05:58,312 - WARNING - 股票 sh516150 不存在于观察池中
2025-08-19 21:05:58,313 - INFO - 数据库初始化完成
2025-08-19 21:05:58,313 - INFO - 处理进度 [386/11571]: sh516150
2025-08-19 21:05:58,325 - WARNING - sh501222 数据不足 (少于250天)，无法生成画像
2025-08-19 21:05:58,325 - INFO - 数据库初始化完成
2025-08-19 21:05:58,326 - INFO - 处理进度 [387/11571]: sh501222
2025-08-19 21:06:49,909 - WARNING - 股票 sh881421 不存在于观察池中
2025-08-19 21:06:49,910 - INFO - 处理进度 [388/11571]: sh881421
2025-08-19 21:06:49,910 - INFO - 数据库初始化完成
2025-08-19 21:07:12,790 - WARNING - 股票 sh688689 不存在于观察池中
2025-08-19 21:07:12,791 - INFO - 处理进度 [389/11571]: sh688689
2025-08-19 21:07:12,791 - INFO - 数据库初始化完成
2025-08-19 21:07:19,245 - WARNING - 股票 sh603007 不存在于观察池中
2025-08-19 21:07:19,245 - INFO - 数据库初始化完成
2025-08-19 21:07:19,246 - INFO - 处理进度 [390/11571]: sh603007
2025-08-19 21:08:12,341 - WARNING - 股票 sh880032 不存在于观察池中
2025-08-19 21:08:12,367 - INFO - 数据库初始化完成
2025-08-19 21:08:12,370 - INFO - 处理进度 [391/11571]: sh880032
2025-08-19 21:08:12,387 - WARNING - sh880765 数据不足 (少于250天)，无法生成画像
2025-08-19 21:08:12,387 - INFO - 处理进度 [392/11571]: sh880765
2025-08-19 21:08:12,388 - INFO - 数据库初始化完成
2025-08-19 21:08:18,335 - WARNING - 股票 sh600995 不存在于观察池中
2025-08-19 21:08:18,343 - INFO - 处理进度 [393/11571]: sh600995
2025-08-19 21:08:18,344 - INFO - 数据库初始化完成
2025-08-19 21:08:32,025 - WARNING - 股票 sh688390 不存在于观察池中
2025-08-19 21:08:32,026 - INFO - 处理进度 [394/11571]: sh688390
2025-08-19 21:08:32,026 - INFO - 数据库初始化完成
2025-08-19 21:08:40,199 - WARNING - 股票 sh880807 不存在于观察池中
2025-08-19 21:08:40,200 - INFO - 数据库初始化完成
2025-08-19 21:08:40,202 - INFO - 处理进度 [395/11571]: sh880807
2025-08-19 21:08:59,789 - WARNING - 股票 sh600216 不存在于观察池中
2025-08-19 21:08:59,816 - INFO - 处理进度 [396/11571]: sh600216
2025-08-19 21:08:59,816 - INFO - 数据库初始化完成
2025-08-19 21:09:18,499 - WARNING - 差分进化优化失败，使用默认参数
2025-08-19 21:09:18,500 - ERROR - sh512680 参数优化失败，使用默认参数回退
2025-08-19 21:09:18,513 - WARNING - 股票 sh512680 不存在于观察池中
2025-08-19 21:09:18,514 - INFO - 处理进度 [397/11571]: sh512680
2025-08-19 21:09:18,514 - INFO - 数据库初始化完成
2025-08-19 21:09:22,954 - WARNING - 股票 sh603858 不存在于观察池中
2025-08-19 21:09:22,954 - INFO - 处理进度 [398/11571]: sh603858
2025-08-19 21:09:22,955 - INFO - 数据库初始化完成
2025-08-19 21:09:46,158 - WARNING - 股票 sh600238 不存在于观察池中
2025-08-19 21:09:46,159 - INFO - 处理进度 [399/11571]: sh600238
2025-08-19 21:09:46,160 - INFO - 数据库初始化完成
2025-08-19 21:09:53,577 - WARNING - 股票 sh113658 不存在于观察池中
2025-08-19 21:09:53,578 - INFO - 处理进度 [400/11571]: sh113658
2025-08-19 21:09:53,578 - INFO - 数据库初始化完成
2025-08-19 21:09:53,588 - WARNING - sh588950 数据不足 (少于250天)，无法生成画像
2025-08-19 21:09:53,589 - INFO - 数据库初始化完成
2025-08-19 21:09:53,589 - INFO - 处理进度 [401/11571]: sh588950
2025-08-19 21:09:57,608 - WARNING - 股票 sh600366 不存在于观察池中
2025-08-19 21:09:57,608 - INFO - 数据库初始化完成
2025-08-19 21:09:57,608 - INFO - 处理进度 [402/11571]: sh600366
2025-08-19 21:10:00,882 - WARNING - 股票 sh880606 不存在于观察池中
2025-08-19 21:10:00,883 - INFO - 数据库初始化完成
2025-08-19 21:10:00,883 - INFO - 处理进度 [403/11571]: sh880606
2025-08-19 21:10:00,893 - WARNING - sh563210 数据不足 (少于250天)，无法生成画像
2025-08-19 21:10:00,894 - INFO - 处理进度 [404/11571]: sh563210
2025-08-19 21:10:00,894 - INFO - 数据库初始化完成
2025-08-19 21:10:16,429 - WARNING - 股票 sh880664 不存在于观察池中
2025-08-19 21:10:16,430 - INFO - 数据库初始化完成
2025-08-19 21:10:16,430 - INFO - 处理进度 [405/11571]: sh880664
2025-08-19 21:10:34,893 - WARNING - 股票 sh881281 不存在于观察池中
2025-08-19 21:10:34,895 - INFO - 数据库初始化完成
2025-08-19 21:10:34,896 - INFO - 处理进度 [406/11571]: sh881281
2025-08-19 21:10:40,760 - WARNING - 股票 sh880768 不存在于观察池中
2025-08-19 21:10:40,761 - INFO - 数据库初始化完成
2025-08-19 21:10:40,762 - INFO - 处理进度 [407/11571]: sh880768
2025-08-19 21:11:10,101 - WARNING - 股票 sh880372 不存在于观察池中
2025-08-19 21:11:10,102 - INFO - 数据库初始化完成
2025-08-19 21:11:10,103 - INFO - 处理进度 [408/11571]: sh880372
2025-08-19 21:11:12,377 - WARNING - 股票 sh600039 不存在于观察池中
2025-08-19 21:11:12,378 - INFO - 数据库初始化完成
2025-08-19 21:11:12,378 - INFO - 处理进度 [409/11571]: sh600039
2025-08-19 21:11:15,966 - WARNING - 股票 sh601828 不存在于观察池中
2025-08-19 21:11:15,967 - INFO - 处理进度 [410/11571]: sh601828
2025-08-19 21:11:15,967 - INFO - 数据库初始化完成
2025-08-19 21:11:15,977 - WARNING - sh512020 数据不足 (少于250天)，无法生成画像
2025-08-19 21:11:15,978 - INFO - 数据库初始化完成
2025-08-19 21:11:15,979 - INFO - 处理进度 [411/11571]: sh512020
2025-08-19 21:11:29,675 - WARNING - 股票 sh688776 不存在于观察池中
2025-08-19 21:11:29,675 - INFO - 处理进度 [412/11571]: sh688776
2025-08-19 21:11:29,676 - INFO - 数据库初始化完成
2025-08-19 21:11:51,235 - WARNING - 股票 sh880016 不存在于观察池中
2025-08-19 21:11:51,236 - INFO - 数据库初始化完成
2025-08-19 21:11:51,236 - INFO - 处理进度 [413/11571]: sh880016
2025-08-19 21:11:52,439 - WARNING - 股票 sh881203 不存在于观察池中
2025-08-19 21:11:52,440 - INFO - 数据库初始化完成
2025-08-19 21:11:52,440 - INFO - 处理进度 [414/11571]: sh881203
2025-08-19 21:12:12,331 - WARNING - 股票 sh880992 不存在于观察池中
2025-08-19 21:12:12,332 - INFO - 数据库初始化完成
2025-08-19 21:12:12,332 - INFO - 处理进度 [415/11571]: sh880992
2025-08-19 21:12:39,750 - WARNING - 股票 sh600741 不存在于观察池中
2025-08-19 21:12:39,751 - INFO - 数据库初始化完成
2025-08-19 21:12:39,752 - INFO - 处理进度 [416/11571]: sh600741
2025-08-19 21:13:22,956 - WARNING - 股票 sh600753 不存在于观察池中
2025-08-19 21:13:22,957 - INFO - 处理进度 [417/11571]: sh600753
2025-08-19 21:13:22,957 - INFO - 数据库初始化完成
2025-08-19 21:13:26,670 - WARNING - 差分进化优化失败，使用默认参数
2025-08-19 21:13:26,671 - ERROR - sh880468 参数优化失败，使用默认参数回退
2025-08-19 21:13:26,684 - WARNING - 股票 sh880468 不存在于观察池中
2025-08-19 21:13:26,685 - INFO - 数据库初始化完成
2025-08-19 21:13:26,686 - INFO - 处理进度 [418/11571]: sh880468
2025-08-19 21:13:31,174 - WARNING - 股票 sh601919 不存在于观察池中
2025-08-19 21:13:31,175 - INFO - 数据库初始化完成
2025-08-19 21:13:31,175 - INFO - 处理进度 [419/11571]: sh601919
2025-08-19 21:13:43,314 - WARNING - 股票 sh600267 不存在于观察池中
2025-08-19 21:13:43,315 - INFO - 数据库初始化完成
2025-08-19 21:13:43,315 - INFO - 处理进度 [420/11571]: sh600267
2025-08-19 21:13:53,815 - WARNING - 股票 sh880872 不存在于观察池中
2025-08-19 21:13:53,817 - INFO - 数据库初始化完成
2025-08-19 21:13:53,817 - INFO - 处理进度 [421/11571]: sh880872
2025-08-19 21:14:04,982 - WARNING - 股票 sh881120 不存在于观察池中
2025-08-19 21:14:04,983 - INFO - 数据库初始化完成
2025-08-19 21:14:04,983 - INFO - 处理进度 [422/11571]: sh881120
2025-08-19 21:14:19,229 - WARNING - 股票 sh511620 不存在于观察池中
2025-08-19 21:14:19,230 - INFO - 数据库初始化完成
2025-08-19 21:14:19,230 - INFO - 处理进度 [423/11571]: sh511620
2025-08-19 21:14:21,200 - WARNING - 差分进化优化失败，使用默认参数
2025-08-19 21:14:21,200 - ERROR - sh881219 参数优化失败，使用默认参数回退
2025-08-19 21:14:21,214 - WARNING - 股票 sh881219 不存在于观察池中
2025-08-19 21:14:21,215 - INFO - 数据库初始化完成
2025-08-19 21:14:21,215 - INFO - 处理进度 [424/11571]: sh881219
2025-08-19 21:14:28,856 - WARNING - 股票 sh605286 不存在于观察池中
2025-08-19 21:14:28,856 - INFO - 处理进度 [425/11571]: sh605286
2025-08-19 21:14:28,857 - INFO - 数据库初始化完成
2025-08-19 21:14:31,362 - WARNING - 股票 sh880311 不存在于观察池中
2025-08-19 21:14:31,363 - INFO - 数据库初始化完成
2025-08-19 21:14:31,363 - INFO - 处理进度 [426/11571]: sh880311
2025-08-19 21:15:02,334 - WARNING - 差分进化优化失败，使用默认参数
2025-08-19 21:15:02,335 - ERROR - sh600058 参数优化失败，使用默认参数回退
2025-08-19 21:15:02,349 - WARNING - 股票 sh600058 不存在于观察池中
2025-08-19 21:15:02,350 - INFO - 数据库初始化完成
2025-08-19 21:15:02,350 - INFO - 处理进度 [427/11571]: sh600058
2025-08-19 21:15:15,232 - WARNING - 股票 sh600085 不存在于观察池中
2025-08-19 21:15:15,232 - INFO - 数据库初始化完成
2025-08-19 21:15:15,235 - INFO - 处理进度 [428/11571]: sh600085
2025-08-19 21:15:38,185 - WARNING - 股票 sh511270 不存在于观察池中
2025-08-19 21:15:38,186 - INFO - 处理进度 [429/11571]: sh511270
2025-08-19 21:15:38,186 - INFO - 数据库初始化完成
2025-08-19 21:15:39,493 - WARNING - 股票 sh881095 不存在于观察池中
2025-08-19 21:15:39,494 - INFO - 处理进度 [430/11571]: sh881095
2025-08-19 21:15:39,494 - INFO - 数据库初始化完成
2025-08-19 21:15:47,615 - WARNING - 股票 sh501076 不存在于观察池中
2025-08-19 21:15:47,616 - INFO - 数据库初始化完成
2025-08-19 21:15:47,616 - INFO - 处理进度 [431/11571]: sh501076
2025-08-19 21:16:04,127 - WARNING - 股票 sh603767 不存在于观察池中
2025-08-19 21:16:04,128 - INFO - 数据库初始化完成
2025-08-19 21:16:04,131 - INFO - 处理进度 [432/11571]: sh603767
2025-08-19 21:16:19,674 - WARNING - 差分进化优化失败，使用默认参数
2025-08-19 21:16:19,675 - ERROR - sh600278 参数优化失败，使用默认参数回退
2025-08-19 21:16:19,688 - WARNING - 股票 sh600278 不存在于观察池中
2025-08-19 21:16:19,689 - INFO - 处理进度 [433/11571]: sh600278
2025-08-19 21:16:19,689 - INFO - 数据库初始化完成
2025-08-19 21:16:19,691 - WARNING - sh113694 数据不足 (少于250天)，无法生成画像
2025-08-19 21:16:19,691 - INFO - 处理进度 [434/11571]: sh113694
2025-08-19 21:16:19,692 - INFO - 数据库初始化完成
2025-08-19 21:16:32,849 - WARNING - 股票 sh603185 不存在于观察池中
2025-08-19 21:16:32,850 - INFO - 处理进度 [435/11571]: sh603185
2025-08-19 21:16:32,850 - INFO - 数据库初始化完成
2025-08-19 21:16:32,861 - WARNING - sh563350 数据不足 (少于250天)，无法生成画像
2025-08-19 21:16:32,862 - INFO - 处理进度 [436/11571]: sh563350
2025-08-19 21:16:32,862 - INFO - 数据库初始化完成
2025-08-19 21:16:47,405 - WARNING - 股票 sh516950 不存在于观察池中
2025-08-19 21:16:47,406 - INFO - 数据库初始化完成
2025-08-19 21:16:47,406 - INFO - 处理进度 [437/11571]: sh516950
2025-08-19 21:16:59,828 - WARNING - 股票 sh880214 不存在于观察池中
2025-08-19 21:16:59,829 - INFO - 处理进度 [438/11571]: sh880214
2025-08-19 21:16:59,829 - INFO - 数据库初始化完成
2025-08-19 21:17:00,604 - WARNING - 股票 sh881462 不存在于观察池中
2025-08-19 21:17:00,605 - INFO - 数据库初始化完成
2025-08-19 21:17:00,606 - INFO - 处理进度 [439/11571]: sh881462
2025-08-19 21:17:15,064 - WARNING - 股票 sh688321 不存在于观察池中
2025-08-19 21:17:15,066 - INFO - 数据库初始化完成
2025-08-19 21:17:15,066 - INFO - 处理进度 [440/11571]: sh688321
2025-08-19 21:17:17,994 - WARNING - 股票 sh603031 不存在于观察池中
2025-08-19 21:17:17,995 - INFO - 数据库初始化完成
2025-08-19 21:17:17,995 - INFO - 处理进度 [441/11571]: sh603031
2025-08-19 21:17:26,381 - WARNING - 股票 sh688588 不存在于观察池中
2025-08-19 21:17:26,382 - INFO - 数据库初始化完成
2025-08-19 21:17:26,382 - INFO - 处理进度 [442/11571]: sh688588
2025-08-19 21:17:35,836 - WARNING - 股票 sh880607 不存在于观察池中
2025-08-19 21:17:35,837 - INFO - 数据库初始化完成
2025-08-19 21:17:35,837 - INFO - 处理进度 [443/11571]: sh880607
2025-08-19 21:17:45,013 - WARNING - 股票 sh601298 不存在于观察池中
2025-08-19 21:17:45,014 - INFO - 数据库初始化完成
2025-08-19 21:17:45,014 - INFO - 处理进度 [444/11571]: sh601298
2025-08-19 21:18:30,034 - WARNING - 股票 sh600603 不存在于观察池中
2025-08-19 21:18:30,035 - INFO - 数据库初始化完成
2025-08-19 21:18:30,035 - INFO - 处理进度 [445/11571]: sh600603
2025-08-19 21:18:31,598 - WARNING - 股票 sh688332 不存在于观察池中
2025-08-19 21:18:31,598 - INFO - 处理进度 [446/11571]: sh688332
2025-08-19 21:18:31,599 - INFO - 数据库初始化完成
2025-08-19 21:19:24,261 - WARNING - 股票 sh511920 不存在于观察池中
2025-08-19 21:19:24,262 - INFO - 数据库初始化完成
2025-08-19 21:19:24,262 - INFO - 处理进度 [447/11571]: sh511920
2025-08-19 21:19:25,280 - WARNING - 股票 sh600594 不存在于观察池中
2025-08-19 21:19:25,281 - INFO - 数据库初始化完成
2025-08-19 21:19:25,282 - INFO - 处理进度 [448/11571]: sh600594
2025-08-19 21:19:41,329 - WARNING - 股票 sh515100 不存在于观察池中
2025-08-19 21:19:41,329 - INFO - 处理进度 [449/11571]: sh515100
2025-08-19 21:19:41,330 - INFO - 数据库初始化完成
2025-08-19 21:19:51,048 - WARNING - 股票 sh600323 不存在于观察池中
2025-08-19 21:19:51,049 - INFO - 数据库初始化完成
2025-08-19 21:19:51,050 - INFO - 处理进度 [450/11571]: sh600323
2025-08-19 21:20:31,519 - WARNING - 股票 sh603355 不存在于观察池中
2025-08-19 21:20:31,527 - INFO - 数据库初始化完成
2025-08-19 21:20:31,529 - INFO - 处理进度 [451/11571]: sh603355
2025-08-19 21:20:40,447 - WARNING - 股票 sh600183 不存在于观察池中
2025-08-19 21:20:40,448 - INFO - 处理进度 [452/11571]: sh600183
2025-08-19 21:20:40,448 - INFO - 数据库初始化完成
2025-08-19 21:20:52,242 - WARNING - 股票 sh880444 不存在于观察池中
2025-08-19 21:20:52,243 - INFO - 处理进度 [453/11571]: sh880444
2025-08-19 21:20:52,243 - INFO - 数据库初始化完成
2025-08-19 21:20:53,496 - WARNING - 股票 sh881094 不存在于观察池中
2025-08-19 21:20:53,497 - INFO - 数据库初始化完成
2025-08-19 21:20:53,498 - INFO - 处理进度 [454/11571]: sh881094
2025-08-19 21:20:59,010 - WARNING - 股票 sh688370 不存在于观察池中
2025-08-19 21:20:59,011 - INFO - 数据库初始化完成
2025-08-19 21:20:59,012 - INFO - 处理进度 [455/11571]: sh688370
2025-08-19 21:21:02,822 - WARNING - 股票 sh601619 不存在于观察池中
2025-08-19 21:21:02,823 - INFO - 处理进度 [456/11571]: sh601619
2025-08-19 21:21:02,823 - INFO - 数据库初始化完成
2025-08-19 21:21:43,756 - WARNING - 股票 sh600237 不存在于观察池中
2025-08-19 21:21:43,757 - INFO - 处理进度 [457/11571]: sh600237
2025-08-19 21:21:43,757 - INFO - 数据库初始化完成
2025-08-19 21:21:55,810 - WARNING - 股票 sh688052 不存在于观察池中
2025-08-19 21:21:55,811 - INFO - 数据库初始化完成
2025-08-19 21:21:55,811 - INFO - 处理进度 [458/11571]: sh688052
2025-08-19 21:22:11,806 - WARNING - 股票 sh880401 不存在于观察池中
2025-08-19 21:22:11,815 - INFO - 数据库初始化完成
2025-08-19 21:22:11,815 - INFO - 处理进度 [459/11571]: sh880401
2025-08-19 21:22:14,316 - WARNING - 股票 sh880950 不存在于观察池中
2025-08-19 21:22:14,317 - INFO - 处理进度 [460/11571]: sh880950
2025-08-19 21:22:14,317 - INFO - 数据库初始化完成
2025-08-19 21:22:15,733 - WARNING - 股票 sh881469 不存在于观察池中
2025-08-19 21:22:15,734 - INFO - 数据库初始化完成
2025-08-19 21:22:15,735 - INFO - 处理进度 [461/11571]: sh881469
2025-08-19 21:22:26,799 - WARNING - 股票 sh688065 不存在于观察池中
2025-08-19 21:22:26,800 - INFO - 处理进度 [462/11571]: sh688065
2025-08-19 21:22:26,800 - INFO - 数据库初始化完成
2025-08-19 21:22:26,813 - WARNING - sh111014 数据不足 (少于250天)，无法生成画像
2025-08-19 21:22:26,814 - INFO - 数据库初始化完成
2025-08-19 21:22:26,814 - INFO - 处理进度 [463/11571]: sh111014
2025-08-19 21:22:28,991 - WARNING - 股票 sh600871 不存在于观察池中
2025-08-19 21:22:28,992 - INFO - 数据库初始化完成
2025-08-19 21:22:28,992 - INFO - 处理进度 [464/11571]: sh600871
2025-08-19 21:22:39,235 - WARNING - 股票 sh600129 不存在于观察池中
2025-08-19 21:22:39,237 - INFO - 数据库初始化完成
2025-08-19 21:22:39,237 - INFO - 处理进度 [465/11571]: sh600129
2025-08-19 21:22:48,972 - WARNING - 股票 sh603188 不存在于观察池中
2025-08-19 21:22:48,973 - INFO - 数据库初始化完成
2025-08-19 21:22:48,973 - INFO - 处理进度 [466/11571]: sh603188
2025-08-19 21:22:48,983 - WARNING - sh588930 数据不足 (少于250天)，无法生成画像
2025-08-19 21:22:48,984 - INFO - 数据库初始化完成
2025-08-19 21:22:48,984 - INFO - 处理进度 [467/11571]: sh588930
2025-08-19 21:23:41,826 - WARNING - 股票 sh560860 不存在于观察池中
2025-08-19 21:23:41,827 - INFO - 处理进度 [468/11571]: sh560860
2025-08-19 21:23:41,827 - INFO - 数据库初始化完成
2025-08-19 21:23:53,437 - WARNING - 股票 sh688386 不存在于观察池中
2025-08-19 21:23:53,438 - INFO - 数据库初始化完成
2025-08-19 21:23:53,438 - INFO - 处理进度 [469/11571]: sh688386
2025-08-19 21:24:06,506 - WARNING - 股票 sh601886 不存在于观察池中
2025-08-19 21:24:06,507 - INFO - 数据库初始化完成
2025-08-19 21:24:06,510 - INFO - 处理进度 [470/11571]: sh601886
2025-08-19 21:24:06,517 - WARNING - sh560610 数据不足 (少于250天)，无法生成画像
2025-08-19 21:24:06,518 - INFO - 处理进度 [471/11571]: sh560610
2025-08-19 21:24:06,519 - INFO - 数据库初始化完成
2025-08-19 21:24:30,990 - WARNING - 股票 sh688005 不存在于观察池中
2025-08-19 21:24:30,990 - INFO - 处理进度 [472/11571]: sh688005
2025-08-19 21:24:30,991 - INFO - 数据库初始化完成
2025-08-19 21:24:54,314 - WARNING - 股票 sh688535 不存在于观察池中
2025-08-19 21:24:54,314 - INFO - 数据库初始化完成
2025-08-19 21:24:54,315 - INFO - 处理进度 [473/11571]: sh688535
2025-08-19 21:25:30,293 - WARNING - 股票 sh881258 不存在于观察池中
2025-08-19 21:25:30,318 - INFO - 处理进度 [474/11571]: sh881258
2025-08-19 21:25:30,319 - INFO - 数据库初始化完成
2025-08-19 21:25:30,330 - WARNING - sh508005 数据不足 (少于250天)，无法生成画像
2025-08-19 21:25:30,331 - INFO - 数据库初始化完成
2025-08-19 21:25:30,331 - INFO - 处理进度 [475/11571]: sh508005
2025-08-19 21:25:33,610 - WARNING - 股票 sh510030 不存在于观察池中
2025-08-19 21:25:33,611 - INFO - 处理进度 [476/11571]: sh510030
2025-08-19 21:25:33,611 - INFO - 数据库初始化完成
2025-08-19 21:25:34,608 - WARNING - 股票 sh881018 不存在于观察池中
2025-08-19 21:25:34,609 - INFO - 处理进度 [477/11571]: sh881018
2025-08-19 21:25:34,609 - INFO - 数据库初始化完成
2025-08-19 21:25:55,881 - WARNING - 股票 sh600197 不存在于观察池中
2025-08-19 21:25:55,882 - INFO - 数据库初始化完成
2025-08-19 21:25:55,882 - INFO - 处理进度 [478/11571]: sh600197
2025-08-19 21:26:11,133 - WARNING - 股票 sh516090 不存在于观察池中
2025-08-19 21:26:11,133 - INFO - 处理进度 [479/11571]: sh516090
2025-08-19 21:26:11,134 - INFO - 数据库初始化完成
2025-08-19 21:26:12,873 - WARNING - 股票 sh502023 不存在于观察池中
2025-08-19 21:26:12,874 - INFO - 处理进度 [480/11571]: sh502023
2025-08-19 21:26:12,874 - INFO - 数据库初始化完成
2025-08-19 21:26:18,287 - WARNING - 差分进化优化失败，使用默认参数
2025-08-19 21:26:18,287 - ERROR - sh600775 参数优化失败，使用默认参数回退
2025-08-19 21:26:18,301 - WARNING - 股票 sh600775 不存在于观察池中
2025-08-19 21:26:18,302 - INFO - 数据库初始化完成
2025-08-19 21:26:18,303 - INFO - 处理进度 [481/11571]: sh600775
2025-08-19 21:26:39,627 - WARNING - 股票 sh601933 不存在于观察池中
2025-08-19 21:26:39,628 - INFO - 处理进度 [482/11571]: sh601933
2025-08-19 21:26:39,628 - INFO - 数据库初始化完成
2025-08-19 21:26:48,505 - WARNING - 股票 sh900903 不存在于观察池中
2025-08-19 21:26:48,506 - INFO - 数据库初始化完成
2025-08-19 21:26:48,507 - INFO - 处理进度 [483/11571]: sh900903
2025-08-19 21:27:06,012 - WARNING - 股票 sh600578 不存在于观察池中
2025-08-19 21:27:06,013 - INFO - 处理进度 [484/11571]: sh600578
2025-08-19 21:27:06,014 - INFO - 数据库初始化完成
2025-08-19 21:27:52,617 - WARNING - 股票 sh999997 不存在于观察池中
2025-08-19 21:27:52,619 - INFO - 数据库初始化完成
2025-08-19 21:27:52,619 - INFO - 处理进度 [485/11571]: sh999997
2025-08-19 21:27:52,631 - WARNING - sh113069 数据不足 (少于250天)，无法生成画像
2025-08-19 21:27:52,632 - INFO - 处理进度 [486/11571]: sh113069
2025-08-19 21:27:52,632 - INFO - 数据库初始化完成
2025-08-19 21:27:57,366 - WARNING - 股票 sh688656 不存在于观察池中
2025-08-19 21:27:57,367 - INFO - 处理进度 [487/11571]: sh688656
2025-08-19 21:27:57,367 - INFO - 数据库初始化完成
2025-08-19 21:28:00,539 - WARNING - 股票 sh880921 不存在于观察池中
2025-08-19 21:28:00,540 - INFO - 数据库初始化完成
2025-08-19 21:28:00,540 - INFO - 处理进度 [488/11571]: sh880921
2025-08-19 21:28:02,276 - WARNING - 股票 sh516500 不存在于观察池中
2025-08-19 21:28:02,277 - INFO - 数据库初始化完成
2025-08-19 21:28:02,277 - INFO - 处理进度 [489/11571]: sh516500
2025-08-19 21:28:08,397 - WARNING - 差分进化优化失败，使用默认参数
2025-08-19 21:28:08,397 - ERROR - sh688247 参数优化失败，使用默认参数回退
2025-08-19 21:28:08,411 - WARNING - 股票 sh688247 不存在于观察池中
2025-08-19 21:28:08,411 - INFO - 处理进度 [490/11571]: sh688247
2025-08-19 21:28:08,411 - INFO - 数据库初始化完成
2025-08-19 21:28:19,159 - WARNING - 股票 sh881458 不存在于观察池中
2025-08-19 21:28:19,160 - INFO - 数据库初始化完成
2025-08-19 21:28:19,161 - INFO - 处理进度 [491/11571]: sh881458
2025-08-19 21:28:39,158 - WARNING - 股票 sh588000 不存在于观察池中
2025-08-19 21:28:39,160 - INFO - 数据库初始化完成
2025-08-19 21:28:39,160 - INFO - 处理进度 [492/11571]: sh588000
2025-08-19 21:29:21,762 - WARNING - 股票 sh600234 不存在于观察池中
2025-08-19 21:29:21,763 - INFO - 处理进度 [493/11571]: sh600234
2025-08-19 21:29:21,764 - INFO - 数据库初始化完成
2025-08-19 21:29:27,332 - WARNING - 股票 sh688392 不存在于观察池中
2025-08-19 21:29:27,333 - INFO - 处理进度 [494/11571]: sh688392
2025-08-19 21:29:27,333 - INFO - 数据库初始化完成
2025-08-19 21:29:34,220 - WARNING - 股票 sh688126 不存在于观察池中
2025-08-19 21:29:34,221 - INFO - 数据库初始化完成
2025-08-19 21:29:34,221 - INFO - 处理进度 [495/11571]: sh688126
2025-08-19 21:29:50,663 - WARNING - 股票 sh600830 不存在于观察池中
2025-08-19 21:29:50,664 - INFO - 数据库初始化完成
2025-08-19 21:29:50,664 - INFO - 处理进度 [496/11571]: sh600830
2025-08-19 21:29:50,679 - WARNING - sh118051 数据不足 (少于250天)，无法生成画像
2025-08-19 21:29:50,680 - INFO - 数据库初始化完成
2025-08-19 21:29:50,680 - INFO - 处理进度 [497/11571]: sh118051
2025-08-19 21:29:53,919 - WARNING - 股票 sh113049 不存在于观察池中
2025-08-19 21:29:53,920 - INFO - 数据库初始化完成
2025-08-19 21:29:53,921 - INFO - 处理进度 [498/11571]: sh113049
2025-08-19 21:30:09,894 - WARNING - 股票 sh601633 不存在于观察池中
2025-08-19 21:30:09,895 - INFO - 处理进度 [499/11571]: sh601633
2025-08-19 21:30:09,895 - INFO - 数据库初始化完成
2025-08-19 21:30:22,277 - WARNING - 股票 sh113629 不存在于观察池中
2025-08-19 21:30:22,278 - INFO - 数据库初始化完成
2025-08-19 21:30:22,278 - INFO - 处理进度 [500/11571]: sh113629
2025-08-19 21:31:12,355 - WARNING - 差分进化优化失败，使用默认参数
2025-08-19 21:31:12,356 - ERROR - sh517800 参数优化失败，使用默认参数回退
2025-08-19 21:31:12,370 - WARNING - 股票 sh517800 不存在于观察池中
2025-08-19 21:31:12,370 - INFO - 处理进度 [501/11571]: sh517800
2025-08-19 21:31:12,371 - INFO - 数据库初始化完成
2025-08-19 21:31:16,358 - WARNING - 差分进化优化失败，使用默认参数
2025-08-19 21:31:16,359 - ERROR - sh688376 参数优化失败，使用默认参数回退
2025-08-19 21:31:16,371 - WARNING - 股票 sh688376 不存在于观察池中
2025-08-19 21:31:16,372 - INFO - 数据库初始化完成
2025-08-19 21:31:16,373 - INFO - 处理进度 [502/11571]: sh688376
2025-08-19 21:32:00,533 - WARNING - 股票 sh603976 不存在于观察池中
2025-08-19 21:32:00,534 - INFO - 数据库初始化完成
2025-08-19 21:32:00,534 - INFO - 处理进度 [503/11571]: sh603976
2025-08-19 21:32:16,046 - WARNING - 股票 sh515810 不存在于观察池中
2025-08-19 21:32:16,047 - INFO - 数据库初始化完成
2025-08-19 21:32:16,048 - INFO - 处理进度 [504/11571]: sh515810
2025-08-19 21:32:29,937 - WARNING - 股票 sh600707 不存在于观察池中
2025-08-19 21:32:29,938 - INFO - 数据库初始化完成
2025-08-19 21:32:29,938 - INFO - 处理进度 [505/11571]: sh600707
2025-08-19 21:32:35,832 - WARNING - 差分进化优化失败，使用默认参数
2025-08-19 21:32:35,832 - ERROR - sh601668 参数优化失败，使用默认参数回退
2025-08-19 21:32:35,846 - WARNING - 股票 sh601668 不存在于观察池中
2025-08-19 21:32:35,847 - INFO - 处理进度 [506/11571]: sh601668
2025-08-19 21:32:35,847 - INFO - 数据库初始化完成
2025-08-19 21:33:01,538 - WARNING - 股票 sh881418 不存在于观察池中
2025-08-19 21:33:01,539 - INFO - 数据库初始化完成
2025-08-19 21:33:01,539 - INFO - 处理进度 [507/11571]: sh881418
2025-08-19 21:33:07,739 - WARNING - 差分进化优化失败，使用默认参数
2025-08-19 21:33:07,739 - ERROR - sh603929 参数优化失败，使用默认参数回退
2025-08-19 21:33:07,750 - WARNING - 股票 sh603929 不存在于观察池中
2025-08-19 21:33:07,750 - INFO - 处理进度 [508/11571]: sh603929
2025-08-19 21:33:07,750 - INFO - 数据库初始化完成
2025-08-19 21:33:14,509 - WARNING - 股票 sh688298 不存在于观察池中
2025-08-19 21:33:14,510 - INFO - 数据库初始化完成
2025-08-19 21:33:14,510 - INFO - 处理进度 [509/11571]: sh688298
2025-08-19 21:33:33,813 - WARNING - 股票 sh204001 不存在于观察池中
2025-08-19 21:33:33,814 - INFO - 数据库初始化完成
2025-08-19 21:33:33,816 - INFO - 处理进度 [510/11571]: sh204001
2025-08-19 21:33:48,102 - WARNING - 股票 sh600095 不存在于观察池中
2025-08-19 21:33:48,103 - INFO - 数据库初始化完成
2025-08-19 21:33:48,104 - INFO - 处理进度 [511/11571]: sh600095
2025-08-19 21:33:48,678 - WARNING - 股票 sh600548 不存在于观察池中
2025-08-19 21:33:48,679 - INFO - 数据库初始化完成
2025-08-19 21:33:48,679 - INFO - 处理进度 [512/11571]: sh600548
2025-08-19 21:34:00,204 - WARNING - 股票 sh880857 不存在于观察池中
2025-08-19 21:34:00,230 - INFO - 处理进度 [513/11571]: sh880857
2025-08-19 21:34:00,230 - INFO - 数据库初始化完成
2025-08-19 21:34:04,003 - WARNING - 股票 sh600358 不存在于观察池中
2025-08-19 21:34:04,004 - INFO - 数据库初始化完成
2025-08-19 21:34:04,004 - INFO - 处理进度 [514/11571]: sh600358
2025-08-19 21:34:47,274 - WARNING - 股票 sh600886 不存在于观察池中
2025-08-19 21:34:47,275 - INFO - 数据库初始化完成
2025-08-19 21:34:47,276 - INFO - 处理进度 [515/11571]: sh600886
2025-08-19 21:34:47,289 - WARNING - sh588210 数据不足 (少于250天)，无法生成画像
2025-08-19 21:34:47,290 - INFO - 数据库初始化完成
2025-08-19 21:34:47,292 - INFO - 处理进度 [516/11571]: sh588210
2025-08-19 21:35:04,125 - WARNING - 股票 sh881225 不存在于观察池中
2025-08-19 21:35:04,126 - INFO - 处理进度 [517/11571]: sh881225
2025-08-19 21:35:04,126 - INFO - 数据库初始化完成
2025-08-19 21:35:04,399 - WARNING - 股票 sh600717 不存在于观察池中
2025-08-19 21:35:04,400 - INFO - 数据库初始化完成
2025-08-19 21:35:04,401 - INFO - 处理进度 [518/11571]: sh600717
2025-08-19 21:35:16,653 - WARNING - 股票 sh880623 不存在于观察池中
2025-08-19 21:35:16,654 - INFO - 数据库初始化完成
2025-08-19 21:35:16,654 - INFO - 处理进度 [519/11571]: sh880623
2025-08-19 21:35:40,040 - WARNING - 股票 sh600141 不存在于观察池中
2025-08-19 21:35:40,040 - INFO - 数据库初始化完成
2025-08-19 21:35:40,043 - INFO - 处理进度 [520/11571]: sh600141
2025-08-19 21:35:40,053 - WARNING - sh688623 数据不足 (少于250天)，无法生成画像
2025-08-19 21:35:40,054 - INFO - 数据库初始化完成
2025-08-19 21:35:40,054 - INFO - 处理进度 [521/11571]: sh688623
2025-08-19 21:35:42,136 - WARNING - 股票 sh688076 不存在于观察池中
2025-08-19 21:35:42,137 - INFO - 处理进度 [522/11571]: sh688076
2025-08-19 21:35:42,137 - INFO - 数据库初始化完成
2025-08-19 21:35:42,151 - WARNING - sh880536 数据不足 (少于250天)，无法生成画像
2025-08-19 21:35:42,152 - INFO - 处理进度 [523/11571]: sh880536
2025-08-19 21:35:42,152 - INFO - 数据库初始化完成
2025-08-19 21:36:06,418 - WARNING - 差分进化优化失败，使用默认参数
2025-08-19 21:36:06,418 - ERROR - sh880728 参数优化失败，使用默认参数回退
2025-08-19 21:36:06,432 - WARNING - 股票 sh880728 不存在于观察池中
2025-08-19 21:36:06,433 - INFO - 数据库初始化完成
2025-08-19 21:36:06,434 - INFO - 处理进度 [524/11571]: sh880728
2025-08-19 21:36:35,982 - WARNING - 股票 sh603111 不存在于观察池中
2025-08-19 21:36:35,983 - INFO - 处理进度 [525/11571]: sh603111
2025-08-19 21:36:35,983 - INFO - 数据库初始化完成
2025-08-19 21:36:37,434 - WARNING - 股票 sh688388 不存在于观察池中
2025-08-19 21:36:37,435 - INFO - 数据库初始化完成
2025-08-19 21:36:37,435 - INFO - 处理进度 [526/11571]: sh688388
2025-08-19 21:36:55,173 - WARNING - 股票 sh603132 不存在于观察池中
2025-08-19 21:36:55,174 - INFO - 处理进度 [527/11571]: sh603132
2025-08-19 21:36:55,175 - INFO - 数据库初始化完成
2025-08-19 21:37:33,514 - WARNING - 股票 sh880668 不存在于观察池中
2025-08-19 21:37:33,515 - INFO - 数据库初始化完成
2025-08-19 21:37:33,515 - INFO - 处理进度 [528/11571]: sh880668
2025-08-19 21:37:37,405 - WARNING - 差分进化优化失败，使用默认参数
2025-08-19 21:37:37,430 - ERROR - sh515400 参数优化失败，使用默认参数回退
2025-08-19 21:37:37,444 - WARNING - 股票 sh515400 不存在于观察池中
2025-08-19 21:37:37,444 - INFO - 处理进度 [529/11571]: sh515400
2025-08-19 21:37:37,445 - INFO - 数据库初始化完成
2025-08-19 21:37:42,016 - WARNING - 股票 sh688255 不存在于观察池中
2025-08-19 21:37:42,016 - INFO - 处理进度 [530/11571]: sh688255
2025-08-19 21:37:42,016 - INFO - 数据库初始化完成
2025-08-19 21:37:42,610 - WARNING - 股票 sh601718 不存在于观察池中
2025-08-19 21:37:42,611 - INFO - 数据库初始化完成
2025-08-19 21:37:42,617 - INFO - 处理进度 [531/11571]: sh601718
2025-08-19 21:38:04,273 - WARNING - 差分进化优化失败，使用默认参数
2025-08-19 21:38:04,273 - ERROR - sh600200 参数优化失败，使用默认参数回退
2025-08-19 21:38:04,286 - WARNING - 股票 sh600200 不存在于观察池中
2025-08-19 21:38:04,287 - INFO - 处理进度 [532/11571]: sh600200
2025-08-19 21:38:04,287 - INFO - 数据库初始化完成
2025-08-19 21:38:11,955 - WARNING - 股票 sh113639 不存在于观察池中
2025-08-19 21:38:11,956 - INFO - 处理进度 [533/11571]: sh113639
2025-08-19 21:38:11,956 - INFO - 数据库初始化完成
2025-08-19 21:38:24,372 - WARNING - 股票 sh603755 不存在于观察池中
2025-08-19 21:38:24,373 - INFO - 处理进度 [534/11571]: sh603755
2025-08-19 21:38:24,374 - INFO - 数据库初始化完成
2025-08-19 21:38:30,691 - WARNING - 股票 sh688355 不存在于观察池中
2025-08-19 21:38:30,692 - INFO - 数据库初始化完成
2025-08-19 21:38:30,692 - INFO - 处理进度 [535/11571]: sh688355
2025-08-19 21:38:43,739 - WARNING - 股票 sh600228 不存在于观察池中
2025-08-19 21:38:43,740 - INFO - 处理进度 [536/11571]: sh600228
2025-08-19 21:38:43,740 - INFO - 数据库初始化完成
2025-08-19 21:39:13,684 - WARNING - 差分进化优化失败，使用默认参数
2025-08-19 21:39:13,685 - ERROR - sh881275 参数优化失败，使用默认参数回退
2025-08-19 21:39:13,699 - WARNING - 股票 sh881275 不存在于观察池中
2025-08-19 21:39:13,699 - INFO - 处理进度 [537/11571]: sh881275
2025-08-19 21:39:13,700 - INFO - 数据库初始化完成
2025-08-19 21:39:23,704 - WARNING - 股票 sh688389 不存在于观察池中
2025-08-19 21:39:23,705 - INFO - 数据库初始化完成
2025-08-19 21:39:23,705 - INFO - 处理进度 [538/11571]: sh688389
2025-08-19 21:39:33,578 - WARNING - 股票 sh600653 不存在于观察池中
2025-08-19 21:39:33,579 - INFO - 处理进度 [539/11571]: sh600653
2025-08-19 21:39:33,580 - INFO - 数据库初始化完成
2025-08-19 21:39:34,653 - WARNING - 股票 sh880097 不存在于观察池中
2025-08-19 21:39:34,654 - INFO - 数据库初始化完成
2025-08-19 21:39:34,655 - INFO - 处理进度 [540/11571]: sh880097
2025-08-19 21:39:37,622 - WARNING - 股票 sh688349 不存在于观察池中
2025-08-19 21:39:37,623 - INFO - 数据库初始化完成
2025-08-19 21:39:37,624 - INFO - 处理进度 [541/11571]: sh688349
2025-08-19 21:39:44,425 - WARNING - 股票 sh515700 不存在于观察池中
2025-08-19 21:39:44,426 - INFO - 数据库初始化完成
2025-08-19 21:39:44,426 - INFO - 处理进度 [542/11571]: sh515700
2025-08-19 21:39:57,993 - WARNING - 股票 sh560550 不存在于观察池中
2025-08-19 21:39:57,994 - INFO - 数据库初始化完成
2025-08-19 21:39:57,995 - INFO - 处理进度 [543/11571]: sh560550
2025-08-19 21:39:58,010 - WARNING - sh688562 数据不足 (少于250天)，无法生成画像
2025-08-19 21:39:58,011 - INFO - 数据库初始化完成
2025-08-19 21:39:58,013 - INFO - 处理进度 [544/11571]: sh688562
2025-08-19 21:40:17,670 - WARNING - 股票 sh881298 不存在于观察池中
2025-08-19 21:40:17,671 - INFO - 数据库初始化完成
2025-08-19 21:40:17,672 - INFO - 处理进度 [545/11571]: sh881298
2025-08-19 21:40:35,948 - WARNING - 股票 sh603893 不存在于观察池中
2025-08-19 21:40:35,948 - INFO - 处理进度 [546/11571]: sh603893
2025-08-19 21:40:35,949 - INFO - 数据库初始化完成
2025-08-19 21:41:18,084 - WARNING - 股票 sh000905 不存在于观察池中
2025-08-19 21:41:18,085 - INFO - 数据库初始化完成
2025-08-19 21:41:18,086 - INFO - 处理进度 [547/11571]: sh000905
2025-08-19 21:41:42,325 - WARNING - 股票 sh600760 不存在于观察池中
2025-08-19 21:41:42,326 - INFO - 数据库初始化完成
2025-08-19 21:41:42,326 - INFO - 处理进度 [548/11571]: sh600760
2025-08-19 21:41:44,640 - WARNING - 股票 sh517010 不存在于观察池中
2025-08-19 21:41:44,640 - INFO - 数据库初始化完成
2025-08-19 21:41:44,640 - INFO - 处理进度 [549/11571]: sh517010
2025-08-19 21:42:24,134 - WARNING - 股票 sh688009 不存在于观察池中
2025-08-19 21:42:24,135 - INFO - 数据库初始化完成
2025-08-19 21:42:24,135 - INFO - 处理进度 [550/11571]: sh688009
2025-08-19 21:42:31,876 - WARNING - 股票 sh600597 不存在于观察池中
2025-08-19 21:42:31,877 - INFO - 数据库初始化完成
2025-08-19 21:42:31,877 - INFO - 处理进度 [551/11571]: sh600597
2025-08-19 21:42:41,320 - WARNING - 差分进化优化失败，使用默认参数
2025-08-19 21:42:41,320 - ERROR - sh881221 参数优化失败，使用默认参数回退
2025-08-19 21:42:41,334 - WARNING - 股票 sh881221 不存在于观察池中
2025-08-19 21:42:41,335 - INFO - 数据库初始化完成
2025-08-19 21:42:41,335 - INFO - 处理进度 [552/11571]: sh881221
2025-08-19 21:42:49,247 - WARNING - 股票 sh688418 不存在于观察池中
2025-08-19 21:42:49,248 - INFO - 数据库初始化完成
2025-08-19 21:42:49,249 - INFO - 处理进度 [553/11571]: sh688418
2025-08-19 21:42:52,162 - WARNING - 股票 sh603086 不存在于观察池中
2025-08-19 21:42:52,163 - INFO - 数据库初始化完成
2025-08-19 21:42:52,163 - INFO - 处理进度 [554/11571]: sh603086
2025-08-19 21:42:52,177 - WARNING - sh880674 数据不足 (少于250天)，无法生成画像
2025-08-19 21:42:52,178 - INFO - 处理进度 [555/11571]: sh880674
2025-08-19 21:42:52,178 - INFO - 数据库初始化完成
2025-08-19 21:43:23,613 - WARNING - 股票 sh880946 不存在于观察池中
2025-08-19 21:43:23,614 - INFO - 数据库初始化完成
2025-08-19 21:43:23,614 - INFO - 处理进度 [556/11571]: sh880946
2025-08-19 21:43:43,798 - WARNING - 股票 sh688505 不存在于观察池中
2025-08-19 21:43:43,799 - INFO - 数据库初始化完成
2025-08-19 21:43:43,799 - INFO - 处理进度 [557/11571]: sh688505
2025-08-19 21:43:52,166 - WARNING - 股票 sh605169 不存在于观察池中
2025-08-19 21:43:52,167 - INFO - 处理进度 [558/11571]: sh605169
2025-08-19 21:43:52,168 - INFO - 数据库初始化完成
2025-08-19 21:44:29,352 - WARNING - 股票 sh603939 不存在于观察池中
2025-08-19 21:44:29,353 - INFO - 数据库初始化完成
2025-08-19 21:44:29,353 - INFO - 处理进度 [559/11571]: sh603939
2025-08-19 21:44:31,502 - WARNING - 股票 sh113666 不存在于观察池中
2025-08-19 21:44:31,503 - INFO - 数据库初始化完成
2025-08-19 21:44:31,503 - INFO - 处理进度 [560/11571]: sh113666
2025-08-19 21:44:35,392 - WARNING - 股票 sh688419 不存在于观察池中
2025-08-19 21:44:35,400 - INFO - 数据库初始化完成
2025-08-19 21:44:35,400 - INFO - 处理进度 [561/11571]: sh688419
2025-08-19 21:44:48,622 - WARNING - 股票 sh880210 不存在于观察池中
2025-08-19 21:44:48,623 - INFO - 数据库初始化完成
2025-08-19 21:44:48,623 - INFO - 处理进度 [562/11571]: sh880210
2025-08-19 21:44:53,165 - WARNING - 股票 sh513310 不存在于观察池中
2025-08-19 21:44:53,166 - INFO - 数据库初始化完成
2025-08-19 21:44:53,166 - INFO - 处理进度 [563/11571]: sh513310
2025-08-19 21:45:10,853 - WARNING - 股票 sh501215 不存在于观察池中
2025-08-19 21:45:10,854 - INFO - 数据库初始化完成
2025-08-19 21:45:10,854 - INFO - 处理进度 [564/11571]: sh501215
2025-08-19 21:45:12,578 - WARNING - 股票 sh508028 不存在于观察池中
2025-08-19 21:45:12,578 - INFO - 数据库初始化完成
2025-08-19 21:45:12,578 - INFO - 处理进度 [565/11571]: sh508028
2025-08-19 21:45:33,428 - WARNING - 股票 sh605339 不存在于观察池中
2025-08-19 21:45:33,429 - INFO - 数据库初始化完成
2025-08-19 21:45:33,432 - INFO - 处理进度 [566/11571]: sh605339
2025-08-19 21:46:15,113 - WARNING - 股票 sh688279 不存在于观察池中
2025-08-19 21:46:15,114 - INFO - 处理进度 [567/11571]: sh688279
2025-08-19 21:46:15,114 - INFO - 数据库初始化完成
2025-08-19 21:46:40,194 - WARNING - 差分进化优化失败，使用默认参数
2025-08-19 21:46:40,195 - ERROR - sh603977 参数优化失败，使用默认参数回退
2025-08-19 21:46:40,209 - WARNING - 股票 sh603977 不存在于观察池中
2025-08-19 21:46:40,209 - INFO - 处理进度 [568/11571]: sh603977
2025-08-19 21:46:40,210 - INFO - 数据库初始化完成
2025-08-19 21:46:44,837 - WARNING - 股票 sh600696 不存在于观察池中
2025-08-19 21:46:44,838 - INFO - 处理进度 [569/11571]: sh600696
2025-08-19 21:46:44,838 - INFO - 数据库初始化完成
2025-08-19 21:47:06,481 - WARNING - 股票 sh881420 不存在于观察池中
2025-08-19 21:47:06,482 - INFO - 处理进度 [570/11571]: sh881420
2025-08-19 21:47:06,482 - INFO - 数据库初始化完成
2025-08-19 21:47:13,683 - WARNING - 股票 sh600887 不存在于观察池中
2025-08-19 21:47:13,684 - INFO - 数据库初始化完成
2025-08-19 21:47:13,684 - INFO - 处理进度 [571/11571]: sh600887
2025-08-19 21:47:34,655 - WARNING - 差分进化优化失败，使用默认参数
2025-08-19 21:47:34,656 - ERROR - sh603076 参数优化失败，使用默认参数回退
2025-08-19 21:47:34,695 - WARNING - 股票 sh603076 不存在于观察池中
2025-08-19 21:47:34,696 - INFO - 数据库初始化完成
2025-08-19 21:47:34,699 - INFO - 处理进度 [572/11571]: sh603076
2025-08-19 21:48:13,597 - WARNING - 股票 sh881250 不存在于观察池中
2025-08-19 21:48:13,597 - INFO - 处理进度 [573/11571]: sh881250
2025-08-19 21:48:13,598 - INFO - 数据库初始化完成
2025-08-19 21:48:31,156 - WARNING - 股票 sh600736 不存在于观察池中
2025-08-19 21:48:31,157 - INFO - 处理进度 [574/11571]: sh600736
2025-08-19 21:48:31,157 - INFO - 数据库初始化完成
2025-08-19 21:48:55,569 - WARNING - 股票 sh561800 不存在于观察池中
2025-08-19 21:48:55,570 - INFO - 处理进度 [575/11571]: sh561800
2025-08-19 21:48:55,570 - INFO - 数据库初始化完成
2025-08-19 21:48:59,923 - WARNING - 差分进化优化失败，使用默认参数
2025-08-19 21:48:59,923 - ERROR - sh502056 参数优化失败，使用默认参数回退
2025-08-19 21:48:59,937 - WARNING - 股票 sh502056 不存在于观察池中
2025-08-19 21:48:59,937 - INFO - 处理进度 [576/11571]: sh502056
2025-08-19 21:48:59,937 - INFO - 数据库初始化完成
2025-08-19 21:49:10,528 - WARNING - 股票 sh513980 不存在于观察池中
2025-08-19 21:49:10,528 - INFO - 处理进度 [577/11571]: sh513980
2025-08-19 21:49:10,529 - INFO - 数据库初始化完成
2025-08-19 21:49:16,675 - WARNING - 股票 sh881252 不存在于观察池中
2025-08-19 21:49:16,677 - INFO - 处理进度 [578/11571]: sh881252
2025-08-19 21:49:16,677 - INFO - 数据库初始化完成
2025-08-19 21:49:37,081 - WARNING - 股票 sh600279 不存在于观察池中
2025-08-19 21:49:37,081 - INFO - 处理进度 [579/11571]: sh600279
2025-08-19 21:49:37,082 - INFO - 数据库初始化完成
2025-08-19 21:49:37,094 - WARNING - sh601096 数据不足 (少于250天)，无法生成画像
2025-08-19 21:49:37,094 - INFO - 处理进度 [580/11571]: sh601096
2025-08-19 21:49:37,095 - INFO - 数据库初始化完成
2025-08-19 21:49:51,898 - WARNING - 股票 sh605488 不存在于观察池中
2025-08-19 21:49:51,899 - INFO - 处理进度 [581/11571]: sh605488
2025-08-19 21:49:51,900 - INFO - 数据库初始化完成
2025-08-19 21:49:51,911 - WARNING - sh517520 数据不足 (少于250天)，无法生成画像
2025-08-19 21:49:51,912 - INFO - 处理进度 [582/11571]: sh517520
2025-08-19 21:49:51,912 - INFO - 数据库初始化完成
2025-08-19 21:50:07,417 - WARNING - 差分进化优化失败，使用默认参数
2025-08-19 21:50:07,418 - ERROR - sh515080 参数优化失败，使用默认参数回退
2025-08-19 21:50:07,432 - WARNING - 股票 sh515080 不存在于观察池中
2025-08-19 21:50:07,432 - INFO - 处理进度 [583/11571]: sh515080
2025-08-19 21:50:07,433 - INFO - 数据库初始化完成
2025-08-19 21:50:17,930 - WARNING - 差分进化优化失败，使用默认参数
2025-08-19 21:50:17,930 - ERROR - sh515650 参数优化失败，使用默认参数回退
2025-08-19 21:50:17,944 - WARNING - 股票 sh515650 不存在于观察池中
2025-08-19 21:50:17,945 - INFO - 数据库初始化完成
2025-08-19 21:50:17,945 - INFO - 处理进度 [584/11571]: sh515650
2025-08-19 21:50:28,197 - WARNING - 股票 sh600611 不存在于观察池中
2025-08-19 21:50:28,198 - INFO - 数据库初始化完成
2025-08-19 21:50:28,198 - INFO - 处理进度 [585/11571]: sh600611
2025-08-19 21:50:30,042 - WARNING - 股票 sh688232 不存在于观察池中
2025-08-19 21:50:30,043 - INFO - 数据库初始化完成
2025-08-19 21:50:30,043 - INFO - 处理进度 [586/11571]: sh688232
2025-08-19 21:50:48,981 - WARNING - 差分进化优化失败，使用默认参数
2025-08-19 21:50:48,982 - ERROR - sh600859 参数优化失败，使用默认参数回退
2025-08-19 21:50:48,996 - WARNING - 股票 sh600859 不存在于观察池中
2025-08-19 21:50:48,997 - INFO - 数据库初始化完成
2025-08-19 21:50:48,997 - INFO - 处理进度 [587/11571]: sh600859
2025-08-19 21:50:48,999 - WARNING - sh563900 数据不足 (少于250天)，无法生成画像
2025-08-19 21:50:49,001 - INFO - 数据库初始化完成
2025-08-19 21:50:49,001 - INFO - 处理进度 [588/11571]: sh563900
2025-08-19 21:50:59,293 - WARNING - 股票 sh601566 不存在于观察池中
2025-08-19 21:50:59,293 - INFO - 处理进度 [589/11571]: sh601566
2025-08-19 21:50:59,294 - INFO - 数据库初始化完成
2025-08-19 21:51:00,740 - WARNING - 股票 sh113640 不存在于观察池中
2025-08-19 21:51:00,740 - INFO - 数据库初始化完成
2025-08-19 21:51:00,740 - INFO - 处理进度 [590/11571]: sh113640
2025-08-19 21:51:00,742 - WARNING - sh113696 数据不足 (少于250天)，无法生成画像
2025-08-19 21:51:00,742 - INFO - 处理进度 [591/11571]: sh113696
2025-08-19 21:51:00,742 - INFO - 数据库初始化完成
2025-08-19 21:51:09,308 - WARNING - 股票 sh603206 不存在于观察池中
2025-08-19 21:51:09,309 - INFO - 数据库初始化完成
2025-08-19 21:51:09,309 - INFO - 处理进度 [592/11571]: sh603206
2025-08-19 21:51:13,823 - WARNING - 股票 sh688184 不存在于观察池中
2025-08-19 21:51:13,824 - INFO - 处理进度 [593/11571]: sh688184
2025-08-19 21:51:13,824 - INFO - 数据库初始化完成
2025-08-19 21:51:15,087 - WARNING - 股票 sh688190 不存在于观察池中
2025-08-19 21:51:15,087 - INFO - 处理进度 [594/11571]: sh688190
2025-08-19 21:51:15,088 - INFO - 数据库初始化完成
2025-08-19 21:51:40,519 - WARNING - 股票 sh688682 不存在于观察池中
2025-08-19 21:51:40,520 - INFO - 数据库初始化完成
2025-08-19 21:51:40,521 - INFO - 处理进度 [595/11571]: sh688682
2025-08-19 21:51:56,194 - WARNING - 股票 sh513360 不存在于观察池中
2025-08-19 21:51:56,195 - INFO - 数据库初始化完成
2025-08-19 21:51:56,196 - INFO - 处理进度 [596/11571]: sh513360
2025-08-19 21:52:14,165 - WARNING - 差分进化优化失败，使用默认参数
2025-08-19 21:52:14,166 - ERROR - sh881438 参数优化失败，使用默认参数回退
2025-08-19 21:52:14,180 - WARNING - 股票 sh881438 不存在于观察池中
2025-08-19 21:52:14,180 - INFO - 数据库初始化完成
2025-08-19 21:52:14,181 - INFO - 处理进度 [597/11571]: sh881438
2025-08-19 21:52:19,188 - WARNING - 差分进化优化失败，使用默认参数
2025-08-19 21:52:19,196 - ERROR - sh601991 参数优化失败，使用默认参数回退
2025-08-19 21:52:19,210 - WARNING - 股票 sh601991 不存在于观察池中
2025-08-19 21:52:19,210 - INFO - 处理进度 [598/11571]: sh601991
2025-08-19 21:52:19,211 - INFO - 数据库初始化完成
2025-08-19 21:52:19,692 - WARNING - 股票 sh603396 不存在于观察池中
2025-08-19 21:52:19,693 - INFO - 数据库初始化完成
2025-08-19 21:52:19,693 - INFO - 处理进度 [599/11571]: sh603396
2025-08-19 21:52:21,316 - WARNING - 股票 sh601022 不存在于观察池中
2025-08-19 21:52:21,317 - INFO - 数据库初始化完成
2025-08-19 21:52:21,317 - INFO - 处理进度 [600/11571]: sh601022
2025-08-19 21:52:41,037 - WARNING - 股票 sh881004 不存在于观察池中
2025-08-19 21:52:41,038 - INFO - 处理进度 [601/11571]: sh881004
2025-08-19 21:52:41,038 - INFO - 数据库初始化完成
2025-08-19 21:53:19,923 - WARNING - 股票 sh603658 不存在于观察池中
2025-08-19 21:53:19,924 - INFO - 数据库初始化完成
2025-08-19 21:53:19,924 - INFO - 处理进度 [602/11571]: sh603658
2025-08-19 21:53:55,054 - WARNING - 股票 sh600615 不存在于观察池中
2025-08-19 21:53:55,055 - INFO - 数据库初始化完成
2025-08-19 21:53:55,055 - INFO - 处理进度 [603/11571]: sh600615
2025-08-19 21:54:01,982 - WARNING - 股票 sh111010 不存在于观察池中
2025-08-19 21:54:01,983 - INFO - 数据库初始化完成
2025-08-19 21:54:01,983 - INFO - 处理进度 [604/11571]: sh111010
2025-08-19 21:54:08,707 - WARNING - 股票 sh603660 不存在于观察池中
2025-08-19 21:54:08,708 - INFO - 数据库初始化完成
2025-08-19 21:54:08,708 - INFO - 处理进度 [605/11571]: sh603660
2025-08-19 21:54:19,621 - WARNING - 股票 sh881391 不存在于观察池中
2025-08-19 21:54:19,621 - INFO - 处理进度 [606/11571]: sh881391
2025-08-19 21:54:19,621 - INFO - 数据库初始化完成
2025-08-19 21:54:37,490 - WARNING - 股票 sh600980 不存在于观察池中
2025-08-19 21:54:37,491 - INFO - 数据库初始化完成
2025-08-19 21:54:37,494 - INFO - 处理进度 [607/11571]: sh600980
2025-08-19 21:55:04,116 - WARNING - 股票 sh881367 不存在于观察池中
2025-08-19 21:55:04,117 - INFO - 处理进度 [608/11571]: sh881367
2025-08-19 21:55:04,117 - INFO - 数据库初始化完成
2025-08-19 21:55:14,134 - WARNING - 股票 sh600735 不存在于观察池中
2025-08-19 21:55:14,160 - INFO - 处理进度 [609/11571]: sh600735
2025-08-19 21:55:14,160 - INFO - 数据库初始化完成
2025-08-19 21:55:14,173 - WARNING - sh880680 数据不足 (少于250天)，无法生成画像
2025-08-19 21:55:14,173 - INFO - 处理进度 [610/11571]: sh880680
2025-08-19 21:55:14,173 - INFO - 数据库初始化完成
2025-08-19 21:55:48,159 - WARNING - 股票 sh600192 不存在于观察池中
2025-08-19 21:55:48,160 - INFO - 处理进度 [611/11571]: sh600192
2025-08-19 21:55:48,160 - INFO - 数据库初始化完成
2025-08-19 21:56:10,777 - WARNING - 股票 sh561160 不存在于观察池中
2025-08-19 21:56:10,778 - INFO - 数据库初始化完成
2025-08-19 21:56:10,779 - INFO - 处理进度 [612/11571]: sh561160
2025-08-19 21:56:20,884 - WARNING - 股票 sh562900 不存在于观察池中
2025-08-19 21:56:20,885 - INFO - 处理进度 [613/11571]: sh562900
2025-08-19 21:56:20,885 - INFO - 数据库初始化完成
2025-08-19 21:56:30,818 - WARNING - 股票 sh881212 不存在于观察池中
2025-08-19 21:56:30,819 - INFO - 数据库初始化完成
2025-08-19 21:56:30,821 - INFO - 处理进度 [614/11571]: sh881212
2025-08-19 21:56:32,527 - WARNING - 股票 sh110089 不存在于观察池中
2025-08-19 21:56:32,528 - INFO - 处理进度 [615/11571]: sh110089
2025-08-19 21:56:32,528 - INFO - 数据库初始化完成
2025-08-19 21:56:52,707 - WARNING - 股票 sh601198 不存在于观察池中
2025-08-19 21:56:52,708 - INFO - 数据库初始化完成
2025-08-19 21:56:52,708 - INFO - 处理进度 [616/11571]: sh601198
2025-08-19 21:57:25,535 - WARNING - 股票 sh605318 不存在于观察池中
2025-08-19 21:57:25,536 - INFO - 处理进度 [617/11571]: sh605318
2025-08-19 21:57:25,536 - INFO - 数据库初始化完成
2025-08-19 21:57:30,128 - WARNING - 股票 sh506005 不存在于观察池中
2025-08-19 21:57:30,129 - INFO - 数据库初始化完成
2025-08-19 21:57:30,129 - INFO - 处理进度 [618/11571]: sh506005
2025-08-19 21:57:33,459 - WARNING - 股票 sh605319 不存在于观察池中
2025-08-19 21:57:33,459 - INFO - 数据库初始化完成
2025-08-19 21:57:33,460 - INFO - 处理进度 [619/11571]: sh605319
2025-08-19 21:57:34,189 - WARNING - 股票 sh510290 不存在于观察池中
2025-08-19 21:57:34,190 - INFO - 处理进度 [620/11571]: sh510290
2025-08-19 21:57:34,190 - INFO - 数据库初始化完成
2025-08-19 21:58:05,800 - WARNING - 股票 sh880827 不存在于观察池中
2025-08-19 21:58:05,802 - INFO - 数据库初始化完成
2025-08-19 21:58:05,802 - INFO - 处理进度 [621/11571]: sh880827
2025-08-19 21:58:10,248 - WARNING - 股票 sh688106 不存在于观察池中
2025-08-19 21:58:10,249 - INFO - 数据库初始化完成
2025-08-19 21:58:10,249 - INFO - 处理进度 [622/11571]: sh688106
2025-08-19 21:58:11,863 - WARNING - 股票 sh603895 不存在于观察池中
2025-08-19 21:58:11,864 - INFO - 数据库初始化完成
2025-08-19 21:58:11,865 - INFO - 处理进度 [623/11571]: sh603895
2025-08-19 21:58:15,508 - WARNING - 股票 sh605058 不存在于观察池中
2025-08-19 21:58:15,509 - INFO - 数据库初始化完成
2025-08-19 21:58:15,509 - INFO - 处理进度 [624/11571]: sh605058
2025-08-19 21:58:25,473 - WARNING - 差分进化优化失败，使用默认参数
2025-08-19 21:58:25,473 - ERROR - sh881278 参数优化失败，使用默认参数回退
2025-08-19 21:58:25,488 - WARNING - 股票 sh881278 不存在于观察池中
2025-08-19 21:58:25,489 - INFO - 数据库初始化完成
2025-08-19 21:58:25,489 - INFO - 处理进度 [625/11571]: sh881278
2025-08-19 21:58:56,796 - WARNING - 股票 sh688579 不存在于观察池中
2025-08-19 21:58:56,797 - INFO - 处理进度 [626/11571]: sh688579
2025-08-19 21:58:56,797 - INFO - 数据库初始化完成
2025-08-19 21:59:14,223 - WARNING - 差分进化优化失败，使用默认参数
2025-08-19 21:59:14,223 - ERROR - sh515250 参数优化失败，使用默认参数回退
2025-08-19 21:59:14,237 - WARNING - 股票 sh515250 不存在于观察池中
2025-08-19 21:59:14,238 - INFO - 数据库初始化完成
2025-08-19 21:59:14,238 - INFO - 处理进度 [627/11571]: sh515250
2025-08-19 21:59:14,250 - WARNING - sh113675 数据不足 (少于250天)，无法生成画像
2025-08-19 21:59:14,251 - INFO - 数据库初始化完成
2025-08-19 21:59:14,252 - INFO - 处理进度 [628/11571]: sh113675
2025-08-19 21:59:30,187 - WARNING - 股票 sh000688 不存在于观察池中
2025-08-19 21:59:30,188 - INFO - 数据库初始化完成
2025-08-19 21:59:30,188 - INFO - 处理进度 [629/11571]: sh000688
2025-08-19 21:59:32,289 - WARNING - 股票 sh600105 不存在于观察池中
2025-08-19 21:59:32,290 - INFO - 处理进度 [630/11571]: sh600105
2025-08-19 21:59:32,290 - INFO - 数据库初始化完成
2025-08-19 21:59:36,825 - WARNING - 股票 sh603016 不存在于观察池中
2025-08-19 21:59:36,826 - INFO - 数据库初始化完成
2025-08-19 21:59:36,826 - INFO - 处理进度 [631/11571]: sh603016
2025-08-19 21:59:37,251 - WARNING - 股票 sh688038 不存在于观察池中
2025-08-19 21:59:37,251 - INFO - 数据库初始化完成
2025-08-19 21:59:37,253 - INFO - 处理进度 [632/11571]: sh688038
2025-08-19 22:00:23,039 - WARNING - 股票 sh688048 不存在于观察池中
2025-08-19 22:00:23,040 - INFO - 处理进度 [633/11571]: sh688048
2025-08-19 22:00:23,040 - INFO - 数据库初始化完成
2025-08-19 22:00:40,305 - WARNING - 股票 sh688045 不存在于观察池中
2025-08-19 22:00:40,305 - INFO - 处理进度 [634/11571]: sh688045
2025-08-19 22:00:40,306 - INFO - 数据库初始化完成
2025-08-19 22:00:43,608 - WARNING - 股票 sh603798 不存在于观察池中
2025-08-19 22:00:43,609 - INFO - 数据库初始化完成
2025-08-19 22:00:43,610 - INFO - 处理进度 [635/11571]: sh603798
2025-08-19 22:00:51,335 - WARNING - 股票 sh600549 不存在于观察池中
2025-08-19 22:00:51,337 - INFO - 数据库初始化完成
2025-08-19 22:00:51,337 - INFO - 处理进度 [636/11571]: sh600549
2025-08-19 22:01:07,078 - WARNING - 股票 sh600895 不存在于观察池中
2025-08-19 22:01:07,080 - INFO - 数据库初始化完成
2025-08-19 22:01:07,080 - INFO - 处理进度 [637/11571]: sh600895
2025-08-19 22:01:36,995 - WARNING - 股票 sh881176 不存在于观察池中
2025-08-19 22:01:36,996 - INFO - 数据库初始化完成
2025-08-19 22:01:36,997 - INFO - 处理进度 [638/11571]: sh881176
2025-08-19 22:01:38,455 - WARNING - 股票 sh601020 不存在于观察池中
2025-08-19 22:01:38,456 - INFO - 处理进度 [639/11571]: sh601020
2025-08-19 22:01:38,457 - INFO - 数据库初始化完成
2025-08-19 22:01:51,671 - WARNING - 股票 sh881046 不存在于观察池中
2025-08-19 22:01:51,672 - INFO - 处理进度 [640/11571]: sh881046
2025-08-19 22:01:51,672 - INFO - 数据库初始化完成
2025-08-19 22:01:51,683 - WARNING - sh508010 数据不足 (少于250天)，无法生成画像
2025-08-19 22:01:51,684 - INFO - 数据库初始化完成
2025-08-19 22:01:51,684 - INFO - 处理进度 [641/11571]: sh508010
2025-08-19 22:01:54,455 - WARNING - 差分进化优化失败，使用默认参数
2025-08-19 22:01:54,455 - ERROR - sh688301 参数优化失败，使用默认参数回退
2025-08-19 22:01:54,470 - WARNING - 股票 sh688301 不存在于观察池中
2025-08-19 22:01:54,470 - INFO - 处理进度 [642/11571]: sh688301
2025-08-19 22:01:54,471 - INFO - 数据库初始化完成
2025-08-19 22:02:12,957 - WARNING - 股票 sh600545 不存在于观察池中
2025-08-19 22:02:12,958 - INFO - 数据库初始化完成
2025-08-19 22:02:12,958 - INFO - 处理进度 [643/11571]: sh600545
2025-08-19 22:02:37,660 - WARNING - 股票 sh000852 不存在于观察池中
2025-08-19 22:02:37,661 - INFO - 处理进度 [644/11571]: sh000852
2025-08-19 22:02:37,662 - INFO - 数据库初始化完成
2025-08-19 22:03:12,655 - WARNING - 股票 sh880491 不存在于观察池中
2025-08-19 22:03:12,655 - INFO - 数据库初始化完成
2025-08-19 22:03:12,656 - INFO - 处理进度 [645/11571]: sh880491
2025-08-19 22:03:21,083 - WARNING - 股票 sh600579 不存在于观察池中
2025-08-19 22:03:21,084 - INFO - 数据库初始化完成
2025-08-19 22:03:21,087 - INFO - 处理进度 [646/11571]: sh600579
2025-08-19 22:03:47,096 - WARNING - 股票 sh881277 不存在于观察池中
2025-08-19 22:03:47,105 - INFO - 处理进度 [647/11571]: sh881277
2025-08-19 22:03:47,105 - INFO - 数据库初始化完成
2025-08-19 22:03:58,223 - WARNING - 股票 sh688123 不存在于观察池中
2025-08-19 22:03:58,224 - INFO - 处理进度 [648/11571]: sh688123
2025-08-19 22:03:58,225 - INFO - 数据库初始化完成
2025-08-19 22:04:02,761 - WARNING - 股票 sh501209 不存在于观察池中
2025-08-19 22:04:02,761 - INFO - 处理进度 [649/11571]: sh501209
2025-08-19 22:04:02,762 - INFO - 数据库初始化完成
2025-08-19 22:05:01,538 - WARNING - 股票 sh880667 不存在于观察池中
2025-08-19 22:05:01,539 - INFO - 数据库初始化完成
2025-08-19 22:05:01,539 - INFO - 处理进度 [650/11571]: sh880667
2025-08-19 22:05:10,286 - WARNING - 股票 sh880785 不存在于观察池中
2025-08-19 22:05:10,287 - INFO - 处理进度 [651/11571]: sh880785
2025-08-19 22:05:10,287 - INFO - 数据库初始化完成
2025-08-19 22:05:14,587 - WARNING - 股票 sh600577 不存在于观察池中
2025-08-19 22:05:14,588 - INFO - 数据库初始化完成
2025-08-19 22:05:14,588 - INFO - 处理进度 [652/11571]: sh600577
2025-08-19 22:05:14,602 - WARNING - sh688612 数据不足 (少于250天)，无法生成画像
2025-08-19 22:05:14,602 - INFO - 处理进度 [653/11571]: sh688612
2025-08-19 22:05:14,603 - INFO - 数据库初始化完成
2025-08-19 22:05:34,914 - WARNING - 股票 sh113618 不存在于观察池中
2025-08-19 22:05:34,915 - INFO - 数据库初始化完成
2025-08-19 22:05:34,916 - INFO - 处理进度 [654/11571]: sh113618
2025-08-19 22:05:42,126 - WARNING - 股票 sh118031 不存在于观察池中
2025-08-19 22:05:42,127 - INFO - 数据库初始化完成
2025-08-19 22:05:42,127 - INFO - 处理进度 [655/11571]: sh118031
2025-08-19 22:05:57,148 - WARNING - 股票 sh688663 不存在于观察池中
2025-08-19 22:05:57,149 - INFO - 数据库初始化完成
2025-08-19 22:05:57,149 - INFO - 处理进度 [656/11571]: sh688663
2025-08-19 22:06:00,734 - WARNING - 股票 sh603928 不存在于观察池中
2025-08-19 22:06:00,735 - INFO - 处理进度 [657/11571]: sh603928
2025-08-19 22:06:00,735 - INFO - 数据库初始化完成
2025-08-19 22:06:39,593 - WARNING - 差分进化优化失败，使用默认参数
2025-08-19 22:06:39,594 - ERROR - sh881157 参数优化失败，使用默认参数回退
2025-08-19 22:06:39,608 - WARNING - 股票 sh881157 不存在于观察池中
2025-08-19 22:06:39,609 - INFO - 数据库初始化完成
2025-08-19 22:06:39,609 - INFO - 处理进度 [658/11571]: sh881157
2025-08-19 22:06:50,004 - WARNING - 差分进化优化失败，使用默认参数
2025-08-19 22:06:50,005 - ERROR - sh510760 参数优化失败，使用默认参数回退
2025-08-19 22:06:50,019 - WARNING - 股票 sh510760 不存在于观察池中
2025-08-19 22:06:50,019 - INFO - 处理进度 [659/11571]: sh510760
2025-08-19 22:06:50,020 - INFO - 数据库初始化完成
2025-08-19 22:07:05,588 - WARNING - 股票 sh880339 不存在于观察池中
2025-08-19 22:07:05,589 - INFO - 数据库初始化完成
2025-08-19 22:07:05,590 - INFO - 处理进度 [660/11571]: sh880339
2025-08-19 22:07:07,735 - WARNING - 股票 sh881209 不存在于观察池中
2025-08-19 22:07:07,736 - INFO - 处理进度 [661/11571]: sh881209
2025-08-19 22:07:07,737 - INFO - 数据库初始化完成
2025-08-19 22:07:27,518 - WARNING - 股票 sh515980 不存在于观察池中
2025-08-19 22:07:27,519 - INFO - 数据库初始化完成
2025-08-19 22:07:27,519 - INFO - 处理进度 [662/11571]: sh515980
2025-08-19 22:07:27,579 - WARNING - 股票 sh880944 不存在于观察池中
2025-08-19 22:07:27,580 - INFO - 处理进度 [663/11571]: sh880944
2025-08-19 22:07:27,580 - INFO - 数据库初始化完成
2025-08-19 22:07:50,136 - WARNING - 股票 sh600657 不存在于观察池中
2025-08-19 22:07:50,137 - INFO - 数据库初始化完成
2025-08-19 22:07:50,137 - INFO - 处理进度 [664/11571]: sh600657
2025-08-19 22:07:56,417 - WARNING - 股票 sh600893 不存在于观察池中
2025-08-19 22:07:56,418 - INFO - 数据库初始化完成
2025-08-19 22:07:56,418 - INFO - 处理进度 [665/11571]: sh600893
2025-08-19 22:07:56,430 - WARNING - sh880526 数据不足 (少于250天)，无法生成画像
2025-08-19 22:07:56,431 - INFO - 数据库初始化完成
2025-08-19 22:07:56,432 - INFO - 处理进度 [666/11571]: sh880526
2025-08-19 22:07:57,343 - WARNING - 差分进化优化失败，使用默认参数
2025-08-19 22:07:57,343 - ERROR - sh600326 参数优化失败，使用默认参数回退
2025-08-19 22:07:57,357 - WARNING - 股票 sh600326 不存在于观察池中
2025-08-19 22:07:57,358 - INFO - 数据库初始化完成
2025-08-19 22:07:57,358 - INFO - 处理进度 [667/11571]: sh600326
2025-08-19 22:07:57,608 - WARNING - 股票 sh688212 不存在于观察池中
2025-08-19 22:07:57,608 - INFO - 数据库初始化完成
2025-08-19 22:07:57,609 - INFO - 处理进度 [668/11571]: sh688212
2025-08-19 22:09:34,692 - WARNING - 差分进化优化失败，使用默认参数
2025-08-19 22:09:34,692 - ERROR - sh600156 参数优化失败，使用默认参数回退
2025-08-19 22:09:34,705 - WARNING - 股票 sh600156 不存在于观察池中
2025-08-19 22:09:34,706 - INFO - 数据库初始化完成
2025-08-19 22:09:34,706 - INFO - 处理进度 [669/11571]: sh600156
2025-08-19 22:09:34,718 - WARNING - sh560280 数据不足 (少于250天)，无法生成画像
2025-08-19 22:09:34,719 - INFO - 数据库初始化完成
2025-08-19 22:09:34,719 - INFO - 处理进度 [670/11571]: sh560280
2025-08-19 22:10:05,754 - WARNING - 股票 sh880898 不存在于观察池中
2025-08-19 22:10:05,755 - INFO - 处理进度 [671/11571]: sh880898
2025-08-19 22:10:05,756 - INFO - 数据库初始化完成
2025-08-19 22:10:06,765 - WARNING - 股票 sh508058 不存在于观察池中
2025-08-19 22:10:06,766 - INFO - 数据库初始化完成
2025-08-19 22:10:06,767 - INFO - 处理进度 [672/11571]: sh508058
2025-08-19 22:10:08,881 - WARNING - 差分进化优化失败，使用默认参数
2025-08-19 22:10:08,882 - ERROR - sh880369 参数优化失败，使用默认参数回退
2025-08-19 22:10:08,895 - WARNING - 股票 sh880369 不存在于观察池中
2025-08-19 22:10:08,896 - INFO - 数据库初始化完成
2025-08-19 22:10:08,896 - INFO - 处理进度 [673/11571]: sh880369
2025-08-19 22:10:19,950 - WARNING - 股票 sh880867 不存在于观察池中
2025-08-19 22:10:19,951 - INFO - 数据库初始化完成
2025-08-19 22:10:19,952 - INFO - 处理进度 [674/11571]: sh880867
2025-08-19 22:10:19,964 - WARNING - sh563020 数据不足 (少于250天)，无法生成画像
2025-08-19 22:10:19,965 - INFO - 处理进度 [675/11571]: sh563020
2025-08-19 22:10:19,966 - INFO - 数据库初始化完成
2025-08-19 22:10:28,160 - WARNING - 差分进化优化失败，使用默认参数
2025-08-19 22:10:28,161 - ERROR - sh113064 参数优化失败，使用默认参数回退
2025-08-19 22:10:28,175 - WARNING - 股票 sh113064 不存在于观察池中
2025-08-19 22:10:28,176 - INFO - 处理进度 [676/11571]: sh113064
2025-08-19 22:10:28,176 - INFO - 数据库初始化完成
2025-08-19 22:10:44,440 - WARNING - 股票 sh880806 不存在于观察池中
2025-08-19 22:10:44,441 - INFO - 数据库初始化完成
2025-08-19 22:10:44,441 - INFO - 处理进度 [677/11571]: sh880806
2025-08-19 22:10:50,246 - WARNING - 股票 sh880730 不存在于观察池中
2025-08-19 22:10:50,248 - INFO - 数据库初始化完成
2025-08-19 22:10:50,251 - INFO - 处理进度 [678/11571]: sh880730
2025-08-19 22:11:21,047 - WARNING - 差分进化优化失败，使用默认参数
2025-08-19 22:11:21,047 - ERROR - sh603739 参数优化失败，使用默认参数回退
2025-08-19 22:11:21,057 - WARNING - 股票 sh603739 不存在于观察池中
2025-08-19 22:11:21,057 - INFO - 处理进度 [679/11571]: sh603739
2025-08-19 22:11:21,057 - INFO - 数据库初始化完成
2025-08-19 22:11:32,462 - WARNING - 股票 sh512660 不存在于观察池中
2025-08-19 22:11:32,463 - INFO - 处理进度 [680/11571]: sh512660
2025-08-19 22:11:32,463 - INFO - 数据库初始化完成
2025-08-19 22:11:39,821 - WARNING - 股票 sh880361 不存在于观察池中
2025-08-19 22:11:39,822 - INFO - 数据库初始化完成
2025-08-19 22:11:39,823 - INFO - 处理进度 [681/11571]: sh880361
2025-08-19 22:11:40,170 - WARNING - 股票 sh603000 不存在于观察池中
2025-08-19 22:11:40,170 - INFO - 处理进度 [682/11571]: sh603000
2025-08-19 22:11:40,171 - INFO - 数据库初始化完成
2025-08-19 22:11:49,274 - WARNING - 差分进化优化失败，使用默认参数
2025-08-19 22:11:49,275 - ERROR - sh600168 参数优化失败，使用默认参数回退
2025-08-19 22:11:49,288 - WARNING - 股票 sh600168 不存在于观察池中
2025-08-19 22:11:49,289 - INFO - 处理进度 [683/11571]: sh600168
2025-08-19 22:11:49,289 - INFO - 数据库初始化完成
2025-08-19 22:12:00,005 - WARNING - 股票 sh603408 不存在于观察池中
2025-08-19 22:12:00,006 - INFO - 数据库初始化完成
2025-08-19 22:12:00,007 - INFO - 处理进度 [684/11571]: sh603408
2025-08-19 22:12:02,689 - WARNING - 股票 sh880330 不存在于观察池中
2025-08-19 22:12:02,690 - INFO - 处理进度 [685/11571]: sh880330
2025-08-19 22:12:02,690 - INFO - 数据库初始化完成
2025-08-19 22:12:16,494 - WARNING - 股票 sh688085 不存在于观察池中
2025-08-19 22:12:16,495 - INFO - 数据库初始化完成
2025-08-19 22:12:16,496 - INFO - 处理进度 [686/11571]: sh688085
2025-08-19 22:12:22,551 - WARNING - 股票 sh601187 不存在于观察池中
2025-08-19 22:12:22,553 - INFO - 数据库初始化完成
2025-08-19 22:12:22,554 - INFO - 处理进度 [687/11571]: sh601187
2025-08-19 22:12:34,013 - WARNING - 股票 sh881295 不存在于观察池中
2025-08-19 22:12:34,013 - INFO - 数据库初始化完成
2025-08-19 22:12:34,014 - INFO - 处理进度 [688/11571]: sh881295
2025-08-19 22:12:34,016 - WARNING - sh510320 数据不足 (少于250天)，无法生成画像
2025-08-19 22:12:34,017 - INFO - 数据库初始化完成
2025-08-19 22:12:34,017 - INFO - 处理进度 [689/11571]: sh510320
2025-08-19 22:12:37,449 - WARNING - 股票 sh880442 不存在于观察池中
2025-08-19 22:12:37,450 - INFO - 数据库初始化完成
2025-08-19 22:12:37,450 - INFO - 处理进度 [690/11571]: sh880442
2025-08-19 22:12:40,738 - WARNING - 股票 sh603466 不存在于观察池中
2025-08-19 22:12:40,738 - INFO - 处理进度 [691/11571]: sh603466
2025-08-19 22:12:40,739 - INFO - 数据库初始化完成
2025-08-19 22:12:50,673 - WARNING - 股票 sh600590 不存在于观察池中
2025-08-19 22:12:50,674 - INFO - 数据库初始化完成
2025-08-19 22:12:50,674 - INFO - 处理进度 [692/11571]: sh600590
2025-08-19 22:13:11,688 - WARNING - 股票 sh880474 不存在于观察池中
2025-08-19 22:13:11,689 - INFO - 数据库初始化完成
2025-08-19 22:13:11,689 - INFO - 处理进度 [693/11571]: sh880474
2025-08-19 22:13:23,559 - WARNING - 股票 sh600103 不存在于观察池中
2025-08-19 22:13:23,560 - INFO - 处理进度 [694/11571]: sh600103
2025-08-19 22:13:23,560 - INFO - 数据库初始化完成
2025-08-19 22:13:31,854 - WARNING - 股票 sh600483 不存在于观察池中
2025-08-19 22:13:31,855 - INFO - 处理进度 [695/11571]: sh600483
2025-08-19 22:13:31,855 - INFO - 数据库初始化完成
2025-08-19 22:13:45,434 - WARNING - 股票 sh506002 不存在于观察池中
2025-08-19 22:13:45,435 - INFO - 数据库初始化完成
2025-08-19 22:13:45,436 - INFO - 处理进度 [696/11571]: sh506002
2025-08-19 22:14:15,680 - WARNING - 差分进化优化失败，使用默认参数
2025-08-19 22:14:15,681 - ERROR - sh600056 参数优化失败，使用默认参数回退
2025-08-19 22:14:15,694 - WARNING - 股票 sh600056 不存在于观察池中
2025-08-19 22:14:15,695 - INFO - 数据库初始化完成
2025-08-19 22:14:15,695 - INFO - 处理进度 [697/11571]: sh600056
2025-08-19 22:14:15,709 - WARNING - sh588900 数据不足 (少于250天)，无法生成画像
2025-08-19 22:14:15,710 - INFO - 数据库初始化完成
2025-08-19 22:14:15,710 - INFO - 处理进度 [698/11571]: sh588900
2025-08-19 22:14:39,323 - WARNING - 差分进化优化失败，使用默认参数
2025-08-19 22:14:39,323 - ERROR - sh601068 参数优化失败，使用默认参数回退
2025-08-19 22:14:39,337 - WARNING - 股票 sh601068 不存在于观察池中
2025-08-19 22:14:39,337 - INFO - 处理进度 [699/11571]: sh601068
2025-08-19 22:14:39,338 - INFO - 数据库初始化完成
2025-08-19 22:15:06,431 - WARNING - 股票 sh881059 不存在于观察池中
2025-08-19 22:15:06,432 - INFO - 数据库初始化完成
2025-08-19 22:15:06,432 - INFO - 处理进度 [700/11571]: sh881059
2025-08-19 22:15:27,649 - WARNING - 差分进化优化失败，使用默认参数
2025-08-19 22:15:27,650 - ERROR - sh600640 参数优化失败，使用默认参数回退
2025-08-19 22:15:27,674 - WARNING - 股票 sh600640 不存在于观察池中
2025-08-19 22:15:27,674 - INFO - 处理进度 [701/11571]: sh600640
2025-08-19 22:15:27,677 - INFO - 数据库初始化完成
2025-08-19 22:15:33,120 - WARNING - 股票 sh603508 不存在于观察池中
2025-08-19 22:15:33,122 - INFO - 数据库初始化完成
2025-08-19 22:15:33,122 - INFO - 处理进度 [702/11571]: sh603508
2025-08-19 22:16:25,737 - WARNING - 股票 sh688171 不存在于观察池中
2025-08-19 22:16:25,738 - INFO - 数据库初始化完成
2025-08-19 22:16:25,738 - INFO - 处理进度 [703/11571]: sh688171
2025-08-19 22:16:30,771 - WARNING - 股票 sh516080 不存在于观察池中
2025-08-19 22:16:30,772 - INFO - 数据库初始化完成
2025-08-19 22:16:30,772 - INFO - 处理进度 [704/11571]: sh516080
2025-08-19 22:16:34,369 - WARNING - 股票 sh880738 不存在于观察池中
2025-08-19 22:16:34,370 - INFO - 处理进度 [705/11571]: sh880738
2025-08-19 22:16:34,370 - INFO - 数据库初始化完成
2025-08-19 22:16:39,898 - WARNING - 股票 sh600063 不存在于观察池中
2025-08-19 22:16:39,899 - INFO - 数据库初始化完成
2025-08-19 22:16:39,901 - INFO - 处理进度 [706/11571]: sh600063
2025-08-19 22:16:46,293 - WARNING - 股票 sh510410 不存在于观察池中
2025-08-19 22:16:46,294 - INFO - 处理进度 [707/11571]: sh510410
2025-08-19 22:16:46,294 - INFO - 数据库初始化完成
2025-08-19 22:16:54,493 - WARNING - 股票 sh600531 不存在于观察池中
2025-08-19 22:16:54,494 - INFO - 处理进度 [708/11571]: sh600531
2025-08-19 22:16:54,494 - INFO - 数据库初始化完成
2025-08-19 22:17:17,898 - WARNING - 股票 sh605151 不存在于观察池中
2025-08-19 22:17:17,899 - INFO - 处理进度 [709/11571]: sh605151
2025-08-19 22:17:17,899 - INFO - 数据库初始化完成
2025-08-19 22:18:11,079 - WARNING - 股票 sh880003 不存在于观察池中
2025-08-19 22:18:11,080 - INFO - 处理进度 [710/11571]: sh880003
2025-08-19 22:18:11,080 - INFO - 数据库初始化完成
2025-08-19 22:18:19,335 - WARNING - 股票 sh880492 不存在于观察池中
2025-08-19 22:18:19,335 - INFO - 处理进度 [711/11571]: sh880492
2025-08-19 22:18:19,336 - INFO - 数据库初始化完成
2025-08-19 22:18:38,275 - WARNING - 股票 sh110092 不存在于观察池中
2025-08-19 22:18:38,276 - INFO - 数据库初始化完成
2025-08-19 22:18:38,276 - INFO - 处理进度 [712/11571]: sh110092
2025-08-19 22:18:59,057 - WARNING - 股票 sh688071 不存在于观察池中
2025-08-19 22:18:59,058 - INFO - 处理进度 [713/11571]: sh688071
2025-08-19 22:18:59,058 - INFO - 数据库初始化完成
2025-08-19 22:18:59,070 - WARNING - sh688757 数据不足 (少于250天)，无法生成画像
2025-08-19 22:18:59,070 - INFO - 处理进度 [714/11571]: sh688757
2025-08-19 22:18:59,070 - INFO - 数据库初始化完成
2025-08-19 22:19:01,503 - WARNING - 股票 sh688366 不存在于观察池中
2025-08-19 22:19:01,504 - INFO - 数据库初始化完成
2025-08-19 22:19:01,504 - INFO - 处理进度 [715/11571]: sh688366
2025-08-19 22:19:04,851 - WARNING - 股票 sh516790 不存在于观察池中
2025-08-19 22:19:04,852 - INFO - 数据库初始化完成
2025-08-19 22:19:04,853 - INFO - 处理进度 [716/11571]: sh516790
2025-08-19 22:19:08,940 - WARNING - 股票 sh880203 不存在于观察池中
2025-08-19 22:19:08,941 - INFO - 数据库初始化完成
2025-08-19 22:19:08,942 - INFO - 处理进度 [717/11571]: sh880203
2025-08-19 22:19:15,729 - WARNING - 股票 sh688367 不存在于观察池中
2025-08-19 22:19:15,730 - INFO - 处理进度 [718/11571]: sh688367
2025-08-19 22:19:15,731 - INFO - 数据库初始化完成
2025-08-19 22:19:17,165 - WARNING - 股票 sh880971 不存在于观察池中
2025-08-19 22:19:17,166 - INFO - 数据库初始化完成
2025-08-19 22:19:17,167 - INFO - 处理进度 [719/11571]: sh880971
2025-08-19 22:19:25,433 - WARNING - 股票 sh600661 不存在于观察池中
2025-08-19 22:19:25,434 - INFO - 处理进度 [720/11571]: sh600661
2025-08-19 22:19:25,434 - INFO - 数据库初始化完成
2025-08-19 22:19:25,463 - WARNING - sh688629 数据不足 (少于250天)，无法生成画像
2025-08-19 22:19:25,464 - INFO - 处理进度 [721/11571]: sh688629
2025-08-19 22:19:25,464 - INFO - 数据库初始化完成
2025-08-19 22:19:26,389 - WARNING - 股票 sh600498 不存在于观察池中
2025-08-19 22:19:26,390 - INFO - 处理进度 [722/11571]: sh600498
2025-08-19 22:19:26,390 - INFO - 数据库初始化完成
2025-08-19 22:19:29,124 - WARNING - 股票 sh880584 不存在于观察池中
2025-08-19 22:19:29,125 - INFO - 数据库初始化完成
2025-08-19 22:19:29,125 - INFO - 处理进度 [723/11571]: sh880584
2025-08-19 22:19:35,388 - WARNING - 股票 sh688068 不存在于观察池中
2025-08-19 22:19:35,389 - INFO - 数据库初始化完成
2025-08-19 22:19:35,389 - INFO - 处理进度 [724/11571]: sh688068
2025-08-19 22:19:38,438 - WARNING - 股票 sh513000 不存在于观察池中
2025-08-19 22:19:38,439 - INFO - 处理进度 [725/11571]: sh513000
2025-08-19 22:19:38,439 - INFO - 数据库初始化完成
2025-08-19 22:19:45,123 - WARNING - 股票 sh601005 不存在于观察池中
2025-08-19 22:19:45,124 - INFO - 处理进度 [726/11571]: sh601005
2025-08-19 22:19:45,124 - INFO - 数据库初始化完成
2025-08-19 22:20:19,403 - WARNING - 差分进化优化失败，使用默认参数
2025-08-19 22:20:19,403 - ERROR - sh118012 参数优化失败，使用默认参数回退
2025-08-19 22:20:19,417 - WARNING - 股票 sh118012 不存在于观察池中
2025-08-19 22:20:19,418 - INFO - 数据库初始化完成
2025-08-19 22:20:19,418 - INFO - 处理进度 [727/11571]: sh118012
2025-08-19 22:20:47,083 - WARNING - 股票 sh113644 不存在于观察池中
2025-08-19 22:20:47,084 - INFO - 处理进度 [728/11571]: sh113644
2025-08-19 22:20:47,084 - INFO - 数据库初始化完成
2025-08-19 22:20:52,817 - WARNING - 股票 sh603609 不存在于观察池中
2025-08-19 22:20:52,818 - INFO - 数据库初始化完成
2025-08-19 22:20:52,818 - INFO - 处理进度 [729/11571]: sh603609
2025-08-19 22:20:52,830 - WARNING - sh880641 数据不足 (少于250天)，无法生成画像
2025-08-19 22:20:52,830 - INFO - 处理进度 [730/11571]: sh880641
2025-08-19 22:20:52,831 - INFO - 数据库初始化完成
2025-08-19 22:22:00,748 - WARNING - 股票 sh881011 不存在于观察池中
2025-08-19 22:22:00,748 - INFO - 数据库初始化完成
2025-08-19 22:22:00,748 - INFO - 处理进度 [731/11571]: sh881011
2025-08-19 22:22:35,564 - WARNING - 股票 sh560880 不存在于观察池中
2025-08-19 22:22:35,565 - INFO - 数据库初始化完成
2025-08-19 22:22:35,566 - INFO - 处理进度 [732/11571]: sh560880
2025-08-19 22:22:59,204 - WARNING - 差分进化优化失败，使用默认参数
2025-08-19 22:22:59,204 - ERROR - sh880816 参数优化失败，使用默认参数回退
2025-08-19 22:22:59,218 - WARNING - 股票 sh880816 不存在于观察池中
2025-08-19 22:22:59,219 - INFO - 处理进度 [733/11571]: sh880816
2025-08-19 22:22:59,219 - INFO - 数据库初始化完成
2025-08-19 22:23:02,810 - WARNING - 股票 sh603009 不存在于观察池中
2025-08-19 22:23:02,811 - INFO - 数据库初始化完成
2025-08-19 22:23:02,814 - INFO - 处理进度 [734/11571]: sh603009
2025-08-19 22:23:02,941 - WARNING - 股票 sh880229 不存在于观察池中
2025-08-19 22:23:02,942 - INFO - 处理进度 [735/11571]: sh880229
2025-08-19 22:23:02,942 - INFO - 数据库初始化完成
2025-08-19 22:23:02,944 - WARNING - sh561870 数据不足 (少于250天)，无法生成画像
2025-08-19 22:23:02,944 - INFO - 处理进度 [736/11571]: sh561870
2025-08-19 22:23:02,944 - INFO - 数据库初始化完成
2025-08-19 22:23:11,976 - WARNING - 股票 sh601158 不存在于观察池中
2025-08-19 22:23:11,977 - INFO - 处理进度 [737/11571]: sh601158
2025-08-19 22:23:11,977 - INFO - 数据库初始化完成
2025-08-19 22:23:13,689 - WARNING - 股票 sh517350 不存在于观察池中
2025-08-19 22:23:13,716 - INFO - 数据库初始化完成
2025-08-19 22:23:13,720 - INFO - 处理进度 [738/11571]: sh517350
2025-08-19 22:23:26,703 - WARNING - 差分进化优化失败，使用默认参数
2025-08-19 22:23:26,703 - ERROR - sh881041 参数优化失败，使用默认参数回退
2025-08-19 22:23:26,716 - WARNING - 股票 sh881041 不存在于观察池中
2025-08-19 22:23:26,717 - INFO - 处理进度 [739/11571]: sh881041
2025-08-19 22:23:26,718 - INFO - 数据库初始化完成
2025-08-19 22:23:26,730 - WARNING - sh601033 数据不足 (少于250天)，无法生成画像
2025-08-19 22:23:26,731 - INFO - 数据库初始化完成
2025-08-19 22:23:26,731 - INFO - 处理进度 [740/11571]: sh601033
2025-08-19 22:23:28,114 - WARNING - 差分进化优化失败，使用默认参数
2025-08-19 22:23:28,115 - ERROR - sh880851 参数优化失败，使用默认参数回退
2025-08-19 22:23:28,128 - WARNING - 股票 sh880851 不存在于观察池中
2025-08-19 22:23:28,129 - INFO - 数据库初始化完成
2025-08-19 22:23:28,129 - INFO - 处理进度 [741/11571]: sh880851
2025-08-19 22:23:34,884 - WARNING - 股票 sh880205 不存在于观察池中
2025-08-19 22:23:34,885 - INFO - 处理进度 [742/11571]: sh880205
2025-08-19 22:23:34,885 - INFO - 数据库初始化完成
2025-08-19 22:23:34,898 - WARNING - sh513040 数据不足 (少于250天)，无法生成画像
2025-08-19 22:23:34,899 - INFO - 数据库初始化完成
2025-08-19 22:23:34,899 - INFO - 处理进度 [743/11571]: sh513040
2025-08-19 22:23:50,888 - WARNING - 股票 sh880639 不存在于观察池中
2025-08-19 22:23:50,889 - INFO - 处理进度 [744/11571]: sh880639
2025-08-19 22:23:50,889 - INFO - 数据库初始化完成
2025-08-19 22:25:09,019 - WARNING - 股票 sh688506 不存在于观察池中
2025-08-19 22:25:09,020 - INFO - 数据库初始化完成
2025-08-19 22:25:09,020 - INFO - 处理进度 [745/11571]: sh688506
2025-08-19 22:25:35,388 - WARNING - 股票 sh561190 不存在于观察池中
2025-08-19 22:25:35,389 - INFO - 处理进度 [746/11571]: sh561190
2025-08-19 22:25:35,389 - INFO - 数据库初始化完成
2025-08-19 22:25:47,083 - WARNING - 股票 sh605100 不存在于观察池中
2025-08-19 22:25:47,084 - INFO - 数据库初始化完成
2025-08-19 22:25:47,084 - INFO - 处理进度 [747/11571]: sh605100
2025-08-19 22:25:47,706 - WARNING - 股票 sh603955 不存在于观察池中
2025-08-19 22:25:47,708 - INFO - 数据库初始化完成
2025-08-19 22:25:47,709 - INFO - 处理进度 [748/11571]: sh603955
2025-08-19 22:25:51,294 - WARNING - 股票 sh562530 不存在于观察池中
2025-08-19 22:25:51,295 - INFO - 数据库初始化完成
2025-08-19 22:25:51,295 - INFO - 处理进度 [749/11571]: sh562530
2025-08-19 22:26:07,810 - WARNING - 股票 sh113052 不存在于观察池中
2025-08-19 22:26:07,812 - INFO - 数据库初始化完成
2025-08-19 22:26:07,812 - INFO - 处理进度 [750/11571]: sh113052
2025-08-19 22:26:08,819 - WARNING - 股票 sh601929 不存在于观察池中
2025-08-19 22:26:08,820 - INFO - 数据库初始化完成
2025-08-19 22:26:08,820 - INFO - 处理进度 [751/11571]: sh601929
2025-08-19 22:26:39,406 - WARNING - 股票 sh880847 不存在于观察池中
2025-08-19 22:26:39,407 - INFO - 处理进度 [752/11571]: sh880847
2025-08-19 22:26:39,407 - INFO - 数据库初始化完成
2025-08-19 22:27:05,798 - WARNING - 股票 sh880466 不存在于观察池中
2025-08-19 22:27:05,799 - INFO - 处理进度 [753/11571]: sh880466
2025-08-19 22:27:05,799 - INFO - 数据库初始化完成
2025-08-19 22:27:09,824 - WARNING - 股票 sh880929 不存在于观察池中
2025-08-19 22:27:09,824 - INFO - 数据库初始化完成
2025-08-19 22:27:09,825 - INFO - 处理进度 [754/11571]: sh880929
2025-08-19 22:27:26,726 - WARNING - 股票 sh000987 不存在于观察池中
2025-08-19 22:27:26,727 - INFO - 处理进度 [755/11571]: sh000987
2025-08-19 22:27:26,727 - INFO - 数据库初始化完成
2025-08-19 22:27:27,936 - WARNING - 差分进化优化失败，使用默认参数
2025-08-19 22:27:27,937 - ERROR - sh000993 参数优化失败，使用默认参数回退
2025-08-19 22:27:27,951 - WARNING - 股票 sh000993 不存在于观察池中
2025-08-19 22:27:27,952 - INFO - 数据库初始化完成
2025-08-19 22:27:27,952 - INFO - 处理进度 [756/11571]: sh000993
2025-08-19 22:28:05,087 - WARNING - 股票 sh600703 不存在于观察池中
2025-08-19 22:28:05,087 - INFO - 数据库初始化完成
2025-08-19 22:28:05,089 - INFO - 处理进度 [757/11571]: sh600703
2025-08-19 22:28:05,098 - WARNING - sh113691 数据不足 (少于250天)，无法生成画像
2025-08-19 22:28:05,098 - INFO - 处理进度 [758/11571]: sh113691
2025-08-19 22:28:05,099 - INFO - 数据库初始化完成
2025-08-19 22:28:08,492 - WARNING - 股票 sh113579 不存在于观察池中
2025-08-19 22:28:08,492 - INFO - 处理进度 [759/11571]: sh113579
2025-08-19 22:28:08,492 - INFO - 数据库初始化完成
2025-08-19 22:28:17,719 - WARNING - 股票 sh603321 不存在于观察池中
2025-08-19 22:28:17,720 - INFO - 处理进度 [760/11571]: sh603321
2025-08-19 22:28:17,720 - INFO - 数据库初始化完成
2025-08-19 22:28:28,783 - WARNING - 差分进化优化失败，使用默认参数
2025-08-19 22:28:28,784 - ERROR - sh880635 参数优化失败，使用默认参数回退
2025-08-19 22:28:28,797 - WARNING - 股票 sh880635 不存在于观察池中
2025-08-19 22:28:28,798 - INFO - 处理进度 [761/11571]: sh880635
2025-08-19 22:28:28,798 - INFO - 数据库初始化完成
2025-08-19 22:28:36,264 - WARNING - 股票 sh688479 不存在于观察池中
2025-08-19 22:28:36,265 - INFO - 处理进度 [762/11571]: sh688479
2025-08-19 22:28:36,265 - INFO - 数据库初始化完成
2025-08-19 22:28:45,683 - WARNING - 股票 sh881218 不存在于观察池中
2025-08-19 22:28:45,684 - INFO - 数据库初始化完成
2025-08-19 22:28:45,684 - INFO - 处理进度 [763/11571]: sh881218
2025-08-19 22:28:58,826 - WARNING - 股票 sh688220 不存在于观察池中
2025-08-19 22:28:58,826 - INFO - 处理进度 [764/11571]: sh688220
2025-08-19 22:28:58,827 - INFO - 数据库初始化完成
2025-08-19 22:29:02,894 - WARNING - 股票 sh881372 不存在于观察池中
2025-08-19 22:29:02,894 - INFO - 处理进度 [765/11571]: sh881372
2025-08-19 22:29:02,895 - INFO - 数据库初始化完成
2025-08-19 22:29:02,915 - WARNING - sh688591 数据不足 (少于250天)，无法生成画像
2025-08-19 22:29:02,915 - INFO - 数据库初始化完成
2025-08-19 22:29:02,916 - INFO - 处理进度 [766/11571]: sh688591
2025-08-19 22:29:03,221 - WARNING - 股票 sh603196 不存在于观察池中
2025-08-19 22:29:03,222 - INFO - 处理进度 [767/11571]: sh603196
2025-08-19 22:29:03,222 - INFO - 数据库初始化完成
2025-08-19 22:29:03,224 - WARNING - sh561080 数据不足 (少于250天)，无法生成画像
2025-08-19 22:29:03,224 - INFO - 数据库初始化完成
2025-08-19 22:29:03,224 - INFO - 处理进度 [768/11571]: sh561080
2025-08-19 22:29:18,006 - WARNING - 股票 sh880209 不存在于观察池中
2025-08-19 22:29:18,007 - INFO - 数据库初始化完成
2025-08-19 22:29:18,010 - INFO - 处理进度 [769/11571]: sh880209
2025-08-19 22:29:18,026 - WARNING - sh688592 数据不足 (少于250天)，无法生成画像
2025-08-19 22:29:18,027 - INFO - 数据库初始化完成
2025-08-19 22:29:18,027 - INFO - 处理进度 [770/11571]: sh688592
2025-08-19 22:29:38,457 - WARNING - 股票 sh880576 不存在于观察池中
2025-08-19 22:29:38,458 - INFO - 处理进度 [771/11571]: sh880576
2025-08-19 22:29:38,458 - INFO - 数据库初始化完成
2025-08-19 22:29:54,689 - WARNING - 差分进化优化失败，使用默认参数
2025-08-19 22:29:54,690 - ERROR - sh600909 参数优化失败，使用默认参数回退
2025-08-19 22:29:54,703 - WARNING - 股票 sh600909 不存在于观察池中
2025-08-19 22:29:54,704 - INFO - 数据库初始化完成
2025-08-19 22:29:54,704 - INFO - 处理进度 [772/11571]: sh600909
2025-08-19 22:30:30,232 - WARNING - 差分进化优化失败，使用默认参数
2025-08-19 22:30:30,232 - ERROR - sh688315 参数优化失败，使用默认参数回退
2025-08-19 22:30:30,246 - WARNING - 股票 sh688315 不存在于观察池中
2025-08-19 22:30:30,247 - INFO - 数据库初始化完成
2025-08-19 22:30:30,247 - INFO - 处理进度 [773/11571]: sh688315
2025-08-19 22:30:46,016 - WARNING - 股票 sh562300 不存在于观察池中
2025-08-19 22:30:46,017 - INFO - 数据库初始化完成
2025-08-19 22:30:46,017 - INFO - 处理进度 [774/11571]: sh562300
2025-08-19 22:31:33,513 - WARNING - 股票 sh603052 不存在于观察池中
2025-08-19 22:31:33,514 - INFO - 数据库初始化完成
2025-08-19 22:31:33,514 - INFO - 处理进度 [775/11571]: sh603052
2025-08-19 22:31:33,750 - WARNING - 股票 sh880308 不存在于观察池中
2025-08-19 22:31:33,751 - INFO - 数据库初始化完成
2025-08-19 22:31:33,751 - INFO - 处理进度 [776/11571]: sh880308
2025-08-19 22:31:33,762 - WARNING - sh880685 数据不足 (少于250天)，无法生成画像
2025-08-19 22:31:33,763 - INFO - 数据库初始化完成
2025-08-19 22:31:33,764 - INFO - 处理进度 [777/11571]: sh880685
2025-08-19 22:31:58,504 - WARNING - 股票 sh600372 不存在于观察池中
2025-08-19 22:31:58,505 - INFO - 处理进度 [778/11571]: sh600372
2025-08-19 22:31:58,505 - INFO - 数据库初始化完成
2025-08-19 22:32:19,484 - WARNING - 差分进化优化失败，使用默认参数
2025-08-19 22:32:19,485 - ERROR - sh688109 参数优化失败，使用默认参数回退
2025-08-19 22:32:19,499 - WARNING - 股票 sh688109 不存在于观察池中
2025-08-19 22:32:19,500 - INFO - 数据库初始化完成
2025-08-19 22:32:19,500 - INFO - 处理进度 [779/11571]: sh688109
2025-08-19 22:32:19,502 - WARNING - sh561770 数据不足 (少于250天)，无法生成画像
2025-08-19 22:32:19,503 - INFO - 处理进度 [780/11571]: sh561770
2025-08-19 22:32:19,503 - INFO - 数据库初始化完成
2025-08-19 22:32:36,403 - WARNING - 股票 sh113059 不存在于观察池中
2025-08-19 22:32:36,404 - INFO - 数据库初始化完成
2025-08-19 22:32:36,404 - INFO - 处理进度 [781/11571]: sh113059
2025-08-19 22:32:36,416 - WARNING - sh588760 数据不足 (少于250天)，无法生成画像
2025-08-19 22:32:36,416 - INFO - 处理进度 [782/11571]: sh588760
2025-08-19 22:32:36,416 - INFO - 数据库初始化完成
2025-08-19 22:32:37,142 - WARNING - 股票 sh600243 不存在于观察池中
2025-08-19 22:32:37,143 - INFO - 处理进度 [783/11571]: sh600243
2025-08-19 22:32:37,143 - INFO - 数据库初始化完成
2025-08-19 22:33:11,846 - WARNING - 股票 sh880626 不存在于观察池中
2025-08-19 22:33:11,847 - INFO - 数据库初始化完成
2025-08-19 22:33:11,847 - INFO - 处理进度 [784/11571]: sh880626
2025-08-19 22:33:12,460 - WARNING - 股票 sh588050 不存在于观察池中
2025-08-19 22:33:12,460 - INFO - 数据库初始化完成
2025-08-19 22:33:12,461 - INFO - 处理进度 [785/11571]: sh588050
2025-08-19 22:33:50,229 - WARNING - 股票 sh118030 不存在于观察池中
2025-08-19 22:33:50,230 - INFO - 处理进度 [786/11571]: sh118030
2025-08-19 22:33:50,230 - INFO - 数据库初始化完成
2025-08-19 22:34:48,694 - WARNING - 股票 sh600191 不存在于观察池中
2025-08-19 22:34:48,695 - INFO - 数据库初始化完成
2025-08-19 22:34:48,696 - INFO - 处理进度 [787/11571]: sh600191
2025-08-19 22:34:52,908 - WARNING - 股票 sh601665 不存在于观察池中
2025-08-19 22:34:52,909 - INFO - 处理进度 [788/11571]: sh601665
2025-08-19 22:34:52,910 - INFO - 数据库初始化完成
2025-08-19 22:35:14,356 - WARNING - 股票 sh118008 不存在于观察池中
2025-08-19 22:35:14,358 - INFO - 数据库初始化完成
2025-08-19 22:35:14,358 - INFO - 处理进度 [789/11571]: sh118008
2025-08-19 22:35:21,032 - WARNING - 股票 sh881141 不存在于观察池中
2025-08-19 22:35:21,033 - INFO - 处理进度 [790/11571]: sh881141
2025-08-19 22:35:21,033 - INFO - 数据库初始化完成
2025-08-19 22:35:29,979 - WARNING - 差分进化优化失败，使用默认参数
2025-08-19 22:35:29,980 - ERROR - sh881344 参数优化失败，使用默认参数回退
2025-08-19 22:35:29,993 - WARNING - 股票 sh881344 不存在于观察池中
2025-08-19 22:35:29,994 - INFO - 数据库初始化完成
2025-08-19 22:35:29,994 - INFO - 处理进度 [791/11571]: sh881344
2025-08-19 22:35:45,371 - WARNING - 股票 sh880843 不存在于观察池中
2025-08-19 22:35:45,371 - INFO - 处理进度 [792/11571]: sh880843
2025-08-19 22:35:45,372 - INFO - 数据库初始化完成
2025-08-19 22:35:55,562 - WARNING - 股票 sh880220 不存在于观察池中
2025-08-19 22:35:55,589 - INFO - 数据库初始化完成
2025-08-19 22:35:55,589 - INFO - 处理进度 [793/11571]: sh880220
2025-08-19 22:36:10,272 - WARNING - 股票 sh510190 不存在于观察池中
2025-08-19 22:36:10,273 - INFO - 处理进度 [794/11571]: sh510190
2025-08-19 22:36:10,274 - WARNING - 股票 sh881417 不存在于观察池中
2025-08-19 22:36:10,274 - INFO - 数据库初始化完成
2025-08-19 22:36:10,275 - INFO - 数据库初始化完成
2025-08-19 22:36:10,275 - INFO - 处理进度 [795/11571]: sh881417
2025-08-19 22:36:11,358 - WARNING - 股票 sh512750 不存在于观察池中
2025-08-19 22:36:11,359 - INFO - 处理进度 [796/11571]: sh512750
2025-08-19 22:36:11,359 - INFO - 数据库初始化完成
2025-08-19 22:36:12,032 - WARNING - 股票 sh881054 不存在于观察池中
2025-08-19 22:36:12,033 - INFO - 数据库初始化完成
2025-08-19 22:36:12,034 - INFO - 处理进度 [797/11571]: sh881054
2025-08-19 22:36:22,783 - WARNING - 股票 sh516060 不存在于观察池中
2025-08-19 22:36:22,784 - INFO - 处理进度 [798/11571]: sh516060
2025-08-19 22:36:22,784 - INFO - 数据库初始化完成
2025-08-19 22:36:25,866 - WARNING - 差分进化优化失败，使用默认参数
2025-08-19 22:36:25,866 - ERROR - sh688158 参数优化失败，使用默认参数回退
2025-08-19 22:36:25,880 - WARNING - 股票 sh688158 不存在于观察池中
2025-08-19 22:36:25,881 - INFO - 数据库初始化完成
2025-08-19 22:36:25,881 - INFO - 处理进度 [799/11571]: sh688158
2025-08-19 22:36:27,082 - WARNING - 股票 sh880585 不存在于观察池中
2025-08-19 22:36:27,083 - INFO - 数据库初始化完成
2025-08-19 22:36:27,083 - INFO - 处理进度 [800/11571]: sh880585
2025-08-19 22:36:42,488 - WARNING - 股票 sh601860 不存在于观察池中
2025-08-19 22:36:42,489 - INFO - 处理进度 [801/11571]: sh601860
2025-08-19 22:36:42,490 - INFO - 数据库初始化完成
2025-08-19 22:36:42,502 - WARNING - sh560590 数据不足 (少于250天)，无法生成画像
2025-08-19 22:36:42,502 - INFO - 处理进度 [802/11571]: sh560590
2025-08-19 22:36:42,503 - INFO - 数据库初始化完成
2025-08-19 22:36:47,164 - WARNING - 股票 sh510380 不存在于观察池中
2025-08-19 22:36:47,165 - INFO - 处理进度 [803/11571]: sh510380
2025-08-19 22:36:47,165 - INFO - 数据库初始化完成
2025-08-19 22:37:26,567 - WARNING - 股票 sh515170 不存在于观察池中
2025-08-19 22:37:26,568 - INFO - 数据库初始化完成
2025-08-19 22:37:26,569 - INFO - 处理进度 [804/11571]: sh515170
2025-08-19 22:37:26,580 - WARNING - sh118044 数据不足 (少于250天)，无法生成画像
2025-08-19 22:37:26,581 - INFO - 数据库初始化完成
2025-08-19 22:37:26,581 - INFO - 处理进度 [805/11571]: sh118044
2025-08-19 22:37:40,055 - WARNING - 股票 sh688143 不存在于观察池中
2025-08-19 22:37:40,081 - INFO - 处理进度 [806/11571]: sh688143
2025-08-19 22:37:40,081 - INFO - 数据库初始化完成
2025-08-19 22:37:47,729 - WARNING - 股票 sh600165 不存在于观察池中
2025-08-19 22:37:47,730 - INFO - 数据库初始化完成
2025-08-19 22:37:47,733 - INFO - 处理进度 [807/11571]: sh600165
2025-08-19 22:37:52,078 - WARNING - 差分进化优化失败，使用默认参数
2025-08-19 22:37:52,078 - ERROR - sh601311 参数优化失败，使用默认参数回退
2025-08-19 22:37:52,092 - WARNING - 股票 sh601311 不存在于观察池中
2025-08-19 22:37:52,092 - INFO - 数据库初始化完成
2025-08-19 22:37:52,093 - INFO - 处理进度 [808/11571]: sh601311
2025-08-19 22:37:56,490 - WARNING - 股票 sh600960 不存在于观察池中
2025-08-19 22:37:56,491 - INFO - 数据库初始化完成
2025-08-19 22:37:56,492 - INFO - 处理进度 [809/11571]: sh600960
2025-08-19 22:38:03,508 - WARNING - 股票 sh600410 不存在于观察池中
2025-08-19 22:38:03,508 - INFO - 处理进度 [810/11571]: sh600410
2025-08-19 22:38:03,509 - INFO - 数据库初始化完成
2025-08-19 22:38:19,438 - WARNING - 股票 sh688132 不存在于观察池中
2025-08-19 22:38:19,438 - INFO - 处理进度 [811/11571]: sh688132
2025-08-19 22:38:19,439 - INFO - 数据库初始化完成
2025-08-19 22:38:56,795 - WARNING - 股票 sh880801 不存在于观察池中
2025-08-19 22:38:56,796 - INFO - 数据库初始化完成
2025-08-19 22:38:56,796 - INFO - 处理进度 [812/11571]: sh880801
2025-08-19 22:38:59,204 - WARNING - 股票 sh603898 不存在于观察池中
2025-08-19 22:38:59,205 - INFO - 数据库初始化完成
2025-08-19 22:38:59,205 - INFO - 处理进度 [813/11571]: sh603898
2025-08-19 22:39:39,345 - WARNING - 股票 sh881052 不存在于观察池中
2025-08-19 22:39:39,346 - INFO - 处理进度 [814/11571]: sh881052
2025-08-19 22:39:39,346 - INFO - 数据库初始化完成
2025-08-19 22:39:47,909 - WARNING - 差分进化优化失败，使用默认参数
2025-08-19 22:39:47,910 - ERROR - sh688409 参数优化失败，使用默认参数回退
2025-08-19 22:39:47,923 - WARNING - 股票 sh688409 不存在于观察池中
2025-08-19 22:39:47,924 - INFO - 数据库初始化完成
2025-08-19 22:39:47,925 - INFO - 处理进度 [815/11571]: sh688409
2025-08-19 22:39:59,289 - WARNING - 股票 sh688630 不存在于观察池中
2025-08-19 22:39:59,289 - INFO - 处理进度 [816/11571]: sh688630
2025-08-19 22:39:59,290 - INFO - 数据库初始化完成
2025-08-19 22:40:26,212 - WARNING - 股票 sh688253 不存在于观察池中
2025-08-19 22:40:26,213 - INFO - 数据库初始化完成
2025-08-19 22:40:26,214 - INFO - 处理进度 [817/11571]: sh688253
2025-08-19 22:40:36,357 - WARNING - 股票 sh880616 不存在于观察池中
2025-08-19 22:40:36,358 - INFO - 处理进度 [818/11571]: sh880616
2025-08-19 22:40:36,358 - INFO - 数据库初始化完成
2025-08-19 22:40:45,884 - WARNING - 股票 sh113670 不存在于观察池中
2025-08-19 22:40:45,885 - INFO - 数据库初始化完成
2025-08-19 22:40:45,885 - INFO - 处理进度 [819/11571]: sh113670
2025-08-19 22:41:18,597 - WARNING - 股票 sh118027 不存在于观察池中
2025-08-19 22:41:18,598 - INFO - 处理进度 [820/11571]: sh118027
2025-08-19 22:41:18,598 - INFO - 数据库初始化完成
2025-08-19 22:41:32,876 - WARNING - 股票 sh881476 不存在于观察池中
2025-08-19 22:41:32,877 - INFO - 数据库初始化完成
2025-08-19 22:41:32,878 - INFO - 处理进度 [821/11571]: sh881476
2025-08-19 22:41:34,283 - WARNING - 股票 sh600288 不存在于观察池中
2025-08-19 22:41:34,283 - INFO - 数据库初始化完成
2025-08-19 22:41:34,284 - INFO - 处理进度 [822/11571]: sh600288
2025-08-19 22:41:37,375 - WARNING - 股票 sh516570 不存在于观察池中
2025-08-19 22:41:37,376 - INFO - 处理进度 [823/11571]: sh516570
2025-08-19 22:41:37,376 - INFO - 数据库初始化完成
2025-08-19 22:41:55,988 - WARNING - 股票 sh688148 不存在于观察池中
2025-08-19 22:41:55,988 - INFO - 数据库初始化完成
2025-08-19 22:41:55,989 - INFO - 处理进度 [824/11571]: sh688148
2025-08-19 22:42:33,551 - WARNING - 股票 sh600846 不存在于观察池中
2025-08-19 22:42:33,552 - INFO - 处理进度 [825/11571]: sh600846
2025-08-19 22:42:33,552 - INFO - 数据库初始化完成
2025-08-19 22:42:40,618 - WARNING - 股票 sh603727 不存在于观察池中
2025-08-19 22:42:40,618 - INFO - 数据库初始化完成
2025-08-19 22:42:40,619 - INFO - 处理进度 [826/11571]: sh603727
2025-08-19 22:42:53,008 - WARNING - 差分进化优化失败，使用默认参数
2025-08-19 22:42:53,009 - ERROR - sh600508 参数优化失败，使用默认参数回退
2025-08-19 22:42:53,023 - WARNING - 股票 sh600508 不存在于观察池中
2025-08-19 22:42:53,024 - INFO - 处理进度 [827/11571]: sh600508
2025-08-19 22:42:53,024 - INFO - 数据库初始化完成
2025-08-19 22:42:58,145 - WARNING - 股票 sh605499 不存在于观察池中
2025-08-19 22:42:58,146 - INFO - 数据库初始化完成
2025-08-19 22:42:58,147 - INFO - 处理进度 [828/11571]: sh605499
2025-08-19 22:42:58,148 - WARNING - sh588670 数据不足 (少于250天)，无法生成画像
2025-08-19 22:42:58,148 - INFO - 处理进度 [829/11571]: sh588670
2025-08-19 22:42:58,148 - INFO - 数据库初始化完成
2025-08-19 22:43:09,198 - WARNING - 股票 sh880335 不存在于观察池中
2025-08-19 22:43:09,206 - INFO - 数据库初始化完成
2025-08-19 22:43:09,206 - INFO - 处理进度 [830/11571]: sh880335
2025-08-19 22:43:35,708 - WARNING - 股票 sh560800 不存在于观察池中
2025-08-19 22:43:35,709 - INFO - 处理进度 [831/11571]: sh560800
2025-08-19 22:43:35,709 - INFO - 数据库初始化完成
2025-08-19 22:43:40,539 - WARNING - 股票 sh600903 不存在于观察池中
2025-08-19 22:43:40,540 - INFO - 数据库初始化完成
2025-08-19 22:43:40,540 - INFO - 处理进度 [832/11571]: sh600903
2025-08-19 22:43:44,786 - WARNING - 股票 sh605006 不存在于观察池中
2025-08-19 22:43:44,787 - INFO - 数据库初始化完成
2025-08-19 22:43:44,787 - INFO - 处理进度 [833/11571]: sh605006
2025-08-19 22:43:44,798 - WARNING - sh880732 数据不足 (少于250天)，无法生成画像
2025-08-19 22:43:44,798 - INFO - 处理进度 [834/11571]: sh880732
2025-08-19 22:43:44,799 - INFO - 数据库初始化完成
2025-08-19 22:43:45,265 - WARNING - 股票 sh513100 不存在于观察池中
2025-08-19 22:43:45,266 - INFO - 处理进度 [835/11571]: sh513100
2025-08-19 22:43:45,266 - INFO - 数据库初始化完成
2025-08-19 22:43:52,287 - WARNING - 股票 sh688160 不存在于观察池中
2025-08-19 22:43:52,288 - INFO - 数据库初始化完成
2025-08-19 22:43:52,289 - INFO - 处理进度 [836/11571]: sh688160
2025-08-19 22:43:52,895 - WARNING - 股票 sh600671 不存在于观察池中
2025-08-19 22:43:52,896 - INFO - 处理进度 [837/11571]: sh600671
2025-08-19 22:43:52,896 - INFO - 数据库初始化完成
2025-08-19 22:44:15,428 - WARNING - 股票 sh605077 不存在于观察池中
2025-08-19 22:44:15,429 - INFO - 数据库初始化完成
2025-08-19 22:44:15,432 - INFO - 处理进度 [838/11571]: sh605077
2025-08-19 22:44:16,795 - WARNING - 股票 sh688426 不存在于观察池中
2025-08-19 22:44:16,796 - INFO - 处理进度 [839/11571]: sh688426
2025-08-19 22:44:16,796 - INFO - 数据库初始化完成
2025-08-19 22:44:46,836 - WARNING - 股票 sh603033 不存在于观察池中
2025-08-19 22:44:46,837 - INFO - 数据库初始化完成
2025-08-19 22:44:46,837 - INFO - 处理进度 [840/11571]: sh603033
2025-08-19 22:45:03,147 - WARNING - 股票 sh510650 不存在于观察池中
2025-08-19 22:45:03,148 - INFO - 数据库初始化完成
2025-08-19 22:45:03,148 - INFO - 处理进度 [841/11571]: sh510650
2025-08-19 22:45:07,537 - WARNING - 股票 sh603319 不存在于观察池中
2025-08-19 22:45:07,538 - INFO - 数据库初始化完成
2025-08-19 22:45:07,539 - INFO - 处理进度 [842/11571]: sh603319
2025-08-19 22:45:12,873 - WARNING - 股票 sh688701 不存在于观察池中
2025-08-19 22:45:12,874 - INFO - 处理进度 [843/11571]: sh688701
2025-08-19 22:45:12,874 - INFO - 数据库初始化完成
2025-08-19 22:45:17,181 - WARNING - 股票 sh603949 不存在于观察池中
2025-08-19 22:45:17,181 - INFO - 数据库初始化完成
2025-08-19 22:45:17,182 - INFO - 处理进度 [844/11571]: sh603949
2025-08-19 22:45:33,786 - WARNING - 股票 sh603301 不存在于观察池中
2025-08-19 22:45:33,787 - INFO - 处理进度 [845/11571]: sh603301
2025-08-19 22:45:33,787 - INFO - 数据库初始化完成
2025-08-19 22:45:51,054 - WARNING - 股票 sh601916 不存在于观察池中
2025-08-19 22:45:51,055 - INFO - 数据库初始化完成
2025-08-19 22:45:51,055 - INFO - 处理进度 [846/11571]: sh601916
2025-08-19 22:45:51,066 - WARNING - sh562600 数据不足 (少于250天)，无法生成画像
2025-08-19 22:45:51,067 - INFO - 数据库初始化完成
2025-08-19 22:45:51,068 - INFO - 处理进度 [847/11571]: sh562600
2025-08-19 22:46:11,501 - WARNING - 差分进化优化失败，使用默认参数
2025-08-19 22:46:11,501 - ERROR - sh688055 参数优化失败，使用默认参数回退
2025-08-19 22:46:11,515 - WARNING - 股票 sh688055 不存在于观察池中
2025-08-19 22:46:11,516 - INFO - 处理进度 [848/11571]: sh688055
2025-08-19 22:46:11,516 - INFO - 数据库初始化完成
2025-08-19 22:46:52,576 - WARNING - 股票 sh515900 不存在于观察池中
2025-08-19 22:46:52,577 - INFO - 数据库初始化完成
2025-08-19 22:46:52,578 - INFO - 处理进度 [849/11571]: sh515900
2025-08-19 22:46:52,591 - WARNING - sh603350 数据不足 (少于250天)，无法生成画像
2025-08-19 22:46:52,592 - INFO - 处理进度 [850/11571]: sh603350
2025-08-19 22:46:52,592 - INFO - 数据库初始化完成
2025-08-19 22:47:29,488 - WARNING - 股票 sh501087 不存在于观察池中
2025-08-19 22:47:29,489 - INFO - 数据库初始化完成
2025-08-19 22:47:29,489 - INFO - 处理进度 [851/11571]: sh501087
2025-08-19 22:47:41,066 - WARNING - 股票 sh688662 不存在于观察池中
2025-08-19 22:47:41,067 - INFO - 数据库初始化完成
2025-08-19 22:47:41,068 - INFO - 处理进度 [852/11571]: sh688662
2025-08-19 22:48:13,734 - WARNING - 股票 sh600596 不存在于观察池中
2025-08-19 22:48:13,735 - INFO - 数据库初始化完成
2025-08-19 22:48:13,735 - INFO - 处理进度 [853/11571]: sh600596
2025-08-19 22:48:21,314 - WARNING - 股票 sh516190 不存在于观察池中
2025-08-19 22:48:21,315 - INFO - 数据库初始化完成
2025-08-19 22:48:21,316 - INFO - 处理进度 [854/11571]: sh516190
2025-08-19 22:48:21,326 - WARNING - sh511160 数据不足 (少于250天)，无法生成画像
2025-08-19 22:48:21,326 - INFO - 处理进度 [855/11571]: sh511160
2025-08-19 22:48:21,326 - INFO - 数据库初始化完成
2025-08-19 22:48:22,829 - WARNING - 股票 sh600602 不存在于观察池中
2025-08-19 22:48:22,830 - INFO - 数据库初始化完成
2025-08-19 22:48:22,829 - INFO - 处理进度 [856/11571]: sh600602
2025-08-19 22:48:51,091 - WARNING - 股票 sh110082 不存在于观察池中
2025-08-19 22:48:51,091 - INFO - 处理进度 [857/11571]: sh110082
2025-08-19 22:48:51,092 - INFO - 数据库初始化完成
2025-08-19 22:48:57,579 - WARNING - 股票 sh688511 不存在于观察池中
2025-08-19 22:48:57,580 - INFO - 数据库初始化完成
2025-08-19 22:48:57,580 - INFO - 处理进度 [858/11571]: sh688511
2025-08-19 22:49:22,127 - WARNING - 股票 sh601000 不存在于观察池中
2025-08-19 22:49:22,128 - INFO - 处理进度 [859/11571]: sh601000
2025-08-19 22:49:22,128 - INFO - 数据库初始化完成
2025-08-19 22:49:36,137 - WARNING - 差分进化优化失败，使用默认参数
2025-08-19 22:49:36,137 - ERROR - sh603299 参数优化失败，使用默认参数回退
2025-08-19 22:49:36,151 - WARNING - 股票 sh603299 不存在于观察池中
2025-08-19 22:49:36,152 - INFO - 数据库初始化完成
2025-08-19 22:49:36,152 - INFO - 处理进度 [860/11571]: sh603299
2025-08-19 22:49:39,872 - WARNING - 股票 sh512720 不存在于观察池中
2025-08-19 22:49:39,873 - INFO - 处理进度 [861/11571]: sh512720
2025-08-19 22:49:39,873 - INFO - 数据库初始化完成
2025-08-19 22:49:42,854 - WARNING - 股票 sh501045 不存在于观察池中
2025-08-19 22:49:42,855 - INFO - 数据库初始化完成
2025-08-19 22:49:42,855 - INFO - 处理进度 [862/11571]: sh501045
2025-08-19 22:50:14,075 - WARNING - 差分进化优化失败，使用默认参数
2025-08-19 22:50:14,075 - ERROR - sh881064 参数优化失败，使用默认参数回退
2025-08-19 22:50:14,089 - WARNING - 股票 sh881064 不存在于观察池中
2025-08-19 22:50:14,090 - INFO - 处理进度 [863/11571]: sh881064
2025-08-19 22:50:14,090 - INFO - 数据库初始化完成
2025-08-19 22:50:36,561 - WARNING - 股票 sh688146 不存在于观察池中
2025-08-19 22:50:36,563 - INFO - 数据库初始化完成
2025-08-19 22:50:36,563 - INFO - 处理进度 [864/11571]: sh688146
2025-08-19 22:50:42,583 - WARNING - 股票 sh600905 不存在于观察池中
2025-08-19 22:50:42,584 - INFO - 处理进度 [865/11571]: sh600905
2025-08-19 22:50:42,585 - INFO - 数据库初始化完成
2025-08-19 22:51:05,961 - WARNING - 股票 sh600287 不存在于观察池中
2025-08-19 22:51:05,962 - INFO - 数据库初始化完成
2025-08-19 22:51:05,962 - INFO - 处理进度 [866/11571]: sh600287
2025-08-19 22:51:06,613 - WARNING - 股票 sh600241 不存在于观察池中
2025-08-19 22:51:06,614 - INFO - 数据库初始化完成
2025-08-19 22:51:06,614 - INFO - 处理进度 [867/11571]: sh600241
2025-08-19 22:51:32,541 - WARNING - 股票 sh603578 不存在于观察池中
2025-08-19 22:51:32,542 - INFO - 数据库初始化完成
2025-08-19 22:51:32,542 - INFO - 处理进度 [868/11571]: sh603578
2025-08-19 22:51:55,030 - WARNING - 股票 sh688707 不存在于观察池中
2025-08-19 22:51:55,031 - INFO - 数据库初始化完成
2025-08-19 22:51:55,032 - INFO - 处理进度 [869/11571]: sh688707
2025-08-19 22:52:00,127 - WARNING - 股票 sh605289 不存在于观察池中
2025-08-19 22:52:00,128 - INFO - 处理进度 [870/11571]: sh605289
2025-08-19 22:52:00,128 - INFO - 数据库初始化完成
2025-08-19 22:52:09,239 - WARNING - 差分进化优化失败，使用默认参数
2025-08-19 22:52:09,240 - ERROR - sh516160 参数优化失败，使用默认参数回退
2025-08-19 22:52:09,254 - WARNING - 股票 sh516160 不存在于观察池中
2025-08-19 22:52:09,254 - INFO - 数据库初始化完成
2025-08-19 22:52:09,255 - INFO - 处理进度 [871/11571]: sh516160
2025-08-19 22:52:16,184 - WARNING - 股票 sh113051 不存在于观察池中
2025-08-19 22:52:16,184 - INFO - 处理进度 [872/11571]: sh113051
2025-08-19 22:52:16,185 - INFO - 数据库初始化完成
2025-08-19 22:52:18,844 - WARNING - 差分进化优化失败，使用默认参数
2025-08-19 22:52:18,844 - ERROR - sh880373 参数优化失败，使用默认参数回退
2025-08-19 22:52:18,858 - WARNING - 股票 sh880373 不存在于观察池中
2025-08-19 22:52:18,859 - INFO - 处理进度 [873/11571]: sh880373
2025-08-19 22:52:18,859 - INFO - 数据库初始化完成
2025-08-19 22:52:26,189 - WARNING - 股票 sh880982 不存在于观察池中
2025-08-19 22:52:26,189 - INFO - 数据库初始化完成
2025-08-19 22:52:26,189 - INFO - 处理进度 [874/11571]: sh880982
2025-08-19 22:52:46,390 - WARNING - 股票 sh881282 不存在于观察池中
2025-08-19 22:52:46,417 - INFO - 数据库初始化完成
2025-08-19 22:52:46,417 - INFO - 处理进度 [875/11571]: sh881282
2025-08-19 22:52:55,165 - WARNING - 股票 sh600391 不存在于观察池中
2025-08-19 22:52:55,166 - INFO - 数据库初始化完成
2025-08-19 22:52:55,166 - INFO - 处理进度 [876/11571]: sh600391
2025-08-19 22:52:55,168 - WARNING - sh588040 数据不足 (少于250天)，无法生成画像
2025-08-19 22:52:55,168 - INFO - 处理进度 [877/11571]: sh588040
2025-08-19 22:52:55,168 - INFO - 数据库初始化完成
2025-08-19 22:52:55,177 - WARNING - sh508036 数据不足 (少于250天)，无法生成画像
2025-08-19 22:52:55,178 - INFO - 数据库初始化完成
2025-08-19 22:52:55,180 - INFO - 处理进度 [878/11571]: sh508036
2025-08-19 22:52:55,188 - WARNING - sh880617 数据不足 (少于250天)，无法生成画像
2025-08-19 22:52:55,188 - INFO - 数据库初始化完成
2025-08-19 22:52:55,189 - INFO - 处理进度 [879/11571]: sh880617
2025-08-19 22:52:58,039 - WARNING - 股票 sh880521 不存在于观察池中
2025-08-19 22:52:58,040 - INFO - 处理进度 [880/11571]: sh880521
2025-08-19 22:52:58,040 - INFO - 数据库初始化完成
2025-08-19 22:53:15,381 - WARNING - 股票 sh600350 不存在于观察池中
2025-08-19 22:53:15,382 - INFO - 处理进度 [881/11571]: sh600350
2025-08-19 22:53:15,382 - INFO - 数据库初始化完成
2025-08-19 22:53:31,334 - WARNING - 股票 sh603733 不存在于观察池中
2025-08-19 22:53:31,336 - INFO - 数据库初始化完成
2025-08-19 22:53:31,336 - INFO - 处理进度 [882/11571]: sh603733
2025-08-19 22:53:50,290 - WARNING - 股票 sh601609 不存在于观察池中
2025-08-19 22:53:50,291 - INFO - 处理进度 [883/11571]: sh601609
2025-08-19 22:53:50,291 - INFO - 数据库初始化完成
2025-08-19 22:53:50,303 - WARNING - sh562590 数据不足 (少于250天)，无法生成画像
2025-08-19 22:53:50,304 - INFO - 数据库初始化完成
2025-08-19 22:53:50,304 - INFO - 处理进度 [884/11571]: sh562590
2025-08-19 22:53:57,848 - WARNING - 股票 sh600329 不存在于观察池中
2025-08-19 22:53:57,849 - INFO - 数据库初始化完成
2025-08-19 22:53:57,849 - INFO - 处理进度 [885/11571]: sh600329
2025-08-19 22:53:58,782 - WARNING - 股票 sh600433 不存在于观察池中
2025-08-19 22:53:58,783 - INFO - 数据库初始化完成
2025-08-19 22:53:58,784 - INFO - 处理进度 [886/11571]: sh600433
2025-08-19 22:54:11,348 - WARNING - 差分进化优化失败，使用默认参数
2025-08-19 22:54:11,348 - ERROR - sh603081 参数优化失败，使用默认参数回退
2025-08-19 22:54:11,362 - WARNING - 股票 sh603081 不存在于观察池中
2025-08-19 22:54:11,363 - INFO - 数据库初始化完成
2025-08-19 22:54:11,364 - INFO - 处理进度 [887/11571]: sh603081
2025-08-19 22:54:33,147 - WARNING - 股票 sh603328 不存在于观察池中
2025-08-19 22:54:33,148 - INFO - 处理进度 [888/11571]: sh603328
2025-08-19 22:54:33,148 - INFO - 数据库初始化完成
2025-08-19 22:54:33,159 - WARNING - sh520520 数据不足 (少于250天)，无法生成画像
2025-08-19 22:54:33,159 - INFO - 数据库初始化完成
2025-08-19 22:54:33,160 - INFO - 处理进度 [889/11571]: sh520520
2025-08-19 22:54:49,086 - WARNING - 差分进化优化失败，使用默认参数
2025-08-19 22:54:49,087 - ERROR - sh113065 参数优化失败，使用默认参数回退
2025-08-19 22:54:49,101 - WARNING - 股票 sh113065 不存在于观察池中
2025-08-19 22:54:49,102 - INFO - 处理进度 [890/11571]: sh113065
2025-08-19 22:54:49,102 - INFO - 数据库初始化完成
2025-08-19 22:54:49,103 - WARNING - sh512030 数据不足 (少于250天)，无法生成画像
2025-08-19 22:54:49,104 - INFO - 数据库初始化完成
2025-08-19 22:54:49,104 - INFO - 处理进度 [891/11571]: sh512030
2025-08-19 22:54:52,976 - WARNING - 股票 sh603368 不存在于观察池中
2025-08-19 22:54:52,977 - INFO - 处理进度 [892/11571]: sh603368
2025-08-19 22:54:52,977 - INFO - 数据库初始化完成
2025-08-19 22:55:11,755 - WARNING - 股票 sh113588 不存在于观察池中
2025-08-19 22:55:11,755 - INFO - 处理进度 [893/11571]: sh113588
2025-08-19 22:55:11,756 - INFO - 数据库初始化完成
2025-08-19 22:55:19,561 - WARNING - 股票 sh118009 不存在于观察池中
2025-08-19 22:55:19,562 - INFO - 处理进度 [894/11571]: sh118009
2025-08-19 22:55:19,563 - INFO - 数据库初始化完成
2025-08-19 22:55:44,882 - WARNING - 股票 sh880539 不存在于观察池中
2025-08-19 22:55:44,883 - INFO - 数据库初始化完成
2025-08-19 22:55:44,883 - INFO - 处理进度 [895/11571]: sh880539
2025-08-19 22:56:31,035 - WARNING - 股票 sh880413 不存在于观察池中
2025-08-19 22:56:31,036 - INFO - 数据库初始化完成
2025-08-19 22:56:31,039 - INFO - 处理进度 [896/11571]: sh880413
2025-08-19 22:57:12,927 - WARNING - 股票 sh600795 不存在于观察池中
2025-08-19 22:57:12,928 - INFO - 处理进度 [897/11571]: sh600795
2025-08-19 22:57:12,928 - INFO - 数据库初始化完成
2025-08-19 22:57:20,617 - WARNING - 股票 sh600601 不存在于观察池中
2025-08-19 22:57:20,618 - INFO - 数据库初始化完成
2025-08-19 22:57:20,618 - INFO - 处理进度 [898/11571]: sh600601
2025-08-19 22:57:27,638 - WARNING - 股票 sh113664 不存在于观察池中
2025-08-19 22:57:27,639 - INFO - 处理进度 [899/11571]: sh113664
2025-08-19 22:57:27,639 - INFO - 数据库初始化完成
2025-08-19 22:57:28,979 - WARNING - 股票 sh603881 不存在于观察池中
2025-08-19 22:57:28,979 - INFO - 数据库初始化完成
2025-08-19 22:57:28,980 - INFO - 处理进度 [900/11571]: sh603881
2025-08-19 22:57:37,093 - WARNING - 股票 sh688235 不存在于观察池中
2025-08-19 22:57:37,094 - INFO - 处理进度 [901/11571]: sh688235
2025-08-19 22:57:37,094 - INFO - 数据库初始化完成
2025-08-19 22:57:39,766 - WARNING - 股票 sh600815 不存在于观察池中
2025-08-19 22:57:39,766 - INFO - 数据库初始化完成
2025-08-19 22:57:39,767 - INFO - 处理进度 [902/11571]: sh600815
2025-08-19 22:57:42,422 - WARNING - 股票 sh900948 不存在于观察池中
2025-08-19 22:57:42,423 - INFO - 处理进度 [903/11571]: sh900948
2025-08-19 22:57:42,424 - INFO - 数据库初始化完成
2025-08-19 22:57:44,027 - WARNING - 股票 sh600418 不存在于观察池中
2025-08-19 22:57:44,028 - INFO - 数据库初始化完成
2025-08-19 22:57:44,028 - INFO - 处理进度 [904/11571]: sh600418
2025-08-19 22:58:11,446 - WARNING - 股票 sh605186 不存在于观察池中
2025-08-19 22:58:11,446 - INFO - 处理进度 [905/11571]: sh605186
2025-08-19 22:58:11,447 - INFO - 数据库初始化完成
2025-08-19 22:59:13,560 - WARNING - 股票 sh688207 不存在于观察池中
2025-08-19 22:59:13,561 - INFO - 数据库初始化完成
2025-08-19 22:59:13,561 - INFO - 处理进度 [906/11571]: sh688207
2025-08-19 22:59:16,479 - WARNING - 股票 sh603613 不存在于观察池中
2025-08-19 22:59:16,480 - INFO - 处理进度 [907/11571]: sh603613
2025-08-19 22:59:16,480 - INFO - 数据库初始化完成
2025-08-19 22:59:31,788 - WARNING - 股票 sh600748 不存在于观察池中
2025-08-19 22:59:31,789 - INFO - 数据库初始化完成
2025-08-19 22:59:31,789 - INFO - 处理进度 [908/11571]: sh600748
2025-08-19 22:59:35,265 - WARNING - 股票 sh501080 不存在于观察池中
2025-08-19 22:59:35,266 - INFO - 处理进度 [909/11571]: sh501080
2025-08-19 22:59:35,267 - INFO - 数据库初始化完成
2025-08-19 22:59:35,279 - WARNING - sh560220 数据不足 (少于250天)，无法生成画像
2025-08-19 22:59:35,280 - INFO - 处理进度 [910/11571]: sh560220
2025-08-19 22:59:35,281 - INFO - 数据库初始化完成
2025-08-19 22:59:45,982 - WARNING - 股票 sh880863 不存在于观察池中
2025-08-19 22:59:45,983 - INFO - 处理进度 [911/11571]: sh880863
2025-08-19 22:59:45,983 - INFO - 数据库初始化完成
2025-08-19 22:59:46,554 - WARNING - 股票 sh516290 不存在于观察池中
2025-08-19 22:59:46,555 - INFO - 处理进度 [912/11571]: sh516290
2025-08-19 22:59:46,555 - INFO - 数据库初始化完成
2025-08-19 22:59:47,861 - WARNING - 股票 sh603880 不存在于观察池中
2025-08-19 22:59:47,862 - INFO - 处理进度 [913/11571]: sh603880
2025-08-19 22:59:47,862 - INFO - 数据库初始化完成
2025-08-19 22:59:49,203 - WARNING - 股票 sh513320 不存在于观察池中
2025-08-19 22:59:49,229 - INFO - 数据库初始化完成
2025-08-19 22:59:49,229 - INFO - 处理进度 [914/11571]: sh513320
2025-08-19 22:59:52,917 - WARNING - 股票 sh881148 不存在于观察池中
2025-08-19 22:59:52,918 - INFO - 处理进度 [915/11571]: sh881148
2025-08-19 22:59:52,918 - INFO - 数据库初始化完成
2025-08-19 23:00:02,331 - WARNING - 差分进化优化失败，使用默认参数
2025-08-19 23:00:02,332 - ERROR - sh880031 参数优化失败，使用默认参数回退
2025-08-19 23:00:02,346 - WARNING - 股票 sh880031 不存在于观察池中
2025-08-19 23:00:02,347 - INFO - 数据库初始化完成
2025-08-19 23:00:02,347 - INFO - 处理进度 [916/11571]: sh880031
2025-08-19 23:00:07,443 - WARNING - 股票 sh601800 不存在于观察池中
2025-08-19 23:00:07,443 - INFO - 处理进度 [917/11571]: sh601800
2025-08-19 23:00:07,444 - INFO - 数据库初始化完成
2025-08-19 23:00:15,923 - WARNING - 差分进化优化失败，使用默认参数
2025-08-19 23:00:15,924 - ERROR - sh600976 参数优化失败，使用默认参数回退
2025-08-19 23:00:15,963 - WARNING - 股票 sh600976 不存在于观察池中
2025-08-19 23:00:15,964 - INFO - 数据库初始化完成
2025-08-19 23:00:15,964 - INFO - 处理进度 [918/11571]: sh600976
2025-08-19 23:00:28,888 - WARNING - 股票 sh881107 不存在于观察池中
2025-08-19 23:00:28,889 - INFO - 数据库初始化完成
2025-08-19 23:00:28,889 - INFO - 处理进度 [919/11571]: sh881107
2025-08-19 23:00:29,145 - WARNING - 股票 sh900908 不存在于观察池中
2025-08-19 23:00:29,146 - INFO - 数据库初始化完成
2025-08-19 23:00:29,146 - INFO - 处理进度 [920/11571]: sh900908
2025-08-19 23:00:36,224 - WARNING - 股票 sh603080 不存在于观察池中
2025-08-19 23:00:36,225 - INFO - 处理进度 [921/11571]: sh603080
2025-08-19 23:00:36,226 - INFO - 数据库初始化完成
2025-08-19 23:00:38,018 - WARNING - 股票 sh517050 不存在于观察池中
2025-08-19 23:00:38,019 - INFO - 数据库初始化完成
2025-08-19 23:00:38,019 - INFO - 处理进度 [922/11571]: sh517050
2025-08-19 23:00:44,709 - WARNING - 股票 sh688070 不存在于观察池中
2025-08-19 23:00:44,710 - INFO - 数据库初始化完成
2025-08-19 23:00:44,710 - INFO - 处理进度 [923/11571]: sh688070
2025-08-19 23:01:22,897 - WARNING - 股票 sh512550 不存在于观察池中
2025-08-19 23:01:22,897 - INFO - 处理进度 [924/11571]: sh512550
2025-08-19 23:01:22,898 - INFO - 数据库初始化完成
2025-08-19 23:02:13,057 - WARNING - 股票 sh600928 不存在于观察池中
2025-08-19 23:02:13,057 - INFO - 数据库初始化完成
2025-08-19 23:02:13,058 - INFO - 处理进度 [925/11571]: sh600928
2025-08-19 23:02:17,685 - WARNING - 股票 sh688336 不存在于观察池中
2025-08-19 23:02:17,685 - INFO - 处理进度 [926/11571]: sh688336
2025-08-19 23:02:17,686 - INFO - 数据库初始化完成
2025-08-19 23:02:39,128 - WARNING - 股票 sh603629 不存在于观察池中
2025-08-19 23:02:39,129 - INFO - 数据库初始化完成
2025-08-19 23:02:39,129 - INFO - 处理进度 [927/11571]: sh603629
2025-08-19 23:03:21,867 - WARNING - 股票 sh501307 不存在于观察池中
2025-08-19 23:03:21,868 - INFO - 处理进度 [928/11571]: sh501307
2025-08-19 23:03:21,869 - INFO - 数据库初始化完成
2025-08-19 23:03:53,531 - WARNING - 股票 sh880507 不存在于观察池中
2025-08-19 23:03:53,531 - INFO - 数据库初始化完成
2025-08-19 23:03:53,532 - INFO - 处理进度 [929/11571]: sh880507
2025-08-19 23:03:57,504 - WARNING - 股票 sh605299 不存在于观察池中
2025-08-19 23:03:57,505 - INFO - 处理进度 [930/11571]: sh605299
2025-08-19 23:03:57,505 - INFO - 数据库初始化完成
2025-08-19 23:03:57,521 - WARNING - sh688710 数据不足 (少于250天)，无法生成画像
2025-08-19 23:03:57,522 - INFO - 处理进度 [931/11571]: sh688710
2025-08-19 23:03:57,522 - INFO - 数据库初始化完成
2025-08-19 23:04:00,267 - WARNING - 股票 sh688020 不存在于观察池中
2025-08-19 23:04:00,294 - INFO - 数据库初始化完成
2025-08-19 23:04:00,294 - INFO - 处理进度 [932/11571]: sh688020
2025-08-19 23:04:36,260 - WARNING - 股票 sh600720 不存在于观察池中
2025-08-19 23:04:36,261 - INFO - 处理进度 [933/11571]: sh600720
2025-08-19 23:04:36,262 - INFO - 数据库初始化完成
2025-08-19 23:04:44,995 - WARNING - 股票 sh603776 不存在于观察池中
2025-08-19 23:04:44,996 - INFO - 数据库初始化完成
2025-08-19 23:04:44,996 - INFO - 处理进度 [934/11571]: sh603776
2025-08-19 23:05:02,031 - WARNING - 股票 sh603235 不存在于观察池中
2025-08-19 23:05:02,032 - INFO - 数据库初始化完成
2025-08-19 23:05:02,032 - INFO - 处理进度 [935/11571]: sh603235
2025-08-19 23:05:14,677 - WARNING - 差分进化优化失败，使用默认参数
2025-08-19 23:05:14,677 - ERROR - sh501081 参数优化失败，使用默认参数回退
2025-08-19 23:05:14,687 - WARNING - 股票 sh501081 不存在于观察池中
2025-08-19 23:05:14,687 - INFO - 处理进度 [936/11571]: sh501081
2025-08-19 23:05:14,687 - INFO - 数据库初始化完成
2025-08-19 23:05:19,677 - WARNING - 股票 sh605580 不存在于观察池中
2025-08-19 23:05:19,678 - INFO - 数据库初始化完成
2025-08-19 23:05:19,679 - INFO - 处理进度 [937/11571]: sh605580
2025-08-19 23:05:24,560 - WARNING - 股票 sh501051 不存在于观察池中
2025-08-19 23:05:24,560 - INFO - 处理进度 [938/11571]: sh501051
2025-08-19 23:05:24,561 - INFO - 数据库初始化完成
2025-08-19 23:05:30,521 - WARNING - 股票 sh688230 不存在于观察池中
2025-08-19 23:05:30,522 - INFO - 数据库初始化完成
2025-08-19 23:05:30,522 - INFO - 处理进度 [939/11571]: sh688230
2025-08-19 23:05:31,694 - WARNING - 股票 sh600215 不存在于观察池中
2025-08-19 23:05:31,695 - INFO - 数据库初始化完成
2025-08-19 23:05:31,696 - INFO - 处理进度 [940/11571]: sh600215
2025-08-19 23:05:34,110 - WARNING - 股票 sh600959 不存在于观察池中
2025-08-19 23:05:34,111 - INFO - 处理进度 [941/11571]: sh600959
2025-08-19 23:05:34,112 - INFO - 数据库初始化完成
2025-08-19 23:05:36,208 - WARNING - 股票 sh113545 不存在于观察池中
2025-08-19 23:05:36,216 - INFO - 数据库初始化完成
2025-08-19 23:05:36,216 - INFO - 处理进度 [942/11571]: sh113545
2025-08-19 23:06:25,563 - WARNING - 股票 sh881084 不存在于观察池中
2025-08-19 23:06:25,564 - INFO - 处理进度 [943/11571]: sh881084
2025-08-19 23:06:25,564 - INFO - 数据库初始化完成
2025-08-19 23:06:30,298 - WARNING - 股票 sh880441 不存在于观察池中
2025-08-19 23:06:30,299 - INFO - 数据库初始化完成
2025-08-19 23:06:30,300 - INFO - 处理进度 [944/11571]: sh880441
2025-08-19 23:07:01,024 - WARNING - 股票 sh881264 不存在于观察池中
2025-08-19 23:07:01,025 - INFO - 数据库初始化完成
2025-08-19 23:07:01,025 - INFO - 处理进度 [945/11571]: sh881264
2025-08-19 23:07:27,096 - WARNING - 股票 sh603529 不存在于观察池中
2025-08-19 23:07:27,097 - INFO - 数据库初始化完成
2025-08-19 23:07:27,097 - INFO - 处理进度 [946/11571]: sh603529
2025-08-19 23:07:28,346 - WARNING - 股票 sh880953 不存在于观察池中
2025-08-19 23:07:28,347 - INFO - 处理进度 [947/11571]: sh880953
2025-08-19 23:07:28,347 - INFO - 数据库初始化完成
2025-08-19 23:07:35,774 - WARNING - 股票 sh881293 不存在于观察池中
2025-08-19 23:07:35,775 - INFO - 数据库初始化完成
2025-08-19 23:07:35,775 - INFO - 处理进度 [948/11571]: sh881293
2025-08-19 23:07:39,490 - WARNING - 股票 sh513970 不存在于观察池中
2025-08-19 23:07:39,490 - INFO - 数据库初始化完成
2025-08-19 23:07:39,490 - INFO - 处理进度 [949/11571]: sh513970
2025-08-19 23:07:52,962 - WARNING - 股票 sh600715 不存在于观察池中
2025-08-19 23:07:52,963 - INFO - 数据库初始化完成
2025-08-19 23:07:52,963 - INFO - 处理进度 [950/11571]: sh600715
2025-08-19 23:08:14,477 - WARNING - 股票 sh688525 不存在于观察池中
2025-08-19 23:08:14,478 - INFO - 数据库初始化完成
2025-08-19 23:08:14,478 - INFO - 处理进度 [951/11571]: sh688525
2025-08-19 23:08:48,703 - WARNING - 股票 sh688350 不存在于观察池中
2025-08-19 23:08:48,704 - INFO - 数据库初始化完成
2025-08-19 23:08:48,704 - INFO - 处理进度 [952/11571]: sh688350
2025-08-19 23:08:57,333 - WARNING - 股票 sh605007 不存在于观察池中
2025-08-19 23:08:57,334 - INFO - 处理进度 [953/11571]: sh605007
2025-08-19 23:08:57,334 - INFO - 数据库初始化完成
2025-08-19 23:09:01,840 - WARNING - 股票 sh880834 不存在于观察池中
2025-08-19 23:09:01,841 - INFO - 数据库初始化完成
2025-08-19 23:09:01,841 - INFO - 处理进度 [954/11571]: sh880834
2025-08-19 23:09:22,015 - WARNING - 股票 sh560650 不存在于观察池中
2025-08-19 23:09:22,016 - INFO - 处理进度 [955/11571]: sh560650
2025-08-19 23:09:22,016 - INFO - 数据库初始化完成
2025-08-19 23:09:22,029 - WARNING - sh880523 数据不足 (少于250天)，无法生成画像
2025-08-19 23:09:22,029 - INFO - 数据库初始化完成
2025-08-19 23:09:22,030 - INFO - 处理进度 [956/11571]: sh880523
2025-08-19 23:09:30,702 - WARNING - 股票 sh600629 不存在于观察池中
2025-08-19 23:09:30,703 - INFO - 处理进度 [957/11571]: sh600629
2025-08-19 23:09:30,703 - INFO - 数据库初始化完成
2025-08-19 23:09:46,161 - WARNING - 差分进化优化失败，使用默认参数
2025-08-19 23:09:46,161 - ERROR - sh516380 参数优化失败，使用默认参数回退
2025-08-19 23:09:46,201 - WARNING - 股票 sh516380 不存在于观察池中
2025-08-19 23:09:46,201 - INFO - 数据库初始化完成
2025-08-19 23:09:46,202 - INFO - 处理进度 [958/11571]: sh516380
2025-08-19 23:09:54,554 - WARNING - 股票 sh600050 不存在于观察池中
2025-08-19 23:09:54,555 - INFO - 处理进度 [959/11571]: sh600050
2025-08-19 23:09:54,555 - INFO - 数据库初始化完成
2025-08-19 23:10:04,360 - WARNING - 股票 sh880725 不存在于观察池中
2025-08-19 23:10:04,362 - INFO - 数据库初始化完成
2025-08-19 23:10:04,362 - INFO - 处理进度 [960/11571]: sh880725
2025-08-19 23:10:17,649 - WARNING - 股票 sh880859 不存在于观察池中
2025-08-19 23:10:17,649 - INFO - 处理进度 [961/11571]: sh880859
2025-08-19 23:10:17,650 - INFO - 数据库初始化完成
2025-08-19 23:10:35,331 - WARNING - 差分进化优化失败，使用默认参数
2025-08-19 23:10:35,331 - ERROR - sh513230 参数优化失败，使用默认参数回退
2025-08-19 23:10:35,345 - WARNING - 股票 sh513230 不存在于观察池中
2025-08-19 23:10:35,346 - INFO - 数据库初始化完成
2025-08-19 23:10:35,346 - INFO - 处理进度 [962/11571]: sh513230
2025-08-19 23:11:20,871 - WARNING - 股票 sh880414 不存在于观察池中
2025-08-19 23:11:20,872 - INFO - 处理进度 [963/11571]: sh880414
2025-08-19 23:11:20,872 - INFO - 数据库初始化完成
2025-08-19 23:11:25,415 - WARNING - 股票 sh880546 不存在于观察池中
2025-08-19 23:11:25,416 - INFO - 数据库初始化完成
2025-08-19 23:11:25,417 - INFO - 处理进度 [964/11571]: sh880546
2025-08-19 23:11:25,446 - WARNING - 股票 sh600984 不存在于观察池中
2025-08-19 23:11:25,446 - INFO - 数据库初始化完成
2025-08-19 23:11:25,446 - INFO - 处理进度 [965/11571]: sh600984
2025-08-19 23:12:07,033 - WARNING - 股票 sh900904 不存在于观察池中
2025-08-19 23:12:07,034 - INFO - 数据库初始化完成
2025-08-19 23:12:07,034 - INFO - 处理进度 [966/11571]: sh900904
2025-08-19 23:12:15,632 - WARNING - 股票 sh600765 不存在于观察池中
2025-08-19 23:12:15,633 - INFO - 数据库初始化完成
2025-08-19 23:12:15,633 - INFO - 处理进度 [967/11571]: sh600765
2025-08-19 23:12:15,645 - WARNING - sh603270 数据不足 (少于250天)，无法生成画像
2025-08-19 23:12:15,645 - INFO - 处理进度 [968/11571]: sh603270
2025-08-19 23:12:15,646 - INFO - 数据库初始化完成
2025-08-19 23:12:18,623 - WARNING - 股票 sh881172 不存在于观察池中
2025-08-19 23:12:18,624 - INFO - 数据库初始化完成
2025-08-19 23:12:18,624 - INFO - 处理进度 [969/11571]: sh881172
2025-08-19 23:12:23,328 - WARNING - 股票 sh880640 不存在于观察池中
2025-08-19 23:12:23,328 - INFO - 处理进度 [970/11571]: sh880640
2025-08-19 23:12:23,329 - INFO - 数据库初始化完成
2025-08-19 23:12:48,548 - WARNING - 股票 sh511820 不存在于观察池中
2025-08-19 23:12:48,549 - INFO - 数据库初始化完成
2025-08-19 23:12:48,550 - INFO - 处理进度 [971/11571]: sh511820
2025-08-19 23:12:48,773 - WARNING - 股票 sh511930 不存在于观察池中
2025-08-19 23:12:48,774 - INFO - 处理进度 [972/11571]: sh511930
2025-08-19 23:12:48,774 - INFO - 数据库初始化完成
2025-08-19 23:12:48,779 - WARNING - sh563990 数据不足 (少于250天)，无法生成画像
2025-08-19 23:12:48,779 - INFO - 数据库初始化完成
2025-08-19 23:12:48,779 - INFO - 处理进度 [973/11571]: sh563990
2025-08-19 23:13:14,310 - WARNING - 股票 sh600620 不存在于观察池中
2025-08-19 23:13:14,310 - INFO - 处理进度 [974/11571]: sh600620
2025-08-19 23:13:14,311 - INFO - 数据库初始化完成
2025-08-19 23:13:15,322 - WARNING - 股票 sh688111 不存在于观察池中
2025-08-19 23:13:15,323 - INFO - 处理进度 [975/11571]: sh688111
2025-08-19 23:13:15,324 - INFO - 数据库初始化完成
2025-08-19 23:13:15,343 - WARNING - sh880555 数据不足 (少于250天)，无法生成画像
2025-08-19 23:13:15,343 - INFO - 处理进度 [976/11571]: sh880555
2025-08-19 23:13:15,343 - INFO - 数据库初始化完成
2025-08-19 23:13:16,912 - WARNING - 股票 sh600158 不存在于观察池中
2025-08-19 23:13:16,912 - INFO - 数据库初始化完成
2025-08-19 23:13:16,913 - INFO - 处理进度 [977/11571]: sh600158
2025-08-19 23:13:49,636 - WARNING - 股票 sh880098 不存在于观察池中
2025-08-19 23:13:49,637 - INFO - 处理进度 [978/11571]: sh880098
2025-08-19 23:13:49,637 - INFO - 数据库初始化完成
2025-08-19 23:13:52,814 - WARNING - 股票 sh881384 不存在于观察池中
2025-08-19 23:13:52,815 - INFO - 数据库初始化完成
2025-08-19 23:13:52,815 - INFO - 处理进度 [979/11571]: sh881384
2025-08-19 23:14:10,876 - WARNING - 股票 sh688155 不存在于观察池中
2025-08-19 23:14:10,877 - INFO - 数据库初始化完成
2025-08-19 23:14:10,877 - INFO - 处理进度 [980/11571]: sh688155
2025-08-19 23:14:10,879 - WARNING - sh603210 数据不足 (少于250天)，无法生成画像
2025-08-19 23:14:10,879 - INFO - 处理进度 [981/11571]: sh603210
2025-08-19 23:14:10,879 - INFO - 数据库初始化完成
2025-08-19 23:14:27,161 - WARNING - 差分进化优化失败，使用默认参数
2025-08-19 23:14:27,162 - ERROR - sh512520 参数优化失败，使用默认参数回退
2025-08-19 23:14:27,176 - WARNING - 股票 sh512520 不存在于观察池中
2025-08-19 23:14:27,177 - INFO - 数据库初始化完成
2025-08-19 23:14:27,178 - INFO - 处理进度 [982/11571]: sh512520
2025-08-19 23:15:02,591 - WARNING - 股票 sh600845 不存在于观察池中
2025-08-19 23:15:02,593 - INFO - 数据库初始化完成
2025-08-19 23:15:02,593 - INFO - 处理进度 [983/11571]: sh600845
2025-08-19 23:15:12,461 - WARNING - 股票 sh688478 不存在于观察池中
2025-08-19 23:15:12,461 - INFO - 处理进度 [984/11571]: sh688478
2025-08-19 23:15:12,462 - INFO - 数据库初始化完成
2025-08-19 23:15:12,463 - WARNING - 股票 sh881414 不存在于观察池中
2025-08-19 23:15:12,464 - INFO - 处理进度 [985/11571]: sh881414
2025-08-19 23:15:12,464 - INFO - 数据库初始化完成
2025-08-19 23:15:25,559 - WARNING - 股票 sh688296 不存在于观察池中
2025-08-19 23:15:25,560 - INFO - 处理进度 [986/11571]: sh688296
2025-08-19 23:15:25,560 - INFO - 数据库初始化完成
2025-08-19 23:15:32,409 - WARNING - 股票 sh880346 不存在于观察池中
2025-08-19 23:15:32,410 - INFO - 处理进度 [987/11571]: sh880346
2025-08-19 23:15:32,410 - INFO - 数据库初始化完成
2025-08-19 23:15:32,412 - WARNING - sh118055 数据不足 (少于250天)，无法生成画像
2025-08-19 23:15:32,413 - INFO - 处理进度 [988/11571]: sh118055
2025-08-19 23:15:32,413 - INFO - 数据库初始化完成
2025-08-19 23:16:12,127 - WARNING - 股票 sh603178 不存在于观察池中
2025-08-19 23:16:12,128 - INFO - 处理进度 [989/11571]: sh603178
2025-08-19 23:16:12,128 - INFO - 数据库初始化完成
2025-08-19 23:16:12,148 - WARNING - sh688648 数据不足 (少于250天)，无法生成画像
2025-08-19 23:16:12,149 - INFO - 数据库初始化完成
2025-08-19 23:16:12,151 - INFO - 处理进度 [990/11571]: sh688648
2025-08-19 23:16:16,432 - WARNING - 股票 sh688062 不存在于观察池中
2025-08-19 23:16:16,433 - INFO - 处理进度 [991/11571]: sh688062
2025-08-19 23:16:16,433 - INFO - 数据库初始化完成
2025-08-19 23:16:41,624 - WARNING - 股票 sh688289 不存在于观察池中
2025-08-19 23:16:41,625 - INFO - 处理进度 [992/11571]: sh688289
2025-08-19 23:16:41,625 - INFO - 数据库初始化完成
2025-08-19 23:17:09,385 - WARNING - 股票 sh501213 不存在于观察池中
2025-08-19 23:17:09,386 - INFO - 数据库初始化完成
2025-08-19 23:17:09,386 - INFO - 处理进度 [993/11571]: sh501213
2025-08-19 23:17:16,125 - WARNING - 股票 sh600530 不存在于观察池中
2025-08-19 23:17:16,125 - INFO - 处理进度 [994/11571]: sh600530
2025-08-19 23:17:16,126 - INFO - 数据库初始化完成
2025-08-19 23:17:22,085 - WARNING - 股票 sh603260 不存在于观察池中
2025-08-19 23:17:22,085 - INFO - 数据库初始化完成
2025-08-19 23:17:22,086 - INFO - 处理进度 [995/11571]: sh603260
2025-08-19 23:17:26,846 - WARNING - 股票 sh688258 不存在于观察池中
2025-08-19 23:17:26,847 - INFO - 数据库初始化完成
2025-08-19 23:17:26,847 - INFO - 处理进度 [996/11571]: sh688258
2025-08-19 23:17:33,751 - WARNING - 股票 sh603999 不存在于观察池中
2025-08-19 23:17:33,752 - INFO - 数据库初始化完成
2025-08-19 23:17:33,752 - INFO - 处理进度 [997/11571]: sh603999
2025-08-19 23:18:06,565 - WARNING - 股票 sh881398 不存在于观察池中
2025-08-19 23:18:06,566 - INFO - 数据库初始化完成
2025-08-19 23:18:06,566 - INFO - 处理进度 [998/11571]: sh881398
2025-08-19 23:18:06,577 - WARNING - sh513210 数据不足 (少于250天)，无法生成画像
2025-08-19 23:18:06,578 - INFO - 处理进度 [999/11571]: sh513210
2025-08-19 23:18:06,578 - INFO - 数据库初始化完成
2025-08-19 23:18:23,976 - WARNING - 股票 sh688981 不存在于观察池中
2025-08-19 23:18:23,978 - INFO - 处理进度 [1000/11571]: sh688981
2025-08-19 23:18:23,978 - INFO - 数据库初始化完成
2025-08-19 23:18:33,937 - WARNING - 股票 sh600054 不存在于观察池中
2025-08-19 23:18:33,938 - INFO - 数据库初始化完成
2025-08-19 23:18:33,938 - INFO - 处理进度 [1001/11571]: sh600054
2025-08-19 23:18:33,948 - WARNING - sh111021 数据不足 (少于250天)，无法生成画像
2025-08-19 23:18:33,949 - INFO - 处理进度 [1002/11571]: sh111021
2025-08-19 23:18:33,949 - INFO - 数据库初始化完成
2025-08-19 23:18:35,864 - WARNING - 股票 sh603345 不存在于观察池中
2025-08-19 23:18:35,865 - INFO - 数据库初始化完成
2025-08-19 23:18:35,867 - INFO - 处理进度 [1003/11571]: sh603345
2025-08-19 23:18:58,129 - WARNING - 股票 sh881083 不存在于观察池中
2025-08-19 23:18:58,129 - INFO - 处理进度 [1004/11571]: sh881083
2025-08-19 23:18:58,130 - INFO - 数据库初始化完成
2025-08-19 23:19:43,057 - WARNING - 差分进化优化失败，使用默认参数
2025-08-19 23:19:43,057 - ERROR - sh600226 参数优化失败，使用默认参数回退
2025-08-19 23:19:43,070 - WARNING - 股票 sh600226 不存在于观察池中
2025-08-19 23:19:43,071 - INFO - 数据库初始化完成
2025-08-19 23:19:43,071 - INFO - 处理进度 [1005/11571]: sh600226
2025-08-19 23:19:47,853 - WARNING - 差分进化优化失败，使用默认参数
2025-08-19 23:19:47,853 - ERROR - sh600486 参数优化失败，使用默认参数回退
2025-08-19 23:19:47,867 - WARNING - 股票 sh600486 不存在于观察池中
2025-08-19 23:19:47,867 - INFO - 处理进度 [1006/11571]: sh600486
2025-08-19 23:19:47,868 - INFO - 数据库初始化完成
2025-08-19 23:20:09,612 - WARNING - 股票 sh501031 不存在于观察池中
2025-08-19 23:20:09,612 - INFO - 数据库初始化完成
2025-08-19 23:20:09,613 - INFO - 处理进度 [1007/11571]: sh501031
2025-08-19 23:20:09,622 - WARNING - sh513780 数据不足 (少于250天)，无法生成画像
2025-08-19 23:20:09,622 - INFO - 数据库初始化完成
2025-08-19 23:20:09,623 - INFO - 处理进度 [1008/11571]: sh513780
2025-08-19 23:20:11,744 - WARNING - 股票 sh600170 不存在于观察池中
2025-08-19 23:20:11,745 - INFO - 处理进度 [1009/11571]: sh600170
2025-08-19 23:20:11,745 - INFO - 数据库初始化完成
2025-08-19 23:20:14,569 - WARNING - 股票 sh880968 不存在于观察池中
2025-08-19 23:20:14,570 - INFO - 数据库初始化完成
2025-08-19 23:20:14,570 - INFO - 处理进度 [1010/11571]: sh880968
2025-08-19 23:20:16,680 - WARNING - 股票 sh600138 不存在于观察池中
2025-08-19 23:20:16,681 - INFO - 数据库初始化完成
2025-08-19 23:20:16,681 - INFO - 处理进度 [1011/11571]: sh600138
2025-08-19 23:20:36,857 - WARNING - 股票 sh600633 不存在于观察池中
2025-08-19 23:20:36,858 - INFO - 数据库初始化完成
2025-08-19 23:20:36,859 - INFO - 处理进度 [1012/11571]: sh600633
2025-08-19 23:20:38,250 - WARNING - 股票 sh501037 不存在于观察池中
2025-08-19 23:20:38,251 - INFO - 处理进度 [1013/11571]: sh501037
2025-08-19 23:20:38,251 - INFO - 数据库初始化完成
2025-08-19 23:20:39,543 - WARNING - 股票 sh600468 不存在于观察池中
2025-08-19 23:20:39,544 - INFO - 数据库初始化完成
2025-08-19 23:20:39,544 - INFO - 处理进度 [1014/11571]: sh600468
2025-08-19 23:20:42,737 - WARNING - 股票 sh512890 不存在于观察池中
2025-08-19 23:20:42,739 - INFO - 数据库初始化完成
2025-08-19 23:20:42,740 - INFO - 处理进度 [1015/11571]: sh512890
2025-08-19 23:21:26,917 - WARNING - 股票 sh603130 不存在于观察池中
2025-08-19 23:21:26,917 - INFO - 处理进度 [1016/11571]: sh603130
2025-08-19 23:21:26,918 - INFO - 数据库初始化完成
2025-08-19 23:21:36,404 - WARNING - 股票 sh688303 不存在于观察池中
2025-08-19 23:21:36,405 - INFO - 处理进度 [1017/11571]: sh688303
2025-08-19 23:21:36,405 - INFO - 数据库初始化完成
2025-08-19 23:21:57,386 - WARNING - 股票 sh513290 不存在于观察池中
2025-08-19 23:21:57,386 - INFO - 处理进度 [1018/11571]: sh513290
2025-08-19 23:21:57,387 - INFO - 数据库初始化完成
2025-08-19 23:22:00,395 - WARNING - 股票 sh881284 不存在于观察池中
2025-08-19 23:22:00,396 - INFO - 数据库初始化完成
2025-08-19 23:22:00,397 - INFO - 处理进度 [1019/11571]: sh881284
2025-08-19 23:22:14,602 - WARNING - 股票 sh688191 不存在于观察池中
2025-08-19 23:22:14,603 - INFO - 数据库初始化完成
2025-08-19 23:22:14,603 - INFO - 处理进度 [1020/11571]: sh688191
2025-08-19 23:22:23,032 - WARNING - 股票 sh603878 不存在于观察池中
2025-08-19 23:22:23,032 - INFO - 数据库初始化完成
2025-08-19 23:22:23,033 - INFO - 处理进度 [1021/11571]: sh603878
2025-08-19 23:22:58,014 - WARNING - 股票 sh600271 不存在于观察池中
2025-08-19 23:22:58,015 - INFO - 数据库初始化完成
2025-08-19 23:22:58,016 - INFO - 处理进度 [1022/11571]: sh600271
2025-08-19 23:23:08,323 - WARNING - 差分进化优化失败，使用默认参数
2025-08-19 23:23:08,323 - ERROR - sh603701 参数优化失败，使用默认参数回退
2025-08-19 23:23:08,337 - WARNING - 股票 sh603701 不存在于观察池中
2025-08-19 23:23:08,337 - INFO - 处理进度 [1023/11571]: sh603701
2025-08-19 23:23:08,338 - INFO - 数据库初始化完成
2025-08-19 23:23:39,478 - WARNING - 股票 sh603116 不存在于观察池中
2025-08-19 23:23:39,479 - INFO - 数据库初始化完成
2025-08-19 23:23:39,479 - INFO - 处理进度 [1024/11571]: sh603116
2025-08-19 23:23:40,853 - WARNING - 股票 sh501036 不存在于观察池中
2025-08-19 23:23:40,853 - INFO - 处理进度 [1025/11571]: sh501036
2025-08-19 23:23:40,854 - INFO - 数据库初始化完成
2025-08-19 23:24:05,613 - WARNING - 差分进化优化失败，使用默认参数
2025-08-19 23:24:05,614 - ERROR - sh515000 参数优化失败，使用默认参数回退
2025-08-19 23:24:05,627 - WARNING - 股票 sh515000 不存在于观察池中
2025-08-19 23:24:05,628 - INFO - 数据库初始化完成
2025-08-19 23:24:05,628 - INFO - 处理进度 [1026/11571]: sh515000
2025-08-19 23:24:16,343 - WARNING - 股票 sh601989 不存在于观察池中
2025-08-19 23:24:16,343 - INFO - 处理进度 [1027/11571]: sh601989
2025-08-19 23:24:16,344 - INFO - 数据库初始化完成
2025-08-19 23:24:19,173 - WARNING - 股票 sh600916 不存在于观察池中
2025-08-19 23:24:19,174 - INFO - 数据库初始化完成
2025-08-19 23:24:19,175 - INFO - 处理进度 [1028/11571]: sh600916
2025-08-19 23:24:32,933 - WARNING - 股票 sh118005 不存在于观察池中
2025-08-19 23:24:32,934 - INFO - 数据库初始化完成
2025-08-19 23:24:32,936 - INFO - 处理进度 [1029/11571]: sh118005
2025-08-19 23:25:04,857 - WARNING - 股票 sh881012 不存在于观察池中
2025-08-19 23:25:04,858 - INFO - 数据库初始化完成
2025-08-19 23:25:04,858 - INFO - 处理进度 [1030/11571]: sh881012
2025-08-19 23:25:08,444 - WARNING - 股票 sh881348 不存在于观察池中
2025-08-19 23:25:08,445 - INFO - 数据库初始化完成
2025-08-19 23:25:08,445 - INFO - 处理进度 [1031/11571]: sh881348
2025-08-19 23:25:40,468 - WARNING - 股票 sh603038 不存在于观察池中
2025-08-19 23:25:40,468 - INFO - 处理进度 [1032/11571]: sh603038
2025-08-19 23:25:40,469 - INFO - 数据库初始化完成
2025-08-19 23:26:04,370 - WARNING - 股票 sh605183 不存在于观察池中
2025-08-19 23:26:04,370 - INFO - 数据库初始化完成
2025-08-19 23:26:04,371 - INFO - 处理进度 [1033/11571]: sh605183
2025-08-19 23:26:19,616 - WARNING - 股票 sh881261 不存在于观察池中
2025-08-19 23:26:19,617 - INFO - 处理进度 [1034/11571]: sh881261
2025-08-19 23:26:19,617 - INFO - 数据库初始化完成
2025-08-19 23:26:49,551 - WARNING - 股票 sh501218 不存在于观察池中
2025-08-19 23:26:49,552 - INFO - 数据库初始化完成
2025-08-19 23:26:49,553 - INFO - 处理进度 [1035/11571]: sh501218
2025-08-19 23:26:56,944 - WARNING - 股票 sh900910 不存在于观察池中
2025-08-19 23:26:56,945 - INFO - 处理进度 [1036/11571]: sh900910
2025-08-19 23:26:56,945 - INFO - 数据库初始化完成
2025-08-19 23:26:57,976 - WARNING - 差分进化优化失败，使用默认参数
2025-08-19 23:26:57,976 - ERROR - sh204014 参数优化失败，使用默认参数回退
2025-08-19 23:26:57,994 - WARNING - 股票 sh204014 不存在于观察池中
2025-08-19 23:26:57,995 - INFO - 数据库初始化完成
2025-08-19 23:26:57,995 - INFO - 处理进度 [1037/11571]: sh204014
2025-08-19 23:27:09,231 - WARNING - 股票 sh511660 不存在于观察池中
2025-08-19 23:27:09,232 - INFO - 处理进度 [1038/11571]: sh511660
2025-08-19 23:27:09,232 - INFO - 数据库初始化完成
2025-08-19 23:27:39,920 - WARNING - 股票 sh688213 不存在于观察池中
2025-08-19 23:27:39,921 - INFO - 数据库初始化完成
2025-08-19 23:27:39,921 - INFO - 处理进度 [1039/11571]: sh688213
2025-08-19 23:27:39,933 - WARNING - sh513750 数据不足 (少于250天)，无法生成画像
2025-08-19 23:27:39,934 - INFO - 数据库初始化完成
2025-08-19 23:27:39,934 - INFO - 处理进度 [1040/11571]: sh513750
2025-08-19 23:27:42,454 - WARNING - 股票 sh600180 不存在于观察池中
2025-08-19 23:27:42,455 - INFO - 数据库初始化完成
2025-08-19 23:27:42,457 - INFO - 处理进度 [1041/11571]: sh600180
2025-08-19 23:27:42,523 - WARNING - 差分进化优化失败，使用默认参数
2025-08-19 23:27:42,523 - ERROR - sh688037 参数优化失败，使用默认参数回退
2025-08-19 23:27:42,537 - WARNING - 股票 sh688037 不存在于观察池中
2025-08-19 23:27:42,538 - INFO - 数据库初始化完成
2025-08-19 23:27:42,538 - INFO - 处理进度 [1042/11571]: sh688037
2025-08-19 23:27:53,258 - WARNING - 股票 sh881030 不存在于观察池中
2025-08-19 23:27:53,259 - INFO - 处理进度 [1043/11571]: sh881030
2025-08-19 23:27:53,259 - INFO - 数据库初始化完成
2025-08-19 23:28:35,202 - WARNING - 股票 sh600800 不存在于观察池中
2025-08-19 23:28:35,203 - INFO - 处理进度 [1044/11571]: sh600800
2025-08-19 23:28:35,203 - INFO - 数据库初始化完成
2025-08-19 23:28:35,696 - WARNING - 股票 sh605011 不存在于观察池中
2025-08-19 23:28:35,696 - INFO - 数据库初始化完成
2025-08-19 23:28:35,696 - INFO - 处理进度 [1045/11571]: sh605011
2025-08-19 23:28:51,475 - WARNING - 股票 sh517300 不存在于观察池中
2025-08-19 23:28:51,476 - INFO - 数据库初始化完成
2025-08-19 23:28:51,477 - INFO - 处理进度 [1046/11571]: sh517300
2025-08-19 23:29:14,963 - WARNING - 股票 sh688028 不存在于观察池中
2025-08-19 23:29:14,964 - INFO - 处理进度 [1047/11571]: sh688028
2025-08-19 23:29:14,964 - INFO - 数据库初始化完成
2025-08-19 23:29:19,597 - WARNING - 股票 sh881453 不存在于观察池中
2025-08-19 23:29:19,598 - INFO - 数据库初始化完成
2025-08-19 23:29:19,598 - INFO - 处理进度 [1048/11571]: sh881453
2025-08-19 23:29:25,529 - WARNING - 股票 sh880646 不存在于观察池中
2025-08-19 23:29:25,529 - INFO - 处理进度 [1049/11571]: sh880646
2025-08-19 23:29:25,529 - INFO - 数据库初始化完成
2025-08-19 23:29:46,183 - WARNING - 股票 sh510210 不存在于观察池中
2025-08-19 23:29:46,191 - INFO - 数据库初始化完成
2025-08-19 23:29:46,191 - INFO - 处理进度 [1050/11571]: sh510210
2025-08-19 23:29:50,374 - WARNING - 股票 sh516330 不存在于观察池中
2025-08-19 23:29:50,375 - INFO - 数据库初始化完成
2025-08-19 23:29:50,375 - INFO - 处理进度 [1051/11571]: sh516330
2025-08-19 23:30:28,137 - WARNING - 股票 sh603337 不存在于观察池中
2025-08-19 23:30:28,138 - INFO - 数据库初始化完成
2025-08-19 23:30:28,140 - INFO - 处理进度 [1052/11571]: sh603337
2025-08-19 23:30:53,551 - WARNING - 差分进化优化失败，使用默认参数
2025-08-19 23:30:53,551 - ERROR - sh603800 参数优化失败，使用默认参数回退
2025-08-19 23:30:53,565 - WARNING - 股票 sh603800 不存在于观察池中
2025-08-19 23:30:53,565 - INFO - 处理进度 [1053/11571]: sh603800
2025-08-19 23:30:53,566 - INFO - 数据库初始化完成
2025-08-19 23:31:02,504 - WARNING - 股票 sh881269 不存在于观察池中
2025-08-19 23:31:02,505 - INFO - 处理进度 [1054/11571]: sh881269
2025-08-19 23:31:02,505 - INFO - 数据库初始化完成
2025-08-19 23:31:02,517 - WARNING - sh880676 数据不足 (少于250天)，无法生成画像
2025-08-19 23:31:02,518 - INFO - 数据库初始化完成
2025-08-19 23:31:02,519 - INFO - 处理进度 [1055/11571]: sh880676
2025-08-19 23:31:14,334 - WARNING - 股票 sh603986 不存在于观察池中
2025-08-19 23:31:14,334 - INFO - 数据库初始化完成
2025-08-19 23:31:14,335 - INFO - 处理进度 [1056/11571]: sh603986
2025-08-19 23:31:29,259 - WARNING - 股票 sh600169 不存在于观察池中
2025-08-19 23:31:29,260 - INFO - 处理进度 [1057/11571]: sh600169
2025-08-19 23:31:29,260 - INFO - 数据库初始化完成
2025-08-19 23:31:46,888 - WARNING - 股票 sh516480 不存在于观察池中
2025-08-19 23:31:46,889 - INFO - 数据库初始化完成
2025-08-19 23:31:46,889 - INFO - 处理进度 [1058/11571]: sh516480
2025-08-19 23:31:57,777 - WARNING - 股票 sh600848 不存在于观察池中
2025-08-19 23:31:57,778 - INFO - 数据库初始化完成
2025-08-19 23:31:57,778 - INFO - 处理进度 [1059/11571]: sh600848
2025-08-19 23:32:09,276 - WARNING - 差分进化优化失败，使用默认参数
2025-08-19 23:32:09,276 - ERROR - sh900916 参数优化失败，使用默认参数回退
2025-08-19 23:32:09,290 - WARNING - 股票 sh900916 不存在于观察池中
2025-08-19 23:32:09,291 - INFO - 数据库初始化完成
2025-08-19 23:32:09,294 - INFO - 处理进度 [1060/11571]: sh900916
2025-08-19 23:32:27,789 - WARNING - 股票 sh600626 不存在于观察池中
2025-08-19 23:32:27,790 - INFO - 数据库初始化完成
2025-08-19 23:32:27,792 - INFO - 处理进度 [1061/11571]: sh600626
2025-08-19 23:32:31,624 - WARNING - 股票 sh600971 不存在于观察池中
2025-08-19 23:32:31,625 - INFO - 数据库初始化完成
2025-08-19 23:32:31,626 - INFO - 处理进度 [1062/11571]: sh600971
2025-08-19 23:32:31,636 - WARNING - sh512050 数据不足 (少于250天)，无法生成画像
2025-08-19 23:32:31,636 - INFO - 处理进度 [1063/11571]: sh512050
2025-08-19 23:32:31,637 - INFO - 数据库初始化完成
2025-08-19 23:32:33,404 - WARNING - 股票 sh880649 不存在于观察池中
2025-08-19 23:32:33,404 - INFO - 处理进度 [1064/11571]: sh880649
2025-08-19 23:32:33,405 - INFO - 数据库初始化完成
2025-08-19 23:32:33,414 - WARNING - sh880570 数据不足 (少于250天)，无法生成画像
2025-08-19 23:32:33,415 - INFO - 数据库初始化完成
2025-08-19 23:32:33,415 - INFO - 处理进度 [1065/11571]: sh880570
2025-08-19 23:32:36,681 - WARNING - 股票 sh880320 不存在于观察池中
2025-08-19 23:32:36,681 - INFO - 数据库初始化完成
2025-08-19 23:32:36,682 - INFO - 处理进度 [1066/11571]: sh880320
2025-08-19 23:32:39,215 - WARNING - 股票 sh603931 不存在于观察池中
2025-08-19 23:32:39,216 - INFO - 数据库初始化完成
2025-08-19 23:32:39,217 - INFO - 处理进度 [1067/11571]: sh603931
2025-08-19 23:33:00,339 - WARNING - 股票 sh603657 不存在于观察池中
2025-08-19 23:33:00,340 - INFO - 处理进度 [1068/11571]: sh603657
2025-08-19 23:33:00,341 - INFO - 数据库初始化完成
2025-08-19 23:33:05,590 - WARNING - 股票 sh881363 不存在于观察池中
2025-08-19 23:33:05,591 - INFO - 处理进度 [1069/11571]: sh881363
2025-08-19 23:33:05,591 - INFO - 数据库初始化完成
2025-08-19 23:33:15,486 - WARNING - 股票 sh516920 不存在于观察池中
2025-08-19 23:33:15,487 - INFO - 数据库初始化完成
2025-08-19 23:33:15,489 - INFO - 处理进度 [1070/11571]: sh516920
2025-08-19 23:33:15,995 - WARNING - 股票 sh880001 不存在于观察池中
2025-08-19 23:33:15,996 - INFO - 数据库初始化完成
2025-08-19 23:33:15,997 - INFO - 处理进度 [1071/11571]: sh880001
2025-08-19 23:33:31,890 - WARNING - 股票 sh688609 不存在于观察池中
2025-08-19 23:33:31,891 - INFO - 数据库初始化完成
2025-08-19 23:33:31,892 - INFO - 处理进度 [1072/11571]: sh688609
2025-08-19 23:33:52,321 - WARNING - 股票 sh600908 不存在于观察池中
2025-08-19 23:33:52,321 - INFO - 处理进度 [1073/11571]: sh600908
2025-08-19 23:33:52,322 - INFO - 数据库初始化完成
2025-08-19 23:33:56,484 - WARNING - 股票 sh600809 不存在于观察池中
2025-08-19 23:33:56,485 - INFO - 数据库初始化完成
2025-08-19 23:33:56,486 - INFO - 处理进度 [1074/11571]: sh600809
2025-08-19 23:34:03,433 - WARNING - 股票 sh605009 不存在于观察池中
2025-08-19 23:34:03,433 - INFO - 处理进度 [1075/11571]: sh605009
2025-08-19 23:34:03,434 - INFO - 数据库初始化完成
2025-08-19 23:34:45,027 - WARNING - 股票 sh501061 不存在于观察池中
2025-08-19 23:34:45,029 - INFO - 数据库初始化完成
2025-08-19 23:34:45,029 - INFO - 处理进度 [1076/11571]: sh501061
2025-08-19 23:35:06,206 - WARNING - 股票 sh688510 不存在于观察池中
2025-08-19 23:35:06,207 - INFO - 处理进度 [1077/11571]: sh688510
2025-08-19 23:35:06,208 - INFO - 数据库初始化完成
2025-08-19 23:35:18,030 - WARNING - 股票 sh880228 不存在于观察池中
2025-08-19 23:35:18,031 - INFO - 数据库初始化完成
2025-08-19 23:35:18,032 - INFO - 处理进度 [1078/11571]: sh880228
2025-08-19 23:35:21,785 - WARNING - 股票 sh881245 不存在于观察池中
2025-08-19 23:35:21,786 - INFO - 数据库初始化完成
2025-08-19 23:35:21,786 - INFO - 处理进度 [1079/11571]: sh881245
2025-08-19 23:35:40,899 - WARNING - 股票 sh600613 不存在于观察池中
2025-08-19 23:35:40,900 - INFO - 处理进度 [1080/11571]: sh600613
2025-08-19 23:35:40,900 - INFO - 数据库初始化完成
2025-08-19 23:35:59,450 - WARNING - 股票 sh603050 不存在于观察池中
2025-08-19 23:35:59,451 - INFO - 数据库初始化完成
2025-08-19 23:35:59,451 - INFO - 处理进度 [1081/11571]: sh603050
2025-08-19 23:36:08,536 - WARNING - 股票 sh881336 不存在于观察池中
2025-08-19 23:36:08,537 - INFO - 数据库初始化完成
2025-08-19 23:36:08,537 - INFO - 处理进度 [1082/11571]: sh881336
2025-08-19 23:36:26,957 - WARNING - 股票 sh517120 不存在于观察池中
2025-08-19 23:36:26,957 - INFO - 处理进度 [1083/11571]: sh517120
2025-08-19 23:36:26,958 - INFO - 数据库初始化完成
2025-08-19 23:36:27,397 - WARNING - 股票 sh501075 不存在于观察池中
2025-08-19 23:36:27,398 - INFO - 数据库初始化完成
2025-08-19 23:36:27,398 - INFO - 处理进度 [1084/11571]: sh501075
2025-08-19 23:36:39,554 - WARNING - 股票 sh880602 不存在于观察池中
2025-08-19 23:36:39,555 - INFO - 数据库初始化完成
2025-08-19 23:36:39,556 - INFO - 处理进度 [1085/11571]: sh880602
2025-08-19 23:36:41,141 - WARNING - 股票 sh603598 不存在于观察池中
2025-08-19 23:36:41,142 - INFO - 处理进度 [1086/11571]: sh603598
2025-08-19 23:36:41,142 - INFO - 数据库初始化完成
2025-08-19 23:37:17,109 - WARNING - 股票 sh600725 不存在于观察池中
2025-08-19 23:37:17,110 - INFO - 数据库初始化完成
2025-08-19 23:37:17,111 - INFO - 处理进度 [1087/11571]: sh600725
2025-08-19 23:37:17,271 - WARNING - 股票 sh600176 不存在于观察池中
2025-08-19 23:37:17,272 - INFO - 处理进度 [1088/11571]: sh600176
2025-08-19 23:37:17,272 - INFO - 数据库初始化完成
2025-08-19 23:37:30,261 - WARNING - 股票 sh600477 不存在于观察池中
2025-08-19 23:37:30,262 - INFO - 数据库初始化完成
2025-08-19 23:37:30,262 - INFO - 处理进度 [1089/11571]: sh600477
2025-08-19 23:38:11,718 - WARNING - 股票 sh880896 不存在于观察池中
2025-08-19 23:38:11,719 - INFO - 数据库初始化完成
2025-08-19 23:38:11,720 - INFO - 处理进度 [1090/11571]: sh880896
2025-08-19 23:38:40,300 - WARNING - 股票 sh603333 不存在于观察池中
2025-08-19 23:38:40,302 - INFO - 数据库初始化完成
2025-08-19 23:38:40,302 - INFO - 处理进度 [1091/11571]: sh603333
2025-08-19 23:38:40,312 - WARNING - sh561880 数据不足 (少于250天)，无法生成画像
2025-08-19 23:38:40,312 - INFO - 处理进度 [1092/11571]: sh561880
2025-08-19 23:38:40,313 - INFO - 数据库初始化完成
2025-08-19 23:39:21,788 - WARNING - 股票 sh511220 不存在于观察池中
2025-08-19 23:39:21,789 - INFO - 数据库初始化完成
2025-08-19 23:39:21,789 - INFO - 处理进度 [1093/11571]: sh511220
2025-08-19 23:39:24,418 - WARNING - 股票 sh601200 不存在于观察池中
2025-08-19 23:39:24,418 - INFO - 数据库初始化完成
2025-08-19 23:39:24,419 - INFO - 处理进度 [1094/11571]: sh601200
2025-08-19 23:39:24,435 - WARNING - sh880073 数据不足 (少于250天)，无法生成画像
2025-08-19 23:39:24,435 - INFO - 数据库初始化完成
2025-08-19 23:39:24,435 - INFO - 处理进度 [1095/11571]: sh880073
2025-08-19 23:39:34,471 - WARNING - 股票 sh880969 不存在于观察池中
2025-08-19 23:39:34,472 - INFO - 数据库初始化完成
2025-08-19 23:39:34,472 - INFO - 处理进度 [1096/11571]: sh880969
2025-08-19 23:39:34,474 - WARNING - sh563760 数据不足 (少于250天)，无法生成画像
2025-08-19 23:39:34,474 - INFO - 数据库初始化完成
2025-08-19 23:39:34,474 - INFO - 处理进度 [1097/11571]: sh563760
2025-08-19 23:40:05,597 - WARNING - 股票 sh880419 不存在于观察池中
2025-08-19 23:40:05,598 - INFO - 数据库初始化完成
2025-08-19 23:40:05,599 - INFO - 处理进度 [1098/11571]: sh880419
2025-08-19 23:40:05,609 - WARNING - sh118048 数据不足 (少于250天)，无法生成画像
2025-08-19 23:40:05,609 - INFO - 处理进度 [1099/11571]: sh118048
2025-08-19 23:40:05,610 - INFO - 数据库初始化完成
2025-08-19 23:40:10,902 - WARNING - 股票 sh688256 不存在于观察池中
2025-08-19 23:40:10,903 - INFO - 数据库初始化完成
2025-08-19 23:40:10,903 - INFO - 处理进度 [1100/11571]: sh688256
2025-08-19 23:40:33,969 - WARNING - 股票 sh603729 不存在于观察池中
2025-08-19 23:40:33,970 - INFO - 数据库初始化完成
2025-08-19 23:40:33,970 - INFO - 处理进度 [1101/11571]: sh603729
2025-08-19 23:40:56,017 - WARNING - 股票 sh605098 不存在于观察池中
2025-08-19 23:40:56,018 - INFO - 数据库初始化完成
2025-08-19 23:40:56,018 - INFO - 处理进度 [1102/11571]: sh605098
2025-08-19 23:40:57,691 - WARNING - 股票 sh688095 不存在于观察池中
2025-08-19 23:40:57,692 - INFO - 数据库初始化完成
2025-08-19 23:40:57,692 - INFO - 处理进度 [1103/11571]: sh688095
2025-08-19 23:41:00,218 - WARNING - 股票 sh688480 不存在于观察池中
2025-08-19 23:41:00,219 - INFO - 处理进度 [1104/11571]: sh688480
2025-08-19 23:41:00,219 - INFO - 数据库初始化完成
2025-08-19 23:41:17,918 - WARNING - 股票 sh688176 不存在于观察池中
2025-08-19 23:41:17,918 - INFO - 数据库初始化完成
2025-08-19 23:41:17,919 - INFO - 处理进度 [1105/11571]: sh688176
2025-08-19 23:41:21,094 - WARNING - 股票 sh605117 不存在于观察池中
2025-08-19 23:41:21,095 - INFO - 处理进度 [1106/11571]: sh605117
2025-08-19 23:41:21,095 - INFO - 数据库初始化完成
2025-08-19 23:41:31,935 - WARNING - 股票 sh600479 不存在于观察池中
2025-08-19 23:41:31,935 - INFO - 数据库初始化完成
2025-08-19 23:41:31,936 - INFO - 处理进度 [1107/11571]: sh600479
2025-08-19 23:41:43,930 - WARNING - 股票 sh880744 不存在于观察池中
2025-08-19 23:41:43,931 - INFO - 处理进度 [1108/11571]: sh880744
2025-08-19 23:41:43,931 - INFO - 数据库初始化完成
2025-08-19 23:41:48,614 - WARNING - 股票 sh688039 不存在于观察池中
2025-08-19 23:41:48,615 - INFO - 数据库初始化完成
2025-08-19 23:41:48,615 - INFO - 处理进度 [1109/11571]: sh688039
2025-08-19 23:41:58,490 - WARNING - 股票 sh605378 不存在于观察池中
2025-08-19 23:41:58,492 - INFO - 数据库初始化完成
2025-08-19 23:41:58,492 - INFO - 处理进度 [1110/11571]: sh605378
2025-08-19 23:42:09,018 - WARNING - 股票 sh688169 不存在于观察池中
2025-08-19 23:42:09,019 - INFO - 数据库初始化完成
2025-08-19 23:42:09,019 - INFO - 处理进度 [1111/11571]: sh688169
2025-08-19 23:42:19,269 - WARNING - 股票 sh603518 不存在于观察池中
2025-08-19 23:42:19,270 - INFO - 数据库初始化完成
2025-08-19 23:42:19,273 - INFO - 处理进度 [1112/11571]: sh603518
2025-08-19 23:42:33,246 - WARNING - 股票 sh561560 不存在于观察池中
2025-08-19 23:42:33,247 - INFO - 处理进度 [1113/11571]: sh561560
2025-08-19 23:42:33,247 - INFO - 数据库初始化完成
2025-08-19 23:42:40,248 - WARNING - 股票 sh881311 不存在于观察池中
2025-08-19 23:42:40,249 - INFO - 数据库初始化完成
2025-08-19 23:42:40,249 - INFO - 处理进度 [1114/11571]: sh881311
2025-08-19 23:42:40,250 - WARNING - sh588980 数据不足 (少于250天)，无法生成画像
2025-08-19 23:42:40,251 - INFO - 处理进度 [1115/11571]: sh588980
2025-08-19 23:42:40,251 - INFO - 数据库初始化完成
2025-08-19 23:42:42,389 - WARNING - 股票 sh688300 不存在于观察池中
2025-08-19 23:42:42,389 - INFO - 处理进度 [1116/11571]: sh688300
2025-08-19 23:42:42,390 - INFO - 数据库初始化完成
2025-08-19 23:44:03,348 - WARNING - 股票 sh881243 不存在于观察池中
2025-08-19 23:44:03,349 - INFO - 数据库初始化完成
2025-08-19 23:44:03,350 - INFO - 处理进度 [1117/11571]: sh881243
2025-08-19 23:44:23,482 - WARNING - 股票 sh688288 不存在于观察池中
2025-08-19 23:44:23,483 - INFO - 处理进度 [1118/11571]: sh688288
2025-08-19 23:44:23,483 - INFO - 数据库初始化完成
2025-08-19 23:44:24,138 - WARNING - 股票 sh880875 不存在于观察池中
2025-08-19 23:44:24,139 - INFO - 数据库初始化完成
2025-08-19 23:44:24,140 - INFO - 处理进度 [1119/11571]: sh880875
2025-08-19 23:44:36,325 - WARNING - 股票 sh881457 不存在于观察池中
2025-08-19 23:44:36,326 - INFO - 处理进度 [1120/11571]: sh881457
2025-08-19 23:44:36,326 - INFO - 数据库初始化完成
2025-08-19 23:44:36,337 - WARNING - sh880692 数据不足 (少于250天)，无法生成画像
2025-08-19 23:44:36,337 - INFO - 处理进度 [1121/11571]: sh880692
2025-08-19 23:44:36,337 - INFO - 数据库初始化完成
2025-08-19 23:45:16,098 - WARNING - 股票 sh688103 不存在于观察池中
2025-08-19 23:45:16,099 - INFO - 处理进度 [1122/11571]: sh688103
2025-08-19 23:45:16,099 - INFO - 数据库初始化完成
2025-08-19 23:45:16,102 - WARNING - sh688775 数据不足 (少于250天)，无法生成画像
2025-08-19 23:45:16,102 - INFO - 处理进度 [1123/11571]: sh688775
2025-08-19 23:45:16,102 - INFO - 数据库初始化完成
2025-08-19 23:45:22,483 - WARNING - 差分进化优化失败，使用默认参数
2025-08-19 23:45:22,484 - ERROR - sh600390 参数优化失败，使用默认参数回退
2025-08-19 23:45:22,497 - WARNING - 股票 sh600390 不存在于观察池中
2025-08-19 23:45:22,498 - INFO - 数据库初始化完成
2025-08-19 23:45:22,501 - INFO - 处理进度 [1124/11571]: sh600390
2025-08-19 23:45:35,386 - WARNING - 股票 sh688520 不存在于观察池中
2025-08-19 23:45:35,387 - INFO - 处理进度 [1125/11571]: sh688520
2025-08-19 23:45:35,387 - INFO - 数据库初始化完成
2025-08-19 23:45:40,100 - WARNING - 股票 sh600379 不存在于观察池中
2025-08-19 23:45:40,101 - INFO - 处理进度 [1126/11571]: sh600379
2025-08-19 23:45:40,101 - INFO - 数据库初始化完成
2025-08-19 23:45:52,463 - WARNING - 股票 sh600376 不存在于观察池中
2025-08-19 23:45:52,465 - INFO - 数据库初始化完成
2025-08-19 23:45:52,464 - INFO - 处理进度 [1127/11571]: sh600376
2025-08-19 23:45:58,511 - WARNING - 股票 sh515380 不存在于观察池中
2025-08-19 23:45:58,512 - INFO - 处理进度 [1128/11571]: sh515380
2025-08-19 23:45:58,512 - INFO - 数据库初始化完成
2025-08-19 23:46:08,062 - WARNING - 差分进化优化失败，使用默认参数
2025-08-19 23:46:08,063 - ERROR - sh603026 参数优化失败，使用默认参数回退
2025-08-19 23:46:08,077 - WARNING - 股票 sh603026 不存在于观察池中
2025-08-19 23:46:08,077 - INFO - 处理进度 [1129/11571]: sh603026
2025-08-19 23:46:08,078 - INFO - 数据库初始化完成
2025-08-19 23:46:13,549 - WARNING - 股票 sh880933 不存在于观察池中
2025-08-19 23:46:13,550 - INFO - 处理进度 [1130/11571]: sh880933
2025-08-19 23:46:13,550 - INFO - 数据库初始化完成
2025-08-19 23:46:20,259 - WARNING - 股票 sh603169 不存在于观察池中
2025-08-19 23:46:20,260 - INFO - 处理进度 [1131/11571]: sh603169
2025-08-19 23:46:20,260 - INFO - 数据库初始化完成
2025-08-19 23:46:31,567 - WARNING - 股票 sh688768 不存在于观察池中
2025-08-19 23:46:31,568 - INFO - 数据库初始化完成
2025-08-19 23:46:31,569 - INFO - 处理进度 [1132/11571]: sh688768
2025-08-19 23:46:48,925 - WARNING - 股票 sh881090 不存在于观察池中
2025-08-19 23:46:48,926 - INFO - 数据库初始化完成
2025-08-19 23:46:48,926 - INFO - 处理进度 [1133/11571]: sh881090
2025-08-19 23:46:54,999 - WARNING - 股票 sh880756 不存在于观察池中
2025-08-19 23:46:55,000 - INFO - 处理进度 [1134/11571]: sh880756
2025-08-19 23:46:55,000 - INFO - 数据库初始化完成
2025-08-19 23:46:57,107 - WARNING - 差分进化优化失败，使用默认参数
2025-08-19 23:46:57,107 - ERROR - sh688228 参数优化失败，使用默认参数回退
2025-08-19 23:46:57,121 - WARNING - 股票 sh688228 不存在于观察池中
2025-08-19 23:46:57,122 - INFO - 数据库初始化完成
2025-08-19 23:46:57,122 - INFO - 处理进度 [1135/11571]: sh688228
2025-08-19 23:46:59,809 - WARNING - 股票 sh603790 不存在于观察池中
2025-08-19 23:46:59,810 - INFO - 数据库初始化完成
2025-08-19 23:46:59,810 - INFO - 处理进度 [1136/11571]: sh603790
2025-08-19 23:47:15,572 - WARNING - 股票 sh000906 不存在于观察池中
2025-08-19 23:47:15,573 - INFO - 处理进度 [1137/11571]: sh000906
2025-08-19 23:47:15,573 - INFO - 数据库初始化完成
2025-08-19 23:47:15,692 - WARNING - 股票 sh881256 不存在于观察池中
2025-08-19 23:47:15,693 - INFO - 数据库初始化完成
2025-08-19 23:47:15,694 - INFO - 处理进度 [1138/11571]: sh881256
2025-08-19 23:47:28,087 - WARNING - 股票 sh688075 不存在于观察池中
2025-08-19 23:47:28,087 - INFO - 数据库初始化完成
2025-08-19 23:47:28,088 - INFO - 处理进度 [1139/11571]: sh688075
2025-08-19 23:47:34,311 - WARNING - 股票 sh881183 不存在于观察池中
2025-08-19 23:47:34,312 - INFO - 数据库初始化完成
2025-08-19 23:47:34,312 - INFO - 处理进度 [1140/11571]: sh881183
2025-08-19 23:47:38,659 - WARNING - 股票 sh880887 不存在于观察池中
2025-08-19 23:47:38,659 - INFO - 数据库初始化完成
2025-08-19 23:47:38,660 - INFO - 处理进度 [1141/11571]: sh880887
2025-08-19 23:48:01,930 - WARNING - 股票 sh600012 不存在于观察池中
2025-08-19 23:48:01,931 - INFO - 处理进度 [1142/11571]: sh600012
2025-08-19 23:48:01,931 - INFO - 数据库初始化完成
2025-08-19 23:48:11,417 - WARNING - 股票 sh881326 不存在于观察池中
2025-08-19 23:48:11,418 - INFO - 数据库初始化完成
2025-08-19 23:48:11,418 - INFO - 处理进度 [1143/11571]: sh881326
2025-08-19 23:48:29,304 - WARNING - 股票 sh881380 不存在于观察池中
2025-08-19 23:48:29,305 - INFO - 数据库初始化完成
2025-08-19 23:48:29,305 - INFO - 处理进度 [1144/11571]: sh881380
2025-08-19 23:48:36,250 - WARNING - 股票 sh600179 不存在于观察池中
2025-08-19 23:48:36,251 - INFO - 数据库初始化完成
2025-08-19 23:48:36,251 - INFO - 处理进度 [1145/11571]: sh600179
2025-08-19 23:48:36,262 - WARNING - sh562700 数据不足 (少于250天)，无法生成画像
2025-08-19 23:48:36,262 - INFO - 处理进度 [1146/11571]: sh562700
2025-08-19 23:48:36,263 - INFO - 数据库初始化完成
2025-08-19 23:49:12,955 - WARNING - 股票 sh600182 不存在于观察池中
2025-08-19 23:49:12,955 - INFO - 数据库初始化完成
2025-08-19 23:49:12,955 - INFO - 处理进度 [1147/11571]: sh600182
2025-08-19 23:50:18,385 - WARNING - 股票 sh881022 不存在于观察池中
2025-08-19 23:50:18,386 - INFO - 数据库初始化完成
2025-08-19 23:50:18,386 - INFO - 处理进度 [1148/11571]: sh881022
2025-08-19 23:50:24,523 - WARNING - 股票 sh603713 不存在于观察池中
2025-08-19 23:50:24,524 - INFO - 处理进度 [1149/11571]: sh603713
2025-08-19 23:50:24,524 - INFO - 数据库初始化完成
2025-08-19 23:50:41,974 - WARNING - 股票 sh688317 不存在于观察池中
2025-08-19 23:50:41,975 - INFO - 数据库初始化完成
2025-08-19 23:50:41,975 - INFO - 处理进度 [1150/11571]: sh688317
2025-08-19 23:50:47,214 - WARNING - 股票 sh880368 不存在于观察池中
2025-08-19 23:50:47,215 - INFO - 数据库初始化完成
2025-08-19 23:50:47,216 - INFO - 处理进度 [1151/11571]: sh880368
2025-08-19 23:51:00,536 - WARNING - 股票 sh501201 不存在于观察池中
2025-08-19 23:51:00,536 - INFO - 处理进度 [1152/11571]: sh501201
2025-08-19 23:51:00,537 - INFO - 数据库初始化完成
2025-08-19 23:52:00,934 - WARNING - 差分进化优化失败，使用默认参数
2025-08-19 23:52:00,935 - ERROR - sh601500 参数优化失败，使用默认参数回退
2025-08-19 23:52:00,949 - WARNING - 股票 sh601500 不存在于观察池中
2025-08-19 23:52:00,950 - INFO - 数据库初始化完成
2025-08-19 23:52:00,950 - INFO - 处理进度 [1153/11571]: sh601500
2025-08-19 23:52:04,910 - WARNING - 差分进化优化失败，使用默认参数
2025-08-19 23:52:04,911 - ERROR - sh880312 参数优化失败，使用默认参数回退
2025-08-19 23:52:04,925 - WARNING - 股票 sh880312 不存在于观察池中
2025-08-19 23:52:04,926 - INFO - 处理进度 [1154/11571]: sh880312
2025-08-19 23:52:04,926 - INFO - 数据库初始化完成
2025-08-19 23:52:09,430 - WARNING - 股票 sh603281 不存在于观察池中
2025-08-19 23:52:09,431 - INFO - 数据库初始化完成
2025-08-19 23:52:09,431 - INFO - 处理进度 [1155/11571]: sh603281
2025-08-19 23:52:40,930 - WARNING - 股票 sh000687 不存在于观察池中
2025-08-19 23:52:40,931 - INFO - 数据库初始化完成
2025-08-19 23:52:40,931 - INFO - 处理进度 [1156/11571]: sh000687
2025-08-19 23:52:44,999 - WARNING - 股票 sh603587 不存在于观察池中
2025-08-19 23:52:44,999 - INFO - 处理进度 [1157/11571]: sh603587
2025-08-19 23:52:45,000 - INFO - 数据库初始化完成
2025-08-19 23:52:48,628 - WARNING - 股票 sh688092 不存在于观察池中
2025-08-19 23:52:48,629 - INFO - 数据库初始化完成
2025-08-19 23:52:48,629 - INFO - 处理进度 [1158/11571]: sh688092
2025-08-19 23:52:51,821 - WARNING - 股票 sh113056 不存在于观察池中
2025-08-19 23:52:51,822 - INFO - 数据库初始化完成
2025-08-19 23:52:51,824 - INFO - 处理进度 [1159/11571]: sh113056
2025-08-19 23:52:58,435 - WARNING - 股票 sh000690 不存在于观察池中
2025-08-19 23:52:58,436 - INFO - 处理进度 [1160/11571]: sh000690
2025-08-19 23:52:58,437 - INFO - 数据库初始化完成
2025-08-19 23:53:28,251 - WARNING - 差分进化优化失败，使用默认参数
2025-08-19 23:53:28,252 - ERROR - sh603239 参数优化失败，使用默认参数回退
2025-08-19 23:53:28,269 - WARNING - 股票 sh603239 不存在于观察池中
2025-08-19 23:53:28,270 - INFO - 数据库初始化完成
2025-08-19 23:53:28,273 - INFO - 处理进度 [1161/11571]: sh603239
2025-08-19 23:53:34,889 - WARNING - 股票 sh881082 不存在于观察池中
2025-08-19 23:53:34,890 - INFO - 数据库初始化完成
2025-08-19 23:53:34,890 - INFO - 处理进度 [1162/11571]: sh881082
2025-08-19 23:53:41,786 - WARNING - 股票 sh688099 不存在于观察池中
2025-08-19 23:53:41,786 - INFO - 处理进度 [1163/11571]: sh688099
2025-08-19 23:53:41,787 - INFO - 数据库初始化完成
2025-08-19 23:53:55,074 - WARNING - 股票 sh501029 不存在于观察池中
2025-08-19 23:53:55,075 - INFO - 数据库初始化完成
2025-08-19 23:53:55,076 - INFO - 处理进度 [1164/11571]: sh501029
2025-08-19 23:54:18,087 - WARNING - 股票 sh881127 不存在于观察池中
2025-08-19 23:54:18,088 - INFO - 处理进度 [1165/11571]: sh881127
2025-08-19 23:54:18,088 - INFO - 数据库初始化完成
2025-08-19 23:54:30,700 - WARNING - 股票 sh600998 不存在于观察池中
2025-08-19 23:54:30,701 - INFO - 数据库初始化完成
2025-08-19 23:54:30,701 - INFO - 处理进度 [1166/11571]: sh600998
2025-08-19 23:54:36,855 - WARNING - 股票 sh688373 不存在于观察池中
2025-08-19 23:54:36,855 - INFO - 数据库初始化完成
2025-08-19 23:54:36,856 - INFO - 处理进度 [1167/11571]: sh688373
2025-08-19 23:54:55,765 - WARNING - 股票 sh501093 不存在于观察池中
2025-08-19 23:54:55,766 - INFO - 处理进度 [1168/11571]: sh501093
2025-08-19 23:54:55,766 - INFO - 数据库初始化完成
2025-08-19 23:55:18,427 - WARNING - 股票 sh111011 不存在于观察池中
2025-08-19 23:55:18,428 - INFO - 处理进度 [1169/11571]: sh111011
2025-08-19 23:55:18,428 - INFO - 数据库初始化完成
2025-08-19 23:55:18,441 - WARNING - sh880678 数据不足 (少于250天)，无法生成画像
2025-08-19 23:55:18,441 - INFO - 处理进度 [1170/11571]: sh880678
2025-08-19 23:55:18,442 - INFO - 数据库初始化完成
2025-08-19 23:55:22,162 - WARNING - 股票 sh600308 不存在于观察池中
2025-08-19 23:55:22,163 - INFO - 处理进度 [1171/11571]: sh600308
2025-08-19 23:55:22,163 - INFO - 数据库初始化完成
2025-08-19 23:55:36,042 - WARNING - 股票 sh515200 不存在于观察池中
2025-08-19 23:55:36,043 - INFO - 处理进度 [1172/11571]: sh515200
2025-08-19 23:55:36,043 - INFO - 数据库初始化完成
2025-08-19 23:56:09,683 - WARNING - 股票 sh881442 不存在于观察池中
2025-08-19 23:56:09,684 - INFO - 数据库初始化完成
2025-08-19 23:56:09,684 - INFO - 处理进度 [1173/11571]: sh881442
2025-08-19 23:56:13,887 - WARNING - 股票 sh601616 不存在于观察池中
2025-08-19 23:56:13,895 - INFO - 处理进度 [1174/11571]: sh601616
2025-08-19 23:56:13,895 - INFO - 数据库初始化完成
2025-08-19 23:56:24,306 - WARNING - 股票 sh600421 不存在于观察池中
2025-08-19 23:56:24,307 - INFO - 数据库初始化完成
2025-08-19 23:56:24,307 - INFO - 处理进度 [1175/11571]: sh600421
2025-08-19 23:56:32,992 - WARNING - 股票 sh881144 不存在于观察池中
2025-08-19 23:56:32,992 - INFO - 数据库初始化完成
2025-08-19 23:56:32,993 - INFO - 处理进度 [1176/11571]: sh881144
2025-08-19 23:56:56,989 - WARNING - 股票 sh688017 不存在于观察池中
2025-08-19 23:56:56,990 - INFO - 数据库初始化完成
2025-08-19 23:56:56,990 - INFO - 处理进度 [1177/11571]: sh688017
2025-08-19 23:57:08,764 - WARNING - 股票 sh688281 不存在于观察池中
2025-08-19 23:57:08,764 - INFO - 处理进度 [1178/11571]: sh688281
2025-08-19 23:57:08,765 - INFO - 数据库初始化完成
2025-08-19 23:57:08,776 - WARNING - sh520900 数据不足 (少于250天)，无法生成画像
2025-08-19 23:57:08,777 - INFO - 数据库初始化完成
2025-08-19 23:57:08,777 - INFO - 处理进度 [1179/11571]: sh520900
2025-08-19 23:57:21,682 - WARNING - 差分进化优化失败，使用默认参数
2025-08-19 23:57:21,682 - ERROR - sh881109 参数优化失败，使用默认参数回退
2025-08-19 23:57:21,696 - WARNING - 股票 sh881109 不存在于观察池中
2025-08-19 23:57:21,697 - INFO - 数据库初始化完成
2025-08-19 23:57:21,697 - INFO - 处理进度 [1180/11571]: sh881109
2025-08-19 23:57:24,225 - WARNING - 股票 sh880795 不存在于观察池中
2025-08-19 23:57:24,226 - INFO - 数据库初始化完成
2025-08-19 23:57:24,226 - INFO - 处理进度 [1181/11571]: sh880795
2025-08-19 23:58:03,316 - WARNING - 股票 sh501032 不存在于观察池中
2025-08-19 23:58:03,317 - INFO - 处理进度 [1182/11571]: sh501032
2025-08-19 23:58:03,317 - INFO - 数据库初始化完成
2025-08-19 23:58:33,537 - WARNING - 股票 sh881266 不存在于观察池中
2025-08-19 23:58:33,538 - INFO - 数据库初始化完成
2025-08-19 23:58:33,538 - INFO - 处理进度 [1183/11571]: sh881266
2025-08-19 23:58:45,728 - WARNING - 股票 sh881448 不存在于观察池中
2025-08-19 23:58:45,729 - INFO - 处理进度 [1184/11571]: sh881448
2025-08-19 23:58:45,729 - INFO - 数据库初始化完成
2025-08-19 23:58:48,159 - WARNING - 股票 sh603226 不存在于观察池中
2025-08-19 23:58:48,185 - INFO - 数据库初始化完成
2025-08-19 23:58:48,185 - INFO - 处理进度 [1185/11571]: sh603226
2025-08-19 23:59:40,024 - WARNING - 股票 sh603318 不存在于观察池中
2025-08-19 23:59:40,025 - INFO - 数据库初始化完成
2025-08-19 23:59:40,025 - INFO - 处理进度 [1186/11571]: sh603318
2025-08-19 23:59:49,722 - WARNING - 股票 sh688378 不存在于观察池中
2025-08-19 23:59:49,723 - INFO - 数据库初始化完成
2025-08-19 23:59:49,723 - INFO - 处理进度 [1187/11571]: sh688378
2025-08-19 23:59:59,347 - WARNING - 差分进化优化失败，使用默认参数
2025-08-19 23:59:59,348 - ERROR - sh600522 参数优化失败，使用默认参数回退
2025-08-19 23:59:59,362 - WARNING - 股票 sh600522 不存在于观察池中
2025-08-19 23:59:59,363 - INFO - 处理进度 [1188/11571]: sh600522
2025-08-19 23:59:59,363 - INFO - 数据库初始化完成
2025-08-20 00:00:17,018 - WARNING - 股票 sh881121 不存在于观察池中
2025-08-20 00:00:17,019 - INFO - 数据库初始化完成
2025-08-20 00:00:17,020 - INFO - 处理进度 [1189/11571]: sh881121
2025-08-20 00:00:17,032 - WARNING - sh603312 数据不足 (少于250天)，无法生成画像
2025-08-20 00:00:17,033 - INFO - 数据库初始化完成
2025-08-20 00:00:17,033 - INFO - 处理进度 [1190/11571]: sh603312
2025-08-20 00:00:24,019 - WARNING - 股票 sh603233 不存在于观察池中
2025-08-20 00:00:24,020 - INFO - 数据库初始化完成
2025-08-20 00:00:24,020 - INFO - 处理进度 [1191/11571]: sh603233
2025-08-20 00:00:58,498 - WARNING - 股票 sh600761 不存在于观察池中
2025-08-20 00:00:58,499 - INFO - 数据库初始化完成
2025-08-20 00:00:58,499 - INFO - 处理进度 [1192/11571]: sh600761
2025-08-20 00:01:17,317 - WARNING - 股票 sh501099 不存在于观察池中
2025-08-20 00:01:17,317 - INFO - 数据库初始化完成
2025-08-20 00:01:17,318 - INFO - 处理进度 [1193/11571]: sh501099
2025-08-20 00:01:22,763 - WARNING - 股票 sh517080 不存在于观察池中
2025-08-20 00:01:22,764 - INFO - 数据库初始化完成
2025-08-20 00:01:22,764 - INFO - 处理进度 [1194/11571]: sh517080
2025-08-20 00:01:24,600 - WARNING - 股票 sh513880 不存在于观察池中
2025-08-20 00:01:24,601 - INFO - 处理进度 [1195/11571]: sh513880
2025-08-20 00:01:24,601 - INFO - 数据库初始化完成
2025-08-20 00:01:27,027 - WARNING - 股票 sh601366 不存在于观察池中
2025-08-20 00:01:27,028 - INFO - 数据库初始化完成
2025-08-20 00:01:27,029 - INFO - 处理进度 [1196/11571]: sh601366
2025-08-20 00:01:30,357 - WARNING - 股票 sh880705 不存在于观察池中
2025-08-20 00:01:30,358 - INFO - 处理进度 [1197/11571]: sh880705
2025-08-20 00:01:30,358 - INFO - 数据库初始化完成
2025-08-20 00:01:30,373 - WARNING - sh880690 数据不足 (少于250天)，无法生成画像
2025-08-20 00:01:30,373 - INFO - 处理进度 [1198/11571]: sh880690
2025-08-20 00:01:30,373 - INFO - 数据库初始化完成
2025-08-20 00:01:53,330 - WARNING - 差分进化优化失败，使用默认参数
2025-08-20 00:01:53,331 - ERROR - sh688107 参数优化失败，使用默认参数回退
2025-08-20 00:01:53,345 - WARNING - 股票 sh688107 不存在于观察池中
2025-08-20 00:01:53,345 - INFO - 处理进度 [1199/11571]: sh688107
2025-08-20 00:01:53,346 - INFO - 数据库初始化完成
2025-08-20 00:02:20,299 - WARNING - 股票 sh881408 不存在于观察池中
2025-08-20 00:02:20,300 - INFO - 数据库初始化完成
2025-08-20 00:02:20,301 - INFO - 处理进度 [1200/11571]: sh881408
2025-08-20 00:02:28,680 - WARNING - 差分进化优化失败，使用默认参数
2025-08-20 00:02:28,681 - ERROR - sh601089 参数优化失败，使用默认参数回退
2025-08-20 00:02:28,695 - WARNING - 股票 sh601089 不存在于观察池中
2025-08-20 00:02:28,696 - INFO - 数据库初始化完成
2025-08-20 00:02:28,696 - INFO - 处理进度 [1201/11571]: sh601089
2025-08-20 00:03:06,135 - WARNING - 差分进化优化失败，使用默认参数
2025-08-20 00:03:06,135 - ERROR - sh510630 参数优化失败，使用默认参数回退
2025-08-20 00:03:06,149 - WARNING - 股票 sh510630 不存在于观察池中
2025-08-20 00:03:06,150 - INFO - 处理进度 [1202/11571]: sh510630
2025-08-20 00:03:06,150 - INFO - 数据库初始化完成
2025-08-20 00:03:09,005 - WARNING - 股票 sh881289 不存在于观察池中
2025-08-20 00:03:09,005 - INFO - 数据库初始化完成
2025-08-20 00:03:09,006 - INFO - 处理进度 [1203/11571]: sh881289
2025-08-20 00:03:23,355 - WARNING - 股票 sh881251 不存在于观察池中
2025-08-20 00:03:23,356 - INFO - 处理进度 [1204/11571]: sh881251
2025-08-20 00:03:23,356 - INFO - 数据库初始化完成
2025-08-20 00:03:39,121 - WARNING - 股票 sh516900 不存在于观察池中
2025-08-20 00:03:39,122 - INFO - 数据库初始化完成
2025-08-20 00:03:39,122 - INFO - 处理进度 [1205/11571]: sh516900
2025-08-20 00:03:40,077 - WARNING - 股票 sh600757 不存在于观察池中
2025-08-20 00:03:40,077 - INFO - 处理进度 [1206/11571]: sh600757
2025-08-20 00:03:40,078 - INFO - 数据库初始化完成
2025-08-20 00:03:41,163 - WARNING - 股票 sh688391 不存在于观察池中
2025-08-20 00:03:41,164 - INFO - 数据库初始化完成
2025-08-20 00:03:41,164 - INFO - 处理进度 [1207/11571]: sh688391
2025-08-20 00:03:49,473 - WARNING - 股票 sh880726 不存在于观察池中
2025-08-20 00:03:49,474 - INFO - 处理进度 [1208/11571]: sh880726
2025-08-20 00:03:49,474 - INFO - 数据库初始化完成
2025-08-20 00:03:49,493 - WARNING - sh561280 数据不足 (少于250天)，无法生成画像
2025-08-20 00:03:49,494 - INFO - 数据库初始化完成
2025-08-20 00:03:49,495 - INFO - 处理进度 [1209/11571]: sh561280
2025-08-20 00:03:50,944 - WARNING - 股票 sh600351 不存在于观察池中
2025-08-20 00:03:50,945 - INFO - 处理进度 [1210/11571]: sh600351
2025-08-20 00:03:50,945 - INFO - 数据库初始化完成
2025-08-20 00:03:51,858 - WARNING - 股票 sh113610 不存在于观察池中
2025-08-20 00:03:51,859 - INFO - 数据库初始化完成
2025-08-20 00:03:51,860 - INFO - 处理进度 [1211/11571]: sh113610
2025-08-20 00:03:52,231 - WARNING - 股票 sh601339 不存在于观察池中
2025-08-20 00:03:52,232 - INFO - 数据库初始化完成
2025-08-20 00:03:52,232 - INFO - 处理进度 [1212/11571]: sh601339
2025-08-20 00:04:02,723 - WARNING - 股票 sh688400 不存在于观察池中
2025-08-20 00:04:02,724 - INFO - 数据库初始化完成
2025-08-20 00:04:02,724 - INFO - 处理进度 [1213/11571]: sh688400
2025-08-20 00:04:07,302 - WARNING - 股票 sh688138 不存在于观察池中
2025-08-20 00:04:07,302 - INFO - 处理进度 [1214/11571]: sh688138
2025-08-20 00:04:07,303 - INFO - 数据库初始化完成
2025-08-20 00:04:25,658 - WARNING - 股票 sh688380 不存在于观察池中
2025-08-20 00:04:25,659 - INFO - 数据库初始化完成
2025-08-20 00:04:25,659 - INFO - 处理进度 [1215/11571]: sh688380
2025-08-20 00:05:20,529 - WARNING - 股票 sh600497 不存在于观察池中
2025-08-20 00:05:20,530 - INFO - 数据库初始化完成
2025-08-20 00:05:20,530 - INFO - 处理进度 [1216/11571]: sh600497
2025-08-20 00:05:41,767 - WARNING - 股票 sh600628 不存在于观察池中
2025-08-20 00:05:41,768 - INFO - 处理进度 [1217/11571]: sh600628
2025-08-20 00:05:41,768 - INFO - 数据库初始化完成
2025-08-20 00:05:41,788 - WARNING - sh688717 数据不足 (少于250天)，无法生成画像
2025-08-20 00:05:41,789 - INFO - 数据库初始化完成
2025-08-20 00:05:41,789 - INFO - 处理进度 [1218/11571]: sh688717
2025-08-20 00:06:34,193 - WARNING - 股票 sh603773 不存在于观察池中
2025-08-20 00:06:34,194 - INFO - 处理进度 [1219/11571]: sh603773
2025-08-20 00:06:34,194 - INFO - 数据库初始化完成
2025-08-20 00:06:56,278 - WARNING - 股票 sh881161 不存在于观察池中
2025-08-20 00:06:56,280 - INFO - 处理进度 [1220/11571]: sh881161
2025-08-20 00:06:56,281 - INFO - 数据库初始化完成
2025-08-20 00:07:11,201 - WARNING - 股票 sh881088 不存在于观察池中
2025-08-20 00:07:11,202 - INFO - 数据库初始化完成
2025-08-20 00:07:11,202 - INFO - 处理进度 [1221/11571]: sh881088
2025-08-20 00:07:11,553 - WARNING - sh880075 数据不足 (少于250天)，无法生成画像
2025-08-20 00:07:11,553 - INFO - 处理进度 [1222/11571]: sh880075
2025-08-20 00:07:11,554 - INFO - 数据库初始化完成
2025-08-20 00:07:30,170 - WARNING - 股票 sh881422 不存在于观察池中
2025-08-20 00:07:30,171 - INFO - 处理进度 [1223/11571]: sh881422
2025-08-20 00:07:30,171 - INFO - 数据库初始化完成
2025-08-20 00:07:44,564 - WARNING - 股票 sh603222 不存在于观察池中
2025-08-20 00:07:44,565 - INFO - 数据库初始化完成
2025-08-20 00:07:44,566 - INFO - 处理进度 [1224/11571]: sh603222
2025-08-20 00:07:50,975 - WARNING - 差分进化优化失败，使用默认参数
2025-08-20 00:07:50,976 - ERROR - sh560100 参数优化失败，使用默认参数回退
2025-08-20 00:07:50,989 - WARNING - 股票 sh560100 不存在于观察池中
2025-08-20 00:07:50,990 - INFO - 处理进度 [1225/11571]: sh560100
2025-08-20 00:07:50,990 - INFO - 数据库初始化完成
2025-08-20 00:07:53,901 - WARNING - 股票 sh688420 不存在于观察池中
2025-08-20 00:07:53,902 - INFO - 数据库初始化完成
2025-08-20 00:07:53,902 - INFO - 处理进度 [1226/11571]: sh688420
2025-08-20 00:08:02,677 - WARNING - 差分进化优化失败，使用默认参数
2025-08-20 00:08:02,677 - ERROR - sh562860 参数优化失败，使用默认参数回退
2025-08-20 00:08:02,691 - WARNING - 股票 sh562860 不存在于观察池中
2025-08-20 00:08:02,692 - INFO - 数据库初始化完成
2025-08-20 00:08:02,695 - INFO - 处理进度 [1227/11571]: sh562860
2025-08-20 00:08:02,705 - WARNING - sh113673 数据不足 (少于250天)，无法生成画像
2025-08-20 00:08:02,706 - INFO - 数据库初始化完成
2025-08-20 00:08:02,707 - INFO - 处理进度 [1228/11571]: sh113673
2025-08-20 00:08:02,717 - WARNING - sh880566 数据不足 (少于250天)，无法生成画像
2025-08-20 00:08:02,718 - INFO - 数据库初始化完成
2025-08-20 00:08:02,718 - INFO - 处理进度 [1229/11571]: sh880566
2025-08-20 00:08:17,179 - WARNING - 股票 sh900915 不存在于观察池中
2025-08-20 00:08:17,187 - INFO - 处理进度 [1230/11571]: sh900915
2025-08-20 00:08:17,188 - INFO - 数据库初始化完成
2025-08-20 00:08:27,792 - WARNING - 股票 sh880836 不存在于观察池中
2025-08-20 00:08:27,792 - INFO - 数据库初始化完成
2025-08-20 00:08:27,793 - INFO - 处理进度 [1231/11571]: sh880836
2025-08-20 00:08:27,804 - WARNING - sh588790 数据不足 (少于250天)，无法生成画像
2025-08-20 00:08:27,804 - INFO - 数据库初始化完成
2025-08-20 00:08:27,804 - INFO - 处理进度 [1232/11571]: sh588790
2025-08-20 00:08:43,115 - WARNING - 股票 sh881317 不存在于观察池中
2025-08-20 00:08:43,116 - INFO - 数据库初始化完成
2025-08-20 00:08:43,116 - INFO - 处理进度 [1233/11571]: sh881317
2025-08-20 00:08:43,455 - WARNING - 股票 sh688260 不存在于观察池中
2025-08-20 00:08:43,456 - INFO - 处理进度 [1234/11571]: sh688260
2025-08-20 00:08:43,456 - INFO - 数据库初始化完成
2025-08-20 00:08:48,107 - WARNING - 股票 sh603212 不存在于观察池中
2025-08-20 00:08:48,108 - INFO - 数据库初始化完成
2025-08-20 00:08:48,109 - INFO - 处理进度 [1235/11571]: sh603212
2025-08-20 00:08:48,120 - WARNING - sh603075 数据不足 (少于250天)，无法生成画像
2025-08-20 00:08:48,120 - INFO - 处理进度 [1236/11571]: sh603075
2025-08-20 00:08:48,121 - INFO - 数据库初始化完成
2025-08-20 00:09:16,020 - WARNING - 股票 sh600319 不存在于观察池中
2025-08-20 00:09:16,046 - INFO - 处理进度 [1237/11571]: sh600319
2025-08-20 00:09:16,046 - INFO - 数据库初始化完成
2025-08-20 00:09:30,667 - WARNING - 股票 sh600563 不存在于观察池中
2025-08-20 00:09:30,667 - INFO - 处理进度 [1238/11571]: sh600563
2025-08-20 00:09:30,668 - INFO - 数据库初始化完成
2025-08-20 00:09:42,485 - WARNING - 股票 sh603215 不存在于观察池中
2025-08-20 00:09:42,485 - INFO - 处理进度 [1239/11571]: sh603215
2025-08-20 00:09:42,486 - INFO - 数据库初始化完成
2025-08-20 00:09:42,496 - WARNING - sh110096 数据不足 (少于250天)，无法生成画像
2025-08-20 00:09:42,497 - INFO - 数据库初始化完成
2025-08-20 00:09:42,497 - INFO - 处理进度 [1240/11571]: sh110096
2025-08-20 00:10:04,710 - WARNING - 股票 sh603719 不存在于观察池中
2025-08-20 00:10:04,711 - INFO - 数据库初始化完成
2025-08-20 00:10:04,711 - INFO - 处理进度 [1241/11571]: sh603719
2025-08-20 00:10:05,151 - WARNING - 股票 sh688800 不存在于观察池中
2025-08-20 00:10:05,152 - INFO - 数据库初始化完成
2025-08-20 00:10:05,154 - INFO - 处理进度 [1242/11571]: sh688800
2025-08-20 00:10:11,241 - WARNING - 股票 sh603486 不存在于观察池中
2025-08-20 00:10:11,242 - INFO - 数据库初始化完成
2025-08-20 00:10:11,242 - INFO - 处理进度 [1243/11571]: sh603486
2025-08-20 00:11:04,741 - WARNING - 股票 sh600004 不存在于观察池中
2025-08-20 00:11:04,742 - INFO - 数据库初始化完成
2025-08-20 00:11:04,743 - INFO - 处理进度 [1244/11571]: sh600004
2025-08-20 00:11:13,450 - WARNING - 股票 sh603216 不存在于观察池中
2025-08-20 00:11:13,451 - INFO - 数据库初始化完成
2025-08-20 00:11:13,451 - INFO - 处理进度 [1245/11571]: sh603216
2025-08-20 00:11:14,047 - WARNING - 股票 sh603117 不存在于观察池中
2025-08-20 00:11:14,047 - INFO - 数据库初始化完成
2025-08-20 00:11:14,048 - INFO - 处理进度 [1246/11571]: sh603117
2025-08-20 00:11:40,081 - WARNING - 股票 sh118020 不存在于观察池中
2025-08-20 00:11:40,082 - INFO - 数据库初始化完成
2025-08-20 00:11:40,083 - INFO - 处理进度 [1247/11571]: sh118020
2025-08-20 00:11:43,023 - WARNING - 股票 sh600356 不存在于观察池中
2025-08-20 00:11:43,024 - INFO - 数据库初始化完成
2025-08-20 00:11:43,024 - INFO - 处理进度 [1248/11571]: sh600356
2025-08-20 00:11:43,193 - WARNING - 股票 sh605136 不存在于观察池中
2025-08-20 00:11:43,194 - INFO - 处理进度 [1249/11571]: sh605136
2025-08-20 00:11:43,194 - INFO - 数据库初始化完成
2025-08-20 00:11:49,391 - WARNING - 差分进化优化失败，使用默认参数
2025-08-20 00:11:49,391 - ERROR - sh688066 参数优化失败，使用默认参数回退
2025-08-20 00:11:49,405 - WARNING - 股票 sh688066 不存在于观察池中
2025-08-20 00:11:49,406 - INFO - 数据库初始化完成
2025-08-20 00:11:49,406 - INFO - 处理进度 [1250/11571]: sh688066
2025-08-20 00:12:13,779 - WARNING - 股票 sh881368 不存在于观察池中
2025-08-20 00:12:13,780 - INFO - 数据库初始化完成
2025-08-20 00:12:13,781 - INFO - 处理进度 [1251/11571]: sh881368
2025-08-20 00:12:14,181 - WARNING - 股票 sh513110 不存在于观察池中
2025-08-20 00:12:14,182 - INFO - 处理进度 [1252/11571]: sh513110
2025-08-20 00:12:14,183 - INFO - 数据库初始化完成
2025-08-20 00:12:16,932 - WARNING - 差分进化优化失败，使用默认参数
2025-08-20 00:12:16,933 - ERROR - sh880660 参数优化失败，使用默认参数回退
2025-08-20 00:12:16,947 - WARNING - 股票 sh880660 不存在于观察池中
2025-08-20 00:12:16,947 - INFO - 处理进度 [1253/11571]: sh880660
2025-08-20 00:12:16,948 - INFO - 数据库初始化完成
2025-08-20 00:12:37,348 - WARNING - 股票 sh881122 不存在于观察池中
2025-08-20 00:12:37,349 - INFO - 数据库初始化完成
2025-08-20 00:12:37,349 - INFO - 处理进度 [1254/11571]: sh881122
2025-08-20 00:12:37,360 - WARNING - sh113682 数据不足 (少于250天)，无法生成画像
2025-08-20 00:12:37,360 - INFO - 数据库初始化完成
2025-08-20 00:12:37,360 - INFO - 处理进度 [1255/11571]: sh113682
2025-08-20 00:14:02,536 - WARNING - 股票 sh605018 不存在于观察池中
2025-08-20 00:14:02,536 - INFO - 处理进度 [1256/11571]: sh605018
2025-08-20 00:14:02,537 - INFO - 数据库初始化完成
2025-08-20 00:14:02,554 - WARNING - sh688582 数据不足 (少于250天)，无法生成画像
2025-08-20 00:14:02,555 - INFO - 数据库初始化完成
2025-08-20 00:14:02,556 - INFO - 处理进度 [1257/11571]: sh688582
2025-08-20 00:14:07,568 - WARNING - 股票 sh600101 不存在于观察池中
2025-08-20 00:14:07,569 - INFO - 数据库初始化完成
2025-08-20 00:14:07,571 - INFO - 处理进度 [1258/11571]: sh600101
2025-08-20 00:14:08,809 - WARNING - 差分进化优化失败，使用默认参数
2025-08-20 00:14:08,809 - ERROR - sh560050 参数优化失败，使用默认参数回退
2025-08-20 00:14:08,823 - WARNING - 股票 sh560050 不存在于观察池中
2025-08-20 00:14:08,824 - INFO - 数据库初始化完成
2025-08-20 00:14:08,824 - INFO - 处理进度 [1259/11571]: sh560050
2025-08-20 00:14:27,566 - WARNING - 差分进化优化失败，使用默认参数
2025-08-20 00:14:27,566 - ERROR - sh512500 参数优化失败，使用默认参数回退
2025-08-20 00:14:27,581 - WARNING - 股票 sh512500 不存在于观察池中
2025-08-20 00:14:27,581 - INFO - 数据库初始化完成
2025-08-20 00:14:27,581 - INFO - 处理进度 [1260/11571]: sh512500
2025-08-20 00:14:27,583 - WARNING - sh113693 数据不足 (少于250天)，无法生成画像
2025-08-20 00:14:27,584 - INFO - 数据库初始化完成
2025-08-20 00:14:27,585 - INFO - 处理进度 [1261/11571]: sh113693
2025-08-20 00:15:03,987 - WARNING - 股票 sh511700 不存在于观察池中
2025-08-20 00:15:03,987 - INFO - 处理进度 [1262/11571]: sh511700
2025-08-20 00:15:03,988 - INFO - 数据库初始化完成
2025-08-20 00:15:11,732 - WARNING - 股票 sh881211 不存在于观察池中
2025-08-20 00:15:11,732 - INFO - 处理进度 [1263/11571]: sh881211
2025-08-20 00:15:11,733 - INFO - 数据库初始化完成
2025-08-20 00:15:11,791 - WARNING - 股票 sh601179 不存在于观察池中
2025-08-20 00:15:11,792 - INFO - 数据库初始化完成
2025-08-20 00:15:11,793 - INFO - 处理进度 [1264/11571]: sh601179
2025-08-20 00:15:11,804 - WARNING - sh562030 数据不足 (少于250天)，无法生成画像
2025-08-20 00:15:11,804 - INFO - 数据库初始化完成
2025-08-20 00:15:11,805 - INFO - 处理进度 [1265/11571]: sh562030
2025-08-20 00:15:34,442 - WARNING - 股票 sh881192 不存在于观察池中
2025-08-20 00:15:34,443 - INFO - 数据库初始化完成
2025-08-20 00:15:34,443 - INFO - 处理进度 [1266/11571]: sh881192
2025-08-20 00:15:34,453 - WARNING - sh508012 数据不足 (少于250天)，无法生成画像
2025-08-20 00:15:34,454 - INFO - 数据库初始化完成
2025-08-20 00:15:34,454 - INFO - 处理进度 [1267/11571]: sh508012
2025-08-20 00:15:39,364 - WARNING - 股票 sh603228 不存在于观察池中
2025-08-20 00:15:39,365 - INFO - 处理进度 [1268/11571]: sh603228
2025-08-20 00:15:39,365 - INFO - 数据库初始化完成
2025-08-20 00:15:47,928 - WARNING - 股票 sh600188 不存在于观察池中
2025-08-20 00:15:47,929 - INFO - 数据库初始化完成
2025-08-20 00:15:47,930 - INFO - 处理进度 [1269/11571]: sh600188
2025-08-20 00:15:47,946 - WARNING - sh588700 数据不足 (少于250天)，无法生成画像
2025-08-20 00:15:47,947 - INFO - 数据库初始化完成
2025-08-20 00:15:47,947 - INFO - 处理进度 [1270/11571]: sh588700
2025-08-20 00:15:50,436 - WARNING - 股票 sh880870 不存在于观察池中
2025-08-20 00:15:50,437 - INFO - 处理进度 [1271/11571]: sh880870
2025-08-20 00:15:50,437 - INFO - 数据库初始化完成
2025-08-20 00:16:08,710 - WARNING - 股票 sh601882 不存在于观察池中
2025-08-20 00:16:08,711 - INFO - 数据库初始化完成
2025-08-20 00:16:08,711 - INFO - 处理进度 [1272/11571]: sh601882
2025-08-20 00:16:16,348 - WARNING - 股票 sh880955 不存在于观察池中
2025-08-20 00:16:16,349 - INFO - 数据库初始化完成
2025-08-20 00:16:16,349 - INFO - 处理进度 [1273/11571]: sh880955
2025-08-20 00:16:24,058 - WARNING - 股票 sh600268 不存在于观察池中
2025-08-20 00:16:24,058 - INFO - 数据库初始化完成
2025-08-20 00:16:24,058 - INFO - 处理进度 [1274/11571]: sh600268
2025-08-20 00:16:58,350 - WARNING - 股票 sh881014 不存在于观察池中
2025-08-20 00:16:58,351 - INFO - 数据库初始化完成
2025-08-20 00:16:58,353 - INFO - 处理进度 [1275/11571]: sh881014
2025-08-20 00:17:00,487 - WARNING - 股票 sh688387 不存在于观察池中
2025-08-20 00:17:00,487 - INFO - 数据库初始化完成
2025-08-20 00:17:00,488 - INFO - 处理进度 [1276/11571]: sh688387
2025-08-20 00:17:25,097 - WARNING - 股票 sh204007 不存在于观察池中
2025-08-20 00:17:25,098 - INFO - 处理进度 [1277/11571]: sh204007
2025-08-20 00:17:25,098 - INFO - 数据库初始化完成
2025-08-20 00:17:39,643 - WARNING - 股票 sh881364 不存在于观察池中
2025-08-20 00:17:39,644 - INFO - 数据库初始化完成
2025-08-20 00:17:39,644 - INFO - 处理进度 [1278/11571]: sh881364
2025-08-20 00:17:40,044 - WARNING - 股票 sh601326 不存在于观察池中
2025-08-20 00:17:40,045 - INFO - 数据库初始化完成
2025-08-20 00:17:40,045 - INFO - 处理进度 [1279/11571]: sh601326
2025-08-20 00:17:40,062 - WARNING - sh688657 数据不足 (少于250天)，无法生成画像
2025-08-20 00:17:40,063 - INFO - 数据库初始化完成
2025-08-20 00:17:40,064 - INFO - 处理进度 [1280/11571]: sh688657
2025-08-20 00:17:40,065 - WARNING - sh118053 数据不足 (少于250天)，无法生成画像
2025-08-20 00:17:40,066 - INFO - 处理进度 [1281/11571]: sh118053
2025-08-20 00:17:40,066 - INFO - 数据库初始化完成
2025-08-20 00:17:44,854 - WARNING - 股票 sh881349 不存在于观察池中
2025-08-20 00:17:44,855 - INFO - 数据库初始化完成
2025-08-20 00:17:44,856 - INFO - 处理进度 [1282/11571]: sh881349
2025-08-20 00:18:00,006 - WARNING - 差分进化优化失败，使用默认参数
2025-08-20 00:18:00,007 - ERROR - sh118007 参数优化失败，使用默认参数回退
2025-08-20 00:18:00,021 - WARNING - 股票 sh118007 不存在于观察池中
2025-08-20 00:18:00,022 - INFO - 数据库初始化完成
2025-08-20 00:18:00,022 - INFO - 处理进度 [1283/11571]: sh118007
2025-08-20 00:18:18,839 - WARNING - 股票 sh881373 不存在于观察池中
2025-08-20 00:18:18,840 - INFO - 数据库初始化完成
2025-08-20 00:18:18,840 - INFO - 处理进度 [1284/11571]: sh881373
2025-08-20 00:18:26,449 - WARNING - 股票 sh688069 不存在于观察池中
2025-08-20 00:18:26,450 - INFO - 处理进度 [1285/11571]: sh688069
2025-08-20 00:18:26,450 - INFO - 数据库初始化完成
2025-08-20 00:18:29,003 - WARNING - 股票 sh688079 不存在于观察池中
2025-08-20 00:18:29,004 - INFO - 处理进度 [1286/11571]: sh688079
2025-08-20 00:18:29,004 - INFO - 数据库初始化完成
2025-08-20 00:18:34,201 - WARNING - 股票 sh515110 不存在于观察池中
2025-08-20 00:18:34,202 - INFO - 处理进度 [1287/11571]: sh515110
2025-08-20 00:18:34,202 - INFO - 数据库初始化完成
2025-08-20 00:18:35,795 - WARNING - 股票 sh880833 不存在于观察池中
2025-08-20 00:18:35,796 - INFO - 数据库初始化完成
2025-08-20 00:18:35,796 - INFO - 处理进度 [1288/11571]: sh880833
2025-08-20 00:19:24,227 - WARNING - 股票 sh601606 不存在于观察池中
2025-08-20 00:19:24,228 - INFO - 处理进度 [1289/11571]: sh601606
2025-08-20 00:19:24,228 - INFO - 数据库初始化完成
2025-08-20 00:19:29,266 - WARNING - 股票 sh605179 不存在于观察池中
2025-08-20 00:19:29,293 - INFO - 处理进度 [1290/11571]: sh605179
2025-08-20 00:19:29,293 - INFO - 数据库初始化完成
2025-08-20 00:19:57,276 - WARNING - 差分进化优化失败，使用默认参数
2025-08-20 00:19:57,276 - ERROR - sh600518 参数优化失败，使用默认参数回退
2025-08-20 00:19:57,290 - WARNING - 股票 sh600518 不存在于观察池中
2025-08-20 00:19:57,290 - INFO - 数据库初始化完成
2025-08-20 00:19:57,291 - INFO - 处理进度 [1291/11571]: sh600518
2025-08-20 00:20:13,001 - WARNING - 股票 sh880217 不存在于观察池中
2025-08-20 00:20:13,028 - INFO - 处理进度 [1292/11571]: sh880217
2025-08-20 00:20:13,028 - INFO - 数据库初始化完成
2025-08-20 00:20:45,258 - WARNING - 差分进化优化失败，使用默认参数
2025-08-20 00:20:45,258 - ERROR - sh600439 参数优化失败，使用默认参数回退
2025-08-20 00:20:45,272 - WARNING - 股票 sh600439 不存在于观察池中
2025-08-20 00:20:45,272 - INFO - 数据库初始化完成
2025-08-20 00:20:45,273 - INFO - 处理进度 [1293/11571]: sh600439
2025-08-20 00:20:45,900 - WARNING - 股票 sh688338 不存在于观察池中
2025-08-20 00:20:45,901 - INFO - 数据库初始化完成
2025-08-20 00:20:45,901 - INFO - 处理进度 [1294/11571]: sh688338
2025-08-20 00:21:02,627 - WARNING - 股票 sh880825 不存在于观察池中
2025-08-20 00:21:02,628 - INFO - 数据库初始化完成
2025-08-20 00:21:02,628 - INFO - 处理进度 [1295/11571]: sh880825
2025-08-20 00:21:25,786 - WARNING - 股票 sh600560 不存在于观察池中
2025-08-20 00:21:25,787 - INFO - 数据库初始化完成
2025-08-20 00:21:25,787 - INFO - 处理进度 [1296/11571]: sh600560
2025-08-20 00:21:45,078 - WARNING - 股票 sh518890 不存在于观察池中
2025-08-20 00:21:45,079 - INFO - 处理进度 [1297/11571]: sh518890
2025-08-20 00:21:45,079 - INFO - 数据库初始化完成
2025-08-20 00:21:58,404 - WARNING - 股票 sh600184 不存在于观察池中
2025-08-20 00:21:58,405 - INFO - 数据库初始化完成
2025-08-20 00:21:58,406 - INFO - 处理进度 [1298/11571]: sh600184
2025-08-20 00:22:17,610 - WARNING - 股票 sh600303 不存在于观察池中
2025-08-20 00:22:17,611 - INFO - 数据库初始化完成
2025-08-20 00:22:17,611 - INFO - 处理进度 [1299/11571]: sh600303
2025-08-20 00:22:23,404 - WARNING - 股票 sh688004 不存在于观察池中
2025-08-20 00:22:23,405 - INFO - 数据库初始化完成
2025-08-20 00:22:23,405 - INFO - 处理进度 [1300/11571]: sh688004
2025-08-20 00:22:23,418 - WARNING - sh880684 数据不足 (少于250天)，无法生成画像
2025-08-20 00:22:23,419 - INFO - 数据库初始化完成
2025-08-20 00:22:23,420 - INFO - 处理进度 [1301/11571]: sh880684
2025-08-20 00:22:27,768 - WARNING - 差分进化优化失败，使用默认参数
2025-08-20 00:22:27,769 - ERROR - sh880302 参数优化失败，使用默认参数回退
2025-08-20 00:22:27,782 - WARNING - 股票 sh880302 不存在于观察池中
2025-08-20 00:22:27,783 - INFO - 处理进度 [1302/11571]: sh880302
2025-08-20 00:22:27,783 - INFO - 数据库初始化完成
2025-08-20 00:22:27,794 - WARNING - sh560380 数据不足 (少于250天)，无法生成画像
2025-08-20 00:22:27,794 - INFO - 数据库初始化完成
2025-08-20 00:22:27,794 - INFO - 处理进度 [1303/11571]: sh560380
2025-08-20 00:22:30,623 - WARNING - 股票 sh501212 不存在于观察池中
2025-08-20 00:22:30,624 - INFO - 处理进度 [1304/11571]: sh501212
2025-08-20 00:22:30,624 - INFO - 数据库初始化完成
2025-08-20 00:22:30,625 - WARNING - sh512370 数据不足 (少于250天)，无法生成画像
2025-08-20 00:22:30,626 - INFO - 处理进度 [1305/11571]: sh512370
2025-08-20 00:22:30,626 - INFO - 数据库初始化完成
2025-08-20 00:22:56,059 - WARNING - 股票 sh501062 不存在于观察池中
2025-08-20 00:22:56,060 - INFO - 数据库初始化完成
2025-08-20 00:22:56,060 - INFO - 处理进度 [1306/11571]: sh501062
2025-08-20 00:23:08,861 - WARNING - 股票 sh601086 不存在于观察池中
2025-08-20 00:23:08,862 - INFO - 处理进度 [1307/11571]: sh601086
2025-08-20 00:23:08,862 - INFO - 数据库初始化完成
2025-08-20 00:23:08,875 - WARNING - sh880074 数据不足 (少于250天)，无法生成画像
2025-08-20 00:23:08,875 - INFO - 数据库初始化完成
2025-08-20 00:23:08,876 - INFO - 处理进度 [1308/11571]: sh880074
2025-08-20 00:23:08,885 - WARNING - sh508003 数据不足 (少于250天)，无法生成画像
2025-08-20 00:23:08,885 - INFO - 处理进度 [1309/11571]: sh508003
2025-08-20 00:23:08,886 - INFO - 数据库初始化完成
2025-08-20 00:23:08,897 - WARNING - sh561060 数据不足 (少于250天)，无法生成画像
2025-08-20 00:23:08,898 - INFO - 处理进度 [1310/11571]: sh561060
2025-08-20 00:23:08,898 - INFO - 数据库初始化完成
2025-08-20 00:24:16,485 - WARNING - 股票 sh501025 不存在于观察池中
2025-08-20 00:24:16,512 - INFO - 数据库初始化完成
2025-08-20 00:24:16,512 - INFO - 处理进度 [1311/11571]: sh501025
2025-08-20 00:24:35,337 - WARNING - 股票 sh600546 不存在于观察池中
2025-08-20 00:24:35,337 - INFO - 数据库初始化完成
2025-08-20 00:24:35,338 - INFO - 处理进度 [1312/11571]: sh600546
2025-08-20 00:24:54,577 - WARNING - 差分进化优化失败，使用默认参数
2025-08-20 00:24:54,603 - ERROR - sh561180 参数优化失败，使用默认参数回退
2025-08-20 00:24:54,617 - WARNING - 股票 sh561180 不存在于观察池中
2025-08-20 00:24:54,618 - INFO - 处理进度 [1313/11571]: sh561180
2025-08-20 00:24:54,618 - INFO - 数据库初始化完成
2025-08-20 00:25:08,047 - WARNING - 股票 sh880390 不存在于观察池中
2025-08-20 00:25:08,048 - INFO - 数据库初始化完成
2025-08-20 00:25:08,048 - INFO - 处理进度 [1314/11571]: sh880390
2025-08-20 00:25:28,222 - WARNING - 股票 sh512580 不存在于观察池中
2025-08-20 00:25:28,222 - INFO - 数据库初始化完成
2025-08-20 00:25:28,223 - INFO - 处理进度 [1315/11571]: sh512580
2025-08-20 00:25:29,296 - WARNING - 股票 sh880438 不存在于观察池中
2025-08-20 00:25:29,297 - INFO - 数据库初始化完成
2025-08-20 00:25:29,297 - INFO - 处理进度 [1316/11571]: sh880438
2025-08-20 00:25:29,443 - WARNING - 股票 sh600667 不存在于观察池中
2025-08-20 00:25:29,444 - INFO - 数据库初始化完成
2025-08-20 00:25:29,445 - INFO - 处理进度 [1317/11571]: sh600667
2025-08-20 00:25:40,548 - WARNING - 股票 sh510560 不存在于观察池中
2025-08-20 00:25:40,549 - INFO - 数据库初始化完成
2025-08-20 00:25:40,549 - INFO - 处理进度 [1318/11571]: sh510560
2025-08-20 00:26:19,300 - WARNING - 股票 sh603272 不存在于观察池中
2025-08-20 00:26:19,300 - INFO - 处理进度 [1319/11571]: sh603272
2025-08-20 00:26:19,301 - INFO - 数据库初始化完成
2025-08-20 00:26:29,322 - WARNING - 股票 sh688089 不存在于观察池中
2025-08-20 00:26:29,323 - INFO - 处理进度 [1320/11571]: sh688089
2025-08-20 00:26:29,323 - INFO - 数据库初始化完成
2025-08-20 00:26:42,529 - WARNING - 股票 sh600936 不存在于观察池中
2025-08-20 00:26:42,530 - INFO - 数据库初始化完成
2025-08-20 00:26:42,530 - INFO - 处理进度 [1321/11571]: sh600936
2025-08-20 00:27:08,462 - WARNING - 股票 sh880535 不存在于观察池中
2025-08-20 00:27:08,462 - INFO - 处理进度 [1322/11571]: sh880535
2025-08-20 00:27:08,463 - INFO - 数据库初始化完成
2025-08-20 00:27:10,140 - WARNING - 股票 sh562350 不存在于观察池中
2025-08-20 00:27:10,141 - INFO - 数据库初始化完成
2025-08-20 00:27:10,141 - INFO - 处理进度 [1323/11571]: sh562350
2025-08-20 00:27:17,210 - WARNING - 股票 sh688261 不存在于观察池中
2025-08-20 00:27:17,211 - INFO - 数据库初始化完成
2025-08-20 00:27:17,211 - INFO - 处理进度 [1324/11571]: sh688261
2025-08-20 00:27:17,222 - WARNING - sh688449 数据不足 (少于250天)，无法生成画像
2025-08-20 00:27:17,223 - INFO - 处理进度 [1325/11571]: sh688449
2025-08-20 00:27:17,224 - INFO - 数据库初始化完成
2025-08-20 00:27:28,096 - WARNING - 股票 sh511860 不存在于观察池中
2025-08-20 00:27:28,097 - INFO - 数据库初始化完成
2025-08-20 00:27:28,097 - INFO - 处理进度 [1326/11571]: sh511860
2025-08-20 00:27:32,990 - WARNING - 股票 sh688698 不存在于观察池中
2025-08-20 00:27:32,990 - INFO - 处理进度 [1327/11571]: sh688698
2025-08-20 00:27:32,991 - INFO - 数据库初始化完成
2025-08-20 00:27:46,540 - WARNING - 股票 sh501092 不存在于观察池中
2025-08-20 00:27:46,541 - INFO - 数据库初始化完成
2025-08-20 00:27:46,541 - INFO - 处理进度 [1328/11571]: sh501092
2025-08-20 00:27:50,812 - WARNING - 差分进化优化失败，使用默认参数
2025-08-20 00:27:50,813 - ERROR - sh603309 参数优化失败，使用默认参数回退
2025-08-20 00:27:50,827 - WARNING - 股票 sh603309 不存在于观察池中
2025-08-20 00:27:50,828 - INFO - 数据库初始化完成
2025-08-20 00:27:50,828 - INFO - 处理进度 [1329/11571]: sh603309
2025-08-20 00:28:02,080 - WARNING - 股票 sh881475 不存在于观察池中
2025-08-20 00:28:02,081 - INFO - 数据库初始化完成
2025-08-20 00:28:02,082 - INFO - 处理进度 [1330/11571]: sh881475
2025-08-20 00:28:11,541 - WARNING - 股票 sh881138 不存在于观察池中
2025-08-20 00:28:11,541 - INFO - 处理进度 [1331/11571]: sh881138
2025-08-20 00:28:11,541 - INFO - 数据库初始化完成
2025-08-20 00:28:41,519 - WARNING - 股票 sh600860 不存在于观察池中
2025-08-20 00:28:41,520 - INFO - 处理进度 [1332/11571]: sh600860
2025-08-20 00:28:41,521 - INFO - 数据库初始化完成
2025-08-20 00:29:01,061 - WARNING - 股票 sh600676 不存在于观察池中
2025-08-20 00:29:01,062 - INFO - 处理进度 [1333/11571]: sh600676
2025-08-20 00:29:01,062 - INFO - 数据库初始化完成
2025-08-20 00:29:01,993 - WARNING - 差分进化优化失败，使用默认参数
2025-08-20 00:29:01,994 - ERROR - sh603903 参数优化失败，使用默认参数回退
2025-08-20 00:29:02,008 - WARNING - 股票 sh603903 不存在于观察池中
2025-08-20 00:29:02,008 - INFO - 数据库初始化完成
2025-08-20 00:29:02,008 - INFO - 处理进度 [1334/11571]: sh603903
2025-08-20 00:29:04,253 - WARNING - 股票 sh113030 不存在于观察池中
2025-08-20 00:29:04,254 - INFO - 数据库初始化完成
2025-08-20 00:29:04,255 - INFO - 处理进度 [1335/11571]: sh113030
2025-08-20 00:29:04,986 - WARNING - 差分进化优化失败，使用默认参数
2025-08-20 00:29:04,987 - ERROR - sh601155 参数优化失败，使用默认参数回退
2025-08-20 00:29:05,001 - WARNING - 股票 sh601155 不存在于观察池中
2025-08-20 00:29:05,001 - INFO - 数据库初始化完成
2025-08-20 00:29:05,001 - INFO - 处理进度 [1336/11571]: sh601155
2025-08-20 00:29:21,792 - WARNING - 股票 sh603706 不存在于观察池中
2025-08-20 00:29:21,793 - INFO - 数据库初始化完成
2025-08-20 00:29:21,793 - INFO - 处理进度 [1337/11571]: sh603706
2025-08-20 00:29:21,811 - WARNING - sh688716 数据不足 (少于250天)，无法生成画像
2025-08-20 00:29:21,812 - INFO - 数据库初始化完成
2025-08-20 00:29:21,813 - INFO - 处理进度 [1338/11571]: sh688716
2025-08-20 00:29:48,630 - WARNING - 股票 sh600691 不存在于观察池中
2025-08-20 00:29:48,631 - INFO - 数据库初始化完成
2025-08-20 00:29:48,631 - INFO - 处理进度 [1339/11571]: sh600691
2025-08-20 00:30:44,423 - WARNING - 股票 sh600827 不存在于观察池中
2025-08-20 00:30:44,424 - INFO - 数据库初始化完成
2025-08-20 00:30:44,424 - INFO - 处理进度 [1340/11571]: sh600827
2025-08-20 00:30:58,754 - WARNING - 股票 sh603669 不存在于观察池中
2025-08-20 00:30:58,755 - INFO - 数据库初始化完成
2025-08-20 00:30:58,755 - INFO - 处理进度 [1341/11571]: sh603669
2025-08-20 00:31:32,779 - WARNING - 差分进化优化失败，使用默认参数
2025-08-20 00:31:32,779 - ERROR - sh605056 参数优化失败，使用默认参数回退
2025-08-20 00:31:32,793 - WARNING - 股票 sh605056 不存在于观察池中
2025-08-20 00:31:32,794 - INFO - 数据库初始化完成
2025-08-20 00:31:32,794 - INFO - 处理进度 [1342/11571]: sh605056
2025-08-20 00:31:58,935 - WARNING - 股票 sh600743 不存在于观察池中
2025-08-20 00:31:58,936 - INFO - 处理进度 [1343/11571]: sh600743
2025-08-20 00:31:58,936 - INFO - 数据库初始化完成
2025-08-20 00:32:05,490 - WARNING - 股票 sh601015 不存在于观察池中
2025-08-20 00:32:05,491 - INFO - 数据库初始化完成
2025-08-20 00:32:05,491 - INFO - 处理进度 [1344/11571]: sh601015
2025-08-20 00:32:18,334 - WARNING - 股票 sh688244 不存在于观察池中
2025-08-20 00:32:18,335 - INFO - 处理进度 [1345/11571]: sh688244
2025-08-20 00:32:18,335 - INFO - 数据库初始化完成
2025-08-20 00:32:40,313 - WARNING - 股票 sh881076 不存在于观察池中
2025-08-20 00:32:40,314 - INFO - 数据库初始化完成
2025-08-20 00:32:40,315 - INFO - 处理进度 [1346/11571]: sh881076
2025-08-20 00:32:53,466 - WARNING - 股票 sh603095 不存在于观察池中
2025-08-20 00:32:53,467 - INFO - 数据库初始化完成
2025-08-20 00:32:53,467 - INFO - 处理进度 [1347/11571]: sh603095
2025-08-20 00:32:53,484 - WARNING - sh688702 数据不足 (少于250天)，无法生成画像
2025-08-20 00:32:53,485 - INFO - 数据库初始化完成
2025-08-20 00:32:53,488 - INFO - 处理进度 [1348/11571]: sh688702
2025-08-20 00:32:54,253 - WARNING - 股票 sh600289 不存在于观察池中
2025-08-20 00:32:54,254 - INFO - 处理进度 [1349/11571]: sh600289
2025-08-20 00:32:54,255 - INFO - 数据库初始化完成
2025-08-20 00:32:54,264 - WARNING - sh588240 数据不足 (少于250天)，无法生成画像
2025-08-20 00:32:54,264 - INFO - 处理进度 [1350/11571]: sh588240
2025-08-20 00:32:54,265 - INFO - 数据库初始化完成
2025-08-20 00:32:54,280 - WARNING - sh688709 数据不足 (少于250天)，无法生成画像
2025-08-20 00:32:54,280 - INFO - 处理进度 [1351/11571]: sh688709
2025-08-20 00:32:54,281 - INFO - 数据库初始化完成
2025-08-20 00:33:03,847 - WARNING - 股票 sh561510 不存在于观察池中
2025-08-20 00:33:03,848 - INFO - 数据库初始化完成
2025-08-20 00:33:03,848 - INFO - 处理进度 [1352/11571]: sh561510
2025-08-20 00:33:04,989 - WARNING - 股票 sh113623 不存在于观察池中
2025-08-20 00:33:04,989 - INFO - 数据库初始化完成
2025-08-20 00:33:04,990 - INFO - 处理进度 [1353/11571]: sh113623
2025-08-20 00:33:08,218 - WARNING - 股票 sh113606 不存在于观察池中
2025-08-20 00:33:08,219 - INFO - 处理进度 [1354/11571]: sh113606
2025-08-20 00:33:08,219 - INFO - 数据库初始化完成
2025-08-20 00:33:15,640 - WARNING - 差分进化优化失败，使用默认参数
2025-08-20 00:33:15,640 - ERROR - sh880822 参数优化失败，使用默认参数回退
2025-08-20 00:33:15,654 - WARNING - 股票 sh880822 不存在于观察池中
2025-08-20 00:33:15,654 - INFO - 数据库初始化完成
2025-08-20 00:33:15,655 - INFO - 处理进度 [1355/11571]: sh880822
2025-08-20 00:33:18,587 - WARNING - 股票 sh880743 不存在于观察池中
2025-08-20 00:33:18,587 - INFO - 处理进度 [1356/11571]: sh880743
2025-08-20 00:33:18,588 - INFO - 数据库初始化完成
2025-08-20 00:34:11,359 - WARNING - 股票 sh880519 不存在于观察池中
2025-08-20 00:34:11,360 - INFO - 数据库初始化完成
2025-08-20 00:34:11,360 - INFO - 处理进度 [1357/11571]: sh880519
2025-08-20 00:34:14,528 - WARNING - 股票 sh561500 不存在于观察池中
2025-08-20 00:34:14,529 - INFO - 数据库初始化完成
2025-08-20 00:34:14,529 - INFO - 处理进度 [1358/11571]: sh561500
2025-08-20 00:34:37,712 - WARNING - 股票 sh601728 不存在于观察池中
2025-08-20 00:34:37,713 - INFO - 数据库初始化完成
2025-08-20 00:34:37,713 - INFO - 处理进度 [1359/11571]: sh601728
2025-08-20 00:35:01,724 - WARNING - 股票 sh510600 不存在于观察池中
2025-08-20 00:35:01,725 - INFO - 处理进度 [1360/11571]: sh510600
2025-08-20 00:35:01,726 - INFO - 数据库初始化完成
2025-08-20 00:35:17,156 - WARNING - 股票 sh515190 不存在于观察池中
2025-08-20 00:35:17,157 - INFO - 数据库初始化完成
2025-08-20 00:35:17,158 - INFO - 处理进度 [1361/11571]: sh515190
2025-08-20 00:35:20,488 - WARNING - 股票 sh880443 不存在于观察池中
2025-08-20 00:35:20,489 - INFO - 处理进度 [1362/11571]: sh880443
2025-08-20 00:35:20,490 - INFO - 数据库初始化完成
2025-08-20 00:35:25,829 - WARNING - 股票 sh600507 不存在于观察池中
2025-08-20 00:35:25,837 - INFO - 处理进度 [1363/11571]: sh600507
2025-08-20 00:35:25,837 - INFO - 数据库初始化完成
2025-08-20 00:35:34,961 - WARNING - 股票 sh603595 不存在于观察池中
2025-08-20 00:35:34,988 - INFO - 处理进度 [1364/11571]: sh603595
2025-08-20 00:35:34,988 - INFO - 数据库初始化完成
2025-08-20 00:35:35,001 - WARNING - sh563180 数据不足 (少于250天)，无法生成画像
2025-08-20 00:35:35,001 - INFO - 处理进度 [1365/11571]: sh563180
2025-08-20 00:35:35,002 - INFO - 数据库初始化完成
2025-08-20 00:35:35,016 - WARNING - sh560780 数据不足 (少于250天)，无法生成画像
2025-08-20 00:35:35,016 - INFO - 处理进度 [1366/11571]: sh560780
2025-08-20 00:35:35,017 - INFO - 数据库初始化完成
2025-08-20 00:35:52,283 - WARNING - 股票 sh512600 不存在于观察池中
2025-08-20 00:35:52,283 - INFO - 处理进度 [1367/11571]: sh512600
2025-08-20 00:35:52,284 - INFO - 数据库初始化完成
2025-08-20 00:35:55,225 - WARNING - 股票 sh512870 不存在于观察池中
2025-08-20 00:35:55,226 - INFO - 处理进度 [1368/11571]: sh512870
2025-08-20 00:35:55,226 - INFO - 数据库初始化完成
2025-08-20 00:35:55,373 - WARNING - 股票 sh880448 不存在于观察池中
2025-08-20 00:35:55,374 - INFO - 数据库初始化完成
2025-08-20 00:35:55,374 - INFO - 处理进度 [1369/11571]: sh880448
2025-08-20 00:36:31,143 - WARNING - 股票 sh600668 不存在于观察池中
2025-08-20 00:36:31,144 - INFO - 处理进度 [1370/11571]: sh600668
2025-08-20 00:36:31,144 - INFO - 数据库初始化完成
2025-08-20 00:37:21,464 - WARNING - 股票 sh600566 不存在于观察池中
2025-08-20 00:37:21,465 - INFO - 数据库初始化完成
2025-08-20 00:37:21,465 - INFO - 处理进度 [1371/11571]: sh600566
2025-08-20 00:37:24,094 - WARNING - 股票 sh881194 不存在于观察池中
2025-08-20 00:37:24,095 - INFO - 数据库初始化完成
2025-08-20 00:37:24,095 - INFO - 处理进度 [1372/11571]: sh881194
2025-08-20 00:37:36,601 - WARNING - 股票 sh601678 不存在于观察池中
2025-08-20 00:37:36,602 - INFO - 数据库初始化完成
2025-08-20 00:37:36,605 - INFO - 处理进度 [1373/11571]: sh601678
2025-08-20 00:38:03,006 - WARNING - 股票 sh688173 不存在于观察池中
2025-08-20 00:38:03,007 - INFO - 数据库初始化完成
2025-08-20 00:38:03,008 - INFO - 处理进度 [1374/11571]: sh688173
2025-08-20 00:38:07,255 - WARNING - 股票 sh880864 不存在于观察池中
2025-08-20 00:38:07,256 - INFO - 处理进度 [1375/11571]: sh880864
2025-08-20 00:38:07,256 - INFO - 数据库初始化完成
2025-08-20 00:38:07,264 - WARNING - sh113687 数据不足 (少于250天)，无法生成画像
2025-08-20 00:38:07,264 - INFO - 处理进度 [1376/11571]: sh113687
2025-08-20 00:38:07,265 - INFO - 数据库初始化完成
2025-08-20 00:38:07,275 - WARNING - sh520830 数据不足 (少于250天)，无法生成画像
2025-08-20 00:38:07,275 - INFO - 数据库初始化完成
2025-08-20 00:38:07,275 - INFO - 处理进度 [1377/11571]: sh520830
2025-08-20 00:38:07,289 - WARNING - sh563300 数据不足 (少于250天)，无法生成画像
2025-08-20 00:38:07,289 - INFO - 数据库初始化完成
2025-08-20 00:38:07,290 - INFO - 处理进度 [1378/11571]: sh563300
2025-08-20 00:38:31,213 - WARNING - 股票 sh605133 不存在于观察池中
2025-08-20 00:38:31,214 - INFO - 数据库初始化完成
2025-08-20 00:38:31,214 - INFO - 处理进度 [1379/11571]: sh605133
2025-08-20 00:38:37,827 - WARNING - 差分进化优化失败，使用默认参数
2025-08-20 00:38:37,827 - ERROR - sh515680 参数优化失败，使用默认参数回退
2025-08-20 00:38:37,840 - WARNING - 股票 sh515680 不存在于观察池中
2025-08-20 00:38:37,841 - INFO - 处理进度 [1380/11571]: sh515680
2025-08-20 00:38:37,841 - INFO - 数据库初始化完成
2025-08-20 00:38:37,851 - WARNING - sh880653 数据不足 (少于250天)，无法生成画像
2025-08-20 00:38:37,852 - INFO - 数据库初始化完成
2025-08-20 00:38:37,852 - INFO - 处理进度 [1381/11571]: sh880653
2025-08-20 00:38:38,530 - WARNING - 股票 sh601963 不存在于观察池中
2025-08-20 00:38:38,531 - INFO - 数据库初始化完成
2025-08-20 00:38:38,531 - INFO - 处理进度 [1382/11571]: sh601963
2025-08-20 00:38:41,470 - WARNING - 股票 sh508099 不存在于观察池中
2025-08-20 00:38:41,471 - INFO - 处理进度 [1383/11571]: sh508099
2025-08-20 00:38:41,471 - INFO - 数据库初始化完成
2025-08-20 00:38:41,535 - WARNING - 股票 sh600777 不存在于观察池中
2025-08-20 00:38:41,536 - INFO - 数据库初始化完成
2025-08-20 00:38:41,537 - INFO - 处理进度 [1384/11571]: sh600777
2025-08-20 00:38:48,218 - WARNING - 差分进化优化失败，使用默认参数
2025-08-20 00:38:48,219 - ERROR - sh880042 参数优化失败，使用默认参数回退
2025-08-20 00:38:48,232 - WARNING - 股票 sh880042 不存在于观察池中
2025-08-20 00:38:48,233 - INFO - 处理进度 [1385/11571]: sh880042
2025-08-20 00:38:48,233 - INFO - 数据库初始化完成
2025-08-20 00:38:57,803 - WARNING - 股票 sh513060 不存在于观察池中
2025-08-20 00:38:57,804 - INFO - 处理进度 [1386/11571]: sh513060
2025-08-20 00:38:57,804 - INFO - 数据库初始化完成
2025-08-20 00:39:10,424 - WARNING - 股票 sh603282 不存在于观察池中
2025-08-20 00:39:10,424 - INFO - 数据库初始化完成
2025-08-20 00:39:10,425 - INFO - 处理进度 [1387/11571]: sh603282
2025-08-20 00:39:27,730 - WARNING - 股票 sh600076 不存在于观察池中
2025-08-20 00:39:27,731 - INFO - 处理进度 [1388/11571]: sh600076
2025-08-20 00:39:27,731 - INFO - 数据库初始化完成
2025-08-20 00:39:40,083 - WARNING - 股票 sh881371 不存在于观察池中
2025-08-20 00:39:40,084 - INFO - 数据库初始化完成
2025-08-20 00:39:40,084 - INFO - 处理进度 [1389/11571]: sh881371
2025-08-20 00:40:17,344 - WARNING - 股票 sh688252 不存在于观察池中
2025-08-20 00:40:17,345 - INFO - 处理进度 [1390/11571]: sh688252
2025-08-20 00:40:17,345 - INFO - 数据库初始化完成
2025-08-20 00:40:48,421 - WARNING - 股票 sh600281 不存在于观察池中
2025-08-20 00:40:48,422 - INFO - 数据库初始化完成
2025-08-20 00:40:48,422 - INFO - 处理进度 [1391/11571]: sh600281
2025-08-20 00:40:48,423 - WARNING - sh113695 数据不足 (少于250天)，无法生成画像
2025-08-20 00:40:48,424 - INFO - 处理进度 [1392/11571]: sh113695
2025-08-20 00:40:48,424 - INFO - 数据库初始化完成
2025-08-20 00:40:53,999 - WARNING - 股票 sh600580 不存在于观察池中
2025-08-20 00:40:54,000 - INFO - 数据库初始化完成
2025-08-20 00:40:54,000 - INFO - 处理进度 [1393/11571]: sh600580
2025-08-20 00:41:26,338 - WARNING - 股票 sh588300 不存在于观察池中
2025-08-20 00:41:26,339 - INFO - 数据库初始化完成
2025-08-20 00:41:26,339 - INFO - 处理进度 [1394/11571]: sh588300
2025-08-20 00:41:33,629 - WARNING - 股票 sh881129 不存在于观察池中
2025-08-20 00:41:33,629 - INFO - 处理进度 [1395/11571]: sh881129
2025-08-20 00:41:33,630 - INFO - 数据库初始化完成
2025-08-20 00:41:37,239 - WARNING - 股票 sh603863 不存在于观察池中
2025-08-20 00:41:37,240 - INFO - 数据库初始化完成
2025-08-20 00:41:37,240 - INFO - 处理进度 [1396/11571]: sh603863
2025-08-20 00:41:57,526 - WARNING - 股票 sh688025 不存在于观察池中
2025-08-20 00:41:57,527 - INFO - 处理进度 [1397/11571]: sh688025
2025-08-20 00:41:57,527 - INFO - 数据库初始化完成
2025-08-20 00:42:06,064 - WARNING - 差分进化优化失败，使用默认参数
2025-08-20 00:42:06,064 - ERROR - sh880567 参数优化失败，使用默认参数回退
2025-08-20 00:42:06,078 - WARNING - 股票 sh880567 不存在于观察池中
2025-08-20 00:42:06,078 - INFO - 数据库初始化完成
2025-08-20 00:42:06,079 - INFO - 处理进度 [1398/11571]: sh880567
2025-08-20 00:42:18,960 - WARNING - 股票 sh603131 不存在于观察池中
2025-08-20 00:42:18,961 - INFO - 数据库初始化完成
2025-08-20 00:42:18,964 - INFO - 处理进度 [1399/11571]: sh603131
2025-08-20 00:42:58,513 - WARNING - 股票 sh603557 不存在于观察池中
2025-08-20 00:42:58,513 - INFO - 数据库初始化完成
2025-08-20 00:42:58,515 - INFO - 处理进度 [1400/11571]: sh603557
2025-08-20 00:43:11,117 - WARNING - 股票 sh880852 不存在于观察池中
2025-08-20 00:43:11,117 - INFO - 处理进度 [1401/11571]: sh880852
2025-08-20 00:43:11,118 - INFO - 数据库初始化完成
2025-08-20 00:43:25,602 - WARNING - 差分进化优化失败，使用默认参数
2025-08-20 00:43:25,602 - ERROR - sh605020 参数优化失败，使用默认参数回退
2025-08-20 00:43:25,616 - WARNING - 股票 sh605020 不存在于观察池中
2025-08-20 00:43:25,616 - INFO - 处理进度 [1402/11571]: sh605020
2025-08-20 00:43:25,617 - INFO - 数据库初始化完成
2025-08-20 00:43:26,624 - WARNING - 股票 sh600282 不存在于观察池中
2025-08-20 00:43:26,625 - INFO - 处理进度 [1403/11571]: sh600282
2025-08-20 00:43:26,626 - INFO - 数据库初始化完成
2025-08-20 00:43:46,407 - WARNING - 股票 sh880824 不存在于观察池中
2025-08-20 00:43:46,408 - INFO - 处理进度 [1404/11571]: sh880824
2025-08-20 00:43:46,408 - INFO - 数据库初始化完成
2025-08-20 00:43:46,409 - WARNING - sh563770 数据不足 (少于250天)，无法生成画像
2025-08-20 00:43:46,410 - INFO - 数据库初始化完成
2025-08-20 00:43:46,410 - INFO - 处理进度 [1405/11571]: sh563770
2025-08-20 00:44:09,489 - WARNING - 股票 sh603726 不存在于观察池中
2025-08-20 00:44:09,490 - INFO - 数据库初始化完成
2025-08-20 00:44:09,490 - INFO - 处理进度 [1406/11571]: sh603726
2025-08-20 00:44:24,083 - WARNING - 股票 sh881097 不存在于观察池中
2025-08-20 00:44:24,084 - INFO - 处理进度 [1407/11571]: sh881097
2025-08-20 00:44:24,084 - INFO - 数据库初始化完成
2025-08-20 00:44:45,478 - WARNING - 股票 sh605055 不存在于观察池中
2025-08-20 00:44:45,479 - INFO - 数据库初始化完成
2025-08-20 00:44:45,480 - INFO - 处理进度 [1408/11571]: sh605055
2025-08-20 00:44:47,395 - WARNING - 股票 sh688180 不存在于观察池中
2025-08-20 00:44:47,396 - INFO - 数据库初始化完成
2025-08-20 00:44:47,397 - INFO - 处理进度 [1409/11571]: sh688180
2025-08-20 00:44:49,219 - WARNING - 股票 sh603505 不存在于观察池中
2025-08-20 00:44:49,219 - INFO - 数据库初始化完成
2025-08-20 00:44:49,220 - INFO - 处理进度 [1410/11571]: sh603505
2025-08-20 00:45:04,425 - WARNING - 差分进化优化失败，使用默认参数
2025-08-20 00:45:04,425 - ERROR - sh881434 参数优化失败，使用默认参数回退
2025-08-20 00:45:04,439 - WARNING - 股票 sh881434 不存在于观察池中
2025-08-20 00:45:04,440 - INFO - 处理进度 [1411/11571]: sh881434
2025-08-20 00:45:04,440 - INFO - 数据库初始化完成
2025-08-20 00:45:10,946 - WARNING - 股票 sh603392 不存在于观察池中
2025-08-20 00:45:10,947 - INFO - 数据库初始化完成
2025-08-20 00:45:10,948 - INFO - 处理进度 [1412/11571]: sh603392
2025-08-20 00:45:39,595 - WARNING - 股票 sh881110 不存在于观察池中
2025-08-20 00:45:39,604 - INFO - 数据库初始化完成
2025-08-20 00:45:39,604 - INFO - 处理进度 [1413/11571]: sh881110
2025-08-20 00:45:54,381 - WARNING - 股票 sh515450 不存在于观察池中
2025-08-20 00:45:54,382 - INFO - 数据库初始化完成
2025-08-20 00:45:54,382 - INFO - 处理进度 [1414/11571]: sh515450
2025-08-20 00:46:16,200 - WARNING - 股票 sh603477 不存在于观察池中
2025-08-20 00:46:16,200 - INFO - 数据库初始化完成
2025-08-20 00:46:16,201 - INFO - 处理进度 [1415/11571]: sh603477
2025-08-20 00:47:25,369 - WARNING - 股票 sh880456 不存在于观察池中
2025-08-20 00:47:25,369 - INFO - 数据库初始化完成
2025-08-20 00:47:25,370 - INFO - 处理进度 [1416/11571]: sh880456
2025-08-20 00:47:45,534 - WARNING - 差分进化优化失败，使用默认参数
2025-08-20 00:47:45,535 - ERROR - sh513150 参数优化失败，使用默认参数回退
2025-08-20 00:47:45,549 - WARNING - 股票 sh513150 不存在于观察池中
2025-08-20 00:47:45,550 - INFO - 数据库初始化完成
2025-08-20 00:47:45,551 - INFO - 处理进度 [1417/11571]: sh513150
2025-08-20 00:47:56,559 - WARNING - 股票 sh600979 不存在于观察池中
2025-08-20 00:47:56,560 - INFO - 数据库初始化完成
2025-08-20 00:47:56,561 - INFO - 处理进度 [1418/11571]: sh600979
2025-08-20 00:48:22,145 - WARNING - 股票 sh515770 不存在于观察池中
2025-08-20 00:48:22,146 - INFO - 数据库初始化完成
2025-08-20 00:48:22,147 - INFO - 处理进度 [1419/11571]: sh515770
2025-08-20 00:48:33,570 - WARNING - 股票 sh000017 不存在于观察池中
2025-08-20 00:48:33,571 - INFO - 数据库初始化完成
2025-08-20 00:48:33,571 - INFO - 处理进度 [1420/11571]: sh000017
2025-08-20 00:48:50,916 - WARNING - 股票 sh880344 不存在于观察池中
2025-08-20 00:48:50,917 - INFO - 数据库初始化完成
2025-08-20 00:48:50,917 - INFO - 处理进度 [1421/11571]: sh880344
2025-08-20 00:49:04,369 - WARNING - 股票 sh601098 不存在于观察池中
2025-08-20 00:49:04,370 - INFO - 数据库初始化完成
2025-08-20 00:49:04,370 - INFO - 处理进度 [1422/11571]: sh601098
2025-08-20 00:49:32,500 - WARNING - 差分进化优化失败，使用默认参数
2025-08-20 00:49:32,501 - ERROR - sh880891 参数优化失败，使用默认参数回退
2025-08-20 00:49:32,515 - WARNING - 股票 sh880891 不存在于观察池中
2025-08-20 00:49:32,516 - INFO - 数据库初始化完成
2025-08-20 00:49:32,518 - INFO - 处理进度 [1423/11571]: sh880891
2025-08-20 00:49:44,647 - WARNING - 差分进化优化失败，使用默认参数
2025-08-20 00:49:44,648 - ERROR - sh516880 参数优化失败，使用默认参数回退
2025-08-20 00:49:44,662 - WARNING - 股票 sh516880 不存在于观察池中
2025-08-20 00:49:44,663 - INFO - 数据库初始化完成
2025-08-20 00:49:44,663 - INFO - 处理进度 [1424/11571]: sh516880
2025-08-20 00:49:50,178 - WARNING - 股票 sh515320 不存在于观察池中
2025-08-20 00:49:50,179 - INFO - 处理进度 [1425/11571]: sh515320
2025-08-20 00:49:50,179 - INFO - 数据库初始化完成
2025-08-20 00:49:52,515 - WARNING - 差分进化优化失败，使用默认参数
2025-08-20 00:49:52,515 - ERROR - sh600500 参数优化失败，使用默认参数回退
2025-08-20 00:49:52,528 - WARNING - 股票 sh600500 不存在于观察池中
2025-08-20 00:49:52,529 - INFO - 数据库初始化完成
2025-08-20 00:49:52,529 - INFO - 处理进度 [1426/11571]: sh600500
2025-08-20 00:50:06,464 - WARNING - 股票 sh880622 不存在于观察池中
2025-08-20 00:50:06,465 - INFO - 数据库初始化完成
2025-08-20 00:50:06,466 - INFO - 处理进度 [1427/11571]: sh880622
2025-08-20 00:50:12,048 - WARNING - 股票 sh688129 不存在于观察池中
2025-08-20 00:50:12,049 - INFO - 数据库初始化完成
2025-08-20 00:50:12,049 - INFO - 处理进度 [1428/11571]: sh688129
2025-08-20 00:50:12,050 - WARNING - sh603406 数据不足 (少于250天)，无法生成画像
2025-08-20 00:50:12,050 - INFO - 处理进度 [1429/11571]: sh603406
2025-08-20 00:50:12,050 - INFO - 数据库初始化完成
2025-08-20 00:50:20,718 - WARNING - 差分进化优化失败，使用默认参数
2025-08-20 00:50:20,718 - ERROR - sh561920 参数优化失败，使用默认参数回退
2025-08-20 00:50:20,728 - WARNING - 股票 sh561920 不存在于观察池中
2025-08-20 00:50:20,728 - INFO - 处理进度 [1430/11571]: sh561920
2025-08-20 00:50:20,729 - INFO - 数据库初始化完成
2025-08-20 00:50:20,740 - WARNING - sh880679 数据不足 (少于250天)，无法生成画像
2025-08-20 00:50:20,741 - INFO - 数据库初始化完成
2025-08-20 00:50:20,742 - INFO - 处理进度 [1431/11571]: sh880679
2025-08-20 00:50:31,993 - WARNING - 股票 sh881068 不存在于观察池中
2025-08-20 00:50:31,994 - INFO - 处理进度 [1432/11571]: sh881068
2025-08-20 00:50:31,994 - INFO - 数据库初始化完成
2025-08-20 00:51:06,190 - WARNING - 差分进化优化失败，使用默认参数
2025-08-20 00:51:06,190 - ERROR - sh600208 参数优化失败，使用默认参数回退
2025-08-20 00:51:06,204 - WARNING - 股票 sh600208 不存在于观察池中
2025-08-20 00:51:06,205 - INFO - 数据库初始化完成
2025-08-20 00:51:06,205 - INFO - 处理进度 [1433/11571]: sh600208
2025-08-20 00:51:24,205 - WARNING - 股票 sh605258 不存在于观察池中
2025-08-20 00:51:24,206 - INFO - 处理进度 [1434/11571]: sh605258
2025-08-20 00:51:24,206 - INFO - 数据库初始化完成
2025-08-20 00:51:35,698 - WARNING - 差分进化优化失败，使用默认参数
2025-08-20 00:51:35,698 - ERROR - sh688262 参数优化失败，使用默认参数回退
2025-08-20 00:51:35,709 - WARNING - 股票 sh688262 不存在于观察池中
2025-08-20 00:51:35,710 - INFO - 数据库初始化完成
2025-08-20 00:51:35,711 - INFO - 处理进度 [1435/11571]: sh688262
2025-08-20 00:51:47,207 - WARNING - 股票 sh880374 不存在于观察池中
2025-08-20 00:51:47,209 - INFO - 处理进度 [1436/11571]: sh880374
2025-08-20 00:51:47,209 - INFO - 数据库初始化完成
2025-08-20 00:52:06,520 - WARNING - 差分进化优化失败，使用默认参数
2025-08-20 00:52:06,521 - ERROR - sh600435 参数优化失败，使用默认参数回退
2025-08-20 00:52:06,535 - WARNING - 股票 sh600435 不存在于观察池中
2025-08-20 00:52:06,536 - INFO - 数据库初始化完成
2025-08-20 00:52:06,536 - INFO - 处理进度 [1437/11571]: sh600435
2025-08-20 00:52:10,189 - WARNING - 差分进化优化失败，使用默认参数
2025-08-20 00:52:10,214 - ERROR - sh880545 参数优化失败，使用默认参数回退
2025-08-20 00:52:10,228 - WARNING - 股票 sh880545 不存在于观察池中
2025-08-20 00:52:10,228 - INFO - 处理进度 [1438/11571]: sh880545
2025-08-20 00:52:10,229 - INFO - 数据库初始化完成
2025-08-20 00:52:18,327 - WARNING - 股票 sh881125 不存在于观察池中
2025-08-20 00:52:18,328 - INFO - 数据库初始化完成
2025-08-20 00:52:18,328 - INFO - 处理进度 [1439/11571]: sh881125
2025-08-20 00:52:36,939 - WARNING - 股票 sh880988 不存在于观察池中
2025-08-20 00:52:36,940 - INFO - 处理进度 [1440/11571]: sh880988
2025-08-20 00:52:36,940 - INFO - 数据库初始化完成
2025-08-20 00:52:36,947 - WARNING - 差分进化优化失败，使用默认参数
2025-08-20 00:52:36,948 - ERROR - sh600559 参数优化失败，使用默认参数回退
2025-08-20 00:52:36,962 - WARNING - 股票 sh600559 不存在于观察池中
2025-08-20 00:52:36,963 - INFO - 数据库初始化完成
2025-08-20 00:52:36,963 - INFO - 处理进度 [1441/11571]: sh600559
2025-08-20 00:52:43,922 - WARNING - 股票 sh688556 不存在于观察池中
2025-08-20 00:52:43,922 - INFO - 处理进度 [1442/11571]: sh688556
2025-08-20 00:52:43,923 - INFO - 数据库初始化完成
2025-08-20 00:52:47,459 - WARNING - 股票 sh110085 不存在于观察池中
2025-08-20 00:52:47,459 - INFO - 处理进度 [1443/11571]: sh110085
2025-08-20 00:52:47,460 - INFO - 数据库初始化完成
2025-08-20 00:52:54,072 - WARNING - 股票 sh601789 不存在于观察池中
2025-08-20 00:52:54,073 - INFO - 数据库初始化完成
2025-08-20 00:52:54,074 - INFO - 处理进度 [1444/11571]: sh601789
2025-08-20 00:52:56,123 - WARNING - 股票 sh881411 不存在于观察池中
2025-08-20 00:52:56,123 - INFO - 数据库初始化完成
2025-08-20 00:52:56,123 - INFO - 处理进度 [1445/11571]: sh881411
2025-08-20 00:52:59,186 - WARNING - 股票 sh511360 不存在于观察池中
2025-08-20 00:52:59,186 - INFO - 处理进度 [1446/11571]: sh511360
2025-08-20 00:52:59,187 - INFO - 数据库初始化完成
2025-08-20 00:52:59,196 - WARNING - sh520580 数据不足 (少于250天)，无法生成画像
2025-08-20 00:52:59,197 - INFO - 数据库初始化完成
2025-08-20 00:52:59,197 - INFO - 处理进度 [1447/11571]: sh520580
2025-08-20 00:53:18,639 - WARNING - 股票 sh603324 不存在于观察池中
2025-08-20 00:53:18,640 - INFO - 处理进度 [1448/11571]: sh603324
2025-08-20 00:53:18,641 - INFO - 数据库初始化完成
2025-08-20 00:53:28,612 - WARNING - 差分进化优化失败，使用默认参数
2025-08-20 00:53:28,613 - ERROR - sh512510 参数优化失败，使用默认参数回退
2025-08-20 00:53:28,627 - WARNING - 股票 sh512510 不存在于观察池中
2025-08-20 00:53:28,629 - INFO - 数据库初始化完成
2025-08-20 00:53:28,628 - INFO - 处理进度 [1449/11571]: sh512510
2025-08-20 00:54:20,820 - WARNING - 股票 sh881055 不存在于观察池中
2025-08-20 00:54:20,821 - INFO - 数据库初始化完成
2025-08-20 00:54:20,822 - INFO - 处理进度 [1450/11571]: sh881055
2025-08-20 00:54:30,689 - WARNING - 股票 sh600997 不存在于观察池中
2025-08-20 00:54:30,690 - INFO - 数据库初始化完成
2025-08-20 00:54:30,690 - INFO - 处理进度 [1451/11571]: sh600997
2025-08-20 00:55:04,805 - WARNING - 差分进化优化失败，使用默认参数
2025-08-20 00:55:04,806 - ERROR - sh688353 参数优化失败，使用默认参数回退
2025-08-20 00:55:04,819 - WARNING - 股票 sh688353 不存在于观察池中
2025-08-20 00:55:04,820 - INFO - 数据库初始化完成
2025-08-20 00:55:04,820 - INFO - 处理进度 [1452/11571]: sh688353
2025-08-20 00:55:19,135 - WARNING - 股票 sh113609 不存在于观察池中
2025-08-20 00:55:19,136 - INFO - 处理进度 [1453/11571]: sh113609
2025-08-20 00:55:19,136 - INFO - 数据库初始化完成
2025-08-20 00:55:32,674 - WARNING - 股票 sh880745 不存在于观察池中
2025-08-20 00:55:32,675 - INFO - 数据库初始化完成
2025-08-20 00:55:32,675 - INFO - 处理进度 [1454/11571]: sh880745
2025-08-20 00:55:41,453 - WARNING - 股票 sh600702 不存在于观察池中
2025-08-20 00:55:41,454 - INFO - 处理进度 [1455/11571]: sh600702
2025-08-20 00:55:41,454 - INFO - 数据库初始化完成
2025-08-20 00:55:42,691 - WARNING - 股票 sh688375 不存在于观察池中
2025-08-20 00:55:42,691 - INFO - 数据库初始化完成
2025-08-20 00:55:42,692 - INFO - 处理进度 [1456/11571]: sh688375
2025-08-20 00:55:59,353 - WARNING - 股票 sh881382 不存在于观察池中
2025-08-20 00:55:59,355 - INFO - 数据库初始化完成
2025-08-20 00:55:59,355 - INFO - 处理进度 [1457/11571]: sh881382
2025-08-20 00:55:59,367 - WARNING - sh561370 数据不足 (少于250天)，无法生成画像
2025-08-20 00:55:59,367 - INFO - 数据库初始化完成
2025-08-20 00:55:59,368 - INFO - 处理进度 [1458/11571]: sh561370
2025-08-20 00:56:22,813 - WARNING - 股票 sh600120 不存在于观察池中
2025-08-20 00:56:22,814 - INFO - 数据库初始化完成
2025-08-20 00:56:22,816 - INFO - 处理进度 [1459/11571]: sh600120
2025-08-20 00:56:37,229 - WARNING - 股票 sh600770 不存在于观察池中
2025-08-20 00:56:37,229 - INFO - 处理进度 [1460/11571]: sh600770
2025-08-20 00:56:37,230 - INFO - 数据库初始化完成
2025-08-20 00:56:59,477 - WARNING - 股票 sh603889 不存在于观察池中
2025-08-20 00:56:59,477 - INFO - 处理进度 [1461/11571]: sh603889
2025-08-20 00:56:59,478 - INFO - 数据库初始化完成
2025-08-20 00:57:19,164 - WARNING - 股票 sh512260 不存在于观察池中
2025-08-20 00:57:19,164 - INFO - 处理进度 [1462/11571]: sh512260
2025-08-20 00:57:19,165 - INFO - 数据库初始化完成
2025-08-20 00:57:19,175 - WARNING - sh113685 数据不足 (少于250天)，无法生成画像
2025-08-20 00:57:19,176 - INFO - 处理进度 [1463/11571]: sh113685
2025-08-20 00:57:19,176 - INFO - 数据库初始化完成
2025-08-20 00:57:26,394 - WARNING - 股票 sh881451 不存在于观察池中
2025-08-20 00:57:26,395 - INFO - 处理进度 [1464/11571]: sh881451
2025-08-20 00:57:26,395 - INFO - 数据库初始化完成
2025-08-20 00:57:40,947 - WARNING - 股票 sh601636 不存在于观察池中
2025-08-20 00:57:40,948 - INFO - 处理进度 [1465/11571]: sh601636
2025-08-20 00:57:40,948 - INFO - 数据库初始化完成
2025-08-20 00:57:52,632 - WARNING - 股票 sh600496 不存在于观察池中
2025-08-20 00:57:52,633 - INFO - 处理进度 [1466/11571]: sh600496
2025-08-20 00:57:52,633 - INFO - 数据库初始化完成
2025-08-20 00:58:00,853 - WARNING - 股票 sh600128 不存在于观察池中
2025-08-20 00:58:00,854 - INFO - 处理进度 [1467/11571]: sh600128
2025-08-20 00:58:00,854 - INFO - 数据库初始化完成
2025-08-20 00:58:05,930 - WARNING - 股票 sh516610 不存在于观察池中
2025-08-20 00:58:05,931 - INFO - 处理进度 [1468/11571]: sh516610
2025-08-20 00:58:05,931 - INFO - 数据库初始化完成
2025-08-20 00:58:15,187 - WARNING - 股票 sh881296 不存在于观察池中
2025-08-20 00:58:15,188 - INFO - 数据库初始化完成
2025-08-20 00:58:15,188 - INFO - 处理进度 [1469/11571]: sh881296
2025-08-20 00:58:17,585 - WARNING - 股票 sh688466 不存在于观察池中
2025-08-20 00:58:17,586 - INFO - 数据库初始化完成
2025-08-20 00:58:17,586 - INFO - 处理进度 [1470/11571]: sh688466
2025-08-20 00:58:58,675 - WARNING - 股票 sh603533 不存在于观察池中
2025-08-20 00:58:58,675 - INFO - 数据库初始化完成
2025-08-20 00:58:58,675 - INFO - 处理进度 [1471/11571]: sh603533
2025-08-20 00:59:06,265 - WARNING - 股票 sh688251 不存在于观察池中
2025-08-20 00:59:06,266 - INFO - 数据库初始化完成
2025-08-20 00:59:06,267 - INFO - 处理进度 [1472/11571]: sh688251
2025-08-20 00:59:16,458 - WARNING - 股票 sh113589 不存在于观察池中
2025-08-20 00:59:16,459 - INFO - 数据库初始化完成
2025-08-20 00:59:16,459 - INFO - 处理进度 [1473/11571]: sh113589
2025-08-20 00:59:21,448 - WARNING - 股票 sh688234 不存在于观察池中
2025-08-20 00:59:21,449 - INFO - 数据库初始化完成
2025-08-20 00:59:21,450 - INFO - 处理进度 [1474/11571]: sh688234
2025-08-20 01:00:05,847 - WARNING - 股票 sh688398 不存在于观察池中
2025-08-20 01:00:05,849 - INFO - 数据库初始化完成
2025-08-20 01:00:05,849 - INFO - 处理进度 [1475/11571]: sh688398
2025-08-20 01:00:05,887 - WARNING - sh118036 数据不足 (少于250天)，无法生成画像
2025-08-20 01:00:05,887 - INFO - 处理进度 [1476/11571]: sh118036
2025-08-20 01:00:05,888 - INFO - 数据库初始化完成
2025-08-20 01:00:27,535 - WARNING - 股票 sh560680 不存在于观察池中
2025-08-20 01:00:27,536 - INFO - 数据库初始化完成
2025-08-20 01:00:27,536 - INFO - 处理进度 [1477/11571]: sh560680
2025-08-20 01:00:36,876 - WARNING - 股票 sh601126 不存在于观察池中
2025-08-20 01:00:36,877 - INFO - 数据库初始化完成
2025-08-20 01:00:36,878 - INFO - 处理进度 [1478/11571]: sh601126
2025-08-20 01:00:37,694 - WARNING - 股票 sh516300 不存在于观察池中
2025-08-20 01:00:37,695 - INFO - 数据库初始化完成
2025-08-20 01:00:37,695 - INFO - 处理进度 [1479/11571]: sh516300
2025-08-20 01:00:41,563 - WARNING - 股票 sh600692 不存在于观察池中
2025-08-20 01:00:41,564 - INFO - 数据库初始化完成
2025-08-20 01:00:41,564 - INFO - 处理进度 [1480/11571]: sh600692
2025-08-20 01:00:55,583 - WARNING - 股票 sh880452 不存在于观察池中
2025-08-20 01:00:55,584 - INFO - 处理进度 [1481/11571]: sh880452
2025-08-20 01:00:55,584 - INFO - 数据库初始化完成
2025-08-20 01:01:15,132 - WARNING - 差分进化优化失败，使用默认参数
2025-08-20 01:01:15,133 - ERROR - sh880644 参数优化失败，使用默认参数回退
2025-08-20 01:01:15,147 - WARNING - 股票 sh880644 不存在于观察池中
2025-08-20 01:01:15,148 - INFO - 数据库初始化完成
2025-08-20 01:01:15,148 - INFO - 处理进度 [1482/11571]: sh880644
2025-08-20 01:01:15,160 - WARNING - sh111017 数据不足 (少于250天)，无法生成画像
2025-08-20 01:01:15,161 - INFO - 数据库初始化完成
2025-08-20 01:01:15,161 - INFO - 处理进度 [1483/11571]: sh111017
2025-08-20 01:01:15,173 - WARNING - sh113678 数据不足 (少于250天)，无法生成画像
2025-08-20 01:01:15,173 - INFO - 处理进度 [1484/11571]: sh113678
2025-08-20 01:01:15,174 - INFO - 数据库初始化完成
2025-08-20 01:01:36,195 - WARNING - 股票 sh881325 不存在于观察池中
2025-08-20 01:01:36,196 - INFO - 处理进度 [1485/11571]: sh881325
2025-08-20 01:01:36,196 - INFO - 数据库初始化完成
2025-08-20 01:01:40,639 - WARNING - 股票 sh880004 不存在于观察池中
2025-08-20 01:01:40,640 - INFO - 数据库初始化完成
2025-08-20 01:01:40,640 - INFO - 处理进度 [1486/11571]: sh880004
2025-08-20 01:01:54,845 - WARNING - 股票 sh603039 不存在于观察池中
2025-08-20 01:01:54,846 - INFO - 数据库初始化完成
2025-08-20 01:01:54,846 - INFO - 处理进度 [1487/11571]: sh603039
2025-08-20 01:02:28,729 - WARNING - 股票 sh688006 不存在于观察池中
2025-08-20 01:02:28,730 - INFO - 处理进度 [1488/11571]: sh688006
2025-08-20 01:02:28,730 - INFO - 数据库初始化完成
2025-08-20 01:02:39,608 - WARNING - 股票 sh880439 不存在于观察池中
2025-08-20 01:02:39,609 - INFO - 处理进度 [1489/11571]: sh880439
2025-08-20 01:02:39,609 - INFO - 数据库初始化完成
2025-08-20 01:02:47,987 - WARNING - 股票 sh601717 不存在于观察池中
2025-08-20 01:02:47,988 - INFO - 数据库初始化完成
2025-08-20 01:02:47,988 - INFO - 处理进度 [1490/11571]: sh601717
2025-08-20 01:02:48,000 - WARNING - sh688750 数据不足 (少于250天)，无法生成画像
2025-08-20 01:02:48,000 - INFO - 数据库初始化完成
2025-08-20 01:02:48,003 - INFO - 处理进度 [1491/11571]: sh688750
2025-08-20 01:03:24,850 - WARNING - 股票 sh601512 不存在于观察池中
2025-08-20 01:03:24,851 - INFO - 处理进度 [1492/11571]: sh601512
2025-08-20 01:03:24,852 - INFO - 数据库初始化完成
2025-08-20 01:03:32,285 - WARNING - 差分进化优化失败，使用默认参数
2025-08-20 01:03:32,285 - ERROR - sh118033 参数优化失败，使用默认参数回退
2025-08-20 01:03:32,299 - WARNING - 股票 sh118033 不存在于观察池中
2025-08-20 01:03:32,299 - INFO - 处理进度 [1493/11571]: sh118033
2025-08-20 01:03:32,300 - INFO - 数据库初始化完成
2025-08-20 01:03:33,175 - WARNING - 股票 sh881388 不存在于观察池中
2025-08-20 01:03:33,176 - INFO - 数据库初始化完成
2025-08-20 01:03:33,176 - INFO - 处理进度 [1494/11571]: sh881388
2025-08-20 01:03:56,015 - WARNING - 差分进化优化失败，使用默认参数
2025-08-20 01:03:56,016 - ERROR - sh600516 参数优化失败，使用默认参数回退
2025-08-20 01:03:56,030 - WARNING - 股票 sh600516 不存在于观察池中
2025-08-20 01:03:56,030 - INFO - 处理进度 [1495/11571]: sh600516
2025-08-20 01:03:56,030 - INFO - 数据库初始化完成
2025-08-20 01:03:56,766 - WARNING - 股票 sh603586 不存在于观察池中
2025-08-20 01:03:56,766 - INFO - 处理进度 [1496/11571]: sh603586
2025-08-20 01:03:56,767 - INFO - 数据库初始化完成
2025-08-20 01:03:59,993 - WARNING - 股票 sh118029 不存在于观察池中
2025-08-20 01:03:59,993 - INFO - 处理进度 [1497/11571]: sh118029
2025-08-20 01:03:59,994 - INFO - 数据库初始化完成
2025-08-20 01:04:05,069 - WARNING - 股票 sh688221 不存在于观察池中
2025-08-20 01:04:05,096 - INFO - 数据库初始化完成
2025-08-20 01:04:05,097 - INFO - 处理进度 [1498/11571]: sh688221
2025-08-20 01:04:05,106 - WARNING - sh880747 数据不足 (少于250天)，无法生成画像
2025-08-20 01:04:05,107 - INFO - 数据库初始化完成
2025-08-20 01:04:05,107 - INFO - 处理进度 [1499/11571]: sh880747
2025-08-20 01:05:11,248 - WARNING - 差分进化优化失败，使用默认参数
2025-08-20 01:05:11,249 - ERROR - sh880916 参数优化失败，使用默认参数回退
2025-08-20 01:05:11,262 - WARNING - 股票 sh880916 不存在于观察池中
2025-08-20 01:05:11,263 - INFO - 数据库初始化完成
2025-08-20 01:05:11,264 - INFO - 处理进度 [1500/11571]: sh880916
2025-08-20 01:05:12,956 - WARNING - 股票 sh880324 不存在于观察池中
2025-08-20 01:05:12,957 - INFO - 数据库初始化完成
2025-08-20 01:05:12,957 - INFO - 处理进度 [1501/11571]: sh880324
2025-08-20 01:05:19,897 - WARNING - 股票 sh603093 不存在于观察池中
2025-08-20 01:05:19,898 - INFO - 数据库初始化完成
2025-08-20 01:05:19,899 - INFO - 处理进度 [1502/11571]: sh603093
2025-08-20 01:05:25,873 - WARNING - 股票 sh600977 不存在于观察池中
2025-08-20 01:05:25,873 - INFO - 处理进度 [1503/11571]: sh600977
2025-08-20 01:05:25,873 - INFO - 数据库初始化完成
2025-08-20 01:05:43,477 - WARNING - 股票 sh603023 不存在于观察池中
2025-08-20 01:05:43,478 - INFO - 数据库初始化完成
2025-08-20 01:05:43,478 - INFO - 处理进度 [1504/11571]: sh603023
2025-08-20 01:06:28,417 - WARNING - 股票 sh512650 不存在于观察池中
2025-08-20 01:06:28,419 - INFO - 数据库初始化完成
2025-08-20 01:06:28,419 - INFO - 处理进度 [1505/11571]: sh512650
2025-08-20 01:06:29,160 - WARNING - 差分进化优化失败，使用默认参数
2025-08-20 01:06:29,160 - ERROR - sh600585 参数优化失败，使用默认参数回退
2025-08-20 01:06:29,173 - WARNING - 股票 sh600585 不存在于观察池中
2025-08-20 01:06:29,174 - INFO - 数据库初始化完成
2025-08-20 01:06:29,174 - INFO - 处理进度 [1506/11571]: sh600585
2025-08-20 01:06:44,044 - WARNING - 股票 sh880620 不存在于观察池中
2025-08-20 01:06:44,045 - INFO - 处理进度 [1507/11571]: sh880620
2025-08-20 01:06:44,045 - INFO - 数据库初始化完成
2025-08-20 01:06:44,342 - WARNING - 股票 sh688117 不存在于观察池中
2025-08-20 01:06:44,342 - INFO - 数据库初始化完成
2025-08-20 01:06:44,347 - INFO - 处理进度 [1508/11571]: sh688117
2025-08-20 01:06:48,200 - WARNING - 股票 sh688550 不存在于观察池中
2025-08-20 01:06:48,200 - INFO - 处理进度 [1509/11571]: sh688550
2025-08-20 01:06:48,201 - INFO - 数据库初始化完成
2025-08-20 01:07:13,999 - WARNING - 差分进化优化失败，使用默认参数
2025-08-20 01:07:13,999 - ERROR - sh506008 参数优化失败，使用默认参数回退
2025-08-20 01:07:14,013 - WARNING - 股票 sh506008 不存在于观察池中
2025-08-20 01:07:14,013 - INFO - 处理进度 [1510/11571]: sh506008
2025-08-20 01:07:14,014 - INFO - 数据库初始化完成
2025-08-20 01:07:27,107 - WARNING - 股票 sh600826 不存在于观察池中
2025-08-20 01:07:27,108 - INFO - 处理进度 [1511/11571]: sh600826
2025-08-20 01:07:27,109 - INFO - 数据库初始化完成
2025-08-20 01:08:19,940 - WARNING - 股票 sh605081 不存在于观察池中
2025-08-20 01:08:19,941 - INFO - 处理进度 [1512/11571]: sh605081
2025-08-20 01:08:19,941 - INFO - 数据库初始化完成
2025-08-20 01:08:23,690 - WARNING - 差分进化优化失败，使用默认参数
2025-08-20 01:08:23,691 - ERROR - sh603927 参数优化失败，使用默认参数回退
2025-08-20 01:08:23,705 - WARNING - 股票 sh603927 不存在于观察池中
2025-08-20 01:08:23,705 - INFO - 处理进度 [1513/11571]: sh603927
2025-08-20 01:08:23,706 - INFO - 数据库初始化完成
2025-08-20 01:08:26,771 - WARNING - 股票 sh600107 不存在于观察池中
2025-08-20 01:08:26,772 - INFO - 处理进度 [1514/11571]: sh600107
2025-08-20 01:08:26,773 - INFO - 数据库初始化完成
2025-08-20 01:08:54,390 - WARNING - 股票 sh881189 不存在于观察池中
2025-08-20 01:08:54,391 - INFO - 数据库初始化完成
2025-08-20 01:08:54,392 - INFO - 处理进度 [1515/11571]: sh881189
2025-08-20 01:09:05,700 - WARNING - 股票 sh113643 不存在于观察池中
2025-08-20 01:09:05,701 - INFO - 处理进度 [1516/11571]: sh113643
2025-08-20 01:09:05,702 - INFO - 数据库初始化完成
2025-08-20 01:09:16,936 - WARNING - 股票 sh512090 不存在于观察池中
2025-08-20 01:09:16,936 - INFO - 数据库初始化完成
2025-08-20 01:09:16,937 - INFO - 处理进度 [1517/11571]: sh512090
2025-08-20 01:09:43,887 - WARNING - 股票 sh605303 不存在于观察池中
2025-08-20 01:09:43,887 - INFO - 处理进度 [1518/11571]: sh605303
2025-08-20 01:09:43,888 - INFO - 数据库初始化完成
2025-08-20 01:10:05,471 - WARNING - 股票 sh516930 不存在于观察池中
2025-08-20 01:10:05,472 - INFO - 数据库初始化完成
2025-08-20 01:10:05,472 - INFO - 处理进度 [1519/11571]: sh516930
2025-08-20 01:10:20,285 - WARNING - 股票 sh688601 不存在于观察池中
2025-08-20 01:10:20,286 - INFO - 数据库初始化完成
2025-08-20 01:10:20,287 - INFO - 处理进度 [1520/11571]: sh688601
2025-08-20 01:10:20,296 - WARNING - sh603409 数据不足 (少于250天)，无法生成画像
2025-08-20 01:10:20,296 - INFO - 处理进度 [1521/11571]: sh603409
2025-08-20 01:10:20,296 - INFO - 数据库初始化完成
2025-08-20 01:10:23,063 - WARNING - 股票 sh688118 不存在于观察池中
2025-08-20 01:10:23,064 - INFO - 数据库初始化完成
2025-08-20 01:10:23,064 - INFO - 处理进度 [1522/11571]: sh688118
2025-08-20 01:11:03,863 - WARNING - 差分进化优化失败，使用默认参数
2025-08-20 01:11:03,863 - ERROR - sh600367 参数优化失败，使用默认参数回退
2025-08-20 01:11:03,874 - WARNING - 股票 sh600367 不存在于观察池中
2025-08-20 01:11:03,875 - INFO - 数据库初始化完成
2025-08-20 01:11:03,875 - INFO - 处理进度 [1523/11571]: sh600367
2025-08-20 01:11:11,072 - WARNING - 股票 sh605001 不存在于观察池中
2025-08-20 01:11:11,073 - INFO - 处理进度 [1524/11571]: sh605001
2025-08-20 01:11:11,073 - INFO - 数据库初始化完成
2025-08-20 01:11:22,496 - WARNING - 股票 sh603766 不存在于观察池中
2025-08-20 01:11:22,497 - INFO - 数据库初始化完成
2025-08-20 01:11:22,497 - INFO - 处理进度 [1525/11571]: sh603766
2025-08-20 01:11:45,204 - WARNING - 股票 sh880780 不存在于观察池中
2025-08-20 01:11:45,204 - INFO - 处理进度 [1526/11571]: sh880780
2025-08-20 01:11:45,205 - INFO - 数据库初始化完成
2025-08-20 01:11:47,015 - WARNING - 股票 sh688416 不存在于观察池中
2025-08-20 01:11:47,023 - INFO - 数据库初始化完成
2025-08-20 01:11:47,024 - INFO - 处理进度 [1527/11571]: sh688416
2025-08-20 01:11:48,003 - WARNING - 股票 sh600588 不存在于观察池中
2025-08-20 01:11:48,004 - INFO - 处理进度 [1528/11571]: sh600588
2025-08-20 01:11:48,004 - INFO - 数据库初始化完成
2025-08-20 01:11:49,199 - WARNING - 股票 sh603162 不存在于观察池中
2025-08-20 01:11:49,200 - INFO - 数据库初始化完成
2025-08-20 01:11:49,201 - INFO - 处理进度 [1529/11571]: sh603162
2025-08-20 01:12:05,902 - WARNING - 差分进化优化失败，使用默认参数
2025-08-20 01:12:05,903 - ERROR - sh688209 参数优化失败，使用默认参数回退
2025-08-20 01:12:05,917 - WARNING - 股票 sh688209 不存在于观察池中
2025-08-20 01:12:05,918 - INFO - 数据库初始化完成
2025-08-20 01:12:05,918 - INFO - 处理进度 [1530/11571]: sh688209
2025-08-20 01:12:30,122 - WARNING - 股票 sh603106 不存在于观察池中
2025-08-20 01:12:30,123 - INFO - 数据库初始化完成
2025-08-20 01:12:30,123 - INFO - 处理进度 [1531/11571]: sh603106
2025-08-20 01:12:30,134 - WARNING - sh561760 数据不足 (少于250天)，无法生成画像
2025-08-20 01:12:30,135 - INFO - 数据库初始化完成
2025-08-20 01:12:30,135 - INFO - 处理进度 [1532/11571]: sh561760
2025-08-20 01:12:31,237 - WARNING - 股票 sh880758 不存在于观察池中
2025-08-20 01:12:31,237 - INFO - 数据库初始化完成
2025-08-20 01:12:31,237 - INFO - 处理进度 [1533/11571]: sh880758
2025-08-20 01:13:04,437 - WARNING - 股票 sh881185 不存在于观察池中
2025-08-20 01:13:04,438 - INFO - 数据库初始化完成
2025-08-20 01:13:04,438 - INFO - 处理进度 [1534/11571]: sh881185
2025-08-20 01:14:07,556 - WARNING - 股票 sh881049 不存在于观察池中
2025-08-20 01:14:07,557 - INFO - 数据库初始化完成
2025-08-20 01:14:07,557 - INFO - 处理进度 [1535/11571]: sh881049
2025-08-20 01:14:07,963 - WARNING - 差分进化优化失败，使用默认参数
2025-08-20 01:14:07,964 - ERROR - sh600448 参数优化失败，使用默认参数回退
2025-08-20 01:14:07,977 - WARNING - 股票 sh600448 不存在于观察池中
2025-08-20 01:14:07,978 - INFO - 数据库初始化完成
2025-08-20 01:14:07,979 - INFO - 处理进度 [1536/11571]: sh600448
2025-08-20 01:14:09,067 - WARNING - 股票 sh603219 不存在于观察池中
2025-08-20 01:14:09,068 - INFO - 数据库初始化完成
2025-08-20 01:14:09,068 - INFO - 处理进度 [1537/11571]: sh603219
2025-08-20 01:14:11,606 - WARNING - 股票 sh603158 不存在于观察池中
2025-08-20 01:14:11,607 - INFO - 数据库初始化完成
2025-08-20 01:14:11,607 - INFO - 处理进度 [1538/11571]: sh603158
2025-08-20 01:14:30,188 - WARNING - 股票 sh600792 不存在于观察池中
2025-08-20 01:14:30,189 - INFO - 数据库初始化完成
2025-08-20 01:14:30,190 - INFO - 处理进度 [1539/11571]: sh600792
2025-08-20 01:14:36,138 - WARNING - 差分进化优化失败，使用默认参数
2025-08-20 01:14:36,138 - ERROR - sh603181 参数优化失败，使用默认参数回退
2025-08-20 01:14:36,152 - WARNING - 股票 sh603181 不存在于观察池中
2025-08-20 01:14:36,153 - INFO - 数据库初始化完成
2025-08-20 01:14:36,153 - INFO - 处理进度 [1540/11571]: sh603181
2025-08-20 01:14:53,344 - WARNING - 股票 sh600031 不存在于观察池中
2025-08-20 01:14:53,345 - INFO - 数据库初始化完成
2025-08-20 01:14:53,348 - INFO - 处理进度 [1541/11571]: sh600031
2025-08-20 01:15:04,798 - WARNING - 股票 sh600988 不存在于观察池中
2025-08-20 01:15:04,799 - INFO - 数据库初始化完成
2025-08-20 01:15:04,799 - INFO - 处理进度 [1542/11571]: sh600988
2025-08-20 01:15:14,809 - WARNING - 股票 sh600774 不存在于观察池中
2025-08-20 01:15:14,810 - INFO - 处理进度 [1543/11571]: sh600774
2025-08-20 01:15:14,810 - INFO - 数据库初始化完成
2025-08-20 01:15:15,463 - WARNING - 股票 sh600239 不存在于观察池中
2025-08-20 01:15:15,464 - INFO - 数据库初始化完成
2025-08-20 01:15:15,464 - INFO - 处理进度 [1544/11571]: sh600239
2025-08-20 01:15:43,971 - WARNING - 股票 sh508001 不存在于观察池中
2025-08-20 01:15:43,973 - INFO - 数据库初始化完成
2025-08-20 01:15:43,973 - INFO - 处理进度 [1545/11571]: sh508001
2025-08-20 01:15:55,828 - WARNING - 股票 sh688580 不存在于观察池中
2025-08-20 01:15:55,829 - INFO - 数据库初始化完成
2025-08-20 01:15:55,830 - INFO - 处理进度 [1546/11571]: sh688580
2025-08-20 01:16:00,054 - WARNING - 股票 sh881066 不存在于观察池中
2025-08-20 01:16:00,054 - INFO - 处理进度 [1547/11571]: sh881066
2025-08-20 01:16:00,055 - INFO - 数据库初始化完成
2025-08-20 01:16:06,308 - WARNING - 股票 sh118015 不存在于观察池中
2025-08-20 01:16:06,309 - INFO - 数据库初始化完成
2025-08-20 01:16:06,311 - INFO - 处理进度 [1548/11571]: sh118015
2025-08-20 01:16:06,323 - WARNING - sh603375 数据不足 (少于250天)，无法生成画像
2025-08-20 01:16:06,323 - INFO - 数据库初始化完成
2025-08-20 01:16:06,324 - INFO - 处理进度 [1549/11571]: sh603375
2025-08-20 01:16:42,774 - WARNING - 股票 sh881045 不存在于观察池中
2025-08-20 01:16:42,774 - INFO - 处理进度 [1550/11571]: sh881045
2025-08-20 01:16:42,775 - INFO - 数据库初始化完成
2025-08-20 01:16:42,786 - WARNING - sh113679 数据不足 (少于250天)，无法生成画像
2025-08-20 01:16:42,787 - INFO - 数据库初始化完成
2025-08-20 01:16:42,787 - INFO - 处理进度 [1551/11571]: sh113679
2025-08-20 01:16:48,506 - WARNING - 股票 sh880757 不存在于观察池中
2025-08-20 01:16:48,507 - INFO - 数据库初始化完成
2025-08-20 01:16:48,507 - INFO - 处理进度 [1552/11571]: sh880757
2025-08-20 01:16:55,892 - WARNING - 股票 sh600336 不存在于观察池中
2025-08-20 01:16:55,893 - INFO - 处理进度 [1553/11571]: sh600336
2025-08-20 01:16:55,893 - INFO - 数据库初始化完成
2025-08-20 01:16:59,100 - WARNING - 差分进化优化失败，使用默认参数
2025-08-20 01:16:59,100 - ERROR - sh880721 参数优化失败，使用默认参数回退
2025-08-20 01:16:59,114 - WARNING - 股票 sh880721 不存在于观察池中
2025-08-20 01:16:59,115 - INFO - 数据库初始化完成
2025-08-20 01:16:59,115 - INFO - 处理进度 [1554/11571]: sh880721
2025-08-20 01:17:05,581 - WARNING - 差分进化优化失败，使用默认参数
2025-08-20 01:17:05,581 - ERROR - sh605598 参数优化失败，使用默认参数回退
2025-08-20 01:17:05,595 - WARNING - 股票 sh605598 不存在于观察池中
2025-08-20 01:17:05,595 - INFO - 处理进度 [1555/11571]: sh605598
2025-08-20 01:17:05,596 - INFO - 数据库初始化完成
2025-08-20 01:18:16,557 - WARNING - 股票 sh880045 不存在于观察池中
2025-08-20 01:18:16,558 - INFO - 数据库初始化完成
2025-08-20 01:18:16,559 - INFO - 处理进度 [1556/11571]: sh880045
2025-08-20 01:18:20,611 - WARNING - 股票 sh688433 不存在于观察池中
2025-08-20 01:18:20,612 - INFO - 处理进度 [1557/11571]: sh688433
2025-08-20 01:18:20,612 - INFO - 数据库初始化完成
2025-08-20 01:18:53,243 - WARNING - 股票 sh880759 不存在于观察池中
2025-08-20 01:18:53,244 - INFO - 处理进度 [1558/11571]: sh880759
2025-08-20 01:18:53,245 - INFO - 数据库初始化完成
2025-08-20 01:18:57,658 - WARNING - 股票 sh516720 不存在于观察池中
2025-08-20 01:18:57,659 - INFO - 数据库初始化完成
2025-08-20 01:18:57,660 - INFO - 处理进度 [1559/11571]: sh516720
2025-08-20 01:19:54,130 - WARNING - 股票 sh881447 不存在于观察池中
2025-08-20 01:19:54,131 - INFO - 处理进度 [1560/11571]: sh881447
2025-08-20 01:19:54,131 - INFO - 数据库初始化完成
2025-08-20 01:19:55,404 - WARNING - 股票 sh688589 不存在于观察池中
2025-08-20 01:19:55,405 - INFO - 数据库初始化完成
2025-08-20 01:19:55,410 - INFO - 处理进度 [1561/11571]: sh688589
2025-08-20 01:19:59,820 - WARNING - 股票 sh881040 不存在于观察池中
2025-08-20 01:19:59,821 - INFO - 处理进度 [1562/11571]: sh881040
2025-08-20 01:19:59,821 - INFO - 数据库初始化完成
2025-08-20 01:19:59,835 - WARNING - sh880082 数据不足 (少于250天)，无法生成画像
2025-08-20 01:19:59,835 - INFO - 处理进度 [1563/11571]: sh880082
2025-08-20 01:19:59,836 - INFO - 数据库初始化完成
2025-08-20 01:20:02,472 - WARNING - 股票 sh601688 不存在于观察池中
2025-08-20 01:20:02,472 - INFO - 处理进度 [1564/11571]: sh601688
2025-08-20 01:20:02,473 - INFO - 数据库初始化完成
2025-08-20 01:20:12,915 - WARNING - 股票 sh688352 不存在于观察池中
2025-08-20 01:20:12,915 - INFO - 处理进度 [1565/11571]: sh688352
2025-08-20 01:20:12,916 - INFO - 数据库初始化完成
2025-08-20 01:20:33,223 - WARNING - 股票 sh600816 不存在于观察池中
2025-08-20 01:20:33,223 - INFO - 处理进度 [1566/11571]: sh600816
2025-08-20 01:20:33,224 - INFO - 数据库初始化完成
2025-08-20 01:20:33,235 - WARNING - sh880522 数据不足 (少于250天)，无法生成画像
2025-08-20 01:20:33,235 - INFO - 处理进度 [1567/11571]: sh880522
2025-08-20 01:20:33,235 - INFO - 数据库初始化完成
2025-08-20 01:20:44,068 - WARNING - 股票 sh881163 不存在于观察池中
2025-08-20 01:20:44,068 - INFO - 数据库初始化完成
2025-08-20 01:20:44,069 - INFO - 处理进度 [1568/11571]: sh881163
2025-08-20 01:20:44,295 - WARNING - 股票 sh881184 不存在于观察池中
2025-08-20 01:20:44,295 - INFO - 处理进度 [1569/11571]: sh881184
2025-08-20 01:20:44,296 - INFO - 数据库初始化完成
2025-08-20 01:20:59,326 - WARNING - 股票 sh688469 不存在于观察池中
2025-08-20 01:20:59,328 - INFO - 数据库初始化完成
2025-08-20 01:20:59,328 - INFO - 处理进度 [1570/11571]: sh688469
2025-08-20 01:21:03,369 - WARNING - 股票 sh603336 不存在于观察池中
2025-08-20 01:21:03,369 - INFO - 处理进度 [1571/11571]: sh603336
2025-08-20 01:21:03,370 - INFO - 数据库初始化完成
2025-08-20 01:21:30,197 - WARNING - 股票 sh688503 不存在于观察池中
2025-08-20 01:21:30,198 - INFO - 数据库初始化完成
2025-08-20 01:21:30,198 - INFO - 处理进度 [1572/11571]: sh688503
2025-08-20 01:21:30,209 - WARNING - sh517400 数据不足 (少于250天)，无法生成画像
2025-08-20 01:21:30,210 - INFO - 数据库初始化完成
2025-08-20 01:21:30,211 - INFO - 处理进度 [1573/11571]: sh517400
2025-08-20 01:21:53,637 - WARNING - 差分进化优化失败，使用默认参数
2025-08-20 01:21:53,638 - ERROR - sh601016 参数优化失败，使用默认参数回退
2025-08-20 01:21:53,652 - WARNING - 股票 sh601016 不存在于观察池中
2025-08-20 01:21:53,653 - INFO - 处理进度 [1574/11571]: sh601016
2025-08-20 01:21:53,653 - INFO - 数据库初始化完成
2025-08-20 01:22:25,071 - WARNING - 差分进化优化失败，使用默认参数
2025-08-20 01:22:25,071 - ERROR - sh880230 参数优化失败，使用默认参数回退
2025-08-20 01:22:25,085 - WARNING - 股票 sh880230 不存在于观察池中
2025-08-20 01:22:25,086 - INFO - 处理进度 [1575/11571]: sh880230
2025-08-20 01:22:25,087 - INFO - 数据库初始化完成
2025-08-20 01:22:26,982 - WARNING - 股票 sh600918 不存在于观察池中
2025-08-20 01:22:26,982 - INFO - 处理进度 [1576/11571]: sh600918
2025-08-20 01:22:26,983 - INFO - 数据库初始化完成
2025-08-20 01:22:45,463 - WARNING - 股票 sh603307 不存在于观察池中
2025-08-20 01:22:45,464 - INFO - 数据库初始化完成
2025-08-20 01:22:45,464 - INFO - 处理进度 [1577/11571]: sh603307
2025-08-20 01:22:46,661 - WARNING - 股票 sh603087 不存在于观察池中
2025-08-20 01:22:46,662 - INFO - 处理进度 [1578/11571]: sh603087
2025-08-20 01:22:46,662 - INFO - 数据库初始化完成
2025-08-20 01:23:01,916 - WARNING - 股票 sh688175 不存在于观察池中
2025-08-20 01:23:01,917 - INFO - 数据库初始化完成
2025-08-20 01:23:01,917 - INFO - 处理进度 [1579/11571]: sh688175
2025-08-20 01:23:01,929 - WARNING - sh562920 数据不足 (少于250天)，无法生成画像
2025-08-20 01:23:01,930 - INFO - 处理进度 [1580/11571]: sh562920
2025-08-20 01:23:01,930 - INFO - 数据库初始化完成
2025-08-20 01:23:25,231 - WARNING - 差分进化优化失败，使用默认参数
2025-08-20 01:23:25,232 - ERROR - sh880601 参数优化失败，使用默认参数回退
2025-08-20 01:23:25,244 - WARNING - 股票 sh880601 不存在于观察池中
2025-08-20 01:23:25,245 - INFO - 数据库初始化完成
2025-08-20 01:23:25,245 - INFO - 处理进度 [1581/11571]: sh880601
2025-08-20 01:23:33,764 - WARNING - 股票 sh881047 不存在于观察池中
2025-08-20 01:23:33,765 - INFO - 处理进度 [1582/11571]: sh881047
2025-08-20 01:23:33,765 - INFO - 数据库初始化完成
2025-08-20 01:23:51,821 - WARNING - 股票 sh881321 不存在于观察池中
2025-08-20 01:23:51,821 - INFO - 处理进度 [1583/11571]: sh881321
2025-08-20 01:23:51,822 - INFO - 数据库初始化完成
2025-08-20 01:24:14,103 - WARNING - 股票 sh113569 不存在于观察池中
2025-08-20 01:24:14,103 - INFO - 数据库初始化完成
2025-08-20 01:24:14,104 - INFO - 处理进度 [1584/11571]: sh113569
2025-08-20 01:24:29,688 - WARNING - 股票 sh600459 不存在于观察池中
2025-08-20 01:24:29,688 - INFO - 处理进度 [1585/11571]: sh600459
2025-08-20 01:24:29,689 - INFO - 数据库初始化完成
2025-08-20 01:24:30,236 - WARNING - 股票 sh880426 不存在于观察池中
2025-08-20 01:24:30,236 - INFO - 数据库初始化完成
2025-08-20 01:24:30,237 - INFO - 处理进度 [1586/11571]: sh880426
2025-08-20 01:25:30,222 - WARNING - 差分进化优化失败，使用默认参数
2025-08-20 01:25:30,222 - ERROR - sh881191 参数优化失败，使用默认参数回退
2025-08-20 01:25:30,236 - WARNING - 股票 sh881191 不存在于观察池中
2025-08-20 01:25:30,236 - INFO - 数据库初始化完成
2025-08-20 01:25:30,237 - INFO - 处理进度 [1587/11571]: sh881191
2025-08-20 01:25:32,331 - WARNING - 股票 sh880603 不存在于观察池中
2025-08-20 01:25:32,331 - INFO - 数据库初始化完成
2025-08-20 01:25:32,334 - INFO - 处理进度 [1588/11571]: sh880603
2025-08-20 01:25:40,229 - WARNING - 股票 sh113058 不存在于观察池中
2025-08-20 01:25:40,230 - INFO - 处理进度 [1589/11571]: sh113058
2025-08-20 01:25:40,230 - INFO - 数据库初始化完成
2025-08-20 01:25:56,192 - WARNING - 股票 sh603170 不存在于观察池中
2025-08-20 01:25:56,193 - INFO - 处理进度 [1590/11571]: sh603170
2025-08-20 01:25:56,193 - INFO - 数据库初始化完成
2025-08-20 01:26:39,727 - WARNING - 股票 sh000043 不存在于观察池中
2025-08-20 01:26:39,728 - INFO - 处理进度 [1591/11571]: sh000043
2025-08-20 01:26:39,729 - INFO - 数据库初始化完成
2025-08-20 01:26:39,730 - WARNING - sh118056 数据不足 (少于250天)，无法生成画像
2025-08-20 01:26:39,731 - INFO - 数据库初始化完成
2025-08-20 01:26:39,731 - INFO - 处理进度 [1592/11571]: sh118056
2025-08-20 01:26:40,435 - WARNING - 股票 sh880630 不存在于观察池中
2025-08-20 01:26:40,436 - INFO - 处理进度 [1593/11571]: sh880630
2025-08-20 01:26:40,436 - INFO - 数据库初始化完成
2025-08-20 01:26:48,243 - WARNING - 股票 sh603662 不存在于观察池中
2025-08-20 01:26:48,244 - INFO - 数据库初始化完成
2025-08-20 01:26:48,244 - INFO - 处理进度 [1594/11571]: sh603662
2025-08-20 01:26:53,510 - WARNING - 股票 sh510990 不存在于观察池中
2025-08-20 01:26:53,512 - INFO - 数据库初始化完成
2025-08-20 01:26:53,512 - INFO - 处理进度 [1595/11571]: sh510990
2025-08-20 01:27:01,286 - WARNING - 股票 sh600396 不存在于观察池中
2025-08-20 01:27:01,287 - INFO - 数据库初始化完成
2025-08-20 01:27:01,288 - INFO - 处理进度 [1596/11571]: sh600396
2025-08-20 01:27:06,525 - WARNING - 股票 sh603633 不存在于观察池中
2025-08-20 01:27:06,526 - INFO - 数据库初始化完成
2025-08-20 01:27:06,527 - INFO - 处理进度 [1597/11571]: sh603633
2025-08-20 01:27:06,541 - WARNING - sh603296 数据不足 (少于250天)，无法生成画像
2025-08-20 01:27:06,542 - INFO - 数据库初始化完成
2025-08-20 01:27:06,542 - INFO - 处理进度 [1598/11571]: sh603296
2025-08-20 01:27:23,985 - WARNING - 股票 sh881126 不存在于观察池中
2025-08-20 01:27:23,986 - INFO - 数据库初始化完成
2025-08-20 01:27:23,987 - INFO - 处理进度 [1599/11571]: sh881126
2025-08-20 01:27:27,137 - WARNING - 股票 sh600327 不存在于观察池中
2025-08-20 01:27:27,138 - INFO - 处理进度 [1600/11571]: sh600327
2025-08-20 01:27:27,138 - INFO - 数据库初始化完成
2025-08-20 01:27:28,160 - WARNING - 股票 sh603021 不存在于观察池中
2025-08-20 01:27:28,161 - INFO - 数据库初始化完成
2025-08-20 01:27:28,161 - INFO - 处理进度 [1601/11571]: sh603021
2025-08-20 01:27:28,879 - WARNING - 股票 sh561600 不存在于观察池中
2025-08-20 01:27:28,880 - INFO - 数据库初始化完成
2025-08-20 01:27:28,880 - INFO - 处理进度 [1602/11571]: sh561600
2025-08-20 01:27:44,915 - WARNING - 股票 sh515390 不存在于观察池中
2025-08-20 01:27:44,916 - INFO - 数据库初始化完成
2025-08-20 01:27:44,916 - INFO - 处理进度 [1603/11571]: sh515390
2025-08-20 01:28:19,754 - WARNING - 股票 sh588280 不存在于观察池中
2025-08-20 01:28:19,754 - INFO - 处理进度 [1604/11571]: sh588280
2025-08-20 01:28:19,755 - INFO - 数据库初始化完成
2025-08-20 01:28:31,895 - WARNING - 股票 sh516590 不存在于观察池中
2025-08-20 01:28:31,896 - INFO - 处理进度 [1605/11571]: sh516590
2025-08-20 01:28:31,896 - INFO - 数据库初始化完成
2025-08-20 01:28:35,330 - WARNING - 股票 sh880044 不存在于观察池中
2025-08-20 01:28:35,331 - INFO - 处理进度 [1606/11571]: sh880044
2025-08-20 01:28:35,331 - INFO - 数据库初始化完成
2025-08-20 01:29:36,272 - WARNING - 股票 sh603496 不存在于观察池中
2025-08-20 01:29:36,282 - INFO - 数据库初始化完成
2025-08-20 01:29:36,283 - INFO - 处理进度 [1607/11571]: sh603496
2025-08-20 01:29:41,282 - WARNING - 股票 sh118011 不存在于观察池中
2025-08-20 01:29:41,283 - INFO - 处理进度 [1608/11571]: sh118011
2025-08-20 01:29:41,283 - INFO - 数据库初始化完成
2025-08-20 01:29:42,573 - WARNING - 股票 sh600428 不存在于观察池中
2025-08-20 01:29:42,574 - INFO - 处理进度 [1609/11571]: sh600428
2025-08-20 01:29:42,574 - INFO - 数据库初始化完成
2025-08-20 01:29:53,663 - WARNING - 股票 sh880037 不存在于观察池中
2025-08-20 01:29:53,664 - INFO - 数据库初始化完成
2025-08-20 01:29:53,664 - INFO - 处理进度 [1610/11571]: sh880037
2025-08-20 01:29:57,501 - WARNING - 股票 sh881206 不存在于观察池中
2025-08-20 01:29:57,502 - INFO - 数据库初始化完成
2025-08-20 01:29:57,502 - INFO - 处理进度 [1611/11571]: sh881206
2025-08-20 01:30:19,534 - WARNING - 股票 sh603786 不存在于观察池中
2025-08-20 01:30:19,534 - INFO - 处理进度 [1612/11571]: sh603786
2025-08-20 01:30:19,535 - INFO - 数据库初始化完成
2025-08-20 01:30:23,365 - WARNING - 股票 sh688312 不存在于观察池中
2025-08-20 01:30:23,366 - INFO - 数据库初始化完成
2025-08-20 01:30:23,366 - INFO - 处理进度 [1613/11571]: sh688312
2025-08-20 01:30:30,934 - WARNING - 股票 sh603306 不存在于观察池中
2025-08-20 01:30:30,935 - INFO - 数据库初始化完成
2025-08-20 01:30:30,935 - INFO - 处理进度 [1614/11571]: sh603306
2025-08-20 01:30:58,822 - WARNING - 差分进化优化失败，使用默认参数
2025-08-20 01:30:58,823 - ERROR - sh513160 参数优化失败，使用默认参数回退
2025-08-20 01:30:58,831 - WARNING - 股票 sh513160 不存在于观察池中
2025-08-20 01:30:58,831 - INFO - 处理进度 [1615/11571]: sh513160
2025-08-20 01:30:58,832 - INFO - 数据库初始化完成
2025-08-20 01:31:12,374 - WARNING - 股票 sh880961 不存在于观察池中
2025-08-20 01:31:12,375 - INFO - 处理进度 [1616/11571]: sh880961
2025-08-20 01:31:12,375 - INFO - 数据库初始化完成
2025-08-20 01:31:21,264 - WARNING - 股票 sh881386 不存在于观察池中
2025-08-20 01:31:21,265 - INFO - 数据库初始化完成
2025-08-20 01:31:21,266 - INFO - 处理进度 [1617/11571]: sh881386
2025-08-20 01:31:22,839 - WARNING - 股票 sh688636 不存在于观察池中
2025-08-20 01:31:22,840 - INFO - 数据库初始化完成
2025-08-20 01:31:22,840 - INFO - 处理进度 [1618/11571]: sh688636
2025-08-20 01:31:58,141 - WARNING - 股票 sh688114 不存在于观察池中
2025-08-20 01:31:58,142 - INFO - 数据库初始化完成
2025-08-20 01:31:58,143 - INFO - 处理进度 [1619/11571]: sh688114
2025-08-20 01:32:25,436 - WARNING - 股票 sh603416 不存在于观察池中
2025-08-20 01:32:25,437 - INFO - 处理进度 [1620/11571]: sh603416
2025-08-20 01:32:25,437 - INFO - 数据库初始化完成
2025-08-20 01:32:29,051 - WARNING - 股票 sh688468 不存在于观察池中
2025-08-20 01:32:29,052 - INFO - 数据库初始化完成
2025-08-20 01:32:29,053 - INFO - 处理进度 [1621/11571]: sh688468
2025-08-20 01:33:29,618 - WARNING - 股票 sh510060 不存在于观察池中
2025-08-20 01:33:29,619 - INFO - 处理进度 [1622/11571]: sh510060
2025-08-20 01:33:29,619 - INFO - 数据库初始化完成
2025-08-20 01:33:58,522 - WARNING - 差分进化优化失败，使用默认参数
2025-08-20 01:33:58,522 - ERROR - sh880614 参数优化失败，使用默认参数回退
2025-08-20 01:33:58,537 - WARNING - 股票 sh880614 不存在于观察池中
2025-08-20 01:33:58,538 - INFO - 数据库初始化完成
2025-08-20 01:33:58,538 - INFO - 处理进度 [1623/11571]: sh880614
2025-08-20 01:34:00,659 - WARNING - 股票 sh113042 不存在于观察池中
2025-08-20 01:34:00,659 - INFO - 处理进度 [1624/11571]: sh113042
2025-08-20 01:34:00,660 - INFO - 数据库初始化完成
2025-08-20 01:34:17,586 - WARNING - 差分进化优化失败，使用默认参数
2025-08-20 01:34:17,586 - ERROR - sh511910 参数优化失败，使用默认参数回退
2025-08-20 01:34:17,599 - WARNING - 股票 sh511910 不存在于观察池中
2025-08-20 01:34:17,600 - INFO - 数据库初始化完成
2025-08-20 01:34:17,601 - INFO - 处理进度 [1625/11571]: sh511910
2025-08-20 01:34:22,987 - WARNING - 股票 sh603019 不存在于观察池中
2025-08-20 01:34:22,988 - INFO - 处理进度 [1626/11571]: sh603019
2025-08-20 01:34:22,988 - INFO - 数据库初始化完成
2025-08-20 01:34:26,024 - WARNING - 股票 sh603322 不存在于观察池中
2025-08-20 01:34:26,024 - INFO - 数据库初始化完成
2025-08-20 01:34:26,025 - INFO - 处理进度 [1627/11571]: sh603322
2025-08-20 01:34:31,584 - WARNING - 差分进化优化失败，使用默认参数
2025-08-20 01:34:31,584 - ERROR - sh113661 参数优化失败，使用默认参数回退
2025-08-20 01:34:31,598 - WARNING - 股票 sh113661 不存在于观察池中
2025-08-20 01:34:31,599 - INFO - 数据库初始化完成
2025-08-20 01:34:31,600 - INFO - 处理进度 [1628/11571]: sh113661
2025-08-20 01:34:39,262 - WARNING - 股票 sh688239 不存在于观察池中
2025-08-20 01:34:39,262 - INFO - 数据库初始化完成
2025-08-20 01:34:39,263 - INFO - 处理进度 [1629/11571]: sh688239
2025-08-20 01:34:42,982 - WARNING - 股票 sh881075 不存在于观察池中
2025-08-20 01:34:42,983 - INFO - 处理进度 [1630/11571]: sh881075
2025-08-20 01:34:42,983 - INFO - 数据库初始化完成
2025-08-20 01:35:08,538 - WARNING - 股票 sh881039 不存在于观察池中
2025-08-20 01:35:08,539 - INFO - 数据库初始化完成
2025-08-20 01:35:08,540 - INFO - 处理进度 [1631/11571]: sh881039
2025-08-20 01:35:34,119 - WARNING - 差分进化优化失败，使用默认参数
2025-08-20 01:35:34,120 - ERROR - sh518600 参数优化失败，使用默认参数回退
2025-08-20 01:35:34,133 - WARNING - 股票 sh518600 不存在于观察池中
2025-08-20 01:35:34,134 - INFO - 处理进度 [1632/11571]: sh518600
2025-08-20 01:35:34,134 - INFO - 数据库初始化完成
2025-08-20 01:35:57,706 - WARNING - 股票 sh603335 不存在于观察池中
2025-08-20 01:35:57,707 - INFO - 数据库初始化完成
2025-08-20 01:35:57,707 - INFO - 处理进度 [1633/11571]: sh603335
2025-08-20 01:36:16,144 - WARNING - 股票 sh688275 不存在于观察池中
2025-08-20 01:36:16,152 - INFO - 数据库初始化完成
2025-08-20 01:36:16,153 - INFO - 处理进度 [1634/11571]: sh688275
2025-08-20 01:36:16,173 - WARNING - sh688691 数据不足 (少于250天)，无法生成画像
2025-08-20 01:36:16,174 - INFO - 数据库初始化完成
2025-08-20 01:36:16,174 - INFO - 处理进度 [1635/11571]: sh688691
2025-08-20 01:36:22,662 - WARNING - 股票 sh563000 不存在于观察池中
2025-08-20 01:36:22,663 - INFO - 处理进度 [1636/11571]: sh563000
2025-08-20 01:36:22,663 - INFO - 数据库初始化完成
2025-08-20 01:36:24,879 - WARNING - 股票 sh881370 不存在于观察池中
2025-08-20 01:36:24,880 - INFO - 数据库初始化完成
2025-08-20 01:36:24,880 - INFO - 处理进度 [1637/11571]: sh881370
2025-08-20 01:36:34,513 - WARNING - 股票 sh688205 不存在于观察池中
2025-08-20 01:36:34,514 - INFO - 处理进度 [1638/11571]: sh688205
2025-08-20 01:36:34,514 - INFO - 数据库初始化完成
2025-08-20 01:36:42,658 - WARNING - 股票 sh880381 不存在于观察池中
2025-08-20 01:36:42,659 - INFO - 数据库初始化完成
2025-08-20 01:36:42,660 - INFO - 处理进度 [1639/11571]: sh880381
2025-08-20 01:36:53,646 - WARNING - 股票 sh881270 不存在于观察池中
2025-08-20 01:36:53,647 - INFO - 处理进度 [1640/11571]: sh881270
2025-08-20 01:36:53,648 - INFO - 数据库初始化完成
2025-08-20 01:36:59,278 - WARNING - 股票 sh600662 不存在于观察池中
2025-08-20 01:36:59,279 - INFO - 数据库初始化完成
2025-08-20 01:36:59,279 - INFO - 处理进度 [1641/11571]: sh600662
2025-08-20 01:36:59,687 - WARNING - 股票 sh502003 不存在于观察池中
2025-08-20 01:36:59,687 - INFO - 数据库初始化完成
2025-08-20 01:36:59,687 - INFO - 处理进度 [1642/11571]: sh502003
2025-08-20 01:37:15,886 - WARNING - 差分进化优化失败，使用默认参数
2025-08-20 01:37:15,886 - ERROR - sh600803 参数优化失败，使用默认参数回退
2025-08-20 01:37:15,901 - WARNING - 股票 sh600803 不存在于观察池中
2025-08-20 01:37:15,902 - INFO - 数据库初始化完成
2025-08-20 01:37:15,905 - INFO - 处理进度 [1643/11571]: sh600803
2025-08-20 01:37:35,784 - WARNING - 股票 sh600189 不存在于观察池中
2025-08-20 01:37:35,785 - INFO - 处理进度 [1644/11571]: sh600189
2025-08-20 01:37:35,786 - INFO - 数据库初始化完成
2025-08-20 01:37:44,282 - WARNING - 股票 sh561950 不存在于观察池中
2025-08-20 01:37:44,283 - INFO - 数据库初始化完成
2025-08-20 01:37:44,283 - INFO - 处理进度 [1645/11571]: sh561950
2025-08-20 01:38:11,461 - WARNING - 差分进化优化失败，使用默认参数
2025-08-20 01:38:11,461 - ERROR - sh881355 参数优化失败，使用默认参数回退
2025-08-20 01:38:11,470 - WARNING - 股票 sh881355 不存在于观察池中
2025-08-20 01:38:11,470 - INFO - 处理进度 [1646/11571]: sh881355
2025-08-20 01:38:11,470 - INFO - 数据库初始化完成
2025-08-20 01:38:17,176 - WARNING - 股票 sh600048 不存在于观察池中
2025-08-20 01:38:17,177 - INFO - 处理进度 [1647/11571]: sh600048
2025-08-20 01:38:17,177 - INFO - 数据库初始化完成
2025-08-20 01:38:24,413 - WARNING - 差分进化优化失败，使用默认参数
2025-08-20 01:38:24,413 - ERROR - sh601958 参数优化失败，使用默认参数回退
2025-08-20 01:38:24,427 - WARNING - 股票 sh601958 不存在于观察池中
2025-08-20 01:38:24,428 - INFO - 数据库初始化完成
2025-08-20 01:38:24,428 - INFO - 处理进度 [1648/11571]: sh601958
2025-08-20 01:38:27,901 - WARNING - 股票 sh881399 不存在于观察池中
2025-08-20 01:38:27,902 - INFO - 处理进度 [1649/11571]: sh881399
2025-08-20 01:38:27,903 - INFO - 数据库初始化完成
2025-08-20 01:38:54,623 - WARNING - 股票 sh688272 不存在于观察池中
2025-08-20 01:38:54,624 - INFO - 处理进度 [1650/11571]: sh688272
2025-08-20 01:38:54,625 - INFO - 数据库初始化完成
2025-08-20 01:38:54,636 - WARNING - sh561360 数据不足 (少于250天)，无法生成画像
2025-08-20 01:38:54,637 - INFO - 数据库初始化完成
2025-08-20 01:38:54,637 - INFO - 处理进度 [1651/11571]: sh561360
2025-08-20 01:39:07,692 - WARNING - 股票 sh600000 不存在于观察池中
2025-08-20 01:39:07,693 - INFO - 处理进度 [1652/11571]: sh600000
2025-08-20 01:39:07,693 - INFO - 数据库初始化完成
2025-08-20 01:39:24,572 - WARNING - 股票 sh881065 不存在于观察池中
2025-08-20 01:39:24,573 - INFO - 数据库初始化完成
2025-08-20 01:39:24,573 - INFO - 处理进度 [1653/11571]: sh881065
2025-08-20 01:40:05,391 - WARNING - 股票 sh880809 不存在于观察池中
2025-08-20 01:40:05,392 - INFO - 处理进度 [1654/11571]: sh880809
2025-08-20 01:40:05,392 - INFO - 数据库初始化完成
2025-08-20 01:40:31,268 - WARNING - 股票 sh517990 不存在于观察池中
2025-08-20 01:40:31,269 - INFO - 数据库初始化完成
2025-08-20 01:40:31,269 - INFO - 处理进度 [1655/11571]: sh517990
2025-08-20 01:40:52,738 - WARNING - 股票 sh601858 不存在于观察池中
2025-08-20 01:40:52,739 - INFO - 数据库初始化完成
2025-08-20 01:40:52,740 - INFO - 处理进度 [1656/11571]: sh601858
2025-08-20 01:40:56,759 - WARNING - 股票 sh600371 不存在于观察池中
2025-08-20 01:40:56,760 - INFO - 数据库初始化完成
2025-08-20 01:40:56,760 - INFO - 处理进度 [1657/11571]: sh600371
2025-08-20 01:41:05,573 - WARNING - 股票 sh600502 不存在于观察池中
2025-08-20 01:41:05,574 - INFO - 处理进度 [1658/11571]: sh600502
2025-08-20 01:41:05,575 - INFO - 数据库初始化完成
2025-08-20 01:41:07,843 - WARNING - 股票 sh881111 不存在于观察池中
2025-08-20 01:41:07,844 - INFO - 处理进度 [1659/11571]: sh881111
2025-08-20 01:41:07,845 - INFO - 数据库初始化完成
2025-08-20 01:41:18,679 - WARNING - 股票 sh881444 不存在于观察池中
2025-08-20 01:41:18,680 - INFO - 数据库初始化完成
2025-08-20 01:41:18,680 - INFO - 处理进度 [1660/11571]: sh881444
2025-08-20 01:41:24,933 - WARNING - 股票 sh501001 不存在于观察池中
2025-08-20 01:41:24,934 - INFO - 数据库初始化完成
2025-08-20 01:41:24,934 - INFO - 处理进度 [1661/11571]: sh501001
2025-08-20 01:41:28,588 - WARNING - 股票 sh600608 不存在于观察池中
2025-08-20 01:41:28,588 - INFO - 处理进度 [1662/11571]: sh600608
2025-08-20 01:41:28,589 - INFO - 数据库初始化完成
2025-08-20 01:41:46,562 - WARNING - 股票 sh501202 不存在于观察池中
2025-08-20 01:41:46,563 - INFO - 数据库初始化完成
2025-08-20 01:41:46,564 - INFO - 处理进度 [1663/11571]: sh501202
2025-08-20 01:42:17,638 - WARNING - 股票 sh880008 不存在于观察池中
2025-08-20 01:42:17,639 - INFO - 数据库初始化完成
2025-08-20 01:42:17,639 - INFO - 处理进度 [1664/11571]: sh880008
2025-08-20 01:42:23,419 - WARNING - 股票 sh000992 不存在于观察池中
2025-08-20 01:42:23,420 - INFO - 数据库初始化完成
2025-08-20 01:42:23,420 - INFO - 处理进度 [1665/11571]: sh000992
2025-08-20 01:42:25,576 - WARNING - 股票 sh688010 不存在于观察池中
2025-08-20 01:42:25,577 - INFO - 数据库初始化完成
2025-08-20 01:42:25,577 - INFO - 处理进度 [1666/11571]: sh688010
2025-08-20 01:42:27,073 - WARNING - 股票 sh603722 不存在于观察池中
2025-08-20 01:42:27,074 - INFO - 处理进度 [1667/11571]: sh603722
2025-08-20 01:42:27,074 - INFO - 数据库初始化完成
2025-08-20 01:43:09,382 - WARNING - 股票 sh600150 不存在于观察池中
2025-08-20 01:43:09,383 - INFO - 数据库初始化完成
2025-08-20 01:43:09,383 - INFO - 处理进度 [1668/11571]: sh600150
2025-08-20 01:44:00,697 - WARNING - 股票 sh600036 不存在于观察池中
2025-08-20 01:44:00,698 - INFO - 数据库初始化完成
2025-08-20 01:44:00,701 - INFO - 处理进度 [1669/11571]: sh600036
2025-08-20 01:44:47,583 - WARNING - 股票 sh600624 不存在于观察池中
2025-08-20 01:44:47,584 - INFO - 数据库初始化完成
2025-08-20 01:44:47,585 - INFO - 处理进度 [1670/11571]: sh600624
2025-08-20 01:44:52,965 - WARNING - 股票 sh688328 不存在于观察池中
2025-08-20 01:44:52,966 - INFO - 处理进度 [1671/11571]: sh688328
2025-08-20 01:44:52,966 - INFO - 数据库初始化完成
2025-08-20 01:44:53,698 - WARNING - 股票 sh603697 不存在于观察池中
2025-08-20 01:44:53,699 - INFO - 数据库初始化完成
2025-08-20 01:44:53,699 - INFO - 处理进度 [1672/11571]: sh603697
2025-08-20 01:45:02,573 - WARNING - 股票 sh688360 不存在于观察池中
2025-08-20 01:45:02,574 - INFO - 处理进度 [1673/11571]: sh688360
2025-08-20 01:45:02,575 - INFO - 数据库初始化完成
2025-08-20 01:45:40,328 - WARNING - 股票 sh688127 不存在于观察池中
2025-08-20 01:45:40,329 - INFO - 数据库初始化完成
2025-08-20 01:45:40,331 - INFO - 处理进度 [1674/11571]: sh688127
2025-08-20 01:45:40,342 - WARNING - sh880682 数据不足 (少于250天)，无法生成画像
2025-08-20 01:45:40,342 - INFO - 处理进度 [1675/11571]: sh880682
2025-08-20 01:45:40,343 - INFO - 数据库初始化完成
2025-08-20 01:45:40,401 - WARNING - 股票 sh000989 不存在于观察池中
2025-08-20 01:45:40,402 - INFO - 数据库初始化完成
2025-08-20 01:45:40,402 - INFO - 处理进度 [1676/11571]: sh000989
2025-08-20 01:45:47,251 - WARNING - 股票 sh688152 不存在于观察池中
2025-08-20 01:45:47,251 - INFO - 处理进度 [1677/11571]: sh688152
2025-08-20 01:45:47,252 - INFO - 数据库初始化完成
2025-08-20 01:45:58,045 - WARNING - 股票 sh880350 不存在于观察池中
2025-08-20 01:45:58,046 - INFO - 处理进度 [1678/11571]: sh880350
2025-08-20 01:45:58,046 - INFO - 数据库初始化完成
2025-08-20 01:46:03,601 - WARNING - 股票 sh517330 不存在于观察池中
2025-08-20 01:46:03,602 - INFO - 处理进度 [1679/11571]: sh517330
2025-08-20 01:46:03,602 - INFO - 数据库初始化完成
2025-08-20 01:46:23,159 - WARNING - 股票 sh688170 不存在于观察池中
2025-08-20 01:46:23,160 - INFO - 数据库初始化完成
2025-08-20 01:46:23,160 - INFO - 处理进度 [1680/11571]: sh688170
2025-08-20 01:46:50,376 - WARNING - 股票 sh600177 不存在于观察池中
2025-08-20 01:46:50,377 - INFO - 数据库初始化完成
2025-08-20 01:46:50,377 - INFO - 处理进度 [1681/11571]: sh600177
2025-08-20 01:47:02,463 - WARNING - 股票 sh880549 不存在于观察池中
2025-08-20 01:47:02,464 - INFO - 数据库初始化完成
2025-08-20 01:47:02,464 - INFO - 处理进度 [1682/11571]: sh880549
2025-08-20 01:47:05,174 - WARNING - 股票 sh881478 不存在于观察池中
2025-08-20 01:47:05,175 - INFO - 处理进度 [1683/11571]: sh881478
2025-08-20 01:47:05,175 - INFO - 数据库初始化完成
2025-08-20 01:47:26,023 - WARNING - 股票 sh600352 不存在于观察池中
2025-08-20 01:47:26,024 - INFO - 数据库初始化完成
2025-08-20 01:47:26,025 - INFO - 处理进度 [1684/11571]: sh600352
2025-08-20 01:47:52,133 - WARNING - 股票 sh517180 不存在于观察池中
2025-08-20 01:47:52,134 - INFO - 数据库初始化完成
2025-08-20 01:47:52,134 - INFO - 处理进度 [1685/11571]: sh517180
2025-08-20 01:47:58,543 - WARNING - 股票 sh688277 不存在于观察池中
2025-08-20 01:47:58,544 - INFO - 数据库初始化完成
2025-08-20 01:47:58,544 - INFO - 处理进度 [1686/11571]: sh688277
2025-08-20 01:48:17,940 - WARNING - 股票 sh603997 不存在于观察池中
2025-08-20 01:48:17,941 - INFO - 数据库初始化完成
2025-08-20 01:48:17,941 - INFO - 处理进度 [1687/11571]: sh603997
2025-08-20 01:48:27,104 - WARNING - 股票 sh603229 不存在于观察池中
2025-08-20 01:48:27,104 - INFO - 数据库初始化完成
2025-08-20 01:48:27,104 - INFO - 处理进度 [1688/11571]: sh603229
2025-08-20 01:48:39,103 - WARNING - 股票 sh600455 不存在于观察池中
2025-08-20 01:48:39,111 - INFO - 处理进度 [1689/11571]: sh600455
2025-08-20 01:48:39,111 - INFO - 数据库初始化完成
2025-08-20 01:48:43,439 - WARNING - 股票 sh603520 不存在于观察池中
2025-08-20 01:48:43,440 - INFO - 数据库初始化完成
2025-08-20 01:48:43,440 - INFO - 处理进度 [1690/11571]: sh603520
2025-08-20 01:48:50,070 - WARNING - 股票 sh511990 不存在于观察池中
2025-08-20 01:48:50,071 - INFO - 数据库初始化完成
2025-08-20 01:48:50,071 - INFO - 处理进度 [1691/11571]: sh511990
2025-08-20 01:49:11,471 - WARNING - 股票 sh600636 不存在于观察池中
2025-08-20 01:49:11,471 - INFO - 处理进度 [1692/11571]: sh600636
2025-08-20 01:49:11,471 - INFO - 数据库初始化完成
2025-08-20 01:49:11,474 - WARNING - sh512250 数据不足 (少于250天)，无法生成画像
2025-08-20 01:49:11,474 - INFO - 处理进度 [1693/11571]: sh512250
2025-08-20 01:49:11,474 - INFO - 数据库初始化完成
2025-08-20 01:49:24,324 - WARNING - 股票 sh601038 不存在于观察池中
2025-08-20 01:49:24,326 - INFO - 数据库初始化完成
2025-08-20 01:49:24,326 - INFO - 处理进度 [1694/11571]: sh601038
2025-08-20 01:49:33,098 - WARNING - 股票 sh881175 不存在于观察池中
2025-08-20 01:49:33,099 - INFO - 数据库初始化完成
2025-08-20 01:49:33,099 - INFO - 处理进度 [1695/11571]: sh881175
2025-08-20 01:50:02,735 - WARNING - 股票 sh603042 不存在于观察池中
2025-08-20 01:50:02,736 - INFO - 处理进度 [1696/11571]: sh603042
2025-08-20 01:50:02,736 - INFO - 数据库初始化完成
2025-08-20 01:50:27,343 - WARNING - 股票 sh880483 不存在于观察池中
2025-08-20 01:50:27,344 - INFO - 数据库初始化完成
2025-08-20 01:50:27,343 - INFO - 处理进度 [1697/11571]: sh880483
2025-08-20 01:51:02,246 - WARNING - 股票 sh880956 不存在于观察池中
2025-08-20 01:51:02,246 - INFO - 处理进度 [1698/11571]: sh880956
2025-08-20 01:51:02,247 - INFO - 数据库初始化完成
2025-08-20 01:51:06,647 - WARNING - 股票 sh880909 不存在于观察池中
2025-08-20 01:51:06,648 - INFO - 数据库初始化完成
2025-08-20 01:51:06,648 - INFO - 处理进度 [1699/11571]: sh880909
2025-08-20 01:51:14,612 - WARNING - 差分进化优化失败，使用默认参数
2025-08-20 01:51:14,613 - ERROR - sh603871 参数优化失败，使用默认参数回退
2025-08-20 01:51:14,626 - WARNING - 股票 sh603871 不存在于观察池中
2025-08-20 01:51:14,627 - INFO - 处理进度 [1700/11571]: sh603871
2025-08-20 01:51:14,628 - INFO - 数据库初始化完成
2025-08-20 01:51:30,246 - WARNING - 股票 sh601066 不存在于观察池中
2025-08-20 01:51:30,247 - INFO - 处理进度 [1701/11571]: sh601066
2025-08-20 01:51:30,247 - INFO - 数据库初始化完成
2025-08-20 01:51:33,076 - WARNING - 股票 sh600759 不存在于观察池中
2025-08-20 01:51:33,077 - INFO - 数据库初始化完成
2025-08-20 01:51:33,077 - INFO - 处理进度 [1702/11571]: sh600759
2025-08-20 01:51:33,079 - WARNING - sh563390 数据不足 (少于250天)，无法生成画像
2025-08-20 01:51:33,080 - INFO - 处理进度 [1703/11571]: sh563390
2025-08-20 01:51:33,080 - INFO - 数据库初始化完成
2025-08-20 01:51:33,093 - WARNING - sh603193 数据不足 (少于250天)，无法生成画像
2025-08-20 01:51:33,094 - INFO - 数据库初始化完成
2025-08-20 01:51:33,094 - INFO - 处理进度 [1704/11571]: sh603193
2025-08-20 01:51:33,105 - WARNING - sh603373 数据不足 (少于250天)，无法生成画像
2025-08-20 01:51:33,106 - INFO - 数据库初始化完成
2025-08-20 01:51:33,106 - INFO - 处理进度 [1705/11571]: sh603373
2025-08-20 01:51:40,301 - WARNING - 股票 sh605577 不存在于观察池中
2025-08-20 01:51:40,302 - INFO - 处理进度 [1706/11571]: sh605577
2025-08-20 01:51:40,302 - INFO - 数据库初始化完成
2025-08-20 01:51:43,274 - WARNING - 股票 sh603017 不存在于观察池中
2025-08-20 01:51:43,275 - INFO - 数据库初始化完成
2025-08-20 01:51:43,275 - INFO - 处理进度 [1707/11571]: sh603017
2025-08-20 01:51:48,270 - WARNING - 股票 sh600685 不存在于观察池中
2025-08-20 01:51:48,270 - INFO - 数据库初始化完成
2025-08-20 01:51:48,271 - INFO - 处理进度 [1708/11571]: sh600685
2025-08-20 01:52:20,232 - WARNING - 差分进化优化失败，使用默认参数
2025-08-20 01:52:20,233 - ERROR - sh880842 参数优化失败，使用默认参数回退
2025-08-20 01:52:20,246 - WARNING - 股票 sh880842 不存在于观察池中
2025-08-20 01:52:20,247 - INFO - 处理进度 [1709/11571]: sh880842
2025-08-20 01:52:20,247 - INFO - 数据库初始化完成
2025-08-20 01:52:27,745 - WARNING - 差分进化优化失败，使用默认参数
2025-08-20 01:52:27,746 - ERROR - sh880609 参数优化失败，使用默认参数回退
2025-08-20 01:52:27,764 - WARNING - 股票 sh880609 不存在于观察池中
2025-08-20 01:52:27,765 - INFO - 数据库初始化完成
2025-08-20 01:52:27,765 - INFO - 处理进度 [1710/11571]: sh880609
2025-08-20 01:52:28,374 - WARNING - 股票 sh688216 不存在于观察池中
2025-08-20 01:52:28,375 - INFO - 处理进度 [1711/11571]: sh688216
2025-08-20 01:52:28,376 - INFO - 数据库初始化完成
2025-08-20 01:52:29,596 - WARNING - 股票 sh601996 不存在于观察池中
2025-08-20 01:52:29,597 - INFO - 数据库初始化完成
2025-08-20 01:52:29,597 - INFO - 处理进度 [1712/11571]: sh601996
2025-08-20 01:52:29,608 - WARNING - sh508017 数据不足 (少于250天)，无法生成画像
2025-08-20 01:52:29,609 - INFO - 数据库初始化完成
2025-08-20 01:52:29,612 - INFO - 处理进度 [1713/11571]: sh508017
2025-08-20 01:52:35,057 - WARNING - 股票 sh603088 不存在于观察池中
2025-08-20 01:52:35,058 - INFO - 处理进度 [1714/11571]: sh603088
2025-08-20 01:52:35,058 - INFO - 数据库初始化完成
2025-08-20 01:52:38,453 - WARNING - 股票 sh600370 不存在于观察池中
2025-08-20 01:52:38,454 - INFO - 数据库初始化完成
2025-08-20 01:52:38,454 - INFO - 处理进度 [1715/11571]: sh600370
2025-08-20 01:52:57,583 - WARNING - 差分进化优化失败，使用默认参数
2025-08-20 01:52:57,584 - ERROR - sh600292 参数优化失败，使用默认参数回退
2025-08-20 01:52:57,597 - WARNING - 股票 sh600292 不存在于观察池中
2025-08-20 01:52:57,598 - INFO - 数据库初始化完成
2025-08-20 01:52:57,598 - INFO - 处理进度 [1716/11571]: sh600292
2025-08-20 01:53:53,879 - WARNING - 股票 sh516850 不存在于观察池中
2025-08-20 01:53:53,880 - INFO - 数据库初始化完成
2025-08-20 01:53:53,881 - INFO - 处理进度 [1717/11571]: sh516850
2025-08-20 01:53:53,892 - WARNING - sh603194 数据不足 (少于250天)，无法生成画像
2025-08-20 01:53:53,892 - INFO - 处理进度 [1718/11571]: sh603194
2025-08-20 01:53:53,893 - INFO - 数据库初始化完成
2025-08-20 01:53:55,273 - WARNING - 股票 sh881342 不存在于观察池中
2025-08-20 01:53:55,274 - INFO - 处理进度 [1719/11571]: sh881342
2025-08-20 01:53:55,274 - INFO - 数据库初始化完成
2025-08-20 01:54:32,916 - WARNING - 股票 sh880764 不存在于观察池中
2025-08-20 01:54:32,917 - INFO - 数据库初始化完成
2025-08-20 01:54:32,917 - INFO - 处理进度 [1720/11571]: sh880764
2025-08-20 01:54:51,950 - WARNING - 差分进化优化失败，使用默认参数
2025-08-20 01:54:51,951 - ERROR - sh511950 参数优化失败，使用默认参数回退
2025-08-20 01:54:51,965 - WARNING - 股票 sh511950 不存在于观察池中
2025-08-20 01:54:51,966 - INFO - 数据库初始化完成
2025-08-20 01:54:51,966 - INFO - 处理进度 [1721/11571]: sh511950
2025-08-20 01:55:11,985 - WARNING - 股票 sh600892 不存在于观察池中
2025-08-20 01:55:11,985 - INFO - 数据库初始化完成
2025-08-20 01:55:11,986 - INFO - 处理进度 [1722/11571]: sh600892
2025-08-20 01:55:28,951 - WARNING - 股票 sh688012 不存在于观察池中
2025-08-20 01:55:28,977 - INFO - 数据库初始化完成
2025-08-20 01:55:28,977 - INFO - 处理进度 [1723/11571]: sh688012
2025-08-20 01:55:54,866 - WARNING - 股票 sh603712 不存在于观察池中
2025-08-20 01:55:54,867 - INFO - 数据库初始化完成
2025-08-20 01:55:54,869 - INFO - 处理进度 [1724/11571]: sh603712
2025-08-20 01:55:54,878 - WARNING - sh603344 数据不足 (少于250天)，无法生成画像
2025-08-20 01:55:54,878 - INFO - 处理进度 [1725/11571]: sh603344
2025-08-20 01:55:54,879 - INFO - 数据库初始化完成
2025-08-20 01:56:16,275 - WARNING - 股票 sh880965 不存在于观察池中
2025-08-20 01:56:16,276 - INFO - 处理进度 [1726/11571]: sh880965
2025-08-20 01:56:16,276 - INFO - 数据库初始化完成
2025-08-20 01:56:16,286 - WARNING - sh113070 数据不足 (少于250天)，无法生成画像
2025-08-20 01:56:16,287 - INFO - 数据库初始化完成
2025-08-20 01:56:16,287 - INFO - 处理进度 [1727/11571]: sh113070
2025-08-20 01:56:39,303 - WARNING - 股票 sh588370 不存在于观察池中
2025-08-20 01:56:39,303 - INFO - 处理进度 [1728/11571]: sh588370
2025-08-20 01:56:39,304 - INFO - 数据库初始化完成
2025-08-20 01:56:50,308 - WARNING - 股票 sh881147 不存在于观察池中
2025-08-20 01:56:50,309 - INFO - 处理进度 [1729/11571]: sh881147
2025-08-20 01:56:50,310 - INFO - 数据库初始化完成
2025-08-20 01:56:54,915 - WARNING - 股票 sh688268 不存在于观察池中
2025-08-20 01:56:54,916 - INFO - 数据库初始化完成
2025-08-20 01:56:54,917 - INFO - 处理进度 [1730/11571]: sh688268
2025-08-20 01:56:54,933 - WARNING - sh563860 数据不足 (少于250天)，无法生成画像
2025-08-20 01:56:54,934 - INFO - 处理进度 [1731/11571]: sh563860
2025-08-20 01:56:54,934 - INFO - 数据库初始化完成
2025-08-20 01:57:17,412 - WARNING - 股票 sh601012 不存在于观察池中
2025-08-20 01:57:17,413 - INFO - 数据库初始化完成
2025-08-20 01:57:17,415 - INFO - 处理进度 [1732/11571]: sh601012
2025-08-20 01:57:22,286 - WARNING - 股票 sh603797 不存在于观察池中
2025-08-20 01:57:22,286 - INFO - 数据库初始化完成
2025-08-20 01:57:22,287 - INFO - 处理进度 [1733/11571]: sh603797
2025-08-20 01:57:25,071 - WARNING - 股票 sh600028 不存在于观察池中
2025-08-20 01:57:25,072 - INFO - 数据库初始化完成
2025-08-20 01:57:25,073 - INFO - 处理进度 [1734/11571]: sh600028
2025-08-20 01:57:27,932 - WARNING - 股票 sh118022 不存在于观察池中
2025-08-20 01:57:27,932 - INFO - 处理进度 [1735/11571]: sh118022
2025-08-20 01:57:27,933 - INFO - 数据库初始化完成
2025-08-20 01:57:38,722 - WARNING - 股票 sh880866 不存在于观察池中
2025-08-20 01:57:38,723 - INFO - 数据库初始化完成
2025-08-20 01:57:38,723 - INFO - 处理进度 [1736/11571]: sh880866
2025-08-20 01:57:44,517 - WARNING - 股票 sh113628 不存在于观察池中
2025-08-20 01:57:44,519 - INFO - 数据库初始化完成
2025-08-20 01:57:44,519 - INFO - 处理进度 [1737/11571]: sh113628
2025-08-20 01:57:49,827 - WARNING - 股票 sh501018 不存在于观察池中
2025-08-20 01:57:49,827 - INFO - 处理进度 [1738/11571]: sh501018
2025-08-20 01:57:49,828 - INFO - 数据库初始化完成
2025-08-20 01:58:09,614 - WARNING - 股票 sh605099 不存在于观察池中
2025-08-20 01:58:09,615 - INFO - 数据库初始化完成
2025-08-20 01:58:09,615 - INFO - 处理进度 [1739/11571]: sh605099
2025-08-20 01:58:41,570 - WARNING - 股票 sh880222 不存在于观察池中
2025-08-20 01:58:41,571 - INFO - 处理进度 [1740/11571]: sh880222
2025-08-20 01:58:41,571 - INFO - 数据库初始化完成
2025-08-20 01:59:38,669 - WARNING - 股票 sh603367 不存在于观察池中
2025-08-20 01:59:38,670 - INFO - 数据库初始化完成
2025-08-20 01:59:38,670 - INFO - 处理进度 [1741/11571]: sh603367
2025-08-20 01:59:47,683 - WARNING - 差分进化优化失败，使用默认参数
2025-08-20 01:59:47,683 - ERROR - sh601211 参数优化失败，使用默认参数回退
2025-08-20 01:59:47,697 - WARNING - 股票 sh601211 不存在于观察池中
2025-08-20 01:59:47,697 - INFO - 数据库初始化完成
2025-08-20 01:59:47,698 - INFO - 处理进度 [1742/11571]: sh601211
2025-08-20 01:59:48,508 - WARNING - 股票 sh600576 不存在于观察池中
2025-08-20 01:59:48,509 - INFO - 处理进度 [1743/11571]: sh600576
2025-08-20 01:59:48,509 - INFO - 数据库初始化完成
2025-08-20 01:59:50,428 - WARNING - 股票 sh881280 不存在于观察池中
2025-08-20 01:59:50,430 - INFO - 处理进度 [1744/11571]: sh881280
2025-08-20 01:59:50,430 - INFO - 数据库初始化完成
2025-08-20 01:59:50,431 - WARNING - sh118057 数据不足 (少于250天)，无法生成画像
2025-08-20 01:59:50,432 - INFO - 数据库初始化完成
2025-08-20 01:59:50,432 - INFO - 处理进度 [1745/11571]: sh118057
2025-08-20 01:59:50,447 - WARNING - sh688758 数据不足 (少于250天)，无法生成画像
2025-08-20 01:59:50,448 - INFO - 数据库初始化完成
2025-08-20 01:59:50,448 - INFO - 处理进度 [1746/11571]: sh688758
2025-08-20 02:00:08,543 - WARNING - 股票 sh601956 不存在于观察池中
2025-08-20 02:00:08,544 - INFO - 处理进度 [1747/11571]: sh601956
2025-08-20 02:00:08,544 - INFO - 数据库初始化完成
2025-08-20 02:00:36,693 - WARNING - 股票 sh688136 不存在于观察池中
2025-08-20 02:00:36,695 - INFO - 数据库初始化完成
2025-08-20 02:00:36,695 - INFO - 处理进度 [1748/11571]: sh688136
2025-08-20 02:00:48,075 - WARNING - 股票 sh880478 不存在于观察池中
2025-08-20 02:00:48,076 - INFO - 处理进度 [1749/11571]: sh880478
2025-08-20 02:00:48,076 - INFO - 数据库初始化完成
2025-08-20 02:01:07,137 - WARNING - 股票 sh600730 不存在于观察池中
2025-08-20 02:01:07,138 - INFO - 数据库初始化完成
2025-08-20 02:01:07,139 - INFO - 处理进度 [1750/11571]: sh600730
2025-08-20 02:01:08,611 - WARNING - 股票 sh881413 不存在于观察池中
2025-08-20 02:01:08,611 - INFO - 处理进度 [1751/11571]: sh881413
2025-08-20 02:01:08,612 - INFO - 数据库初始化完成
2025-08-20 02:01:17,027 - WARNING - 股票 sh512190 不存在于观察池中
2025-08-20 02:01:17,028 - INFO - 数据库初始化完成
2025-08-20 02:01:17,028 - INFO - 处理进度 [1752/11571]: sh512190
2025-08-20 02:01:18,928 - WARNING - 股票 sh880796 不存在于观察池中
2025-08-20 02:01:18,929 - INFO - 处理进度 [1753/11571]: sh880796
2025-08-20 02:01:18,929 - INFO - 数据库初始化完成
2025-08-20 02:01:27,402 - WARNING - 股票 sh512330 不存在于观察池中
2025-08-20 02:01:27,403 - INFO - 处理进度 [1754/11571]: sh512330
2025-08-20 02:01:27,404 - INFO - 数据库初始化完成
2025-08-20 02:01:32,907 - WARNING - 股票 sh688509 不存在于观察池中
2025-08-20 02:01:32,908 - INFO - 数据库初始化完成
2025-08-20 02:01:32,908 - INFO - 处理进度 [1755/11571]: sh688509
2025-08-20 02:01:44,339 - WARNING - 股票 sh600835 不存在于观察池中
2025-08-20 02:01:44,340 - INFO - 处理进度 [1756/11571]: sh600835
2025-08-20 02:01:44,340 - INFO - 数据库初始化完成
2025-08-20 02:01:59,432 - WARNING - 股票 sh881142 不存在于观察池中
2025-08-20 02:01:59,434 - INFO - 处理进度 [1757/11571]: sh881142
2025-08-20 02:01:59,434 - INFO - 数据库初始化完成
2025-08-20 02:02:08,163 - WARNING - 股票 sh600583 不存在于观察池中
2025-08-20 02:02:08,164 - INFO - 数据库初始化完成
2025-08-20 02:02:08,164 - INFO - 处理进度 [1758/11571]: sh600583
2025-08-20 02:02:51,559 - WARNING - 股票 sh600335 不存在于观察池中
2025-08-20 02:02:51,560 - INFO - 处理进度 [1759/11571]: sh600335
2025-08-20 02:02:51,560 - INFO - 数据库初始化完成
2025-08-20 02:02:51,562 - WARNING - sh508060 数据不足 (少于250天)，无法生成画像
2025-08-20 02:02:51,562 - INFO - 处理进度 [1760/11571]: sh508060
2025-08-20 02:02:51,563 - INFO - 数据库初始化完成
2025-08-20 02:03:11,954 - WARNING - 股票 sh603187 不存在于观察池中
2025-08-20 02:03:11,955 - INFO - 数据库初始化完成
2025-08-20 02:03:11,955 - INFO - 处理进度 [1761/11571]: sh603187
2025-08-20 02:03:25,301 - WARNING - 股票 sh600630 不存在于观察池中
2025-08-20 02:03:25,302 - INFO - 数据库初始化完成
2025-08-20 02:03:25,302 - INFO - 处理进度 [1762/11571]: sh600630
2025-08-20 02:03:25,902 - WARNING - 差分进化优化失败，使用默认参数
2025-08-20 02:03:25,903 - ERROR - sh688538 参数优化失败，使用默认参数回退
2025-08-20 02:03:25,917 - WARNING - 股票 sh688538 不存在于观察池中
2025-08-20 02:03:25,918 - INFO - 数据库初始化完成
2025-08-20 02:03:25,923 - INFO - 处理进度 [1763/11571]: sh688538
2025-08-20 02:03:37,376 - WARNING - 股票 sh516770 不存在于观察池中
2025-08-20 02:03:37,377 - INFO - 数据库初始化完成
2025-08-20 02:03:37,378 - INFO - 处理进度 [1764/11571]: sh516770
2025-08-20 02:03:44,665 - WARNING - 股票 sh688737 不存在于观察池中
2025-08-20 02:03:44,666 - INFO - 数据库初始化完成
2025-08-20 02:03:44,667 - INFO - 处理进度 [1765/11571]: sh688737
2025-08-20 02:03:59,167 - WARNING - 股票 sh600817 不存在于观察池中
2025-08-20 02:03:59,168 - INFO - 数据库初始化完成
2025-08-20 02:03:59,171 - INFO - 处理进度 [1766/11571]: sh600817
2025-08-20 02:04:26,684 - WARNING - 股票 sh600470 不存在于观察池中
2025-08-20 02:04:26,685 - INFO - 数据库初始化完成
2025-08-20 02:04:26,686 - INFO - 处理进度 [1767/11571]: sh600470
2025-08-20 02:04:49,091 - WARNING - 股票 sh600821 不存在于观察池中
2025-08-20 02:04:49,092 - INFO - 数据库初始化完成
2025-08-20 02:04:49,092 - INFO - 处理进度 [1768/11571]: sh600821
2025-08-20 02:04:58,068 - WARNING - 股票 sh605199 不存在于观察池中
2025-08-20 02:04:58,069 - INFO - 数据库初始化完成
2025-08-20 02:04:58,069 - INFO - 处理进度 [1769/11571]: sh605199
2025-08-20 02:05:07,362 - WARNING - 股票 sh111000 不存在于观察池中
2025-08-20 02:05:07,364 - INFO - 数据库初始化完成
2025-08-20 02:05:07,364 - INFO - 处理进度 [1770/11571]: sh111000
2025-08-20 02:05:19,138 - WARNING - 股票 sh513660 不存在于观察池中
2025-08-20 02:05:19,139 - INFO - 处理进度 [1771/11571]: sh513660
2025-08-20 02:05:19,139 - INFO - 数据库初始化完成
2025-08-20 02:05:33,655 - WARNING - 股票 sh880529 不存在于观察池中
2025-08-20 02:05:33,656 - INFO - 数据库初始化完成
2025-08-20 02:05:33,657 - INFO - 处理进度 [1772/11571]: sh880529
2025-08-20 02:05:45,564 - WARNING - 股票 sh880099 不存在于观察池中
2025-08-20 02:05:45,565 - INFO - 数据库初始化完成
2025-08-20 02:05:45,565 - INFO - 处理进度 [1773/11571]: sh880099
2025-08-20 02:05:52,192 - WARNING - 股票 sh600592 不存在于观察池中
2025-08-20 02:05:52,193 - INFO - 处理进度 [1774/11571]: sh600592
2025-08-20 02:05:52,193 - INFO - 数据库初始化完成
2025-08-20 02:05:55,594 - WARNING - 股票 sh881205 不存在于观察池中
2025-08-20 02:05:55,595 - INFO - 数据库初始化完成
2025-08-20 02:05:55,595 - INFO - 处理进度 [1775/11571]: sh881205
2025-08-20 02:06:05,791 - WARNING - 差分进化优化失败，使用默认参数
2025-08-20 02:06:05,791 - ERROR - sh501057 参数优化失败，使用默认参数回退
2025-08-20 02:06:05,805 - WARNING - 股票 sh501057 不存在于观察池中
2025-08-20 02:06:05,806 - INFO - 处理进度 [1776/11571]: sh501057
2025-08-20 02:06:05,806 - INFO - 数据库初始化完成
2025-08-20 02:06:15,424 - WARNING - 股票 sh603918 不存在于观察池中
2025-08-20 02:06:15,425 - INFO - 处理进度 [1777/11571]: sh603918
2025-08-20 02:06:15,426 - INFO - 数据库初始化完成
2025-08-20 02:06:18,479 - WARNING - 股票 sh601825 不存在于观察池中
2025-08-20 02:06:18,480 - INFO - 数据库初始化完成
2025-08-20 02:06:18,480 - INFO - 处理进度 [1778/11571]: sh601825
2025-08-20 02:06:48,725 - WARNING - 股票 sh603666 不存在于观察池中
2025-08-20 02:06:48,726 - INFO - 数据库初始化完成
2025-08-20 02:06:48,726 - INFO - 处理进度 [1779/11571]: sh603666
2025-08-20 02:07:11,923 - WARNING - 股票 sh600033 不存在于观察池中
2025-08-20 02:07:11,923 - INFO - 处理进度 [1780/11571]: sh600033
2025-08-20 02:07:11,924 - INFO - 数据库初始化完成
2025-08-20 02:07:30,679 - WARNING - 差分进化优化失败，使用默认参数
2025-08-20 02:07:30,680 - ERROR - sh880014 参数优化失败，使用默认参数回退
2025-08-20 02:07:30,694 - WARNING - 股票 sh880014 不存在于观察池中
2025-08-20 02:07:30,695 - INFO - 数据库初始化完成
2025-08-20 02:07:30,696 - INFO - 处理进度 [1781/11571]: sh880014
2025-08-20 02:07:30,698 - WARNING - sh118054 数据不足 (少于250天)，无法生成画像
2025-08-20 02:07:30,698 - INFO - 处理进度 [1782/11571]: sh118054
2025-08-20 02:07:30,699 - INFO - 数据库初始化完成
2025-08-20 02:07:44,868 - WARNING - 股票 sh880597 不存在于观察池中
2025-08-20 02:07:44,869 - INFO - 数据库初始化完成
2025-08-20 02:07:44,869 - INFO - 处理进度 [1783/11571]: sh880597
2025-08-20 02:07:46,498 - WARNING - 股票 sh603313 不存在于观察池中
2025-08-20 02:07:46,498 - INFO - 处理进度 [1784/11571]: sh603313
2025-08-20 02:07:46,499 - INFO - 数据库初始化完成
2025-08-20 02:08:39,511 - WARNING - 股票 sh501306 不存在于观察池中
2025-08-20 02:08:39,512 - INFO - 数据库初始化完成
2025-08-20 02:08:39,512 - INFO - 处理进度 [1785/11571]: sh501306
2025-08-20 02:09:05,427 - WARNING - 股票 sh688285 不存在于观察池中
2025-08-20 02:09:05,428 - INFO - 处理进度 [1786/11571]: sh688285
2025-08-20 02:09:05,428 - INFO - 数据库初始化完成
2025-08-20 02:09:15,647 - WARNING - 股票 sh501012 不存在于观察池中
2025-08-20 02:09:15,648 - INFO - 数据库初始化完成
2025-08-20 02:09:15,649 - INFO - 处理进度 [1787/11571]: sh501012
2025-08-20 02:09:24,236 - WARNING - 股票 sh603869 不存在于观察池中
2025-08-20 02:09:24,244 - INFO - 处理进度 [1788/11571]: sh603869
2025-08-20 02:09:24,244 - INFO - 数据库初始化完成
2025-08-20 02:09:34,826 - WARNING - 股票 sh688310 不存在于观察池中
2025-08-20 02:09:34,827 - INFO - 处理进度 [1789/11571]: sh688310
2025-08-20 02:09:34,827 - INFO - 数据库初始化完成
2025-08-20 02:09:34,872 - WARNING - sh688543 数据不足 (少于250天)，无法生成画像
2025-08-20 02:09:34,873 - INFO - 数据库初始化完成
2025-08-20 02:09:34,874 - INFO - 处理进度 [1790/11571]: sh688543
2025-08-20 02:09:47,547 - WARNING - 股票 sh688061 不存在于观察池中
2025-08-20 02:09:47,548 - INFO - 处理进度 [1791/11571]: sh688061
2025-08-20 02:09:47,549 - INFO - 数据库初始化完成
2025-08-20 02:09:56,504 - WARNING - 股票 sh603711 不存在于观察池中
2025-08-20 02:09:56,506 - INFO - 数据库初始化完成
2025-08-20 02:09:56,506 - INFO - 处理进度 [1792/11571]: sh603711
2025-08-20 02:10:17,483 - WARNING - 股票 sh688622 不存在于观察池中
2025-08-20 02:10:17,492 - INFO - 处理进度 [1793/11571]: sh688622
2025-08-20 02:10:17,492 - INFO - 数据库初始化完成
2025-08-20 02:11:22,876 - WARNING - 差分进化优化失败，使用默认参数
2025-08-20 02:11:22,877 - ERROR - sh605507 参数优化失败，使用默认参数回退
2025-08-20 02:11:22,891 - WARNING - 股票 sh605507 不存在于观察池中
2025-08-20 02:11:22,892 - INFO - 数据库初始化完成
2025-08-20 02:11:22,892 - INFO - 处理进度 [1794/11571]: sh605507
2025-08-20 02:11:37,447 - WARNING - 股票 sh118003 不存在于观察池中
2025-08-20 02:11:37,448 - INFO - 数据库初始化完成
2025-08-20 02:11:37,448 - INFO - 处理进度 [1795/11571]: sh118003
2025-08-20 02:11:43,173 - WARNING - 股票 sh688030 不存在于观察池中
2025-08-20 02:11:43,174 - INFO - 处理进度 [1796/11571]: sh688030
2025-08-20 02:11:43,174 - INFO - 数据库初始化完成
2025-08-20 02:11:44,892 - WARNING - 股票 sh600552 不存在于观察池中
2025-08-20 02:11:44,893 - INFO - 数据库初始化完成
2025-08-20 02:11:44,893 - INFO - 处理进度 [1797/11571]: sh600552
2025-08-20 02:11:44,904 - WARNING - sh563280 数据不足 (少于250天)，无法生成画像
2025-08-20 02:11:44,904 - INFO - 数据库初始化完成
2025-08-20 02:11:44,905 - INFO - 处理进度 [1798/11571]: sh563280
2025-08-20 02:12:01,834 - WARNING - 股票 sh688772 不存在于观察池中
2025-08-20 02:12:01,860 - INFO - 数据库初始化完成
2025-08-20 02:12:01,861 - INFO - 处理进度 [1799/11571]: sh688772
2025-08-20 02:12:12,499 - WARNING - 股票 sh605399 不存在于观察池中
2025-08-20 02:12:12,500 - INFO - 处理进度 [1800/11571]: sh605399
2025-08-20 02:12:12,500 - INFO - 数据库初始化完成
2025-08-20 02:12:17,480 - WARNING - 股票 sh688130 不存在于观察池中
2025-08-20 02:12:17,480 - INFO - 处理进度 [1801/11571]: sh688130
2025-08-20 02:12:17,480 - INFO - 数据库初始化完成
2025-08-20 02:12:21,096 - WARNING - 股票 sh113621 不存在于观察池中
2025-08-20 02:12:21,097 - INFO - 数据库初始化完成
2025-08-20 02:12:21,097 - INFO - 处理进度 [1802/11571]: sh113621
2025-08-20 02:12:24,820 - WARNING - 差分进化优化失败，使用默认参数
2025-08-20 02:12:24,820 - ERROR - sh601865 参数优化失败，使用默认参数回退
2025-08-20 02:12:24,834 - WARNING - 股票 sh601865 不存在于观察池中
2025-08-20 02:12:24,835 - INFO - 数据库初始化完成
2025-08-20 02:12:24,835 - INFO - 处理进度 [1803/11571]: sh601865
2025-08-20 02:12:34,857 - WARNING - 股票 sh688093 不存在于观察池中
2025-08-20 02:12:34,865 - INFO - 数据库初始化完成
2025-08-20 02:12:34,865 - INFO - 处理进度 [1804/11571]: sh688093
2025-08-20 02:12:41,126 - WARNING - 股票 sh880654 不存在于观察池中
2025-08-20 02:12:41,127 - INFO - 处理进度 [1805/11571]: sh880654
2025-08-20 02:12:41,127 - INFO - 数据库初始化完成
2025-08-20 02:13:21,991 - WARNING - 股票 sh881427 不存在于观察池中
2025-08-20 02:13:21,992 - INFO - 处理进度 [1806/11571]: sh881427
2025-08-20 02:13:21,992 - INFO - 数据库初始化完成
2025-08-20 02:13:32,259 - WARNING - 股票 sh688032 不存在于观察池中
2025-08-20 02:13:32,260 - INFO - 数据库初始化完成
2025-08-20 02:13:32,260 - INFO - 处理进度 [1807/11571]: sh688032
2025-08-20 02:13:45,442 - WARNING - 差分进化优化失败，使用默认参数
2025-08-20 02:13:45,442 - ERROR - sh600096 参数优化失败，使用默认参数回退
2025-08-20 02:13:45,455 - WARNING - 股票 sh600096 不存在于观察池中
2025-08-20 02:13:45,456 - INFO - 数据库初始化完成
2025-08-20 02:13:45,457 - INFO - 处理进度 [1808/11571]: sh600096
2025-08-20 02:13:45,768 - WARNING - 股票 sh501010 不存在于观察池中
2025-08-20 02:13:45,768 - INFO - 处理进度 [1809/11571]: sh501010
2025-08-20 02:13:45,769 - INFO - 数据库初始化完成
2025-08-20 02:13:48,245 - WARNING - 股票 sh603915 不存在于观察池中
2025-08-20 02:13:48,246 - INFO - 数据库初始化完成
2025-08-20 02:13:48,246 - INFO - 处理进度 [1810/11571]: sh603915
2025-08-20 02:14:03,702 - WARNING - 股票 sh688193 不存在于观察池中
2025-08-20 02:14:03,703 - INFO - 数据库初始化完成
2025-08-20 02:14:03,703 - INFO - 处理进度 [1811/11571]: sh688193
2025-08-20 02:14:21,839 - WARNING - 股票 sh601226 不存在于观察池中
2025-08-20 02:14:21,840 - INFO - 数据库初始化完成
2025-08-20 02:14:21,840 - INFO - 处理进度 [1812/11571]: sh601226
2025-08-20 02:15:36,002 - WARNING - 差分进化优化失败，使用默认参数
2025-08-20 02:15:36,002 - ERROR - sh512380 参数优化失败，使用默认参数回退
2025-08-20 02:15:36,016 - WARNING - 股票 sh512380 不存在于观察池中
2025-08-20 02:15:36,016 - INFO - 处理进度 [1813/11571]: sh512380
2025-08-20 02:15:36,017 - INFO - 数据库初始化完成
2025-08-20 02:15:36,097 - WARNING - 股票 sh688231 不存在于观察池中
2025-08-20 02:15:36,098 - INFO - 数据库初始化完成
2025-08-20 02:15:36,098 - INFO - 处理进度 [1814/11571]: sh688231
2025-08-20 02:15:39,893 - WARNING - 股票 sh111001 不存在于观察池中
2025-08-20 02:15:39,894 - INFO - 处理进度 [1815/11571]: sh111001
2025-08-20 02:15:39,894 - INFO - 数据库初始化完成
2025-08-20 02:15:40,253 - WARNING - 股票 sh880307 不存在于观察池中
2025-08-20 02:15:40,254 - INFO - 数据库初始化完成
2025-08-20 02:15:40,254 - INFO - 处理进度 [1816/11571]: sh880307
2025-08-20 02:15:44,224 - WARNING - 股票 sh511650 不存在于观察池中
2025-08-20 02:15:44,225 - INFO - 数据库初始化完成
2025-08-20 02:15:44,225 - INFO - 处理进度 [1817/11571]: sh511650
2025-08-20 02:15:54,744 - WARNING - 差分进化优化失败，使用默认参数
2025-08-20 02:15:54,771 - ERROR - sh881450 参数优化失败，使用默认参数回退
2025-08-20 02:15:54,793 - WARNING - 股票 sh881450 不存在于观察池中
2025-08-20 02:15:54,794 - INFO - 处理进度 [1818/11571]: sh881450
2025-08-20 02:15:54,795 - INFO - 数据库初始化完成
2025-08-20 02:16:21,730 - WARNING - 股票 sh880319 不存在于观察池中
2025-08-20 02:16:21,731 - INFO - 数据库初始化完成
2025-08-20 02:16:21,731 - INFO - 处理进度 [1819/11571]: sh880319
2025-08-20 02:16:27,914 - WARNING - 股票 sh880837 不存在于观察池中
2025-08-20 02:16:27,915 - INFO - 数据库初始化完成
2025-08-20 02:16:27,918 - INFO - 处理进度 [1820/11571]: sh880837
2025-08-20 02:16:29,527 - WARNING - 股票 sh562550 不存在于观察池中
2025-08-20 02:16:29,528 - INFO - 数据库初始化完成
2025-08-20 02:16:29,530 - INFO - 处理进度 [1821/11571]: sh562550
2025-08-20 02:17:07,449 - WARNING - 股票 sh501046 不存在于观察池中
2025-08-20 02:17:07,450 - INFO - 处理进度 [1822/11571]: sh501046
2025-08-20 02:17:07,450 - INFO - 数据库初始化完成
2025-08-20 02:17:07,461 - WARNING - sh563360 数据不足 (少于250天)，无法生成画像
2025-08-20 02:17:07,461 - INFO - 处理进度 [1823/11571]: sh563360
2025-08-20 02:17:07,462 - INFO - 数据库初始化完成
2025-08-20 02:17:21,823 - WARNING - 股票 sh688102 不存在于观察池中
2025-08-20 02:17:21,824 - INFO - 处理进度 [1824/11571]: sh688102
2025-08-20 02:17:21,824 - INFO - 数据库初始化完成
2025-08-20 02:17:44,860 - WARNING - 股票 sh881006 不存在于观察池中
2025-08-20 02:17:44,861 - INFO - 处理进度 [1825/11571]: sh881006
2025-08-20 02:17:44,861 - INFO - 数据库初始化完成
2025-08-20 02:18:26,101 - WARNING - 股票 sh600280 不存在于观察池中
2025-08-20 02:18:26,128 - INFO - 处理进度 [1826/11571]: sh600280
2025-08-20 02:18:26,128 - INFO - 数据库初始化完成
2025-08-20 02:18:32,846 - WARNING - 股票 sh880861 不存在于观察池中
2025-08-20 02:18:32,847 - INFO - 处理进度 [1827/11571]: sh880861
2025-08-20 02:18:32,848 - INFO - 数据库初始化完成
2025-08-20 02:18:57,337 - WARNING - 股票 sh515090 不存在于观察池中
2025-08-20 02:18:57,338 - INFO - 处理进度 [1828/11571]: sh515090
2025-08-20 02:18:57,339 - INFO - 数据库初始化完成
2025-08-20 02:19:19,172 - WARNING - 股票 sh600217 不存在于观察池中
2025-08-20 02:19:19,173 - INFO - 数据库初始化完成
2025-08-20 02:19:19,173 - INFO - 处理进度 [1829/11571]: sh600217
2025-08-20 02:19:24,543 - WARNING - 股票 sh560560 不存在于观察池中
2025-08-20 02:19:24,545 - INFO - 数据库初始化完成
2025-08-20 02:19:24,545 - INFO - 处理进度 [1830/11571]: sh560560
2025-08-20 02:19:29,338 - WARNING - 股票 sh600159 不存在于观察池中
2025-08-20 02:19:29,339 - INFO - 数据库初始化完成
2025-08-20 02:19:29,339 - INFO - 处理进度 [1831/11571]: sh600159
2025-08-20 02:19:46,494 - WARNING - 股票 sh605368 不存在于观察池中
2025-08-20 02:19:46,495 - INFO - 处理进度 [1832/11571]: sh605368
2025-08-20 02:19:46,495 - INFO - 数据库初始化完成
2025-08-20 02:19:46,515 - WARNING - sh688593 数据不足 (少于250天)，无法生成画像
2025-08-20 02:19:46,516 - INFO - 数据库初始化完成
2025-08-20 02:19:46,516 - INFO - 处理进度 [1833/11571]: sh688593
2025-08-20 02:19:57,384 - WARNING - 股票 sh603890 不存在于观察池中
2025-08-20 02:19:57,385 - INFO - 处理进度 [1834/11571]: sh603890
2025-08-20 02:19:57,386 - INFO - 数据库初始化完成
2025-08-20 02:19:57,397 - WARNING - sh562820 数据不足 (少于250天)，无法生成画像
2025-08-20 02:19:57,397 - INFO - 处理进度 [1835/11571]: sh562820
2025-08-20 02:19:57,398 - INFO - 数据库初始化完成
2025-08-20 02:20:11,090 - WARNING - 差分进化优化失败，使用默认参数
2025-08-20 02:20:11,090 - ERROR - sh110060 参数优化失败，使用默认参数回退
2025-08-20 02:20:11,100 - WARNING - 股票 sh110060 不存在于观察池中
2025-08-20 02:20:11,100 - INFO - 处理进度 [1836/11571]: sh110060
2025-08-20 02:20:11,101 - INFO - 数据库初始化完成
2025-08-20 02:20:11,499 - WARNING - 股票 sh600276 不存在于观察池中
2025-08-20 02:20:11,500 - INFO - 数据库初始化完成
2025-08-20 02:20:11,500 - INFO - 处理进度 [1837/11571]: sh600276
2025-08-20 02:20:18,868 - WARNING - 股票 sh600658 不存在于观察池中
2025-08-20 02:20:18,869 - INFO - 数据库初始化完成
2025-08-20 02:20:18,869 - INFO - 处理进度 [1838/11571]: sh600658
2025-08-20 02:20:42,068 - WARNING - 股票 sh510770 不存在于观察池中
2025-08-20 02:20:42,069 - INFO - 数据库初始化完成
2025-08-20 02:20:42,070 - INFO - 处理进度 [1839/11571]: sh510770
2025-08-20 02:20:45,480 - WARNING - 股票 sh688377 不存在于观察池中
2025-08-20 02:20:45,480 - INFO - 数据库初始化完成
2025-08-20 02:20:45,481 - INFO - 处理进度 [1840/11571]: sh688377
2025-08-20 02:21:07,816 - WARNING - 股票 sh603843 不存在于观察池中
2025-08-20 02:21:07,818 - INFO - 数据库初始化完成
2025-08-20 02:21:07,818 - INFO - 处理进度 [1841/11571]: sh603843
2025-08-20 02:21:32,787 - WARNING - 股票 sh603456 不存在于观察池中
2025-08-20 02:21:32,788 - INFO - 数据库初始化完成
2025-08-20 02:21:32,788 - INFO - 处理进度 [1842/11571]: sh603456
2025-08-20 02:21:57,351 - WARNING - 股票 sh881005 不存在于观察池中
2025-08-20 02:21:57,353 - INFO - 数据库初始化完成
2025-08-20 02:21:57,356 - INFO - 处理进度 [1843/11571]: sh881005
2025-08-20 02:21:59,492 - WARNING - 股票 sh510660 不存在于观察池中
2025-08-20 02:21:59,493 - INFO - 数据库初始化完成
2025-08-20 02:21:59,493 - INFO - 处理进度 [1844/11571]: sh510660
2025-08-20 02:22:04,287 - WARNING - 股票 sh880740 不存在于观察池中
2025-08-20 02:22:04,288 - INFO - 数据库初始化完成
2025-08-20 02:22:04,289 - INFO - 处理进度 [1845/11571]: sh880740
2025-08-20 02:22:56,164 - WARNING - 股票 sh600956 不存在于观察池中
2025-08-20 02:22:56,165 - INFO - 处理进度 [1846/11571]: sh600956
2025-08-20 02:22:56,165 - INFO - 数据库初始化完成
2025-08-20 02:22:58,009 - WARNING - 股票 sh603882 不存在于观察池中
2025-08-20 02:22:58,010 - INFO - 数据库初始化完成
2025-08-20 02:22:58,011 - INFO - 处理进度 [1847/11571]: sh603882
2025-08-20 02:23:02,018 - WARNING - 差分进化优化失败，使用默认参数
2025-08-20 02:23:02,018 - ERROR - sh600348 参数优化失败，使用默认参数回退
2025-08-20 02:23:02,031 - WARNING - 股票 sh600348 不存在于观察池中
2025-08-20 02:23:02,032 - INFO - 数据库初始化完成
2025-08-20 02:23:02,033 - INFO - 处理进度 [1848/11571]: sh600348
2025-08-20 02:23:05,800 - WARNING - 股票 sh881308 不存在于观察池中
2025-08-20 02:23:05,801 - INFO - 处理进度 [1849/11571]: sh881308
2025-08-20 02:23:05,801 - INFO - 数据库初始化完成
2025-08-20 02:23:15,165 - WARNING - 股票 sh600088 不存在于观察池中
2025-08-20 02:23:15,166 - INFO - 数据库初始化完成
2025-08-20 02:23:15,169 - INFO - 处理进度 [1850/11571]: sh600088
2025-08-20 02:23:15,184 - WARNING - sh688720 数据不足 (少于250天)，无法生成画像
2025-08-20 02:23:15,184 - INFO - 处理进度 [1851/11571]: sh688720
2025-08-20 02:23:15,185 - INFO - 数据库初始化完成
2025-08-20 02:23:15,195 - WARNING - sh880531 数据不足 (少于250天)，无法生成画像
2025-08-20 02:23:15,196 - INFO - 数据库初始化完成
2025-08-20 02:23:15,196 - INFO - 处理进度 [1852/11571]: sh880531
2025-08-20 02:23:20,050 - WARNING - 股票 sh688269 不存在于观察池中
2025-08-20 02:23:20,050 - INFO - 处理进度 [1853/11571]: sh688269
2025-08-20 02:23:20,051 - INFO - 数据库初始化完成
2025-08-20 02:23:28,039 - WARNING - 股票 sh600606 不存在于观察池中
2025-08-20 02:23:28,039 - INFO - 处理进度 [1854/11571]: sh600606
2025-08-20 02:23:28,040 - INFO - 数据库初始化完成
2025-08-20 02:23:44,192 - WARNING - 股票 sh880506 不存在于观察池中
2025-08-20 02:23:44,194 - INFO - 数据库初始化完成
2025-08-20 02:23:44,194 - INFO - 处理进度 [1855/11571]: sh880506
2025-08-20 02:23:44,362 - WARNING - 股票 sh688308 不存在于观察池中
2025-08-20 02:23:44,363 - INFO - 处理进度 [1856/11571]: sh688308
2025-08-20 02:23:44,363 - INFO - 数据库初始化完成
2025-08-20 02:24:15,665 - WARNING - 股票 sh511850 不存在于观察池中
2025-08-20 02:24:15,665 - INFO - 处理进度 [1857/11571]: sh511850
2025-08-20 02:24:15,666 - INFO - 数据库初始化完成
2025-08-20 02:24:16,988 - WARNING - 股票 sh880716 不存在于观察池中
2025-08-20 02:24:16,988 - INFO - 数据库初始化完成
2025-08-20 02:24:16,989 - INFO - 处理进度 [1858/11571]: sh880716
2025-08-20 02:24:33,359 - WARNING - 股票 sh880645 不存在于观察池中
2025-08-20 02:24:33,360 - INFO - 数据库初始化完成
2025-08-20 02:24:33,360 - INFO - 处理进度 [1859/11571]: sh880645
2025-08-20 02:25:34,314 - WARNING - 股票 sh880784 不存在于观察池中
2025-08-20 02:25:34,314 - INFO - 处理进度 [1860/11571]: sh880784
2025-08-20 02:25:34,315 - INFO - 数据库初始化完成
2025-08-20 02:25:36,139 - WARNING - 股票 sh600867 不存在于观察池中
2025-08-20 02:25:36,140 - INFO - 数据库初始化完成
2025-08-20 02:25:36,141 - INFO - 处理进度 [1861/11571]: sh600867
2025-08-20 02:25:37,264 - WARNING - 股票 sh600419 不存在于观察池中
2025-08-20 02:25:37,265 - INFO - 处理进度 [1862/11571]: sh600419
2025-08-20 02:25:37,265 - INFO - 数据库初始化完成
2025-08-20 02:25:37,278 - WARNING - sh560950 数据不足 (少于250天)，无法生成画像
2025-08-20 02:25:37,279 - INFO - 处理进度 [1863/11571]: sh560950
2025-08-20 02:25:37,280 - INFO - 数据库初始化完成
2025-08-20 02:25:43,005 - WARNING - 股票 sh600405 不存在于观察池中
2025-08-20 02:25:43,005 - INFO - 处理进度 [1864/11571]: sh600405
2025-08-20 02:25:43,005 - INFO - 数据库初始化完成
2025-08-20 02:25:43,007 - WARNING - sh588850 数据不足 (少于250天)，无法生成画像
2025-08-20 02:25:43,008 - INFO - 数据库初始化完成
2025-08-20 02:25:43,008 - INFO - 处理进度 [1865/11571]: sh588850
2025-08-20 02:25:51,000 - WARNING - 股票 sh605333 不存在于观察池中
2025-08-20 02:25:51,001 - INFO - 数据库初始化完成
2025-08-20 02:25:51,001 - INFO - 处理进度 [1866/11571]: sh605333
2025-08-20 02:25:56,333 - WARNING - 股票 sh603606 不存在于观察池中
2025-08-20 02:25:56,334 - INFO - 数据库初始化完成
2025-08-20 02:25:56,334 - INFO - 处理进度 [1867/11571]: sh603606
2025-08-20 02:26:00,855 - WARNING - 股票 sh603799 不存在于观察池中
2025-08-20 02:26:00,855 - INFO - 处理进度 [1868/11571]: sh603799
2025-08-20 02:26:00,856 - INFO - 数据库初始化完成
2025-08-20 02:26:07,686 - WARNING - 股票 sh688502 不存在于观察池中
2025-08-20 02:26:07,687 - INFO - 数据库初始化完成
2025-08-20 02:26:07,687 - INFO - 处理进度 [1869/11571]: sh688502
2025-08-20 02:26:20,936 - WARNING - 股票 sh880792 不存在于观察池中
2025-08-20 02:26:20,937 - INFO - 数据库初始化完成
2025-08-20 02:26:20,937 - INFO - 处理进度 [1870/11571]: sh880792
2025-08-20 02:26:48,852 - WARNING - 股票 sh501030 不存在于观察池中
2025-08-20 02:26:48,878 - INFO - 处理进度 [1871/11571]: sh501030
2025-08-20 02:26:48,879 - INFO - 数据库初始化完成
2025-08-20 02:27:33,404 - WARNING - 股票 sh605090 不存在于观察池中
2025-08-20 02:27:33,405 - INFO - 数据库初始化完成
2025-08-20 02:27:33,405 - INFO - 处理进度 [1872/11571]: sh605090
2025-08-20 02:27:49,498 - WARNING - 差分进化优化失败，使用默认参数
2025-08-20 02:27:49,498 - ERROR - sh881020 参数优化失败，使用默认参数回退
2025-08-20 02:27:49,508 - WARNING - 股票 sh881020 不存在于观察池中
2025-08-20 02:27:49,509 - INFO - 处理进度 [1873/11571]: sh881020
2025-08-20 02:27:49,509 - INFO - 数据库初始化完成
2025-08-20 02:27:51,196 - WARNING - 股票 sh688500 不存在于观察池中
2025-08-20 02:27:51,197 - INFO - 数据库初始化完成
2025-08-20 02:27:51,198 - INFO - 处理进度 [1874/11571]: sh688500
2025-08-20 02:27:56,688 - WARNING - 股票 sh600099 不存在于观察池中
2025-08-20 02:27:56,689 - INFO - 处理进度 [1875/11571]: sh600099
2025-08-20 02:27:56,689 - INFO - 数据库初始化完成
2025-08-20 02:28:02,981 - WARNING - 股票 sh600990 不存在于观察池中
2025-08-20 02:28:02,981 - INFO - 处理进度 [1876/11571]: sh600990
2025-08-20 02:28:02,982 - INFO - 数据库初始化完成
2025-08-20 02:28:18,901 - WARNING - 股票 sh132026 不存在于观察池中
2025-08-20 02:28:18,902 - INFO - 处理进度 [1877/11571]: sh132026
2025-08-20 02:28:18,903 - INFO - 数据库初始化完成
2025-08-20 02:28:51,881 - WARNING - 股票 sh880538 不存在于观察池中
2025-08-20 02:28:51,882 - INFO - 处理进度 [1878/11571]: sh880538
2025-08-20 02:28:51,882 - INFO - 数据库初始化完成
2025-08-20 02:29:00,662 - WARNING - 股票 sh881073 不存在于观察池中
2025-08-20 02:29:00,663 - INFO - 处理进度 [1879/11571]: sh881073
2025-08-20 02:29:00,663 - INFO - 数据库初始化完成
2025-08-20 02:29:29,178 - WARNING - 股票 sh880633 不存在于观察池中
2025-08-20 02:29:29,179 - INFO - 数据库初始化完成
2025-08-20 02:29:29,179 - INFO - 处理进度 [1880/11571]: sh880633
2025-08-20 02:29:36,209 - WARNING - 股票 sh603444 不存在于观察池中
2025-08-20 02:29:36,210 - INFO - 数据库初始化完成
2025-08-20 02:29:36,210 - INFO - 处理进度 [1881/11571]: sh603444
2025-08-20 02:29:37,132 - WARNING - 股票 sh603125 不存在于观察池中
2025-08-20 02:29:37,133 - INFO - 数据库初始化完成
2025-08-20 02:29:37,133 - INFO - 处理进度 [1882/11571]: sh603125
2025-08-20 02:29:50,565 - WARNING - 股票 sh113037 不存在于观察池中
2025-08-20 02:29:50,566 - INFO - 处理进度 [1883/11571]: sh113037
2025-08-20 02:29:50,566 - INFO - 数据库初始化完成
2025-08-20 02:30:04,775 - WARNING - 股票 sh881159 不存在于观察池中
2025-08-20 02:30:04,776 - INFO - 数据库初始化完成
2025-08-20 02:30:04,776 - INFO - 处理进度 [1884/11571]: sh881159
2025-08-20 02:30:21,269 - WARNING - 股票 sh880392 不存在于观察池中
2025-08-20 02:30:21,270 - INFO - 数据库初始化完成
2025-08-20 02:30:21,270 - INFO - 处理进度 [1885/11571]: sh880392
2025-08-20 02:30:42,695 - WARNING - 股票 sh688766 不存在于观察池中
2025-08-20 02:30:42,695 - INFO - 处理进度 [1886/11571]: sh688766
2025-08-20 02:30:42,695 - INFO - 数据库初始化完成
2025-08-20 02:30:53,795 - WARNING - 股票 sh603859 不存在于观察池中
2025-08-20 02:30:53,796 - INFO - 数据库初始化完成
2025-08-20 02:30:53,797 - INFO - 处理进度 [1887/11571]: sh603859
2025-08-20 02:30:53,798 - WARNING - sh562050 数据不足 (少于250天)，无法生成画像
2025-08-20 02:30:53,798 - INFO - 处理进度 [1888/11571]: sh562050
2025-08-20 02:30:53,798 - INFO - 数据库初始化完成
2025-08-20 02:31:00,572 - WARNING - 股票 sh506003 不存在于观察池中
2025-08-20 02:31:00,572 - INFO - 处理进度 [1889/11571]: sh506003
2025-08-20 02:31:00,573 - INFO - 数据库初始化完成
2025-08-20 02:31:12,375 - WARNING - 股票 sh603308 不存在于观察池中
2025-08-20 02:31:12,376 - INFO - 数据库初始化完成
2025-08-20 02:31:12,376 - INFO - 处理进度 [1890/11571]: sh603308
2025-08-20 02:31:21,031 - WARNING - 股票 sh688178 不存在于观察池中
2025-08-20 02:31:21,032 - INFO - 数据库初始化完成
2025-08-20 02:31:21,033 - INFO - 处理进度 [1891/11571]: sh688178
2025-08-20 02:31:24,946 - WARNING - 股票 sh688365 不存在于观察池中
2025-08-20 02:31:24,947 - INFO - 数据库初始化完成
2025-08-20 02:31:24,948 - INFO - 处理进度 [1892/11571]: sh688365
2025-08-20 02:31:34,569 - WARNING - 差分进化优化失败，使用默认参数
2025-08-20 02:31:34,569 - ERROR - sh603896 参数优化失败，使用默认参数回退
2025-08-20 02:31:34,583 - WARNING - 股票 sh603896 不存在于观察池中
2025-08-20 02:31:34,584 - INFO - 处理进度 [1893/11571]: sh603896
2025-08-20 02:31:34,584 - INFO - 数据库初始化完成
2025-08-20 02:31:38,140 - WARNING - 股票 sh113045 不存在于观察池中
2025-08-20 02:31:38,141 - INFO - 处理进度 [1894/11571]: sh113045
2025-08-20 02:31:38,141 - INFO - 数据库初始化完成
2025-08-20 02:32:32,791 - WARNING - 股票 sh603138 不存在于观察池中
2025-08-20 02:32:32,792 - INFO - 处理进度 [1895/11571]: sh603138
2025-08-20 02:32:32,792 - INFO - 数据库初始化完成
2025-08-20 02:32:44,788 - WARNING - 股票 sh881271 不存在于观察池中
2025-08-20 02:32:44,789 - INFO - 数据库初始化完成
2025-08-20 02:32:44,789 - INFO - 处理进度 [1896/11571]: sh881271
2025-08-20 02:33:02,522 - WARNING - 股票 sh688319 不存在于观察池中
2025-08-20 02:33:02,523 - INFO - 数据库初始化完成
2025-08-20 02:33:02,524 - INFO - 处理进度 [1897/11571]: sh688319
2025-08-20 02:33:14,640 - WARNING - 股票 sh603389 不存在于观察池中
2025-08-20 02:33:14,641 - INFO - 处理进度 [1898/11571]: sh603389
2025-08-20 02:33:14,641 - INFO - 数据库初始化完成
2025-08-20 02:33:32,230 - WARNING - 差分进化优化失败，使用默认参数
2025-08-20 02:33:32,231 - ERROR - sh900934 参数优化失败，使用默认参数回退
2025-08-20 02:33:32,245 - WARNING - 股票 sh900934 不存在于观察池中
2025-08-20 02:33:32,245 - INFO - 数据库初始化完成
2025-08-20 02:33:32,246 - INFO - 处理进度 [1899/11571]: sh900934
2025-08-20 02:33:32,498 - WARNING - 股票 sh600513 不存在于观察池中
2025-08-20 02:33:32,498 - INFO - 处理进度 [1900/11571]: sh600513
2025-08-20 02:33:32,499 - INFO - 数据库初始化完成
2025-08-20 02:33:53,229 - WARNING - 股票 sh603583 不存在于观察池中
2025-08-20 02:33:53,230 - INFO - 数据库初始化完成
2025-08-20 02:33:53,230 - INFO - 处理进度 [1901/11571]: sh603583
2025-08-20 02:33:57,429 - WARNING - 股票 sh603987 不存在于观察池中
2025-08-20 02:33:57,430 - INFO - 处理进度 [1902/11571]: sh603987
2025-08-20 02:33:57,430 - INFO - 数据库初始化完成
2025-08-20 02:34:00,267 - WARNING - 股票 sh600438 不存在于观察池中
2025-08-20 02:34:00,268 - INFO - 数据库初始化完成
2025-08-20 02:34:00,268 - INFO - 处理进度 [1903/11571]: sh600438
2025-08-20 02:34:15,847 - WARNING - 差分进化优化失败，使用默认参数
2025-08-20 02:34:15,847 - ERROR - sh600495 参数优化失败，使用默认参数回退
2025-08-20 02:34:15,858 - WARNING - 股票 sh600495 不存在于观察池中
2025-08-20 02:34:15,858 - INFO - 处理进度 [1904/11571]: sh600495
2025-08-20 02:34:15,858 - INFO - 数据库初始化完成
2025-08-20 02:34:41,526 - WARNING - 股票 sh880908 不存在于观察池中
2025-08-20 02:34:41,527 - INFO - 数据库初始化完成
2025-08-20 02:34:41,527 - INFO - 处理进度 [1905/11571]: sh880908
2025-08-20 02:34:50,001 - WARNING - 股票 sh601069 不存在于观察池中
2025-08-20 02:34:50,002 - INFO - 处理进度 [1906/11571]: sh601069
2025-08-20 02:34:50,002 - INFO - 数据库初始化完成
2025-08-20 02:34:55,558 - WARNING - 股票 sh880643 不存在于观察池中
2025-08-20 02:34:55,559 - INFO - 数据库初始化完成
2025-08-20 02:34:55,559 - INFO - 处理进度 [1907/11571]: sh880643
2025-08-20 02:35:03,202 - WARNING - 股票 sh600525 不存在于观察池中
2025-08-20 02:35:03,202 - INFO - 处理进度 [1908/11571]: sh600525
2025-08-20 02:35:03,203 - INFO - 数据库初始化完成
2025-08-20 02:35:10,725 - WARNING - 股票 sh688590 不存在于观察池中
2025-08-20 02:35:10,725 - INFO - 数据库初始化完成
2025-08-20 02:35:10,726 - INFO - 处理进度 [1909/11571]: sh688590
2025-08-20 02:35:11,235 - WARNING - 股票 sh600732 不存在于观察池中
2025-08-20 02:35:11,236 - INFO - 处理进度 [1910/11571]: sh600732
2025-08-20 02:35:11,236 - INFO - 数据库初始化完成
2025-08-20 02:35:48,276 - WARNING - 股票 sh881235 不存在于观察池中
2025-08-20 02:35:48,277 - INFO - 数据库初始化完成
2025-08-20 02:35:48,280 - INFO - 处理进度 [1911/11571]: sh881235
2025-08-20 02:35:48,291 - WARNING - sh118040 数据不足 (少于250天)，无法生成画像
2025-08-20 02:35:48,291 - INFO - 处理进度 [1912/11571]: sh118040
2025-08-20 02:35:48,292 - INFO - 数据库初始化完成
2025-08-20 02:36:01,020 - WARNING - 差分进化优化失败，使用默认参数
2025-08-20 02:36:01,021 - ERROR - sh600206 参数优化失败，使用默认参数回退
2025-08-20 02:36:01,035 - WARNING - 股票 sh600206 不存在于观察池中
2025-08-20 02:36:01,035 - INFO - 处理进度 [1913/11571]: sh600206
2025-08-20 02:36:01,036 - INFO - 数据库初始化完成
2025-08-20 02:36:02,418 - WARNING - 股票 sh688266 不存在于观察池中
2025-08-20 02:36:02,419 - INFO - 处理进度 [1914/11571]: sh688266
2025-08-20 02:36:02,420 - INFO - 数据库初始化完成
2025-08-20 02:36:11,080 - WARNING - 股票 sh512290 不存在于观察池中
2025-08-20 02:36:11,081 - INFO - 处理进度 [1915/11571]: sh512290
2025-08-20 02:36:11,082 - INFO - 数据库初始化完成
2025-08-20 02:36:44,135 - WARNING - 股票 sh881043 不存在于观察池中
2025-08-20 02:36:44,136 - INFO - 数据库初始化完成
2025-08-20 02:36:44,139 - INFO - 处理进度 [1916/11571]: sh881043
2025-08-20 02:36:51,521 - WARNING - 股票 sh688786 不存在于观察池中
2025-08-20 02:36:51,522 - INFO - 处理进度 [1917/11571]: sh688786
2025-08-20 02:36:51,522 - INFO - 数据库初始化完成
2025-08-20 02:36:59,131 - WARNING - 股票 sh603230 不存在于观察池中
2025-08-20 02:36:59,132 - INFO - 处理进度 [1918/11571]: sh603230
2025-08-20 02:36:59,132 - INFO - 数据库初始化完成
2025-08-20 02:37:32,516 - WARNING - 股票 sh688151 不存在于观察池中
2025-08-20 02:37:32,516 - INFO - 数据库初始化完成
2025-08-20 02:37:32,517 - INFO - 处理进度 [1919/11571]: sh688151
2025-08-20 02:38:01,109 - WARNING - 股票 sh688041 不存在于观察池中
2025-08-20 02:38:01,110 - INFO - 数据库初始化完成
2025-08-20 02:38:01,110 - INFO - 处理进度 [1920/11571]: sh688041
2025-08-20 02:38:01,122 - WARNING - sh118038 数据不足 (少于250天)，无法生成画像
2025-08-20 02:38:01,123 - INFO - 数据库初始化完成
2025-08-20 02:38:01,123 - INFO - 处理进度 [1921/11571]: sh118038
2025-08-20 02:38:25,771 - WARNING - 股票 sh880655 不存在于观察池中
2025-08-20 02:38:25,772 - INFO - 数据库初始化完成
2025-08-20 02:38:25,772 - INFO - 处理进度 [1922/11571]: sh880655
2025-08-20 02:38:48,878 - WARNING - 股票 sh601225 不存在于观察池中
2025-08-20 02:38:48,878 - INFO - 数据库初始化完成
2025-08-20 02:38:48,879 - INFO - 处理进度 [1923/11571]: sh601225
2025-08-20 02:38:49,453 - WARNING - 股票 sh605189 不存在于观察池中
2025-08-20 02:38:49,454 - INFO - 处理进度 [1924/11571]: sh605189
2025-08-20 02:38:49,455 - INFO - 数据库初始化完成
2025-08-20 02:38:50,257 - WARNING - 股票 sh501060 不存在于观察池中
2025-08-20 02:38:50,258 - INFO - 处理进度 [1925/11571]: sh501060
2025-08-20 02:38:50,258 - INFO - 数据库初始化完成
2025-08-20 02:38:57,134 - WARNING - 股票 sh600354 不存在于观察池中
2025-08-20 02:38:57,135 - INFO - 数据库初始化完成
2025-08-20 02:38:57,135 - INFO - 处理进度 [1926/11571]: sh600354
2025-08-20 02:38:57,146 - WARNING - sh880697 数据不足 (少于250天)，无法生成画像
2025-08-20 02:38:57,146 - INFO - 处理进度 [1927/11571]: sh880697
2025-08-20 02:38:57,146 - INFO - 数据库初始化完成
2025-08-20 02:39:04,766 - WARNING - 股票 sh603636 不存在于观察池中
2025-08-20 02:39:04,767 - INFO - 处理进度 [1928/11571]: sh603636
2025-08-20 02:39:04,767 - INFO - 数据库初始化完成
2025-08-20 02:39:06,636 - WARNING - 股票 sh688428 不存在于观察池中
2025-08-20 02:39:06,661 - INFO - 数据库初始化完成
2025-08-20 02:39:06,662 - INFO - 处理进度 [1929/11571]: sh688428
2025-08-20 02:39:34,940 - WARNING - 股票 sh688819 不存在于观察池中
2025-08-20 02:39:34,941 - INFO - 数据库初始化完成
2025-08-20 02:39:34,941 - INFO - 处理进度 [1930/11571]: sh688819
2025-08-20 02:39:50,253 - WARNING - 股票 sh517200 不存在于观察池中
2025-08-20 02:39:50,254 - INFO - 数据库初始化完成
2025-08-20 02:39:50,255 - INFO - 处理进度 [1931/11571]: sh517200
2025-08-20 02:39:54,605 - WARNING - 股票 sh600478 不存在于观察池中
2025-08-20 02:39:54,606 - INFO - 数据库初始化完成
2025-08-20 02:39:54,606 - INFO - 处理进度 [1932/11571]: sh600478
2025-08-20 02:40:01,728 - WARNING - 股票 sh881124 不存在于观察池中
2025-08-20 02:40:01,729 - INFO - 数据库初始化完成
2025-08-20 02:40:01,733 - INFO - 处理进度 [1933/11571]: sh881124
2025-08-20 02:40:25,958 - WARNING - 股票 sh600461 不存在于观察池中
2025-08-20 02:40:25,959 - INFO - 处理进度 [1934/11571]: sh600461
2025-08-20 02:40:25,959 - INFO - 数据库初始化完成
2025-08-20 02:40:39,307 - WARNING - 股票 sh517880 不存在于观察池中
2025-08-20 02:40:39,308 - INFO - 数据库初始化完成
2025-08-20 02:40:39,309 - INFO - 处理进度 [1935/11571]: sh517880
2025-08-20 02:40:47,985 - WARNING - 股票 sh880505 不存在于观察池中
2025-08-20 02:40:47,986 - INFO - 处理进度 [1936/11571]: sh880505
2025-08-20 02:40:47,986 - INFO - 数据库初始化完成
2025-08-20 02:41:11,358 - WARNING - 股票 sh515020 不存在于观察池中
2025-08-20 02:41:11,359 - INFO - 数据库初始化完成
2025-08-20 02:41:11,359 - INFO - 处理进度 [1937/11571]: sh515020
2025-08-20 02:41:12,715 - WARNING - 股票 sh601208 不存在于观察池中
2025-08-20 02:41:12,716 - INFO - 数据库初始化完成
2025-08-20 02:41:12,716 - INFO - 处理进度 [1938/11571]: sh601208
2025-08-20 02:41:22,905 - WARNING - 股票 sh881445 不存在于观察池中
2025-08-20 02:41:22,906 - INFO - 处理进度 [1939/11571]: sh881445
2025-08-20 02:41:22,907 - INFO - 数据库初始化完成
2025-08-20 02:41:22,918 - WARNING - sh508092 数据不足 (少于250天)，无法生成画像
2025-08-20 02:41:22,918 - INFO - 处理进度 [1940/11571]: sh508092
2025-08-20 02:41:22,919 - INFO - 数据库初始化完成
2025-08-20 02:41:49,312 - WARNING - 股票 sh605028 不存在于观察池中
2025-08-20 02:41:49,313 - INFO - 数据库初始化完成
2025-08-20 02:41:49,313 - INFO - 处理进度 [1941/11571]: sh605028
2025-08-20 02:42:16,224 - WARNING - 股票 sh605158 不存在于观察池中
2025-08-20 02:42:16,224 - INFO - 数据库初始化完成
2025-08-20 02:42:16,225 - INFO - 处理进度 [1942/11571]: sh605158
2025-08-20 02:42:18,875 - WARNING - 股票 sh562950 不存在于观察池中
2025-08-20 02:42:18,876 - INFO - 数据库初始化完成
2025-08-20 02:42:18,877 - INFO - 处理进度 [1943/11571]: sh562950
2025-08-20 02:42:28,004 - WARNING - 股票 sh113632 不存在于观察池中
2025-08-20 02:42:28,005 - INFO - 处理进度 [1944/11571]: sh113632
2025-08-20 02:42:28,005 - INFO - 数据库初始化完成
2025-08-20 02:42:57,947 - WARNING - 股票 sh688690 不存在于观察池中
2025-08-20 02:42:57,948 - INFO - 数据库初始化完成
2025-08-20 02:42:57,948 - INFO - 处理进度 [1945/11571]: sh688690
2025-08-20 02:43:02,684 - WARNING - 股票 sh600697 不存在于观察池中
2025-08-20 02:43:02,685 - INFO - 数据库初始化完成
2025-08-20 02:43:02,686 - INFO - 处理进度 [1946/11571]: sh600697
2025-08-20 02:43:43,975 - WARNING - 股票 sh600551 不存在于观察池中
2025-08-20 02:43:43,976 - INFO - 数据库初始化完成
2025-08-20 02:43:43,976 - INFO - 处理进度 [1947/11571]: sh600551
2025-08-20 02:44:00,412 - WARNING - 股票 sh688001 不存在于观察池中
2025-08-20 02:44:00,413 - INFO - 数据库初始化完成
2025-08-20 02:44:00,415 - WARNING - sh520880 数据不足 (少于250天)，无法生成画像
2025-08-20 02:44:00,415 - INFO - 处理进度 [1948/11571]: sh688001
2025-08-20 02:44:00,416 - INFO - 处理进度 [1949/11571]: sh520880
2025-08-20 02:44:00,416 - INFO - 数据库初始化完成
2025-08-20 02:44:11,214 - WARNING - 股票 sh880724 不存在于观察池中
2025-08-20 02:44:11,215 - INFO - 处理进度 [1950/11571]: sh880724
2025-08-20 02:44:11,216 - INFO - 数据库初始化完成
2025-08-20 02:44:14,331 - WARNING - 股票 sh512900 不存在于观察池中
2025-08-20 02:44:14,331 - INFO - 数据库初始化完成
2025-08-20 02:44:14,334 - INFO - 处理进度 [1951/11571]: sh512900
2025-08-20 02:44:14,346 - WARNING - sh588830 数据不足 (少于250天)，无法生成画像
2025-08-20 02:44:14,347 - INFO - 处理进度 [1952/11571]: sh588830
2025-08-20 02:44:14,347 - INFO - 数据库初始化完成
2025-08-20 02:44:17,422 - WARNING - 差分进化优化失败，使用默认参数
2025-08-20 02:44:17,423 - ERROR - sh600963 参数优化失败，使用默认参数回退
2025-08-20 02:44:17,437 - WARNING - 股票 sh600963 不存在于观察池中
2025-08-20 02:44:17,438 - INFO - 处理进度 [1953/11571]: sh600963
2025-08-20 02:44:17,438 - INFO - 数据库初始化完成
2025-08-20 02:45:15,648 - WARNING - 股票 sh881303 不存在于观察池中
2025-08-20 02:45:15,649 - INFO - 处理进度 [1954/11571]: sh881303
2025-08-20 02:45:15,649 - INFO - 数据库初始化完成
2025-08-20 02:45:15,660 - WARNING - sh508033 数据不足 (少于250天)，无法生成画像
2025-08-20 02:45:15,661 - INFO - 处理进度 [1955/11571]: sh508033
2025-08-20 02:45:15,661 - INFO - 数据库初始化完成
2025-08-20 02:45:26,304 - WARNING - 股票 sh601518 不存在于观察池中
2025-08-20 02:45:26,305 - INFO - 处理进度 [1956/11571]: sh601518
2025-08-20 02:45:26,306 - INFO - 数据库初始化完成
2025-08-20 02:45:36,190 - WARNING - 股票 sh600409 不存在于观察池中
2025-08-20 02:45:36,191 - INFO - 处理进度 [1957/11571]: sh600409
2025-08-20 02:45:36,191 - INFO - 数据库初始化完成
2025-08-20 02:45:51,330 - WARNING - 股票 sh512400 不存在于观察池中
2025-08-20 02:45:51,331 - INFO - 数据库初始化完成
2025-08-20 02:45:51,331 - INFO - 处理进度 [1958/11571]: sh512400
2025-08-20 02:45:52,860 - WARNING - 股票 sh880983 不存在于观察池中
2025-08-20 02:45:52,861 - INFO - 处理进度 [1959/11571]: sh880983
2025-08-20 02:45:52,861 - INFO - 数据库初始化完成
2025-08-20 02:45:59,949 - WARNING - 差分进化优化失败，使用默认参数
2025-08-20 02:45:59,950 - ERROR - sh515660 参数优化失败，使用默认参数回退
2025-08-20 02:45:59,964 - WARNING - 股票 sh515660 不存在于观察池中
2025-08-20 02:45:59,964 - INFO - 数据库初始化完成
2025-08-20 02:45:59,965 - INFO - 处理进度 [1960/11571]: sh515660
2025-08-20 02:46:31,528 - WARNING - 股票 sh601952 不存在于观察池中
2025-08-20 02:46:31,530 - INFO - 数据库初始化完成
2025-08-20 02:46:31,530 - INFO - 处理进度 [1961/11571]: sh601952
2025-08-20 02:46:40,684 - WARNING - 股票 sh508088 不存在于观察池中
2025-08-20 02:46:40,685 - INFO - 数据库初始化完成
2025-08-20 02:46:40,685 - INFO - 处理进度 [1962/11571]: sh508088
2025-08-20 02:46:41,473 - WARNING - 股票 sh515360 不存在于观察池中
2025-08-20 02:46:41,474 - INFO - 处理进度 [1963/11571]: sh515360
2025-08-20 02:46:41,474 - INFO - 数据库初始化完成
2025-08-20 02:46:44,814 - WARNING - 股票 sh501071 不存在于观察池中
2025-08-20 02:46:44,815 - INFO - 数据库初始化完成
2025-08-20 02:46:44,815 - INFO - 处理进度 [1964/11571]: sh501071
2025-08-20 02:46:50,233 - WARNING - 股票 sh880632 不存在于观察池中
2025-08-20 02:46:50,234 - INFO - 数据库初始化完成
2025-08-20 02:46:50,234 - INFO - 处理进度 [1965/11571]: sh880632
2025-08-20 02:47:04,218 - WARNING - 股票 sh881428 不存在于观察池中
2025-08-20 02:47:04,219 - INFO - 数据库初始化完成
2025-08-20 02:47:04,219 - INFO - 处理进度 [1966/11571]: sh881428
2025-08-20 02:47:04,837 - WARNING - 股票 sh000903 不存在于观察池中
2025-08-20 02:47:04,837 - INFO - 处理进度 [1967/11571]: sh000903
2025-08-20 02:47:04,838 - INFO - 数据库初始化完成
2025-08-20 02:47:27,721 - WARNING - 股票 sh513650 不存在于观察池中
2025-08-20 02:47:27,722 - INFO - 数据库初始化完成
2025-08-20 02:47:27,722 - INFO - 处理进度 [1968/11571]: sh513650
2025-08-20 02:47:53,304 - WARNING - 差分进化优化失败，使用默认参数
2025-08-20 02:47:53,304 - ERROR - sh588090 参数优化失败，使用默认参数回退
2025-08-20 02:47:53,319 - WARNING - 股票 sh588090 不存在于观察池中
2025-08-20 02:47:53,319 - INFO - 数据库初始化完成
2025-08-20 02:47:53,323 - INFO - 处理进度 [1969/11571]: sh588090
2025-08-20 02:48:27,536 - WARNING - 股票 sh603665 不存在于观察池中
2025-08-20 02:48:27,537 - INFO - 处理进度 [1970/11571]: sh603665
2025-08-20 02:48:27,537 - INFO - 数据库初始化完成
2025-08-20 02:48:35,075 - WARNING - 股票 sh603535 不存在于观察池中
2025-08-20 02:48:35,102 - INFO - 数据库初始化完成
2025-08-20 02:48:35,102 - INFO - 处理进度 [1971/11571]: sh603535
2025-08-20 02:48:35,117 - WARNING - sh688652 数据不足 (少于250天)，无法生成画像
2025-08-20 02:48:35,117 - INFO - 数据库初始化完成
2025-08-20 02:48:35,118 - INFO - 处理进度 [1972/11571]: sh688652
2025-08-20 02:49:14,562 - WARNING - 股票 sh516520 不存在于观察池中
2025-08-20 02:49:14,563 - INFO - 处理进度 [1973/11571]: sh516520
2025-08-20 02:49:14,563 - INFO - 数据库初始化完成
2025-08-20 02:49:14,576 - WARNING - sh880689 数据不足 (少于250天)，无法生成画像
2025-08-20 02:49:14,577 - INFO - 数据库初始化完成
2025-08-20 02:49:14,579 - INFO - 处理进度 [1974/11571]: sh880689
2025-08-20 02:49:28,155 - WARNING - 股票 sh880989 不存在于观察池中
2025-08-20 02:49:28,156 - INFO - 处理进度 [1975/11571]: sh880989
2025-08-20 02:49:28,156 - INFO - 数据库初始化完成
2025-08-20 02:50:04,459 - WARNING - 差分进化优化失败，使用默认参数
2025-08-20 02:50:04,460 - ERROR - sh880485 参数优化失败，使用默认参数回退
2025-08-20 02:50:04,473 - WARNING - 股票 sh880485 不存在于观察池中
2025-08-20 02:50:04,475 - INFO - 数据库初始化完成
2025-08-20 02:50:04,474 - INFO - 处理进度 [1976/11571]: sh880485
2025-08-20 02:50:06,297 - WARNING - 股票 sh600746 不存在于观察池中
2025-08-20 02:50:06,298 - INFO - 处理进度 [1977/11571]: sh600746
2025-08-20 02:50:06,298 - INFO - 数据库初始化完成
2025-08-20 02:50:41,875 - WARNING - 股票 sh601880 不存在于观察池中
2025-08-20 02:50:41,875 - INFO - 处理进度 [1978/11571]: sh601880
2025-08-20 02:50:41,876 - INFO - 数据库初始化完成
2025-08-20 02:50:43,903 - WARNING - 股票 sh600057 不存在于观察池中
2025-08-20 02:50:43,904 - INFO - 数据库初始化完成
2025-08-20 02:50:43,905 - INFO - 处理进度 [1979/11571]: sh600057
2025-08-20 02:50:59,660 - WARNING - 股票 sh600114 不存在于观察池中
2025-08-20 02:50:59,661 - INFO - 数据库初始化完成
2025-08-20 02:50:59,662 - INFO - 处理进度 [1980/11571]: sh600114
2025-08-20 02:51:16,950 - WARNING - 股票 sh603868 不存在于观察池中
2025-08-20 02:51:16,951 - INFO - 数据库初始化完成
2025-08-20 02:51:16,952 - INFO - 处理进度 [1981/11571]: sh603868
2025-08-20 02:51:16,986 - WARNING - 股票 sh600651 不存在于观察池中
2025-08-20 02:51:16,987 - INFO - 数据库初始化完成
2025-08-20 02:51:16,987 - INFO - 处理进度 [1982/11571]: sh600651
2025-08-20 02:51:34,669 - WARNING - 股票 sh501047 不存在于观察池中
2025-08-20 02:51:34,670 - INFO - 数据库初始化完成
2025-08-20 02:51:34,670 - INFO - 处理进度 [1983/11571]: sh501047
2025-08-20 02:51:42,981 - WARNING - 股票 sh880363 不存在于观察池中
2025-08-20 02:51:42,982 - INFO - 数据库初始化完成
2025-08-20 02:51:42,982 - INFO - 处理进度 [1984/11571]: sh880363
2025-08-20 02:51:42,991 - WARNING - sh588450 数据不足 (少于250天)，无法生成画像
2025-08-20 02:51:42,992 - INFO - 处理进度 [1985/11571]: sh588450
2025-08-20 02:51:42,992 - INFO - 数据库初始化完成
2025-08-20 02:52:01,619 - WARNING - 股票 sh603639 不存在于观察池中
2025-08-20 02:52:01,619 - INFO - 数据库初始化完成
2025-08-20 02:52:01,620 - INFO - 处理进度 [1986/11571]: sh603639
2025-08-20 02:52:04,044 - WARNING - 差分进化优化失败，使用默认参数
2025-08-20 02:52:04,044 - ERROR - sh880036 参数优化失败，使用默认参数回退
2025-08-20 02:52:04,057 - WARNING - 股票 sh880036 不存在于观察池中
2025-08-20 02:52:04,058 - INFO - 数据库初始化完成
2025-08-20 02:52:04,059 - INFO - 处理进度 [1987/11571]: sh880036
2025-08-20 02:52:14,204 - WARNING - 股票 sh600681 不存在于观察池中
2025-08-20 02:52:14,206 - INFO - 数据库初始化完成
2025-08-20 02:52:14,207 - INFO - 处理进度 [1988/11571]: sh600681
2025-08-20 02:52:25,215 - WARNING - 股票 sh110067 不存在于观察池中
2025-08-20 02:52:25,216 - INFO - 处理进度 [1989/11571]: sh110067
2025-08-20 02:52:25,216 - INFO - 数据库初始化完成
2025-08-20 02:52:47,548 - WARNING - 股票 sh880398 不存在于观察池中
2025-08-20 02:52:47,548 - INFO - 处理进度 [1990/11571]: sh880398
2025-08-20 02:52:47,549 - INFO - 数据库初始化完成
2025-08-20 02:52:56,831 - WARNING - 股票 sh515920 不存在于观察池中
2025-08-20 02:52:56,831 - INFO - 数据库初始化完成
2025-08-20 02:52:56,832 - INFO - 处理进度 [1991/11571]: sh515920
2025-08-20 02:52:59,423 - WARNING - 股票 sh600467 不存在于观察池中
2025-08-20 02:52:59,423 - INFO - 处理进度 [1992/11571]: sh600467
2025-08-20 02:52:59,424 - INFO - 数据库初始化完成
2025-08-20 02:53:18,713 - WARNING - 差分进化优化失败，使用默认参数
2025-08-20 02:53:18,713 - ERROR - sh600157 参数优化失败，使用默认参数回退
2025-08-20 02:53:18,727 - WARNING - 股票 sh600157 不存在于观察池中
2025-08-20 02:53:18,728 - INFO - 数据库初始化完成
2025-08-20 02:53:18,729 - INFO - 处理进度 [1993/11571]: sh600157
2025-08-20 02:53:45,870 - WARNING - 差分进化优化失败，使用默认参数
2025-08-20 02:53:45,870 - ERROR - sh516050 参数优化失败，使用默认参数回退
2025-08-20 02:53:45,884 - WARNING - 股票 sh516050 不存在于观察池中
2025-08-20 02:53:45,884 - INFO - 处理进度 [1994/11571]: sh516050
2025-08-20 02:53:45,885 - INFO - 数据库初始化完成
2025-08-20 02:54:01,733 - WARNING - 股票 sh881471 不存在于观察池中
2025-08-20 02:54:01,734 - INFO - 数据库初始化完成
2025-08-20 02:54:01,734 - INFO - 处理进度 [1995/11571]: sh881471
2025-08-20 02:54:03,117 - WARNING - 股票 sh880904 不存在于观察池中
2025-08-20 02:54:03,143 - INFO - 数据库初始化完成
2025-08-20 02:54:03,143 - INFO - 处理进度 [1996/11571]: sh880904
2025-08-20 02:54:03,157 - WARNING - sh880673 数据不足 (少于250天)，无法生成画像
2025-08-20 02:54:03,157 - INFO - 数据库初始化完成
2025-08-20 02:54:03,158 - INFO - 处理进度 [1997/11571]: sh880673
2025-08-20 02:54:03,169 - WARNING - sh688563 数据不足 (少于250天)，无法生成画像
2025-08-20 02:54:03,169 - INFO - 数据库初始化完成
2025-08-20 02:54:03,170 - INFO - 处理进度 [1998/11571]: sh688563
2025-08-20 02:54:41,605 - WARNING - 股票 sh113575 不存在于观察池中
2025-08-20 02:54:41,606 - INFO - 数据库初始化完成
2025-08-20 02:54:41,606 - INFO - 处理进度 [1999/11571]: sh113575
2025-08-20 02:54:41,618 - WARNING - sh560260 数据不足 (少于250天)，无法生成画像
2025-08-20 02:54:41,619 - INFO - 数据库初始化完成
2025-08-20 02:54:41,619 - INFO - 处理进度 [2000/11571]: sh560260
2025-08-20 02:54:57,679 - WARNING - 差分进化优化失败，使用默认参数
2025-08-20 02:54:57,679 - ERROR - sh118028 参数优化失败，使用默认参数回退
2025-08-20 02:54:57,693 - WARNING - 股票 sh118028 不存在于观察池中
2025-08-20 02:54:57,693 - INFO - 数据库初始化完成
2025-08-20 02:54:57,694 - INFO - 处理进度 [2001/11571]: sh118028
2025-08-20 02:55:10,496 - WARNING - 股票 sh603663 不存在于观察池中
2025-08-20 02:55:10,496 - INFO - 数据库初始化完成
2025-08-20 02:55:10,497 - INFO - 处理进度 [2002/11571]: sh603663
2025-08-20 02:55:21,162 - WARNING - 股票 sh560980 不存在于观察池中
2025-08-20 02:55:21,163 - INFO - 数据库初始化完成
2025-08-20 02:55:21,163 - INFO - 处理进度 [2003/11571]: sh560980
2025-08-20 02:55:23,684 - WARNING - 股票 sh600020 不存在于观察池中
2025-08-20 02:55:23,690 - INFO - 数据库初始化完成
2025-08-20 02:55:23,690 - INFO - 处理进度 [2004/11571]: sh600020
2025-08-20 02:55:23,702 - WARNING - sh508011 数据不足 (少于250天)，无法生成画像
2025-08-20 02:55:23,702 - INFO - 处理进度 [2005/11571]: sh508011
2025-08-20 02:55:23,703 - INFO - 数据库初始化完成
2025-08-20 02:55:34,155 - WARNING - 股票 sh881150 不存在于观察池中
2025-08-20 02:55:34,155 - INFO - 处理进度 [2006/11571]: sh881150
2025-08-20 02:55:34,156 - INFO - 数据库初始化完成
2025-08-20 02:55:52,987 - WARNING - 股票 sh501305 不存在于观察池中
2025-08-20 02:55:52,988 - INFO - 数据库初始化完成
2025-08-20 02:55:52,988 - INFO - 处理进度 [2007/11571]: sh501305
2025-08-20 02:55:56,035 - WARNING - 差分进化优化失败，使用默认参数
2025-08-20 02:55:56,035 - ERROR - sh603179 参数优化失败，使用默认参数回退
2025-08-20 02:55:56,049 - WARNING - 股票 sh603179 不存在于观察池中
2025-08-20 02:55:56,050 - INFO - 处理进度 [2008/11571]: sh603179
2025-08-20 02:55:56,050 - INFO - 数据库初始化完成
2025-08-20 02:56:09,782 - WARNING - 股票 sh600906 不存在于观察池中
2025-08-20 02:56:09,782 - INFO - 处理进度 [2009/11571]: sh600906
2025-08-20 02:56:09,783 - INFO - 数据库初始化完成
2025-08-20 02:56:20,346 - WARNING - 差分进化优化失败，使用默认参数
2025-08-20 02:56:20,346 - ERROR - sh688217 参数优化失败，使用默认参数回退
2025-08-20 02:56:20,359 - WARNING - 股票 sh688217 不存在于观察池中
2025-08-20 02:56:20,360 - INFO - 处理进度 [2010/11571]: sh688217
2025-08-20 02:56:20,360 - INFO - 数据库初始化完成
2025-08-20 02:56:25,207 - WARNING - 股票 sh881238 不存在于观察池中
2025-08-20 02:56:25,208 - INFO - 数据库初始化完成
2025-08-20 02:56:25,208 - INFO - 处理进度 [2011/11571]: sh881238
2025-08-20 02:56:25,217 - WARNING - sh511070 数据不足 (少于250天)，无法生成画像
2025-08-20 02:56:25,218 - INFO - 数据库初始化完成
2025-08-20 02:56:25,218 - INFO - 处理进度 [2012/11571]: sh511070
2025-08-20 02:56:31,056 - WARNING - 股票 sh880213 不存在于观察池中
2025-08-20 02:56:31,057 - INFO - 处理进度 [2013/11571]: sh880213
2025-08-20 02:56:31,057 - INFO - 数据库初始化完成
2025-08-20 02:56:31,068 - WARNING - sh510720 数据不足 (少于250天)，无法生成画像
2025-08-20 02:56:31,068 - INFO - 处理进度 [2014/11571]: sh510720
2025-08-20 02:56:31,068 - INFO - 数据库初始化完成
2025-08-20 02:56:54,635 - WARNING - 股票 sh603969 不存在于观察池中
2025-08-20 02:56:54,636 - INFO - 数据库初始化完成
2025-08-20 02:56:54,636 - INFO - 处理进度 [2015/11571]: sh603969
2025-08-20 02:56:54,676 - WARNING - sh688523 数据不足 (少于250天)，无法生成画像
2025-08-20 02:56:54,676 - INFO - 处理进度 [2016/11571]: sh688523
2025-08-20 02:56:54,677 - INFO - 数据库初始化完成
2025-08-20 02:57:04,168 - WARNING - 股票 sh560580 不存在于观察池中
2025-08-20 02:57:04,194 - INFO - 处理进度 [2017/11571]: sh560580
2025-08-20 02:57:04,194 - INFO - 数据库初始化完成
2025-08-20 02:57:24,808 - WARNING - 差分进化优化失败，使用默认参数
2025-08-20 02:57:24,809 - ERROR - sh880906 参数优化失败，使用默认参数回退
2025-08-20 02:57:24,823 - WARNING - 股票 sh880906 不存在于观察池中
2025-08-20 02:57:24,824 - INFO - 数据库初始化完成
2025-08-20 02:57:24,825 - INFO - 处理进度 [2018/11571]: sh880906
2025-08-20 02:57:26,084 - WARNING - 股票 sh600589 不存在于观察池中
2025-08-20 02:57:26,085 - INFO - 处理进度 [2019/11571]: sh600589
2025-08-20 02:57:26,085 - INFO - 数据库初始化完成
2025-08-20 02:57:59,983 - WARNING - 股票 sh600797 不存在于观察池中
2025-08-20 02:57:59,984 - INFO - 数据库初始化完成
2025-08-20 02:57:59,984 - INFO - 处理进度 [2020/11571]: sh600797
2025-08-20 02:58:19,905 - WARNING - 股票 sh688105 不存在于观察池中
2025-08-20 02:58:19,906 - INFO - 处理进度 [2021/11571]: sh688105
2025-08-20 02:58:19,906 - INFO - 数据库初始化完成
2025-08-20 02:58:19,916 - WARNING - sh588770 数据不足 (少于250天)，无法生成画像
2025-08-20 02:58:19,917 - INFO - 处理进度 [2022/11571]: sh588770
2025-08-20 02:58:19,917 - INFO - 数据库初始化完成
2025-08-20 02:58:58,367 - WARNING - 股票 sh881033 不存在于观察池中
2025-08-20 02:58:58,368 - INFO - 数据库初始化完成
2025-08-20 02:58:58,368 - INFO - 处理进度 [2023/11571]: sh881033
2025-08-20 02:59:33,703 - WARNING - 股票 sh600026 不存在于观察池中
2025-08-20 02:59:33,704 - INFO - 数据库初始化完成
2025-08-20 02:59:33,705 - INFO - 处理进度 [2024/11571]: sh600026
2025-08-20 02:59:37,781 - WARNING - 股票 sh880746 不存在于观察池中
2025-08-20 02:59:37,781 - INFO - 数据库初始化完成
2025-08-20 02:59:37,782 - INFO - 处理进度 [2025/11571]: sh880746
2025-08-20 02:59:41,486 - WARNING - 股票 sh688306 不存在于观察池中
2025-08-20 02:59:41,487 - INFO - 数据库初始化完成
2025-08-20 02:59:41,487 - INFO - 处理进度 [2026/11571]: sh688306
2025-08-20 03:00:07,203 - WARNING - 股票 sh562910 不存在于观察池中
2025-08-20 03:00:07,204 - INFO - 数据库初始化完成
2025-08-20 03:00:07,204 - INFO - 处理进度 [2027/11571]: sh562910
2025-08-20 03:00:12,884 - WARNING - 股票 sh605111 不存在于观察池中
2025-08-20 03:00:12,884 - INFO - 数据库初始化完成
2025-08-20 03:00:12,885 - INFO - 处理进度 [2028/11571]: sh605111
2025-08-20 03:00:27,864 - WARNING - 股票 sh688403 不存在于观察池中
2025-08-20 03:00:27,865 - INFO - 处理进度 [2029/11571]: sh688403
2025-08-20 03:00:27,865 - INFO - 数据库初始化完成
2025-08-20 03:01:12,585 - WARNING - 股票 sh900938 不存在于观察池中
2025-08-20 03:01:12,586 - INFO - 数据库初始化完成
2025-08-20 03:01:12,587 - INFO - 处理进度 [2030/11571]: sh900938
2025-08-20 03:01:14,105 - WARNING - 股票 sh605305 不存在于观察池中
2025-08-20 03:01:14,106 - INFO - 处理进度 [2031/11571]: sh605305
2025-08-20 03:01:14,106 - INFO - 数据库初始化完成
2025-08-20 03:01:33,175 - WARNING - 股票 sh880671 不存在于观察池中
2025-08-20 03:01:33,176 - INFO - 处理进度 [2032/11571]: sh880671
2025-08-20 03:01:33,176 - INFO - 数据库初始化完成
2025-08-20 03:01:34,224 - WARNING - 股票 sh603879 不存在于观察池中
2025-08-20 03:01:34,225 - INFO - 数据库初始化完成
2025-08-20 03:01:34,226 - INFO - 处理进度 [2033/11571]: sh603879
2025-08-20 03:02:07,165 - WARNING - 股票 sh881227 不存在于观察池中
2025-08-20 03:02:07,166 - INFO - 数据库初始化完成
2025-08-20 03:02:07,167 - INFO - 处理进度 [2034/11571]: sh881227
2025-08-20 03:02:07,177 - WARNING - sh688583 数据不足 (少于250天)，无法生成画像
2025-08-20 03:02:07,178 - INFO - 数据库初始化完成
2025-08-20 03:02:07,178 - INFO - 处理进度 [2035/11571]: sh688583
2025-08-20 03:02:13,442 - WARNING - 股票 sh600258 不存在于观察池中
2025-08-20 03:02:13,443 - INFO - 处理进度 [2036/11571]: sh600258
2025-08-20 03:02:13,443 - INFO - 数据库初始化完成
2025-08-20 03:02:33,392 - WARNING - 股票 sh600884 不存在于观察池中
2025-08-20 03:02:33,393 - INFO - 处理进度 [2037/11571]: sh600884
2025-08-20 03:02:33,393 - INFO - 数据库初始化完成
2025-08-20 03:03:06,797 - WARNING - 差分进化优化失败，使用默认参数
2025-08-20 03:03:06,798 - ERROR - sh516800 参数优化失败，使用默认参数回退
2025-08-20 03:03:06,812 - WARNING - 股票 sh516800 不存在于观察池中
2025-08-20 03:03:06,812 - INFO - 数据库初始化完成
2025-08-20 03:03:06,813 - INFO - 处理进度 [2038/11571]: sh516800
2025-08-20 03:03:14,803 - WARNING - 股票 sh600359 不存在于观察池中
2025-08-20 03:03:14,804 - INFO - 处理进度 [2039/11571]: sh600359
2025-08-20 03:03:14,804 - INFO - 数据库初始化完成
2025-08-20 03:03:23,586 - WARNING - 股票 sh601233 不存在于观察池中
2025-08-20 03:03:23,587 - INFO - 数据库初始化完成
2025-08-20 03:03:23,590 - INFO - 处理进度 [2040/11571]: sh601233
2025-08-20 03:03:24,515 - WARNING - 股票 sh600266 不存在于观察池中
2025-08-20 03:03:24,515 - INFO - 处理进度 [2041/11571]: sh600266
2025-08-20 03:03:24,516 - INFO - 数据库初始化完成
2025-08-20 03:03:27,181 - WARNING - 股票 sh880328 不存在于观察池中
2025-08-20 03:03:27,182 - INFO - 数据库初始化完成
2025-08-20 03:03:27,182 - INFO - 处理进度 [2042/11571]: sh880328
2025-08-20 03:03:33,486 - WARNING - 股票 sh880713 不存在于观察池中
2025-08-20 03:03:33,487 - INFO - 处理进度 [2043/11571]: sh880713
2025-08-20 03:03:33,488 - INFO - 数据库初始化完成
2025-08-20 03:03:56,317 - WARNING - 股票 sh600737 不存在于观察池中
2025-08-20 03:03:56,318 - INFO - 处理进度 [2044/11571]: sh600737
2025-08-20 03:03:56,319 - INFO - 数据库初始化完成
2025-08-20 03:04:03,769 - WARNING - 股票 sh603811 不存在于观察池中
2025-08-20 03:04:03,770 - INFO - 数据库初始化完成
2025-08-20 03:04:03,770 - INFO - 处理进度 [2045/11571]: sh603811
2025-08-20 03:04:08,128 - WARNING - 股票 sh880502 不存在于观察池中
2025-08-20 03:04:08,129 - INFO - 处理进度 [2046/11571]: sh880502
2025-08-20 03:04:08,129 - INFO - 数据库初始化完成
2025-08-20 03:04:08,143 - WARNING - sh588890 数据不足 (少于250天)，无法生成画像
2025-08-20 03:04:08,144 - INFO - 数据库初始化完成
2025-08-20 03:04:08,146 - INFO - 处理进度 [2047/11571]: sh588890
2025-08-20 03:04:29,007 - WARNING - 股票 sh512990 不存在于观察池中
2025-08-20 03:04:29,007 - INFO - 处理进度 [2048/11571]: sh512990
2025-08-20 03:04:29,007 - INFO - 数据库初始化完成
2025-08-20 03:05:23,827 - WARNING - 股票 sh688223 不存在于观察池中
2025-08-20 03:05:23,828 - INFO - 处理进度 [2049/11571]: sh688223
2025-08-20 03:05:23,829 - INFO - 数据库初始化完成
2025-08-20 03:05:31,736 - WARNING - 股票 sh880949 不存在于观察池中
2025-08-20 03:05:31,737 - INFO - 数据库初始化完成
2025-08-20 03:05:31,737 - INFO - 处理进度 [2050/11571]: sh880949
2025-08-20 03:05:36,608 - WARNING - 差分进化优化失败，使用默认参数
2025-08-20 03:05:36,608 - ERROR - sh688090 参数优化失败，使用默认参数回退
2025-08-20 03:05:36,622 - WARNING - 股票 sh688090 不存在于观察池中
2025-08-20 03:05:36,623 - INFO - 数据库初始化完成
2025-08-20 03:05:36,623 - INFO - 处理进度 [2051/11571]: sh688090
2025-08-20 03:05:40,385 - WARNING - 股票 sh881393 不存在于观察池中
2025-08-20 03:05:40,386 - INFO - 数据库初始化完成
2025-08-20 03:05:40,386 - INFO - 处理进度 [2052/11571]: sh881393
2025-08-20 03:05:53,283 - WARNING - 差分进化优化失败，使用默认参数
2025-08-20 03:05:53,283 - ERROR - sh880586 参数优化失败，使用默认参数回退
2025-08-20 03:05:53,298 - WARNING - 股票 sh880586 不存在于观察池中
2025-08-20 03:05:53,298 - INFO - 处理进度 [2053/11571]: sh880586
2025-08-20 03:05:53,299 - INFO - 数据库初始化完成
2025-08-20 03:05:55,779 - WARNING - 股票 sh688297 不存在于观察池中
2025-08-20 03:05:55,780 - INFO - 处理进度 [2054/11571]: sh688297
2025-08-20 03:05:55,780 - INFO - 数据库初始化完成
2025-08-20 03:05:55,798 - WARNING - sh688651 数据不足 (少于250天)，无法生成画像
2025-08-20 03:05:55,799 - INFO - 数据库初始化完成
2025-08-20 03:05:55,801 - INFO - 处理进度 [2055/11571]: sh688651
2025-08-20 03:06:11,525 - WARNING - 差分进化优化失败，使用默认参数
2025-08-20 03:06:11,525 - ERROR - sh501083 参数优化失败，使用默认参数回退
2025-08-20 03:06:11,539 - WARNING - 股票 sh501083 不存在于观察池中
2025-08-20 03:06:11,540 - INFO - 数据库初始化完成
2025-08-20 03:06:11,540 - INFO - 处理进度 [2056/11571]: sh501083
2025-08-20 03:06:16,192 - WARNING - 股票 sh880367 不存在于观察池中
2025-08-20 03:06:16,193 - INFO - 处理进度 [2057/11571]: sh880367
2025-08-20 03:06:16,193 - INFO - 数据库初始化完成
2025-08-20 03:06:31,822 - WARNING - 股票 sh601567 不存在于观察池中
2025-08-20 03:06:31,823 - INFO - 处理进度 [2058/11571]: sh601567
2025-08-20 03:06:31,823 - INFO - 数据库初始化完成
2025-08-20 03:06:35,811 - WARNING - 股票 sh600521 不存在于观察池中
2025-08-20 03:06:35,812 - INFO - 处理进度 [2059/11571]: sh600521
2025-08-20 03:06:35,812 - INFO - 数据库初始化完成
2025-08-20 03:06:35,821 - WARNING - sh508048 数据不足 (少于250天)，无法生成画像
2025-08-20 03:06:35,822 - INFO - 处理进度 [2060/11571]: sh508048
2025-08-20 03:06:35,822 - INFO - 数据库初始化完成
2025-08-20 03:07:04,783 - WARNING - 差分进化优化失败，使用默认参数
2025-08-20 03:07:04,783 - ERROR - sh881016 参数优化失败，使用默认参数回退
2025-08-20 03:07:04,797 - WARNING - 股票 sh881016 不存在于观察池中
2025-08-20 03:07:04,798 - INFO - 数据库初始化完成
2025-08-20 03:07:04,801 - INFO - 处理进度 [2061/11571]: sh881016
2025-08-20 03:07:19,253 - WARNING - 股票 sh688202 不存在于观察池中
2025-08-20 03:07:19,253 - INFO - 处理进度 [2062/11571]: sh688202
2025-08-20 03:07:19,253 - INFO - 数据库初始化完成
2025-08-20 03:07:51,369 - WARNING - 股票 sh600666 不存在于观察池中
2025-08-20 03:07:51,370 - INFO - 处理进度 [2063/11571]: sh600666
2025-08-20 03:07:51,370 - INFO - 数据库初始化完成
2025-08-20 03:07:51,372 - WARNING - sh588710 数据不足 (少于250天)，无法生成画像
2025-08-20 03:07:51,372 - INFO - 处理进度 [2064/11571]: sh588710
2025-08-20 03:07:51,372 - INFO - 数据库初始化完成
2025-08-20 03:08:35,342 - WARNING - 股票 sh601128 不存在于观察池中
2025-08-20 03:08:35,343 - INFO - 处理进度 [2065/11571]: sh601128
2025-08-20 03:08:35,344 - INFO - 数据库初始化完成
2025-08-20 03:09:04,877 - WARNING - 股票 sh600137 不存在于观察池中
2025-08-20 03:09:04,878 - INFO - 处理进度 [2066/11571]: sh600137
2025-08-20 03:09:04,878 - INFO - 数据库初始化完成
2025-08-20 03:09:04,889 - WARNING - sh563150 数据不足 (少于250天)，无法生成画像
2025-08-20 03:09:04,889 - INFO - 处理进度 [2067/11571]: sh563150
2025-08-20 03:09:04,890 - INFO - 数据库初始化完成
2025-08-20 03:09:20,794 - WARNING - 股票 sh603286 不存在于观察池中
2025-08-20 03:09:20,794 - INFO - 处理进度 [2068/11571]: sh603286
2025-08-20 03:09:20,795 - INFO - 数据库初始化完成
2025-08-20 03:09:22,909 - WARNING - 股票 sh603818 不存在于观察池中
2025-08-20 03:09:22,910 - INFO - 处理进度 [2069/11571]: sh603818
2025-08-20 03:09:22,911 - INFO - 数据库初始化完成
2025-08-20 03:09:29,648 - WARNING - 股票 sh111012 不存在于观察池中
2025-08-20 03:09:29,649 - INFO - 数据库初始化完成
2025-08-20 03:09:29,649 - INFO - 处理进度 [2070/11571]: sh111012
2025-08-20 03:09:53,115 - WARNING - 股票 sh900937 不存在于观察池中
2025-08-20 03:09:53,116 - INFO - 处理进度 [2071/11571]: sh900937
2025-08-20 03:09:53,116 - INFO - 数据库初始化完成
2025-08-20 03:10:12,402 - WARNING - 股票 sh603115 不存在于观察池中
2025-08-20 03:10:12,403 - INFO - 处理进度 [2072/11571]: sh603115
2025-08-20 03:10:12,403 - INFO - 数据库初始化完成
2025-08-20 03:10:30,023 - WARNING - 股票 sh601021 不存在于观察池中
2025-08-20 03:10:30,023 - INFO - 数据库初始化完成
2025-08-20 03:10:30,024 - INFO - 处理进度 [2073/11571]: sh601021
2025-08-20 03:10:42,511 - WARNING - 差分进化优化失败，使用默认参数
2025-08-20 03:10:42,512 - ERROR - sh603848 参数优化失败，使用默认参数回退
2025-08-20 03:10:42,525 - WARNING - 股票 sh603848 不存在于观察池中
2025-08-20 03:10:42,526 - INFO - 数据库初始化完成
2025-08-20 03:10:42,526 - INFO - 处理进度 [2074/11571]: sh603848
2025-08-20 03:10:55,604 - WARNING - 股票 sh600309 不存在于观察池中
2025-08-20 03:10:55,605 - INFO - 处理进度 [2075/11571]: sh600309
2025-08-20 03:10:55,605 - INFO - 数据库初始化完成
2025-08-20 03:11:15,274 - WARNING - 股票 sh517160 不存在于观察池中
2025-08-20 03:11:15,274 - INFO - 数据库初始化完成
2025-08-20 03:11:15,275 - INFO - 处理进度 [2076/11571]: sh517160
2025-08-20 03:11:19,033 - WARNING - 股票 sh603127 不存在于观察池中
2025-08-20 03:11:19,033 - INFO - 处理进度 [2077/11571]: sh603127
2025-08-20 03:11:19,034 - INFO - 数据库初始化完成
2025-08-20 03:11:40,515 - WARNING - 股票 sh603707 不存在于观察池中
2025-08-20 03:11:40,516 - INFO - 数据库初始化完成
2025-08-20 03:11:40,516 - INFO - 处理进度 [2078/11571]: sh603707
2025-08-20 03:11:50,057 - WARNING - 股票 sh603290 不存在于观察池中
2025-08-20 03:11:50,058 - INFO - 数据库初始化完成
2025-08-20 03:11:50,058 - INFO - 处理进度 [2079/11571]: sh603290
2025-08-20 03:11:53,684 - WARNING - 股票 sh880321 不存在于观察池中
2025-08-20 03:11:53,685 - INFO - 数据库初始化完成
2025-08-20 03:11:53,685 - INFO - 处理进度 [2080/11571]: sh880321
2025-08-20 03:11:55,093 - WARNING - 股票 sh600981 不存在于观察池中
2025-08-20 03:11:55,093 - INFO - 处理进度 [2081/11571]: sh600981
2025-08-20 03:11:55,093 - INFO - 数据库初始化完成
2025-08-20 03:12:07,231 - WARNING - 股票 sh600966 不存在于观察池中
2025-08-20 03:12:07,232 - INFO - 数据库初始化完成
2025-08-20 03:12:07,233 - INFO - 处理进度 [2082/11571]: sh600966
2025-08-20 03:12:07,234 - WARNING - sh508080 数据不足 (少于250天)，无法生成画像
2025-08-20 03:12:07,234 - INFO - 处理进度 [2083/11571]: sh508080
2025-08-20 03:12:07,234 - INFO - 数据库初始化完成
2025-08-20 03:12:29,671 - WARNING - 股票 sh600378 不存在于观察池中
2025-08-20 03:12:29,672 - INFO - 处理进度 [2084/11571]: sh600378
2025-08-20 03:12:29,672 - INFO - 数据库初始化完成
2025-08-20 03:12:29,689 - WARNING - sh880071 数据不足 (少于250天)，无法生成画像
2025-08-20 03:12:29,690 - INFO - 数据库初始化完成
2025-08-20 03:12:29,691 - INFO - 处理进度 [2085/11571]: sh880071
2025-08-20 03:12:46,765 - WARNING - 股票 sh605138 不存在于观察池中
2025-08-20 03:12:46,766 - INFO - 处理进度 [2086/11571]: sh605138
2025-08-20 03:12:46,766 - INFO - 数据库初始化完成
2025-08-20 03:13:43,692 - WARNING - 股票 sh501082 不存在于观察池中
2025-08-20 03:13:43,693 - INFO - 数据库初始化完成
2025-08-20 03:13:43,694 - INFO - 处理进度 [2087/11571]: sh501082
2025-08-20 03:14:02,090 - WARNING - 股票 sh881135 不存在于观察池中
2025-08-20 03:14:02,091 - INFO - 数据库初始化完成
2025-08-20 03:14:02,091 - INFO - 处理进度 [2088/11571]: sh881135
2025-08-20 03:14:15,081 - WARNING - 差分进化优化失败，使用默认参数
2025-08-20 03:14:15,082 - ERROR - sh601108 参数优化失败，使用默认参数回退
2025-08-20 03:14:15,095 - WARNING - 股票 sh601108 不存在于观察池中
2025-08-20 03:14:15,096 - INFO - 数据库初始化完成
2025-08-20 03:14:15,096 - INFO - 处理进度 [2089/11571]: sh601108
2025-08-20 03:14:22,055 - WARNING - 股票 sh688779 不存在于观察池中
2025-08-20 03:14:22,056 - INFO - 处理进度 [2090/11571]: sh688779
2025-08-20 03:14:22,056 - INFO - 数据库初始化完成
2025-08-20 03:14:23,446 - WARNING - 股票 sh516530 不存在于观察池中
2025-08-20 03:14:23,447 - INFO - 数据库初始化完成
2025-08-20 03:14:23,448 - INFO - 处理进度 [2091/11571]: sh516530
2025-08-20 03:14:43,839 - WARNING - 差分进化优化失败，使用默认参数
2025-08-20 03:14:43,840 - ERROR - sh600604 参数优化失败，使用默认参数回退
2025-08-20 03:14:43,853 - WARNING - 股票 sh600604 不存在于观察池中
2025-08-20 03:14:43,854 - INFO - 数据库初始化完成
2025-08-20 03:14:43,854 - INFO - 处理进度 [2092/11571]: sh600604
2025-08-20 03:14:45,663 - WARNING - 差分进化优化失败，使用默认参数
2025-08-20 03:14:45,663 - ERROR - sh601702 参数优化失败，使用默认参数回退
2025-08-20 03:14:45,677 - WARNING - 股票 sh601702 不存在于观察池中
2025-08-20 03:14:45,677 - INFO - 处理进度 [2093/11571]: sh601702
2025-08-20 03:14:45,678 - INFO - 数据库初始化完成
2025-08-20 03:14:50,997 - WARNING - 股票 sh601136 不存在于观察池中
2025-08-20 03:14:50,998 - INFO - 数据库初始化完成
2025-08-20 03:14:50,998 - INFO - 处理进度 [2094/11571]: sh601136
2025-08-20 03:15:19,235 - WARNING - 股票 sh600855 不存在于观察池中
2025-08-20 03:15:19,236 - INFO - 数据库初始化完成
2025-08-20 03:15:19,236 - INFO - 处理进度 [2095/11571]: sh600855
2025-08-20 03:16:12,894 - WARNING - 股票 sh881103 不存在于观察池中
2025-08-20 03:16:12,894 - INFO - 处理进度 [2096/11571]: sh881103
2025-08-20 03:16:12,895 - INFO - 数据库初始化完成
2025-08-20 03:16:14,425 - WARNING - 股票 sh881310 不存在于观察池中
2025-08-20 03:16:14,426 - INFO - 处理进度 [2097/11571]: sh881310
2025-08-20 03:16:14,426 - INFO - 数据库初始化完成
2025-08-20 03:16:20,292 - WARNING - 差分进化优化失败，使用默认参数
2025-08-20 03:16:20,293 - ERROR - sh600136 参数优化失败，使用默认参数回退
2025-08-20 03:16:20,306 - WARNING - 股票 sh600136 不存在于观察池中
2025-08-20 03:16:20,307 - INFO - 数据库初始化完成
2025-08-20 03:16:20,307 - INFO - 处理进度 [2098/11571]: sh600136
2025-08-20 03:16:38,702 - WARNING - 差分进化优化失败，使用默认参数
2025-08-20 03:16:38,703 - ERROR - sh688606 参数优化失败，使用默认参数回退
2025-08-20 03:16:38,716 - WARNING - 股票 sh688606 不存在于观察池中
2025-08-20 03:16:38,717 - INFO - 处理进度 [2099/11571]: sh688606
2025-08-20 03:16:38,717 - INFO - 数据库初始化完成
2025-08-20 03:16:44,487 - WARNING - 股票 sh880715 不存在于观察池中
2025-08-20 03:16:44,488 - INFO - 数据库初始化完成
2025-08-20 03:16:44,495 - INFO - 处理进度 [2100/11571]: sh880715
2025-08-20 03:16:44,501 - WARNING - sh880551 数据不足 (少于250天)，无法生成画像
2025-08-20 03:16:44,502 - INFO - 处理进度 [2101/11571]: sh880551
2025-08-20 03:16:44,502 - INFO - 数据库初始化完成
2025-08-20 03:16:55,349 - WARNING - 股票 sh600644 不存在于观察池中
2025-08-20 03:16:55,350 - INFO - 处理进度 [2102/11571]: sh600644
2025-08-20 03:16:55,350 - INFO - 数据库初始化完成
2025-08-20 03:16:58,780 - WARNING - 股票 sh880005 不存在于观察池中
2025-08-20 03:16:58,781 - INFO - 处理进度 [2103/11571]: sh880005
2025-08-20 03:16:58,782 - INFO - 数据库初始化完成
2025-08-20 03:16:59,452 - WARNING - 股票 sh510130 不存在于观察池中
2025-08-20 03:16:59,452 - INFO - 处理进度 [2104/11571]: sh510130
2025-08-20 03:16:59,453 - INFO - 数据库初始化完成
2025-08-20 03:17:11,662 - WARNING - 股票 sh600203 不存在于观察池中
2025-08-20 03:17:11,663 - INFO - 处理进度 [2105/11571]: sh600203
2025-08-20 03:17:11,663 - INFO - 数据库初始化完成
2025-08-20 03:17:20,903 - WARNING - 股票 sh600901 不存在于观察池中
2025-08-20 03:17:20,904 - INFO - 数据库初始化完成
2025-08-20 03:17:20,904 - INFO - 处理进度 [2106/11571]: sh600901
2025-08-20 03:17:35,680 - WARNING - 股票 sh688788 不存在于观察池中
2025-08-20 03:17:35,681 - INFO - 数据库初始化完成
2025-08-20 03:17:35,681 - INFO - 处理进度 [2107/11571]: sh688788
2025-08-20 03:17:37,300 - WARNING - 股票 sh880407 不存在于观察池中
2025-08-20 03:17:37,301 - INFO - 处理进度 [2108/11571]: sh880407
2025-08-20 03:17:37,301 - INFO - 数据库初始化完成
2025-08-20 03:17:58,681 - WARNING - 股票 sh600510 不存在于观察池中
2025-08-20 03:17:58,682 - INFO - 数据库初始化完成
2025-08-20 03:17:58,683 - INFO - 处理进度 [2109/11571]: sh600510
2025-08-20 03:18:33,406 - WARNING - 股票 sh880624 不存在于观察池中
2025-08-20 03:18:33,407 - INFO - 数据库初始化完成
2025-08-20 03:18:33,407 - INFO - 处理进度 [2110/11571]: sh880624
2025-08-20 03:18:33,409 - WARNING - sh563830 数据不足 (少于250天)，无法生成画像
2025-08-20 03:18:33,409 - INFO - 处理进度 [2111/11571]: sh563830
2025-08-20 03:18:33,409 - INFO - 数据库初始化完成
2025-08-20 03:18:40,005 - WARNING - 股票 sh688110 不存在于观察池中
2025-08-20 03:18:40,006 - INFO - 数据库初始化完成
2025-08-20 03:18:40,007 - INFO - 处理进度 [2112/11571]: sh688110
2025-08-20 03:18:54,888 - WARNING - 股票 sh603182 不存在于观察池中
2025-08-20 03:18:54,889 - INFO - 数据库初始化完成
2025-08-20 03:18:54,889 - INFO - 处理进度 [2113/11571]: sh603182
2025-08-20 03:18:54,899 - WARNING - sh508022 数据不足 (少于250天)，无法生成画像
2025-08-20 03:18:54,900 - INFO - 数据库初始化完成
2025-08-20 03:18:54,900 - INFO - 处理进度 [2114/11571]: sh508022
2025-08-20 03:19:22,445 - WARNING - 股票 sh516200 不存在于观察池中
2025-08-20 03:19:22,446 - INFO - 数据库初始化完成
2025-08-20 03:19:22,446 - INFO - 处理进度 [2115/11571]: sh516200
2025-08-20 03:19:22,457 - WARNING - sh508015 数据不足 (少于250天)，无法生成画像
2025-08-20 03:19:22,457 - INFO - 处理进度 [2116/11571]: sh508015
2025-08-20 03:19:22,457 - INFO - 数据库初始化完成
2025-08-20 03:19:43,602 - WARNING - 差分进化优化失败，使用默认参数
2025-08-20 03:19:43,602 - ERROR - sh880418 参数优化失败，使用默认参数回退
2025-08-20 03:19:43,616 - WARNING - 股票 sh880418 不存在于观察池中
2025-08-20 03:19:43,617 - INFO - 数据库初始化完成
2025-08-20 03:19:43,621 - INFO - 处理进度 [2117/11571]: sh880418
2025-08-20 03:20:02,943 - WARNING - 股票 sh881360 不存在于观察池中
2025-08-20 03:20:02,944 - INFO - 数据库初始化完成
2025-08-20 03:20:02,944 - INFO - 处理进度 [2118/11571]: sh881360
2025-08-20 03:20:05,354 - WARNING - 股票 sh516210 不存在于观察池中
2025-08-20 03:20:05,354 - INFO - 处理进度 [2119/11571]: sh516210
2025-08-20 03:20:05,355 - INFO - 数据库初始化完成
2025-08-20 03:20:25,000 - WARNING - 股票 sh515220 不存在于观察池中
2025-08-20 03:20:25,001 - INFO - 数据库初始化完成
2025-08-20 03:20:25,001 - INFO - 处理进度 [2120/11571]: sh515220
2025-08-20 03:20:39,357 - WARNING - 股票 sh880542 不存在于观察池中
2025-08-20 03:20:39,358 - INFO - 处理进度 [2121/11571]: sh880542
2025-08-20 03:20:39,359 - INFO - 数据库初始化完成
2025-08-20 03:20:54,945 - WARNING - 股票 sh502006 不存在于观察池中
2025-08-20 03:20:54,946 - INFO - 数据库初始化完成
2025-08-20 03:20:54,946 - INFO - 处理进度 [2122/11571]: sh502006
2025-08-20 03:21:05,302 - WARNING - 股票 sh502048 不存在于观察池中
2025-08-20 03:21:05,302 - INFO - 数据库初始化完成
2025-08-20 03:21:05,303 - INFO - 处理进度 [2123/11571]: sh502048
2025-08-20 03:21:20,452 - WARNING - 股票 sh880613 不存在于观察池中
2025-08-20 03:21:20,453 - INFO - 数据库初始化完成
2025-08-20 03:21:20,454 - INFO - 处理进度 [2124/11571]: sh880613
2025-08-20 03:21:20,463 - WARNING - sh563520 数据不足 (少于250天)，无法生成画像
2025-08-20 03:21:20,463 - INFO - 数据库初始化完成
2025-08-20 03:21:20,464 - INFO - 处理进度 [2125/11571]: sh563520
2025-08-20 03:21:20,474 - WARNING - sh563080 数据不足 (少于250天)，无法生成画像
2025-08-20 03:21:20,474 - INFO - 处理进度 [2126/11571]: sh563080
2025-08-20 03:21:20,474 - INFO - 数据库初始化完成
2025-08-20 03:21:22,877 - WARNING - 股票 sh881254 不存在于观察池中
2025-08-20 03:21:22,878 - INFO - 数据库初始化完成
2025-08-20 03:21:22,877 - INFO - 处理进度 [2127/11571]: sh881254
2025-08-20 03:21:30,622 - WARNING - 股票 sh881400 不存在于观察池中
2025-08-20 03:21:30,622 - INFO - 处理进度 [2128/11571]: sh881400
2025-08-20 03:21:30,623 - INFO - 数据库初始化完成
2025-08-20 03:21:42,392 - WARNING - 股票 sh601918 不存在于观察池中
2025-08-20 03:21:42,393 - INFO - 数据库初始化完成
2025-08-20 03:21:42,393 - INFO - 处理进度 [2129/11571]: sh601918
2025-08-20 03:21:42,403 - WARNING - sh880718 数据不足 (少于250天)，无法生成画像
2025-08-20 03:21:42,403 - INFO - 处理进度 [2130/11571]: sh880718
2025-08-20 03:21:42,403 - INFO - 数据库初始化完成
2025-08-20 03:21:52,330 - WARNING - 股票 sh561910 不存在于观察池中
2025-08-20 03:21:52,331 - INFO - 处理进度 [2131/11571]: sh561910
2025-08-20 03:21:52,332 - INFO - 数据库初始化完成
2025-08-20 03:22:35,270 - WARNING - 股票 sh605398 不存在于观察池中
2025-08-20 03:22:35,271 - INFO - 数据库初始化完成
2025-08-20 03:22:35,271 - INFO - 处理进度 [2132/11571]: sh605398
2025-08-20 03:22:53,390 - WARNING - 股票 sh562510 不存在于观察池中
2025-08-20 03:22:53,391 - INFO - 处理进度 [2133/11571]: sh562510
2025-08-20 03:22:53,391 - INFO - 数据库初始化完成
2025-08-20 03:22:53,392 - WARNING - sh563580 数据不足 (少于250天)，无法生成画像
2025-08-20 03:22:53,393 - INFO - 处理进度 [2134/11571]: sh563580
2025-08-20 03:22:53,393 - INFO - 数据库初始化完成
2025-08-20 03:22:53,404 - WARNING - sh562560 数据不足 (少于250天)，无法生成画像
2025-08-20 03:22:53,405 - INFO - 数据库初始化完成
2025-08-20 03:22:53,405 - INFO - 处理进度 [2135/11571]: sh562560
2025-08-20 03:23:57,001 - WARNING - 股票 sh603209 不存在于观察池中
2025-08-20 03:23:57,002 - INFO - 数据库初始化完成
2025-08-20 03:23:57,002 - INFO - 处理进度 [2136/11571]: sh603209
2025-08-20 03:24:06,527 - WARNING - 股票 sh118016 不存在于观察池中
2025-08-20 03:24:06,527 - INFO - 处理进度 [2137/11571]: sh118016
2025-08-20 03:24:06,528 - INFO - 数据库初始化完成
2025-08-20 03:24:32,568 - WARNING - 股票 sh600688 不存在于观察池中
2025-08-20 03:24:32,569 - INFO - 数据库初始化完成
2025-08-20 03:24:32,569 - INFO - 处理进度 [2138/11571]: sh600688
2025-08-20 03:24:34,990 - WARNING - 差分进化优化失败，使用默认参数
2025-08-20 03:24:34,990 - ERROR - sh600166 参数优化失败，使用默认参数回退
2025-08-20 03:24:35,004 - WARNING - 股票 sh600166 不存在于观察池中
2025-08-20 03:24:35,005 - INFO - 数据库初始化完成
2025-08-20 03:24:35,008 - INFO - 处理进度 [2139/11571]: sh600166
2025-08-20 03:24:51,267 - WARNING - 股票 sh600745 不存在于观察池中
2025-08-20 03:24:51,268 - INFO - 处理进度 [2140/11571]: sh600745
2025-08-20 03:24:51,269 - INFO - 数据库初始化完成
2025-08-20 03:25:00,459 - WARNING - 差分进化优化失败，使用默认参数
2025-08-20 03:25:00,460 - ERROR - sh601099 参数优化失败，使用默认参数回退
2025-08-20 03:25:00,473 - WARNING - 股票 sh601099 不存在于观察池中
2025-08-20 03:25:00,474 - INFO - 数据库初始化完成
2025-08-20 03:25:00,474 - INFO - 处理进度 [2141/11571]: sh601099
2025-08-20 03:25:11,962 - WARNING - 股票 sh881242 不存在于观察池中
2025-08-20 03:25:11,962 - INFO - 处理进度 [2142/11571]: sh881242
2025-08-20 03:25:11,963 - INFO - 数据库初始化完成
2025-08-20 03:25:16,625 - WARNING - 股票 sh600538 不存在于观察池中
2025-08-20 03:25:16,626 - INFO - 数据库初始化完成
2025-08-20 03:25:16,626 - INFO - 处理进度 [2143/11571]: sh600538
2025-08-20 03:25:25,023 - WARNING - 差分进化优化失败，使用默认参数
2025-08-20 03:25:25,024 - ERROR - sh600778 参数优化失败，使用默认参数回退
2025-08-20 03:25:25,037 - WARNING - 股票 sh600778 不存在于观察池中
2025-08-20 03:25:25,038 - INFO - 数据库初始化完成
2025-08-20 03:25:25,038 - INFO - 处理进度 [2144/11571]: sh600778
2025-08-20 03:25:31,214 - WARNING - 股票 sh600415 不存在于观察池中
2025-08-20 03:25:31,214 - INFO - 处理进度 [2145/11571]: sh600415
2025-08-20 03:25:31,215 - INFO - 数据库初始化完成
2025-08-20 03:25:37,002 - WARNING - 股票 sh688512 不存在于观察池中
2025-08-20 03:25:37,003 - INFO - 数据库初始化完成
2025-08-20 03:25:37,003 - INFO - 处理进度 [2146/11571]: sh688512
2025-08-20 03:25:42,857 - WARNING - 股票 sh603105 不存在于观察池中
2025-08-20 03:25:42,858 - INFO - 处理进度 [2147/11571]: sh603105
2025-08-20 03:25:42,858 - INFO - 数据库初始化完成
2025-08-20 03:26:04,892 - WARNING - 股票 sh880767 不存在于观察池中
2025-08-20 03:26:04,893 - INFO - 数据库初始化完成
2025-08-20 03:26:04,893 - INFO - 处理进度 [2148/11571]: sh880767
2025-08-20 03:26:06,880 - WARNING - 股票 sh512570 不存在于观察池中
2025-08-20 03:26:06,881 - INFO - 数据库初始化完成
2025-08-20 03:26:06,881 - INFO - 处理进度 [2149/11571]: sh512570
2025-08-20 03:26:09,124 - WARNING - 股票 sh880569 不存在于观察池中
2025-08-20 03:26:09,125 - INFO - 处理进度 [2150/11571]: sh880569
2025-08-20 03:26:09,125 - INFO - 数据库初始化完成
2025-08-20 03:26:20,020 - WARNING - 股票 sh881160 不存在于观察池中
2025-08-20 03:26:20,021 - INFO - 数据库初始化完成
2025-08-20 03:26:20,022 - INFO - 处理进度 [2151/11571]: sh881160
2025-08-20 03:26:28,197 - WARNING - 股票 sh600458 不存在于观察池中
2025-08-20 03:26:28,197 - INFO - 处理进度 [2152/11571]: sh600458
2025-08-20 03:26:28,198 - INFO - 数据库初始化完成
2025-08-20 03:26:28,891 - WARNING - 股票 sh880954 不存在于观察池中
2025-08-20 03:26:28,892 - INFO - 数据库初始化完成
2025-08-20 03:26:28,892 - INFO - 处理进度 [2153/11571]: sh880954
2025-08-20 03:26:28,904 - WARNING - sh603395 数据不足 (少于250天)，无法生成画像
2025-08-20 03:26:28,904 - INFO - 处理进度 [2154/11571]: sh603395
2025-08-20 03:26:28,904 - INFO - 数据库初始化完成
2025-08-20 03:26:53,248 - WARNING - 股票 sh881009 不存在于观察池中
2025-08-20 03:26:53,249 - INFO - 数据库初始化完成
2025-08-20 03:26:53,251 - INFO - 处理进度 [2155/11571]: sh881009
2025-08-20 03:26:58,919 - WARNING - 股票 sh688225 不存在于观察池中
2025-08-20 03:26:58,920 - INFO - 数据库初始化完成
2025-08-20 03:26:58,921 - INFO - 处理进度 [2156/11571]: sh688225
2025-08-20 03:27:07,600 - WARNING - 股票 sh511060 不存在于观察池中
2025-08-20 03:27:07,601 - INFO - 处理进度 [2157/11571]: sh511060
2025-08-20 03:27:07,601 - INFO - 数据库初始化完成
2025-08-20 03:27:16,848 - WARNING - 股票 sh603980 不存在于观察池中
2025-08-20 03:27:16,849 - INFO - 数据库初始化完成
2025-08-20 03:27:16,849 - INFO - 处理进度 [2158/11571]: sh603980
2025-08-20 03:28:00,199 - WARNING - 股票 sh110081 不存在于观察池中
2025-08-20 03:28:00,199 - INFO - 处理进度 [2159/11571]: sh110081
2025-08-20 03:28:00,200 - INFO - 数据库初始化完成
2025-08-20 03:29:37,115 - WARNING - 股票 sh688566 不存在于观察池中
2025-08-20 03:29:37,117 - INFO - 数据库初始化完成
2025-08-20 03:29:37,119 - INFO - 处理进度 [2160/11571]: sh688566
2025-08-20 03:29:46,173 - WARNING - 股票 sh601890 不存在于观察池中
2025-08-20 03:29:46,174 - INFO - 数据库初始化完成
2025-08-20 03:29:46,174 - INFO - 处理进度 [2161/11571]: sh601890
2025-08-20 03:30:07,348 - WARNING - 差分进化优化失败，使用默认参数
2025-08-20 03:30:07,349 - ERROR - sh605266 参数优化失败，使用默认参数回退
2025-08-20 03:30:07,357 - WARNING - 股票 sh605266 不存在于观察池中
2025-08-20 03:30:07,358 - INFO - 数据库初始化完成
2025-08-20 03:30:07,358 - INFO - 处理进度 [2162/11571]: sh605266
2025-08-20 03:30:12,147 - WARNING - 股票 sh512280 不存在于观察池中
2025-08-20 03:30:12,148 - INFO - 处理进度 [2163/11571]: sh512280
2025-08-20 03:30:12,148 - INFO - 数据库初始化完成
2025-08-20 03:30:24,333 - WARNING - 股票 sh603610 不存在于观察池中
2025-08-20 03:30:24,334 - INFO - 数据库初始化完成
2025-08-20 03:30:24,334 - INFO - 处理进度 [2164/11571]: sh603610
2025-08-20 03:30:27,643 - WARNING - 股票 sh881056 不存在于观察池中
2025-08-20 03:30:27,644 - INFO - 数据库初始化完成
2025-08-20 03:30:27,645 - INFO - 处理进度 [2165/11571]: sh881056
2025-08-20 03:30:41,104 - WARNING - 股票 sh688119 不存在于观察池中
2025-08-20 03:30:41,112 - INFO - 数据库初始化完成
2025-08-20 03:30:41,113 - INFO - 处理进度 [2166/11571]: sh688119
2025-08-20 03:30:55,418 - WARNING - 股票 sh688019 不存在于观察池中
2025-08-20 03:30:55,419 - INFO - 数据库初始化完成
2025-08-20 03:30:55,419 - INFO - 处理进度 [2167/11571]: sh688019
2025-08-20 03:30:55,430 - WARNING - sh588070 数据不足 (少于250天)，无法生成画像
2025-08-20 03:30:55,430 - INFO - 处理进度 [2168/11571]: sh588070
2025-08-20 03:30:55,431 - INFO - 数据库初始化完成
2025-08-20 03:31:34,775 - WARNING - 差分进化优化失败，使用默认参数
2025-08-20 03:31:34,775 - ERROR - sh688507 参数优化失败，使用默认参数回退
2025-08-20 03:31:34,789 - WARNING - 股票 sh688507 不存在于观察池中
2025-08-20 03:31:34,789 - INFO - 处理进度 [2169/11571]: sh688507
2025-08-20 03:31:34,790 - INFO - 数据库初始化完成
2025-08-20 03:31:41,388 - WARNING - 股票 sh512910 不存在于观察池中
2025-08-20 03:31:41,389 - INFO - 数据库初始化完成
2025-08-20 03:31:41,389 - INFO - 处理进度 [2170/11571]: sh512910
2025-08-20 03:31:52,601 - WARNING - 股票 sh688728 不存在于观察池中
2025-08-20 03:31:52,602 - INFO - 处理进度 [2171/11571]: sh688728
2025-08-20 03:31:52,602 - INFO - 数据库初始化完成
2025-08-20 03:32:02,179 - WARNING - 差分进化优化失败，使用默认参数
2025-08-20 03:32:02,180 - ERROR - sh603045 参数优化失败，使用默认参数回退
2025-08-20 03:32:02,194 - WARNING - 股票 sh603045 不存在于观察池中
2025-08-20 03:32:02,195 - INFO - 数据库初始化完成
2025-08-20 03:32:02,195 - INFO - 处理进度 [2172/11571]: sh603045
2025-08-20 03:32:02,207 - WARNING - sh588810 数据不足 (少于250天)，无法生成画像
2025-08-20 03:32:02,208 - INFO - 处理进度 [2173/11571]: sh588810
2025-08-20 03:32:02,208 - INFO - 数据库初始化完成
2025-08-20 03:32:23,983 - WARNING - 差分进化优化失败，使用默认参数
2025-08-20 03:32:23,984 - ERROR - sh603577 参数优化失败，使用默认参数回退
2025-08-20 03:32:23,998 - WARNING - 股票 sh603577 不存在于观察池中
2025-08-20 03:32:23,998 - INFO - 数据库初始化完成
2025-08-20 03:32:23,999 - INFO - 处理进度 [2174/11571]: sh603577
2025-08-20 03:32:53,468 - WARNING - 股票 sh513580 不存在于观察池中
2025-08-20 03:32:53,468 - INFO - 处理进度 [2175/11571]: sh513580
2025-08-20 03:32:53,469 - INFO - 数据库初始化完成
2025-08-20 03:32:56,991 - WARNING - 股票 sh880923 不存在于观察池中
2025-08-20 03:32:56,993 - INFO - 数据库初始化完成
2025-08-20 03:32:56,993 - INFO - 处理进度 [2176/11571]: sh880923
2025-08-20 03:32:59,128 - WARNING - 股票 sh600873 不存在于观察池中
2025-08-20 03:32:59,129 - INFO - 处理进度 [2177/11571]: sh600873
2025-08-20 03:32:59,129 - INFO - 数据库初始化完成
2025-08-20 03:33:01,383 - WARNING - 股票 sh603006 不存在于观察池中
2025-08-20 03:33:01,384 - INFO - 数据库初始化完成
2025-08-20 03:33:01,384 - INFO - 处理进度 [2178/11571]: sh603006
2025-08-20 03:33:14,419 - WARNING - 股票 sh510570 不存在于观察池中
2025-08-20 03:33:14,420 - INFO - 处理进度 [2179/11571]: sh510570
2025-08-20 03:33:14,420 - INFO - 数据库初始化完成
2025-08-20 03:33:22,030 - WARNING - 股票 sh113668 不存在于观察池中
2025-08-20 03:33:22,031 - INFO - 数据库初始化完成
2025-08-20 03:33:22,033 - WARNING - sh880914 数据不足 (少于250天)，无法生成画像
2025-08-20 03:33:22,034 - INFO - 数据库初始化完成
2025-08-20 03:33:22,031 - INFO - 处理进度 [2180/11571]: sh113668
2025-08-20 03:33:22,034 - INFO - 处理进度 [2181/11571]: sh880914
2025-08-20 03:33:22,351 - WARNING - 股票 sh603338 不存在于观察池中
2025-08-20 03:33:22,351 - INFO - 处理进度 [2182/11571]: sh603338
2025-08-20 03:33:22,352 - INFO - 数据库初始化完成
2025-08-20 03:33:30,020 - WARNING - 股票 sh603280 不存在于观察池中
2025-08-20 03:33:30,020 - INFO - 数据库初始化完成
2025-08-20 03:33:30,021 - INFO - 处理进度 [2183/11571]: sh603280
2025-08-20 03:33:31,830 - WARNING - 股票 sh600425 不存在于观察池中
2025-08-20 03:33:31,830 - INFO - 数据库初始化完成
2025-08-20 03:33:31,833 - INFO - 处理进度 [2184/11571]: sh600425
2025-08-20 03:33:50,760 - WARNING - 股票 sh600163 不存在于观察池中
2025-08-20 03:33:50,760 - INFO - 处理进度 [2185/11571]: sh600163
2025-08-20 03:33:50,761 - INFO - 数据库初始化完成
2025-08-20 03:33:50,771 - WARNING - sh563800 数据不足 (少于250天)，无法生成画像
2025-08-20 03:33:50,771 - INFO - 处理进度 [2186/11571]: sh563800
2025-08-20 03:33:50,772 - INFO - 数据库初始化完成
2025-08-20 03:34:04,562 - WARNING - 股票 sh603439 不存在于观察池中
2025-08-20 03:34:04,563 - INFO - 数据库初始化完成
2025-08-20 03:34:04,565 - INFO - 处理进度 [2187/11571]: sh603439
2025-08-20 03:34:34,129 - WARNING - 股票 sh601598 不存在于观察池中
2025-08-20 03:34:34,131 - INFO - 数据库初始化完成
2025-08-20 03:34:34,131 - INFO - 处理进度 [2188/11571]: sh601598
2025-08-20 03:35:32,087 - WARNING - 股票 sh601319 不存在于观察池中
2025-08-20 03:35:32,088 - INFO - 数据库初始化完成
2025-08-20 03:35:32,088 - INFO - 处理进度 [2189/11571]: sh601319
2025-08-20 03:35:44,968 - WARNING - 股票 sh600793 不存在于观察池中
2025-08-20 03:35:44,969 - INFO - 数据库初始化完成
2025-08-20 03:35:44,969 - INFO - 处理进度 [2190/11571]: sh600793
2025-08-20 03:35:49,221 - WARNING - 股票 sh600330 不存在于观察池中
2025-08-20 03:35:49,221 - INFO - 处理进度 [2191/11571]: sh600330
2025-08-20 03:35:49,222 - INFO - 数据库初始化完成
2025-08-20 03:35:58,510 - WARNING - 股票 sh881407 不存在于观察池中
2025-08-20 03:35:58,511 - INFO - 数据库初始化完成
2025-08-20 03:35:58,511 - INFO - 处理进度 [2192/11571]: sh881407
2025-08-20 03:36:02,565 - WARNING - 差分进化优化失败，使用默认参数
2025-08-20 03:36:02,566 - ERROR - sh603068 参数优化失败，使用默认参数回退
2025-08-20 03:36:02,576 - WARNING - 股票 sh603068 不存在于观察池中
2025-08-20 03:36:02,576 - INFO - 数据库初始化完成
2025-08-20 03:36:02,577 - INFO - 处理进度 [2193/11571]: sh603068
2025-08-20 03:36:05,769 - WARNING - 差分进化优化失败，使用默认参数
2025-08-20 03:36:05,769 - ERROR - sh688091 参数优化失败，使用默认参数回退
2025-08-20 03:36:05,783 - WARNING - 股票 sh688091 不存在于观察池中
2025-08-20 03:36:05,784 - INFO - 数据库初始化完成
2025-08-20 03:36:05,784 - INFO - 处理进度 [2194/11571]: sh688091
2025-08-20 03:36:05,794 - WARNING - sh520550 数据不足 (少于250天)，无法生成画像
2025-08-20 03:36:05,794 - INFO - 处理进度 [2195/11571]: sh520550
2025-08-20 03:36:05,795 - INFO - 数据库初始化完成
2025-08-20 03:36:06,310 - WARNING - 股票 sh501019 不存在于观察池中
2025-08-20 03:36:06,311 - INFO - 数据库初始化完成
2025-08-20 03:36:06,311 - INFO - 处理进度 [2196/11571]: sh501019
2025-08-20 03:36:06,320 - WARNING - sh513830 数据不足 (少于250天)，无法生成画像
2025-08-20 03:36:06,320 - INFO - 数据库初始化完成
2025-08-20 03:36:06,321 - INFO - 处理进度 [2197/11571]: sh513830
2025-08-20 03:36:53,637 - WARNING - 股票 sh603096 不存在于观察池中
2025-08-20 03:36:53,639 - INFO - 处理进度 [2198/11571]: sh603096
2025-08-20 03:36:53,639 - INFO - 数据库初始化完成
2025-08-20 03:36:58,113 - WARNING - 差分进化优化失败，使用默认参数
2025-08-20 03:36:58,113 - ERROR - sh688125 参数优化失败，使用默认参数回退
2025-08-20 03:36:58,126 - WARNING - 股票 sh688125 不存在于观察池中
2025-08-20 03:36:58,127 - INFO - 数据库初始化完成
2025-08-20 03:36:58,127 - INFO - 处理进度 [2199/11571]: sh688125
2025-08-20 03:37:46,688 - WARNING - 股票 sh603303 不存在于观察池中
2025-08-20 03:37:46,689 - INFO - 处理进度 [2200/11571]: sh603303
2025-08-20 03:37:46,689 - INFO - 数据库初始化完成
2025-08-20 03:37:55,753 - WARNING - 股票 sh880345 不存在于观察池中
2025-08-20 03:37:55,753 - INFO - 数据库初始化完成
2025-08-20 03:37:55,755 - INFO - 处理进度 [2201/11571]: sh880345
2025-08-20 03:38:21,308 - WARNING - 股票 sh600664 不存在于观察池中
2025-08-20 03:38:21,309 - INFO - 处理进度 [2202/11571]: sh600664
2025-08-20 03:38:21,309 - INFO - 数据库初始化完成
2025-08-20 03:38:26,436 - WARNING - 股票 sh113652 不存在于观察池中
2025-08-20 03:38:26,437 - INFO - 数据库初始化完成
2025-08-20 03:38:26,438 - INFO - 处理进度 [2203/11571]: sh113652
2025-08-20 03:38:52,614 - WARNING - 股票 sh881415 不存在于观察池中
2025-08-20 03:38:52,615 - INFO - 数据库初始化完成
2025-08-20 03:38:52,615 - INFO - 处理进度 [2204/11571]: sh881415
2025-08-20 03:38:57,943 - WARNING - 股票 sh605003 不存在于观察池中
2025-08-20 03:38:57,944 - INFO - 数据库初始化完成
2025-08-20 03:38:57,944 - INFO - 处理进度 [2205/11571]: sh605003
2025-08-20 03:39:11,217 - WARNING - 股票 sh560180 不存在于观察池中
2025-08-20 03:39:11,218 - INFO - 处理进度 [2206/11571]: sh560180
2025-08-20 03:39:11,218 - INFO - 数据库初始化完成
2025-08-20 03:39:38,661 - WARNING - 股票 sh204003 不存在于观察池中
2025-08-20 03:39:38,662 - INFO - 数据库初始化完成
2025-08-20 03:39:38,663 - INFO - 处理进度 [2207/11571]: sh204003
2025-08-20 03:39:38,676 - WARNING - sh588120 数据不足 (少于250天)，无法生成画像
2025-08-20 03:39:38,677 - INFO - 数据库初始化完成
2025-08-20 03:39:38,677 - INFO - 处理进度 [2208/11571]: sh588120
2025-08-20 03:39:49,999 - WARNING - 股票 sh688696 不存在于观察池中
2025-08-20 03:39:50,000 - INFO - 处理进度 [2209/11571]: sh688696
2025-08-20 03:39:50,000 - INFO - 数据库初始化完成
2025-08-20 03:40:02,156 - WARNING - 股票 sh510580 不存在于观察池中
2025-08-20 03:40:02,158 - INFO - 数据库初始化完成
2025-08-20 03:40:02,157 - INFO - 处理进度 [2210/11571]: sh510580
2025-08-20 03:40:22,398 - WARNING - 股票 sh881409 不存在于观察池中
2025-08-20 03:40:22,399 - INFO - 数据库初始化完成
2025-08-20 03:40:22,399 - INFO - 处理进度 [2211/11571]: sh881409
2025-08-20 03:40:28,548 - WARNING - 股票 sh600996 不存在于观察池中
2025-08-20 03:40:28,550 - INFO - 数据库初始化完成
2025-08-20 03:40:28,550 - INFO - 处理进度 [2212/11571]: sh600996
2025-08-20 03:40:28,565 - WARNING - sh688443 数据不足 (少于250天)，无法生成画像
2025-08-20 03:40:28,566 - INFO - 数据库初始化完成
2025-08-20 03:40:28,566 - INFO - 处理进度 [2213/11571]: sh688443
2025-08-20 03:40:37,992 - WARNING - 股票 sh603058 不存在于观察池中
2025-08-20 03:40:37,993 - INFO - 数据库初始化完成
2025-08-20 03:40:37,994 - INFO - 处理进度 [2214/11571]: sh603058
2025-08-20 03:40:38,008 - WARNING - sh688692 数据不足 (少于250天)，无法生成画像
2025-08-20 03:40:38,009 - INFO - 处理进度 [2215/11571]: sh688692
2025-08-20 03:40:38,009 - INFO - 数据库初始化完成
2025-08-20 03:40:38,011 - WARNING - sh688755 数据不足 (少于250天)，无法生成画像
2025-08-20 03:40:38,011 - INFO - 处理进度 [2216/11571]: sh688755
2025-08-20 03:40:38,012 - INFO - 数据库初始化完成
2025-08-20 03:40:38,026 - WARNING - sh588020 数据不足 (少于250天)，无法生成画像
2025-08-20 03:40:38,027 - INFO - 数据库初始化完成
2025-08-20 03:40:38,027 - INFO - 处理进度 [2217/11571]: sh588020
2025-08-20 03:40:53,642 - WARNING - 差分进化优化失败，使用默认参数
2025-08-20 03:40:53,643 - ERROR - sh600523 参数优化失败，使用默认参数回退
2025-08-20 03:40:53,657 - WARNING - 股票 sh600523 不存在于观察池中
2025-08-20 03:40:53,658 - INFO - 处理进度 [2218/11571]: sh600523
2025-08-20 03:40:53,658 - INFO - 数据库初始化完成
2025-08-20 03:40:55,554 - WARNING - 股票 sh601121 不存在于观察池中
2025-08-20 03:40:55,555 - INFO - 数据库初始化完成
2025-08-20 03:40:55,555 - INFO - 处理进度 [2219/11571]: sh601121
2025-08-20 03:41:01,307 - WARNING - 股票 sh600962 不存在于观察池中
2025-08-20 03:41:01,308 - INFO - 数据库初始化完成
2025-08-20 03:41:01,308 - INFO - 处理进度 [2220/11571]: sh600962
2025-08-20 03:42:09,047 - WARNING - 股票 sh110064 不存在于观察池中
2025-08-20 03:42:09,048 - INFO - 数据库初始化完成
2025-08-20 03:42:09,048 - INFO - 处理进度 [2221/11571]: sh110064
2025-08-20 03:42:10,547 - WARNING - 股票 sh600388 不存在于观察池中
2025-08-20 03:42:10,547 - INFO - 处理进度 [2222/11571]: sh600388
2025-08-20 03:42:10,548 - INFO - 数据库初始化完成
2025-08-20 03:42:10,560 - WARNING - sh560030 数据不足 (少于250天)，无法生成画像
2025-08-20 03:42:10,560 - INFO - 数据库初始化完成
2025-08-20 03:42:10,561 - INFO - 处理进度 [2223/11571]: sh560030
2025-08-20 03:42:11,857 - WARNING - 股票 sh510510 不存在于观察池中
2025-08-20 03:42:11,858 - INFO - 处理进度 [2224/11571]: sh510510
2025-08-20 03:42:11,858 - INFO - 数据库初始化完成
2025-08-20 03:42:11,869 - WARNING - sh880578 数据不足 (少于250天)，无法生成画像
2025-08-20 03:42:11,869 - INFO - 数据库初始化完成
2025-08-20 03:42:11,869 - INFO - 处理进度 [2225/11571]: sh880578
2025-08-20 03:42:14,363 - WARNING - 差分进化优化失败，使用默认参数
2025-08-20 03:42:14,363 - ERROR - sh880939 参数优化失败，使用默认参数回退
2025-08-20 03:42:14,377 - WARNING - 股票 sh880939 不存在于观察池中
2025-08-20 03:42:14,377 - INFO - 处理进度 [2226/11571]: sh880939
2025-08-20 03:42:14,377 - INFO - 数据库初始化完成
2025-08-20 03:42:29,239 - WARNING - 股票 sh512120 不存在于观察池中
2025-08-20 03:42:29,240 - INFO - 数据库初始化完成
2025-08-20 03:42:29,240 - INFO - 处理进度 [2227/11571]: sh512120
2025-08-20 03:42:29,252 - WARNING - sh113677 数据不足 (少于250天)，无法生成画像
2025-08-20 03:42:29,253 - INFO - 数据库初始化完成
2025-08-20 03:42:29,253 - INFO - 处理进度 [2228/11571]: sh113677
2025-08-20 03:42:29,262 - WARNING - sh562970 数据不足 (少于250天)，无法生成画像
2025-08-20 03:42:29,263 - INFO - 数据库初始化完成
2025-08-20 03:42:29,263 - INFO - 处理进度 [2229/11571]: sh562970
2025-08-20 03:43:02,397 - WARNING - 股票 sh900927 不存在于观察池中
2025-08-20 03:43:02,397 - INFO - 处理进度 [2230/11571]: sh900927
2025-08-20 03:43:02,398 - INFO - 数据库初始化完成
2025-08-20 03:43:05,119 - WARNING - 股票 sh880876 不存在于观察池中
2025-08-20 03:43:05,127 - INFO - 数据库初始化完成
2025-08-20 03:43:05,128 - INFO - 处理进度 [2231/11571]: sh880876
2025-08-20 03:43:13,797 - WARNING - 差分进化优化失败，使用默认参数
2025-08-20 03:43:13,798 - ERROR - sh881328 参数优化失败，使用默认参数回退
2025-08-20 03:43:13,812 - WARNING - 股票 sh881328 不存在于观察池中
2025-08-20 03:43:13,812 - INFO - 数据库初始化完成
2025-08-20 03:43:13,813 - INFO - 处理进度 [2232/11571]: sh881328
2025-08-20 03:43:22,163 - WARNING - 股票 sh688098 不存在于观察池中
2025-08-20 03:43:22,163 - INFO - 数据库初始化完成
2025-08-20 03:43:22,163 - INFO - 处理进度 [2233/11571]: sh688098
2025-08-20 03:43:23,160 - WARNING - 股票 sh000010 不存在于观察池中
2025-08-20 03:43:23,161 - INFO - 处理进度 [2234/11571]: sh000010
2025-08-20 03:43:23,161 - INFO - 数据库初始化完成
2025-08-20 03:43:34,487 - WARNING - 差分进化优化失败，使用默认参数
2025-08-20 03:43:34,487 - ERROR - sh881074 参数优化失败，使用默认参数回退
2025-08-20 03:43:34,501 - WARNING - 股票 sh881074 不存在于观察池中
2025-08-20 03:43:34,502 - INFO - 数据库初始化完成
2025-08-20 03:43:34,503 - INFO - 处理进度 [2235/11571]: sh881074
2025-08-20 03:44:05,183 - WARNING - 差分进化优化失败，使用默认参数
2025-08-20 03:44:05,184 - ERROR - sh600293 参数优化失败，使用默认参数回退
2025-08-20 03:44:05,197 - WARNING - 股票 sh600293 不存在于观察池中
2025-08-20 03:44:05,198 - INFO - 数据库初始化完成
2025-08-20 03:44:05,199 - INFO - 处理进度 [2236/11571]: sh600293
2025-08-20 03:44:22,705 - WARNING - 股票 sh603269 不存在于观察池中
2025-08-20 03:44:22,706 - INFO - 数据库初始化完成
2025-08-20 03:44:22,706 - INFO - 处理进度 [2237/11571]: sh603269
2025-08-20 03:44:28,085 - WARNING - 股票 sh881166 不存在于观察池中
2025-08-20 03:44:28,086 - INFO - 数据库初始化完成
2025-08-20 03:44:28,086 - INFO - 处理进度 [2238/11571]: sh881166
2025-08-20 03:45:00,906 - WARNING - 股票 sh881406 不存在于观察池中
2025-08-20 03:45:00,906 - INFO - 数据库初始化完成
2025-08-20 03:45:00,907 - INFO - 处理进度 [2239/11571]: sh881406
2025-08-20 03:45:38,325 - WARNING - 股票 sh880849 不存在于观察池中
2025-08-20 03:45:38,326 - INFO - 数据库初始化完成
2025-08-20 03:45:38,327 - INFO - 处理进度 [2240/11571]: sh880849
2025-08-20 03:45:43,758 - WARNING - 股票 sh881139 不存在于观察池中
2025-08-20 03:45:43,759 - INFO - 处理进度 [2241/11571]: sh881139
2025-08-20 03:45:43,759 - INFO - 数据库初始化完成
2025-08-20 03:46:04,840 - WARNING - 股票 sh688011 不存在于观察池中
2025-08-20 03:46:04,841 - INFO - 数据库初始化完成
2025-08-20 03:46:04,841 - INFO - 处理进度 [2242/11571]: sh688011
2025-08-20 03:46:04,851 - WARNING - sh113692 数据不足 (少于250天)，无法生成画像
2025-08-20 03:46:04,852 - INFO - 数据库初始化完成
2025-08-20 03:46:04,852 - INFO - 处理进度 [2243/11571]: sh113692
2025-08-20 03:46:39,711 - WARNING - 股票 sh501059 不存在于观察池中
2025-08-20 03:46:39,711 - INFO - 处理进度 [2244/11571]: sh501059
2025-08-20 03:46:39,712 - INFO - 数据库初始化完成
2025-08-20 03:46:42,517 - WARNING - 股票 sh601368 不存在于观察池中
2025-08-20 03:46:42,518 - INFO - 数据库初始化完成
2025-08-20 03:46:42,518 - INFO - 处理进度 [2245/11571]: sh601368
2025-08-20 03:47:24,426 - WARNING - 股票 sh600104 不存在于观察池中
2025-08-20 03:47:24,427 - INFO - 数据库初始化完成
2025-08-20 03:47:24,427 - INFO - 处理进度 [2246/11571]: sh600104
2025-08-20 03:47:34,402 - WARNING - 股票 sh561990 不存在于观察池中
2025-08-20 03:47:34,403 - INFO - 数据库初始化完成
2025-08-20 03:47:34,403 - INFO - 处理进度 [2247/11571]: sh561990
2025-08-20 03:47:39,538 - WARNING - 股票 sh512390 不存在于观察池中
2025-08-20 03:47:39,539 - INFO - 数据库初始化完成
2025-08-20 03:47:39,539 - INFO - 处理进度 [2248/11571]: sh512390
2025-08-20 03:47:49,607 - WARNING - 股票 sh510350 不存在于观察池中
2025-08-20 03:47:49,608 - INFO - 数据库初始化完成
2025-08-20 03:47:49,609 - INFO - 处理进度 [2249/11571]: sh510350
2025-08-20 03:48:08,942 - WARNING - 股票 sh516070 不存在于观察池中
2025-08-20 03:48:08,943 - INFO - 数据库初始化完成
2025-08-20 03:48:08,943 - INFO - 处理进度 [2250/11571]: sh516070
2025-08-20 03:48:10,196 - WARNING - 股票 sh600650 不存在于观察池中
2025-08-20 03:48:10,197 - INFO - 数据库初始化完成
2025-08-20 03:48:10,197 - INFO - 处理进度 [2251/11571]: sh600650
2025-08-20 03:48:19,193 - WARNING - 股票 sh600726 不存在于观察池中
2025-08-20 03:48:19,194 - INFO - 数据库初始化完成
2025-08-20 03:48:19,194 - INFO - 处理进度 [2252/11571]: sh600726
2025-08-20 03:48:19,205 - WARNING - sh508089 数据不足 (少于250天)，无法生成画像
2025-08-20 03:48:19,205 - INFO - 数据库初始化完成
2025-08-20 03:48:19,206 - INFO - 处理进度 [2253/11571]: sh508089
2025-08-20 03:48:19,218 - WARNING - sh603004 数据不足 (少于250天)，无法生成画像
2025-08-20 03:48:19,219 - INFO - 数据库初始化完成
2025-08-20 03:48:19,219 - INFO - 处理进度 [2254/11571]: sh603004
2025-08-20 03:48:37,687 - WARNING - 股票 sh881239 不存在于观察池中
2025-08-20 03:48:37,688 - INFO - 处理进度 [2255/11571]: sh881239
2025-08-20 03:48:37,688 - INFO - 数据库初始化完成
2025-08-20 03:48:39,235 - WARNING - 股票 sh603899 不存在于观察池中
2025-08-20 03:48:39,236 - INFO - 处理进度 [2256/11571]: sh603899
2025-08-20 03:48:39,236 - INFO - 数据库初始化完成
2025-08-20 03:48:49,100 - WARNING - 股票 sh880722 不存在于观察池中
2025-08-20 03:48:49,126 - INFO - 数据库初始化完成
2025-08-20 03:48:49,126 - INFO - 处理进度 [2257/11571]: sh880722
2025-08-20 03:48:57,634 - WARNING - 股票 sh512800 不存在于观察池中
2025-08-20 03:48:57,635 - INFO - 处理进度 [2258/11571]: sh512800
2025-08-20 03:48:57,635 - INFO - 数据库初始化完成
2025-08-20 03:49:01,375 - WARNING - 股票 sh688219 不存在于观察池中
2025-08-20 03:49:01,375 - INFO - 处理进度 [2259/11571]: sh688219
2025-08-20 03:49:01,376 - INFO - 数据库初始化完成
2025-08-20 03:49:04,256 - WARNING - 差分进化优化失败，使用默认参数
2025-08-20 03:49:04,257 - ERROR - sh880447 参数优化失败，使用默认参数回退
2025-08-20 03:49:04,270 - WARNING - 股票 sh880447 不存在于观察池中
2025-08-20 03:49:04,271 - INFO - 数据库初始化完成
2025-08-20 03:49:04,271 - INFO - 处理进度 [2260/11571]: sh880447
2025-08-20 03:49:09,051 - WARNING - 股票 sh600789 不存在于观察池中
2025-08-20 03:49:09,052 - INFO - 处理进度 [2261/11571]: sh600789
2025-08-20 03:49:09,052 - INFO - 数据库初始化完成
2025-08-20 03:49:11,205 - WARNING - 股票 sh881461 不存在于观察池中
2025-08-20 03:49:11,206 - INFO - 处理进度 [2262/11571]: sh881461
2025-08-20 03:49:11,206 - INFO - 数据库初始化完成
2025-08-20 03:49:16,588 - WARNING - 股票 sh603813 不存在于观察池中
2025-08-20 03:49:16,588 - INFO - 数据库初始化完成
2025-08-20 03:49:16,589 - INFO - 处理进度 [2263/11571]: sh603813
2025-08-20 03:49:17,614 - WARNING - 股票 sh603998 不存在于观察池中
2025-08-20 03:49:17,615 - INFO - 处理进度 [2264/11571]: sh603998
2025-08-20 03:49:17,615 - INFO - 数据库初始化完成
2025-08-20 03:49:17,617 - WARNING - sh561220 数据不足 (少于250天)，无法生成画像
2025-08-20 03:49:17,618 - INFO - 数据库初始化完成
2025-08-20 03:49:17,618 - INFO - 处理进度 [2265/11571]: sh561220
2025-08-20 03:49:17,632 - WARNING - sh688472 数据不足 (少于250天)，无法生成画像
2025-08-20 03:49:17,633 - INFO - 数据库初始化完成
2025-08-20 03:49:17,633 - INFO - 处理进度 [2266/11571]: sh688472
2025-08-20 03:49:28,128 - WARNING - 股票 sh601001 不存在于观察池中
2025-08-20 03:49:28,129 - INFO - 数据库初始化完成
2025-08-20 03:49:28,129 - INFO - 处理进度 [2267/11571]: sh601001
2025-08-20 03:50:10,482 - WARNING - 股票 sh501005 不存在于观察池中
2025-08-20 03:50:10,483 - INFO - 处理进度 [2268/11571]: sh501005
2025-08-20 03:50:10,484 - INFO - 数据库初始化完成
2025-08-20 03:50:58,730 - WARNING - 股票 sh881140 不存在于观察池中
2025-08-20 03:50:58,731 - INFO - 数据库初始化完成
2025-08-20 03:50:58,731 - INFO - 处理进度 [2269/11571]: sh881140
2025-08-20 03:51:29,243 - WARNING - 差分进化优化失败，使用默认参数
2025-08-20 03:51:29,243 - ERROR - sh880895 参数优化失败，使用默认参数回退
2025-08-20 03:51:29,255 - WARNING - 股票 sh880895 不存在于观察池中
2025-08-20 03:51:29,256 - INFO - 数据库初始化完成
2025-08-20 03:51:29,256 - INFO - 处理进度 [2270/11571]: sh880895
2025-08-20 03:52:18,020 - WARNING - 股票 sh516310 不存在于观察池中
2025-08-20 03:52:18,021 - INFO - 处理进度 [2271/11571]: sh516310
2025-08-20 03:52:18,021 - INFO - 数据库初始化完成
2025-08-20 03:52:22,516 - WARNING - 股票 sh600825 不存在于观察池中
2025-08-20 03:52:22,517 - INFO - 数据库初始化完成
2025-08-20 03:52:22,517 - INFO - 处理进度 [2272/11571]: sh600825
2025-08-20 03:52:29,733 - WARNING - 股票 sh880033 不存在于观察池中
2025-08-20 03:52:29,734 - INFO - 处理进度 [2273/11571]: sh880033
2025-08-20 03:52:29,734 - INFO - 数据库初始化完成
2025-08-20 03:52:53,558 - WARNING - 股票 sh688401 不存在于观察池中
2025-08-20 03:52:53,559 - INFO - 数据库初始化完成
2025-08-20 03:52:53,559 - INFO - 处理进度 [2274/11571]: sh688401
2025-08-20 03:52:57,646 - WARNING - 股票 sh515860 不存在于观察池中
2025-08-20 03:52:57,647 - INFO - 数据库初始化完成
2025-08-20 03:52:57,648 - INFO - 处理进度 [2275/11571]: sh515860
2025-08-20 03:52:57,663 - WARNING - sh688347 数据不足 (少于250天)，无法生成画像
2025-08-20 03:52:57,664 - INFO - 数据库初始化完成
2025-08-20 03:52:57,665 - INFO - 处理进度 [2276/11571]: sh688347
2025-08-20 03:53:14,542 - WARNING - 股票 sh600894 不存在于观察池中
2025-08-20 03:53:14,543 - INFO - 处理进度 [2277/11571]: sh600894
2025-08-20 03:53:14,544 - INFO - 数据库初始化完成
2025-08-20 03:53:26,593 - WARNING - 股票 sh600126 不存在于观察池中
2025-08-20 03:53:26,594 - INFO - 数据库初始化完成
2025-08-20 03:53:26,594 - INFO - 处理进度 [2278/11571]: sh600126
2025-08-20 03:53:28,835 - WARNING - 股票 sh880201 不存在于观察池中
2025-08-20 03:53:28,836 - INFO - 数据库初始化完成
2025-08-20 03:53:28,837 - INFO - 处理进度 [2279/11571]: sh880201
2025-08-20 03:53:30,519 - WARNING - 股票 sh688177 不存在于观察池中
2025-08-20 03:53:30,519 - INFO - 数据库初始化完成
2025-08-20 03:53:30,520 - INFO - 处理进度 [2280/11571]: sh688177
2025-08-20 03:53:30,592 - WARNING - 股票 sh603211 不存在于观察池中
2025-08-20 03:53:30,592 - INFO - 处理进度 [2281/11571]: sh603211
2025-08-20 03:53:30,593 - INFO - 数据库初始化完成
2025-08-20 03:54:08,561 - WARNING - 差分进化优化失败，使用默认参数
2025-08-20 03:54:08,561 - ERROR - sh603070 参数优化失败，使用默认参数回退
2025-08-20 03:54:08,576 - WARNING - 股票 sh603070 不存在于观察池中
2025-08-20 03:54:08,576 - INFO - 处理进度 [2282/11571]: sh603070
2025-08-20 03:54:08,577 - INFO - 数据库初始化完成
2025-08-20 03:54:16,315 - WARNING - 股票 sh880206 不存在于观察池中
2025-08-20 03:54:16,316 - INFO - 数据库初始化完成
2025-08-20 03:54:16,316 - INFO - 处理进度 [2283/11571]: sh880206
2025-08-20 03:54:21,675 - WARNING - 股票 sh600127 不存在于观察池中
2025-08-20 03:54:21,675 - INFO - 数据库初始化完成
2025-08-20 03:54:21,676 - INFO - 处理进度 [2284/11571]: sh600127
2025-08-20 03:54:29,121 - WARNING - 股票 sh603511 不存在于观察池中
2025-08-20 03:54:29,122 - INFO - 处理进度 [2285/11571]: sh603511
2025-08-20 03:54:29,122 - INFO - 数据库初始化完成
2025-08-20 03:54:46,575 - WARNING - 股票 sh516750 不存在于观察池中
2025-08-20 03:54:46,576 - INFO - 数据库初始化完成
2025-08-20 03:54:46,577 - INFO - 处理进度 [2286/11571]: sh516750
2025-08-20 03:54:46,841 - WARNING - 股票 sh512170 不存在于观察池中
2025-08-20 03:54:46,842 - INFO - 数据库初始化完成
2025-08-20 03:54:46,842 - INFO - 处理进度 [2287/11571]: sh512170
2025-08-20 03:55:23,670 - WARNING - 股票 sh881262 不存在于观察池中
2025-08-20 03:55:23,671 - INFO - 数据库初始化完成
2025-08-20 03:55:23,671 - INFO - 处理进度 [2288/11571]: sh881262
2025-08-20 03:55:42,946 - WARNING - 股票 sh517110 不存在于观察池中
2025-08-20 03:55:42,947 - INFO - 数据库初始化完成
2025-08-20 03:55:42,947 - INFO - 处理进度 [2289/11571]: sh517110
2025-08-20 03:56:01,537 - WARNING - 股票 sh688088 不存在于观察池中
2025-08-20 03:56:01,538 - INFO - 数据库初始化完成
2025-08-20 03:56:01,538 - INFO - 处理进度 [2290/11571]: sh688088
2025-08-20 03:56:04,567 - WARNING - 股票 sh603015 不存在于观察池中
2025-08-20 03:56:04,568 - INFO - 数据库初始化完成
2025-08-20 03:56:04,569 - INFO - 处理进度 [2291/11571]: sh603015
2025-08-20 03:56:05,974 - WARNING - 股票 sh880976 不存在于观察池中
2025-08-20 03:56:05,975 - INFO - 数据库初始化完成
2025-08-20 03:56:05,975 - INFO - 处理进度 [2292/11571]: sh880976
2025-08-20 03:56:09,122 - WARNING - 股票 sh600872 不存在于观察池中
2025-08-20 03:56:09,123 - INFO - 数据库初始化完成
2025-08-20 03:56:09,123 - INFO - 处理进度 [2293/11571]: sh600872
2025-08-20 03:56:38,267 - WARNING - 股票 sh600989 不存在于观察池中
2025-08-20 03:56:38,267 - INFO - 数据库初始化完成
2025-08-20 03:56:38,268 - INFO - 处理进度 [2294/11571]: sh600989
2025-08-20 03:56:41,339 - WARNING - 股票 sh600221 不存在于观察池中
2025-08-20 03:56:41,340 - INFO - 数据库初始化完成
2025-08-20 03:56:41,341 - INFO - 处理进度 [2295/11571]: sh600221
2025-08-20 03:57:16,789 - WARNING - 股票 sh603686 不存在于观察池中
2025-08-20 03:57:16,790 - INFO - 数据库初始化完成
2025-08-20 03:57:16,790 - INFO - 处理进度 [2296/11571]: sh603686
2025-08-20 03:57:22,816 - WARNING - 股票 sh880634 不存在于观察池中
2025-08-20 03:57:22,817 - INFO - 数据库初始化完成
2025-08-20 03:57:22,818 - INFO - 处理进度 [2297/11571]: sh880634
2025-08-20 03:57:48,141 - WARNING - 股票 sh880868 不存在于观察池中
2025-08-20 03:57:48,142 - INFO - 处理进度 [2298/11571]: sh880868
2025-08-20 03:57:48,142 - INFO - 数据库初始化完成
2025-08-20 03:57:48,161 - WARNING - sh880691 数据不足 (少于250天)，无法生成画像
2025-08-20 03:57:48,162 - INFO - 数据库初始化完成
2025-08-20 03:57:48,163 - INFO - 处理进度 [2299/11571]: sh880691
2025-08-20 03:58:03,891 - WARNING - 差分进化优化失败，使用默认参数
2025-08-20 03:58:03,892 - ERROR - sh501219 参数优化失败，使用默认参数回退
2025-08-20 03:58:03,906 - WARNING - 股票 sh501219 不存在于观察池中
2025-08-20 03:58:03,906 - INFO - 处理进度 [2300/11571]: sh501219
2025-08-20 03:58:03,907 - INFO - 数据库初始化完成
2025-08-20 03:58:04,495 - WARNING - 股票 sh881215 不存在于观察池中
2025-08-20 03:58:04,496 - INFO - 数据库初始化完成
2025-08-20 03:58:04,496 - INFO - 处理进度 [2301/11571]: sh881215
2025-08-20 03:58:04,506 - WARNING - sh508078 数据不足 (少于250天)，无法生成画像
2025-08-20 03:58:04,506 - INFO - 处理进度 [2302/11571]: sh508078
2025-08-20 03:58:04,506 - INFO - 数据库初始化完成
2025-08-20 03:58:05,732 - WARNING - 股票 sh881343 不存在于观察池中
2025-08-20 03:58:05,733 - INFO - 数据库初始化完成
2025-08-20 03:58:05,735 - INFO - 处理进度 [2303/11571]: sh881343
2025-08-20 03:58:08,164 - WARNING - 股票 sh881098 不存在于观察池中
2025-08-20 03:58:08,165 - INFO - 数据库初始化完成
2025-08-20 03:58:08,165 - INFO - 处理进度 [2304/11571]: sh881098
2025-08-20 03:58:16,150 - WARNING - 差分进化优化失败，使用默认参数
2025-08-20 03:58:16,150 - ERROR - sh688329 参数优化失败，使用默认参数回退
2025-08-20 03:58:16,163 - WARNING - 股票 sh688329 不存在于观察池中
2025-08-20 03:58:16,164 - INFO - 数据库初始化完成
2025-08-20 03:58:16,164 - INFO - 处理进度 [2305/11571]: sh688329
2025-08-20 03:58:21,648 - WARNING - 股票 sh688799 不存在于观察池中
2025-08-20 03:58:21,650 - INFO - 数据库初始化完成
2025-08-20 03:58:21,650 - INFO - 处理进度 [2306/11571]: sh688799
2025-08-20 03:58:32,088 - WARNING - 股票 sh600970 不存在于观察池中
2025-08-20 03:58:32,089 - INFO - 数据库初始化完成
2025-08-20 03:58:32,089 - INFO - 处理进度 [2307/11571]: sh600970
2025-08-20 03:59:10,422 - WARNING - 股票 sh881195 不存在于观察池中
2025-08-20 03:59:10,422 - INFO - 数据库初始化完成
2025-08-20 03:59:10,423 - INFO - 处理进度 [2308/11571]: sh881195
2025-08-20 03:59:47,124 - WARNING - 股票 sh510390 不存在于观察池中
2025-08-20 03:59:47,125 - INFO - 数据库初始化完成
2025-08-20 03:59:47,126 - INFO - 处理进度 [2309/11571]: sh510390
2025-08-20 04:00:02,351 - WARNING - 股票 sh881460 不存在于观察池中
2025-08-20 04:00:02,352 - INFO - 数据库初始化完成
2025-08-20 04:00:02,353 - INFO - 处理进度 [2310/11571]: sh881460
2025-08-20 04:00:24,656 - WARNING - 股票 sh600621 不存在于观察池中
2025-08-20 04:00:24,656 - INFO - 数据库初始化完成
2025-08-20 04:00:24,657 - INFO - 处理进度 [2311/11571]: sh600621
2025-08-20 04:00:24,658 - WARNING - sh520670 数据不足 (少于250天)，无法生成画像
2025-08-20 04:00:24,658 - INFO - 处理进度 [2312/11571]: sh520670
2025-08-20 04:00:24,658 - INFO - 数据库初始化完成
2025-08-20 04:00:24,670 - WARNING - sh880681 数据不足 (少于250天)，无法生成画像
2025-08-20 04:00:24,671 - INFO - 处理进度 [2313/11571]: sh880681
2025-08-20 04:00:24,671 - INFO - 数据库初始化完成
2025-08-20 04:00:33,980 - WARNING - 股票 sh562360 不存在于观察池中
2025-08-20 04:00:33,981 - INFO - 数据库初始化完成
2025-08-20 04:00:33,981 - INFO - 处理进度 [2314/11571]: sh562360
2025-08-20 04:01:19,659 - WARNING - 股票 sh603237 不存在于观察池中
2025-08-20 04:01:19,660 - INFO - 数据库初始化完成
2025-08-20 04:01:19,660 - INFO - 处理进度 [2315/11571]: sh603237
2025-08-20 04:01:32,971 - WARNING - 股票 sh601018 不存在于观察池中
2025-08-20 04:01:32,972 - INFO - 处理进度 [2316/11571]: sh601018
2025-08-20 04:01:32,972 - INFO - 数据库初始化完成
2025-08-20 04:01:35,155 - WARNING - 股票 sh880046 不存在于观察池中
2025-08-20 04:01:35,155 - INFO - 数据库初始化完成
2025-08-20 04:01:35,156 - INFO - 处理进度 [2317/11571]: sh880046
2025-08-20 04:02:02,802 - WARNING - 股票 sh880727 不存在于观察池中
2025-08-20 04:02:02,803 - INFO - 处理进度 [2318/11571]: sh880727
2025-08-20 04:02:02,803 - INFO - 数据库初始化完成
2025-08-20 04:02:02,814 - WARNING - sh880530 数据不足 (少于250天)，无法生成画像
2025-08-20 04:02:02,815 - INFO - 数据库初始化完成
2025-08-20 04:02:02,815 - INFO - 处理进度 [2319/11571]: sh880530
2025-08-20 04:02:06,401 - WARNING - 差分进化优化失败，使用默认参数
2025-08-20 04:02:06,402 - ERROR - sh880986 参数优化失败，使用默认参数回退
2025-08-20 04:02:06,415 - WARNING - 股票 sh880986 不存在于观察池中
2025-08-20 04:02:06,416 - INFO - 处理进度 [2320/11571]: sh880986
2025-08-20 04:02:06,416 - INFO - 数据库初始化完成
2025-08-20 04:02:19,533 - WARNING - 股票 sh600675 不存在于观察池中
2025-08-20 04:02:19,534 - INFO - 数据库初始化完成
2025-08-20 04:02:19,535 - INFO - 处理进度 [2321/11571]: sh600675
2025-08-20 04:02:19,733 - WARNING - 股票 sh881187 不存在于观察池中
2025-08-20 04:02:19,734 - INFO - 数据库初始化完成
2025-08-20 04:02:19,735 - INFO - 处理进度 [2322/11571]: sh881187
2025-08-20 04:02:27,715 - WARNING - 股票 sh603001 不存在于观察池中
2025-08-20 04:02:27,716 - INFO - 数据库初始化完成
2025-08-20 04:02:27,717 - INFO - 处理进度 [2323/11571]: sh603001
2025-08-20 04:02:41,028 - WARNING - 股票 sh880403 不存在于观察池中
2025-08-20 04:02:41,028 - INFO - 处理进度 [2324/11571]: sh880403
2025-08-20 04:02:41,029 - INFO - 数据库初始化完成
2025-08-20 04:02:52,261 - WARNING - 股票 sh881268 不存在于观察池中
2025-08-20 04:02:52,262 - INFO - 处理进度 [2325/11571]: sh881268
2025-08-20 04:02:52,262 - INFO - 数据库初始化完成
2025-08-20 04:03:05,443 - WARNING - 股票 sh118004 不存在于观察池中
2025-08-20 04:03:05,444 - INFO - 数据库初始化完成
2025-08-20 04:03:05,444 - INFO - 处理进度 [2326/11571]: sh118004
2025-08-20 04:03:19,102 - WARNING - 股票 sh688676 不存在于观察池中
2025-08-20 04:03:19,103 - INFO - 数据库初始化完成
2025-08-20 04:03:19,103 - INFO - 处理进度 [2327/11571]: sh688676
2025-08-20 04:03:21,828 - WARNING - 股票 sh688396 不存在于观察池中
2025-08-20 04:03:21,829 - INFO - 处理进度 [2328/11571]: sh688396
2025-08-20 04:03:21,829 - INFO - 数据库初始化完成
2025-08-20 04:03:21,960 - WARNING - 股票 sh605567 不存在于观察池中
2025-08-20 04:03:21,961 - INFO - 数据库初始化完成
2025-08-20 04:03:21,961 - INFO - 处理进度 [2329/11571]: sh605567
2025-08-20 04:03:24,256 - WARNING - 股票 sh605599 不存在于观察池中
2025-08-20 04:03:24,257 - INFO - 数据库初始化完成
2025-08-20 04:03:24,258 - INFO - 处理进度 [2330/11571]: sh605599
2025-08-20 04:03:24,293 - WARNING - sh603381 数据不足 (少于250天)，无法生成画像
2025-08-20 04:03:24,293 - INFO - 数据库初始化完成
2025-08-20 04:03:24,294 - INFO - 处理进度 [2331/11571]: sh603381
2025-08-20 04:03:24,305 - WARNING - sh513920 数据不足 (少于250天)，无法生成画像
2025-08-20 04:03:24,306 - INFO - 处理进度 [2332/11571]: sh513920
2025-08-20 04:03:24,306 - INFO - 数据库初始化完成
2025-08-20 04:03:52,296 - WARNING - 股票 sh881062 不存在于观察池中
2025-08-20 04:03:52,297 - INFO - 数据库初始化完成
2025-08-20 04:03:52,297 - INFO - 处理进度 [2333/11571]: sh881062
2025-08-20 04:04:01,011 - WARNING - 股票 sh603288 不存在于观察池中
2025-08-20 04:04:01,012 - INFO - 数据库初始化完成
2025-08-20 04:04:01,012 - INFO - 处理进度 [2334/11571]: sh603288
2025-08-20 04:04:39,369 - WARNING - 股票 sh561100 不存在于观察池中
2025-08-20 04:04:39,370 - INFO - 数据库初始化完成
2025-08-20 04:04:39,370 - INFO - 处理进度 [2335/11571]: sh561100
2025-08-20 04:04:41,517 - WARNING - 股票 sh880874 不存在于观察池中
2025-08-20 04:04:41,517 - INFO - 数据库初始化完成
2025-08-20 04:04:41,518 - INFO - 处理进度 [2336/11571]: sh880874
2025-08-20 04:04:46,293 - WARNING - 股票 sh600059 不存在于观察池中
2025-08-20 04:04:46,294 - INFO - 数据库初始化完成
2025-08-20 04:04:46,294 - INFO - 处理进度 [2337/11571]: sh600059
2025-08-20 04:05:40,115 - WARNING - 差分进化优化失败，使用默认参数
2025-08-20 04:05:40,116 - ERROR - sh688488 参数优化失败，使用默认参数回退
2025-08-20 04:05:40,130 - WARNING - 股票 sh688488 不存在于观察池中
2025-08-20 04:05:40,131 - INFO - 数据库初始化完成
2025-08-20 04:05:40,134 - INFO - 处理进度 [2338/11571]: sh688488
2025-08-20 04:06:03,624 - WARNING - 股票 sh881015 不存在于观察池中
2025-08-20 04:06:03,625 - INFO - 处理进度 [2339/11571]: sh881015
2025-08-20 04:06:03,625 - INFO - 数据库初始化完成
2025-08-20 04:06:46,785 - WARNING - 股票 sh688362 不存在于观察池中
2025-08-20 04:06:46,786 - INFO - 数据库初始化完成
2025-08-20 04:06:46,786 - INFO - 处理进度 [2340/11571]: sh688362
2025-08-20 04:07:12,865 - WARNING - 股票 sh603810 不存在于观察池中
2025-08-20 04:07:12,865 - INFO - 处理进度 [2341/11571]: sh603810
2025-08-20 04:07:12,866 - INFO - 数据库初始化完成
2025-08-20 04:07:29,573 - WARNING - 股票 sh600571 不存在于观察池中
2025-08-20 04:07:29,574 - INFO - 数据库初始化完成
2025-08-20 04:07:29,574 - INFO - 处理进度 [2342/11571]: sh600571
2025-08-20 04:07:39,245 - WARNING - 股票 sh603650 不存在于观察池中
2025-08-20 04:07:39,246 - INFO - 数据库初始化完成
2025-08-20 04:07:39,246 - INFO - 处理进度 [2343/11571]: sh603650
2025-08-20 04:08:00,205 - WARNING - 股票 sh600178 不存在于观察池中
2025-08-20 04:08:00,205 - INFO - 处理进度 [2344/11571]: sh600178
2025-08-20 04:08:00,206 - INFO - 数据库初始化完成
2025-08-20 04:08:01,377 - WARNING - 股票 sh603958 不存在于观察池中
2025-08-20 04:08:01,378 - INFO - 处理进度 [2345/11571]: sh603958
2025-08-20 04:08:01,378 - INFO - 数据库初始化完成
2025-08-20 04:08:03,794 - WARNING - 股票 sh601900 不存在于观察池中
2025-08-20 04:08:03,795 - INFO - 数据库初始化完成
2025-08-20 04:08:03,795 - INFO - 处理进度 [2346/11571]: sh601900
2025-08-20 04:08:12,082 - WARNING - 股票 sh603826 不存在于观察池中
2025-08-20 04:08:12,083 - INFO - 处理进度 [2347/11571]: sh603826
2025-08-20 04:08:12,083 - INFO - 数据库初始化完成
2025-08-20 04:08:23,911 - WARNING - 股票 sh880497 不存在于观察池中
2025-08-20 04:08:23,912 - INFO - 数据库初始化完成
2025-08-20 04:08:23,912 - INFO - 处理进度 [2348/11571]: sh880497
2025-08-20 04:08:31,925 - WARNING - 股票 sh900912 不存在于观察池中
2025-08-20 04:08:31,926 - INFO - 数据库初始化完成
2025-08-20 04:08:31,926 - INFO - 处理进度 [2349/11571]: sh900912
2025-08-20 04:08:39,878 - WARNING - 股票 sh880844 不存在于观察池中
2025-08-20 04:08:39,879 - INFO - 数据库初始化完成
2025-08-20 04:08:39,880 - INFO - 处理进度 [2350/11571]: sh880844
2025-08-20 04:08:46,694 - WARNING - 股票 sh511580 不存在于观察池中
2025-08-20 04:08:46,720 - INFO - 数据库初始化完成
2025-08-20 04:08:46,723 - INFO - 处理进度 [2351/11571]: sh511580
2025-08-20 04:09:01,087 - WARNING - 股票 sh881026 不存在于观察池中
2025-08-20 04:09:01,088 - INFO - 处理进度 [2352/11571]: sh881026
2025-08-20 04:09:01,089 - INFO - 数据库初始化完成
2025-08-20 04:09:01,108 - WARNING - sh880699 数据不足 (少于250天)，无法生成画像
2025-08-20 04:09:01,109 - INFO - 数据库初始化完成
2025-08-20 04:09:01,109 - INFO - 处理进度 [2353/11571]: sh880699
2025-08-20 04:09:12,112 - WARNING - 差分进化优化失败，使用默认参数
2025-08-20 04:09:12,113 - ERROR - sh512530 参数优化失败，使用默认参数回退
2025-08-20 04:09:12,126 - WARNING - 股票 sh512530 不存在于观察池中
2025-08-20 04:09:12,127 - INFO - 处理进度 [2354/11571]: sh512530
2025-08-20 04:09:12,127 - INFO - 数据库初始化完成
2025-08-20 04:09:12,759 - WARNING - 股票 sh880558 不存在于观察池中
2025-08-20 04:09:12,760 - INFO - 处理进度 [2355/11571]: sh880558
2025-08-20 04:09:12,760 - INFO - 数据库初始化完成
2025-08-20 04:09:36,986 - WARNING - 股票 sh605337 不存在于观察池中
2025-08-20 04:09:36,987 - INFO - 处理进度 [2356/11571]: sh605337
2025-08-20 04:09:36,988 - INFO - 数据库初始化完成
2025-08-20 04:10:00,125 - WARNING - 股票 sh600698 不存在于观察池中
2025-08-20 04:10:00,126 - INFO - 数据库初始化完成
2025-08-20 04:10:00,126 - INFO - 处理进度 [2357/11571]: sh600698
2025-08-20 04:10:03,554 - WARNING - 股票 sh603690 不存在于观察池中
2025-08-20 04:10:03,555 - INFO - 处理进度 [2358/11571]: sh603690
2025-08-20 04:10:03,555 - INFO - 数据库初始化完成
2025-08-20 04:10:21,875 - WARNING - 股票 sh900920 不存在于观察池中
2025-08-20 04:10:21,876 - INFO - 数据库初始化完成
2025-08-20 04:10:21,876 - INFO - 处理进度 [2359/11571]: sh900920
2025-08-20 04:10:23,984 - WARNING - 股票 sh603136 不存在于观察池中
2025-08-20 04:10:23,985 - INFO - 数据库初始化完成
2025-08-20 04:10:23,986 - INFO - 处理进度 [2360/11571]: sh603136
2025-08-20 04:10:27,971 - WARNING - 股票 sh688598 不存在于观察池中
2025-08-20 04:10:27,971 - INFO - 处理进度 [2361/11571]: sh688598
2025-08-20 04:10:27,971 - INFO - 数据库初始化完成
2025-08-20 04:10:53,390 - WARNING - 股票 sh113605 不存在于观察池中
2025-08-20 04:10:53,391 - INFO - 数据库初始化完成
2025-08-20 04:10:53,391 - INFO - 处理进度 [2362/11571]: sh113605
2025-08-20 04:11:13,165 - WARNING - 股票 sh881210 不存在于观察池中
2025-08-20 04:11:13,166 - INFO - 数据库初始化完成
2025-08-20 04:11:13,166 - INFO - 处理进度 [2363/11571]: sh881210
2025-08-20 04:11:55,689 - WARNING - 股票 sh501207 不存在于观察池中
2025-08-20 04:11:55,714 - INFO - 数据库初始化完成
2025-08-20 04:11:55,715 - INFO - 处理进度 [2364/11571]: sh501207
2025-08-20 04:11:55,743 - WARNING - sh688693 数据不足 (少于250天)，无法生成画像
2025-08-20 04:11:55,743 - INFO - 处理进度 [2365/11571]: sh688693
2025-08-20 04:11:55,744 - INFO - 数据库初始化完成
2025-08-20 04:12:03,213 - WARNING - 股票 sh688299 不存在于观察池中
2025-08-20 04:12:03,221 - INFO - 数据库初始化完成
2025-08-20 04:12:03,221 - INFO - 处理进度 [2366/11571]: sh688299
2025-08-20 04:12:10,195 - WARNING - 股票 sh881036 不存在于观察池中
2025-08-20 04:12:10,196 - INFO - 处理进度 [2367/11571]: sh881036
2025-08-20 04:12:10,196 - INFO - 数据库初始化完成
2025-08-20 04:12:10,208 - WARNING - sh110095 数据不足 (少于250天)，无法生成画像
2025-08-20 04:12:10,209 - INFO - 数据库初始化完成
2025-08-20 04:12:10,209 - INFO - 处理进度 [2368/11571]: sh110095
2025-08-20 04:12:38,439 - WARNING - 股票 sh880340 不存在于观察池中
2025-08-20 04:12:38,440 - INFO - 数据库初始化完成
2025-08-20 04:12:38,440 - INFO - 处理进度 [2369/11571]: sh880340
2025-08-20 04:12:48,823 - WARNING - 股票 sh000682 不存在于观察池中
2025-08-20 04:12:48,824 - INFO - 处理进度 [2370/11571]: sh000682
2025-08-20 04:12:48,824 - INFO - 数据库初始化完成
2025-08-20 04:13:06,899 - WARNING - 股票 sh603189 不存在于观察池中
2025-08-20 04:13:06,901 - INFO - 数据库初始化完成
2025-08-20 04:13:06,901 - INFO - 处理进度 [2371/11571]: sh603189
2025-08-20 04:13:13,474 - WARNING - 股票 sh515150 不存在于观察池中
2025-08-20 04:13:13,475 - INFO - 数据库初始化完成
2025-08-20 04:13:13,475 - INFO - 处理进度 [2372/11571]: sh515150
2025-08-20 04:13:19,253 - WARNING - 差分进化优化失败，使用默认参数
2025-08-20 04:13:19,279 - ERROR - sh881305 参数优化失败，使用默认参数回退
2025-08-20 04:13:19,292 - WARNING - 股票 sh881305 不存在于观察池中
2025-08-20 04:13:19,294 - INFO - 数据库初始化完成
2025-08-20 04:13:19,294 - INFO - 处理进度 [2373/11571]: sh881305
2025-08-20 04:13:34,630 - WARNING - 股票 sh880563 不存在于观察池中
2025-08-20 04:13:34,631 - INFO - 处理进度 [2374/11571]: sh880563
2025-08-20 04:13:34,631 - INFO - 数据库初始化完成
2025-08-20 04:13:37,834 - WARNING - 股票 sh600609 不存在于观察池中
2025-08-20 04:13:37,835 - INFO - 处理进度 [2375/11571]: sh600609
2025-08-20 04:13:37,835 - INFO - 数据库初始化完成
2025-08-20 04:13:39,249 - WARNING - 股票 sh560090 不存在于观察池中
2025-08-20 04:13:39,250 - INFO - 数据库初始化完成
2025-08-20 04:13:39,250 - INFO - 处理进度 [2376/11571]: sh560090
2025-08-20 04:14:00,381 - WARNING - 股票 sh600708 不存在于观察池中
2025-08-20 04:14:00,382 - INFO - 数据库初始化完成
2025-08-20 04:14:00,383 - INFO - 处理进度 [2377/11571]: sh600708
2025-08-20 04:14:07,914 - WARNING - 股票 sh601106 不存在于观察池中
2025-08-20 04:14:07,915 - INFO - 数据库初始化完成
2025-08-20 04:14:07,915 - INFO - 处理进度 [2378/11571]: sh601106
2025-08-20 04:14:21,515 - WARNING - 股票 sh111007 不存在于观察池中
2025-08-20 04:14:21,516 - INFO - 数据库初始化完成
2025-08-20 04:14:21,516 - INFO - 处理进度 [2379/11571]: sh111007
2025-08-20 04:14:55,520 - WARNING - 股票 sh510360 不存在于观察池中
2025-08-20 04:14:55,521 - INFO - 处理进度 [2380/11571]: sh510360
2025-08-20 04:14:55,521 - INFO - 数据库初始化完成
2025-08-20 04:14:58,132 - WARNING - 股票 sh600863 不存在于观察池中
2025-08-20 04:14:58,133 - INFO - 数据库初始化完成
2025-08-20 04:14:58,133 - INFO - 处理进度 [2381/11571]: sh600863
2025-08-20 04:15:14,578 - WARNING - 股票 sh516970 不存在于观察池中
2025-08-20 04:15:14,579 - INFO - 数据库初始化完成
2025-08-20 04:15:14,579 - INFO - 处理进度 [2382/11571]: sh516970
2025-08-20 04:15:16,906 - WARNING - 差分进化优化失败，使用默认参数
2025-08-20 04:15:16,906 - ERROR - sh605060 参数优化失败，使用默认参数回退
2025-08-20 04:15:16,920 - WARNING - 股票 sh605060 不存在于观察池中
2025-08-20 04:15:16,921 - INFO - 数据库初始化完成
2025-08-20 04:15:16,922 - INFO - 处理进度 [2383/11571]: sh605060
2025-08-20 04:15:19,159 - WARNING - 股票 sh880902 不存在于观察池中
2025-08-20 04:15:19,160 - INFO - 处理进度 [2384/11571]: sh880902
2025-08-20 04:15:19,160 - INFO - 数据库初始化完成
2025-08-20 04:15:22,353 - WARNING - 股票 sh563030 不存在于观察池中
2025-08-20 04:15:22,354 - INFO - 数据库初始化完成
2025-08-20 04:15:22,355 - INFO - 处理进度 [2385/11571]: sh563030
2025-08-20 04:15:55,870 - WARNING - 股票 sh881437 不存在于观察池中
2025-08-20 04:15:55,872 - INFO - 数据库初始化完成
2025-08-20 04:15:55,872 - INFO - 处理进度 [2386/11571]: sh881437
2025-08-20 04:16:11,449 - WARNING - 股票 sh600449 不存在于观察池中
2025-08-20 04:16:11,450 - INFO - 数据库初始化完成
2025-08-20 04:16:11,450 - INFO - 处理进度 [2387/11571]: sh600449
2025-08-20 04:16:48,221 - WARNING - 股票 sh600018 不存在于观察池中
2025-08-20 04:16:48,222 - INFO - 数据库初始化完成
2025-08-20 04:16:48,223 - INFO - 处理进度 [2388/11571]: sh600018
2025-08-20 04:16:53,158 - WARNING - 股票 sh605066 不存在于观察池中
2025-08-20 04:16:53,158 - INFO - 处理进度 [2389/11571]: sh605066
2025-08-20 04:16:53,159 - INFO - 数据库初始化完成
2025-08-20 04:17:21,313 - WARNING - 股票 sh502010 不存在于观察池中
2025-08-20 04:17:21,313 - INFO - 数据库初始化完成
2025-08-20 04:17:21,314 - INFO - 处理进度 [2390/11571]: sh502010
2025-08-20 04:17:28,700 - WARNING - 股票 sh688616 不存在于观察池中
2025-08-20 04:17:28,701 - INFO - 处理进度 [2391/11571]: sh688616
2025-08-20 04:17:28,701 - INFO - 数据库初始化完成
2025-08-20 04:17:44,305 - WARNING - 股票 sh881467 不存在于观察池中
2025-08-20 04:17:44,306 - INFO - 数据库初始化完成
2025-08-20 04:17:44,306 - INFO - 处理进度 [2392/11571]: sh881467
2025-08-20 04:17:49,585 - WARNING - 股票 sh880583 不存在于观察池中
2025-08-20 04:17:49,586 - INFO - 数据库初始化完成
2025-08-20 04:17:49,586 - INFO - 处理进度 [2393/11571]: sh880583
2025-08-20 04:17:50,471 - WARNING - 股票 sh000685 不存在于观察池中
2025-08-20 04:17:50,472 - INFO - 处理进度 [2394/11571]: sh000685
2025-08-20 04:17:50,472 - INFO - 数据库初始化完成
2025-08-20 04:18:00,733 - WARNING - 股票 sh600369 不存在于观察池中
2025-08-20 04:18:00,735 - INFO - 数据库初始化完成
2025-08-20 04:18:00,735 - INFO - 处理进度 [2395/11571]: sh600369
2025-08-20 04:18:22,969 - WARNING - 股票 sh601238 不存在于观察池中
2025-08-20 04:18:22,970 - INFO - 处理进度 [2396/11571]: sh601238
2025-08-20 04:18:22,970 - INFO - 数据库初始化完成
2025-08-20 04:19:17,008 - WARNING - 股票 sh588180 不存在于观察池中
2025-08-20 04:19:17,009 - INFO - 数据库初始化完成
2025-08-20 04:19:17,010 - INFO - 处理进度 [2397/11571]: sh588180
2025-08-20 04:19:19,143 - WARNING - 股票 sh601169 不存在于观察池中
2025-08-20 04:19:19,169 - INFO - 处理进度 [2398/11571]: sh601169
2025-08-20 04:19:19,170 - INFO - 数据库初始化完成
2025-08-20 04:19:39,771 - WARNING - 股票 sh688257 不存在于观察池中
2025-08-20 04:19:39,772 - INFO - 数据库初始化完成
2025-08-20 04:19:39,773 - INFO - 处理进度 [2399/11571]: sh688257
2025-08-20 04:20:07,907 - WARNING - 股票 sh508096 不存在于观察池中
2025-08-20 04:20:07,908 - INFO - 数据库初始化完成
2025-08-20 04:20:07,908 - INFO - 处理进度 [2400/11571]: sh508096
2025-08-20 04:20:12,484 - WARNING - 股票 sh603608 不存在于观察池中
2025-08-20 04:20:12,485 - INFO - 数据库初始化完成
2025-08-20 04:20:12,486 - INFO - 处理进度 [2401/11571]: sh603608
2025-08-20 04:20:12,496 - WARNING - sh113688 数据不足 (少于250天)，无法生成画像
2025-08-20 04:20:12,496 - INFO - 处理进度 [2402/11571]: sh113688
2025-08-20 04:20:12,497 - INFO - 数据库初始化完成
2025-08-20 04:20:46,046 - WARNING - 股票 sh605376 不存在于观察池中
2025-08-20 04:20:46,047 - INFO - 处理进度 [2403/11571]: sh605376
2025-08-20 04:20:46,047 - INFO - 数据库初始化完成
2025-08-20 04:20:49,559 - WARNING - 股票 sh880731 不存在于观察池中
2025-08-20 04:20:49,559 - INFO - 数据库初始化完成
2025-08-20 04:20:49,560 - INFO - 处理进度 [2404/11571]: sh880731
2025-08-20 04:20:55,856 - WARNING - 股票 sh880318 不存在于观察池中
2025-08-20 04:20:55,857 - INFO - 处理进度 [2405/11571]: sh880318
2025-08-20 04:20:55,858 - INFO - 数据库初始化完成
2025-08-20 04:21:02,879 - WARNING - 股票 sh601599 不存在于观察池中
2025-08-20 04:21:02,880 - INFO - 数据库初始化完成
2025-08-20 04:21:02,880 - INFO - 处理进度 [2406/11571]: sh601599
2025-08-20 04:21:04,874 - WARNING - 股票 sh515210 不存在于观察池中
2025-08-20 04:21:04,875 - INFO - 数据库初始化完成
2025-08-20 04:21:04,875 - INFO - 处理进度 [2407/11571]: sh515210
2025-08-20 04:21:32,954 - WARNING - 差分进化优化失败，使用默认参数
2025-08-20 04:21:32,954 - ERROR - sh603956 参数优化失败，使用默认参数回退
2025-08-20 04:21:32,969 - WARNING - 股票 sh603956 不存在于观察池中
2025-08-20 04:21:32,970 - INFO - 处理进度 [2408/11571]: sh603956
2025-08-20 04:21:32,970 - INFO - 数据库初始化完成
2025-08-20 04:21:46,296 - WARNING - 股票 sh881162 不存在于观察池中
2025-08-20 04:21:46,296 - INFO - 数据库初始化完成
2025-08-20 04:21:46,297 - INFO - 处理进度 [2409/11571]: sh881162
2025-08-20 04:21:47,341 - WARNING - 股票 sh880002 不存在于观察池中
2025-08-20 04:21:47,342 - INFO - 数据库初始化完成
2025-08-20 04:21:47,343 - INFO - 处理进度 [2410/11571]: sh880002
2025-08-20 04:21:52,988 - WARNING - 股票 sh588200 不存在于观察池中
2025-08-20 04:21:52,989 - INFO - 处理进度 [2411/11571]: sh588200
2025-08-20 04:21:52,990 - INFO - 数据库初始化完成
2025-08-20 04:22:02,549 - WARNING - 股票 sh600782 不存在于观察池中
2025-08-20 04:22:02,550 - INFO - 处理进度 [2412/11571]: sh600782
2025-08-20 04:22:02,550 - INFO - 数据库初始化完成
2025-08-20 04:22:22,133 - WARNING - 差分进化优化失败，使用默认参数
2025-08-20 04:22:22,134 - ERROR - sh688135 参数优化失败，使用默认参数回退
2025-08-20 04:22:22,148 - WARNING - 股票 sh688135 不存在于观察池中
2025-08-20 04:22:22,148 - INFO - 数据库初始化完成
2025-08-20 04:22:22,149 - INFO - 处理进度 [2413/11571]: sh688135
2025-08-20 04:22:28,435 - WARNING - 股票 sh600080 不存在于观察池中
2025-08-20 04:22:28,435 - INFO - 处理进度 [2414/11571]: sh600080
2025-08-20 04:22:28,436 - INFO - 数据库初始化完成
2025-08-20 04:22:46,705 - WARNING - 差分进化优化失败，使用默认参数
2025-08-20 04:22:46,705 - ERROR - sh600423 参数优化失败，使用默认参数回退
2025-08-20 04:22:46,720 - WARNING - 股票 sh600423 不存在于观察池中
2025-08-20 04:22:46,721 - INFO - 数据库初始化完成
2025-08-20 04:22:46,721 - INFO - 处理进度 [2415/11571]: sh600423
2025-08-20 04:22:50,915 - WARNING - 股票 sh516010 不存在于观察池中
2025-08-20 04:22:50,916 - INFO - 处理进度 [2416/11571]: sh516010
2025-08-20 04:22:50,916 - INFO - 数据库初始化完成
2025-08-20 04:23:03,220 - WARNING - 股票 sh600360 不存在于观察池中
2025-08-20 04:23:03,221 - INFO - 数据库初始化完成
2025-08-20 04:23:03,221 - INFO - 处理进度 [2417/11571]: sh600360
2025-08-20 04:23:03,788 - WARNING - 股票 sh600037 不存在于观察池中
2025-08-20 04:23:03,789 - INFO - 处理进度 [2418/11571]: sh600037
2025-08-20 04:23:03,789 - INFO - 数据库初始化完成
2025-08-20 04:23:47,269 - WARNING - 股票 sh516320 不存在于观察池中
2025-08-20 04:23:47,270 - INFO - 处理进度 [2419/11571]: sh516320
2025-08-20 04:23:47,270 - INFO - 数据库初始化完成
2025-08-20 04:24:16,149 - WARNING - 股票 sh688475 不存在于观察池中
2025-08-20 04:24:16,150 - INFO - 数据库初始化完成
2025-08-20 04:24:16,153 - INFO - 处理进度 [2420/11571]: sh688475
2025-08-20 04:24:16,161 - WARNING - sh560850 数据不足 (少于250天)，无法生成画像
2025-08-20 04:24:16,161 - INFO - 处理进度 [2421/11571]: sh560850
2025-08-20 04:24:16,162 - INFO - 数据库初始化完成
2025-08-20 04:24:19,330 - WARNING - 差分进化优化失败，使用默认参数
2025-08-20 04:24:19,356 - ERROR - sh600079 参数优化失败，使用默认参数回退
2025-08-20 04:24:19,368 - WARNING - 股票 sh600079 不存在于观察池中
2025-08-20 04:24:19,369 - INFO - 处理进度 [2422/11571]: sh600079
2025-08-20 04:24:19,369 - INFO - 数据库初始化完成
2025-08-20 04:24:21,205 - WARNING - 股票 sh600744 不存在于观察池中
2025-08-20 04:24:21,205 - INFO - 处理进度 [2423/11571]: sh600744
2025-08-20 04:24:21,206 - INFO - 数据库初始化完成
2025-08-20 04:24:42,184 - WARNING - 差分进化优化失败，使用默认参数
2025-08-20 04:24:42,184 - ERROR - sh600897 参数优化失败，使用默认参数回退
2025-08-20 04:24:42,198 - WARNING - 股票 sh600897 不存在于观察池中
2025-08-20 04:24:42,199 - INFO - 处理进度 [2424/11571]: sh600897
2025-08-20 04:24:42,199 - INFO - 数据库初始化完成
2025-08-20 04:24:51,377 - WARNING - 股票 sh881285 不存在于观察池中
2025-08-20 04:24:51,378 - INFO - 处理进度 [2425/11571]: sh881285
2025-08-20 04:24:51,379 - INFO - 数据库初始化完成
2025-08-20 04:25:00,932 - WARNING - 股票 sh880460 不存在于观察池中
2025-08-20 04:25:00,933 - INFO - 数据库初始化完成
2025-08-20 04:25:00,933 - INFO - 处理进度 [2426/11571]: sh880460
2025-08-20 04:25:00,945 - WARNING - sh561010 数据不足 (少于250天)，无法生成画像
2025-08-20 04:25:00,945 - INFO - 处理进度 [2427/11571]: sh561010
2025-08-20 04:25:00,946 - INFO - 数据库初始化完成
2025-08-20 04:25:00,957 - WARNING - sh603207 数据不足 (少于250天)，无法生成画像
2025-08-20 04:25:00,957 - INFO - 数据库初始化完成
2025-08-20 04:25:00,957 - INFO - 处理进度 [2428/11571]: sh603207
2025-08-20 04:25:01,762 - WARNING - 股票 sh501038 不存在于观察池中
2025-08-20 04:25:01,763 - INFO - 处理进度 [2429/11571]: sh501038
2025-08-20 04:25:01,763 - INFO - 数据库初始化完成
2025-08-20 04:25:38,614 - WARNING - 股票 sh603718 不存在于观察池中
2025-08-20 04:25:38,615 - INFO - 数据库初始化完成
2025-08-20 04:25:38,615 - INFO - 处理进度 [2430/11571]: sh603718
2025-08-20 04:25:50,496 - WARNING - 股票 sh600389 不存在于观察池中
2025-08-20 04:25:50,497 - INFO - 数据库初始化完成
2025-08-20 04:25:50,497 - INFO - 处理进度 [2431/11571]: sh600389
2025-08-20 04:25:54,227 - WARNING - 股票 sh880911 不存在于观察池中
2025-08-20 04:25:54,227 - INFO - 处理进度 [2432/11571]: sh880911
2025-08-20 04:25:54,228 - INFO - 数据库初始化完成
2025-08-20 04:26:18,597 - WARNING - 差分进化优化失败，使用默认参数
2025-08-20 04:26:18,597 - ERROR - sh900923 参数优化失败，使用默认参数回退
2025-08-20 04:26:18,611 - WARNING - 股票 sh900923 不存在于观察池中
2025-08-20 04:26:18,612 - INFO - 数据库初始化完成
2025-08-20 04:26:18,612 - INFO - 处理进度 [2433/11571]: sh900923
2025-08-20 04:26:24,837 - WARNING - 股票 sh603398 不存在于观察池中
2025-08-20 04:26:24,839 - INFO - 数据库初始化完成
2025-08-20 04:26:24,839 - INFO - 处理进度 [2434/11571]: sh603398
2025-08-20 04:26:24,849 - WARNING - sh110097 数据不足 (少于250天)，无法生成画像
2025-08-20 04:26:24,850 - INFO - 处理进度 [2435/11571]: sh110097
2025-08-20 04:26:24,850 - INFO - 数据库初始化完成
2025-08-20 04:26:49,293 - WARNING - 股票 sh688668 不存在于观察池中
2025-08-20 04:26:49,293 - INFO - 处理进度 [2436/11571]: sh688668
2025-08-20 04:26:49,294 - INFO - 数据库初始化完成
2025-08-20 04:26:49,310 - WARNING - sh688450 数据不足 (少于250天)，无法生成画像
2025-08-20 04:26:49,310 - INFO - 数据库初始化完成
2025-08-20 04:26:49,311 - INFO - 处理进度 [2437/11571]: sh688450
2025-08-20 04:27:33,383 - WARNING - 股票 sh603757 不存在于观察池中
2025-08-20 04:27:33,384 - INFO - 处理进度 [2438/11571]: sh603757
2025-08-20 04:27:33,384 - INFO - 数据库初始化完成
2025-08-20 04:27:48,625 - WARNING - 差分进化优化失败，使用默认参数
2025-08-20 04:27:48,625 - ERROR - sh603020 参数优化失败，使用默认参数回退
2025-08-20 04:27:48,639 - WARNING - 股票 sh603020 不存在于观察池中
2025-08-20 04:27:48,639 - INFO - 数据库初始化完成
2025-08-20 04:27:48,640 - INFO - 处理进度 [2439/11571]: sh603020
2025-08-20 04:28:01,503 - WARNING - 差分进化优化失败，使用默认参数
2025-08-20 04:28:01,503 - ERROR - sh880038 参数优化失败，使用默认参数回退
2025-08-20 04:28:01,517 - WARNING - 股票 sh880038 不存在于观察池中
2025-08-20 04:28:01,518 - INFO - 数据库初始化完成
2025-08-20 04:28:01,518 - INFO - 处理进度 [2440/11571]: sh880038
2025-08-20 04:28:05,275 - WARNING - 股票 sh880532 不存在于观察池中
2025-08-20 04:28:05,275 - INFO - 数据库初始化完成
2025-08-20 04:28:05,278 - INFO - 处理进度 [2441/11571]: sh880532
2025-08-20 04:28:12,159 - WARNING - 股票 sh513890 不存在于观察池中
2025-08-20 04:28:12,160 - INFO - 处理进度 [2442/11571]: sh513890
2025-08-20 04:28:12,160 - INFO - 数据库初始化完成
2025-08-20 04:28:12,172 - WARNING - sh561780 数据不足 (少于250天)，无法生成画像
2025-08-20 04:28:12,173 - INFO - 处理进度 [2443/11571]: sh561780
2025-08-20 04:28:12,173 - INFO - 数据库初始化完成
2025-08-20 04:28:23,058 - WARNING - 差分进化优化失败，使用默认参数
2025-08-20 04:28:23,058 - ERROR - sh880952 参数优化失败，使用默认参数回退
2025-08-20 04:28:23,072 - WARNING - 股票 sh880952 不存在于观察池中
2025-08-20 04:28:23,072 - INFO - 处理进度 [2444/11571]: sh880952
2025-08-20 04:28:23,073 - INFO - 数据库初始化完成
2025-08-20 04:28:46,240 - WARNING - 股票 sh516760 不存在于观察池中
2025-08-20 04:28:46,242 - INFO - 数据库初始化完成
2025-08-20 04:28:46,242 - INFO - 处理进度 [2445/11571]: sh516760
2025-08-20 04:28:51,804 - WARNING - 股票 sh900925 不存在于观察池中
2025-08-20 04:28:51,805 - INFO - 处理进度 [2446/11571]: sh900925
2025-08-20 04:28:51,805 - INFO - 数据库初始化完成
2025-08-20 04:29:22,150 - WARNING - 股票 sh600847 不存在于观察池中
2025-08-20 04:29:22,151 - INFO - 数据库初始化完成
2025-08-20 04:29:22,151 - INFO - 处理进度 [2447/11571]: sh600847
2025-08-20 04:29:28,360 - WARNING - 股票 sh881050 不存在于观察池中
2025-08-20 04:29:28,361 - INFO - 处理进度 [2448/11571]: sh881050
2025-08-20 04:29:28,362 - INFO - 数据库初始化完成
2025-08-20 04:29:37,815 - WARNING - 股票 sh560060 不存在于观察池中
2025-08-20 04:29:37,816 - INFO - 数据库初始化完成
2025-08-20 04:29:37,817 - INFO - 处理进度 [2449/11571]: sh560060
2025-08-20 04:29:53,191 - WARNING - 股票 sh603192 不存在于观察池中
2025-08-20 04:29:53,192 - INFO - 处理进度 [2450/11571]: sh603192
2025-08-20 04:29:53,192 - INFO - 数据库初始化完成
2025-08-20 04:30:28,798 - WARNING - 股票 sh562010 不存在于观察池中
2025-08-20 04:30:28,799 - INFO - 处理进度 [2451/11571]: sh562010
2025-08-20 04:30:28,799 - INFO - 数据库初始化完成
2025-08-20 04:31:24,608 - WARNING - 股票 sh603159 不存在于观察池中
2025-08-20 04:31:24,609 - INFO - 数据库初始化完成
2025-08-20 04:31:24,609 - INFO - 处理进度 [2452/11571]: sh603159
2025-08-20 04:31:27,485 - WARNING - 差分进化优化失败，使用默认参数
2025-08-20 04:31:27,485 - ERROR - sh600186 参数优化失败，使用默认参数回退
2025-08-20 04:31:27,499 - WARNING - 股票 sh600186 不存在于观察池中
2025-08-20 04:31:27,500 - INFO - 数据库初始化完成
2025-08-20 04:31:27,500 - INFO - 处理进度 [2453/11571]: sh600186
2025-08-20 04:31:34,378 - WARNING - 股票 sh880871 不存在于观察池中
2025-08-20 04:31:34,378 - INFO - 处理进度 [2454/11571]: sh880871
2025-08-20 04:31:34,379 - INFO - 数据库初始化完成
2025-08-20 04:31:44,909 - WARNING - 股票 sh511020 不存在于观察池中
2025-08-20 04:31:44,910 - INFO - 数据库初始化完成
2025-08-20 04:31:44,910 - INFO - 处理进度 [2455/11571]: sh511020
2025-08-20 04:31:54,388 - WARNING - 股票 sh603366 不存在于观察池中
2025-08-20 04:31:54,389 - INFO - 数据库初始化完成
2025-08-20 04:31:54,389 - INFO - 处理进度 [2456/11571]: sh603366
2025-08-20 04:31:59,782 - WARNING - 股票 sh603353 不存在于观察池中
2025-08-20 04:31:59,782 - INFO - 处理进度 [2457/11571]: sh603353
2025-08-20 04:31:59,783 - INFO - 数据库初始化完成
2025-08-20 04:32:01,593 - WARNING - 股票 sh113659 不存在于观察池中
2025-08-20 04:32:01,594 - INFO - 数据库初始化完成
2025-08-20 04:32:01,594 - INFO - 处理进度 [2458/11571]: sh113659
2025-08-20 04:32:18,904 - WARNING - 股票 sh880942 不存在于观察池中
2025-08-20 04:32:18,905 - INFO - 数据库初始化完成
2025-08-20 04:32:18,905 - INFO - 处理进度 [2459/11571]: sh880942
2025-08-20 04:32:35,354 - WARNING - 股票 sh881456 不存在于观察池中
2025-08-20 04:32:35,355 - INFO - 数据库初始化完成
2025-08-20 04:32:35,355 - INFO - 处理进度 [2460/11571]: sh881456
2025-08-20 04:32:43,291 - WARNING - 股票 sh562310 不存在于观察池中
2025-08-20 04:32:43,292 - INFO - 处理进度 [2461/11571]: sh562310
2025-08-20 04:32:43,292 - INFO - 数据库初始化完成
2025-08-20 04:32:45,248 - WARNING - 股票 sh603129 不存在于观察池中
2025-08-20 04:32:45,249 - INFO - 数据库初始化完成
2025-08-20 04:32:45,249 - INFO - 处理进度 [2462/11571]: sh603129
2025-08-20 04:33:20,196 - WARNING - 差分进化优化失败，使用默认参数
2025-08-20 04:33:20,196 - ERROR - sh600758 参数优化失败，使用默认参数回退
2025-08-20 04:33:20,210 - WARNING - 股票 sh600758 不存在于观察池中
2025-08-20 04:33:20,211 - INFO - 数据库初始化完成
2025-08-20 04:33:20,211 - INFO - 处理进度 [2463/11571]: sh600758
2025-08-20 04:33:37,358 - WARNING - 差分进化优化失败，使用默认参数
2025-08-20 04:33:37,359 - ERROR - sh880202 参数优化失败，使用默认参数回退
2025-08-20 04:33:37,372 - WARNING - 股票 sh880202 不存在于观察池中
2025-08-20 04:33:37,373 - INFO - 处理进度 [2464/11571]: sh880202
2025-08-20 04:33:37,373 - INFO - 数据库初始化完成
2025-08-20 04:33:48,147 - WARNING - 股票 sh881035 不存在于观察池中
2025-08-20 04:33:48,148 - INFO - 数据库初始化完成
2025-08-20 04:33:48,149 - INFO - 处理进度 [2465/11571]: sh881035
2025-08-20 04:33:48,244 - WARNING - 股票 sh880636 不存在于观察池中
2025-08-20 04:33:48,244 - INFO - 处理进度 [2466/11571]: sh880636
2025-08-20 04:33:48,245 - INFO - 数据库初始化完成
2025-08-20 04:33:50,475 - WARNING - 股票 sh603330 不存在于观察池中
2025-08-20 04:33:50,476 - INFO - 数据库初始化完成
2025-08-20 04:33:50,476 - INFO - 处理进度 [2467/11571]: sh603330
2025-08-20 04:33:52,837 - WARNING - 差分进化优化失败，使用默认参数
2025-08-20 04:33:52,838 - ERROR - sh600230 参数优化失败，使用默认参数回退
2025-08-20 04:33:52,852 - WARNING - 股票 sh600230 不存在于观察池中
2025-08-20 04:33:52,852 - INFO - 数据库初始化完成
2025-08-20 04:33:52,855 - INFO - 处理进度 [2468/11571]: sh600230
2025-08-20 04:33:52,866 - WARNING - sh880541 数据不足 (少于250天)，无法生成画像
2025-08-20 04:33:52,866 - INFO - 处理进度 [2469/11571]: sh880541
2025-08-20 04:33:52,867 - INFO - 数据库初始化完成
2025-08-20 04:33:54,908 - WARNING - 股票 sh880455 不存在于观察池中
2025-08-20 04:33:54,909 - INFO - 数据库初始化完成
2025-08-20 04:33:54,909 - INFO - 处理进度 [2470/11571]: sh880455
2025-08-20 04:34:40,649 - WARNING - 股票 sh688633 不存在于观察池中
2025-08-20 04:34:40,650 - INFO - 处理进度 [2471/11571]: sh688633
2025-08-20 04:34:40,650 - INFO - 数据库初始化完成
2025-08-20 04:34:43,760 - WARNING - 股票 sh688617 不存在于观察池中
2025-08-20 04:34:43,760 - INFO - 处理进度 [2472/11571]: sh688617
2025-08-20 04:34:43,761 - INFO - 数据库初始化完成
2025-08-20 04:34:43,771 - WARNING - sh880698 数据不足 (少于250天)，无法生成画像
2025-08-20 04:34:43,772 - INFO - 数据库初始化完成
2025-08-20 04:34:43,773 - INFO - 处理进度 [2473/11571]: sh880698
2025-08-20 04:34:44,187 - WARNING - 股票 sh603922 不存在于观察池中
2025-08-20 04:34:44,188 - INFO - 处理进度 [2474/11571]: sh603922
2025-08-20 04:34:44,188 - INFO - 数据库初始化完成
2025-08-20 04:35:00,254 - WARNING - 股票 sh118000 不存在于观察池中
2025-08-20 04:35:00,255 - INFO - 数据库初始化完成
2025-08-20 04:35:00,256 - INFO - 处理进度 [2475/11571]: sh118000
2025-08-20 04:35:00,430 - WARNING - 股票 sh603709 不存在于观察池中
2025-08-20 04:35:00,431 - INFO - 数据库初始化完成
2025-08-20 04:35:00,432 - INFO - 处理进度 [2476/11571]: sh603709
2025-08-20 04:35:25,871 - WARNING - 股票 sh880574 不存在于观察池中
2025-08-20 04:35:25,872 - INFO - 数据库初始化完成
2025-08-20 04:35:25,873 - INFO - 处理进度 [2477/11571]: sh880574
2025-08-20 04:35:28,022 - WARNING - 股票 sh588400 不存在于观察池中
2025-08-20 04:35:28,022 - INFO - 数据库初始化完成
2025-08-20 04:35:28,023 - INFO - 处理进度 [2478/11571]: sh588400
2025-08-20 04:35:42,281 - WARNING - 股票 sh113655 不存在于观察池中
2025-08-20 04:35:42,282 - INFO - 数据库初始化完成
2025-08-20 04:35:42,282 - INFO - 处理进度 [2479/11571]: sh113655
2025-08-20 04:36:07,856 - WARNING - 股票 sh881169 不存在于观察池中
2025-08-20 04:36:07,857 - INFO - 数据库初始化完成
2025-08-20 04:36:07,858 - INFO - 处理进度 [2480/11571]: sh881169
2025-08-20 04:36:22,242 - WARNING - 股票 sh600035 不存在于观察池中
2025-08-20 04:36:22,243 - INFO - 数据库初始化完成
2025-08-20 04:36:22,243 - INFO - 处理进度 [2481/11571]: sh600035
2025-08-20 04:36:26,832 - WARNING - 股票 sh600536 不存在于观察池中
2025-08-20 04:36:26,832 - INFO - 数据库初始化完成
2025-08-20 04:36:26,833 - INFO - 处理进度 [2482/11571]: sh600536
2025-08-20 04:36:44,163 - WARNING - 股票 sh601061 不存在于观察池中
2025-08-20 04:36:44,164 - INFO - 数据库初始化完成
2025-08-20 04:36:44,164 - INFO - 处理进度 [2483/11571]: sh601061
2025-08-20 04:37:12,556 - WARNING - 股票 sh600935 不存在于观察池中
2025-08-20 04:37:12,557 - INFO - 处理进度 [2484/11571]: sh600935
2025-08-20 04:37:12,557 - INFO - 数据库初始化完成
2025-08-20 04:37:37,284 - WARNING - 股票 sh603556 不存在于观察池中
2025-08-20 04:37:37,285 - INFO - 数据库初始化完成
2025-08-20 04:37:37,285 - INFO - 处理进度 [2485/11571]: sh603556
2025-08-20 04:37:52,073 - WARNING - 股票 sh603725 不存在于观察池中
2025-08-20 04:37:52,074 - INFO - 数据库初始化完成
2025-08-20 04:37:52,074 - INFO - 处理进度 [2486/11571]: sh603725
2025-08-20 04:37:56,699 - WARNING - 股票 sh880591 不存在于观察池中
2025-08-20 04:37:56,700 - INFO - 数据库初始化完成
2025-08-20 04:37:56,701 - INFO - 处理进度 [2487/11571]: sh880591
2025-08-20 04:37:57,551 - WARNING - 股票 sh516390 不存在于观察池中
2025-08-20 04:37:57,552 - INFO - 处理进度 [2488/11571]: sh516390
2025-08-20 04:37:57,552 - INFO - 数据库初始化完成
2025-08-20 04:38:33,168 - WARNING - 股票 sh561700 不存在于观察池中
2025-08-20 04:38:33,169 - INFO - 数据库初始化完成
2025-08-20 04:38:33,172 - INFO - 处理进度 [2489/11571]: sh561700
2025-08-20 04:38:45,548 - WARNING - 股票 sh688016 不存在于观察池中
2025-08-20 04:38:45,549 - INFO - 处理进度 [2490/11571]: sh688016
2025-08-20 04:38:45,549 - INFO - 数据库初始化完成
2025-08-20 04:38:48,058 - WARNING - 股票 sh603860 不存在于观察池中
2025-08-20 04:38:48,059 - INFO - 数据库初始化完成
2025-08-20 04:38:48,059 - INFO - 处理进度 [2491/11571]: sh603860
2025-08-20 04:39:15,937 - WARNING - 差分进化优化失败，使用默认参数
2025-08-20 04:39:15,938 - ERROR - sh515530 参数优化失败，使用默认参数回退
2025-08-20 04:39:15,951 - WARNING - 股票 sh515530 不存在于观察池中
2025-08-20 04:39:15,952 - INFO - 处理进度 [2492/11571]: sh515530
2025-08-20 04:39:15,952 - INFO - 数据库初始化完成
2025-08-20 04:39:17,164 - WARNING - 股票 sh512970 不存在于观察池中
2025-08-20 04:39:17,165 - INFO - 处理进度 [2493/11571]: sh512970
2025-08-20 04:39:17,165 - INFO - 数据库初始化完成
2025-08-20 04:39:28,068 - WARNING - 股票 sh603991 不存在于观察池中
2025-08-20 04:39:28,070 - INFO - 数据库初始化完成
2025-08-20 04:39:28,070 - INFO - 处理进度 [2494/11571]: sh603991
2025-08-20 04:39:53,212 - WARNING - 股票 sh881356 不存在于观察池中
2025-08-20 04:39:53,213 - INFO - 处理进度 [2495/11571]: sh881356
2025-08-20 04:39:53,213 - INFO - 数据库初始化完成
2025-08-20 04:40:58,844 - WARNING - 股票 sh881312 不存在于观察池中
2025-08-20 04:40:58,846 - INFO - 数据库初始化完成
2025-08-20 04:40:58,846 - INFO - 处理进度 [2496/11571]: sh881312
2025-08-20 04:41:02,588 - WARNING - 股票 sh601801 不存在于观察池中
2025-08-20 04:41:02,589 - INFO - 数据库初始化完成
2025-08-20 04:41:02,589 - INFO - 处理进度 [2497/11571]: sh601801
2025-08-20 04:41:22,093 - WARNING - 股票 sh688498 不存在于观察池中
2025-08-20 04:41:22,094 - INFO - 数据库初始化完成
2025-08-20 04:41:22,095 - INFO - 处理进度 [2498/11571]: sh688498
2025-08-20 04:41:33,872 - WARNING - 股票 sh603135 不存在于观察池中
2025-08-20 04:41:33,873 - INFO - 处理进度 [2499/11571]: sh603135
2025-08-20 04:41:33,873 - INFO - 数据库初始化完成
2025-08-20 04:41:41,077 - WARNING - 股票 sh600812 不存在于观察池中
2025-08-20 04:41:41,078 - INFO - 数据库初始化完成
2025-08-20 04:41:41,078 - INFO - 处理进度 [2500/11571]: sh600812
2025-08-20 04:41:52,786 - WARNING - 股票 sh601595 不存在于观察池中
2025-08-20 04:41:52,787 - INFO - 处理进度 [2501/11571]: sh601595
2025-08-20 04:41:52,788 - INFO - 数据库初始化完成
2025-08-20 04:42:01,682 - WARNING - 股票 sh881232 不存在于观察池中
2025-08-20 04:42:01,683 - INFO - 数据库初始化完成
2025-08-20 04:42:01,683 - INFO - 处理进度 [2502/11571]: sh881232
2025-08-20 04:42:26,018 - WARNING - 差分进化优化失败，使用默认参数
2025-08-20 04:42:26,018 - ERROR - sh880823 参数优化失败，使用默认参数回退
2025-08-20 04:42:26,032 - WARNING - 股票 sh880823 不存在于观察池中
2025-08-20 04:42:26,032 - INFO - 数据库初始化完成
2025-08-20 04:42:26,033 - INFO - 处理进度 [2503/11571]: sh880823
2025-08-20 04:42:29,767 - WARNING - 股票 sh603630 不存在于观察池中
2025-08-20 04:42:29,767 - INFO - 处理进度 [2504/11571]: sh603630
2025-08-20 04:42:29,768 - INFO - 数据库初始化完成
2025-08-20 04:42:37,129 - WARNING - 股票 sh688586 不存在于观察池中
2025-08-20 04:42:37,130 - INFO - 数据库初始化完成
2025-08-20 04:42:37,131 - INFO - 处理进度 [2505/11571]: sh688586
2025-08-20 04:42:45,403 - WARNING - 股票 sh603825 不存在于观察池中
2025-08-20 04:42:45,404 - INFO - 数据库初始化完成
2025-08-20 04:42:45,405 - INFO - 处理进度 [2506/11571]: sh603825
2025-08-20 04:42:59,918 - WARNING - 股票 sh501095 不存在于观察池中
2025-08-20 04:42:59,919 - INFO - 处理进度 [2507/11571]: sh501095
2025-08-20 04:42:59,920 - INFO - 数据库初始化完成
2025-08-20 04:43:21,801 - WARNING - 股票 sh880571 不存在于观察池中
2025-08-20 04:43:21,802 - INFO - 数据库初始化完成
2025-08-20 04:43:21,803 - INFO - 处理进度 [2508/11571]: sh880571
2025-08-20 04:43:29,219 - WARNING - 股票 sh603217 不存在于观察池中
2025-08-20 04:43:29,221 - INFO - 数据库初始化完成
2025-08-20 04:43:29,221 - INFO - 处理进度 [2509/11571]: sh603217
2025-08-20 04:43:29,232 - WARNING - sh118039 数据不足 (少于250天)，无法生成画像
2025-08-20 04:43:29,233 - INFO - 处理进度 [2510/11571]: sh118039
2025-08-20 04:43:29,233 - INFO - 数据库初始化完成
2025-08-20 04:44:02,349 - WARNING - 股票 sh603569 不存在于观察池中
2025-08-20 04:44:02,350 - INFO - 处理进度 [2511/11571]: sh603569
2025-08-20 04:44:02,350 - INFO - 数据库初始化完成
2025-08-20 04:44:02,362 - WARNING - sh603107 数据不足 (少于250天)，无法生成画像
2025-08-20 04:44:02,363 - INFO - 数据库初始化完成
2025-08-20 04:44:02,364 - INFO - 处理进度 [2512/11571]: sh603107
2025-08-20 04:44:02,376 - WARNING - sh603325 数据不足 (少于250天)，无法生成画像
2025-08-20 04:44:02,377 - INFO - 处理进度 [2513/11571]: sh603325
2025-08-20 04:44:02,377 - INFO - 数据库初始化完成
2025-08-20 04:44:41,806 - WARNING - 股票 sh118025 不存在于观察池中
2025-08-20 04:44:41,807 - INFO - 数据库初始化完成
2025-08-20 04:44:41,807 - INFO - 处理进度 [2514/11571]: sh118025
2025-08-20 04:45:14,412 - WARNING - 股票 sh601231 不存在于观察池中
2025-08-20 04:45:14,412 - INFO - 处理进度 [2515/11571]: sh601231
2025-08-20 04:45:14,413 - INFO - 数据库初始化完成
2025-08-20 04:45:29,564 - WARNING - 股票 sh600520 不存在于观察池中
2025-08-20 04:45:29,565 - INFO - 数据库初始化完成
2025-08-20 04:45:29,565 - INFO - 处理进度 [2516/11571]: sh600520
2025-08-20 04:45:56,300 - WARNING - 差分进化优化失败，使用默认参数
2025-08-20 04:45:56,300 - ERROR - sh688139 参数优化失败，使用默认参数回退
2025-08-20 04:45:56,314 - WARNING - 股票 sh688139 不存在于观察池中
2025-08-20 04:45:56,315 - INFO - 处理进度 [2517/11571]: sh688139
2025-08-20 04:45:56,315 - INFO - 数据库初始化完成
2025-08-20 04:45:57,280 - WARNING - 股票 sh600332 不存在于观察池中
2025-08-20 04:45:57,281 - INFO - 处理进度 [2518/11571]: sh600332
2025-08-20 04:45:57,281 - INFO - 数据库初始化完成
2025-08-20 04:46:06,157 - WARNING - 股票 sh600111 不存在于观察池中
2025-08-20 04:46:06,157 - INFO - 数据库初始化完成
2025-08-20 04:46:06,158 - INFO - 处理进度 [2519/11571]: sh600111
2025-08-20 04:46:17,185 - WARNING - 差分进化优化失败，使用默认参数
2025-08-20 04:46:17,185 - ERROR - sh881123 参数优化失败，使用默认参数回退
2025-08-20 04:46:17,199 - WARNING - 股票 sh881123 不存在于观察池中
2025-08-20 04:46:17,200 - INFO - 处理进度 [2520/11571]: sh881123
2025-08-20 04:46:17,201 - INFO - 数据库初始化完成
2025-08-20 04:46:25,140 - WARNING - 股票 sh880850 不存在于观察池中
2025-08-20 04:46:25,141 - INFO - 数据库初始化完成
2025-08-20 04:46:25,142 - INFO - 处理进度 [2521/11571]: sh880850
2025-08-20 04:46:47,593 - WARNING - 股票 sh688026 不存在于观察池中
2025-08-20 04:46:47,618 - INFO - 处理进度 [2522/11571]: sh688026
2025-08-20 04:46:47,619 - INFO - 数据库初始化完成
2025-08-20 04:47:10,027 - WARNING - 差分进化优化失败，使用默认参数
2025-08-20 04:47:10,028 - ERROR - sh688063 参数优化失败，使用默认参数回退
2025-08-20 04:47:10,041 - WARNING - 股票 sh688063 不存在于观察池中
2025-08-20 04:47:10,042 - INFO - 处理进度 [2523/11571]: sh688063
2025-08-20 04:47:10,042 - INFO - 数据库初始化完成
2025-08-20 04:47:12,339 - WARNING - 股票 sh900928 不存在于观察池中
2025-08-20 04:47:12,365 - INFO - 数据库初始化完成
2025-08-20 04:47:12,365 - INFO - 处理进度 [2524/11571]: sh900928
2025-08-20 04:47:15,510 - WARNING - 股票 sh600673 不存在于观察池中
2025-08-20 04:47:15,511 - INFO - 处理进度 [2525/11571]: sh600673
2025-08-20 04:47:15,511 - INFO - 数据库初始化完成
2025-08-20 04:47:32,545 - WARNING - 股票 sh603917 不存在于观察池中
2025-08-20 04:47:32,546 - INFO - 处理进度 [2526/11571]: sh603917
2025-08-20 04:47:32,546 - INFO - 数据库初始化完成
2025-08-20 04:47:37,106 - WARNING - 差分进化优化失败，使用默认参数
2025-08-20 04:47:37,107 - ERROR - sh603912 参数优化失败，使用默认参数回退
2025-08-20 04:47:37,121 - WARNING - 股票 sh603912 不存在于观察池中
2025-08-20 04:47:37,122 - INFO - 处理进度 [2527/11571]: sh603912
2025-08-20 04:47:37,123 - INFO - 数据库初始化完成
2025-08-20 04:47:56,646 - WARNING - 股票 sh600339 不存在于观察池中
2025-08-20 04:47:56,647 - INFO - 处理进度 [2528/11571]: sh600339
2025-08-20 04:47:56,647 - INFO - 数据库初始化完成
2025-08-20 04:48:10,581 - WARNING - 差分进化优化失败，使用默认参数
2025-08-20 04:48:10,582 - ERROR - sh601727 参数优化失败，使用默认参数回退
2025-08-20 04:48:10,595 - WARNING - 股票 sh601727 不存在于观察池中
2025-08-20 04:48:10,596 - INFO - 数据库初始化完成
2025-08-20 04:48:10,596 - INFO - 处理进度 [2529/11571]: sh601727
2025-08-20 04:48:33,466 - WARNING - 股票 sh600392 不存在于观察池中
2025-08-20 04:48:33,466 - INFO - 数据库初始化完成
2025-08-20 04:48:33,467 - INFO - 处理进度 [2530/11571]: sh600392
2025-08-20 04:48:33,476 - WARNING - sh562810 数据不足 (少于250天)，无法生成画像
2025-08-20 04:48:33,477 - INFO - 数据库初始化完成
2025-08-20 04:48:33,478 - WARNING - sh588920 数据不足 (少于250天)，无法生成画像
2025-08-20 04:48:33,478 - INFO - 处理进度 [2531/11571]: sh562810
2025-08-20 04:48:33,478 - INFO - 数据库初始化完成
2025-08-20 04:48:33,478 - INFO - 处理进度 [2532/11571]: sh588920
2025-08-20 04:48:50,189 - WARNING - 股票 sh512480 不存在于观察池中
2025-08-20 04:48:50,189 - INFO - 处理进度 [2533/11571]: sh512480
2025-08-20 04:48:50,190 - INFO - 数据库初始化完成
2025-08-20 04:49:01,713 - WARNING - 股票 sh603077 不存在于观察池中
2025-08-20 04:49:01,714 - INFO - 处理进度 [2534/11571]: sh603077
2025-08-20 04:49:01,714 - INFO - 数据库初始化完成
2025-08-20 04:49:25,305 - WARNING - 股票 sh880218 不存在于观察池中
2025-08-20 04:49:25,306 - INFO - 处理进度 [2535/11571]: sh880218
2025-08-20 04:49:25,306 - INFO - 数据库初始化完成
2025-08-20 04:49:26,424 - WARNING - 股票 sh881170 不存在于观察池中
2025-08-20 04:49:26,425 - INFO - 数据库初始化完成
2025-08-20 04:49:26,425 - INFO - 处理进度 [2536/11571]: sh881170
2025-08-20 04:49:51,897 - WARNING - 股票 sh603011 不存在于观察池中
2025-08-20 04:49:51,898 - INFO - 数据库初始化完成
2025-08-20 04:49:51,898 - INFO - 处理进度 [2537/11571]: sh603011
2025-08-20 04:49:51,900 - WARNING - sh111022 数据不足 (少于250天)，无法生成画像
2025-08-20 04:49:51,900 - INFO - 处理进度 [2538/11571]: sh111022
2025-08-20 04:49:51,900 - INFO - 数据库初始化完成
2025-08-20 04:50:09,168 - WARNING - 差分进化优化失败，使用默认参数
2025-08-20 04:50:09,168 - ERROR - sh688167 参数优化失败，使用默认参数回退
2025-08-20 04:50:09,189 - WARNING - 股票 sh688167 不存在于观察池中
2025-08-20 04:50:09,190 - INFO - 数据库初始化完成
2025-08-20 04:50:09,190 - INFO - 处理进度 [2539/11571]: sh688167
2025-08-20 04:50:19,784 - WARNING - 股票 sh881443 不存在于观察池中
2025-08-20 04:50:19,785 - INFO - 处理进度 [2540/11571]: sh881443
2025-08-20 04:50:19,786 - INFO - 数据库初始化完成
2025-08-20 04:50:19,811 - WARNING - sh688631 数据不足 (少于250天)，无法生成画像
2025-08-20 04:50:19,812 - INFO - 数据库初始化完成
2025-08-20 04:50:19,813 - INFO - 处理进度 [2541/11571]: sh688631
2025-08-20 04:51:16,669 - WARNING - 股票 sh603377 不存在于观察池中
2025-08-20 04:51:16,670 - INFO - 处理进度 [2542/11571]: sh603377
2025-08-20 04:51:16,670 - INFO - 数据库初始化完成
2025-08-20 04:51:35,391 - WARNING - 股票 sh603067 不存在于观察池中
2025-08-20 04:51:35,392 - INFO - 数据库初始化完成
2025-08-20 04:51:35,392 - INFO - 处理进度 [2543/11571]: sh603067
2025-08-20 04:51:52,719 - WARNING - 股票 sh605500 不存在于观察池中
2025-08-20 04:51:52,720 - INFO - 数据库初始化完成
2025-08-20 04:51:52,721 - INFO - 处理进度 [2544/11571]: sh605500
2025-08-20 04:51:54,289 - WARNING - 股票 sh880362 不存在于观察池中
2025-08-20 04:51:54,290 - INFO - 处理进度 [2545/11571]: sh880362
2025-08-20 04:51:54,290 - INFO - 数据库初始化完成
2025-08-20 04:51:54,296 - WARNING - 股票 sh118010 不存在于观察池中
2025-08-20 04:51:54,297 - INFO - 数据库初始化完成
2025-08-20 04:51:54,298 - INFO - 处理进度 [2546/11571]: sh118010
2025-08-20 04:51:54,505 - WARNING - 股票 sh880473 不存在于观察池中
2025-08-20 04:51:54,506 - INFO - 数据库初始化完成
2025-08-20 04:51:54,506 - INFO - 处理进度 [2547/11571]: sh880473
2025-08-20 04:52:15,648 - WARNING - 股票 sh603012 不存在于观察池中
2025-08-20 04:52:15,650 - INFO - 数据库初始化完成
2025-08-20 04:52:15,650 - INFO - 处理进度 [2548/11571]: sh603012
2025-08-20 04:52:28,703 - WARNING - 差分进化优化失败，使用默认参数
2025-08-20 04:52:28,703 - ERROR - sh588060 参数优化失败，使用默认参数回退
2025-08-20 04:52:28,717 - WARNING - 股票 sh588060 不存在于观察池中
2025-08-20 04:52:28,717 - INFO - 数据库初始化完成
2025-08-20 04:52:28,718 - INFO - 处理进度 [2549/11571]: sh588060
2025-08-20 04:52:41,201 - WARNING - 股票 sh688517 不存在于观察池中
2025-08-20 04:52:41,201 - INFO - 处理进度 [2550/11571]: sh688517
2025-08-20 04:52:41,202 - INFO - 数据库初始化完成
2025-08-20 04:52:53,204 - WARNING - 差分进化优化失败，使用默认参数
2025-08-20 04:52:53,205 - ERROR - sh881023 参数优化失败，使用默认参数回退
2025-08-20 04:52:53,219 - WARNING - 股票 sh881023 不存在于观察池中
2025-08-20 04:52:53,219 - INFO - 处理进度 [2551/11571]: sh881023
2025-08-20 04:52:53,220 - INFO - 数据库初始化完成
2025-08-20 04:52:55,912 - WARNING - 差分进化优化失败，使用默认参数
2025-08-20 04:52:55,912 - ERROR - sh603227 参数优化失败，使用默认参数回退
2025-08-20 04:52:55,926 - WARNING - 股票 sh603227 不存在于观察池中
2025-08-20 04:52:55,926 - INFO - 数据库初始化完成
2025-08-20 04:52:55,927 - INFO - 处理进度 [2552/11571]: sh603227
2025-08-20 04:52:57,617 - WARNING - 股票 sh603061 不存在于观察池中
2025-08-20 04:52:57,617 - INFO - 处理进度 [2553/11571]: sh603061
2025-08-20 04:52:57,618 - INFO - 数据库初始化完成
2025-08-20 04:53:22,326 - WARNING - 差分进化优化失败，使用默认参数
2025-08-20 04:53:22,326 - ERROR - sh881100 参数优化失败，使用默认参数回退
2025-08-20 04:53:22,340 - WARNING - 股票 sh881100 不存在于观察池中
2025-08-20 04:53:22,341 - INFO - 处理进度 [2554/11571]: sh881100
2025-08-20 04:53:22,341 - INFO - 数据库初始化完成
2025-08-20 04:53:26,913 - WARNING - 股票 sh600152 不存在于观察池中
2025-08-20 04:53:26,914 - INFO - 数据库初始化完成
2025-08-20 04:53:26,915 - INFO - 处理进度 [2555/11571]: sh600152
2025-08-20 04:53:31,594 - WARNING - 股票 sh561550 不存在于观察池中
2025-08-20 04:53:31,595 - INFO - 处理进度 [2556/11571]: sh561550
2025-08-20 04:53:31,595 - INFO - 数据库初始化完成
2025-08-20 04:53:56,635 - WARNING - 股票 sh880778 不存在于观察池中
2025-08-20 04:53:56,636 - INFO - 数据库初始化完成
2025-08-20 04:53:56,636 - INFO - 处理进度 [2557/11571]: sh880778
2025-08-20 04:54:30,395 - WARNING - 差分进化优化失败，使用默认参数
2025-08-20 04:54:30,395 - ERROR - sh880380 参数优化失败，使用默认参数回退
2025-08-20 04:54:30,409 - WARNING - 股票 sh880380 不存在于观察池中
2025-08-20 04:54:30,410 - INFO - 数据库初始化完成
2025-08-20 04:54:30,411 - INFO - 处理进度 [2558/11571]: sh880380
2025-08-20 04:54:33,828 - WARNING - 股票 sh881287 不存在于观察池中
2025-08-20 04:54:33,829 - INFO - 处理进度 [2559/11571]: sh881287
2025-08-20 04:54:33,830 - INFO - 数据库初始化完成
2025-08-20 04:54:47,417 - WARNING - 股票 sh601163 不存在于观察池中
2025-08-20 04:54:47,418 - INFO - 数据库初始化完成
2025-08-20 04:54:47,418 - INFO - 处理进度 [2560/11571]: sh601163
2025-08-20 04:55:04,240 - WARNING - 股票 sh601888 不存在于观察池中
2025-08-20 04:55:04,241 - INFO - 处理进度 [2561/11571]: sh601888
2025-08-20 04:55:04,241 - INFO - 数据库初始化完成
2025-08-20 04:55:07,915 - WARNING - 股票 sh881378 不存在于观察池中
2025-08-20 04:55:07,916 - INFO - 数据库初始化完成
2025-08-20 04:55:07,916 - INFO - 处理进度 [2562/11571]: sh881378
2025-08-20 04:55:36,845 - WARNING - 股票 sh588100 不存在于观察池中
2025-08-20 04:55:36,846 - INFO - 数据库初始化完成
2025-08-20 04:55:36,847 - INFO - 处理进度 [2563/11571]: sh588100
2025-08-20 04:55:59,605 - WARNING - 股票 sh516360 不存在于观察池中
2025-08-20 04:55:59,606 - INFO - 数据库初始化完成
2025-08-20 04:55:59,606 - INFO - 处理进度 [2564/11571]: sh516360
2025-08-20 04:55:59,617 - WARNING - sh563200 数据不足 (少于250天)，无法生成画像
2025-08-20 04:55:59,618 - INFO - 处理进度 [2565/11571]: sh563200
2025-08-20 04:55:59,618 - INFO - 数据库初始化完成
2025-08-20 04:56:31,912 - WARNING - 股票 sh880437 不存在于观察池中
2025-08-20 04:56:31,913 - INFO - 数据库初始化完成
2025-08-20 04:56:31,912 - INFO - 处理进度 [2566/11571]: sh880437
2025-08-20 04:56:47,622 - WARNING - 股票 sh880990 不存在于观察池中
2025-08-20 04:56:47,623 - INFO - 数据库初始化完成
2025-08-20 04:56:47,624 - INFO - 处理进度 [2567/11571]: sh880990
2025-08-20 04:57:13,968 - WARNING - 股票 sh600880 不存在于观察池中
2025-08-20 04:57:13,969 - INFO - 数据库初始化完成
2025-08-20 04:57:13,970 - INFO - 处理进度 [2568/11571]: sh600880
2025-08-20 04:57:18,498 - WARNING - 股票 sh688528 不存在于观察池中
2025-08-20 04:57:18,507 - INFO - 数据库初始化完成
2025-08-20 04:57:18,507 - INFO - 处理进度 [2569/11571]: sh688528
2025-08-20 04:57:20,909 - WARNING - 股票 sh600505 不存在于观察池中
2025-08-20 04:57:20,910 - INFO - 数据库初始化完成
2025-08-20 04:57:20,910 - INFO - 处理进度 [2570/11571]: sh600505
2025-08-20 04:57:22,675 - WARNING - 股票 sh603339 不存在于观察池中
2025-08-20 04:57:22,676 - INFO - 数据库初始化完成
2025-08-20 04:57:22,676 - INFO - 处理进度 [2571/11571]: sh603339
2025-08-20 04:57:23,411 - WARNING - 股票 sh601399 不存在于观察池中
2025-08-20 04:57:23,412 - INFO - 处理进度 [2572/11571]: sh601399
2025-08-20 04:57:23,412 - INFO - 数据库初始化完成
2025-08-20 04:57:34,265 - WARNING - 差分进化优化失败，使用默认参数
2025-08-20 04:57:34,265 - ERROR - sh600227 参数优化失败，使用默认参数回退
2025-08-20 04:57:34,279 - WARNING - 股票 sh600227 不存在于观察池中
2025-08-20 04:57:34,279 - INFO - 数据库初始化完成
2025-08-20 04:57:34,282 - INFO - 处理进度 [2573/11571]: sh600227
2025-08-20 04:57:51,930 - WARNING - 股票 sh508006 不存在于观察池中
2025-08-20 04:57:51,931 - INFO - 数据库初始化完成
2025-08-20 04:57:51,931 - INFO - 处理进度 [2574/11571]: sh508006
2025-08-20 04:57:56,768 - WARNING - 股票 sh517380 不存在于观察池中
2025-08-20 04:57:56,769 - INFO - 数据库初始化完成
2025-08-20 04:57:56,769 - INFO - 处理进度 [2575/11571]: sh517380
2025-08-20 04:58:04,887 - WARNING - 股票 sh515580 不存在于观察池中
2025-08-20 04:58:04,888 - INFO - 处理进度 [2576/11571]: sh515580
2025-08-20 04:58:04,888 - INFO - 数据库初始化完成
2025-08-20 04:58:14,570 - WARNING - 股票 sh600300 不存在于观察池中
2025-08-20 04:58:14,571 - INFO - 数据库初始化完成
2025-08-20 04:58:14,571 - INFO - 处理进度 [2577/11571]: sh600300
2025-08-20 04:58:14,582 - WARNING - sh562580 数据不足 (少于250天)，无法生成画像
2025-08-20 04:58:14,583 - INFO - 数据库初始化完成
2025-08-20 04:58:14,583 - INFO - 处理进度 [2578/11571]: sh562580
2025-08-20 04:58:18,458 - WARNING - 股票 sh603680 不存在于观察池中
2025-08-20 04:58:18,459 - INFO - 数据库初始化完成
2025-08-20 04:58:18,459 - INFO - 处理进度 [2579/11571]: sh603680
2025-08-20 04:58:18,958 - WARNING - 股票 sh600805 不存在于观察池中
2025-08-20 04:58:18,959 - INFO - 数据库初始化完成
2025-08-20 04:58:18,959 - INFO - 处理进度 [2580/11571]: sh600805
2025-08-20 04:59:01,241 - WARNING - 股票 sh880628 不存在于观察池中
2025-08-20 04:59:01,242 - INFO - 数据库初始化完成
2025-08-20 04:59:01,242 - INFO - 处理进度 [2581/11571]: sh880628
2025-08-20 04:59:58,290 - WARNING - 股票 sh881257 不存在于观察池中
2025-08-20 04:59:58,291 - INFO - 处理进度 [2582/11571]: sh881257
2025-08-20 04:59:58,291 - INFO - 数据库初始化完成
2025-08-20 05:00:22,109 - WARNING - 股票 sh603151 不存在于观察池中
2025-08-20 05:00:22,110 - INFO - 数据库初始化完成
2025-08-20 05:00:22,112 - INFO - 处理进度 [2583/11571]: sh603151
2025-08-20 05:00:44,267 - WARNING - 股票 sh510230 不存在于观察池中
2025-08-20 05:00:44,268 - INFO - 处理进度 [2584/11571]: sh510230
2025-08-20 05:00:44,268 - INFO - 数据库初始化完成
2025-08-20 05:00:58,154 - WARNING - 股票 sh688067 不存在于观察池中
2025-08-20 05:00:58,155 - INFO - 数据库初始化完成
2025-08-20 05:00:58,155 - INFO - 处理进度 [2585/11571]: sh688067
2025-08-20 05:01:01,214 - WARNING - 股票 sh603721 不存在于观察池中
2025-08-20 05:01:01,215 - INFO - 数据库初始化完成
2025-08-20 05:01:01,215 - INFO - 处理进度 [2586/11571]: sh603721
2025-08-20 05:01:18,719 - WARNING - 股票 sh688013 不存在于观察池中
2025-08-20 05:01:18,720 - INFO - 数据库初始化完成
2025-08-20 05:01:18,720 - INFO - 处理进度 [2587/11571]: sh688013
2025-08-20 05:01:24,727 - WARNING - 股票 sh510300 不存在于观察池中
2025-08-20 05:01:24,727 - INFO - 数据库初始化完成
2025-08-20 05:01:24,728 - INFO - 处理进度 [2588/11571]: sh510300
2025-08-20 05:01:45,048 - WARNING - 股票 sh600301 不存在于观察池中
2025-08-20 05:01:45,049 - INFO - 处理进度 [2589/11571]: sh600301
2025-08-20 05:01:45,049 - INFO - 数据库初始化完成
2025-08-20 05:01:52,902 - WARNING - 股票 sh880797 不存在于观察池中
2025-08-20 05:01:52,902 - INFO - 处理进度 [2590/11571]: sh880797
2025-08-20 05:01:52,903 - INFO - 数据库初始化完成
2025-08-20 05:02:08,691 - WARNING - 股票 sh605296 不存在于观察池中
2025-08-20 05:02:08,691 - INFO - 数据库初始化完成
2025-08-20 05:02:08,692 - INFO - 处理进度 [2591/11571]: sh605296
2025-08-20 05:02:35,352 - WARNING - 股票 sh881119 不存在于观察池中
2025-08-20 05:02:35,378 - INFO - 数据库初始化完成
2025-08-20 05:02:35,378 - INFO - 处理进度 [2592/11571]: sh881119
2025-08-20 05:02:41,900 - WARNING - 股票 sh881439 不存在于观察池中
2025-08-20 05:02:41,901 - INFO - 数据库初始化完成
2025-08-20 05:02:41,901 - INFO - 处理进度 [2593/11571]: sh881439
2025-08-20 05:02:48,890 - WARNING - 股票 sh603089 不存在于观察池中
2025-08-20 05:02:48,891 - INFO - 处理进度 [2594/11571]: sh603089
2025-08-20 05:02:48,891 - INFO - 数据库初始化完成
2025-08-20 05:03:10,729 - WARNING - 差分进化优化失败，使用默认参数
2025-08-20 05:03:10,755 - ERROR - sh601608 参数优化失败，使用默认参数回退
2025-08-20 05:03:10,769 - WARNING - 股票 sh601608 不存在于观察池中
2025-08-20 05:03:10,769 - INFO - 数据库初始化完成
2025-08-20 05:03:10,770 - INFO - 处理进度 [2595/11571]: sh601608
2025-08-20 05:03:43,805 - WARNING - 股票 sh603926 不存在于观察池中
2025-08-20 05:03:43,806 - INFO - 处理进度 [2596/11571]: sh603926
2025-08-20 05:03:43,806 - INFO - 数据库初始化完成
2025-08-20 05:03:47,142 - WARNING - 股票 sh688050 不存在于观察池中
2025-08-20 05:03:47,150 - INFO - 数据库初始化完成
2025-08-20 05:03:47,151 - INFO - 处理进度 [2597/11571]: sh688050
2025-08-20 05:04:01,565 - WARNING - 股票 sh113615 不存在于观察池中
2025-08-20 05:04:01,566 - INFO - 处理进度 [2598/11571]: sh113615
2025-08-20 05:04:01,567 - INFO - 数据库初始化完成
2025-08-20 05:04:13,953 - WARNING - 股票 sh688270 不存在于观察池中
2025-08-20 05:04:13,953 - INFO - 数据库初始化完成
2025-08-20 05:04:13,954 - INFO - 处理进度 [2599/11571]: sh688270
2025-08-20 05:04:13,967 - WARNING - sh880688 数据不足 (少于250天)，无法生成画像
2025-08-20 05:04:13,968 - INFO - 处理进度 [2600/11571]: sh880688
2025-08-20 05:04:13,969 - INFO - 数据库初始化完成
2025-08-20 05:04:23,781 - WARNING - 股票 sh600116 不存在于观察池中
2025-08-20 05:04:23,782 - INFO - 处理进度 [2601/11571]: sh600116
2025-08-20 05:04:23,782 - INFO - 数据库初始化完成
2025-08-20 05:04:35,787 - WARNING - 股票 sh881106 不存在于观察池中
2025-08-20 05:04:35,788 - INFO - 数据库初始化完成
2025-08-20 05:04:35,788 - INFO - 处理进度 [2602/11571]: sh881106
2025-08-20 05:04:57,954 - WARNING - 股票 sh600973 不存在于观察池中
2025-08-20 05:04:57,955 - INFO - 处理进度 [2603/11571]: sh600973
2025-08-20 05:04:57,956 - INFO - 数据库初始化完成
2025-08-20 05:05:01,570 - WARNING - 股票 sh515800 不存在于观察池中
2025-08-20 05:05:01,571 - INFO - 数据库初始化完成
2025-08-20 05:05:01,571 - INFO - 处理进度 [2604/11571]: sh515800
2025-08-20 05:05:11,364 - WARNING - 股票 sh688147 不存在于观察池中
2025-08-20 05:05:11,365 - INFO - 数据库初始化完成
2025-08-20 05:05:11,365 - INFO - 处理进度 [2605/11571]: sh688147
2025-08-20 05:05:24,319 - WARNING - 股票 sh501310 不存在于观察池中
2025-08-20 05:05:24,320 - INFO - 数据库初始化完成
2025-08-20 05:05:24,320 - INFO - 处理进度 [2606/11571]: sh501310
2025-08-20 05:05:27,188 - WARNING - 股票 sh510150 不存在于观察池中
2025-08-20 05:05:27,189 - INFO - 处理进度 [2607/11571]: sh510150
2025-08-20 05:05:27,189 - INFO - 数据库初始化完成
2025-08-20 05:05:56,646 - WARNING - 股票 sh900917 不存在于观察池中
2025-08-20 05:05:56,648 - INFO - 数据库初始化完成
2025-08-20 05:05:56,648 - INFO - 处理进度 [2608/11571]: sh900917
2025-08-20 05:06:28,092 - WARNING - 股票 sh000001 不存在于观察池中
2025-08-20 05:06:28,093 - INFO - 数据库初始化完成
2025-08-20 05:06:28,094 - INFO - 处理进度 [2609/11571]: sh000001
2025-08-20 05:06:33,409 - WARNING - 股票 sh600257 不存在于观察池中
2025-08-20 05:06:33,410 - INFO - 处理进度 [2610/11571]: sh600257
2025-08-20 05:06:33,410 - INFO - 数据库初始化完成
2025-08-20 05:06:46,403 - WARNING - 股票 sh881244 不存在于观察池中
2025-08-20 05:06:46,404 - INFO - 数据库初始化完成
2025-08-20 05:06:46,405 - INFO - 处理进度 [2611/11571]: sh881244
2025-08-20 05:06:59,112 - WARNING - 股票 sh600992 不存在于观察池中
2025-08-20 05:06:59,113 - INFO - 数据库初始化完成
2025-08-20 05:06:59,113 - INFO - 处理进度 [2612/11571]: sh600992
2025-08-20 05:06:59,129 - WARNING - sh111016 数据不足 (少于250天)，无法生成画像
2025-08-20 05:06:59,130 - INFO - 数据库初始化完成
2025-08-20 05:06:59,131 - INFO - 处理进度 [2613/11571]: sh111016
2025-08-20 05:07:04,798 - WARNING - 股票 sh603589 不存在于观察池中
2025-08-20 05:07:04,799 - INFO - 处理进度 [2614/11571]: sh603589
2025-08-20 05:07:04,800 - INFO - 数据库初始化完成
2025-08-20 05:07:04,809 - WARNING - sh511190 数据不足 (少于250天)，无法生成画像
2025-08-20 05:07:04,810 - INFO - 数据库初始化完成
2025-08-20 05:07:04,811 - INFO - 处理进度 [2615/11571]: sh511190
2025-08-20 05:07:44,730 - WARNING - 差分进化优化失败，使用默认参数
2025-08-20 05:07:44,731 - ERROR - sh880985 参数优化失败，使用默认参数回退
2025-08-20 05:07:44,745 - WARNING - 股票 sh880985 不存在于观察池中
2025-08-20 05:07:44,746 - INFO - 数据库初始化完成
2025-08-20 05:07:44,746 - INFO - 处理进度 [2616/11571]: sh880985
2025-08-20 05:08:20,531 - WARNING - 差分进化优化失败，使用默认参数
2025-08-20 05:08:20,532 - ERROR - sh880659 参数优化失败，使用默认参数回退
2025-08-20 05:08:20,545 - WARNING - 股票 sh880659 不存在于观察池中
2025-08-20 05:08:20,546 - INFO - 处理进度 [2617/11571]: sh880659
2025-08-20 05:08:20,547 - INFO - 数据库初始化完成
2025-08-20 05:08:55,811 - WARNING - 股票 sh601162 不存在于观察池中
2025-08-20 05:08:55,812 - INFO - 数据库初始化完成
2025-08-20 05:08:55,812 - INFO - 处理进度 [2618/11571]: sh601162
2025-08-20 05:09:15,982 - WARNING - 股票 sh880301 不存在于观察池中
2025-08-20 05:09:15,983 - INFO - 处理进度 [2619/11571]: sh880301
2025-08-20 05:09:15,983 - INFO - 数据库初始化完成
2025-08-20 05:09:16,780 - WARNING - 股票 sh600151 不存在于观察池中
2025-08-20 05:09:16,780 - INFO - 数据库初始化完成
2025-08-20 05:09:16,781 - INFO - 处理进度 [2620/11571]: sh600151
2025-08-20 05:09:21,379 - WARNING - 股票 sh881332 不存在于观察池中
2025-08-20 05:09:21,380 - INFO - 处理进度 [2621/11571]: sh881332
2025-08-20 05:09:21,380 - INFO - 数据库初始化完成
2025-08-20 05:09:25,393 - WARNING - 股票 sh561320 不存在于观察池中
2025-08-20 05:09:25,394 - INFO - 数据库初始化完成
2025-08-20 05:09:25,394 - INFO - 处理进度 [2622/11571]: sh561320
2025-08-20 05:09:30,209 - WARNING - 股票 sh601019 不存在于观察池中
2025-08-20 05:09:30,210 - INFO - 数据库初始化完成
2025-08-20 05:09:30,210 - INFO - 处理进度 [2623/11571]: sh601019
2025-08-20 05:09:33,976 - WARNING - 股票 sh561310 不存在于观察池中
2025-08-20 05:09:33,977 - INFO - 数据库初始化完成
2025-08-20 05:09:33,978 - INFO - 处理进度 [2624/11571]: sh561310
2025-08-20 05:09:36,999 - WARNING - 股票 sh511800 不存在于观察池中
2025-08-20 05:09:37,000 - INFO - 数据库初始化完成
2025-08-20 05:09:37,001 - INFO - 处理进度 [2625/11571]: sh511800
2025-08-20 05:10:04,814 - WARNING - 股票 sh600256 不存在于观察池中
2025-08-20 05:10:04,814 - INFO - 处理进度 [2626/11571]: sh600256
2025-08-20 05:10:04,815 - INFO - 数据库初始化完成
2025-08-20 05:10:09,862 - WARNING - 股票 sh880402 不存在于观察池中
2025-08-20 05:10:09,862 - INFO - 数据库初始化完成
2025-08-20 05:10:09,862 - INFO - 处理进度 [2627/11571]: sh880402
2025-08-20 05:10:44,420 - WARNING - 股票 sh600007 不存在于观察池中
2025-08-20 05:10:44,421 - INFO - 处理进度 [2628/11571]: sh600007
2025-08-20 05:10:44,421 - INFO - 数据库初始化完成
2025-08-20 05:10:53,765 - WARNING - 股票 sh881288 不存在于观察池中
2025-08-20 05:10:53,766 - INFO - 处理进度 [2629/11571]: sh881288
2025-08-20 05:10:53,766 - INFO - 数据库初始化完成
2025-08-20 05:10:54,297 - WARNING - 股票 sh600328 不存在于观察池中
2025-08-20 05:10:54,298 - INFO - 数据库初始化完成
2025-08-20 05:10:54,299 - INFO - 处理进度 [2630/11571]: sh600328
2025-08-20 05:11:11,316 - WARNING - 差分进化优化失败，使用默认参数
2025-08-20 05:11:11,316 - ERROR - sh501302 参数优化失败，使用默认参数回退
2025-08-20 05:11:11,330 - WARNING - 股票 sh501302 不存在于观察池中
2025-08-20 05:11:11,331 - INFO - 数据库初始化完成
2025-08-20 05:11:11,331 - INFO - 处理进度 [2631/11571]: sh501302
2025-08-20 05:11:20,388 - WARNING - 股票 sh688778 不存在于观察池中
2025-08-20 05:11:20,388 - INFO - 处理进度 [2632/11571]: sh688778
2025-08-20 05:11:20,389 - INFO - 数据库初始化完成
2025-08-20 05:11:24,835 - WARNING - 股票 sh510370 不存在于观察池中
2025-08-20 05:11:24,836 - INFO - 数据库初始化完成
2025-08-20 05:11:24,839 - INFO - 处理进度 [2633/11571]: sh510370
2025-08-20 05:11:43,423 - WARNING - 股票 sh600386 不存在于观察池中
2025-08-20 05:11:43,424 - INFO - 数据库初始化完成
2025-08-20 05:11:43,424 - INFO - 处理进度 [2634/11571]: sh600386
2025-08-20 05:11:52,484 - WARNING - 股票 sh603071 不存在于观察池中
2025-08-20 05:11:52,485 - INFO - 处理进度 [2635/11571]: sh603071
2025-08-20 05:11:52,485 - INFO - 数据库初始化完成
2025-08-20 05:12:00,168 - WARNING - 股票 sh880974 不存在于观察池中
2025-08-20 05:12:00,169 - INFO - 数据库初始化完成
2025-08-20 05:12:00,169 - INFO - 处理进度 [2636/11571]: sh880974
2025-08-20 05:12:07,366 - WARNING - 股票 sh880575 不存在于观察池中
2025-08-20 05:12:07,367 - INFO - 数据库初始化完成
2025-08-20 05:12:07,367 - INFO - 处理进度 [2637/11571]: sh880575
2025-08-20 05:12:51,482 - WARNING - 股票 sh603323 不存在于观察池中
2025-08-20 05:12:51,483 - INFO - 处理进度 [2638/11571]: sh603323
2025-08-20 05:12:51,483 - INFO - 数据库初始化完成
2025-08-20 05:13:10,727 - WARNING - 股票 sh688141 不存在于观察池中
2025-08-20 05:13:10,727 - INFO - 数据库初始化完成
2025-08-20 05:13:10,729 - INFO - 处理进度 [2639/11571]: sh688141
2025-08-20 05:13:18,512 - WARNING - 股票 sh600399 不存在于观察池中
2025-08-20 05:13:18,512 - INFO - 数据库初始化完成
2025-08-20 05:13:18,513 - INFO - 处理进度 [2640/11571]: sh600399
2025-08-20 05:14:00,253 - WARNING - 股票 sh880865 不存在于观察池中
2025-08-20 05:14:00,254 - INFO - 数据库初始化完成
2025-08-20 05:14:00,254 - INFO - 处理进度 [2641/11571]: sh880865
2025-08-20 05:14:02,085 - WARNING - 股票 sh601811 不存在于观察池中
2025-08-20 05:14:02,086 - INFO - 数据库初始化完成
2025-08-20 05:14:02,086 - INFO - 处理进度 [2642/11571]: sh601811
2025-08-20 05:14:17,215 - WARNING - 股票 sh881330 不存在于观察池中
2025-08-20 05:14:17,242 - INFO - 数据库初始化完成
2025-08-20 05:14:17,242 - INFO - 处理进度 [2643/11571]: sh881330
2025-08-20 05:14:28,773 - WARNING - 股票 sh512670 不存在于观察池中
2025-08-20 05:14:28,774 - INFO - 数据库初始化完成
2025-08-20 05:14:28,774 - INFO - 处理进度 [2644/11571]: sh512670
2025-08-20 05:14:30,964 - WARNING - 差分进化优化失败，使用默认参数
2025-08-20 05:14:30,964 - ERROR - sh113646 参数优化失败，使用默认参数回退
2025-08-20 05:14:30,977 - WARNING - 股票 sh113646 不存在于观察池中
2025-08-20 05:14:30,978 - INFO - 数据库初始化完成
2025-08-20 05:14:30,978 - INFO - 处理进度 [2645/11571]: sh113646
2025-08-20 05:14:37,417 - WARNING - 股票 sh510850 不存在于观察池中
2025-08-20 05:14:37,418 - INFO - 数据库初始化完成
2025-08-20 05:14:37,418 - INFO - 处理进度 [2646/11571]: sh510850
2025-08-20 05:14:45,820 - WARNING - 股票 sh600429 不存在于观察池中
2025-08-20 05:14:45,821 - INFO - 处理进度 [2647/11571]: sh600429
2025-08-20 05:14:45,822 - INFO - 数据库初始化完成
2025-08-20 05:15:47,640 - WARNING - 股票 sh688608 不存在于观察池中
2025-08-20 05:15:47,642 - INFO - 数据库初始化完成
2025-08-20 05:15:47,642 - INFO - 处理进度 [2648/11571]: sh688608
2025-08-20 05:15:54,443 - WARNING - 股票 sh881301 不存在于观察池中
2025-08-20 05:15:54,444 - INFO - 处理进度 [2649/11571]: sh881301
2025-08-20 05:15:54,444 - INFO - 数据库初始化完成
2025-08-20 05:15:54,457 - WARNING - sh880547 数据不足 (少于250天)，无法生成画像
2025-08-20 05:15:54,457 - INFO - 数据库初始化完成
2025-08-20 05:15:54,458 - INFO - 处理进度 [2650/11571]: sh880547
2025-08-20 05:15:57,771 - WARNING - 股票 sh600030 不存在于观察池中
2025-08-20 05:15:57,772 - INFO - 处理进度 [2651/11571]: sh600030
2025-08-20 05:15:57,772 - INFO - 数据库初始化完成
2025-08-20 05:16:04,683 - WARNING - 股票 sh605338 不存在于观察池中
2025-08-20 05:16:04,684 - INFO - 数据库初始化完成
2025-08-20 05:16:04,684 - INFO - 处理进度 [2652/11571]: sh605338
2025-08-20 05:16:04,694 - WARNING - sh562890 数据不足 (少于250天)，无法生成画像
2025-08-20 05:16:04,695 - INFO - 数据库初始化完成
2025-08-20 05:16:04,695 - INFO - 处理进度 [2653/11571]: sh562890
2025-08-20 05:16:28,459 - WARNING - 股票 sh688379 不存在于观察池中
2025-08-20 05:16:28,460 - INFO - 处理进度 [2654/11571]: sh688379
2025-08-20 05:16:28,460 - INFO - 数据库初始化完成
2025-08-20 05:17:13,335 - WARNING - 股票 sh600022 不存在于观察池中
2025-08-20 05:17:13,336 - INFO - 数据库初始化完成
2025-08-20 05:17:13,336 - INFO - 处理进度 [2655/11571]: sh600022
2025-08-20 05:17:21,073 - WARNING - 股票 sh601006 不存在于观察池中
2025-08-20 05:17:21,075 - INFO - 数据库初始化完成
2025-08-20 05:17:21,075 - INFO - 处理进度 [2656/11571]: sh601006
2025-08-20 05:17:32,159 - WARNING - 股票 sh515760 不存在于观察池中
2025-08-20 05:17:32,160 - INFO - 数据库初始化完成
2025-08-20 05:17:32,160 - INFO - 处理进度 [2657/11571]: sh515760
2025-08-20 05:17:32,595 - WARNING - 股票 sh513080 不存在于观察池中
2025-08-20 05:17:32,596 - INFO - 处理进度 [2658/11571]: sh513080
2025-08-20 05:17:32,596 - INFO - 数据库初始化完成
2025-08-20 05:17:34,791 - WARNING - 股票 sh600195 不存在于观察池中
2025-08-20 05:17:34,791 - INFO - 数据库初始化完成
2025-08-20 05:17:34,792 - INFO - 处理进度 [2659/11571]: sh600195
2025-08-20 05:17:35,646 - WARNING - 股票 sh601138 不存在于观察池中
2025-08-20 05:17:35,646 - INFO - 处理进度 [2660/11571]: sh601138
2025-08-20 05:17:35,647 - INFO - 数据库初始化完成
2025-08-20 05:17:39,701 - WARNING - 差分进化优化失败，使用默认参数
2025-08-20 05:17:39,702 - ERROR - sh880366 参数优化失败，使用默认参数回退
2025-08-20 05:17:39,716 - WARNING - 股票 sh880366 不存在于观察池中
2025-08-20 05:17:39,717 - INFO - 数据库初始化完成
2025-08-20 05:17:39,717 - INFO - 处理进度 [2661/11571]: sh880366
2025-08-20 05:17:43,742 - WARNING - 股票 sh880408 不存在于观察池中
2025-08-20 05:17:43,743 - INFO - 处理进度 [2662/11571]: sh880408
2025-08-20 05:17:43,744 - INFO - 数据库初始化完成
2025-08-20 05:17:56,688 - WARNING - 股票 sh603073 不存在于观察池中
2025-08-20 05:17:56,688 - INFO - 数据库初始化完成
2025-08-20 05:17:56,688 - INFO - 处理进度 [2663/11571]: sh603073
2025-08-20 05:18:12,589 - WARNING - 股票 sh113625 不存在于观察池中
2025-08-20 05:18:12,590 - INFO - 数据库初始化完成
2025-08-20 05:18:12,591 - INFO - 处理进度 [2664/11571]: sh113625
2025-08-20 05:18:14,642 - WARNING - 股票 sh600130 不存在于观察池中
2025-08-20 05:18:14,643 - INFO - 数据库初始化完成
2025-08-20 05:18:14,643 - INFO - 处理进度 [2665/11571]: sh600130
2025-08-20 05:18:16,120 - WARNING - 股票 sh880737 不存在于观察池中
2025-08-20 05:18:16,121 - INFO - 数据库初始化完成
2025-08-20 05:18:16,121 - INFO - 处理进度 [2666/11571]: sh880737
2025-08-20 05:18:23,409 - WARNING - 股票 sh600025 不存在于观察池中
2025-08-20 05:18:23,410 - INFO - 数据库初始化完成
2025-08-20 05:18:23,410 - INFO - 处理进度 [2667/11571]: sh600025
2025-08-20 05:18:49,038 - WARNING - 股票 sh880638 不存在于观察池中
2025-08-20 05:18:49,047 - INFO - 处理进度 [2668/11571]: sh880638
2025-08-20 05:18:49,047 - INFO - 数据库初始化完成
2025-08-20 05:19:16,809 - WARNING - 差分进化优化失败，使用默认参数
2025-08-20 05:19:16,809 - ERROR - sh601921 参数优化失败，使用默认参数回退
2025-08-20 05:19:16,823 - WARNING - 股票 sh601921 不存在于观察池中
2025-08-20 05:19:16,824 - INFO - 数据库初始化完成
2025-08-20 05:19:16,824 - INFO - 处理进度 [2669/11571]: sh601921
2025-08-20 05:19:52,011 - WARNING - 股票 sh880848 不存在于观察池中
2025-08-20 05:19:52,011 - INFO - 处理进度 [2670/11571]: sh880848
2025-08-20 05:19:52,012 - INFO - 数据库初始化完成
2025-08-20 05:19:54,053 - WARNING - 股票 sh513070 不存在于观察池中
2025-08-20 05:19:54,054 - INFO - 数据库初始化完成
2025-08-20 05:19:54,054 - INFO - 处理进度 [2671/11571]: sh513070
2025-08-20 05:20:29,061 - WARNING - 股票 sh516830 不存在于观察池中
2025-08-20 05:20:29,062 - INFO - 数据库初始化完成
2025-08-20 05:20:29,062 - INFO - 处理进度 [2672/11571]: sh516830
2025-08-20 05:20:34,682 - WARNING - 股票 sh603083 不存在于观察池中
2025-08-20 05:20:34,683 - INFO - 数据库初始化完成
2025-08-20 05:20:34,683 - INFO - 处理进度 [2673/11571]: sh603083
2025-08-20 05:20:39,434 - WARNING - 股票 sh513260 不存在于观察池中
2025-08-20 05:20:39,435 - INFO - 数据库初始化完成
2025-08-20 05:20:39,435 - INFO - 处理进度 [2674/11571]: sh513260
2025-08-20 05:21:22,411 - WARNING - 股票 sh688181 不存在于观察池中
2025-08-20 05:21:22,412 - INFO - 数据库初始化完成
2025-08-20 05:21:22,413 - INFO - 处理进度 [2675/11571]: sh688181
2025-08-20 05:21:26,726 - WARNING - 股票 sh880043 不存在于观察池中
2025-08-20 05:21:26,727 - INFO - 数据库初始化完成
2025-08-20 05:21:26,727 - INFO - 处理进度 [2676/11571]: sh880043
2025-08-20 05:21:42,926 - WARNING - 股票 sh603329 不存在于观察池中
2025-08-20 05:21:42,927 - INFO - 数据库初始化完成
2025-08-20 05:21:42,929 - INFO - 处理进度 [2677/11571]: sh603329
2025-08-20 05:22:00,465 - WARNING - 股票 sh688008 不存在于观察池中
2025-08-20 05:22:00,466 - INFO - 数据库初始化完成
2025-08-20 05:22:00,466 - INFO - 处理进度 [2678/11571]: sh688008
2025-08-20 05:22:34,421 - WARNING - 股票 sh881213 不存在于观察池中
2025-08-20 05:22:34,422 - INFO - 处理进度 [2679/11571]: sh881213
2025-08-20 05:22:34,422 - INFO - 数据库初始化完成
2025-08-20 05:22:36,267 - WARNING - 股票 sh881389 不存在于观察池中
2025-08-20 05:22:36,267 - INFO - 处理进度 [2680/11571]: sh881389
2025-08-20 05:22:36,267 - INFO - 数据库初始化完成
2025-08-20 05:22:46,897 - WARNING - 股票 sh603982 不存在于观察池中
2025-08-20 05:22:46,898 - INFO - 数据库初始化完成
2025-08-20 05:22:46,898 - INFO - 处理进度 [2681/11571]: sh603982
2025-08-20 05:22:46,909 - WARNING - sh510950 数据不足 (少于250天)，无法生成画像
2025-08-20 05:22:46,909 - INFO - 处理进度 [2682/11571]: sh510950
2025-08-20 05:22:46,910 - INFO - 数据库初始化完成
2025-08-20 05:22:51,706 - WARNING - 差分进化优化失败，使用默认参数
2025-08-20 05:22:51,707 - ERROR - sh603317 参数优化失败，使用默认参数回退
2025-08-20 05:22:51,721 - WARNING - 股票 sh603317 不存在于观察池中
2025-08-20 05:22:51,721 - INFO - 数据库初始化完成
2025-08-20 05:22:51,722 - INFO - 处理进度 [2683/11571]: sh603317
2025-08-20 05:23:06,668 - WARNING - 股票 sh881306 不存在于观察池中
2025-08-20 05:23:06,669 - INFO - 数据库初始化完成
2025-08-20 05:23:06,669 - INFO - 处理进度 [2684/11571]: sh881306
2025-08-20 05:23:11,984 - WARNING - 股票 sh603385 不存在于观察池中
2025-08-20 05:23:11,985 - INFO - 处理进度 [2685/11571]: sh603385
2025-08-20 05:23:11,985 - INFO - 数据库初始化完成
2025-08-20 05:23:17,570 - WARNING - 股票 sh600562 不存在于观察池中
2025-08-20 05:23:17,571 - INFO - 数据库初始化完成
2025-08-20 05:23:17,571 - INFO - 处理进度 [2686/11571]: sh600562
2025-08-20 05:23:17,573 - WARNING - sh588170 数据不足 (少于250天)，无法生成画像
2025-08-20 05:23:17,574 - INFO - 处理进度 [2687/11571]: sh588170
2025-08-20 05:23:17,574 - INFO - 数据库初始化完成
2025-08-20 05:23:30,163 - WARNING - 股票 sh603298 不存在于观察池中
2025-08-20 05:23:30,164 - INFO - 处理进度 [2688/11571]: sh603298
2025-08-20 05:23:30,164 - INFO - 数据库初始化完成
2025-08-20 05:23:50,761 - WARNING - 股票 sh601868 不存在于观察池中
2025-08-20 05:23:50,762 - INFO - 数据库初始化完成
2025-08-20 05:23:50,764 - INFO - 处理进度 [2689/11571]: sh601868
2025-08-20 05:23:50,764 - WARNING - sh516460 数据不足 (少于250天)，无法生成画像
2025-08-20 05:23:50,765 - INFO - 处理进度 [2690/11571]: sh516460
2025-08-20 05:23:50,765 - INFO - 数据库初始化完成
2025-08-20 05:23:56,242 - WARNING - 股票 sh688567 不存在于观察池中
2025-08-20 05:23:56,243 - INFO - 数据库初始化完成
2025-08-20 05:23:56,244 - INFO - 处理进度 [2691/11571]: sh688567
2025-08-20 05:23:56,287 - WARNING - sh688429 数据不足 (少于250天)，无法生成画像
2025-08-20 05:23:56,288 - INFO - 数据库初始化完成
2025-08-20 05:23:56,288 - INFO - 处理进度 [2692/11571]: sh688429
2025-08-20 05:24:01,082 - WARNING - 股票 sh688022 不存在于观察池中
2025-08-20 05:24:01,083 - INFO - 处理进度 [2693/11571]: sh688022
2025-08-20 05:24:01,083 - INFO - 数据库初始化完成
2025-08-20 05:24:01,095 - WARNING - sh880686 数据不足 (少于250天)，无法生成画像
2025-08-20 05:24:01,095 - INFO - 数据库初始化完成
2025-08-20 05:24:01,096 - INFO - 处理进度 [2694/11571]: sh880686
2025-08-20 05:24:11,586 - WARNING - 股票 sh880733 不存在于观察池中
2025-08-20 05:24:11,586 - INFO - 处理进度 [2695/11571]: sh880733
2025-08-20 05:24:11,587 - INFO - 数据库初始化完成
2025-08-20 05:24:22,624 - WARNING - 股票 sh515160 不存在于观察池中
2025-08-20 05:24:22,625 - INFO - 数据库初始化完成
2025-08-20 05:24:22,626 - INFO - 处理进度 [2696/11571]: sh515160
2025-08-20 05:24:35,827 - WARNING - 股票 sh688733 不存在于观察池中
2025-08-20 05:24:35,854 - INFO - 数据库初始化完成
2025-08-20 05:24:35,855 - INFO - 处理进度 [2697/11571]: sh688733
2025-08-20 05:24:48,351 - WARNING - 股票 sh600509 不存在于观察池中
2025-08-20 05:24:48,352 - INFO - 数据库初始化完成
2025-08-20 05:24:48,352 - INFO - 处理进度 [2698/11571]: sh600509
2025-08-20 05:24:51,863 - WARNING - 股票 sh600011 不存在于观察池中
2025-08-20 05:24:51,864 - INFO - 数据库初始化完成
2025-08-20 05:24:51,864 - INFO - 处理进度 [2699/11571]: sh600011
2025-08-20 05:24:51,880 - WARNING - sh603273 数据不足 (少于250天)，无法生成画像
2025-08-20 05:24:51,880 - INFO - 处理进度 [2700/11571]: sh603273
2025-08-20 05:24:51,880 - INFO - 数据库初始化完成
2025-08-20 05:25:28,444 - WARNING - 股票 sh603320 不存在于观察池中
2025-08-20 05:25:28,445 - INFO - 数据库初始化完成
2025-08-20 05:25:28,446 - INFO - 处理进度 [2701/11571]: sh603320
2025-08-20 05:26:00,047 - WARNING - 股票 sh600764 不存在于观察池中
2025-08-20 05:26:00,049 - INFO - 数据库初始化完成
2025-08-20 05:26:00,049 - INFO - 处理进度 [2702/11571]: sh600764
2025-08-20 05:26:30,535 - WARNING - 股票 sh881401 不存在于观察池中
2025-08-20 05:26:30,536 - INFO - 数据库初始化完成
2025-08-20 05:26:30,536 - INFO - 处理进度 [2703/11571]: sh881401
2025-08-20 05:26:42,596 - WARNING - 股票 sh600643 不存在于观察池中
2025-08-20 05:26:42,597 - INFO - 处理进度 [2704/11571]: sh600643
2025-08-20 05:26:42,597 - INFO - 数据库初始化完成
2025-08-20 05:26:44,834 - WARNING - 差分进化优化失败，使用默认参数
2025-08-20 05:26:44,834 - ERROR - sh603619 参数优化失败，使用默认参数回退
2025-08-20 05:26:44,848 - WARNING - 股票 sh603619 不存在于观察池中
2025-08-20 05:26:44,849 - INFO - 处理进度 [2705/11571]: sh603619
2025-08-20 05:26:44,849 - INFO - 数据库初始化完成
2025-08-20 05:26:56,543 - WARNING - 股票 sh880790 不存在于观察池中
2025-08-20 05:26:56,544 - INFO - 数据库初始化完成
2025-08-20 05:26:56,545 - INFO - 处理进度 [2706/11571]: sh880790
2025-08-20 05:26:56,554 - WARNING - sh511200 数据不足 (少于250天)，无法生成画像
2025-08-20 05:26:56,555 - INFO - 数据库初始化完成
2025-08-20 05:26:56,555 - INFO - 处理进度 [2707/11571]: sh511200
2025-08-20 05:27:07,797 - WARNING - 股票 sh601133 不存在于观察池中
2025-08-20 05:27:07,798 - INFO - 处理进度 [2708/11571]: sh601133
2025-08-20 05:27:07,798 - INFO - 数据库初始化完成
2025-08-20 05:27:09,476 - WARNING - 股票 sh880533 不存在于观察池中
2025-08-20 05:27:09,477 - INFO - 数据库初始化完成
2025-08-20 05:27:09,478 - INFO - 处理进度 [2709/11571]: sh880533
2025-08-20 05:27:15,904 - WARNING - 股票 sh688561 不存在于观察池中
2025-08-20 05:27:15,904 - INFO - 处理进度 [2710/11571]: sh688561
2025-08-20 05:27:15,905 - INFO - 数据库初始化完成
2025-08-20 05:27:15,916 - WARNING - sh511130 数据不足 (少于250天)，无法生成画像
2025-08-20 05:27:15,917 - INFO - 数据库初始化完成
2025-08-20 05:27:15,919 - INFO - 处理进度 [2711/11571]: sh511130
2025-08-20 05:27:50,058 - WARNING - 股票 sh688787 不存在于观察池中
2025-08-20 05:27:50,058 - INFO - 处理进度 [2712/11571]: sh688787
2025-08-20 05:27:50,059 - INFO - 数据库初始化完成
2025-08-20 05:27:56,490 - WARNING - 股票 sh880534 不存在于观察池中
2025-08-20 05:27:56,491 - INFO - 处理进度 [2713/11571]: sh880534
2025-08-20 05:27:56,491 - INFO - 数据库初始化完成
2025-08-20 05:28:45,819 - WARNING - 股票 sh513020 不存在于观察池中
2025-08-20 05:28:45,820 - INFO - 处理进度 [2714/11571]: sh513020
2025-08-20 05:28:45,821 - INFO - 数据库初始化完成
2025-08-20 05:28:48,163 - WARNING - 股票 sh688059 不存在于观察池中
2025-08-20 05:28:48,164 - INFO - 处理进度 [2715/11571]: sh688059
2025-08-20 05:28:48,164 - INFO - 数据库初始化完成
2025-08-20 05:28:48,521 - WARNING - 股票 sh605259 不存在于观察池中
2025-08-20 05:28:48,521 - INFO - 处理进度 [2716/11571]: sh605259
2025-08-20 05:28:48,522 - INFO - 数据库初始化完成
2025-08-20 05:28:54,738 - WARNING - 股票 sh881079 不存在于观察池中
2025-08-20 05:28:54,739 - INFO - 数据库初始化完成
2025-08-20 05:28:54,739 - INFO - 处理进度 [2717/11571]: sh881079
2025-08-20 05:28:59,922 - WARNING - 股票 sh601998 不存在于观察池中
2025-08-20 05:28:59,923 - INFO - 数据库初始化完成
2025-08-20 05:28:59,923 - INFO - 处理进度 [2718/11571]: sh601998
2025-08-20 05:29:01,918 - WARNING - 股票 sh501077 不存在于观察池中
2025-08-20 05:29:01,919 - INFO - 处理进度 [2719/11571]: sh501077
2025-08-20 05:29:01,919 - INFO - 数据库初始化完成
2025-08-20 05:29:04,985 - WARNING - 股票 sh688607 不存在于观察池中
2025-08-20 05:29:04,986 - INFO - 数据库初始化完成
2025-08-20 05:29:04,986 - INFO - 处理进度 [2720/11571]: sh688607
2025-08-20 05:29:14,165 - WARNING - 股票 sh600110 不存在于观察池中
2025-08-20 05:29:14,166 - INFO - 处理进度 [2721/11571]: sh600110
2025-08-20 05:29:14,166 - INFO - 数据库初始化完成
2025-08-20 05:29:30,136 - WARNING - 股票 sh511180 不存在于观察池中
2025-08-20 05:29:30,137 - INFO - 数据库初始化完成
2025-08-20 05:29:30,137 - INFO - 处理进度 [2722/11571]: sh511180
2025-08-20 05:29:35,247 - WARNING - 股票 sh880494 不存在于观察池中
2025-08-20 05:29:35,248 - INFO - 数据库初始化完成
2025-08-20 05:29:35,248 - INFO - 处理进度 [2723/11571]: sh880494
2025-08-20 05:29:44,299 - WARNING - 股票 sh881335 不存在于观察池中
2025-08-20 05:29:44,300 - INFO - 数据库初始化完成
2025-08-20 05:29:44,300 - INFO - 处理进度 [2724/11571]: sh881335
2025-08-20 05:29:44,444 - WARNING - 股票 sh603808 不存在于观察池中
2025-08-20 05:29:44,444 - INFO - 数据库初始化完成
2025-08-20 05:29:44,445 - INFO - 处理进度 [2725/11571]: sh603808
2025-08-20 05:30:18,720 - WARNING - 股票 sh603685 不存在于观察池中
2025-08-20 05:30:18,720 - INFO - 处理进度 [2726/11571]: sh603685
2025-08-20 05:30:18,721 - INFO - 数据库初始化完成
2025-08-20 05:30:35,571 - WARNING - 股票 sh600097 不存在于观察池中
2025-08-20 05:30:35,572 - INFO - 数据库初始化完成
2025-08-20 05:30:35,573 - INFO - 处理进度 [2727/11571]: sh600097
2025-08-20 05:30:45,622 - WARNING - 股票 sh501312 不存在于观察池中
2025-08-20 05:30:45,623 - INFO - 数据库初始化完成
2025-08-20 05:30:45,623 - INFO - 处理进度 [2728/11571]: sh501312
2025-08-20 05:31:15,681 - WARNING - 股票 sh688718 不存在于观察池中
2025-08-20 05:31:15,682 - INFO - 数据库初始化完成
2025-08-20 05:31:15,682 - INFO - 处理进度 [2729/11571]: sh688718
2025-08-20 05:31:18,126 - WARNING - 股票 sh881387 不存在于观察池中
2025-08-20 05:31:18,127 - INFO - 数据库初始化完成
2025-08-20 05:31:18,127 - INFO - 处理进度 [2730/11571]: sh881387
2025-08-20 05:31:26,745 - WARNING - 股票 sh881071 不存在于观察池中
2025-08-20 05:31:26,746 - INFO - 数据库初始化完成
2025-08-20 05:31:26,746 - INFO - 处理进度 [2731/11571]: sh881071
2025-08-20 05:31:28,898 - WARNING - 股票 sh110075 不存在于观察池中
2025-08-20 05:31:28,899 - INFO - 数据库初始化完成
2025-08-20 05:31:28,899 - INFO - 处理进度 [2732/11571]: sh110075
2025-08-20 05:31:33,047 - WARNING - 股票 sh510810 不存在于观察池中
2025-08-20 05:31:33,048 - INFO - 数据库初始化完成
2025-08-20 05:31:33,048 - INFO - 处理进度 [2733/11571]: sh510810
2025-08-20 05:31:49,441 - WARNING - 股票 sh113651 不存在于观察池中
2025-08-20 05:31:49,441 - INFO - 处理进度 [2734/11571]: sh113651
2025-08-20 05:31:49,442 - INFO - 数据库初始化完成
2025-08-20 05:32:52,915 - WARNING - 股票 sh688356 不存在于观察池中
2025-08-20 05:32:52,916 - INFO - 数据库初始化完成
2025-08-20 05:32:52,916 - INFO - 处理进度 [2735/11571]: sh688356
2025-08-20 05:33:23,038 - WARNING - 股票 sh603137 不存在于观察池中
2025-08-20 05:33:23,040 - INFO - 数据库初始化完成
2025-08-20 05:33:23,039 - INFO - 处理进度 [2736/11571]: sh603137
2025-08-20 05:33:27,944 - WARNING - 股票 sh881463 不存在于观察池中
2025-08-20 05:33:27,945 - INFO - 数据库初始化完成
2025-08-20 05:33:27,945 - INFO - 处理进度 [2737/11571]: sh881463
2025-08-20 05:33:45,988 - WARNING - 股票 sh600515 不存在于观察池中
2025-08-20 05:33:45,989 - INFO - 数据库初始化完成
2025-08-20 05:33:45,989 - INFO - 处理进度 [2738/11571]: sh600515
2025-08-20 05:33:47,090 - WARNING - 股票 sh513030 不存在于观察池中
2025-08-20 05:33:47,091 - INFO - 数据库初始化完成
2025-08-20 05:33:47,093 - INFO - 处理进度 [2739/11571]: sh513030
2025-08-20 05:33:47,347 - WARNING - sh880076 数据不足 (少于250天)，无法生成画像
2025-08-20 05:33:47,347 - INFO - 处理进度 [2740/11571]: sh880076
2025-08-20 05:33:47,348 - INFO - 数据库初始化完成
2025-08-20 05:34:10,113 - WARNING - 股票 sh603097 不存在于观察池中
2025-08-20 05:34:10,114 - INFO - 数据库初始化完成
2025-08-20 05:34:10,115 - INFO - 处理进度 [2741/11571]: sh603097
2025-08-20 05:34:20,206 - WARNING - 股票 sh881365 不存在于观察池中
2025-08-20 05:34:20,206 - INFO - 处理进度 [2742/11571]: sh881365
2025-08-20 05:34:20,207 - INFO - 数据库初始化完成
2025-08-20 05:34:36,135 - WARNING - 股票 sh600100 不存在于观察池中
2025-08-20 05:34:36,136 - INFO - 数据库初始化完成
2025-08-20 05:34:36,138 - INFO - 处理进度 [2743/11571]: sh600100
2025-08-20 05:34:37,809 - WARNING - 股票 sh688113 不存在于观察池中
2025-08-20 05:34:37,810 - INFO - 处理进度 [2744/11571]: sh688113
2025-08-20 05:34:37,810 - INFO - 数据库初始化完成
2025-08-20 05:34:57,514 - WARNING - 股票 sh601990 不存在于观察池中
2025-08-20 05:34:57,515 - INFO - 处理进度 [2745/11571]: sh601990
2025-08-20 05:34:57,515 - INFO - 数据库初始化完成
2025-08-20 05:34:57,547 - WARNING - sh113672 数据不足 (少于250天)，无法生成画像
2025-08-20 05:34:57,548 - INFO - 数据库初始化完成
2025-08-20 05:34:57,548 - INFO - 处理进度 [2746/11571]: sh113672
2025-08-20 05:34:57,561 - WARNING - sh588500 数据不足 (少于250天)，无法生成画像
2025-08-20 05:34:57,562 - INFO - 处理进度 [2747/11571]: sh588500
2025-08-20 05:34:57,562 - INFO - 数据库初始化完成
2025-08-20 05:34:57,564 - WARNING - sh588910 数据不足 (少于250天)，无法生成画像
2025-08-20 05:34:57,564 - INFO - 数据库初始化完成
2025-08-20 05:34:57,564 - INFO - 处理进度 [2748/11571]: sh588910
2025-08-20 05:35:18,859 - WARNING - 股票 sh881454 不存在于观察池中
2025-08-20 05:35:18,860 - INFO - 数据库初始化完成
2025-08-20 05:35:18,860 - INFO - 处理进度 [2749/11571]: sh881454
2025-08-20 05:35:31,855 - WARNING - 股票 sh512820 不存在于观察池中
2025-08-20 05:35:31,856 - INFO - 数据库初始化完成
2025-08-20 05:35:31,856 - INFO - 处理进度 [2750/11571]: sh512820
2025-08-20 05:35:31,858 - WARNING - sh520860 数据不足 (少于250天)，无法生成画像
2025-08-20 05:35:31,858 - INFO - 处理进度 [2751/11571]: sh520860
2025-08-20 05:35:31,858 - INFO - 数据库初始化完成
2025-08-20 05:35:32,274 - WARNING - 股票 sh501300 不存在于观察池中
2025-08-20 05:35:32,275 - INFO - 数据库初始化完成
2025-08-20 05:35:32,275 - INFO - 处理进度 [2752/11571]: sh501300
2025-08-20 05:35:53,867 - WARNING - 股票 sh880754 不存在于观察池中
2025-08-20 05:35:53,868 - INFO - 数据库初始化完成
2025-08-20 05:35:53,868 - INFO - 处理进度 [2753/11571]: sh880754
2025-08-20 05:35:54,030 - WARNING - 股票 sh605218 不存在于观察池中
2025-08-20 05:35:54,031 - INFO - 处理进度 [2754/11571]: sh605218
2025-08-20 05:35:54,031 - INFO - 数据库初始化完成
2025-08-20 05:36:21,287 - WARNING - 差分进化优化失败，使用默认参数
2025-08-20 05:36:21,288 - ERROR - sh600512 参数优化失败，使用默认参数回退
2025-08-20 05:36:21,302 - WARNING - 股票 sh600512 不存在于观察池中
2025-08-20 05:36:21,303 - INFO - 数据库初始化完成
2025-08-20 05:36:21,303 - INFO - 处理进度 [2755/11571]: sh600512
2025-08-20 05:36:29,681 - WARNING - 股票 sh881426 不存在于观察池中
2025-08-20 05:36:29,682 - INFO - 处理进度 [2756/11571]: sh881426
2025-08-20 05:36:29,682 - INFO - 数据库初始化完成
2025-08-20 05:36:55,869 - WARNING - 股票 sh600285 不存在于观察池中
2025-08-20 05:36:55,870 - INFO - 数据库初始化完成
2025-08-20 05:36:55,871 - INFO - 处理进度 [2757/11571]: sh600285
2025-08-20 05:37:06,334 - WARNING - 股票 sh600462 不存在于观察池中
2025-08-20 05:37:06,335 - INFO - 数据库初始化完成
2025-08-20 05:37:06,335 - INFO - 处理进度 [2758/11571]: sh600462
2025-08-20 05:37:51,982 - WARNING - 股票 sh600373 不存在于观察池中
2025-08-20 05:37:51,983 - INFO - 处理进度 [2759/11571]: sh600373
2025-08-20 05:37:51,983 - INFO - 数据库初始化完成
2025-08-20 05:37:56,760 - WARNING - 股票 sh501064 不存在于观察池中
2025-08-20 05:37:56,761 - INFO - 数据库初始化完成
2025-08-20 05:37:56,762 - INFO - 处理进度 [2760/11571]: sh501064
2025-08-20 05:37:56,775 - WARNING - sh118043 数据不足 (少于250天)，无法生成画像
2025-08-20 05:37:56,775 - INFO - 数据库初始化完成
2025-08-20 05:37:56,776 - INFO - 处理进度 [2761/11571]: sh118043
2025-08-20 05:38:16,973 - WARNING - 股票 sh688393 不存在于观察池中
2025-08-20 05:38:16,973 - INFO - 处理进度 [2762/11571]: sh688393
2025-08-20 05:38:16,974 - INFO - 数据库初始化完成
2025-08-20 05:38:16,976 - WARNING - sh520980 数据不足 (少于250天)，无法生成画像
2025-08-20 05:38:16,976 - INFO - 数据库初始化完成
2025-08-20 05:38:16,982 - INFO - 处理进度 [2763/11571]: sh520980
2025-08-20 05:38:23,808 - WARNING - 股票 sh881114 不存在于观察池中
2025-08-20 05:38:23,809 - INFO - 处理进度 [2764/11571]: sh881114
2025-08-20 05:38:23,810 - INFO - 数据库初始化完成
2025-08-20 05:38:29,191 - WARNING - 股票 sh688003 不存在于观察池中
2025-08-20 05:38:29,192 - INFO - 处理进度 [2765/11571]: sh688003
2025-08-20 05:38:29,192 - INFO - 数据库初始化完成
2025-08-20 05:38:47,525 - WARNING - 股票 sh603967 不存在于观察池中
2025-08-20 05:38:47,526 - INFO - 处理进度 [2766/11571]: sh603967
2025-08-20 05:38:47,526 - INFO - 数据库初始化完成
2025-08-20 05:39:07,824 - WARNING - 股票 sh688568 不存在于观察池中
2025-08-20 05:39:07,825 - INFO - 处理进度 [2767/11571]: sh688568
2025-08-20 05:39:07,825 - INFO - 数据库初始化完成
2025-08-20 05:39:18,330 - WARNING - 股票 sh688305 不存在于观察池中
2025-08-20 05:39:18,331 - INFO - 处理进度 [2768/11571]: sh688305
2025-08-20 05:39:18,331 - INFO - 数据库初始化完成
2025-08-20 05:39:23,705 - WARNING - 股票 sh600067 不存在于观察池中
2025-08-20 05:39:23,706 - INFO - 处理进度 [2769/11571]: sh600067
2025-08-20 05:39:23,707 - INFO - 数据库初始化完成
2025-08-20 05:39:37,685 - WARNING - 股票 sh880615 不存在于观察池中
2025-08-20 05:39:37,686 - INFO - 处理进度 [2770/11571]: sh880615
2025-08-20 05:39:37,686 - INFO - 数据库初始化完成
2025-08-20 05:39:57,138 - WARNING - 股票 sh601007 不存在于观察池中
2025-08-20 05:39:57,139 - INFO - 数据库初始化完成
2025-08-20 05:39:57,139 - INFO - 处理进度 [2771/11571]: sh601007
2025-08-20 05:40:24,211 - WARNING - 差分进化优化失败，使用默认参数
2025-08-20 05:40:24,211 - ERROR - sh881323 参数优化失败，使用默认参数回退
2025-08-20 05:40:24,225 - WARNING - 股票 sh881323 不存在于观察池中
2025-08-20 05:40:24,226 - INFO - 处理进度 [2772/11571]: sh881323
2025-08-20 05:40:24,226 - INFO - 数据库初始化完成
2025-08-20 05:40:30,972 - WARNING - 股票 sh512950 不存在于观察池中
2025-08-20 05:40:30,973 - INFO - 处理进度 [2773/11571]: sh512950
2025-08-20 05:40:30,973 - INFO - 数据库初始化完成
2025-08-20 05:40:30,974 - WARNING - sh511120 数据不足 (少于250天)，无法生成画像
2025-08-20 05:40:30,974 - INFO - 处理进度 [2774/11571]: sh511120
2025-08-20 05:40:30,975 - INFO - 数据库初始化完成
2025-08-20 05:40:48,612 - WARNING - 股票 sh688516 不存在于观察池中
2025-08-20 05:40:48,613 - INFO - 处理进度 [2775/11571]: sh688516
2025-08-20 05:40:48,613 - INFO - 数据库初始化完成
2025-08-20 05:40:54,922 - WARNING - 股票 sh603737 不存在于观察池中
2025-08-20 05:40:54,923 - INFO - 处理进度 [2776/11571]: sh603737
2025-08-20 05:40:54,923 - INFO - 数据库初始化完成
2025-08-20 05:40:59,376 - WARNING - 股票 sh601375 不存在于观察池中
2025-08-20 05:40:59,377 - INFO - 处理进度 [2777/11571]: sh601375
2025-08-20 05:40:59,377 - INFO - 数据库初始化完成
2025-08-20 05:41:23,016 - WARNING - 股票 sh880734 不存在于观察池中
2025-08-20 05:41:23,017 - INFO - 处理进度 [2778/11571]: sh880734
2025-08-20 05:41:23,017 - INFO - 数据库初始化完成
2025-08-20 05:41:29,242 - WARNING - 股票 sh113048 不存在于观察池中
2025-08-20 05:41:29,243 - INFO - 数据库初始化完成
2025-08-20 05:41:29,243 - INFO - 处理进度 [2779/11571]: sh113048
2025-08-20 05:41:38,248 - WARNING - 股票 sh880817 不存在于观察池中
2025-08-20 05:41:38,249 - INFO - 处理进度 [2780/11571]: sh880817
2025-08-20 05:41:38,249 - INFO - 数据库初始化完成
2025-08-20 05:42:04,826 - WARNING - 股票 sh881412 不存在于观察池中
2025-08-20 05:42:04,828 - INFO - 数据库初始化完成
2025-08-20 05:42:04,828 - INFO - 处理进度 [2781/11571]: sh881412
2025-08-20 05:42:29,654 - WARNING - 差分进化优化失败，使用默认参数
2025-08-20 05:42:29,654 - ERROR - sh515180 参数优化失败，使用默认参数回退
2025-08-20 05:42:29,668 - WARNING - 股票 sh515180 不存在于观察池中
2025-08-20 05:42:29,669 - INFO - 处理进度 [2782/11571]: sh515180
2025-08-20 05:42:29,669 - INFO - 数据库初始化完成
2025-08-20 05:42:44,744 - WARNING - 股票 sh688199 不存在于观察池中
2025-08-20 05:42:44,745 - INFO - 数据库初始化完成
2025-08-20 05:42:44,745 - INFO - 处理进度 [2783/11571]: sh688199
2025-08-20 05:42:53,602 - WARNING - 股票 sh880981 不存在于观察池中
2025-08-20 05:42:53,603 - INFO - 处理进度 [2784/11571]: sh880981
2025-08-20 05:42:53,603 - INFO - 数据库初始化完成
2025-08-20 05:42:57,245 - WARNING - 股票 sh688536 不存在于观察池中
2025-08-20 05:42:57,246 - INFO - 数据库初始化完成
2025-08-20 05:42:57,246 - INFO - 处理进度 [2785/11571]: sh688536
2025-08-20 05:43:09,505 - WARNING - 股票 sh562390 不存在于观察池中
2025-08-20 05:43:09,506 - INFO - 处理进度 [2786/11571]: sh562390
2025-08-20 05:43:09,506 - INFO - 数据库初始化完成
2025-08-20 05:43:11,551 - WARNING - 股票 sh600333 不存在于观察池中
2025-08-20 05:43:11,552 - INFO - 数据库初始化完成
2025-08-20 05:43:11,552 - INFO - 处理进度 [2787/11571]: sh600333
2025-08-20 05:43:16,960 - WARNING - 股票 sh562320 不存在于观察池中
2025-08-20 05:43:16,961 - INFO - 数据库初始化完成
2025-08-20 05:43:16,961 - INFO - 处理进度 [2788/11571]: sh562320
2025-08-20 05:43:24,932 - WARNING - 股票 sh880977 不存在于观察池中
2025-08-20 05:43:24,934 - INFO - 数据库初始化完成
2025-08-20 05:43:24,934 - INFO - 处理进度 [2789/11571]: sh880977
2025-08-20 05:44:13,459 - WARNING - 股票 sh515120 不存在于观察池中
2025-08-20 05:44:13,460 - INFO - 数据库初始化完成
2025-08-20 05:44:13,461 - INFO - 处理进度 [2790/11571]: sh515120
2025-08-20 05:44:33,407 - WARNING - 股票 sh600196 不存在于观察池中
2025-08-20 05:44:33,408 - INFO - 处理进度 [2791/11571]: sh600196
2025-08-20 05:44:33,408 - INFO - 数据库初始化完成
2025-08-20 05:44:45,462 - WARNING - 差分进化优化失败，使用默认参数
2025-08-20 05:44:45,462 - ERROR - sh600638 参数优化失败，使用默认参数回退
2025-08-20 05:44:45,476 - WARNING - 股票 sh600638 不存在于观察池中
2025-08-20 05:44:45,476 - INFO - 数据库初始化完成
2025-08-20 05:44:45,477 - INFO - 处理进度 [2792/11571]: sh600638
2025-08-20 05:44:48,490 - WARNING - 差分进化优化失败，使用默认参数
2025-08-20 05:44:48,491 - ERROR - sh501097 参数优化失败，使用默认参数回退
2025-08-20 05:44:48,504 - WARNING - 股票 sh501097 不存在于观察池中
2025-08-20 05:44:48,505 - INFO - 处理进度 [2793/11571]: sh501097
2025-08-20 05:44:48,505 - INFO - 数据库初始化完成
2025-08-20 05:45:25,373 - WARNING - 股票 sh603167 不存在于观察池中
2025-08-20 05:45:25,374 - INFO - 数据库初始化完成
2025-08-20 05:45:25,374 - INFO - 处理进度 [2794/11571]: sh603167
2025-08-20 05:45:37,001 - WARNING - 股票 sh881315 不存在于观察池中
2025-08-20 05:45:37,002 - INFO - 处理进度 [2795/11571]: sh881315
2025-08-20 05:45:37,002 - INFO - 数据库初始化完成
2025-08-20 05:45:55,028 - WARNING - 股票 sh600734 不存在于观察池中
2025-08-20 05:45:55,029 - INFO - 数据库初始化完成
2025-08-20 05:45:55,029 - INFO - 处理进度 [2796/11571]: sh600734
2025-08-20 05:46:31,224 - WARNING - 股票 sh601677 不存在于观察池中
2025-08-20 05:46:31,225 - INFO - 处理进度 [2797/11571]: sh601677
2025-08-20 05:46:31,225 - INFO - 数据库初始化完成
2025-08-20 05:46:37,349 - WARNING - 股票 sh880306 不存在于观察池中
2025-08-20 05:46:37,351 - INFO - 数据库初始化完成
2025-08-20 05:46:37,352 - INFO - 处理进度 [2798/11571]: sh880306
2025-08-20 05:47:00,895 - WARNING - 股票 sh603696 不存在于观察池中
2025-08-20 05:47:00,896 - INFO - 数据库初始化完成
2025-08-20 05:47:00,897 - INFO - 处理进度 [2799/11571]: sh603696
2025-08-20 05:47:06,937 - WARNING - 股票 sh688619 不存在于观察池中
2025-08-20 05:47:06,938 - INFO - 数据库初始化完成
2025-08-20 05:47:06,938 - INFO - 处理进度 [2800/11571]: sh688619
2025-08-20 05:47:31,259 - WARNING - 股票 sh603866 不存在于观察池中
2025-08-20 05:47:31,260 - INFO - 数据库初始化完成
2025-08-20 05:47:31,263 - INFO - 处理进度 [2801/11571]: sh603866
2025-08-20 05:47:39,616 - WARNING - 股票 sh880873 不存在于观察池中
2025-08-20 05:47:39,617 - INFO - 处理进度 [2802/11571]: sh880873
2025-08-20 05:47:39,618 - INFO - 数据库初始化完成
2025-08-20 05:47:55,998 - WARNING - 差分进化优化失败，使用默认参数
2025-08-20 05:47:55,998 - ERROR - sh688595 参数优化失败，使用默认参数回退
2025-08-20 05:47:56,012 - WARNING - 股票 sh688595 不存在于观察池中
2025-08-20 05:47:56,012 - INFO - 处理进度 [2803/11571]: sh688595
2025-08-20 05:47:56,013 - INFO - 数据库初始化完成
2025-08-20 05:47:56,023 - WARNING - sh588820 数据不足 (少于250天)，无法生成画像
2025-08-20 05:47:56,023 - INFO - 数据库初始化完成
2025-08-20 05:47:56,023 - INFO - 处理进度 [2804/11571]: sh588820
2025-08-20 05:47:58,463 - WARNING - 股票 sh603213 不存在于观察池中
2025-08-20 05:47:58,464 - INFO - 处理进度 [2805/11571]: sh603213
2025-08-20 05:47:58,464 - INFO - 数据库初始化完成
2025-08-20 05:47:59,553 - WARNING - 股票 sh603989 不存在于观察池中
2025-08-20 05:47:59,553 - INFO - 处理进度 [2806/11571]: sh603989
2025-08-20 05:47:59,554 - INFO - 数据库初始化完成
2025-08-20 05:47:59,567 - WARNING - sh688576 数据不足 (少于250天)，无法生成画像
2025-08-20 05:47:59,568 - INFO - 处理进度 [2807/11571]: sh688576
2025-08-20 05:47:59,568 - INFO - 数据库初始化完成
2025-08-20 05:48:27,319 - WARNING - 股票 sh603708 不存在于观察池中
2025-08-20 05:48:27,320 - INFO - 处理进度 [2808/11571]: sh603708
2025-08-20 05:48:27,320 - INFO - 数据库初始化完成
2025-08-20 05:48:27,333 - WARNING - sh563330 数据不足 (少于250天)，无法生成画像
2025-08-20 05:48:27,334 - INFO - 处理进度 [2809/11571]: sh563330
2025-08-20 05:48:27,334 - INFO - 数据库初始化完成
2025-08-20 05:48:34,699 - WARNING - 股票 sh110070 不存在于观察池中
2025-08-20 05:48:34,700 - INFO - 数据库初始化完成
2025-08-20 05:48:34,700 - INFO - 处理进度 [2810/11571]: sh110070
2025-08-20 05:48:37,238 - WARNING - 差分进化优化失败，使用默认参数
2025-08-20 05:48:37,238 - ERROR - sh688565 参数优化失败，使用默认参数回退
2025-08-20 05:48:37,252 - WARNING - 股票 sh688565 不存在于观察池中
2025-08-20 05:48:37,252 - INFO - 处理进度 [2811/11571]: sh688565
2025-08-20 05:48:37,253 - INFO - 数据库初始化完成
2025-08-20 05:48:37,268 - WARNING - sh688530 数据不足 (少于250天)，无法生成画像
2025-08-20 05:48:37,269 - INFO - 数据库初始化完成
2025-08-20 05:48:37,269 - INFO - 处理进度 [2812/11571]: sh688530
2025-08-20 05:48:41,530 - WARNING - 股票 sh688153 不存在于观察池中
2025-08-20 05:48:41,530 - INFO - 处理进度 [2813/11571]: sh688153
2025-08-20 05:48:41,531 - INFO - 数据库初始化完成
2025-08-20 05:48:41,603 - WARNING - 股票 sh000122 不存在于观察池中
2025-08-20 05:48:41,604 - INFO - 数据库初始化完成
2025-08-20 05:48:41,604 - INFO - 处理进度 [2814/11571]: sh000122
2025-08-20 05:48:59,887 - WARNING - 股票 sh561300 不存在于观察池中
2025-08-20 05:48:59,888 - INFO - 数据库初始化完成
2025-08-20 05:48:59,888 - INFO - 处理进度 [2815/11571]: sh561300
2025-08-20 05:49:02,717 - WARNING - 差分进化优化失败，使用默认参数
2025-08-20 05:49:02,717 - ERROR - sh560660 参数优化失败，使用默认参数回退
2025-08-20 05:49:02,731 - WARNING - 股票 sh560660 不存在于观察池中
2025-08-20 05:49:02,731 - INFO - 数据库初始化完成
2025-08-20 05:49:02,734 - INFO - 处理进度 [2816/11571]: sh560660
2025-08-20 05:49:23,001 - WARNING - 股票 sh603059 不存在于观察池中
2025-08-20 05:49:23,002 - INFO - 处理进度 [2817/11571]: sh603059
2025-08-20 05:49:23,002 - INFO - 数据库初始化完成
2025-08-20 05:49:24,546 - WARNING - 股票 sh881060 不存在于观察池中
2025-08-20 05:49:24,546 - INFO - 处理进度 [2818/11571]: sh881060
2025-08-20 05:49:24,547 - INFO - 数据库初始化完成
2025-08-20 05:49:58,172 - WARNING - 股票 sh600999 不存在于观察池中
2025-08-20 05:49:58,173 - INFO - 处理进度 [2819/11571]: sh600999
2025-08-20 05:49:58,173 - INFO - 数据库初始化完成
2025-08-20 05:49:58,177 - WARNING - sh880915 数据不足 (少于250天)，无法生成画像
2025-08-20 05:49:58,177 - INFO - 数据库初始化完成
2025-08-20 05:49:58,177 - INFO - 处理进度 [2820/11571]: sh880915
2025-08-20 05:50:03,706 - WARNING - 股票 sh880751 不存在于观察池中
2025-08-20 05:50:03,707 - INFO - 数据库初始化完成
2025-08-20 05:50:03,707 - INFO - 处理进度 [2821/11571]: sh880751
2025-08-20 05:50:10,910 - WARNING - 股票 sh515550 不存在于观察池中
2025-08-20 05:50:10,911 - INFO - 处理进度 [2822/11571]: sh515550
2025-08-20 05:50:10,911 - INFO - 数据库初始化完成
2025-08-20 05:50:38,842 - WARNING - 股票 sh601212 不存在于观察池中
2025-08-20 05:50:38,843 - INFO - 数据库初始化完成
2025-08-20 05:50:38,843 - INFO - 处理进度 [2823/11571]: sh601212
2025-08-20 05:50:53,840 - WARNING - 股票 sh603993 不存在于观察池中
2025-08-20 05:50:53,840 - INFO - 处理进度 [2824/11571]: sh603993
2025-08-20 05:50:53,841 - INFO - 数据库初始化完成
2025-08-20 05:51:38,307 - WARNING - 股票 sh603883 不存在于观察池中
2025-08-20 05:51:38,308 - INFO - 数据库初始化完成
2025-08-20 05:51:38,309 - INFO - 处理进度 [2825/11571]: sh603883
2025-08-20 05:52:08,800 - WARNING - 股票 sh900945 不存在于观察池中
2025-08-20 05:52:08,802 - INFO - 数据库初始化完成
2025-08-20 05:52:08,802 - INFO - 处理进度 [2826/11571]: sh900945
2025-08-20 05:52:34,105 - WARNING - 股票 sh603823 不存在于观察池中
2025-08-20 05:52:34,106 - INFO - 数据库初始化完成
2025-08-20 05:52:34,106 - INFO - 处理进度 [2827/11571]: sh603823
2025-08-20 05:52:47,486 - WARNING - 股票 sh600106 不存在于观察池中
2025-08-20 05:52:47,486 - INFO - 处理进度 [2828/11571]: sh600106
2025-08-20 05:52:47,487 - INFO - 数据库初始化完成
2025-08-20 05:52:47,496 - WARNING - sh508087 数据不足 (少于250天)，无法生成画像
2025-08-20 05:52:47,497 - INFO - 数据库初始化完成
2025-08-20 05:52:47,497 - INFO - 处理进度 [2829/11571]: sh508087
2025-08-20 05:53:05,579 - WARNING - 股票 sh603380 不存在于观察池中
2025-08-20 05:53:05,580 - INFO - 处理进度 [2830/11571]: sh603380
2025-08-20 05:53:05,580 - INFO - 数据库初始化完成
2025-08-20 05:53:05,591 - WARNING - sh601083 数据不足 (少于250天)，无法生成画像
2025-08-20 05:53:05,592 - INFO - 处理进度 [2831/11571]: sh601083
2025-08-20 05:53:05,592 - INFO - 数据库初始化完成
2025-08-20 05:53:15,513 - WARNING - 股票 sh600586 不存在于观察池中
2025-08-20 05:53:15,514 - INFO - 数据库初始化完成
2025-08-20 05:53:15,515 - INFO - 处理进度 [2832/11571]: sh600586
2025-08-20 05:53:27,853 - WARNING - 股票 sh880208 不存在于观察池中
2025-08-20 05:53:27,854 - INFO - 处理进度 [2833/11571]: sh880208
2025-08-20 05:53:27,855 - INFO - 数据库初始化完成
2025-08-20 05:53:28,787 - WARNING - 股票 sh880893 不存在于观察池中
2025-08-20 05:53:28,788 - INFO - 数据库初始化完成
2025-08-20 05:53:28,788 - INFO - 处理进度 [2834/11571]: sh880893
2025-08-20 05:53:28,800 - WARNING - sh880687 数据不足 (少于250天)，无法生成画像
2025-08-20 05:53:28,801 - INFO - 数据库初始化完成
2025-08-20 05:53:28,801 - INFO - 处理进度 [2835/11571]: sh880687
2025-08-20 05:53:28,816 - WARNING - sh588220 数据不足 (少于250天)，无法生成画像
2025-08-20 05:53:28,816 - INFO - 处理进度 [2836/11571]: sh588220
2025-08-20 05:53:28,817 - INFO - 数据库初始化完成
2025-08-20 05:53:43,020 - WARNING - 股票 sh880580 不存在于观察池中
2025-08-20 05:53:43,021 - INFO - 数据库初始化完成
2025-08-20 05:53:43,021 - INFO - 处理进度 [2837/11571]: sh880580
2025-08-20 05:54:05,723 - WARNING - 股票 sh118021 不存在于观察池中
2025-08-20 05:54:05,723 - INFO - 处理进度 [2838/11571]: sh118021
2025-08-20 05:54:05,724 - INFO - 数据库初始化完成
2025-08-20 05:54:26,786 - WARNING - 股票 sh603995 不存在于观察池中
2025-08-20 05:54:26,787 - INFO - 数据库初始化完成
2025-08-20 05:54:26,791 - INFO - 处理进度 [2839/11571]: sh603995
2025-08-20 05:55:00,625 - WARNING - 股票 sh688793 不存在于观察池中
2025-08-20 05:55:00,626 - INFO - 数据库初始化完成
2025-08-20 05:55:00,626 - INFO - 处理进度 [2840/11571]: sh688793
2025-08-20 05:55:13,120 - WARNING - 股票 sh600674 不存在于观察池中
2025-08-20 05:55:13,121 - INFO - 数据库初始化完成
2025-08-20 05:55:13,121 - INFO - 处理进度 [2841/11571]: sh600674
2025-08-20 05:55:16,371 - WARNING - 股票 sh603156 不存在于观察池中
2025-08-20 05:55:16,372 - INFO - 数据库初始化完成
2025-08-20 05:55:16,372 - INFO - 处理进度 [2842/11571]: sh603156
2025-08-20 05:55:42,885 - WARNING - 股票 sh880540 不存在于观察池中
2025-08-20 05:55:42,885 - INFO - 处理进度 [2843/11571]: sh880540
2025-08-20 05:55:42,886 - INFO - 数据库初始化完成
2025-08-20 05:55:49,803 - WARNING - 股票 sh113667 不存在于观察池中
2025-08-20 05:55:49,804 - INFO - 数据库初始化完成
2025-08-20 05:55:49,804 - INFO - 处理进度 [2844/11571]: sh113667
2025-08-20 05:56:14,893 - WARNING - 股票 sh881290 不存在于观察池中
2025-08-20 05:56:14,894 - INFO - 数据库初始化完成
2025-08-20 05:56:14,896 - INFO - 处理进度 [2845/11571]: sh881290
2025-08-20 05:56:14,906 - WARNING - sh111018 数据不足 (少于250天)，无法生成画像
2025-08-20 05:56:14,906 - INFO - 处理进度 [2846/11571]: sh111018
2025-08-20 05:56:14,907 - INFO - 数据库初始化完成
2025-08-20 05:56:24,507 - WARNING - 股票 sh603048 不存在于观察池中
2025-08-20 05:56:24,508 - INFO - 数据库初始化完成
2025-08-20 05:56:24,508 - INFO - 处理进度 [2847/11571]: sh603048
2025-08-20 05:56:24,520 - WARNING - sh513400 数据不足 (少于250天)，无法生成画像
2025-08-20 05:56:24,520 - INFO - 数据库初始化完成
2025-08-20 05:56:24,521 - INFO - 处理进度 [2848/11571]: sh513400
2025-08-20 05:56:24,980 - WARNING - 股票 sh880409 不存在于观察池中
2025-08-20 05:56:24,980 - INFO - 处理进度 [2849/11571]: sh880409
2025-08-20 05:56:24,981 - INFO - 数据库初始化完成
2025-08-20 05:56:36,005 - WARNING - 股票 sh605198 不存在于观察池中
2025-08-20 05:56:36,005 - INFO - 数据库初始化完成
2025-08-20 05:56:36,006 - INFO - 处理进度 [2850/11571]: sh605198
2025-08-20 05:56:41,350 - WARNING - 差分进化优化失败，使用默认参数
2025-08-20 05:56:41,376 - ERROR - sh601555 参数优化失败，使用默认参数回退
2025-08-20 05:56:41,404 - WARNING - 股票 sh601555 不存在于观察池中
2025-08-20 05:56:41,407 - INFO - 数据库初始化完成
2025-08-20 05:56:41,412 - INFO - 处理进度 [2851/11571]: sh601555
2025-08-20 05:57:03,626 - WARNING - 股票 sh880445 不存在于观察池中
2025-08-20 05:57:03,627 - INFO - 处理进度 [2852/11571]: sh880445
2025-08-20 05:57:03,627 - INFO - 数据库初始化完成
2025-08-20 05:57:22,069 - WARNING - 股票 sh603363 不存在于观察池中
2025-08-20 05:57:22,070 - INFO - 数据库初始化完成
2025-08-20 05:57:22,070 - INFO - 处理进度 [2853/11571]: sh603363
2025-08-20 05:57:24,661 - WARNING - 股票 sh880325 不存在于观察池中
2025-08-20 05:57:24,662 - INFO - 处理进度 [2854/11571]: sh880325
2025-08-20 05:57:24,662 - INFO - 数据库初始化完成
2025-08-20 05:57:39,653 - WARNING - 股票 sh881346 不存在于观察池中
2025-08-20 05:57:39,654 - INFO - 处理进度 [2855/11571]: sh881346
2025-08-20 05:57:39,654 - INFO - 数据库初始化完成
2025-08-20 05:57:39,663 - WARNING - sh513810 数据不足 (少于250天)，无法生成画像
2025-08-20 05:57:39,664 - INFO - 数据库初始化完成
2025-08-20 05:57:39,664 - INFO - 处理进度 [2856/11571]: sh513810
2025-08-20 05:57:47,673 - WARNING - 股票 sh880400 不存在于观察池中
2025-08-20 05:57:47,674 - INFO - 处理进度 [2857/11571]: sh880400
2025-08-20 05:57:47,674 - INFO - 数据库初始化完成
2025-08-20 05:57:55,487 - WARNING - 股票 sh603612 不存在于观察池中
2025-08-20 05:57:55,488 - INFO - 数据库初始化完成
2025-08-20 05:57:55,489 - INFO - 处理进度 [2858/11571]: sh603612
2025-08-20 05:57:58,812 - WARNING - 差分进化优化失败，使用默认参数
2025-08-20 05:57:58,812 - ERROR - sh588260 参数优化失败，使用默认参数回退
2025-08-20 05:57:58,826 - WARNING - 股票 sh588260 不存在于观察池中
2025-08-20 05:57:58,827 - INFO - 数据库初始化完成
2025-08-20 05:57:58,828 - INFO - 处理进度 [2859/11571]: sh588260
2025-08-20 05:58:13,093 - WARNING - 股票 sh601799 不存在于观察池中
2025-08-20 05:58:13,094 - INFO - 数据库初始化完成
2025-08-20 05:58:13,095 - INFO - 处理进度 [2860/11571]: sh601799
2025-08-20 05:58:19,186 - WARNING - 股票 sh880219 不存在于观察池中
2025-08-20 05:58:19,186 - INFO - 处理进度 [2861/11571]: sh880219
2025-08-20 05:58:19,187 - INFO - 数据库初始化完成
2025-08-20 05:58:19,200 - WARNING - sh113681 数据不足 (少于250天)，无法生成画像
2025-08-20 05:58:19,201 - INFO - 处理进度 [2862/11571]: sh113681
2025-08-20 05:58:19,201 - INFO - 数据库初始化完成
2025-08-20 05:58:20,313 - WARNING - 股票 sh601968 不存在于观察池中
2025-08-20 05:58:20,314 - INFO - 处理进度 [2863/11571]: sh601968
2025-08-20 05:58:20,314 - INFO - 数据库初始化完成
2025-08-20 05:58:58,277 - WARNING - 股票 sh601798 不存在于观察池中
2025-08-20 05:58:58,279 - INFO - 数据库初始化完成
2025-08-20 05:58:58,281 - INFO - 处理进度 [2864/11571]: sh601798
2025-08-20 05:59:48,544 - WARNING - 股票 sh605268 不存在于观察池中
2025-08-20 05:59:48,545 - INFO - 处理进度 [2865/11571]: sh605268
2025-08-20 05:59:48,545 - INFO - 数据库初始化完成
2025-08-20 05:59:56,312 - WARNING - 股票 sh688286 不存在于观察池中
2025-08-20 05:59:56,313 - INFO - 数据库初始化完成
2025-08-20 05:59:56,313 - INFO - 处理进度 [2866/11571]: sh688286
2025-08-20 06:00:05,183 - WARNING - 股票 sh605033 不存在于观察池中
2025-08-20 06:00:05,184 - INFO - 处理进度 [2867/11571]: sh605033
2025-08-20 06:00:05,185 - INFO - 数据库初始化完成
2025-08-20 06:00:11,943 - WARNING - 差分进化优化失败，使用默认参数
2025-08-20 06:00:11,943 - ERROR - sh600272 参数优化失败，使用默认参数回退
2025-08-20 06:00:11,957 - WARNING - 股票 sh600272 不存在于观察池中
2025-08-20 06:00:11,958 - INFO - 数据库初始化完成
2025-08-20 06:00:11,958 - INFO - 处理进度 [2868/11571]: sh600272
2025-08-20 06:00:14,774 - WARNING - 股票 sh688410 不存在于观察池中
2025-08-20 06:00:14,775 - INFO - 处理进度 [2869/11571]: sh688410
2025-08-20 06:00:14,775 - INFO - 数据库初始化完成
2025-08-20 06:00:51,443 - WARNING - 股票 sh688626 不存在于观察池中
2025-08-20 06:00:51,444 - INFO - 数据库初始化完成
2025-08-20 06:00:51,445 - INFO - 处理进度 [2870/11571]: sh688626
2025-08-20 06:01:04,255 - WARNING - 差分进化优化失败，使用默认参数
2025-08-20 06:01:04,255 - ERROR - sh600718 参数优化失败，使用默认参数回退
2025-08-20 06:01:04,269 - WARNING - 股票 sh600718 不存在于观察池中
2025-08-20 06:01:04,269 - INFO - 处理进度 [2871/11571]: sh600718
2025-08-20 06:01:04,270 - INFO - 数据库初始化完成
2025-08-20 06:01:14,370 - WARNING - 股票 sh603559 不存在于观察池中
2025-08-20 06:01:14,370 - INFO - 处理进度 [2872/11571]: sh603559
2025-08-20 06:01:14,370 - INFO - 数据库初始化完成
2025-08-20 06:01:39,641 - WARNING - 股票 sh880858 不存在于观察池中
2025-08-20 06:01:39,642 - INFO - 数据库初始化完成
2025-08-20 06:01:39,645 - INFO - 处理进度 [2873/11571]: sh880858
2025-08-20 06:01:39,653 - WARNING - sh560520 数据不足 (少于250天)，无法生成画像
2025-08-20 06:01:39,654 - INFO - 数据库初始化完成
2025-08-20 06:01:39,654 - INFO - 处理进度 [2874/11571]: sh560520
2025-08-20 06:01:41,923 - WARNING - 股票 sh600377 不存在于观察池中
2025-08-20 06:01:41,924 - INFO - 处理进度 [2875/11571]: sh600377
2025-08-20 06:01:41,925 - INFO - 数据库初始化完成
2025-08-20 06:02:21,313 - WARNING - 股票 sh110090 不存在于观察池中
2025-08-20 06:02:21,314 - INFO - 数据库初始化完成
2025-08-20 06:02:21,314 - INFO - 处理进度 [2876/11571]: sh110090
2025-08-20 06:02:32,954 - WARNING - 股票 sh600605 不存在于观察池中
2025-08-20 06:02:32,955 - INFO - 数据库初始化完成
2025-08-20 06:02:32,956 - INFO - 处理进度 [2877/11571]: sh600605
2025-08-20 06:02:40,461 - WARNING - 股票 sh688486 不存在于观察池中
2025-08-20 06:02:40,462 - INFO - 数据库初始化完成
2025-08-20 06:02:40,462 - INFO - 处理进度 [2878/11571]: sh688486
2025-08-20 06:02:43,199 - WARNING - 股票 sh600958 不存在于观察池中
2025-08-20 06:02:43,200 - INFO - 数据库初始化完成
2025-08-20 06:02:43,200 - INFO - 处理进度 [2879/11571]: sh600958
2025-08-20 06:02:47,574 - WARNING - 股票 sh516130 不存在于观察池中
2025-08-20 06:02:47,574 - INFO - 处理进度 [2880/11571]: sh516130
2025-08-20 06:02:47,575 - INFO - 数据库初始化完成
2025-08-20 06:02:56,743 - WARNING - 股票 sh600739 不存在于观察池中
2025-08-20 06:02:56,744 - INFO - 数据库初始化完成
2025-08-20 06:02:56,745 - INFO - 处理进度 [2881/11571]: sh600739
2025-08-20 06:03:34,453 - WARNING - 股票 sh881329 不存在于观察池中
2025-08-20 06:03:34,454 - INFO - 数据库初始化完成
2025-08-20 06:03:34,454 - INFO - 处理进度 [2882/11571]: sh881329
2025-08-20 06:03:37,329 - WARNING - 股票 sh600616 不存在于观察池中
2025-08-20 06:03:37,330 - INFO - 处理进度 [2883/11571]: sh600616
2025-08-20 06:03:37,330 - INFO - 数据库初始化完成
2025-08-20 06:03:45,676 - WARNING - 股票 sh517660 不存在于观察池中
2025-08-20 06:03:45,676 - INFO - 数据库初始化完成
2025-08-20 06:03:45,677 - INFO - 处理进度 [2884/11571]: sh517660
2025-08-20 06:03:45,688 - WARNING - sh113689 数据不足 (少于250天)，无法生成画像
2025-08-20 06:03:45,688 - INFO - 数据库初始化完成
2025-08-20 06:03:45,689 - INFO - 处理进度 [2885/11571]: sh113689
2025-08-20 06:03:50,993 - WARNING - 股票 sh880226 不存在于观察池中
2025-08-20 06:03:50,994 - INFO - 处理进度 [2886/11571]: sh880226
2025-08-20 06:03:50,995 - INFO - 数据库初始化完成
2025-08-20 06:03:51,006 - WARNING - sh880548 数据不足 (少于250天)，无法生成画像
2025-08-20 06:03:51,006 - INFO - 数据库初始化完成
2025-08-20 06:03:51,007 - INFO - 处理进度 [2887/11571]: sh880548
2025-08-20 06:03:54,380 - WARNING - 股票 sh111005 不存在于观察池中
2025-08-20 06:03:54,381 - INFO - 处理进度 [2888/11571]: sh111005
2025-08-20 06:03:54,381 - INFO - 数据库初始化完成
2025-08-20 06:03:55,641 - WARNING - 股票 sh688358 不存在于观察池中
2025-08-20 06:03:55,668 - INFO - 数据库初始化完成
2025-08-20 06:03:55,668 - INFO - 处理进度 [2889/11571]: sh688358
2025-08-20 06:04:24,997 - WARNING - 股票 sh603676 不存在于观察池中
2025-08-20 06:04:24,998 - INFO - 数据库初始化完成
2025-08-20 06:04:24,999 - INFO - 处理进度 [2890/11571]: sh603676
2025-08-20 06:04:34,924 - WARNING - 股票 sh501203 不存在于观察池中
2025-08-20 06:04:34,924 - INFO - 处理进度 [2891/11571]: sh501203
2025-08-20 06:04:34,924 - INFO - 数据库初始化完成
2025-08-20 06:05:40,833 - WARNING - 股票 sh113584 不存在于观察池中
2025-08-20 06:05:40,834 - INFO - 数据库初始化完成
2025-08-20 06:05:40,835 - INFO - 处理进度 [2892/11571]: sh113584
2025-08-20 06:05:42,472 - WARNING - 股票 sh880706 不存在于观察池中
2025-08-20 06:05:42,472 - INFO - 处理进度 [2893/11571]: sh880706
2025-08-20 06:05:42,473 - INFO - 数据库初始化完成
2025-08-20 06:05:42,484 - WARNING - sh513190 数据不足 (少于250天)，无法生成画像
2025-08-20 06:05:42,485 - INFO - 数据库初始化完成
2025-08-20 06:05:42,485 - INFO - 处理进度 [2894/11571]: sh513190
2025-08-20 06:05:57,562 - WARNING - 差分进化优化失败，使用默认参数
2025-08-20 06:05:57,569 - ERROR - sh881112 参数优化失败，使用默认参数回退
2025-08-20 06:05:57,583 - WARNING - 股票 sh881112 不存在于观察池中
2025-08-20 06:05:57,584 - INFO - 数据库初始化完成
2025-08-20 06:05:57,584 - INFO - 处理进度 [2895/11571]: sh881112
2025-08-20 06:06:16,611 - WARNING - 股票 sh880215 不存在于观察池中
2025-08-20 06:06:16,612 - INFO - 数据库初始化完成
2025-08-20 06:06:16,612 - INFO - 处理进度 [2896/11571]: sh880215
2025-08-20 06:06:16,624 - WARNING - sh508026 数据不足 (少于250天)，无法生成画像
2025-08-20 06:06:16,625 - INFO - 处理进度 [2897/11571]: sh508026
2025-08-20 06:06:16,625 - INFO - 数据库初始化完成
2025-08-20 06:06:18,688 - WARNING - 股票 sh113054 不存在于观察池中
2025-08-20 06:06:18,689 - INFO - 数据库初始化完成
2025-08-20 06:06:18,690 - INFO - 处理进度 [2898/11571]: sh113054
2025-08-20 06:06:30,697 - WARNING - 股票 sh603041 不存在于观察池中
2025-08-20 06:06:30,697 - INFO - 处理进度 [2899/11571]: sh603041
2025-08-20 06:06:30,698 - INFO - 数据库初始化完成
2025-08-20 06:06:31,970 - WARNING - 股票 sh517030 不存在于观察池中
2025-08-20 06:06:31,970 - INFO - 数据库初始化完成
2025-08-20 06:06:31,973 - INFO - 处理进度 [2900/11571]: sh517030
2025-08-20 06:07:15,518 - WARNING - 股票 sh688057 不存在于观察池中
2025-08-20 06:07:15,518 - INFO - 处理进度 [2901/11571]: sh688057
2025-08-20 06:07:15,519 - INFO - 数据库初始化完成
2025-08-20 06:07:26,954 - WARNING - 股票 sh600529 不存在于观察池中
2025-08-20 06:07:26,955 - INFO - 处理进度 [2902/11571]: sh600529
2025-08-20 06:07:26,955 - INFO - 数据库初始化完成
2025-08-20 06:07:40,615 - WARNING - 股票 sh688408 不存在于观察池中
2025-08-20 06:07:40,616 - INFO - 处理进度 [2903/11571]: sh688408
2025-08-20 06:07:40,616 - INFO - 数据库初始化完成
2025-08-20 06:07:58,896 - WARNING - 股票 sh688686 不存在于观察池中
2025-08-20 06:07:58,897 - INFO - 处理进度 [2904/11571]: sh688686
2025-08-20 06:07:58,898 - INFO - 数据库初始化完成
2025-08-20 06:08:21,525 - WARNING - 股票 sh688611 不存在于观察池中
2025-08-20 06:08:21,526 - INFO - 处理进度 [2905/11571]: sh688611
2025-08-20 06:08:21,526 - INFO - 数据库初始化完成
2025-08-20 06:08:47,068 - WARNING - 股票 sh880464 不存在于观察池中
2025-08-20 06:08:47,069 - INFO - 数据库初始化完成
2025-08-20 06:08:47,069 - INFO - 处理进度 [2906/11571]: sh880464
2025-08-20 06:08:48,918 - WARNING - 股票 sh600248 不存在于观察池中
2025-08-20 06:08:48,919 - INFO - 处理进度 [2907/11571]: sh600248
2025-08-20 06:08:48,919 - INFO - 数据库初始化完成
2025-08-20 06:08:49,518 - WARNING - 差分进化优化失败，使用默认参数
2025-08-20 06:08:49,526 - ERROR - sh880897 参数优化失败，使用默认参数回退
2025-08-20 06:08:49,539 - WARNING - 股票 sh880897 不存在于观察池中
2025-08-20 06:08:49,540 - INFO - 数据库初始化完成
2025-08-20 06:08:49,540 - INFO - 处理进度 [2908/11571]: sh880897
2025-08-20 06:08:59,602 - WARNING - 股票 sh880501 不存在于观察池中
2025-08-20 06:08:59,602 - INFO - 处理进度 [2909/11571]: sh880501
2025-08-20 06:08:59,603 - INFO - 数据库初始化完成
2025-08-20 06:09:00,355 - WARNING - 差分进化优化失败，使用默认参数
2025-08-20 06:09:00,356 - ERROR - sh510200 参数优化失败，使用默认参数回退
2025-08-20 06:09:00,395 - WARNING - 股票 sh510200 不存在于观察池中
2025-08-20 06:09:00,396 - INFO - 数据库初始化完成
2025-08-20 06:09:00,396 - INFO - 处理进度 [2910/11571]: sh510200
2025-08-20 06:09:00,457 - WARNING - 股票 sh881008 不存在于观察池中
2025-08-20 06:09:00,458 - INFO - 数据库初始化完成
2025-08-20 06:09:00,458 - INFO - 处理进度 [2911/11571]: sh881008
2025-08-20 06:09:20,676 - WARNING - 股票 sh600769 不存在于观察池中
2025-08-20 06:09:20,677 - INFO - 数据库初始化完成
2025-08-20 06:09:20,677 - INFO - 处理进度 [2912/11571]: sh600769
2025-08-20 06:09:29,447 - WARNING - 股票 sh603173 不存在于观察池中
2025-08-20 06:09:29,447 - INFO - 数据库初始化完成
2025-08-20 06:09:29,448 - INFO - 处理进度 [2913/11571]: sh603173
2025-08-20 06:09:31,633 - WARNING - 股票 sh688348 不存在于观察池中
2025-08-20 06:09:31,633 - INFO - 处理进度 [2914/11571]: sh688348
2025-08-20 06:09:31,634 - INFO - 数据库初始化完成
2025-08-20 06:09:33,748 - WARNING - 股票 sh601009 不存在于观察池中
2025-08-20 06:09:33,749 - INFO - 数据库初始化完成
2025-08-20 06:09:33,749 - INFO - 处理进度 [2915/11571]: sh601009
2025-08-20 06:09:43,236 - WARNING - 股票 sh688456 不存在于观察池中
2025-08-20 06:09:43,237 - INFO - 数据库初始化完成
2025-08-20 06:09:43,237 - INFO - 处理进度 [2916/11571]: sh688456
2025-08-20 06:09:56,821 - WARNING - 股票 sh881177 不存在于观察池中
2025-08-20 06:09:56,822 - INFO - 数据库初始化完成
2025-08-20 06:09:56,822 - INFO - 处理进度 [2917/11571]: sh881177
2025-08-20 06:10:45,156 - WARNING - 股票 sh688499 不存在于观察池中
2025-08-20 06:10:45,157 - INFO - 数据库初始化完成
2025-08-20 06:10:45,157 - INFO - 处理进度 [2918/11571]: sh688499
2025-08-20 06:11:06,163 - WARNING - 股票 sh880781 不存在于观察池中
2025-08-20 06:11:06,163 - INFO - 处理进度 [2919/11571]: sh880781
2025-08-20 06:11:06,164 - INFO - 数据库初始化完成
2025-08-20 06:11:21,316 - WARNING - 股票 sh600475 不存在于观察池中
2025-08-20 06:11:21,317 - INFO - 数据库初始化完成
2025-08-20 06:11:21,317 - INFO - 处理进度 [2920/11571]: sh600475
2025-08-20 06:11:21,329 - WARNING - sh560070 数据不足 (少于250天)，无法生成画像
2025-08-20 06:11:21,330 - INFO - 数据库初始化完成
2025-08-20 06:11:21,330 - INFO - 处理进度 [2921/11571]: sh560070
2025-08-20 06:11:42,497 - WARNING - 股票 sh880476 不存在于观察池中
2025-08-20 06:11:42,498 - INFO - 数据库初始化完成
2025-08-20 06:11:42,498 - INFO - 处理进度 [2922/11571]: sh880476
2025-08-20 06:11:42,550 - WARNING - 股票 sh601398 不存在于观察池中
2025-08-20 06:11:42,551 - INFO - 处理进度 [2923/11571]: sh601398
2025-08-20 06:11:42,551 - INFO - 数据库初始化完成
2025-08-20 06:12:11,875 - WARNING - 股票 sh600363 不存在于观察池中
2025-08-20 06:12:11,876 - INFO - 数据库初始化完成
2025-08-20 06:12:11,877 - INFO - 处理进度 [2924/11571]: sh600363
2025-08-20 06:12:28,171 - WARNING - 股票 sh880719 不存在于观察池中
2025-08-20 06:12:28,172 - INFO - 数据库初始化完成
2025-08-20 06:12:28,173 - INFO - 处理进度 [2925/11571]: sh880719
2025-08-20 06:12:58,751 - WARNING - 差分进化优化失败，使用默认参数
2025-08-20 06:12:58,752 - ERROR - sh881101 参数优化失败，使用默认参数回退
2025-08-20 06:12:58,766 - WARNING - 股票 sh881101 不存在于观察池中
2025-08-20 06:12:58,767 - INFO - 数据库初始化完成
2025-08-20 06:12:58,769 - INFO - 处理进度 [2926/11571]: sh881101
2025-08-20 06:13:10,115 - WARNING - 股票 sh600838 不存在于观察池中
2025-08-20 06:13:10,115 - INFO - 处理进度 [2927/11571]: sh600838
2025-08-20 06:13:10,116 - INFO - 数据库初始化完成
2025-08-20 06:13:38,663 - WARNING - 股票 sh605277 不存在于观察池中
2025-08-20 06:13:38,663 - INFO - 处理进度 [2928/11571]: sh605277
2025-08-20 06:13:38,663 - INFO - 数据库初始化完成
2025-08-20 06:13:46,937 - WARNING - 股票 sh508008 不存在于观察池中
2025-08-20 06:13:46,937 - INFO - 数据库初始化完成
2025-08-20 06:13:46,938 - INFO - 处理进度 [2929/11571]: sh508008
2025-08-20 06:13:55,851 - WARNING - 股票 sh688381 不存在于观察池中
2025-08-20 06:13:55,852 - INFO - 处理进度 [2930/11571]: sh688381
2025-08-20 06:13:55,852 - INFO - 数据库初始化完成
2025-08-20 06:14:06,790 - WARNING - 股票 sh688227 不存在于观察池中
2025-08-20 06:14:06,791 - INFO - 数据库初始化完成
2025-08-20 06:14:06,791 - INFO - 处理进度 [2931/11571]: sh688227
2025-08-20 06:14:11,956 - WARNING - 股票 sh688369 不存在于观察池中
2025-08-20 06:14:11,964 - INFO - 数据库初始化完成
2025-08-20 06:14:11,964 - INFO - 处理进度 [2932/11571]: sh688369
2025-08-20 06:14:22,803 - WARNING - 股票 sh605255 不存在于观察池中
2025-08-20 06:14:22,804 - INFO - 数据库初始化完成
2025-08-20 06:14:22,804 - INFO - 处理进度 [2933/11571]: sh605255
2025-08-20 06:14:28,923 - WARNING - 差分进化优化失败，使用默认参数
2025-08-20 06:14:28,923 - ERROR - sh881153 参数优化失败，使用默认参数回退
2025-08-20 06:14:28,938 - WARNING - 股票 sh881153 不存在于观察池中
2025-08-20 06:14:28,939 - INFO - 数据库初始化完成
2025-08-20 06:14:28,942 - INFO - 处理进度 [2934/11571]: sh881153
2025-08-20 06:14:40,912 - WARNING - 股票 sh603166 不存在于观察池中
2025-08-20 06:14:40,912 - INFO - 数据库初始化完成
2025-08-20 06:14:40,913 - INFO - 处理进度 [2935/11571]: sh603166
2025-08-20 06:14:45,375 - WARNING - 股票 sh603025 不存在于观察池中
2025-08-20 06:14:45,376 - INFO - 数据库初始化完成
2025-08-20 06:14:45,376 - INFO - 处理进度 [2936/11571]: sh603025
2025-08-20 06:14:53,391 - WARNING - 股票 sh588290 不存在于观察池中
2025-08-20 06:14:53,392 - INFO - 数据库初始化完成
2025-08-20 06:14:53,393 - INFO - 处理进度 [2937/11571]: sh588290
2025-08-20 06:14:58,896 - WARNING - 股票 sh603530 不存在于观察池中
2025-08-20 06:14:58,897 - INFO - 数据库初始化完成
2025-08-20 06:14:58,897 - INFO - 处理进度 [2938/11571]: sh603530
2025-08-20 06:15:48,614 - WARNING - 股票 sh688575 不存在于观察池中
2025-08-20 06:15:48,614 - INFO - 处理进度 [2939/11571]: sh688575
2025-08-20 06:15:48,615 - INFO - 数据库初始化完成
2025-08-20 06:15:53,246 - WARNING - 股票 sh881307 不存在于观察池中
2025-08-20 06:15:53,247 - INFO - 数据库初始化完成
2025-08-20 06:15:53,248 - INFO - 处理进度 [2940/11571]: sh881307
2025-08-20 06:16:19,139 - WARNING - 股票 sh881253 不存在于观察池中
2025-08-20 06:16:19,140 - INFO - 处理进度 [2941/11571]: sh881253
2025-08-20 06:16:19,140 - INFO - 数据库初始化完成
2025-08-20 06:16:30,123 - WARNING - 股票 sh880651 不存在于观察池中
2025-08-20 06:16:30,124 - INFO - 数据库初始化完成
2025-08-20 06:16:30,124 - INFO - 处理进度 [2942/11571]: sh880651
2025-08-20 06:16:30,927 - WARNING - 股票 sh603066 不存在于观察池中
2025-08-20 06:16:30,927 - INFO - 数据库初始化完成
2025-08-20 06:16:30,928 - INFO - 处理进度 [2943/11571]: sh603066
2025-08-20 06:16:31,495 - WARNING - 股票 sh506000 不存在于观察池中
2025-08-20 06:16:31,496 - INFO - 处理进度 [2944/11571]: sh506000
2025-08-20 06:16:31,496 - INFO - 数据库初始化完成
2025-08-20 06:17:13,484 - WARNING - 差分进化优化失败，使用默认参数
2025-08-20 06:17:13,485 - ERROR - sh605358 参数优化失败，使用默认参数回退
2025-08-20 06:17:13,498 - WARNING - 股票 sh605358 不存在于观察池中
2025-08-20 06:17:13,499 - INFO - 处理进度 [2945/11571]: sh605358
2025-08-20 06:17:13,499 - INFO - 数据库初始化完成
2025-08-20 06:17:15,152 - WARNING - 股票 sh601939 不存在于观察池中
2025-08-20 06:17:15,174 - INFO - 数据库初始化完成
2025-08-20 06:17:15,174 - INFO - 处理进度 [2946/11571]: sh601939
2025-08-20 06:17:41,701 - WARNING - 股票 sh600595 不存在于观察池中
2025-08-20 06:17:41,702 - INFO - 数据库初始化完成
2025-08-20 06:17:41,702 - INFO - 处理进度 [2947/11571]: sh600595
2025-08-20 06:17:53,078 - WARNING - 股票 sh688078 不存在于观察池中
2025-08-20 06:17:53,080 - INFO - 数据库初始化完成
2025-08-20 06:17:53,082 - INFO - 处理进度 [2948/11571]: sh688078
2025-08-20 06:19:18,785 - WARNING - 股票 sh512010 不存在于观察池中
2025-08-20 06:19:18,785 - INFO - 数据库初始化完成
2025-08-20 06:19:18,786 - INFO - 处理进度 [2949/11571]: sh512010
2025-08-20 06:19:20,776 - WARNING - 差分进化优化失败，使用默认参数
2025-08-20 06:19:20,776 - ERROR - sh688233 参数优化失败，使用默认参数回退
2025-08-20 06:19:20,790 - WARNING - 股票 sh688233 不存在于观察池中
2025-08-20 06:19:20,790 - INFO - 处理进度 [2950/11571]: sh688233
2025-08-20 06:19:20,790 - INFO - 数据库初始化完成
2025-08-20 06:19:25,249 - WARNING - 股票 sh113043 不存在于观察池中
2025-08-20 06:19:25,250 - INFO - 处理进度 [2951/11571]: sh113043
2025-08-20 06:19:25,250 - INFO - 数据库初始化完成
2025-08-20 06:19:25,261 - WARNING - sh511100 数据不足 (少于250天)，无法生成画像
2025-08-20 06:19:25,261 - INFO - 处理进度 [2952/11571]: sh511100
2025-08-20 06:19:25,262 - INFO - 数据库初始化完成
2025-08-20 06:19:38,001 - WARNING - 差分进化优化失败，使用默认参数
2025-08-20 06:19:38,001 - ERROR - sh603698 参数优化失败，使用默认参数回退
2025-08-20 06:19:38,015 - WARNING - 股票 sh603698 不存在于观察池中
2025-08-20 06:19:38,016 - INFO - 数据库初始化完成
2025-08-20 06:19:38,016 - INFO - 处理进度 [2953/11571]: sh603698
2025-08-20 06:19:39,134 - WARNING - 股票 sh881226 不存在于观察池中
2025-08-20 06:19:39,134 - INFO - 数据库初始化完成
2025-08-20 06:19:39,135 - INFO - 处理进度 [2954/11571]: sh881226
2025-08-20 06:19:45,911 - WARNING - 股票 sh881291 不存在于观察池中
2025-08-20 06:19:45,912 - INFO - 处理进度 [2955/11571]: sh881291
2025-08-20 06:19:45,912 - INFO - 数据库初始化完成
2025-08-20 06:19:52,841 - WARNING - 差分进化优化失败，使用默认参数
2025-08-20 06:19:52,841 - ERROR - sh600587 参数优化失败，使用默认参数回退
2025-08-20 06:19:52,855 - WARNING - 股票 sh600587 不存在于观察池中
2025-08-20 06:19:52,856 - INFO - 数据库初始化完成
2025-08-20 06:19:52,856 - INFO - 处理进度 [2956/11571]: sh600587
2025-08-20 06:20:08,221 - WARNING - 股票 sh881152 不存在于观察池中
2025-08-20 06:20:08,222 - INFO - 处理进度 [2957/11571]: sh881152
2025-08-20 06:20:08,222 - INFO - 数据库初始化完成
2025-08-20 06:20:20,567 - WARNING - 股票 sh688027 不存在于观察池中
2025-08-20 06:20:20,568 - INFO - 数据库初始化完成
2025-08-20 06:20:20,568 - INFO - 处理进度 [2958/11571]: sh688027
2025-08-20 06:20:26,368 - WARNING - 股票 sh881472 不存在于观察池中
2025-08-20 06:20:26,369 - INFO - 数据库初始化完成
2025-08-20 06:20:26,369 - INFO - 处理进度 [2959/11571]: sh881472
2025-08-20 06:20:50,191 - WARNING - 股票 sh880670 不存在于观察池中
2025-08-20 06:20:50,191 - INFO - 处理进度 [2960/11571]: sh880670
2025-08-20 06:20:50,192 - INFO - 数据库初始化完成
2025-08-20 06:21:06,901 - WARNING - 股票 sh600481 不存在于观察池中
2025-08-20 06:21:06,902 - INFO - 数据库初始化完成
2025-08-20 06:21:06,904 - INFO - 处理进度 [2961/11571]: sh600481
2025-08-20 06:21:26,756 - WARNING - 股票 sh603829 不存在于观察池中
2025-08-20 06:21:26,758 - INFO - 数据库初始化完成
2025-08-20 06:21:26,758 - INFO - 处理进度 [2962/11571]: sh603829
2025-08-20 06:21:29,655 - WARNING - 股票 sh501205 不存在于观察池中
2025-08-20 06:21:29,656 - INFO - 处理进度 [2963/11571]: sh501205
2025-08-20 06:21:29,656 - INFO - 数据库初始化完成
2025-08-20 06:21:49,569 - WARNING - 股票 sh688036 不存在于观察池中
2025-08-20 06:21:49,570 - INFO - 数据库初始化完成
2025-08-20 06:21:49,571 - INFO - 处理进度 [2964/11571]: sh688036
2025-08-20 06:21:58,945 - WARNING - 差分进化优化失败，使用默认参数
2025-08-20 06:21:58,946 - ERROR - sh900932 参数优化失败，使用默认参数回退
2025-08-20 06:21:58,959 - WARNING - 股票 sh900932 不存在于观察池中
2025-08-20 06:21:58,960 - INFO - 数据库初始化完成
2025-08-20 06:21:58,960 - INFO - 处理进度 [2965/11571]: sh900932
2025-08-20 06:22:10,314 - WARNING - 股票 sh600535 不存在于观察池中
2025-08-20 06:22:10,315 - INFO - 数据库初始化完成
2025-08-20 06:22:10,316 - INFO - 处理进度 [2966/11571]: sh600535
2025-08-20 06:22:19,459 - WARNING - 股票 sh600550 不存在于观察池中
2025-08-20 06:22:19,460 - INFO - 处理进度 [2967/11571]: sh600550
2025-08-20 06:22:19,461 - INFO - 数据库初始化完成
2025-08-20 06:22:32,337 - WARNING - 股票 sh110073 不存在于观察池中
2025-08-20 06:22:32,338 - INFO - 处理进度 [2968/11571]: sh110073
2025-08-20 06:22:32,338 - INFO - 数据库初始化完成
2025-08-20 06:22:44,903 - WARNING - 股票 sh511600 不存在于观察池中
2025-08-20 06:22:44,904 - INFO - 数据库初始化完成
2025-08-20 06:22:44,904 - INFO - 处理进度 [2969/11571]: sh511600
2025-08-20 06:22:50,346 - WARNING - 股票 sh603585 不存在于观察池中
2025-08-20 06:22:50,347 - INFO - 数据库初始化完成
2025-08-20 06:22:50,347 - INFO - 处理进度 [2970/11571]: sh603585
2025-08-20 06:23:22,258 - WARNING - 股票 sh880821 不存在于观察池中
2025-08-20 06:23:22,259 - INFO - 数据库初始化完成
2025-08-20 06:23:22,260 - INFO - 处理进度 [2971/11571]: sh880821
2025-08-20 06:23:34,102 - WARNING - 股票 sh600968 不存在于观察池中
2025-08-20 06:23:34,103 - INFO - 处理进度 [2972/11571]: sh600968
2025-08-20 06:23:34,103 - INFO - 数据库初始化完成
2025-08-20 06:23:52,956 - WARNING - 股票 sh603180 不存在于观察池中
2025-08-20 06:23:52,957 - INFO - 数据库初始化完成
2025-08-20 06:23:52,957 - INFO - 处理进度 [2973/11571]: sh603180
2025-08-20 06:24:03,018 - WARNING - 股票 sh204002 不存在于观察池中
2025-08-20 06:24:03,018 - INFO - 数据库初始化完成
2025-08-20 06:24:03,019 - INFO - 处理进度 [2974/11571]: sh204002
2025-08-20 06:24:41,905 - WARNING - 股票 sh688222 不存在于观察池中
2025-08-20 06:24:41,906 - INFO - 处理进度 [2975/11571]: sh688222
2025-08-20 06:24:41,906 - INFO - 数据库初始化完成
2025-08-20 06:24:52,880 - WARNING - 差分进化优化失败，使用默认参数
2025-08-20 06:24:52,881 - ERROR - sh688539 参数优化失败，使用默认参数回退
2025-08-20 06:24:52,894 - WARNING - 股票 sh688539 不存在于观察池中
2025-08-20 06:24:52,895 - INFO - 数据库初始化完成
2025-08-20 06:24:52,895 - INFO - 处理进度 [2976/11571]: sh688539
2025-08-20 06:24:55,823 - WARNING - 差分进化优化失败，使用默认参数
2025-08-20 06:24:55,824 - ERROR - sh880853 参数优化失败，使用默认参数回退
2025-08-20 06:24:55,837 - WARNING - 股票 sh880853 不存在于观察池中
2025-08-20 06:24:55,838 - INFO - 处理进度 [2977/11571]: sh880853
2025-08-20 06:24:55,838 - INFO - 数据库初始化完成
2025-08-20 06:25:32,400 - WARNING - 差分进化优化失败，使用默认参数
2025-08-20 06:25:32,401 - ERROR - sh880742 参数优化失败，使用默认参数回退
2025-08-20 06:25:32,414 - WARNING - 股票 sh880742 不存在于观察池中
2025-08-20 06:25:32,415 - INFO - 数据库初始化完成
2025-08-20 06:25:32,416 - INFO - 处理进度 [2978/11571]: sh880742
2025-08-20 06:26:09,201 - WARNING - 股票 sh881446 不存在于观察池中
2025-08-20 06:26:09,202 - INFO - 处理进度 [2979/11571]: sh881446
2025-08-20 06:26:09,203 - INFO - 数据库初始化完成
2025-08-20 06:26:37,180 - WARNING - 股票 sh605116 不存在于观察池中
2025-08-20 06:26:37,180 - INFO - 数据库初始化完成
2025-08-20 06:26:37,180 - INFO - 处理进度 [2980/11571]: sh605116
2025-08-20 06:26:41,420 - WARNING - 股票 sh880572 不存在于观察池中
2025-08-20 06:26:41,421 - INFO - 数据库初始化完成
2025-08-20 06:26:41,422 - INFO - 处理进度 [2981/11571]: sh880572
2025-08-20 06:26:42,482 - WARNING - 股票 sh600078 不存在于观察池中
2025-08-20 06:26:42,482 - INFO - 数据库初始化完成
2025-08-20 06:26:42,482 - INFO - 处理进度 [2982/11571]: sh600078
2025-08-20 06:26:49,475 - WARNING - 股票 sh880879 不存在于观察池中
2025-08-20 06:26:49,476 - INFO - 处理进度 [2983/11571]: sh880879
2025-08-20 06:26:49,477 - INFO - 数据库初始化完成
2025-08-20 06:26:55,108 - WARNING - 股票 sh515030 不存在于观察池中
2025-08-20 06:26:55,109 - INFO - 数据库初始化完成
2025-08-20 06:26:55,110 - INFO - 处理进度 [2984/11571]: sh515030
2025-08-20 06:27:02,376 - WARNING - 股票 sh603261 不存在于观察池中
2025-08-20 06:27:02,377 - INFO - 处理进度 [2985/11571]: sh603261
2025-08-20 06:27:02,377 - INFO - 数据库初始化完成
2025-08-20 06:27:10,868 - WARNING - 股票 sh880710 不存在于观察池中
2025-08-20 06:27:10,869 - INFO - 处理进度 [2986/11571]: sh880710
2025-08-20 06:27:10,869 - INFO - 数据库初始化完成
2025-08-20 06:27:30,211 - WARNING - 股票 sh880762 不存在于观察池中
2025-08-20 06:27:30,211 - INFO - 数据库初始化完成
2025-08-20 06:27:30,212 - INFO - 处理进度 [2987/11571]: sh880762
2025-08-20 06:27:30,231 - WARNING - sh688620 数据不足 (少于250天)，无法生成画像
2025-08-20 06:27:30,231 - INFO - 处理进度 [2988/11571]: sh688620
2025-08-20 06:27:30,231 - INFO - 数据库初始化完成
2025-08-20 06:27:41,120 - WARNING - 股票 sh600422 不存在于观察池中
2025-08-20 06:27:41,121 - INFO - 数据库初始化完成
2025-08-20 06:27:41,121 - INFO - 处理进度 [2989/11571]: sh600422
2025-08-20 06:27:54,922 - WARNING - 股票 sh512880 不存在于观察池中
2025-08-20 06:27:54,923 - INFO - 数据库初始化完成
2025-08-20 06:27:54,924 - INFO - 处理进度 [2990/11571]: sh512880
2025-08-20 06:28:05,757 - WARNING - 股票 sh688700 不存在于观察池中
2025-08-20 06:28:05,758 - INFO - 数据库初始化完成
2025-08-20 06:28:05,759 - INFO - 处理进度 [2991/11571]: sh688700
2025-08-20 06:28:48,618 - WARNING - 差分进化优化失败，使用默认参数
2025-08-20 06:28:48,644 - ERROR - sh688508 参数优化失败，使用默认参数回退
2025-08-20 06:28:48,658 - WARNING - 股票 sh688508 不存在于观察池中
2025-08-20 06:28:48,659 - INFO - 数据库初始化完成
2025-08-20 06:28:48,659 - INFO - 处理进度 [2992/11571]: sh688508
2025-08-20 06:28:52,072 - WARNING - 股票 sh600340 不存在于观察池中
2025-08-20 06:28:52,073 - INFO - 数据库初始化完成
2025-08-20 06:28:52,073 - INFO - 处理进度 [2993/11571]: sh600340
2025-08-20 06:28:54,939 - WARNING - 股票 sh501050 不存在于观察池中
2025-08-20 06:28:54,940 - INFO - 数据库初始化完成
2025-08-20 06:28:54,940 - INFO - 处理进度 [2994/11571]: sh501050
2025-08-20 06:29:01,043 - WARNING - 股票 sh601117 不存在于观察池中
2025-08-20 06:29:01,044 - INFO - 处理进度 [2995/11571]: sh601117
2025-08-20 06:29:01,044 - INFO - 数据库初始化完成
2025-08-20 06:29:29,380 - WARNING - 股票 sh688628 不存在于观察池中
2025-08-20 06:29:29,381 - INFO - 处理进度 [2996/11571]: sh688628
2025-08-20 06:29:29,381 - INFO - 数据库初始化完成
2025-08-20 06:29:29,383 - WARNING - sh512060 数据不足 (少于250天)，无法生成画像
2025-08-20 06:29:29,383 - INFO - 数据库初始化完成
2025-08-20 06:29:29,383 - INFO - 处理进度 [2997/11571]: sh512060
2025-08-20 06:29:58,328 - WARNING - 股票 sh880791 不存在于观察池中
2025-08-20 06:29:58,329 - INFO - 数据库初始化完成
2025-08-20 06:29:58,329 - INFO - 处理进度 [2998/11571]: sh880791
2025-08-20 06:30:07,397 - WARNING - 股票 sh880808 不存在于观察池中
2025-08-20 06:30:07,398 - INFO - 数据库初始化完成
2025-08-20 06:30:07,400 - INFO - 处理进度 [2999/11571]: sh880808
2025-08-20 06:30:28,186 - WARNING - 差分进化优化失败，使用默认参数
2025-08-20 06:30:28,187 - ERROR - sh605089 参数优化失败，使用默认参数回退
2025-08-20 06:30:28,202 - WARNING - 股票 sh605089 不存在于观察池中
2025-08-20 06:30:28,202 - INFO - 处理进度 [3000/11571]: sh605089
2025-08-20 06:30:28,203 - INFO - 数据库初始化完成
2025-08-20 06:30:50,756 - WARNING - 差分进化优化失败，使用默认参数
2025-08-20 06:30:50,757 - ERROR - sh600084 参数优化失败，使用默认参数回退
2025-08-20 06:30:50,771 - WARNING - 股票 sh600084 不存在于观察池中
2025-08-20 06:30:50,771 - INFO - 数据库初始化完成
2025-08-20 06:30:50,772 - INFO - 处理进度 [3001/11571]: sh600084
2025-08-20 06:30:51,187 - WARNING - 股票 sh113669 不存在于观察池中
2025-08-20 06:30:51,188 - INFO - 处理进度 [3002/11571]: sh113669
2025-08-20 06:30:51,188 - INFO - 数据库初始化完成
2025-08-20 06:30:51,645 - WARNING - 股票 sh600198 不存在于观察池中
2025-08-20 06:30:51,645 - INFO - 数据库初始化完成
2025-08-20 06:30:51,645 - INFO - 处理进度 [3003/11571]: sh600198
2025-08-20 06:30:51,656 - WARNING - sh880694 数据不足 (少于250天)，无法生成画像
2025-08-20 06:30:51,657 - INFO - 处理进度 [3004/11571]: sh880694
2025-08-20 06:30:51,657 - INFO - 数据库初始化完成
2025-08-20 06:31:16,837 - WARNING - 股票 sh880338 不存在于观察池中
2025-08-20 06:31:16,838 - INFO - 数据库初始化完成
2025-08-20 06:31:16,838 - INFO - 处理进度 [3005/11571]: sh880338
2025-08-20 06:31:23,550 - WARNING - 股票 sh880329 不存在于观察池中
2025-08-20 06:31:23,551 - INFO - 数据库初始化完成
2025-08-20 06:31:23,551 - INFO - 处理进度 [3006/11571]: sh880329
2025-08-20 06:31:48,031 - WARNING - 股票 sh601869 不存在于观察池中
2025-08-20 06:31:48,032 - INFO - 数据库初始化完成
2025-08-20 06:31:48,034 - INFO - 处理进度 [3007/11571]: sh601869
2025-08-20 06:31:49,997 - WARNING - 股票 sh601137 不存在于观察池中
2025-08-20 06:31:49,998 - INFO - 处理进度 [3008/11571]: sh601137
2025-08-20 06:31:49,998 - INFO - 数据库初始化完成
2025-08-20 06:31:55,577 - WARNING - 差分进化优化失败，使用默认参数
2025-08-20 06:31:55,578 - ERROR - sh900941 参数优化失败，使用默认参数回退
2025-08-20 06:31:55,592 - WARNING - 股票 sh900941 不存在于观察池中
2025-08-20 06:31:55,592 - INFO - 数据库初始化完成
2025-08-20 06:31:55,595 - INFO - 处理进度 [3009/11571]: sh900941
2025-08-20 06:32:05,646 - WARNING - 股票 sh512760 不存在于观察池中
2025-08-20 06:32:05,646 - INFO - 处理进度 [3010/11571]: sh512760
2025-08-20 06:32:05,647 - INFO - 数据库初始化完成
2025-08-20 06:32:34,652 - WARNING - 股票 sh603155 不存在于观察池中
2025-08-20 06:32:34,653 - INFO - 数据库初始化完成
2025-08-20 06:32:34,653 - INFO - 处理进度 [3011/11571]: sh603155
2025-08-20 06:32:52,012 - WARNING - 差分进化优化失败，使用默认参数
2025-08-20 06:32:52,012 - ERROR - sh600584 参数优化失败，使用默认参数回退
2025-08-20 06:32:52,022 - WARNING - 股票 sh600584 不存在于观察池中
2025-08-20 06:32:52,022 - INFO - 处理进度 [3012/11571]: sh600584
2025-08-20 06:32:52,023 - INFO - 数据库初始化完成
2025-08-20 06:33:01,424 - WARNING - 股票 sh880564 不存在于观察池中
2025-08-20 06:33:01,425 - INFO - 数据库初始化完成
2025-08-20 06:33:01,425 - INFO - 处理进度 [3013/11571]: sh880564
2025-08-20 06:33:39,293 - WARNING - 差分进化优化失败，使用默认参数
2025-08-20 06:33:39,294 - ERROR - sh501096 参数优化失败，使用默认参数回退
2025-08-20 06:33:39,307 - WARNING - 股票 sh501096 不存在于观察池中
2025-08-20 06:33:39,308 - INFO - 处理进度 [3014/11571]: sh501096
2025-08-20 06:33:39,308 - INFO - 数据库初始化完成
2025-08-20 06:33:40,324 - WARNING - 股票 sh688320 不存在于观察池中
2025-08-20 06:33:40,325 - INFO - 数据库初始化完成
2025-08-20 06:33:40,325 - INFO - 处理进度 [3015/11571]: sh688320
2025-08-20 06:33:41,522 - WARNING - 股票 sh600155 不存在于观察池中
2025-08-20 06:33:41,523 - INFO - 处理进度 [3016/11571]: sh600155
2025-08-20 06:33:41,523 - INFO - 数据库初始化完成
2025-08-20 06:33:44,848 - WARNING - 股票 sh880786 不存在于观察池中
2025-08-20 06:33:44,849 - INFO - 数据库初始化完成
2025-08-20 06:33:44,849 - INFO - 处理进度 [3017/11571]: sh880786
2025-08-20 06:34:00,618 - WARNING - 股票 sh603897 不存在于观察池中
2025-08-20 06:34:00,620 - INFO - 数据库初始化完成
2025-08-20 06:34:00,620 - INFO - 处理进度 [3018/11571]: sh603897
2025-08-20 06:34:40,492 - WARNING - 股票 sh110093 不存在于观察池中
2025-08-20 06:34:40,493 - INFO - 数据库初始化完成
2025-08-20 06:34:40,493 - INFO - 处理进度 [3019/11571]: sh110093
2025-08-20 06:35:01,052 - WARNING - 股票 sh515560 不存在于观察池中
2025-08-20 06:35:01,052 - INFO - 处理进度 [3020/11571]: sh515560
2025-08-20 06:35:01,053 - INFO - 数据库初始化完成
2025-08-20 06:35:01,067 - WARNING - sh560360 数据不足 (少于250天)，无法生成画像
2025-08-20 06:35:01,067 - INFO - 数据库初始化完成
2025-08-20 06:35:01,068 - INFO - 处理进度 [3021/11571]: sh560360
2025-08-20 06:35:04,892 - WARNING - 股票 sh603602 不存在于观察池中
2025-08-20 06:35:04,893 - INFO - 处理进度 [3022/11571]: sh603602
2025-08-20 06:35:04,893 - INFO - 数据库初始化完成
2025-08-20 06:35:23,160 - WARNING - 股票 sh516580 不存在于观察池中
2025-08-20 06:35:23,160 - INFO - 数据库初始化完成
2025-08-20 06:35:23,161 - INFO - 处理进度 [3023/11571]: sh516580
2025-08-20 06:35:27,883 - WARNING - 股票 sh880013 不存在于观察池中
2025-08-20 06:35:27,884 - INFO - 数据库初始化完成
2025-08-20 06:35:27,884 - INFO - 处理进度 [3024/11571]: sh880013
2025-08-20 06:35:55,099 - WARNING - 差分进化优化失败，使用默认参数
2025-08-20 06:35:55,107 - ERROR - sh603388 参数优化失败，使用默认参数回退
2025-08-20 06:35:55,120 - WARNING - 股票 sh603388 不存在于观察池中
2025-08-20 06:35:55,121 - INFO - 处理进度 [3025/11571]: sh603388
2025-08-20 06:35:55,121 - INFO - 数据库初始化完成
2025-08-20 06:36:15,991 - WARNING - 股票 sh688201 不存在于观察池中
2025-08-20 06:36:15,992 - INFO - 数据库初始化完成
2025-08-20 06:36:15,992 - INFO - 处理进度 [3026/11571]: sh688201
2025-08-20 06:36:25,841 - WARNING - 股票 sh605369 不存在于观察池中
2025-08-20 06:36:25,841 - INFO - 数据库初始化完成
2025-08-20 06:36:25,844 - INFO - 处理进度 [3027/11571]: sh605369
2025-08-20 06:36:28,874 - WARNING - 股票 sh510710 不存在于观察池中
2025-08-20 06:36:28,874 - INFO - 处理进度 [3028/11571]: sh510710
2025-08-20 06:36:28,875 - INFO - 数据库初始化完成
2025-08-20 06:36:41,357 - WARNING - 股票 sh588330 不存在于观察池中
2025-08-20 06:36:41,358 - INFO - 数据库初始化完成
2025-08-20 06:36:41,359 - INFO - 处理进度 [3029/11571]: sh588330
2025-08-20 06:36:41,360 - WARNING - sh562870 数据不足 (少于250天)，无法生成画像
2025-08-20 06:36:41,361 - INFO - 处理进度 [3030/11571]: sh562870
2025-08-20 06:36:41,361 - INFO - 数据库初始化完成
2025-08-20 06:36:50,279 - WARNING - 股票 sh881433 不存在于观察池中
2025-08-20 06:36:50,280 - INFO - 数据库初始化完成
2025-08-20 06:36:50,282 - INFO - 处理进度 [3031/11571]: sh881433
2025-08-20 06:36:54,405 - WARNING - 股票 sh600426 不存在于观察池中
2025-08-20 06:36:54,406 - INFO - 处理进度 [3032/11571]: sh600426
2025-08-20 06:36:54,407 - INFO - 数据库初始化完成
2025-08-20 06:37:13,633 - WARNING - 股票 sh603198 不存在于观察池中
2025-08-20 06:37:13,641 - INFO - 处理进度 [3033/11571]: sh603198
2025-08-20 06:37:13,642 - INFO - 数据库初始化完成
2025-08-20 06:37:13,643 - WARNING - sh560120 数据不足 (少于250天)，无法生成画像
2025-08-20 06:37:13,644 - INFO - 处理进度 [3034/11571]: sh560120
2025-08-20 06:37:13,644 - INFO - 数据库初始化完成
2025-08-20 06:37:30,875 - WARNING - 差分进化优化失败，使用默认参数
2025-08-20 06:37:30,875 - ERROR - sh880041 参数优化失败，使用默认参数回退
2025-08-20 06:37:30,889 - WARNING - 股票 sh880041 不存在于观察池中
2025-08-20 06:37:30,890 - INFO - 处理进度 [3035/11571]: sh880041
2025-08-20 06:37:30,890 - INFO - 数据库初始化完成
2025-08-20 06:38:07,464 - WARNING - 股票 sh601236 不存在于观察池中
2025-08-20 06:38:07,464 - INFO - 数据库初始化完成
2025-08-20 06:38:07,465 - INFO - 处理进度 [3036/11571]: sh601236
2025-08-20 06:38:23,695 - WARNING - 股票 sh880337 不存在于观察池中
2025-08-20 06:38:23,696 - INFO - 处理进度 [3037/11571]: sh880337
2025-08-20 06:38:23,696 - INFO - 数据库初始化完成
2025-08-20 06:38:37,978 - WARNING - 股票 sh881390 不存在于观察池中
2025-08-20 06:38:37,979 - INFO - 数据库初始化完成
2025-08-20 06:38:37,981 - INFO - 处理进度 [3038/11571]: sh881390
2025-08-20 06:38:55,247 - WARNING - 股票 sh601186 不存在于观察池中
2025-08-20 06:38:55,248 - INFO - 处理进度 [3039/11571]: sh601186
2025-08-20 06:38:55,248 - INFO - 数据库初始化完成
2025-08-20 06:39:05,976 - WARNING - 股票 sh603605 不存在于观察池中
2025-08-20 06:39:05,977 - INFO - 处理进度 [3040/11571]: sh603605
2025-08-20 06:39:05,978 - INFO - 数据库初始化完成
2025-08-20 06:39:05,989 - WARNING - sh513910 数据不足 (少于250天)，无法生成画像
2025-08-20 06:39:05,990 - INFO - 数据库初始化完成
2025-08-20 06:39:05,990 - INFO - 处理进度 [3041/11571]: sh513910
2025-08-20 06:39:06,001 - WARNING - sh513630 数据不足 (少于250天)，无法生成画像
2025-08-20 06:39:06,002 - INFO - 处理进度 [3042/11571]: sh513630
2025-08-20 06:39:06,002 - INFO - 数据库初始化完成
2025-08-20 06:39:41,018 - WARNING - 股票 sh688767 不存在于观察池中
2025-08-20 06:39:41,018 - INFO - 处理进度 [3043/11571]: sh688767
2025-08-20 06:39:41,019 - INFO - 数据库初始化完成
2025-08-20 06:39:46,368 - WARNING - 股票 sh603819 不存在于观察池中
2025-08-20 06:39:46,369 - INFO - 数据库初始化完成
2025-08-20 06:39:46,370 - INFO - 处理进度 [3044/11571]: sh603819
2025-08-20 06:39:47,036 - WARNING - 股票 sh881432 不存在于观察池中
2025-08-20 06:39:47,037 - INFO - 处理进度 [3045/11571]: sh881432
2025-08-20 06:39:47,038 - INFO - 数据库初始化完成
2025-08-20 06:40:06,240 - WARNING - 股票 sh600160 不存在于观察池中
2025-08-20 06:40:06,266 - INFO - 数据库初始化完成
2025-08-20 06:40:06,266 - INFO - 处理进度 [3046/11571]: sh600160
2025-08-20 06:40:33,695 - WARNING - 股票 sh688448 不存在于观察池中
2025-08-20 06:40:33,696 - INFO - 数据库初始化完成
2025-08-20 06:40:33,696 - INFO - 处理进度 [3047/11571]: sh688448
2025-08-20 06:40:36,491 - WARNING - 股票 sh600038 不存在于观察池中
2025-08-20 06:40:36,492 - INFO - 处理进度 [3048/11571]: sh600038
2025-08-20 06:40:36,492 - INFO - 数据库初始化完成
2025-08-20 06:40:58,296 - WARNING - 股票 sh603615 不存在于观察池中
2025-08-20 06:40:58,297 - INFO - 数据库初始化完成
2025-08-20 06:40:58,297 - INFO - 处理进度 [3049/11571]: sh603615
2025-08-20 06:41:27,832 - WARNING - 股票 sh113656 不存在于观察池中
2025-08-20 06:41:27,832 - INFO - 处理进度 [3050/11571]: sh113656
2025-08-20 06:41:27,833 - INFO - 数据库初始化完成
2025-08-20 06:41:31,123 - WARNING - 股票 sh562800 不存在于观察池中
2025-08-20 06:41:31,124 - INFO - 数据库初始化完成
2025-08-20 06:41:31,124 - INFO - 处理进度 [3051/11571]: sh562800
2025-08-20 06:41:31,506 - WARNING - 股票 sh600558 不存在于观察池中
2025-08-20 06:41:31,507 - INFO - 数据库初始化完成
2025-08-20 06:41:31,507 - INFO - 处理进度 [3052/11571]: sh600558
2025-08-20 06:42:04,428 - WARNING - 股票 sh881021 不存在于观察池中
2025-08-20 06:42:04,429 - INFO - 数据库初始化完成
2025-08-20 06:42:04,430 - INFO - 处理进度 [3053/11571]: sh881021
2025-08-20 06:42:24,517 - WARNING - 股票 sh513090 不存在于观察池中
2025-08-20 06:42:24,518 - INFO - 处理进度 [3054/11571]: sh513090
2025-08-20 06:42:24,519 - INFO - 数据库初始化完成
2025-08-20 06:42:29,576 - WARNING - 差分进化优化失败，使用默认参数
2025-08-20 06:42:29,576 - ERROR - sh880818 参数优化失败，使用默认参数回退
2025-08-20 06:42:29,615 - WARNING - 股票 sh880818 不存在于观察池中
2025-08-20 06:42:29,617 - INFO - 数据库初始化完成
2025-08-20 06:42:29,617 - INFO - 处理进度 [3055/11571]: sh880818
2025-08-20 06:42:35,952 - WARNING - 股票 sh880748 不存在于观察池中
2025-08-20 06:42:35,953 - INFO - 数据库初始化完成
2025-08-20 06:42:35,954 - INFO - 处理进度 [3056/11571]: sh880748
2025-08-20 06:42:36,076 - WARNING - 股票 sh881180 不存在于观察池中
2025-08-20 06:42:36,077 - INFO - 处理进度 [3057/11571]: sh881180
2025-08-20 06:42:36,077 - INFO - 数据库初始化完成
2025-08-20 06:42:39,241 - WARNING - 差分进化优化失败，使用默认参数
2025-08-20 06:42:39,241 - ERROR - sh518880 参数优化失败，使用默认参数回退
2025-08-20 06:42:39,255 - WARNING - 股票 sh518880 不存在于观察池中
2025-08-20 06:42:39,256 - INFO - 数据库初始化完成
2025-08-20 06:42:39,256 - INFO - 处理进度 [3058/11571]: sh518880
2025-08-20 06:42:47,147 - WARNING - 股票 sh688198 不存在于观察池中
2025-08-20 06:42:47,148 - INFO - 处理进度 [3059/11571]: sh688198
2025-08-20 06:42:47,148 - INFO - 数据库初始化完成
2025-08-20 06:42:58,546 - WARNING - 股票 sh688667 不存在于观察池中
2025-08-20 06:42:58,547 - INFO - 处理进度 [3060/11571]: sh688667
2025-08-20 06:42:58,547 - INFO - 数据库初始化完成
2025-08-20 06:43:29,668 - WARNING - 股票 sh600061 不存在于观察池中
2025-08-20 06:43:29,669 - INFO - 数据库初始化完成
2025-08-20 06:43:29,669 - INFO - 处理进度 [3061/11571]: sh600061
2025-08-20 06:43:29,684 - WARNING - sh588030 数据不足 (少于250天)，无法生成画像
2025-08-20 06:43:29,685 - INFO - 数据库初始化完成
2025-08-20 06:43:29,689 - INFO - 处理进度 [3062/11571]: sh588030
2025-08-20 06:43:48,071 - WARNING - 股票 sh000991 不存在于观察池中
2025-08-20 06:43:48,072 - INFO - 处理进度 [3063/11571]: sh000991
2025-08-20 06:43:48,073 - INFO - 数据库初始化完成
2025-08-20 06:44:16,190 - WARNING - 股票 sh688196 不存在于观察池中
2025-08-20 06:44:16,191 - INFO - 数据库初始化完成
2025-08-20 06:44:16,191 - INFO - 处理进度 [3064/11571]: sh688196
2025-08-20 06:44:54,339 - WARNING - 股票 sh517090 不存在于观察池中
2025-08-20 06:44:54,340 - INFO - 数据库初始化完成
2025-08-20 06:44:54,341 - INFO - 处理进度 [3065/11571]: sh517090
2025-08-20 06:45:08,867 - WARNING - 股票 sh603387 不存在于观察池中
2025-08-20 06:45:08,868 - INFO - 数据库初始化完成
2025-08-20 06:45:08,868 - INFO - 处理进度 [3066/11571]: sh603387
2025-08-20 06:45:10,616 - WARNING - 股票 sh513050 不存在于观察池中
2025-08-20 06:45:10,616 - INFO - 数据库初始化完成
2025-08-20 06:45:10,617 - INFO - 处理进度 [3067/11571]: sh513050
2025-08-20 06:45:13,105 - WARNING - 股票 sh603103 不存在于观察池中
2025-08-20 06:45:13,106 - INFO - 数据库初始化完成
2025-08-20 06:45:13,106 - INFO - 处理进度 [3068/11571]: sh603103
2025-08-20 06:45:23,970 - WARNING - 股票 sh512640 不存在于观察池中
2025-08-20 06:45:23,971 - INFO - 数据库初始化完成
2025-08-20 06:45:23,973 - INFO - 处理进度 [3069/11571]: sh512640
2025-08-20 06:45:32,726 - WARNING - 股票 sh601002 不存在于观察池中
2025-08-20 06:45:32,727 - INFO - 处理进度 [3070/11571]: sh601002
2025-08-20 06:45:32,728 - INFO - 数据库初始化完成
2025-08-20 06:45:43,023 - WARNING - 股票 sh601696 不存在于观察池中
2025-08-20 06:45:43,024 - INFO - 数据库初始化完成
2025-08-20 06:45:43,024 - INFO - 处理进度 [3071/11571]: sh601696
2025-08-20 06:46:15,300 - WARNING - 股票 sh688100 不存在于观察池中
2025-08-20 06:46:15,300 - INFO - 数据库初始化完成
2025-08-20 06:46:15,301 - INFO - 处理进度 [3072/11571]: sh688100
2025-08-20 06:47:00,764 - WARNING - 差分进化优化失败，使用默认参数
2025-08-20 06:47:00,765 - ERROR - sh603815 参数优化失败，使用默认参数回退
2025-08-20 06:47:00,778 - WARNING - 股票 sh603815 不存在于观察池中
2025-08-20 06:47:00,779 - INFO - 数据库初始化完成
2025-08-20 06:47:00,781 - INFO - 处理进度 [3073/11571]: sh603815
2025-08-20 06:47:09,396 - WARNING - 股票 sh880446 不存在于观察池中
2025-08-20 06:47:09,397 - INFO - 数据库初始化完成
2025-08-20 06:47:09,397 - INFO - 处理进度 [3074/11571]: sh880446
2025-08-20 06:47:18,046 - WARNING - 股票 sh601088 不存在于观察池中
2025-08-20 06:47:18,047 - INFO - 处理进度 [3075/11571]: sh601088
2025-08-20 06:47:18,047 - INFO - 数据库初始化完成
2025-08-20 06:47:18,057 - WARNING - sh880707 数据不足 (少于250天)，无法生成画像
2025-08-20 06:47:18,057 - INFO - 处理进度 [3076/11571]: sh880707
2025-08-20 06:47:18,058 - INFO - 数据库初始化完成
2025-08-20 06:47:20,941 - WARNING - 股票 sh501211 不存在于观察池中
2025-08-20 06:47:20,942 - INFO - 数据库初始化完成
2025-08-20 06:47:20,943 - INFO - 处理进度 [3077/11571]: sh501211
2025-08-20 06:47:27,604 - WARNING - 股票 sh501007 不存在于观察池中
2025-08-20 06:47:27,605 - INFO - 处理进度 [3078/11571]: sh501007
2025-08-20 06:47:27,605 - INFO - 数据库初始化完成
2025-08-20 06:47:29,551 - WARNING - 股票 sh603171 不存在于观察池中
2025-08-20 06:47:29,551 - INFO - 数据库初始化完成
2025-08-20 06:47:29,552 - INFO - 处理进度 [3079/11571]: sh603171
2025-08-20 06:47:35,300 - WARNING - 股票 sh600572 不存在于观察池中
2025-08-20 06:47:35,301 - INFO - 处理进度 [3080/11571]: sh600572
2025-08-20 06:47:35,301 - INFO - 数据库初始化完成
2025-08-20 06:47:35,390 - WARNING - 股票 sh600547 不存在于观察池中
2025-08-20 06:47:35,391 - INFO - 数据库初始化完成
2025-08-20 06:47:35,392 - INFO - 处理进度 [3081/11571]: sh600547
2025-08-20 06:47:44,474 - WARNING - 股票 sh600879 不存在于观察池中
2025-08-20 06:47:44,475 - INFO - 数据库初始化完成
2025-08-20 06:47:44,475 - INFO - 处理进度 [3082/11571]: sh600879
2025-08-20 06:48:10,859 - WARNING - 差分进化优化失败，使用默认参数
2025-08-20 06:48:10,860 - ERROR - sh600573 参数优化失败，使用默认参数回退
2025-08-20 06:48:10,873 - WARNING - 股票 sh600573 不存在于观察池中
2025-08-20 06:48:10,874 - INFO - 处理进度 [3083/11571]: sh600573
2025-08-20 06:48:10,874 - INFO - 数据库初始化完成
2025-08-20 06:49:00,797 - WARNING - 股票 sh688282 不存在于观察池中
2025-08-20 06:49:00,798 - INFO - 数据库初始化完成
2025-08-20 06:49:00,799 - INFO - 处理进度 [3084/11571]: sh688282
2025-08-20 06:49:09,541 - WARNING - 差分进化优化失败，使用默认参数
2025-08-20 06:49:09,541 - ERROR - sh516780 参数优化失败，使用默认参数回退
2025-08-20 06:49:09,559 - WARNING - 股票 sh516780 不存在于观察池中
2025-08-20 06:49:09,560 - INFO - 数据库初始化完成
2025-08-20 06:49:09,560 - INFO - 处理进度 [3085/11571]: sh516780
2025-08-20 06:49:09,562 - WARNING - sh508016 数据不足 (少于250天)，无法生成画像
2025-08-20 06:49:09,562 - INFO - 处理进度 [3086/11571]: sh508016
2025-08-20 06:49:09,562 - INFO - 数据库初始化完成
2025-08-20 06:49:15,118 - WARNING - 股票 sh688359 不存在于观察池中
2025-08-20 06:49:15,119 - INFO - 数据库初始化完成
2025-08-20 06:49:15,119 - INFO - 处理进度 [3087/11571]: sh688359
2025-08-20 06:49:39,110 - WARNING - 股票 sh880461 不存在于观察池中
2025-08-20 06:49:39,111 - INFO - 数据库初始化完成
2025-08-20 06:49:39,111 - INFO - 处理进度 [3088/11571]: sh880461
2025-08-20 06:49:53,523 - WARNING - 差分进化优化失败，使用默认参数
2025-08-20 06:49:53,524 - ERROR - sh880919 参数优化失败，使用默认参数回退
2025-08-20 06:49:53,538 - WARNING - 股票 sh880919 不存在于观察池中
2025-08-20 06:49:53,539 - INFO - 数据库初始化完成
2025-08-20 06:49:53,541 - INFO - 处理进度 [3089/11571]: sh880919
2025-08-20 06:49:54,190 - WARNING - 股票 sh113053 不存在于观察池中
2025-08-20 06:49:54,191 - INFO - 处理进度 [3090/11571]: sh113053
2025-08-20 06:49:54,192 - INFO - 数据库初始化完成
2025-08-20 06:50:01,305 - WARNING - 股票 sh880598 不存在于观察池中
2025-08-20 06:50:01,313 - INFO - 处理进度 [3091/11571]: sh880598
2025-08-20 06:50:01,314 - INFO - 数据库初始化完成
2025-08-20 06:50:53,406 - WARNING - 差分进化优化失败，使用默认参数
2025-08-20 06:50:53,407 - ERROR - sh880905 参数优化失败，使用默认参数回退
2025-08-20 06:50:53,420 - WARNING - 股票 sh880905 不存在于观察池中
2025-08-20 06:50:53,421 - INFO - 数据库初始化完成
2025-08-20 06:50:53,421 - INFO - 处理进度 [3092/11571]: sh880905
2025-08-20 06:50:53,435 - WARNING - sh688719 数据不足 (少于250天)，无法生成画像
2025-08-20 06:50:53,436 - INFO - 数据库初始化完成
2025-08-20 06:50:53,437 - INFO - 处理进度 [3093/11571]: sh688719
2025-08-20 06:50:56,169 - WARNING - 股票 sh600983 不存在于观察池中
2025-08-20 06:50:56,170 - INFO - 数据库初始化完成
2025-08-20 06:50:56,170 - INFO - 处理进度 [3094/11571]: sh600983
2025-08-20 06:50:56,183 - WARNING - sh561960 数据不足 (少于250天)，无法生成画像
2025-08-20 06:50:56,183 - INFO - 数据库初始化完成
2025-08-20 06:50:56,184 - INFO - 处理进度 [3095/11571]: sh561960
2025-08-20 06:51:18,348 - WARNING - 股票 sh881362 不存在于观察池中
2025-08-20 06:51:18,349 - INFO - 数据库初始化完成
2025-08-20 06:51:18,349 - INFO - 处理进度 [3096/11571]: sh881362
2025-08-20 06:51:28,852 - WARNING - 股票 sh501028 不存在于观察池中
2025-08-20 06:51:28,853 - INFO - 数据库初始化完成
2025-08-20 06:51:28,853 - INFO - 处理进度 [3097/11571]: sh501028
2025-08-20 06:51:30,309 - WARNING - 股票 sh603500 不存在于观察池中
2025-08-20 06:51:30,310 - INFO - 数据库初始化完成
2025-08-20 06:51:30,310 - INFO - 处理进度 [3098/11571]: sh603500
2025-08-20 06:51:43,654 - WARNING - 股票 sh113066 不存在于观察池中
2025-08-20 06:51:43,655 - INFO - 处理进度 [3099/11571]: sh113066
2025-08-20 06:51:43,655 - INFO - 数据库初始化完成
2025-08-20 06:51:43,669 - WARNING - sh118045 数据不足 (少于250天)，无法生成画像
2025-08-20 06:51:43,670 - INFO - 数据库初始化完成
2025-08-20 06:51:43,670 - INFO - 处理进度 [3100/11571]: sh118045
2025-08-20 06:52:53,381 - WARNING - 股票 sh601390 不存在于观察池中
2025-08-20 06:52:53,382 - INFO - 数据库初始化完成
2025-08-20 06:52:53,383 - INFO - 处理进度 [3101/11571]: sh601390
2025-08-20 06:52:53,394 - WARNING - sh501023 数据不足 (少于250天)，无法生成画像
2025-08-20 06:52:53,394 - INFO - 数据库初始化完成
2025-08-20 06:52:53,394 - INFO - 处理进度 [3102/11571]: sh501023
2025-08-20 06:52:53,407 - WARNING - sh561580 数据不足 (少于250天)，无法生成画像
2025-08-20 06:52:53,407 - INFO - 数据库初始化完成
2025-08-20 06:52:53,410 - INFO - 处理进度 [3103/11571]: sh561580
2025-08-20 06:52:55,505 - WARNING - 股票 sh510800 不存在于观察池中
2025-08-20 06:52:55,506 - INFO - 数据库初始化完成
2025-08-20 06:52:55,507 - INFO - 处理进度 [3104/11571]: sh510800
2025-08-20 06:53:03,725 - WARNING - 差分进化优化失败，使用默认参数
2025-08-20 06:53:03,725 - ERROR - sh601878 参数优化失败，使用默认参数回退
2025-08-20 06:53:03,740 - WARNING - 股票 sh601878 不存在于观察池中
2025-08-20 06:53:03,741 - INFO - 数据库初始化完成
2025-08-20 06:53:03,741 - INFO - 处理进度 [3105/11571]: sh601878
2025-08-20 06:53:05,085 - WARNING - 股票 sh516710 不存在于观察池中
2025-08-20 06:53:05,086 - INFO - 数据库初始化完成
2025-08-20 06:53:05,086 - INFO - 处理进度 [3106/11571]: sh516710
2025-08-20 06:53:53,608 - WARNING - 股票 sh601827 不存在于观察池中
2025-08-20 06:53:53,609 - INFO - 数据库初始化完成
2025-08-20 06:53:53,609 - INFO - 处理进度 [3107/11571]: sh601827
2025-08-20 06:53:53,781 - WARNING - 股票 sh603220 不存在于观察池中
2025-08-20 06:53:53,781 - INFO - 处理进度 [3108/11571]: sh603220
2025-08-20 06:53:53,782 - INFO - 数据库初始化完成
2025-08-20 06:53:55,240 - WARNING - 股票 sh880465 不存在于观察池中
2025-08-20 06:53:55,241 - INFO - 处理进度 [3109/11571]: sh880465
2025-08-20 06:53:55,241 - INFO - 数据库初始化完成
2025-08-20 06:54:10,336 - WARNING - 股票 sh605166 不存在于观察池中
2025-08-20 06:54:10,337 - INFO - 处理进度 [3110/11571]: sh605166
2025-08-20 06:54:10,337 - INFO - 数据库初始化完成
2025-08-20 06:54:17,229 - WARNING - 股票 sh515230 不存在于观察池中
2025-08-20 06:54:17,230 - INFO - 数据库初始化完成
2025-08-20 06:54:17,230 - INFO - 处理进度 [3111/11571]: sh515230
2025-08-20 06:54:27,158 - WARNING - 股票 sh881294 不存在于观察池中
2025-08-20 06:54:27,159 - INFO - 数据库初始化完成
2025-08-20 06:54:27,159 - INFO - 处理进度 [3112/11571]: sh881294
2025-08-20 06:54:36,100 - WARNING - 股票 sh600261 不存在于观察池中
2025-08-20 06:54:36,101 - INFO - 处理进度 [3113/11571]: sh600261
2025-08-20 06:54:36,101 - INFO - 数据库初始化完成
2025-08-20 06:54:39,251 - WARNING - 股票 sh603035 不存在于观察池中
2025-08-20 06:54:39,252 - INFO - 数据库初始化完成
2025-08-20 06:54:39,252 - INFO - 处理进度 [3114/11571]: sh603035
2025-08-20 06:55:05,563 - WARNING - 股票 sh513130 不存在于观察池中
2025-08-20 06:55:05,564 - INFO - 数据库初始化完成
2025-08-20 06:55:05,564 - INFO - 处理进度 [3115/11571]: sh513130
2025-08-20 06:55:05,578 - WARNING - sh113068 数据不足 (少于250天)，无法生成画像
2025-08-20 06:55:05,579 - INFO - 数据库初始化完成
2025-08-20 06:55:05,583 - INFO - 处理进度 [3116/11571]: sh113068
2025-08-20 06:55:12,035 - WARNING - 股票 sh880484 不存在于观察池中
2025-08-20 06:55:12,036 - INFO - 处理进度 [3117/11571]: sh880484
2025-08-20 06:55:12,036 - INFO - 数据库初始化完成
2025-08-20 06:55:24,943 - WARNING - 股票 sh600533 不存在于观察池中
2025-08-20 06:55:24,944 - INFO - 处理进度 [3118/11571]: sh600533
2025-08-20 06:55:24,944 - INFO - 数据库初始化完成
2025-08-20 06:55:32,529 - WARNING - 股票 sh881297 不存在于观察池中
2025-08-20 06:55:32,530 - INFO - 数据库初始化完成
2025-08-20 06:55:32,530 - INFO - 处理进度 [3119/11571]: sh881297
2025-08-20 06:55:41,179 - WARNING - 股票 sh588010 不存在于观察池中
2025-08-20 06:55:41,180 - INFO - 处理进度 [3120/11571]: sh588010
2025-08-20 06:55:41,180 - INFO - 数据库初始化完成
2025-08-20 06:55:41,197 - WARNING - sh603310 数据不足 (少于250天)，无法生成画像
2025-08-20 06:55:41,198 - INFO - 数据库初始化完成
2025-08-20 06:55:41,198 - INFO - 处理进度 [3121/11571]: sh603310
2025-08-20 06:55:50,078 - WARNING - 差分进化优化失败，使用默认参数
2025-08-20 06:55:50,078 - ERROR - sh600493 参数优化失败，使用默认参数回退
2025-08-20 06:55:50,092 - WARNING - 股票 sh600493 不存在于观察池中
2025-08-20 06:55:50,093 - INFO - 数据库初始化完成
2025-08-20 06:55:50,093 - INFO - 处理进度 [3122/11571]: sh600493
2025-08-20 06:56:04,721 - WARNING - 股票 sh508077 不存在于观察池中
2025-08-20 06:56:04,722 - INFO - 处理进度 [3123/11571]: sh508077
2025-08-20 06:56:04,722 - INFO - 数据库初始化完成
2025-08-20 06:56:04,805 - WARNING - 股票 sh688163 不存在于观察池中
2025-08-20 06:56:04,806 - INFO - 数据库初始化完成
2025-08-20 06:56:04,808 - INFO - 处理进度 [3124/11571]: sh688163
2025-08-20 06:56:49,287 - WARNING - 股票 sh688246 不存在于观察池中
2025-08-20 06:56:49,287 - INFO - 处理进度 [3125/11571]: sh688246
2025-08-20 06:56:49,288 - INFO - 数据库初始化完成
2025-08-20 06:56:49,300 - WARNING - sh113671 数据不足 (少于250天)，无法生成画像
2025-08-20 06:56:49,300 - INFO - 数据库初始化完成
2025-08-20 06:56:49,300 - INFO - 处理进度 [3126/11571]: sh113671
2025-08-20 06:56:58,116 - WARNING - 股票 sh880899 不存在于观察池中
2025-08-20 06:56:58,116 - INFO - 处理进度 [3127/11571]: sh880899
2025-08-20 06:56:58,117 - INFO - 数据库初始化完成
2025-08-20 06:57:02,595 - WARNING - 股票 sh501091 不存在于观察池中
2025-08-20 06:57:02,596 - INFO - 处理进度 [3128/11571]: sh501091
2025-08-20 06:57:02,596 - INFO - 数据库初始化完成
2025-08-20 06:57:08,791 - WARNING - 股票 sh880577 不存在于观察池中
2025-08-20 06:57:08,792 - INFO - 处理进度 [3129/11571]: sh880577
2025-08-20 06:57:08,793 - INFO - 数据库初始化完成
2025-08-20 06:57:11,236 - WARNING - 股票 sh603699 不存在于观察池中
2025-08-20 06:57:11,237 - INFO - 数据库初始化完成
2025-08-20 06:57:11,237 - INFO - 处理进度 [3130/11571]: sh603699
2025-08-20 06:57:41,435 - WARNING - 股票 sh688226 不存在于观察池中
2025-08-20 06:57:41,436 - INFO - 处理进度 [3131/11571]: sh688226
2025-08-20 06:57:41,436 - INFO - 数据库初始化完成
2025-08-20 06:57:51,488 - WARNING - 股票 sh204182 不存在于观察池中
2025-08-20 06:57:51,489 - INFO - 数据库初始化完成
2025-08-20 06:57:51,489 - INFO - 处理进度 [3132/11571]: sh204182
2025-08-20 06:58:07,759 - WARNING - 差分进化优化失败，使用默认参数
2025-08-20 06:58:07,759 - ERROR - sh880544 参数优化失败，使用默认参数回退
2025-08-20 06:58:07,767 - WARNING - 股票 sh000003 不存在于观察池中
2025-08-20 06:58:07,768 - INFO - 数据库初始化完成
2025-08-20 06:58:07,769 - INFO - 处理进度 [3133/11571]: sh000003
2025-08-20 06:58:07,772 - WARNING - 股票 sh880544 不存在于观察池中
2025-08-20 06:58:07,773 - INFO - 数据库初始化完成
2025-08-20 06:58:07,773 - INFO - 处理进度 [3134/11571]: sh880544
2025-08-20 06:58:07,780 - WARNING - sh561930 数据不足 (少于250天)，无法生成画像
2025-08-20 06:58:07,780 - INFO - 数据库初始化完成
2025-08-20 06:58:07,781 - INFO - 处理进度 [3135/11571]: sh561930
2025-08-20 06:58:45,149 - WARNING - 股票 sh605196 不存在于观察池中
2025-08-20 06:58:45,150 - INFO - 处理进度 [3136/11571]: sh605196
2025-08-20 06:58:45,150 - INFO - 数据库初始化完成
2025-08-20 06:59:16,390 - WARNING - 股票 sh603717 不存在于观察池中
2025-08-20 06:59:16,390 - INFO - 处理进度 [3137/11571]: sh603717
2025-08-20 06:59:16,391 - INFO - 数据库初始化完成
2025-08-20 06:59:24,684 - WARNING - 股票 sh881283 不存在于观察池中
2025-08-20 06:59:24,685 - INFO - 数据库初始化完成
2025-08-20 06:59:24,686 - INFO - 处理进度 [3138/11571]: sh881283
2025-08-20 06:59:36,011 - WARNING - 股票 sh881158 不存在于观察池中
2025-08-20 06:59:36,012 - INFO - 处理进度 [3139/11571]: sh881158
2025-08-20 06:59:36,012 - INFO - 数据库初始化完成
2025-08-20 06:59:58,216 - WARNING - 股票 sh603677 不存在于观察池中
2025-08-20 06:59:58,217 - INFO - 数据库初始化完成
2025-08-20 06:59:58,217 - INFO - 处理进度 [3140/11571]: sh603677
2025-08-20 07:00:12,650 - WARNING - 股票 sh600251 不存在于观察池中
2025-08-20 07:00:12,650 - INFO - 处理进度 [3141/11571]: sh600251
2025-08-20 07:00:12,651 - INFO - 数据库初始化完成
2025-08-20 07:00:24,519 - WARNING - 股票 sh113665 不存在于观察池中
2025-08-20 07:00:24,520 - INFO - 数据库初始化完成
2025-08-20 07:00:24,521 - INFO - 处理进度 [3142/11571]: sh113665
2025-08-20 07:00:40,110 - WARNING - 股票 sh560010 不存在于观察池中
2025-08-20 07:00:40,112 - INFO - 数据库初始化完成
2025-08-20 07:00:40,112 - INFO - 处理进度 [3143/11571]: sh560010
2025-08-20 07:00:54,925 - WARNING - 股票 sh113563 不存在于观察池中
2025-08-20 07:00:54,926 - INFO - 处理进度 [3144/11571]: sh113563
2025-08-20 07:00:54,926 - INFO - 数据库初始化完成
2025-08-20 07:00:57,867 - WARNING - 股票 sh688120 不存在于观察池中
2025-08-20 07:00:57,868 - INFO - 数据库初始化完成
2025-08-20 07:00:57,868 - INFO - 处理进度 [3145/11571]: sh688120
2025-08-20 07:01:05,992 - WARNING - 股票 sh603700 不存在于观察池中
2025-08-20 07:01:05,993 - INFO - 数据库初始化完成
2025-08-20 07:01:05,994 - INFO - 处理进度 [3146/11571]: sh603700
2025-08-20 07:01:12,141 - WARNING - 股票 sh511770 不存在于观察池中
2025-08-20 07:01:12,142 - INFO - 处理进度 [3147/11571]: sh511770
2025-08-20 07:01:12,142 - INFO - 数据库初始化完成
2025-08-20 07:01:12,747 - WARNING - 股票 sh601156 不存在于观察池中
2025-08-20 07:01:12,748 - INFO - 数据库初始化完成
2025-08-20 07:01:12,748 - INFO - 处理进度 [3148/11571]: sh601156
2025-08-20 07:01:50,978 - WARNING - 股票 sh600850 不存在于观察池中
2025-08-20 07:01:50,979 - INFO - 数据库初始化完成
2025-08-20 07:01:50,980 - INFO - 处理进度 [3149/11571]: sh600850
2025-08-20 07:01:50,990 - WARNING - sh880556 数据不足 (少于250天)，无法生成画像
2025-08-20 07:01:50,991 - INFO - 数据库初始化完成
2025-08-20 07:01:50,991 - INFO - 处理进度 [3150/11571]: sh880556
2025-08-20 07:01:56,160 - WARNING - 股票 sh881204 不存在于观察池中
2025-08-20 07:01:56,160 - INFO - 处理进度 [3151/11571]: sh881204
2025-08-20 07:01:56,161 - INFO - 数据库初始化完成
2025-08-20 07:01:57,067 - WARNING - 股票 sh603223 不存在于观察池中
2025-08-20 07:01:57,068 - INFO - 处理进度 [3152/11571]: sh603223
2025-08-20 07:01:57,069 - INFO - 数据库初始化完成
2025-08-20 07:02:12,373 - WARNING - 股票 sh603036 不存在于观察池中
2025-08-20 07:02:12,373 - INFO - 数据库初始化完成
2025-08-20 07:02:12,374 - INFO - 处理进度 [3153/11571]: sh603036
2025-08-20 07:02:33,549 - WARNING - 股票 sh600824 不存在于观察池中
2025-08-20 07:02:33,550 - INFO - 数据库初始化完成
2025-08-20 07:02:33,550 - INFO - 处理进度 [3154/11571]: sh600824
2025-08-20 07:02:54,624 - WARNING - 股票 sh881276 不存在于观察池中
2025-08-20 07:02:54,625 - INFO - 处理进度 [3155/11571]: sh881276
2025-08-20 07:02:54,626 - INFO - 数据库初始化完成
2025-08-20 07:02:54,637 - WARNING - sh561200 数据不足 (少于250天)，无法生成画像
2025-08-20 07:02:54,638 - INFO - 数据库初始化完成
2025-08-20 07:02:54,638 - INFO - 处理进度 [3156/11571]: sh561200
2025-08-20 07:03:40,078 - WARNING - 差分进化优化失败，使用默认参数
2025-08-20 07:03:40,078 - ERROR - sh881383 参数优化失败，使用默认参数回退
2025-08-20 07:03:40,092 - WARNING - 股票 sh881383 不存在于观察池中
2025-08-20 07:03:40,092 - INFO - 数据库初始化完成
2025-08-20 07:03:40,095 - INFO - 处理进度 [3157/11571]: sh881383
2025-08-20 07:04:08,269 - WARNING - 股票 sh880709 不存在于观察池中
2025-08-20 07:04:08,269 - INFO - 处理进度 [3158/11571]: sh880709
2025-08-20 07:04:08,270 - INFO - 数据库初始化完成
2025-08-20 07:04:20,798 - WARNING - 股票 sh600109 不存在于观察池中
2025-08-20 07:04:20,798 - INFO - 处理进度 [3159/11571]: sh600109
2025-08-20 07:04:20,799 - INFO - 数据库初始化完成
2025-08-20 07:04:37,791 - WARNING - 股票 sh688265 不存在于观察池中
2025-08-20 07:04:37,792 - INFO - 处理进度 [3160/11571]: sh688265
2025-08-20 07:04:37,792 - INFO - 数据库初始化完成
2025-08-20 07:04:38,043 - WARNING - 股票 sh513500 不存在于观察池中
2025-08-20 07:04:38,043 - INFO - 处理进度 [3161/11571]: sh513500
2025-08-20 07:04:38,044 - INFO - 数据库初始化完成
2025-08-20 07:04:45,562 - WARNING - 差分进化优化失败，使用默认参数
2025-08-20 07:04:45,562 - ERROR - sh688489 参数优化失败，使用默认参数回退
2025-08-20 07:04:45,576 - WARNING - 股票 sh688489 不存在于观察池中
2025-08-20 07:04:45,577 - INFO - 处理进度 [3162/11571]: sh688489
2025-08-20 07:04:45,577 - INFO - 数据库初始化完成
2025-08-20 07:04:55,702 - WARNING - 差分进化优化失败，使用默认参数
2025-08-20 07:04:55,710 - ERROR - sh501070 参数优化失败，使用默认参数回退
2025-08-20 07:04:55,724 - WARNING - 股票 sh501070 不存在于观察池中
2025-08-20 07:04:55,725 - INFO - 处理进度 [3163/11571]: sh501070
2025-08-20 07:04:55,726 - INFO - 数据库初始化完成
2025-08-20 07:04:58,583 - WARNING - 股票 sh880463 不存在于观察池中
2025-08-20 07:04:58,584 - INFO - 数据库初始化完成
2025-08-20 07:04:58,584 - INFO - 处理进度 [3164/11571]: sh880463
2025-08-20 07:05:28,021 - WARNING - 差分进化优化失败，使用默认参数
2025-08-20 07:05:28,022 - ERROR - sh880394 参数优化失败，使用默认参数回退
2025-08-20 07:05:28,063 - WARNING - 股票 sh880394 不存在于观察池中
2025-08-20 07:05:28,064 - INFO - 数据库初始化完成
2025-08-20 07:05:28,064 - INFO - 处理进度 [3165/11571]: sh880394
2025-08-20 07:05:34,115 - WARNING - 股票 sh881173 不存在于观察池中
2025-08-20 07:05:34,115 - INFO - 处理进度 [3166/11571]: sh881173
2025-08-20 07:05:34,115 - INFO - 数据库初始化完成
2025-08-20 07:05:43,408 - WARNING - 股票 sh603032 不存在于观察池中
2025-08-20 07:05:43,409 - INFO - 数据库初始化完成
2025-08-20 07:05:43,409 - INFO - 处理进度 [3167/11571]: sh603032
2025-08-20 07:05:44,612 - WARNING - 差分进化优化失败，使用默认参数
2025-08-20 07:05:44,613 - ERROR - sh880913 参数优化失败，使用默认参数回退
2025-08-20 07:05:44,626 - WARNING - 股票 sh880913 不存在于观察池中
2025-08-20 07:05:44,626 - INFO - 处理进度 [3168/11571]: sh880913
2025-08-20 07:05:44,627 - INFO - 数据库初始化完成
2025-08-20 07:05:48,030 - WARNING - 股票 sh603421 不存在于观察池中
2025-08-20 07:05:48,030 - INFO - 数据库初始化完成
2025-08-20 07:05:48,031 - INFO - 处理进度 [3169/11571]: sh603421
2025-08-20 07:05:54,397 - WARNING - 股票 sh603538 不存在于观察池中
2025-08-20 07:05:54,398 - INFO - 处理进度 [3170/11571]: sh603538
2025-08-20 07:05:54,399 - INFO - 数据库初始化完成
2025-08-20 07:06:27,445 - WARNING - 股票 sh510160 不存在于观察池中
2025-08-20 07:06:27,453 - INFO - 数据库初始化完成
2025-08-20 07:06:27,453 - INFO - 处理进度 [3171/11571]: sh510160
2025-08-20 07:07:16,071 - WARNING - 股票 sh880305 不存在于观察池中
2025-08-20 07:07:16,072 - INFO - 数据库初始化完成
2025-08-20 07:07:16,072 - INFO - 处理进度 [3172/11571]: sh880305
2025-08-20 07:07:56,626 - WARNING - 股票 sh688206 不存在于观察池中
2025-08-20 07:07:56,627 - INFO - 数据库初始化完成
2025-08-20 07:07:56,627 - INFO - 处理进度 [3173/11571]: sh688206
2025-08-20 07:08:07,721 - WARNING - 股票 sh603618 不存在于观察池中
2025-08-20 07:08:07,722 - INFO - 数据库初始化完成
2025-08-20 07:08:07,722 - INFO - 处理进度 [3174/11571]: sh603618
2025-08-20 07:08:23,754 - WARNING - 股票 sh880490 不存在于观察池中
2025-08-20 07:08:23,756 - INFO - 数据库初始化完成
2025-08-20 07:08:23,756 - INFO - 处理进度 [3175/11571]: sh880490
2025-08-20 07:08:45,682 - WARNING - 差分进化优化失败，使用默认参数
2025-08-20 07:08:45,683 - ERROR - sh510550 参数优化失败，使用默认参数回退
2025-08-20 07:08:45,697 - WARNING - 股票 sh510550 不存在于观察池中
2025-08-20 07:08:45,698 - INFO - 数据库初始化完成
2025-08-20 07:08:45,698 - INFO - 处理进度 [3176/11571]: sh510550
2025-08-20 07:08:46,740 - WARNING - 股票 sh600446 不存在于观察池中
2025-08-20 07:08:46,741 - INFO - 处理进度 [3177/11571]: sh600446
2025-08-20 07:08:46,742 - INFO - 数据库初始化完成
2025-08-20 07:09:08,494 - WARNING - 股票 sh113565 不存在于观察池中
2025-08-20 07:09:08,495 - INFO - 数据库初始化完成
2025-08-20 07:09:08,498 - INFO - 处理进度 [3178/11571]: sh113565
2025-08-20 07:09:14,822 - WARNING - 股票 sh600810 不存在于观察池中
2025-08-20 07:09:14,823 - INFO - 数据库初始化完成
2025-08-20 07:09:14,823 - INFO - 处理进度 [3179/11571]: sh600810
2025-08-20 07:09:36,582 - WARNING - 股票 sh688267 不存在于观察池中
2025-08-20 07:09:36,583 - INFO - 处理进度 [3180/11571]: sh688267
2025-08-20 07:09:36,583 - INFO - 数据库初始化完成
2025-08-20 07:09:36,585 - WARNING - sh563680 数据不足 (少于250天)，无法生成画像
2025-08-20 07:09:36,585 - INFO - 处理进度 [3181/11571]: sh563680
2025-08-20 07:09:36,586 - INFO - 数据库初始化完成
2025-08-20 07:09:42,247 - WARNING - 股票 sh603978 不存在于观察池中
2025-08-20 07:09:42,247 - INFO - 处理进度 [3182/11571]: sh603978
2025-08-20 07:09:42,248 - INFO - 数据库初始化完成
2025-08-20 07:09:44,313 - WARNING - 差分进化优化失败，使用默认参数
2025-08-20 07:09:44,313 - ERROR - sh600489 参数优化失败，使用默认参数回退
2025-08-20 07:09:44,327 - WARNING - 股票 sh600489 不存在于观察池中
2025-08-20 07:09:44,327 - INFO - 处理进度 [3183/11571]: sh600489
2025-08-20 07:09:44,328 - INFO - 数据库初始化完成
2025-08-20 07:09:44,341 - WARNING - sh118034 数据不足 (少于250天)，无法生成画像
2025-08-20 07:09:44,342 - INFO - 数据库初始化完成
2025-08-20 07:09:44,342 - INFO - 处理进度 [3184/11571]: sh118034
2025-08-20 07:09:44,667 - WARNING - 股票 sh600452 不存在于观察池中
2025-08-20 07:09:44,668 - INFO - 处理进度 [3185/11571]: sh600452
2025-08-20 07:09:44,668 - INFO - 数据库初始化完成
2025-08-20 07:10:02,620 - WARNING - 股票 sh501098 不存在于观察池中
2025-08-20 07:10:02,621 - INFO - 数据库初始化完成
2025-08-20 07:10:02,621 - INFO - 处理进度 [3186/11571]: sh501098
2025-08-20 07:10:11,204 - WARNING - 股票 sh600408 不存在于观察池中
2025-08-20 07:10:11,205 - INFO - 处理进度 [3187/11571]: sh600408
2025-08-20 07:10:11,205 - INFO - 数据库初始化完成
2025-08-20 07:10:21,586 - WARNING - 股票 sh880454 不存在于观察池中
2025-08-20 07:10:21,587 - INFO - 数据库初始化完成
2025-08-20 07:10:21,587 - INFO - 处理进度 [3188/11571]: sh880454
2025-08-20 07:10:51,564 - WARNING - 股票 sh603101 不存在于观察池中
2025-08-20 07:10:51,565 - INFO - 处理进度 [3189/11571]: sh603101
2025-08-20 07:10:51,566 - INFO - 数据库初始化完成
2025-08-20 07:11:02,104 - WARNING - 股票 sh603516 不存在于观察池中
2025-08-20 07:11:02,105 - INFO - 数据库初始化完成
2025-08-20 07:11:02,105 - INFO - 处理进度 [3190/11571]: sh603516
2025-08-20 07:11:27,308 - WARNING - 差分进化优化失败，使用默认参数
2025-08-20 07:11:27,308 - ERROR - sh600167 参数优化失败，使用默认参数回退
2025-08-20 07:11:27,322 - WARNING - 股票 sh600167 不存在于观察池中
2025-08-20 07:11:27,322 - INFO - 数据库初始化完成
2025-08-20 07:11:27,323 - INFO - 处理进度 [3191/11571]: sh600167
2025-08-20 07:11:39,753 - WARNING - 差分进化优化失败，使用默认参数
2025-08-20 07:11:39,754 - ERROR - sh512960 参数优化失败，使用默认参数回退
2025-08-20 07:11:39,768 - WARNING - 股票 sh512960 不存在于观察池中
2025-08-20 07:11:39,769 - INFO - 数据库初始化完成
2025-08-20 07:11:39,769 - INFO - 处理进度 [3192/11571]: sh512960
2025-08-20 07:11:41,583 - WARNING - 股票 sh600807 不存在于观察池中
2025-08-20 07:11:41,583 - INFO - 处理进度 [3193/11571]: sh600807
2025-08-20 07:11:41,584 - INFO - 数据库初始化完成
2025-08-20 07:11:49,726 - WARNING - 差分进化优化失败，使用默认参数
2025-08-20 07:11:49,726 - ERROR - sh881279 参数优化失败，使用默认参数回退
2025-08-20 07:11:49,741 - WARNING - 股票 sh881279 不存在于观察池中
2025-08-20 07:11:49,742 - INFO - 数据库初始化完成
2025-08-20 07:11:49,742 - INFO - 处理进度 [3194/11571]: sh881279
2025-08-20 07:12:01,121 - WARNING - 股票 sh110074 不存在于观察池中
2025-08-20 07:12:01,121 - INFO - 处理进度 [3195/11571]: sh110074
2025-08-20 07:12:01,122 - INFO - 数据库初始化完成
2025-08-20 07:12:05,755 - WARNING - 股票 sh688655 不存在于观察池中
2025-08-20 07:12:05,756 - INFO - 数据库初始化完成
2025-08-20 07:12:05,757 - INFO - 处理进度 [3196/11571]: sh688655
2025-08-20 07:12:05,758 - WARNING - sh520970 数据不足 (少于250天)，无法生成画像
2025-08-20 07:12:05,758 - INFO - 处理进度 [3197/11571]: sh520970
2025-08-20 07:12:05,759 - INFO - 数据库初始化完成
2025-08-20 07:12:11,250 - WARNING - 股票 sh880829 不存在于观察池中
2025-08-20 07:12:11,250 - INFO - 处理进度 [3198/11571]: sh880829
2025-08-20 07:12:11,251 - INFO - 数据库初始化完成
2025-08-20 07:12:39,045 - WARNING - 股票 sh600201 不存在于观察池中
2025-08-20 07:12:39,046 - INFO - 数据库初始化完成
2025-08-20 07:12:39,047 - INFO - 处理进度 [3199/11571]: sh600201
2025-08-20 07:12:42,230 - WARNING - 股票 sh603901 不存在于观察池中
2025-08-20 07:12:42,231 - INFO - 数据库初始化完成
2025-08-20 07:12:42,231 - INFO - 处理进度 [3200/11571]: sh603901
2025-08-20 07:13:26,731 - WARNING - 股票 sh880412 不存在于观察池中
2025-08-20 07:13:26,731 - INFO - 数据库初始化完成
2025-08-20 07:13:26,732 - INFO - 处理进度 [3201/11571]: sh880412
2025-08-20 07:13:41,956 - WARNING - 股票 sh517550 不存在于观察池中
2025-08-20 07:13:41,957 - INFO - 处理进度 [3202/11571]: sh517550
2025-08-20 07:13:41,957 - INFO - 数据库初始化完成
2025-08-20 07:13:43,949 - WARNING - 股票 sh603378 不存在于观察池中
2025-08-20 07:13:43,950 - INFO - 数据库初始化完成
2025-08-20 07:13:43,950 - INFO - 处理进度 [3203/11571]: sh603378
2025-08-20 07:13:47,988 - WARNING - 股票 sh515300 不存在于观察池中
2025-08-20 07:13:47,989 - INFO - 数据库初始化完成
2025-08-20 07:13:47,989 - INFO - 处理进度 [3204/11571]: sh515300
2025-08-20 07:13:51,825 - WARNING - 股票 sh204028 不存在于观察池中
2025-08-20 07:13:51,826 - INFO - 处理进度 [3205/11571]: sh204028
2025-08-20 07:13:51,827 - INFO - 数据库初始化完成
2025-08-20 07:14:04,402 - WARNING - 股票 sh501206 不存在于观察池中
2025-08-20 07:14:04,403 - INFO - 数据库初始化完成
2025-08-20 07:14:04,403 - INFO - 处理进度 [3206/11571]: sh501206
2025-08-20 07:14:10,172 - WARNING - 股票 sh881314 不存在于观察池中
2025-08-20 07:14:10,173 - INFO - 数据库初始化完成
2025-08-20 07:14:10,173 - INFO - 处理进度 [3207/11571]: sh881314
2025-08-20 07:14:41,295 - WARNING - 差分进化优化失败，使用默认参数
2025-08-20 07:14:41,296 - ERROR - sh881053 参数优化失败，使用默认参数回退
2025-08-20 07:14:41,309 - WARNING - 股票 sh881053 不存在于观察池中
2025-08-20 07:14:41,310 - INFO - 数据库初始化完成
2025-08-20 07:14:41,310 - INFO - 处理进度 [3208/11571]: sh881053
2025-08-20 07:15:18,787 - WARNING - 差分进化优化失败，使用默认参数
2025-08-20 07:15:18,787 - ERROR - sh880815 参数优化失败，使用默认参数回退
2025-08-20 07:15:18,801 - WARNING - 股票 sh880815 不存在于观察池中
2025-08-20 07:15:18,801 - INFO - 处理进度 [3209/11571]: sh880815
2025-08-20 07:15:18,802 - INFO - 数据库初始化完成
2025-08-20 07:15:19,605 - WARNING - 差分进化优化失败，使用默认参数
2025-08-20 07:15:19,606 - ERROR - sh600710 参数优化失败，使用默认参数回退
2025-08-20 07:15:19,620 - WARNING - 股票 sh600710 不存在于观察池中
2025-08-20 07:15:19,620 - INFO - 数据库初始化完成
2025-08-20 07:15:19,621 - INFO - 处理进度 [3210/11571]: sh600710
2025-08-20 07:15:21,892 - WARNING - 股票 sh111009 不存在于观察池中
2025-08-20 07:15:21,893 - INFO - 数据库初始化完成
2025-08-20 07:15:21,893 - INFO - 处理进度 [3211/11571]: sh111009
2025-08-20 07:15:32,232 - WARNING - 股票 sh603909 不存在于观察池中
2025-08-20 07:15:32,233 - INFO - 数据库初始化完成
2025-08-20 07:15:32,233 - INFO - 处理进度 [3212/11571]: sh603909
2025-08-20 07:15:41,953 - WARNING - 股票 sh600072 不存在于观察池中
2025-08-20 07:15:41,955 - INFO - 数据库初始化完成
2025-08-20 07:15:41,955 - INFO - 处理进度 [3213/11571]: sh600072
2025-08-20 07:16:00,294 - WARNING - 股票 sh603110 不存在于观察池中
2025-08-20 07:16:00,295 - INFO - 处理进度 [3214/11571]: sh603110
2025-08-20 07:16:00,295 - INFO - 数据库初始化完成
2025-08-20 07:16:01,232 - WARNING - 股票 sh600365 不存在于观察池中
2025-08-20 07:16:01,233 - INFO - 数据库初始化完成
2025-08-20 07:16:01,234 - INFO - 处理进度 [3215/11571]: sh600365
2025-08-20 07:16:14,209 - WARNING - 股票 sh880835 不存在于观察池中
2025-08-20 07:16:14,210 - INFO - 数据库初始化完成
2025-08-20 07:16:14,210 - INFO - 处理进度 [3216/11571]: sh880835
2025-08-20 07:17:18,678 - WARNING - 股票 sh881027 不存在于观察池中
2025-08-20 07:17:18,679 - INFO - 数据库初始化完成
2025-08-20 07:17:18,679 - INFO - 处理进度 [3217/11571]: sh881027
2025-08-20 07:17:27,774 - WARNING - 股票 sh880562 不存在于观察池中
2025-08-20 07:17:27,775 - INFO - 数据库初始化完成
2025-08-20 07:17:27,775 - INFO - 处理进度 [3218/11571]: sh880562
2025-08-20 07:18:16,126 - WARNING - 股票 sh881385 不存在于观察池中
2025-08-20 07:18:16,127 - INFO - 数据库初始化完成
2025-08-20 07:18:16,128 - INFO - 处理进度 [3219/11571]: sh881385
2025-08-20 07:18:28,410 - WARNING - 股票 sh688485 不存在于观察池中
2025-08-20 07:18:28,411 - INFO - 处理进度 [3220/11571]: sh688485
2025-08-20 07:18:28,411 - INFO - 数据库初始化完成
2025-08-20 07:18:34,402 - WARNING - 股票 sh603256 不存在于观察池中
2025-08-20 07:18:34,403 - INFO - 数据库初始化完成
2025-08-20 07:18:34,403 - INFO - 处理进度 [3221/11571]: sh603256
2025-08-20 07:18:38,874 - WARNING - 股票 sh603506 不存在于观察池中
2025-08-20 07:18:38,875 - INFO - 处理进度 [3222/11571]: sh603506
2025-08-20 07:18:38,875 - INFO - 数据库初始化完成
2025-08-20 07:18:51,199 - WARNING - 股票 sh501303 不存在于观察池中
2025-08-20 07:18:51,199 - INFO - 处理进度 [3223/11571]: sh501303
2025-08-20 07:18:51,200 - INFO - 数据库初始化完成
2025-08-20 07:18:51,209 - WARNING - sh560810 数据不足 (少于250天)，无法生成画像
2025-08-20 07:18:51,210 - INFO - 数据库初始化完成
2025-08-20 07:18:51,210 - INFO - 处理进度 [3224/11571]: sh560810
2025-08-20 07:18:53,378 - WARNING - 股票 sh688345 不存在于观察池中
2025-08-20 07:18:53,379 - INFO - 数据库初始化完成
2025-08-20 07:18:53,379 - INFO - 处理进度 [3225/11571]: sh688345
2025-08-20 07:19:02,984 - WARNING - 股票 sh880652 不存在于观察池中
2025-08-20 07:19:02,985 - INFO - 数据库初始化完成
2025-08-20 07:19:02,985 - INFO - 处理进度 [3226/11571]: sh880652
2025-08-20 07:19:10,091 - WARNING - 股票 sh880525 不存在于观察池中
2025-08-20 07:19:10,091 - INFO - 数据库初始化完成
2025-08-20 07:19:10,093 - INFO - 处理进度 [3227/11571]: sh880525
2025-08-20 07:19:10,104 - WARNING - sh603205 数据不足 (少于250天)，无法生成画像
2025-08-20 07:19:10,105 - INFO - 数据库初始化完成
2025-08-20 07:19:10,108 - INFO - 处理进度 [3228/11571]: sh603205
2025-08-20 07:19:31,587 - WARNING - 股票 sh603326 不存在于观察池中
2025-08-20 07:19:31,588 - INFO - 数据库初始化完成
2025-08-20 07:19:31,588 - INFO - 处理进度 [3229/11571]: sh603326
2025-08-20 07:19:39,707 - WARNING - 差分进化优化失败，使用默认参数
2025-08-20 07:19:39,707 - ERROR - sh603730 参数优化失败，使用默认参数回退
2025-08-20 07:19:39,721 - WARNING - 股票 sh603730 不存在于观察池中
2025-08-20 07:19:39,721 - INFO - 处理进度 [3230/11571]: sh603730
2025-08-20 07:19:39,722 - INFO - 数据库初始化完成
2025-08-20 07:19:48,994 - WARNING - 股票 sh603348 不存在于观察池中
2025-08-20 07:19:48,995 - INFO - 数据库初始化完成
2025-08-20 07:19:48,995 - INFO - 处理进度 [3231/11571]: sh603348
2025-08-20 07:19:58,352 - WARNING - 股票 sh880516 不存在于观察池中
2025-08-20 07:19:58,353 - INFO - 数据库初始化完成
2025-08-20 07:19:58,353 - INFO - 处理进度 [3232/11571]: sh880516
2025-08-20 07:19:58,354 - WARNING - sh520940 数据不足 (少于250天)，无法生成画像
2025-08-20 07:19:58,355 - INFO - 处理进度 [3233/11571]: sh520940
2025-08-20 07:19:58,355 - INFO - 数据库初始化完成
2025-08-20 07:20:25,152 - WARNING - 股票 sh512730 不存在于观察池中
2025-08-20 07:20:25,153 - INFO - 数据库初始化完成
2025-08-20 07:20:25,154 - INFO - 处理进度 [3234/11571]: sh512730
2025-08-20 07:20:27,933 - WARNING - 股票 sh603990 不存在于观察池中
2025-08-20 07:20:27,934 - INFO - 数据库初始化完成
2025-08-20 07:20:27,935 - INFO - 处理进度 [3235/11571]: sh603990
2025-08-20 07:20:36,391 - WARNING - 股票 sh880714 不存在于观察池中
2025-08-20 07:20:36,392 - INFO - 处理进度 [3236/11571]: sh880714
2025-08-20 07:20:36,392 - INFO - 数据库初始化完成
2025-08-20 07:20:39,732 - WARNING - 股票 sh603777 不存在于观察池中
2025-08-20 07:20:39,732 - INFO - 数据库初始化完成
2025-08-20 07:20:39,733 - INFO - 处理进度 [3237/11571]: sh603777
2025-08-20 07:21:38,081 - WARNING - 股票 sh880336 不存在于观察池中
2025-08-20 07:21:38,082 - INFO - 处理进度 [3238/11571]: sh880336
2025-08-20 07:21:38,082 - INFO - 数据库初始化完成
2025-08-20 07:21:50,743 - WARNING - 股票 sh561120 不存在于观察池中
2025-08-20 07:21:50,743 - INFO - 数据库初始化完成
2025-08-20 07:21:50,744 - INFO - 处理进度 [3239/11571]: sh561120
2025-08-20 07:22:02,216 - WARNING - 差分进化优化失败，使用默认参数
2025-08-20 07:22:02,217 - ERROR - sh600383 参数优化失败，使用默认参数回退
2025-08-20 07:22:02,230 - WARNING - 股票 sh600383 不存在于观察池中
2025-08-20 07:22:02,231 - INFO - 数据库初始化完成
2025-08-20 07:22:02,232 - INFO - 处理进度 [3240/11571]: sh600383
2025-08-20 07:22:07,803 - WARNING - 股票 sh600683 不存在于观察池中
2025-08-20 07:22:07,804 - INFO - 数据库初始化完成
2025-08-20 07:22:07,805 - INFO - 处理进度 [3241/11571]: sh600683
2025-08-20 07:22:10,064 - WARNING - 差分进化优化失败，使用默认参数
2025-08-20 07:22:10,064 - ERROR - sh603601 参数优化失败，使用默认参数回退
2025-08-20 07:22:10,078 - WARNING - 股票 sh603601 不存在于观察池中
2025-08-20 07:22:10,079 - INFO - 处理进度 [3242/11571]: sh603601
2025-08-20 07:22:10,079 - INFO - 数据库初始化完成
2025-08-20 07:22:16,397 - WARNING - 股票 sh881085 不存在于观察池中
2025-08-20 07:22:16,398 - INFO - 数据库初始化完成
2025-08-20 07:22:16,398 - INFO - 处理进度 [3243/11571]: sh881085
2025-08-20 07:22:40,843 - WARNING - 股票 sh502000 不存在于观察池中
2025-08-20 07:22:40,844 - INFO - 处理进度 [3244/11571]: sh502000
2025-08-20 07:22:40,844 - INFO - 数据库初始化完成
2025-08-20 07:22:41,920 - WARNING - 股票 sh600231 不存在于观察池中
2025-08-20 07:22:41,921 - INFO - 数据库初始化完成
2025-08-20 07:22:41,922 - INFO - 处理进度 [3245/11571]: sh600231
2025-08-20 07:22:54,781 - WARNING - 股票 sh688053 不存在于观察池中
2025-08-20 07:22:54,782 - INFO - 处理进度 [3246/11571]: sh688053
2025-08-20 07:22:54,782 - INFO - 数据库初始化完成
2025-08-20 07:23:33,179 - WARNING - 股票 sh688051 不存在于观察池中
2025-08-20 07:23:33,180 - INFO - 数据库初始化完成
2025-08-20 07:23:33,180 - INFO - 处理进度 [3247/11571]: sh688051
2025-08-20 07:23:39,474 - WARNING - 股票 sh501188 不存在于观察池中
2025-08-20 07:23:39,475 - INFO - 数据库初始化完成
2025-08-20 07:23:39,475 - INFO - 处理进度 [3248/11571]: sh501188
2025-08-20 07:23:41,556 - WARNING - 股票 sh603201 不存在于观察池中
2025-08-20 07:23:41,556 - INFO - 处理进度 [3249/11571]: sh603201
2025-08-20 07:23:41,557 - INFO - 数据库初始化完成
2025-08-20 07:23:54,624 - WARNING - 股票 sh600361 不存在于观察池中
2025-08-20 07:23:54,625 - INFO - 数据库初始化完成
2025-08-20 07:23:54,626 - INFO - 处理进度 [3250/11571]: sh600361
2025-08-20 07:24:24,264 - WARNING - 股票 sh881350 不存在于观察池中
2025-08-20 07:24:24,265 - INFO - 处理进度 [3251/11571]: sh881350
2025-08-20 07:24:24,265 - INFO - 数据库初始化完成
2025-08-20 07:24:34,246 - WARNING - 差分进化优化失败，使用默认参数
2025-08-20 07:24:34,246 - ERROR - sh601528 参数优化失败，使用默认参数回退
2025-08-20 07:24:34,260 - WARNING - 股票 sh601528 不存在于观察池中
2025-08-20 07:24:34,261 - INFO - 数据库初始化完成
2025-08-20 07:24:34,261 - INFO - 处理进度 [3252/11571]: sh601528
2025-08-20 07:24:45,219 - WARNING - 股票 sh601698 不存在于观察池中
2025-08-20 07:24:45,220 - INFO - 处理进度 [3253/11571]: sh601698
2025-08-20 07:24:45,220 - INFO - 数据库初始化完成
2025-08-20 07:24:45,222 - WARNING - sh560630 数据不足 (少于250天)，无法生成画像
2025-08-20 07:24:45,222 - INFO - 处理进度 [3254/11571]: sh560630
2025-08-20 07:24:45,222 - INFO - 数据库初始化完成
2025-08-20 07:24:50,680 - WARNING - 股票 sh600738 不存在于观察池中
2025-08-20 07:24:50,681 - INFO - 数据库初始化完成
2025-08-20 07:24:50,681 - INFO - 处理进度 [3255/11571]: sh600738
2025-08-20 07:25:14,142 - WARNING - 股票 sh603638 不存在于观察池中
2025-08-20 07:25:14,168 - INFO - 处理进度 [3256/11571]: sh603638
2025-08-20 07:25:14,169 - INFO - 数据库初始化完成
2025-08-20 07:25:22,676 - WARNING - 股票 sh118024 不存在于观察池中
2025-08-20 07:25:22,676 - INFO - 数据库初始化完成
2025-08-20 07:25:22,677 - INFO - 处理进度 [3257/11571]: sh118024
2025-08-20 07:25:23,744 - WARNING - 股票 sh508056 不存在于观察池中
2025-08-20 07:25:23,745 - INFO - 数据库初始化完成
2025-08-20 07:25:23,745 - INFO - 处理进度 [3258/11571]: sh508056
2025-08-20 07:25:26,258 - WARNING - 股票 sh881246 不存在于观察池中
2025-08-20 07:25:26,259 - INFO - 数据库初始化完成
2025-08-20 07:25:26,259 - INFO - 处理进度 [3259/11571]: sh881246
2025-08-20 07:25:47,043 - WARNING - 股票 sh605069 不存在于观察池中
2025-08-20 07:25:47,044 - INFO - 数据库初始化完成
2025-08-20 07:25:47,044 - INFO - 处理进度 [3260/11571]: sh605069
2025-08-20 07:26:18,210 - WARNING - 股票 sh600325 不存在于观察池中
2025-08-20 07:26:18,211 - INFO - 处理进度 [3261/11571]: sh600325
2025-08-20 07:26:18,211 - INFO - 数据库初始化完成
2025-08-20 07:26:49,193 - WARNING - 股票 sh900936 不存在于观察池中
2025-08-20 07:26:49,194 - INFO - 数据库初始化完成
2025-08-20 07:26:49,194 - INFO - 处理进度 [3262/11571]: sh900936
2025-08-20 07:27:33,237 - WARNING - 股票 sh515010 不存在于观察池中
2025-08-20 07:27:33,238 - INFO - 数据库初始化完成
2025-08-20 07:27:33,238 - INFO - 处理进度 [3263/11571]: sh515010
2025-08-20 07:27:33,250 - WARNING - sh561260 数据不足 (少于250天)，无法生成画像
2025-08-20 07:27:33,251 - INFO - 数据库初始化完成
2025-08-20 07:27:33,251 - INFO - 处理进度 [3264/11571]: sh561260
2025-08-20 07:27:46,464 - WARNING - 股票 sh688455 不存在于观察池中
2025-08-20 07:27:46,465 - INFO - 数据库初始化完成
2025-08-20 07:27:46,465 - INFO - 处理进度 [3265/11571]: sh688455
2025-08-20 07:27:46,769 - WARNING - 股票 sh601059 不存在于观察池中
2025-08-20 07:27:46,770 - INFO - 数据库初始化完成
2025-08-20 07:27:46,770 - INFO - 处理进度 [3266/11571]: sh601059
2025-08-20 07:27:51,847 - WARNING - 股票 sh900924 不存在于观察池中
2025-08-20 07:27:51,847 - INFO - 处理进度 [3267/11571]: sh900924
2025-08-20 07:27:51,847 - INFO - 数据库初始化完成
2025-08-20 07:28:28,980 - WARNING - 股票 sh501210 不存在于观察池中
2025-08-20 07:28:28,981 - INFO - 数据库初始化完成
2025-08-20 07:28:28,981 - INFO - 处理进度 [3268/11571]: sh501210
2025-08-20 07:28:28,995 - WARNING - sh588190 数据不足 (少于250天)，无法生成画像
2025-08-20 07:28:28,996 - INFO - 数据库初始化完成
2025-08-20 07:28:28,998 - INFO - 处理进度 [3269/11571]: sh588190
2025-08-20 07:28:29,512 - WARNING - 股票 sh603838 不存在于观察池中
2025-08-20 07:28:29,512 - INFO - 数据库初始化完成
2025-08-20 07:28:29,513 - INFO - 处理进度 [3270/11571]: sh603838
2025-08-20 07:28:29,530 - WARNING - sh113683 数据不足 (少于250天)，无法生成画像
2025-08-20 07:28:29,531 - INFO - 数据库初始化完成
2025-08-20 07:28:29,531 - INFO - 处理进度 [3271/11571]: sh113683
2025-08-20 07:28:29,540 - WARNING - sh603275 数据不足 (少于250天)，无法生成画像
2025-08-20 07:28:29,540 - INFO - 处理进度 [3272/11571]: sh603275
2025-08-20 07:28:29,541 - INFO - 数据库初始化完成
2025-08-20 07:28:35,280 - WARNING - 股票 sh600398 不存在于观察池中
2025-08-20 07:28:35,281 - INFO - 数据库初始化完成
2025-08-20 07:28:35,281 - INFO - 处理进度 [3273/11571]: sh600398
2025-08-20 07:28:46,040 - WARNING - 股票 sh880231 不存在于观察池中
2025-08-20 07:28:46,041 - INFO - 数据库初始化完成
2025-08-20 07:28:46,043 - INFO - 处理进度 [3274/11571]: sh880231
2025-08-20 07:28:49,017 - WARNING - 股票 sh601077 不存在于观察池中
2025-08-20 07:28:49,018 - INFO - 数据库初始化完成
2025-08-20 07:28:49,018 - INFO - 处理进度 [3275/11571]: sh601077
2025-08-20 07:28:52,717 - WARNING - 股票 sh600785 不存在于观察池中
2025-08-20 07:28:52,718 - INFO - 处理进度 [3276/11571]: sh600785
2025-08-20 07:28:52,718 - INFO - 数据库初始化完成
2025-08-20 07:29:14,244 - WARNING - 股票 sh688290 不存在于观察池中
2025-08-20 07:29:14,245 - INFO - 处理进度 [3277/11571]: sh688290
2025-08-20 07:29:14,245 - INFO - 数据库初始化完成
2025-08-20 07:29:14,815 - WARNING - 股票 sh900911 不存在于观察池中
2025-08-20 07:29:14,816 - INFO - 处理进度 [3278/11571]: sh900911
2025-08-20 07:29:14,816 - INFO - 数据库初始化完成
2025-08-20 07:29:20,005 - WARNING - 差分进化优化失败，使用默认参数
2025-08-20 07:29:20,005 - ERROR - sh603856 参数优化失败，使用默认参数回退
2025-08-20 07:29:20,019 - WARNING - 股票 sh603856 不存在于观察池中
2025-08-20 07:29:20,020 - INFO - 数据库初始化完成
2025-08-20 07:29:20,024 - INFO - 处理进度 [3279/11571]: sh603856
2025-08-20 07:29:21,296 - WARNING - 股票 sh603617 不存在于观察池中
2025-08-20 07:29:21,297 - INFO - 数据库初始化完成
2025-08-20 07:29:21,298 - INFO - 处理进度 [3280/11571]: sh603617
2025-08-20 07:29:49,064 - WARNING - 股票 sh603163 不存在于观察池中
2025-08-20 07:29:49,065 - INFO - 数据库初始化完成
2025-08-20 07:29:49,065 - INFO - 处理进度 [3281/11571]: sh603163
2025-08-20 07:29:49,079 - WARNING - sh588880 数据不足 (少于250天)，无法生成画像
2025-08-20 07:29:49,079 - INFO - 处理进度 [3282/11571]: sh588880
2025-08-20 07:29:49,079 - INFO - 数据库初始化完成
2025-08-20 07:30:28,698 - WARNING - 股票 sh688439 不存在于观察池中
2025-08-20 07:30:28,699 - INFO - 数据库初始化完成
2025-08-20 07:30:28,699 - INFO - 处理进度 [3283/11571]: sh688439
2025-08-20 07:30:34,606 - WARNING - 股票 sh688150 不存在于观察池中
2025-08-20 07:30:34,607 - INFO - 数据库初始化完成
2025-08-20 07:30:34,608 - INFO - 处理进度 [3284/11571]: sh688150
2025-08-20 07:30:54,714 - WARNING - 股票 sh881220 不存在于观察池中
2025-08-20 07:30:54,715 - INFO - 数据库初始化完成
2025-08-20 07:30:54,716 - INFO - 处理进度 [3285/11571]: sh881220
2025-08-20 07:30:57,815 - WARNING - 股票 sh603938 不存在于观察池中
2025-08-20 07:30:57,816 - INFO - 数据库初始化完成
2025-08-20 07:30:57,816 - INFO - 处理进度 [3286/11571]: sh603938
2025-08-20 07:31:18,670 - WARNING - 股票 sh516980 不存在于观察池中
2025-08-20 07:31:18,671 - INFO - 处理进度 [3287/11571]: sh516980
2025-08-20 07:31:18,671 - INFO - 数据库初始化完成
2025-08-20 07:31:52,100 - WARNING - 股票 sh603214 不存在于观察池中
2025-08-20 07:31:52,101 - INFO - 数据库初始化完成
2025-08-20 07:31:52,102 - INFO - 处理进度 [3288/11571]: sh603214
2025-08-20 07:31:59,822 - WARNING - 股票 sh588150 不存在于观察池中
2025-08-20 07:31:59,823 - INFO - 数据库初始化完成
2025-08-20 07:31:59,823 - INFO - 处理进度 [3289/11571]: sh588150
2025-08-20 07:32:02,597 - WARNING - 股票 sh516630 不存在于观察池中
2025-08-20 07:32:02,598 - INFO - 数据库初始化完成
2025-08-20 07:32:02,599 - INFO - 处理进度 [3290/11571]: sh516630
2025-08-20 07:32:13,291 - WARNING - 股票 sh881361 不存在于观察池中
2025-08-20 07:32:13,292 - INFO - 处理进度 [3291/11571]: sh881361
2025-08-20 07:32:13,292 - INFO - 数据库初始化完成
2025-08-20 07:32:19,194 - WARNING - 股票 sh881381 不存在于观察池中
2025-08-20 07:32:19,195 - INFO - 处理进度 [3292/11571]: sh881381
2025-08-20 07:32:19,196 - INFO - 数据库初始化完成
2025-08-20 07:32:31,037 - WARNING - 股票 sh688283 不存在于观察池中
2025-08-20 07:32:31,038 - INFO - 数据库初始化完成
2025-08-20 07:32:31,038 - INFO - 处理进度 [3293/11571]: sh688283
2025-08-20 07:32:31,778 - WARNING - 股票 sh000002 不存在于观察池中
2025-08-20 07:32:31,780 - INFO - 数据库初始化完成
2025-08-20 07:32:31,780 - INFO - 处理进度 [3294/11571]: sh000002
2025-08-20 07:32:33,319 - WARNING - 股票 sh601686 不存在于观察池中
2025-08-20 07:32:33,320 - INFO - 数据库初始化完成
2025-08-20 07:32:33,320 - INFO - 处理进度 [3295/11571]: sh601686
2025-08-20 07:32:43,428 - WARNING - 股票 sh603822 不存在于观察池中
2025-08-20 07:32:43,429 - INFO - 数据库初始化完成
2025-08-20 07:32:43,429 - INFO - 处理进度 [3296/11571]: sh603822
2025-08-20 07:32:57,288 - WARNING - 股票 sh511260 不存在于观察池中
2025-08-20 07:32:57,289 - INFO - 数据库初始化完成
2025-08-20 07:32:57,289 - INFO - 处理进度 [3297/11571]: sh511260
2025-08-20 07:33:05,609 - WARNING - 股票 sh515290 不存在于观察池中
2025-08-20 07:33:05,609 - INFO - 数据库初始化完成
2025-08-20 07:33:05,610 - INFO - 处理进度 [3298/11571]: sh515290
2025-08-20 07:33:55,986 - WARNING - 股票 sh600132 不存在于观察池中
2025-08-20 07:33:55,987 - INFO - 处理进度 [3299/11571]: sh600132
2025-08-20 07:33:55,987 - INFO - 数据库初始化完成
2025-08-20 07:34:04,939 - WARNING - 股票 sh880662 不存在于观察池中
2025-08-20 07:34:04,940 - INFO - 数据库初始化完成
2025-08-20 07:34:04,940 - INFO - 处理进度 [3300/11571]: sh880662
2025-08-20 07:34:48,302 - WARNING - 股票 sh603970 不存在于观察池中
2025-08-20 07:34:48,304 - INFO - 数据库初始化完成
2025-08-20 07:34:48,304 - INFO - 处理进度 [3301/11571]: sh603970
2025-08-20 07:34:50,257 - WARNING - 股票 sh881143 不存在于观察池中
2025-08-20 07:34:50,258 - INFO - 数据库初始化完成
2025-08-20 07:34:50,258 - INFO - 处理进度 [3302/11571]: sh881143
2025-08-20 07:34:55,744 - WARNING - 股票 sh600645 不存在于观察池中
2025-08-20 07:34:55,745 - INFO - 数据库初始化完成
2025-08-20 07:34:55,745 - INFO - 处理进度 [3303/11571]: sh600645
2025-08-20 07:34:55,757 - WARNING - sh560170 数据不足 (少于250天)，无法生成画像
2025-08-20 07:34:55,758 - INFO - 数据库初始化完成
2025-08-20 07:34:55,758 - INFO - 处理进度 [3304/11571]: sh560170
2025-08-20 07:35:01,414 - WARNING - 股票 sh880812 不存在于观察池中
2025-08-20 07:35:01,415 - INFO - 处理进度 [3305/11571]: sh880812
2025-08-20 07:35:01,415 - INFO - 数据库初始化完成
2025-08-20 07:35:07,701 - WARNING - 差分进化优化失败，使用默认参数
2025-08-20 07:35:07,702 - ERROR - sh601628 参数优化失败，使用默认参数回退
2025-08-20 07:35:07,715 - WARNING - 股票 sh601628 不存在于观察池中
2025-08-20 07:35:07,716 - INFO - 数据库初始化完成
2025-08-20 07:35:07,719 - INFO - 处理进度 [3306/11571]: sh601628
2025-08-20 07:35:36,337 - WARNING - 差分进化优化失败，使用默认参数
2025-08-20 07:35:36,338 - ERROR - sh600318 参数优化失败，使用默认参数回退
2025-08-20 07:35:36,351 - WARNING - 股票 sh600318 不存在于观察池中
2025-08-20 07:35:36,352 - INFO - 数据库初始化完成
2025-08-20 07:35:36,353 - INFO - 处理进度 [3307/11571]: sh600318
2025-08-20 07:35:55,018 - WARNING - 股票 sh600207 不存在于观察池中
2025-08-20 07:35:55,020 - INFO - 处理进度 [3308/11571]: sh600207
2025-08-20 07:35:55,020 - INFO - 数据库初始化完成
2025-08-20 07:36:11,743 - WARNING - 股票 sh881223 不存在于观察池中
2025-08-20 07:36:11,744 - INFO - 数据库初始化完成
2025-08-20 07:36:11,744 - INFO - 处理进度 [3309/11571]: sh881223
2025-08-20 07:36:21,716 - WARNING - 股票 sh600801 不存在于观察池中
2025-08-20 07:36:21,717 - INFO - 处理进度 [3310/11571]: sh600801
2025-08-20 07:36:21,718 - INFO - 数据库初始化完成
2025-08-20 07:36:51,807 - WARNING - 股票 sh900921 不存在于观察池中
2025-08-20 07:36:51,808 - INFO - 数据库初始化完成
2025-08-20 07:36:51,808 - INFO - 处理进度 [3311/11571]: sh900921
2025-08-20 07:36:51,809 - WARNING - sh603257 数据不足 (少于250天)，无法生成画像
2025-08-20 07:36:51,810 - INFO - 处理进度 [3312/11571]: sh603257
2025-08-20 07:36:51,810 - INFO - 数据库初始化完成
2025-08-20 07:36:51,819 - WARNING - sh508084 数据不足 (少于250天)，无法生成画像
2025-08-20 07:36:51,819 - INFO - 处理进度 [3313/11571]: sh508084
2025-08-20 07:36:51,820 - INFO - 数据库初始化完成
2025-08-20 07:36:59,483 - WARNING - 股票 sh881267 不存在于观察池中
2025-08-20 07:36:59,484 - INFO - 数据库初始化完成
2025-08-20 07:36:59,484 - INFO - 处理进度 [3314/11571]: sh881267
2025-08-20 07:37:02,395 - WARNING - 股票 sh605588 不存在于观察池中
2025-08-20 07:37:02,396 - INFO - 处理进度 [3315/11571]: sh605588
2025-08-20 07:37:02,396 - INFO - 数据库初始化完成
2025-08-20 07:37:24,438 - WARNING - 股票 sh600639 不存在于观察池中
2025-08-20 07:37:24,439 - INFO - 数据库初始化完成
2025-08-20 07:37:24,439 - INFO - 处理进度 [3316/11571]: sh600639
2025-08-20 07:37:27,453 - WARNING - 股票 sh603053 不存在于观察池中
2025-08-20 07:37:27,454 - INFO - 处理进度 [3317/11571]: sh603053
2025-08-20 07:37:27,454 - INFO - 数据库初始化完成
2025-08-20 07:37:32,844 - WARNING - 股票 sh111013 不存在于观察池中
2025-08-20 07:37:32,845 - INFO - 数据库初始化完成
2025-08-20 07:37:32,845 - INFO - 处理进度 [3318/11571]: sh111013
2025-08-20 07:37:32,846 - WARNING - sh603049 数据不足 (少于250天)，无法生成画像
2025-08-20 07:37:32,847 - INFO - 数据库初始化完成
2025-08-20 07:37:32,847 - INFO - 处理进度 [3319/11571]: sh603049
2025-08-20 07:37:35,657 - WARNING - 股票 sh600763 不存在于观察池中
2025-08-20 07:37:35,657 - INFO - 数据库初始化完成
2025-08-20 07:37:35,658 - INFO - 处理进度 [3320/11571]: sh600763
2025-08-20 07:37:42,259 - WARNING - 股票 sh561590 不存在于观察池中
2025-08-20 07:37:42,260 - INFO - 数据库初始化完成
2025-08-20 07:37:42,260 - INFO - 处理进度 [3321/11571]: sh561590
2025-08-20 07:37:54,201 - WARNING - 股票 sh688533 不存在于观察池中
2025-08-20 07:37:54,202 - INFO - 数据库初始化完成
2025-08-20 07:37:54,202 - INFO - 处理进度 [3322/11571]: sh688533
2025-08-20 07:38:10,754 - WARNING - 股票 sh603789 不存在于观察池中
2025-08-20 07:38:10,755 - INFO - 数据库初始化完成
2025-08-20 07:38:10,755 - INFO - 处理进度 [3323/11571]: sh603789
2025-08-20 07:38:31,359 - WARNING - 股票 sh688337 不存在于观察池中
2025-08-20 07:38:31,360 - INFO - 数据库初始化完成
2025-08-20 07:38:31,361 - INFO - 处理进度 [3324/11571]: sh688337
2025-08-20 07:38:38,530 - WARNING - 差分进化优化失败，使用默认参数
2025-08-20 07:38:38,530 - ERROR - sh601816 参数优化失败，使用默认参数回退
2025-08-20 07:38:38,544 - WARNING - 股票 sh601816 不存在于观察池中
2025-08-20 07:38:38,545 - INFO - 处理进度 [3325/11571]: sh601816
2025-08-20 07:38:38,545 - INFO - 数据库初始化完成
2025-08-20 07:38:43,866 - WARNING - 股票 sh601218 不存在于观察池中
2025-08-20 07:38:43,867 - INFO - 数据库初始化完成
2025-08-20 07:38:43,868 - INFO - 处理进度 [3326/11571]: sh601218
2025-08-20 07:38:44,460 - WARNING - 股票 sh118018 不存在于观察池中
2025-08-20 07:38:44,461 - INFO - 处理进度 [3327/11571]: sh118018
2025-08-20 07:38:44,461 - INFO - 数据库初始化完成
2025-08-20 07:38:47,269 - WARNING - 股票 sh600133 不存在于观察池中
2025-08-20 07:38:47,270 - INFO - 数据库初始化完成
2025-08-20 07:38:47,271 - INFO - 处理进度 [3328/11571]: sh600133
2025-08-20 07:39:38,920 - WARNING - 股票 sh600029 不存在于观察池中
2025-08-20 07:39:38,921 - INFO - 处理进度 [3329/11571]: sh600029
2025-08-20 07:39:38,921 - INFO - 数据库初始化完成
2025-08-20 07:39:38,922 - WARNING - sh688729 数据不足 (少于250天)，无法生成画像
2025-08-20 07:39:38,923 - INFO - 处理进度 [3330/11571]: sh688729
2025-08-20 07:39:38,923 - INFO - 数据库初始化完成
2025-08-20 07:39:55,352 - WARNING - 股票 sh881167 不存在于观察池中
2025-08-20 07:39:55,353 - INFO - 数据库初始化完成
2025-08-20 07:39:55,353 - INFO - 处理进度 [3331/11571]: sh881167
2025-08-20 07:40:16,156 - WARNING - 股票 sh881233 不存在于观察池中
2025-08-20 07:40:16,156 - INFO - 数据库初始化完成
2025-08-20 07:40:16,157 - INFO - 处理进度 [3332/11571]: sh881233
2025-08-20 07:41:27,429 - WARNING - 股票 sh600345 不存在于观察池中
2025-08-20 07:41:27,430 - INFO - 处理进度 [3333/11571]: sh600345
2025-08-20 07:41:27,430 - INFO - 数据库初始化完成
2025-08-20 07:41:41,793 - WARNING - 股票 sh688165 不存在于观察池中
2025-08-20 07:41:41,793 - INFO - 数据库初始化完成
2025-08-20 07:41:41,794 - INFO - 处理进度 [3334/11571]: sh688165
2025-08-20 07:42:09,529 - WARNING - 股票 sh600343 不存在于观察池中
2025-08-20 07:42:09,529 - INFO - 数据库初始化完成
2025-08-20 07:42:09,530 - INFO - 处理进度 [3335/11571]: sh600343
2025-08-20 07:42:23,476 - WARNING - 股票 sh880845 不存在于观察池中
2025-08-20 07:42:23,477 - INFO - 数据库初始化完成
2025-08-20 07:42:23,477 - INFO - 处理进度 [3336/11571]: sh880845
2025-08-20 07:42:48,884 - WARNING - 差分进化优化失败，使用默认参数
2025-08-20 07:42:48,885 - ERROR - sh880869 参数优化失败，使用默认参数回退
2025-08-20 07:42:48,899 - WARNING - 股票 sh880869 不存在于观察池中
2025-08-20 07:42:48,900 - INFO - 数据库初始化完成
2025-08-20 07:42:48,900 - INFO - 处理进度 [3337/11571]: sh880869
2025-08-20 07:43:08,496 - WARNING - 股票 sh600874 不存在于观察池中
2025-08-20 07:43:08,497 - INFO - 数据库初始化完成
2025-08-20 07:43:08,497 - INFO - 处理进度 [3338/11571]: sh600874
2025-08-20 07:43:08,498 - WARNING - sh508039 数据不足 (少于250天)，无法生成画像
2025-08-20 07:43:08,499 - INFO - 处理进度 [3339/11571]: sh508039
2025-08-20 07:43:08,499 - INFO - 数据库初始化完成
2025-08-20 07:43:11,044 - WARNING - 差分进化优化失败，使用默认参数
2025-08-20 07:43:11,045 - ERROR - sh501216 参数优化失败，使用默认参数回退
2025-08-20 07:43:11,059 - WARNING - 股票 sh501216 不存在于观察池中
2025-08-20 07:43:11,060 - INFO - 数据库初始化完成
2025-08-20 07:43:11,062 - INFO - 处理进度 [3340/11571]: sh501216
2025-08-20 07:43:17,187 - WARNING - 股票 sh880940 不存在于观察池中
2025-08-20 07:43:17,188 - INFO - 数据库初始化完成
2025-08-20 07:43:17,189 - INFO - 处理进度 [3341/11571]: sh880940
2025-08-20 07:43:20,234 - WARNING - 股票 sh881229 不存在于观察池中
2025-08-20 07:43:20,235 - INFO - 数据库初始化完成
2025-08-20 07:43:20,235 - INFO - 处理进度 [3342/11571]: sh881229
2025-08-20 07:43:27,325 - WARNING - 股票 sh600202 不存在于观察池中
2025-08-20 07:43:27,326 - INFO - 数据库初始化完成
2025-08-20 07:43:27,326 - INFO - 处理进度 [3343/11571]: sh600202
2025-08-20 07:43:28,556 - WARNING - 股票 sh881473 不存在于观察池中
2025-08-20 07:43:28,557 - INFO - 数据库初始化完成
2025-08-20 07:43:28,557 - INFO - 处理进度 [3344/11571]: sh881473
2025-08-20 07:43:37,698 - WARNING - 股票 sh600682 不存在于观察池中
2025-08-20 07:43:37,699 - INFO - 处理进度 [3345/11571]: sh600682
2025-08-20 07:43:37,699 - INFO - 数据库初始化完成
2025-08-20 07:43:37,860 - WARNING - 股票 sh516730 不存在于观察池中
2025-08-20 07:43:37,861 - INFO - 数据库初始化完成
2025-08-20 07:43:37,862 - INFO - 处理进度 [3346/11571]: sh516730
2025-08-20 07:43:44,661 - WARNING - 股票 sh600173 不存在于观察池中
2025-08-20 07:43:44,662 - INFO - 数据库初始化完成
2025-08-20 07:43:44,662 - INFO - 处理进度 [3347/11571]: sh600173
2025-08-20 07:43:51,816 - WARNING - 股票 sh881116 不存在于观察池中
2025-08-20 07:43:51,817 - INFO - 数据库初始化完成
2025-08-20 07:43:51,817 - INFO - 处理进度 [3348/11571]: sh881116
2025-08-20 07:44:17,748 - WARNING - 股票 sh513280 不存在于观察池中
2025-08-20 07:44:17,749 - INFO - 数据库初始化完成
2025-08-20 07:44:17,749 - INFO - 处理进度 [3349/11571]: sh513280
2025-08-20 07:44:21,102 - WARNING - 股票 sh881230 不存在于观察池中
2025-08-20 07:44:21,103 - INFO - 数据库初始化完成
2025-08-20 07:44:21,104 - INFO - 处理进度 [3350/11571]: sh881230
2025-08-20 07:44:27,945 - WARNING - 股票 sh880901 不存在于观察池中
2025-08-20 07:44:27,946 - INFO - 数据库初始化完成
2025-08-20 07:44:27,946 - INFO - 处理进度 [3351/11571]: sh880901
2025-08-20 07:44:32,854 - WARNING - 差分进化优化失败，使用默认参数
2025-08-20 07:44:32,854 - ERROR - sh510050 参数优化失败，使用默认参数回退
2025-08-20 07:44:32,868 - WARNING - 股票 sh510050 不存在于观察池中
2025-08-20 07:44:32,869 - INFO - 处理进度 [3352/11571]: sh510050
2025-08-20 07:44:32,869 - INFO - 数据库初始化完成
2025-08-20 07:44:43,383 - WARNING - 差分进化优化失败，使用默认参数
2025-08-20 07:44:43,384 - ERROR - sh603203 参数优化失败，使用默认参数回退
2025-08-20 07:44:43,398 - WARNING - 股票 sh603203 不存在于观察池中
2025-08-20 07:44:43,398 - INFO - 处理进度 [3353/11571]: sh603203
2025-08-20 07:44:43,399 - INFO - 数据库初始化完成
2025-08-20 07:44:56,425 - WARNING - 股票 sh881132 不存在于观察池中
2025-08-20 07:44:56,426 - INFO - 处理进度 [3354/11571]: sh881132
2025-08-20 07:44:56,426 - INFO - 数据库初始化完成
2025-08-20 07:45:03,936 - WARNING - 股票 sh900902 不存在于观察池中
2025-08-20 07:45:03,937 - INFO - 数据库初始化完成
2025-08-20 07:45:03,937 - INFO - 处理进度 [3355/11571]: sh900902
2025-08-20 07:45:05,947 - WARNING - 股票 sh516100 不存在于观察池中
2025-08-20 07:45:05,947 - INFO - 处理进度 [3356/11571]: sh516100
2025-08-20 07:45:05,948 - INFO - 数据库初始化完成
2025-08-20 07:45:07,582 - WARNING - 股票 sh601766 不存在于观察池中
2025-08-20 07:45:07,590 - INFO - 数据库初始化完成
2025-08-20 07:45:07,594 - INFO - 处理进度 [3357/11571]: sh601766
2025-08-20 07:45:26,563 - WARNING - 股票 sh688023 不存在于观察池中
2025-08-20 07:45:26,564 - INFO - 处理进度 [3358/11571]: sh688023
2025-08-20 07:45:26,564 - INFO - 数据库初始化完成
2025-08-20 07:45:27,454 - WARNING - 股票 sh603950 不存在于观察池中
2025-08-20 07:45:27,455 - INFO - 数据库初始化完成
2025-08-20 07:45:27,455 - INFO - 处理进度 [3359/11571]: sh603950
2025-08-20 07:46:26,937 - WARNING - 差分进化优化失败，使用默认参数
2025-08-20 07:46:26,938 - ERROR - sh600322 参数优化失败，使用默认参数回退
2025-08-20 07:46:26,951 - WARNING - 股票 sh600322 不存在于观察池中
2025-08-20 07:46:26,952 - INFO - 数据库初始化完成
2025-08-20 07:46:26,952 - INFO - 处理进度 [3360/11571]: sh600322
2025-08-20 07:46:48,814 - WARNING - 股票 sh516700 不存在于观察池中
2025-08-20 07:46:48,815 - INFO - 处理进度 [3361/11571]: sh516700
2025-08-20 07:46:48,815 - INFO - 数据库初始化完成
2025-08-20 07:46:58,742 - WARNING - 股票 sh600617 不存在于观察池中
2025-08-20 07:46:58,743 - INFO - 数据库初始化完成
2025-08-20 07:46:58,743 - INFO - 处理进度 [3362/11571]: sh600617
2025-08-20 07:47:00,238 - WARNING - 股票 sh603519 不存在于观察池中
2025-08-20 07:47:00,239 - INFO - 数据库初始化完成
2025-08-20 07:47:00,239 - INFO - 处理进度 [3363/11571]: sh603519
2025-08-20 07:48:02,686 - WARNING - 差分进化优化失败，使用默认参数
2025-08-20 07:48:02,686 - ERROR - sh510270 参数优化失败，使用默认参数回退
2025-08-20 07:48:02,700 - WARNING - 股票 sh510270 不存在于观察池中
2025-08-20 07:48:02,701 - INFO - 数据库初始化完成
2025-08-20 07:48:02,701 - INFO - 处理进度 [3364/11571]: sh510270
2025-08-20 07:48:42,949 - WARNING - 股票 sh600568 不存在于观察池中
2025-08-20 07:48:42,950 - INFO - 处理进度 [3365/11571]: sh600568
2025-08-20 07:48:42,950 - INFO - 数据库初始化完成
2025-08-20 07:48:42,972 - WARNING - sh688573 数据不足 (少于250天)，无法生成画像
2025-08-20 07:48:42,973 - INFO - 数据库初始化完成
2025-08-20 07:48:42,976 - INFO - 处理进度 [3366/11571]: sh688573
2025-08-20 07:48:56,675 - WARNING - 股票 sh688599 不存在于观察池中
2025-08-20 07:48:56,676 - INFO - 数据库初始化完成
2025-08-20 07:48:56,676 - INFO - 处理进度 [3367/11571]: sh688599
2025-08-20 07:49:10,757 - WARNING - 股票 sh603002 不存在于观察池中
2025-08-20 07:49:10,758 - INFO - 处理进度 [3368/11571]: sh603002
2025-08-20 07:49:10,758 - INFO - 数据库初始化完成
2025-08-20 07:49:13,772 - WARNING - 股票 sh113047 不存在于观察池中
2025-08-20 07:49:13,773 - INFO - 处理进度 [3369/11571]: sh113047
2025-08-20 07:49:13,774 - INFO - 数据库初始化完成
2025-08-20 07:49:20,369 - WARNING - 股票 sh688187 不存在于观察池中
2025-08-20 07:49:20,370 - INFO - 处理进度 [3370/11571]: sh688187
2025-08-20 07:49:20,370 - INFO - 数据库初始化完成
2025-08-20 07:49:20,407 - WARNING - 股票 sh600284 不存在于观察池中
2025-08-20 07:49:20,408 - INFO - 处理进度 [3371/11571]: sh600284
2025-08-20 07:49:20,409 - INFO - 数据库初始化完成
2025-08-20 07:49:44,645 - WARNING - 股票 sh880411 不存在于观察池中
2025-08-20 07:49:44,646 - INFO - 处理进度 [3372/11571]: sh880411
2025-08-20 07:49:44,647 - INFO - 数据库初始化完成
2025-08-20 07:49:44,659 - WARNING - sh880677 数据不足 (少于250天)，无法生成画像
2025-08-20 07:49:44,660 - INFO - 数据库初始化完成
2025-08-20 07:49:44,660 - INFO - 处理进度 [3373/11571]: sh880677
2025-08-20 07:49:44,670 - WARNING - sh560190 数据不足 (少于250天)，无法生成画像
2025-08-20 07:49:44,670 - INFO - 处理进度 [3374/11571]: sh560190
2025-08-20 07:49:44,671 - INFO - 数据库初始化完成
2025-08-20 07:50:01,202 - WARNING - 股票 sh501026 不存在于观察池中
2025-08-20 07:50:01,202 - INFO - 数据库初始化完成
2025-08-20 07:50:01,203 - INFO - 处理进度 [3375/11571]: sh501026
2025-08-20 07:50:17,973 - WARNING - 股票 sh881217 不存在于观察池中
2025-08-20 07:50:17,974 - INFO - 数据库初始化完成
2025-08-20 07:50:17,974 - INFO - 处理进度 [3376/11571]: sh881217
2025-08-20 07:50:17,983 - WARNING - sh588870 数据不足 (少于250天)，无法生成画像
2025-08-20 07:50:17,984 - INFO - 数据库初始化完成
2025-08-20 07:50:17,987 - INFO - 处理进度 [3377/11571]: sh588870
2025-08-20 07:50:26,635 - WARNING - 股票 sh111002 不存在于观察池中
2025-08-20 07:50:26,636 - INFO - 处理进度 [3378/11571]: sh111002
2025-08-20 07:50:26,636 - INFO - 数据库初始化完成
2025-08-20 07:50:26,648 - WARNING - sh688605 数据不足 (少于250天)，无法生成画像
2025-08-20 07:50:26,648 - INFO - 数据库初始化完成
2025-08-20 07:50:26,649 - INFO - 处理进度 [3379/11571]: sh688605
2025-08-20 07:50:53,098 - WARNING - 股票 sh000698 不存在于观察池中
2025-08-20 07:50:53,099 - INFO - 处理进度 [3380/11571]: sh000698
2025-08-20 07:50:53,099 - INFO - 数据库初始化完成
2025-08-20 07:50:53,108 - WARNING - sh510040 数据不足 (少于250天)，无法生成画像
2025-08-20 07:50:53,109 - INFO - 处理进度 [3381/11571]: sh510040
2025-08-20 07:50:53,109 - INFO - 数据库初始化完成
2025-08-20 07:51:02,369 - WARNING - 股票 sh880351 不存在于观察池中
2025-08-20 07:51:02,370 - INFO - 处理进度 [3382/11571]: sh880351
2025-08-20 07:51:02,371 - INFO - 数据库初始化完成
2025-08-20 07:51:23,033 - WARNING - 股票 sh688073 不存在于观察池中
2025-08-20 07:51:23,034 - INFO - 处理进度 [3383/11571]: sh688073
2025-08-20 07:51:23,034 - INFO - 数据库初始化完成
2025-08-20 07:51:45,679 - WARNING - 股票 sh881376 不存在于观察池中
2025-08-20 07:51:45,680 - INFO - 数据库初始化完成
2025-08-20 07:51:45,680 - INFO - 处理进度 [3384/11571]: sh881376
2025-08-20 07:51:50,317 - WARNING - 股票 sh600724 不存在于观察池中
2025-08-20 07:51:50,318 - INFO - 处理进度 [3385/11571]: sh600724
2025-08-20 07:51:50,319 - INFO - 数据库初始化完成
2025-08-20 07:52:00,602 - WARNING - 股票 sh605155 不存在于观察池中
2025-08-20 07:52:00,603 - INFO - 数据库初始化完成
2025-08-20 07:52:00,603 - INFO - 处理进度 [3386/11571]: sh605155
2025-08-20 07:52:03,522 - WARNING - 差分进化优化失败，使用默认参数
2025-08-20 07:52:03,523 - ERROR - sh518660 参数优化失败，使用默认参数回退
2025-08-20 07:52:03,539 - WARNING - 股票 sh518660 不存在于观察池中
2025-08-20 07:52:03,540 - INFO - 处理进度 [3387/11571]: sh518660
2025-08-20 07:52:03,540 - INFO - 数据库初始化完成
2025-08-20 07:52:08,928 - WARNING - 股票 sh880592 不存在于观察池中
2025-08-20 07:52:08,928 - INFO - 处理进度 [3388/11571]: sh880592
2025-08-20 07:52:08,929 - INFO - 数据库初始化完成
2025-08-20 07:52:09,228 - WARNING - 股票 sh603887 不存在于观察池中
2025-08-20 07:52:09,229 - INFO - 数据库初始化完成
2025-08-20 07:52:09,229 - INFO - 处理进度 [3389/11571]: sh603887
2025-08-20 07:52:17,650 - WARNING - 股票 sh600062 不存在于观察池中
2025-08-20 07:52:17,651 - INFO - 数据库初始化完成
2025-08-20 07:52:17,652 - INFO - 处理进度 [3390/11571]: sh600062
2025-08-20 07:52:22,917 - WARNING - 股票 sh600858 不存在于观察池中
2025-08-20 07:52:22,917 - INFO - 处理进度 [3391/11571]: sh600858
2025-08-20 07:52:22,918 - INFO - 数据库初始化完成
2025-08-20 07:52:42,321 - WARNING - 股票 sh688515 不存在于观察池中
2025-08-20 07:52:42,321 - INFO - 处理进度 [3392/11571]: sh688515
2025-08-20 07:52:42,322 - INFO - 数据库初始化完成
2025-08-20 07:52:42,334 - WARNING - sh560020 数据不足 (少于250天)，无法生成画像
2025-08-20 07:52:42,334 - INFO - 数据库初始化完成
2025-08-20 07:52:42,335 - INFO - 处理进度 [3393/11571]: sh560020
2025-08-20 07:52:42,344 - WARNING - sh511110 数据不足 (少于250天)，无法生成画像
2025-08-20 07:52:42,344 - INFO - 处理进度 [3394/11571]: sh511110
2025-08-20 07:52:42,344 - INFO - 数据库初始化完成
2025-08-20 07:52:58,095 - WARNING - 股票 sh880739 不存在于观察池中
2025-08-20 07:52:58,096 - INFO - 数据库初始化完成
2025-08-20 07:52:58,096 - INFO - 处理进度 [3395/11571]: sh880739
2025-08-20 07:53:10,399 - WARNING - 股票 sh880941 不存在于观察池中
2025-08-20 07:53:10,399 - INFO - 数据库初始化完成
2025-08-20 07:53:10,400 - INFO - 处理进度 [3396/11571]: sh880941
2025-08-20 07:53:13,213 - WARNING - 股票 sh881333 不存在于观察池中
2025-08-20 07:53:13,214 - INFO - 数据库初始化完成
2025-08-20 07:53:13,217 - INFO - 处理进度 [3397/11571]: sh881333
2025-08-20 07:53:19,285 - WARNING - 差分进化优化失败，使用默认参数
2025-08-20 07:53:19,285 - ERROR - sh688371 参数优化失败，使用默认参数回退
2025-08-20 07:53:19,299 - WARNING - 股票 sh688371 不存在于观察池中
2025-08-20 07:53:19,299 - INFO - 处理进度 [3398/11571]: sh688371
2025-08-20 07:53:19,300 - INFO - 数据库初始化完成
2025-08-20 07:53:48,604 - WARNING - 股票 sh000019 不存在于观察池中
2025-08-20 07:53:48,605 - INFO - 处理进度 [3399/11571]: sh000019
2025-08-20 07:53:48,606 - INFO - 数据库初始化完成
2025-08-20 07:53:48,616 - WARNING - sh603072 数据不足 (少于250天)，无法生成画像
2025-08-20 07:53:48,617 - INFO - 数据库初始化完成
2025-08-20 07:53:48,618 - INFO - 处理进度 [3400/11571]: sh603072
2025-08-20 07:54:01,514 - WARNING - 股票 sh603568 不存在于观察池中
2025-08-20 07:54:01,514 - INFO - 处理进度 [3401/11571]: sh603568
2025-08-20 07:54:01,515 - INFO - 数据库初始化完成
2025-08-20 07:54:37,130 - WARNING - 差分进化优化失败，使用默认参数
2025-08-20 07:54:37,138 - ERROR - sh515910 参数优化失败，使用默认参数回退
2025-08-20 07:54:37,152 - WARNING - 股票 sh515910 不存在于观察池中
2025-08-20 07:54:37,152 - INFO - 处理进度 [3402/11571]: sh515910
2025-08-20 07:54:37,153 - INFO - 数据库初始化完成
2025-08-20 07:54:44,559 - WARNING - 股票 sh600115 不存在于观察池中
2025-08-20 07:54:44,560 - INFO - 数据库初始化完成
2025-08-20 07:54:44,560 - INFO - 处理进度 [3403/11571]: sh600115
2025-08-20 07:54:46,227 - WARNING - 股票 sh600885 不存在于观察池中
2025-08-20 07:54:46,228 - INFO - 数据库初始化完成
2025-08-20 07:54:46,228 - INFO - 处理进度 [3404/11571]: sh600885
2025-08-20 07:54:55,004 - WARNING - 股票 sh688681 不存在于观察池中
2025-08-20 07:54:55,005 - INFO - 数据库初始化完成
2025-08-20 07:54:55,005 - INFO - 处理进度 [3405/11571]: sh688681
2025-08-20 07:54:55,019 - WARNING - sh588860 数据不足 (少于250天)，无法生成画像
2025-08-20 07:54:55,020 - INFO - 数据库初始化完成
2025-08-20 07:54:55,020 - INFO - 处理进度 [3406/11571]: sh588860
2025-08-20 07:55:09,694 - WARNING - 股票 sh688798 不存在于观察池中
2025-08-20 07:55:09,695 - INFO - 处理进度 [3407/11571]: sh688798
2025-08-20 07:55:09,696 - INFO - 数据库初始化完成
2025-08-20 07:55:35,222 - WARNING - 股票 sh516020 不存在于观察池中
2025-08-20 07:55:35,223 - INFO - 处理进度 [3408/11571]: sh516020
2025-08-20 07:55:35,223 - INFO - 数据库初始化完成
2025-08-20 07:56:16,980 - WARNING - 股票 sh603758 不存在于观察池中
2025-08-20 07:56:16,981 - INFO - 数据库初始化完成
2025-08-20 07:56:16,981 - INFO - 处理进度 [3409/11571]: sh603758
2025-08-20 07:56:18,556 - WARNING - 股票 sh881196 不存在于观察池中
2025-08-20 07:56:18,557 - INFO - 数据库初始化完成
2025-08-20 07:56:18,558 - INFO - 处理进度 [3410/11571]: sh881196
2025-08-20 07:56:20,257 - WARNING - 股票 sh510530 不存在于观察池中
2025-08-20 07:56:20,259 - INFO - 数据库初始化完成
2025-08-20 07:56:20,259 - INFO - 处理进度 [3411/11571]: sh510530
2025-08-20 07:56:37,632 - WARNING - 股票 sh516890 不存在于观察池中
2025-08-20 07:56:37,633 - INFO - 数据库初始化完成
2025-08-20 07:56:37,633 - INFO - 处理进度 [3412/11571]: sh516890
2025-08-20 07:56:47,714 - WARNING - 股票 sh600986 不存在于观察池中
2025-08-20 07:56:47,715 - INFO - 数据库初始化完成
2025-08-20 07:56:47,716 - INFO - 处理进度 [3413/11571]: sh600986
2025-08-20 07:56:49,117 - WARNING - 股票 sh880313 不存在于观察池中
2025-08-20 07:56:49,118 - INFO - 处理进度 [3414/11571]: sh880313
2025-08-20 07:56:49,118 - INFO - 数据库初始化完成
2025-08-20 07:56:49,130 - WARNING - sh513850 数据不足 (少于250天)，无法生成画像
2025-08-20 07:56:49,131 - INFO - 处理进度 [3415/11571]: sh513850
2025-08-20 07:56:49,131 - INFO - 数据库初始化完成
2025-08-20 07:56:50,901 - WARNING - 股票 sh600784 不存在于观察池中
2025-08-20 07:56:50,902 - INFO - 数据库初始化完成
2025-08-20 07:56:50,902 - INFO - 处理进度 [3416/11571]: sh600784
2025-08-20 07:57:23,029 - WARNING - 股票 sh600969 不存在于观察池中
2025-08-20 07:57:23,030 - INFO - 数据库初始化完成
2025-08-20 07:57:23,031 - INFO - 处理进度 [3417/11571]: sh600969
2025-08-20 07:57:57,007 - WARNING - 股票 sh881038 不存在于观察池中
2025-08-20 07:57:57,008 - INFO - 处理进度 [3418/11571]: sh881038
2025-08-20 07:57:57,008 - INFO - 数据库初始化完成
2025-08-20 07:58:12,892 - WARNING - 股票 sh880642 不存在于观察池中
2025-08-20 07:58:12,893 - INFO - 数据库初始化完成
2025-08-20 07:58:12,893 - INFO - 处理进度 [3419/11571]: sh880642
2025-08-20 07:58:49,032 - WARNING - 股票 sh000016 不存在于观察池中
2025-08-20 07:58:49,033 - INFO - 处理进度 [3420/11571]: sh000016
2025-08-20 07:58:49,033 - INFO - 数据库初始化完成
2025-08-20 07:58:52,303 - WARNING - 股票 sh881130 不存在于观察池中
2025-08-20 07:58:52,304 - INFO - 数据库初始化完成
2025-08-20 07:58:52,304 - INFO - 处理进度 [3421/11571]: sh881130
2025-08-20 07:59:01,624 - WARNING - 股票 sh603197 不存在于观察池中
2025-08-20 07:59:01,625 - INFO - 处理进度 [3422/11571]: sh603197
2025-08-20 07:59:01,625 - INFO - 数据库初始化完成
2025-08-20 07:59:19,837 - WARNING - 股票 sh603208 不存在于观察池中
2025-08-20 07:59:19,837 - INFO - 处理进度 [3423/11571]: sh603208
2025-08-20 07:59:19,838 - INFO - 数据库初始化完成
2025-08-20 07:59:27,548 - WARNING - 股票 sh603579 不存在于观察池中
2025-08-20 07:59:27,550 - INFO - 数据库初始化完成
2025-08-20 07:59:27,550 - INFO - 处理进度 [3424/11571]: sh603579
2025-08-20 07:59:28,991 - WARNING - 差分进化优化失败，使用默认参数
2025-08-20 07:59:28,991 - ERROR - sh881236 参数优化失败，使用默认参数回退
2025-08-20 07:59:29,005 - WARNING - 股票 sh881236 不存在于观察池中
2025-08-20 07:59:29,005 - INFO - 数据库初始化完成
2025-08-20 07:59:29,006 - INFO - 处理进度 [3425/11571]: sh881236
2025-08-20 07:59:45,533 - WARNING - 股票 sh512040 不存在于观察池中
2025-08-20 07:59:45,534 - INFO - 数据库初始化完成
2025-08-20 07:59:45,534 - INFO - 处理进度 [3426/11571]: sh512040
2025-08-20 07:59:48,045 - WARNING - 差分进化优化失败，使用默认参数
2025-08-20 07:59:48,071 - ERROR - sh688002 参数优化失败，使用默认参数回退
2025-08-20 07:59:48,083 - WARNING - 股票 sh688002 不存在于观察池中
2025-08-20 07:59:48,084 - INFO - 处理进度 [3427/11571]: sh688002
2025-08-20 07:59:48,085 - INFO - 数据库初始化完成
2025-08-20 08:00:32,492 - WARNING - 股票 sh600987 不存在于观察池中
2025-08-20 08:00:32,493 - INFO - 数据库初始化完成
2025-08-20 08:00:32,493 - INFO - 处理进度 [3428/11571]: sh600987
2025-08-20 08:00:49,713 - WARNING - 股票 sh600598 不存在于观察池中
2025-08-20 08:00:49,714 - INFO - 数据库初始化完成
2025-08-20 08:00:49,715 - INFO - 处理进度 [3429/11571]: sh600598
2025-08-20 08:01:10,660 - WARNING - 股票 sh513220 不存在于观察池中
2025-08-20 08:01:10,660 - INFO - 处理进度 [3430/11571]: sh513220
2025-08-20 08:01:10,661 - INFO - 数据库初始化完成
2025-08-20 08:01:22,520 - WARNING - 股票 sh603816 不存在于观察池中
2025-08-20 08:01:22,520 - INFO - 数据库初始化完成
2025-08-20 08:01:22,521 - INFO - 处理进度 [3431/11571]: sh603816
2025-08-20 08:01:35,450 - WARNING - 股票 sh603008 不存在于观察池中
2025-08-20 08:01:35,451 - INFO - 数据库初始化完成
2025-08-20 08:01:35,451 - INFO - 处理进度 [3432/11571]: sh603008
2025-08-20 08:01:51,204 - WARNING - 股票 sh515310 不存在于观察池中
2025-08-20 08:01:51,205 - INFO - 数据库初始化完成
2025-08-20 08:01:51,205 - INFO - 处理进度 [3433/11571]: sh515310
2025-08-20 08:01:56,740 - WARNING - 差分进化优化失败，使用默认参数
2025-08-20 08:01:56,740 - ERROR - sh601588 参数优化失败，使用默认参数回退
2025-08-20 08:01:56,754 - WARNING - 股票 sh601588 不存在于观察池中
2025-08-20 08:01:56,755 - INFO - 数据库初始化完成
2025-08-20 08:01:56,756 - INFO - 处理进度 [3434/11571]: sh601588
2025-08-20 08:01:57,316 - WARNING - 股票 sh600262 不存在于观察池中
2025-08-20 08:01:57,317 - INFO - 处理进度 [3435/11571]: sh600262
2025-08-20 08:01:57,318 - INFO - 数据库初始化完成
2025-08-20 08:02:18,050 - WARNING - 股票 sh512930 不存在于观察池中
2025-08-20 08:02:18,051 - INFO - 数据库初始化完成
2025-08-20 08:02:18,052 - INFO - 处理进度 [3436/11571]: sh512930
2025-08-20 08:02:20,765 - WARNING - 股票 sh113633 不存在于观察池中
2025-08-20 08:02:20,766 - INFO - 处理进度 [3437/11571]: sh113633
2025-08-20 08:02:20,766 - INFO - 数据库初始化完成
2025-08-20 08:02:20,779 - WARNING - sh562930 数据不足 (少于250天)，无法生成画像
2025-08-20 08:02:20,780 - INFO - 数据库初始化完成
2025-08-20 08:02:20,780 - INFO - 处理进度 [3438/11571]: sh562930
2025-08-20 08:02:32,784 - WARNING - 股票 sh588380 不存在于观察池中
2025-08-20 08:02:32,784 - INFO - 处理进度 [3439/11571]: sh588380
2025-08-20 08:02:32,784 - INFO - 数据库初始化完成
2025-08-20 08:02:32,795 - WARNING - sh561380 数据不足 (少于250天)，无法生成画像
2025-08-20 08:02:32,796 - INFO - 数据库初始化完成
2025-08-20 08:02:32,796 - INFO - 处理进度 [3440/11571]: sh561380
2025-08-20 08:02:35,716 - WARNING - 股票 sh881429 不存在于观察池中
2025-08-20 08:02:35,717 - INFO - 处理进度 [3441/11571]: sh881429
2025-08-20 08:02:35,717 - INFO - 数据库初始化完成
2025-08-20 08:02:39,018 - WARNING - 差分进化优化失败，使用默认参数
2025-08-20 08:02:39,018 - ERROR - sh517850 参数优化失败，使用默认参数回退
2025-08-20 08:02:39,031 - WARNING - 股票 sh517850 不存在于观察池中
2025-08-20 08:02:39,032 - INFO - 数据库初始化完成
2025-08-20 08:02:39,033 - INFO - 处理进度 [3442/11571]: sh517850
2025-08-20 08:02:44,543 - WARNING - 股票 sh688047 不存在于观察池中
2025-08-20 08:02:44,543 - INFO - 处理进度 [3443/11571]: sh688047
2025-08-20 08:02:44,544 - INFO - 数据库初始化完成
2025-08-20 08:02:46,947 - WARNING - 股票 sh600283 不存在于观察池中
2025-08-20 08:02:46,948 - INFO - 数据库初始化完成
2025-08-20 08:02:46,949 - INFO - 处理进度 [3444/11571]: sh600283
2025-08-20 08:03:11,845 - WARNING - 股票 sh688249 不存在于观察池中
2025-08-20 08:03:11,846 - INFO - 数据库初始化完成
2025-08-20 08:03:11,846 - INFO - 处理进度 [3445/11571]: sh688249
2025-08-20 08:03:36,139 - WARNING - 股票 sh688529 不存在于观察池中
2025-08-20 08:03:36,139 - INFO - 数据库初始化完成
2025-08-20 08:03:36,140 - INFO - 处理进度 [3446/11571]: sh688529
2025-08-20 08:03:55,585 - WARNING - 股票 sh600814 不存在于观察池中
2025-08-20 08:03:55,585 - INFO - 数据库初始化完成
2025-08-20 08:03:55,586 - INFO - 处理进度 [3447/11571]: sh600814
2025-08-20 08:03:55,593 - WARNING - sh588780 数据不足 (少于250天)，无法生成画像
2025-08-20 08:03:55,594 - INFO - 处理进度 [3448/11571]: sh588780
2025-08-20 08:03:55,594 - INFO - 数据库初始化完成
2025-08-20 08:04:37,160 - WARNING - 股票 sh513530 不存在于观察池中
2025-08-20 08:04:37,161 - INFO - 数据库初始化完成
2025-08-20 08:04:37,162 - INFO - 处理进度 [3449/11571]: sh513530
2025-08-20 08:04:37,163 - WARNING - sh520510 数据不足 (少于250天)，无法生成画像
2025-08-20 08:04:37,163 - INFO - 处理进度 [3450/11571]: sh520510
2025-08-20 08:04:37,164 - INFO - 数据库初始化完成
2025-08-20 08:04:48,152 - WARNING - 股票 sh881048 不存在于观察池中
2025-08-20 08:04:48,178 - INFO - 数据库初始化完成
2025-08-20 08:04:48,178 - INFO - 处理进度 [3451/11571]: sh881048
2025-08-20 08:05:26,114 - WARNING - 差分进化优化失败，使用默认参数
2025-08-20 08:05:26,114 - ERROR - sh880987 参数优化失败，使用默认参数回退
2025-08-20 08:05:26,128 - WARNING - 股票 sh880987 不存在于观察池中
2025-08-20 08:05:26,129 - INFO - 数据库初始化完成
2025-08-20 08:05:26,129 - INFO - 处理进度 [3452/11571]: sh880987
2025-08-20 08:05:29,403 - WARNING - 股票 sh601898 不存在于观察池中
2025-08-20 08:05:29,404 - INFO - 处理进度 [3453/11571]: sh601898
2025-08-20 08:05:29,405 - INFO - 数据库初始化完成
2025-08-20 08:05:30,695 - WARNING - 股票 sh600113 不存在于观察池中
2025-08-20 08:05:30,696 - INFO - 数据库初始化完成
2025-08-20 08:05:30,696 - INFO - 处理进度 [3454/11571]: sh600113
2025-08-20 08:05:44,412 - WARNING - 股票 sh113638 不存在于观察池中
2025-08-20 08:05:44,412 - INFO - 数据库初始化完成
2025-08-20 08:05:44,413 - INFO - 处理进度 [3455/11571]: sh113638
2025-08-20 08:05:44,414 - WARNING - sh562080 数据不足 (少于250天)，无法生成画像
2025-08-20 08:05:44,415 - INFO - 处理进度 [3456/11571]: sh562080
2025-08-20 08:05:44,415 - INFO - 数据库初始化完成
2025-08-20 08:05:50,114 - WARNING - 股票 sh600779 不存在于观察池中
2025-08-20 08:05:50,115 - INFO - 处理进度 [3457/11571]: sh600779
2025-08-20 08:05:50,115 - INFO - 数据库初始化完成
2025-08-20 08:05:56,591 - WARNING - 股票 sh600375 不存在于观察池中
2025-08-20 08:05:56,592 - INFO - 数据库初始化完成
2025-08-20 08:05:56,592 - INFO - 处理进度 [3458/11571]: sh600375
2025-08-20 08:06:12,734 - WARNING - 股票 sh881313 不存在于观察池中
2025-08-20 08:06:12,735 - INFO - 处理进度 [3459/11571]: sh881313
2025-08-20 08:06:12,735 - INFO - 数据库初始化完成
2025-08-20 08:06:12,749 - WARNING - sh880701 数据不足 (少于250天)，无法生成画像
2025-08-20 08:06:12,749 - INFO - 数据库初始化完成
2025-08-20 08:06:12,750 - INFO - 处理进度 [3460/11571]: sh880701
2025-08-20 08:06:35,726 - WARNING - 股票 sh688058 不存在于观察池中
2025-08-20 08:06:35,727 - INFO - 处理进度 [3461/11571]: sh688058
2025-08-20 08:06:35,727 - INFO - 数据库初始化完成
2025-08-20 08:07:41,037 - WARNING - 差分进化优化失败，使用默认参数
2025-08-20 08:07:41,038 - ERROR - sh600839 参数优化失败，使用默认参数回退
2025-08-20 08:07:41,051 - WARNING - 股票 sh600839 不存在于观察池中
2025-08-20 08:07:41,052 - INFO - 数据库初始化完成
2025-08-20 08:07:41,052 - INFO - 处理进度 [3462/11571]: sh600839
2025-08-20 08:08:01,355 - WARNING - 股票 sh600716 不存在于观察池中
2025-08-20 08:08:01,356 - INFO - 数据库初始化完成
2025-08-20 08:08:01,356 - INFO - 处理进度 [3463/11571]: sh600716
2025-08-20 08:08:01,505 - WARNING - 股票 sh000986 不存在于观察池中
2025-08-20 08:08:01,505 - INFO - 处理进度 [3464/11571]: sh000986
2025-08-20 08:08:01,506 - INFO - 数据库初始化完成
2025-08-20 08:08:06,701 - WARNING - 股票 sh605287 不存在于观察池中
2025-08-20 08:08:06,701 - INFO - 数据库初始化完成
2025-08-20 08:08:06,702 - INFO - 处理进度 [3465/11571]: sh605287
2025-08-20 08:08:25,211 - WARNING - 股票 sh601318 不存在于观察池中
2025-08-20 08:08:25,238 - INFO - 数据库初始化完成
2025-08-20 08:08:25,238 - INFO - 处理进度 [3466/11571]: sh601318
2025-08-20 08:08:25,375 - WARNING - 股票 sh515710 不存在于观察池中
2025-08-20 08:08:25,376 - INFO - 处理进度 [3467/11571]: sh515710
2025-08-20 08:08:25,377 - INFO - 数据库初始化完成
2025-08-20 08:08:54,887 - WARNING - 股票 sh688613 不存在于观察池中
2025-08-20 08:08:54,887 - INFO - 处理进度 [3468/11571]: sh688613
2025-08-20 08:08:54,888 - INFO - 数据库初始化完成
2025-08-20 08:08:58,528 - WARNING - 股票 sh880017 不存在于观察池中
2025-08-20 08:08:58,529 - INFO - 数据库初始化完成
2025-08-20 08:08:58,530 - INFO - 处理进度 [3469/11571]: sh880017
2025-08-20 08:09:05,651 - WARNING - 差分进化优化失败，使用默认参数
2025-08-20 08:09:05,651 - ERROR - sh881366 参数优化失败，使用默认参数回退
2025-08-20 08:09:05,665 - WARNING - 股票 sh881366 不存在于观察池中
2025-08-20 08:09:05,665 - INFO - 处理进度 [3470/11571]: sh881366
2025-08-20 08:09:05,665 - INFO - 数据库初始化完成
2025-08-20 08:09:26,077 - WARNING - 股票 sh881302 不存在于观察池中
2025-08-20 08:09:26,078 - INFO - 数据库初始化完成
2025-08-20 08:09:26,078 - INFO - 处理进度 [3471/11571]: sh881302
2025-08-20 08:09:41,427 - WARNING - 股票 sh600927 不存在于观察池中
2025-08-20 08:09:41,428 - INFO - 处理进度 [3472/11571]: sh600927
2025-08-20 08:09:41,428 - INFO - 数据库初始化完成
2025-08-20 08:09:45,271 - WARNING - 股票 sh881057 不存在于观察池中
2025-08-20 08:09:45,271 - INFO - 数据库初始化完成
2025-08-20 08:09:45,272 - INFO - 处理进度 [3473/11571]: sh881057
2025-08-20 08:10:04,878 - WARNING - 股票 sh605167 不存在于观察池中
2025-08-20 08:10:04,879 - INFO - 数据库初始化完成
2025-08-20 08:10:04,879 - INFO - 处理进度 [3474/11571]: sh605167
2025-08-20 08:10:12,353 - WARNING - 股票 sh511380 不存在于观察池中
2025-08-20 08:10:12,354 - INFO - 处理进度 [3475/11571]: sh511380
2025-08-20 08:10:12,354 - INFO - 数据库初始化完成
2025-08-20 08:10:20,327 - WARNING - 股票 sh113657 不存在于观察池中
2025-08-20 08:10:20,328 - INFO - 数据库初始化完成
2025-08-20 08:10:20,331 - INFO - 处理进度 [3476/11571]: sh113657
2025-08-20 08:10:25,498 - WARNING - 股票 sh881168 不存在于观察池中
2025-08-20 08:10:25,498 - INFO - 处理进度 [3477/11571]: sh881168
2025-08-20 08:10:25,499 - INFO - 数据库初始化完成
2025-08-20 08:10:28,445 - WARNING - 股票 sh601777 不存在于观察池中
2025-08-20 08:10:28,445 - INFO - 处理进度 [3478/11571]: sh601777
2025-08-20 08:10:28,446 - INFO - 数据库初始化完成
2025-08-20 08:10:44,589 - WARNING - 股票 sh516820 不存在于观察池中
2025-08-20 08:10:44,589 - INFO - 处理进度 [3479/11571]: sh516820
2025-08-20 08:10:44,590 - INFO - 数据库初始化完成
2025-08-20 08:10:53,008 - WARNING - 股票 sh501079 不存在于观察池中
2025-08-20 08:10:53,008 - INFO - 处理进度 [3480/11571]: sh501079
2025-08-20 08:10:53,009 - INFO - 数据库初始化完成
2025-08-20 08:11:26,056 - WARNING - 股票 sh510100 不存在于观察池中
2025-08-20 08:11:26,057 - INFO - 数据库初始化完成
2025-08-20 08:11:26,057 - INFO - 处理进度 [3481/11571]: sh510100
2025-08-20 08:11:56,357 - WARNING - 股票 sh880513 不存在于观察池中
2025-08-20 08:11:56,358 - INFO - 处理进度 [3482/11571]: sh880513
2025-08-20 08:11:56,358 - INFO - 数据库初始化完成
2025-08-20 08:11:57,357 - WARNING - 股票 sh688665 不存在于观察池中
2025-08-20 08:11:57,358 - INFO - 数据库初始化完成
2025-08-20 08:11:57,358 - INFO - 处理进度 [3483/11571]: sh688665
2025-08-20 08:12:05,093 - WARNING - 股票 sh688197 不存在于观察池中
2025-08-20 08:12:05,094 - INFO - 数据库初始化完成
2025-08-20 08:12:05,094 - INFO - 处理进度 [3484/11571]: sh688197
2025-08-20 08:12:14,756 - WARNING - 股票 sh600693 不存在于观察池中
2025-08-20 08:12:14,756 - INFO - 处理进度 [3485/11571]: sh600693
2025-08-20 08:12:14,756 - INFO - 数据库初始化完成
2025-08-20 08:12:30,968 - WARNING - 股票 sh511880 不存在于观察池中
2025-08-20 08:12:30,969 - INFO - 数据库初始化完成
2025-08-20 08:12:30,969 - INFO - 处理进度 [3486/11571]: sh511880
2025-08-20 08:12:41,366 - WARNING - 股票 sh900906 不存在于观察池中
2025-08-20 08:12:41,366 - INFO - 处理进度 [3487/11571]: sh900906
2025-08-20 08:12:41,367 - INFO - 数据库初始化完成
2025-08-20 08:12:42,134 - WARNING - 股票 sh600719 不存在于观察池中
2025-08-20 08:12:42,135 - INFO - 数据库初始化完成
2025-08-20 08:12:42,135 - INFO - 处理进度 [3488/11571]: sh600719
2025-08-20 08:13:49,117 - WARNING - 股票 sh880593 不存在于观察池中
2025-08-20 08:13:49,118 - INFO - 数据库初始化完成
2025-08-20 08:13:49,119 - INFO - 处理进度 [3489/11571]: sh880593
2025-08-20 08:14:11,083 - WARNING - 股票 sh600889 不存在于观察池中
2025-08-20 08:14:11,084 - INFO - 处理进度 [3490/11571]: sh600889
2025-08-20 08:14:11,084 - INFO - 数据库初始化完成
2025-08-20 08:14:15,465 - WARNING - 股票 sh600690 不存在于观察池中
2025-08-20 08:14:15,466 - INFO - 数据库初始化完成
2025-08-20 08:14:15,466 - INFO - 处理进度 [3491/11571]: sh600690
2025-08-20 08:14:21,757 - WARNING - 股票 sh110076 不存在于观察池中
2025-08-20 08:14:21,758 - INFO - 数据库初始化完成
2025-08-20 08:14:21,758 - INFO - 处理进度 [3492/11571]: sh110076
2025-08-20 08:14:24,606 - WARNING - 股票 sh603200 不存在于观察池中
2025-08-20 08:14:24,607 - INFO - 处理进度 [3493/11571]: sh603200
2025-08-20 08:14:24,608 - INFO - 数据库初始化完成
2025-08-20 08:14:24,620 - WARNING - sh563050 数据不足 (少于250天)，无法生成画像
2025-08-20 08:14:24,620 - INFO - 数据库初始化完成
2025-08-20 08:14:24,621 - INFO - 处理进度 [3494/11571]: sh563050
2025-08-20 08:15:16,236 - WARNING - 股票 sh603063 不存在于观察池中
2025-08-20 08:15:16,244 - INFO - 处理进度 [3495/11571]: sh603063
2025-08-20 08:15:16,244 - INFO - 数据库初始化完成
2025-08-20 08:15:52,532 - WARNING - 股票 sh688496 不存在于观察池中
2025-08-20 08:15:52,533 - INFO - 数据库初始化完成
2025-08-20 08:15:52,534 - INFO - 处理进度 [3496/11571]: sh688496
2025-08-20 08:16:01,144 - WARNING - 差分进化优化失败，使用默认参数
2025-08-20 08:16:01,144 - ERROR - sh600302 参数优化失败，使用默认参数回退
2025-08-20 08:16:01,158 - WARNING - 股票 sh600302 不存在于观察池中
2025-08-20 08:16:01,159 - INFO - 处理进度 [3497/11571]: sh600302
2025-08-20 08:16:01,159 - INFO - 数据库初始化完成
2025-08-20 08:16:06,620 - WARNING - 股票 sh600051 不存在于观察池中
2025-08-20 08:16:06,621 - INFO - 数据库初始化完成
2025-08-20 08:16:06,622 - INFO - 处理进度 [3498/11571]: sh600051
2025-08-20 08:16:11,534 - WARNING - 股票 sh600965 不存在于观察池中
2025-08-20 08:16:11,534 - INFO - 处理进度 [3499/11571]: sh600965
2025-08-20 08:16:11,535 - INFO - 数据库初始化完成
2025-08-20 08:16:21,177 - WARNING - 差分进化优化失败，使用默认参数
2025-08-20 08:16:21,178 - ERROR - sh515060 参数优化失败，使用默认参数回退
2025-08-20 08:16:21,191 - WARNING - 股票 sh515060 不存在于观察池中
2025-08-20 08:16:21,192 - INFO - 数据库初始化完成
2025-08-20 08:16:21,192 - INFO - 处理进度 [3500/11571]: sh515060
2025-08-20 08:16:42,959 - WARNING - 股票 sh881115 不存在于观察池中
2025-08-20 08:16:42,960 - INFO - 处理进度 [3501/11571]: sh881115
2025-08-20 08:16:42,960 - INFO - 数据库初始化完成
2025-08-20 08:16:44,372 - WARNING - 股票 sh880959 不存在于观察池中
2025-08-20 08:16:44,373 - INFO - 数据库初始化完成
2025-08-20 08:16:44,373 - INFO - 处理进度 [3502/11571]: sh880959
2025-08-20 08:16:47,933 - WARNING - 股票 sh880885 不存在于观察池中
2025-08-20 08:16:47,934 - INFO - 数据库初始化完成
2025-08-20 08:16:47,934 - INFO - 处理进度 [3503/11571]: sh880885
2025-08-20 08:17:01,316 - WARNING - 股票 sh881081 不存在于观察池中
2025-08-20 08:17:01,317 - INFO - 数据库初始化完成
2025-08-20 08:17:01,318 - INFO - 处理进度 [3504/11571]: sh881081
2025-08-20 08:17:35,153 - WARNING - 股票 sh601975 不存在于观察池中
2025-08-20 08:17:35,162 - INFO - 处理进度 [3505/11571]: sh601975
2025-08-20 08:17:35,162 - INFO - 数据库初始化完成
2025-08-20 08:17:42,512 - WARNING - 股票 sh513300 不存在于观察池中
2025-08-20 08:17:42,513 - INFO - 数据库初始化完成
2025-08-20 08:17:42,513 - INFO - 处理进度 [3506/11571]: sh513300
2025-08-20 08:17:55,225 - WARNING - 股票 sh605180 不存在于观察池中
2025-08-20 08:17:55,226 - INFO - 数据库初始化完成
2025-08-20 08:17:55,227 - INFO - 处理进度 [3507/11571]: sh605180
2025-08-20 08:17:56,473 - WARNING - 股票 sh880656 不存在于观察池中
2025-08-20 08:17:56,474 - INFO - 处理进度 [3508/11571]: sh880656
2025-08-20 08:17:56,474 - INFO - 数据库初始化完成
2025-08-20 08:17:56,487 - WARNING - sh561570 数据不足 (少于250天)，无法生成画像
2025-08-20 08:17:56,488 - INFO - 数据库初始化完成
2025-08-20 08:17:56,488 - INFO - 处理进度 [3509/11571]: sh561570
2025-08-20 08:18:31,810 - WARNING - 差分进化优化失败，使用默认参数
2025-08-20 08:18:31,810 - ERROR - sh600917 参数优化失败，使用默认参数回退
2025-08-20 08:18:31,823 - WARNING - 股票 sh600917 不存在于观察池中
2025-08-20 08:18:31,824 - INFO - 数据库初始化完成
2025-08-20 08:18:31,824 - INFO - 处理进度 [3510/11571]: sh600917
2025-08-20 08:19:03,139 - WARNING - 股票 sh880559 不存在于观察池中
2025-08-20 08:19:03,140 - INFO - 数据库初始化完成
2025-08-20 08:19:03,142 - INFO - 处理进度 [3511/11571]: sh880559
2025-08-20 08:19:06,602 - WARNING - 股票 sh900947 不存在于观察池中
2025-08-20 08:19:06,603 - INFO - 数据库初始化完成
2025-08-20 08:19:06,603 - INFO - 处理进度 [3512/11571]: sh900947
2025-08-20 08:19:33,499 - WARNING - 股票 sh600299 不存在于观察池中
2025-08-20 08:19:33,500 - INFO - 数据库初始化完成
2025-08-20 08:19:33,500 - INFO - 处理进度 [3513/11571]: sh600299
2025-08-20 08:19:53,689 - WARNING - 股票 sh603693 不存在于观察池中
2025-08-20 08:19:53,690 - INFO - 处理进度 [3514/11571]: sh603693
2025-08-20 08:19:53,690 - INFO - 数据库初始化完成
2025-08-20 08:20:04,515 - WARNING - 股票 sh881051 不存在于观察池中
2025-08-20 08:20:04,541 - INFO - 数据库初始化完成
2025-08-20 08:20:04,542 - INFO - 处理进度 [3515/11571]: sh881051
2025-08-20 08:20:11,769 - WARNING - 股票 sh880375 不存在于观察池中
2025-08-20 08:20:11,770 - INFO - 处理进度 [3516/11571]: sh880375
2025-08-20 08:20:11,770 - INFO - 数据库初始化完成
2025-08-20 08:20:53,051 - WARNING - 股票 sh880610 不存在于观察池中
2025-08-20 08:20:53,052 - INFO - 数据库初始化完成
2025-08-20 08:20:53,052 - INFO - 处理进度 [3517/11571]: sh880610
2025-08-20 08:20:53,258 - WARNING - 股票 sh512200 不存在于观察池中
2025-08-20 08:20:53,259 - INFO - 数据库初始化完成
2025-08-20 08:20:53,259 - INFO - 处理进度 [3518/11571]: sh512200
2025-08-20 08:20:58,198 - WARNING - 差分进化优化失败，使用默认参数
2025-08-20 08:20:58,198 - ERROR - sh603399 参数优化失败，使用默认参数回退
2025-08-20 08:20:58,212 - WARNING - 股票 sh603399 不存在于观察池中
2025-08-20 08:20:58,213 - INFO - 数据库初始化完成
2025-08-20 08:20:58,213 - INFO - 处理进度 [3519/11571]: sh603399
2025-08-20 08:21:01,065 - WARNING - 股票 sh689009 不存在于观察池中
2025-08-20 08:21:01,066 - INFO - 数据库初始化完成
2025-08-20 08:21:01,066 - INFO - 处理进度 [3520/11571]: sh689009
2025-08-20 08:21:14,225 - WARNING - 股票 sh601700 不存在于观察池中
2025-08-20 08:21:14,226 - INFO - 处理进度 [3521/11571]: sh601700
2025-08-20 08:21:14,226 - INFO - 数据库初始化完成
2025-08-20 08:21:14,263 - WARNING - sh513350 数据不足 (少于250天)，无法生成画像
2025-08-20 08:21:14,264 - INFO - 数据库初始化完成
2025-08-20 08:21:14,265 - INFO - 处理进度 [3522/11571]: sh513350
2025-08-20 08:21:22,764 - WARNING - 股票 sh600985 不存在于观察池中
2025-08-20 08:21:22,765 - INFO - 处理进度 [3523/11571]: sh600985
2025-08-20 08:21:22,765 - INFO - 数据库初始化完成
2025-08-20 08:21:36,123 - WARNING - 股票 sh881337 不存在于观察池中
2025-08-20 08:21:36,124 - INFO - 数据库初始化完成
2025-08-20 08:21:36,124 - INFO - 处理进度 [3524/11571]: sh881337
2025-08-20 08:21:39,554 - WARNING - 股票 sh601857 不存在于观察池中
2025-08-20 08:21:39,554 - INFO - 处理进度 [3525/11571]: sh601857
2025-08-20 08:21:39,554 - INFO - 数据库初始化完成
2025-08-20 08:22:00,305 - WARNING - 差分进化优化失败，使用默认参数
2025-08-20 08:22:00,306 - ERROR - sh605228 参数优化失败，使用默认参数回退
2025-08-20 08:22:00,319 - WARNING - 股票 sh605228 不存在于观察池中
2025-08-20 08:22:00,320 - INFO - 处理进度 [3526/11571]: sh605228
2025-08-20 08:22:00,320 - INFO - 数据库初始化完成
2025-08-20 08:22:08,068 - WARNING - 股票 sh515880 不存在于观察池中
2025-08-20 08:22:08,068 - INFO - 数据库初始化完成
2025-08-20 08:22:08,070 - INFO - 处理进度 [3527/11571]: sh515880
2025-08-20 08:22:16,733 - WARNING - 股票 sh880787 不存在于观察池中
2025-08-20 08:22:16,733 - INFO - 处理进度 [3528/11571]: sh880787
2025-08-20 08:22:16,734 - INFO - 数据库初始化完成
2025-08-20 08:22:31,293 - WARNING - 股票 sh600796 不存在于观察池中
2025-08-20 08:22:31,294 - INFO - 处理进度 [3529/11571]: sh600796
2025-08-20 08:22:31,294 - INFO - 数据库初始化完成
2025-08-20 08:22:34,090 - WARNING - 股票 sh600269 不存在于观察池中
2025-08-20 08:22:34,090 - INFO - 处理进度 [3530/11571]: sh600269
2025-08-20 08:22:34,091 - INFO - 数据库初始化完成
2025-08-20 08:23:01,963 - WARNING - 股票 sh600218 不存在于观察池中
2025-08-20 08:23:01,963 - INFO - 处理进度 [3531/11571]: sh600218
2025-08-20 08:23:01,964 - INFO - 数据库初始化完成
2025-08-20 08:23:02,071 - WARNING - 差分进化优化失败，使用默认参数
2025-08-20 08:23:02,072 - ERROR - sh600619 参数优化失败，使用默认参数回退
2025-08-20 08:23:02,086 - WARNING - 股票 sh600619 不存在于观察池中
2025-08-20 08:23:02,087 - INFO - 处理进度 [3532/11571]: sh600619
2025-08-20 08:23:02,087 - INFO - 数据库初始化完成
2025-08-20 08:23:05,471 - WARNING - 差分进化优化失败，使用默认参数
2025-08-20 08:23:05,471 - ERROR - sh603489 参数优化失败，使用默认参数回退
2025-08-20 08:23:05,484 - WARNING - 股票 sh603489 不存在于观察池中
2025-08-20 08:23:05,485 - INFO - 数据库初始化完成
2025-08-20 08:23:05,485 - INFO - 处理进度 [3533/11571]: sh603489
2025-08-20 08:24:03,733 - WARNING - 股票 sh600331 不存在于观察池中
2025-08-20 08:24:03,734 - INFO - 处理进度 [3534/11571]: sh600331
2025-08-20 08:24:03,734 - INFO - 数据库初始化完成
2025-08-20 08:24:25,016 - WARNING - 股票 sh600791 不存在于观察池中
2025-08-20 08:24:25,016 - INFO - 数据库初始化完成
2025-08-20 08:24:25,017 - INFO - 处理进度 [3535/11571]: sh600791
2025-08-20 08:24:39,607 - WARNING - 股票 sh600820 不存在于观察池中
2025-08-20 08:24:39,608 - INFO - 数据库初始化完成
2025-08-20 08:24:39,608 - INFO - 处理进度 [3536/11571]: sh600820
2025-08-20 08:24:40,021 - WARNING - 股票 sh113654 不存在于观察池中
2025-08-20 08:24:40,022 - INFO - 处理进度 [3537/11571]: sh113654
2025-08-20 08:24:40,022 - INFO - 数据库初始化完成
2025-08-20 08:24:51,760 - WARNING - 股票 sh113647 不存在于观察池中
2025-08-20 08:24:51,761 - INFO - 数据库初始化完成
2025-08-20 08:24:51,764 - INFO - 处理进度 [3538/11571]: sh113647
2025-08-20 08:25:27,861 - WARNING - 股票 sh561130 不存在于观察池中
2025-08-20 08:25:27,862 - INFO - 数据库初始化完成
2025-08-20 08:25:27,862 - INFO - 处理进度 [3539/11571]: sh561130
2025-08-20 08:25:27,877 - WARNING - sh880078 数据不足 (少于250天)，无法生成画像
2025-08-20 08:25:27,878 - INFO - 数据库初始化完成
2025-08-20 08:25:27,879 - INFO - 处理进度 [3540/11571]: sh880078
2025-08-20 08:26:02,062 - WARNING - 股票 sh588390 不存在于观察池中
2025-08-20 08:26:02,063 - INFO - 数据库初始化完成
2025-08-20 08:26:02,063 - INFO - 处理进度 [3541/11571]: sh588390
2025-08-20 08:26:36,460 - WARNING - 股票 sh601058 不存在于观察池中
2025-08-20 08:26:36,461 - INFO - 处理进度 [3542/11571]: sh601058
2025-08-20 08:26:36,461 - INFO - 数据库初始化完成
2025-08-20 08:26:41,041 - WARNING - 股票 sh881072 不存在于观察池中
2025-08-20 08:26:41,042 - INFO - 数据库初始化完成
2025-08-20 08:26:41,042 - INFO - 处理进度 [3543/11571]: sh881072
2025-08-20 08:26:46,396 - WARNING - 股票 sh881149 不存在于观察池中
2025-08-20 08:26:46,396 - INFO - 数据库初始化完成
2025-08-20 08:26:46,398 - INFO - 处理进度 [3544/11571]: sh881149
2025-08-20 08:26:46,939 - WARNING - 股票 sh600938 不存在于观察池中
2025-08-20 08:26:46,940 - INFO - 数据库初始化完成
2025-08-20 08:26:46,940 - INFO - 处理进度 [3545/11571]: sh600938
2025-08-20 08:26:51,450 - WARNING - 差分进化优化失败，使用默认参数
2025-08-20 08:26:51,451 - ERROR - sh881340 参数优化失败，使用默认参数回退
2025-08-20 08:26:51,464 - WARNING - 股票 sh881340 不存在于观察池中
2025-08-20 08:26:51,465 - INFO - 数据库初始化完成
2025-08-20 08:26:51,465 - INFO - 处理进度 [3546/11571]: sh881340
2025-08-20 08:27:03,607 - WARNING - 股票 sh688081 不存在于观察池中
2025-08-20 08:27:03,608 - INFO - 处理进度 [3547/11571]: sh688081
2025-08-20 08:27:03,608 - INFO - 数据库初始化完成
2025-08-20 08:27:08,566 - WARNING - 股票 sh881165 不存在于观察池中
2025-08-20 08:27:08,567 - INFO - 数据库初始化完成
2025-08-20 08:27:08,567 - INFO - 处理进度 [3548/11571]: sh881165
2025-08-20 08:27:28,200 - WARNING - 股票 sh600939 不存在于观察池中
2025-08-20 08:27:28,201 - INFO - 数据库初始化完成
2025-08-20 08:27:28,201 - INFO - 处理进度 [3549/11571]: sh600939
2025-08-20 08:28:48,944 - WARNING - 股票 sh516670 不存在于观察池中
2025-08-20 08:28:48,945 - INFO - 数据库初始化完成
2025-08-20 08:28:48,946 - INFO - 处理进度 [3550/11571]: sh516670
2025-08-20 08:29:33,378 - WARNING - 股票 sh881134 不存在于观察池中
2025-08-20 08:29:33,379 - INFO - 数据库初始化完成
2025-08-20 08:29:33,379 - INFO - 处理进度 [3551/11571]: sh881134
2025-08-20 08:29:33,945 - WARNING - 股票 sh688711 不存在于观察池中
2025-08-20 08:29:33,946 - INFO - 数据库初始化完成
2025-08-20 08:29:33,946 - INFO - 处理进度 [3552/11571]: sh688711
2025-08-20 08:29:38,803 - WARNING - 股票 sh600612 不存在于观察池中
2025-08-20 08:29:38,804 - INFO - 数据库初始化完成
2025-08-20 08:29:38,804 - INFO - 处理进度 [3553/11571]: sh600612
2025-08-20 08:29:49,516 - WARNING - 股票 sh881154 不存在于观察池中
2025-08-20 08:29:49,517 - INFO - 数据库初始化完成
2025-08-20 08:29:49,518 - INFO - 处理进度 [3554/11571]: sh881154
2025-08-20 08:30:02,549 - WARNING - 股票 sh688385 不存在于观察池中
2025-08-20 08:30:02,550 - INFO - 处理进度 [3555/11571]: sh688385
2025-08-20 08:30:02,550 - INFO - 数据库初始化完成
2025-08-20 08:30:05,282 - WARNING - 股票 sh600844 不存在于观察池中
2025-08-20 08:30:05,283 - INFO - 数据库初始化完成
2025-08-20 08:30:05,283 - INFO - 处理进度 [3556/11571]: sh600844
2025-08-20 08:30:05,915 - WARNING - 股票 sh588350 不存在于观察池中
2025-08-20 08:30:05,916 - INFO - 处理进度 [3557/11571]: sh588350
2025-08-20 08:30:05,916 - INFO - 数据库初始化完成
2025-08-20 08:30:13,346 - WARNING - 股票 sh603558 不存在于观察池中
2025-08-20 08:30:13,346 - INFO - 数据库初始化完成
2025-08-20 08:30:13,347 - INFO - 处理进度 [3558/11571]: sh603558
2025-08-20 08:30:22,698 - WARNING - 股票 sh516660 不存在于观察池中
2025-08-20 08:30:22,699 - INFO - 处理进度 [3559/11571]: sh516660
2025-08-20 08:30:22,699 - INFO - 数据库初始化完成
2025-08-20 08:30:29,881 - WARNING - 股票 sh603112 不存在于观察池中
2025-08-20 08:30:29,882 - INFO - 数据库初始化完成
2025-08-20 08:30:29,883 - INFO - 处理进度 [3560/11571]: sh603112
2025-08-20 08:30:48,154 - WARNING - 差分进化优化失败，使用默认参数
2025-08-20 08:30:48,154 - ERROR - sh605118 参数优化失败，使用默认参数回退
2025-08-20 08:30:48,168 - WARNING - 股票 sh605118 不存在于观察池中
2025-08-20 08:30:48,169 - INFO - 处理进度 [3561/11571]: sh605118
2025-08-20 08:30:48,170 - INFO - 数据库初始化完成
2025-08-20 08:30:48,171 - WARNING - sh508085 数据不足 (少于250天)，无法生成画像
2025-08-20 08:30:48,172 - INFO - 数据库初始化完成
2025-08-20 08:30:48,172 - INFO - 处理进度 [3562/11571]: sh508085
2025-08-20 08:30:48,184 - WARNING - sh111019 数据不足 (少于250天)，无法生成画像
2025-08-20 08:30:48,184 - INFO - 处理进度 [3563/11571]: sh111019
2025-08-20 08:30:48,184 - INFO - 数据库初始化完成
2025-08-20 08:30:48,794 - WARNING - 差分进化优化失败，使用默认参数
2025-08-20 08:30:48,794 - ERROR - sh880894 参数优化失败，使用默认参数回退
2025-08-20 08:30:48,815 - WARNING - 股票 sh880894 不存在于观察池中
2025-08-20 08:30:48,816 - INFO - 处理进度 [3564/11571]: sh880894
2025-08-20 08:30:48,816 - INFO - 数据库初始化完成
2025-08-20 08:31:05,428 - WARNING - 股票 sh600023 不存在于观察池中
2025-08-20 08:31:05,429 - INFO - 数据库初始化完成
2025-08-20 08:31:05,430 - INFO - 处理进度 [3565/11571]: sh600023
2025-08-20 08:31:11,706 - WARNING - 股票 sh688399 不存在于观察池中
2025-08-20 08:31:11,707 - INFO - 数据库初始化完成
2025-08-20 08:31:11,707 - INFO - 处理进度 [3566/11571]: sh688399
2025-08-20 08:31:36,012 - WARNING - 差分进化优化失败，使用默认参数
2025-08-20 08:31:36,013 - ERROR - sh600727 参数优化失败，使用默认参数回退
2025-08-20 08:31:36,026 - WARNING - 股票 sh600727 不存在于观察池中
2025-08-20 08:31:36,027 - INFO - 数据库初始化完成
2025-08-20 08:31:36,029 - INFO - 处理进度 [3567/11571]: sh600727
2025-08-20 08:31:51,687 - WARNING - 股票 sh603787 不存在于观察池中
2025-08-20 08:31:51,687 - INFO - 处理进度 [3568/11571]: sh603787
2025-08-20 08:31:51,688 - INFO - 数据库初始化完成
2025-08-20 08:31:51,689 - WARNING - sh588270 数据不足 (少于250天)，无法生成画像
2025-08-20 08:31:51,690 - INFO - 处理进度 [3569/11571]: sh588270
2025-08-20 08:31:51,690 - INFO - 数据库初始化完成
2025-08-20 08:31:56,549 - WARNING - 股票 sh881137 不存在于观察池中
2025-08-20 08:31:56,550 - INFO - 处理进度 [3570/11571]: sh881137
2025-08-20 08:31:56,551 - INFO - 数据库初始化完成
2025-08-20 08:31:58,652 - WARNING - 股票 sh603190 不存在于观察池中
2025-08-20 08:31:58,653 - INFO - 处理进度 [3571/11571]: sh603190
2025-08-20 08:31:58,654 - INFO - 数据库初始化完成
2025-08-20 08:32:05,665 - WARNING - 股票 sh880326 不存在于观察池中
2025-08-20 08:32:05,666 - INFO - 数据库初始化完成
2025-08-20 08:32:05,666 - INFO - 处理进度 [3572/11571]: sh880326
2025-08-20 08:32:29,792 - WARNING - 股票 sh113542 不存在于观察池中
2025-08-20 08:32:29,793 - INFO - 数据库初始化完成
2025-08-20 08:32:29,794 - INFO - 处理进度 [3573/11571]: sh113542
2025-08-20 08:33:10,208 - WARNING - 股票 sh603937 不存在于观察池中
2025-08-20 08:33:10,209 - INFO - 数据库初始化完成
2025-08-20 08:33:10,209 - INFO - 处理进度 [3574/11571]: sh603937
2025-08-20 08:33:29,112 - WARNING - 股票 sh880007 不存在于观察池中
2025-08-20 08:33:29,112 - INFO - 处理进度 [3575/11571]: sh880007
2025-08-20 08:33:29,113 - INFO - 数据库初始化完成
2025-08-20 08:34:25,414 - WARNING - 股票 sh600488 不存在于观察池中
2025-08-20 08:34:25,415 - INFO - 数据库初始化完成
2025-08-20 08:34:25,415 - INFO - 处理进度 [3576/11571]: sh600488
2025-08-20 08:34:38,339 - WARNING - 股票 sh881304 不存在于观察池中
2025-08-20 08:34:38,340 - INFO - 处理进度 [3577/11571]: sh881304
2025-08-20 08:34:38,341 - INFO - 数据库初始化完成
2025-08-20 08:34:44,640 - WARNING - 股票 sh501088 不存在于观察池中
2025-08-20 08:34:44,641 - INFO - 数据库初始化完成
2025-08-20 08:34:44,641 - INFO - 处理进度 [3578/11571]: sh501088
2025-08-20 08:34:55,088 - WARNING - 股票 sh600117 不存在于观察池中
2025-08-20 08:34:55,089 - INFO - 数据库初始化完成
2025-08-20 08:34:55,089 - INFO - 处理进度 [3579/11571]: sh600117
2025-08-20 08:35:00,199 - WARNING - 股票 sh688322 不存在于观察池中
2025-08-20 08:35:00,200 - INFO - 数据库初始化完成
2025-08-20 08:35:00,200 - INFO - 处理进度 [3580/11571]: sh688322
2025-08-20 08:35:00,872 - WARNING - 差分进化优化失败，使用默认参数
2025-08-20 08:35:00,880 - ERROR - sh603992 参数优化失败，使用默认参数回退
2025-08-20 08:35:00,893 - WARNING - 股票 sh603992 不存在于观察池中
2025-08-20 08:35:00,894 - INFO - 数据库初始化完成
2025-08-20 08:35:00,895 - INFO - 处理进度 [3581/11571]: sh603992
2025-08-20 08:35:41,089 - WARNING - 股票 sh880310 不存在于观察池中
2025-08-20 08:35:41,090 - INFO - 处理进度 [3582/11571]: sh880310
2025-08-20 08:35:41,090 - INFO - 数据库初始化完成
2025-08-20 08:35:44,001 - WARNING - 股票 sh600808 不存在于观察池中
2025-08-20 08:35:44,002 - INFO - 数据库初始化完成
2025-08-20 08:35:44,002 - INFO - 处理进度 [3583/11571]: sh600808
2025-08-20 08:35:44,213 - WARNING - 股票 sh688618 不存在于观察池中
2025-08-20 08:35:44,213 - INFO - 数据库初始化完成
2025-08-20 08:35:44,214 - INFO - 处理进度 [3584/11571]: sh688618
2025-08-20 08:36:13,027 - WARNING - 股票 sh688108 不存在于观察池中
2025-08-20 08:36:13,029 - INFO - 数据库初始化完成
2025-08-20 08:36:13,029 - INFO - 处理进度 [3585/11571]: sh688108
2025-08-20 08:36:27,267 - WARNING - 差分进化优化失败，使用默认参数
2025-08-20 08:36:27,268 - ERROR - sh605086 参数优化失败，使用默认参数回退
2025-08-20 08:36:27,278 - WARNING - 股票 sh605086 不存在于观察池中
2025-08-20 08:36:27,278 - INFO - 处理进度 [3586/11571]: sh605086
2025-08-20 08:36:27,279 - INFO - 数据库初始化完成
2025-08-20 08:36:46,904 - WARNING - 差分进化优化失败，使用默认参数
2025-08-20 08:36:46,904 - ERROR - sh881351 参数优化失败，使用默认参数回退
2025-08-20 08:36:46,918 - WARNING - 股票 sh881351 不存在于观察池中
2025-08-20 08:36:46,919 - INFO - 处理进度 [3587/11571]: sh881351
2025-08-20 08:36:46,919 - INFO - 数据库初始化完成
2025-08-20 08:37:00,492 - WARNING - 股票 sh881477 不存在于观察池中
2025-08-20 08:37:00,493 - INFO - 数据库初始化完成
2025-08-20 08:37:00,493 - INFO - 处理进度 [3588/11571]: sh881477
2025-08-20 08:37:03,209 - WARNING - 股票 sh603567 不存在于观察池中
2025-08-20 08:37:03,210 - INFO - 处理进度 [3589/11571]: sh603567
2025-08-20 08:37:03,210 - INFO - 数据库初始化完成
2025-08-20 08:37:15,016 - WARNING - 股票 sh516560 不存在于观察池中
2025-08-20 08:37:15,024 - INFO - 数据库初始化完成
2025-08-20 08:37:15,025 - INFO - 处理进度 [3590/11571]: sh516560
2025-08-20 08:37:17,642 - WARNING - 股票 sh881359 不存在于观察池中
2025-08-20 08:37:17,643 - INFO - 数据库初始化完成
2025-08-20 08:37:17,644 - INFO - 处理进度 [3591/11571]: sh881359
2025-08-20 08:37:45,313 - WARNING - 股票 sh880805 不存在于观察池中
2025-08-20 08:37:45,314 - INFO - 数据库初始化完成
2025-08-20 08:37:45,314 - INFO - 处理进度 [3592/11571]: sh880805
2025-08-20 08:38:08,644 - WARNING - 股票 sh900918 不存在于观察池中
2025-08-20 08:38:08,645 - INFO - 数据库初始化完成
2025-08-20 08:38:08,646 - INFO - 处理进度 [3593/11571]: sh900918
2025-08-20 08:38:14,463 - WARNING - 股票 sh561900 不存在于观察池中
2025-08-20 08:38:14,464 - INFO - 数据库初始化完成
2025-08-20 08:38:14,464 - INFO - 处理进度 [3594/11571]: sh561900
2025-08-20 08:38:15,458 - WARNING - 股票 sh511810 不存在于观察池中
2025-08-20 08:38:15,459 - INFO - 数据库初始化完成
2025-08-20 08:38:15,459 - INFO - 处理进度 [3595/11571]: sh511810
2025-08-20 08:38:15,472 - WARNING - sh520700 数据不足 (少于250天)，无法生成画像
2025-08-20 08:38:15,473 - INFO - 数据库初始化完成
2025-08-20 08:38:15,473 - INFO - 处理进度 [3596/11571]: sh520700
2025-08-20 08:38:53,938 - WARNING - 股票 sh515890 不存在于观察池中
2025-08-20 08:38:53,939 - INFO - 处理进度 [3597/11571]: sh515890
2025-08-20 08:38:53,939 - INFO - 数据库初始化完成
2025-08-20 08:39:05,379 - WARNING - 股票 sh688669 不存在于观察池中
2025-08-20 08:39:05,380 - INFO - 数据库初始化完成
2025-08-20 08:39:05,380 - INFO - 处理进度 [3598/11571]: sh688669
2025-08-20 08:39:10,779 - WARNING - 股票 sh688311 不存在于观察池中
2025-08-20 08:39:10,780 - INFO - 处理进度 [3599/11571]: sh688311
2025-08-20 08:39:10,780 - INFO - 数据库初始化完成
2025-08-20 08:39:48,538 - WARNING - 股票 sh881186 不存在于观察池中
2025-08-20 08:39:48,539 - INFO - 数据库初始化完成
2025-08-20 08:39:48,540 - INFO - 处理进度 [3600/11571]: sh881186
2025-08-20 08:40:33,922 - WARNING - 股票 sh688156 不存在于观察池中
2025-08-20 08:40:33,922 - INFO - 处理进度 [3601/11571]: sh688156
2025-08-20 08:40:33,923 - INFO - 数据库初始化完成
2025-08-20 08:40:35,630 - WARNING - 股票 sh603809 不存在于观察池中
2025-08-20 08:40:35,631 - INFO - 数据库初始化完成
2025-08-20 08:40:35,631 - INFO - 处理进度 [3602/11571]: sh603809
2025-08-20 08:41:05,747 - WARNING - 差分进化优化失败，使用默认参数
2025-08-20 08:41:05,747 - ERROR - sh601658 参数优化失败，使用默认参数回退
2025-08-20 08:41:05,761 - WARNING - 股票 sh601658 不存在于观察池中
2025-08-20 08:41:05,762 - INFO - 数据库初始化完成
2025-08-20 08:41:05,762 - INFO - 处理进度 [3603/11571]: sh601658
2025-08-20 08:41:05,780 - WARNING - sh688602 数据不足 (少于250天)，无法生成画像
2025-08-20 08:41:05,781 - INFO - 数据库初始化完成
2025-08-20 08:41:05,781 - INFO - 处理进度 [3604/11571]: sh688602
2025-08-20 08:41:22,644 - WARNING - 股票 sh603933 不存在于观察池中
2025-08-20 08:41:22,645 - INFO - 数据库初始化完成
2025-08-20 08:41:22,646 - INFO - 处理进度 [3605/11571]: sh603933
2025-08-20 08:41:22,658 - WARNING - sh113690 数据不足 (少于250天)，无法生成画像
2025-08-20 08:41:22,658 - INFO - 处理进度 [3606/11571]: sh113690
2025-08-20 08:41:22,659 - INFO - 数据库初始化完成
2025-08-20 08:41:32,664 - WARNING - 股票 sh881013 不存在于观察池中
2025-08-20 08:41:32,665 - INFO - 处理进度 [3607/11571]: sh881013
2025-08-20 08:41:32,665 - INFO - 数据库初始化完成
2025-08-20 08:41:33,490 - WARNING - 股票 sh603311 不存在于观察池中
2025-08-20 08:41:33,491 - INFO - 数据库初始化完成
2025-08-20 08:41:33,491 - INFO - 处理进度 [3608/11571]: sh603311
2025-08-20 08:41:40,006 - WARNING - 股票 sh688218 不存在于观察池中
2025-08-20 08:41:40,007 - INFO - 数据库初始化完成
2025-08-20 08:41:40,007 - INFO - 处理进度 [3609/11571]: sh688218
2025-08-20 08:42:00,864 - WARNING - 股票 sh688351 不存在于观察池中
2025-08-20 08:42:00,866 - INFO - 数据库初始化完成
2025-08-20 08:42:00,866 - INFO - 处理进度 [3610/11571]: sh688351
2025-08-20 08:42:26,491 - WARNING - 股票 sh501189 不存在于观察池中
2025-08-20 08:42:26,491 - INFO - 处理进度 [3611/11571]: sh501189
2025-08-20 08:42:26,492 - INFO - 数据库初始化完成
2025-08-20 08:42:33,471 - WARNING - 股票 sh880882 不存在于观察池中
2025-08-20 08:42:33,472 - INFO - 数据库初始化完成
2025-08-20 08:42:33,473 - INFO - 处理进度 [3612/11571]: sh880882
2025-08-20 08:42:46,687 - WARNING - 股票 sh880735 不存在于观察池中
2025-08-20 08:42:46,687 - INFO - 数据库初始化完成
2025-08-20 08:42:46,688 - INFO - 处理进度 [3613/11571]: sh880735
2025-08-20 08:42:54,394 - WARNING - 股票 sh880425 不存在于观察池中
2025-08-20 08:42:54,394 - INFO - 处理进度 [3614/11571]: sh880425
2025-08-20 08:42:54,395 - INFO - 数据库初始化完成
2025-08-20 08:42:54,456 - WARNING - 差分进化优化失败，使用默认参数
2025-08-20 08:42:54,456 - ERROR - sh110086 参数优化失败，使用默认参数回退
2025-08-20 08:42:54,470 - WARNING - 股票 sh110086 不存在于观察池中
2025-08-20 08:42:54,472 - INFO - 处理进度 [3615/11571]: sh110086
2025-08-20 08:42:54,472 - INFO - 数据库初始化完成
2025-08-20 08:43:18,093 - WARNING - 股票 sh600663 不存在于观察池中
2025-08-20 08:43:18,094 - INFO - 处理进度 [3616/11571]: sh600663
2025-08-20 08:43:18,094 - INFO - 数据库初始化完成
2025-08-20 08:43:24,481 - WARNING - 股票 sh601607 不存在于观察池中
2025-08-20 08:43:24,482 - INFO - 数据库初始化完成
2025-08-20 08:43:24,483 - INFO - 处理进度 [3617/11571]: sh601607
2025-08-20 08:43:48,633 - WARNING - 股票 sh603356 不存在于观察池中
2025-08-20 08:43:48,634 - INFO - 数据库初始化完成
2025-08-20 08:43:48,634 - INFO - 处理进度 [3618/11571]: sh603356
2025-08-20 08:43:51,496 - WARNING - 股票 sh603655 不存在于观察池中
2025-08-20 08:43:51,497 - INFO - 数据库初始化完成
2025-08-20 08:43:51,497 - INFO - 处理进度 [3619/11571]: sh603655
2025-08-20 08:44:23,042 - WARNING - 股票 sh603778 不存在于观察池中
2025-08-20 08:44:23,042 - INFO - 处理进度 [3620/11571]: sh603778
2025-08-20 08:44:23,043 - INFO - 数据库初始化完成
2025-08-20 08:44:37,402 - WARNING - 股票 sh601288 不存在于观察池中
2025-08-20 08:44:37,403 - INFO - 数据库初始化完成
2025-08-20 08:44:37,403 - INFO - 处理进度 [3621/11571]: sh601288
2025-08-20 08:44:51,554 - WARNING - 股票 sh688273 不存在于观察池中
2025-08-20 08:44:51,554 - INFO - 处理进度 [3622/11571]: sh688273
2025-08-20 08:44:51,555 - INFO - 数据库初始化完成
2025-08-20 08:44:51,570 - WARNING - sh118037 数据不足 (少于250天)，无法生成画像
2025-08-20 08:44:51,570 - INFO - 数据库初始化完成
2025-08-20 08:44:51,571 - INFO - 处理进度 [3623/11571]: sh118037
2025-08-20 08:44:56,063 - WARNING - 股票 sh880753 不存在于观察池中
2025-08-20 08:44:56,064 - INFO - 处理进度 [3624/11571]: sh880753
2025-08-20 08:44:56,064 - INFO - 数据库初始化完成
2025-08-20 08:45:07,212 - WARNING - 股票 sh600982 不存在于观察池中
2025-08-20 08:45:07,213 - INFO - 处理进度 [3625/11571]: sh600982
2025-08-20 08:45:07,213 - INFO - 数据库初始化完成
2025-08-20 08:45:08,132 - WARNING - 差分进化优化失败，使用默认参数
2025-08-20 08:45:08,133 - ERROR - sh600749 参数优化失败，使用默认参数回退
2025-08-20 08:45:08,147 - WARNING - 股票 sh600749 不存在于观察池中
2025-08-20 08:45:08,148 - INFO - 数据库初始化完成
2025-08-20 08:45:08,148 - INFO - 处理进度 [3626/11571]: sh600749
2025-08-20 08:45:42,090 - WARNING - 股票 sh600066 不存在于观察池中
2025-08-20 08:45:42,091 - INFO - 处理进度 [3627/11571]: sh600066
2025-08-20 08:45:42,091 - INFO - 数据库初始化完成
2025-08-20 08:45:57,477 - WARNING - 股票 sh688577 不存在于观察池中
2025-08-20 08:45:57,478 - INFO - 数据库初始化完成
2025-08-20 08:45:57,478 - INFO - 处理进度 [3628/11571]: sh688577
2025-08-20 08:46:07,546 - WARNING - 股票 sh600877 不存在于观察池中
2025-08-20 08:46:07,547 - INFO - 处理进度 [3629/11571]: sh600877
2025-08-20 08:46:07,547 - INFO - 数据库初始化完成
2025-08-20 08:46:42,290 - WARNING - 差分进化优化失败，使用默认参数
2025-08-20 08:46:42,291 - ERROR - sh880599 参数优化失败，使用默认参数回退
2025-08-20 08:46:42,304 - WARNING - 股票 sh880599 不存在于观察池中
2025-08-20 08:46:42,305 - INFO - 处理进度 [3630/11571]: sh880599
2025-08-20 08:46:42,305 - INFO - 数据库初始化完成
2025-08-20 08:46:43,841 - WARNING - 股票 sh881105 不存在于观察池中
2025-08-20 08:46:43,842 - INFO - 数据库初始化完成
2025-08-20 08:46:43,842 - INFO - 处理进度 [3631/11571]: sh881105
2025-08-20 08:46:45,913 - WARNING - 股票 sh600406 不存在于观察池中
2025-08-20 08:46:45,914 - INFO - 处理进度 [3632/11571]: sh600406
2025-08-20 08:46:45,914 - INFO - 数据库初始化完成
2025-08-20 08:47:03,617 - WARNING - 股票 sh560110 不存在于观察池中
2025-08-20 08:47:03,617 - INFO - 数据库初始化完成
2025-08-20 08:47:03,617 - INFO - 处理进度 [3633/11571]: sh560110
2025-08-20 08:47:04,161 - WARNING - 股票 sh512690 不存在于观察池中
2025-08-20 08:47:04,162 - INFO - 数据库初始化完成
2025-08-20 08:47:04,162 - INFO - 处理进度 [3634/11571]: sh512690
2025-08-20 08:47:36,552 - WARNING - 股票 sh881338 不存在于观察池中
2025-08-20 08:47:36,553 - INFO - 数据库初始化完成
2025-08-20 08:47:36,554 - INFO - 处理进度 [3635/11571]: sh881338
2025-08-20 08:47:37,215 - WARNING - 股票 sh688522 不存在于观察池中
2025-08-20 08:47:37,215 - INFO - 处理进度 [3636/11571]: sh688522
2025-08-20 08:47:37,216 - INFO - 数据库初始化完成
2025-08-20 08:47:56,714 - WARNING - 股票 sh603005 不存在于观察池中
2025-08-20 08:47:56,715 - INFO - 数据库初始化完成
2025-08-20 08:47:56,715 - INFO - 处理进度 [3637/11571]: sh603005
2025-08-20 08:48:00,730 - WARNING - 股票 sh603507 不存在于观察池中
2025-08-20 08:48:00,731 - INFO - 处理进度 [3638/11571]: sh603507
2025-08-20 08:48:00,731 - INFO - 数据库初始化完成
2025-08-20 08:48:03,360 - WARNING - 股票 sh601908 不存在于观察池中
2025-08-20 08:48:03,361 - INFO - 数据库初始化完成
2025-08-20 08:48:03,362 - WARNING - sh111023 数据不足 (少于250天)，无法生成画像
2025-08-20 08:48:03,363 - INFO - 数据库初始化完成
2025-08-20 08:48:03,363 - INFO - 处理进度 [3639/11571]: sh601908
2025-08-20 08:48:03,364 - INFO - 处理进度 [3640/11571]: sh111023
2025-08-20 08:48:12,325 - WARNING - 股票 sh688316 不存在于观察池中
2025-08-20 08:48:12,326 - INFO - 处理进度 [3641/11571]: sh688316
2025-08-20 08:48:12,327 - INFO - 数据库初始化完成
2025-08-20 08:48:21,397 - WARNING - 股票 sh603900 不存在于观察池中
2025-08-20 08:48:21,397 - INFO - 处理进度 [3642/11571]: sh603900
2025-08-20 08:48:21,398 - INFO - 数据库初始化完成
2025-08-20 08:49:04,052 - WARNING - 股票 sh510310 不存在于观察池中
2025-08-20 08:49:04,053 - INFO - 处理进度 [3643/11571]: sh510310
2025-08-20 08:49:04,053 - INFO - 数据库初始化完成
2025-08-20 08:49:07,552 - WARNING - 股票 sh605088 不存在于观察池中
2025-08-20 08:49:07,553 - INFO - 处理进度 [3644/11571]: sh605088
2025-08-20 08:49:07,553 - INFO - 数据库初始化完成
2025-08-20 08:49:10,198 - WARNING - 股票 sh880590 不存在于观察池中
2025-08-20 08:49:10,199 - INFO - 处理进度 [3645/11571]: sh880590
2025-08-20 08:49:10,199 - INFO - 数据库初始化完成
2025-08-20 08:49:34,812 - WARNING - 股票 sh600755 不存在于观察池中
2025-08-20 08:49:34,813 - INFO - 数据库初始化完成
2025-08-20 08:49:34,813 - INFO - 处理进度 [3646/11571]: sh600755
2025-08-20 08:50:25,305 - WARNING - 股票 sh999999 不存在于观察池中
2025-08-20 08:50:25,306 - INFO - 处理进度 [3647/11571]: sh999999
2025-08-20 08:50:25,306 - INFO - 数据库初始化完成
2025-08-20 08:50:51,153 - WARNING - 股票 sh880991 不存在于观察池中
2025-08-20 08:50:51,154 - INFO - 数据库初始化完成
2025-08-20 08:50:51,155 - INFO - 处理进度 [3648/11571]: sh880991
2025-08-20 08:50:59,029 - WARNING - 股票 sh512000 不存在于观察池中
2025-08-20 08:50:59,031 - INFO - 数据库初始化完成
2025-08-20 08:50:59,031 - INFO - 处理进度 [3649/11571]: sh512000
2025-08-20 08:51:01,410 - WARNING - 股票 sh600232 不存在于观察池中
2025-08-20 08:51:01,411 - INFO - 数据库初始化完成
2025-08-20 08:51:01,411 - INFO - 处理进度 [3650/11571]: sh600232
2025-08-20 08:51:02,043 - WARNING - 股票 sh880966 不存在于观察池中
2025-08-20 08:51:02,044 - INFO - 数据库初始化完成
2025-08-20 08:51:02,044 - INFO - 处理进度 [3651/11571]: sh880966
2025-08-20 08:51:12,172 - WARNING - 差分进化优化失败，使用默认参数
2025-08-20 08:51:12,172 - ERROR - sh880629 参数优化失败，使用默认参数回退
2025-08-20 08:51:12,186 - WARNING - 股票 sh880629 不存在于观察池中
2025-08-20 08:51:12,187 - INFO - 数据库初始化完成
2025-08-20 08:51:12,187 - INFO - 处理进度 [3652/11571]: sh880629
2025-08-20 08:51:51,241 - WARNING - 股票 sh518680 不存在于观察池中
2025-08-20 08:51:51,242 - INFO - 数据库初始化完成
2025-08-20 08:51:51,242 - INFO - 处理进度 [3653/11571]: sh518680
2025-08-20 08:52:11,030 - WARNING - 差分进化优化失败，使用默认参数
2025-08-20 08:52:11,031 - ERROR - sh881474 参数优化失败，使用默认参数回退
2025-08-20 08:52:11,045 - WARNING - 股票 sh881474 不存在于观察池中
2025-08-20 08:52:11,045 - INFO - 数据库初始化完成
2025-08-20 08:52:11,046 - INFO - 处理进度 [3654/11571]: sh881474
2025-08-20 08:52:29,720 - WARNING - 股票 sh600480 不存在于观察池中
2025-08-20 08:52:29,721 - INFO - 处理进度 [3655/11571]: sh600480
2025-08-20 08:52:29,721 - INFO - 数据库初始化完成
2025-08-20 08:52:35,294 - WARNING - 股票 sh600728 不存在于观察池中
2025-08-20 08:52:35,295 - INFO - 数据库初始化完成
2025-08-20 08:52:35,296 - INFO - 处理进度 [3656/11571]: sh600728
2025-08-20 08:53:03,050 - WARNING - 股票 sh600490 不存在于观察池中
2025-08-20 08:53:03,051 - INFO - 数据库初始化完成
2025-08-20 08:53:03,052 - INFO - 处理进度 [3657/11571]: sh600490
2025-08-20 08:53:05,157 - WARNING - 股票 sh881322 不存在于观察池中
2025-08-20 08:53:05,157 - INFO - 处理进度 [3658/11571]: sh881322
2025-08-20 08:53:05,158 - INFO - 数据库初始化完成
2025-08-20 08:53:05,168 - WARNING - sh880550 数据不足 (少于250天)，无法生成画像
2025-08-20 08:53:05,169 - INFO - 数据库初始化完成
2025-08-20 08:53:05,169 - INFO - 处理进度 [3659/11571]: sh880550
2025-08-20 08:53:10,625 - WARNING - 差分进化优化失败，使用默认参数
2025-08-20 08:53:10,625 - ERROR - sh601577 参数优化失败，使用默认参数回退
2025-08-20 08:53:10,635 - WARNING - 股票 sh601577 不存在于观察池中
2025-08-20 08:53:10,635 - INFO - 数据库初始化完成
2025-08-20 08:53:10,636 - INFO - 处理进度 [3660/11571]: sh601577
2025-08-20 08:53:36,723 - WARNING - 股票 sh603908 不存在于观察池中
2025-08-20 08:53:36,724 - INFO - 处理进度 [3661/11571]: sh603908
2025-08-20 08:53:36,724 - INFO - 数据库初始化完成
2025-08-20 08:53:53,507 - WARNING - 股票 sh517900 不存在于观察池中
2025-08-20 08:53:53,508 - INFO - 数据库初始化完成
2025-08-20 08:53:53,508 - INFO - 处理进度 [3662/11571]: sh517900
2025-08-20 08:53:54,706 - WARNING - 股票 sh688559 不存在于观察池中
2025-08-20 08:53:54,707 - INFO - 数据库初始化完成
2025-08-20 08:53:54,708 - INFO - 处理进度 [3663/11571]: sh688559
2025-08-20 08:53:56,947 - WARNING - 股票 sh881019 不存在于观察池中
2025-08-20 08:53:56,947 - INFO - 处理进度 [3664/11571]: sh881019
2025-08-20 08:53:56,948 - INFO - 数据库初始化完成
2025-08-20 08:54:04,707 - WARNING - 股票 sh881459 不存在于观察池中
2025-08-20 08:54:04,708 - INFO - 数据库初始化完成
2025-08-20 08:54:04,708 - INFO - 处理进度 [3665/11571]: sh881459
2025-08-20 08:54:21,723 - WARNING - 股票 sh600841 不存在于观察池中
2025-08-20 08:54:21,723 - INFO - 数据库初始化完成
2025-08-20 08:54:21,724 - INFO - 处理进度 [3666/11571]: sh600841
2025-08-20 08:54:31,383 - WARNING - 差分进化优化失败，使用默认参数
2025-08-20 08:54:31,384 - ERROR - sh688131 参数优化失败，使用默认参数回退
2025-08-20 08:54:31,398 - WARNING - 股票 sh688131 不存在于观察池中
2025-08-20 08:54:31,398 - INFO - 处理进度 [3667/11571]: sh688131
2025-08-20 08:54:31,399 - INFO - 数据库初始化完成
2025-08-20 08:54:48,151 - WARNING - 股票 sh603236 不存在于观察池中
2025-08-20 08:54:48,152 - INFO - 数据库初始化完成
2025-08-20 08:54:48,152 - INFO - 处理进度 [3668/11571]: sh603236
2025-08-20 08:55:21,435 - WARNING - 股票 sh603607 不存在于观察池中
2025-08-20 08:55:21,436 - INFO - 数据库初始化完成
2025-08-20 08:55:21,439 - INFO - 处理进度 [3669/11571]: sh603607
2025-08-20 08:55:28,952 - WARNING - 股票 sh600162 不存在于观察池中
2025-08-20 08:55:28,953 - INFO - 数据库初始化完成
2025-08-20 08:55:28,953 - INFO - 处理进度 [3670/11571]: sh600162
2025-08-20 08:55:37,334 - WARNING - 股票 sh601881 不存在于观察池中
2025-08-20 08:55:37,335 - INFO - 处理进度 [3671/11571]: sh601881
2025-08-20 08:55:37,335 - INFO - 数据库初始化完成
2025-08-20 08:55:43,693 - WARNING - 股票 sh600476 不存在于观察池中
2025-08-20 08:55:43,694 - INFO - 数据库初始化完成
2025-08-20 08:55:43,695 - INFO - 处理进度 [3672/11571]: sh600476
2025-08-20 08:56:12,634 - WARNING - 股票 sh880589 不存在于观察池中
2025-08-20 08:56:12,635 - INFO - 数据库初始化完成
2025-08-20 08:56:12,635 - INFO - 处理进度 [3673/11571]: sh880589
2025-08-20 08:56:44,331 - WARNING - 股票 sh000044 不存在于观察池中
2025-08-20 08:56:44,332 - INFO - 处理进度 [3674/11571]: sh000044
2025-08-20 08:56:44,333 - INFO - 数据库初始化完成
2025-08-20 08:56:45,988 - WARNING - 股票 sh880993 不存在于观察池中
2025-08-20 08:56:45,989 - INFO - 处理进度 [3675/11571]: sh880993
2025-08-20 08:56:45,989 - INFO - 数据库初始化完成
2025-08-20 08:56:53,648 - WARNING - 股票 sh880723 不存在于观察池中
2025-08-20 08:56:53,649 - INFO - 处理进度 [3676/11571]: sh880723
2025-08-20 08:56:53,649 - INFO - 数据库初始化完成
2025-08-20 08:56:53,659 - WARNING - sh560530 数据不足 (少于250天)，无法生成画像
2025-08-20 08:56:53,659 - INFO - 处理进度 [3677/11571]: sh560530
2025-08-20 08:56:53,660 - INFO - 数据库初始化完成
2025-08-20 08:56:53,661 - WARNING - sh603400 数据不足 (少于250天)，无法生成画像
2025-08-20 08:56:53,662 - INFO - 处理进度 [3678/11571]: sh603400
2025-08-20 08:56:53,662 - INFO - 数据库初始化完成
2025-08-20 08:57:00,913 - WARNING - 股票 sh880557 不存在于观察池中
2025-08-20 08:57:00,913 - INFO - 处理进度 [3679/11571]: sh880557
2025-08-20 08:57:00,914 - INFO - 数据库初始化完成
2025-08-20 08:57:03,839 - WARNING - 股票 sh688237 不存在于观察池中
2025-08-20 08:57:03,840 - INFO - 数据库初始化完成
2025-08-20 08:57:03,842 - INFO - 处理进度 [3680/11571]: sh688237
2025-08-20 08:57:47,708 - WARNING - 股票 sh601899 不存在于观察池中
2025-08-20 08:57:47,709 - INFO - 数据库初始化完成
2025-08-20 08:57:47,710 - INFO - 处理进度 [3681/11571]: sh601899
2025-08-20 08:57:58,212 - WARNING - 股票 sh510680 不存在于观察池中
2025-08-20 08:57:58,212 - INFO - 处理进度 [3682/11571]: sh510680
2025-08-20 08:57:58,213 - INFO - 数据库初始化完成
2025-08-20 08:58:08,830 - WARNING - 股票 sh900943 不存在于观察池中
2025-08-20 08:58:08,831 - INFO - 数据库初始化完成
2025-08-20 08:58:08,834 - INFO - 处理进度 [3683/11571]: sh900943
2025-08-20 08:58:08,841 - WARNING - sh603391 数据不足 (少于250天)，无法生成画像
2025-08-20 08:58:08,842 - INFO - 处理进度 [3684/11571]: sh603391
2025-08-20 08:58:08,842 - INFO - 数据库初始化完成
2025-08-20 08:58:32,210 - WARNING - 股票 sh603960 不存在于观察池中
2025-08-20 08:58:32,211 - INFO - 数据库初始化完成
2025-08-20 08:58:32,212 - INFO - 处理进度 [3685/11571]: sh603960
2025-08-20 08:58:34,608 - WARNING - 股票 sh880920 不存在于观察池中
2025-08-20 08:58:34,609 - INFO - 数据库初始化完成
2025-08-20 08:58:34,609 - INFO - 处理进度 [3686/11571]: sh880920
2025-08-20 08:58:34,619 - WARNING - sh588730 数据不足 (少于250天)，无法生成画像
2025-08-20 08:58:34,620 - INFO - 数据库初始化完成
2025-08-20 08:58:34,620 - INFO - 处理进度 [3687/11571]: sh588730
2025-08-20 08:58:48,082 - WARNING - 股票 sh600843 不存在于观察池中
2025-08-20 08:58:48,083 - INFO - 处理进度 [3688/11571]: sh600843
2025-08-20 08:58:48,083 - INFO - 数据库初始化完成
2025-08-20 08:58:48,097 - WARNING - sh588800 数据不足 (少于250天)，无法生成画像
2025-08-20 08:58:48,098 - INFO - 数据库初始化完成
2025-08-20 08:58:48,098 - INFO - 处理进度 [3689/11571]: sh588800
2025-08-20 08:58:52,277 - WARNING - 股票 sh600219 不存在于观察池中
2025-08-20 08:58:52,278 - INFO - 处理进度 [3690/11571]: sh600219
2025-08-20 08:58:52,279 - INFO - 数据库初始化完成
2025-08-20 08:58:52,281 - WARNING - sh563660 数据不足 (少于250天)，无法生成画像
2025-08-20 08:58:52,281 - INFO - 处理进度 [3691/11571]: sh563660
2025-08-20 08:58:52,281 - INFO - 数据库初始化完成
2025-08-20 08:59:25,828 - WARNING - 股票 sh513120 不存在于观察池中
2025-08-20 08:59:25,829 - INFO - 数据库初始化完成
2025-08-20 08:59:25,829 - INFO - 处理进度 [3692/11571]: sh513120
2025-08-20 08:59:33,607 - WARNING - 股票 sh501011 不存在于观察池中
2025-08-20 08:59:33,608 - INFO - 处理进度 [3693/11571]: sh501011
2025-08-20 08:59:33,608 - INFO - 数据库初始化完成
2025-08-20 08:59:46,084 - WARNING - 差分进化优化失败，使用默认参数
2025-08-20 08:59:46,085 - ERROR - sh880493 参数优化失败，使用默认参数回退
2025-08-20 08:59:46,098 - WARNING - 股票 sh880493 不存在于观察池中
2025-08-20 08:59:46,099 - INFO - 数据库初始化完成
2025-08-20 08:59:46,100 - INFO - 处理进度 [3694/11571]: sh880493
2025-08-20 09:01:04,177 - WARNING - 股票 sh113624 不存在于观察池中
2025-08-20 09:01:04,178 - INFO - 数据库初始化完成
2025-08-20 09:01:04,179 - INFO - 处理进度 [3695/11571]: sh113624
2025-08-20 09:01:04,190 - WARNING - sh508007 数据不足 (少于250天)，无法生成画像
2025-08-20 09:01:04,191 - INFO - 数据库初始化完成
2025-08-20 09:01:04,194 - INFO - 处理进度 [3696/11571]: sh508007
2025-08-20 09:01:09,248 - WARNING - 差分进化优化失败，使用默认参数
2025-08-20 09:01:09,248 - ERROR - sh688018 参数优化失败，使用默认参数回退
2025-08-20 09:01:09,271 - WARNING - 股票 sh688018 不存在于观察池中
2025-08-20 09:01:09,272 - INFO - 处理进度 [3697/11571]: sh688018
2025-08-20 09:01:09,272 - INFO - 数据库初始化完成
2025-08-20 09:01:27,178 - WARNING - 股票 sh603588 不存在于观察池中
2025-08-20 09:01:27,179 - INFO - 处理进度 [3698/11571]: sh603588
2025-08-20 09:01:27,180 - INFO - 数据库初始化完成
2025-08-20 09:01:45,426 - WARNING - 股票 sh603828 不存在于观察池中
2025-08-20 09:01:45,427 - INFO - 处理进度 [3699/11571]: sh603828
2025-08-20 09:01:45,427 - INFO - 数据库初始化完成
2025-08-20 09:01:46,569 - WARNING - 股票 sh603259 不存在于观察池中
2025-08-20 09:01:46,569 - INFO - 处理进度 [3700/11571]: sh603259
2025-08-20 09:01:46,570 - INFO - 数据库初始化完成
2025-08-20 09:02:17,526 - WARNING - 股票 sh601279 不存在于观察池中
2025-08-20 09:02:17,527 - INFO - 处理进度 [3701/11571]: sh601279
2025-08-20 09:02:17,527 - INFO - 数据库初始化完成
2025-08-20 09:02:30,081 - WARNING - 股票 sh880720 不存在于观察池中
2025-08-20 09:02:30,082 - INFO - 处理进度 [3702/11571]: sh880720
2025-08-20 09:02:30,082 - INFO - 数据库初始化完成
2025-08-20 09:02:31,331 - WARNING - 股票 sh516260 不存在于观察池中
2025-08-20 09:02:31,332 - INFO - 数据库初始化完成
2025-08-20 09:02:31,333 - INFO - 处理进度 [3703/11571]: sh516260
2025-08-20 09:02:47,073 - WARNING - 股票 sh603528 不存在于观察池中
2025-08-20 09:02:47,074 - INFO - 处理进度 [3704/11571]: sh603528
2025-08-20 09:02:47,074 - INFO - 数据库初始化完成
2025-08-20 09:03:02,852 - WARNING - 差分进化优化失败，使用默认参数
2025-08-20 09:03:02,853 - ERROR - sh880770 参数优化失败，使用默认参数回退
2025-08-20 09:03:02,867 - WARNING - 股票 sh880770 不存在于观察池中
2025-08-20 09:03:02,867 - INFO - 处理进度 [3705/11571]: sh880770
2025-08-20 09:03:02,868 - INFO - 数据库初始化完成
2025-08-20 09:03:15,973 - WARNING - 股票 sh688137 不存在于观察池中
2025-08-20 09:03:15,974 - INFO - 数据库初始化完成
2025-08-20 09:03:15,977 - INFO - 处理进度 [3706/11571]: sh688137
2025-08-20 09:03:21,094 - WARNING - 股票 sh688521 不存在于观察池中
2025-08-20 09:03:21,095 - INFO - 数据库初始化完成
2025-08-20 09:03:21,095 - INFO - 处理进度 [3707/11571]: sh688521
2025-08-20 09:03:44,036 - WARNING - 股票 sh880803 不存在于观察池中
2025-08-20 09:03:44,037 - INFO - 数据库初始化完成
2025-08-20 09:03:44,037 - INFO - 处理进度 [3708/11571]: sh880803
2025-08-20 09:04:12,499 - WARNING - 股票 sh881133 不存在于观察池中
2025-08-20 09:04:12,499 - INFO - 数据库初始化完成
2025-08-20 09:04:12,501 - INFO - 处理进度 [3709/11571]: sh881133
2025-08-20 09:04:16,123 - WARNING - 股票 sh600929 不存在于观察池中
2025-08-20 09:04:16,123 - INFO - 数据库初始化完成
2025-08-20 09:04:16,124 - INFO - 处理进度 [3710/11571]: sh600929
2025-08-20 09:04:17,503 - WARNING - 股票 sh881402 不存在于观察池中
2025-08-20 09:04:17,504 - INFO - 数据库初始化完成
2025-08-20 09:04:17,504 - INFO - 处理进度 [3711/11571]: sh881402
2025-08-20 09:04:19,985 - WARNING - 股票 sh512810 不存在于观察池中
2025-08-20 09:04:19,986 - INFO - 处理进度 [3712/11571]: sh512810
2025-08-20 09:04:19,986 - INFO - 数据库初始化完成
2025-08-20 09:04:26,520 - WARNING - 股票 sh600185 不存在于观察池中
2025-08-20 09:04:26,521 - INFO - 数据库初始化完成
2025-08-20 09:04:26,521 - INFO - 处理进度 [3713/11571]: sh600185
2025-08-20 09:04:34,332 - WARNING - 股票 sh603225 不存在于观察池中
2025-08-20 09:04:34,332 - INFO - 数据库初始化完成
2025-08-20 09:04:34,333 - INFO - 处理进度 [3714/11571]: sh603225
2025-08-20 09:04:34,353 - WARNING - sh688603 数据不足 (少于250天)，无法生成画像
2025-08-20 09:04:34,354 - INFO - 数据库初始化完成
2025-08-20 09:04:34,356 - INFO - 处理进度 [3715/11571]: sh688603
2025-08-20 09:04:59,556 - WARNING - 股票 sh688161 不存在于观察池中
2025-08-20 09:04:59,557 - INFO - 处理进度 [3716/11571]: sh688161
2025-08-20 09:04:59,558 - INFO - 数据库初始化完成
2025-08-20 09:05:04,541 - WARNING - 股票 sh605555 不存在于观察池中
2025-08-20 09:05:04,542 - INFO - 数据库初始化完成
2025-08-20 09:05:04,542 - INFO - 处理进度 [3717/11571]: sh605555
2025-08-20 09:05:07,853 - WARNING - 股票 sh600265 不存在于观察池中
2025-08-20 09:05:07,855 - INFO - 数据库初始化完成
2025-08-20 09:05:07,855 - INFO - 处理进度 [3718/11571]: sh600265
2025-08-20 09:05:08,815 - WARNING - 股票 sh603043 不存在于观察池中
2025-08-20 09:05:08,817 - INFO - 数据库初始化完成
2025-08-20 09:05:08,817 - INFO - 处理进度 [3719/11571]: sh603043
2025-08-20 09:05:49,794 - WARNING - 股票 sh601995 不存在于观察池中
2025-08-20 09:05:49,795 - INFO - 处理进度 [3720/11571]: sh601995
2025-08-20 09:05:49,795 - INFO - 数据库初始化完成
2025-08-20 09:05:50,210 - WARNING - 股票 sh880948 不存在于观察池中
2025-08-20 09:05:50,211 - INFO - 数据库初始化完成
2025-08-20 09:05:50,211 - INFO - 处理进度 [3721/11571]: sh880948
2025-08-20 09:05:54,635 - WARNING - 股票 sh603936 不存在于观察池中
2025-08-20 09:05:54,636 - INFO - 数据库初始化完成
2025-08-20 09:05:54,636 - INFO - 处理进度 [3722/11571]: sh603936
2025-08-20 09:06:27,037 - WARNING - 股票 sh880755 不存在于观察池中
2025-08-20 09:06:27,037 - INFO - 数据库初始化完成
2025-08-20 09:06:27,038 - INFO - 处理进度 [3723/11571]: sh880755
2025-08-20 09:06:48,037 - WARNING - 股票 sh880611 不存在于观察池中
2025-08-20 09:06:48,038 - INFO - 处理进度 [3724/11571]: sh880611
2025-08-20 09:06:48,038 - INFO - 数据库初始化完成
2025-08-20 09:07:08,467 - WARNING - 股票 sh880769 不存在于观察池中
2025-08-20 09:07:08,468 - INFO - 数据库初始化完成
2025-08-20 09:07:08,468 - INFO - 处理进度 [3725/11571]: sh880769
2025-08-20 09:07:22,817 - WARNING - 股票 sh881086 不存在于观察池中
2025-08-20 09:07:22,818 - INFO - 数据库初始化完成
2025-08-20 09:07:22,818 - INFO - 处理进度 [3726/11571]: sh881086
2025-08-20 09:07:32,516 - WARNING - 股票 sh688168 不存在于观察池中
2025-08-20 09:07:32,517 - INFO - 数据库初始化完成
2025-08-20 09:07:32,517 - INFO - 处理进度 [3727/11571]: sh688168
2025-08-20 09:07:32,527 - WARNING - sh880552 数据不足 (少于250天)，无法生成画像
2025-08-20 09:07:32,528 - INFO - 处理进度 [3728/11571]: sh880552
2025-08-20 09:07:32,528 - INFO - 数据库初始化完成
2025-08-20 09:07:44,925 - WARNING - 股票 sh880814 不存在于观察池中
2025-08-20 09:07:44,926 - INFO - 数据库初始化完成
2025-08-20 09:07:44,927 - INFO - 处理进度 [3729/11571]: sh880814
2025-08-20 09:08:00,567 - WARNING - 股票 sh603779 不存在于观察池中
2025-08-20 09:08:00,568 - INFO - 数据库初始化完成
2025-08-20 09:08:00,569 - INFO - 处理进度 [3730/11571]: sh603779
2025-08-20 09:08:02,009 - WARNING - 股票 sh688215 不存在于观察池中
2025-08-20 09:08:02,010 - INFO - 数据库初始化完成
2025-08-20 09:08:02,011 - INFO - 处理进度 [3731/11571]: sh688215
2025-08-20 09:08:23,831 - WARNING - 股票 sh600010 不存在于观察池中
2025-08-20 09:08:23,832 - INFO - 处理进度 [3732/11571]: sh600010
2025-08-20 09:08:23,833 - INFO - 数据库初始化完成
2025-08-20 09:08:28,492 - WARNING - 股票 sh600919 不存在于观察池中
2025-08-20 09:08:28,493 - INFO - 数据库初始化完成
2025-08-20 09:08:28,493 - INFO - 处理进度 [3733/11571]: sh600919
2025-08-20 09:08:34,699 - WARNING - 股票 sh600881 不存在于观察池中
2025-08-20 09:08:34,701 - INFO - 处理进度 [3734/11571]: sh600881
2025-08-20 09:08:34,701 - INFO - 数据库初始化完成
2025-08-20 09:08:38,587 - WARNING - 股票 sh516860 不存在于观察池中
2025-08-20 09:08:38,588 - INFO - 数据库初始化完成
2025-08-20 09:08:38,588 - INFO - 处理进度 [3735/11571]: sh516860
2025-08-20 09:08:38,600 - WARNING - sh688726 数据不足 (少于250天)，无法生成画像
2025-08-20 09:08:38,601 - INFO - 数据库初始化完成
2025-08-20 09:08:38,601 - INFO - 处理进度 [3736/11571]: sh688726
2025-08-20 09:08:38,613 - WARNING - sh513870 数据不足 (少于250天)，无法生成画像
2025-08-20 09:08:38,614 - INFO - 数据库初始化完成
2025-08-20 09:08:38,614 - INFO - 处理进度 [3737/11571]: sh513870
2025-08-20 09:09:34,933 - WARNING - 差分进化优化失败，使用默认参数
2025-08-20 09:09:34,934 - ERROR - sh880970 参数优化失败，使用默认参数回退
2025-08-20 09:09:34,947 - WARNING - 股票 sh880970 不存在于观察池中
2025-08-20 09:09:34,948 - INFO - 数据库初始化完成
2025-08-20 09:09:34,948 - INFO - 处理进度 [3738/11571]: sh880970
2025-08-20 09:09:35,187 - WARNING - 股票 sh880766 不存在于观察池中
2025-08-20 09:09:35,188 - INFO - 数据库初始化完成
2025-08-20 09:09:35,191 - INFO - 处理进度 [3739/11571]: sh880766
2025-08-20 09:09:57,186 - WARNING - 差分进化优化失败，使用默认参数
2025-08-20 09:09:57,186 - ERROR - sh881151 参数优化失败，使用默认参数回退
2025-08-20 09:09:57,200 - WARNING - 股票 sh881151 不存在于观察池中
2025-08-20 09:09:57,200 - INFO - 处理进度 [3740/11571]: sh881151
2025-08-20 09:09:57,201 - INFO - 数据库初始化完成
2025-08-20 09:10:01,959 - WARNING - 差分进化优化失败，使用默认参数
2025-08-20 09:10:01,960 - ERROR - sh600623 参数优化失败，使用默认参数回退
2025-08-20 09:10:01,975 - WARNING - 股票 sh600623 不存在于观察池中
2025-08-20 09:10:01,976 - INFO - 处理进度 [3741/11571]: sh600623
2025-08-20 09:10:01,976 - INFO - 数据库初始化完成
2025-08-20 09:10:02,374 - WARNING - 股票 sh605162 不存在于观察池中
2025-08-20 09:10:02,375 - INFO - 处理进度 [3742/11571]: sh605162
2025-08-20 09:10:02,375 - INFO - 数据库初始化完成
2025-08-20 09:10:10,139 - WARNING - 股票 sh688625 不存在于观察池中
2025-08-20 09:10:10,140 - INFO - 处理进度 [3743/11571]: sh688625
2025-08-20 09:10:10,140 - INFO - 数据库初始化完成
2025-08-20 09:10:26,952 - WARNING - 股票 sh603885 不存在于观察池中
2025-08-20 09:10:26,953 - INFO - 处理进度 [3744/11571]: sh603885
2025-08-20 09:10:26,953 - INFO - 数据库初始化完成
2025-08-20 09:10:27,850 - WARNING - 股票 sh000159 不存在于观察池中
2025-08-20 09:10:27,850 - INFO - 处理进度 [3745/11571]: sh000159
2025-08-20 09:10:27,851 - INFO - 数据库初始化完成
2025-08-20 09:10:55,907 - WARNING - 股票 sh688557 不存在于观察池中
2025-08-20 09:10:55,908 - INFO - 处理进度 [3746/11571]: sh688557
2025-08-20 09:10:55,908 - INFO - 数据库初始化完成
2025-08-20 09:11:22,059 - WARNING - 股票 sh881265 不存在于观察池中
2025-08-20 09:11:22,060 - INFO - 处理进度 [3747/11571]: sh881265
2025-08-20 09:11:22,060 - INFO - 数据库初始化完成
2025-08-20 09:11:40,072 - WARNING - 股票 sh881292 不存在于观察池中
2025-08-20 09:11:40,073 - INFO - 数据库初始化完成
2025-08-20 09:11:40,074 - INFO - 处理进度 [3748/11571]: sh881292
2025-08-20 09:11:57,143 - WARNING - 股票 sh600854 不存在于观察池中
2025-08-20 09:11:57,144 - INFO - 处理进度 [3749/11571]: sh600854
2025-08-20 09:11:57,144 - INFO - 数据库初始化完成
2025-08-20 09:12:38,006 - WARNING - 股票 sh603668 不存在于观察池中
2025-08-20 09:12:38,007 - INFO - 处理进度 [3750/11571]: sh603668
2025-08-20 09:12:38,007 - INFO - 数据库初始化完成
2025-08-20 09:12:38,009 - WARNING - sh563650 数据不足 (少于250天)，无法生成画像
2025-08-20 09:12:38,009 - INFO - 处理进度 [3751/11571]: sh563650
2025-08-20 09:12:38,010 - INFO - 数据库初始化完成
2025-08-20 09:12:52,131 - WARNING - 股票 sh600539 不存在于观察池中
2025-08-20 09:12:52,132 - INFO - 处理进度 [3752/11571]: sh600539
2025-08-20 09:12:52,132 - INFO - 数据库初始化完成
2025-08-20 09:12:54,846 - WARNING - 股票 sh600787 不存在于观察池中
2025-08-20 09:12:54,847 - INFO - 数据库初始化完成
2025-08-20 09:12:54,847 - INFO - 处理进度 [3753/11571]: sh600787
2025-08-20 09:13:29,126 - WARNING - 股票 sh113039 不存在于观察池中
2025-08-20 09:13:29,127 - INFO - 处理进度 [3754/11571]: sh113039
2025-08-20 09:13:29,127 - INFO - 数据库初始化完成
2025-08-20 09:13:37,779 - WARNING - 股票 sh600313 不存在于观察池中
2025-08-20 09:13:37,780 - INFO - 数据库初始化完成
2025-08-20 09:13:37,781 - INFO - 处理进度 [3755/11571]: sh600313
2025-08-20 09:14:04,112 - WARNING - 股票 sh688327 不存在于观察池中
2025-08-20 09:14:04,121 - INFO - 数据库初始化完成
2025-08-20 09:14:04,121 - INFO - 处理进度 [3756/11571]: sh688327
2025-08-20 09:14:17,320 - WARNING - 股票 sh113033 不存在于观察池中
2025-08-20 09:14:17,321 - INFO - 处理进度 [3757/11571]: sh113033
2025-08-20 09:14:17,321 - INFO - 数据库初始化完成
2025-08-20 09:14:25,216 - WARNING - 股票 sh880892 不存在于观察池中
2025-08-20 09:14:25,217 - INFO - 数据库初始化完成
2025-08-20 09:14:25,218 - INFO - 处理进度 [3758/11571]: sh880892
2025-08-20 09:14:34,125 - WARNING - 股票 sh605128 不存在于观察池中
2025-08-20 09:14:34,126 - INFO - 处理进度 [3759/11571]: sh605128
2025-08-20 09:14:34,126 - INFO - 数据库初始化完成
2025-08-20 09:14:48,909 - WARNING - 股票 sh881241 不存在于观察池中
2025-08-20 09:14:48,909 - INFO - 处理进度 [3760/11571]: sh881241
2025-08-20 09:14:48,910 - INFO - 数据库初始化完成
2025-08-20 09:15:00,080 - WARNING - 差分进化优化失败，使用默认参数
2025-08-20 09:15:00,081 - ERROR - sh501078 参数优化失败，使用默认参数回退
2025-08-20 09:15:00,094 - WARNING - 股票 sh501078 不存在于观察池中
2025-08-20 09:15:00,094 - INFO - 数据库初始化完成
2025-08-20 09:15:00,095 - INFO - 处理进度 [3761/11571]: sh501078
2025-08-20 09:15:04,723 - WARNING - 股票 sh603060 不存在于观察池中
2025-08-20 09:15:04,724 - INFO - 数据库初始化完成
2025-08-20 09:15:04,724 - INFO - 处理进度 [3762/11571]: sh603060
2025-08-20 09:15:11,394 - WARNING - 股票 sh600259 不存在于观察池中
2025-08-20 09:15:11,395 - INFO - 数据库初始化完成
2025-08-20 09:15:11,395 - INFO - 处理进度 [3763/11571]: sh600259
2025-08-20 09:15:26,350 - WARNING - 股票 sh600519 不存在于观察池中
2025-08-20 09:15:26,350 - INFO - 数据库初始化完成
2025-08-20 09:15:26,350 - INFO - 处理进度 [3764/11571]: sh600519
2025-08-20 09:15:27,094 - WARNING - 股票 sh880612 不存在于观察池中
2025-08-20 09:15:27,094 - INFO - 数据库初始化完成
2025-08-20 09:15:27,094 - INFO - 处理进度 [3765/11571]: sh880612
2025-08-20 09:15:37,790 - WARNING - 股票 sh881078 不存在于观察池中
2025-08-20 09:15:37,792 - INFO - 数据库初始化完成
2025-08-20 09:15:37,792 - INFO - 处理进度 [3766/11571]: sh881078
2025-08-20 09:15:47,869 - WARNING - 股票 sh511690 不存在于观察池中
2025-08-20 09:15:47,870 - INFO - 数据库初始化完成
2025-08-20 09:15:47,870 - INFO - 处理进度 [3767/11571]: sh511690
2025-08-20 09:16:06,052 - WARNING - 股票 sh501053 不存在于观察池中
2025-08-20 09:16:06,053 - INFO - 处理进度 [3768/11571]: sh501053
2025-08-20 09:16:06,053 - INFO - 数据库初始化完成
2025-08-20 09:16:25,649 - WARNING - 股票 sh600382 不存在于观察池中
2025-08-20 09:16:25,650 - INFO - 数据库初始化完成
2025-08-20 09:16:25,650 - INFO - 处理进度 [3769/11571]: sh600382
2025-08-20 09:16:46,318 - WARNING - 股票 sh600338 不存在于观察池中
2025-08-20 09:16:46,319 - INFO - 数据库初始化完成
2025-08-20 09:16:46,320 - INFO - 处理进度 [3770/11571]: sh600338
2025-08-20 09:16:50,836 - WARNING - 股票 sh688291 不存在于观察池中
2025-08-20 09:16:50,837 - INFO - 处理进度 [3771/11571]: sh688291
2025-08-20 09:16:50,837 - INFO - 数据库初始化完成
2025-08-20 09:16:58,825 - WARNING - 股票 sh603876 不存在于观察池中
2025-08-20 09:16:58,826 - INFO - 数据库初始化完成
2025-08-20 09:16:58,826 - INFO - 处理进度 [3772/11571]: sh603876
2025-08-20 09:17:34,973 - WARNING - 股票 sh501089 不存在于观察池中
2025-08-20 09:17:34,975 - INFO - 数据库初始化完成
2025-08-20 09:17:34,975 - INFO - 处理进度 [3773/11571]: sh501089
2025-08-20 09:18:04,274 - WARNING - 股票 sh603611 不存在于观察池中
2025-08-20 09:18:04,275 - INFO - 处理进度 [3774/11571]: sh603611
2025-08-20 09:18:04,276 - INFO - 数据库初始化完成
2025-08-20 09:18:07,750 - WARNING - 股票 sh601369 不存在于观察池中
2025-08-20 09:18:07,751 - INFO - 数据库初始化完成
2025-08-20 09:18:07,753 - INFO - 处理进度 [3775/11571]: sh601369
2025-08-20 09:19:08,305 - WARNING - 差分进化优化失败，使用默认参数
2025-08-20 09:19:08,305 - ERROR - sh688021 参数优化失败，使用默认参数回退
2025-08-20 09:19:08,318 - WARNING - 股票 sh688021 不存在于观察池中
2025-08-20 09:19:08,319 - INFO - 处理进度 [3776/11571]: sh688021
2025-08-20 09:19:08,319 - INFO - 数据库初始化完成
2025-08-20 09:19:08,330 - WARNING - sh880528 数据不足 (少于250天)，无法生成画像
2025-08-20 09:19:08,330 - INFO - 数据库初始化完成
2025-08-20 09:19:08,331 - INFO - 处理进度 [3777/11571]: sh880528
2025-08-20 09:19:16,326 - WARNING - 股票 sh603160 不存在于观察池中
2025-08-20 09:19:16,326 - INFO - 处理进度 [3778/11571]: sh603160
2025-08-20 09:19:16,327 - INFO - 数据库初始化完成
2025-08-20 09:19:22,697 - WARNING - 股票 sh603501 不存在于观察池中
2025-08-20 09:19:22,697 - INFO - 数据库初始化完成
2025-08-20 09:19:22,698 - INFO - 处理进度 [3779/11571]: sh603501
2025-08-20 09:19:46,075 - WARNING - 股票 sh881449 不存在于观察池中
2025-08-20 09:19:46,076 - INFO - 数据库初始化完成
2025-08-20 09:19:46,077 - INFO - 处理进度 [3780/11571]: sh881449
2025-08-20 09:20:27,599 - WARNING - 股票 sh600199 不存在于观察池中
2025-08-20 09:20:27,600 - INFO - 数据库初始化完成
2025-08-20 09:20:27,600 - INFO - 处理进度 [3781/11571]: sh600199
2025-08-20 09:20:29,487 - WARNING - 差分进化优化失败，使用默认参数
2025-08-20 09:20:29,487 - ERROR - sh880860 参数优化失败，使用默认参数回退
2025-08-20 09:20:29,501 - WARNING - 股票 sh880860 不存在于观察池中
2025-08-20 09:20:29,501 - INFO - 处理进度 [3782/11571]: sh880860
2025-08-20 09:20:29,502 - INFO - 数据库初始化完成
2025-08-20 09:20:31,281 - WARNING - 股票 sh900942 不存在于观察池中
2025-08-20 09:20:31,308 - INFO - 数据库初始化完成
2025-08-20 09:20:31,308 - INFO - 处理进度 [3783/11571]: sh900942
2025-08-20 09:20:34,507 - WARNING - 股票 sh603390 不存在于观察池中
2025-08-20 09:20:34,508 - INFO - 数据库初始化完成
2025-08-20 09:20:34,508 - INFO - 处理进度 [3784/11571]: sh603390
2025-08-20 09:20:57,452 - WARNING - 股票 sh600233 不存在于观察池中
2025-08-20 09:20:57,453 - INFO - 处理进度 [3785/11571]: sh600233
2025-08-20 09:20:57,453 - INFO - 数据库初始化完成
2025-08-20 09:21:06,822 - WARNING - 股票 sh510590 不存在于观察池中
2025-08-20 09:21:06,823 - INFO - 数据库初始化完成
2025-08-20 09:21:06,823 - INFO - 处理进度 [3786/11571]: sh510590
2025-08-20 09:21:38,360 - WARNING - 股票 sh603316 不存在于观察池中
2025-08-20 09:21:38,360 - INFO - 数据库初始化完成
2025-08-20 09:21:38,361 - INFO - 处理进度 [3787/11571]: sh603316
2025-08-20 09:21:38,362 - WARNING - sh563630 数据不足 (少于250天)，无法生成画像
2025-08-20 09:21:38,362 - INFO - 处理进度 [3788/11571]: sh563630
2025-08-20 09:21:38,362 - INFO - 数据库初始化完成
2025-08-20 09:21:49,420 - WARNING - 股票 sh603688 不存在于观察池中
2025-08-20 09:21:49,421 - INFO - 数据库初始化完成
2025-08-20 09:21:49,422 - INFO - 处理进度 [3789/11571]: sh603688
2025-08-20 09:22:00,162 - WARNING - 股票 sh880884 不存在于观察池中
2025-08-20 09:22:00,164 - INFO - 数据库初始化完成
2025-08-20 09:22:00,164 - INFO - 处理进度 [3790/11571]: sh880884
2025-08-20 09:22:11,287 - WARNING - 股票 sh517770 不存在于观察池中
2025-08-20 09:22:11,288 - INFO - 数据库初始化完成
2025-08-20 09:22:11,288 - INFO - 处理进度 [3791/11571]: sh517770
2025-08-20 09:22:27,232 - WARNING - 差分进化优化失败，使用默认参数
2025-08-20 09:22:27,232 - ERROR - sh501022 参数优化失败，使用默认参数回退
2025-08-20 09:22:27,247 - WARNING - 股票 sh501022 不存在于观察池中
2025-08-20 09:22:27,247 - INFO - 数据库初始化完成
2025-08-20 09:22:27,248 - INFO - 处理进度 [3792/11571]: sh501022
2025-08-20 09:22:34,243 - WARNING - 股票 sh881061 不存在于观察池中
2025-08-20 09:22:34,244 - INFO - 处理进度 [3793/11571]: sh881061
2025-08-20 09:22:34,244 - INFO - 数据库初始化完成
2025-08-20 09:23:05,822 - WARNING - 股票 sh601456 不存在于观察池中
2025-08-20 09:23:05,823 - INFO - 数据库初始化完成
2025-08-20 09:23:05,823 - INFO - 处理进度 [3794/11571]: sh601456
2025-08-20 09:23:05,825 - WARNING - sh603262 数据不足 (少于250天)，无法生成画像
2025-08-20 09:23:05,825 - INFO - 处理进度 [3795/11571]: sh603262
2025-08-20 09:23:05,825 - INFO - 数据库初始化完成
2025-08-20 09:23:18,180 - WARNING - 股票 sh688097 不存在于观察池中
2025-08-20 09:23:18,181 - INFO - 数据库初始化完成
2025-08-20 09:23:18,181 - INFO - 处理进度 [3796/11571]: sh688097
2025-08-20 09:23:25,789 - WARNING - 股票 sh501017 不存在于观察池中
2025-08-20 09:23:25,790 - INFO - 数据库初始化完成
2025-08-20 09:23:25,791 - INFO - 处理进度 [3797/11571]: sh501017
2025-08-20 09:23:33,605 - WARNING - 差分进化优化失败，使用默认参数
2025-08-20 09:23:33,606 - ERROR - sh688035 参数优化失败，使用默认参数回退
2025-08-20 09:23:33,619 - WARNING - 股票 sh688035 不存在于观察池中
2025-08-20 09:23:33,619 - INFO - 处理进度 [3798/11571]: sh688035
2025-08-20 09:23:33,620 - INFO - 数据库初始化完成
2025-08-20 09:23:39,464 - WARNING - 股票 sh881010 不存在于观察池中
2025-08-20 09:23:39,475 - INFO - 数据库初始化完成
2025-08-20 09:23:39,475 - INFO - 处理进度 [3799/11571]: sh881010
2025-08-20 09:24:19,819 - WARNING - 差分进化优化失败，使用默认参数
2025-08-20 09:24:19,820 - ERROR - sh600857 参数优化失败，使用默认参数回退
2025-08-20 09:24:19,834 - WARNING - 股票 sh600857 不存在于观察池中
2025-08-20 09:24:19,835 - INFO - 处理进度 [3800/11571]: sh600857
2025-08-20 09:24:19,835 - INFO - 数据库初始化完成
2025-08-20 09:24:21,059 - WARNING - 股票 sh603186 不存在于观察池中
2025-08-20 09:24:21,061 - INFO - 数据库初始化完成
2025-08-20 09:24:21,061 - INFO - 处理进度 [3801/11571]: sh603186
2025-08-20 09:24:30,142 - WARNING - 股票 sh601928 不存在于观察池中
2025-08-20 09:24:30,143 - INFO - 数据库初始化完成
2025-08-20 09:24:30,143 - INFO - 处理进度 [3802/11571]: sh601928
2025-08-20 09:24:49,007 - WARNING - 股票 sh600295 不存在于观察池中
2025-08-20 09:24:49,008 - INFO - 数据库初始化完成
2025-08-20 09:24:49,009 - INFO - 处理进度 [3803/11571]: sh600295
2025-08-20 09:25:05,174 - WARNING - 股票 sh688639 不存在于观察池中
2025-08-20 09:25:05,175 - INFO - 数据库初始化完成
2025-08-20 09:25:05,175 - INFO - 处理进度 [3804/11571]: sh688639
2025-08-20 09:25:24,299 - WARNING - 股票 sh517390 不存在于观察池中
2025-08-20 09:25:24,300 - INFO - 数据库初始化完成
2025-08-20 09:25:24,300 - INFO - 处理进度 [3805/11571]: sh517390
2025-08-20 09:25:24,312 - WARNING - sh560330 数据不足 (少于250天)，无法生成画像
2025-08-20 09:25:24,313 - INFO - 数据库初始化完成
2025-08-20 09:25:24,313 - INFO - 处理进度 [3806/11571]: sh560330
2025-08-20 09:25:25,901 - WARNING - 股票 sh601601 不存在于观察池中
2025-08-20 09:25:25,902 - INFO - 数据库初始化完成
2025-08-20 09:25:25,903 - INFO - 处理进度 [3807/11571]: sh601601
2025-08-20 09:25:40,058 - WARNING - 股票 sh880883 不存在于观察池中
2025-08-20 09:25:40,058 - INFO - 数据库初始化完成
2025-08-20 09:25:40,059 - INFO - 处理进度 [3808/11571]: sh880883
2025-08-20 09:25:40,076 - WARNING - sh688584 数据不足 (少于250天)，无法生成画像
2025-08-20 09:25:40,076 - INFO - 数据库初始化完成
2025-08-20 09:25:40,077 - INFO - 处理进度 [3809/11571]: sh688584
2025-08-20 09:25:46,800 - WARNING - 股票 sh880364 不存在于观察池中
2025-08-20 09:25:46,801 - INFO - 数据库初始化完成
2025-08-20 09:25:46,801 - INFO - 处理进度 [3810/11571]: sh880364
2025-08-20 09:25:50,217 - WARNING - 股票 sh881231 不存在于观察池中
2025-08-20 09:25:50,218 - INFO - 数据库初始化完成
2025-08-20 09:25:50,218 - INFO - 处理进度 [3811/11571]: sh881231
2025-08-20 09:25:53,467 - WARNING - 股票 sh603122 不存在于观察池中
2025-08-20 09:25:53,468 - INFO - 处理进度 [3812/11571]: sh603122
2025-08-20 09:25:53,468 - INFO - 数据库初始化完成
2025-08-20 09:25:53,479 - WARNING - sh560620 数据不足 (少于250天)，无法生成画像
2025-08-20 09:25:53,479 - INFO - 数据库初始化完成
2025-08-20 09:25:53,480 - INFO - 处理进度 [3813/11571]: sh560620
2025-08-20 09:25:59,335 - WARNING - 股票 sh601228 不存在于观察池中
2025-08-20 09:25:59,336 - INFO - 数据库初始化完成
2025-08-20 09:25:59,336 - INFO - 处理进度 [3814/11571]: sh601228
2025-08-20 09:26:19,499 - WARNING - 股票 sh881240 不存在于观察池中
2025-08-20 09:26:19,500 - INFO - 数据库初始化完成
2025-08-20 09:26:19,500 - INFO - 处理进度 [3815/11571]: sh881240
2025-08-20 09:26:27,675 - WARNING - 差分进化优化失败，使用默认参数
2025-08-20 09:26:27,675 - ERROR - sh880960 参数优化失败，使用默认参数回退
2025-08-20 09:26:27,689 - WARNING - 股票 sh880960 不存在于观察池中
2025-08-20 09:26:27,689 - INFO - 数据库初始化完成
2025-08-20 09:26:27,690 - INFO - 处理进度 [3816/11571]: sh880960
2025-08-20 09:26:57,736 - WARNING - 股票 sh880650 不存在于观察池中
2025-08-20 09:26:57,737 - INFO - 处理进度 [3817/11571]: sh880650
2025-08-20 09:26:57,738 - INFO - 数据库初始化完成
2025-08-20 09:26:57,748 - WARNING - sh560510 数据不足 (少于250天)，无法生成画像
2025-08-20 09:26:57,748 - INFO - 处理进度 [3818/11571]: sh560510
2025-08-20 09:26:57,748 - INFO - 数据库初始化完成
2025-08-20 09:26:57,759 - WARNING - sh510980 数据不足 (少于250天)，无法生成画像
2025-08-20 09:26:57,759 - INFO - 数据库初始化完成
2025-08-20 09:26:57,760 - INFO - 处理进度 [3819/11571]: sh510980
2025-08-20 09:27:11,359 - WARNING - 股票 sh601177 不存在于观察池中
2025-08-20 09:27:11,360 - INFO - 处理进度 [3820/11571]: sh601177
2025-08-20 09:27:11,360 - INFO - 数据库初始化完成
2025-08-20 09:27:16,514 - WARNING - 股票 sh688683 不存在于观察池中
2025-08-20 09:27:16,515 - INFO - 数据库初始化完成
2025-08-20 09:27:16,515 - INFO - 处理进度 [3821/11571]: sh688683
2025-08-20 09:27:21,602 - WARNING - 股票 sh603867 不存在于观察池中
2025-08-20 09:27:21,628 - INFO - 数据库初始化完成
2025-08-20 09:27:21,629 - INFO - 处理进度 [3822/11571]: sh603867
2025-08-20 09:27:31,842 - WARNING - 股票 sh516910 不存在于观察池中
2025-08-20 09:27:31,843 - INFO - 处理进度 [3823/11571]: sh516910
2025-08-20 09:27:31,844 - INFO - 数据库初始化完成
2025-08-20 09:27:44,959 - WARNING - 股票 sh688115 不存在于观察池中
2025-08-20 09:27:44,960 - INFO - 处理进度 [3824/11571]: sh688115
2025-08-20 09:27:44,961 - INFO - 数据库初始化完成
2025-08-20 09:27:49,656 - WARNING - 股票 sh603065 不存在于观察池中
2025-08-20 09:27:49,656 - INFO - 处理进度 [3825/11571]: sh603065
2025-08-20 09:27:49,657 - INFO - 数据库初始化完成
2025-08-20 09:27:52,268 - WARNING - 股票 sh603626 不存在于观察池中
2025-08-20 09:27:52,270 - INFO - 数据库初始化完成
2025-08-20 09:27:52,270 - INFO - 处理进度 [3826/11571]: sh603626
2025-08-20 09:28:13,075 - WARNING - 股票 sh118014 不存在于观察池中
2025-08-20 09:28:13,076 - INFO - 处理进度 [3827/11571]: sh118014
2025-08-20 09:28:13,076 - INFO - 数据库初始化完成
2025-08-20 09:28:20,621 - WARNING - 股票 sh881207 不存在于观察池中
2025-08-20 09:28:20,622 - INFO - 数据库初始化完成
2025-08-20 09:28:20,622 - INFO - 处理进度 [3828/11571]: sh881207
2025-08-20 09:28:42,706 - WARNING - 股票 sh502013 不存在于观察池中
2025-08-20 09:28:42,707 - INFO - 数据库初始化完成
2025-08-20 09:28:42,707 - INFO - 处理进度 [3829/11571]: sh502013
2025-08-20 09:28:47,359 - WARNING - 股票 sh600993 不存在于观察池中
2025-08-20 09:28:47,360 - INFO - 数据库初始化完成
2025-08-20 09:28:47,360 - INFO - 处理进度 [3830/11571]: sh600993
2025-08-20 09:29:46,564 - WARNING - 股票 sh601579 不存在于观察池中
2025-08-20 09:29:46,565 - INFO - 数据库初始化完成
2025-08-20 09:29:46,565 - INFO - 处理进度 [3831/11571]: sh601579
2025-08-20 09:29:57,426 - WARNING - 股票 sh880440 不存在于观察池中
2025-08-20 09:29:57,427 - INFO - 数据库初始化完成
2025-08-20 09:29:57,427 - INFO - 处理进度 [3832/11571]: sh880440
2025-08-20 09:30:00,004 - WARNING - 股票 sh510330 不存在于观察池中
2025-08-20 09:30:00,005 - INFO - 数据库初始化完成
2025-08-20 09:30:00,005 - INFO - 处理进度 [3833/11571]: sh510330
2025-08-20 09:30:28,818 - WARNING - 股票 sh113631 不存在于观察池中
2025-08-20 09:30:28,819 - INFO - 处理进度 [3834/11571]: sh113631
2025-08-20 09:30:28,820 - INFO - 数据库初始化完成
2025-08-20 09:30:28,821 - WARNING - sh880972 数据不足 (少于250天)，无法生成画像
2025-08-20 09:30:28,822 - INFO - 数据库初始化完成
2025-08-20 09:30:28,822 - INFO - 处理进度 [3835/11571]: sh880972
2025-08-20 09:30:30,079 - WARNING - 股票 sh516640 不存在于观察池中
2025-08-20 09:30:30,080 - INFO - 处理进度 [3836/11571]: sh516640
2025-08-20 09:30:30,080 - INFO - 数据库初始化完成
2025-08-20 09:30:46,712 - WARNING - 股票 sh603393 不存在于观察池中
2025-08-20 09:30:46,713 - INFO - 数据库初始化完成
2025-08-20 09:30:46,713 - INFO - 处理进度 [3837/11571]: sh603393
2025-08-20 09:30:52,849 - WARNING - 股票 sh600135 不存在于观察池中
2025-08-20 09:30:52,850 - INFO - 数据库初始化完成
2025-08-20 09:30:52,850 - INFO - 处理进度 [3838/11571]: sh600135
2025-08-20 09:31:06,539 - WARNING - 股票 sh880035 不存在于观察池中
2025-08-20 09:31:06,540 - INFO - 数据库初始化完成
2025-08-20 09:31:06,540 - INFO - 处理进度 [3839/11571]: sh880035
2025-08-20 09:31:40,240 - WARNING - 股票 sh881102 不存在于观察池中
2025-08-20 09:31:40,241 - INFO - 处理进度 [3840/11571]: sh881102
2025-08-20 09:31:40,241 - INFO - 数据库初始化完成
2025-08-20 09:31:46,534 - WARNING - 差分进化优化失败，使用默认参数
2025-08-20 09:31:46,534 - ERROR - sh688425 参数优化失败，使用默认参数回退
2025-08-20 09:31:46,548 - WARNING - 股票 sh688425 不存在于观察池中
2025-08-20 09:31:46,549 - INFO - 数据库初始化完成
2025-08-20 09:31:46,549 - INFO - 处理进度 [3841/11571]: sh688425
2025-08-20 09:31:49,416 - WARNING - 股票 sh600721 不存在于观察池中
2025-08-20 09:31:49,417 - INFO - 处理进度 [3842/11571]: sh600721
2025-08-20 09:31:49,417 - INFO - 数据库初始化完成
2025-08-20 09:31:58,128 - WARNING - 股票 sh600655 不存在于观察池中
2025-08-20 09:31:58,137 - INFO - 数据库初始化完成
2025-08-20 09:31:58,137 - INFO - 处理进度 [3843/11571]: sh600655
2025-08-20 09:31:58,149 - WARNING - sh880683 数据不足 (少于250天)，无法生成画像
2025-08-20 09:31:58,149 - INFO - 处理进度 [3844/11571]: sh880683
2025-08-20 09:31:58,149 - INFO - 数据库初始化完成
2025-08-20 09:32:07,788 - WARNING - 股票 sh603102 不存在于观察池中
2025-08-20 09:32:07,789 - INFO - 数据库初始化完成
2025-08-20 09:32:07,790 - INFO - 处理进度 [3845/11571]: sh603102
2025-08-20 09:32:11,178 - WARNING - 股票 sh880406 不存在于观察池中
2025-08-20 09:32:11,179 - INFO - 数据库初始化完成
2025-08-20 09:32:11,179 - INFO - 处理进度 [3846/11571]: sh880406
2025-08-20 09:32:15,169 - WARNING - 股票 sh881001 不存在于观察池中
2025-08-20 09:32:15,170 - INFO - 处理进度 [3847/11571]: sh881001
2025-08-20 09:32:15,171 - INFO - 数据库初始化完成
2025-08-20 09:32:23,051 - WARNING - 股票 sh880760 不存在于观察池中
2025-08-20 09:32:23,051 - INFO - 处理进度 [3848/11571]: sh880760
2025-08-20 09:32:23,052 - INFO - 数据库初始化完成
2025-08-20 09:32:43,907 - WARNING - 股票 sh688658 不存在于观察池中
2025-08-20 09:32:43,908 - INFO - 数据库初始化完成
2025-08-20 09:32:43,908 - INFO - 处理进度 [3849/11571]: sh688658
2025-08-20 09:33:21,312 - WARNING - 股票 sh600742 不存在于观察池中
2025-08-20 09:33:21,313 - INFO - 数据库初始化完成
2025-08-20 09:33:21,313 - INFO - 处理进度 [3850/11571]: sh600742
2025-08-20 09:33:21,315 - WARNING - sh560820 数据不足 (少于250天)，无法生成画像
2025-08-20 09:33:21,315 - INFO - 处理进度 [3851/11571]: sh560820
2025-08-20 09:33:21,316 - INFO - 数据库初始化完成
2025-08-20 09:33:34,055 - WARNING - 股票 sh881028 不存在于观察池中
2025-08-20 09:33:34,056 - INFO - 数据库初始化完成
2025-08-20 09:33:34,056 - INFO - 处理进度 [3852/11571]: sh881028
2025-08-20 09:33:34,593 - WARNING - 股票 sh688096 不存在于观察池中
2025-08-20 09:33:34,594 - INFO - 处理进度 [3853/11571]: sh688096
2025-08-20 09:33:34,594 - INFO - 数据库初始化完成
2025-08-20 09:34:43,592 - WARNING - 股票 sh999998 不存在于观察池中
2025-08-20 09:34:43,593 - INFO - 处理进度 [3854/11571]: sh999998
2025-08-20 09:34:43,593 - INFO - 数据库初始化完成
2025-08-20 09:34:46,243 - WARNING - 差分进化优化失败，使用默认参数
2025-08-20 09:34:46,244 - ERROR - sh880227 参数优化失败，使用默认参数回退
2025-08-20 09:34:46,258 - WARNING - 股票 sh880227 不存在于观察池中
2025-08-20 09:34:46,259 - INFO - 数据库初始化完成
2025-08-20 09:34:46,259 - INFO - 处理进度 [3855/11571]: sh880227
2025-08-20 09:34:55,756 - WARNING - 股票 sh600694 不存在于观察池中
2025-08-20 09:34:55,756 - INFO - 处理进度 [3856/11571]: sh600694
2025-08-20 09:34:55,757 - INFO - 数据库初始化完成
2025-08-20 09:34:57,431 - WARNING - 差分进化优化失败，使用默认参数
2025-08-20 09:34:57,431 - ERROR - sh881354 参数优化失败，使用默认参数回退
2025-08-20 09:34:57,445 - WARNING - 股票 sh881354 不存在于观察池中
2025-08-20 09:34:57,446 - INFO - 数据库初始化完成
2025-08-20 09:34:57,447 - INFO - 处理进度 [3857/11571]: sh881354
2025-08-20 09:35:29,861 - WARNING - 股票 sh562990 不存在于观察池中
2025-08-20 09:35:29,861 - INFO - 处理进度 [3858/11571]: sh562990
2025-08-20 09:35:29,862 - INFO - 数据库初始化完成
2025-08-20 09:35:29,873 - WARNING - sh880648 数据不足 (少于250天)，无法生成画像
2025-08-20 09:35:29,873 - INFO - 数据库初始化完成
2025-08-20 09:35:29,874 - INFO - 处理进度 [3859/11571]: sh880648
2025-08-20 09:35:30,582 - WARNING - 股票 sh501220 不存在于观察池中
2025-08-20 09:35:30,583 - INFO - 处理进度 [3860/11571]: sh501220
2025-08-20 09:35:30,583 - INFO - 数据库初始化完成
2025-08-20 09:35:44,686 - WARNING - 股票 sh603291 不存在于观察池中
2025-08-20 09:35:44,687 - INFO - 数据库初始化完成
2025-08-20 09:35:44,687 - INFO - 处理进度 [3861/11571]: sh603291
2025-08-20 09:36:35,663 - WARNING - 股票 sh600622 不存在于观察池中
2025-08-20 09:36:35,664 - INFO - 数据库初始化完成
2025-08-20 09:36:35,664 - INFO - 处理进度 [3862/11571]: sh600622
2025-08-20 09:36:35,675 - WARNING - sh560150 数据不足 (少于250天)，无法生成画像
2025-08-20 09:36:35,676 - INFO - 数据库初始化完成
2025-08-20 09:36:35,676 - INFO - 处理进度 [3863/11571]: sh560150
2025-08-20 09:36:41,709 - WARNING - 股票 sh113650 不存在于观察池中
2025-08-20 09:36:41,710 - INFO - 数据库初始化完成
2025-08-20 09:36:41,711 - INFO - 处理进度 [3864/11571]: sh113650
2025-08-20 09:36:56,649 - WARNING - 股票 sh601965 不存在于观察池中
2025-08-20 09:36:56,649 - INFO - 数据库初始化完成
2025-08-20 09:36:56,650 - INFO - 处理进度 [3865/11571]: sh601965
2025-08-20 09:37:25,539 - WARNING - 股票 sh688551 不存在于观察池中
2025-08-20 09:37:25,539 - INFO - 数据库初始化完成
2025-08-20 09:37:25,540 - INFO - 处理进度 [3866/11571]: sh688551
2025-08-20 09:37:44,936 - WARNING - 股票 sh600222 不存在于观察池中
2025-08-20 09:37:44,936 - INFO - 处理进度 [3867/11571]: sh600222
2025-08-20 09:37:44,937 - INFO - 数据库初始化完成
2025-08-20 09:37:53,604 - WARNING - 股票 sh601166 不存在于观察池中
2025-08-20 09:37:53,605 - INFO - 数据库初始化完成
2025-08-20 09:37:53,606 - INFO - 处理进度 [3868/11571]: sh601166
2025-08-20 09:38:00,723 - WARNING - 股票 sh516550 不存在于观察池中
2025-08-20 09:38:00,723 - INFO - 处理进度 [3869/11571]: sh516550
2025-08-20 09:38:00,724 - INFO - 数据库初始化完成
2025-08-20 09:38:02,659 - WARNING - 股票 sh513200 不存在于观察池中
2025-08-20 09:38:02,659 - INFO - 处理进度 [3870/11571]: sh513200
2025-08-20 09:38:02,660 - INFO - 数据库初始化完成
2025-08-20 09:38:11,036 - WARNING - 差分进化优化失败，使用默认参数
2025-08-20 09:38:11,036 - ERROR - sh506006 参数优化失败，使用默认参数回退
2025-08-20 09:38:11,050 - WARNING - 股票 sh506006 不存在于观察池中
2025-08-20 09:38:11,050 - INFO - 数据库初始化完成
2025-08-20 09:38:11,051 - INFO - 处理进度 [3871/11571]: sh506006
2025-08-20 09:38:29,349 - WARNING - 股票 sh881099 不存在于观察池中
2025-08-20 09:38:29,350 - INFO - 数据库初始化完成
2025-08-20 09:38:29,350 - INFO - 处理进度 [3872/11571]: sh881099
2025-08-20 09:38:38,316 - WARNING - 股票 sh562960 不存在于观察池中
2025-08-20 09:38:38,317 - INFO - 数据库初始化完成
2025-08-20 09:38:38,318 - INFO - 处理进度 [3873/11571]: sh562960
2025-08-20 09:38:51,319 - WARNING - 股票 sh880736 不存在于观察池中
2025-08-20 09:38:51,320 - INFO - 处理进度 [3874/11571]: sh880736
2025-08-20 09:38:51,320 - INFO - 数据库初始化完成
2025-08-20 09:38:55,535 - WARNING - 股票 sh880789 不存在于观察池中
2025-08-20 09:38:55,536 - INFO - 数据库初始化完成
2025-08-20 09:38:55,536 - INFO - 处理进度 [3875/11571]: sh880789
2025-08-20 09:39:05,915 - WARNING - 股票 sh603681 不存在于观察池中
2025-08-20 09:39:05,916 - INFO - 数据库初始化完成
2025-08-20 09:39:05,916 - INFO - 处理进度 [3876/11571]: sh603681
2025-08-20 09:39:17,859 - WARNING - 股票 sh880232 不存在于观察池中
2025-08-20 09:39:17,859 - INFO - 处理进度 [3877/11571]: sh880232
2025-08-20 09:39:17,860 - INFO - 数据库初始化完成
2025-08-20 09:39:23,845 - WARNING - 股票 sh688276 不存在于观察池中
2025-08-20 09:39:23,846 - INFO - 数据库初始化完成
2025-08-20 09:39:23,846 - INFO - 处理进度 [3878/11571]: sh688276
2025-08-20 09:39:24,935 - WARNING - 股票 sh880903 不存在于观察池中
2025-08-20 09:39:24,936 - INFO - 数据库初始化完成
2025-08-20 09:39:24,937 - INFO - 处理进度 [3879/11571]: sh880903
2025-08-20 09:39:57,237 - WARNING - 股票 sh600456 不存在于观察池中
2025-08-20 09:39:57,237 - INFO - 处理进度 [3880/11571]: sh600456
2025-08-20 09:39:57,238 - INFO - 数据库初始化完成
2025-08-20 09:39:58,779 - WARNING - 股票 sh603536 不存在于观察池中
2025-08-20 09:39:58,779 - INFO - 处理进度 [3881/11571]: sh603536
2025-08-20 09:39:58,780 - INFO - 数据库初始化完成
2025-08-20 09:40:01,041 - WARNING - 股票 sh605108 不存在于观察池中
2025-08-20 09:40:01,042 - INFO - 数据库初始化完成
2025-08-20 09:40:01,042 - INFO - 处理进度 [3882/11571]: sh605108
2025-08-20 09:40:04,083 - WARNING - 股票 sh603959 不存在于观察池中
2025-08-20 09:40:04,084 - INFO - 数据库初始化完成
2025-08-20 09:40:04,086 - INFO - 处理进度 [3883/11571]: sh603959
2025-08-20 09:40:04,101 - WARNING - sh688552 数据不足 (少于250天)，无法生成画像
2025-08-20 09:40:04,101 - INFO - 处理进度 [3884/11571]: sh688552
2025-08-20 09:40:04,102 - INFO - 数据库初始化完成
2025-08-20 09:41:24,072 - WARNING - 股票 sh603118 不存在于观察池中
2025-08-20 09:41:24,073 - INFO - 处理进度 [3885/11571]: sh603118
2025-08-20 09:41:24,073 - INFO - 数据库初始化完成
2025-08-20 09:41:27,672 - WARNING - 股票 sh880432 不存在于观察池中
2025-08-20 09:41:27,673 - INFO - 处理进度 [3886/11571]: sh880432
2025-08-20 09:41:27,673 - INFO - 数据库初始化完成
2025-08-20 09:41:27,685 - WARNING - sh561980 数据不足 (少于250天)，无法生成画像
2025-08-20 09:41:27,685 - INFO - 处理进度 [3887/11571]: sh561980
2025-08-20 09:41:27,686 - INFO - 数据库初始化完成
2025-08-20 09:41:40,038 - WARNING - 股票 sh110077 不存在于观察池中
2025-08-20 09:41:40,039 - INFO - 处理进度 [3888/11571]: sh110077
2025-08-20 09:41:40,039 - INFO - 数据库初始化完成
2025-08-20 09:41:41,358 - WARNING - 股票 sh688459 不存在于观察池中
2025-08-20 09:41:41,359 - INFO - 数据库初始化完成
2025-08-20 09:41:41,360 - INFO - 处理进度 [3889/11571]: sh688459
2025-08-20 09:41:43,011 - WARNING - 股票 sh600790 不存在于观察池中
2025-08-20 09:41:43,012 - INFO - 数据库初始化完成
2025-08-20 09:41:43,012 - INFO - 处理进度 [3890/11571]: sh600790
2025-08-20 09:42:16,752 - WARNING - 股票 sh688159 不存在于观察池中
2025-08-20 09:42:16,753 - INFO - 数据库初始化完成
2025-08-20 09:42:16,754 - INFO - 处理进度 [3891/11571]: sh688159
2025-08-20 09:43:02,128 - WARNING - 股票 sh603037 不存在于观察池中
2025-08-20 09:43:02,129 - INFO - 处理进度 [3892/11571]: sh603037
2025-08-20 09:43:02,129 - INFO - 数据库初始化完成
2025-08-20 09:43:25,595 - WARNING - 股票 sh512560 不存在于观察池中
2025-08-20 09:43:25,596 - INFO - 数据库初始化完成
2025-08-20 09:43:25,596 - INFO - 处理进度 [3893/11571]: sh512560
2025-08-20 09:43:41,748 - WARNING - 差分进化优化失败，使用默认参数
2025-08-20 09:43:41,749 - ERROR - sh881345 参数优化失败，使用默认参数回退
2025-08-20 09:43:41,763 - WARNING - 股票 sh881345 不存在于观察池中
2025-08-20 09:43:41,763 - INFO - 数据库初始化完成
2025-08-20 09:43:41,763 - INFO - 处理进度 [3894/11571]: sh881345
2025-08-20 09:43:53,407 - WARNING - 股票 sh600926 不存在于观察池中
2025-08-20 09:43:53,408 - INFO - 数据库初始化完成
2025-08-20 09:43:53,408 - INFO - 处理进度 [3895/11571]: sh600926
2025-08-20 09:43:53,409 - WARNING - sh600930 数据不足 (少于250天)，无法生成画像
2025-08-20 09:43:53,410 - INFO - 处理进度 [3896/11571]: sh600930
2025-08-20 09:43:53,410 - INFO - 数据库初始化完成
2025-08-20 09:44:20,291 - WARNING - 股票 sh603689 不存在于观察池中
2025-08-20 09:44:20,292 - INFO - 处理进度 [3897/11571]: sh603689
2025-08-20 09:44:20,292 - INFO - 数据库初始化完成
2025-08-20 09:44:31,553 - WARNING - 股票 sh688056 不存在于观察池中
2025-08-20 09:44:31,554 - INFO - 数据库初始化完成
2025-08-20 09:44:31,554 - INFO - 处理进度 [3898/11571]: sh688056
2025-08-20 09:44:36,866 - WARNING - 股票 sh603667 不存在于观察池中
2025-08-20 09:44:36,867 - INFO - 处理进度 [3899/11571]: sh603667
2025-08-20 09:44:36,867 - INFO - 数据库初始化完成
2025-08-20 09:44:50,999 - WARNING - 股票 sh513690 不存在于观察池中
2025-08-20 09:44:51,001 - INFO - 数据库初始化完成
2025-08-20 09:44:51,001 - INFO - 处理进度 [3900/11571]: sh513690
2025-08-20 09:44:51,011 - WARNING - sh508069 数据不足 (少于250天)，无法生成画像
2025-08-20 09:44:51,011 - INFO - 处理进度 [3901/11571]: sh508069
2025-08-20 09:44:51,012 - INFO - 数据库初始化完成
2025-08-20 09:45:03,544 - WARNING - 股票 sh600082 不存在于观察池中
2025-08-20 09:45:03,545 - INFO - 数据库初始化完成
2025-08-20 09:45:03,545 - INFO - 处理进度 [3902/11571]: sh600082
2025-08-20 09:45:07,209 - WARNING - 股票 sh881318 不存在于观察池中
2025-08-20 09:45:07,210 - INFO - 数据库初始化完成
2025-08-20 09:45:07,212 - INFO - 处理进度 [3903/11571]: sh881318
2025-08-20 09:45:34,265 - WARNING - 差分进化优化失败，使用默认参数
2025-08-20 09:45:34,266 - ERROR - sh881410 参数优化失败，使用默认参数回退
2025-08-20 09:45:34,280 - WARNING - 股票 sh881410 不存在于观察池中
2025-08-20 09:45:34,280 - INFO - 处理进度 [3904/11571]: sh881410
2025-08-20 09:45:34,281 - INFO - 数据库初始化完成
2025-08-20 09:45:50,136 - WARNING - 股票 sh881096 不存在于观察池中
2025-08-20 09:45:50,137 - INFO - 数据库初始化完成
2025-08-20 09:45:50,137 - INFO - 处理进度 [3905/11571]: sh881096
2025-08-20 09:45:54,111 - WARNING - 股票 sh560000 不存在于观察池中
2025-08-20 09:45:54,113 - INFO - 处理进度 [3906/11571]: sh560000
2025-08-20 09:45:54,113 - INFO - 数据库初始化完成
2025-08-20 09:45:54,128 - WARNING - sh880554 数据不足 (少于250天)，无法生成画像
2025-08-20 09:45:54,129 - INFO - 数据库初始化完成
2025-08-20 09:45:54,130 - INFO - 处理进度 [3907/11571]: sh880554
2025-08-20 09:46:10,739 - WARNING - 股票 sh603661 不存在于观察池中
2025-08-20 09:46:10,740 - INFO - 处理进度 [3908/11571]: sh603661
2025-08-20 09:46:10,740 - INFO - 数据库初始化完成
2025-08-20 09:46:18,894 - WARNING - 股票 sh600460 不存在于观察池中
2025-08-20 09:46:18,896 - INFO - 数据库初始化完成
2025-08-20 09:46:18,899 - INFO - 处理进度 [3909/11571]: sh600460
2025-08-20 09:46:25,391 - WARNING - 股票 sh881181 不存在于观察池中
2025-08-20 09:46:25,392 - INFO - 数据库初始化完成
2025-08-20 09:46:25,392 - INFO - 处理进度 [3910/11571]: sh881181
2025-08-20 09:46:25,402 - WARNING - sh118050 数据不足 (少于250天)，无法生成画像
2025-08-20 09:46:25,402 - INFO - 处理进度 [3911/11571]: sh118050
2025-08-20 09:46:25,403 - INFO - 数据库初始化完成
2025-08-20 09:46:38,447 - WARNING - 股票 sh600503 不存在于观察池中
2025-08-20 09:46:38,448 - INFO - 数据库初始化完成
2025-08-20 09:46:38,448 - INFO - 处理进度 [3912/11571]: sh600503
2025-08-20 09:46:50,144 - WARNING - 差分进化优化失败，使用默认参数
2025-08-20 09:46:50,144 - ERROR - sh688121 参数优化失败，使用默认参数回退
2025-08-20 09:46:50,157 - WARNING - 股票 sh688121 不存在于观察池中
2025-08-20 09:46:50,158 - INFO - 数据库初始化完成
2025-08-20 09:46:50,159 - INFO - 处理进度 [3913/11571]: sh688121
2025-08-20 09:47:09,104 - WARNING - 股票 sh881193 不存在于观察池中
2025-08-20 09:47:09,105 - INFO - 数据库初始化完成
2025-08-20 09:47:09,106 - INFO - 处理进度 [3914/11571]: sh881193
2025-08-20 09:47:10,584 - WARNING - 股票 sh588160 不存在于观察池中
2025-08-20 09:47:10,585 - INFO - 数据库初始化完成
2025-08-20 09:47:10,585 - INFO - 处理进度 [3915/11571]: sh588160
2025-08-20 09:47:37,850 - WARNING - 股票 sh688080 不存在于观察池中
2025-08-20 09:47:37,851 - INFO - 数据库初始化完成
2025-08-20 09:47:37,851 - INFO - 处理进度 [3916/11571]: sh688080
2025-08-20 09:47:39,673 - WARNING - 股票 sh880012 不存在于观察池中
2025-08-20 09:47:39,674 - INFO - 数据库初始化完成
2025-08-20 09:47:39,675 - INFO - 处理进度 [3917/11571]: sh880012
2025-08-20 09:48:11,018 - WARNING - 股票 sh605336 不存在于观察池中
2025-08-20 09:48:11,019 - INFO - 数据库初始化完成
2025-08-20 09:48:11,019 - INFO - 处理进度 [3918/11571]: sh605336
2025-08-20 09:48:25,703 - WARNING - 股票 sh603983 不存在于观察池中
2025-08-20 09:48:25,704 - INFO - 数据库初始化完成
2025-08-20 09:48:25,704 - INFO - 处理进度 [3919/11571]: sh603983
2025-08-20 09:48:56,048 - WARNING - 股票 sh204004 不存在于观察池中
2025-08-20 09:48:56,049 - INFO - 数据库初始化完成
2025-08-20 09:48:56,049 - INFO - 处理进度 [3920/11571]: sh204004
2025-08-20 09:49:03,643 - WARNING - 股票 sh601116 不存在于观察池中
2025-08-20 09:49:03,644 - INFO - 数据库初始化完成
2025-08-20 09:49:03,644 - INFO - 处理进度 [3921/11571]: sh601116
2025-08-20 09:49:21,228 - WARNING - 股票 sh600768 不存在于观察池中
2025-08-20 09:49:21,229 - INFO - 处理进度 [3922/11571]: sh600768
2025-08-20 09:49:21,230 - INFO - 数据库初始化完成
2025-08-20 09:49:46,950 - WARNING - 股票 sh512220 不存在于观察池中
2025-08-20 09:49:46,951 - INFO - 数据库初始化完成
2025-08-20 09:49:46,951 - INFO - 处理进度 [3923/11571]: sh512220
2025-08-20 09:50:09,855 - WARNING - 股票 sh880543 不存在于观察池中
2025-08-20 09:50:09,856 - INFO - 数据库初始化完成
2025-08-20 09:50:09,856 - INFO - 处理进度 [3924/11571]: sh880543
2025-08-20 09:50:12,917 - WARNING - 股票 sh880604 不存在于观察池中
2025-08-20 09:50:12,917 - INFO - 处理进度 [3925/11571]: sh880604
2025-08-20 09:50:12,918 - INFO - 数据库初始化完成
2025-08-20 09:50:12,930 - WARNING - sh508031 数据不足 (少于250天)，无法生成画像
2025-08-20 09:50:12,930 - INFO - 数据库初始化完成
2025-08-20 09:50:12,932 - INFO - 处理进度 [3926/11571]: sh508031
2025-08-20 09:50:49,132 - WARNING - 股票 sh588360 不存在于观察池中
2025-08-20 09:50:49,134 - INFO - 数据库初始化完成
2025-08-20 09:50:49,133 - INFO - 处理进度 [3927/11571]: sh588360
2025-08-20 09:51:19,899 - WARNING - 股票 sh688597 不存在于观察池中
2025-08-20 09:51:19,900 - INFO - 数据库初始化完成
2025-08-20 09:51:19,900 - INFO - 处理进度 [3928/11571]: sh688597
2025-08-20 09:51:32,140 - WARNING - 股票 sh605005 不存在于观察池中
2025-08-20 09:51:32,141 - INFO - 数据库初始化完成
2025-08-20 09:51:32,143 - INFO - 处理进度 [3929/11571]: sh605005
2025-08-20 09:51:32,816 - WARNING - 股票 sh880637 不存在于观察池中
2025-08-20 09:51:32,817 - INFO - 数据库初始化完成
2025-08-20 09:51:32,817 - INFO - 处理进度 [3930/11571]: sh880637
2025-08-20 09:51:32,832 - WARNING - sh588110 数据不足 (少于250天)，无法生成画像
2025-08-20 09:51:32,833 - INFO - 数据库初始化完成
2025-08-20 09:51:32,833 - INFO - 处理进度 [3931/11571]: sh588110
2025-08-20 09:51:51,202 - WARNING - 股票 sh603232 不存在于观察池中
2025-08-20 09:51:51,202 - INFO - 处理进度 [3932/11571]: sh603232
2025-08-20 09:51:51,203 - INFO - 数据库初始化完成
2025-08-20 09:52:02,015 - WARNING - 差分进化优化失败，使用默认参数
2025-08-20 09:52:02,015 - ERROR - sh118013 参数优化失败，使用默认参数回退
2025-08-20 09:52:02,030 - WARNING - 股票 sh118013 不存在于观察池中
2025-08-20 09:52:02,030 - INFO - 数据库初始化完成
2025-08-20 09:52:02,032 - INFO - 处理进度 [3933/11571]: sh118013
2025-08-20 09:52:16,326 - WARNING - 股票 sh880553 不存在于观察池中
2025-08-20 09:52:16,327 - INFO - 处理进度 [3934/11571]: sh880553
2025-08-20 09:52:16,328 - INFO - 数据库初始化完成
2025-08-20 09:52:21,043 - WARNING - 股票 sh600315 不存在于观察池中
2025-08-20 09:52:21,045 - INFO - 数据库初始化完成
2025-08-20 09:52:21,047 - INFO - 处理进度 [3935/11571]: sh600315
2025-08-20 09:52:25,128 - WARNING - 差分进化优化失败，使用默认参数
2025-08-20 09:52:25,129 - ERROR - sh688195 参数优化失败，使用默认参数回退
2025-08-20 09:52:25,142 - WARNING - 股票 sh688195 不存在于观察池中
2025-08-20 09:52:25,143 - INFO - 处理进度 [3936/11571]: sh688195
2025-08-20 09:52:25,143 - INFO - 数据库初始化完成
2025-08-20 09:52:29,988 - WARNING - 股票 sh601111 不存在于观察池中
2025-08-20 09:52:29,989 - INFO - 处理进度 [3937/11571]: sh601111
2025-08-20 09:52:29,989 - INFO - 数据库初始化完成
2025-08-20 09:52:41,132 - WARNING - 股票 sh600686 不存在于观察池中
2025-08-20 09:52:41,132 - INFO - 处理进度 [3938/11571]: sh600686
2025-08-20 09:52:41,133 - INFO - 数据库初始化完成
2025-08-20 09:53:35,954 - WARNING - 股票 sh603266 不存在于观察池中
2025-08-20 09:53:35,954 - INFO - 处理进度 [3939/11571]: sh603266
2025-08-20 09:53:35,957 - INFO - 数据库初始化完成
2025-08-20 09:53:41,617 - WARNING - 股票 sh601333 不存在于观察池中
2025-08-20 09:53:41,618 - INFO - 处理进度 [3940/11571]: sh601333
2025-08-20 09:53:41,619 - INFO - 数据库初始化完成
2025-08-20 09:53:43,447 - WARNING - 股票 sh588080 不存在于观察池中
2025-08-20 09:53:43,448 - INFO - 处理进度 [3941/11571]: sh588080
2025-08-20 09:53:43,449 - INFO - 数据库初始化完成
2025-08-20 09:54:09,420 - WARNING - 股票 sh600444 不存在于观察池中
2025-08-20 09:54:09,421 - INFO - 数据库初始化完成
2025-08-20 09:54:09,421 - INFO - 处理进度 [3942/11571]: sh600444
2025-08-20 09:54:44,333 - WARNING - 股票 sh880675 不存在于观察池中
2025-08-20 09:54:44,334 - INFO - 数据库初始化完成
2025-08-20 09:54:44,334 - INFO - 处理进度 [3943/11571]: sh880675
2025-08-20 09:54:49,036 - WARNING - 股票 sh600235 不存在于观察池中
2025-08-20 09:54:49,037 - INFO - 处理进度 [3944/11571]: sh600235
2025-08-20 09:54:49,038 - INFO - 数据库初始化完成
2025-08-20 09:54:50,586 - WARNING - 差分进化优化失败，使用默认参数
2025-08-20 09:54:50,587 - ERROR - sh880704 参数优化失败，使用默认参数回退
2025-08-20 09:54:50,600 - WARNING - 股票 sh880704 不存在于观察池中
2025-08-20 09:54:50,601 - INFO - 处理进度 [3945/11571]: sh880704
2025-08-20 09:54:50,601 - INFO - 数据库初始化完成
2025-08-20 09:55:09,956 - WARNING - 股票 sh880221 不存在于观察池中
2025-08-20 09:55:09,957 - INFO - 数据库初始化完成
2025-08-20 09:55:09,959 - INFO - 处理进度 [3946/11571]: sh880221
2025-08-20 09:55:25,948 - WARNING - 股票 sh603056 不存在于观察池中
2025-08-20 09:55:25,949 - INFO - 数据库初始化完成
2025-08-20 09:55:25,949 - INFO - 处理进度 [3947/11571]: sh603056
2025-08-20 09:55:52,694 - WARNING - 差分进化优化失败，使用默认参数
2025-08-20 09:55:52,695 - ERROR - sh688679 参数优化失败，使用默认参数回退
2025-08-20 09:55:52,708 - WARNING - 股票 sh688679 不存在于观察池中
2025-08-20 09:55:52,709 - INFO - 数据库初始化完成
2025-08-20 09:55:52,710 - INFO - 处理进度 [3948/11571]: sh688679
2025-08-20 09:56:02,448 - WARNING - 股票 sh600750 不存在于观察池中
2025-08-20 09:56:02,449 - INFO - 处理进度 [3949/11571]: sh600750
2025-08-20 09:56:02,449 - INFO - 数据库初始化完成
2025-08-20 09:56:02,451 - WARNING - sh563700 数据不足 (少于250天)，无法生成画像
2025-08-20 09:56:02,452 - INFO - 处理进度 [3950/11571]: sh563700
2025-08-20 09:56:02,452 - INFO - 数据库初始化完成
2025-08-20 09:56:11,237 - WARNING - 股票 sh603716 不存在于观察池中
2025-08-20 09:56:11,238 - INFO - 数据库初始化完成
2025-08-20 09:56:11,238 - INFO - 处理进度 [3951/11571]: sh603716
2025-08-20 09:56:11,250 - WARNING - sh603285 数据不足 (少于250天)，无法生成画像
2025-08-20 09:56:11,251 - INFO - 数据库初始化完成
2025-08-20 09:56:11,253 - INFO - 处理进度 [3952/11571]: sh603285
2025-08-20 09:56:32,460 - WARNING - 差分进化优化失败，使用默认参数
2025-08-20 09:56:32,461 - ERROR - sh600818 参数优化失败，使用默认参数回退
2025-08-20 09:56:32,476 - WARNING - 股票 sh600818 不存在于观察池中
2025-08-20 09:56:32,476 - INFO - 处理进度 [3953/11571]: sh600818
2025-08-20 09:56:32,477 - INFO - 数据库初始化完成
2025-08-20 09:57:16,799 - WARNING - 股票 sh000009 不存在于观察池中
2025-08-20 09:57:16,800 - INFO - 数据库初始化完成
2025-08-20 09:57:16,800 - INFO - 处理进度 [3954/11571]: sh000009
2025-08-20 09:57:22,341 - WARNING - 股票 sh881352 不存在于观察池中
2025-08-20 09:57:22,343 - INFO - 数据库初始化完成
2025-08-20 09:57:22,343 - INFO - 处理进度 [3955/11571]: sh881352
2025-08-20 09:57:43,182 - WARNING - 股票 sh508027 不存在于观察池中
2025-08-20 09:57:43,183 - INFO - 处理进度 [3956/11571]: sh508027
2025-08-20 09:57:43,184 - INFO - 数据库初始化完成
2025-08-20 09:57:56,766 - WARNING - 股票 sh880878 不存在于观察池中
2025-08-20 09:57:56,768 - INFO - 数据库初始化完成
2025-08-20 09:57:56,768 - INFO - 处理进度 [3957/11571]: sh880878
2025-08-20 09:58:04,603 - WARNING - 差分进化优化失败，使用默认参数
2025-08-20 09:58:04,604 - ERROR - sh600517 参数优化失败，使用默认参数回退
2025-08-20 09:58:04,617 - WARNING - 股票 sh600517 不存在于观察池中
2025-08-20 09:58:04,617 - INFO - 处理进度 [3958/11571]: sh600517
2025-08-20 09:58:04,618 - INFO - 数据库初始化完成
2025-08-20 09:58:15,895 - WARNING - 股票 sh516120 不存在于观察池中
2025-08-20 09:58:15,896 - INFO - 数据库初始化完成
2025-08-20 09:58:15,896 - INFO - 处理进度 [3959/11571]: sh516120
2025-08-20 09:58:25,338 - WARNING - 股票 sh605068 不存在于观察池中
2025-08-20 09:58:25,339 - INFO - 数据库初始化完成
2025-08-20 09:58:25,339 - INFO - 处理进度 [3960/11571]: sh605068
2025-08-20 09:58:27,074 - WARNING - 股票 sh516650 不存在于观察池中
2025-08-20 09:58:27,076 - INFO - 数据库初始化完成
2025-08-20 09:58:27,076 - INFO - 处理进度 [3961/11571]: sh516650
2025-08-20 09:58:41,721 - WARNING - 股票 sh603165 不存在于观察池中
2025-08-20 09:58:41,722 - INFO - 处理进度 [3962/11571]: sh603165
2025-08-20 09:58:41,723 - INFO - 数据库初始化完成
2025-08-20 09:58:53,588 - WARNING - 股票 sh603803 不存在于观察池中
2025-08-20 09:58:53,589 - INFO - 数据库初始化完成
2025-08-20 09:58:53,589 - INFO - 处理进度 [3963/11571]: sh603803
2025-08-20 09:59:00,910 - WARNING - 差分进化优化失败，使用默认参数
2025-08-20 09:59:00,911 - ERROR - sh688363 参数优化失败，使用默认参数回退
2025-08-20 09:59:00,925 - WARNING - 股票 sh688363 不存在于观察池中
2025-08-20 09:59:00,926 - INFO - 数据库初始化完成
2025-08-20 09:59:00,926 - INFO - 处理进度 [3964/11571]: sh688363
2025-08-20 09:59:14,170 - WARNING - 股票 sh688722 不存在于观察池中
2025-08-20 09:59:14,172 - INFO - 数据库初始化完成
2025-08-20 09:59:14,172 - INFO - 处理进度 [3965/11571]: sh688722
2025-08-20 09:59:46,682 - WARNING - 股票 sh600316 不存在于观察池中
2025-08-20 09:59:46,683 - INFO - 数据库初始化完成
2025-08-20 09:59:46,684 - INFO - 处理进度 [3966/11571]: sh600316
2025-08-20 09:59:47,110 - WARNING - 股票 sh600853 不存在于观察池中
2025-08-20 09:59:47,111 - INFO - 数据库初始化完成
2025-08-20 09:59:47,111 - INFO - 处理进度 [3967/11571]: sh600853
2025-08-20 09:59:47,137 - WARNING - sh588520 数据不足 (少于250天)，无法生成画像
2025-08-20 09:59:47,138 - INFO - 数据库初始化完成
2025-08-20 09:59:47,139 - INFO - 处理进度 [3968/11571]: sh588520
2025-08-20 09:59:53,191 - WARNING - 股票 sh880211 不存在于观察池中
2025-08-20 09:59:53,192 - INFO - 数据库初始化完成
2025-08-20 09:59:53,192 - INFO - 处理进度 [3969/11571]: sh880211
2025-08-20 10:00:21,354 - WARNING - 股票 sh600561 不存在于观察池中
2025-08-20 10:00:21,355 - INFO - 数据库初始化完成
2025-08-20 10:00:21,355 - INFO - 处理进度 [3970/11571]: sh600561
2025-08-20 10:00:33,229 - WARNING - 差分进化优化失败，使用默认参数
2025-08-20 10:00:33,229 - ERROR - sh688383 参数优化失败，使用默认参数回退
2025-08-20 10:00:33,243 - WARNING - 股票 sh688383 不存在于观察池中
2025-08-20 10:00:33,244 - INFO - 数据库初始化完成
2025-08-20 10:00:33,245 - INFO - 处理进度 [3971/11571]: sh688383
2025-08-20 10:00:41,875 - WARNING - 股票 sh601107 不存在于观察池中
2025-08-20 10:00:41,875 - INFO - 处理进度 [3972/11571]: sh601107
2025-08-20 10:00:41,876 - INFO - 数据库初始化完成
2025-08-20 10:00:44,852 - WARNING - 股票 sh518800 不存在于观察池中
2025-08-20 10:00:44,853 - INFO - 数据库初始化完成
2025-08-20 10:00:44,853 - INFO - 处理进度 [3973/11571]: sh518800
2025-08-20 10:01:07,389 - WARNING - 股票 sh603659 不存在于观察池中
2025-08-20 10:01:07,390 - INFO - 数据库初始化完成
2025-08-20 10:01:07,390 - INFO - 处理进度 [3974/11571]: sh603659
2025-08-20 10:01:22,227 - WARNING - 股票 sh900913 不存在于观察池中
2025-08-20 10:01:22,228 - INFO - 数据库初始化完成
2025-08-20 10:01:22,228 - INFO - 处理进度 [3975/11571]: sh900913
2025-08-20 10:01:25,465 - WARNING - 股票 sh600740 不存在于观察池中
2025-08-20 10:01:25,466 - INFO - 处理进度 [3976/11571]: sh600740
2025-08-20 10:01:25,466 - INFO - 数据库初始化完成
2025-08-20 10:02:07,548 - WARNING - 股票 sh600149 不存在于观察池中
2025-08-20 10:02:07,549 - INFO - 数据库初始化完成
2025-08-20 10:02:07,549 - INFO - 处理进度 [3977/11571]: sh600149
2025-08-20 10:02:24,760 - WARNING - 股票 sh600875 不存在于观察池中
2025-08-20 10:02:24,761 - INFO - 处理进度 [3978/11571]: sh600875
2025-08-20 10:02:24,761 - INFO - 数据库初始化完成
2025-08-20 10:02:31,122 - WARNING - 差分进化优化失败，使用默认参数
2025-08-20 10:02:31,123 - ERROR - sh900939 参数优化失败，使用默认参数回退
2025-08-20 10:02:31,136 - WARNING - 股票 sh900939 不存在于观察池中
2025-08-20 10:02:31,137 - INFO - 数据库初始化完成
2025-08-20 10:02:31,141 - INFO - 处理进度 [3979/11571]: sh900939
2025-08-20 10:02:33,272 - WARNING - 差分进化优化失败，使用默认参数
2025-08-20 10:02:33,273 - ERROR - sh881416 参数优化失败，使用默认参数回退
2025-08-20 10:02:33,287 - WARNING - 股票 sh881416 不存在于观察池中
2025-08-20 10:02:33,287 - INFO - 数据库初始化完成
2025-08-20 10:02:33,288 - INFO - 处理进度 [3980/11571]: sh881416
2025-08-20 10:02:36,123 - WARNING - 股票 sh600153 不存在于观察池中
2025-08-20 10:02:36,131 - INFO - 处理进度 [3981/11571]: sh600153
2025-08-20 10:02:36,132 - INFO - 数据库初始化完成
2025-08-20 10:02:38,439 - WARNING - 股票 sh517100 不存在于观察池中
2025-08-20 10:02:38,440 - INFO - 数据库初始化完成
2025-08-20 10:02:38,440 - INFO - 处理进度 [3982/11571]: sh517100
2025-08-20 10:02:54,584 - WARNING - 股票 sh508021 不存在于观察池中
2025-08-20 10:02:54,586 - INFO - 数据库初始化完成
2025-08-20 10:02:54,586 - INFO - 处理进度 [3983/11571]: sh508021
2025-08-20 10:03:01,083 - WARNING - 股票 sh510020 不存在于观察池中
2025-08-20 10:03:01,085 - INFO - 处理进度 [3984/11571]: sh510020
2025-08-20 10:03:01,085 - INFO - 数据库初始化完成
2025-08-20 10:03:16,420 - WARNING - 股票 sh881037 不存在于观察池中
2025-08-20 10:03:16,421 - INFO - 数据库初始化完成
2025-08-20 10:03:16,422 - INFO - 处理进度 [3985/11571]: sh881037
2025-08-20 10:03:29,027 - WARNING - 股票 sh603886 不存在于观察池中
2025-08-20 10:03:29,027 - INFO - 处理进度 [3986/11571]: sh603886
2025-08-20 10:03:29,027 - INFO - 数据库初始化完成
2025-08-20 10:03:32,229 - WARNING - 股票 sh600118 不存在于观察池中
2025-08-20 10:03:32,230 - INFO - 数据库初始化完成
2025-08-20 10:03:32,230 - INFO - 处理进度 [3987/11571]: sh600118
2025-08-20 10:04:00,763 - WARNING - 股票 sh603300 不存在于观察池中
2025-08-20 10:04:00,765 - INFO - 处理进度 [3988/11571]: sh603300
2025-08-20 10:04:00,765 - INFO - 数据库初始化完成
2025-08-20 10:05:05,241 - WARNING - 股票 sh600876 不存在于观察池中
2025-08-20 10:05:05,242 - INFO - 处理进度 [3989/11571]: sh600876
2025-08-20 10:05:05,242 - INFO - 数据库初始化完成
2025-08-20 10:05:29,567 - WARNING - 股票 sh688621 不存在于观察池中
2025-08-20 10:05:29,568 - INFO - 数据库初始化完成
2025-08-20 10:05:29,569 - INFO - 处理进度 [3990/11571]: sh688621
2025-08-20 10:05:39,661 - WARNING - 股票 sh603678 不存在于观察池中
2025-08-20 10:05:39,663 - INFO - 数据库初始化完成
2025-08-20 10:05:39,663 - INFO - 处理进度 [3991/11571]: sh603678
2025-08-20 10:06:05,125 - WARNING - 股票 sh601127 不存在于观察池中
2025-08-20 10:06:05,125 - INFO - 处理进度 [3992/11571]: sh601127
2025-08-20 10:06:05,126 - INFO - 数据库初始化完成
2025-08-20 10:06:14,129 - WARNING - 股票 sh603359 不存在于观察池中
2025-08-20 10:06:14,130 - INFO - 数据库初始化完成
2025-08-20 10:06:14,130 - INFO - 处理进度 [3993/11571]: sh603359
2025-08-20 10:06:17,442 - WARNING - 股票 sh516110 不存在于观察池中
2025-08-20 10:06:17,443 - INFO - 数据库初始化完成
2025-08-20 10:06:17,443 - INFO - 处理进度 [3994/11571]: sh516110
2025-08-20 10:06:26,648 - WARNING - 股票 sh880666 不存在于观察池中
2025-08-20 10:06:26,649 - INFO - 处理进度 [3995/11571]: sh880666
2025-08-20 10:06:26,650 - INFO - 数据库初始化完成
2025-08-20 10:06:33,160 - WARNING - 股票 sh600570 不存在于观察池中
2025-08-20 10:06:33,161 - INFO - 数据库初始化完成
2025-08-20 10:06:33,161 - INFO - 处理进度 [3996/11571]: sh600570
2025-08-20 10:06:43,131 - WARNING - 股票 sh603499 不存在于观察池中
2025-08-20 10:06:43,132 - INFO - 数据库初始化完成
2025-08-20 10:06:43,132 - INFO - 处理进度 [3997/11571]: sh603499
2025-08-20 10:07:13,997 - WARNING - 股票 sh900926 不存在于观察池中
2025-08-20 10:07:13,997 - INFO - 处理进度 [3998/11571]: sh900926
2025-08-20 10:07:13,998 - INFO - 数据库初始化完成
2025-08-20 10:07:19,791 - WARNING - 股票 sh601600 不存在于观察池中
2025-08-20 10:07:19,792 - INFO - 数据库初始化完成
2025-08-20 10:07:19,793 - INFO - 处理进度 [3999/11571]: sh601600
2025-08-20 10:07:23,578 - WARNING - 股票 sh603176 不存在于观察池中
2025-08-20 10:07:23,579 - INFO - 处理进度 [4000/11571]: sh603176
2025-08-20 10:07:23,580 - INFO - 数据库初始化完成
2025-08-20 10:07:41,132 - WARNING - 差分进化优化失败，使用默认参数
2025-08-20 10:07:41,132 - ERROR - sh511010 参数优化失败，使用默认参数回退
2025-08-20 10:07:41,146 - WARNING - 股票 sh511010 不存在于观察池中
2025-08-20 10:07:41,147 - INFO - 数据库初始化完成
2025-08-20 10:07:41,148 - INFO - 处理进度 [4001/11571]: sh511010
2025-08-20 10:07:42,311 - WARNING - 股票 sh601666 不存在于观察池中
2025-08-20 10:07:42,312 - INFO - 处理进度 [4002/11571]: sh601666
2025-08-20 10:07:42,313 - INFO - 数据库初始化完成
2025-08-20 10:07:51,804 - WARNING - 股票 sh881353 不存在于观察池中
2025-08-20 10:07:51,805 - INFO - 数据库初始化完成
2025-08-20 10:07:51,805 - INFO - 处理进度 [4003/11571]: sh881353
2025-08-20 10:08:19,674 - WARNING - 股票 sh880573 不存在于观察池中
2025-08-20 10:08:19,675 - INFO - 数据库初始化完成
2025-08-20 10:08:19,676 - INFO - 处理进度 [4004/11571]: sh880573
2025-08-20 10:08:31,249 - WARNING - 股票 sh880930 不存在于观察池中
2025-08-20 10:08:31,249 - INFO - 数据库初始化完成
2025-08-20 10:08:31,255 - INFO - 处理进度 [4005/11571]: sh880930
2025-08-20 10:08:39,686 - WARNING - 股票 sh881089 不存在于观察池中
2025-08-20 10:08:39,687 - INFO - 处理进度 [4006/11571]: sh881089
2025-08-20 10:08:39,687 - INFO - 数据库初始化完成
2025-08-20 10:08:39,697 - WARNING - sh520890 数据不足 (少于250天)，无法生成画像
2025-08-20 10:08:39,698 - INFO - 处理进度 [4007/11571]: sh520890
2025-08-20 10:08:39,698 - INFO - 数据库初始化完成
2025-08-20 10:08:56,993 - WARNING - 股票 sh513900 不存在于观察池中
2025-08-20 10:08:56,994 - INFO - 处理进度 [4008/11571]: sh513900
2025-08-20 10:08:56,995 - INFO - 数据库初始化完成
2025-08-20 10:09:03,402 - WARNING - 股票 sh110062 不存在于观察池中
2025-08-20 10:09:03,404 - INFO - 处理进度 [4009/11571]: sh110062
2025-08-20 10:09:03,404 - INFO - 数据库初始化完成
2025-08-20 10:09:37,371 - WARNING - 股票 sh600888 不存在于观察池中
2025-08-20 10:09:37,372 - INFO - 处理进度 [4010/11571]: sh600888
2025-08-20 10:09:37,372 - INFO - 数据库初始化完成
2025-08-20 10:09:40,680 - WARNING - 股票 sh600961 不存在于观察池中
2025-08-20 10:09:40,681 - INFO - 处理进度 [4011/11571]: sh600961
2025-08-20 10:09:40,682 - INFO - 数据库初始化完成
2025-08-20 10:09:40,691 - WARNING - sh588660 数据不足 (少于250天)，无法生成画像
2025-08-20 10:09:40,692 - INFO - 数据库初始化完成
2025-08-20 10:09:40,692 - INFO - 处理进度 [4012/11571]: sh588660
2025-08-20 10:10:02,539 - WARNING - 股票 sh600537 不存在于观察池中
2025-08-20 10:10:02,540 - INFO - 数据库初始化完成
2025-08-20 10:10:02,540 - INFO - 处理进度 [4013/11571]: sh600537
2025-08-20 10:10:17,831 - WARNING - 差分进化优化失败，使用默认参数
2025-08-20 10:10:17,832 - ERROR - sh688046 参数优化失败，使用默认参数回退
2025-08-20 10:10:17,845 - WARNING - 股票 sh688046 不存在于观察池中
2025-08-20 10:10:17,846 - INFO - 数据库初始化完成
2025-08-20 10:10:17,847 - INFO - 处理进度 [4014/11571]: sh688046
2025-08-20 10:10:21,158 - WARNING - 股票 sh688368 不存在于观察池中
2025-08-20 10:10:21,159 - INFO - 处理进度 [4015/11571]: sh688368
2025-08-20 10:10:21,160 - INFO - 数据库初始化完成
2025-08-20 10:10:38,191 - WARNING - 股票 sh880856 不存在于观察池中
2025-08-20 10:10:38,192 - INFO - 数据库初始化完成
2025-08-20 10:10:38,192 - INFO - 处理进度 [4016/11571]: sh880856
2025-08-20 10:10:38,193 - WARNING - sh588720 数据不足 (少于250天)，无法生成画像
2025-08-20 10:10:38,194 - INFO - 数据库初始化完成
2025-08-20 10:10:38,194 - INFO - 处理进度 [4017/11571]: sh588720
2025-08-20 10:11:09,786 - WARNING - 股票 sh605389 不存在于观察池中
2025-08-20 10:11:09,787 - INFO - 数据库初始化完成
2025-08-20 10:11:09,787 - INFO - 处理进度 [4018/11571]: sh605389
2025-08-20 10:11:09,797 - WARNING - sh508097 数据不足 (少于250天)，无法生成画像
2025-08-20 10:11:09,797 - INFO - 处理进度 [4019/11571]: sh508097
2025-08-20 10:11:09,798 - INFO - 数据库初始化完成
2025-08-20 10:11:15,775 - WARNING - 股票 sh600017 不存在于观察池中
2025-08-20 10:11:15,776 - INFO - 数据库初始化完成
2025-08-20 10:11:15,776 - INFO - 处理进度 [4020/11571]: sh600017
2025-08-20 10:11:29,450 - WARNING - 股票 sh881341 不存在于观察池中
2025-08-20 10:11:29,451 - INFO - 处理进度 [4021/11571]: sh881341
2025-08-20 10:11:29,452 - INFO - 数据库初始化完成
2025-08-20 10:12:13,047 - WARNING - 股票 sh600582 不存在于观察池中
2025-08-20 10:12:13,047 - INFO - 数据库初始化完成
2025-08-20 10:12:13,048 - INFO - 处理进度 [4022/11571]: sh600582
2025-08-20 10:12:24,517 - WARNING - 股票 sh603458 不存在于观察池中
2025-08-20 10:12:24,518 - INFO - 数据库初始化完成
2025-08-20 10:12:24,518 - INFO - 处理进度 [4023/11571]: sh603458
2025-08-20 10:12:24,520 - WARNING - sh603014 数据不足 (少于250天)，无法生成画像
2025-08-20 10:12:24,521 - INFO - 处理进度 [4024/11571]: sh603014
2025-08-20 10:12:24,521 - INFO - 数据库初始化完成
2025-08-20 10:12:43,564 - WARNING - 股票 sh601011 不存在于观察池中
2025-08-20 10:12:43,565 - INFO - 处理进度 [4025/11571]: sh601011
2025-08-20 10:12:43,565 - INFO - 数据库初始化完成
2025-08-20 10:12:54,475 - WARNING - 股票 sh600362 不存在于观察池中
2025-08-20 10:12:54,477 - INFO - 数据库初始化完成
2025-08-20 10:12:54,479 - INFO - 处理进度 [4026/11571]: sh600362
2025-08-20 10:13:10,579 - WARNING - 股票 sh110059 不存在于观察池中
2025-08-20 10:13:10,580 - INFO - 处理进度 [4027/11571]: sh110059
2025-08-20 10:13:10,580 - INFO - 数据库初始化完成
2025-08-20 10:13:18,875 - WARNING - 股票 sh560500 不存在于观察池中
2025-08-20 10:13:18,876 - INFO - 数据库初始化完成
2025-08-20 10:13:18,877 - INFO - 处理进度 [4028/11571]: sh560500
2025-08-20 10:13:26,700 - WARNING - 股票 sh688339 不存在于观察池中
2025-08-20 10:13:26,701 - INFO - 数据库初始化完成
2025-08-20 10:13:26,701 - INFO - 处理进度 [4029/11571]: sh688339
2025-08-20 10:13:30,200 - WARNING - 股票 sh688560 不存在于观察池中
2025-08-20 10:13:30,201 - INFO - 数据库初始化完成
2025-08-20 10:13:30,202 - INFO - 处理进度 [4030/11571]: sh688560
2025-08-20 10:13:31,558 - WARNING - 股票 sh880794 不存在于观察池中
2025-08-20 10:13:31,559 - INFO - 处理进度 [4031/11571]: sh880794
2025-08-20 10:13:31,559 - INFO - 数据库初始化完成
2025-08-20 10:13:32,196 - WARNING - 股票 sh881260 不存在于观察池中
2025-08-20 10:13:32,197 - INFO - 数据库初始化完成
2025-08-20 10:13:32,197 - INFO - 处理进度 [4032/11571]: sh881260
2025-08-20 10:13:46,508 - WARNING - 股票 sh603648 不存在于观察池中
2025-08-20 10:13:46,508 - INFO - 处理进度 [4033/11571]: sh603648
2025-08-20 10:13:46,508 - INFO - 数据库初始化完成
2025-08-20 10:13:50,074 - WARNING - 差分进化优化失败，使用默认参数
2025-08-20 10:13:50,075 - ERROR - sh881198 参数优化失败，使用默认参数回退
2025-08-20 10:13:50,089 - WARNING - 股票 sh881198 不存在于观察池中
2025-08-20 10:13:50,089 - INFO - 处理进度 [4034/11571]: sh881198
2025-08-20 10:13:50,090 - INFO - 数据库初始化完成
2025-08-20 10:14:04,760 - WARNING - 股票 sh600882 不存在于观察池中
2025-08-20 10:14:04,761 - INFO - 数据库初始化完成
2025-08-20 10:14:04,762 - INFO - 处理进度 [4035/11571]: sh600882
2025-08-20 10:14:25,082 - WARNING - 股票 sh600223 不存在于观察池中
2025-08-20 10:14:25,083 - INFO - 处理进度 [4036/11571]: sh600223
2025-08-20 10:14:25,083 - INFO - 数据库初始化完成
2025-08-20 10:14:48,089 - WARNING - 股票 sh603029 不存在于观察池中
2025-08-20 10:14:48,090 - INFO - 数据库初始化完成
2025-08-20 10:14:48,091 - INFO - 处理进度 [4037/11571]: sh603029
2025-08-20 10:15:01,583 - WARNING - 股票 sh688697 不存在于观察池中
2025-08-20 10:15:01,585 - INFO - 数据库初始化完成
2025-08-20 10:15:01,587 - INFO - 处理进度 [4038/11571]: sh688697
2025-08-20 10:15:08,814 - WARNING - 股票 sh881092 不存在于观察池中
2025-08-20 10:15:08,815 - INFO - 处理进度 [4039/11571]: sh881092
2025-08-20 10:15:08,815 - INFO - 数据库初始化完成
2025-08-20 10:15:25,068 - WARNING - 股票 sh601336 不存在于观察池中
2025-08-20 10:15:25,069 - INFO - 数据库初始化完成
2025-08-20 10:15:25,069 - INFO - 处理进度 [4040/11571]: sh601336
2025-08-20 10:15:34,718 - WARNING - 股票 sh501186 不存在于观察池中
2025-08-20 10:15:34,719 - INFO - 处理进度 [4041/11571]: sh501186
2025-08-20 10:15:34,720 - INFO - 数据库初始化完成
2025-08-20 10:15:43,848 - WARNING - 股票 sh600557 不存在于观察池中
2025-08-20 10:15:43,849 - INFO - 数据库初始化完成
2025-08-20 10:15:43,850 - INFO - 处理进度 [4042/11571]: sh600557
2025-08-20 10:15:47,274 - WARNING - 股票 sh881201 不存在于观察池中
2025-08-20 10:15:47,275 - INFO - 处理进度 [4043/11571]: sh881201
2025-08-20 10:15:47,275 - INFO - 数据库初始化完成
2025-08-20 10:15:47,276 - WARNING - sh501227 数据不足 (少于250天)，无法生成画像
2025-08-20 10:15:47,277 - INFO - 处理进度 [4044/11571]: sh501227
2025-08-20 10:15:47,277 - INFO - 数据库初始化完成
2025-08-20 10:17:11,733 - WARNING - 股票 sh688680 不存在于观察池中
2025-08-20 10:17:11,734 - INFO - 处理进度 [4045/11571]: sh688680
2025-08-20 10:17:11,735 - INFO - 数据库初始化完成
2025-08-20 10:17:11,744 - WARNING - sh588250 数据不足 (少于250天)，无法生成画像
2025-08-20 10:17:11,744 - INFO - 数据库初始化完成
2025-08-20 10:17:11,745 - INFO - 处理进度 [4046/11571]: sh588250
2025-08-20 10:17:20,499 - WARNING - 股票 sh880011 不存在于观察池中
2025-08-20 10:17:20,500 - INFO - 数据库初始化完成
2025-08-20 10:17:20,501 - INFO - 处理进度 [4047/11571]: sh880011
2025-08-20 10:17:39,937 - WARNING - 股票 sh603906 不存在于观察池中
2025-08-20 10:17:39,939 - INFO - 数据库初始化完成
2025-08-20 10:17:39,939 - INFO - 处理进度 [4048/11571]: sh603906
2025-08-20 10:17:59,224 - WARNING - 股票 sh600506 不存在于观察池中
2025-08-20 10:17:59,225 - INFO - 处理进度 [4049/11571]: sh600506
2025-08-20 10:17:59,225 - INFO - 数据库初始化完成
2025-08-20 10:18:11,496 - WARNING - 股票 sh600731 不存在于观察池中
2025-08-20 10:18:11,497 - INFO - 数据库初始化完成
2025-08-20 10:18:11,497 - INFO - 处理进度 [4050/11571]: sh600731
2025-08-20 10:18:23,545 - WARNING - 股票 sh600569 不存在于观察池中
2025-08-20 10:18:23,547 - INFO - 数据库初始化完成
2025-08-20 10:18:23,547 - INFO - 处理进度 [4051/11571]: sh600569
2025-08-20 10:18:31,269 - WARNING - 差分进化优化失败，使用默认参数
2025-08-20 10:18:31,269 - ERROR - sh603551 参数优化失败，使用默认参数回退
2025-08-20 10:18:31,283 - WARNING - 股票 sh603551 不存在于观察池中
2025-08-20 10:18:31,284 - INFO - 数据库初始化完成
2025-08-20 10:18:31,285 - INFO - 处理进度 [4052/11571]: sh603551
2025-08-20 10:18:36,641 - WARNING - 股票 sh600073 不存在于观察池中
2025-08-20 10:18:36,643 - INFO - 处理进度 [4053/11571]: sh600073
2025-08-20 10:18:36,643 - INFO - 数据库初始化完成
2025-08-20 10:18:39,529 - WARNING - 差分进化优化失败，使用默认参数
2025-08-20 10:18:39,530 - ERROR - sh880348 参数优化失败，使用默认参数回退
2025-08-20 10:18:39,544 - WARNING - 股票 sh880348 不存在于观察池中
2025-08-20 10:18:39,544 - INFO - 数据库初始化完成
2025-08-20 10:18:39,545 - INFO - 处理进度 [4054/11571]: sh880348
2025-08-20 10:18:50,722 - WARNING - 股票 sh603121 不存在于观察池中
2025-08-20 10:18:50,730 - INFO - 处理进度 [4055/11571]: sh603121
2025-08-20 10:18:50,730 - INFO - 数据库初始化完成
2025-08-20 10:19:08,917 - WARNING - 股票 sh881182 不存在于观察池中
2025-08-20 10:19:08,918 - INFO - 数据库初始化完成
2025-08-20 10:19:08,918 - INFO - 处理进度 [4056/11571]: sh881182
2025-08-20 10:19:39,050 - WARNING - 股票 sh000683 不存在于观察池中
2025-08-20 10:19:39,051 - INFO - 处理进度 [4057/11571]: sh000683
2025-08-20 10:19:39,052 - INFO - 数据库初始化完成
2025-08-20 10:19:48,307 - WARNING - 股票 sh502053 不存在于观察池中
2025-08-20 10:19:48,308 - INFO - 处理进度 [4058/11571]: sh502053
2025-08-20 10:19:48,308 - INFO - 数据库初始化完成
2025-08-20 10:19:57,170 - WARNING - 股票 sh603069 不存在于观察池中
2025-08-20 10:19:57,171 - INFO - 数据库初始化完成
2025-08-20 10:19:57,171 - INFO - 处理进度 [4059/11571]: sh603069
2025-08-20 10:19:57,860 - WARNING - 股票 sh600273 不存在于观察池中
2025-08-20 10:19:57,861 - INFO - 数据库初始化完成
2025-08-20 10:19:57,861 - INFO - 处理进度 [4060/11571]: sh600273
2025-08-20 10:20:03,444 - WARNING - 股票 sh600642 不存在于观察池中
2025-08-20 10:20:03,445 - INFO - 处理进度 [4061/11571]: sh600642
2025-08-20 10:20:03,446 - INFO - 数据库初始化完成
2025-08-20 10:20:03,654 - WARNING - 股票 sh881369 不存在于观察池中
2025-08-20 10:20:03,655 - INFO - 处理进度 [4062/11571]: sh881369
2025-08-20 10:20:03,655 - INFO - 数据库初始化完成
2025-08-20 10:20:04,746 - WARNING - 股票 sh603153 不存在于观察池中
2025-08-20 10:20:04,747 - INFO - 数据库初始化完成
2025-08-20 10:20:04,747 - INFO - 处理进度 [4063/11571]: sh603153
2025-08-20 10:20:11,222 - WARNING - 差分进化优化失败，使用默认参数
2025-08-20 10:20:11,223 - ERROR - sh000011 参数优化失败，使用默认参数回退
2025-08-20 10:20:11,236 - WARNING - 股票 sh000011 不存在于观察池中
2025-08-20 10:20:11,237 - INFO - 数据库初始化完成
2025-08-20 10:20:11,237 - INFO - 处理进度 [4064/11571]: sh000011
2025-08-20 10:20:27,138 - WARNING - 股票 sh513520 不存在于观察池中
2025-08-20 10:20:27,139 - INFO - 处理进度 [4065/11571]: sh513520
2025-08-20 10:20:27,139 - INFO - 数据库初始化完成
2025-08-20 10:20:27,151 - WARNING - sh880696 数据不足 (少于250天)，无法生成画像
2025-08-20 10:20:27,152 - INFO - 数据库初始化完成
2025-08-20 10:20:27,153 - INFO - 处理进度 [4066/11571]: sh880696
2025-08-20 10:20:32,530 - WARNING - 股票 sh880967 不存在于观察池中
2025-08-20 10:20:32,531 - INFO - 数据库初始化完成
2025-08-20 10:20:32,531 - INFO - 处理进度 [4067/11571]: sh880967
2025-08-20 10:21:12,276 - WARNING - 股票 sh510090 不存在于观察池中
2025-08-20 10:21:12,277 - INFO - 处理进度 [4068/11571]: sh510090
2025-08-20 10:21:12,278 - INFO - 数据库初始化完成
2025-08-20 10:22:03,479 - WARNING - 股票 sh688162 不存在于观察池中
2025-08-20 10:22:03,480 - INFO - 数据库初始化完成
2025-08-20 10:22:03,480 - INFO - 处理进度 [4069/11571]: sh688162
2025-08-20 10:23:00,765 - WARNING - 差分进化优化失败，使用默认参数
2025-08-20 10:23:00,766 - ERROR - sh603515 参数优化失败，使用默认参数回退
2025-08-20 10:23:00,780 - WARNING - 股票 sh603515 不存在于观察池中
2025-08-20 10:23:00,780 - INFO - 处理进度 [4070/11571]: sh603515
2025-08-20 10:23:00,781 - INFO - 数据库初始化完成
2025-08-20 10:23:04,623 - WARNING - 股票 sh880741 不存在于观察池中
2025-08-20 10:23:04,623 - INFO - 数据库初始化完成
2025-08-20 10:23:04,623 - INFO - 处理进度 [4071/11571]: sh880741
2025-08-20 10:23:05,333 - WARNING - 股票 sh601139 不存在于观察池中
2025-08-20 10:23:05,333 - INFO - 数据库初始化完成
2025-08-20 10:23:05,334 - INFO - 处理进度 [4072/11571]: sh601139
2025-08-20 10:23:09,767 - WARNING - 股票 sh688330 不存在于观察池中
2025-08-20 10:23:09,768 - INFO - 数据库初始化完成
2025-08-20 10:23:09,768 - INFO - 处理进度 [4073/11571]: sh688330
2025-08-20 10:23:11,201 - WARNING - 股票 sh515950 不存在于观察池中
2025-08-20 10:23:11,202 - INFO - 处理进度 [4074/11571]: sh515950
2025-08-20 10:23:11,203 - INFO - 数据库初始化完成
2025-08-20 10:23:17,168 - WARNING - 股票 sh688739 不存在于观察池中
2025-08-20 10:23:17,169 - INFO - 数据库初始化完成
2025-08-20 10:23:17,170 - INFO - 处理进度 [4075/11571]: sh688739
2025-08-20 10:23:39,217 - WARNING - 股票 sh881375 不存在于观察池中
2025-08-20 10:23:39,218 - INFO - 处理进度 [4076/11571]: sh881375
2025-08-20 10:23:39,218 - INFO - 数据库初始化完成
2025-08-20 10:23:40,005 - WARNING - 差分进化优化失败，使用默认参数
2025-08-20 10:23:40,006 - ERROR - sh513590 参数优化失败，使用默认参数回退
2025-08-20 10:23:40,020 - WARNING - 股票 sh513590 不存在于观察池中
2025-08-20 10:23:40,020 - INFO - 数据库初始化完成
2025-08-20 10:23:40,021 - INFO - 处理进度 [4077/11571]: sh513590
2025-08-20 10:23:53,724 - WARNING - 股票 sh688314 不存在于观察池中
2025-08-20 10:23:53,725 - INFO - 处理进度 [4078/11571]: sh688314
2025-08-20 10:23:53,725 - INFO - 数据库初始化完成
2025-08-20 10:23:53,738 - WARNING - sh588680 数据不足 (少于250天)，无法生成画像
2025-08-20 10:23:53,739 - INFO - 数据库初始化完成
2025-08-20 10:23:53,739 - INFO - 处理进度 [4079/11571]: sh588680
2025-08-20 10:24:04,911 - WARNING - 股票 sh880421 不存在于观察池中
2025-08-20 10:24:04,912 - INFO - 处理进度 [4080/11571]: sh880421
2025-08-20 10:24:04,913 - INFO - 数据库初始化完成
2025-08-20 10:24:14,338 - WARNING - 股票 sh688382 不存在于观察池中
2025-08-20 10:24:14,339 - INFO - 处理进度 [4081/11571]: sh688382
2025-08-20 10:24:14,339 - INFO - 数据库初始化完成
2025-08-20 10:24:19,575 - WARNING - 差分进化优化失败，使用默认参数
2025-08-20 10:24:19,575 - ERROR - sh600312 参数优化失败，使用默认参数回退
2025-08-20 10:24:19,589 - WARNING - 股票 sh600312 不存在于观察池中
2025-08-20 10:24:19,590 - INFO - 数据库初始化完成
2025-08-20 10:24:19,591 - INFO - 处理进度 [4082/11571]: sh600312
2025-08-20 10:24:19,811 - WARNING - 股票 sh515260 不存在于观察池中
2025-08-20 10:24:19,812 - INFO - 数据库初始化完成
2025-08-20 10:24:19,814 - INFO - 处理进度 [4083/11571]: sh515260
2025-08-20 10:24:46,672 - WARNING - 股票 sh881058 不存在于观察池中
2025-08-20 10:24:46,673 - INFO - 数据库初始化完成
2025-08-20 10:24:46,673 - INFO - 处理进度 [4084/11571]: sh881058
2025-08-20 10:25:14,199 - WARNING - 股票 sh880482 不存在于观察池中
2025-08-20 10:25:14,200 - INFO - 处理进度 [4085/11571]: sh880482
2025-08-20 10:25:14,200 - INFO - 数据库初始化完成
2025-08-20 10:25:25,937 - WARNING - 股票 sh880886 不存在于观察池中
2025-08-20 10:25:25,937 - INFO - 数据库初始化完成
2025-08-20 10:25:25,938 - INFO - 处理进度 [4086/11571]: sh880886
2025-08-20 10:25:31,892 - WARNING - 股票 sh600125 不存在于观察池中
2025-08-20 10:25:31,894 - INFO - 数据库初始化完成
2025-08-20 10:25:31,894 - INFO - 处理进度 [4087/11571]: sh600125
2025-08-20 10:25:55,778 - WARNING - 股票 sh603683 不存在于观察池中
2025-08-20 10:25:55,779 - INFO - 处理进度 [4088/11571]: sh603683
2025-08-20 10:25:55,779 - INFO - 数据库初始化完成
2025-08-20 10:26:16,659 - WARNING - 股票 sh510180 不存在于观察池中
2025-08-20 10:26:16,667 - INFO - 数据库初始化完成
2025-08-20 10:26:16,667 - INFO - 处理进度 [4089/11571]: sh510180
2025-08-20 10:26:27,902 - WARNING - 股票 sh515750 不存在于观察池中
2025-08-20 10:26:27,903 - INFO - 处理进度 [4090/11571]: sh515750
2025-08-20 10:26:27,904 - INFO - 数据库初始化完成
2025-08-20 10:26:39,093 - WARNING - 股票 sh880962 不存在于观察池中
2025-08-20 10:26:39,094 - INFO - 数据库初始化完成
2025-08-20 10:26:39,094 - INFO - 处理进度 [4091/11571]: sh880962
2025-08-20 10:26:39,472 - WARNING - 股票 sh113046 不存在于观察池中
2025-08-20 10:26:39,473 - INFO - 处理进度 [4092/11571]: sh113046
2025-08-20 10:26:39,473 - INFO - 数据库初始化完成
2025-08-20 10:26:42,972 - WARNING - 股票 sh600933 不存在于观察池中
2025-08-20 10:26:42,973 - INFO - 数据库初始化完成
2025-08-20 10:26:42,973 - INFO - 处理进度 [4093/11571]: sh600933
2025-08-20 10:26:42,975 - WARNING - sh563550 数据不足 (少于250天)，无法生成画像
2025-08-20 10:26:42,976 - INFO - 数据库初始化完成
2025-08-20 10:26:42,976 - INFO - 处理进度 [4094/11571]: sh563550
2025-08-20 10:28:32,877 - WARNING - 股票 sh881216 不存在于观察池中
2025-08-20 10:28:32,878 - INFO - 数据库初始化完成
2025-08-20 10:28:32,879 - INFO - 处理进度 [4095/11571]: sh881216
2025-08-20 10:29:12,323 - WARNING - 股票 sh600121 不存在于观察池中
2025-08-20 10:29:12,324 - INFO - 数据库初始化完成
2025-08-20 10:29:12,324 - INFO - 处理进度 [4096/11571]: sh600121
2025-08-20 10:29:41,128 - WARNING - 股票 sh603806 不存在于观察池中
2025-08-20 10:29:41,129 - INFO - 数据库初始化完成
2025-08-20 10:29:41,130 - INFO - 处理进度 [4097/11571]: sh603806
2025-08-20 10:29:49,441 - WARNING - 股票 sh880975 不存在于观察池中
2025-08-20 10:29:49,442 - INFO - 处理进度 [4098/11571]: sh880975
2025-08-20 10:29:49,442 - INFO - 数据库初始化完成
2025-08-20 10:29:52,020 - WARNING - 股票 sh600883 不存在于观察池中
2025-08-20 10:29:52,021 - INFO - 数据库初始化完成
2025-08-20 10:29:52,022 - INFO - 处理进度 [4099/11571]: sh600883
2025-08-20 10:29:54,500 - WARNING - 股票 sh881188 不存在于观察池中
2025-08-20 10:29:54,501 - INFO - 处理进度 [4100/11571]: sh881188
2025-08-20 10:29:54,502 - INFO - 数据库初始化完成
2025-08-20 10:29:54,938 - WARNING - 股票 sh605122 不存在于观察池中
2025-08-20 10:29:54,938 - INFO - 处理进度 [4101/11571]: sh605122
2025-08-20 10:29:54,939 - INFO - 数据库初始化完成
2025-08-20 10:29:56,908 - WARNING - 股票 sh600187 不存在于观察池中
2025-08-20 10:29:56,908 - INFO - 处理进度 [4102/11571]: sh600187
2025-08-20 10:29:56,909 - INFO - 数据库初始化完成
2025-08-20 10:30:03,150 - WARNING - 股票 sh880383 不存在于观察池中
2025-08-20 10:30:03,151 - INFO - 处理进度 [4103/11571]: sh880383
2025-08-20 10:30:03,151 - INFO - 数据库初始化完成
2025-08-20 10:30:03,628 - WARNING - 股票 sh603079 不存在于观察池中
2025-08-20 10:30:03,629 - INFO - 数据库初始化完成
2025-08-20 10:30:03,629 - INFO - 处理进度 [4104/11571]: sh603079
2025-08-20 10:30:06,270 - WARNING - 差分进化优化失败，使用默认参数
2025-08-20 10:30:06,270 - ERROR - sh881093 参数优化失败，使用默认参数回退
2025-08-20 10:30:06,284 - WARNING - 股票 sh881093 不存在于观察池中
2025-08-20 10:30:06,297 - INFO - 数据库初始化完成
2025-08-20 10:30:06,297 - INFO - 处理进度 [4105/11571]: sh881093
2025-08-20 10:30:34,325 - WARNING - 股票 sh515130 不存在于观察池中
2025-08-20 10:30:34,327 - INFO - 数据库初始化完成
2025-08-20 10:30:34,327 - INFO - 处理进度 [4106/11571]: sh515130
2025-08-20 10:30:34,339 - WARNING - sh563010 数据不足 (少于250天)，无法生成画像
2025-08-20 10:30:34,340 - INFO - 数据库初始化完成
2025-08-20 10:30:34,340 - INFO - 处理进度 [4107/11571]: sh563010
2025-08-20 10:30:52,681 - WARNING - 股票 sh600487 不存在于观察池中
2025-08-20 10:30:52,682 - INFO - 处理进度 [4108/11571]: sh600487
2025-08-20 10:30:52,683 - INFO - 数据库初始化完成
2025-08-20 10:30:58,889 - WARNING - 股票 sh605366 不存在于观察池中
2025-08-20 10:30:58,890 - INFO - 数据库初始化完成
2025-08-20 10:30:58,890 - INFO - 处理进度 [4109/11571]: sh605366
2025-08-20 10:31:25,023 - WARNING - 股票 sh880793 不存在于观察池中
2025-08-20 10:31:25,024 - INFO - 数据库初始化完成
2025-08-20 10:31:25,025 - INFO - 处理进度 [4110/11571]: sh880793
2025-08-20 10:31:32,678 - WARNING - 股票 sh508018 不存在于观察池中
2025-08-20 10:31:32,678 - INFO - 处理进度 [4111/11571]: sh508018
2025-08-20 10:31:32,679 - INFO - 数据库初始化完成
2025-08-20 10:31:44,621 - WARNING - 股票 sh601877 不存在于观察池中
2025-08-20 10:31:44,622 - INFO - 数据库初始化完成
2025-08-20 10:31:44,622 - INFO - 处理进度 [4112/11571]: sh601877
2025-08-20 10:31:46,763 - WARNING - 股票 sh688186 不存在于观察池中
2025-08-20 10:31:46,764 - INFO - 数据库初始化完成
2025-08-20 10:31:46,765 - INFO - 处理进度 [4113/11571]: sh688186
2025-08-20 10:31:53,861 - WARNING - 股票 sh688238 不存在于观察池中
2025-08-20 10:31:53,862 - INFO - 数据库初始化完成
2025-08-20 10:31:53,862 - INFO - 处理进度 [4114/11571]: sh688238
2025-08-20 10:32:17,403 - WARNING - 股票 sh601010 不存在于观察池中
2025-08-20 10:32:17,404 - INFO - 处理进度 [4115/11571]: sh601010
2025-08-20 10:32:17,405 - INFO - 数据库初始化完成
2025-08-20 10:32:23,390 - WARNING - 股票 sh600161 不存在于观察池中
2025-08-20 10:32:23,391 - INFO - 数据库初始化完成
2025-08-20 10:32:23,391 - INFO - 处理进度 [4116/11571]: sh600161
2025-08-20 10:32:43,778 - WARNING - 股票 sh113601 不存在于观察池中
2025-08-20 10:32:43,779 - INFO - 数据库初始化完成
2025-08-20 10:32:43,780 - INFO - 处理进度 [4117/11571]: sh113601
2025-08-20 10:33:38,574 - WARNING - 差分进化优化失败，使用默认参数
2025-08-20 10:33:38,575 - ERROR - sh562000 参数优化失败，使用默认参数回退
2025-08-20 10:33:38,588 - WARNING - 股票 sh562000 不存在于观察池中
2025-08-20 10:33:38,589 - INFO - 数据库初始化完成
2025-08-20 10:33:38,592 - INFO - 处理进度 [4118/11571]: sh562000
2025-08-20 10:33:47,502 - WARNING - 股票 sh603836 不存在于观察池中
2025-08-20 10:33:47,503 - INFO - 处理进度 [4119/11571]: sh603836
2025-08-20 10:33:47,503 - INFO - 数据库初始化完成
2025-08-20 10:33:51,922 - WARNING - 股票 sh688661 不存在于观察池中
2025-08-20 10:33:51,923 - INFO - 数据库初始化完成
2025-08-20 10:33:51,923 - INFO - 处理进度 [4120/11571]: sh688661
2025-08-20 10:33:51,935 - WARNING - sh688708 数据不足 (少于250天)，无法生成画像
2025-08-20 10:33:51,935 - INFO - 处理进度 [4121/11571]: sh688708
2025-08-20 10:33:51,936 - INFO - 数据库初始化完成
2025-08-20 10:34:03,743 - WARNING - 差分进化优化失败，使用默认参数
2025-08-20 10:34:03,744 - ERROR - sh561350 参数优化失败，使用默认参数回退
2025-08-20 10:34:03,758 - WARNING - 股票 sh561350 不存在于观察池中
2025-08-20 10:34:03,759 - INFO - 数据库初始化完成
2025-08-20 10:34:03,759 - INFO - 处理进度 [4122/11571]: sh561350
2025-08-20 10:34:15,599 - WARNING - 股票 sh880621 不存在于观察池中
2025-08-20 10:34:15,600 - INFO - 数据库初始化完成
2025-08-20 10:34:15,601 - INFO - 处理进度 [4123/11571]: sh880621
2025-08-20 10:34:25,392 - WARNING - 差分进化优化失败，使用默认参数
2025-08-20 10:34:25,393 - ERROR - sh605050 参数优化失败，使用默认参数回退
2025-08-20 10:34:25,407 - WARNING - 股票 sh605050 不存在于观察池中
2025-08-20 10:34:25,408 - INFO - 数据库初始化完成
2025-08-20 10:34:25,408 - INFO - 处理进度 [4124/11571]: sh605050
2025-08-20 10:34:25,410 - WARNING - sh563060 数据不足 (少于250天)，无法生成画像
2025-08-20 10:34:25,411 - INFO - 数据库初始化完成
2025-08-20 10:34:25,411 - INFO - 处理进度 [4125/11571]: sh563060
2025-08-20 10:34:44,045 - WARNING - 股票 sh881440 不存在于观察池中
2025-08-20 10:34:44,046 - INFO - 处理进度 [4126/11571]: sh881440
2025-08-20 10:34:44,046 - INFO - 数据库初始化完成
2025-08-20 10:34:46,987 - WARNING - 股票 sh688307 不存在于观察池中
2025-08-20 10:34:46,988 - INFO - 处理进度 [4127/11571]: sh688307
2025-08-20 10:34:46,989 - INFO - 数据库初始化完成
2025-08-20 10:35:00,497 - WARNING - 股票 sh511830 不存在于观察池中
2025-08-20 10:35:00,498 - INFO - 数据库初始化完成
2025-08-20 10:35:00,500 - INFO - 处理进度 [4128/11571]: sh511830
2025-08-20 10:35:03,249 - WARNING - 差分进化优化失败，使用默认参数
2025-08-20 10:35:03,250 - ERROR - sh880423 参数优化失败，使用默认参数回退
2025-08-20 10:35:03,264 - WARNING - 股票 sh880423 不存在于观察池中
2025-08-20 10:35:03,265 - INFO - 处理进度 [4129/11571]: sh880423
2025-08-20 10:35:03,265 - INFO - 数据库初始化完成
2025-08-20 10:35:13,348 - WARNING - 股票 sh880467 不存在于观察池中
2025-08-20 10:35:13,349 - INFO - 数据库初始化完成
2025-08-20 10:35:13,349 - INFO - 处理进度 [4130/11571]: sh880467
2025-08-20 10:35:47,131 - WARNING - 股票 sh881190 不存在于观察池中
2025-08-20 10:35:47,133 - INFO - 处理进度 [4131/11571]: sh881190
2025-08-20 10:35:47,133 - INFO - 数据库初始化完成
2025-08-20 10:36:19,182 - WARNING - 股票 sh688203 不存在于观察池中
2025-08-20 10:36:19,183 - INFO - 处理进度 [4132/11571]: sh688203
2025-08-20 10:36:19,183 - INFO - 数据库初始化完成
2025-08-20 10:36:19,197 - WARNING - sh688638 数据不足 (少于250天)，无法生成画像
2025-08-20 10:36:19,197 - INFO - 数据库初始化完成
2025-08-20 10:36:19,198 - INFO - 处理进度 [4133/11571]: sh688638
2025-08-20 10:36:25,098 - WARNING - 股票 sh600346 不存在于观察池中
2025-08-20 10:36:25,098 - INFO - 处理进度 [4134/11571]: sh600346
2025-08-20 10:36:25,099 - INFO - 数据库初始化完成
2025-08-20 10:36:29,720 - WARNING - 股票 sh600654 不存在于观察池中
2025-08-20 10:36:29,722 - INFO - 数据库初始化完成
2025-08-20 10:36:29,722 - INFO - 处理进度 [4135/11571]: sh600654
2025-08-20 10:36:29,737 - WARNING - sh688570 数据不足 (少于250天)，无法生成画像
2025-08-20 10:36:29,738 - INFO - 数据库初始化完成
2025-08-20 10:36:29,738 - INFO - 处理进度 [4136/11571]: sh688570
2025-08-20 10:36:32,151 - WARNING - 股票 sh603099 不存在于观察池中
2025-08-20 10:36:32,152 - INFO - 数据库初始化完成
2025-08-20 10:36:32,152 - INFO - 处理进度 [4137/11571]: sh603099
2025-08-20 10:36:38,835 - WARNING - 股票 sh603172 不存在于观察池中
2025-08-20 10:36:38,836 - INFO - 处理进度 [4138/11571]: sh603172
2025-08-20 10:36:38,836 - INFO - 数据库初始化完成
2025-08-20 10:36:50,402 - WARNING - 股票 sh688280 不存在于观察池中
2025-08-20 10:36:50,403 - INFO - 数据库初始化完成
2025-08-20 10:36:50,403 - INFO - 处理进度 [4139/11571]: sh688280
2025-08-20 10:36:57,124 - WARNING - 股票 sh603703 不存在于观察池中
2025-08-20 10:36:57,125 - INFO - 数据库初始化完成
2025-08-20 10:36:57,126 - INFO - 处理进度 [4140/11571]: sh603703
2025-08-20 10:37:02,582 - WARNING - 股票 sh603488 不存在于观察池中
2025-08-20 10:37:02,583 - INFO - 处理进度 [4141/11571]: sh603488
2025-08-20 10:37:02,583 - INFO - 数据库初始化完成
2025-08-20 10:37:05,136 - WARNING - 差分进化优化失败，使用默认参数
2025-08-20 10:37:05,137 - ERROR - sh880779 参数优化失败，使用默认参数回退
2025-08-20 10:37:05,151 - WARNING - 股票 sh880779 不存在于观察池中
2025-08-20 10:37:05,152 - INFO - 处理进度 [4142/11571]: sh880779
2025-08-20 10:37:05,152 - INFO - 数据库初始化完成
2025-08-20 10:37:09,248 - WARNING - 股票 sh561170 不存在于观察池中
2025-08-20 10:37:09,250 - INFO - 数据库初始化完成
2025-08-20 10:37:09,250 - INFO - 处理进度 [4143/11571]: sh561170
2025-08-20 10:37:38,017 - WARNING - 股票 sh600064 不存在于观察池中
2025-08-20 10:37:38,018 - INFO - 数据库初始化完成
2025-08-20 10:37:38,018 - INFO - 处理进度 [4144/11571]: sh600064
2025-08-20 10:37:46,563 - WARNING - 股票 sh603580 不存在于观察池中
2025-08-20 10:37:46,564 - INFO - 数据库初始化完成
2025-08-20 10:37:46,564 - INFO - 处理进度 [4145/11571]: sh603580
2025-08-20 10:38:22,061 - WARNING - 股票 sh688335 不存在于观察池中
2025-08-20 10:38:22,063 - INFO - 数据库初始化完成
2025-08-20 10:38:22,063 - INFO - 处理进度 [4146/11571]: sh688335
2025-08-20 10:38:23,253 - WARNING - 股票 sh881397 不存在于观察池中
2025-08-20 10:38:23,254 - INFO - 处理进度 [4147/11571]: sh881397
2025-08-20 10:38:23,254 - INFO - 数据库初始化完成
2025-08-20 10:38:23,925 - WARNING - 股票 sh513010 不存在于观察池中
2025-08-20 10:38:23,926 - INFO - 处理进度 [4148/11571]: sh513010
2025-08-20 10:38:23,926 - INFO - 数据库初始化完成
2025-08-20 10:38:23,940 - WARNING - sh588960 数据不足 (少于250天)，无法生成画像
2025-08-20 10:38:23,941 - INFO - 数据库初始化完成
2025-08-20 10:38:23,941 - INFO - 处理进度 [4149/11571]: sh588960
2025-08-20 10:39:12,220 - WARNING - 股票 sh603085 不存在于观察池中
2025-08-20 10:39:12,220 - INFO - 处理进度 [4150/11571]: sh603085
2025-08-20 10:39:12,221 - INFO - 数据库初始化完成
2025-08-20 10:39:21,976 - WARNING - 股票 sh603289 不存在于观察池中
2025-08-20 10:39:21,977 - INFO - 数据库初始化完成
2025-08-20 10:39:21,977 - INFO - 处理进度 [4151/11571]: sh603289
2025-08-20 10:39:21,988 - WARNING - sh880978 数据不足 (少于250天)，无法生成画像
2025-08-20 10:39:21,989 - INFO - 数据库初始化完成
2025-08-20 10:39:21,989 - INFO - 处理进度 [4152/11571]: sh880978
2025-08-20 10:39:51,024 - WARNING - 股票 sh513800 不存在于观察池中
2025-08-20 10:39:51,025 - INFO - 处理进度 [4153/11571]: sh513800
2025-08-20 10:39:51,025 - INFO - 数据库初始化完成
2025-08-20 10:40:07,343 - WARNING - 股票 sh881032 不存在于观察池中
2025-08-20 10:40:07,345 - INFO - 数据库初始化完成
2025-08-20 10:40:07,345 - INFO - 处理进度 [4154/11571]: sh881032
2025-08-20 10:40:28,283 - WARNING - 股票 sh508098 不存在于观察池中
2025-08-20 10:40:28,284 - INFO - 数据库初始化完成
2025-08-20 10:40:28,284 - INFO - 处理进度 [4155/11571]: sh508098
2025-08-20 10:40:58,921 - WARNING - 股票 sh880749 不存在于观察池中
2025-08-20 10:40:58,922 - INFO - 处理进度 [4156/11571]: sh880749
2025-08-20 10:40:58,923 - INFO - 数据库初始化完成
2025-08-20 10:41:06,323 - WARNING - 股票 sh881155 不存在于观察池中
2025-08-20 10:41:06,324 - INFO - 数据库初始化完成
2025-08-20 10:41:06,324 - INFO - 处理进度 [4157/11571]: sh881155
2025-08-20 10:41:14,195 - WARNING - 股票 sh516600 不存在于观察池中
2025-08-20 10:41:14,197 - INFO - 数据库初始化完成
2025-08-20 10:41:14,197 - INFO - 处理进度 [4158/11571]: sh516600
2025-08-20 10:41:34,547 - WARNING - 股票 sh688331 不存在于观察池中
2025-08-20 10:41:34,549 - INFO - 数据库初始化完成
2025-08-20 10:41:34,549 - INFO - 处理进度 [4159/11571]: sh688331
2025-08-20 10:41:43,115 - WARNING - 股票 sh880360 不存在于观察池中
2025-08-20 10:41:43,116 - INFO - 处理进度 [4160/11571]: sh880360
2025-08-20 10:41:43,117 - INFO - 数据库初始化完成
2025-08-20 10:41:48,749 - WARNING - 股票 sh880752 不存在于观察池中
2025-08-20 10:41:48,751 - INFO - 数据库初始化完成
2025-08-20 10:41:48,751 - INFO - 处理进度 [4161/11571]: sh880752
2025-08-20 10:41:50,684 - WARNING - 股票 sh600381 不存在于观察池中
2025-08-20 10:41:50,685 - INFO - 数据库初始化完成
2025-08-20 10:41:50,685 - INFO - 处理进度 [4162/11571]: sh600381
2025-08-20 10:42:03,636 - WARNING - 股票 sh600713 不存在于观察池中
2025-08-20 10:42:03,637 - INFO - 数据库初始化完成
2025-08-20 10:42:03,638 - INFO - 处理进度 [4163/11571]: sh600713
2025-08-20 10:42:05,553 - WARNING - 股票 sh603331 不存在于观察池中
2025-08-20 10:42:05,554 - INFO - 处理进度 [4164/11571]: sh603331
2025-08-20 10:42:05,554 - INFO - 数据库初始化完成
2025-08-20 10:42:22,345 - WARNING - 股票 sh688571 不存在于观察池中
2025-08-20 10:42:22,346 - INFO - 处理进度 [4165/11571]: sh688571
2025-08-20 10:42:22,346 - INFO - 数据库初始化完成
2025-08-20 10:42:22,357 - WARNING - sh603341 数据不足 (少于250天)，无法生成画像
2025-08-20 10:42:22,358 - INFO - 数据库初始化完成
2025-08-20 10:42:22,358 - INFO - 处理进度 [4166/11571]: sh603341
2025-08-20 10:42:26,116 - WARNING - 股票 sh605298 不存在于观察池中
2025-08-20 10:42:26,117 - INFO - 数据库初始化完成
2025-08-20 10:42:26,117 - INFO - 处理进度 [4167/11571]: sh605298
2025-08-20 10:42:27,330 - WARNING - 股票 sh880303 不存在于观察池中
2025-08-20 10:42:27,330 - INFO - 数据库初始化完成
2025-08-20 10:42:27,331 - INFO - 处理进度 [4168/11571]: sh880303
2025-08-20 10:42:47,421 - WARNING - 股票 sh880486 不存在于观察池中
2025-08-20 10:42:47,422 - INFO - 数据库初始化完成
2025-08-20 10:42:47,423 - INFO - 处理进度 [4169/11571]: sh880486
2025-08-20 10:42:50,638 - WARNING - 股票 sh601988 不存在于观察池中
2025-08-20 10:42:50,639 - INFO - 数据库初始化完成
2025-08-20 10:42:50,640 - INFO - 处理进度 [4170/11571]: sh601988
2025-08-20 10:42:50,651 - WARNING - sh113674 数据不足 (少于250天)，无法生成画像
2025-08-20 10:42:50,652 - INFO - 处理进度 [4171/11571]: sh113674
2025-08-20 10:42:50,652 - INFO - 数据库初始化完成
2025-08-20 10:43:16,595 - WARNING - 股票 sh600660 不存在于观察池中
2025-08-20 10:43:16,596 - INFO - 数据库初始化完成
2025-08-20 10:43:16,596 - INFO - 处理进度 [4172/11571]: sh600660
2025-08-20 10:43:40,086 - WARNING - 股票 sh501008 不存在于观察池中
2025-08-20 10:43:40,087 - INFO - 数据库初始化完成
2025-08-20 10:43:40,087 - INFO - 处理进度 [4173/11571]: sh501008
2025-08-20 10:44:07,564 - WARNING - 股票 sh508068 不存在于观察池中
2025-08-20 10:44:07,565 - INFO - 数据库初始化完成
2025-08-20 10:44:07,565 - INFO - 处理进度 [4174/11571]: sh508068
2025-08-20 10:44:26,211 - WARNING - 股票 sh110087 不存在于观察池中
2025-08-20 10:44:26,212 - INFO - 处理进度 [4175/11571]: sh110087
2025-08-20 10:44:26,213 - INFO - 数据库初始化完成
2025-08-20 10:44:48,843 - WARNING - 股票 sh600733 不存在于观察池中
2025-08-20 10:44:48,844 - INFO - 处理进度 [4176/11571]: sh600733
2025-08-20 10:44:48,845 - INFO - 数据库初始化完成
2025-08-20 10:44:55,581 - WARNING - 差分进化优化失败，使用默认参数
2025-08-20 10:44:55,581 - ERROR - sh512770 参数优化失败，使用默认参数回退
2025-08-20 10:44:55,595 - WARNING - 股票 sh512770 不存在于观察池中
2025-08-20 10:44:55,595 - INFO - 数据库初始化完成
2025-08-20 10:44:55,595 - INFO - 处理进度 [4177/11571]: sh512770
2025-08-20 10:45:01,951 - WARNING - 股票 sh600255 不存在于观察池中
2025-08-20 10:45:01,952 - INFO - 处理进度 [4178/11571]: sh600255
2025-08-20 10:45:01,952 - INFO - 数据库初始化完成
2025-08-20 10:45:03,424 - WARNING - 股票 sh880582 不存在于观察池中
2025-08-20 10:45:03,425 - INFO - 处理进度 [4179/11571]: sh880582
2025-08-20 10:45:03,425 - INFO - 数据库初始化完成
2025-08-20 10:45:32,355 - WARNING - 股票 sh688185 不存在于观察池中
2025-08-20 10:45:32,355 - INFO - 数据库初始化完成
2025-08-20 10:45:32,356 - INFO - 处理进度 [4180/11571]: sh688185
2025-08-20 10:45:39,075 - WARNING - 股票 sh605188 不存在于观察池中
2025-08-20 10:45:39,076 - INFO - 数据库初始化完成
2025-08-20 10:45:39,076 - INFO - 处理进度 [4181/11571]: sh605188
2025-08-20 10:45:42,838 - WARNING - 股票 sh880224 不存在于观察池中
2025-08-20 10:45:42,839 - INFO - 处理进度 [4182/11571]: sh880224
2025-08-20 10:45:42,839 - INFO - 数据库初始化完成
2025-08-20 10:45:42,975 - WARNING - 差分进化优化失败，使用默认参数
2025-08-20 10:45:42,975 - ERROR - sh600053 参数优化失败，使用默认参数回退
2025-08-20 10:45:42,988 - WARNING - 股票 sh600053 不存在于观察池中
2025-08-20 10:45:42,989 - INFO - 数据库初始化完成
2025-08-20 10:45:42,990 - INFO - 处理进度 [4183/11571]: sh600053
2025-08-20 10:45:50,374 - WARNING - 股票 sh512070 不存在于观察池中
2025-08-20 10:45:50,375 - INFO - 处理进度 [4184/11571]: sh512070
2025-08-20 10:45:50,375 - INFO - 数据库初始化完成
2025-08-20 10:45:53,734 - WARNING - 股票 sh515050 不存在于观察池中
2025-08-20 10:45:53,734 - INFO - 处理进度 [4185/11571]: sh515050
2025-08-20 10:45:53,735 - INFO - 数据库初始化完成
2025-08-20 10:45:55,236 - WARNING - 股票 sh688484 不存在于观察池中
2025-08-20 10:45:55,263 - INFO - 数据库初始化完成
2025-08-20 10:45:55,263 - INFO - 处理进度 [4186/11571]: sh688484
2025-08-20 10:46:46,060 - WARNING - 股票 sh688200 不存在于观察池中
2025-08-20 10:46:46,061 - INFO - 数据库初始化完成
2025-08-20 10:46:46,061 - INFO - 处理进度 [4187/11571]: sh688200
2025-08-20 10:46:57,363 - WARNING - 股票 sh880922 不存在于观察池中
2025-08-20 10:46:57,364 - INFO - 数据库初始化完成
2025-08-20 10:46:57,364 - INFO - 处理进度 [4188/11571]: sh880922
2025-08-20 10:47:27,309 - WARNING - 股票 sh688072 不存在于观察池中
2025-08-20 10:47:27,310 - INFO - 处理进度 [4189/11571]: sh688072
2025-08-20 10:47:27,310 - INFO - 数据库初始化完成
2025-08-20 10:47:34,858 - WARNING - 股票 sh688585 不存在于观察池中
2025-08-20 10:47:34,860 - INFO - 数据库初始化完成
2025-08-20 10:47:34,860 - INFO - 处理进度 [4190/11571]: sh688585
2025-08-20 10:47:57,993 - WARNING - 股票 sh513140 不存在于观察池中
2025-08-20 10:47:57,994 - INFO - 数据库初始化完成
2025-08-20 10:47:57,998 - INFO - 处理进度 [4191/11571]: sh513140
2025-08-20 10:48:05,607 - WARNING - 股票 sh603150 不存在于观察池中
2025-08-20 10:48:05,608 - INFO - 处理进度 [4192/11571]: sh603150
2025-08-20 10:48:05,608 - INFO - 数据库初始化完成
2025-08-20 10:48:06,448 - WARNING - 股票 sh600819 不存在于观察池中
2025-08-20 10:48:06,448 - INFO - 数据库初始化完成
2025-08-20 10:48:06,449 - INFO - 处理进度 [4193/11571]: sh600819
2025-08-20 10:48:06,460 - WARNING - sh688646 数据不足 (少于250天)，无法生成画像
2025-08-20 10:48:06,461 - INFO - 处理进度 [4194/11571]: sh688646
2025-08-20 10:48:06,461 - INFO - 数据库初始化完成
2025-08-20 10:48:24,853 - WARNING - 股票 sh516350 不存在于观察池中
2025-08-20 10:48:24,853 - INFO - 处理进度 [4195/11571]: sh516350
2025-08-20 10:48:24,854 - INFO - 数据库初始化完成
2025-08-20 10:48:48,677 - WARNING - 股票 sh601330 不存在于观察池中
2025-08-20 10:48:48,678 - INFO - 数据库初始化完成
2025-08-20 10:48:48,678 - INFO - 处理进度 [4196/11571]: sh601330
2025-08-20 10:48:50,702 - WARNING - 股票 sh880631 不存在于观察池中
2025-08-20 10:48:50,704 - INFO - 处理进度 [4197/11571]: sh880631
2025-08-20 10:48:50,704 - INFO - 数据库初始化完成
2025-08-20 10:50:06,420 - WARNING - 股票 sh601118 不存在于观察池中
2025-08-20 10:50:06,421 - INFO - 数据库初始化完成
2025-08-20 10:50:06,421 - INFO - 处理进度 [4198/11571]: sh601118
2025-08-20 10:50:07,773 - WARNING - 股票 sh603191 不存在于观察池中
2025-08-20 10:50:07,774 - INFO - 数据库初始化完成
2025-08-20 10:50:07,774 - INFO - 处理进度 [4199/11571]: sh603191
2025-08-20 10:50:09,635 - WARNING - 股票 sh512160 不存在于观察池中
2025-08-20 10:50:09,636 - INFO - 数据库初始化完成
2025-08-20 10:50:09,637 - INFO - 处理进度 [4200/11571]: sh512160
2025-08-20 10:50:13,464 - WARNING - 股票 sh600320 不存在于观察池中
2025-08-20 10:50:13,465 - INFO - 数据库初始化完成
2025-08-20 10:50:13,466 - INFO - 处理进度 [4201/11571]: sh600320
2025-08-20 10:50:27,059 - WARNING - 股票 sh881424 不存在于观察池中
2025-08-20 10:50:27,059 - INFO - 数据库初始化完成
2025-08-20 10:50:27,060 - INFO - 处理进度 [4202/11571]: sh881424
2025-08-20 10:50:27,466 - WARNING - 股票 sh880619 不存在于观察池中
2025-08-20 10:50:27,467 - INFO - 处理进度 [4203/11571]: sh880619
2025-08-20 10:50:27,467 - INFO - 数据库初始化完成
2025-08-20 10:50:28,484 - WARNING - 股票 sh603315 不存在于观察池中
2025-08-20 10:50:28,485 - INFO - 处理进度 [4204/11571]: sh603315
2025-08-20 10:50:28,485 - INFO - 数据库初始化完成
2025-08-20 10:50:32,063 - WARNING - 股票 sh600828 不存在于观察池中
2025-08-20 10:50:32,063 - INFO - 数据库初始化完成
2025-08-20 10:50:32,064 - INFO - 处理进度 [4205/11571]: sh600828
2025-08-20 10:50:39,367 - WARNING - 股票 sh516810 不存在于观察池中
2025-08-20 10:50:39,368 - INFO - 数据库初始化完成
2025-08-20 10:50:39,369 - INFO - 处理进度 [4206/11571]: sh516810
2025-08-20 10:50:49,537 - WARNING - 股票 sh880984 不存在于观察池中
2025-08-20 10:50:49,545 - INFO - 处理进度 [4207/11571]: sh880984
2025-08-20 10:50:49,545 - INFO - 数据库初始化完成
2025-08-20 10:50:49,557 - WARNING - sh508002 数据不足 (少于250天)，无法生成画像
2025-08-20 10:50:49,557 - INFO - 数据库初始化完成
2025-08-20 10:50:49,561 - INFO - 处理进度 [4208/11571]: sh508002
2025-08-20 10:51:09,919 - WARNING - 股票 sh600829 不存在于观察池中
2025-08-20 10:51:09,920 - INFO - 处理进度 [4209/11571]: sh600829
2025-08-20 10:51:09,920 - INFO - 数据库初始化完成
2025-08-20 10:51:12,241 - WARNING - 股票 sh501200 不存在于观察池中
2025-08-20 10:51:12,241 - INFO - 数据库初始化完成
2025-08-20 10:51:12,242 - INFO - 处理进度 [4210/11571]: sh501200
2025-08-20 10:51:19,313 - WARNING - 股票 sh880799 不存在于观察池中
2025-08-20 10:51:19,314 - INFO - 处理进度 [4211/11571]: sh880799
2025-08-20 10:51:19,314 - INFO - 数据库初始化完成
2025-08-20 10:52:10,033 - WARNING - 股票 sh600298 不存在于观察池中
2025-08-20 10:52:10,034 - INFO - 数据库初始化完成
2025-08-20 10:52:10,034 - INFO - 处理进度 [4212/11571]: sh600298
2025-08-20 10:52:10,035 - WARNING - sh561750 数据不足 (少于250天)，无法生成画像
2025-08-20 10:52:10,036 - INFO - 处理进度 [4213/11571]: sh561750
2025-08-20 10:52:10,036 - INFO - 数据库初始化完成
2025-08-20 10:52:16,866 - WARNING - 股票 sh603126 不存在于观察池中
2025-08-20 10:52:16,867 - INFO - 数据库初始化完成
2025-08-20 10:52:16,867 - INFO - 处理进度 [4214/11571]: sh603126
2025-08-20 10:53:15,098 - WARNING - 股票 sh501073 不存在于观察池中
2025-08-20 10:53:15,099 - INFO - 数据库初始化完成
2025-08-20 10:53:15,100 - INFO - 处理进度 [4215/11571]: sh501073
2025-08-20 10:53:15,195 - WARNING - 股票 sh603687 不存在于观察池中
2025-08-20 10:53:15,196 - INFO - 数据库初始化完成
2025-08-20 10:53:15,198 - INFO - 处理进度 [4216/11571]: sh603687
2025-08-20 10:53:15,206 - WARNING - sh560690 数据不足 (少于250天)，无法生成画像
2025-08-20 10:53:15,207 - INFO - 处理进度 [4217/11571]: sh560690
2025-08-20 10:53:15,207 - INFO - 数据库初始化完成
2025-08-20 10:53:22,910 - WARNING - 股票 sh508009 不存在于观察池中
2025-08-20 10:53:22,910 - INFO - 处理进度 [4218/11571]: sh508009
2025-08-20 10:53:22,911 - INFO - 数据库初始化完成
2025-08-20 10:53:24,239 - WARNING - 股票 sh601618 不存在于观察池中
2025-08-20 10:53:24,240 - INFO - 处理进度 [4219/11571]: sh601618
2025-08-20 10:53:24,240 - INFO - 数据库初始化完成
2025-08-20 10:54:32,975 - WARNING - 股票 sh881334 不存在于观察池中
2025-08-20 10:54:32,976 - INFO - 数据库初始化完成
2025-08-20 10:54:32,976 - INFO - 处理进度 [4220/11571]: sh881334
2025-08-20 10:54:34,639 - WARNING - 差分进化优化失败，使用默认参数
2025-08-20 10:54:34,665 - ERROR - sh113648 参数优化失败，使用默认参数回退
2025-08-20 10:54:34,681 - WARNING - 股票 sh113648 不存在于观察池中
2025-08-20 10:54:34,682 - INFO - 数据库初始化完成
2025-08-20 10:54:34,683 - INFO - 处理进度 [4221/11571]: sh113648
2025-08-20 10:54:41,692 - WARNING - 股票 sh881394 不存在于观察池中
2025-08-20 10:54:41,693 - INFO - 处理进度 [4222/11571]: sh881394
2025-08-20 10:54:41,694 - INFO - 数据库初始化完成
2025-08-20 10:55:19,119 - WARNING - 股票 sh601999 不存在于观察池中
2025-08-20 10:55:19,120 - INFO - 数据库初始化完成
2025-08-20 10:55:19,120 - INFO - 处理进度 [4223/11571]: sh601999
2025-08-20 10:55:19,133 - WARNING - sh113686 数据不足 (少于250天)，无法生成画像
2025-08-20 10:55:19,133 - INFO - 处理进度 [4224/11571]: sh113686
2025-08-20 10:55:19,134 - INFO - 数据库初始化完成
2025-08-20 10:55:32,348 - WARNING - 股票 sh880047 不存在于观察池中
2025-08-20 10:55:32,348 - INFO - 处理进度 [4225/11571]: sh880047
2025-08-20 10:55:32,349 - INFO - 数据库初始化完成
2025-08-20 10:55:35,800 - WARNING - 股票 sh603988 不存在于观察池中
2025-08-20 10:55:35,801 - INFO - 数据库初始化完成
2025-08-20 10:55:35,801 - INFO - 处理进度 [4226/11571]: sh603988
2025-08-20 10:55:44,369 - WARNING - 股票 sh113050 不存在于观察池中
2025-08-20 10:55:44,369 - INFO - 处理进度 [4227/11571]: sh113050
2025-08-20 10:55:44,370 - INFO - 数据库初始化完成
2025-08-20 10:55:49,220 - WARNING - 股票 sh881430 不存在于观察池中
2025-08-20 10:55:49,221 - INFO - 数据库初始化完成
2025-08-20 10:55:49,221 - INFO - 处理进度 [4228/11571]: sh881430
2025-08-20 10:56:02,055 - WARNING - 股票 sh600575 不存在于观察池中
2025-08-20 10:56:02,057 - INFO - 数据库初始化完成
2025-08-20 10:56:02,057 - INFO - 处理进度 [4229/11571]: sh600575
2025-08-20 10:56:04,212 - WARNING - 股票 sh600967 不存在于观察池中
2025-08-20 10:56:04,213 - INFO - 数据库初始化完成
2025-08-20 10:56:04,213 - INFO - 处理进度 [4230/11571]: sh600967
2025-08-20 10:56:15,402 - WARNING - 股票 sh881031 不存在于观察池中
2025-08-20 10:56:15,403 - INFO - 处理进度 [4231/11571]: sh881031
2025-08-20 10:56:15,403 - INFO - 数据库初始化完成
2025-08-20 10:56:18,813 - WARNING - 差分进化优化失败，使用默认参数
2025-08-20 10:56:18,813 - ERROR - sh880453 参数优化失败，使用默认参数回退
2025-08-20 10:56:18,827 - WARNING - 股票 sh880453 不存在于观察池中
2025-08-20 10:56:18,828 - INFO - 数据库初始化完成
2025-08-20 10:56:18,829 - INFO - 处理进度 [4232/11571]: sh880453
2025-08-20 10:56:19,831 - WARNING - 股票 sh601008 不存在于观察池中
2025-08-20 10:56:19,832 - INFO - 处理进度 [4233/11571]: sh601008
2025-08-20 10:56:19,832 - INFO - 数据库初始化完成
2025-08-20 10:56:20,008 - WARNING - 股票 sh603109 不存在于观察池中
2025-08-20 10:56:20,009 - INFO - 数据库初始化完成
2025-08-20 10:56:20,009 - INFO - 处理进度 [4234/11571]: sh603109
2025-08-20 10:56:30,127 - WARNING - 股票 sh601568 不存在于观察池中
2025-08-20 10:56:30,128 - INFO - 数据库初始化完成
2025-08-20 10:56:30,128 - INFO - 处理进度 [4235/11571]: sh601568
2025-08-20 10:56:30,138 - WARNING - sh111020 数据不足 (少于250天)，无法生成画像
2025-08-20 10:56:30,139 - INFO - 处理进度 [4236/11571]: sh111020
2025-08-20 10:56:30,139 - INFO - 数据库初始化完成
2025-08-20 10:56:30,147 - WARNING - sh603271 数据不足 (少于250天)，无法生成画像
2025-08-20 10:56:30,148 - INFO - 处理进度 [4237/11571]: sh603271
2025-08-20 10:56:30,148 - INFO - 数据库初始化完成
2025-08-20 10:56:30,166 - WARNING - sh688458 数据不足 (少于250天)，无法生成画像
2025-08-20 10:56:30,167 - INFO - 处理进度 [4238/11571]: sh688458
2025-08-20 10:56:30,167 - INFO - 数据库初始化完成
2025-08-20 10:57:06,061 - WARNING - 差分进化优化失败，使用默认参数
2025-08-20 10:57:06,061 - ERROR - sh880081 参数优化失败，使用默认参数回退
2025-08-20 10:57:06,075 - WARNING - 股票 sh880081 不存在于观察池中
2025-08-20 10:57:06,075 - INFO - 处理进度 [4239/11571]: sh880081
2025-08-20 10:57:06,075 - INFO - 数据库初始化完成
2025-08-20 10:57:08,273 - WARNING - 股票 sh880594 不存在于观察池中
2025-08-20 10:57:08,274 - INFO - 数据库初始化完成
2025-08-20 10:57:08,275 - INFO - 处理进度 [4240/11571]: sh880594
2025-08-20 10:57:13,694 - WARNING - 股票 sh603128 不存在于观察池中
2025-08-20 10:57:13,695 - INFO - 数据库初始化完成
2025-08-20 10:57:13,696 - INFO - 处理进度 [4241/11571]: sh603128
2025-08-20 10:57:26,328 - WARNING - 股票 sh881405 不存在于观察池中
2025-08-20 10:57:26,330 - INFO - 数据库初始化完成
2025-08-20 10:57:26,330 - INFO - 处理进度 [4242/11571]: sh881405
2025-08-20 10:57:31,511 - WARNING - 股票 sh900946 不存在于观察池中
2025-08-20 10:57:31,512 - INFO - 处理进度 [4243/11571]: sh900946
2025-08-20 10:57:31,513 - INFO - 数据库初始化完成
2025-08-20 10:58:31,127 - WARNING - 股票 sh600865 不存在于观察池中
2025-08-20 10:58:31,128 - INFO - 数据库初始化完成
2025-08-20 10:58:31,128 - INFO - 处理进度 [4244/11571]: sh600865
2025-08-20 10:58:44,023 - WARNING - 股票 sh880410 不存在于观察池中
2025-08-20 10:58:44,024 - INFO - 数据库初始化完成
2025-08-20 10:58:44,024 - INFO - 处理进度 [4245/11571]: sh880410
2025-08-20 10:59:26,200 - WARNING - 股票 sh900905 不存在于观察池中
2025-08-20 10:59:26,201 - INFO - 数据库初始化完成
2025-08-20 10:59:26,201 - INFO - 处理进度 [4246/11571]: sh900905
2025-08-20 10:59:26,211 - WARNING - sh513820 数据不足 (少于250天)，无法生成画像
2025-08-20 10:59:26,212 - INFO - 数据库初始化完成
2025-08-20 10:59:26,212 - INFO - 处理进度 [4247/11571]: sh513820
2025-08-20 10:59:28,205 - WARNING - 股票 sh600236 不存在于观察池中
2025-08-20 10:59:28,206 - INFO - 数据库初始化完成
2025-08-20 10:59:28,206 - INFO - 处理进度 [4248/11571]: sh600236
2025-08-20 10:59:34,258 - WARNING - 股票 sh600637 不存在于观察池中
2025-08-20 10:59:34,259 - INFO - 处理进度 [4249/11571]: sh600637
2025-08-20 10:59:34,259 - INFO - 数据库初始化完成
2025-08-20 10:59:44,079 - WARNING - 股票 sh600610 不存在于观察池中
2025-08-20 10:59:44,080 - INFO - 数据库初始化完成
2025-08-20 10:59:44,080 - INFO - 处理进度 [4250/11571]: sh600610
2025-08-20 10:59:44,081 - WARNING - sh512130 数据不足 (少于250天)，无法生成画像
2025-08-20 10:59:44,083 - INFO - 处理进度 [4251/11571]: sh512130
2025-08-20 10:59:44,083 - INFO - 数据库初始化完成
2025-08-20 10:59:48,252 - WARNING - 股票 sh880774 不存在于观察池中
2025-08-20 10:59:48,253 - INFO - 数据库初始化完成
2025-08-20 10:59:48,254 - INFO - 处理进度 [4252/11571]: sh880774
2025-08-20 10:59:50,378 - WARNING - 股票 sh601328 不存在于观察池中
2025-08-20 10:59:50,379 - INFO - 处理进度 [4253/11571]: sh601328
2025-08-20 10:59:50,379 - INFO - 数据库初始化完成
2025-08-20 11:00:56,502 - WARNING - 股票 sh605208 不存在于观察池中
2025-08-20 11:00:56,503 - INFO - 处理进度 [4254/11571]: sh605208
2025-08-20 11:00:56,503 - INFO - 数据库初始化完成
2025-08-20 11:01:03,163 - WARNING - 股票 sh881339 不存在于观察池中
2025-08-20 11:01:03,164 - INFO - 数据库初始化完成
2025-08-20 11:01:03,166 - INFO - 处理进度 [4255/11571]: sh881339
2025-08-20 11:01:13,196 - WARNING - 股票 sh501311 不存在于观察池中
2025-08-20 11:01:13,197 - INFO - 处理进度 [4256/11571]: sh501311
2025-08-20 11:01:13,197 - INFO - 数据库初始化完成
2025-08-20 11:01:20,367 - WARNING - 股票 sh600641 不存在于观察池中
2025-08-20 11:01:20,368 - INFO - 数据库初始化完成
2025-08-20 11:01:20,368 - INFO - 处理进度 [4257/11571]: sh600641
2025-08-20 11:01:24,284 - WARNING - 差分进化优化失败，使用默认参数
2025-08-20 11:01:24,284 - ERROR - sh113634 参数优化失败，使用默认参数回退
2025-08-20 11:01:24,298 - WARNING - 股票 sh113634 不存在于观察池中
2025-08-20 11:01:24,299 - INFO - 处理进度 [4258/11571]: sh113634
2025-08-20 11:01:24,299 - INFO - 数据库初始化完成
2025-08-20 11:01:24,301 - WARNING - sh880912 数据不足 (少于250天)，无法生成画像
2025-08-20 11:01:24,301 - INFO - 数据库初始化完成
2025-08-20 11:01:24,302 - INFO - 处理进度 [4259/11571]: sh880912
2025-08-20 11:01:36,470 - WARNING - 股票 sh603078 不存在于观察池中
2025-08-20 11:01:36,471 - INFO - 数据库初始化完成
2025-08-20 11:01:36,471 - INFO - 处理进度 [4260/11571]: sh603078
2025-08-20 11:01:38,707 - WARNING - 股票 sh881202 不存在于观察池中
2025-08-20 11:01:38,708 - INFO - 处理进度 [4261/11571]: sh881202
2025-08-20 11:01:38,709 - INFO - 数据库初始化完成
2025-08-20 11:01:51,373 - WARNING - 股票 sh603327 不存在于观察池中
2025-08-20 11:01:51,374 - INFO - 数据库初始化完成
2025-08-20 11:01:51,374 - INFO - 处理进度 [4262/11571]: sh603327
2025-08-20 11:02:21,721 - WARNING - 股票 sh512180 不存在于观察池中
2025-08-20 11:02:21,722 - INFO - 数据库初始化完成
2025-08-20 11:02:21,722 - INFO - 处理进度 [4263/11571]: sh512180
2025-08-20 11:02:31,881 - WARNING - 股票 sh880587 不存在于观察池中
2025-08-20 11:02:31,882 - INFO - 数据库初始化完成
2025-08-20 11:02:31,882 - INFO - 处理进度 [4264/11571]: sh880587
2025-08-20 11:02:37,304 - WARNING - 股票 sh601113 不存在于观察池中
2025-08-20 11:02:37,305 - INFO - 数据库初始化完成
2025-08-20 11:02:37,305 - INFO - 处理进度 [4265/11571]: sh601113
2025-08-20 11:03:05,364 - WARNING - 股票 sh601065 不存在于观察池中
2025-08-20 11:03:05,365 - INFO - 数据库初始化完成
2025-08-20 11:03:05,366 - INFO - 处理进度 [4266/11571]: sh601065
2025-08-20 11:03:07,104 - WARNING - 股票 sh113597 不存在于观察池中
2025-08-20 11:03:07,106 - INFO - 数据库初始化完成
2025-08-20 11:03:07,106 - INFO - 处理进度 [4267/11571]: sh113597
2025-08-20 11:03:28,051 - WARNING - 股票 sh600834 不存在于观察池中
2025-08-20 11:03:28,052 - INFO - 处理进度 [4268/11571]: sh600834
2025-08-20 11:03:28,052 - INFO - 数据库初始化完成
2025-08-20 11:03:49,182 - WARNING - 差分进化优化失败，使用默认参数
2025-08-20 11:03:49,182 - ERROR - sh881200 参数优化失败，使用默认参数回退
2025-08-20 11:03:49,196 - WARNING - 股票 sh881200 不存在于观察池中
2025-08-20 11:03:49,197 - INFO - 数据库初始化完成
2025-08-20 11:03:49,197 - INFO - 处理进度 [4269/11571]: sh881200
2025-08-20 11:04:22,755 - WARNING - 股票 sh880627 不存在于观察池中
2025-08-20 11:04:22,756 - INFO - 处理进度 [4270/11571]: sh880627
2025-08-20 11:04:22,756 - INFO - 数据库初始化完成
2025-08-20 11:04:46,207 - WARNING - 股票 sh880661 不存在于观察池中
2025-08-20 11:04:46,208 - INFO - 数据库初始化完成
2025-08-20 11:04:46,209 - INFO - 处理进度 [4271/11571]: sh880661
2025-08-20 11:04:47,284 - WARNING - 股票 sh603565 不存在于观察池中
2025-08-20 11:04:47,293 - INFO - 数据库初始化完成
2025-08-20 11:04:47,293 - INFO - 处理进度 [4272/11571]: sh603565
2025-08-20 11:04:51,075 - WARNING - 股票 sh880515 不存在于观察池中
2025-08-20 11:04:51,076 - INFO - 处理进度 [4273/11571]: sh880515
2025-08-20 11:04:51,077 - INFO - 数据库初始化完成
2025-08-20 11:05:23,532 - WARNING - 股票 sh688116 不存在于观察池中
2025-08-20 11:05:23,533 - INFO - 数据库初始化完成
2025-08-20 11:05:23,533 - INFO - 处理进度 [4274/11571]: sh688116
2025-08-20 11:05:24,103 - WARNING - 差分进化优化失败，使用默认参数
2025-08-20 11:05:24,103 - ERROR - sh118032 参数优化失败，使用默认参数回退
2025-08-20 11:05:24,117 - WARNING - 股票 sh118032 不存在于观察池中
2025-08-20 11:05:24,118 - INFO - 处理进度 [4275/11571]: sh118032
2025-08-20 11:05:24,118 - INFO - 数据库初始化完成
2025-08-20 11:06:01,702 - WARNING - 股票 sh600008 不存在于观察池中
2025-08-20 11:06:01,703 - INFO - 数据库初始化完成
2025-08-20 11:06:01,705 - INFO - 处理进度 [4276/11571]: sh600008
2025-08-20 11:06:02,984 - WARNING - 股票 sh881117 不存在于观察池中
2025-08-20 11:06:02,985 - INFO - 处理进度 [4277/11571]: sh881117
2025-08-20 11:06:02,985 - INFO - 数据库初始化完成
2025-08-20 11:06:28,325 - WARNING - 股票 sh881316 不存在于观察池中
2025-08-20 11:06:28,326 - INFO - 数据库初始化完成
2025-08-20 11:06:28,326 - INFO - 处理进度 [4278/11571]: sh881316
2025-08-20 11:06:58,291 - WARNING - 股票 sh515960 不存在于观察池中
2025-08-20 11:06:58,291 - INFO - 处理进度 [4279/11571]: sh515960
2025-08-20 11:06:58,292 - INFO - 数据库初始化完成
2025-08-20 11:07:21,438 - WARNING - 股票 sh515630 不存在于观察池中
2025-08-20 11:07:21,439 - INFO - 数据库初始化完成
2025-08-20 11:07:21,440 - INFO - 处理进度 [4280/11571]: sh515630
2025-08-20 11:07:23,539 - WARNING - 股票 sh688087 不存在于观察池中
2025-08-20 11:07:23,540 - INFO - 数据库初始化完成
2025-08-20 11:07:23,540 - INFO - 处理进度 [4281/11571]: sh688087
2025-08-20 11:07:25,525 - WARNING - 股票 sh600081 不存在于观察池中
2025-08-20 11:07:25,526 - INFO - 数据库初始化完成
2025-08-20 11:07:25,526 - INFO - 处理进度 [4282/11571]: sh600081
2025-08-20 11:07:25,540 - WARNING - sh880693 数据不足 (少于250天)，无法生成画像
2025-08-20 11:07:25,540 - INFO - 数据库初始化完成
2025-08-20 11:07:25,540 - INFO - 处理进度 [4283/11571]: sh880693
2025-08-20 11:07:47,926 - WARNING - 股票 sh688293 不存在于观察池中
2025-08-20 11:07:47,927 - INFO - 处理进度 [4284/11571]: sh688293
2025-08-20 11:07:47,927 - INFO - 数据库初始化完成
2025-08-20 11:07:59,440 - WARNING - 差分进化优化失败，使用默认参数
2025-08-20 11:07:59,440 - ERROR - sh515990 参数优化失败，使用默认参数回退
2025-08-20 11:07:59,454 - WARNING - 股票 sh515990 不存在于观察池中
2025-08-20 11:07:59,455 - INFO - 数据库初始化完成
2025-08-20 11:07:59,455 - INFO - 处理进度 [4285/11571]: sh515990
2025-08-20 11:07:59,470 - WARNING - sh113680 数据不足 (少于250天)，无法生成画像
2025-08-20 11:07:59,471 - INFO - 处理进度 [4286/11571]: sh113680
2025-08-20 11:07:59,471 - INFO - 数据库初始化完成
2025-08-20 11:07:59,481 - WARNING - sh562570 数据不足 (少于250天)，无法生成画像
2025-08-20 11:07:59,481 - INFO - 处理进度 [4287/11571]: sh562570
2025-08-20 11:07:59,482 - INFO - 数据库初始化完成
2025-08-20 11:08:05,505 - WARNING - 股票 sh603919 不存在于观察池中
2025-08-20 11:08:05,506 - INFO - 处理进度 [4288/11571]: sh603919
2025-08-20 11:08:05,506 - INFO - 数据库初始化完成
2025-08-20 11:08:21,303 - WARNING - 差分进化优化失败，使用默认参数
2025-08-20 11:08:21,303 - ERROR - sh601222 参数优化失败，使用默认参数回退
2025-08-20 11:08:21,318 - WARNING - 股票 sh601222 不存在于观察池中
2025-08-20 11:08:21,319 - INFO - 数据库初始化完成
2025-08-20 11:08:21,323 - INFO - 处理进度 [4289/11571]: sh601222
2025-08-20 11:08:29,986 - WARNING - 股票 sh900940 不存在于观察池中
2025-08-20 11:08:29,987 - INFO - 数据库初始化完成
2025-08-20 11:08:29,987 - INFO - 处理进度 [4290/11571]: sh900940
2025-08-20 11:08:30,001 - WARNING - sh118035 数据不足 (少于250天)，无法生成画像
2025-08-20 11:08:30,002 - INFO - 处理进度 [4291/11571]: sh118035
2025-08-20 11:08:30,002 - INFO - 数据库初始化完成
2025-08-20 11:08:30,013 - WARNING - sh560750 数据不足 (少于250天)，无法生成画像
2025-08-20 11:08:30,014 - INFO - 处理进度 [4292/11571]: sh560750
2025-08-20 11:08:30,014 - INFO - 数据库初始化完成
2025-08-20 11:08:31,511 - WARNING - 股票 sh603968 不存在于观察池中
2025-08-20 11:08:31,512 - INFO - 数据库初始化完成
2025-08-20 11:08:31,512 - INFO - 处理进度 [4293/11571]: sh603968
2025-08-20 11:08:38,055 - WARNING - 股票 sh603916 不存在于观察池中
2025-08-20 11:08:38,056 - INFO - 数据库初始化完成
2025-08-20 11:08:38,057 - INFO - 处理进度 [4294/11571]: sh603916
2025-08-20 11:09:21,398 - WARNING - 股票 sh561330 不存在于观察池中
2025-08-20 11:09:21,399 - INFO - 处理进度 [4295/11571]: sh561330
2025-08-20 11:09:21,399 - INFO - 数据库初始化完成
2025-08-20 11:09:24,719 - WARNING - 股票 sh603527 不存在于观察池中
2025-08-20 11:09:24,720 - INFO - 数据库初始化完成
2025-08-20 11:09:24,720 - INFO - 处理进度 [4296/11571]: sh603527
2025-08-20 11:09:42,354 - WARNING - 股票 sh688183 不存在于观察池中
2025-08-20 11:09:42,355 - INFO - 数据库初始化完成
2025-08-20 11:09:42,355 - INFO - 处理进度 [4297/11571]: sh688183
2025-08-20 11:09:49,271 - WARNING - 差分进化优化失败，使用默认参数
2025-08-20 11:09:49,272 - ERROR - sh516960 参数优化失败，使用默认参数回退
2025-08-20 11:09:49,285 - WARNING - 股票 sh516960 不存在于观察池中
2025-08-20 11:09:49,286 - INFO - 数据库初始化完成
2025-08-20 11:09:49,286 - INFO - 处理进度 [4298/11571]: sh516960
2025-08-20 11:10:14,769 - WARNING - 股票 sh603010 不存在于观察池中
2025-08-20 11:10:14,769 - INFO - 数据库初始化完成
2025-08-20 11:10:14,770 - INFO - 处理进度 [4299/11571]: sh603010
2025-08-20 11:10:14,851 - WARNING - 股票 sh603221 不存在于观察池中
2025-08-20 11:10:14,852 - INFO - 处理进度 [4300/11571]: sh603221
2025-08-20 11:10:14,852 - INFO - 数据库初始化完成
2025-08-20 11:10:24,357 - WARNING - 股票 sh881214 不存在于观察池中
2025-08-20 11:10:24,358 - INFO - 数据库初始化完成
2025-08-20 11:10:24,358 - INFO - 处理进度 [4301/11571]: sh881214
2025-08-20 11:10:29,199 - WARNING - 股票 sh513180 不存在于观察池中
2025-08-20 11:10:29,199 - INFO - 数据库初始化完成
2025-08-20 11:10:29,200 - INFO - 处理进度 [4302/11571]: sh513180
2025-08-20 11:10:55,550 - WARNING - 股票 sh600482 不存在于观察池中
2025-08-20 11:10:55,551 - INFO - 处理进度 [4303/11571]: sh600482
2025-08-20 11:10:55,552 - INFO - 数据库初始化完成
2025-08-20 11:10:58,320 - WARNING - 股票 sh880347 不存在于观察池中
2025-08-20 11:10:58,321 - INFO - 数据库初始化完成
2025-08-20 11:10:58,321 - INFO - 处理进度 [4304/11571]: sh880347
2025-08-20 11:11:01,706 - WARNING - 股票 sh688600 不存在于观察池中
2025-08-20 11:11:01,707 - INFO - 数据库初始化完成
2025-08-20 11:11:01,707 - INFO - 处理进度 [4305/11571]: sh688600
2025-08-20 11:11:32,288 - WARNING - 股票 sh688031 不存在于观察池中
2025-08-20 11:11:32,289 - INFO - 数据库初始化完成
2025-08-20 11:11:32,289 - INFO - 处理进度 [4306/11571]: sh688031
2025-08-20 11:11:32,302 - WARNING - sh560350 数据不足 (少于250天)，无法生成画像
2025-08-20 11:11:32,302 - INFO - 处理进度 [4307/11571]: sh560350
2025-08-20 11:11:32,303 - INFO - 数据库初始化完成
2025-08-20 11:12:04,559 - WARNING - 股票 sh515590 不存在于观察池中
2025-08-20 11:12:04,560 - INFO - 数据库初始化完成
2025-08-20 11:12:04,562 - INFO - 处理进度 [4308/11571]: sh515590
2025-08-20 11:12:05,315 - WARNING - 股票 sh501208 不存在于观察池中
2025-08-20 11:12:05,316 - INFO - 数据库初始化完成
2025-08-20 11:12:05,316 - INFO - 处理进度 [4309/11571]: sh501208
2025-08-20 11:13:11,994 - WARNING - 股票 sh600021 不存在于观察池中
2025-08-20 11:13:11,994 - INFO - 处理进度 [4310/11571]: sh600021
2025-08-20 11:13:11,995 - INFO - 数据库初始化完成
2025-08-20 11:13:12,007 - WARNING - sh880703 数据不足 (少于250天)，无法生成画像
2025-08-20 11:13:12,008 - INFO - 数据库初始化完成
2025-08-20 11:13:12,008 - INFO - 处理进度 [4311/11571]: sh880703
2025-08-20 11:13:14,404 - WARNING - 股票 sh688596 不存在于观察池中
2025-08-20 11:13:14,405 - INFO - 处理进度 [4312/11571]: sh688596
2025-08-20 11:13:14,405 - INFO - 数据库初始化完成
2025-08-20 11:13:59,678 - WARNING - 股票 sh880520 不存在于观察池中
2025-08-20 11:13:59,679 - INFO - 处理进度 [4313/11571]: sh880520
2025-08-20 11:13:59,679 - INFO - 数据库初始化完成
2025-08-20 11:13:59,690 - WARNING - sh603231 数据不足 (少于250天)，无法生成画像
2025-08-20 11:13:59,691 - INFO - 数据库初始化完成
2025-08-20 11:13:59,691 - INFO - 处理进度 [4314/11571]: sh603231
2025-08-20 11:13:59,765 - WARNING - 股票 sh881374 不存在于观察池中
2025-08-20 11:13:59,765 - INFO - 处理进度 [4315/11571]: sh881374
2025-08-20 11:13:59,765 - INFO - 数据库初始化完成
2025-08-20 11:13:59,777 - WARNING - sh880579 数据不足 (少于250天)，无法生成画像
2025-08-20 11:13:59,777 - INFO - 处理进度 [4316/11571]: sh880579
2025-08-20 11:13:59,778 - INFO - 数据库初始化完成
2025-08-20 11:13:59,786 - WARNING - sh588840 数据不足 (少于250天)，无法生成画像
2025-08-20 11:13:59,787 - INFO - 数据库初始化完成
2025-08-20 11:13:59,787 - INFO - 处理进度 [4317/11571]: sh588840
2025-08-20 11:14:02,558 - WARNING - 股票 sh603728 不存在于观察池中
2025-08-20 11:14:02,559 - INFO - 处理进度 [4318/11571]: sh603728
2025-08-20 11:14:02,560 - INFO - 数据库初始化完成
2025-08-20 11:15:08,819 - WARNING - 差分进化优化失败，使用默认参数
2025-08-20 11:15:08,819 - ERROR - sh880729 参数优化失败，使用默认参数回退
2025-08-20 11:15:08,832 - WARNING - 股票 sh880729 不存在于观察池中
2025-08-20 11:15:08,833 - INFO - 数据库初始化完成
2025-08-20 11:15:08,836 - INFO - 处理进度 [4319/11571]: sh880729
2025-08-20 11:15:08,842 - WARNING - sh512080 数据不足 (少于250天)，无法生成画像
2025-08-20 11:15:08,843 - INFO - 处理进度 [4320/11571]: sh512080
2025-08-20 11:15:08,843 - INFO - 数据库初始化完成
2025-08-20 11:15:24,049 - WARNING - 股票 sh880813 不存在于观察池中
2025-08-20 11:15:24,050 - INFO - 数据库初始化完成
2025-08-20 11:15:24,050 - INFO - 处理进度 [4321/11571]: sh880813
2025-08-20 11:15:24,060 - WARNING - sh520600 数据不足 (少于250天)，无法生成画像
2025-08-20 11:15:24,061 - INFO - 数据库初始化完成
2025-08-20 11:15:24,061 - INFO - 处理进度 [4322/11571]: sh520600
2025-08-20 11:15:26,111 - WARNING - 股票 sh510900 不存在于观察池中
2025-08-20 11:15:26,112 - INFO - 处理进度 [4323/11571]: sh510900
2025-08-20 11:15:26,112 - INFO - 数据库初始化完成
2025-08-20 11:15:27,045 - WARNING - 股票 sh600648 不存在于观察池中
2025-08-20 11:15:27,045 - INFO - 数据库初始化完成
2025-08-20 11:15:27,046 - INFO - 处理进度 [4324/11571]: sh600648
2025-08-20 11:15:34,138 - WARNING - 股票 sh900901 不存在于观察池中
2025-08-20 11:15:34,138 - INFO - 处理进度 [4325/11571]: sh900901
2025-08-20 11:15:34,139 - INFO - 数据库初始化完成
2025-08-20 11:15:56,418 - WARNING - 差分进化优化失败，使用默认参数
2025-08-20 11:15:56,418 - ERROR - sh605177 参数优化失败，使用默认参数回退
2025-08-20 11:15:56,432 - WARNING - 股票 sh605177 不存在于观察池中
2025-08-20 11:15:56,432 - INFO - 处理进度 [4326/11571]: sh605177
2025-08-20 11:15:56,433 - INFO - 数据库初始化完成
2025-08-20 11:15:57,480 - WARNING - 股票 sh605168 不存在于观察池中
2025-08-20 11:15:57,482 - INFO - 处理进度 [4327/11571]: sh605168
2025-08-20 11:15:57,482 - INFO - 数据库初始化完成
2025-08-20 11:16:02,885 - WARNING - 股票 sh601808 不存在于观察池中
2025-08-20 11:16:02,885 - INFO - 数据库初始化完成
2025-08-20 11:16:02,886 - INFO - 处理进度 [4328/11571]: sh601808
2025-08-20 11:16:02,897 - WARNING - sh118049 数据不足 (少于250天)，无法生成画像
2025-08-20 11:16:02,899 - INFO - 处理进度 [4329/11571]: sh118049
2025-08-20 11:16:02,900 - INFO - 数据库初始化完成
2025-08-20 11:16:10,900 - WARNING - 股票 sh603600 不存在于观察池中
2025-08-20 11:16:10,901 - INFO - 数据库初始化完成
2025-08-20 11:16:10,901 - INFO - 处理进度 [4330/11571]: sh603600
2025-08-20 11:16:22,982 - WARNING - 股票 sh881091 不存在于观察池中
2025-08-20 11:16:22,983 - INFO - 处理进度 [4331/11571]: sh881091
2025-08-20 11:16:22,983 - INFO - 数据库初始化完成
2025-08-20 11:16:24,476 - WARNING - 股票 sh600866 不存在于观察池中
2025-08-20 11:16:24,477 - INFO - 数据库初始化完成
2025-08-20 11:16:24,477 - INFO - 处理进度 [4332/11571]: sh600866
2025-08-20 11:16:32,523 - WARNING - 股票 sh880802 不存在于观察池中
2025-08-20 11:16:32,524 - INFO - 数据库初始化完成
2025-08-20 11:16:32,524 - INFO - 处理进度 [4333/11571]: sh880802
2025-08-20 11:17:07,394 - WARNING - 差分进化优化失败，使用默认参数
2025-08-20 11:17:07,394 - ERROR - sh881327 参数优化失败，使用默认参数回退
2025-08-20 11:17:07,408 - WARNING - 股票 sh881327 不存在于观察池中
2025-08-20 11:17:07,409 - INFO - 处理进度 [4334/11571]: sh881327
2025-08-20 11:17:07,409 - INFO - 数据库初始化完成
2025-08-20 11:17:12,296 - WARNING - 差分进化优化失败，使用默认参数
2025-08-20 11:17:12,297 - ERROR - sh600567 参数优化失败，使用默认参数回退
2025-08-20 11:17:12,310 - WARNING - 股票 sh600567 不存在于观察池中
2025-08-20 11:17:12,311 - INFO - 数据库初始化完成
2025-08-20 11:17:12,311 - INFO - 处理进度 [4335/11571]: sh600567
2025-08-20 11:17:26,206 - WARNING - 股票 sh688677 不存在于观察池中
2025-08-20 11:17:26,207 - INFO - 数据库初始化完成
2025-08-20 11:17:26,210 - INFO - 处理进度 [4336/11571]: sh688677
2025-08-20 11:17:46,300 - WARNING - 股票 sh512150 不存在于观察池中
2025-08-20 11:17:46,301 - INFO - 处理进度 [4337/11571]: sh512150
2025-08-20 11:17:46,301 - INFO - 数据库初始化完成
2025-08-20 11:17:46,303 - WARNING - sh603202 数据不足 (少于250天)，无法生成画像
2025-08-20 11:17:46,303 - INFO - 数据库初始化完成
2025-08-20 11:17:46,304 - INFO - 处理进度 [4338/11571]: sh603202
2025-08-20 11:17:49,070 - WARNING - 股票 sh600229 不存在于观察池中
2025-08-20 11:17:49,070 - INFO - 处理进度 [4339/11571]: sh600229
2025-08-20 11:17:49,071 - INFO - 数据库初始化完成
2025-08-20 11:18:10,666 - WARNING - 差分进化优化失败，使用默认参数
2025-08-20 11:18:10,667 - ERROR - sh501058 参数优化失败，使用默认参数回退
2025-08-20 11:18:10,682 - WARNING - 股票 sh501058 不存在于观察池中
2025-08-20 11:18:10,682 - INFO - 数据库初始化完成
2025-08-20 11:18:10,683 - INFO - 处理进度 [4340/11571]: sh501058
2025-08-20 11:18:17,144 - WARNING - 股票 sh605377 不存在于观察池中
2025-08-20 11:18:17,144 - INFO - 处理进度 [4341/11571]: sh605377
2025-08-20 11:18:17,145 - INFO - 数据库初始化完成
2025-08-20 11:18:25,227 - WARNING - 股票 sh688083 不存在于观察池中
2025-08-20 11:18:25,228 - INFO - 处理进度 [4342/11571]: sh688083
2025-08-20 11:18:25,229 - INFO - 数据库初始化完成
2025-08-20 11:18:34,337 - WARNING - 股票 sh588320 不存在于观察池中
2025-08-20 11:18:34,338 - INFO - 处理进度 [4343/11571]: sh588320
2025-08-20 11:18:34,339 - INFO - 数据库初始化完成
2025-08-20 11:18:42,310 - WARNING - 股票 sh688326 不存在于观察池中
2025-08-20 11:18:42,311 - INFO - 数据库初始化完成
2025-08-20 11:18:42,312 - INFO - 处理进度 [4344/11571]: sh688326
2025-08-20 11:18:55,928 - WARNING - 股票 sh603616 不存在于观察池中
2025-08-20 11:18:55,929 - INFO - 处理进度 [4345/11571]: sh603616
2025-08-20 11:18:55,929 - INFO - 数据库初始化完成
2025-08-20 11:19:01,179 - WARNING - 差分进化优化失败，使用默认参数
2025-08-20 11:19:01,179 - ERROR - sh688182 参数优化失败，使用默认参数回退
2025-08-20 11:19:01,193 - WARNING - 股票 sh688182 不存在于观察池中
2025-08-20 11:19:01,194 - INFO - 数据库初始化完成
2025-08-20 11:19:01,195 - INFO - 处理进度 [4346/11571]: sh688182
2025-08-20 11:19:27,162 - WARNING - 差分进化优化失败，使用默认参数
2025-08-20 11:19:27,163 - ERROR - sh601669 参数优化失败，使用默认参数回退
2025-08-20 11:19:27,176 - WARNING - 股票 sh601669 不存在于观察池中
2025-08-20 11:19:27,177 - INFO - 数据库初始化完成
2025-08-20 11:19:27,177 - INFO - 处理进度 [4347/11571]: sh601669
2025-08-20 11:19:27,194 - WARNING - sh688549 数据不足 (少于250天)，无法生成画像
2025-08-20 11:19:27,195 - INFO - 数据库初始化完成
2025-08-20 11:19:27,195 - INFO - 处理进度 [4348/11571]: sh688549
2025-08-20 11:19:32,564 - WARNING - 股票 sh880750 不存在于观察池中
2025-08-20 11:19:32,565 - INFO - 处理进度 [4349/11571]: sh880750
2025-08-20 11:19:32,565 - INFO - 数据库初始化完成
2025-08-20 11:20:02,780 - WARNING - 股票 sh512700 不存在于观察池中
2025-08-20 11:20:02,781 - INFO - 数据库初始化完成
2025-08-20 11:20:02,783 - INFO - 处理进度 [4350/11571]: sh512700
2025-08-20 11:20:02,794 - WARNING - sh111015 数据不足 (少于250天)，无法生成画像
2025-08-20 11:20:02,794 - INFO - 处理进度 [4351/11571]: sh111015
2025-08-20 11:20:02,794 - INFO - 数据库初始化完成
2025-08-20 11:20:08,539 - WARNING - 差分进化优化失败，使用默认参数
2025-08-20 11:20:08,539 - ERROR - sh603057 参数优化失败，使用默认参数回退
2025-08-20 11:20:08,559 - WARNING - 股票 sh603057 不存在于观察池中
2025-08-20 11:20:08,560 - INFO - 处理进度 [4352/11571]: sh603057
2025-08-20 11:20:08,561 - INFO - 数据库初始化完成
2025-08-20 11:20:26,434 - WARNING - 股票 sh588460 不存在于观察池中
2025-08-20 11:20:26,435 - INFO - 处理进度 [4353/11571]: sh588460
2025-08-20 11:20:26,435 - INFO - 数据库初始化完成
2025-08-20 11:20:54,700 - WARNING - 股票 sh688192 不存在于观察池中
2025-08-20 11:20:54,701 - INFO - 处理进度 [4354/11571]: sh688192
2025-08-20 11:20:54,701 - INFO - 数据库初始化完成
2025-08-20 11:21:37,339 - WARNING - 股票 sh605008 不存在于观察池中
2025-08-20 11:21:37,340 - INFO - 处理进度 [4355/11571]: sh605008
2025-08-20 11:21:37,340 - INFO - 数据库初始化完成
2025-08-20 11:21:44,456 - WARNING - 股票 sh688166 不存在于观察池中
2025-08-20 11:21:44,457 - INFO - 数据库初始化完成
2025-08-20 11:21:44,457 - INFO - 处理进度 [4356/11571]: sh688166
2025-08-20 11:22:07,444 - WARNING - 股票 sh603590 不存在于观察池中
2025-08-20 11:22:07,445 - INFO - 数据库初始化完成
2025-08-20 11:22:07,446 - INFO - 处理进度 [4357/11571]: sh603590
2025-08-20 11:22:12,193 - WARNING - 股票 sh516270 不存在于观察池中
2025-08-20 11:22:12,201 - INFO - 数据库初始化完成
2025-08-20 11:22:12,202 - INFO - 处理进度 [4358/11571]: sh516270
2025-08-20 11:22:23,744 - WARNING - 股票 sh513770 不存在于观察池中
2025-08-20 11:22:23,745 - INFO - 数据库初始化完成
2025-08-20 11:22:23,746 - INFO - 处理进度 [4359/11571]: sh513770
2025-08-20 11:22:44,535 - WARNING - 股票 sh880225 不存在于观察池中
2025-08-20 11:22:44,536 - INFO - 数据库初始化完成
2025-08-20 11:22:44,537 - INFO - 处理进度 [4360/11571]: sh880225
2025-08-20 11:22:47,862 - WARNING - 股票 sh501048 不存在于观察池中
2025-08-20 11:22:47,863 - INFO - 处理进度 [4361/11571]: sh501048
2025-08-20 11:22:47,863 - INFO - 数据库初始化完成
2025-08-20 11:23:24,127 - WARNING - 股票 sh881034 不存在于观察池中
2025-08-20 11:23:24,128 - INFO - 数据库初始化完成
2025-08-20 11:23:24,130 - INFO - 处理进度 [4362/11571]: sh881034
2025-08-20 11:23:24,272 - WARNING - 股票 sh688678 不存在于观察池中
2025-08-20 11:23:24,273 - INFO - 处理进度 [4363/11571]: sh688678
2025-08-20 11:23:24,273 - INFO - 数据库初始化完成
2025-08-20 11:23:26,630 - WARNING - 股票 sh600711 不存在于观察池中
2025-08-20 11:23:26,631 - INFO - 数据库初始化完成
2025-08-20 11:23:26,634 - INFO - 处理进度 [4364/11571]: sh600711
2025-08-20 11:23:41,553 - WARNING - 股票 sh880393 不存在于观察池中
2025-08-20 11:23:41,555 - INFO - 数据库初始化完成
2025-08-20 11:23:41,555 - INFO - 处理进度 [4365/11571]: sh880393
2025-08-20 11:24:01,092 - WARNING - 股票 sh600771 不存在于观察池中
2025-08-20 11:24:01,092 - INFO - 处理进度 [4366/11571]: sh600771
2025-08-20 11:24:01,093 - INFO - 数据库初始化完成
2025-08-20 11:24:09,882 - WARNING - 股票 sh688685 不存在于观察池中
2025-08-20 11:24:09,883 - INFO - 处理进度 [4367/11571]: sh688685
2025-08-20 11:24:09,883 - INFO - 数据库初始化完成
2025-08-20 11:24:21,028 - INFO - 数据库初始化完成
2025-08-20 11:24:21,028 - INFO - 数据库初始化完成
2025-08-20 11:24:21,028 - INFO - 数据库初始化完成
2025-08-20 11:24:21,028 - INFO - 数据库初始化完成
2025-08-20 11:24:21,028 - INFO - 数据库初始化完成
2025-08-20 11:24:21,028 - INFO - 数据库初始化完成
2025-08-20 11:24:21,028 - INFO - 数据库初始化完成
2025-08-20 11:24:21,028 - INFO - 数据库初始化完成
2025-08-20 11:24:21,028 - INFO - 数据库初始化完成
2025-08-20 11:24:21,028 - INFO - 数据库初始化完成
2025-08-20 11:24:21,028 - INFO - 数据库初始化完成
2025-08-20 11:24:21,028 - INFO - 数据库初始化完成
2025-08-20 11:24:21,028 - INFO - 数据库初始化完成
2025-08-20 11:24:21,028 - INFO - 数据库初始化完成
2025-08-20 11:24:21,028 - INFO - 数据库初始化完成
2025-08-20 11:24:21,028 - INFO - 数据库初始化完成
2025-08-20 11:24:21,028 - INFO - 数据库初始化完成
2025-08-20 11:24:21,028 - INFO - 数据库初始化完成
2025-08-20 11:24:21,028 - INFO - 数据库初始化完成
2025-08-20 11:24:21,028 - INFO - 数据库初始化完成
2025-08-20 11:24:21,029 - INFO - 数据库初始化完成
2025-08-20 11:24:21,029 - INFO - 数据库初始化完成
2025-08-20 11:24:21,029 - INFO - 数据库初始化完成
2025-08-20 11:24:21,029 - INFO - 数据库初始化完成
2025-08-20 11:24:21,029 - INFO - 数据库初始化完成
2025-08-20 11:24:21,029 - INFO - 数据库初始化完成
2025-08-20 11:24:21,029 - INFO - 数据库初始化完成
2025-08-20 11:24:21,029 - INFO - 数据库初始化完成
2025-08-20 11:24:21,030 - WARNING - sh563780 数据不足 (少于250天)，无法生成画像
2025-08-20 11:24:21,030 - INFO - 数据库初始化完成
2025-08-20 11:24:21,030 - INFO - 数据库初始化完成
2025-08-20 11:24:21,030 - INFO - 数据库初始化完成
2025-08-20 11:24:21,030 - INFO - 数据库初始化完成
2025-08-20 11:24:21,040 - WARNING - sh561230 数据不足 (少于250天)，无法生成画像
2025-08-20 11:24:21,040 - WARNING - sh563090 数据不足 (少于250天)，无法生成画像
2025-08-20 11:24:21,040 - INFO - 数据库初始化完成
2025-08-20 11:24:21,041 - INFO - 数据库初始化完成
2025-08-20 11:24:21,042 - WARNING - sh603119 数据不足 (少于250天)，无法生成画像
2025-08-20 11:24:21,043 - INFO - 数据库初始化完成
2025-08-20 11:24:21,683 - INFO - 数据库初始化完成
2025-08-20 11:24:21,683 - INFO - 数据库初始化完成
2025-08-20 11:24:21,683 - INFO - 数据库初始化完成
2025-08-20 11:24:21,683 - INFO - 数据库初始化完成
2025-08-20 11:24:21,683 - INFO - 数据库初始化完成
2025-08-20 11:24:21,683 - INFO - 数据库初始化完成
2025-08-20 11:24:21,684 - INFO - 数据库初始化完成
2025-08-20 11:24:21,684 - INFO - 数据库初始化完成
2025-08-20 11:24:21,684 - INFO - 数据库初始化完成
2025-08-20 11:24:21,684 - INFO - 数据库初始化完成
2025-08-20 11:24:21,684 - INFO - 数据库初始化完成
2025-08-20 11:24:21,684 - INFO - 数据库初始化完成
2025-08-20 11:24:21,684 - INFO - 数据库初始化完成
2025-08-20 11:24:21,684 - INFO - 数据库初始化完成
2025-08-20 11:24:21,684 - INFO - 数据库初始化完成
2025-08-20 11:24:21,683 - INFO - 数据库初始化完成
2025-08-20 11:24:21,684 - INFO - 数据库初始化完成
2025-08-20 11:24:21,684 - INFO - 数据库初始化完成
2025-08-20 11:24:21,684 - INFO - 数据库初始化完成
2025-08-20 11:24:21,691 - WARNING - sh880712 数据不足 (少于250天)，无法生成画像
2025-08-20 11:24:21,692 - INFO - 数据库初始化完成
2025-08-20 11:24:21,692 - INFO - 数据库初始化完成
2025-08-20 11:24:21,693 - INFO - 数据库初始化完成
2025-08-20 11:24:21,694 - INFO - 数据库初始化完成
2025-08-20 11:24:21,694 - INFO - 数据库初始化完成
2025-08-20 11:24:21,694 - INFO - 数据库初始化完成
2025-08-20 11:24:21,695 - INFO - 数据库初始化完成
2025-08-20 11:24:21,695 - INFO - 数据库初始化完成
2025-08-20 11:24:21,695 - INFO - 数据库初始化完成
2025-08-20 11:24:21,696 - INFO - 数据库初始化完成
2025-08-20 11:24:21,696 - INFO - 数据库初始化完成
2025-08-20 11:24:21,696 - INFO - 数据库初始化完成
2025-08-20 11:24:21,697 - INFO - 数据库初始化完成
2025-08-20 11:24:21,713 - WARNING - sh688361 数据不足 (少于250天)，无法生成画像
2025-08-20 11:24:21,714 - INFO - 数据库初始化完成
2025-08-20 11:24:21,730 - WARNING - sh688627 数据不足 (少于250天)，无法生成画像
2025-08-20 11:24:21,730 - INFO - 数据库初始化完成
2025-08-20 11:24:22,098 - INFO - 数据库初始化完成
2025-08-20 11:24:22,098 - INFO - 数据库初始化完成
2025-08-20 11:24:22,098 - INFO - 数据库初始化完成
2025-08-20 11:24:22,098 - INFO - 数据库初始化完成
2025-08-20 11:24:22,098 - INFO - 数据库初始化完成
2025-08-20 11:24:22,098 - INFO - 数据库初始化完成
2025-08-20 11:24:22,098 - INFO - 数据库初始化完成
2025-08-20 11:24:22,098 - INFO - 数据库初始化完成
2025-08-20 11:24:22,098 - INFO - 数据库初始化完成
2025-08-20 11:24:22,098 - INFO - 数据库初始化完成
2025-08-20 11:24:22,098 - INFO - 数据库初始化完成
2025-08-20 11:24:22,098 - INFO - 数据库初始化完成
2025-08-20 11:24:22,098 - INFO - 数据库初始化完成
2025-08-20 11:24:22,098 - INFO - 数据库初始化完成
2025-08-20 11:24:22,098 - INFO - 数据库初始化完成
2025-08-20 11:24:22,098 - INFO - 数据库初始化完成
2025-08-20 11:24:22,100 - WARNING - sh561090 数据不足 (少于250天)，无法生成画像
2025-08-20 11:24:22,105 - INFO - 数据库初始化完成
2025-08-20 11:24:22,105 - INFO - 数据库初始化完成
2025-08-20 11:24:22,105 - INFO - 数据库初始化完成
2025-08-20 11:24:22,105 - INFO - 数据库初始化完成
2025-08-20 11:24:22,106 - INFO - 数据库初始化完成
2025-08-20 11:24:22,108 - WARNING - sh562060 数据不足 (少于250天)，无法生成画像
2025-08-20 11:24:22,114 - WARNING - sh688721 数据不足 (少于250天)，无法生成画像
2025-08-20 11:26:45,887 - WARNING - 股票 sh603656 不存在于观察池中
2025-08-20 11:27:31,158 - WARNING - 股票 sh603277 不存在于观察池中
2025-08-20 11:27:31,799 - WARNING - 股票 sh603360 不存在于观察池中
2025-08-20 11:27:37,484 - WARNING - 股票 sh600754 不存在于观察池中
2025-08-20 11:27:58,287 - WARNING - 股票 sh880459 不存在于观察池中
2025-08-20 11:28:09,130 - WARNING - 股票 sh880034 不存在于观察池中
2025-08-20 11:28:16,031 - WARNING - 股票 sh688357 不存在于观察池中
2025-08-20 11:28:20,527 - WARNING - 股票 sh600599 不存在于观察池中
2025-08-20 11:28:20,725 - WARNING - 股票 sh601229 不存在于观察池中
2025-08-20 11:28:34,049 - WARNING - 股票 sh600027 不存在于观察池中
2025-08-20 11:28:53,776 - WARNING - 股票 sh880880 不存在于观察池中
2025-08-20 11:29:18,122 - WARNING - 股票 sh881108 不存在于观察池中
2025-08-20 11:29:18,770 - WARNING - 股票 sh600593 不存在于观察池中
2025-08-20 11:29:36,146 - WARNING - 股票 sh603839 不存在于观察池中
2025-08-20 11:29:43,074 - WARNING - 股票 sh601100 不存在于观察池中
2025-08-20 11:29:55,641 - WARNING - 差分进化优化失败，使用默认参数
2025-08-20 11:29:55,641 - ERROR - sh562330 参数优化失败，使用默认参数回退
2025-08-20 11:29:55,655 - WARNING - 股票 sh562330 不存在于观察池中
2025-08-20 11:29:56,727 - WARNING - 股票 sh603297 不存在于观察池中
2025-08-20 11:30:06,218 - WARNING - 差分进化优化失败，使用默认参数
2025-08-20 11:30:06,218 - ERROR - sh881113 参数优化失败，使用默认参数回退
2025-08-20 11:30:06,225 - WARNING - 股票 sh881113 不存在于观察池中
