signal_idx,stock_code,t0_date,actual_bottom,entry_price,best_timeframe,best_n,best_double_smooth,best_k,best_offset,best_gt_t0,best_abs_dist_pct,best_dist_pct,best_covered,daily_rail_overlap,daily_best_abs_dist_pct,hourly_best_abs_dist_pct,fixed_gt_t0,fixed_abs_dist_pct,fixed_dist_pct,fixed_covered
0,bj920152,2025-02-21,18.520000457763675,20.5,hourly,10,False,0.5,1.02,17.1713,0.0728,0.0785,True,False,0.2374,0.0728,11.7398,0.3661,0.5775,True
1,bj920171,2025-02-21,26.000000000000004,27.51000022888184,hourly,15,True,0.5,1.02,25.4927,0.0195,0.0199,True,False,0.1197,0.0195,18.0299,0.3065,0.442,True
2,bj920249,2025-02-21,13.0,14.960000038146973,hourly,10,True,1.5,0.95,12.981,0.0015,0.0015,True,False,0.003,0.0015,9.589,0.2624,0.3557,True
3,bj920092,2025-02-21,42.79999923706055,52.0,daily,15,False,0.5,1.02,42.7843,0.0004,0.0004,True,False,0.0004,0.0005,33.5374,0.2164,0.2762,True
4,bj920130,2025-02-21,19.450000762939453,21.799999237060547,hourly,10,True,1.5,0.95,19.4513,0.0001,-0.0001,False,False,0.0053,0.0001,15.7508,0.1902,0.2349,True
5,bj920395,2025-02-21,16.54999923706055,18.479999542236328,daily,10,False,0.5,1.02,16.5555,0.0003,-0.0003,False,False,0.0003,0.1339,13.1718,0.2041,0.2565,True
6,bj920906,2025-02-21,23.069999694824222,25.8799991607666,hourly,20,False,0.5,0.98,23.0837,0.0006,-0.0006,False,False,0.0707,0.0006,17.6938,0.233,0.3038,True
7,bj920522,2025-02-21,56.119998931884766,60.0,daily,10,False,0.5,1.02,51.0457,0.0904,0.0994,True,False,0.0904,0.4894,42.4593,0.2434,0.3217,True
8,bj920627,2025-02-21,25.530000686645508,26.57999992370605,hourly,20,False,0.5,0.98,25.5362,0.0002,-0.0002,False,False,0.0588,0.0002,19.3781,0.241,0.3175,True
9,bj920556,2025-02-21,9.899999618530273,11.880000114440918,hourly,25,True,1.0,0.95,9.9028,0.0003,-0.0003,False,False,0.0052,0.0003,7.4016,0.2524,0.3376,True
10,bj920876,2025-02-21,27.079999923706055,28.0,hourly,15,False,0.5,1.0,27.1182,0.0014,-0.0014,False,False,0.0738,0.0014,18.531,0.3157,0.4613,True
11,bj920953,2025-02-21,48.0,57.900001525878906,daily,10,False,0.5,1.0,48.0224,0.0005,-0.0005,False,False,0.0005,0.1866,32.4172,0.3246,0.4807,True
12,bj920790,2025-02-21,35.38999938964844,50.0,daily,10,False,1.5,0.95,35.3072,0.0023,0.0023,True,False,0.0023,0.1036,30.3909,0.1413,0.1645,True
13,bj920207,2025-02-21,25.93000030517578,27.989999771118164,hourly,10,False,0.5,1.02,24.9019,0.0396,0.0413,True,False,0.1452,0.0396,16.8589,0.3498,0.5381,True
14,bj920924,2025-02-21,28.379999160766598,45.0,hourly,20,True,1.0,1.0,28.3625,0.0006,0.0006,True,False,0.0509,0.0006,16.1627,0.4305,0.7559,True
15,bj920932,2025-02-21,28.29999923706055,33.5099983215332,daily,15,False,0.5,1.02,28.2235,0.0027,0.0027,True,False,0.0027,0.1937,22.9655,0.1885,0.2323,True
16,bj920152,2025-02-24,18.520000457763672,18.920000076293945,hourly,10,False,0.5,1.02,18.2583,0.0141,0.0143,True,False,0.2025,0.0141,11.792,0.3633,0.5706,True
17,sz002527,2025-02-24,13.609999656677246,18.440000534057617,hourly,15,True,1.5,1.02,13.6115,0.0001,-0.0001,False,True,0.0023,0.0001,9.0238,0.337,0.5082,True
18,bj920662,2025-02-24,24.35000038146973,27.600000381469727,hourly,10,True,0.5,1.0,24.36,0.0004,-0.0004,False,False,0.0864,0.0004,17.5558,0.279,0.387,True
19,bj920855,2025-02-24,17.600000381469727,21.5,hourly,25,True,1.0,0.95,17.6117,0.0007,-0.0007,False,False,0.0011,0.0007,15.1144,0.1412,0.1645,True
20,bj920491,2025-02-24,29.909999847412102,37.34999847412109,hourly,30,False,1.0,1.02,29.9365,0.0009,-0.0009,False,False,0.0416,0.0009,22.7335,0.2399,0.3157,True
21,bj920207,2025-02-24,25.930000305175785,27.100000381469727,hourly,10,False,0.5,1.02,25.8544,0.0029,0.0029,True,False,0.1247,0.0029,17.0004,0.3444,0.5253,True
22,bj920978,2025-02-24,21.200000762939453,21.600000381469727,hourly,10,False,0.5,1.02,20.6679,0.0251,0.0257,True,False,0.1221,0.0251,14.3945,0.321,0.4728,True
23,bj920407,2025-02-24,23.299999237060547,27.93000030517578,daily,15,False,0.5,1.02,23.4402,0.006,-0.006,False,False,0.006,0.1134,19.7397,0.1528,0.1804,True
24,bj920556,2025-02-24,9.899999618530275,11.600000381469728,hourly,30,True,1.5,0.98,9.8674,0.0033,0.0033,True,False,0.0057,0.0033,7.4926,0.2432,0.3213,True
25,bj920924,2025-02-24,28.379999160766605,34.0,hourly,30,True,0.5,1.0,28.3974,0.0006,-0.0006,False,False,0.0104,0.0006,16.5035,0.4185,0.7196,True
26,bj920363,2025-02-24,18.1200008392334,19.8799991607666,daily,10,False,0.5,1.02,17.7505,0.0204,0.0208,True,False,0.0204,0.2911,14.8401,0.181,0.221,True
27,bj920693,2025-02-24,43.04999923706055,48.0,hourly,20,False,1.0,1.0,43.0683,0.0004,-0.0004,False,False,0.0359,0.0004,37.072,0.1389,0.1613,True
28,bj920184,2025-02-24,13.489999771118164,15.25,daily,10,False,0.5,0.95,13.4446,0.0034,0.0034,True,False,0.0034,0.0034,11.5046,0.1472,0.1726,True
29,sh600590,2025-02-24,7.739999771118166,9.0,hourly,10,False,0.5,0.98,7.733,0.0009,0.0009,True,False,0.1246,0.0009,4.8334,0.3755,0.6013,True
30,bj920010,2025-02-24,10.170000076293947,10.579999923706056,hourly,10,False,0.5,1.02,9.5443,0.0615,0.0656,True,False,0.1513,0.0615,7.6356,0.2492,0.3319,True
31,bj920593,2025-02-24,47.7599983215332,61.79999923706055,daily,10,False,0.5,1.02,46.9751,0.0164,0.0167,True,False,0.0164,0.1804,38.3552,0.1969,0.2452,True
32,bj920415,2025-02-24,16.20000076293946,20.01000022888184,daily,30,True,0.5,1.02,16.1849,0.0009,0.0009,True,False,0.0009,0.0584,15.0972,0.0681,0.073,True
33,bj920706,2025-02-24,17.569999694824222,18.399999618530277,hourly,10,False,0.5,1.02,15.1296,0.1389,0.1613,True,False,0.1995,0.1389,12.4318,0.2924,0.4133,True
34,bj920895,2025-02-24,15.239999771118162,15.68000030517578,hourly,15,True,0.5,1.0,15.2374,0.0002,0.0002,True,False,0.0591,0.0002,12.1912,0.2001,0.2501,True
35,sz002599,2025-02-24,9.81999969482422,13.100000381469728,hourly,30,False,0.5,0.95,9.8186,0.0001,0.0001,True,False,0.0017,0.0001,7.285,0.2582,0.348,True
36,bj920152,2025-02-25,19.48999977111817,20.399999618530277,hourly,10,False,0.5,1.02,18.9576,0.0273,0.0281,True,False,0.2166,0.0273,11.8602,0.3915,0.6433,True
37,bj920146,2025-02-25,8.329999923706055,9.5,daily,10,False,0.5,0.98,8.3223,0.0009,0.0009,True,False,0.0009,0.0034,6.9807,0.162,0.1933,True
38,bj920395,2025-02-25,16.54999923706055,19.799999237060547,daily,10,False,0.5,1.0,16.413,0.0083,0.0083,True,False,0.0083,0.1255,13.3848,0.1913,0.2365,True
39,sz002527,2025-02-25,13.609999656677244,18.32999992370605,hourly,20,True,1.5,1.0,13.6307,0.0015,-0.0015,False,False,0.0058,0.0015,9.2107,0.3232,0.4776,True
40,bj920855,2025-02-25,17.60000038146973,22.43000030517578,daily,15,False,0.5,0.98,17.5772,0.0013,0.0013,True,False,0.0013,0.0077,15.1925,0.1368,0.1585,True
41,bj920663,2025-02-25,22.700000762939457,28.799999237060547,daily,10,False,0.5,1.02,17.4028,0.2334,0.3044,True,False,0.2334,0.3223,15.1044,0.3346,0.5029,True
42,bj920207,2025-02-25,25.93000030517578,30.600000381469727,hourly,25,False,0.5,1.02,25.9343,0.0002,-0.0002,False,False,0.1226,0.0002,17.1274,0.3395,0.5139,True
43,bj920273,2025-02-25,25.520000457763675,29.989999771118164,daily,10,False,0.5,1.02,23.9846,0.0602,0.064,True,False,0.0602,0.3117,20.7114,0.1884,0.2322,True
44,bj920010,2025-02-25,10.170000076293945,11.380000114440918,hourly,10,False,0.5,1.02,10.1702,0.0,-0.0,False,False,0.1256,0.0,7.655,0.2473,0.3285,True
45,bj920837,2025-02-25,13.210000038146973,15.109999656677246,hourly,10,False,1.0,1.02,13.1625,0.0036,0.0036,True,False,0.1029,0.0036,10.5368,0.2024,0.2537,True
46,bj920706,2025-02-25,17.62999916076661,18.649999618530277,hourly,10,False,0.5,1.02,16.3944,0.0701,0.0754,True,False,0.1757,0.0701,12.4668,0.2929,0.4142,True
47,bj920378,2025-02-25,12.579999923706055,13.649999618530272,hourly,10,False,0.5,1.02,12.2096,0.0294,0.0303,True,False,0.1267,0.0294,9.1971,0.2689,0.3678,True
48,bj920493,2025-02-25,158.82000732421875,219.0,daily,20,False,0.5,1.0,158.6371,0.0012,0.0012,True,False,0.0012,0.1466,88.782,0.441,0.7889,True
49,bj920895,2025-02-25,15.239999771118166,15.800000190734863,hourly,15,True,1.5,1.02,15.232,0.0005,0.0005,True,False,0.0476,0.0005,12.2358,0.1971,0.2455,True
50,bj920510,2025-02-25,20.950000762939453,25.0,hourly,15,True,0.5,1.0,20.964,0.0007,-0.0007,False,False,0.0482,0.0007,17.2683,0.1757,0.2132,True
51,bj920454,2025-02-25,14.930000305175781,16.75,hourly,10,False,1.5,0.98,14.9251,0.0003,0.0003,True,False,0.0123,0.0003,12.3082,0.1756,0.213,True
52,bj920834,2025-02-25,9.3100004196167,10.300000190734863,hourly,10,False,1.0,0.98,9.3092,0.0001,0.0001,True,False,0.0398,0.0001,7.5907,0.1847,0.2265,True
53,bj920570,2025-02-25,35.0,38.880001068115234,hourly,10,False,0.5,1.02,33.468,0.0438,0.0458,True,False,0.0547,0.0438,29.7938,0.1487,0.1747,True
54,bj920152,2025-02-26,19.88999938964844,20.600000381469727,hourly,10,False,0.5,1.02,19.2669,0.0313,0.0323,True,False,0.1981,0.0313,11.9535,0.399,0.6639,True
55,bj920690,2025-02-26,22.260000228881836,26.56999969482422,daily,10,False,0.5,1.02,20.3321,0.0866,0.0948,True,False,0.0866,0.2537,17.8245,0.1993,0.2488,True
56,bj920395,2025-02-26,16.54999923706055,19.190000534057617,daily,15,False,0.5,1.02,16.5551,0.0003,-0.0003,False,False,0.0003,0.064,13.4934,0.1847,0.2265,True
57,bj920662,2025-02-26,24.350000381469727,31.420000076293945,hourly,20,True,1.5,1.02,24.3199,0.0012,0.0012,True,False,0.0202,0.0012,17.839,0.2674,0.365,True
58,bj920663,2025-02-26,22.700000762939457,30.299999237060547,daily,10,False,0.5,1.02,18.8824,0.1682,0.2022,True,False,0.1682,0.2142,15.1619,0.3321,0.4972,True
59,sz002501,2025-02-26,1.9500000476837163,2.8499999046325684,daily,15,False,1.0,1.0,1.9517,0.0009,-0.0009,False,False,0.0009,0.0022,1.5979,0.1806,0.2204,True
60,bj920171,2025-02-26,26.06999969482422,28.68000030517578,hourly,10,True,1.0,1.02,26.061,0.0003,0.0003,True,False,0.075,0.0003,18.4682,0.2916,0.4116,True
61,bj920455,2025-02-26,8.699999809265138,9.0,hourly,10,False,0.5,1.02,8.0731,0.0721,0.0777,True,False,0.0913,0.0721,7.0924,0.1848,0.2267,True
62,bj920924,2025-02-26,28.3799991607666,35.29999923706055,hourly,30,True,1.5,0.98,28.3734,0.0002,0.0002,True,False,0.0138,0.0002,17.2703,0.3915,0.6433,True
63,bj920876,2025-02-26,27.0,30.450000762939453,hourly,20,False,1.0,1.0,27.0082,0.0003,-0.0003,False,False,0.0555,0.0003,19.1243,0.2917,0.4118,True
64,bj920207,2025-02-26,25.93000030517578,35.900001525878906,hourly,15,False,1.0,0.98,25.922,0.0003,0.0003,True,False,0.0967,0.0003,17.263,0.3342,0.5021,True
65,bj920522,2025-02-26,55.20000076293945,63.0,daily,10,False,0.5,1.02,53.4217,0.0322,0.0333,True,False,0.0322,0.4684,43.2476,0.2165,0.2764,True
66,bj920579,2025-02-26,22.5,25.75,hourly,25,True,0.5,1.02,22.4994,0.0,0.0,True,False,0.0555,0.0,18.3507,0.1844,0.2261,True
67,bj920491,2025-02-26,29.90999984741211,37.81999969482422,hourly,25,True,1.0,1.0,29.9196,0.0003,-0.0003,False,False,0.0014,0.0003,23.1374,0.2264,0.2927,True
68,bj920273,2025-02-26,25.520000457763672,28.799999237060547,daily,10,False,0.5,1.02,24.8072,0.0279,0.0287,True,False,0.0279,0.2824,20.8279,0.1839,0.2253,True
69,bj920092,2025-02-26,42.79999923706055,51.97999954223633,daily,10,False,0.5,0.95,42.6945,0.0025,0.0025,True,False,0.0025,0.0083,34.5506,0.1927,0.2388,True
70,bj920593,2025-02-26,47.7599983215332,62.560001373291016,daily,10,False,0.5,0.95,47.7368,0.0005,0.0005,True,False,0.0005,0.0712,38.9374,0.1847,0.2266,True
71,bj920896,2025-02-26,18.899999618530273,21.07999992370605,hourly,20,False,0.5,0.98,18.8805,0.001,0.001,True,False,0.0159,0.001,15.3577,0.1874,0.2307,True
72,bj920152,2025-02-27,19.649999618530273,24.0,hourly,10,False,0.5,1.02,19.518,0.0067,0.0068,True,False,0.1684,0.0067,12.052,0.3867,0.6304,True
73,bj920273,2025-02-27,25.520000457763672,30.280000686645508,daily,10,False,0.5,1.02,25.1065,0.0162,0.0165,True,False,0.0162,0.2352,20.944,0.1793,0.2185,True
74,bj920690,2025-02-27,22.260000228881832,26.57999992370605,daily,10,False,0.5,1.02,21.0946,0.0524,0.0552,True,False,0.0524,0.1988,17.8967,0.196,0.2438,True
75,bj920171,2025-02-27,26.06999969482422,33.119998931884766,hourly,25,False,1.0,1.02,26.0792,0.0004,-0.0004,False,False,0.0666,0.0004,18.6159,0.2859,0.4004,True
76,sz002501,2025-02-27,1.9500000476837158,2.359999895095825,hourly,25,True,0.5,0.95,1.9494,0.0003,0.0003,True,False,0.0043,0.0003,1.6161,0.1712,0.2066,True
77,bj920663,2025-02-27,22.700000762939453,34.029998779296875,daily,10,False,0.5,1.02,20.3267,0.1046,0.1168,True,False,0.1046,0.1088,15.2538,0.328,0.4882,True
78,bj920508,2025-02-27,31.329999923706055,38.5099983215332,daily,30,False,0.5,1.02,31.4129,0.0026,-0.0026,False,False,0.0026,0.0469,27.3733,0.1263,0.1445,True
79,bj920522,2025-02-27,54.689998626708984,70.36000061035156,daily,10,False,0.5,1.02,54.0097,0.0124,0.0126,True,False,0.0124,0.4458,43.5215,0.2042,0.2566,True
80,bj920026,2025-02-27,25.010000228881832,27.61000061035156,daily,10,False,0.5,1.02,24.4202,0.0236,0.0242,True,False,0.0236,0.2692,21.331,0.1471,0.1725,True
81,bj920002,2025-02-27,170.3300018310547,245.0500030517578,daily,10,False,0.5,1.02,110.5043,0.3512,0.5414,True,False,0.3512,0.5376,69.6076,0.5913,1.447,True
82,bj920239,2025-02-27,39.599998474121094,50.65999984741211,daily,10,False,0.5,1.02,38.0323,0.0396,0.0412,True,False,0.0396,0.2285,30.7857,0.2226,0.2863,True
83,sh600589,2025-02-27,6.0,7.0,hourly,10,False,1.5,1.0,6.0219,0.0037,-0.0036,False,False,0.1016,0.0037,3.9616,0.3397,0.5145,True
84,bj920023,2025-02-27,5.179999828338623,6.400000095367432,hourly,25,False,1.0,0.98,5.179,0.0002,0.0002,True,False,0.0034,0.0002,4.5581,0.1201,0.1364,True
85,bj920207,2025-02-27,24.559999465942383,40.0,hourly,30,False,1.5,0.98,24.5707,0.0004,-0.0004,False,False,0.0084,0.0004,17.4308,0.2903,0.409,True
86,bj920876,2025-02-27,25.139999389648438,35.66999816894531,hourly,30,False,1.5,0.95,25.1527,0.0005,-0.0005,False,False,0.0055,0.0005,19.2929,0.2326,0.3031,True
87,bj920092,2025-02-27,40.5,57.34000015258789,daily,10,True,0.5,0.95,40.5113,0.0003,-0.0003,False,False,0.0003,0.0734,34.8528,0.1394,0.162,True
88,bj920839,2025-02-27,23.000000000000004,25.0,hourly,10,False,0.5,1.02,21.6902,0.0569,0.0604,True,False,0.129,0.0569,16.9995,0.2609,0.353,True
89,bj920906,2025-02-27,23.06999969482422,26.5,hourly,15,True,0.5,0.95,23.0692,0.0,0.0,True,False,0.0077,0.0,18.1567,0.213,0.2706,True
90,bj920284,2025-02-27,19.780000686645508,22.0,hourly,10,False,0.5,1.02,16.2554,0.1782,0.2168,True,False,0.2366,0.1782,13.4466,0.3202,0.471,True
91,bj920152,2025-02-28,19.649999618530277,22.040000915527344,hourly,10,True,0.5,0.98,19.6386,0.0006,0.0006,True,False,0.13,0.0006,12.1748,0.3804,0.614,True
92,bj920455,2025-02-28,9.600000381469728,10.100000381469728,hourly,10,False,0.5,1.02,8.5278,0.1117,0.1257,True,False,0.1638,0.1117,7.1265,0.2577,0.3471,True
93,bj920663,2025-02-28,22.700000762939457,28.270000457763672,hourly,10,False,0.5,1.02,22.6359,0.0028,0.0028,True,False,0.0523,0.0028,15.3824,0.3224,0.4757,True
94,bj920284,2025-02-28,19.780000686645508,28.56999969482422,hourly,10,False,0.5,1.02,19.1197,0.0334,0.0345,True,False,0.1985,0.0334,13.4761,0.3187,0.4678,True
95,bj920089,2025-02-28,14.5,16.649999618530273,daily,10,False,0.5,1.02,13.3317,0.0806,0.0876,True,False,0.0806,0.2034,11.6455,0.1969,0.2451,True
96,bj920522,2025-02-28,54.689998626708984,68.0,daily,10,False,0.5,1.02,55.0064,0.0058,-0.0058,False,False,0.0058,0.4016,43.805,0.199,0.2485,True
97,bj920002,2025-02-28,170.33000183105472,230.0,daily,10,False,0.5,1.02,121.9677,0.2839,0.3965,True,False,0.2839,0.4423,70.7566,0.5846,1.4073,True
98,bj920023,2025-02-28,5.179999828338623,6.150000095367432,hourly,20,True,1.5,1.0,5.1795,0.0001,0.0001,True,False,0.0034,0.0001,4.5717,0.1174,0.1331,True
99,bj920810,2025-02-28,16.5,18.0,daily,10,False,0.5,1.02,11.49,0.3036,0.436,True,False,0.3036,0.3708,8.836,0.4645,0.8674,True
100,sh600589,2025-02-28,6.000000000000001,7.340000152587891,hourly,20,False,1.5,0.98,6.0221,0.0037,-0.0037,False,False,0.0866,0.0037,4.0061,0.3323,0.4977,True
101,bj920508,2025-02-28,31.329999923706055,39.5,hourly,10,False,0.5,1.02,31.3926,0.002,-0.002,False,False,0.0021,0.002,27.5722,0.1199,0.1363,True
102,bj920779,2025-02-28,52.130001068115234,53.0,daily,10,False,0.5,1.02,39.3445,0.2453,0.325,True,False,0.2453,0.412,33.4934,0.3575,0.5564,True
103,bj920690,2025-02-28,22.260000228881836,25.940000534057617,daily,10,False,0.5,1.02,21.5729,0.0309,0.0319,True,False,0.0309,0.1694,17.9802,0.1923,0.238,True
104,bj920239,2025-02-28,39.599998474121094,48.09999847412109,daily,10,False,0.5,1.02,38.9101,0.0174,0.0177,True,False,0.0174,0.1943,30.9686,0.218,0.2787,True
105,bj920237,2025-02-28,29.700000762939453,35.5,daily,10,False,0.5,1.02,28.887,0.0274,0.0281,True,False,0.0274,0.248,23.4196,0.2115,0.2682,True
106,bj920299,2025-02-28,13.329999923706056,13.81999969482422,hourly,15,True,0.5,1.02,12.7438,0.044,0.046,True,False,0.0815,0.044,10.1619,0.2377,0.3118,True
107,bj920706,2025-02-28,16.420000076293945,21.0,hourly,30,False,1.0,1.0,16.4463,0.0016,-0.0016,False,False,0.0437,0.0016,12.642,0.2301,0.2988,True
108,bj920971,2025-02-28,31.059999465942386,34.959999084472656,hourly,25,False,1.0,1.02,31.0608,0.0,-0.0,False,False,0.0437,0.0,26.0438,0.1615,0.1926,True
109,sz000096,2025-02-28,17.73999977111816,20.07999992370605,hourly,15,True,0.5,0.98,17.7275,0.0007,0.0007,True,False,0.0391,0.0007,11.9155,0.3283,0.4888,True
110,bj920527,2025-02-28,15.350000381469727,18.0,hourly,10,False,1.0,1.0,15.3421,0.0005,0.0005,True,False,0.0315,0.0005,12.5902,0.1798,0.2192,True
111,bj920508,2025-03-03,31.329999923706055,44.0,daily,30,False,0.5,1.0,31.3449,0.0005,-0.0005,False,False,0.0005,0.0022,27.7561,0.1141,0.1288,True
112,bj920663,2025-03-03,22.700000762939457,26.8799991607666,daily,10,False,0.5,1.02,22.2817,0.0184,0.0188,True,False,0.0184,0.0379,15.5416,0.3153,0.4606,True
113,bj920284,2025-03-03,19.78000068664551,29.780000686645508,hourly,20,False,1.5,1.02,19.794,0.0007,-0.0007,False,False,0.1709,0.0007,13.4957,0.3177,0.4656,True
114,bj920152,2025-03-03,19.649999618530273,20.809999465942383,hourly,30,False,1.0,1.0,19.6474,0.0001,0.0001,True,False,0.1208,0.0001,12.2978,0.3742,0.5979,True
115,bj920237,2025-03-03,29.700000762939457,42.209999084472656,daily,10,False,0.5,1.02,29.2253,0.016,0.0162,True,False,0.016,0.2072,23.5561,0.2069,0.2608,True
116,bj920522,2025-03-03,54.689998626708984,65.0999984741211,daily,15,False,0.5,1.02,54.5374,0.0028,0.0028,True,False,0.0028,0.3931,44.1224,0.1932,0.2395,True
117,bj920239,2025-03-03,39.599998474121094,55.0,daily,10,False,0.5,1.02,39.6524,0.0013,-0.0013,False,False,0.0013,0.1719,31.1553,0.2132,0.2711,True
118,bj920839,2025-03-03,24.809999465942383,25.989999771118164,hourly,10,False,0.5,1.02,23.1169,0.0682,0.0732,True,False,0.1739,0.0682,17.1666,0.3081,0.4452,True
119,bj920002,2025-03-03,170.3300018310547,251.0,daily,10,False,0.5,1.02,134.6572,0.2094,0.2649,True,False,0.2094,0.3521,72.2696,0.5757,1.3569,True
120,bj920252,2025-03-03,16.479999542236328,22.0,daily,25,False,1.0,1.02,16.4603,0.0012,0.0012,True,False,0.0012,0.0454,15.3431,0.069,0.0741,True
121,bj920207,2025-03-03,24.559999465942383,35.0,hourly,30,True,1.5,0.98,24.5867,0.0011,-0.0011,False,False,0.0065,0.0011,17.8637,0.2726,0.3749,True
122,bj920810,2025-03-03,16.5,19.700000762939453,daily,10,False,0.5,1.02,12.1985,0.2607,0.3526,True,False,0.2607,0.324,8.9025,0.4605,0.8534,True
123,bj920001,2025-03-03,21.000000000000004,24.049999237060547,hourly,30,True,1.0,0.95,21.0863,0.0041,-0.0041,False,False,0.0075,0.0041,16.6693,0.2062,0.2598,True
124,bj920299,2025-03-03,14.100000381469727,14.880000114440918,hourly,10,False,0.5,1.02,13.0007,0.078,0.0846,True,False,0.1297,0.078,10.2179,0.2753,0.3799,True
125,bj920346,2025-03-03,26.0,31.799999237060547,hourly,20,True,1.0,0.95,25.9781,0.0008,0.0008,True,False,0.0032,0.0008,22.3905,0.1388,0.1612,True
126,bj920274,2025-03-03,12.670000076293945,14.59000015258789,daily,15,False,0.5,1.0,12.6702,0.0,-0.0,False,False,0.0,0.0003,11.668,0.0791,0.0859,True
127,bj920527,2025-03-03,15.35000038146973,18.76000022888184,hourly,30,False,1.0,1.02,15.3589,0.0006,-0.0006,False,False,0.0156,0.0006,12.6564,0.1755,0.2128,True
128,bj920123,2025-03-03,16.3700008392334,23.200000762939453,daily,10,False,0.5,1.02,15.0125,0.0829,0.0904,True,False,0.0829,0.2537,13.543,0.1727,0.2087,True
129,bj920856,2025-03-04,20.1299991607666,22.489999771118164,hourly,10,False,0.5,1.02,14.607,0.2744,0.3781,True,False,0.3348,0.2744,9.6052,0.5228,1.0957,True
130,bj920839,2025-03-04,24.809999465942383,26.479999542236328,hourly,10,False,0.5,1.02,23.9679,0.0339,0.0351,True,False,0.1478,0.0339,17.2646,0.3041,0.437,True
131,bj920284,2025-03-04,19.780000686645508,29.0,hourly,20,True,0.5,1.02,19.8204,0.002,-0.002,False,False,0.0881,0.002,13.5676,0.3141,0.4579,True
132,bj920663,2025-03-04,22.700000762939453,28.0,daily,10,False,0.5,1.02,22.6944,0.0002,0.0002,True,False,0.0002,0.0697,15.7127,0.3078,0.4447,True
133,bj920779,2025-03-04,52.130001068115234,73.0,daily,10,False,0.5,1.02,42.9178,0.1767,0.2146,True,False,0.1767,0.2268,33.7762,0.3521,0.5434,True
134,sz002575,2025-03-04,8.710000038146973,12.920000076293944,daily,10,True,0.5,1.02,8.7143,0.0005,-0.0005,False,False,0.0005,0.0006,7.0378,0.192,0.2376,True
135,bj920876,2025-03-04,24.879999160766594,37.59999847412109,daily,20,False,0.5,1.0,24.9436,0.0026,-0.0025,False,False,0.0026,0.02,19.8857,0.2007,0.2512,True
136,bj920239,2025-03-04,39.599998474121094,52.29999923706055,daily,10,False,0.5,0.98,39.6396,0.001,-0.001,False,False,0.001,0.1155,31.3963,0.2072,0.2613,True
137,bj920006,2025-03-04,25.100000381469727,31.0,hourly,20,True,0.5,1.02,23.9537,0.0457,0.0479,True,False,0.0959,0.0457,21.2206,0.1546,0.1828,True
138,bj920237,2025-03-04,29.700000762939457,39.970001220703125,daily,10,False,0.5,1.0,29.9473,0.0083,-0.0083,False,False,0.0083,0.1077,23.7284,0.2011,0.2517,True
139,bj920002,2025-03-04,170.3300018310547,306.7900085449219,daily,10,False,0.5,1.02,149.1937,0.1241,0.1417,True,False,0.1241,0.3333,74.1419,0.5647,1.2974,True
140,bj920274,2025-03-04,12.670000076293945,15.670000076293944,hourly,30,False,1.0,0.95,12.6822,0.001,-0.001,False,False,0.0026,0.001,11.7017,0.0764,0.0828,True
141,bj920810,2025-03-04,16.500000000000004,19.5,daily,10,False,0.5,1.02,12.9989,0.2122,0.2693,True,False,0.2122,0.2661,8.9937,0.4549,0.8346,True
142,bj920123,2025-03-04,16.3700008392334,23.030000686645508,daily,10,False,0.5,1.02,15.6916,0.0414,0.0432,True,False,0.0414,0.1047,13.5706,0.171,0.2063,True
143,bj920533,2025-03-04,44.0999984741211,61.0,hourly,30,True,0.5,1.02,44.1557,0.0013,-0.0013,False,False,0.0024,0.0013,32.5874,0.2611,0.3533,True
144,bj920651,2025-03-04,26.26000022888184,28.88999938964844,hourly,10,False,0.5,1.02,24.0615,0.0837,0.0914,True,False,0.1464,0.0837,21.0863,0.197,0.2454,True
145,bj920527,2025-03-04,15.35000038146973,19.0,hourly,25,False,1.0,0.98,15.3485,0.0001,0.0001,True,False,0.002,0.0001,12.7412,0.17,0.2048,True
146,bj920418,2025-03-04,34.70000076293945,46.5,daily,10,False,0.5,1.02,34.7982,0.0028,-0.0028,False,False,0.0028,0.0049,25.0185,0.279,0.387,True
147,bj920856,2025-03-05,14.600000381469728,22.81999969482422,hourly,25,False,0.5,0.98,14.6175,0.0012,-0.0012,False,False,0.0204,0.0012,9.7218,0.3341,0.5018,True
148,bj920599,2025-03-05,16.270000457763672,19.190000534057617,hourly,10,False,0.5,1.02,15.7996,0.0289,0.0298,True,False,0.0675,0.0289,13.0426,0.1984,0.2475,True
149,bj920839,2025-03-05,21.600000381469727,27.0,hourly,15,True,1.5,1.0,21.6108,0.0005,-0.0005,False,False,0.0043,0.0005,17.3863,0.1951,0.2424,True
150,bj920267,2025-03-05,18.40999984741211,33.79999923706055,daily,30,True,1.5,0.95,18.7702,0.0196,-0.0192,False,False,0.0196,0.2039,20.7112,0.125,-0.1111,False
151,bj920455,2025-03-05,7.599999904632569,11.600000381469728,daily,25,True,0.5,1.02,7.5957,0.0006,0.0006,True,False,0.0006,0.0033,7.199,0.0528,0.0557,True
152,bj920779,2025-03-05,40.61000061035157,74.0,daily,25,False,0.5,1.0,40.6015,0.0002,0.0002,True,False,0.0002,0.002,34.0658,0.1611,0.1921,True
153,bj920299,2025-03-05,13.029999732971191,18.200000762939453,hourly,15,True,1.0,1.02,13.0297,0.0,0.0,True,False,0.0013,0.0,10.3328,0.207,0.261,True
154,bj920906,2025-03-05,17.200000762939453,29.0,daily,20,True,1.5,0.95,17.0993,0.0059,0.0059,True,False,0.0059,0.2616,18.6376,0.0836,-0.0771,False
155,bj920978,2025-03-05,16.22999954223633,25.88999938964844,daily,25,True,0.5,1.0,16.2631,0.002,-0.002,False,False,0.002,0.1696,15.5043,0.0447,0.0468,True
156,bj920651,2025-03-05,22.110000610351562,28.049999237060547,daily,20,True,0.5,1.02,22.0803,0.0013,0.0013,True,False,0.0013,0.0016,21.0827,0.0465,0.0487,True
157,bj920284,2025-03-05,15.5,31.299999237060547,daily,15,True,0.5,1.02,15.4768,0.0015,0.0015,True,False,0.0015,0.0988,13.6865,0.117,0.1325,True
158,bj920363,2025-03-05,13.800000190734869,22.649999618530277,daily,30,True,1.5,0.95,13.8207,0.0015,-0.0015,False,False,0.0015,0.1096,15.3867,0.115,-0.1031,False
159,bj920425,2025-03-05,19.32999992370606,34.79999923706055,daily,30,True,0.5,1.0,19.3363,0.0003,-0.0003,False,False,0.0003,0.0761,18.735,0.0308,0.0318,True
160,bj920274,2025-03-05,10.550000190734863,15.109999656677246,daily,30,True,1.5,0.95,10.7157,0.0157,-0.0155,False,False,0.0157,0.1702,11.7424,0.113,-0.1015,False
161,bj920123,2025-03-05,15.859999656677246,21.440000534057617,daily,15,False,0.5,1.0,15.7567,0.0065,0.0066,True,False,0.0065,0.025,13.6324,0.1405,0.1634,True
162,bj920006,2025-03-05,23.000000000000004,28.899999618530277,hourly,15,True,1.0,0.98,23.0183,0.0008,-0.0008,False,False,0.0015,0.0008,21.2292,0.077,0.0834,True
163,bj920145,2025-03-05,14.899999618530273,16.100000381469727,hourly,10,False,0.5,1.02,14.0644,0.0561,0.0594,True,False,0.2491,0.0561,9.279,0.3773,0.6058,True
164,bj920418,2025-03-05,25.40999984741211,48.0,daily,30,True,0.5,0.98,25.434,0.0009,-0.0009,False,False,0.0009,0.0458,25.3124,0.0038,0.0039,True
165,bj920856,2025-03-06,14.60000038146973,29.899999618530277,hourly,25,False,1.5,0.95,14.5988,0.0001,0.0001,True,False,0.0045,0.0001,9.8407,0.326,0.4836,True
166,bj920267,2025-03-06,18.409999847412116,31.88999938964844,daily,30,True,1.5,0.95,18.8433,0.0235,-0.023,False,False,0.0235,0.2508,20.8379,0.1319,-0.1165,False
167,bj920541,2025-03-06,12.140000343322754,16.049999237060547,hourly,25,True,1.5,1.02,12.1414,0.0001,-0.0001,False,False,0.0006,0.0001,10.9198,0.1005,0.1117,True
168,bj920706,2025-03-06,12.579999923706055,21.8799991607666,daily,20,True,1.5,1.0,12.5738,0.0005,0.0005,True,False,0.0005,0.2594,13.0454,0.037,-0.0357,False
169,bj920833,2025-03-06,14.869999885559082,16.389999389648438,hourly,10,False,0.5,1.02,14.5087,0.0243,0.0249,True,False,0.1143,0.0243,11.5733,0.2217,0.2849,True
170,bj920145,2025-03-06,15.100000381469727,15.779999732971191,hourly,10,False,0.5,1.02,14.8736,0.015,0.0152,True,False,0.2181,0.015,9.3365,0.3817,0.6173,True
171,bj920006,2025-03-06,23.0,30.299999237060547,hourly,25,True,1.5,0.98,22.9759,0.001,0.0011,True,False,0.0019,0.001,21.2611,0.0756,0.0818,True
172,bj920249,2025-03-06,9.899999618530275,19.299999237060547,daily,25,True,1.0,0.95,9.8965,0.0003,0.0003,True,False,0.0003,0.2678,10.4174,0.0523,-0.0497,False
173,bj920152,2025-03-06,15.000000000000004,22.38999938964844,daily,15,False,1.5,1.0,15.0063,0.0004,-0.0004,False,False,0.0004,0.1659,12.7854,0.1476,0.1732,True
174,bj920837,2025-03-06,11.63000011444092,18.299999237060547,daily,10,True,0.5,0.95,11.6417,0.001,-0.001,False,False,0.001,0.0266,10.8547,0.0667,0.0714,True
175,bj920455,2025-03-06,7.599999904632568,12.800000190734863,daily,30,False,1.0,1.02,7.5965,0.0005,0.0005,True,False,0.0005,0.0182,7.222,0.0497,0.0523,True
176,bj920123,2025-03-06,15.859999656677248,21.18000030517578,daily,10,False,1.0,1.0,15.8493,0.0007,0.0007,True,False,0.0007,0.0093,13.7133,0.1354,0.1565,True
177,bj920425,2025-03-06,19.32999992370606,33.0,hourly,20,False,1.0,1.02,19.3383,0.0004,-0.0004,False,False,0.0006,0.0004,18.8518,0.0247,0.0254,True
178,bj920207,2025-03-06,18.360000610351562,37.220001220703125,daily,25,True,1.0,0.98,18.3931,0.0018,-0.0018,False,False,0.0018,0.4409,18.7685,0.0222,-0.0218,False
179,bj920299,2025-03-06,13.029999732971191,17.209999084472656,daily,10,False,0.5,0.98,13.0258,0.0003,0.0003,True,False,0.0003,0.0007,10.4126,0.2009,0.2514,True
180,bj920284,2025-03-06,15.500000000000004,28.51000022888184,daily,15,False,1.5,1.0,15.4562,0.0028,0.0028,True,False,0.0028,0.1687,13.8626,0.1056,0.1181,True
181,bj920779,2025-03-06,40.610000610351555,70.0,daily,25,False,0.5,0.95,40.5379,0.0018,0.0018,True,False,0.0018,0.0034,34.4887,0.1507,0.1775,True
182,bj920810,2025-03-06,12.15999984741211,19.170000076293945,daily,20,False,0.5,0.98,12.1344,0.0021,0.0021,True,False,0.0021,0.0039,9.2554,0.2389,0.3138,True
183,sh603583,2025-03-06,31.35000038146973,50.400001525878906,daily,15,True,0.5,0.95,31.4553,0.0034,-0.0033,False,False,0.0034,0.1309,28.4701,0.0919,0.1012,True
184,bj920634,2025-03-07,20.200000762939453,27.100000381469727,hourly,10,True,1.5,1.02,20.2009,0.0,-0.0,False,False,0.0512,0.0,16.7133,0.1726,0.2086,True
185,bj920856,2025-03-07,14.600000381469725,36.810001373291016,hourly,30,False,1.5,0.95,14.6491,0.0034,-0.0033,False,False,0.0073,0.0034,9.9952,0.3154,0.4607,True
186,bj920001,2025-03-07,15.619999885559082,25.8700008392334,daily,25,True,1.5,0.95,15.6454,0.0016,-0.0016,False,False,0.0016,0.3731,17.3793,0.1126,-0.1012,False
187,bj920267,2025-03-07,18.40999984741211,31.200000762939453,daily,30,True,1.5,0.95,18.9388,0.0287,-0.0279,False,False,0.0287,0.3009,20.9932,0.1403,-0.123,False
188,bj920006,2025-03-07,23.000000000000004,31.8799991607666,daily,25,False,0.5,1.0,23.0426,0.0019,-0.0018,False,False,0.0019,0.0035,21.3008,0.0739,0.0798,True
189,bj920839,2025-03-07,21.60000038146973,28.280000686645508,hourly,30,True,1.0,0.98,21.5448,0.0026,0.0026,True,False,0.004,0.0026,17.6591,0.1824,0.2232,True
190,bj920599,2025-03-07,16.270000457763672,18.799999237060547,hourly,10,False,0.5,0.98,16.271,0.0001,-0.0001,False,False,0.0173,0.0001,13.1828,0.1897,0.2342,True
191,bj920089,2025-03-07,11.350000381469727,17.309999465942383,daily,25,True,1.0,0.95,11.3285,0.0019,0.0019,True,False,0.0019,0.0027,11.9247,0.0506,-0.0482,False
192,bj920837,2025-03-07,11.630000114440918,17.8799991607666,daily,15,False,1.5,1.02,11.6308,0.0001,-0.0001,False,False,0.0001,0.0399,10.924,0.0607,0.0646,True
193,bj920008,2025-03-07,30.450000762939457,40.470001220703125,daily,20,False,0.5,0.95,30.4463,0.0001,0.0001,True,False,0.0001,0.0196,29.4153,0.034,0.0352,True
194,bj920455,2025-03-07,7.599999904632568,11.800000190734863,daily,25,False,1.0,0.98,7.5872,0.0017,0.0017,True,False,0.0017,0.0461,7.262,0.0445,0.0465,True
195,bj920870,2025-03-07,13.569999694824222,21.899999618530277,daily,20,True,1.5,0.95,13.5257,0.0033,0.0033,True,False,0.0033,0.2025,14.6873,0.0823,-0.0761,False
196,bj920374,2025-03-07,22.979999542236328,43.060001373291016,daily,30,True,1.5,0.95,25.6405,0.1158,-0.1038,False,False,0.1158,0.4118,29.1711,0.2694,-0.2122,False
197,bj920130,2025-03-07,25.200000762939453,36.65999984741211,hourly,10,False,0.5,1.0,25.3155,0.0046,-0.0046,False,False,0.1007,0.0046,16.9316,0.3281,0.4883,True
198,bj920976,2025-03-07,17.860000610351562,31.600000381469727,daily,30,True,1.5,0.95,18.4396,0.0325,-0.0314,False,False,0.0325,0.2833,20.9971,0.1756,-0.1494,False
199,sh601177,2025-03-07,12.920000076293945,22.0,daily,15,True,1.5,1.02,12.9076,0.001,0.001,True,False,0.001,0.2384,11.1107,0.14,0.1628,True
200,bj920651,2025-03-07,22.110000610351562,28.799999237060547,hourly,15,True,1.5,0.95,22.0938,0.0007,0.0007,True,False,0.0009,0.0007,21.1291,0.0444,0.0464,True
201,bj920810,2025-03-07,12.15999984741211,22.0,daily,15,False,1.0,1.0,12.1415,0.0015,0.0015,True,False,0.0015,0.0028,9.3997,0.227,0.2937,True
202,bj920599,2025-03-10,16.270000457763672,19.200000762939453,hourly,10,True,1.0,1.0,16.2697,0.0,0.0,True,False,0.0085,0.0,13.2711,0.1843,0.226,True
203,bj920856,2025-03-10,14.600000381469728,29.5,daily,10,False,1.0,0.95,14.6172,0.0012,-0.0012,False,False,0.0012,0.0047,10.2038,0.3011,0.4308,True
204,bj920634,2025-03-10,20.200000762939453,29.57999992370605,hourly,15,True,1.5,1.0,20.2145,0.0007,-0.0007,False,False,0.0281,0.0007,16.7513,0.1707,0.2059,True
205,bj920427,2025-03-10,9.800000190734862,18.5,daily,10,False,1.5,0.95,10.2011,0.0409,-0.0393,False,False,0.0409,0.2281,11.676,0.1914,-0.1607,False
206,bj920541,2025-03-10,12.140000343322754,16.579999923706055,daily,30,False,0.5,1.0,12.0904,0.0041,0.0041,True,False,0.0041,0.0045,11.0259,0.0918,0.101,True
207,sz002093,2025-03-10,8.829999923706055,11.149999618530272,daily,10,False,0.5,1.0,8.831,0.0001,-0.0001,False,False,0.0001,0.0004,7.757,0.1215,0.1383,True
208,bj920839,2025-03-10,21.60000038146973,26.51000022888184,daily,10,False,0.5,0.95,21.6463,0.0021,-0.0021,False,False,0.0021,0.0052,17.8157,0.1752,0.2124,True
209,bj920008,2025-03-10,30.450000762939457,42.38999938964844,daily,25,True,0.5,1.0,30.4333,0.0005,0.0005,True,False,0.0005,0.0388,29.5242,0.0304,0.0314,True
210,bj920579,2025-03-10,20.219999313354492,33.560001373291016,daily,15,False,1.0,0.95,20.2312,0.0006,-0.0006,False,False,0.0006,0.0622,19.0526,0.0577,0.0613,True
211,bj920896,2025-03-10,12.840000152587892,24.0,daily,30,True,1.5,0.95,14.188,0.105,-0.095,False,False,0.105,0.4139,16.1016,0.254,-0.2026,False
212,bj920879,2025-03-10,14.829999923706055,20.0,daily,10,False,0.5,1.02,14.0029,0.0558,0.0591,True,False,0.0558,0.2402,12.0267,0.189,0.2331,True
213,bj920837,2025-03-10,11.630000114440922,19.13999938964844,daily,15,False,1.5,1.0,11.6281,0.0002,0.0002,True,False,0.0002,0.0679,11.0055,0.0537,0.0567,True
214,bj920130,2025-03-10,25.200000762939453,40.83000183105469,hourly,25,False,1.0,0.95,25.2009,0.0,-0.0,False,False,0.0213,0.0,17.1562,0.3192,0.4689,True
215,bj920006,2025-03-10,23.0,28.920000076293945,daily,25,False,0.5,0.98,22.9754,0.0011,0.0011,True,False,0.0011,0.0053,21.3654,0.0711,0.0765,True
216,sh605208,2025-03-10,8.510000228881838,15.829999923706056,daily,15,True,1.0,1.0,8.507,0.0003,0.0003,True,False,0.0003,0.1886,7.8166,0.0815,0.0887,True
217,bj920976,2025-03-10,17.860000610351566,32.790000915527344,daily,30,True,1.5,0.95,18.5466,0.0384,-0.037,False,False,0.0384,0.2924,21.1395,0.1836,-0.1551,False
218,bj920300,2025-03-10,14.5,16.299999237060547,hourly,30,True,1.5,0.95,14.4791,0.0014,0.0014,True,False,0.0015,0.0014,12.3319,0.1495,0.1758,True
219,bj920339,2025-03-10,8.420000076293945,10.720000267028809,hourly,20,True,0.5,0.95,8.4201,0.0,-0.0,False,False,0.0011,0.0,7.7129,0.084,0.0917,True
220,sz300819,2025-03-10,20.000000000000004,22.030000686645508,hourly,10,False,0.5,1.02,19.2874,0.0356,0.0369,True,False,0.1926,0.0356,12.7445,0.3628,0.5693,True
221,bj920634,2025-03-11,20.200000762939453,29.5,hourly,25,True,1.0,0.98,20.1798,0.001,0.001,True,False,0.0057,0.001,16.8146,0.1676,0.2013,True
222,bj920008,2025-03-11,30.450000762939457,50.0,daily,10,True,1.0,0.98,30.4366,0.0004,0.0004,True,False,0.0004,0.062,29.613,0.0275,0.0283,True
223,bj920599,2025-03-11,16.270000457763672,20.290000915527344,hourly,15,True,1.5,1.02,16.2733,0.0002,-0.0002,False,False,0.0059,0.0002,13.3713,0.1782,0.2168,True
224,bj920001,2025-03-11,15.619999885559086,27.399999618530277,daily,30,True,1.5,0.95,15.5779,0.0027,0.0027,True,False,0.0027,0.3982,17.7877,0.1388,-0.1219,False
225,bj920541,2025-03-11,12.140000343322754,17.329999923706055,daily,15,False,1.0,0.98,12.1452,0.0004,-0.0004,False,False,0.0004,0.0007,11.0956,0.086,0.0941,True
226,bj920856,2025-03-11,14.600000381469727,27.600000381469727,daily,15,False,1.0,0.95,14.6165,0.0011,-0.0011,False,False,0.0011,0.0192,10.464,0.2833,0.3953,True
227,bj920339,2025-03-11,8.420000076293945,11.289999961853027,hourly,25,True,1.5,0.98,8.4197,0.0,0.0,True,False,0.0005,0.0,7.7412,0.0806,0.0877,True
228,bj920006,2025-03-11,23.0,32.349998474121094,daily,20,True,0.5,1.02,22.9961,0.0002,0.0002,True,False,0.0002,0.032,21.4325,0.0682,0.0731,True
229,bj920839,2025-03-11,21.600000381469727,29.270000457763672,daily,20,False,0.5,1.0,21.6043,0.0002,-0.0002,False,False,0.0002,0.0061,17.9804,0.1676,0.2013,True
230,bj920579,2025-03-11,20.219999313354492,35.970001220703125,daily,30,True,0.5,1.02,20.2214,0.0001,-0.0001,False,False,0.0001,0.0956,19.1988,0.0505,0.0532,True
231,bj920781,2025-03-11,9.670000076293944,10.899999618530272,daily,10,False,0.5,1.02,9.1788,0.0508,0.0535,True,False,0.0508,0.0596,7.8934,0.1837,0.2251,True
232,bj920943,2025-03-11,13.750000000000002,22.5,daily,30,True,1.5,0.95,13.7754,0.0018,-0.0018,False,False,0.0018,0.2365,15.2561,0.1095,-0.0987,False
233,bj920002,2025-03-11,133.0,250.00999450683597,daily,15,False,1.5,0.95,132.9659,0.0003,0.0003,True,False,0.0003,0.0186,90.2849,0.3212,0.4731,True
234,bj920225,2025-03-11,12.020000457763672,15.970000267028809,hourly,25,True,1.5,0.95,12.0121,0.0007,0.0007,True,False,0.0016,0.0007,11.1429,0.073,0.0787,True
235,bj920879,2025-03-11,14.829999923706055,18.670000076293945,daily,10,False,0.5,1.02,14.6894,0.0095,0.0096,True,False,0.0095,0.1783,12.0801,0.1854,0.2276,True
236,bj920145,2025-03-11,15.100000381469727,16.790000915527344,hourly,20,False,0.5,1.02,15.0662,0.0022,0.0022,True,False,0.1289,0.0022,9.6029,0.364,0.5724,True
237,bj920270,2025-03-11,12.880000114440918,19.549999237060547,daily,25,False,1.0,1.02,12.8832,0.0002,-0.0002,False,False,0.0002,0.0017,11.6702,0.0939,0.1037,True
238,sz300819,2025-03-11,20.0,26.600000381469727,hourly,10,False,0.5,0.98,20.0155,0.0008,-0.0008,False,False,0.1578,0.0008,12.8442,0.3578,0.5571,True
239,bj920263,2025-03-11,9.15999984741211,16.40999984741211,daily,10,False,1.0,0.95,9.1704,0.0011,-0.0011,False,False,0.0011,0.0493,7.9876,0.128,0.1468,True
240,bj920634,2025-03-12,20.200000762939453,32.790000915527344,daily,15,False,0.5,0.98,20.2068,0.0003,-0.0003,False,False,0.0003,0.007,16.9166,0.1625,0.1941,True
241,bj920026,2025-03-12,18.510000228881836,36.5,hourly,25,True,0.5,0.95,18.5195,0.0005,-0.0005,False,False,0.0799,0.0005,22.0983,0.1939,-0.1624,False
242,bj920008,2025-03-12,30.450000762939453,48.880001068115234,daily,20,False,1.0,0.95,30.4088,0.0014,0.0014,True,False,0.0014,0.088,29.7632,0.0226,0.0231,True
243,bj920856,2025-03-12,14.600000381469727,28.0,daily,20,False,1.0,0.95,14.5205,0.0054,0.0055,True,False,0.0054,0.1116,10.7674,0.2625,0.3559,True
244,bj920833,2025-03-12,14.86999988555908,21.440000534057617,hourly,15,False,0.5,1.0,14.8737,0.0002,-0.0002,False,False,0.0583,0.0002,11.7851,0.2075,0.2618,True
245,bj920006,2025-03-12,22.999999999999996,34.29999923706055,daily,25,True,0.5,1.02,22.9995,0.0,0.0,True,False,0.0,0.0561,21.5349,0.0637,0.068,True
246,bj920579,2025-03-12,20.21999931335449,40.79999923706055,daily,10,False,1.5,1.0,20.2237,0.0002,-0.0002,False,False,0.0002,0.1421,19.3495,0.0431,0.045,True
247,bj920455,2025-03-12,7.599999904632569,13.210000038146973,daily,20,True,1.0,1.0,7.5979,0.0003,0.0003,True,False,0.0003,0.1633,7.4567,0.0189,0.0192,True
248,bj920943,2025-03-12,13.75,23.5,daily,30,True,1.5,0.95,13.8294,0.0058,-0.0057,False,False,0.0058,0.2533,15.3432,0.1159,-0.1038,False
249,bj920145,2025-03-12,15.100000381469728,17.5,hourly,20,False,1.0,1.02,15.1128,0.0009,-0.0008,False,False,0.1041,0.0009,9.7131,0.3567,0.5546,True
250,bj920339,2025-03-12,8.420000076293945,11.020000457763672,hourly,20,True,1.5,0.95,8.4135,0.0008,0.0008,True,False,0.0015,0.0008,7.779,0.0761,0.0824,True
251,bj920427,2025-03-12,9.800000190734863,17.010000228881836,daily,30,True,1.5,0.95,10.5469,0.0762,-0.0708,False,False,0.0762,0.2885,11.737,0.1977,-0.165,False
252,bj920837,2025-03-12,11.630000114440916,24.979999542236328,daily,30,False,1.0,0.95,11.6392,0.0008,-0.0008,False,False,0.0008,0.1381,11.2004,0.0369,0.0384,True
253,bj920299,2025-03-12,13.029999732971193,17.09000015258789,daily,30,False,0.5,1.02,13.0557,0.002,-0.002,False,False,0.002,0.0312,10.8777,0.1652,0.1979,True
254,bj920871,2025-03-12,13.699999809265137,18.200000762939453,hourly,25,False,1.0,0.98,13.6972,0.0002,0.0002,True,False,0.0013,0.0002,12.7666,0.0681,0.0731,True
255,bj920879,2025-03-12,14.829999923706055,19.0,daily,10,False,0.5,1.0,14.8484,0.0012,-0.0012,False,False,0.0012,0.156,12.1484,0.1808,0.2207,True
256,bj920378,2025-03-12,9.710000038146973,15.5,daily,20,True,1.5,0.98,9.735,0.0026,-0.0026,False,False,0.0026,0.245,10.1022,0.0404,-0.0388,False
257,bj920225,2025-03-12,12.020000457763672,15.40999984741211,daily,20,False,1.0,0.98,11.9991,0.0017,0.0017,True,False,0.0017,0.0036,11.2122,0.0672,0.072,True
258,bj920130,2025-03-12,25.20000076293945,43.0,daily,15,False,0.5,1.02,25.2758,0.003,-0.003,False,False,0.003,0.0045,17.6845,0.2982,0.425,True
259,bj920008,2025-03-13,30.450000762939453,54.0,daily,25,True,0.5,0.98,30.4386,0.0004,0.0004,True,False,0.0004,0.1218,29.95,0.0164,0.0167,True
260,bj920026,2025-03-13,18.51000022888184,35.310001373291016,hourly,30,True,1.0,0.95,18.5496,0.0021,-0.0021,False,False,0.0845,0.0021,22.2553,0.2023,-0.1683,False
261,bj920000,2025-03-13,16.18000030517578,31.11000061035156,daily,30,True,1.5,0.95,17.9822,0.1114,-0.1002,False,False,0.1114,0.3195,19.9725,0.2344,-0.1899,False
262,bj920225,2025-03-13,12.020000457763674,16.8799991607666,daily,20,True,0.5,1.02,12.0042,0.0013,0.0013,True,False,0.0013,0.0243,11.2812,0.0615,0.0655,True
263,bj920339,2025-03-13,8.420000076293945,11.699999809265137,daily,20,False,0.5,0.95,8.4157,0.0005,0.0005,True,False,0.0005,0.0053,7.8256,0.0706,0.076,True
264,bj920396,2025-03-13,21.209999084472656,26.100000381469727,daily,10,False,0.5,1.02,20.9442,0.0125,0.0127,True,False,0.0125,0.1197,17.2333,0.1875,0.2308,True
265,bj920553,2025-03-13,7.469999790191651,13.609999656677246,daily,15,True,1.0,0.95,7.4618,0.0011,0.0011,True,False,0.0011,0.0922,7.5095,0.0053,-0.0053,False
266,bj920455,2025-03-13,7.59999990463257,13.029999732971191,daily,30,True,0.5,0.98,7.6126,0.0017,-0.0017,False,False,0.0017,0.1987,7.5402,0.0079,0.0079,True
267,bj920579,2025-03-13,20.219999313354492,38.63999938964844,daily,30,True,0.5,1.0,20.1999,0.001,0.001,True,False,0.001,0.19,19.5481,0.0332,0.0344,True
268,bj920837,2025-03-13,11.630000114440918,22.040000915527344,daily,20,True,1.0,1.0,11.6464,0.0014,-0.0014,False,False,0.0014,0.193,11.3492,0.0241,0.0247,True
269,bj920299,2025-03-13,13.029999732971191,18.5,daily,20,False,0.5,0.95,13.0368,0.0005,-0.0005,False,False,0.0005,0.0546,11.0105,0.155,0.1834,True
270,bj920130,2025-03-13,25.200000762939453,48.0,hourly,30,True,1.0,0.95,25.1794,0.0008,0.0008,True,False,0.0013,0.0008,17.9896,0.2861,0.4008,True
271,bj920943,2025-03-13,13.75,22.950000762939453,daily,30,True,1.5,0.95,13.8967,0.0107,-0.0106,False,False,0.0107,0.2811,15.4479,0.1235,-0.1099,False
272,bj920422,2025-03-13,11.220000267028809,15.5,daily,10,False,1.5,1.02,11.2175,0.0002,0.0002,True,False,0.0002,0.0005,9.968,0.1116,0.1256,True
273,bj920339,2025-03-14,8.420000076293945,12.699999809265137,daily,20,False,1.0,0.98,8.4181,0.0002,0.0002,True,False,0.0002,0.0197,7.8739,0.0649,0.0694,True
274,bj920634,2025-03-14,20.200000762939457,32.9900016784668,daily,10,True,0.5,0.98,20.2172,0.0009,-0.0009,False,False,0.0009,0.0467,17.1849,0.1493,0.1755,True
275,bj920008,2025-03-14,30.45000076293945,49.25,daily,15,True,1.5,1.02,30.4677,0.0006,-0.0006,False,False,0.0006,0.1616,30.1996,0.0082,0.0083,True
276,bj920026,2025-03-14,18.510000228881836,33.099998474121094,hourly,30,True,1.5,0.95,18.8432,0.018,-0.0177,False,False,0.09,0.018,22.4313,0.2118,-0.1748,False
277,bj920576,2025-03-14,26.389999389648438,35.0,hourly,20,False,0.5,0.95,26.3938,0.0001,-0.0001,False,False,0.0061,0.0001,22.0561,0.1642,0.1965,True
278,bj920422,2025-03-14,11.220000267028809,18.299999237060547,hourly,25,True,1.5,0.95,11.2347,0.0013,-0.0013,False,False,0.0014,0.0013,10.0357,0.1056,0.118,True
279,bj920833,2025-03-14,14.86999988555908,29.8799991607666,hourly,25,True,1.0,0.98,14.8731,0.0002,-0.0002,False,False,0.0044,0.0002,11.9386,0.1971,0.2455,True
280,bj920553,2025-03-14,7.469999790191651,12.899999618530272,daily,30,True,1.0,1.0,7.4592,0.0014,0.0014,True,False,0.0014,0.1263,7.5714,0.0136,-0.0134,False
281,bj920570,2025-03-14,28.290000915527344,59.0,daily,25,True,1.5,0.95,28.3715,0.0029,-0.0029,False,False,0.0029,0.1318,31.2436,0.1044,-0.0945,False
282,bj920225,2025-03-14,12.020000457763672,16.299999237060547,daily,10,True,1.5,1.0,12.0232,0.0003,-0.0003,False,False,0.0003,0.0437,11.3619,0.0548,0.0579,True
283,bj920781,2025-03-14,9.670000076293947,11.829999923706056,hourly,15,False,0.5,1.02,9.6853,0.0016,-0.0016,False,False,0.0095,0.0016,8.0231,0.1703,0.2053,True
284,bj920145,2025-03-14,15.100000381469727,18.280000686645508,hourly,15,False,1.5,0.98,15.1065,0.0004,-0.0004,False,False,0.0505,0.0004,9.9721,0.3396,0.5142,True
285,bj920837,2025-03-14,11.63000011444092,20.5,daily,20,True,1.0,0.98,11.6323,0.0002,-0.0002,False,False,0.0002,0.2648,11.5154,0.0099,0.0099,True
286,bj920000,2025-03-14,16.18000030517578,28.51000022888184,daily,30,True,1.5,0.95,18.0418,0.1151,-0.1032,False,False,0.1151,0.3317,20.0599,0.2398,-0.1934,False
287,bj920130,2025-03-14,25.200000762939453,39.0,daily,25,False,0.5,1.02,25.2006,0.0,-0.0,False,False,0.0,0.0366,18.3472,0.2719,0.3735,True
288,bj920871,2025-03-14,13.699999809265138,18.90999984741211,hourly,15,True,1.0,0.95,13.7035,0.0003,-0.0003,False,False,0.0003,0.0003,12.9592,0.0541,0.0572,True
289,sz002574,2025-03-14,4.920000076293945,7.300000190734863,daily,10,True,1.0,1.02,4.9197,0.0001,0.0001,True,False,0.0001,0.0004,4.5388,0.0775,0.084,True
290,bj920010,2025-03-14,10.100000381469727,16.75,daily,10,False,1.5,1.02,10.1231,0.0023,-0.0023,False,False,0.0023,0.0388,8.4273,0.1656,0.1985,True
291,bj920339,2025-03-17,8.420000076293945,14.09000015258789,daily,15,False,1.5,1.02,8.4179,0.0003,0.0003,True,False,0.0003,0.0469,7.9238,0.0589,0.0626,True
292,bj920634,2025-03-17,20.200000762939453,30.68000030517578,daily,15,True,0.5,1.02,20.217,0.0008,-0.0008,False,False,0.0008,0.0954,17.3677,0.1402,0.1631,True
293,bj920781,2025-03-17,9.670000076293945,12.270000457763672,hourly,20,False,1.0,1.02,9.6604,0.001,0.001,True,False,0.005,0.001,8.0688,0.1656,0.1984,True
294,bj920471,2025-03-17,11.69999980926514,21.149999618530277,daily,30,True,1.5,0.95,12.1041,0.0345,-0.0334,False,False,0.0345,0.2362,13.3265,0.139,-0.1221,False
295,bj920541,2025-03-17,12.140000343322754,17.049999237060547,daily,30,False,1.5,1.02,12.1466,0.0005,-0.0005,False,False,0.0005,0.0911,11.4655,0.0556,0.0588,True
296,bj920839,2025-03-17,21.600000381469727,31.530000686645508,daily,25,False,0.5,0.95,21.625,0.0012,-0.0012,False,False,0.0012,0.0751,18.814,0.129,0.1481,True
297,bj920576,2025-03-17,26.38999938964844,31.549999237060547,hourly,30,False,1.0,0.95,26.3522,0.0014,0.0014,True,False,0.0022,0.0014,22.1796,0.1595,0.1898,True
298,bj920225,2025-03-17,12.020000457763672,16.860000610351562,daily,20,True,0.5,1.0,12.0183,0.0001,0.0001,True,False,0.0001,0.0643,11.455,0.047,0.0493,True
299,bj920547,2025-03-17,16.32999992370606,24.649999618530277,daily,30,True,1.5,1.02,16.3244,0.0003,0.0003,True,False,0.0003,0.1068,16.6567,0.02,-0.0196,False
300,bj920833,2025-03-17,14.869999885559086,29.88999938964844,daily,10,False,1.0,0.95,14.872,0.0001,-0.0001,False,False,0.0001,0.0104,12.0771,0.1878,0.2313,True
301,bj920553,2025-03-17,7.469999790191649,12.649999618530272,daily,25,True,1.0,0.98,7.4942,0.0032,-0.0032,False,False,0.0032,0.1705,7.6471,0.0237,-0.0232,False
302,bj920570,2025-03-17,28.290000915527347,50.5,daily,30,True,1.5,0.95,28.2847,0.0002,0.0002,True,False,0.0002,0.1495,31.4465,0.1116,-0.1004,False
303,bj920221,2025-03-17,13.729999542236328,27.5,hourly,30,True,1.5,0.95,14.0944,0.0265,-0.0259,False,False,0.0363,0.0265,15.6444,0.1394,-0.1224,False
304,bj920145,2025-03-17,15.100000381469728,22.020000457763672,hourly,20,True,1.5,1.02,15.1007,0.0,-0.0,False,False,0.0409,0.0,10.0991,0.3312,0.4952,True
305,bj920871,2025-03-17,13.699999809265137,19.86000061035156,daily,20,True,0.5,0.98,13.717,0.0012,-0.0012,False,False,0.0012,0.003,13.0684,0.0461,0.0483,True
306,bj920422,2025-03-17,11.22000026702881,16.190000534057617,daily,30,False,0.5,0.98,11.2193,0.0001,0.0001,True,False,0.0001,0.0109,10.116,0.0984,0.1091,True
307,bj920694,2025-03-17,14.920000076293944,22.6200008392334,hourly,15,False,0.5,1.02,14.9044,0.001,0.001,True,False,0.0031,0.001,15.7539,0.0559,-0.0529,False
308,bj920519,2025-03-17,9.550000190734863,14.989999771118164,daily,30,True,1.0,0.95,9.55,0.0,-0.0,False,False,0.0,0.1766,10.1792,0.0659,-0.0618,False
309,bj920943,2025-03-17,13.750000000000005,24.899999618530277,daily,30,True,1.5,0.95,14.0664,0.023,-0.0225,False,False,0.023,0.3393,15.701,0.1419,-0.1243,False
310,bj920873,2025-03-17,4.079999923706055,6.929999828338623,daily,30,True,1.5,0.95,4.3581,0.0682,-0.0638,False,False,0.0682,0.3389,4.7962,0.1755,-0.1493,False
311,bj920339,2025-03-18,8.420000076293945,12.800000190734863,daily,30,False,1.0,0.98,8.4209,0.0001,-0.0001,False,False,0.0001,0.0795,7.986,0.0515,0.0543,True
312,bj920634,2025-03-18,20.200000762939453,31.5,daily,20,False,1.0,0.98,20.249,0.0024,-0.0024,False,False,0.0024,0.144,17.5751,0.1299,0.1494,True
313,bj920781,2025-03-18,9.670000076293945,12.65999984741211,hourly,15,False,1.0,0.95,9.6741,0.0004,-0.0004,False,False,0.0027,0.0004,8.1197,0.1603,0.1909,True
314,bj920833,2025-03-18,14.869999885559084,25.01000022888184,daily,15,False,1.0,0.95,14.8726,0.0002,-0.0002,False,False,0.0002,0.0686,12.2546,0.1759,0.2134,True
315,bj920839,2025-03-18,21.600000381469727,35.5099983215332,daily,15,False,1.5,1.02,21.5828,0.0008,0.0008,True,False,0.0008,0.097,19.032,0.1189,0.1349,True
316,bj920639,2025-03-18,6.519999980926514,8.59000015258789,daily,10,True,1.5,0.98,6.5183,0.0003,0.0003,True,False,0.0003,0.0498,6.3337,0.0286,0.0294,True
317,bj920427,2025-03-18,9.800000190734865,16.399999618530273,daily,30,True,1.5,0.95,10.7084,0.0927,-0.0848,False,False,0.0927,0.4062,11.9801,0.2225,-0.182,False
318,bj920370,2025-03-18,3.1500000953674316,5.03000020980835,daily,30,True,1.5,0.95,3.306,0.0495,-0.0472,False,False,0.0495,0.2604,3.617,0.1483,-0.1291,False
319,bj920471,2025-03-18,11.69999980926514,19.0,daily,30,True,1.5,0.95,12.1424,0.0378,-0.0364,False,False,0.0378,0.2524,13.3951,0.1449,-0.1265,False
320,bj920284,2025-03-18,15.500000000000004,26.0,daily,20,True,1.5,1.0,15.5659,0.0043,-0.0042,False,False,0.0043,0.4705,15.9347,0.028,-0.0273,False
321,bj920547,2025-03-18,16.329999923706055,23.549999237060547,daily,15,True,1.5,0.98,16.3323,0.0001,-0.0001,False,False,0.0001,0.1239,16.7433,0.0253,-0.0247,False
322,bj920145,2025-03-18,15.100000381469727,23.0,hourly,30,True,1.0,1.02,15.1218,0.0014,-0.0014,False,False,0.0023,0.0014,10.2491,0.3212,0.4733,True
323,bj920300,2025-03-18,14.500000000000002,19.51000022888184,daily,10,False,1.5,1.0,14.4934,0.0005,0.0005,True,False,0.0005,0.0496,12.9567,0.1064,0.1191,True
324,bj920873,2025-03-18,4.079999923706055,7.0,daily,30,True,1.5,0.95,4.3853,0.0748,-0.0696,False,False,0.0748,0.3633,4.836,0.1853,-0.1563,False
325,bj920422,2025-03-18,11.220000267028809,15.640000343322754,daily,15,False,1.5,1.0,11.1941,0.0023,0.0023,True,False,0.0023,0.0459,10.2071,0.0903,0.0992,True
326,bj920260,2025-03-18,9.800000190734863,14.699999809265137,daily,30,True,1.5,0.95,9.781,0.0019,0.0019,True,False,0.0019,0.1657,10.7683,0.0988,-0.0899,False
327,bj920802,2025-03-18,15.409999847412111,23.030000686645508,hourly,25,True,1.0,1.02,15.4137,0.0002,-0.0002,False,False,0.0042,0.0002,16.0641,0.0424,-0.0407,False
328,bj920768,2025-03-18,7.079999923706055,11.550000190734863,hourly,15,False,1.0,0.95,7.0805,0.0001,-0.0001,False,False,0.0007,0.0001,7.8789,0.1128,-0.1014,False
329,bj920717,2025-03-18,8.25,13.4399995803833,daily,30,True,1.5,0.95,8.376,0.0153,-0.015,False,False,0.0153,0.2805,9.3065,0.1281,-0.1135,False
330,bj920570,2025-03-18,28.29000091552734,50.0,daily,30,True,1.5,0.95,28.4036,0.004,-0.004,False,False,0.004,0.1859,31.6895,0.1202,-0.1073,False
331,bj920339,2025-03-19,8.420000076293945,11.489999771118164,daily,25,False,1.0,0.95,8.4181,0.0002,0.0002,True,False,0.0002,0.1204,8.0533,0.0435,0.0455,True
332,bj920833,2025-03-19,14.869999885559082,22.770000457763672,daily,10,False,1.5,0.98,14.9161,0.0031,-0.0031,False,False,0.0031,0.1483,12.4441,0.1631,0.1949,True
333,sz002052,2025-03-19,5.570000171661377,6.300000190734863,hourly,10,False,0.5,1.02,5.5641,0.0011,0.0011,True,False,0.0845,0.0011,4.8075,0.1369,0.1586,True
334,bj920405,2025-03-19,13.949999809265137,23.950000762939453,daily,30,True,1.5,0.95,14.3255,0.0269,-0.0262,False,False,0.0269,0.295,15.9345,0.1423,-0.1245,False
335,bj920509,2025-03-19,18.309999465942383,24.0,hourly,15,True,1.5,0.95,18.311,0.0001,-0.0001,False,False,0.0053,0.0001,15.4747,0.1548,0.1832,True
336,bj920547,2025-03-19,16.329999923706055,22.40999984741211,daily,10,True,1.5,0.95,16.3439,0.0009,-0.0009,False,False,0.0009,0.1498,16.8412,0.0313,-0.0304,False
337,bj920781,2025-03-19,9.670000076293945,11.15999984741211,hourly,30,False,1.5,1.0,9.6542,0.0016,0.0016,True,False,0.0022,0.0016,8.173,0.1548,0.1832,True
338,bj920810,2025-03-19,12.159999847412111,21.850000381469727,daily,30,False,1.5,0.98,12.1395,0.0017,0.0017,True,False,0.0017,0.0423,11.2314,0.0764,0.0827,True
339,bj920786,2025-03-19,8.369999885559082,10.039999961853027,hourly,25,True,1.5,0.95,8.3826,0.0015,-0.0015,False,False,0.0044,0.0015,7.0777,0.1544,0.1826,True
340,bj920981,2025-03-19,26.010000228881832,41.150001525878906,daily,30,True,1.5,0.95,27.2697,0.0484,-0.0462,False,False,0.0484,0.3085,30.303,0.1651,-0.1417,False
341,bj920639,2025-03-19,6.519999980926514,7.869999885559082,daily,25,True,0.5,1.0,6.5215,0.0002,-0.0002,False,False,0.0002,0.0661,6.3672,0.0234,0.024,True
342,sz000678,2025-03-19,9.699999809265138,17.5,daily,10,False,1.5,0.98,9.6813,0.0019,0.0019,True,False,0.0019,0.0214,6.9033,0.2883,0.4051,True
343,sz300789,2025-03-19,16.920000076293945,27.01000022888184,daily,15,False,1.0,0.98,16.9201,0.0,-0.0,False,False,0.0,0.029,16.2439,0.04,0.0416,True
344,bj920370,2025-03-19,3.1500000953674316,4.920000076293945,daily,30,True,1.5,0.95,3.3148,0.0523,-0.0497,False,False,0.0523,0.2728,3.6333,0.1534,-0.133,False
345,bj920651,2025-03-19,22.11000061035156,29.46999931335449,daily,20,True,0.5,0.95,22.1687,0.0027,-0.0026,False,False,0.0027,0.1062,22.0504,0.0027,0.0027,True
346,bj920471,2025-03-19,11.699999809265137,17.530000686645508,daily,30,True,1.5,0.95,12.1831,0.0413,-0.0397,False,False,0.0413,0.271,13.4664,0.151,-0.1312,False
347,sz002342,2025-03-19,3.839999914169312,5.389999866485596,hourly,20,True,1.0,1.02,3.8426,0.0007,-0.0007,False,False,0.0063,0.0007,3.1769,0.1727,0.2087,True
348,sz300695,2025-03-19,47.150001525878906,88.0,hourly,15,True,0.5,0.98,47.0328,0.0025,0.0025,True,False,0.0053,0.0025,49.0415,0.0401,-0.0386,False
349,bj920839,2025-03-20,21.600000381469727,36.86000061035156,daily,20,False,1.5,0.98,21.5912,0.0004,0.0004,True,False,0.0004,0.1569,19.5608,0.0944,0.1043,True
350,bj920571,2025-03-20,5.380000114440918,8.300000190734863,daily,30,True,1.5,0.95,5.4458,0.0122,-0.0121,False,False,0.0122,0.1667,5.9343,0.103,-0.0934,False
351,sz002052,2025-03-20,5.570000171661377,5.900000095367432,hourly,15,False,0.5,0.98,5.564,0.0011,0.0011,True,False,0.0679,0.0011,4.8052,0.1373,0.1592,True
352,bj920786,2025-03-20,8.369999885559082,9.520000457763672,daily,25,False,0.5,1.02,8.3693,0.0001,0.0001,True,False,0.0001,0.0086,7.1339,0.1477,0.1733,True
353,bj920130,2025-03-20,25.200000762939457,37.209999084472656,daily,15,True,0.5,1.0,25.0971,0.0041,0.0041,True,False,0.0041,0.2249,19.9766,0.2073,0.2615,True
354,bj920509,2025-03-20,18.309999465942386,20.899999618530277,hourly,20,True,1.5,0.95,18.3229,0.0007,-0.0007,False,False,0.0008,0.0007,15.5856,0.1488,0.1748,True
355,sz002164,2025-03-20,5.869999885559082,11.220000267028809,daily,25,True,1.0,1.0,5.8965,0.0045,-0.0045,False,False,0.0045,0.1977,5.8965,0.0045,-0.0045,False
356,sh603315,2025-03-20,9.890000343322752,17.790000915527344,daily,30,True,1.5,0.95,10.153,0.0266,-0.0259,False,False,0.0266,0.2658,11.2438,0.1369,-0.1204,False
357,sz000678,2025-03-20,9.699999809265137,18.8700008392334,daily,20,False,1.0,1.0,9.7658,0.0068,-0.0067,False,False,0.0068,0.0887,7.0835,0.2697,0.3694,True
358,bj920405,2025-03-20,13.949999809265137,22.0,daily,30,True,1.5,0.95,14.3952,0.0319,-0.0309,False,False,0.0319,0.3293,16.0478,0.1504,-0.1307,False
359,sz301255,2025-03-20,30.649999618530273,58.5,hourly,30,True,1.5,0.95,31.0737,0.0138,-0.0136,False,False,0.0509,0.0138,36.3432,0.1857,-0.1567,False
360,bj920970,2025-03-20,6.440000057220459,7.800000190734863,daily,15,True,1.0,1.0,6.4356,0.0007,0.0007,True,False,0.0007,0.091,6.0668,0.0579,0.0615,True
361,sz300817,2025-03-20,18.420000076293945,32.20000076293945,daily,25,True,0.5,1.0,18.4542,0.0019,-0.0019,False,False,0.0019,0.1513,17.6655,0.041,0.0427,True
362,sz300753,2025-03-20,16.8799991607666,30.040000915527344,daily,25,True,1.5,0.95,17.0222,0.0084,-0.0084,False,False,0.0084,0.17,18.6174,0.1029,-0.0933,False
363,sz300961,2025-03-20,12.609999656677246,21.020000457763672,daily,10,False,1.0,0.98,12.6062,0.0003,0.0003,True,False,0.0003,0.014,10.216,0.1898,0.2343,True
364,sz002553,2025-03-20,14.34000015258789,23.31999969482422,daily,20,False,1.0,0.95,14.3441,0.0003,-0.0003,False,False,0.0003,0.0626,13.9415,0.0278,0.0286,True
365,bj920839,2025-03-21,21.600000381469727,31.5,daily,15,True,1.0,0.98,21.5862,0.0006,0.0006,True,False,0.0006,0.1935,19.8421,0.0814,0.0886,True
366,bj920571,2025-03-21,5.380000114440918,8.210000038146973,daily,30,True,1.5,0.95,5.4567,0.0143,-0.0141,False,False,0.0143,0.1851,5.9571,0.1073,-0.0969,False
367,sh603776,2025-03-21,14.40999984741211,24.450000762939453,daily,15,True,0.5,0.98,14.4454,0.0025,-0.0025,False,False,0.0025,0.0502,13.5859,0.0572,0.0607,True
368,bj920570,2025-03-21,28.290000915527344,52.459999084472656,daily,30,True,1.5,0.95,28.9271,0.0225,-0.022,False,False,0.0225,0.29,32.5959,0.1522,-0.1321,False
369,bj920553,2025-03-21,7.46999979019165,10.93000030517578,daily,30,True,1.5,1.0,7.476,0.0008,-0.0008,False,False,0.0008,0.3069,7.9759,0.0677,-0.0634,False
370,bj920427,2025-03-21,9.800000190734862,15.399999618530272,daily,30,True,1.5,0.95,10.8544,0.1076,-0.0971,False,False,0.1076,0.4013,12.1844,0.2433,-0.1957,False
371,sh603949,2025-03-21,15.710000038146973,19.559999465942383,hourly,25,False,0.5,0.95,15.7287,0.0012,-0.0012,False,False,0.0055,0.0012,12.7547,0.1881,0.2317,True
372,sz002052,2025-03-21,5.570000171661377,5.739999771118164,hourly,10,False,0.5,0.95,5.5715,0.0003,-0.0003,False,False,0.0541,0.0003,4.8061,0.1371,0.1589,True
373,bj920781,2025-03-21,9.670000076293945,10.84000015258789,hourly,20,True,0.5,0.95,9.6685,0.0002,0.0002,True,False,0.0029,0.0002,8.2813,0.1436,0.1677,True
374,sz300198,2025-03-21,2.140000104904175,2.75,hourly,25,True,0.5,1.02,2.1392,0.0004,0.0004,True,False,0.021,0.0004,1.9297,0.0983,0.109,True
375,sz002713,2025-03-21,3.680000066757203,7.0,daily,30,True,1.5,0.95,3.7686,0.0241,-0.0235,False,False,0.0241,0.2965,4.1411,0.1253,-0.1114,False
376,bj920689,2025-03-21,30.20999908447266,49.970001220703125,daily,15,False,0.5,1.0,30.4763,0.0088,-0.0087,False,False,0.0088,0.0154,21.8813,0.2757,0.3806,True
377,sz002406,2025-03-21,5.730000019073485,10.399999618530272,daily,30,True,1.5,0.95,6.0065,0.0483,-0.046,False,False,0.0483,0.2133,6.5715,0.1469,-0.1281,False
378,sz300961,2025-03-21,12.609999656677248,22.06999969482422,daily,25,False,0.5,0.98,12.6132,0.0003,-0.0003,False,False,0.0003,0.0384,10.3483,0.1794,0.2186,True
379,bj920225,2025-03-21,12.020000457763672,15.90999984741211,daily,20,True,1.5,1.02,12.0127,0.0006,0.0006,True,False,0.0006,0.139,11.8376,0.0152,0.0154,True
380,sz301396,2025-03-21,65.5,85.5,daily,10,True,0.5,1.0,65.2976,0.0031,0.0031,True,False,0.0031,0.3685,44.3576,0.3228,0.4766,True
381,sz300084,2025-03-21,5.570000171661377,9.0,daily,15,True,0.5,0.98,5.57,0.0,0.0,True,False,0.0,0.0175,5.4533,0.021,0.0214,True
382,bj920819,2025-03-21,3.319999933242798,4.019999980926514,daily,10,True,1.0,0.98,3.321,0.0003,-0.0003,False,False,0.0003,0.0275,3.3051,0.0045,0.0045,True
383,bj920571,2025-03-24,5.380000114440918,8.520000457763672,daily,30,True,1.5,0.95,5.4703,0.0168,-0.0165,False,False,0.0168,0.2057,5.9841,0.1123,-0.1009,False
384,bj920634,2025-03-24,20.200000762939457,30.399999618530277,daily,30,False,1.0,0.98,20.2033,0.0002,-0.0002,False,False,0.0002,0.238,18.5135,0.0835,0.0911,True
385,bj920856,2025-03-24,14.600000381469728,23.5,daily,20,True,1.0,0.95,14.5551,0.0031,0.0031,True,False,0.0031,0.3222,13.8838,0.0491,0.0516,True
386,bj920839,2025-03-24,21.60000038146973,30.040000915527344,daily,30,False,1.0,0.95,21.6237,0.0011,-0.0011,False,False,0.0011,0.2287,20.1153,0.0687,0.0738,True
387,bj920570,2025-03-24,28.290000915527344,54.5,daily,30,True,1.5,0.95,29.1061,0.0288,-0.028,False,False,0.0288,0.3117,32.9039,0.1631,-0.1402,False
388,bj920547,2025-03-24,16.329999923706055,22.0,daily,30,True,1.5,1.0,16.3228,0.0004,0.0004,True,False,0.0004,0.2035,17.1561,0.0506,-0.0482,False
389,bj920719,2025-03-24,8.899999618530273,11.600000381469728,daily,30,True,1.5,0.95,9.6783,0.0875,-0.0804,False,False,0.0875,0.2289,10.6932,0.2015,-0.1677,False
390,sh603776,2025-03-24,14.40999984741211,21.1299991607666,daily,15,True,0.5,0.95,14.3703,0.0028,0.0028,True,False,0.0028,0.1173,13.781,0.0436,0.0456,True
391,sh600610,2025-03-24,6.800000190734863,9.0,hourly,10,False,1.0,0.98,6.7862,0.002,0.002,True,False,0.1379,0.002,4.1605,0.3882,0.6344,True
392,bj920682,2025-03-24,9.779999732971193,12.600000381469728,daily,10,False,0.5,1.02,9.8221,0.0043,-0.0043,False,False,0.0043,0.2662,8.4479,0.1362,0.1577,True
393,bj920689,2025-03-24,30.209999084472656,57.900001525878906,daily,20,False,0.5,1.02,30.4208,0.007,-0.0069,False,False,0.007,0.0207,22.1832,0.2657,0.3618,True
394,bj920299,2025-03-24,13.029999732971191,17.549999237060547,daily,25,True,0.5,1.02,12.9912,0.003,0.003,True,False,0.003,0.1334,12.1225,0.0696,0.0749,True
395,bj920006,2025-03-24,23.0,27.940000534057617,daily,30,False,1.0,0.95,22.9941,0.0003,0.0003,True,False,0.0003,0.0873,22.8592,0.0061,0.0062,True
396,sh603949,2025-03-24,15.710000038146976,23.01000022888184,hourly,20,True,1.5,0.98,15.7101,0.0,-0.0,False,False,0.0033,0.0,12.8675,0.1809,0.2209,True
397,bj920533,2025-03-24,33.00000000000001,53.459999084472656,daily,30,True,1.5,0.95,34.6598,0.0503,-0.0479,False,False,0.0503,0.1018,42.0829,0.2752,-0.2158,False
398,bj920509,2025-03-24,20.57999992370606,20.899999618530277,hourly,20,True,1.0,1.02,20.5314,0.0024,0.0024,True,False,0.0761,0.0024,15.7786,0.2333,0.3043,True
399,bj920471,2025-03-24,11.699999809265137,17.40999984741211,daily,30,True,1.5,0.95,12.3214,0.0531,-0.0504,False,False,0.0531,0.3044,13.6848,0.1696,-0.145,False
400,bj920876,2025-03-24,17.6299991607666,29.520000457763672,daily,30,True,1.5,0.95,20.2989,0.1514,-0.1315,False,False,0.1514,0.5126,23.9827,0.3603,-0.2649,False
401,bj920225,2025-03-24,12.020000457763672,16.0,daily,20,True,0.5,0.95,12.0203,0.0,-0.0,False,False,0.0,0.1317,11.9271,0.0077,0.0078,True
402,bj920639,2025-03-25,6.519999980926513,10.43000030517578,daily,25,True,0.5,0.98,6.5205,0.0001,-0.0001,False,False,0.0001,0.0901,6.4533,0.0102,0.0103,True
403,bj920634,2025-03-25,20.200000762939453,35.20000076293945,daily,15,False,1.5,1.0,20.2185,0.0009,-0.0009,False,False,0.0009,0.2151,18.7274,0.0729,0.0786,True
404,sz002052,2025-03-25,5.699999809265137,6.550000190734863,hourly,10,False,1.0,1.0,5.7022,0.0004,-0.0004,False,False,0.0584,0.0004,4.8139,0.1555,0.1841,True
405,bj920781,2025-03-25,9.670000076293947,11.880000114440918,daily,15,False,0.5,1.0,9.6806,0.0011,-0.0011,False,False,0.0011,0.0011,8.37,0.1344,0.1553,True
406,bj920304,2025-03-25,11.25,17.0,daily,25,True,1.5,0.95,11.2587,0.0008,-0.0008,False,False,0.0008,0.0932,12.2509,0.089,-0.0817,False
407,bj920689,2025-03-25,30.209999084472656,51.04999923706055,daily,10,False,1.0,1.0,30.3516,0.0047,-0.0047,False,False,0.0047,0.0574,22.5296,0.2542,0.3409,True
408,bj920225,2025-03-25,12.020000457763672,17.290000915527344,daily,30,False,1.5,0.98,12.0272,0.0006,-0.0006,False,False,0.0006,0.135,12.0092,0.0009,0.0009,True
409,sz300697,2025-03-25,11.550000190734862,20.3799991607666,hourly,15,False,0.5,0.98,11.5376,0.0011,0.0011,True,False,0.0463,0.0011,13.3789,0.1583,-0.1367,False
410,bj920576,2025-03-25,28.8799991607666,33.7400016784668,hourly,30,True,0.5,1.0,28.8713,0.0003,0.0003,True,False,0.0724,0.0003,22.9299,0.206,0.2595,True
411,bj920471,2025-03-25,11.699999809265137,18.600000381469727,daily,30,True,1.5,0.95,12.3599,0.0564,-0.0534,False,False,0.0564,0.2855,13.7472,0.175,-0.1489,False
412,bj920694,2025-03-25,14.920000076293945,23.31999969482422,hourly,20,False,0.5,1.0,14.915,0.0003,0.0003,True,False,0.0075,0.0003,16.3241,0.0941,-0.086,False
413,bj920339,2025-03-25,8.420000076293944,11.649999618530272,daily,25,False,1.5,0.98,8.4163,0.0004,0.0004,True,False,0.0004,0.1571,8.3304,0.0106,0.0108,True
414,bj920299,2025-03-25,13.029999732971191,17.889999389648438,daily,25,False,1.5,0.98,13.0286,0.0001,0.0001,True,False,0.0001,0.1396,12.2675,0.0585,0.0622,True
415,bj920682,2025-03-25,9.779999732971191,11.989999771118164,daily,10,True,0.5,1.02,9.7335,0.0048,0.0048,True,False,0.0048,0.2396,8.4811,0.1328,0.1531,True
416,sh603007,2025-03-25,4.269999980926514,6.119999885559082,hourly,10,False,1.5,0.95,5.8981,0.3813,-0.276,False,False,0.451,0.3813,8.6193,1.0186,-0.5046,False
417,bj920237,2025-03-25,22.95999908447266,33.290000915527344,hourly,25,True,1.5,0.98,22.9836,0.001,-0.001,False,False,0.0682,0.001,28.0553,0.2219,-0.1816,False
418,bj920547,2025-03-25,16.329999923706055,22.920000076293945,daily,30,True,1.5,1.0,16.3964,0.0041,-0.004,False,False,0.0041,0.1678,17.2596,0.0569,-0.0539,False
419,bj920553,2025-03-25,7.469999790191651,11.25,daily,30,True,1.5,0.98,7.4373,0.0044,0.0044,True,False,0.0044,0.2308,8.1206,0.0871,-0.0801,False
420,bj920639,2025-03-26,6.519999980926514,11.800000190734863,daily,25,False,1.0,0.98,6.5232,0.0005,-0.0005,False,False,0.0005,0.1142,6.4689,0.0078,0.0079,True
421,sz300927,2025-03-26,20.520000457763672,30.8799991607666,hourly,20,False,0.5,1.02,20.5564,0.0018,-0.0018,False,False,0.0431,0.0018,17.4066,0.1517,0.1789,True
422,sz002300,2025-03-26,4.900000095367432,8.5,daily,30,True,1.5,0.95,4.8945,0.0011,0.0011,True,False,0.0011,0.1058,5.2451,0.0704,-0.0658,False
423,sz002052,2025-03-26,5.699999809265138,6.239999771118164,hourly,10,False,0.5,0.95,5.7066,0.0012,-0.0012,False,False,0.0261,0.0012,4.8261,0.1533,0.1811,True
424,bj920682,2025-03-26,9.77999973297119,12.68000030517578,daily,10,True,0.5,1.02,9.8276,0.0049,-0.0048,False,False,0.0049,0.1696,8.518,0.129,0.1482,True
425,bj920576,2025-03-26,28.8799991607666,34.0,hourly,15,True,1.0,1.02,28.8948,0.0005,-0.0005,False,False,0.0536,0.0005,23.0188,0.203,0.2546,True
426,bj920689,2025-03-26,30.20999908447266,60.61000061035156,daily,25,False,0.5,0.98,30.2295,0.0006,-0.0006,False,False,0.0006,0.1008,22.8926,0.2422,0.3196,True
427,bj920130,2025-03-26,25.200000762939453,34.0,daily,20,False,1.5,1.0,25.1199,0.0032,0.0032,True,False,0.0032,0.2099,21.5956,0.143,0.1669,True
428,sz002342,2025-03-26,3.8399999141693115,6.400000095367432,daily,30,False,0.5,0.95,3.8387,0.0003,0.0003,True,False,0.0003,0.1547,3.394,0.1161,0.1314,True
429,bj920553,2025-03-26,7.469999790191652,11.31999969482422,daily,25,True,1.5,0.95,7.4586,0.0015,0.0015,True,False,0.0015,0.2671,8.1923,0.0967,-0.0882,False
430,bj920579,2025-03-26,20.219999313354492,32.29999923706055,daily,30,True,1.0,0.95,20.3151,0.0047,-0.0047,False,False,0.0047,0.424,22.1871,0.0973,-0.0887,False
431,sh603828,2025-03-26,4.210000038146973,5.690000057220459,daily,15,False,0.5,1.02,4.2076,0.0006,0.0006,True,False,0.0006,0.0011,3.1794,0.2448,0.3242,True
432,sh603011,2025-03-26,9.06999969482422,12.739999771118164,hourly,15,True,0.5,0.95,9.0703,0.0,-0.0,False,False,0.0001,0.0,7.4895,0.1743,0.211,True
433,sh603007,2025-03-26,4.269999980926515,5.460000038146973,hourly,10,False,1.5,0.95,5.4763,0.2825,-0.2203,False,False,0.3882,0.2825,8.5173,0.9947,-0.4987,False
434,bj920396,2025-03-26,26.97999954223633,27.51000022888184,daily,10,False,0.5,1.02,22.7739,0.1559,0.1847,True,False,0.1559,0.1906,18.3826,0.3187,0.4677,True
435,bj920304,2025-03-26,11.250000000000002,18.76000022888184,daily,25,True,1.5,0.95,11.2796,0.0026,-0.0026,False,False,0.0026,0.1111,12.2877,0.0922,-0.0845,False
436,bj920957,2025-03-26,10.1899995803833,16.899999618530273,daily,30,True,1.5,0.95,10.3549,0.0162,-0.0159,False,False,0.0162,0.1722,11.5528,0.1337,-0.118,False
437,bj920509,2025-03-26,22.010000228881836,24.1200008392334,hourly,20,True,0.5,1.02,20.5201,0.0677,0.0726,True,False,0.1142,0.0677,15.9608,0.2748,0.379,True
438,bj920418,2025-03-26,25.40999984741211,40.5099983215332,daily,30,True,1.5,0.95,26.8658,0.0573,-0.0542,False,False,0.0573,0.1544,31.3546,0.2339,-0.1896,False
439,bj920639,2025-03-27,6.519999980926515,10.600000381469728,daily,10,False,1.5,1.02,6.5146,0.0008,0.0008,True,False,0.0008,0.1402,6.5016,0.0028,0.0028,True
440,sz300927,2025-03-27,20.520000457763672,31.799999237060547,daily,15,False,0.5,1.02,20.4933,0.0013,0.0013,True,False,0.0013,0.003,17.4883,0.1477,0.1734,True
441,bj920834,2025-03-27,8.350000381469727,12.5,daily,30,True,1.0,0.98,8.3542,0.0005,-0.0005,False,False,0.0005,0.0821,8.726,0.045,-0.0431,False
442,sz002141,2025-03-27,1.5599999427795408,1.7899999618530271,hourly,10,True,1.5,0.98,1.5606,0.0004,-0.0004,False,True,0.0016,0.0004,1.4356,0.0797,0.0866,True
443,bj920396,2025-03-27,26.979999542236328,27.100000381469727,daily,10,False,0.5,1.02,23.2297,0.139,0.1614,True,False,0.139,0.1462,18.5165,0.3137,0.4571,True
444,bj920489,2025-03-27,18.75,24.5,daily,30,False,1.5,1.0,18.7544,0.0002,-0.0002,False,False,0.0002,0.0221,19.2752,0.028,-0.0272,False
445,bj920304,2025-03-27,11.249999999999998,17.200000762939453,daily,25,True,1.5,0.95,11.2973,0.0042,-0.0042,False,False,0.0042,0.1531,12.329,0.0959,-0.0875,False
446,bj920273,2025-03-27,31.26000022888184,34.0,daily,10,False,0.5,1.02,28.1261,0.1003,0.1114,True,False,0.1003,0.3037,23.5148,0.2478,0.3294,True
447,bj920957,2025-03-27,10.1899995803833,16.420000076293945,daily,30,True,1.5,0.95,10.377,0.0184,-0.018,False,False,0.0184,0.2185,11.5941,0.1378,-0.1211,False
448,sh603828,2025-03-27,4.210000038146973,4.889999866485596,hourly,25,True,0.5,0.95,4.2028,0.0017,0.0017,True,False,0.0022,0.0017,3.228,0.2333,0.3042,True
449,bj920970,2025-03-27,6.820000171661378,8.869999885559082,hourly,15,False,1.5,0.98,6.8102,0.0014,0.0014,True,False,0.002,0.0014,6.1641,0.0962,0.1064,True
450,sh605488,2025-03-27,31.17000007629395,47.31999969482422,hourly,15,False,0.5,1.0,31.163,0.0002,0.0002,True,False,0.0533,0.0002,38.9697,0.2502,-0.2001,False
451,bj920981,2025-03-27,26.010000228881836,39.130001068115234,daily,30,True,1.5,0.95,27.9647,0.0752,-0.0699,False,False,0.0752,0.3186,31.2526,0.2016,-0.1678,False
452,sh603377,2025-03-27,2.680000066757202,3.2699999809265137,hourly,30,True,0.5,0.95,2.6803,0.0001,-0.0001,False,False,0.0007,0.0001,2.3204,0.1342,0.155,True
453,bj920547,2025-03-27,16.32999992370606,23.31999969482422,daily,30,True,1.0,0.95,16.3595,0.0018,-0.0018,False,False,0.0018,0.2095,17.4839,0.0707,-0.066,False
454,bj920171,2025-03-27,23.10000038146973,33.869998931884766,daily,25,True,1.0,1.0,23.0795,0.0009,0.0009,True,False,0.0009,0.2533,23.0795,0.0009,0.0009,True
455,bj920099,2025-03-27,26.100000381469734,36.88999938964844,hourly,20,True,1.5,0.95,26.1681,0.0026,-0.0026,False,False,0.0194,0.0026,29.0408,0.1127,-0.1013,False
456,bj920261,2025-03-27,9.300000190734865,13.369999885559082,daily,30,True,1.5,0.95,9.523,0.024,-0.0234,False,False,0.024,0.1543,10.4875,0.1277,-0.1132,False
457,bj920394,2025-03-27,26.989999771118168,29.65999984741211,hourly,25,False,0.5,0.98,26.9708,0.0007,0.0007,True,False,0.0054,0.0007,23.2913,0.137,0.1588,True
458,bj920639,2025-03-28,6.519999980926515,9.300000190734863,daily,15,True,1.5,1.02,6.5191,0.0001,0.0001,True,False,0.0001,0.1752,6.5401,0.0031,-0.0031,False
459,bj920396,2025-03-28,27.93000030517578,32.0,daily,10,False,0.5,1.02,23.1612,0.1707,0.2059,True,False,0.1707,0.1738,18.6265,0.3331,0.4995,True
460,bj920509,2025-03-28,23.22999954223633,30.799999237060547,hourly,10,False,0.5,1.0,23.3678,0.0059,-0.0059,False,False,0.1031,0.0059,16.1432,0.3051,0.439,True
461,sz300260,2025-03-28,30.709999084472656,37.810001373291016,hourly,10,False,0.5,1.02,29.4187,0.042,0.0439,True,False,0.1091,0.042,24.0523,0.2168,0.2768,True
462,sh603007,2025-03-28,4.150000095367432,5.559999942779541,hourly,10,False,1.5,0.95,5.2425,0.2633,-0.2084,False,False,0.3317,0.2633,8.3015,1.0004,-0.5001,False
463,sh600126,2025-03-28,10.130000114440916,10.399999618530272,hourly,10,True,1.0,1.0,10.1317,0.0002,-0.0002,False,False,0.0005,0.0002,9.0275,0.1088,0.1221,True
464,bj920489,2025-03-28,18.75,23.25,daily,20,True,1.5,1.0,18.7867,0.002,-0.002,False,False,0.002,0.0389,19.3265,0.0307,-0.0298,False
465,bj920834,2025-03-28,8.350000381469727,11.699999809265137,daily,25,True,1.0,0.95,8.3275,0.0027,0.0027,True,False,0.0027,0.1171,8.7658,0.0498,-0.0474,False
466,sh603011,2025-03-28,9.06999969482422,12.300000190734863,hourly,30,True,1.5,0.95,9.0661,0.0004,0.0004,True,False,0.0015,0.0004,7.6585,0.1556,0.1843,True
467,sh600589,2025-03-28,5.25,6.699999809265137,daily,30,True,1.0,1.02,5.2477,0.0004,0.0004,True,False,0.0004,0.1594,5.4079,0.0301,-0.0292,False
468,sz300167,2025-03-28,3.049999952316284,4.0,daily,15,False,1.0,1.02,3.046,0.0013,0.0013,True,False,0.0013,0.0183,2.5044,0.1789,0.2179,True
469,bj920284,2025-03-28,15.5,20.799999237060547,daily,30,True,1.5,0.98,15.5011,0.0001,-0.0001,False,False,0.0001,0.2575,17.752,0.1453,-0.1269,False
470,bj920970,2025-03-28,6.820000171661378,7.699999809265137,hourly,15,True,1.0,0.95,6.8239,0.0006,-0.0006,False,False,0.0019,0.0006,6.1752,0.0945,0.1044,True
471,sh603949,2025-03-28,15.710000038146973,25.770000457763672,daily,15,False,1.0,0.95,15.7667,0.0036,-0.0036,False,False,0.0036,0.0573,13.4281,0.1453,0.1699,True
472,sz300611,2025-03-28,21.999999999999996,30.82999992370605,daily,15,False,1.5,1.02,22.029,0.0013,-0.0013,False,False,0.0013,0.1441,16.4527,0.2521,0.3372,True
473,sz300871,2025-03-28,20.13999938964844,24.31999969482422,hourly,10,False,0.5,1.02,18.9658,0.0583,0.0619,True,False,0.2476,0.0583,10.987,0.4545,0.8331,True
474,bj920576,2025-03-28,28.8799991607666,32.5,hourly,30,False,1.5,0.98,28.8803,0.0,-0.0,False,False,0.0211,0.0,23.2481,0.195,0.2423,True
475,sh600610,2025-03-28,6.800000190734865,9.4399995803833,daily,20,False,0.5,1.02,6.8053,0.0008,-0.0008,False,False,0.0008,0.0086,4.5406,0.3323,0.4976,True
476,sz002342,2025-03-28,3.839999914169312,6.320000171661377,daily,30,False,1.5,0.98,3.8401,0.0,-0.0,False,False,0.0,0.2423,3.5082,0.0864,0.0946,True
477,bj920509,2025-03-31,23.229999542236328,27.5,hourly,20,False,1.0,0.98,23.2338,0.0002,-0.0002,False,False,0.0702,0.0002,16.266,0.2998,0.4281,True
478,bj920396,2025-03-31,27.93000030517578,29.540000915527344,hourly,10,False,0.5,1.02,23.9134,0.1438,0.168,True,False,0.1499,0.1438,18.746,0.3288,0.4899,True
479,bj920273,2025-03-31,33.88999938964844,36.04999923706055,daily,10,False,0.5,1.02,28.7064,0.153,0.1806,True,False,0.153,0.3397,23.7884,0.2981,0.4246,True
480,sh605100,2025-03-31,19.450000762939453,23.15999984741211,daily,15,False,1.5,0.95,19.4681,0.0009,-0.0009,False,False,0.0009,0.1069,18.5733,0.0451,0.0472,True
481,bj920002,2025-03-31,133.00000000000003,186.63999938964844,daily,25,True,1.5,1.02,132.5929,0.0031,0.0031,True,False,0.0031,0.1806,141.3444,0.0627,-0.059,False
482,sh603949,2025-03-31,15.710000038146973,26.0,daily,25,False,1.0,0.98,15.7179,0.0005,-0.0005,False,False,0.0005,0.0976,13.6289,0.1325,0.1527,True
483,sh688393,2025-03-31,26.1200008392334,35.66999816894531,daily,25,True,1.5,0.98,26.0993,0.0008,0.0008,True,False,0.0008,0.2183,28.0107,0.0724,-0.0675,False
484,sh600126,2025-03-31,10.409999847412111,12.06999969482422,hourly,15,False,1.0,1.02,10.417,0.0007,-0.0007,False,False,0.0022,0.0007,9.0843,0.1273,0.1459,True
485,bj920833,2025-03-31,14.869999885559082,19.100000381469727,daily,15,True,1.5,1.0,14.9775,0.0072,-0.0072,False,False,0.0072,0.1735,14.183,0.0462,0.0484,True
486,sh600289,2025-03-31,5.409999847412109,7.289999961853027,daily,20,True,1.5,1.0,5.3635,0.0086,0.0087,True,False,0.0086,0.3188,4.8571,0.1022,0.1138,True
487,bj920130,2025-03-31,25.200000762939457,37.93000030517578,daily,25,False,1.0,0.95,25.2013,0.0001,-0.0001,False,False,0.0001,0.198,22.6814,0.0999,0.111,True
488,bj920682,2025-03-31,9.77999973297119,11.649999618530272,daily,20,False,0.5,0.98,9.7796,0.0,0.0,True,False,0.0,0.1882,8.6626,0.1143,0.129,True
489,sz002549,2025-03-31,8.15999984741211,8.350000381469727,hourly,10,False,0.5,1.02,7.3065,0.1046,0.1168,True,False,0.1622,0.1046,6.1223,0.2497,0.3328,True
490,bj920493,2025-03-31,114.0,166.89999389648438,daily,30,True,1.5,0.95,123.7729,0.0857,-0.079,False,False,0.0857,0.3135,149.3721,0.3103,-0.2368,False
491,sz301032,2025-03-31,11.260000228881836,14.670000076293944,daily,30,False,1.5,1.0,11.2667,0.0006,-0.0006,False,False,0.0006,0.1462,10.6554,0.0537,0.0567,True
492,sh603828,2025-03-31,4.210000038146973,4.570000171661377,daily,10,False,1.0,0.95,4.2181,0.0019,-0.0019,False,False,0.0019,0.0234,3.3282,0.2095,0.265,True
493,bj920299,2025-03-31,13.029999732971191,16.780000686645508,daily,20,True,1.5,1.02,13.018,0.0009,0.0009,True,False,0.0009,0.1372,12.805,0.0173,0.0176,True
494,sz300718,2025-03-31,63.65000152587891,84.5,daily,30,True,1.0,0.98,63.7829,0.0021,-0.0021,False,False,0.0021,0.191,70.6415,0.1098,-0.099,False
495,bj920834,2025-03-31,8.350000381469728,10.329999923706056,daily,25,True,1.0,0.95,8.3603,0.0012,-0.0012,False,False,0.0012,0.1383,8.8003,0.0539,-0.0512,False
496,bj920273,2025-04-01,35.52000045776367,39.5,daily,10,False,0.5,1.02,29.111,0.1804,0.2202,True,False,0.1804,0.3599,23.9203,0.3266,0.4849,True
497,bj920509,2025-04-01,23.229999542236328,32.0,hourly,25,False,1.0,0.95,23.2296,0.0,0.0,True,False,0.0436,0.0,16.4022,0.2939,0.4163,True
498,bj920396,2025-04-01,27.930000305175785,35.08000183105469,daily,10,False,0.5,1.02,23.9663,0.1419,0.1654,True,False,0.1419,0.1425,18.8519,0.325,0.4816,True
499,bj920639,2025-04-01,6.519999980926514,9.4399995803833,daily,30,True,1.0,1.0,6.5201,0.0,-0.0,False,False,0.0,0.2305,6.6315,0.0171,-0.0168,False
500,sh603353,2025-04-01,12.5600004196167,21.5,daily,30,True,1.5,0.95,13.1617,0.0479,-0.0457,False,False,0.0479,0.1306,14.1743,0.1285,-0.1139,False
501,bj920230,2025-04-01,19.450000762939453,24.8799991607666,daily,10,True,0.5,1.02,17.7714,0.0863,0.0945,True,False,0.0863,0.2645,16.0183,0.1764,0.2142,True
502,bj920689,2025-04-01,30.209999084472656,46.9900016784668,daily,15,False,1.5,1.0,30.2404,0.001,-0.001,False,False,0.001,0.2934,24.8664,0.1769,0.2149,True
503,sz300963,2025-04-01,12.069999694824219,15.5,daily,10,False,0.5,1.02,10.0818,0.1647,0.1972,True,False,0.1647,0.3059,8.9531,0.2582,0.3481,True
504,sz300871,2025-04-01,20.719999313354492,28.0,hourly,10,True,0.5,1.02,20.6604,0.0029,0.0029,True,False,0.1919,0.0029,11.2756,0.4558,0.8376,True
505,bj920810,2025-04-01,12.15999984741211,18.020000457763672,hourly,10,True,1.5,1.0,12.1618,0.0001,-0.0001,False,False,0.0087,0.0001,13.3542,0.0982,-0.0894,False
506,sh603007,2025-04-01,4.150000095367432,5.119999885559082,hourly,10,False,1.5,0.95,5.1434,0.2394,-0.1931,False,False,0.2574,0.2394,8.0733,0.9454,-0.486,False
507,bj920682,2025-04-01,9.779999732971193,12.600000381469728,daily,15,False,0.5,0.95,9.7666,0.0014,0.0014,True,False,0.0014,0.2005,8.7154,0.1089,0.1222,True
508,sh603949,2025-04-01,15.710000038146976,23.399999618530277,daily,10,True,1.5,1.0,15.7081,0.0001,0.0001,True,False,0.0001,0.147,13.8597,0.1178,0.1335,True
509,sh603011,2025-04-01,9.069999694824219,14.579999923706056,daily,10,False,1.5,0.95,9.0712,0.0001,-0.0001,False,False,0.0001,0.0727,7.8479,0.1347,0.1557,True
510,sh688776,2025-04-01,62.11000061035156,101.0,daily,15,True,1.0,1.02,62.084,0.0004,0.0004,True,False,0.0004,0.0909,56.0035,0.0983,0.109,True
511,bj920489,2025-04-01,18.750000000000004,24.1200008392334,daily,15,True,1.5,0.98,18.7455,0.0002,0.0002,True,False,0.0002,0.0684,19.4103,0.0352,-0.034,False
512,bj920547,2025-04-01,16.329999923706055,20.6299991607666,daily,25,True,1.5,0.95,16.2074,0.0075,0.0076,True,False,0.0075,0.1476,17.782,0.0889,-0.0817,False
513,sz001333,2025-04-01,17.530000686645508,29.020000457763672,daily,30,True,1.0,0.95,17.5536,0.0013,-0.0013,False,False,0.0013,0.1175,18.7771,0.0711,-0.0664,False
514,bj920367,2025-04-01,19.520000457763672,25.81999969482422,daily,30,True,1.5,0.95,19.3055,0.011,0.0111,True,False,0.011,0.1642,22.5722,0.1564,-0.1352,False
515,bj920230,2025-04-02,19.450000762939453,26.65999984741211,daily,10,False,0.5,1.02,17.9618,0.0765,0.0829,True,False,0.0765,0.1374,16.0365,0.1755,0.2129,True
516,bj920396,2025-04-02,27.930000305175785,34.810001373291016,hourly,10,False,0.5,1.02,26.8556,0.0385,0.04,True,False,0.085,0.0385,19.0096,0.3194,0.4693,True
517,sh605208,2025-04-02,8.51000022888184,11.350000381469728,daily,30,True,1.5,0.95,8.9985,0.0574,-0.0543,False,False,0.0574,0.1719,10.4317,0.2258,-0.1842,False
518,sz002549,2025-04-02,8.159999847412108,9.899999618530272,hourly,10,False,0.5,0.95,8.1584,0.0002,0.0002,True,False,0.0952,0.0002,6.1751,0.2432,0.3214,True
519,sz300871,2025-04-02,20.719999313354492,30.540000915527344,hourly,20,False,1.5,0.98,20.725,0.0002,-0.0002,False,False,0.132,0.0002,11.4654,0.4466,0.8072,True
520,sz300963,2025-04-02,12.069999694824219,14.140000343322754,daily,10,False,0.5,1.02,10.6429,0.1182,0.1341,True,False,0.1182,0.193,8.98,0.256,0.3441,True
521,bj920735,2025-04-02,38.50000000000001,47.91999816894531,daily,15,False,0.5,1.02,38.1706,0.0086,0.0086,True,False,0.0086,0.3232,32.8434,0.1469,0.1722,True
522,sz301210,2025-04-02,37.63999938964844,53.630001068115234,daily,30,True,1.5,0.95,41.1417,0.093,-0.0851,False,False,0.093,0.2287,48.1422,0.279,-0.2181,False
523,sz300100,2025-04-02,48.060001373291016,64.54000091552734,daily,15,False,1.5,0.98,48.0382,0.0005,0.0005,True,False,0.0005,0.091,41.0787,0.1453,0.1699,True
524,sh603985,2025-04-02,12.47000026702881,17.040000915527344,daily,25,True,1.0,1.02,12.4971,0.0022,-0.0022,False,False,0.0022,0.0205,12.2521,0.0175,0.0178,True
525,bj920576,2025-04-02,29.0,32.0,hourly,15,True,1.0,0.98,29.0122,0.0004,-0.0004,False,False,0.0304,0.0004,23.5635,0.1875,0.2307,True
526,bj920284,2025-04-02,15.499999999999998,21.57999992370605,daily,30,True,1.5,0.95,15.4471,0.0034,0.0034,True,False,0.0034,0.2244,18.1599,0.1716,-0.1465,False
527,sz301075,2025-04-02,19.139999389648438,29.520000457763672,daily,25,False,0.5,0.95,19.1301,0.0005,0.0005,True,False,0.0005,0.0355,18.6799,0.024,0.0246,True
528,bj920263,2025-04-02,9.15999984741211,12.640000343322754,daily,30,True,1.5,1.02,9.1916,0.0035,-0.0034,False,False,0.0035,0.209,9.9618,0.0875,-0.0805,False
529,bj920047,2025-04-02,13.079999923706056,15.15999984741211,daily,25,False,1.5,1.02,13.0854,0.0004,-0.0004,False,False,0.0004,0.017,12.6892,0.0299,0.0308,True
530,bj920199,2025-04-02,20.3799991607666,29.5,daily,30,True,1.5,0.95,21.1265,0.0366,-0.0353,False,False,0.0366,0.1401,23.8599,0.1708,-0.1458,False
531,bj920982,2025-04-02,273.0,321.0,daily,10,False,1.0,1.02,272.3146,0.0025,0.0025,True,False,0.0025,0.1451,230.4691,0.1558,0.1845,True
532,sh603119,2025-04-02,28.40999984741211,40.0099983215332,hourly,15,False,0.5,0.98,28.421,0.0004,-0.0004,False,False,0.0007,0.0004,29.9266,0.0534,-0.0507,False
533,sz300233,2025-04-02,14.109999656677244,20.61000061035156,daily,30,True,0.5,1.0,14.0875,0.0016,0.0016,True,False,0.0016,0.2066,14.0046,0.0075,0.0075,True
534,bj920230,2025-04-03,19.450000762939453,24.020000457763672,daily,10,False,0.5,1.02,19.1451,0.0157,0.0159,True,False,0.0157,0.0723,16.0873,0.1729,0.209,True
535,bj920396,2025-04-03,27.93000030517579,28.899999618530277,hourly,10,False,0.5,1.0,27.7634,0.006,0.006,True,False,0.0424,0.006,19.1979,0.3126,0.4548,True
536,bj920351,2025-04-03,15.659999847412111,16.219999313354492,hourly,30,True,0.5,1.02,14.2768,0.0883,0.0969,True,False,0.1164,0.0883,12.5317,0.1998,0.2496,True
537,sz002165,2025-04-03,6.369999885559083,7.260000228881836,hourly,15,True,0.5,1.02,6.1658,0.0321,0.0331,True,False,0.1308,0.0321,4.543,0.2868,0.4021,True
538,sz300871,2025-04-03,20.719999313354492,34.9900016784668,hourly,30,False,1.5,1.0,20.7278,0.0004,-0.0004,False,False,0.0517,0.0004,11.7003,0.4353,0.7709,True
539,sz002549,2025-04-03,8.159999847412111,9.100000381469728,hourly,25,False,1.5,1.02,8.151,0.0011,0.0011,True,False,0.0622,0.0011,6.2118,0.2388,0.3136,True
540,sz300561,2025-04-03,10.890000343322754,17.899999618530273,hourly,10,False,1.5,0.95,23.8423,1.1894,-0.5432,False,False,1.5547,1.1894,41.9653,2.8536,-0.7405,False
541,sz002900,2025-04-03,10.859999656677246,14.020000457763672,hourly,20,False,0.5,1.0,10.8621,0.0002,-0.0002,False,False,0.0024,0.0002,9.5569,0.12,0.1363,True
542,sh605208,2025-04-03,8.510000228881836,10.5,daily,30,True,1.5,0.95,9.0627,0.065,-0.061,False,False,0.065,0.1751,10.4896,0.2326,-0.1887,False
543,bj920541,2025-04-03,12.140000343322754,15.460000038146973,daily,20,False,1.5,0.95,12.1366,0.0003,0.0003,True,False,0.0003,0.0729,12.6367,0.0409,-0.0393,False
544,sz002923,2025-04-03,11.369999885559082,17.479999542236328,daily,20,False,1.0,1.0,11.3434,0.0023,0.0023,True,False,0.0023,0.0578,9.9169,0.1278,0.1465,True
545,bj920422,2025-04-03,11.220000267028809,11.890000343322754,daily,20,False,1.5,1.02,11.2194,0.0001,0.0001,True,False,0.0001,0.0004,10.979,0.0215,0.0219,True
546,bj920299,2025-04-03,13.029999732971191,16.389999389648438,daily,30,True,0.5,0.98,12.9917,0.0029,0.003,True,False,0.0029,0.1507,13.1602,0.01,-0.0099,False
547,bj920371,2025-04-03,9.43000030517578,9.43000030517578,hourly,30,True,0.5,1.02,9.1024,0.0347,0.036,True,False,0.0855,0.0347,7.7027,0.1832,0.2242,True
548,sz000722,2025-04-03,11.010000228881834,12.899999618530272,hourly,15,False,1.5,1.02,10.9909,0.0017,0.0017,True,False,0.0376,0.0017,9.2373,0.161,0.1919,True
549,bj920576,2025-04-03,29.0,31.100000381469727,hourly,30,False,1.0,0.98,29.0052,0.0002,-0.0002,False,False,0.0211,0.0002,23.6693,0.1838,0.2252,True
550,sh600289,2025-04-03,5.409999847412109,6.25,daily,25,True,0.5,1.02,5.4068,0.0006,0.0006,True,False,0.0006,0.2411,5.2006,0.0387,0.0403,True
551,bj920123,2025-04-03,15.859999656677246,17.329999923706055,daily,25,False,1.0,0.98,15.8732,0.0008,-0.0008,False,False,0.0008,0.1594,15.7266,0.0084,0.0085,True
552,bj920403,2025-04-07,28.1200008392334,34.0,daily,15,True,0.5,1.02,25.3335,0.0991,0.11,True,False,0.0991,0.3291,23.3422,0.1699,0.2047,True
553,bj920371,2025-04-07,10.220000267028809,12.65999984741211,hourly,10,False,0.5,1.02,9.0812,0.1114,0.1254,True,False,0.1588,0.1114,7.7099,0.2456,0.3256,True
554,bj920396,2025-04-07,28.700000762939453,31.0,hourly,10,False,0.5,1.0,28.5814,0.0041,0.0041,True,False,0.0767,0.0041,19.3741,0.3249,0.4814,True
555,bj920729,2025-04-07,8.409999847412111,10.800000190734863,hourly,15,True,0.5,1.02,8.4092,0.0001,0.0001,True,False,0.0174,0.0001,7.3345,0.1279,0.1466,True
556,bj920505,2025-04-07,29.299999237060547,30.5,hourly,10,False,0.5,1.02,28.09,0.0413,0.0431,True,False,0.0925,0.0413,24.4412,0.1658,0.1988,True
557,bj920230,2025-04-07,19.450000762939453,20.15999984741211,hourly,10,False,0.5,1.02,19.5894,0.0072,-0.0071,False,False,0.0361,0.0072,16.1153,0.1714,0.2069,True
558,bj920970,2025-04-07,7.239999771118164,8.75,hourly,15,False,1.0,1.0,7.2352,0.0007,0.0007,True,False,0.0465,0.0007,6.1972,0.144,0.1683,True
559,bj920305,2025-04-07,11.470000267028809,22.350000381469727,daily,10,False,1.5,0.95,23.835,1.078,-0.5188,False,False,1.078,1.3857,29.6767,1.5873,-0.6135,False
560,sz000722,2025-04-07,11.010000228881836,13.65999984741211,hourly,25,False,1.0,0.98,11.0058,0.0004,0.0004,True,False,0.0231,0.0004,9.2726,0.1578,0.1874,True
561,bj920275,2025-04-07,9.34000015258789,10.550000190734863,hourly,10,False,0.5,1.02,9.3428,0.0003,-0.0003,False,False,0.0811,0.0003,7.5772,0.1887,0.2326,True
562,sz300871,2025-04-07,20.719999313354496,33.0,hourly,25,True,0.5,1.0,20.7287,0.0004,-0.0004,False,False,0.0053,0.0004,11.9744,0.4221,0.7304,True
563,bj920541,2025-04-07,12.989999771118164,13.010000228881836,daily,20,True,1.0,1.0,13.0086,0.0014,-0.0014,False,False,0.0014,0.0025,12.6547,0.0258,0.0265,True
564,sz300967,2025-04-07,18.51000022888184,20.899999618530277,hourly,10,False,0.5,1.02,17.2147,0.07,0.0752,True,False,0.141,0.07,12.3774,0.3313,0.4955,True
565,sz002900,2025-04-07,10.859999656677248,12.329999923706056,hourly,25,False,1.5,0.95,10.8764,0.0015,-0.0015,False,False,0.0016,0.0015,9.5987,0.1161,0.1314,True
566,sz300561,2025-04-07,10.890000343322756,17.0,hourly,10,False,1.5,0.95,20.0024,0.8368,-0.4556,False,False,1.3304,0.8368,41.4244,2.8039,-0.7371,False
567,bj920047,2025-04-07,13.170000076293945,13.510000228881836,daily,10,True,1.5,1.02,13.1705,0.0,-0.0,False,False,0.0,0.0292,12.7638,0.0308,0.0318,True
568,bj920422,2025-04-07,12.199999809265138,12.300000190734863,hourly,15,False,0.5,1.02,12.1928,0.0006,0.0006,True,False,0.0013,0.0006,11.0013,0.0983,0.109,True
569,bj920726,2025-04-07,20.989999771118168,21.100000381469727,hourly,30,True,1.0,1.0,21.0066,0.0008,-0.0008,False,False,0.0016,0.0008,19.7537,0.0589,0.0626,True
570,bj920505,2025-04-08,33.0,39.880001068115234,hourly,10,False,0.5,1.02,29.5461,0.1047,0.1169,True,False,0.1967,0.1047,24.398,0.2607,0.3526,True
571,bj920403,2025-04-08,29.600000381469727,44.20000076293945,daily,15,True,0.5,1.02,25.2385,0.1473,0.1728,True,False,0.1473,0.3058,23.2951,0.213,0.2707,True
572,bj920371,2025-04-08,10.220000267028809,14.0,hourly,20,False,0.5,1.02,10.1833,0.0036,0.0036,True,False,0.1478,0.0036,7.7134,0.2453,0.325,True
573,bj920230,2025-04-08,19.600000381469727,21.200000762939453,daily,10,False,0.5,1.02,18.5749,0.0523,0.0552,True,False,0.0523,0.0675,16.1353,0.1768,0.2147,True
574,bj920273,2025-04-08,37.77000045776367,41.220001220703125,daily,10,False,0.5,1.02,32.9541,0.1275,0.1461,True,False,0.1275,0.3145,24.7739,0.3441,0.5246,True
575,bj920509,2025-04-08,23.510000228881836,26.549999237060547,hourly,25,True,1.0,0.95,23.502,0.0003,0.0003,True,False,0.0096,0.0003,17.0814,0.2734,0.3764,True
576,bj920245,2025-04-08,24.04999923706055,25.1200008392334,hourly,30,True,1.0,0.95,24.0537,0.0002,-0.0002,False,False,0.1264,0.0002,36.2586,0.5076,-0.3367,False
577,bj920866,2025-04-08,9.449999809265137,11.800000190734863,hourly,30,True,0.5,1.02,8.7365,0.0755,0.0817,True,False,0.087,0.0755,8.0417,0.149,0.1751,True
578,bj920396,2025-04-08,28.700000762939457,30.479999542236328,hourly,10,True,0.5,1.02,27.1486,0.0541,0.0571,True,False,0.0629,0.0541,19.5658,0.3183,0.4668,True
579,bj920729,2025-04-08,8.40999984741211,12.0,hourly,30,True,0.5,1.0,8.3807,0.0035,0.0035,True,False,0.0066,0.0035,7.3451,0.1266,0.145,True
580,bj920970,2025-04-08,7.239999771118164,10.0,hourly,10,False,1.5,1.02,7.2388,0.0002,0.0002,True,False,0.0473,0.0002,6.1932,0.1446,0.169,True
581,bj920305,2025-04-08,11.470000267028807,22.59000015258789,hourly,10,False,1.5,0.95,21.8634,0.9061,-0.4754,False,False,1.0035,0.9061,29.5752,1.5785,-0.6122,False
582,bj920190,2025-04-08,22.25,23.040000915527344,hourly,10,False,1.5,0.95,23.1196,0.0391,-0.0376,False,False,0.1277,0.0391,32.8985,0.4786,-0.3237,False
583,bj920810,2025-04-08,12.680000305175781,13.279999732971191,hourly,25,True,0.5,1.02,12.7378,0.0046,-0.0045,False,False,0.007,0.0046,13.8886,0.0953,-0.087,False
584,bj920275,2025-04-08,9.34000015258789,11.899999618530272,hourly,10,False,0.5,0.98,9.3309,0.001,0.001,True,False,0.0834,0.001,7.5814,0.1883,0.232,True
585,bj920639,2025-04-08,6.960000038146973,7.210000038146973,daily,20,True,1.0,1.0,6.9616,0.0002,-0.0002,False,False,0.0002,0.0025,6.797,0.0234,0.024,True
586,bj920508,2025-04-08,24.510000228881836,25.440000534057617,hourly,30,False,1.5,1.02,24.5126,0.0001,-0.0001,False,False,0.023,0.0001,32.2397,0.3154,-0.2398,False
587,bj920570,2025-04-08,30.20999908447266,31.739999771118164,hourly,15,False,0.5,0.95,30.3111,0.0033,-0.0033,False,False,0.0051,0.0033,35.4263,0.1727,-0.1472,False
588,bj920505,2025-04-09,33.0,44.0,hourly,10,False,0.5,1.02,33.0178,0.0005,-0.0005,False,False,0.1829,0.0005,24.3648,0.2617,0.3544,True
589,sh603007,2025-04-09,4.1500000953674325,4.409999847412109,hourly,10,False,1.5,0.95,4.369,0.0528,-0.0501,False,False,0.1029,0.0528,7.468,0.7995,-0.4443,False
590,bj920706,2025-04-09,17.040000915527344,18.90999984741211,hourly,30,True,0.5,1.02,16.995,0.0026,0.0026,True,False,0.0032,0.0026,15.6794,0.0798,0.0868,True
591,bj920230,2025-04-09,19.600000381469727,22.979999542236328,daily,10,False,0.5,1.02,18.4848,0.0569,0.0603,True,False,0.0569,0.1218,16.1493,0.1761,0.2137,True
592,bj920371,2025-04-09,10.22000026702881,13.130000114440918,hourly,20,False,1.0,0.95,10.2128,0.0007,0.0007,True,False,0.0841,0.0007,7.7345,0.2432,0.3214,True
593,bj920866,2025-04-09,9.449999809265137,11.050000190734863,hourly,15,False,0.5,1.0,9.3795,0.0075,0.0075,True,False,0.0875,0.0075,8.0328,0.15,0.1764,True
594,bj920087,2025-04-09,17.079999923706055,26.059999465942383,hourly,10,False,1.0,0.98,17.0214,0.0034,0.0034,True,False,0.1594,0.0034,11.8813,0.3044,0.4375,True
595,bj920146,2025-04-09,7.829999923706056,7.989999771118164,hourly,25,True,1.0,1.02,7.8322,0.0003,-0.0003,False,False,0.0006,0.0003,7.9031,0.0093,-0.0092,False
596,bj920396,2025-04-09,28.700000762939457,33.5,daily,10,False,0.5,1.02,26.6771,0.0705,0.0758,True,False,0.0705,0.0855,19.7413,0.3122,0.4538,True
597,bj920639,2025-04-09,7.800000190734863,8.430000305175781,hourly,15,True,1.5,1.0,7.7942,0.0007,0.0007,True,False,0.0013,0.0007,6.8137,0.1264,0.1447,True
598,bj920608,2025-04-09,17.53000068664551,20.5,hourly,15,False,0.5,1.02,17.4661,0.0036,0.0037,True,False,0.032,0.0036,15.2871,0.1279,0.1467,True
599,bj920422,2025-04-09,13.159999847412111,15.199999809265137,hourly,10,False,1.0,1.0,13.1678,0.0006,-0.0006,False,False,0.067,0.0006,11.0153,0.163,0.1947,True
600,bj920953,2025-04-09,46.00999832153321,46.33000183105469,daily,10,True,0.5,1.02,45.7651,0.0053,0.0054,True,False,0.0053,0.2799,43.6897,0.0504,0.0531,True
601,bj920415,2025-04-09,15.59000015258789,16.799999237060547,hourly,25,True,1.0,1.0,15.5923,0.0001,-0.0001,False,False,0.0003,0.0001,16.7745,0.076,-0.0706,False
602,bj920810,2025-04-09,14.050000190734863,15.800000190734863,daily,15,True,1.5,0.98,14.0826,0.0023,-0.0023,False,False,0.0023,0.1084,13.9316,0.0084,0.0085,True
603,bj920924,2025-04-09,24.850000381469723,26.57999992370605,daily,20,True,1.5,0.98,24.8786,0.0011,-0.0011,False,False,0.0011,0.0015,25.9484,0.0442,-0.0423,False
604,bj920026,2025-04-10,24.079999923706055,29.0,daily,30,True,1.0,1.0,24.0698,0.0004,0.0004,True,False,0.0004,0.254,24.412,0.0138,-0.0136,False
605,bj920765,2025-04-10,19.399999618530277,24.790000915527344,daily,25,True,1.5,0.98,19.3826,0.0009,0.0009,True,False,0.0009,0.2077,20.6551,0.0647,-0.0608,False
606,sh603007,2025-04-10,4.150000095367432,4.550000190734863,hourly,10,False,0.5,0.95,4.1512,0.0003,-0.0003,False,False,0.068,0.0003,7.3417,0.7691,-0.4347,False
607,sz002693,2025-04-10,6.55999994277954,8.170000076293945,hourly,10,False,1.0,0.95,6.5426,0.0026,0.0027,True,False,0.0228,0.0026,11.4475,0.745,-0.4269,False
608,bj920564,2025-04-10,20.579999923706062,20.88999938964844,daily,30,True,0.5,1.02,20.5317,0.0023,0.0024,True,False,0.0023,0.3038,19.4945,0.0527,0.0557,True
609,bj920970,2025-04-10,7.239999771118164,9.5600004196167,hourly,10,True,1.5,0.95,7.2363,0.0005,0.0005,True,False,0.0022,0.0005,6.2015,0.1434,0.1675,True
610,bj920639,2025-04-10,7.800000190734863,8.5600004196167,hourly,25,False,0.5,1.0,7.7998,0.0,0.0,True,False,0.0008,0.0,6.8314,0.1242,0.1418,True
611,bj920706,2025-04-10,17.040000915527344,19.700000762939453,daily,20,True,0.5,1.02,17.1081,0.004,-0.004,False,False,0.004,0.0262,15.6407,0.0821,0.0895,True
612,bj920230,2025-04-10,19.60000038146973,24.3799991607666,daily,10,False,0.5,1.02,18.8627,0.0376,0.0391,True,False,0.0376,0.1429,16.1712,0.1749,0.212,True
613,bj920002,2025-04-10,191.49999999999997,200.66000366210935,daily,15,True,0.5,1.02,182.316,0.048,0.0504,True,False,0.048,0.5283,150.937,0.2118,0.2687,True
614,bj920662,2025-04-10,21.049999237060543,22.57999992370605,daily,10,True,1.0,0.98,21.13,0.0038,-0.0038,False,False,0.0038,0.0045,22.4403,0.066,-0.062,False
615,bj920663,2025-04-10,22.399999618530273,22.540000915527344,daily,10,True,0.5,0.98,22.3826,0.0008,0.0008,True,False,0.0008,0.2093,21.0265,0.0613,0.0653,True
616,bj920273,2025-04-10,37.77000045776367,44.5,daily,10,False,0.5,1.02,34.6671,0.0822,0.0895,True,False,0.0822,0.2478,25.3269,0.3294,0.4913,True
617,bj920608,2025-04-10,17.530000686645508,22.049999237060547,hourly,30,True,0.5,1.02,17.5369,0.0004,-0.0004,False,False,0.0279,0.0004,15.3101,0.1266,0.145,True
618,bj920415,2025-04-10,15.59000015258789,17.299999237060547,daily,30,True,1.5,0.98,15.5786,0.0007,0.0007,True,False,0.0007,0.0038,16.6365,0.0671,-0.0629,False
619,bj920856,2025-04-10,21.250000000000004,21.299999237060547,daily,15,True,0.5,1.02,20.2781,0.0457,0.0479,True,False,0.0457,0.1496,16.8203,0.2085,0.2634,True
620,bj920866,2025-04-10,9.449999809265135,12.899999618530272,hourly,15,True,0.5,1.02,9.4678,0.0019,-0.0019,False,False,0.065,0.0019,8.0286,0.1504,0.177,True
621,bj920953,2025-04-10,47.20000076293945,47.5,daily,20,True,0.5,1.02,47.2119,0.0003,-0.0003,False,False,0.0003,0.3159,43.5193,0.078,0.0846,True
622,bj920505,2025-04-10,33.0,48.5,hourly,25,False,0.5,0.98,33.0231,0.0007,-0.0007,False,False,0.1025,0.0007,24.4142,0.2602,0.3517,True
623,bj920249,2025-04-11,13.31999969482422,15.100000381469728,daily,15,True,0.5,1.0,13.356,0.0027,-0.0027,False,False,0.0027,0.0059,12.4659,0.0641,0.0685,True
624,bj920706,2025-04-11,17.040000915527344,19.90999984741211,daily,20,True,0.5,1.02,17.0475,0.0004,-0.0004,False,False,0.0004,0.0039,15.6129,0.0838,0.0914,True
625,bj920765,2025-04-11,19.399999618530277,21.559999465942383,daily,30,False,1.0,1.02,19.3755,0.0013,0.0013,True,False,0.0013,0.1884,20.5026,0.0568,-0.0538,False
626,bj920445,2025-04-11,9.310000419616701,9.600000381469728,hourly,10,False,0.5,1.02,8.9268,0.0412,0.0429,True,False,0.079,0.0412,8.0949,0.1305,0.1501,True
627,bj920837,2025-04-11,15.229999542236328,17.010000228881836,daily,20,True,0.5,1.0,15.2066,0.0015,0.0015,True,False,0.0015,0.0036,13.968,0.0829,0.0903,True
628,bj920427,2025-04-11,12.119999885559082,13.949999809265137,daily,15,False,0.5,1.02,12.1152,0.0004,0.0004,True,False,0.0004,0.0008,12.3949,0.0227,-0.0222,False
629,bj920505,2025-04-11,33.0,39.709999084472656,hourly,20,False,1.5,0.95,32.8939,0.0032,0.0032,True,False,0.0479,0.0032,24.5183,0.257,0.3459,True
630,bj920087,2025-04-11,17.079999923706055,24.290000915527344,hourly,20,True,1.0,1.0,17.1623,0.0048,-0.0048,False,False,0.0052,0.0048,12.0687,0.2934,0.4152,True
631,bj920570,2025-04-11,34.70999908447266,40.08000183105469,daily,30,False,1.0,1.0,34.7215,0.0003,-0.0003,False,False,0.0003,0.004,35.2951,0.0169,-0.0166,False
632,bj920002,2025-04-11,191.5,218.8800048828125,daily,15,True,0.5,1.02,180.854,0.0556,0.0589,True,False,0.0556,0.4944,151.4281,0.2093,0.2646,True
633,bj920371,2025-04-11,10.220000267028809,13.0,hourly,25,True,0.5,0.95,10.2128,0.0007,0.0007,True,False,0.0125,0.0007,7.7867,0.2381,0.3125,True
634,sh603007,2025-04-11,4.150000095367432,4.880000114440918,hourly,10,False,1.5,0.95,4.1609,0.0026,-0.0026,False,False,0.048,0.0026,7.2162,0.7388,-0.4249,False
635,bj920023,2025-04-11,4.099999904632568,6.75,daily,10,False,1.5,0.95,4.1936,0.0228,-0.0223,False,False,0.0228,0.2303,5.0303,0.2269,-0.1849,False
636,bj920786,2025-04-11,9.72999954223633,12.300000190734863,hourly,30,False,1.0,0.95,9.7334,0.0003,-0.0003,False,False,0.0509,0.0003,7.6942,0.2092,0.2646,True
637,bj920856,2025-04-11,22.209999084472656,22.549999237060547,daily,15,True,0.5,1.02,20.1368,0.0933,0.103,True,False,0.0933,0.1632,16.8865,0.2397,0.3152,True
638,bj920855,2025-04-11,18.049999237060547,21.0,daily,20,False,0.5,1.0,18.05,0.0,0.0,True,False,0.0,0.0001,17.5693,0.0266,0.0274,True
639,bj920765,2025-04-14,19.399999618530277,24.01000022888184,daily,15,True,1.0,1.0,19.3889,0.0006,0.0006,True,False,0.0006,0.1519,20.353,0.0491,-0.0468,False
640,bj920445,2025-04-14,9.310000419616701,9.880000114440918,hourly,10,False,0.5,1.02,9.1232,0.0201,0.0205,True,False,0.0812,0.0201,8.0742,0.1327,0.153,True
641,bj920857,2025-04-14,15.81999969482422,17.56999969482422,hourly,15,False,1.5,1.02,15.8157,0.0003,0.0003,True,False,0.0006,0.0003,16.1934,0.0236,-0.0231,False
642,bj920026,2025-04-14,24.079999923706055,28.299999237060547,daily,20,False,1.0,1.02,24.051,0.0012,0.0012,True,False,0.0012,0.1572,24.3169,0.0098,-0.0097,False
643,bj920087,2025-04-14,17.079999923706055,24.290000915527344,hourly,25,True,1.5,1.0,17.0656,0.0008,0.0008,True,False,0.0073,0.0008,12.2136,0.2849,0.3984,True
644,bj920639,2025-04-14,7.800000190734863,9.020000457763672,hourly,25,True,0.5,0.95,7.7993,0.0001,0.0001,True,False,0.0005,0.0001,6.8791,0.1181,0.1339,True
645,bj920198,2025-04-14,10.72000026702881,13.0,hourly,25,False,1.0,0.95,10.7232,0.0003,-0.0003,False,False,0.0015,0.0003,12.474,0.1636,-0.1406,False
646,bj920706,2025-04-14,17.040000915527347,21.0,hourly,30,False,0.5,1.0,17.0413,0.0001,-0.0001,False,False,0.0014,0.0001,15.6006,0.0845,0.0923,True
647,bj920856,2025-04-14,22.610000610351562,25.979999542236328,daily,15,True,0.5,1.02,20.0307,0.1141,0.1288,True,False,0.1141,0.1315,16.9468,0.2505,0.3342,True
648,bj920855,2025-04-14,18.049999237060547,22.0,hourly,10,True,1.5,0.95,18.0539,0.0002,-0.0002,False,False,0.0007,0.0002,17.5483,0.0278,0.0286,True
649,bj920753,2025-04-14,25.600000381469723,29.82999992370605,hourly,15,False,1.0,1.0,25.5975,0.0001,0.0001,True,False,0.0002,0.0001,27.9661,0.0924,-0.0846,False
650,bj920564,2025-04-14,20.579999923706055,23.049999237060547,daily,20,True,0.5,1.0,20.5425,0.0018,0.0018,True,False,0.0018,0.2834,19.3754,0.0585,0.0622,True
651,sh603709,2025-04-14,10.609999656677246,16.0,daily,15,True,1.0,1.0,10.6045,0.0005,0.0005,True,False,0.0005,0.0013,10.5584,0.0049,0.0049,True
652,bj920346,2025-04-14,25.610000610351562,28.0,daily,20,True,0.5,1.0,25.6085,0.0001,0.0001,True,False,0.0001,0.028,24.5591,0.041,0.0428,True
653,bj920779,2025-04-14,41.41999816894531,60.970001220703125,daily,10,False,1.5,0.95,41.4723,0.0013,-0.0013,False,False,0.0013,0.1096,46.6369,0.126,-0.1119,False
654,bj920943,2025-04-14,17.729999542236328,18.770000457763672,daily,25,False,0.5,1.02,17.7167,0.0008,0.0008,True,False,0.0008,0.0096,16.9903,0.0417,0.0435,True
655,sz002693,2025-04-14,6.559999942779541,9.140000343322754,daily,10,False,1.5,0.95,6.679,0.0181,-0.0178,False,False,0.0181,0.0687,11.0685,0.6873,-0.4073,False
656,sz300561,2025-04-14,10.890000343322754,24.21999931335449,hourly,10,True,1.5,0.95,17.6508,0.6208,-0.383,False,False,0.6899,0.6208,37.8621,2.4768,-0.7124,False
657,bj920179,2025-04-14,33.00000000000001,42.40999984741211,hourly,20,False,0.5,0.95,33.0448,0.0014,-0.0014,False,False,0.0728,0.0014,28.2677,0.1434,0.1674,True
658,bj920634,2025-04-14,23.579999923706055,29.100000381469727,hourly,10,True,0.5,0.95,23.5811,0.0,-0.0,False,False,0.0014,0.0,21.0893,0.1056,0.1181,True
659,bj920533,2025-04-15,47.29999923706055,51.09000015258789,daily,25,True,0.5,1.02,47.2086,0.0019,0.0019,True,False,0.0019,0.2224,43.6894,0.0763,0.0826,True
660,bj920970,2025-04-15,7.239999771118164,9.369999885559082,daily,30,False,0.5,1.02,7.2305,0.0013,0.0013,True,False,0.0013,0.0068,6.2633,0.1349,0.1559,True
661,bj920087,2025-04-15,17.079999923706055,22.25,daily,10,False,1.0,1.02,17.1703,0.0053,-0.0053,False,False,0.0053,0.0096,12.3811,0.2751,0.3795,True
662,bj920002,2025-04-15,191.5,222.02999877929688,daily,15,True,0.5,1.02,179.8534,0.0608,0.0648,True,False,0.0608,0.4468,152.8583,0.2018,0.2528,True
663,bj920026,2025-04-15,24.079999923706055,26.40999984741211,daily,10,False,0.5,0.98,24.1256,0.0019,-0.0019,False,False,0.0019,0.1406,24.278,0.0082,-0.0082,False
664,bj920179,2025-04-15,33.0,40.29999923706055,hourly,20,False,1.5,0.95,33.1465,0.0044,-0.0044,False,False,0.029,0.0044,28.2845,0.1429,0.1667,True
665,bj920075,2025-04-15,26.540000915527347,28.68000030517578,hourly,10,False,0.5,1.02,26.5673,0.001,-0.001,False,False,0.0012,0.001,28.37,0.069,-0.0645,False
666,bj920924,2025-04-15,25.799999237060547,27.299999237060547,hourly,10,False,1.0,1.0,25.8008,0.0,-0.0,False,False,0.0004,0.0,25.5575,0.0094,0.0095,True
667,sz002693,2025-04-15,6.559999942779542,10.31999969482422,daily,10,False,1.5,0.95,6.7514,0.0292,-0.0284,False,False,0.0292,0.1026,10.8911,0.6602,-0.3977,False
668,bj920245,2025-04-15,30.25,34.869998931884766,daily,15,True,1.5,0.95,30.2459,0.0001,0.0001,True,False,0.0001,0.2338,34.9222,0.1545,-0.1338,False
669,sz300994,2025-04-15,13.109999656677248,14.979999542236328,daily,20,True,0.5,1.02,11.8901,0.0931,0.1026,True,False,0.0931,0.0953,11.3099,0.1373,0.1592,True
670,bj920262,2025-04-15,24.030000686645508,31.290000915527344,daily,20,True,0.5,1.02,24.0217,0.0003,0.0003,True,False,0.0003,0.119,22.601,0.0595,0.0632,True
671,bj920627,2025-04-15,25.040000915527347,27.1200008392334,daily,25,True,0.5,0.98,25.0511,0.0004,-0.0004,False,False,0.0004,0.0023,24.3685,0.0268,0.0276,True
672,bj920957,2025-04-15,13.029999732971193,14.949999809265137,hourly,30,True,1.0,1.02,13.0345,0.0003,-0.0003,False,False,0.0152,0.0003,11.7189,0.1006,0.1119,True
673,bj920856,2025-04-15,22.610000610351566,25.149999618530277,hourly,10,False,0.5,1.02,20.401,0.0977,0.1083,True,False,0.1149,0.0977,17.0328,0.2467,0.3274,True
674,bj920779,2025-04-15,41.41999816894531,61.93000030517578,daily,30,True,1.5,0.95,40.7953,0.0151,0.0153,True,False,0.0151,0.0431,46.7325,0.1283,-0.1137,False
675,bj920273,2025-04-15,37.77000045776367,60.0,daily,10,False,0.5,1.02,38.0311,0.0069,-0.0069,False,False,0.0069,0.1854,26.3562,0.3022,0.4331,True
676,bj920726,2025-04-15,21.600000381469727,25.0,hourly,25,False,1.0,0.95,21.5922,0.0004,0.0004,True,False,0.0007,0.0004,19.7144,0.0873,0.0956,True
677,bj920239,2025-04-15,41.11999893188477,43.0099983215332,daily,20,True,0.5,1.02,40.3029,0.0199,0.0203,True,False,0.0199,0.306,37.5856,0.086,0.094,True
678,bj920346,2025-04-15,25.610000610351562,26.459999084472656,hourly,10,False,1.0,1.0,25.5847,0.001,0.001,True,False,0.002,0.001,24.4233,0.0463,0.0486,True
679,bj920262,2025-04-16,24.030000686645508,32.09000015258789,daily,25,False,0.5,1.0,24.0385,0.0004,-0.0004,False,False,0.0004,0.1314,22.5724,0.0607,0.0646,True
680,bj920371,2025-04-16,10.220000267028809,14.40999984741211,daily,20,False,0.5,1.02,10.1956,0.0024,0.0024,True,False,0.0024,0.0074,7.9772,0.2195,0.2812,True
681,bj920087,2025-04-16,17.07999992370605,22.86000061035156,daily,15,False,0.5,0.98,17.1262,0.0027,-0.0027,False,False,0.0027,0.016,12.5676,0.2642,0.359,True
682,bj920505,2025-04-16,33.0,39.72999954223633,hourly,30,True,1.0,0.98,32.954,0.0014,0.0014,True,False,0.0074,0.0014,25.0154,0.242,0.3192,True
683,bj920726,2025-04-16,21.600000381469727,26.0,hourly,25,True,0.5,0.95,21.5656,0.0016,0.0016,True,False,0.0022,0.0016,19.7221,0.0869,0.0952,True
684,sz002693,2025-04-16,6.559999942779542,11.579999923706056,daily,10,False,1.5,0.95,7.0862,0.0802,-0.0743,False,False,0.0802,0.1382,10.7315,0.6359,-0.3887,False
685,bj920639,2025-04-16,7.800000190734862,9.029999732971191,hourly,20,False,1.5,0.95,7.8025,0.0003,-0.0003,False,False,0.0015,0.0003,6.9379,0.1105,0.1243,True
686,bj920179,2025-04-16,33.00000000000001,39.369998931884766,hourly,20,True,1.0,0.98,32.9645,0.0011,0.0011,True,False,0.0056,0.0011,28.3295,0.1415,0.1649,True
687,bj920273,2025-04-16,37.77000045776367,64.0,daily,15,False,0.5,1.0,37.6159,0.0041,0.0041,True,False,0.0041,0.0456,26.7795,0.291,0.4104,True
688,bj920826,2025-04-16,12.699999809265137,16.0,hourly,25,False,1.5,1.0,12.6997,0.0,0.0,True,False,0.0389,0.0,10.7493,0.1536,0.1815,True
689,bj920445,2025-04-16,9.329999923706056,9.800000190734863,hourly,10,False,0.5,1.02,9.3165,0.0014,0.0014,True,False,0.0822,0.0014,8.0522,0.137,0.1587,True
690,bj920982,2025-04-16,368.6099853515625,397.0,daily,10,False,0.5,1.02,316.0555,0.1426,0.1663,True,False,0.1426,0.2386,243.9648,0.3381,0.5109,True
691,bj920047,2025-04-16,15.600000381469728,17.18000030517578,hourly,10,False,0.5,1.02,15.5277,0.0046,0.0047,True,False,0.0858,0.0046,12.9109,0.1724,0.2083,True
692,bj920564,2025-04-16,20.579999923706055,24.18000030517578,daily,15,True,0.5,1.02,20.6321,0.0025,-0.0025,False,False,0.0025,0.2323,19.3143,0.0615,0.0655,True
693,bj920779,2025-04-16,41.41999816894532,60.56999969482422,hourly,10,False,0.5,1.0,41.2173,0.0049,0.0049,True,False,0.0115,0.0049,46.8509,0.1311,-0.1159,False
694,bj920799,2025-04-16,55.680000305175774,57.09999847412109,hourly,20,False,0.5,1.0,55.7013,0.0004,-0.0004,False,False,0.0011,0.0004,53.822,0.0334,0.0345,True
695,bj920351,2025-04-16,20.700000762939453,26.5,hourly,25,True,0.5,0.95,20.6626,0.0018,0.0018,True,False,0.0244,0.0018,13.1194,0.3662,0.5778,True
696,sz300605,2025-04-16,14.279999732971191,14.859999656677246,daily,25,True,0.5,1.02,13.8003,0.0336,0.0348,True,False,0.0336,0.1076,13.0694,0.0848,0.0926,True
697,bj920262,2025-04-17,24.03000068664551,35.02000045776367,daily,25,False,0.5,0.98,24.0105,0.0008,0.0008,True,False,0.0008,0.1546,22.5802,0.0603,0.0642,True
698,bj920765,2025-04-17,19.399999618530273,23.809999465942383,daily,10,False,0.5,0.98,19.3877,0.0006,0.0006,True,False,0.0006,0.1088,20.0465,0.0333,-0.0322,False
699,bj920371,2025-04-17,10.220000267028807,14.649999618530272,daily,10,True,0.5,1.02,10.2018,0.0018,0.0018,True,False,0.0018,0.0344,8.0623,0.2111,0.2676,True
700,bj920407,2025-04-17,20.29999923706055,22.530000686645508,daily,20,False,1.0,1.0,20.3072,0.0004,-0.0004,False,False,0.0004,0.1573,21.811,0.0744,-0.0693,False
701,sh601086,2025-04-17,9.9399995803833,10.5,hourly,10,True,0.5,1.02,8.5062,0.1442,0.1686,True,False,0.2697,0.1442,4.9615,0.5009,1.0034,True
702,bj920403,2025-04-17,29.600000381469723,40.43999862670898,daily,10,False,1.0,1.02,29.673,0.0025,-0.0025,False,False,0.0025,0.0981,23.983,0.1898,0.2342,True
703,bj920261,2025-04-17,13.210000038146974,13.600000381469728,daily,20,True,0.5,1.02,11.3163,0.1434,0.1673,True,False,0.1434,0.1588,10.656,0.1933,0.2397,True
704,bj920726,2025-04-17,21.600000381469727,27.3700008392334,daily,15,False,0.5,1.0,21.5983,0.0001,0.0001,True,False,0.0001,0.0001,19.7437,0.0859,0.094,True
705,bj920665,2025-04-17,11.810000419616701,13.640000343322754,daily,30,False,1.0,1.0,11.8103,0.0,-0.0,False,False,0.0,0.0006,11.7358,0.0063,0.0063,True
706,bj920526,2025-04-17,26.94000053405762,29.799999237060547,hourly,10,False,1.5,0.98,26.9452,0.0002,-0.0002,False,False,0.0012,0.0002,27.1636,0.0083,-0.0082,False
707,bj920271,2025-04-17,13.829999923706053,16.56999969482422,hourly,20,False,0.5,1.0,13.8213,0.0006,0.0006,True,False,0.0012,0.0006,15.7191,0.1366,-0.1202,False
708,bj920394,2025-04-17,39.66999816894532,46.0,hourly,10,False,0.5,1.02,36.3882,0.0827,0.0902,True,False,0.1739,0.0827,25.163,0.3657,0.5765,True
709,bj920527,2025-04-17,16.260000228881836,19.600000381469727,hourly,15,True,0.5,0.98,16.2564,0.0002,0.0002,True,False,0.0065,0.0002,14.8361,0.0876,0.096,True
710,bj920378,2025-04-17,12.0,13.600000381469728,daily,10,True,0.5,1.0,12.0012,0.0001,-0.0001,False,False,0.0001,0.0005,11.6247,0.0313,0.0323,True
711,bj920046,2025-04-17,15.850000381469727,17.299999237060547,hourly,30,True,0.5,1.02,15.8733,0.0015,-0.0015,False,False,0.0154,0.0015,14.5955,0.0791,0.086,True
712,bj920826,2025-04-17,12.699999809265137,16.5,daily,10,False,0.5,1.02,12.7057,0.0004,-0.0004,False,False,0.0004,0.0008,10.7717,0.1518,0.179,True
713,bj920751,2025-04-17,15.310000419616703,16.90999984741211,hourly,15,False,0.5,1.02,15.3047,0.0003,0.0003,True,False,0.0502,0.0003,13.6892,0.1059,0.1184,True
714,bj920642,2025-04-17,13.909999847412108,14.920000076293944,hourly,15,False,1.5,1.02,13.8984,0.0008,0.0008,True,False,0.0812,0.0008,11.6042,0.1658,0.1987,True
715,bj920735,2025-04-17,49.880001068115234,60.0,daily,10,False,0.5,1.02,43.2077,0.1338,0.1544,True,False,0.1338,0.4058,34.7311,0.3037,0.4362,True
716,bj920026,2025-04-18,24.07999992370606,26.899999618530277,daily,25,True,0.5,0.95,24.0702,0.0004,0.0004,True,False,0.0004,0.2108,24.1774,0.004,-0.004,False
717,bj920924,2025-04-18,26.85000038146973,29.0,daily,20,True,0.5,1.0,26.7738,0.0028,0.0028,True,False,0.0028,0.005,25.3066,0.0575,0.061,True
718,bj920570,2025-04-18,34.709999084472656,40.20000076293945,daily,30,True,1.0,1.0,34.7103,0.0,-0.0,False,False,0.0,0.0004,35.1825,0.0136,-0.0134,False
719,bj920961,2025-04-18,18.999999999999996,21.57999992370605,hourly,10,True,0.5,1.02,17.89,0.0584,0.062,True,False,0.0675,0.0584,16.6964,0.1212,0.138,True
720,bj920427,2025-04-18,12.11999988555908,14.68000030517578,daily,20,True,1.0,1.0,12.1181,0.0002,0.0002,True,False,0.0002,0.001,12.1906,0.0058,-0.0058,False
721,sz002693,2025-04-18,6.559999942779542,11.8100004196167,daily,10,True,1.5,0.95,7.4852,0.141,-0.1236,False,False,0.141,0.2364,10.4839,0.5982,-0.3743,False
722,bj920407,2025-04-18,20.29999923706055,23.399999618530277,daily,10,True,1.0,1.02,20.2702,0.0015,0.0015,True,False,0.0015,0.1514,21.7204,0.07,-0.0654,False
723,bj920262,2025-04-18,24.030000686645508,29.5,daily,30,False,0.5,0.98,24.1311,0.0042,-0.0042,False,False,0.0042,0.1258,22.6063,0.0592,0.063,True
724,bj920690,2025-04-18,22.270000457763672,24.65999984741211,daily,10,False,0.5,1.02,22.2444,0.0011,0.0011,True,False,0.0011,0.2106,20.9738,0.0582,0.0618,True
725,bj920378,2025-04-18,11.999999999999998,13.649999618530272,hourly,20,False,1.0,0.98,12.001,0.0001,-0.0001,False,False,0.0011,0.0001,11.6249,0.0313,0.0323,True
726,bj920425,2025-04-18,23.88999938964844,26.420000076293945,daily,20,True,0.5,1.0,23.9236,0.0014,-0.0014,False,False,0.0014,0.2433,22.5266,0.0571,0.0605,True
727,bj920261,2025-04-18,13.210000038146974,13.880000114440918,hourly,10,False,0.5,1.02,12.2035,0.0762,0.0825,True,False,0.1441,0.0762,10.6409,0.1945,0.2414,True
728,bj920579,2025-04-18,26.010000228881836,29.0,hourly,10,False,1.5,0.95,26.0048,0.0002,0.0002,True,False,0.0005,0.0002,24.0476,0.0754,0.0816,True
729,bj920735,2025-04-18,49.88000106811524,55.61000061035156,daily,10,False,0.5,1.02,44.8711,0.1004,0.1116,True,False,0.1004,0.374,34.9917,0.2985,0.4255,True
730,bj920779,2025-04-18,41.41999816894531,65.55999755859375,hourly,10,False,0.5,1.02,41.4496,0.0007,-0.0007,False,False,0.0034,0.0007,47.1633,0.1387,-0.1218,False
731,bj920806,2025-04-18,14.050000190734865,14.75,hourly,15,True,1.0,1.02,14.0559,0.0004,-0.0004,False,False,0.0029,0.0004,14.1135,0.0045,-0.0045,False
732,bj920701,2025-04-18,27.69000053405762,33.38999938964844,daily,20,True,1.5,0.98,27.6852,0.0002,0.0002,True,False,0.0002,0.1988,29.6963,0.0725,-0.0676,False
733,bj920394,2025-04-18,39.02000045776367,49.0,hourly,15,False,0.5,1.02,38.9891,0.0008,0.0008,True,False,0.1199,0.0008,25.4047,0.3489,0.5359,True
734,bj920639,2025-04-18,7.800000190734865,9.600000381469728,daily,15,True,0.5,1.0,7.8001,0.0,-0.0,False,False,0.0,0.0011,7.0111,0.1011,0.1125,True
735,bj920779,2025-04-21,41.41999816894531,71.5,daily,30,True,1.5,0.95,41.4694,0.0012,-0.0012,False,False,0.0012,0.0015,47.3628,0.1435,-0.1255,False
736,bj920163,2025-04-21,15.119999885559082,15.93000030517578,hourly,10,False,0.5,1.02,14.3185,0.053,0.056,True,False,0.0652,0.053,13.303,0.1202,0.1366,True
737,bj920924,2025-04-21,26.85000038146973,30.280000686645508,hourly,10,False,1.5,1.02,26.8543,0.0002,-0.0002,False,False,0.0066,0.0002,25.2315,0.0603,0.0641,True
738,bj920249,2025-04-21,13.319999694824219,15.25,hourly,30,True,0.5,0.98,13.3243,0.0003,-0.0003,False,False,0.0004,0.0003,12.3897,0.0698,0.0751,True
739,bj920961,2025-04-21,19.0,21.450000762939453,hourly,15,False,0.5,1.02,19.0533,0.0028,-0.0028,False,False,0.0687,0.0028,16.662,0.1231,0.1403,True
740,bj920856,2025-04-21,23.010000228881836,24.959999084472656,daily,10,False,0.5,1.02,21.3728,0.0712,0.0766,True,False,0.0712,0.0836,17.4776,0.2404,0.3165,True
741,bj920876,2025-04-21,24.68000030517578,26.81999969482422,daily,15,True,0.5,1.0,24.6886,0.0004,-0.0004,False,False,0.0004,0.0005,24.042,0.0259,0.0265,True
742,bj920021,2025-04-21,6.099999904632568,6.929999828338623,daily,30,True,1.0,0.98,6.1001,0.0,-0.0,False,False,0.0,0.0003,6.2116,0.0183,-0.018,False
743,bj920932,2025-04-21,23.659999847412113,29.100000381469727,daily,10,False,1.5,1.0,23.6572,0.0001,0.0001,True,False,0.0001,0.1742,26.4988,0.12,-0.1071,False
744,bj920261,2025-04-21,13.210000038146973,13.800000190734863,hourly,10,False,0.5,1.02,13.1624,0.0036,0.0036,True,False,0.1268,0.0036,10.6396,0.1946,0.2416,True
745,bj920237,2025-04-21,28.799999237060554,35.06999969482422,daily,15,True,1.0,1.02,28.726,0.0026,0.0026,True,False,0.0026,0.2375,28.3989,0.0139,0.0141,True
746,bj920378,2025-04-21,12.0,13.75,daily,10,False,1.0,1.02,11.9971,0.0002,0.0002,True,False,0.0002,0.0003,11.6314,0.0307,0.0317,True
747,bj920953,2025-04-21,47.56000137329102,51.5,daily,10,False,0.5,1.02,46.6595,0.0189,0.0193,True,False,0.0189,0.2553,43.1693,0.0923,0.1017,True
748,bj920152,2025-04-21,18.0,21.0,daily,15,True,0.5,0.95,17.9992,0.0,0.0,True,False,0.0,0.0139,17.2974,0.039,0.0406,True
749,bj920981,2025-04-21,34.0,38.22999954223633,daily,25,False,0.5,1.02,33.9894,0.0003,0.0003,True,False,0.0003,0.0006,31.344,0.0781,0.0847,True
750,bj920275,2025-04-21,9.34000015258789,12.0,daily,10,False,0.5,0.95,9.3691,0.0031,-0.0031,False,False,0.0031,0.0117,7.9601,0.1477,0.1734,True
751,sh605188,2025-04-21,10.090000152587892,13.65999984741211,daily,10,False,0.5,1.02,10.0955,0.0005,-0.0005,False,False,0.0005,0.0034,7.2404,0.2824,0.3936,True
752,bj920394,2025-04-21,38.619998931884766,50.97999954223633,hourly,15,True,0.5,1.0,38.5962,0.0006,0.0006,True,False,0.0561,0.0006,25.7121,0.3342,0.502,True
753,bj920533,2025-04-21,47.5099983215332,50.70000076293945,daily,20,True,0.5,1.02,47.0392,0.0099,0.01,True,False,0.0099,0.2112,43.4572,0.0853,0.0933,True
754,bj920982,2025-04-21,370.0,399.0,daily,10,False,0.5,1.02,337.7184,0.0872,0.0956,True,False,0.0872,0.2129,252.0565,0.3188,0.4679,True
755,bj920163,2025-04-22,15.119999885559084,19.809999465942383,hourly,10,False,0.5,1.0,15.1878,0.0045,-0.0045,False,False,0.0664,0.0045,13.2676,0.1225,0.1396,True
756,bj920961,2025-04-22,19.000000000000004,20.899999618530277,hourly,15,False,0.5,0.95,18.9778,0.0012,0.0012,True,False,0.0586,0.0012,16.6459,0.1239,0.1414,True
757,bj920087,2025-04-22,17.079999923706055,20.600000381469727,daily,20,False,0.5,0.98,17.0689,0.0007,0.0007,True,False,0.0007,0.0671,13.364,0.2176,0.2781,True
758,bj920953,2025-04-22,47.560001373291016,51.380001068115234,daily,10,False,0.5,1.02,47.2168,0.0072,0.0073,True,False,0.0072,0.2392,43.2123,0.0914,0.1006,True
759,bj920642,2025-04-22,13.90999984741211,16.799999237060547,hourly,30,False,1.5,1.0,13.9086,0.0001,0.0001,True,False,0.0113,0.0001,11.6498,0.1625,0.194,True
760,bj920057,2025-04-22,6.010000228881836,6.929999828338623,hourly,25,True,1.5,0.95,6.0107,0.0001,-0.0001,False,False,0.0011,0.0001,6.1136,0.0172,-0.0169,False
761,bj920261,2025-04-22,13.210000038146973,14.68000030517578,hourly,10,False,0.5,1.02,13.2513,0.0031,-0.0031,False,False,0.1083,0.0031,10.6437,0.1943,0.2411,True
762,bj920260,2025-04-22,12.520000457763674,13.300000190734863,hourly,10,False,0.5,1.02,12.4301,0.0072,0.0072,True,False,0.0282,0.0072,11.2438,0.1019,0.1135,True
763,bj920799,2025-04-22,55.54999923706055,64.12000274658203,hourly,25,False,1.0,1.0,55.5382,0.0002,0.0002,True,False,0.0006,0.0002,53.3222,0.0401,0.0418,True
764,bj920792,2025-04-22,10.65999984741211,12.68000030517578,hourly,15,True,1.0,1.02,10.6576,0.0002,0.0002,True,False,0.0004,0.0002,10.0106,0.0609,0.0649,True
765,sh600865,2025-04-22,8.869999885559082,12.989999771118164,daily,30,False,0.5,1.0,8.86,0.0011,0.0011,True,False,0.0011,0.0016,8.4242,0.0503,0.0529,True
766,sh600490,2025-04-22,4.269999980926514,4.880000114440918,hourly,30,False,0.5,1.02,4.2697,0.0001,0.0001,True,False,0.0431,0.0001,3.3888,0.2064,0.26,True
767,sh605188,2025-04-22,10.090000152587892,14.350000381469728,hourly,25,True,1.0,0.98,10.0895,0.0001,0.0001,True,False,0.0009,0.0001,7.3298,0.2736,0.3766,True
768,bj920227,2025-04-22,57.90999984741212,65.80000305175781,hourly,30,False,1.0,1.02,57.9473,0.0006,-0.0006,False,False,0.0268,0.0006,52.3371,0.0962,0.1065,True
769,bj920419,2025-04-22,19.600000381469727,21.049999237060547,hourly,10,False,1.0,1.0,19.5571,0.0022,0.0022,True,False,0.0668,0.0022,15.5807,0.2051,0.258,True
770,bj920204,2025-04-22,17.549999237060547,20.0,daily,20,False,0.5,0.95,17.544,0.0003,0.0003,True,False,0.0003,0.0007,18.8089,0.0717,-0.0669,False
771,bj920026,2025-04-23,24.079999923706055,26.739999771118164,daily,10,True,1.0,1.02,24.0715,0.0004,0.0004,True,False,0.0004,0.2196,24.123,0.0018,-0.0018,False
772,bj920163,2025-04-23,15.119999885559082,20.0,hourly,10,True,1.5,1.02,15.107,0.0009,0.0009,True,False,0.0392,0.0009,13.2495,0.1237,0.1412,True
773,bj920906,2025-04-23,21.26000022888184,24.09000015258789,hourly,25,False,1.5,0.95,21.2712,0.0005,-0.0005,False,False,0.0008,0.0005,21.4984,0.0112,-0.0111,False
774,bj920779,2025-04-23,41.41999816894531,47.5,hourly,30,False,1.5,1.0,41.3977,0.0005,0.0005,True,False,0.0117,0.0005,47.8298,0.1548,-0.134,False
775,bj920720,2025-04-23,18.969999313354496,21.5,daily,30,True,0.5,1.02,18.6954,0.0145,0.0147,True,False,0.0145,0.287,17.5951,0.0725,0.0781,True
776,bj920792,2025-04-23,10.659999847412111,11.829999923706056,hourly,25,True,1.0,1.02,10.6685,0.0008,-0.0008,False,False,0.0015,0.0008,10.0176,0.0603,0.0641,True
777,bj920974,2025-04-23,7.360000133514406,9.40999984741211,daily,10,False,0.5,0.95,7.3567,0.0004,0.0004,True,False,0.0004,0.0015,7.3863,0.0036,-0.0036,False
778,sz300052,2025-04-23,8.100000381469727,8.760000228881836,hourly,15,True,1.0,0.95,8.099,0.0001,0.0001,True,False,0.0023,0.0001,12.118,0.496,-0.3316,False
779,bj920221,2025-04-23,18.079999923706055,20.0,daily,15,False,0.5,1.02,17.9898,0.005,0.005,True,False,0.005,0.1108,16.617,0.0809,0.088,True
780,bj920579,2025-04-23,26.01000022888184,30.0,hourly,25,True,1.0,0.95,26.0102,0.0,-0.0,False,False,0.0008,0.0,24.2945,0.066,0.0706,True
781,bj920950,2025-04-23,18.049999237060547,22.90999984741211,daily,25,True,1.0,0.95,18.0224,0.0015,0.0015,True,False,0.0015,0.0058,18.9709,0.051,-0.0485,False
782,bj920876,2025-04-23,24.680000305175785,27.0,daily,30,True,0.5,0.98,24.6786,0.0001,0.0001,True,False,0.0001,0.0003,23.9536,0.0294,0.0303,True
783,bj920690,2025-04-23,22.270000457763672,25.729999542236328,daily,25,True,0.5,1.02,22.2906,0.0009,-0.0009,False,False,0.0009,0.172,21.0699,0.0539,0.057,True
784,bj920245,2025-04-23,30.25,34.70000076293945,daily,25,False,1.0,0.95,30.2484,0.0001,0.0001,True,False,0.0001,0.1976,33.7354,0.1152,-0.1033,False
785,bj920346,2025-04-23,25.610000610351562,28.780000686645508,hourly,10,True,0.5,0.98,25.6097,0.0,0.0,True,False,0.0025,0.0,24.0012,0.0628,0.067,True
786,bj920533,2025-04-23,37.79999923706055,53.959999084472656,hourly,10,True,0.5,1.02,37.7701,0.0008,0.0008,True,False,0.0087,0.0008,43.4298,0.1489,-0.1296,False
787,bj920799,2025-04-23,55.54999923706055,60.65999984741211,hourly,25,True,1.5,1.02,55.5893,0.0007,-0.0007,False,False,0.0011,0.0007,53.2597,0.0412,0.043,True
788,bj920706,2025-04-23,17.040000915527344,19.3799991607666,daily,30,False,0.5,1.0,17.0461,0.0004,-0.0004,False,False,0.0004,0.0017,15.7599,0.0751,0.0812,True
789,bj920261,2025-04-23,13.210000038146973,14.550000190734863,hourly,15,False,1.0,1.02,13.227,0.0013,-0.0013,False,False,0.0763,0.0013,10.6641,0.1927,0.2387,True
790,bj920961,2025-04-23,19.000000000000004,20.149999618530277,hourly,30,False,1.5,1.02,19.0192,0.001,-0.001,False,False,0.037,0.001,16.6474,0.1238,0.1413,True
791,bj920792,2025-04-24,10.65999984741211,12.670000076293944,daily,20,True,0.5,1.02,10.6593,0.0001,0.0001,True,False,0.0001,0.0002,10.025,0.0596,0.0633,True
792,bj920346,2025-04-24,25.610000610351566,27.899999618530277,hourly,15,True,0.5,0.98,25.6243,0.0006,-0.0006,False,False,0.0013,0.0006,23.9708,0.064,0.0684,True
793,sh603086,2025-04-24,7.599999904632569,8.289999961853027,hourly,10,False,0.5,1.02,6.923,0.0891,0.0978,True,False,0.1851,0.0891,5.0733,0.3325,0.498,True
794,bj920252,2025-04-24,16.000000000000004,16.719999313354492,hourly,25,False,1.5,0.98,16.0069,0.0004,-0.0004,False,False,0.0013,0.0004,16.1875,0.0117,-0.0116,False
795,bj920720,2025-04-24,18.96999931335449,20.21999931335449,daily,30,True,0.5,1.02,18.67,0.0158,0.0161,True,False,0.0158,0.2216,17.5615,0.0743,0.0802,True
796,sz002196,2025-04-24,9.109999656677246,9.699999809265137,hourly,10,False,0.5,1.02,8.5639,0.0599,0.0638,True,False,0.1066,0.0599,7.521,0.1744,0.2113,True
797,bj920263,2025-04-24,12.5600004196167,13.75,hourly,25,False,0.5,0.98,12.5639,0.0003,-0.0003,False,False,0.0105,0.0003,10.608,0.1554,0.184,True
798,bj920469,2025-04-24,13.130000114440918,15.0,hourly,10,True,0.5,1.0,13.1238,0.0005,0.0005,True,False,0.0008,0.0005,12.3577,0.0588,0.0625,True
799,bj920275,2025-04-24,9.34000015258789,11.260000228881836,daily,10,True,1.0,1.02,9.3359,0.0004,0.0004,True,False,0.0004,0.0436,8.1649,0.1258,0.1439,True
800,sz301000,2025-04-24,45.79999923706055,57.41999816894531,hourly,10,False,0.5,1.02,43.3181,0.0542,0.0573,True,False,0.1475,0.0542,33.3804,0.2712,0.3721,True
801,bj920273,2025-04-24,37.770000457763665,63.09999847412109,daily,10,True,1.5,1.0,37.7402,0.0008,0.0008,True,False,0.0008,0.001,30.7412,0.1861,0.2286,True
802,bj920703,2025-04-24,23.500000000000004,24.649999618530277,daily,10,False,1.5,1.02,23.4815,0.0008,0.0008,True,False,0.0008,0.1789,23.064,0.0186,0.0189,True
803,bj920299,2025-04-24,18.700000762939453,19.450000762939453,hourly,10,False,0.5,1.02,18.3965,0.0162,0.0165,True,False,0.0774,0.0162,14.1567,0.243,0.3209,True
804,sz002251,2025-04-24,5.329999923706055,6.730000019073486,hourly,10,False,1.0,0.95,5.3268,0.0006,0.0006,True,False,0.073,0.0006,3.9772,0.2538,0.3401,True
805,sh688313,2025-04-24,22.159999847412113,22.38999938964844,hourly,10,False,0.5,1.02,20.9353,0.0553,0.0585,True,False,0.1817,0.0553,15.8652,0.2841,0.3968,True
806,bj920478,2025-04-24,20.18000030517578,30.049999237060547,daily,30,False,1.0,1.0,20.1705,0.0005,0.0005,True,False,0.0005,0.3286,19.4194,0.0377,0.0392,True
807,bj920163,2025-04-25,15.119999885559084,16.399999618530273,hourly,25,True,1.5,1.02,15.1437,0.0016,-0.0016,False,False,0.0097,0.0016,13.251,0.1236,0.141,True
808,bj920856,2025-04-25,23.5,26.59000015258789,daily,10,False,0.5,1.02,22.0833,0.0603,0.0642,True,False,0.0603,0.0905,17.9985,0.2341,0.3057,True
809,sz301210,2025-04-25,42.88999938964844,62.0,daily,10,False,1.0,0.95,42.902,0.0003,-0.0003,False,False,0.0003,0.3417,46.525,0.0848,-0.0781,False
810,bj920953,2025-04-25,47.580001831054695,50.0,daily,10,False,0.5,1.02,47.4262,0.0032,0.0032,True,False,0.0032,0.2445,43.3906,0.088,0.0966,True
811,bj920706,2025-04-25,17.040000915527347,18.899999618530277,daily,15,False,0.5,0.98,17.0418,0.0001,-0.0001,False,False,0.0001,0.0001,15.8494,0.0699,0.0751,True
812,bj920299,2025-04-25,18.700000762939453,21.709999084472656,hourly,10,False,0.5,1.02,18.5985,0.0054,0.0055,True,False,0.0837,0.0054,14.2327,0.2389,0.3139,True
813,bj920198,2025-04-25,10.72000026702881,12.229999542236328,daily,15,True,1.5,0.95,10.76,0.0037,-0.0037,False,False,0.0037,0.0774,12.1047,0.1292,-0.1144,False
814,bj920110,2025-04-25,36.2599983215332,39.0,hourly,25,False,1.0,1.02,36.2482,0.0003,0.0003,True,False,0.0031,0.0003,32.8003,0.0954,0.1055,True
815,bj920392,2025-04-25,21.610000610351562,23.299999237060547,daily,10,False,0.5,1.02,21.0909,0.024,0.0246,True,False,0.024,0.1892,19.0403,0.1189,0.135,True
816,bj920694,2025-04-25,17.36000061035156,19.07999992370605,daily,30,True,1.0,1.02,17.3624,0.0001,-0.0001,False,False,0.0001,0.0011,17.1862,0.01,0.0101,True
817,bj920367,2025-04-25,23.309999465942383,24.61000061035156,daily,20,True,0.5,0.98,23.3095,0.0,0.0,True,False,0.0,0.0003,22.485,0.0354,0.0367,True
818,bj920208,2025-04-25,34.61000061035156,38.04999923706055,daily,20,False,0.5,1.0,34.6089,0.0,0.0,True,False,0.0,0.243,33.4291,0.0341,0.0353,True
819,sz002915,2025-04-25,15.979999542236328,16.799999237060547,hourly,10,False,0.5,1.02,15.5006,0.03,0.0309,True,False,0.1843,0.03,12.2835,0.2313,0.3009,True
820,sz002194,2025-04-25,11.93000030517578,14.399999618530272,hourly,15,True,1.0,1.0,11.9311,0.0001,-0.0001,False,False,0.0147,0.0001,11.1056,0.0691,0.0742,True
821,bj920508,2025-04-25,31.5,32.630001068115234,daily,25,True,0.5,1.0,31.6534,0.0049,-0.0048,False,False,0.0049,0.1592,30.3845,0.0354,0.0367,True
822,sz002251,2025-04-25,5.329999923706055,7.510000228881836,hourly,30,False,0.5,1.0,5.3394,0.0018,-0.0018,False,False,0.0204,0.0018,4.0121,0.2473,0.3285,True
823,bj920768,2025-04-25,10.40999984741211,11.520000457763672,daily,10,False,0.5,1.02,9.6777,0.0703,0.0757,True,False,0.0703,0.2883,8.4082,0.1923,0.2381,True
824,sh688313,2025-04-25,25.360000610351562,25.459999084472656,hourly,10,False,0.5,1.02,21.5226,0.1513,0.1783,True,False,0.2682,0.1513,15.9071,0.3727,0.5943,True
825,bj920163,2025-04-28,15.11999988555908,15.399999618530272,hourly,30,True,1.0,0.98,15.0537,0.0044,0.0044,True,False,0.0082,0.0044,13.2595,0.1231,0.1403,True
826,sz002200,2025-04-28,7.429999828338623,7.429999828338623,hourly,10,False,0.5,1.02,6.6959,0.0988,0.1096,True,False,0.1666,0.0988,5.3873,0.2749,0.3792,True
827,bj920425,2025-04-28,26.459999084472653,26.61000061035156,daily,10,False,0.5,1.02,24.5808,0.071,0.0764,True,False,0.071,0.312,22.6932,0.1424,0.166,True
828,bj920299,2025-04-28,18.700000762939453,20.600000381469727,hourly,15,False,0.5,0.98,18.6966,0.0002,0.0002,True,False,0.0576,0.0002,14.3187,0.2343,0.306,True
829,bj920146,2025-04-28,8.300000190734865,8.5600004196167,hourly,15,True,0.5,1.02,8.2625,0.0045,0.0045,True,False,0.0204,0.0045,7.642,0.0793,0.0861,True
830,sz300553,2025-04-28,46.819999694824226,50.63999938964844,daily,10,False,0.5,1.02,43.1235,0.079,0.0857,True,False,0.079,0.2282,36.7433,0.2152,0.2742,True
831,sh688313,2025-04-28,25.610000610351566,26.0,hourly,10,False,0.5,1.02,23.6228,0.0776,0.0841,True,False,0.2286,0.0776,15.9903,0.3756,0.6016,True
832,bj920926,2025-04-28,18.049999237060543,23.86000061035156,daily,10,True,1.5,0.95,19.1387,0.0603,-0.0569,False,False,0.0603,0.1299,21.7764,0.2065,-0.1711,False
833,bj920508,2025-04-28,31.5,33.97999954223633,daily,25,True,0.5,1.0,31.545,0.0014,-0.0014,False,False,0.0014,0.1656,30.279,0.0388,0.0403,True
834,bj920469,2025-04-28,13.810000419616701,14.100000381469728,hourly,30,False,0.5,1.02,13.8125,0.0002,-0.0002,False,False,0.0504,0.0002,12.3084,0.1087,0.122,True
835,sz003032,2025-04-28,4.920000076293946,4.940000057220459,hourly,15,False,1.5,0.95,4.9242,0.0008,-0.0008,False,False,0.0398,0.0008,7.2892,0.4815,-0.325,False
836,bj920261,2025-04-28,13.720000267028809,14.149999618530272,hourly,10,True,0.5,1.02,13.397,0.0235,0.0241,True,False,0.0815,0.0235,10.7616,0.2156,0.2749,True
837,sz301212,2025-04-28,25.35000038146973,26.75,hourly,10,False,0.5,1.02,23.3905,0.0773,0.0838,True,False,0.1427,0.0773,20.5758,0.1883,0.232,True
838,sz002640,2025-04-28,3.700000047683716,3.950000047683716,hourly,25,False,0.5,0.95,3.6984,0.0004,0.0004,True,False,0.0019,0.0004,3.5019,0.0535,0.0566,True
839,sz301076,2025-04-28,34.970001220703125,34.970001220703125,daily,30,True,0.5,1.02,27.2189,0.2217,0.2848,True,False,0.2217,0.504,25.2782,0.2771,0.3834,True
840,bj920247,2025-04-28,23.209999084472663,23.399999618530277,daily,30,True,0.5,1.02,22.6499,0.0241,0.0247,True,False,0.0241,0.3517,21.1054,0.0907,0.0997,True
841,bj920190,2025-04-28,28.389999389648438,29.0,hourly,15,False,0.5,1.02,28.4037,0.0005,-0.0005,False,False,0.0006,0.0005,29.9959,0.0566,-0.0535,False
842,bj920768,2025-04-28,10.409999847412111,10.510000228881836,daily,10,False,0.5,1.02,9.781,0.0604,0.0643,True,False,0.0604,0.2273,8.4348,0.1897,0.2342,True
843,bj920706,2025-04-29,18.59000015258789,18.59000015258789,hourly,25,True,0.5,1.02,18.5434,0.0025,0.0025,True,False,0.0566,0.0025,15.9084,0.1442,0.1686,True
844,sz300472,2025-04-29,2.569999933242798,2.9800000190734863,daily,10,False,1.5,0.95,3.4583,0.3456,-0.2569,False,False,0.3456,0.4204,5.6371,1.1934,-0.5441,False
845,sz301076,2025-04-29,34.9000015258789,42.09999847412109,daily,30,True,0.5,1.02,27.1348,0.2225,0.2862,True,False,0.2225,0.4635,25.1768,0.2786,0.3862,True
846,bj920425,2025-04-29,29.000000000000004,30.549999237060547,daily,10,False,0.5,1.02,24.722,0.1475,0.173,True,False,0.1475,0.3557,22.7188,0.2166,0.2765,True
847,bj920249,2025-04-29,14.210000038146973,14.210000038146973,hourly,15,True,1.0,1.02,14.2097,0.0,0.0,True,False,0.0432,0.0,12.4864,0.1213,0.138,True
848,sh688313,2025-04-29,25.709999084472656,26.600000381469727,hourly,10,False,0.5,1.02,24.9179,0.0308,0.0318,True,False,0.1922,0.0308,16.109,0.3734,0.596,True
849,bj920190,2025-04-29,30.969999313354492,31.420000076293945,daily,25,True,0.5,1.0,31.0449,0.0024,-0.0024,False,False,0.0024,0.0727,29.8258,0.0369,0.0384,True
850,sh601956,2025-04-29,6.21999979019165,6.730000019073486,hourly,25,False,0.5,0.98,6.2162,0.0006,0.0006,True,False,0.0253,0.0006,4.9936,0.1972,0.2456,True
851,bj920346,2025-04-29,26.97999954223633,27.26000022888184,hourly,20,True,0.5,1.02,26.9773,0.0001,0.0001,True,False,0.0497,0.0001,23.9314,0.113,0.1274,True
852,bj920221,2025-04-29,19.149999618530277,19.290000915527344,daily,10,False,0.5,1.02,18.2731,0.0458,0.048,True,False,0.0458,0.1752,16.7315,0.1263,0.1445,True
853,bj920720,2025-04-29,19.829999923706055,20.040000915527344,daily,10,False,0.5,1.02,18.7159,0.0562,0.0595,True,False,0.0562,0.2813,17.5195,0.1165,0.1319,True
854,bj920491,2025-04-29,29.3799991607666,29.3799991607666,hourly,15,True,0.5,1.02,29.0113,0.0125,0.0127,True,False,0.0138,0.0125,27.3594,0.0688,0.0739,True
855,bj920469,2025-04-29,13.8100004196167,16.0,hourly,10,True,1.0,1.02,13.8374,0.002,-0.002,False,False,0.0518,0.002,12.27,0.1115,0.1255,True
856,bj920146,2025-04-29,8.779999732971191,9.199999809265137,hourly,10,False,0.5,1.02,8.351,0.0489,0.0514,True,False,0.0749,0.0489,7.6343,0.1305,0.1501,True
857,bj920261,2025-04-29,13.720000267028809,14.5,hourly,10,False,0.5,1.02,13.4118,0.0225,0.023,True,False,0.0636,0.0225,10.807,0.2123,0.2695,True
858,bj920123,2025-04-29,20.09000015258789,22.799999237060547,daily,10,False,0.5,1.02,19.7647,0.0162,0.0165,True,False,0.0162,0.1903,16.665,0.1705,0.2055,True
859,bj920768,2025-04-29,10.729999542236328,11.390000343322754,daily,10,False,0.5,1.02,9.8423,0.0827,0.0902,True,False,0.0827,0.2749,8.4633,0.2113,0.2678,True
860,sz300879,2025-04-29,23.500000000000004,24.26000022888184,hourly,10,False,0.5,1.02,19.9316,0.1518,0.179,True,False,0.259,0.1518,15.7816,0.3284,0.4891,True
861,sz300366,2025-04-29,5.980000019073486,6.03000020980835,hourly,30,True,1.0,1.0,5.9827,0.0005,-0.0005,False,False,0.0007,0.0005,7.6101,0.2726,-0.2142,False
862,bj920856,2025-04-30,23.68000030517578,26.799999237060547,daily,10,False,0.5,1.02,22.5743,0.0467,0.049,True,False,0.0467,0.0869,18.39,0.2234,0.2877,True
863,bj920533,2025-04-30,36.20000076293946,54.77999877929688,hourly,30,False,1.5,0.98,36.1752,0.0007,0.0007,True,False,0.0649,0.0007,43.6263,0.2051,-0.1702,False
864,sz300561,2025-04-30,11.600000381469728,11.979999542236328,hourly,10,True,0.5,0.98,11.6085,0.0007,-0.0007,False,False,0.0338,0.0007,29.3693,1.5318,-0.605,False
865,sz002915,2025-04-30,18.200000762939453,21.989999771118164,hourly,10,False,1.5,1.02,18.2085,0.0005,-0.0005,False,False,0.164,0.0005,12.3458,0.3217,0.4742,True
866,bj920876,2025-04-30,28.280000686645508,29.34000015258789,hourly,20,True,0.5,1.02,25.8986,0.0842,0.092,True,False,0.0956,0.0842,23.8131,0.158,0.1876,True
867,bj920026,2025-04-30,26.600000381469727,27.21999931335449,daily,25,True,0.5,1.02,25.6574,0.0354,0.0367,True,False,0.0354,0.3062,24.0462,0.096,0.1062,True
868,bj920425,2025-04-30,30.8799991607666,32.529998779296875,daily,10,False,0.5,1.02,25.0535,0.1887,0.2326,True,False,0.1887,0.3682,22.7425,0.2635,0.3578,True
869,bj920810,2025-04-30,20.200000762939453,20.200000762939453,daily,20,True,0.5,1.02,15.7576,0.2199,0.2819,True,False,0.2199,0.4321,14.3406,0.2901,0.4086,True
870,bj920981,2025-04-30,35.06999969482422,36.75,hourly,25,True,0.5,0.98,35.0608,0.0003,0.0003,True,False,0.0071,0.0003,31.7878,0.0936,0.1033,True
871,bj920346,2025-04-30,27.34000015258789,27.979999542236328,hourly,20,True,0.5,1.02,26.8569,0.0177,0.018,True,False,0.0541,0.0177,23.9342,0.1246,0.1423,True
872,bj920706,2025-04-30,19.350000381469727,19.989999771118164,hourly,30,True,0.5,1.02,18.4158,0.0483,0.0507,True,False,0.0879,0.0483,15.9404,0.1762,0.2139,True
873,bj920454,2025-04-30,15.279999732971191,15.399999618530272,daily,30,True,0.5,1.02,14.4544,0.054,0.0571,True,False,0.054,0.0664,13.5344,0.1142,0.129,True
874,bj920491,2025-04-30,29.520000457763675,31.0,daily,25,True,0.5,1.02,28.9288,0.02,0.0204,True,False,0.02,0.0274,27.3261,0.0743,0.0803,True
875,bj920190,2025-04-30,31.81999969482422,32.95000076293945,daily,30,True,0.5,1.02,31.8727,0.0017,-0.0017,False,False,0.0017,0.0873,29.6756,0.0674,0.0723,True
876,sz301119,2025-04-30,41.150001525878906,41.34000015258789,hourly,10,False,0.5,1.02,36.5969,0.1106,0.1244,True,False,0.1908,0.1106,28.4836,0.3078,0.4447,True
877,bj920249,2025-04-30,14.420000076293947,15.350000381469728,hourly,25,True,0.5,1.02,14.3696,0.0035,0.0035,True,False,0.052,0.0035,12.5032,0.1329,0.1533,True
878,bj920976,2025-04-30,25.649999618530273,27.8700008392334,hourly,10,False,0.5,1.02,24.5432,0.0431,0.0451,True,False,0.052,0.0431,22.8116,0.1107,0.1244,True
879,bj920179,2025-04-30,32.15999984741211,34.7599983215332,hourly,20,False,0.5,0.95,32.1669,0.0002,-0.0002,False,False,0.0004,0.0002,29.7183,0.0759,0.0822,True
880,sz300472,2025-05-06,2.7300000190734863,3.0899999141693115,daily,10,False,1.5,0.95,3.0688,0.1241,-0.1104,False,False,0.1241,0.1514,5.536,1.0278,-0.5069,False
881,bj920810,2025-05-06,20.450000762939453,21.93000030517578,daily,20,True,0.5,1.02,15.7314,0.2307,0.2999,True,False,0.2307,0.3752,14.3292,0.2993,0.4272,True
882,bj920856,2025-05-06,23.680000305175785,28.799999237060547,daily,10,False,0.5,1.02,22.9162,0.0323,0.0333,True,False,0.0323,0.0653,18.527,0.2176,0.2781,True
883,bj920425,2025-05-06,31.04999923706055,33.18000030517578,daily,10,False,0.5,1.02,25.9822,0.1632,0.195,True,False,0.1632,0.319,22.7954,0.2658,0.3621,True
884,sz300561,2025-05-06,11.600000381469728,12.970000267028809,daily,10,False,1.5,0.95,11.6057,0.0005,-0.0005,False,False,0.0005,0.0007,28.5779,1.4636,-0.5941,False
885,sz002915,2025-05-06,18.200000762939453,21.280000686645508,hourly,20,False,0.5,0.98,18.1795,0.0011,0.0011,True,False,0.1193,0.0011,12.4273,0.3172,0.4645,True
886,bj920026,2025-05-06,27.88999938964844,30.899999618530277,daily,25,True,0.5,1.02,25.6245,0.0812,0.0884,True,False,0.0812,0.342,24.0152,0.1389,0.1613,True
887,bj920976,2025-05-06,25.649999618530273,28.979999542236328,hourly,10,False,0.5,1.02,25.7589,0.0042,-0.0042,False,False,0.0331,0.0042,22.8267,0.1101,0.1237,True
888,sz301119,2025-05-06,41.00000000000001,42.95000076293945,hourly,10,False,0.5,1.02,38.3389,0.0649,0.0694,True,False,0.1536,0.0649,28.6255,0.3018,0.4323,True
889,sh603007,2025-05-06,4.639999866485597,4.829999923706055,daily,10,True,0.5,1.02,4.6361,0.0008,0.0008,True,False,0.0008,0.0008,5.8377,0.2581,-0.2052,False
891,bj920199,2025-05-06,26.000000000000004,32.130001068115234,hourly,10,False,0.5,1.02,25.7753,0.0086,0.0087,True,False,0.0506,0.0086,23.1141,0.111,0.1249,True
892,bj920663,2025-05-06,26.000000000000007,31.01000022888184,daily,10,False,0.5,1.02,25.5555,0.0171,0.0174,True,False,0.0171,0.2183,21.7674,0.1628,0.1944,True
893,bj920305,2025-05-06,11.550000190734865,12.890000343322754,hourly,10,False,1.5,0.95,14.9797,0.2969,-0.229,False,False,0.5294,0.2969,26.9682,1.3349,-0.5717,False
894,sz002306,2025-05-06,1.669999957084656,1.7200000286102295,hourly,25,False,0.5,1.0,1.6696,0.0002,0.0002,True,False,0.0005,0.0002,2.2149,0.3263,-0.246,False
895,bj920961,2025-05-06,20.51000022888184,21.899999618530277,hourly,10,False,0.5,1.02,19.933,0.0281,0.0289,True,False,0.0689,0.0281,16.8021,0.1808,0.2207,True
896,bj920163,2025-05-06,15.920000076293945,16.809999465942383,hourly,25,True,0.5,0.98,15.9178,0.0001,0.0001,True,False,0.0322,0.0001,13.3278,0.1628,0.1945,True
897,bj920876,2025-05-07,30.78000068664551,40.25,hourly,10,False,0.5,0.98,30.8071,0.0009,-0.0009,False,False,0.1308,0.0009,23.7759,0.2276,0.2946,True
898,sz300472,2025-05-07,2.7300000190734863,2.9600000381469727,hourly,10,False,1.5,0.95,2.6974,0.0119,0.0121,True,False,0.0899,0.0119,5.4335,0.9903,-0.4976,False
899,bj920810,2025-05-07,20.5,20.59000015258789,daily,10,False,0.5,1.02,16.1474,0.2123,0.2696,True,False,0.2123,0.295,14.3431,0.3003,0.4293,True
900,sz002076,2025-05-07,1.590000033378601,1.590000033378601,hourly,10,False,1.5,0.98,1.6089,0.0119,-0.0117,False,False,0.1399,0.0119,2.9257,0.8401,-0.4565,False
901,bj920642,2025-05-07,17.500000000000004,18.5,hourly,10,False,0.5,1.02,15.1943,0.1318,0.1517,True,False,0.1847,0.1318,12.0748,0.31,0.4493,True
902,sz002200,2025-05-07,7.7199997901916495,8.949999809265137,hourly,10,True,0.5,1.0,7.6652,0.0071,0.0071,True,True,0.0527,0.0071,5.5672,0.2789,0.3867,True
903,bj920305,2025-05-07,11.550000190734863,13.630000114440918,hourly,10,False,1.5,0.95,12.1973,0.056,-0.0531,False,False,0.412,0.056,26.6212,1.3049,-0.5661,False
904,sz002915,2025-05-07,18.20000076293945,21.21999931335449,hourly,20,False,0.5,0.95,18.2141,0.0008,-0.0008,False,False,0.0783,0.0008,12.5324,0.3114,0.4522,True
905,sh688280,2025-05-07,7.139999866485596,9.65999984741211,hourly,15,False,0.5,1.02,7.1683,0.004,-0.0039,False,False,0.1605,0.004,4.729,0.3377,0.5098,True
906,bj920247,2025-05-07,20.100000381469727,26.520000457763672,daily,30,True,1.0,0.95,20.1008,0.0,-0.0,False,False,0.0,0.2069,20.9378,0.0417,-0.04,False
907,bj920026,2025-05-07,27.88999938964844,29.709999084472656,daily,25,True,0.5,1.02,25.6157,0.0815,0.0888,True,False,0.0815,0.3131,24.008,0.1392,0.1617,True
908,sz300652,2025-05-07,60.360000610351555,79.55000305175781,daily,10,False,0.5,1.02,59.1792,0.0196,0.02,True,False,0.0196,0.0845,40.866,0.323,0.477,True
909,sz002868,2025-05-07,18.430000305175785,20.399999618530277,hourly,10,False,0.5,1.02,18.2369,0.0105,0.0106,True,False,0.12,0.0105,14.4412,0.2164,0.2762,True
910,sz301119,2025-05-07,41.0,45.72999954223633,hourly,10,False,0.5,1.02,40.0046,0.0243,0.0249,True,False,0.1266,0.0243,28.8004,0.2976,0.4236,True
911,sz300879,2025-05-07,36.3400001525879,38.9900016784668,hourly,10,False,0.5,1.02,28.949,0.2034,0.2553,True,False,0.3921,0.2034,15.9943,0.5599,1.2721,True
912,sz300047,2025-05-07,14.369999885559084,17.420000076293945,hourly,10,False,1.0,0.98,14.4095,0.0028,-0.0027,False,False,0.0824,0.0028,12.145,0.1548,0.1832,True
913,sh600592,2025-05-07,22.78000068664551,27.18000030517578,hourly,10,False,1.5,1.02,22.6843,0.0042,0.0042,True,False,0.1276,0.0042,15.5242,0.3185,0.4674,True
914,bj920199,2025-05-07,26.0,31.0,hourly,20,False,0.5,0.95,25.998,0.0001,0.0001,True,False,0.0493,0.0001,23.0773,0.1124,0.1266,True
915,bj920641,2025-05-07,16.020000457763672,17.309999465942383,hourly,10,False,0.5,1.02,14.6142,0.0878,0.0962,True,False,0.1109,0.0878,13.3596,0.1661,0.1991,True
916,sz300561,2025-05-08,11.600000381469727,13.0,daily,10,False,1.0,0.95,11.6028,0.0002,-0.0002,False,False,0.0002,0.0004,27.0379,1.3308,-0.571,False
917,sz300472,2025-05-08,2.7300000190734868,3.0999999046325684,hourly,10,False,1.5,0.95,2.7124,0.0065,0.0065,True,False,0.0635,0.0065,5.3306,0.9526,-0.4879,False
918,bj920810,2025-05-08,20.600000381469727,23.950000762939453,daily,10,False,0.5,1.02,16.4106,0.2034,0.2553,True,False,0.2034,0.2845,14.3529,0.3033,0.4352,True
919,bj920876,2025-05-08,30.780000686645508,40.0,hourly,30,False,0.5,1.0,30.7952,0.0005,-0.0005,False,False,0.07,0.0005,23.8477,0.2252,0.2907,True
920,bj920642,2025-05-08,17.5,21.81999969482422,hourly,10,False,0.5,1.02,17.3632,0.0078,0.0079,True,False,0.176,0.0078,12.1155,0.3077,0.4444,True
921,sh603007,2025-05-08,4.670000076293946,5.21999979019165,hourly,15,False,1.0,1.02,4.6673,0.0006,0.0006,True,False,0.0007,0.0006,5.6767,0.2156,-0.1773,False
922,bj920641,2025-05-08,16.020000457763675,17.5,hourly,10,False,0.5,1.02,15.2311,0.0492,0.0518,True,False,0.0991,0.0492,13.3607,0.166,0.199,True
923,bj920305,2025-05-08,11.550000190734863,13.710000038146973,hourly,10,False,1.5,0.95,11.9634,0.0358,-0.0346,False,False,0.3344,0.0358,26.2419,1.272,-0.5599,False
924,sh688159,2025-05-08,53.5,55.68000030517578,hourly,10,False,0.5,1.02,48.7614,0.0886,0.0972,True,False,0.2151,0.0886,34.571,0.3538,0.5475,True
925,bj920961,2025-05-08,20.649999618530273,22.280000686645508,hourly,15,False,0.5,1.02,20.6545,0.0002,-0.0002,False,False,0.0572,0.0002,16.9132,0.181,0.2209,True
926,bj920247,2025-05-08,19.500000000000007,29.899999618530277,daily,20,False,1.5,0.98,19.5012,0.0001,-0.0001,False,False,0.0001,0.1534,20.9381,0.0737,-0.0687,False
927,bj920834,2025-05-08,11.659999847412111,12.81999969482422,hourly,10,False,0.5,1.02,11.2951,0.0313,0.0323,True,False,0.0725,0.0313,9.4348,0.1908,0.2359,True
928,bj920510,2025-05-08,22.149999618530273,25.100000381469727,hourly,25,False,0.5,1.0,22.1546,0.0002,-0.0002,False,False,0.0497,0.0002,19.2897,0.1291,0.1483,True
929,sz000691,2025-05-08,4.000000000000001,4.059999942779541,hourly,10,False,0.5,1.02,3.6363,0.0909,0.1,True,False,0.2125,0.0909,2.6764,0.3309,0.4945,True
930,sz301119,2025-05-08,40.22999954223633,48.0,hourly,10,False,1.0,1.0,40.1924,0.0009,0.0009,True,False,0.0796,0.0009,29.0118,0.2789,0.3867,True
931,bj920199,2025-05-08,26.0,31.09000015258789,hourly,15,True,1.5,1.02,26.0159,0.0006,-0.0006,False,False,0.0156,0.0006,23.075,0.1125,0.1268,True
932,sh600592,2025-05-08,22.200000762939453,27.90999984741211,hourly,30,False,0.5,1.0,22.1929,0.0003,0.0003,True,False,0.0584,0.0003,15.6832,0.2935,0.4155,True
933,sz300879,2025-05-08,36.34000015258789,37.400001525878906,hourly,10,False,0.5,1.02,34.2806,0.0567,0.0601,True,False,0.3189,0.0567,16.2199,0.5537,1.2405,True
934,bj920876,2025-05-09,30.78000068664551,37.119998931884766,hourly,15,True,0.5,0.95,30.7639,0.0005,0.0005,True,False,0.0229,0.0005,23.9606,0.2216,0.2846,True
935,bj920810,2025-05-09,20.600000381469723,24.32999992370605,daily,10,False,0.5,1.02,17.4002,0.1553,0.1839,True,False,0.1553,0.2368,14.3943,0.3012,0.4311,True
936,bj920961,2025-05-09,20.649999618530273,23.0,hourly,25,False,0.5,1.02,20.6606,0.0005,-0.0005,False,False,0.0618,0.0005,16.9558,0.1789,0.2179,True
937,sz002259,2025-05-09,3.460000038146973,3.9800000190734863,hourly,10,False,1.5,1.0,3.4601,0.0,-0.0,False,False,0.0949,0.0,2.3997,0.3064,0.4419,True
938,sz300472,2025-05-09,2.7300000190734868,3.0999999046325684,hourly,10,False,1.5,0.95,2.7518,0.008,-0.0079,False,False,0.0432,0.008,5.2281,0.915,-0.4778,False
939,bj920642,2025-05-09,17.5,19.200000762939453,hourly,15,False,0.5,1.0,17.4543,0.0026,0.0026,True,False,0.1316,0.0026,12.1755,0.3043,0.4373,True
940,bj920247,2025-05-09,19.5,25.899999618530277,daily,15,True,1.0,0.95,19.5178,0.0009,-0.0009,False,False,0.0009,0.1362,20.9488,0.0743,-0.0692,False
941,bj920284,2025-05-09,25.420000076293945,27.739999771118164,hourly,10,False,0.5,1.02,23.6195,0.0708,0.0762,True,False,0.1482,0.0708,19.1174,0.2479,0.3297,True
942,sh603610,2025-05-09,11.68000030517578,14.899999618530272,hourly,25,False,1.5,1.02,11.6795,0.0,0.0,True,False,0.0453,0.0,10.3335,0.1153,0.1303,True
943,sz002977,2025-05-09,37.02000045776368,40.27000045776367,hourly,10,False,0.5,1.02,34.7133,0.0623,0.0665,True,False,0.1749,0.0623,25.4963,0.3113,0.452,True
944,sh603657,2025-05-09,20.8799991607666,24.700000762939453,hourly,10,False,1.5,1.0,20.8621,0.0009,0.0009,True,False,0.1482,0.0009,14.7156,0.2952,0.4189,True
946,bj920199,2025-05-09,26.000000000000004,29.18000030517578,hourly,25,True,1.0,1.0,26.0031,0.0001,-0.0001,False,False,0.0042,0.0001,23.0945,0.1118,0.1258,True
947,bj920169,2025-05-09,25.030000686645504,25.11000061035156,hourly,10,False,0.5,1.02,19.9579,0.2026,0.2541,True,False,0.3644,0.2026,14.0039,0.4405,0.7874,True
948,sz300581,2025-05-09,13.109999656677246,15.029999732971191,hourly,10,False,0.5,1.02,11.8053,0.0995,0.1105,True,False,0.2257,0.0995,9.3529,0.2866,0.4017,True
949,bj920223,2025-05-09,10.800000190734863,11.90999984741211,hourly,15,False,1.0,1.0,10.8029,0.0003,-0.0003,False,False,0.005,0.0003,10.0568,0.0688,0.0739,True
950,sz002200,2025-05-09,7.670000076293946,8.699999809265137,hourly,30,False,0.5,0.95,7.6479,0.0029,0.0029,True,False,0.0058,0.0029,5.7054,0.2561,0.3443,True
951,sh600592,2025-05-09,22.200000762939453,27.979999542236328,hourly,20,True,1.0,1.02,22.1715,0.0013,0.0013,True,False,0.0177,0.0013,15.8674,0.2853,0.3991,True
952,sz000691,2025-05-09,4.0,4.25,hourly,10,False,0.5,1.02,3.8333,0.0417,0.0435,True,False,0.1709,0.0417,2.6907,0.3273,0.4866,True
953,sh603398,2025-05-12,4.630000114440919,5.769999980926514,hourly,10,False,1.5,0.95,5.9686,0.2891,-0.2243,False,False,0.4528,0.2891,11.7256,1.5325,-0.6051,False
954,bj920425,2025-05-12,31.389999389648438,39.0099983215332,daily,10,False,0.5,1.02,28.1363,0.1037,0.1156,True,False,0.1037,0.2831,23.2446,0.2595,0.3504,True
955,bj920876,2025-05-12,30.78000068664551,39.20000076293945,daily,10,False,0.5,1.02,30.8226,0.0014,-0.0014,False,False,0.0014,0.0052,24.0968,0.2171,0.2774,True
956,bj920810,2025-05-12,20.600000381469727,25.049999237060547,daily,10,False,0.5,1.02,18.3666,0.1084,0.1216,True,False,0.1084,0.2081,14.4655,0.2978,0.4241,True
957,sh603389,2025-05-12,7.820000171661378,7.920000076293945,hourly,10,False,0.5,1.02,7.3914,0.0548,0.058,True,False,0.1548,0.0548,5.3013,0.3221,0.4751,True
958,bj920284,2025-05-12,25.420000076293945,27.5,hourly,10,False,0.5,1.02,23.8388,0.0622,0.0663,True,False,0.1208,0.0622,19.1909,0.245,0.3246,True
959,sz000691,2025-05-12,4.0,4.460000038146973,hourly,10,False,1.5,1.02,4.0036,0.0009,-0.0009,False,False,0.1378,0.0009,2.7099,0.3225,0.4761,True
960,bj920961,2025-05-12,20.649999618530273,23.989999771118164,hourly,15,False,1.0,1.0,20.6325,0.0008,0.0008,True,False,0.046,0.0008,17.003,0.1766,0.2145,True
961,bj920510,2025-05-12,22.149999618530273,26.34000015258789,hourly,15,True,1.0,0.98,22.145,0.0002,0.0002,True,False,0.0108,0.0002,19.3467,0.1266,0.1449,True
962,bj920008,2025-05-12,37.630001068115234,46.0,daily,30,False,0.5,1.02,37.6267,0.0001,0.0001,True,False,0.0001,0.0001,35.5444,0.0554,0.0587,True
963,bj920363,2025-05-12,17.760000228881836,26.100000381469727,daily,10,True,0.5,1.02,17.7608,0.0,-0.0,False,False,0.0,0.2507,16.9158,0.0475,0.0499,True
964,bj920026,2025-05-12,27.88999938964844,34.09000015258789,daily,10,False,0.5,1.02,27.2592,0.0226,0.0231,True,False,0.0226,0.2392,24.1024,0.1358,0.1571,True
965,sz002693,2025-05-12,6.559999942779541,7.119999885559082,hourly,10,False,1.5,0.95,6.5872,0.0042,-0.0041,False,False,0.0444,0.0042,9.4932,0.4471,-0.309,False
966,sz002076,2025-05-12,1.7899999618530276,1.919999957084656,hourly,20,True,0.5,1.02,1.7876,0.0014,0.0014,True,False,0.0083,0.0014,2.788,0.5576,-0.358,False
967,sz300581,2025-05-12,13.069999694824219,18.06999969482422,hourly,10,False,0.5,1.0,13.1015,0.0024,-0.0024,False,False,0.1904,0.0024,9.3501,0.2846,0.3978,True
968,sz302132,2025-05-12,76.04000091552736,95.66999816894533,hourly,10,False,0.5,1.02,76.7657,0.0095,-0.0095,False,False,0.1634,0.0095,57.5156,0.2436,0.3221,True
969,bj920221,2025-05-12,17.049999237060547,22.200000762939453,hourly,15,False,0.5,1.02,17.0514,0.0001,-0.0001,False,False,0.0007,0.0001,17.0377,0.0007,0.0007,True
970,bj920146,2025-05-12,9.300000190734863,10.65999984741211,hourly,15,True,1.0,1.0,9.297,0.0003,0.0003,True,False,0.0365,0.0003,7.6789,0.1743,0.2111,True
971,bj920262,2025-05-13,25.299999237060543,27.96999931335449,daily,25,False,0.5,0.98,25.3213,0.0008,-0.0008,False,False,0.0008,0.1214,23.7834,0.0599,0.0638,True
972,bj920425,2025-05-13,31.389999389648438,37.41999816894531,daily,10,False,0.5,1.02,29.5875,0.0574,0.0609,True,False,0.0574,0.2412,23.3992,0.2546,0.3415,True
973,bj920169,2025-05-13,28.5,38.31999969482422,hourly,10,False,1.0,0.98,28.4836,0.0006,0.0006,True,False,0.3107,0.0006,14.0997,0.5053,1.0213,True
974,sh603398,2025-05-13,4.460000038146973,5.400000095367432,hourly,10,False,1.5,0.95,5.6436,0.2654,-0.2097,False,False,0.4313,0.2654,11.5001,1.5785,-0.6122,False
975,bj920810,2025-05-13,20.600000381469727,22.700000762939453,daily,10,False,0.5,1.02,18.996,0.0779,0.0844,True,False,0.0779,0.1621,14.5589,0.2933,0.4149,True
976,bj920284,2025-05-13,25.420000076293945,27.979999542236328,hourly,10,False,0.5,0.98,25.3587,0.0024,0.0024,True,False,0.094,0.0024,19.2836,0.2414,0.3182,True
977,bj920363,2025-05-13,17.760000228881836,24.729999542236328,daily,15,False,0.5,0.98,17.8246,0.0036,-0.0036,False,False,0.0036,0.1516,16.914,0.0476,0.05,True
978,bj920770,2025-05-13,17.239999771118168,19.1200008392334,hourly,10,False,1.0,1.02,17.2638,0.0014,-0.0014,False,False,0.0042,0.0014,16.0404,0.0696,0.0748,True
979,bj920876,2025-05-13,30.780000686645504,36.470001220703125,hourly,20,True,1.5,0.95,30.7429,0.0012,0.0012,True,False,0.0055,0.0012,24.2718,0.2114,0.2681,True
980,bj920454,2025-05-13,16.0,18.100000381469727,hourly,20,False,1.0,0.98,16.0,0.0,-0.0,False,False,0.028,0.0,13.591,0.1506,0.1772,True
981,sz002816,2025-05-13,15.0600004196167,16.0,hourly,10,False,0.5,1.02,14.8709,0.0126,0.0127,True,False,0.1174,0.0126,11.3411,0.2469,0.3279,True
982,bj920339,2025-05-13,10.800000190734863,13.09000015258789,hourly,30,True,0.5,1.0,10.7983,0.0002,0.0002,True,False,0.0015,0.0002,9.8127,0.0914,0.1006,True
983,bj920571,2025-05-13,9.0600004196167,9.5,hourly,10,False,0.5,1.02,6.9652,0.2312,0.3007,True,False,0.2395,0.2312,6.3277,0.3016,0.4318,True
985,bj920261,2025-05-13,14.869999885559084,15.489999771118164,hourly,10,False,0.5,1.02,14.3648,0.034,0.0352,True,False,0.0532,0.034,11.2918,0.2406,0.3169,True
986,bj920167,2025-05-13,18.959999084472653,21.86000061035156,hourly,20,True,1.5,0.98,18.9576,0.0001,0.0001,True,False,0.0007,0.0001,19.333,0.0197,-0.0193,False
987,sz300581,2025-05-13,13.06999969482422,16.510000228881836,hourly,25,False,0.5,1.0,13.1025,0.0025,-0.0025,False,False,0.124,0.0025,9.3741,0.2828,0.3943,True
988,bj920026,2025-05-13,27.889999389648438,30.030000686645508,daily,10,False,0.5,1.02,27.4614,0.0154,0.0156,True,False,0.0154,0.2095,24.1496,0.1341,0.1549,True
989,bj920262,2025-05-14,25.299999237060543,29.11000061035156,daily,20,False,0.5,0.98,25.3349,0.0014,-0.0014,False,False,0.0014,0.0729,23.7986,0.0593,0.0631,True
990,bj920169,2025-05-14,28.5,38.0,hourly,20,False,1.0,1.0,28.5004,0.0,-0.0,False,False,0.2129,0.0,14.28,0.4989,0.9958,True
991,bj920876,2025-05-14,30.780000686645508,37.880001068115234,daily,15,False,0.5,1.02,30.8632,0.0027,-0.0027,False,False,0.0027,0.0061,24.4717,0.2049,0.2578,True
992,bj920425,2025-05-14,31.38999938964844,35.47999954223633,daily,10,False,0.5,1.02,30.6052,0.025,0.0256,True,False,0.025,0.181,23.5905,0.2485,0.3306,True
993,bj920163,2025-05-14,16.530000686645508,20.280000686645508,hourly,10,False,0.5,1.02,16.314,0.0131,0.0132,True,False,0.0604,0.0131,13.6194,0.1761,0.2137,True
994,sz301396,2025-05-14,57.45000076293945,103.0,daily,30,True,1.5,0.98,57.9821,0.0093,-0.0092,False,False,0.0093,0.1992,65.2203,0.1353,-0.1191,False
995,bj920247,2025-05-14,19.500000000000004,27.649999618530277,daily,15,True,1.5,0.98,19.5133,0.0007,-0.0007,False,False,0.0007,0.1077,21.0669,0.0804,-0.0744,False
996,sh603398,2025-05-14,4.25,5.050000190734863,hourly,10,False,1.5,0.95,5.3299,0.2541,-0.2026,False,False,0.4311,0.2541,11.2698,1.6517,-0.6229,False
997,bj920077,2025-05-14,13.550000190734863,14.5,hourly,10,False,0.5,1.02,12.4734,0.0795,0.0863,True,False,0.1357,0.0795,11.0474,0.1847,0.2265,True
998,bj920171,2025-05-14,27.5,32.29999923706055,hourly,10,False,0.5,1.02,27.4752,0.0009,0.0009,True,False,0.0354,0.0009,24.7222,0.101,0.1124,True
999,bj920706,2025-05-14,17.930000305175785,22.01000022888184,hourly,30,False,1.5,0.95,17.9289,0.0001,0.0001,True,False,0.0046,0.0001,16.367,0.0872,0.0955,True
1000,bj920271,2025-05-14,16.700000762939453,18.020000457763672,hourly,30,False,1.0,1.02,16.679,0.0013,0.0013,True,False,0.0188,0.0013,15.352,0.0807,0.0878,True
1001,bj920363,2025-05-14,17.760000228881836,22.93000030517578,daily,15,False,0.5,0.95,17.7619,0.0001,-0.0001,False,False,0.0001,0.1359,16.9393,0.0462,0.0485,True
1002,bj920026,2025-05-14,27.889999389648434,30.86000061035156,daily,10,False,0.5,1.02,27.6658,0.008,0.0081,True,False,0.008,0.1996,24.2052,0.1321,0.1522,True
1003,bj920770,2025-05-14,17.239999771118164,19.15999984741211,hourly,25,False,1.0,1.0,17.249,0.0005,-0.0005,False,False,0.0017,0.0005,16.0009,0.0719,0.0774,True
1004,sz002076,2025-05-14,1.7999999523162842,1.9800000190734863,hourly,30,True,1.0,0.98,1.8007,0.0004,-0.0004,False,False,0.0007,0.0004,2.6967,0.4982,-0.3325,False
1005,bj920957,2025-05-14,14.720000267028809,17.700000762939453,hourly,10,False,0.5,1.0,14.7468,0.0018,-0.0018,False,False,0.0361,0.0018,12.4196,0.1563,0.1852,True
1006,bj920169,2025-05-15,28.5,35.599998474121094,hourly,25,False,1.0,0.95,28.4509,0.0017,0.0017,True,False,0.1333,0.0017,14.5364,0.4899,0.9606,True
1007,bj920876,2025-05-15,30.7800006866455,39.84999847412109,daily,10,False,0.5,0.95,30.8476,0.0022,-0.0022,False,False,0.0022,0.012,24.6936,0.1977,0.2465,True
1008,bj920519,2025-05-15,13.65999984741211,16.81999969482422,hourly,10,True,0.5,1.02,13.63,0.0022,0.0022,True,False,0.0595,0.0022,11.4329,0.163,0.1948,True
1009,bj920706,2025-05-15,17.930000305175785,22.200000762939453,hourly,20,True,1.5,0.95,17.9327,0.0001,-0.0001,False,False,0.0019,0.0001,16.4418,0.083,0.0905,True
1010,sz002693,2025-05-15,6.9000000953674325,7.21999979019165,hourly,25,False,1.0,1.0,6.9039,0.0006,-0.0006,False,False,0.0013,0.0006,9.1775,0.3301,-0.2482,False
1011,bj920957,2025-05-15,14.720000267028809,16.31999969482422,hourly,10,False,1.5,1.02,14.72,0.0,-0.0,False,False,0.0094,0.0,12.4754,0.1525,0.1799,True
1012,bj920077,2025-05-15,13.550000190734865,15.25,hourly,10,False,0.5,1.02,13.1601,0.0288,0.0296,True,False,0.1222,0.0288,11.044,0.1849,0.2269,True
1013,sz300946,2025-05-15,46.29999923706054,73.0,hourly,10,False,0.5,0.95,46.2551,0.001,0.001,True,False,0.0015,0.001,29.6556,0.3595,0.5613,True
1014,bj920571,2025-05-15,9.59000015258789,13.0,hourly,10,False,0.5,1.0,9.637,0.0049,-0.0049,False,False,0.1701,0.0049,6.3581,0.337,0.5083,True
1015,bj920123,2025-05-15,19.79000091552734,35.11000061035156,daily,10,True,0.5,0.95,19.7824,0.0004,0.0004,True,False,0.0004,0.0363,17.6955,0.1058,0.1184,True
1016,sh603398,2025-05-15,4.25,5.170000076293945,hourly,10,False,1.5,0.95,5.0687,0.1926,-0.1615,False,False,0.3534,0.1926,11.0344,1.5963,-0.6148,False
1017,sh603332,2025-05-15,13.399999618530273,15.15999984741211,hourly,10,False,1.0,1.0,13.398,0.0002,0.0002,True,False,0.1605,0.0002,8.9169,0.3346,0.5028,True
1018,bj920970,2025-05-15,8.079999923706055,8.979999542236328,hourly,10,False,0.5,0.98,8.0799,0.0,0.0,True,False,0.0007,0.0,6.9953,0.1342,0.1551,True
1019,bj920304,2025-05-15,14.40999984741211,16.15999984741211,daily,25,False,0.5,1.02,14.4128,0.0002,-0.0002,False,False,0.0002,0.0008,13.1743,0.0858,0.0938,True
1020,bj920275,2025-05-15,10.65999984741211,11.5,hourly,15,False,0.5,1.02,10.6398,0.0019,0.0019,True,False,0.045,0.0019,8.759,0.1783,0.217,True
1021,sz002651,2025-05-15,10.960000038146973,12.199999809265137,hourly,10,False,0.5,0.98,10.9211,0.0036,0.0036,True,False,0.1851,0.0036,6.4202,0.4142,0.7071,True
1022,bj920169,2025-05-16,28.5,39.0,hourly,20,True,0.5,0.98,28.6494,0.0052,-0.0052,False,False,0.0866,0.0052,14.8334,0.4795,0.9213,True
1023,bj920876,2025-05-16,30.780000686645508,41.0,daily,10,False,1.0,0.98,30.734,0.0015,0.0015,True,False,0.0015,0.0119,24.9471,0.1895,0.2338,True
1024,sz002630,2025-05-16,2.309999942779541,2.319999933242798,hourly,10,False,0.5,0.98,2.3043,0.0025,0.0025,True,False,0.0845,0.0025,3.8314,0.6586,-0.3971,False
1025,bj920247,2025-05-16,19.5,29.40999984741211,daily,20,False,1.5,0.95,19.5388,0.002,-0.002,False,False,0.002,0.0992,21.1929,0.0868,-0.0799,False
1026,bj920010,2025-05-16,12.949999809265138,15.600000381469728,daily,15,True,0.5,1.02,12.9537,0.0003,-0.0003,False,False,0.0003,0.0004,11.6794,0.0981,0.1088,True
1027,bj920271,2025-05-16,16.700000762939453,18.239999771118164,hourly,15,False,0.5,0.98,16.6976,0.0001,0.0001,True,False,0.0046,0.0001,15.3789,0.0791,0.0859,True
1028,sz002717,2025-05-16,1.659999966621399,1.659999966621399,hourly,10,False,1.5,0.95,1.6845,0.0148,-0.0146,False,True,0.1523,0.0148,2.7754,0.6719,-0.4019,False
1029,sh600798,2025-05-16,3.650000095367432,4.599999904632568,hourly,10,True,1.5,1.02,3.6547,0.0013,-0.0013,False,True,0.0236,0.0013,2.8875,0.2089,0.2641,True
1030,bj920123,2025-05-16,19.010000228881836,29.46999931335449,daily,15,True,1.0,1.0,19.0206,0.0006,-0.0006,False,False,0.0006,0.0029,17.8444,0.0613,0.0653,True
1031,bj920429,2025-05-16,23.100000381469734,27.01000022888184,hourly,30,False,1.0,1.0,23.1195,0.0008,-0.0008,False,False,0.0046,0.0008,19.2606,0.1662,0.1993,True
1032,bj920199,2025-05-16,26.000000000000004,29.88999938964844,daily,30,False,0.5,1.02,26.0032,0.0001,-0.0001,False,False,0.0001,0.0021,23.444,0.0983,0.109,True
1033,bj920171,2025-05-16,27.500000000000004,29.75,hourly,10,True,1.0,1.0,27.5189,0.0007,-0.0007,False,False,0.0377,0.0007,24.6494,0.1037,0.1156,True
1034,bj920895,2025-05-16,25.299999237060547,26.6200008392334,hourly,10,False,0.5,1.02,22.2892,0.119,0.1351,True,False,0.2422,0.119,15.7606,0.3771,0.6053,True
1035,sh605198,2025-05-16,45.95000076293945,58.130001068115234,hourly,20,True,0.5,0.95,46.0164,0.0014,-0.0014,False,False,0.0016,0.0014,36.044,0.2156,0.2748,True
1036,bj920571,2025-05-16,9.59000015258789,12.989999771118164,hourly,20,False,1.0,0.98,9.5851,0.0005,0.0005,True,False,0.1001,0.0005,6.4074,0.3319,0.4967,True
1037,bj920300,2025-05-16,18.68000030517578,20.0,hourly,15,False,0.5,1.02,18.6862,0.0003,-0.0003,False,False,0.0562,0.0003,15.3531,0.1781,0.2167,True
1038,sh603040,2025-05-16,36.34000015258789,49.0,hourly,25,True,0.5,0.98,36.3595,0.0005,-0.0005,False,False,0.008,0.0005,27.2776,0.2494,0.3322,True
1039,bj920261,2025-05-16,14.869999885559084,17.520000457763672,hourly,15,False,1.0,1.02,14.8631,0.0005,0.0005,True,False,0.0335,0.0005,11.5535,0.223,0.2871,True
1040,bj920169,2025-05-19,28.500000000000004,35.099998474121094,hourly,20,True,1.0,0.95,28.5344,0.0012,-0.0012,False,False,0.0363,0.0012,15.1814,0.4673,0.8773,True
1041,bj920077,2025-05-19,13.550000190734863,16.110000610351562,hourly,10,False,0.5,0.95,13.5453,0.0003,0.0003,True,False,0.0981,0.0003,11.0513,0.1844,0.2261,True
1042,sz002816,2025-05-19,17.459999084472656,18.540000915527344,hourly,10,False,0.5,1.02,16.7315,0.0417,0.0435,True,False,0.1278,0.0417,11.6507,0.3327,0.4986,True
1043,bj920371,2025-05-19,10.550000190734865,13.010000228881836,daily,15,True,1.0,1.02,10.5447,0.0005,0.0005,True,False,0.0005,0.0043,9.6128,0.0888,0.0975,True
1045,bj920300,2025-05-19,18.299999237060547,21.299999237060547,hourly,15,False,0.5,0.98,18.2966,0.0002,0.0002,True,False,0.0272,0.0002,15.4114,0.1578,0.1874,True
1046,bj920429,2025-05-19,23.10000038146973,29.8799991607666,daily,10,False,0.5,1.0,23.1016,0.0001,-0.0001,False,False,0.0001,0.001,19.3972,0.1603,0.1909,True
1047,sh605136,2025-05-19,10.630000114440918,10.8100004196167,hourly,10,False,0.5,1.02,9.1481,0.1394,0.162,True,False,0.2328,0.1394,7.0109,0.3405,0.5162,True
1048,bj920571,2025-05-19,9.59000015258789,13.0,hourly,15,True,1.0,1.0,9.5996,0.001,-0.001,False,False,0.0375,0.001,6.4752,0.3248,0.481,True
1049,bj920436,2025-05-19,20.409999847412106,23.86000061035156,hourly,25,False,0.5,1.0,20.4073,0.0001,0.0001,True,False,0.0537,0.0001,17.5079,0.1422,0.1658,True
1050,bj920198,2025-05-19,13.15999984741211,14.800000190734863,hourly,10,False,0.5,1.02,12.874,0.0217,0.0222,True,False,0.0497,0.0217,11.7567,0.1066,0.1194,True
1051,sz300044,2025-05-19,3.349999904632569,3.759999990463257,hourly,25,True,1.5,0.95,3.355,0.0015,-0.0015,False,False,0.0026,0.0015,5.0455,0.5061,-0.336,False
1052,bj920305,2025-05-19,8.949999809265135,13.18000030517578,hourly,10,False,1.5,0.95,11.255,0.2575,-0.2048,False,False,0.3119,0.2575,23.0729,1.578,-0.6121,False
1053,sz300472,2025-05-19,2.849999904632569,3.1600000858306885,daily,15,False,1.5,0.98,2.8487,0.0005,0.0005,True,False,0.0005,0.001,4.6318,0.6252,-0.3847,False
1054,sz002693,2025-05-19,7.289999961853027,7.78000020980835,hourly,25,True,1.0,1.02,7.2902,0.0,-0.0,False,False,0.0006,0.0,8.9732,0.2309,-0.1876,False
1055,bj920405,2025-05-20,20.97999954223633,24.530000686645508,hourly,15,True,1.0,1.02,20.9724,0.0004,0.0004,True,False,0.0147,0.0004,17.8259,0.1503,0.1769,True
1056,bj920271,2025-05-20,16.540000915527344,18.739999771118164,hourly,25,False,1.5,0.98,16.5353,0.0003,0.0003,True,False,0.0006,0.0003,15.4327,0.0669,0.0718,True
1057,bj920873,2025-05-20,5.829999923706056,6.800000190734863,hourly,10,False,1.0,0.95,5.8409,0.0019,-0.0019,False,False,0.0032,0.0019,5.101,0.125,0.1429,True
1058,bj920169,2025-05-20,28.500000000000004,31.049999237060547,hourly,25,True,1.5,1.0,28.3708,0.0045,0.0046,True,False,0.0189,0.0045,15.5514,0.4543,0.8326,True
1059,sz002868,2025-05-20,21.889999389648438,24.81999969482422,hourly,10,False,0.5,1.0,21.8091,0.0037,0.0037,True,False,0.0776,0.0037,15.2808,0.3019,0.4325,True
1060,bj920427,2025-05-20,13.010000228881838,16.3799991607666,hourly,30,True,0.5,0.95,13.021,0.0008,-0.0008,False,False,0.0017,0.0008,12.2478,0.0586,0.0622,True
1061,bj920857,2025-05-20,17.989999771118164,20.8799991607666,hourly,30,True,1.5,1.02,17.9883,0.0001,0.0001,True,False,0.0042,0.0001,16.1551,0.102,0.1136,True
1062,bj920199,2025-05-20,26.0,31.5,daily,15,False,0.5,0.98,26.0111,0.0004,-0.0004,False,False,0.0004,0.0015,23.6335,0.091,0.1001,True
1063,bj920284,2025-05-20,26.000000000000004,26.65999984741211,hourly,20,True,0.5,1.02,25.9916,0.0003,0.0003,True,False,0.0588,0.0003,19.928,0.2335,0.3047,True
1064,bj920476,2025-05-20,16.469999313354492,18.709999084472656,hourly,10,False,1.0,1.02,16.4913,0.0013,-0.0013,False,False,0.0499,0.0013,12.9398,0.2143,0.2728,True
1065,bj920436,2025-05-20,20.399999618530273,23.5,hourly,20,False,1.5,0.98,20.4034,0.0002,-0.0002,False,False,0.0253,0.0002,17.5298,0.1407,0.1637,True
1066,sz002717,2025-05-20,1.72000002861023,1.8200000524520876,hourly,10,False,1.5,1.02,1.7235,0.0021,-0.002,False,True,0.0555,0.0021,2.7042,0.5722,-0.364,False
1067,bj920198,2025-05-20,12.84000015258789,15.3100004196167,hourly,20,True,0.5,1.02,12.8674,0.0021,-0.0021,False,False,0.0227,0.0021,11.7473,0.0851,0.093,True
1068,sz300756,2025-05-20,24.10000038146973,25.899999618530277,daily,10,False,0.5,1.02,20.5893,0.1457,0.1705,True,False,0.1457,0.3206,16.6157,0.3106,0.4504,True
1069,bj920128,2025-05-20,33.88000106811524,39.0,hourly,15,False,0.5,1.02,33.7776,0.003,0.003,True,False,,0.003,,,,False
1070,bj920077,2025-05-20,13.47999954223633,15.579999923706056,hourly,15,False,1.5,0.98,13.4746,0.0004,0.0004,True,False,0.0545,0.0004,11.0705,0.1787,0.2177,True
1071,sz002510,2025-05-21,6.199999809265137,8.59000015258789,hourly,25,True,1.0,1.02,6.2082,0.0013,-0.0013,False,False,0.0018,0.0013,5.3957,0.1297,0.1491,True
1072,bj920719,2025-05-21,13.699999809265138,16.100000381469727,hourly,10,False,0.5,1.02,12.7821,0.067,0.0718,True,False,0.1448,0.067,10.5013,0.2335,0.3046,True
1073,sz300561,2025-05-21,10.979999542236332,13.06999969482422,daily,10,False,1.5,0.98,10.9286,0.0047,0.0047,True,False,0.0047,0.0117,21.1998,0.9308,-0.4821,False
1074,bj920284,2025-05-21,26.0,29.790000915527344,hourly,15,False,0.5,1.0,25.9909,0.0003,0.0003,True,False,0.0706,0.0003,20.0355,0.2294,0.2977,True
1075,sh600698,2025-05-21,6.460000038146973,8.739999771118164,hourly,25,True,0.5,0.98,6.4607,0.0001,-0.0001,False,False,0.0028,0.0001,5.6759,0.1214,0.1381,True
1076,sz002630,2025-05-21,2.430000066757203,2.539999961853028,hourly,15,True,1.5,1.02,2.4301,0.0,-0.0,False,False,0.0022,0.0,3.6742,0.512,-0.3386,False
1077,sz002717,2025-05-21,1.669999957084656,1.950000047683716,hourly,10,False,1.5,0.95,1.6716,0.001,-0.001,False,True,0.0539,0.001,2.6676,0.5973,-0.374,False
1078,bj920175,2025-05-21,11.8100004196167,13.59000015258789,hourly,15,True,0.5,0.98,11.8102,0.0,-0.0,False,False,0.0012,0.0,10.814,0.0843,0.0921,True
1079,bj920174,2025-05-21,36.639999389648445,48.68000030517578,hourly,15,True,0.5,0.98,36.6706,0.0008,-0.0008,False,False,0.0073,0.0008,29.3431,0.1992,0.2487,True
1080,sz002868,2025-05-21,21.219999313354492,25.489999771118164,hourly,30,False,1.5,1.0,21.201,0.0009,0.0009,True,False,0.0271,0.0009,15.4587,0.2715,0.3727,True
1081,sz002693,2025-05-21,6.96999979019165,8.5,daily,10,False,1.0,0.95,6.9746,0.0007,-0.0007,False,False,0.0007,0.0007,8.7985,0.2623,-0.2078,False
1082,bj920198,2025-05-21,12.579999923706055,14.050000190734863,hourly,15,True,0.5,0.95,12.576,0.0003,0.0003,True,False,0.0019,0.0003,11.7474,0.0662,0.0709,True
1083,bj920077,2025-05-21,13.449999809265138,14.800000190734863,hourly,30,True,0.5,1.02,13.4452,0.0004,0.0004,True,False,0.0286,0.0004,11.1005,0.1747,0.2117,True
1084,bj920571,2025-05-21,9.59000015258789,10.300000190734863,hourly,25,True,1.0,1.0,9.5792,0.0011,0.0011,True,False,0.0154,0.0011,6.6208,0.3096,0.4485,True
1085,bj920931,2025-05-21,16.51000022888184,18.899999618530277,hourly,20,False,1.0,1.02,16.5129,0.0002,-0.0002,False,False,0.0361,0.0002,13.8222,0.1628,0.1945,True
1086,sz300945,2025-05-21,19.700000762939453,20.6200008392334,hourly,10,False,0.5,1.02,18.1991,0.0762,0.0825,True,False,0.2337,0.0762,11.9419,0.3938,0.6497,True
1087,sh600696,2025-05-21,6.130000114440919,7.360000133514404,daily,10,False,1.0,1.02,6.129,0.0002,0.0002,True,False,0.0002,0.0003,7.7211,0.2596,-0.2061,False
1088,bj920931,2025-05-22,16.510000228881836,18.8799991607666,hourly,20,True,0.5,1.02,16.5107,0.0,-0.0,False,False,0.0237,0.0,13.8765,0.1595,0.1898,True
1089,sz002717,2025-05-22,1.669999957084656,2.049999952316284,hourly,10,True,1.5,0.95,1.6774,0.0044,-0.0044,False,False,0.0515,0.0044,2.6315,0.5758,-0.3654,False
1090,bj920174,2025-05-22,36.639999389648445,44.0,hourly,25,True,1.0,1.0,36.6704,0.0008,-0.0008,False,False,0.004,0.0008,29.524,0.1942,0.241,True
1091,bj920719,2025-05-22,13.699999809265137,14.15999984741211,hourly,20,False,1.0,1.0,13.7021,0.0002,-0.0002,False,False,0.121,0.0002,10.5241,0.2318,0.3018,True
1092,sz002868,2025-05-22,21.219999313354496,24.65999984741211,hourly,20,True,1.0,1.0,21.2159,0.0002,0.0002,True,False,0.0041,0.0002,15.6557,0.2622,0.3554,True
1093,sh600770,2025-05-22,5.059999942779541,6.869999885559082,hourly,20,True,0.5,0.95,5.0619,0.0004,-0.0004,False,True,0.0019,0.0004,4.1204,0.1857,0.228,True
1094,bj920436,2025-05-22,20.219999313354492,22.799999237060547,hourly,25,False,1.5,0.95,20.2312,0.0006,-0.0006,False,False,0.0058,0.0006,17.5796,0.1306,0.1502,True
1095,bj920895,2025-05-22,26.0,29.200000762939453,hourly,10,False,0.5,1.0,25.987,0.0005,0.0005,True,False,0.1367,0.0005,16.3664,0.3705,0.5886,True
1096,bj920284,2025-05-22,26.0,27.200000762939453,hourly,20,False,0.5,0.95,26.0075,0.0003,-0.0003,False,False,0.0586,0.0003,20.1484,0.2251,0.2904,True
1097,sz002040,2025-05-22,9.899999618530273,12.720000267028809,hourly,20,True,1.0,1.02,9.8997,0.0,0.0,True,False,0.0436,0.0,6.7976,0.3134,0.4564,True
1098,bj920392,2025-05-22,19.03000068664551,28.899999618530277,daily,30,True,1.5,1.0,19.0234,0.0003,0.0003,True,False,0.0003,0.0033,20.1333,0.058,-0.0548,False
1099,bj920580,2025-05-22,12.84000015258789,13.989999771118164,daily,25,False,0.5,1.02,12.8402,0.0,-0.0,False,False,0.0,0.0002,11.6703,0.0911,0.1002,True
1100,bj920075,2025-05-22,31.5,35.279998779296875,hourly,25,False,0.5,1.02,31.5499,0.0016,-0.0016,False,False,0.0419,0.0016,26.9323,0.145,0.1696,True
1101,sz002811,2025-05-22,10.06999969482422,13.359999656677246,daily,25,False,0.5,1.02,10.0613,0.0009,0.0009,True,False,0.0009,0.0013,8.9744,0.1088,0.1221,True
1102,bj920405,2025-05-22,20.85000038146973,22.600000381469727,hourly,20,True,1.0,0.98,20.8502,0.0,-0.0,False,False,0.0021,0.0,18.0101,0.1362,0.1577,True
1103,sz300765,2025-05-22,47.380001068115234,49.060001373291016,hourly,10,False,0.5,1.02,45.4207,0.0414,0.0431,True,False,0.1256,0.0414,35.5551,0.2496,0.3326,True
1104,bj920174,2025-05-23,36.63999938964844,42.540000915527344,hourly,25,True,1.5,0.98,36.8018,0.0044,-0.0044,False,False,0.0083,0.0044,29.7266,0.1887,0.2326,True
1105,bj920931,2025-05-23,16.510000228881836,18.700000762939453,hourly,25,True,1.0,1.02,16.4996,0.0006,0.0006,True,False,0.0082,0.0006,13.9368,0.1559,0.1846,True
1106,sz002717,2025-05-23,1.6699999570846558,2.180000066757202,hourly,15,True,1.5,0.95,1.7115,0.0249,-0.0243,False,False,0.0626,0.0249,2.597,0.5551,-0.3569,False
1107,bj920719,2025-05-23,13.699999809265137,14.670000076293944,hourly,10,False,1.5,0.98,13.7374,0.0027,-0.0027,False,False,0.1021,0.0027,10.5545,0.2296,0.298,True
1108,bj920946,2025-05-23,10.909999847412111,12.380000114440918,hourly,30,False,0.5,0.98,10.9061,0.0004,0.0004,True,False,0.0207,0.0004,9.5612,0.1236,0.1411,True
1109,bj920077,2025-05-23,13.449999809265137,15.380000114440918,hourly,30,False,1.0,0.95,13.4317,0.0014,0.0014,True,False,0.0037,0.0014,11.1862,0.1683,0.2024,True
1110,bj920263,2025-05-23,13.4399995803833,17.100000381469727,hourly,20,False,1.5,0.95,13.4396,0.0,0.0,True,False,0.0003,0.0,11.8042,0.1217,0.1386,True
1111,sz002651,2025-05-23,10.550000190734865,14.100000381469728,hourly,30,True,1.5,0.95,10.5354,0.0014,0.0014,True,False,0.0035,0.0014,7.1188,0.3252,0.482,True
1112,sz300920,2025-05-23,37.18000030517578,39.97999954223633,daily,10,False,0.5,1.02,31.6045,0.15,0.1764,True,False,0.15,0.2769,22.6286,0.3914,0.6431,True
1113,bj920670,2025-05-23,13.760000228881836,15.15999984741211,daily,10,False,0.5,0.95,13.766,0.0004,-0.0004,False,False,0.0004,0.0114,14.6178,0.0623,-0.0587,False
1114,sz000695,2025-05-23,12.029999732971193,15.760000228881836,hourly,15,False,0.5,0.95,11.9751,0.0046,0.0046,True,True,0.0179,0.0046,9.583,0.2034,0.2553,True
1115,sh605136,2025-05-23,10.350000381469727,13.789999961853027,hourly,15,True,1.5,1.0,10.3642,0.0014,-0.0014,False,False,0.0404,0.0014,7.2654,0.298,0.4246,True
1116,bj920392,2025-05-23,19.030000686645508,28.0,daily,30,True,1.0,0.95,18.9947,0.0019,0.0019,True,False,0.0019,0.0021,20.2613,0.0647,-0.0608,False
1117,sz300204,2025-05-23,15.680000305175781,16.520000457763672,hourly,10,False,0.5,1.02,13.7983,0.12,0.1364,True,False,0.2842,0.12,8.2496,0.4739,0.9007,True
1118,sz002259,2025-05-23,3.8800001144409175,4.380000114440918,hourly,10,False,1.5,1.0,3.8783,0.0004,0.0004,True,False,0.0596,0.0004,2.7116,0.3011,0.4309,True
1119,sh688336,2025-05-23,49.5,53.47999954223633,hourly,10,False,0.5,0.98,49.5184,0.0004,-0.0004,False,False,0.242,0.0004,26.5475,0.4637,0.8646,True
1120,sh600770,2025-05-23,5.059999942779541,6.5,daily,25,False,0.5,1.02,5.0615,0.0003,-0.0003,False,False,0.0003,0.007,4.1804,0.1738,0.2104,True
1121,bj920190,2025-05-23,30.940000534057624,36.79999923706055,hourly,30,True,1.0,0.95,30.937,0.0001,0.0001,True,False,0.0007,0.0001,29.5888,0.0437,0.0457,True
1122,bj920719,2025-05-26,13.699999809265137,14.989999771118164,hourly,15,False,1.5,1.02,13.7043,0.0003,-0.0003,False,False,0.0795,0.0003,10.5953,0.2266,0.293,True
1123,sz002650,2025-05-26,6.230000019073486,8.3100004196167,daily,20,False,1.5,1.0,6.225,0.0008,0.0008,True,False,0.0008,0.0575,5.3524,0.1409,0.164,True
1124,bj920169,2025-05-26,28.989999771118168,30.0,hourly,10,False,1.0,1.0,28.998,0.0003,-0.0003,False,False,0.0229,0.0003,17.1294,0.4091,0.6924,True
1125,bj920946,2025-05-26,10.909999847412111,13.25,hourly,25,True,1.0,1.02,10.9149,0.0005,-0.0005,False,False,0.0048,0.0005,9.5776,0.1221,0.1391,True
1126,sh605136,2025-05-26,10.270000457763674,14.149999618530272,hourly,15,True,1.5,0.95,10.2826,0.0012,-0.0012,False,False,0.0101,0.0012,7.3644,0.2829,0.3945,True
1127,bj920436,2025-05-26,20.219999313354492,24.059999465942383,daily,15,False,0.5,1.02,20.2579,0.0019,-0.0019,False,False,0.0019,0.003,17.6703,0.1261,0.1443,True
1128,bj920263,2025-05-26,13.4399995803833,18.209999084472656,hourly,20,True,1.5,0.95,13.4288,0.0008,0.0008,True,False,0.002,0.0008,11.878,0.1162,0.1315,True
1130,bj920300,2025-05-26,18.079999923706055,22.059999465942383,hourly,10,True,1.5,0.98,18.0798,0.0,0.0,True,False,0.0002,0.0,15.7145,0.1308,0.1505,True
1131,sz301317,2025-05-26,29.000000000000004,35.029998779296875,daily,15,False,1.0,1.0,29.0232,0.0008,-0.0008,False,False,0.0008,0.041,21.9822,0.242,0.3193,True
1132,sz300561,2025-05-26,10.979999542236328,14.050000190734863,daily,15,False,1.5,0.95,10.9836,0.0003,-0.0003,False,False,0.0003,0.028,19.6911,0.7934,-0.4424,False
1133,sz300472,2025-05-26,2.700000047683716,3.319999933242798,daily,10,True,1.5,0.95,2.7021,0.0008,-0.0008,False,False,0.0008,0.043,4.2139,0.5607,-0.3593,False
1134,bj920198,2025-05-26,12.579999923706055,14.0,hourly,30,True,0.5,0.95,12.5824,0.0002,-0.0002,False,False,0.0009,0.0002,11.7753,0.064,0.0683,True
1135,sz002289,2025-05-26,13.229999542236328,16.030000686645508,hourly,15,False,1.5,0.98,13.2323,0.0002,-0.0002,False,False,0.0573,0.0002,6.8799,0.48,0.923,True
1136,sz002693,2025-05-26,6.96999979019165,8.880000114440918,daily,10,True,1.5,0.95,6.9485,0.0031,0.0031,True,False,0.0031,0.022,8.5877,0.2321,-0.1884,False
1137,bj920810,2025-05-26,20.09000015258789,22.0,daily,10,False,0.5,0.98,20.0467,0.0022,0.0022,True,False,0.0022,0.198,15.9858,0.2043,0.2567,True
1138,bj920946,2025-05-27,10.909999847412108,13.68000030517578,hourly,25,True,1.0,1.0,10.9081,0.0002,0.0002,True,False,0.001,0.0002,9.6019,0.1199,0.1362,True
1139,bj920719,2025-05-27,13.699999809265138,15.829999923706056,hourly,15,False,1.5,1.0,13.7001,0.0,-0.0,False,False,0.0636,0.0,10.6408,0.2233,0.2875,True
1140,bj920571,2025-05-27,9.59000015258789,10.5,hourly,20,True,1.0,0.95,9.599,0.0009,-0.0009,False,False,0.0021,0.0009,6.9446,0.2759,0.3809,True
1141,bj920895,2025-05-27,28.90999984741211,30.299999237060547,hourly,10,False,0.5,1.02,27.1193,0.0619,0.066,True,False,0.1738,0.0619,16.9883,0.4124,0.7018,True
1142,bj920169,2025-05-27,28.989999771118168,30.049999237060547,hourly,10,True,1.5,1.02,28.9841,0.0002,0.0002,True,False,0.0197,0.0002,17.5264,0.3954,0.6541,True
1143,sz002898,2025-05-27,10.840000152587892,11.8100004196167,hourly,10,False,0.5,1.02,10.5917,0.0229,0.0234,True,False,0.1356,0.0229,7.3347,0.3234,0.4779,True
1144,sh605136,2025-05-27,10.27000045776367,14.649999618530272,hourly,25,True,0.5,0.95,10.2765,0.0006,-0.0006,False,False,0.0034,0.0006,7.4784,0.2718,0.3733,True
1145,bj920263,2025-05-27,13.4399995803833,17.0,daily,15,True,0.5,1.02,13.4365,0.0003,0.0003,True,False,0.0003,0.0033,11.9573,0.1103,0.124,True
1146,sz002365,2025-05-27,18.530000686645508,23.09000015258789,hourly,10,True,1.0,1.02,18.49,0.0022,0.0022,True,False,0.1217,0.0022,9.9715,0.4619,0.8583,True
1147,sh603389,2025-05-27,10.600000381469727,12.270000457763672,hourly,10,False,0.5,0.98,10.5961,0.0004,0.0004,True,False,0.0687,0.0004,6.3021,0.4055,0.682,True
1148,sz002868,2025-05-27,21.219999313354492,26.200000762939453,hourly,25,True,1.0,0.95,21.2352,0.0007,-0.0007,False,False,0.0013,0.0007,16.2969,0.232,0.3021,True
1149,sh603192,2025-05-27,19.750000000000004,28.84000015258789,hourly,30,False,1.5,0.95,19.7546,0.0002,-0.0002,False,False,0.0009,0.0002,16.2519,0.1771,0.2152,True
1150,sz002717,2025-05-27,1.669999957084656,2.400000095367432,hourly,25,True,1.5,0.95,1.8062,0.0815,-0.0754,False,True,0.1326,0.0815,2.5362,0.5187,-0.3415,False
1151,sz301316,2025-05-27,38.52000045776367,49.4900016784668,daily,10,False,1.0,1.02,38.3838,0.0035,0.0035,True,False,0.0035,0.0054,24.9925,0.3512,0.5413,True
1152,sz002259,2025-05-27,3.8800001144409184,4.480000019073486,hourly,20,True,0.5,1.0,3.8812,0.0003,-0.0003,False,False,0.048,0.0003,2.778,0.284,0.3967,True
1153,bj920895,2025-05-28,28.909999847412113,32.470001220703125,hourly,10,False,0.5,1.02,28.0421,0.03,0.0309,True,False,0.1475,0.03,17.226,0.4042,0.6783,True
1154,bj920719,2025-05-28,13.699999809265138,14.850000381469728,hourly,25,False,0.5,0.95,13.6873,0.0009,0.0009,True,False,0.0422,0.0009,10.6955,0.2193,0.2809,True
1155,bj920436,2025-05-28,20.219999313354492,27.0,daily,15,False,0.5,0.98,20.2283,0.0004,-0.0004,False,False,0.0004,0.0047,17.8038,0.1195,0.1357,True
1156,sz002898,2025-05-28,10.840000152587889,12.399999618530272,hourly,15,False,1.5,1.02,10.8813,0.0038,-0.0038,False,True,0.091,0.0038,7.4087,0.3165,0.4631,True
1157,sh688455,2025-05-28,13.329999923706058,19.25,hourly,30,False,1.5,1.0,13.3384,0.0006,-0.0006,False,False,0.0395,0.0006,10.8906,0.183,0.224,True
1158,sz300472,2025-05-28,2.700000047683716,3.5,daily,10,True,1.5,0.95,2.7016,0.0006,-0.0006,False,False,0.0006,0.0588,4.0763,0.5097,-0.3376,False
1159,sz300945,2025-05-28,20.659999847412116,21.899999618530277,hourly,10,False,0.5,1.0,20.7277,0.0033,-0.0033,False,False,0.1438,0.0033,12.6357,0.3884,0.635,True
1160,sz002365,2025-05-28,18.530000686645508,24.030000686645508,hourly,30,False,1.0,1.02,18.5099,0.0011,0.0011,True,False,0.058,0.0011,10.2236,0.4483,0.8125,True
1161,sz002366,2025-05-28,6.4600000381469735,7.769999980926514,hourly,10,False,1.0,1.0,6.4586,0.0002,0.0002,True,False,0.0958,0.0002,4.6962,0.273,0.3756,True
1163,sh603333,2025-05-28,7.230000019073486,9.5,hourly,25,False,0.5,1.02,7.2252,0.0007,0.0007,True,False,0.0619,0.0007,5.2001,0.2808,0.3903,True
1164,sh603332,2025-05-28,14.760000228881836,19.0,hourly,25,True,0.5,0.98,14.8304,0.0048,-0.0047,False,False,0.005,0.0048,9.9209,0.3279,0.4878,True
1165,bj920075,2025-05-28,31.860000610351562,34.29999923706055,hourly,15,True,1.0,1.02,31.86,0.0,0.0,True,False,0.0332,0.0,27.1305,0.1484,0.1743,True
1166,bj920576,2025-05-28,32.590000152587905,40.02999877929688,hourly,30,False,1.0,0.98,32.5873,0.0001,0.0001,True,False,0.0045,0.0001,28.7887,0.1166,0.132,True
1167,sh601579,2025-05-28,19.299999237060547,25.11000061035156,hourly,30,False,1.0,1.02,19.2798,0.001,0.001,True,False,0.0258,0.001,12.6411,0.345,0.5268,True
1168,sh688648,2025-05-28,46.0,58.0099983215332,hourly,25,False,1.5,1.02,45.9923,0.0002,0.0002,True,False,0.0819,0.0002,25.0907,0.4546,0.8333,True
1169,sz300205,2025-05-28,3.710000038146973,4.139999866485596,hourly,15,True,1.5,0.98,3.7113,0.0004,-0.0004,False,False,0.0046,0.0004,3.4635,0.0664,0.0712,True
1170,bj920370,2025-05-29,4.429999828338623,5.670000076293945,hourly,25,False,1.5,1.0,4.4271,0.0007,0.0007,True,False,0.001,0.0007,3.9693,0.104,0.1161,True
1171,bj920571,2025-05-29,9.590000152587892,10.239999771118164,hourly,30,False,0.5,0.95,9.5778,0.0013,0.0013,True,False,0.009,0.0013,7.1186,0.2577,0.3472,True
1172,bj920436,2025-05-29,20.219999313354492,25.549999237060547,daily,20,False,0.5,0.98,20.2172,0.0001,0.0001,True,False,0.0001,0.0106,17.9,0.1147,0.1296,True
1173,sz300804,2025-05-29,35.29000091552735,41.22999954223633,hourly,10,False,0.5,1.02,30.9085,0.1242,0.1418,True,False,0.2335,0.1242,23.9058,0.3226,0.4762,True
1174,sh605388,2025-05-29,7.809999942779541,9.3100004196167,hourly,10,False,0.5,0.98,7.8022,0.001,0.001,True,False,0.0531,0.001,6.0403,0.2266,0.293,True
1175,sh603398,2025-05-29,4.25,5.329999923706055,hourly,10,False,1.5,0.95,4.8587,0.1432,-0.1253,False,False,0.1483,0.1432,8.8189,1.075,-0.5181,False
1176,sz002366,2025-05-29,6.4600000381469735,7.769999980926514,hourly,20,False,1.0,0.98,6.4598,0.0,0.0,True,False,0.0521,0.0,4.739,0.2664,0.3632,True
1177,sz301316,2025-05-29,38.52000045776367,44.880001068115234,hourly,25,True,1.5,0.95,38.511,0.0002,0.0002,True,False,0.0042,0.0002,26.028,0.3243,0.4799,True
1178,sh603577,2025-05-29,8.699999809265137,11.220000267028809,hourly,25,True,0.5,1.0,8.7006,0.0001,-0.0001,False,False,0.0019,0.0001,7.9429,0.087,0.0953,True
1179,sz300204,2025-05-29,21.959999084472656,23.0,hourly,10,False,0.5,1.02,18.1433,0.1738,0.2104,True,False,0.3513,0.1738,8.8072,0.5989,1.4934,True
1180,sh688648,2025-05-29,46.0,66.04000091552734,hourly,20,False,1.5,0.95,45.9882,0.0003,0.0003,True,False,0.042,0.0003,25.6686,0.442,0.7921,True
1181,bj920579,2025-05-29,27.350000381469727,33.4900016784668,hourly,25,False,1.0,0.95,27.3541,0.0002,-0.0002,False,False,0.0005,0.0002,26.3248,0.0375,0.0389,True
1182,sh605136,2025-05-29,10.270000457763674,14.600000381469728,daily,15,False,1.0,0.98,10.2146,0.0054,0.0054,True,False,0.0054,0.0264,7.7518,0.2452,0.3248,True
1183,sz002471,2025-05-29,4.559999942779541,5.880000114440918,hourly,20,True,1.5,1.0,4.5638,0.0008,-0.0008,False,False,0.0032,0.0008,3.0969,0.3208,0.4724,True
1184,sh688136,2025-05-29,37.81999969482422,48.91999816894531,hourly,20,False,1.5,0.95,37.8537,0.0009,-0.0009,False,False,0.0027,0.0009,29.6413,0.2163,0.2759,True
1185,sz301316,2025-05-30,38.52000045776367,41.79999923706055,daily,10,False,1.0,1.0,38.5545,0.0009,-0.0009,False,False,0.0009,0.0056,26.5484,0.3108,0.4509,True
1186,bj920047,2025-05-30,18.879999160766605,19.90999984741211,hourly,10,False,0.5,1.02,17.6237,0.0665,0.0713,True,False,0.1298,0.0665,14.8153,0.2153,0.2744,True
1187,bj920475,2025-05-30,18.500000000000004,22.0,hourly,20,True,0.5,0.98,18.5251,0.0014,-0.0014,False,False,0.0014,0.0014,17.3561,0.0618,0.0659,True
1188,sz002630,2025-05-30,2.450000047683716,2.869999885559082,hourly,25,False,0.5,0.95,2.4501,0.0001,-0.0001,False,False,0.0003,0.0001,3.3209,0.3555,-0.2623,False
1189,sz002907,2025-05-30,16.010000228881836,21.3700008392334,hourly,25,False,1.5,1.02,15.982,0.0017,0.0018,True,False,0.0408,0.0017,13.1257,0.1802,0.2197,True
1190,sz000903,2025-05-30,3.9400000572204594,4.880000114440918,hourly,25,True,1.5,0.95,3.9348,0.0013,0.0013,True,False,0.0033,0.0013,3.2631,0.1718,0.2075,True
1191,sz301209,2025-05-30,86.00000000000001,113.0,daily,10,False,1.5,0.98,86.0243,0.0003,-0.0003,False,False,0.0003,0.3621,63.6282,0.2601,0.3516,True
1192,sh603390,2025-05-30,12.520000457763672,17.510000228881836,hourly,30,True,0.5,1.02,12.5247,0.0004,-0.0004,False,False,0.0046,0.0004,9.8922,0.2099,0.2656,True
1193,sh600358,2025-05-30,5.480000019073486,5.480000019073486,hourly,10,False,0.5,1.02,4.9227,0.1017,0.1132,True,False,0.157,0.1017,3.9164,0.2853,0.3993,True
1194,bj920394,2025-05-30,39.880001068115234,42.25,hourly,30,False,1.5,1.02,39.8867,0.0002,-0.0002,False,False,0.0003,0.0002,35.0053,0.1222,0.1393,True
1195,sz300204,2025-05-30,26.5,26.5,hourly,10,False,0.5,1.02,21.0578,0.2054,0.2584,True,False,0.4259,0.2054,8.997,0.6605,1.9454,True
1196,sh688136,2025-05-30,37.819999694824226,52.70000076293945,hourly,20,True,1.0,0.95,37.7917,0.0007,0.0008,True,False,0.0018,0.0007,29.973,0.2075,0.2618,True
1197,sh688799,2025-05-30,40.40999984741212,44.27999877929688,daily,15,True,0.5,0.98,40.4178,0.0002,-0.0002,False,False,0.0002,0.059,38.9936,0.0351,0.0363,True
1198,sh603389,2025-05-30,10.600000381469728,12.40999984741211,hourly,10,False,1.5,0.95,10.5925,0.0007,0.0007,True,False,0.0155,0.0007,6.7394,0.3642,0.5728,True
1199,bj920174,2025-05-30,36.639999389648445,40.79999923706055,daily,10,False,1.0,1.0,36.5341,0.0029,0.0029,True,False,0.0029,0.0133,30.9608,0.155,0.1834,True
1200,sz002537,2025-06-03,7.71999979019165,8.5,hourly,10,False,0.5,0.98,7.7292,0.0012,-0.0012,False,False,0.0451,0.0012,6.3472,0.1778,0.2163,True
1201,bj920047,2025-06-03,18.8799991607666,24.0,hourly,10,False,0.5,1.0,18.9079,0.0015,-0.0015,False,False,0.1254,0.0015,14.8372,0.2141,0.2725,True
1203,sz300804,2025-06-03,35.29000091552735,42.61000061035156,hourly,20,False,1.0,1.02,35.3083,0.0005,-0.0005,False,False,0.1624,0.0005,24.0769,0.3177,0.4657,True
1204,sz002630,2025-06-03,2.4500000476837163,2.7300000190734863,daily,15,False,1.0,0.95,2.4507,0.0003,-0.0003,False,False,0.0003,0.0028,3.2795,0.3386,-0.2529,False
1205,sh600358,2025-06-03,5.75,5.75,hourly,10,False,0.5,1.02,5.1771,0.0996,0.1107,True,True,0.1659,0.0996,3.9452,0.3139,0.4575,True
1206,bj920429,2025-06-03,22.440000534057617,29.239999771118164,daily,15,True,1.0,1.0,22.4108,0.0013,0.0013,True,False,0.0013,0.0527,20.8883,0.0691,0.0743,True
1208,bj920363,2025-06-03,20.959999084472656,22.0,daily,10,True,0.5,1.02,20.0243,0.0446,0.0467,True,False,0.0446,0.3235,17.949,0.1437,0.1678,True
1209,sz003010,2025-06-03,47.709999084472656,75.08999633789062,daily,25,False,1.5,0.95,47.7039,0.0001,0.0001,True,False,0.0001,0.317,45.168,0.0533,0.0563,True
1210,sz301024,2025-06-03,34.619998931884766,47.540000915527344,hourly,25,False,1.5,0.95,34.6159,0.0001,0.0001,True,False,0.004,0.0001,26.7867,0.2263,0.2924,True
1211,bj920132,2025-06-03,22.149999618530273,25.43000030517578,hourly,15,False,1.0,1.02,22.152,0.0001,-0.0001,False,False,0.0377,0.0001,17.8059,0.1961,0.244,True
1212,sz300468,2025-06-03,26.040000915527344,26.040000915527344,hourly,10,False,0.5,1.02,23.3347,0.1039,0.1159,True,False,0.2253,0.1039,17.2741,0.3366,0.5075,True
1213,sz300204,2025-06-03,28.5,32.20000076293945,hourly,10,False,0.5,1.02,23.4449,0.1774,0.2156,True,False,0.408,0.1774,9.2309,0.6761,2.0875,True
1214,sh688799,2025-06-03,40.40999984741211,53.5,daily,15,True,1.0,1.02,40.444,0.0008,-0.0008,False,False,0.0008,0.0017,38.9656,0.0357,0.0371,True
1215,bj920576,2025-06-03,32.59000015258789,39.06999969482422,daily,30,False,0.5,1.02,32.6079,0.0005,-0.0005,False,False,0.0005,0.0026,29.1552,0.1054,0.1178,True
1216,sh603390,2025-06-03,12.520000457763672,16.020000457763672,daily,10,False,1.5,1.0,12.5175,0.0002,0.0002,True,False,0.0002,0.002,10.014,0.2002,0.2503,True
1217,sz002898,2025-06-03,11.010000228881836,12.75,hourly,25,False,1.5,1.0,11.0127,0.0002,-0.0002,False,False,0.0523,0.0002,7.6599,0.3043,0.4373,True
1218,sz000565,2025-06-04,8.699999809265138,10.579999923706056,daily,30,False,0.5,1.02,8.7031,0.0004,-0.0004,False,False,0.0004,0.0329,7.0176,0.1934,0.2397,True
1219,bj920895,2025-06-04,30.5,33.0,hourly,10,True,0.5,1.02,29.9664,0.0175,0.0178,True,False,0.1077,0.0175,18.4178,0.3961,0.656,True
1220,sz002289,2025-06-04,13.22999954223633,14.050000190734863,hourly,30,True,1.5,0.95,13.291,0.0046,-0.0046,False,False,0.0051,0.0046,8.3964,0.3654,0.5757,True
1221,sh600468,2025-06-04,6.809999942779541,7.199999809265137,hourly,10,False,1.0,1.02,6.8133,0.0005,-0.0005,False,False,0.1376,0.0005,4.4539,0.346,0.529,True
1222,bj920077,2025-06-04,13.449999809265135,15.399999618530272,daily,10,False,0.5,0.95,13.4226,0.002,0.002,True,False,0.002,0.0107,11.711,0.1293,0.1485,True
1223,bj920047,2025-06-04,18.8799991607666,24.31999969482422,hourly,15,False,0.5,0.95,18.8646,0.0008,0.0008,True,False,0.0661,0.0008,14.8934,0.2112,0.2677,True
1224,sz003010,2025-06-04,47.70999908447266,79.20999908447266,daily,25,True,0.5,1.0,47.5732,0.0029,0.0029,True,False,0.0029,0.2721,45.8004,0.04,0.0417,True
1225,sz002250,2025-06-04,10.5,10.90999984741211,hourly,10,False,0.5,1.02,9.6406,0.0818,0.0891,True,False,0.2498,0.0818,6.3199,0.3981,0.6614,True
1226,bj920273,2025-06-04,37.5,48.470001220703125,daily,30,True,1.0,0.98,37.5807,0.0022,-0.0021,False,False,0.0022,0.1065,39.9024,0.0641,-0.0602,False
1227,sz301335,2025-06-04,32.29999923706055,40.0,hourly,10,False,1.5,0.95,32.3404,0.0013,-0.0012,False,False,0.0038,0.0013,24.1326,0.2529,0.3384,True
1228,sz002630,2025-06-04,2.450000047683716,2.8299999237060547,hourly,30,True,0.5,0.95,2.4495,0.0002,0.0002,True,False,0.001,0.0002,3.2397,0.3223,-0.2437,False
1229,bj920419,2025-06-04,22.270000457763675,27.0,daily,10,True,0.5,0.98,22.2767,0.0003,-0.0003,False,False,0.0003,0.0059,18.8481,0.1537,0.1816,True
1230,bj920017,2025-06-04,19.340000152587898,20.399999618530277,hourly,10,False,0.5,1.02,18.815,0.0271,0.0279,True,False,0.0514,0.0271,16.5376,0.1449,0.1695,True
1231,bj920735,2025-06-04,35.029998779296875,41.9900016784668,hourly,10,False,0.5,1.02,34.0676,0.0275,0.0283,True,False,0.0992,0.0275,46.1821,0.3184,-0.2415,False
1232,bj920344,2025-06-04,23.209999084472656,25.600000381469727,hourly,30,False,0.5,1.02,23.2146,0.0002,-0.0002,False,False,0.0538,0.0002,19.9597,0.14,0.1628,True
1233,sz002076,2025-06-04,1.7400000095367432,1.8899999856948853,hourly,10,False,1.0,0.95,1.7438,0.0022,-0.0022,False,False,0.0025,0.0022,2.2252,0.2789,-0.218,False
1234,bj920145,2025-06-04,20.969999313354492,26.6299991607666,daily,20,True,1.0,1.02,20.9403,0.0014,0.0014,True,False,0.0014,0.0587,19.7018,0.0605,0.0644,True
1235,bj920982,2025-06-04,313.7200012207032,515.0,daily,30,True,1.5,0.95,313.0944,0.002,0.002,True,False,0.002,0.0276,361.5679,0.1525,-0.1323,False
1236,bj920748,2025-06-05,54.29999923706055,55.0,hourly,10,False,0.5,1.02,41.6739,0.2325,0.303,True,False,0.4098,0.2325,23.957,0.5588,1.2666,True
1237,sh600358,2025-06-05,5.96999979019165,6.340000152587891,hourly,10,False,0.5,1.02,5.7086,0.0438,0.0458,True,True,0.1284,0.0438,4.0227,0.3262,0.4841,True
1238,bj920047,2025-06-05,18.879999160766605,22.200000762939453,hourly,30,False,0.5,0.95,18.9276,0.0025,-0.0025,False,False,0.0394,0.0025,14.9607,0.2076,0.262,True
1239,sz300804,2025-06-05,42.02000045776367,42.5,hourly,10,True,0.5,1.02,39.6468,0.0565,0.0599,True,False,0.2703,0.0565,24.3281,0.421,0.7272,True
1240,sz300946,2025-06-05,43.599998474121094,69.30000305175781,daily,25,True,1.0,1.02,43.8844,0.0065,-0.0065,False,False,0.0065,0.099,43.0239,0.0132,0.0134,True
1241,sz300530,2025-06-05,34.560001373291016,41.29999923706055,hourly,30,False,0.5,1.0,34.5213,0.0011,0.0011,True,False,0.0843,0.0011,24.0676,0.3036,0.436,True
1242,sz300546,2025-06-05,25.600000381469727,27.1299991607666,hourly,10,False,0.5,1.02,23.9081,0.0661,0.0708,True,False,0.228,0.0661,16.3124,0.3628,0.5694,True
1243,sz300651,2025-06-05,25.28000068664551,29.5,hourly,10,False,0.5,1.02,21.5552,0.1473,0.1728,True,False,0.3106,0.1473,13.3117,0.4734,0.8991,True
1244,bj920429,2025-06-05,22.44000053405762,28.0,daily,10,True,1.0,0.95,22.4455,0.0002,-0.0002,False,False,0.0002,0.0714,21.2134,0.0547,0.0578,True
1245,sz301287,2025-06-05,38.400001525878906,41.29999923706055,hourly,10,False,0.5,1.02,37.5852,0.0212,0.0217,True,False,0.1199,0.0212,30.3125,0.2106,0.2668,True
1246,sz300945,2025-06-05,20.450000762939453,25.1200008392334,hourly,15,True,1.5,0.98,20.4418,0.0004,0.0004,True,False,0.0116,0.0004,13.5647,0.3367,0.5076,True
1247,sz301209,2025-06-05,86.0,86.88999938964844,daily,25,False,1.0,1.0,85.9002,0.0012,0.0012,True,False,0.0012,0.3449,68.1,0.2081,0.2628,True
1248,sh603093,2025-06-05,16.649999618530273,17.899999618530273,hourly,10,False,0.5,1.02,15.0287,0.0974,0.1079,True,False,0.1916,0.0974,11.8821,0.2864,0.4013,True
1249,sz300368,2025-06-05,9.329999923706055,10.239999771118164,hourly,10,False,0.5,1.02,8.0452,0.1377,0.1597,True,False,0.2748,0.1377,5.4238,0.4187,0.7202,True
1250,sh603123,2025-06-05,11.020000457763672,14.0,hourly,10,False,1.5,0.95,11.0236,0.0003,-0.0003,False,False,0.0708,0.0003,8.0387,0.2705,0.3709,True
1251,sz301005,2025-06-05,32.79000091552734,45.09999847412109,daily,10,False,0.5,1.02,33.0534,0.008,-0.008,False,False,0.008,0.1796,29.1589,0.1107,0.1245,True
1252,sz301225,2025-06-05,70.06999969482422,84.38999938964844,hourly,10,True,0.5,0.98,70.0424,0.0004,0.0004,True,False,0.0908,0.0004,45.7885,0.3465,0.5303,True
1253,sh603076,2025-06-05,29.579999923706055,37.54999923706055,hourly,25,False,1.5,0.95,29.5453,0.0012,0.0012,True,False,0.0128,0.0012,22.6138,0.2355,0.3081,True
1254,sh688336,2025-06-05,51.799999237060554,63.95000076293945,hourly,15,True,1.5,0.98,51.8374,0.0007,-0.0007,False,False,0.0273,0.0007,30.7181,0.407,0.6863,True
1255,bj920748,2025-06-06,58.810001373291016,61.77000045776367,hourly,10,False,0.5,1.02,44.5275,0.2429,0.3208,True,False,0.4153,0.2429,24.1478,0.5894,1.4354,True
1256,sz000889,2025-06-06,3.329999923706055,3.75,hourly,10,False,0.5,1.02,3.1864,0.0431,0.0451,True,True,0.0884,0.0431,2.5683,0.2287,0.2966,True
1257,bj920396,2025-06-06,36.29999923706055,46.59999847412109,hourly,15,False,0.5,1.0,36.2726,0.0008,0.0008,True,False,0.001,0.0008,30.1743,0.1688,0.203,True
1258,bj920305,2025-06-06,8.310000419616701,12.25,daily,10,False,1.5,0.95,10.5514,0.2697,-0.2124,False,False,0.2697,0.3109,17.6942,1.1293,-0.5304,False
1259,sz300530,2025-06-06,34.52000045776367,46.5099983215332,hourly,15,False,1.5,0.98,34.5255,0.0002,-0.0002,False,False,0.0553,0.0002,24.2914,0.2963,0.4211,True
1260,bj920493,2025-06-06,137.00999450683594,162.0,hourly,10,True,1.5,1.0,137.0265,0.0001,-0.0001,False,False,0.0002,0.0001,145.5085,0.062,-0.0584,False
1261,sz301209,2025-06-06,86.0,95.0,daily,30,False,0.5,1.0,85.9936,0.0001,0.0001,True,False,0.0001,0.3199,69.4242,0.1927,0.2388,True
1262,sz300963,2025-06-06,21.360000610351566,22.299999237060547,hourly,15,False,0.5,1.02,21.3545,0.0003,0.0003,True,False,0.0011,0.0003,16.8685,0.2103,0.2663,True
1263,sh603226,2025-06-06,10.180000305175785,11.100000381469728,hourly,10,False,0.5,1.02,9.4855,0.0682,0.0732,True,False,0.1842,0.0682,6.5252,0.359,0.5601,True
1264,sz300651,2025-06-06,26.229999542236328,30.5,hourly,10,False,0.5,1.02,26.3485,0.0045,-0.0045,False,False,0.3075,0.0045,13.425,0.4882,0.9538,True
1265,sz300804,2025-06-06,47.0,47.0,hourly,10,False,0.5,1.02,39.6087,0.1573,0.1866,True,False,0.3191,0.1573,24.4789,0.4792,0.92,True
1266,sh688183,2025-06-06,39.799999237060554,40.5,hourly,10,False,0.5,1.02,34.0979,0.1433,0.1672,True,False,0.2318,0.1433,26.7168,0.3287,0.4897,True
1267,sh603093,2025-06-06,16.719999313354492,17.950000762939453,hourly,10,False,0.5,1.02,16.5405,0.0107,0.0109,True,False,0.17,0.0107,11.9265,0.2867,0.4019,True
1268,sz301316,2025-06-06,38.52000045776368,43.02999877929688,hourly,10,True,1.5,0.95,38.4932,0.0007,0.0007,True,False,0.0017,0.0007,28.5699,0.2583,0.3483,True
1269,sz300255,2025-06-06,40.36000061035156,44.459999084472656,hourly,10,False,0.5,1.02,37.7982,0.0635,0.0678,True,False,0.1973,0.0635,22.2157,0.4496,0.8167,True
1270,bj920207,2025-06-06,26.51000022888184,30.01000022888184,hourly,30,True,0.5,1.02,25.5735,0.0353,0.0366,True,False,0.0587,0.0353,23.3578,0.1189,0.135,True
1271,bj920748,2025-06-09,63.79999923706055,73.11000061035156,hourly,10,False,0.5,1.02,53.1436,0.167,0.2005,True,False,0.4159,0.167,24.402,0.6175,1.6145,True
1272,sh600358,2025-06-09,5.96999979019165,6.989999771118164,hourly,10,True,0.5,1.0,5.9331,0.0062,0.0062,True,True,0.0485,0.0062,4.1301,0.3082,0.4455,True
1273,bj920017,2025-06-09,20.60000038146973,23.399999618530277,hourly,10,False,0.5,1.02,18.9562,0.0798,0.0867,True,False,0.1101,0.0798,16.6581,0.1914,0.2366,True
1274,bj920396,2025-06-09,36.29999923706055,49.29999923706055,hourly,30,False,0.5,1.0,36.299,0.0,0.0,True,False,0.0029,0.0,30.5828,0.1575,0.1869,True
1275,sh603226,2025-06-09,10.180000305175783,10.81999969482422,hourly,10,False,1.5,1.0,10.2444,0.0063,-0.0063,False,False,0.1592,0.0063,6.5883,0.3528,0.5452,True
1276,sz300255,2025-06-09,40.150001525878906,50.9900016784668,hourly,10,False,1.0,1.02,40.0264,0.0031,0.0031,True,False,0.1551,0.0031,22.5899,0.4374,0.7773,True
1277,sz300804,2025-06-09,47.5,55.54999923706055,hourly,10,False,0.5,1.02,43.4914,0.0844,0.0922,True,False,0.2842,0.0844,24.6833,0.4804,0.9244,True
1278,sz002882,2025-06-09,24.959999084472656,29.290000915527344,hourly,10,False,1.0,1.02,24.9506,0.0004,0.0004,True,False,0.1022,0.0004,17.0474,0.317,0.4642,True
1279,bj920895,2025-06-09,33.40999984741212,33.9900016784668,hourly,10,False,0.5,1.02,31.4742,0.0579,0.0615,True,False,0.1459,0.0579,19.4267,0.4185,0.7198,True
1280,sz300530,2025-06-09,33.880001068115234,49.0099983215332,daily,10,False,0.5,1.0,33.9065,0.0008,-0.0008,False,False,0.0008,0.0019,24.572,0.2747,0.3788,True
1281,sz300651,2025-06-09,25.559999465942383,35.0,hourly,10,False,0.5,1.0,25.4626,0.0038,0.0038,True,False,0.2292,0.0038,13.5729,0.469,0.8832,True
1282,bj920719,2025-06-09,14.779999732971191,14.899999618530272,hourly,25,True,0.5,1.02,14.4592,0.0217,0.0222,True,False,0.0745,0.0217,11.2097,0.2416,0.3185,True
1283,sh603093,2025-06-09,16.719999313354492,20.440000534057617,hourly,15,False,0.5,1.02,16.6884,0.0019,0.0019,True,False,0.1476,0.0019,11.9764,0.2837,0.3961,True
1284,bj920174,2025-06-09,36.639999389648445,43.5,daily,20,False,0.5,0.98,36.7033,0.0017,-0.0017,False,False,0.0017,0.0188,32.2871,0.1188,0.1348,True
1285,sz002199,2025-06-09,7.610000133514404,7.610000133514404,hourly,10,False,0.5,1.02,6.8284,0.1027,0.1145,True,False,0.1804,0.1027,5.1028,0.3295,0.4913,True
1286,sz300584,2025-06-09,34.970001220703125,42.7400016784668,hourly,10,False,0.5,1.02,32.0362,0.0839,0.0916,True,False,0.2068,0.0839,20.2958,0.4196,0.723,True
1287,bj920505,2025-06-09,54.00999832153321,57.88999938964844,hourly,10,False,0.5,1.02,46.6537,0.1362,0.1577,True,False,0.1989,0.1362,34.1652,0.3674,0.5808,True
1288,bj920748,2025-06-10,63.569999694824226,67.9800033569336,hourly,10,False,0.5,1.02,60.269,0.0519,0.0548,True,False,0.3403,0.0519,24.8036,0.6098,1.5629,True
1289,sz002199,2025-06-10,7.8400001525878915,7.989999771118164,hourly,10,False,0.5,1.02,7.1873,0.0833,0.0908,True,False,0.1691,0.0833,5.1447,0.3438,0.5239,True
1290,bj920505,2025-06-10,57.50999832153321,57.900001525878906,hourly,10,False,0.5,1.02,50.5615,0.1208,0.1374,True,False,0.2343,0.1208,34.4444,0.4011,0.6696,True
1291,bj920719,2025-06-10,15.479999542236328,15.5,hourly,10,False,0.5,1.02,14.5384,0.0608,0.0648,True,False,0.1193,0.0608,11.2776,0.2715,0.3726,True
1292,sz002882,2025-06-10,24.959999084472656,28.440000534057617,hourly,20,False,0.5,0.98,25.0088,0.002,-0.002,False,False,0.0669,0.002,17.2272,0.3098,0.4489,True
1293,bj920090,2025-06-10,7.170000076293945,7.639999866485596,hourly,10,False,0.5,1.02,6.8644,0.0426,0.0445,True,False,0.1012,0.0426,5.9996,0.1632,0.1951,True
1294,sz002250,2025-06-10,10.579999923706056,15.199999809265137,hourly,20,True,0.5,1.02,10.6325,0.005,-0.0049,False,False,0.0128,0.005,6.6475,0.3717,0.5916,True
1295,sz300255,2025-06-10,40.1500015258789,51.59999847412109,hourly,15,True,0.5,1.02,40.1844,0.0009,-0.0009,False,False,0.0846,0.0009,23.0522,0.4258,0.7417,True
1296,sz300368,2025-06-10,9.329999923706056,12.100000381469728,hourly,20,False,1.5,1.02,9.3242,0.0006,0.0006,True,False,0.123,0.0006,5.6122,0.3985,0.6624,True
1297,sz301287,2025-06-10,39.11000061035156,55.900001525878906,hourly,25,False,0.5,1.0,39.0913,0.0005,0.0005,True,False,0.0309,0.0005,30.6015,0.2176,0.278,True
1298,bj920403,2025-06-10,23.299999237060547,36.0,hourly,10,False,1.0,1.02,23.3607,0.0026,-0.0026,False,False,0.0913,0.0026,28.4198,0.2197,-0.1802,False
1299,bj920344,2025-06-10,23.20999908447266,27.40999984741211,hourly,10,False,1.5,0.95,23.2318,0.0009,-0.0009,False,False,0.0044,0.0009,20.1615,0.1313,0.1512,True
1300,sz300651,2025-06-10,25.299999237060547,34.04999923706055,hourly,20,False,1.0,0.98,25.2967,0.0001,0.0001,True,False,0.1406,0.0001,13.7793,0.4554,0.8361,True
1301,sz301141,2025-06-10,54.279998779296875,54.5099983215332,hourly,10,False,0.5,1.02,43.0886,0.2062,0.2597,True,False,0.2841,0.2062,36.1218,0.3345,0.5027,True
1302,sz300530,2025-06-10,33.5,47.310001373291016,daily,10,False,1.0,1.02,33.4231,0.0023,0.0023,True,False,0.0023,0.0044,24.9041,0.2566,0.3452,True
1303,sz301209,2025-06-10,90.5800018310547,102.01000213623048,daily,15,False,1.0,1.02,90.4757,0.0012,0.0012,True,False,0.0012,0.2954,71.6515,0.209,0.2642,True
1304,bj920748,2025-06-11,63.5,73.27999877929688,hourly,10,False,0.5,1.0,63.6054,0.0017,-0.0017,False,False,0.2865,0.0017,25.3037,0.6015,1.5095,True
1305,bj920061,2025-06-11,38.79999923706055,45.0,hourly,15,False,0.5,1.02,38.6269,0.0045,0.0045,True,False,0.0801,0.0045,33.666,0.1323,0.1525,True
1306,bj920719,2025-06-11,15.479999542236328,16.25,hourly,10,False,0.5,1.02,15.254,0.0146,0.0148,True,False,0.1098,0.0146,11.3445,0.2672,0.3645,True
1307,bj920505,2025-06-11,57.5099983215332,75.77999877929688,hourly,10,False,0.5,1.02,54.1729,0.058,0.0616,True,False,0.2217,0.058,34.6929,0.3967,0.6577,True
1308,bj920895,2025-06-11,33.639999389648445,38.95000076293945,hourly,25,False,0.5,1.0,33.6581,0.0005,-0.0005,False,False,0.1038,0.0005,20.0838,0.403,0.675,True
1309,bj920090,2025-06-11,7.170000076293945,7.650000095367432,hourly,10,False,1.0,1.02,7.1883,0.0025,-0.0025,False,False,0.0813,0.0025,6.0047,0.1625,0.1941,True
1310,bj920527,2025-06-11,20.100000381469727,24.459999084472656,hourly,20,True,0.5,1.02,20.0609,0.0019,0.002,True,False,0.0371,0.0019,16.8135,0.1635,0.1955,True
1311,bj920454,2025-06-11,18.79999923706055,20.8799991607666,hourly,20,True,0.5,1.02,16.6054,0.1167,0.1322,True,False,0.1276,0.1167,14.7647,0.2146,0.2733,True
1312,bj920403,2025-06-11,23.29999923706055,36.900001525878906,hourly,30,False,0.5,1.02,23.2998,0.0,0.0,True,False,0.0929,0.0,28.4431,0.2207,-0.1808,False
1313,sz002250,2025-06-11,10.560000419616697,12.649999618530272,hourly,25,True,1.5,1.02,10.5582,0.0002,0.0002,True,False,0.0042,0.0002,6.7764,0.3583,0.5583,True
1314,sz300804,2025-06-11,45.229999542236335,59.0099983215332,hourly,15,True,0.5,1.0,45.2738,0.001,-0.001,False,False,0.1613,0.001,25.2563,0.4416,0.7908,True
1315,sz300920,2025-06-11,42.06999969482422,46.7599983215332,daily,10,False,0.5,1.02,40.4731,0.038,0.0395,True,False,0.038,0.158,27.4511,0.3475,0.5325,True
1316,bj920017,2025-06-11,20.600000381469727,23.600000381469727,hourly,10,True,0.5,1.0,20.6078,0.0004,-0.0004,False,False,0.0495,0.0004,16.7658,0.1861,0.2287,True
1317,sz301141,2025-06-11,54.279998779296875,67.0,hourly,10,False,0.5,1.02,47.2721,0.1291,0.1482,True,False,0.2477,0.1291,36.169,0.3337,0.5007,True
1318,sz300651,2025-06-11,25.1299991607666,32.83000183105469,hourly,30,False,1.5,1.0,25.0265,0.0041,0.0041,True,False,0.0738,0.0041,14.0372,0.4414,0.7902,True
1319,sh600232,2025-06-11,6.070000171661378,8.0,hourly,20,True,1.0,1.0,6.0751,0.0008,-0.0008,False,False,0.0017,0.0008,5.3733,0.1148,0.1297,True
1320,sh600250,2025-06-11,10.399999618530273,13.0,hourly,15,False,1.0,1.0,10.4092,0.0009,-0.0009,False,False,0.0643,0.0009,8.3781,0.1944,0.2413,True
1321,sz301225,2025-06-11,70.06999969482422,83.9800033569336,hourly,15,True,1.5,0.95,70.2985,0.0033,-0.0033,False,False,0.0055,0.0033,48.8973,0.3022,0.433,True
1322,bj920748,2025-06-12,62.790000915527344,87.0,hourly,10,False,1.0,0.98,62.8293,0.0006,-0.0006,False,False,0.2291,0.0006,25.8798,0.5878,1.4262,True
1323,bj920075,2025-06-12,31.700000762939457,44.63999938964844,hourly,25,False,1.5,1.0,31.706,0.0002,-0.0002,False,False,0.0005,0.0002,27.9952,0.1169,0.1323,True
1324,bj920527,2025-06-12,20.100000381469727,26.100000381469727,hourly,25,False,0.5,0.95,20.079,0.001,0.001,True,False,0.0131,0.001,16.8652,0.1609,0.1918,True
1325,bj920505,2025-06-12,57.50999832153321,77.5,hourly,15,False,0.5,0.98,57.4746,0.0006,0.0006,True,False,0.149,0.0006,35.0594,0.3904,0.6404,True
1326,bj920781,2025-06-12,12.300000190734863,13.260000228881836,hourly,25,False,1.5,1.02,12.2982,0.0001,0.0001,True,False,0.0104,0.0001,10.4479,0.1506,0.1773,True
1327,bj920454,2025-06-12,18.799999237060547,24.0,hourly,10,False,1.0,1.02,18.7411,0.0031,0.0031,True,False,0.1309,0.0031,14.7826,0.2137,0.2718,True
1328,sz300804,2025-06-12,45.22999954223633,55.54999923706055,hourly,30,False,0.5,0.95,45.2279,0.0,0.0,True,False,0.1075,0.0,25.6377,0.4332,0.7642,True
1329,bj920061,2025-06-12,38.79999923706055,44.310001373291016,hourly,10,True,0.5,1.0,38.7738,0.0007,0.0007,True,False,0.0537,0.0007,33.6744,0.1321,0.1522,True
1330,bj920090,2025-06-12,7.170000076293946,7.949999809265137,hourly,25,False,1.0,1.02,7.1662,0.0005,0.0005,True,False,0.0595,0.0005,6.0146,0.1611,0.1921,True
1331,sz300237,2025-06-12,1.9199999570846558,2.490000009536743,hourly,10,False,0.5,1.0,1.9185,0.0008,0.0008,True,False,0.0773,0.0008,1.5757,0.1793,0.2185,True
1332,sz002199,2025-06-12,7.96999979019165,8.109999656677246,hourly,10,False,0.5,1.02,7.9117,0.0073,0.0074,True,False,0.1283,0.0073,5.2513,0.3411,0.5177,True
1333,sh600250,2025-06-12,10.399999618530277,14.100000381469728,hourly,20,False,1.0,0.95,10.3961,0.0004,0.0004,True,False,0.0125,0.0004,8.4231,0.1901,0.2347,True
1334,bj920017,2025-06-12,20.600000381469734,24.899999618530277,hourly,20,False,1.5,1.02,20.5938,0.0003,0.0003,True,False,0.0268,0.0003,16.8382,0.1826,0.2234,True
1335,bj920199,2025-06-12,30.700000762939457,31.809999465942383,hourly,10,False,0.5,1.02,30.4083,0.0095,0.0096,True,False,0.0856,0.0095,24.7242,0.1947,0.2417,True
1336,sz300844,2025-06-12,42.20000076293945,51.20000076293945,daily,15,False,1.0,0.95,42.1144,0.002,0.002,True,False,0.002,0.0116,44.7601,0.0607,-0.0572,False
1337,bj920719,2025-06-12,15.47999954223633,16.979999542236328,hourly,10,False,1.0,1.02,15.4706,0.0006,0.0006,True,False,0.0986,0.0006,11.4117,0.2628,0.3565,True
1338,bj920047,2025-06-12,18.879999160766605,22.729999542236328,daily,10,False,1.0,1.0,18.8557,0.0013,0.0013,True,False,0.0013,0.0109,15.5209,0.1779,0.2164,True
1339,bj920807,2025-06-13,12.979999542236328,15.0,hourly,10,False,0.5,1.02,12.8929,0.0067,0.0068,True,False,0.116,0.0067,10.1652,0.2169,0.2769,True
1340,bj920781,2025-06-13,12.300000190734863,14.59000015258789,hourly,20,False,0.5,0.98,12.2921,0.0006,0.0006,True,False,0.007,0.0006,10.4936,0.1469,0.1721,True
1341,bj920061,2025-06-13,38.79999923706054,43.84999847412109,hourly,10,True,0.5,0.95,38.7991,0.0,0.0,True,False,0.0311,0.0,33.705,0.1313,0.1512,True
1342,bj920527,2025-06-13,20.10000038146973,23.200000762939453,hourly,20,True,1.5,1.02,20.0957,0.0002,0.0002,True,False,0.0088,0.0002,16.9268,0.1579,0.1875,True
1343,bj920505,2025-06-13,57.5099983215332,68.0,hourly,25,False,1.0,1.0,57.6191,0.0019,-0.0019,False,False,0.0926,0.0019,35.5062,0.3826,0.6197,True
1344,bj920075,2025-06-13,31.70000076293946,41.0099983215332,daily,10,True,0.5,1.02,31.6709,0.0009,0.0009,True,False,0.0009,0.0011,28.0784,0.1142,0.129,True
1345,bj920592,2025-06-13,53.400001525878906,70.41000366210938,daily,10,True,0.5,0.95,53.3385,0.0012,0.0012,True,False,0.0012,0.127,54.173,0.0145,-0.0143,False
1346,sz300689,2025-06-13,39.93000030517579,57.27999877929688,hourly,15,True,1.5,1.02,39.9517,0.0005,-0.0005,False,False,0.0223,0.0005,32.5106,0.1858,0.2282,True
1347,sz002190,2025-06-13,34.279998779296875,36.36000061035156,hourly,20,False,1.0,1.02,34.3356,0.0016,-0.0016,False,False,0.0333,0.0016,24.7516,0.278,0.385,True
1348,bj920363,2025-06-13,21.559999465942383,24.690000534057617,daily,10,False,0.5,1.02,20.8725,0.0319,0.0329,True,False,0.0319,0.2105,18.3028,0.1511,0.178,True
1349,bj920204,2025-06-13,21.889999389648445,24.38999938964844,hourly,10,False,0.5,1.02,21.5201,0.0169,0.0172,True,False,0.0585,0.0169,19.0274,0.1308,0.1504,True
1350,sh600980,2025-06-13,21.600000381469727,27.3700008392334,hourly,20,False,1.5,0.98,21.5915,0.0004,0.0004,True,True,0.0154,0.0004,16.2722,0.2467,0.3274,True
1351,bj920017,2025-06-13,20.60000038146973,23.3799991607666,hourly,25,False,1.5,1.0,20.5928,0.0003,0.0003,True,False,0.011,0.0003,16.9147,0.1789,0.2179,True
1352,bj920454,2025-06-13,18.79999923706055,21.049999237060547,hourly,15,False,1.5,1.0,18.7361,0.0034,0.0034,True,False,0.0865,0.0034,14.8243,0.2115,0.2682,True
1353,sh600353,2025-06-13,11.300000190734863,14.140000343322754,hourly,20,False,1.0,0.98,11.3016,0.0001,-0.0001,False,False,0.0456,0.0001,8.6274,0.2365,0.3098,True
1354,bj920019,2025-06-13,22.06999969482422,25.5,hourly,15,False,0.5,0.95,22.0533,0.0008,0.0008,True,False,0.0021,0.0008,20.2653,0.0818,0.0891,True
1355,bj920169,2025-06-13,36.369998931884766,39.11000061035156,hourly,10,True,0.5,1.02,32.4449,0.1079,0.121,True,False,0.1745,0.1079,21.9526,0.3964,0.6568,True
1356,sz002199,2025-06-13,8.029999732971191,8.289999961853027,hourly,10,False,0.5,1.02,7.9786,0.0064,0.0064,True,False,0.1127,0.0064,5.3126,0.3384,0.5115,True
1357,sz002365,2025-06-13,23.049999237060547,26.0,hourly,10,False,0.5,1.02,21.4284,0.0703,0.0757,True,False,0.1351,0.0703,13.1269,0.4305,0.7559,True
1358,bj920592,2025-06-16,53.130001068115234,79.0,daily,15,True,0.5,0.95,53.1272,0.0001,0.0001,True,False,0.0001,0.0376,54.1925,0.02,-0.0196,False
1359,bj920807,2025-06-16,12.979999542236328,16.510000228881836,hourly,10,False,0.5,0.95,12.9769,0.0002,0.0002,True,False,0.0864,0.0002,10.1874,0.2151,0.2741,True
1360,bj920088,2025-06-16,37.0,45.70000076293945,hourly,10,False,1.0,1.02,36.9069,0.0025,0.0025,True,False,0.1535,0.0025,25.0916,0.3218,0.4746,True
1361,bj920748,2025-06-16,60.400001525878906,88.88999938964844,hourly,30,False,1.5,0.98,60.354,0.0008,0.0008,True,False,0.0375,0.0008,27.5371,0.5441,1.1934,True
1362,bj920061,2025-06-16,38.79999923706055,44.70000076293945,hourly,10,True,1.0,0.95,38.801,0.0,-0.0,False,False,0.0115,0.0,33.7609,0.1299,0.1493,True
1363,bj920227,2025-06-16,68.0,73.9000015258789,hourly,10,False,0.5,1.02,62.8316,0.076,0.0823,True,False,0.1268,0.076,56.2243,0.1732,0.2094,True
1364,bj920075,2025-06-16,31.700000762939453,41.900001525878906,daily,30,False,0.5,1.02,31.6994,0.0,0.0,True,False,0.0,0.0006,28.1995,0.1104,0.1241,True
1365,bj920781,2025-06-16,12.300000190734863,13.729999542236328,hourly,15,False,0.5,0.95,12.2977,0.0002,0.0002,True,False,0.0062,0.0002,10.5402,0.1431,0.167,True
1366,sz300804,2025-06-16,44.779998779296875,61.310001373291016,hourly,30,True,0.5,0.98,44.7699,0.0002,0.0002,True,False,0.0153,0.0002,26.5976,0.406,0.6836,True
1367,sz300561,2025-06-16,10.829999923706055,12.550000190734863,daily,10,False,1.5,0.95,11.1587,0.0304,-0.0295,False,False,0.0304,0.0745,15.3762,0.4198,-0.2957,False
1368,bj920522,2025-06-16,44.56000137329102,51.27999877929688,daily,15,True,1.0,1.0,44.5686,0.0002,-0.0002,False,False,0.0002,0.2627,47.705,0.0706,-0.0659,False
1369,bj920204,2025-06-16,21.799999237060547,25.229999542236328,hourly,25,False,1.0,1.02,21.8097,0.0004,-0.0004,False,False,0.0399,0.0004,19.0531,0.126,0.1442,True
1370,bj920719,2025-06-16,17.219999313354496,17.889999389648438,hourly,10,False,0.5,1.02,16.4109,0.047,0.0493,True,False,0.1701,0.047,11.5566,0.3289,0.4901,True
1371,sz300164,2025-06-16,5.400000095367432,5.699999809265137,hourly,10,False,0.5,1.02,4.8052,0.1101,0.1238,True,False,0.1823,0.1101,3.9021,0.2774,0.3839,True
1372,bj920527,2025-06-16,20.100000381469727,22.06999969482422,hourly,25,True,0.5,0.95,20.1128,0.0006,-0.0006,False,False,0.0022,0.0006,16.9968,0.1544,0.1826,True
1373,bj920171,2025-06-16,29.149999618530273,35.0,daily,10,False,1.0,1.02,29.1567,0.0002,-0.0002,False,False,0.0002,0.0002,25.757,0.1164,0.1317,True
1374,bj920454,2025-06-16,18.799999237060547,22.299999237060547,hourly,20,False,1.5,0.98,18.7991,0.0001,0.0001,True,False,0.0544,0.0001,14.8867,0.2082,0.2629,True
1375,bj920169,2025-06-16,36.369998931884766,39.900001525878906,hourly,10,False,0.5,1.02,34.2735,0.0576,0.0612,True,False,0.1554,0.0576,22.2662,0.3878,0.6334,True
1376,sz300204,2025-06-16,31.780000686645508,39.09999847412109,hourly,10,True,0.5,1.0,31.7312,0.0015,0.0015,True,False,0.1284,0.0015,13.0459,0.5895,1.436,True
1377,bj920088,2025-06-17,37.0,58.20000076293945,hourly,20,False,1.0,1.0,36.9628,0.001,0.001,True,False,0.1285,0.001,25.2332,0.318,0.4663,True
1378,bj920227,2025-06-17,68.0,78.0,hourly,10,False,0.5,1.02,64.1176,0.0571,0.0606,True,False,0.127,0.0571,56.1498,0.1743,0.211,True
1379,bj920807,2025-06-17,12.979999542236328,15.75,hourly,25,False,1.0,0.98,12.9839,0.0003,-0.0003,False,False,0.0329,0.0003,10.2314,0.2118,0.2686,True
1380,bj920199,2025-06-17,32.41999816894531,41.9900016784668,hourly,10,False,0.5,1.02,31.975,0.0137,0.0139,True,False,0.0673,0.0137,25.0148,0.2284,0.296,True
1381,bj920781,2025-06-17,12.300000190734862,14.649999618530272,hourly,15,True,0.5,0.95,12.2995,0.0,0.0,True,False,0.0028,0.0,10.5876,0.1392,0.1617,True
1382,sh603398,2025-06-17,4.53000020980835,4.579999923706055,hourly,20,False,1.5,1.02,4.5297,0.0001,0.0001,True,False,0.0005,0.0001,6.8779,0.5183,-0.3414,False
1383,bj920592,2025-06-17,53.130001068115234,75.36000061035156,daily,15,False,1.5,1.0,53.1259,0.0001,0.0001,True,False,0.0001,0.0066,54.2869,0.0218,-0.0213,False
1384,bj920719,2025-06-17,16.979999542236328,18.18000030517578,hourly,10,False,0.5,1.02,16.1968,0.0461,0.0484,True,False,0.1387,0.0461,11.6343,0.3148,0.4595,True
1385,bj920001,2025-06-17,23.40999984741211,26.520000457763672,hourly,15,True,0.5,1.02,23.4093,0.0,0.0,True,False,0.0448,0.0,20.1667,0.1385,0.1608,True
1386,sz002199,2025-06-17,8.029999732971191,8.930000305175781,hourly,20,False,1.5,1.02,8.0311,0.0001,-0.0001,False,False,0.0481,0.0001,5.4604,0.32,0.4706,True
1387,bj920305,2025-06-17,8.3100004196167,9.5600004196167,daily,10,False,1.5,0.95,9.6335,0.1593,-0.1374,False,False,0.1593,0.1925,15.5866,0.8756,-0.4668,False
1388,bj920454,2025-06-17,18.79999923706055,20.100000381469727,hourly,10,True,1.5,0.95,18.7864,0.0007,0.0007,True,False,0.0362,0.0007,14.9598,0.2043,0.2567,True
1389,bj920010,2025-06-17,13.109999656677248,16.15999984741211,daily,10,True,1.0,1.02,13.1074,0.0002,0.0002,True,False,0.0002,0.0005,12.5328,0.044,0.0461,True
1390,sz002828,2025-06-17,10.000000000000004,12.579999923706056,hourly,10,False,1.0,0.95,9.9986,0.0001,0.0001,True,False,0.0361,0.0001,8.4123,0.1588,0.1887,True
1391,sz300164,2025-06-17,5.4000000953674325,7.260000228881836,hourly,10,False,0.5,1.02,5.2773,0.0227,0.0232,True,False,0.1696,0.0227,3.9121,0.2755,0.3803,True
1392,sh603226,2025-06-17,10.449999809265135,11.68000030517578,hourly,10,False,1.5,1.0,10.4522,0.0002,-0.0002,False,False,0.1006,0.0002,6.8157,0.3478,0.5332,True
1393,sz300157,2025-06-17,4.739999771118165,5.909999847412109,hourly,10,False,0.5,1.0,4.7389,0.0002,0.0002,True,False,0.1523,0.0002,3.2674,0.3107,0.4507,True
1394,bj920284,2025-06-17,26.579999923706055,29.6200008392334,hourly,15,False,1.5,0.95,26.5874,0.0003,-0.0003,False,False,0.0009,0.0003,22.7927,0.1425,0.1662,True
1395,bj920088,2025-06-18,37.0,50.65999984741211,hourly,30,False,1.0,0.98,36.9364,0.0017,0.0017,True,False,0.029,0.0017,25.4881,0.3111,0.4517,True
1396,sh603398,2025-06-18,4.5900001525878915,5.03000020980835,daily,10,True,1.5,1.0,4.5896,0.0001,0.0001,True,False,0.0001,0.0004,6.7448,0.4695,-0.3195,False
1397,bj920199,2025-06-18,32.41999816894531,36.9900016784668,hourly,15,True,1.0,1.02,32.4182,0.0001,0.0001,True,False,0.0371,0.0001,25.1601,0.2239,0.2885,True
1398,bj920001,2025-06-18,23.40999984741211,27.1200008392334,hourly,25,False,1.0,1.0,23.405,0.0002,0.0002,True,False,0.034,0.0002,20.2012,0.1371,0.1588,True
1399,bj920204,2025-06-18,21.799999237060547,26.32999992370605,hourly,20,True,1.5,1.02,21.7933,0.0003,0.0003,True,False,0.0042,0.0003,19.1461,0.1217,0.1386,True
1400,bj920719,2025-06-18,16.979999542236335,18.899999618530277,hourly,10,False,1.0,1.02,16.9889,0.0005,-0.0005,False,False,0.1161,0.0005,11.7217,0.3097,0.4486,True
1401,bj920090,2025-06-18,7.510000228881837,8.199999809265137,hourly,10,True,0.5,1.02,7.474,0.0048,0.0048,True,False,0.0838,0.0048,6.0648,0.1924,0.2383,True
1402,bj920821,2025-06-18,30.5,35.959999084472656,daily,15,True,0.5,0.98,30.5381,0.0012,-0.0012,False,False,0.0012,0.0327,31.5954,0.0359,-0.0347,False
1403,bj920807,2025-06-18,12.97999954223633,13.90999984741211,hourly,30,False,1.5,0.98,12.9635,0.0013,0.0013,True,False,0.0177,0.0013,10.2826,0.2078,0.2623,True
1404,sz300875,2025-06-18,39.5,48.0,hourly,10,False,0.5,1.02,37.3096,0.0555,0.0587,True,False,0.211,0.0555,26.3186,0.3337,0.5008,True
1405,sh603657,2025-06-18,29.8799991607666,34.34000015258789,hourly,15,True,1.0,0.98,29.9044,0.0008,-0.0008,False,False,0.0379,0.0008,19.4824,0.348,0.5337,True
1406,sz301209,2025-06-18,92.01000213623048,98.0,daily,15,False,0.5,1.0,91.4658,0.0059,0.0059,True,False,0.0059,0.266,76.9177,0.164,0.1962,True
1407,sz002199,2025-06-18,8.029999732971193,9.100000381469728,hourly,15,True,0.5,1.0,8.0404,0.0013,-0.0013,False,False,0.0247,0.0013,5.5442,0.3096,0.4484,True
1408,bj920169,2025-06-18,36.36999893188477,43.5,hourly,10,False,1.0,1.0,36.298,0.002,0.002,True,False,0.1108,0.002,22.925,0.3697,0.5865,True
1409,sh600358,2025-06-18,5.949999809265138,6.78000020980835,daily,10,True,0.5,0.98,5.9473,0.0005,0.0005,True,False,0.0005,0.0507,4.694,0.2111,0.2676,True
1410,bj920363,2025-06-18,21.559999465942386,25.0,daily,15,False,0.5,1.02,21.5784,0.0009,-0.0009,False,False,0.0009,0.1414,18.5301,0.1405,0.1635,True
1411,sz300581,2025-06-18,15.979999542236328,18.3700008392334,hourly,10,False,0.5,0.98,15.9553,0.0015,0.0015,True,False,0.0911,0.0015,11.6735,0.2695,0.3689,True
1412,bj920227,2025-06-18,68.0,74.69999694824219,hourly,10,False,1.0,1.0,68.2367,0.0035,-0.0035,False,False,0.1154,0.0035,56.0813,0.1753,0.2125,True
1413,bj920088,2025-06-19,37.0,56.91999816894531,hourly,15,True,1.5,0.95,37.0206,0.0006,-0.0006,False,False,0.005,0.0006,25.7517,0.304,0.4368,True
1414,sh603398,2025-06-19,4.590000152587891,5.0,hourly,30,True,1.5,1.0,4.5915,0.0003,-0.0003,False,False,0.0015,0.0003,6.6202,0.4423,-0.3067,False
1415,bj920199,2025-06-19,32.41999816894531,37.540000915527344,hourly,15,True,1.0,0.95,32.3054,0.0035,0.0035,True,False,0.0207,0.0035,25.3146,0.2192,0.2807,True
1416,bj920719,2025-06-19,16.979999542236328,20.700000762939453,hourly,30,False,0.5,1.02,16.989,0.0005,-0.0005,False,False,0.0943,0.0005,11.8133,0.3043,0.4374,True
1417,bj920592,2025-06-19,52.479999542236335,68.66000366210938,hourly,10,True,1.0,0.98,52.5015,0.0004,-0.0004,False,False,0.0005,0.0004,54.5846,0.0401,-0.0386,False
1418,bj920204,2025-06-19,21.799999237060547,26.239999771118164,hourly,30,True,1.0,1.0,21.7787,0.001,0.001,True,False,0.0021,0.001,19.207,0.1189,0.135,True
1419,bj920895,2025-06-19,32.13999938964844,40.290000915527344,daily,15,False,0.5,0.98,32.1631,0.0007,-0.0007,False,False,0.0007,0.0195,22.6616,0.2949,0.4183,True
1420,bj920821,2025-06-19,30.5,35.0,daily,15,True,1.0,1.02,30.435,0.0021,0.0021,True,False,0.0021,0.0061,31.381,0.0289,-0.0281,False
1421,sz002017,2025-06-19,14.25,16.600000381469727,hourly,10,False,0.5,0.98,14.2365,0.0009,0.0009,True,False,0.0977,0.0009,9.9887,0.299,0.4266,True
1422,sh600722,2025-06-19,5.949999809265137,7.809999942779541,hourly,15,True,1.5,0.95,5.9563,0.0011,-0.0011,False,False,0.0014,0.0011,5.0396,0.153,0.1807,True
1423,sz301357,2025-06-19,52.75000000000001,60.75,hourly,10,False,0.5,1.02,49.8055,0.0558,0.0591,True,False,0.2419,0.0558,32.451,0.3848,0.6255,True
1424,sz002630,2025-06-19,2.450000047683716,2.5799999237060547,daily,10,False,1.0,1.0,2.4503,0.0001,-0.0001,False,False,0.0001,0.0004,2.9029,0.1849,-0.156,False
1425,bj920010,2025-06-19,13.109999656677246,16.3700008392334,hourly,20,False,1.5,0.95,13.1073,0.0002,0.0002,True,False,0.0008,0.0002,12.5534,0.0425,0.0443,True
1426,bj920227,2025-06-19,67.7300033569336,70.4800033569336,hourly,10,False,1.0,1.0,67.7725,0.0006,-0.0006,False,False,0.0889,0.0006,56.0669,0.1722,0.208,True
1427,sz002199,2025-06-19,8.029999732971191,8.75,hourly,20,True,1.0,1.0,8.0243,0.0007,0.0007,True,False,0.0053,0.0007,5.6317,0.2987,0.4259,True
1428,bj920090,2025-06-19,7.510000228881837,7.590000152587891,hourly,25,False,0.5,1.0,7.4999,0.0013,0.0013,True,False,0.0695,0.0013,6.0799,0.1904,0.2352,True
1429,bj920001,2025-06-19,23.40999984741211,25.5,hourly,10,False,1.5,0.95,23.4039,0.0003,0.0003,True,False,0.0173,0.0003,20.2476,0.1351,0.1562,True
1430,sz300804,2025-06-19,44.63999938964844,56.59000015258789,daily,15,False,0.5,1.02,44.2399,0.009,0.009,True,False,0.009,0.0135,28.3546,0.3648,0.5744,True
1431,bj920719,2025-06-20,16.979999542236328,21.799999237060547,hourly,25,False,1.0,1.0,16.969,0.0006,0.0006,True,False,0.0552,0.0006,11.9203,0.298,0.4245,True
1432,bj920895,2025-06-20,32.13999938964844,49.900001525878906,daily,20,False,0.5,1.02,32.1697,0.0009,-0.0009,False,False,0.0009,0.0384,23.0963,0.2814,0.3916,True
1433,sz002199,2025-06-20,8.029999732971191,8.800000190734863,hourly,20,True,1.5,0.98,8.032,0.0003,-0.0003,False,False,0.0023,0.0003,5.7175,0.288,0.4045,True
1434,sz300204,2025-06-20,31.780000686645508,33.68000030517578,hourly,10,False,0.5,0.98,31.7452,0.0011,0.0011,True,False,0.0556,0.0011,15.2798,0.5192,1.0799,True
1435,sz300483,2025-06-20,10.810000419616701,15.329999923706056,hourly,15,True,0.5,1.02,10.8053,0.0004,0.0004,True,False,0.0579,0.0004,8.6665,0.1983,0.2473,True
1436,bj920152,2025-06-20,20.110000610351562,23.65999984741211,hourly,30,False,1.5,1.0,20.099,0.0005,0.0005,True,False,0.002,0.0005,18.6274,0.0737,0.0796,True
1437,bj920914,2025-06-20,22.979999542236328,23.780000686645508,hourly,10,False,0.5,1.02,20.6304,0.1022,0.1139,True,False,0.1495,0.1022,18.1728,0.2092,0.2645,True
1438,sz301292,2025-06-20,19.629999160766605,23.43000030517578,hourly,10,False,0.5,1.02,17.7658,0.095,0.1049,True,False,0.1784,0.095,14.0236,0.2856,0.3998,True
1439,sz300485,2025-06-20,12.600000381469727,14.359999656677246,hourly,15,True,0.5,1.02,12.5019,0.0078,0.0078,True,False,0.1058,0.0078,8.5254,0.3234,0.4779,True
1440,bj920821,2025-06-20,30.500000000000004,30.989999771118164,hourly,20,False,1.0,1.0,30.4951,0.0002,0.0002,True,False,0.0011,0.0002,31.1775,0.0222,-0.0217,False
1441,sz300269,2025-06-20,4.869999885559083,5.599999904632568,hourly,10,False,0.5,1.0,4.8584,0.0024,0.0024,True,False,0.1345,0.0024,3.7213,0.2359,0.3087,True
1442,sz002235,2025-06-20,8.47999954223633,9.220000267028809,hourly,10,False,0.5,1.02,7.6563,0.0971,0.1076,True,False,0.225,0.0971,5.2077,0.3859,0.6284,True
1443,sz300804,2025-06-20,43.63000106811524,60.0,daily,15,False,0.5,0.98,43.3898,0.0055,0.0055,True,False,0.0055,0.0583,28.9817,0.3357,0.5054,True
1444,sz002365,2025-06-20,20.989999771118164,26.18000030517578,daily,10,False,1.0,1.02,20.9854,0.0002,0.0002,True,False,0.0002,0.003,14.6343,0.3028,0.4343,True
1445,sz002826,2025-06-20,17.530000686645508,24.700000762939453,daily,20,False,0.5,0.98,17.4585,0.0041,0.0041,True,False,0.0041,0.0513,12.8279,0.2682,0.3666,True
1446,sz300619,2025-06-20,24.729999542236328,27.40999984741211,hourly,15,False,1.5,1.0,24.7384,0.0003,-0.0003,False,False,0.0304,0.0003,22.5138,0.0896,0.0984,True
1447,bj920914,2025-06-23,25.54999923706055,27.38999938964844,hourly,10,False,0.5,1.02,21.9895,0.1394,0.1619,True,False,0.2317,0.1394,18.1724,0.2888,0.406,True
1448,bj920227,2025-06-23,67.19999694824219,83.0,hourly,10,False,1.0,1.0,67.2743,0.0011,-0.0011,False,False,0.0727,0.0011,56.0654,0.1657,0.1986,True
1449,bj920748,2025-06-23,58.18000030517578,76.0,daily,15,False,0.5,1.02,57.9912,0.0032,0.0033,True,False,0.0032,0.0456,32.8006,0.4362,0.7737,True
1450,bj920088,2025-06-23,37.0,40.0,hourly,30,True,1.5,0.98,36.8864,0.0031,0.0031,True,False,0.0044,0.0031,26.4993,0.2838,0.3963,True
1451,bj920895,2025-06-23,31.899999618530273,43.400001525878906,daily,10,True,0.5,0.98,31.8634,0.0011,0.0011,True,False,0.0011,0.0665,23.5429,0.262,0.355,True
1452,sz300204,2025-06-23,31.780000686645508,36.150001525878906,hourly,20,True,1.5,1.02,31.7813,0.0,-0.0,False,False,0.0544,0.0,15.8338,0.5018,1.0071,True
1453,bj920505,2025-06-23,61.29999923706055,64.0,hourly,20,True,1.0,1.0,61.2626,0.0006,0.0006,True,False,0.0667,0.0006,39.1124,0.362,0.5673,True
1454,bj920090,2025-06-23,7.920000076293945,8.100000381469727,hourly,10,True,0.5,1.02,7.7618,0.02,0.0204,True,False,0.1007,0.02,6.1198,0.2273,0.2942,True
1455,sz301292,2025-06-23,19.54000091552734,25.32999992370605,hourly,20,False,0.5,1.02,19.5134,0.0014,0.0014,True,False,0.1315,0.0014,14.0899,0.2789,0.3868,True
1456,bj920001,2025-06-23,23.399999618530273,26.86000061035156,hourly,10,True,1.0,0.95,23.3987,0.0001,0.0001,True,False,0.011,0.0001,20.3518,0.1303,0.1498,True
1457,bj920807,2025-06-23,13.510000228881836,13.84000015258789,hourly,10,True,1.0,1.0,13.5076,0.0002,0.0002,True,False,0.0513,0.0002,10.4569,0.226,0.292,True
1458,sz002235,2025-06-23,8.310000419616701,10.1899995803833,hourly,10,False,0.5,1.0,8.3282,0.0022,-0.0022,False,False,0.1638,0.0022,5.2551,0.3676,0.5813,True
1459,sh600110,2025-06-23,5.519999980926514,5.519999980926514,hourly,10,False,0.5,1.02,4.8979,0.1127,0.127,True,False,0.269,0.1127,3.3681,0.3898,0.6389,True
1460,sh601606,2025-06-23,18.180000305175785,19.280000686645508,hourly,10,False,0.5,1.02,17.3003,0.0484,0.0508,True,False,0.1876,0.0484,12.4286,0.3164,0.4628,True
1461,bj920169,2025-06-23,36.369998931884766,36.400001525878906,hourly,25,False,1.0,0.95,36.3388,0.0009,0.0009,True,False,0.0238,0.0009,24.0301,0.3393,0.5135,True
1462,bj920152,2025-06-23,20.110000610351562,23.15999984741211,hourly,25,True,1.5,1.0,20.1005,0.0005,0.0005,True,False,0.0005,0.0005,18.6713,0.0715,0.0771,True
1463,bj920592,2025-06-23,50.91999816894531,68.18000030517578,hourly,15,False,1.0,1.0,50.9239,0.0001,-0.0001,False,False,0.0027,0.0001,54.92,0.0786,-0.0728,False
1464,sz002882,2025-06-23,30.379999160766605,31.68000030517578,hourly,10,False,0.5,1.02,27.4145,0.0976,0.1082,True,False,0.191,0.0976,19.0089,0.3743,0.5982,True
1465,bj920571,2025-06-23,11.4399995803833,11.5600004196167,hourly,30,False,1.0,0.98,11.4362,0.0003,0.0003,True,False,0.0012,0.0003,8.359,0.2693,0.3686,True
1466,sz301357,2025-06-23,52.75000000000001,53.31999969482422,hourly,10,False,1.0,0.95,52.7353,0.0003,0.0003,True,False,0.1457,0.0003,33.001,0.3744,0.5984,True
1467,bj920914,2025-06-24,25.549999237060554,28.01000022888184,hourly,10,False,0.5,1.02,24.4985,0.0412,0.0429,True,False,0.1972,0.0412,18.1936,0.2879,0.4043,True
1468,bj920719,2025-06-24,16.979999542236328,21.65999984741211,hourly,30,True,1.0,1.02,16.9986,0.0011,-0.0011,False,False,0.0075,0.0011,12.2096,0.2809,0.3907,True
1469,bj920895,2025-06-24,31.899999618530273,36.88999938964844,daily,15,False,1.0,1.02,31.9545,0.0017,-0.0017,False,False,0.0017,0.0951,23.9677,0.2487,0.331,True
1470,bj920088,2025-06-24,37.0,40.54999923706055,daily,10,False,1.0,1.02,36.7645,0.0064,0.0064,True,False,0.0064,0.0178,26.887,0.2733,0.3761,True
1471,sh603398,2025-06-24,4.619999885559082,4.800000190734863,hourly,30,False,1.5,1.0,4.6176,0.0005,0.0005,True,False,0.0007,0.0005,6.2833,0.36,-0.2647,False
1472,bj920227,2025-06-24,67.1999969482422,78.0,hourly,15,False,1.5,1.02,67.2328,0.0005,-0.0005,False,False,0.0347,0.0005,56.134,0.1647,0.1971,True
1473,bj920199,2025-06-24,33.869998931884766,35.29999923706055,hourly,20,False,0.5,0.98,33.8967,0.0008,-0.0008,False,False,0.0556,0.0008,25.7842,0.2387,0.3136,True
1474,sz002235,2025-06-24,8.3100004196167,9.65999984741211,hourly,20,False,0.5,0.98,8.307,0.0004,0.0004,True,False,0.1188,0.0004,5.3126,0.3607,0.5642,True
1475,bj920522,2025-06-24,45.47999954223633,51.5,daily,20,True,1.0,1.02,45.4788,0.0,0.0,True,False,0.0,0.2708,45.9286,0.0099,-0.0098,False
1476,sz002199,2025-06-24,8.029999732971195,9.350000381469728,hourly,25,False,1.0,0.95,8.0391,0.0011,-0.0011,False,False,0.0015,0.0011,5.8956,0.2658,0.362,True
1477,bj920821,2025-06-24,30.399999618530277,34.150001525878906,daily,20,False,0.5,1.02,30.3983,0.0001,0.0001,True,False,0.0001,0.0001,30.8128,0.0136,-0.0134,False
1479,bj920221,2025-06-24,20.600000381469727,25.100000381469727,hourly,15,False,1.0,0.98,20.5727,0.0013,0.0013,True,False,0.0532,0.0013,18.3865,0.1075,0.1204,True
1480,bj920152,2025-06-24,20.110000610351562,24.270000457763672,hourly,25,False,1.5,0.95,20.1252,0.0008,-0.0008,False,False,0.0023,0.0008,18.7212,0.0691,0.0742,True
1481,sz002882,2025-06-24,31.510000228881836,34.5,hourly,10,False,0.5,1.02,29.0645,0.0776,0.0841,True,False,0.1929,0.0776,19.2156,0.3902,0.6398,True
1482,bj920454,2025-06-24,19.149999618530273,21.21999931335449,hourly,20,False,1.5,1.02,19.1756,0.0013,-0.0013,False,False,0.0154,0.0013,15.4238,0.1946,0.2416,True
1483,bj920284,2025-06-24,28.450000762939453,32.310001373291016,hourly,10,False,0.5,1.02,28.4577,0.0003,-0.0003,False,False,0.0361,0.0003,23.5309,0.1729,0.209,True
1484,sh600110,2025-06-24,5.519999980926514,6.400000095367432,hourly,10,False,0.5,1.02,5.1518,0.0667,0.0715,True,False,0.2285,0.0667,3.3892,0.386,0.6287,True
1485,bj920914,2025-06-25,25.549999237060547,26.5,hourly,10,False,1.0,1.02,25.516,0.0013,0.0013,True,False,0.1634,0.0013,18.2377,0.2862,0.4009,True
1486,bj920895,2025-06-25,31.899999618530273,37.0,daily,20,False,0.5,0.98,31.9796,0.0025,-0.0025,False,False,0.0025,0.1076,24.3819,0.2357,0.3083,True
1487,bj920790,2025-06-25,46.00999832153321,67.19999694824219,hourly,10,False,0.5,1.02,45.1333,0.0191,0.0194,True,False,0.1415,0.0191,36.3042,0.2109,0.2673,True
1488,bj920592,2025-06-25,50.91999816894531,60.45000076293945,hourly,20,True,1.0,1.0,50.9014,0.0004,0.0004,True,False,0.0006,0.0004,55.2389,0.0848,-0.0782,False
1489,bj920227,2025-06-25,67.19999694824219,79.87000274658203,hourly,10,True,1.0,0.95,67.1008,0.0015,0.0015,True,False,0.0051,0.0015,56.2829,0.1625,0.194,True
1490,bj920305,2025-06-25,10.310000419616701,10.600000381469728,daily,25,False,1.0,0.98,10.3101,0.0,-0.0,False,False,0.0,0.0234,13.9053,0.3487,-0.2586,False
1491,sh603398,2025-06-25,4.619999885559082,5.340000152587891,hourly,30,False,1.0,0.98,4.6196,0.0001,0.0001,True,False,0.0002,0.0001,6.1814,0.338,-0.2526,False
1492,sh600110,2025-06-25,5.519999980926514,6.849999904632568,hourly,10,False,1.0,1.0,5.5232,0.0006,-0.0006,False,False,0.1761,0.0006,3.4189,0.3806,0.6146,True
1493,sz002199,2025-06-25,8.029999732971193,9.270000457763672,hourly,30,True,1.0,0.98,8.0224,0.0009,0.0009,True,False,0.0012,0.0009,5.9888,0.2542,0.3408,True
1494,bj920522,2025-06-25,45.47999954223632,49.59999847412109,daily,30,False,0.5,1.0,45.4136,0.0015,0.0015,True,False,0.0015,0.249,45.7179,0.0052,-0.0052,False
1495,sh603928,2025-06-25,15.369999885559082,18.459999084472656,hourly,10,False,0.5,0.98,15.2959,0.0048,0.0048,True,False,0.1453,0.0048,10.1112,0.3421,0.5201,True
1496,bj920001,2025-06-25,23.399999618530277,27.26000022888184,hourly,10,True,1.0,0.95,23.3923,0.0003,0.0003,True,False,0.001,0.0003,20.4916,0.1243,0.1419,True
1497,sz002846,2025-06-25,15.090000152587892,17.5,hourly,10,False,0.5,1.0,15.0562,0.0022,0.0022,True,False,0.1267,0.0022,10.0805,0.332,0.497,True
1498,sz300801,2025-06-25,22.389999389648438,29.040000915527344,hourly,10,False,1.5,1.0,22.4787,0.004,-0.0039,False,False,0.1917,0.004,15.5291,0.3064,0.4418,True
1499,sz002882,2025-06-25,31.510000228881836,33.439998626708984,hourly,10,False,0.5,1.02,30.9637,0.0173,0.0176,True,False,0.1506,0.0173,19.4583,0.3825,0.6194,True
1500,bj920221,2025-06-25,20.600000381469727,23.5,hourly,20,False,0.5,0.95,20.6086,0.0004,-0.0004,False,False,0.0208,0.0004,18.3859,0.1075,0.1204,True
1501,sz002125,2025-06-25,13.119999885559082,16.8799991607666,hourly,15,False,1.5,0.98,13.1053,0.0011,0.0011,True,False,0.0432,0.0011,9.898,0.2456,0.3255,True
1502,bj920090,2025-06-26,8.920000076293945,12.0600004196167,hourly,10,False,1.5,1.0,8.9149,0.0006,0.0006,True,False,0.1291,0.0006,6.1942,0.3056,0.4401,True
1503,bj920914,2025-06-26,25.54999923706055,26.799999237060547,hourly,10,False,1.5,1.02,25.548,0.0001,0.0001,True,False,0.1355,0.0001,18.307,0.2835,0.3956,True
1504,bj920227,2025-06-26,67.1999969482422,83.51000213623047,daily,10,False,0.5,1.02,67.2219,0.0003,-0.0003,False,False,0.0003,0.0007,56.426,0.1603,0.1909,True
1505,bj920088,2025-06-26,37.0,41.11000061035156,daily,15,False,0.5,0.98,36.8678,0.0036,0.0036,True,False,0.0036,0.0361,27.6674,0.2522,0.3373,True
1506,bj920790,2025-06-26,46.0099983215332,56.0,hourly,30,False,0.5,1.02,46.0302,0.0004,-0.0004,False,False,0.0955,0.0004,36.3247,0.2105,0.2666,True
1507,bj920748,2025-06-26,58.18000030517579,72.55000305175781,daily,10,True,0.5,1.0,58.4655,0.0049,-0.0049,False,False,0.0049,0.0667,36.0551,0.3803,0.6136,True
1508,bj920943,2025-06-26,25.299999237060547,28.540000915527344,hourly,30,True,0.5,1.02,24.3149,0.0389,0.0405,True,False,0.0681,0.0389,21.1893,0.1625,0.194,True
1509,sh600110,2025-06-26,5.519999980926514,7.340000152587891,hourly,10,True,1.5,1.02,5.5266,0.0012,-0.0012,False,False,0.1211,0.0012,3.4571,0.3737,0.5967,True
1510,bj920305,2025-06-26,10.500000000000004,12.100000381469728,daily,15,True,1.0,0.98,10.4985,0.0001,0.0001,True,False,0.0001,0.0618,13.623,0.2974,-0.2292,False
1511,sz003029,2025-06-26,26.700000762939453,34.68000030517578,hourly,20,False,1.5,0.95,26.7062,0.0002,-0.0002,False,False,0.0024,0.0002,20.4218,0.2351,0.3074,True
1513,sz300046,2025-06-26,38.900001525878906,43.65999984741211,hourly,10,False,0.5,1.02,37.6233,0.0328,0.0339,True,False,0.1505,0.0328,29.381,0.2447,0.324,True
1514,bj920871,2025-06-26,16.90999984741211,20.59000015258789,daily,30,True,0.5,1.02,15.763,0.0678,0.0728,True,False,0.0678,0.1134,15.0608,0.1094,0.1228,True
1515,bj920082,2025-06-26,19.190000534057617,22.31999969482422,hourly,15,True,0.5,1.02,14.7229,0.2328,0.3034,True,False,,0.2328,,,,False
1516,sz002759,2025-06-26,8.899999618530273,11.229999542236328,hourly,15,True,1.5,1.02,8.8854,0.0016,0.0016,True,False,0.0063,0.0016,7.4985,0.1575,0.1869,True
1517,sz002365,2025-06-26,20.350000381469727,28.100000381469727,daily,10,False,1.5,1.0,20.32,0.0015,0.0015,True,False,0.0015,0.1018,15.8567,0.2208,0.2834,True
1518,sz002199,2025-06-26,8.029999732971191,8.920000076293945,hourly,25,True,1.0,0.95,8.047,0.0021,-0.0021,False,False,0.0077,0.0021,6.0838,0.2424,0.3199,True
1519,bj920184,2025-06-27,16.489999771118164,18.65999984741211,hourly,10,False,0.5,1.02,15.6138,0.0531,0.0561,True,False,0.135,0.0531,13.5391,0.179,0.218,True
1520,bj920090,2025-06-27,8.920000076293945,10.899999618530272,hourly,20,False,1.5,0.98,8.9484,0.0032,-0.0032,False,False,0.0884,0.0032,6.2326,0.3013,0.4312,True
1521,bj920505,2025-06-27,64.59999847412111,70.4800033569336,hourly,25,True,0.5,1.02,62.7476,0.0287,0.0295,True,False,0.0754,0.0287,41.799,0.353,0.5455,True
1522,bj920914,2025-06-27,25.54999923706055,26.399999618530277,hourly,25,False,0.5,1.02,25.5667,0.0007,-0.0007,False,False,0.1134,0.0007,18.3967,0.28,0.3888,True
1523,sz002263,2025-06-27,3.519999980926514,3.799999952316284,hourly,10,False,0.5,1.02,3.2308,0.0822,0.0895,True,False,0.178,0.0822,2.5077,0.2876,0.4037,True
1524,bj920227,2025-06-27,67.19999694824219,79.88999938964844,hourly,25,True,1.5,1.0,67.192,0.0001,0.0001,True,False,0.0034,0.0001,56.6208,0.1574,0.1868,True
1525,bj920305,2025-06-27,10.5,11.710000038146973,daily,15,True,1.0,1.0,10.511,0.0011,-0.0011,False,False,0.0011,0.0047,13.3644,0.2728,-0.2143,False
1526,sh603398,2025-06-27,4.460000038146973,5.300000190734863,daily,10,False,0.5,0.95,4.4598,0.0,0.0,True,False,0.0,0.0005,5.9956,0.3443,-0.2561,False
1527,sh600960,2025-06-27,4.570000171661378,4.789999961853027,hourly,10,False,0.5,1.02,4.4707,0.0217,0.0222,True,False,0.0632,0.0217,3.6995,0.1905,0.2353,True
1528,sz301357,2025-06-27,73.0999984741211,77.87999725341797,hourly,10,False,0.5,1.02,64.8377,0.113,0.1274,True,False,0.3087,0.113,34.4895,0.5282,1.1195,True
1529,sz003029,2025-06-27,26.700000762939453,31.239999771118164,daily,10,False,1.0,1.02,26.704,0.0001,-0.0001,False,False,0.0001,0.0009,20.6362,0.2271,0.2938,True
1530,bj920106,2025-06-27,94.1999969482422,113.3499984741211,daily,15,True,0.5,1.0,94.1784,0.0002,0.0002,True,False,0.0002,0.0015,95.2751,0.0114,-0.0113,False
1531,sh600110,2025-06-27,5.519999980926514,6.769999980926514,hourly,30,False,0.5,0.95,5.5047,0.0028,0.0028,True,False,0.0743,0.0028,3.503,0.3654,0.5758,True
1532,bj920807,2025-06-27,13.880000114440916,14.399999618530272,hourly,25,True,0.5,1.02,13.8093,0.0051,0.0051,True,False,0.0448,0.0051,10.7493,0.2256,0.2912,True
1533,sz002846,2025-06-27,15.09000015258789,19.440000534057617,hourly,25,False,0.5,0.95,15.0935,0.0002,-0.0002,False,False,0.0333,0.0002,10.3217,0.316,0.462,True
1534,sh600113,2025-06-27,23.57999992370606,26.81999969482422,hourly,20,False,1.5,1.02,23.5534,0.0011,0.0011,True,False,0.1391,0.0011,14.1399,0.4003,0.6676,True
1535,sz300414,2025-06-27,12.210000038146973,13.15999984741211,hourly,10,False,0.5,1.02,10.0026,0.1808,0.2207,True,False,0.2773,0.1808,7.8912,0.3537,0.5473,True
1536,sz300993,2025-06-27,13.760000228881836,14.390000343322754,hourly,10,False,0.5,1.02,11.7895,0.1432,0.1671,True,False,0.1964,0.1432,10.4451,0.2409,0.3174,True
1537,bj920871,2025-06-27,16.90999984741211,18.40999984741211,hourly,15,False,1.0,1.02,16.9228,0.0008,-0.0008,False,False,0.0685,0.0008,15.0397,0.1106,0.1244,True
1538,sh603959,2025-06-27,5.150000095367432,6.480000019073486,hourly,30,True,1.0,0.95,5.1386,0.0022,0.0022,True,False,0.0022,0.0022,4.1756,0.1892,0.2334,True
1539,bj920914,2025-06-30,26.659999847412113,29.899999618530277,hourly,10,True,0.5,1.02,26.3674,0.011,0.0111,True,False,0.1456,0.011,18.484,0.3067,0.4423,True
1540,bj920090,2025-06-30,8.920000076293945,11.109999656677246,hourly,30,False,1.5,0.98,8.9154,0.0005,0.0005,True,False,0.0478,0.0005,6.2838,0.2955,0.4195,True
1541,bj920505,2025-06-30,64.00000000000001,73.76000213623047,hourly,10,False,1.0,1.02,64.0046,0.0001,-0.0001,False,False,0.0612,0.0001,42.4528,0.3367,0.5076,True
1542,bj920088,2025-06-30,37.0,41.5099983215332,daily,10,False,1.0,1.0,37.0073,0.0002,-0.0002,False,False,0.0002,0.0227,28.4614,0.2308,0.3,True
1543,sz301357,2025-06-30,73.0999984741211,89.61000061035156,hourly,10,False,0.5,1.02,72.116,0.0135,0.0136,True,False,0.2659,0.0135,34.983,0.5214,1.0896,True
1544,bj920184,2025-06-30,16.489999771118164,17.770000457763672,hourly,10,False,1.0,0.98,16.4796,0.0006,0.0006,True,False,0.1028,0.0006,13.5451,0.1786,0.2174,True
1545,bj920169,2025-06-30,38.06999969482422,44.70000076293945,hourly,10,False,1.0,1.0,38.0836,0.0004,-0.0004,False,False,0.0493,0.0004,25.8946,0.3198,0.4702,True
1546,sz301213,2025-06-30,53.599998474121094,62.0,daily,10,False,0.5,1.02,46.5095,0.1323,0.1525,True,False,0.1323,0.2776,42.6827,0.2037,0.2558,True
1547,sz300600,2025-06-30,13.65999984741211,15.5600004196167,hourly,10,False,0.5,1.02,12.7786,0.0645,0.069,True,False,0.2475,0.0645,8.3966,0.3853,0.6268,True
1548,bj920871,2025-06-30,16.90999984741211,19.040000915527344,hourly,10,True,1.5,1.02,16.8725,0.0022,0.0022,True,False,0.0556,0.0022,15.0283,0.1113,0.1252,True
1549,bj920199,2025-06-30,33.939998626708984,36.0099983215332,hourly,10,False,1.0,1.0,33.925,0.0004,0.0004,True,False,0.0176,0.0004,26.548,0.2178,0.2784,True
1550,bj920522,2025-06-30,45.47999954223633,49.7599983215332,daily,30,True,1.5,1.02,45.4674,0.0003,0.0003,True,False,0.0003,0.2248,45.2447,0.0052,0.0052,True
1551,sz301024,2025-06-30,46.22999954223633,59.09000015258789,hourly,10,False,0.5,1.02,43.8818,0.0508,0.0535,True,False,0.1683,0.0508,32.018,0.3074,0.4439,True
1552,sh603226,2025-06-30,11.890000343322754,13.369999885559082,hourly,25,False,1.5,1.02,11.8813,0.0007,0.0007,True,False,0.0543,0.0007,7.7856,0.3452,0.5272,True
1553,sh601606,2025-06-30,26.239999771118164,30.3799991607666,hourly,10,False,0.5,1.02,24.8653,0.0524,0.0553,True,False,0.2499,0.0524,13.0748,0.5017,1.0069,True
1554,sz300414,2025-06-30,12.210000038146973,15.6899995803833,hourly,10,False,0.5,1.02,11.3117,0.0736,0.0794,True,False,0.2264,0.0736,7.925,0.3509,0.5407,True
1555,bj920807,2025-06-30,13.880000114440918,14.68000030517578,hourly,15,False,0.5,1.02,13.8565,0.0017,0.0017,True,False,0.0433,0.0017,10.8251,0.2201,0.2822,True
1556,bj920427,2025-07-01,16.010000228881836,20.299999237060547,hourly,10,False,0.5,1.02,15.2223,0.0492,0.0517,True,False,0.122,0.0492,12.9781,0.1894,0.2336,True
1557,bj920199,2025-07-01,33.90000152587891,37.9900016784668,hourly,25,True,1.0,1.0,33.8997,0.0,0.0,True,False,0.0202,0.0,26.7341,0.2114,0.268,True
1558,sz000026,2025-07-01,15.930000305175781,16.280000686645508,hourly,10,False,0.5,1.02,15.1121,0.0513,0.0541,True,False,0.177,0.0513,11.4395,0.2819,0.3925,True
1559,bj920807,2025-07-01,13.88000011444092,15.5,hourly,10,False,1.0,1.02,13.8999,0.0014,-0.0014,False,False,0.0358,0.0014,10.9004,0.2147,0.2733,True
1560,sh688136,2025-07-01,40.5,44.18999862670898,hourly,30,True,1.5,1.02,40.5009,0.0,-0.0,False,False,0.0005,0.0,37.4519,0.0753,0.0814,True
1561,sz002015,2025-07-01,12.029999732971193,14.369999885559082,hourly,25,False,0.5,0.98,12.0287,0.0001,0.0001,True,False,0.0402,0.0001,8.2271,0.3161,0.4622,True
1562,sz301345,2025-07-01,122.50000000000001,123.0,hourly,10,False,0.5,1.02,102.9717,0.1594,0.1896,True,False,0.1899,0.1594,72.3119,0.4097,0.6941,True
1563,sz300046,2025-07-01,38.900001525878906,43.900001525878906,hourly,30,False,1.0,1.0,38.9004,0.0,-0.0,False,False,0.0502,0.0,29.7834,0.2344,0.3061,True
1564,sz300204,2025-07-01,38.18000030517579,42.5,hourly,10,False,0.5,1.02,35.4858,0.0706,0.0759,True,False,0.1596,0.0706,19.1327,0.4989,0.9955,True
1565,sz002235,2025-07-01,8.0,11.010000228881836,hourly,25,True,1.5,0.95,7.9622,0.0047,0.0047,True,False,0.0058,0.0047,5.6942,0.2882,0.4049,True
1566,sz301024,2025-07-01,45.27999877929688,52.630001068115234,hourly,20,False,1.5,1.0,45.2787,0.0,0.0,True,False,0.1238,0.0,32.2099,0.2887,0.4058,True
1567,bj920982,2025-07-01,328.0,394.989990234375,hourly,30,False,1.0,1.0,328.1169,0.0004,-0.0004,False,False,0.0022,0.0004,380.5426,0.1602,-0.1381,False
1568,sh601606,2025-07-01,26.239999771118164,31.0,hourly,10,False,1.0,0.98,26.2212,0.0007,0.0007,True,False,0.2013,0.0007,13.3154,0.4926,0.9706,True
1569,sz002940,2025-07-01,37.25,40.790000915527344,hourly,10,False,0.5,1.02,34.2359,0.0809,0.088,True,False,0.2031,0.0809,17.9786,0.5174,1.0719,True
1570,bj920047,2025-07-01,20.719999313354496,22.3799991607666,hourly,25,False,1.0,1.02,20.7026,0.0008,0.0008,True,False,0.0284,0.0008,17.0306,0.1781,0.2166,True
1571,bj920634,2025-07-01,27.18000030517579,31.01000022888184,hourly,25,True,1.5,1.0,27.1813,0.0,-0.0,False,False,0.0018,0.0,24.6927,0.0915,0.1007,True
1572,sh688626,2025-07-01,41.65999984741211,46.7400016784668,hourly,10,False,0.5,1.02,40.4403,0.0293,0.0302,True,False,0.1001,0.0293,35.357,0.1513,0.1783,True
1573,sz300600,2025-07-01,13.65999984741211,15.15999984741211,hourly,10,False,1.0,1.02,13.7117,0.0038,-0.0038,False,False,0.1912,0.0038,8.4605,0.3806,0.6146,True
1574,sz300581,2025-07-01,18.360000610351562,20.209999084472656,hourly,15,False,1.0,1.02,18.3794,0.0011,-0.0011,False,False,0.0931,0.0011,12.6596,0.3105,0.4503,True
1575,bj920914,2025-07-02,26.60000038146973,31.059999465942383,hourly,25,False,0.5,1.0,26.6452,0.0017,-0.0017,False,False,0.0916,0.0017,18.7356,0.2957,0.4198,True
1576,sh605151,2025-07-02,18.200000762939453,22.709999084472656,daily,10,False,1.0,0.98,18.2046,0.0003,-0.0003,False,False,0.0003,0.0011,16.7895,0.0775,0.084,True
1577,bj920427,2025-07-02,16.010000228881836,17.899999618530273,hourly,15,False,1.5,0.98,16.0514,0.0026,-0.0026,False,False,0.0974,0.0026,12.9893,0.1887,0.2325,True
1578,bj920790,2025-07-02,46.009998321533196,52.59999847412109,hourly,25,False,1.5,0.95,45.9765,0.0007,0.0007,True,False,0.0086,0.0007,36.9635,0.1966,0.2447,True
1579,bj920689,2025-07-02,40.0,54.79999923706055,hourly,15,False,0.5,0.98,40.0275,0.0007,-0.0007,False,False,0.0013,0.0007,38.1348,0.0466,0.0489,True
1580,bj920088,2025-07-02,37.0,45.2400016784668,daily,25,False,0.5,1.02,37.0152,0.0004,-0.0004,False,False,0.0004,0.0299,29.2748,0.2088,0.2639,True
1581,bj920570,2025-07-02,39.5,47.25,hourly,15,True,0.5,0.98,39.5295,0.0007,-0.0007,False,False,0.003,0.0007,36.84,0.0673,0.0722,True
1582,bj920634,2025-07-02,27.18000030517578,32.220001220703125,daily,15,False,0.5,1.0,27.2181,0.0014,-0.0014,False,False,0.0014,0.0018,24.7668,0.0888,0.0974,True
1583,sz002549,2025-07-02,11.020000457763672,12.710000038146973,hourly,10,False,0.5,1.02,10.9779,0.0038,0.0038,True,False,0.0937,0.0038,8.8206,0.1996,0.2493,True
1584,bj920305,2025-07-02,12.149999618530275,12.65999984741211,daily,25,True,1.5,1.0,12.1759,0.0021,-0.0021,False,False,0.0021,0.0666,12.6827,0.0438,-0.042,False
1585,sz002669,2025-07-02,12.239999771118164,14.109999656677246,hourly,10,False,0.5,1.02,12.2587,0.0015,-0.0015,False,False,0.0685,0.0015,10.1592,0.17,0.2048,True
1586,sz000026,2025-07-02,15.930000305175785,17.700000762939453,hourly,10,False,0.5,1.02,15.7428,0.0118,0.0119,True,False,0.1512,0.0118,11.49,0.2787,0.3864,True
1587,sz000737,2025-07-02,10.5600004196167,13.020000457763672,hourly,10,False,0.5,1.02,10.4343,0.0119,0.012,True,False,0.087,0.0119,8.8211,0.1647,0.1971,True
1588,bj920871,2025-07-02,16.90999984741211,18.540000915527344,hourly,20,False,1.5,1.02,16.9195,0.0006,-0.0006,False,False,0.0271,0.0006,15.0245,0.1115,0.1255,True
1589,sz300810,2025-07-02,41.70000076293946,50.060001373291016,hourly,10,True,1.5,1.02,41.7431,0.001,-0.001,False,False,0.0875,0.001,30.2528,0.2745,0.3784,True
1590,sh603316,2025-07-02,8.35999965667725,11.100000381469728,hourly,30,False,1.5,1.02,8.3874,0.0033,-0.0033,False,False,0.021,0.0033,6.264,0.2507,0.3346,True
1591,sz300527,2025-07-02,9.34000015258789,11.609999656677246,hourly,10,True,0.5,1.02,9.3347,0.0006,0.0006,True,False,0.0659,0.0006,7.57,0.1895,0.2338,True
1592,sz002015,2025-07-02,11.56999969482422,13.06999969482422,hourly,30,False,1.0,0.95,11.5834,0.0012,-0.0012,False,False,0.0082,0.0012,8.3442,0.2788,0.3866,True
1593,bj920914,2025-07-03,26.409999847412113,32.58000183105469,hourly,30,False,0.5,0.98,26.4064,0.0001,0.0001,True,False,0.0549,0.0001,18.8898,0.2847,0.3981,True
1594,sz300225,2025-07-03,3.519999980926514,4.039999961853027,hourly,10,True,1.0,1.02,3.5214,0.0004,-0.0004,False,False,0.0035,0.0004,6.0791,0.727,-0.421,False
1595,bj920689,2025-07-03,39.65999984741211,47.70000076293945,daily,25,False,1.0,1.02,39.6638,0.0001,-0.0001,False,False,0.0001,0.0001,38.1926,0.037,0.0384,True
1596,bj920427,2025-07-03,16.010000228881836,17.1299991607666,hourly,10,False,1.5,0.95,15.9893,0.0013,0.0013,True,False,0.0734,0.0013,13.0131,0.1872,0.2303,True
1597,bj920392,2025-07-03,20.999999999999996,23.07999992370605,daily,30,False,0.5,1.0,20.9956,0.0002,0.0002,True,False,0.0002,0.0009,21.1607,0.0077,-0.0076,False
1598,sh601218,2025-07-03,4.099999904632568,5.389999866485596,daily,10,False,1.5,1.02,4.0991,0.0002,0.0002,True,False,0.0002,0.0021,3.4239,0.1649,0.1975,True
1599,bj920305,2025-07-03,12.90999984741211,12.90999984741211,daily,25,True,0.5,1.0,12.9929,0.0064,-0.0064,False,False,0.0064,0.1057,12.4764,0.0336,0.0348,True
1600,sz000026,2025-07-03,15.930000305175781,18.520000457763672,hourly,10,True,0.5,1.02,15.9358,0.0004,-0.0004,False,False,0.1139,0.0004,11.5573,0.2745,0.3783,True
1601,sh603256,2025-07-03,18.190000534057617,18.5,hourly,10,False,0.5,1.02,15.9023,0.1258,0.1439,True,False,0.2433,0.1258,10.1767,0.4405,0.7874,True
1602,bj920106,2025-07-03,94.19999694824217,109.3000030517578,hourly,30,True,1.0,0.95,94.3115,0.0012,-0.0012,False,False,0.0042,0.0012,94.592,0.0042,-0.0041,False
1603,sz300204,2025-07-03,38.18000030517578,44.220001220703125,hourly,15,False,1.0,1.02,38.2005,0.0005,-0.0005,False,False,0.1131,0.0005,20.2088,0.4707,0.8893,True
1604,sz002549,2025-07-03,11.020000457763672,13.15999984741211,hourly,10,False,0.5,0.95,11.0164,0.0003,0.0003,True,False,0.06,0.0003,8.8612,0.1959,0.2436,True
1605,sz002104,2025-07-03,18.47999954223633,19.950000762939453,hourly,15,False,0.5,1.0,18.4856,0.0003,-0.0003,False,False,0.1154,0.0003,9.7402,0.4729,0.8973,True
1606,sz300472,2025-07-03,4.2100000381469735,4.409999847412109,hourly,10,False,0.5,1.02,4.041,0.0401,0.0418,True,False,0.1588,0.0401,3.1655,0.2481,0.3299,True
1607,bj920299,2025-07-03,20.10000038146973,21.34000015258789,hourly,20,False,1.0,1.0,20.1001,0.0,-0.0,False,False,0.0127,0.0,18.5768,0.0758,0.082,True
1608,sz001298,2025-07-03,28.049999237060547,36.75,daily,10,False,0.5,1.02,27.3264,0.0258,0.0265,True,False,0.0258,0.1984,22.1767,0.2094,0.2648,True
1609,sh603151,2025-07-03,20.799999237060547,21.799999237060547,hourly,20,True,0.5,1.02,19.9413,0.0413,0.0431,True,False,0.0939,0.0413,14.7805,0.2894,0.4073,True
1610,bj920871,2025-07-03,16.90999984741211,18.520000457763672,hourly,20,False,0.5,0.95,16.9025,0.0004,0.0004,True,False,0.0159,0.0004,15.035,0.1109,0.1247,True
1611,bj920357,2025-07-03,24.450000762939457,27.799999237060547,daily,25,False,0.5,1.0,24.4524,0.0001,-0.0001,False,False,0.0001,0.1332,22.5585,0.0774,0.0839,True
1612,sh688321,2025-07-03,30.500000000000004,31.56999969482422,hourly,10,False,0.5,1.02,27.0238,0.114,0.1286,True,False,0.197,0.114,19.1293,0.3728,0.5944,True
1613,bj920305,2025-07-04,13.10999965667725,14.579999923706056,daily,30,True,1.5,1.0,13.0707,0.003,0.003,True,False,0.003,0.0416,12.2781,0.0635,0.0678,True
1614,bj920090,2025-07-04,8.649999618530273,10.4399995803833,daily,15,False,0.5,1.02,8.7313,0.0094,-0.0093,False,False,0.0094,0.01,6.5639,0.2412,0.3178,True
1615,sh688068,2025-07-04,170.41999816894537,191.7400054931641,hourly,10,False,0.5,1.02,153.5032,0.0993,0.1102,True,False,0.1875,0.0993,115.223,0.3239,0.479,True
1616,sz002579,2025-07-04,11.880000114440918,15.539999961853027,hourly,25,True,1.5,0.98,11.8992,0.0016,-0.0016,False,False,0.0051,0.0016,8.3643,0.2959,0.4203,True
1617,bj920392,2025-07-04,21.000000000000007,22.399999618530277,daily,15,True,0.5,1.0,20.9956,0.0002,0.0002,True,False,0.0002,0.0005,21.0927,0.0044,-0.0044,False
1618,sz301024,2025-07-04,44.52000045776367,57.18000030517578,hourly,20,False,1.0,0.95,44.6061,0.0019,-0.0019,False,False,0.0366,0.0019,32.9987,0.2588,0.3491,True
1619,bj920689,2025-07-04,39.659999847412124,45.02999877929688,daily,30,False,1.0,1.02,39.7202,0.0015,-0.0015,False,False,0.0015,0.0021,38.2649,0.0352,0.0365,True
1620,sz300468,2025-07-04,37.130001068115234,47.0,daily,10,False,1.0,0.98,37.2632,0.0036,-0.0036,False,False,0.0036,0.0334,25.362,0.3169,0.464,True
1621,sz002173,2025-07-04,13.699999809265137,15.739999771118164,hourly,25,False,0.5,0.95,13.6953,0.0003,0.0003,True,False,0.0042,0.0003,10.4321,0.2385,0.3133,True
1622,sz300472,2025-07-04,4.210000038146973,4.800000190734863,hourly,10,False,0.5,1.02,4.1807,0.007,0.007,True,False,0.1629,0.007,3.1565,0.2502,0.3337,True
1623,bj920047,2025-07-04,20.719999313354492,22.850000381469727,hourly,30,True,0.5,1.0,20.7244,0.0002,-0.0002,False,False,0.0026,0.0002,17.3686,0.1617,0.193,True
1624,sz301176,2025-07-04,30.510000228881836,31.5,hourly,10,False,0.5,1.02,26.9717,0.116,0.1312,True,False,0.2026,0.116,17.4674,0.4275,0.7467,True
1625,sh603256,2025-07-04,18.36000061035156,18.36000061035156,hourly,10,False,0.5,1.02,16.6608,0.0925,0.102,True,False,0.2089,0.0925,10.3196,0.4379,0.7791,True
1626,sz300649,2025-07-04,16.149999618530273,19.989999771118164,hourly,10,True,1.0,1.0,16.1442,0.0004,0.0004,True,False,0.0952,0.0004,11.3381,0.298,0.4244,True
1627,sz300581,2025-07-04,18.360000610351562,20.299999237060547,hourly,20,False,1.5,0.98,18.3514,0.0005,0.0005,True,False,0.0327,0.0005,13.1043,0.2863,0.4011,True
1628,sh688520,2025-07-04,67.9800033569336,85.19000244140625,hourly,10,False,0.5,1.02,68.0983,0.0017,-0.0017,False,False,0.1588,0.0017,41.4334,0.3905,0.6407,True
1629,sz300804,2025-07-04,41.61999893188476,52.84999847412109,daily,10,True,1.5,0.95,41.6168,0.0001,0.0001,True,False,0.0001,0.1092,35.9753,0.1356,0.1569,True
1630,sz300436,2025-07-07,55.79000091552735,57.0099983215332,hourly,10,False,0.5,1.02,45.6592,0.1816,0.2219,True,False,0.3143,0.1816,30.5518,0.4524,0.8261,True
1631,bj920299,2025-07-07,20.10000038146973,24.15999984741211,hourly,20,True,1.5,1.02,20.092,0.0004,0.0004,True,False,0.0007,0.0004,18.6169,0.0738,0.0797,True
1632,sz300468,2025-07-07,37.130001068115234,47.79999923706055,daily,10,False,1.0,0.95,37.0097,0.0032,0.0033,True,False,0.0032,0.046,25.9755,0.3004,0.4294,True
1633,sz002721,2025-07-07,3.650000095367432,4.460000038146973,hourly,10,True,0.5,1.02,3.6527,0.0007,-0.0007,False,False,0.0639,0.0007,2.8522,0.2186,0.2797,True
1634,sh688500,2025-07-07,46.790000915527344,49.97999954223633,hourly,10,False,0.5,1.02,46.241,0.0117,0.0119,True,False,0.0921,0.0117,31.9935,0.3162,0.4625,True
1635,sz002104,2025-07-07,18.450000762939457,20.399999618530277,hourly,10,False,1.0,0.98,18.4435,0.0004,0.0004,True,False,0.0624,0.0004,10.266,0.4436,0.7972,True
1636,sh605099,2025-07-07,31.110000610351555,37.59999847412109,hourly,20,True,1.5,0.98,31.0994,0.0003,0.0003,True,False,0.0006,0.0003,28.117,0.0962,0.1064,True
1637,sz301024,2025-07-07,44.52000045776367,59.560001373291016,hourly,20,True,1.5,0.98,44.4027,0.0026,0.0026,True,False,0.0054,0.0026,33.3483,0.2509,0.335,True
1638,sz300649,2025-07-07,16.149999618530277,22.649999618530277,hourly,25,False,1.0,0.95,16.1373,0.0008,0.0008,True,False,0.0532,0.0008,11.4314,0.2922,0.4128,True
1639,sh600698,2025-07-07,9.930000305175781,10.989999771118164,hourly,10,False,0.5,1.02,9.6624,0.027,0.0277,True,False,0.1748,0.027,6.4833,0.3471,0.5316,True
1640,bj920106,2025-07-07,94.19999694824219,108.0999984741211,hourly,30,True,1.5,0.95,94.1633,0.0004,0.0004,True,False,0.0005,0.0004,94.4649,0.0028,-0.0028,False
1641,sh600475,2025-07-07,13.319999694824222,14.31999969482422,hourly,10,False,0.5,1.02,11.3221,0.15,0.1765,True,False,0.1926,0.15,9.8227,0.2626,0.356,True
1642,sz002201,2025-07-07,7.460000038146973,8.260000228881836,hourly,10,False,0.5,1.02,6.9122,0.0734,0.0793,True,False,0.107,0.0734,6.004,0.1952,0.2425,True
1643,bj920505,2025-07-07,62.459999084472656,72.9000015258789,hourly,15,True,1.5,0.95,62.4462,0.0002,0.0002,True,False,0.0035,0.0002,46.0585,0.2626,0.3561,True
1644,sh688321,2025-07-07,30.709999084472656,32.47999954223633,hourly,10,False,0.5,1.02,30.3527,0.0116,0.0118,True,False,0.1339,0.0116,19.5835,0.3623,0.5682,True
1645,sh603093,2025-07-07,20.29999923706055,20.51000022888184,hourly,15,True,0.5,1.02,20.2963,0.0002,0.0002,True,False,0.0563,0.0002,14.7262,0.2746,0.3785,True
1646,sz301511,2025-07-07,23.32999992370606,26.01000022888184,hourly,10,False,0.5,1.02,23.4593,0.0055,-0.0055,False,False,0.1363,0.0055,14.9741,0.3582,0.558,True
1647,sh603716,2025-07-07,20.200000762939457,22.01000022888184,hourly,10,False,1.5,1.02,20.2512,0.0025,-0.0025,False,False,0.181,0.0025,11.4372,0.4338,0.7662,True
1648,sz002882,2025-07-07,30.700000762939453,35.5099983215332,daily,10,False,0.5,0.98,30.6124,0.0029,0.0029,True,False,0.0029,0.0029,22.0794,0.2808,0.3904,True
1649,sz002579,2025-07-07,11.880000114440918,15.109999656677246,hourly,30,True,1.5,0.98,11.8803,0.0,-0.0,False,False,0.0031,0.0,8.5023,0.2843,0.3973,True
1650,bj920914,2025-07-08,26.40999984741211,30.88999938964844,hourly,15,True,1.0,0.95,26.4183,0.0003,-0.0003,False,False,0.0196,0.0003,19.4214,0.2646,0.3598,True
1651,bj920184,2025-07-08,16.88999938964844,18.059999465942383,hourly,15,True,0.5,1.02,16.8961,0.0004,-0.0004,False,False,0.0561,0.0004,13.7681,0.1848,0.2268,True
1652,sz300436,2025-07-08,55.790000915527344,63.02000045776367,hourly,10,False,0.5,1.02,51.5152,0.0766,0.083,True,False,0.2663,0.0766,30.8242,0.4475,0.8099,True
1653,sz002201,2025-07-08,7.460000038146973,9.109999656677246,hourly,15,False,1.5,1.02,7.4578,0.0003,0.0003,True,False,0.0829,0.0003,6.0218,0.1928,0.2388,True
1654,sz002721,2025-07-08,3.6500000953674316,4.630000114440918,hourly,20,False,1.5,0.95,3.6425,0.0021,0.0021,True,False,0.0322,0.0021,2.8705,0.2135,0.2715,True
1655,sh600475,2025-07-08,13.970000267028809,15.300000190734863,hourly,10,False,0.5,1.02,12.2723,0.1215,0.1383,True,False,0.2059,0.1215,9.8501,0.2949,0.4183,True
1656,bj920299,2025-07-08,20.10000038146973,22.6299991607666,hourly,30,True,1.5,1.02,20.0903,0.0005,0.0005,True,False,0.0006,0.0005,18.6548,0.0719,0.0775,True
1657,bj920770,2025-07-08,18.700000762939453,21.540000915527344,hourly,20,True,1.0,0.98,18.6973,0.0001,0.0001,True,False,0.0015,0.0001,16.9061,0.0959,0.1061,True
1658,sz301176,2025-07-08,30.149999618530277,38.61000061035156,hourly,10,False,1.0,1.0,30.1375,0.0004,0.0004,True,False,0.1284,0.0004,17.9521,0.4046,0.6795,True
1659,sh600698,2025-07-08,9.930000305175781,11.420000076293944,hourly,10,False,0.5,1.02,9.8764,0.0054,0.0054,True,False,0.1406,0.0054,6.5358,0.3418,0.5193,True
1660,sh605162,2025-07-08,8.680000305175783,10.359999656677246,hourly,10,False,1.5,0.98,8.6818,0.0002,-0.0002,False,False,0.0525,0.0002,7.2902,0.1601,0.1906,True
1661,sz300476,2025-07-08,140.11000061035156,156.0,hourly,10,False,0.5,1.0,140.149,0.0003,-0.0003,False,False,0.063,0.0003,93.4139,0.3333,0.4999,True
1662,sz300649,2025-07-08,16.149999618530273,21.11000061035156,hourly,25,True,0.5,0.98,16.18,0.0019,-0.0019,False,False,0.0098,0.0019,11.5601,0.2842,0.397,True
1663,sz300591,2025-07-08,10.8100004196167,12.520000457763672,hourly,15,True,0.5,1.02,10.8116,0.0001,-0.0001,False,False,0.1144,0.0001,5.9671,0.448,0.8116,True
1664,sh600744,2025-07-08,6.739999771118165,7.590000152587891,hourly,10,False,0.5,1.02,6.4263,0.0465,0.0488,True,False,0.1966,0.0465,4.301,0.3619,0.5671,True
1665,sz002080,2025-07-08,23.520000457763675,24.399999618530277,hourly,10,False,0.5,1.02,22.2846,0.0525,0.0554,True,False,0.1495,0.0525,15.904,0.3238,0.4789,True
1666,bj920641,2025-07-08,17.200000762939457,18.200000762939453,daily,15,False,1.0,1.02,17.2008,0.0,-0.0,False,False,0.0,0.0002,15.9687,0.0716,0.0771,True
1667,sz002987,2025-07-08,19.899999618530273,25.200000762939453,daily,10,False,0.5,1.02,19.9893,0.0045,-0.0045,False,False,0.0045,0.0073,14.8898,0.2518,0.3365,True
1668,bj920039,2025-07-09,14.119999885559082,14.699999809265137,hourly,10,False,0.5,1.02,10.9864,0.2219,0.2852,True,False,0.254,0.2219,9.9276,0.2969,0.4223,True
1669,bj920427,2025-07-09,15.970000267028809,16.950000762939453,hourly,30,False,0.5,0.98,15.9684,0.0001,0.0001,True,False,0.0303,0.0001,13.1964,0.1737,0.2102,True
1670,sh688202,2025-07-09,48.20999908447266,50.27000045776367,hourly,10,False,0.5,1.02,41.7672,0.1336,0.1543,True,False,0.2507,0.1336,31.2303,0.3522,0.5437,True
1671,bj920299,2025-07-09,20.10000038146973,22.399999618530277,daily,20,False,0.5,1.0,20.0942,0.0003,0.0003,True,False,0.0003,0.0014,18.6992,0.0697,0.0749,True
1672,sh605162,2025-07-09,8.680000305175783,10.850000381469728,hourly,15,True,1.5,1.02,8.6775,0.0003,0.0003,True,False,0.0237,0.0003,7.3177,0.1569,0.1862,True
1673,sz002104,2025-07-09,18.450000762939457,21.729999542236328,hourly,10,True,1.0,0.95,18.4404,0.0005,0.0005,True,False,0.0059,0.0005,10.8443,0.4122,0.7014,True
1674,sh600744,2025-07-09,6.739999771118165,8.109999656677246,hourly,15,False,1.5,1.02,6.7342,0.0009,0.0009,True,False,0.141,0.0009,4.3456,0.3553,0.551,True
1675,sz000514,2025-07-09,5.449999809265137,6.380000114440918,hourly,10,False,1.0,1.02,5.4437,0.0012,0.0012,True,False,0.1219,0.0012,4.2599,0.2184,0.2794,True
1676,sz002721,2025-07-09,3.6500000953674316,4.789999961853027,hourly,15,True,1.0,0.95,3.6496,0.0001,0.0001,True,False,0.0019,0.0001,2.891,0.208,0.2626,True
1677,sz301208,2025-07-09,43.79999923706054,50.09999847412109,hourly,30,False,0.5,0.98,43.736,0.0015,0.0015,True,False,0.0221,0.0015,37.9922,0.1326,0.1529,True
1678,sh603389,2025-07-09,18.889999389648438,19.61000061035156,hourly,10,False,1.0,1.02,18.8119,0.0041,0.0042,True,False,0.1404,0.0041,10.0965,0.4655,0.8709,True
1679,sz301176,2025-07-09,29.959999084472656,38.5099983215332,hourly,30,False,1.0,1.0,30.0083,0.0016,-0.0016,False,False,0.0688,0.0016,18.2493,0.3909,0.6417,True
1680,sz002987,2025-07-09,19.850000381469727,26.059999465942383,daily,10,False,0.5,0.98,19.8687,0.0009,-0.0009,False,False,0.0009,0.0016,15.0478,0.2419,0.3191,True
1681,bj920892,2025-07-10,18.079999923706055,21.0,daily,25,True,0.5,1.02,15.7627,0.1282,0.147,True,False,0.1282,0.1326,15.0071,0.17,0.2048,True
1682,bj920039,2025-07-10,14.930000305175785,19.780000686645508,hourly,10,False,0.5,1.02,12.6284,0.1542,0.1823,True,False,0.2856,0.1542,9.9209,0.3355,0.5049,True
1683,bj920427,2025-07-10,15.970000267028809,18.0,hourly,25,True,1.0,1.0,15.9692,0.0,0.0,True,False,0.0402,0.0,13.2361,0.1712,0.2065,True
1684,bj920184,2025-07-10,18.510000228881836,18.93000030517578,hourly,10,False,0.5,1.02,17.3817,0.061,0.0649,True,False,0.1321,0.061,13.8706,0.2506,0.3345,True
1685,bj920873,2025-07-10,7.480000019073486,8.210000038146973,hourly,10,False,0.5,1.02,7.2524,0.0304,0.0314,True,False,0.107,0.0304,5.8231,0.2215,0.2845,True
1686,bj920770,2025-07-10,18.700000762939453,22.670000076293945,hourly,25,True,0.5,0.95,18.7019,0.0001,-0.0001,False,False,0.0006,0.0001,16.9876,0.0916,0.1008,True
1687,sh688202,2025-07-10,48.20999908447266,50.83000183105469,hourly,10,False,0.5,1.02,47.3149,0.0186,0.0189,True,False,0.202,0.0186,31.415,0.3484,0.5346,True
1688,sz300778,2025-07-10,15.000000000000002,21.13999938964844,hourly,10,False,0.5,0.95,14.9665,0.0022,0.0022,True,False,0.1175,0.0022,11.3344,0.2444,0.3234,True
1689,sz002640,2025-07-10,5.1500000953674325,5.889999866485596,hourly,10,False,0.5,1.0,5.1639,0.0027,-0.0027,False,False,0.0497,0.0027,4.3141,0.1623,0.1938,True
1690,sh600475,2025-07-10,13.970000267028812,19.149999618530277,hourly,15,False,0.5,0.98,13.9738,0.0003,-0.0003,False,False,0.0818,0.0003,9.9773,0.2858,0.4002,True
1691,sh603093,2025-07-10,21.209999084472656,25.709999084472656,hourly,15,False,0.5,1.0,21.2102,0.0,-0.0,False,False,0.0591,0.0,15.2238,0.2822,0.3932,True
1692,sz002636,2025-07-10,11.670000076293945,14.510000228881836,hourly,20,True,0.5,1.02,11.6635,0.0006,0.0006,True,False,0.0006,0.0006,8.579,0.2649,0.3603,True
1693,sh600744,2025-07-10,6.739999771118164,7.900000095367432,hourly,30,False,0.5,1.02,6.727,0.0019,0.0019,True,False,0.0962,0.0019,4.3985,0.3474,0.5323,True
1694,sz002657,2025-07-10,27.51000022888184,32.52000045776367,hourly,10,False,1.0,1.0,27.5148,0.0002,-0.0002,False,False,0.0357,0.0002,21.8407,0.2061,0.2596,True
1695,bj920925,2025-07-10,18.70000076293945,19.32999992370605,hourly,10,False,0.5,1.02,18.0423,0.0352,0.0365,True,False,0.0849,0.0352,14.7572,0.2108,0.2672,True
1696,bj920184,2025-07-11,18.51000022888184,21.51000022888184,hourly,10,False,0.5,1.02,17.2879,0.066,0.0707,True,False,0.1348,0.066,13.9036,0.2489,0.3313,True
1697,bj920039,2025-07-11,14.930000305175785,18.489999771118164,hourly,10,False,1.0,1.0,14.8798,0.0034,0.0034,True,False,0.2196,0.0034,9.9403,0.3342,0.502,True
1698,sh600962,2025-07-11,18.610000610351566,22.26000022888184,hourly,10,False,1.5,1.0,18.6957,0.0046,-0.0046,False,True,0.0815,0.0046,13.6687,0.2655,0.3615,True
1699,bj920807,2025-07-11,17.440000534057617,19.0,hourly,25,True,0.5,1.02,14.3632,0.1764,0.2142,True,False,0.2037,0.1764,11.5644,0.3369,0.5081,True
1700,bj920090,2025-07-11,8.649999618530273,10.630000114440918,daily,20,False,0.5,0.98,8.6545,0.0005,-0.0005,False,False,0.0005,0.0561,6.9988,0.1909,0.2359,True
1701,bj920873,2025-07-11,7.480000019073486,7.789999961853027,hourly,10,False,0.5,1.02,7.4649,0.002,0.002,True,False,0.086,0.002,5.8485,0.2181,0.279,True
1702,bj920892,2025-07-11,18.020000457763672,19.020000457763672,hourly,10,False,0.5,1.02,17.1442,0.0486,0.0511,True,False,0.112,0.0486,14.9988,0.1677,0.2014,True
1703,bj920790,2025-07-11,46.0099983215332,50.31999969482422,daily,10,True,0.5,1.0,45.9401,0.0015,0.0015,True,False,0.0015,0.0019,39.011,0.1521,0.1794,True
1704,sz300436,2025-07-11,60.50000000000001,62.5099983215332,hourly,10,False,0.5,1.02,57.517,0.0493,0.0519,True,False,0.2122,0.0493,32.0803,0.4697,0.8859,True
1705,sh600744,2025-07-11,6.739999771118164,8.260000228881836,hourly,30,False,1.0,0.98,6.7275,0.0019,0.0019,True,False,0.0725,0.0019,4.4542,0.3391,0.5132,True
1706,sz000514,2025-07-11,5.449999809265138,6.579999923706055,hourly,30,False,1.0,0.98,5.4571,0.0013,-0.0013,False,False,0.0175,0.0013,4.3082,0.2095,0.265,True
1707,bj920925,2025-07-11,19.120000839233402,20.600000381469727,hourly,10,False,0.5,1.02,18.5411,0.0303,0.0312,True,False,0.094,0.0303,14.8282,0.2245,0.2894,True
1708,sh605122,2025-07-11,13.699999809265135,18.32999992370605,hourly,30,False,1.5,0.95,13.7836,0.0061,-0.0061,False,False,0.0071,0.0061,11.2104,0.1817,0.2221,True
1709,sz300996,2025-07-11,17.690000534057617,20.520000457763672,daily,30,True,0.5,1.02,16.2432,0.0818,0.0891,True,False,0.0818,0.3121,15.0317,0.1503,0.1768,True
1710,sz300348,2025-07-11,16.299999237060543,21.32999992370605,daily,15,False,0.5,1.0,16.2664,0.0021,0.0021,True,False,0.0021,0.0064,13.5758,0.1671,0.2007,True
1711,bj920002,2025-07-11,122.30000305175781,124.0,daily,10,False,1.5,1.02,122.3154,0.0001,-0.0001,False,False,0.0001,0.2791,171.6913,0.4039,-0.2877,False
1712,sz002104,2025-07-11,18.450000762939457,23.01000022888184,hourly,25,False,1.5,0.95,18.4906,0.0022,-0.0022,False,False,0.0025,0.0022,11.4249,0.3808,0.6149,True
1713,sh603093,2025-07-11,21.209999084472656,27.299999237060547,hourly,20,False,0.5,0.95,21.2083,0.0001,0.0001,True,False,0.0308,0.0001,15.4033,0.2738,0.377,True
1714,bj920039,2025-07-14,14.930000305175781,21.299999237060547,hourly,10,False,1.0,0.95,14.9226,0.0005,0.0005,True,False,0.166,0.0005,9.9767,0.3318,0.4965,True
1715,bj920184,2025-07-14,18.510000228881836,20.8799991607666,hourly,25,False,0.5,1.02,18.5141,0.0002,-0.0002,False,False,0.0986,0.0002,13.9571,0.246,0.3262,True
1716,bj920305,2025-07-14,13.739999771118164,14.0,daily,30,True,1.0,1.02,13.7179,0.0016,0.0016,True,False,0.0016,0.0301,12.0996,0.1194,0.1356,True
1717,sh600777,2025-07-14,3.619999885559082,4.119999885559082,hourly,30,False,0.5,1.02,3.6183,0.0005,0.0005,True,True,0.0258,0.0005,2.6265,0.2744,0.3783,True
1718,bj920873,2025-07-14,7.480000019073486,7.730000019073486,hourly,10,True,0.5,1.02,7.4803,0.0,-0.0,False,False,0.0684,0.0,5.8775,0.2142,0.2727,True
1719,sh600744,2025-07-14,6.739999771118164,8.699999809265137,hourly,30,False,1.5,0.98,6.7495,0.0014,-0.0014,False,False,0.0279,0.0014,4.5182,0.3296,0.4917,True
1720,bj920892,2025-07-14,17.870000839233406,19.649999618530277,hourly,10,False,0.5,1.0,17.7535,0.0065,0.0066,True,False,0.0889,0.0065,14.9943,0.1609,0.1918,True
1721,bj920807,2025-07-14,17.440000534057617,18.239999771118164,hourly,10,False,0.5,1.02,16.7222,0.0412,0.0429,True,False,0.1635,0.0412,11.6539,0.3318,0.4965,True
1722,sh600604,2025-07-14,5.559999942779541,6.5,hourly,10,False,0.5,1.02,5.5524,0.0014,0.0014,True,False,0.0394,0.0014,4.5003,0.1906,0.2355,True
1723,sh601908,2025-07-14,3.619999885559082,4.869999885559082,hourly,20,False,0.5,0.95,3.6228,0.0008,-0.0008,False,False,0.0069,0.0008,2.9788,0.1771,0.2153,True
1724,sz002940,2025-07-14,39.20000076293945,42.0,hourly,20,True,0.5,1.02,39.0703,0.0033,0.0033,True,False,0.0745,0.0033,22.8075,0.4182,0.7187,True
1725,sz300066,2025-07-14,5.699999809265137,6.360000133514404,hourly,10,False,0.5,1.02,5.0587,0.1125,0.1268,True,False,0.2018,0.1125,4.0509,0.2893,0.4071,True
1726,sh603590,2025-07-14,47.0999984741211,50.0,hourly,10,False,0.5,1.02,41.4753,0.1194,0.1356,True,False,0.2309,0.1194,29.2087,0.3799,0.6125,True
1727,bj920564,2025-07-14,21.38999938964844,22.700000762939453,daily,25,False,0.5,1.0,21.3834,0.0003,0.0003,True,False,0.0003,0.1817,21.7573,0.0172,-0.0169,False
1728,sz300204,2025-07-14,39.68999862670898,41.09999847412109,hourly,20,True,0.5,1.0,39.7077,0.0004,-0.0004,False,False,0.0564,0.0004,24.2556,0.3889,0.6363,True
1729,sz300950,2025-07-14,25.799999237060547,26.43000030517578,hourly,10,False,0.5,1.02,21.1798,0.1791,0.2181,True,False,0.1972,0.1791,16.5375,0.359,0.5601,True
1730,sz002623,2025-07-14,20.8799991607666,26.75,hourly,30,False,1.0,0.95,20.9646,0.0041,-0.004,False,False,0.0071,0.0041,15.1447,0.2747,0.3787,True
1731,sz002384,2025-07-14,47.75,47.900001525878906,hourly,10,False,0.5,1.02,45.1137,0.0552,0.0584,True,False,0.1314,0.0552,31.305,0.3444,0.5253,True
1732,bj920039,2025-07-15,14.930000305175781,20.600000381469727,hourly,25,False,1.5,1.02,14.9522,0.0015,-0.0015,False,False,0.092,0.0015,10.043,0.3273,0.4866,True
1733,bj920892,2025-07-15,17.870000839233402,21.75,hourly,20,False,0.5,1.02,17.8754,0.0003,-0.0003,False,False,0.0986,0.0003,14.9701,0.1623,0.1937,True
1734,bj920873,2025-07-15,7.599999904632568,8.180000305175781,hourly,25,False,0.5,1.02,7.5798,0.0027,0.0027,True,False,0.082,0.0027,5.9046,0.2231,0.2871,True
1735,sz300225,2025-07-15,3.559999942779541,3.680000066757202,hourly,15,False,1.5,1.0,3.5602,0.0,-0.0,False,False,0.0032,0.0,5.3304,0.4973,-0.3321,False
1736,bj920305,2025-07-15,14.01000022888184,15.100000381469728,daily,30,True,0.5,1.02,14.1428,0.0095,-0.0094,False,False,0.0095,0.0445,11.9403,0.1477,0.1733,True
1737,sh600744,2025-07-15,6.739999771118164,8.199999809265137,hourly,20,True,1.0,0.95,6.7436,0.0005,-0.0005,False,False,0.0063,0.0005,4.5911,0.3188,0.4681,True
1738,sz300066,2025-07-15,5.699999809265137,6.309999942779541,hourly,10,False,0.5,1.02,5.7145,0.0025,-0.0025,False,False,0.1595,0.0025,4.0672,0.2865,0.4015,True
1739,bj920564,2025-07-15,21.389999389648438,24.6200008392334,daily,15,True,0.5,0.98,21.3898,0.0,0.0,True,False,0.0,0.1638,21.6695,0.0131,-0.0129,False
1740,bj920807,2025-07-15,17.440000534057617,18.59000015258789,hourly,15,False,0.5,1.02,17.3758,0.0037,0.0037,True,False,0.1392,0.0037,11.7513,0.3262,0.4841,True
1741,sz002384,2025-07-15,50.279998779296875,51.47999954223633,hourly,10,False,0.5,1.02,46.4439,0.0763,0.0826,True,False,0.1567,0.0763,31.6892,0.3697,0.5867,True
1742,sz300839,2025-07-15,12.109999656677248,14.5,hourly,10,False,0.5,1.02,11.1434,0.0798,0.0867,True,False,0.1473,0.0798,9.3473,0.2281,0.2956,True
1743,sh688500,2025-07-15,56.5099983215332,58.93999862670898,hourly,10,False,0.5,1.02,51.9573,0.0806,0.0876,True,False,0.1721,0.0806,34.5282,0.389,0.6366,True
1744,sz300308,2025-07-15,169.16999816894534,179.8000030517578,hourly,10,False,0.5,1.02,148.4633,0.1224,0.1395,True,False,0.174,0.1224,108.8147,0.3568,0.5547,True
1745,sh603389,2025-07-15,19.809999465942386,22.700000762939453,hourly,10,False,1.5,1.02,19.8117,0.0001,-0.0001,False,False,0.1103,0.0001,10.9217,0.4487,0.8138,True
1746,sz300533,2025-07-15,34.029998779296875,39.02000045776367,daily,10,False,0.5,1.0,34.021,0.0003,0.0003,True,False,0.0003,0.2576,26.146,0.2317,0.3015,True
1747,bj920039,2025-07-16,14.930000305175783,19.649999618530277,hourly,15,True,1.5,0.98,14.8641,0.0044,0.0044,True,False,0.0404,0.0044,10.1333,0.3213,0.4734,True
1748,bj920892,2025-07-16,17.870000839233402,21.450000762939453,hourly,10,False,1.0,1.0,17.8716,0.0001,-0.0001,False,False,0.0556,0.0001,14.9715,0.1622,0.1936,True
1749,sh600777,2025-07-16,3.6199998855590825,4.420000076293945,hourly,25,True,1.0,1.02,3.6219,0.0005,-0.0005,False,False,0.0059,0.0005,2.6994,0.2543,0.341,True
1750,bj920305,2025-07-16,14.010000228881836,19.100000381469727,daily,30,True,0.5,1.02,13.9769,0.0024,0.0024,True,False,0.0024,0.003,11.7933,0.1582,0.188,True
1751,sz300225,2025-07-16,3.559999942779541,3.75,hourly,20,False,1.5,1.0,3.5608,0.0002,-0.0002,False,False,0.0005,0.0002,5.2427,0.4727,-0.321,False
1752,sz300839,2025-07-16,12.109999656677246,14.800000190734863,hourly,15,False,1.0,1.02,12.0875,0.0019,0.0019,True,False,0.1109,0.0019,9.3794,0.2255,0.2911,True
1753,bj920807,2025-07-16,17.719999313354492,18.57999992370605,hourly,15,False,0.5,1.02,17.6527,0.0038,0.0038,True,False,0.1377,0.0038,11.8528,0.3311,0.495,True
1754,sz300591,2025-07-16,10.8100004196167,12.15999984741211,hourly,30,False,1.0,0.98,10.8197,0.0009,-0.0009,False,False,0.0168,0.0009,6.8197,0.3691,0.5851,True
1755,sz300436,2025-07-16,66.81999969482423,70.4000015258789,hourly,10,False,0.5,1.02,62.4641,0.0652,0.0697,True,False,0.2072,0.0652,33.8773,0.493,0.9724,True
1756,sh600822,2025-07-16,11.819999694824217,14.93000030517578,hourly,20,False,0.5,1.02,11.8037,0.0014,0.0014,True,False,0.0802,0.0014,9.6918,0.1801,0.2196,True
1757,sz002940,2025-07-16,43.36000061035156,45.0,hourly,10,False,0.5,1.02,40.2446,0.0718,0.0774,True,False,0.1499,0.0718,23.8826,0.4492,0.8155,True
1758,sz002645,2025-07-16,12.800000190734865,13.6899995803833,daily,10,False,0.5,1.02,10.4614,0.1827,0.2235,True,False,0.1827,0.2113,8.4366,0.3409,0.5172,True
1759,sh605259,2025-07-16,23.56999969482422,25.229999542236328,hourly,15,False,0.5,1.0,23.5443,0.0011,0.0011,True,False,0.0881,0.0011,18.3578,0.2211,0.2839,True
1760,sh600604,2025-07-16,5.559999942779541,6.960000038146973,hourly,20,True,1.0,1.02,5.5506,0.0017,0.0017,True,False,0.0055,0.0017,4.5617,0.1795,0.2188,True
1761,sz301357,2025-07-16,77.80999755859375,81.0,hourly,20,True,0.5,1.02,77.8076,0.0,0.0,True,False,0.0736,0.0,46.3974,0.4037,0.677,True
1762,bj920925,2025-07-16,19.899999618530277,20.6299991607666,hourly,10,False,0.5,1.02,19.5012,0.02,0.0205,True,False,0.096,0.02,15.0728,0.2426,0.3203,True
1763,sz301183,2025-07-16,62.299999237060554,73.58000183105469,hourly,10,False,0.5,1.02,62.5745,0.0044,-0.0044,False,False,0.1373,0.0044,45.9967,0.2617,0.3544,True
1764,sz300204,2025-07-16,41.400001525878906,41.5,hourly,10,False,0.5,1.02,40.3521,0.0253,0.026,True,False,0.0804,0.0253,25.3452,0.3878,0.6334,True
1765,sh600777,2025-07-17,3.619999885559082,4.639999866485596,daily,15,False,0.5,1.02,3.6211,0.0003,-0.0003,False,False,0.0003,0.0015,2.7413,0.2427,0.3205,True
1766,bj920039,2025-07-17,14.930000305175783,18.799999237060547,hourly,20,True,1.5,0.98,14.9204,0.0006,0.0006,True,False,0.0022,0.0006,10.2479,0.3136,0.4569,True
1767,sz002384,2025-07-17,48.68000030517578,58.0,hourly,20,False,1.0,1.02,48.6749,0.0001,0.0001,True,False,0.0679,0.0001,32.5834,0.3307,0.494,True
1768,sh688500,2025-07-17,56.5099983215332,62.0,hourly,10,False,0.5,1.0,56.4445,0.0012,0.0012,True,False,0.1062,0.0012,35.568,0.3706,0.5888,True
1769,sz301176,2025-07-17,29.959999084472656,34.689998626708984,daily,10,False,0.5,0.98,29.8625,0.0033,0.0033,True,False,0.0033,0.0068,20.4693,0.3168,0.4637,True
1770,bj920892,2025-07-17,17.8700008392334,20.290000915527344,hourly,10,True,1.0,0.98,17.8706,0.0,-0.0,False,False,0.0292,0.0,14.9916,0.1611,0.192,True
1771,sh600822,2025-07-17,11.819999694824219,14.81999969482422,hourly,10,True,0.5,0.95,11.7949,0.0021,0.0021,True,False,0.0223,0.0021,9.734,0.1765,0.2143,True
1772,sh600826,2025-07-17,10.729999542236328,13.68000030517578,hourly,20,False,0.5,1.02,10.7274,0.0002,0.0002,True,False,0.067,0.0002,7.79,0.274,0.3774,True
1773,sh688068,2025-07-17,181.0500030517578,199.6999969482422,hourly,15,False,1.0,1.0,180.9865,0.0004,0.0004,True,False,0.0478,0.0004,126.8755,0.2992,0.427,True
1774,sz002940,2025-07-17,43.36000061035156,44.9900016784668,hourly,10,False,0.5,1.02,40.7434,0.0603,0.0642,True,False,0.1209,0.0603,24.437,0.4364,0.7744,True
1775,sh600962,2025-07-17,18.610000610351562,21.440000534057617,hourly,25,False,1.5,0.98,18.5978,0.0007,0.0007,True,False,0.0096,0.0007,14.1943,0.2373,0.3111,True
1776,sz300204,2025-07-17,42.56000137329102,44.0,hourly,10,False,0.5,1.02,40.9284,0.0383,0.0399,True,False,0.0956,0.0383,25.8803,0.3919,0.6445,True
1777,sz301357,2025-07-17,77.80999755859375,83.5,hourly,25,True,0.5,1.02,77.5389,0.0035,0.0035,True,False,0.0593,0.0035,47.4274,0.3905,0.6406,True
1778,sz300502,2025-07-17,167.58999633789062,186.5,daily,10,False,0.5,1.02,138.8932,0.1712,0.2066,True,False,0.1712,0.3093,104.5902,0.3759,0.6023,True
1779,sh688221,2025-07-17,18.0,20.09000015258789,hourly,10,False,0.5,1.02,17.7834,0.012,0.0122,True,False,0.161,0.012,9.8722,0.4515,0.8233,True
1780,sh688658,2025-07-17,26.46999931335449,27.36000061035156,hourly,10,False,0.5,1.02,23.7698,0.102,0.1136,True,False,0.1619,0.102,17.0127,0.3573,0.5559,True
1781,sh688313,2025-07-17,51.5999984741211,52.59000015258789,hourly,10,False,0.5,1.02,46.7841,0.0933,0.1029,True,False,0.232,0.0933,28.8788,0.4403,0.7868,True
1782,sz002755,2025-07-17,23.989999771118164,23.989999771118164,hourly,10,False,0.5,1.02,22.0005,0.0829,0.0904,True,False,0.1943,0.0829,16.0294,0.3318,0.4966,True
1783,sh603590,2025-07-17,47.400001525878906,49.02000045776367,hourly,10,False,0.5,1.0,47.3997,0.0,0.0,True,False,0.1353,0.0,30.1073,0.3648,0.5744,True
1784,sh600777,2025-07-18,3.6199998855590825,4.809999942779541,hourly,30,True,0.5,0.98,3.6139,0.0017,0.0017,True,False,0.0026,0.0017,2.7877,0.2299,0.2986,True
1785,bj920039,2025-07-18,14.930000305175783,18.149999618530277,hourly,25,True,1.0,0.95,14.9921,0.0042,-0.0041,False,False,0.0098,0.0042,10.3811,0.3047,0.4382,True
1786,sz002755,2025-07-18,25.29999923706055,25.399999618530277,hourly,10,False,0.5,1.02,23.3446,0.0773,0.0838,True,False,0.2097,0.0773,16.1291,0.3625,0.5686,True
1787,bj920807,2025-07-18,17.719999313354492,19.200000762939453,hourly,10,False,0.5,1.0,17.7153,0.0003,0.0003,True,False,0.1073,0.0003,12.0757,0.3185,0.4674,True
1788,bj920392,2025-07-18,28.51000022888184,32.40999984741211,hourly,10,False,0.5,1.02,24.2572,0.1492,0.1753,True,False,0.2321,0.1492,20.6789,0.2747,0.3787,True
1789,sz002940,2025-07-18,48.0,49.59999847412109,hourly,10,False,0.5,1.02,43.8521,0.0864,0.0946,True,False,0.1948,0.0864,24.9844,0.4795,0.9212,True
1790,sh688166,2025-07-18,83.72000122070314,84.0,hourly,10,False,0.5,1.02,71.8192,0.1421,0.1657,True,False,0.265,0.1421,49.3149,0.411,0.6977,True
1791,sh600826,2025-07-18,10.729999542236328,14.710000038146973,hourly,30,False,1.5,1.0,10.7679,0.0035,-0.0035,False,False,0.0093,0.0035,7.8796,0.2656,0.3617,True
1792,sz300897,2025-07-18,24.959999084472656,25.68000030517578,daily,30,True,0.5,1.02,23.7719,0.0476,0.05,True,False,0.0476,0.2702,22.3131,0.106,0.1186,True
1793,sh600962,2025-07-18,18.610000610351566,20.88999938964844,hourly,15,True,1.0,0.95,18.6103,0.0,-0.0,False,False,0.0088,0.0,14.3461,0.2291,0.2972,True
1794,sh688658,2025-07-18,28.309999465942383,28.600000381469727,hourly,10,False,0.5,1.02,25.2162,0.1093,0.1227,True,False,0.1981,0.1093,17.203,0.3923,0.6456,True
1795,bj920719,2025-07-18,15.420000076293945,18.0,daily,25,False,1.0,0.95,15.4119,0.0005,0.0005,True,False,0.0005,0.0469,15.0052,0.0269,0.0276,True
1796,sh601208,2025-07-18,14.5,15.1899995803833,hourly,10,False,0.5,1.02,13.694,0.0556,0.0589,True,False,0.166,0.0556,9.3195,0.3573,0.5559,True
1797,sh688221,2025-07-18,18.0,21.100000381469727,hourly,10,True,0.5,1.02,18.0558,0.0031,-0.0031,False,False,0.1218,0.0031,10.0607,0.4411,0.7891,True
1798,sh600774,2025-07-18,9.630000114440916,10.899999618530272,hourly,10,False,0.5,1.02,9.5931,0.0038,0.0038,True,False,0.0496,0.0038,8.1311,0.1557,0.1843,True
1799,bj920274,2025-07-18,16.68000030517578,18.799999237060547,hourly,30,True,0.5,0.98,16.6764,0.0002,0.0002,True,False,0.0008,0.0002,15.3137,0.0819,0.0892,True
1800,sz301217,2025-07-18,19.03000068664551,21.63999938964844,hourly,15,False,0.5,1.02,19.0392,0.0005,-0.0005,False,False,0.1068,0.0005,11.5363,0.3938,0.6496,True
1801,sh688222,2025-07-18,21.809999465942383,22.170000076293945,hourly,10,False,0.5,1.02,20.0549,0.0805,0.0875,True,False,0.1931,0.0805,15.2714,0.2998,0.4282,True
1802,sh601003,2025-07-18,5.849999904632569,6.309999942779541,hourly,10,False,0.5,1.02,5.2745,0.0984,0.1091,True,False,0.1912,0.0984,3.5529,0.3927,0.6466,True
1803,sh600777,2025-07-21,3.619999885559082,5.110000133514404,daily,20,False,0.5,1.0,3.6211,0.0003,-0.0003,False,False,0.0003,0.001,2.8377,0.2161,0.2757,True
1804,bj920873,2025-07-21,7.960000038146972,9.1899995803833,hourly,10,True,0.5,1.02,7.8675,0.0116,0.0118,True,False,0.0756,0.0116,6.0476,0.2403,0.3162,True
1805,bj920305,2025-07-21,14.010000228881836,18.43000030517578,hourly,20,True,1.5,1.02,14.0226,0.0009,-0.0009,False,False,0.0258,0.0009,11.5639,0.1746,0.2115,True
1806,bj920039,2025-07-21,14.930000305175781,18.280000686645508,hourly,25,True,1.5,0.95,14.9324,0.0002,-0.0002,False,False,0.0125,0.0002,10.5316,0.2946,0.4176,True
1807,bj920892,2025-07-21,17.870000839233402,20.90999984741211,hourly,10,False,0.5,0.95,17.8647,0.0003,0.0003,True,False,0.0062,0.0003,15.0774,0.1563,0.1852,True
1808,bj920392,2025-07-21,28.51000022888184,31.309999465942383,hourly,10,False,0.5,1.02,28.6353,0.0044,-0.0044,False,False,0.1993,0.0044,20.6706,0.275,0.3793,True
1809,sz002896,2025-07-21,77.55000305175781,86.69999694824219,hourly,10,False,0.5,1.02,76.4918,0.0136,0.0138,True,False,0.0846,0.0136,66.1663,0.1468,0.172,True
1810,bj920925,2025-07-21,21.81999969482422,22.780000686645508,hourly,10,False,0.5,1.02,20.3819,0.0659,0.0706,True,False,0.1368,0.0659,15.375,0.2954,0.4192,True
1811,sz002940,2025-07-21,48.0,54.560001373291016,hourly,10,False,0.5,1.02,46.3243,0.0349,0.0362,True,False,0.1592,0.0349,25.5671,0.4674,0.8774,True
1812,sz002755,2025-07-21,24.809999465942386,26.299999237060547,hourly,10,False,0.5,1.02,24.7446,0.0026,0.0026,True,False,0.1606,0.0026,16.2539,0.3449,0.5264,True
1813,bj920060,2025-07-21,33.900001525878906,39.900001525878906,hourly,20,False,1.0,1.02,33.8727,0.0008,0.0008,True,False,0.0223,0.0008,30.0194,0.1145,0.1293,True
1814,sh688356,2025-07-21,91.0999984741211,110.16000366210938,hourly,10,False,0.5,1.02,84.8587,0.0685,0.0735,True,False,0.1613,0.0685,65.6363,0.2795,0.388,True
1815,sh601208,2025-07-21,14.5,15.5,hourly,10,False,0.5,1.02,14.4144,0.0059,0.0059,True,False,0.1343,0.0059,9.4207,0.3503,0.5392,True
1816,bj920892,2025-07-22,17.870000839233402,21.899999618530277,hourly,30,True,0.5,1.0,17.8737,0.0002,-0.0002,False,False,0.0091,0.0002,15.1204,0.1539,0.1818,True
1817,bj920706,2025-07-22,24.500000000000004,32.29999923706055,hourly,10,False,0.5,1.02,20.7992,0.1511,0.1779,True,False,0.2047,0.1511,18.0559,0.263,0.3569,True
1818,bj920873,2025-07-22,7.960000038146973,11.0,hourly,15,False,0.5,0.95,7.9616,0.0002,-0.0002,False,False,0.0693,0.0002,6.0773,0.2365,0.3098,True
1819,bj920879,2025-07-22,27.299999237060547,36.0,daily,10,False,0.5,1.02,21.9651,0.1954,0.2429,True,False,0.1954,0.245,16.4975,0.3957,0.6548,True
1820,bj920082,2025-07-22,21.399999618530273,28.0,daily,10,True,0.5,1.02,20.5793,0.0383,0.0399,True,False,0.0383,0.3096,19.175,0.104,0.116,True
1821,bj920682,2025-07-22,10.079999923706055,12.619999885559082,daily,30,True,0.5,1.02,10.0913,0.0011,-0.0011,False,False,0.0011,0.1815,9.6002,0.0476,0.05,True
1822,bj920039,2025-07-22,14.930000305175781,17.56999969482422,daily,15,False,0.5,1.02,14.9271,0.0002,0.0002,True,False,0.0002,0.0113,10.6848,0.2843,0.3973,True
1823,sz300897,2025-07-22,26.309999465942386,27.51000022888184,daily,30,True,0.5,1.02,23.6476,0.1012,0.1126,True,False,0.1012,0.295,22.1535,0.158,0.1876,True
1824,bj920950,2025-07-22,22.10000038146973,26.0,daily,30,True,0.5,1.02,19.3479,0.1245,0.1422,True,False,0.1245,0.1376,18.4752,0.164,0.1962,True
1825,sh688585,2025-07-22,45.779998779296875,47.5,hourly,10,False,0.5,1.02,37.3597,0.1839,0.2254,True,True,0.3892,0.1839,9.7283,0.7875,3.7059,True
1826,sz002896,2025-07-22,77.55000305175783,84.4000015258789,hourly,20,False,1.0,1.02,77.7037,0.002,-0.002,False,False,0.0876,0.002,65.9511,0.1496,0.1759,True
1827,bj920245,2025-07-22,31.600000381469727,39.0,daily,30,True,1.0,1.02,31.5509,0.0016,0.0016,True,False,0.0016,0.267,30.6627,0.0297,0.0306,True
1828,sz300617,2025-07-22,33.79999923706054,44.09999847412109,hourly,10,False,0.5,1.0,33.895,0.0028,-0.0028,False,False,0.0694,0.0028,28.368,0.1607,0.1915,True
1829,bj920925,2025-07-22,22.000000000000004,23.40999984741211,hourly,10,False,0.5,1.02,21.2512,0.034,0.0352,True,False,0.1255,0.034,15.4888,0.296,0.4204,True
1830,bj920879,2025-07-23,27.299999237060547,39.0,hourly,10,False,0.5,1.02,26.0612,0.0454,0.0475,True,False,0.1375,0.0454,16.6782,0.3891,0.6369,True
1831,bj920873,2025-07-23,7.960000038146973,9.34000015258789,hourly,15,True,0.5,0.95,7.9441,0.002,0.002,True,False,0.0363,0.002,6.1131,0.232,0.3021,True
1832,bj920706,2025-07-23,24.499999999999996,25.32999992370605,hourly,10,False,0.5,0.95,24.499,0.0,0.0,True,False,0.1768,0.0,18.0632,0.2627,0.3564,True
1833,bj920057,2025-07-23,7.369999885559082,8.600000381469727,hourly,25,True,1.5,1.02,7.373,0.0004,-0.0004,False,False,0.0149,0.0004,6.6885,0.0925,0.1019,True
1834,sh600826,2025-07-23,10.72999954223633,13.079999923706056,daily,10,False,0.5,0.95,10.7304,0.0,-0.0,False,False,0.0,0.0013,8.1782,0.2378,0.312,True
1835,sz300897,2025-07-23,26.309999465942383,28.0,daily,30,True,0.5,1.02,23.6033,0.1029,0.1147,True,False,0.1029,0.304,22.0895,0.1604,0.1911,True
1836,sz003001,2025-07-23,26.860000610351562,37.0,hourly,25,True,1.5,0.98,26.876,0.0006,-0.0006,False,False,0.0082,0.0006,32.0804,0.1944,-0.1627,False
1837,sh603966,2025-07-23,10.649999618530273,12.5,daily,10,False,0.5,1.02,10.5723,0.0073,0.0073,True,True,0.0073,0.1966,8.9988,0.155,0.1835,True
1838,sz002940,2025-07-23,48.00000000000001,58.880001068115234,hourly,10,True,1.5,1.02,47.965,0.0007,0.0007,True,False,0.1011,0.0007,26.7999,0.4417,0.7911,True
1839,sz002297,2025-07-23,8.729999542236328,10.5,hourly,20,False,1.5,1.02,8.7259,0.0005,0.0005,True,False,0.0168,0.0005,7.2918,0.1647,0.1972,True
1840,sh688585,2025-07-23,53.33000183105469,54.400001525878906,hourly,10,False,0.5,1.02,44.5927,0.1638,0.1959,True,False,0.4327,0.1638,10.4463,0.8041,4.1051,True
1841,sz300865,2025-07-23,33.0,40.130001068115234,hourly,10,True,1.0,0.95,33.0024,0.0001,-0.0001,False,False,0.0267,0.0001,25.6985,0.2213,0.2841,True
1842,sz300021,2025-07-23,5.239999771118164,6.110000133514404,hourly,15,False,0.5,1.02,5.2272,0.0024,0.0024,True,False,0.0609,0.0024,4.4885,0.1434,0.1674,True
1843,bj920392,2025-07-23,31.129999160766605,31.649999618530277,hourly,10,False,0.5,1.02,29.9627,0.0375,0.039,True,False,0.2147,0.0375,20.7511,0.3334,0.5002,True
1844,sh688660,2025-07-23,11.899999618530273,12.8100004196167,hourly,10,False,0.5,1.02,10.3582,0.1296,0.1488,True,False,0.2499,0.1296,7.871,0.3386,0.5119,True
1845,bj920174,2025-07-23,58.70000076293945,74.80000305175781,hourly,10,True,0.5,0.95,58.6778,0.0004,0.0004,True,False,0.0726,0.0004,38.0243,0.3522,0.5438,True
1846,bj920879,2025-07-24,27.299999237060547,34.06999969482422,hourly,10,False,1.0,1.0,27.3834,0.0031,-0.003,False,False,0.0662,0.0031,16.917,0.3803,0.6138,True
1847,bj920873,2025-07-24,7.960000038146973,9.699999809265137,hourly,15,True,1.5,0.95,7.9615,0.0002,-0.0002,False,False,0.0057,0.0002,6.1568,0.2265,0.2929,True
1848,bj920706,2025-07-24,24.5,28.280000686645508,hourly,10,True,0.5,1.0,24.5942,0.0038,-0.0038,False,False,0.1514,0.0038,18.0868,0.2618,0.3546,True
1849,bj920942,2025-07-24,45.29999923706055,55.0,hourly,10,False,0.5,1.02,38.9687,0.1398,0.1625,True,False,0.3429,0.1398,19.4576,0.5705,1.3281,True
1850,sz002827,2025-07-24,43.439998626708984,56.0,hourly,30,False,1.5,1.0,43.4539,0.0003,-0.0003,False,False,0.0023,0.0003,31.4424,0.2762,0.3816,True
1851,bj920892,2025-07-24,17.870000839233395,20.46999931335449,hourly,30,True,1.5,1.02,17.8629,0.0004,0.0004,True,False,0.0053,0.0004,15.239,0.1472,0.1726,True
1852,bj920807,2025-07-24,17.7199993133545,20.399999618530277,hourly,10,True,1.5,1.0,17.714,0.0003,0.0003,True,False,0.047,0.0003,12.5995,0.289,0.4064,True
1853,sz002940,2025-07-24,48.0,63.0,hourly,15,False,1.5,0.98,47.9964,0.0001,0.0001,True,False,0.0526,0.0001,27.4772,0.4276,0.7469,True
1854,sz301038,2025-07-24,24.799999237060547,30.63999938964844,hourly,10,False,1.0,1.0,24.808,0.0003,-0.0003,False,False,0.2248,0.0003,15.0516,0.3931,0.6477,True
1855,bj920925,2025-07-24,23.170000076293945,23.520000457763672,hourly,10,False,0.5,1.02,22.334,0.0361,0.0374,True,False,0.1347,0.0361,15.7496,0.3203,0.4712,True
1856,bj920082,2025-07-24,21.399999618530277,24.0,daily,10,False,0.5,1.02,21.0237,0.0176,0.0179,True,False,0.0176,0.1984,19.2218,0.1018,0.1133,True
1857,sh600826,2025-07-24,10.72999954223633,13.539999961853027,hourly,30,True,1.5,0.98,10.7551,0.0023,-0.0023,False,False,0.0058,0.0023,8.2887,0.2275,0.2945,True
1858,sh603716,2025-07-24,26.200000762939453,30.0,hourly,10,False,1.0,1.0,26.1512,0.0019,0.0019,True,False,0.1273,0.0019,14.7801,0.4359,0.7727,True
1859,bj920057,2025-07-24,7.369999885559083,8.850000381469727,hourly,25,True,0.5,0.98,7.3682,0.0002,0.0002,True,False,0.0033,0.0002,6.6974,0.0913,0.1004,True
1860,sz300539,2025-07-24,19.760000228881836,20.0,hourly,10,False,0.5,1.02,15.9028,0.1952,0.2425,True,False,0.2792,0.1952,12.9493,0.3447,0.526,True
1861,bj920184,2025-07-24,20.159999847412106,22.96999931335449,hourly,10,False,0.5,1.02,19.4015,0.0376,0.0391,True,False,0.1023,0.0376,14.7312,0.2693,0.3685,True
1862,sh688425,2025-07-24,5.739999771118164,7.360000133514404,hourly,15,False,1.5,0.95,5.7417,0.0003,-0.0003,False,False,0.0777,0.0003,4.0634,0.2921,0.4126,True
1863,bj920879,2025-07-25,27.299999237060547,31.1299991607666,hourly,10,False,0.5,0.95,27.2956,0.0002,0.0002,True,False,0.0421,0.0002,17.1761,0.3708,0.5894,True
1864,bj920706,2025-07-25,24.5,31.32999992370605,hourly,15,False,0.5,0.95,24.5063,0.0003,-0.0003,False,False,0.127,0.0003,18.1151,0.2606,0.3525,True
1865,bj920564,2025-07-25,24.200000762939453,30.530000686645508,daily,30,True,0.5,1.02,22.3615,0.076,0.0822,True,False,0.076,0.168,21.0717,0.1293,0.1485,True
1866,bj920942,2025-07-25,45.299999237060554,55.81999969482422,hourly,10,False,1.5,0.98,45.2832,0.0004,0.0004,True,False,0.2731,0.0004,19.8634,0.5615,1.2806,True
1867,sh600117,2025-07-25,3.25,3.869999885559082,hourly,10,False,1.0,1.02,3.248,0.0006,0.0006,True,False,0.1379,0.0006,2.1891,0.3264,0.4846,True
1868,sz300877,2025-07-25,24.01000022888184,25.770000457763672,hourly,10,False,0.5,1.02,22.7027,0.0544,0.0576,True,False,0.2339,0.0544,15.4417,0.3569,0.5549,True
1869,bj920925,2025-07-25,23.520000457763675,24.559999465942383,hourly,10,False,0.5,1.02,22.7334,0.0334,0.0346,True,False,0.1286,0.0334,15.8961,0.3241,0.4796,True
1870,sz300158,2025-07-25,6.909999847412109,6.920000076293945,hourly,10,False,0.5,1.02,5.7535,0.1674,0.201,True,False,0.268,0.1674,4.2936,0.3786,0.6094,True
1871,bj920522,2025-07-25,54.29999923706055,58.79999923706055,daily,10,False,0.5,1.02,49.1046,0.0957,0.1058,True,False,0.0957,0.3034,44.7043,0.1767,0.2146,True
1872,sh688313,2025-07-25,52.119998931884766,55.2599983215332,hourly,10,True,0.5,0.98,52.1424,0.0004,-0.0004,False,False,0.0778,0.0004,31.9757,0.3865,0.63,True
1873,sh603228,2025-07-25,53.52000045776368,58.29999923706055,hourly,10,False,1.0,1.02,53.5238,0.0001,-0.0001,False,False,0.053,0.0001,36.4279,0.3194,0.4692,True
1874,bj920344,2025-07-25,28.35000038146973,28.479999542236328,hourly,10,False,0.5,1.02,26.2725,0.0733,0.0791,True,False,0.1309,0.0733,22.4582,0.2078,0.2623,True
1875,bj920184,2025-07-25,20.159999847412113,21.030000686645508,hourly,10,False,0.5,1.02,19.9768,0.0091,0.0092,True,False,0.0897,0.0091,14.825,0.2646,0.3599,True
1876,sh600326,2025-07-25,14.670000076293945,14.770000457763672,hourly,10,False,0.5,1.02,13.5974,0.0731,0.0789,True,False,0.2023,0.0731,8.0269,0.4528,0.8276,True
1877,bj920057,2025-07-25,7.369999885559082,8.350000381469727,daily,10,False,0.5,1.0,7.3616,0.0011,0.0011,True,False,0.0011,0.0016,6.7092,0.0897,0.0985,True
1878,sz002827,2025-07-25,43.16999816894532,48.560001373291016,daily,10,False,1.0,1.02,43.1779,0.0002,-0.0002,False,False,0.0002,0.0007,31.8842,0.2614,0.354,True
1879,sh603389,2025-07-25,19.809999465942386,22.5,hourly,30,True,1.5,0.98,19.7945,0.0008,0.0008,True,False,0.0069,0.0008,12.559,0.366,0.5774,True
1881,sh601208,2025-07-25,15.590000152587892,16.1299991607666,hourly,10,False,0.5,1.02,15.0854,0.0324,0.0335,True,False,0.1296,0.0324,9.895,0.3653,0.5755,True
1882,bj920706,2025-07-28,24.5,29.65999984741211,hourly,15,False,1.5,0.98,24.4705,0.0012,0.0012,True,False,0.0753,0.0012,18.1835,0.2578,0.3474,True
1883,bj920879,2025-07-28,25.899999618530273,31.299999237060547,hourly,15,False,1.0,1.0,25.9265,0.001,-0.001,False,False,0.0072,0.001,17.4602,0.3259,0.4834,True
1884,bj920942,2025-07-28,43.65999984741211,68.0,hourly,10,False,1.5,0.95,43.8509,0.0044,-0.0044,False,False,0.1886,0.0044,20.3107,0.5348,1.1496,True
1885,sz300706,2025-07-28,33.02999877929688,35.20000076293945,hourly,10,False,0.5,1.02,30.8767,0.0652,0.0697,True,False,0.2018,0.0652,21.6576,0.3443,0.5251,True
1886,bj920564,2025-07-28,24.200000762939453,27.299999237060547,hourly,10,False,0.5,1.02,23.0537,0.0474,0.0497,True,False,0.0768,0.0474,21.0215,0.1313,0.1512,True
1887,sh603228,2025-07-28,53.52000045776368,61.70000076293945,hourly,25,False,0.5,1.0,53.5609,0.0008,-0.0008,False,False,0.0348,0.0008,36.9848,0.309,0.4471,True
1888,sh688585,2025-07-28,73.87999725341798,80.0199966430664,hourly,10,False,0.5,1.02,57.4452,0.2225,0.2861,True,False,0.4571,0.2225,13.0819,0.8229,4.6475,True
1889,bj920522,2025-07-28,54.29999923706055,61.18000030517578,daily,10,False,0.5,1.02,50.1057,0.0772,0.0837,True,False,0.0772,0.2792,44.7871,0.1752,0.2124,True
1890,sz300158,2025-07-28,7.070000171661377,7.53000020980835,hourly,10,False,0.5,1.02,6.4979,0.0809,0.088,True,False,0.2444,0.0809,4.3195,0.389,0.6368,True
1891,bj920663,2025-07-28,22.219999313354496,23.280000686645508,daily,30,True,0.5,1.02,22.1888,0.0014,0.0014,True,False,0.0014,0.0775,20.7208,0.0675,0.0724,True
1892,sz300308,2025-07-28,197.19999694824224,198.00999450683597,hourly,10,False,0.5,1.02,186.0477,0.0566,0.0599,True,False,0.1265,0.0566,123.4329,0.3741,0.5976,True
1893,sz300950,2025-07-28,28.510000228881836,31.8799991607666,hourly,15,False,1.5,1.02,28.5051,0.0002,0.0002,True,False,0.0294,0.0002,19.0785,0.3308,0.4944,True
1894,bj920208,2025-07-28,26.79999923706055,30.01000022888184,daily,10,False,0.5,1.0,26.789,0.0004,0.0004,True,False,0.0004,0.0007,29.9794,0.1186,-0.1061,False
1895,sh603716,2025-07-28,26.200000762939457,32.81999969482422,hourly,25,False,1.5,1.0,26.1994,0.0,0.0,True,False,0.0611,0.0,15.4418,0.4106,0.6967,True
1896,sz002940,2025-07-28,48.0,58.0,hourly,20,True,1.0,0.95,47.9715,0.0006,0.0006,True,False,0.0109,0.0006,28.8532,0.3989,0.6636,True
1897,sh688202,2025-07-28,57.400001525878906,66.75,hourly,15,True,0.5,0.95,57.2714,0.0022,0.0022,True,False,0.0341,0.0022,36.737,0.36,0.5625,True
1898,sh688313,2025-07-28,52.119998931884766,60.97999954223633,hourly,25,False,1.0,1.0,52.0902,0.0006,0.0006,True,False,0.0594,0.0006,32.5772,0.375,0.5999,True
1899,sh603109,2025-07-28,34.00000000000001,37.25,hourly,10,False,0.5,1.02,33.7128,0.0084,0.0085,True,False,0.1117,0.0084,24.8536,0.269,0.368,True
1900,bj920706,2025-07-29,24.229999542236328,30.0,hourly,15,True,1.0,0.95,24.2323,0.0001,-0.0001,False,False,0.0383,0.0001,18.2709,0.2459,0.3262,True
1901,bj920344,2025-07-29,28.35000038146973,32.900001525878906,hourly,10,False,0.5,1.02,28.538,0.0066,-0.0066,False,False,0.1115,0.0066,22.5456,0.2047,0.2575,True
1902,bj920663,2025-07-29,22.219999313354492,24.31999969482422,daily,30,True,0.5,1.02,22.0974,0.0055,0.0055,True,False,0.0055,0.013,20.6272,0.0717,0.0772,True
1903,bj920942,2025-07-29,42.25,66.7699966430664,hourly,30,False,1.0,1.0,42.2995,0.0012,-0.0012,False,False,0.0651,0.0012,20.8609,0.5063,1.0253,True
1904,bj920879,2025-07-29,25.499999999999996,35.099998474121094,hourly,15,True,0.5,0.98,25.4863,0.0005,0.0005,True,False,0.0099,0.0005,17.732,0.3046,0.4381,True
1905,bj920751,2025-07-29,19.92000007629394,23.07999992370605,hourly,15,False,1.5,1.02,19.9154,0.0002,0.0002,True,False,0.0665,0.0002,16.7315,0.1601,0.1906,True
1906,sh688658,2025-07-29,25.700000762939453,31.950000762939453,daily,15,False,0.5,1.02,25.7126,0.0005,-0.0005,False,False,0.0005,0.0031,18.9347,0.2632,0.3573,True
1907,bj920564,2025-07-29,24.200000762939453,26.5,hourly,10,False,0.5,1.02,23.1984,0.0414,0.0432,True,False,0.0522,0.0414,20.999,0.1323,0.1524,True
1908,bj920522,2025-07-29,54.299999237060554,62.5,daily,10,False,0.5,1.02,51.7501,0.047,0.0493,True,False,0.047,0.2331,44.9229,0.1727,0.2087,True
1909,sh603228,2025-07-29,53.52000045776368,67.0,hourly,20,False,0.5,0.95,53.5373,0.0003,-0.0003,False,False,0.0129,0.0003,37.5543,0.2983,0.4251,True
1910,sz300502,2025-07-29,176.30000305175784,188.0,daily,10,False,0.5,1.02,164.9233,0.0645,0.069,True,False,0.0645,0.2888,117.9273,0.3311,0.495,True
1911,sh688382,2025-07-29,36.049999237060554,46.9900016784668,daily,10,True,0.5,0.98,36.0487,0.0,0.0,True,False,0.0,0.0388,29.5092,0.1814,0.2217,True
1912,sh688585,2025-07-29,76.55999755859375,84.02999877929688,hourly,10,False,0.5,1.02,67.2884,0.1211,0.1378,True,False,0.4161,0.1211,14.1338,0.8154,4.4168,True
1913,sh688556,2025-07-29,10.180000305175781,10.970000267028809,hourly,10,False,0.5,1.02,9.6575,0.0513,0.0541,True,False,0.1527,0.0513,8.0768,0.2066,0.2604,True
1914,bj920786,2025-07-29,10.359999656677248,11.1899995803833,hourly,30,False,1.0,1.02,10.3647,0.0005,-0.0004,False,False,0.004,0.0005,9.9466,0.0399,0.0416,True
1915,sh688630,2025-07-29,112.50000000000001,125.0,hourly,10,False,0.5,1.02,102.718,0.087,0.0952,True,False,0.1917,0.087,75.0007,0.3333,0.5,True
1916,sz002370,2025-07-29,6.099999904632568,7.050000190734863,hourly,10,False,0.5,1.02,5.929,0.028,0.0288,True,False,0.1767,0.028,3.7137,0.3912,0.6426,True
1917,sz002645,2025-07-29,12.909999847412111,15.829999923706056,daily,10,False,0.5,1.0,13.0145,0.0081,-0.008,False,False,0.0081,0.0393,9.4424,0.2686,0.3672,True
1918,bj920706,2025-07-30,24.229999542236328,28.07999992370605,hourly,30,True,0.5,1.0,24.2162,0.0006,0.0006,True,False,0.0106,0.0006,18.3834,0.2413,0.318,True
1919,bj920344,2025-07-30,28.350000381469727,34.720001220703125,hourly,15,False,1.0,0.98,28.3408,0.0003,0.0003,True,False,0.0826,0.0003,22.5915,0.2031,0.2549,True
1920,bj920942,2025-07-30,42.25,62.34999847412109,hourly,20,True,1.0,0.98,42.3672,0.0028,-0.0028,False,False,0.0077,0.0028,21.544,0.4901,0.9611,True
1921,bj920305,2025-07-30,14.600000381469727,16.8700008392334,hourly,15,False,0.5,0.98,14.6071,0.0005,-0.0005,False,False,0.0292,0.0005,11.7143,0.1977,0.2463,True
1922,bj920879,2025-07-30,25.500000000000004,32.15999984741211,hourly,25,False,0.5,1.0,25.4573,0.0017,0.0017,True,False,0.0017,0.0017,18.028,0.293,0.4145,True
1923,bj920786,2025-07-30,10.359999656677248,12.239999771118164,hourly,15,True,1.5,1.02,10.3675,0.0007,-0.0007,False,False,0.0021,0.0007,9.924,0.0421,0.0439,True
1924,bj920522,2025-07-30,54.29999923706055,60.810001373291016,daily,10,False,0.5,1.02,52.9147,0.0255,0.0262,True,False,0.0255,0.1997,45.0978,0.1695,0.2041,True
1925,sh688585,2025-07-30,76.55999755859376,96.0,hourly,10,False,0.5,1.02,75.4955,0.0139,0.0141,True,False,0.34,0.0139,15.3449,0.7996,3.9893,True
1926,bj920873,2025-07-30,7.869999885559083,9.5,daily,15,False,0.5,0.98,7.8758,0.0007,-0.0007,False,False,0.0007,0.0177,6.3953,0.1874,0.2306,True
1927,bj920663,2025-07-30,22.219999313354496,24.5,hourly,10,False,1.0,1.02,22.2847,0.0029,-0.0029,False,False,0.0089,0.0029,20.5555,0.0749,0.081,True
1928,sh603367,2025-07-30,25.299999237060547,28.790000915527344,hourly,10,False,0.5,1.02,24.3555,0.0373,0.0388,True,False,0.1817,0.0373,14.619,0.4222,0.7306,True
1929,sz300706,2025-07-30,33.02999877929688,36.0,hourly,10,False,1.5,1.02,32.9073,0.0037,0.0037,True,False,0.1363,0.0037,22.0033,0.3338,0.5011,True
1930,sh600010,2025-07-30,2.4300000667572026,2.890000104904175,hourly,15,True,0.5,1.02,2.4286,0.0006,0.0006,True,False,0.0635,0.0006,1.8107,0.2549,0.342,True
1931,bj920925,2025-07-30,23.819999694824222,25.13999938964844,hourly,10,True,0.5,1.02,23.8576,0.0016,-0.0016,False,False,0.0867,0.0016,16.4203,0.3107,0.4506,True
1932,sz301038,2025-07-30,27.959999084472656,32.5,hourly,10,False,0.5,1.02,26.8977,0.038,0.0395,True,False,0.2001,0.038,15.6616,0.4399,0.7853,True
1933,sh600326,2025-07-30,13.84000015258789,17.860000610351562,hourly,20,False,0.5,0.95,13.8411,0.0001,-0.0001,False,False,0.0421,0.0001,8.4928,0.3864,0.6296,True
1934,sh688630,2025-07-30,112.49999999999999,125.87999725341795,hourly,10,False,0.5,1.0,112.5627,0.0006,-0.0006,False,False,0.1474,0.0006,75.6054,0.328,0.488,True
1935,sh603389,2025-07-30,22.219999313354492,22.549999237060547,hourly,15,True,1.0,1.02,22.2327,0.0006,-0.0006,False,False,0.0761,0.0006,13.5256,0.3913,0.6428,True
1936,bj920942,2025-07-31,42.25,57.0,hourly,25,True,1.5,1.0,42.3077,0.0014,-0.0014,False,False,0.003,0.0014,22.3051,0.4721,0.8942,True
1937,bj920344,2025-07-31,28.350000381469727,34.400001525878906,hourly,25,False,1.5,1.0,28.3414,0.0003,0.0003,True,False,0.0397,0.0003,22.6765,0.2001,0.2502,True
1938,bj920305,2025-07-31,14.600000381469727,18.6299991607666,hourly,15,True,0.5,0.95,14.6016,0.0001,-0.0001,False,False,0.0207,0.0001,11.7422,0.1957,0.2434,True
1939,sh600749,2025-07-31,22.329999923706055,26.520000457763672,hourly,20,False,1.5,1.0,22.4086,0.0035,-0.0035,False,False,0.0921,0.0035,12.4305,0.4433,0.7964,True
1940,bj920885,2025-07-31,23.110000610351566,24.5,hourly,10,False,0.5,1.02,22.97,0.0061,0.0061,True,False,0.0777,0.0061,18.6156,0.1945,0.2414,True
1941,sh688110,2025-07-31,57.099998474121094,67.80000305175781,hourly,10,False,0.5,1.02,48.5203,0.1503,0.1768,True,False,0.293,0.1503,30.6449,0.4633,0.8633,True
1942,sh603280,2025-07-31,41.900001525878906,52.20000076293945,hourly,10,True,0.5,0.98,41.8689,0.0007,0.0007,True,False,0.093,0.0007,25.5333,0.3906,0.641,True
1943,bj920663,2025-07-31,22.219999313354492,23.5,hourly,15,False,1.0,1.02,22.2503,0.0014,-0.0014,False,False,0.0117,0.0014,20.4973,0.0775,0.084,True
1944,bj920786,2025-07-31,10.359999656677246,11.220000267028809,hourly,20,True,1.0,1.0,10.3656,0.0005,-0.0005,False,False,0.0011,0.0005,9.9082,0.0436,0.0456,True
1945,bj920662,2025-07-31,27.879999160766605,30.8700008392334,hourly,10,False,0.5,1.02,26.9415,0.0337,0.0348,True,False,0.0819,0.0337,23.6504,0.1517,0.1788,True
1946,sz002940,2025-07-31,47.41999816894531,58.0,daily,10,False,0.5,0.98,47.4079,0.0003,0.0003,True,False,0.0003,0.0087,30.983,0.3466,0.5305,True
1947,sz300436,2025-07-31,98.81999969482422,110.0,hourly,10,False,0.5,1.02,89.5024,0.0943,0.1041,True,False,0.2413,0.0943,43.7734,0.557,1.2575,True
1948,sh603367,2025-07-31,24.68000030517578,29.309999465942383,hourly,15,False,0.5,0.98,24.6894,0.0004,-0.0004,False,False,0.1252,0.0004,14.8355,0.3989,0.6636,True
1949,sz300706,2025-07-31,33.029998779296875,36.790000915527344,hourly,10,False,1.0,1.0,32.9784,0.0016,0.0016,True,False,0.0986,0.0016,22.2268,0.3271,0.486,True
1950,sh600326,2025-07-31,13.84000015258789,18.40999984741211,hourly,30,False,1.0,0.95,13.8428,0.0002,-0.0002,False,False,0.0048,0.0002,8.6785,0.3729,0.5947,True
1951,sz300732,2025-07-31,9.03999996185303,11.550000190734863,hourly,15,False,1.0,1.0,9.0379,0.0002,0.0002,True,False,0.0873,0.0002,6.8933,0.2375,0.3114,True
1952,sz002370,2025-07-31,6.099999904632568,6.440000057220459,hourly,10,True,1.5,0.98,6.0985,0.0002,0.0002,True,False,0.0951,0.0002,3.8186,0.374,0.5974,True
1953,sh688382,2025-07-31,36.04999923706055,47.900001525878906,daily,15,False,1.5,1.0,36.0844,0.001,-0.001,False,False,0.001,0.0741,30.3422,0.1583,0.1881,True
1954,bj920942,2025-08-01,42.25,60.59000015258789,daily,15,False,0.5,1.02,42.3184,0.0016,-0.0016,False,False,0.0016,0.0031,23.1219,0.4527,0.8273,True
1955,bj920950,2025-08-01,22.329999923706055,25.729999542236328,hourly,10,True,0.5,1.0,22.3294,0.0,0.0,True,False,0.0364,0.0,18.5391,0.1698,0.2045,True
1956,sh603389,2025-08-01,22.219999313354492,24.86000061035156,hourly,15,False,1.0,1.02,22.2188,0.0001,0.0001,True,False,0.0299,0.0001,14.1654,0.3625,0.5686,True
1957,sh603280,2025-08-01,41.900001525878906,59.0,hourly,20,True,0.5,1.02,41.8987,0.0,0.0,True,False,0.0446,0.0,25.9847,0.3798,0.6125,True
1958,bj920344,2025-08-01,28.350000381469727,30.8700008392334,hourly,15,True,1.5,0.98,28.3941,0.0016,-0.0016,False,False,0.0227,0.0016,22.778,0.1965,0.2446,True
1959,sh603716,2025-08-01,26.200000762939453,31.290000915527344,hourly,30,True,0.5,0.95,26.2129,0.0005,-0.0005,False,False,0.005,0.0005,16.9529,0.3529,0.5455,True
1960,sh600749,2025-08-01,22.32999992370606,26.790000915527344,hourly,25,False,1.5,0.95,22.3164,0.0006,0.0006,True,False,0.0656,0.0006,12.7196,0.4304,0.7556,True
1961,sz300878,2025-08-01,19.950000762939453,26.5,hourly,25,True,0.5,1.0,19.9495,0.0,0.0,True,False,0.0327,0.0,16.1873,0.1886,0.2325,True
1962,sh688189,2025-08-01,13.13000011444092,16.90999984741211,hourly,20,False,0.5,0.98,13.1503,0.0015,-0.0015,False,False,0.1393,0.0015,7.7589,0.4091,0.6923,True
1963,sz300683,2025-08-01,43.33000183105469,59.560001373291016,hourly,20,False,1.5,0.95,43.3527,0.0005,-0.0005,False,False,0.0456,0.0005,26.6439,0.3851,0.6263,True
1964,sh600326,2025-08-01,13.84000015258789,18.600000381469727,hourly,25,True,0.5,0.98,13.8528,0.0009,-0.0009,False,False,0.0025,0.0009,8.8868,0.3579,0.5574,True
1965,bj920266,2025-08-01,10.65999984741211,13.0,daily,20,True,0.5,1.02,10.6615,0.0001,-0.0001,False,False,0.0001,0.0005,10.1363,0.0491,0.0517,True
1966,bj920885,2025-08-01,23.110000610351566,23.1200008392334,hourly,15,False,0.5,1.02,23.0163,0.0041,0.0041,True,False,0.0639,0.0041,18.7048,0.1906,0.2355,True
1967,sz002940,2025-08-01,44.599998474121094,62.310001373291016,daily,15,False,1.0,1.0,44.5235,0.0017,0.0017,True,False,0.0017,0.0599,31.7167,0.2889,0.4062,True
1968,sz300950,2025-08-01,27.32999992370606,32.5099983215332,hourly,20,True,1.5,0.95,27.2968,0.0012,0.0012,True,False,0.0016,0.0012,20.3747,0.2545,0.3414,True
1969,sh688800,2025-08-01,65.09999847412111,67.0,hourly,10,False,0.5,1.02,52.6486,0.1913,0.2365,True,False,0.2468,0.1913,44.6031,0.3149,0.4595,True
1970,sh603256,2025-08-01,23.75,25.0,hourly,10,False,0.5,1.02,22.6814,0.045,0.0471,True,False,0.1159,0.045,15.1401,0.3625,0.5687,True
1971,bj920885,2025-08-04,23.3799991607666,26.5,hourly,15,False,0.5,1.02,23.4337,0.0023,-0.0023,False,False,0.0865,0.0023,18.7668,0.1973,0.2458,True
1972,bj920942,2025-08-04,42.25,54.97999954223633,daily,15,False,0.5,0.98,42.0807,0.004,0.004,True,False,0.004,0.0116,23.9739,0.4326,0.7623,True
1973,sh603389,2025-08-04,22.219999313354492,26.100000381469727,hourly,15,False,1.5,0.98,22.2177,0.0001,0.0001,True,False,0.0012,0.0001,14.5062,0.3472,0.5318,True
1974,sz300289,2025-08-04,7.929999828338623,9.779999732971191,hourly,10,False,0.5,1.02,7.8812,0.0062,0.0062,True,False,0.1885,0.0062,5.1742,0.3475,0.5326,True
1975,bj920344,2025-08-04,28.350000381469727,34.88999938964844,hourly,25,False,1.5,0.95,28.355,0.0002,-0.0002,False,False,0.0181,0.0002,22.8836,0.1928,0.2389,True
1976,sh601089,2025-08-04,23.94000053405762,29.65999984741211,hourly,20,False,0.5,1.02,23.9354,0.0002,0.0002,True,False,0.0474,0.0002,17.358,0.2749,0.3792,True
1977,sz301389,2025-08-04,47.990001678466804,51.0,hourly,10,False,0.5,1.02,40.1345,0.1637,0.1957,True,False,0.2782,0.1637,25.6169,0.4662,0.8734,True
1978,sz300878,2025-08-04,19.950000762939453,26.5,hourly,25,False,1.5,0.95,19.967,0.0009,-0.0008,False,False,0.0087,0.0009,16.2741,0.1843,0.2259,True
1979,sz300966,2025-08-04,21.6299991607666,26.190000534057617,hourly,15,False,1.5,0.95,21.6189,0.0005,0.0005,True,False,0.0506,0.0005,17.763,0.1788,0.2177,True
1980,sh688189,2025-08-04,13.13000011444092,16.889999389648438,hourly,20,False,1.5,0.95,13.1061,0.0018,0.0018,True,False,0.0903,0.0018,7.884,0.3995,0.6654,True
1981,sh603367,2025-08-04,24.09000015258789,32.97999954223633,hourly,25,False,1.0,0.95,24.0728,0.0007,0.0007,True,False,0.015,0.0007,15.37,0.362,0.5673,True
1982,sh603280,2025-08-04,41.900001525878906,61.20000076293945,hourly,20,True,0.5,0.95,41.896,0.0001,0.0001,True,False,0.0023,0.0001,26.5151,0.3672,0.5802,True
1983,sh600117,2025-08-04,3.3099999427795415,4.989999771118164,hourly,30,True,0.5,0.98,3.3161,0.0018,-0.0018,False,False,0.0039,0.0018,2.3584,0.2875,0.4035,True
1984,sz300436,2025-08-04,109.12999725341798,119.5,hourly,10,False,0.5,1.02,102.5452,0.0603,0.0642,True,False,0.2613,0.0603,46.2011,0.5766,1.3621,True
1985,sh688800,2025-08-04,65.12000274658203,67.5,hourly,10,False,0.5,1.02,59.3349,0.0888,0.0975,True,False,0.2055,0.0888,44.7574,0.3127,0.455,True
1986,bj920522,2025-08-04,54.29999923706055,61.20000076293945,daily,10,False,0.5,1.02,54.4255,0.0023,-0.0023,False,False,0.0023,0.2235,45.723,0.158,0.1876,True
1987,sz002370,2025-08-04,6.099999904632568,7.710000038146973,hourly,30,False,0.5,0.95,6.0969,0.0005,0.0005,True,False,0.0458,0.0005,3.9338,0.3551,0.5507,True
1988,sz002097,2025-08-04,14.600000381469728,16.0,hourly,10,False,0.5,1.02,13.7257,0.0599,0.0637,True,False,0.1835,0.0599,8.2027,0.4382,0.7799,True
1989,sz301489,2025-08-04,116.0,122.0,daily,10,False,0.5,1.02,82.6448,0.2875,0.4036,True,False,0.2875,0.381,59.6544,0.4857,0.9445,True
1990,sh603389,2025-08-05,22.219999313354492,27.280000686645508,hourly,15,True,1.0,0.98,22.2177,0.0001,0.0001,True,False,0.0033,0.0001,14.8653,0.331,0.4948,True
1991,bj920942,2025-08-05,42.25,53.0,daily,10,False,1.5,1.02,42.2575,0.0002,-0.0002,False,False,0.0002,0.0609,24.8381,0.4121,0.701,True
1992,bj920885,2025-08-05,21.850000381469727,25.59000015258789,hourly,15,True,1.5,1.0,21.8556,0.0003,-0.0003,False,False,0.0023,0.0003,18.8388,0.1378,0.1598,True
1993,bj920344,2025-08-05,28.350000381469727,32.47999954223633,hourly,15,True,1.5,0.95,28.3169,0.0012,0.0012,True,False,0.0058,0.0012,23.01,0.1884,0.2321,True
1994,sh601089,2025-08-05,23.94000053405762,27.899999618530277,hourly,25,False,1.0,0.98,23.9842,0.0018,-0.0018,False,False,0.0141,0.0018,17.5584,0.2666,0.3634,True
1995,bj920925,2025-08-05,23.81999969482422,25.5,hourly,15,False,1.5,1.0,23.8193,0.0,0.0,True,False,0.0315,0.0,17.2567,0.2755,0.3803,True
1996,sz300486,2025-08-05,15.270000457763672,19.18000030517578,hourly,10,False,1.0,1.02,15.2669,0.0002,0.0002,True,False,0.2149,0.0002,7.9345,0.4804,0.9245,True
1997,sz002097,2025-08-05,14.100000381469727,17.0,hourly,15,False,1.0,1.0,14.134,0.0024,-0.0024,False,False,0.1154,0.0024,8.342,0.4084,0.6902,True
1998,sz301489,2025-08-05,127.5,128.9199981689453,daily,10,False,0.5,1.02,88.0018,0.3098,0.4488,True,False,0.3098,0.3807,60.4829,0.5256,1.108,True
1999,sz300289,2025-08-05,7.800000190734865,8.880000114440918,hourly,15,False,1.0,0.98,7.797,0.0004,0.0004,True,False,0.1373,0.0004,5.2155,0.3313,0.4955,True
2000,sh603200,2025-08-05,64.0,72.4000015258789,hourly,10,False,1.5,1.02,64.125,0.002,-0.0019,False,False,0.0688,0.002,44.0984,0.311,0.4513,True
2001,sz300732,2025-08-05,8.800000190734865,11.100000381469728,hourly,30,True,0.5,0.98,8.8095,0.0011,-0.0011,False,False,0.0032,0.0011,7.0222,0.202,0.2532,True
2002,sz301038,2025-08-05,27.95999908447266,31.01000022888184,hourly,30,False,1.5,1.02,27.9605,0.0,-0.0,False,False,0.0798,0.0,16.6956,0.4029,0.6747,True
2003,sz300960,2025-08-05,27.40999984741211,34.880001068115234,hourly,10,True,0.5,1.02,27.4103,0.0,-0.0,False,False,0.0545,0.0,22.4384,0.1814,0.2216,True
2004,bj920663,2025-08-05,22.209999084472656,24.07999992370605,hourly,30,False,0.5,1.02,22.2039,0.0003,0.0003,True,False,0.0175,0.0003,20.3873,0.0821,0.0894,True
2005,sz000691,2025-08-05,6.139999866485596,6.78000020980835,hourly,30,False,0.5,0.98,6.1374,0.0004,0.0004,True,False,0.0281,0.0004,4.5778,0.2544,0.3413,True
2006,sh600117,2025-08-05,3.259999990463257,4.5,hourly,30,True,1.5,0.95,3.2571,0.0009,0.0009,True,False,0.0041,0.0009,2.3991,0.2641,0.3589,True
2007,sh688210,2025-08-05,36.70000076293946,39.0099983215332,hourly,10,False,0.5,1.02,35.8904,0.0221,0.0226,True,False,0.1377,0.0221,22.3173,0.3919,0.6445,True
2008,bj920663,2025-08-06,22.20999908447266,27.600000381469727,hourly,20,False,0.5,1.0,22.2137,0.0002,-0.0002,False,False,0.0178,0.0002,20.3587,0.0834,0.0909,True
2009,sh603367,2025-08-06,24.090000152587894,31.989999771118164,hourly,30,True,0.5,1.0,24.0745,0.0006,0.0006,True,False,0.0055,0.0006,15.9827,0.3365,0.5073,True
2010,bj920885,2025-08-06,21.85000038146973,25.26000022888184,hourly,25,True,1.0,0.98,21.8712,0.001,-0.001,False,False,0.0063,0.001,18.9266,0.1338,0.1545,True
2011,sz300731,2025-08-06,43.95999908447266,45.38999938964844,daily,10,False,0.5,1.02,31.9096,0.2741,0.3776,True,False,0.2741,0.4319,26.6746,0.3932,0.648,True
2012,sz300644,2025-08-06,32.970001220703125,40.0,hourly,25,False,0.5,1.0,32.9786,0.0003,-0.0003,False,False,0.0417,0.0003,26.5219,0.1956,0.2431,True
2013,sz002097,2025-08-06,14.010000228881838,16.809999465942383,hourly,10,True,1.0,0.98,14.028,0.0013,-0.0013,False,False,0.0689,0.0013,8.4949,0.3937,0.6492,True
2014,bj920305,2025-08-06,14.600000381469728,16.899999618530273,daily,10,True,0.5,1.02,14.565,0.0024,0.0024,True,False,0.0024,0.0033,11.9857,0.1791,0.2181,True
2015,sz300329,2025-08-06,11.600000381469728,12.34000015258789,hourly,10,False,0.5,1.02,11.4249,0.0151,0.0153,True,False,0.1712,0.0151,7.4287,0.3596,0.5615,True
2016,sz301389,2025-08-06,47.9900016784668,54.91999816894531,hourly,10,False,0.5,1.0,48.088,0.002,-0.002,False,False,0.1897,0.002,26.4057,0.4498,0.8174,True
2017,sz300706,2025-08-06,37.45000076293945,38.79999923706055,hourly,10,False,0.5,1.02,36.5072,0.0252,0.0258,True,False,0.1465,0.0252,23.2344,0.3796,0.6118,True
2018,sz301529,2025-08-06,68.5199966430664,75.79000091552734,daily,10,False,0.5,1.02,57.2632,0.1643,0.1966,True,False,0.1643,0.3091,36.5439,0.4667,0.875,True
2019,sh688585,2025-08-06,71.11000061035156,88.87999725341797,hourly,30,False,1.0,0.98,71.0328,0.0011,0.0011,True,False,0.1395,0.0011,18.2,0.7441,2.9071,True
2020,sz300885,2025-08-06,21.72999954223633,28.799999237060547,hourly,15,True,0.5,1.02,21.696,0.0016,0.0016,True,False,0.1016,0.0016,13.5486,0.3765,0.6039,True
2021,sz301117,2025-08-06,30.600000381469727,36.560001373291016,daily,10,False,0.5,1.02,24.3242,0.2051,0.258,True,False,0.2051,0.34,21.5245,0.2966,0.4216,True
2022,sz300689,2025-08-06,52.069999694824226,59.5,hourly,10,False,0.5,1.02,51.1522,0.0176,0.0179,True,False,0.1307,0.0176,39.762,0.2364,0.3095,True
2023,sh688210,2025-08-06,36.70000076293946,42.0,hourly,20,False,0.5,1.02,36.6079,0.0025,0.0025,True,False,0.1182,0.0025,22.6424,0.383,0.6209,True
2024,sh688039,2025-08-06,48.06000137329102,60.0,hourly,10,False,0.5,1.02,47.1123,0.0197,0.0201,True,False,0.1765,0.0197,31.6298,0.3419,0.5195,True
2025,bj920247,2025-08-07,26.60000038146973,29.299999237060547,hourly,10,False,0.5,1.02,22.1087,0.1688,0.2031,True,False,0.1914,0.1688,19.6899,0.2598,0.3509,True
2026,bj920706,2025-08-07,24.01000022888184,25.540000915527344,hourly,25,False,0.5,0.95,23.9907,0.0008,0.0008,True,False,0.0053,0.0008,19.317,0.1955,0.2429,True
2027,bj920663,2025-08-07,22.209999084472653,25.07999992370605,hourly,20,False,1.0,0.98,22.2135,0.0002,-0.0002,False,False,0.0092,0.0002,20.3546,0.0835,0.0912,True
2028,sh603767,2025-08-07,26.389999389648438,30.07999992370605,hourly,10,False,0.5,1.02,25.4047,0.0373,0.0388,True,False,0.191,0.0373,15.9819,0.3944,0.6512,True
2029,sz301117,2025-08-07,30.600000381469734,40.02999877929688,daily,10,False,0.5,1.02,26.0809,0.1477,0.1733,True,False,0.1477,0.2383,21.6032,0.294,0.4165,True
2030,bj920693,2025-08-07,47.04999923706055,50.09999847412109,hourly,10,False,0.5,1.02,45.4348,0.0343,0.0355,True,False,0.0869,0.0343,40.416,0.141,0.1641,True
2031,sz301076,2025-08-07,43.09999847412109,46.59999847412109,daily,10,False,0.5,1.02,33.243,0.2287,0.2965,True,False,0.2287,0.2799,30.1338,0.3008,0.4303,True
2032,sz300706,2025-08-07,37.45000076293945,47.02000045776367,hourly,15,False,0.5,1.02,37.4617,0.0003,-0.0003,False,False,0.1352,0.0003,23.5034,0.3724,0.5934,True
2033,sz300875,2025-08-07,41.79999923706055,61.709999084472656,daily,10,False,0.5,0.98,41.7449,0.0013,0.0013,True,False,0.0013,0.0034,36.5652,0.1252,0.1432,True
2034,sh688585,2025-08-07,71.11000061035156,92.4000015258789,hourly,20,True,1.0,1.0,71.3366,0.0032,-0.0032,False,False,0.0729,0.0032,19.8617,0.7207,2.5803,True
2035,sz300689,2025-08-07,52.06999969482421,59.93999862670898,hourly,15,False,1.5,1.02,52.0448,0.0005,0.0005,True,False,0.0987,0.0005,39.92,0.2333,0.3044,True
2036,sz300329,2025-08-07,11.600000381469728,12.369999885559082,hourly,10,False,1.0,1.02,11.6673,0.0058,-0.0058,False,False,0.136,0.0058,7.5013,0.3533,0.5464,True
2037,sz300322,2025-08-07,22.18000030517578,26.36000061035156,hourly,10,False,0.5,1.02,20.9203,0.0568,0.0602,True,False,0.1897,0.0568,14.6629,0.3389,0.5127,True
2038,sz301357,2025-08-07,111.33000183105469,145.10000610351562,hourly,30,False,1.0,1.02,111.5163,0.0017,-0.0017,False,False,0.134,0.0017,61.2124,0.4502,0.8187,True
2039,sz300703,2025-08-07,28.020000457763672,28.559999465942383,hourly,10,False,0.5,1.02,23.7555,0.1522,0.1795,True,False,0.1835,0.1522,20.7184,0.2606,0.3524,True
2040,sh688039,2025-08-07,48.060001373291016,57.0,hourly,10,False,1.0,1.0,47.9685,0.0019,0.0019,True,False,0.1216,0.0019,31.8962,0.3363,0.5068,True
2041,sz300885,2025-08-07,21.729999542236328,29.299999237060547,hourly,15,True,0.5,0.98,21.7278,0.0001,0.0001,True,False,0.0424,0.0001,13.7619,0.3667,0.579,True
2042,sz300731,2025-08-07,43.959999084472656,46.41999816894531,daily,10,False,0.5,1.02,34.1195,0.2239,0.2884,True,False,0.2239,0.3093,26.8642,0.3889,0.6364,True
2043,sz301161,2025-08-07,33.18000030517579,35.70000076293945,hourly,10,False,0.5,1.02,32.908,0.0082,0.0083,True,False,0.1198,0.0082,22.9086,0.3096,0.4484,True
2044,bj920706,2025-08-08,24.01000022888184,28.899999618530277,hourly,20,False,0.5,0.95,24.0063,0.0002,0.0002,True,False,0.002,0.0002,19.461,0.1895,0.2338,True
2045,bj920247,2025-08-08,26.600000381469727,27.0,hourly,10,False,0.5,1.02,24.1709,0.0913,0.1005,True,False,0.1632,0.0913,19.6967,0.2595,0.3505,True
2046,bj920942,2025-08-08,41.65999984741211,52.52000045776367,daily,10,False,1.5,1.0,41.7581,0.0024,-0.0023,False,False,0.0024,0.1157,27.376,0.3429,0.5218,True
2047,sh688425,2025-08-08,5.360000133514404,6.130000114440918,daily,10,True,1.0,0.98,5.3624,0.0004,-0.0004,False,False,0.0004,0.0112,4.6298,0.1362,0.1577,True
2048,bj920879,2025-08-08,25.110000610351562,29.520000457763672,hourly,30,True,0.5,1.02,25.0587,0.002,0.002,True,False,0.0034,0.002,20.258,0.1932,0.2395,True
2049,bj920438,2025-08-08,25.399999618530277,25.399999618530277,hourly,10,False,0.5,1.02,22.8805,0.0992,0.1101,True,False,0.1796,0.0992,18.5683,0.269,0.3679,True
2050,bj920174,2025-08-08,55.88000106811524,68.68000030517578,daily,10,False,0.5,0.95,55.9712,0.0016,-0.0016,False,False,0.0016,0.0062,45.7409,0.1814,0.2217,True
2051,sz300732,2025-08-08,8.649999618530273,11.8100004196167,daily,15,False,0.5,0.98,8.6869,0.0043,-0.0042,False,False,0.0043,0.0149,7.2015,0.1675,0.2011,True
2052,sh603516,2025-08-08,87.30000305175781,91.33999633789062,hourly,10,False,0.5,1.02,82.4361,0.0557,0.059,True,False,0.2533,0.0557,40.2175,0.5393,1.1707,True
2053,sh600475,2025-08-08,20.049999237060547,21.700000762939453,hourly,10,False,0.5,1.02,18.2955,0.0875,0.0959,True,False,0.2054,0.0875,12.2832,0.3874,0.6323,True
2054,sz002046,2025-08-08,29.07999992370606,31.049999237060547,hourly,10,False,0.5,1.02,27.0837,0.0686,0.0737,True,False,0.2449,0.0686,16.3909,0.4364,0.7742,True
2055,sz300218,2025-08-08,20.530000686645508,22.8799991607666,hourly,10,False,0.5,1.02,19.5673,0.0469,0.0492,True,False,0.1657,0.0469,14.6747,0.2852,0.399,True
2056,sh603280,2025-08-08,41.060001373291016,55.68000030517578,daily,15,False,1.0,1.02,40.788,0.0066,0.0067,True,False,0.0066,0.0562,28.9004,0.2961,0.4207,True
2057,sh600629,2025-08-08,12.609999656677246,15.0,hourly,20,True,0.5,1.0,12.6148,0.0004,-0.0004,False,False,0.0402,0.0004,8.9069,0.2937,0.4157,True
2058,sz300706,2025-08-08,37.45000076293945,45.880001068115234,hourly,15,True,0.5,1.02,37.5133,0.0017,-0.0017,False,False,0.0894,0.0017,23.8153,0.3641,0.5725,True
2059,sz300322,2025-08-08,22.18000030517578,26.280000686645508,hourly,10,False,1.0,0.98,22.1631,0.0008,0.0008,True,False,0.139,0.0008,14.7757,0.3338,0.5011,True
2060,sh600326,2025-08-08,13.079999923706055,16.399999618530273,daily,10,True,0.5,0.95,13.1134,0.0026,-0.0025,False,False,0.0026,0.0936,9.9614,0.2384,0.3131,True
2061,bj920199,2025-08-08,39.02000045776367,40.59999847412109,hourly,10,False,0.5,1.02,36.249,0.071,0.0764,True,False,0.1112,0.071,31.6071,0.19,0.2345,True
2062,sh601089,2025-08-08,22.709999084472656,30.200000762939453,hourly,30,True,0.5,0.95,22.7197,0.0004,-0.0004,False,False,0.0007,0.0004,18.2262,0.1974,0.246,True
2063,sh688551,2025-08-08,38.83000183105469,45.20000076293945,daily,10,False,0.5,1.02,32.0772,0.1739,0.2105,True,False,0.1739,0.3549,28.754,0.2595,0.3504,True
2064,bj920438,2025-08-11,26.370000839233402,28.170000076293945,hourly,10,False,0.5,1.02,23.8682,0.0949,0.1048,True,False,0.1864,0.0949,18.6248,0.2937,0.4159,True
2065,bj920247,2025-08-11,29.040000915527347,31.850000381469727,hourly,10,False,0.5,1.02,23.3039,0.1975,0.2461,True,False,0.2266,0.1975,19.6996,0.3216,0.4741,True
2066,sh601089,2025-08-11,22.709999084472656,30.989999771118164,daily,20,False,0.5,1.0,22.6373,0.0032,0.0032,True,False,0.0032,0.0064,18.4479,0.1877,0.231,True
2067,sh688551,2025-08-11,38.83000183105469,45.68999862670898,daily,10,False,0.5,1.02,33.7865,0.1299,0.1493,True,False,0.1299,0.2239,28.871,0.2565,0.3449,True
2068,sh603716,2025-08-11,27.040000915527344,31.299999237060547,hourly,15,True,1.5,1.0,27.0521,0.0004,-0.0004,False,False,0.0053,0.0004,19.1161,0.293,0.4145,True
2069,sh688189,2025-08-11,12.5,15.0,daily,15,False,0.5,1.0,12.4815,0.0015,0.0015,True,False,0.0015,0.0209,8.6917,0.3047,0.4382,True
2070,sz300436,2025-08-11,105.5999984741211,130.89999389648438,hourly,25,False,1.5,1.0,105.616,0.0002,-0.0002,False,False,0.0603,0.0002,53.9488,0.4891,0.9574,True
2071,sz300400,2025-08-11,22.78000068664551,24.059999465942383,hourly,10,False,0.5,1.02,20.043,0.1201,0.1366,True,False,0.1705,0.1201,16.323,0.2835,0.3956,True
2072,sh603516,2025-08-11,90.9000015258789,94.44000244140624,hourly,10,False,0.5,1.02,87.0375,0.0425,0.0444,True,False,0.2448,0.0425,41.1803,0.547,1.2074,True
2073,sz300885,2025-08-11,21.729999542236328,30.57999992370605,hourly,25,True,1.5,1.0,21.7922,0.0029,-0.0029,False,False,0.0048,0.0029,14.3148,0.3412,0.518,True
2074,sz300732,2025-08-11,8.649999618530273,11.8100004196167,daily,20,False,0.5,0.98,8.6688,0.0022,-0.0022,False,False,0.0022,0.0341,7.2735,0.1591,0.1892,True
2075,bj920199,2025-08-11,39.02000045776368,41.310001373291016,hourly,15,False,0.5,1.02,38.9829,0.001,0.001,True,False,0.0963,0.001,31.6674,0.1884,0.2322,True
2076,sz301200,2025-08-11,79.7699966430664,99.0,hourly,10,False,1.5,0.98,80.1542,0.0048,-0.0048,False,False,0.0673,0.0048,45.9827,0.4236,0.7348,True
2077,sh601929,2025-08-11,3.029999971389771,3.039999961853028,hourly,10,False,0.5,1.02,2.5795,0.1487,0.1746,True,False,0.2819,0.1487,1.7897,0.4093,0.693,True
2078,sz300877,2025-08-11,24.799999237060543,27.82999992370605,hourly,10,False,1.5,0.95,24.7848,0.0006,0.0006,True,False,0.0044,0.0006,17.7754,0.2832,0.3952,True
2079,sz301117,2025-08-11,30.600000381469727,41.0,daily,10,False,0.5,1.02,29.9653,0.0207,0.0212,True,False,0.0207,0.0764,21.9484,0.2827,0.3942,True
2080,sz300703,2025-08-11,29.76000022888184,31.270000457763672,hourly,10,False,0.5,1.02,28.6371,0.0377,0.0392,True,False,0.1677,0.0377,20.8987,0.2978,0.424,True
2081,sz002097,2025-08-11,13.779999732971195,18.399999618530277,hourly,25,True,0.5,0.95,13.7699,0.0007,0.0007,True,False,0.0092,0.0007,9.0039,0.3466,0.5305,True
2082,bj920247,2025-08-12,29.040000915527344,30.549999237060547,hourly,10,False,0.5,1.02,24.8174,0.1454,0.1701,True,False,0.1788,0.1454,19.754,0.3198,0.4701,True
2083,sz002176,2025-08-12,8.40999984741211,9.5,hourly,10,False,1.5,1.02,8.4672,0.0068,-0.0068,False,False,0.0495,0.0068,7.06,0.1605,0.1912,True
2084,sz300368,2025-08-12,13.350000381469728,17.399999618530273,hourly,10,True,1.0,1.02,13.3363,0.001,0.001,True,False,0.0894,0.001,9.4082,0.2953,0.419,True
2085,sz300476,2025-08-12,208.88000488281253,215.5,hourly,10,False,0.5,1.02,197.487,0.0545,0.0577,True,False,0.1223,0.0545,134.9138,0.3541,0.5482,True
2086,bj920199,2025-08-12,38.790000915527344,43.68000030517578,hourly,10,True,0.5,1.0,38.7571,0.0008,0.0008,True,False,0.0774,0.0008,31.7324,0.1819,0.2224,True
2087,sz000901,2025-08-12,15.4399995803833,19.15999984741211,hourly,30,False,1.0,0.98,15.4602,0.0013,-0.0013,False,False,0.0221,0.0013,11.9517,0.2259,0.2919,True
2088,bj920305,2025-08-12,14.600000381469728,17.309999465942383,daily,25,False,0.5,1.02,14.5567,0.003,0.003,True,False,0.003,0.0038,12.3249,0.1558,0.1846,True
2089,sh603800,2025-08-12,44.00000000000001,49.9900016784668,hourly,10,False,1.5,1.02,44.0107,0.0002,-0.0002,False,False,0.1787,0.0002,25.3394,0.4241,0.7364,True
2090,sz300322,2025-08-12,22.18000030517578,28.0,hourly,15,True,1.5,1.02,22.2602,0.0036,-0.0036,False,False,0.0442,0.0036,15.1083,0.3188,0.4681,True
2091,sh688273,2025-08-12,38.029998779296875,52.560001373291016,hourly,10,False,1.0,0.98,38.0386,0.0002,-0.0002,False,False,0.0554,0.0002,29.4168,0.2265,0.2928,True
2092,sh600619,2025-08-12,19.69000053405762,23.51000022888184,hourly,10,False,0.5,1.02,18.996,0.0352,0.0365,True,False,0.1525,0.0352,12.2837,0.3761,0.6029,True
2093,sh603767,2025-08-12,26.389999389648438,30.780000686645508,hourly,25,False,0.5,0.98,26.3969,0.0003,-0.0003,False,False,0.082,0.0003,16.6549,0.3689,0.5845,True
2094,sh600410,2025-08-12,15.260000228881838,16.079999923706055,hourly,10,False,0.5,1.02,13.4336,0.1197,0.136,True,False,0.2514,0.1197,9.4436,0.3812,0.6159,True
2095,bj920184,2025-08-12,22.010000228881836,25.229999542236328,hourly,10,False,0.5,0.98,22.0122,0.0001,-0.0001,False,False,0.0376,0.0001,16.4671,0.2518,0.3366,True
2096,sz301076,2025-08-12,45.81000137329102,46.52999877929688,daily,10,False,0.5,1.02,37.7406,0.1761,0.2138,True,False,0.1761,0.226,30.3934,0.3365,0.5072,True
2097,sh600513,2025-08-12,20.450000762939457,25.649999618530277,hourly,25,True,0.5,1.02,20.4476,0.0001,0.0001,True,False,0.0339,0.0001,12.7867,0.3747,0.5993,True
2098,sz301005,2025-08-12,44.02000045776367,54.0099983215332,daily,10,False,0.5,1.02,43.8137,0.0047,0.0047,True,False,0.0047,0.1583,35.0734,0.2032,0.2551,True
2099,bj920247,2025-08-13,29.040000915527344,32.0,hourly,10,False,0.5,1.02,25.2707,0.1298,0.1492,True,False,0.1569,0.1298,19.8231,0.3174,0.465,True
2100,bj920662,2025-08-13,33.049999237060554,38.5,hourly,10,False,0.5,1.02,32.8613,0.0057,0.0057,True,False,0.1358,0.0057,24.1047,0.2707,0.3711,True
2101,sz000901,2025-08-13,15.439999580383303,22.09000015258789,hourly,30,False,1.5,0.95,15.4214,0.0012,0.0012,True,False,0.0012,0.0012,12.0632,0.2187,0.2799,True
2102,sh688108,2025-08-13,27.329999923706055,28.489999771118164,hourly,10,False,0.5,1.02,23.9546,0.1235,0.1409,True,False,0.3125,0.1235,11.7333,0.5707,1.3293,True
2103,bj920199,2025-08-13,38.790000915527344,47.29999923706055,hourly,10,True,1.5,1.02,38.7812,0.0002,0.0002,True,False,0.0524,0.0002,31.8234,0.1796,0.2189,True
2104,sz002298,2025-08-13,8.65999984741211,9.300000190734863,hourly,10,False,0.5,1.02,8.2556,0.0467,0.049,True,False,0.125,0.0467,6.5502,0.2436,0.3221,True
2105,sz301150,2025-08-13,28.56999969482422,31.600000381469727,daily,10,False,0.5,1.02,26.1818,0.0836,0.0912,True,False,0.0836,0.309,20.9002,0.2685,0.367,True
2106,sz300476,2025-08-13,208.8800048828125,232.0,hourly,10,False,0.5,1.02,207.076,0.0086,0.0087,True,False,0.1025,0.0086,136.8821,0.3447,0.526,True
2107,sh688788,2025-08-13,56.18000030517578,79.5,daily,10,True,1.0,1.02,56.1673,0.0002,0.0002,True,False,0.0002,0.0638,47.4199,0.1559,0.1847,True
2108,sh688668,2025-08-13,100.59999847412111,113.0,hourly,10,False,0.5,1.02,96.1911,0.0438,0.0458,True,False,0.1326,0.0438,65.0053,0.3538,0.5476,True
2109,sz301217,2025-08-13,27.56999969482422,29.93000030517578,hourly,10,False,0.5,1.02,24.5169,0.1107,0.1245,True,False,0.1638,0.1107,16.2201,0.4117,0.6997,True
2110,sh605298,2025-08-13,21.709999084472656,23.559999465942383,hourly,10,False,0.5,1.02,20.6466,0.049,0.0515,True,False,0.1875,0.049,13.9651,0.3567,0.5546,True
2111,sh688584,2025-08-13,22.829999923706055,25.770000457763672,hourly,10,False,0.5,1.02,20.8332,0.0875,0.0958,True,False,0.1783,0.0875,17.3725,0.2391,0.3141,True
2112,sz301606,2025-08-13,61.40000152587891,65.5,hourly,10,False,0.5,1.02,58.0662,0.0543,0.0574,True,False,0.1592,0.0543,45.8241,0.2537,0.3399,True
2113,sz301489,2025-08-13,149.35000610351562,155.00999450683594,daily,10,False,0.5,1.02,119.1252,0.2024,0.2537,True,False,0.2024,0.3088,68.9126,0.5386,1.1672,True
2114,sz300322,2025-08-13,22.18000030517578,28.8799991607666,daily,10,False,0.5,1.02,22.0864,0.0042,0.0042,True,False,0.0042,0.0062,15.3128,0.3096,0.4485,True
2115,sh688585,2025-08-13,71.11000061035158,88.23999786376953,daily,10,False,0.5,0.98,71.0502,0.0008,0.0008,True,False,0.0008,0.0011,27.1053,0.6188,1.6235,True
2116,sh600619,2025-08-13,19.690000534057617,24.100000381469727,hourly,10,False,1.0,0.95,19.7045,0.0007,-0.0007,False,False,0.1078,0.0007,12.4454,0.3679,0.5821,True
2117,bj920247,2025-08-14,29.040000915527344,32.689998626708984,hourly,10,False,0.5,1.02,26.1057,0.101,0.1124,True,False,0.1214,0.101,19.9289,0.3137,0.4572,True
2118,bj920438,2025-08-14,31.19000053405762,31.200000762939453,hourly,10,False,0.5,1.02,26.8023,0.1407,0.1637,True,False,0.2384,0.1407,18.9429,0.3927,0.6465,True
2119,bj920662,2025-08-14,33.04999923706055,37.08000183105469,hourly,10,False,0.5,1.0,33.0172,0.001,0.001,True,False,0.1048,0.001,24.2068,0.2676,0.3653,True
2120,sz300436,2025-08-14,105.01999664306643,150.89999389648438,hourly,30,True,1.5,1.0,105.0179,0.0,0.0,True,False,0.0003,0.0,59.6534,0.432,0.7605,True
2121,bj920199,2025-08-14,38.790000915527344,48.150001525878906,hourly,20,False,1.0,0.95,38.8251,0.0009,-0.0009,False,False,0.022,0.0009,31.9451,0.1765,0.2143,True
2122,sz000901,2025-08-14,15.439999580383303,21.200000762939453,daily,15,False,0.5,1.0,15.4024,0.0024,0.0024,True,False,0.0024,0.0036,12.2034,0.2096,0.2652,True
2123,sh603800,2025-08-14,44.00000000000001,56.5,hourly,15,True,0.5,1.0,44.0027,0.0001,-0.0001,False,False,0.0778,0.0001,26.2186,0.4041,0.6782,True
2124,sh601089,2025-08-14,21.879999160766605,31.26000022888184,daily,20,False,1.5,0.98,21.9334,0.0024,-0.0024,False,False,0.0024,0.0978,19.2316,0.121,0.1377,True
2125,sh688110,2025-08-14,85.00000000000001,95.1500015258789,hourly,10,False,0.5,1.02,84.4933,0.006,0.006,True,False,0.1976,0.006,37.1458,0.563,1.2883,True
2126,sh688025,2025-08-14,117.0199966430664,120.4000015258789,hourly,10,False,0.5,1.02,115.4581,0.0133,0.0135,True,False,0.104,0.0133,75.266,0.3568,0.5548,True
2127,sz300870,2025-08-14,202.10000610351565,208.0,daily,10,False,0.5,1.02,143.9591,0.2877,0.4039,True,False,0.2877,0.3999,118.4836,0.4137,0.7057,True
2128,sz300237,2025-08-14,2.4400000572204594,2.789999961853028,hourly,10,False,0.5,1.02,2.4182,0.0089,0.009,True,False,0.1155,0.0089,1.949,0.2012,0.2519,True
2129,sh688585,2025-08-14,71.11000061035155,94.5500030517578,hourly,30,True,1.5,0.95,70.8908,0.0031,0.0031,True,False,0.0144,0.0031,28.9569,0.5928,1.4557,True
2130,sh688256,2025-08-14,900.0,923.0,daily,10,False,0.5,1.02,712.6025,0.2082,0.263,True,False,0.2082,0.391,582.547,0.3527,0.5449,True
2131,sz300472,2025-08-14,5.670000076293946,6.349999904632568,hourly,10,True,1.0,1.02,5.666,0.0007,0.0007,True,False,0.0992,0.0007,3.9066,0.311,0.4514,True
2132,bj920026,2025-08-14,35.0,35.0,daily,10,False,0.5,1.02,30.9631,0.1153,0.1304,True,False,0.1153,0.313,27.8297,0.2049,0.2576,True
2133,sh600203,2025-08-14,13.619999885559082,18.0,hourly,20,True,1.0,0.95,13.6369,0.0012,-0.0012,False,False,0.0082,0.0012,9.7058,0.2874,0.4033,True
2134,bj920247,2025-08-15,29.040000915527344,35.0,daily,10,False,0.5,1.02,26.3539,0.0925,0.1019,True,False,0.0925,0.0974,20.0572,0.3093,0.4479,True
2135,bj920438,2025-08-15,36.08000183105469,36.900001525878906,hourly,10,False,0.5,1.02,28.3107,0.2153,0.2744,True,False,0.321,0.2153,19.0786,0.4712,0.8911,True
2136,bj920662,2025-08-15,33.04999923706055,41.20000076293945,hourly,15,False,1.0,1.0,33.0682,0.0005,-0.0005,False,False,0.0842,0.0005,24.3248,0.264,0.3587,True
2137,bj920225,2025-08-15,23.110000610351566,28.420000076293945,hourly,10,False,0.5,1.02,22.757,0.0153,0.0155,True,False,0.0912,0.0153,19.1074,0.1732,0.2095,True
2138,bj920026,2025-08-15,36.580001831054695,36.9900016784668,daily,10,False,0.5,1.02,31.472,0.1396,0.1623,True,False,0.1396,0.3367,27.8942,0.2374,0.3114,True
2139,sz300436,2025-08-15,105.01999664306642,159.8000030517578,daily,15,False,0.5,1.0,104.4543,0.0054,0.0054,True,False,0.0054,0.0086,61.6434,0.413,0.7037,True
2140,sz002298,2025-08-15,9.319999694824217,11.149999618530272,hourly,10,False,0.5,1.02,9.1228,0.0212,0.0216,True,False,0.1562,0.0212,6.6095,0.2908,0.4101,True
2141,sz300486,2025-08-15,18.70999908447266,20.020000457763672,hourly,10,False,0.5,1.02,17.5092,0.0642,0.0686,True,False,0.1858,0.0642,9.3869,0.4983,0.9932,True
2142,sh688648,2025-08-15,55.549999237060554,77.06999969482422,hourly,10,False,0.5,1.0,55.4691,0.0015,0.0015,True,False,0.1362,0.0015,41.4639,0.2536,0.3397,True
2143,sh688110,2025-08-15,85.0,100.29000091552734,hourly,20,False,0.5,1.02,84.9135,0.001,0.001,True,False,0.1568,0.001,38.2985,0.5494,1.2194,True
2144,sh688788,2025-08-15,54.40000152587891,81.27999877929688,daily,30,False,1.0,0.98,54.3839,0.0003,0.0003,True,False,0.0003,0.0024,48.7343,0.1041,0.1163,True
2145,sh688660,2025-08-15,17.420000076293945,19.0,hourly,10,False,1.0,0.98,17.4282,0.0005,-0.0005,False,False,0.0769,0.0005,10.0558,0.4227,0.7323,True
2146,sz300870,2025-08-15,202.10000610351562,240.6199951171875,daily,10,False,0.5,1.02,152.4758,0.2455,0.3255,True,False,0.2455,0.3355,119.323,0.4096,0.6937,True
2147,sz301217,2025-08-15,27.56999969482422,32.81999969482422,hourly,10,False,0.5,1.02,27.2427,0.0119,0.012,True,False,0.119,0.0119,16.7952,0.3908,0.6415,True
2148,bj920247,2025-08-18,29.040000915527347,37.02999877929688,hourly,10,False,0.5,1.02,27.7939,0.0429,0.0448,True,False,0.0733,0.0429,20.194,0.3046,0.4381,True
2149,bj920026,2025-08-18,38.790000915527344,42.91999816894531,daily,10,False,0.5,1.02,31.7539,0.1814,0.2216,True,False,0.1814,0.3466,27.9507,0.2794,0.3878,True
2150,bj920225,2025-08-18,23.110000610351566,29.799999237060547,hourly,10,False,0.5,0.95,23.1267,0.0007,-0.0007,False,False,0.0629,0.0007,19.1374,0.1719,0.2076,True
2151,bj920808,2025-08-18,78.08000183105469,100.0,hourly,10,False,0.5,1.02,73.7765,0.0551,0.0583,True,False,0.1862,0.0551,56.0272,0.2824,0.3936,True
2152,bj920662,2025-08-18,33.04999923706055,45.27000045776367,hourly,15,True,0.5,0.98,33.0545,0.0001,-0.0001,False,False,0.0576,0.0001,24.455,0.2601,0.3515,True
2153,bj920402,2025-08-18,11.380000114440918,14.010000228881836,hourly,15,False,1.0,1.0,11.3545,0.0022,0.0022,True,False,0.053,0.0022,9.782,0.1404,0.1634,True
2154,sh603221,2025-08-18,11.93000030517578,16.940000534057617,daily,25,False,0.5,1.0,11.9301,0.0,-0.0,False,False,0.0,0.0033,10.8443,0.091,0.1001,True
2155,sz300730,2025-08-18,17.82999992370606,20.13999938964844,hourly,10,False,0.5,1.02,16.5744,0.0704,0.0758,True,False,0.1573,0.0704,13.6976,0.2318,0.3017,True
2156,sz000561,2025-08-18,10.850000381469727,16.0,daily,20,False,0.5,1.02,10.8397,0.001,0.001,True,False,0.001,0.0015,9.376,0.1359,0.1572,True
2157,sh688603,2025-08-18,74.40000152587892,95.7699966430664,hourly,10,False,0.5,0.98,74.406,0.0001,-0.0001,False,False,0.0725,0.0001,50.2505,0.3246,0.4806,True
2158,bj920184,2025-08-18,22.81999969482422,28.790000915527344,hourly,25,False,0.5,1.0,22.8576,0.0016,-0.0016,False,False,0.075,0.0016,17.0403,0.2533,0.3392,True
2159,sh688448,2025-08-18,43.20000076293945,61.220001220703125,daily,10,False,0.5,1.02,41.997,0.0278,0.0286,True,False,0.0278,0.1399,30.5017,0.2939,0.4163,True
2160,sh688648,2025-08-18,55.54999923706055,73.0,hourly,10,True,0.5,0.98,55.5374,0.0002,0.0002,True,False,0.0914,0.0002,41.6133,0.2509,0.3349,True
2161,bj920914,2025-08-18,33.34000015258789,42.33000183105469,hourly,10,False,1.5,1.0,33.3044,0.0011,0.0011,True,False,0.0665,0.0011,24.8212,0.2555,0.3432,True
2162,sh600208,2025-08-18,4.440000057220459,5.21999979019165,hourly,15,True,1.0,0.98,4.4413,0.0003,-0.0003,False,False,0.0218,0.0003,2.9807,0.3287,0.4896,True
2163,bj920026,2025-08-19,38.79000091552735,43.290000915527344,daily,10,False,0.5,1.02,33.152,0.1453,0.1701,True,False,0.1453,0.2998,28.0475,0.2769,0.383,True
2164,bj920225,2025-08-19,23.110000610351562,28.0,hourly,30,False,0.5,0.95,23.1051,0.0002,0.0002,True,False,0.0139,0.0002,19.2065,0.1689,0.2032,True
2165,bj920808,2025-08-19,78.08000183105467,90.08000183105467,hourly,15,False,0.5,0.98,78.1027,0.0003,-0.0003,False,False,0.1391,0.0003,56.2049,0.2802,0.3892,True
2166,bj920476,2025-08-19,27.239999771118168,35.79999923706055,hourly,20,False,1.0,1.02,27.2256,0.0005,0.0005,True,False,0.1811,0.0005,17.2088,0.3683,0.5829,True
2167,bj920981,2025-08-19,37.58000183105469,44.11000061035156,hourly,15,False,1.0,0.95,37.6158,0.001,-0.001,False,False,0.0299,0.001,34.3699,0.0854,0.0934,True
2168,bj920438,2025-08-19,40.54999923706055,53.0,hourly,10,False,0.5,1.02,37.5126,0.0749,0.081,True,False,0.2865,0.0749,19.4554,0.5202,1.0843,True
2169,bj920469,2025-08-19,15.220000267028809,18.020000457763672,hourly,10,True,0.5,0.95,15.2335,0.0009,-0.0009,False,False,0.0017,0.0009,13.5388,0.1105,0.1242,True
2170,bj920402,2025-08-19,11.38000011444092,13.5,hourly,10,True,1.5,1.0,11.384,0.0003,-0.0003,False,False,0.0244,0.0003,9.8008,0.1388,0.1611,True
2171,sh600421,2025-08-19,7.69000005722046,8.199999809265137,hourly,10,True,0.5,1.0,7.6622,0.0036,0.0036,True,False,0.0445,0.0036,6.4108,0.1663,0.1995,True
2172,sz002298,2025-08-19,9.319999694824219,12.84000015258789,hourly,15,True,1.5,1.02,9.3241,0.0004,-0.0004,False,False,0.0313,0.0004,6.7271,0.2782,0.3854,True
2173,bj920047,2025-08-19,25.059999465942386,27.40999984741211,hourly,10,False,0.5,1.02,24.201,0.0343,0.0355,True,False,0.0865,0.0343,20.4916,0.1823,0.2229,True
2174,sh688108,2025-08-19,28.360000610351566,39.880001068115234,hourly,10,True,1.5,0.95,28.3931,0.0012,-0.0012,False,False,0.0846,0.0012,13.0912,0.5384,1.1663,True
2175,sh688195,2025-08-19,60.86000061035157,66.22000122070312,daily,10,False,0.5,1.02,50.2779,0.1739,0.2105,True,False,0.1739,0.3032,41.1837,0.3233,0.4778,True
2176,sh601609,2025-08-19,10.750000000000002,12.800000190734863,hourly,10,True,1.5,1.0,10.7515,0.0001,-0.0001,False,False,0.0579,0.0001,7.4622,0.3058,0.4406,True
2177,sh688098,2025-08-19,11.0,15.800000190734863,hourly,15,False,0.5,1.0,10.9593,0.0037,0.0037,True,False,0.1102,0.0037,6.4555,0.4131,0.704,True
2178,bj920839,2025-08-19,38.560001373291016,39.29999923706055,hourly,10,False,0.5,1.02,32.0784,0.1681,0.2021,True,False,0.2051,0.1681,29.4013,0.2375,0.3115,True
2179,sh603222,2025-08-19,9.119999885559082,10.220000267028809,hourly,10,False,1.0,1.0,9.1141,0.0007,0.0007,True,False,0.1289,0.0007,6.5408,0.2828,0.3943,True
2180,bj920504,2025-08-19,28.32999992370606,32.0,hourly,30,True,0.5,1.02,27.7938,0.0189,0.0193,True,False,0.0368,0.0189,25.317,0.1064,0.119,True
2181,sz300995,2025-08-19,50.599998474121094,63.11000061035156,hourly,15,False,0.5,1.02,50.548,0.001,0.001,True,False,0.1061,0.001,39.7798,0.2138,0.272,True
2182,bj920026,2025-08-20,38.79000091552735,50.119998931884766,daily,10,False,0.5,1.02,33.7006,0.1312,0.151,True,False,0.1312,0.2552,28.1363,0.2746,0.3786,True
2183,bj920839,2025-08-20,38.5999984741211,52.75,hourly,10,False,0.5,1.02,36.0518,0.066,0.0707,True,False,0.2052,0.066,29.3406,0.2399,0.3156,True
2184,bj920808,2025-08-20,78.08000183105469,98.18000030517578,hourly,10,True,0.5,0.95,78.0642,0.0002,0.0002,True,False,0.1108,0.0002,56.4315,0.2773,0.3836,True
2185,bj920476,2025-08-20,26.5,32.47999954223633,hourly,15,True,1.0,1.0,26.4853,0.0006,0.0006,True,False,0.1076,0.0006,17.3493,0.3453,0.5274,True
2186,bj920438,2025-08-20,40.549999237060554,47.470001220703125,hourly,15,False,1.0,1.02,40.4819,0.0017,0.0017,True,False,0.2098,0.0017,19.7863,0.5121,1.0494,True
2187,sh603377,2025-08-20,3.4200000762939453,3.4200000762939453,hourly,10,False,0.5,1.02,3.0675,0.1031,0.1149,True,False,0.1466,0.1031,2.7088,0.2079,0.2625,True
2188,sh603222,2025-08-20,9.119999885559084,11.960000038146973,hourly,25,False,1.5,1.02,9.1197,0.0,0.0,True,False,0.1053,0.0,6.5824,0.2782,0.3855,True
2189,sz300642,2025-08-20,23.04999923706055,24.440000534057617,hourly,10,False,0.5,1.02,21.1548,0.0822,0.0896,True,False,0.2262,0.0822,15.1049,0.3447,0.526,True
2190,bj920184,2025-08-20,21.68000030517578,29.799999237060547,hourly,30,True,1.5,1.0,21.6728,0.0003,0.0003,True,False,0.0018,0.0003,17.3529,0.1996,0.2494,True
2191,bj920981,2025-08-20,37.58000183105469,44.09999847412109,hourly,15,True,1.0,0.98,37.5899,0.0003,-0.0003,False,False,0.0052,0.0003,34.3822,0.0851,0.093,True
2192,bj920526,2025-08-20,29.680000305175778,36.08000183105469,hourly,10,False,1.5,0.95,29.6568,0.0008,0.0008,True,False,0.0027,0.0008,27.89,0.0603,0.0642,True
2193,sh688108,2025-08-20,28.020000457763672,37.79999923706055,hourly,20,True,1.0,0.98,27.9581,0.0022,0.0022,True,False,0.0135,0.0022,13.5626,0.516,1.066,True
2194,sh600590,2025-08-20,9.680000305175781,13.5,daily,20,False,0.5,0.98,9.6776,0.0003,0.0003,True,False,0.0003,0.0009,8.9079,0.0798,0.0867,True
2195,sh688098,2025-08-20,10.800000190734865,14.5,hourly,30,False,1.0,0.95,10.8089,0.0008,-0.0008,False,False,0.0402,0.0008,6.5725,0.3914,0.6432,True
2196,sh688519,2025-08-20,57.72999954223633,65.61000061035156,hourly,15,False,1.0,1.02,57.7412,0.0002,-0.0002,False,False,0.1274,0.0002,39.9038,0.3088,0.4467,True
2197,sz300995,2025-08-20,50.029998779296875,64.0,hourly,25,False,1.0,0.98,49.97,0.0012,0.0012,True,False,0.0385,0.0012,39.9764,0.201,0.2515,True
2198,bj920978,2025-08-20,27.120000839233402,28.38999938964844,hourly,10,False,0.5,1.02,26.0917,0.0379,0.0394,True,False,0.1044,0.0379,22.7479,0.1612,0.1922,True
2199,sz002272,2025-08-20,15.100000381469728,19.01000022888184,hourly,30,False,1.5,1.0,15.1011,0.0001,-0.0001,False,False,0.0328,0.0001,10.832,0.2827,0.394,True
2200,sz002158,2025-08-20,22.299999237060547,26.239999771118164,hourly,10,False,1.5,1.02,22.2784,0.001,0.001,True,False,0.1172,0.001,17.1607,0.2305,0.2995,True
2201,sz002046,2025-08-20,30.29999923706055,39.06999969482422,hourly,15,True,1.0,0.98,30.3418,0.0014,-0.0014,False,False,0.0175,0.0014,18.8092,0.3792,0.6109,True
2202,bj920026,2025-08-21,38.790000915527344,45.70000076293945,daily,10,False,0.5,1.02,35.3391,0.089,0.0977,True,False,0.089,0.215,28.2755,0.2711,0.3719,True
2203,bj920839,2025-08-21,38.5999984741211,47.5,hourly,15,False,1.0,1.0,38.7925,0.005,-0.005,False,False,0.1569,0.005,29.3218,0.2404,0.3164,True
2204,bj920476,2025-08-21,25.84000015258789,29.200000762939453,hourly,20,True,1.0,0.98,25.8456,0.0002,-0.0002,False,False,0.0512,0.0002,17.5222,0.3219,0.4747,True
2205,sh603377,2025-08-21,3.3399999141693115,3.5899999141693115,hourly,10,False,0.5,1.02,3.2307,0.0327,0.0338,True,False,0.0951,0.0327,2.7152,0.1871,0.2301,True
2206,bj920438,2025-08-21,42.330001831054695,43.970001220703125,hourly,10,True,1.0,1.02,42.2483,0.0019,0.0019,True,False,0.2183,0.0019,20.1499,0.524,1.1008,True
2207,bj920047,2025-08-21,24.520000457763672,29.15999984741211,hourly,15,False,1.5,0.98,24.5218,0.0001,-0.0001,False,False,0.0116,0.0001,20.6531,0.1577,0.1872,True
2208,bj920679,2025-08-21,22.309999465942383,25.1200008392334,hourly,10,False,1.0,1.02,22.3398,0.0013,-0.0013,False,False,0.0418,0.0013,20.1586,0.0964,0.1067,True
2209,sh688108,2025-08-21,28.020000457763672,33.5,hourly,30,True,0.5,1.02,28.0231,0.0001,-0.0001,False,False,0.0062,0.0001,14.0464,0.4987,0.9948,True
2210,sh603222,2025-08-21,9.119999885559084,11.100000381469728,hourly,10,True,1.5,0.95,9.1222,0.0002,-0.0002,False,False,0.0671,0.0002,6.6326,0.2727,0.375,True
2211,bj920493,2025-08-21,153.50999450683594,188.1000061035156,hourly,30,True,1.0,0.98,153.2838,0.0015,0.0015,True,False,0.003,0.0015,141.9471,0.0753,0.0815,True
2212,sz002177,2025-08-21,7.400000095367432,9.4399995803833,hourly,10,True,0.5,1.02,7.4053,0.0007,-0.0007,False,False,0.0334,0.0007,6.2963,0.1492,0.1753,True
2213,sh603757,2025-08-21,44.799999237060554,50.08000183105469,hourly,15,True,0.5,1.02,44.7816,0.0004,0.0004,True,False,0.1127,0.0004,25.2581,0.4362,0.7737,True
2214,sh688702,2025-08-21,101.73999786376955,120.0,hourly,10,False,0.5,1.02,94.8925,0.0673,0.0722,True,False,0.2111,0.0673,60.55,0.4049,0.6803,True
2215,bj920876,2025-08-21,31.299999237060547,37.5,daily,30,False,0.5,1.0,31.2871,0.0004,0.0004,True,False,0.0004,0.0004,30.2477,0.0336,0.0348,True
2216,sz300730,2025-08-21,17.829999923706055,20.170000076293945,hourly,15,False,1.0,0.98,17.8388,0.0005,-0.0005,False,False,0.0707,0.0005,13.856,0.2229,0.2868,True
2217,sz300147,2025-08-21,10.010000228881836,11.260000228881836,hourly,10,False,1.0,1.02,9.9574,0.0053,0.0053,True,False,0.1467,0.0053,7.7372,0.227,0.2937,True
2218,sh601929,2025-08-21,3.4000000953674316,3.9600000381469727,hourly,25,True,1.0,1.02,3.399,0.0003,0.0003,True,False,0.0803,0.0003,2.0291,0.4032,0.6756,True
2219,sz002289,2025-08-21,26.88999938964844,28.65999984741211,hourly,10,False,1.0,1.0,26.9673,0.0029,-0.0029,False,False,0.0839,0.0029,18.1201,0.3261,0.484,True
2220,bj920839,2025-08-22,38.5999984741211,43.27999877929688,hourly,20,False,1.0,0.98,38.5863,0.0004,0.0004,True,False,0.1192,0.0004,29.3518,0.2396,0.3151,True
2221,bj920476,2025-08-22,25.079999923706055,30.059999465942383,hourly,25,True,1.5,0.98,24.9432,0.0055,0.0055,True,False,0.0056,0.0055,17.7255,0.2932,0.4149,True
2222,bj920438,2025-08-22,42.33000183105469,46.79999923706055,hourly,10,True,1.0,1.02,42.5701,0.0057,-0.0056,False,False,0.1821,0.0057,20.5716,0.514,1.0577,True
2223,bj920978,2025-08-22,29.309999465942386,29.51000022888184,hourly,10,False,0.5,1.02,27.0612,0.0767,0.0831,True,False,0.1484,0.0767,22.7977,0.2222,0.2857,True
2224,sh688577,2025-08-22,91.54000091552736,97.04000091552734,daily,10,False,0.5,1.02,66.019,0.2788,0.3866,True,False,0.2788,0.4133,49.1773,0.4628,0.8614,True
2225,bj920699,2025-08-22,54.58000183105469,60.20000076293945,hourly,15,False,0.5,1.02,54.6357,0.001,-0.001,False,False,0.1175,0.001,44.1256,0.1915,0.2369,True
2226,bj920509,2025-08-22,28.510000228881836,31.100000381469727,hourly,10,False,0.5,1.02,27.9141,0.0209,0.0213,True,False,0.0935,0.0209,24.2659,0.1489,0.1749,True
2227,bj920981,2025-08-22,37.58000183105468,46.59999847412109,hourly,25,True,0.5,0.95,37.5932,0.0004,-0.0004,False,False,0.0009,0.0004,34.4896,0.0822,0.0896,True
2228,sh603389,2025-08-22,22.219999313354496,26.5,hourly,30,True,1.5,0.95,22.1665,0.0024,0.0024,True,False,0.0047,0.0024,15.9785,0.2809,0.3906,True
2229,sz300885,2025-08-22,21.72999954223633,27.600000381469727,daily,15,False,1.5,0.95,21.7279,0.0001,0.0001,True,False,0.0001,0.142,17.5098,0.1942,0.241,True
2230,bj920195,2025-08-22,18.719999313354492,23.18000030517578,hourly,20,True,1.5,1.02,18.7154,0.0002,0.0002,True,False,0.0025,0.0002,17.1927,0.0816,0.0888,True
2231,sh688489,2025-08-22,45.61000061035156,53.0099983215332,daily,10,False,0.5,1.02,41.8005,0.0835,0.0911,True,False,0.0835,0.2856,37.8593,0.1699,0.2047,True
2232,sz300870,2025-08-22,202.10000610351562,260.7099914550781,daily,10,False,0.5,1.02,202.1664,0.0003,-0.0003,False,False,0.0003,0.1327,128.3633,0.3649,0.5744,True
2233,bj920839,2025-08-25,38.5999984741211,43.5,hourly,15,True,1.0,1.0,38.6069,0.0002,-0.0002,False,False,0.0873,0.0002,29.431,0.2375,0.3115,True
2234,bj920476,2025-08-25,25.079999923706055,29.799999237060547,hourly,30,True,0.5,0.95,25.0113,0.0027,0.0027,True,False,0.0098,0.0027,17.9538,0.2841,0.3969,True
2235,bj920978,2025-08-25,29.979999542236328,32.400001525878906,hourly,10,False,0.5,1.02,27.9977,0.0661,0.0708,True,False,0.1526,0.0661,22.8291,0.2385,0.3132,True
2236,bj920223,2025-08-25,13.88000011444092,14.270000457763672,hourly,10,True,0.5,1.02,13.3429,0.0387,0.0403,True,False,0.1207,0.0387,10.7001,0.2291,0.2972,True
2237,sz300192,2025-08-25,18.709999084472656,26.01000022888184,hourly,20,False,1.0,1.0,18.7063,0.0002,0.0002,True,False,0.0023,0.0002,14.9359,0.2017,0.2527,True
2238,sh688577,2025-08-25,94.11000061035156,103.88999938964844,daily,10,False,0.5,1.02,69.578,0.2607,0.3526,True,False,0.2607,0.3528,49.7669,0.4712,0.891,True
2239,sh600246,2025-08-25,11.659999847412111,13.289999961853027,hourly,10,False,0.5,1.02,11.2345,0.0365,0.0379,True,False,0.1359,0.0365,6.848,0.4127,0.7027,True
2240,sz000617,2025-08-25,10.0600004196167,12.380000114440918,hourly,15,False,0.5,0.95,10.0605,0.0001,-0.0001,False,False,0.0437,0.0001,7.9415,0.2106,0.2668,True
2241,bj920699,2025-08-25,54.58000183105469,60.0,hourly,10,False,0.5,1.0,54.6944,0.0021,-0.0021,False,False,0.0871,0.0021,44.1828,0.1905,0.2353,True
2242,sz002190,2025-08-25,38.380001068115234,54.33000183105469,daily,10,False,0.5,0.98,38.3846,0.0001,-0.0001,False,False,0.0001,0.0004,33.7141,0.1216,0.1384,True
2243,bj920274,2025-08-25,19.700000762939457,20.899999618530277,hourly,10,False,0.5,1.02,19.1096,0.03,0.0309,True,False,0.0857,0.03,16.4195,0.1665,0.1998,True
2244,bj920914,2025-08-25,33.3400001525879,36.95000076293945,hourly,20,False,1.0,0.95,33.3461,0.0002,-0.0002,False,False,0.0046,0.0002,26.1125,0.2168,0.2768,True
2245,bj920263,2025-08-25,14.26000022888184,19.0,daily,15,False,1.0,0.98,14.2654,0.0004,-0.0004,False,False,0.0004,0.027,14.5635,0.0213,-0.0208,False
2246,bj920942,2025-08-25,39.70000076293945,46.0,daily,25,False,1.0,0.95,39.7252,0.0006,-0.0006,False,False,0.0006,0.0841,35.1167,0.1154,0.1305,True
2247,sz300503,2025-08-25,27.329999923706055,32.939998626708984,hourly,15,False,0.5,1.02,27.2794,0.0019,0.0019,True,False,0.0684,0.0019,22.3393,0.1826,0.2234,True
2248,sh605303,2025-08-25,15.260000228881838,22.200000762939453,hourly,20,True,1.5,1.02,15.2687,0.0006,-0.0006,False,False,0.0021,0.0006,12.2106,0.1998,0.2497,True
2249,sh600410,2025-08-25,18.030000686645508,24.0,hourly,25,True,0.5,0.98,18.0386,0.0005,-0.0005,False,False,0.0086,0.0005,10.9605,0.3921,0.645,True
2250,bj920981,2025-08-25,37.58000183105469,43.58000183105469,daily,30,False,0.5,1.02,37.5089,0.0019,0.0019,True,False,0.0019,0.0026,34.5867,0.0797,0.0865,True
2251,sz300066,2025-08-25,6.230000019073486,8.619999885559082,daily,15,False,0.5,0.95,6.2272,0.0004,0.0004,True,False,0.0004,0.0021,5.2877,0.1512,0.1782,True
2252,bj920223,2025-08-26,15.300000190734865,15.56999969482422,hourly,10,False,0.5,1.02,13.4628,0.1201,0.1365,True,False,0.2039,0.1201,10.7183,0.2995,0.4275,True
2253,bj920839,2025-08-26,38.59999847412111,40.77999877929688,hourly,15,True,1.5,1.0,38.5874,0.0003,0.0003,True,False,0.0648,0.0003,29.5476,0.2345,0.3064,True
2254,sh603377,2025-08-26,3.329999923706055,4.150000095367432,hourly,30,False,1.0,0.98,3.3281,0.0006,0.0006,True,True,0.0024,0.0006,2.761,0.1709,0.2061,True
2255,bj920438,2025-08-26,43.11000061035156,48.91999816894531,hourly,15,False,1.0,1.02,43.0931,0.0004,0.0004,True,False,0.1577,0.0004,21.4962,0.5014,1.0055,True
2256,sh600246,2025-08-26,11.65999984741211,13.65999984741211,hourly,15,False,1.5,1.0,11.6502,0.0008,0.0008,True,False,0.1228,0.0008,6.9611,0.403,0.675,True
2257,sh688082,2025-08-26,138.00999450683597,162.8000030517578,hourly,10,False,0.5,0.98,138.1908,0.0013,-0.0013,False,False,0.108,0.0013,111.4246,0.1926,0.2386,True
2258,sh603389,2025-08-26,22.219999313354496,28.649999618530277,daily,20,False,0.5,0.98,22.2351,0.0007,-0.0007,False,False,0.0007,0.0416,16.7285,0.2471,0.3283,True
2259,sh601869,2025-08-26,69.94999694824219,72.0,hourly,10,False,0.5,1.02,63.0062,0.0993,0.1102,True,False,0.1756,0.0993,42.3069,0.3952,0.6534,True
2260,bj920509,2025-08-26,28.510000228881836,30.690000534057617,hourly,25,False,0.5,1.0,28.526,0.0006,-0.0006,False,False,0.0561,0.0006,24.301,0.1476,0.1732,True
2261,sh600410,2025-08-26,18.03000068664551,25.88999938964844,hourly,30,True,1.5,1.02,18.0015,0.0016,0.0016,True,False,0.0023,0.0016,11.2352,0.3769,0.6048,True
2262,sz300642,2025-08-26,22.760000228881836,30.709999084472656,hourly,10,True,1.0,0.98,22.7598,0.0,0.0,True,False,0.0788,0.0,15.5564,0.3165,0.4631,True
2263,sz002298,2025-08-26,9.319999694824219,12.470000267028809,hourly,30,True,1.5,0.95,9.3617,0.0045,-0.0045,False,False,0.0058,0.0045,7.1414,0.2338,0.3051,True
2264,sz300322,2025-08-26,22.18000030517578,27.600000381469727,daily,10,True,0.5,0.95,22.1094,0.0032,0.0032,True,False,0.0032,0.0678,17.7751,0.1986,0.2478,True
2265,sz000029,2025-08-26,26.600000381469727,29.979999542236328,hourly,10,True,0.5,1.0,26.5645,0.0013,0.0013,True,False,0.0777,0.0013,19.1605,0.2797,0.3883,True
2266,sz300096,2025-08-26,5.570000171661377,5.920000076293945,hourly,10,False,0.5,1.02,4.5677,0.1799,0.2194,True,False,0.2438,0.1799,3.9217,0.2959,0.4203,True
2267,sz300472,2025-08-26,5.360000133514404,6.25,daily,10,False,0.5,0.98,5.3595,0.0001,0.0001,True,False,0.0001,0.0005,4.2906,0.1995,0.2492,True
2268,sh601606,2025-08-26,42.72999954223633,65.19999694824219,daily,20,False,1.5,0.95,42.6635,0.0016,0.0016,True,False,0.0016,0.257,33.4044,0.2182,0.2792,True
2269,sz300225,2025-08-26,5.0300002098083505,5.570000171661377,hourly,10,False,0.5,1.02,5.012,0.0036,0.0036,True,False,0.1253,0.0036,3.9723,0.2103,0.2663,True
2270,sz002364,2025-08-26,22.299999237060547,25.0,hourly,15,False,1.5,1.02,22.3278,0.0012,-0.0012,False,False,0.0628,0.0012,15.95,0.2848,0.3981,True
2271,bj920839,2025-08-27,38.599998474121094,42.400001525878906,hourly,15,False,1.0,0.95,38.6503,0.0013,-0.0013,False,False,0.0525,0.0013,29.683,0.231,0.3004,True
2272,bj920978,2025-08-27,29.97999954223633,31.84000015258789,hourly,10,False,1.0,1.02,30.0067,0.0009,-0.0009,False,False,0.1014,0.0009,22.9727,0.2337,0.305,True
2273,sh601869,2025-08-27,75.40000152587892,75.41000366210938,hourly,10,False,0.5,1.02,68.7501,0.0882,0.0967,True,False,0.2123,0.0882,42.8946,0.4311,0.7578,True
2274,bj920699,2025-08-27,55.099998474121094,57.0,hourly,30,False,0.5,1.0,55.0987,0.0,0.0,True,False,0.0705,0.0,44.3912,0.1944,0.2412,True
2275,sh603377,2025-08-27,3.3299999237060547,3.880000114440918,hourly,20,True,1.5,0.98,3.3296,0.0001,0.0001,True,False,0.0005,0.0001,2.7819,0.1646,0.197,True
2276,sh688577,2025-08-27,94.11000061035156,114.6500015258789,daily,10,False,0.5,1.02,79.1772,0.1587,0.1886,True,False,0.1587,0.2393,51.3735,0.4541,0.8319,True
2277,sz002851,2025-08-27,71.00000000000001,86.02999877929688,hourly,10,False,0.5,0.98,70.9912,0.0001,0.0001,True,False,0.0237,0.0001,54.6865,0.2298,0.2983,True
2278,sh603859,2025-08-27,41.689998626708984,52.93999862670898,hourly,10,True,1.5,0.98,41.6452,0.0011,0.0011,True,False,0.0036,0.0011,34.6159,0.1697,0.2044,True
2279,sh600749,2025-08-27,18.399999618530273,24.700000762939453,daily,20,True,1.5,1.0,18.3939,0.0003,0.0003,True,False,0.0003,0.2225,17.8847,0.028,0.0288,True
2280,sz300225,2025-08-27,5.03000020980835,5.510000228881836,hourly,10,False,1.0,0.98,5.0328,0.0006,-0.0006,False,False,0.0926,0.0006,3.9758,0.2096,0.2651,True
2281,sz301396,2025-08-27,65.33999633789062,80.05000305175781,daily,10,False,0.5,1.02,61.0018,0.0664,0.0711,True,False,0.0664,0.2297,54.8413,0.1607,0.1914,True
2282,sz002364,2025-08-27,22.29999923706055,27.899999618530277,hourly,25,False,1.0,0.98,22.3173,0.0008,-0.0008,False,False,0.0418,0.0008,16.124,0.277,0.383,True
2283,sz002217,2025-08-27,3.210000038146973,3.7799999713897705,hourly,25,False,1.5,1.02,3.2051,0.0015,0.0015,True,False,0.0851,0.0015,2.397,0.2533,0.3392,True
2284,sh603757,2025-08-27,44.79999923706055,54.36000061035156,hourly,25,True,0.5,1.0,44.8143,0.0003,-0.0003,False,False,0.0349,0.0003,27.4764,0.3867,0.6305,True
2285,sh600246,2025-08-27,11.399999618530273,12.899999618530272,hourly,10,False,1.5,0.98,11.4005,0.0,-0.0,False,False,0.0815,0.0,7.0778,0.3791,0.6107,True
2286,bj920807,2025-08-27,16.520000457763675,21.989999771118164,daily,30,True,0.5,1.02,16.5123,0.0005,0.0005,True,False,0.0005,0.1138,16.0081,0.031,0.032,True
2287,sz300486,2025-08-27,19.809999465942383,22.440000534057617,hourly,20,False,0.5,1.0,19.8225,0.0006,-0.0006,False,False,0.1353,0.0006,10.0674,0.4918,0.9677,True
2288,sz300308,2025-08-27,322.45001220703125,322.8699951171875,hourly,10,False,0.5,1.02,306.8499,0.0484,0.0508,True,False,0.1831,0.0484,177.0497,0.4509,0.8212,True
2289,bj920978,2025-08-28,29.979999542236328,33.900001525878906,hourly,10,False,0.5,0.98,30.0414,0.002,-0.002,False,False,0.078,0.002,23.0748,0.2303,0.2993,True
2290,sh688110,2025-08-28,85.00000000000001,117.0,hourly,20,True,1.5,0.95,84.7942,0.0024,0.0024,True,False,0.0079,0.0024,51.0394,0.3995,0.6654,True
2291,sh688585,2025-08-28,71.11000061035156,84.91000366210938,daily,10,True,1.5,1.02,71.2012,0.0013,-0.0013,False,False,0.0013,0.0508,47.1308,0.3372,0.5088,True
2292,sz301489,2025-08-28,172.9900054931641,183.3999938964844,daily,10,False,0.5,1.02,154.9699,0.1042,0.1163,True,False,0.1042,0.2771,93.9654,0.4568,0.841,True
2293,sz002364,2025-08-28,22.299999237060547,27.93000030517578,hourly,20,True,0.5,0.98,22.3181,0.0008,-0.0008,False,False,0.0037,0.0008,16.3222,0.2681,0.3662,True
2294,sz301389,2025-08-28,58.0,74.06999969482422,hourly,10,False,0.5,1.02,56.258,0.03,0.031,True,False,0.1706,0.03,35.3533,0.3905,0.6406,True
2295,sz000617,2025-08-28,10.0600004196167,12.970000267028809,daily,10,False,0.5,0.98,10.0659,0.0006,-0.0006,False,False,0.0006,0.0014,8.1361,0.1912,0.2365,True
2296,sz300491,2025-08-28,30.36000061035157,35.5,hourly,10,False,0.5,1.02,29.9486,0.0136,0.0137,True,False,0.1793,0.0136,19.1198,0.3702,0.5879,True
2297,sz300870,2025-08-28,202.10000610351562,265.0,daily,10,False,1.0,0.98,201.3868,0.0035,0.0035,True,False,0.0035,0.0866,139.5154,0.3097,0.4486,True
2298,sz300706,2025-08-28,37.450000762939446,42.93999862670898,daily,10,True,1.5,1.0,37.421,0.0008,0.0008,True,False,0.0008,0.0689,30.8872,0.1752,0.2125,True
2299,sz002851,2025-08-28,71.0,87.93000030517578,hourly,15,True,1.5,1.0,70.9721,0.0004,0.0004,True,False,0.0094,0.0004,55.2555,0.2218,0.2849,True
2300,sh688256,2025-08-28,1172.0,1480.0,daily,10,False,0.5,1.02,1103.1624,0.0587,0.0624,True,False,0.0587,0.2359,671.3913,0.4271,0.7456,True
2301,sh688660,2025-08-28,17.5,24.799999237060547,daily,10,False,0.5,0.98,17.5283,0.0016,-0.0016,False,False,0.0016,0.002,12.0756,0.31,0.4492,True
2302,sz300539,2025-08-28,25.520000457763672,31.0,daily,10,True,0.5,0.98,25.6066,0.0034,-0.0034,False,False,0.0034,0.0465,19.0392,0.254,0.3404,True
2303,sz300308,2025-08-28,344.0,352.0,hourly,10,False,0.5,1.02,318.5342,0.074,0.0799,True,False,0.2096,0.074,180.4791,0.4754,0.906,True
2304,bj920961,2025-08-28,24.60000038146973,28.01000022888184,hourly,15,False,0.5,0.95,24.5984,0.0001,0.0001,True,False,0.0086,0.0001,21.4574,0.1277,0.1465,True
2305,sh603757,2025-08-28,44.799999237060554,58.560001373291016,hourly,25,True,1.0,1.0,44.7999,0.0,0.0,True,False,0.0032,0.0,28.0659,0.3735,0.5962,True
2306,bj920978,2025-08-29,29.979999542236325,34.0099983215332,hourly,25,False,0.5,1.0,29.9933,0.0004,-0.0004,False,False,0.045,0.0004,23.2087,0.2259,0.2918,True
2307,bj920223,2025-08-29,17.81999969482422,22.0,hourly,10,False,0.5,1.02,15.4149,0.135,0.156,True,False,0.2479,0.135,10.8215,0.3927,0.6467,True
2308,bj920839,2025-08-29,38.59999847412109,42.59999847412109,hourly,25,False,0.5,0.95,38.6157,0.0004,-0.0004,False,False,0.0237,0.0004,30.0312,0.222,0.2853,True
2309,sh688228,2025-08-29,106.98999786376953,146.99000549316406,hourly,15,False,1.0,1.02,107.3174,0.0031,-0.0031,False,False,0.1893,0.0031,60.5034,0.4345,0.7683,True
2310,bj920906,2025-08-29,28.110000610351562,29.40999984741211,hourly,10,False,0.5,1.02,26.9589,0.0409,0.0427,True,False,0.1405,0.0409,23.2094,0.1743,0.2111,True
2311,sz300955,2025-08-29,26.999999999999996,31.86000061035156,hourly,10,False,0.5,1.02,25.3852,0.0598,0.0636,True,False,0.1735,0.0598,19.0369,0.2949,0.4183,True
2312,bj920247,2025-08-29,29.040000915527344,31.670000076293945,daily,10,False,0.5,0.98,28.9632,0.0026,0.0027,True,False,0.0026,0.0692,22.5253,0.2243,0.2892,True
2313,sz301489,2025-08-29,172.9900054931641,209.0,daily,10,False,0.5,1.02,157.3583,0.0904,0.0993,True,False,0.0904,0.2649,96.3026,0.4433,0.7963,True
2314,sh688577,2025-08-29,94.11000061035156,115.0,daily,10,False,0.5,1.02,87.4774,0.0705,0.0758,True,False,0.0705,0.1751,53.4959,0.4316,0.7592,True
2315,sh603124,2025-08-29,77.7699966430664,91.87999725341795,hourly,30,False,1.5,1.02,77.7528,0.0002,0.0002,True,False,,0.0002,,,,False
2316,bj920274,2025-08-29,21.79999923706055,21.8700008392334,hourly,10,False,0.5,1.02,20.5614,0.0568,0.0602,True,False,0.1281,0.0568,16.6147,0.2379,0.3121,True
2317,sz002256,2025-08-29,2.7500000000000004,3.25,hourly,15,False,1.0,1.02,2.7557,0.0021,-0.0021,False,False,0.0396,0.0021,2.2711,0.1741,0.2109,True
2318,bj920523,2025-08-29,28.719999313354492,30.450000762939453,hourly,10,True,0.5,1.02,26.4845,0.0778,0.0844,True,False,0.1063,0.0778,24.7445,0.1384,0.1607,True
2319,sh688108,2025-08-29,26.319999694824222,32.599998474121094,daily,10,True,0.5,0.98,26.2721,0.0018,0.0018,True,False,0.0018,0.0673,17.122,0.3495,0.5372,True
2320,bj920961,2025-08-29,24.600000381469727,29.75,hourly,15,True,1.5,1.0,24.5987,0.0001,0.0001,True,False,0.0086,0.0001,21.5201,0.1252,0.1431,True
2321,sz301488,2025-08-29,115.19999694824217,120.12999725341795,hourly,10,False,0.5,1.02,104.6157,0.0919,0.1012,True,False,0.2544,0.0919,70.2088,0.3905,0.6408,True
2322,bj920932,2025-08-29,25.020000457763675,25.989999771118164,daily,30,True,0.5,1.02,24.4752,0.0218,0.0223,True,False,0.0218,0.0774,22.943,0.083,0.0905,True
2323,sz301389,2025-08-29,58.0,78.51000213623047,hourly,10,False,1.5,1.0,57.9772,0.0004,0.0004,True,False,0.0971,0.0004,35.9363,0.3804,0.614,True
2324,bj920223,2025-09-01,17.819999694824222,27.399999618530277,hourly,15,False,0.5,1.0,17.7966,0.0013,0.0013,True,False,0.2146,0.0013,10.8687,0.3901,0.6396,True
2325,bj920699,2025-09-01,57.400001525878906,63.5,hourly,15,True,0.5,1.02,56.62,0.0136,0.0138,True,False,0.0931,0.0136,44.8231,0.2191,0.2806,True
2326,bj920906,2025-09-01,28.389999389648438,31.36000061035156,hourly,15,False,0.5,1.02,28.3589,0.0011,0.0011,True,False,0.143,0.0011,23.1678,0.1839,0.2254,True
2327,sh688228,2025-09-01,106.98999786376956,148.5,hourly,20,False,1.5,0.98,106.727,0.0025,0.0025,True,False,0.1083,0.0025,61.502,0.4252,0.7396,True
2328,sh605298,2025-09-01,32.220001220703125,33.0,hourly,10,False,0.5,1.02,29.2919,0.0909,0.1,True,False,0.2253,0.0909,16.63,0.4839,0.9375,True
2329,bj920553,2025-09-01,10.729999542236328,13.800000190734863,hourly,15,False,0.5,1.02,10.7145,0.0014,0.0014,True,False,0.0732,0.0014,9.5728,0.1078,0.1209,True
2330,bj920026,2025-09-01,36.77000045776368,42.41999816894531,daily,20,False,0.5,1.02,36.742,0.0008,0.0008,True,False,0.0008,0.1907,30.0328,0.1832,0.2243,True
2331,sz300955,2025-09-01,27.0,34.310001373291016,hourly,20,False,0.5,1.02,27.0015,0.0001,-0.0001,False,False,0.122,0.0001,19.1546,0.2906,0.4096,True
2332,sz301489,2025-09-01,172.9900054931641,213.9199981689453,daily,10,False,0.5,1.02,163.2793,0.0561,0.0595,True,False,0.0561,0.2138,98.7621,0.4291,0.7516,True
2333,sz300620,2025-09-01,86.6999969482422,112.6999969482422,hourly,10,True,1.5,0.98,86.6567,0.0005,0.0005,True,False,0.0336,0.0005,55.2603,0.3626,0.5689,True
2334,sh603124,2025-09-01,77.7699966430664,94.1500015258789,hourly,25,False,0.5,0.95,77.7576,0.0002,0.0002,True,False,,0.0002,,,,False
2335,bj920523,2025-09-01,28.719999313354492,31.700000762939453,hourly,10,False,0.5,1.02,28.6011,0.0041,0.0042,True,False,0.0905,0.0041,24.7325,0.1388,0.1612,True
2336,sz300486,2025-09-01,20.68000030517578,25.020000457763672,hourly,25,False,0.5,1.02,20.6662,0.0007,0.0007,True,False,0.1228,0.0007,10.8367,0.476,0.9083,True
2337,sz002131,2025-09-01,5.070000171661378,5.980000019073486,hourly,15,False,0.5,1.0,5.0753,0.0011,-0.0011,False,False,0.0626,0.0011,3.7318,0.2639,0.3586,True
2338,sh688006,2025-09-01,28.799999237060547,29.850000381469727,hourly,10,False,0.5,1.02,23.9278,0.1692,0.2036,True,False,0.2363,0.1692,19.4359,0.3251,0.4818,True
2339,sh601869,2025-09-01,80.0,90.1500015258789,hourly,20,False,1.5,1.02,80.1249,0.0016,-0.0016,False,False,0.123,0.0016,45.2319,0.4346,0.7687,True
2340,sh601929,2025-09-01,3.549999952316284,5.190000057220459,hourly,15,True,1.0,0.95,3.5537,0.001,-0.001,False,False,0.0022,0.001,2.3176,0.3472,0.5318,True
2341,bj920768,2025-09-01,12.600000381469727,15.130000114440918,daily,10,False,0.5,1.02,12.15,0.0357,0.037,True,False,0.0357,0.2564,11.0323,0.1244,0.1421,True
2342,bj920274,2025-09-02,33.040000915527344,38.36000061035156,hourly,10,False,0.5,1.02,25.4145,0.2308,0.3,True,False,0.3881,0.2308,16.7191,0.494,0.9762,True
2343,bj920978,2025-09-02,29.97999954223633,34.599998474121094,hourly,10,True,1.0,0.95,29.9693,0.0004,0.0004,True,False,0.0197,0.0004,23.5234,0.2154,0.2745,True
2344,bj920553,2025-09-02,10.72999954223633,15.0,hourly,15,False,0.5,0.98,10.7353,0.0005,-0.0005,False,False,0.0514,0.0005,9.5566,0.1094,0.1228,True
2345,bj920223,2025-09-02,17.819999694824222,28.31999969482422,hourly,15,False,1.0,0.95,17.8214,0.0001,-0.0001,False,False,0.1356,0.0001,10.9412,0.386,0.6287,True
2346,bj920720,2025-09-02,14.960000038146976,19.65999984741211,daily,30,True,0.5,0.98,14.9673,0.0005,-0.0005,False,False,0.0005,0.0006,14.6939,0.0178,0.0181,True
2347,bj920906,2025-09-02,28.389999389648438,40.06999969482422,hourly,10,False,1.0,1.02,28.4374,0.0017,-0.0017,False,False,0.134,0.0017,23.1098,0.186,0.2285,True
2348,bj920768,2025-09-02,12.600000381469728,15.720000267028809,daily,10,False,0.5,1.02,12.4724,0.0101,0.0102,True,False,0.0101,0.2404,11.0528,0.1228,0.14,True
2349,sh688585,2025-09-02,71.11000061035156,89.0,daily,25,False,0.5,1.0,71.0809,0.0004,0.0004,True,False,0.0004,0.0536,51.3671,0.2776,0.3844,True
2350,bj920270,2025-09-02,18.120000839233402,21.649999618530277,hourly,15,True,0.5,1.02,18.1185,0.0001,0.0001,True,False,0.0285,0.0001,16.5997,0.0839,0.0916,True
2351,bj920670,2025-09-02,13.590000152587896,18.899999618530277,daily,10,True,1.0,0.95,13.5924,0.0002,-0.0002,False,False,0.0002,0.0594,14.2353,0.0475,-0.0453,False
2352,bj920556,2025-09-02,10.59000015258789,13.65999984741211,hourly,20,True,0.5,0.95,10.5905,0.0,-0.0,False,False,0.0002,0.0,10.6334,0.0041,-0.0041,False
2353,bj920580,2025-09-02,15.699999809265137,17.700000762939453,hourly,10,False,0.5,1.02,14.9691,0.0466,0.0488,True,False,0.0808,0.0466,13.7567,0.1238,0.1413,True
2354,bj920275,2025-09-02,9.0600004196167,12.34000015258789,daily,25,True,1.5,0.95,9.0655,0.0006,-0.0006,False,False,0.0006,0.0374,9.7307,0.074,-0.0689,False
2355,sz300450,2025-09-02,43.069999694824226,43.54999923706055,hourly,10,False,0.5,1.02,37.631,0.1263,0.1445,True,False,0.271,0.1263,24.7682,0.4249,0.7389,True
2356,bj920247,2025-09-02,29.000000000000004,33.900001525878906,daily,15,False,0.5,1.02,29.0802,0.0028,-0.0028,False,False,0.0028,0.0825,23.0179,0.2063,0.2599,True
2357,bj920185,2025-09-02,26.819999694824222,28.43000030517578,hourly,10,False,0.5,1.02,25.7773,0.0389,0.0405,True,False,0.128,0.0389,21.7005,0.1909,0.2359,True
2358,bj920274,2025-09-03,31.799999237060547,48.0,hourly,10,False,0.5,1.02,32.041,0.0076,-0.0075,False,False,0.3122,0.0076,16.8052,0.4715,0.8923,True
2359,bj920926,2025-09-03,18.280000686645508,23.0,daily,30,True,0.5,1.02,17.7196,0.0307,0.0316,True,False,0.0307,0.0549,16.8662,0.0773,0.0838,True
2360,bj920553,2025-09-03,10.72999954223633,13.390000343322754,hourly,10,True,1.5,0.98,10.73,0.0,-0.0,False,False,0.0092,0.0,9.5546,0.1095,0.123,True
2361,bj920223,2025-09-03,17.209999084472656,25.020000457763672,hourly,25,True,0.5,1.02,17.2056,0.0003,0.0003,True,False,0.0134,0.0003,11.0631,0.3572,0.5556,True
2362,bj920270,2025-09-03,18.1200008392334,22.850000381469727,hourly,30,False,1.0,1.02,18.1086,0.0006,0.0006,True,False,0.0155,0.0006,16.5981,0.084,0.0917,True
2363,bj920906,2025-09-03,28.000000000000007,33.04999923706055,hourly,10,True,1.0,0.98,27.9997,0.0,0.0,True,False,0.0717,0.0,23.0922,0.1753,0.2125,True
2364,bj920509,2025-09-03,29.18000030517578,33.18000030517578,hourly,10,False,1.0,1.02,29.2092,0.001,-0.001,False,False,0.0321,0.001,24.6656,0.1547,0.183,True
2365,bj920523,2025-09-03,28.0,33.9900016784668,hourly,10,True,1.5,1.0,28.012,0.0004,-0.0004,False,False,0.0218,0.0004,24.7656,0.1155,0.1306,True
2366,bj920768,2025-09-03,12.329999923706055,15.0,daily,15,False,0.5,1.0,12.3368,0.0006,-0.0006,False,False,0.0006,0.1599,11.087,0.1008,0.1121,True
2367,bj920699,2025-09-03,57.02999877929688,66.79000091552734,hourly,25,False,0.5,0.98,57.0355,0.0001,-0.0001,False,False,0.0491,0.0001,45.2086,0.2073,0.2615,True
2368,bj920870,2025-09-03,18.520000457763672,23.209999084472656,hourly,25,False,1.5,0.95,18.5213,0.0001,-0.0001,False,False,0.0002,0.0001,17.6522,0.0469,0.0492,True
2369,bj920547,2025-09-03,24.8799991607666,33.0,daily,10,False,1.0,1.0,24.8739,0.0002,0.0002,True,False,0.0002,0.0006,24.8366,0.0017,0.0017,True
2370,sh603367,2025-09-03,19.270000457763672,28.09000015258789,daily,30,True,1.5,0.95,19.7084,0.0228,-0.0222,False,False,0.0228,0.1585,22.8557,0.1861,-0.1569,False
2371,sh603119,2025-09-03,76.16000366210938,88.0,daily,10,False,0.5,1.02,70.2517,0.0776,0.0841,True,False,0.0776,0.2082,52.6141,0.3092,0.4475,True
2372,sz300486,2025-09-03,18.3799991607666,27.350000381469727,hourly,30,True,1.5,0.98,18.3831,0.0002,-0.0002,False,False,0.0012,0.0002,11.4193,0.3787,0.6096,True
2373,sz300092,2025-09-03,16.0,19.030000686645508,hourly,10,False,0.5,1.02,15.0263,0.0609,0.0648,True,False,0.1528,0.0609,12.8562,0.1965,0.2445,True
2374,sz002620,2025-09-03,5.320000171661377,6.090000152587891,hourly,25,False,1.0,0.95,5.319,0.0002,0.0002,True,False,0.0031,0.0002,4.0206,0.2442,0.3232,True
2375,bj920932,2025-09-03,24.07999992370606,28.09000015258789,hourly,25,False,0.5,0.98,24.0737,0.0003,0.0003,True,False,0.0075,0.0003,22.7234,0.0563,0.0597,True
2376,sz301489,2025-09-03,172.9900054931641,212.0,daily,10,False,0.5,1.02,171.4146,0.0091,0.0092,True,False,0.0091,0.1887,103.8255,0.3998,0.6662,True
2377,bj920926,2025-09-04,18.280000686645508,25.0,hourly,15,False,0.5,0.98,18.279,0.0001,0.0001,True,False,0.0321,0.0001,16.8149,0.0801,0.0871,True
2378,bj920274,2025-09-04,31.799999237060547,62.0,hourly,20,False,0.5,0.98,31.8278,0.0009,-0.0009,False,False,0.2219,0.0009,16.9465,0.4671,0.8765,True
2379,bj920523,2025-09-04,28.0,33.93000030517578,daily,10,False,0.5,1.02,27.9854,0.0005,0.0005,True,False,0.0005,0.001,24.7955,0.1144,0.1292,True
2380,bj920223,2025-09-04,17.209999084472656,22.540000915527344,hourly,25,True,1.5,1.02,17.2162,0.0004,-0.0004,False,False,0.0085,0.0004,11.2159,0.3483,0.5344,True
2381,bj920906,2025-09-04,28.0,31.280000686645508,hourly,10,True,1.5,0.95,28.0185,0.0007,-0.0007,False,False,0.0527,0.0007,23.0967,0.1751,0.2123,True
2382,bj920870,2025-09-04,18.520000457763672,25.100000381469727,hourly,30,True,1.0,0.98,18.5031,0.0009,0.0009,True,False,0.0013,0.0009,17.6561,0.0466,0.0489,True
2383,bj920422,2025-09-04,13.859999656677246,19.489999771118164,hourly,15,False,1.5,1.0,13.8597,0.0,0.0,True,False,0.0,0.0,13.4266,0.0313,0.0323,True
2384,bj920237,2025-09-04,25.799999237060547,32.0,daily,30,True,0.5,1.02,23.7524,0.0794,0.0862,True,False,0.0794,0.1455,22.6266,0.123,0.1403,True
2385,bj920553,2025-09-04,10.72999954223633,12.199999809265137,hourly,20,True,1.5,1.0,10.7561,0.0024,-0.0024,False,False,0.0058,0.0024,9.5591,0.1091,0.1225,True
2386,bj920833,2025-09-04,19.319999694824215,25.57999992370605,daily,20,True,1.0,0.98,19.2941,0.0013,0.0013,True,False,0.0013,0.0188,19.6113,0.0151,-0.0149,False
2387,bj920275,2025-09-04,9.0600004196167,11.989999771118164,daily,25,True,1.5,0.95,9.0411,0.0021,0.0021,True,False,0.0021,0.0681,9.7237,0.0733,-0.0683,False
2388,bj920679,2025-09-04,21.549999237060547,25.190000534057617,hourly,30,False,1.0,0.95,21.5616,0.0005,-0.0005,False,False,0.001,0.0005,20.4958,0.0489,0.0514,True
2389,sh601069,2025-09-04,25.600000381469727,25.600000381469727,hourly,10,False,0.5,1.02,25.3154,0.0111,0.0112,True,False,0.1554,0.0111,18.986,0.2584,0.3484,True
2390,bj920826,2025-09-04,12.340000152587892,14.75,daily,30,True,1.0,1.02,12.3402,0.0,-0.0,False,False,0.0,0.001,12.0725,0.0217,0.0222,True
2391,bj920768,2025-09-04,12.329999923706055,14.300000190734863,daily,25,False,0.5,1.02,12.3324,0.0002,-0.0002,False,False,0.0002,0.1244,11.1273,0.0975,0.1081,True
2392,sz300827,2025-09-04,30.0,32.79999923706055,hourly,10,False,0.5,1.02,26.3368,0.1221,0.1391,True,False,0.1715,0.1221,23.4208,0.2193,0.2809,True
2393,sh603367,2025-09-04,19.270000457763672,25.82999992370605,daily,30,True,1.5,0.95,19.8499,0.0301,-0.0292,False,False,0.0301,0.1657,22.9752,0.1923,-0.1613,False
2394,bj920926,2025-09-05,18.280000686645508,23.0,hourly,15,True,0.5,0.98,18.2965,0.0009,-0.0009,False,False,0.0177,0.0009,16.7842,0.0818,0.0891,True
2395,bj920523,2025-09-05,28.0,36.38999938964844,hourly,25,True,1.5,1.02,27.9973,0.0001,0.0001,True,False,0.0009,0.0001,24.8415,0.1128,0.1271,True
2396,bj920274,2025-09-05,31.799999237060543,57.9900016784668,hourly,30,False,1.5,1.0,31.8097,0.0003,-0.0003,False,False,0.0973,0.0003,17.1968,0.4592,0.8492,True
2397,bj920185,2025-09-05,28.870000839233402,33.79999923706055,hourly,10,False,0.5,1.02,27.0867,0.0618,0.0658,True,False,0.1601,0.0618,21.7874,0.2453,0.3251,True
2398,bj920553,2025-09-05,10.729999542236328,12.460000038146973,daily,10,False,0.5,1.0,10.7536,0.0022,-0.0022,False,False,0.0022,0.0032,9.572,0.1079,0.121,True
2399,bj920906,2025-09-05,28.000000000000004,30.8799991607666,hourly,30,True,0.5,1.0,28.0215,0.0008,-0.0008,False,False,0.0256,0.0008,23.137,0.1737,0.2102,True
2400,bj920237,2025-09-05,25.799999237060543,34.75,hourly,10,False,0.5,1.02,25.6241,0.0068,0.0069,True,False,0.0802,0.0068,22.572,0.1251,0.143,True
2401,bj920270,2025-09-05,18.1200008392334,21.989999771118164,daily,15,False,0.5,1.02,18.1208,0.0,-0.0,False,False,0.0,0.0002,16.6095,0.0834,0.0909,True
2402,bj920978,2025-09-05,30.989999771118168,31.899999618530277,hourly,10,True,0.5,1.0,31.0456,0.0018,-0.0018,False,False,0.0431,0.0018,24.016,0.225,0.2904,True
2403,bj920058,2025-09-05,34.50000000000001,49.959999084472656,daily,25,False,1.5,1.02,34.4949,0.0001,0.0001,True,False,0.0001,0.0005,34.1652,0.0097,0.0098,True
2404,bj920425,2025-09-05,22.500000000000004,29.649999618530277,daily,10,False,1.0,0.95,22.5062,0.0003,-0.0003,False,False,0.0003,0.0467,23.4864,0.0438,-0.042,False
2405,bj920422,2025-09-05,13.859999656677246,18.25,hourly,25,True,0.5,0.98,13.8608,0.0001,-0.0001,False,False,0.001,0.0001,13.4139,0.0322,0.0333,True
2406,sh688098,2025-09-05,9.960000038146973,11.789999961853027,daily,10,True,1.5,1.0,9.9747,0.0015,-0.0015,False,False,0.0015,0.0654,8.2873,0.1679,0.2018,True
2407,sz300450,2025-09-05,51.91999816894531,55.0099983215332,hourly,10,False,0.5,1.02,43.36,0.1649,0.1974,True,False,0.2955,0.1649,25.6546,0.5059,1.0238,True
2408,bj920679,2025-09-05,21.549999237060547,26.25,hourly,25,False,1.0,0.95,21.5594,0.0004,-0.0004,False,False,0.001,0.0004,20.5461,0.0466,0.0489,True
2409,bj920185,2025-09-08,28.870000839233402,33.0,hourly,10,False,0.5,1.02,29.0893,0.0076,-0.0075,False,False,0.1252,0.0076,21.8322,0.2438,0.3224,True
2410,bj920274,2025-09-08,31.799999237060554,45.0,hourly,25,True,0.5,1.0,31.6228,0.0056,0.0056,True,False,0.0315,0.0056,17.5051,0.4495,0.8166,True
2411,bj920906,2025-09-08,28.0,33.38999938964844,hourly,20,True,1.0,0.95,28.004,0.0001,-0.0001,False,False,0.0214,0.0001,23.1776,0.1722,0.2081,True
2412,bj920926,2025-09-08,18.280000686645508,22.309999465942383,daily,10,False,0.5,1.0,18.2749,0.0003,0.0003,True,False,0.0003,0.0018,16.7805,0.082,0.0894,True
2413,bj920896,2025-09-08,20.200000762939453,24.170000076293945,hourly,20,True,1.5,1.0,20.1927,0.0004,0.0004,True,False,0.0031,0.0004,19.1441,0.0523,0.0552,True
2414,bj920237,2025-09-08,25.799999237060547,30.57999992370605,hourly,10,True,0.5,1.02,25.8026,0.0001,-0.0001,False,False,0.0439,0.0001,22.5512,0.1259,0.1441,True
2415,bj920523,2025-09-08,28.000000000000004,33.209999084472656,hourly,20,True,1.5,0.98,28.0091,0.0003,-0.0003,False,False,0.0024,0.0003,24.9154,0.1102,0.1238,True
2416,bj920509,2025-09-08,29.18000030517578,33.310001373291016,daily,10,False,0.5,1.02,29.1941,0.0005,-0.0005,False,False,0.0005,0.0005,24.909,0.1464,0.1715,True
2417,bj920252,2025-09-08,27.809999465942383,30.5,hourly,15,False,1.5,0.98,27.6904,0.0043,0.0043,True,False,0.1996,0.0043,18.636,0.3299,0.4923,True
2418,bj920839,2025-09-08,39.27999877929687,41.43999862670898,hourly,10,False,0.5,1.0,39.2688,0.0003,0.0003,True,False,0.0206,0.0003,31.3381,0.2022,0.2534,True
2419,bj920270,2025-09-08,18.1200008392334,23.8799991607666,hourly,25,True,0.5,0.95,18.1284,0.0005,-0.0005,False,False,0.004,0.0005,16.6238,0.0826,0.09,True
2420,bj920522,2025-09-08,58.0099983215332,71.69999694824219,daily,15,False,0.5,1.02,57.9092,0.0017,0.0017,True,False,0.0017,0.2184,51.6258,0.1101,0.1237,True
2421,bj920857,2025-09-08,21.72999954223633,23.51000022888184,hourly,15,False,1.0,0.98,21.7666,0.0017,-0.0017,False,False,0.1167,0.0017,18.3302,0.1565,0.1855,True
2422,bj920978,2025-09-08,30.989999771118168,32.97999954223633,hourly,20,True,1.0,1.02,30.9948,0.0002,-0.0002,False,False,0.0352,0.0002,24.1875,0.2195,0.2812,True
2423,sz002620,2025-09-08,5.320000171661377,6.420000076293945,hourly,20,True,1.5,0.95,5.319,0.0002,0.0002,True,False,0.0003,0.0002,4.169,0.2164,0.2761,True
2424,bj920580,2025-09-08,15.300000190734865,18.93000030517578,hourly,15,True,1.5,1.0,15.3084,0.0006,-0.0006,False,False,0.0143,0.0006,13.7232,0.1031,0.1149,True
2425,bj920058,2025-09-08,34.5,41.5,hourly,20,True,1.5,0.98,34.5158,0.0005,-0.0005,False,False,0.0007,0.0005,34.1659,0.0097,0.0098,True
2426,sh688613,2025-09-08,23.69000053405762,25.899999618530277,hourly,10,False,0.5,1.02,20.3525,0.1409,0.164,True,False,0.1603,0.1409,18.7319,0.2093,0.2647,True
2427,bj920185,2025-09-09,28.8700008392334,33.099998474121094,hourly,20,False,0.5,0.98,28.8576,0.0004,0.0004,True,False,0.081,0.0004,21.9206,0.2407,0.317,True
2428,bj920274,2025-09-09,31.0,40.33000183105469,hourly,30,True,0.5,0.95,31.0039,0.0001,-0.0001,False,False,0.0021,0.0001,17.8779,0.4233,0.734,True
2429,bj920896,2025-09-09,20.200000762939453,25.8799991607666,hourly,30,False,1.5,0.98,20.2038,0.0002,-0.0002,False,False,0.0011,0.0002,19.1216,0.0534,0.0564,True
2430,bj920252,2025-09-09,27.809999465942386,32.5,hourly,10,True,1.5,1.02,27.8147,0.0002,-0.0002,False,False,0.1619,0.0002,18.7125,0.3271,0.4862,True
2431,bj920522,2025-09-09,57.360000610351555,76.51000213623047,daily,20,False,0.5,1.0,57.2047,0.0027,0.0027,True,False,0.0027,0.1312,51.7757,0.0974,0.1079,True
2432,sh600376,2025-09-09,4.340000152587891,4.380000114440918,hourly,10,False,0.5,1.02,3.5993,0.1707,0.2058,True,False,0.2922,0.1707,2.5679,0.4083,0.6901,True
2433,bj920237,2025-09-09,24.79999923706055,29.01000022888184,hourly,20,False,1.0,0.98,24.813,0.0005,-0.0005,False,False,0.0007,0.0005,22.5618,0.0903,0.0992,True
2434,bj920438,2025-09-09,38.41999816894532,46.0,daily,10,False,1.5,1.02,38.3971,0.0006,0.0006,True,False,0.0006,0.0462,27.6496,0.2803,0.3895,True
2435,sz002620,2025-09-09,5.320000171661378,6.619999885559082,daily,10,False,0.5,0.95,5.3134,0.0012,0.0012,True,False,0.0012,0.0014,4.2241,0.206,0.2594,True
2436,sh603119,2025-09-09,87.69999694824219,91.08999633789062,daily,10,False,0.5,1.02,75.2846,0.1416,0.1649,True,False,0.1416,0.2623,55.275,0.3697,0.5866,True
2437,sh605298,2025-09-09,38.40000152587891,45.0099983215332,hourly,10,False,0.5,1.02,38.1804,0.0057,0.0058,True,False,0.1648,0.0057,19.0442,0.5041,1.0164,True
2438,bj920857,2025-09-09,21.72999954223633,23.3799991607666,hourly,20,False,1.5,1.0,21.7361,0.0003,-0.0003,False,False,0.093,0.0003,18.3102,0.1574,0.1868,True
2439,bj920580,2025-09-09,15.300000190734865,18.770000457763672,daily,15,False,0.5,1.02,15.3105,0.0007,-0.0007,False,False,0.0007,0.0012,13.7291,0.1027,0.1144,True
2440,bj920146,2025-09-09,9.22999954223633,11.989999771118164,daily,15,True,0.5,0.95,9.2288,0.0001,0.0001,True,False,0.0001,0.0126,9.526,0.0321,-0.0311,False
2441,sh601069,2025-09-09,27.760000228881836,29.459999084472656,hourly,10,False,0.5,1.02,27.9278,0.006,-0.006,False,False,0.1434,0.006,19.2403,0.3069,0.4428,True
2442,sh601929,2025-09-09,3.4800000190734863,5.579999923706055,daily,20,False,1.0,0.95,3.481,0.0003,-0.0003,False,False,0.0003,0.1946,2.6801,0.2299,0.2985,True
2443,bj920974,2025-09-09,8.210000038146974,10.270000457763672,daily,15,True,1.0,0.95,8.2119,0.0002,-0.0002,False,False,0.0002,0.0374,8.5921,0.0465,-0.0445,False
2444,sz300539,2025-09-09,36.7599983215332,38.86000061035156,hourly,10,False,0.5,1.02,35.2314,0.0416,0.0434,True,False,0.207,0.0416,21.3721,0.4186,0.72,True
2445,bj920185,2025-09-10,28.870000839233402,34.29999923706055,hourly,15,False,1.0,0.95,28.8779,0.0003,-0.0003,False,False,0.0437,0.0003,22.0489,0.2363,0.3094,True
2446,bj920252,2025-09-10,27.809999465942383,30.0,hourly,15,False,1.5,0.98,27.8455,0.0013,-0.0013,False,False,0.1221,0.0013,18.8271,0.323,0.4771,True
2447,sh600376,2025-09-10,4.679999828338623,4.760000228881836,hourly,10,False,0.5,1.02,4.0416,0.1364,0.158,True,False,0.2977,0.1364,2.5874,0.4471,0.8088,True
2448,sz300450,2025-09-10,51.919998168945305,57.59999847412109,hourly,20,False,0.5,1.02,51.9683,0.0009,-0.0009,False,False,0.1459,0.0009,27.179,0.4765,0.9103,True
2449,sh605298,2025-09-10,38.029998779296875,42.9900016784668,hourly,25,False,1.0,1.02,37.9377,0.0024,0.0024,True,False,0.1253,0.0024,19.5536,0.4858,0.9449,True
2450,bj920896,2025-09-10,20.200000762939457,24.59000015258789,daily,20,False,0.5,1.0,20.1897,0.0005,0.0005,True,False,0.0005,0.002,19.1229,0.0533,0.0563,True
2451,sh603119,2025-09-10,87.69999694824217,100.3000030517578,daily,10,False,0.5,1.02,77.0875,0.121,0.1377,True,False,0.121,0.2179,55.9974,0.3615,0.5661,True
2452,sh601069,2025-09-10,27.760000228881836,32.5,hourly,15,False,1.0,0.98,27.7131,0.0017,0.0017,True,False,0.1164,0.0017,19.3719,0.3022,0.433,True
2453,sz300870,2025-09-10,181.02000427246094,214.0,daily,15,True,1.5,1.02,180.5383,0.0027,0.0027,True,False,0.0027,0.0937,163.0175,0.0995,0.1104,True
2454,sz301617,2025-09-10,69.5999984741211,87.0,daily,10,False,0.5,1.02,62.056,0.1084,0.1216,True,False,0.1084,0.179,42.793,0.3852,0.6264,True
2455,bj920679,2025-09-10,21.549999237060543,26.07999992370605,daily,10,False,1.5,1.0,21.5642,0.0007,-0.0007,False,False,0.0007,0.0015,20.7466,0.0373,0.0387,True
2456,sz002837,2025-09-10,67.50000000000001,72.4000015258789,daily,10,False,0.5,1.02,66.611,0.0132,0.0133,True,False,0.0132,0.1924,47.0421,0.3031,0.4349,True
2457,sz002017,2025-09-10,21.739999771118164,26.670000076293945,daily,30,True,1.5,1.02,21.7457,0.0003,-0.0003,False,False,0.0003,0.0881,23.6138,0.0862,-0.0794,False
2458,sz300528,2025-09-10,18.6200008392334,27.86000061035156,hourly,20,False,1.5,0.98,18.6209,0.0,-0.0,False,False,0.0073,0.0,14.9422,0.1975,0.2461,True
2459,sz300394,2025-09-10,146.1999969482422,180.00999450683594,daily,10,False,1.0,0.98,146.1936,0.0,0.0,True,False,0.0,0.1338,106.0427,0.2747,0.3787,True
2460,sz301489,2025-09-10,190.3800048828125,218.0,daily,10,False,0.5,1.02,172.2787,0.0951,0.1051,True,False,0.0951,0.3037,114.8913,0.3965,0.657,True
2461,sz301448,2025-09-10,44.02000045776367,64.2699966430664,hourly,15,True,1.0,0.95,44.0101,0.0002,0.0002,True,False,0.0064,0.0002,30.8743,0.2986,0.4258,True
2462,bj920223,2025-09-11,16.579999923706055,21.75,daily,10,True,0.5,0.98,16.5245,0.0033,0.0034,True,False,0.0033,0.0907,12.2201,0.263,0.3568,True
2463,bj920252,2025-09-11,27.809999465942383,30.90999984741211,hourly,20,False,1.0,0.95,27.7053,0.0038,0.0038,True,False,0.0941,0.0038,18.9712,0.3178,0.4659,True
2464,bj920580,2025-09-11,15.300000190734867,18.26000022888184,daily,25,False,0.5,1.02,15.3385,0.0025,-0.0025,False,False,0.0025,0.0087,13.7826,0.0992,0.1101,True
2465,bj920438,2025-09-11,34.7400016784668,48.77000045776367,daily,30,False,1.0,1.02,34.7058,0.001,0.001,True,False,0.001,0.1731,28.7851,0.1714,0.2069,True
2466,sz301357,2025-09-11,110.00000000000001,120.41000366210938,daily,15,True,1.5,1.02,109.9511,0.0004,0.0004,True,False,0.0004,0.0009,103.967,0.0548,0.058,True
2467,sz300436,2025-09-11,93.80000305175783,114.0999984741211,daily,30,True,0.5,1.02,93.774,0.0003,0.0003,True,False,0.0003,0.0714,93.0671,0.0078,0.0079,True
2468,sh688228,2025-09-11,145.0,145.0,hourly,10,False,0.5,1.02,128.4741,0.114,0.1286,True,False,0.2258,0.114,71.7317,0.5053,1.0214,True
2469,sh688660,2025-09-11,18.569999694824222,18.600000381469727,hourly,15,False,0.5,1.0,18.5697,0.0,0.0,True,False,0.0013,0.0,14.5879,0.2144,0.273,True
2470,sh600410,2025-09-11,17.340000152587894,19.399999618530277,daily,20,False,0.5,0.95,17.3336,0.0004,0.0004,True,False,0.0004,0.0019,14.56,0.1603,0.1909,True
2471,sz300870,2025-09-11,181.02000427246094,232.0,daily,25,False,1.5,1.02,181.2204,0.0011,-0.0011,False,False,0.0011,0.1105,164.8657,0.0892,0.098,True
2472,sh600173,2025-09-11,7.449999809265138,8.149999618530273,hourly,15,False,1.0,1.02,7.4398,0.0014,0.0014,True,False,0.103,0.0014,6.05,0.1879,0.2314,True
2473,bj920509,2025-09-11,29.18000030517578,33.66999816894531,hourly,15,False,1.0,0.95,29.194,0.0005,-0.0005,False,False,0.0088,0.0005,25.2585,0.1344,0.1553,True
2474,sh605288,2025-09-11,81.6999969482422,104.1999969482422,daily,10,False,1.0,1.02,81.3976,0.0037,0.0037,True,False,0.0037,0.1493,58.2235,0.2873,0.4032,True
2475,sz300450,2025-09-11,51.91999816894532,58.2599983215332,hourly,15,True,0.5,1.02,51.9365,0.0003,-0.0003,False,False,0.1031,0.0003,27.8343,0.4639,0.8653,True
2476,sz301389,2025-09-11,51.72000122070313,64.0,daily,20,False,0.5,0.95,51.6822,0.0007,0.0007,True,False,0.0007,0.0814,42.027,0.1874,0.2306,True
2477,bj920765,2025-09-11,20.500000000000004,21.63999938964844,hourly,10,False,0.5,1.02,18.1145,0.1164,0.1317,True,False,0.1557,0.1164,16.3782,0.2011,0.2517,True
2478,bj920808,2025-09-11,81.0199966430664,100.0,hourly,30,True,1.5,1.0,81.0479,0.0003,-0.0003,False,False,0.0025,0.0003,65.59,0.1904,0.2352,True
2479,sz300394,2025-09-11,146.19999694824222,188.0,daily,20,False,0.5,1.0,145.9885,0.0014,0.0014,True,False,0.0014,0.1423,108.0587,0.2609,0.353,True
2480,bj920906,2025-09-12,27.44000053405762,34.0,hourly,30,True,1.5,0.95,27.4983,0.0021,-0.0021,False,False,0.0024,0.0021,23.5876,0.1404,0.1633,True
2481,bj920580,2025-09-12,15.300000190734863,19.309999465942383,daily,10,False,0.5,0.95,15.2682,0.0021,0.0021,True,False,0.0021,0.0052,13.8213,0.0966,0.107,True
2482,sz002058,2025-09-12,24.31999969482422,25.06999969482422,hourly,10,False,0.5,1.02,22.5595,0.0724,0.078,True,True,0.1613,0.0724,14.5484,0.4018,0.6717,True
2483,bj920438,2025-09-12,34.7400016784668,52.88999938964844,daily,30,False,1.0,1.0,34.7011,0.0011,0.0011,True,False,0.0011,0.1728,29.3427,0.1554,0.1839,True
2484,sh600601,2025-09-12,9.47999954223633,11.550000190734863,hourly,10,False,1.5,1.0,9.4677,0.0013,0.0013,True,False,0.0841,0.0013,6.3058,0.3348,0.5034,True
2485,sh601606,2025-09-12,41.43999862670899,48.97999954223633,daily,25,True,1.5,1.02,41.4777,0.0009,-0.0009,False,False,0.0009,0.0449,42.9722,0.037,-0.0357,False
2486,sh600410,2025-09-12,17.34000015258789,20.540000915527344,daily,25,False,1.0,1.02,17.3407,0.0,-0.0,False,False,0.0,0.0041,14.7477,0.1495,0.1758,True
2487,sz300436,2025-09-12,93.80000305175781,120.0,daily,25,True,1.0,1.0,93.7836,0.0002,0.0002,True,False,0.0002,0.0705,93.7836,0.0002,0.0002,True
2488,bj920634,2025-09-12,27.149999618530277,32.65999984741211,daily,30,True,1.0,1.02,27.1527,0.0001,-0.0001,False,False,0.0001,0.0018,26.6791,0.0173,0.0177,True
2489,bj920765,2025-09-12,20.57999992370605,21.96999931335449,hourly,10,False,0.5,1.02,18.8267,0.0852,0.0931,True,False,0.134,0.0852,16.3838,0.2039,0.2561,True
2490,sh600580,2025-09-12,43.040000915527344,46.150001525878906,hourly,10,False,0.5,1.02,40.0292,0.07,0.0752,True,False,0.1692,0.07,25.9627,0.3968,0.6578,True
2491,sh688660,2025-09-12,18.79999923706055,19.979999542236328,hourly,30,False,1.0,1.0,18.7957,0.0002,0.0002,True,False,0.0007,0.0002,14.7603,0.2149,0.2737,True
2492,sz002335,2025-09-12,60.52000045776368,69.0,daily,10,False,0.5,1.02,54.7349,0.0956,0.1057,True,False,0.0956,0.3173,43.8872,0.2748,0.379,True
2493,sz002062,2025-09-12,9.180000305175783,9.800000190734863,hourly,10,False,0.5,1.02,9.0902,0.0098,0.0099,True,False,0.0792,0.0098,5.9581,0.351,0.5408,True
2494,bj920407,2025-09-15,19.620000839233395,24.36000061035156,hourly,20,False,1.5,1.0,19.6171,0.0001,0.0001,True,False,0.0034,0.0001,18.2463,0.07,0.0753,True
2495,bj920237,2025-09-15,24.70999908447266,30.0,daily,10,False,0.5,0.95,24.7216,0.0005,-0.0005,False,False,0.0005,0.0007,22.7882,0.0778,0.0843,True
2496,bj920252,2025-09-15,26.42000007629395,32.5,hourly,30,False,1.5,0.95,26.382,0.0014,0.0014,True,False,0.0199,0.0014,19.3045,0.2693,0.3686,True
2497,sz002058,2025-09-15,24.31999969482422,26.31999969482422,hourly,10,False,0.5,1.02,23.6983,0.0256,0.0262,True,True,0.1226,0.0256,14.8,0.3914,0.6432,True
2498,bj920926,2025-09-15,18.28000068664551,21.8700008392334,hourly,30,True,1.5,0.95,18.273,0.0004,0.0004,True,False,0.001,0.0004,17.008,0.0696,0.0748,True
2499,sh603359,2025-09-15,8.369999885559082,10.979999542236328,daily,15,False,1.0,1.02,8.3543,0.0019,0.0019,True,False,0.0019,0.0025,6.7245,0.1966,0.2447,True
2500,bj920438,2025-09-15,34.7400016784668,54.630001068115234,daily,20,True,0.5,1.0,34.7481,0.0002,-0.0002,False,False,0.0002,0.184,29.9202,0.1387,0.1611,True
2501,sh688228,2025-09-15,168.5,182.0,hourly,10,False,0.5,1.02,146.7295,0.1292,0.1484,True,False,0.2691,0.1292,74.9333,0.5553,1.2487,True
2502,sh600103,2025-09-15,3.3499999046325684,4.5,hourly,30,False,0.5,0.98,3.345,0.0015,0.0015,True,False,0.041,0.0015,2.3181,0.308,0.4451,True
2503,bj920765,2025-09-15,20.579999923706055,21.46999931335449,hourly,10,False,0.5,1.02,20.1718,0.0198,0.0202,True,False,0.1158,0.0198,16.398,0.2032,0.255,True
2504,sz300004,2025-09-15,10.829999923706056,15.109999656677246,hourly,10,True,1.5,1.0,10.8292,0.0001,0.0001,True,False,0.0224,0.0001,8.9271,0.1757,0.2132,True
2505,sz300469,2025-09-15,69.25,79.38999938964844,hourly,10,True,0.5,1.02,69.2991,0.0007,-0.0007,False,False,0.0992,0.0007,44.0343,0.3641,0.5726,True
2506,sh688110,2025-09-15,90.00000000000001,120.75,hourly,10,True,0.5,0.95,89.8671,0.0015,0.0015,True,False,0.0056,0.0015,62.1892,0.309,0.4472,True
2507,sz000691,2025-09-15,8.199999809265137,8.199999809265137,hourly,10,False,0.5,1.02,7.3877,0.0991,0.1099,True,True,0.1462,0.0991,6.0036,0.2679,0.3659,True
2508,sh688521,2025-09-15,158.58999633789062,178.47000122070312,hourly,15,False,1.5,1.02,158.4994,0.0006,0.0006,True,False,0.142,0.0006,94.3096,0.4053,0.6816,True
2509,sh600475,2025-09-15,14.800000190734863,17.649999618530273,daily,30,True,1.5,0.95,14.9093,0.0074,-0.0073,False,False,0.0074,0.0941,17.1143,0.1564,-0.1352,False
2510,bj920634,2025-09-15,26.750000000000004,34.619998931884766,daily,20,False,0.5,0.95,26.728,0.0008,0.0008,True,False,0.0008,0.0046,26.6928,0.0021,0.0021,True
2511,sz001309,2025-09-15,120.0,120.0,hourly,10,False,0.5,1.02,106.0045,0.1166,0.132,True,False,0.1889,0.1166,88.9127,0.2591,0.3496,True
2512,bj920932,2025-09-15,23.180000305175785,28.01000022888184,daily,10,False,1.5,1.0,23.1825,0.0001,-0.0001,False,False,0.0001,0.0498,22.85,0.0142,0.0144,True
2513,bj920523,2025-09-15,27.729999542236328,31.15999984741211,daily,20,False,0.5,0.98,27.7147,0.0006,0.0006,True,False,0.0006,0.0039,25.4463,0.0824,0.0897,True
2514,bj920765,2025-09-16,20.579999923706055,24.5,hourly,15,False,0.5,1.02,20.5173,0.003,0.0031,True,False,0.1037,0.003,16.4141,0.2024,0.2538,True
2515,bj920906,2025-09-16,27.44000053405762,34.29999923706055,daily,15,False,1.0,1.02,27.4138,0.001,0.001,True,False,0.001,0.0206,23.8892,0.1294,0.1486,True
2516,bj920223,2025-09-16,16.579999923706055,21.799999237060547,daily,30,False,0.5,1.02,16.5667,0.0008,0.0008,True,False,0.0008,0.1186,12.9027,0.2218,0.285,True
2517,sz301489,2025-09-16,190.3800048828125,227.0,daily,10,False,0.5,1.02,191.0428,0.0035,-0.0035,False,False,0.0035,0.1963,124.635,0.3453,0.5275,True
2518,bj920978,2025-09-16,36.5,41.459999084472656,hourly,10,False,0.5,1.02,33.842,0.0728,0.0785,True,False,0.154,0.0728,25.2242,0.3089,0.447,True
2519,bj920000,2025-09-16,19.22999954223633,25.149999618530277,daily,20,False,1.5,1.0,19.1833,0.0024,0.0024,True,False,0.0024,0.0395,20.303,0.0558,-0.0529,False
2520,sh688702,2025-09-16,110.4499969482422,133.82000732421875,hourly,30,False,1.0,0.98,110.629,0.0016,-0.0016,False,False,0.0089,0.0016,79.6044,0.2793,0.3875,True
2521,sh603516,2025-09-16,145.67999267578128,160.52000427246094,hourly,10,False,0.5,1.02,139.0655,0.0454,0.0476,True,False,0.1942,0.0454,78.5383,0.4609,0.8549,True
2522,sh605288,2025-09-16,80.48999786376953,108.0,daily,10,False,1.0,0.95,80.4535,0.0005,0.0005,True,False,0.0005,0.1253,61.351,0.2378,0.312,True
2523,sz300004,2025-09-16,10.829999923706053,14.899999618530272,hourly,10,True,1.5,0.95,10.8299,0.0,0.0,True,False,0.0025,0.0,8.9873,0.1701,0.205,True
2524,sz301488,2025-09-16,144.55000305175778,196.0200042724609,hourly,15,True,0.5,1.0,144.409,0.001,0.001,True,False,0.0612,0.001,83.3705,0.4232,0.7338,True
2525,sh600376,2025-09-16,5.809999942779541,6.860000133514404,hourly,10,False,0.5,1.02,5.5032,0.0528,0.0558,True,False,0.2525,0.0528,2.7364,0.529,1.1232,True
2526,sz300857,2025-09-16,144.99000549316406,156.2100067138672,daily,10,False,0.5,1.02,116.4465,0.1969,0.2451,True,False,0.1969,0.3281,86.7578,0.4016,0.6712,True
2527,bj920857,2025-09-16,23.10000038146973,23.59000015258789,hourly,15,True,0.5,1.02,22.6713,0.0186,0.0189,True,False,0.0926,0.0186,18.4168,0.2027,0.2543,True
2528,sh600410,2025-09-16,16.760000228881836,21.700000762939453,daily,25,False,1.0,0.98,16.7787,0.0011,-0.0011,False,False,0.0011,0.0565,15.0983,0.0991,0.1101,True
2529,sh603083,2025-09-16,98.25,117.75,hourly,10,False,1.5,0.98,98.2459,0.0,0.0,True,False,0.0963,0.0,59.5792,0.3936,0.6491,True
2530,bj920857,2025-09-17,23.10000038146973,30.5,hourly,10,False,0.5,1.02,22.8732,0.0098,0.0099,True,False,0.0979,0.0098,18.4397,0.2017,0.2527,True
2531,bj920906,2025-09-17,27.440000534057617,35.06999969482422,daily,10,False,1.5,1.02,27.4489,0.0003,-0.0003,False,False,0.0003,0.0314,24.0654,0.123,0.1402,True
2532,sz000691,2025-09-17,8.59000015258789,9.039999961853027,hourly,10,False,0.5,1.02,8.1386,0.0526,0.0555,True,True,0.1236,0.0526,6.1046,0.2893,0.4071,True
2533,sz300007,2025-09-17,52.349998474121094,71.0,hourly,15,True,0.5,0.98,52.4313,0.0016,-0.0016,False,False,0.0074,0.0016,42.7764,0.1829,0.2238,True
2534,sz300959,2025-09-17,69.0,80.0,hourly,10,False,0.5,1.02,61.8842,0.1031,0.115,True,False,0.2604,0.1031,43.2648,0.373,0.5948,True
2535,bj920252,2025-09-17,26.420000076293945,33.0,hourly,30,True,1.5,0.98,26.3883,0.0012,0.0012,True,False,0.0071,0.0012,19.695,0.2545,0.3415,True
2536,bj920553,2025-09-17,10.510000228881836,12.800000190734863,daily,25,False,1.0,1.0,10.4886,0.002,0.002,True,False,0.002,0.033,9.8969,0.0583,0.0619,True
2537,sz002058,2025-09-17,24.22999954223633,27.709999084472656,hourly,10,True,0.5,0.98,24.1358,0.0039,0.0039,True,False,0.0621,0.0039,15.3688,0.3657,0.5766,True
2538,sz300469,2025-09-17,69.25,89.23999786376953,hourly,30,False,1.0,0.98,69.2578,0.0001,-0.0001,False,False,0.0286,0.0001,45.5169,0.3427,0.5214,True
2539,sz002062,2025-09-17,9.180000305175785,10.579999923706056,hourly,20,False,0.5,0.98,9.1792,0.0001,0.0001,True,False,0.0288,0.0001,6.2596,0.3181,0.4665,True
2540,sh688110,2025-09-17,90.0,131.0,daily,15,False,0.5,0.98,90.1259,0.0014,-0.0014,False,False,0.0014,0.0026,64.6301,0.2819,0.3925,True
2541,sh605288,2025-09-17,80.48999786376952,111.8000030517578,daily,10,False,1.5,0.98,80.5394,0.0006,-0.0006,False,False,0.0006,0.0907,62.4542,0.2241,0.2888,True
2542,sz301488,2025-09-17,144.5500030517578,213.1999969482422,hourly,20,True,0.5,0.98,144.921,0.0026,-0.0026,False,False,0.0041,0.0026,85.3228,0.4097,0.6942,True
2543,bj920634,2025-09-17,26.75,33.08000183105469,daily,30,False,0.5,0.95,26.7537,0.0001,-0.0001,False,False,0.0001,0.0261,26.7366,0.0005,0.0005,True
2544,sh688279,2025-09-17,184.25,256.1000061035156,daily,15,False,1.0,1.0,184.3491,0.0005,-0.0005,False,False,0.0005,0.0011,184.9212,0.0036,-0.0036,False
2545,sh601388,2025-09-17,2.75,3.319999933242798,hourly,20,False,1.5,1.0,2.751,0.0004,-0.0004,False,False,0.0132,0.0004,2.5326,0.079,0.0858,True
2546,bj920857,2025-09-18,23.100000381469727,27.0,hourly,15,False,1.5,0.98,23.0975,0.0001,0.0001,True,False,0.0644,0.0001,18.4784,0.2001,0.2501,True
2547,bj920834,2025-09-18,14.579999923706055,26.0,hourly,15,True,0.5,0.95,14.5786,0.0001,0.0001,True,False,0.0005,0.0001,13.0398,0.1056,0.1181,True
2548,sz000691,2025-09-18,8.59000015258789,9.489999771118164,hourly,10,False,0.5,1.02,8.5462,0.0051,0.0051,True,True,0.0878,0.0051,6.1685,0.2819,0.3926,True
2549,sz300007,2025-09-18,52.3499984741211,67.87000274658203,hourly,30,True,1.5,1.02,52.3516,0.0,-0.0,False,False,0.0036,0.0,43.1449,0.1758,0.2134,True
2550,bj920000,2025-09-18,19.229999542236328,25.989999771118164,daily,15,True,1.0,0.95,19.2214,0.0004,0.0004,True,False,0.0004,0.0447,20.2749,0.0543,-0.0515,False
2551,bj920407,2025-09-18,19.6200008392334,23.280000686645508,daily,10,True,0.5,1.02,19.6214,0.0001,-0.0001,False,False,0.0001,0.0035,18.2454,0.0701,0.0753,True
2552,sh688135,2025-09-18,29.440000534057617,34.84000015258789,hourly,10,False,0.5,1.02,29.227,0.0072,0.0073,True,False,0.069,0.0072,22.0644,0.2505,0.3343,True
2553,sz301013,2025-09-18,25.81999969482422,29.299999237060547,hourly,10,False,0.5,1.02,22.6222,0.1238,0.1414,True,False,0.2189,0.1238,17.2922,0.3303,0.4932,True
2554,bj920978,2025-09-18,36.5,41.52000045776367,hourly,10,True,1.0,1.02,36.4203,0.0022,0.0022,True,False,0.0927,0.0022,25.6397,0.2975,0.4236,True
2555,sh600376,2025-09-18,5.809999942779541,8.420000076293945,hourly,20,False,1.0,0.95,5.8004,0.0017,0.0017,True,False,0.1105,0.0017,2.8731,0.5055,1.0222,True
2556,sh688279,2025-09-18,184.25,268.0,daily,10,True,0.5,0.95,184.2704,0.0001,-0.0001,False,False,0.0001,0.011,185.0616,0.0044,-0.0044,False
2557,sz000559,2025-09-18,9.630000114440918,11.5,hourly,15,False,0.5,1.02,9.6373,0.0008,-0.0008,False,False,0.0867,0.0008,7.5883,0.212,0.2691,True
2558,sz002067,2025-09-18,5.559999942779541,7.46999979019165,hourly,25,False,1.0,0.98,5.5567,0.0006,0.0006,True,False,0.0087,0.0006,4.2704,0.2319,0.302,True
2559,sz301489,2025-09-18,190.3800048828125,237.0,daily,15,False,0.5,1.02,189.005,0.0072,0.0073,True,False,0.0072,0.1785,129.846,0.318,0.4662,True
2560,sh605288,2025-09-18,80.48999786376953,124.79000091552734,daily,20,False,0.5,0.95,80.4472,0.0005,0.0005,True,False,0.0005,0.0647,63.62,0.2096,0.2652,True
2561,sz002062,2025-09-18,9.180000305175781,11.350000381469728,hourly,15,True,0.5,0.98,9.1819,0.0002,-0.0002,False,False,0.0009,0.0002,6.3677,0.3063,0.4416,True
2562,bj920857,2025-09-19,23.100000381469727,25.90999984741211,hourly,25,False,1.0,0.95,23.101,0.0,-0.0,False,False,0.0454,0.0,18.5341,0.1977,0.2464,True
2563,bj920834,2025-09-19,14.579999923706056,18.18000030517578,hourly,25,True,1.5,0.95,14.5566,0.0016,0.0016,True,False,0.0019,0.0016,13.0732,0.1033,0.1153,True
2564,sh603843,2025-09-19,4.409999847412109,4.699999809265137,hourly,10,False,0.5,1.02,4.3975,0.0028,0.0028,True,False,0.1247,0.0028,2.8284,0.3586,0.5592,True
2565,sh600699,2025-09-19,29.059999465942383,38.0,daily,10,False,0.5,1.0,29.0546,0.0002,0.0002,True,False,0.0002,0.0016,20.0849,0.3088,0.4469,True
2566,sz002674,2025-09-19,13.479999542236328,16.799999237060547,hourly,25,True,1.0,0.98,13.4773,0.0002,0.0002,True,False,0.0009,0.0002,11.4328,0.1519,0.1791,True
2567,sz000691,2025-09-19,9.260000228881836,9.260000228881836,hourly,10,False,0.5,1.02,8.9735,0.0309,0.0319,True,False,0.1446,0.0309,6.232,0.327,0.4859,True
2568,sz301489,2025-09-19,190.3800048828125,245.0,daily,10,False,1.0,1.02,190.6766,0.0016,-0.0016,False,False,0.0016,0.169,132.5182,0.3039,0.4366,True
2569,sh688081,2025-09-19,27.239999771118164,33.58000183105469,hourly,10,False,0.5,0.98,27.3491,0.004,-0.004,False,False,0.0907,0.004,21.8757,0.1969,0.2452,True
2570,sz002062,2025-09-19,9.180000305175781,11.270000457763672,hourly,25,True,1.0,1.0,9.1813,0.0001,-0.0001,False,False,0.0052,0.0001,6.4743,0.2947,0.4179,True
2571,sh688205,2025-09-19,96.95999908447267,153.99000549316406,hourly,15,True,1.0,0.95,96.9837,0.0002,-0.0002,False,False,0.003,0.0002,73.5736,0.2412,0.3179,True
2572,sz301421,2025-09-19,97.9000015258789,106.81999969482422,hourly,10,False,0.5,1.02,89.1299,0.0896,0.0984,True,False,0.2051,0.0896,71.8633,0.266,0.3623,True
2573,sh600376,2025-09-19,5.809999942779542,7.050000190734863,hourly,20,True,0.5,1.0,5.7967,0.0023,0.0023,True,False,0.0659,0.0023,2.9544,0.4915,0.9665,True
2574,bj920407,2025-09-19,19.6200008392334,23.5,daily,20,False,0.5,1.0,19.6836,0.0032,-0.0032,False,False,0.0032,0.0064,18.259,0.0694,0.0745,True
2575,sh603297,2025-09-19,99.44999694824219,130.0,daily,15,False,1.0,1.02,99.4484,0.0,0.0,True,False,0.0,0.0003,90.0829,0.0942,0.104,True
2576,sz002067,2025-09-19,5.559999942779541,6.21999979019165,hourly,20,True,0.5,0.98,5.5588,0.0002,0.0002,True,False,0.0022,0.0002,4.3121,0.2244,0.2894,True
2577,sh688195,2025-09-19,93.19999694824219,132.8000030517578,daily,10,False,0.5,1.02,93.4442,0.0026,-0.0026,False,False,0.0026,0.1507,56.0941,0.3981,0.6615,True
2578,bj920857,2025-09-22,23.10000038146973,28.489999771118164,hourly,20,False,1.0,0.95,23.0971,0.0001,0.0001,True,False,0.0364,0.0001,18.5908,0.1952,0.2426,True
2579,bj920834,2025-09-22,14.579999923706056,17.489999771118164,daily,20,False,0.5,0.98,14.5452,0.0024,0.0024,True,False,0.0024,0.0232,13.1224,0.1,0.1111,True
2580,bj920274,2025-09-22,30.719999313354492,36.720001220703125,daily,25,False,0.5,1.0,30.6427,0.0025,0.0025,True,False,0.0025,0.096,22.4934,0.2678,0.3657,True
2581,sz301013,2025-09-22,25.81999969482422,30.020000457763672,hourly,15,False,0.5,1.02,25.8509,0.0012,-0.0012,False,False,0.1553,0.0012,17.4788,0.3231,0.4772,True
2582,sz301489,2025-09-22,190.3800048828125,271.8800048828125,daily,10,False,1.0,1.0,189.7346,0.0034,0.0034,True,False,0.0034,0.1496,135.2082,0.2898,0.4081,True
2583,sh603686,2025-09-22,21.32999992370605,25.96999931335449,hourly,10,False,0.5,0.98,21.3652,0.0017,-0.0016,False,False,0.0513,0.0017,16.9963,0.2032,0.255,True
2584,sh688521,2025-09-22,158.58999633789062,200.0,hourly,25,False,0.5,0.95,158.609,0.0001,-0.0001,False,False,0.0191,0.0001,102.856,0.3514,0.5419,True
2585,sz300115,2025-09-22,33.099998474121094,38.0,hourly,10,False,0.5,1.02,31.709,0.042,0.0439,True,False,0.1689,0.042,22.79,0.3115,0.4524,True
2586,sh688081,2025-09-22,27.239999771118164,36.0,hourly,15,False,1.5,0.98,27.2288,0.0004,0.0004,True,False,0.0487,0.0004,21.9589,0.1939,0.2405,True
2587,sz002463,2025-09-22,64.00000000000001,82.9800033569336,daily,20,False,0.5,1.02,63.9115,0.0014,0.0014,True,False,0.0014,0.0041,52.8339,0.1745,0.2113,True
2588,bj920978,2025-09-22,36.5,44.880001068115234,hourly,15,True,1.5,1.02,36.4981,0.0001,0.0001,True,False,0.037,0.0001,26.1522,0.2835,0.3957,True
2589,sh603618,2025-09-22,7.960000038146972,11.119999885559082,hourly,15,True,1.5,1.0,7.955,0.0006,0.0006,True,False,0.0014,0.0006,6.5444,0.1778,0.2163,True
2590,sh688228,2025-09-22,168.5,207.0,hourly,10,True,1.0,1.0,168.493,0.0,0.0,True,False,0.1019,0.0,86.0742,0.4892,0.9576,True
2591,sz301319,2025-09-22,38.29999923706055,43.0,daily,10,False,0.5,1.02,31.8613,0.1681,0.2021,True,False,0.1681,0.3708,28.4104,0.2582,0.3481,True
2592,bj920808,2025-09-22,81.0199966430664,103.0,daily,20,False,1.0,1.02,81.0871,0.0008,-0.0008,False,False,0.0008,0.0452,70.1424,0.1343,0.1551,True
2593,sh603226,2025-09-22,29.020000457763672,30.950000762939453,hourly,15,False,0.5,1.02,28.6921,0.0113,0.0114,True,False,0.0672,0.0113,19.9147,0.3138,0.4572,True
2594,sh605255,2025-09-23,80.73000335693361,100.1500015258789,hourly,25,False,1.5,0.95,80.8809,0.0019,-0.0019,False,True,0.002,0.0019,33.0182,0.591,1.445,True
2595,bj920834,2025-09-23,14.579999923706055,17.329999923706055,daily,10,True,0.5,0.98,14.5401,0.0027,0.0027,True,False,0.0027,0.0522,13.1784,0.0961,0.1064,True
2596,sz300250,2025-09-23,21.750000000000004,25.51000022888184,hourly,10,False,0.5,1.02,20.505,0.0572,0.0607,True,False,0.1515,0.0572,16.3247,0.2494,0.3323,True
2597,sz300969,2025-09-23,99.55000305175781,134.69000244140625,daily,10,False,0.5,1.0,100.0661,0.0052,-0.0052,False,False,0.0052,0.1618,80.5202,0.1912,0.2363,True
2598,sh688081,2025-09-23,27.239999771118168,36.70000076293945,hourly,10,True,1.5,0.95,27.2619,0.0008,-0.0008,False,False,0.0099,0.0008,22.0643,0.19,0.2346,True
2599,sh688373,2025-09-23,7.199999809265137,9.710000038146973,daily,20,True,0.5,0.98,7.2051,0.0007,-0.0007,False,False,0.0007,0.0027,7.1,0.0139,0.0141,True
2600,sz301421,2025-09-23,97.9000015258789,121.0,hourly,10,False,1.5,1.02,97.779,0.0012,0.0012,True,False,0.1494,0.0012,72.0896,0.2636,0.358,True
2601,sz002475,2025-09-23,53.880001068115234,64.2300033569336,hourly,15,False,0.5,0.95,53.8172,0.0012,0.0012,True,False,0.0018,0.0012,40.3856,0.2505,0.3341,True
2602,sz301629,2025-09-23,186.08000183105472,218.0,hourly,10,False,0.5,1.02,183.4103,0.0143,0.0146,True,False,0.1279,0.0143,151.4761,0.186,0.2284,True
2603,sz301319,2025-09-23,38.29999923706055,44.630001068115234,daily,10,False,0.5,1.02,33.4235,0.1273,0.1459,True,False,0.1273,0.3273,28.5104,0.2556,0.3434,True
2604,sh603786,2025-09-23,76.65000152587892,92.9800033569336,hourly,10,True,1.0,1.0,76.626,0.0003,0.0003,True,False,0.0501,0.0003,55.4126,0.2771,0.3833,True
2605,bj920237,2025-09-23,24.6200008392334,30.040000915527344,hourly,10,False,1.5,0.98,24.6208,0.0,-0.0,False,False,0.0004,0.0,23.3848,0.0502,0.0528,True
2606,sh603179,2025-09-23,65.52999877929688,80.41000366210938,daily,15,False,0.5,1.02,65.6673,0.0021,-0.0021,False,False,0.0021,0.1729,48.9469,0.2531,0.3388,True
2607,bj920185,2025-09-23,28.31999969482422,32.650001525878906,hourly,15,False,1.5,0.95,28.3167,0.0001,0.0001,True,False,0.0025,0.0001,23.8854,0.1566,0.1857,True
2608,sh688411,2025-09-23,246.02000427246097,255.0,hourly,10,False,0.5,1.02,199.7738,0.188,0.2315,True,False,0.2586,0.188,112.3342,0.5434,1.1901,True
2609,bj920926,2025-09-23,18.280000686645508,20.770000457763672,daily,30,True,0.5,1.02,18.285,0.0003,-0.0003,False,False,0.0003,0.0047,17.4809,0.0437,0.0457,True
2610,sz002249,2025-09-23,10.130000114440918,11.880000114440918,hourly,10,False,0.5,1.02,10.1218,0.0008,0.0008,True,False,0.0808,0.0008,7.4383,0.2657,0.3619,True
2611,sz000691,2025-09-24,10.359999656677246,10.720000267028809,hourly,10,False,0.5,1.02,9.6675,0.0668,0.0716,True,True,0.15,0.0668,6.4756,0.3749,0.5999,True
2612,bj920145,2025-09-24,23.819999694824226,31.01000022888184,hourly,10,True,0.5,1.0,23.7802,0.0017,0.0017,True,False,0.0508,0.0017,21.1168,0.1135,0.128,True
2613,bj920765,2025-09-24,20.579999923706055,23.56999969482422,hourly,20,False,1.5,0.98,20.5833,0.0002,-0.0002,False,False,0.0027,0.0002,16.8781,0.1799,0.2193,True
2614,sh600895,2025-09-24,40.830001831054695,52.0099983215332,hourly,10,False,0.5,1.02,40.5944,0.0058,0.0058,True,False,0.0732,0.0058,31.5434,0.2274,0.2944,True
2615,bj920978,2025-09-24,36.5,44.7400016784668,hourly,25,False,1.5,0.95,36.4311,0.0019,0.0019,True,False,0.0085,0.0019,26.7635,0.2668,0.3638,True
2616,sz301629,2025-09-24,183.1999969482422,242.0,hourly,10,True,0.5,1.02,183.1858,0.0001,0.0001,True,False,0.0833,0.0001,151.5198,0.1729,0.2091,True
2617,sh688123,2025-09-24,125.0,126.66000366210938,hourly,10,False,0.5,1.02,109.7783,0.1218,0.1387,True,False,0.2393,0.1218,76.9186,0.3847,0.6251,True
2618,sz001309,2025-09-24,172.30000305175784,174.1999969482422,hourly,10,False,0.5,1.02,159.6995,0.0731,0.0789,True,False,0.2331,0.0731,93.4022,0.4579,0.8447,True
2619,bj920961,2025-09-24,25.180000305175785,30.149999618530277,daily,20,False,0.5,1.0,25.1762,0.0002,0.0002,True,False,0.0002,0.0006,22.5366,0.105,0.1173,True
2620,sh603786,2025-09-24,75.65000152587892,97.93000030517578,hourly,25,False,0.5,0.95,75.666,0.0002,-0.0002,False,False,0.0005,0.0002,56.0343,0.2593,0.3501,True
2621,bj920438,2025-09-24,34.7400016784668,49.2400016784668,daily,25,True,1.0,1.02,34.7492,0.0003,-0.0003,False,False,0.0003,0.2379,34.0679,0.0193,0.0197,True
2622,sh688081,2025-09-24,27.239999771118164,38.43000030517578,daily,15,False,0.5,1.02,27.2437,0.0001,-0.0001,False,False,0.0001,0.0014,22.2202,0.1843,0.2259,True
2623,sz300604,2025-09-24,78.87999725341797,97.7300033569336,hourly,10,False,0.5,1.02,75.5485,0.0422,0.0441,True,False,0.1557,0.0422,49.0497,0.3782,0.6082,True
2624,sh688403,2025-09-24,15.359999656677244,18.11000061035156,hourly,10,False,0.5,1.02,15.0949,0.0173,0.0176,True,False,0.1051,0.0173,11.7492,0.2351,0.3073,True
2625,sz002475,2025-09-24,53.880001068115234,69.80000305175781,daily,10,False,0.5,1.0,53.9507,0.0013,-0.0013,False,False,0.0013,0.0014,40.8783,0.2413,0.3181,True
2626,sh688411,2025-09-24,246.02000427246097,272.0,hourly,10,False,0.5,1.02,226.9541,0.0775,0.084,True,False,0.2099,0.0775,115.206,0.5317,1.1355,True
2627,sz002295,2025-09-25,12.199999809265137,13.869999885559082,hourly,10,False,0.5,1.02,11.808,0.0321,0.0332,True,False,0.0806,0.0321,9.9396,0.1853,0.2274,True
2628,bj920252,2025-09-25,26.420000076293952,34.0099983215332,daily,25,False,0.5,1.0,26.5176,0.0037,-0.0037,False,False,0.0037,0.0714,21.2687,0.195,0.2422,True
2629,sz000691,2025-09-25,10.359999656677246,10.90999984741211,hourly,10,False,0.5,1.02,10.113,0.0238,0.0244,True,True,0.1194,0.0238,6.5744,0.3654,0.5758,True
2630,sh688585,2025-09-25,80.01000213623048,105.68000030517578,daily,15,True,0.5,1.02,80.0026,0.0001,0.0001,True,False,0.0001,0.0154,66.1508,0.1732,0.2095,True
2631,sz002513,2025-09-25,7.239999771118164,8.140000343322754,hourly,10,False,0.5,1.02,6.8393,0.0553,0.0586,True,False,0.2107,0.0553,5.128,0.2917,0.4119,True
2632,sh688233,2025-09-25,42.04999923706055,46.90999984741211,hourly,10,False,0.5,1.02,40.4958,0.037,0.0384,True,False,0.1524,0.037,32.1741,0.2349,0.307,True
2633,sz002453,2025-09-25,6.440000057220459,9.5,daily,30,False,0.5,1.0,6.4409,0.0001,-0.0001,False,False,0.0001,0.003,5.8554,0.0908,0.0998,True
2634,sz300270,2025-09-25,9.810000419616697,10.670000076293944,hourly,10,False,1.0,1.02,9.8492,0.004,-0.004,False,False,0.1539,0.004,7.8973,0.195,0.2422,True
2635,sz002364,2025-09-25,24.620000839233402,31.25,daily,15,True,0.5,1.0,24.5533,0.0027,0.0027,True,False,0.0027,0.0673,20.9711,0.1482,0.174,True
2636,sz300604,2025-09-25,78.87999725341795,94.12999725341795,hourly,15,False,1.5,0.98,78.8703,0.0001,0.0001,True,False,0.1003,0.0001,49.7667,0.3691,0.585,True
2637,sh605358,2025-09-25,30.1200008392334,35.099998474121094,hourly,15,False,0.5,1.0,30.1114,0.0003,0.0003,True,False,0.0531,0.0003,24.3564,0.1914,0.2366,True
2638,sh603286,2025-09-25,39.5999984741211,45.02999877929688,hourly,30,False,1.0,1.0,39.5998,0.0,0.0,True,False,0.0357,0.0,31.1044,0.2145,0.2731,True
2639,bj920925,2025-09-25,29.989999771118164,34.060001373291016,hourly,25,True,1.0,1.02,29.9893,0.0,0.0,True,False,0.0184,0.0,24.9035,0.1696,0.2043,True
2640,sh600167,2025-09-25,7.920000076293944,9.699999809265137,hourly,25,False,0.5,0.95,7.9103,0.0012,0.0012,True,False,0.0045,0.0012,6.2814,0.2069,0.2609,True
2641,sz301319,2025-09-25,38.29999923706055,46.810001373291016,daily,10,False,0.5,1.02,36.813,0.0388,0.0404,True,False,0.0388,0.2055,28.8705,0.2462,0.3266,True
2642,sh688361,2025-09-25,109.00000000000001,118.0,hourly,10,False,0.5,1.02,105.7483,0.0298,0.0307,True,False,0.1237,0.0298,83.5078,0.2339,0.3053,True
2643,sh603090,2025-09-25,44.0,56.0,daily,10,False,0.5,1.02,44.0261,0.0006,-0.0006,False,False,0.0006,0.0012,32.6307,0.2584,0.3484,True
2644,sh603226,2025-09-25,35.029998779296875,35.130001068115234,hourly,10,False,0.5,1.02,31.5433,0.0995,0.1105,True,False,0.1929,0.0995,20.7632,0.4073,0.6871,True
2645,bj920575,2025-09-25,11.930000305175781,13.460000038146973,hourly,10,False,1.0,0.95,12.0016,0.006,-0.006,False,False,0.0544,0.006,15.73,0.3185,-0.2416,False
2646,bj920699,2025-09-25,54.02000045776368,68.80000305175781,daily,15,False,0.5,0.95,54.0481,0.0005,-0.0005,False,False,0.0005,0.0242,49.6831,0.0803,0.0873,True
2647,sz000691,2025-09-26,10.359999656677248,11.81999969482422,hourly,10,False,1.5,1.0,10.3642,0.0004,-0.0004,False,False,0.098,0.0004,6.6775,0.3555,0.5515,True
2648,sz002295,2025-09-26,12.199999809265137,14.5,hourly,10,True,0.5,1.02,12.2039,0.0003,-0.0003,False,False,0.0492,0.0003,9.9831,0.1817,0.2221,True
2649,bj920765,2025-09-26,20.579999923706055,24.809999465942383,hourly,30,False,1.0,0.95,20.5788,0.0001,0.0001,True,False,0.0017,0.0001,17.0692,0.1706,0.2057,True
2650,sh688249,2025-09-26,31.200000762939457,32.0,hourly,10,False,0.5,1.02,26.8816,0.1384,0.1606,True,False,0.2306,0.1384,21.6529,0.306,0.4409,True
2651,sh603398,2025-09-26,6.969999790191652,9.0,hourly,20,True,0.5,0.95,6.9706,0.0001,-0.0001,False,False,0.0013,0.0001,5.6312,0.1921,0.2377,True
2652,sz000559,2025-09-26,10.699999809265137,12.140000343322754,hourly,10,False,0.5,1.02,10.717,0.0016,-0.0016,False,False,0.0875,0.0016,7.8449,0.2668,0.364,True
2653,sh603040,2025-09-26,69.69000244140625,87.58999633789062,hourly,25,True,1.5,1.02,69.7073,0.0002,-0.0002,False,False,0.0076,0.0002,54.7494,0.2144,0.2729,True
2654,sh603090,2025-09-26,44.0,57.77000045776367,hourly,20,True,1.0,0.98,43.9741,0.0006,0.0006,True,False,0.0048,0.0006,33.0312,0.2493,0.3321,True
2655,sh605028,2025-09-26,23.80999946594238,30.71999931335449,daily,30,False,0.5,1.0,23.8234,0.0006,-0.0006,False,False,0.0006,0.0047,21.5703,0.0941,0.1038,True
2656,bj920087,2025-09-26,15.279999732971191,15.43000030517578,daily,20,False,0.5,0.95,15.2817,0.0001,-0.0001,False,False,0.0001,0.0002,16.9523,0.1094,-0.0986,False
2657,bj920174,2025-09-26,51.9900016784668,68.0,daily,15,False,1.5,0.98,51.9506,0.0008,0.0008,True,False,0.0008,0.0485,54.8243,0.0545,-0.0517,False
2658,sh688577,2025-09-26,105.00000000000001,108.08999633789062,daily,10,True,0.5,1.02,104.8954,0.001,0.001,True,False,0.001,0.2508,80.3401,0.2349,0.3069,True
2659,sh603083,2025-09-26,97.91000366210939,129.05999755859375,hourly,30,True,1.5,0.95,97.9991,0.0009,-0.0009,False,False,0.001,0.0009,70.3089,0.2819,0.3926,True
2660,sh688293,2025-09-26,53.72999954223633,65.97000122070312,hourly,15,False,1.0,0.95,53.7472,0.0003,-0.0003,False,False,0.004,0.0003,49.0597,0.0869,0.0952,True
2661,sh603786,2025-09-26,72.86000061035155,100.8000030517578,hourly,25,True,1.5,0.95,72.6772,0.0025,0.0025,True,False,0.0026,0.0025,57.5882,0.2096,0.2652,True
2662,sz002513,2025-09-26,7.239999771118164,8.949999809265137,hourly,10,False,1.0,1.0,7.216,0.0033,0.0033,True,False,0.1515,0.0033,5.1494,0.2888,0.406,True
2663,sz002048,2025-09-26,30.649999618530273,37.5,hourly,30,True,1.5,0.95,30.621,0.0009,0.0009,True,False,0.001,0.0009,24.3099,0.2069,0.2608,True
2664,bj920690,2025-09-26,29.520000457763672,36.0,daily,15,False,1.0,0.98,29.5442,0.0008,-0.0008,False,False,0.0008,0.1382,27.7249,0.0608,0.0647,True
2665,sh688123,2025-09-26,135.97999572753906,143.1300048828125,hourly,10,False,0.5,1.02,124.5661,0.0839,0.0916,True,False,0.2323,0.0839,78.2896,0.4243,0.7369,True
2666,sz000691,2025-09-29,10.359999656677246,12.40999984741211,hourly,20,False,0.5,1.0,10.3548,0.0005,0.0005,True,False,0.0534,0.0005,6.7945,0.3442,0.5248,True
2667,sh688249,2025-09-29,31.200000762939453,34.27000045776367,hourly,10,False,0.5,1.02,30.2165,0.0315,0.0325,True,False,0.187,0.0315,21.7329,0.3034,0.4356,True
2668,sh603398,2025-09-29,6.969999790191651,8.949999809265137,hourly,25,True,1.0,0.95,6.9676,0.0003,0.0003,True,False,0.0011,0.0003,5.7014,0.182,0.2225,True
2669,sz300604,2025-09-29,78.72000122070312,104.0,hourly,15,True,0.5,0.95,78.7957,0.001,-0.001,False,False,0.021,0.001,51.4551,0.3464,0.5299,True
2670,sh688698,2025-09-29,73.62999725341798,88.02999877929688,hourly,25,True,0.5,0.95,73.6404,0.0001,-0.0001,False,False,0.0006,0.0001,54.3351,0.2621,0.3551,True
2671,bj920252,2025-09-29,26.420000076293945,34.04999923706055,daily,15,False,1.5,1.02,26.4593,0.0015,-0.0015,False,False,0.0015,0.0953,21.8978,0.1712,0.2065,True
2672,sz300620,2025-09-29,97.00000000000003,125.1999969482422,daily,25,False,0.5,1.0,96.7615,0.0025,0.0025,True,False,0.0025,0.0687,75.6013,0.2206,0.283,True
2673,sz000559,2025-09-29,10.699999809265138,13.300000190734863,hourly,15,True,0.5,1.02,10.7106,0.001,-0.001,False,False,0.0638,0.001,7.9062,0.2611,0.3534,True
2674,bj920857,2025-09-29,23.100000381469727,26.299999237060547,hourly,15,False,1.0,0.95,23.1131,0.0006,-0.0006,False,False,0.0025,0.0006,19.0749,0.1742,0.211,True
2675,sh603179,2025-09-29,65.52999877929688,83.0,daily,10,False,1.0,0.95,65.4939,0.0006,0.0006,True,False,0.0006,0.1358,52.0536,0.2057,0.2589,True
2676,sh688577,2025-09-29,105.00000000000001,118.0,daily,10,True,0.5,1.02,104.3125,0.0065,0.0066,True,False,0.0065,0.2629,81.2089,0.2266,0.293,True
2677,sz300857,2025-09-29,144.99000549316406,181.0,daily,10,False,1.0,1.02,144.7524,0.0016,0.0016,True,False,0.0016,0.1797,101.3796,0.3008,0.4302,True
2678,sh601929,2025-09-29,3.4800000190734863,3.7300000190734863,hourly,10,False,1.5,0.98,3.4801,0.0,-0.0,False,False,0.0002,0.0,3.5446,0.0186,-0.0182,False
2679,sh603119,2025-09-29,87.69999694824219,110.2300033569336,daily,15,False,1.5,0.98,87.7365,0.0004,-0.0004,False,False,0.0004,0.0586,70.8255,0.1924,0.2383,True
2680,sz301488,2025-09-29,142.00000000000006,180.3600006103516,daily,20,False,0.5,0.95,142.2005,0.0014,-0.0014,False,False,0.0014,0.1188,105.2486,0.2588,0.3492,True
2681,sh603626,2025-09-29,12.239999771118162,14.18000030517578,daily,20,True,0.5,0.95,12.2458,0.0005,-0.0005,False,False,0.0005,0.0527,11.7715,0.0383,0.0398,True
2682,sh603786,2025-09-29,72.86000061035158,106.4499969482422,daily,25,False,0.5,1.02,72.8317,0.0004,0.0004,True,False,0.0004,0.0041,58.4678,0.1975,0.2462,True
2683,sz301448,2025-09-29,44.02000045776368,56.400001525878906,daily,15,True,1.5,0.98,43.8115,0.0047,0.0048,True,False,0.0047,0.1689,39.8309,0.0952,0.1052,True
2684,sh600629,2025-09-30,21.780000686645508,29.0,hourly,30,False,1.5,1.02,21.799,0.0009,-0.0009,False,False,0.0481,0.0009,13.343,0.3874,0.6323,True
2685,sz000691,2025-09-30,10.359999656677246,12.84000015258789,hourly,10,True,0.5,0.95,10.3739,0.0013,-0.0013,False,False,0.0171,0.0013,6.9213,0.3319,0.4968,True
2686,sh688123,2025-09-30,135.97999572753906,164.0500030517578,hourly,10,False,1.0,1.0,135.7721,0.0015,0.0015,True,False,0.1428,0.0015,80.3401,0.4092,0.6926,True
2687,bj920305,2025-09-30,10.680000305175783,11.850000381469728,daily,10,False,1.5,1.02,10.6717,0.0008,0.0008,True,False,0.0008,0.0019,13.4774,0.2619,-0.2076,False
2688,sh603496,2025-09-30,27.229999542236328,36.0,daily,25,True,1.5,1.02,27.2279,0.0001,0.0001,True,False,0.0001,0.0049,27.3051,0.0028,-0.0027,False
2689,sh688249,2025-09-30,31.200000762939457,36.0,hourly,10,False,0.5,1.0,31.3976,0.0063,-0.0063,False,False,0.1402,0.0063,21.8606,0.2993,0.4272,True
2690,sh688228,2025-09-30,160.00999450683597,211.1499938964844,daily,10,False,0.5,0.95,159.081,0.0058,0.0058,True,False,0.0058,0.0074,101.5584,0.3653,0.5755,True
2691,sz001301,2025-09-30,74.26000213623047,85.5999984741211,hourly,10,False,0.5,1.02,74.1522,0.0015,0.0015,True,False,0.0908,0.0015,55.8022,0.2486,0.3308,True
2692,sz300593,2025-09-30,18.579999923706062,21.899999618530277,hourly,30,True,0.5,1.02,18.0985,0.0259,0.0266,True,False,0.0449,0.0259,16.1041,0.1333,0.1537,True
2693,sh688698,2025-09-30,73.62999725341797,97.0999984741211,hourly,30,True,0.5,0.95,73.2524,0.0051,0.0052,True,False,0.0061,0.0051,55.1126,0.2515,0.336,True
2694,sh688498,2025-09-30,338.00000000000006,428.0,daily,10,True,0.5,1.0,337.0799,0.0027,0.0027,True,False,0.0027,0.2105,265.0173,0.2159,0.2754,True
2695,sz000559,2025-09-30,10.699999809265138,12.619999885559082,hourly,20,False,1.5,0.95,10.6927,0.0007,0.0007,True,False,0.0276,0.0007,7.9779,0.2544,0.3412,True
2696,sz301358,2025-09-30,51.77000045776367,58.880001068115234,hourly,10,False,0.5,1.02,49.3744,0.0463,0.0485,True,False,0.1707,0.0463,34.5639,0.3324,0.4978,True
2697,sz301518,2025-09-30,32.22999954223633,37.63999938964844,hourly,10,False,1.0,1.02,32.2918,0.0019,-0.0019,False,False,0.0999,0.0019,23.9803,0.256,0.344,True
2698,sz301421,2025-09-30,96.01000213623047,122.0,daily,10,False,1.0,1.02,96.2235,0.0022,-0.0022,False,False,0.0022,0.0063,74.7193,0.2218,0.2849,True
2699,sh688109,2025-09-30,94.30000305175783,100.01000213623048,hourly,10,False,0.5,1.02,77.2773,0.1805,0.2203,True,False,0.366,0.1805,38.4301,0.5925,1.4538,True
2700,bj920839,2025-09-30,41.13999938964844,42.0,hourly,25,True,0.5,0.98,41.1499,0.0002,-0.0002,False,False,0.0135,0.0002,34.7837,0.1545,0.1827,True
2701,bj920284,2025-10-09,35.40999984741211,37.13999938964844,hourly,10,False,0.5,1.02,28.7473,0.1882,0.2318,True,False,0.25,0.1882,25.1717,0.2891,0.4067,True
2702,sh600362,2025-10-09,35.709999084472656,40.0,hourly,10,False,0.5,1.02,33.5027,0.0618,0.0659,True,False,0.1192,0.0618,25.7828,0.278,0.385,True
2703,sh688122,2025-10-09,66.87999725341797,79.0,hourly,10,False,0.5,1.02,63.2081,0.0549,0.0581,True,False,0.1065,0.0549,54.7221,0.1818,0.2222,True
2704,sz000559,2025-10-09,10.699999809265137,12.5,daily,10,False,0.5,1.02,10.7173,0.0016,-0.0016,False,False,0.0016,0.0024,8.0594,0.2468,0.3276,True
2705,sz000981,2025-10-09,3.5999999046325684,4.809999942779541,hourly,25,True,0.5,0.98,3.6007,0.0002,-0.0002,False,False,0.0025,0.0002,2.4177,0.3284,0.489,True
2706,sh688228,2025-10-09,160.00999450683597,213.0800018310547,daily,10,False,1.5,1.02,160.0619,0.0003,-0.0003,False,False,0.0003,0.0038,104.4384,0.3473,0.5321,True
2707,sz000603,2025-10-09,21.290000915527344,27.34000015258789,hourly,25,True,1.5,0.98,21.2881,0.0001,0.0001,True,False,0.0001,0.0001,17.42,0.1818,0.2222,True
2708,sz300539,2025-10-09,43.61000061035156,55.15999984741211,hourly,10,False,0.5,0.95,43.5915,0.0004,0.0004,True,False,0.0105,0.0004,28.622,0.3437,0.5237,True
2709,sh688691,2025-10-09,109.01000213623048,125.0,hourly,10,False,0.5,1.02,90.0156,0.1742,0.211,True,False,0.2386,0.1742,64.7148,0.4063,0.6845,True
2710,sh688347,2025-10-09,108.8000030517578,122.0500030517578,hourly,10,False,0.5,1.02,102.3305,0.0595,0.0632,True,False,0.1938,0.0595,63.3065,0.4181,0.7186,True
2711,sh688249,2025-10-09,31.200000762939453,38.0,hourly,20,False,0.5,1.0,31.2281,0.0009,-0.0009,False,False,0.1172,0.0009,21.9956,0.295,0.4185,True
2712,bj920748,2025-10-09,30.920000076293945,37.560001373291016,daily,10,False,1.5,0.95,39.2289,0.2687,-0.2118,False,False,0.2687,0.3982,54.2165,0.7534,-0.4297,False
2713,bj920575,2025-10-09,11.930000305175785,12.100000381469728,hourly,10,True,1.5,0.95,12.0627,0.0111,-0.011,False,False,0.0133,0.0111,15.3487,0.2866,-0.2227,False
2714,sh688172,2025-10-09,23.15999984741211,30.6299991607666,hourly,15,True,1.5,1.0,23.1566,0.0001,0.0001,True,False,0.002,0.0001,20.3834,0.1199,0.1362,True
2715,sz002156,2025-10-09,38.68000030517578,45.06999969482422,hourly,10,False,1.0,1.02,38.7758,0.0025,-0.0025,False,False,0.0333,0.0025,29.4116,0.2396,0.3151,True
2716,sz300475,2025-10-09,86.79000091552734,95.68000030517578,hourly,10,False,1.0,1.02,86.1955,0.0069,0.0069,True,False,0.0915,0.0069,46.8975,0.4596,0.8506,True
2717,sz300464,2025-10-09,6.760000228881836,8.210000038146973,hourly,10,False,1.5,1.02,6.7708,0.0016,-0.0016,False,False,0.1244,0.0016,5.3094,0.2146,0.2732,True
2718,sh600376,2025-10-09,5.610000133514404,7.699999809265137,daily,20,False,0.5,1.0,5.5857,0.0043,0.0044,True,False,0.0043,0.0849,3.7205,0.3368,0.5079,True
2719,bj920284,2025-10-10,35.40999984741212,39.36000061035156,hourly,10,False,0.5,1.02,35.0773,0.0094,0.0095,True,False,0.2121,0.0094,25.1761,0.289,0.4065,True
2720,sz300948,2025-10-10,17.079999923706055,19.190000534057617,hourly,15,False,0.5,1.02,17.0221,0.0034,0.0034,True,False,0.1233,0.0034,11.0749,0.3516,0.5422,True
2721,sh688228,2025-10-10,160.00999450683594,219.0,daily,10,False,1.0,0.95,159.6431,0.0023,0.0023,True,False,0.0023,0.0258,107.3363,0.3292,0.4907,True
2722,bj920748,2025-10-10,30.920000076293945,39.400001525878906,hourly,10,False,1.5,0.95,36.5413,0.1818,-0.1538,False,False,0.2206,0.1818,53.7365,0.7379,-0.4246,False
2723,bj920978,2025-10-10,36.5,39.0,hourly,15,False,1.0,0.98,36.5179,0.0005,-0.0005,False,False,0.0007,0.0005,28.8466,0.2097,0.2653,True
2724,sh600629,2025-10-10,21.59000015258789,28.700000762939453,hourly,20,True,1.5,0.95,21.5928,0.0001,-0.0001,False,False,0.0097,0.0001,13.8944,0.3564,0.5539,True
2725,sh688691,2025-10-10,108.52999877929689,120.93000030517578,hourly,10,False,1.0,1.02,108.6637,0.0012,-0.0012,False,False,0.1848,0.0012,65.3645,0.3977,0.6604,True
2726,sz301518,2025-10-10,32.229999542236335,36.5099983215332,hourly,20,False,0.5,0.95,32.2504,0.0006,-0.0006,False,False,0.0511,0.0006,24.3379,0.2449,0.3243,True
2727,sz300877,2025-10-10,27.87999916076661,33.97999954223633,hourly,25,False,0.5,1.02,27.893,0.0005,-0.0005,False,False,0.0521,0.0005,24.0902,0.1359,0.1573,True
2728,sz002156,2025-10-10,38.68000030517578,41.040000915527344,hourly,15,True,0.5,1.0,38.6363,0.0011,0.0011,True,False,0.0032,0.0011,29.7197,0.2317,0.3015,True
2729,sh688215,2025-10-10,70.51000213623047,81.5,daily,15,False,0.5,1.0,70.4512,0.0008,0.0008,True,False,0.0008,0.1928,57.9246,0.1785,0.2173,True
2730,sz000981,2025-10-10,3.559999942779541,4.489999771118164,hourly,30,True,1.0,0.98,3.5622,0.0006,-0.0006,False,False,0.0031,0.0006,2.4624,0.3083,0.4457,True
2731,sh600635,2025-10-10,6.239999771118165,6.849999904632568,hourly,10,False,1.0,1.02,6.2521,0.0019,-0.0019,False,False,0.102,0.0019,4.2584,0.3176,0.4654,True
2732,sh600105,2025-10-10,13.149999618530273,13.989999771118164,hourly,20,False,0.5,1.02,13.1408,0.0007,0.0007,True,False,0.0654,0.0007,9.6063,0.2695,0.3689,True
2733,sh600362,2025-10-10,35.709999084472656,38.77000045776367,hourly,10,False,0.5,0.98,35.6918,0.0005,0.0005,True,False,0.0823,0.0005,26.0064,0.2717,0.3731,True
2734,sz000021,2025-10-10,25.60000038146973,30.049999237060547,hourly,10,True,1.0,0.95,25.6451,0.0018,-0.0018,False,False,0.0219,0.0018,19.8606,0.2242,0.289,True
2735,sz301489,2025-10-10,170.00000000000003,228.4600067138672,hourly,15,False,1.0,1.02,169.9953,0.0,0.0,True,False,0.0068,0.0,158.6835,0.0666,0.0713,True
2736,sh601929,2025-10-10,3.4800000190734863,3.549999952316284,hourly,15,True,1.0,0.95,3.4794,0.0002,0.0002,True,False,0.0016,0.0002,3.5995,0.0343,-0.0332,False
2737,bj920505,2025-10-13,49.5,66.0,hourly,10,False,1.0,0.95,49.4905,0.0002,0.0002,True,False,0.0003,0.0002,55.0208,0.1115,-0.1003,False
2738,bj920284,2025-10-13,35.40999984741211,47.0,hourly,10,False,1.5,1.02,35.5319,0.0034,-0.0034,False,False,0.1987,0.0034,25.1711,0.2892,0.4068,True
2739,sh688228,2025-10-13,158.00000000000003,241.0,daily,15,False,1.5,1.02,157.7307,0.0017,0.0017,True,False,0.0017,0.0621,110.3419,0.3016,0.4319,True
2740,sz301137,2025-10-13,42.70000076293945,53.79999923706055,hourly,10,False,1.5,0.98,42.6551,0.0011,0.0011,True,False,0.1426,0.0011,30.7113,0.2808,0.3904,True
2741,sz301292,2025-10-13,25.68000030517578,26.989999771118164,hourly,10,False,0.5,1.02,23.381,0.0895,0.0983,True,False,0.2418,0.0895,18.5796,0.2765,0.3822,True
2742,sh600635,2025-10-13,6.239999771118164,7.239999771118164,hourly,10,True,1.0,1.0,6.2375,0.0004,0.0004,True,False,0.0877,0.0004,4.3021,0.3106,0.4505,True
2743,sh688411,2025-10-13,246.02000427246097,300.0,hourly,30,True,1.0,0.98,245.8647,0.0006,0.0006,True,False,0.0026,0.0006,142.3869,0.4212,0.7278,True
2744,sz300469,2025-10-13,60.68000030517579,77.69000244140625,daily,25,False,1.5,0.98,60.8146,0.0022,-0.0022,False,False,0.0022,0.1203,56.5368,0.0683,0.0733,True
2745,sz301013,2025-10-13,26.57999992370606,37.900001525878906,hourly,30,False,1.5,1.0,26.6176,0.0014,-0.0014,False,False,0.0113,0.0014,19.0917,0.2817,0.3922,True
2746,bj920396,2025-10-13,30.75,39.9900016784668,hourly,10,True,1.0,0.98,30.7516,0.0001,-0.0001,False,False,0.0006,0.0001,31.4433,0.0225,-0.022,False
2747,sh688691,2025-10-13,108.0,143.0,hourly,15,False,0.5,0.98,107.8989,0.0009,0.0009,True,False,0.1432,0.0009,66.1044,0.3879,0.6338,True
2748,bj920807,2025-10-13,17.020000457763672,20.559999465942383,hourly,15,False,1.5,0.95,17.0257,0.0003,-0.0003,False,False,0.0005,0.0003,17.5911,0.0336,-0.0325,False
2749,bj920748,2025-10-13,30.92000007629395,43.02999877929688,hourly,10,False,1.5,0.95,36.1198,0.1682,-0.144,False,False,0.1896,0.1682,53.222,0.7213,-0.419,False
2750,sh688282,2025-10-13,49.06000137329102,64.22000122070312,hourly,10,True,1.0,1.02,49.0919,0.0007,-0.0007,False,False,0.0659,0.0007,43.6026,0.1112,0.1252,True
2751,bj920061,2025-10-13,33.400001525878906,39.43000030517578,hourly,25,True,1.0,0.95,33.4009,0.0,-0.0,False,False,0.0009,0.0,37.0358,0.1089,-0.0982,False
2752,sh688409,2025-10-13,67.80000305175781,90.5999984741211,hourly,15,False,1.5,0.95,67.7753,0.0004,0.0004,True,False,0.0098,0.0004,58.2702,0.1406,0.1635,True
2753,sz000969,2025-10-14,18.1299991607666,20.0,hourly,10,False,0.5,1.02,17.4416,0.038,0.0395,True,False,0.1458,0.038,13.0297,0.2813,0.3914,True
2754,bj920505,2025-10-14,49.5,64.5,hourly,10,True,1.5,0.95,49.4744,0.0005,0.0005,True,False,0.0019,0.0005,54.7109,0.1053,-0.0952,False
2755,sh603389,2025-10-14,37.38999938964844,40.9900016784668,hourly,10,False,0.5,1.02,36.6219,0.0205,0.021,True,False,0.0981,0.0205,24.4106,0.3471,0.5317,True
2756,sh688480,2025-10-14,50.0,60.83000183105469,hourly,10,False,1.0,1.02,49.828,0.0034,0.0035,True,False,0.0831,0.0034,41.3232,0.1735,0.21,True
2757,bj920978,2025-10-14,36.50000000000001,40.45000076293945,hourly,30,False,1.5,0.98,36.5141,0.0004,-0.0004,False,False,0.0009,0.0004,29.503,0.1917,0.2372,True
2758,sh600735,2025-10-14,4.260000228881837,4.300000190734863,hourly,10,False,1.5,0.95,4.4635,0.0478,-0.0456,False,False,0.0699,0.0478,6.224,0.461,-0.3155,False
2759,sz300948,2025-10-14,17.079999923706055,19.0,hourly,10,True,1.0,0.95,17.1232,0.0025,-0.0025,False,False,0.0822,0.0025,11.3376,0.3362,0.5065,True
2760,bj920509,2025-10-14,35.88000106811524,44.0,hourly,10,False,0.5,0.95,35.8134,0.0019,0.0019,True,False,0.1395,0.0019,27.3489,0.2378,0.3119,True
2761,bj920725,2025-10-14,29.010000228881836,30.540000915527344,daily,30,True,0.5,1.02,28.5121,0.0172,0.0175,True,False,0.0172,0.052,27.2116,0.062,0.0661,True
2762,sh600635,2025-10-14,6.2100000381469735,6.96999979019165,hourly,15,True,1.0,1.0,6.212,0.0003,-0.0003,False,False,0.0587,0.0003,4.3492,0.2997,0.4279,True
2763,sh688691,2025-10-14,108.0,148.3300018310547,hourly,20,False,1.5,1.0,108.0177,0.0002,-0.0002,False,False,0.0707,0.0002,67.0728,0.379,0.6102,True
2764,sz300950,2025-10-14,24.020000457763675,41.0,daily,10,False,1.5,0.95,25.3027,0.0534,-0.0507,False,False,0.0534,0.2002,28.2944,0.178,-0.1511,False
2765,sz300127,2025-10-14,31.350000381469734,40.560001373291016,hourly,20,True,1.5,1.02,31.3517,0.0001,-0.0001,False,False,0.0012,0.0001,28.8062,0.0811,0.0883,True
2766,sz300260,2025-10-14,52.11000061035156,71.77999877929688,hourly,20,False,1.5,1.02,52.0667,0.0008,0.0008,True,False,0.0842,0.0008,35.4527,0.3197,0.4698,True
2767,sz301013,2025-10-14,26.579999923706055,37.650001525878906,daily,10,False,0.5,1.0,26.5889,0.0003,-0.0003,False,False,0.0003,0.0029,19.3124,0.2734,0.3763,True
2768,sz000691,2025-10-14,10.279999732971191,11.510000228881836,hourly,30,True,1.0,0.95,10.2706,0.0009,0.0009,True,False,0.0044,0.0009,7.4558,0.2747,0.3788,True
2769,bj920839,2025-10-15,45.0999984741211,57.0,hourly,10,False,1.0,1.02,45.2491,0.0033,-0.0033,False,False,0.0844,0.0033,35.6326,0.2099,0.2657,True
2770,sh688166,2025-10-15,50.799999237060554,54.95000076293945,hourly,10,False,1.0,0.95,50.972,0.0034,-0.0034,False,False,0.0114,0.0034,78.7682,0.5506,-0.3551,False
2771,bj920978,2025-10-15,36.5,44.25,hourly,20,False,0.5,0.95,36.4985,0.0,0.0,True,False,0.0038,0.0,29.8089,0.1833,0.2245,True
2772,sz301008,2025-10-15,35.799999237060554,40.02999877929688,daily,25,False,0.5,0.98,35.7927,0.0002,0.0002,True,False,0.0002,0.0056,30.5753,0.1459,0.1709,True
2773,bj920505,2025-10-15,49.5,59.0,daily,20,False,1.0,0.98,49.5064,0.0001,-0.0001,False,False,0.0001,0.0002,54.4406,0.0998,-0.0908,False
2774,sz300111,2025-10-15,7.4000000953674325,8.109999656677246,hourly,20,True,0.5,1.02,7.1889,0.0285,0.0294,True,False,0.1267,0.0285,4.3112,0.4174,0.7165,True
2775,sh603389,2025-10-15,37.38999938964844,40.9900016784668,hourly,10,True,0.5,1.02,37.3631,0.0007,0.0007,True,False,0.0671,0.0007,24.7974,0.3368,0.5078,True
2776,bj920748,2025-10-15,32.630001068115234,35.5,daily,10,False,1.5,0.95,33.0029,0.0114,-0.0113,False,False,0.0114,0.1461,52.0641,0.5956,-0.3733,False
2777,sh605298,2025-10-15,37.66999816894531,40.459999084472656,daily,15,False,1.0,0.98,37.6774,0.0002,-0.0002,False,False,0.0002,0.0007,31.362,0.1675,0.2011,True
2778,sz301488,2025-10-15,131.8000030517578,154.5,daily,25,False,1.5,0.98,131.9651,0.0013,-0.0013,False,False,0.0013,0.0626,118.4647,0.1012,0.1126,True
2779,sh688691,2025-10-15,108.0,144.0,hourly,20,True,1.0,1.02,108.0085,0.0001,-0.0001,False,False,0.0307,0.0001,68.1686,0.3688,0.5843,True
2780,sz300948,2025-10-15,17.76000022888184,19.0,hourly,15,False,1.5,1.02,17.7665,0.0004,-0.0004,False,False,0.1127,0.0004,11.4718,0.3541,0.5481,True
2781,sh688411,2025-10-15,246.02000427246097,300.2900085449219,hourly,30,True,1.5,0.95,244.9136,0.0045,0.0045,True,False,0.006,0.0045,150.9761,0.3863,0.6295,True
2782,sh688109,2025-10-15,109.00000000000001,115.0,hourly,10,True,0.5,1.02,104.2856,0.0433,0.0452,True,False,0.249,0.0433,43.6945,0.5991,1.4946,True
2783,sz000969,2025-10-15,18.129999160766605,20.170000076293945,hourly,15,False,0.5,1.0,18.0577,0.004,0.004,True,False,0.12,0.004,13.1073,0.277,0.3832,True
2784,sz300260,2025-10-15,51.65999984741212,65.02999877929688,hourly,30,False,1.5,0.98,51.3882,0.0053,0.0053,True,False,0.0285,0.0053,35.8652,0.3057,0.4404,True
2785,sz300857,2025-10-15,147.1999969482422,152.14999389648438,daily,15,False,0.5,1.0,147.2847,0.0006,-0.0006,False,False,0.0006,0.1871,112.9937,0.2324,0.3027,True
2786,bj920225,2025-10-15,26.57999992370606,27.899999618530277,hourly,10,False,0.5,1.02,25.5424,0.039,0.0406,True,False,0.1346,0.039,21.8719,0.1771,0.2153,True
2787,sz002370,2025-10-16,6.730000019073487,7.550000190734863,hourly,10,False,0.5,1.02,6.6832,0.007,0.007,True,True,0.0474,0.007,5.7801,0.1411,0.1643,True
2788,bj920839,2025-10-16,45.099998474121094,53.54999923706055,hourly,10,True,0.5,0.98,45.091,0.0002,0.0002,True,False,0.0463,0.0002,35.8142,0.2059,0.2593,True
2789,sh605255,2025-10-16,80.7300033569336,90.13999938964844,daily,10,False,1.5,0.98,81.0025,0.0034,-0.0034,False,True,0.0034,0.0066,35.0444,0.5659,1.3036,True
2790,bj920047,2025-10-16,23.65999984741211,25.68000030517578,hourly,15,False,1.5,1.0,23.6424,0.0007,0.0007,True,False,0.0017,0.0007,23.2768,0.0162,0.0165,True
2791,sz300111,2025-10-16,7.400000095367432,8.829999923706055,hourly,15,False,0.5,1.02,7.4028,0.0004,-0.0004,False,False,0.1067,0.0004,4.3898,0.4068,0.6857,True
2792,sz000969,2025-10-16,18.1299991607666,19.959999084472656,hourly,15,False,1.5,1.02,18.1258,0.0002,0.0002,True,False,0.0913,0.0002,13.1994,0.272,0.3735,True
2793,sz002885,2025-10-16,21.899999618530273,25.989999771118164,hourly,10,False,1.0,1.0,21.8706,0.0013,0.0013,True,False,0.0974,0.0013,15.3124,0.3008,0.4302,True
2794,sz002942,2025-10-16,19.81999969482422,27.0,hourly,25,False,1.0,0.98,19.8009,0.001,0.001,True,False,0.0078,0.001,17.8986,0.0969,0.1074,True
2795,sz001309,2025-10-16,175.00000000000003,191.1100006103516,hourly,20,False,0.5,0.98,175.0834,0.0005,-0.0005,False,False,0.0202,0.0005,113.889,0.3492,0.5366,True
2796,bj920725,2025-10-16,29.600000381469727,31.5,hourly,10,False,0.5,1.0,29.6208,0.0007,-0.0007,False,False,0.0415,0.0007,26.9757,0.0887,0.0973,True
2797,sz300475,2025-10-16,94.37000274658203,107.11000061035156,hourly,15,True,0.5,1.02,91.21,0.0335,0.0346,True,False,0.1276,0.0335,53.0075,0.4383,0.7803,True
2798,bj920509,2025-10-16,35.88000106811524,40.040000915527344,hourly,15,True,0.5,0.98,35.883,0.0001,-0.0001,False,False,0.0719,0.0001,27.5433,0.2323,0.3027,True
2799,sz002208,2025-10-16,11.050000190734863,11.59000015258789,hourly,10,False,0.5,1.02,10.428,0.0563,0.0597,True,False,0.2147,0.0563,6.7198,0.3919,0.6444,True
2800,sh688691,2025-10-16,108.0,141.0,hourly,25,True,0.5,0.98,107.3657,0.0059,0.0059,True,False,0.0065,0.0059,69.4065,0.3573,0.5561,True
2801,sh603389,2025-10-16,37.389999389648445,40.83000183105469,hourly,25,False,1.5,1.0,37.3806,0.0003,0.0003,True,False,0.0385,0.0003,25.2107,0.3257,0.4831,True
2802,sz300486,2025-10-16,19.700000762939453,20.420000076293945,hourly,25,True,0.5,0.95,19.6796,0.001,0.001,True,False,0.002,0.001,17.719,0.1006,0.1118,True
2803,bj920505,2025-10-16,49.5,58.0,daily,20,False,1.5,1.02,49.3986,0.002,0.0021,True,False,0.002,0.0037,54.1955,0.0949,-0.0866,False
2804,sz300588,2025-10-17,24.79999923706055,28.209999084472656,hourly,10,False,0.5,1.02,22.0398,0.1113,0.1252,True,False,0.181,0.1113,17.6479,0.2884,0.4053,True
2805,bj920225,2025-10-17,28.719999313354492,31.0,hourly,10,False,0.5,1.02,26.7149,0.0698,0.0751,True,False,0.1844,0.0698,21.85,0.2392,0.3144,True
2807,sz300096,2025-10-17,7.199999809265137,8.680000305175781,hourly,30,False,0.5,0.95,7.2128,0.0018,-0.0018,False,False,0.0085,0.0018,5.3873,0.2518,0.3365,True
2808,sz002370,2025-10-17,6.730000019073486,7.699999809265137,hourly,10,True,0.5,1.0,6.7235,0.001,0.001,True,False,0.0404,0.001,5.7971,0.1386,0.1609,True
2809,sh600735,2025-10-17,4.889999866485597,5.039999961853027,daily,10,False,1.0,1.02,4.8919,0.0004,-0.0004,False,False,0.0004,0.0014,6.0251,0.2321,-0.1884,False
2810,sz300948,2025-10-17,17.760000228881836,19.170000076293945,hourly,25,False,1.0,1.0,17.7454,0.0008,0.0008,True,False,0.0678,0.0008,11.7716,0.3372,0.5087,True
2811,sz002208,2025-10-17,11.050000190734863,13.220000267028809,hourly,10,False,0.5,1.0,11.0457,0.0004,0.0004,True,False,0.182,0.0004,6.7775,0.3867,0.6304,True
2812,sz300620,2025-10-17,96.1999969482422,107.61000061035156,daily,30,False,0.5,1.0,96.1721,0.0003,0.0003,True,False,0.0003,0.0014,84.3139,0.1236,0.141,True
2813,sz301365,2025-10-17,22.030000686645508,26.100000381469727,hourly,10,False,1.0,1.02,21.8614,0.0077,0.0077,True,False,0.1136,0.0077,18.3088,0.1689,0.2032,True
2814,sh600408,2025-10-17,2.7100000381469727,2.799999952316284,hourly,10,False,0.5,1.02,2.5718,0.051,0.0537,True,False,0.1192,0.051,2.1549,0.2048,0.2576,True
2815,sz300539,2025-10-17,43.0099983215332,52.0099983215332,daily,20,False,0.5,1.0,43.1002,0.0021,-0.0021,False,False,0.0021,0.0294,32.2261,0.2507,0.3346,True
2816,sh600748,2025-10-17,5.900000095367432,6.010000228881836,hourly,10,False,0.5,1.02,5.5888,0.0528,0.0557,True,False,0.1395,0.0528,3.9526,0.3301,0.4927,True
2817,bj920169,2025-10-17,29.520000457763675,30.90999984741211,daily,30,False,1.0,0.98,29.4917,0.001,0.001,True,False,0.001,0.0011,31.5882,0.0701,-0.0655,False
2818,sz000014,2025-10-17,15.850000381469727,22.8799991607666,daily,20,True,0.5,1.0,15.8348,0.001,0.001,True,False,0.001,0.1217,14.6212,0.0775,0.084,True
2819,bj920445,2025-10-17,11.119999885559084,11.949999809265137,daily,15,True,0.5,1.0,11.1182,0.0002,0.0002,True,False,0.0002,0.0041,10.8858,0.0211,0.0215,True
2820,sz002571,2025-10-17,7.489999771118164,8.800000190734863,daily,20,False,0.5,1.02,7.4942,0.0006,-0.0006,False,False,0.0006,0.0017,6.7667,0.0966,0.1069,True
2821,bj920725,2025-10-20,33.330001831054695,38.0,hourly,10,False,0.5,1.02,30.2076,0.0937,0.1034,True,False,0.1522,0.0937,26.7612,0.1971,0.2455,True
2822,sh600408,2025-10-20,2.7100000381469727,3.200000047683716,hourly,10,False,1.0,1.0,2.7158,0.0021,-0.0021,False,False,0.1038,0.0021,2.1594,0.2032,0.255,True
2823,sz000626,2025-10-20,7.949999809265137,11.0,hourly,15,True,1.5,1.02,7.9283,0.0027,0.0027,True,False,0.063,0.0027,6.5767,0.1727,0.2088,True
2824,sh603938,2025-10-20,17.5,20.200000762939453,hourly,10,False,1.0,1.0,17.4383,0.0035,0.0035,True,False,0.055,0.0035,13.9187,0.2046,0.2573,True
2825,bj920225,2025-10-20,28.719999313354492,31.90999984741211,hourly,10,False,0.5,1.02,27.4585,0.0439,0.0459,True,False,0.1507,0.0439,21.8696,0.2385,0.3132,True
2826,sh688109,2025-10-20,118.11000061035156,130.19000244140625,hourly,10,False,0.5,1.0,117.8793,0.002,0.002,True,False,0.1956,0.002,48.1637,0.5922,1.4523,True
2827,sh600103,2025-10-20,3.4800000190734868,3.700000047683716,hourly,15,True,1.5,1.02,3.4787,0.0004,0.0004,True,False,0.0053,0.0004,2.9158,0.1621,0.1935,True
2828,sh600735,2025-10-20,5.179999828338623,5.300000190734863,daily,15,True,1.5,1.0,5.1796,0.0001,0.0001,True,False,0.0001,0.0155,5.9622,0.151,-0.1312,False
2829,sh600376,2025-10-20,5.429999828338623,6.25,hourly,10,False,1.5,0.95,5.4344,0.0008,-0.0008,False,False,0.0011,0.0008,4.3483,0.1992,0.2488,True
2830,sz002208,2025-10-20,11.050000190734863,12.75,hourly,20,False,1.0,1.0,11.0496,0.0,0.0,True,False,0.135,0.0,6.8506,0.38,0.613,True
2831,sz301071,2025-10-20,37.52000045776368,47.84000015258789,hourly,10,False,1.5,1.0,37.5902,0.0019,-0.0019,False,False,0.0635,0.0019,29.7897,0.206,0.2595,True
2832,sz300250,2025-10-20,22.43000030517578,25.700000762939453,daily,15,False,0.5,1.02,22.4474,0.0008,-0.0008,False,False,0.0008,0.0034,18.0037,0.1973,0.2459,True
2833,sz300120,2025-10-20,9.22000026702881,11.579999923706056,daily,10,False,0.5,0.95,9.2202,0.0,-0.0,False,False,0.0,0.0006,8.9929,0.0246,0.0253,True
2834,sh603083,2025-10-20,97.91000366210938,110.0,hourly,10,False,1.5,1.0,97.8066,0.0011,0.0011,True,False,0.0015,0.0011,82.5364,0.157,0.1863,True
2835,sz301617,2025-10-20,81.98000335693361,104.1999969482422,daily,10,False,0.5,1.02,75.5093,0.0789,0.0857,True,False,0.0789,0.2088,59.5396,0.2737,0.3769,True
2836,sz002320,2025-10-20,12.90999984741211,13.800000190734863,hourly,10,False,0.5,1.0,12.8656,0.0034,0.0035,True,False,0.1512,0.0034,8.1929,0.3654,0.5757,True
2837,sh688585,2025-10-20,89.40000152587889,91.8000030517578,hourly,30,False,1.0,1.02,89.2862,0.0013,0.0013,True,False,0.0337,0.0013,70.6386,0.2099,0.2656,True
2838,bj920651,2025-10-20,38.810001373291016,42.43000030517578,hourly,10,False,0.5,1.02,38.3715,0.0113,0.0114,True,False,0.0683,0.0113,32.0915,0.1731,0.2094,True
2839,sh603090,2025-10-20,45.50999832153322,48.27999877929688,hourly,15,False,1.0,1.0,45.4666,0.001,0.001,True,False,0.0037,0.001,37.3,0.1804,0.2201,True
2840,sh688411,2025-10-20,246.02000427246097,290.0400085449219,daily,10,False,0.5,0.95,245.7519,0.0011,0.0011,True,False,0.0011,0.0296,163.6163,0.3349,0.5036,True
2841,bj920725,2025-10-21,33.33000183105469,38.5,hourly,10,False,0.5,1.02,32.0286,0.039,0.0406,True,False,0.1532,0.039,26.6647,0.2,0.25,True
2842,bj920839,2025-10-21,42.58000183105469,53.0099983215332,daily,10,True,0.5,1.02,42.593,0.0003,-0.0003,False,False,0.0003,0.0024,36.4313,0.1444,0.1688,True
2843,bj920748,2025-10-21,38.0,38.810001373291016,daily,10,True,1.0,0.98,37.9003,0.0026,0.0026,True,False,0.0026,0.0037,49.3018,0.2974,-0.2292,False
2844,sh688148,2025-10-21,7.019999980926514,7.699999809265137,hourly,30,True,0.5,1.02,6.3063,0.1017,0.1132,True,False,0.1263,0.1017,5.5588,0.2082,0.2629,True
2845,sz000626,2025-10-21,7.949999809265138,9.720000267028809,hourly,15,True,1.5,0.95,7.9281,0.0028,0.0028,True,False,0.0251,0.0028,6.5947,0.1705,0.2055,True
2846,sz300111,2025-10-21,7.139999866485597,8.6899995803833,hourly,25,True,0.5,0.95,7.1349,0.0007,0.0007,True,False,0.0048,0.0007,4.6577,0.3477,0.5329,True
2847,bj920225,2025-10-21,28.719999313354496,30.8799991607666,hourly,10,False,0.5,1.0,28.6412,0.0027,0.0028,True,False,0.1145,0.0027,21.9232,0.2367,0.31,True
2848,sz002208,2025-10-21,11.050000190734863,15.020000457763672,hourly,20,False,0.5,0.95,11.0559,0.0005,-0.0005,False,False,0.0914,0.0005,6.9386,0.3721,0.5925,True
2849,bj920942,2025-10-21,33.45000076293945,45.369998931884766,daily,15,False,1.5,0.95,33.6109,0.0048,-0.0048,False,False,0.0048,0.0174,39.1157,0.1694,-0.1448,False
2850,bj920396,2025-10-21,30.469999313354496,32.349998474121094,daily,30,False,1.0,1.02,30.4657,0.0001,0.0001,True,False,0.0001,0.0014,30.7651,0.0097,-0.0096,False
2851,sh600748,2025-10-21,6.059999942779542,7.579999923706055,hourly,15,False,0.5,1.0,6.06,0.0,-0.0,False,False,0.125,0.0,4.0332,0.3344,0.5025,True
2852,sh600629,2025-10-21,20.469999313354492,36.84000015258789,daily,30,False,1.0,0.95,20.4824,0.0006,-0.0006,False,False,0.0006,0.3232,16.7124,0.1836,0.2248,True
2853,bj920475,2025-10-21,17.10000038146973,19.0,hourly,15,False,1.5,0.95,17.093,0.0004,0.0004,True,False,0.0021,0.0004,19.9605,0.1673,-0.1433,False
2854,sh688195,2025-10-21,100.26000213623048,101.11000061035156,daily,10,True,0.5,1.0,100.36,0.001,-0.001,False,False,0.001,0.2488,79.6201,0.2059,0.2592,True
2855,sh600617,2025-10-21,3.450000047683716,4.389999866485596,hourly,25,False,1.0,0.95,3.4438,0.0018,0.0018,True,False,0.0309,0.0018,2.7965,0.1894,0.2337,True
2856,sz000969,2025-10-21,17.94000053405762,20.540000915527344,hourly,20,True,1.0,1.0,17.9282,0.0007,0.0007,True,False,0.0432,0.0007,13.5069,0.2471,0.3282,True
2857,sh688109,2025-10-21,118.11000061035156,138.3000030517578,hourly,10,False,1.0,1.02,118.369,0.0022,-0.0022,False,False,0.1577,0.0022,49.9016,0.5775,1.3669,True
2858,bj920725,2025-10-22,33.150001525878906,38.68999862670898,hourly,25,False,0.5,1.0,33.1251,0.0008,0.0008,True,False,0.1167,0.0008,26.6098,0.1973,0.2458,True
2859,sz301158,2025-10-22,20.809999465942383,28.32999992370605,daily,10,False,0.5,1.02,20.4081,0.0193,0.0197,True,False,0.0193,0.1602,17.6768,0.1506,0.1772,True
2860,bj920694,2025-10-22,19.200000762939457,25.899999618530277,hourly,20,True,1.0,1.02,19.1956,0.0002,0.0002,True,False,0.0013,0.0002,19.5233,0.0168,-0.0166,False
2861,bj920706,2025-10-22,22.899999618530277,25.729999542236328,daily,30,False,0.5,1.02,22.9224,0.001,-0.001,False,False,0.001,0.0012,22.385,0.0225,0.023,True
2862,sh605255,2025-10-22,80.7300033569336,88.0,hourly,15,False,0.5,0.95,80.7214,0.0001,0.0001,True,False,0.0043,0.0001,42.6737,0.4714,0.8918,True
2863,bj920748,2025-10-22,39.0,40.79999923706055,daily,20,False,0.5,0.98,38.9371,0.0016,0.0016,True,False,0.0016,0.0042,48.5625,0.2452,-0.1969,False
2864,bj920396,2025-10-22,29.200000762939453,33.0,hourly,15,False,1.5,0.95,29.1959,0.0001,0.0001,True,False,0.0006,0.0001,30.6472,0.0496,-0.0472,False
2865,sz300948,2025-10-22,16.5,18.559999465942383,hourly,30,True,1.5,0.98,16.5028,0.0002,-0.0002,False,False,0.0046,0.0002,12.2401,0.2582,0.348,True
2866,bj920553,2025-10-22,10.300000190734865,11.979999542236328,hourly,15,False,1.5,0.98,10.3042,0.0004,-0.0004,False,False,0.0006,0.0004,10.3855,0.0083,-0.0082,False
2867,bj920675,2025-10-22,10.300000190734863,12.5,hourly,30,True,0.5,0.95,10.2948,0.0005,0.0005,True,False,0.0014,0.0005,11.4613,0.1127,-0.1013,False
2868,sz000969,2025-10-22,17.020000457763675,20.899999618530277,hourly,30,True,1.5,1.0,16.9854,0.002,0.002,True,False,0.0083,0.002,13.6189,0.1998,0.2497,True
2870,bj920174,2025-10-22,47.5,58.68000030517578,daily,10,False,1.5,0.95,47.4725,0.0006,0.0006,True,False,0.0006,0.0561,54.6793,0.1511,-0.1313,False
2871,sh603903,2025-10-22,13.399999618530272,15.899999618530272,hourly,30,True,1.0,1.02,13.4001,0.0,-0.0,False,False,0.0067,0.0,9.9914,0.2544,0.3412,True
2872,sh600748,2025-10-22,5.829999923706055,7.570000171661377,hourly,20,True,0.5,1.02,5.8208,0.0016,0.0016,True,False,0.0445,0.0016,4.0811,0.3,0.4285,True
2873,bj920942,2025-10-22,31.409999847412113,44.47999954223633,daily,10,False,1.5,0.95,31.6174,0.0066,-0.0066,False,False,0.0066,0.123,38.9691,0.2407,-0.194,False
2874,sh688411,2025-10-22,246.02000427246094,297.4800109863281,daily,10,False,1.0,0.98,246.7699,0.003,-0.003,False,False,0.003,0.0362,171.786,0.3017,0.4321,True
2875,sh603389,2025-10-22,42.41999816894531,44.0,hourly,10,False,0.5,1.02,40.4705,0.046,0.0482,True,False,0.1104,0.046,26.9859,0.3638,0.5719,True
2876,bj920725,2025-10-23,33.15000152587891,33.91999816894531,hourly,30,False,0.5,0.98,33.1608,0.0003,-0.0003,False,False,0.0991,0.0003,26.5789,0.1982,0.2472,True
2877,bj920225,2025-10-23,31.200000762939457,32.20000076293945,hourly,10,False,0.5,1.02,29.8542,0.0431,0.0451,True,False,0.1597,0.0431,22.0693,0.2926,0.4137,True
2878,sz000609,2025-10-23,5.679999828338623,5.679999828338623,hourly,10,False,0.5,1.02,5.1096,0.1004,0.1116,True,True,0.1669,0.1004,3.9425,0.3059,0.4407,True
2879,bj920748,2025-10-23,42.15999984741211,45.47999954223633,daily,25,False,0.5,1.02,42.103,0.0014,0.0014,True,False,0.0014,0.0778,47.84,0.1347,-0.1187,False
2880,sz301231,2025-10-23,31.590000152587887,38.0,hourly,10,False,0.5,1.02,30.1123,0.0468,0.0491,True,False,0.1786,0.0468,23.279,0.2631,0.357,True
2881,sh605255,2025-10-23,80.73000335693361,94.05999755859376,hourly,30,True,1.0,0.95,80.7175,0.0002,0.0002,True,False,0.0041,0.0002,44.3815,0.4502,0.819,True
2882,sz002278,2025-10-23,10.779999732971193,13.600000381469728,hourly,25,False,1.5,1.02,10.7878,0.0007,-0.0007,False,False,0.0128,0.0007,9.3959,0.1284,0.1473,True
2883,sh688577,2025-10-23,105.0,128.97999572753906,daily,15,True,0.5,1.0,105.0699,0.0007,-0.0007,False,False,0.0007,0.1712,91.5702,0.1279,0.1467,True
2884,sz301158,2025-10-23,20.809999465942383,27.5,daily,10,False,0.5,1.0,20.9447,0.0065,-0.0064,False,False,0.0065,0.0231,17.7567,0.1467,0.172,True
2885,sz002748,2025-10-23,11.079999923706055,14.449999809265137,hourly,25,False,0.5,1.0,11.0739,0.0005,0.0005,True,False,0.0589,0.0005,9.1072,0.1781,0.2166,True
2886,bj920651,2025-10-23,38.16999816894531,41.79999923706055,hourly,30,False,0.5,1.0,38.1606,0.0002,0.0002,True,False,0.038,0.0002,32.368,0.152,0.1793,True
2887,sz000852,2025-10-23,6.869999885559081,9.149999618530272,daily,20,False,0.5,1.0,6.8726,0.0004,-0.0004,False,False,0.0004,0.0009,6.4723,0.0579,0.0614,True
2888,sh600403,2025-10-23,7.650000095367431,9.949999809265137,hourly,10,True,0.5,1.0,7.6303,0.0026,0.0026,True,False,0.1531,0.0026,3.8942,0.491,0.9645,True
2889,bj920152,2025-10-23,22.79999923706055,24.88999938964844,hourly,10,False,1.0,1.02,22.8265,0.0012,-0.0012,False,False,0.0509,0.0012,19.9665,0.1243,0.1419,True
2890,bj920834,2025-10-23,15.310000419616701,16.3799991607666,hourly,10,False,0.5,1.02,15.3114,0.0001,-0.0001,False,False,0.0038,0.0001,14.088,0.0798,0.0867,True
2891,bj920694,2025-10-23,19.200000762939457,22.51000022888184,daily,10,True,0.5,1.0,19.1846,0.0008,0.0008,True,False,0.0008,0.0014,19.4741,0.0143,-0.0141,False
2892,sz300948,2025-10-23,16.500000000000004,19.209999084472656,daily,15,False,0.5,1.02,16.4064,0.0057,0.0057,True,False,0.0057,0.0097,12.3947,0.2488,0.3312,True
2893,sh603903,2025-10-23,13.399999618530275,16.700000762939453,hourly,15,True,1.5,0.95,13.4042,0.0003,-0.0003,False,False,0.0054,0.0003,10.1232,0.2445,0.3237,True
2894,bj920896,2025-10-23,21.100000381469727,23.700000762939453,hourly,10,True,0.5,0.95,21.0986,0.0001,0.0001,True,False,0.0004,0.0001,19.8482,0.0593,0.0631,True
2895,sz301377,2025-10-23,89.00000000000001,92.5199966430664,hourly,10,False,0.5,1.02,81.2144,0.0875,0.0959,True,False,0.191,0.0875,63.2936,0.2888,0.4061,True
2896,bj920225,2025-10-24,31.200000762939457,34.130001068115234,hourly,10,False,0.5,1.02,30.2031,0.032,0.033,True,False,0.1308,0.032,22.1785,0.2892,0.4068,True
2897,sz000609,2025-10-24,5.960000038146973,5.960000038146973,hourly,10,False,0.5,1.02,5.3684,0.0993,0.1102,True,True,0.1736,0.0993,3.9765,0.3328,0.4988,True
2898,bj920284,2025-10-24,37.709999084472656,38.79999923706055,hourly,25,True,0.5,1.0,37.7318,0.0006,-0.0006,False,False,0.08,0.0006,26.6906,0.2922,0.4129,True
2899,sh605255,2025-10-24,80.7300033569336,90.61000061035156,daily,10,False,1.0,1.02,80.7752,0.0006,-0.0006,False,False,0.0006,0.0036,46.0686,0.4293,0.7524,True
2900,sz002748,2025-10-24,11.079999923706055,16.110000610351562,hourly,15,True,1.0,0.98,11.0682,0.0011,0.0011,True,False,0.0078,0.0011,9.1489,0.1743,0.2111,True
2901,bj920651,2025-10-24,38.16999816894531,46.0,hourly,10,True,0.5,0.98,38.1778,0.0002,-0.0002,False,False,0.0323,0.0002,32.4361,0.1502,0.1768,True
2902,sz002278,2025-10-24,10.779999732971191,13.0,daily,10,False,1.0,1.02,10.7855,0.0005,-0.0005,False,False,0.0005,0.0006,9.4343,0.1248,0.1426,True
2903,sz301377,2025-10-24,98.01000213623048,98.4000015258789,hourly,10,False,0.5,1.02,87.8061,0.1041,0.1162,True,False,0.2436,0.1041,63.5592,0.3515,0.542,True
2904,sz300475,2025-10-24,118.87999725341798,131.0,hourly,10,False,0.5,1.02,102.7128,0.136,0.1574,True,False,0.2179,0.136,60.2457,0.4932,0.9733,True
2905,bj920642,2025-10-24,14.439999580383299,15.899999618530272,hourly,15,True,0.5,0.98,14.4385,0.0001,0.0001,True,False,0.0007,0.0001,15.6023,0.0805,-0.0745,False
2906,sz301231,2025-10-24,31.59000015258789,37.63999938964844,hourly,15,False,1.5,1.0,31.5938,0.0001,-0.0001,False,False,0.1338,0.0001,23.3395,0.2612,0.3535,True
2907,sh688249,2025-10-24,27.51000022888183,37.09999847412109,daily,30,False,0.5,0.95,27.5852,0.0027,-0.0027,False,False,0.0027,0.1369,24.9497,0.0931,0.1026,True
2908,sh600403,2025-10-24,7.6500000953674325,9.010000228881836,hourly,30,False,1.5,1.0,7.6428,0.0009,0.0009,True,False,0.1129,0.0009,3.9862,0.4789,0.9191,True
2909,sh603389,2025-10-24,41.20000076293945,45.880001068115234,hourly,20,False,0.5,1.0,41.1673,0.0008,0.0008,True,False,0.0438,0.0008,27.9065,0.3227,0.4764,True
2910,sz300520,2025-10-24,33.2599983215332,33.2599983215332,hourly,10,True,0.5,1.02,27.5209,0.1726,0.2085,True,False,0.1834,0.1726,23.9555,0.2797,0.3884,True
2911,sh688228,2025-10-24,142.10000610351562,204.5,daily,15,False,1.5,0.95,142.1193,0.0001,-0.0001,False,False,0.0001,0.1312,129.7091,0.0872,0.0955,True
2912,sz300308,2025-10-24,436.9599914550781,503.9800109863281,hourly,10,False,0.5,1.02,437.0063,0.0001,-0.0001,False,False,0.097,0.0001,320.9235,0.2656,0.3616,True
2913,sz301488,2025-10-24,124.18000030517577,155.0,daily,20,True,1.5,0.95,124.354,0.0014,-0.0014,False,False,0.0014,0.0892,128.0996,0.0316,-0.0306,False
2914,bj920748,2025-10-27,45.0,45.5,daily,20,True,0.5,0.98,44.8717,0.0029,0.0029,True,False,0.0029,0.0631,46.5344,0.0341,-0.033,False
2915,sz001231,2025-10-27,21.370000839233402,29.790000915527344,hourly,10,True,1.0,1.0,21.3777,0.0004,-0.0004,False,False,0.0288,0.0004,19.6684,0.0796,0.0865,True
2916,bj920284,2025-10-27,39.229999542236335,40.02999877929688,hourly,25,True,0.5,1.02,38.179,0.0268,0.0275,True,False,0.1059,0.0268,26.9256,0.3136,0.457,True
2917,sz301377,2025-10-27,98.9000015258789,108.79000091552734,hourly,10,False,0.5,1.02,92.36,0.0661,0.0708,True,False,0.2187,0.0661,63.8899,0.354,0.548,True
2918,bj920396,2025-10-27,29.200000762939453,35.88999938964844,daily,30,True,1.5,0.98,29.2074,0.0003,-0.0003,False,False,0.0003,0.0135,30.3347,0.0389,-0.0374,False
2919,sh688166,2025-10-27,48.33000183105469,55.02000045776367,hourly,10,True,1.5,0.95,48.4801,0.0031,-0.0031,False,False,0.008,0.0031,70.6214,0.4612,-0.3156,False
2920,sz002748,2025-10-27,11.079999923706055,16.979999542236328,hourly,25,True,1.5,1.0,11.0951,0.0014,-0.0014,False,False,0.0046,0.0014,9.1973,0.1699,0.2047,True
2921,bj920765,2025-10-27,24.01000022888184,27.520000457763672,hourly,10,False,0.5,1.02,22.0746,0.0806,0.0877,True,False,0.1171,0.0806,18.5373,0.2279,0.2952,True
2922,sz003033,2025-10-27,59.50999832153321,78.73999786376953,daily,30,False,0.5,1.02,59.5141,0.0001,-0.0001,False,False,0.0001,0.0382,50.7707,0.1469,0.1721,True
2923,sz300948,2025-10-27,16.5,20.200000762939453,daily,15,False,0.5,1.0,16.4898,0.0006,0.0006,True,False,0.0006,0.0101,12.7194,0.2291,0.2972,True
2924,sh600629,2025-10-27,19.649999618530277,25.770000457763672,daily,25,True,0.5,1.0,19.7257,0.0039,-0.0038,False,False,0.0039,0.528,18.866,0.0399,0.0416,True
2925,sz300475,2025-10-27,118.87999725341797,125.0999984741211,hourly,10,False,0.5,1.02,116.2622,0.022,0.0225,True,False,0.1832,0.022,61.5746,0.482,0.9307,True
2926,sh603192,2025-10-27,22.3799991607666,35.25,daily,15,False,1.0,0.95,22.3604,0.0009,0.0009,True,False,0.0009,0.0383,21.6374,0.0332,0.0343,True
2927,sh605188,2025-10-27,20.68000030517578,23.75,hourly,20,False,0.5,1.02,20.6474,0.0016,0.0016,True,False,0.0985,0.0016,14.848,0.282,0.3928,True
2929,sz301358,2025-10-27,60.58000183105468,62.18999862670898,hourly,10,False,0.5,1.02,54.7738,0.0958,0.106,True,False,0.1294,0.0958,40.3596,0.3338,0.501,True
2930,sh688766,2025-10-27,120.0,139.0,hourly,25,False,1.0,1.02,120.0855,0.0007,-0.0007,False,False,0.0477,0.0007,84.6848,0.2943,0.417,True
2931,bj920748,2025-10-28,47.04999923706055,59.77000045776367,daily,25,True,0.5,0.98,46.8784,0.0036,0.0037,True,False,0.0036,0.0699,45.8971,0.0245,0.0251,True
2932,sz000609,2025-10-28,6.570000171661377,6.570000171661377,hourly,10,False,0.5,1.02,5.9173,0.0993,0.1103,True,True,0.1838,0.0993,4.0651,0.3813,0.6162,True
2933,bj920445,2025-10-28,11.069999694824219,13.5,daily,30,True,0.5,1.0,11.0716,0.0001,-0.0001,False,False,0.0001,0.0003,10.7356,0.0302,0.0312,True
2934,sz000620,2025-10-28,2.4100000858306885,3.25,hourly,15,True,0.5,1.02,2.4089,0.0005,0.0005,True,True,0.0075,0.0005,1.6478,0.3163,0.4625,True
2935,sz300163,2025-10-28,4.230000019073486,4.889999866485596,hourly,10,False,0.5,1.02,3.9045,0.077,0.0834,True,False,0.1536,0.077,3.3235,0.2143,0.2728,True
2936,sh603378,2025-10-28,6.730000019073486,7.840000152587891,hourly,20,False,1.5,1.0,6.7331,0.0005,-0.0005,False,False,0.0356,0.0005,5.632,0.1631,0.195,True
2937,sz003033,2025-10-28,59.5099983215332,85.83999633789062,daily,20,False,0.5,0.95,59.5306,0.0003,-0.0003,False,False,0.0003,0.0507,51.374,0.1367,0.1584,True
2938,sz300619,2025-10-28,40.220001220703125,44.79999923706055,hourly,10,False,0.5,1.02,38.8338,0.0345,0.0357,True,False,0.0916,0.0345,30.6009,0.2392,0.3143,True
2939,sz300128,2025-10-28,6.46999979019165,8.449999809265137,hourly,25,False,1.0,1.02,6.4712,0.0002,-0.0002,False,False,0.0496,0.0002,5.3931,0.1664,0.1997,True
2940,sz301097,2025-10-28,53.880001068115234,56.5,daily,10,False,0.5,1.02,45.6196,0.1533,0.1811,True,False,0.1533,0.3218,41.9238,0.2219,0.2852,True
2941,sz000969,2025-10-28,17.02000045776367,23.71999931335449,daily,10,False,1.5,1.02,16.9918,0.0017,0.0017,True,False,0.0017,0.0063,14.1241,0.1701,0.205,True
2942,sz301377,2025-10-28,98.90000152587892,120.0,hourly,10,False,1.0,1.02,99.3999,0.0051,-0.005,False,False,0.1686,0.0051,64.3688,0.3492,0.5365,True
2943,bj920706,2025-10-28,22.899999618530277,27.399999618530277,hourly,10,False,1.5,0.98,22.9041,0.0002,-0.0002,False,False,0.0007,0.0002,22.1738,0.0317,0.0327,True
2944,bj920357,2025-10-28,24.200000762939453,29.65999984741211,daily,25,True,1.5,1.0,24.1965,0.0001,0.0001,True,False,0.0001,0.097,24.832,0.0261,-0.0255,False
2945,sh605188,2025-10-28,20.680000305175785,24.149999618530277,hourly,10,True,1.0,1.0,20.6744,0.0003,0.0003,True,False,0.0714,0.0003,14.9679,0.2762,0.3816,True
2946,sh603192,2025-10-28,22.3799991607666,35.540000915527344,daily,20,False,1.5,0.98,22.3724,0.0003,0.0003,True,False,0.0003,0.072,21.7765,0.027,0.0277,True
2947,bj920748,2025-10-29,47.049999237060554,62.79999923706055,hourly,20,False,0.5,1.02,46.9337,0.0025,0.0025,True,False,0.0038,0.0025,45.2778,0.0377,0.0391,True
2948,sz000620,2025-10-29,2.410000085830689,3.0999999046325684,hourly,20,True,0.5,1.0,2.4114,0.0006,-0.0006,False,False,0.0028,0.0006,1.6746,0.3052,0.4392,True
2949,bj920284,2025-10-29,39.70000076293945,48.0099983215332,hourly,10,False,0.5,1.02,39.8281,0.0032,-0.0032,False,False,0.0879,0.0032,27.4465,0.3087,0.4465,True
2950,bj920225,2025-10-29,32.4900016784668,41.13999938964844,hourly,10,False,0.5,1.02,32.4964,0.0002,-0.0002,False,False,0.136,0.0002,22.5829,0.3049,0.4387,True
2951,bj920396,2025-10-29,29.200000762939453,38.13999938964844,daily,30,False,1.0,0.98,29.2012,0.0,-0.0,False,False,0.0,0.0284,30.2194,0.0349,-0.0337,False
2952,bj920651,2025-10-29,38.16999816894531,52.09999847412109,hourly,20,True,1.5,1.0,38.1846,0.0004,-0.0004,False,False,0.0069,0.0004,32.7784,0.1413,0.1645,True
2953,bj920839,2025-10-29,40.0,48.959999084472656,daily,20,False,1.0,0.98,39.9946,0.0001,0.0001,True,False,0.0001,0.071,37.7711,0.0557,0.059,True
2954,bj920445,2025-10-29,11.029999732971195,13.100000381469728,daily,20,False,0.5,1.0,11.0317,0.0002,-0.0002,False,False,0.0002,0.0004,10.7158,0.0285,0.0293,True
2955,bj920553,2025-10-29,10.06999969482422,13.109999656677246,daily,15,False,1.0,0.95,10.0579,0.0012,0.0012,True,False,0.0012,0.0235,10.4209,0.0348,-0.0337,False
2956,sh600629,2025-10-29,19.649999618530277,24.06999969482422,daily,20,True,1.5,0.95,19.7002,0.0026,-0.0025,False,False,0.0026,0.225,19.7115,0.0031,-0.0031,False
2957,sh605255,2025-10-29,83.36000061035156,90.0,hourly,25,False,1.5,0.98,83.3757,0.0002,-0.0002,False,False,0.0048,0.0002,50.7801,0.3908,0.6416,True
2958,sz301377,2025-10-29,98.9000015258789,125.0,hourly,20,False,1.0,1.02,98.9127,0.0001,-0.0001,False,False,0.1113,0.0001,65.012,0.3426,0.5213,True
2959,bj920765,2025-10-29,23.989999771118164,28.0,hourly,10,False,0.5,0.98,23.9015,0.0037,0.0037,True,False,0.0729,0.0037,18.7134,0.2199,0.282,True
2960,bj920357,2025-10-29,24.200000762939457,30.700000762939453,daily,25,True,1.5,1.0,24.203,0.0001,-0.0001,False,False,0.0001,0.0782,24.8506,0.0269,-0.0262,False
2961,bj920509,2025-10-29,34.81999969482422,42.02000045776367,hourly,30,False,1.0,0.95,34.8158,0.0001,0.0001,True,False,0.0021,0.0001,29.1234,0.1636,0.1956,True
2962,sh603011,2025-10-29,19.219999313354496,25.5,daily,20,False,1.0,0.95,19.2238,0.0002,-0.0002,False,False,0.0002,0.1081,17.6592,0.0812,0.0884,True
2963,sz300260,2025-10-29,51.119998931884766,63.95000076293945,daily,25,False,0.5,1.02,51.2316,0.0022,-0.0022,False,False,0.0022,0.0401,41.4057,0.19,0.2346,True
2964,bj920706,2025-10-29,22.899999618530273,26.57999992370605,hourly,10,True,1.5,0.98,22.9207,0.0009,-0.0009,False,False,0.0015,0.0009,22.1348,0.0334,0.0346,True
2965,bj920748,2025-10-30,47.04999923706055,58.0,hourly,10,True,1.0,1.0,47.0616,0.0002,-0.0002,False,False,0.0029,0.0002,44.7831,0.0482,0.0506,True
2966,bj920640,2025-10-30,31.43000030517578,38.0,hourly,10,False,0.5,1.02,30.2279,0.0382,0.0398,True,False,0.1178,0.0382,26.3755,0.1608,0.1916,True
2967,bj920225,2025-10-30,31.30999946594238,37.34999847412109,hourly,25,False,0.5,0.98,31.3083,0.0001,0.0001,True,False,0.0665,0.0001,22.7301,0.274,0.3775,True
2968,bj920725,2025-10-30,32.95999908447266,36.04999923706055,hourly,25,True,1.0,1.0,32.922,0.0012,0.0012,True,False,0.0387,0.0012,26.7977,0.187,0.23,True
2969,sz300438,2025-10-30,46.86000061035157,49.02999877929688,hourly,10,False,0.5,1.02,38.9038,0.1698,0.2045,True,False,0.2129,0.1698,30.728,0.3443,0.525,True
2970,bj920641,2025-10-30,18.170000076293945,20.59000015258789,daily,25,True,1.5,1.02,18.1793,0.0005,-0.0005,False,False,0.0005,0.001,18.5087,0.0186,-0.0183,False
2971,sz301377,2025-10-30,98.90000152587892,134.07000732421875,hourly,30,False,1.0,1.0,98.9041,0.0,-0.0,False,False,0.0574,0.0,65.8103,0.3346,0.5028,True
2972,bj920971,2025-10-30,29.450000762939446,37.43999862670898,daily,15,False,1.5,0.95,29.5007,0.0017,-0.0017,False,False,0.0017,0.0051,35.1272,0.1928,-0.1616,False
2973,sz300959,2025-10-30,97.05000305175781,106.22000122070312,hourly,10,True,1.5,0.98,97.1039,0.0006,-0.0006,False,False,0.0395,0.0006,60.7144,0.3744,0.5985,True
2974,sh603232,2025-10-30,21.78000068664551,24.40999984741211,hourly,10,False,0.5,1.0,21.7042,0.0035,0.0035,True,False,0.1741,0.0035,14.8666,0.3174,0.465,True
2975,sh603378,2025-10-30,6.730000019073486,10.010000228881836,daily,15,False,0.5,1.02,6.7204,0.0014,0.0014,True,False,0.0014,0.0031,5.6874,0.1549,0.1833,True
2977,sz000657,2025-10-30,20.94000053405762,26.01000022888184,hourly,30,False,0.5,1.0,20.9333,0.0003,0.0003,True,False,0.0226,0.0003,16.9807,0.1891,0.2332,True
2978,sz300745,2025-10-30,25.60000038146973,29.280000686645508,hourly,10,False,0.5,1.02,24.7337,0.0338,0.035,True,False,0.0962,0.0338,20.7594,0.1891,0.2332,True
2979,bj920505,2025-10-30,46.5,55.18000030517578,daily,20,False,1.5,1.0,46.4586,0.0009,0.0009,True,False,0.0009,0.0167,52.2905,0.1245,-0.1107,False
2980,bj920445,2025-10-30,11.029999732971191,13.350000381469728,hourly,30,True,0.5,0.95,11.0253,0.0004,0.0004,True,False,0.003,0.0004,10.7058,0.0294,0.0303,True
2981,sz000592,2025-10-30,6.349999904632568,6.550000190734863,hourly,10,False,0.5,1.02,5.8482,0.079,0.0858,True,False,0.2487,0.079,3.3237,0.4766,0.9105,True
2982,bj920748,2025-10-31,47.04999923706055,60.150001525878906,hourly,20,False,1.5,0.98,46.9183,0.0028,0.0028,True,False,0.0049,0.0028,44.365,0.0571,0.0605,True
2983,bj920640,2025-10-31,31.430000305175785,39.5,hourly,10,True,0.5,1.0,31.3915,0.0012,0.0012,True,False,0.0748,0.0012,26.3695,0.161,0.1919,True
2984,sz002047,2025-10-31,3.2300000190734863,3.2300000190734863,hourly,10,False,0.5,1.02,2.9077,0.0998,0.1108,True,True,0.175,0.0998,2.2209,0.3124,0.4544,True
2985,sz300438,2025-10-31,46.86000061035157,49.61000061035156,hourly,10,False,0.5,1.02,45.2449,0.0345,0.0357,True,False,0.1706,0.0345,30.9778,0.3389,0.5127,True
2986,sz300300,2025-10-31,9.720000267028807,10.149999618530272,hourly,10,False,0.5,1.02,8.5334,0.1221,0.1391,True,False,0.3015,0.1221,4.9279,0.493,0.9724,True
2987,bj920953,2025-10-31,34.70000076293945,45.09999847412109,hourly,10,True,1.5,0.95,34.7136,0.0004,-0.0004,False,False,0.0005,0.0004,34.6513,0.0014,0.0014,True
2988,sh600302,2025-10-31,9.250000000000002,9.5,hourly,10,False,0.5,1.02,8.647,0.0652,0.0697,True,False,0.1829,0.0652,6.5772,0.2889,0.4064,True
2989,sh605178,2025-10-31,57.229999542236335,66.0,hourly,10,False,1.5,0.95,57.288,0.001,-0.001,False,False,0.1298,0.001,26.6531,0.5343,1.1472,True
2990,bj920834,2025-10-31,16.100000381469727,17.219999313354492,hourly,15,False,0.5,1.02,16.0396,0.0038,0.0038,True,False,0.0375,0.0038,14.2511,0.1148,0.1297,True
2991,sh605255,2025-10-31,83.36000061035158,95.6999969482422,hourly,30,False,1.0,0.98,83.3657,0.0001,-0.0001,False,False,0.006,0.0001,53.6153,0.3568,0.5548,True
2992,bj920445,2025-10-31,11.029999732971193,13.949999809265137,daily,25,False,0.5,0.98,11.0253,0.0004,0.0004,True,False,0.0004,0.0022,10.7045,0.0295,0.0304,True
2993,sz001203,2025-10-31,18.309999465942383,20.09000015258789,hourly,10,False,0.5,1.02,17.1418,0.0638,0.0682,True,False,0.1658,0.0638,11.861,0.3522,0.5437,True
2994,bj920152,2025-10-31,24.899999618530273,25.0,hourly,15,True,0.5,1.02,23.6797,0.049,0.0515,True,False,0.1015,0.049,20.2513,0.1867,0.2296,True
2995,sz301377,2025-10-31,98.77999877929688,117.0,hourly,20,True,1.0,1.0,98.7423,0.0004,0.0004,True,False,0.0134,0.0004,66.7376,0.3244,0.4801,True
2996,bj920906,2025-10-31,25.739999771118164,32.77000045776367,daily,20,False,1.5,0.98,25.7359,0.0002,0.0002,True,False,0.0002,0.0393,26.7828,0.0405,-0.0389,False
2997,bj920670,2025-10-31,15.40999984741211,17.420000076293945,hourly,25,False,1.5,1.02,15.4042,0.0004,0.0004,True,False,0.0132,0.0004,14.3901,0.0662,0.0709,True
2998,sz002047,2025-11-03,3.390000104904175,3.390000104904175,hourly,10,False,0.5,1.02,3.0558,0.0986,0.1094,True,True,0.1802,0.0986,2.2392,0.3395,0.514,True
2999,bj920152,2025-11-03,26.209999084472656,28.350000381469727,hourly,10,False,0.5,1.02,24.9158,0.0494,0.0519,True,False,0.1392,0.0494,20.2885,0.2259,0.2919,True
3000,bj920640,2025-11-03,31.43000030517578,37.68000030517578,hourly,10,True,1.5,0.98,31.4489,0.0006,-0.0006,False,False,0.0295,0.0006,26.4081,0.1598,0.1902,True
3001,sz300438,2025-11-03,46.86000061035156,51.20000076293945,hourly,10,False,1.0,1.0,46.8902,0.0006,-0.0006,False,False,0.1344,0.0006,31.2783,0.3325,0.4982,True
3002,bj920953,2025-11-03,34.70000076293946,43.119998931884766,hourly,30,True,1.0,0.95,34.696,0.0001,0.0001,True,False,0.0003,0.0001,34.6194,0.0023,0.0023,True
3003,sh600735,2025-11-03,5.46999979019165,8.069999694824219,daily,10,True,0.5,1.0,5.4717,0.0003,-0.0003,False,False,0.0003,0.0012,5.5896,0.0219,-0.0214,False
3004,sh600302,2025-11-03,9.300000190734863,9.890000343322754,hourly,10,False,0.5,1.02,9.0208,0.03,0.0309,True,False,0.1626,0.03,6.6032,0.29,0.4084,True
3005,bj920396,2025-11-03,28.989999771118164,36.0,daily,20,True,1.5,1.02,28.9624,0.001,0.001,True,False,0.001,0.0726,30.2075,0.042,-0.0403,False
3006,sz300390,2025-11-03,32.099998474121094,34.08000183105469,hourly,10,False,0.5,1.02,29.7342,0.0737,0.0796,True,False,0.183,0.0737,21.7574,0.3222,0.4754,True
3007,sz001203,2025-11-03,18.309999465942383,20.15999984741211,hourly,10,False,1.0,1.0,18.3203,0.0006,-0.0006,False,False,0.1317,0.0006,11.9895,0.3452,0.5272,True
3008,bj920195,2025-11-03,19.19000053405762,22.899999618530277,hourly,25,True,1.0,1.0,19.1913,0.0001,-0.0001,False,False,0.0038,0.0001,18.1175,0.0559,0.0592,True
3009,sh688095,2025-11-03,88.5999984741211,109.0,hourly,15,False,0.5,0.98,88.5377,0.0007,0.0007,True,False,0.1014,0.0007,71.0175,0.1984,0.2476,True
3010,sh688336,2025-11-03,62.2599983215332,75.0199966430664,hourly,25,False,1.0,1.02,62.2687,0.0001,-0.0001,False,False,0.0518,0.0001,50.2612,0.1927,0.2387,True
3011,bj920284,2025-11-03,39.70000076293946,43.970001220703125,hourly,15,False,1.5,1.0,39.744,0.0011,-0.0011,False,False,0.0393,0.0011,28.3329,0.2863,0.4012,True
3012,bj920304,2025-11-03,13.38000011444092,16.010000228881836,daily,20,True,0.5,1.02,13.3882,0.0006,-0.0006,False,False,0.0006,0.0184,13.0776,0.0226,0.0231,True
3013,sz002370,2025-11-03,7.260000228881836,8.800000190734863,hourly,20,True,0.5,1.02,7.2629,0.0004,-0.0004,False,False,0.0177,0.0004,6.0494,0.1667,0.2001,True
3014,sh688472,2025-11-03,15.630000114440918,18.030000686645508,hourly,10,False,0.5,1.02,15.4599,0.0109,0.011,True,False,0.143,0.0109,11.0592,0.2924,0.4133,True
3015,bj920748,2025-11-04,47.04999923706055,60.150001525878906,daily,25,True,0.5,1.02,47.0793,0.0006,-0.0006,False,False,0.0006,0.0012,43.7206,0.0708,0.0762,True
3016,bj920640,2025-11-04,31.43000030517578,38.25,hourly,25,False,1.5,0.95,31.4219,0.0003,0.0003,True,False,0.0008,0.0003,26.4777,0.1576,0.187,True
3017,sh600302,2025-11-04,9.300000190734863,10.880000114440918,hourly,10,False,1.0,1.0,9.2567,0.0047,0.0047,True,False,0.1297,0.0047,6.6376,0.2863,0.4011,True
3018,sz300402,2025-11-04,20.309999465942383,26.0,hourly,15,False,1.5,1.02,20.3237,0.0007,-0.0007,False,False,0.029,0.0007,17.7493,0.1261,0.1443,True
3019,sh688183,2025-11-04,80.5199966430664,103.16000366210938,daily,10,True,0.5,0.95,80.4451,0.0009,0.0009,True,False,0.0009,0.0577,71.6731,0.1099,0.1234,True
3020,sh600735,2025-11-04,5.349999904632568,7.389999866485596,daily,30,True,1.5,0.95,5.3551,0.0009,-0.0009,False,False,0.0009,0.0671,5.5972,0.0462,-0.0442,False
3021,bj920304,2025-11-04,12.989999771118164,14.5600004196167,daily,25,True,0.5,0.98,13.0009,0.0008,-0.0008,False,False,0.0008,0.0014,13.0431,0.0041,-0.0041,False
3022,bj920953,2025-11-04,34.209999084472656,42.630001068115234,daily,10,True,1.0,1.0,34.1964,0.0004,0.0004,True,False,0.0004,0.011,34.6161,0.0119,-0.0117,False
3023,bj920971,2025-11-04,28.829999923706055,39.0,daily,10,False,1.5,0.95,28.9472,0.0041,-0.004,False,False,0.0041,0.0876,34.744,0.2051,-0.1702,False
3024,sh688095,2025-11-04,85.80000305175781,107.73999786376952,hourly,15,True,0.5,0.98,85.8645,0.0008,-0.0008,False,False,0.0195,0.0008,71.2329,0.1698,0.2045,True
3025,sz300300,2025-11-04,10.020000457763674,12.100000381469728,hourly,10,False,0.5,1.02,9.9734,0.0046,0.0047,True,False,0.2573,0.0046,5.0397,0.497,0.9882,True
3026,sh688472,2025-11-04,15.199999809265137,16.829999923706055,hourly,10,True,0.5,1.0,15.1973,0.0002,0.0002,True,False,0.0768,0.0002,11.1442,0.2668,0.3639,True
3027,bj920670,2025-11-04,14.829999923706056,18.100000381469727,hourly,25,True,0.5,0.95,14.8492,0.0013,-0.0013,False,False,0.0022,0.0013,14.3198,0.0344,0.0356,True
3028,sz301231,2025-11-04,30.14999961853028,37.77000045776367,hourly,30,True,1.5,0.95,30.1623,0.0004,-0.0004,False,False,0.0035,0.0004,24.5118,0.187,0.23,True
3029,sz002181,2025-11-04,8.869999885559082,12.630000114440918,daily,10,True,0.5,1.02,8.8802,0.0011,-0.0011,False,False,0.0011,0.0046,7.6176,0.1412,0.1644,True
3030,bj920706,2025-11-04,22.899999618530273,26.200000762939453,hourly,20,True,1.5,0.95,22.8937,0.0003,0.0003,True,False,0.0005,0.0003,22.0993,0.035,0.0362,True
3031,bj920445,2025-11-04,11.000000000000002,12.75,daily,20,False,1.0,1.02,11.0047,0.0004,-0.0004,False,False,0.0004,0.0015,10.7121,0.0262,0.0269,True
3032,sz300402,2025-11-05,20.200000762939453,26.309999465942383,hourly,10,True,1.5,0.95,20.1908,0.0005,0.0005,True,False,0.0034,0.0005,17.8148,0.1181,0.1339,True
3033,bj920640,2025-11-05,31.43000030517578,37.470001220703125,hourly,20,True,1.5,0.98,31.4367,0.0002,-0.0002,False,False,0.0052,0.0002,26.5774,0.1544,0.1826,True
3034,sz000736,2025-11-05,5.53000020980835,6.809999942779541,daily,15,False,0.5,1.02,5.5285,0.0003,0.0003,True,True,0.0003,0.0009,4.83,0.1266,0.1449,True
3035,sh600302,2025-11-05,9.300000190734865,12.3100004196167,hourly,25,False,1.0,1.02,9.3023,0.0002,-0.0002,False,False,0.0849,0.0002,6.684,0.2813,0.3914,True
3036,sz300111,2025-11-05,6.940000057220459,8.899999618530273,daily,10,True,1.0,0.95,6.9472,0.001,-0.001,False,False,0.001,0.1192,5.7486,0.1717,0.2073,True
3037,sh688472,2025-11-05,15.199999809265135,20.989999771118164,hourly,10,True,0.5,0.95,15.1864,0.0009,0.0009,True,False,0.0711,0.0009,11.221,0.2618,0.3546,True
3038,sz300438,2025-11-05,46.86000061035157,53.25,hourly,15,True,0.5,1.02,46.8368,0.0005,0.0005,True,False,0.0959,0.0005,31.9553,0.3181,0.4664,True
3039,sz300475,2025-11-05,120.87999725341797,154.0,hourly,15,True,1.5,1.0,120.8603,0.0002,0.0002,True,False,0.0258,0.0002,72.6567,0.3989,0.6637,True
3040,sh605255,2025-11-05,86.73999786376955,96.13999938964844,hourly,10,True,0.5,1.02,86.701,0.0004,0.0004,True,False,0.0291,0.0004,57.3612,0.3387,0.5122,True
3041,sz000592,2025-11-05,8.050000190734865,9.600000381469728,hourly,10,False,1.5,1.02,8.0788,0.0036,-0.0036,False,False,0.2063,0.0036,3.6253,0.5497,1.2205,True
3042,bj920223,2025-11-05,20.360000610351562,25.68000030517578,hourly,10,True,1.5,1.0,20.3759,0.0008,-0.0008,False,False,0.0451,0.0008,16.3255,0.1982,0.2471,True
3043,sz002181,2025-11-05,8.8100004196167,12.8100004196167,daily,10,True,1.0,1.02,8.8312,0.0024,-0.0024,False,False,0.0024,0.0126,7.6979,0.1262,0.1445,True
3044,sh600403,2025-11-05,7.650000095367432,8.350000381469727,hourly,10,True,0.5,0.95,7.6675,0.0023,-0.0023,False,False,0.0146,0.0023,4.8492,0.3661,0.5776,True
3045,bj920971,2025-11-05,28.790000915527347,38.29999923706055,daily,10,False,1.5,0.95,29.5991,0.0281,-0.0273,False,False,0.0281,0.1028,34.6435,0.2033,-0.169,False
3046,sz002047,2025-11-06,3.3900001049041752,3.799999952316284,hourly,15,False,1.5,1.0,3.3902,0.0,-0.0,False,True,0.0629,0.0,2.3197,0.3157,0.4614,True
3047,sz000736,2025-11-06,5.5300002098083505,7.150000095367432,daily,10,False,0.5,0.95,5.5333,0.0006,-0.0006,False,True,0.0006,0.0006,4.8654,0.1202,0.1366,True
3048,sh600302,2025-11-06,9.300000190734865,10.329999923706056,hourly,15,True,1.0,0.98,9.278,0.0024,0.0024,True,False,0.0498,0.0024,6.7384,0.2754,0.3802,True
3049,sh688353,2025-11-06,66.94999694824219,66.98999786376953,hourly,10,False,0.5,1.02,51.0246,0.2379,0.3121,True,False,0.3219,0.2379,38.0822,0.4312,0.758,True
3050,sh688691,2025-11-06,99.0,118.0999984741211,daily,25,False,1.5,1.02,99.0914,0.0009,-0.0009,False,False,0.0009,0.0582,89.8342,0.0926,0.102,True
3051,sz000993,2025-11-06,11.350000381469727,14.75,hourly,10,False,0.5,0.95,11.3595,0.0008,-0.0008,False,False,0.011,0.0008,9.9951,0.1194,0.1356,True
3052,sz002591,2025-11-06,6.550000190734863,8.0,hourly,15,False,0.5,0.95,6.5542,0.0006,-0.0006,False,False,0.002,0.0006,5.7705,0.119,0.1351,True
3053,sh688228,2025-11-06,142.10000610351562,170.0,daily,25,False,1.5,0.95,142.6864,0.0041,-0.0041,False,False,0.0041,0.0747,144.1363,0.0143,-0.0141,False
3054,sz300062,2025-11-06,8.130000114440918,10.010000228881836,hourly,10,False,1.5,1.0,8.1047,0.0031,0.0031,True,False,0.1549,0.0031,5.4846,0.3254,0.4823,True
3055,sh688472,2025-11-06,15.19999980926514,21.670000076293945,hourly,10,True,1.5,0.95,15.227,0.0018,-0.0018,False,False,0.0031,0.0018,11.3279,0.2547,0.3418,True
3056,sh603122,2025-11-06,13.0,14.140000343322754,hourly,10,False,0.5,1.02,12.6122,0.0298,0.0308,True,False,0.2283,0.0298,6.7114,0.4837,0.937,True
3057,sh600550,2025-11-06,9.060000419616701,10.979999542236328,hourly,30,False,0.5,1.02,9.06,0.0,-0.0,False,False,0.0089,0.0,8.1576,0.0996,0.1106,True
3058,sh605060,2025-11-06,33.2599983215332,39.72999954223633,hourly,15,False,1.0,1.02,33.3064,0.0014,-0.0014,False,False,0.0864,0.0014,25.4006,0.2363,0.3094,True
3059,sz001309,2025-11-06,199.0,253.33999633789065,daily,10,True,0.5,1.02,198.8962,0.0005,0.0005,True,False,0.0005,0.001,149.0344,0.2511,0.3353,True
3060,bj920304,2025-11-06,12.949999809265137,14.5600004196167,daily,15,True,0.5,1.0,12.9579,0.0006,-0.0006,False,False,0.0006,0.0006,12.9947,0.0035,-0.0034,False
3061,sz300475,2025-11-06,120.87999725341797,157.16000366210938,hourly,30,True,1.0,1.02,120.8988,0.0002,-0.0002,False,False,0.0008,0.0002,74.5135,0.3836,0.6223,True
3062,bj920223,2025-11-06,20.360000610351562,22.850000381469727,hourly,30,True,0.5,1.02,20.3419,0.0009,0.0009,True,False,0.0252,0.0009,16.3966,0.1947,0.2417,True
3063,sz002885,2025-11-06,23.57999992370606,34.130001068115234,hourly,25,True,1.5,0.98,23.5903,0.0004,-0.0004,False,False,0.004,0.0004,18.2256,0.2271,0.2938,True
3064,sz002047,2025-11-07,3.3900001049041752,3.509999990463257,hourly,15,False,0.5,0.95,3.3826,0.0022,0.0022,True,True,0.0459,0.0022,2.3522,0.3061,0.4412,True
3065,bj920834,2025-11-07,15.899999618530273,17.31999969482422,hourly,15,True,1.0,1.0,15.9165,0.001,-0.001,False,False,0.0034,0.001,14.4376,0.092,0.1013,True
3066,sz001209,2025-11-07,20.219999313354492,27.6299991607666,hourly,25,False,1.0,0.98,20.2316,0.0006,-0.0006,False,False,0.0098,0.0006,17.714,0.1239,0.1415,True
3067,sz002451,2025-11-07,9.520000457763672,10.640000343322754,hourly,10,False,0.5,1.02,9.1261,0.0414,0.0432,True,True,0.1425,0.0414,6.6732,0.299,0.4266,True
3068,sh688472,2025-11-07,15.199999809265138,22.0,daily,15,False,0.5,1.02,15.2265,0.0017,-0.0017,False,False,0.0017,0.0028,11.4688,0.2455,0.3253,True
3069,sh600302,2025-11-07,9.300000190734862,10.399999618530272,hourly,25,True,0.5,1.0,9.3029,0.0003,-0.0003,False,False,0.0351,0.0003,6.7975,0.2691,0.3681,True
3070,bj920304,2025-11-07,12.710000038146974,14.600000381469728,daily,10,True,0.5,0.98,12.7119,0.0001,-0.0001,False,False,0.0001,0.0015,12.9771,0.021,-0.0206,False
3071,sz300062,2025-11-07,8.130000114440918,11.010000228881836,hourly,20,False,1.0,0.98,8.1359,0.0007,-0.0007,False,False,0.1058,0.0007,5.5282,0.32,0.4707,True
3072,sh603122,2025-11-07,14.300000190734863,15.0,hourly,10,False,0.5,1.02,13.4199,0.0615,0.0656,True,False,0.2754,0.0615,6.8222,0.5229,1.0961,True
3073,sh688028,2025-11-07,60.5099983215332,64.9000015258789,hourly,10,False,0.5,1.02,52.3029,0.1356,0.1569,True,False,0.2234,0.1356,37.7528,0.3761,0.6028,True
3074,bj920152,2025-11-07,26.059999465942386,28.190000534057617,hourly,10,True,1.5,1.02,26.0486,0.0004,0.0004,True,False,0.0701,0.0004,20.5623,0.211,0.2674,True
3075,sz001309,2025-11-07,199.0,277.69000244140625,daily,10,True,0.5,1.0,198.4815,0.0026,0.0026,True,False,0.0026,0.0048,151.6812,0.2378,0.312,True
3076,sz000620,2025-11-07,2.8699998855590825,3.25,hourly,25,True,0.5,1.02,2.8667,0.0011,0.0011,True,False,0.0499,0.0011,1.8635,0.3507,0.5402,True
3077,bj920857,2025-11-07,30.01000022888184,35.2599983215332,hourly,15,True,0.5,1.02,30.023,0.0004,-0.0004,False,False,0.07,0.0004,22.5006,0.2502,0.3337,True
3078,bj920809,2025-11-10,6.75,8.359999656677246,hourly,10,False,1.0,1.02,6.8012,0.0076,-0.0075,False,False,0.0765,0.0076,5.6335,0.1654,0.1982,True
3079,sh600078,2025-11-10,10.090000152587892,12.81999969482422,hourly,10,True,1.5,0.98,10.0853,0.0005,0.0005,True,False,0.008,0.0005,7.3052,0.276,0.3812,True
3080,sz300437,2025-11-10,15.140000343322754,17.31999969482422,hourly,10,False,0.5,1.02,13.2972,0.1217,0.1386,True,False,0.2871,0.1217,8.919,0.4109,0.6975,True
3081,sh688472,2025-11-10,15.19999980926514,23.0,hourly,30,True,0.5,0.95,15.2093,0.0006,-0.0006,False,False,0.0014,0.0006,11.6359,0.2345,0.3063,True
3082,sh688028,2025-11-10,60.5099983215332,73.87000274658203,hourly,10,False,0.5,1.02,58.3111,0.0363,0.0377,True,False,0.179,0.0363,38.1128,0.3701,0.5877,True
3083,bj920834,2025-11-10,15.489999771118166,18.020000457763672,hourly,25,False,1.5,0.98,15.4907,0.0,-0.0,False,False,0.0008,0.0,14.4767,0.0654,0.07,True
3084,sz300821,2025-11-10,11.989999771118164,12.619999885559082,hourly,10,False,0.5,1.02,10.5751,0.118,0.1338,True,False,0.2202,0.118,8.9057,0.2572,0.3463,True
3085,sz000533,2025-11-10,7.659999847412109,10.109999656677246,hourly,15,True,1.0,1.0,7.6594,0.0001,0.0001,True,False,0.0055,0.0001,6.7388,0.1203,0.1367,True
3086,sh603122,2025-11-10,16.989999771118164,17.0,hourly,10,False,0.5,1.02,13.2822,0.2182,0.2792,True,False,0.3616,0.2182,6.9429,0.5914,1.4471,True
3087,bj920225,2025-11-10,30.0,42.0,daily,20,False,1.0,1.02,30.0028,0.0001,-0.0001,False,False,0.0001,0.0606,24.6422,0.1786,0.2174,True
3088,sz002759,2025-11-10,34.27000045776367,39.5,hourly,10,False,0.5,1.0,34.3108,0.0012,-0.0012,False,False,0.1263,0.0012,17.868,0.4786,0.918,True
3089,sh600302,2025-11-10,9.300000190734863,11.050000190734863,hourly,25,False,1.5,0.95,9.3021,0.0002,-0.0002,False,False,0.0245,0.0002,6.8584,0.2625,0.356,True
3090,sh688353,2025-11-10,84.0,88.0,hourly,10,False,0.5,1.02,67.3808,0.1978,0.2466,True,False,0.3578,0.1978,38.7513,0.5387,1.1677,True
3091,sz300062,2025-11-10,8.130000114440918,10.699999809265137,hourly,15,True,1.5,1.0,8.1272,0.0003,0.0003,True,False,0.0424,0.0003,5.5873,0.3128,0.4551,True
3092,sz002713,2025-11-10,9.65999984741211,16.020000457763672,daily,25,False,0.5,1.0,9.6469,0.0014,0.0014,True,False,0.0014,0.0842,6.9371,0.2819,0.3925,True
3093,bj920809,2025-11-11,6.750000000000001,8.079999923706055,hourly,15,False,1.5,0.95,6.7486,0.0002,0.0002,True,False,0.0286,0.0002,5.6465,0.1635,0.1954,True
3094,sz300437,2025-11-11,15.140000343322756,18.700000762939453,hourly,10,False,0.5,1.02,15.0856,0.0036,0.0036,True,False,0.2404,0.0036,8.974,0.4073,0.6871,True
3095,sh688472,2025-11-11,15.19999980926514,22.5,daily,20,False,0.5,0.98,15.2005,0.0,-0.0,False,False,0.0,0.009,11.8312,0.2216,0.2847,True
3096,sh688028,2025-11-11,60.50999832153322,76.98999786376953,hourly,20,False,0.5,1.02,60.5692,0.001,-0.001,False,False,0.1272,0.001,38.5431,0.363,0.5699,True
3097,sh600078,2025-11-11,10.090000152587892,12.800000190734863,hourly,15,True,1.5,0.95,10.0838,0.0006,0.0006,True,False,0.0012,0.0006,7.405,0.2661,0.3626,True
3098,bj920834,2025-11-11,15.15999984741211,18.489999771118164,daily,10,False,0.5,0.95,15.1731,0.0009,-0.0009,False,False,0.0009,0.002,14.5198,0.0422,0.0441,True
3099,bj920152,2025-11-11,26.059999465942383,30.040000915527344,hourly,20,False,1.0,0.98,26.0305,0.0011,0.0011,True,False,0.0234,0.0011,20.7936,0.2021,0.2533,True
3100,bj920304,2025-11-11,12.600000381469727,14.869999885559082,daily,25,False,0.5,0.95,12.6116,0.0009,-0.0009,False,False,0.0009,0.0039,12.9607,0.0286,-0.0278,False
3101,sz002451,2025-11-11,9.520000457763674,12.600000381469728,hourly,30,False,1.5,1.02,9.5187,0.0001,0.0001,True,False,0.0653,0.0001,6.7928,0.2865,0.4015,True
3102,sh688585,2025-11-11,102.5,121.0,hourly,15,True,1.0,1.02,102.4167,0.0008,0.0008,True,False,0.0598,0.0008,79.4469,0.2249,0.2902,True
3103,sz300997,2025-11-11,21.500000000000004,26.26000022888184,hourly,10,False,0.5,1.02,19.986,0.0704,0.0758,True,False,0.1593,0.0704,16.4141,0.2366,0.3099,True
3104,bj920225,2025-11-11,30.0,44.900001525878906,daily,20,False,1.0,1.0,29.995,0.0002,0.0002,True,False,0.0002,0.0792,24.9813,0.1673,0.2009,True
3105,sh603663,2025-11-11,30.45000076293946,37.47999954223633,hourly,10,False,1.5,0.98,30.5077,0.0019,-0.0019,False,False,0.0634,0.0019,25.578,0.16,0.1905,True
3106,sz300062,2025-11-11,8.130000114440918,10.300000190734863,hourly,20,True,0.5,0.95,8.1319,0.0002,-0.0002,False,False,0.0086,0.0002,5.6616,0.3036,0.436,True
3107,bj920826,2025-11-11,12.850000381469727,15.390000343322754,daily,25,False,0.5,1.0,12.8379,0.0009,0.0009,True,False,0.0009,0.0011,12.362,0.038,0.0395,True
3108,bj920299,2025-11-11,18.579999923706055,23.34000015258789,daily,20,False,0.5,1.0,18.5606,0.001,0.001,True,False,0.001,0.0034,17.6259,0.0514,0.0541,True
3109,sh605178,2025-11-11,52.77000045776367,69.88999938964844,daily,15,False,1.0,0.98,52.7403,0.0006,0.0006,True,False,0.0006,0.082,33.9641,0.3564,0.5537,True
3110,sz300131,2025-11-11,10.399999618530275,12.329999923706056,hourly,30,False,1.5,0.95,10.407,0.0007,-0.0007,False,False,0.0018,0.0007,9.5607,0.0807,0.0878,True
3111,bj920748,2025-11-12,47.04999923706055,56.0099983215332,daily,10,True,0.5,1.0,47.0606,0.0002,-0.0002,False,False,0.0002,0.0404,43.4194,0.0772,0.0836,True
3112,bj920834,2025-11-12,15.15999984741211,19.200000762939453,hourly,30,True,1.0,0.95,15.1581,0.0001,0.0001,True,False,0.0011,0.0001,14.5546,0.0399,0.0416,True
3113,bj920809,2025-11-12,6.75,8.359999656677246,hourly,15,True,1.5,0.98,6.7496,0.0001,0.0001,True,False,0.004,0.0001,5.6677,0.1603,0.191,True
3114,sh688028,2025-11-12,60.50999832153322,75.0,hourly,10,True,1.0,0.95,60.5259,0.0003,-0.0003,False,False,0.0852,0.0003,39.0427,0.3548,0.5498,True
3115,sz300903,2025-11-12,16.040000915527344,21.25,hourly,25,False,1.5,1.02,16.0516,0.0007,-0.0007,False,False,0.0474,0.0007,12.1878,0.2402,0.3161,True
3116,sz300997,2025-11-12,21.500000000000004,26.700000762939453,hourly,10,False,1.5,1.0,21.4833,0.0008,0.0008,True,False,0.1207,0.0008,16.4454,0.2351,0.3074,True
3117,bj920765,2025-11-12,22.969999313354492,26.959999084472656,hourly,25,True,1.0,0.95,22.9709,0.0,-0.0,False,False,0.0005,0.0,20.1618,0.1223,0.1393,True
3118,sh603663,2025-11-12,30.450000762939457,38.290000915527344,hourly,20,False,1.0,0.95,30.4988,0.0016,-0.0016,False,False,0.0221,0.0016,25.6528,0.1575,0.187,True
3119,sh603813,2025-11-12,34.09000015258789,38.630001068115234,hourly,10,False,0.5,0.98,34.0801,0.0003,0.0003,True,False,0.0711,0.0003,23.1793,0.3201,0.4707,True
3120,sh600737,2025-11-12,16.649999618530273,20.0,hourly,15,False,1.0,1.02,16.6295,0.0012,0.0012,True,False,0.0481,0.0012,14.5363,0.1269,0.1454,True
3121,sz002451,2025-11-12,9.520000457763672,14.0,hourly,20,True,1.0,1.02,9.5128,0.0008,0.0008,True,False,0.01,0.0008,6.8708,0.2783,0.3856,True
3122,sz002326,2025-11-12,21.68000030517578,28.21999931335449,hourly,10,True,0.5,1.0,21.6767,0.0002,0.0002,True,False,0.07,0.0002,15.7905,0.2717,0.373,True
3123,sh605178,2025-11-12,51.81999969482422,71.19999694824219,daily,10,True,0.5,0.95,51.8723,0.001,-0.001,False,False,0.001,0.1314,35.0878,0.3229,0.4769,True
3124,sh600693,2025-11-13,8.310000419616701,9.81999969482422,hourly,15,False,0.5,1.0,8.305,0.0006,0.0006,True,False,0.1102,0.0006,5.8862,0.2917,0.4118,True
3125,bj920809,2025-11-13,6.750000000000001,8.609999656677246,hourly,20,True,1.5,0.98,6.7701,0.003,-0.003,False,False,0.0091,0.003,5.693,0.1566,0.1857,True
3126,bj920834,2025-11-13,15.159999847412108,19.799999237060547,daily,10,True,1.0,1.0,15.1824,0.0015,-0.0015,False,False,0.0015,0.0031,14.5977,0.0371,0.0385,True
3127,sz300903,2025-11-13,16.04000091552734,20.82999992370605,hourly,30,False,1.5,0.98,16.0417,0.0001,-0.0001,False,False,0.0098,0.0001,12.3022,0.233,0.3038,True
3128,sz300082,2025-11-13,9.600000381469727,13.09000015258789,hourly,15,False,1.5,0.95,9.6102,0.0011,-0.0011,False,False,0.0108,0.0011,7.6873,0.1992,0.2488,True
3129,sh603778,2025-11-13,7.260000228881836,8.010000228881836,hourly,10,False,0.5,1.02,6.8064,0.0625,0.0666,True,False,0.2231,0.0625,3.9059,0.462,0.8587,True
3130,bj920252,2025-11-13,28.530000686645508,34.72999954223633,hourly,10,False,1.0,0.98,28.5232,0.0002,0.0002,True,False,0.0018,0.0002,26.014,0.0882,0.0967,True
3131,sh603122,2025-11-13,19.200000762939453,21.6200008392334,hourly,10,False,0.5,1.02,19.1932,0.0004,0.0004,True,False,0.2418,0.0004,7.5347,0.6076,1.5482,True
3132,sz002451,2025-11-13,9.520000457763672,14.300000190734863,hourly,20,True,1.0,0.95,9.532,0.0013,-0.0013,False,False,0.0024,0.0013,6.9724,0.2676,0.3654,True
3133,sh603843,2025-11-13,4.239999771118164,7.860000133514404,daily,20,True,0.5,0.98,4.2711,0.0073,-0.0073,False,False,0.0073,0.2948,3.9554,0.0671,0.072,True
3134,sz002691,2025-11-13,7.909999847412108,10.43000030517578,daily,15,True,0.5,0.98,7.9091,0.0001,0.0001,True,False,0.0001,0.0031,7.8909,0.0024,0.0024,True
3135,sz300997,2025-11-13,21.499999999999996,28.07999992370605,hourly,25,False,0.5,0.98,21.4924,0.0004,0.0004,True,False,0.0704,0.0004,16.5088,0.2321,0.3023,True
3136,sh688353,2025-11-13,90.0199966430664,125.0,hourly,10,False,0.5,1.0,89.1394,0.0098,0.0099,True,False,0.2219,0.0098,40.7285,0.5476,1.2102,True
3137,bj920185,2025-11-13,30.379999160766605,36.400001525878906,daily,10,True,0.5,0.95,30.3825,0.0001,-0.0001,False,False,0.0001,0.0369,28.5009,0.0619,0.0659,True
3138,bj920304,2025-11-13,12.600000381469727,15.149999618530272,daily,20,True,1.0,0.98,12.6001,0.0,-0.0,False,False,0.0,0.0177,12.9594,0.0285,-0.0277,False
3139,bj920748,2025-11-14,47.04999923706055,63.5,daily,30,False,0.5,0.98,46.9797,0.0015,0.0015,True,False,0.0015,0.0524,43.6016,0.0733,0.0791,True
3140,bj920809,2025-11-14,6.75,9.0600004196167,hourly,30,True,1.5,1.0,6.7446,0.0008,0.0008,True,False,0.0016,0.0008,5.7287,0.1513,0.1783,True
3141,sz301201,2025-11-14,39.619998931884766,48.2400016784668,hourly,10,False,0.5,1.02,36.9949,0.0663,0.071,True,False,0.163,0.0663,29.1511,0.2642,0.3591,True
3142,sh603843,2025-11-14,4.239999771118164,8.25,daily,20,True,1.5,0.98,4.2385,0.0003,0.0003,True,False,0.0003,0.3471,4.063,0.0418,0.0436,True
3143,bj920304,2025-11-14,12.600000381469727,16.059999465942383,daily,25,True,0.5,0.95,12.6026,0.0002,-0.0002,False,False,0.0002,0.0235,12.9623,0.0288,-0.0279,False
3144,sh600408,2025-11-14,4.329999923706055,6.300000190734863,hourly,30,False,0.5,0.95,4.3425,0.0029,-0.0029,False,False,0.0165,0.0029,2.5593,0.4089,0.6918,True
3145,sh603026,2025-11-14,69.4199981689453,102.58000183105467,hourly,20,True,0.5,0.98,69.4582,0.0006,-0.0006,False,False,0.0018,0.0006,48.786,0.2972,0.4229,True
3146,sz301292,2025-11-14,52.31000137329101,70.0,hourly,20,False,1.0,0.98,52.3531,0.0008,-0.0008,False,False,0.173,0.0008,23.4136,0.5524,1.2342,True
3147,sh603778,2025-11-14,7.260000228881836,7.889999866485596,hourly,10,False,0.5,1.0,7.2459,0.0019,0.0019,True,False,0.1733,0.0019,3.9744,0.4526,0.8267,True
3148,sh688353,2025-11-14,90.01999664306642,138.0,hourly,25,False,1.0,1.0,90.064,0.0005,-0.0005,False,False,0.131,0.0005,41.8353,0.5353,1.1518,True
3149,sh603122,2025-11-14,19.200000762939457,23.799999237060547,hourly,15,False,1.5,0.98,19.2312,0.0016,-0.0016,False,False,0.2051,0.0016,7.7903,0.5943,1.4646,True
3150,sz300477,2025-11-14,2.7599999904632573,3.5,hourly,10,False,1.5,1.02,2.7548,0.0019,0.0019,True,False,0.1321,0.0019,1.9709,0.2859,0.4004,True
3151,bj920252,2025-11-14,28.53000068664551,34.689998626708984,daily,15,True,0.5,1.02,28.5404,0.0004,-0.0004,False,False,0.0004,0.0015,26.0768,0.086,0.0941,True
3152,bj920834,2025-11-14,15.159999847412111,17.90999984741211,daily,25,False,1.0,1.0,15.1753,0.001,-0.001,False,False,0.001,0.0093,14.6421,0.0342,0.0354,True
3153,sz300497,2025-11-14,13.899999618530273,19.5,hourly,25,False,1.5,1.0,13.8911,0.0006,0.0006,True,False,0.0527,0.0006,9.8698,0.2899,0.4083,True
3154,bj920809,2025-11-17,6.75,8.869999885559082,daily,25,False,0.5,1.02,6.7414,0.0013,0.0013,True,False,0.0013,0.0042,5.7737,0.1446,0.1691,True
3155,bj920640,2025-11-17,31.43000030517578,37.0,daily,30,False,0.5,1.02,31.3784,0.0016,0.0016,True,False,0.0016,0.0027,27.8771,0.113,0.1274,True
3156,sh600340,2025-11-17,2.259999990463257,3.1600000858306885,hourly,30,True,0.5,1.02,2.2585,0.0007,0.0007,True,False,0.0009,0.0007,2.0732,0.0826,0.0901,True
3157,sz300477,2025-11-17,2.7599999904632573,3.930000066757202,hourly,15,False,1.0,0.98,2.7617,0.0006,-0.0006,False,False,0.0964,0.0006,1.9809,0.2823,0.3933,True
3158,sh603843,2025-11-17,4.239999771118164,8.470000267028809,daily,20,True,1.5,0.95,4.2399,0.0,0.0,True,False,0.0,0.405,4.1763,0.015,0.0153,True
3159,sz000592,2025-11-17,9.02999973297119,11.899999618530272,hourly,20,False,0.5,0.95,9.0198,0.0011,0.0011,True,False,0.0439,0.0011,4.58,0.4928,0.9716,True
3160,sh600408,2025-11-17,4.329999923706056,6.5,daily,10,False,0.5,1.0,4.3304,0.0001,-0.0001,False,False,0.0001,0.0057,2.6186,0.3953,0.6536,True
3161,sz301292,2025-11-17,52.31000137329101,74.0,hourly,30,False,1.0,0.98,52.3969,0.0017,-0.0017,False,False,0.116,0.0017,24.0953,0.5394,1.171,True
3162,sh600078,2025-11-17,9.569999694824219,13.390000343322754,daily,10,False,1.5,0.95,9.5699,0.0,0.0,True,False,0.0,0.0724,7.8588,0.1788,0.2177,True
3163,sh688353,2025-11-17,90.0199966430664,130.0,hourly,20,True,0.5,1.02,90.1775,0.0017,-0.0017,False,False,0.0701,0.0017,43.0634,0.5216,1.0904,True
3164,bj920522,2025-11-17,53.29999923706055,66.5,daily,30,False,1.0,0.95,53.3013,0.0,-0.0,False,False,0.0,0.1977,57.6949,0.0825,-0.0762,False
3165,bj920225,2025-11-17,28.069999694824226,44.68000030517578,daily,30,False,1.5,1.0,28.0814,0.0004,-0.0004,False,False,0.0004,0.238,26.4139,0.059,0.0627,True
3166,sz000632,2025-11-17,5.440000057220459,8.050000190734863,daily,15,False,0.5,0.98,5.4333,0.0012,0.0012,True,False,0.0012,0.0025,4.049,0.2557,0.3435,True
3167,sh605178,2025-11-17,49.90000152587892,85.43000030517578,daily,15,True,0.5,0.98,49.7879,0.0022,0.0023,True,False,0.0022,0.2265,38.4088,0.2303,0.2992,True
3168,sz002047,2025-11-17,3.4200000762939453,4.289999961853027,hourly,25,True,0.5,0.95,3.4156,0.0013,0.0013,True,False,0.0031,0.0013,2.5667,0.2495,0.3324,True
3169,sz000407,2025-11-18,4.409999847412109,6.21999979019165,hourly,30,True,0.5,1.02,4.4094,0.0001,0.0001,True,True,0.0007,0.0001,3.6411,0.1744,0.2112,True
3170,sh600829,2025-11-18,11.220000267028809,15.949999809265137,hourly,30,True,1.0,1.0,11.2317,0.001,-0.001,False,False,0.0026,0.001,8.3702,0.254,0.3405,True
3171,sz002620,2025-11-18,4.820000171661377,7.610000133514404,daily,30,True,1.5,0.95,5.0373,0.0451,-0.0431,False,False,0.0451,0.1516,5.5238,0.146,-0.1274,False
3172,sz300477,2025-11-18,2.759999990463257,4.230000019073486,hourly,25,False,1.0,0.95,2.7615,0.0005,-0.0005,False,False,0.0285,0.0005,1.996,0.2768,0.3828,True
3173,sh600340,2025-11-18,2.259999990463257,3.109999895095825,hourly,20,True,1.5,0.95,2.2588,0.0006,0.0006,True,False,0.0011,0.0006,2.0805,0.0794,0.0863,True
3174,sz002682,2025-11-18,5.25,7.840000152587891,hourly,30,True,1.0,0.98,5.2511,0.0002,-0.0002,False,False,0.0013,0.0002,4.6077,0.1223,0.1394,True
3175,sz300612,2025-11-18,15.579999923706053,22.170000076293945,hourly,30,False,0.5,1.0,15.6053,0.0016,-0.0016,False,False,0.0384,0.0016,13.7464,0.1177,0.1334,True
3176,sz301201,2025-11-18,39.619998931884766,57.150001525878906,hourly,15,False,1.5,0.95,39.603,0.0004,0.0004,True,False,0.0413,0.0004,29.5133,0.2551,0.3424,True
3177,sz000608,2025-11-18,2.2599999904632573,2.7300000190734863,daily,10,False,0.5,0.95,2.2599,0.0001,0.0001,True,False,0.0001,0.0025,1.9518,0.1364,0.1579,True
3178,sz301228,2025-11-18,37.939998626708984,42.209999084472656,hourly,10,False,0.5,1.02,35.5205,0.0638,0.0681,True,False,0.2261,0.0638,25.6508,0.3239,0.4791,True
3179,sz000609,2025-11-18,8.930000305175781,11.8100004196167,hourly,20,True,1.0,0.98,8.9327,0.0003,-0.0003,False,True,0.0014,0.0003,5.3407,0.4019,0.6721,True
3180,sz001203,2025-11-18,24.979999542236328,31.799999237060547,hourly,20,True,0.5,1.02,24.9373,0.0017,0.0017,True,False,0.0376,0.0017,14.4801,0.4203,0.7251,True
3181,sz300071,2025-11-18,5.349999904632569,7.28000020980835,hourly,10,False,1.5,0.98,5.3557,0.0011,-0.0011,False,False,0.0186,0.0011,4.4663,0.1652,0.1979,True
3182,bj920670,2025-11-18,14.510000228881836,18.6200008392334,daily,15,False,1.0,0.95,14.5054,0.0003,0.0003,True,False,0.0003,0.0766,14.5191,0.0006,-0.0006,False
3183,sh601566,2025-11-18,12.390000343322756,15.829999923706056,hourly,10,False,0.5,1.0,12.3925,0.0002,-0.0002,False,False,0.0957,0.0002,8.7486,0.2939,0.4162,True
3184,sz000407,2025-11-19,4.409999847412109,5.449999809265137,daily,25,False,1.5,1.02,4.4114,0.0003,-0.0003,False,True,0.0003,0.006,3.697,0.1617,0.1928,True
3185,sz003041,2025-11-19,40.310001373291016,54.68999862670898,hourly,15,True,1.0,1.0,40.2839,0.0006,0.0006,True,False,0.0186,0.0006,25.6323,0.3641,0.5726,True
3186,sz300589,2025-11-19,17.65999984741211,17.65999984741211,hourly,10,False,0.5,1.02,15.3319,0.1318,0.1518,True,False,0.2101,0.1318,12.641,0.2842,0.397,True
3187,sz300477,2025-11-19,2.759999990463257,3.700000047683716,daily,10,False,0.5,1.0,2.7535,0.0024,0.0024,True,False,0.0024,0.003,2.0146,0.2701,0.37,True
3188,sz301292,2025-11-19,52.31000137329102,67.66999816894531,hourly,25,True,1.0,1.0,52.448,0.0026,-0.0026,False,False,0.0212,0.0026,25.6714,0.5092,1.0377,True
3189,sz300094,2025-11-19,3.6500000953674325,5.400000095367432,hourly,25,True,1.5,1.0,3.6494,0.0002,0.0002,True,False,0.001,0.0002,3.5369,0.031,0.032,True
3190,sh600829,2025-11-19,11.220000267028809,14.359999656677246,daily,15,False,0.5,0.95,11.2207,0.0001,-0.0001,False,False,0.0001,0.0015,8.5202,0.2406,0.3169,True
3191,bj920304,2025-11-19,12.600000381469727,16.809999465942383,daily,20,True,1.5,1.0,12.6005,0.0,-0.0,False,False,0.0,0.0448,13.0102,0.0326,-0.0315,False
3192,sz301228,2025-11-19,34.02000045776367,40.09999847412109,hourly,25,False,1.5,1.02,34.0243,0.0001,-0.0001,False,False,0.0989,0.0001,25.7253,0.2438,0.3224,True
3193,sz000608,2025-11-19,2.2599999904632564,2.720000028610229,daily,15,False,1.5,1.02,2.2622,0.001,-0.001,False,False,0.001,0.0025,1.968,0.1292,0.1484,True
3194,sz002868,2025-11-19,32.529998779296875,45.9900016784668,daily,25,False,1.5,1.02,32.5396,0.0003,-0.0003,False,False,0.0003,0.0313,27.9036,0.1422,0.1658,True
3195,sz001203,2025-11-19,24.97999954223633,32.779998779296875,hourly,25,True,1.0,1.02,24.9497,0.0012,0.0012,True,False,0.0084,0.0012,14.8612,0.4051,0.6809,True
3196,sz300071,2025-11-19,5.349999904632569,7.210000038146973,hourly,30,True,1.0,0.98,5.3488,0.0002,0.0002,True,False,0.0031,0.0002,4.4881,0.1611,0.192,True
3197,sz300612,2025-11-19,15.579999923706053,21.86000061035156,hourly,30,True,0.5,1.02,15.5841,0.0003,-0.0003,False,False,0.0027,0.0003,13.7763,0.1158,0.1309,True
3198,sh603353,2025-11-19,25.899999618530273,33.900001525878906,hourly,15,True,1.0,0.95,25.8473,0.002,0.002,True,False,0.0094,0.002,18.0209,0.3042,0.4372,True
3199,sz002240,2025-11-19,28.54000091552734,38.18999862670898,hourly,25,True,1.5,1.0,28.5598,0.0007,-0.0007,False,False,0.007,0.0007,19.9123,0.3023,0.4333,True
3200,sz002047,2025-11-19,3.4200000762939458,4.0,daily,10,False,1.5,0.98,3.417,0.0009,0.0009,True,False,0.0009,0.0029,2.6514,0.2247,0.2899,True
3201,sz002713,2025-11-19,9.199999809265137,18.600000381469727,daily,20,True,0.5,1.02,9.2471,0.0051,-0.0051,False,False,0.0051,0.3968,7.9887,0.1317,0.1516,True
3202,sz000407,2025-11-20,4.409999847412109,5.53000020980835,daily,10,True,0.5,0.98,4.4147,0.0011,-0.0011,False,False,0.0011,0.0491,3.7491,0.1499,0.1763,True
3203,sz003041,2025-11-20,40.310001373291016,54.93000030517578,hourly,20,True,0.5,0.98,40.2463,0.0016,0.0016,True,False,0.0035,0.0016,26.1551,0.3512,0.5412,True
3204,sz300589,2025-11-20,18.000000000000004,19.020000457763672,hourly,10,False,0.5,1.02,17.1079,0.0496,0.0521,True,False,0.1996,0.0496,12.6635,0.2965,0.4214,True
3205,bj920090,2025-11-20,6.119999885559082,6.929999828338623,daily,10,False,1.5,0.95,6.2084,0.0145,-0.0142,False,False,0.0145,0.0286,7.1234,0.1639,-0.1409,False
3206,sz002474,2025-11-20,9.210000038146973,10.989999771118164,hourly,20,False,1.0,1.02,9.207,0.0003,0.0003,True,False,0.0642,0.0003,7.0476,0.2348,0.3068,True
3207,sh600829,2025-11-20,11.220000267028807,12.920000076293944,daily,20,False,1.0,1.02,11.218,0.0002,0.0002,True,False,0.0002,0.0423,8.6761,0.2267,0.2932,True
3208,sz000798,2025-11-20,10.710000038146974,13.739999771118164,hourly,10,True,1.0,0.98,10.7072,0.0003,0.0003,True,False,0.0324,0.0003,8.0004,0.253,0.3387,True
3209,sz000547,2025-11-20,11.420000076293945,13.720000267028809,hourly,15,False,1.5,1.02,11.4413,0.0019,-0.0019,False,False,0.1339,0.0019,7.8983,0.3084,0.4459,True
3210,sz300814,2025-11-20,69.51000213623047,74.18000030517578,hourly,25,True,0.5,1.02,67.5801,0.0278,0.0286,True,False,0.0866,0.0278,50.0778,0.2796,0.388,True
3211,sh603122,2025-11-20,19.200000762939457,24.0,hourly,15,False,1.5,0.95,19.212,0.0006,-0.0006,False,False,0.1312,0.0006,8.0887,0.5787,1.3737,True
3212,bj920223,2025-11-20,20.129999160766605,24.899999618530277,daily,10,True,0.5,0.95,20.1481,0.0009,-0.0009,False,False,0.0009,0.0667,17.6037,0.1255,0.1435,True
3213,sz002877,2025-11-20,8.890000343322754,10.800000190734863,daily,15,False,0.5,1.0,8.8869,0.0003,0.0003,True,False,0.0003,0.0008,8.4609,0.0483,0.0507,True
3214,sz300390,2025-11-20,45.52000045776367,52.880001068115234,hourly,25,True,1.0,1.02,45.5724,0.0012,-0.0011,False,False,0.0093,0.0012,26.5608,0.4165,0.7138,True
3215,sz001203,2025-11-20,24.979999542236328,31.11000061035156,hourly,30,True,0.5,1.0,24.9202,0.0024,0.0024,True,False,0.0089,0.0024,15.2716,0.3886,0.6357,True
3216,sz301228,2025-11-20,34.02000045776367,39.15999984741211,hourly,20,True,0.5,1.02,33.9909,0.0009,0.0009,True,False,0.0626,0.0009,25.845,0.2403,0.3163,True
3217,sz002240,2025-11-20,28.540000915527347,36.630001068115234,hourly,30,True,1.0,0.98,28.6473,0.0038,-0.0037,False,False,0.0039,0.0038,20.2985,0.2888,0.406,True
3218,sz300477,2025-11-20,2.759999990463257,3.829999923706055,hourly,25,True,1.0,0.95,2.7522,0.0028,0.0028,True,False,0.0074,0.0028,2.0341,0.263,0.3569,True
3219,sz002213,2025-11-20,24.18000030517578,32.97999954223633,daily,25,False,0.5,0.98,24.2118,0.0013,-0.0013,False,False,0.0013,0.0559,20.7873,0.1403,0.1632,True
3220,sz000688,2025-11-20,21.299999237060547,26.690000534057617,daily,10,False,1.0,1.0,21.2692,0.0014,0.0014,True,False,0.0014,0.0018,15.3534,0.2792,0.3873,True
3221,sz300589,2025-11-21,18.0,21.709999084472656,hourly,10,False,0.5,1.0,17.9838,0.0009,0.0009,True,False,0.1719,0.0009,12.6943,0.2948,0.418,True
3222,sh603216,2025-11-21,19.78000068664551,21.18000030517578,hourly,10,False,0.5,1.02,18.496,0.0649,0.0694,True,False,0.1271,0.0649,15.2422,0.2294,0.2977,True
3223,sz002474,2025-11-21,9.210000038146973,13.0,hourly,30,False,1.0,0.98,9.2076,0.0003,0.0003,True,False,0.0434,0.0003,7.0964,0.2295,0.2978,True
3224,sz003041,2025-11-21,40.310001373291016,58.09999847412109,hourly,25,True,1.0,0.98,40.3174,0.0002,-0.0002,False,False,0.0055,0.0002,26.7245,0.337,0.5084,True
3225,sz000017,2025-11-21,7.28000020980835,9.210000038146973,hourly,15,False,1.0,0.95,7.2812,0.0002,-0.0002,False,False,0.0011,0.0002,6.5673,0.0979,0.1085,True
3226,bj920405,2025-11-21,25.43000030517578,28.690000534057617,hourly,25,False,0.5,1.02,25.4014,0.0011,0.0011,True,False,0.059,0.0011,20.9069,0.1779,0.2163,True
3227,sz000798,2025-11-21,10.710000038146976,15.100000381469728,hourly,30,False,1.0,0.95,10.6933,0.0016,0.0016,True,False,0.0099,0.0016,8.0871,0.2449,0.3243,True
3228,sz300814,2025-11-21,69.51000213623047,78.0,hourly,10,False,0.5,1.02,69.4022,0.0016,0.0016,True,False,0.0766,0.0016,50.5653,0.2725,0.3747,True
3229,sz000407,2025-11-21,4.40999984741211,5.099999904632568,daily,30,False,1.0,1.02,4.401,0.0021,0.0021,True,False,0.0021,0.0887,3.8016,0.138,0.16,True
3230,sz300071,2025-11-21,5.349999904632568,7.400000095367432,daily,15,False,0.5,0.98,5.348,0.0004,0.0004,True,False,0.0004,0.0029,4.547,0.1501,0.1766,True
3231,sz300774,2025-11-21,16.600000381469727,21.09000015258789,hourly,30,False,1.0,0.95,16.5832,0.001,0.001,True,False,0.0075,0.001,12.5225,0.2456,0.3256,True
3232,sh605188,2025-11-21,20.32999992370606,22.899999618530277,daily,20,False,1.0,0.98,20.3259,0.0002,0.0002,True,False,0.0002,0.0479,18.0539,0.112,0.1261,True
3233,sz301228,2025-11-21,34.02000045776367,41.0,hourly,30,False,1.5,0.98,34.0428,0.0007,-0.0007,False,False,0.0383,0.0007,25.9923,0.236,0.3088,True
3234,sh603398,2025-11-21,7.010000228881836,10.779999732971191,daily,30,True,1.0,1.0,7.0139,0.0006,-0.0006,False,False,0.0006,0.1292,7.2065,0.028,-0.0273,False
3235,sz300437,2025-11-21,15.140000343322756,17.809999465942383,daily,10,False,0.5,1.02,15.1378,0.0001,0.0001,True,False,0.0001,0.0021,10.0042,0.3392,0.5134,True
3236,bj920305,2025-11-21,10.079999923706055,12.949999809265137,daily,30,False,1.5,1.0,10.0779,0.0002,0.0002,True,False,0.0002,0.001,11.0582,0.097,-0.0885,False
3237,sz000609,2025-11-21,8.930000305175785,12.079999923706056,daily,15,False,1.0,0.95,8.9125,0.002,0.002,True,False,0.002,0.0288,5.8999,0.3393,0.5136,True
3238,sh688109,2025-11-21,110.91999816894531,149.5,daily,15,True,1.0,1.0,110.6776,0.0022,0.0022,True,False,0.0022,0.0992,93.4319,0.1577,0.1872,True
3239,sh605598,2025-11-21,39.25999832153321,45.0099983215332,hourly,20,True,0.5,1.02,39.2577,0.0001,0.0001,True,False,0.0738,0.0001,27.8164,0.2915,0.4114,True
3240,sz300456,2025-11-21,33.630001068115234,35.15999984741211,hourly,10,False,0.5,1.02,29.0462,0.1363,0.1578,True,False,0.2086,0.1363,23.048,0.3147,0.4591,True
3241,sz301292,2025-11-24,54.029998779296875,57.91999816894531,hourly,10,False,1.5,1.0,53.9722,0.0011,0.0011,True,False,0.0458,0.0011,28.2051,0.478,0.9156,True
3242,sz000798,2025-11-24,10.710000038146974,16.530000686645508,daily,10,False,1.0,0.98,10.7102,0.0,-0.0,False,False,0.0,0.0021,8.1936,0.235,0.3071,True
3243,sz300589,2025-11-24,18.0,24.43000030517578,hourly,15,False,0.5,0.95,18.0123,0.0007,-0.0007,False,False,0.1263,0.0007,12.7426,0.2921,0.4126,True
3244,sz300814,2025-11-24,69.51000213623048,87.0,hourly,10,False,1.0,1.0,69.5095,0.0,0.0,True,False,0.0595,0.0,51.0522,0.2655,0.3615,True
3245,sh688365,2025-11-24,15.210000038146973,19.799999237060547,hourly,25,False,1.0,1.0,15.2082,0.0001,0.0001,True,False,0.0449,0.0001,13.7114,0.0985,0.1093,True
3246,sz003041,2025-11-24,40.31000137329101,55.59999847412109,daily,10,False,1.0,0.98,40.4175,0.0027,-0.0027,False,False,0.0027,0.0056,27.3146,0.3224,0.4758,True
3247,sz300516,2025-11-24,48.09999847412109,58.43999862670898,daily,10,False,0.5,1.02,39.7703,0.1732,0.2094,True,False,0.1732,0.3308,36.7983,0.235,0.3071,True
3248,sh688411,2025-11-24,243.08000183105472,301.92999267578125,daily,15,True,1.0,0.95,242.6565,0.0017,0.0017,True,False,0.0017,0.1113,232.1042,0.0452,0.0473,True
3249,sz301171,2025-11-24,33.18000030517578,42.13999938964844,daily,10,False,0.5,1.02,31.5883,0.048,0.0504,True,False,0.048,0.1682,28.6682,0.136,0.1574,True
3250,sh603216,2025-11-24,22.76000022888184,23.6299991607666,hourly,10,False,0.5,1.02,20.0271,0.1201,0.1365,True,False,0.2312,0.1201,15.3031,0.3276,0.4873,True
3251,bj920405,2025-11-24,25.430000305175785,28.100000381469727,hourly,10,False,1.5,1.0,25.3499,0.0031,0.0032,True,False,0.0405,0.0031,20.9804,0.175,0.2121,True
3252,sz000547,2025-11-24,11.430000305175781,13.270000457763672,hourly,10,False,1.0,0.95,11.434,0.0004,-0.0004,False,False,0.0979,0.0004,8.0302,0.2974,0.4234,True
3253,sz002474,2025-11-24,9.210000038146973,11.510000228881836,hourly,20,True,0.5,0.98,9.2316,0.0023,-0.0023,False,False,0.0079,0.0023,7.151,0.2236,0.2879,True
3254,sh600734,2025-11-24,4.69000005722046,5.269999980926514,hourly,10,False,0.5,1.02,4.4529,0.0505,0.0532,True,False,0.1286,0.0505,3.5402,0.2452,0.3248,True
3255,sz000859,2025-11-24,7.619999885559084,8.600000381469727,hourly,15,False,0.5,1.02,7.6536,0.0044,-0.0044,False,False,0.0849,0.0044,6.2782,0.1761,0.2137,True
3256,sh688195,2025-11-24,156.5,180.0,daily,10,False,0.5,1.02,127.2698,0.1868,0.2297,True,False,0.1868,0.3203,96.7204,0.382,0.6181,True
3257,sz300774,2025-11-24,16.60000038146973,21.76000022888184,hourly,25,True,0.5,0.95,16.5484,0.0031,0.0031,True,False,0.0062,0.0031,12.6652,0.237,0.3107,True
3258,sh688028,2025-11-24,55.709999084472656,68.19999694824219,daily,10,False,1.0,0.98,55.7072,0.0001,0.0001,True,False,0.0001,0.0322,44.2866,0.2051,0.2579,True
3259,sh688166,2025-11-24,47.72000122070313,50.9900016784668,daily,10,False,1.0,0.98,47.7143,0.0001,0.0001,True,False,0.0001,0.0004,57.4213,0.2033,-0.1689,False
3260,bj920961,2025-11-24,23.72999954223633,24.030000686645508,hourly,10,False,0.5,1.0,23.7305,0.0,-0.0,False,False,0.0018,0.0,24.93,0.0506,-0.0481,False
3261,sz301292,2025-11-25,54.819999694824226,59.02999877929688,hourly,25,False,1.5,1.0,54.82,0.0,-0.0,False,False,0.0596,0.0,29.0187,0.4707,0.8891,True
3262,sz002474,2025-11-25,9.210000038146973,13.039999961853027,hourly,30,True,1.5,1.02,9.2059,0.0004,0.0004,True,False,0.0013,0.0004,7.2104,0.2171,0.2773,True
3263,sz002713,2025-11-25,9.199999809265137,14.880000114440918,daily,25,True,1.5,1.02,9.1917,0.0009,0.0009,True,False,0.0009,0.6221,9.1849,0.0016,0.0016,True
3264,sz300959,2025-11-25,102.93000030517578,129.74000549316406,daily,30,False,1.0,1.02,102.8465,0.0008,0.0008,True,False,0.0008,0.0945,85.985,0.1646,0.1971,True
3265,sz300475,2025-11-25,120.87999725341797,128.27999877929688,daily,20,False,1.5,1.02,120.8542,0.0002,0.0002,True,False,0.0002,0.0035,101.9683,0.1565,0.1855,True
3266,sz300620,2025-11-25,134.88999938964844,141.17999267578125,hourly,10,False,0.5,1.02,113.9889,0.1549,0.1834,True,False,0.2366,0.1549,95.2544,0.2938,0.4161,True
3267,sz300814,2025-11-25,69.51000213623048,85.80000305175781,hourly,10,True,1.0,0.98,69.6045,0.0014,-0.0014,False,False,0.0162,0.0014,51.6124,0.2575,0.3468,True
3268,sh600403,2025-11-25,6.630000114440919,8.130000114440918,daily,30,False,1.0,0.95,6.6288,0.0002,0.0002,True,False,0.0002,0.101,6.2208,0.0617,0.0658,True
3269,sz000620,2025-11-25,2.5999999046325684,3.299999952316284,daily,25,False,0.5,0.95,2.6005,0.0002,-0.0002,False,False,0.0002,0.042,2.2546,0.1328,0.1532,True
3270,sz001296,2025-11-25,25.020000457763675,29.559999465942383,hourly,20,False,0.5,1.02,25.0247,0.0002,-0.0002,False,False,0.0191,0.0002,22.3644,0.1061,0.1187,True
3271,sz301171,2025-11-25,33.18000030517578,44.68000030517578,daily,10,False,0.5,1.02,33.0285,0.0046,0.0046,True,False,0.0046,0.1049,28.7189,0.1345,0.1553,True
3272,sz300062,2025-11-25,8.130000114440918,8.399999618530273,daily,15,False,0.5,0.98,8.1289,0.0001,0.0001,True,False,0.0001,0.0012,6.5387,0.1957,0.2434,True
3273,bj920809,2025-11-25,6.75,7.570000171661377,daily,20,False,0.5,0.98,6.7491,0.0001,0.0001,True,False,0.0001,0.001,6.0246,0.1075,0.1204,True
3274,bj920405,2025-11-25,25.430000305175785,28.13999938964844,hourly,10,True,1.5,1.0,25.4071,0.0009,0.0009,True,False,0.0267,0.0009,21.0643,0.1717,0.2073,True
3275,sz002240,2025-11-25,28.540000915527344,34.83000183105469,daily,10,False,1.0,0.95,28.546,0.0002,-0.0002,False,False,0.0002,0.0687,21.5569,0.2447,0.3239,True
3276,sz301292,2025-11-26,54.819999694824226,62.0,hourly,30,True,0.5,0.95,54.7867,0.0006,0.0006,True,False,0.0472,0.0006,29.8353,0.4558,0.8374,True
3277,sz002868,2025-11-26,32.529998779296875,46.060001373291016,daily,20,True,0.5,1.02,32.5485,0.0006,-0.0006,False,False,0.0006,0.1635,29.9977,0.0778,0.0844,True
3278,sh600734,2025-11-26,4.690000057220459,5.690000057220459,hourly,25,False,0.5,0.98,4.6819,0.0017,0.0017,True,False,0.0111,0.0017,3.5897,0.2346,0.3065,True
3279,sz002474,2025-11-26,9.210000038146973,11.989999771118164,daily,10,False,1.0,1.02,9.2271,0.0019,-0.0019,False,False,0.0019,0.0019,7.2836,0.2092,0.2645,True
3280,sz300620,2025-11-26,134.88999938964847,147.16000366210938,hourly,10,False,0.5,1.02,129.8283,0.0375,0.039,True,False,0.1962,0.0375,95.4395,0.2925,0.4134,True
3281,sh688028,2025-11-26,55.11000061035156,74.5,daily,30,False,0.5,1.02,55.2072,0.0018,-0.0018,False,False,0.0018,0.0634,45.5127,0.1741,0.2109,True
3282,sz301117,2025-11-26,44.599998474121094,47.90999984741211,daily,10,False,0.5,1.02,37.8925,0.1504,0.177,True,False,0.1504,0.3022,32.793,0.2647,0.36,True
3283,sh688670,2025-11-26,21.0,29.18000030517578,hourly,20,True,1.0,0.95,20.9977,0.0001,0.0001,True,False,0.0025,0.0001,16.1163,0.2326,0.303,True
3284,sz000609,2025-11-26,8.930000305175781,13.399999618530272,daily,25,False,1.0,0.98,8.9031,0.003,0.003,True,True,0.003,0.1447,6.5165,0.2703,0.3704,True
3285,sz000070,2025-11-26,10.989999771118166,13.579999923706056,hourly,25,False,1.5,1.02,10.9791,0.001,0.001,True,False,0.0537,0.001,9.3103,0.1528,0.1804,True
3286,sz003041,2025-11-26,40.310001373291016,61.56999969482422,daily,15,False,0.5,0.95,40.3002,0.0002,0.0002,True,False,0.0002,0.0378,28.5767,0.2911,0.4106,True
3287,sh688227,2025-11-26,63.81000137329102,85.0,hourly,10,False,1.5,1.0,64.331,0.0082,-0.0081,False,False,0.1828,0.0082,34.1314,0.4651,0.8695,True
3288,sz000892,2025-11-26,6.619999885559082,9.0,daily,15,True,0.5,1.0,6.6227,0.0004,-0.0004,False,False,0.0004,0.0016,6.0121,0.0918,0.1011,True
3289,bj920857,2025-11-26,28.819999694824222,35.45000076293945,daily,25,False,0.5,0.98,28.8022,0.0006,0.0006,True,False,0.0006,0.0342,25.5446,0.1136,0.1282,True
3290,sh688195,2025-11-26,156.5,180.0,daily,10,False,0.5,1.02,141.1233,0.0983,0.109,True,False,0.0983,0.1945,99.0266,0.3672,0.5804,True
3291,sz002083,2025-11-26,9.300000190734863,9.619999885559082,hourly,10,True,1.0,1.0,9.2924,0.0008,0.0008,True,False,0.0062,0.0008,6.3739,0.3146,0.4591,True
3292,bj920152,2025-11-26,23.059999465942383,32.7599983215332,daily,30,True,0.5,1.0,23.0553,0.0002,0.0002,True,False,0.0002,0.1692,22.8434,0.0094,0.0095,True
3293,sz002596,2025-11-26,4.659999847412109,6.099999904632568,hourly,20,True,1.0,1.0,4.6601,0.0,-0.0,False,False,0.0093,0.0,3.8988,0.1633,0.1952,True
3294,sz301292,2025-11-27,54.819999694824226,75.0199966430664,hourly,10,False,1.5,1.0,54.8366,0.0003,-0.0003,False,False,0.036,0.0003,30.6366,0.4411,0.7894,True
3295,sz301111,2025-11-27,19.420000076293945,24.0,hourly,10,False,1.5,1.0,19.4406,0.0011,-0.0011,False,False,0.1016,0.0011,16.2202,0.1648,0.1973,True
3296,sz002264,2025-11-27,8.420000076293947,10.600000381469728,hourly,20,True,0.5,1.0,8.4104,0.0011,0.0011,True,False,0.0013,0.0011,6.9057,0.1798,0.2193,True
3297,sh688148,2025-11-27,8.350000381469725,9.670000076293944,daily,15,False,1.0,0.95,8.3923,0.0051,-0.005,False,False,0.0051,0.0273,7.472,0.1051,0.1175,True
3298,sz002868,2025-11-27,32.52999877929688,40.7400016784668,daily,20,True,1.0,1.02,32.5714,0.0013,-0.0013,False,False,0.0013,0.1782,30.433,0.0645,0.0689,True
3299,sz300620,2025-11-27,134.88999938964844,156.0,hourly,10,False,1.0,1.0,135.0942,0.0015,-0.0015,False,False,0.1571,0.0015,95.7603,0.2901,0.4086,True
3300,sh688670,2025-11-27,21.0,29.309999465942383,daily,10,False,0.5,0.95,21.0067,0.0003,-0.0003,False,False,0.0003,0.0017,16.2992,0.2238,0.2884,True
3301,bj920856,2025-11-27,16.299999237060547,17.299999237060547,hourly,20,False,1.5,1.02,16.3012,0.0001,-0.0001,False,False,0.0004,0.0001,17.9252,0.0997,-0.0907,False
3302,sz301005,2025-11-27,56.189998626708984,68.5999984741211,daily,10,False,0.5,1.02,51.0316,0.0918,0.1011,True,False,0.0918,0.2536,45.1477,0.1965,0.2446,True
3303,sh605255,2025-11-27,129.8800048828125,132.3000030517578,hourly,10,False,1.5,1.0,129.6131,0.0021,0.0021,True,False,0.1586,0.0021,74.1027,0.4295,0.7527,True
3304,sh688110,2025-11-27,108.65000152587892,134.5500030517578,hourly,10,False,0.5,1.02,103.9424,0.0433,0.0453,True,False,0.1138,0.0433,87.7152,0.1927,0.2387,True
3305,sh688048,2025-11-27,103.51000213623048,114.6500015258789,hourly,10,False,0.5,1.02,96.7552,0.0653,0.0698,True,False,0.2196,0.0653,68.3849,0.3393,0.5136,True
3306,sh603122,2025-11-27,21.100000381469727,21.100000381469727,hourly,20,True,0.5,1.0,21.0996,0.0,0.0,True,False,0.1114,0.0,9.8031,0.5354,1.1524,True
3307,sz301043,2025-11-27,46.599998474121094,54.560001373291016,hourly,10,False,0.5,1.02,43.8386,0.0593,0.063,True,False,0.1011,0.0593,39.5989,0.1502,0.1768,True
3308,sz300131,2025-11-27,12.090000152587892,12.859999656677246,hourly,10,False,0.5,1.02,11.4127,0.056,0.0594,True,False,0.0939,0.056,9.8869,0.1822,0.2228,True
3309,sh688353,2025-11-27,89.01000213623047,110.0,hourly,20,False,1.0,0.95,89.0665,0.0006,-0.0006,False,False,0.0096,0.0006,54.5263,0.3874,0.6324,True
3310,sz300437,2025-11-27,16.26000022888184,19.63999938964844,hourly,20,False,1.0,0.98,16.2597,0.0,0.0,True,False,0.0389,0.0,10.6045,0.3478,0.5333,True
3311,sz002083,2025-11-27,9.300000190734865,10.3100004196167,hourly,30,False,1.5,1.0,9.2996,0.0,0.0,True,False,0.0009,0.0,6.4884,0.3023,0.4333,True
3312,sh600408,2025-11-27,4.21999979019165,4.550000190734863,daily,10,False,0.5,0.95,4.2261,0.0014,-0.0014,False,False,0.0014,0.0021,3.1499,0.2536,0.3397,True
3313,sz301292,2025-11-28,54.81999969482422,80.01000213623047,hourly,25,False,1.5,0.95,54.9357,0.0021,-0.0021,False,False,0.0041,0.0021,31.5177,0.4251,0.7393,True
3314,sz001203,2025-11-28,24.979999542236328,32.900001525878906,daily,15,False,1.0,1.0,24.9545,0.001,0.001,True,False,0.001,0.0434,17.8129,0.2869,0.4024,True
3315,sz300115,2025-11-28,35.15999984741211,42.5,hourly,20,False,1.5,1.02,35.1634,0.0001,-0.0001,False,False,0.0375,0.0001,31.1362,0.1144,0.1292,True
3316,sz300475,2025-11-28,120.87999725341798,141.6999969482422,hourly,15,False,1.5,0.95,120.9063,0.0002,-0.0002,False,False,0.002,0.0002,106.0983,0.1223,0.1393,True
3317,bj920856,2025-11-28,16.299999237060547,17.450000762939453,hourly,20,True,1.0,1.0,16.2992,0.0,0.0,True,False,0.0008,0.0,17.8437,0.0947,-0.0865,False
3318,sh688275,2025-11-28,70.30999755859375,90.0,daily,15,False,1.0,0.98,70.1803,0.0018,0.0018,True,False,0.0018,0.0019,63.8995,0.0912,0.1003,True
3319,sh688227,2025-11-28,63.0099983215332,82.0,hourly,30,False,1.0,0.98,63.0029,0.0001,0.0001,True,False,0.0497,0.0001,35.6576,0.4341,0.7671,True
3320,sh603122,2025-11-28,21.44000053405762,22.899999618530277,hourly,20,True,0.5,1.02,21.377,0.0029,0.0029,True,False,0.1158,0.0029,10.1469,0.5267,1.113,True
3321,bj920284,2025-11-28,36.0,43.0099983215332,daily,10,True,1.5,0.98,36.0786,0.0022,-0.0022,False,False,0.0022,0.0677,34.3396,0.0461,0.0484,True
3322,sz002596,2025-11-28,4.659999847412109,6.599999904632568,hourly,25,True,1.5,0.98,4.6626,0.0006,-0.0006,False,False,0.0041,0.0006,3.9457,0.1533,0.181,True
3323,sz300421,2025-11-28,23.06999969482422,25.09000015258789,hourly,10,False,0.5,1.02,20.6601,0.1045,0.1166,True,False,0.1518,0.1045,18.1676,0.2125,0.2698,True
3324,sz300300,2025-11-28,13.770000457763672,15.399999618530272,hourly,20,True,0.5,1.02,13.268,0.0365,0.0378,True,False,0.1519,0.0365,6.9687,0.4939,0.976,True
3325,sz301308,2025-11-28,232.22000122070312,249.9199981689453,hourly,15,True,1.0,0.98,232.1735,0.0002,0.0002,True,False,0.0008,0.0002,194.7801,0.1612,0.1922,True
3326,sz301201,2025-11-28,39.619998931884766,50.310001373291016,daily,20,False,0.5,0.98,39.6093,0.0003,0.0003,True,False,0.0003,0.067,32.4664,0.1806,0.2203,True
3327,sz301358,2025-11-28,60.7400016784668,76.37999725341797,daily,15,False,1.5,0.98,60.734,0.0001,0.0001,True,False,0.0001,0.0204,57.0534,0.0607,0.0646,True
3328,sz300390,2025-11-28,45.52000045776367,53.40999984741211,hourly,15,False,1.5,0.95,45.5327,0.0003,-0.0003,False,False,0.0016,0.0003,30.545,0.329,0.4903,True
3329,sh603353,2025-11-28,24.45999908447266,32.689998626708984,daily,25,False,0.5,1.0,24.4735,0.0006,-0.0006,False,False,0.0006,0.0379,20.0573,0.18,0.2195,True
3330,sz002596,2025-12-01,4.659999847412109,6.570000171661377,hourly,30,True,1.0,0.95,4.66,0.0,0.0,True,False,0.0002,0.0,3.9754,0.1469,0.1722,True
3331,bj920230,2025-12-01,11.97000026702881,13.5,hourly,10,False,1.5,0.95,11.9836,0.0011,-0.0011,False,False,0.0082,0.0011,14.1261,0.1801,-0.1526,False
3332,bj920663,2025-12-01,16.219999313354492,17.299999237060547,hourly,10,True,1.0,1.0,16.226,0.0004,-0.0004,False,False,0.0037,0.0004,19.219,0.1849,-0.156,False
3333,bj920267,2025-12-01,21.579999923706055,24.100000381469727,hourly,30,False,1.5,0.95,21.568,0.0006,0.0006,True,False,0.0091,0.0006,25.5388,0.1834,-0.155,False
3334,bj920950,2025-12-01,17.530000686645508,18.68000030517578,daily,15,False,1.0,0.98,17.534,0.0002,-0.0002,False,False,0.0002,0.0007,19.4627,0.1103,-0.0993,False
3335,bj920088,2025-12-01,29.159999847412113,31.690000534057617,hourly,20,False,1.0,0.98,29.1684,0.0003,-0.0003,False,False,0.0017,0.0003,32.4966,0.1144,-0.1027,False
3336,bj920790,2025-12-01,31.040000915527347,33.29999923706055,hourly,15,True,0.5,0.95,31.0175,0.0007,0.0007,True,False,0.0009,0.0007,37.825,0.2186,-0.1794,False
3337,bj920475,2025-12-01,15.550000190734865,17.3799991607666,hourly,15,False,0.5,0.95,15.5543,0.0003,-0.0003,False,False,0.0013,0.0003,17.8366,0.147,-0.1282,False
3338,bj920856,2025-12-01,16.299999237060547,18.32999992370605,hourly,10,True,0.5,0.98,16.3021,0.0001,-0.0001,False,False,0.0011,0.0001,17.76,0.0896,-0.0822,False
3339,bj920821,2025-12-01,26.04999923706055,28.979999542236328,hourly,20,False,1.0,1.02,26.0492,0.0,0.0,True,False,0.0002,0.0,26.5502,0.0192,-0.0188,False
3340,bj920510,2025-12-01,16.5,17.309999465942383,hourly,20,False,1.5,1.0,16.4933,0.0004,0.0004,True,False,0.0006,0.0004,18.2369,0.1053,-0.0952,False
3341,bj920701,2025-12-01,17.719999313354492,22.6299991607666,hourly,20,True,0.5,1.0,17.7198,0.0,0.0,True,False,0.0003,0.0,18.3082,0.0332,-0.0321,False
3342,bj920533,2025-12-01,26.799999237060543,28.32999992370605,hourly,10,False,0.5,1.0,26.8005,0.0,-0.0,False,False,0.0002,0.0,30.0479,0.1212,-0.1081,False
3343,sh688227,2025-12-01,62.400001525878906,80.0,hourly,30,False,1.5,0.95,62.4405,0.0006,-0.0006,False,False,0.0073,0.0006,36.5613,0.4141,0.7067,True
3344,sz300456,2025-12-01,42.0,50.0099983215332,hourly,10,False,1.5,0.95,42.127,0.003,-0.003,False,False,0.1412,0.003,24.2858,0.4218,0.7294,True
3345,bj920508,2025-12-01,21.260000228881843,23.149999618530277,hourly,15,False,0.5,0.95,21.2356,0.0011,0.0011,True,False,0.0035,0.0011,24.9149,0.1719,-0.1467,False
3346,sz300390,2025-12-01,45.52000045776368,55.18000030517578,hourly,25,True,1.5,0.95,45.5547,0.0008,-0.0008,False,False,0.0047,0.0008,31.2105,0.3144,0.4585,True
3347,sh600403,2025-12-02,6.630000114440918,8.180000305175781,daily,15,True,1.5,0.95,6.615,0.0023,0.0023,True,False,0.0023,0.1172,6.5559,0.0112,0.0113,True
3348,sz000592,2025-12-02,10.34000015258789,12.989999771118164,hourly,10,False,0.5,1.0,10.3915,0.005,-0.005,False,False,0.0838,0.005,5.764,0.4426,0.7939,True
3349,sz300456,2025-12-02,42.0,56.88999938964844,hourly,25,False,1.5,1.0,41.8852,0.0027,0.0027,True,False,0.1021,0.0027,24.6752,0.4125,0.7021,True
3350,sz002596,2025-12-02,4.659999847412109,6.579999923706055,daily,30,False,0.5,1.02,4.6631,0.0007,-0.0007,False,False,0.0007,0.0147,4.0114,0.1392,0.1617,True
3351,sh600734,2025-12-02,4.539999961853028,5.690000057220459,daily,15,False,0.5,1.0,4.5308,0.002,0.002,True,False,0.002,0.0034,3.7235,0.1798,0.2193,True
3352,sh603122,2025-12-02,21.440000534057617,24.0,hourly,10,False,1.0,0.98,21.4024,0.0018,0.0018,True,False,0.0681,0.0018,10.8626,0.4933,0.9737,True
3353,sh603216,2025-12-02,28.110000610351562,31.459999084472656,hourly,10,False,0.5,1.0,28.2752,0.0059,-0.0058,False,False,0.1819,0.0059,16.1368,0.4259,0.742,True
3354,sz000078,2025-12-02,3.410000085830689,4.199999809265137,hourly,10,False,1.0,1.02,3.386,0.007,0.0071,True,False,0.1484,0.007,2.493,0.2689,0.3678,True
3355,sh600408,2025-12-02,3.9600000381469727,5.079999923706055,daily,15,True,1.0,1.02,3.9527,0.0018,0.0019,True,False,0.0018,0.0529,3.3077,0.1647,0.1972,True
3356,sh603778,2025-12-02,11.22999954223633,12.859999656677246,hourly,10,True,0.5,1.02,11.2179,0.0011,0.0011,True,False,0.1679,0.0011,5.2123,0.5359,1.1545,True
3357,sz002976,2025-12-02,26.0,35.02000045776367,hourly,15,True,1.5,1.0,25.9958,0.0002,0.0002,True,False,0.0126,0.0002,24.1308,0.0719,0.0775,True
3358,sz002713,2025-12-02,8.550000190734865,11.140000343322754,daily,30,True,1.5,0.95,8.802,0.0295,-0.0286,False,False,0.0295,0.4131,10.3571,0.2114,-0.1745,False
3359,sz003041,2025-12-02,40.310001373291016,51.0099983215332,daily,10,False,1.5,0.98,40.3379,0.0007,-0.0007,False,False,0.0007,0.1358,31.1388,0.2275,0.2945,True
3360,bj920856,2025-12-02,16.299999237060547,17.690000534057617,hourly,15,False,0.5,0.95,16.2998,0.0,0.0,True,False,0.0011,0.0,17.6833,0.0849,-0.0782,False
3361,sz300300,2025-12-02,13.770000457763672,18.5,hourly,25,False,1.0,1.0,13.7674,0.0002,0.0002,True,False,0.0805,0.0002,7.3283,0.4678,0.879,True
3362,sh600403,2025-12-03,6.630000114440916,9.149999618530272,daily,15,True,1.5,0.95,6.6295,0.0001,0.0001,True,False,0.0001,0.1187,6.6089,0.0032,0.0032,True
3363,sz002632,2025-12-03,12.020000457763672,14.899999618530272,hourly,25,False,1.0,0.95,12.0,0.0017,0.0017,True,False,0.0037,0.0017,10.0594,0.1631,0.1949,True
3364,sz002713,2025-12-03,8.550000190734863,12.4399995803833,daily,30,True,1.5,0.95,8.9556,0.0474,-0.0453,False,False,0.0474,0.3189,10.5145,0.2298,-0.1868,False
3365,sz003018,2025-12-03,15.460000038146974,21.0,daily,20,False,0.5,0.95,15.4598,0.0,0.0,True,False,0.0,0.0338,12.7352,0.1762,0.214,True
3366,sh600734,2025-12-03,4.539999961853027,6.03000020980835,daily,15,False,0.5,0.98,4.5314,0.0019,0.0019,True,False,0.0019,0.0142,3.7584,0.1722,0.208,True
3367,sz000547,2025-12-03,16.6200008392334,17.0,hourly,10,False,0.5,1.02,15.5934,0.0618,0.0658,True,False,0.2356,0.0618,8.6806,0.4777,0.9146,True
3368,sh688670,2025-12-03,20.04000091552735,28.13999938964844,daily,10,True,1.0,0.98,20.1333,0.0047,-0.0046,False,False,0.0047,0.1334,17.1961,0.1419,0.1654,True
3369,sz002565,2025-12-03,10.10000038146973,10.600000381469728,hourly,10,False,0.5,1.02,9.3057,0.0786,0.0854,True,False,0.2172,0.0786,6.7665,0.3301,0.4927,True
3370,sh600408,2025-12-03,3.9600000381469727,5.730000019073486,daily,15,False,1.5,1.0,3.9592,0.0002,0.0002,True,False,0.0002,0.0665,3.3564,0.1524,0.1798,True
3371,bj920982,2025-12-03,223.1999969482422,230.75,hourly,25,True,0.5,1.02,223.1344,0.0003,0.0003,True,False,0.0009,0.0003,238.7859,0.0698,-0.0653,False
3372,sz301557,2025-12-03,117.5,133.0,daily,10,False,0.5,1.02,118.5378,0.0088,-0.0088,False,False,0.0088,0.2135,90.7083,0.228,0.2954,True
3373,sz002474,2025-12-03,9.210000038146973,10.8100004196167,daily,30,False,0.5,1.02,9.207,0.0003,0.0003,True,False,0.0003,0.0946,7.7163,0.1622,0.1936,True
3374,sh603353,2025-12-03,24.459999084472656,35.630001068115234,daily,10,True,1.5,1.0,24.4387,0.0009,0.0009,True,False,0.0009,0.1062,20.971,0.1426,0.1664,True
3375,sh600829,2025-12-03,10.699999809265137,13.890000343322754,daily,15,True,1.5,1.02,10.682,0.0017,0.0017,True,False,0.0017,0.0737,9.7627,0.0876,0.096,True
3376,sz000691,2025-12-03,7.4000000953674325,11.029999732971191,daily,30,True,1.5,0.95,8.6504,0.169,-0.1445,False,False,0.169,0.1961,9.5063,0.2846,-0.2216,False
3377,sz301043,2025-12-03,51.20000076293945,59.90999984741211,hourly,15,False,0.5,1.02,51.4429,0.0047,-0.0047,False,False,0.1304,0.0047,39.6418,0.2257,0.2916,True
3378,sz300589,2025-12-03,17.700000762939453,22.850000381469727,daily,10,False,0.5,0.95,17.6447,0.0031,0.0031,True,False,0.0031,0.0144,13.6334,0.2298,0.2983,True
3379,sz002300,2025-12-04,8.899999618530275,9.329999923706056,hourly,10,False,0.5,1.02,8.2285,0.0754,0.0816,True,False,0.1489,0.0754,6.463,0.2738,0.3771,True
3380,sh603696,2025-12-04,17.34000015258789,17.34000015258789,hourly,10,False,0.5,1.02,14.5474,0.161,0.192,True,False,0.2285,0.161,11.6728,0.3268,0.4855,True
3381,sz000547,2025-12-04,17.79999923706055,18.0,hourly,10,False,0.5,1.02,15.6166,0.1227,0.1398,True,False,0.2549,0.1227,8.8248,0.5042,1.017,True
3382,bj920225,2025-12-04,28.06999969482422,31.489999771118164,daily,25,True,1.0,0.95,28.1392,0.0025,-0.0025,False,False,0.0025,0.0236,29.6202,0.0552,-0.0523,False
3383,sz000510,2025-12-04,8.84000015258789,10.359999656677246,hourly,15,False,0.5,1.02,8.7919,0.0054,0.0055,True,False,0.0975,0.0054,5.8557,0.3376,0.5096,True
3384,sz301232,2025-12-04,71.3499984741211,71.3499984741211,daily,10,False,0.5,1.02,52.9969,0.2572,0.3463,True,False,0.2572,0.4128,42.5691,0.4034,0.6761,True
3385,sz300300,2025-12-04,13.770000457763672,16.229999542236328,hourly,30,False,1.0,0.95,13.7568,0.001,0.001,True,False,0.0557,0.001,7.6933,0.4413,0.7899,True
3386,sz002632,2025-12-04,12.020000457763674,14.600000381469728,hourly,20,True,1.0,0.98,12.0233,0.0003,-0.0003,False,False,0.004,0.0003,10.1325,0.157,0.1863,True
3387,sz000078,2025-12-04,3.4100000858306885,4.820000171661377,hourly,30,False,1.0,0.95,3.416,0.0017,-0.0017,False,False,0.0163,0.0017,2.5299,0.2581,0.3479,True
3388,sz301111,2025-12-04,19.0,27.299999237060547,daily,15,False,0.5,0.98,18.9983,0.0001,0.0001,True,False,0.0001,0.0005,16.5057,0.1313,0.1511,True
3389,sh600734,2025-12-04,4.539999961853028,5.429999828338623,daily,20,False,0.5,1.0,4.5462,0.0014,-0.0014,False,False,0.0014,0.0325,3.7958,0.1639,0.1961,True
3390,sz000692,2025-12-04,3.4100000858306885,4.550000190734863,daily,30,True,1.0,0.95,3.4053,0.0014,0.0014,True,False,0.0014,0.0213,3.602,0.0563,-0.0533,False
3391,bj920510,2025-12-04,16.5,17.0,daily,15,False,0.5,0.98,16.4993,0.0,0.0,True,False,0.0,0.0001,17.9896,0.0903,-0.0828,False
3392,sh603353,2025-12-04,24.459999084472656,35.220001220703125,daily,20,False,1.5,0.98,24.4681,0.0003,-0.0003,False,False,0.0003,0.1278,21.304,0.129,0.1481,True
3393,bj920116,2025-12-04,76.16000366210938,82.5,daily,10,False,0.5,1.02,70.6268,0.0727,0.0783,True,False,0.0727,0.2665,65.9481,0.1341,0.1548,True
3394,bj920564,2025-12-04,21.799999237060547,22.59000015258789,daily,30,True,0.5,1.0,21.8762,0.0035,-0.0035,False,False,0.0035,0.088,20.9707,0.038,0.0395,True
3395,sz300250,2025-12-04,23.65999984741211,32.869998931884766,daily,30,False,0.5,0.95,23.64,0.0008,0.0008,True,False,0.0008,0.0619,22.4773,0.05,0.0526,True
3396,sz301136,2025-12-04,19.329999923706055,23.93000030517578,hourly,10,False,0.5,1.0,19.3753,0.0023,-0.0023,False,False,0.1813,0.0023,12.2132,0.3682,0.5827,True
3397,bj920790,2025-12-05,32.18000030517578,32.599998474121094,hourly,25,True,1.0,1.0,32.1999,0.0006,-0.0006,False,False,0.0018,0.0006,36.7071,0.1407,-0.1233,False
3398,sh600151,2025-12-05,12.829999923706055,14.0,hourly,10,False,0.5,1.02,11.6877,0.089,0.0977,True,False,0.246,0.089,7.9594,0.3796,0.6119,True
3399,bj920225,2025-12-05,28.069999694824222,32.619998931884766,hourly,10,False,1.5,0.95,28.0747,0.0002,-0.0002,False,False,0.001,0.0002,29.685,0.0575,-0.0544,False
3400,sh688048,2025-12-05,124.0,132.17999267578125,hourly,10,True,0.5,1.02,108.6076,0.1241,0.1417,True,False,0.2178,0.1241,72.2994,0.4169,0.7151,True
3401,sz300300,2025-12-05,13.770000457763672,18.200000762939453,hourly,30,True,1.0,1.0,13.7581,0.0009,0.0009,True,False,0.0222,0.0009,7.8888,0.4271,0.7455,True
3402,sz000510,2025-12-05,8.84000015258789,10.460000038146973,hourly,15,True,0.5,1.02,8.8391,0.0001,0.0001,True,False,0.0597,0.0001,5.936,0.3285,0.4892,True
3403,sz300421,2025-12-05,26.03000068664551,28.0,hourly,10,True,0.5,1.02,23.7651,0.087,0.0953,True,False,0.1784,0.087,18.4667,0.2906,0.4096,True
3404,sz002348,2025-12-05,5.71999979019165,5.949999809265137,hourly,20,False,0.5,1.0,5.7016,0.0032,0.0032,True,False,0.0763,0.0032,4.1817,0.2689,0.3679,True
3405,sz301232,2025-12-05,76.23999786376953,77.0,daily,10,False,0.5,1.02,55.8394,0.2676,0.3653,True,False,0.2676,0.393,42.9659,0.4364,0.7744,True
3406,sh600734,2025-12-05,4.539999961853027,6.130000114440918,daily,15,False,1.0,1.0,4.5199,0.0044,0.0044,True,False,0.0044,0.0486,3.8333,0.1557,0.1844,True
3407,sz301136,2025-12-05,19.329999923706055,27.350000381469727,hourly,20,False,1.0,1.0,19.3226,0.0004,0.0004,True,False,0.1389,0.0004,12.314,0.363,0.5698,True
3408,sz301111,2025-12-05,19.0,25.299999237060547,daily,15,False,0.5,0.95,19.0039,0.0002,-0.0002,False,False,0.0002,0.0101,16.6122,0.1257,0.1437,True
3409,sh603778,2025-12-05,11.22999954223633,13.100000381469728,hourly,10,False,1.5,0.98,11.2654,0.0032,-0.0031,False,False,0.079,0.0032,5.7174,0.4909,0.9642,True
3410,sz300959,2025-12-05,94.08000183105469,110.8499984741211,daily,30,True,0.5,1.0,94.5007,0.0045,-0.0045,False,False,0.0045,0.0662,95.4975,0.0151,-0.0148,False
3411,sz001203,2025-12-08,24.979999542236328,27.799999237060547,hourly,15,False,1.5,0.98,24.9742,0.0002,0.0002,True,False,0.0009,0.0002,19.882,0.2041,0.2564,True
3412,sz000078,2025-12-08,3.4100000858306885,4.809999942779541,hourly,30,True,1.0,0.98,3.399,0.0032,0.0032,True,False,0.0047,0.0032,2.5938,0.2394,0.3147,True
3413,sh605178,2025-12-08,49.900001525878906,57.0099983215332,daily,20,True,1.5,0.98,49.7884,0.0022,0.0022,True,False,0.0022,0.0128,49.7114,0.0038,0.0038,True
3414,bj920790,2025-12-08,32.18000030517579,33.31999969482422,daily,10,True,0.5,0.98,32.1696,0.0003,0.0003,True,False,0.0003,0.0008,36.426,0.1319,-0.1166,False
3415,sz000547,2025-12-08,19.200000762939453,21.5,hourly,10,False,0.5,1.02,18.5058,0.0362,0.0375,True,False,0.2093,0.0362,9.1848,0.5216,1.0904,True
3416,sz002961,2025-12-08,26.110000610351562,29.209999084472656,hourly,10,False,0.5,1.02,24.2447,0.0714,0.0769,True,False,0.1054,0.0714,21.2182,0.1874,0.2306,True
3417,sz002585,2025-12-08,6.139999866485596,7.550000190734863,hourly,25,False,1.5,1.02,6.1425,0.0004,-0.0004,False,False,0.0009,0.0004,5.44,0.114,0.1287,True
3418,sz300475,2025-12-08,127.37000274658203,140.82000732421875,hourly,30,False,1.0,1.02,127.4216,0.0004,-0.0004,False,False,0.0011,0.0004,111.7796,0.1224,0.1395,True
3419,sz300394,2025-12-08,188.5500030517578,236.0,daily,10,False,0.5,1.02,163.3579,0.1336,0.1542,True,False,0.1336,0.2828,145.5184,0.2282,0.2957,True
3420,sz300421,2025-12-08,26.03000068664551,30.51000022888184,hourly,10,False,0.5,1.02,25.0671,0.037,0.0384,True,False,0.1586,0.037,18.5307,0.2881,0.4047,True
3421,sz002300,2025-12-08,8.899999618530273,9.6899995803833,hourly,10,False,1.5,0.95,8.8871,0.0015,0.0015,True,False,0.0987,0.0015,6.5359,0.2656,0.3617,True
3422,sz002240,2025-12-08,28.540000915527344,30.8799991607666,daily,20,False,1.0,1.0,28.5497,0.0003,-0.0003,False,False,0.0003,0.0025,24.683,0.1351,0.1563,True
3423,sh688048,2025-12-08,122.30000305175784,140.94000244140625,hourly,10,False,0.5,1.02,119.505,0.0229,0.0234,True,False,0.17,0.0229,73.1584,0.4018,0.6717,True
3424,sz300427,2025-12-08,11.659999847412111,12.9399995803833,hourly,10,False,0.5,1.02,9.6893,0.169,0.2034,True,False,0.2513,0.169,6.6489,0.4298,0.7537,True
3425,sz301232,2025-12-08,90.08000183105467,90.08000183105467,daily,10,False,0.5,1.02,58.2384,0.3535,0.5467,True,False,0.3535,0.429,43.3996,0.5182,1.0756,True
3426,sh688109,2025-12-08,110.91999816894531,168.99000549316406,daily,25,True,1.0,1.0,110.8757,0.0004,0.0004,True,False,0.0004,0.2671,110.8757,0.0004,0.0004,True
3427,sz300390,2025-12-08,45.52000045776367,50.900001525878906,daily,10,True,0.5,0.98,45.4993,0.0005,0.0005,True,False,0.0005,0.0035,34.4255,0.2437,0.3223,True
3428,sh600734,2025-12-08,4.539999961853027,6.840000152587891,daily,10,False,1.5,1.0,4.5485,0.0019,-0.0019,False,False,0.0019,0.0631,3.8752,0.1464,0.1716,True
3429,sz301486,2025-12-09,99.83999633789064,119.01000213623048,hourly,10,False,0.5,1.02,98.7858,0.0106,0.0107,True,False,0.1784,0.0106,76.4011,0.2348,0.3068,True
3430,sz002961,2025-12-09,26.110000610351562,29.0,hourly,15,False,0.5,1.0,26.1575,0.0018,-0.0018,False,False,0.0737,0.0018,21.2741,0.1852,0.2273,True
3431,sz300427,2025-12-09,11.65999984741211,13.270000457763672,hourly,10,False,0.5,1.02,11.5968,0.0054,0.0055,True,False,0.2143,0.0054,6.7215,0.4235,0.7347,True
3432,sh603386,2025-12-09,14.399999618530273,18.5,hourly,10,True,1.5,0.98,14.3993,0.0001,0.0001,True,False,0.0227,0.0001,12.6412,0.1221,0.1391,True
3433,sz002682,2025-12-09,7.849999904632568,9.800000190734863,hourly,15,False,1.5,1.0,7.8607,0.0014,-0.0014,False,False,0.0858,0.0014,5.1898,0.3389,0.5126,True
3434,sz301136,2025-12-09,19.329999923706055,25.1200008392334,hourly,20,True,1.0,0.98,19.3158,0.0007,0.0007,True,False,0.0144,0.0007,12.641,0.346,0.5292,True
3435,sh600151,2025-12-09,13.630000114440918,14.640000343322754,hourly,10,False,0.5,1.02,13.3101,0.0235,0.024,True,False,0.2253,0.0235,8.0804,0.4072,0.6868,True
3436,sz002702,2025-12-09,6.920000076293944,10.170000076293944,daily,15,False,0.5,1.0,6.9325,0.0018,-0.0018,False,False,0.0018,0.0048,4.939,0.2863,0.4011,True
3437,sh600734,2025-12-09,4.539999961853027,6.460000038146973,daily,10,True,0.5,0.95,4.5541,0.0031,-0.0031,False,False,0.0031,0.0855,3.9211,0.1363,0.1579,True
3438,sh688195,2025-12-09,157.11000061035156,186.0,daily,10,False,0.5,1.02,155.8923,0.0078,0.0078,True,False,0.0078,0.234,113.5629,0.2772,0.3835,True
3439,sz300959,2025-12-09,94.08000183105469,140.0800018310547,daily,30,False,1.5,0.98,94.0228,0.0006,0.0006,True,False,0.0006,0.0572,96.6987,0.0278,-0.0271,False
3440,sz300421,2025-12-09,26.030000686645508,30.780000686645508,hourly,15,False,0.5,1.0,25.9773,0.002,0.002,True,False,0.1002,0.002,18.6461,0.2837,0.396,True
3441,sz301232,2025-12-09,94.40000152587893,97.55999755859376,daily,10,False,0.5,1.02,62.9904,0.3327,0.4986,True,False,0.3327,0.3773,43.9583,0.5343,1.1475,True
3442,sh688109,2025-12-09,110.91999816894531,172.89999389648438,daily,25,True,1.0,0.98,110.2351,0.0062,0.0062,True,False,0.0062,0.2754,112.4848,0.0141,-0.0139,False
3443,sz001203,2025-12-10,24.979999542236325,28.11000061035156,hourly,20,False,1.0,0.95,24.9795,0.0,0.0,True,False,0.0,0.0,20.424,0.1824,0.2231,True
3444,sh688048,2025-12-10,122.30000305175781,152.63999938964844,hourly,15,True,0.5,1.0,122.3859,0.0007,-0.0007,False,False,0.0682,0.0007,75.5161,0.3825,0.6195,True
3445,sz003016,2025-12-10,8.880000114440918,12.149999618530272,daily,20,False,1.0,1.02,8.8818,0.0002,-0.0002,False,False,0.0002,0.0038,8.1326,0.0842,0.0919,True
3446,sz301486,2025-12-10,99.83999633789062,122.77999877929688,hourly,20,False,0.5,1.0,99.7969,0.0004,0.0004,True,False,0.1203,0.0004,76.5139,0.2336,0.3049,True
3447,sz300390,2025-12-10,45.52000045776368,52.900001525878906,daily,15,False,1.0,1.02,45.501,0.0004,0.0004,True,False,0.0004,0.0004,35.5349,0.2194,0.281,True
3448,bj920576,2025-12-10,34.959999084472656,37.27000045776367,hourly,10,False,0.5,1.02,31.3475,0.1033,0.1152,True,False,0.156,0.1033,28.0286,0.1983,0.2473,True
3449,sz300300,2025-12-10,13.5,18.0,daily,15,False,0.5,0.98,13.5385,0.0029,-0.0028,False,False,0.0029,0.0128,8.5632,0.3657,0.5765,True
3450,sz301285,2025-12-10,65.0,67.41000366210938,hourly,10,False,0.5,1.02,57.5373,0.1148,0.1297,True,False,0.1723,0.1148,47.8338,0.2641,0.3589,True
3451,sh603696,2025-12-10,18.340000152587887,21.86000061035156,hourly,25,False,0.5,0.95,18.3422,0.0001,-0.0001,False,False,0.0672,0.0001,12.0872,0.3409,0.5173,True
3452,sz000905,2025-12-10,12.510000228881836,16.399999618530273,hourly,10,True,0.5,1.02,12.5175,0.0006,-0.0006,False,False,0.0475,0.0006,9.5359,0.2377,0.3119,True
3453,sz002752,2025-12-10,6.579999923706055,8.5600004196167,daily,20,False,0.5,1.0,6.5819,0.0003,-0.0003,False,False,0.0003,0.001,5.8206,0.1154,0.1305,True
3454,sz300456,2025-12-10,50.2599983215332,58.310001373291016,hourly,10,False,1.0,1.02,50.3885,0.0026,-0.0026,False,False,0.1265,0.0026,27.474,0.4534,0.8294,True
3455,sh688682,2025-12-10,46.740001678466804,53.0,hourly,10,False,0.5,1.02,41.6316,0.1093,0.1227,True,False,0.194,0.1093,31.0344,0.336,0.5061,True
3456,sh600828,2025-12-10,5.510000228881836,7.28000020980835,daily,10,False,0.5,1.02,5.5156,0.001,-0.001,False,False,0.001,0.0014,4.2194,0.2342,0.3059,True
3457,bj920790,2025-12-10,32.77000045776367,33.97999954223633,hourly,25,False,0.5,1.02,32.7686,0.0,0.0,True,False,0.0007,0.0,35.8964,0.0954,-0.0871,False
3458,sz001267,2025-12-10,20.44000053405762,22.34000015258789,hourly,10,False,0.5,1.02,20.4322,0.0004,0.0004,True,False,0.0874,0.0004,16.3305,0.2011,0.2516,True
3459,sz300751,2025-12-10,152.19000244140625,163.7100067138672,hourly,10,False,0.5,1.02,143.1567,0.0594,0.0631,True,False,0.2,0.0594,96.8084,0.3639,0.5721,True
3460,sz300421,2025-12-10,26.030000686645508,32.34000015258789,hourly,15,False,1.0,0.95,26.0872,0.0022,-0.0022,False,False,0.0617,0.0022,18.7916,0.2781,0.3852,True
3461,sz002149,2025-12-10,25.0,26.0,hourly,10,False,0.5,1.02,22.8826,0.0847,0.0925,True,False,0.1899,0.0847,16.9702,0.3212,0.4732,True
3462,sz002235,2025-12-11,10.0,13.020000457763672,hourly,15,True,1.0,0.98,9.9982,0.0002,0.0002,True,False,0.0041,0.0002,7.4739,0.2526,0.338,True
3463,sh603601,2025-12-11,7.849999904632568,8.0,hourly,10,False,0.5,1.02,6.7349,0.142,0.1656,True,False,0.2387,0.142,4.7383,0.3964,0.6567,True
3464,bj920116,2025-12-11,78.0,87.19000244140625,daily,10,False,0.5,1.02,73.3004,0.0603,0.0641,True,False,0.0603,0.2752,66.2705,0.1504,0.177,True
3465,bj920665,2025-12-11,13.800000190734863,15.0,hourly,10,True,0.5,1.02,13.739,0.0044,0.0044,True,False,0.0402,0.0044,12.5108,0.0934,0.103,True
3466,sh600693,2025-12-11,13.430000305175781,14.0,hourly,10,False,0.5,1.02,13.1252,0.0227,0.0232,True,False,0.1847,0.0227,7.4194,0.4475,0.8101,True
3467,sz002713,2025-12-11,8.550000190734863,10.199999809265137,hourly,10,False,1.5,0.95,9.5117,0.1125,-0.1011,False,False,0.1166,0.1125,11.0036,0.287,-0.223,False
3468,sh603778,2025-12-11,11.22999954223633,12.59000015258789,hourly,30,True,1.5,1.0,11.2218,0.0007,0.0007,True,False,0.004,0.0007,6.4993,0.4213,0.7279,True
3469,sh600343,2025-12-11,35.02000045776368,36.470001220703125,hourly,10,False,0.5,1.02,31.1657,0.1101,0.1237,True,False,0.2808,0.1101,16.2393,0.5363,1.1565,True
3470,bj920640,2025-12-11,34.5099983215332,38.34000015258789,hourly,10,True,0.5,1.02,34.5035,0.0002,0.0002,True,False,0.0506,0.0002,29.8162,0.136,0.1574,True
3471,bj920092,2025-12-11,30.399999618530273,30.8700008392334,hourly,20,False,0.5,1.02,30.3791,0.0007,0.0007,True,False,0.0009,0.0007,32.6724,0.0747,-0.0696,False
3472,sh600330,2025-12-11,10.31999969482422,12.600000381469728,hourly,30,False,1.5,1.0,10.3203,0.0,-0.0,False,False,0.0126,0.0,9.357,0.0933,0.1029,True
3473,bj920575,2025-12-11,8.199999809265138,11.079999923706056,hourly,10,False,1.5,0.95,10.2189,0.2462,-0.1976,False,False,0.2529,0.2462,12.6495,0.5426,-0.3518,False
3474,sz300427,2025-12-11,11.65999984741211,12.479999542236328,hourly,10,True,1.0,1.02,11.6662,0.0005,-0.0005,False,False,0.1369,0.0005,6.9067,0.4077,0.6882,True
3475,sz003031,2025-12-11,65.38999938964845,70.23999786376953,hourly,10,False,1.5,0.98,65.3869,0.0,0.0,True,False,0.0704,0.0,53.1851,0.1866,0.2295,True
3476,bj920414,2025-12-11,11.149999618530275,11.470000267028809,hourly,10,False,1.5,1.02,11.1459,0.0004,0.0004,True,False,0.0015,0.0004,12.7264,0.1414,-0.1239,False
3477,bj920445,2025-12-11,11.609999656677248,12.600000381469728,hourly,20,False,1.0,0.98,11.624,0.0012,-0.0012,False,False,0.0034,0.0012,10.9236,0.0591,0.0628,True
3478,bj920719,2025-12-11,12.399999618530273,12.789999961853027,daily,20,False,1.5,1.02,12.4015,0.0001,-0.0001,False,False,0.0001,0.0009,13.5628,0.0938,-0.0857,False
3479,sz000905,2025-12-11,12.510000228881836,15.15999984741211,hourly,30,False,1.5,0.98,12.5174,0.0006,-0.0006,False,False,0.0162,0.0006,9.6173,0.2312,0.3008,True
3480,sz002235,2025-12-12,10.0,12.770000457763672,hourly,20,True,0.5,0.95,9.9772,0.0023,0.0023,True,False,0.0058,0.0023,7.5704,0.243,0.3209,True
3481,bj920299,2025-12-12,20.110000610351562,24.559999465942383,hourly,10,False,0.5,0.98,20.0529,0.0028,0.0028,True,False,0.0422,0.0028,18.0699,0.1014,0.1129,True
3482,sh603601,2025-12-12,8.399999618530275,8.84000015258789,hourly,10,False,0.5,1.02,7.4059,0.1183,0.1342,True,False,0.251,0.1183,4.7843,0.4304,0.7557,True
3483,bj920961,2025-12-12,27.260000228881836,30.850000381469727,hourly,10,False,0.5,1.02,26.658,0.0221,0.0226,True,False,0.0606,0.0221,24.3006,0.1086,0.1218,True
3484,sz300265,2025-12-12,12.210000038146973,14.510000228881836,hourly,10,False,0.5,1.02,11.2833,0.0759,0.0821,True,False,0.1775,0.0759,9.1984,0.2467,0.3274,True
3485,bj920116,2025-12-12,78.0,89.30000305175781,daily,10,False,0.5,1.02,74.8734,0.0401,0.0418,True,False,0.0401,0.2541,66.3721,0.1491,0.1752,True
3486,bj920407,2025-12-12,23.100000381469727,26.0,hourly,15,False,1.0,1.02,23.0532,0.002,0.002,True,False,0.0991,0.002,19.8326,0.1414,0.1647,True
3487,sz301232,2025-12-12,95.80000305175781,112.27999877929688,daily,10,False,0.5,1.02,76.9456,0.1968,0.245,True,False,0.1968,0.2801,46.5281,0.5143,1.059,True
3488,sz001330,2025-12-12,7.4499998092651385,12.65999984741211,daily,20,False,1.0,0.95,7.4688,0.0025,-0.0025,False,False,0.0025,0.0644,6.4086,0.1398,0.1625,True
3489,bj920665,2025-12-12,13.800000190734865,15.3100004196167,hourly,15,True,0.5,1.02,13.788,0.0009,0.0009,True,False,0.0415,0.0009,12.4774,0.0958,0.106,True
3490,sz003031,2025-12-12,65.38999938964844,73.5999984741211,hourly,25,False,1.5,1.02,65.4415,0.0008,-0.0008,False,False,0.0511,0.0008,53.3889,0.1835,0.2248,True
3491,sz301286,2025-12-12,41.349998474121094,45.380001068115234,hourly,10,False,0.5,1.02,38.6823,0.0645,0.069,True,False,0.1224,0.0645,29.3507,0.2902,0.4088,True
3492,sz300427,2025-12-12,11.65999984741211,13.869999885559082,hourly,15,False,1.5,0.98,11.6566,0.0003,0.0003,True,False,0.1176,0.0003,7.0068,0.3991,0.6641,True
3493,sh603709,2025-12-12,15.899999618530273,24.989999771118164,daily,10,True,0.5,1.02,15.8975,0.0002,0.0002,True,False,0.0002,0.0009,14.7741,0.0708,0.0762,True
3494,sh688719,2025-12-12,42.68000030517578,55.15999984741211,daily,10,False,0.5,1.02,42.6776,0.0001,0.0001,True,False,0.0001,0.0003,36.8602,0.1364,0.1579,True
3495,sz300445,2025-12-12,23.229999542236328,25.40999984741211,hourly,15,True,0.5,1.02,21.2487,0.0853,0.0932,True,False,0.1133,0.0853,19.1427,0.1759,0.2135,True
3496,sh600105,2025-12-12,18.65999984741211,21.420000076293945,hourly,20,False,1.5,1.02,18.6572,0.0002,0.0002,True,False,0.0806,0.0002,13.5795,0.2723,0.3741,True
3497,sh603163,2025-12-12,57.93000030517578,64.19999694824219,hourly,15,True,1.0,1.02,57.8936,0.0006,0.0006,True,False,0.0475,0.0006,43.7554,0.2447,0.3239,True
3498,bj920576,2025-12-15,63.849998474121094,67.0,hourly,10,False,0.5,1.02,50.5797,0.2078,0.2624,True,False,0.4429,0.2078,28.0134,0.5613,1.2793,True
3499,bj920665,2025-12-15,13.800000190734863,19.0,hourly,15,True,1.0,1.02,13.7999,0.0,0.0,True,False,0.0429,0.0,12.4346,0.0989,0.1098,True
3500,sh603601,2025-12-15,8.399999618530273,9.0,hourly,10,False,0.5,1.02,8.0854,0.0374,0.0389,True,False,0.208,0.0374,4.841,0.4237,0.7352,True
3501,sz002639,2025-12-15,17.799999237060547,20.68000030517578,hourly,10,False,0.5,1.02,17.4509,0.0196,0.02,True,False,0.1342,0.0196,12.0738,0.3217,0.4743,True
3502,bj920116,2025-12-15,78.0,88.9000015258789,daily,10,False,0.5,1.02,76.7845,0.0156,0.0158,True,False,0.0156,0.2224,66.5358,0.147,0.1723,True
3503,sh600408,2025-12-15,3.9600000381469727,5.039999961853027,daily,10,False,1.5,0.98,3.9599,0.0,0.0,True,False,0.0,0.0709,3.7011,0.0654,0.07,True
3504,sz002235,2025-12-15,10.0,12.9399995803833,hourly,25,True,1.0,0.95,10.0103,0.001,-0.001,False,False,0.0015,0.001,7.6741,0.2326,0.3031,True
3505,sh688720,2025-12-15,58.849998474121094,66.0,daily,10,False,0.5,1.02,52.1689,0.1135,0.1281,True,False,0.1135,0.3401,48.7829,0.1711,0.2064,True
3506,sz300423,2025-12-15,8.229999542236328,9.59000015258789,hourly,10,False,0.5,1.02,8.2751,0.0055,-0.0054,False,False,0.062,0.0055,7.2297,0.1215,0.1384,True
3507,sz000609,2025-12-15,7.679999828338622,9.899999618530272,daily,30,True,1.0,0.98,7.7121,0.0042,-0.0042,False,False,0.0042,0.0955,8.5104,0.1081,-0.0976,False
3508,sz002565,2025-12-15,13.3100004196167,16.5,hourly,25,False,1.5,1.02,13.3273,0.0013,-0.0013,False,False,0.0827,0.0013,7.5155,0.4354,0.771,True
3509,bj920299,2025-12-15,20.110000610351562,22.65999984741211,hourly,25,True,0.5,1.02,20.1185,0.0004,-0.0004,False,False,0.0343,0.0004,18.0596,0.102,0.1135,True
3510,sz002682,2025-12-15,7.110000133514404,10.739999771118164,daily,20,False,0.5,1.0,7.1061,0.0005,0.0005,True,False,0.0005,0.0194,5.5053,0.2257,0.2915,True
3511,bj920943,2025-12-15,24.450000762939453,26.8799991607666,hourly,20,False,0.5,1.02,24.4969,0.0019,-0.0019,False,False,0.0301,0.0019,22.3438,0.0861,0.0943,True
3512,sz301286,2025-12-15,41.349998474121094,47.65999984741211,hourly,10,False,0.5,1.02,41.3401,0.0002,0.0002,True,False,0.0958,0.0002,29.6042,0.2841,0.3968,True
3513,bj920575,2025-12-15,8.199999809265137,10.170000076293944,daily,10,False,1.5,0.95,9.8666,0.2032,-0.1689,False,False,0.2032,0.2401,12.4989,0.5243,-0.3439,False
3514,sh688670,2025-12-15,20.040000915527347,23.850000381469727,daily,15,False,1.5,0.98,20.0819,0.0021,-0.0021,False,False,0.0021,0.0599,18.9305,0.0554,0.0586,True
3515,bj920857,2025-12-15,30.500000000000007,37.18000030517578,hourly,30,True,1.0,0.98,30.492,0.0003,0.0003,True,False,0.0004,0.0003,27.8913,0.0855,0.0935,True
3516,bj920576,2025-12-16,65.56999969482423,76.0,hourly,10,False,0.5,1.02,60.1656,0.0824,0.0898,True,False,0.4097,0.0824,28.1548,0.5706,1.3289,True
3517,bj920665,2025-12-16,13.800000190734865,16.549999237060547,hourly,10,True,1.5,0.95,13.8081,0.0006,-0.0006,False,False,0.0227,0.0006,12.4114,0.1006,0.1119,True
3518,sz000890,2025-12-16,5.039999961853027,6.429999828338623,hourly,15,True,1.0,0.98,5.0509,0.0022,-0.0022,False,False,0.0045,0.0022,4.3359,0.1397,0.1624,True
3519,bj920092,2025-12-16,35.849998474121094,39.0,daily,30,True,0.5,1.02,34.283,0.0437,0.0457,True,False,0.0437,0.1352,32.0874,0.105,0.1173,True
3520,sh600879,2025-12-16,15.5,17.760000228881836,hourly,10,False,0.5,1.02,15.0733,0.0275,0.0283,True,False,0.1578,0.0275,10.6923,0.3102,0.4496,True
3521,sz002235,2025-12-16,10.000000000000002,11.199999809265137,hourly,30,True,1.0,0.95,10.0269,0.0027,-0.0027,False,False,0.0054,0.0027,7.7789,0.2221,0.2855,True
3522,sh605255,2025-12-16,140.16000366210938,150.2100067138672,hourly,15,True,1.0,1.02,140.2023,0.0003,-0.0003,False,False,0.0584,0.0003,88.9693,0.3652,0.5754,True
3523,bj920943,2025-12-16,24.450000762939457,26.229999542236328,hourly,20,False,1.0,1.0,24.4526,0.0001,-0.0001,False,False,0.0313,0.0001,22.3133,0.0874,0.0958,True
3524,sh600151,2025-12-16,14.449999809265137,16.799999237060547,hourly,15,False,1.0,0.95,14.4458,0.0003,0.0003,True,False,0.1137,0.0003,8.6276,0.4029,0.6749,True
3525,bj920961,2025-12-16,27.260000228881843,29.13999938964844,hourly,20,False,0.5,0.95,27.2858,0.0009,-0.0009,False,False,0.0179,0.0009,24.312,0.1081,0.1213,True
3526,sz301306,2025-12-16,96.9800033569336,96.9800033569336,hourly,10,False,0.5,1.02,81.7423,0.1571,0.1864,True,False,0.3297,0.1571,52.9771,0.4537,0.8306,True
3527,bj920726,2025-12-16,20.1200008392334,23.209999084472656,hourly,20,True,1.5,1.0,20.1311,0.0006,-0.0005,False,False,0.0011,0.0006,18.61,0.0751,0.0811,True
3528,sz300997,2025-12-16,25.709999084472656,31.489999771118164,hourly,10,False,1.0,1.02,25.5724,0.0054,0.0054,True,False,0.0844,0.0054,19.3001,0.2493,0.3321,True
3529,sh688031,2025-12-16,89.0,89.0,hourly,10,False,0.5,1.02,80.4264,0.0963,0.1066,True,False,0.2152,0.0963,58.0948,0.3472,0.532,True
3530,sh603929,2025-12-16,86.86000061035156,88.4000015258789,hourly,10,False,0.5,1.02,85.1305,0.0199,0.0203,True,False,0.156,0.0199,49.2288,0.4332,0.7644,True
3531,bj920184,2025-12-16,17.450000762939453,19.09000015258789,hourly,25,True,1.5,1.02,17.4477,0.0001,0.0001,True,False,0.0007,0.0001,18.4833,0.0592,-0.0559,False
3532,sz002565,2025-12-16,13.3100004196167,16.079999923706055,hourly,25,False,1.0,0.95,13.3325,0.0017,-0.0017,False,False,0.0434,0.0017,7.6868,0.4225,0.7315,True
3533,bj920491,2025-12-16,27.739999771118164,28.290000915527344,daily,30,True,1.5,1.0,27.7003,0.0014,0.0014,True,False,0.0014,0.0155,27.918,0.0064,-0.0064,False
3534,bj920942,2025-12-16,30.399999618530273,32.0,hourly,10,False,0.5,0.98,30.4002,0.0,-0.0,False,False,0.0004,0.0,33.3766,0.0979,-0.0892,False
3535,bj920576,2025-12-17,65.56999969482422,78.9000015258789,hourly,10,False,1.0,1.02,65.7622,0.0029,-0.0029,False,False,0.331,0.0029,28.4667,0.5659,1.3034,True
3536,bj920223,2025-12-17,21.1200008392334,24.0,hourly,15,False,0.5,1.02,21.1223,0.0001,-0.0001,False,False,0.0069,0.0001,19.1571,0.0929,0.1025,True
3537,bj920726,2025-12-17,20.1200008392334,23.290000915527344,hourly,30,True,1.0,0.98,20.1268,0.0003,-0.0003,False,False,0.0015,0.0003,18.6322,0.0739,0.0799,True
3538,bj920171,2025-12-17,23.000000000000004,25.0,hourly,10,False,0.5,1.02,22.8407,0.0069,0.007,True,False,0.0089,0.0069,21.6225,0.0599,0.0637,True
3539,sz002639,2025-12-17,17.799999237060547,18.5,hourly,15,False,1.0,0.98,17.8088,0.0005,-0.0005,False,False,0.0824,0.0005,12.3186,0.3079,0.445,True
3540,sz000609,2025-12-17,7.659999847412109,9.869999885559082,daily,30,True,1.0,0.95,7.6295,0.004,0.004,True,False,0.004,0.136,8.6336,0.1271,-0.1128,False
3541,bj920407,2025-12-17,23.600000381469727,25.68000030517578,hourly,10,True,0.5,0.98,23.546,0.0023,0.0023,True,False,0.1017,0.0023,19.7603,0.1627,0.1943,True
3542,sh603778,2025-12-17,12.239999771118164,12.789999961853027,hourly,20,True,0.5,1.0,12.2401,0.0,-0.0,False,False,0.0678,0.0,7.2508,0.4076,0.6881,True
3543,sh600151,2025-12-17,14.449999809265137,17.709999084472656,hourly,15,True,1.0,1.0,14.459,0.0006,-0.0006,False,False,0.0762,0.0006,8.7743,0.3928,0.6468,True
3544,sz000890,2025-12-17,5.039999961853027,6.5,hourly,20,True,1.5,0.95,5.0416,0.0003,-0.0003,False,False,0.0008,0.0003,4.3612,0.1347,0.1556,True
3545,sz301292,2025-12-17,54.81999969482422,58.63999938964844,daily,15,False,0.5,0.95,54.9299,0.002,-0.002,False,False,0.002,0.0026,43.3744,0.2088,0.2639,True
3546,sz300551,2025-12-17,15.109999656677246,16.809999465942383,hourly,10,False,0.5,1.02,13.8763,0.0817,0.0889,True,False,0.1437,0.0817,12.2007,0.1925,0.2385,True
3547,sz300997,2025-12-17,25.70999908447266,27.809999465942383,hourly,25,False,1.0,1.02,25.6996,0.0004,0.0004,True,False,0.0548,0.0004,19.4374,0.244,0.3227,True
3548,sz002759,2025-12-17,32.40999984741211,35.220001220703125,hourly,30,False,1.0,1.0,32.4193,0.0003,-0.0003,False,False,0.0004,0.0003,30.097,0.0714,0.0769,True
3549,sh688048,2025-12-17,118.72000122070314,142.1999969482422,daily,15,False,0.5,0.98,118.196,0.0044,0.0044,True,False,0.0044,0.0182,83.6351,0.2955,0.4195,True
3550,bj920765,2025-12-17,20.399999618530277,25.5,daily,30,True,1.5,0.95,20.3665,0.0016,0.0016,True,False,0.0016,0.1019,22.6113,0.1084,-0.0978,False
3551,sh688031,2025-12-17,92.68000030517577,99.8000030517578,hourly,10,False,0.5,1.02,86.3125,0.0687,0.0738,True,False,0.2182,0.0687,58.4515,0.3693,0.5856,True
3552,bj920662,2025-12-17,27.719999313354492,29.1200008392334,daily,30,True,1.0,1.02,27.7891,0.0025,-0.0025,False,False,0.0025,0.0118,26.6965,0.0369,0.0383,True
3553,bj920651,2025-12-17,39.380001068115234,45.58000183105469,hourly,20,True,0.5,1.02,39.385,0.0001,-0.0001,False,False,0.001,0.0001,37.851,0.0388,0.0404,True
3554,sh603843,2025-12-17,4.239999771118164,4.880000114440918,daily,30,True,1.5,0.95,4.6913,0.1064,-0.0962,False,False,0.1064,0.1992,5.3791,0.2687,-0.2118,False
3555,bj920576,2025-12-18,65.56999969482422,83.0,hourly,10,True,0.5,1.0,65.5556,0.0002,0.0002,True,False,0.2518,0.0002,28.9418,0.5586,1.2656,True
3556,bj920407,2025-12-18,23.600000381469727,34.0,hourly,10,False,1.0,1.0,23.6114,0.0005,-0.0005,False,False,0.1073,0.0005,19.7147,0.1646,0.1971,True
3557,sh600696,2025-12-18,2.2400000095367436,3.289999961853028,hourly,10,False,1.5,0.95,3.3204,0.4823,-0.3254,False,False,0.5414,0.4823,4.9256,1.1989,-0.5452,False
3558,sz001270,2025-12-18,66.62000274658203,77.87999725341797,hourly,10,True,0.5,1.0,66.1967,0.0064,0.0064,True,True,0.0696,0.0064,45.5066,0.3169,0.464,True
3559,bj920223,2025-12-18,21.0,24.34000015258789,hourly,25,False,1.5,1.0,20.9842,0.0008,0.0008,True,False,0.0014,0.0008,19.1875,0.0863,0.0945,True
3560,bj920885,2025-12-18,22.19000053405762,26.6200008392334,hourly,10,True,0.5,1.02,20.9063,0.0579,0.0614,True,False,0.1076,0.0579,18.7842,0.1535,0.1813,True
3561,bj920857,2025-12-18,30.5,37.7599983215332,hourly,20,True,1.0,0.98,30.485,0.0005,0.0005,True,False,0.0006,0.0005,28.0859,0.0792,0.086,True
3562,bj920116,2025-12-18,78.0,86.98999786376953,daily,10,False,0.5,1.02,78.3784,0.0049,-0.0048,False,False,0.0049,0.2158,67.232,0.1381,0.1602,True
3563,sh600865,2025-12-18,13.560000419616701,16.5,hourly,10,True,0.5,1.0,13.5547,0.0004,0.0004,True,False,0.115,0.0004,9.185,0.3226,0.4763,True
3564,sh688031,2025-12-18,92.68000030517578,105.5999984741211,hourly,10,False,0.5,1.02,92.0557,0.0067,0.0068,True,False,0.1824,0.0067,58.8881,0.3646,0.5738,True
3565,bj920943,2025-12-18,25.180000305175785,27.0,hourly,15,False,1.0,1.02,25.1698,0.0004,0.0004,True,False,0.0595,0.0004,22.2704,0.1156,0.1306,True
3566,sz301306,2025-12-18,99.0800018310547,118.01000213623048,hourly,10,False,0.5,1.02,96.5636,0.0254,0.0261,True,False,0.254,0.0254,53.8219,0.4568,0.8409,True
3567,sh600151,2025-12-18,14.449999809265138,18.850000381469727,hourly,20,True,0.5,0.98,14.4523,0.0002,-0.0002,False,False,0.0369,0.0002,8.9367,0.3815,0.6169,True
3568,sz300456,2025-12-18,50.2599983215332,67.0,daily,10,False,0.5,0.98,50.6045,0.0069,-0.0068,False,False,0.0069,0.008,31.4951,0.3734,0.5958,True
3569,sz000609,2025-12-18,7.6599998474121085,10.649999618530272,daily,30,True,1.0,0.95,7.6974,0.0049,-0.0049,False,False,0.0049,0.1198,8.6845,0.1337,-0.118,False
3570,bj920171,2025-12-18,22.8799991607666,24.15999984741211,hourly,15,False,0.5,1.02,22.9126,0.0014,-0.0014,False,False,0.008,0.0014,21.5143,0.0597,0.0635,True
3571,bj920665,2025-12-18,13.800000190734863,16.299999237060547,hourly,20,True,1.5,0.95,13.853,0.0038,-0.0038,False,False,0.0057,0.0038,12.4038,0.1012,0.1126,True
3572,sh603929,2025-12-18,87.00000000000003,96.05999755859376,hourly,15,False,0.5,1.02,87.015,0.0002,-0.0002,False,False,0.1143,0.0002,51.0854,0.4128,0.703,True
3573,sh688523,2025-12-18,38.20000076293946,45.0,hourly,20,False,0.5,0.98,38.2149,0.0004,-0.0004,False,False,0.0299,0.0004,27.2681,0.2862,0.4009,True
3574,bj920576,2025-12-19,65.56999969482422,89.0,hourly,30,False,0.5,1.02,65.5454,0.0004,0.0004,True,False,0.1821,0.0004,29.573,0.549,1.2172,True
3575,bj920407,2025-12-19,23.600000381469727,28.770000457763672,hourly,20,False,1.5,1.0,23.557,0.0018,0.0018,True,False,0.0583,0.0018,19.7044,0.1651,0.1977,True
3576,sz301408,2025-12-19,18.249999999999996,22.36000061035156,hourly,20,False,0.5,1.02,18.2786,0.0016,-0.0016,False,False,0.101,0.0016,13.7185,0.2483,0.3303,True
3577,bj920575,2025-12-19,8.199999809265137,8.720000267028809,daily,10,False,1.5,0.95,9.1273,0.1131,-0.1016,False,False,0.1131,0.1571,12.1341,0.4798,-0.3242,False
3578,bj920943,2025-12-19,25.18000030517578,27.549999237060547,hourly,15,False,1.0,1.02,25.182,0.0001,-0.0001,False,False,0.0504,0.0001,22.2518,0.1163,0.1316,True
3579,sz301148,2025-12-19,44.970001220703125,45.310001373291016,hourly,20,False,1.0,1.02,44.9659,0.0001,0.0001,True,False,0.0058,0.0001,34.3118,0.237,0.3106,True
3580,bj920885,2025-12-19,22.190000534057617,26.81999969482422,hourly,10,False,1.0,0.98,22.2695,0.0036,-0.0036,False,False,0.1004,0.0036,18.7492,0.1551,0.1835,True
3581,sz002639,2025-12-19,18.200000762939453,20.200000762939453,hourly,15,True,1.0,1.02,18.2177,0.001,-0.001,False,False,0.0595,0.001,12.5988,0.3078,0.4446,True
3582,sh603601,2025-12-19,9.010000228881836,10.15999984741211,hourly,10,False,0.5,1.02,9.0613,0.0057,-0.0057,False,False,0.1432,0.0057,5.1418,0.4293,0.7523,True
3583,bj920751,2025-12-19,20.399999618530277,21.8799991607666,hourly,10,False,1.5,1.02,20.3973,0.0001,0.0001,True,False,0.0071,0.0001,19.1783,0.0599,0.0637,True
3584,sz000547,2025-12-19,21.709999084472656,22.200000762939453,hourly,10,False,0.5,1.02,21.4168,0.0135,0.0137,True,False,0.1144,0.0135,11.6578,0.463,0.8623,True
3585,bj920075,2025-12-19,26.149999618530277,29.190000534057617,hourly,15,False,0.5,1.02,26.1484,0.0001,0.0001,True,False,0.0002,0.0001,26.5396,0.0149,-0.0147,False
3586,bj920171,2025-12-19,22.879999160766605,23.809999465942383,hourly,10,False,0.5,0.98,22.8956,0.0007,-0.0007,False,False,0.0079,0.0007,21.4209,0.0638,0.0681,True
3587,sh600865,2025-12-19,13.5600004196167,18.3700008392334,hourly,30,False,0.5,0.98,13.5633,0.0002,-0.0002,False,False,0.0785,0.0002,9.271,0.3163,0.4626,True
3588,bj920665,2025-12-19,13.800000190734863,15.970000267028809,hourly,30,True,1.0,0.95,13.8186,0.0013,-0.0013,False,False,0.0065,0.0013,12.4155,0.1003,0.1115,True
3589,sz301306,2025-12-19,99.08000183105469,119.0,hourly,15,False,0.5,0.98,98.7126,0.0037,0.0037,True,False,0.186,0.0037,54.5052,0.4499,0.8178,True
3590,bj920857,2025-12-19,30.500000000000004,36.16999816894531,daily,10,True,0.5,1.0,30.4902,0.0003,0.0003,True,False,0.0003,0.0005,28.1676,0.0765,0.0828,True
3591,bj920651,2025-12-19,39.0099983215332,47.59000015258789,hourly,10,True,1.5,0.98,39.0147,0.0001,-0.0001,False,False,0.0005,0.0001,37.8898,0.0287,0.0296,True
3592,bj920023,2025-12-22,4.510000228881836,6.0,hourly,10,False,0.5,1.02,4.5011,0.002,0.002,True,False,0.0341,0.002,4.1698,0.0754,0.0816,True
3593,bj920575,2025-12-22,8.199999809265138,8.850000381469727,hourly,10,False,1.5,0.95,8.4627,0.032,-0.031,False,False,0.0814,0.032,12.0247,0.4664,-0.3181,False
3594,sh600696,2025-12-22,2.130000114440918,3.450000047683716,hourly,10,False,1.5,0.95,3.1418,0.475,-0.322,False,False,0.5194,0.475,4.8087,1.2576,-0.557,False
3595,bj920885,2025-12-22,22.190000534057617,27.549999237060547,hourly,15,False,1.0,0.95,22.1862,0.0002,0.0002,True,False,0.0695,0.0002,18.7345,0.1557,0.1844,True
3596,sz002149,2025-12-22,35.470001220703125,37.869998931884766,hourly,10,False,0.5,1.02,35.0998,0.0104,0.0105,True,False,0.2075,0.0104,18.3802,0.4818,0.9298,True
3597,bj920363,2025-12-22,18.899999618530273,20.799999237060547,daily,30,True,0.5,1.02,18.5344,0.0193,0.0197,True,False,0.0193,0.1901,17.5303,0.0725,0.0781,True
3598,sh603843,2025-12-22,4.239999771118164,4.46999979019165,hourly,10,False,1.5,0.95,4.3326,0.0218,-0.0214,False,False,0.1333,0.0218,5.4546,0.2865,-0.2227,False
3599,bj920274,2025-12-22,27.0,32.66999816894531,daily,25,False,0.5,0.95,26.9947,0.0002,0.0002,True,False,0.0002,0.0011,27.7731,0.0286,-0.0278,False
3600,bj920943,2025-12-22,25.18000030517578,26.5,hourly,25,False,1.0,1.0,25.1549,0.001,0.001,True,False,0.0338,0.001,22.2509,0.1163,0.1316,True
3601,sh603601,2025-12-22,9.010000228881836,10.699999809265137,hourly,25,False,0.5,1.02,9.0098,0.0,0.0,True,False,0.107,0.0,5.2368,0.4188,0.7205,True
3602,sz301338,2025-12-22,82.81999969482422,83.30000305175781,daily,10,False,0.5,1.02,63.4015,0.2345,0.3063,True,False,0.2345,0.4144,59.7669,0.2784,0.3857,True
3603,sz002703,2025-12-22,18.200000762939453,18.90999984741211,hourly,10,False,0.5,1.02,16.4932,0.0938,0.1035,True,False,0.2311,0.0938,12.3339,0.3223,0.4756,True
3604,sh603778,2025-12-22,13.130000114440916,13.399999618530272,hourly,10,False,0.5,1.02,12.5233,0.0462,0.0484,True,False,0.1004,0.0462,7.7771,0.4077,0.6883,True
3605,bj920075,2025-12-22,26.149999618530273,28.950000762939453,hourly,20,False,0.5,0.98,26.1893,0.0015,-0.0015,False,False,0.0025,0.0015,26.4164,0.0102,-0.0101,False
3606,sh600355,2025-12-22,2.049999952316284,2.0799999237060547,daily,10,False,1.5,0.98,2.0585,0.0041,-0.0041,False,False,0.0041,,2.8721,0.401,-0.2862,False
3607,sh601869,2025-12-22,105.3300018310547,124.9499969482422,hourly,10,False,1.5,1.0,105.5203,0.0018,-0.0018,False,False,0.0832,0.0018,78.7443,0.2524,0.3376,True
3608,sz002788,2025-12-22,15.920000076293947,17.0,hourly,10,False,0.5,1.02,14.8032,0.0701,0.0754,True,False,0.2103,0.0701,9.2039,0.4219,0.7297,True
3609,bj920407,2025-12-23,23.600000381469727,28.809999465942383,hourly,30,True,1.0,1.0,23.5904,0.0004,0.0004,True,False,0.0062,0.0004,19.7959,0.1612,0.1922,True
3610,bj920274,2025-12-23,27.0,35.9900016784668,daily,20,False,1.0,0.98,27.0033,0.0001,-0.0001,False,False,0.0001,0.012,27.7573,0.028,-0.0273,False
3611,bj920576,2025-12-23,65.56999969482423,72.5999984741211,hourly,15,True,1.5,0.98,65.5697,0.0,0.0,True,False,0.0901,0.0,31.1821,0.5244,1.1028,True
3612,bj920885,2025-12-23,22.19000053405762,23.5,hourly,15,True,1.0,0.98,22.1963,0.0003,-0.0003,False,False,0.0461,0.0003,18.737,0.1556,0.1843,True
3613,sh600696,2025-12-23,2.1300001144409184,3.440000057220459,hourly,10,False,1.5,0.95,3.1303,0.4696,-0.3196,False,False,0.5023,0.4696,4.7483,1.2293,-0.5514,False
3614,sz301338,2025-12-23,82.81999969482422,89.62000274658203,daily,10,False,0.5,1.02,66.5684,0.1962,0.2441,True,False,0.1962,0.3396,59.8452,0.2774,0.3839,True
3615,sz000566,2025-12-23,6.519999980926514,8.619999885559082,hourly,20,True,1.5,0.95,6.513,0.0011,0.0011,True,False,0.0018,0.0011,6.4519,0.0104,0.0106,True
3616,sh605255,2025-12-23,121.0199966430664,147.1999969482422,daily,10,True,0.5,0.95,121.1255,0.0009,-0.0009,False,False,0.0009,0.0756,95.7951,0.2084,0.2633,True
3617,bj920223,2025-12-23,21.0,26.200000762939453,hourly,30,True,0.5,0.95,20.9836,0.0008,0.0008,True,False,0.0008,0.0008,19.3369,0.0792,0.086,True
3618,bj920857,2025-12-23,30.499999999999993,37.84999847412109,daily,15,False,1.0,1.02,30.5451,0.0015,-0.0015,False,False,0.0015,0.0031,28.3636,0.07,0.0753,True
3619,sz002149,2025-12-23,35.470001220703125,36.70000076293945,hourly,15,False,0.5,1.02,35.4957,0.0007,-0.0007,False,False,0.1707,0.0007,18.7257,0.4721,0.8942,True
3620,sz300300,2025-12-23,11.079999923706055,15.800000190734863,daily,25,True,0.5,0.98,11.0759,0.0004,0.0004,True,False,0.0004,0.2436,10.4152,0.06,0.0638,True
3621,bj920092,2025-12-23,36.689998626708984,40.0,hourly,10,True,1.0,0.95,36.744,0.0015,-0.0015,False,False,0.0743,0.0015,31.3311,0.1461,0.171,True
3622,sz002853,2025-12-23,19.840000152587894,22.799999237060547,hourly,25,False,1.5,1.0,19.8575,0.0009,-0.0009,False,False,0.0921,0.0009,13.2069,0.3343,0.5023,True
3623,bj920023,2025-12-23,4.510000228881836,5.010000228881836,hourly,15,True,0.5,1.0,4.5115,0.0003,-0.0003,False,False,0.035,0.0003,4.1592,0.0778,0.0843,True
3624,sh600865,2025-12-23,13.560000419616703,18.229999542236328,hourly,20,True,1.5,0.95,13.6018,0.0031,-0.0031,False,False,0.0095,0.0031,9.5186,0.298,0.4246,True
3625,sh603778,2025-12-23,13.5,13.890000343322754,hourly,10,False,0.5,1.02,12.8286,0.0497,0.0523,True,False,0.1093,0.0497,7.9531,0.4109,0.6975,True
3626,bj920786,2025-12-23,9.770000457763672,10.619999885559082,hourly,20,True,1.5,1.0,9.7742,0.0004,-0.0004,False,False,0.0013,0.0004,9.3124,0.0468,0.0491,True
3627,sh603929,2025-12-23,91.87999725341797,110.56999969482422,hourly,10,False,0.5,1.0,92.0433,0.0018,-0.0018,False,False,0.0914,0.0018,54.1316,0.4108,0.6973,True
3628,bj920274,2025-12-24,26.399999618530277,39.400001525878906,daily,25,False,1.5,1.0,26.3919,0.0003,0.0003,True,False,0.0003,0.0498,27.747,0.051,-0.0485,False
3629,bj920885,2025-12-24,22.190000534057617,24.549999237060547,hourly,20,True,1.0,0.98,22.1977,0.0003,-0.0003,False,False,0.0357,0.0003,18.7495,0.155,0.1835,True
3630,sz000551,2025-12-24,13.52999973297119,15.18000030517578,hourly,10,False,0.5,1.02,13.1414,0.0287,0.0296,True,False,0.1035,0.0287,10.8046,0.2014,0.2522,True
3631,bj920576,2025-12-24,65.56999969482422,77.25,hourly,20,False,1.5,0.95,65.6017,0.0005,-0.0005,False,False,0.0767,0.0005,32.045,0.5113,1.0462,True
3632,sh601869,2025-12-24,105.33000183105469,128.99000549316406,hourly,25,True,0.5,1.02,105.5275,0.0019,-0.0019,False,False,0.0043,0.0019,80.0877,0.2396,0.3152,True
3633,bj920575,2025-12-24,8.199999809265137,9.210000038146973,hourly,10,False,1.5,0.95,8.2158,0.0019,-0.0019,False,False,0.025,0.0019,11.7885,0.4376,-0.3044,False
3634,bj920943,2025-12-24,25.299999237060547,27.190000534057617,hourly,10,False,0.5,0.98,25.3009,0.0,-0.0,False,False,0.0348,0.0,22.2613,0.1201,0.1365,True
3635,sz002163,2025-12-24,15.810000419616701,20.149999618530277,hourly,20,False,0.5,1.0,15.8085,0.0001,0.0001,True,False,0.0222,0.0001,12.5764,0.2045,0.2571,True
3636,sh600343,2025-12-24,29.149999618530273,41.470001220703125,daily,10,False,1.5,1.0,29.1362,0.0005,0.0005,True,False,0.0005,0.0766,20.2486,0.3054,0.4396,True
3637,sh605255,2025-12-24,121.01999664306643,157.0,daily,10,True,1.0,0.98,120.9439,0.0006,0.0006,True,False,0.0006,0.0819,97.49,0.1944,0.2414,True
3638,sz002703,2025-12-24,19.520000457763672,20.06999969482422,hourly,10,False,0.5,1.02,18.3915,0.0578,0.0614,True,False,0.2129,0.0578,12.4461,0.3624,0.5684,True
3639,sz000547,2025-12-24,24.29999923706055,24.5,hourly,10,False,0.5,1.02,22.1451,0.0887,0.0973,True,False,0.1656,0.0887,12.574,0.4826,0.9326,True
3640,sz301123,2025-12-24,61.0099983215332,72.27999877929688,hourly,10,False,0.5,1.0,60.7002,0.0051,0.0051,True,False,0.158,0.0051,40.1031,0.3427,0.5213,True
3641,bj920023,2025-12-24,4.489999771118165,5.050000190734863,hourly,30,False,1.5,0.98,4.4958,0.0013,-0.0013,False,False,0.0243,0.0013,4.1524,0.0752,0.0813,True
3642,sz002149,2025-12-24,35.470001220703125,42.040000915527344,hourly,10,False,0.5,0.98,35.4761,0.0002,-0.0002,False,False,0.152,0.0002,19.081,0.4621,0.8589,True
3643,sh603698,2025-12-24,33.25,35.720001220703125,hourly,10,False,0.5,1.02,29.2859,0.1192,0.1354,True,False,0.2581,0.1192,19.0163,0.4281,0.7485,True
3644,bj920885,2025-12-25,22.19000053405762,25.020000457763672,hourly,20,False,1.5,0.95,22.2263,0.0016,-0.0016,False,False,0.0172,0.0016,18.78,0.1537,0.1816,True
3645,bj920576,2025-12-25,65.56999969482422,86.81999969482422,hourly,15,True,1.5,0.95,65.4438,0.0019,0.0019,True,False,0.0552,0.0019,32.9329,0.4977,0.991,True
3646,bj920092,2025-12-25,36.68999862670899,39.41999816894531,hourly,20,True,1.5,1.0,36.7237,0.0009,-0.0009,False,False,0.0275,0.0009,31.2784,0.1475,0.173,True
3647,sh605598,2025-12-25,56.04999923706055,63.20000076293945,hourly,10,False,0.5,1.02,53.4399,0.0466,0.0488,True,False,0.1308,0.0466,37.119,0.3378,0.51,True
3648,sh605255,2025-12-25,121.0199966430664,178.0,daily,30,False,0.5,1.0,120.9159,0.0009,0.0009,True,False,0.0009,0.0902,99.1984,0.1803,0.22,True
3649,bj920274,2025-12-25,26.399999618530277,37.7400016784668,daily,25,True,1.0,0.95,26.3706,0.0011,0.0011,True,False,0.0011,0.0679,27.7585,0.0515,-0.0489,False
3650,bj920943,2025-12-25,25.299999237060547,28.40999984741211,hourly,25,False,0.5,0.98,25.2865,0.0005,0.0005,True,False,0.0273,0.0005,22.271,0.1197,0.136,True
3651,sh603163,2025-12-25,68.50000000000001,85.05999755859375,hourly,20,False,1.0,1.0,68.5065,0.0001,-0.0001,False,False,0.0656,0.0001,47.4795,0.3069,0.4427,True
3652,bj920098,2025-12-25,29.51000022888184,32.79999923706055,hourly,30,False,1.0,1.0,29.5077,0.0001,0.0001,True,False,0.0131,0.0001,27.3847,0.072,0.0776,True
3653,sz002149,2025-12-25,35.470001220703125,44.70000076293945,hourly,15,False,0.5,0.95,35.5753,0.003,-0.003,False,False,0.0973,0.003,19.495,0.4504,0.8194,True
3654,sh603122,2025-12-25,17.319999694824222,25.5,daily,25,True,1.0,1.0,17.2324,0.0051,0.0051,True,False,0.0051,0.2944,17.2324,0.0051,0.0051,True
3655,sz300751,2025-12-25,168.17999267578125,174.89999389648438,hourly,10,False,0.5,1.02,162.5057,0.0337,0.0349,True,False,0.0954,0.0337,111.1585,0.3391,0.513,True
3656,sz000609,2025-12-25,7.539999961853027,9.979999542236328,daily,30,True,1.5,0.95,7.8142,0.0364,-0.0351,False,False,0.0364,0.1336,8.865,0.1757,-0.1495,False
3657,sh603216,2025-12-25,37.38999938964844,39.79999923706055,hourly,10,False,0.5,1.02,36.4032,0.0264,0.0271,True,False,0.116,0.0264,22.1926,0.4065,0.6848,True
3658,bj920662,2025-12-25,27.0,31.5,hourly,15,True,0.5,0.95,26.9991,0.0,0.0,True,False,0.0002,0.0,26.3458,0.0242,0.0248,True
3659,sh600343,2025-12-25,29.149999618530273,43.150001525878906,daily,10,True,1.0,1.02,29.2001,0.0017,-0.0017,False,False,0.0017,0.095,20.7702,0.2875,0.4035,True
3660,sz300668,2025-12-25,25.010000228881832,26.61000061035156,hourly,10,False,0.5,1.02,21.1925,0.1526,0.1801,True,False,0.2169,0.1526,18.2518,0.2702,0.3703,True
3661,sz301225,2025-12-26,112.12999725341797,113.02999877929688,hourly,10,False,0.5,1.02,101.522,0.0946,0.1045,True,False,0.1307,0.0946,86.0589,0.2325,0.3029,True
3662,bj920274,2025-12-26,26.399999618530273,35.810001373291016,daily,25,True,1.0,0.95,26.3938,0.0002,0.0002,True,False,0.0002,0.089,27.783,0.0524,-0.0498,False
3663,sz002703,2025-12-26,20.149999618530273,23.0,hourly,10,False,0.5,1.02,20.2669,0.0058,-0.0058,False,False,0.1673,0.0058,12.6455,0.3724,0.5935,True
3664,sz002201,2025-12-26,10.100000381469728,12.5600004196167,hourly,10,True,1.5,1.02,10.0999,0.0,0.0,True,False,0.0396,0.0,7.8562,0.2222,0.2856,True
3665,bj920857,2025-12-26,27.110000610351562,38.9900016784668,daily,15,True,1.5,0.95,27.1314,0.0008,-0.0008,False,False,0.0008,0.1476,28.7464,0.0604,-0.0569,False
3666,sz301246,2025-12-26,21.299999237060547,25.950000762939453,hourly,10,False,0.5,1.02,20.9478,0.0165,0.0168,True,False,0.132,0.0165,16.8503,0.2089,0.2641,True
3667,bj920662,2025-12-26,27.000000000000007,33.0,daily,25,True,0.5,1.0,27.0034,0.0001,-0.0001,False,False,0.0001,0.0003,26.3274,0.0249,0.0255,True
3668,sh600105,2025-12-26,24.57999992370606,25.979999542236328,hourly,10,False,0.5,1.02,22.9303,0.0671,0.0719,True,False,0.1703,0.0671,15.0471,0.3878,0.6335,True
3669,sh600879,2025-12-26,18.690000534057617,19.0,hourly,10,False,0.5,1.02,17.6548,0.0554,0.0586,True,False,0.1652,0.0554,11.602,0.3792,0.6109,True
3670,sz300819,2025-12-26,33.099998474121094,34.0,hourly,10,False,0.5,1.02,28.0461,0.1527,0.1802,True,False,0.2104,0.1527,23.7226,0.2833,0.3953,True
3671,sh600179,2025-12-26,4.929999828338623,6.5,hourly,30,False,0.5,1.0,4.9341,0.0008,-0.0008,False,False,0.0541,0.0008,3.9134,0.2062,0.2598,True
3672,sz301292,2025-12-26,50.5,72.0,daily,20,False,1.5,1.02,50.5747,0.0015,-0.0015,False,False,0.0015,0.044,47.016,0.069,0.0741,True
3673,sz002363,2025-12-26,9.0600004196167,11.010000228881836,hourly,25,False,0.5,1.0,9.0551,0.0005,0.0005,True,False,0.0018,0.0005,8.2241,0.0923,0.1016,True
3674,sz000510,2025-12-26,11.550000190734863,12.1899995803833,hourly,10,False,0.5,1.02,10.8129,0.0638,0.0682,True,False,0.1418,0.0638,7.3041,0.3676,0.5813,True
3675,sh600343,2025-12-26,29.149999618530273,44.15999984741211,daily,15,False,1.5,1.0,29.3241,0.006,-0.0059,False,False,0.006,0.1207,21.3197,0.2686,0.3673,True
3676,bj920510,2025-12-26,17.909999847412113,18.5,daily,30,True,0.5,1.02,17.9982,0.0049,-0.0049,False,False,0.0049,0.0084,17.038,0.0487,0.0512,True
3677,bj920023,2025-12-26,4.489999771118165,5.03000020980835,hourly,20,False,1.5,0.95,4.4903,0.0001,-0.0001,False,False,0.0025,0.0001,4.1478,0.0762,0.0825,True
3678,sz301123,2025-12-26,61.0099983215332,75.05999755859375,hourly,15,True,1.0,1.0,61.2272,0.0036,-0.0035,False,False,0.0491,0.0036,40.9217,0.3293,0.4909,True
3679,sh603843,2025-12-29,4.860000133514404,5.480000019073486,hourly,25,True,0.5,1.02,4.8609,0.0002,-0.0002,False,False,0.0007,0.0002,5.4188,0.115,-0.1031,False
3680,sz002703,2025-12-29,19.899999618530273,24.040000915527344,hourly,10,False,0.5,0.95,19.9169,0.0008,-0.0008,False,False,0.1173,0.0008,12.7809,0.3577,0.557,True
3681,bj920077,2025-12-29,16.579999923706055,17.850000381469727,hourly,10,False,0.5,1.02,14.634,0.1174,0.133,True,False,0.1498,0.1174,13.4938,0.1861,0.2287,True
3682,sh603778,2025-12-29,12.77999973297119,17.200000762939453,hourly,15,True,1.5,0.95,12.7813,0.0001,-0.0001,False,False,0.0075,0.0001,8.6693,0.3217,0.4742,True
3683,sz301225,2025-12-29,137.10000610351562,145.3699951171875,hourly,10,False,0.5,1.02,108.2978,0.2101,0.266,True,False,0.2848,0.2101,86.2896,0.3706,0.5888,True
3684,sz300819,2025-12-29,33.279998779296875,34.27000045776367,hourly,10,False,0.5,1.02,31.8508,0.0429,0.0449,True,False,0.1857,0.0429,23.7834,0.2854,0.3993,True
3685,sh600343,2025-12-29,29.149999618530273,45.2599983215332,daily,25,False,1.0,1.02,29.2331,0.0028,-0.0028,False,False,0.0028,0.1498,21.8843,0.2493,0.332,True
3686,sh605255,2025-12-29,121.0199966430664,208.0,daily,30,False,0.5,0.95,121.1091,0.0007,-0.0007,False,False,0.0007,0.1285,102.983,0.149,0.1751,True
3687,sz300751,2025-12-29,179.02000427246094,205.4199981689453,hourly,10,False,0.5,1.02,170.4858,0.0477,0.0501,True,False,0.1147,0.0477,114.335,0.3613,0.5657,True
3688,sz301005,2025-12-29,141.00000000000003,155.39999389648438,daily,10,False,0.5,1.02,102.42,0.2736,0.3767,True,False,0.2736,0.3405,59.8239,0.5757,1.3569,True
3689,sz002361,2025-12-29,11.060000419616701,13.970000267028809,hourly,25,False,0.5,1.0,11.0389,0.0019,0.0019,True,False,0.0745,0.0019,6.6165,0.4018,0.6716,True
3690,sh603601,2025-12-29,9.010000228881836,12.270000457763672,hourly,30,True,1.5,0.98,8.9987,0.0012,0.0013,True,False,0.0018,0.0012,5.8467,0.3511,0.541,True
3691,sh688523,2025-12-29,47.90999984741211,52.97999954223633,hourly,10,False,0.5,1.02,42.0102,0.1231,0.1404,True,False,0.2023,0.1231,29.6229,0.3817,0.6173,True
3692,sz300699,2025-12-29,37.0099983215332,40.0,hourly,10,False,0.5,1.02,33.4794,0.0954,0.1055,True,False,0.1382,0.0954,28.6387,0.2262,0.2923,True
3693,sz002591,2025-12-30,6.769999980926514,9.1899995803833,hourly,10,True,1.5,0.95,6.7698,0.0,0.0,True,False,0.0031,0.0,6.3568,0.061,0.065,True
3694,sh603843,2025-12-30,4.860000133514404,5.480000019073486,hourly,10,True,1.5,1.0,4.8595,0.0001,0.0001,True,False,0.0023,0.0001,5.4095,0.1131,-0.1016,False
3695,bj920510,2025-12-30,17.709999084472656,22.600000381469727,hourly,25,False,0.5,0.98,17.7125,0.0001,-0.0001,False,False,0.0049,0.0001,16.9422,0.0434,0.0453,True
3696,sz300456,2025-12-30,49.88999938964844,59.880001068115234,daily,10,True,1.0,1.0,49.8406,0.001,0.001,True,False,0.001,0.0413,37.799,0.2424,0.3199,True
3697,sh605069,2025-12-30,13.000000000000002,14.550000190734863,hourly,10,False,0.5,1.02,13.0205,0.0016,-0.0016,False,False,0.14,0.0016,9.7111,0.253,0.3387,True
3698,sz002703,2025-12-30,19.899999618530277,21.440000534057617,hourly,10,True,0.5,0.95,19.8962,0.0002,0.0002,True,False,0.0854,0.0002,12.9357,0.35,0.5384,True
3699,sz002471,2025-12-30,6.90999984741211,7.309999942779541,hourly,10,False,0.5,1.02,6.6585,0.0364,0.0378,True,False,0.1607,0.0364,4.4955,0.3494,0.5371,True
3700,sz301225,2025-12-30,140.10000610351562,149.07000732421875,hourly,10,False,0.5,1.02,123.9806,0.1151,0.13,True,False,0.2626,0.1151,86.6376,0.3816,0.6171,True
3701,sh603122,2025-12-30,17.31999969482422,25.420000076293945,daily,30,True,0.5,1.0,17.395,0.0043,-0.0043,False,False,0.0043,0.2995,18.0289,0.0409,-0.0393,False
3702,bj920533,2025-12-30,27.40999984741211,32.70000076293945,daily,30,True,0.5,0.95,27.4085,0.0001,0.0001,True,False,0.0001,0.0004,27.717,0.0112,-0.0111,False
3703,sz300503,2025-12-30,52.9900016784668,62.400001525878906,hourly,10,False,0.5,1.02,48.2378,0.0897,0.0985,True,False,0.271,0.0897,29.6279,0.4409,0.7885,True
3704,sz002788,2025-12-30,15.470000267028814,23.38999938964844,daily,10,False,1.5,1.02,15.4504,0.0013,0.0013,True,False,0.0013,0.0035,10.2383,0.3382,0.511,True
3705,sh605255,2025-12-30,121.01999664306642,196.22000122070312,daily,15,True,1.0,0.98,120.8424,0.0015,0.0015,True,False,0.0015,0.1649,105.2324,0.1305,0.15,True
3706,sh688160,2025-12-30,125.0,149.92999267578125,hourly,10,False,0.5,1.02,109.375,0.125,0.1429,True,False,0.221,0.125,88.1244,0.295,0.4184,True
3707,sh603216,2025-12-30,40.56999969482422,44.41999816894531,hourly,10,False,0.5,1.02,39.9462,0.0154,0.0156,True,False,0.13,0.0154,23.5386,0.4198,0.7236,True
3708,bj920857,2025-12-30,26.700000762939453,36.20000076293945,daily,30,True,1.0,0.95,26.8619,0.0061,-0.006,False,False,0.0061,0.1904,28.9829,0.0855,-0.0788,False
3709,bj920576,2025-12-31,65.56999969482422,70.62999725341797,daily,10,False,0.5,1.02,65.5679,0.0,0.0,True,False,0.0,0.0035,37.0063,0.4356,0.7719,True
3710,sz002969,2025-12-31,12.060000419616701,12.729999542236328,hourly,10,False,0.5,1.02,11.4816,0.048,0.0504,True,False,0.236,0.048,4.5376,0.6237,1.6578,True
3711,bj920130,2025-12-31,24.399999618530273,26.5,daily,30,True,0.5,1.02,23.9492,0.0185,0.0188,True,False,0.0185,0.0547,22.5213,0.077,0.0834,True
3712,sz300503,2025-12-31,52.9900016784668,62.220001220703125,hourly,10,False,1.0,1.02,52.8823,0.002,0.002,True,False,0.2027,0.002,29.9803,0.4342,0.7675,True
3713,sh603778,2025-12-31,12.779999732971191,18.049999237060547,daily,10,False,0.5,0.95,12.7805,0.0,-0.0,False,False,0.0,0.0011,9.0261,0.2937,0.4159,True
3714,sz301225,2025-12-31,140.10000610351562,163.47999572753906,hourly,10,False,0.5,1.02,136.5831,0.0251,0.0257,True,False,0.2227,0.0251,87.1168,0.3782,0.6082,True
3715,bj920510,2025-12-31,17.70999908447266,20.399999618530277,hourly,30,False,1.5,1.0,17.708,0.0001,0.0001,True,False,0.001,0.0001,16.9057,0.0454,0.0476,True
3716,sz002149,2025-12-31,35.470001220703125,45.02000045776367,hourly,25,True,1.5,0.95,35.4578,0.0003,0.0003,True,False,0.0046,0.0003,21.6428,0.3898,0.6389,True
3717,sz300885,2025-12-31,25.10000038146973,33.08000183105469,hourly,25,False,0.5,1.0,25.0946,0.0002,0.0002,True,False,0.0272,0.0002,20.9594,0.165,0.1976,True
3718,sz002471,2025-12-31,6.929999828338624,7.679999828338623,hourly,10,False,1.5,0.98,6.934,0.0006,-0.0006,False,False,0.1483,0.0006,4.5343,0.3457,0.5283,True
3719,sh688160,2025-12-31,125.00000000000003,146.5500030517578,hourly,10,False,0.5,1.0,125.6138,0.0049,-0.0049,False,False,0.1593,0.0049,88.4598,0.2923,0.4131,True
3720,sh603843,2025-12-31,4.860000133514405,5.78000020980835,hourly,25,True,0.5,1.0,4.8597,0.0001,0.0001,True,False,0.0004,0.0001,5.3973,0.1105,-0.0995,False
3721,bj920270,2025-12-31,18.1299991607666,23.799999237060547,hourly,10,False,0.5,1.02,17.8842,0.0136,0.0137,True,False,0.0768,0.0136,15.8535,0.1256,0.1436,True
3722,sz000547,2025-12-31,25.760000228881836,33.0099983215332,hourly,15,True,0.5,0.95,25.7643,0.0002,-0.0002,False,False,0.0222,0.0002,14.4646,0.4385,0.7809,True
3723,bj920145,2025-12-31,16.579999923706055,25.350000381469727,daily,10,True,1.5,0.95,18.9311,0.1418,-0.1242,False,False,0.1418,0.2382,21.7619,0.3125,-0.2381,False
3724,bj920533,2025-12-31,27.40999984741211,31.420000076293945,daily,30,False,0.5,0.98,27.4159,0.0002,-0.0002,False,False,0.0002,0.0005,27.666,0.0093,-0.0093,False
3725,sz000559,2025-12-31,16.5,16.5,hourly,10,False,0.5,1.02,14.5431,0.1186,0.1346,True,False,0.2189,0.1186,11.229,0.3195,0.4694,True
3726,bj920179,2026-01-05,40.959999084472656,47.97999954223633,hourly,10,False,0.5,1.02,37.438,0.086,0.0941,True,False,0.1297,0.086,33.8732,0.173,0.2092,True
3727,sh603778,2026-01-05,12.779999732971193,19.780000686645508,daily,20,False,0.5,1.0,12.7698,0.0008,0.0008,True,False,0.0008,0.0088,9.2228,0.2783,0.3857,True
3728,sz002413,2026-01-05,12.329999923706055,14.5,hourly,10,False,0.5,1.02,12.0631,0.0216,0.0221,True,False,0.1492,0.0216,7.1065,0.4236,0.735,True
3729,sz300885,2026-01-05,25.100000381469727,33.97999954223633,daily,10,False,0.5,1.0,25.1021,0.0001,-0.0001,False,False,0.0001,0.0003,21.06,0.161,0.1918,True
3730,sz002969,2026-01-05,13.699999809265137,13.699999809265137,hourly,10,False,0.5,1.02,12.0577,0.1199,0.1362,True,False,0.299,0.1199,4.7235,0.6552,1.9004,True
3731,bj920394,2026-01-05,43.06999969482422,44.43999862670898,hourly,10,False,0.5,1.02,39.4476,0.0841,0.0918,True,False,0.1187,0.0841,36.068,0.1626,0.1941,True
3732,sz301225,2026-01-05,140.10000610351565,154.02000427246094,hourly,10,False,1.5,1.0,140.3979,0.0021,-0.0021,False,False,0.1675,0.0021,87.8574,0.3729,0.5946,True
3733,bj920925,2026-01-05,22.510000228881836,37.0,daily,10,False,1.5,0.95,24.1166,0.0714,-0.0666,False,False,0.0714,0.2285,28.8624,0.2822,-0.2201,False
3734,bj920575,2026-01-05,8.460000038146973,8.579999923706055,daily,10,False,1.0,1.0,8.4588,0.0001,0.0001,True,False,0.0001,0.0006,11.0556,0.3068,-0.2348,False
3735,sz002347,2026-01-05,9.329999923706055,12.40999984741211,hourly,20,True,0.5,1.0,9.3449,0.0016,-0.0016,False,False,0.0162,0.0016,7.093,0.2398,0.3154,True
3736,bj920670,2026-01-05,16.75,18.100000381469727,hourly,10,False,0.5,1.02,16.2497,0.0299,0.0308,True,False,0.0688,0.0299,14.8361,0.1143,0.129,True
3737,sz300599,2026-01-05,8.899999618530273,9.5600004196167,hourly,10,False,0.5,1.02,7.6687,0.1383,0.1606,True,False,0.1613,0.1383,7.1353,0.1983,0.2473,True
3738,bj920300,2026-01-05,14.399999618530273,17.149999618530273,hourly,15,False,1.0,1.02,14.3963,0.0003,0.0003,True,False,0.0003,0.0003,14.1962,0.0142,0.0144,True
3739,sh603608,2026-01-05,8.789999961853027,10.170000076293944,hourly,20,False,1.5,0.98,8.7944,0.0005,-0.0005,False,False,0.0735,0.0005,7.0068,0.2029,0.2545,True
3740,sh688258,2026-01-05,91.8000030517578,91.87999725341795,hourly,10,False,0.5,1.02,74.5704,0.1877,0.2311,True,False,0.2529,0.1877,61.6039,0.3289,0.4902,True
3741,sh600696,2026-01-06,1.8700000047683718,2.789999961853028,hourly,10,False,1.5,0.95,2.6771,0.4316,-0.3015,False,False,0.4411,0.4316,4.257,1.2765,-0.5607,False
3742,bj920179,2026-01-06,40.95999908447266,48.9900016784668,hourly,10,False,0.5,1.02,41.0084,0.0012,-0.0012,False,False,0.0779,0.0012,33.9238,0.1718,0.2074,True
3743,bj920092,2026-01-06,37.8499984741211,48.0,hourly,10,True,0.5,1.02,37.8275,0.0006,0.0006,True,False,0.0547,0.0006,31.605,0.165,0.1976,True
3744,sz300430,2026-01-06,21.1200008392334,27.01000022888184,hourly,15,False,1.0,1.02,21.1534,0.0016,-0.0016,False,False,0.0505,0.0016,18.354,0.131,0.1507,True
3745,bj920576,2026-01-06,80.1800003051758,85.0,hourly,25,True,0.5,1.02,73.9529,0.0777,0.0842,True,False,0.2041,0.0777,38.915,0.5147,1.0604,True
3746,sz002413,2026-01-06,12.329999923706055,15.800000190734863,hourly,15,False,0.5,0.98,12.3249,0.0004,0.0004,True,False,0.0977,0.0004,7.249,0.4121,0.7009,True
3747,sz002149,2026-01-06,35.470001220703125,47.0,daily,10,False,1.5,1.0,35.45,0.0006,0.0006,True,False,0.0006,0.0228,22.8978,0.3544,0.5491,True
3748,sz301005,2026-01-06,157.5,160.0,daily,10,False,0.5,1.02,122.1555,0.2244,0.2893,True,False,0.2244,0.3249,67.3249,0.5725,1.3394,True
3749,sz301330,2026-01-06,37.380001068115234,44.150001525878906,hourly,10,False,0.5,1.02,36.3213,0.0283,0.0291,True,False,0.1383,0.0283,28.4388,0.2392,0.3144,True
3750,bj920199,2026-01-07,40.299999237060554,55.900001525878906,hourly,20,True,0.5,1.02,40.3083,0.0002,-0.0002,False,False,0.0063,0.0002,33.5104,0.1685,0.2026,True
3751,bj920092,2026-01-07,36.779998779296875,43.65999984741211,hourly,20,True,1.5,1.0,36.772,0.0002,0.0002,True,False,0.0015,0.0002,31.6765,0.1388,0.1611,True
3752,sh600775,2026-01-07,13.699999809265137,17.0,hourly,15,False,1.0,1.0,13.7102,0.0007,-0.0007,False,False,0.03,0.0007,11.0056,0.1967,0.2448,True
3753,bj920179,2026-01-07,40.959999084472656,44.70000076293945,hourly,15,False,1.5,0.98,40.8936,0.0016,0.0016,True,False,0.0583,0.0016,33.9888,0.1702,0.2051,True
3754,sz002788,2026-01-07,15.470000267028809,24.979999542236328,daily,20,False,0.5,0.95,15.4868,0.0011,-0.0011,False,False,0.0011,0.1258,11.2754,0.2711,0.372,True
3755,bj920576,2026-01-07,85.31999969482422,89.23999786376953,hourly,10,False,0.5,1.02,73.5485,0.138,0.1601,True,False,0.2395,0.138,39.7818,0.5337,1.1447,True
3756,sh688766,2026-01-07,167.36999511718747,184.7700042724609,hourly,10,False,0.5,1.02,152.0337,0.0916,0.1009,True,False,0.1861,0.0916,117.0929,0.3004,0.4294,True
3757,bj920857,2026-01-07,26.000000000000004,36.95000076293945,daily,30,True,1.5,0.95,26.1214,0.0047,-0.0046,False,False,0.0047,0.2351,29.4663,0.1333,-0.1176,False
3758,sz301363,2026-01-07,30.45999908447266,42.29999923706055,daily,10,False,0.5,1.02,28.2323,0.0731,0.0789,True,False,0.0731,0.2444,21.1895,0.3044,0.4375,True
3759,sz301213,2026-01-07,72.6500015258789,85.5999984741211,daily,10,False,0.5,1.02,68.0891,0.0628,0.067,True,False,0.0628,0.3331,57.231,0.2122,0.2694,True
3760,bj920751,2026-01-07,24.170000076293945,24.799999237060547,hourly,10,False,0.5,1.02,21.6359,0.1048,0.1171,True,False,0.1529,0.1048,19.1452,0.2079,0.2625,True
3761,sz000608,2026-01-07,3.1600000858306885,3.200000047683716,hourly,10,False,0.5,1.02,2.8837,0.0874,0.0958,True,False,0.1425,0.0874,2.3154,0.2673,0.3648,True
3762,sh600266,2026-01-07,5.440000057220459,7.010000228881836,hourly,10,True,0.5,1.02,5.439,0.0002,0.0002,True,False,0.0628,0.0002,4.577,0.1586,0.1886,True
3763,sz002173,2026-01-08,27.049999237060547,33.0,hourly,15,False,0.5,1.02,26.907,0.0053,0.0053,True,True,0.0653,0.0053,20.7207,0.234,0.3055,True
3764,sh600337,2026-01-08,2.4800000190734863,4.269999980926514,daily,20,True,1.0,1.0,2.4716,0.0034,0.0034,True,False,0.0034,0.1431,2.3882,0.037,0.0384,True
3765,bj920199,2026-01-08,40.299999237060554,51.58000183105469,hourly,25,True,1.5,1.0,40.3129,0.0003,-0.0003,False,False,0.0042,0.0003,33.7265,0.1631,0.1949,True
3766,bj920179,2026-01-08,40.959999084472656,46.060001373291016,hourly,15,False,1.0,0.95,40.9288,0.0008,0.0008,True,False,0.039,0.0008,34.0774,0.168,0.202,True
3767,sz001331,2026-01-08,47.29999923706055,59.0,hourly,25,False,0.5,1.0,47.0279,0.0058,0.0058,True,False,0.1083,0.0058,18.8806,0.6008,1.5052,True
3768,sh600696,2026-01-08,1.8700000047683716,3.0,hourly,10,False,1.5,0.95,2.5727,0.3758,-0.2731,False,False,0.3895,0.3758,4.1266,1.2067,-0.5468,False
3769,sh600775,2026-01-08,13.699999809265138,17.719999313354492,hourly,15,True,0.5,1.0,13.6827,0.0013,0.0013,True,False,0.0039,0.0013,11.0834,0.191,0.2361,True
3770,sz002149,2026-01-08,35.47000122070313,48.869998931884766,daily,10,True,0.5,0.98,35.371,0.0028,0.0028,True,False,0.0028,0.0814,24.2593,0.3161,0.4621,True
3771,sz301363,2026-01-08,30.459999084472656,40.11000061035156,daily,10,False,0.5,1.02,29.7857,0.0221,0.0226,True,False,0.0221,0.1083,21.4434,0.296,0.4205,True
3772,sz301005,2026-01-08,162.5,177.0,daily,10,False,0.5,1.02,133.0365,0.1813,0.2215,True,False,0.1813,0.3019,71.7947,0.5582,1.2634,True
3773,sz002788,2026-01-08,15.470000267028805,27.21999931335449,daily,25,False,1.0,1.02,15.4696,0.0,0.0,True,False,0.0,0.167,11.5747,0.2518,0.3365,True
3774,bj920576,2026-01-08,85.31999969482423,104.36000061035156,hourly,10,False,0.5,1.02,83.748,0.0184,0.0188,True,False,0.2103,0.0184,40.6758,0.5233,1.0976,True
3775,sz002195,2026-01-08,9.369999885559082,10.34000015258789,hourly,10,False,0.5,1.02,9.1564,0.0228,0.0233,True,False,0.1447,0.0228,6.8396,0.27,0.37,True
3776,sz002792,2026-01-08,43.9900016784668,57.310001373291016,hourly,20,False,1.5,1.0,43.8384,0.0034,0.0035,True,False,0.0712,0.0034,25.4022,0.4225,0.7317,True
3777,sh688037,2026-01-08,179.80000305175784,205.0,hourly,10,False,0.5,1.02,176.7883,0.0168,0.017,True,False,0.1623,0.0168,122.754,0.3173,0.4647,True
3778,bj920199,2026-01-09,40.29999923706055,51.54999923706055,hourly,25,True,1.5,0.95,40.3859,0.0021,-0.0021,False,False,0.0027,0.0021,33.9797,0.1568,0.186,True
3779,sh600696,2026-01-09,1.8700000047683718,3.150000095367432,daily,10,False,1.5,0.95,2.6053,0.3932,-0.2822,False,False,0.3932,0.396,4.0635,1.173,-0.5398,False
3780,sz002173,2026-01-09,27.049999237060547,35.400001525878906,hourly,30,False,1.5,1.02,27.0966,0.0017,-0.0017,False,False,0.017,0.0017,20.8933,0.2276,0.2947,True
3781,sh600775,2026-01-09,13.699999809265137,18.15999984741211,hourly,20,True,0.5,0.98,13.6997,0.0,0.0,True,False,0.0031,0.0,11.1702,0.1847,0.2265,True
3782,sh603938,2026-01-09,22.979999542236328,24.0,hourly,10,False,0.5,1.02,22.1723,0.0351,0.0364,True,False,0.1106,0.0351,17.3929,0.2431,0.3212,True
3783,sz001331,2026-01-09,47.299999237060554,58.52999877929688,hourly,15,True,1.0,0.98,47.3427,0.0009,-0.0009,False,False,0.0796,0.0009,19.7899,0.5816,1.3901,True
3784,sz002324,2026-01-09,17.270000457763672,22.799999237060547,daily,15,False,0.5,1.02,17.2702,0.0,-0.0,False,False,0.0,0.0041,13.0723,0.2431,0.3211,True
3785,sh688221,2026-01-09,20.329999923706062,28.51000022888184,hourly,10,True,1.5,0.95,20.3356,0.0003,-0.0003,False,False,0.0131,0.0003,16.6599,0.1805,0.2203,True
3786,sh603015,2026-01-09,14.449999809265137,17.110000610351562,hourly,15,False,1.5,1.02,14.4542,0.0003,-0.0003,False,False,0.0593,0.0003,11.6104,0.1965,0.2446,True
3787,sz301079,2026-01-09,41.349998474121094,57.5,hourly,15,False,1.0,1.0,41.2633,0.0021,0.0021,True,False,0.1244,0.0021,25.4769,0.3839,0.623,True
3788,bj920751,2026-01-09,24.17000007629394,25.82999992370605,hourly,15,False,0.5,1.02,24.2058,0.0015,-0.0015,False,False,0.1038,0.0015,19.1918,0.206,0.2594,True
3789,sz300503,2026-01-09,52.990001678466804,63.2599983215332,hourly,20,True,0.5,0.95,52.9376,0.001,0.001,True,False,0.0125,0.001,32.8504,0.3801,0.6131,True
3790,sz300878,2026-01-09,25.93000030517578,35.33000183105469,hourly,30,True,0.5,1.0,25.9512,0.0008,-0.0008,False,False,0.0037,0.0008,22.7425,0.1229,0.1402,True
3791,bj920199,2026-01-12,40.29999923706055,54.0,daily,20,False,0.5,1.0,40.1767,0.0031,0.0031,True,False,0.0031,0.007,34.2356,0.1505,0.1771,True
3792,bj920751,2026-01-12,24.17000007629395,27.989999771118164,hourly,10,False,1.5,1.0,24.1683,0.0001,0.0001,True,False,0.084,0.0001,19.2389,0.204,0.2563,True
3793,sh600696,2026-01-12,1.8700000047683718,3.039999961853028,daily,10,False,1.5,0.95,2.6238,0.4031,-0.2873,False,False,0.4031,0.4314,4.0029,1.1406,-0.5328,False
3794,bj920396,2026-01-12,33.38000106811524,42.5,hourly,30,True,1.5,1.02,33.3916,0.0003,-0.0003,False,False,0.0041,0.0003,30.0197,0.1007,0.1119,True
3795,sz300986,2026-01-12,23.899999618530273,26.790000915527344,hourly,10,False,0.5,0.95,23.8799,0.0008,0.0008,True,False,0.1888,0.0008,10.8568,0.5457,1.2014,True
3796,sz301079,2026-01-12,41.349998474121094,65.01000213623047,hourly,30,False,1.0,0.98,41.267,0.002,0.002,True,False,0.0548,0.002,25.8456,0.375,0.5999,True
3797,bj920640,2026-01-12,42.599998474121094,53.0,hourly,10,False,0.5,1.0,42.2872,0.0073,0.0074,True,False,0.0961,0.0073,32.2476,0.243,0.321,True
3798,bj920092,2026-01-12,36.77999877929688,49.400001525878906,daily,10,True,0.5,1.02,36.8263,0.0013,-0.0013,False,False,0.0013,0.0033,32.0717,0.128,0.1468,True
3799,sh688387,2026-01-12,15.430000305175783,19.959999084472656,hourly,10,False,0.5,1.02,14.6453,0.0509,0.0536,True,False,0.1857,0.0509,7.8068,0.494,0.9765,True
3800,bj920576,2026-01-12,83.0,112.97000122070312,hourly,30,False,0.5,0.98,82.8846,0.0014,0.0014,True,False,0.112,0.0014,42.695,0.4856,0.944,True
3801,bj920077,2026-01-12,17.030000686645508,20.0,hourly,10,True,0.5,0.98,17.0326,0.0002,-0.0002,False,False,0.0397,0.0002,13.7382,0.1933,0.2396,True
3802,bj920021,2026-01-13,9.5,10.720000267028809,hourly,10,False,0.5,1.02,8.5241,0.1027,0.1145,True,False,0.2477,0.1027,6.3467,0.3319,0.4968,True
3803,bj920670,2026-01-13,16.950000762939453,20.43000030517578,hourly,25,False,1.0,0.98,16.9517,0.0001,-0.0001,False,False,0.0236,0.0001,14.8611,0.1232,0.1406,True
3804,bj920199,2026-01-13,40.29999923706055,49.29999923706055,daily,10,True,0.5,1.0,40.1848,0.0029,0.0029,True,False,0.0029,0.0373,34.5104,0.1437,0.1678,True
3805,bj920270,2026-01-13,18.04000091552734,20.21999931335449,hourly,30,True,1.5,0.98,18.0549,0.0008,-0.0008,False,False,0.0054,0.0008,15.9504,0.1158,0.131,True
3806,bj920116,2026-01-13,103.37000274658203,136.0,daily,10,False,0.5,1.02,92.5022,0.1051,0.1175,True,False,0.1051,0.2035,72.247,0.3011,0.4308,True
3807,bj920207,2026-01-13,27.920000076293952,41.0,hourly,10,True,0.5,0.95,27.8848,0.0013,0.0013,True,False,0.0886,0.0013,20.7661,0.2562,0.3445,True
3808,bj920227,2026-01-13,75.11000061035158,89.80000305175781,hourly,10,False,0.5,1.02,69.6262,0.073,0.0788,True,False,0.1882,0.073,56.3498,0.2498,0.3329,True
3809,bj920394,2026-01-13,49.0,49.0,hourly,10,False,0.5,1.02,45.6733,0.0679,0.0728,True,False,0.1492,0.0679,36.3733,0.2577,0.3471,True
3810,bj920575,2026-01-13,9.40999984741211,10.800000190734863,daily,25,False,0.5,1.02,9.3876,0.0024,0.0024,True,False,0.0024,0.0447,10.3412,0.099,-0.0901,False
3811,sz301005,2026-01-13,160.1199951171875,204.0,daily,10,False,0.5,1.02,144.1671,0.0996,0.1107,True,False,0.0996,0.1896,79.0226,0.5065,1.0263,True
3812,bj920367,2026-01-13,21.920000076293945,27.0,hourly,10,False,1.0,1.0,21.9282,0.0004,-0.0004,False,False,0.012,0.0004,20.3081,0.0735,0.0794,True
3813,sh600776,2026-01-13,17.729999542236328,25.56999969482422,hourly,20,True,1.5,1.0,17.6936,0.0021,0.0021,True,False,0.0032,0.0021,13.7167,0.2264,0.2926,True
3814,sz300063,2026-01-13,12.22000026702881,14.600000381469728,hourly,10,False,0.5,1.02,11.7049,0.0421,0.044,True,False,0.1889,0.0421,8.1618,0.3321,0.4972,True
3815,sz300785,2026-01-13,58.029998779296875,72.30999755859375,hourly,10,False,0.5,1.02,57.2577,0.0133,0.0135,True,False,0.1859,0.0133,37.7209,0.35,0.5384,True
3816,sz301378,2026-01-13,38.88000106811524,44.970001220703125,hourly,10,False,0.5,1.02,34.8297,0.1042,0.1163,True,False,0.2003,0.1042,28.4369,0.2686,0.3672,True
3817,sz003041,2026-01-13,55.13999938964844,69.02999877929688,hourly,25,False,1.0,0.98,55.0619,0.0014,0.0014,True,False,0.0157,0.0014,40.5549,0.2645,0.3596,True
3818,sh603778,2026-01-13,12.77999973297119,25.57999992370605,daily,25,False,1.0,0.98,12.7689,0.0009,0.0009,True,False,0.0009,0.1657,9.9507,0.2214,0.2843,True
3819,bj920670,2026-01-14,16.950000762939453,21.0,daily,10,False,0.5,1.02,16.9342,0.0009,0.0009,True,False,0.0009,0.0014,14.8758,0.1224,0.1394,True
3820,bj920021,2026-01-14,9.5,12.199999809265137,hourly,10,False,0.5,1.0,9.4905,0.001,0.001,True,False,0.203,0.001,6.3613,0.3304,0.4934,True
3821,bj920394,2026-01-14,52.0,57.0,hourly,10,False,0.5,1.02,47.3614,0.0892,0.0979,True,False,0.1877,0.0892,36.4643,0.2988,0.4261,True
3822,bj920169,2026-01-14,36.59000015258789,41.97999954223633,hourly,10,False,0.5,1.02,35.6196,0.0265,0.0272,True,False,0.1395,0.0265,29.1653,0.2029,0.2546,True
3823,bj920207,2026-01-14,27.92000007629395,37.0,hourly,20,True,1.0,1.02,28.0691,0.0053,-0.0053,False,False,0.0287,0.0053,20.8554,0.253,0.3387,True
3824,bj920227,2026-01-14,75.11000061035158,102.0,hourly,15,False,0.5,1.02,75.1921,0.0011,-0.0011,False,False,0.1466,0.0011,56.3556,0.2497,0.3328,True
3825,sz301378,2026-01-14,38.880001068115234,50.0099983215332,hourly,10,False,1.0,0.98,38.9446,0.0017,-0.0017,False,False,0.1654,0.0017,28.4691,0.2678,0.3657,True
3826,bj920046,2026-01-14,16.549999237060547,17.899999618530273,hourly,10,False,0.5,1.02,14.5221,0.1225,0.1396,True,False,0.1579,0.1225,13.251,0.1993,0.249,True
3827,bj920088,2026-01-14,33.77000045776367,40.0,hourly,20,False,1.0,1.02,33.7612,0.0003,0.0003,True,False,0.0646,0.0003,29.7668,0.1185,0.1345,True
3828,sz301159,2026-01-14,45.00000000000001,55.0,hourly,20,False,0.5,1.02,45.0895,0.002,-0.002,False,False,0.0917,0.002,34.9939,0.2224,0.2859,True
3829,sz300063,2026-01-14,12.220000267028807,15.68000030517578,hourly,20,False,1.5,1.02,12.1881,0.0026,0.0026,True,False,0.1435,0.0026,8.2082,0.3283,0.4888,True
3830,sz301001,2026-01-14,32.63999938964844,40.459999084472656,hourly,15,False,1.5,1.02,32.6462,0.0002,-0.0002,False,False,0.0735,0.0002,28.8185,0.1171,0.1326,True
3831,sz300785,2026-01-14,58.02999877929688,73.0,hourly,20,False,0.5,1.0,57.7949,0.0041,0.0041,True,False,0.1214,0.0041,38.0565,0.3442,0.5248,True
3832,bj920130,2026-01-14,23.610000610351562,29.959999084472656,daily,15,False,0.5,1.0,23.5812,0.0012,0.0012,True,False,0.0012,0.0046,22.2029,0.0596,0.0634,True
3833,bj920116,2026-01-14,102.54000091552734,134.0,daily,10,False,0.5,1.02,96.1875,0.062,0.066,True,False,0.062,0.1138,72.8088,0.2899,0.4083,True
3834,bj920392,2026-01-14,25.20999908447266,26.420000076293945,hourly,10,False,1.5,0.95,26.0314,0.0326,-0.0316,False,False,0.0339,0.0326,32.1173,0.274,-0.2151,False
3835,sh688365,2026-01-14,23.559999465942383,30.959999084472656,hourly,15,False,1.5,1.02,23.5365,0.001,0.001,True,False,0.1405,0.001,15.3661,0.3478,0.5332,True
3836,sh603828,2026-01-14,6.409999847412108,9.670000076293944,daily,25,True,1.5,0.95,6.3735,0.0057,0.0057,True,False,0.0057,0.1871,6.8731,0.0722,-0.0674,False
3837,sh600986,2026-01-14,9.039999961853027,12.0,hourly,15,True,1.0,0.95,9.0646,0.0027,-0.0027,False,False,0.0072,0.0027,7.9124,0.1247,0.1425,True
3838,bj920021,2026-01-15,9.500000000000002,11.5,hourly,20,False,0.5,0.95,9.5037,0.0004,-0.0004,False,False,0.1632,0.0004,6.3841,0.328,0.4881,True
3839,bj920394,2026-01-15,52.00000000000001,53.27999877929688,hourly,10,False,0.5,1.02,50.2907,0.0329,0.034,True,False,0.1604,0.0329,36.5947,0.2963,0.421,True
3840,bj920270,2026-01-15,18.040000915527344,21.200000762939453,daily,10,True,0.5,1.02,18.0386,0.0001,0.0001,True,False,0.0001,0.0041,16.0492,0.1104,0.124,True
3841,bj920227,2026-01-15,75.0999984741211,85.5199966430664,hourly,25,False,1.5,1.0,75.3519,0.0034,-0.0033,False,False,0.113,0.0034,56.417,0.2488,0.3312,True
3842,bj920207,2026-01-15,27.920000076293945,32.36000061035156,hourly,25,True,1.5,1.02,27.8684,0.0018,0.0019,True,False,0.0148,0.0018,20.9604,0.2493,0.332,True
3843,sz000608,2026-01-15,3.160000085830689,3.359999895095825,hourly,10,False,0.5,1.02,3.0252,0.0427,0.0446,True,True,0.1106,0.0427,2.3314,0.2622,0.3554,True
3844,sz002044,2026-01-15,6.539999961853027,7.670000076293945,daily,10,False,0.5,1.0,6.5438,0.0006,-0.0006,False,False,0.0006,0.0009,5.1686,0.2097,0.2653,True
3845,sz301378,2026-01-15,38.299999237060554,46.72999954223633,hourly,25,False,1.0,0.95,38.3543,0.0014,-0.0014,False,False,0.1145,0.0014,28.5391,0.2549,0.342,True
3846,sh688679,2026-01-15,42.29999923706055,43.84000015258789,hourly,10,False,0.5,1.02,35.3422,0.1645,0.1969,True,False,0.3009,0.1645,22.9175,0.4582,0.8458,True
3847,sz300758,2026-01-15,15.989999771118164,19.049999237060547,hourly,10,False,0.5,1.02,15.4798,0.0319,0.033,True,False,0.1142,0.0319,12.6311,0.2101,0.2659,True
3848,bj920088,2026-01-15,33.77000045776367,37.400001525878906,hourly,20,False,0.5,0.95,33.7746,0.0001,-0.0001,False,False,0.0367,0.0001,29.7536,0.1189,0.135,True
3849,bj920090,2026-01-15,5.5,7.949999809265137,daily,20,False,1.5,0.95,5.5288,0.0052,-0.0052,False,False,0.0052,0.1389,6.2959,0.1447,-0.1264,False
3850,sz002131,2026-01-15,7.590000152587891,9.359999656677246,hourly,15,True,1.0,0.95,7.5852,0.0006,0.0006,True,False,0.0032,0.0006,5.1664,0.3193,0.4691,True
3851,sh600676,2026-01-15,7.610000133514405,8.949999809265137,hourly,15,False,1.5,0.95,7.6055,0.0006,0.0006,True,False,0.0698,0.0006,5.7537,0.2439,0.3226,True
3852,sh605287,2026-01-15,34.810001373291016,37.220001220703125,hourly,10,False,0.5,1.02,31.4723,0.0959,0.1061,True,False,0.1603,0.0959,25.0982,0.279,0.387,True
3853,bj920021,2026-01-16,9.520000457763674,9.600000381469728,hourly,15,False,1.0,0.95,9.5124,0.0008,0.0008,True,False,0.1519,0.0008,6.4097,0.3267,0.4853,True
3854,bj920179,2026-01-16,48.479999542236335,52.0,hourly,10,False,0.5,1.02,44.0026,0.0924,0.1018,True,False,0.1594,0.0924,34.6622,0.285,0.3986,True
3855,bj920227,2026-01-16,75.09999847412111,77.80000305175781,hourly,25,False,1.0,0.95,74.9813,0.0016,0.0016,True,False,0.0984,0.0016,56.5289,0.2473,0.3285,True
3856,bj920207,2026-01-16,27.92000007629395,30.729999542236328,hourly,30,True,1.5,1.02,27.8891,0.0011,0.0011,True,False,0.0095,0.0011,21.1016,0.2442,0.3231,True
3857,bj920046,2026-01-16,17.229999542236328,17.229999542236328,hourly,10,False,0.5,1.02,16.2788,0.0552,0.0584,True,False,0.1685,0.0552,13.2008,0.2338,0.3052,True
3858,sz000608,2026-01-16,3.1600000858306885,3.4200000762939453,hourly,10,False,1.5,1.02,3.175,0.0047,-0.0047,False,True,0.0751,0.0047,2.3512,0.256,0.344,True
3859,bj920169,2026-01-16,36.59000015258789,40.0,hourly,25,False,1.0,1.0,36.5899,0.0,0.0,True,False,0.0827,0.0,29.1767,0.2026,0.2541,True
3860,sh688270,2026-01-16,167.0,193.4199981689453,hourly,30,False,0.5,1.0,167.02,0.0001,-0.0001,False,False,0.0853,0.0001,88.9306,0.4675,0.8779,True
3861,sz301348,2026-01-16,26.989999771118164,30.96999931335449,hourly,10,False,0.5,1.02,25.5551,0.0532,0.0561,True,False,0.1393,0.0532,20.1932,0.2518,0.3366,True
3862,sh688525,2026-01-16,158.30999755859375,180.0,hourly,10,False,0.5,1.02,148.2527,0.0635,0.0678,True,False,0.1891,0.0635,104.993,0.3368,0.5078,True
3863,sh603929,2026-01-16,134.27000427246097,169.0,hourly,15,False,0.5,1.02,134.7923,0.0039,-0.0039,False,False,0.1117,0.0039,75.2683,0.4394,0.7839,True
3864,bj920576,2026-01-16,81.05999755859375,93.38999938964844,hourly,30,False,1.5,0.95,81.0378,0.0003,0.0003,True,False,0.005,0.0003,47.3265,0.4162,0.7128,True
3865,sz300567,2026-01-16,123.87000274658203,135.27999877929688,hourly,10,False,0.5,1.02,112.2275,0.094,0.1037,True,False,0.1775,0.094,75.8267,0.3879,0.6336,True
3866,sz300342,2026-01-16,44.209999084472656,55.4900016784668,hourly,25,False,1.0,0.98,44.2187,0.0002,-0.0002,False,False,0.0814,0.0002,23.6492,0.4651,0.8694,True
3867,sh688031,2026-01-16,167.77000427246094,175.00999450683594,hourly,25,False,1.0,1.02,167.7236,0.0003,0.0003,True,False,0.1551,0.0003,79.6737,0.5251,1.1057,True
3868,sz002865,2026-01-16,81.50000000000001,86.4000015258789,hourly,10,False,0.5,1.02,80.723,0.0095,0.0096,True,False,0.1833,0.0095,43.3429,0.4682,0.8804,True
3869,sz001270,2026-01-16,117.36000061035158,122.52999877929688,hourly,10,True,0.5,1.02,116.9619,0.0034,0.0034,True,False,0.1117,0.0034,62.0556,0.4712,0.8912,True
3870,sz002796,2026-01-16,40.68000030517579,44.29999923706055,hourly,10,False,0.5,1.02,37.1403,0.087,0.0953,True,False,0.217,0.087,21.4336,0.4731,0.898,True
3871,sh603626,2026-01-16,19.68000030517578,22.3700008392334,hourly,20,False,1.5,1.02,19.6789,0.0001,0.0001,True,False,0.0447,0.0001,13.8028,0.2986,0.4258,True
3872,bj920394,2026-01-19,52.00000000000001,57.79999923706055,hourly,10,True,0.5,1.02,51.8739,0.0024,0.0024,True,False,0.1145,0.0024,36.9897,0.2887,0.4058,True
3873,bj920046,2026-01-19,22.780000686645508,23.0,hourly,10,False,0.5,1.02,18.3349,0.1951,0.2424,True,False,0.3748,0.1951,13.1622,0.4222,0.7307,True
3874,sz300567,2026-01-19,123.87000274658205,143.02999877929688,hourly,10,False,0.5,1.02,123.9691,0.0008,-0.0008,False,False,0.1366,0.0008,76.8347,0.3797,0.6122,True
3875,bj920576,2026-01-19,81.05999755859375,99.79000091552734,daily,10,False,0.5,1.0,81.0051,0.0007,0.0007,True,False,0.0007,0.0018,48.5514,0.401,0.6696,True
3876,sz301005,2026-01-19,154.88999938964844,223.9199981689453,daily,10,False,0.5,0.98,156.2975,0.0091,-0.009,False,False,0.0091,0.1246,89.6816,0.421,0.7271,True
3877,sz300215,2026-01-19,7.880000114440919,9.529999732971191,hourly,10,False,0.5,1.02,7.6358,0.031,0.032,True,False,0.1388,0.031,6.3475,0.1945,0.2414,True
3878,sh688031,2026-01-19,167.77000427246094,192.5,hourly,30,False,0.5,1.0,167.6283,0.0008,0.0008,True,False,0.1337,0.0008,81.805,0.5124,1.0509,True
3879,sz002112,2026-01-19,19.15999984741211,21.299999237060547,hourly,15,False,0.5,0.98,19.1122,0.0025,0.0025,True,False,0.1377,0.0025,13.3167,0.305,0.4388,True
3880,sz000608,2026-01-19,3.1600000858306885,3.430000066757202,hourly,25,False,0.5,1.02,3.1464,0.0043,0.0043,True,False,0.0658,0.0043,2.371,0.2497,0.3328,True
3881,bj920299,2026-01-19,23.030000686645508,26.600000381469727,hourly,10,False,1.0,1.0,23.0127,0.0008,0.0008,True,False,0.0782,0.0008,19.0508,0.1728,0.2089,True
3882,sh603667,2026-01-19,72.69999694824219,89.0,hourly,15,False,0.5,0.95,72.6962,0.0001,0.0001,True,False,0.0079,0.0001,50.7197,0.3023,0.4334,True
3883,sh600879,2026-01-19,23.899999618530277,27.01000022888184,hourly,25,True,1.5,0.95,23.8821,0.0007,0.0007,True,False,0.0022,0.0007,15.2548,0.3617,0.5667,True
3884,sz301225,2026-01-19,127.19999694824217,168.3000030517578,daily,15,False,1.0,1.02,127.3633,0.0013,-0.0013,False,False,0.0013,0.0383,100.9112,0.2067,0.2605,True
3885,sh688523,2026-01-19,56.70999908447266,66.16999816894531,daily,10,True,0.5,1.02,56.5082,0.0036,0.0036,True,False,0.0036,0.0357,37.9624,0.3306,0.4938,True
3886,sz300503,2026-01-19,52.0,66.11000061035156,daily,10,True,0.5,1.02,52.0157,0.0003,-0.0003,False,False,0.0003,0.022,36.984,0.2888,0.406,True
3887,sh600058,2026-01-19,12.600000381469728,13.949999809265137,hourly,15,False,1.5,1.0,12.648,0.0038,-0.0038,False,False,0.1237,0.0038,8.8693,0.2961,0.4206,True
3888,sh600785,2026-01-19,19.729999542236328,20.700000762939453,hourly,10,False,0.5,1.02,17.9343,0.091,0.1001,True,False,0.2157,0.091,13.1624,0.3329,0.499,True
3889,bj920021,2026-01-20,10.300000190734863,10.9399995803833,hourly,10,True,0.5,1.02,10.1072,0.0187,0.0191,True,False,0.178,0.0187,6.4837,0.3705,0.5886,True
3890,bj920471,2026-01-20,16.17000007629395,17.489999771118164,hourly,15,True,0.5,1.02,13.6517,0.1557,0.1845,True,False,0.1748,0.1557,12.713,0.2138,0.2719,True
3891,bj920046,2026-01-20,23.1299991607666,25.8799991607666,hourly,10,False,0.5,1.02,19.5199,0.1561,0.1849,True,False,0.3477,0.1561,13.1357,0.4321,0.7608,True
3892,sz002358,2026-01-20,6.550000190734864,7.809999942779541,hourly,15,False,1.0,1.0,6.5527,0.0004,-0.0004,False,False,0.0243,0.0004,5.3554,0.1824,0.2231,True
3893,bj920199,2026-01-20,40.29999923706055,46.45000076293945,daily,10,True,0.5,0.95,40.3254,0.0006,-0.0006,False,False,0.0006,0.0244,35.8654,0.11,0.1236,True
3894,bj920227,2026-01-20,74.01000213623047,76.5999984741211,hourly,15,True,1.0,0.95,73.9898,0.0003,0.0003,True,False,0.0424,0.0003,56.9945,0.2299,0.2985,True
3895,sz300986,2026-01-20,29.360000610351562,33.79999923706055,hourly,10,False,0.5,1.02,27.9408,0.0483,0.0508,True,False,0.2489,0.0483,11.7931,0.5983,1.4896,True
3896,sz300215,2026-01-20,7.880000114440918,9.699999809265137,hourly,20,False,1.0,1.02,7.8629,0.0022,0.0022,True,False,0.1012,0.0022,6.3546,0.1936,0.2401,True
3897,bj920299,2026-01-20,23.030000686645508,27.21999931335449,hourly,15,True,0.5,1.0,23.0089,0.0009,0.0009,True,False,0.0657,0.0009,19.0671,0.1721,0.2078,True
3898,sh603286,2026-01-20,65.6999969482422,78.5999984741211,daily,10,False,1.0,1.0,65.6247,0.0011,0.0011,True,False,0.0011,0.0013,52.5441,0.2002,0.2504,True
3899,bj920726,2026-01-20,21.229999542236328,24.8799991607666,hourly,25,False,1.5,0.98,21.2286,0.0001,0.0001,True,False,0.0022,0.0001,19.592,0.0772,0.0836,True
3900,sz300058,2026-01-20,17.0,17.579999923706055,hourly,20,True,1.0,1.02,16.999,0.0001,0.0001,True,False,0.1033,0.0001,9.4245,0.4456,0.8038,True
3901,bj920914,2026-01-20,27.899999618530273,33.0,hourly,25,True,0.5,0.95,27.9155,0.0006,-0.0006,False,False,0.0007,0.0006,26.4146,0.0532,0.0562,True
3902,bj920706,2026-01-20,26.290000915527344,31.020000457763672,hourly,20,False,0.5,0.95,26.2914,0.0001,-0.0001,False,False,0.0107,0.0001,24.0674,0.0845,0.0923,True
3903,bj920751,2026-01-20,24.85000038146973,26.520000457763672,hourly,10,False,1.0,1.02,24.8555,0.0002,-0.0002,False,False,0.0566,0.0002,19.7167,0.2066,0.2604,True
3904,sz002112,2026-01-20,19.159999847412106,21.96999931335449,hourly,10,True,0.5,0.98,19.1652,0.0003,-0.0003,False,False,0.1159,0.0003,13.4054,0.3003,0.4293,True
3905,sh601616,2026-01-20,4.820000171661377,5.679999828338623,hourly,10,False,0.5,1.02,4.8315,0.0024,-0.0024,False,False,0.1054,0.0024,3.8279,0.2058,0.2592,True
3906,bj920526,2026-01-20,23.069999694824222,27.940000534057617,daily,30,True,1.5,1.0,23.0915,0.0009,-0.0009,False,False,0.0009,0.0021,23.3918,0.0139,-0.0138,False
3907,sz301611,2026-01-20,114.68000030517577,136.61000061035156,hourly,15,True,1.5,0.98,114.7203,0.0004,-0.0004,False,False,0.0056,0.0004,68.9864,0.3984,0.6624,True
3908,bj920471,2026-01-21,15.3100004196167,16.940000534057617,hourly,10,False,0.5,1.02,14.8505,0.03,0.0309,True,False,0.1207,0.03,12.6983,0.1706,0.2057,True
3909,bj920046,2026-01-21,23.1299991607666,25.0,hourly,10,False,0.5,1.02,23.1536,0.001,-0.001,False,False,0.2859,0.001,13.1591,0.4311,0.7577,True
3910,bj920427,2026-01-21,13.699999809265137,18.989999771118164,hourly,10,True,1.5,0.98,13.6936,0.0005,0.0005,True,False,0.0187,0.0005,12.5727,0.0823,0.0897,True
3911,sz300986,2026-01-21,28.940000534057617,33.09000015258789,hourly,10,False,1.0,0.98,28.8326,0.0037,0.0037,True,False,0.1796,0.0037,12.1804,0.5791,1.376,True
3912,sz002718,2026-01-21,60.5999984741211,63.79999923706055,hourly,15,False,0.5,1.02,59.4543,0.0189,0.0193,True,False,0.13,0.0189,32.4091,0.4652,0.8698,True
3913,sz301486,2026-01-21,152.89999389648438,166.16000366210938,hourly,10,True,0.5,1.02,138.2901,0.0956,0.1056,True,False,0.1792,0.0956,96.3752,0.3697,0.5865,True
3914,sh688031,2026-01-21,167.77000427246094,199.1300048828125,hourly,10,True,1.5,0.98,167.5936,0.0011,0.0011,True,False,0.0605,0.0011,86.629,0.4836,0.9367,True
3915,sz301232,2026-01-21,162.5,162.5,daily,10,False,0.5,1.02,155.717,0.0417,0.0436,True,False,0.0417,0.2398,96.0122,0.4092,0.6925,True
3916,sh603090,2026-01-21,67.86000061035156,90.18000030517578,hourly,25,True,1.5,1.02,67.7434,0.0017,0.0017,True,False,0.0066,0.0017,49.7889,0.2663,0.363,True
3917,sz300567,2026-01-21,123.87000274658203,152.50999450683594,hourly,20,False,1.5,0.98,124.0161,0.0012,-0.0012,False,False,0.045,0.0012,79.3876,0.3591,0.5603,True
3918,sh603608,2026-01-21,10.0600004196167,10.960000038146973,hourly,10,False,0.5,1.02,9.5708,0.0486,0.0511,True,False,0.0813,0.0486,7.5105,0.2534,0.3395,True
3919,sz300842,2026-01-21,92.47000122070314,98.97000122070312,hourly,10,False,0.5,1.02,89.6766,0.0302,0.0311,True,False,0.1711,0.0302,57.558,0.3775,0.6066,True
3920,sh603667,2026-01-21,72.69999694824219,88.01000213623047,hourly,30,True,1.0,0.98,72.8916,0.0026,-0.0026,False,False,0.0064,0.0026,52.357,0.2798,0.3885,True
3921,bj920299,2026-01-21,23.030000686645508,25.489999771118164,hourly,25,False,0.5,0.95,23.0292,0.0,0.0,True,False,0.0441,0.0,19.1013,0.1706,0.2057,True
3922,sh603626,2026-01-21,19.68000030517578,24.100000381469727,hourly,15,True,1.5,0.95,19.6844,0.0002,-0.0002,False,False,0.0082,0.0002,14.4006,0.2683,0.3666,True
3923,bj920088,2026-01-21,35.27000045776368,35.61000061035156,hourly,10,True,1.0,1.02,35.3311,0.0017,-0.0017,False,False,0.0555,0.0017,29.857,0.1535,0.1813,True
3924,sh688125,2026-01-21,162.63000488281253,181.58999633789065,hourly,25,False,1.5,1.02,162.6753,0.0003,-0.0003,False,False,0.0489,0.0003,93.3445,0.426,0.7423,True
3925,sh600696,2026-01-22,1.8700000047683718,2.2300000190734863,hourly,10,False,1.5,0.95,2.1948,0.1737,-0.148,False,False,0.2389,0.1737,3.5681,0.9081,-0.4759,False
3926,bj920021,2026-01-22,10.3100004196167,12.020000457763672,hourly,15,False,0.5,1.02,10.3388,0.0028,-0.0028,False,False,0.1387,0.0028,6.587,0.3611,0.5652,True
3927,bj920394,2026-01-22,48.349998474121094,57.5,hourly,30,True,1.0,1.0,48.3426,0.0002,0.0002,True,False,0.0096,0.0002,37.8683,0.2168,0.2768,True
3928,bj920471,2026-01-22,15.069999694824219,17.280000686645508,hourly,10,False,1.0,0.98,15.0487,0.0014,0.0014,True,False,0.0891,0.0014,12.6878,0.1581,0.1878,True
3929,bj920046,2026-01-22,23.129999160766605,25.51000022888184,hourly,15,False,0.5,1.02,23.1651,0.0015,-0.0015,False,False,0.2312,0.0015,13.2282,0.4281,0.7485,True
3930,bj920427,2026-01-22,13.539999961853026,21.8799991607666,hourly,30,True,1.0,0.98,13.5409,0.0001,-0.0001,False,False,0.0019,0.0001,12.5653,0.072,0.0776,True
3931,bj920640,2026-01-22,42.5999984741211,46.70000076293945,daily,10,False,0.5,1.02,42.6001,0.0,-0.0,False,False,0.0,0.0004,34.1861,0.1975,0.2461,True
3932,bj920014,2026-01-22,12.500000000000002,14.65999984741211,hourly,10,False,0.5,1.02,12.4293,0.0057,0.0057,True,False,0.0171,0.0057,11.7628,0.059,0.0627,True
3933,sh603601,2026-01-22,9.720000267028809,10.300000190734863,daily,15,True,0.5,0.95,9.7035,0.0017,0.0017,True,False,0.0017,0.002,8.4085,0.1349,0.156,True
3934,sh600343,2026-01-22,31.5,32.79999923706055,daily,30,False,1.5,1.0,31.4811,0.0006,0.0006,True,False,0.0006,0.0029,30.7639,0.0234,0.0239,True
3935,bj920576,2026-01-22,71.5,107.55999755859376,daily,25,False,0.5,0.98,71.4663,0.0005,0.0005,True,False,0.0005,0.1338,52.2247,0.2696,0.3691,True
3936,bj920227,2026-01-22,67.25,80.11000061035156,daily,10,True,0.5,1.02,67.2358,0.0002,0.0002,True,False,0.0002,0.0076,57.6619,0.1426,0.1663,True
3937,sh688270,2026-01-22,161.0,184.0,hourly,25,True,1.0,0.95,160.9385,0.0004,0.0004,True,False,0.0086,0.0004,98.6718,0.3871,0.6317,True
3938,sh603778,2026-01-22,12.779999732971191,16.209999084472656,daily,20,True,1.0,0.95,12.7461,0.0026,0.0027,True,False,0.0026,0.2976,12.1276,0.0511,0.0538,True
3939,sh688523,2026-01-22,56.70999908447266,65.01000213623047,hourly,10,False,1.5,0.98,56.7015,0.0002,0.0002,True,False,0.0035,0.0002,40.3861,0.2878,0.4042,True
3940,bj920021,2026-01-23,10.3100004196167,12.3100004196167,hourly,15,False,1.0,1.0,10.3136,0.0003,-0.0003,False,False,0.1002,0.0003,6.6522,0.3548,0.5499,True
3941,bj920046,2026-01-23,23.1299991607666,26.450000762939453,hourly,10,False,0.5,0.95,23.1645,0.0015,-0.0015,False,False,0.1933,0.0015,13.3231,0.424,0.7361,True
3942,bj920394,2026-01-23,48.29999923706055,62.470001220703125,hourly,25,False,1.5,0.95,48.2939,0.0001,0.0001,True,False,0.0087,0.0001,38.1911,0.2093,0.2647,True
3943,sz002931,2026-01-23,78.66000366210938,89.58000183105469,hourly,15,False,0.5,0.95,78.4434,0.0028,0.0028,True,True,0.0846,0.0028,28.6194,0.6362,1.7485,True
3944,bj920471,2026-01-23,14.949999809265137,17.770000457763672,hourly,15,False,1.0,0.98,14.9339,0.0011,0.0011,True,False,0.0477,0.0011,12.6949,0.1508,0.1776,True
3945,bj920179,2026-01-23,46.0,53.08000183105469,daily,10,False,0.5,1.02,45.9972,0.0001,0.0001,True,False,0.0001,0.0011,35.7594,0.2226,0.2864,True
3946,sh603078,2026-01-23,23.28000068664551,30.88999938964844,hourly,30,False,1.5,0.98,23.288,0.0003,-0.0003,False,False,0.0009,0.0003,17.9888,0.2273,0.2941,True
3947,bj920207,2026-01-23,27.920000076293945,33.9900016784668,hourly,30,True,1.5,0.95,28.0699,0.0054,-0.0053,False,False,0.006,0.0054,22.0728,0.2094,0.2649,True
3948,bj920227,2026-01-23,67.25,85.47000122070312,daily,20,False,0.5,1.0,67.2864,0.0005,-0.0005,False,False,0.0005,0.0159,58.0215,0.1372,0.1591,True
3949,sh600696,2026-01-23,1.8200000524520876,2.190000057220459,hourly,10,False,1.5,0.95,2.1504,0.1816,-0.1537,False,False,0.2275,0.1816,3.5114,0.9293,-0.4817,False
3950,bj920640,2026-01-23,42.52000045776367,48.75,hourly,10,True,0.5,0.98,42.5488,0.0007,-0.0007,False,False,0.0097,0.0007,34.462,0.1895,0.2338,True
3951,bj920427,2026-01-23,13.40999984741211,20.5,daily,30,False,0.5,1.0,13.3957,0.0011,0.0011,True,False,0.0011,0.0041,12.5808,0.0618,0.0659,True
3952,sz002112,2026-01-23,19.159999847412106,24.07999992370605,hourly,30,False,0.5,0.95,19.1727,0.0007,-0.0007,False,False,0.0232,0.0007,13.787,0.2804,0.3897,True
3953,bj920169,2026-01-23,35.86000061035156,40.36000061035156,hourly,10,True,0.5,0.95,35.8705,0.0003,-0.0003,False,False,0.0233,0.0003,29.5102,0.1771,0.2152,True
3954,bj920116,2026-01-23,100.5199966430664,126.0,daily,10,False,0.5,1.0,100.0595,0.0046,0.0046,True,False,0.0046,0.2039,77.6271,0.2277,0.2949,True
3955,sz301005,2026-01-23,154.88999938964844,208.77999877929688,daily,15,False,0.5,0.98,154.9141,0.0002,-0.0002,False,False,0.0002,0.1186,100.1538,0.3534,0.5465,True
3956,bj920046,2026-01-26,23.1299991607666,28.01000022888184,hourly,25,False,0.5,0.98,23.1327,0.0001,-0.0001,False,False,0.1539,0.0001,13.4453,0.4187,0.7203,True
3957,bj920471,2026-01-26,14.550000190734863,18.299999237060547,hourly,25,True,1.0,1.02,14.5432,0.0005,0.0005,True,False,0.0026,0.0005,12.7073,0.1266,0.145,True
3958,bj920368,2026-01-26,43.169998168945305,48.09999847412109,hourly,10,False,0.5,1.02,41.7805,0.0322,0.0333,True,False,0.2094,0.0322,26.3814,0.3889,0.6364,True
3959,bj920414,2026-01-26,14.279999732971191,16.200000762939453,hourly,15,False,1.0,1.0,14.2891,0.0006,-0.0006,False,False,0.091,0.0006,11.5985,0.1878,0.2312,True
3960,bj920634,2026-01-26,24.600000381469727,30.0,daily,30,True,1.0,1.02,24.5939,0.0002,0.0002,True,False,0.0002,0.0013,23.9892,0.0248,0.0255,True
3961,sh603078,2026-01-26,23.28000068664551,29.200000762939453,daily,10,False,1.0,1.0,23.2758,0.0002,0.0002,True,False,0.0002,0.0015,18.184,0.2189,0.2802,True
3962,bj920088,2026-01-26,39.369998931884766,40.369998931884766,hourly,10,False,0.5,1.02,37.6012,0.0449,0.047,True,False,0.13,0.0449,29.9955,0.2381,0.3125,True
3963,sz301636,2026-01-26,57.75,71.01000213623047,hourly,10,False,0.5,1.02,54.4967,0.0563,0.0597,True,False,0.1092,0.0563,48.9031,0.1532,0.1809,True
3964,bj920427,2026-01-26,13.40999984741211,15.449999809265137,daily,30,False,0.5,1.0,13.3979,0.0009,0.0009,True,False,0.0009,0.0425,12.5832,0.0617,0.0657,True
3965,sh601615,2026-01-26,19.200000762939453,22.0,hourly,20,False,0.5,1.0,19.1959,0.0002,0.0002,True,False,0.0433,0.0002,13.7345,0.2847,0.3979,True
3966,sz002218,2026-01-26,5.800000190734863,6.159999847412109,hourly,10,False,0.5,1.02,5.2463,0.0955,0.1056,True,False,0.1527,0.0955,4.025,0.306,0.441,True
3967,sz300751,2026-01-26,256.0,329.010009765625,hourly,30,False,0.5,0.98,256.0431,0.0002,-0.0002,False,False,0.0247,0.0002,154.3298,0.3971,0.6588,True
3968,sz000603,2026-01-26,43.5,56.86000061035156,hourly,20,False,1.0,0.98,43.4901,0.0002,0.0002,True,False,0.0203,0.0002,29.1427,0.3301,0.4927,True
3969,bj920575,2026-01-26,8.699999809265138,10.520000457763672,daily,15,False,0.5,0.95,8.7036,0.0004,-0.0004,False,False,0.0004,0.0277,9.6492,0.1091,-0.0984,False
3970,sh688323,2026-01-26,21.500000000000004,29.979999542236328,hourly,25,True,1.5,1.0,21.5005,0.0,-0.0,False,False,0.0005,0.0,18.0309,0.1614,0.1924,True
3971,sh688516,2026-01-26,79.5199966430664,86.94999694824219,hourly,10,False,1.0,1.02,79.8384,0.004,-0.004,False,False,0.1814,0.004,44.3051,0.4428,0.7948,True
3972,sz300051,2026-01-26,9.300000190734863,10.789999961853027,hourly,10,False,0.5,0.98,9.2417,0.0063,0.0063,True,False,0.1038,0.0063,6.6387,0.2862,0.4009,True
3973,sz002667,2026-01-26,16.55999946594238,18.96999931335449,hourly,10,False,0.5,1.02,16.2524,0.0186,0.0189,True,False,0.0888,0.0186,13.0259,0.2134,0.2713,True
3974,sz002865,2026-01-26,81.33999633789062,105.4800033569336,daily,10,False,0.5,1.0,81.2273,0.0014,0.0014,True,False,0.0014,0.0018,49.2454,0.3946,0.6517,True
3975,sz002943,2026-01-26,58.72999954223633,68.30999755859375,daily,10,False,0.5,1.02,57.3622,0.0233,0.0238,True,False,0.0233,0.1556,38.1152,0.351,0.5409,True
3976,bj920207,2026-01-27,27.92000007629395,32.18000030517578,daily,10,False,1.0,1.02,27.9398,0.0007,-0.0007,False,False,0.0007,0.0008,22.5004,0.1941,0.2409,True
3977,bj920414,2026-01-27,14.279999732971191,17.93000030517578,hourly,10,True,1.5,0.98,14.2435,0.0026,0.0026,True,False,0.0784,0.0026,11.5987,0.1878,0.2312,True
3978,bj920021,2026-01-27,10.3100004196167,12.0,hourly,30,False,0.5,0.95,10.3122,0.0002,-0.0002,False,False,0.0397,0.0002,6.8148,0.339,0.5129,True
3979,bj920368,2026-01-27,42.810001373291016,56.79999923706055,hourly,20,False,0.5,1.02,42.7503,0.0014,0.0014,True,False,0.1833,0.0014,26.55,0.3798,0.6124,True
3980,bj920471,2026-01-27,14.550000190734863,16.649999618530273,hourly,15,True,1.5,0.98,14.5891,0.0027,-0.0027,False,False,0.0071,0.0027,12.728,0.1252,0.1432,True
3981,sh600343,2026-01-27,31.510000228881836,34.5,hourly,20,False,1.5,0.98,31.5053,0.0001,0.0001,True,False,0.0015,0.0001,31.2654,0.0078,0.0078,True
3982,bj920427,2026-01-27,13.399999618530272,15.899999618530272,daily,20,False,0.5,0.98,13.3934,0.0005,0.0005,True,False,0.0005,0.0758,12.5885,0.0606,0.0645,True
3983,sh688607,2026-01-27,49.040000915527344,66.0,hourly,30,True,1.5,0.95,49.0856,0.0009,-0.0009,False,False,0.001,0.0009,38.3066,0.2189,0.2802,True
3984,bj920575,2026-01-27,8.699999809265135,11.18000030517578,daily,20,True,1.5,0.98,8.7055,0.0006,-0.0006,False,False,0.0006,0.0312,9.5944,0.1028,-0.0932,False
3985,sh688668,2026-01-27,139.99000549316406,161.8800048828125,hourly,10,False,0.5,1.02,140.0297,0.0003,-0.0003,False,False,0.1521,0.0003,99.0827,0.2922,0.4129,True
3986,bj920227,2026-01-27,66.0,81.62999725341797,daily,25,False,0.5,0.98,65.9158,0.0013,0.0013,True,False,0.0013,0.0472,58.8033,0.109,0.1224,True
3987,sz000547,2026-01-27,26.309999465942383,27.729999542236328,daily,15,False,0.5,0.98,26.3168,0.0003,-0.0003,False,False,0.0003,0.0006,21.9881,0.1643,0.1966,True
3988,sz300639,2026-01-27,6.210000038146973,8.65999984741211,hourly,10,False,1.0,0.98,6.2127,0.0004,-0.0004,False,False,0.018,0.0004,5.5168,0.1116,0.1257,True
3989,sh603601,2026-01-27,10.489999771118164,10.489999771118164,hourly,30,True,1.0,1.02,10.4767,0.0013,0.0013,True,False,0.0013,0.0013,8.6301,0.1773,0.2155,True
3990,sh601212,2026-01-27,8.97999954223633,12.56999969482422,hourly,15,True,1.5,1.02,9.0051,0.0028,-0.0028,False,False,0.0698,0.0028,5.4868,0.389,0.6366,True
3991,sz001331,2026-01-27,49.990001678466804,56.0,hourly,20,False,1.5,0.95,49.955,0.0007,0.0007,True,False,0.0031,0.0007,31.2429,0.375,0.6,True
3992,sz002218,2026-01-27,5.800000190734863,6.800000190734863,hourly,10,False,0.5,1.02,5.8061,0.0011,-0.0011,False,False,0.117,0.0011,4.0574,0.3004,0.4295,True
3993,sz300751,2026-01-27,256.0,343.0,daily,10,False,0.5,1.0,256.1435,0.0006,-0.0006,False,False,0.0006,0.0045,158.0498,0.3826,0.6197,True
3994,sh603078,2026-01-27,23.280000686645508,29.18000030517578,daily,10,False,1.0,0.98,23.3099,0.0013,-0.0013,False,False,0.0013,0.0048,18.397,0.2098,0.2654,True
3995,bj920414,2026-01-28,14.279999732971191,16.670000076293945,hourly,15,True,1.5,1.0,14.2784,0.0001,0.0001,True,False,0.0334,0.0001,11.6227,0.1861,0.2286,True
3996,bj920471,2026-01-28,14.550000190734863,17.670000076293945,hourly,30,True,1.5,1.02,14.552,0.0001,-0.0001,False,False,0.003,0.0001,12.748,0.1238,0.1414,True
3997,bj920368,2026-01-28,40.029998779296875,60.65999984741211,hourly,30,False,1.5,1.02,40.0854,0.0014,-0.0014,False,False,0.0461,0.0014,26.8225,0.3299,0.4924,True
3998,bj920634,2026-01-28,24.139999389648438,34.779998779296875,daily,30,True,1.0,1.0,24.1363,0.0002,0.0002,True,False,0.0002,0.0293,24.0437,0.004,0.004,True
3999,sz001270,2026-01-28,114.37000274658203,160.0,daily,15,False,1.0,1.0,114.6798,0.0027,-0.0027,False,False,0.0027,0.0088,76.9963,0.3268,0.4854,True
4000,sh603061,2026-01-28,253.88000488281253,298.0,daily,10,False,0.5,1.02,234.3606,0.0769,0.0833,True,False,0.0769,0.2632,150.5833,0.4069,0.686,True
4001,sh688270,2026-01-28,155.00000000000003,212.6100006103516,daily,20,False,0.5,0.98,155.1996,0.0013,-0.0013,False,False,0.0013,0.0641,108.9395,0.2972,0.4228,True
4002,sh688668,2026-01-28,131.55999755859375,172.0,hourly,10,True,1.5,1.0,131.6849,0.0009,-0.0009,False,False,0.0501,0.0009,99.7625,0.2417,0.3187,True
4003,bj920427,2026-01-28,13.399999618530272,15.399999618530272,daily,25,False,0.5,0.98,13.3689,0.0023,0.0023,True,False,0.0023,0.0904,12.6041,0.0594,0.0631,True
4004,sz000603,2026-01-28,43.5,70.0,daily,10,False,1.0,0.98,43.5037,0.0001,-0.0001,False,False,0.0001,0.0001,30.2824,0.3039,0.4365,True
4005,sz300639,2026-01-28,6.210000038146973,8.819999694824219,daily,10,False,0.5,0.98,6.2113,0.0002,-0.0002,False,False,0.0002,0.0003,5.534,0.1089,0.1222,True
4006,sz002218,2026-01-28,5.800000190734864,6.880000114440918,hourly,20,False,1.0,1.0,5.7977,0.0004,0.0004,True,False,0.0676,0.0004,4.0985,0.2934,0.4152,True
4007,sz002119,2026-01-28,20.90999984741211,26.440000534057617,hourly,10,True,1.5,0.95,20.8898,0.001,0.001,True,False,0.0071,0.001,16.9665,0.1886,0.2324,True
4008,bj920207,2026-01-29,27.92000007629395,31.600000381469727,hourly,10,True,1.5,0.95,27.9392,0.0007,-0.0007,False,False,0.0014,0.0007,22.9184,0.1791,0.2182,True
4009,bj920088,2026-01-29,40.810001373291016,56.560001373291016,hourly,10,False,1.0,1.0,40.8146,0.0001,-0.0001,False,False,0.1245,0.0001,30.2235,0.2594,0.3503,True
4010,bj920471,2026-01-29,14.550000190734863,19.299999237060547,hourly,25,True,1.0,0.95,14.5391,0.0007,0.0007,True,False,0.0034,0.0007,12.7683,0.1225,0.1395,True
4011,bj920414,2026-01-29,14.279999732971191,15.6899995803833,hourly,30,True,0.5,1.0,14.3073,0.0019,-0.0019,False,False,0.0147,0.0019,11.6568,0.1837,0.225,True
4012,bj920227,2026-01-29,64.4000015258789,84.0,daily,25,False,0.5,0.95,64.3582,0.0006,0.0006,True,False,0.0006,0.0816,59.5796,0.0749,0.0809,True
4013,bj920021,2026-01-29,10.050000190734862,12.149999618530272,hourly,15,True,1.5,0.95,10.026,0.0024,0.0024,True,False,0.0354,0.0024,6.9758,0.3059,0.4407,True
4014,bj920368,2026-01-29,40.029998779296875,59.0,hourly,15,True,1.5,0.95,40.0406,0.0003,-0.0003,False,False,0.0025,0.0003,27.1681,0.3213,0.4734,True
4015,bj920019,2026-01-29,20.799999237060547,26.0,hourly,30,True,1.0,0.98,20.815,0.0007,-0.0007,False,False,0.0009,0.0007,19.5494,0.0601,0.064,True
4016,sh601388,2026-01-29,3.700000047683716,4.329999923706055,hourly,15,False,1.5,1.02,3.7025,0.0007,-0.0007,False,False,0.0444,0.0007,2.957,0.2008,0.2513,True
4017,sh600696,2026-01-29,1.7799999713897705,1.9800000190734863,hourly,10,False,1.5,0.95,1.9284,0.0834,-0.077,False,False,0.1213,0.0834,3.2849,0.8454,-0.4581,False
4018,sh600481,2026-01-29,7.360000133514404,8.770000457763672,hourly,30,False,1.0,0.95,7.3623,0.0003,-0.0003,False,False,0.0027,0.0003,6.0429,0.179,0.218,True
4019,sz301500,2026-01-29,18.54999923706055,21.600000381469727,hourly,10,False,1.0,0.98,18.5371,0.0007,0.0007,True,False,0.0562,0.0007,15.3234,0.1739,0.2106,True
4020,sh600343,2026-01-29,31.510000228881836,35.13999938964844,daily,25,True,0.5,0.95,31.4884,0.0007,0.0007,True,False,0.0007,0.0008,31.4599,0.0016,0.0016,True
4021,sh601069,2026-01-29,33.22000122070313,44.81999969482422,daily,10,False,0.5,0.95,33.1851,0.0011,0.0011,True,False,0.0011,0.0016,26.9621,0.1884,0.2321,True
4022,bj920564,2026-01-29,25.340000152587894,31.0,daily,20,False,0.5,0.95,25.3202,0.0008,0.0008,True,False,0.0008,0.0063,22.7977,0.1003,0.1115,True
4023,sz000603,2026-01-29,43.5,61.02000045776367,hourly,30,True,0.5,0.95,43.56,0.0014,-0.0014,False,False,0.0014,0.0014,30.9256,0.2891,0.4066,True
4024,sz300164,2026-01-29,10.300000190734865,13.31999969482422,hourly,10,False,0.5,1.02,9.9147,0.0374,0.0389,True,False,0.2198,0.0374,5.7543,0.4413,0.79,True
4025,sz002716,2026-01-29,12.510000228881836,19.040000915527344,hourly,30,True,1.5,0.95,12.4431,0.0053,0.0054,True,False,0.0086,0.0053,7.7551,0.3801,0.6131,True
4026,sz300785,2026-01-29,50.45999908447266,70.30999755859375,daily,15,True,0.5,1.0,50.4788,0.0004,-0.0004,False,False,0.0004,0.0927,43.3052,0.1418,0.1652,True
4027,sz002155,2026-01-30,31.149999618530273,33.29999923706055,hourly,15,False,0.5,1.02,30.991,0.0051,0.0051,True,True,0.0902,0.0051,21.2501,0.3178,0.4659,True
4028,bj920471,2026-01-30,14.550000190734863,19.5,hourly,30,True,1.5,0.98,14.5435,0.0004,0.0004,True,False,0.0045,0.0004,12.7988,0.1204,0.1368,True
4029,bj920088,2026-01-30,40.810001373291016,44.5,hourly,30,False,1.0,1.02,40.7975,0.0003,0.0003,True,False,0.0746,0.0003,30.3348,0.2567,0.3453,True
4030,sh601388,2026-01-30,3.700000047683716,4.150000095367432,hourly,20,False,0.5,0.95,3.6959,0.0011,0.0011,True,False,0.0362,0.0011,2.9735,0.1964,0.2443,True
4031,sh600696,2026-01-30,1.7799999713897707,2.069999933242798,hourly,10,False,1.5,0.95,1.8593,0.0445,-0.0426,False,False,0.0804,0.0445,3.2267,0.8128,-0.4484,False
4032,sz301611,2026-01-30,107.97000122070312,127.6500015258789,daily,10,False,1.0,0.98,108.1741,0.0019,-0.0019,False,False,0.0019,0.0475,82.1373,0.2393,0.3145,True
4033,bj920438,2026-01-30,39.029998779296875,50.20000076293945,hourly,25,False,1.5,0.95,39.0604,0.0008,-0.0008,False,False,0.0011,0.0008,37.3221,0.0438,0.0458,True
4034,bj920087,2026-01-30,16.790000915527347,19.459999084472656,hourly,25,False,0.5,0.98,16.7938,0.0002,-0.0002,False,False,0.0106,0.0002,15.7246,0.0635,0.0678,True
4035,sz301486,2026-01-30,171.38999938964847,199.9900054931641,hourly,10,False,0.5,1.02,165.8631,0.0322,0.0333,True,False,0.1525,0.0322,105.6032,0.3838,0.623,True
4036,sz000547,2026-01-30,26.860000610351562,28.100000381469727,hourly,25,False,1.0,1.02,26.868,0.0003,-0.0003,False,False,0.0009,0.0003,22.6174,0.158,0.1876,True
4037,sz002165,2026-01-30,10.84000015258789,12.770000457763672,hourly,15,False,0.5,1.02,10.7636,0.007,0.0071,True,False,0.1307,0.007,7.7459,0.2854,0.3994,True
4038,sh688583,2026-01-30,126.68000030517578,130.0,daily,10,False,0.5,1.02,101.7085,0.1971,0.2455,True,False,0.1971,0.1989,89.7312,0.2917,0.4118,True
4039,sz001270,2026-01-30,114.37000274658205,165.14999389648438,daily,20,False,1.0,1.02,114.4037,0.0003,-0.0003,False,False,0.0003,0.0777,81.2463,0.2896,0.4077,True
4040,sz300785,2026-01-30,50.459999084472656,75.5,daily,25,False,0.5,0.95,50.4696,0.0002,-0.0002,False,False,0.0002,0.1013,43.8242,0.1315,0.1514,True
4041,bj920394,2026-01-30,48.29999923706055,59.4900016784668,daily,10,True,0.5,0.98,48.2758,0.0005,0.0005,True,False,0.0005,0.0355,40.2835,0.166,0.199,True
4042,sz002995,2026-01-30,22.799999237060547,35.0099983215332,hourly,25,True,1.5,1.0,22.8326,0.0014,-0.0014,False,False,0.0054,0.0014,17.3398,0.2395,0.3149,True
4043,sh688416,2026-01-30,83.00000000000001,105.5,hourly,20,True,0.5,0.98,82.901,0.0012,0.0012,True,False,0.007,0.0012,57.5483,0.3066,0.4423,True
4044,sh688365,2026-01-30,20.030000686645508,28.040000915527344,daily,15,False,1.5,1.0,20.0278,0.0001,0.0001,True,False,0.0001,0.1255,17.6708,0.1178,0.1335,True
4045,sz301396,2026-01-30,83.18000030517578,109.11000061035156,daily,10,False,0.5,1.02,83.3106,0.0016,-0.0016,False,False,0.0016,0.1418,63.9344,0.2314,0.301,True
4046,sz300385,2026-01-30,10.649999618530273,11.520000457763672,hourly,10,False,0.5,1.02,10.0869,0.0529,0.0558,True,False,0.1921,0.0529,6.2006,0.4178,0.7176,True
4047,sz002931,2026-02-02,73.7300033569336,99.5,hourly,20,True,1.5,1.0,74.2885,0.0076,-0.0075,False,False,0.0079,0.0076,30.3895,0.5878,1.4262,True
4048,bj920046,2026-02-02,26.010000228881836,27.6200008392334,hourly,15,True,0.5,1.02,25.5267,0.0186,0.0189,True,False,0.1336,0.0186,14.5019,0.4424,0.7936,True
4049,sh600550,2026-02-02,14.81999969482422,15.850000381469728,hourly,20,True,0.5,1.02,14.6849,0.0091,0.0092,True,False,0.0537,0.0091,10.7217,0.2765,0.3822,True
4050,sz002969,2026-02-02,19.950000762939457,24.149999618530277,hourly,15,False,1.5,1.0,19.9616,0.0006,-0.0006,False,False,0.1246,0.0006,8.4074,0.5786,1.3729,True
4051,sh688583,2026-02-02,134.0,140.0,hourly,10,False,0.5,1.02,120.337,0.102,0.1135,True,False,0.2168,0.102,90.0961,0.3276,0.4873,True
4052,sz002165,2026-02-02,10.840000152587889,12.399999618530272,hourly,10,True,0.5,1.0,10.8319,0.0007,0.0007,True,False,0.0961,0.0007,7.794,0.281,0.3908,True
4053,sz000995,2026-02-02,14.699999809265138,17.219999313354492,hourly,15,False,0.5,1.02,14.7065,0.0004,-0.0004,False,False,0.0966,0.0004,12.3366,0.1608,0.1916,True
4054,sz300342,2026-02-02,41.0099983215332,55.77000045776367,daily,15,False,1.5,1.0,40.7873,0.0054,0.0055,True,False,0.0054,0.1109,31.3543,0.2354,0.308,True
4055,sh601388,2026-02-02,3.7000000476837163,4.03000020980835,hourly,20,True,0.5,1.0,3.706,0.0016,-0.0016,False,False,0.0072,0.0016,2.9936,0.1909,0.236,True
4056,sh688335,2026-02-02,34.900001525878906,41.52000045776367,hourly,15,False,1.5,1.02,34.8887,0.0003,0.0003,True,False,0.0077,0.0003,26.0025,0.2549,0.3422,True
4057,bj920087,2026-02-02,16.790000915527344,19.799999237060547,hourly,30,True,1.5,1.02,16.7845,0.0003,0.0003,True,False,0.0038,0.0003,15.7185,0.0638,0.0682,True
4058,sz300427,2026-02-02,12.670000076293945,15.279999732971191,daily,15,True,1.0,1.02,12.6673,0.0002,0.0002,True,False,0.0002,0.0332,11.1346,0.1212,0.1379,True
4059,sh605255,2026-02-02,105.20999908447266,133.9199981689453,daily,30,True,1.5,0.95,112.5845,0.0701,-0.0655,False,False,0.0701,0.1025,131.4142,0.2491,-0.1994,False
4060,sz002131,2026-02-02,7.90999984741211,10.0,daily,15,False,0.5,1.02,7.9156,0.0007,-0.0007,False,False,0.0007,0.0011,5.935,0.2497,0.3328,True
4061,sz002842,2026-02-02,25.18000030517578,27.229999542236328,hourly,20,False,0.5,1.0,25.1018,0.0031,0.0031,True,False,0.1236,0.0031,14.1899,0.4365,0.7745,True
4062,sh601869,2026-02-02,156.0,160.0,hourly,10,False,0.5,1.02,140.9234,0.0966,0.107,True,False,0.2123,0.0966,99.4066,0.3628,0.5693,True
4063,sz002995,2026-02-02,22.799999237060543,36.09999847412109,daily,15,False,0.5,0.98,22.7769,0.001,0.001,True,False,0.001,0.0013,17.5728,0.2293,0.2975,True
4064,bj920471,2026-02-03,14.550000190734863,19.020000457763672,daily,25,False,0.5,1.0,14.5514,0.0001,-0.0001,False,False,0.0001,0.0097,12.8971,0.1136,0.1282,True
4065,bj920368,2026-02-03,40.029998779296875,66.0,daily,15,False,0.5,0.95,40.0408,0.0003,-0.0003,False,False,0.0003,0.0194,28.5667,0.2864,0.4013,True
4066,bj920438,2026-02-03,39.029998779296875,53.0099983215332,daily,10,True,0.5,0.98,39.0287,0.0,0.0,True,False,0.0,0.0003,37.4564,0.0403,0.042,True
4067,sh688523,2026-02-03,56.70999908447266,65.01000213623047,daily,20,False,0.5,1.0,56.6933,0.0003,0.0003,True,False,0.0003,0.0004,45.7049,0.1941,0.2408,True
4068,bj920021,2026-02-03,9.979999542236326,13.149999618530272,hourly,30,True,1.5,0.95,9.9052,0.0075,0.0076,True,False,0.0081,0.0075,7.2548,0.2731,0.3756,True
4069,sz002931,2026-02-03,73.73000335693362,102.1999969482422,hourly,25,True,1.5,1.0,73.6926,0.0005,0.0005,True,False,0.0009,0.0005,32.2221,0.563,1.2882,True
4070,bj920414,2026-02-03,13.81999969482422,16.65999984741211,daily,10,False,0.5,0.98,13.8006,0.0014,0.0014,True,False,0.0014,0.0016,11.7895,0.1469,0.1722,True
4071,sh600550,2026-02-03,14.819999694824219,16.0,hourly,20,False,1.0,1.02,14.833,0.0009,-0.0009,False,False,0.0403,0.0009,10.8461,0.2681,0.3664,True
4072,sz002943,2026-02-03,53.97999954223633,84.22000122070312,daily,25,False,1.0,1.0,53.9824,0.0,-0.0,False,False,0.0,0.0004,43.1091,0.2014,0.2522,True
4073,sz300342,2026-02-03,40.22999954223633,56.150001525878906,daily,20,False,1.0,0.95,40.2335,0.0001,-0.0001,False,False,0.0001,0.1649,32.0589,0.2031,0.2549,True
4074,sh603172,2026-02-03,22.079999923706055,30.57999992370605,hourly,20,True,0.5,0.98,22.1135,0.0015,-0.0015,False,False,0.0051,0.0015,17.9087,0.1889,0.2329,True
4075,bj920207,2026-02-03,27.92000007629395,30.280000686645508,hourly,10,False,1.5,0.95,27.906,0.0005,0.0005,True,False,0.0007,0.0005,23.5338,0.1571,0.1864,True
4076,sh600330,2026-02-03,14.800000190734865,15.699999809265137,hourly,10,False,0.5,1.02,13.6439,0.0781,0.0847,True,False,0.1443,0.0781,11.1304,0.2479,0.3297,True
4077,sz300986,2026-02-03,25.55999946594238,41.209999084472656,daily,10,False,1.5,0.95,25.6141,0.0021,-0.0021,False,False,0.0021,0.2047,17.129,0.3299,0.4922,True
4078,sh688583,2026-02-03,132.8000030517578,161.55999755859375,hourly,10,False,0.5,1.02,129.4418,0.0253,0.0259,True,False,0.1771,0.0253,90.5398,0.3182,0.4668,True
4079,sz002491,2026-02-03,8.420000076293945,9.380000114440918,hourly,10,False,0.5,1.02,8.1939,0.0268,0.0276,True,False,0.198,0.0268,5.6963,0.3235,0.4781,True
4080,bj920438,2026-02-04,39.029998779296875,55.400001525878906,daily,25,False,1.0,1.0,39.1087,0.002,-0.002,False,False,0.002,0.0077,37.5835,0.0371,0.0385,True
4081,bj920414,2026-02-04,13.579999923706056,17.889999389648438,daily,25,False,0.5,1.02,13.4829,0.0071,0.0072,True,False,0.0071,0.0113,11.8295,0.1289,0.148,True
4082,sh600696,2026-02-04,1.6799999475479126,1.9700000286102293,daily,10,False,1.5,0.95,1.8022,0.0727,-0.0678,False,False,0.0727,0.1187,3.0566,0.8194,-0.4504,False
4083,sh603618,2026-02-04,11.40999984741211,11.779999732971191,hourly,10,False,0.5,1.02,10.5538,0.075,0.0811,True,False,0.1666,0.075,7.9704,0.3015,0.4316,True
4084,sz002155,2026-02-04,30.860000610351562,34.5,hourly,25,False,0.5,0.95,30.8525,0.0002,0.0002,True,False,0.006,0.0002,22.0802,0.2845,0.3976,True
4085,sz002165,2026-02-04,10.84000015258789,14.15999984741211,hourly,20,True,1.0,1.0,10.8381,0.0002,0.0002,True,False,0.0058,0.0002,7.9337,0.2681,0.3663,True
4086,sh600986,2026-02-04,10.199999809265137,14.989999771118164,daily,15,True,0.5,1.02,10.1884,0.0011,0.0011,True,False,0.0011,0.0911,8.824,0.1349,0.1559,True
4087,sh600841,2026-02-04,8.699999809265137,9.6899995803833,hourly,25,False,1.0,1.0,8.7063,0.0007,-0.0007,False,False,0.0402,0.0007,6.3781,0.2669,0.364,True
4088,sh688223,2026-02-04,6.920000076293945,7.800000190734863,hourly,10,False,0.5,1.02,6.5479,0.0538,0.0568,True,False,0.1186,0.0538,5.4929,0.2062,0.2598,True
4089,sz002943,2026-02-04,52.38999938964845,81.16000366210938,daily,30,False,1.0,0.98,52.4016,0.0002,-0.0002,False,False,0.0002,0.0018,44.0766,0.1587,0.1886,True
4090,sh688583,2026-02-04,128.88000488281253,158.17999267578125,hourly,10,True,0.5,1.0,128.8579,0.0002,0.0002,True,False,0.0914,0.0002,91.2312,0.2921,0.4127,True
4091,sh603926,2026-02-04,19.360000610351566,26.1299991607666,daily,20,False,1.0,0.95,19.3934,0.0017,-0.0017,False,False,0.0017,0.1268,17.1808,0.1126,0.1268,True
4092,sh600330,2026-02-04,14.800000190734863,15.800000190734863,hourly,10,False,0.5,1.02,14.8116,0.0008,-0.0008,False,False,0.1109,0.0008,11.1871,0.2441,0.323,True
4093,sz002931,2026-02-04,73.41999816894533,108.01000213623048,hourly,30,True,1.0,1.0,73.3256,0.0013,0.0013,True,False,0.0025,0.0013,34.1021,0.5355,1.1529,True
4094,sh600481,2026-02-04,7.010000228881836,10.779999732971191,daily,15,True,0.5,1.0,7.0205,0.0015,-0.0015,False,False,0.0015,0.0721,6.295,0.102,0.1136,True
4095,sh688726,2026-02-04,59.099998474121094,68.0,hourly,25,True,0.5,1.02,59.0609,0.0007,0.0007,True,False,0.0507,0.0007,40.1163,0.3212,0.4732,True
4096,sz002218,2026-02-04,5.800000190734863,7.320000171661377,hourly,30,False,1.5,0.98,5.7982,0.0003,0.0003,True,False,0.0103,0.0003,4.3257,0.2542,0.3408,True
4097,bj920985,2026-02-04,7.679999828338623,8.899999618530273,hourly,25,True,1.5,0.98,7.6785,0.0002,0.0002,True,False,0.0031,0.0002,7.4919,0.0245,0.0251,True
4098,sh688516,2026-02-04,73.91999816894531,105.2300033569336,daily,10,True,0.5,1.02,73.8636,0.0008,0.0008,True,False,0.0008,0.031,51.1239,0.3084,0.4459,True
4099,sh603778,2026-02-04,13.5600004196167,16.65999984741211,hourly,20,False,1.0,0.98,13.5587,0.0001,0.0001,True,False,0.0008,0.0001,13.3971,0.012,0.0122,True
4100,sz301362,2026-02-05,77.0999984741211,91.47000122070312,daily,10,False,0.5,1.02,59.6847,0.2259,0.2918,True,False,0.2259,0.3325,41.8083,0.4577,0.8441,True
4101,sh603061,2026-02-05,232.11000061035162,288.54998779296875,daily,10,False,1.5,0.98,232.4856,0.0016,-0.0016,False,False,0.0016,0.1579,171.7464,0.2601,0.3515,True
4102,sz002155,2026-02-05,30.860000610351566,32.130001068115234,hourly,20,True,1.0,0.98,30.9182,0.0019,-0.0019,False,False,0.002,0.0019,22.372,0.275,0.3794,True
4103,sz002969,2026-02-05,19.950000762939453,25.299999237060547,hourly,25,True,1.0,1.02,19.9723,0.0011,-0.0011,False,False,0.0262,0.0011,9.586,0.5195,1.0812,True
4104,sh688583,2026-02-05,123.86000061035159,159.0,hourly,15,True,0.5,0.95,123.5946,0.0021,0.0021,True,False,0.0022,0.0021,92.1645,0.2559,0.3439,True
4105,sz001316,2026-02-05,47.0099983215332,60.5099983215332,daily,10,False,1.0,1.0,46.8003,0.0045,0.0045,True,False,0.0045,0.1341,37.2979,0.2066,0.2604,True
4106,sz002165,2026-02-05,10.84000015258789,12.829999923706056,hourly,30,True,1.0,1.02,10.8436,0.0003,-0.0003,False,False,0.0065,0.0003,8.0174,0.2604,0.3521,True
4107,sh600683,2026-02-05,5.9600000381469735,6.599999904632568,hourly,10,False,0.5,1.02,5.6851,0.0461,0.0484,True,False,0.1629,0.0461,4.2535,0.2863,0.4012,True
4108,bj920985,2026-02-05,7.679999828338623,8.670000076293945,hourly,20,True,1.5,0.98,7.6755,0.0006,0.0006,True,False,0.0013,0.0006,7.4863,0.0252,0.0259,True
4109,sz002218,2026-02-05,5.800000190734863,6.440000057220459,hourly,30,True,0.5,0.98,5.8097,0.0017,-0.0017,False,False,0.0072,0.0017,4.3788,0.245,0.3246,True
4110,sh688416,2026-02-05,83.00000000000001,108.04000091552734,daily,10,True,0.5,1.02,82.996,0.0,0.0,True,False,0.0,0.0184,61.6704,0.257,0.3459,True
4111,sz001331,2026-02-05,49.990001678466804,59.150001525878906,hourly,15,True,1.5,0.95,49.9993,0.0002,-0.0002,False,False,0.001,0.0002,36.652,0.2668,0.3639,True
4112,bj920765,2026-02-05,16.309999465942383,19.25,daily,10,False,1.5,0.95,17.0469,0.0452,-0.0432,False,False,0.0452,0.0587,20.396,0.2505,-0.2003,False
4113,sz002931,2026-02-05,70.9000015258789,113.0,daily,15,False,0.5,0.95,70.7377,0.0023,0.0023,True,False,0.0023,0.0286,36.0815,0.4911,0.965,True
4114,bj920748,2026-02-05,39.130001068115234,45.18000030517578,hourly,25,False,1.5,0.95,39.1299,0.0,0.0,True,False,0.0018,0.0,43.5922,0.114,-0.1024,False
4115,sz300671,2026-02-05,39.220001220703125,50.79999923706055,daily,25,False,0.5,0.98,39.148,0.0018,0.0018,True,False,0.0018,0.0883,34.3501,0.1242,0.1418,True
4116,bj920978,2026-02-05,26.40999984741211,32.099998474121094,daily,10,False,1.5,0.95,26.5185,0.0041,-0.0041,False,False,0.0041,0.0282,33.1985,0.257,-0.2045,False
4117,sh603618,2026-02-05,12.119999885559082,12.460000038146973,hourly,10,False,0.5,1.02,11.5505,0.047,0.0493,True,False,0.1974,0.047,8.0162,0.3386,0.5119,True
4118,sz301362,2026-02-06,77.0999984741211,94.0,daily,10,False,0.5,1.02,63.7509,0.1731,0.2094,True,False,0.1731,0.2117,42.4925,0.4489,0.8144,True
4119,bj920046,2026-02-06,26.260000228881836,27.90999984741211,hourly,15,True,1.0,1.02,26.248,0.0005,0.0005,True,False,0.0794,0.0005,15.606,0.4057,0.6827,True
4120,sh603616,2026-02-06,6.550000190734863,8.5,hourly,15,False,1.5,0.95,6.5487,0.0002,0.0002,True,False,0.0157,0.0002,5.2218,0.2028,0.2543,True
4121,bj920471,2026-02-06,13.600000381469728,18.450000762939453,daily,30,True,0.5,1.0,13.5996,0.0,0.0,True,False,0.0,0.1301,13.0715,0.0389,0.0404,True
4122,sz002634,2026-02-06,6.409999847412109,6.840000152587891,hourly,10,False,0.5,1.02,6.1041,0.0477,0.0501,True,False,0.1236,0.0477,5.203,0.1883,0.232,True
4123,sz002155,2026-02-06,30.860000610351562,36.5,hourly,30,True,0.5,1.02,30.841,0.0006,0.0006,True,False,0.0108,0.0006,22.6441,0.2662,0.3628,True
4124,sh688726,2026-02-06,59.099998474121094,75.61000061035156,hourly,20,False,1.5,0.95,59.0209,0.0013,0.0013,True,False,0.0237,0.0013,41.0848,0.3048,0.4385,True
4125,sh688583,2026-02-06,123.86000061035158,157.6999969482422,daily,10,False,0.5,0.98,123.566,0.0024,0.0024,True,False,0.0024,0.0038,93.2471,0.2472,0.3283,True
4126,sz301529,2026-02-06,104.72000122070312,139.6699981689453,daily,20,True,1.0,0.95,105.1616,0.0042,-0.0042,False,False,0.0042,0.0519,103.5981,0.0107,0.0108,True
4127,sh603958,2026-02-06,18.299999237060547,22.3799991607666,hourly,20,False,1.5,1.02,18.2871,0.0007,0.0007,True,False,0.0839,0.0007,13.4875,0.263,0.3568,True
4128,sz002931,2026-02-06,70.2300033569336,106.0,daily,20,False,0.5,1.0,70.356,0.0018,-0.0018,False,False,0.0018,0.0951,38.1151,0.4573,0.8426,True
4129,sz000510,2026-02-06,14.829999923706056,15.5600004196167,hourly,10,False,1.5,1.02,14.8286,0.0001,0.0001,True,False,0.0058,0.0001,11.6167,0.2167,0.2766,True
4130,sz002112,2026-02-06,21.20000076293946,25.899999618530277,hourly,25,False,0.5,0.95,21.2024,0.0001,-0.0001,False,False,0.0078,0.0001,15.584,0.2649,0.3604,True
4131,sz002440,2026-02-06,12.220000267028809,13.739999771118164,hourly,10,True,0.5,1.02,12.0698,0.0123,0.0124,True,False,0.1118,0.0123,7.9564,0.3489,0.5359,True
4132,sz002342,2026-02-06,13.0,19.280000686645508,daily,10,False,1.5,1.0,12.9933,0.0005,0.0005,True,False,0.0005,0.0055,9.3345,0.282,0.3927,True
4133,sz002218,2026-02-06,5.800000190734863,7.400000095367432,hourly,25,True,1.0,0.95,5.7952,0.0008,0.0008,True,False,0.0092,0.0008,4.43,0.2362,0.3093,True
4134,sz301362,2026-02-09,77.0999984741211,92.0,daily,10,False,0.5,1.02,68.2165,0.1152,0.1302,True,False,0.1152,0.1961,43.3102,0.4383,0.7802,True
4135,sz002155,2026-02-09,29.440000534057617,35.31999969482422,hourly,25,True,1.5,0.95,29.5001,0.002,-0.002,False,False,0.0034,0.002,22.939,0.2208,0.2834,True
4136,bj920368,2026-02-09,37.52000045776367,62.13999938964844,daily,20,False,1.5,1.0,37.4998,0.0005,0.0005,True,False,0.0005,0.2637,31.0757,0.1718,0.2074,True
4137,sz301312,2026-02-09,72.80999755859375,84.0,daily,10,False,0.5,1.02,66.5914,0.0854,0.0934,True,False,0.0854,0.2901,51.4215,0.2938,0.4159,True
4138,sz002969,2026-02-09,19.950000762939453,28.030000686645508,hourly,25,True,1.0,0.95,19.8984,0.0026,0.0026,True,False,0.003,0.0026,10.4292,0.4772,0.9129,True
4139,bj920167,2026-02-09,18.3700008392334,22.40999984741211,hourly,10,True,1.0,0.98,18.3619,0.0004,0.0004,True,False,0.007,0.0004,17.2399,0.0615,0.0656,True
4140,sz300058,2026-02-09,14.789999961853026,20.030000686645508,daily,20,True,0.5,1.0,14.786,0.0003,0.0003,True,False,0.0003,0.1935,12.7696,0.1366,0.1582,True
4141,sh688258,2026-02-09,112.0,140.00999450683594,daily,20,False,1.0,0.98,111.9174,0.0007,0.0007,True,False,0.0007,0.0628,92.9732,0.1699,0.2046,True
4142,bj920179,2026-02-09,39.52000045776367,59.0,daily,20,True,1.0,1.02,39.5207,0.0,-0.0,False,False,0.0,0.1325,37.6471,0.0474,0.0498,True
4143,sz002623,2026-02-09,23.299999237060547,31.170000076293945,hourly,25,True,1.5,1.02,23.31,0.0004,-0.0004,False,False,0.0019,0.0004,18.4223,0.2093,0.2648,True
4144,sh603626,2026-02-09,21.420000076293945,27.549999237060547,hourly,20,True,1.0,1.02,21.4226,0.0001,-0.0001,False,False,0.0068,0.0001,16.8584,0.213,0.2706,True
4145,sz002218,2026-02-09,5.800000190734863,7.849999904632568,hourly,30,True,1.0,0.95,5.7985,0.0003,0.0003,True,False,0.0034,0.0003,4.4879,0.2262,0.2924,True
4146,sh688066,2026-02-09,19.88999938964844,25.8700008392334,hourly,10,False,1.5,0.95,22.2577,0.119,-0.1064,False,False,0.18,0.119,29.0168,0.4589,-0.3145,False
4147,sh603163,2026-02-09,102.5999984741211,115.5999984741211,hourly,15,True,0.5,1.02,102.1931,0.004,0.004,True,False,0.0686,0.004,69.5934,0.3217,0.4743,True
4148,sz002342,2026-02-09,12.750000000000002,19.149999618530277,daily,15,False,1.0,0.95,12.7385,0.0009,0.0009,True,False,0.0009,0.0563,9.5459,0.2513,0.3357,True
4149,sz301636,2026-02-09,75.68000030517578,98.0,hourly,25,False,1.0,0.95,75.5919,0.0012,0.0012,True,False,0.0609,0.0012,50.6653,0.3305,0.4937,True
4150,sz300912,2026-02-10,24.940000534057617,41.5099983215332,hourly,20,True,1.5,0.95,24.974,0.0014,-0.0014,False,False,0.0019,0.0014,17.2022,0.3103,0.4498,True
4151,sz301362,2026-02-10,77.0999984741211,89.97000122070312,daily,10,False,0.5,1.02,71.2934,0.0753,0.0814,True,False,0.0753,0.1681,44.2166,0.4265,0.7437,True
4152,bj920368,2026-02-10,37.5,68.0,daily,20,False,1.5,0.98,37.5567,0.0015,-0.0015,False,False,0.0015,0.2891,31.7577,0.1531,0.1808,True
4153,sz002623,2026-02-10,23.100000381469727,31.5,hourly,30,True,1.5,1.0,23.0433,0.0025,0.0025,True,False,0.0034,0.0025,18.591,0.1952,0.2425,True
4154,sz002506,2026-02-10,4.300000190734863,5.269999980926514,hourly,15,False,1.5,0.98,4.2952,0.0011,0.0011,True,False,0.1123,0.0011,2.7419,0.3624,0.5683,True
4155,sz300364,2026-02-10,25.780000686645504,43.52000045776367,daily,30,True,1.5,1.02,25.7706,0.0004,0.0004,True,False,0.0004,0.1133,26.5858,0.0313,-0.0303,False
4156,sh603163,2026-02-10,102.5999984741211,118.63999938964844,hourly,30,False,1.0,1.02,102.611,0.0001,-0.0001,False,False,0.0433,0.0001,70.6186,0.3117,0.4529,True
4157,sh603103,2026-02-10,23.04000091552734,40.40999984741211,daily,20,False,1.5,1.0,23.0183,0.0009,0.0009,True,False,0.0009,0.0803,18.2108,0.2096,0.2652,True
4158,sz002969,2026-02-10,19.950000762939453,29.600000381469727,daily,10,False,1.5,1.02,19.9939,0.0022,-0.0022,False,False,0.0022,0.0024,10.8887,0.4542,0.8322,True
4159,sz002218,2026-02-10,5.750000000000001,7.5,daily,20,False,0.5,1.0,5.7608,0.0019,-0.0019,False,False,0.0019,0.0179,4.5516,0.2084,0.2633,True
4160,sh688545,2026-02-10,46.61000061035156,59.290000915527344,daily,15,False,0.5,1.0,46.608,0.0,0.0,True,False,0.0,0.001,38.698,0.1698,0.2045,True
4161,sh600487,2026-02-10,38.380001068115234,39.70000076293945,hourly,10,False,0.5,1.02,37.0655,0.0342,0.0355,True,False,0.1245,0.0342,24.8141,0.3535,0.5467,True
4162,bj920438,2026-02-11,36.20000076293945,56.220001220703125,daily,30,True,1.5,0.98,36.1733,0.0007,0.0007,True,False,0.0007,0.2247,38.7136,0.0694,-0.0649,False
4163,sh603729,2026-02-11,15.810000419616697,23.190000534057617,daily,30,True,1.0,0.98,15.8268,0.0011,-0.0011,False,False,0.0011,0.0519,16.1621,0.0223,-0.0218,False
4164,sz300912,2026-02-11,23.799999237060547,36.0,daily,25,False,0.5,1.02,23.9217,0.0051,-0.0051,False,False,0.0051,0.0137,17.6279,0.2593,0.3501,True
4165,sz002455,2026-02-11,11.550000190734863,14.010000228881836,hourly,30,False,0.5,1.02,11.5503,0.0,-0.0,False,False,0.0603,0.0,7.3041,0.3676,0.5813,True
4166,sz300182,2026-02-11,5.480000019073487,8.710000038146973,daily,25,True,1.0,0.98,5.477,0.0006,0.0006,True,False,0.0006,0.047,5.5888,0.0198,-0.0195,False
4167,sz002723,2026-02-11,8.5600004196167,11.0,daily,30,False,1.0,1.02,8.557,0.0004,0.0004,True,False,0.0004,0.0022,8.224,0.0393,0.0409,True
4168,sh688726,2026-02-11,59.0999984741211,76.0,hourly,30,True,1.0,0.95,59.1182,0.0003,-0.0003,False,False,0.0007,0.0003,42.9355,0.2735,0.3765,True
4169,sh605287,2026-02-11,38.63999938964844,60.70000076293945,daily,25,False,1.5,1.0,38.6154,0.0006,0.0006,True,False,0.0006,0.1236,32.5459,0.1577,0.1872,True
4170,sz000510,2026-02-11,13.779999732971191,16.309999465942383,daily,30,False,0.5,1.0,13.7867,0.0005,-0.0005,False,False,0.0005,0.0206,12.0123,0.1283,0.1472,True
4171,sz301025,2026-02-11,9.800000190734863,14.800000190734863,daily,25,False,1.0,0.98,9.7963,0.0004,0.0004,True,False,0.0004,0.0349,9.8312,0.0032,-0.0032,False
4172,sz000892,2026-02-11,5.619999885559082,8.880000114440918,daily,30,True,1.5,0.95,6.4217,0.1427,-0.1248,False,False,0.1427,0.2844,7.0724,0.2584,-0.2054,False
4173,sh603980,2026-02-11,6.010000228881836,8.399999618530273,hourly,15,True,1.0,0.95,6.0082,0.0003,0.0003,True,False,0.0012,0.0003,5.1557,0.1421,0.1657,True
4174,sz002378,2026-02-11,28.0,28.3799991607666,hourly,10,False,0.5,1.02,24.9941,0.1074,0.1203,True,False,0.196,0.1074,16.0966,0.4251,0.7395,True
4175,sz001330,2026-02-11,6.440000057220459,12.0600004196167,daily,30,True,1.5,0.95,7.1809,0.1151,-0.1032,False,False,0.1151,0.4033,8.0088,0.2436,-0.1959,False
4176,sz002506,2026-02-11,4.300000190734863,5.039999961853027,hourly,30,False,1.0,1.0,4.2981,0.0005,0.0005,True,False,0.0675,0.0005,2.7796,0.3536,0.547,True
4177,sz301526,2026-02-11,10.15999984741211,11.5,hourly,10,False,0.5,1.02,9.6822,0.047,0.0494,True,False,0.1317,0.047,6.8427,0.3265,0.4848,True
4178,sz301231,2026-02-11,29.90999984741211,46.88999938964844,daily,30,True,1.0,0.95,29.977,0.0022,-0.0022,False,False,0.0022,0.2074,32.2944,0.0797,-0.0738,False
4179,sh603729,2026-02-12,15.810000419616701,20.0,daily,20,True,1.5,0.98,15.8096,0.0,0.0,True,False,0.0,0.0915,16.27,0.0291,-0.0283,False
4180,sz000070,2026-02-12,13.399999618530273,19.0,daily,20,False,0.5,1.02,13.4047,0.0004,-0.0004,False,False,0.0004,0.0013,11.2913,0.1574,0.1868,True
4181,bj920368,2026-02-12,37.5,68.0,daily,20,True,0.5,0.98,37.4563,0.0012,0.0012,True,False,0.0012,0.3535,33.3187,0.1115,0.1255,True
4182,sz300058,2026-02-12,13.500000000000005,19.899999618530277,daily,25,True,1.0,1.0,13.458,0.0031,0.0031,True,False,0.0031,0.3008,13.458,0.0031,0.0031,True
4183,sh688726,2026-02-12,59.099998474121094,82.08000183105469,hourly,30,True,1.5,0.95,59.0121,0.0015,0.0015,True,False,0.0034,0.0015,43.6081,0.2621,0.3553,True
4184,sh605287,2026-02-12,38.40999984741211,65.5,daily,15,True,1.0,1.0,38.4106,0.0,-0.0,False,False,0.0,0.1622,33.1747,0.1363,0.1578,True
4185,sz300912,2026-02-12,23.799999237060547,33.869998931884766,daily,25,False,1.0,1.02,23.7466,0.0022,0.0022,True,False,0.0022,0.0957,18.0628,0.2411,0.3176,True
4186,sh603256,2026-02-12,59.68000030517578,73.33000183105469,hourly,20,False,1.0,1.02,59.5497,0.0022,0.0022,True,False,0.0894,0.0022,37.7909,0.3668,0.5792,True
4187,sz002455,2026-02-12,11.260000228881836,14.140000343322754,daily,10,False,0.5,1.02,11.2617,0.0002,-0.0002,False,False,0.0002,0.0041,7.4313,0.34,0.5152,True
4188,sz002378,2026-02-12,30.399999618530273,31.46999931335449,hourly,10,False,0.5,1.02,26.6909,0.122,0.139,True,False,0.2306,0.122,16.3545,0.462,0.8588,True
4189,sh600397,2026-02-12,14.329999923706058,14.600000381469728,hourly,10,False,0.5,1.02,12.5002,0.1277,0.1464,True,False,0.2097,0.1277,8.2715,0.4228,0.7325,True
4190,sz002969,2026-02-12,19.950000762939453,31.549999237060547,daily,10,True,0.5,1.0,20.0149,0.0033,-0.0032,False,False,0.0033,0.0717,11.8534,0.4058,0.6831,True
4191,sz300842,2026-02-12,83.87999725341797,119.0,daily,20,True,0.5,1.02,84.1226,0.0029,-0.0029,False,False,0.0029,0.1702,73.7909,0.1203,0.1367,True
4192,sz002842,2026-02-12,29.899999618530273,37.59000015258789,hourly,15,False,1.0,0.95,29.9266,0.0009,-0.0009,False,False,0.0591,0.0009,16.9005,0.4348,0.7692,True
4193,sh603980,2026-02-12,6.010000228881836,8.739999771118164,hourly,30,True,1.0,1.0,6.01,0.0,-0.0,False,False,0.0001,0.0,5.2012,0.1346,0.1555,True
4194,sz002323,2026-02-12,2.069999933242798,2.680000066757202,hourly,25,False,1.5,1.02,2.0693,0.0004,0.0004,True,False,0.0846,0.0004,1.6441,0.2057,0.259,True
4195,bj920493,2026-02-12,145.17999267578125,183.1300048828125,hourly,20,True,1.5,0.95,145.0195,0.0011,0.0011,True,False,0.0031,0.0011,136.7144,0.0583,0.0619,True
4196,sz002931,2026-02-12,65.30000305175781,86.0,daily,30,False,0.5,0.98,65.4947,0.003,-0.003,False,False,0.003,0.3313,46.1332,0.2935,0.4155,True
4197,sh603533,2026-02-13,23.479999542236328,35.83000183105469,daily,10,True,1.0,0.95,23.521,0.0017,-0.0017,False,False,0.0017,0.0334,22.1279,0.0576,0.0611,True
4198,sh600589,2026-02-13,9.510000228881836,13.5,daily,10,True,1.0,1.0,9.5142,0.0004,-0.0004,False,False,0.0004,0.0189,8.223,0.1353,0.1565,True
4199,sz001270,2026-02-13,97.54000091552734,129.97999572753906,daily,25,True,1.5,1.0,97.3045,0.0024,0.0024,True,False,0.0024,0.1866,100.3501,0.0288,-0.028,False
4200,sh603163,2026-02-13,102.59999847412111,129.3699951171875,daily,10,False,0.5,1.0,102.7059,0.001,-0.001,False,False,0.001,0.0011,74.0198,0.2786,0.3861,True
4201,sh603929,2026-02-13,126.50000000000001,145.0,daily,10,True,1.0,0.98,126.4987,0.0,0.0,True,False,0.0,0.0262,108.4402,0.1428,0.1665,True
4202,sz002951,2026-02-13,14.25,19.479999542236328,hourly,30,True,1.0,1.0,14.2513,0.0001,-0.0001,False,False,0.0017,0.0001,13.3592,0.0625,0.0667,True
4203,bj920207,2026-02-13,26.739999771118168,31.1200008392334,daily,30,False,1.0,1.02,26.7199,0.0007,0.0008,True,False,0.0007,0.0009,24.9127,0.0683,0.0733,True
4204,sz300912,2026-02-13,23.799999237060547,33.16999816894531,daily,25,False,1.0,1.0,23.817,0.0007,-0.0007,False,False,0.0007,0.1554,18.5054,0.2225,0.2861,True
4205,sz002931,2026-02-13,65.30000305175781,90.86000061035156,daily,15,True,1.5,1.02,65.3022,0.0,-0.0,False,False,0.0,0.256,47.9066,0.2664,0.3631,True
4206,sh688031,2026-02-13,139.5800018310547,203.5,daily,25,True,0.5,1.0,140.2276,0.0046,-0.0046,False,False,0.0046,0.1886,131.6034,0.0571,0.0606,True
4207,sz300461,2026-02-13,40.61000061035156,56.77000045776367,hourly,30,True,1.5,1.0,40.6093,0.0,0.0,True,False,0.0075,0.0,24.0577,0.4076,0.688,True
4208,sz300806,2026-02-13,42.200000762939446,54.84999847412109,daily,10,False,1.5,0.95,42.1884,0.0003,0.0003,True,False,0.0003,0.0974,34.6049,0.18,0.2195,True
4209,sz000609,2026-02-13,8.699999809265137,11.0,hourly,25,False,0.5,0.95,8.6964,0.0004,0.0004,True,True,0.001,0.0004,8.0687,0.0726,0.0782,True
4210,sh688308,2026-02-13,54.369998931884766,56.2400016784668,hourly,10,False,0.5,1.02,53.6045,0.0141,0.0143,True,False,0.1318,0.0141,34.5674,0.3642,0.5729,True
4211,sz001331,2026-02-13,49.70000076293945,52.97999954223633,daily,15,False,0.5,0.98,49.6798,0.0004,0.0004,True,False,0.0004,0.0013,40.4186,0.1867,0.2296,True
4212,sh603980,2026-02-13,6.010000228881836,7.940000057220459,daily,30,False,0.5,1.02,6.005,0.0008,0.0008,True,False,0.0008,0.0019,5.2486,0.1267,0.1451,True
4213,sh688147,2026-02-13,63.90000152587892,91.5,daily,15,False,1.5,1.02,63.923,0.0004,-0.0004,False,False,0.0004,0.0411,63.4108,0.0077,0.0077,True
4214,sh600397,2026-02-13,14.329999923706056,16.18000030517578,hourly,10,False,0.5,1.02,13.8177,0.0357,0.0371,True,False,0.1718,0.0357,8.3973,0.414,0.7065,True
4215,sz300264,2026-02-24,9.149999618530273,10.859999656677246,hourly,10,False,0.5,1.02,9.1079,0.0046,0.0046,True,False,0.1351,0.0046,6.3684,0.304,0.4368,True
4216,bj920088,2026-02-24,49.02000045776368,51.400001525878906,hourly,20,True,0.5,1.02,44.8823,0.0844,0.0922,True,False,0.1556,0.0844,32.7412,0.3321,0.4972,True
4217,sz300461,2026-02-24,40.61000061035156,56.84000015258789,daily,15,False,0.5,1.0,40.6604,0.0012,-0.0012,False,False,0.0012,0.0093,24.8024,0.3893,0.6373,True
4218,sz300164,2026-02-24,12.90999984741211,12.979999542236328,hourly,20,True,0.5,1.02,11.5638,0.1043,0.1164,True,False,0.1635,0.1043,7.1958,0.4426,0.7941,True
4219,sh603256,2026-02-24,59.680000305175795,82.48999786376953,hourly,25,True,0.5,1.02,59.7441,0.0011,-0.0011,False,False,0.0033,0.0011,39.1496,0.344,0.5244,True
4220,bj920090,2026-02-24,5.75,5.75,hourly,20,False,0.5,1.02,5.7511,0.0002,-0.0002,False,False,0.0008,0.0002,6.3609,0.1062,-0.096,False
4221,bj920046,2026-02-24,27.809999465942383,28.600000381469727,hourly,10,False,0.5,1.02,27.1794,0.0227,0.0232,True,False,0.0851,0.0227,17.4438,0.3728,0.5943,True
4222,sz000603,2026-02-24,35.09000015258789,50.0,daily,30,True,1.5,1.02,35.136,0.0013,-0.0013,False,False,0.0013,0.218,37.8948,0.0799,-0.074,False
4223,sh600487,2026-02-24,39.150001525878906,42.22999954223633,hourly,30,False,0.5,1.02,39.1089,0.0011,0.0011,True,False,0.0618,0.0011,26.2604,0.3292,0.4908,True
4224,sh601869,2026-02-24,196.11999511718753,240.0,hourly,15,True,1.5,1.0,196.4196,0.0015,-0.0015,False,False,0.0578,0.0015,115.2648,0.4123,0.7015,True
4225,bj920471,2026-02-24,12.399999618530273,17.200000762939453,daily,30,True,1.5,0.98,12.4769,0.0062,-0.0062,False,False,0.0062,0.2252,13.5423,0.0921,-0.0844,False
4226,sh603163,2026-02-24,102.5999984741211,131.99000549316406,hourly,30,True,1.5,1.0,102.6298,0.0003,-0.0003,False,False,0.008,0.0003,75.2611,0.2665,0.3633,True
4227,sz002155,2026-02-24,27.10000038146973,33.77000045776367,daily,25,False,1.5,0.98,27.0878,0.0005,0.0005,True,False,0.0005,0.1171,24.5148,0.0954,0.1055,True
4228,sz300749,2026-02-24,28.819999694824222,36.0099983215332,hourly,10,False,0.5,1.02,27.6209,0.0416,0.0434,True,False,0.2358,0.0416,12.9557,0.5505,1.2245,True
4229,sz002716,2026-02-24,11.029999732971191,15.390000343322754,daily,20,True,1.0,0.98,11.0243,0.0005,0.0005,True,False,0.0005,0.1496,10.3484,0.0618,0.0659,True
4230,sz301526,2026-02-24,10.159999847412111,15.800000190734863,hourly,30,False,1.5,0.95,10.1491,0.0011,0.0011,True,False,0.0089,0.0011,7.0936,0.3018,0.4323,True
4231,sz301217,2026-02-24,34.0,47.0099983215332,hourly,20,False,1.5,1.02,34.0037,0.0001,-0.0001,False,False,0.0338,0.0001,30.7242,0.0963,0.1066,True
4232,sz301291,2026-02-24,53.70000076293946,60.4900016784668,hourly,10,False,0.5,1.02,51.5337,0.0403,0.042,True,False,0.1346,0.0403,42.7531,0.2039,0.256,True
4233,sh688480,2026-02-24,80.80000305175781,100.75,hourly,15,True,1.0,0.98,80.8042,0.0001,-0.0001,False,False,0.0025,0.0001,60.0696,0.2566,0.3451,True
4234,sz000711,2026-02-25,3.509999990463257,3.640000104904175,hourly,10,False,0.5,1.02,3.2499,0.0741,0.08,True,False,0.185,0.0741,1.9049,0.4573,0.8427,True
4235,sz301232,2026-02-25,151.24999999999997,184.0200042724609,daily,15,True,1.5,0.98,151.0132,0.0016,0.0016,True,False,0.0016,0.0482,143.4489,0.0516,0.0544,True
4236,sz300986,2026-02-25,23.19000053405762,30.88999938964844,daily,20,True,1.5,1.0,23.2063,0.0007,-0.0007,False,False,0.0007,0.2155,22.4068,0.0338,0.035,True
4237,sz300264,2026-02-25,9.149999618530273,10.9399995803833,hourly,25,False,0.5,1.02,9.1633,0.0015,-0.0014,False,False,0.0883,0.0015,6.4221,0.2981,0.4248,True
4238,sh688228,2026-02-25,100.50000000000001,123.22000122070312,daily,10,False,1.5,0.95,131.6338,0.3098,-0.2365,False,False,0.3098,0.3622,181.9683,0.8106,-0.4477,False
4239,sz002498,2026-02-25,7.230000019073485,8.149999618530273,hourly,10,False,0.5,1.02,7.1054,0.0172,0.0175,True,False,0.1568,0.0172,4.4791,0.3805,0.6141,True
4240,sz001270,2026-02-25,97.54000091552736,135.0,daily,25,True,1.5,0.98,97.6868,0.0015,-0.0015,False,False,0.0015,0.2034,102.8533,0.0545,-0.0517,False
4241,sz301362,2026-02-25,87.87999725341797,90.05000305175781,daily,10,False,0.5,1.02,75.8904,0.1364,0.158,True,False,0.1364,0.3208,49.0461,0.4419,0.7918,True
4242,sh688387,2026-02-25,13.350000381469728,15.579999923706056,daily,25,True,0.5,0.98,13.3329,0.0013,0.0013,True,False,0.0013,0.0386,12.8666,0.0362,0.0376,True
4243,sz002931,2026-02-25,65.30000305175781,87.51000213623047,daily,15,True,1.0,0.95,65.4453,0.0022,-0.0022,False,False,0.0022,0.1857,51.1492,0.2167,0.2767,True
4244,sh603616,2026-02-25,6.2800002098083505,7.920000076293945,daily,15,False,1.0,1.0,6.2889,0.0014,-0.0014,False,False,0.0014,0.038,5.5275,0.1198,0.1361,True
4245,sz301217,2026-02-25,34.0,46.83000183105469,hourly,20,True,1.0,1.02,33.9731,0.0008,0.0008,True,False,0.0034,0.0008,30.7922,0.0943,0.1042,True
4246,sz301526,2026-02-25,10.159999847412111,15.15999984741211,hourly,30,True,1.5,1.02,10.1346,0.0025,0.0025,True,False,0.007,0.0025,7.2182,0.2895,0.4075,True
4247,sh605376,2026-02-25,84.3000030517578,118.94000244140624,daily,30,False,0.5,1.0,84.1233,0.0021,0.0021,True,False,0.0021,0.0913,69.2847,0.1781,0.2167,True
4248,sh603980,2026-02-25,6.010000228881836,8.510000228881836,daily,10,True,0.5,0.95,6.0016,0.0014,0.0014,True,False,0.0014,0.0565,5.3569,0.1087,0.1219,True
4249,sz300164,2026-02-25,14.34000015258789,14.369999885559082,hourly,10,False,0.5,1.02,12.1811,0.1505,0.1772,True,False,0.2323,0.1505,7.334,0.4886,0.9553,True
4250,sh605289,2026-02-25,96.33999633789065,108.87000274658205,daily,10,False,0.5,1.02,78.536,0.1848,0.2267,True,False,0.1848,0.3052,65.0073,0.3252,0.482,True
4251,sh688480,2026-02-25,80.58000183105469,117.0,hourly,30,True,1.5,1.02,80.5034,0.001,0.001,True,False,0.0073,0.001,60.7633,0.2459,0.3261,True
4252,sh688308,2026-02-25,67.19000244140625,67.19000244140625,hourly,10,False,0.5,1.02,55.7447,0.1703,0.2053,True,False,0.2755,0.1703,35.5103,0.4715,0.8921,True
4253,sh688228,2026-02-26,100.5,129.0399932861328,hourly,10,False,1.5,0.95,120.0556,0.1946,-0.1629,False,False,0.2552,0.1946,180.3866,0.7949,-0.4429,False
4254,sz301232,2026-02-26,151.24999999999997,200.0200042724609,daily,15,False,1.5,0.95,151.1982,0.0003,0.0003,True,False,0.0003,0.0644,145.0044,0.0413,0.0431,True
4255,sz300264,2026-02-26,9.149999618530275,10.600000381469728,hourly,25,False,1.0,0.98,9.1498,0.0,0.0,True,False,0.057,0.0,6.4846,0.2913,0.411,True
4256,sz301217,2026-02-26,34.0,48.5,daily,30,False,0.5,1.02,34.0054,0.0002,-0.0002,False,False,0.0002,0.0004,30.9264,0.0904,0.0994,True
4257,sh600078,2026-02-26,10.47000026702881,14.329999923706056,daily,15,True,1.5,1.0,10.4688,0.0001,0.0001,True,False,0.0001,0.0353,10.3097,0.0153,0.0155,True
4258,sh603616,2026-02-26,6.28000020980835,8.029999732971191,daily,25,False,1.0,1.02,6.277,0.0005,0.0005,True,False,0.0005,0.0459,5.5757,0.1121,0.1263,True
4259,sh605289,2026-02-26,96.33999633789061,117.98999786376952,daily,10,False,0.5,1.02,82.0956,0.1479,0.1735,True,False,0.1479,0.2398,65.4186,0.321,0.4727,True
4260,sz300179,2026-02-26,19.899999618530277,25.520000457763672,hourly,20,True,1.0,1.0,19.9052,0.0003,-0.0003,False,False,0.0027,0.0003,15.8132,0.2054,0.2584,True
4261,sz002498,2026-02-26,7.230000019073486,8.380000114440918,hourly,10,False,0.5,0.95,7.2464,0.0023,-0.0023,False,False,0.1212,0.0023,4.5424,0.3717,0.5917,True
4262,sz000711,2026-02-26,3.5000000000000004,3.609999895095825,hourly,10,False,0.5,1.02,3.4333,0.0191,0.0194,True,False,0.1488,0.0191,1.9437,0.4447,0.8007,True
4263,sz301362,2026-02-26,87.9000015258789,89.0,daily,10,False,0.5,1.02,77.4914,0.1184,0.1343,True,False,0.1184,0.309,50.0649,0.4304,0.7557,True
4264,sz000609,2026-02-26,8.699999809265138,11.100000381469728,daily,30,False,1.0,1.02,8.6916,0.001,0.001,True,False,0.001,0.0048,8.1476,0.0635,0.0678,True
4265,sz300739,2026-02-26,23.149999618530273,32.70000076293945,hourly,10,False,1.5,0.95,23.0932,0.0025,0.0025,True,False,0.0777,0.0025,17.8001,0.2311,0.3006,True
4266,sz300943,2026-02-26,26.93000030517578,39.0,daily,10,True,1.0,1.0,26.9548,0.0009,-0.0009,False,False,0.0009,0.0699,22.9322,0.1485,0.1743,True
4267,sz300277,2026-02-26,18.079999923706055,24.950000762939453,hourly,25,True,1.0,0.98,18.0979,0.001,-0.001,False,False,0.0041,0.001,14.1356,0.2182,0.279,True
4268,sz002378,2026-02-26,30.059999465942386,38.540000915527344,hourly,25,False,1.0,1.02,30.063,0.0001,-0.0001,False,False,0.069,0.0001,17.6893,0.4115,0.6993,True
4269,sh600487,2026-02-26,40.91999816894531,42.2400016784668,hourly,10,True,0.5,1.02,40.641,0.0068,0.0069,True,False,0.081,0.0068,27.0414,0.3392,0.5132,True
4270,sz300617,2026-02-26,53.700000762939446,60.09999847412109,hourly,10,False,0.5,1.02,53.2302,0.0087,0.0088,True,False,0.1343,0.0087,36.3068,0.3239,0.4791,True
4271,sh688480,2026-02-26,80.58000183105469,119.0,hourly,25,True,1.0,0.95,80.4249,0.0019,0.0019,True,False,0.0042,0.0019,61.6043,0.2355,0.308,True
4272,sz001209,2026-02-27,18.549999237060547,34.09000015258789,daily,30,True,1.5,0.95,18.751,0.0108,-0.0107,False,False,0.0108,0.1862,20.3364,0.0963,-0.0878,False
4273,sz002350,2026-02-27,11.560000419616703,12.31999969482422,hourly,10,False,0.5,1.02,10.8357,0.0627,0.0668,True,False,0.1231,0.0627,8.6662,0.2503,0.3339,True
4274,sz002842,2026-02-27,29.510000228881836,43.130001068115234,daily,15,False,1.0,1.02,29.5191,0.0003,-0.0003,False,False,0.0003,0.0099,19.3914,0.3429,0.5218,True
4275,sh688503,2026-02-27,75.47000122070312,103.0,daily,30,False,0.5,1.0,75.4398,0.0004,0.0004,True,False,0.0004,0.0459,67.0863,0.1111,0.125,True
4276,sz300179,2026-02-27,19.899999618530273,26.81999969482422,hourly,30,True,0.5,0.98,19.9048,0.0002,-0.0002,False,False,0.0063,0.0002,15.9573,0.1981,0.2471,True
4277,bj920207,2026-02-27,26.530000686645508,32.79999923706055,daily,15,False,0.5,0.95,26.5327,0.0001,-0.0001,False,False,0.0001,0.0093,25.3617,0.044,0.0461,True
4278,sz301362,2026-02-27,89.29000091552736,99.27999877929688,daily,10,False,0.5,1.02,78.6881,0.1187,0.1347,True,False,0.1187,0.2878,51.092,0.4278,0.7476,True
4279,sz301232,2026-02-27,151.25,209.4199981689453,daily,10,False,1.5,0.95,150.8203,0.0028,0.0028,True,False,0.0028,0.076,146.4779,0.0316,0.0326,True
4280,sz301226,2026-02-27,34.13999938964844,43.18000030517578,hourly,10,False,0.5,1.02,33.5944,0.016,0.0162,True,False,0.0719,0.016,29.7779,0.1278,0.1465,True
4281,sz002865,2026-02-27,68.48000335693358,91.8000030517578,daily,30,True,0.5,0.98,68.0693,0.006,0.006,True,False,0.006,0.1549,71.1461,0.0389,-0.0375,False
4282,sz000826,2026-02-27,2.0199999809265137,2.5299999713897705,daily,15,True,1.5,0.98,2.0181,0.001,0.001,True,False,0.001,0.0413,2.1147,0.0469,-0.0448,False
4283,sz301636,2026-02-27,63.56000137329103,85.47000122070312,daily,30,False,1.0,0.95,63.5001,0.0009,0.0009,True,False,0.0009,0.2612,57.5311,0.0949,0.1048,True
4284,sh688480,2026-02-27,76.33000183105469,144.99000549316406,daily,30,False,0.5,1.02,76.2336,0.0013,0.0013,True,False,0.0013,0.054,62.3729,0.1829,0.2238,True
4285,sh688309,2026-02-27,41.970001220703125,41.970001220703125,hourly,10,False,0.5,1.02,38.9605,0.0717,0.0772,True,False,0.1814,0.0717,26.0673,0.3789,0.6101,True
4286,sz002353,2026-02-27,89.36000061035158,117.26000213623048,daily,10,False,1.5,1.02,89.3639,0.0,-0.0,False,False,0.0,0.004,75.4643,0.1555,0.1841,True
4287,sz301312,2026-02-27,75.0199966430664,92.56999969482422,daily,10,False,0.5,1.02,73.9422,0.0144,0.0146,True,False,0.0144,0.224,56.4158,0.248,0.3298,True
4288,sh688530,2026-02-27,25.80999946594238,42.4900016784668,hourly,30,True,1.5,0.95,25.8143,0.0002,-0.0002,False,False,0.0041,0.0002,18.8365,0.2702,0.3702,True
4289,sz301226,2026-03-02,34.13999938964843,47.34999847412109,hourly,10,False,1.0,1.0,34.1237,0.0005,0.0005,True,False,0.0248,0.0005,29.8272,0.1263,0.1446,True
4290,sz000070,2026-03-02,13.399999618530273,19.65999984741211,daily,15,False,1.5,0.95,13.3838,0.0012,0.0012,True,False,0.0012,0.1375,12.0759,0.0988,0.1097,True
4291,sz002667,2026-03-02,22.20999908447266,24.280000686645508,hourly,10,False,0.5,1.02,20.6802,0.0689,0.074,True,False,0.1142,0.0689,15.517,0.3014,0.4313,True
4292,sh600487,2026-03-02,40.91999816894531,50.06999969482422,hourly,15,False,0.5,0.95,40.9306,0.0003,-0.0003,False,False,0.0436,0.0003,27.8471,0.3195,0.4695,True
4293,sh688035,2026-03-02,53.79999923706055,76.06999969482422,daily,10,False,1.5,1.02,53.833,0.0006,-0.0006,False,False,0.0006,0.0114,49.4449,0.081,0.0881,True
4294,sh605289,2026-03-02,93.69000244140625,133.16000366210938,daily,10,False,0.5,1.02,91.048,0.0282,0.029,True,False,0.0282,0.1051,66.6563,0.2885,0.4056,True
4295,sh688028,2026-03-02,82.80000305175781,123.97000122070312,hourly,30,True,1.0,0.95,82.7408,0.0007,0.0007,True,False,0.0032,0.0007,70.4937,0.1486,0.1746,True
4296,sz002378,2026-03-02,30.05999946594238,43.84999847412109,hourly,25,True,1.5,1.02,30.0696,0.0003,-0.0003,False,False,0.0069,0.0003,18.6268,0.3803,0.6138,True
4297,sz002842,2026-03-02,29.51000022888184,45.720001220703125,daily,10,False,1.5,0.95,29.4333,0.0026,0.0026,True,False,0.0026,0.0406,19.9632,0.3235,0.4782,True
4298,sh600331,2026-03-02,13.739999771118166,21.63999938964844,daily,15,True,1.5,0.98,13.7519,0.0009,-0.0009,False,False,0.0009,0.1755,13.2318,0.037,0.0384,True
4299,sz000510,2026-03-02,13.779999732971191,23.40999984741211,daily,20,False,1.5,0.95,13.7784,0.0001,0.0001,True,False,0.0001,0.121,12.9344,0.0614,0.0654,True
4300,bj920571,2026-03-03,9.8100004196167,14.520000457763672,daily,30,True,0.5,1.02,9.8077,0.0002,0.0002,True,False,0.0002,0.0008,9.3804,0.0438,0.0458,True
4301,bj920010,2026-03-03,11.909999847412108,17.530000686645508,hourly,15,False,0.5,1.02,11.8582,0.0044,0.0044,True,False,0.0108,0.0044,11.1664,0.0624,0.0666,True
4302,sh603616,2026-03-03,6.1500000953674325,7.690000057220459,daily,10,True,1.5,0.98,6.1458,0.0007,0.0007,True,False,0.0007,0.1062,5.7282,0.0686,0.0736,True
4303,bj920351,2026-03-03,17.469999313354496,27.899999618530277,daily,10,False,1.5,0.95,17.4287,0.0024,0.0024,True,False,0.0024,0.1431,21.4937,0.2303,-0.1872,False
4304,sz301302,2026-03-03,21.329999923706055,32.4900016784668,daily,25,True,1.5,0.95,21.3615,0.0015,-0.0015,False,False,0.0015,0.0856,22.9823,0.0775,-0.0719,False
4305,sz300157,2026-03-03,6.38000011444092,9.199999809265137,hourly,20,True,1.0,0.98,6.371,0.0014,0.0014,True,False,0.0036,0.0014,4.9444,0.225,0.2903,True
4306,sz301362,2026-03-03,89.29000091552736,113.0,daily,10,False,0.5,1.02,84.8168,0.0501,0.0527,True,False,0.0501,0.1845,53.2533,0.4036,0.6767,True
4307,sz002207,2026-03-03,9.300000190734863,14.18000030517578,daily,15,True,1.0,1.02,9.297,0.0003,0.0003,True,False,0.0003,0.0688,8.434,0.0931,0.1027,True
4308,bj920088,2026-03-03,53.38000106811524,90.0,hourly,30,False,1.0,1.02,53.3797,0.0,0.0,True,False,0.0316,0.0,34.6165,0.3515,0.542,True
4309,sh600367,2026-03-03,20.329999923706055,24.280000686645508,hourly,30,False,1.0,0.98,20.3271,0.0001,0.0001,True,False,0.0028,0.0001,17.605,0.134,0.1548,True
4310,bj920260,2026-03-03,9.8100004196167,13.510000228881836,daily,10,False,1.5,0.95,9.9014,0.0093,-0.0092,False,False,0.0093,0.0602,11.0754,0.129,-0.1143,False
4311,sz301158,2026-03-03,23.579999923706055,34.029998779296875,daily,20,False,1.0,1.0,23.5769,0.0001,0.0001,True,False,0.0001,0.0641,22.4431,0.0482,0.0507,True
4312,sz300164,2026-03-03,14.65999984741211,22.0,hourly,25,False,0.5,0.98,14.6502,0.0007,0.0007,True,False,0.0196,0.0007,8.0754,0.4492,0.8154,True
4313,sh600714,2026-03-03,17.40999984741211,21.0,hourly,25,False,1.0,1.0,17.4049,0.0003,0.0003,True,False,0.0004,0.0003,13.3396,0.2338,0.3051,True
4314,sz002506,2026-03-03,4.4600000381469735,4.940000057220459,hourly,30,False,0.5,0.95,4.4594,0.0001,0.0001,True,False,0.0038,0.0001,3.1389,0.2962,0.4209,True
4315,sz300393,2026-03-03,9.199999809265138,11.220000267028809,hourly,30,False,0.5,0.95,9.2033,0.0004,-0.0004,False,False,0.0041,0.0004,7.3775,0.1981,0.247,True
4316,bj920207,2026-03-03,26.530000686645508,35.0,daily,10,False,1.0,0.98,26.4954,0.0013,0.0013,True,False,0.0013,0.0222,25.562,0.0365,0.0379,True
4317,bj920571,2026-03-04,9.8100004196167,12.800000190734863,hourly,25,True,1.5,1.02,9.8136,0.0004,-0.0004,False,False,0.0012,0.0004,9.3478,0.0471,0.0494,True
4318,bj920088,2026-03-04,53.380001068115234,78.0,hourly,25,True,0.5,1.02,53.4209,0.0008,-0.0008,False,False,0.0473,0.0008,35.0314,0.3437,0.5238,True
4319,bj920010,2026-03-04,11.90999984741211,14.109999656677246,hourly,30,False,1.5,0.95,11.8834,0.0022,0.0022,True,False,0.0119,0.0022,11.1384,0.0648,0.0693,True
4320,bj920021,2026-03-04,8.579999923706055,11.460000038146973,daily,25,True,1.5,0.98,8.5478,0.0038,0.0038,True,False,0.0038,0.1845,9.3497,0.0897,-0.0823,False
4321,sz000711,2026-03-04,3.3299999237060547,4.010000228881836,hourly,10,False,1.5,0.95,3.3353,0.0016,-0.0016,False,False,0.0753,0.0016,1.9851,0.4039,0.6775,True
4322,sz002969,2026-03-04,21.389999389648438,21.989999771118164,hourly,15,False,1.5,1.0,21.3677,0.001,0.001,True,False,0.0011,0.001,15.3159,0.284,0.3966,True
4323,sz300157,2026-03-04,6.15999984741211,8.859999656677246,daily,10,False,1.0,1.0,6.1724,0.002,-0.002,False,False,0.002,0.0048,4.9949,0.1891,0.2333,True
4324,sz002207,2026-03-04,9.140000343322754,13.529999732971191,daily,15,True,0.5,0.95,9.1321,0.0009,0.0009,True,False,0.0009,0.122,8.5353,0.0662,0.0709,True
4325,sz002490,2026-03-04,9.350000381469727,11.890000343322754,hourly,10,True,0.5,0.98,9.3486,0.0001,0.0001,True,False,0.0026,0.0001,7.2931,0.22,0.282,True
4326,sh600871,2026-03-04,2.799999952316284,4.159999847412109,daily,20,False,1.5,1.0,2.8028,0.001,-0.001,False,False,0.001,0.0546,2.5105,0.1034,0.1153,True
4327,sh600722,2026-03-04,11.100000381469728,11.100000381469728,hourly,10,False,0.5,1.02,11.0616,0.0035,0.0035,True,False,0.1129,0.0035,6.938,0.375,0.5999,True
4328,sh603619,2026-03-04,33.09999847412109,45.34999847412109,daily,15,False,1.0,1.0,33.1226,0.0007,-0.0007,False,False,0.0007,0.0015,26.6572,0.1946,0.2417,True
4329,sh600714,2026-03-04,16.139999389648438,22.200000762939453,hourly,25,True,0.5,0.95,16.1378,0.0001,0.0001,True,False,0.0004,0.0001,13.4704,0.1654,0.1982,True
4330,sz301362,2026-03-04,89.29000091552733,120.3000030517578,daily,10,False,0.5,1.02,87.661,0.0182,0.0186,True,False,0.0182,0.1354,54.4396,0.3903,0.6402,True
4331,bj920299,2026-03-04,22.200000762939457,30.100000381469727,daily,25,False,1.0,0.98,22.216,0.0007,-0.0007,False,False,0.0007,0.0596,21.4522,0.0337,0.0349,True
4332,sz300164,2026-03-04,14.65999984741211,22.0,hourly,20,True,1.0,1.0,14.7102,0.0034,-0.0034,False,False,0.0238,0.0034,8.2846,0.4349,0.7695,True
4333,sz000554,2026-03-04,8.119999885559082,11.4399995803833,daily,15,False,0.5,0.95,8.1153,0.0006,0.0006,True,False,0.0006,0.0034,7.1109,0.1243,0.1419,True
4334,sz300393,2026-03-04,9.199999809265137,12.260000228881836,daily,10,False,1.0,1.02,9.1971,0.0003,0.0003,True,False,0.0003,0.0018,7.4502,0.1902,0.2349,True
4335,sh600498,2026-03-04,41.58000183105469,59.0,daily,20,False,1.0,1.02,41.5932,0.0003,-0.0003,False,False,0.0003,0.0085,34.52,0.1698,0.2045,True
4336,bj920571,2026-03-05,9.810000419616701,11.699999809265137,daily,10,False,0.5,1.0,9.7973,0.0013,0.0013,True,False,0.0013,0.0022,9.3252,0.0494,0.052,True
4337,bj920014,2026-03-05,12.38000011444092,16.68000030517578,daily,15,True,0.5,1.0,12.4032,0.0019,-0.0019,False,False,0.0019,0.0023,11.9007,0.0387,0.0403,True
4338,bj920010,2026-03-05,11.699999809265137,14.0,hourly,30,True,1.0,1.0,11.7021,0.0002,-0.0002,False,False,0.0007,0.0002,11.1147,0.05,0.0527,True
4339,sz300461,2026-03-05,40.61000061035157,56.9900016784668,daily,25,False,0.5,0.98,40.5647,0.0011,0.0011,True,False,0.0011,0.1458,30.1251,0.2582,0.348,True
4340,sz002969,2026-03-05,20.700000762939457,23.399999618530277,hourly,10,True,1.0,0.98,20.6958,0.0002,0.0002,True,False,0.0006,0.0002,15.6193,0.2454,0.3253,True
4341,sh600875,2026-03-05,34.75,43.0099983215332,hourly,25,False,0.5,0.98,34.7391,0.0003,0.0003,True,False,0.0359,0.0003,25.3419,0.2707,0.3712,True
4342,sz300658,2026-03-05,21.15999984741211,27.739999771118164,hourly,30,False,1.5,0.98,21.2067,0.0022,-0.0022,False,False,0.0207,0.0022,13.5908,0.3577,0.5569,True
4343,sz002800,2026-03-05,16.76000022888184,23.399999618530277,daily,20,True,0.5,0.98,16.8159,0.0033,-0.0033,False,False,0.0033,0.1373,16.1415,0.0369,0.0383,True
4344,sz300277,2026-03-05,17.469999313354496,25.01000022888184,daily,10,True,1.0,1.0,17.473,0.0002,-0.0002,False,False,0.0002,0.1016,14.9708,0.1431,0.1669,True
4345,sz002350,2026-03-05,13.020000457763674,13.800000190734863,hourly,10,False,0.5,1.02,12.733,0.022,0.0225,True,False,0.1565,0.022,8.8817,0.3178,0.4659,True
4346,sh600714,2026-03-05,16.139999389648438,23.68000030517578,daily,25,False,0.5,1.02,16.1206,0.0012,0.0012,True,False,0.0012,0.0016,13.601,0.1573,0.1867,True
4347,bj920833,2026-03-05,14.579999923706055,20.86000061035156,daily,25,True,1.5,0.95,15.4094,0.0569,-0.0538,False,False,0.0569,0.1922,16.5772,0.137,-0.1205,False
4348,bj920351,2026-03-05,17.200000762939453,23.670000076293945,daily,10,False,1.5,0.95,17.0119,0.0109,0.0111,True,False,0.0109,0.1854,21.3093,0.2389,-0.1928,False
4349,sz002490,2026-03-05,9.0,12.8100004196167,hourly,30,True,1.0,1.02,8.9933,0.0007,0.0007,True,False,0.0035,0.0007,7.3733,0.1807,0.2206,True
4350,sh600487,2026-03-05,40.91999816894531,49.369998931884766,hourly,20,True,1.5,0.95,40.8861,0.0008,0.0008,True,False,0.0048,0.0008,29.2421,0.2854,0.3994,True
4351,bj920046,2026-03-05,24.280000686645508,32.56999969482422,daily,10,True,0.5,0.95,24.3104,0.0013,-0.0013,False,False,0.0013,0.0421,19.551,0.1948,0.2419,True
4352,bj920299,2026-03-05,22.200000762939453,30.489999771118164,daily,10,True,1.5,1.0,22.2153,0.0007,-0.0007,False,False,0.0007,0.0707,21.5717,0.0283,0.0291,True
4353,sz301373,2026-03-05,56.36000061035156,58.0,hourly,10,False,0.5,1.02,46.1723,0.1808,0.2206,True,False,0.2874,0.1808,33.2715,0.4097,0.6939,True
4354,sh601126,2026-03-05,39.70000076293945,50.72999954223633,daily,10,False,1.0,0.98,39.5817,0.003,0.003,True,False,0.003,0.0044,33.4409,0.1577,0.1872,True
4355,sz002498,2026-03-06,7.510000228881837,9.84000015258789,hourly,25,False,1.5,0.95,7.5186,0.0011,-0.0011,False,False,0.0034,0.0011,5.0377,0.3292,0.4908,True
4356,sz300323,2026-03-06,9.109999656677246,11.260000228881836,hourly,15,False,1.0,1.0,9.1223,0.0014,-0.0013,False,False,0.0092,0.0014,7.9574,0.1265,0.1448,True
4357,sz002378,2026-03-06,29.719999313354496,44.47999954223633,daily,25,False,0.5,1.02,29.7211,0.0,-0.0,False,False,0.0,0.1031,20.7995,0.3002,0.4289,True
4358,sz300461,2026-03-06,40.61000061035156,59.0,daily,20,False,1.5,1.02,40.5663,0.0011,0.0011,True,False,0.0011,0.1536,30.8874,0.2394,0.3148,True
4359,bj920090,2026-03-06,5.7800002098083505,7.349999904632568,daily,10,True,1.0,1.0,5.7738,0.0011,0.0011,True,False,0.0011,0.0032,6.1515,0.0643,-0.0604,False
4360,bj920471,2026-03-06,11.999999999999998,15.149999618530272,daily,30,True,1.5,0.95,12.4794,0.04,-0.0384,False,False,0.04,0.1321,14.0399,0.17,-0.1453,False
4361,sh688176,2026-03-06,12.319999694824219,16.90999984741211,hourly,25,False,1.0,1.0,12.2979,0.0018,0.0018,True,False,0.0116,0.0018,11.534,0.0638,0.0681,True
4362,sz300209,2026-03-06,8.539999961853027,8.90999984741211,hourly,30,True,0.5,1.02,7.7227,0.0957,0.1058,True,False,0.135,0.0957,6.1466,0.2803,0.3894,True
4363,sz300658,2026-03-06,21.159999847412113,28.1299991607666,hourly,25,True,1.0,1.0,21.1199,0.0019,0.0019,True,False,0.0072,0.0019,13.8337,0.3462,0.5296,True
4364,sh600875,2026-03-06,34.75,42.11000061035156,hourly,25,False,1.5,0.95,34.7586,0.0002,-0.0002,False,False,0.0078,0.0002,25.6618,0.2615,0.3542,True
4365,sh600590,2026-03-06,12.4399995803833,15.800000190734863,daily,10,False,1.0,0.98,12.412,0.0023,0.0023,True,False,0.0023,0.0024,10.3346,0.1692,0.2037,True
4366,bj920046,2026-03-06,24.280000686645508,31.799999237060547,daily,15,True,0.5,1.0,24.3035,0.001,-0.001,False,False,0.001,0.0548,19.8464,0.1826,0.2234,True
4367,sz000988,2026-03-06,99.87000274658205,112.0,hourly,10,False,1.0,1.0,99.9223,0.0005,-0.0005,False,False,0.1019,0.0005,75.0712,0.2483,0.3303,True
4368,sz300831,2026-03-06,15.819999694824219,20.920000076293945,hourly,15,True,1.5,1.02,15.8434,0.0015,-0.0015,False,False,0.0303,0.0015,12.8517,0.1876,0.231,True
4369,sz301373,2026-03-06,56.36000061035156,65.7699966430664,hourly,10,False,0.5,1.02,50.3433,0.1068,0.1195,True,False,0.2433,0.1068,33.4959,0.4057,0.6826,True
4370,bj920375,2026-03-09,13.329999923706055,20.11000061035156,daily,15,True,1.5,1.02,13.3362,0.0005,-0.0005,False,False,0.0005,0.1549,13.5152,0.0139,-0.0137,False
4371,sz002498,2026-03-09,7.510000228881836,9.970000267028809,daily,15,False,0.5,1.02,7.5128,0.0004,-0.0004,False,False,0.0004,0.0004,5.1455,0.3148,0.4595,True
4372,bj920014,2026-03-09,12.0,15.0,daily,30,False,0.5,0.95,11.9805,0.0016,0.0016,True,False,0.0016,0.0346,11.8645,0.0113,0.0114,True
4373,sh601567,2026-03-09,24.000000000000004,32.349998474121094,daily,15,False,1.5,0.98,23.998,0.0001,0.0001,True,False,0.0001,0.0005,23.3753,0.026,0.0267,True
4374,bj920088,2026-03-09,50.22000122070313,62.0,daily,20,False,0.5,0.98,50.3011,0.0016,-0.0016,False,False,0.0016,0.0836,36.7734,0.2678,0.3657,True
4375,bj920090,2026-03-09,5.78000020980835,7.929999828338623,daily,30,False,1.5,1.0,5.7923,0.0021,-0.0021,False,False,0.0021,0.0024,6.1395,0.0622,-0.0586,False
4376,sz002667,2026-03-09,23.110000610351562,28.0,hourly,10,True,0.5,0.98,23.1272,0.0007,-0.0007,False,False,0.0464,0.0007,16.3718,0.2916,0.4116,True
4377,bj920571,2026-03-09,9.8100004196167,10.119999885559082,daily,30,True,0.5,1.02,9.812,0.0002,-0.0002,False,False,0.0002,0.0089,9.3082,0.0512,0.0539,True
4378,sz002470,2026-03-09,2.6800000667572026,2.789999961853028,hourly,30,False,1.0,1.02,2.6807,0.0002,-0.0002,False,False,0.0539,0.0002,1.9292,0.2802,0.3892,True
4379,sh600590,2026-03-09,12.4399995803833,16.8799991607666,daily,10,False,1.5,1.02,12.4706,0.0025,-0.0025,False,False,0.0025,0.0048,10.4427,0.1606,0.1913,True
4380,bj920207,2026-03-09,26.20999908447265,38.09999847412109,daily,10,False,1.5,1.0,26.2136,0.0001,-0.0001,False,False,0.0001,0.0834,25.9897,0.0084,0.0085,True
4381,bj920046,2026-03-09,23.81999969482422,36.5,daily,25,False,1.0,1.02,23.9086,0.0037,-0.0037,False,False,0.0037,0.0915,20.1228,0.1552,0.1837,True
4382,sh600673,2026-03-09,28.600000381469727,40.5,hourly,30,True,1.0,0.95,28.5418,0.002,0.002,True,False,0.0034,0.002,24.7318,0.1353,0.1564,True
4383,bj920010,2026-03-09,11.100000381469727,12.510000228881836,daily,30,True,1.5,1.02,11.1016,0.0001,-0.0001,False,False,0.0001,0.0248,11.098,0.0002,0.0002,True
4384,sz300017,2026-03-09,15.949999809265138,20.649999618530277,daily,15,True,1.0,1.02,15.9586,0.0005,-0.0005,False,False,0.0005,0.0014,13.7858,0.1357,0.157,True
4385,sz301120,2026-03-09,20.40999984741211,28.600000381469727,daily,10,False,1.5,1.0,20.3988,0.0005,0.0005,True,False,0.0005,0.0437,18.9262,0.0727,0.0784,True
4386,sz000534,2026-03-09,35.02999877929688,47.0,hourly,20,False,1.0,0.95,35.0288,0.0,0.0,True,False,0.0103,0.0,25.6276,0.2684,0.3669,True
4387,sh688176,2026-03-09,12.319999694824219,17.34000015258789,hourly,20,True,0.5,0.98,12.314,0.0005,0.0005,True,False,0.0019,0.0005,11.5528,0.0623,0.0664,True
4388,bj920375,2026-03-10,13.329999923706055,19.270000457763672,daily,15,False,0.5,0.95,13.3404,0.0008,-0.0008,False,False,0.0008,0.0492,13.4992,0.0127,-0.0125,False
4389,sz000988,2026-03-10,99.87000274658203,122.98999786376952,hourly,15,True,0.5,0.98,99.9938,0.0012,-0.0012,False,False,0.033,0.0012,76.0667,0.2383,0.3129,True
4390,sh688191,2026-03-10,38.0,54.68999862670898,daily,15,False,1.5,0.98,37.9722,0.0007,0.0007,True,False,0.0007,0.0436,33.7856,0.1109,0.1247,True
4391,sh601789,2026-03-10,5.289999961853027,6.880000114440918,daily,10,False,1.5,1.0,5.2909,0.0002,-0.0002,False,False,0.0002,0.0012,5.0557,0.0443,0.0463,True
4392,sz301373,2026-03-10,56.36000061035156,78.0,hourly,15,False,0.5,0.95,56.5169,0.0028,-0.0028,False,False,0.1053,0.0028,34.2806,0.3918,0.6441,True
4393,sz300257,2026-03-10,27.0,35.619998931884766,hourly,10,False,0.5,1.02,26.1154,0.0328,0.0339,True,False,0.1355,0.0328,16.9525,0.3721,0.5927,True
4394,sz000533,2026-03-10,13.600000381469727,18.190000534057617,hourly,10,True,1.0,0.95,13.6146,0.0011,-0.0011,False,False,0.0176,0.0011,9.4192,0.3074,0.4439,True
4395,bj920014,2026-03-10,12.000000000000002,15.859999656677246,daily,20,False,1.0,1.02,12.0111,0.0009,-0.0009,False,False,0.0009,0.0621,11.8589,0.0118,0.0119,True
4396,sz002350,2026-03-10,13.22000026702881,15.06999969482422,hourly,15,False,0.5,1.0,13.2387,0.0014,-0.0014,False,False,0.1036,0.0014,9.1175,0.3103,0.45,True
4397,bj920368,2026-03-10,33.00000000000001,43.97999954223633,daily,30,True,1.5,0.95,34.4181,0.043,-0.0412,False,False,0.043,0.1607,40.9776,0.2417,-0.1947,False
4398,sh688158,2026-03-10,39.209999084472656,51.47999954223633,hourly,10,False,0.5,0.95,39.1872,0.0006,0.0006,True,False,0.0209,0.0006,30.7542,0.2157,0.2749,True
4399,sh603618,2026-03-10,17.729999542236328,20.440000534057617,hourly,10,False,1.0,0.95,17.7201,0.0006,0.0006,True,False,0.0404,0.0006,10.5521,0.4048,0.6802,True
4400,sz002506,2026-03-10,4.199999809265137,6.0,daily,20,False,0.5,0.95,4.2001,0.0,-0.0,False,False,0.0,0.0706,3.3945,0.1918,0.2373,True
4401,sh688530,2026-03-10,25.809999465942383,34.90999984741211,daily,25,False,1.0,0.98,25.8064,0.0001,0.0001,True,False,0.0001,0.1412,21.5792,0.1639,0.1961,True
4402,sz300749,2026-03-10,25.8799991607666,36.84000015258789,daily,15,False,1.0,1.0,25.7965,0.0032,0.0032,True,False,0.0032,0.0782,17.2726,0.3326,0.4983,True
4403,sh688035,2026-03-10,52.900001525878906,74.0,daily,25,False,1.5,1.0,52.8892,0.0002,0.0002,True,False,0.0002,0.1397,51.3663,0.029,0.0299,True
4404,sz300819,2026-03-10,38.06999969482422,56.16999816894531,daily,30,False,1.5,0.95,37.9993,0.0019,0.0019,True,False,0.0019,0.287,36.7245,0.0353,0.0366,True
4405,bj920375,2026-03-11,13.329999923706055,19.0,daily,10,True,1.0,1.0,13.3202,0.0007,0.0007,True,False,0.0007,0.0123,13.4993,0.0127,-0.0125,False
4406,bj920014,2026-03-11,12.0,17.600000381469727,daily,15,True,0.5,0.95,11.9965,0.0003,0.0003,True,False,0.0003,0.0864,11.8667,0.0111,0.0112,True
4407,sh601789,2026-03-11,5.289999961853028,7.300000190734863,daily,15,True,0.5,1.02,5.2885,0.0003,0.0003,True,False,0.0003,0.0008,5.0724,0.0411,0.0429,True
4408,sz000988,2026-03-11,99.87000274658203,133.74000549316406,hourly,30,False,1.0,0.95,99.8077,0.0006,0.0006,True,False,0.0075,0.0006,76.7498,0.2315,0.3012,True
4409,sz002350,2026-03-11,13.22000026702881,15.100000381469728,hourly,15,True,1.0,1.02,13.2239,0.0003,-0.0003,False,False,0.0744,0.0003,9.2116,0.3032,0.4351,True
4410,sz300164,2026-03-11,13.600000381469728,20.700000762939453,daily,25,False,0.5,1.0,13.6124,0.0009,-0.0009,False,False,0.0009,0.1656,9.5337,0.299,0.4265,True
4411,sz300257,2026-03-11,27.000000000000004,35.689998626708984,hourly,25,False,1.0,1.0,27.0051,0.0002,-0.0002,False,False,0.0718,0.0002,17.2162,0.3624,0.5683,True
4412,sz000533,2026-03-11,13.60000038146973,17.309999465942383,hourly,15,True,1.5,0.95,13.5715,0.0021,0.0021,True,False,0.0029,0.0021,9.5708,0.2963,0.421,True
4413,sz002470,2026-03-11,2.680000066757202,3.0,hourly,30,False,1.0,0.98,2.6808,0.0003,-0.0003,False,False,0.0215,0.0003,1.9713,0.2644,0.3595,True
4414,sz301265,2026-03-11,19.020000457763672,22.239999771118164,hourly,15,False,1.0,1.0,18.9958,0.0013,0.0013,True,False,0.1047,0.0013,13.5816,0.2859,0.4004,True
4415,bj920779,2026-03-11,31.200000762939457,36.90999984741211,hourly,30,True,0.5,0.98,31.1915,0.0003,0.0003,True,False,0.0011,0.0003,33.4351,0.0716,-0.0668,False
4416,sz003035,2026-03-11,7.15999984741211,10.06999969482422,daily,20,False,0.5,0.98,7.172,0.0017,-0.0017,False,False,0.0017,0.0366,5.8491,0.1831,0.2241,True
4417,sh603778,2026-03-11,20.010000228881836,20.81999969482422,hourly,10,False,0.5,1.02,17.9304,0.1039,0.116,True,False,0.2167,0.1039,13.6698,0.3169,0.4638,True
4418,sh600227,2026-03-11,3.4100000858306885,4.039999961853027,hourly,10,True,1.0,1.02,3.4115,0.0004,-0.0004,False,False,0.0994,0.0004,2.4816,0.2723,0.3741,True
4419,sh688158,2026-03-11,39.20999908447266,51.5,hourly,30,False,0.5,0.95,39.2098,0.0,0.0,True,False,0.0067,0.0,31.0677,0.2077,0.2621,True
4420,sz301396,2026-03-11,125.0,126.0,daily,10,False,0.5,1.02,97.4562,0.2204,0.2826,True,False,0.2204,0.3747,77.0933,0.3833,0.6214,True
4421,sh603588,2026-03-11,12.890000343322756,15.109999656677246,hourly,30,False,1.0,1.0,12.8931,0.0002,-0.0002,False,False,0.019,0.0002,9.481,0.2645,0.3596,True
4422,sz001267,2026-03-11,36.79999923706055,47.9900016784668,hourly,25,False,1.5,0.98,36.7573,0.0012,0.0012,True,False,0.0296,0.0012,24.2959,0.3398,0.5147,True
